run,name,batch_size,kind,muon_lr,sgd_lr_mult,train_loss,val_loss,train_acc,val_acc,tta_val_acc,final_post_loss_mean,wall_time_seconds,cuda_time_seconds,final_applied_lr,final_searched_lr,final_best_lr_ema
0,muon_bs500_lr0.1216_sgd1,500,fixed,0.1216,1,0.9117,1.0073,0.9889,0.9309,0.9401,0.91165278,17.6751,14.509,0.000152,NA,NA
2,min_loss_bs500_lr0.1216_sgd1,500,min_loss const,0.1216,1,0.9497,1.0553,0.9708,0.904,0.9185,0.9497217,40.6786,37.5317,0.033877272,0.033877272,0.033877272
4,min_loss_muon2_decay_bs500_lr0.1216_sgd1,500,min_loss 2->0.01,0.1216,1,0.9317,1.0188,0.9796,0.9243,0.9345,0.93165425,40.4265,37.2621,0.00030852287,0.030852287,0.030852287
1,muon_bs2000_lr0.2375_sgd0.8,2000,fixed,0.2375,0.8,0.9091,1.0142,0.9925,0.9282,0.9421,0.90911015,15.1503,12.2872,0.0011875,NA,NA
3,min_loss_bs2000_lr0.2375_sgd0.8,2000,min_loss const,0.2375,0.8,0.9671,1.0817,0.9737,0.9025,0.9125,0.96709061,27.7685,24.8749,0.054511938,0.054511938,0.054511938
5,min_loss_muon2_decay_bs2000_lr0.2375_sgd0.8,2000,min_loss 2->0.01,0.2375,0.8,0.9064,1.0174,0.994,0.9296,0.9397,0.90643884,27.5908,24.6859,0.00037961619,0.037961619,0.037961619
