run,N,M,final_k_granularity,cooldown_final_k_granularity,search,interval,step,is_cooldown,cooldown_for_k,initial_muon_lr,best_k,best_muon_lr,interval_steps,cooldown_steps,interval_loss,final_loss,evaluated_lrs
0,1,0,1.0,1.0,run0_bs2000_N1_M0_G1_CG1_interval0_step0,0,0,False,,0.2,1.0,0.12,1,0,2.220125,2.220125,4
0,1,0,1.0,1.0,run0_bs2000_N1_M0_G1_CG1_interval1_step1,1,1,False,,0.12,0.0,0.2,1,0,2.223818,2.223818,4
0,1,0,1.0,1.0,run0_bs2000_N1_M0_G1_CG1_interval2_step2,2,2,False,,0.2,1.0,0.12,1,0,1.978225,1.978225,4
0,1,0,1.0,1.0,run0_bs2000_N1_M0_G1_CG1_interval3_step3,3,3,False,,0.12,1.0,0.12,1,0,1.732918,1.732918,3
0,1,0,1.0,1.0,run0_bs2000_N1_M0_G1_CG1_interval4_step4,4,4,False,,0.12,3.0,0.043,1,0,1.532634,1.532634,5
0,1,0,1.0,1.0,run0_bs2000_N1_M0_G1_CG1_interval5_step5,5,5,False,,0.043,2.0,0.072,1,0,1.34455,1.34455,4
0,1,0,1.0,1.0,run0_bs2000_N1_M0_G1_CG1_interval6_step6,6,6,False,,0.072,4.0,0.026,1,0,1.269017,1.269017,5
0,1,0,1.0,1.0,run0_bs2000_N1_M0_G1_CG1_interval7_step7,7,7,False,,0.026,3.0,0.043,1,0,1.126692,1.126692,4
0,1,0,1.0,1.0,run0_bs2000_N1_M0_G1_CG1_interval8_step8,8,8,False,,0.043,4.0,0.026,1,0,1.064713,1.064713,4
0,1,0,1.0,1.0,run0_bs2000_N1_M0_G1_CG1_interval9_step9,9,9,False,,0.026,4.0,0.026,1,0,1.010179,1.010179,3
0,1,0,1.0,1.0,run0_bs2000_N1_M0_G1_CG1_interval10_step10,10,10,False,,0.026,4.0,0.026,1,0,0.985403,0.985403,3
0,1,0,1.0,1.0,run0_bs2000_N1_M0_G1_CG1_interval11_step11,11,11,False,,0.026,4.0,0.026,1,0,0.951629,0.951629,3
0,1,0,1.0,1.0,run0_bs2000_N1_M0_G1_CG1_interval12_step12,12,12,False,,0.026,5.0,0.016,1,0,0.939462,0.939462,4
0,1,0,1.0,1.0,run0_bs2000_N1_M0_G1_CG1_interval13_step13,13,13,False,,0.016,5.0,0.016,1,0,0.91324,0.91324,3
0,1,0,1.0,1.0,run0_bs2000_N1_M0_G1_CG1_interval14_step14,14,14,False,,0.016,6.0,0.0093,1,0,0.902914,0.902914,4
0,1,0,1.0,1.0,run0_bs2000_N1_M0_G1_CG1_interval15_step15,15,15,False,,0.0093,5.0,0.016,1,0,0.894363,0.894363,4
0,1,0,1.0,1.0,run0_bs2000_N1_M0_G1_CG1_interval16_step16,16,16,False,,0.016,7.0,0.0056,1,0,0.887134,0.887134,5
0,1,0,1.0,1.0,run0_bs2000_N1_M0_G1_CG1_interval17_step17,17,17,False,,0.0056,7.0,0.0056,1,0,0.88389,0.88389,3
0,1,0,1.0,1.0,run0_bs2000_N1_M0_G1_CG1_interval18_step18,18,18,False,,0.0056,7.0,0.0056,1,0,0.881623,0.881623,3
0,1,0,1.0,1.0,run0_bs2000_N1_M0_G1_CG1_interval19_step19,19,19,False,,0.0056,8.0,0.0034,1,0,0.880854,0.880854,4
0,1,0,1.0,1.0,run0_bs2000_N1_M0_G1_CG1_interval20_step20,20,20,False,,0.0034,7.0,0.0056,1,0,0.877918,0.877918,4
0,1,0,1.0,1.0,run0_bs2000_N1_M0_G1_CG1_interval21_step21,21,21,False,,0.0056,9.0,0.002,1,0,0.877399,0.877399,5
0,1,0,1.0,1.0,run0_bs2000_N1_M0_G1_CG1_interval22_step22,22,22,False,,0.002,8.0,0.0034,1,0,0.875714,0.875714,4
0,1,0,1.0,1.0,run0_bs2000_N1_M0_G1_CG1_interval23_step23,23,23,False,,0.0034,9.0,0.002,1,0,0.875175,0.875175,4
0,1,0,1.0,1.0,run0_bs2000_N1_M0_G1_CG1_interval24_step24,24,24,False,,0.002,8.0,0.0034,1,0,0.874494,0.874494,4
0,1,0,1.0,1.0,run0_bs2000_N1_M0_G1_CG1_interval25_step25,25,25,False,,0.0034,10.0,0.0012,1,0,0.874104,0.874104,5
0,1,0,1.0,1.0,run0_bs2000_N1_M0_G1_CG1_interval26_step26,26,26,False,,0.0012,9.0,0.002,1,0,0.87345,0.87345,4
0,1,0,1.0,1.0,run0_bs2000_N1_M0_G1_CG1_interval27_step27,27,27,False,,0.002,8.0,0.0034,1,0,0.872926,0.872926,4
0,1,0,1.0,1.0,run0_bs2000_N1_M0_G1_CG1_interval28_step28,28,28,False,,0.0034,10.0,0.0012,1,0,0.872471,0.872471,5
0,1,0,1.0,1.0,run0_bs2000_N1_M0_G1_CG1_interval29_step29,29,29,False,,0.0012,10.0,0.0012,1,0,0.872123,0.872123,3
0,1,0,1.0,1.0,run0_bs2000_N1_M0_G1_CG1_interval30_step30,30,30,False,,0.0012,9.0,0.002,1,0,0.87166,0.87166,4
0,1,0,1.0,1.0,run0_bs2000_N1_M0_G1_CG1_interval31_step31,31,31,False,,0.002,10.0,0.0012,1,0,0.871466,0.871466,4
0,1,0,1.0,1.0,run0_bs2000_N1_M0_G1_CG1_interval32_step32,32,32,False,,0.0012,9.0,0.002,1,0,0.871091,0.871091,4
0,1,0,1.0,1.0,run0_bs2000_N1_M0_G1_CG1_interval33_step33,33,33,False,,0.002,11.0,0.00073,1,0,0.870953,0.870953,5
0,1,0,1.0,1.0,run0_bs2000_N1_M0_G1_CG1_interval34_step34,34,34,False,,0.00073,10.0,0.0012,1,0,0.870692,0.870692,4
0,1,0,1.0,1.0,run0_bs2000_N1_M0_G1_CG1_interval35_step35,35,35,False,,0.0012,9.0,0.002,1,0,0.870458,0.870458,4
0,1,0,1.0,1.0,run0_bs2000_N1_M0_G1_CG1_interval36_step36,36,36,False,,0.002,11.0,0.00073,1,0,0.870246,0.870246,5
0,1,0,1.0,1.0,run0_bs2000_N1_M0_G1_CG1_interval37_step37,37,37,False,,0.00073,11.0,0.00073,1,0,0.870118,0.870118,3
0,1,0,1.0,1.0,run0_bs2000_N1_M0_G1_CG1_interval38_step38,38,38,False,,0.00073,10.0,0.0012,1,0,0.869912,0.869912,4
0,1,0,1.0,1.0,run0_bs2000_N1_M0_G1_CG1_interval39_step39,39,39,False,,0.0012,11.0,0.00073,1,0,0.869824,0.869824,4
0,1,0,1.0,1.0,run0_bs2000_N1_M0_G1_CG1_interval40_step40,40,40,False,,0.00073,10.0,0.0012,1,0,0.869644,0.869644,4
0,1,0,1.0,1.0,run0_bs2000_N1_M0_G1_CG1_interval41_step41,41,41,False,,0.0012,12.0,0.00044,1,0,0.869598,0.869598,5
0,1,0,1.0,1.0,run0_bs2000_N1_M0_G1_CG1_interval42_step42,42,42,False,,0.00044,11.0,0.00073,1,0,0.869435,0.869435,4
0,1,0,1.0,1.0,run0_bs2000_N1_M0_G1_CG1_interval43_step43,43,43,False,,0.00073,10.0,0.0012,1,0,0.869281,0.869281,4
0,1,0,1.0,1.0,run0_bs2000_N1_M0_G1_CG1_interval44_step44,44,44,False,,0.0012,11.0,0.00073,1,0,0.869203,0.869203,4
0,1,0,1.0,1.0,run0_bs2000_N1_M0_G1_CG1_interval45_step45,45,45,False,,0.00073,10.0,0.0012,1,0,0.869064,0.869064,4
0,1,0,1.0,1.0,run0_bs2000_N1_M0_G1_CG1_interval46_step46,46,46,False,,0.0012,12.0,0.00044,1,0,0.86903,0.86903,5
0,1,0,1.0,1.0,run0_bs2000_N1_M0_G1_CG1_interval47_step47,47,47,False,,0.00044,11.0,0.00073,1,0,0.868901,0.868901,4
0,1,0,1.0,1.0,run0_bs2000_N1_M0_G1_CG1_interval48_step48,48,48,False,,0.00073,10.0,0.0012,1,0,0.868812,0.868812,4
0,1,0,1.0,1.0,run0_bs2000_N1_M0_G1_CG1_interval49_step49,49,49,False,,0.0012,11.0,0.00073,1,0,0.868739,0.868739,4
1,1,1,1.0,1.0,run1_bs2000_N1_M1_G1_CG1_interval0_step0_cooldown_for_k-1,0,0,True,-1.0,0.2,-1.0,0.33,1,,2.222638,,4
1,1,1,1.0,1.0,run1_bs2000_N1_M1_G1_CG1_interval0_step0_cooldown_for_k0,0,0,True,0.0,0.2,-1.0,0.33,1,,2.224636,,4
1,1,1,1.0,1.0,run1_bs2000_N1_M1_G1_CG1_interval0_step0_cooldown_for_k1,0,0,True,1.0,0.2,-1.0,0.33,1,,2.24929,,4
1,1,1,1.0,1.0,run1_bs2000_N1_M1_G1_CG1_interval0_step0_cooldown_for_k-2,0,0,True,-2.0,0.2,-1.0,0.33,1,,2.252837,,4
1,1,1,1.0,1.0,run1_bs2000_N1_M1_G1_CG1_interval0_step0,0,0,False,,0.2,-1.0,0.33,1,1,2.251061,2.222638,4
1,1,1,1.0,1.0,run1_bs2000_N1_M1_G1_CG1_interval1_step1_cooldown_for_k-2,1,1,True,-2.0,0.33,11.0,0.00073,1,,2.049931,,15
1,1,1,1.0,1.0,run1_bs2000_N1_M1_G1_CG1_interval1_step1_cooldown_for_k-1,1,1,True,-1.0,0.33,16.0,5.6e-05,1,,2.03967,,20
1,1,1,1.0,1.0,run1_bs2000_N1_M1_G1_CG1_interval1_step1_cooldown_for_k0,1,1,True,0.0,0.33,2.0,0.072,1,,2.144625,,6
1,1,1,1.0,1.0,run1_bs2000_N1_M1_G1_CG1_interval1_step1,1,1,False,,0.33,-1.0,0.33,1,1,2.583069,2.03967,3
1,1,1,1.0,1.0,run1_bs2000_N1_M1_G1_CG1_interval2_step2_cooldown_for_k-2,2,2,True,-2.0,5.6e-05,52.0,5.8e-13,1,,2.002749,,39
1,1,1,1.0,1.0,run1_bs2000_N1_M1_G1_CG1_interval2_step2_cooldown_for_k-1,2,2,True,-1.0,5.6e-05,41.0,1.6e-10,1,,1.960751,,28
1,1,1,1.0,1.0,run1_bs2000_N1_M1_G1_CG1_interval2_step2_cooldown_for_k0,2,2,True,0.0,5.6e-05,34.0,5.7e-09,1,,1.928648,,21
1,1,1,1.0,1.0,run1_bs2000_N1_M1_G1_CG1_interval2_step2_cooldown_for_k1,2,2,True,1.0,5.6e-05,32.0,1.6e-08,1,,1.909885,,19
1,1,1,1.0,1.0,run1_bs2000_N1_M1_G1_CG1_interval2_step2_cooldown_for_k2,2,2,True,2.0,5.6e-05,30.0,4.4e-08,1,,1.908641,,17
1,1,1,1.0,1.0,run1_bs2000_N1_M1_G1_CG1_interval2_step2_cooldown_for_k3,2,2,True,3.0,5.6e-05,30.0,4.4e-08,1,,1.92089,,17
1,1,1,1.0,1.0,run1_bs2000_N1_M1_G1_CG1_interval2_step2,2,2,False,,0.33,2.0,0.072,1,1,2.023135,1.908641,6
1,1,1,1.0,1.0,run1_bs2000_N1_M1_G1_CG1_interval3_step3_cooldown_for_k1,3,3,True,1.0,4.4e-08,34.0,5.7e-09,1,,1.729599,,7
1,1,1,1.0,1.0,run1_bs2000_N1_M1_G1_CG1_interval3_step3_cooldown_for_k2,3,3,True,2.0,4.4e-08,35.0,3.4e-09,1,,1.742938,,8
1,1,1,1.0,1.0,run1_bs2000_N1_M1_G1_CG1_interval3_step3_cooldown_for_k3,3,3,True,3.0,4.4e-08,36.0,2.1e-09,1,,1.76901,,9
1,1,1,1.0,1.0,run1_bs2000_N1_M1_G1_CG1_interval3_step3_cooldown_for_k0,3,3,True,0.0,4.4e-08,34.0,5.7e-09,1,,1.754068,,7
1,1,1,1.0,1.0,run1_bs2000_N1_M1_G1_CG1_interval3_step3,3,3,False,,0.072,1.0,0.12,1,1,1.833902,1.729599,4
1,1,1,1.0,1.0,run1_bs2000_N1_M1_G1_CG1_interval4_step4_cooldown_for_k0,4,4,True,0.0,5.7e-09,35.0,3.4e-09,1,,1.728589,,4
1,1,1,1.0,1.0,run1_bs2000_N1_M1_G1_CG1_interval4_step4_cooldown_for_k1,4,4,True,1.0,5.7e-09,35.0,3.4e-09,1,,1.624082,,4
1,1,1,1.0,1.0,run1_bs2000_N1_M1_G1_CG1_interval4_step4_cooldown_for_k2,4,4,True,2.0,5.7e-09,35.0,3.4e-09,1,,1.596086,,4
1,1,1,1.0,1.0,run1_bs2000_N1_M1_G1_CG1_interval4_step4_cooldown_for_k3,4,4,True,3.0,5.7e-09,35.0,3.4e-09,1,,1.607351,,4
1,1,1,1.0,1.0,run1_bs2000_N1_M1_G1_CG1_interval4_step4,4,4,False,,0.12,2.0,0.072,1,1,1.707218,1.596086,4
1,1,1,1.0,1.0,run1_bs2000_N1_M1_G1_CG1_interval5_step5_cooldown_for_k1,5,5,True,1.0,3.4e-09,39.0,4.5e-10,1,,1.590068,,7
1,1,1,1.0,1.0,run1_bs2000_N1_M1_G1_CG1_interval5_step5_cooldown_for_k2,5,5,True,2.0,3.4e-09,39.0,4.5e-10,1,,1.527454,,7
1,1,1,1.0,1.0,run1_bs2000_N1_M1_G1_CG1_interval5_step5_cooldown_for_k3,5,5,True,3.0,3.4e-09,39.0,4.5e-10,1,,1.51794,,7
1,1,1,1.0,1.0,run1_bs2000_N1_M1_G1_CG1_interval5_step5_cooldown_for_k4,5,5,True,4.0,3.4e-09,39.0,4.5e-10,1,,1.531742,,7
1,1,1,1.0,1.0,run1_bs2000_N1_M1_G1_CG1_interval5_step5,5,5,False,,0.072,3.0,0.043,1,1,1.669912,1.51794,4
1,1,1,1.0,1.0,run1_bs2000_N1_M1_G1_CG1_interval6_step6_cooldown_for_k2,6,6,True,2.0,4.5e-10,42.0,9.6e-11,1,,1.469771,,6
1,1,1,1.0,1.0,run1_bs2000_N1_M1_G1_CG1_interval6_step6_cooldown_for_k3,6,6,True,3.0,4.5e-10,42.0,9.6e-11,1,,1.441998,,6
1,1,1,1.0,1.0,run1_bs2000_N1_M1_G1_CG1_interval6_step6_cooldown_for_k4,6,6,True,4.0,4.5e-10,42.0,9.6e-11,1,,1.444606,,6
1,1,1,1.0,1.0,run1_bs2000_N1_M1_G1_CG1_interval6_step6,6,6,False,,0.043,3.0,0.043,1,1,1.555879,1.441998,3
1,1,1,1.0,1.0,run1_bs2000_N1_M1_G1_CG1_interval7_step7_cooldown_for_k2,7,7,True,2.0,9.6e-11,45.0,2.1e-11,1,,1.399058,,6
1,1,1,1.0,1.0,run1_bs2000_N1_M1_G1_CG1_interval7_step7_cooldown_for_k3,7,7,True,3.0,9.6e-11,45.0,2.1e-11,1,,1.36623,,6
1,1,1,1.0,1.0,run1_bs2000_N1_M1_G1_CG1_interval7_step7_cooldown_for_k4,7,7,True,4.0,9.6e-11,45.0,2.1e-11,1,,1.37107,,6
1,1,1,1.0,1.0,run1_bs2000_N1_M1_G1_CG1_interval7_step7,7,7,False,,0.043,3.0,0.043,1,1,1.488297,1.36623,3
1,1,1,1.0,1.0,run1_bs2000_N1_M1_G1_CG1_interval8_step8_cooldown_for_k2,8,8,True,2.0,2.1e-11,48.0,4.5e-12,1,,1.34276,,6
1,1,1,1.0,1.0,run1_bs2000_N1_M1_G1_CG1_interval8_step8_cooldown_for_k3,8,8,True,3.0,2.1e-11,48.0,4.5e-12,1,,1.302846,,6
1,1,1,1.0,1.0,run1_bs2000_N1_M1_G1_CG1_interval8_step8_cooldown_for_k4,8,8,True,4.0,2.1e-11,48.0,4.5e-12,1,,1.307041,,6
1,1,1,1.0,1.0,run1_bs2000_N1_M1_G1_CG1_interval8_step8,8,8,False,,0.043,3.0,0.043,1,1,1.43287,1.302846,3
1,1,1,1.0,1.0,run1_bs2000_N1_M1_G1_CG1_interval9_step9_cooldown_for_k2,9,9,True,2.0,4.5e-12,51.0,9.7e-13,1,,1.300934,,6
1,1,1,1.0,1.0,run1_bs2000_N1_M1_G1_CG1_interval9_step9_cooldown_for_k3,9,9,True,3.0,4.5e-12,51.0,9.7e-13,1,,1.242547,,6
1,1,1,1.0,1.0,run1_bs2000_N1_M1_G1_CG1_interval9_step9_cooldown_for_k4,9,9,True,4.0,4.5e-12,52.0,5.8e-13,1,,1.242074,,7
1,1,1,1.0,1.0,run1_bs2000_N1_M1_G1_CG1_interval9_step9_cooldown_for_k5,9,9,True,5.0,4.5e-12,52.0,5.8e-13,1,,1.255044,,7
1,1,1,1.0,1.0,run1_bs2000_N1_M1_G1_CG1_interval9_step9,9,9,False,,0.043,4.0,0.026,1,1,1.362244,1.242074,4
1,1,1,1.0,1.0,run1_bs2000_N1_M1_G1_CG1_interval10_step10_cooldown_for_k3,10,10,True,3.0,5.8e-13,56.0,7.5e-14,1,,1.21629,,7
1,1,1,1.0,1.0,run1_bs2000_N1_M1_G1_CG1_interval10_step10_cooldown_for_k4,10,10,True,4.0,5.8e-13,56.0,7.5e-14,1,,1.204183,,7
1,1,1,1.0,1.0,run1_bs2000_N1_M1_G1_CG1_interval10_step10_cooldown_for_k5,10,10,True,5.0,5.8e-13,56.0,7.5e-14,1,,1.208443,,7
1,1,1,1.0,1.0,run1_bs2000_N1_M1_G1_CG1_interval10_step10,10,10,False,,0.026,4.0,0.026,1,1,1.317418,1.204183,3
1,1,1,1.0,1.0,run1_bs2000_N1_M1_G1_CG1_interval11_step11_cooldown_for_k3,11,11,True,3.0,7.5e-14,60.0,9.8e-15,1,,1.168074,,7
1,1,1,1.0,1.0,run1_bs2000_N1_M1_G1_CG1_interval11_step11_cooldown_for_k4,11,11,True,4.0,7.5e-14,60.0,9.8e-15,1,,1.1502,,7
1,1,1,1.0,1.0,run1_bs2000_N1_M1_G1_CG1_interval11_step11_cooldown_for_k5,11,11,True,5.0,7.5e-14,61.0,5.9e-15,1,,1.154305,,8
1,1,1,1.0,1.0,run1_bs2000_N1_M1_G1_CG1_interval11_step11,11,11,False,,0.026,4.0,0.026,1,1,1.245008,1.1502,3
1,1,1,1.0,1.0,run1_bs2000_N1_M1_G1_CG1_interval12_step12_cooldown_for_k3,12,12,True,3.0,9.8e-15,64.0,1.3e-15,1,,1.14581,,7
1,1,1,1.0,1.0,run1_bs2000_N1_M1_G1_CG1_interval12_step12_cooldown_for_k4,12,12,True,4.0,9.8e-15,64.0,1.3e-15,1,,1.118744,,7
1,1,1,1.0,1.0,run1_bs2000_N1_M1_G1_CG1_interval12_step12_cooldown_for_k5,12,12,True,5.0,9.8e-15,64.0,1.3e-15,1,,1.117314,,7
1,1,1,1.0,1.0,run1_bs2000_N1_M1_G1_CG1_interval12_step12_cooldown_for_k6,12,12,True,6.0,9.8e-15,64.0,1.3e-15,1,,1.122783,,7
1,1,1,1.0,1.0,run1_bs2000_N1_M1_G1_CG1_interval12_step12,12,12,False,,0.026,5.0,0.016,1,1,1.174873,1.117314,4
1,1,1,1.0,1.0,run1_bs2000_N1_M1_G1_CG1_interval13_step13_cooldown_for_k4,13,13,True,4.0,1.3e-15,68.0,1.6e-16,1,,1.070093,,7
1,1,1,1.0,1.0,run1_bs2000_N1_M1_G1_CG1_interval13_step13_cooldown_for_k5,13,13,True,5.0,1.3e-15,68.0,1.6e-16,1,,1.07499,,7
1,1,1,1.0,1.0,run1_bs2000_N1_M1_G1_CG1_interval13_step13_cooldown_for_k6,13,13,True,6.0,1.3e-15,69.0,9.9e-17,1,,1.083872,,8
1,1,1,1.0,1.0,run1_bs2000_N1_M1_G1_CG1_interval13_step13_cooldown_for_k3,13,13,True,3.0,1.3e-15,68.0,1.6e-16,1,,1.098728,,7
1,1,1,1.0,1.0,run1_bs2000_N1_M1_G1_CG1_interval13_step13,13,13,False,,0.016,4.0,0.026,1,1,1.126543,1.070093,4
1,1,1,1.0,1.0,run1_bs2000_N1_M1_G1_CG1_interval14_step14_cooldown_for_k3,14,14,True,3.0,1.6e-16,70.0,5.9e-17,1,,1.079257,,5
1,1,1,1.0,1.0,run1_bs2000_N1_M1_G1_CG1_interval14_step14_cooldown_for_k4,14,14,True,4.0,1.6e-16,71.0,3.5e-17,1,,1.044382,,6
1,1,1,1.0,1.0,run1_bs2000_N1_M1_G1_CG1_interval14_step14_cooldown_for_k5,14,14,True,5.0,1.6e-16,71.0,3.5e-17,1,,1.041284,,6
1,1,1,1.0,1.0,run1_bs2000_N1_M1_G1_CG1_interval14_step14_cooldown_for_k6,14,14,True,6.0,1.6e-16,71.0,3.5e-17,1,,1.04783,,6
1,1,1,1.0,1.0,run1_bs2000_N1_M1_G1_CG1_interval14_step14,14,14,False,,0.026,5.0,0.016,1,1,1.091815,1.041284,4
1,1,1,1.0,1.0,run1_bs2000_N1_M1_G1_CG1_interval15_step15_cooldown_for_k4,15,15,True,4.0,3.5e-17,74.0,7.7e-18,1,,1.015549,,6
1,1,1,1.0,1.0,run1_bs2000_N1_M1_G1_CG1_interval15_step15_cooldown_for_k5,15,15,True,5.0,3.5e-17,74.0,7.7e-18,1,,1.015501,,6
1,1,1,1.0,1.0,run1_bs2000_N1_M1_G1_CG1_interval15_step15_cooldown_for_k6,15,15,True,6.0,3.5e-17,74.0,7.7e-18,1,,1.022013,,6
1,1,1,1.0,1.0,run1_bs2000_N1_M1_G1_CG1_interval15_step15,15,15,False,,0.016,5.0,0.016,1,1,1.071939,1.015501,3
1,1,1,1.0,1.0,run1_bs2000_N1_M1_G1_CG1_interval16_step16_cooldown_for_k4,16,16,True,4.0,7.7e-18,77.0,1.7e-18,1,,0.99521,,6
1,1,1,1.0,1.0,run1_bs2000_N1_M1_G1_CG1_interval16_step16_cooldown_for_k5,16,16,True,5.0,7.7e-18,77.0,1.7e-18,1,,0.992246,,6
1,1,1,1.0,1.0,run1_bs2000_N1_M1_G1_CG1_interval16_step16_cooldown_for_k6,16,16,True,6.0,7.7e-18,77.0,1.7e-18,1,,0.9971,,6
1,1,1,1.0,1.0,run1_bs2000_N1_M1_G1_CG1_interval16_step16,16,16,False,,0.016,5.0,0.016,1,1,1.037974,0.992246,3
1,1,1,1.0,1.0,run1_bs2000_N1_M1_G1_CG1_interval17_step17_cooldown_for_k4,17,17,True,4.0,1.7e-18,80.0,3.6e-19,1,,0.975125,,6
1,1,1,1.0,1.0,run1_bs2000_N1_M1_G1_CG1_interval17_step17_cooldown_for_k5,17,17,True,5.0,1.7e-18,80.0,3.6e-19,1,,0.971025,,6
1,1,1,1.0,1.0,run1_bs2000_N1_M1_G1_CG1_interval17_step17_cooldown_for_k6,17,17,True,6.0,1.7e-18,81.0,2.1e-19,1,,0.974375,,7
1,1,1,1.0,1.0,run1_bs2000_N1_M1_G1_CG1_interval17_step17,17,17,False,,0.016,5.0,0.016,1,1,1.007022,0.971025,3
1,1,1,1.0,1.0,run1_bs2000_N1_M1_G1_CG1_interval18_step18_cooldown_for_k4,18,18,True,4.0,3.6e-19,84.0,4.6e-20,1,,0.967564,,7
1,1,1,1.0,1.0,run1_bs2000_N1_M1_G1_CG1_interval18_step18_cooldown_for_k5,18,18,True,5.0,3.6e-19,84.0,4.6e-20,1,,0.958538,,7
1,1,1,1.0,1.0,run1_bs2000_N1_M1_G1_CG1_interval18_step18_cooldown_for_k6,18,18,True,6.0,3.6e-19,84.0,4.6e-20,1,,0.959577,,7
1,1,1,1.0,1.0,run1_bs2000_N1_M1_G1_CG1_interval18_step18,18,18,False,,0.016,5.0,0.016,1,1,0.991864,0.958538,3
1,1,1,1.0,1.0,run1_bs2000_N1_M1_G1_CG1_interval19_step19_cooldown_for_k4,19,19,True,4.0,4.6e-20,86.0,1.7e-20,1,,0.966991,,5
1,1,1,1.0,1.0,run1_bs2000_N1_M1_G1_CG1_interval19_step19_cooldown_for_k5,19,19,True,5.0,4.6e-20,86.0,1.7e-20,1,,0.95146,,5
1,1,1,1.0,1.0,run1_bs2000_N1_M1_G1_CG1_interval19_step19_cooldown_for_k6,19,19,True,6.0,4.6e-20,87.0,1e-20,1,,0.947627,,6
1,1,1,1.0,1.0,run1_bs2000_N1_M1_G1_CG1_interval19_step19_cooldown_for_k7,19,19,True,7.0,4.6e-20,87.0,1e-20,1,,0.9491,,6
1,1,1,1.0,1.0,run1_bs2000_N1_M1_G1_CG1_interval19_step19,19,19,False,,0.016,6.0,0.0093,1,1,0.971758,0.947627,4
1,1,1,1.0,1.0,run1_bs2000_N1_M1_G1_CG1_interval20_step20_cooldown_for_k5,20,20,True,5.0,1e-20,89.0,3.6e-21,1,,0.944182,,5
1,1,1,1.0,1.0,run1_bs2000_N1_M1_G1_CG1_interval20_step20_cooldown_for_k6,20,20,True,6.0,1e-20,89.0,3.6e-21,1,,0.940056,,5
1,1,1,1.0,1.0,run1_bs2000_N1_M1_G1_CG1_interval20_step20_cooldown_for_k7,20,20,True,7.0,1e-20,89.0,3.6e-21,1,,0.940914,,5
1,1,1,1.0,1.0,run1_bs2000_N1_M1_G1_CG1_interval20_step20,20,20,False,,0.0093,6.0,0.0093,1,1,0.971569,0.940056,3
1,1,1,1.0,1.0,run1_bs2000_N1_M1_G1_CG1_interval21_step21_cooldown_for_k5,21,21,True,5.0,3.6e-21,91.0,1.3e-21,1,,0.93488,,5
1,1,1,1.0,1.0,run1_bs2000_N1_M1_G1_CG1_interval21_step21_cooldown_for_k6,21,21,True,6.0,3.6e-21,91.0,1.3e-21,1,,0.932744,,5
1,1,1,1.0,1.0,run1_bs2000_N1_M1_G1_CG1_interval21_step21_cooldown_for_k7,21,21,True,7.0,3.6e-21,91.0,1.3e-21,1,,0.934913,,5
1,1,1,1.0,1.0,run1_bs2000_N1_M1_G1_CG1_interval21_step21,21,21,False,,0.0093,6.0,0.0093,1,1,0.966213,0.932744,3
1,1,1,1.0,1.0,run1_bs2000_N1_M1_G1_CG1_interval22_step22_cooldown_for_k5,22,22,True,5.0,1.3e-21,94.0,2.8e-22,1,,0.92969,,6
1,1,1,1.0,1.0,run1_bs2000_N1_M1_G1_CG1_interval22_step22_cooldown_for_k6,22,22,True,6.0,1.3e-21,94.0,2.8e-22,1,,0.926449,,6
1,1,1,1.0,1.0,run1_bs2000_N1_M1_G1_CG1_interval22_step22_cooldown_for_k7,22,22,True,7.0,1.3e-21,94.0,2.8e-22,1,,0.928093,,6
1,1,1,1.0,1.0,run1_bs2000_N1_M1_G1_CG1_interval22_step22,22,22,False,,0.0093,6.0,0.0093,1,1,0.955454,0.926449,3
1,1,1,1.0,1.0,run1_bs2000_N1_M1_G1_CG1_interval23_step23_cooldown_for_k5,23,23,True,5.0,2.8e-22,96.0,1e-22,1,,0.923928,,5
1,1,1,1.0,1.0,run1_bs2000_N1_M1_G1_CG1_interval23_step23_cooldown_for_k6,23,23,True,6.0,2.8e-22,97.0,6e-23,1,,0.920392,,6
1,1,1,1.0,1.0,run1_bs2000_N1_M1_G1_CG1_interval23_step23_cooldown_for_k7,23,23,True,7.0,2.8e-22,97.0,6e-23,1,,0.920922,,6
1,1,1,1.0,1.0,run1_bs2000_N1_M1_G1_CG1_interval23_step23,23,23,False,,0.0093,6.0,0.0093,1,1,0.946246,0.920392,3
1,1,1,1.0,1.0,run1_bs2000_N1_M1_G1_CG1_interval24_step24_cooldown_for_k5,24,24,True,5.0,6e-23,100.0,1.3e-23,1,,0.922468,,6
1,1,1,1.0,1.0,run1_bs2000_N1_M1_G1_CG1_interval24_step24_cooldown_for_k6,24,24,True,6.0,6e-23,100.0,1.3e-23,1,,0.917549,,6
1,1,1,1.0,1.0,run1_bs2000_N1_M1_G1_CG1_interval24_step24_cooldown_for_k7,24,24,True,7.0,6e-23,100.0,1.3e-23,1,,0.917384,,6
1,1,1,1.0,1.0,run1_bs2000_N1_M1_G1_CG1_interval24_step24_cooldown_for_k8,24,24,True,8.0,6e-23,100.0,1.3e-23,1,,0.918446,,6
1,1,1,1.0,1.0,run1_bs2000_N1_M1_G1_CG1_interval24_step24,24,24,False,,0.0093,7.0,0.0056,1,1,0.940175,0.917384,4
1,1,1,1.0,1.0,run1_bs2000_N1_M1_G1_CG1_interval25_step25_cooldown_for_k6,25,25,True,6.0,1.3e-23,104.0,1.7e-24,1,,0.912107,,7
1,1,1,1.0,1.0,run1_bs2000_N1_M1_G1_CG1_interval25_step25_cooldown_for_k7,25,25,True,7.0,1.3e-23,105.0,1e-24,1,,0.912528,,8
1,1,1,1.0,1.0,run1_bs2000_N1_M1_G1_CG1_interval25_step25_cooldown_for_k8,25,25,True,8.0,1.3e-23,105.0,1e-24,1,,0.913572,,8
1,1,1,1.0,1.0,run1_bs2000_N1_M1_G1_CG1_interval25_step25_cooldown_for_k5,25,25,True,5.0,1.3e-23,103.0,2.8e-24,1,,0.920098,,6
1,1,1,1.0,1.0,run1_bs2000_N1_M1_G1_CG1_interval25_step25,25,25,False,,0.0056,6.0,0.0093,1,1,0.925534,0.912107,4
1,1,1,1.0,1.0,run1_bs2000_N1_M1_G1_CG1_interval26_step26_cooldown_for_k5,26,26,True,5.0,1.7e-24,107.0,3.7e-25,1,,0.913367,,6
1,1,1,1.0,1.0,run1_bs2000_N1_M1_G1_CG1_interval26_step26_cooldown_for_k6,26,26,True,6.0,1.7e-24,108.0,2.2e-25,1,,0.907163,,7
1,1,1,1.0,1.0,run1_bs2000_N1_M1_G1_CG1_interval26_step26_cooldown_for_k7,26,26,True,7.0,1.7e-24,108.0,2.2e-25,1,,0.90694,,7
1,1,1,1.0,1.0,run1_bs2000_N1_M1_G1_CG1_interval26_step26_cooldown_for_k8,26,26,True,8.0,1.7e-24,108.0,2.2e-25,1,,0.90785,,7
1,1,1,1.0,1.0,run1_bs2000_N1_M1_G1_CG1_interval26_step26,26,26,False,,0.0093,7.0,0.0056,1,1,0.916529,0.90694,4
1,1,1,1.0,1.0,run1_bs2000_N1_M1_G1_CG1_interval27_step27_cooldown_for_k6,27,27,True,6.0,2.2e-25,111.0,4.7e-26,1,,0.903954,,6
1,1,1,1.0,1.0,run1_bs2000_N1_M1_G1_CG1_interval27_step27_cooldown_for_k7,27,27,True,7.0,2.2e-25,111.0,4.7e-26,1,,0.902873,,6
1,1,1,1.0,1.0,run1_bs2000_N1_M1_G1_CG1_interval27_step27_cooldown_for_k8,27,27,True,8.0,2.2e-25,112.0,2.8e-26,1,,0.90317,,7
1,1,1,1.0,1.0,run1_bs2000_N1_M1_G1_CG1_interval27_step27,27,27,False,,0.0056,7.0,0.0056,1,1,0.912,0.902873,3
1,1,1,1.0,1.0,run1_bs2000_N1_M1_G1_CG1_interval28_step28_cooldown_for_k6,28,28,True,6.0,4.7e-26,115.0,6.1e-27,1,,0.900745,,7
1,1,1,1.0,1.0,run1_bs2000_N1_M1_G1_CG1_interval28_step28_cooldown_for_k7,28,28,True,7.0,4.7e-26,115.0,6.1e-27,1,,0.899585,,7
1,1,1,1.0,1.0,run1_bs2000_N1_M1_G1_CG1_interval28_step28_cooldown_for_k8,28,28,True,8.0,4.7e-26,116.0,3.7e-27,1,,0.899906,,8
1,1,1,1.0,1.0,run1_bs2000_N1_M1_G1_CG1_interval28_step28,28,28,False,,0.0056,7.0,0.0056,1,1,0.90721,0.899585,3
1,1,1,1.0,1.0,run1_bs2000_N1_M1_G1_CG1_interval29_step29_cooldown_for_k6,29,29,True,6.0,6.1e-27,118.0,1.3e-27,1,,0.898867,,6
1,1,1,1.0,1.0,run1_bs2000_N1_M1_G1_CG1_interval29_step29_cooldown_for_k7,29,29,True,7.0,6.1e-27,119.0,8e-28,1,,0.89694,,7
1,1,1,1.0,1.0,run1_bs2000_N1_M1_G1_CG1_interval29_step29_cooldown_for_k8,29,29,True,8.0,6.1e-27,120.0,4.8e-28,1,,0.896909,,8
1,1,1,1.0,1.0,run1_bs2000_N1_M1_G1_CG1_interval29_step29_cooldown_for_k9,29,29,True,9.0,6.1e-27,120.0,4.8e-28,1,,0.89726,,8
1,1,1,1.0,1.0,run1_bs2000_N1_M1_G1_CG1_interval29_step29,29,29,False,,0.0056,8.0,0.0034,1,1,0.901752,0.896909,4
1,1,1,1.0,1.0,run1_bs2000_N1_M1_G1_CG1_interval30_step30_cooldown_for_k7,30,30,True,7.0,4.8e-28,124.0,6.2e-29,1,,0.89453,,7
1,1,1,1.0,1.0,run1_bs2000_N1_M1_G1_CG1_interval30_step30_cooldown_for_k8,30,30,True,8.0,4.8e-28,124.0,6.2e-29,1,,0.894725,,7
1,1,1,1.0,1.0,run1_bs2000_N1_M1_G1_CG1_interval30_step30_cooldown_for_k9,30,30,True,9.0,4.8e-28,125.0,3.7e-29,1,,0.895186,,8
1,1,1,1.0,1.0,run1_bs2000_N1_M1_G1_CG1_interval30_step30_cooldown_for_k6,30,30,True,6.0,4.8e-28,123.0,1e-28,1,,0.896461,,6
1,1,1,1.0,1.0,run1_bs2000_N1_M1_G1_CG1_interval30_step30,30,30,False,,0.0034,7.0,0.0056,1,1,0.899873,0.89453,4
1,1,1,1.0,1.0,run1_bs2000_N1_M1_G1_CG1_interval31_step31_cooldown_for_k6,31,31,True,6.0,6.2e-29,126.0,2.2e-29,1,,0.895356,,5
1,1,1,1.0,1.0,run1_bs2000_N1_M1_G1_CG1_interval31_step31_cooldown_for_k7,31,31,True,7.0,6.2e-29,127.0,1.3e-29,1,,0.892755,,6
1,1,1,1.0,1.0,run1_bs2000_N1_M1_G1_CG1_interval31_step31_cooldown_for_k8,31,31,True,8.0,6.2e-29,128.0,8e-30,1,,0.892511,,7
1,1,1,1.0,1.0,run1_bs2000_N1_M1_G1_CG1_interval31_step31_cooldown_for_k9,31,31,True,9.0,6.2e-29,128.0,8e-30,1,,0.892804,,7
1,1,1,1.0,1.0,run1_bs2000_N1_M1_G1_CG1_interval31_step31,31,31,False,,0.0056,8.0,0.0034,1,1,0.896525,0.892511,4
1,1,1,1.0,1.0,run1_bs2000_N1_M1_G1_CG1_interval32_step32_cooldown_for_k7,32,32,True,7.0,8e-30,133.0,6.2e-31,1,,0.891915,,8
1,1,1,1.0,1.0,run1_bs2000_N1_M1_G1_CG1_interval32_step32_cooldown_for_k8,32,32,True,8.0,8e-30,133.0,6.2e-31,1,,0.891491,,8
1,1,1,1.0,1.0,run1_bs2000_N1_M1_G1_CG1_interval32_step32_cooldown_for_k9,32,32,True,9.0,8e-30,133.0,6.2e-31,1,,0.891593,,8
1,1,1,1.0,1.0,run1_bs2000_N1_M1_G1_CG1_interval32_step32,32,32,False,,0.0034,8.0,0.0034,1,1,0.895546,0.891491,3
1,1,1,1.0,1.0,run1_bs2000_N1_M1_G1_CG1_interval33_step33_cooldown_for_k7,33,33,True,7.0,6.2e-31,136.0,1.3e-31,1,,0.889852,,6
1,1,1,1.0,1.0,run1_bs2000_N1_M1_G1_CG1_interval33_step33_cooldown_for_k8,33,33,True,8.0,6.2e-31,137.0,8.1e-32,1,,0.889557,,7
1,1,1,1.0,1.0,run1_bs2000_N1_M1_G1_CG1_interval33_step33_cooldown_for_k9,33,33,True,9.0,6.2e-31,137.0,8.1e-32,1,,0.889806,,7
1,1,1,1.0,1.0,run1_bs2000_N1_M1_G1_CG1_interval33_step33,33,33,False,,0.0034,8.0,0.0034,1,1,0.893054,0.889557,3
1,1,1,1.0,1.0,run1_bs2000_N1_M1_G1_CG1_interval34_step34_cooldown_for_k7,34,34,True,7.0,8.1e-32,141.0,1e-32,1,,0.8891,,7
1,1,1,1.0,1.0,run1_bs2000_N1_M1_G1_CG1_interval34_step34_cooldown_for_k8,34,34,True,8.0,8.1e-32,142.0,6.3e-33,1,,0.888573,,8
1,1,1,1.0,1.0,run1_bs2000_N1_M1_G1_CG1_interval34_step34_cooldown_for_k9,34,34,True,9.0,8.1e-32,142.0,6.3e-33,1,,0.888619,,8
1,1,1,1.0,1.0,run1_bs2000_N1_M1_G1_CG1_interval34_step34,34,34,False,,0.0034,8.0,0.0034,1,1,0.892119,0.888573,3
1,1,1,1.0,1.0,run1_bs2000_N1_M1_G1_CG1_interval35_step35_cooldown_for_k7,35,35,True,7.0,6.3e-33,144.0,2.3e-33,1,,0.888016,,5
1,1,1,1.0,1.0,run1_bs2000_N1_M1_G1_CG1_interval35_step35_cooldown_for_k8,35,35,True,8.0,6.3e-33,145.0,1.4e-33,1,,0.887367,,6
1,1,1,1.0,1.0,run1_bs2000_N1_M1_G1_CG1_interval35_step35_cooldown_for_k9,35,35,True,9.0,6.3e-33,146.0,8.1e-34,1,,0.887436,,7
1,1,1,1.0,1.0,run1_bs2000_N1_M1_G1_CG1_interval35_step35,35,35,False,,0.0034,8.0,0.0034,1,1,0.891103,0.887367,3
1,1,1,1.0,1.0,run1_bs2000_N1_M1_G1_CG1_interval36_step36_cooldown_for_k7,36,36,True,7.0,1.4e-33,150.0,1.1e-34,1,,0.887556,,8
1,1,1,1.0,1.0,run1_bs2000_N1_M1_G1_CG1_interval36_step36_cooldown_for_k8,36,36,True,8.0,1.4e-33,150.0,1.1e-34,1,,0.886775,,8
1,1,1,1.0,1.0,run1_bs2000_N1_M1_G1_CG1_interval36_step36_cooldown_for_k9,36,36,True,9.0,1.4e-33,150.0,1.1e-34,1,,0.886712,,8
1,1,1,1.0,1.0,run1_bs2000_N1_M1_G1_CG1_interval36_step36_cooldown_for_k10,36,36,True,10.0,1.4e-33,150.0,1.1e-34,1,,0.886845,,8
1,1,1,1.0,1.0,run1_bs2000_N1_M1_G1_CG1_interval36_step36,36,36,False,,0.0034,9.0,0.002,1,1,0.889757,0.886712,4
1,1,1,1.0,1.0,run1_bs2000_N1_M1_G1_CG1_interval37_step37_cooldown_for_k8,37,37,True,8.0,1.1e-34,154.0,1.4e-35,1,,0.885846,,7
1,1,1,1.0,1.0,run1_bs2000_N1_M1_G1_CG1_interval37_step37_cooldown_for_k9,37,37,True,9.0,1.1e-34,154.0,1.4e-35,1,,0.885845,,7
1,1,1,1.0,1.0,run1_bs2000_N1_M1_G1_CG1_interval37_step37_cooldown_for_k10,37,37,True,10.0,1.1e-34,155.0,8.2e-36,1,,0.885956,,8
1,1,1,1.0,1.0,run1_bs2000_N1_M1_G1_CG1_interval37_step37,37,37,False,,0.002,9.0,0.002,1,1,0.887594,0.885845,3
1,1,1,1.0,1.0,run1_bs2000_N1_M1_G1_CG1_interval38_step38_cooldown_for_k8,38,38,True,8.0,1.4e-35,158.0,1.8e-36,1,,0.884909,,7
1,1,1,1.0,1.0,run1_bs2000_N1_M1_G1_CG1_interval38_step38_cooldown_for_k9,38,38,True,9.0,1.4e-35,158.0,1.8e-36,1,,0.885007,,7
1,1,1,1.0,1.0,run1_bs2000_N1_M1_G1_CG1_interval38_step38_cooldown_for_k10,38,38,True,10.0,1.4e-35,159.0,1.1e-36,1,,0.885187,,8
1,1,1,1.0,1.0,run1_bs2000_N1_M1_G1_CG1_interval38_step38_cooldown_for_k7,38,38,True,7.0,1.4e-35,158.0,1.8e-36,1,,0.885579,,7
1,1,1,1.0,1.0,run1_bs2000_N1_M1_G1_CG1_interval38_step38,38,38,False,,0.002,8.0,0.0034,1,1,0.887041,0.884909,4
1,1,1,1.0,1.0,run1_bs2000_N1_M1_G1_CG1_interval39_step39_cooldown_for_k7,39,39,True,7.0,1.8e-36,160.0,6.4e-37,1,,0.884816,,5
1,1,1,1.0,1.0,run1_bs2000_N1_M1_G1_CG1_interval39_step39_cooldown_for_k8,39,39,True,8.0,1.8e-36,161.0,3.8e-37,1,,0.884043,,6
1,1,1,1.0,1.0,run1_bs2000_N1_M1_G1_CG1_interval39_step39_cooldown_for_k9,39,39,True,9.0,1.8e-36,162.0,2.3e-37,1,,0.884033,,7
1,1,1,1.0,1.0,run1_bs2000_N1_M1_G1_CG1_interval39_step39_cooldown_for_k10,39,39,True,10.0,1.8e-36,162.0,2.3e-37,1,,0.884175,,7
1,1,1,1.0,1.0,run1_bs2000_N1_M1_G1_CG1_interval39_step39,39,39,False,,0.0034,9.0,0.002,1,1,0.885849,0.884033,4
1,1,1,1.0,1.0,run1_bs2000_N1_M1_G1_CG1_interval40_step40_cooldown_for_k8,40,40,True,8.0,2.3e-37,167.0,1.8e-38,1,,0.88366,,8
1,1,1,1.0,1.0,run1_bs2000_N1_M1_G1_CG1_interval40_step40_cooldown_for_k9,40,40,True,9.0,2.3e-37,167.0,1.8e-38,1,,0.883555,,8
1,1,1,1.0,1.0,run1_bs2000_N1_M1_G1_CG1_interval40_step40_cooldown_for_k10,40,40,True,10.0,2.3e-37,167.0,1.8e-38,1,,0.883623,,8
1,1,1,1.0,1.0,run1_bs2000_N1_M1_G1_CG1_interval40_step40,40,40,False,,0.002,9.0,0.002,1,1,0.885545,0.883555,3
1,1,1,1.0,1.0,run1_bs2000_N1_M1_G1_CG1_interval41_step41_cooldown_for_k8,41,41,True,8.0,1.8e-38,170.0,3.9e-39,1,,0.882952,,6
1,1,1,1.0,1.0,run1_bs2000_N1_M1_G1_CG1_interval41_step41_cooldown_for_k9,41,41,True,9.0,1.8e-38,171.0,2.3e-39,1,,0.882878,,7
1,1,1,1.0,1.0,run1_bs2000_N1_M1_G1_CG1_interval41_step41_cooldown_for_k10,41,41,True,10.0,1.8e-38,171.0,2.3e-39,1,,0.882976,,7
1,1,1,1.0,1.0,run1_bs2000_N1_M1_G1_CG1_interval41_step41,41,41,False,,0.002,9.0,0.002,1,1,0.884446,0.882878,3
1,1,1,1.0,1.0,run1_bs2000_N1_M1_G1_CG1_interval42_step42_cooldown_for_k8,42,42,True,8.0,2.3e-39,175.0,3e-40,1,,0.88256,,7
1,1,1,1.0,1.0,run1_bs2000_N1_M1_G1_CG1_interval42_step42_cooldown_for_k9,42,42,True,9.0,2.3e-39,176.0,1.8e-40,1,,0.882409,,8
1,1,1,1.0,1.0,run1_bs2000_N1_M1_G1_CG1_interval42_step42_cooldown_for_k10,42,42,True,10.0,2.3e-39,176.0,1.8e-40,1,,0.882468,,8
1,1,1,1.0,1.0,run1_bs2000_N1_M1_G1_CG1_interval42_step42,42,42,False,,0.002,9.0,0.002,1,1,0.884164,0.882409,3
1,1,1,1.0,1.0,run1_bs2000_N1_M1_G1_CG1_interval43_step43_cooldown_for_k8,43,43,True,8.0,1.8e-40,179.0,3.9e-41,1,,0.881994,,6
1,1,1,1.0,1.0,run1_bs2000_N1_M1_G1_CG1_interval43_step43_cooldown_for_k9,43,43,True,9.0,1.8e-40,179.0,3.9e-41,1,,0.881853,,6
1,1,1,1.0,1.0,run1_bs2000_N1_M1_G1_CG1_interval43_step43_cooldown_for_k10,43,43,True,10.0,1.8e-40,180.0,2.3e-41,1,,0.881914,,7
1,1,1,1.0,1.0,run1_bs2000_N1_M1_G1_CG1_interval43_step43,43,43,False,,0.002,9.0,0.002,1,1,0.88339,0.881853,3
1,1,1,1.0,1.0,run1_bs2000_N1_M1_G1_CG1_interval44_step44_cooldown_for_k8,44,44,True,8.0,3.9e-41,183.0,5e-42,1,,0.881595,,7
1,1,1,1.0,1.0,run1_bs2000_N1_M1_G1_CG1_interval44_step44_cooldown_for_k9,44,44,True,9.0,3.9e-41,184.0,3e-42,1,,0.881415,,8
1,1,1,1.0,1.0,run1_bs2000_N1_M1_G1_CG1_interval44_step44_cooldown_for_k10,44,44,True,10.0,3.9e-41,184.0,3e-42,1,,0.881463,,8
1,1,1,1.0,1.0,run1_bs2000_N1_M1_G1_CG1_interval44_step44,44,44,False,,0.002,9.0,0.002,1,1,0.882879,0.881415,3
1,1,1,1.0,1.0,run1_bs2000_N1_M1_G1_CG1_interval45_step45_cooldown_for_k8,45,45,True,8.0,3e-42,187.0,6.5e-43,1,,0.881103,,6
1,1,1,1.0,1.0,run1_bs2000_N1_M1_G1_CG1_interval45_step45_cooldown_for_k9,45,45,True,9.0,3e-42,187.0,6.5e-43,1,,0.880919,,6
1,1,1,1.0,1.0,run1_bs2000_N1_M1_G1_CG1_interval45_step45_cooldown_for_k10,45,45,True,10.0,3e-42,188.0,3.9e-43,1,,0.880965,,7
1,1,1,1.0,1.0,run1_bs2000_N1_M1_G1_CG1_interval45_step45,45,45,False,,0.002,9.0,0.002,1,1,0.882315,0.880919,3
1,1,1,1.0,1.0,run1_bs2000_N1_M1_G1_CG1_interval46_step46_cooldown_for_k8,46,46,True,8.0,6.5e-43,191.0,8.5e-44,1,,0.880727,,7
1,1,1,1.0,1.0,run1_bs2000_N1_M1_G1_CG1_interval46_step46_cooldown_for_k9,46,46,True,9.0,6.5e-43,192.0,5.1e-44,1,,0.880515,,8
1,1,1,1.0,1.0,run1_bs2000_N1_M1_G1_CG1_interval46_step46_cooldown_for_k10,46,46,True,10.0,6.5e-43,192.0,5.1e-44,1,,0.880553,,8
1,1,1,1.0,1.0,run1_bs2000_N1_M1_G1_CG1_interval46_step46,46,46,False,,0.002,9.0,0.002,1,1,0.881921,0.880515,3
1,1,1,1.0,1.0,run1_bs2000_N1_M1_G1_CG1_interval47_step47_cooldown_for_k8,47,47,True,8.0,5.1e-44,194.0,1.8e-44,1,,0.880305,,5
1,1,1,1.0,1.0,run1_bs2000_N1_M1_G1_CG1_interval47_step47_cooldown_for_k9,47,47,True,9.0,5.1e-44,195.0,1.1e-44,1,,0.880079,,6
1,1,1,1.0,1.0,run1_bs2000_N1_M1_G1_CG1_interval47_step47_cooldown_for_k10,47,47,True,10.0,5.1e-44,196.0,6.6e-45,1,,0.880108,,7
1,1,1,1.0,1.0,run1_bs2000_N1_M1_G1_CG1_interval47_step47,47,47,False,,0.002,9.0,0.002,1,1,0.881452,0.880079,3
1,1,1,1.0,1.0,run1_bs2000_N1_M1_G1_CG1_interval48_step48_cooldown_for_k8,48,48,True,8.0,1.1e-44,200.0,8.5e-46,1,,0.879953,,8
1,1,1,1.0,1.0,run1_bs2000_N1_M1_G1_CG1_interval48_step48_cooldown_for_k9,48,48,True,9.0,1.1e-44,200.0,8.5e-46,1,,0.879716,,8
1,1,1,1.0,1.0,run1_bs2000_N1_M1_G1_CG1_interval48_step48_cooldown_for_k10,48,48,True,10.0,1.1e-44,200.0,8.5e-46,1,,0.879742,,8
1,1,1,1.0,1.0,run1_bs2000_N1_M1_G1_CG1_interval48_step48,48,48,False,,0.002,9.0,0.002,1,1,0.881113,0.879716,3
1,1,1,1.0,1.0,run1_bs2000_N1_M1_G1_CG1_interval49_step49,49,49,False,,0.002,11.0,0.00073,1,0,0.880209,0.880209,5
2,1,2,1.0,1.0,run2_bs2000_N1_M2_G1_CG1_interval0_step0_cooldown_for_k-1,0,0,True,-1.0,0.2,0.0,0.2,2,,1.890356,,3
2,1,2,1.0,1.0,run2_bs2000_N1_M2_G1_CG1_interval0_step0_cooldown_for_k0,0,0,True,0.0,0.2,2.0,0.072,2,,1.880299,,5
2,1,2,1.0,1.0,run2_bs2000_N1_M2_G1_CG1_interval0_step0_cooldown_for_k1,0,0,True,1.0,0.2,2.0,0.072,2,,1.888975,,5
2,1,2,1.0,1.0,run2_bs2000_N1_M2_G1_CG1_interval0_step0,0,0,False,,0.2,0.0,0.2,1,2,2.227943,1.880299,3
2,1,2,1.0,1.0,run2_bs2000_N1_M2_G1_CG1_interval1_step1_cooldown_for_k-1,1,1,True,-1.0,0.072,2.0,0.072,2,,1.547165,,3
2,1,2,1.0,1.0,run2_bs2000_N1_M2_G1_CG1_interval1_step1_cooldown_for_k0,1,1,True,0.0,0.072,2.0,0.072,2,,1.583234,,3
2,1,2,1.0,1.0,run2_bs2000_N1_M2_G1_CG1_interval1_step1_cooldown_for_k1,1,1,True,1.0,0.072,3.0,0.043,2,,1.666115,,4
2,1,2,1.0,1.0,run2_bs2000_N1_M2_G1_CG1_interval1_step1_cooldown_for_k-2,1,1,True,-2.0,0.072,4.0,0.026,2,,1.879871,,5
2,1,2,1.0,1.0,run2_bs2000_N1_M2_G1_CG1_interval1_step1,1,1,False,,0.2,-1.0,0.33,1,2,2.099741,1.547165,4
2,1,2,1.0,1.0,run2_bs2000_N1_M2_G1_CG1_interval2_step2_cooldown_for_k-2,2,2,True,-2.0,0.072,2.0,0.072,2,,1.455431,,3
2,1,2,1.0,1.0,run2_bs2000_N1_M2_G1_CG1_interval2_step2_cooldown_for_k-1,2,2,True,-1.0,0.072,2.0,0.072,2,,1.389203,,3
2,1,2,1.0,1.0,run2_bs2000_N1_M2_G1_CG1_interval2_step2_cooldown_for_k0,2,2,True,0.0,0.072,2.0,0.072,2,,1.343902,,3
2,1,2,1.0,1.0,run2_bs2000_N1_M2_G1_CG1_interval2_step2_cooldown_for_k1,2,2,True,1.0,0.072,2.0,0.072,2,,1.345117,,3
2,1,2,1.0,1.0,run2_bs2000_N1_M2_G1_CG1_interval2_step2,2,2,False,,0.33,0.0,0.2,1,2,1.802763,1.343902,4
2,1,2,1.0,1.0,run2_bs2000_N1_M2_G1_CG1_interval3_step3_cooldown_for_k-1,3,3,True,-1.0,0.072,2.0,0.072,2,,1.302101,,3
2,1,2,1.0,1.0,run2_bs2000_N1_M2_G1_CG1_interval3_step3_cooldown_for_k0,3,3,True,0.0,0.072,2.0,0.072,2,,1.25444,,3
2,1,2,1.0,1.0,run2_bs2000_N1_M2_G1_CG1_interval3_step3_cooldown_for_k1,3,3,True,1.0,0.072,2.0,0.072,2,,1.229308,,3
2,1,2,1.0,1.0,run2_bs2000_N1_M2_G1_CG1_interval3_step3_cooldown_for_k2,3,3,True,2.0,0.072,2.0,0.072,2,,1.248092,,3
2,1,2,1.0,1.0,run2_bs2000_N1_M2_G1_CG1_interval3_step3,3,3,False,,0.2,1.0,0.12,1,2,1.650893,1.229308,4
2,1,2,1.0,1.0,run2_bs2000_N1_M2_G1_CG1_interval4_step4_cooldown_for_k0,4,4,True,0.0,0.072,2.0,0.072,2,,1.161827,,3
2,1,2,1.0,1.0,run2_bs2000_N1_M2_G1_CG1_interval4_step4_cooldown_for_k1,4,4,True,1.0,0.072,2.0,0.072,2,,1.180204,,3
2,1,2,1.0,1.0,run2_bs2000_N1_M2_G1_CG1_interval4_step4_cooldown_for_k2,4,4,True,2.0,0.072,2.0,0.072,2,,1.175069,,3
2,1,2,1.0,1.0,run2_bs2000_N1_M2_G1_CG1_interval4_step4_cooldown_for_k-1,4,4,True,-1.0,0.072,2.0,0.072,2,,1.464034,,3
2,1,2,1.0,1.0,run2_bs2000_N1_M2_G1_CG1_interval4_step4,4,4,False,,0.12,0.0,0.2,1,2,1.725927,1.161827,4
2,1,2,1.0,1.0,run2_bs2000_N1_M2_G1_CG1_interval5_step5_cooldown_for_k-1,5,5,True,-1.0,0.072,2.0,0.072,2,,1.193607,,3
2,1,2,1.0,1.0,run2_bs2000_N1_M2_G1_CG1_interval5_step5_cooldown_for_k0,5,5,True,0.0,0.072,2.0,0.072,2,,1.106592,,3
2,1,2,1.0,1.0,run2_bs2000_N1_M2_G1_CG1_interval5_step5_cooldown_for_k1,5,5,True,1.0,0.072,2.0,0.072,2,,1.101435,,3
2,1,2,1.0,1.0,run2_bs2000_N1_M2_G1_CG1_interval5_step5_cooldown_for_k2,5,5,True,2.0,0.072,3.0,0.043,2,,1.136902,,4
2,1,2,1.0,1.0,run2_bs2000_N1_M2_G1_CG1_interval5_step5,5,5,False,,0.2,1.0,0.12,1,2,1.545586,1.101435,4
2,1,2,1.0,1.0,run2_bs2000_N1_M2_G1_CG1_interval6_step6_cooldown_for_k0,6,6,True,0.0,0.072,2.0,0.072,2,,1.073071,,3
2,1,2,1.0,1.0,run2_bs2000_N1_M2_G1_CG1_interval6_step6_cooldown_for_k1,6,6,True,1.0,0.072,2.0,0.072,2,,1.045086,,3
2,1,2,1.0,1.0,run2_bs2000_N1_M2_G1_CG1_interval6_step6_cooldown_for_k2,6,6,True,2.0,0.072,2.0,0.072,2,,1.039064,,3
2,1,2,1.0,1.0,run2_bs2000_N1_M2_G1_CG1_interval6_step6_cooldown_for_k3,6,6,True,3.0,0.072,2.0,0.072,2,,1.075584,,3
2,1,2,1.0,1.0,run2_bs2000_N1_M2_G1_CG1_interval6_step6,6,6,False,,0.12,2.0,0.072,1,2,1.501367,1.039064,4
2,1,2,1.0,1.0,run2_bs2000_N1_M2_G1_CG1_interval7_step7_cooldown_for_k1,7,7,True,1.0,0.072,3.0,0.043,2,,0.998336,,4
2,1,2,1.0,1.0,run2_bs2000_N1_M2_G1_CG1_interval7_step7_cooldown_for_k2,7,7,True,2.0,0.072,3.0,0.043,2,,0.991883,,4
2,1,2,1.0,1.0,run2_bs2000_N1_M2_G1_CG1_interval7_step7_cooldown_for_k3,7,7,True,3.0,0.072,3.0,0.043,2,,1.004105,,4
2,1,2,1.0,1.0,run2_bs2000_N1_M2_G1_CG1_interval7_step7,7,7,False,,0.072,2.0,0.072,1,2,1.265991,0.991883,3
2,1,2,1.0,1.0,run2_bs2000_N1_M2_G1_CG1_interval8_step8_cooldown_for_k1,8,8,True,1.0,0.043,3.0,0.043,2,,0.973171,,3
2,1,2,1.0,1.0,run2_bs2000_N1_M2_G1_CG1_interval8_step8_cooldown_for_k2,8,8,True,2.0,0.043,3.0,0.043,2,,0.956934,,3
2,1,2,1.0,1.0,run2_bs2000_N1_M2_G1_CG1_interval8_step8_cooldown_for_k3,8,8,True,3.0,0.043,3.0,0.043,2,,0.959021,,3
2,1,2,1.0,1.0,run2_bs2000_N1_M2_G1_CG1_interval8_step8,8,8,False,,0.072,2.0,0.072,1,2,1.190352,0.956934,3
2,1,2,1.0,1.0,run2_bs2000_N1_M2_G1_CG1_interval9_step9_cooldown_for_k1,9,9,True,1.0,0.043,3.0,0.043,2,,0.9444,,3
2,1,2,1.0,1.0,run2_bs2000_N1_M2_G1_CG1_interval9_step9_cooldown_for_k2,9,9,True,2.0,0.043,3.0,0.043,2,,0.935647,,3
2,1,2,1.0,1.0,run2_bs2000_N1_M2_G1_CG1_interval9_step9_cooldown_for_k3,9,9,True,3.0,0.043,3.0,0.043,2,,0.928108,,3
2,1,2,1.0,1.0,run2_bs2000_N1_M2_G1_CG1_interval9_step9_cooldown_for_k4,9,9,True,4.0,0.043,4.0,0.026,2,,0.937253,,4
2,1,2,1.0,1.0,run2_bs2000_N1_M2_G1_CG1_interval9_step9,9,9,False,,0.072,3.0,0.043,1,2,1.085069,0.928108,4
2,1,2,1.0,1.0,run2_bs2000_N1_M2_G1_CG1_interval10_step10_cooldown_for_k2,10,10,True,2.0,0.043,4.0,0.026,2,,0.928787,,4
2,1,2,1.0,1.0,run2_bs2000_N1_M2_G1_CG1_interval10_step10_cooldown_for_k3,10,10,True,3.0,0.043,4.0,0.026,2,,0.915693,,4
2,1,2,1.0,1.0,run2_bs2000_N1_M2_G1_CG1_interval10_step10_cooldown_for_k4,10,10,True,4.0,0.043,4.0,0.026,2,,0.917066,,4
2,1,2,1.0,1.0,run2_bs2000_N1_M2_G1_CG1_interval10_step10,10,10,False,,0.043,3.0,0.043,1,2,1.005413,0.915693,3
2,1,2,1.0,1.0,run2_bs2000_N1_M2_G1_CG1_interval11_step11_cooldown_for_k2,11,11,True,2.0,0.026,4.0,0.026,2,,0.913613,,3
2,1,2,1.0,1.0,run2_bs2000_N1_M2_G1_CG1_interval11_step11_cooldown_for_k3,11,11,True,3.0,0.026,4.0,0.026,2,,0.905942,,3
2,1,2,1.0,1.0,run2_bs2000_N1_M2_G1_CG1_interval11_step11_cooldown_for_k4,11,11,True,4.0,0.026,4.0,0.026,2,,0.90187,,3
2,1,2,1.0,1.0,run2_bs2000_N1_M2_G1_CG1_interval11_step11_cooldown_for_k5,11,11,True,5.0,0.026,5.0,0.016,2,,0.905137,,4
2,1,2,1.0,1.0,run2_bs2000_N1_M2_G1_CG1_interval11_step11,11,11,False,,0.043,4.0,0.026,1,2,0.957338,0.90187,4
2,1,2,1.0,1.0,run2_bs2000_N1_M2_G1_CG1_interval12_step12_cooldown_for_k3,12,12,True,3.0,0.026,4.0,0.026,2,,0.904475,,3
2,1,2,1.0,1.0,run2_bs2000_N1_M2_G1_CG1_interval12_step12_cooldown_for_k4,12,12,True,4.0,0.026,5.0,0.016,2,,0.896872,,4
2,1,2,1.0,1.0,run2_bs2000_N1_M2_G1_CG1_interval12_step12_cooldown_for_k5,12,12,True,5.0,0.026,5.0,0.016,2,,0.897365,,4
2,1,2,1.0,1.0,run2_bs2000_N1_M2_G1_CG1_interval12_step12,12,12,False,,0.026,4.0,0.026,1,2,0.936659,0.896872,3
2,1,2,1.0,1.0,run2_bs2000_N1_M2_G1_CG1_interval13_step13_cooldown_for_k3,13,13,True,3.0,0.016,5.0,0.016,2,,0.898477,,3
2,1,2,1.0,1.0,run2_bs2000_N1_M2_G1_CG1_interval13_step13_cooldown_for_k4,13,13,True,4.0,0.016,5.0,0.016,2,,0.894864,,3
2,1,2,1.0,1.0,run2_bs2000_N1_M2_G1_CG1_interval13_step13_cooldown_for_k5,13,13,True,5.0,0.016,5.0,0.016,2,,0.890934,,3
2,1,2,1.0,1.0,run2_bs2000_N1_M2_G1_CG1_interval13_step13_cooldown_for_k6,13,13,True,6.0,0.016,5.0,0.016,2,,0.893724,,3
2,1,2,1.0,1.0,run2_bs2000_N1_M2_G1_CG1_interval13_step13,13,13,False,,0.026,5.0,0.016,1,2,0.922271,0.890934,4
2,1,2,1.0,1.0,run2_bs2000_N1_M2_G1_CG1_interval14_step14_cooldown_for_k4,14,14,True,4.0,0.016,5.0,0.016,2,,0.89015,,3
2,1,2,1.0,1.0,run2_bs2000_N1_M2_G1_CG1_interval14_step14_cooldown_for_k5,14,14,True,5.0,0.016,5.0,0.016,2,,0.889154,,3
2,1,2,1.0,1.0,run2_bs2000_N1_M2_G1_CG1_interval14_step14_cooldown_for_k6,14,14,True,6.0,0.016,6.0,0.0093,2,,0.888906,,4
2,1,2,1.0,1.0,run2_bs2000_N1_M2_G1_CG1_interval14_step14_cooldown_for_k7,14,14,True,7.0,0.016,6.0,0.0093,2,,0.889161,,4
2,1,2,1.0,1.0,run2_bs2000_N1_M2_G1_CG1_interval14_step14,14,14,False,,0.016,6.0,0.0093,1,2,0.906469,0.888906,4
2,1,2,1.0,1.0,run2_bs2000_N1_M2_G1_CG1_interval15_step15_cooldown_for_k5,15,15,True,5.0,0.0093,6.0,0.0093,2,,0.884515,,3
2,1,2,1.0,1.0,run2_bs2000_N1_M2_G1_CG1_interval15_step15_cooldown_for_k6,15,15,True,6.0,0.0093,6.0,0.0093,2,,0.885197,,3
2,1,2,1.0,1.0,run2_bs2000_N1_M2_G1_CG1_interval15_step15_cooldown_for_k7,15,15,True,7.0,0.0093,6.0,0.0093,2,,0.886248,,3
2,1,2,1.0,1.0,run2_bs2000_N1_M2_G1_CG1_interval15_step15_cooldown_for_k4,15,15,True,4.0,0.0093,5.0,0.016,2,,0.887838,,4
2,1,2,1.0,1.0,run2_bs2000_N1_M2_G1_CG1_interval15_step15,15,15,False,,0.0093,5.0,0.016,1,2,0.899769,0.884515,4
2,1,2,1.0,1.0,run2_bs2000_N1_M2_G1_CG1_interval16_step16_cooldown_for_k4,16,16,True,4.0,0.0093,6.0,0.0093,2,,0.888742,,3
2,1,2,1.0,1.0,run2_bs2000_N1_M2_G1_CG1_interval16_step16_cooldown_for_k5,16,16,True,5.0,0.0093,6.0,0.0093,2,,0.883817,,3
2,1,2,1.0,1.0,run2_bs2000_N1_M2_G1_CG1_interval16_step16_cooldown_for_k6,16,16,True,6.0,0.0093,6.0,0.0093,2,,0.883273,,3
2,1,2,1.0,1.0,run2_bs2000_N1_M2_G1_CG1_interval16_step16_cooldown_for_k7,16,16,True,7.0,0.0093,6.0,0.0093,2,,0.883477,,3
2,1,2,1.0,1.0,run2_bs2000_N1_M2_G1_CG1_interval16_step16,16,16,False,,0.016,6.0,0.0093,1,2,0.892571,0.883273,4
2,1,2,1.0,1.0,run2_bs2000_N1_M2_G1_CG1_interval17_step17_cooldown_for_k5,17,17,True,5.0,0.0093,7.0,0.0056,2,,0.883627,,4
2,1,2,1.0,1.0,run2_bs2000_N1_M2_G1_CG1_interval17_step17_cooldown_for_k6,17,17,True,6.0,0.0093,6.0,0.0093,2,,0.881541,,3
2,1,2,1.0,1.0,run2_bs2000_N1_M2_G1_CG1_interval17_step17_cooldown_for_k7,17,17,True,7.0,0.0093,7.0,0.0056,2,,0.88169,,4
2,1,2,1.0,1.0,run2_bs2000_N1_M2_G1_CG1_interval17_step17,17,17,False,,0.0093,6.0,0.0093,1,2,0.889828,0.881541,3
2,1,2,1.0,1.0,run2_bs2000_N1_M2_G1_CG1_interval18_step18_cooldown_for_k5,18,18,True,5.0,0.0093,6.0,0.0093,2,,0.88245,,3
2,1,2,1.0,1.0,run2_bs2000_N1_M2_G1_CG1_interval18_step18_cooldown_for_k6,18,18,True,6.0,0.0093,7.0,0.0056,2,,0.879525,,4
2,1,2,1.0,1.0,run2_bs2000_N1_M2_G1_CG1_interval18_step18_cooldown_for_k7,18,18,True,7.0,0.0093,7.0,0.0056,2,,0.880009,,4
2,1,2,1.0,1.0,run2_bs2000_N1_M2_G1_CG1_interval18_step18,18,18,False,,0.0093,6.0,0.0093,1,2,0.886235,0.879525,3
2,1,2,1.0,1.0,run2_bs2000_N1_M2_G1_CG1_interval19_step19_cooldown_for_k5,19,19,True,5.0,0.0056,7.0,0.0056,2,,0.880403,,3
2,1,2,1.0,1.0,run2_bs2000_N1_M2_G1_CG1_interval19_step19_cooldown_for_k6,19,19,True,6.0,0.0056,7.0,0.0056,2,,0.879308,,3
2,1,2,1.0,1.0,run2_bs2000_N1_M2_G1_CG1_interval19_step19_cooldown_for_k7,19,19,True,7.0,0.0056,7.0,0.0056,2,,0.878751,,3
2,1,2,1.0,1.0,run2_bs2000_N1_M2_G1_CG1_interval19_step19_cooldown_for_k8,19,19,True,8.0,0.0056,6.0,0.0093,2,,0.878989,,4
2,1,2,1.0,1.0,run2_bs2000_N1_M2_G1_CG1_interval19_step19,19,19,False,,0.0093,7.0,0.0056,1,2,0.883569,0.878751,4
2,1,2,1.0,1.0,run2_bs2000_N1_M2_G1_CG1_interval20_step20_cooldown_for_k6,20,20,True,6.0,0.0056,7.0,0.0056,2,,0.877382,,3
2,1,2,1.0,1.0,run2_bs2000_N1_M2_G1_CG1_interval20_step20_cooldown_for_k7,20,20,True,7.0,0.0056,7.0,0.0056,2,,0.877925,,3
2,1,2,1.0,1.0,run2_bs2000_N1_M2_G1_CG1_interval20_step20_cooldown_for_k8,20,20,True,8.0,0.0056,7.0,0.0056,2,,0.878261,,3
2,1,2,1.0,1.0,run2_bs2000_N1_M2_G1_CG1_interval20_step20_cooldown_for_k5,20,20,True,5.0,0.0056,7.0,0.0056,2,,0.88099,,3
2,1,2,1.0,1.0,run2_bs2000_N1_M2_G1_CG1_interval20_step20,20,20,False,,0.0056,6.0,0.0093,1,2,0.883525,0.877382,4
2,1,2,1.0,1.0,run2_bs2000_N1_M2_G1_CG1_interval21_step21_cooldown_for_k5,21,21,True,5.0,0.0056,7.0,0.0056,2,,0.878609,,3
2,1,2,1.0,1.0,run2_bs2000_N1_M2_G1_CG1_interval21_step21_cooldown_for_k6,21,21,True,6.0,0.0056,7.0,0.0056,2,,0.877013,,3
2,1,2,1.0,1.0,run2_bs2000_N1_M2_G1_CG1_interval21_step21_cooldown_for_k7,21,21,True,7.0,0.0056,7.0,0.0056,2,,0.876905,,3
2,1,2,1.0,1.0,run2_bs2000_N1_M2_G1_CG1_interval21_step21_cooldown_for_k8,21,21,True,8.0,0.0056,8.0,0.0034,2,,0.877036,,4
2,1,2,1.0,1.0,run2_bs2000_N1_M2_G1_CG1_interval21_step21,21,21,False,,0.0093,7.0,0.0056,1,2,0.880474,0.876905,4
2,1,2,1.0,1.0,run2_bs2000_N1_M2_G1_CG1_interval22_step22_cooldown_for_k6,22,22,True,6.0,0.0056,7.0,0.0056,2,,0.87666,,3
2,1,2,1.0,1.0,run2_bs2000_N1_M2_G1_CG1_interval22_step22_cooldown_for_k7,22,22,True,7.0,0.0056,7.0,0.0056,2,,0.876189,,3
2,1,2,1.0,1.0,run2_bs2000_N1_M2_G1_CG1_interval22_step22_cooldown_for_k8,22,22,True,8.0,0.0056,8.0,0.0034,2,,0.876196,,4
2,1,2,1.0,1.0,run2_bs2000_N1_M2_G1_CG1_interval22_step22,22,22,False,,0.0056,7.0,0.0056,1,2,0.879548,0.876189,3
2,1,2,1.0,1.0,run2_bs2000_N1_M2_G1_CG1_interval23_step23_cooldown_for_k6,23,23,True,6.0,0.0056,7.0,0.0056,2,,0.875629,,3
2,1,2,1.0,1.0,run2_bs2000_N1_M2_G1_CG1_interval23_step23_cooldown_for_k7,23,23,True,7.0,0.0056,8.0,0.0034,2,,0.875357,,4
2,1,2,1.0,1.0,run2_bs2000_N1_M2_G1_CG1_interval23_step23_cooldown_for_k8,23,23,True,8.0,0.0056,8.0,0.0034,2,,0.875549,,4
2,1,2,1.0,1.0,run2_bs2000_N1_M2_G1_CG1_interval23_step23,23,23,False,,0.0056,7.0,0.0056,1,2,0.878278,0.875357,3
2,1,2,1.0,1.0,run2_bs2000_N1_M2_G1_CG1_interval24_step24_cooldown_for_k6,24,24,True,6.0,0.0034,6.0,0.0093,2,,0.874894,,5
2,1,2,1.0,1.0,run2_bs2000_N1_M2_G1_CG1_interval24_step24_cooldown_for_k7,24,24,True,7.0,0.0034,8.0,0.0034,2,,0.875242,,3
2,1,2,1.0,1.0,run2_bs2000_N1_M2_G1_CG1_interval24_step24_cooldown_for_k8,24,24,True,8.0,0.0034,8.0,0.0034,2,,0.874907,,3
2,1,2,1.0,1.0,run2_bs2000_N1_M2_G1_CG1_interval24_step24_cooldown_for_k5,24,24,True,5.0,0.0034,7.0,0.0056,2,,0.875517,,4
2,1,2,1.0,1.0,run2_bs2000_N1_M2_G1_CG1_interval24_step24,24,24,False,,0.0056,6.0,0.0093,1,2,0.88172,0.874894,4
2,1,2,1.0,1.0,run2_bs2000_N1_M2_G1_CG1_interval25_step25_cooldown_for_k5,25,25,True,5.0,0.0093,8.0,0.0034,2,,0.875762,,5
2,1,2,1.0,1.0,run2_bs2000_N1_M2_G1_CG1_interval25_step25_cooldown_for_k6,25,25,True,6.0,0.0093,7.0,0.0056,2,,0.874234,,4
2,1,2,1.0,1.0,run2_bs2000_N1_M2_G1_CG1_interval25_step25_cooldown_for_k7,25,25,True,7.0,0.0093,8.0,0.0034,2,,0.874217,,5
2,1,2,1.0,1.0,run2_bs2000_N1_M2_G1_CG1_interval25_step25_cooldown_for_k8,25,25,True,8.0,0.0093,8.0,0.0034,2,,0.87434,,5
2,1,2,1.0,1.0,run2_bs2000_N1_M2_G1_CG1_interval25_step25,25,25,False,,0.0093,7.0,0.0056,1,2,0.876706,0.874217,4
2,1,2,1.0,1.0,run2_bs2000_N1_M2_G1_CG1_interval26_step26_cooldown_for_k6,26,26,True,6.0,0.0034,7.0,0.0056,2,,0.874059,,4
2,1,2,1.0,1.0,run2_bs2000_N1_M2_G1_CG1_interval26_step26_cooldown_for_k7,26,26,True,7.0,0.0034,8.0,0.0034,2,,0.874039,,3
2,1,2,1.0,1.0,run2_bs2000_N1_M2_G1_CG1_interval26_step26_cooldown_for_k8,26,26,True,8.0,0.0034,8.0,0.0034,2,,0.873612,,3
2,1,2,1.0,1.0,run2_bs2000_N1_M2_G1_CG1_interval26_step26_cooldown_for_k9,26,26,True,9.0,0.0034,8.0,0.0034,2,,0.873732,,3
2,1,2,1.0,1.0,run2_bs2000_N1_M2_G1_CG1_interval26_step26,26,26,False,,0.0056,8.0,0.0034,1,2,0.875779,0.873612,4
2,1,2,1.0,1.0,run2_bs2000_N1_M2_G1_CG1_interval27_step27_cooldown_for_k7,27,27,True,7.0,0.0034,8.0,0.0034,2,,0.87312,,3
2,1,2,1.0,1.0,run2_bs2000_N1_M2_G1_CG1_interval27_step27_cooldown_for_k8,27,27,True,8.0,0.0034,8.0,0.0034,2,,0.873456,,3
2,1,2,1.0,1.0,run2_bs2000_N1_M2_G1_CG1_interval27_step27_cooldown_for_k9,27,27,True,9.0,0.0034,7.0,0.0056,2,,0.873475,,4
2,1,2,1.0,1.0,run2_bs2000_N1_M2_G1_CG1_interval27_step27_cooldown_for_k6,27,27,True,6.0,0.0034,6.0,0.0093,2,,0.874033,,5
2,1,2,1.0,1.0,run2_bs2000_N1_M2_G1_CG1_interval27_step27,27,27,False,,0.0034,7.0,0.0056,1,2,0.8755,0.87312,4
2,1,2,1.0,1.0,run2_bs2000_N1_M2_G1_CG1_interval28_step28_cooldown_for_k6,28,28,True,6.0,0.0034,8.0,0.0034,2,,0.873966,,3
2,1,2,1.0,1.0,run2_bs2000_N1_M2_G1_CG1_interval28_step28_cooldown_for_k7,28,28,True,7.0,0.0034,8.0,0.0034,2,,0.873115,,3
2,1,2,1.0,1.0,run2_bs2000_N1_M2_G1_CG1_interval28_step28_cooldown_for_k8,28,28,True,8.0,0.0034,8.0,0.0034,2,,0.872973,,3
2,1,2,1.0,1.0,run2_bs2000_N1_M2_G1_CG1_interval28_step28_cooldown_for_k9,28,28,True,9.0,0.0034,7.0,0.0056,2,,0.872757,,4
2,1,2,1.0,1.0,run2_bs2000_N1_M2_G1_CG1_interval28_step28_cooldown_for_k10,28,28,True,10.0,0.0034,7.0,0.0056,2,,0.872922,,4
2,1,2,1.0,1.0,run2_bs2000_N1_M2_G1_CG1_interval28_step28,28,28,False,,0.0056,9.0,0.002,1,2,0.874233,0.872757,5
2,1,2,1.0,1.0,run2_bs2000_N1_M2_G1_CG1_interval29_step29_cooldown_for_k8,29,29,True,8.0,0.0056,9.0,0.002,2,,0.872448,,5
2,1,2,1.0,1.0,run2_bs2000_N1_M2_G1_CG1_interval29_step29_cooldown_for_k9,29,29,True,9.0,0.0056,8.0,0.0034,2,,0.872602,,4
2,1,2,1.0,1.0,run2_bs2000_N1_M2_G1_CG1_interval29_step29_cooldown_for_k10,29,29,True,10.0,0.0056,8.0,0.0034,2,,0.872765,,4
2,1,2,1.0,1.0,run2_bs2000_N1_M2_G1_CG1_interval29_step29_cooldown_for_k7,29,29,True,7.0,0.0056,8.0,0.0034,2,,0.87236,,4
2,1,2,1.0,1.0,run2_bs2000_N1_M2_G1_CG1_interval29_step29_cooldown_for_k6,29,29,True,6.0,0.0056,7.0,0.0056,2,,0.873199,,3
2,1,2,1.0,1.0,run2_bs2000_N1_M2_G1_CG1_interval29_step29,29,29,False,,0.002,7.0,0.0056,1,2,0.874464,0.87236,5
2,1,2,1.0,1.0,run2_bs2000_N1_M2_G1_CG1_interval30_step30_cooldown_for_k6,30,30,True,6.0,0.0034,6.0,0.0093,2,,0.873112,,5
2,1,2,1.0,1.0,run2_bs2000_N1_M2_G1_CG1_interval30_step30_cooldown_for_k7,30,30,True,7.0,0.0034,8.0,0.0034,2,,0.872229,,3
2,1,2,1.0,1.0,run2_bs2000_N1_M2_G1_CG1_interval30_step30_cooldown_for_k8,30,30,True,8.0,0.0034,8.0,0.0034,2,,0.872197,,3
2,1,2,1.0,1.0,run2_bs2000_N1_M2_G1_CG1_interval30_step30_cooldown_for_k9,30,30,True,9.0,0.0034,7.0,0.0056,2,,0.872017,,4
2,1,2,1.0,1.0,run2_bs2000_N1_M2_G1_CG1_interval30_step30_cooldown_for_k10,30,30,True,10.0,0.0034,7.0,0.0056,2,,0.872133,,4
2,1,2,1.0,1.0,run2_bs2000_N1_M2_G1_CG1_interval30_step30,30,30,False,,0.0056,9.0,0.002,1,2,0.873304,0.872017,5
2,1,2,1.0,1.0,run2_bs2000_N1_M2_G1_CG1_interval31_step31_cooldown_for_k8,31,31,True,8.0,0.0056,9.0,0.002,2,,0.871695,,5
2,1,2,1.0,1.0,run2_bs2000_N1_M2_G1_CG1_interval31_step31_cooldown_for_k9,31,31,True,9.0,0.0056,7.0,0.0056,2,,0.871869,,3
2,1,2,1.0,1.0,run2_bs2000_N1_M2_G1_CG1_interval31_step31_cooldown_for_k10,31,31,True,10.0,0.0056,9.0,0.002,2,,0.871901,,5
2,1,2,1.0,1.0,run2_bs2000_N1_M2_G1_CG1_interval31_step31_cooldown_for_k7,31,31,True,7.0,0.0056,8.0,0.0034,2,,0.872334,,4
2,1,2,1.0,1.0,run2_bs2000_N1_M2_G1_CG1_interval31_step31,31,31,False,,0.002,8.0,0.0034,1,2,0.872659,0.871695,4
2,1,2,1.0,1.0,run2_bs2000_N1_M2_G1_CG1_interval32_step32_cooldown_for_k7,32,32,True,7.0,0.002,8.0,0.0034,2,,0.871497,,4
2,1,2,1.0,1.0,run2_bs2000_N1_M2_G1_CG1_interval32_step32_cooldown_for_k8,32,32,True,8.0,0.002,9.0,0.002,2,,0.871435,,3
2,1,2,1.0,1.0,run2_bs2000_N1_M2_G1_CG1_interval32_step32_cooldown_for_k9,32,32,True,9.0,0.002,8.0,0.0034,2,,0.871335,,4
2,1,2,1.0,1.0,run2_bs2000_N1_M2_G1_CG1_interval32_step32_cooldown_for_k10,32,32,True,10.0,0.002,8.0,0.0034,2,,0.871426,,4
2,1,2,1.0,1.0,run2_bs2000_N1_M2_G1_CG1_interval32_step32,32,32,False,,0.0034,9.0,0.002,1,2,0.87218,0.871335,4
2,1,2,1.0,1.0,run2_bs2000_N1_M2_G1_CG1_interval33_step33_cooldown_for_k8,33,33,True,8.0,0.0034,9.0,0.002,2,,0.870964,,4
2,1,2,1.0,1.0,run2_bs2000_N1_M2_G1_CG1_interval33_step33_cooldown_for_k9,33,33,True,9.0,0.0034,8.0,0.0034,2,,0.87114,,3
2,1,2,1.0,1.0,run2_bs2000_N1_M2_G1_CG1_interval33_step33_cooldown_for_k10,33,33,True,10.0,0.0034,9.0,0.002,2,,0.871282,,4
2,1,2,1.0,1.0,run2_bs2000_N1_M2_G1_CG1_interval33_step33_cooldown_for_k7,33,33,True,7.0,0.0034,9.0,0.002,2,,0.871566,,4
2,1,2,1.0,1.0,run2_bs2000_N1_M2_G1_CG1_interval33_step33,33,33,False,,0.002,8.0,0.0034,1,2,0.871515,0.870964,4
2,1,2,1.0,1.0,run2_bs2000_N1_M2_G1_CG1_interval34_step34_cooldown_for_k7,34,34,True,7.0,0.002,8.0,0.0034,2,,0.870467,,4
2,1,2,1.0,1.0,run2_bs2000_N1_M2_G1_CG1_interval34_step34_cooldown_for_k8,34,34,True,8.0,0.002,9.0,0.002,2,,0.870556,,3
2,1,2,1.0,1.0,run2_bs2000_N1_M2_G1_CG1_interval34_step34_cooldown_for_k9,34,34,True,9.0,0.002,9.0,0.002,2,,0.870716,,3
2,1,2,1.0,1.0,run2_bs2000_N1_M2_G1_CG1_interval34_step34_cooldown_for_k6,34,34,True,6.0,0.002,8.0,0.0034,2,,0.870836,,4
2,1,2,1.0,1.0,run2_bs2000_N1_M2_G1_CG1_interval34_step34,34,34,False,,0.0034,7.0,0.0056,1,2,0.871553,0.870467,4
2,1,2,1.0,1.0,run2_bs2000_N1_M2_G1_CG1_interval35_step35_cooldown_for_k6,35,35,True,6.0,0.0034,9.0,0.002,2,,0.870682,,4
2,1,2,1.0,1.0,run2_bs2000_N1_M2_G1_CG1_interval35_step35_cooldown_for_k7,35,35,True,7.0,0.0034,8.0,0.0034,2,,0.87039,,3
2,1,2,1.0,1.0,run2_bs2000_N1_M2_G1_CG1_interval35_step35_cooldown_for_k8,35,35,True,8.0,0.0034,9.0,0.002,2,,0.870207,,4
2,1,2,1.0,1.0,run2_bs2000_N1_M2_G1_CG1_interval35_step35_cooldown_for_k9,35,35,True,9.0,0.0034,9.0,0.002,2,,0.870292,,4
2,1,2,1.0,1.0,run2_bs2000_N1_M2_G1_CG1_interval35_step35,35,35,False,,0.0056,8.0,0.0034,1,2,0.871047,0.870207,4
2,1,2,1.0,1.0,run2_bs2000_N1_M2_G1_CG1_interval36_step36_cooldown_for_k7,36,36,True,7.0,0.002,9.0,0.002,2,,0.87049,,3
2,1,2,1.0,1.0,run2_bs2000_N1_M2_G1_CG1_interval36_step36_cooldown_for_k8,36,36,True,8.0,0.002,9.0,0.002,2,,0.87024,,3
2,1,2,1.0,1.0,run2_bs2000_N1_M2_G1_CG1_interval36_step36_cooldown_for_k9,36,36,True,9.0,0.002,9.0,0.002,2,,0.870115,,3
2,1,2,1.0,1.0,run2_bs2000_N1_M2_G1_CG1_interval36_step36_cooldown_for_k10,36,36,True,10.0,0.002,8.0,0.0034,2,,0.870095,,4
2,1,2,1.0,1.0,run2_bs2000_N1_M2_G1_CG1_interval36_step36_cooldown_for_k11,36,36,True,11.0,0.002,8.0,0.0034,2,,0.870131,,4
2,1,2,1.0,1.0,run2_bs2000_N1_M2_G1_CG1_interval36_step36,36,36,False,,0.0034,10.0,0.0012,1,2,0.870599,0.870095,5
2,1,2,1.0,1.0,run2_bs2000_N1_M2_G1_CG1_interval37_step37_cooldown_for_k9,37,37,True,9.0,0.0034,9.0,0.002,2,,0.869918,,4
2,1,2,1.0,1.0,run2_bs2000_N1_M2_G1_CG1_interval37_step37_cooldown_for_k10,37,37,True,10.0,0.0034,9.0,0.002,2,,0.870026,,4
2,1,2,1.0,1.0,run2_bs2000_N1_M2_G1_CG1_interval37_step37_cooldown_for_k11,37,37,True,11.0,0.0034,9.0,0.002,2,,0.870024,,4
2,1,2,1.0,1.0,run2_bs2000_N1_M2_G1_CG1_interval37_step37_cooldown_for_k8,37,37,True,8.0,0.0034,9.0,0.002,2,,0.869986,,4
2,1,2,1.0,1.0,run2_bs2000_N1_M2_G1_CG1_interval37_step37,37,37,False,,0.0012,9.0,0.002,1,2,0.87026,0.869918,4
2,1,2,1.0,1.0,run2_bs2000_N1_M2_G1_CG1_interval38_step38_cooldown_for_k8,38,38,True,8.0,0.002,9.0,0.002,2,,0.869575,,3
2,1,2,1.0,1.0,run2_bs2000_N1_M2_G1_CG1_interval38_step38_cooldown_for_k9,38,38,True,9.0,0.002,9.0,0.002,2,,0.869746,,3
2,1,2,1.0,1.0,run2_bs2000_N1_M2_G1_CG1_interval38_step38_cooldown_for_k10,38,38,True,10.0,0.002,9.0,0.002,2,,0.869754,,3
2,1,2,1.0,1.0,run2_bs2000_N1_M2_G1_CG1_interval38_step38_cooldown_for_k7,38,38,True,7.0,0.002,9.0,0.002,2,,0.869833,,3
2,1,2,1.0,1.0,run2_bs2000_N1_M2_G1_CG1_interval38_step38,38,38,False,,0.002,8.0,0.0034,1,2,0.870232,0.869575,4
2,1,2,1.0,1.0,run2_bs2000_N1_M2_G1_CG1_interval39_step39_cooldown_for_k7,39,39,True,7.0,0.002,9.0,0.002,2,,0.869772,,3
2,1,2,1.0,1.0,run2_bs2000_N1_M2_G1_CG1_interval39_step39_cooldown_for_k8,39,39,True,8.0,0.002,9.0,0.002,2,,0.869536,,3
2,1,2,1.0,1.0,run2_bs2000_N1_M2_G1_CG1_interval39_step39_cooldown_for_k9,39,39,True,9.0,0.002,10.0,0.0012,2,,0.869529,,4
2,1,2,1.0,1.0,run2_bs2000_N1_M2_G1_CG1_interval39_step39_cooldown_for_k10,39,39,True,10.0,0.002,8.0,0.0034,2,,0.869493,,4
2,1,2,1.0,1.0,run2_bs2000_N1_M2_G1_CG1_interval39_step39_cooldown_for_k11,39,39,True,11.0,0.002,8.0,0.0034,2,,0.869562,,4
2,1,2,1.0,1.0,run2_bs2000_N1_M2_G1_CG1_interval39_step39,39,39,False,,0.0034,10.0,0.0012,1,2,0.869855,0.869493,5
2,1,2,1.0,1.0,run2_bs2000_N1_M2_G1_CG1_interval40_step40_cooldown_for_k9,40,40,True,9.0,0.0034,10.0,0.0012,2,,0.869365,,5
2,1,2,1.0,1.0,run2_bs2000_N1_M2_G1_CG1_interval40_step40_cooldown_for_k10,40,40,True,10.0,0.0034,10.0,0.0012,2,,0.869415,,5
2,1,2,1.0,1.0,run2_bs2000_N1_M2_G1_CG1_interval40_step40_cooldown_for_k11,40,40,True,11.0,0.0034,10.0,0.0012,2,,0.869455,,5
2,1,2,1.0,1.0,run2_bs2000_N1_M2_G1_CG1_interval40_step40_cooldown_for_k8,40,40,True,8.0,0.0034,9.0,0.002,2,,0.869318,,4
2,1,2,1.0,1.0,run2_bs2000_N1_M2_G1_CG1_interval40_step40_cooldown_for_k7,40,40,True,7.0,0.0034,8.0,0.0034,2,,0.86954,,3
2,1,2,1.0,1.0,run2_bs2000_N1_M2_G1_CG1_interval40_step40,40,40,False,,0.0012,8.0,0.0034,1,2,0.869935,0.869318,5
2,1,2,1.0,1.0,run2_bs2000_N1_M2_G1_CG1_interval41_step41_cooldown_for_k7,41,41,True,7.0,0.002,10.0,0.0012,2,,0.869632,,4
2,1,2,1.0,1.0,run2_bs2000_N1_M2_G1_CG1_interval41_step41_cooldown_for_k8,41,41,True,8.0,0.002,9.0,0.002,2,,0.869247,,3
2,1,2,1.0,1.0,run2_bs2000_N1_M2_G1_CG1_interval41_step41_cooldown_for_k9,41,41,True,9.0,0.002,10.0,0.0012,2,,0.869233,,4
2,1,2,1.0,1.0,run2_bs2000_N1_M2_G1_CG1_interval41_step41_cooldown_for_k10,41,41,True,10.0,0.002,8.0,0.0034,2,,0.869213,,4
2,1,2,1.0,1.0,run2_bs2000_N1_M2_G1_CG1_interval41_step41_cooldown_for_k11,41,41,True,11.0,0.002,8.0,0.0034,2,,0.869265,,4
2,1,2,1.0,1.0,run2_bs2000_N1_M2_G1_CG1_interval41_step41,41,41,False,,0.0034,10.0,0.0012,1,2,0.869561,0.869213,5
2,1,2,1.0,1.0,run2_bs2000_N1_M2_G1_CG1_interval42_step42_cooldown_for_k9,42,42,True,9.0,0.0034,10.0,0.0012,2,,0.869093,,5
2,1,2,1.0,1.0,run2_bs2000_N1_M2_G1_CG1_interval42_step42_cooldown_for_k10,42,42,True,10.0,0.0034,8.0,0.0034,2,,0.869087,,3
2,1,2,1.0,1.0,run2_bs2000_N1_M2_G1_CG1_interval42_step42_cooldown_for_k11,42,42,True,11.0,0.0034,10.0,0.0012,2,,0.869176,,5
2,1,2,1.0,1.0,run2_bs2000_N1_M2_G1_CG1_interval42_step42,42,42,False,,0.0012,10.0,0.0012,1,2,0.869356,0.869087,3
2,1,2,1.0,1.0,run2_bs2000_N1_M2_G1_CG1_interval43_step43_cooldown_for_k9,43,43,True,9.0,0.0034,8.0,0.0034,2,,0.868948,,3
2,1,2,1.0,1.0,run2_bs2000_N1_M2_G1_CG1_interval43_step43_cooldown_for_k10,43,43,True,10.0,0.0034,10.0,0.0012,2,,0.869014,,5
2,1,2,1.0,1.0,run2_bs2000_N1_M2_G1_CG1_interval43_step43_cooldown_for_k11,43,43,True,11.0,0.0034,9.0,0.002,2,,0.869053,,4
2,1,2,1.0,1.0,run2_bs2000_N1_M2_G1_CG1_interval43_step43_cooldown_for_k8,43,43,True,8.0,0.0034,9.0,0.002,2,,0.868904,,4
2,1,2,1.0,1.0,run2_bs2000_N1_M2_G1_CG1_interval43_step43_cooldown_for_k7,43,43,True,7.0,0.0034,8.0,0.0034,2,,0.869005,,3
2,1,2,1.0,1.0,run2_bs2000_N1_M2_G1_CG1_interval43_step43,43,43,False,,0.0012,8.0,0.0034,1,2,0.869464,0.868904,5
2,1,2,1.0,1.0,run2_bs2000_N1_M2_G1_CG1_interval44_step44_cooldown_for_k7,44,44,True,7.0,0.002,9.0,0.002,2,,0.869164,,3
2,1,2,1.0,1.0,run2_bs2000_N1_M2_G1_CG1_interval44_step44_cooldown_for_k8,44,44,True,8.0,0.002,9.0,0.002,2,,0.868993,,3
2,1,2,1.0,1.0,run2_bs2000_N1_M2_G1_CG1_interval44_step44_cooldown_for_k9,44,44,True,9.0,0.002,10.0,0.0012,2,,0.868837,,4
2,1,2,1.0,1.0,run2_bs2000_N1_M2_G1_CG1_interval44_step44_cooldown_for_k10,44,44,True,10.0,0.002,8.0,0.0034,2,,0.868831,,4
2,1,2,1.0,1.0,run2_bs2000_N1_M2_G1_CG1_interval44_step44_cooldown_for_k11,44,44,True,11.0,0.002,10.0,0.0012,2,,0.868855,,4
2,1,2,1.0,1.0,run2_bs2000_N1_M2_G1_CG1_interval44_step44,44,44,False,,0.0034,10.0,0.0012,1,2,0.869123,0.868831,5
2,1,2,1.0,1.0,run2_bs2000_N1_M2_G1_CG1_interval45_step45_cooldown_for_k9,45,45,True,9.0,0.0034,10.0,0.0012,2,,0.868801,,5
2,1,2,1.0,1.0,run2_bs2000_N1_M2_G1_CG1_interval45_step45_cooldown_for_k10,45,45,True,10.0,0.0034,10.0,0.0012,2,,0.868749,,5
2,1,2,1.0,1.0,run2_bs2000_N1_M2_G1_CG1_interval45_step45_cooldown_for_k11,45,45,True,11.0,0.0034,10.0,0.0012,2,,0.868781,,5
2,1,2,1.0,1.0,run2_bs2000_N1_M2_G1_CG1_interval45_step45,45,45,False,,0.0012,10.0,0.0012,1,2,0.868922,0.868749,3
2,1,2,1.0,1.0,run2_bs2000_N1_M2_G1_CG1_interval46_step46_cooldown_for_k9,46,46,True,9.0,0.0012,10.0,0.0012,2,,0.868612,,3
2,1,2,1.0,1.0,run2_bs2000_N1_M2_G1_CG1_interval46_step46_cooldown_for_k10,46,46,True,10.0,0.0012,10.0,0.0012,2,,0.868662,,3
2,1,2,1.0,1.0,run2_bs2000_N1_M2_G1_CG1_interval46_step46_cooldown_for_k11,46,46,True,11.0,0.0012,10.0,0.0012,2,,0.868669,,3
2,1,2,1.0,1.0,run2_bs2000_N1_M2_G1_CG1_interval46_step46_cooldown_for_k8,46,46,True,8.0,0.0012,9.0,0.002,2,,0.86858,,4
2,1,2,1.0,1.0,run2_bs2000_N1_M2_G1_CG1_interval46_step46_cooldown_for_k7,46,46,True,7.0,0.0012,10.0,0.0012,2,,0.868631,,3
2,1,2,1.0,1.0,run2_bs2000_N1_M2_G1_CG1_interval46_step46,46,46,False,,0.0012,8.0,0.0034,1,2,0.869077,0.86858,5
2,1,2,1.0,1.0,run2_bs2000_N1_M2_G1_CG1_interval47_step47_cooldown_for_k7,47,47,True,7.0,0.002,9.0,0.002,2,,0.868694,,3
2,1,2,1.0,1.0,run2_bs2000_N1_M2_G1_CG1_interval47_step47_cooldown_for_k8,47,47,True,8.0,0.002,9.0,0.002,2,,0.868554,,3
2,1,2,1.0,1.0,run2_bs2000_N1_M2_G1_CG1_interval47_step47_cooldown_for_k9,47,47,True,9.0,0.002,10.0,0.0012,2,,0.8685,,4
2,1,2,1.0,1.0,run2_bs2000_N1_M2_G1_CG1_interval47_step47_cooldown_for_k10,47,47,True,10.0,0.002,10.0,0.0012,2,,0.868509,,4
2,1,2,1.0,1.0,run2_bs2000_N1_M2_G1_CG1_interval47_step47,47,47,False,,0.0034,9.0,0.002,1,2,0.868745,0.8685,4
2,1,2,1.0,1.0,run2_bs2000_N1_M2_G1_CG1_interval48_step48,48,48,False,,0.002,12.0,0.00044,1,0,0.868625,0.868625,6
2,1,2,1.0,1.0,run2_bs2000_N1_M2_G1_CG1_interval49_step49,49,49,False,,0.00044,16.0,5.6e-05,1,0,0.868587,0.868587,7
3,1,3,1.0,1.0,run3_bs2000_N1_M3_G1_CG1_interval0_step0_cooldown_for_k-1,0,0,True,-1.0,0.2,2.0,0.072,3,,1.586892,,5
3,1,3,1.0,1.0,run3_bs2000_N1_M3_G1_CG1_interval0_step0_cooldown_for_k0,0,0,True,0.0,0.2,2.0,0.072,3,,1.537704,,5
3,1,3,1.0,1.0,run3_bs2000_N1_M3_G1_CG1_interval0_step0_cooldown_for_k1,0,0,True,1.0,0.2,2.0,0.072,3,,1.540635,,5
3,1,3,1.0,1.0,run3_bs2000_N1_M3_G1_CG1_interval0_step0,0,0,False,,0.2,0.0,0.2,1,3,2.227943,1.537704,3
3,1,3,1.0,1.0,run3_bs2000_N1_M3_G1_CG1_interval1_step1_cooldown_for_k-1,1,1,True,-1.0,0.072,3.0,0.043,3,,1.263758,,4
3,1,3,1.0,1.0,run3_bs2000_N1_M3_G1_CG1_interval1_step1_cooldown_for_k0,1,1,True,0.0,0.072,3.0,0.043,3,,1.298292,,4
3,1,3,1.0,1.0,run3_bs2000_N1_M3_G1_CG1_interval1_step1_cooldown_for_k1,1,1,True,1.0,0.072,3.0,0.043,3,,1.364442,,4
3,1,3,1.0,1.0,run3_bs2000_N1_M3_G1_CG1_interval1_step1_cooldown_for_k-2,1,1,True,-2.0,0.072,2.0,0.072,3,,1.59347,,3
3,1,3,1.0,1.0,run3_bs2000_N1_M3_G1_CG1_interval1_step1,1,1,False,,0.2,-1.0,0.33,1,3,2.048086,1.263758,4
3,1,3,1.0,1.0,run3_bs2000_N1_M3_G1_CG1_interval2_step2_cooldown_for_k-2,2,2,True,-2.0,0.043,3.0,0.043,3,,1.336582,,3
3,1,3,1.0,1.0,run3_bs2000_N1_M3_G1_CG1_interval2_step2_cooldown_for_k-1,2,2,True,-1.0,0.043,3.0,0.043,3,,1.245274,,3
3,1,3,1.0,1.0,run3_bs2000_N1_M3_G1_CG1_interval2_step2_cooldown_for_k0,2,2,True,0.0,0.043,3.0,0.043,3,,1.210496,,3
3,1,3,1.0,1.0,run3_bs2000_N1_M3_G1_CG1_interval2_step2_cooldown_for_k1,2,2,True,1.0,0.043,3.0,0.043,3,,1.200447,,3
3,1,3,1.0,1.0,run3_bs2000_N1_M3_G1_CG1_interval2_step2_cooldown_for_k2,2,2,True,2.0,0.043,3.0,0.043,3,,1.257223,,3
3,1,3,1.0,1.0,run3_bs2000_N1_M3_G1_CG1_interval2_step2,2,2,False,,0.33,1.0,0.12,1,3,1.880308,1.200447,5
3,1,3,1.0,1.0,run3_bs2000_N1_M3_G1_CG1_interval3_step3_cooldown_for_k0,3,3,True,0.0,0.043,3.0,0.043,3,,1.063735,,3
3,1,3,1.0,1.0,run3_bs2000_N1_M3_G1_CG1_interval3_step3_cooldown_for_k1,3,3,True,1.0,0.043,3.0,0.043,3,,1.080464,,3
3,1,3,1.0,1.0,run3_bs2000_N1_M3_G1_CG1_interval3_step3_cooldown_for_k2,3,3,True,2.0,0.043,3.0,0.043,3,,1.144613,,3
3,1,3,1.0,1.0,run3_bs2000_N1_M3_G1_CG1_interval3_step3_cooldown_for_k-1,3,3,True,-1.0,0.043,3.0,0.043,3,,1.50221,,3
3,1,3,1.0,1.0,run3_bs2000_N1_M3_G1_CG1_interval3_step3,3,3,False,,0.12,0.0,0.2,1,3,1.802707,1.063735,4
3,1,3,1.0,1.0,run3_bs2000_N1_M3_G1_CG1_interval4_step4_cooldown_for_k-1,4,4,True,-1.0,0.043,3.0,0.043,3,,1.09566,,3
3,1,3,1.0,1.0,run3_bs2000_N1_M3_G1_CG1_interval4_step4_cooldown_for_k0,4,4,True,0.0,0.043,3.0,0.043,3,,1.000097,,3
3,1,3,1.0,1.0,run3_bs2000_N1_M3_G1_CG1_interval4_step4_cooldown_for_k1,4,4,True,1.0,0.043,3.0,0.043,3,,0.993374,,3
3,1,3,1.0,1.0,run3_bs2000_N1_M3_G1_CG1_interval4_step4_cooldown_for_k2,4,4,True,2.0,0.043,3.0,0.043,3,,0.994529,,3
3,1,3,1.0,1.0,run3_bs2000_N1_M3_G1_CG1_interval4_step4,4,4,False,,0.2,1.0,0.12,1,3,1.455847,0.993374,4
3,1,3,1.0,1.0,run3_bs2000_N1_M3_G1_CG1_interval5_step5_cooldown_for_k0,5,5,True,0.0,0.043,3.0,0.043,3,,0.959606,,3
3,1,3,1.0,1.0,run3_bs2000_N1_M3_G1_CG1_interval5_step5_cooldown_for_k1,5,5,True,1.0,0.043,3.0,0.043,3,,0.941776,,3
3,1,3,1.0,1.0,run3_bs2000_N1_M3_G1_CG1_interval5_step5_cooldown_for_k2,5,5,True,2.0,0.043,3.0,0.043,3,,0.958335,,3
3,1,3,1.0,1.0,run3_bs2000_N1_M3_G1_CG1_interval5_step5,5,5,False,,0.12,1.0,0.12,1,3,1.373001,0.941776,3
3,1,3,1.0,1.0,run3_bs2000_N1_M3_G1_CG1_interval6_step6_cooldown_for_k0,6,6,True,0.0,0.043,3.0,0.043,3,,0.938814,,3
3,1,3,1.0,1.0,run3_bs2000_N1_M3_G1_CG1_interval6_step6_cooldown_for_k1,6,6,True,1.0,0.043,3.0,0.043,3,,0.923561,,3
3,1,3,1.0,1.0,run3_bs2000_N1_M3_G1_CG1_interval6_step6_cooldown_for_k2,6,6,True,2.0,0.043,4.0,0.026,3,,0.922357,,4
3,1,3,1.0,1.0,run3_bs2000_N1_M3_G1_CG1_interval6_step6_cooldown_for_k3,6,6,True,3.0,0.043,4.0,0.026,3,,0.931706,,4
3,1,3,1.0,1.0,run3_bs2000_N1_M3_G1_CG1_interval6_step6,6,6,False,,0.12,2.0,0.072,1,3,1.15222,0.922357,4
3,1,3,1.0,1.0,run3_bs2000_N1_M3_G1_CG1_interval7_step7_cooldown_for_k1,7,7,True,1.0,0.026,4.0,0.026,3,,0.921842,,3
3,1,3,1.0,1.0,run3_bs2000_N1_M3_G1_CG1_interval7_step7_cooldown_for_k2,7,7,True,2.0,0.026,4.0,0.026,3,,0.905479,,3
3,1,3,1.0,1.0,run3_bs2000_N1_M3_G1_CG1_interval7_step7_cooldown_for_k3,7,7,True,3.0,0.026,4.0,0.026,3,,0.906047,,3
3,1,3,1.0,1.0,run3_bs2000_N1_M3_G1_CG1_interval7_step7,7,7,False,,0.072,2.0,0.072,1,3,1.111217,0.905479,3
3,1,3,1.0,1.0,run3_bs2000_N1_M3_G1_CG1_interval8_step8_cooldown_for_k1,8,8,True,1.0,0.026,4.0,0.026,3,,0.915175,,3
3,1,3,1.0,1.0,run3_bs2000_N1_M3_G1_CG1_interval8_step8_cooldown_for_k2,8,8,True,2.0,0.026,4.0,0.026,3,,0.899119,,3
3,1,3,1.0,1.0,run3_bs2000_N1_M3_G1_CG1_interval8_step8_cooldown_for_k3,8,8,True,3.0,0.026,5.0,0.016,3,,0.900163,,4
3,1,3,1.0,1.0,run3_bs2000_N1_M3_G1_CG1_interval8_step8,8,8,False,,0.072,2.0,0.072,1,3,1.061712,0.899119,3
3,1,3,1.0,1.0,run3_bs2000_N1_M3_G1_CG1_interval9_step9_cooldown_for_k1,9,9,True,1.0,0.026,4.0,0.026,3,,0.908442,,3
3,1,3,1.0,1.0,run3_bs2000_N1_M3_G1_CG1_interval9_step9_cooldown_for_k2,9,9,True,2.0,0.026,4.0,0.026,3,,0.896004,,3
3,1,3,1.0,1.0,run3_bs2000_N1_M3_G1_CG1_interval9_step9_cooldown_for_k3,9,9,True,3.0,0.026,5.0,0.016,3,,0.891593,,4
3,1,3,1.0,1.0,run3_bs2000_N1_M3_G1_CG1_interval9_step9_cooldown_for_k4,9,9,True,4.0,0.026,5.0,0.016,3,,0.892409,,4
3,1,3,1.0,1.0,run3_bs2000_N1_M3_G1_CG1_interval9_step9,9,9,False,,0.072,3.0,0.043,1,3,0.969241,0.891593,4
3,1,3,1.0,1.0,run3_bs2000_N1_M3_G1_CG1_interval10_step10_cooldown_for_k2,10,10,True,2.0,0.016,4.0,0.026,3,,0.890742,,4
3,1,3,1.0,1.0,run3_bs2000_N1_M3_G1_CG1_interval10_step10_cooldown_for_k3,10,10,True,3.0,0.016,5.0,0.016,3,,0.884505,,3
3,1,3,1.0,1.0,run3_bs2000_N1_M3_G1_CG1_interval10_step10_cooldown_for_k4,10,10,True,4.0,0.016,5.0,0.016,3,,0.886715,,3
3,1,3,1.0,1.0,run3_bs2000_N1_M3_G1_CG1_interval10_step10,10,10,False,,0.043,3.0,0.043,1,3,0.95173,0.884505,3
3,1,3,1.0,1.0,run3_bs2000_N1_M3_G1_CG1_interval11_step11_cooldown_for_k2,11,11,True,2.0,0.016,4.0,0.026,3,,0.89199,,4
3,1,3,1.0,1.0,run3_bs2000_N1_M3_G1_CG1_interval11_step11_cooldown_for_k3,11,11,True,3.0,0.016,5.0,0.016,3,,0.881103,,3
3,1,3,1.0,1.0,run3_bs2000_N1_M3_G1_CG1_interval11_step11_cooldown_for_k4,11,11,True,4.0,0.016,6.0,0.0093,3,,0.882282,,4
3,1,3,1.0,1.0,run3_bs2000_N1_M3_G1_CG1_interval11_step11,11,11,False,,0.043,3.0,0.043,1,3,0.929662,0.881103,3
3,1,3,1.0,1.0,run3_bs2000_N1_M3_G1_CG1_interval12_step12_cooldown_for_k2,12,12,True,2.0,0.016,5.0,0.016,3,,0.888193,,3
3,1,3,1.0,1.0,run3_bs2000_N1_M3_G1_CG1_interval12_step12_cooldown_for_k3,12,12,True,3.0,0.016,5.0,0.016,3,,0.881603,,3
3,1,3,1.0,1.0,run3_bs2000_N1_M3_G1_CG1_interval12_step12_cooldown_for_k4,12,12,True,4.0,0.016,6.0,0.0093,3,,0.879309,,4
3,1,3,1.0,1.0,run3_bs2000_N1_M3_G1_CG1_interval12_step12_cooldown_for_k5,12,12,True,5.0,0.016,6.0,0.0093,3,,0.879969,,4
3,1,3,1.0,1.0,run3_bs2000_N1_M3_G1_CG1_interval12_step12,12,12,False,,0.043,4.0,0.026,1,3,0.901656,0.879309,4
3,1,3,1.0,1.0,run3_bs2000_N1_M3_G1_CG1_interval13_step13_cooldown_for_k3,13,13,True,3.0,0.0093,5.0,0.016,3,,0.884416,,4
3,1,3,1.0,1.0,run3_bs2000_N1_M3_G1_CG1_interval13_step13_cooldown_for_k4,13,13,True,4.0,0.0093,6.0,0.0093,3,,0.878384,,3
3,1,3,1.0,1.0,run3_bs2000_N1_M3_G1_CG1_interval13_step13_cooldown_for_k5,13,13,True,5.0,0.0093,6.0,0.0093,3,,0.877638,,3
3,1,3,1.0,1.0,run3_bs2000_N1_M3_G1_CG1_interval13_step13_cooldown_for_k6,13,13,True,6.0,0.0093,6.0,0.0093,3,,0.878234,,3
3,1,3,1.0,1.0,run3_bs2000_N1_M3_G1_CG1_interval13_step13,13,13,False,,0.026,5.0,0.016,1,3,0.891376,0.877638,4
3,1,3,1.0,1.0,run3_bs2000_N1_M3_G1_CG1_interval14_step14_cooldown_for_k4,14,14,True,4.0,0.0093,6.0,0.0093,3,,0.877002,,3
3,1,3,1.0,1.0,run3_bs2000_N1_M3_G1_CG1_interval14_step14_cooldown_for_k5,14,14,True,5.0,0.0093,6.0,0.0093,3,,0.876197,,3
3,1,3,1.0,1.0,run3_bs2000_N1_M3_G1_CG1_interval14_step14_cooldown_for_k6,14,14,True,6.0,0.0093,7.0,0.0056,3,,0.87669,,4
3,1,3,1.0,1.0,run3_bs2000_N1_M3_G1_CG1_interval14_step14,14,14,False,,0.016,5.0,0.016,1,3,0.888793,0.876197,3
3,1,3,1.0,1.0,run3_bs2000_N1_M3_G1_CG1_interval15_step15_cooldown_for_k4,15,15,True,4.0,0.0093,5.0,0.016,3,,0.876518,,4
3,1,3,1.0,1.0,run3_bs2000_N1_M3_G1_CG1_interval15_step15_cooldown_for_k5,15,15,True,5.0,0.0093,6.0,0.0093,3,,0.875294,,3
3,1,3,1.0,1.0,run3_bs2000_N1_M3_G1_CG1_interval15_step15_cooldown_for_k6,15,15,True,6.0,0.0093,7.0,0.0056,3,,0.875495,,4
3,1,3,1.0,1.0,run3_bs2000_N1_M3_G1_CG1_interval15_step15,15,15,False,,0.016,5.0,0.016,1,3,0.886167,0.875294,3
3,1,3,1.0,1.0,run3_bs2000_N1_M3_G1_CG1_interval16_step16_cooldown_for_k4,16,16,True,4.0,0.0093,5.0,0.016,3,,0.875619,,4
3,1,3,1.0,1.0,run3_bs2000_N1_M3_G1_CG1_interval16_step16_cooldown_for_k5,16,16,True,5.0,0.0093,6.0,0.0093,3,,0.874474,,3
3,1,3,1.0,1.0,run3_bs2000_N1_M3_G1_CG1_interval16_step16_cooldown_for_k6,16,16,True,6.0,0.0093,7.0,0.0056,3,,0.874677,,4
3,1,3,1.0,1.0,run3_bs2000_N1_M3_G1_CG1_interval16_step16,16,16,False,,0.016,5.0,0.016,1,3,0.885215,0.874474,3
3,1,3,1.0,1.0,run3_bs2000_N1_M3_G1_CG1_interval17_step17_cooldown_for_k4,17,17,True,4.0,0.0093,5.0,0.016,3,,0.874617,,4
3,1,3,1.0,1.0,run3_bs2000_N1_M3_G1_CG1_interval17_step17_cooldown_for_k5,17,17,True,5.0,0.0093,6.0,0.0093,3,,0.873665,,3
3,1,3,1.0,1.0,run3_bs2000_N1_M3_G1_CG1_interval17_step17_cooldown_for_k6,17,17,True,6.0,0.0093,7.0,0.0056,3,,0.873938,,4
3,1,3,1.0,1.0,run3_bs2000_N1_M3_G1_CG1_interval17_step17,17,17,False,,0.016,5.0,0.016,1,3,0.883108,0.873665,3
3,1,3,1.0,1.0,run3_bs2000_N1_M3_G1_CG1_interval18_step18_cooldown_for_k4,18,18,True,4.0,0.0093,5.0,0.016,3,,0.874237,,4
3,1,3,1.0,1.0,run3_bs2000_N1_M3_G1_CG1_interval18_step18_cooldown_for_k5,18,18,True,5.0,0.0093,6.0,0.0093,3,,0.873067,,3
3,1,3,1.0,1.0,run3_bs2000_N1_M3_G1_CG1_interval18_step18_cooldown_for_k6,18,18,True,6.0,0.0093,7.0,0.0056,3,,0.873396,,4
3,1,3,1.0,1.0,run3_bs2000_N1_M3_G1_CG1_interval18_step18,18,18,False,,0.016,5.0,0.016,1,3,0.8827,0.873067,3
3,1,3,1.0,1.0,run3_bs2000_N1_M3_G1_CG1_interval19_step19_cooldown_for_k4,19,19,True,4.0,0.0093,5.0,0.016,3,,0.873473,,4
3,1,3,1.0,1.0,run3_bs2000_N1_M3_G1_CG1_interval19_step19_cooldown_for_k5,19,19,True,5.0,0.0093,6.0,0.0093,3,,0.872509,,3
3,1,3,1.0,1.0,run3_bs2000_N1_M3_G1_CG1_interval19_step19_cooldown_for_k6,19,19,True,6.0,0.0093,8.0,0.0034,3,,0.87258,,5
3,1,3,1.0,1.0,run3_bs2000_N1_M3_G1_CG1_interval19_step19,19,19,False,,0.016,5.0,0.016,1,3,0.880913,0.872509,3
3,1,3,1.0,1.0,run3_bs2000_N1_M3_G1_CG1_interval20_step20_cooldown_for_k4,20,20,True,4.0,0.0093,5.0,0.016,3,,0.873244,,4
3,1,3,1.0,1.0,run3_bs2000_N1_M3_G1_CG1_interval20_step20_cooldown_for_k5,20,20,True,5.0,0.0093,6.0,0.0093,3,,0.872048,,3
3,1,3,1.0,1.0,run3_bs2000_N1_M3_G1_CG1_interval20_step20_cooldown_for_k6,20,20,True,6.0,0.0093,8.0,0.0034,3,,0.872207,,5
3,1,3,1.0,1.0,run3_bs2000_N1_M3_G1_CG1_interval20_step20,20,20,False,,0.016,5.0,0.016,1,3,0.880749,0.872048,3
3,1,3,1.0,1.0,run3_bs2000_N1_M3_G1_CG1_interval21_step21_cooldown_for_k4,21,21,True,4.0,0.0093,5.0,0.016,3,,0.872642,,4
3,1,3,1.0,1.0,run3_bs2000_N1_M3_G1_CG1_interval21_step21_cooldown_for_k5,21,21,True,5.0,0.0093,6.0,0.0093,3,,0.871614,,3
3,1,3,1.0,1.0,run3_bs2000_N1_M3_G1_CG1_interval21_step21_cooldown_for_k6,21,21,True,6.0,0.0093,8.0,0.0034,3,,0.871553,,5
3,1,3,1.0,1.0,run3_bs2000_N1_M3_G1_CG1_interval21_step21_cooldown_for_k7,21,21,True,7.0,0.0093,8.0,0.0034,3,,0.871689,,5
3,1,3,1.0,1.0,run3_bs2000_N1_M3_G1_CG1_interval21_step21,21,21,False,,0.016,6.0,0.0093,1,3,0.874208,0.871553,4
3,1,3,1.0,1.0,run3_bs2000_N1_M3_G1_CG1_interval22_step22_cooldown_for_k5,22,22,True,5.0,0.0034,7.0,0.0056,3,,0.871493,,4
3,1,3,1.0,1.0,run3_bs2000_N1_M3_G1_CG1_interval22_step22_cooldown_for_k6,22,22,True,6.0,0.0034,8.0,0.0034,3,,0.87118,,3
3,1,3,1.0,1.0,run3_bs2000_N1_M3_G1_CG1_interval22_step22_cooldown_for_k7,22,22,True,7.0,0.0034,8.0,0.0034,3,,0.871233,,3
3,1,3,1.0,1.0,run3_bs2000_N1_M3_G1_CG1_interval22_step22,22,22,False,,0.0093,6.0,0.0093,1,3,0.875861,0.87118,3
3,1,3,1.0,1.0,run3_bs2000_N1_M3_G1_CG1_interval23_step23_cooldown_for_k5,23,23,True,5.0,0.0034,6.0,0.0093,3,,0.870841,,5
3,1,3,1.0,1.0,run3_bs2000_N1_M3_G1_CG1_interval23_step23_cooldown_for_k6,23,23,True,6.0,0.0034,7.0,0.0056,3,,0.870858,,4
3,1,3,1.0,1.0,run3_bs2000_N1_M3_G1_CG1_interval23_step23_cooldown_for_k7,23,23,True,7.0,0.0034,8.0,0.0034,3,,0.87083,,3
3,1,3,1.0,1.0,run3_bs2000_N1_M3_G1_CG1_interval23_step23_cooldown_for_k8,23,23,True,8.0,0.0034,8.0,0.0034,3,,0.870858,,3
3,1,3,1.0,1.0,run3_bs2000_N1_M3_G1_CG1_interval23_step23,23,23,False,,0.0093,7.0,0.0056,1,3,0.872618,0.87083,4
3,1,3,1.0,1.0,run3_bs2000_N1_M3_G1_CG1_interval24_step24_cooldown_for_k6,24,24,True,6.0,0.0034,8.0,0.0034,3,,0.870257,,3
3,1,3,1.0,1.0,run3_bs2000_N1_M3_G1_CG1_interval24_step24_cooldown_for_k7,24,24,True,7.0,0.0034,8.0,0.0034,3,,0.870437,,3
3,1,3,1.0,1.0,run3_bs2000_N1_M3_G1_CG1_interval24_step24_cooldown_for_k8,24,24,True,8.0,0.0034,8.0,0.0034,3,,0.870595,,3
3,1,3,1.0,1.0,run3_bs2000_N1_M3_G1_CG1_interval24_step24_cooldown_for_k5,24,24,True,5.0,0.0034,8.0,0.0034,3,,0.872382,,3
3,1,3,1.0,1.0,run3_bs2000_N1_M3_G1_CG1_interval24_step24,24,24,False,,0.0056,6.0,0.0093,1,3,0.874131,0.870257,4
3,1,3,1.0,1.0,run3_bs2000_N1_M3_G1_CG1_interval25_step25_cooldown_for_k5,25,25,True,5.0,0.0034,6.0,0.0093,3,,0.870156,,5
3,1,3,1.0,1.0,run3_bs2000_N1_M3_G1_CG1_interval25_step25_cooldown_for_k6,25,25,True,6.0,0.0034,8.0,0.0034,3,,0.870077,,3
3,1,3,1.0,1.0,run3_bs2000_N1_M3_G1_CG1_interval25_step25_cooldown_for_k7,25,25,True,7.0,0.0034,9.0,0.002,3,,0.870096,,4
3,1,3,1.0,1.0,run3_bs2000_N1_M3_G1_CG1_interval25_step25,25,25,False,,0.0093,6.0,0.0093,1,3,0.873111,0.870077,3
3,1,3,1.0,1.0,run3_bs2000_N1_M3_G1_CG1_interval26_step26_cooldown_for_k5,26,26,True,5.0,0.0034,8.0,0.0034,3,,0.870843,,3
3,1,3,1.0,1.0,run3_bs2000_N1_M3_G1_CG1_interval26_step26_cooldown_for_k6,26,26,True,6.0,0.0034,8.0,0.0034,3,,0.869846,,3
3,1,3,1.0,1.0,run3_bs2000_N1_M3_G1_CG1_interval26_step26_cooldown_for_k7,26,26,True,7.0,0.0034,8.0,0.0034,3,,0.869854,,3
3,1,3,1.0,1.0,run3_bs2000_N1_M3_G1_CG1_interval26_step26,26,26,False,,0.0093,6.0,0.0093,1,3,0.873441,0.869846,3
3,1,3,1.0,1.0,run3_bs2000_N1_M3_G1_CG1_interval27_step27_cooldown_for_k5,27,27,True,5.0,0.0034,8.0,0.0034,3,,0.870715,,3
3,1,3,1.0,1.0,run3_bs2000_N1_M3_G1_CG1_interval27_step27_cooldown_for_k6,27,27,True,6.0,0.0034,8.0,0.0034,3,,0.86969,,3
3,1,3,1.0,1.0,run3_bs2000_N1_M3_G1_CG1_interval27_step27_cooldown_for_k7,27,27,True,7.0,0.0034,9.0,0.002,3,,0.869672,,4
3,1,3,1.0,1.0,run3_bs2000_N1_M3_G1_CG1_interval27_step27_cooldown_for_k8,27,27,True,8.0,0.0034,9.0,0.002,3,,0.869717,,4
3,1,3,1.0,1.0,run3_bs2000_N1_M3_G1_CG1_interval27_step27,27,27,False,,0.0093,7.0,0.0056,1,3,0.870811,0.869672,4
3,1,3,1.0,1.0,run3_bs2000_N1_M3_G1_CG1_interval28_step28_cooldown_for_k6,28,28,True,6.0,0.002,7.0,0.0056,3,,0.86946,,5
3,1,3,1.0,1.0,run3_bs2000_N1_M3_G1_CG1_interval28_step28_cooldown_for_k7,28,28,True,7.0,0.002,8.0,0.0034,3,,0.869495,,4
3,1,3,1.0,1.0,run3_bs2000_N1_M3_G1_CG1_interval28_step28_cooldown_for_k8,28,28,True,8.0,0.002,9.0,0.002,3,,0.869554,,3
3,1,3,1.0,1.0,run3_bs2000_N1_M3_G1_CG1_interval28_step28_cooldown_for_k5,28,28,True,5.0,0.002,8.0,0.0034,3,,0.870184,,4
3,1,3,1.0,1.0,run3_bs2000_N1_M3_G1_CG1_interval28_step28,28,28,False,,0.0056,6.0,0.0093,1,3,0.87411,0.86946,4
3,1,3,1.0,1.0,run3_bs2000_N1_M3_G1_CG1_interval29_step29_cooldown_for_k5,29,29,True,5.0,0.0056,7.0,0.0056,3,,0.870135,,3
3,1,3,1.0,1.0,run3_bs2000_N1_M3_G1_CG1_interval29_step29_cooldown_for_k6,29,29,True,6.0,0.0056,8.0,0.0034,3,,0.869167,,4
3,1,3,1.0,1.0,run3_bs2000_N1_M3_G1_CG1_interval29_step29_cooldown_for_k7,29,29,True,7.0,0.0056,9.0,0.002,3,,0.869188,,5
3,1,3,1.0,1.0,run3_bs2000_N1_M3_G1_CG1_interval29_step29,29,29,False,,0.0093,6.0,0.0093,1,3,0.871588,0.869167,3
3,1,3,1.0,1.0,run3_bs2000_N1_M3_G1_CG1_interval30_step30_cooldown_for_k5,30,30,True,5.0,0.0034,8.0,0.0034,3,,0.870087,,3
3,1,3,1.0,1.0,run3_bs2000_N1_M3_G1_CG1_interval30_step30_cooldown_for_k6,30,30,True,6.0,0.0034,8.0,0.0034,3,,0.869062,,3
3,1,3,1.0,1.0,run3_bs2000_N1_M3_G1_CG1_interval30_step30_cooldown_for_k7,30,30,True,7.0,0.0034,9.0,0.002,3,,0.869077,,4
3,1,3,1.0,1.0,run3_bs2000_N1_M3_G1_CG1_interval30_step30,30,30,False,,0.0093,6.0,0.0093,1,3,0.872967,0.869062,3
3,1,3,1.0,1.0,run3_bs2000_N1_M3_G1_CG1_interval31_step31_cooldown_for_k5,31,31,True,5.0,0.0034,8.0,0.0034,3,,0.869846,,3
3,1,3,1.0,1.0,run3_bs2000_N1_M3_G1_CG1_interval31_step31_cooldown_for_k6,31,31,True,6.0,0.0034,8.0,0.0034,3,,0.868944,,3
3,1,3,1.0,1.0,run3_bs2000_N1_M3_G1_CG1_interval31_step31_cooldown_for_k7,31,31,True,7.0,0.0034,9.0,0.002,3,,0.868924,,4
3,1,3,1.0,1.0,run3_bs2000_N1_M3_G1_CG1_interval31_step31_cooldown_for_k8,31,31,True,8.0,0.0034,9.0,0.002,3,,0.868943,,4
3,1,3,1.0,1.0,run3_bs2000_N1_M3_G1_CG1_interval31_step31,31,31,False,,0.0093,7.0,0.0056,1,3,0.869759,0.868924,4
3,1,3,1.0,1.0,run3_bs2000_N1_M3_G1_CG1_interval32_step32_cooldown_for_k6,32,32,True,6.0,0.002,7.0,0.0056,3,,0.868908,,5
3,1,3,1.0,1.0,run3_bs2000_N1_M3_G1_CG1_interval32_step32_cooldown_for_k7,32,32,True,7.0,0.002,8.0,0.0034,3,,0.868836,,4
3,1,3,1.0,1.0,run3_bs2000_N1_M3_G1_CG1_interval32_step32_cooldown_for_k8,32,32,True,8.0,0.002,9.0,0.002,3,,0.868822,,3
3,1,3,1.0,1.0,run3_bs2000_N1_M3_G1_CG1_interval32_step32_cooldown_for_k9,32,32,True,9.0,0.002,9.0,0.002,3,,0.86882,,3
3,1,3,1.0,1.0,run3_bs2000_N1_M3_G1_CG1_interval32_step32_cooldown_for_k10,32,32,True,10.0,0.002,9.0,0.002,3,,0.868824,,3
3,1,3,1.0,1.0,run3_bs2000_N1_M3_G1_CG1_interval32_step32,32,32,False,,0.0056,9.0,0.002,1,3,0.869491,0.86882,5
3,1,3,1.0,1.0,run3_bs2000_N1_M3_G1_CG1_interval33_step33_cooldown_for_k8,33,33,True,8.0,0.002,9.0,0.002,3,,0.868654,,3
3,1,3,1.0,1.0,run3_bs2000_N1_M3_G1_CG1_interval33_step33_cooldown_for_k9,33,33,True,9.0,0.002,8.0,0.0034,3,,0.868721,,4
3,1,3,1.0,1.0,run3_bs2000_N1_M3_G1_CG1_interval33_step33_cooldown_for_k10,33,33,True,10.0,0.002,9.0,0.002,3,,0.868713,,3
3,1,3,1.0,1.0,run3_bs2000_N1_M3_G1_CG1_interval33_step33_cooldown_for_k7,33,33,True,7.0,0.002,8.0,0.0034,3,,0.868763,,4
3,1,3,1.0,1.0,run3_bs2000_N1_M3_G1_CG1_interval33_step33,33,33,False,,0.002,8.0,0.0034,1,3,0.869316,0.868654,4
3,1,3,1.0,1.0,run3_bs2000_N1_M3_G1_CG1_interval34_step34_cooldown_for_k7,34,34,True,7.0,0.002,8.0,0.0034,3,,0.868524,,4
3,1,3,1.0,1.0,run3_bs2000_N1_M3_G1_CG1_interval34_step34_cooldown_for_k8,34,34,True,8.0,0.002,9.0,0.002,3,,0.868573,,3
3,1,3,1.0,1.0,run3_bs2000_N1_M3_G1_CG1_interval34_step34_cooldown_for_k9,34,34,True,9.0,0.002,8.0,0.0034,3,,0.868596,,4
3,1,3,1.0,1.0,run3_bs2000_N1_M3_G1_CG1_interval34_step34_cooldown_for_k6,34,34,True,6.0,0.002,9.0,0.002,3,,0.869182,,3
3,1,3,1.0,1.0,run3_bs2000_N1_M3_G1_CG1_interval34_step34,34,34,False,,0.0034,7.0,0.0056,1,3,0.87017,0.868524,4
3,1,3,1.0,1.0,run3_bs2000_N1_M3_G1_CG1_interval35_step35_cooldown_for_k6,35,35,True,6.0,0.0034,8.0,0.0034,3,,0.868506,,3
3,1,3,1.0,1.0,run3_bs2000_N1_M3_G1_CG1_interval35_step35_cooldown_for_k7,35,35,True,7.0,0.0034,9.0,0.002,3,,0.868475,,4
3,1,3,1.0,1.0,run3_bs2000_N1_M3_G1_CG1_interval35_step35_cooldown_for_k8,35,35,True,8.0,0.0034,9.0,0.002,3,,0.868489,,4
3,1,3,1.0,1.0,run3_bs2000_N1_M3_G1_CG1_interval35_step35,35,35,False,,0.0056,7.0,0.0056,1,3,0.869522,0.868475,3
3,1,3,1.0,1.0,run3_bs2000_N1_M3_G1_CG1_interval36_step36_cooldown_for_k6,36,36,True,6.0,0.002,9.0,0.002,3,,0.868799,,3
3,1,3,1.0,1.0,run3_bs2000_N1_M3_G1_CG1_interval36_step36_cooldown_for_k7,36,36,True,7.0,0.002,9.0,0.002,3,,0.868368,,3
3,1,3,1.0,1.0,run3_bs2000_N1_M3_G1_CG1_interval36_step36_cooldown_for_k8,36,36,True,8.0,0.002,9.0,0.002,3,,0.868377,,3
3,1,3,1.0,1.0,run3_bs2000_N1_M3_G1_CG1_interval36_step36,36,36,False,,0.0056,7.0,0.0056,1,3,0.869897,0.868368,3
3,1,3,1.0,1.0,run3_bs2000_N1_M3_G1_CG1_interval37_step37_cooldown_for_k6,37,37,True,6.0,0.002,7.0,0.0056,3,,0.868339,,5
3,1,3,1.0,1.0,run3_bs2000_N1_M3_G1_CG1_interval37_step37_cooldown_for_k7,37,37,True,7.0,0.002,8.0,0.0034,3,,0.868284,,4
3,1,3,1.0,1.0,run3_bs2000_N1_M3_G1_CG1_interval37_step37_cooldown_for_k8,37,37,True,8.0,0.002,10.0,0.0012,3,,0.86833,,4
3,1,3,1.0,1.0,run3_bs2000_N1_M3_G1_CG1_interval37_step37,37,37,False,,0.0056,7.0,0.0056,1,3,0.869389,0.868284,3
3,1,3,1.0,1.0,run3_bs2000_N1_M3_G1_CG1_interval38_step38_cooldown_for_k6,38,38,True,6.0,0.0034,7.0,0.0056,3,,0.868387,,4
3,1,3,1.0,1.0,run3_bs2000_N1_M3_G1_CG1_interval38_step38_cooldown_for_k7,38,38,True,7.0,0.0034,8.0,0.0034,3,,0.868199,,3
3,1,3,1.0,1.0,run3_bs2000_N1_M3_G1_CG1_interval38_step38_cooldown_for_k8,38,38,True,8.0,0.0034,9.0,0.002,3,,0.868267,,4
3,1,3,1.0,1.0,run3_bs2000_N1_M3_G1_CG1_interval38_step38,38,38,False,,0.0056,7.0,0.0056,1,3,0.869667,0.868199,3
3,1,3,1.0,1.0,run3_bs2000_N1_M3_G1_CG1_interval39_step39_cooldown_for_k6,39,39,True,6.0,0.0034,8.0,0.0034,3,,0.868219,,3
3,1,3,1.0,1.0,run3_bs2000_N1_M3_G1_CG1_interval39_step39_cooldown_for_k7,39,39,True,7.0,0.0034,9.0,0.002,3,,0.868196,,4
3,1,3,1.0,1.0,run3_bs2000_N1_M3_G1_CG1_interval39_step39_cooldown_for_k8,39,39,True,8.0,0.0034,10.0,0.0012,3,,0.868197,,5
3,1,3,1.0,1.0,run3_bs2000_N1_M3_G1_CG1_interval39_step39,39,39,False,,0.0056,7.0,0.0056,1,3,0.86919,0.868196,3
3,1,3,1.0,1.0,run3_bs2000_N1_M3_G1_CG1_interval40_step40_cooldown_for_k6,40,40,True,6.0,0.002,9.0,0.002,3,,0.868516,,3
3,1,3,1.0,1.0,run3_bs2000_N1_M3_G1_CG1_interval40_step40_cooldown_for_k7,40,40,True,7.0,0.002,9.0,0.002,3,,0.868115,,3
3,1,3,1.0,1.0,run3_bs2000_N1_M3_G1_CG1_interval40_step40_cooldown_for_k8,40,40,True,8.0,0.002,9.0,0.002,3,,0.868144,,3
3,1,3,1.0,1.0,run3_bs2000_N1_M3_G1_CG1_interval40_step40,40,40,False,,0.0056,7.0,0.0056,1,3,0.869492,0.868115,3
3,1,3,1.0,1.0,run3_bs2000_N1_M3_G1_CG1_interval41_step41_cooldown_for_k6,41,41,True,6.0,0.002,7.0,0.0056,3,,0.868129,,5
3,1,3,1.0,1.0,run3_bs2000_N1_M3_G1_CG1_interval41_step41_cooldown_for_k7,41,41,True,7.0,0.002,8.0,0.0034,3,,0.868066,,4
3,1,3,1.0,1.0,run3_bs2000_N1_M3_G1_CG1_interval41_step41_cooldown_for_k8,41,41,True,8.0,0.002,10.0,0.0012,3,,0.868076,,4
3,1,3,1.0,1.0,run3_bs2000_N1_M3_G1_CG1_interval41_step41,41,41,False,,0.0056,7.0,0.0056,1,3,0.869137,0.868066,3
3,1,3,1.0,1.0,run3_bs2000_N1_M3_G1_CG1_interval42_step42_cooldown_for_k6,42,42,True,6.0,0.0034,7.0,0.0056,3,,0.86817,,4
3,1,3,1.0,1.0,run3_bs2000_N1_M3_G1_CG1_interval42_step42_cooldown_for_k7,42,42,True,7.0,0.0034,8.0,0.0034,3,,0.867971,,3
3,1,3,1.0,1.0,run3_bs2000_N1_M3_G1_CG1_interval42_step42_cooldown_for_k8,42,42,True,8.0,0.0034,10.0,0.0012,3,,0.868051,,5
3,1,3,1.0,1.0,run3_bs2000_N1_M3_G1_CG1_interval42_step42,42,42,False,,0.0056,7.0,0.0056,1,3,0.869337,0.867971,3
3,1,3,1.0,1.0,run3_bs2000_N1_M3_G1_CG1_interval43_step43_cooldown_for_k6,43,43,True,6.0,0.0034,7.0,0.0056,3,,0.86802,,4
3,1,3,1.0,1.0,run3_bs2000_N1_M3_G1_CG1_interval43_step43_cooldown_for_k7,43,43,True,7.0,0.0034,9.0,0.002,3,,0.867983,,4
3,1,3,1.0,1.0,run3_bs2000_N1_M3_G1_CG1_interval43_step43_cooldown_for_k8,43,43,True,8.0,0.0034,10.0,0.0012,3,,0.867978,,5
3,1,3,1.0,1.0,run3_bs2000_N1_M3_G1_CG1_interval43_step43_cooldown_for_k9,43,43,True,9.0,0.0034,10.0,0.0012,3,,0.867993,,5
3,1,3,1.0,1.0,run3_bs2000_N1_M3_G1_CG1_interval43_step43,43,43,False,,0.0056,8.0,0.0034,1,3,0.868309,0.867978,4
3,1,3,1.0,1.0,run3_bs2000_N1_M3_G1_CG1_interval44_step44_cooldown_for_k7,44,44,True,7.0,0.0012,8.0,0.0034,3,,0.867888,,5
3,1,3,1.0,1.0,run3_bs2000_N1_M3_G1_CG1_interval44_step44_cooldown_for_k8,44,44,True,8.0,0.0012,9.0,0.002,3,,0.86794,,4
3,1,3,1.0,1.0,run3_bs2000_N1_M3_G1_CG1_interval44_step44_cooldown_for_k9,44,44,True,9.0,0.0012,10.0,0.0012,3,,0.867947,,3
3,1,3,1.0,1.0,run3_bs2000_N1_M3_G1_CG1_interval44_step44_cooldown_for_k6,44,44,True,6.0,0.0012,9.0,0.002,3,,0.868189,,4
3,1,3,1.0,1.0,run3_bs2000_N1_M3_G1_CG1_interval44_step44,44,44,False,,0.0034,7.0,0.0056,1,3,0.869731,0.867888,4
3,1,3,1.0,1.0,run3_bs2000_N1_M3_G1_CG1_interval45_step45_cooldown_for_k6,45,45,True,6.0,0.0034,8.0,0.0034,3,,0.867912,,3
3,1,3,1.0,1.0,run3_bs2000_N1_M3_G1_CG1_interval45_step45_cooldown_for_k7,45,45,True,7.0,0.0034,9.0,0.002,3,,0.867827,,4
3,1,3,1.0,1.0,run3_bs2000_N1_M3_G1_CG1_interval45_step45_cooldown_for_k8,45,45,True,8.0,0.0034,10.0,0.0012,3,,0.867835,,5
3,1,3,1.0,1.0,run3_bs2000_N1_M3_G1_CG1_interval45_step45,45,45,False,,0.0056,7.0,0.0056,1,3,0.868724,0.867827,3
3,1,3,1.0,1.0,run3_bs2000_N1_M3_G1_CG1_interval46_step46_cooldown_for_k6,46,46,True,6.0,0.002,9.0,0.002,3,,0.86823,,3
3,1,3,1.0,1.0,run3_bs2000_N1_M3_G1_CG1_interval46_step46_cooldown_for_k7,46,46,True,7.0,0.002,9.0,0.002,3,,0.86781,,3
3,1,3,1.0,1.0,run3_bs2000_N1_M3_G1_CG1_interval46_step46_cooldown_for_k8,46,46,True,8.0,0.002,8.0,0.0034,3,,0.867783,,4
3,1,3,1.0,1.0,run3_bs2000_N1_M3_G1_CG1_interval46_step46_cooldown_for_k9,46,46,True,9.0,0.002,10.0,0.0012,3,,0.867793,,4
3,1,3,1.0,1.0,run3_bs2000_N1_M3_G1_CG1_interval46_step46,46,46,False,,0.0056,8.0,0.0034,1,3,0.868301,0.867783,4
3,1,3,1.0,1.0,run3_bs2000_N1_M3_G1_CG1_interval47_step47,47,47,False,,0.0034,10.0,0.0012,1,0,0.867954,0.867954,5
3,1,3,1.0,1.0,run3_bs2000_N1_M3_G1_CG1_interval48_step48,48,48,False,,0.0012,14.0,0.00016,1,0,0.867887,0.867887,7
3,1,3,1.0,1.0,run3_bs2000_N1_M3_G1_CG1_interval49_step49,49,49,False,,0.00016,14.0,0.00016,1,0,0.867881,0.867881,3
4,1,4,1.0,1.0,run4_bs2000_N1_M4_G1_CG1_interval0_step0_cooldown_for_k-1,0,0,True,-1.0,0.2,2.0,0.072,4,,1.432288,,5
4,1,4,1.0,1.0,run4_bs2000_N1_M4_G1_CG1_interval0_step0_cooldown_for_k0,0,0,True,0.0,0.2,3.0,0.043,4,,1.366346,,6
4,1,4,1.0,1.0,run4_bs2000_N1_M4_G1_CG1_interval0_step0_cooldown_for_k1,0,0,True,1.0,0.2,3.0,0.043,4,,1.355953,,6
4,1,4,1.0,1.0,run4_bs2000_N1_M4_G1_CG1_interval0_step0_cooldown_for_k2,0,0,True,2.0,0.2,3.0,0.043,4,,1.378574,,6
4,1,4,1.0,1.0,run4_bs2000_N1_M4_G1_CG1_interval0_step0,0,0,False,,0.2,1.0,0.12,1,4,2.220125,1.355953,4
4,1,4,1.0,1.0,run4_bs2000_N1_M4_G1_CG1_interval1_step1_cooldown_for_k0,1,1,True,0.0,0.043,4.0,0.026,4,,1.12396,,4
4,1,4,1.0,1.0,run4_bs2000_N1_M4_G1_CG1_interval1_step1_cooldown_for_k1,1,1,True,1.0,0.043,3.0,0.043,4,,1.189002,,3
4,1,4,1.0,1.0,run4_bs2000_N1_M4_G1_CG1_interval1_step1_cooldown_for_k2,1,1,True,2.0,0.043,3.0,0.043,4,,1.298071,,3
4,1,4,1.0,1.0,run4_bs2000_N1_M4_G1_CG1_interval1_step1_cooldown_for_k-1,1,1,True,-1.0,0.043,3.0,0.043,4,,1.383515,,3
4,1,4,1.0,1.0,run4_bs2000_N1_M4_G1_CG1_interval1_step1,1,1,False,,0.12,0.0,0.2,1,4,2.109526,1.12396,4
4,1,4,1.0,1.0,run4_bs2000_N1_M4_G1_CG1_interval2_step2_cooldown_for_k-1,2,2,True,-1.0,0.026,4.0,0.026,4,,1.109448,,3
4,1,4,1.0,1.0,run4_bs2000_N1_M4_G1_CG1_interval2_step2_cooldown_for_k0,2,2,True,0.0,0.026,4.0,0.026,4,,1.042448,,3
4,1,4,1.0,1.0,run4_bs2000_N1_M4_G1_CG1_interval2_step2_cooldown_for_k1,2,2,True,1.0,0.026,4.0,0.026,4,,1.063393,,3
4,1,4,1.0,1.0,run4_bs2000_N1_M4_G1_CG1_interval2_step2,2,2,False,,0.2,0.0,0.2,1,4,1.822001,1.042448,3
4,1,4,1.0,1.0,run4_bs2000_N1_M4_G1_CG1_interval3_step3_cooldown_for_k-1,3,3,True,-1.0,0.026,4.0,0.026,4,,1.059686,,3
4,1,4,1.0,1.0,run4_bs2000_N1_M4_G1_CG1_interval3_step3_cooldown_for_k0,3,3,True,0.0,0.026,4.0,0.026,4,,0.989397,,3
4,1,4,1.0,1.0,run4_bs2000_N1_M4_G1_CG1_interval3_step3_cooldown_for_k1,3,3,True,1.0,0.026,4.0,0.026,4,,0.975519,,3
4,1,4,1.0,1.0,run4_bs2000_N1_M4_G1_CG1_interval3_step3_cooldown_for_k2,3,3,True,2.0,0.026,4.0,0.026,4,,0.991188,,3
4,1,4,1.0,1.0,run4_bs2000_N1_M4_G1_CG1_interval3_step3,3,3,False,,0.2,1.0,0.12,1,4,1.723151,0.975519,4
4,1,4,1.0,1.0,run4_bs2000_N1_M4_G1_CG1_interval4_step4_cooldown_for_k0,4,4,True,0.0,0.026,4.0,0.026,4,,0.951112,,3
4,1,4,1.0,1.0,run4_bs2000_N1_M4_G1_CG1_interval4_step4_cooldown_for_k1,4,4,True,1.0,0.026,4.0,0.026,4,,0.93202,,3
4,1,4,1.0,1.0,run4_bs2000_N1_M4_G1_CG1_interval4_step4_cooldown_for_k2,4,4,True,2.0,0.026,4.0,0.026,4,,0.933922,,3
4,1,4,1.0,1.0,run4_bs2000_N1_M4_G1_CG1_interval4_step4,4,4,False,,0.12,1.0,0.12,1,4,1.48736,0.93202,3
4,1,4,1.0,1.0,run4_bs2000_N1_M4_G1_CG1_interval5_step5_cooldown_for_k0,5,5,True,0.0,0.026,4.0,0.026,4,,0.935706,,3
4,1,4,1.0,1.0,run4_bs2000_N1_M4_G1_CG1_interval5_step5_cooldown_for_k1,5,5,True,1.0,0.026,4.0,0.026,4,,0.913134,,3
4,1,4,1.0,1.0,run4_bs2000_N1_M4_G1_CG1_interval5_step5_cooldown_for_k2,5,5,True,2.0,0.026,5.0,0.016,4,,0.924457,,4
4,1,4,1.0,1.0,run4_bs2000_N1_M4_G1_CG1_interval5_step5,5,5,False,,0.12,1.0,0.12,1,4,1.364705,0.913134,3
4,1,4,1.0,1.0,run4_bs2000_N1_M4_G1_CG1_interval6_step6_cooldown_for_k0,6,6,True,0.0,0.026,4.0,0.026,4,,0.922875,,3
4,1,4,1.0,1.0,run4_bs2000_N1_M4_G1_CG1_interval6_step6_cooldown_for_k1,6,6,True,1.0,0.026,4.0,0.026,4,,0.902328,,3
4,1,4,1.0,1.0,run4_bs2000_N1_M4_G1_CG1_interval6_step6_cooldown_for_k2,6,6,True,2.0,0.026,5.0,0.016,4,,0.908088,,4
4,1,4,1.0,1.0,run4_bs2000_N1_M4_G1_CG1_interval6_step6,6,6,False,,0.12,1.0,0.12,1,4,1.267977,0.902328,3
4,1,4,1.0,1.0,run4_bs2000_N1_M4_G1_CG1_interval7_step7_cooldown_for_k0,7,7,True,0.0,0.026,4.0,0.026,4,,0.913653,,3
4,1,4,1.0,1.0,run4_bs2000_N1_M4_G1_CG1_interval7_step7_cooldown_for_k1,7,7,True,1.0,0.026,4.0,0.026,4,,0.901817,,3
4,1,4,1.0,1.0,run4_bs2000_N1_M4_G1_CG1_interval7_step7_cooldown_for_k2,7,7,True,2.0,0.026,5.0,0.016,4,,0.898004,,4
4,1,4,1.0,1.0,run4_bs2000_N1_M4_G1_CG1_interval7_step7_cooldown_for_k3,7,7,True,3.0,0.026,5.0,0.016,4,,0.899698,,4
4,1,4,1.0,1.0,run4_bs2000_N1_M4_G1_CG1_interval7_step7,7,7,False,,0.12,2.0,0.072,1,4,1.121832,0.898004,4
4,1,4,1.0,1.0,run4_bs2000_N1_M4_G1_CG1_interval8_step8_cooldown_for_k1,8,8,True,1.0,0.016,4.0,0.026,4,,0.895147,,4
4,1,4,1.0,1.0,run4_bs2000_N1_M4_G1_CG1_interval8_step8_cooldown_for_k2,8,8,True,2.0,0.016,5.0,0.016,4,,0.890951,,3
4,1,4,1.0,1.0,run4_bs2000_N1_M4_G1_CG1_interval8_step8_cooldown_for_k3,8,8,True,3.0,0.016,5.0,0.016,4,,0.891587,,3
4,1,4,1.0,1.0,run4_bs2000_N1_M4_G1_CG1_interval8_step8,8,8,False,,0.072,2.0,0.072,1,4,1.081979,0.890951,3
4,1,4,1.0,1.0,run4_bs2000_N1_M4_G1_CG1_interval9_step9_cooldown_for_k1,9,9,True,1.0,0.016,4.0,0.026,4,,0.892246,,4
4,1,4,1.0,1.0,run4_bs2000_N1_M4_G1_CG1_interval9_step9_cooldown_for_k2,9,9,True,2.0,0.016,5.0,0.016,4,,0.883756,,3
4,1,4,1.0,1.0,run4_bs2000_N1_M4_G1_CG1_interval9_step9_cooldown_for_k3,9,9,True,3.0,0.016,6.0,0.0093,4,,0.884501,,4
4,1,4,1.0,1.0,run4_bs2000_N1_M4_G1_CG1_interval9_step9,9,9,False,,0.072,2.0,0.072,1,4,0.99787,0.883756,3
4,1,4,1.0,1.0,run4_bs2000_N1_M4_G1_CG1_interval10_step10_cooldown_for_k1,10,10,True,1.0,0.016,4.0,0.026,4,,0.890557,,4
4,1,4,1.0,1.0,run4_bs2000_N1_M4_G1_CG1_interval10_step10_cooldown_for_k2,10,10,True,2.0,0.016,5.0,0.016,4,,0.88224,,3
4,1,4,1.0,1.0,run4_bs2000_N1_M4_G1_CG1_interval10_step10_cooldown_for_k3,10,10,True,3.0,0.016,6.0,0.0093,4,,0.880605,,4
4,1,4,1.0,1.0,run4_bs2000_N1_M4_G1_CG1_interval10_step10_cooldown_for_k4,10,10,True,4.0,0.016,6.0,0.0093,4,,0.880772,,4
4,1,4,1.0,1.0,run4_bs2000_N1_M4_G1_CG1_interval10_step10,10,10,False,,0.072,3.0,0.043,1,4,0.935339,0.880605,4
4,1,4,1.0,1.0,run4_bs2000_N1_M4_G1_CG1_interval11_step11_cooldown_for_k2,11,11,True,2.0,0.0093,5.0,0.016,4,,0.885829,,4
4,1,4,1.0,1.0,run4_bs2000_N1_M4_G1_CG1_interval11_step11_cooldown_for_k3,11,11,True,3.0,0.0093,6.0,0.0093,4,,0.879061,,3
4,1,4,1.0,1.0,run4_bs2000_N1_M4_G1_CG1_interval11_step11_cooldown_for_k4,11,11,True,4.0,0.0093,6.0,0.0093,4,,0.877535,,3
4,1,4,1.0,1.0,run4_bs2000_N1_M4_G1_CG1_interval11_step11_cooldown_for_k5,11,11,True,5.0,0.0093,6.0,0.0093,4,,0.878242,,3
4,1,4,1.0,1.0,run4_bs2000_N1_M4_G1_CG1_interval11_step11,11,11,False,,0.043,4.0,0.026,1,4,0.904536,0.877535,4
4,1,4,1.0,1.0,run4_bs2000_N1_M4_G1_CG1_interval12_step12_cooldown_for_k3,12,12,True,3.0,0.0093,5.0,0.016,4,,0.878417,,4
4,1,4,1.0,1.0,run4_bs2000_N1_M4_G1_CG1_interval12_step12_cooldown_for_k4,12,12,True,4.0,0.0093,6.0,0.0093,4,,0.876243,,3
4,1,4,1.0,1.0,run4_bs2000_N1_M4_G1_CG1_interval12_step12_cooldown_for_k5,12,12,True,5.0,0.0093,7.0,0.0056,4,,0.876137,,4
4,1,4,1.0,1.0,run4_bs2000_N1_M4_G1_CG1_interval12_step12_cooldown_for_k6,12,12,True,6.0,0.0093,7.0,0.0056,4,,0.876455,,4
4,1,4,1.0,1.0,run4_bs2000_N1_M4_G1_CG1_interval12_step12,12,12,False,,0.026,5.0,0.016,1,4,0.891594,0.876137,4
4,1,4,1.0,1.0,run4_bs2000_N1_M4_G1_CG1_interval13_step13_cooldown_for_k4,13,13,True,4.0,0.0056,6.0,0.0093,4,,0.875085,,4
4,1,4,1.0,1.0,run4_bs2000_N1_M4_G1_CG1_interval13_step13_cooldown_for_k5,13,13,True,5.0,0.0056,7.0,0.0056,4,,0.874706,,3
4,1,4,1.0,1.0,run4_bs2000_N1_M4_G1_CG1_interval13_step13_cooldown_for_k6,13,13,True,6.0,0.0056,7.0,0.0056,4,,0.87466,,3
4,1,4,1.0,1.0,run4_bs2000_N1_M4_G1_CG1_interval13_step13_cooldown_for_k7,13,13,True,7.0,0.0056,7.0,0.0056,4,,0.875018,,3
4,1,4,1.0,1.0,run4_bs2000_N1_M4_G1_CG1_interval13_step13,13,13,False,,0.016,6.0,0.0093,1,4,0.884591,0.87466,4
4,1,4,1.0,1.0,run4_bs2000_N1_M4_G1_CG1_interval14_step14_cooldown_for_k5,14,14,True,5.0,0.0056,7.0,0.0056,4,,0.873675,,3
4,1,4,1.0,1.0,run4_bs2000_N1_M4_G1_CG1_interval14_step14_cooldown_for_k6,14,14,True,6.0,0.0056,7.0,0.0056,4,,0.873703,,3
4,1,4,1.0,1.0,run4_bs2000_N1_M4_G1_CG1_interval14_step14_cooldown_for_k7,14,14,True,7.0,0.0056,7.0,0.0056,4,,0.874061,,3
4,1,4,1.0,1.0,run4_bs2000_N1_M4_G1_CG1_interval14_step14_cooldown_for_k4,14,14,True,4.0,0.0056,6.0,0.0093,4,,0.873714,,4
4,1,4,1.0,1.0,run4_bs2000_N1_M4_G1_CG1_interval14_step14,14,14,False,,0.0093,5.0,0.016,1,4,0.886075,0.873675,4
4,1,4,1.0,1.0,run4_bs2000_N1_M4_G1_CG1_interval15_step15_cooldown_for_k4,15,15,True,4.0,0.0056,6.0,0.0093,4,,0.873662,,4
4,1,4,1.0,1.0,run4_bs2000_N1_M4_G1_CG1_interval15_step15_cooldown_for_k5,15,15,True,5.0,0.0056,7.0,0.0056,4,,0.872878,,3
4,1,4,1.0,1.0,run4_bs2000_N1_M4_G1_CG1_interval15_step15_cooldown_for_k6,15,15,True,6.0,0.0056,7.0,0.0056,4,,0.872857,,3
4,1,4,1.0,1.0,run4_bs2000_N1_M4_G1_CG1_interval15_step15_cooldown_for_k7,15,15,True,7.0,0.0056,7.0,0.0056,4,,0.872883,,3
4,1,4,1.0,1.0,run4_bs2000_N1_M4_G1_CG1_interval15_step15,15,15,False,,0.016,6.0,0.0093,1,4,0.878502,0.872857,4
4,1,4,1.0,1.0,run4_bs2000_N1_M4_G1_CG1_interval16_step16_cooldown_for_k5,16,16,True,5.0,0.0056,7.0,0.0056,4,,0.872152,,3
4,1,4,1.0,1.0,run4_bs2000_N1_M4_G1_CG1_interval16_step16_cooldown_for_k6,16,16,True,6.0,0.0056,7.0,0.0056,4,,0.872129,,3
4,1,4,1.0,1.0,run4_bs2000_N1_M4_G1_CG1_interval16_step16_cooldown_for_k7,16,16,True,7.0,0.0056,7.0,0.0056,4,,0.872244,,3
4,1,4,1.0,1.0,run4_bs2000_N1_M4_G1_CG1_interval16_step16,16,16,False,,0.0093,6.0,0.0093,1,4,0.878917,0.872129,3
4,1,4,1.0,1.0,run4_bs2000_N1_M4_G1_CG1_interval17_step17_cooldown_for_k5,17,17,True,5.0,0.0056,7.0,0.0056,4,,0.872092,,3
4,1,4,1.0,1.0,run4_bs2000_N1_M4_G1_CG1_interval17_step17_cooldown_for_k6,17,17,True,6.0,0.0056,7.0,0.0056,4,,0.871451,,3
4,1,4,1.0,1.0,run4_bs2000_N1_M4_G1_CG1_interval17_step17_cooldown_for_k7,17,17,True,7.0,0.0056,8.0,0.0034,4,,0.871734,,4
4,1,4,1.0,1.0,run4_bs2000_N1_M4_G1_CG1_interval17_step17,17,17,False,,0.0093,6.0,0.0093,1,4,0.876631,0.871451,3
4,1,4,1.0,1.0,run4_bs2000_N1_M4_G1_CG1_interval18_step18_cooldown_for_k5,18,18,True,5.0,0.0056,7.0,0.0056,4,,0.871141,,3
4,1,4,1.0,1.0,run4_bs2000_N1_M4_G1_CG1_interval18_step18_cooldown_for_k6,18,18,True,6.0,0.0056,7.0,0.0056,4,,0.871262,,3
4,1,4,1.0,1.0,run4_bs2000_N1_M4_G1_CG1_interval18_step18_cooldown_for_k7,18,18,True,7.0,0.0056,8.0,0.0034,4,,0.871181,,4
4,1,4,1.0,1.0,run4_bs2000_N1_M4_G1_CG1_interval18_step18_cooldown_for_k4,18,18,True,4.0,0.0056,6.0,0.0093,4,,0.871916,,4
4,1,4,1.0,1.0,run4_bs2000_N1_M4_G1_CG1_interval18_step18,18,18,False,,0.0093,5.0,0.016,1,4,0.886212,0.871141,4
4,1,4,1.0,1.0,run4_bs2000_N1_M4_G1_CG1_interval19_step19_cooldown_for_k4,19,19,True,4.0,0.0056,7.0,0.0056,4,,0.871379,,3
4,1,4,1.0,1.0,run4_bs2000_N1_M4_G1_CG1_interval19_step19_cooldown_for_k5,19,19,True,5.0,0.0056,8.0,0.0034,4,,0.870852,,4
4,1,4,1.0,1.0,run4_bs2000_N1_M4_G1_CG1_interval19_step19_cooldown_for_k6,19,19,True,6.0,0.0056,8.0,0.0034,4,,0.870694,,4
4,1,4,1.0,1.0,run4_bs2000_N1_M4_G1_CG1_interval19_step19_cooldown_for_k7,19,19,True,7.0,0.0056,8.0,0.0034,4,,0.87083,,4
4,1,4,1.0,1.0,run4_bs2000_N1_M4_G1_CG1_interval19_step19,19,19,False,,0.016,6.0,0.0093,1,4,0.874507,0.870694,4
4,1,4,1.0,1.0,run4_bs2000_N1_M4_G1_CG1_interval20_step20_cooldown_for_k5,20,20,True,5.0,0.0034,7.0,0.0056,4,,0.870365,,4
4,1,4,1.0,1.0,run4_bs2000_N1_M4_G1_CG1_interval20_step20_cooldown_for_k6,20,20,True,6.0,0.0034,8.0,0.0034,4,,0.870364,,3
4,1,4,1.0,1.0,run4_bs2000_N1_M4_G1_CG1_interval20_step20_cooldown_for_k7,20,20,True,7.0,0.0034,8.0,0.0034,4,,0.870321,,3
4,1,4,1.0,1.0,run4_bs2000_N1_M4_G1_CG1_interval20_step20_cooldown_for_k8,20,20,True,8.0,0.0034,8.0,0.0034,4,,0.870317,,3
4,1,4,1.0,1.0,run4_bs2000_N1_M4_G1_CG1_interval20_step20_cooldown_for_k9,20,20,True,9.0,0.0034,8.0,0.0034,4,,0.870464,,3
4,1,4,1.0,1.0,run4_bs2000_N1_M4_G1_CG1_interval20_step20,20,20,False,,0.0093,8.0,0.0034,1,4,0.872809,0.870317,5
4,1,4,1.0,1.0,run4_bs2000_N1_M4_G1_CG1_interval21_step21_cooldown_for_k7,21,21,True,7.0,0.0034,8.0,0.0034,4,,0.869965,,3
4,1,4,1.0,1.0,run4_bs2000_N1_M4_G1_CG1_interval21_step21_cooldown_for_k8,21,21,True,8.0,0.0034,8.0,0.0034,4,,0.870158,,3
4,1,4,1.0,1.0,run4_bs2000_N1_M4_G1_CG1_interval21_step21_cooldown_for_k9,21,21,True,9.0,0.0034,8.0,0.0034,4,,0.870267,,3
4,1,4,1.0,1.0,run4_bs2000_N1_M4_G1_CG1_interval21_step21_cooldown_for_k6,21,21,True,6.0,0.0034,8.0,0.0034,4,,0.870296,,3
4,1,4,1.0,1.0,run4_bs2000_N1_M4_G1_CG1_interval21_step21,21,21,False,,0.0034,7.0,0.0056,1,4,0.872246,0.869965,4
4,1,4,1.0,1.0,run4_bs2000_N1_M4_G1_CG1_interval22_step22_cooldown_for_k6,22,22,True,6.0,0.0034,8.0,0.0034,4,,0.86993,,3
4,1,4,1.0,1.0,run4_bs2000_N1_M4_G1_CG1_interval22_step22_cooldown_for_k7,22,22,True,7.0,0.0034,8.0,0.0034,4,,0.86976,,3
4,1,4,1.0,1.0,run4_bs2000_N1_M4_G1_CG1_interval22_step22_cooldown_for_k8,22,22,True,8.0,0.0034,8.0,0.0034,4,,0.869939,,3
4,1,4,1.0,1.0,run4_bs2000_N1_M4_G1_CG1_interval22_step22,22,22,False,,0.0056,7.0,0.0056,1,4,0.872155,0.86976,3
4,1,4,1.0,1.0,run4_bs2000_N1_M4_G1_CG1_interval23_step23_cooldown_for_k6,23,23,True,6.0,0.0034,8.0,0.0034,4,,0.869847,,3
4,1,4,1.0,1.0,run4_bs2000_N1_M4_G1_CG1_interval23_step23_cooldown_for_k7,23,23,True,7.0,0.0034,8.0,0.0034,4,,0.869609,,3
4,1,4,1.0,1.0,run4_bs2000_N1_M4_G1_CG1_interval23_step23_cooldown_for_k8,23,23,True,8.0,0.0034,7.0,0.0056,4,,0.869728,,4
4,1,4,1.0,1.0,run4_bs2000_N1_M4_G1_CG1_interval23_step23,23,23,False,,0.0056,7.0,0.0056,1,4,0.871796,0.869609,3
4,1,4,1.0,1.0,run4_bs2000_N1_M4_G1_CG1_interval24_step24_cooldown_for_k6,24,24,True,6.0,0.0034,8.0,0.0034,4,,0.86957,,3
4,1,4,1.0,1.0,run4_bs2000_N1_M4_G1_CG1_interval24_step24_cooldown_for_k7,24,24,True,7.0,0.0034,8.0,0.0034,4,,0.869415,,3
4,1,4,1.0,1.0,run4_bs2000_N1_M4_G1_CG1_interval24_step24_cooldown_for_k8,24,24,True,8.0,0.0034,9.0,0.002,4,,0.869524,,4
4,1,4,1.0,1.0,run4_bs2000_N1_M4_G1_CG1_interval24_step24,24,24,False,,0.0056,7.0,0.0056,1,4,0.871548,0.869415,3
4,1,4,1.0,1.0,run4_bs2000_N1_M4_G1_CG1_interval25_step25_cooldown_for_k6,25,25,True,6.0,0.0034,8.0,0.0034,4,,0.86953,,3
4,1,4,1.0,1.0,run4_bs2000_N1_M4_G1_CG1_interval25_step25_cooldown_for_k7,25,25,True,7.0,0.0034,8.0,0.0034,4,,0.86924,,3
4,1,4,1.0,1.0,run4_bs2000_N1_M4_G1_CG1_interval25_step25_cooldown_for_k8,25,25,True,8.0,0.0034,9.0,0.002,4,,0.869343,,4
4,1,4,1.0,1.0,run4_bs2000_N1_M4_G1_CG1_interval25_step25,25,25,False,,0.0056,7.0,0.0056,1,4,0.871275,0.86924,3
4,1,4,1.0,1.0,run4_bs2000_N1_M4_G1_CG1_interval26_step26_cooldown_for_k6,26,26,True,6.0,0.0034,8.0,0.0034,4,,0.869238,,3
4,1,4,1.0,1.0,run4_bs2000_N1_M4_G1_CG1_interval26_step26_cooldown_for_k7,26,26,True,7.0,0.0034,8.0,0.0034,4,,0.869128,,3
4,1,4,1.0,1.0,run4_bs2000_N1_M4_G1_CG1_interval26_step26_cooldown_for_k8,26,26,True,8.0,0.0034,9.0,0.002,4,,0.869175,,4
4,1,4,1.0,1.0,run4_bs2000_N1_M4_G1_CG1_interval26_step26,26,26,False,,0.0056,7.0,0.0056,1,4,0.871059,0.869128,3
4,1,4,1.0,1.0,run4_bs2000_N1_M4_G1_CG1_interval27_step27_cooldown_for_k6,27,27,True,6.0,0.0034,8.0,0.0034,4,,0.869154,,3
4,1,4,1.0,1.0,run4_bs2000_N1_M4_G1_CG1_interval27_step27_cooldown_for_k7,27,27,True,7.0,0.0034,8.0,0.0034,4,,0.868988,,3
4,1,4,1.0,1.0,run4_bs2000_N1_M4_G1_CG1_interval27_step27_cooldown_for_k8,27,27,True,8.0,0.0034,9.0,0.002,4,,0.869032,,4
4,1,4,1.0,1.0,run4_bs2000_N1_M4_G1_CG1_interval27_step27,27,27,False,,0.0056,7.0,0.0056,1,4,0.870846,0.868988,3
4,1,4,1.0,1.0,run4_bs2000_N1_M4_G1_CG1_interval28_step28_cooldown_for_k6,28,28,True,6.0,0.0034,8.0,0.0034,4,,0.868949,,3
4,1,4,1.0,1.0,run4_bs2000_N1_M4_G1_CG1_interval28_step28_cooldown_for_k7,28,28,True,7.0,0.0034,8.0,0.0034,4,,0.868884,,3
4,1,4,1.0,1.0,run4_bs2000_N1_M4_G1_CG1_interval28_step28_cooldown_for_k8,28,28,True,8.0,0.0034,9.0,0.002,4,,0.868897,,4
4,1,4,1.0,1.0,run4_bs2000_N1_M4_G1_CG1_interval28_step28,28,28,False,,0.0056,7.0,0.0056,1,4,0.870661,0.868884,3
4,1,4,1.0,1.0,run4_bs2000_N1_M4_G1_CG1_interval29_step29_cooldown_for_k6,29,29,True,6.0,0.0034,8.0,0.0034,4,,0.868906,,3
4,1,4,1.0,1.0,run4_bs2000_N1_M4_G1_CG1_interval29_step29_cooldown_for_k7,29,29,True,7.0,0.0034,8.0,0.0034,4,,0.868759,,3
4,1,4,1.0,1.0,run4_bs2000_N1_M4_G1_CG1_interval29_step29_cooldown_for_k8,29,29,True,8.0,0.0034,9.0,0.002,4,,0.868783,,4
4,1,4,1.0,1.0,run4_bs2000_N1_M4_G1_CG1_interval29_step29,29,29,False,,0.0056,7.0,0.0056,1,4,0.87049,0.868759,3
4,1,4,1.0,1.0,run4_bs2000_N1_M4_G1_CG1_interval30_step30_cooldown_for_k6,30,30,True,6.0,0.0034,8.0,0.0034,4,,0.868747,,3
4,1,4,1.0,1.0,run4_bs2000_N1_M4_G1_CG1_interval30_step30_cooldown_for_k7,30,30,True,7.0,0.0034,8.0,0.0034,4,,0.868654,,3
4,1,4,1.0,1.0,run4_bs2000_N1_M4_G1_CG1_interval30_step30_cooldown_for_k8,30,30,True,8.0,0.0034,9.0,0.002,4,,0.868669,,4
4,1,4,1.0,1.0,run4_bs2000_N1_M4_G1_CG1_interval30_step30,30,30,False,,0.0056,7.0,0.0056,1,4,0.87033,0.868654,3
4,1,4,1.0,1.0,run4_bs2000_N1_M4_G1_CG1_interval31_step31_cooldown_for_k6,31,31,True,6.0,0.0034,8.0,0.0034,4,,0.868681,,3
4,1,4,1.0,1.0,run4_bs2000_N1_M4_G1_CG1_interval31_step31_cooldown_for_k7,31,31,True,7.0,0.0034,8.0,0.0034,4,,0.868573,,3
4,1,4,1.0,1.0,run4_bs2000_N1_M4_G1_CG1_interval31_step31_cooldown_for_k8,31,31,True,8.0,0.0034,9.0,0.002,4,,0.868572,,4
4,1,4,1.0,1.0,run4_bs2000_N1_M4_G1_CG1_interval31_step31_cooldown_for_k9,31,31,True,9.0,0.0034,9.0,0.002,4,,0.868605,,4
4,1,4,1.0,1.0,run4_bs2000_N1_M4_G1_CG1_interval31_step31,31,31,False,,0.0056,8.0,0.0034,1,4,0.869379,0.868572,4
4,1,4,1.0,1.0,run4_bs2000_N1_M4_G1_CG1_interval32_step32_cooldown_for_k7,32,32,True,7.0,0.002,9.0,0.002,4,,0.868411,,3
4,1,4,1.0,1.0,run4_bs2000_N1_M4_G1_CG1_interval32_step32_cooldown_for_k8,32,32,True,8.0,0.002,9.0,0.002,4,,0.868485,,3
4,1,4,1.0,1.0,run4_bs2000_N1_M4_G1_CG1_interval32_step32_cooldown_for_k9,32,32,True,9.0,0.002,9.0,0.002,4,,0.868505,,3
4,1,4,1.0,1.0,run4_bs2000_N1_M4_G1_CG1_interval32_step32_cooldown_for_k6,32,32,True,6.0,0.002,8.0,0.0034,4,,0.868454,,4
4,1,4,1.0,1.0,run4_bs2000_N1_M4_G1_CG1_interval32_step32,32,32,False,,0.0034,7.0,0.0056,1,4,0.870613,0.868411,4
4,1,4,1.0,1.0,run4_bs2000_N1_M4_G1_CG1_interval33_step33_cooldown_for_k6,33,33,True,6.0,0.002,9.0,0.002,4,,0.868438,,3
4,1,4,1.0,1.0,run4_bs2000_N1_M4_G1_CG1_interval33_step33_cooldown_for_k7,33,33,True,7.0,0.002,9.0,0.002,4,,0.868333,,3
4,1,4,1.0,1.0,run4_bs2000_N1_M4_G1_CG1_interval33_step33_cooldown_for_k8,33,33,True,8.0,0.002,9.0,0.002,4,,0.868313,,3
4,1,4,1.0,1.0,run4_bs2000_N1_M4_G1_CG1_interval33_step33_cooldown_for_k9,33,33,True,9.0,0.002,9.0,0.002,4,,0.868363,,3
4,1,4,1.0,1.0,run4_bs2000_N1_M4_G1_CG1_interval33_step33,33,33,False,,0.0056,8.0,0.0034,1,4,0.86899,0.868313,4
4,1,4,1.0,1.0,run4_bs2000_N1_M4_G1_CG1_interval34_step34_cooldown_for_k7,34,34,True,7.0,0.002,9.0,0.002,4,,0.868222,,3
4,1,4,1.0,1.0,run4_bs2000_N1_M4_G1_CG1_interval34_step34_cooldown_for_k8,34,34,True,8.0,0.002,9.0,0.002,4,,0.868238,,3
4,1,4,1.0,1.0,run4_bs2000_N1_M4_G1_CG1_interval34_step34_cooldown_for_k9,34,34,True,9.0,0.002,9.0,0.002,4,,0.868254,,3
4,1,4,1.0,1.0,run4_bs2000_N1_M4_G1_CG1_interval34_step34_cooldown_for_k6,34,34,True,6.0,0.002,8.0,0.0034,4,,0.868257,,4
4,1,4,1.0,1.0,run4_bs2000_N1_M4_G1_CG1_interval34_step34,34,34,False,,0.0034,7.0,0.0056,1,4,0.869973,0.868222,4
4,1,4,1.0,1.0,run4_bs2000_N1_M4_G1_CG1_interval35_step35_cooldown_for_k6,35,35,True,6.0,0.002,9.0,0.002,4,,0.868157,,3
4,1,4,1.0,1.0,run4_bs2000_N1_M4_G1_CG1_interval35_step35_cooldown_for_k7,35,35,True,7.0,0.002,10.0,0.0012,4,,0.868139,,4
4,1,4,1.0,1.0,run4_bs2000_N1_M4_G1_CG1_interval35_step35_cooldown_for_k8,35,35,True,8.0,0.002,10.0,0.0012,4,,0.868087,,4
4,1,4,1.0,1.0,run4_bs2000_N1_M4_G1_CG1_interval35_step35_cooldown_for_k9,35,35,True,9.0,0.002,10.0,0.0012,4,,0.868091,,4
4,1,4,1.0,1.0,run4_bs2000_N1_M4_G1_CG1_interval35_step35,35,35,False,,0.0056,8.0,0.0034,1,4,0.868745,0.868087,4
4,1,4,1.0,1.0,run4_bs2000_N1_M4_G1_CG1_interval36_step36_cooldown_for_k7,36,36,True,7.0,0.0012,9.0,0.002,4,,0.867972,,4
4,1,4,1.0,1.0,run4_bs2000_N1_M4_G1_CG1_interval36_step36_cooldown_for_k8,36,36,True,8.0,0.0012,10.0,0.0012,4,,0.868054,,3
4,1,4,1.0,1.0,run4_bs2000_N1_M4_G1_CG1_interval36_step36_cooldown_for_k9,36,36,True,9.0,0.0012,10.0,0.0012,4,,0.868042,,3
4,1,4,1.0,1.0,run4_bs2000_N1_M4_G1_CG1_interval36_step36_cooldown_for_k6,36,36,True,6.0,0.0012,8.0,0.0034,4,,0.868247,,5
4,1,4,1.0,1.0,run4_bs2000_N1_M4_G1_CG1_interval36_step36,36,36,False,,0.0034,7.0,0.0056,1,4,0.870187,0.867972,4
4,1,4,1.0,1.0,run4_bs2000_N1_M4_G1_CG1_interval37_step37_cooldown_for_k6,37,37,True,6.0,0.002,9.0,0.002,4,,0.867951,,3
4,1,4,1.0,1.0,run4_bs2000_N1_M4_G1_CG1_interval37_step37_cooldown_for_k7,37,37,True,7.0,0.002,9.0,0.002,4,,0.867893,,3
4,1,4,1.0,1.0,run4_bs2000_N1_M4_G1_CG1_interval37_step37_cooldown_for_k8,37,37,True,8.0,0.002,10.0,0.0012,4,,0.867917,,4
4,1,4,1.0,1.0,run4_bs2000_N1_M4_G1_CG1_interval37_step37,37,37,False,,0.0056,7.0,0.0056,1,4,0.868912,0.867893,3
4,1,4,1.0,1.0,run4_bs2000_N1_M4_G1_CG1_interval38_step38_cooldown_for_k6,38,38,True,6.0,0.002,8.0,0.0034,4,,0.867878,,4
4,1,4,1.0,1.0,run4_bs2000_N1_M4_G1_CG1_interval38_step38_cooldown_for_k7,38,38,True,7.0,0.002,9.0,0.002,4,,0.867896,,3
4,1,4,1.0,1.0,run4_bs2000_N1_M4_G1_CG1_interval38_step38_cooldown_for_k8,38,38,True,8.0,0.002,9.0,0.002,4,,0.867876,,3
4,1,4,1.0,1.0,run4_bs2000_N1_M4_G1_CG1_interval38_step38_cooldown_for_k9,38,38,True,9.0,0.002,10.0,0.0012,4,,0.867858,,4
4,1,4,1.0,1.0,run4_bs2000_N1_M4_G1_CG1_interval38_step38_cooldown_for_k10,38,38,True,10.0,0.002,10.0,0.0012,4,,0.867861,,4
4,1,4,1.0,1.0,run4_bs2000_N1_M4_G1_CG1_interval38_step38,38,38,False,,0.0056,9.0,0.002,1,4,0.868275,0.867858,5
4,1,4,1.0,1.0,run4_bs2000_N1_M4_G1_CG1_interval39_step39_cooldown_for_k8,39,39,True,8.0,0.0012,10.0,0.0012,4,,0.867801,,3
4,1,4,1.0,1.0,run4_bs2000_N1_M4_G1_CG1_interval39_step39_cooldown_for_k9,39,39,True,9.0,0.0012,10.0,0.0012,4,,0.867795,,3
4,1,4,1.0,1.0,run4_bs2000_N1_M4_G1_CG1_interval39_step39_cooldown_for_k10,39,39,True,10.0,0.0012,10.0,0.0012,4,,0.867822,,3
4,1,4,1.0,1.0,run4_bs2000_N1_M4_G1_CG1_interval39_step39,39,39,False,,0.002,9.0,0.002,1,4,0.868209,0.867795,3
4,1,4,1.0,1.0,run4_bs2000_N1_M4_G1_CG1_interval40_step40_cooldown_for_k8,40,40,True,8.0,0.0012,10.0,0.0012,4,,0.867767,,3
4,1,4,1.0,1.0,run4_bs2000_N1_M4_G1_CG1_interval40_step40_cooldown_for_k9,40,40,True,9.0,0.0012,10.0,0.0012,4,,0.867758,,3
4,1,4,1.0,1.0,run4_bs2000_N1_M4_G1_CG1_interval40_step40_cooldown_for_k10,40,40,True,10.0,0.0012,9.0,0.002,4,,0.867742,,4
4,1,4,1.0,1.0,run4_bs2000_N1_M4_G1_CG1_interval40_step40_cooldown_for_k11,40,40,True,11.0,0.0012,10.0,0.0012,4,,0.867774,,3
4,1,4,1.0,1.0,run4_bs2000_N1_M4_G1_CG1_interval40_step40,40,40,False,,0.002,10.0,0.0012,1,4,0.868042,0.867742,4
4,1,4,1.0,1.0,run4_bs2000_N1_M4_G1_CG1_interval41_step41_cooldown_for_k9,41,41,True,9.0,0.002,10.0,0.0012,4,,0.867687,,4
4,1,4,1.0,1.0,run4_bs2000_N1_M4_G1_CG1_interval41_step41_cooldown_for_k10,41,41,True,10.0,0.002,10.0,0.0012,4,,0.867737,,4
4,1,4,1.0,1.0,run4_bs2000_N1_M4_G1_CG1_interval41_step41_cooldown_for_k11,41,41,True,11.0,0.002,10.0,0.0012,4,,0.867748,,4
4,1,4,1.0,1.0,run4_bs2000_N1_M4_G1_CG1_interval41_step41_cooldown_for_k8,41,41,True,8.0,0.002,9.0,0.002,4,,0.867666,,3
4,1,4,1.0,1.0,run4_bs2000_N1_M4_G1_CG1_interval41_step41_cooldown_for_k7,41,41,True,7.0,0.002,9.0,0.002,4,,0.867712,,3
4,1,4,1.0,1.0,run4_bs2000_N1_M4_G1_CG1_interval41_step41,41,41,False,,0.0012,8.0,0.0034,1,4,0.868541,0.867666,5
4,1,4,1.0,1.0,run4_bs2000_N1_M4_G1_CG1_interval42_step42_cooldown_for_k7,42,42,True,7.0,0.002,10.0,0.0012,4,,0.867709,,4
4,1,4,1.0,1.0,run4_bs2000_N1_M4_G1_CG1_interval42_step42_cooldown_for_k8,42,42,True,8.0,0.002,10.0,0.0012,4,,0.86765,,4
4,1,4,1.0,1.0,run4_bs2000_N1_M4_G1_CG1_interval42_step42_cooldown_for_k9,42,42,True,9.0,0.002,8.0,0.0034,4,,0.867658,,4
4,1,4,1.0,1.0,run4_bs2000_N1_M4_G1_CG1_interval42_step42,42,42,False,,0.0034,8.0,0.0034,1,4,0.868156,0.86765,3
4,1,4,1.0,1.0,run4_bs2000_N1_M4_G1_CG1_interval43_step43_cooldown_for_k7,43,43,True,7.0,0.0012,9.0,0.002,4,,0.867601,,4
4,1,4,1.0,1.0,run4_bs2000_N1_M4_G1_CG1_interval43_step43_cooldown_for_k8,43,43,True,8.0,0.0012,9.0,0.002,4,,0.867655,,4
4,1,4,1.0,1.0,run4_bs2000_N1_M4_G1_CG1_interval43_step43_cooldown_for_k9,43,43,True,9.0,0.0012,10.0,0.0012,4,,0.867618,,3
4,1,4,1.0,1.0,run4_bs2000_N1_M4_G1_CG1_interval43_step43_cooldown_for_k6,43,43,True,6.0,0.0012,8.0,0.0034,4,,0.867741,,5
4,1,4,1.0,1.0,run4_bs2000_N1_M4_G1_CG1_interval43_step43,43,43,False,,0.0034,7.0,0.0056,1,4,0.869593,0.867601,4
4,1,4,1.0,1.0,run4_bs2000_N1_M4_G1_CG1_interval44_step44_cooldown_for_k6,44,44,True,6.0,0.002,9.0,0.002,4,,0.867644,,3
4,1,4,1.0,1.0,run4_bs2000_N1_M4_G1_CG1_interval44_step44_cooldown_for_k7,44,44,True,7.0,0.002,9.0,0.002,4,,0.867571,,3
4,1,4,1.0,1.0,run4_bs2000_N1_M4_G1_CG1_interval44_step44_cooldown_for_k8,44,44,True,8.0,0.002,10.0,0.0012,4,,0.867575,,4
4,1,4,1.0,1.0,run4_bs2000_N1_M4_G1_CG1_interval44_step44,44,44,False,,0.0056,7.0,0.0056,1,4,0.868447,0.867571,3
4,1,4,1.0,1.0,run4_bs2000_N1_M4_G1_CG1_interval45_step45_cooldown_for_k6,45,45,True,6.0,0.002,8.0,0.0034,4,,0.867549,,4
4,1,4,1.0,1.0,run4_bs2000_N1_M4_G1_CG1_interval45_step45_cooldown_for_k7,45,45,True,7.0,0.002,10.0,0.0012,4,,0.867597,,4
4,1,4,1.0,1.0,run4_bs2000_N1_M4_G1_CG1_interval45_step45_cooldown_for_k8,45,45,True,8.0,0.002,10.0,0.0012,4,,0.86756,,4
4,1,4,1.0,1.0,run4_bs2000_N1_M4_G1_CG1_interval45_step45_cooldown_for_k5,45,45,True,5.0,0.002,7.0,0.0056,4,,0.868393,,5
4,1,4,1.0,1.0,run4_bs2000_N1_M4_G1_CG1_interval45_step45,45,45,False,,0.0056,6.0,0.0093,1,4,0.873384,0.867549,4
4,1,4,1.0,1.0,run4_bs2000_N1_M4_G1_CG1_interval46_step46,46,46,False,,0.0093,7.0,0.0056,1,0,0.868195,0.868195,4
4,1,4,1.0,1.0,run4_bs2000_N1_M4_G1_CG1_interval47_step47,47,47,False,,0.0056,10.0,0.0012,1,0,0.867714,0.867714,6
4,1,4,1.0,1.0,run4_bs2000_N1_M4_G1_CG1_interval48_step48,48,48,False,,0.0012,12.0,0.00044,1,0,0.867649,0.867649,5
4,1,4,1.0,1.0,run4_bs2000_N1_M4_G1_CG1_interval49_step49,49,49,False,,0.00044,12.0,0.00044,1,0,0.867599,0.867599,3
5,1,5,1.0,1.0,run5_bs2000_N1_M5_G1_CG1_interval0_step0_cooldown_for_k-1,0,0,True,-1.0,0.2,3.0,0.043,5,,1.312562,,6
5,1,5,1.0,1.0,run5_bs2000_N1_M5_G1_CG1_interval0_step0_cooldown_for_k0,0,0,True,0.0,0.2,3.0,0.043,5,,1.259277,,6
5,1,5,1.0,1.0,run5_bs2000_N1_M5_G1_CG1_interval0_step0_cooldown_for_k1,0,0,True,1.0,0.2,3.0,0.043,5,,1.260109,,6
5,1,5,1.0,1.0,run5_bs2000_N1_M5_G1_CG1_interval0_step0,0,0,False,,0.2,0.0,0.2,1,5,2.227943,1.259277,3
5,1,5,1.0,1.0,run5_bs2000_N1_M5_G1_CG1_interval1_step1_cooldown_for_k-1,1,1,True,-1.0,0.043,3.0,0.043,5,,1.033884,,3
5,1,5,1.0,1.0,run5_bs2000_N1_M5_G1_CG1_interval1_step1_cooldown_for_k0,1,1,True,0.0,0.043,3.0,0.043,5,,1.051985,,3
5,1,5,1.0,1.0,run5_bs2000_N1_M5_G1_CG1_interval1_step1_cooldown_for_k1,1,1,True,1.0,0.043,3.0,0.043,5,,1.103434,,3
5,1,5,1.0,1.0,run5_bs2000_N1_M5_G1_CG1_interval1_step1_cooldown_for_k-2,1,1,True,-2.0,0.043,3.0,0.043,5,,1.331031,,3
5,1,5,1.0,1.0,run5_bs2000_N1_M5_G1_CG1_interval1_step1,1,1,False,,0.2,-1.0,0.33,1,5,2.145811,1.033884,4
5,1,5,1.0,1.0,run5_bs2000_N1_M5_G1_CG1_interval2_step2_cooldown_for_k-2,2,2,True,-2.0,0.043,3.0,0.043,5,,1.056432,,3
5,1,5,1.0,1.0,run5_bs2000_N1_M5_G1_CG1_interval2_step2_cooldown_for_k-1,2,2,True,-1.0,0.043,4.0,0.026,5,,0.999446,,4
5,1,5,1.0,1.0,run5_bs2000_N1_M5_G1_CG1_interval2_step2_cooldown_for_k0,2,2,True,0.0,0.043,4.0,0.026,5,,0.966748,,4
5,1,5,1.0,1.0,run5_bs2000_N1_M5_G1_CG1_interval2_step2_cooldown_for_k1,2,2,True,1.0,0.043,4.0,0.026,5,,0.974593,,4
5,1,5,1.0,1.0,run5_bs2000_N1_M5_G1_CG1_interval2_step2,2,2,False,,0.33,0.0,0.2,1,5,1.832281,0.966748,4
5,1,5,1.0,1.0,run5_bs2000_N1_M5_G1_CG1_interval3_step3_cooldown_for_k-1,3,3,True,-1.0,0.026,4.0,0.026,5,,0.964735,,3
5,1,5,1.0,1.0,run5_bs2000_N1_M5_G1_CG1_interval3_step3_cooldown_for_k0,3,3,True,0.0,0.026,4.0,0.026,5,,0.939558,,3
5,1,5,1.0,1.0,run5_bs2000_N1_M5_G1_CG1_interval3_step3_cooldown_for_k1,3,3,True,1.0,0.026,4.0,0.026,5,,0.934181,,3
5,1,5,1.0,1.0,run5_bs2000_N1_M5_G1_CG1_interval3_step3_cooldown_for_k2,3,3,True,2.0,0.026,4.0,0.026,5,,0.95595,,3
5,1,5,1.0,1.0,run5_bs2000_N1_M5_G1_CG1_interval3_step3,3,3,False,,0.2,1.0,0.12,1,5,1.682401,0.934181,4
5,1,5,1.0,1.0,run5_bs2000_N1_M5_G1_CG1_interval4_step4_cooldown_for_k0,4,4,True,0.0,0.026,4.0,0.026,5,,0.915154,,3
5,1,5,1.0,1.0,run5_bs2000_N1_M5_G1_CG1_interval4_step4_cooldown_for_k1,4,4,True,1.0,0.026,4.0,0.026,5,,0.926624,,3
5,1,5,1.0,1.0,run5_bs2000_N1_M5_G1_CG1_interval4_step4_cooldown_for_k2,4,4,True,2.0,0.026,4.0,0.026,5,,0.92312,,3
5,1,5,1.0,1.0,run5_bs2000_N1_M5_G1_CG1_interval4_step4_cooldown_for_k-1,4,4,True,-1.0,0.026,4.0,0.026,5,,1.032671,,3
5,1,5,1.0,1.0,run5_bs2000_N1_M5_G1_CG1_interval4_step4,4,4,False,,0.12,0.0,0.2,1,5,1.666517,0.915154,4
5,1,5,1.0,1.0,run5_bs2000_N1_M5_G1_CG1_interval5_step5_cooldown_for_k-1,5,5,True,-1.0,0.026,4.0,0.026,5,,0.935254,,3
5,1,5,1.0,1.0,run5_bs2000_N1_M5_G1_CG1_interval5_step5_cooldown_for_k0,5,5,True,0.0,0.026,4.0,0.026,5,,0.899734,,3
5,1,5,1.0,1.0,run5_bs2000_N1_M5_G1_CG1_interval5_step5_cooldown_for_k1,5,5,True,1.0,0.026,5.0,0.016,5,,0.904247,,4
5,1,5,1.0,1.0,run5_bs2000_N1_M5_G1_CG1_interval5_step5,5,5,False,,0.2,0.0,0.2,1,5,1.410766,0.899734,3
5,1,5,1.0,1.0,run5_bs2000_N1_M5_G1_CG1_interval6_step6_cooldown_for_k-1,6,6,True,-1.0,0.026,4.0,0.026,5,,0.927427,,3
5,1,5,1.0,1.0,run5_bs2000_N1_M5_G1_CG1_interval6_step6_cooldown_for_k0,6,6,True,0.0,0.026,4.0,0.026,5,,0.900093,,3
5,1,5,1.0,1.0,run5_bs2000_N1_M5_G1_CG1_interval6_step6_cooldown_for_k1,6,6,True,1.0,0.026,5.0,0.016,5,,0.90109,,4
5,1,5,1.0,1.0,run5_bs2000_N1_M5_G1_CG1_interval6_step6,6,6,False,,0.2,0.0,0.2,1,5,1.493503,0.900093,3
5,1,5,1.0,1.0,run5_bs2000_N1_M5_G1_CG1_interval7_step7_cooldown_for_k-1,7,7,True,-1.0,0.026,4.0,0.026,5,,0.914274,,3
5,1,5,1.0,1.0,run5_bs2000_N1_M5_G1_CG1_interval7_step7_cooldown_for_k0,7,7,True,0.0,0.026,4.0,0.026,5,,0.891076,,3
5,1,5,1.0,1.0,run5_bs2000_N1_M5_G1_CG1_interval7_step7_cooldown_for_k1,7,7,True,1.0,0.026,5.0,0.016,5,,0.891285,,4
5,1,5,1.0,1.0,run5_bs2000_N1_M5_G1_CG1_interval7_step7,7,7,False,,0.2,0.0,0.2,1,5,1.317345,0.891076,3
5,1,5,1.0,1.0,run5_bs2000_N1_M5_G1_CG1_interval8_step8_cooldown_for_k-1,8,8,True,-1.0,0.026,4.0,0.026,5,,0.915063,,3
5,1,5,1.0,1.0,run5_bs2000_N1_M5_G1_CG1_interval8_step8_cooldown_for_k0,8,8,True,0.0,0.026,4.0,0.026,5,,0.890532,,3
5,1,5,1.0,1.0,run5_bs2000_N1_M5_G1_CG1_interval8_step8_cooldown_for_k1,8,8,True,1.0,0.026,5.0,0.016,5,,0.888121,,4
5,1,5,1.0,1.0,run5_bs2000_N1_M5_G1_CG1_interval8_step8_cooldown_for_k2,8,8,True,2.0,0.026,5.0,0.016,5,,0.886788,,4
5,1,5,1.0,1.0,run5_bs2000_N1_M5_G1_CG1_interval8_step8_cooldown_for_k3,8,8,True,3.0,0.026,5.0,0.016,5,,0.889782,,4
5,1,5,1.0,1.0,run5_bs2000_N1_M5_G1_CG1_interval8_step8,8,8,False,,0.2,2.0,0.072,1,5,1.101005,0.886788,5
5,1,5,1.0,1.0,run5_bs2000_N1_M5_G1_CG1_interval9_step9_cooldown_for_k1,9,9,True,1.0,0.016,5.0,0.016,5,,0.885535,,3
5,1,5,1.0,1.0,run5_bs2000_N1_M5_G1_CG1_interval9_step9_cooldown_for_k2,9,9,True,2.0,0.016,5.0,0.016,5,,0.881501,,3
5,1,5,1.0,1.0,run5_bs2000_N1_M5_G1_CG1_interval9_step9_cooldown_for_k3,9,9,True,3.0,0.016,5.0,0.016,5,,0.882642,,3
5,1,5,1.0,1.0,run5_bs2000_N1_M5_G1_CG1_interval9_step9,9,9,False,,0.072,2.0,0.072,1,5,1.009771,0.881501,3
5,1,5,1.0,1.0,run5_bs2000_N1_M5_G1_CG1_interval10_step10_cooldown_for_k1,10,10,True,1.0,0.016,4.0,0.026,5,,0.885692,,4
5,1,5,1.0,1.0,run5_bs2000_N1_M5_G1_CG1_interval10_step10_cooldown_for_k2,10,10,True,2.0,0.016,5.0,0.016,5,,0.87896,,3
5,1,5,1.0,1.0,run5_bs2000_N1_M5_G1_CG1_interval10_step10_cooldown_for_k3,10,10,True,3.0,0.016,6.0,0.0093,5,,0.878121,,4
5,1,5,1.0,1.0,run5_bs2000_N1_M5_G1_CG1_interval10_step10_cooldown_for_k4,10,10,True,4.0,0.016,6.0,0.0093,5,,0.878388,,4
5,1,5,1.0,1.0,run5_bs2000_N1_M5_G1_CG1_interval10_step10,10,10,False,,0.072,3.0,0.043,1,5,0.926005,0.878121,4
5,1,5,1.0,1.0,run5_bs2000_N1_M5_G1_CG1_interval11_step11_cooldown_for_k2,11,11,True,2.0,0.0093,5.0,0.016,5,,0.876771,,4
5,1,5,1.0,1.0,run5_bs2000_N1_M5_G1_CG1_interval11_step11_cooldown_for_k3,11,11,True,3.0,0.0093,6.0,0.0093,5,,0.875807,,3
5,1,5,1.0,1.0,run5_bs2000_N1_M5_G1_CG1_interval11_step11_cooldown_for_k4,11,11,True,4.0,0.0093,6.0,0.0093,5,,0.875754,,3
5,1,5,1.0,1.0,run5_bs2000_N1_M5_G1_CG1_interval11_step11_cooldown_for_k5,11,11,True,5.0,0.0093,6.0,0.0093,5,,0.876126,,3
5,1,5,1.0,1.0,run5_bs2000_N1_M5_G1_CG1_interval11_step11,11,11,False,,0.043,4.0,0.026,1,5,0.898675,0.875754,4
5,1,5,1.0,1.0,run5_bs2000_N1_M5_G1_CG1_interval12_step12_cooldown_for_k3,12,12,True,3.0,0.0093,6.0,0.0093,5,,0.874158,,3
5,1,5,1.0,1.0,run5_bs2000_N1_M5_G1_CG1_interval12_step12_cooldown_for_k4,12,12,True,4.0,0.0093,6.0,0.0093,5,,0.874859,,3
5,1,5,1.0,1.0,run5_bs2000_N1_M5_G1_CG1_interval12_step12_cooldown_for_k5,12,12,True,5.0,0.0093,6.0,0.0093,5,,0.874848,,3
5,1,5,1.0,1.0,run5_bs2000_N1_M5_G1_CG1_interval12_step12_cooldown_for_k2,12,12,True,2.0,0.0093,5.0,0.016,5,,0.877926,,4
5,1,5,1.0,1.0,run5_bs2000_N1_M5_G1_CG1_interval12_step12,12,12,False,,0.026,3.0,0.043,1,5,0.924128,0.874158,4
5,1,5,1.0,1.0,run5_bs2000_N1_M5_G1_CG1_interval13_step13_cooldown_for_k2,13,13,True,2.0,0.0093,5.0,0.016,5,,0.873816,,4
5,1,5,1.0,1.0,run5_bs2000_N1_M5_G1_CG1_interval13_step13_cooldown_for_k3,13,13,True,3.0,0.0093,6.0,0.0093,5,,0.873217,,3
5,1,5,1.0,1.0,run5_bs2000_N1_M5_G1_CG1_interval13_step13_cooldown_for_k4,13,13,True,4.0,0.0093,7.0,0.0056,5,,0.872942,,4
5,1,5,1.0,1.0,run5_bs2000_N1_M5_G1_CG1_interval13_step13_cooldown_for_k5,13,13,True,5.0,0.0093,6.0,0.0093,5,,0.873244,,3
5,1,5,1.0,1.0,run5_bs2000_N1_M5_G1_CG1_interval13_step13,13,13,False,,0.043,4.0,0.026,1,5,0.882726,0.872942,4
5,1,5,1.0,1.0,run5_bs2000_N1_M5_G1_CG1_interval14_step14_cooldown_for_k3,14,14,True,3.0,0.0056,6.0,0.0093,5,,0.872468,,4
5,1,5,1.0,1.0,run5_bs2000_N1_M5_G1_CG1_interval14_step14_cooldown_for_k4,14,14,True,4.0,0.0056,7.0,0.0056,5,,0.872579,,3
5,1,5,1.0,1.0,run5_bs2000_N1_M5_G1_CG1_interval14_step14_cooldown_for_k5,14,14,True,5.0,0.0056,7.0,0.0056,5,,0.87239,,3
5,1,5,1.0,1.0,run5_bs2000_N1_M5_G1_CG1_interval14_step14_cooldown_for_k6,14,14,True,6.0,0.0056,7.0,0.0056,5,,0.872255,,3
5,1,5,1.0,1.0,run5_bs2000_N1_M5_G1_CG1_interval14_step14_cooldown_for_k7,14,14,True,7.0,0.0056,7.0,0.0056,5,,0.872252,,3
5,1,5,1.0,1.0,run5_bs2000_N1_M5_G1_CG1_interval14_step14_cooldown_for_k8,14,14,True,8.0,0.0056,7.0,0.0056,5,,0.872466,,3
5,1,5,1.0,1.0,run5_bs2000_N1_M5_G1_CG1_interval14_step14,14,14,False,,0.026,7.0,0.0056,1,5,0.878435,0.872252,6
5,1,5,1.0,1.0,run5_bs2000_N1_M5_G1_CG1_interval15_step15_cooldown_for_k6,15,15,True,6.0,0.0056,7.0,0.0056,5,,0.87164,,3
5,1,5,1.0,1.0,run5_bs2000_N1_M5_G1_CG1_interval15_step15_cooldown_for_k7,15,15,True,7.0,0.0056,7.0,0.0056,5,,0.871941,,3
5,1,5,1.0,1.0,run5_bs2000_N1_M5_G1_CG1_interval15_step15_cooldown_for_k8,15,15,True,8.0,0.0056,6.0,0.0093,5,,0.872036,,4
5,1,5,1.0,1.0,run5_bs2000_N1_M5_G1_CG1_interval15_step15_cooldown_for_k5,15,15,True,5.0,0.0056,7.0,0.0056,5,,0.871684,,3
5,1,5,1.0,1.0,run5_bs2000_N1_M5_G1_CG1_interval15_step15,15,15,False,,0.0056,6.0,0.0093,1,5,0.876469,0.87164,4
5,1,5,1.0,1.0,run5_bs2000_N1_M5_G1_CG1_interval16_step16_cooldown_for_k5,16,16,True,5.0,0.0056,7.0,0.0056,5,,0.870852,,3
5,1,5,1.0,1.0,run5_bs2000_N1_M5_G1_CG1_interval16_step16_cooldown_for_k6,16,16,True,6.0,0.0056,7.0,0.0056,5,,0.871138,,3
5,1,5,1.0,1.0,run5_bs2000_N1_M5_G1_CG1_interval16_step16_cooldown_for_k7,16,16,True,7.0,0.0056,7.0,0.0056,5,,0.871367,,3
5,1,5,1.0,1.0,run5_bs2000_N1_M5_G1_CG1_interval16_step16_cooldown_for_k4,16,16,True,4.0,0.0056,7.0,0.0056,5,,0.871801,,3
5,1,5,1.0,1.0,run5_bs2000_N1_M5_G1_CG1_interval16_step16,16,16,False,,0.0093,5.0,0.016,1,5,0.88099,0.870852,4
5,1,5,1.0,1.0,run5_bs2000_N1_M5_G1_CG1_interval17_step17_cooldown_for_k4,17,17,True,4.0,0.0056,7.0,0.0056,5,,0.870794,,3
5,1,5,1.0,1.0,run5_bs2000_N1_M5_G1_CG1_interval17_step17_cooldown_for_k5,17,17,True,5.0,0.0056,7.0,0.0056,5,,0.870727,,3
5,1,5,1.0,1.0,run5_bs2000_N1_M5_G1_CG1_interval17_step17_cooldown_for_k6,17,17,True,6.0,0.0056,7.0,0.0056,5,,0.870626,,3
5,1,5,1.0,1.0,run5_bs2000_N1_M5_G1_CG1_interval17_step17_cooldown_for_k7,17,17,True,7.0,0.0056,8.0,0.0034,5,,0.87071,,4
5,1,5,1.0,1.0,run5_bs2000_N1_M5_G1_CG1_interval17_step17,17,17,False,,0.016,6.0,0.0093,1,5,0.873899,0.870626,4
5,1,5,1.0,1.0,run5_bs2000_N1_M5_G1_CG1_interval18_step18_cooldown_for_k5,18,18,True,5.0,0.0056,7.0,0.0056,5,,0.870056,,3
5,1,5,1.0,1.0,run5_bs2000_N1_M5_G1_CG1_interval18_step18_cooldown_for_k6,18,18,True,6.0,0.0056,7.0,0.0056,5,,0.870176,,3
5,1,5,1.0,1.0,run5_bs2000_N1_M5_G1_CG1_interval18_step18_cooldown_for_k7,18,18,True,7.0,0.0056,8.0,0.0034,5,,0.870306,,4
5,1,5,1.0,1.0,run5_bs2000_N1_M5_G1_CG1_interval18_step18_cooldown_for_k4,18,18,True,4.0,0.0056,7.0,0.0056,5,,0.870396,,3
5,1,5,1.0,1.0,run5_bs2000_N1_M5_G1_CG1_interval18_step18,18,18,False,,0.0093,5.0,0.016,1,5,0.878946,0.870056,4
5,1,5,1.0,1.0,run5_bs2000_N1_M5_G1_CG1_interval19_step19_cooldown_for_k4,19,19,True,4.0,0.0056,7.0,0.0056,5,,0.869987,,3
5,1,5,1.0,1.0,run5_bs2000_N1_M5_G1_CG1_interval19_step19_cooldown_for_k5,19,19,True,5.0,0.0056,8.0,0.0034,5,,0.869767,,4
5,1,5,1.0,1.0,run5_bs2000_N1_M5_G1_CG1_interval19_step19_cooldown_for_k6,19,19,True,6.0,0.0056,8.0,0.0034,5,,0.869706,,4
5,1,5,1.0,1.0,run5_bs2000_N1_M5_G1_CG1_interval19_step19_cooldown_for_k7,19,19,True,7.0,0.0056,8.0,0.0034,5,,0.86977,,4
5,1,5,1.0,1.0,run5_bs2000_N1_M5_G1_CG1_interval19_step19,19,19,False,,0.016,6.0,0.0093,1,5,0.87223,0.869706,4
5,1,5,1.0,1.0,run5_bs2000_N1_M5_G1_CG1_interval20_step20_cooldown_for_k5,20,20,True,5.0,0.0034,7.0,0.0056,5,,0.869396,,4
5,1,5,1.0,1.0,run5_bs2000_N1_M5_G1_CG1_interval20_step20_cooldown_for_k6,20,20,True,6.0,0.0034,8.0,0.0034,5,,0.869491,,3
5,1,5,1.0,1.0,run5_bs2000_N1_M5_G1_CG1_interval20_step20_cooldown_for_k7,20,20,True,7.0,0.0034,8.0,0.0034,5,,0.869557,,3
5,1,5,1.0,1.0,run5_bs2000_N1_M5_G1_CG1_interval20_step20_cooldown_for_k4,20,20,True,4.0,0.0034,7.0,0.0056,5,,0.870087,,4
5,1,5,1.0,1.0,run5_bs2000_N1_M5_G1_CG1_interval20_step20,20,20,False,,0.0093,5.0,0.016,1,5,0.880805,0.869396,4
5,1,5,1.0,1.0,run5_bs2000_N1_M5_G1_CG1_interval21_step21_cooldown_for_k4,21,21,True,4.0,0.0056,7.0,0.0056,5,,0.869594,,3
5,1,5,1.0,1.0,run5_bs2000_N1_M5_G1_CG1_interval21_step21_cooldown_for_k5,21,21,True,5.0,0.0056,8.0,0.0034,5,,0.869149,,4
5,1,5,1.0,1.0,run5_bs2000_N1_M5_G1_CG1_interval21_step21_cooldown_for_k6,21,21,True,6.0,0.0056,8.0,0.0034,5,,0.869085,,4
5,1,5,1.0,1.0,run5_bs2000_N1_M5_G1_CG1_interval21_step21_cooldown_for_k7,21,21,True,7.0,0.0056,8.0,0.0034,5,,0.869179,,4
5,1,5,1.0,1.0,run5_bs2000_N1_M5_G1_CG1_interval21_step21,21,21,False,,0.016,6.0,0.0093,1,5,0.871239,0.869085,4
5,1,5,1.0,1.0,run5_bs2000_N1_M5_G1_CG1_interval22_step22_cooldown_for_k5,22,22,True,5.0,0.0034,8.0,0.0034,5,,0.868832,,3
5,1,5,1.0,1.0,run5_bs2000_N1_M5_G1_CG1_interval22_step22_cooldown_for_k6,22,22,True,6.0,0.0034,8.0,0.0034,5,,0.868876,,3
5,1,5,1.0,1.0,run5_bs2000_N1_M5_G1_CG1_interval22_step22_cooldown_for_k7,22,22,True,7.0,0.0034,8.0,0.0034,5,,0.868917,,3
5,1,5,1.0,1.0,run5_bs2000_N1_M5_G1_CG1_interval22_step22_cooldown_for_k4,22,22,True,4.0,0.0034,7.0,0.0056,5,,0.869378,,4
5,1,5,1.0,1.0,run5_bs2000_N1_M5_G1_CG1_interval22_step22,22,22,False,,0.0093,5.0,0.016,1,5,0.877193,0.868832,4
5,1,5,1.0,1.0,run5_bs2000_N1_M5_G1_CG1_interval23_step23_cooldown_for_k4,23,23,True,4.0,0.0034,7.0,0.0056,5,,0.868951,,4
5,1,5,1.0,1.0,run5_bs2000_N1_M5_G1_CG1_interval23_step23_cooldown_for_k5,23,23,True,5.0,0.0034,8.0,0.0034,5,,0.868568,,3
5,1,5,1.0,1.0,run5_bs2000_N1_M5_G1_CG1_interval23_step23_cooldown_for_k6,23,23,True,6.0,0.0034,9.0,0.002,5,,0.868585,,4
5,1,5,1.0,1.0,run5_bs2000_N1_M5_G1_CG1_interval23_step23,23,23,False,,0.016,5.0,0.016,1,5,0.873268,0.868568,3
5,1,5,1.0,1.0,run5_bs2000_N1_M5_G1_CG1_interval24_step24_cooldown_for_k4,24,24,True,4.0,0.0034,7.0,0.0056,5,,0.868759,,4
5,1,5,1.0,1.0,run5_bs2000_N1_M5_G1_CG1_interval24_step24_cooldown_for_k5,24,24,True,5.0,0.0034,8.0,0.0034,5,,0.868528,,3
5,1,5,1.0,1.0,run5_bs2000_N1_M5_G1_CG1_interval24_step24_cooldown_for_k6,24,24,True,6.0,0.0034,9.0,0.002,5,,0.868423,,4
5,1,5,1.0,1.0,run5_bs2000_N1_M5_G1_CG1_interval24_step24_cooldown_for_k7,24,24,True,7.0,0.0034,9.0,0.002,5,,0.86842,,4
5,1,5,1.0,1.0,run5_bs2000_N1_M5_G1_CG1_interval24_step24_cooldown_for_k8,24,24,True,8.0,0.0034,9.0,0.002,5,,0.868449,,4
5,1,5,1.0,1.0,run5_bs2000_N1_M5_G1_CG1_interval24_step24,24,24,False,,0.016,7.0,0.0056,1,5,0.86932,0.86842,5
5,1,5,1.0,1.0,run5_bs2000_N1_M5_G1_CG1_interval25_step25_cooldown_for_k6,25,25,True,6.0,0.002,8.0,0.0034,5,,0.868202,,4
5,1,5,1.0,1.0,run5_bs2000_N1_M5_G1_CG1_interval25_step25_cooldown_for_k7,25,25,True,7.0,0.002,8.0,0.0034,5,,0.868259,,4
5,1,5,1.0,1.0,run5_bs2000_N1_M5_G1_CG1_interval25_step25_cooldown_for_k8,25,25,True,8.0,0.002,9.0,0.002,5,,0.868301,,3
5,1,5,1.0,1.0,run5_bs2000_N1_M5_G1_CG1_interval25_step25_cooldown_for_k5,25,25,True,5.0,0.002,8.0,0.0034,5,,0.868252,,4
5,1,5,1.0,1.0,run5_bs2000_N1_M5_G1_CG1_interval25_step25,25,25,False,,0.0056,6.0,0.0093,1,5,0.870551,0.868202,4
5,1,5,1.0,1.0,run5_bs2000_N1_M5_G1_CG1_interval26_step26_cooldown_for_k5,26,26,True,5.0,0.0034,8.0,0.0034,5,,0.868167,,3
5,1,5,1.0,1.0,run5_bs2000_N1_M5_G1_CG1_interval26_step26_cooldown_for_k6,26,26,True,6.0,0.0034,9.0,0.002,5,,0.868106,,4
5,1,5,1.0,1.0,run5_bs2000_N1_M5_G1_CG1_interval26_step26_cooldown_for_k7,26,26,True,7.0,0.0034,9.0,0.002,5,,0.868078,,4
5,1,5,1.0,1.0,run5_bs2000_N1_M5_G1_CG1_interval26_step26_cooldown_for_k8,26,26,True,8.0,0.0034,9.0,0.002,5,,0.868089,,4
5,1,5,1.0,1.0,run5_bs2000_N1_M5_G1_CG1_interval26_step26,26,26,False,,0.0093,7.0,0.0056,1,5,0.868993,0.868078,4
5,1,5,1.0,1.0,run5_bs2000_N1_M5_G1_CG1_interval27_step27_cooldown_for_k6,27,27,True,6.0,0.002,8.0,0.0034,5,,0.868029,,4
5,1,5,1.0,1.0,run5_bs2000_N1_M5_G1_CG1_interval27_step27_cooldown_for_k7,27,27,True,7.0,0.002,9.0,0.002,5,,0.868015,,3
5,1,5,1.0,1.0,run5_bs2000_N1_M5_G1_CG1_interval27_step27_cooldown_for_k8,27,27,True,8.0,0.002,9.0,0.002,5,,0.868039,,3
5,1,5,1.0,1.0,run5_bs2000_N1_M5_G1_CG1_interval27_step27,27,27,False,,0.0056,7.0,0.0056,1,5,0.869511,0.868015,3
5,1,5,1.0,1.0,run5_bs2000_N1_M5_G1_CG1_interval28_step28_cooldown_for_k6,28,28,True,6.0,0.002,8.0,0.0034,5,,0.867967,,4
5,1,5,1.0,1.0,run5_bs2000_N1_M5_G1_CG1_interval28_step28_cooldown_for_k7,28,28,True,7.0,0.002,9.0,0.002,5,,0.867936,,3
5,1,5,1.0,1.0,run5_bs2000_N1_M5_G1_CG1_interval28_step28_cooldown_for_k8,28,28,True,8.0,0.002,9.0,0.002,5,,0.867954,,3
5,1,5,1.0,1.0,run5_bs2000_N1_M5_G1_CG1_interval28_step28,28,28,False,,0.0056,7.0,0.0056,1,5,0.86881,0.867936,3
5,1,5,1.0,1.0,run5_bs2000_N1_M5_G1_CG1_interval29_step29_cooldown_for_k6,29,29,True,6.0,0.002,8.0,0.0034,5,,0.86785,,4
5,1,5,1.0,1.0,run5_bs2000_N1_M5_G1_CG1_interval29_step29_cooldown_for_k7,29,29,True,7.0,0.002,9.0,0.002,5,,0.867883,,3
5,1,5,1.0,1.0,run5_bs2000_N1_M5_G1_CG1_interval29_step29_cooldown_for_k8,29,29,True,8.0,0.002,9.0,0.002,5,,0.867881,,3
5,1,5,1.0,1.0,run5_bs2000_N1_M5_G1_CG1_interval29_step29_cooldown_for_k5,29,29,True,5.0,0.002,8.0,0.0034,5,,0.868117,,4
5,1,5,1.0,1.0,run5_bs2000_N1_M5_G1_CG1_interval29_step29,29,29,False,,0.0056,6.0,0.0093,1,5,0.871619,0.86785,4
5,1,5,1.0,1.0,run5_bs2000_N1_M5_G1_CG1_interval30_step30_cooldown_for_k5,30,30,True,5.0,0.0034,8.0,0.0034,5,,0.867979,,3
5,1,5,1.0,1.0,run5_bs2000_N1_M5_G1_CG1_interval30_step30_cooldown_for_k6,30,30,True,6.0,0.0034,9.0,0.002,5,,0.867809,,4
5,1,5,1.0,1.0,run5_bs2000_N1_M5_G1_CG1_interval30_step30_cooldown_for_k7,30,30,True,7.0,0.0034,9.0,0.002,5,,0.867804,,4
5,1,5,1.0,1.0,run5_bs2000_N1_M5_G1_CG1_interval30_step30_cooldown_for_k8,30,30,True,8.0,0.0034,9.0,0.002,5,,0.867842,,4
5,1,5,1.0,1.0,run5_bs2000_N1_M5_G1_CG1_interval30_step30,30,30,False,,0.0093,7.0,0.0056,1,5,0.868353,0.867804,4
5,1,5,1.0,1.0,run5_bs2000_N1_M5_G1_CG1_interval31_step31_cooldown_for_k6,31,31,True,6.0,0.002,9.0,0.002,5,,0.867705,,3
5,1,5,1.0,1.0,run5_bs2000_N1_M5_G1_CG1_interval31_step31_cooldown_for_k7,31,31,True,7.0,0.002,9.0,0.002,5,,0.867725,,3
5,1,5,1.0,1.0,run5_bs2000_N1_M5_G1_CG1_interval31_step31_cooldown_for_k8,31,31,True,8.0,0.002,9.0,0.002,5,,0.867747,,3
5,1,5,1.0,1.0,run5_bs2000_N1_M5_G1_CG1_interval31_step31_cooldown_for_k5,31,31,True,5.0,0.002,8.0,0.0034,5,,0.867797,,4
5,1,5,1.0,1.0,run5_bs2000_N1_M5_G1_CG1_interval31_step31,31,31,False,,0.0056,6.0,0.0093,1,5,0.87026,0.867705,4
5,1,5,1.0,1.0,run5_bs2000_N1_M5_G1_CG1_interval32_step32_cooldown_for_k5,32,32,True,5.0,0.002,8.0,0.0034,5,,0.867669,,4
5,1,5,1.0,1.0,run5_bs2000_N1_M5_G1_CG1_interval32_step32_cooldown_for_k6,32,32,True,6.0,0.002,9.0,0.002,5,,0.867609,,3
5,1,5,1.0,1.0,run5_bs2000_N1_M5_G1_CG1_interval32_step32_cooldown_for_k7,32,32,True,7.0,0.002,9.0,0.002,5,,0.867606,,3
5,1,5,1.0,1.0,run5_bs2000_N1_M5_G1_CG1_interval32_step32_cooldown_for_k8,32,32,True,8.0,0.002,10.0,0.0012,5,,0.867609,,4
5,1,5,1.0,1.0,run5_bs2000_N1_M5_G1_CG1_interval32_step32,32,32,False,,0.0093,7.0,0.0056,1,5,0.868262,0.867606,4
5,1,5,1.0,1.0,run5_bs2000_N1_M5_G1_CG1_interval33_step33_cooldown_for_k6,33,33,True,6.0,0.002,9.0,0.002,5,,0.867625,,3
5,1,5,1.0,1.0,run5_bs2000_N1_M5_G1_CG1_interval33_step33_cooldown_for_k7,33,33,True,7.0,0.002,9.0,0.002,5,,0.867581,,3
5,1,5,1.0,1.0,run5_bs2000_N1_M5_G1_CG1_interval33_step33_cooldown_for_k8,33,33,True,8.0,0.002,10.0,0.0012,5,,0.867577,,4
5,1,5,1.0,1.0,run5_bs2000_N1_M5_G1_CG1_interval33_step33_cooldown_for_k9,33,33,True,9.0,0.002,9.0,0.002,5,,0.86756,,3
5,1,5,1.0,1.0,run5_bs2000_N1_M5_G1_CG1_interval33_step33_cooldown_for_k10,33,33,True,10.0,0.002,10.0,0.0012,5,,0.867568,,4
5,1,5,1.0,1.0,run5_bs2000_N1_M5_G1_CG1_interval33_step33,33,33,False,,0.0056,9.0,0.002,1,5,0.867928,0.86756,5
5,1,5,1.0,1.0,run5_bs2000_N1_M5_G1_CG1_interval34_step34_cooldown_for_k8,34,34,True,8.0,0.002,9.0,0.002,5,,0.867489,,3
5,1,5,1.0,1.0,run5_bs2000_N1_M5_G1_CG1_interval34_step34_cooldown_for_k9,34,34,True,9.0,0.002,10.0,0.0012,5,,0.867524,,4
5,1,5,1.0,1.0,run5_bs2000_N1_M5_G1_CG1_interval34_step34_cooldown_for_k10,34,34,True,10.0,0.002,10.0,0.0012,5,,0.867538,,4
5,1,5,1.0,1.0,run5_bs2000_N1_M5_G1_CG1_interval34_step34_cooldown_for_k7,34,34,True,7.0,0.002,9.0,0.002,5,,0.867505,,3
5,1,5,1.0,1.0,run5_bs2000_N1_M5_G1_CG1_interval34_step34,34,34,False,,0.002,8.0,0.0034,1,5,0.867955,0.867489,4
5,1,5,1.0,1.0,run5_bs2000_N1_M5_G1_CG1_interval35_step35_cooldown_for_k7,35,35,True,7.0,0.002,9.0,0.002,5,,0.867495,,3
5,1,5,1.0,1.0,run5_bs2000_N1_M5_G1_CG1_interval35_step35_cooldown_for_k8,35,35,True,8.0,0.002,10.0,0.0012,5,,0.867493,,4
5,1,5,1.0,1.0,run5_bs2000_N1_M5_G1_CG1_interval35_step35_cooldown_for_k9,35,35,True,9.0,0.002,10.0,0.0012,5,,0.867484,,4
5,1,5,1.0,1.0,run5_bs2000_N1_M5_G1_CG1_interval35_step35_cooldown_for_k10,35,35,True,10.0,0.002,10.0,0.0012,5,,0.867485,,4
5,1,5,1.0,1.0,run5_bs2000_N1_M5_G1_CG1_interval35_step35,35,35,False,,0.0034,9.0,0.002,1,5,0.867722,0.867484,4
5,1,5,1.0,1.0,run5_bs2000_N1_M5_G1_CG1_interval36_step36_cooldown_for_k8,36,36,True,8.0,0.0012,10.0,0.0012,5,,0.867425,,3
5,1,5,1.0,1.0,run5_bs2000_N1_M5_G1_CG1_interval36_step36_cooldown_for_k9,36,36,True,9.0,0.0012,10.0,0.0012,5,,0.867456,,3
5,1,5,1.0,1.0,run5_bs2000_N1_M5_G1_CG1_interval36_step36_cooldown_for_k10,36,36,True,10.0,0.0012,10.0,0.0012,5,,0.867464,,3
5,1,5,1.0,1.0,run5_bs2000_N1_M5_G1_CG1_interval36_step36_cooldown_for_k7,36,36,True,7.0,0.0012,10.0,0.0012,5,,0.867478,,3
5,1,5,1.0,1.0,run5_bs2000_N1_M5_G1_CG1_interval36_step36,36,36,False,,0.002,8.0,0.0034,1,5,0.867965,0.867425,4
5,1,5,1.0,1.0,run5_bs2000_N1_M5_G1_CG1_interval37_step37_cooldown_for_k7,37,37,True,7.0,0.0012,9.0,0.002,5,,0.867396,,4
5,1,5,1.0,1.0,run5_bs2000_N1_M5_G1_CG1_interval37_step37_cooldown_for_k8,37,37,True,8.0,0.0012,9.0,0.002,5,,0.867402,,4
5,1,5,1.0,1.0,run5_bs2000_N1_M5_G1_CG1_interval37_step37_cooldown_for_k9,37,37,True,9.0,0.0012,10.0,0.0012,5,,0.867405,,3
5,1,5,1.0,1.0,run5_bs2000_N1_M5_G1_CG1_interval37_step37_cooldown_for_k6,37,37,True,6.0,0.0012,9.0,0.002,5,,0.867459,,4
5,1,5,1.0,1.0,run5_bs2000_N1_M5_G1_CG1_interval37_step37,37,37,False,,0.0034,7.0,0.0056,1,5,0.86848,0.867396,4
5,1,5,1.0,1.0,run5_bs2000_N1_M5_G1_CG1_interval38_step38_cooldown_for_k6,38,38,True,6.0,0.002,9.0,0.002,5,,0.867404,,3
5,1,5,1.0,1.0,run5_bs2000_N1_M5_G1_CG1_interval38_step38_cooldown_for_k7,38,38,True,7.0,0.002,10.0,0.0012,5,,0.867373,,4
5,1,5,1.0,1.0,run5_bs2000_N1_M5_G1_CG1_interval38_step38_cooldown_for_k8,38,38,True,8.0,0.002,10.0,0.0012,5,,0.867374,,4
5,1,5,1.0,1.0,run5_bs2000_N1_M5_G1_CG1_interval38_step38,38,38,False,,0.0056,7.0,0.0056,1,5,0.86806,0.867373,3
5,1,5,1.0,1.0,run5_bs2000_N1_M5_G1_CG1_interval39_step39_cooldown_for_k6,39,39,True,6.0,0.0012,9.0,0.002,5,,0.867395,,4
5,1,5,1.0,1.0,run5_bs2000_N1_M5_G1_CG1_interval39_step39_cooldown_for_k7,39,39,True,7.0,0.0012,8.0,0.0034,5,,0.867343,,5
5,1,5,1.0,1.0,run5_bs2000_N1_M5_G1_CG1_interval39_step39_cooldown_for_k8,39,39,True,8.0,0.0012,10.0,0.0012,5,,0.867365,,3
5,1,5,1.0,1.0,run5_bs2000_N1_M5_G1_CG1_interval39_step39,39,39,False,,0.0056,7.0,0.0056,1,5,0.868356,0.867343,3
5,1,5,1.0,1.0,run5_bs2000_N1_M5_G1_CG1_interval40_step40_cooldown_for_k6,40,40,True,6.0,0.0034,9.0,0.002,5,,0.867365,,4
5,1,5,1.0,1.0,run5_bs2000_N1_M5_G1_CG1_interval40_step40_cooldown_for_k7,40,40,True,7.0,0.0034,10.0,0.0012,5,,0.86734,,5
5,1,5,1.0,1.0,run5_bs2000_N1_M5_G1_CG1_interval40_step40_cooldown_for_k8,40,40,True,8.0,0.0034,10.0,0.0012,5,,0.867334,,5
5,1,5,1.0,1.0,run5_bs2000_N1_M5_G1_CG1_interval40_step40_cooldown_for_k9,40,40,True,9.0,0.0034,10.0,0.0012,5,,0.867339,,5
5,1,5,1.0,1.0,run5_bs2000_N1_M5_G1_CG1_interval40_step40,40,40,False,,0.0056,8.0,0.0034,1,5,0.867561,0.867334,4
5,1,5,1.0,1.0,run5_bs2000_N1_M5_G1_CG1_interval41_step41_cooldown_for_k7,41,41,True,7.0,0.0012,9.0,0.002,5,,0.867304,,4
5,1,5,1.0,1.0,run5_bs2000_N1_M5_G1_CG1_interval41_step41_cooldown_for_k8,41,41,True,8.0,0.0012,10.0,0.0012,5,,0.867319,,3
5,1,5,1.0,1.0,run5_bs2000_N1_M5_G1_CG1_interval41_step41_cooldown_for_k9,41,41,True,9.0,0.0012,10.0,0.0012,5,,0.867327,,3
5,1,5,1.0,1.0,run5_bs2000_N1_M5_G1_CG1_interval41_step41_cooldown_for_k6,41,41,True,6.0,0.0012,9.0,0.002,5,,0.867371,,4
5,1,5,1.0,1.0,run5_bs2000_N1_M5_G1_CG1_interval41_step41,41,41,False,,0.0034,7.0,0.0056,1,5,0.868793,0.867304,4
5,1,5,1.0,1.0,run5_bs2000_N1_M5_G1_CG1_interval42_step42_cooldown_for_k6,42,42,True,6.0,0.002,9.0,0.002,5,,0.867355,,3
5,1,5,1.0,1.0,run5_bs2000_N1_M5_G1_CG1_interval42_step42_cooldown_for_k7,42,42,True,7.0,0.002,10.0,0.0012,5,,0.867275,,4
5,1,5,1.0,1.0,run5_bs2000_N1_M5_G1_CG1_interval42_step42_cooldown_for_k8,42,42,True,8.0,0.002,10.0,0.0012,5,,0.867278,,4
5,1,5,1.0,1.0,run5_bs2000_N1_M5_G1_CG1_interval42_step42,42,42,False,,0.0056,7.0,0.0056,1,5,0.867805,0.867275,3
5,1,5,1.0,1.0,run5_bs2000_N1_M5_G1_CG1_interval43_step43_cooldown_for_k6,43,43,True,6.0,0.0012,9.0,0.002,5,,0.867304,,4
5,1,5,1.0,1.0,run5_bs2000_N1_M5_G1_CG1_interval43_step43_cooldown_for_k7,43,43,True,7.0,0.0012,10.0,0.0012,5,,0.86728,,3
5,1,5,1.0,1.0,run5_bs2000_N1_M5_G1_CG1_interval43_step43_cooldown_for_k8,43,43,True,8.0,0.0012,10.0,0.0012,5,,0.867266,,3
5,1,5,1.0,1.0,run5_bs2000_N1_M5_G1_CG1_interval43_step43_cooldown_for_k9,43,43,True,9.0,0.0012,10.0,0.0012,5,,0.867256,,3
5,1,5,1.0,1.0,run5_bs2000_N1_M5_G1_CG1_interval43_step43_cooldown_for_k10,43,43,True,10.0,0.0012,10.0,0.0012,5,,0.867256,,3
5,1,5,1.0,1.0,run5_bs2000_N1_M5_G1_CG1_interval43_step43_cooldown_for_k11,43,43,True,11.0,0.0012,10.0,0.0012,5,,0.86726,,3
5,1,5,1.0,1.0,run5_bs2000_N1_M5_G1_CG1_interval43_step43,43,43,False,,0.0056,10.0,0.0012,1,5,0.867418,0.867256,6
5,1,5,1.0,1.0,run5_bs2000_N1_M5_G1_CG1_interval44_step44_cooldown_for_k9,44,44,True,9.0,0.0012,10.0,0.0012,5,,0.867231,,3
5,1,5,1.0,1.0,run5_bs2000_N1_M5_G1_CG1_interval44_step44_cooldown_for_k10,44,44,True,10.0,0.0012,11.0,0.00073,5,,0.867246,,4
5,1,5,1.0,1.0,run5_bs2000_N1_M5_G1_CG1_interval44_step44_cooldown_for_k11,44,44,True,11.0,0.0012,10.0,0.0012,5,,0.867244,,3
5,1,5,1.0,1.0,run5_bs2000_N1_M5_G1_CG1_interval44_step44_cooldown_for_k8,44,44,True,8.0,0.0012,10.0,0.0012,5,,0.86724,,3
5,1,5,1.0,1.0,run5_bs2000_N1_M5_G1_CG1_interval44_step44,44,44,False,,0.0012,9.0,0.002,1,5,0.867394,0.867231,4
5,1,5,1.0,1.0,run5_bs2000_N1_M5_G1_CG1_interval45_step45,45,45,False,,0.002,11.0,0.00073,1,0,0.86732,0.86732,5
5,1,5,1.0,1.0,run5_bs2000_N1_M5_G1_CG1_interval46_step46,46,46,False,,0.00073,12.0,0.00044,1,0,0.867305,0.867305,4
5,1,5,1.0,1.0,run5_bs2000_N1_M5_G1_CG1_interval47_step47,47,47,False,,0.00044,11.0,0.00073,1,0,0.867281,0.867281,4
5,1,5,1.0,1.0,run5_bs2000_N1_M5_G1_CG1_interval48_step48,48,48,False,,0.00073,10.0,0.0012,1,0,0.867262,0.867262,4
5,1,5,1.0,1.0,run5_bs2000_N1_M5_G1_CG1_interval49_step49,49,49,False,,0.0012,12.0,0.00044,1,0,0.86724,0.86724,5
6,2,0,1.0,1.0,run6_bs2000_N2_M0_G1_CG1_interval0_step0,0,0,False,,0.2,0.0,0.2,2,0,2.203367,2.203367,3
6,2,0,1.0,1.0,run6_bs2000_N2_M0_G1_CG1_interval1_step2,1,2,False,,0.2,2.0,0.072,2,0,1.638119,1.638119,5
6,2,0,1.0,1.0,run6_bs2000_N2_M0_G1_CG1_interval2_step4,2,4,False,,0.072,2.0,0.072,2,0,1.273889,1.273889,3
6,2,0,1.0,1.0,run6_bs2000_N2_M0_G1_CG1_interval3_step6,3,6,False,,0.072,3.0,0.043,2,0,1.031909,1.031909,4
6,2,0,1.0,1.0,run6_bs2000_N2_M0_G1_CG1_interval4_step8,4,8,False,,0.043,4.0,0.026,2,0,0.928899,0.928899,4
6,2,0,1.0,1.0,run6_bs2000_N2_M0_G1_CG1_interval5_step10,5,10,False,,0.026,6.0,0.0093,2,0,0.898021,0.898021,5
6,2,0,1.0,1.0,run6_bs2000_N2_M0_G1_CG1_interval6_step12,6,12,False,,0.0093,6.0,0.0093,2,0,0.886245,0.886245,3
6,2,0,1.0,1.0,run6_bs2000_N2_M0_G1_CG1_interval7_step14,7,14,False,,0.0093,7.0,0.0056,2,0,0.880277,0.880277,4
6,2,0,1.0,1.0,run6_bs2000_N2_M0_G1_CG1_interval8_step16,8,16,False,,0.0056,8.0,0.0034,2,0,0.876864,0.876864,4
6,2,0,1.0,1.0,run6_bs2000_N2_M0_G1_CG1_interval9_step18,9,18,False,,0.0034,8.0,0.0034,2,0,0.875067,0.875067,3
6,2,0,1.0,1.0,run6_bs2000_N2_M0_G1_CG1_interval10_step20,10,20,False,,0.0034,9.0,0.002,2,0,0.873357,0.873357,4
6,2,0,1.0,1.0,run6_bs2000_N2_M0_G1_CG1_interval11_step22,11,22,False,,0.002,9.0,0.002,2,0,0.87228,0.87228,3
6,2,0,1.0,1.0,run6_bs2000_N2_M0_G1_CG1_interval12_step24,12,24,False,,0.002,9.0,0.002,2,0,0.871445,0.871445,3
6,2,0,1.0,1.0,run6_bs2000_N2_M0_G1_CG1_interval13_step26,13,26,False,,0.002,9.0,0.002,2,0,0.870832,0.870832,3
6,2,0,1.0,1.0,run6_bs2000_N2_M0_G1_CG1_interval14_step28,14,28,False,,0.002,10.0,0.0012,2,0,0.870214,0.870214,4
6,2,0,1.0,1.0,run6_bs2000_N2_M0_G1_CG1_interval15_step30,15,30,False,,0.0012,10.0,0.0012,2,0,0.869812,0.869812,3
6,2,0,1.0,1.0,run6_bs2000_N2_M0_G1_CG1_interval16_step32,16,32,False,,0.0012,10.0,0.0012,2,0,0.869477,0.869477,3
6,2,0,1.0,1.0,run6_bs2000_N2_M0_G1_CG1_interval17_step34,17,34,False,,0.0012,10.0,0.0012,2,0,0.869194,0.869194,3
6,2,0,1.0,1.0,run6_bs2000_N2_M0_G1_CG1_interval18_step36,18,36,False,,0.0012,11.0,0.00073,2,0,0.868932,0.868932,4
6,2,0,1.0,1.0,run6_bs2000_N2_M0_G1_CG1_interval19_step38,19,38,False,,0.00073,11.0,0.00073,2,0,0.86874,0.86874,3
6,2,0,1.0,1.0,run6_bs2000_N2_M0_G1_CG1_interval20_step40,20,40,False,,0.00073,10.0,0.0012,2,0,0.868567,0.868567,4
6,2,0,1.0,1.0,run6_bs2000_N2_M0_G1_CG1_interval21_step42,21,42,False,,0.0012,11.0,0.00073,2,0,0.868361,0.868361,4
6,2,0,1.0,1.0,run6_bs2000_N2_M0_G1_CG1_interval22_step44,22,44,False,,0.00073,11.0,0.00073,2,0,0.868225,0.868225,3
6,2,0,1.0,1.0,run6_bs2000_N2_M0_G1_CG1_interval23_step46,23,46,False,,0.00073,11.0,0.00073,2,0,0.868106,0.868106,3
6,2,0,1.0,1.0,run6_bs2000_N2_M0_G1_CG1_interval24_step48,24,48,False,,0.00073,11.0,0.00073,2,0,0.867993,0.867993,3
7,2,1,1.0,1.0,run7_bs2000_N2_M1_G1_CG1_interval0_step0_cooldown_for_k-1,0,0,True,-1.0,0.2,0.0,0.2,1,,1.978827,,3
7,2,1,1.0,1.0,run7_bs2000_N2_M1_G1_CG1_interval0_step0_cooldown_for_k0,0,0,True,0.0,0.2,0.0,0.2,1,,1.96923,,3
7,2,1,1.0,1.0,run7_bs2000_N2_M1_G1_CG1_interval0_step0_cooldown_for_k1,0,0,True,1.0,0.2,0.0,0.2,1,,1.992906,,3
7,2,1,1.0,1.0,run7_bs2000_N2_M1_G1_CG1_interval0_step0,0,0,False,,0.2,0.0,0.2,2,1,2.203367,1.96923,3
7,2,1,1.0,1.0,run7_bs2000_N2_M1_G1_CG1_interval1_step2_cooldown_for_k-1,1,2,True,-1.0,0.2,2.0,0.072,1,,1.714617,,5
7,2,1,1.0,1.0,run7_bs2000_N2_M1_G1_CG1_interval1_step2_cooldown_for_k0,1,2,True,0.0,0.2,2.0,0.072,1,,1.63102,,5
7,2,1,1.0,1.0,run7_bs2000_N2_M1_G1_CG1_interval1_step2_cooldown_for_k1,1,2,True,1.0,0.2,3.0,0.043,1,,1.514191,,6
7,2,1,1.0,1.0,run7_bs2000_N2_M1_G1_CG1_interval1_step2_cooldown_for_k2,1,2,True,2.0,0.2,3.0,0.043,1,,1.570981,,6
7,2,1,1.0,1.0,run7_bs2000_N2_M1_G1_CG1_interval1_step2,1,2,False,,0.2,1.0,0.12,2,1,1.679763,1.514191,4
7,2,1,1.0,1.0,run7_bs2000_N2_M1_G1_CG1_interval2_step4_cooldown_for_k0,2,4,True,0.0,0.043,2.0,0.072,1,,1.344805,,4
7,2,1,1.0,1.0,run7_bs2000_N2_M1_G1_CG1_interval2_step4_cooldown_for_k1,2,4,True,1.0,0.043,3.0,0.043,1,,1.156952,,3
7,2,1,1.0,1.0,run7_bs2000_N2_M1_G1_CG1_interval2_step4_cooldown_for_k2,2,4,True,2.0,0.043,3.0,0.043,1,,1.172518,,3
7,2,1,1.0,1.0,run7_bs2000_N2_M1_G1_CG1_interval2_step4,2,4,False,,0.12,1.0,0.12,2,1,1.316592,1.156952,3
7,2,1,1.0,1.0,run7_bs2000_N2_M1_G1_CG1_interval3_step6_cooldown_for_k0,3,6,True,0.0,0.043,2.0,0.072,1,,1.167329,,4
7,2,1,1.0,1.0,run7_bs2000_N2_M1_G1_CG1_interval3_step6_cooldown_for_k1,3,6,True,1.0,0.043,3.0,0.043,1,,0.992651,,3
7,2,1,1.0,1.0,run7_bs2000_N2_M1_G1_CG1_interval3_step6_cooldown_for_k2,3,6,True,2.0,0.043,4.0,0.026,1,,0.992576,,4
7,2,1,1.0,1.0,run7_bs2000_N2_M1_G1_CG1_interval3_step6_cooldown_for_k3,3,6,True,3.0,0.043,4.0,0.026,1,,0.985069,,4
7,2,1,1.0,1.0,run7_bs2000_N2_M1_G1_CG1_interval3_step6_cooldown_for_k4,3,6,True,4.0,0.043,3.0,0.043,1,,0.980032,,3
7,2,1,1.0,1.0,run7_bs2000_N2_M1_G1_CG1_interval3_step6_cooldown_for_k5,3,6,True,5.0,0.043,3.0,0.043,1,,0.993818,,3
7,2,1,1.0,1.0,run7_bs2000_N2_M1_G1_CG1_interval3_step6,3,6,False,,0.12,4.0,0.026,2,1,1.05265,0.980032,6
7,2,1,1.0,1.0,run7_bs2000_N2_M1_G1_CG1_interval4_step8_cooldown_for_k3,4,8,True,3.0,0.043,4.0,0.026,1,,0.936971,,4
7,2,1,1.0,1.0,run7_bs2000_N2_M1_G1_CG1_interval4_step8_cooldown_for_k4,4,8,True,4.0,0.043,6.0,0.0093,1,,0.923129,,6
7,2,1,1.0,1.0,run7_bs2000_N2_M1_G1_CG1_interval4_step8_cooldown_for_k5,4,8,True,5.0,0.043,4.0,0.026,1,,0.930281,,4
7,2,1,1.0,1.0,run7_bs2000_N2_M1_G1_CG1_interval4_step8,4,8,False,,0.026,4.0,0.026,2,1,0.930609,0.923129,3
7,2,1,1.0,1.0,run7_bs2000_N2_M1_G1_CG1_interval5_step10_cooldown_for_k3,5,10,True,3.0,0.0093,5.0,0.016,1,,0.897038,,4
7,2,1,1.0,1.0,run7_bs2000_N2_M1_G1_CG1_interval5_step10_cooldown_for_k4,5,10,True,4.0,0.0093,6.0,0.0093,1,,0.892669,,3
7,2,1,1.0,1.0,run7_bs2000_N2_M1_G1_CG1_interval5_step10_cooldown_for_k5,5,10,True,5.0,0.0093,6.0,0.0093,1,,0.89724,,3
7,2,1,1.0,1.0,run7_bs2000_N2_M1_G1_CG1_interval5_step10,5,10,False,,0.026,4.0,0.026,2,1,0.912189,0.892669,3
7,2,1,1.0,1.0,run7_bs2000_N2_M1_G1_CG1_interval6_step12_cooldown_for_k3,6,12,True,3.0,0.0093,5.0,0.016,1,,0.895759,,4
7,2,1,1.0,1.0,run7_bs2000_N2_M1_G1_CG1_interval6_step12_cooldown_for_k4,6,12,True,4.0,0.0093,6.0,0.0093,1,,0.885499,,3
7,2,1,1.0,1.0,run7_bs2000_N2_M1_G1_CG1_interval6_step12_cooldown_for_k5,6,12,True,5.0,0.0093,7.0,0.0056,1,,0.884068,,4
7,2,1,1.0,1.0,run7_bs2000_N2_M1_G1_CG1_interval6_step12_cooldown_for_k6,6,12,True,6.0,0.0093,6.0,0.0093,1,,0.882907,,3
7,2,1,1.0,1.0,run7_bs2000_N2_M1_G1_CG1_interval6_step12_cooldown_for_k7,6,12,True,7.0,0.0093,6.0,0.0093,1,,0.885089,,3
7,2,1,1.0,1.0,run7_bs2000_N2_M1_G1_CG1_interval6_step12,6,12,False,,0.026,6.0,0.0093,2,1,0.891097,0.882907,5
7,2,1,1.0,1.0,run7_bs2000_N2_M1_G1_CG1_interval7_step14_cooldown_for_k5,7,14,True,5.0,0.0093,7.0,0.0056,1,,0.87914,,4
7,2,1,1.0,1.0,run7_bs2000_N2_M1_G1_CG1_interval7_step14_cooldown_for_k6,7,14,True,6.0,0.0093,8.0,0.0034,1,,0.877669,,5
7,2,1,1.0,1.0,run7_bs2000_N2_M1_G1_CG1_interval7_step14_cooldown_for_k7,7,14,True,7.0,0.0093,7.0,0.0056,1,,0.879378,,4
7,2,1,1.0,1.0,run7_bs2000_N2_M1_G1_CG1_interval7_step14,7,14,False,,0.0093,6.0,0.0093,2,1,0.87885,0.877669,3
7,2,1,1.0,1.0,run7_bs2000_N2_M1_G1_CG1_interval8_step16_cooldown_for_k5,8,16,True,5.0,0.0034,7.0,0.0056,1,,0.874523,,4
7,2,1,1.0,1.0,run7_bs2000_N2_M1_G1_CG1_interval8_step16_cooldown_for_k6,8,16,True,6.0,0.0034,7.0,0.0056,1,,0.874053,,4
7,2,1,1.0,1.0,run7_bs2000_N2_M1_G1_CG1_interval8_step16_cooldown_for_k7,8,16,True,7.0,0.0034,8.0,0.0034,1,,0.875145,,3
7,2,1,1.0,1.0,run7_bs2000_N2_M1_G1_CG1_interval8_step16,8,16,False,,0.0093,6.0,0.0093,2,1,0.87752,0.874053,3
7,2,1,1.0,1.0,run7_bs2000_N2_M1_G1_CG1_interval9_step18_cooldown_for_k5,9,18,True,5.0,0.0056,7.0,0.0056,1,,0.873376,,3
7,2,1,1.0,1.0,run7_bs2000_N2_M1_G1_CG1_interval9_step18_cooldown_for_k6,9,18,True,6.0,0.0056,8.0,0.0034,1,,0.873108,,4
7,2,1,1.0,1.0,run7_bs2000_N2_M1_G1_CG1_interval9_step18_cooldown_for_k7,9,18,True,7.0,0.0056,9.0,0.002,1,,0.872828,,5
7,2,1,1.0,1.0,run7_bs2000_N2_M1_G1_CG1_interval9_step18_cooldown_for_k8,9,18,True,8.0,0.0056,8.0,0.0034,1,,0.873066,,4
7,2,1,1.0,1.0,run7_bs2000_N2_M1_G1_CG1_interval9_step18,9,18,False,,0.0093,7.0,0.0056,2,1,0.873182,0.872828,4
7,2,1,1.0,1.0,run7_bs2000_N2_M1_G1_CG1_interval10_step20_cooldown_for_k6,10,20,True,6.0,0.002,8.0,0.0034,1,,0.87114,,4
7,2,1,1.0,1.0,run7_bs2000_N2_M1_G1_CG1_interval10_step20_cooldown_for_k7,10,20,True,7.0,0.002,8.0,0.0034,1,,0.870929,,4
7,2,1,1.0,1.0,run7_bs2000_N2_M1_G1_CG1_interval10_step20_cooldown_for_k8,10,20,True,8.0,0.002,9.0,0.002,1,,0.871325,,3
7,2,1,1.0,1.0,run7_bs2000_N2_M1_G1_CG1_interval10_step20,10,20,False,,0.0056,7.0,0.0056,2,1,0.872071,0.870929,3
7,2,1,1.0,1.0,run7_bs2000_N2_M1_G1_CG1_interval11_step22_cooldown_for_k6,11,22,True,6.0,0.0034,8.0,0.0034,1,,0.870569,,3
7,2,1,1.0,1.0,run7_bs2000_N2_M1_G1_CG1_interval11_step22_cooldown_for_k7,11,22,True,7.0,0.0034,9.0,0.002,1,,0.870464,,4
7,2,1,1.0,1.0,run7_bs2000_N2_M1_G1_CG1_interval11_step22_cooldown_for_k8,11,22,True,8.0,0.0034,10.0,0.0012,1,,0.870349,,5
7,2,1,1.0,1.0,run7_bs2000_N2_M1_G1_CG1_interval11_step22_cooldown_for_k9,11,22,True,9.0,0.0034,9.0,0.002,1,,0.870474,,4
7,2,1,1.0,1.0,run7_bs2000_N2_M1_G1_CG1_interval11_step22,11,22,False,,0.0056,8.0,0.0034,2,1,0.87058,0.870349,4
7,2,1,1.0,1.0,run7_bs2000_N2_M1_G1_CG1_interval12_step24_cooldown_for_k7,12,24,True,7.0,0.0012,9.0,0.002,1,,0.869589,,4
7,2,1,1.0,1.0,run7_bs2000_N2_M1_G1_CG1_interval12_step24_cooldown_for_k8,12,24,True,8.0,0.0012,9.0,0.002,1,,0.869545,,4
7,2,1,1.0,1.0,run7_bs2000_N2_M1_G1_CG1_interval12_step24_cooldown_for_k9,12,24,True,9.0,0.0012,9.0,0.002,1,,0.869653,,4
7,2,1,1.0,1.0,run7_bs2000_N2_M1_G1_CG1_interval12_step24,12,24,False,,0.0034,8.0,0.0034,2,1,0.870044,0.869545,3
7,2,1,1.0,1.0,run7_bs2000_N2_M1_G1_CG1_interval13_step26_cooldown_for_k7,13,26,True,7.0,0.002,9.0,0.002,1,,0.869284,,3
7,2,1,1.0,1.0,run7_bs2000_N2_M1_G1_CG1_interval13_step26_cooldown_for_k8,13,26,True,8.0,0.002,9.0,0.002,1,,0.869261,,3
7,2,1,1.0,1.0,run7_bs2000_N2_M1_G1_CG1_interval13_step26_cooldown_for_k9,13,26,True,9.0,0.002,10.0,0.0012,1,,0.869231,,4
7,2,1,1.0,1.0,run7_bs2000_N2_M1_G1_CG1_interval13_step26_cooldown_for_k10,13,26,True,10.0,0.002,10.0,0.0012,1,,0.869334,,4
7,2,1,1.0,1.0,run7_bs2000_N2_M1_G1_CG1_interval13_step26,13,26,False,,0.0034,9.0,0.002,2,1,0.869331,0.869231,4
7,2,1,1.0,1.0,run7_bs2000_N2_M1_G1_CG1_interval14_step28_cooldown_for_k8,14,28,True,8.0,0.0012,9.0,0.002,1,,0.86887,,4
7,2,1,1.0,1.0,run7_bs2000_N2_M1_G1_CG1_interval14_step28_cooldown_for_k9,14,28,True,9.0,0.0012,10.0,0.0012,1,,0.86883,,3
7,2,1,1.0,1.0,run7_bs2000_N2_M1_G1_CG1_interval14_step28_cooldown_for_k10,14,28,True,10.0,0.0012,10.0,0.0012,1,,0.868895,,3
7,2,1,1.0,1.0,run7_bs2000_N2_M1_G1_CG1_interval14_step28,14,28,False,,0.002,9.0,0.002,2,1,0.869033,0.86883,3
7,2,1,1.0,1.0,run7_bs2000_N2_M1_G1_CG1_interval15_step30_cooldown_for_k8,15,30,True,8.0,0.0012,10.0,0.0012,1,,0.868601,,3
7,2,1,1.0,1.0,run7_bs2000_N2_M1_G1_CG1_interval15_step30_cooldown_for_k9,15,30,True,9.0,0.0012,10.0,0.0012,1,,0.868578,,3
7,2,1,1.0,1.0,run7_bs2000_N2_M1_G1_CG1_interval15_step30_cooldown_for_k10,15,30,True,10.0,0.0012,10.0,0.0012,1,,0.868567,,3
7,2,1,1.0,1.0,run7_bs2000_N2_M1_G1_CG1_interval15_step30_cooldown_for_k11,15,30,True,11.0,0.0012,9.0,0.002,1,,0.868621,,4
7,2,1,1.0,1.0,run7_bs2000_N2_M1_G1_CG1_interval15_step30,15,30,False,,0.002,10.0,0.0012,2,1,0.868646,0.868567,4
7,2,1,1.0,1.0,run7_bs2000_N2_M1_G1_CG1_interval16_step32_cooldown_for_k9,16,32,True,9.0,0.0012,10.0,0.0012,1,,0.868365,,3
7,2,1,1.0,1.0,run7_bs2000_N2_M1_G1_CG1_interval16_step32_cooldown_for_k10,16,32,True,10.0,0.0012,10.0,0.0012,1,,0.868342,,3
7,2,1,1.0,1.0,run7_bs2000_N2_M1_G1_CG1_interval16_step32_cooldown_for_k11,16,32,True,11.0,0.0012,9.0,0.002,1,,0.868406,,4
7,2,1,1.0,1.0,run7_bs2000_N2_M1_G1_CG1_interval16_step32,16,32,False,,0.0012,10.0,0.0012,2,1,0.868407,0.868342,3
7,2,1,1.0,1.0,run7_bs2000_N2_M1_G1_CG1_interval17_step34_cooldown_for_k9,17,34,True,9.0,0.0012,11.0,0.00073,1,,0.868187,,4
7,2,1,1.0,1.0,run7_bs2000_N2_M1_G1_CG1_interval17_step34_cooldown_for_k10,17,34,True,10.0,0.0012,11.0,0.00073,1,,0.86815,,4
7,2,1,1.0,1.0,run7_bs2000_N2_M1_G1_CG1_interval17_step34_cooldown_for_k11,17,34,True,11.0,0.0012,10.0,0.0012,1,,0.868199,,3
7,2,1,1.0,1.0,run7_bs2000_N2_M1_G1_CG1_interval17_step34,17,34,False,,0.0012,10.0,0.0012,2,1,0.868211,0.86815,3
7,2,1,1.0,1.0,run7_bs2000_N2_M1_G1_CG1_interval18_step36_cooldown_for_k9,18,36,True,9.0,0.00073,10.0,0.0012,1,,0.867984,,4
7,2,1,1.0,1.0,run7_bs2000_N2_M1_G1_CG1_interval18_step36_cooldown_for_k10,18,36,True,10.0,0.00073,10.0,0.0012,1,,0.867978,,4
7,2,1,1.0,1.0,run7_bs2000_N2_M1_G1_CG1_interval18_step36_cooldown_for_k11,18,36,True,11.0,0.00073,10.0,0.0012,1,,0.867998,,4
7,2,1,1.0,1.0,run7_bs2000_N2_M1_G1_CG1_interval18_step36,18,36,False,,0.0012,10.0,0.0012,2,1,0.868046,0.867978,3
7,2,1,1.0,1.0,run7_bs2000_N2_M1_G1_CG1_interval19_step38_cooldown_for_k9,19,38,True,9.0,0.0012,11.0,0.00073,1,,0.867894,,4
7,2,1,1.0,1.0,run7_bs2000_N2_M1_G1_CG1_interval19_step38_cooldown_for_k10,19,38,True,10.0,0.0012,11.0,0.00073,1,,0.867864,,4
7,2,1,1.0,1.0,run7_bs2000_N2_M1_G1_CG1_interval19_step38_cooldown_for_k11,19,38,True,11.0,0.0012,11.0,0.00073,1,,0.867881,,4
7,2,1,1.0,1.0,run7_bs2000_N2_M1_G1_CG1_interval19_step38,19,38,False,,0.0012,10.0,0.0012,2,1,0.867908,0.867864,3
7,2,1,1.0,1.0,run7_bs2000_N2_M1_G1_CG1_interval20_step40_cooldown_for_k9,20,40,True,9.0,0.00073,10.0,0.0012,1,,0.86775,,4
7,2,1,1.0,1.0,run7_bs2000_N2_M1_G1_CG1_interval20_step40_cooldown_for_k10,20,40,True,10.0,0.00073,11.0,0.00073,1,,0.867734,,3
7,2,1,1.0,1.0,run7_bs2000_N2_M1_G1_CG1_interval20_step40_cooldown_for_k11,20,40,True,11.0,0.00073,11.0,0.00073,1,,0.867752,,3
7,2,1,1.0,1.0,run7_bs2000_N2_M1_G1_CG1_interval20_step40,20,40,False,,0.0012,10.0,0.0012,2,1,0.867791,0.867734,3
7,2,1,1.0,1.0,run7_bs2000_N2_M1_G1_CG1_interval21_step42_cooldown_for_k9,21,42,True,9.0,0.00073,11.0,0.00073,1,,0.867652,,3
7,2,1,1.0,1.0,run7_bs2000_N2_M1_G1_CG1_interval21_step42_cooldown_for_k10,21,42,True,10.0,0.00073,11.0,0.00073,1,,0.867635,,3
7,2,1,1.0,1.0,run7_bs2000_N2_M1_G1_CG1_interval21_step42_cooldown_for_k11,21,42,True,11.0,0.00073,12.0,0.00044,1,,0.867648,,4
7,2,1,1.0,1.0,run7_bs2000_N2_M1_G1_CG1_interval21_step42,21,42,False,,0.0012,10.0,0.0012,2,1,0.867692,0.867635,3
7,2,1,1.0,1.0,run7_bs2000_N2_M1_G1_CG1_interval22_step44_cooldown_for_k9,22,44,True,9.0,0.00073,11.0,0.00073,1,,0.867566,,3
7,2,1,1.0,1.0,run7_bs2000_N2_M1_G1_CG1_interval22_step44_cooldown_for_k10,22,44,True,10.0,0.00073,11.0,0.00073,1,,0.867553,,3
7,2,1,1.0,1.0,run7_bs2000_N2_M1_G1_CG1_interval22_step44_cooldown_for_k11,22,44,True,11.0,0.00073,12.0,0.00044,1,,0.867558,,4
7,2,1,1.0,1.0,run7_bs2000_N2_M1_G1_CG1_interval22_step44,22,44,False,,0.0012,10.0,0.0012,2,1,0.867605,0.867553,3
7,2,1,1.0,1.0,run7_bs2000_N2_M1_G1_CG1_interval23_step46_cooldown_for_k9,23,46,True,9.0,0.00073,11.0,0.00073,1,,0.867493,,3
7,2,1,1.0,1.0,run7_bs2000_N2_M1_G1_CG1_interval23_step46_cooldown_for_k10,23,46,True,10.0,0.00073,11.0,0.00073,1,,0.86748,,3
7,2,1,1.0,1.0,run7_bs2000_N2_M1_G1_CG1_interval23_step46_cooldown_for_k11,23,46,True,11.0,0.00073,12.0,0.00044,1,,0.867482,,4
7,2,1,1.0,1.0,run7_bs2000_N2_M1_G1_CG1_interval23_step46,23,46,False,,0.0012,10.0,0.0012,2,1,0.867532,0.86748,3
7,2,1,1.0,1.0,run7_bs2000_N2_M1_G1_CG1_interval24_step48,24,48,False,,0.0012,11.0,0.00073,2,0,0.86743,0.86743,4
8,2,2,1.0,1.0,run8_bs2000_N2_M2_G1_CG1_interval0_step0_cooldown_for_k-1,0,0,True,-1.0,0.2,2.0,0.072,2,,1.713692,,5
8,2,2,1.0,1.0,run8_bs2000_N2_M2_G1_CG1_interval0_step0_cooldown_for_k0,0,0,True,0.0,0.2,2.0,0.072,2,,1.638119,,5
8,2,2,1.0,1.0,run8_bs2000_N2_M2_G1_CG1_interval0_step0_cooldown_for_k1,0,0,True,1.0,0.2,2.0,0.072,2,,1.631049,,5
8,2,2,1.0,1.0,run8_bs2000_N2_M2_G1_CG1_interval0_step0_cooldown_for_k2,0,0,True,2.0,0.2,2.0,0.072,2,,1.663869,,5
8,2,2,1.0,1.0,run8_bs2000_N2_M2_G1_CG1_interval0_step0,0,0,False,,0.2,1.0,0.12,2,2,2.205666,1.631049,4
8,2,2,1.0,1.0,run8_bs2000_N2_M2_G1_CG1_interval1_step2_cooldown_for_k0,1,2,True,0.0,0.072,2.0,0.072,2,,1.212331,,3
8,2,2,1.0,1.0,run8_bs2000_N2_M2_G1_CG1_interval1_step2_cooldown_for_k1,1,2,True,1.0,0.072,2.0,0.072,2,,1.201774,,3
8,2,2,1.0,1.0,run8_bs2000_N2_M2_G1_CG1_interval1_step2_cooldown_for_k2,1,2,True,2.0,0.072,4.0,0.026,2,,1.201339,,5
8,2,2,1.0,1.0,run8_bs2000_N2_M2_G1_CG1_interval1_step2_cooldown_for_k3,1,2,True,3.0,0.072,4.0,0.026,2,,1.257215,,5
8,2,2,1.0,1.0,run8_bs2000_N2_M2_G1_CG1_interval1_step2,1,2,False,,0.12,2.0,0.072,2,2,1.565673,1.201339,4
8,2,2,1.0,1.0,run8_bs2000_N2_M2_G1_CG1_interval2_step4_cooldown_for_k1,2,4,True,1.0,0.026,3.0,0.043,2,,1.040269,,4
8,2,2,1.0,1.0,run8_bs2000_N2_M2_G1_CG1_interval2_step4_cooldown_for_k2,2,4,True,2.0,0.026,4.0,0.026,2,,0.988203,,3
8,2,2,1.0,1.0,run8_bs2000_N2_M2_G1_CG1_interval2_step4_cooldown_for_k3,2,4,True,3.0,0.026,4.0,0.026,2,,0.992908,,3
8,2,2,1.0,1.0,run8_bs2000_N2_M2_G1_CG1_interval2_step4,2,4,False,,0.072,2.0,0.072,2,2,1.219913,0.988203,3
8,2,2,1.0,1.0,run8_bs2000_N2_M2_G1_CG1_interval3_step6_cooldown_for_k1,3,6,True,1.0,0.026,3.0,0.043,2,,0.959939,,4
8,2,2,1.0,1.0,run8_bs2000_N2_M2_G1_CG1_interval3_step6_cooldown_for_k2,3,6,True,2.0,0.026,4.0,0.026,2,,0.921062,,3
8,2,2,1.0,1.0,run8_bs2000_N2_M2_G1_CG1_interval3_step6_cooldown_for_k3,3,6,True,3.0,0.026,5.0,0.016,2,,0.911186,,4
8,2,2,1.0,1.0,run8_bs2000_N2_M2_G1_CG1_interval3_step6_cooldown_for_k4,3,6,True,4.0,0.026,5.0,0.016,2,,0.920509,,4
8,2,2,1.0,1.0,run8_bs2000_N2_M2_G1_CG1_interval3_step6,3,6,False,,0.072,3.0,0.043,2,2,0.984097,0.911186,4
8,2,2,1.0,1.0,run8_bs2000_N2_M2_G1_CG1_interval4_step8_cooldown_for_k2,4,8,True,2.0,0.016,4.0,0.026,2,,0.902385,,4
8,2,2,1.0,1.0,run8_bs2000_N2_M2_G1_CG1_interval4_step8_cooldown_for_k3,4,8,True,3.0,0.016,4.0,0.026,2,,0.896317,,4
8,2,2,1.0,1.0,run8_bs2000_N2_M2_G1_CG1_interval4_step8_cooldown_for_k4,4,8,True,4.0,0.016,6.0,0.0093,2,,0.889442,,4
8,2,2,1.0,1.0,run8_bs2000_N2_M2_G1_CG1_interval4_step8_cooldown_for_k5,4,8,True,5.0,0.016,6.0,0.0093,2,,0.891247,,4
8,2,2,1.0,1.0,run8_bs2000_N2_M2_G1_CG1_interval4_step8,4,8,False,,0.043,4.0,0.026,2,2,0.915768,0.889442,4
8,2,2,1.0,1.0,run8_bs2000_N2_M2_G1_CG1_interval5_step10_cooldown_for_k3,5,10,True,3.0,0.0093,6.0,0.0093,2,,0.883656,,3
8,2,2,1.0,1.0,run8_bs2000_N2_M2_G1_CG1_interval5_step10_cooldown_for_k4,5,10,True,4.0,0.0093,6.0,0.0093,2,,0.882354,,3
8,2,2,1.0,1.0,run8_bs2000_N2_M2_G1_CG1_interval5_step10_cooldown_for_k5,5,10,True,5.0,0.0093,6.0,0.0093,2,,0.880198,,3
8,2,2,1.0,1.0,run8_bs2000_N2_M2_G1_CG1_interval5_step10_cooldown_for_k6,5,10,True,6.0,0.0093,7.0,0.0056,2,,0.881061,,4
8,2,2,1.0,1.0,run8_bs2000_N2_M2_G1_CG1_interval5_step10,5,10,False,,0.026,5.0,0.016,2,2,0.89167,0.880198,4
8,2,2,1.0,1.0,run8_bs2000_N2_M2_G1_CG1_interval6_step12_cooldown_for_k4,6,12,True,4.0,0.0093,7.0,0.0056,2,,0.878038,,4
8,2,2,1.0,1.0,run8_bs2000_N2_M2_G1_CG1_interval6_step12_cooldown_for_k5,6,12,True,5.0,0.0093,6.0,0.0093,2,,0.876297,,3
8,2,2,1.0,1.0,run8_bs2000_N2_M2_G1_CG1_interval6_step12_cooldown_for_k6,6,12,True,6.0,0.0093,7.0,0.0056,2,,0.875708,,4
8,2,2,1.0,1.0,run8_bs2000_N2_M2_G1_CG1_interval6_step12_cooldown_for_k7,6,12,True,7.0,0.0093,8.0,0.0034,2,,0.876625,,5
8,2,2,1.0,1.0,run8_bs2000_N2_M2_G1_CG1_interval6_step12,6,12,False,,0.016,6.0,0.0093,2,2,0.880508,0.875708,4
8,2,2,1.0,1.0,run8_bs2000_N2_M2_G1_CG1_interval7_step14_cooldown_for_k5,7,14,True,5.0,0.0056,7.0,0.0056,2,,0.87427,,3
8,2,2,1.0,1.0,run8_bs2000_N2_M2_G1_CG1_interval7_step14_cooldown_for_k6,7,14,True,6.0,0.0056,7.0,0.0056,2,,0.87308,,3
8,2,2,1.0,1.0,run8_bs2000_N2_M2_G1_CG1_interval7_step14_cooldown_for_k7,7,14,True,7.0,0.0056,8.0,0.0034,2,,0.873136,,4
8,2,2,1.0,1.0,run8_bs2000_N2_M2_G1_CG1_interval7_step14,7,14,False,,0.0093,6.0,0.0093,2,2,0.878657,0.87308,3
8,2,2,1.0,1.0,run8_bs2000_N2_M2_G1_CG1_interval8_step16_cooldown_for_k5,8,16,True,5.0,0.0056,8.0,0.0034,2,,0.872167,,4
8,2,2,1.0,1.0,run8_bs2000_N2_M2_G1_CG1_interval8_step16_cooldown_for_k6,8,16,True,6.0,0.0056,7.0,0.0056,2,,0.872104,,3
8,2,2,1.0,1.0,run8_bs2000_N2_M2_G1_CG1_interval8_step16_cooldown_for_k7,8,16,True,7.0,0.0056,8.0,0.0034,2,,0.871492,,4
8,2,2,1.0,1.0,run8_bs2000_N2_M2_G1_CG1_interval8_step16_cooldown_for_k8,8,16,True,8.0,0.0056,8.0,0.0034,2,,0.87184,,4
8,2,2,1.0,1.0,run8_bs2000_N2_M2_G1_CG1_interval8_step16,8,16,False,,0.0093,7.0,0.0056,2,2,0.873165,0.871492,4
8,2,2,1.0,1.0,run8_bs2000_N2_M2_G1_CG1_interval9_step18_cooldown_for_k6,9,18,True,6.0,0.0034,8.0,0.0034,2,,0.870797,,3
8,2,2,1.0,1.0,run8_bs2000_N2_M2_G1_CG1_interval9_step18_cooldown_for_k7,9,18,True,7.0,0.0034,8.0,0.0034,2,,0.870327,,3
8,2,2,1.0,1.0,run8_bs2000_N2_M2_G1_CG1_interval9_step18_cooldown_for_k8,9,18,True,8.0,0.0034,9.0,0.002,2,,0.870383,,4
8,2,2,1.0,1.0,run8_bs2000_N2_M2_G1_CG1_interval9_step18,9,18,False,,0.0056,7.0,0.0056,2,2,0.872374,0.870327,3
8,2,2,1.0,1.0,run8_bs2000_N2_M2_G1_CG1_interval10_step20_cooldown_for_k6,10,20,True,6.0,0.0034,8.0,0.0034,2,,0.869886,,3
8,2,2,1.0,1.0,run8_bs2000_N2_M2_G1_CG1_interval10_step20_cooldown_for_k7,10,20,True,7.0,0.0034,8.0,0.0034,2,,0.869566,,3
8,2,2,1.0,1.0,run8_bs2000_N2_M2_G1_CG1_interval10_step20_cooldown_for_k8,10,20,True,8.0,0.0034,9.0,0.002,2,,0.869465,,4
8,2,2,1.0,1.0,run8_bs2000_N2_M2_G1_CG1_interval10_step20_cooldown_for_k9,10,20,True,9.0,0.0034,9.0,0.002,2,,0.869806,,4
8,2,2,1.0,1.0,run8_bs2000_N2_M2_G1_CG1_interval10_step20,10,20,False,,0.0056,8.0,0.0034,2,2,0.870331,0.869465,4
8,2,2,1.0,1.0,run8_bs2000_N2_M2_G1_CG1_interval11_step22_cooldown_for_k7,11,22,True,7.0,0.002,9.0,0.002,2,,0.869106,,3
8,2,2,1.0,1.0,run8_bs2000_N2_M2_G1_CG1_interval11_step22_cooldown_for_k8,11,22,True,8.0,0.002,9.0,0.002,2,,0.868932,,3
8,2,2,1.0,1.0,run8_bs2000_N2_M2_G1_CG1_interval11_step22_cooldown_for_k9,11,22,True,9.0,0.002,9.0,0.002,2,,0.868997,,3
8,2,2,1.0,1.0,run8_bs2000_N2_M2_G1_CG1_interval11_step22,11,22,False,,0.0034,8.0,0.0034,2,2,0.869794,0.868932,3
8,2,2,1.0,1.0,run8_bs2000_N2_M2_G1_CG1_interval12_step24_cooldown_for_k7,12,24,True,7.0,0.002,9.0,0.002,2,,0.868579,,3
8,2,2,1.0,1.0,run8_bs2000_N2_M2_G1_CG1_interval12_step24_cooldown_for_k8,12,24,True,8.0,0.002,9.0,0.002,2,,0.868548,,3
8,2,2,1.0,1.0,run8_bs2000_N2_M2_G1_CG1_interval12_step24_cooldown_for_k9,12,24,True,9.0,0.002,9.0,0.002,2,,0.868616,,3
8,2,2,1.0,1.0,run8_bs2000_N2_M2_G1_CG1_interval12_step24,12,24,False,,0.0034,8.0,0.0034,2,2,0.869284,0.868548,3
8,2,2,1.0,1.0,run8_bs2000_N2_M2_G1_CG1_interval13_step26_cooldown_for_k7,13,26,True,7.0,0.002,9.0,0.002,2,,0.868345,,3
8,2,2,1.0,1.0,run8_bs2000_N2_M2_G1_CG1_interval13_step26_cooldown_for_k8,13,26,True,8.0,0.002,9.0,0.002,2,,0.868311,,3
8,2,2,1.0,1.0,run8_bs2000_N2_M2_G1_CG1_interval13_step26_cooldown_for_k9,13,26,True,9.0,0.002,10.0,0.0012,2,,0.868318,,4
8,2,2,1.0,1.0,run8_bs2000_N2_M2_G1_CG1_interval13_step26,13,26,False,,0.0034,8.0,0.0034,2,2,0.868979,0.868311,3
8,2,2,1.0,1.0,run8_bs2000_N2_M2_G1_CG1_interval14_step28_cooldown_for_k7,14,28,True,7.0,0.002,9.0,0.002,2,,0.868133,,3
8,2,2,1.0,1.0,run8_bs2000_N2_M2_G1_CG1_interval14_step28_cooldown_for_k8,14,28,True,8.0,0.002,9.0,0.002,2,,0.86811,,3
8,2,2,1.0,1.0,run8_bs2000_N2_M2_G1_CG1_interval14_step28_cooldown_for_k9,14,28,True,9.0,0.002,10.0,0.0012,2,,0.868077,,4
8,2,2,1.0,1.0,run8_bs2000_N2_M2_G1_CG1_interval14_step28_cooldown_for_k10,14,28,True,10.0,0.002,10.0,0.0012,2,,0.868168,,4
8,2,2,1.0,1.0,run8_bs2000_N2_M2_G1_CG1_interval14_step28,14,28,False,,0.0034,9.0,0.002,2,2,0.868337,0.868077,4
8,2,2,1.0,1.0,run8_bs2000_N2_M2_G1_CG1_interval15_step30_cooldown_for_k8,15,30,True,8.0,0.0012,10.0,0.0012,2,,0.867926,,3
8,2,2,1.0,1.0,run8_bs2000_N2_M2_G1_CG1_interval15_step30_cooldown_for_k9,15,30,True,9.0,0.0012,10.0,0.0012,2,,0.86788,,3
8,2,2,1.0,1.0,run8_bs2000_N2_M2_G1_CG1_interval15_step30_cooldown_for_k10,15,30,True,10.0,0.0012,11.0,0.00073,2,,0.867912,,4
8,2,2,1.0,1.0,run8_bs2000_N2_M2_G1_CG1_interval15_step30,15,30,False,,0.002,9.0,0.002,2,2,0.868242,0.86788,3
8,2,2,1.0,1.0,run8_bs2000_N2_M2_G1_CG1_interval16_step32_cooldown_for_k8,16,32,True,8.0,0.0012,10.0,0.0012,2,,0.867755,,3
8,2,2,1.0,1.0,run8_bs2000_N2_M2_G1_CG1_interval16_step32_cooldown_for_k9,16,32,True,9.0,0.0012,10.0,0.0012,2,,0.867723,,3
8,2,2,1.0,1.0,run8_bs2000_N2_M2_G1_CG1_interval16_step32_cooldown_for_k10,16,32,True,10.0,0.0012,11.0,0.00073,2,,0.867746,,4
8,2,2,1.0,1.0,run8_bs2000_N2_M2_G1_CG1_interval16_step32,16,32,False,,0.002,9.0,0.002,2,2,0.868027,0.867723,3
8,2,2,1.0,1.0,run8_bs2000_N2_M2_G1_CG1_interval17_step34_cooldown_for_k8,17,34,True,8.0,0.0012,10.0,0.0012,2,,0.867644,,3
8,2,2,1.0,1.0,run8_bs2000_N2_M2_G1_CG1_interval17_step34_cooldown_for_k9,17,34,True,9.0,0.0012,10.0,0.0012,2,,0.867611,,3
8,2,2,1.0,1.0,run8_bs2000_N2_M2_G1_CG1_interval17_step34_cooldown_for_k10,17,34,True,10.0,0.0012,11.0,0.00073,2,,0.867634,,4
8,2,2,1.0,1.0,run8_bs2000_N2_M2_G1_CG1_interval17_step34,17,34,False,,0.002,9.0,0.002,2,2,0.867925,0.867611,3
8,2,2,1.0,1.0,run8_bs2000_N2_M2_G1_CG1_interval18_step36_cooldown_for_k8,18,36,True,8.0,0.0012,10.0,0.0012,2,,0.86755,,3
8,2,2,1.0,1.0,run8_bs2000_N2_M2_G1_CG1_interval18_step36_cooldown_for_k9,18,36,True,9.0,0.0012,10.0,0.0012,2,,0.867526,,3
8,2,2,1.0,1.0,run8_bs2000_N2_M2_G1_CG1_interval18_step36_cooldown_for_k10,18,36,True,10.0,0.0012,11.0,0.00073,2,,0.867535,,4
8,2,2,1.0,1.0,run8_bs2000_N2_M2_G1_CG1_interval18_step36,18,36,False,,0.002,9.0,0.002,2,2,0.867809,0.867526,3
8,2,2,1.0,1.0,run8_bs2000_N2_M2_G1_CG1_interval19_step38_cooldown_for_k8,19,38,True,8.0,0.0012,10.0,0.0012,2,,0.867484,,3
8,2,2,1.0,1.0,run8_bs2000_N2_M2_G1_CG1_interval19_step38_cooldown_for_k9,19,38,True,9.0,0.0012,10.0,0.0012,2,,0.867447,,3
8,2,2,1.0,1.0,run8_bs2000_N2_M2_G1_CG1_interval19_step38_cooldown_for_k10,19,38,True,10.0,0.0012,12.0,0.00044,2,,0.867455,,5
8,2,2,1.0,1.0,run8_bs2000_N2_M2_G1_CG1_interval19_step38,19,38,False,,0.002,9.0,0.002,2,2,0.867732,0.867447,3
8,2,2,1.0,1.0,run8_bs2000_N2_M2_G1_CG1_interval20_step40_cooldown_for_k8,20,40,True,8.0,0.0012,10.0,0.0012,2,,0.86741,,3
8,2,2,1.0,1.0,run8_bs2000_N2_M2_G1_CG1_interval20_step40_cooldown_for_k9,20,40,True,9.0,0.0012,10.0,0.0012,2,,0.867385,,3
8,2,2,1.0,1.0,run8_bs2000_N2_M2_G1_CG1_interval20_step40_cooldown_for_k10,20,40,True,10.0,0.0012,12.0,0.00044,2,,0.867382,,5
8,2,2,1.0,1.0,run8_bs2000_N2_M2_G1_CG1_interval20_step40_cooldown_for_k11,20,40,True,11.0,0.0012,11.0,0.00073,2,,0.867419,,4
8,2,2,1.0,1.0,run8_bs2000_N2_M2_G1_CG1_interval20_step40,20,40,False,,0.002,10.0,0.0012,2,2,0.867452,0.867382,4
8,2,2,1.0,1.0,run8_bs2000_N2_M2_G1_CG1_interval21_step42_cooldown_for_k9,21,42,True,9.0,0.00044,11.0,0.00073,2,,0.867313,,4
8,2,2,1.0,1.0,run8_bs2000_N2_M2_G1_CG1_interval21_step42_cooldown_for_k10,21,42,True,10.0,0.00044,11.0,0.00073,2,,0.867305,,4
8,2,2,1.0,1.0,run8_bs2000_N2_M2_G1_CG1_interval21_step42_cooldown_for_k11,21,42,True,11.0,0.00044,12.0,0.00044,2,,0.867327,,3
8,2,2,1.0,1.0,run8_bs2000_N2_M2_G1_CG1_interval21_step42,21,42,False,,0.0012,10.0,0.0012,2,2,0.867444,0.867305,3
8,2,2,1.0,1.0,run8_bs2000_N2_M2_G1_CG1_interval22_step44_cooldown_for_k9,22,44,True,9.0,0.00073,11.0,0.00073,2,,0.867273,,3
8,2,2,1.0,1.0,run8_bs2000_N2_M2_G1_CG1_interval22_step44_cooldown_for_k10,22,44,True,10.0,0.00073,11.0,0.00073,2,,0.867256,,3
8,2,2,1.0,1.0,run8_bs2000_N2_M2_G1_CG1_interval22_step44_cooldown_for_k11,22,44,True,11.0,0.00073,12.0,0.00044,2,,0.867259,,4
8,2,2,1.0,1.0,run8_bs2000_N2_M2_G1_CG1_interval22_step44,22,44,False,,0.0012,10.0,0.0012,2,2,0.867368,0.867256,3
8,2,2,1.0,1.0,run8_bs2000_N2_M2_G1_CG1_interval23_step46_cooldown_for_k9,23,46,True,9.0,0.00073,11.0,0.00073,2,,0.867224,,3
8,2,2,1.0,1.0,run8_bs2000_N2_M2_G1_CG1_interval23_step46_cooldown_for_k10,23,46,True,10.0,0.00073,11.0,0.00073,2,,0.867219,,3
8,2,2,1.0,1.0,run8_bs2000_N2_M2_G1_CG1_interval23_step46_cooldown_for_k11,23,46,True,11.0,0.00073,12.0,0.00044,2,,0.867222,,4
8,2,2,1.0,1.0,run8_bs2000_N2_M2_G1_CG1_interval23_step46,23,46,False,,0.0012,10.0,0.0012,2,2,0.867331,0.867219,3
8,2,2,1.0,1.0,run8_bs2000_N2_M2_G1_CG1_interval24_step48,24,48,False,,0.0012,11.0,0.00073,2,0,0.867222,0.867222,4
9,2,3,1.0,1.0,run9_bs2000_N2_M3_G1_CG1_interval0_step0_cooldown_for_k-1,0,0,True,-1.0,0.2,2.0,0.072,3,,1.479946,,5
9,2,3,1.0,1.0,run9_bs2000_N2_M3_G1_CG1_interval0_step0_cooldown_for_k0,0,0,True,0.0,0.2,2.0,0.072,3,,1.384075,,5
9,2,3,1.0,1.0,run9_bs2000_N2_M3_G1_CG1_interval0_step0_cooldown_for_k1,0,0,True,1.0,0.2,2.0,0.072,3,,1.386466,,5
9,2,3,1.0,1.0,run9_bs2000_N2_M3_G1_CG1_interval0_step0,0,0,False,,0.2,0.0,0.2,2,3,2.203367,1.384075,3
9,2,3,1.0,1.0,run9_bs2000_N2_M3_G1_CG1_interval1_step2_cooldown_for_k-1,1,2,True,-1.0,0.072,2.0,0.072,3,,1.146147,,3
9,2,3,1.0,1.0,run9_bs2000_N2_M3_G1_CG1_interval1_step2_cooldown_for_k0,1,2,True,0.0,0.072,3.0,0.043,3,,1.102738,,4
9,2,3,1.0,1.0,run9_bs2000_N2_M3_G1_CG1_interval1_step2_cooldown_for_k1,1,2,True,1.0,0.072,3.0,0.043,3,,1.103062,,4
9,2,3,1.0,1.0,run9_bs2000_N2_M3_G1_CG1_interval1_step2,1,2,False,,0.2,0.0,0.2,2,3,1.723197,1.102738,3
9,2,3,1.0,1.0,run9_bs2000_N2_M3_G1_CG1_interval2_step4_cooldown_for_k-1,2,4,True,-1.0,0.043,3.0,0.043,3,,1.142077,,3
9,2,3,1.0,1.0,run9_bs2000_N2_M3_G1_CG1_interval2_step4_cooldown_for_k0,2,4,True,0.0,0.043,3.0,0.043,3,,1.002605,,3
9,2,3,1.0,1.0,run9_bs2000_N2_M3_G1_CG1_interval2_step4_cooldown_for_k1,2,4,True,1.0,0.043,3.0,0.043,3,,0.96898,,3
9,2,3,1.0,1.0,run9_bs2000_N2_M3_G1_CG1_interval2_step4_cooldown_for_k2,2,4,True,2.0,0.043,4.0,0.026,3,,0.969518,,4
9,2,3,1.0,1.0,run9_bs2000_N2_M3_G1_CG1_interval2_step4,2,4,False,,0.2,1.0,0.12,2,3,1.405247,0.96898,4
9,2,3,1.0,1.0,run9_bs2000_N2_M3_G1_CG1_interval3_step6_cooldown_for_k0,3,6,True,0.0,0.043,3.0,0.043,3,,0.934934,,3
9,2,3,1.0,1.0,run9_bs2000_N2_M3_G1_CG1_interval3_step6_cooldown_for_k1,3,6,True,1.0,0.043,3.0,0.043,3,,0.914935,,3
9,2,3,1.0,1.0,run9_bs2000_N2_M3_G1_CG1_interval3_step6_cooldown_for_k2,3,6,True,2.0,0.043,4.0,0.026,3,,0.908102,,4
9,2,3,1.0,1.0,run9_bs2000_N2_M3_G1_CG1_interval3_step6_cooldown_for_k3,3,6,True,3.0,0.043,4.0,0.026,3,,0.916258,,4
9,2,3,1.0,1.0,run9_bs2000_N2_M3_G1_CG1_interval3_step6,3,6,False,,0.12,2.0,0.072,2,3,1.052982,0.908102,4
9,2,3,1.0,1.0,run9_bs2000_N2_M3_G1_CG1_interval4_step8_cooldown_for_k1,4,8,True,1.0,0.026,4.0,0.026,3,,0.896168,,3
9,2,3,1.0,1.0,run9_bs2000_N2_M3_G1_CG1_interval4_step8_cooldown_for_k2,4,8,True,2.0,0.026,4.0,0.026,3,,0.887583,,3
9,2,3,1.0,1.0,run9_bs2000_N2_M3_G1_CG1_interval4_step8_cooldown_for_k3,4,8,True,3.0,0.026,5.0,0.016,3,,0.886991,,4
9,2,3,1.0,1.0,run9_bs2000_N2_M3_G1_CG1_interval4_step8_cooldown_for_k4,4,8,True,4.0,0.026,5.0,0.016,3,,0.892438,,4
9,2,3,1.0,1.0,run9_bs2000_N2_M3_G1_CG1_interval4_step8,4,8,False,,0.072,3.0,0.043,2,3,0.923165,0.886991,4
9,2,3,1.0,1.0,run9_bs2000_N2_M3_G1_CG1_interval5_step10_cooldown_for_k2,5,10,True,2.0,0.016,5.0,0.016,3,,0.881751,,3
9,2,3,1.0,1.0,run9_bs2000_N2_M3_G1_CG1_interval5_step10_cooldown_for_k3,5,10,True,3.0,0.016,5.0,0.016,3,,0.877483,,3
9,2,3,1.0,1.0,run9_bs2000_N2_M3_G1_CG1_interval5_step10_cooldown_for_k4,5,10,True,4.0,0.016,6.0,0.0093,3,,0.878852,,4
9,2,3,1.0,1.0,run9_bs2000_N2_M3_G1_CG1_interval5_step10,5,10,False,,0.043,3.0,0.043,2,3,0.920017,0.877483,3
9,2,3,1.0,1.0,run9_bs2000_N2_M3_G1_CG1_interval6_step12_cooldown_for_k2,6,12,True,2.0,0.016,5.0,0.016,3,,0.877973,,3
9,2,3,1.0,1.0,run9_bs2000_N2_M3_G1_CG1_interval6_step12_cooldown_for_k3,6,12,True,3.0,0.016,6.0,0.0093,3,,0.873841,,4
9,2,3,1.0,1.0,run9_bs2000_N2_M3_G1_CG1_interval6_step12_cooldown_for_k4,6,12,True,4.0,0.016,6.0,0.0093,3,,0.874217,,4
9,2,3,1.0,1.0,run9_bs2000_N2_M3_G1_CG1_interval6_step12,6,12,False,,0.043,3.0,0.043,2,3,0.890159,0.873841,3
9,2,3,1.0,1.0,run9_bs2000_N2_M3_G1_CG1_interval7_step14_cooldown_for_k2,7,14,True,2.0,0.0093,5.0,0.016,3,,0.873848,,4
9,2,3,1.0,1.0,run9_bs2000_N2_M3_G1_CG1_interval7_step14_cooldown_for_k3,7,14,True,3.0,0.0093,5.0,0.016,3,,0.872242,,4
9,2,3,1.0,1.0,run9_bs2000_N2_M3_G1_CG1_interval7_step14_cooldown_for_k4,7,14,True,4.0,0.0093,6.0,0.0093,3,,0.871208,,3
9,2,3,1.0,1.0,run9_bs2000_N2_M3_G1_CG1_interval7_step14_cooldown_for_k5,7,14,True,5.0,0.0093,7.0,0.0056,3,,0.871225,,4
9,2,3,1.0,1.0,run9_bs2000_N2_M3_G1_CG1_interval7_step14,7,14,False,,0.043,4.0,0.026,2,3,0.883749,0.871208,4
9,2,3,1.0,1.0,run9_bs2000_N2_M3_G1_CG1_interval8_step16_cooldown_for_k3,8,16,True,3.0,0.0093,6.0,0.0093,3,,0.870924,,3
9,2,3,1.0,1.0,run9_bs2000_N2_M3_G1_CG1_interval8_step16_cooldown_for_k4,8,16,True,4.0,0.0093,6.0,0.0093,3,,0.869815,,3
9,2,3,1.0,1.0,run9_bs2000_N2_M3_G1_CG1_interval8_step16_cooldown_for_k5,8,16,True,5.0,0.0093,7.0,0.0056,3,,0.869717,,4
9,2,3,1.0,1.0,run9_bs2000_N2_M3_G1_CG1_interval8_step16_cooldown_for_k6,8,16,True,6.0,0.0093,7.0,0.0056,3,,0.870213,,4
9,2,3,1.0,1.0,run9_bs2000_N2_M3_G1_CG1_interval8_step16,8,16,False,,0.026,5.0,0.016,2,3,0.874179,0.869717,4
9,2,3,1.0,1.0,run9_bs2000_N2_M3_G1_CG1_interval9_step18_cooldown_for_k4,9,18,True,4.0,0.0056,7.0,0.0056,3,,0.869317,,3
9,2,3,1.0,1.0,run9_bs2000_N2_M3_G1_CG1_interval9_step18_cooldown_for_k5,9,18,True,5.0,0.0056,7.0,0.0056,3,,0.868895,,3
9,2,3,1.0,1.0,run9_bs2000_N2_M3_G1_CG1_interval9_step18_cooldown_for_k6,9,18,True,6.0,0.0056,8.0,0.0034,3,,0.868908,,4
9,2,3,1.0,1.0,run9_bs2000_N2_M3_G1_CG1_interval9_step18,9,18,False,,0.016,5.0,0.016,2,3,0.874084,0.868895,3
9,2,3,1.0,1.0,run9_bs2000_N2_M3_G1_CG1_interval10_step20_cooldown_for_k4,10,20,True,4.0,0.0056,7.0,0.0056,3,,0.86871,,3
9,2,3,1.0,1.0,run9_bs2000_N2_M3_G1_CG1_interval10_step20_cooldown_for_k5,10,20,True,5.0,0.0056,7.0,0.0056,3,,0.868413,,3
9,2,3,1.0,1.0,run9_bs2000_N2_M3_G1_CG1_interval10_step20_cooldown_for_k6,10,20,True,6.0,0.0056,8.0,0.0034,3,,0.868417,,4
9,2,3,1.0,1.0,run9_bs2000_N2_M3_G1_CG1_interval10_step20,10,20,False,,0.016,5.0,0.016,2,3,0.872165,0.868413,3
9,2,3,1.0,1.0,run9_bs2000_N2_M3_G1_CG1_interval11_step22_cooldown_for_k4,11,22,True,4.0,0.0056,7.0,0.0056,3,,0.868342,,3
9,2,3,1.0,1.0,run9_bs2000_N2_M3_G1_CG1_interval11_step22_cooldown_for_k5,11,22,True,5.0,0.0056,7.0,0.0056,3,,0.868097,,3
9,2,3,1.0,1.0,run9_bs2000_N2_M3_G1_CG1_interval11_step22_cooldown_for_k6,11,22,True,6.0,0.0056,8.0,0.0034,3,,0.867942,,4
9,2,3,1.0,1.0,run9_bs2000_N2_M3_G1_CG1_interval11_step22_cooldown_for_k7,11,22,True,7.0,0.0056,8.0,0.0034,3,,0.868099,,4
9,2,3,1.0,1.0,run9_bs2000_N2_M3_G1_CG1_interval11_step22,11,22,False,,0.016,6.0,0.0093,2,3,0.869742,0.867942,4
9,2,3,1.0,1.0,run9_bs2000_N2_M3_G1_CG1_interval12_step24_cooldown_for_k5,12,24,True,5.0,0.0034,8.0,0.0034,3,,0.867801,,3
9,2,3,1.0,1.0,run9_bs2000_N2_M3_G1_CG1_interval12_step24_cooldown_for_k6,12,24,True,6.0,0.0034,8.0,0.0034,3,,0.867718,,3
9,2,3,1.0,1.0,run9_bs2000_N2_M3_G1_CG1_interval12_step24_cooldown_for_k7,12,24,True,7.0,0.0034,9.0,0.002,3,,0.867674,,4
9,2,3,1.0,1.0,run9_bs2000_N2_M3_G1_CG1_interval12_step24_cooldown_for_k8,12,24,True,8.0,0.0034,9.0,0.002,3,,0.867759,,4
9,2,3,1.0,1.0,run9_bs2000_N2_M3_G1_CG1_interval12_step24,12,24,False,,0.0093,7.0,0.0056,2,3,0.868351,0.867674,4
9,2,3,1.0,1.0,run9_bs2000_N2_M3_G1_CG1_interval13_step26_cooldown_for_k6,13,26,True,6.0,0.002,8.0,0.0034,3,,0.867517,,4
9,2,3,1.0,1.0,run9_bs2000_N2_M3_G1_CG1_interval13_step26_cooldown_for_k7,13,26,True,7.0,0.002,9.0,0.002,3,,0.867483,,3
9,2,3,1.0,1.0,run9_bs2000_N2_M3_G1_CG1_interval13_step26_cooldown_for_k8,13,26,True,8.0,0.002,9.0,0.002,3,,0.867494,,3
9,2,3,1.0,1.0,run9_bs2000_N2_M3_G1_CG1_interval13_step26,13,26,False,,0.0056,7.0,0.0056,2,3,0.868231,0.867483,3
9,2,3,1.0,1.0,run9_bs2000_N2_M3_G1_CG1_interval14_step28_cooldown_for_k6,14,28,True,6.0,0.002,9.0,0.002,3,,0.867405,,3
9,2,3,1.0,1.0,run9_bs2000_N2_M3_G1_CG1_interval14_step28_cooldown_for_k7,14,28,True,7.0,0.002,9.0,0.002,3,,0.86737,,3
9,2,3,1.0,1.0,run9_bs2000_N2_M3_G1_CG1_interval14_step28_cooldown_for_k8,14,28,True,8.0,0.002,9.0,0.002,3,,0.867343,,3
9,2,3,1.0,1.0,run9_bs2000_N2_M3_G1_CG1_interval14_step28_cooldown_for_k9,14,28,True,9.0,0.002,10.0,0.0012,3,,0.867414,,4
9,2,3,1.0,1.0,run9_bs2000_N2_M3_G1_CG1_interval14_step28,14,28,False,,0.0056,8.0,0.0034,2,3,0.867643,0.867343,4
9,2,3,1.0,1.0,run9_bs2000_N2_M3_G1_CG1_interval15_step30_cooldown_for_k7,15,30,True,7.0,0.002,9.0,0.002,3,,0.867258,,3
9,2,3,1.0,1.0,run9_bs2000_N2_M3_G1_CG1_interval15_step30_cooldown_for_k8,15,30,True,8.0,0.002,9.0,0.002,3,,0.867247,,3
9,2,3,1.0,1.0,run9_bs2000_N2_M3_G1_CG1_interval15_step30_cooldown_for_k9,15,30,True,9.0,0.002,10.0,0.0012,3,,0.867263,,4
9,2,3,1.0,1.0,run9_bs2000_N2_M3_G1_CG1_interval15_step30,15,30,False,,0.0034,8.0,0.0034,2,3,0.867533,0.867247,3
9,2,3,1.0,1.0,run9_bs2000_N2_M3_G1_CG1_interval16_step32_cooldown_for_k7,16,32,True,7.0,0.002,9.0,0.002,3,,0.867189,,3
9,2,3,1.0,1.0,run9_bs2000_N2_M3_G1_CG1_interval16_step32_cooldown_for_k8,16,32,True,8.0,0.002,9.0,0.002,3,,0.867183,,3
9,2,3,1.0,1.0,run9_bs2000_N2_M3_G1_CG1_interval16_step32_cooldown_for_k9,16,32,True,9.0,0.002,10.0,0.0012,3,,0.867177,,4
9,2,3,1.0,1.0,run9_bs2000_N2_M3_G1_CG1_interval16_step32_cooldown_for_k10,16,32,True,10.0,0.002,11.0,0.00073,3,,0.867218,,5
9,2,3,1.0,1.0,run9_bs2000_N2_M3_G1_CG1_interval16_step32,16,32,False,,0.0034,9.0,0.002,2,3,0.867312,0.867177,4
9,2,3,1.0,1.0,run9_bs2000_N2_M3_G1_CG1_interval17_step34_cooldown_for_k8,17,34,True,8.0,0.0012,10.0,0.0012,3,,0.86713,,3
9,2,3,1.0,1.0,run9_bs2000_N2_M3_G1_CG1_interval17_step34_cooldown_for_k9,17,34,True,9.0,0.0012,10.0,0.0012,3,,0.867128,,3
9,2,3,1.0,1.0,run9_bs2000_N2_M3_G1_CG1_interval17_step34_cooldown_for_k10,17,34,True,10.0,0.0012,11.0,0.00073,3,,0.867142,,4
9,2,3,1.0,1.0,run9_bs2000_N2_M3_G1_CG1_interval17_step34,17,34,False,,0.002,9.0,0.002,2,3,0.867231,0.867128,3
9,2,3,1.0,1.0,run9_bs2000_N2_M3_G1_CG1_interval18_step36_cooldown_for_k8,18,36,True,8.0,0.0012,10.0,0.0012,3,,0.86709,,3
9,2,3,1.0,1.0,run9_bs2000_N2_M3_G1_CG1_interval18_step36_cooldown_for_k9,18,36,True,9.0,0.0012,10.0,0.0012,3,,0.86709,,3
9,2,3,1.0,1.0,run9_bs2000_N2_M3_G1_CG1_interval18_step36_cooldown_for_k10,18,36,True,10.0,0.0012,11.0,0.00073,3,,0.867094,,4
9,2,3,1.0,1.0,run9_bs2000_N2_M3_G1_CG1_interval18_step36_cooldown_for_k7,18,36,True,7.0,0.0012,10.0,0.0012,3,,0.867086,,3
9,2,3,1.0,1.0,run9_bs2000_N2_M3_G1_CG1_interval18_step36_cooldown_for_k6,18,36,True,6.0,0.0012,10.0,0.0012,3,,0.867045,,3
9,2,3,1.0,1.0,run9_bs2000_N2_M3_G1_CG1_interval18_step36_cooldown_for_k5,18,36,True,5.0,0.0012,8.0,0.0034,3,,0.867029,,5
9,2,3,1.0,1.0,run9_bs2000_N2_M3_G1_CG1_interval18_step36_cooldown_for_k4,18,36,True,4.0,0.0012,7.0,0.0056,3,,0.86737,,6
9,2,3,1.0,1.0,run9_bs2000_N2_M3_G1_CG1_interval18_step36,18,36,False,,0.002,5.0,0.016,2,3,0.868702,0.867029,7
9,2,3,1.0,1.0,run9_bs2000_N2_M3_G1_CG1_interval19_step38_cooldown_for_k4,19,38,True,4.0,0.0034,9.0,0.002,3,,0.867262,,4
9,2,3,1.0,1.0,run9_bs2000_N2_M3_G1_CG1_interval19_step38_cooldown_for_k5,19,38,True,5.0,0.0034,9.0,0.002,3,,0.867201,,4
9,2,3,1.0,1.0,run9_bs2000_N2_M3_G1_CG1_interval19_step38_cooldown_for_k6,19,38,True,6.0,0.0034,8.0,0.0034,3,,0.867002,,3
9,2,3,1.0,1.0,run9_bs2000_N2_M3_G1_CG1_interval19_step38_cooldown_for_k7,19,38,True,7.0,0.0034,10.0,0.0012,3,,0.867014,,5
9,2,3,1.0,1.0,run9_bs2000_N2_M3_G1_CG1_interval19_step38,19,38,False,,0.016,6.0,0.0093,2,3,0.867978,0.867002,4
9,2,3,1.0,1.0,run9_bs2000_N2_M3_G1_CG1_interval20_step40_cooldown_for_k5,20,40,True,5.0,0.0034,8.0,0.0034,3,,0.867074,,3
9,2,3,1.0,1.0,run9_bs2000_N2_M3_G1_CG1_interval20_step40_cooldown_for_k6,20,40,True,6.0,0.0034,8.0,0.0034,3,,0.867064,,3
9,2,3,1.0,1.0,run9_bs2000_N2_M3_G1_CG1_interval20_step40_cooldown_for_k7,20,40,True,7.0,0.0034,8.0,0.0034,3,,0.866988,,3
9,2,3,1.0,1.0,run9_bs2000_N2_M3_G1_CG1_interval20_step40_cooldown_for_k8,20,40,True,8.0,0.0034,9.0,0.002,3,,0.866984,,4
9,2,3,1.0,1.0,run9_bs2000_N2_M3_G1_CG1_interval20_step40_cooldown_for_k9,20,40,True,9.0,0.0034,11.0,0.00073,3,,0.866972,,6
9,2,3,1.0,1.0,run9_bs2000_N2_M3_G1_CG1_interval20_step40_cooldown_for_k10,20,40,True,10.0,0.0034,11.0,0.00073,3,,0.866982,,6
9,2,3,1.0,1.0,run9_bs2000_N2_M3_G1_CG1_interval20_step40,20,40,False,,0.0093,9.0,0.002,2,3,0.867098,0.866972,6
9,2,3,1.0,1.0,run9_bs2000_N2_M3_G1_CG1_interval21_step42_cooldown_for_k8,21,42,True,8.0,0.00073,11.0,0.00073,3,,0.866957,,3
9,2,3,1.0,1.0,run9_bs2000_N2_M3_G1_CG1_interval21_step42_cooldown_for_k9,21,42,True,9.0,0.00073,11.0,0.00073,3,,0.866956,,3
9,2,3,1.0,1.0,run9_bs2000_N2_M3_G1_CG1_interval21_step42_cooldown_for_k10,21,42,True,10.0,0.00073,12.0,0.00044,3,,0.866957,,4
9,2,3,1.0,1.0,run9_bs2000_N2_M3_G1_CG1_interval21_step42,21,42,False,,0.002,9.0,0.002,2,3,0.867019,0.866956,3
9,2,3,1.0,1.0,run9_bs2000_N2_M3_G1_CG1_interval22_step44_cooldown_for_k8,22,44,True,8.0,0.00073,11.0,0.00073,3,,0.866949,,3
9,2,3,1.0,1.0,run9_bs2000_N2_M3_G1_CG1_interval22_step44_cooldown_for_k9,22,44,True,9.0,0.00073,11.0,0.00073,3,,0.866947,,3
9,2,3,1.0,1.0,run9_bs2000_N2_M3_G1_CG1_interval22_step44_cooldown_for_k10,22,44,True,10.0,0.00073,11.0,0.00073,3,,0.866944,,3
9,2,3,1.0,1.0,run9_bs2000_N2_M3_G1_CG1_interval22_step44_cooldown_for_k11,22,44,True,11.0,0.00073,12.0,0.00044,3,,0.866948,,4
9,2,3,1.0,1.0,run9_bs2000_N2_M3_G1_CG1_interval22_step44,22,44,False,,0.002,10.0,0.0012,2,3,0.866988,0.866944,4
9,2,3,1.0,1.0,run9_bs2000_N2_M3_G1_CG1_interval23_step46,23,46,False,,0.0012,12.0,0.00044,2,0,0.866953,0.866953,5
9,2,3,1.0,1.0,run9_bs2000_N2_M3_G1_CG1_interval24_step48,24,48,False,,0.00044,13.0,0.00026,2,0,0.866944,0.866944,4
10,2,4,1.0,1.0,run10_bs2000_N2_M4_G1_CG1_interval0_step0_cooldown_for_k-1,0,0,True,-1.0,0.2,2.0,0.072,4,,1.356179,,5
10,2,4,1.0,1.0,run10_bs2000_N2_M4_G1_CG1_interval0_step0_cooldown_for_k0,0,0,True,0.0,0.2,3.0,0.043,4,,1.293677,,6
10,2,4,1.0,1.0,run10_bs2000_N2_M4_G1_CG1_interval0_step0_cooldown_for_k1,0,0,True,1.0,0.2,2.0,0.072,4,,1.269794,,5
10,2,4,1.0,1.0,run10_bs2000_N2_M4_G1_CG1_interval0_step0_cooldown_for_k2,0,0,True,2.0,0.2,3.0,0.043,4,,1.319147,,6
10,2,4,1.0,1.0,run10_bs2000_N2_M4_G1_CG1_interval0_step0,0,0,False,,0.2,1.0,0.12,2,4,2.205666,1.269794,4
10,2,4,1.0,1.0,run10_bs2000_N2_M4_G1_CG1_interval1_step2_cooldown_for_k0,1,2,True,0.0,0.072,3.0,0.043,4,,0.981883,,4
10,2,4,1.0,1.0,run10_bs2000_N2_M4_G1_CG1_interval1_step2_cooldown_for_k1,1,2,True,1.0,0.072,4.0,0.026,4,,0.995378,,5
10,2,4,1.0,1.0,run10_bs2000_N2_M4_G1_CG1_interval1_step2_cooldown_for_k2,1,2,True,2.0,0.072,4.0,0.026,4,,1.032179,,5
10,2,4,1.0,1.0,run10_bs2000_N2_M4_G1_CG1_interval1_step2_cooldown_for_k-1,1,2,True,-1.0,0.072,3.0,0.043,4,,1.147104,,4
10,2,4,1.0,1.0,run10_bs2000_N2_M4_G1_CG1_interval1_step2,1,2,False,,0.12,0.0,0.2,2,4,1.722034,0.981883,4
10,2,4,1.0,1.0,run10_bs2000_N2_M4_G1_CG1_interval2_step4_cooldown_for_k-1,2,4,True,-1.0,0.043,3.0,0.043,4,,0.978354,,3
10,2,4,1.0,1.0,run10_bs2000_N2_M4_G1_CG1_interval2_step4_cooldown_for_k0,2,4,True,0.0,0.043,3.0,0.043,4,,0.926718,,3
10,2,4,1.0,1.0,run10_bs2000_N2_M4_G1_CG1_interval2_step4_cooldown_for_k1,2,4,True,1.0,0.043,4.0,0.026,4,,0.914517,,4
10,2,4,1.0,1.0,run10_bs2000_N2_M4_G1_CG1_interval2_step4_cooldown_for_k2,2,4,True,2.0,0.043,5.0,0.016,4,,0.919519,,5
10,2,4,1.0,1.0,run10_bs2000_N2_M4_G1_CG1_interval2_step4,2,4,False,,0.2,1.0,0.12,2,4,1.361782,0.914517,4
10,2,4,1.0,1.0,run10_bs2000_N2_M4_G1_CG1_interval3_step6_cooldown_for_k0,3,6,True,0.0,0.026,4.0,0.026,4,,0.915218,,3
10,2,4,1.0,1.0,run10_bs2000_N2_M4_G1_CG1_interval3_step6_cooldown_for_k1,3,6,True,1.0,0.026,4.0,0.026,4,,0.894795,,3
10,2,4,1.0,1.0,run10_bs2000_N2_M4_G1_CG1_interval3_step6_cooldown_for_k2,3,6,True,2.0,0.026,5.0,0.016,4,,0.890671,,4
10,2,4,1.0,1.0,run10_bs2000_N2_M4_G1_CG1_interval3_step6_cooldown_for_k3,3,6,True,3.0,0.026,5.0,0.016,4,,0.891888,,4
10,2,4,1.0,1.0,run10_bs2000_N2_M4_G1_CG1_interval3_step6,3,6,False,,0.12,2.0,0.072,2,4,1.040858,0.890671,4
10,2,4,1.0,1.0,run10_bs2000_N2_M4_G1_CG1_interval4_step8_cooldown_for_k1,4,8,True,1.0,0.016,5.0,0.016,4,,0.887707,,3
10,2,4,1.0,1.0,run10_bs2000_N2_M4_G1_CG1_interval4_step8_cooldown_for_k2,4,8,True,2.0,0.016,5.0,0.016,4,,0.8803,,3
10,2,4,1.0,1.0,run10_bs2000_N2_M4_G1_CG1_interval4_step8_cooldown_for_k3,4,8,True,3.0,0.016,6.0,0.0093,4,,0.880367,,4
10,2,4,1.0,1.0,run10_bs2000_N2_M4_G1_CG1_interval4_step8,4,8,False,,0.072,2.0,0.072,2,4,0.969597,0.8803,3
10,2,4,1.0,1.0,run10_bs2000_N2_M4_G1_CG1_interval5_step10_cooldown_for_k1,5,10,True,1.0,0.016,5.0,0.016,4,,0.88032,,3
10,2,4,1.0,1.0,run10_bs2000_N2_M4_G1_CG1_interval5_step10_cooldown_for_k2,5,10,True,2.0,0.016,5.0,0.016,4,,0.876042,,3
10,2,4,1.0,1.0,run10_bs2000_N2_M4_G1_CG1_interval5_step10_cooldown_for_k3,5,10,True,3.0,0.016,6.0,0.0093,4,,0.874491,,4
10,2,4,1.0,1.0,run10_bs2000_N2_M4_G1_CG1_interval5_step10_cooldown_for_k4,5,10,True,4.0,0.016,6.0,0.0093,4,,0.87465,,4
10,2,4,1.0,1.0,run10_bs2000_N2_M4_G1_CG1_interval5_step10,5,10,False,,0.072,3.0,0.043,2,4,0.901755,0.874491,4
10,2,4,1.0,1.0,run10_bs2000_N2_M4_G1_CG1_interval6_step12_cooldown_for_k2,6,12,True,2.0,0.0093,6.0,0.0093,4,,0.873478,,3
10,2,4,1.0,1.0,run10_bs2000_N2_M4_G1_CG1_interval6_step12_cooldown_for_k3,6,12,True,3.0,0.0093,6.0,0.0093,4,,0.871788,,3
10,2,4,1.0,1.0,run10_bs2000_N2_M4_G1_CG1_interval6_step12_cooldown_for_k4,6,12,True,4.0,0.0093,7.0,0.0056,4,,0.872134,,4
10,2,4,1.0,1.0,run10_bs2000_N2_M4_G1_CG1_interval6_step12,6,12,False,,0.043,3.0,0.043,2,4,0.902991,0.871788,3
10,2,4,1.0,1.0,run10_bs2000_N2_M4_G1_CG1_interval7_step14_cooldown_for_k2,7,14,True,2.0,0.0093,6.0,0.0093,4,,0.872603,,3
10,2,4,1.0,1.0,run10_bs2000_N2_M4_G1_CG1_interval7_step14_cooldown_for_k3,7,14,True,3.0,0.0093,6.0,0.0093,4,,0.870346,,3
10,2,4,1.0,1.0,run10_bs2000_N2_M4_G1_CG1_interval7_step14_cooldown_for_k4,7,14,True,4.0,0.0093,7.0,0.0056,4,,0.870211,,4
10,2,4,1.0,1.0,run10_bs2000_N2_M4_G1_CG1_interval7_step14_cooldown_for_k5,7,14,True,5.0,0.0093,7.0,0.0056,4,,0.870338,,4
10,2,4,1.0,1.0,run10_bs2000_N2_M4_G1_CG1_interval7_step14,7,14,False,,0.043,4.0,0.026,2,4,0.880462,0.870211,4
10,2,4,1.0,1.0,run10_bs2000_N2_M4_G1_CG1_interval8_step16_cooldown_for_k3,8,16,True,3.0,0.0056,6.0,0.0093,4,,0.869427,,4
10,2,4,1.0,1.0,run10_bs2000_N2_M4_G1_CG1_interval8_step16_cooldown_for_k4,8,16,True,4.0,0.0056,7.0,0.0056,4,,0.869255,,3
10,2,4,1.0,1.0,run10_bs2000_N2_M4_G1_CG1_interval8_step16_cooldown_for_k5,8,16,True,5.0,0.0056,7.0,0.0056,4,,0.869086,,3
10,2,4,1.0,1.0,run10_bs2000_N2_M4_G1_CG1_interval8_step16_cooldown_for_k6,8,16,True,6.0,0.0056,7.0,0.0056,4,,0.869025,,3
10,2,4,1.0,1.0,run10_bs2000_N2_M4_G1_CG1_interval8_step16_cooldown_for_k7,8,16,True,7.0,0.0056,8.0,0.0034,4,,0.86927,,4
10,2,4,1.0,1.0,run10_bs2000_N2_M4_G1_CG1_interval8_step16,8,16,False,,0.026,6.0,0.0093,2,4,0.871313,0.869025,5
10,2,4,1.0,1.0,run10_bs2000_N2_M4_G1_CG1_interval9_step18_cooldown_for_k5,9,18,True,5.0,0.0056,8.0,0.0034,4,,0.868394,,4
10,2,4,1.0,1.0,run10_bs2000_N2_M4_G1_CG1_interval9_step18_cooldown_for_k6,9,18,True,6.0,0.0056,8.0,0.0034,4,,0.868257,,4
10,2,4,1.0,1.0,run10_bs2000_N2_M4_G1_CG1_interval9_step18_cooldown_for_k7,9,18,True,7.0,0.0056,8.0,0.0034,4,,0.868492,,4
10,2,4,1.0,1.0,run10_bs2000_N2_M4_G1_CG1_interval9_step18,9,18,False,,0.0093,6.0,0.0093,2,4,0.869927,0.868257,3
10,2,4,1.0,1.0,run10_bs2000_N2_M4_G1_CG1_interval10_step20_cooldown_for_k5,10,20,True,5.0,0.0034,8.0,0.0034,4,,0.867934,,3
10,2,4,1.0,1.0,run10_bs2000_N2_M4_G1_CG1_interval10_step20_cooldown_for_k6,10,20,True,6.0,0.0034,8.0,0.0034,4,,0.867907,,3
10,2,4,1.0,1.0,run10_bs2000_N2_M4_G1_CG1_interval10_step20_cooldown_for_k7,10,20,True,7.0,0.0034,8.0,0.0034,4,,0.867906,,3
10,2,4,1.0,1.0,run10_bs2000_N2_M4_G1_CG1_interval10_step20_cooldown_for_k8,10,20,True,8.0,0.0034,8.0,0.0034,4,,0.867993,,3
10,2,4,1.0,1.0,run10_bs2000_N2_M4_G1_CG1_interval10_step20,10,20,False,,0.0093,7.0,0.0056,2,4,0.868905,0.867906,4
10,2,4,1.0,1.0,run10_bs2000_N2_M4_G1_CG1_interval11_step22_cooldown_for_k6,11,22,True,6.0,0.0034,9.0,0.002,4,,0.867711,,4
10,2,4,1.0,1.0,run10_bs2000_N2_M4_G1_CG1_interval11_step22_cooldown_for_k7,11,22,True,7.0,0.0034,8.0,0.0034,4,,0.867712,,3
10,2,4,1.0,1.0,run10_bs2000_N2_M4_G1_CG1_interval11_step22_cooldown_for_k8,11,22,True,8.0,0.0034,9.0,0.002,4,,0.867684,,4
10,2,4,1.0,1.0,run10_bs2000_N2_M4_G1_CG1_interval11_step22_cooldown_for_k9,11,22,True,9.0,0.0034,9.0,0.002,4,,0.867792,,4
10,2,4,1.0,1.0,run10_bs2000_N2_M4_G1_CG1_interval11_step22,11,22,False,,0.0056,8.0,0.0034,2,4,0.868085,0.867684,4
10,2,4,1.0,1.0,run10_bs2000_N2_M4_G1_CG1_interval12_step24_cooldown_for_k7,12,24,True,7.0,0.002,9.0,0.002,4,,0.867497,,3
10,2,4,1.0,1.0,run10_bs2000_N2_M4_G1_CG1_interval12_step24_cooldown_for_k8,12,24,True,8.0,0.002,9.0,0.002,4,,0.867466,,3
10,2,4,1.0,1.0,run10_bs2000_N2_M4_G1_CG1_interval12_step24_cooldown_for_k9,12,24,True,9.0,0.002,9.0,0.002,4,,0.867534,,3
10,2,4,1.0,1.0,run10_bs2000_N2_M4_G1_CG1_interval12_step24,12,24,False,,0.0034,8.0,0.0034,2,4,0.867873,0.867466,3
10,2,4,1.0,1.0,run10_bs2000_N2_M4_G1_CG1_interval13_step26_cooldown_for_k7,13,26,True,7.0,0.002,9.0,0.002,4,,0.867369,,3
10,2,4,1.0,1.0,run10_bs2000_N2_M4_G1_CG1_interval13_step26_cooldown_for_k8,13,26,True,8.0,0.002,9.0,0.002,4,,0.867357,,3
10,2,4,1.0,1.0,run10_bs2000_N2_M4_G1_CG1_interval13_step26_cooldown_for_k9,13,26,True,9.0,0.002,9.0,0.002,4,,0.867365,,3
10,2,4,1.0,1.0,run10_bs2000_N2_M4_G1_CG1_interval13_step26,13,26,False,,0.0034,8.0,0.0034,2,4,0.867724,0.867357,3
10,2,4,1.0,1.0,run10_bs2000_N2_M4_G1_CG1_interval14_step28_cooldown_for_k7,14,28,True,7.0,0.002,10.0,0.0012,4,,0.867284,,4
10,2,4,1.0,1.0,run10_bs2000_N2_M4_G1_CG1_interval14_step28_cooldown_for_k8,14,28,True,8.0,0.002,9.0,0.002,4,,0.867282,,3
10,2,4,1.0,1.0,run10_bs2000_N2_M4_G1_CG1_interval14_step28_cooldown_for_k9,14,28,True,9.0,0.002,10.0,0.0012,4,,0.867274,,4
10,2,4,1.0,1.0,run10_bs2000_N2_M4_G1_CG1_interval14_step28_cooldown_for_k10,14,28,True,10.0,0.002,10.0,0.0012,4,,0.867314,,4
10,2,4,1.0,1.0,run10_bs2000_N2_M4_G1_CG1_interval14_step28,14,28,False,,0.0034,9.0,0.002,2,4,0.86744,0.867274,4
10,2,4,1.0,1.0,run10_bs2000_N2_M4_G1_CG1_interval15_step30_cooldown_for_k8,15,30,True,8.0,0.0012,10.0,0.0012,4,,0.867201,,3
10,2,4,1.0,1.0,run10_bs2000_N2_M4_G1_CG1_interval15_step30_cooldown_for_k9,15,30,True,9.0,0.0012,10.0,0.0012,4,,0.867194,,3
10,2,4,1.0,1.0,run10_bs2000_N2_M4_G1_CG1_interval15_step30_cooldown_for_k10,15,30,True,10.0,0.0012,10.0,0.0012,4,,0.867206,,3
10,2,4,1.0,1.0,run10_bs2000_N2_M4_G1_CG1_interval15_step30,15,30,False,,0.002,9.0,0.002,2,4,0.867357,0.867194,3
10,2,4,1.0,1.0,run10_bs2000_N2_M4_G1_CG1_interval16_step32_cooldown_for_k8,16,32,True,8.0,0.0012,10.0,0.0012,4,,0.867149,,3
10,2,4,1.0,1.0,run10_bs2000_N2_M4_G1_CG1_interval16_step32_cooldown_for_k9,16,32,True,9.0,0.0012,10.0,0.0012,4,,0.867144,,3
10,2,4,1.0,1.0,run10_bs2000_N2_M4_G1_CG1_interval16_step32_cooldown_for_k10,16,32,True,10.0,0.0012,10.0,0.0012,4,,0.867151,,3
10,2,4,1.0,1.0,run10_bs2000_N2_M4_G1_CG1_interval16_step32,16,32,False,,0.002,9.0,0.002,2,4,0.867288,0.867144,3
10,2,4,1.0,1.0,run10_bs2000_N2_M4_G1_CG1_interval17_step34_cooldown_for_k8,17,34,True,8.0,0.0012,10.0,0.0012,4,,0.867111,,3
10,2,4,1.0,1.0,run10_bs2000_N2_M4_G1_CG1_interval17_step34_cooldown_for_k9,17,34,True,9.0,0.0012,10.0,0.0012,4,,0.867107,,3
10,2,4,1.0,1.0,run10_bs2000_N2_M4_G1_CG1_interval17_step34_cooldown_for_k10,17,34,True,10.0,0.0012,10.0,0.0012,4,,0.86711,,3
10,2,4,1.0,1.0,run10_bs2000_N2_M4_G1_CG1_interval17_step34,17,34,False,,0.002,9.0,0.002,2,4,0.867238,0.867107,3
10,2,4,1.0,1.0,run10_bs2000_N2_M4_G1_CG1_interval18_step36_cooldown_for_k8,18,36,True,8.0,0.0012,11.0,0.00073,4,,0.867081,,4
10,2,4,1.0,1.0,run10_bs2000_N2_M4_G1_CG1_interval18_step36_cooldown_for_k9,18,36,True,9.0,0.0012,10.0,0.0012,4,,0.867076,,3
10,2,4,1.0,1.0,run10_bs2000_N2_M4_G1_CG1_interval18_step36_cooldown_for_k10,18,36,True,10.0,0.0012,11.0,0.00073,4,,0.867075,,4
10,2,4,1.0,1.0,run10_bs2000_N2_M4_G1_CG1_interval18_step36_cooldown_for_k11,18,36,True,11.0,0.0012,11.0,0.00073,4,,0.867091,,4
10,2,4,1.0,1.0,run10_bs2000_N2_M4_G1_CG1_interval18_step36,18,36,False,,0.002,10.0,0.0012,2,4,0.867133,0.867075,4
10,2,4,1.0,1.0,run10_bs2000_N2_M4_G1_CG1_interval19_step38_cooldown_for_k9,19,38,True,9.0,0.00073,11.0,0.00073,4,,0.867045,,3
10,2,4,1.0,1.0,run10_bs2000_N2_M4_G1_CG1_interval19_step38_cooldown_for_k10,19,38,True,10.0,0.00073,11.0,0.00073,4,,0.867045,,3
10,2,4,1.0,1.0,run10_bs2000_N2_M4_G1_CG1_interval19_step38_cooldown_for_k11,19,38,True,11.0,0.00073,11.0,0.00073,4,,0.86705,,3
10,2,4,1.0,1.0,run10_bs2000_N2_M4_G1_CG1_interval19_step38,19,38,False,,0.0012,10.0,0.0012,2,4,0.867107,0.867045,3
10,2,4,1.0,1.0,run10_bs2000_N2_M4_G1_CG1_interval20_step40_cooldown_for_k9,20,40,True,9.0,0.00073,11.0,0.00073,4,,0.867024,,3
10,2,4,1.0,1.0,run10_bs2000_N2_M4_G1_CG1_interval20_step40_cooldown_for_k10,20,40,True,10.0,0.00073,11.0,0.00073,4,,0.867023,,3
10,2,4,1.0,1.0,run10_bs2000_N2_M4_G1_CG1_interval20_step40_cooldown_for_k11,20,40,True,11.0,0.00073,11.0,0.00073,4,,0.867027,,3
10,2,4,1.0,1.0,run10_bs2000_N2_M4_G1_CG1_interval20_step40,20,40,False,,0.0012,10.0,0.0012,2,4,0.867078,0.867023,3
10,2,4,1.0,1.0,run10_bs2000_N2_M4_G1_CG1_interval21_step42_cooldown_for_k9,21,42,True,9.0,0.00073,11.0,0.00073,4,,0.867008,,3
10,2,4,1.0,1.0,run10_bs2000_N2_M4_G1_CG1_interval21_step42_cooldown_for_k10,21,42,True,10.0,0.00073,11.0,0.00073,4,,0.867006,,3
10,2,4,1.0,1.0,run10_bs2000_N2_M4_G1_CG1_interval21_step42_cooldown_for_k11,21,42,True,11.0,0.00073,11.0,0.00073,4,,0.867008,,3
10,2,4,1.0,1.0,run10_bs2000_N2_M4_G1_CG1_interval21_step42,21,42,False,,0.0012,10.0,0.0012,2,4,0.867058,0.867006,3
10,2,4,1.0,1.0,run10_bs2000_N2_M4_G1_CG1_interval22_step44_cooldown_for_k9,22,44,True,9.0,0.00073,11.0,0.00073,4,,0.866995,,3
10,2,4,1.0,1.0,run10_bs2000_N2_M4_G1_CG1_interval22_step44_cooldown_for_k10,22,44,True,10.0,0.00073,11.0,0.00073,4,,0.866993,,3
10,2,4,1.0,1.0,run10_bs2000_N2_M4_G1_CG1_interval22_step44_cooldown_for_k11,22,44,True,11.0,0.00073,11.0,0.00073,4,,0.866994,,3
10,2,4,1.0,1.0,run10_bs2000_N2_M4_G1_CG1_interval22_step44,22,44,False,,0.0012,10.0,0.0012,2,4,0.86704,0.866993,3
10,2,4,1.0,1.0,run10_bs2000_N2_M4_G1_CG1_interval23_step46,23,46,False,,0.0012,11.0,0.00073,2,0,0.867002,0.867002,4
10,2,4,1.0,1.0,run10_bs2000_N2_M4_G1_CG1_interval24_step48,24,48,False,,0.00073,12.0,0.00044,2,0,0.866989,0.866989,4
11,2,5,1.0,1.0,run11_bs2000_N2_M5_G1_CG1_interval0_step0_cooldown_for_k-1,0,0,True,-1.0,0.2,2.0,0.072,5,,1.236371,,5
11,2,5,1.0,1.0,run11_bs2000_N2_M5_G1_CG1_interval0_step0_cooldown_for_k0,0,0,True,0.0,0.2,2.0,0.072,5,,1.173879,,5
11,2,5,1.0,1.0,run11_bs2000_N2_M5_G1_CG1_interval0_step0_cooldown_for_k1,0,0,True,1.0,0.2,2.0,0.072,5,,1.142376,,5
11,2,5,1.0,1.0,run11_bs2000_N2_M5_G1_CG1_interval0_step0_cooldown_for_k2,0,0,True,2.0,0.2,2.0,0.072,5,,1.17143,,5
11,2,5,1.0,1.0,run11_bs2000_N2_M5_G1_CG1_interval0_step0,0,0,False,,0.2,1.0,0.12,2,5,2.205666,1.142376,4
11,2,5,1.0,1.0,run11_bs2000_N2_M5_G1_CG1_interval1_step2_cooldown_for_k0,1,2,True,0.0,0.072,4.0,0.026,5,,0.93449,,5
11,2,5,1.0,1.0,run11_bs2000_N2_M5_G1_CG1_interval1_step2_cooldown_for_k1,1,2,True,1.0,0.072,4.0,0.026,5,,0.955033,,5
11,2,5,1.0,1.0,run11_bs2000_N2_M5_G1_CG1_interval1_step2_cooldown_for_k2,1,2,True,2.0,0.072,4.0,0.026,5,,0.97045,,5
11,2,5,1.0,1.0,run11_bs2000_N2_M5_G1_CG1_interval1_step2_cooldown_for_k-1,1,2,True,-1.0,0.072,3.0,0.043,5,,1.054415,,4
11,2,5,1.0,1.0,run11_bs2000_N2_M5_G1_CG1_interval1_step2,1,2,False,,0.12,0.0,0.2,2,5,1.709698,0.93449,4
11,2,5,1.0,1.0,run11_bs2000_N2_M5_G1_CG1_interval2_step4_cooldown_for_k-1,2,4,True,-1.0,0.026,4.0,0.026,5,,0.961352,,3
11,2,5,1.0,1.0,run11_bs2000_N2_M5_G1_CG1_interval2_step4_cooldown_for_k0,2,4,True,0.0,0.026,4.0,0.026,5,,0.90981,,3
11,2,5,1.0,1.0,run11_bs2000_N2_M5_G1_CG1_interval2_step4_cooldown_for_k1,2,4,True,1.0,0.026,5.0,0.016,5,,0.905711,,4
11,2,5,1.0,1.0,run11_bs2000_N2_M5_G1_CG1_interval2_step4_cooldown_for_k2,2,4,True,2.0,0.026,5.0,0.016,5,,0.894097,,4
11,2,5,1.0,1.0,run11_bs2000_N2_M5_G1_CG1_interval2_step4_cooldown_for_k3,2,4,True,3.0,0.026,5.0,0.016,5,,0.902062,,4
11,2,5,1.0,1.0,run11_bs2000_N2_M5_G1_CG1_interval2_step4,2,4,False,,0.2,2.0,0.072,2,5,1.134248,0.894097,5
11,2,5,1.0,1.0,run11_bs2000_N2_M5_G1_CG1_interval3_step6_cooldown_for_k1,3,6,True,1.0,0.016,5.0,0.016,5,,0.883758,,3
11,2,5,1.0,1.0,run11_bs2000_N2_M5_G1_CG1_interval3_step6_cooldown_for_k2,3,6,True,2.0,0.016,6.0,0.0093,5,,0.881508,,4
11,2,5,1.0,1.0,run11_bs2000_N2_M5_G1_CG1_interval3_step6_cooldown_for_k3,3,6,True,3.0,0.016,6.0,0.0093,5,,0.88176,,4
11,2,5,1.0,1.0,run11_bs2000_N2_M5_G1_CG1_interval3_step6,3,6,False,,0.072,2.0,0.072,2,5,0.964962,0.881508,3
11,2,5,1.0,1.0,run11_bs2000_N2_M5_G1_CG1_interval4_step8_cooldown_for_k1,4,8,True,1.0,0.0093,5.0,0.016,5,,0.879867,,4
11,2,5,1.0,1.0,run11_bs2000_N2_M5_G1_CG1_interval4_step8_cooldown_for_k2,4,8,True,2.0,0.0093,6.0,0.0093,5,,0.876848,,3
11,2,5,1.0,1.0,run11_bs2000_N2_M5_G1_CG1_interval4_step8_cooldown_for_k3,4,8,True,3.0,0.0093,6.0,0.0093,5,,0.875006,,3
11,2,5,1.0,1.0,run11_bs2000_N2_M5_G1_CG1_interval4_step8_cooldown_for_k4,4,8,True,4.0,0.0093,7.0,0.0056,5,,0.875616,,4
11,2,5,1.0,1.0,run11_bs2000_N2_M5_G1_CG1_interval4_step8,4,8,False,,0.072,3.0,0.043,2,5,0.909655,0.875006,4
11,2,5,1.0,1.0,run11_bs2000_N2_M5_G1_CG1_interval5_step10_cooldown_for_k2,5,10,True,2.0,0.0093,6.0,0.0093,5,,0.872423,,3
11,2,5,1.0,1.0,run11_bs2000_N2_M5_G1_CG1_interval5_step10_cooldown_for_k3,5,10,True,3.0,0.0093,6.0,0.0093,5,,0.872644,,3
11,2,5,1.0,1.0,run11_bs2000_N2_M5_G1_CG1_interval5_step10_cooldown_for_k4,5,10,True,4.0,0.0093,7.0,0.0056,5,,0.87189,,4
11,2,5,1.0,1.0,run11_bs2000_N2_M5_G1_CG1_interval5_step10_cooldown_for_k5,5,10,True,5.0,0.0093,7.0,0.0056,5,,0.872212,,4
11,2,5,1.0,1.0,run11_bs2000_N2_M5_G1_CG1_interval5_step10,5,10,False,,0.043,4.0,0.026,2,5,0.885932,0.87189,4
11,2,5,1.0,1.0,run11_bs2000_N2_M5_G1_CG1_interval6_step12_cooldown_for_k3,6,12,True,3.0,0.0056,7.0,0.0056,5,,0.870398,,3
11,2,5,1.0,1.0,run11_bs2000_N2_M5_G1_CG1_interval6_step12_cooldown_for_k4,6,12,True,4.0,0.0056,7.0,0.0056,5,,0.870122,,3
11,2,5,1.0,1.0,run11_bs2000_N2_M5_G1_CG1_interval6_step12_cooldown_for_k5,6,12,True,5.0,0.0056,7.0,0.0056,5,,0.870316,,3
11,2,5,1.0,1.0,run11_bs2000_N2_M5_G1_CG1_interval6_step12,6,12,False,,0.026,4.0,0.026,2,5,0.887015,0.870122,3
11,2,5,1.0,1.0,run11_bs2000_N2_M5_G1_CG1_interval7_step14_cooldown_for_k3,7,14,True,3.0,0.0056,7.0,0.0056,5,,0.869478,,3
11,2,5,1.0,1.0,run11_bs2000_N2_M5_G1_CG1_interval7_step14_cooldown_for_k4,7,14,True,4.0,0.0056,7.0,0.0056,5,,0.869251,,3
11,2,5,1.0,1.0,run11_bs2000_N2_M5_G1_CG1_interval7_step14_cooldown_for_k5,7,14,True,5.0,0.0056,8.0,0.0034,5,,0.869311,,4
11,2,5,1.0,1.0,run11_bs2000_N2_M5_G1_CG1_interval7_step14,7,14,False,,0.026,4.0,0.026,2,5,0.881999,0.869251,3
11,2,5,1.0,1.0,run11_bs2000_N2_M5_G1_CG1_interval8_step16_cooldown_for_k3,8,16,True,3.0,0.0056,7.0,0.0056,5,,0.869007,,3
11,2,5,1.0,1.0,run11_bs2000_N2_M5_G1_CG1_interval8_step16_cooldown_for_k4,8,16,True,4.0,0.0056,7.0,0.0056,5,,0.868875,,3
11,2,5,1.0,1.0,run11_bs2000_N2_M5_G1_CG1_interval8_step16_cooldown_for_k5,8,16,True,5.0,0.0056,8.0,0.0034,5,,0.868438,,4
11,2,5,1.0,1.0,run11_bs2000_N2_M5_G1_CG1_interval8_step16_cooldown_for_k6,8,16,True,6.0,0.0056,8.0,0.0034,5,,0.868651,,4
11,2,5,1.0,1.0,run11_bs2000_N2_M5_G1_CG1_interval8_step16,8,16,False,,0.026,5.0,0.016,2,5,0.875027,0.868438,4
11,2,5,1.0,1.0,run11_bs2000_N2_M5_G1_CG1_interval9_step18_cooldown_for_k4,9,18,True,4.0,0.0034,8.0,0.0034,5,,0.868189,,3
11,2,5,1.0,1.0,run11_bs2000_N2_M5_G1_CG1_interval9_step18_cooldown_for_k5,9,18,True,5.0,0.0034,8.0,0.0034,5,,0.86805,,3
11,2,5,1.0,1.0,run11_bs2000_N2_M5_G1_CG1_interval9_step18_cooldown_for_k6,9,18,True,6.0,0.0034,8.0,0.0034,5,,0.868025,,3
11,2,5,1.0,1.0,run11_bs2000_N2_M5_G1_CG1_interval9_step18_cooldown_for_k7,9,18,True,7.0,0.0034,9.0,0.002,5,,0.86816,,4
11,2,5,1.0,1.0,run11_bs2000_N2_M5_G1_CG1_interval9_step18,9,18,False,,0.016,6.0,0.0093,2,5,0.870677,0.868025,4
11,2,5,1.0,1.0,run11_bs2000_N2_M5_G1_CG1_interval10_step20_cooldown_for_k5,10,20,True,5.0,0.0034,8.0,0.0034,5,,0.867831,,3
11,2,5,1.0,1.0,run11_bs2000_N2_M5_G1_CG1_interval10_step20_cooldown_for_k6,10,20,True,6.0,0.0034,9.0,0.002,5,,0.867687,,4
11,2,5,1.0,1.0,run11_bs2000_N2_M5_G1_CG1_interval10_step20_cooldown_for_k7,10,20,True,7.0,0.0034,9.0,0.002,5,,0.867715,,4
11,2,5,1.0,1.0,run11_bs2000_N2_M5_G1_CG1_interval10_step20,10,20,False,,0.0093,6.0,0.0093,2,5,0.870158,0.867687,3
11,2,5,1.0,1.0,run11_bs2000_N2_M5_G1_CG1_interval11_step22_cooldown_for_k5,11,22,True,5.0,0.002,9.0,0.002,5,,0.867542,,3
11,2,5,1.0,1.0,run11_bs2000_N2_M5_G1_CG1_interval11_step22_cooldown_for_k6,11,22,True,6.0,0.002,9.0,0.002,5,,0.867515,,3
11,2,5,1.0,1.0,run11_bs2000_N2_M5_G1_CG1_interval11_step22_cooldown_for_k7,11,22,True,7.0,0.002,9.0,0.002,5,,0.86747,,3
11,2,5,1.0,1.0,run11_bs2000_N2_M5_G1_CG1_interval11_step22_cooldown_for_k8,11,22,True,8.0,0.002,9.0,0.002,5,,0.867551,,3
11,2,5,1.0,1.0,run11_bs2000_N2_M5_G1_CG1_interval11_step22,11,22,False,,0.0093,7.0,0.0056,2,5,0.868774,0.86747,4
11,2,5,1.0,1.0,run11_bs2000_N2_M5_G1_CG1_interval12_step24_cooldown_for_k6,12,24,True,6.0,0.002,9.0,0.002,5,,0.867359,,3
11,2,5,1.0,1.0,run11_bs2000_N2_M5_G1_CG1_interval12_step24_cooldown_for_k7,12,24,True,7.0,0.002,9.0,0.002,5,,0.867336,,3
11,2,5,1.0,1.0,run11_bs2000_N2_M5_G1_CG1_interval12_step24_cooldown_for_k8,12,24,True,8.0,0.002,10.0,0.0012,5,,0.867372,,4
11,2,5,1.0,1.0,run11_bs2000_N2_M5_G1_CG1_interval12_step24,12,24,False,,0.0056,7.0,0.0056,2,5,0.86831,0.867336,3
11,2,5,1.0,1.0,run11_bs2000_N2_M5_G1_CG1_interval13_step26_cooldown_for_k6,13,26,True,6.0,0.002,10.0,0.0012,5,,0.867262,,4
11,2,5,1.0,1.0,run11_bs2000_N2_M5_G1_CG1_interval13_step26_cooldown_for_k7,13,26,True,7.0,0.002,10.0,0.0012,5,,0.867241,,4
11,2,5,1.0,1.0,run11_bs2000_N2_M5_G1_CG1_interval13_step26_cooldown_for_k8,13,26,True,8.0,0.002,10.0,0.0012,5,,0.867227,,4
11,2,5,1.0,1.0,run11_bs2000_N2_M5_G1_CG1_interval13_step26_cooldown_for_k9,13,26,True,9.0,0.002,10.0,0.0012,5,,0.867261,,4
11,2,5,1.0,1.0,run11_bs2000_N2_M5_G1_CG1_interval13_step26,13,26,False,,0.0056,8.0,0.0034,2,5,0.867718,0.867227,4
11,2,5,1.0,1.0,run11_bs2000_N2_M5_G1_CG1_interval14_step28_cooldown_for_k7,14,28,True,7.0,0.0012,10.0,0.0012,5,,0.867163,,3
11,2,5,1.0,1.0,run11_bs2000_N2_M5_G1_CG1_interval14_step28_cooldown_for_k8,14,28,True,8.0,0.0012,10.0,0.0012,5,,0.867151,,3
11,2,5,1.0,1.0,run11_bs2000_N2_M5_G1_CG1_interval14_step28_cooldown_for_k9,14,28,True,9.0,0.0012,10.0,0.0012,5,,0.867177,,3
11,2,5,1.0,1.0,run11_bs2000_N2_M5_G1_CG1_interval14_step28,14,28,False,,0.0034,8.0,0.0034,2,5,0.867513,0.867151,3
11,2,5,1.0,1.0,run11_bs2000_N2_M5_G1_CG1_interval15_step30_cooldown_for_k7,15,30,True,7.0,0.0012,10.0,0.0012,5,,0.86712,,3
11,2,5,1.0,1.0,run11_bs2000_N2_M5_G1_CG1_interval15_step30_cooldown_for_k8,15,30,True,8.0,0.0012,10.0,0.0012,5,,0.867109,,3
11,2,5,1.0,1.0,run11_bs2000_N2_M5_G1_CG1_interval15_step30_cooldown_for_k9,15,30,True,9.0,0.0012,10.0,0.0012,5,,0.867106,,3
11,2,5,1.0,1.0,run11_bs2000_N2_M5_G1_CG1_interval15_step30_cooldown_for_k10,15,30,True,10.0,0.0012,11.0,0.00073,5,,0.867127,,4
11,2,5,1.0,1.0,run11_bs2000_N2_M5_G1_CG1_interval15_step30,15,30,False,,0.0034,9.0,0.002,2,5,0.867293,0.867106,4
11,2,5,1.0,1.0,run11_bs2000_N2_M5_G1_CG1_interval16_step32_cooldown_for_k8,16,32,True,8.0,0.0012,11.0,0.00073,5,,0.867071,,4
11,2,5,1.0,1.0,run11_bs2000_N2_M5_G1_CG1_interval16_step32_cooldown_for_k9,16,32,True,9.0,0.0012,11.0,0.00073,5,,0.867069,,4
11,2,5,1.0,1.0,run11_bs2000_N2_M5_G1_CG1_interval16_step32_cooldown_for_k10,16,32,True,10.0,0.0012,11.0,0.00073,5,,0.867078,,4
11,2,5,1.0,1.0,run11_bs2000_N2_M5_G1_CG1_interval16_step32,16,32,False,,0.002,9.0,0.002,2,5,0.867216,0.867069,3
11,2,5,1.0,1.0,run11_bs2000_N2_M5_G1_CG1_interval17_step34_cooldown_for_k8,17,34,True,8.0,0.00073,11.0,0.00073,5,,0.867045,,3
11,2,5,1.0,1.0,run11_bs2000_N2_M5_G1_CG1_interval17_step34_cooldown_for_k9,17,34,True,9.0,0.00073,11.0,0.00073,5,,0.867042,,3
11,2,5,1.0,1.0,run11_bs2000_N2_M5_G1_CG1_interval17_step34_cooldown_for_k10,17,34,True,10.0,0.00073,11.0,0.00073,5,,0.867041,,3
11,2,5,1.0,1.0,run11_bs2000_N2_M5_G1_CG1_interval17_step34_cooldown_for_k11,17,34,True,11.0,0.00073,10.0,0.0012,5,,0.867054,,4
11,2,5,1.0,1.0,run11_bs2000_N2_M5_G1_CG1_interval17_step34,17,34,False,,0.002,10.0,0.0012,2,5,0.867117,0.867041,4
11,2,5,1.0,1.0,run11_bs2000_N2_M5_G1_CG1_interval18_step36_cooldown_for_k9,18,36,True,9.0,0.00073,11.0,0.00073,5,,0.86702,,3
11,2,5,1.0,1.0,run11_bs2000_N2_M5_G1_CG1_interval18_step36_cooldown_for_k10,18,36,True,10.0,0.00073,11.0,0.00073,5,,0.867021,,3
11,2,5,1.0,1.0,run11_bs2000_N2_M5_G1_CG1_interval18_step36_cooldown_for_k11,18,36,True,11.0,0.00073,11.0,0.00073,5,,0.867026,,3
11,2,5,1.0,1.0,run11_bs2000_N2_M5_G1_CG1_interval18_step36_cooldown_for_k8,18,36,True,8.0,0.00073,11.0,0.00073,5,,0.867018,,3
11,2,5,1.0,1.0,run11_bs2000_N2_M5_G1_CG1_interval18_step36_cooldown_for_k7,18,36,True,7.0,0.00073,11.0,0.00073,5,,0.866991,,3
11,2,5,1.0,1.0,run11_bs2000_N2_M5_G1_CG1_interval18_step36_cooldown_for_k6,18,36,True,6.0,0.00073,10.0,0.0012,5,,0.866974,,4
11,2,5,1.0,1.0,run11_bs2000_N2_M5_G1_CG1_interval18_step36_cooldown_for_k5,18,36,True,5.0,0.00073,10.0,0.0012,5,,0.867081,,4
11,2,5,1.0,1.0,run11_bs2000_N2_M5_G1_CG1_interval18_step36,18,36,False,,0.0012,6.0,0.0093,2,5,0.868471,0.866974,7
11,2,5,1.0,1.0,run11_bs2000_N2_M5_G1_CG1_interval19_step38_cooldown_for_k5,19,38,True,5.0,0.0012,10.0,0.0012,5,,0.866995,,3
11,2,5,1.0,1.0,run11_bs2000_N2_M5_G1_CG1_interval19_step38_cooldown_for_k6,19,38,True,6.0,0.0012,11.0,0.00073,5,,0.867028,,4
11,2,5,1.0,1.0,run11_bs2000_N2_M5_G1_CG1_interval19_step38_cooldown_for_k7,19,38,True,7.0,0.0012,10.0,0.0012,5,,0.86696,,3
11,2,5,1.0,1.0,run11_bs2000_N2_M5_G1_CG1_interval19_step38_cooldown_for_k8,19,38,True,8.0,0.0012,11.0,0.00073,5,,0.866956,,4
11,2,5,1.0,1.0,run11_bs2000_N2_M5_G1_CG1_interval19_step38_cooldown_for_k9,19,38,True,9.0,0.0012,12.0,0.00044,5,,0.866951,,5
11,2,5,1.0,1.0,run11_bs2000_N2_M5_G1_CG1_interval19_step38_cooldown_for_k10,19,38,True,10.0,0.0012,12.0,0.00044,5,,0.86696,,5
11,2,5,1.0,1.0,run11_bs2000_N2_M5_G1_CG1_interval19_step38,19,38,False,,0.0093,9.0,0.002,2,5,0.867047,0.866951,6
11,2,5,1.0,1.0,run11_bs2000_N2_M5_G1_CG1_interval20_step40_cooldown_for_k8,20,40,True,8.0,0.00044,12.0,0.00044,5,,0.866943,,3
11,2,5,1.0,1.0,run11_bs2000_N2_M5_G1_CG1_interval20_step40_cooldown_for_k9,20,40,True,9.0,0.00044,12.0,0.00044,5,,0.866943,,3
11,2,5,1.0,1.0,run11_bs2000_N2_M5_G1_CG1_interval20_step40_cooldown_for_k10,20,40,True,10.0,0.00044,13.0,0.00026,5,,0.866945,,4
11,2,5,1.0,1.0,run11_bs2000_N2_M5_G1_CG1_interval20_step40,20,40,False,,0.002,9.0,0.002,2,5,0.867034,0.866943,3
11,2,5,1.0,1.0,run11_bs2000_N2_M5_G1_CG1_interval21_step42_cooldown_for_k8,21,42,True,8.0,0.00044,12.0,0.00044,5,,0.866938,,3
11,2,5,1.0,1.0,run11_bs2000_N2_M5_G1_CG1_interval21_step42_cooldown_for_k9,21,42,True,9.0,0.00044,12.0,0.00044,5,,0.866939,,3
11,2,5,1.0,1.0,run11_bs2000_N2_M5_G1_CG1_interval21_step42_cooldown_for_k10,21,42,True,10.0,0.00044,13.0,0.00026,5,,0.866936,,4
11,2,5,1.0,1.0,run11_bs2000_N2_M5_G1_CG1_interval21_step42_cooldown_for_k11,21,42,True,11.0,0.00044,12.0,0.00044,5,,0.866938,,3
11,2,5,1.0,1.0,run11_bs2000_N2_M5_G1_CG1_interval21_step42,21,42,False,,0.002,10.0,0.0012,2,5,0.866989,0.866936,4
11,2,5,1.0,1.0,run11_bs2000_N2_M5_G1_CG1_interval22_step44,22,44,False,,0.0012,12.0,0.00044,2,0,0.866944,0.866944,5
11,2,5,1.0,1.0,run11_bs2000_N2_M5_G1_CG1_interval23_step46,23,46,False,,0.00044,13.0,0.00026,2,0,0.866936,0.866936,4
11,2,5,1.0,1.0,run11_bs2000_N2_M5_G1_CG1_interval24_step48,24,48,False,,0.00026,13.0,0.00026,2,0,0.866933,0.866933,3
12,3,0,1.0,1.0,run12_bs2000_N3_M0_G1_CG1_interval0_step0,0,0,False,,0.2,1.0,0.12,3,0,1.95851,1.95851,4
12,3,0,1.0,1.0,run12_bs2000_N3_M0_G1_CG1_interval1_step3,1,3,False,,0.12,3.0,0.043,3,0,1.24579,1.24579,5
12,3,0,1.0,1.0,run12_bs2000_N3_M0_G1_CG1_interval2_step6,2,6,False,,0.043,3.0,0.043,3,0,0.987839,0.987839,3
12,3,0,1.0,1.0,run12_bs2000_N3_M0_G1_CG1_interval3_step9,3,9,False,,0.043,5.0,0.016,3,0,0.899321,0.899321,5
12,3,0,1.0,1.0,run12_bs2000_N3_M0_G1_CG1_interval4_step12,4,12,False,,0.016,7.0,0.0056,3,0,0.882754,0.882754,5
12,3,0,1.0,1.0,run12_bs2000_N3_M0_G1_CG1_interval5_step15,5,15,False,,0.0056,8.0,0.0034,3,0,0.877859,0.877859,4
12,3,0,1.0,1.0,run12_bs2000_N3_M0_G1_CG1_interval6_step18,6,18,False,,0.0034,9.0,0.002,3,0,0.875002,0.875002,4
12,3,0,1.0,1.0,run12_bs2000_N3_M0_G1_CG1_interval7_step21,7,21,False,,0.002,8.0,0.0034,3,0,0.87322,0.87322,4
12,3,0,1.0,1.0,run12_bs2000_N3_M0_G1_CG1_interval8_step24,8,24,False,,0.0034,9.0,0.002,3,0,0.871608,0.871608,4
12,3,0,1.0,1.0,run12_bs2000_N3_M0_G1_CG1_interval9_step27,9,27,False,,0.002,10.0,0.0012,3,0,0.870651,0.870651,4
12,3,0,1.0,1.0,run12_bs2000_N3_M0_G1_CG1_interval10_step30,10,30,False,,0.0012,10.0,0.0012,3,0,0.870053,0.870053,3
12,3,0,1.0,1.0,run12_bs2000_N3_M0_G1_CG1_interval11_step33,11,33,False,,0.0012,10.0,0.0012,3,0,0.869575,0.869575,3
12,3,0,1.0,1.0,run12_bs2000_N3_M0_G1_CG1_interval12_step36,12,36,False,,0.0012,11.0,0.00073,3,0,0.86917,0.86917,4
12,3,0,1.0,1.0,run12_bs2000_N3_M0_G1_CG1_interval13_step39,13,39,False,,0.00073,10.0,0.0012,3,0,0.868849,0.868849,4
12,3,0,1.0,1.0,run12_bs2000_N3_M0_G1_CG1_interval14_step42,14,42,False,,0.0012,11.0,0.00073,3,0,0.86854,0.86854,4
12,3,0,1.0,1.0,run12_bs2000_N3_M0_G1_CG1_interval15_step45,15,45,False,,0.00073,11.0,0.00073,3,0,0.868338,0.868338,3
12,3,0,1.0,1.0,run12_bs2000_N3_M0_G1_CG1_interval16_step48,16,48,False,,0.00073,12.0,0.00044,2,0,0.868215,0.868215,4
13,3,1,1.0,1.0,run13_bs2000_N3_M1_G1_CG1_interval0_step0_cooldown_for_k-1,0,0,True,-1.0,0.2,1.0,0.12,1,,1.799297,,4
13,3,1,1.0,1.0,run13_bs2000_N3_M1_G1_CG1_interval0_step0_cooldown_for_k0,0,0,True,0.0,0.2,1.0,0.12,1,,1.745448,,4
13,3,1,1.0,1.0,run13_bs2000_N3_M1_G1_CG1_interval0_step0_cooldown_for_k1,0,0,True,1.0,0.2,2.0,0.072,1,,1.765513,,5
13,3,1,1.0,1.0,run13_bs2000_N3_M1_G1_CG1_interval0_step0,0,0,False,,0.2,0.0,0.2,3,1,1.973272,1.745448,3
13,3,1,1.0,1.0,run13_bs2000_N3_M1_G1_CG1_interval1_step3_cooldown_for_k-1,1,3,True,-1.0,0.12,1.0,0.12,1,,1.479182,,3
13,3,1,1.0,1.0,run13_bs2000_N3_M1_G1_CG1_interval1_step3_cooldown_for_k0,1,3,True,0.0,0.12,2.0,0.072,1,,1.330328,,4
13,3,1,1.0,1.0,run13_bs2000_N3_M1_G1_CG1_interval1_step3_cooldown_for_k1,1,3,True,1.0,0.12,2.0,0.072,1,,1.226007,,4
13,3,1,1.0,1.0,run13_bs2000_N3_M1_G1_CG1_interval1_step3_cooldown_for_k2,1,3,True,2.0,0.12,4.0,0.026,1,,1.285828,,6
13,3,1,1.0,1.0,run13_bs2000_N3_M1_G1_CG1_interval1_step3,1,3,False,,0.2,1.0,0.12,3,1,1.375363,1.226007,4
13,3,1,1.0,1.0,run13_bs2000_N3_M1_G1_CG1_interval2_step6_cooldown_for_k0,2,6,True,0.0,0.072,1.0,0.12,1,,1.159796,,4
13,3,1,1.0,1.0,run13_bs2000_N3_M1_G1_CG1_interval2_step6_cooldown_for_k1,2,6,True,1.0,0.072,3.0,0.043,1,,0.986824,,4
13,3,1,1.0,1.0,run13_bs2000_N3_M1_G1_CG1_interval2_step6_cooldown_for_k2,2,6,True,2.0,0.072,3.0,0.043,1,,1.025763,,4
13,3,1,1.0,1.0,run13_bs2000_N3_M1_G1_CG1_interval2_step6,2,6,False,,0.12,1.0,0.12,3,1,1.098459,0.986824,3
13,3,1,1.0,1.0,run13_bs2000_N3_M1_G1_CG1_interval3_step9_cooldown_for_k0,3,9,True,0.0,0.043,2.0,0.072,1,,0.970063,,4
13,3,1,1.0,1.0,run13_bs2000_N3_M1_G1_CG1_interval3_step9_cooldown_for_k1,3,9,True,1.0,0.043,3.0,0.043,1,,0.924161,,3
13,3,1,1.0,1.0,run13_bs2000_N3_M1_G1_CG1_interval3_step9_cooldown_for_k2,3,9,True,2.0,0.043,3.0,0.043,1,,0.900984,,3
13,3,1,1.0,1.0,run13_bs2000_N3_M1_G1_CG1_interval3_step9_cooldown_for_k3,3,9,True,3.0,0.043,5.0,0.016,1,,0.901345,,5
13,3,1,1.0,1.0,run13_bs2000_N3_M1_G1_CG1_interval3_step9,3,9,False,,0.12,2.0,0.072,3,1,0.942971,0.900984,4
13,3,1,1.0,1.0,run13_bs2000_N3_M1_G1_CG1_interval4_step12_cooldown_for_k1,4,12,True,1.0,0.043,3.0,0.043,1,,0.908164,,3
13,3,1,1.0,1.0,run13_bs2000_N3_M1_G1_CG1_interval4_step12_cooldown_for_k2,4,12,True,2.0,0.043,4.0,0.026,1,,0.884123,,4
13,3,1,1.0,1.0,run13_bs2000_N3_M1_G1_CG1_interval4_step12_cooldown_for_k3,4,12,True,3.0,0.043,5.0,0.016,1,,0.883741,,5
13,3,1,1.0,1.0,run13_bs2000_N3_M1_G1_CG1_interval4_step12_cooldown_for_k4,4,12,True,4.0,0.043,6.0,0.0093,1,,0.877241,,6
13,3,1,1.0,1.0,run13_bs2000_N3_M1_G1_CG1_interval4_step12_cooldown_for_k5,4,12,True,5.0,0.043,6.0,0.0093,1,,0.87814,,6
13,3,1,1.0,1.0,run13_bs2000_N3_M1_G1_CG1_interval4_step12,4,12,False,,0.072,4.0,0.026,3,1,0.884953,0.877241,5
13,3,1,1.0,1.0,run13_bs2000_N3_M1_G1_CG1_interval5_step15_cooldown_for_k3,5,15,True,3.0,0.0093,5.0,0.016,1,,0.873433,,4
13,3,1,1.0,1.0,run13_bs2000_N3_M1_G1_CG1_interval5_step15_cooldown_for_k4,5,15,True,4.0,0.0093,6.0,0.0093,1,,0.871897,,3
13,3,1,1.0,1.0,run13_bs2000_N3_M1_G1_CG1_interval5_step15_cooldown_for_k5,5,15,True,5.0,0.0093,6.0,0.0093,1,,0.871721,,3
13,3,1,1.0,1.0,run13_bs2000_N3_M1_G1_CG1_interval5_step15_cooldown_for_k6,5,15,True,6.0,0.0093,8.0,0.0034,1,,0.872444,,5
13,3,1,1.0,1.0,run13_bs2000_N3_M1_G1_CG1_interval5_step15,5,15,False,,0.026,5.0,0.016,3,1,0.875557,0.871721,4
13,3,1,1.0,1.0,run13_bs2000_N3_M1_G1_CG1_interval6_step18_cooldown_for_k4,6,18,True,4.0,0.0093,5.0,0.016,1,,0.870083,,4
13,3,1,1.0,1.0,run13_bs2000_N3_M1_G1_CG1_interval6_step18_cooldown_for_k5,6,18,True,5.0,0.0093,6.0,0.0093,1,,0.869981,,3
13,3,1,1.0,1.0,run13_bs2000_N3_M1_G1_CG1_interval6_step18_cooldown_for_k6,6,18,True,6.0,0.0093,8.0,0.0034,1,,0.869649,,5
13,3,1,1.0,1.0,run13_bs2000_N3_M1_G1_CG1_interval6_step18_cooldown_for_k7,6,18,True,7.0,0.0093,9.0,0.002,1,,0.869923,,6
13,3,1,1.0,1.0,run13_bs2000_N3_M1_G1_CG1_interval6_step18,6,18,False,,0.016,6.0,0.0093,3,1,0.870266,0.869649,4
13,3,1,1.0,1.0,run13_bs2000_N3_M1_G1_CG1_interval7_step21_cooldown_for_k5,7,21,True,5.0,0.0034,7.0,0.0056,1,,0.868953,,4
13,3,1,1.0,1.0,run13_bs2000_N3_M1_G1_CG1_interval7_step21_cooldown_for_k6,7,21,True,6.0,0.0034,7.0,0.0056,1,,0.868534,,4
13,3,1,1.0,1.0,run13_bs2000_N3_M1_G1_CG1_interval7_step21_cooldown_for_k7,7,21,True,7.0,0.0034,8.0,0.0034,1,,0.868656,,3
13,3,1,1.0,1.0,run13_bs2000_N3_M1_G1_CG1_interval7_step21,7,21,False,,0.0093,6.0,0.0093,3,1,0.869967,0.868534,3
13,3,1,1.0,1.0,run13_bs2000_N3_M1_G1_CG1_interval8_step24_cooldown_for_k5,8,24,True,5.0,0.0056,6.0,0.0093,1,,0.868103,,4
13,3,1,1.0,1.0,run13_bs2000_N3_M1_G1_CG1_interval8_step24_cooldown_for_k6,8,24,True,6.0,0.0056,7.0,0.0056,1,,0.868186,,3
13,3,1,1.0,1.0,run13_bs2000_N3_M1_G1_CG1_interval8_step24_cooldown_for_k7,8,24,True,7.0,0.0056,9.0,0.002,1,,0.868051,,5
13,3,1,1.0,1.0,run13_bs2000_N3_M1_G1_CG1_interval8_step24_cooldown_for_k8,8,24,True,8.0,0.0056,10.0,0.0012,1,,0.868132,,6
13,3,1,1.0,1.0,run13_bs2000_N3_M1_G1_CG1_interval8_step24,8,24,False,,0.0093,7.0,0.0056,3,1,0.868298,0.868051,4
13,3,1,1.0,1.0,run13_bs2000_N3_M1_G1_CG1_interval9_step27_cooldown_for_k6,9,27,True,6.0,0.002,8.0,0.0034,1,,0.867798,,4
13,3,1,1.0,1.0,run13_bs2000_N3_M1_G1_CG1_interval9_step27_cooldown_for_k7,9,27,True,7.0,0.002,8.0,0.0034,1,,0.867594,,4
13,3,1,1.0,1.0,run13_bs2000_N3_M1_G1_CG1_interval9_step27_cooldown_for_k8,9,27,True,8.0,0.002,9.0,0.002,1,,0.867638,,3
13,3,1,1.0,1.0,run13_bs2000_N3_M1_G1_CG1_interval9_step27,9,27,False,,0.0056,7.0,0.0056,3,1,0.868195,0.867594,3
13,3,1,1.0,1.0,run13_bs2000_N3_M1_G1_CG1_interval10_step30_cooldown_for_k6,10,30,True,6.0,0.0034,7.0,0.0056,1,,0.867475,,4
13,3,1,1.0,1.0,run13_bs2000_N3_M1_G1_CG1_interval10_step30_cooldown_for_k7,10,30,True,7.0,0.0034,8.0,0.0034,1,,0.867506,,3
13,3,1,1.0,1.0,run13_bs2000_N3_M1_G1_CG1_interval10_step30_cooldown_for_k8,10,30,True,8.0,0.0034,10.0,0.0012,1,,0.86745,,5
13,3,1,1.0,1.0,run13_bs2000_N3_M1_G1_CG1_interval10_step30_cooldown_for_k9,10,30,True,9.0,0.0034,11.0,0.00073,1,,0.867466,,6
13,3,1,1.0,1.0,run13_bs2000_N3_M1_G1_CG1_interval10_step30,10,30,False,,0.0056,8.0,0.0034,3,1,0.867504,0.86745,4
13,3,1,1.0,1.0,run13_bs2000_N3_M1_G1_CG1_interval11_step33_cooldown_for_k7,11,33,True,7.0,0.0012,9.0,0.002,1,,0.867313,,4
13,3,1,1.0,1.0,run13_bs2000_N3_M1_G1_CG1_interval11_step33_cooldown_for_k8,11,33,True,8.0,0.0012,9.0,0.002,1,,0.867253,,4
13,3,1,1.0,1.0,run13_bs2000_N3_M1_G1_CG1_interval11_step33_cooldown_for_k9,11,33,True,9.0,0.0012,10.0,0.0012,1,,0.867286,,3
13,3,1,1.0,1.0,run13_bs2000_N3_M1_G1_CG1_interval11_step33,11,33,False,,0.0034,8.0,0.0034,3,1,0.867487,0.867253,3
13,3,1,1.0,1.0,run13_bs2000_N3_M1_G1_CG1_interval12_step36_cooldown_for_k7,12,36,True,7.0,0.002,8.0,0.0034,1,,0.867183,,4
13,3,1,1.0,1.0,run13_bs2000_N3_M1_G1_CG1_interval12_step36_cooldown_for_k8,12,36,True,8.0,0.002,9.0,0.002,1,,0.867199,,3
13,3,1,1.0,1.0,run13_bs2000_N3_M1_G1_CG1_interval12_step36_cooldown_for_k9,12,36,True,9.0,0.002,11.0,0.00073,1,,0.867176,,5
13,3,1,1.0,1.0,run13_bs2000_N3_M1_G1_CG1_interval12_step36_cooldown_for_k10,12,36,True,10.0,0.002,12.0,0.00044,1,,0.867201,,6
13,3,1,1.0,1.0,run13_bs2000_N3_M1_G1_CG1_interval12_step36,12,36,False,,0.0034,9.0,0.002,3,1,0.867199,0.867176,4
13,3,1,1.0,1.0,run13_bs2000_N3_M1_G1_CG1_interval13_step39_cooldown_for_k8,13,39,True,8.0,0.00073,10.0,0.0012,1,,0.867109,,4
13,3,1,1.0,1.0,run13_bs2000_N3_M1_G1_CG1_interval13_step39_cooldown_for_k9,13,39,True,9.0,0.00073,10.0,0.0012,1,,0.8671,,4
13,3,1,1.0,1.0,run13_bs2000_N3_M1_G1_CG1_interval13_step39_cooldown_for_k10,13,39,True,10.0,0.00073,11.0,0.00073,1,,0.867116,,3
13,3,1,1.0,1.0,run13_bs2000_N3_M1_G1_CG1_interval13_step39,13,39,False,,0.002,9.0,0.002,3,1,0.867167,0.8671,3
13,3,1,1.0,1.0,run13_bs2000_N3_M1_G1_CG1_interval14_step42_cooldown_for_k8,14,42,True,8.0,0.0012,9.0,0.002,1,,0.867059,,4
13,3,1,1.0,1.0,run13_bs2000_N3_M1_G1_CG1_interval14_step42_cooldown_for_k9,14,42,True,9.0,0.0012,10.0,0.0012,1,,0.867068,,3
13,3,1,1.0,1.0,run13_bs2000_N3_M1_G1_CG1_interval14_step42_cooldown_for_k10,14,42,True,10.0,0.0012,11.0,0.00073,1,,0.867067,,4
13,3,1,1.0,1.0,run13_bs2000_N3_M1_G1_CG1_interval14_step42_cooldown_for_k7,14,42,True,7.0,0.0012,9.0,0.002,1,,0.867131,,4
13,3,1,1.0,1.0,run13_bs2000_N3_M1_G1_CG1_interval14_step42,14,42,False,,0.002,8.0,0.0034,3,1,0.867367,0.867059,4
13,3,1,1.0,1.0,run13_bs2000_N3_M1_G1_CG1_interval15_step45_cooldown_for_k7,15,45,True,7.0,0.002,8.0,0.0034,1,,0.867051,,4
13,3,1,1.0,1.0,run13_bs2000_N3_M1_G1_CG1_interval15_step45_cooldown_for_k8,15,45,True,8.0,0.002,9.0,0.002,1,,0.86705,,3
13,3,1,1.0,1.0,run13_bs2000_N3_M1_G1_CG1_interval15_step45_cooldown_for_k9,15,45,True,9.0,0.002,12.0,0.00044,1,,0.867028,,6
13,3,1,1.0,1.0,run13_bs2000_N3_M1_G1_CG1_interval15_step45_cooldown_for_k10,15,45,True,10.0,0.002,12.0,0.00044,1,,0.867034,,6
13,3,1,1.0,1.0,run13_bs2000_N3_M1_G1_CG1_interval15_step45,15,45,False,,0.0034,9.0,0.002,3,1,0.867033,0.867028,4
13,3,1,1.0,1.0,run13_bs2000_N3_M1_G1_CG1_interval16_step48,16,48,False,,0.002,9.0,0.002,2,0,0.86701,0.86701,3
14,3,2,1.0,1.0,run14_bs2000_N3_M2_G1_CG1_interval0_step0_cooldown_for_k-1,0,0,True,-1.0,0.2,2.0,0.072,2,,1.55975,,5
14,3,2,1.0,1.0,run14_bs2000_N3_M2_G1_CG1_interval0_step0_cooldown_for_k0,0,0,True,0.0,0.2,2.0,0.072,2,,1.449929,,5
14,3,2,1.0,1.0,run14_bs2000_N3_M2_G1_CG1_interval0_step0_cooldown_for_k1,0,0,True,1.0,0.2,3.0,0.043,2,,1.435373,,6
14,3,2,1.0,1.0,run14_bs2000_N3_M2_G1_CG1_interval0_step0_cooldown_for_k2,0,0,True,2.0,0.2,3.0,0.043,2,,1.464846,,6
14,3,2,1.0,1.0,run14_bs2000_N3_M2_G1_CG1_interval0_step0,0,0,False,,0.2,1.0,0.12,3,2,1.95851,1.435373,4
14,3,2,1.0,1.0,run14_bs2000_N3_M2_G1_CG1_interval1_step3_cooldown_for_k0,1,3,True,0.0,0.043,3.0,0.043,2,,1.159828,,3
14,3,2,1.0,1.0,run14_bs2000_N3_M2_G1_CG1_interval1_step3_cooldown_for_k1,1,3,True,1.0,0.043,3.0,0.043,2,,1.02133,,3
14,3,2,1.0,1.0,run14_bs2000_N3_M2_G1_CG1_interval1_step3_cooldown_for_k2,1,3,True,2.0,0.043,3.0,0.043,2,,0.993289,,3
14,3,2,1.0,1.0,run14_bs2000_N3_M2_G1_CG1_interval1_step3_cooldown_for_k3,1,3,True,3.0,0.043,3.0,0.043,2,,1.044162,,3
14,3,2,1.0,1.0,run14_bs2000_N3_M2_G1_CG1_interval1_step3,1,3,False,,0.12,2.0,0.072,3,2,1.246059,0.993289,4
14,3,2,1.0,1.0,run14_bs2000_N3_M2_G1_CG1_interval2_step6_cooldown_for_k1,2,6,True,1.0,0.043,3.0,0.043,2,,0.961017,,3
14,3,2,1.0,1.0,run14_bs2000_N3_M2_G1_CG1_interval2_step6_cooldown_for_k2,2,6,True,2.0,0.043,5.0,0.016,2,,0.923575,,5
14,3,2,1.0,1.0,run14_bs2000_N3_M2_G1_CG1_interval2_step6_cooldown_for_k3,2,6,True,3.0,0.043,4.0,0.026,2,,0.91146,,4
14,3,2,1.0,1.0,run14_bs2000_N3_M2_G1_CG1_interval2_step6_cooldown_for_k4,2,6,True,4.0,0.043,5.0,0.016,2,,0.904345,,5
14,3,2,1.0,1.0,run14_bs2000_N3_M2_G1_CG1_interval2_step6_cooldown_for_k5,2,6,True,5.0,0.043,5.0,0.016,2,,0.916909,,5
14,3,2,1.0,1.0,run14_bs2000_N3_M2_G1_CG1_interval2_step6,2,6,False,,0.072,4.0,0.026,3,2,0.95441,0.904345,5
14,3,2,1.0,1.0,run14_bs2000_N3_M2_G1_CG1_interval3_step9_cooldown_for_k3,3,9,True,3.0,0.016,6.0,0.0093,2,,0.896467,,4
14,3,2,1.0,1.0,run14_bs2000_N3_M2_G1_CG1_interval3_step9_cooldown_for_k4,3,9,True,4.0,0.016,6.0,0.0093,2,,0.886091,,4
14,3,2,1.0,1.0,run14_bs2000_N3_M2_G1_CG1_interval3_step9_cooldown_for_k5,3,9,True,5.0,0.016,6.0,0.0093,2,,0.883621,,4
14,3,2,1.0,1.0,run14_bs2000_N3_M2_G1_CG1_interval3_step9_cooldown_for_k6,3,9,True,6.0,0.016,7.0,0.0056,2,,0.887878,,5
14,3,2,1.0,1.0,run14_bs2000_N3_M2_G1_CG1_interval3_step9,3,9,False,,0.026,5.0,0.016,3,2,0.900846,0.883621,4
14,3,2,1.0,1.0,run14_bs2000_N3_M2_G1_CG1_interval4_step12_cooldown_for_k4,4,12,True,4.0,0.0093,7.0,0.0056,2,,0.88147,,4
14,3,2,1.0,1.0,run14_bs2000_N3_M2_G1_CG1_interval4_step12_cooldown_for_k5,4,12,True,5.0,0.0093,6.0,0.0093,2,,0.878071,,3
14,3,2,1.0,1.0,run14_bs2000_N3_M2_G1_CG1_interval4_step12_cooldown_for_k6,4,12,True,6.0,0.0093,7.0,0.0056,2,,0.876572,,4
14,3,2,1.0,1.0,run14_bs2000_N3_M2_G1_CG1_interval4_step12_cooldown_for_k7,4,12,True,7.0,0.0093,6.0,0.0093,2,,0.878835,,3
14,3,2,1.0,1.0,run14_bs2000_N3_M2_G1_CG1_interval4_step12,4,12,False,,0.016,6.0,0.0093,3,2,0.884417,0.876572,4
14,3,2,1.0,1.0,run14_bs2000_N3_M2_G1_CG1_interval5_step15_cooldown_for_k5,5,15,True,5.0,0.0056,6.0,0.0093,2,,0.874744,,4
14,3,2,1.0,1.0,run14_bs2000_N3_M2_G1_CG1_interval5_step15_cooldown_for_k6,5,15,True,6.0,0.0056,7.0,0.0056,2,,0.87368,,3
14,3,2,1.0,1.0,run14_bs2000_N3_M2_G1_CG1_interval5_step15_cooldown_for_k7,5,15,True,7.0,0.0056,8.0,0.0034,2,,0.873485,,4
14,3,2,1.0,1.0,run14_bs2000_N3_M2_G1_CG1_interval5_step15_cooldown_for_k8,5,15,True,8.0,0.0056,7.0,0.0056,2,,0.874512,,3
14,3,2,1.0,1.0,run14_bs2000_N3_M2_G1_CG1_interval5_step15,5,15,False,,0.0093,7.0,0.0056,3,2,0.876634,0.873485,4
14,3,2,1.0,1.0,run14_bs2000_N3_M2_G1_CG1_interval6_step18_cooldown_for_k6,6,18,True,6.0,0.0034,9.0,0.002,2,,0.872261,,4
14,3,2,1.0,1.0,run14_bs2000_N3_M2_G1_CG1_interval6_step18_cooldown_for_k7,6,18,True,7.0,0.0034,8.0,0.0034,2,,0.871529,,3
14,3,2,1.0,1.0,run14_bs2000_N3_M2_G1_CG1_interval6_step18_cooldown_for_k8,6,18,True,8.0,0.0034,9.0,0.002,2,,0.871699,,4
14,3,2,1.0,1.0,run14_bs2000_N3_M2_G1_CG1_interval6_step18,6,18,False,,0.0056,7.0,0.0056,3,2,0.874479,0.871529,3
14,3,2,1.0,1.0,run14_bs2000_N3_M2_G1_CG1_interval7_step21_cooldown_for_k6,7,21,True,6.0,0.0034,7.0,0.0056,2,,0.870456,,4
14,3,2,1.0,1.0,run14_bs2000_N3_M2_G1_CG1_interval7_step21_cooldown_for_k7,7,21,True,7.0,0.0034,8.0,0.0034,2,,0.870341,,3
14,3,2,1.0,1.0,run14_bs2000_N3_M2_G1_CG1_interval7_step21_cooldown_for_k8,7,21,True,8.0,0.0034,9.0,0.002,2,,0.870274,,4
14,3,2,1.0,1.0,run14_bs2000_N3_M2_G1_CG1_interval7_step21_cooldown_for_k9,7,21,True,9.0,0.0034,8.0,0.0034,2,,0.870742,,3
14,3,2,1.0,1.0,run14_bs2000_N3_M2_G1_CG1_interval7_step21,7,21,False,,0.0056,8.0,0.0034,3,2,0.871344,0.870274,4
14,3,2,1.0,1.0,run14_bs2000_N3_M2_G1_CG1_interval8_step24_cooldown_for_k7,8,24,True,7.0,0.002,8.0,0.0034,2,,0.869593,,4
14,3,2,1.0,1.0,run14_bs2000_N3_M2_G1_CG1_interval8_step24_cooldown_for_k8,8,24,True,8.0,0.002,9.0,0.002,2,,0.869457,,3
14,3,2,1.0,1.0,run14_bs2000_N3_M2_G1_CG1_interval8_step24_cooldown_for_k9,8,24,True,9.0,0.002,10.0,0.0012,2,,0.869577,,4
14,3,2,1.0,1.0,run14_bs2000_N3_M2_G1_CG1_interval8_step24,8,24,False,,0.0034,8.0,0.0034,3,2,0.870505,0.869457,3
14,3,2,1.0,1.0,run14_bs2000_N3_M2_G1_CG1_interval9_step27_cooldown_for_k7,9,27,True,7.0,0.002,10.0,0.0012,2,,0.869337,,4
14,3,2,1.0,1.0,run14_bs2000_N3_M2_G1_CG1_interval9_step27_cooldown_for_k8,9,27,True,8.0,0.002,9.0,0.002,2,,0.86896,,3
14,3,2,1.0,1.0,run14_bs2000_N3_M2_G1_CG1_interval9_step27_cooldown_for_k9,9,27,True,9.0,0.002,10.0,0.0012,2,,0.86893,,4
14,3,2,1.0,1.0,run14_bs2000_N3_M2_G1_CG1_interval9_step27_cooldown_for_k10,9,27,True,10.0,0.002,9.0,0.002,2,,0.869085,,3
14,3,2,1.0,1.0,run14_bs2000_N3_M2_G1_CG1_interval9_step27,9,27,False,,0.0034,9.0,0.002,3,2,0.869428,0.86893,4
14,3,2,1.0,1.0,run14_bs2000_N3_M2_G1_CG1_interval10_step30_cooldown_for_k8,10,30,True,8.0,0.0012,9.0,0.002,2,,0.868463,,4
14,3,2,1.0,1.0,run14_bs2000_N3_M2_G1_CG1_interval10_step30_cooldown_for_k9,10,30,True,9.0,0.0012,10.0,0.0012,2,,0.868516,,3
14,3,2,1.0,1.0,run14_bs2000_N3_M2_G1_CG1_interval10_step30_cooldown_for_k10,10,30,True,10.0,0.0012,10.0,0.0012,2,,0.868586,,3
14,3,2,1.0,1.0,run14_bs2000_N3_M2_G1_CG1_interval10_step30_cooldown_for_k7,10,30,True,7.0,0.0012,10.0,0.0012,2,,0.868867,,3
14,3,2,1.0,1.0,run14_bs2000_N3_M2_G1_CG1_interval10_step30,10,30,False,,0.002,8.0,0.0034,3,2,0.869456,0.868463,4
14,3,2,1.0,1.0,run14_bs2000_N3_M2_G1_CG1_interval11_step33_cooldown_for_k7,11,33,True,7.0,0.002,10.0,0.0012,2,,0.86854,,4
14,3,2,1.0,1.0,run14_bs2000_N3_M2_G1_CG1_interval11_step33_cooldown_for_k8,11,33,True,8.0,0.002,9.0,0.002,2,,0.868337,,3
14,3,2,1.0,1.0,run14_bs2000_N3_M2_G1_CG1_interval11_step33_cooldown_for_k9,11,33,True,9.0,0.002,10.0,0.0012,2,,0.868119,,4
14,3,2,1.0,1.0,run14_bs2000_N3_M2_G1_CG1_interval11_step33_cooldown_for_k10,11,33,True,10.0,0.002,11.0,0.00073,2,,0.868252,,5
14,3,2,1.0,1.0,run14_bs2000_N3_M2_G1_CG1_interval11_step33,11,33,False,,0.0034,9.0,0.002,3,2,0.868504,0.868119,4
14,3,2,1.0,1.0,run14_bs2000_N3_M2_G1_CG1_interval12_step36_cooldown_for_k8,12,36,True,8.0,0.0012,11.0,0.00073,2,,0.868074,,4
14,3,2,1.0,1.0,run14_bs2000_N3_M2_G1_CG1_interval12_step36_cooldown_for_k9,12,36,True,9.0,0.0012,10.0,0.0012,2,,0.867899,,3
14,3,2,1.0,1.0,run14_bs2000_N3_M2_G1_CG1_interval12_step36_cooldown_for_k10,12,36,True,10.0,0.0012,11.0,0.00073,2,,0.867918,,4
14,3,2,1.0,1.0,run14_bs2000_N3_M2_G1_CG1_interval12_step36,12,36,False,,0.002,9.0,0.002,3,2,0.868275,0.867899,3
14,3,2,1.0,1.0,run14_bs2000_N3_M2_G1_CG1_interval13_step39_cooldown_for_k8,13,39,True,8.0,0.0012,11.0,0.00073,2,,0.867885,,4
14,3,2,1.0,1.0,run14_bs2000_N3_M2_G1_CG1_interval13_step39_cooldown_for_k9,13,39,True,9.0,0.0012,10.0,0.0012,2,,0.867771,,3
14,3,2,1.0,1.0,run14_bs2000_N3_M2_G1_CG1_interval13_step39_cooldown_for_k10,13,39,True,10.0,0.0012,11.0,0.00073,2,,0.867733,,4
14,3,2,1.0,1.0,run14_bs2000_N3_M2_G1_CG1_interval13_step39_cooldown_for_k11,13,39,True,11.0,0.0012,11.0,0.00073,2,,0.867803,,4
14,3,2,1.0,1.0,run14_bs2000_N3_M2_G1_CG1_interval13_step39,13,39,False,,0.002,10.0,0.0012,3,2,0.867904,0.867733,4
14,3,2,1.0,1.0,run14_bs2000_N3_M2_G1_CG1_interval14_step42_cooldown_for_k9,14,42,True,9.0,0.00073,10.0,0.0012,2,,0.867613,,4
14,3,2,1.0,1.0,run14_bs2000_N3_M2_G1_CG1_interval14_step42_cooldown_for_k10,14,42,True,10.0,0.00073,11.0,0.00073,2,,0.867602,,3
14,3,2,1.0,1.0,run14_bs2000_N3_M2_G1_CG1_interval14_step42_cooldown_for_k11,14,42,True,11.0,0.00073,11.0,0.00073,2,,0.867621,,3
14,3,2,1.0,1.0,run14_bs2000_N3_M2_G1_CG1_interval14_step42,14,42,False,,0.0012,10.0,0.0012,3,2,0.867774,0.867602,3
14,3,2,1.0,1.0,run14_bs2000_N3_M2_G1_CG1_interval15_step45_cooldown_for_k9,15,45,True,9.0,0.00073,12.0,0.00044,2,,0.867566,,4
14,3,2,1.0,1.0,run14_bs2000_N3_M2_G1_CG1_interval15_step45_cooldown_for_k10,15,45,True,10.0,0.00073,11.0,0.00073,2,,0.867502,,3
14,3,2,1.0,1.0,run14_bs2000_N3_M2_G1_CG1_interval15_step45_cooldown_for_k11,15,45,True,11.0,0.00073,12.0,0.00044,2,,0.867509,,4
14,3,2,1.0,1.0,run14_bs2000_N3_M2_G1_CG1_interval15_step45,15,45,False,,0.0012,10.0,0.0012,3,2,0.867671,0.867502,3
14,3,2,1.0,1.0,run14_bs2000_N3_M2_G1_CG1_interval16_step48,16,48,False,,0.0012,11.0,0.00073,2,0,0.867498,0.867498,4
15,3,3,1.0,1.0,run15_bs2000_N3_M3_G1_CG1_interval0_step0_cooldown_for_k-1,0,0,True,-1.0,0.2,2.0,0.072,3,,1.398779,,5
15,3,3,1.0,1.0,run15_bs2000_N3_M3_G1_CG1_interval0_step0_cooldown_for_k0,0,0,True,0.0,0.2,2.0,0.072,3,,1.301003,,5
15,3,3,1.0,1.0,run15_bs2000_N3_M3_G1_CG1_interval0_step0_cooldown_for_k1,0,0,True,1.0,0.2,3.0,0.043,3,,1.246828,,6
15,3,3,1.0,1.0,run15_bs2000_N3_M3_G1_CG1_interval0_step0_cooldown_for_k2,0,0,True,2.0,0.2,3.0,0.043,3,,1.327459,,6
15,3,3,1.0,1.0,run15_bs2000_N3_M3_G1_CG1_interval0_step0,0,0,False,,0.2,1.0,0.12,3,3,1.95851,1.246828,4
15,3,3,1.0,1.0,run15_bs2000_N3_M3_G1_CG1_interval1_step3_cooldown_for_k0,1,3,True,0.0,0.043,3.0,0.043,3,,0.996548,,3
15,3,3,1.0,1.0,run15_bs2000_N3_M3_G1_CG1_interval1_step3_cooldown_for_k1,1,3,True,1.0,0.043,3.0,0.043,3,,0.95828,,3
15,3,3,1.0,1.0,run15_bs2000_N3_M3_G1_CG1_interval1_step3_cooldown_for_k2,1,3,True,2.0,0.043,4.0,0.026,3,,0.953147,,4
15,3,3,1.0,1.0,run15_bs2000_N3_M3_G1_CG1_interval1_step3_cooldown_for_k3,1,3,True,3.0,0.043,4.0,0.026,3,,0.976194,,4
15,3,3,1.0,1.0,run15_bs2000_N3_M3_G1_CG1_interval1_step3,1,3,False,,0.12,2.0,0.072,3,3,1.234762,0.953147,4
15,3,3,1.0,1.0,run15_bs2000_N3_M3_G1_CG1_interval2_step6_cooldown_for_k1,2,6,True,1.0,0.026,4.0,0.026,3,,0.916644,,3
15,3,3,1.0,1.0,run15_bs2000_N3_M3_G1_CG1_interval2_step6_cooldown_for_k2,2,6,True,2.0,0.026,4.0,0.026,3,,0.896948,,3
15,3,3,1.0,1.0,run15_bs2000_N3_M3_G1_CG1_interval2_step6_cooldown_for_k3,2,6,True,3.0,0.026,5.0,0.016,3,,0.892137,,4
15,3,3,1.0,1.0,run15_bs2000_N3_M3_G1_CG1_interval2_step6_cooldown_for_k4,2,6,True,4.0,0.026,6.0,0.0093,3,,0.896684,,5
15,3,3,1.0,1.0,run15_bs2000_N3_M3_G1_CG1_interval2_step6,2,6,False,,0.072,3.0,0.043,3,3,0.957062,0.892137,4
15,3,3,1.0,1.0,run15_bs2000_N3_M3_G1_CG1_interval3_step9_cooldown_for_k2,3,9,True,2.0,0.016,5.0,0.016,3,,0.889945,,3
15,3,3,1.0,1.0,run15_bs2000_N3_M3_G1_CG1_interval3_step9_cooldown_for_k3,3,9,True,3.0,0.016,5.0,0.016,3,,0.880271,,3
15,3,3,1.0,1.0,run15_bs2000_N3_M3_G1_CG1_interval3_step9_cooldown_for_k4,3,9,True,4.0,0.016,6.0,0.0093,3,,0.878,,4
15,3,3,1.0,1.0,run15_bs2000_N3_M3_G1_CG1_interval3_step9_cooldown_for_k5,3,9,True,5.0,0.016,7.0,0.0056,3,,0.878614,,5
15,3,3,1.0,1.0,run15_bs2000_N3_M3_G1_CG1_interval3_step9,3,9,False,,0.043,4.0,0.026,3,3,0.906978,0.878,4
15,3,3,1.0,1.0,run15_bs2000_N3_M3_G1_CG1_interval4_step12_cooldown_for_k3,4,12,True,3.0,0.0093,5.0,0.016,3,,0.877684,,4
15,3,3,1.0,1.0,run15_bs2000_N3_M3_G1_CG1_interval4_step12_cooldown_for_k4,4,12,True,4.0,0.0093,6.0,0.0093,3,,0.873356,,3
15,3,3,1.0,1.0,run15_bs2000_N3_M3_G1_CG1_interval4_step12_cooldown_for_k5,4,12,True,5.0,0.0093,7.0,0.0056,3,,0.8733,,4
15,3,3,1.0,1.0,run15_bs2000_N3_M3_G1_CG1_interval4_step12_cooldown_for_k6,4,12,True,6.0,0.0093,8.0,0.0034,3,,0.873624,,5
15,3,3,1.0,1.0,run15_bs2000_N3_M3_G1_CG1_interval4_step12,4,12,False,,0.026,5.0,0.016,3,3,0.885365,0.8733,4
15,3,3,1.0,1.0,run15_bs2000_N3_M3_G1_CG1_interval5_step15_cooldown_for_k4,5,15,True,4.0,0.0056,6.0,0.0093,3,,0.871337,,4
15,3,3,1.0,1.0,run15_bs2000_N3_M3_G1_CG1_interval5_step15_cooldown_for_k5,5,15,True,5.0,0.0056,7.0,0.0056,3,,0.870764,,3
15,3,3,1.0,1.0,run15_bs2000_N3_M3_G1_CG1_interval5_step15_cooldown_for_k6,5,15,True,6.0,0.0056,8.0,0.0034,3,,0.870836,,4
15,3,3,1.0,1.0,run15_bs2000_N3_M3_G1_CG1_interval5_step15,5,15,False,,0.016,5.0,0.016,3,3,0.879321,0.870764,3
15,3,3,1.0,1.0,run15_bs2000_N3_M3_G1_CG1_interval6_step18_cooldown_for_k4,6,18,True,4.0,0.0056,6.0,0.0093,3,,0.87065,,4
15,3,3,1.0,1.0,run15_bs2000_N3_M3_G1_CG1_interval6_step18_cooldown_for_k5,6,18,True,5.0,0.0056,7.0,0.0056,3,,0.869568,,3
15,3,3,1.0,1.0,run15_bs2000_N3_M3_G1_CG1_interval6_step18_cooldown_for_k6,6,18,True,6.0,0.0056,8.0,0.0034,3,,0.869323,,4
15,3,3,1.0,1.0,run15_bs2000_N3_M3_G1_CG1_interval6_step18_cooldown_for_k7,6,18,True,7.0,0.0056,9.0,0.002,3,,0.86958,,5
15,3,3,1.0,1.0,run15_bs2000_N3_M3_G1_CG1_interval6_step18,6,18,False,,0.016,6.0,0.0093,3,3,0.87247,0.869323,4
15,3,3,1.0,1.0,run15_bs2000_N3_M3_G1_CG1_interval7_step21_cooldown_for_k5,7,21,True,5.0,0.0034,7.0,0.0056,3,,0.868739,,4
15,3,3,1.0,1.0,run15_bs2000_N3_M3_G1_CG1_interval7_step21_cooldown_for_k6,7,21,True,6.0,0.0034,8.0,0.0034,3,,0.868569,,3
15,3,3,1.0,1.0,run15_bs2000_N3_M3_G1_CG1_interval7_step21_cooldown_for_k7,7,21,True,7.0,0.0034,8.0,0.0034,3,,0.868599,,3
15,3,3,1.0,1.0,run15_bs2000_N3_M3_G1_CG1_interval7_step21,7,21,False,,0.0093,6.0,0.0093,3,3,0.872002,0.868569,3
15,3,3,1.0,1.0,run15_bs2000_N3_M3_G1_CG1_interval8_step24_cooldown_for_k5,8,24,True,5.0,0.0034,7.0,0.0056,3,,0.86875,,4
15,3,3,1.0,1.0,run15_bs2000_N3_M3_G1_CG1_interval8_step24_cooldown_for_k6,8,24,True,6.0,0.0034,8.0,0.0034,3,,0.86819,,3
15,3,3,1.0,1.0,run15_bs2000_N3_M3_G1_CG1_interval8_step24_cooldown_for_k7,8,24,True,7.0,0.0034,9.0,0.002,3,,0.868032,,4
15,3,3,1.0,1.0,run15_bs2000_N3_M3_G1_CG1_interval8_step24_cooldown_for_k8,8,24,True,8.0,0.0034,10.0,0.0012,3,,0.868158,,5
15,3,3,1.0,1.0,run15_bs2000_N3_M3_G1_CG1_interval8_step24,8,24,False,,0.0093,7.0,0.0056,3,3,0.869052,0.868032,4
15,3,3,1.0,1.0,run15_bs2000_N3_M3_G1_CG1_interval9_step27_cooldown_for_k6,9,27,True,6.0,0.002,8.0,0.0034,3,,0.867767,,4
15,3,3,1.0,1.0,run15_bs2000_N3_M3_G1_CG1_interval9_step27_cooldown_for_k7,9,27,True,7.0,0.002,9.0,0.002,3,,0.867723,,3
15,3,3,1.0,1.0,run15_bs2000_N3_M3_G1_CG1_interval9_step27_cooldown_for_k8,9,27,True,8.0,0.002,9.0,0.002,3,,0.867709,,3
15,3,3,1.0,1.0,run15_bs2000_N3_M3_G1_CG1_interval9_step27_cooldown_for_k9,9,27,True,9.0,0.002,10.0,0.0012,3,,0.867789,,4
15,3,3,1.0,1.0,run15_bs2000_N3_M3_G1_CG1_interval9_step27,9,27,False,,0.0056,8.0,0.0034,3,3,0.868394,0.867709,4
15,3,3,1.0,1.0,run15_bs2000_N3_M3_G1_CG1_interval10_step30_cooldown_for_k7,10,30,True,7.0,0.002,9.0,0.002,3,,0.867525,,3
15,3,3,1.0,1.0,run15_bs2000_N3_M3_G1_CG1_interval10_step30_cooldown_for_k8,10,30,True,8.0,0.002,9.0,0.002,3,,0.867527,,3
15,3,3,1.0,1.0,run15_bs2000_N3_M3_G1_CG1_interval10_step30_cooldown_for_k9,10,30,True,9.0,0.002,11.0,0.00073,3,,0.867549,,5
15,3,3,1.0,1.0,run15_bs2000_N3_M3_G1_CG1_interval10_step30_cooldown_for_k6,10,30,True,6.0,0.002,8.0,0.0034,3,,0.867656,,4
15,3,3,1.0,1.0,run15_bs2000_N3_M3_G1_CG1_interval10_step30,10,30,False,,0.0034,7.0,0.0056,3,3,0.86904,0.867525,4
15,3,3,1.0,1.0,run15_bs2000_N3_M3_G1_CG1_interval11_step33_cooldown_for_k6,11,33,True,6.0,0.002,8.0,0.0034,3,,0.86755,,4
15,3,3,1.0,1.0,run15_bs2000_N3_M3_G1_CG1_interval11_step33_cooldown_for_k7,11,33,True,7.0,0.002,9.0,0.002,3,,0.867405,,3
15,3,3,1.0,1.0,run15_bs2000_N3_M3_G1_CG1_interval11_step33_cooldown_for_k8,11,33,True,8.0,0.002,11.0,0.00073,3,,0.867369,,5
15,3,3,1.0,1.0,run15_bs2000_N3_M3_G1_CG1_interval11_step33_cooldown_for_k9,11,33,True,9.0,0.002,11.0,0.00073,3,,0.867389,,5
15,3,3,1.0,1.0,run15_bs2000_N3_M3_G1_CG1_interval11_step33,11,33,False,,0.0056,8.0,0.0034,3,3,0.867514,0.867369,4
15,3,3,1.0,1.0,run15_bs2000_N3_M3_G1_CG1_interval12_step36_cooldown_for_k7,12,36,True,7.0,0.00073,11.0,0.00073,3,,0.867357,,3
15,3,3,1.0,1.0,run15_bs2000_N3_M3_G1_CG1_interval12_step36_cooldown_for_k8,12,36,True,8.0,0.00073,10.0,0.0012,3,,0.867242,,4
15,3,3,1.0,1.0,run15_bs2000_N3_M3_G1_CG1_interval12_step36_cooldown_for_k9,12,36,True,9.0,0.00073,11.0,0.00073,3,,0.867274,,3
15,3,3,1.0,1.0,run15_bs2000_N3_M3_G1_CG1_interval12_step36,12,36,False,,0.0034,8.0,0.0034,3,3,0.867668,0.867242,3
15,3,3,1.0,1.0,run15_bs2000_N3_M3_G1_CG1_interval13_step39_cooldown_for_k7,13,39,True,7.0,0.0012,8.0,0.0034,3,,0.867218,,5
15,3,3,1.0,1.0,run15_bs2000_N3_M3_G1_CG1_interval13_step39_cooldown_for_k8,13,39,True,8.0,0.0012,10.0,0.0012,3,,0.867188,,3
15,3,3,1.0,1.0,run15_bs2000_N3_M3_G1_CG1_interval13_step39_cooldown_for_k9,13,39,True,9.0,0.0012,11.0,0.00073,3,,0.867156,,4
15,3,3,1.0,1.0,run15_bs2000_N3_M3_G1_CG1_interval13_step39_cooldown_for_k10,13,39,True,10.0,0.0012,11.0,0.00073,3,,0.867185,,4
15,3,3,1.0,1.0,run15_bs2000_N3_M3_G1_CG1_interval13_step39,13,39,False,,0.0034,9.0,0.002,3,3,0.867316,0.867156,4
15,3,3,1.0,1.0,run15_bs2000_N3_M3_G1_CG1_interval14_step42_cooldown_for_k8,14,42,True,8.0,0.00073,10.0,0.0012,3,,0.867111,,4
15,3,3,1.0,1.0,run15_bs2000_N3_M3_G1_CG1_interval14_step42_cooldown_for_k9,14,42,True,9.0,0.00073,11.0,0.00073,3,,0.867112,,3
15,3,3,1.0,1.0,run15_bs2000_N3_M3_G1_CG1_interval14_step42_cooldown_for_k10,14,42,True,10.0,0.00073,11.0,0.00073,3,,0.867107,,3
15,3,3,1.0,1.0,run15_bs2000_N3_M3_G1_CG1_interval14_step42_cooldown_for_k11,14,42,True,11.0,0.00073,12.0,0.00044,3,,0.867119,,4
15,3,3,1.0,1.0,run15_bs2000_N3_M3_G1_CG1_interval14_step42,14,42,False,,0.002,10.0,0.0012,3,3,0.867204,0.867107,4
15,3,3,1.0,1.0,run15_bs2000_N3_M3_G1_CG1_interval15_step45,15,45,False,,0.0012,11.0,0.00073,3,0,0.867108,0.867108,4
15,3,3,1.0,1.0,run15_bs2000_N3_M3_G1_CG1_interval16_step48,16,48,False,,0.00073,12.0,0.00044,2,0,0.867079,0.867079,4
16,3,4,1.0,1.0,run16_bs2000_N3_M4_G1_CG1_interval0_step0_cooldown_for_k-1,0,0,True,-1.0,0.2,2.0,0.072,4,,1.314136,,5
16,3,4,1.0,1.0,run16_bs2000_N3_M4_G1_CG1_interval0_step0_cooldown_for_k0,0,0,True,0.0,0.2,3.0,0.043,4,,1.179741,,6
16,3,4,1.0,1.0,run16_bs2000_N3_M4_G1_CG1_interval0_step0_cooldown_for_k1,0,0,True,1.0,0.2,2.0,0.072,4,,1.143619,,5
16,3,4,1.0,1.0,run16_bs2000_N3_M4_G1_CG1_interval0_step0_cooldown_for_k2,0,0,True,2.0,0.2,3.0,0.043,4,,1.217782,,6
16,3,4,1.0,1.0,run16_bs2000_N3_M4_G1_CG1_interval0_step0,0,0,False,,0.2,1.0,0.12,3,4,1.95851,1.143619,4
16,3,4,1.0,1.0,run16_bs2000_N3_M4_G1_CG1_interval1_step3_cooldown_for_k0,1,3,True,0.0,0.072,3.0,0.043,4,,0.952634,,4
16,3,4,1.0,1.0,run16_bs2000_N3_M4_G1_CG1_interval1_step3_cooldown_for_k1,1,3,True,1.0,0.072,4.0,0.026,4,,0.923067,,5
16,3,4,1.0,1.0,run16_bs2000_N3_M4_G1_CG1_interval1_step3_cooldown_for_k2,1,3,True,2.0,0.072,4.0,0.026,4,,0.923971,,5
16,3,4,1.0,1.0,run16_bs2000_N3_M4_G1_CG1_interval1_step3,1,3,False,,0.12,1.0,0.12,3,4,1.372805,0.923067,3
16,3,4,1.0,1.0,run16_bs2000_N3_M4_G1_CG1_interval2_step6_cooldown_for_k0,2,6,True,0.0,0.026,4.0,0.026,4,,0.914564,,3
16,3,4,1.0,1.0,run16_bs2000_N3_M4_G1_CG1_interval2_step6_cooldown_for_k1,2,6,True,1.0,0.026,4.0,0.026,4,,0.889549,,3
16,3,4,1.0,1.0,run16_bs2000_N3_M4_G1_CG1_interval2_step6_cooldown_for_k2,2,6,True,2.0,0.026,5.0,0.016,4,,0.883658,,4
16,3,4,1.0,1.0,run16_bs2000_N3_M4_G1_CG1_interval2_step6_cooldown_for_k3,2,6,True,3.0,0.026,6.0,0.0093,4,,0.886504,,5
16,3,4,1.0,1.0,run16_bs2000_N3_M4_G1_CG1_interval2_step6,2,6,False,,0.12,2.0,0.072,3,4,1.000236,0.883658,4
16,3,4,1.0,1.0,run16_bs2000_N3_M4_G1_CG1_interval3_step9_cooldown_for_k1,3,9,True,1.0,0.016,5.0,0.016,4,,0.884954,,3
16,3,4,1.0,1.0,run16_bs2000_N3_M4_G1_CG1_interval3_step9_cooldown_for_k2,3,9,True,2.0,0.016,5.0,0.016,4,,0.875786,,3
16,3,4,1.0,1.0,run16_bs2000_N3_M4_G1_CG1_interval3_step9_cooldown_for_k3,3,9,True,3.0,0.016,6.0,0.0093,4,,0.874775,,4
16,3,4,1.0,1.0,run16_bs2000_N3_M4_G1_CG1_interval3_step9_cooldown_for_k4,3,9,True,4.0,0.016,6.0,0.0093,4,,0.87506,,4
16,3,4,1.0,1.0,run16_bs2000_N3_M4_G1_CG1_interval3_step9,3,9,False,,0.072,3.0,0.043,3,4,0.913459,0.874775,4
16,3,4,1.0,1.0,run16_bs2000_N3_M4_G1_CG1_interval4_step12_cooldown_for_k2,4,12,True,2.0,0.0093,5.0,0.016,4,,0.875105,,4
16,3,4,1.0,1.0,run16_bs2000_N3_M4_G1_CG1_interval4_step12_cooldown_for_k3,4,12,True,3.0,0.0093,6.0,0.0093,4,,0.870945,,3
16,3,4,1.0,1.0,run16_bs2000_N3_M4_G1_CG1_interval4_step12_cooldown_for_k4,4,12,True,4.0,0.0093,7.0,0.0056,4,,0.871034,,4
16,3,4,1.0,1.0,run16_bs2000_N3_M4_G1_CG1_interval4_step12,4,12,False,,0.043,3.0,0.043,3,4,0.898033,0.870945,3
16,3,4,1.0,1.0,run16_bs2000_N3_M4_G1_CG1_interval5_step15_cooldown_for_k2,5,15,True,2.0,0.0093,5.0,0.016,4,,0.8744,,4
16,3,4,1.0,1.0,run16_bs2000_N3_M4_G1_CG1_interval5_step15_cooldown_for_k3,5,15,True,3.0,0.0093,6.0,0.0093,4,,0.869315,,3
16,3,4,1.0,1.0,run16_bs2000_N3_M4_G1_CG1_interval5_step15_cooldown_for_k4,5,15,True,4.0,0.0093,7.0,0.0056,4,,0.869119,,4
16,3,4,1.0,1.0,run16_bs2000_N3_M4_G1_CG1_interval5_step15_cooldown_for_k5,5,15,True,5.0,0.0093,7.0,0.0056,4,,0.869058,,4
16,3,4,1.0,1.0,run16_bs2000_N3_M4_G1_CG1_interval5_step15_cooldown_for_k6,5,15,True,6.0,0.0093,7.0,0.0056,4,,0.869431,,4
16,3,4,1.0,1.0,run16_bs2000_N3_M4_G1_CG1_interval5_step15,5,15,False,,0.043,5.0,0.016,3,4,0.87275,0.869058,5
16,3,4,1.0,1.0,run16_bs2000_N3_M4_G1_CG1_interval6_step18_cooldown_for_k4,6,18,True,4.0,0.0056,7.0,0.0056,4,,0.868363,,3
16,3,4,1.0,1.0,run16_bs2000_N3_M4_G1_CG1_interval6_step18_cooldown_for_k5,6,18,True,5.0,0.0056,8.0,0.0034,4,,0.8682,,4
16,3,4,1.0,1.0,run16_bs2000_N3_M4_G1_CG1_interval6_step18_cooldown_for_k6,6,18,True,6.0,0.0056,8.0,0.0034,4,,0.868252,,4
16,3,4,1.0,1.0,run16_bs2000_N3_M4_G1_CG1_interval6_step18,6,18,False,,0.016,5.0,0.016,3,4,0.872593,0.8682,3
16,3,4,1.0,1.0,run16_bs2000_N3_M4_G1_CG1_interval7_step21_cooldown_for_k4,7,21,True,4.0,0.0034,7.0,0.0056,4,,0.868247,,4
16,3,4,1.0,1.0,run16_bs2000_N3_M4_G1_CG1_interval7_step21_cooldown_for_k5,7,21,True,5.0,0.0034,8.0,0.0034,4,,0.867797,,3
16,3,4,1.0,1.0,run16_bs2000_N3_M4_G1_CG1_interval7_step21_cooldown_for_k6,7,21,True,6.0,0.0034,9.0,0.002,4,,0.867685,,4
16,3,4,1.0,1.0,run16_bs2000_N3_M4_G1_CG1_interval7_step21_cooldown_for_k7,7,21,True,7.0,0.0034,9.0,0.002,4,,0.867694,,4
16,3,4,1.0,1.0,run16_bs2000_N3_M4_G1_CG1_interval7_step21,7,21,False,,0.016,6.0,0.0093,3,4,0.868966,0.867685,4
16,3,4,1.0,1.0,run16_bs2000_N3_M4_G1_CG1_interval8_step24_cooldown_for_k5,8,24,True,5.0,0.002,8.0,0.0034,4,,0.867587,,4
16,3,4,1.0,1.0,run16_bs2000_N3_M4_G1_CG1_interval8_step24_cooldown_for_k6,8,24,True,6.0,0.002,9.0,0.002,4,,0.867454,,3
16,3,4,1.0,1.0,run16_bs2000_N3_M4_G1_CG1_interval8_step24_cooldown_for_k7,8,24,True,7.0,0.002,8.0,0.0034,4,,0.867459,,4
16,3,4,1.0,1.0,run16_bs2000_N3_M4_G1_CG1_interval8_step24,8,24,False,,0.0093,6.0,0.0093,3,4,0.869298,0.867454,3
16,3,4,1.0,1.0,run16_bs2000_N3_M4_G1_CG1_interval9_step27_cooldown_for_k5,9,27,True,5.0,0.002,8.0,0.0034,4,,0.867479,,4
16,3,4,1.0,1.0,run16_bs2000_N3_M4_G1_CG1_interval9_step27_cooldown_for_k6,9,27,True,6.0,0.002,9.0,0.002,4,,0.867294,,3
16,3,4,1.0,1.0,run16_bs2000_N3_M4_G1_CG1_interval9_step27_cooldown_for_k7,9,27,True,7.0,0.002,9.0,0.002,4,,0.867245,,3
16,3,4,1.0,1.0,run16_bs2000_N3_M4_G1_CG1_interval9_step27_cooldown_for_k8,9,27,True,8.0,0.002,10.0,0.0012,4,,0.867265,,4
16,3,4,1.0,1.0,run16_bs2000_N3_M4_G1_CG1_interval9_step27,9,27,False,,0.0093,7.0,0.0056,3,4,0.867565,0.867245,4
16,3,4,1.0,1.0,run16_bs2000_N3_M4_G1_CG1_interval10_step30_cooldown_for_k6,10,30,True,6.0,0.002,9.0,0.002,4,,0.867185,,3
16,3,4,1.0,1.0,run16_bs2000_N3_M4_G1_CG1_interval10_step30_cooldown_for_k7,10,30,True,7.0,0.002,10.0,0.0012,4,,0.867155,,4
16,3,4,1.0,1.0,run16_bs2000_N3_M4_G1_CG1_interval10_step30_cooldown_for_k8,10,30,True,8.0,0.002,10.0,0.0012,4,,0.867165,,4
16,3,4,1.0,1.0,run16_bs2000_N3_M4_G1_CG1_interval10_step30,10,30,False,,0.0056,7.0,0.0056,3,4,0.867872,0.867155,3
16,3,4,1.0,1.0,run16_bs2000_N3_M4_G1_CG1_interval11_step33_cooldown_for_k6,11,33,True,6.0,0.0012,9.0,0.002,4,,0.867131,,4
16,3,4,1.0,1.0,run16_bs2000_N3_M4_G1_CG1_interval11_step33_cooldown_for_k7,11,33,True,7.0,0.0012,10.0,0.0012,4,,0.867087,,3
16,3,4,1.0,1.0,run16_bs2000_N3_M4_G1_CG1_interval11_step33_cooldown_for_k8,11,33,True,8.0,0.0012,11.0,0.00073,4,,0.86707,,4
16,3,4,1.0,1.0,run16_bs2000_N3_M4_G1_CG1_interval11_step33_cooldown_for_k9,11,33,True,9.0,0.0012,11.0,0.00073,4,,0.867082,,4
16,3,4,1.0,1.0,run16_bs2000_N3_M4_G1_CG1_interval11_step33,11,33,False,,0.0056,8.0,0.0034,3,4,0.86718,0.86707,4
16,3,4,1.0,1.0,run16_bs2000_N3_M4_G1_CG1_interval12_step36_cooldown_for_k7,12,36,True,7.0,0.00073,10.0,0.0012,4,,0.867043,,4
16,3,4,1.0,1.0,run16_bs2000_N3_M4_G1_CG1_interval12_step36_cooldown_for_k8,12,36,True,8.0,0.00073,11.0,0.00073,4,,0.86703,,3
16,3,4,1.0,1.0,run16_bs2000_N3_M4_G1_CG1_interval12_step36_cooldown_for_k9,12,36,True,9.0,0.00073,10.0,0.0012,4,,0.867033,,4
16,3,4,1.0,1.0,run16_bs2000_N3_M4_G1_CG1_interval12_step36,12,36,False,,0.0034,8.0,0.0034,3,4,0.867302,0.86703,3
16,3,4,1.0,1.0,run16_bs2000_N3_M4_G1_CG1_interval13_step39_cooldown_for_k7,13,39,True,7.0,0.00073,10.0,0.0012,4,,0.867015,,4
16,3,4,1.0,1.0,run16_bs2000_N3_M4_G1_CG1_interval13_step39_cooldown_for_k8,13,39,True,8.0,0.00073,11.0,0.00073,4,,0.867,,3
16,3,4,1.0,1.0,run16_bs2000_N3_M4_G1_CG1_interval13_step39_cooldown_for_k9,13,39,True,9.0,0.00073,11.0,0.00073,4,,0.866994,,3
16,3,4,1.0,1.0,run16_bs2000_N3_M4_G1_CG1_interval13_step39_cooldown_for_k10,13,39,True,10.0,0.00073,12.0,0.00044,4,,0.866998,,4
16,3,4,1.0,1.0,run16_bs2000_N3_M4_G1_CG1_interval13_step39,13,39,False,,0.0034,9.0,0.002,3,4,0.867032,0.866994,4
16,3,4,1.0,1.0,run16_bs2000_N3_M4_G1_CG1_interval14_step42_cooldown_for_k8,14,42,True,8.0,0.00073,11.0,0.00073,4,,0.866976,,3
16,3,4,1.0,1.0,run16_bs2000_N3_M4_G1_CG1_interval14_step42_cooldown_for_k9,14,42,True,9.0,0.00073,12.0,0.00044,4,,0.866974,,4
16,3,4,1.0,1.0,run16_bs2000_N3_M4_G1_CG1_interval14_step42_cooldown_for_k10,14,42,True,10.0,0.00073,11.0,0.00073,4,,0.866974,,3
16,3,4,1.0,1.0,run16_bs2000_N3_M4_G1_CG1_interval14_step42,14,42,False,,0.002,9.0,0.002,3,4,0.867067,0.866974,3
16,3,4,1.0,1.0,run16_bs2000_N3_M4_G1_CG1_interval15_step45,15,45,False,,0.002,10.0,0.0012,3,0,0.866974,0.866974,4
16,3,4,1.0,1.0,run16_bs2000_N3_M4_G1_CG1_interval16_step48,16,48,False,,0.0012,12.0,0.00044,2,0,0.866961,0.866961,5
17,3,5,1.0,1.0,run17_bs2000_N3_M5_G1_CG1_interval0_step0_cooldown_for_k-1,0,0,True,-1.0,0.2,2.0,0.072,5,,1.198292,,5
17,3,5,1.0,1.0,run17_bs2000_N3_M5_G1_CG1_interval0_step0_cooldown_for_k0,0,0,True,0.0,0.2,2.0,0.072,5,,1.069865,,5
17,3,5,1.0,1.0,run17_bs2000_N3_M5_G1_CG1_interval0_step0_cooldown_for_k1,0,0,True,1.0,0.2,4.0,0.026,5,,1.071301,,7
17,3,5,1.0,1.0,run17_bs2000_N3_M5_G1_CG1_interval0_step0,0,0,False,,0.2,0.0,0.2,3,5,1.973272,1.069865,3
17,3,5,1.0,1.0,run17_bs2000_N3_M5_G1_CG1_interval1_step3_cooldown_for_k-1,1,3,True,-1.0,0.072,3.0,0.043,5,,0.932669,,4
17,3,5,1.0,1.0,run17_bs2000_N3_M5_G1_CG1_interval1_step3_cooldown_for_k0,1,3,True,0.0,0.072,3.0,0.043,5,,0.931431,,4
17,3,5,1.0,1.0,run17_bs2000_N3_M5_G1_CG1_interval1_step3_cooldown_for_k1,1,3,True,1.0,0.072,4.0,0.026,5,,0.915151,,5
17,3,5,1.0,1.0,run17_bs2000_N3_M5_G1_CG1_interval1_step3_cooldown_for_k2,1,3,True,2.0,0.072,4.0,0.026,5,,0.930944,,5
17,3,5,1.0,1.0,run17_bs2000_N3_M5_G1_CG1_interval1_step3,1,3,False,,0.2,1.0,0.12,3,5,1.3204,0.915151,4
17,3,5,1.0,1.0,run17_bs2000_N3_M5_G1_CG1_interval2_step6_cooldown_for_k0,2,6,True,0.0,0.026,4.0,0.026,5,,0.893968,,3
17,3,5,1.0,1.0,run17_bs2000_N3_M5_G1_CG1_interval2_step6_cooldown_for_k1,2,6,True,1.0,0.026,4.0,0.026,5,,0.889883,,3
17,3,5,1.0,1.0,run17_bs2000_N3_M5_G1_CG1_interval2_step6_cooldown_for_k2,2,6,True,2.0,0.026,5.0,0.016,5,,0.884272,,4
17,3,5,1.0,1.0,run17_bs2000_N3_M5_G1_CG1_interval2_step6_cooldown_for_k3,2,6,True,3.0,0.026,6.0,0.0093,5,,0.88693,,5
17,3,5,1.0,1.0,run17_bs2000_N3_M5_G1_CG1_interval2_step6,2,6,False,,0.12,2.0,0.072,3,5,1.01049,0.884272,4
17,3,5,1.0,1.0,run17_bs2000_N3_M5_G1_CG1_interval3_step9_cooldown_for_k1,3,9,True,1.0,0.016,5.0,0.016,5,,0.883897,,3
17,3,5,1.0,1.0,run17_bs2000_N3_M5_G1_CG1_interval3_step9_cooldown_for_k2,3,9,True,2.0,0.016,5.0,0.016,5,,0.877001,,3
17,3,5,1.0,1.0,run17_bs2000_N3_M5_G1_CG1_interval3_step9_cooldown_for_k3,3,9,True,3.0,0.016,6.0,0.0093,5,,0.874695,,4
17,3,5,1.0,1.0,run17_bs2000_N3_M5_G1_CG1_interval3_step9_cooldown_for_k4,3,9,True,4.0,0.016,6.0,0.0093,5,,0.875951,,4
17,3,5,1.0,1.0,run17_bs2000_N3_M5_G1_CG1_interval3_step9,3,9,False,,0.072,3.0,0.043,3,5,0.913775,0.874695,4
17,3,5,1.0,1.0,run17_bs2000_N3_M5_G1_CG1_interval4_step12_cooldown_for_k2,4,12,True,2.0,0.0093,5.0,0.016,5,,0.874305,,4
17,3,5,1.0,1.0,run17_bs2000_N3_M5_G1_CG1_interval4_step12_cooldown_for_k3,4,12,True,3.0,0.0093,6.0,0.0093,5,,0.871494,,3
17,3,5,1.0,1.0,run17_bs2000_N3_M5_G1_CG1_interval4_step12_cooldown_for_k4,4,12,True,4.0,0.0093,7.0,0.0056,5,,0.871328,,4
17,3,5,1.0,1.0,run17_bs2000_N3_M5_G1_CG1_interval4_step12_cooldown_for_k5,4,12,True,5.0,0.0093,7.0,0.0056,5,,0.871444,,4
17,3,5,1.0,1.0,run17_bs2000_N3_M5_G1_CG1_interval4_step12,4,12,False,,0.043,4.0,0.026,3,5,0.884277,0.871328,4
17,3,5,1.0,1.0,run17_bs2000_N3_M5_G1_CG1_interval5_step15_cooldown_for_k3,5,15,True,3.0,0.0056,6.0,0.0093,5,,0.870077,,4
17,3,5,1.0,1.0,run17_bs2000_N3_M5_G1_CG1_interval5_step15_cooldown_for_k4,5,15,True,4.0,0.0056,7.0,0.0056,5,,0.869585,,3
17,3,5,1.0,1.0,run17_bs2000_N3_M5_G1_CG1_interval5_step15_cooldown_for_k5,5,15,True,5.0,0.0056,7.0,0.0056,5,,0.869691,,3
17,3,5,1.0,1.0,run17_bs2000_N3_M5_G1_CG1_interval5_step15,5,15,False,,0.026,4.0,0.026,3,5,0.880157,0.869585,3
17,3,5,1.0,1.0,run17_bs2000_N3_M5_G1_CG1_interval6_step18_cooldown_for_k3,6,18,True,3.0,0.0056,6.0,0.0093,5,,0.869458,,4
17,3,5,1.0,1.0,run17_bs2000_N3_M5_G1_CG1_interval6_step18_cooldown_for_k4,6,18,True,4.0,0.0056,7.0,0.0056,5,,0.868767,,3
17,3,5,1.0,1.0,run17_bs2000_N3_M5_G1_CG1_interval6_step18_cooldown_for_k5,6,18,True,5.0,0.0056,8.0,0.0034,5,,0.868549,,4
17,3,5,1.0,1.0,run17_bs2000_N3_M5_G1_CG1_interval6_step18_cooldown_for_k6,6,18,True,6.0,0.0056,8.0,0.0034,5,,0.868614,,4
17,3,5,1.0,1.0,run17_bs2000_N3_M5_G1_CG1_interval6_step18,6,18,False,,0.026,5.0,0.016,3,5,0.873338,0.868549,4
17,3,5,1.0,1.0,run17_bs2000_N3_M5_G1_CG1_interval7_step21_cooldown_for_k4,7,21,True,4.0,0.0034,7.0,0.0056,5,,0.868175,,4
17,3,5,1.0,1.0,run17_bs2000_N3_M5_G1_CG1_interval7_step21_cooldown_for_k5,7,21,True,5.0,0.0034,8.0,0.0034,5,,0.868025,,3
17,3,5,1.0,1.0,run17_bs2000_N3_M5_G1_CG1_interval7_step21_cooldown_for_k6,7,21,True,6.0,0.0034,8.0,0.0034,5,,0.867993,,3
17,3,5,1.0,1.0,run17_bs2000_N3_M5_G1_CG1_interval7_step21_cooldown_for_k7,7,21,True,7.0,0.0034,9.0,0.002,5,,0.868071,,4
17,3,5,1.0,1.0,run17_bs2000_N3_M5_G1_CG1_interval7_step21,7,21,False,,0.016,6.0,0.0093,3,5,0.869829,0.867993,4
17,3,5,1.0,1.0,run17_bs2000_N3_M5_G1_CG1_interval8_step24_cooldown_for_k5,8,24,True,5.0,0.0034,8.0,0.0034,5,,0.867682,,3
17,3,5,1.0,1.0,run17_bs2000_N3_M5_G1_CG1_interval8_step24_cooldown_for_k6,8,24,True,6.0,0.0034,9.0,0.002,5,,0.867683,,4
17,3,5,1.0,1.0,run17_bs2000_N3_M5_G1_CG1_interval8_step24_cooldown_for_k7,8,24,True,7.0,0.0034,9.0,0.002,5,,0.867653,,4
17,3,5,1.0,1.0,run17_bs2000_N3_M5_G1_CG1_interval8_step24_cooldown_for_k8,8,24,True,8.0,0.0034,9.0,0.002,5,,0.867708,,4
17,3,5,1.0,1.0,run17_bs2000_N3_M5_G1_CG1_interval8_step24,8,24,False,,0.0093,7.0,0.0056,3,5,0.868722,0.867653,4
17,3,5,1.0,1.0,run17_bs2000_N3_M5_G1_CG1_interval9_step27_cooldown_for_k6,9,27,True,6.0,0.002,9.0,0.002,5,,0.867469,,3
17,3,5,1.0,1.0,run17_bs2000_N3_M5_G1_CG1_interval9_step27_cooldown_for_k7,9,27,True,7.0,0.002,9.0,0.002,5,,0.867462,,3
17,3,5,1.0,1.0,run17_bs2000_N3_M5_G1_CG1_interval9_step27_cooldown_for_k8,9,27,True,8.0,0.002,9.0,0.002,5,,0.86746,,3
17,3,5,1.0,1.0,run17_bs2000_N3_M5_G1_CG1_interval9_step27_cooldown_for_k9,9,27,True,9.0,0.002,9.0,0.002,5,,0.867498,,3
17,3,5,1.0,1.0,run17_bs2000_N3_M5_G1_CG1_interval9_step27,9,27,False,,0.0056,8.0,0.0034,3,5,0.867834,0.86746,4
17,3,5,1.0,1.0,run17_bs2000_N3_M5_G1_CG1_interval10_step30_cooldown_for_k7,10,30,True,7.0,0.002,9.0,0.002,5,,0.867302,,3
17,3,5,1.0,1.0,run17_bs2000_N3_M5_G1_CG1_interval10_step30_cooldown_for_k8,10,30,True,8.0,0.002,9.0,0.002,5,,0.867319,,3
17,3,5,1.0,1.0,run17_bs2000_N3_M5_G1_CG1_interval10_step30_cooldown_for_k9,10,30,True,9.0,0.002,10.0,0.0012,5,,0.867322,,4
17,3,5,1.0,1.0,run17_bs2000_N3_M5_G1_CG1_interval10_step30_cooldown_for_k6,10,30,True,6.0,0.002,9.0,0.002,5,,0.867294,,3
17,3,5,1.0,1.0,run17_bs2000_N3_M5_G1_CG1_interval10_step30_cooldown_for_k5,10,30,True,5.0,0.002,8.0,0.0034,5,,0.867348,,4
17,3,5,1.0,1.0,run17_bs2000_N3_M5_G1_CG1_interval10_step30,10,30,False,,0.0034,6.0,0.0093,3,5,0.869461,0.867294,5
17,3,5,1.0,1.0,run17_bs2000_N3_M5_G1_CG1_interval11_step33_cooldown_for_k5,11,33,True,5.0,0.002,7.0,0.0056,5,,0.867359,,5
17,3,5,1.0,1.0,run17_bs2000_N3_M5_G1_CG1_interval11_step33_cooldown_for_k6,11,33,True,6.0,0.002,10.0,0.0012,5,,0.867219,,4
17,3,5,1.0,1.0,run17_bs2000_N3_M5_G1_CG1_interval11_step33_cooldown_for_k7,11,33,True,7.0,0.002,10.0,0.0012,5,,0.867146,,4
17,3,5,1.0,1.0,run17_bs2000_N3_M5_G1_CG1_interval11_step33_cooldown_for_k8,11,33,True,8.0,0.002,10.0,0.0012,5,,0.867162,,4
17,3,5,1.0,1.0,run17_bs2000_N3_M5_G1_CG1_interval11_step33,11,33,False,,0.0093,7.0,0.0056,3,5,0.86742,0.867146,4
17,3,5,1.0,1.0,run17_bs2000_N3_M5_G1_CG1_interval12_step36_cooldown_for_k6,12,36,True,6.0,0.0012,9.0,0.002,5,,0.86711,,4
17,3,5,1.0,1.0,run17_bs2000_N3_M5_G1_CG1_interval12_step36_cooldown_for_k7,12,36,True,7.0,0.0012,9.0,0.002,5,,0.867089,,4
17,3,5,1.0,1.0,run17_bs2000_N3_M5_G1_CG1_interval12_step36_cooldown_for_k8,12,36,True,8.0,0.0012,10.0,0.0012,5,,0.867092,,3
17,3,5,1.0,1.0,run17_bs2000_N3_M5_G1_CG1_interval12_step36,12,36,False,,0.0056,7.0,0.0056,3,5,0.867744,0.867089,3
17,3,5,1.0,1.0,run17_bs2000_N3_M5_G1_CG1_interval13_step39_cooldown_for_k6,13,39,True,6.0,0.002,9.0,0.002,5,,0.867139,,3
17,3,5,1.0,1.0,run17_bs2000_N3_M5_G1_CG1_interval13_step39_cooldown_for_k7,13,39,True,7.0,0.002,10.0,0.0012,5,,0.867054,,4
17,3,5,1.0,1.0,run17_bs2000_N3_M5_G1_CG1_interval13_step39_cooldown_for_k8,13,39,True,8.0,0.002,11.0,0.00073,5,,0.867031,,5
17,3,5,1.0,1.0,run17_bs2000_N3_M5_G1_CG1_interval13_step39_cooldown_for_k9,13,39,True,9.0,0.002,11.0,0.00073,5,,0.867037,,5
17,3,5,1.0,1.0,run17_bs2000_N3_M5_G1_CG1_interval13_step39,13,39,False,,0.0056,8.0,0.0034,3,5,0.867111,0.867031,4
17,3,5,1.0,1.0,run17_bs2000_N3_M5_G1_CG1_interval14_step42_cooldown_for_k7,14,42,True,7.0,0.00073,10.0,0.0012,5,,0.866999,,4
17,3,5,1.0,1.0,run17_bs2000_N3_M5_G1_CG1_interval14_step42_cooldown_for_k8,14,42,True,8.0,0.00073,10.0,0.0012,5,,0.867002,,4
17,3,5,1.0,1.0,run17_bs2000_N3_M5_G1_CG1_interval14_step42_cooldown_for_k9,14,42,True,9.0,0.00073,11.0,0.00073,5,,0.867007,,3
17,3,5,1.0,1.0,run17_bs2000_N3_M5_G1_CG1_interval14_step42_cooldown_for_k6,14,42,True,6.0,0.00073,9.0,0.002,5,,0.86704,,5
17,3,5,1.0,1.0,run17_bs2000_N3_M5_G1_CG1_interval14_step42,14,42,False,,0.0034,7.0,0.0056,3,5,0.867832,0.866999,4
17,3,5,1.0,1.0,run17_bs2000_N3_M5_G1_CG1_interval15_step45,15,45,False,,0.0056,8.0,0.0034,3,0,0.867033,0.867033,4
17,3,5,1.0,1.0,run17_bs2000_N3_M5_G1_CG1_interval16_step48,16,48,False,,0.0034,8.0,0.0034,2,0,0.867,0.867,3
18,4,0,1.0,1.0,run18_bs2000_N4_M0_G1_CG1_interval0_step0,0,0,False,,0.2,1.0,0.12,4,0,1.76666,1.76666,4
18,4,0,1.0,1.0,run18_bs2000_N4_M0_G1_CG1_interval1_step4,1,4,False,,0.12,3.0,0.043,4,0,1.05945,1.05945,5
18,4,0,1.0,1.0,run18_bs2000_N4_M0_G1_CG1_interval2_step8,2,8,False,,0.043,5.0,0.016,4,0,0.907655,0.907655,5
18,4,0,1.0,1.0,run18_bs2000_N4_M0_G1_CG1_interval3_step12,3,12,False,,0.016,7.0,0.0056,4,0,0.882586,0.882586,5
18,4,0,1.0,1.0,run18_bs2000_N4_M0_G1_CG1_interval4_step16,4,16,False,,0.0056,8.0,0.0034,4,0,0.876463,0.876463,4
18,4,0,1.0,1.0,run18_bs2000_N4_M0_G1_CG1_interval5_step20,5,20,False,,0.0034,8.0,0.0034,4,0,0.873385,0.873385,3
18,4,0,1.0,1.0,run18_bs2000_N4_M0_G1_CG1_interval6_step24,6,24,False,,0.0034,9.0,0.002,4,0,0.871258,0.871258,4
18,4,0,1.0,1.0,run18_bs2000_N4_M0_G1_CG1_interval7_step28,7,28,False,,0.002,9.0,0.002,4,0,0.870157,0.870157,3
18,4,0,1.0,1.0,run18_bs2000_N4_M0_G1_CG1_interval8_step32,8,32,False,,0.002,10.0,0.0012,4,0,0.869321,0.869321,4
18,4,0,1.0,1.0,run18_bs2000_N4_M0_G1_CG1_interval9_step36,9,36,False,,0.0012,10.0,0.0012,4,0,0.868813,0.868813,3
18,4,0,1.0,1.0,run18_bs2000_N4_M0_G1_CG1_interval10_step40,10,40,False,,0.0012,11.0,0.00073,4,0,0.868422,0.868422,4
18,4,0,1.0,1.0,run18_bs2000_N4_M0_G1_CG1_interval11_step44,11,44,False,,0.00073,11.0,0.00073,4,0,0.868154,0.868154,3
18,4,0,1.0,1.0,run18_bs2000_N4_M0_G1_CG1_interval12_step48,12,48,False,,0.00073,11.0,0.00073,2,0,0.868042,0.868042,3
19,4,1,1.0,1.0,run19_bs2000_N4_M1_G1_CG1_interval0_step0_cooldown_for_k-1,0,0,True,-1.0,0.2,2.0,0.072,1,,1.688118,,5
19,4,1,1.0,1.0,run19_bs2000_N4_M1_G1_CG1_interval0_step0_cooldown_for_k0,0,0,True,0.0,0.2,2.0,0.072,1,,1.5824,,5
19,4,1,1.0,1.0,run19_bs2000_N4_M1_G1_CG1_interval0_step0_cooldown_for_k1,0,0,True,1.0,0.2,3.0,0.043,1,,1.548395,,6
19,4,1,1.0,1.0,run19_bs2000_N4_M1_G1_CG1_interval0_step0_cooldown_for_k2,0,0,True,2.0,0.2,3.0,0.043,1,,1.691906,,6
19,4,1,1.0,1.0,run19_bs2000_N4_M1_G1_CG1_interval0_step0,0,0,False,,0.2,1.0,0.12,4,1,1.76666,1.548395,4
19,4,1,1.0,1.0,run19_bs2000_N4_M1_G1_CG1_interval1_step4_cooldown_for_k0,1,4,True,0.0,0.043,2.0,0.072,1,,1.17505,,4
19,4,1,1.0,1.0,run19_bs2000_N4_M1_G1_CG1_interval1_step4_cooldown_for_k1,1,4,True,1.0,0.043,2.0,0.072,1,,1.046899,,4
19,4,1,1.0,1.0,run19_bs2000_N4_M1_G1_CG1_interval1_step4_cooldown_for_k2,1,4,True,2.0,0.043,3.0,0.043,1,,1.018164,,3
19,4,1,1.0,1.0,run19_bs2000_N4_M1_G1_CG1_interval1_step4_cooldown_for_k3,1,4,True,3.0,0.043,4.0,0.026,1,,1.048418,,4
19,4,1,1.0,1.0,run19_bs2000_N4_M1_G1_CG1_interval1_step4,1,4,False,,0.12,2.0,0.072,4,1,1.079144,1.018164,4
19,4,1,1.0,1.0,run19_bs2000_N4_M1_G1_CG1_interval2_step8_cooldown_for_k1,2,8,True,1.0,0.043,3.0,0.043,1,,0.963167,,3
19,4,1,1.0,1.0,run19_bs2000_N4_M1_G1_CG1_interval2_step8_cooldown_for_k2,2,8,True,2.0,0.043,4.0,0.026,1,,0.912246,,4
19,4,1,1.0,1.0,run19_bs2000_N4_M1_G1_CG1_interval2_step8_cooldown_for_k3,2,8,True,3.0,0.043,5.0,0.016,1,,0.90699,,5
19,4,1,1.0,1.0,run19_bs2000_N4_M1_G1_CG1_interval2_step8_cooldown_for_k4,2,8,True,4.0,0.043,6.0,0.0093,1,,0.902705,,6
19,4,1,1.0,1.0,run19_bs2000_N4_M1_G1_CG1_interval2_step8_cooldown_for_k5,2,8,True,5.0,0.043,7.0,0.0056,1,,0.902875,,7
19,4,1,1.0,1.0,run19_bs2000_N4_M1_G1_CG1_interval2_step8,2,8,False,,0.072,4.0,0.026,4,1,0.909855,0.902705,5
19,4,1,1.0,1.0,run19_bs2000_N4_M1_G1_CG1_interval3_step12_cooldown_for_k3,3,12,True,3.0,0.0093,5.0,0.016,1,,0.888941,,4
19,4,1,1.0,1.0,run19_bs2000_N4_M1_G1_CG1_interval3_step12_cooldown_for_k4,3,12,True,4.0,0.0093,6.0,0.0093,1,,0.876356,,3
19,4,1,1.0,1.0,run19_bs2000_N4_M1_G1_CG1_interval3_step12_cooldown_for_k5,3,12,True,5.0,0.0093,7.0,0.0056,1,,0.876328,,4
19,4,1,1.0,1.0,run19_bs2000_N4_M1_G1_CG1_interval3_step12_cooldown_for_k6,3,12,True,6.0,0.0093,8.0,0.0034,1,,0.876388,,5
19,4,1,1.0,1.0,run19_bs2000_N4_M1_G1_CG1_interval3_step12,3,12,False,,0.026,5.0,0.016,4,1,0.880393,0.876328,4
19,4,1,1.0,1.0,run19_bs2000_N4_M1_G1_CG1_interval4_step16_cooldown_for_k4,4,16,True,4.0,0.0056,6.0,0.0093,1,,0.874064,,4
19,4,1,1.0,1.0,run19_bs2000_N4_M1_G1_CG1_interval4_step16_cooldown_for_k5,4,16,True,5.0,0.0056,7.0,0.0056,1,,0.871517,,3
19,4,1,1.0,1.0,run19_bs2000_N4_M1_G1_CG1_interval4_step16_cooldown_for_k6,4,16,True,6.0,0.0056,8.0,0.0034,1,,0.871434,,4
19,4,1,1.0,1.0,run19_bs2000_N4_M1_G1_CG1_interval4_step16_cooldown_for_k7,4,16,True,7.0,0.0056,8.0,0.0034,1,,0.871473,,4
19,4,1,1.0,1.0,run19_bs2000_N4_M1_G1_CG1_interval4_step16,4,16,False,,0.016,6.0,0.0093,4,1,0.873059,0.871434,4
19,4,1,1.0,1.0,run19_bs2000_N4_M1_G1_CG1_interval5_step20_cooldown_for_k5,5,20,True,5.0,0.0034,7.0,0.0056,1,,0.869952,,4
19,4,1,1.0,1.0,run19_bs2000_N4_M1_G1_CG1_interval5_step20_cooldown_for_k6,5,20,True,6.0,0.0034,8.0,0.0034,1,,0.869434,,3
19,4,1,1.0,1.0,run19_bs2000_N4_M1_G1_CG1_interval5_step20_cooldown_for_k7,5,20,True,7.0,0.0034,8.0,0.0034,1,,0.869483,,3
19,4,1,1.0,1.0,run19_bs2000_N4_M1_G1_CG1_interval5_step20,5,20,False,,0.0093,6.0,0.0093,4,1,0.870997,0.869434,3
19,4,1,1.0,1.0,run19_bs2000_N4_M1_G1_CG1_interval6_step24_cooldown_for_k5,6,24,True,5.0,0.0034,7.0,0.0056,1,,0.869004,,4
19,4,1,1.0,1.0,run19_bs2000_N4_M1_G1_CG1_interval6_step24_cooldown_for_k6,6,24,True,6.0,0.0034,8.0,0.0034,1,,0.868515,,3
19,4,1,1.0,1.0,run19_bs2000_N4_M1_G1_CG1_interval6_step24_cooldown_for_k7,6,24,True,7.0,0.0034,8.0,0.0034,1,,0.86856,,3
19,4,1,1.0,1.0,run19_bs2000_N4_M1_G1_CG1_interval6_step24,6,24,False,,0.0093,6.0,0.0093,4,1,0.870051,0.868515,3
19,4,1,1.0,1.0,run19_bs2000_N4_M1_G1_CG1_interval7_step28_cooldown_for_k5,7,28,True,5.0,0.0034,7.0,0.0056,1,,0.868574,,4
19,4,1,1.0,1.0,run19_bs2000_N4_M1_G1_CG1_interval7_step28_cooldown_for_k6,7,28,True,6.0,0.0034,8.0,0.0034,1,,0.867941,,3
19,4,1,1.0,1.0,run19_bs2000_N4_M1_G1_CG1_interval7_step28_cooldown_for_k7,7,28,True,7.0,0.0034,8.0,0.0034,1,,0.86802,,3
19,4,1,1.0,1.0,run19_bs2000_N4_M1_G1_CG1_interval7_step28,7,28,False,,0.0093,6.0,0.0093,4,1,0.869422,0.867941,3
19,4,1,1.0,1.0,run19_bs2000_N4_M1_G1_CG1_interval8_step32_cooldown_for_k5,8,32,True,5.0,0.0034,7.0,0.0056,1,,0.868374,,4
19,4,1,1.0,1.0,run19_bs2000_N4_M1_G1_CG1_interval8_step32_cooldown_for_k6,8,32,True,6.0,0.0034,8.0,0.0034,1,,0.867724,,3
19,4,1,1.0,1.0,run19_bs2000_N4_M1_G1_CG1_interval8_step32_cooldown_for_k7,8,32,True,7.0,0.0034,8.0,0.0034,1,,0.867697,,3
19,4,1,1.0,1.0,run19_bs2000_N4_M1_G1_CG1_interval8_step32_cooldown_for_k8,8,32,True,8.0,0.0034,9.0,0.002,1,,0.86749,,4
19,4,1,1.0,1.0,run19_bs2000_N4_M1_G1_CG1_interval8_step32_cooldown_for_k9,8,32,True,9.0,0.0034,11.0,0.00073,1,,0.867576,,6
19,4,1,1.0,1.0,run19_bs2000_N4_M1_G1_CG1_interval8_step32,8,32,False,,0.0093,8.0,0.0034,4,1,0.867838,0.86749,5
19,4,1,1.0,1.0,run19_bs2000_N4_M1_G1_CG1_interval9_step36_cooldown_for_k7,9,36,True,7.0,0.002,9.0,0.002,1,,0.867348,,3
19,4,1,1.0,1.0,run19_bs2000_N4_M1_G1_CG1_interval9_step36_cooldown_for_k8,9,36,True,8.0,0.002,10.0,0.0012,1,,0.867295,,4
19,4,1,1.0,1.0,run19_bs2000_N4_M1_G1_CG1_interval9_step36_cooldown_for_k9,9,36,True,9.0,0.002,10.0,0.0012,1,,0.867297,,4
19,4,1,1.0,1.0,run19_bs2000_N4_M1_G1_CG1_interval9_step36,9,36,False,,0.0034,8.0,0.0034,4,1,0.867578,0.867295,3
19,4,1,1.0,1.0,run19_bs2000_N4_M1_G1_CG1_interval10_step40_cooldown_for_k7,10,40,True,7.0,0.0012,9.0,0.002,1,,0.867174,,4
19,4,1,1.0,1.0,run19_bs2000_N4_M1_G1_CG1_interval10_step40_cooldown_for_k8,10,40,True,8.0,0.0012,9.0,0.002,1,,0.867174,,4
19,4,1,1.0,1.0,run19_bs2000_N4_M1_G1_CG1_interval10_step40_cooldown_for_k9,10,40,True,9.0,0.0012,10.0,0.0012,1,,0.867184,,3
19,4,1,1.0,1.0,run19_bs2000_N4_M1_G1_CG1_interval10_step40,10,40,False,,0.0034,8.0,0.0034,4,1,0.867454,0.867174,3
19,4,1,1.0,1.0,run19_bs2000_N4_M1_G1_CG1_interval11_step44_cooldown_for_k7,11,44,True,7.0,0.002,9.0,0.002,1,,0.867156,,3
19,4,1,1.0,1.0,run19_bs2000_N4_M1_G1_CG1_interval11_step44_cooldown_for_k8,11,44,True,8.0,0.002,10.0,0.0012,1,,0.867112,,4
19,4,1,1.0,1.0,run19_bs2000_N4_M1_G1_CG1_interval11_step44_cooldown_for_k9,11,44,True,9.0,0.002,11.0,0.00073,1,,0.867135,,5
19,4,1,1.0,1.0,run19_bs2000_N4_M1_G1_CG1_interval11_step44,11,44,False,,0.0034,8.0,0.0034,4,1,0.86737,0.867112,3
19,4,1,1.0,1.0,run19_bs2000_N4_M1_G1_CG1_interval12_step48,12,48,False,,0.0034,11.0,0.00073,2,0,0.867098,0.867098,6
20,4,2,1.0,1.0,run20_bs2000_N4_M2_G1_CG1_interval0_step0_cooldown_for_k-1,0,0,True,-1.0,0.2,2.0,0.072,2,,1.459011,,5
20,4,2,1.0,1.0,run20_bs2000_N4_M2_G1_CG1_interval0_step0_cooldown_for_k0,0,0,True,0.0,0.2,2.0,0.072,2,,1.314619,,5
20,4,2,1.0,1.0,run20_bs2000_N4_M2_G1_CG1_interval0_step0_cooldown_for_k1,0,0,True,1.0,0.2,3.0,0.043,2,,1.273481,,6
20,4,2,1.0,1.0,run20_bs2000_N4_M2_G1_CG1_interval0_step0_cooldown_for_k2,0,0,True,2.0,0.2,4.0,0.026,2,,1.339937,,7
20,4,2,1.0,1.0,run20_bs2000_N4_M2_G1_CG1_interval0_step0,0,0,False,,0.2,1.0,0.12,4,2,1.76666,1.273481,4
20,4,2,1.0,1.0,run20_bs2000_N4_M2_G1_CG1_interval1_step4_cooldown_for_k0,1,4,True,0.0,0.043,3.0,0.043,2,,1.039325,,3
20,4,2,1.0,1.0,run20_bs2000_N4_M2_G1_CG1_interval1_step4_cooldown_for_k1,1,4,True,1.0,0.043,3.0,0.043,2,,0.958201,,3
20,4,2,1.0,1.0,run20_bs2000_N4_M2_G1_CG1_interval1_step4_cooldown_for_k2,1,4,True,2.0,0.043,4.0,0.026,2,,0.941148,,4
20,4,2,1.0,1.0,run20_bs2000_N4_M2_G1_CG1_interval1_step4_cooldown_for_k3,1,4,True,3.0,0.043,4.0,0.026,2,,0.940873,,4
20,4,2,1.0,1.0,run20_bs2000_N4_M2_G1_CG1_interval1_step4_cooldown_for_k4,1,4,True,4.0,0.043,5.0,0.016,2,,0.965454,,5
20,4,2,1.0,1.0,run20_bs2000_N4_M2_G1_CG1_interval1_step4,1,4,False,,0.12,3.0,0.043,4,2,1.06814,0.940873,5
20,4,2,1.0,1.0,run20_bs2000_N4_M2_G1_CG1_interval2_step8_cooldown_for_k2,2,8,True,2.0,0.026,5.0,0.016,2,,0.911444,,4
20,4,2,1.0,1.0,run20_bs2000_N4_M2_G1_CG1_interval2_step8_cooldown_for_k3,2,8,True,3.0,0.026,5.0,0.016,2,,0.898943,,4
20,4,2,1.0,1.0,run20_bs2000_N4_M2_G1_CG1_interval2_step8_cooldown_for_k4,2,8,True,4.0,0.026,6.0,0.0093,2,,0.892082,,5
20,4,2,1.0,1.0,run20_bs2000_N4_M2_G1_CG1_interval2_step8_cooldown_for_k5,2,8,True,5.0,0.026,6.0,0.0093,2,,0.887587,,5
20,4,2,1.0,1.0,run20_bs2000_N4_M2_G1_CG1_interval2_step8_cooldown_for_k6,2,8,True,6.0,0.026,6.0,0.0093,2,,0.893931,,5
20,4,2,1.0,1.0,run20_bs2000_N4_M2_G1_CG1_interval2_step8,2,8,False,,0.043,5.0,0.016,4,2,0.906225,0.887587,5
20,4,2,1.0,1.0,run20_bs2000_N4_M2_G1_CG1_interval3_step12_cooldown_for_k4,3,12,True,4.0,0.0093,7.0,0.0056,2,,0.879774,,4
20,4,2,1.0,1.0,run20_bs2000_N4_M2_G1_CG1_interval3_step12_cooldown_for_k5,3,12,True,5.0,0.0093,8.0,0.0034,2,,0.878016,,5
20,4,2,1.0,1.0,run20_bs2000_N4_M2_G1_CG1_interval3_step12_cooldown_for_k6,3,12,True,6.0,0.0093,7.0,0.0056,2,,0.876733,,4
20,4,2,1.0,1.0,run20_bs2000_N4_M2_G1_CG1_interval3_step12_cooldown_for_k7,3,12,True,7.0,0.0093,8.0,0.0034,2,,0.878188,,5
20,4,2,1.0,1.0,run20_bs2000_N4_M2_G1_CG1_interval3_step12,3,12,False,,0.016,6.0,0.0093,4,2,0.883276,0.876733,4
20,4,2,1.0,1.0,run20_bs2000_N4_M2_G1_CG1_interval4_step16_cooldown_for_k5,4,16,True,5.0,0.0056,8.0,0.0034,2,,0.87422,,4
20,4,2,1.0,1.0,run20_bs2000_N4_M2_G1_CG1_interval4_step16_cooldown_for_k6,4,16,True,6.0,0.0056,7.0,0.0056,2,,0.873271,,3
20,4,2,1.0,1.0,run20_bs2000_N4_M2_G1_CG1_interval4_step16_cooldown_for_k7,4,16,True,7.0,0.0056,8.0,0.0034,2,,0.872809,,4
20,4,2,1.0,1.0,run20_bs2000_N4_M2_G1_CG1_interval4_step16_cooldown_for_k8,4,16,True,8.0,0.0056,9.0,0.002,2,,0.873523,,5
20,4,2,1.0,1.0,run20_bs2000_N4_M2_G1_CG1_interval4_step16,4,16,False,,0.0093,7.0,0.0056,4,2,0.875199,0.872809,4
20,4,2,1.0,1.0,run20_bs2000_N4_M2_G1_CG1_interval5_step20_cooldown_for_k6,5,20,True,6.0,0.0034,9.0,0.002,2,,0.871278,,4
20,4,2,1.0,1.0,run20_bs2000_N4_M2_G1_CG1_interval5_step20_cooldown_for_k7,5,20,True,7.0,0.0034,8.0,0.0034,2,,0.870773,,3
20,4,2,1.0,1.0,run20_bs2000_N4_M2_G1_CG1_interval5_step20_cooldown_for_k8,5,20,True,8.0,0.0034,9.0,0.002,2,,0.870717,,4
20,4,2,1.0,1.0,run20_bs2000_N4_M2_G1_CG1_interval5_step20_cooldown_for_k9,5,20,True,9.0,0.0034,9.0,0.002,2,,0.871137,,4
20,4,2,1.0,1.0,run20_bs2000_N4_M2_G1_CG1_interval5_step20,5,20,False,,0.0056,8.0,0.0034,4,2,0.871872,0.870717,4
20,4,2,1.0,1.0,run20_bs2000_N4_M2_G1_CG1_interval6_step24_cooldown_for_k7,6,24,True,7.0,0.002,9.0,0.002,2,,0.869784,,3
20,4,2,1.0,1.0,run20_bs2000_N4_M2_G1_CG1_interval6_step24_cooldown_for_k8,6,24,True,8.0,0.002,9.0,0.002,2,,0.869509,,3
20,4,2,1.0,1.0,run20_bs2000_N4_M2_G1_CG1_interval6_step24_cooldown_for_k9,6,24,True,9.0,0.002,10.0,0.0012,2,,0.869722,,4
20,4,2,1.0,1.0,run20_bs2000_N4_M2_G1_CG1_interval6_step24,6,24,False,,0.0034,8.0,0.0034,4,2,0.870524,0.869509,3
20,4,2,1.0,1.0,run20_bs2000_N4_M2_G1_CG1_interval7_step28_cooldown_for_k7,7,28,True,7.0,0.002,9.0,0.002,2,,0.868982,,3
20,4,2,1.0,1.0,run20_bs2000_N4_M2_G1_CG1_interval7_step28_cooldown_for_k8,7,28,True,8.0,0.002,9.0,0.002,2,,0.86881,,3
20,4,2,1.0,1.0,run20_bs2000_N4_M2_G1_CG1_interval7_step28_cooldown_for_k9,7,28,True,9.0,0.002,10.0,0.0012,2,,0.86883,,4
20,4,2,1.0,1.0,run20_bs2000_N4_M2_G1_CG1_interval7_step28,7,28,False,,0.0034,8.0,0.0034,4,2,0.86966,0.86881,3
20,4,2,1.0,1.0,run20_bs2000_N4_M2_G1_CG1_interval8_step32_cooldown_for_k7,8,32,True,7.0,0.002,9.0,0.002,2,,0.868517,,3
20,4,2,1.0,1.0,run20_bs2000_N4_M2_G1_CG1_interval8_step32_cooldown_for_k8,8,32,True,8.0,0.002,9.0,0.002,2,,0.868333,,3
20,4,2,1.0,1.0,run20_bs2000_N4_M2_G1_CG1_interval8_step32_cooldown_for_k9,8,32,True,9.0,0.002,10.0,0.0012,2,,0.868306,,4
20,4,2,1.0,1.0,run20_bs2000_N4_M2_G1_CG1_interval8_step32_cooldown_for_k10,8,32,True,10.0,0.002,9.0,0.002,2,,0.868369,,3
20,4,2,1.0,1.0,run20_bs2000_N4_M2_G1_CG1_interval8_step32,8,32,False,,0.0034,9.0,0.002,4,2,0.868635,0.868306,4
20,4,2,1.0,1.0,run20_bs2000_N4_M2_G1_CG1_interval9_step36_cooldown_for_k8,9,36,True,8.0,0.0012,10.0,0.0012,2,,0.868068,,3
20,4,2,1.0,1.0,run20_bs2000_N4_M2_G1_CG1_interval9_step36_cooldown_for_k9,9,36,True,9.0,0.0012,10.0,0.0012,2,,0.867931,,3
20,4,2,1.0,1.0,run20_bs2000_N4_M2_G1_CG1_interval9_step36_cooldown_for_k10,9,36,True,10.0,0.0012,11.0,0.00073,2,,0.867986,,4
20,4,2,1.0,1.0,run20_bs2000_N4_M2_G1_CG1_interval9_step36,9,36,False,,0.002,9.0,0.002,4,2,0.868309,0.867931,3
20,4,2,1.0,1.0,run20_bs2000_N4_M2_G1_CG1_interval10_step40_cooldown_for_k8,10,40,True,8.0,0.0012,10.0,0.0012,2,,0.867796,,3
20,4,2,1.0,1.0,run20_bs2000_N4_M2_G1_CG1_interval10_step40_cooldown_for_k9,10,40,True,9.0,0.0012,10.0,0.0012,2,,0.86772,,3
20,4,2,1.0,1.0,run20_bs2000_N4_M2_G1_CG1_interval10_step40_cooldown_for_k10,10,40,True,10.0,0.0012,11.0,0.00073,2,,0.867721,,4
20,4,2,1.0,1.0,run20_bs2000_N4_M2_G1_CG1_interval10_step40,10,40,False,,0.002,9.0,0.002,4,2,0.868026,0.86772,3
20,4,2,1.0,1.0,run20_bs2000_N4_M2_G1_CG1_interval11_step44_cooldown_for_k8,11,44,True,8.0,0.0012,10.0,0.0012,2,,0.867652,,3
20,4,2,1.0,1.0,run20_bs2000_N4_M2_G1_CG1_interval11_step44_cooldown_for_k9,11,44,True,9.0,0.0012,10.0,0.0012,2,,0.867553,,3
20,4,2,1.0,1.0,run20_bs2000_N4_M2_G1_CG1_interval11_step44_cooldown_for_k10,11,44,True,10.0,0.0012,11.0,0.00073,2,,0.867545,,4
20,4,2,1.0,1.0,run20_bs2000_N4_M2_G1_CG1_interval11_step44_cooldown_for_k11,11,44,True,11.0,0.0012,10.0,0.0012,2,,0.867569,,3
20,4,2,1.0,1.0,run20_bs2000_N4_M2_G1_CG1_interval11_step44,11,44,False,,0.002,10.0,0.0012,4,2,0.867652,0.867545,4
20,4,2,1.0,1.0,run20_bs2000_N4_M2_G1_CG1_interval12_step48,12,48,False,,0.0012,11.0,0.00073,2,0,0.867545,0.867545,4
21,4,3,1.0,1.0,run21_bs2000_N4_M3_G1_CG1_interval0_step0_cooldown_for_k-1,0,0,True,-1.0,0.2,2.0,0.072,3,,1.323951,,5
21,4,3,1.0,1.0,run21_bs2000_N4_M3_G1_CG1_interval0_step0_cooldown_for_k0,0,0,True,0.0,0.2,3.0,0.043,3,,1.183604,,6
21,4,3,1.0,1.0,run21_bs2000_N4_M3_G1_CG1_interval0_step0_cooldown_for_k1,0,0,True,1.0,0.2,3.0,0.043,3,,1.140989,,6
21,4,3,1.0,1.0,run21_bs2000_N4_M3_G1_CG1_interval0_step0_cooldown_for_k2,0,0,True,2.0,0.2,3.0,0.043,3,,1.198472,,6
21,4,3,1.0,1.0,run21_bs2000_N4_M3_G1_CG1_interval0_step0,0,0,False,,0.2,1.0,0.12,4,3,1.76666,1.140989,4
21,4,3,1.0,1.0,run21_bs2000_N4_M3_G1_CG1_interval1_step4_cooldown_for_k0,1,4,True,0.0,0.043,3.0,0.043,3,,0.954082,,3
21,4,3,1.0,1.0,run21_bs2000_N4_M3_G1_CG1_interval1_step4_cooldown_for_k1,1,4,True,1.0,0.043,4.0,0.026,3,,0.917518,,4
21,4,3,1.0,1.0,run21_bs2000_N4_M3_G1_CG1_interval1_step4_cooldown_for_k2,1,4,True,2.0,0.043,4.0,0.026,3,,0.909975,,4
21,4,3,1.0,1.0,run21_bs2000_N4_M3_G1_CG1_interval1_step4_cooldown_for_k3,1,4,True,3.0,0.043,5.0,0.016,3,,0.910252,,5
21,4,3,1.0,1.0,run21_bs2000_N4_M3_G1_CG1_interval1_step4,1,4,False,,0.12,2.0,0.072,4,3,1.114121,0.909975,4
21,4,3,1.0,1.0,run21_bs2000_N4_M3_G1_CG1_interval2_step8_cooldown_for_k1,2,8,True,1.0,0.026,4.0,0.026,3,,0.893385,,3
21,4,3,1.0,1.0,run21_bs2000_N4_M3_G1_CG1_interval2_step8_cooldown_for_k2,2,8,True,2.0,0.026,5.0,0.016,3,,0.88203,,4
21,4,3,1.0,1.0,run21_bs2000_N4_M3_G1_CG1_interval2_step8_cooldown_for_k3,2,8,True,3.0,0.026,5.0,0.016,3,,0.879618,,4
21,4,3,1.0,1.0,run21_bs2000_N4_M3_G1_CG1_interval2_step8_cooldown_for_k4,2,8,True,4.0,0.026,6.0,0.0093,3,,0.879462,,5
21,4,3,1.0,1.0,run21_bs2000_N4_M3_G1_CG1_interval2_step8_cooldown_for_k5,2,8,True,5.0,0.026,6.0,0.0093,3,,0.883445,,5
21,4,3,1.0,1.0,run21_bs2000_N4_M3_G1_CG1_interval2_step8,2,8,False,,0.072,4.0,0.026,4,3,0.906477,0.879462,5
21,4,3,1.0,1.0,run21_bs2000_N4_M3_G1_CG1_interval3_step12_cooldown_for_k3,3,12,True,3.0,0.0093,6.0,0.0093,3,,0.875209,,3
21,4,3,1.0,1.0,run21_bs2000_N4_M3_G1_CG1_interval3_step12_cooldown_for_k4,3,12,True,4.0,0.0093,6.0,0.0093,3,,0.872924,,3
21,4,3,1.0,1.0,run21_bs2000_N4_M3_G1_CG1_interval3_step12_cooldown_for_k5,3,12,True,5.0,0.0093,7.0,0.0056,3,,0.872726,,4
21,4,3,1.0,1.0,run21_bs2000_N4_M3_G1_CG1_interval3_step12_cooldown_for_k6,3,12,True,6.0,0.0093,8.0,0.0034,3,,0.873315,,5
21,4,3,1.0,1.0,run21_bs2000_N4_M3_G1_CG1_interval3_step12,3,12,False,,0.026,5.0,0.016,4,3,0.880736,0.872726,4
21,4,3,1.0,1.0,run21_bs2000_N4_M3_G1_CG1_interval4_step16_cooldown_for_k4,4,16,True,4.0,0.0056,8.0,0.0034,3,,0.871307,,4
21,4,3,1.0,1.0,run21_bs2000_N4_M3_G1_CG1_interval4_step16_cooldown_for_k5,4,16,True,5.0,0.0056,7.0,0.0056,3,,0.870073,,3
21,4,3,1.0,1.0,run21_bs2000_N4_M3_G1_CG1_interval4_step16_cooldown_for_k6,4,16,True,6.0,0.0056,8.0,0.0034,3,,0.870076,,4
21,4,3,1.0,1.0,run21_bs2000_N4_M3_G1_CG1_interval4_step16,4,16,False,,0.016,5.0,0.016,4,3,0.876993,0.870073,3
21,4,3,1.0,1.0,run21_bs2000_N4_M3_G1_CG1_interval5_step20_cooldown_for_k4,5,20,True,4.0,0.0056,8.0,0.0034,3,,0.869993,,4
21,4,3,1.0,1.0,run21_bs2000_N4_M3_G1_CG1_interval5_step20_cooldown_for_k5,5,20,True,5.0,0.0056,7.0,0.0056,3,,0.868839,,3
21,4,3,1.0,1.0,run21_bs2000_N4_M3_G1_CG1_interval5_step20_cooldown_for_k6,5,20,True,6.0,0.0056,8.0,0.0034,3,,0.868595,,4
21,4,3,1.0,1.0,run21_bs2000_N4_M3_G1_CG1_interval5_step20_cooldown_for_k7,5,20,True,7.0,0.0056,8.0,0.0034,3,,0.868709,,4
21,4,3,1.0,1.0,run21_bs2000_N4_M3_G1_CG1_interval5_step20,5,20,False,,0.016,6.0,0.0093,4,3,0.871589,0.868595,4
21,4,3,1.0,1.0,run21_bs2000_N4_M3_G1_CG1_interval6_step24_cooldown_for_k5,6,24,True,5.0,0.0034,9.0,0.002,3,,0.868296,,4
21,4,3,1.0,1.0,run21_bs2000_N4_M3_G1_CG1_interval6_step24_cooldown_for_k6,6,24,True,6.0,0.0034,8.0,0.0034,3,,0.867936,,3
21,4,3,1.0,1.0,run21_bs2000_N4_M3_G1_CG1_interval6_step24_cooldown_for_k7,6,24,True,7.0,0.0034,9.0,0.002,3,,0.867865,,4
21,4,3,1.0,1.0,run21_bs2000_N4_M3_G1_CG1_interval6_step24_cooldown_for_k8,6,24,True,8.0,0.0034,9.0,0.002,3,,0.867966,,4
21,4,3,1.0,1.0,run21_bs2000_N4_M3_G1_CG1_interval6_step24,6,24,False,,0.0093,7.0,0.0056,4,3,0.86895,0.867865,4
21,4,3,1.0,1.0,run21_bs2000_N4_M3_G1_CG1_interval7_step28_cooldown_for_k6,7,28,True,6.0,0.002,9.0,0.002,3,,0.867652,,3
21,4,3,1.0,1.0,run21_bs2000_N4_M3_G1_CG1_interval7_step28_cooldown_for_k7,7,28,True,7.0,0.002,9.0,0.002,3,,0.867535,,3
21,4,3,1.0,1.0,run21_bs2000_N4_M3_G1_CG1_interval7_step28_cooldown_for_k8,7,28,True,8.0,0.002,10.0,0.0012,3,,0.867531,,4
21,4,3,1.0,1.0,run21_bs2000_N4_M3_G1_CG1_interval7_step28_cooldown_for_k9,7,28,True,9.0,0.002,10.0,0.0012,3,,0.867564,,4
21,4,3,1.0,1.0,run21_bs2000_N4_M3_G1_CG1_interval7_step28,7,28,False,,0.0056,8.0,0.0034,4,3,0.867997,0.867531,4
21,4,3,1.0,1.0,run21_bs2000_N4_M3_G1_CG1_interval8_step32_cooldown_for_k7,8,32,True,7.0,0.0012,9.0,0.002,3,,0.867365,,4
21,4,3,1.0,1.0,run21_bs2000_N4_M3_G1_CG1_interval8_step32_cooldown_for_k8,8,32,True,8.0,0.0012,10.0,0.0012,3,,0.867332,,3
21,4,3,1.0,1.0,run21_bs2000_N4_M3_G1_CG1_interval8_step32_cooldown_for_k9,8,32,True,9.0,0.0012,11.0,0.00073,3,,0.867325,,4
21,4,3,1.0,1.0,run21_bs2000_N4_M3_G1_CG1_interval8_step32_cooldown_for_k10,8,32,True,10.0,0.0012,11.0,0.00073,3,,0.867368,,4
21,4,3,1.0,1.0,run21_bs2000_N4_M3_G1_CG1_interval8_step32,8,32,False,,0.0034,9.0,0.002,4,3,0.867497,0.867325,4
21,4,3,1.0,1.0,run21_bs2000_N4_M3_G1_CG1_interval9_step36_cooldown_for_k8,9,36,True,8.0,0.00073,10.0,0.0012,3,,0.867197,,4
21,4,3,1.0,1.0,run21_bs2000_N4_M3_G1_CG1_interval9_step36_cooldown_for_k9,9,36,True,9.0,0.00073,11.0,0.00073,3,,0.867199,,3
21,4,3,1.0,1.0,run21_bs2000_N4_M3_G1_CG1_interval9_step36_cooldown_for_k10,9,36,True,10.0,0.00073,11.0,0.00073,3,,0.867205,,3
21,4,3,1.0,1.0,run21_bs2000_N4_M3_G1_CG1_interval9_step36_cooldown_for_k7,9,36,True,7.0,0.00073,11.0,0.00073,3,,0.867223,,3
21,4,3,1.0,1.0,run21_bs2000_N4_M3_G1_CG1_interval9_step36,9,36,False,,0.002,8.0,0.0034,4,3,0.86755,0.867197,4
21,4,3,1.0,1.0,run21_bs2000_N4_M3_G1_CG1_interval10_step40_cooldown_for_k7,10,40,True,7.0,0.0012,10.0,0.0012,3,,0.867138,,3
21,4,3,1.0,1.0,run21_bs2000_N4_M3_G1_CG1_interval10_step40_cooldown_for_k8,10,40,True,8.0,0.0012,10.0,0.0012,3,,0.867118,,3
21,4,3,1.0,1.0,run21_bs2000_N4_M3_G1_CG1_interval10_step40_cooldown_for_k9,10,40,True,9.0,0.0012,11.0,0.00073,3,,0.867118,,4
21,4,3,1.0,1.0,run21_bs2000_N4_M3_G1_CG1_interval10_step40,10,40,False,,0.0034,8.0,0.0034,4,3,0.867523,0.867118,3
21,4,3,1.0,1.0,run21_bs2000_N4_M3_G1_CG1_interval11_step44,11,44,False,,0.0034,11.0,0.00073,4,0,0.867106,0.867106,6
21,4,3,1.0,1.0,run21_bs2000_N4_M3_G1_CG1_interval12_step48,12,48,False,,0.00073,11.0,0.00073,2,0,0.867078,0.867078,3
22,4,4,1.0,1.0,run22_bs2000_N4_M4_G1_CG1_interval0_step0_cooldown_for_k-1,0,0,True,-1.0,0.2,2.0,0.072,4,,1.257279,,5
22,4,4,1.0,1.0,run22_bs2000_N4_M4_G1_CG1_interval0_step0_cooldown_for_k0,0,0,True,0.0,0.2,3.0,0.043,4,,1.080495,,6
22,4,4,1.0,1.0,run22_bs2000_N4_M4_G1_CG1_interval0_step0_cooldown_for_k1,0,0,True,1.0,0.2,4.0,0.026,4,,1.066841,,7
22,4,4,1.0,1.0,run22_bs2000_N4_M4_G1_CG1_interval0_step0_cooldown_for_k2,0,0,True,2.0,0.2,2.0,0.072,4,,1.134573,,5
22,4,4,1.0,1.0,run22_bs2000_N4_M4_G1_CG1_interval0_step0,0,0,False,,0.2,1.0,0.12,4,4,1.76666,1.066841,4
22,4,4,1.0,1.0,run22_bs2000_N4_M4_G1_CG1_interval1_step4_cooldown_for_k0,1,4,True,0.0,0.026,4.0,0.026,4,,0.938054,,3
22,4,4,1.0,1.0,run22_bs2000_N4_M4_G1_CG1_interval1_step4_cooldown_for_k1,1,4,True,1.0,0.026,4.0,0.026,4,,0.900571,,3
22,4,4,1.0,1.0,run22_bs2000_N4_M4_G1_CG1_interval1_step4_cooldown_for_k2,1,4,True,2.0,0.026,5.0,0.016,4,,0.897203,,4
22,4,4,1.0,1.0,run22_bs2000_N4_M4_G1_CG1_interval1_step4_cooldown_for_k3,1,4,True,3.0,0.026,5.0,0.016,4,,0.907832,,4
22,4,4,1.0,1.0,run22_bs2000_N4_M4_G1_CG1_interval1_step4,1,4,False,,0.12,2.0,0.072,4,4,1.074136,0.897203,4
22,4,4,1.0,1.0,run22_bs2000_N4_M4_G1_CG1_interval2_step8_cooldown_for_k1,2,8,True,1.0,0.016,5.0,0.016,4,,0.88813,,3
22,4,4,1.0,1.0,run22_bs2000_N4_M4_G1_CG1_interval2_step8_cooldown_for_k2,2,8,True,2.0,0.016,5.0,0.016,4,,0.876891,,3
22,4,4,1.0,1.0,run22_bs2000_N4_M4_G1_CG1_interval2_step8_cooldown_for_k3,2,8,True,3.0,0.016,6.0,0.0093,4,,0.875969,,4
22,4,4,1.0,1.0,run22_bs2000_N4_M4_G1_CG1_interval2_step8_cooldown_for_k4,2,8,True,4.0,0.016,6.0,0.0093,4,,0.876794,,4
22,4,4,1.0,1.0,run22_bs2000_N4_M4_G1_CG1_interval2_step8,2,8,False,,0.072,3.0,0.043,4,4,0.91479,0.875969,4
22,4,4,1.0,1.0,run22_bs2000_N4_M4_G1_CG1_interval3_step12_cooldown_for_k2,3,12,True,2.0,0.0093,5.0,0.016,4,,0.875217,,4
22,4,4,1.0,1.0,run22_bs2000_N4_M4_G1_CG1_interval3_step12_cooldown_for_k3,3,12,True,3.0,0.0093,6.0,0.0093,4,,0.871546,,3
22,4,4,1.0,1.0,run22_bs2000_N4_M4_G1_CG1_interval3_step12_cooldown_for_k4,3,12,True,4.0,0.0093,7.0,0.0056,4,,0.870807,,4
22,4,4,1.0,1.0,run22_bs2000_N4_M4_G1_CG1_interval3_step12_cooldown_for_k5,3,12,True,5.0,0.0093,7.0,0.0056,4,,0.871168,,4
22,4,4,1.0,1.0,run22_bs2000_N4_M4_G1_CG1_interval3_step12,3,12,False,,0.043,4.0,0.026,4,4,0.883797,0.870807,4
22,4,4,1.0,1.0,run22_bs2000_N4_M4_G1_CG1_interval4_step16_cooldown_for_k3,4,16,True,3.0,0.0056,6.0,0.0093,4,,0.869791,,4
22,4,4,1.0,1.0,run22_bs2000_N4_M4_G1_CG1_interval4_step16_cooldown_for_k4,4,16,True,4.0,0.0056,7.0,0.0056,4,,0.868922,,3
22,4,4,1.0,1.0,run22_bs2000_N4_M4_G1_CG1_interval4_step16_cooldown_for_k5,4,16,True,5.0,0.0056,8.0,0.0034,4,,0.868909,,4
22,4,4,1.0,1.0,run22_bs2000_N4_M4_G1_CG1_interval4_step16_cooldown_for_k6,4,16,True,6.0,0.0056,8.0,0.0034,4,,0.86901,,4
22,4,4,1.0,1.0,run22_bs2000_N4_M4_G1_CG1_interval4_step16,4,16,False,,0.026,5.0,0.016,4,4,0.874762,0.868909,4
22,4,4,1.0,1.0,run22_bs2000_N4_M4_G1_CG1_interval5_step20_cooldown_for_k4,5,20,True,4.0,0.0034,7.0,0.0056,4,,0.868266,,4
22,4,4,1.0,1.0,run22_bs2000_N4_M4_G1_CG1_interval5_step20_cooldown_for_k5,5,20,True,5.0,0.0034,8.0,0.0034,4,,0.867954,,3
22,4,4,1.0,1.0,run22_bs2000_N4_M4_G1_CG1_interval5_step20_cooldown_for_k6,5,20,True,6.0,0.0034,9.0,0.002,4,,0.86799,,4
22,4,4,1.0,1.0,run22_bs2000_N4_M4_G1_CG1_interval5_step20,5,20,False,,0.016,5.0,0.016,4,4,0.871942,0.867954,3
22,4,4,1.0,1.0,run22_bs2000_N4_M4_G1_CG1_interval6_step24_cooldown_for_k4,6,24,True,4.0,0.0034,7.0,0.0056,4,,0.86785,,4
22,4,4,1.0,1.0,run22_bs2000_N4_M4_G1_CG1_interval6_step24_cooldown_for_k5,6,24,True,5.0,0.0034,8.0,0.0034,4,,0.86756,,3
22,4,4,1.0,1.0,run22_bs2000_N4_M4_G1_CG1_interval6_step24_cooldown_for_k6,6,24,True,6.0,0.0034,9.0,0.002,4,,0.867542,,4
22,4,4,1.0,1.0,run22_bs2000_N4_M4_G1_CG1_interval6_step24_cooldown_for_k7,6,24,True,7.0,0.0034,9.0,0.002,4,,0.867539,,4
22,4,4,1.0,1.0,run22_bs2000_N4_M4_G1_CG1_interval6_step24_cooldown_for_k8,6,24,True,8.0,0.0034,10.0,0.0012,4,,0.867596,,5
22,4,4,1.0,1.0,run22_bs2000_N4_M4_G1_CG1_interval6_step24,6,24,False,,0.016,7.0,0.0056,4,4,0.868571,0.867539,5
22,4,4,1.0,1.0,run22_bs2000_N4_M4_G1_CG1_interval7_step28_cooldown_for_k6,7,28,True,6.0,0.002,9.0,0.002,4,,0.867284,,3
22,4,4,1.0,1.0,run22_bs2000_N4_M4_G1_CG1_interval7_step28_cooldown_for_k7,7,28,True,7.0,0.002,10.0,0.0012,4,,0.867293,,4
22,4,4,1.0,1.0,run22_bs2000_N4_M4_G1_CG1_interval7_step28_cooldown_for_k8,7,28,True,8.0,0.002,10.0,0.0012,4,,0.867256,,4
22,4,4,1.0,1.0,run22_bs2000_N4_M4_G1_CG1_interval7_step28_cooldown_for_k9,7,28,True,9.0,0.002,10.0,0.0012,4,,0.867298,,4
22,4,4,1.0,1.0,run22_bs2000_N4_M4_G1_CG1_interval7_step28,7,28,False,,0.0056,8.0,0.0034,4,4,0.867626,0.867256,4
22,4,4,1.0,1.0,run22_bs2000_N4_M4_G1_CG1_interval8_step32_cooldown_for_k7,8,32,True,7.0,0.0012,10.0,0.0012,4,,0.867136,,3
22,4,4,1.0,1.0,run22_bs2000_N4_M4_G1_CG1_interval8_step32_cooldown_for_k8,8,32,True,8.0,0.0012,11.0,0.00073,4,,0.867145,,4
22,4,4,1.0,1.0,run22_bs2000_N4_M4_G1_CG1_interval8_step32_cooldown_for_k9,8,32,True,9.0,0.0012,10.0,0.0012,4,,0.867131,,3
22,4,4,1.0,1.0,run22_bs2000_N4_M4_G1_CG1_interval8_step32_cooldown_for_k10,8,32,True,10.0,0.0012,11.0,0.00073,4,,0.86715,,4
22,4,4,1.0,1.0,run22_bs2000_N4_M4_G1_CG1_interval8_step32,8,32,False,,0.0034,9.0,0.002,4,4,0.867286,0.867131,4
22,4,4,1.0,1.0,run22_bs2000_N4_M4_G1_CG1_interval9_step36_cooldown_for_k8,9,36,True,8.0,0.0012,11.0,0.00073,4,,0.867065,,4
22,4,4,1.0,1.0,run22_bs2000_N4_M4_G1_CG1_interval9_step36_cooldown_for_k9,9,36,True,9.0,0.0012,11.0,0.00073,4,,0.867066,,4
22,4,4,1.0,1.0,run22_bs2000_N4_M4_G1_CG1_interval9_step36_cooldown_for_k10,9,36,True,10.0,0.0012,11.0,0.00073,4,,0.867064,,4
22,4,4,1.0,1.0,run22_bs2000_N4_M4_G1_CG1_interval9_step36_cooldown_for_k11,9,36,True,11.0,0.0012,11.0,0.00073,4,,0.867081,,4
22,4,4,1.0,1.0,run22_bs2000_N4_M4_G1_CG1_interval9_step36,9,36,False,,0.002,10.0,0.0012,4,4,0.867135,0.867064,4
22,4,4,1.0,1.0,run22_bs2000_N4_M4_G1_CG1_interval10_step40_cooldown_for_k9,10,40,True,9.0,0.00073,11.0,0.00073,4,,0.867023,,3
22,4,4,1.0,1.0,run22_bs2000_N4_M4_G1_CG1_interval10_step40_cooldown_for_k10,10,40,True,10.0,0.00073,11.0,0.00073,4,,0.867021,,3
22,4,4,1.0,1.0,run22_bs2000_N4_M4_G1_CG1_interval10_step40_cooldown_for_k11,10,40,True,11.0,0.00073,12.0,0.00044,4,,0.867025,,4
22,4,4,1.0,1.0,run22_bs2000_N4_M4_G1_CG1_interval10_step40,10,40,False,,0.0012,10.0,0.0012,4,4,0.867086,0.867021,3
22,4,4,1.0,1.0,run22_bs2000_N4_M4_G1_CG1_interval11_step44,11,44,False,,0.0012,11.0,0.00073,4,0,0.867021,0.867021,4
22,4,4,1.0,1.0,run22_bs2000_N4_M4_G1_CG1_interval12_step48,12,48,False,,0.00073,12.0,0.00044,2,0,0.866999,0.866999,4
23,4,5,1.0,1.0,run23_bs2000_N4_M5_G1_CG1_interval0_step0_cooldown_for_k-1,0,0,True,-1.0,0.2,3.0,0.043,5,,1.165183,,6
23,4,5,1.0,1.0,run23_bs2000_N4_M5_G1_CG1_interval0_step0_cooldown_for_k0,0,0,True,0.0,0.2,3.0,0.043,5,,1.04297,,6
23,4,5,1.0,1.0,run23_bs2000_N4_M5_G1_CG1_interval0_step0_cooldown_for_k1,0,0,True,1.0,0.2,4.0,0.026,5,,1.001956,,7
23,4,5,1.0,1.0,run23_bs2000_N4_M5_G1_CG1_interval0_step0_cooldown_for_k2,0,0,True,2.0,0.2,4.0,0.026,5,,1.047891,,7
23,4,5,1.0,1.0,run23_bs2000_N4_M5_G1_CG1_interval0_step0,0,0,False,,0.2,1.0,0.12,4,5,1.76666,1.001956,4
23,4,5,1.0,1.0,run23_bs2000_N4_M5_G1_CG1_interval1_step4_cooldown_for_k0,1,4,True,0.0,0.026,4.0,0.026,5,,0.908272,,3
23,4,5,1.0,1.0,run23_bs2000_N4_M5_G1_CG1_interval1_step4_cooldown_for_k1,1,4,True,1.0,0.026,5.0,0.016,5,,0.894953,,4
23,4,5,1.0,1.0,run23_bs2000_N4_M5_G1_CG1_interval1_step4_cooldown_for_k2,1,4,True,2.0,0.026,5.0,0.016,5,,0.891876,,4
23,4,5,1.0,1.0,run23_bs2000_N4_M5_G1_CG1_interval1_step4_cooldown_for_k3,1,4,True,3.0,0.026,6.0,0.0093,5,,0.896903,,5
23,4,5,1.0,1.0,run23_bs2000_N4_M5_G1_CG1_interval1_step4,1,4,False,,0.12,2.0,0.072,4,5,1.095846,0.891876,4
23,4,5,1.0,1.0,run23_bs2000_N4_M5_G1_CG1_interval2_step8_cooldown_for_k1,2,8,True,1.0,0.016,5.0,0.016,5,,0.879848,,3
23,4,5,1.0,1.0,run23_bs2000_N4_M5_G1_CG1_interval2_step8_cooldown_for_k2,2,8,True,2.0,0.016,6.0,0.0093,5,,0.876911,,4
23,4,5,1.0,1.0,run23_bs2000_N4_M5_G1_CG1_interval2_step8_cooldown_for_k3,2,8,True,3.0,0.016,6.0,0.0093,5,,0.875443,,4
23,4,5,1.0,1.0,run23_bs2000_N4_M5_G1_CG1_interval2_step8_cooldown_for_k4,2,8,True,4.0,0.016,6.0,0.0093,5,,0.876099,,4
23,4,5,1.0,1.0,run23_bs2000_N4_M5_G1_CG1_interval2_step8,2,8,False,,0.072,3.0,0.043,4,5,0.913811,0.875443,4
23,4,5,1.0,1.0,run23_bs2000_N4_M5_G1_CG1_interval3_step12_cooldown_for_k2,3,12,True,2.0,0.0093,6.0,0.0093,5,,0.871645,,3
23,4,5,1.0,1.0,run23_bs2000_N4_M5_G1_CG1_interval3_step12_cooldown_for_k3,3,12,True,3.0,0.0093,6.0,0.0093,5,,0.871448,,3
23,4,5,1.0,1.0,run23_bs2000_N4_M5_G1_CG1_interval3_step12_cooldown_for_k4,3,12,True,4.0,0.0093,7.0,0.0056,5,,0.870438,,4
23,4,5,1.0,1.0,run23_bs2000_N4_M5_G1_CG1_interval3_step12_cooldown_for_k5,3,12,True,5.0,0.0093,7.0,0.0056,5,,0.870823,,4
23,4,5,1.0,1.0,run23_bs2000_N4_M5_G1_CG1_interval3_step12,3,12,False,,0.043,4.0,0.026,4,5,0.883851,0.870438,4
23,4,5,1.0,1.0,run23_bs2000_N4_M5_G1_CG1_interval4_step16_cooldown_for_k3,4,16,True,3.0,0.0056,7.0,0.0056,5,,0.869225,,3
23,4,5,1.0,1.0,run23_bs2000_N4_M5_G1_CG1_interval4_step16_cooldown_for_k4,4,16,True,4.0,0.0056,7.0,0.0056,5,,0.869123,,3
23,4,5,1.0,1.0,run23_bs2000_N4_M5_G1_CG1_interval4_step16_cooldown_for_k5,4,16,True,5.0,0.0056,8.0,0.0034,5,,0.868675,,4
23,4,5,1.0,1.0,run23_bs2000_N4_M5_G1_CG1_interval4_step16_cooldown_for_k6,4,16,True,6.0,0.0056,8.0,0.0034,5,,0.868738,,4
23,4,5,1.0,1.0,run23_bs2000_N4_M5_G1_CG1_interval4_step16,4,16,False,,0.026,5.0,0.016,4,5,0.874991,0.868675,4
23,4,5,1.0,1.0,run23_bs2000_N4_M5_G1_CG1_interval5_step20_cooldown_for_k4,5,20,True,4.0,0.0034,8.0,0.0034,5,,0.868017,,3
23,4,5,1.0,1.0,run23_bs2000_N4_M5_G1_CG1_interval5_step20_cooldown_for_k5,5,20,True,5.0,0.0034,8.0,0.0034,5,,0.867934,,3
23,4,5,1.0,1.0,run23_bs2000_N4_M5_G1_CG1_interval5_step20_cooldown_for_k6,5,20,True,6.0,0.0034,9.0,0.002,5,,0.867863,,4
23,4,5,1.0,1.0,run23_bs2000_N4_M5_G1_CG1_interval5_step20_cooldown_for_k7,5,20,True,7.0,0.0034,9.0,0.002,5,,0.867946,,4
23,4,5,1.0,1.0,run23_bs2000_N4_M5_G1_CG1_interval5_step20,5,20,False,,0.016,6.0,0.0093,4,5,0.870274,0.867863,4
23,4,5,1.0,1.0,run23_bs2000_N4_M5_G1_CG1_interval6_step24_cooldown_for_k5,6,24,True,5.0,0.002,9.0,0.002,5,,0.867533,,3
23,4,5,1.0,1.0,run23_bs2000_N4_M5_G1_CG1_interval6_step24_cooldown_for_k6,6,24,True,6.0,0.002,9.0,0.002,5,,0.867464,,3
23,4,5,1.0,1.0,run23_bs2000_N4_M5_G1_CG1_interval6_step24_cooldown_for_k7,6,24,True,7.0,0.002,10.0,0.0012,5,,0.867434,,4
23,4,5,1.0,1.0,run23_bs2000_N4_M5_G1_CG1_interval6_step24_cooldown_for_k8,6,24,True,8.0,0.002,9.0,0.002,5,,0.867509,,3
23,4,5,1.0,1.0,run23_bs2000_N4_M5_G1_CG1_interval6_step24,6,24,False,,0.0093,7.0,0.0056,4,5,0.868312,0.867434,4
23,4,5,1.0,1.0,run23_bs2000_N4_M5_G1_CG1_interval7_step28_cooldown_for_k6,7,28,True,6.0,0.0012,10.0,0.0012,5,,0.867268,,3
23,4,5,1.0,1.0,run23_bs2000_N4_M5_G1_CG1_interval7_step28_cooldown_for_k7,7,28,True,7.0,0.0012,10.0,0.0012,5,,0.867247,,3
23,4,5,1.0,1.0,run23_bs2000_N4_M5_G1_CG1_interval7_step28_cooldown_for_k8,7,28,True,8.0,0.0012,10.0,0.0012,5,,0.867255,,3
23,4,5,1.0,1.0,run23_bs2000_N4_M5_G1_CG1_interval7_step28,7,28,False,,0.0056,7.0,0.0056,4,5,0.86813,0.867247,3
23,4,5,1.0,1.0,run23_bs2000_N4_M5_G1_CG1_interval8_step32_cooldown_for_k6,8,32,True,6.0,0.0012,10.0,0.0012,5,,0.86715,,3
23,4,5,1.0,1.0,run23_bs2000_N4_M5_G1_CG1_interval8_step32_cooldown_for_k7,8,32,True,7.0,0.0012,10.0,0.0012,5,,0.867144,,3
23,4,5,1.0,1.0,run23_bs2000_N4_M5_G1_CG1_interval8_step32_cooldown_for_k8,8,32,True,8.0,0.0012,11.0,0.00073,5,,0.867129,,4
23,4,5,1.0,1.0,run23_bs2000_N4_M5_G1_CG1_interval8_step32_cooldown_for_k9,8,32,True,9.0,0.0012,10.0,0.0012,5,,0.867145,,3
23,4,5,1.0,1.0,run23_bs2000_N4_M5_G1_CG1_interval8_step32,8,32,False,,0.0056,8.0,0.0034,4,5,0.867465,0.867129,4
23,4,5,1.0,1.0,run23_bs2000_N4_M5_G1_CG1_interval9_step36_cooldown_for_k7,9,36,True,7.0,0.00073,11.0,0.00073,5,,0.867069,,3
23,4,5,1.0,1.0,run23_bs2000_N4_M5_G1_CG1_interval9_step36_cooldown_for_k8,9,36,True,8.0,0.00073,11.0,0.00073,5,,0.867065,,3
23,4,5,1.0,1.0,run23_bs2000_N4_M5_G1_CG1_interval9_step36_cooldown_for_k9,9,36,True,9.0,0.00073,11.0,0.00073,5,,0.867054,,3
23,4,5,1.0,1.0,run23_bs2000_N4_M5_G1_CG1_interval9_step36_cooldown_for_k10,9,36,True,10.0,0.00073,11.0,0.00073,5,,0.867066,,3
23,4,5,1.0,1.0,run23_bs2000_N4_M5_G1_CG1_interval9_step36,9,36,False,,0.0034,9.0,0.002,4,5,0.867187,0.867054,4
23,4,5,1.0,1.0,run23_bs2000_N4_M5_G1_CG1_interval10_step40_cooldown_for_k8,10,40,True,8.0,0.00073,11.0,0.00073,5,,0.867016,,3
23,4,5,1.0,1.0,run23_bs2000_N4_M5_G1_CG1_interval10_step40_cooldown_for_k9,10,40,True,9.0,0.00073,11.0,0.00073,5,,0.867013,,3
23,4,5,1.0,1.0,run23_bs2000_N4_M5_G1_CG1_interval10_step40_cooldown_for_k10,10,40,True,10.0,0.00073,11.0,0.00073,5,,0.867012,,3
23,4,5,1.0,1.0,run23_bs2000_N4_M5_G1_CG1_interval10_step40_cooldown_for_k11,10,40,True,11.0,0.00073,12.0,0.00044,5,,0.867017,,4
23,4,5,1.0,1.0,run23_bs2000_N4_M5_G1_CG1_interval10_step40,10,40,False,,0.002,10.0,0.0012,4,5,0.867072,0.867012,4
23,4,5,1.0,1.0,run23_bs2000_N4_M5_G1_CG1_interval11_step44,11,44,False,,0.0012,12.0,0.00044,4,0,0.867018,0.867018,5
23,4,5,1.0,1.0,run23_bs2000_N4_M5_G1_CG1_interval12_step48,12,48,False,,0.00044,12.0,0.00044,2,0,0.867006,0.867006,3
24,5,0,1.0,1.0,run24_bs2000_N5_M0_G1_CG1_interval0_step0,0,0,False,,0.2,2.0,0.072,5,0,1.614156,1.614156,5
24,5,0,1.0,1.0,run24_bs2000_N5_M0_G1_CG1_interval1_step5,1,5,False,,0.072,4.0,0.026,5,0,1.000158,1.000158,5
24,5,0,1.0,1.0,run24_bs2000_N5_M0_G1_CG1_interval2_step10,2,10,False,,0.026,6.0,0.0093,5,0,0.894757,0.894757,5
24,5,0,1.0,1.0,run24_bs2000_N5_M0_G1_CG1_interval3_step15,3,15,False,,0.0093,8.0,0.0034,5,0,0.878331,0.878331,5
24,5,0,1.0,1.0,run24_bs2000_N5_M0_G1_CG1_interval4_step20,4,20,False,,0.0034,9.0,0.002,5,0,0.874144,0.874144,4
24,5,0,1.0,1.0,run24_bs2000_N5_M0_G1_CG1_interval5_step25,5,25,False,,0.002,9.0,0.002,5,0,0.871954,0.871954,3
24,5,0,1.0,1.0,run24_bs2000_N5_M0_G1_CG1_interval6_step30,6,30,False,,0.002,10.0,0.0012,5,0,0.870526,0.870526,4
24,5,0,1.0,1.0,run24_bs2000_N5_M0_G1_CG1_interval7_step35,7,35,False,,0.0012,10.0,0.0012,5,0,0.869695,0.869695,3
24,5,0,1.0,1.0,run24_bs2000_N5_M0_G1_CG1_interval8_step40,8,40,False,,0.0012,11.0,0.00073,5,0,0.869064,0.869064,4
24,5,0,1.0,1.0,run24_bs2000_N5_M0_G1_CG1_interval9_step45,9,45,False,,0.00073,11.0,0.00073,5,0,0.868668,0.868668,3
25,5,1,1.0,1.0,run25_bs2000_N5_M1_G1_CG1_interval0_step0_cooldown_for_k-1,0,0,True,-1.0,0.2,1.0,0.12,1,,1.620978,,4
25,5,1,1.0,1.0,run25_bs2000_N5_M1_G1_CG1_interval0_step0_cooldown_for_k0,0,0,True,0.0,0.2,2.0,0.072,1,,1.470205,,5
25,5,1,1.0,1.0,run25_bs2000_N5_M1_G1_CG1_interval0_step0_cooldown_for_k1,0,0,True,1.0,0.2,3.0,0.043,1,,1.391881,,6
25,5,1,1.0,1.0,run25_bs2000_N5_M1_G1_CG1_interval0_step0_cooldown_for_k2,0,0,True,2.0,0.2,3.0,0.043,1,,1.539804,,6
25,5,1,1.0,1.0,run25_bs2000_N5_M1_G1_CG1_interval0_step0,0,0,False,,0.2,1.0,0.12,5,1,1.621182,1.391881,4
25,5,1,1.0,1.0,run25_bs2000_N5_M1_G1_CG1_interval1_step5_cooldown_for_k0,1,5,True,0.0,0.043,2.0,0.072,1,,1.085441,,4
25,5,1,1.0,1.0,run25_bs2000_N5_M1_G1_CG1_interval1_step5_cooldown_for_k1,1,5,True,1.0,0.043,3.0,0.043,1,,0.955035,,3
25,5,1,1.0,1.0,run25_bs2000_N5_M1_G1_CG1_interval1_step5_cooldown_for_k2,1,5,True,2.0,0.043,3.0,0.043,1,,0.96414,,3
25,5,1,1.0,1.0,run25_bs2000_N5_M1_G1_CG1_interval1_step5,1,5,False,,0.12,1.0,0.12,5,1,1.060312,0.955035,3
25,5,1,1.0,1.0,run25_bs2000_N5_M1_G1_CG1_interval2_step10_cooldown_for_k0,2,10,True,0.0,0.043,2.0,0.072,1,,0.936656,,4
25,5,1,1.0,1.0,run25_bs2000_N5_M1_G1_CG1_interval2_step10_cooldown_for_k1,2,10,True,1.0,0.043,3.0,0.043,1,,0.907979,,3
25,5,1,1.0,1.0,run25_bs2000_N5_M1_G1_CG1_interval2_step10_cooldown_for_k2,2,10,True,2.0,0.043,4.0,0.026,1,,0.890545,,4
25,5,1,1.0,1.0,run25_bs2000_N5_M1_G1_CG1_interval2_step10_cooldown_for_k3,2,10,True,3.0,0.043,4.0,0.026,1,,0.880035,,4
25,5,1,1.0,1.0,run25_bs2000_N5_M1_G1_CG1_interval2_step10_cooldown_for_k4,2,10,True,4.0,0.043,6.0,0.0093,1,,0.884782,,6
25,5,1,1.0,1.0,run25_bs2000_N5_M1_G1_CG1_interval2_step10,2,10,False,,0.12,3.0,0.043,5,1,0.900119,0.880035,5
25,5,1,1.0,1.0,run25_bs2000_N5_M1_G1_CG1_interval3_step15_cooldown_for_k2,3,15,True,2.0,0.026,4.0,0.026,1,,0.884434,,3
25,5,1,1.0,1.0,run25_bs2000_N5_M1_G1_CG1_interval3_step15_cooldown_for_k3,3,15,True,3.0,0.026,5.0,0.016,1,,0.87544,,4
25,5,1,1.0,1.0,run25_bs2000_N5_M1_G1_CG1_interval3_step15_cooldown_for_k4,3,15,True,4.0,0.026,6.0,0.0093,1,,0.873203,,5
25,5,1,1.0,1.0,run25_bs2000_N5_M1_G1_CG1_interval3_step15_cooldown_for_k5,3,15,True,5.0,0.026,7.0,0.0056,1,,0.871023,,6
25,5,1,1.0,1.0,run25_bs2000_N5_M1_G1_CG1_interval3_step15_cooldown_for_k6,3,15,True,6.0,0.026,8.0,0.0034,1,,0.871053,,7
25,5,1,1.0,1.0,run25_bs2000_N5_M1_G1_CG1_interval3_step15,3,15,False,,0.043,5.0,0.016,5,1,0.872555,0.871023,5
25,5,1,1.0,1.0,run25_bs2000_N5_M1_G1_CG1_interval4_step20_cooldown_for_k4,4,20,True,4.0,0.0056,6.0,0.0093,1,,0.869292,,4
25,5,1,1.0,1.0,run25_bs2000_N5_M1_G1_CG1_interval4_step20_cooldown_for_k5,4,20,True,5.0,0.0056,6.0,0.0093,1,,0.868484,,4
25,5,1,1.0,1.0,run25_bs2000_N5_M1_G1_CG1_interval4_step20_cooldown_for_k6,4,20,True,6.0,0.0056,7.0,0.0056,1,,0.868609,,3
25,5,1,1.0,1.0,run25_bs2000_N5_M1_G1_CG1_interval4_step20,4,20,False,,0.016,5.0,0.016,5,1,0.871872,0.868484,3
25,5,1,1.0,1.0,run25_bs2000_N5_M1_G1_CG1_interval5_step25_cooldown_for_k4,5,25,True,4.0,0.0093,5.0,0.016,1,,0.868867,,4
25,5,1,1.0,1.0,run25_bs2000_N5_M1_G1_CG1_interval5_step25_cooldown_for_k5,5,25,True,5.0,0.0093,6.0,0.0093,1,,0.868301,,3
25,5,1,1.0,1.0,run25_bs2000_N5_M1_G1_CG1_interval5_step25_cooldown_for_k6,5,25,True,6.0,0.0093,8.0,0.0034,1,,0.868152,,5
25,5,1,1.0,1.0,run25_bs2000_N5_M1_G1_CG1_interval5_step25_cooldown_for_k7,5,25,True,7.0,0.0093,9.0,0.002,1,,0.867835,,6
25,5,1,1.0,1.0,run25_bs2000_N5_M1_G1_CG1_interval5_step25_cooldown_for_k8,5,25,True,8.0,0.0093,10.0,0.0012,1,,0.867694,,7
25,5,1,1.0,1.0,run25_bs2000_N5_M1_G1_CG1_interval5_step25_cooldown_for_k9,5,25,True,9.0,0.0093,9.0,0.002,1,,0.867825,,6
25,5,1,1.0,1.0,run25_bs2000_N5_M1_G1_CG1_interval5_step25,5,25,False,,0.016,8.0,0.0034,5,1,0.86778,0.867694,6
25,5,1,1.0,1.0,run25_bs2000_N5_M1_G1_CG1_interval6_step30_cooldown_for_k7,6,30,True,7.0,0.0012,9.0,0.002,1,,0.867312,,4
25,5,1,1.0,1.0,run25_bs2000_N5_M1_G1_CG1_interval6_step30_cooldown_for_k8,6,30,True,8.0,0.0012,9.0,0.002,1,,0.867304,,4
25,5,1,1.0,1.0,run25_bs2000_N5_M1_G1_CG1_interval6_step30_cooldown_for_k9,6,30,True,9.0,0.0012,10.0,0.0012,1,,0.867329,,3
25,5,1,1.0,1.0,run25_bs2000_N5_M1_G1_CG1_interval6_step30,6,30,False,,0.0034,8.0,0.0034,5,1,0.867503,0.867304,3
25,5,1,1.0,1.0,run25_bs2000_N5_M1_G1_CG1_interval7_step35_cooldown_for_k7,7,35,True,7.0,0.002,8.0,0.0034,1,,0.867188,,4
25,5,1,1.0,1.0,run25_bs2000_N5_M1_G1_CG1_interval7_step35_cooldown_for_k8,7,35,True,8.0,0.002,9.0,0.002,1,,0.867204,,3
25,5,1,1.0,1.0,run25_bs2000_N5_M1_G1_CG1_interval7_step35_cooldown_for_k9,7,35,True,9.0,0.002,10.0,0.0012,1,,0.867178,,4
25,5,1,1.0,1.0,run25_bs2000_N5_M1_G1_CG1_interval7_step35_cooldown_for_k10,7,35,True,10.0,0.002,11.0,0.00073,1,,0.867191,,5
25,5,1,1.0,1.0,run25_bs2000_N5_M1_G1_CG1_interval7_step35,7,35,False,,0.0034,9.0,0.002,5,1,0.867205,0.867178,4
25,5,1,1.0,1.0,run25_bs2000_N5_M1_G1_CG1_interval8_step40_cooldown_for_k8,8,40,True,8.0,0.0012,9.0,0.002,1,,0.86706,,4
25,5,1,1.0,1.0,run25_bs2000_N5_M1_G1_CG1_interval8_step40_cooldown_for_k9,8,40,True,9.0,0.0012,10.0,0.0012,1,,0.867077,,3
25,5,1,1.0,1.0,run25_bs2000_N5_M1_G1_CG1_interval8_step40_cooldown_for_k10,8,40,True,10.0,0.0012,11.0,0.00073,1,,0.867072,,4
25,5,1,1.0,1.0,run25_bs2000_N5_M1_G1_CG1_interval8_step40_cooldown_for_k7,8,40,True,7.0,0.0012,9.0,0.002,1,,0.867077,,4
25,5,1,1.0,1.0,run25_bs2000_N5_M1_G1_CG1_interval8_step40,8,40,False,,0.002,8.0,0.0034,5,1,0.867267,0.86706,4
25,5,1,1.0,1.0,run25_bs2000_N5_M1_G1_CG1_interval9_step45,9,45,False,,0.0034,11.0,0.00073,5,0,0.867015,0.867015,6
26,5,2,1.0,1.0,run26_bs2000_N5_M2_G1_CG1_interval0_step0_cooldown_for_k-1,0,0,True,-1.0,0.2,2.0,0.072,2,,1.436786,,5
26,5,2,1.0,1.0,run26_bs2000_N5_M2_G1_CG1_interval0_step0_cooldown_for_k0,0,0,True,0.0,0.2,2.0,0.072,2,,1.251518,,5
26,5,2,1.0,1.0,run26_bs2000_N5_M2_G1_CG1_interval0_step0_cooldown_for_k1,0,0,True,1.0,0.2,3.0,0.043,2,,1.1631,,6
26,5,2,1.0,1.0,run26_bs2000_N5_M2_G1_CG1_interval0_step0_cooldown_for_k2,0,0,True,2.0,0.2,3.0,0.043,2,,1.201294,,6
26,5,2,1.0,1.0,run26_bs2000_N5_M2_G1_CG1_interval0_step0,0,0,False,,0.2,1.0,0.12,5,2,1.621182,1.1631,4
26,5,2,1.0,1.0,run26_bs2000_N5_M2_G1_CG1_interval1_step5_cooldown_for_k0,1,5,True,0.0,0.043,2.0,0.072,2,,0.973054,,4
26,5,2,1.0,1.0,run26_bs2000_N5_M2_G1_CG1_interval1_step5_cooldown_for_k1,1,5,True,1.0,0.043,4.0,0.026,2,,0.9206,,4
26,5,2,1.0,1.0,run26_bs2000_N5_M2_G1_CG1_interval1_step5_cooldown_for_k2,1,5,True,2.0,0.043,5.0,0.016,2,,0.912604,,5
26,5,2,1.0,1.0,run26_bs2000_N5_M2_G1_CG1_interval1_step5_cooldown_for_k3,1,5,True,3.0,0.043,5.0,0.016,2,,0.90646,,5
26,5,2,1.0,1.0,run26_bs2000_N5_M2_G1_CG1_interval1_step5_cooldown_for_k4,1,5,True,4.0,0.043,5.0,0.016,2,,0.915059,,5
26,5,2,1.0,1.0,run26_bs2000_N5_M2_G1_CG1_interval1_step5,1,5,False,,0.12,3.0,0.043,5,2,0.957273,0.90646,5
26,5,2,1.0,1.0,run26_bs2000_N5_M2_G1_CG1_interval2_step10_cooldown_for_k2,2,10,True,2.0,0.016,5.0,0.016,2,,0.888504,,3
26,5,2,1.0,1.0,run26_bs2000_N5_M2_G1_CG1_interval2_step10_cooldown_for_k3,2,10,True,3.0,0.016,6.0,0.0093,2,,0.878657,,4
26,5,2,1.0,1.0,run26_bs2000_N5_M2_G1_CG1_interval2_step10_cooldown_for_k4,2,10,True,4.0,0.016,7.0,0.0056,2,,0.878044,,5
26,5,2,1.0,1.0,run26_bs2000_N5_M2_G1_CG1_interval2_step10_cooldown_for_k5,2,10,True,5.0,0.016,6.0,0.0093,2,,0.876998,,4
26,5,2,1.0,1.0,run26_bs2000_N5_M2_G1_CG1_interval2_step10_cooldown_for_k6,2,10,True,6.0,0.016,7.0,0.0056,2,,0.878541,,5
26,5,2,1.0,1.0,run26_bs2000_N5_M2_G1_CG1_interval2_step10,2,10,False,,0.043,5.0,0.016,5,2,0.887736,0.876998,5
26,5,2,1.0,1.0,run26_bs2000_N5_M2_G1_CG1_interval3_step15_cooldown_for_k4,3,15,True,4.0,0.0093,7.0,0.0056,2,,0.873081,,4
26,5,2,1.0,1.0,run26_bs2000_N5_M2_G1_CG1_interval3_step15_cooldown_for_k5,3,15,True,5.0,0.0093,8.0,0.0034,2,,0.87188,,5
26,5,2,1.0,1.0,run26_bs2000_N5_M2_G1_CG1_interval3_step15_cooldown_for_k6,3,15,True,6.0,0.0093,7.0,0.0056,2,,0.87106,,4
26,5,2,1.0,1.0,run26_bs2000_N5_M2_G1_CG1_interval3_step15_cooldown_for_k7,3,15,True,7.0,0.0093,6.0,0.0093,2,,0.872216,,3
26,5,2,1.0,1.0,run26_bs2000_N5_M2_G1_CG1_interval3_step15,3,15,False,,0.016,6.0,0.0093,5,2,0.875358,0.87106,4
26,5,2,1.0,1.0,run26_bs2000_N5_M2_G1_CG1_interval4_step20_cooldown_for_k5,4,20,True,5.0,0.0056,8.0,0.0034,2,,0.869716,,4
26,5,2,1.0,1.0,run26_bs2000_N5_M2_G1_CG1_interval4_step20_cooldown_for_k6,4,20,True,6.0,0.0056,7.0,0.0056,2,,0.869889,,3
26,5,2,1.0,1.0,run26_bs2000_N5_M2_G1_CG1_interval4_step20_cooldown_for_k7,4,20,True,7.0,0.0056,8.0,0.0034,2,,0.869233,,4
26,5,2,1.0,1.0,run26_bs2000_N5_M2_G1_CG1_interval4_step20_cooldown_for_k8,4,20,True,8.0,0.0056,7.0,0.0056,2,,0.869662,,3
26,5,2,1.0,1.0,run26_bs2000_N5_M2_G1_CG1_interval4_step20,4,20,False,,0.0093,7.0,0.0056,5,2,0.870564,0.869233,4
26,5,2,1.0,1.0,run26_bs2000_N5_M2_G1_CG1_interval5_step25_cooldown_for_k6,5,25,True,6.0,0.0034,9.0,0.002,2,,0.868559,,4
26,5,2,1.0,1.0,run26_bs2000_N5_M2_G1_CG1_interval5_step25_cooldown_for_k7,5,25,True,7.0,0.0034,8.0,0.0034,2,,0.868385,,3
26,5,2,1.0,1.0,run26_bs2000_N5_M2_G1_CG1_interval5_step25_cooldown_for_k8,5,25,True,8.0,0.0034,9.0,0.002,2,,0.868186,,4
26,5,2,1.0,1.0,run26_bs2000_N5_M2_G1_CG1_interval5_step25_cooldown_for_k9,5,25,True,9.0,0.0034,10.0,0.0012,2,,0.868402,,5
26,5,2,1.0,1.0,run26_bs2000_N5_M2_G1_CG1_interval5_step25,5,25,False,,0.0056,8.0,0.0034,5,2,0.86888,0.868186,4
26,5,2,1.0,1.0,run26_bs2000_N5_M2_G1_CG1_interval6_step30_cooldown_for_k7,6,30,True,7.0,0.002,10.0,0.0012,2,,0.867943,,4
26,5,2,1.0,1.0,run26_bs2000_N5_M2_G1_CG1_interval6_step30_cooldown_for_k8,6,30,True,8.0,0.002,9.0,0.002,2,,0.867765,,3
26,5,2,1.0,1.0,run26_bs2000_N5_M2_G1_CG1_interval6_step30_cooldown_for_k9,6,30,True,9.0,0.002,10.0,0.0012,2,,0.867752,,4
26,5,2,1.0,1.0,run26_bs2000_N5_M2_G1_CG1_interval6_step30_cooldown_for_k10,6,30,True,10.0,0.002,9.0,0.002,2,,0.867871,,3
26,5,2,1.0,1.0,run26_bs2000_N5_M2_G1_CG1_interval6_step30,6,30,False,,0.0034,9.0,0.002,5,2,0.867999,0.867752,4
26,5,2,1.0,1.0,run26_bs2000_N5_M2_G1_CG1_interval7_step35_cooldown_for_k8,7,35,True,8.0,0.0012,9.0,0.002,2,,0.867516,,4
26,5,2,1.0,1.0,run26_bs2000_N5_M2_G1_CG1_interval7_step35_cooldown_for_k9,7,35,True,9.0,0.0012,10.0,0.0012,2,,0.867489,,3
26,5,2,1.0,1.0,run26_bs2000_N5_M2_G1_CG1_interval7_step35_cooldown_for_k10,7,35,True,10.0,0.0012,11.0,0.00073,2,,0.867507,,4
26,5,2,1.0,1.0,run26_bs2000_N5_M2_G1_CG1_interval7_step35,7,35,False,,0.002,9.0,0.002,5,2,0.867725,0.867489,3
26,5,2,1.0,1.0,run26_bs2000_N5_M2_G1_CG1_interval8_step40_cooldown_for_k8,8,40,True,8.0,0.0012,11.0,0.00073,2,,0.867394,,4
26,5,2,1.0,1.0,run26_bs2000_N5_M2_G1_CG1_interval8_step40_cooldown_for_k9,8,40,True,9.0,0.0012,10.0,0.0012,2,,0.867331,,3
26,5,2,1.0,1.0,run26_bs2000_N5_M2_G1_CG1_interval8_step40_cooldown_for_k10,8,40,True,10.0,0.0012,11.0,0.00073,2,,0.86732,,4
26,5,2,1.0,1.0,run26_bs2000_N5_M2_G1_CG1_interval8_step40_cooldown_for_k11,8,40,True,11.0,0.0012,10.0,0.0012,2,,0.867344,,3
26,5,2,1.0,1.0,run26_bs2000_N5_M2_G1_CG1_interval8_step40,8,40,False,,0.002,10.0,0.0012,5,2,0.867417,0.86732,4
26,5,2,1.0,1.0,run26_bs2000_N5_M2_G1_CG1_interval9_step45,9,45,False,,0.0012,11.0,0.00073,5,0,0.867266,0.867266,4
27,5,3,1.0,1.0,run27_bs2000_N5_M3_G1_CG1_interval0_step0_cooldown_for_k-1,0,0,True,-1.0,0.2,2.0,0.072,3,,1.291033,,5
27,5,3,1.0,1.0,run27_bs2000_N5_M3_G1_CG1_interval0_step0_cooldown_for_k0,0,0,True,0.0,0.2,2.0,0.072,3,,1.14452,,5
27,5,3,1.0,1.0,run27_bs2000_N5_M3_G1_CG1_interval0_step0_cooldown_for_k1,0,0,True,1.0,0.2,3.0,0.043,3,,1.052953,,6
27,5,3,1.0,1.0,run27_bs2000_N5_M3_G1_CG1_interval0_step0_cooldown_for_k2,0,0,True,2.0,0.2,3.0,0.043,3,,1.101318,,6
27,5,3,1.0,1.0,run27_bs2000_N5_M3_G1_CG1_interval0_step0,0,0,False,,0.2,1.0,0.12,5,3,1.621182,1.052953,4
27,5,3,1.0,1.0,run27_bs2000_N5_M3_G1_CG1_interval1_step5_cooldown_for_k0,1,5,True,0.0,0.043,3.0,0.043,3,,0.92266,,3
27,5,3,1.0,1.0,run27_bs2000_N5_M3_G1_CG1_interval1_step5_cooldown_for_k1,1,5,True,1.0,0.043,4.0,0.026,3,,0.895157,,4
27,5,3,1.0,1.0,run27_bs2000_N5_M3_G1_CG1_interval1_step5_cooldown_for_k2,1,5,True,2.0,0.043,4.0,0.026,3,,0.891559,,4
27,5,3,1.0,1.0,run27_bs2000_N5_M3_G1_CG1_interval1_step5_cooldown_for_k3,1,5,True,3.0,0.043,5.0,0.016,3,,0.88966,,5
27,5,3,1.0,1.0,run27_bs2000_N5_M3_G1_CG1_interval1_step5_cooldown_for_k4,1,5,True,4.0,0.043,5.0,0.016,3,,0.904223,,5
27,5,3,1.0,1.0,run27_bs2000_N5_M3_G1_CG1_interval1_step5,1,5,False,,0.12,3.0,0.043,5,3,0.954383,0.88966,5
27,5,3,1.0,1.0,run27_bs2000_N5_M3_G1_CG1_interval2_step10_cooldown_for_k2,2,10,True,2.0,0.016,5.0,0.016,3,,0.883617,,3
27,5,3,1.0,1.0,run27_bs2000_N5_M3_G1_CG1_interval2_step10_cooldown_for_k3,2,10,True,3.0,0.016,7.0,0.0056,3,,0.876878,,5
27,5,3,1.0,1.0,run27_bs2000_N5_M3_G1_CG1_interval2_step10_cooldown_for_k4,2,10,True,4.0,0.016,6.0,0.0093,3,,0.874749,,4
27,5,3,1.0,1.0,run27_bs2000_N5_M3_G1_CG1_interval2_step10_cooldown_for_k5,2,10,True,5.0,0.016,7.0,0.0056,3,,0.875172,,5
27,5,3,1.0,1.0,run27_bs2000_N5_M3_G1_CG1_interval2_step10,2,10,False,,0.043,4.0,0.026,5,3,0.899097,0.874749,4
27,5,3,1.0,1.0,run27_bs2000_N5_M3_G1_CG1_interval3_step15_cooldown_for_k3,3,15,True,3.0,0.0093,6.0,0.0093,3,,0.873534,,3
27,5,3,1.0,1.0,run27_bs2000_N5_M3_G1_CG1_interval3_step15_cooldown_for_k4,3,15,True,4.0,0.0093,6.0,0.0093,3,,0.870423,,3
27,5,3,1.0,1.0,run27_bs2000_N5_M3_G1_CG1_interval3_step15_cooldown_for_k5,3,15,True,5.0,0.0093,7.0,0.0056,3,,0.870269,,4
27,5,3,1.0,1.0,run27_bs2000_N5_M3_G1_CG1_interval3_step15_cooldown_for_k6,3,15,True,6.0,0.0093,8.0,0.0034,3,,0.870389,,5
27,5,3,1.0,1.0,run27_bs2000_N5_M3_G1_CG1_interval3_step15,3,15,False,,0.026,5.0,0.016,5,3,0.878504,0.870269,4
27,5,3,1.0,1.0,run27_bs2000_N5_M3_G1_CG1_interval4_step20_cooldown_for_k4,4,20,True,4.0,0.0056,8.0,0.0034,3,,0.869723,,4
27,5,3,1.0,1.0,run27_bs2000_N5_M3_G1_CG1_interval4_step20_cooldown_for_k5,4,20,True,5.0,0.0056,7.0,0.0056,3,,0.868739,,3
27,5,3,1.0,1.0,run27_bs2000_N5_M3_G1_CG1_interval4_step20_cooldown_for_k6,4,20,True,6.0,0.0056,8.0,0.0034,3,,0.868459,,4
27,5,3,1.0,1.0,run27_bs2000_N5_M3_G1_CG1_interval4_step20_cooldown_for_k7,4,20,True,7.0,0.0056,9.0,0.002,3,,0.8687,,5
27,5,3,1.0,1.0,run27_bs2000_N5_M3_G1_CG1_interval4_step20,4,20,False,,0.016,6.0,0.0093,5,3,0.871036,0.868459,4
27,5,3,1.0,1.0,run27_bs2000_N5_M3_G1_CG1_interval5_step25_cooldown_for_k5,5,25,True,5.0,0.0034,7.0,0.0056,3,,0.868078,,4
27,5,3,1.0,1.0,run27_bs2000_N5_M3_G1_CG1_interval5_step25_cooldown_for_k6,5,25,True,6.0,0.0034,8.0,0.0034,3,,0.867822,,3
27,5,3,1.0,1.0,run27_bs2000_N5_M3_G1_CG1_interval5_step25_cooldown_for_k7,5,25,True,7.0,0.0034,9.0,0.002,3,,0.867746,,4
27,5,3,1.0,1.0,run27_bs2000_N5_M3_G1_CG1_interval5_step25_cooldown_for_k8,5,25,True,8.0,0.0034,10.0,0.0012,3,,0.867841,,5
27,5,3,1.0,1.0,run27_bs2000_N5_M3_G1_CG1_interval5_step25,5,25,False,,0.0093,7.0,0.0056,5,3,0.868777,0.867746,4
27,5,3,1.0,1.0,run27_bs2000_N5_M3_G1_CG1_interval6_step30_cooldown_for_k6,6,30,True,6.0,0.002,8.0,0.0034,3,,0.867521,,4
27,5,3,1.0,1.0,run27_bs2000_N5_M3_G1_CG1_interval6_step30_cooldown_for_k7,6,30,True,7.0,0.002,9.0,0.002,3,,0.867444,,3
27,5,3,1.0,1.0,run27_bs2000_N5_M3_G1_CG1_interval6_step30_cooldown_for_k8,6,30,True,8.0,0.002,10.0,0.0012,3,,0.867408,,4
27,5,3,1.0,1.0,run27_bs2000_N5_M3_G1_CG1_interval6_step30_cooldown_for_k9,6,30,True,9.0,0.002,10.0,0.0012,3,,0.86746,,4
27,5,3,1.0,1.0,run27_bs2000_N5_M3_G1_CG1_interval6_step30,6,30,False,,0.0056,8.0,0.0034,5,3,0.86786,0.867408,4
27,5,3,1.0,1.0,run27_bs2000_N5_M3_G1_CG1_interval7_step35_cooldown_for_k7,7,35,True,7.0,0.0012,8.0,0.0034,3,,0.867242,,5
27,5,3,1.0,1.0,run27_bs2000_N5_M3_G1_CG1_interval7_step35_cooldown_for_k8,7,35,True,8.0,0.0012,10.0,0.0012,3,,0.867248,,3
27,5,3,1.0,1.0,run27_bs2000_N5_M3_G1_CG1_interval7_step35_cooldown_for_k9,7,35,True,9.0,0.0012,11.0,0.00073,3,,0.867229,,4
27,5,3,1.0,1.0,run27_bs2000_N5_M3_G1_CG1_interval7_step35_cooldown_for_k10,7,35,True,10.0,0.0012,11.0,0.00073,3,,0.867257,,4
27,5,3,1.0,1.0,run27_bs2000_N5_M3_G1_CG1_interval7_step35,7,35,False,,0.0034,9.0,0.002,5,3,0.867395,0.867229,4
27,5,3,1.0,1.0,run27_bs2000_N5_M3_G1_CG1_interval8_step40_cooldown_for_k8,8,40,True,8.0,0.00073,9.0,0.002,3,,0.867109,,5
27,5,3,1.0,1.0,run27_bs2000_N5_M3_G1_CG1_interval8_step40_cooldown_for_k9,8,40,True,9.0,0.00073,11.0,0.00073,3,,0.86713,,3
27,5,3,1.0,1.0,run27_bs2000_N5_M3_G1_CG1_interval8_step40_cooldown_for_k10,8,40,True,10.0,0.00073,11.0,0.00073,3,,0.86713,,3
27,5,3,1.0,1.0,run27_bs2000_N5_M3_G1_CG1_interval8_step40_cooldown_for_k7,8,40,True,7.0,0.00073,11.0,0.00073,3,,0.867176,,3
27,5,3,1.0,1.0,run27_bs2000_N5_M3_G1_CG1_interval8_step40,8,40,False,,0.002,8.0,0.0034,5,3,0.867564,0.867109,4
27,5,3,1.0,1.0,run27_bs2000_N5_M3_G1_CG1_interval9_step45,9,45,False,,0.0034,11.0,0.00073,5,0,0.867103,0.867103,6
28,5,4,1.0,1.0,run28_bs2000_N5_M4_G1_CG1_interval0_step0_cooldown_for_k-1,0,0,True,-1.0,0.2,2.0,0.072,4,,1.214149,,5
28,5,4,1.0,1.0,run28_bs2000_N5_M4_G1_CG1_interval0_step0_cooldown_for_k0,0,0,True,0.0,0.2,3.0,0.043,4,,1.041878,,6
28,5,4,1.0,1.0,run28_bs2000_N5_M4_G1_CG1_interval0_step0_cooldown_for_k1,0,0,True,1.0,0.2,4.0,0.026,4,,1.009237,,7
28,5,4,1.0,1.0,run28_bs2000_N5_M4_G1_CG1_interval0_step0_cooldown_for_k2,0,0,True,2.0,0.2,4.0,0.026,4,,1.046476,,7
28,5,4,1.0,1.0,run28_bs2000_N5_M4_G1_CG1_interval0_step0,0,0,False,,0.2,1.0,0.12,5,4,1.621182,1.009237,4
28,5,4,1.0,1.0,run28_bs2000_N5_M4_G1_CG1_interval1_step5_cooldown_for_k0,1,5,True,0.0,0.026,4.0,0.026,4,,0.903024,,3
28,5,4,1.0,1.0,run28_bs2000_N5_M4_G1_CG1_interval1_step5_cooldown_for_k1,1,5,True,1.0,0.026,5.0,0.016,4,,0.891138,,4
28,5,4,1.0,1.0,run28_bs2000_N5_M4_G1_CG1_interval1_step5_cooldown_for_k2,1,5,True,2.0,0.026,5.0,0.016,4,,0.883911,,4
28,5,4,1.0,1.0,run28_bs2000_N5_M4_G1_CG1_interval1_step5_cooldown_for_k3,1,5,True,3.0,0.026,6.0,0.0093,4,,0.887824,,5
28,5,4,1.0,1.0,run28_bs2000_N5_M4_G1_CG1_interval1_step5,1,5,False,,0.12,2.0,0.072,5,4,1.005503,0.883911,4
28,5,4,1.0,1.0,run28_bs2000_N5_M4_G1_CG1_interval2_step10_cooldown_for_k1,2,10,True,1.0,0.016,5.0,0.016,4,,0.879076,,3
28,5,4,1.0,1.0,run28_bs2000_N5_M4_G1_CG1_interval2_step10_cooldown_for_k2,2,10,True,2.0,0.016,5.0,0.016,4,,0.872877,,3
28,5,4,1.0,1.0,run28_bs2000_N5_M4_G1_CG1_interval2_step10_cooldown_for_k3,2,10,True,3.0,0.016,6.0,0.0093,4,,0.87195,,4
28,5,4,1.0,1.0,run28_bs2000_N5_M4_G1_CG1_interval2_step10_cooldown_for_k4,2,10,True,4.0,0.016,7.0,0.0056,4,,0.872302,,5
28,5,4,1.0,1.0,run28_bs2000_N5_M4_G1_CG1_interval2_step10,2,10,False,,0.072,3.0,0.043,5,4,0.904097,0.87195,4
28,5,4,1.0,1.0,run28_bs2000_N5_M4_G1_CG1_interval3_step15_cooldown_for_k2,3,15,True,2.0,0.0093,5.0,0.016,4,,0.872345,,4
28,5,4,1.0,1.0,run28_bs2000_N5_M4_G1_CG1_interval3_step15_cooldown_for_k3,3,15,True,3.0,0.0093,6.0,0.0093,4,,0.869145,,3
28,5,4,1.0,1.0,run28_bs2000_N5_M4_G1_CG1_interval3_step15_cooldown_for_k4,3,15,True,4.0,0.0093,7.0,0.0056,4,,0.868794,,4
28,5,4,1.0,1.0,run28_bs2000_N5_M4_G1_CG1_interval3_step15_cooldown_for_k5,3,15,True,5.0,0.0093,8.0,0.0034,4,,0.868962,,5
28,5,4,1.0,1.0,run28_bs2000_N5_M4_G1_CG1_interval3_step15,3,15,False,,0.043,4.0,0.026,5,4,0.879897,0.868794,4
28,5,4,1.0,1.0,run28_bs2000_N5_M4_G1_CG1_interval4_step20_cooldown_for_k3,4,20,True,3.0,0.0056,6.0,0.0093,4,,0.868586,,4
28,5,4,1.0,1.0,run28_bs2000_N5_M4_G1_CG1_interval4_step20_cooldown_for_k4,4,20,True,4.0,0.0056,7.0,0.0056,4,,0.867832,,3
28,5,4,1.0,1.0,run28_bs2000_N5_M4_G1_CG1_interval4_step20_cooldown_for_k5,4,20,True,5.0,0.0056,8.0,0.0034,4,,0.867703,,4
28,5,4,1.0,1.0,run28_bs2000_N5_M4_G1_CG1_interval4_step20_cooldown_for_k6,4,20,True,6.0,0.0056,8.0,0.0034,4,,0.867786,,4
28,5,4,1.0,1.0,run28_bs2000_N5_M4_G1_CG1_interval4_step20,4,20,False,,0.026,5.0,0.016,5,4,0.871417,0.867703,4
28,5,4,1.0,1.0,run28_bs2000_N5_M4_G1_CG1_interval5_step25_cooldown_for_k4,5,25,True,4.0,0.0034,7.0,0.0056,4,,0.867825,,4
28,5,4,1.0,1.0,run28_bs2000_N5_M4_G1_CG1_interval5_step25_cooldown_for_k5,5,25,True,5.0,0.0034,8.0,0.0034,4,,0.86734,,3
28,5,4,1.0,1.0,run28_bs2000_N5_M4_G1_CG1_interval5_step25_cooldown_for_k6,5,25,True,6.0,0.0034,9.0,0.002,4,,0.867281,,4
28,5,4,1.0,1.0,run28_bs2000_N5_M4_G1_CG1_interval5_step25_cooldown_for_k7,5,25,True,7.0,0.0034,9.0,0.002,4,,0.867306,,4
28,5,4,1.0,1.0,run28_bs2000_N5_M4_G1_CG1_interval5_step25,5,25,False,,0.016,6.0,0.0093,5,4,0.868719,0.867281,4
28,5,4,1.0,1.0,run28_bs2000_N5_M4_G1_CG1_interval6_step30_cooldown_for_k5,6,30,True,5.0,0.002,8.0,0.0034,4,,0.867262,,4
28,5,4,1.0,1.0,run28_bs2000_N5_M4_G1_CG1_interval6_step30_cooldown_for_k6,6,30,True,6.0,0.002,9.0,0.002,4,,0.867133,,3
28,5,4,1.0,1.0,run28_bs2000_N5_M4_G1_CG1_interval6_step30_cooldown_for_k7,6,30,True,7.0,0.002,10.0,0.0012,4,,0.867121,,4
28,5,4,1.0,1.0,run28_bs2000_N5_M4_G1_CG1_interval6_step30_cooldown_for_k8,6,30,True,8.0,0.002,10.0,0.0012,4,,0.867111,,4
28,5,4,1.0,1.0,run28_bs2000_N5_M4_G1_CG1_interval6_step30_cooldown_for_k9,6,30,True,9.0,0.002,10.0,0.0012,4,,0.867125,,4
28,5,4,1.0,1.0,run28_bs2000_N5_M4_G1_CG1_interval6_step30,6,30,False,,0.0093,8.0,0.0034,5,4,0.867295,0.867111,5
28,5,4,1.0,1.0,run28_bs2000_N5_M4_G1_CG1_interval7_step35_cooldown_for_k7,7,35,True,7.0,0.0012,10.0,0.0012,4,,0.867022,,3
28,5,4,1.0,1.0,run28_bs2000_N5_M4_G1_CG1_interval7_step35_cooldown_for_k8,7,35,True,8.0,0.0012,11.0,0.00073,4,,0.86704,,4
28,5,4,1.0,1.0,run28_bs2000_N5_M4_G1_CG1_interval7_step35_cooldown_for_k9,7,35,True,9.0,0.0012,10.0,0.0012,4,,0.867034,,3
28,5,4,1.0,1.0,run28_bs2000_N5_M4_G1_CG1_interval7_step35_cooldown_for_k6,7,35,True,6.0,0.0012,9.0,0.002,4,,0.867029,,4
28,5,4,1.0,1.0,run28_bs2000_N5_M4_G1_CG1_interval7_step35,7,35,False,,0.0034,7.0,0.0056,5,4,0.867634,0.867022,4
28,5,4,1.0,1.0,run28_bs2000_N5_M4_G1_CG1_interval8_step40_cooldown_for_k6,8,40,True,6.0,0.0012,9.0,0.002,4,,0.867008,,4
28,5,4,1.0,1.0,run28_bs2000_N5_M4_G1_CG1_interval8_step40_cooldown_for_k7,8,40,True,7.0,0.0012,10.0,0.0012,4,,0.866982,,3
28,5,4,1.0,1.0,run28_bs2000_N5_M4_G1_CG1_interval8_step40_cooldown_for_k8,8,40,True,8.0,0.0012,11.0,0.00073,4,,0.86697,,4
28,5,4,1.0,1.0,run28_bs2000_N5_M4_G1_CG1_interval8_step40_cooldown_for_k9,8,40,True,9.0,0.0012,11.0,0.00073,4,,0.866979,,4
28,5,4,1.0,1.0,run28_bs2000_N5_M4_G1_CG1_interval8_step40,8,40,False,,0.0056,8.0,0.0034,5,4,0.867132,0.86697,4
28,5,4,1.0,1.0,run28_bs2000_N5_M4_G1_CG1_interval9_step45,9,45,False,,0.0034,11.0,0.00073,5,0,0.866966,0.866966,6
29,5,5,1.0,1.0,run29_bs2000_N5_M5_G1_CG1_interval0_step0_cooldown_for_k-1,0,0,True,-1.0,0.2,1.0,0.12,5,,1.136899,,4
29,5,5,1.0,1.0,run29_bs2000_N5_M5_G1_CG1_interval0_step0_cooldown_for_k0,0,0,True,0.0,0.2,2.0,0.072,5,,0.991618,,5
29,5,5,1.0,1.0,run29_bs2000_N5_M5_G1_CG1_interval0_step0_cooldown_for_k1,0,0,True,1.0,0.2,3.0,0.043,5,,0.963661,,6
29,5,5,1.0,1.0,run29_bs2000_N5_M5_G1_CG1_interval0_step0_cooldown_for_k2,0,0,True,2.0,0.2,4.0,0.026,5,,0.990079,,7
29,5,5,1.0,1.0,run29_bs2000_N5_M5_G1_CG1_interval0_step0,0,0,False,,0.2,1.0,0.12,5,5,1.621182,0.963661,4
29,5,5,1.0,1.0,run29_bs2000_N5_M5_G1_CG1_interval1_step5_cooldown_for_k0,1,5,True,0.0,0.043,4.0,0.026,5,,0.887208,,4
29,5,5,1.0,1.0,run29_bs2000_N5_M5_G1_CG1_interval1_step5_cooldown_for_k1,1,5,True,1.0,0.043,5.0,0.016,5,,0.883371,,5
29,5,5,1.0,1.0,run29_bs2000_N5_M5_G1_CG1_interval1_step5_cooldown_for_k2,1,5,True,2.0,0.043,6.0,0.0093,5,,0.88449,,6
29,5,5,1.0,1.0,run29_bs2000_N5_M5_G1_CG1_interval1_step5,1,5,False,,0.12,1.0,0.12,5,5,1.063134,0.883371,3
29,5,5,1.0,1.0,run29_bs2000_N5_M5_G1_CG1_interval2_step10_cooldown_for_k0,2,10,True,0.0,0.016,5.0,0.016,5,,0.881412,,3
29,5,5,1.0,1.0,run29_bs2000_N5_M5_G1_CG1_interval2_step10_cooldown_for_k1,2,10,True,1.0,0.016,5.0,0.016,5,,0.872221,,3
29,5,5,1.0,1.0,run29_bs2000_N5_M5_G1_CG1_interval2_step10_cooldown_for_k2,2,10,True,2.0,0.016,6.0,0.0093,5,,0.872139,,4
29,5,5,1.0,1.0,run29_bs2000_N5_M5_G1_CG1_interval2_step10_cooldown_for_k3,2,10,True,3.0,0.016,6.0,0.0093,5,,0.871572,,4
29,5,5,1.0,1.0,run29_bs2000_N5_M5_G1_CG1_interval2_step10_cooldown_for_k4,2,10,True,4.0,0.016,7.0,0.0056,5,,0.871934,,5
29,5,5,1.0,1.0,run29_bs2000_N5_M5_G1_CG1_interval2_step10,2,10,False,,0.12,3.0,0.043,5,5,0.896904,0.871572,5
29,5,5,1.0,1.0,run29_bs2000_N5_M5_G1_CG1_interval3_step15_cooldown_for_k2,3,15,True,2.0,0.0093,6.0,0.0093,5,,0.870808,,3
29,5,5,1.0,1.0,run29_bs2000_N5_M5_G1_CG1_interval3_step15_cooldown_for_k3,3,15,True,3.0,0.0093,7.0,0.0056,5,,0.868918,,4
29,5,5,1.0,1.0,run29_bs2000_N5_M5_G1_CG1_interval3_step15_cooldown_for_k4,3,15,True,4.0,0.0093,7.0,0.0056,5,,0.868509,,4
29,5,5,1.0,1.0,run29_bs2000_N5_M5_G1_CG1_interval3_step15_cooldown_for_k5,3,15,True,5.0,0.0093,8.0,0.0034,5,,0.868645,,5
29,5,5,1.0,1.0,run29_bs2000_N5_M5_G1_CG1_interval3_step15,3,15,False,,0.043,4.0,0.026,5,5,0.87827,0.868509,4
29,5,5,1.0,1.0,run29_bs2000_N5_M5_G1_CG1_interval4_step20_cooldown_for_k3,4,20,True,3.0,0.0056,6.0,0.0093,5,,0.868538,,4
29,5,5,1.0,1.0,run29_bs2000_N5_M5_G1_CG1_interval4_step20_cooldown_for_k4,4,20,True,4.0,0.0056,8.0,0.0034,5,,0.867851,,4
29,5,5,1.0,1.0,run29_bs2000_N5_M5_G1_CG1_interval4_step20_cooldown_for_k5,4,20,True,5.0,0.0056,8.0,0.0034,5,,0.86761,,4
29,5,5,1.0,1.0,run29_bs2000_N5_M5_G1_CG1_interval4_step20_cooldown_for_k6,4,20,True,6.0,0.0056,8.0,0.0034,5,,0.867638,,4
29,5,5,1.0,1.0,run29_bs2000_N5_M5_G1_CG1_interval4_step20,4,20,False,,0.026,5.0,0.016,5,5,0.871206,0.86761,4
29,5,5,1.0,1.0,run29_bs2000_N5_M5_G1_CG1_interval5_step25_cooldown_for_k4,5,25,True,4.0,0.0034,7.0,0.0056,5,,0.867619,,4
29,5,5,1.0,1.0,run29_bs2000_N5_M5_G1_CG1_interval5_step25_cooldown_for_k5,5,25,True,5.0,0.0034,8.0,0.0034,5,,0.867368,,3
29,5,5,1.0,1.0,run29_bs2000_N5_M5_G1_CG1_interval5_step25_cooldown_for_k6,5,25,True,6.0,0.0034,9.0,0.002,5,,0.867223,,4
29,5,5,1.0,1.0,run29_bs2000_N5_M5_G1_CG1_interval5_step25_cooldown_for_k7,5,25,True,7.0,0.0034,9.0,0.002,5,,0.867258,,4
29,5,5,1.0,1.0,run29_bs2000_N5_M5_G1_CG1_interval5_step25,5,25,False,,0.016,6.0,0.0093,5,5,0.86847,0.867223,4
29,5,5,1.0,1.0,run29_bs2000_N5_M5_G1_CG1_interval6_step30_cooldown_for_k5,6,30,True,5.0,0.002,9.0,0.002,5,,0.86723,,3
29,5,5,1.0,1.0,run29_bs2000_N5_M5_G1_CG1_interval6_step30_cooldown_for_k6,6,30,True,6.0,0.002,9.0,0.002,5,,0.867114,,3
29,5,5,1.0,1.0,run29_bs2000_N5_M5_G1_CG1_interval6_step30_cooldown_for_k7,6,30,True,7.0,0.002,10.0,0.0012,5,,0.867085,,4
29,5,5,1.0,1.0,run29_bs2000_N5_M5_G1_CG1_interval6_step30_cooldown_for_k8,6,30,True,8.0,0.002,10.0,0.0012,5,,0.86709,,4
29,5,5,1.0,1.0,run29_bs2000_N5_M5_G1_CG1_interval6_step30,6,30,False,,0.0093,7.0,0.0056,5,5,0.867619,0.867085,4
29,5,5,1.0,1.0,run29_bs2000_N5_M5_G1_CG1_interval7_step35_cooldown_for_k6,7,35,True,6.0,0.0012,11.0,0.00073,5,,0.867071,,4
29,5,5,1.0,1.0,run29_bs2000_N5_M5_G1_CG1_interval7_step35_cooldown_for_k7,7,35,True,7.0,0.0012,10.0,0.0012,5,,0.867025,,3
29,5,5,1.0,1.0,run29_bs2000_N5_M5_G1_CG1_interval7_step35_cooldown_for_k8,7,35,True,8.0,0.0012,11.0,0.00073,5,,0.867007,,4
29,5,5,1.0,1.0,run29_bs2000_N5_M5_G1_CG1_interval7_step35_cooldown_for_k9,7,35,True,9.0,0.0012,11.0,0.00073,5,,0.867016,,4
29,5,5,1.0,1.0,run29_bs2000_N5_M5_G1_CG1_interval7_step35,7,35,False,,0.0056,8.0,0.0034,5,5,0.867199,0.867007,4
29,5,5,1.0,1.0,run29_bs2000_N5_M5_G1_CG1_interval8_step40_cooldown_for_k7,8,40,True,7.0,0.00073,9.0,0.002,5,,0.866985,,5
29,5,5,1.0,1.0,run29_bs2000_N5_M5_G1_CG1_interval8_step40_cooldown_for_k8,8,40,True,8.0,0.00073,11.0,0.00073,5,,0.866972,,3
29,5,5,1.0,1.0,run29_bs2000_N5_M5_G1_CG1_interval8_step40_cooldown_for_k9,8,40,True,9.0,0.00073,11.0,0.00073,5,,0.866968,,3
29,5,5,1.0,1.0,run29_bs2000_N5_M5_G1_CG1_interval8_step40_cooldown_for_k10,8,40,True,10.0,0.00073,11.0,0.00073,5,,0.866973,,3
29,5,5,1.0,1.0,run29_bs2000_N5_M5_G1_CG1_interval8_step40,8,40,False,,0.0034,9.0,0.002,5,5,0.867042,0.866968,4
29,5,5,1.0,1.0,run29_bs2000_N5_M5_G1_CG1_interval9_step45,9,45,False,,0.002,11.0,0.00073,5,0,0.866967,0.866967,5
