{
  "depth": 8,
  "description": "same_seed repeat 10/10",
  "device_batch_size": 64,
  "experiment": "same_seed",
  "grad_accum_steps": 1,
  "hparams": {
    "aspect_ratio": 64,
    "depth": 8,
    "embedding_lr": 0.8999999999999999,
    "embedding_wd": 0.001,
    "final_lr_frac": 0.05,
    "head_dim": 128,
    "init_scale": 1.0,
    "lm_head_wd": 0.01,
    "matrix_lr": 0.06,
    "muon_momentum_warmup_steps": 300,
    "rope_base": 10000,
    "scalar_lr": 0.75,
    "total_batch_size": 131072,
    "unembedding_lr": 0.006,
    "value_embedding_wd": 0.003,
    "warmdown_ratio": 0.7,
    "warmup_ratio": 0.0,
    "weight_decay": 0.1,
    "window_sizes": [
      256,
      256,
      256,
      2048,
      256,
      256,
      256,
      2048
    ],
    "x0_init": 0.1
  },
  "last_10_train_loss_mean": 2.9146936416625975,
  "last_10_train_loss_stdev": 0.05987828617268914,
  "last_10_train_losses": [
    2.8990635871887207,
    2.9062976837158203,
    2.891749858856201,
    2.7879066467285156,
    2.9559829235076904,
    2.9280455112457275,
    2.954643726348877,
    2.8910157680511475,
    3.020998954772949,
    2.911231756210327
  ],
  "mfu_percent": 12.485781096170967,
  "model_config": {
    "init_scale": 1.0,
    "n_embd": 512,
    "n_head": 4,
    "n_kv_head": 4,
    "n_layer": 8,
    "rope_base": 10000,
    "sequence_len": 2048,
    "vocab_size": 8192,
    "window_sizes": [
      256,
      256,
      256,
      2048,
      256,
      256,
      256,
      2048
    ],
    "x0_init": 0.1
  },
  "num_params_M": 50.332176,
  "num_steps": 1352,
  "peak_vram_mb": 22652.44873046875,
  "seed": 42,
  "total_seconds": 342.98898339271545,
  "total_tokens_M": 177.209344,
  "training_seconds": 300.0773582458496,
  "val_bpb": 1.0396882210605254
}
