{
  "depth": 8,
  "description": "same_seed repeat 03/10",
  "device_batch_size": 64,
  "experiment": "same_seed",
  "grad_accum_steps": 1,
  "hparams": {
    "aspect_ratio": 64,
    "depth": 8,
    "embedding_lr": 0.8999999999999999,
    "embedding_wd": 0.001,
    "final_lr_frac": 0.05,
    "head_dim": 128,
    "init_scale": 1.0,
    "lm_head_wd": 0.01,
    "matrix_lr": 0.06,
    "muon_momentum_warmup_steps": 300,
    "rope_base": 10000,
    "scalar_lr": 0.75,
    "total_batch_size": 131072,
    "unembedding_lr": 0.006,
    "value_embedding_wd": 0.003,
    "warmdown_ratio": 0.7,
    "warmup_ratio": 0.0,
    "weight_decay": 0.1,
    "window_sizes": [
      256,
      256,
      256,
      2048,
      256,
      256,
      256,
      2048
    ],
    "x0_init": 0.1
  },
  "last_10_train_loss_mean": 2.914973998069763,
  "last_10_train_loss_stdev": 0.061049307875669055,
  "last_10_train_losses": [
    2.921753406524658,
    2.8974063396453857,
    2.907494306564331,
    2.889413833618164,
    2.784154176712036,
    2.957876682281494,
    2.9254422187805176,
    2.9553537368774414,
    2.8901824951171875,
    3.020662784576416
  ],
  "mfu_percent": 12.477214617159207,
  "model_config": {
    "init_scale": 1.0,
    "n_embd": 512,
    "n_head": 4,
    "n_kv_head": 4,
    "n_layer": 8,
    "rope_base": 10000,
    "sequence_len": 2048,
    "vocab_size": 8192,
    "window_sizes": [
      256,
      256,
      256,
      2048,
      256,
      256,
      256,
      2048
    ],
    "x0_init": 0.1
  },
  "num_params_M": 50.332176,
  "num_steps": 1351,
  "peak_vram_mb": 22652.44873046875,
  "seed": 42,
  "total_seconds": 343.3954391479492,
  "total_tokens_M": 177.078272,
  "training_seconds": 300.0596241950989,
  "val_bpb": 1.0394980880082507
}
