{
  "depth": 8,
  "description": "seed_sweep repeat 02/10",
  "device_batch_size": 64,
  "experiment": "seed_sweep",
  "grad_accum_steps": 1,
  "hparams": {
    "aspect_ratio": 64,
    "depth": 8,
    "embedding_lr": 0.8999999999999999,
    "embedding_wd": 0.001,
    "final_lr_frac": 0.05,
    "head_dim": 128,
    "init_scale": 1.0,
    "lm_head_wd": 0.01,
    "matrix_lr": 0.06,
    "muon_momentum_warmup_steps": 300,
    "rope_base": 10000,
    "scalar_lr": 0.75,
    "total_batch_size": 131072,
    "unembedding_lr": 0.006,
    "value_embedding_wd": 0.003,
    "warmdown_ratio": 0.7,
    "warmup_ratio": 0.0,
    "weight_decay": 0.1,
    "window_sizes": [
      256,
      256,
      256,
      2048,
      256,
      256,
      256,
      2048
    ],
    "x0_init": 0.1
  },
  "last_10_train_loss_mean": 2.911497163772583,
  "last_10_train_loss_stdev": 0.051164828769311575,
  "last_10_train_losses": [
    2.9568934440612793,
    2.9261250495910645,
    2.9032156467437744,
    2.908224105834961,
    2.8927154541015625,
    2.7858283519744873,
    2.9606308937072754,
    2.929443836212158,
    2.9568281173706055,
    2.895066738128662
  ],
  "mfu_percent": 12.469409429231668,
  "model_config": {
    "init_scale": 1.0,
    "n_embd": 512,
    "n_head": 4,
    "n_kv_head": 4,
    "n_layer": 8,
    "rope_base": 10000,
    "sequence_len": 2048,
    "vocab_size": 8192,
    "window_sizes": [
      256,
      256,
      256,
      2048,
      256,
      256,
      256,
      2048
    ],
    "x0_init": 0.1
  },
  "num_params_M": 50.332176,
  "num_steps": 1350,
  "peak_vram_mb": 22652.44873046875,
  "seed": 43,
  "total_seconds": 343.4245502948761,
  "total_tokens_M": 176.9472,
  "training_seconds": 300.02354741096497,
  "val_bpb": 1.0404319430273203
}
