{
  "depth": 8,
  "description": "seed_sweep repeat 07/10",
  "device_batch_size": 64,
  "experiment": "seed_sweep",
  "grad_accum_steps": 1,
  "hparams": {
    "aspect_ratio": 64,
    "depth": 8,
    "embedding_lr": 0.8999999999999999,
    "embedding_wd": 0.001,
    "final_lr_frac": 0.05,
    "head_dim": 128,
    "init_scale": 1.0,
    "lm_head_wd": 0.01,
    "matrix_lr": 0.06,
    "muon_momentum_warmup_steps": 300,
    "rope_base": 10000,
    "scalar_lr": 0.75,
    "total_batch_size": 131072,
    "unembedding_lr": 0.006,
    "value_embedding_wd": 0.003,
    "warmdown_ratio": 0.7,
    "warmup_ratio": 0.0,
    "weight_decay": 0.1,
    "window_sizes": [
      256,
      256,
      256,
      2048,
      256,
      256,
      256,
      2048
    ],
    "x0_init": 0.1
  },
  "last_10_train_loss_mean": 2.9143622875213624,
  "last_10_train_loss_stdev": 0.061285860888893484,
  "last_10_train_losses": [
    2.8996071815490723,
    2.9052751064300537,
    2.890439033508301,
    2.7836623191833496,
    2.95729923248291,
    2.928140640258789,
    2.957545280456543,
    2.888596296310425,
    3.020583152770996,
    2.9124746322631836
  ],
  "mfu_percent": 12.48562244364069,
  "model_config": {
    "init_scale": 1.0,
    "n_embd": 512,
    "n_head": 4,
    "n_kv_head": 4,
    "n_layer": 8,
    "rope_base": 10000,
    "sequence_len": 2048,
    "vocab_size": 8192,
    "window_sizes": [
      256,
      256,
      256,
      2048,
      256,
      256,
      256,
      2048
    ],
    "x0_init": 0.1
  },
  "num_params_M": 50.332176,
  "num_steps": 1352,
  "peak_vram_mb": 22652.44873046875,
  "seed": 48,
  "total_seconds": 343.48398780822754,
  "total_tokens_M": 177.209344,
  "training_seconds": 300.0811712741852,
  "val_bpb": 1.0394365072504932
}
