{
  "depth": 8,
  "description": "seed_sweep repeat 09/10",
  "device_batch_size": 64,
  "experiment": "seed_sweep",
  "grad_accum_steps": 1,
  "hparams": {
    "aspect_ratio": 64,
    "depth": 8,
    "embedding_lr": 0.8999999999999999,
    "embedding_wd": 0.001,
    "final_lr_frac": 0.05,
    "head_dim": 128,
    "init_scale": 1.0,
    "lm_head_wd": 0.01,
    "matrix_lr": 0.06,
    "muon_momentum_warmup_steps": 300,
    "rope_base": 10000,
    "scalar_lr": 0.75,
    "total_batch_size": 131072,
    "unembedding_lr": 0.006,
    "value_embedding_wd": 0.003,
    "warmdown_ratio": 0.7,
    "warmup_ratio": 0.0,
    "weight_decay": 0.1,
    "window_sizes": [
      256,
      256,
      256,
      2048,
      256,
      256,
      256,
      2048
    ],
    "x0_init": 0.1
  },
  "last_10_train_loss_mean": 2.91041476726532,
  "last_10_train_loss_stdev": 0.0595452181619703,
  "last_10_train_losses": [
    2.9151463508605957,
    2.893284559249878,
    2.9011828899383545,
    2.8858914375305176,
    2.781932830810547,
    2.952570915222168,
    2.9248225688934326,
    2.9529805183410645,
    2.885904312133789,
    3.0104312896728516
  ],
  "mfu_percent": 12.477647399358782,
  "model_config": {
    "init_scale": 1.0,
    "n_embd": 512,
    "n_head": 4,
    "n_kv_head": 4,
    "n_layer": 8,
    "rope_base": 10000,
    "sequence_len": 2048,
    "vocab_size": 8192,
    "window_sizes": [
      256,
      256,
      256,
      2048,
      256,
      256,
      256,
      2048
    ],
    "x0_init": 0.1
  },
  "num_params_M": 50.332176,
  "num_steps": 1351,
  "peak_vram_mb": 22652.44873046875,
  "seed": 50,
  "total_seconds": 343.4525909423828,
  "total_tokens_M": 177.078272,
  "training_seconds": 300.04921674728394,
  "val_bpb": 1.0375291427186946
}
