{
  "depth": 8,
  "description": "seed_sweep repeat 08/10",
  "device_batch_size": 64,
  "experiment": "seed_sweep",
  "grad_accum_steps": 1,
  "hparams": {
    "aspect_ratio": 64,
    "depth": 8,
    "embedding_lr": 0.8999999999999999,
    "embedding_wd": 0.001,
    "final_lr_frac": 0.05,
    "head_dim": 128,
    "init_scale": 1.0,
    "lm_head_wd": 0.01,
    "matrix_lr": 0.06,
    "muon_momentum_warmup_steps": 300,
    "rope_base": 10000,
    "scalar_lr": 0.75,
    "total_batch_size": 131072,
    "unembedding_lr": 0.006,
    "value_embedding_wd": 0.003,
    "warmdown_ratio": 0.7,
    "warmup_ratio": 0.0,
    "weight_decay": 0.1,
    "window_sizes": [
      256,
      256,
      256,
      2048,
      256,
      256,
      256,
      2048
    ],
    "x0_init": 0.1
  },
  "last_10_train_loss_mean": 2.9172219038009644,
  "last_10_train_loss_stdev": 0.06006557837624094,
  "last_10_train_losses": [
    2.9019811153411865,
    2.912271738052368,
    2.893251895904541,
    2.787552833557129,
    2.959890604019165,
    2.9305996894836426,
    2.958238363265991,
    2.8927865028381348,
    3.019906997680664,
    2.9157392978668213
  ],
  "mfu_percent": 12.485340632802654,
  "model_config": {
    "init_scale": 1.0,
    "n_embd": 512,
    "n_head": 4,
    "n_kv_head": 4,
    "n_layer": 8,
    "rope_base": 10000,
    "sequence_len": 2048,
    "vocab_size": 8192,
    "window_sizes": [
      256,
      256,
      256,
      2048,
      256,
      256,
      256,
      2048
    ],
    "x0_init": 0.1
  },
  "num_params_M": 50.332176,
  "num_steps": 1352,
  "peak_vram_mb": 22652.44873046875,
  "seed": 49,
  "total_seconds": 343.2746284008026,
  "total_tokens_M": 177.209344,
  "training_seconds": 300.0879445075989,
  "val_bpb": 1.0405330808357747
}
