{
  "depth": 8,
  "description": "seed_sweep repeat 05/10",
  "device_batch_size": 64,
  "experiment": "seed_sweep",
  "grad_accum_steps": 1,
  "hparams": {
    "aspect_ratio": 64,
    "depth": 8,
    "embedding_lr": 0.8999999999999999,
    "embedding_wd": 0.001,
    "final_lr_frac": 0.05,
    "head_dim": 128,
    "init_scale": 1.0,
    "lm_head_wd": 0.01,
    "matrix_lr": 0.06,
    "muon_momentum_warmup_steps": 300,
    "rope_base": 10000,
    "scalar_lr": 0.75,
    "total_batch_size": 131072,
    "unembedding_lr": 0.006,
    "value_embedding_wd": 0.003,
    "warmdown_ratio": 0.7,
    "warmup_ratio": 0.0,
    "weight_decay": 0.1,
    "window_sizes": [
      256,
      256,
      256,
      2048,
      256,
      256,
      256,
      2048
    ],
    "x0_init": 0.1
  },
  "last_10_train_loss_mean": 2.9141275882720947,
  "last_10_train_loss_stdev": 0.06076887512899487,
  "last_10_train_losses": [
    2.904006242752075,
    2.892542839050293,
    2.782196521759033,
    2.9538426399230957,
    2.9232897758483887,
    2.9568846225738525,
    2.88991379737854,
    3.019578695297241,
    2.9129221439361572,
    2.9060986042022705
  ],
  "mfu_percent": 12.48903124573673,
  "model_config": {
    "init_scale": 1.0,
    "n_embd": 512,
    "n_head": 4,
    "n_kv_head": 4,
    "n_layer": 8,
    "rope_base": 10000,
    "sequence_len": 2048,
    "vocab_size": 8192,
    "window_sizes": [
      256,
      256,
      256,
      2048,
      256,
      256,
      256,
      2048
    ],
    "x0_init": 0.1
  },
  "num_params_M": 50.332176,
  "num_steps": 1353,
  "peak_vram_mb": 22652.44873046875,
  "seed": 46,
  "total_seconds": 343.421587228775,
  "total_tokens_M": 177.340416,
  "training_seconds": 300.2228124141693,
  "val_bpb": 1.0386434802093762
}
