{
  "depth": 8,
  "description": "seed_sweep repeat 01/10",
  "device_batch_size": 64,
  "experiment": "seed_sweep",
  "grad_accum_steps": 1,
  "hparams": {
    "aspect_ratio": 64,
    "depth": 8,
    "embedding_lr": 0.8999999999999999,
    "embedding_wd": 0.001,
    "final_lr_frac": 0.05,
    "head_dim": 128,
    "init_scale": 1.0,
    "lm_head_wd": 0.01,
    "matrix_lr": 0.06,
    "muon_momentum_warmup_steps": 300,
    "rope_base": 10000,
    "scalar_lr": 0.75,
    "total_batch_size": 131072,
    "unembedding_lr": 0.006,
    "value_embedding_wd": 0.003,
    "warmdown_ratio": 0.7,
    "warmup_ratio": 0.0,
    "weight_decay": 0.1,
    "window_sizes": [
      256,
      256,
      256,
      2048,
      256,
      256,
      256,
      2048
    ],
    "x0_init": 0.1
  },
  "last_10_train_loss_mean": 2.912967801094055,
  "last_10_train_loss_stdev": 0.06028377878091005,
  "last_10_train_losses": [
    2.88974928855896,
    2.7887887954711914,
    2.956814765930176,
    2.9292454719543457,
    2.953547954559326,
    2.8909597396850586,
    3.0190963745117188,
    2.914215564727783,
    2.908057928085327,
    2.879202127456665
  ],
  "mfu_percent": 12.50145854042211,
  "model_config": {
    "init_scale": 1.0,
    "n_embd": 512,
    "n_head": 4,
    "n_kv_head": 4,
    "n_layer": 8,
    "rope_base": 10000,
    "sequence_len": 2048,
    "vocab_size": 8192,
    "window_sizes": [
      256,
      256,
      256,
      2048,
      256,
      256,
      256,
      2048
    ],
    "x0_init": 0.1
  },
  "num_params_M": 50.332176,
  "num_steps": 1354,
  "peak_vram_mb": 22652.44873046875,
  "seed": 42,
  "total_seconds": 343.39893102645874,
  "total_tokens_M": 177.471488,
  "training_seconds": 300.1476948261261,
  "val_bpb": 1.0394742544179592
}
