{
  "depth": 8,
  "description": "seed_sweep repeat 06/10",
  "device_batch_size": 64,
  "experiment": "seed_sweep",
  "grad_accum_steps": 1,
  "hparams": {
    "aspect_ratio": 64,
    "depth": 8,
    "embedding_lr": 0.8999999999999999,
    "embedding_wd": 0.001,
    "final_lr_frac": 0.05,
    "head_dim": 128,
    "init_scale": 1.0,
    "lm_head_wd": 0.01,
    "matrix_lr": 0.06,
    "muon_momentum_warmup_steps": 300,
    "rope_base": 10000,
    "scalar_lr": 0.75,
    "total_batch_size": 131072,
    "unembedding_lr": 0.006,
    "value_embedding_wd": 0.003,
    "warmdown_ratio": 0.7,
    "warmup_ratio": 0.0,
    "weight_decay": 0.1,
    "window_sizes": [
      256,
      256,
      256,
      2048,
      256,
      256,
      256,
      2048
    ],
    "x0_init": 0.1
  },
  "last_10_train_loss_mean": 2.918507981300354,
  "last_10_train_loss_stdev": 0.052259269829704524,
  "last_10_train_losses": [
    2.9644083976745605,
    2.9307992458343506,
    2.9043803215026855,
    2.9182562828063965,
    2.895179510116577,
    2.7929539680480957,
    2.9717397689819336,
    2.937598705291748,
    2.9671261310577393,
    2.902637481689453
  ],
  "mfu_percent": 12.47024079185382,
  "model_config": {
    "init_scale": 1.0,
    "n_embd": 512,
    "n_head": 4,
    "n_kv_head": 4,
    "n_layer": 8,
    "rope_base": 10000,
    "sequence_len": 2048,
    "vocab_size": 8192,
    "window_sizes": [
      256,
      256,
      256,
      2048,
      256,
      256,
      256,
      2048
    ],
    "x0_init": 0.1
  },
  "num_params_M": 50.332176,
  "num_steps": 1350,
  "peak_vram_mb": 22652.44873046875,
  "seed": 47,
  "total_seconds": 343.26515102386475,
  "total_tokens_M": 176.9472,
  "training_seconds": 300.0035455226898,
  "val_bpb": 1.043113099998312
}
