{
  "depth": 8,
  "description": "seed_sweep repeat 04/10",
  "device_batch_size": 64,
  "experiment": "seed_sweep",
  "grad_accum_steps": 1,
  "hparams": {
    "aspect_ratio": 64,
    "depth": 8,
    "embedding_lr": 0.8999999999999999,
    "embedding_wd": 0.001,
    "final_lr_frac": 0.05,
    "head_dim": 128,
    "init_scale": 1.0,
    "lm_head_wd": 0.01,
    "matrix_lr": 0.06,
    "muon_momentum_warmup_steps": 300,
    "rope_base": 10000,
    "scalar_lr": 0.75,
    "total_batch_size": 131072,
    "unembedding_lr": 0.006,
    "value_embedding_wd": 0.003,
    "warmdown_ratio": 0.7,
    "warmup_ratio": 0.0,
    "weight_decay": 0.1,
    "window_sizes": [
      256,
      256,
      256,
      2048,
      256,
      256,
      256,
      2048
    ],
    "x0_init": 0.1
  },
  "last_10_train_loss_mean": 2.9121416091918944,
  "last_10_train_loss_stdev": 0.05145026181847931,
  "last_10_train_losses": [
    2.9562172889709473,
    2.9264190196990967,
    2.9021553993225098,
    2.910628080368042,
    2.892085075378418,
    2.7867236137390137,
    2.962451934814453,
    2.9309468269348145,
    2.959480047225952,
    2.8943088054656982
  ],
  "mfu_percent": 12.468403338767953,
  "model_config": {
    "init_scale": 1.0,
    "n_embd": 512,
    "n_head": 4,
    "n_kv_head": 4,
    "n_layer": 8,
    "rope_base": 10000,
    "sequence_len": 2048,
    "vocab_size": 8192,
    "window_sizes": [
      256,
      256,
      256,
      2048,
      256,
      256,
      256,
      2048
    ],
    "x0_init": 0.1
  },
  "num_params_M": 50.332176,
  "num_steps": 1350,
  "peak_vram_mb": 22652.44873046875,
  "seed": 45,
  "total_seconds": 343.5187475681305,
  "total_tokens_M": 176.9472,
  "training_seconds": 300.0477566719055,
  "val_bpb": 1.0408204752769923
}
