{
  "depth": 8,
  "description": "seed_sweep repeat 03/10",
  "device_batch_size": 64,
  "experiment": "seed_sweep",
  "grad_accum_steps": 1,
  "hparams": {
    "aspect_ratio": 64,
    "depth": 8,
    "embedding_lr": 0.8999999999999999,
    "embedding_wd": 0.001,
    "final_lr_frac": 0.05,
    "head_dim": 128,
    "init_scale": 1.0,
    "lm_head_wd": 0.01,
    "matrix_lr": 0.06,
    "muon_momentum_warmup_steps": 300,
    "rope_base": 10000,
    "scalar_lr": 0.75,
    "total_batch_size": 131072,
    "unembedding_lr": 0.006,
    "value_embedding_wd": 0.003,
    "warmdown_ratio": 0.7,
    "warmup_ratio": 0.0,
    "weight_decay": 0.1,
    "window_sizes": [
      256,
      256,
      256,
      2048,
      256,
      256,
      256,
      2048
    ],
    "x0_init": 0.1
  },
  "last_10_train_loss_mean": 2.9201483011245726,
  "last_10_train_loss_stdev": 0.06013484971171274,
  "last_10_train_losses": [
    2.9283063411712646,
    2.9012441635131836,
    2.911254405975342,
    2.896792411804199,
    2.7915966510772705,
    2.961442470550537,
    2.9318432807922363,
    2.9602088928222656,
    2.8944203853607178,
    3.024374008178711
  ],
  "mfu_percent": 12.47257340621036,
  "model_config": {
    "init_scale": 1.0,
    "n_embd": 512,
    "n_head": 4,
    "n_kv_head": 4,
    "n_layer": 8,
    "rope_base": 10000,
    "sequence_len": 2048,
    "vocab_size": 8192,
    "window_sizes": [
      256,
      256,
      256,
      2048,
      256,
      256,
      256,
      2048
    ],
    "x0_init": 0.1
  },
  "num_params_M": 50.332176,
  "num_steps": 1351,
  "peak_vram_mb": 22652.44873046875,
  "seed": 44,
  "total_seconds": 343.35652589797974,
  "total_tokens_M": 177.078272,
  "training_seconds": 300.1712803840637,
  "val_bpb": 1.0409441900342482
}
