cifar_baseline2_overfit_n_search run=0 batch_size=2000 train_steps=20 N=1 M=0 interval_scheduler=constant lr_connectedness=jump_allowed muon_orthogonalize=True momentum_config=search_momentum_fixed_nesterov_false search_momentum=True muon_nesterov=False initial_muon_lr=0.2 initial_muon_lr_k=0 initial_muon_momentum=0.6 initial_muon_momentum_index=6
train_loss run=0 step=0/20 loss=2.3135 head_lr=1072 muon_lr=0.2 muon_momentum=0.6 muon_nesterov=False muon_grad_momentum_norm_ratio=none
main interval: 0.2 0.2 0.6 loss=2.227965
main interval: 0.33 0.33 0.6 loss=2.251109
main interval: 0.12 0.12 0.6 loss=2.220127
main interval: 0.2 0.2 0.5 loss=2.227965
main interval: 0.2 0.2 0.7 loss=2.227965
main interval: 0.072 0.072 0.6 loss=2.231126
main interval: 0.12 0.12 0.5 loss=2.220127
main interval: 0.12 0.12 0.7 loss=2.220127
main interval: 0.072 0.072 0.5 loss=2.231126
main interval: 0.12 0.12 0.4 loss=2.220127
main interval: 0.2 0.2 0.4 loss=2.227965
main interval: 0.072 0.072 0.4 loss=2.231126
main interval: 0.12 0.12 0.3 loss=2.220127
main interval: 0.2 0.2 0.3 loss=2.227965
main interval: 0.072 0.072 0.3 loss=2.231126
main interval: 0.12 0.12 0.2 loss=2.220127
main interval: 0.2 0.2 0.2 loss=2.227965
main interval: 0.072 0.072 0.2 loss=2.231126
main interval: 0.12 0.12 0.1 loss=2.220127
main interval: 0.2 0.2 0.1 loss=2.227965
main interval: 0.072 0.072 0.1 loss=2.231126
main interval: 0.12 0.12 0 loss=2.220127
main interval: 0.2 0.2 0 loss=2.227965
main interval: 0.072 0.072 0 loss=2.231126
best_muon_lr=[0.12,0.12] best_muon_momentum=0 interval_loss=2.220127 final_loss=2.220127 evaluated_interval_configs=24 evaluated_configs=24
train_loss run=0 step=1/20 loss=2.2201 head_lr=1072 muon_lr=0.12 muon_momentum=0 muon_nesterov=False muon_grad_momentum_norm_ratio=1
main interval: 0.12 0.12 0 loss=2.212795
main interval: 0.2 0.2 0 loss=2.346049
main interval: 0.072 0.072 0 loss=2.407755
main interval: 0.12 0.12 0.1 loss=2.507764
best_muon_lr=[0.12,0.12] best_muon_momentum=0 interval_loss=2.212795 final_loss=2.212795 evaluated_interval_configs=4 evaluated_configs=4
train_loss run=0 step=2/20 loss=2.2128 head_lr=1072 muon_lr=0.12 muon_momentum=0 muon_nesterov=False muon_grad_momentum_norm_ratio=1
main interval: 0.12 0.12 0 loss=1.962576
main interval: 0.2 0.2 0 loss=2.006808
main interval: 0.072 0.072 0 loss=1.987335
main interval: 0.12 0.12 0.1 loss=2.103318
best_muon_lr=[0.12,0.12] best_muon_momentum=0 interval_loss=1.962576 final_loss=1.962576 evaluated_interval_configs=4 evaluated_configs=4
train_loss run=0 step=3/20 loss=1.9626 head_lr=1072 muon_lr=0.12 muon_momentum=0 muon_nesterov=False muon_grad_momentum_norm_ratio=1
main interval: 0.12 0.12 0 loss=1.789619
main interval: 0.2 0.2 0 loss=1.915720
main interval: 0.072 0.072 0 loss=1.766238
main interval: 0.12 0.12 0.1 loss=1.836811
main interval: 0.043 0.043 0 loss=1.811042
main interval: 0.072 0.072 0.1 loss=1.831277
best_muon_lr=[0.072,0.072] best_muon_momentum=0 interval_loss=1.766238 final_loss=1.766238 evaluated_interval_configs=6 evaluated_configs=6
train_loss run=0 step=4/20 loss=1.7662 head_lr=1072 muon_lr=0.072 muon_momentum=0 muon_nesterov=False muon_grad_momentum_norm_ratio=1
main interval: 0.072 0.072 0 loss=1.568698
main interval: 0.12 0.12 0 loss=1.760159
main interval: 0.043 0.043 0 loss=1.603337
main interval: 0.072 0.072 0.1 loss=1.731131
best_muon_lr=[0.072,0.072] best_muon_momentum=0 interval_loss=1.568698 final_loss=1.568698 evaluated_interval_configs=4 evaluated_configs=4
train_loss run=0 step=5/20 loss=1.5687 head_lr=1072 muon_lr=0.072 muon_momentum=0 muon_nesterov=False muon_grad_momentum_norm_ratio=1
main interval: 0.072 0.072 0 loss=1.445616
main interval: 0.12 0.12 0 loss=1.663644
main interval: 0.043 0.043 0 loss=1.402127
main interval: 0.072 0.072 0.1 loss=1.489529
main interval: 0.026 0.026 0 loss=1.417865
main interval: 0.043 0.043 0.1 loss=1.434442
best_muon_lr=[0.043,0.043] best_muon_momentum=0 interval_loss=1.402127 final_loss=1.402127 evaluated_interval_configs=6 evaluated_configs=6
train_loss run=0 step=6/20 loss=1.4021 head_lr=1072 muon_lr=0.043 muon_momentum=0 muon_nesterov=False muon_grad_momentum_norm_ratio=1
main interval: 0.043 0.043 0 loss=1.259452
main interval: 0.072 0.072 0 loss=1.398054
main interval: 0.026 0.026 0 loss=1.295550
main interval: 0.043 0.043 0.1 loss=1.370848
best_muon_lr=[0.043,0.043] best_muon_momentum=0 interval_loss=1.259452 final_loss=1.259452 evaluated_interval_configs=4 evaluated_configs=4
train_loss run=0 step=7/20 loss=1.2595 head_lr=1072 muon_lr=0.043 muon_momentum=0 muon_nesterov=False muon_grad_momentum_norm_ratio=1
main interval: 0.043 0.043 0 loss=1.185441
main interval: 0.072 0.072 0 loss=1.427640
main interval: 0.026 0.026 0 loss=1.223549
main interval: 0.043 0.043 0.1 loss=1.332104
best_muon_lr=[0.043,0.043] best_muon_momentum=0 interval_loss=1.185441 final_loss=1.185441 evaluated_interval_configs=4 evaluated_configs=4
train_loss run=0 step=8/20 loss=1.1854 head_lr=1072 muon_lr=0.043 muon_momentum=0 muon_nesterov=False muon_grad_momentum_norm_ratio=1
main interval: 0.043 0.043 0 loss=1.148037
main interval: 0.072 0.072 0 loss=1.368308
main interval: 0.026 0.026 0 loss=1.203995
main interval: 0.043 0.043 0.1 loss=1.328655
best_muon_lr=[0.043,0.043] best_muon_momentum=0 interval_loss=1.148037 final_loss=1.148037 evaluated_interval_configs=4 evaluated_configs=4
train_loss run=0 step=9/20 loss=1.1480 head_lr=1072 muon_lr=0.043 muon_momentum=0 muon_nesterov=False muon_grad_momentum_norm_ratio=1
main interval: 0.043 0.043 0 loss=1.083605
main interval: 0.072 0.072 0 loss=1.391227
main interval: 0.026 0.026 0 loss=1.155843
main interval: 0.043 0.043 0.1 loss=1.358978
best_muon_lr=[0.043,0.043] best_muon_momentum=0 interval_loss=1.083605 final_loss=1.083605 evaluated_interval_configs=4 evaluated_configs=4
train_loss run=0 step=10/20 loss=1.0836 head_lr=1072 muon_lr=0.043 muon_momentum=0 muon_nesterov=False muon_grad_momentum_norm_ratio=1
main interval: 0.043 0.043 0 loss=1.076440
main interval: 0.072 0.072 0 loss=1.396991
main interval: 0.026 0.026 0 loss=1.123086
main interval: 0.043 0.043 0.1 loss=1.312371
best_muon_lr=[0.043,0.043] best_muon_momentum=0 interval_loss=1.076440 final_loss=1.076440 evaluated_interval_configs=4 evaluated_configs=4
train_loss run=0 step=11/20 loss=1.0764 head_lr=1072 muon_lr=0.043 muon_momentum=0 muon_nesterov=False muon_grad_momentum_norm_ratio=1
main interval: 0.043 0.043 0 loss=1.015702
main interval: 0.072 0.072 0 loss=1.320791
main interval: 0.026 0.026 0 loss=1.067228
main interval: 0.043 0.043 0.1 loss=1.249185
best_muon_lr=[0.043,0.043] best_muon_momentum=0 interval_loss=1.015702 final_loss=1.015702 evaluated_interval_configs=4 evaluated_configs=4
train_loss run=0 step=12/20 loss=1.0157 head_lr=1072 muon_lr=0.043 muon_momentum=0 muon_nesterov=False muon_grad_momentum_norm_ratio=1
main interval: 0.043 0.043 0 loss=1.019091
main interval: 0.072 0.072 0 loss=1.359990
main interval: 0.026 0.026 0 loss=1.048602
main interval: 0.043 0.043 0.1 loss=1.245665
best_muon_lr=[0.043,0.043] best_muon_momentum=0 interval_loss=1.019091 final_loss=1.019091 evaluated_interval_configs=4 evaluated_configs=4
train_loss run=0 step=13/20 loss=1.0191 head_lr=1072 muon_lr=0.043 muon_momentum=0 muon_nesterov=False muon_grad_momentum_norm_ratio=1
main interval: 0.043 0.043 0 loss=0.996773
main interval: 0.072 0.072 0 loss=1.272232
main interval: 0.026 0.026 0 loss=1.027961
main interval: 0.043 0.043 0.1 loss=1.183076
best_muon_lr=[0.043,0.043] best_muon_momentum=0 interval_loss=0.996773 final_loss=0.996773 evaluated_interval_configs=4 evaluated_configs=4
train_loss run=0 step=14/20 loss=0.9968 head_lr=1072 muon_lr=0.043 muon_momentum=0 muon_nesterov=False muon_grad_momentum_norm_ratio=1
main interval: 0.043 0.043 0 loss=0.974324
main interval: 0.072 0.072 0 loss=1.270000
main interval: 0.026 0.026 0 loss=0.971821
main interval: 0.043 0.043 0.1 loss=1.114698
main interval: 0.016 0.016 0 loss=1.016883
main interval: 0.026 0.026 0.1 loss=1.097533
best_muon_lr=[0.026,0.026] best_muon_momentum=0 interval_loss=0.971821 final_loss=0.971821 evaluated_interval_configs=6 evaluated_configs=6
train_loss run=0 step=15/20 loss=0.9718 head_lr=1072 muon_lr=0.026 muon_momentum=0 muon_nesterov=False muon_grad_momentum_norm_ratio=1
main interval: 0.026 0.026 0 loss=0.934545
main interval: 0.043 0.043 0 loss=1.055892
main interval: 0.016 0.016 0 loss=0.985193
main interval: 0.026 0.026 0.1 loss=1.105077
best_muon_lr=[0.026,0.026] best_muon_momentum=0 interval_loss=0.934545 final_loss=0.934545 evaluated_interval_configs=4 evaluated_configs=4
train_loss run=0 step=16/20 loss=0.9345 head_lr=1072 muon_lr=0.026 muon_momentum=0 muon_nesterov=False muon_grad_momentum_norm_ratio=1
main interval: 0.026 0.026 0 loss=0.931396
main interval: 0.043 0.043 0 loss=1.068664
main interval: 0.016 0.016 0 loss=0.918964
main interval: 0.026 0.026 0.1 loss=0.971892
main interval: 0.0093 0.0093 0 loss=0.924888
main interval: 0.016 0.016 0.1 loss=0.947366
best_muon_lr=[0.016,0.016] best_muon_momentum=0 interval_loss=0.918964 final_loss=0.918964 evaluated_interval_configs=6 evaluated_configs=6
train_loss run=0 step=17/20 loss=0.9190 head_lr=1072 muon_lr=0.016 muon_momentum=0 muon_nesterov=False muon_grad_momentum_norm_ratio=1
main interval: 0.016 0.016 0 loss=0.907551
main interval: 0.026 0.026 0 loss=0.967663
main interval: 0.0093 0.0093 0 loss=0.926176
main interval: 0.016 0.016 0.1 loss=0.979159
best_muon_lr=[0.016,0.016] best_muon_momentum=0 interval_loss=0.907551 final_loss=0.907551 evaluated_interval_configs=4 evaluated_configs=4
train_loss run=0 step=18/20 loss=0.9076 head_lr=1072 muon_lr=0.016 muon_momentum=0 muon_nesterov=False muon_grad_momentum_norm_ratio=1
main interval: 0.016 0.016 0 loss=0.905174
main interval: 0.026 0.026 0 loss=0.970446
main interval: 0.0093 0.0093 0 loss=0.904887
main interval: 0.016 0.016 0.1 loss=0.934701
main interval: 0.0056 0.0056 0 loss=0.914864
main interval: 0.0093 0.0093 0.1 loss=0.929236
best_muon_lr=[0.0093,0.0093] best_muon_momentum=0 interval_loss=0.904887 final_loss=0.904887 evaluated_interval_configs=6 evaluated_configs=6
train_loss run=0 step=19/20 loss=0.9049 head_lr=1072 muon_lr=0.0093 muon_momentum=0 muon_nesterov=False muon_grad_momentum_norm_ratio=1
main interval: 0.0093 0.0093 0 loss=0.889546
main interval: 0.016 0.016 0 loss=0.922714
main interval: 0.0056 0.0056 0 loss=0.909963
main interval: 0.0093 0.0093 0.1 loss=0.943984
best_muon_lr=[0.0093,0.0093] best_muon_momentum=0 interval_loss=0.889546 final_loss=0.889546 evaluated_interval_configs=4 evaluated_configs=4
train_loss run=0 step=20/20 loss=0.8895 head_lr=1072 muon_lr=0.0093 muon_momentum=0 muon_nesterov=False muon_grad_momentum_norm_ratio=1
Batch size:          2000
N steps:             1
M cooldown steps:    0
Interval scheduler:  constant
LR connectedness:    jump_allowed
Muon orthogonalize:  True
Momentum config:     search_momentum_fixed_nesterov_false
Search momentum:     True
Muon nesterov:       False
Initial Muon lr:     0.2
Initial Muon lr k:   0
Initial Muon mom:    0.6
Initial Muon mom i:  6
Final start lr:      0.0093
Final start lr k:    6
Final Muon lr:       0.0093
Final Muon lr k:     6
Final end lr:        0.0093
Final end lr k:      6
Final Muon momentum: 0
Final Muon nesterov: False
Final Muon mom i:    0
SGD lr mult:         0.8
Initial train loss:  2.313483
Final train loss:    0.889546
Run seconds:         9.375
cifar_baseline2_overfit_n_search run=1 batch_size=2000 train_steps=20 N=1 M=0 interval_scheduler=linear lr_connectedness=jump_allowed muon_orthogonalize=True momentum_config=search_momentum_fixed_nesterov_false search_momentum=True muon_nesterov=False initial_muon_lr=0.2 initial_muon_lr_k=0 initial_muon_momentum=0.6 initial_muon_momentum_index=6
train_loss run=1 step=0/20 loss=2.3135 head_lr=1072 muon_lr=0.2 muon_momentum=0.6 muon_nesterov=False muon_grad_momentum_norm_ratio=none
main interval: 0.2 0.2 0.6 loss=2.227965
main interval: 0.33 0.33 0.6 loss=2.251109
main interval: 0.12 0.12 0.6 loss=2.220127
main interval: 0.2 0.2 0.5 loss=2.227965
main interval: 0.2 0.2 0.7 loss=2.227965
main interval: 0.072 0.072 0.6 loss=2.231126
main interval: 0.12 0.12 0.5 loss=2.220127
main interval: 0.12 0.12 0.7 loss=2.220127
main interval: 0.072 0.072 0.5 loss=2.231126
main interval: 0.12 0.12 0.4 loss=2.220127
main interval: 0.2 0.2 0.4 loss=2.227965
main interval: 0.072 0.072 0.4 loss=2.231126
main interval: 0.12 0.12 0.3 loss=2.220127
main interval: 0.2 0.2 0.3 loss=2.227965
main interval: 0.072 0.072 0.3 loss=2.231126
main interval: 0.12 0.12 0.2 loss=2.220127
main interval: 0.2 0.2 0.2 loss=2.227965
main interval: 0.072 0.072 0.2 loss=2.231126
main interval: 0.12 0.12 0.1 loss=2.220127
main interval: 0.2 0.2 0.1 loss=2.227965
main interval: 0.072 0.072 0.1 loss=2.231126
main interval: 0.12 0.12 0 loss=2.220127
main interval: 0.2 0.2 0 loss=2.227965
main interval: 0.072 0.072 0 loss=2.231126
best_muon_lr=[0.12,0.12] best_muon_momentum=0 interval_loss=2.220127 final_loss=2.220127 evaluated_interval_configs=24 evaluated_configs=24
train_loss run=1 step=1/20 loss=2.2201 head_lr=1072 muon_lr=0.12 muon_momentum=0 muon_nesterov=False muon_grad_momentum_norm_ratio=1
main interval: 0.12 0.12 0 loss=2.212795
main interval: 0.2 0.2 0 loss=2.346049
main interval: 0.072 0.072 0 loss=2.407755
main interval: 0.12 0.12 0.1 loss=2.507764
best_muon_lr=[0.12,0.12] best_muon_momentum=0 interval_loss=2.212795 final_loss=2.212795 evaluated_interval_configs=4 evaluated_configs=4
train_loss run=1 step=2/20 loss=2.2128 head_lr=1072 muon_lr=0.12 muon_momentum=0 muon_nesterov=False muon_grad_momentum_norm_ratio=1
main interval: 0.12 0.12 0 loss=1.962576
main interval: 0.2 0.2 0 loss=2.006808
main interval: 0.072 0.072 0 loss=1.987335
main interval: 0.12 0.12 0.1 loss=2.103318
best_muon_lr=[0.12,0.12] best_muon_momentum=0 interval_loss=1.962576 final_loss=1.962576 evaluated_interval_configs=4 evaluated_configs=4
train_loss run=1 step=3/20 loss=1.9626 head_lr=1072 muon_lr=0.12 muon_momentum=0 muon_nesterov=False muon_grad_momentum_norm_ratio=1
main interval: 0.12 0.12 0 loss=1.789619
main interval: 0.2 0.2 0 loss=1.915720
main interval: 0.072 0.072 0 loss=1.766238
main interval: 0.12 0.12 0.1 loss=1.836811
main interval: 0.043 0.043 0 loss=1.811042
main interval: 0.072 0.072 0.1 loss=1.831277
best_muon_lr=[0.072,0.072] best_muon_momentum=0 interval_loss=1.766238 final_loss=1.766238 evaluated_interval_configs=6 evaluated_configs=6
train_loss run=1 step=4/20 loss=1.7662 head_lr=1072 muon_lr=0.072 muon_momentum=0 muon_nesterov=False muon_grad_momentum_norm_ratio=1
main interval: 0.072 0.072 0 loss=1.568698
main interval: 0.12 0.12 0 loss=1.760159
main interval: 0.043 0.043 0 loss=1.603337
main interval: 0.072 0.072 0.1 loss=1.731131
best_muon_lr=[0.072,0.072] best_muon_momentum=0 interval_loss=1.568698 final_loss=1.568698 evaluated_interval_configs=4 evaluated_configs=4
train_loss run=1 step=5/20 loss=1.5687 head_lr=1072 muon_lr=0.072 muon_momentum=0 muon_nesterov=False muon_grad_momentum_norm_ratio=1
main interval: 0.072 0.072 0 loss=1.445616
main interval: 0.12 0.12 0 loss=1.663644
main interval: 0.043 0.043 0 loss=1.402127
main interval: 0.072 0.072 0.1 loss=1.489529
main interval: 0.026 0.026 0 loss=1.417865
main interval: 0.043 0.043 0.1 loss=1.434442
best_muon_lr=[0.043,0.043] best_muon_momentum=0 interval_loss=1.402127 final_loss=1.402127 evaluated_interval_configs=6 evaluated_configs=6
train_loss run=1 step=6/20 loss=1.4021 head_lr=1072 muon_lr=0.043 muon_momentum=0 muon_nesterov=False muon_grad_momentum_norm_ratio=1
main interval: 0.043 0.043 0 loss=1.259452
main interval: 0.072 0.072 0 loss=1.398054
main interval: 0.026 0.026 0 loss=1.295550
main interval: 0.043 0.043 0.1 loss=1.370848
best_muon_lr=[0.043,0.043] best_muon_momentum=0 interval_loss=1.259452 final_loss=1.259452 evaluated_interval_configs=4 evaluated_configs=4
train_loss run=1 step=7/20 loss=1.2595 head_lr=1072 muon_lr=0.043 muon_momentum=0 muon_nesterov=False muon_grad_momentum_norm_ratio=1
main interval: 0.043 0.043 0 loss=1.185441
main interval: 0.072 0.072 0 loss=1.427640
main interval: 0.026 0.026 0 loss=1.223549
main interval: 0.043 0.043 0.1 loss=1.332104
best_muon_lr=[0.043,0.043] best_muon_momentum=0 interval_loss=1.185441 final_loss=1.185441 evaluated_interval_configs=4 evaluated_configs=4
train_loss run=1 step=8/20 loss=1.1854 head_lr=1072 muon_lr=0.043 muon_momentum=0 muon_nesterov=False muon_grad_momentum_norm_ratio=1
main interval: 0.043 0.043 0 loss=1.148037
main interval: 0.072 0.072 0 loss=1.368308
main interval: 0.026 0.026 0 loss=1.203995
main interval: 0.043 0.043 0.1 loss=1.328655
best_muon_lr=[0.043,0.043] best_muon_momentum=0 interval_loss=1.148037 final_loss=1.148037 evaluated_interval_configs=4 evaluated_configs=4
train_loss run=1 step=9/20 loss=1.1480 head_lr=1072 muon_lr=0.043 muon_momentum=0 muon_nesterov=False muon_grad_momentum_norm_ratio=1
main interval: 0.043 0.043 0 loss=1.083605
main interval: 0.072 0.072 0 loss=1.391227
main interval: 0.026 0.026 0 loss=1.155843
main interval: 0.043 0.043 0.1 loss=1.358978
best_muon_lr=[0.043,0.043] best_muon_momentum=0 interval_loss=1.083605 final_loss=1.083605 evaluated_interval_configs=4 evaluated_configs=4
train_loss run=1 step=10/20 loss=1.0836 head_lr=1072 muon_lr=0.043 muon_momentum=0 muon_nesterov=False muon_grad_momentum_norm_ratio=1
main interval: 0.043 0.043 0 loss=1.076440
main interval: 0.072 0.072 0 loss=1.396991
main interval: 0.026 0.026 0 loss=1.123086
main interval: 0.043 0.043 0.1 loss=1.312371
best_muon_lr=[0.043,0.043] best_muon_momentum=0 interval_loss=1.076440 final_loss=1.076440 evaluated_interval_configs=4 evaluated_configs=4
train_loss run=1 step=11/20 loss=1.0764 head_lr=1072 muon_lr=0.043 muon_momentum=0 muon_nesterov=False muon_grad_momentum_norm_ratio=1
main interval: 0.043 0.043 0 loss=1.015702
main interval: 0.072 0.072 0 loss=1.320791
main interval: 0.026 0.026 0 loss=1.067228
main interval: 0.043 0.043 0.1 loss=1.249185
best_muon_lr=[0.043,0.043] best_muon_momentum=0 interval_loss=1.015702 final_loss=1.015702 evaluated_interval_configs=4 evaluated_configs=4
train_loss run=1 step=12/20 loss=1.0157 head_lr=1072 muon_lr=0.043 muon_momentum=0 muon_nesterov=False muon_grad_momentum_norm_ratio=1
main interval: 0.043 0.043 0 loss=1.019091
main interval: 0.072 0.072 0 loss=1.359990
main interval: 0.026 0.026 0 loss=1.048602
main interval: 0.043 0.043 0.1 loss=1.245665
best_muon_lr=[0.043,0.043] best_muon_momentum=0 interval_loss=1.019091 final_loss=1.019091 evaluated_interval_configs=4 evaluated_configs=4
train_loss run=1 step=13/20 loss=1.0191 head_lr=1072 muon_lr=0.043 muon_momentum=0 muon_nesterov=False muon_grad_momentum_norm_ratio=1
main interval: 0.043 0.043 0 loss=0.996773
main interval: 0.072 0.072 0 loss=1.272232
main interval: 0.026 0.026 0 loss=1.027961
main interval: 0.043 0.043 0.1 loss=1.183076
best_muon_lr=[0.043,0.043] best_muon_momentum=0 interval_loss=0.996773 final_loss=0.996773 evaluated_interval_configs=4 evaluated_configs=4
train_loss run=1 step=14/20 loss=0.9968 head_lr=1072 muon_lr=0.043 muon_momentum=0 muon_nesterov=False muon_grad_momentum_norm_ratio=1
main interval: 0.043 0.043 0 loss=0.974324
main interval: 0.072 0.072 0 loss=1.270000
main interval: 0.026 0.026 0 loss=0.971821
main interval: 0.043 0.043 0.1 loss=1.114698
main interval: 0.016 0.016 0 loss=1.016883
main interval: 0.026 0.026 0.1 loss=1.097533
best_muon_lr=[0.026,0.026] best_muon_momentum=0 interval_loss=0.971821 final_loss=0.971821 evaluated_interval_configs=6 evaluated_configs=6
train_loss run=1 step=15/20 loss=0.9718 head_lr=1072 muon_lr=0.026 muon_momentum=0 muon_nesterov=False muon_grad_momentum_norm_ratio=1
main interval: 0.026 0.026 0 loss=0.934545
main interval: 0.043 0.043 0 loss=1.055892
main interval: 0.016 0.016 0 loss=0.985193
main interval: 0.026 0.026 0.1 loss=1.105077
best_muon_lr=[0.026,0.026] best_muon_momentum=0 interval_loss=0.934545 final_loss=0.934545 evaluated_interval_configs=4 evaluated_configs=4
train_loss run=1 step=16/20 loss=0.9345 head_lr=1072 muon_lr=0.026 muon_momentum=0 muon_nesterov=False muon_grad_momentum_norm_ratio=1
main interval: 0.026 0.026 0 loss=0.931396
main interval: 0.043 0.043 0 loss=1.068664
main interval: 0.016 0.016 0 loss=0.918964
main interval: 0.026 0.026 0.1 loss=0.971892
main interval: 0.0093 0.0093 0 loss=0.924888
main interval: 0.016 0.016 0.1 loss=0.947366
best_muon_lr=[0.016,0.016] best_muon_momentum=0 interval_loss=0.918964 final_loss=0.918964 evaluated_interval_configs=6 evaluated_configs=6
train_loss run=1 step=17/20 loss=0.9190 head_lr=1072 muon_lr=0.016 muon_momentum=0 muon_nesterov=False muon_grad_momentum_norm_ratio=1
main interval: 0.016 0.016 0 loss=0.907551
main interval: 0.026 0.026 0 loss=0.967663
main interval: 0.0093 0.0093 0 loss=0.926176
main interval: 0.016 0.016 0.1 loss=0.979159
best_muon_lr=[0.016,0.016] best_muon_momentum=0 interval_loss=0.907551 final_loss=0.907551 evaluated_interval_configs=4 evaluated_configs=4
train_loss run=1 step=18/20 loss=0.9076 head_lr=1072 muon_lr=0.016 muon_momentum=0 muon_nesterov=False muon_grad_momentum_norm_ratio=1
main interval: 0.016 0.016 0 loss=0.905174
main interval: 0.026 0.026 0 loss=0.970446
main interval: 0.0093 0.0093 0 loss=0.904887
main interval: 0.016 0.016 0.1 loss=0.934701
main interval: 0.0056 0.0056 0 loss=0.914864
main interval: 0.0093 0.0093 0.1 loss=0.929236
best_muon_lr=[0.0093,0.0093] best_muon_momentum=0 interval_loss=0.904887 final_loss=0.904887 evaluated_interval_configs=6 evaluated_configs=6
train_loss run=1 step=19/20 loss=0.9049 head_lr=1072 muon_lr=0.0093 muon_momentum=0 muon_nesterov=False muon_grad_momentum_norm_ratio=1
main interval: 0.0093 0.0093 0 loss=0.889546
main interval: 0.016 0.016 0 loss=0.922714
main interval: 0.0056 0.0056 0 loss=0.909963
main interval: 0.0093 0.0093 0.1 loss=0.943984
best_muon_lr=[0.0093,0.0093] best_muon_momentum=0 interval_loss=0.889546 final_loss=0.889546 evaluated_interval_configs=4 evaluated_configs=4
train_loss run=1 step=20/20 loss=0.8895 head_lr=1072 muon_lr=0.0093 muon_momentum=0 muon_nesterov=False muon_grad_momentum_norm_ratio=1
Batch size:          2000
N steps:             1
M cooldown steps:    0
Interval scheduler:  linear
LR connectedness:    jump_allowed
Muon orthogonalize:  True
Momentum config:     search_momentum_fixed_nesterov_false
Search momentum:     True
Muon nesterov:       False
Initial Muon lr:     0.2
Initial Muon lr k:   0
Initial Muon mom:    0.6
Initial Muon mom i:  6
Final start lr:      0.0093
Final start lr k:    6
Final Muon lr:       0.0093
Final Muon lr k:     6
Final end lr:        0.0093
Final end lr k:      6
Final Muon momentum: 0
Final Muon nesterov: False
Final Muon mom i:    0
SGD lr mult:         0.8
Initial train loss:  2.313483
Final train loss:    0.889546
Run seconds:         8.535
cifar_baseline2_overfit_n_search run=2 batch_size=2000 train_steps=20 N=1 M=0 interval_scheduler=linear lr_connectedness=continuous_double muon_orthogonalize=True momentum_config=search_momentum_fixed_nesterov_false search_momentum=True muon_nesterov=False initial_muon_lr=0.2 initial_muon_lr_k=0 initial_muon_momentum=0.6 initial_muon_momentum_index=6
train_loss run=2 step=0/20 loss=2.3135 head_lr=1072 muon_lr=0.2 muon_momentum=0.6 muon_nesterov=False muon_grad_momentum_norm_ratio=none
main interval: 0.2 0.2 0.6 loss=2.227965
main interval: 0.33 0.33 0.6 loss=2.251109
main interval: 0.12 0.12 0.6 loss=2.220127
main interval: 0.2 0.2 0.5 loss=2.227965
main interval: 0.2 0.2 0.7 loss=2.227965
main interval: 0.072 0.072 0.6 loss=2.231126
main interval: 0.12 0.12 0.5 loss=2.220127
main interval: 0.12 0.12 0.7 loss=2.220127
main interval: 0.072 0.072 0.5 loss=2.231126
main interval: 0.12 0.12 0.4 loss=2.220127
main interval: 0.2 0.2 0.4 loss=2.227965
main interval: 0.072 0.072 0.4 loss=2.231126
main interval: 0.12 0.12 0.3 loss=2.220127
main interval: 0.2 0.2 0.3 loss=2.227965
main interval: 0.072 0.072 0.3 loss=2.231126
main interval: 0.12 0.12 0.2 loss=2.220127
main interval: 0.2 0.2 0.2 loss=2.227965
main interval: 0.072 0.072 0.2 loss=2.231126
main interval: 0.12 0.12 0.1 loss=2.220127
main interval: 0.2 0.2 0.1 loss=2.227965
main interval: 0.072 0.072 0.1 loss=2.231126
main interval: 0.12 0.12 0 loss=2.220127
main interval: 0.2 0.2 0 loss=2.227965
main interval: 0.072 0.072 0 loss=2.231126
best_muon_lr=[0.12,0.12] best_muon_momentum=0 interval_loss=2.220127 final_loss=2.220127 evaluated_interval_configs=24 evaluated_configs=24
train_loss run=2 step=1/20 loss=2.2201 head_lr=1072 muon_lr=0.12 muon_momentum=0 muon_nesterov=False muon_grad_momentum_norm_ratio=1
main interval: 0.12 0.12 0 loss=2.212795
main interval: 0.12 0.2 0 loss=2.319610
main interval: 0.12 0.072 0 loss=2.419117
main interval: 0.12 0.12 0.1 loss=2.507764
best_muon_lr=[0.12,0.12] best_muon_momentum=0 interval_loss=2.212795 final_loss=2.212795 evaluated_interval_configs=4 evaluated_configs=4
train_loss run=2 step=2/20 loss=2.2128 head_lr=1072 muon_lr=0.12 muon_momentum=0 muon_nesterov=False muon_grad_momentum_norm_ratio=1
main interval: 0.12 0.12 0 loss=1.962576
main interval: 0.12 0.2 0 loss=1.956761
main interval: 0.12 0.072 0 loss=2.008522
main interval: 0.12 0.12 0.1 loss=2.103318
main interval: 0.12 0.33 0 loss=2.218523
main interval: 0.12 0.2 0.1 loss=2.337736
best_muon_lr=[0.12,0.2] best_muon_momentum=0 interval_loss=1.956761 final_loss=1.956761 evaluated_interval_configs=6 evaluated_configs=6
train_loss run=2 step=3/20 loss=1.9568 head_lr=1072 muon_lr=0.12 muon_momentum=0 muon_nesterov=False muon_grad_momentum_norm_ratio=1
main interval: 0.2 0.2 0 loss=1.894536
main interval: 0.2 0.33 0 loss=1.887908
main interval: 0.2 0.12 0 loss=1.908449
main interval: 0.2 0.2 0.1 loss=1.943416
main interval: 0.2 0.56 0 loss=1.985409
main interval: 0.2 0.33 0.1 loss=2.028266
best_muon_lr=[0.2,0.33] best_muon_momentum=0 interval_loss=1.887908 final_loss=1.887908 evaluated_interval_configs=6 evaluated_configs=6
train_loss run=2 step=4/20 loss=1.8879 head_lr=1072 muon_lr=0.2 muon_momentum=0 muon_nesterov=False muon_grad_momentum_norm_ratio=1
main interval: 0.33 0.33 0 loss=1.949574
main interval: 0.33 0.56 0 loss=1.964595
main interval: 0.33 0.2 0 loss=1.982346
main interval: 0.33 0.33 0.1 loss=2.000515
best_muon_lr=[0.33,0.33] best_muon_momentum=0 interval_loss=1.949574 final_loss=1.949574 evaluated_interval_configs=4 evaluated_configs=4
train_loss run=2 step=5/20 loss=1.9496 head_lr=1072 muon_lr=0.33 muon_momentum=0 muon_nesterov=False muon_grad_momentum_norm_ratio=1
main interval: 0.33 0.33 0 loss=1.893426
main interval: 0.33 0.56 0 loss=1.912182
main interval: 0.33 0.2 0 loss=1.934804
main interval: 0.33 0.33 0.1 loss=1.958854
best_muon_lr=[0.33,0.33] best_muon_momentum=0 interval_loss=1.893426 final_loss=1.893426 evaluated_interval_configs=4 evaluated_configs=4
train_loss run=2 step=6/20 loss=1.8934 head_lr=1072 muon_lr=0.33 muon_momentum=0 muon_nesterov=False muon_grad_momentum_norm_ratio=1
main interval: 0.33 0.33 0 loss=1.836257
main interval: 0.33 0.56 0 loss=1.863270
main interval: 0.33 0.2 0 loss=1.890659
main interval: 0.33 0.33 0.1 loss=1.916959
best_muon_lr=[0.33,0.33] best_muon_momentum=0 interval_loss=1.836257 final_loss=1.836257 evaluated_interval_configs=4 evaluated_configs=4
train_loss run=2 step=7/20 loss=1.8363 head_lr=1072 muon_lr=0.33 muon_momentum=0 muon_nesterov=False muon_grad_momentum_norm_ratio=1
main interval: 0.33 0.33 0 loss=1.807456
main interval: 0.33 0.56 0 loss=1.839142
main interval: 0.33 0.2 0 loss=1.873873
main interval: 0.33 0.33 0.1 loss=1.908821
best_muon_lr=[0.33,0.33] best_muon_momentum=0 interval_loss=1.807456 final_loss=1.807456 evaluated_interval_configs=4 evaluated_configs=4
train_loss run=2 step=8/20 loss=1.8075 head_lr=1072 muon_lr=0.33 muon_momentum=0 muon_nesterov=False muon_grad_momentum_norm_ratio=1
main interval: 0.33 0.33 0 loss=1.682785
main interval: 0.33 0.56 0 loss=1.734986
main interval: 0.33 0.2 0 loss=1.792620
main interval: 0.33 0.33 0.1 loss=1.850807
best_muon_lr=[0.33,0.33] best_muon_momentum=0 interval_loss=1.682785 final_loss=1.682785 evaluated_interval_configs=4 evaluated_configs=4
train_loss run=2 step=9/20 loss=1.6828 head_lr=1072 muon_lr=0.33 muon_momentum=0 muon_nesterov=False muon_grad_momentum_norm_ratio=1
main interval: 0.33 0.33 0 loss=1.560146
main interval: 0.33 0.56 0 loss=1.593085
main interval: 0.33 0.2 0 loss=1.632756
main interval: 0.33 0.33 0.1 loss=1.674257
best_muon_lr=[0.33,0.33] best_muon_momentum=0 interval_loss=1.560146 final_loss=1.560146 evaluated_interval_configs=4 evaluated_configs=4
train_loss run=2 step=10/20 loss=1.5601 head_lr=1072 muon_lr=0.33 muon_momentum=0 muon_nesterov=False muon_grad_momentum_norm_ratio=1
main interval: 0.33 0.33 0 loss=1.521949
main interval: 0.33 0.56 0 loss=1.556160
main interval: 0.33 0.2 0 loss=1.594191
main interval: 0.33 0.33 0.1 loss=1.632978
best_muon_lr=[0.33,0.33] best_muon_momentum=0 interval_loss=1.521949 final_loss=1.521949 evaluated_interval_configs=4 evaluated_configs=4
train_loss run=2 step=11/20 loss=1.5219 head_lr=1072 muon_lr=0.33 muon_momentum=0 muon_nesterov=False muon_grad_momentum_norm_ratio=1
main interval: 0.33 0.33 0 loss=1.501435
main interval: 0.33 0.56 0 loss=1.581325
main interval: 0.33 0.2 0 loss=1.665080
main interval: 0.33 0.33 0.1 loss=1.746334
best_muon_lr=[0.33,0.33] best_muon_momentum=0 interval_loss=1.501435 final_loss=1.501435 evaluated_interval_configs=4 evaluated_configs=4
train_loss run=2 step=12/20 loss=1.5014 head_lr=1072 muon_lr=0.33 muon_momentum=0 muon_nesterov=False muon_grad_momentum_norm_ratio=1
main interval: 0.33 0.33 0 loss=1.413000
main interval: 0.33 0.56 0 loss=1.491996
main interval: 0.33 0.2 0 loss=1.593727
main interval: 0.33 0.33 0.1 loss=1.707170
best_muon_lr=[0.33,0.33] best_muon_momentum=0 interval_loss=1.413000 final_loss=1.413000 evaluated_interval_configs=4 evaluated_configs=4
train_loss run=2 step=13/20 loss=1.4130 head_lr=1072 muon_lr=0.33 muon_momentum=0 muon_nesterov=False muon_grad_momentum_norm_ratio=1
main interval: 0.33 0.33 0 loss=1.344640
main interval: 0.33 0.56 0 loss=1.425471
main interval: 0.33 0.2 0 loss=1.518297
main interval: 0.33 0.33 0.1 loss=1.613719
best_muon_lr=[0.33,0.33] best_muon_momentum=0 interval_loss=1.344640 final_loss=1.344640 evaluated_interval_configs=4 evaluated_configs=4
train_loss run=2 step=14/20 loss=1.3446 head_lr=1072 muon_lr=0.33 muon_momentum=0 muon_nesterov=False muon_grad_momentum_norm_ratio=1
main interval: 0.33 0.33 0 loss=1.337394
main interval: 0.33 0.56 0 loss=1.441046
main interval: 0.33 0.2 0 loss=1.570531
main interval: 0.33 0.33 0.1 loss=1.705376
best_muon_lr=[0.33,0.33] best_muon_momentum=0 interval_loss=1.337394 final_loss=1.337394 evaluated_interval_configs=4 evaluated_configs=4
train_loss run=2 step=15/20 loss=1.3374 head_lr=1072 muon_lr=0.33 muon_momentum=0 muon_nesterov=False muon_grad_momentum_norm_ratio=1
main interval: 0.33 0.33 0 loss=1.243008
main interval: 0.33 0.56 0 loss=1.319507
main interval: 0.33 0.2 0 loss=1.413347
main interval: 0.33 0.33 0.1 loss=1.513946
best_muon_lr=[0.33,0.33] best_muon_momentum=0 interval_loss=1.243008 final_loss=1.243008 evaluated_interval_configs=4 evaluated_configs=4
train_loss run=2 step=16/20 loss=1.2430 head_lr=1072 muon_lr=0.33 muon_momentum=0 muon_nesterov=False muon_grad_momentum_norm_ratio=1
main interval: 0.33 0.33 0 loss=1.219880
main interval: 0.33 0.56 0 loss=1.273114
main interval: 0.33 0.2 0 loss=1.334901
main interval: 0.33 0.33 0.1 loss=1.399842
best_muon_lr=[0.33,0.33] best_muon_momentum=0 interval_loss=1.219880 final_loss=1.219880 evaluated_interval_configs=4 evaluated_configs=4
train_loss run=2 step=17/20 loss=1.2199 head_lr=1072 muon_lr=0.33 muon_momentum=0 muon_nesterov=False muon_grad_momentum_norm_ratio=1
main interval: 0.33 0.33 0 loss=1.196890
main interval: 0.33 0.56 0 loss=1.255448
main interval: 0.33 0.2 0 loss=1.319517
main interval: 0.33 0.33 0.1 loss=1.383901
best_muon_lr=[0.33,0.33] best_muon_momentum=0 interval_loss=1.196890 final_loss=1.196890 evaluated_interval_configs=4 evaluated_configs=4
train_loss run=2 step=18/20 loss=1.1969 head_lr=1072 muon_lr=0.33 muon_momentum=0 muon_nesterov=False muon_grad_momentum_norm_ratio=1
main interval: 0.33 0.33 0 loss=1.152147
main interval: 0.33 0.56 0 loss=1.207359
main interval: 0.33 0.2 0 loss=1.273670
main interval: 0.33 0.33 0.1 loss=1.345374
best_muon_lr=[0.33,0.33] best_muon_momentum=0 interval_loss=1.152147 final_loss=1.152147 evaluated_interval_configs=4 evaluated_configs=4
train_loss run=2 step=19/20 loss=1.1521 head_lr=1072 muon_lr=0.33 muon_momentum=0 muon_nesterov=False muon_grad_momentum_norm_ratio=1
main interval: 0.33 0.33 0 loss=1.114481
main interval: 0.33 0.56 0 loss=1.155834
main interval: 0.33 0.2 0 loss=1.202571
main interval: 0.33 0.33 0.1 loss=1.250734
best_muon_lr=[0.33,0.33] best_muon_momentum=0 interval_loss=1.114481 final_loss=1.114481 evaluated_interval_configs=4 evaluated_configs=4
train_loss run=2 step=20/20 loss=1.1145 head_lr=1072 muon_lr=0.33 muon_momentum=0 muon_nesterov=False muon_grad_momentum_norm_ratio=1
Batch size:          2000
N steps:             1
M cooldown steps:    0
Interval scheduler:  linear
LR connectedness:    continuous_double
Muon orthogonalize:  True
Momentum config:     search_momentum_fixed_nesterov_false
Search momentum:     True
Muon nesterov:       False
Initial Muon lr:     0.2
Initial Muon lr k:   0
Initial Muon mom:    0.6
Initial Muon mom i:  6
Final start lr:      0.33
Final start lr k:    -1
Final Muon lr:       0.33
Final Muon lr k:     -1
Final end lr:        0.33
Final end lr k:      -1
Final Muon momentum: 0
Final Muon nesterov: False
Final Muon mom i:    0
SGD lr mult:         0.8
Initial train loss:  2.313483
Final train loss:    1.114481
Run seconds:         8.083
cifar_baseline2_overfit_n_search run=3 batch_size=2000 train_steps=20 N=1 M=0 interval_scheduler=linear lr_connectedness=continuous_single muon_orthogonalize=True momentum_config=search_momentum_fixed_nesterov_false search_momentum=True muon_nesterov=False initial_muon_lr=0.2 initial_muon_lr_k=0 initial_muon_momentum=0.6 initial_muon_momentum_index=6
train_loss run=3 step=0/20 loss=2.3135 head_lr=1072 muon_lr=0.2 muon_momentum=0.6 muon_nesterov=False muon_grad_momentum_norm_ratio=none
main interval: 0.2 0.2 0.6 loss=2.227965
main interval: 0.33 0.33 0.6 loss=2.251109
main interval: 0.12 0.12 0.6 loss=2.220127
main interval: 0.2 0.2 0.5 loss=2.227965
main interval: 0.2 0.2 0.7 loss=2.227965
main interval: 0.072 0.072 0.6 loss=2.231126
main interval: 0.12 0.12 0.5 loss=2.220127
main interval: 0.12 0.12 0.7 loss=2.220127
main interval: 0.072 0.072 0.5 loss=2.231126
main interval: 0.12 0.12 0.4 loss=2.220127
main interval: 0.2 0.2 0.4 loss=2.227965
main interval: 0.072 0.072 0.4 loss=2.231126
main interval: 0.12 0.12 0.3 loss=2.220127
main interval: 0.2 0.2 0.3 loss=2.227965
main interval: 0.072 0.072 0.3 loss=2.231126
main interval: 0.12 0.12 0.2 loss=2.220127
main interval: 0.2 0.2 0.2 loss=2.227965
main interval: 0.072 0.072 0.2 loss=2.231126
main interval: 0.12 0.12 0.1 loss=2.220127
main interval: 0.2 0.2 0.1 loss=2.227965
main interval: 0.072 0.072 0.1 loss=2.231126
main interval: 0.12 0.12 0 loss=2.220127
main interval: 0.2 0.2 0 loss=2.227965
main interval: 0.072 0.072 0 loss=2.231126
best_muon_lr=[0.12,0.12] best_muon_momentum=0 interval_loss=2.220127 final_loss=2.220127 evaluated_interval_configs=24 evaluated_configs=24
train_loss run=3 step=1/20 loss=2.2201 head_lr=1072 muon_lr=0.12 muon_momentum=0 muon_nesterov=False muon_grad_momentum_norm_ratio=1
main interval: 0.12 0.12 0 loss=2.212795
main interval: 0.12 0.2 0 loss=2.346049
main interval: 0.12 0.072 0 loss=2.407755
main interval: 0.12 0.12 0.1 loss=2.507764
best_muon_lr=[0.12,0.12] best_muon_momentum=0 interval_loss=2.212795 final_loss=2.212795 evaluated_interval_configs=4 evaluated_configs=4
train_loss run=3 step=2/20 loss=2.2128 head_lr=1072 muon_lr=0.12 muon_momentum=0 muon_nesterov=False muon_grad_momentum_norm_ratio=1
main interval: 0.12 0.12 0 loss=1.962576
main interval: 0.12 0.2 0 loss=2.006808
main interval: 0.12 0.072 0 loss=1.987335
main interval: 0.12 0.12 0.1 loss=2.103318
best_muon_lr=[0.12,0.12] best_muon_momentum=0 interval_loss=1.962576 final_loss=1.962576 evaluated_interval_configs=4 evaluated_configs=4
train_loss run=3 step=3/20 loss=1.9626 head_lr=1072 muon_lr=0.12 muon_momentum=0 muon_nesterov=False muon_grad_momentum_norm_ratio=1
main interval: 0.12 0.12 0 loss=1.789619
main interval: 0.12 0.2 0 loss=1.915720
main interval: 0.12 0.072 0 loss=1.766238
main interval: 0.12 0.12 0.1 loss=1.836811
main interval: 0.12 0.043 0 loss=1.811042
main interval: 0.12 0.072 0.1 loss=1.831277
best_muon_lr=[0.12,0.072] best_muon_momentum=0 interval_loss=1.766238 final_loss=1.766238 evaluated_interval_configs=6 evaluated_configs=6
train_loss run=3 step=4/20 loss=1.7662 head_lr=1072 muon_lr=0.072 muon_momentum=0 muon_nesterov=False muon_grad_momentum_norm_ratio=1
main interval: 0.072 0.072 0 loss=1.568698
main interval: 0.072 0.12 0 loss=1.760159
main interval: 0.072 0.043 0 loss=1.603337
main interval: 0.072 0.072 0.1 loss=1.731131
best_muon_lr=[0.072,0.072] best_muon_momentum=0 interval_loss=1.568698 final_loss=1.568698 evaluated_interval_configs=4 evaluated_configs=4
train_loss run=3 step=5/20 loss=1.5687 head_lr=1072 muon_lr=0.072 muon_momentum=0 muon_nesterov=False muon_grad_momentum_norm_ratio=1
main interval: 0.072 0.072 0 loss=1.445616
main interval: 0.072 0.12 0 loss=1.663644
main interval: 0.072 0.043 0 loss=1.402127
main interval: 0.072 0.072 0.1 loss=1.489529
main interval: 0.072 0.026 0 loss=1.417865
main interval: 0.072 0.043 0.1 loss=1.434442
best_muon_lr=[0.072,0.043] best_muon_momentum=0 interval_loss=1.402127 final_loss=1.402127 evaluated_interval_configs=6 evaluated_configs=6
train_loss run=3 step=6/20 loss=1.4021 head_lr=1072 muon_lr=0.043 muon_momentum=0 muon_nesterov=False muon_grad_momentum_norm_ratio=1
main interval: 0.043 0.043 0 loss=1.259452
main interval: 0.043 0.072 0 loss=1.398054
main interval: 0.043 0.026 0 loss=1.295550
main interval: 0.043 0.043 0.1 loss=1.370848
best_muon_lr=[0.043,0.043] best_muon_momentum=0 interval_loss=1.259452 final_loss=1.259452 evaluated_interval_configs=4 evaluated_configs=4
train_loss run=3 step=7/20 loss=1.2595 head_lr=1072 muon_lr=0.043 muon_momentum=0 muon_nesterov=False muon_grad_momentum_norm_ratio=1
main interval: 0.043 0.043 0 loss=1.185441
main interval: 0.043 0.072 0 loss=1.427640
main interval: 0.043 0.026 0 loss=1.223549
main interval: 0.043 0.043 0.1 loss=1.332104
best_muon_lr=[0.043,0.043] best_muon_momentum=0 interval_loss=1.185441 final_loss=1.185441 evaluated_interval_configs=4 evaluated_configs=4
train_loss run=3 step=8/20 loss=1.1854 head_lr=1072 muon_lr=0.043 muon_momentum=0 muon_nesterov=False muon_grad_momentum_norm_ratio=1
main interval: 0.043 0.043 0 loss=1.148037
main interval: 0.043 0.072 0 loss=1.368308
main interval: 0.043 0.026 0 loss=1.203995
main interval: 0.043 0.043 0.1 loss=1.328655
best_muon_lr=[0.043,0.043] best_muon_momentum=0 interval_loss=1.148037 final_loss=1.148037 evaluated_interval_configs=4 evaluated_configs=4
train_loss run=3 step=9/20 loss=1.1480 head_lr=1072 muon_lr=0.043 muon_momentum=0 muon_nesterov=False muon_grad_momentum_norm_ratio=1
main interval: 0.043 0.043 0 loss=1.083605
main interval: 0.043 0.072 0 loss=1.391227
main interval: 0.043 0.026 0 loss=1.155843
main interval: 0.043 0.043 0.1 loss=1.358978
best_muon_lr=[0.043,0.043] best_muon_momentum=0 interval_loss=1.083605 final_loss=1.083605 evaluated_interval_configs=4 evaluated_configs=4
train_loss run=3 step=10/20 loss=1.0836 head_lr=1072 muon_lr=0.043 muon_momentum=0 muon_nesterov=False muon_grad_momentum_norm_ratio=1
main interval: 0.043 0.043 0 loss=1.076440
main interval: 0.043 0.072 0 loss=1.396991
main interval: 0.043 0.026 0 loss=1.123086
main interval: 0.043 0.043 0.1 loss=1.312371
best_muon_lr=[0.043,0.043] best_muon_momentum=0 interval_loss=1.076440 final_loss=1.076440 evaluated_interval_configs=4 evaluated_configs=4
train_loss run=3 step=11/20 loss=1.0764 head_lr=1072 muon_lr=0.043 muon_momentum=0 muon_nesterov=False muon_grad_momentum_norm_ratio=1
main interval: 0.043 0.043 0 loss=1.015702
main interval: 0.043 0.072 0 loss=1.320791
main interval: 0.043 0.026 0 loss=1.067228
main interval: 0.043 0.043 0.1 loss=1.249185
best_muon_lr=[0.043,0.043] best_muon_momentum=0 interval_loss=1.015702 final_loss=1.015702 evaluated_interval_configs=4 evaluated_configs=4
train_loss run=3 step=12/20 loss=1.0157 head_lr=1072 muon_lr=0.043 muon_momentum=0 muon_nesterov=False muon_grad_momentum_norm_ratio=1
main interval: 0.043 0.043 0 loss=1.019091
main interval: 0.043 0.072 0 loss=1.359990
main interval: 0.043 0.026 0 loss=1.048602
main interval: 0.043 0.043 0.1 loss=1.245665
best_muon_lr=[0.043,0.043] best_muon_momentum=0 interval_loss=1.019091 final_loss=1.019091 evaluated_interval_configs=4 evaluated_configs=4
train_loss run=3 step=13/20 loss=1.0191 head_lr=1072 muon_lr=0.043 muon_momentum=0 muon_nesterov=False muon_grad_momentum_norm_ratio=1
main interval: 0.043 0.043 0 loss=0.996773
main interval: 0.043 0.072 0 loss=1.272232
main interval: 0.043 0.026 0 loss=1.027961
main interval: 0.043 0.043 0.1 loss=1.183076
best_muon_lr=[0.043,0.043] best_muon_momentum=0 interval_loss=0.996773 final_loss=0.996773 evaluated_interval_configs=4 evaluated_configs=4
train_loss run=3 step=14/20 loss=0.9968 head_lr=1072 muon_lr=0.043 muon_momentum=0 muon_nesterov=False muon_grad_momentum_norm_ratio=1
main interval: 0.043 0.043 0 loss=0.974324
main interval: 0.043 0.072 0 loss=1.270000
main interval: 0.043 0.026 0 loss=0.971821
main interval: 0.043 0.043 0.1 loss=1.114698
main interval: 0.043 0.016 0 loss=1.016883
main interval: 0.043 0.026 0.1 loss=1.097533
best_muon_lr=[0.043,0.026] best_muon_momentum=0 interval_loss=0.971821 final_loss=0.971821 evaluated_interval_configs=6 evaluated_configs=6
train_loss run=3 step=15/20 loss=0.9718 head_lr=1072 muon_lr=0.026 muon_momentum=0 muon_nesterov=False muon_grad_momentum_norm_ratio=1
main interval: 0.026 0.026 0 loss=0.934545
main interval: 0.026 0.043 0 loss=1.055892
main interval: 0.026 0.016 0 loss=0.985193
main interval: 0.026 0.026 0.1 loss=1.105077
best_muon_lr=[0.026,0.026] best_muon_momentum=0 interval_loss=0.934545 final_loss=0.934545 evaluated_interval_configs=4 evaluated_configs=4
train_loss run=3 step=16/20 loss=0.9345 head_lr=1072 muon_lr=0.026 muon_momentum=0 muon_nesterov=False muon_grad_momentum_norm_ratio=1
main interval: 0.026 0.026 0 loss=0.931396
main interval: 0.026 0.043 0 loss=1.068664
main interval: 0.026 0.016 0 loss=0.918964
main interval: 0.026 0.026 0.1 loss=0.971892
main interval: 0.026 0.0093 0 loss=0.924888
main interval: 0.026 0.016 0.1 loss=0.947366
best_muon_lr=[0.026,0.016] best_muon_momentum=0 interval_loss=0.918964 final_loss=0.918964 evaluated_interval_configs=6 evaluated_configs=6
train_loss run=3 step=17/20 loss=0.9190 head_lr=1072 muon_lr=0.016 muon_momentum=0 muon_nesterov=False muon_grad_momentum_norm_ratio=1
main interval: 0.016 0.016 0 loss=0.907551
main interval: 0.016 0.026 0 loss=0.967663
main interval: 0.016 0.0093 0 loss=0.926176
main interval: 0.016 0.016 0.1 loss=0.979159
best_muon_lr=[0.016,0.016] best_muon_momentum=0 interval_loss=0.907551 final_loss=0.907551 evaluated_interval_configs=4 evaluated_configs=4
train_loss run=3 step=18/20 loss=0.9076 head_lr=1072 muon_lr=0.016 muon_momentum=0 muon_nesterov=False muon_grad_momentum_norm_ratio=1
main interval: 0.016 0.016 0 loss=0.905174
main interval: 0.016 0.026 0 loss=0.970446
main interval: 0.016 0.0093 0 loss=0.904887
main interval: 0.016 0.016 0.1 loss=0.934701
main interval: 0.016 0.0056 0 loss=0.914864
main interval: 0.016 0.0093 0.1 loss=0.929236
best_muon_lr=[0.016,0.0093] best_muon_momentum=0 interval_loss=0.904887 final_loss=0.904887 evaluated_interval_configs=6 evaluated_configs=6
train_loss run=3 step=19/20 loss=0.9049 head_lr=1072 muon_lr=0.0093 muon_momentum=0 muon_nesterov=False muon_grad_momentum_norm_ratio=1
main interval: 0.0093 0.0093 0 loss=0.889546
main interval: 0.0093 0.016 0 loss=0.922714
main interval: 0.0093 0.0056 0 loss=0.909963
main interval: 0.0093 0.0093 0.1 loss=0.943984
best_muon_lr=[0.0093,0.0093] best_muon_momentum=0 interval_loss=0.889546 final_loss=0.889546 evaluated_interval_configs=4 evaluated_configs=4
train_loss run=3 step=20/20 loss=0.8895 head_lr=1072 muon_lr=0.0093 muon_momentum=0 muon_nesterov=False muon_grad_momentum_norm_ratio=1
Batch size:          2000
N steps:             1
M cooldown steps:    0
Interval scheduler:  linear
LR connectedness:    continuous_single
Muon orthogonalize:  True
Momentum config:     search_momentum_fixed_nesterov_false
Search momentum:     True
Muon nesterov:       False
Initial Muon lr:     0.2
Initial Muon lr k:   0
Initial Muon mom:    0.6
Initial Muon mom i:  6
Final start lr:      0.0093
Final start lr k:    6
Final Muon lr:       0.0093
Final Muon lr k:     6
Final end lr:        0.0093
Final end lr k:      6
Final Muon momentum: 0
Final Muon nesterov: False
Final Muon mom i:    0
SGD lr mult:         0.8
Initial train loss:  2.313483
Final train loss:    0.889546
Run seconds:         8.562
cifar_baseline2_overfit_n_search run=4 batch_size=2000 train_steps=20 N=2 M=0 interval_scheduler=constant lr_connectedness=jump_allowed muon_orthogonalize=True momentum_config=search_momentum_fixed_nesterov_false search_momentum=True muon_nesterov=False initial_muon_lr=0.2 initial_muon_lr_k=0 initial_muon_momentum=0.6 initial_muon_momentum_index=6
train_loss run=4 step=0/20 loss=2.3135 head_lr=1072 muon_lr=0.2 muon_momentum=0.6 muon_nesterov=False muon_grad_momentum_norm_ratio=none
main interval: 0.2 0.2 0.6 loss=2.206450
main interval: 0.33 0.33 0.6 loss=2.227077
main interval: 0.12 0.12 0.6 loss=2.206000
main interval: 0.2 0.2 0.5 loss=2.205484
main interval: 0.2 0.2 0.7 loss=2.207523
main interval: 0.33 0.33 0.5 loss=2.225813
main interval: 0.12 0.12 0.5 loss=2.205312
main interval: 0.2 0.2 0.4 loss=2.204552
main interval: 0.33 0.33 0.4 loss=2.224530
main interval: 0.12 0.12 0.4 loss=2.204948
main interval: 0.2 0.2 0.3 loss=2.203579
main interval: 0.33 0.33 0.3 loss=2.223128
main interval: 0.12 0.12 0.3 loss=2.205093
main interval: 0.2 0.2 0.2 loss=2.202983
main interval: 0.33 0.33 0.2 loss=2.221906
main interval: 0.12 0.12 0.2 loss=2.205845
main interval: 0.2 0.2 0.1 loss=2.203023
best_muon_lr=[0.2,0.2] best_muon_momentum=0.2 interval_loss=2.202983 final_loss=2.202983 evaluated_interval_configs=17 evaluated_configs=17
train_loss run=4 step=1/20 loss=2.2280 head_lr=1072 muon_lr=0.2 muon_momentum=0.2 muon_nesterov=False muon_grad_momentum_norm_ratio=1
train_loss run=4 step=2/20 loss=2.2030 head_lr=1072 muon_lr=0.2 muon_momentum=0.2 muon_nesterov=False muon_grad_momentum_norm_ratio=0.839754
main interval: 0.2 0.2 0.2 loss=1.815689
main interval: 0.33 0.33 0.2 loss=1.922824
main interval: 0.12 0.12 0.2 loss=1.696147
main interval: 0.2 0.2 0.1 loss=1.734635
main interval: 0.2 0.2 0.3 loss=1.855351
main interval: 0.072 0.072 0.2 loss=1.633165
main interval: 0.12 0.12 0.1 loss=1.650314
main interval: 0.12 0.12 0.3 loss=1.671869
main interval: 0.043 0.043 0.2 loss=1.662157
main interval: 0.072 0.072 0.1 loss=1.619478
main interval: 0.072 0.072 0.3 loss=1.578824
main interval: 0.043 0.043 0.3 loss=1.644228
main interval: 0.072 0.072 0.4 loss=1.579921
best_muon_lr=[0.072,0.072] best_muon_momentum=0.3 interval_loss=1.578824 final_loss=1.578824 evaluated_interval_configs=13 evaluated_configs=13
train_loss run=4 step=3/20 loss=1.8180 head_lr=1072 muon_lr=0.072 muon_momentum=0.3 muon_nesterov=False muon_grad_momentum_norm_ratio=0.782784
train_loss run=4 step=4/20 loss=1.5788 head_lr=1072 muon_lr=0.072 muon_momentum=0.3 muon_nesterov=False muon_grad_momentum_norm_ratio=0.706497
main interval: 0.072 0.072 0.3 loss=1.345008
main interval: 0.12 0.12 0.3 loss=1.316246
main interval: 0.043 0.043 0.3 loss=1.278794
main interval: 0.072 0.072 0.2 loss=1.290061
main interval: 0.072 0.072 0.4 loss=1.329454
main interval: 0.026 0.026 0.3 loss=1.259694
main interval: 0.043 0.043 0.2 loss=1.291275
main interval: 0.043 0.043 0.4 loss=1.217297
main interval: 0.026 0.026 0.4 loss=1.269310
main interval: 0.043 0.043 0.5 loss=1.217888
best_muon_lr=[0.043,0.043] best_muon_momentum=0.4 interval_loss=1.217297 final_loss=1.217297 evaluated_interval_configs=10 evaluated_configs=10
train_loss run=4 step=5/20 loss=1.3519 head_lr=1072 muon_lr=0.043 muon_momentum=0.4 muon_nesterov=False muon_grad_momentum_norm_ratio=0.681692
train_loss run=4 step=6/20 loss=1.2173 head_lr=1072 muon_lr=0.043 muon_momentum=0.4 muon_nesterov=False muon_grad_momentum_norm_ratio=0.695587
main interval: 0.043 0.043 0.4 loss=1.028252
main interval: 0.072 0.072 0.4 loss=1.085447
main interval: 0.026 0.026 0.4 loss=1.027699
main interval: 0.043 0.043 0.3 loss=1.034393
main interval: 0.043 0.043 0.5 loss=1.048921
main interval: 0.016 0.016 0.4 loss=1.050239
main interval: 0.026 0.026 0.3 loss=1.030252
main interval: 0.026 0.026 0.5 loss=1.011986
main interval: 0.016 0.016 0.5 loss=1.052753
main interval: 0.026 0.026 0.6 loss=1.028555
best_muon_lr=[0.026,0.026] best_muon_momentum=0.5 interval_loss=1.011986 final_loss=1.011986 evaluated_interval_configs=10 evaluated_configs=10
train_loss run=4 step=7/20 loss=1.1013 head_lr=1072 muon_lr=0.026 muon_momentum=0.5 muon_nesterov=False muon_grad_momentum_norm_ratio=0.762416
train_loss run=4 step=8/20 loss=1.0120 head_lr=1072 muon_lr=0.026 muon_momentum=0.5 muon_nesterov=False muon_grad_momentum_norm_ratio=0.49571
main interval: 0.026 0.026 0.5 loss=0.928378
main interval: 0.043 0.043 0.5 loss=0.943896
main interval: 0.016 0.016 0.5 loss=0.925657
main interval: 0.026 0.026 0.4 loss=0.925685
main interval: 0.026 0.026 0.6 loss=0.933203
main interval: 0.0093 0.0093 0.5 loss=0.944744
main interval: 0.016 0.016 0.4 loss=0.930730
main interval: 0.016 0.016 0.6 loss=0.929848
best_muon_lr=[0.016,0.016] best_muon_momentum=0.5 interval_loss=0.925657 final_loss=0.925657 evaluated_interval_configs=8 evaluated_configs=8
train_loss run=4 step=9/20 loss=0.9590 head_lr=1072 muon_lr=0.016 muon_momentum=0.5 muon_nesterov=False muon_grad_momentum_norm_ratio=0.63092
train_loss run=4 step=10/20 loss=0.9257 head_lr=1072 muon_lr=0.016 muon_momentum=0.5 muon_nesterov=False muon_grad_momentum_norm_ratio=0.596446
main interval: 0.016 0.016 0.5 loss=0.903782
main interval: 0.026 0.026 0.5 loss=0.927551
main interval: 0.0093 0.0093 0.5 loss=0.897784
main interval: 0.016 0.016 0.4 loss=0.907225
main interval: 0.016 0.016 0.6 loss=0.899767
main interval: 0.0056 0.0056 0.5 loss=0.903907
main interval: 0.0093 0.0093 0.4 loss=0.900579
main interval: 0.0093 0.0093 0.6 loss=0.897767
main interval: 0.0056 0.0056 0.6 loss=0.903558
main interval: 0.0093 0.0093 0.7 loss=0.899173
best_muon_lr=[0.0093,0.0093] best_muon_momentum=0.6 interval_loss=0.897767 final_loss=0.897767 evaluated_interval_configs=10 evaluated_configs=10
train_loss run=4 step=11/20 loss=0.9087 head_lr=1072 muon_lr=0.0093 muon_momentum=0.6 muon_nesterov=False muon_grad_momentum_norm_ratio=0.646727
train_loss run=4 step=12/20 loss=0.8978 head_lr=1072 muon_lr=0.0093 muon_momentum=0.6 muon_nesterov=False muon_grad_momentum_norm_ratio=0.487597
main interval: 0.0093 0.0093 0.6 loss=0.885842
main interval: 0.016 0.016 0.6 loss=0.894460
main interval: 0.0056 0.0056 0.6 loss=0.886707
main interval: 0.0093 0.0093 0.5 loss=0.888665
main interval: 0.0093 0.0093 0.7 loss=0.886563
best_muon_lr=[0.0093,0.0093] best_muon_momentum=0.6 interval_loss=0.885842 final_loss=0.885842 evaluated_interval_configs=5 evaluated_configs=5
train_loss run=4 step=13/20 loss=0.8901 head_lr=1072 muon_lr=0.0093 muon_momentum=0.6 muon_nesterov=False muon_grad_momentum_norm_ratio=0.524105
train_loss run=4 step=14/20 loss=0.8858 head_lr=1072 muon_lr=0.0093 muon_momentum=0.6 muon_nesterov=False muon_grad_momentum_norm_ratio=0.566069
main interval: 0.0093 0.0093 0.6 loss=0.882796
main interval: 0.016 0.016 0.6 loss=0.892377
main interval: 0.0056 0.0056 0.6 loss=0.879212
main interval: 0.0093 0.0093 0.5 loss=0.883292
main interval: 0.0093 0.0093 0.7 loss=0.881426
main interval: 0.0034 0.0034 0.6 loss=0.881642
main interval: 0.0056 0.0056 0.5 loss=0.879975
main interval: 0.0056 0.0056 0.7 loss=0.878946
main interval: 0.0034 0.0034 0.7 loss=0.880810
main interval: 0.0056 0.0056 0.8 loss=0.881049
best_muon_lr=[0.0056,0.0056] best_muon_momentum=0.7 interval_loss=0.878946 final_loss=0.878946 evaluated_interval_configs=10 evaluated_configs=10
train_loss run=4 step=15/20 loss=0.8819 head_lr=1072 muon_lr=0.0056 muon_momentum=0.7 muon_nesterov=False muon_grad_momentum_norm_ratio=0.685827
train_loss run=4 step=16/20 loss=0.8789 head_lr=1072 muon_lr=0.0056 muon_momentum=0.7 muon_nesterov=False muon_grad_momentum_norm_ratio=0.521125
main interval: 0.0056 0.0056 0.7 loss=0.875609
main interval: 0.0093 0.0093 0.7 loss=0.878799
main interval: 0.0034 0.0034 0.7 loss=0.875704
main interval: 0.0056 0.0056 0.6 loss=0.876373
main interval: 0.0056 0.0056 0.8 loss=0.875670
best_muon_lr=[0.0056,0.0056] best_muon_momentum=0.7 interval_loss=0.875609 final_loss=0.875609 evaluated_interval_configs=5 evaluated_configs=5
train_loss run=4 step=17/20 loss=0.8772 head_lr=1072 muon_lr=0.0056 muon_momentum=0.7 muon_nesterov=False muon_grad_momentum_norm_ratio=0.514338
train_loss run=4 step=18/20 loss=0.8756 head_lr=1072 muon_lr=0.0056 muon_momentum=0.7 muon_nesterov=False muon_grad_momentum_norm_ratio=0.593945
main interval: 0.0056 0.0056 0.7 loss=0.873393
main interval: 0.0093 0.0093 0.7 loss=0.877459
main interval: 0.0034 0.0034 0.7 loss=0.873002
main interval: 0.0056 0.0056 0.6 loss=0.873821
main interval: 0.0056 0.0056 0.8 loss=0.873697
main interval: 0.002 0.002 0.7 loss=0.874065
main interval: 0.0034 0.0034 0.6 loss=0.873511
main interval: 0.0034 0.0034 0.8 loss=0.873616
best_muon_lr=[0.0034,0.0034] best_muon_momentum=0.7 interval_loss=0.873002 final_loss=0.873002 evaluated_interval_configs=8 evaluated_configs=8
train_loss run=4 step=19/20 loss=0.8749 head_lr=1072 muon_lr=0.0034 muon_momentum=0.7 muon_nesterov=False muon_grad_momentum_norm_ratio=0.481567
train_loss run=4 step=20/20 loss=0.8730 head_lr=1072 muon_lr=0.0034 muon_momentum=0.7 muon_nesterov=False muon_grad_momentum_norm_ratio=0.68695
Batch size:          2000
N steps:             2
M cooldown steps:    0
Interval scheduler:  constant
LR connectedness:    jump_allowed
Muon orthogonalize:  True
Momentum config:     search_momentum_fixed_nesterov_false
Search momentum:     True
Muon nesterov:       False
Initial Muon lr:     0.2
Initial Muon lr k:   0
Initial Muon mom:    0.6
Initial Muon mom i:  6
Final start lr:      0.0034
Final start lr k:    8
Final Muon lr:       0.0034
Final Muon lr k:     8
Final end lr:        0.0034
Final end lr k:      8
Final Muon momentum: 0.7
Final Muon nesterov: False
Final Muon mom i:    7
SGD lr mult:         0.8
Initial train loss:  2.313483
Final train loss:    0.873002
Run seconds:         13.654
cifar_baseline2_overfit_n_search run=5 batch_size=2000 train_steps=20 N=2 M=0 interval_scheduler=linear lr_connectedness=jump_allowed muon_orthogonalize=True momentum_config=search_momentum_fixed_nesterov_false search_momentum=True muon_nesterov=False initial_muon_lr=0.2 initial_muon_lr_k=0 initial_muon_momentum=0.6 initial_muon_momentum_index=6
train_loss run=5 step=0/20 loss=2.3135 head_lr=1072 muon_lr=0.2 muon_momentum=0.6 muon_nesterov=False muon_grad_momentum_norm_ratio=none
main interval: 0.2 0.2 0.6 loss=2.206450
main interval: 0.33 0.33 0.6 loss=2.227077
main interval: 0.33 0.2 0.6 loss=2.215274
main interval: 0.33 0.12 0.6 loss=2.214384
main interval: 0.2 0.33 0.6 loss=2.224554
main interval: 0.2 0.12 0.6 loss=2.198687
main interval: 0.12 0.33 0.6 loss=2.244541
main interval: 0.12 0.2 0.6 loss=2.220075
main interval: 0.12 0.12 0.6 loss=2.206000
main interval: 0.2 0.2 0.5 loss=2.205484
main interval: 0.2 0.2 0.7 loss=2.207523
main interval: 0.33 0.072 0.6 loss=2.223258
main interval: 0.2 0.072 0.6 loss=2.203112
main interval: 0.12 0.072 0.6 loss=2.205891
main interval: 0.2 0.12 0.5 loss=2.197025
main interval: 0.2 0.12 0.7 loss=2.200432
main interval: 0.33 0.2 0.5 loss=2.213643
main interval: 0.33 0.12 0.5 loss=2.212320
main interval: 0.33 0.072 0.5 loss=2.221185
main interval: 0.2 0.072 0.5 loss=2.201104
main interval: 0.12 0.2 0.5 loss=2.220302
main interval: 0.12 0.12 0.5 loss=2.205312
main interval: 0.12 0.072 0.5 loss=2.204545
main interval: 0.2 0.12 0.4 loss=2.195275
main interval: 0.33 0.2 0.4 loss=2.211972
main interval: 0.33 0.12 0.4 loss=2.210188
main interval: 0.33 0.072 0.4 loss=2.219034
main interval: 0.2 0.2 0.4 loss=2.204552
main interval: 0.2 0.072 0.4 loss=2.198985
main interval: 0.12 0.2 0.4 loss=2.220950
main interval: 0.12 0.12 0.4 loss=2.204948
main interval: 0.12 0.072 0.4 loss=2.203377
main interval: 0.2 0.12 0.3 loss=2.193480
main interval: 0.33 0.2 0.3 loss=2.210125
main interval: 0.33 0.12 0.3 loss=2.207913
main interval: 0.33 0.072 0.3 loss=2.216755
main interval: 0.2 0.2 0.3 loss=2.203579
main interval: 0.2 0.072 0.3 loss=2.196844
main interval: 0.12 0.2 0.3 loss=2.222295
main interval: 0.12 0.12 0.3 loss=2.205093
main interval: 0.12 0.072 0.3 loss=2.202557
main interval: 0.2 0.12 0.2 loss=2.191801
main interval: 0.33 0.2 0.2 loss=2.208148
main interval: 0.33 0.12 0.2 loss=2.205537
main interval: 0.33 0.072 0.2 loss=2.214411
main interval: 0.2 0.2 0.2 loss=2.202983
main interval: 0.2 0.072 0.2 loss=2.194806
main interval: 0.12 0.2 0.2 loss=2.224546
main interval: 0.12 0.12 0.2 loss=2.205845
main interval: 0.12 0.072 0.2 loss=2.202049
main interval: 0.2 0.12 0.1 loss=2.190226
main interval: 0.33 0.2 0.1 loss=2.206478
main interval: 0.33 0.12 0.1 loss=2.203300
main interval: 0.33 0.072 0.1 loss=2.212270
main interval: 0.2 0.2 0.1 loss=2.203023
main interval: 0.2 0.072 0.1 loss=2.192981
main interval: 0.12 0.2 0.1 loss=2.229259
main interval: 0.12 0.12 0.1 loss=2.207919
main interval: 0.12 0.072 0.1 loss=2.202315
main interval: 0.2 0.12 0 loss=2.190403
best_muon_lr=[0.2,0.12] best_muon_momentum=0.1 interval_loss=2.190226 final_loss=2.190226 evaluated_interval_configs=60 evaluated_configs=60
train_loss run=5 step=1/20 loss=2.2280 head_lr=1072 muon_lr=0.2 muon_momentum=0.1 muon_nesterov=False muon_grad_momentum_norm_ratio=1
train_loss run=5 step=2/20 loss=2.1902 head_lr=1072 muon_lr=0.12 muon_momentum=0.1 muon_nesterov=False muon_grad_momentum_norm_ratio=0.912898
main interval: 0.12 0.12 0.1 loss=1.772468
main interval: 0.2 0.2 0.1 loss=1.790653
main interval: 0.2 0.12 0.1 loss=1.707135
main interval: 0.2 0.072 0.1 loss=1.663222
main interval: 0.12 0.2 0.1 loss=1.848009
main interval: 0.12 0.072 0.1 loss=1.611336
main interval: 0.072 0.2 0.1 loss=1.889735
main interval: 0.072 0.12 0.1 loss=1.690340
main interval: 0.072 0.072 0.1 loss=1.605952
main interval: 0.12 0.12 0 loss=1.669053
main interval: 0.12 0.12 0.2 loss=1.641045
main interval: 0.12 0.043 0.1 loss=1.605308
main interval: 0.072 0.043 0.1 loss=1.608251
main interval: 0.043 0.12 0.1 loss=1.700268
main interval: 0.043 0.072 0.1 loss=1.627518
main interval: 0.043 0.043 0.1 loss=1.633809
main interval: 0.072 0.072 0 loss=1.625474
main interval: 0.072 0.072 0.2 loss=1.555659
main interval: 0.12 0.072 0.2 loss=1.580700
main interval: 0.12 0.043 0.2 loss=1.559675
main interval: 0.072 0.12 0.2 loss=1.680498
main interval: 0.072 0.043 0.2 loss=1.592082
main interval: 0.043 0.12 0.2 loss=1.691715
main interval: 0.043 0.072 0.2 loss=1.615608
main interval: 0.043 0.043 0.2 loss=1.621765
main interval: 0.072 0.072 0.3 loss=1.563964
best_muon_lr=[0.072,0.072] best_muon_momentum=0.2 interval_loss=1.555659 final_loss=1.555659 evaluated_interval_configs=26 evaluated_configs=26
train_loss run=5 step=3/20 loss=1.8114 head_lr=1072 muon_lr=0.072 muon_momentum=0.2 muon_nesterov=False muon_grad_momentum_norm_ratio=0.820508
train_loss run=5 step=4/20 loss=1.5557 head_lr=1072 muon_lr=0.072 muon_momentum=0.2 muon_nesterov=False muon_grad_momentum_norm_ratio=0.80126
main interval: 0.072 0.072 0.2 loss=1.325032
main interval: 0.12 0.12 0.2 loss=1.383191
main interval: 0.12 0.072 0.2 loss=1.321848
main interval: 0.12 0.043 0.2 loss=1.231045
main interval: 0.072 0.12 0.2 loss=1.588675
main interval: 0.072 0.043 0.2 loss=1.223020
main interval: 0.043 0.12 0.2 loss=1.685893
main interval: 0.043 0.072 0.2 loss=1.350135
main interval: 0.043 0.043 0.2 loss=1.293289
main interval: 0.072 0.072 0.1 loss=1.294323
main interval: 0.072 0.072 0.3 loss=1.341933
main interval: 0.12 0.026 0.2 loss=1.295532
main interval: 0.072 0.026 0.2 loss=1.253955
main interval: 0.043 0.026 0.2 loss=1.228916
main interval: 0.072 0.043 0.1 loss=1.269478
main interval: 0.072 0.043 0.3 loss=1.214524
main interval: 0.12 0.072 0.3 loss=1.269423
main interval: 0.12 0.043 0.3 loss=1.255474
main interval: 0.12 0.026 0.3 loss=1.325248
main interval: 0.072 0.026 0.3 loss=1.237094
main interval: 0.043 0.072 0.3 loss=1.390876
main interval: 0.043 0.043 0.3 loss=1.230203
main interval: 0.043 0.026 0.3 loss=1.252576
main interval: 0.072 0.043 0.4 loss=1.198398
main interval: 0.12 0.072 0.4 loss=1.262118
main interval: 0.12 0.043 0.4 loss=1.255632
main interval: 0.12 0.026 0.4 loss=1.282758
main interval: 0.072 0.072 0.4 loss=1.261347
main interval: 0.072 0.026 0.4 loss=1.233887
main interval: 0.043 0.072 0.4 loss=1.269179
main interval: 0.043 0.043 0.4 loss=1.252848
main interval: 0.043 0.026 0.4 loss=1.204368
main interval: 0.072 0.043 0.5 loss=1.225625
best_muon_lr=[0.072,0.043] best_muon_momentum=0.4 interval_loss=1.198398 final_loss=1.198398 evaluated_interval_configs=33 evaluated_configs=33
train_loss run=5 step=5/20 loss=1.3936 head_lr=1072 muon_lr=0.072 muon_momentum=0.4 muon_nesterov=False muon_grad_momentum_norm_ratio=0.681058
train_loss run=5 step=6/20 loss=1.1984 head_lr=1072 muon_lr=0.043 muon_momentum=0.4 muon_nesterov=False muon_grad_momentum_norm_ratio=0.791478
main interval: 0.043 0.043 0.4 loss=1.013321
main interval: 0.072 0.072 0.4 loss=1.080674
main interval: 0.072 0.043 0.4 loss=1.015944
main interval: 0.072 0.026 0.4 loss=1.047730
main interval: 0.043 0.072 0.4 loss=1.116200
main interval: 0.043 0.026 0.4 loss=1.006710
main interval: 0.026 0.072 0.4 loss=1.128806
main interval: 0.026 0.043 0.4 loss=1.027303
main interval: 0.026 0.026 0.4 loss=1.004328
main interval: 0.043 0.043 0.3 loss=1.045314
main interval: 0.043 0.043 0.5 loss=1.026323
main interval: 0.043 0.016 0.4 loss=1.024712
main interval: 0.026 0.016 0.4 loss=1.018695
main interval: 0.016 0.043 0.4 loss=1.035597
main interval: 0.016 0.026 0.4 loss=1.017719
main interval: 0.016 0.016 0.4 loss=1.035578
main interval: 0.026 0.026 0.3 loss=1.007217
main interval: 0.026 0.026 0.5 loss=0.996190
main interval: 0.043 0.026 0.5 loss=0.984723
main interval: 0.043 0.016 0.5 loss=0.986367
main interval: 0.026 0.043 0.5 loss=1.004757
main interval: 0.026 0.016 0.5 loss=1.014606
main interval: 0.016 0.043 0.5 loss=1.019637
main interval: 0.016 0.026 0.5 loss=1.023411
main interval: 0.016 0.016 0.5 loss=1.034716
main interval: 0.026 0.026 0.6 loss=1.004867
main interval: 0.072 0.043 0.5 loss=0.983572
main interval: 0.072 0.026 0.5 loss=0.971671
main interval: 0.072 0.016 0.5 loss=1.062672
main interval: 0.043 0.026 0.6 loss=1.016138
main interval: 0.12 0.043 0.5 loss=1.033986
main interval: 0.12 0.026 0.5 loss=1.091011
main interval: 0.12 0.016 0.5 loss=1.245948
main interval: 0.072 0.026 0.6 loss=1.041241
best_muon_lr=[0.072,0.026] best_muon_momentum=0.5 interval_loss=0.971671 final_loss=0.971671 evaluated_interval_configs=34 evaluated_configs=34
train_loss run=5 step=7/20 loss=1.0563 head_lr=1072 muon_lr=0.072 muon_momentum=0.5 muon_nesterov=False muon_grad_momentum_norm_ratio=0.55449
train_loss run=5 step=8/20 loss=0.9717 head_lr=1072 muon_lr=0.026 muon_momentum=0.5 muon_nesterov=False muon_grad_momentum_norm_ratio=0.655839
main interval: 0.026 0.026 0.5 loss=0.917885
main interval: 0.043 0.043 0.5 loss=0.960997
main interval: 0.043 0.026 0.5 loss=0.910879
main interval: 0.043 0.016 0.5 loss=0.918222
main interval: 0.026 0.043 0.5 loss=0.934350
main interval: 0.026 0.016 0.5 loss=0.904303
main interval: 0.016 0.043 0.5 loss=0.947232
main interval: 0.016 0.026 0.5 loss=0.906483
main interval: 0.016 0.016 0.5 loss=0.905372
main interval: 0.026 0.026 0.4 loss=0.919494
main interval: 0.026 0.026 0.6 loss=0.910420
main interval: 0.043 0.0093 0.5 loss=0.914052
main interval: 0.026 0.0093 0.5 loss=0.910884
main interval: 0.016 0.0093 0.5 loss=0.912450
main interval: 0.026 0.016 0.4 loss=0.904273
main interval: 0.026 0.016 0.6 loss=0.899410
main interval: 0.043 0.026 0.6 loss=0.910185
main interval: 0.043 0.016 0.6 loss=0.903902
main interval: 0.043 0.0093 0.6 loss=0.937168
main interval: 0.026 0.0093 0.6 loss=0.914324
main interval: 0.016 0.026 0.6 loss=0.906724
main interval: 0.016 0.016 0.6 loss=0.906102
main interval: 0.016 0.0093 0.6 loss=0.909744
main interval: 0.026 0.016 0.7 loss=0.900977
best_muon_lr=[0.026,0.016] best_muon_momentum=0.6 interval_loss=0.899410 final_loss=0.899410 evaluated_interval_configs=24 evaluated_configs=24
train_loss run=5 step=9/20 loss=0.9171 head_lr=1072 muon_lr=0.026 muon_momentum=0.6 muon_nesterov=False muon_grad_momentum_norm_ratio=0.642299
train_loss run=5 step=10/20 loss=0.8994 head_lr=1072 muon_lr=0.016 muon_momentum=0.6 muon_nesterov=False muon_grad_momentum_norm_ratio=0.49716
main interval: 0.016 0.016 0.6 loss=0.887951
main interval: 0.026 0.026 0.6 loss=0.902722
main interval: 0.026 0.016 0.6 loss=0.882604
main interval: 0.026 0.0093 0.6 loss=0.893902
main interval: 0.016 0.026 0.6 loss=0.890580
main interval: 0.016 0.0093 0.6 loss=0.884484
main interval: 0.0093 0.026 0.6 loss=0.903447
main interval: 0.0093 0.016 0.6 loss=0.884680
main interval: 0.0093 0.0093 0.6 loss=0.884977
main interval: 0.016 0.016 0.5 loss=0.889382
main interval: 0.016 0.016 0.7 loss=0.888989
main interval: 0.043 0.026 0.6 loss=0.904285
main interval: 0.043 0.016 0.6 loss=0.919163
main interval: 0.043 0.0093 0.6 loss=0.937696
main interval: 0.026 0.016 0.5 loss=0.891129
main interval: 0.026 0.016 0.7 loss=0.890515
best_muon_lr=[0.026,0.016] best_muon_momentum=0.6 interval_loss=0.882604 final_loss=0.882604 evaluated_interval_configs=16 evaluated_configs=16
train_loss run=5 step=11/20 loss=0.9046 head_lr=1072 muon_lr=0.026 muon_momentum=0.6 muon_nesterov=False muon_grad_momentum_norm_ratio=0.466708
train_loss run=5 step=12/20 loss=0.8826 head_lr=1072 muon_lr=0.016 muon_momentum=0.6 muon_nesterov=False muon_grad_momentum_norm_ratio=0.755508
main interval: 0.016 0.016 0.6 loss=0.880972
main interval: 0.026 0.026 0.6 loss=0.884175
main interval: 0.026 0.016 0.6 loss=0.883237
main interval: 0.026 0.0093 0.6 loss=0.894219
main interval: 0.016 0.026 0.6 loss=0.899253
main interval: 0.016 0.0093 0.6 loss=0.877309
main interval: 0.0093 0.026 0.6 loss=0.908079
main interval: 0.0093 0.016 0.6 loss=0.885967
main interval: 0.0093 0.0093 0.6 loss=0.877683
main interval: 0.016 0.016 0.5 loss=0.886792
main interval: 0.016 0.016 0.7 loss=0.881759
main interval: 0.026 0.0056 0.6 loss=0.906392
main interval: 0.016 0.0056 0.6 loss=0.882930
main interval: 0.0093 0.0056 0.6 loss=0.877937
main interval: 0.016 0.0093 0.5 loss=0.877284
main interval: 0.016 0.0093 0.7 loss=0.875220
main interval: 0.026 0.016 0.7 loss=0.883580
main interval: 0.026 0.0093 0.7 loss=0.899972
main interval: 0.026 0.0056 0.7 loss=0.891788
main interval: 0.016 0.0056 0.7 loss=0.879940
main interval: 0.0093 0.016 0.7 loss=0.880626
main interval: 0.0093 0.0093 0.7 loss=0.877175
main interval: 0.0093 0.0056 0.7 loss=0.875996
main interval: 0.016 0.0093 0.8 loss=0.877508
best_muon_lr=[0.016,0.0093] best_muon_momentum=0.7 interval_loss=0.875220 final_loss=0.875220 evaluated_interval_configs=24 evaluated_configs=24
train_loss run=5 step=13/20 loss=0.8882 head_lr=1072 muon_lr=0.016 muon_momentum=0.7 muon_nesterov=False muon_grad_momentum_norm_ratio=0.509248
train_loss run=5 step=14/20 loss=0.8752 head_lr=1072 muon_lr=0.0093 muon_momentum=0.7 muon_nesterov=False muon_grad_momentum_norm_ratio=0.766463
main interval: 0.0093 0.0093 0.7 loss=0.873285
main interval: 0.016 0.016 0.7 loss=0.876888
main interval: 0.016 0.0093 0.7 loss=0.875392
main interval: 0.016 0.0056 0.7 loss=0.882501
main interval: 0.0093 0.016 0.7 loss=0.876886
main interval: 0.0093 0.0056 0.7 loss=0.872255
main interval: 0.0056 0.016 0.7 loss=0.881881
main interval: 0.0056 0.0093 0.7 loss=0.874119
main interval: 0.0056 0.0056 0.7 loss=0.872755
main interval: 0.0093 0.0093 0.6 loss=0.875352
main interval: 0.0093 0.0093 0.8 loss=0.875040
main interval: 0.016 0.0034 0.7 loss=0.879650
main interval: 0.0093 0.0034 0.7 loss=0.878076
main interval: 0.0056 0.0034 0.7 loss=0.873322
main interval: 0.0093 0.0056 0.6 loss=0.872414
main interval: 0.0093 0.0056 0.8 loss=0.871930
main interval: 0.016 0.0093 0.8 loss=0.873404
main interval: 0.016 0.0056 0.8 loss=0.879910
main interval: 0.016 0.0034 0.8 loss=0.883902
main interval: 0.0093 0.0034 0.8 loss=0.874359
main interval: 0.0056 0.0093 0.8 loss=0.873983
main interval: 0.0056 0.0056 0.8 loss=0.872993
main interval: 0.0056 0.0034 0.8 loss=0.872489
main interval: 0.0093 0.0056 0.9 loss=0.873480
best_muon_lr=[0.0093,0.0056] best_muon_momentum=0.8 interval_loss=0.871930 final_loss=0.871930 evaluated_interval_configs=24 evaluated_configs=24
train_loss run=5 step=15/20 loss=0.8730 head_lr=1072 muon_lr=0.0093 muon_momentum=0.8 muon_nesterov=False muon_grad_momentum_norm_ratio=0.531916
train_loss run=5 step=16/20 loss=0.8719 head_lr=1072 muon_lr=0.0056 muon_momentum=0.8 muon_nesterov=False muon_grad_momentum_norm_ratio=0.600108
main interval: 0.0056 0.0056 0.8 loss=0.869983
main interval: 0.0093 0.0093 0.8 loss=0.871780
main interval: 0.0093 0.0056 0.8 loss=0.870210
main interval: 0.0093 0.0034 0.8 loss=0.871558
main interval: 0.0056 0.0093 0.8 loss=0.871395
main interval: 0.0056 0.0034 0.8 loss=0.870626
main interval: 0.0034 0.0093 0.8 loss=0.873023
main interval: 0.0034 0.0056 0.8 loss=0.871480
main interval: 0.0034 0.0034 0.8 loss=0.870732
main interval: 0.0056 0.0056 0.7 loss=0.871043
main interval: 0.0056 0.0056 0.9 loss=0.871122
best_muon_lr=[0.0056,0.0056] best_muon_momentum=0.8 interval_loss=0.869983 final_loss=0.869983 evaluated_interval_configs=11 evaluated_configs=11
train_loss run=5 step=17/20 loss=0.8713 head_lr=1072 muon_lr=0.0056 muon_momentum=0.8 muon_nesterov=False muon_grad_momentum_norm_ratio=0.43657
train_loss run=5 step=18/20 loss=0.8700 head_lr=1072 muon_lr=0.0056 muon_momentum=0.8 muon_nesterov=False muon_grad_momentum_norm_ratio=0.624422
main interval: 0.0056 0.0056 0.8 loss=0.869145
main interval: 0.0093 0.0093 0.8 loss=0.870492
main interval: 0.0093 0.0056 0.8 loss=0.869383
main interval: 0.0093 0.0034 0.8 loss=0.871306
main interval: 0.0056 0.0093 0.8 loss=0.869956
main interval: 0.0056 0.0034 0.8 loss=0.869274
main interval: 0.0034 0.0093 0.8 loss=0.871540
main interval: 0.0034 0.0056 0.8 loss=0.870338
main interval: 0.0034 0.0034 0.8 loss=0.869620
main interval: 0.0056 0.0056 0.7 loss=0.869097
main interval: 0.0056 0.0056 0.9 loss=0.869252
main interval: 0.0093 0.0093 0.7 loss=0.871435
main interval: 0.0093 0.0056 0.7 loss=0.869385
main interval: 0.0093 0.0034 0.7 loss=0.871664
main interval: 0.0056 0.0093 0.7 loss=0.871358
main interval: 0.0056 0.0034 0.7 loss=0.869202
main interval: 0.0034 0.0093 0.7 loss=0.872825
main interval: 0.0034 0.0056 0.7 loss=0.869648
main interval: 0.0034 0.0034 0.7 loss=0.869181
main interval: 0.0056 0.0056 0.6 loss=0.869698
best_muon_lr=[0.0056,0.0056] best_muon_momentum=0.7 interval_loss=0.869097 final_loss=0.869097 evaluated_interval_configs=20 evaluated_configs=20
train_loss run=5 step=19/20 loss=0.8701 head_lr=1072 muon_lr=0.0056 muon_momentum=0.7 muon_nesterov=False muon_grad_momentum_norm_ratio=0.605835
train_loss run=5 step=20/20 loss=0.8691 head_lr=1072 muon_lr=0.0056 muon_momentum=0.7 muon_nesterov=False muon_grad_momentum_norm_ratio=0.597466
Batch size:          2000
N steps:             2
M cooldown steps:    0
Interval scheduler:  linear
LR connectedness:    jump_allowed
Muon orthogonalize:  True
Momentum config:     search_momentum_fixed_nesterov_false
Search momentum:     True
Muon nesterov:       False
Initial Muon lr:     0.2
Initial Muon lr k:   0
Initial Muon mom:    0.6
Initial Muon mom i:  6
Final start lr:      0.0056
Final start lr k:    7
Final Muon lr:       0.0056
Final Muon lr k:     7
Final end lr:        0.0056
Final end lr k:      7
Final Muon momentum: 0.7
Final Muon nesterov: False
Final Muon mom i:    7
SGD lr mult:         0.8
Initial train loss:  2.313483
Final train loss:    0.869097
Run seconds:         38.560
cifar_baseline2_overfit_n_search run=6 batch_size=2000 train_steps=20 N=2 M=0 interval_scheduler=linear lr_connectedness=continuous_double muon_orthogonalize=True momentum_config=search_momentum_fixed_nesterov_false search_momentum=True muon_nesterov=False initial_muon_lr=0.2 initial_muon_lr_k=0 initial_muon_momentum=0.6 initial_muon_momentum_index=6
train_loss run=6 step=0/20 loss=2.3135 head_lr=1072 muon_lr=0.2 muon_momentum=0.6 muon_nesterov=False muon_grad_momentum_norm_ratio=none
main interval: 0.2 0.2 0.6 loss=2.206450
main interval: 0.33 0.33 0.6 loss=2.227077
main interval: 0.33 0.2 0.6 loss=2.215274
main interval: 0.33 0.12 0.6 loss=2.214384
main interval: 0.2 0.33 0.6 loss=2.224554
main interval: 0.2 0.12 0.6 loss=2.198687
main interval: 0.12 0.33 0.6 loss=2.244541
main interval: 0.12 0.2 0.6 loss=2.220075
main interval: 0.12 0.12 0.6 loss=2.206000
main interval: 0.2 0.2 0.5 loss=2.205484
main interval: 0.2 0.2 0.7 loss=2.207523
main interval: 0.33 0.072 0.6 loss=2.223258
main interval: 0.2 0.072 0.6 loss=2.203112
main interval: 0.12 0.072 0.6 loss=2.205891
main interval: 0.2 0.12 0.5 loss=2.197025
main interval: 0.2 0.12 0.7 loss=2.200432
main interval: 0.33 0.2 0.5 loss=2.213643
main interval: 0.33 0.12 0.5 loss=2.212320
main interval: 0.33 0.072 0.5 loss=2.221185
main interval: 0.2 0.072 0.5 loss=2.201104
main interval: 0.12 0.2 0.5 loss=2.220302
main interval: 0.12 0.12 0.5 loss=2.205312
main interval: 0.12 0.072 0.5 loss=2.204545
main interval: 0.2 0.12 0.4 loss=2.195275
main interval: 0.33 0.2 0.4 loss=2.211972
main interval: 0.33 0.12 0.4 loss=2.210188
main interval: 0.33 0.072 0.4 loss=2.219034
main interval: 0.2 0.2 0.4 loss=2.204552
main interval: 0.2 0.072 0.4 loss=2.198985
main interval: 0.12 0.2 0.4 loss=2.220950
main interval: 0.12 0.12 0.4 loss=2.204948
main interval: 0.12 0.072 0.4 loss=2.203377
main interval: 0.2 0.12 0.3 loss=2.193480
main interval: 0.33 0.2 0.3 loss=2.210125
main interval: 0.33 0.12 0.3 loss=2.207913
main interval: 0.33 0.072 0.3 loss=2.216755
main interval: 0.2 0.2 0.3 loss=2.203579
main interval: 0.2 0.072 0.3 loss=2.196844
main interval: 0.12 0.2 0.3 loss=2.222295
main interval: 0.12 0.12 0.3 loss=2.205093
main interval: 0.12 0.072 0.3 loss=2.202557
main interval: 0.2 0.12 0.2 loss=2.191801
main interval: 0.33 0.2 0.2 loss=2.208148
main interval: 0.33 0.12 0.2 loss=2.205537
main interval: 0.33 0.072 0.2 loss=2.214411
main interval: 0.2 0.2 0.2 loss=2.202983
main interval: 0.2 0.072 0.2 loss=2.194806
main interval: 0.12 0.2 0.2 loss=2.224546
main interval: 0.12 0.12 0.2 loss=2.205845
main interval: 0.12 0.072 0.2 loss=2.202049
main interval: 0.2 0.12 0.1 loss=2.190226
main interval: 0.33 0.2 0.1 loss=2.206478
main interval: 0.33 0.12 0.1 loss=2.203300
main interval: 0.33 0.072 0.1 loss=2.212270
main interval: 0.2 0.2 0.1 loss=2.203023
main interval: 0.2 0.072 0.1 loss=2.192981
main interval: 0.12 0.2 0.1 loss=2.229259
main interval: 0.12 0.12 0.1 loss=2.207919
main interval: 0.12 0.072 0.1 loss=2.202315
main interval: 0.2 0.12 0 loss=2.190403
best_muon_lr=[0.2,0.12] best_muon_momentum=0.1 interval_loss=2.190226 final_loss=2.190226 evaluated_interval_configs=60 evaluated_configs=60
train_loss run=6 step=1/20 loss=2.2280 head_lr=1072 muon_lr=0.2 muon_momentum=0.1 muon_nesterov=False muon_grad_momentum_norm_ratio=1
train_loss run=6 step=2/20 loss=2.1902 head_lr=1072 muon_lr=0.12 muon_momentum=0.1 muon_nesterov=False muon_grad_momentum_norm_ratio=0.912898
main interval: 0.12 0.12 0.1 loss=1.772468
main interval: 0.12 0.2 0.1 loss=1.838840
main interval: 0.12 0.072 0.1 loss=1.645109
main interval: 0.12 0.12 0 loss=1.693855
main interval: 0.12 0.12 0.2 loss=1.639289
main interval: 0.12 0.2 0.2 loss=1.832368
main interval: 0.12 0.072 0.2 loss=1.598444
main interval: 0.12 0.12 0.3 loss=1.633027
main interval: 0.12 0.043 0.2 loss=1.600797
main interval: 0.12 0.072 0.3 loss=1.576216
main interval: 0.12 0.043 0.3 loss=1.611787
main interval: 0.12 0.072 0.4 loss=1.573479
main interval: 0.12 0.12 0.4 loss=1.620200
main interval: 0.12 0.043 0.4 loss=1.588062
main interval: 0.12 0.072 0.5 loss=1.577125
best_muon_lr=[0.12,0.072] best_muon_momentum=0.4 interval_loss=1.573479 final_loss=1.573479 evaluated_interval_configs=15 evaluated_configs=15
train_loss run=6 step=3/20 loss=1.9024 head_lr=1072 muon_lr=0.12 muon_momentum=0.4 muon_nesterov=False muon_grad_momentum_norm_ratio=0.625625
train_loss run=6 step=4/20 loss=1.5735 head_lr=1072 muon_lr=0.072 muon_momentum=0.4 muon_nesterov=False muon_grad_momentum_norm_ratio=0.756802
main interval: 0.072 0.072 0.4 loss=1.315902
main interval: 0.072 0.12 0.4 loss=1.488361
main interval: 0.072 0.043 0.4 loss=1.189406
main interval: 0.072 0.072 0.3 loss=1.239248
main interval: 0.072 0.072 0.5 loss=1.198651
main interval: 0.072 0.026 0.4 loss=1.185357
main interval: 0.072 0.043 0.3 loss=1.191248
main interval: 0.072 0.043 0.5 loss=1.173464
main interval: 0.072 0.026 0.5 loss=1.211451
main interval: 0.072 0.043 0.6 loss=1.142726
main interval: 0.072 0.072 0.6 loss=1.129916
main interval: 0.072 0.026 0.6 loss=1.154243
main interval: 0.072 0.043 0.7 loss=1.132827
main interval: 0.072 0.12 0.6 loss=1.168811
main interval: 0.072 0.072 0.7 loss=1.106021
main interval: 0.072 0.12 0.7 loss=1.136937
main interval: 0.072 0.072 0.8 loss=1.088921
main interval: 0.072 0.12 0.8 loss=1.109126
main interval: 0.072 0.043 0.8 loss=1.090747
main interval: 0.072 0.072 0.9 loss=1.068937
main interval: 0.072 0.12 0.9 loss=1.138394
main interval: 0.072 0.043 0.9 loss=1.079096
main interval: 0.072 0.072 0.95 loss=1.070522
best_muon_lr=[0.072,0.072] best_muon_momentum=0.9 interval_loss=1.068937 final_loss=1.068937 evaluated_interval_configs=23 evaluated_configs=23
train_loss run=6 step=5/20 loss=1.2534 head_lr=1072 muon_lr=0.072 muon_momentum=0.9 muon_nesterov=False muon_grad_momentum_norm_ratio=0.294736
train_loss run=6 step=6/20 loss=1.0689 head_lr=1072 muon_lr=0.072 muon_momentum=0.9 muon_nesterov=False muon_grad_momentum_norm_ratio=0.321861
main interval: 0.072 0.072 0.9 loss=0.972249
main interval: 0.072 0.12 0.9 loss=0.993693
main interval: 0.072 0.043 0.9 loss=0.923953
main interval: 0.072 0.072 0.8 loss=0.933813
main interval: 0.072 0.072 0.95 loss=0.942650
main interval: 0.072 0.026 0.9 loss=0.924111
main interval: 0.072 0.043 0.8 loss=0.917187
main interval: 0.072 0.043 0.95 loss=0.918485
main interval: 0.072 0.026 0.8 loss=0.917183
main interval: 0.072 0.043 0.7 loss=0.916976
main interval: 0.072 0.072 0.7 loss=0.981904
main interval: 0.072 0.026 0.7 loss=0.931856
main interval: 0.072 0.043 0.6 loss=0.939895
best_muon_lr=[0.072,0.043] best_muon_momentum=0.7 interval_loss=0.916976 final_loss=0.916976 evaluated_interval_configs=13 evaluated_configs=13
train_loss run=6 step=7/20 loss=0.9586 head_lr=1072 muon_lr=0.072 muon_momentum=0.7 muon_nesterov=False muon_grad_momentum_norm_ratio=0.363679
train_loss run=6 step=8/20 loss=0.9170 head_lr=1072 muon_lr=0.043 muon_momentum=0.7 muon_nesterov=False muon_grad_momentum_norm_ratio=0.374321
main interval: 0.043 0.043 0.7 loss=0.909722
main interval: 0.043 0.072 0.7 loss=0.945728
main interval: 0.043 0.026 0.7 loss=0.892272
main interval: 0.043 0.043 0.6 loss=0.907267
main interval: 0.043 0.043 0.8 loss=0.904598
main interval: 0.043 0.016 0.7 loss=0.897960
main interval: 0.043 0.026 0.6 loss=0.890485
main interval: 0.043 0.026 0.8 loss=0.887652
main interval: 0.043 0.016 0.8 loss=0.893804
main interval: 0.043 0.026 0.9 loss=0.895086
best_muon_lr=[0.043,0.026] best_muon_momentum=0.8 interval_loss=0.887652 final_loss=0.887652 evaluated_interval_configs=10 evaluated_configs=10
train_loss run=6 step=9/20 loss=0.9239 head_lr=1072 muon_lr=0.043 muon_momentum=0.8 muon_nesterov=False muon_grad_momentum_norm_ratio=0.522935
train_loss run=6 step=10/20 loss=0.8877 head_lr=1072 muon_lr=0.026 muon_momentum=0.8 muon_nesterov=False muon_grad_momentum_norm_ratio=0.580662
main interval: 0.026 0.026 0.8 loss=0.885228
main interval: 0.026 0.043 0.8 loss=0.898970
main interval: 0.026 0.016 0.8 loss=0.878851
main interval: 0.026 0.026 0.7 loss=0.888988
main interval: 0.026 0.026 0.9 loss=0.884549
main interval: 0.026 0.0093 0.8 loss=0.877734
main interval: 0.026 0.016 0.7 loss=0.876852
main interval: 0.026 0.016 0.9 loss=0.878404
main interval: 0.026 0.0093 0.7 loss=0.876692
main interval: 0.026 0.016 0.6 loss=0.876760
main interval: 0.026 0.0056 0.7 loss=0.881610
main interval: 0.026 0.0093 0.6 loss=0.881633
best_muon_lr=[0.026,0.0093] best_muon_momentum=0.7 interval_loss=0.876692 final_loss=0.876692 evaluated_interval_configs=12 evaluated_configs=12
train_loss run=6 step=11/20 loss=0.8856 head_lr=1072 muon_lr=0.026 muon_momentum=0.7 muon_nesterov=False muon_grad_momentum_norm_ratio=0.435872
train_loss run=6 step=12/20 loss=0.8767 head_lr=1072 muon_lr=0.0093 muon_momentum=0.7 muon_nesterov=False muon_grad_momentum_norm_ratio=0.574983
main interval: 0.0093 0.0093 0.7 loss=0.875481
main interval: 0.0093 0.016 0.7 loss=0.880566
main interval: 0.0093 0.0056 0.7 loss=0.872833
main interval: 0.0093 0.0093 0.6 loss=0.874482
main interval: 0.0093 0.0093 0.8 loss=0.874951
main interval: 0.0093 0.0034 0.7 loss=0.872205
main interval: 0.0093 0.0056 0.6 loss=0.872718
main interval: 0.0093 0.0056 0.8 loss=0.872912
main interval: 0.0093 0.002 0.7 loss=0.871987
main interval: 0.0093 0.0034 0.6 loss=0.872154
main interval: 0.0093 0.0034 0.8 loss=0.872201
main interval: 0.0093 0.0012 0.7 loss=0.871925
main interval: 0.0093 0.002 0.6 loss=0.871981
main interval: 0.0093 0.002 0.8 loss=0.871948
main interval: 0.0093 0.00073 0.7 loss=0.871911
main interval: 0.0093 0.0012 0.6 loss=0.871949
main interval: 0.0093 0.0012 0.8 loss=0.871874
main interval: 0.0093 0.00073 0.8 loss=0.871868
main interval: 0.0093 0.0012 0.9 loss=0.871864
main interval: 0.0093 0.002 0.9 loss=0.871981
main interval: 0.0093 0.00073 0.9 loss=0.871829
main interval: 0.0093 0.0012 0.95 loss=0.871862
main interval: 0.0093 0.00044 0.9 loss=0.871806
main interval: 0.0093 0.00073 0.95 loss=0.871819
main interval: 0.0093 0.00026 0.9 loss=0.871797
main interval: 0.0093 0.00044 0.8 loss=0.871829
main interval: 0.0093 0.00044 0.95 loss=0.871810
main interval: 0.0093 0.00016 0.9 loss=0.871801
main interval: 0.0093 0.00026 0.8 loss=0.871826
main interval: 0.0093 0.00026 0.95 loss=0.871804
best_muon_lr=[0.0093,0.00026] best_muon_momentum=0.9 interval_loss=0.871797 final_loss=0.871797 evaluated_interval_configs=30 evaluated_configs=30
train_loss run=6 step=13/20 loss=0.8717 head_lr=1072 muon_lr=0.0093 muon_momentum=0.9 muon_nesterov=False muon_grad_momentum_norm_ratio=0.231497
train_loss run=6 step=14/20 loss=0.8718 head_lr=1072 muon_lr=0.00026 muon_momentum=0.9 muon_nesterov=False muon_grad_momentum_norm_ratio=0.0890329
main interval: 0.00026 0.00026 0.9 loss=0.871525
main interval: 0.00026 0.00044 0.9 loss=0.871381
main interval: 0.00026 0.00016 0.9 loss=0.871357
main interval: 0.00026 0.00026 0.8 loss=0.871298
main interval: 0.00026 0.00026 0.95 loss=0.871279
main interval: 0.00026 0.00044 0.95 loss=0.871225
main interval: 0.00026 0.00016 0.95 loss=0.871290
main interval: 0.00026 0.00026 0.99 loss=0.871263
main interval: 0.00026 0.00073 0.95 loss=0.871156
main interval: 0.00026 0.00044 0.99 loss=0.871220
main interval: 0.00026 0.0012 0.95 loss=0.871077
main interval: 0.00026 0.00073 0.9 loss=0.871159
main interval: 0.00026 0.00073 0.99 loss=0.871160
main interval: 0.00026 0.002 0.95 loss=0.871007
main interval: 0.00026 0.0012 0.9 loss=0.871083
main interval: 0.00026 0.0012 0.99 loss=0.871085
main interval: 0.00026 0.0034 0.95 loss=0.871066
main interval: 0.00026 0.002 0.9 loss=0.871015
main interval: 0.00026 0.002 0.99 loss=0.871017
best_muon_lr=[0.00026,0.002] best_muon_momentum=0.95 interval_loss=0.871007 final_loss=0.871007 evaluated_interval_configs=19 evaluated_configs=19
train_loss run=6 step=15/20 loss=0.8714 head_lr=1072 muon_lr=0.00026 muon_momentum=0.95 muon_nesterov=False muon_grad_momentum_norm_ratio=0.0813401
train_loss run=6 step=16/20 loss=0.8710 head_lr=1072 muon_lr=0.002 muon_momentum=0.95 muon_nesterov=False muon_grad_momentum_norm_ratio=0.0615849
main interval: 0.002 0.002 0.95 loss=0.871443
main interval: 0.002 0.0034 0.95 loss=0.871411
main interval: 0.002 0.0012 0.95 loss=0.870686
main interval: 0.002 0.002 0.9 loss=0.870510
main interval: 0.002 0.002 0.99 loss=0.870341
main interval: 0.002 0.0034 0.99 loss=0.870151
main interval: 0.002 0.0012 0.99 loss=0.870293
main interval: 0.002 0.0056 0.99 loss=0.869957
main interval: 0.002 0.0093 0.99 loss=0.870066
main interval: 0.002 0.0056 0.95 loss=0.869959
best_muon_lr=[0.002,0.0056] best_muon_momentum=0.99 interval_loss=0.869957 final_loss=0.869957 evaluated_interval_configs=10 evaluated_configs=10
train_loss run=6 step=17/20 loss=0.8705 head_lr=1072 muon_lr=0.002 muon_momentum=0.99 muon_nesterov=False muon_grad_momentum_norm_ratio=0.0788709
train_loss run=6 step=18/20 loss=0.8700 head_lr=1072 muon_lr=0.0056 muon_momentum=0.99 muon_nesterov=False muon_grad_momentum_norm_ratio=0.0554278
main interval: 0.0056 0.0056 0.99 loss=0.869577
main interval: 0.0056 0.0093 0.99 loss=0.869150
main interval: 0.0056 0.0034 0.99 loss=0.868958
main interval: 0.0056 0.0056 0.95 loss=0.869008
main interval: 0.0056 0.002 0.99 loss=0.868951
main interval: 0.0056 0.0034 0.95 loss=0.868976
main interval: 0.0056 0.0012 0.99 loss=0.868959
main interval: 0.0056 0.002 0.95 loss=0.868966
best_muon_lr=[0.0056,0.002] best_muon_momentum=0.99 interval_loss=0.868951 final_loss=0.868951 evaluated_interval_configs=8 evaluated_configs=8
train_loss run=6 step=19/20 loss=0.8691 head_lr=1072 muon_lr=0.0056 muon_momentum=0.99 muon_nesterov=False muon_grad_momentum_norm_ratio=0.115092
train_loss run=6 step=20/20 loss=0.8690 head_lr=1072 muon_lr=0.002 muon_momentum=0.99 muon_nesterov=False muon_grad_momentum_norm_ratio=0.0726377
Batch size:          2000
N steps:             2
M cooldown steps:    0
Interval scheduler:  linear
LR connectedness:    continuous_double
Muon orthogonalize:  True
Momentum config:     search_momentum_fixed_nesterov_false
Search momentum:     True
Muon nesterov:       False
Initial Muon lr:     0.2
Initial Muon lr k:   0
Initial Muon mom:    0.6
Initial Muon mom i:  6
Final start lr:      0.0056
Final start lr k:    7
Final Muon lr:       0.002
Final Muon lr k:     9
Final end lr:        0.002
Final end lr k:      9
Final Muon momentum: 0.99
Final Muon nesterov: False
Final Muon mom i:    11
SGD lr mult:         0.8
Initial train loss:  2.313483
Final train loss:    0.868951
Run seconds:         28.430
cifar_baseline2_overfit_n_search run=7 batch_size=2000 train_steps=20 N=2 M=0 interval_scheduler=linear lr_connectedness=continuous_single muon_orthogonalize=True momentum_config=search_momentum_fixed_nesterov_false search_momentum=True muon_nesterov=False initial_muon_lr=0.2 initial_muon_lr_k=0 initial_muon_momentum=0.6 initial_muon_momentum_index=6
train_loss run=7 step=0/20 loss=2.3135 head_lr=1072 muon_lr=0.2 muon_momentum=0.6 muon_nesterov=False muon_grad_momentum_norm_ratio=none
main interval: 0.2 0.2 0.6 loss=2.206450
main interval: 0.33 0.33 0.6 loss=2.227077
main interval: 0.33 0.2 0.6 loss=2.215274
main interval: 0.33 0.12 0.6 loss=2.214384
main interval: 0.2 0.33 0.6 loss=2.224554
main interval: 0.2 0.12 0.6 loss=2.198687
main interval: 0.12 0.33 0.6 loss=2.244541
main interval: 0.12 0.2 0.6 loss=2.220075
main interval: 0.12 0.12 0.6 loss=2.206000
main interval: 0.2 0.2 0.5 loss=2.205484
main interval: 0.2 0.2 0.7 loss=2.207523
main interval: 0.33 0.072 0.6 loss=2.223258
main interval: 0.2 0.072 0.6 loss=2.203112
main interval: 0.12 0.072 0.6 loss=2.205891
main interval: 0.2 0.12 0.5 loss=2.197025
main interval: 0.2 0.12 0.7 loss=2.200432
main interval: 0.33 0.2 0.5 loss=2.213643
main interval: 0.33 0.12 0.5 loss=2.212320
main interval: 0.33 0.072 0.5 loss=2.221185
main interval: 0.2 0.072 0.5 loss=2.201104
main interval: 0.12 0.2 0.5 loss=2.220302
main interval: 0.12 0.12 0.5 loss=2.205312
main interval: 0.12 0.072 0.5 loss=2.204545
main interval: 0.2 0.12 0.4 loss=2.195275
main interval: 0.33 0.2 0.4 loss=2.211972
main interval: 0.33 0.12 0.4 loss=2.210188
main interval: 0.33 0.072 0.4 loss=2.219034
main interval: 0.2 0.2 0.4 loss=2.204552
main interval: 0.2 0.072 0.4 loss=2.198985
main interval: 0.12 0.2 0.4 loss=2.220950
main interval: 0.12 0.12 0.4 loss=2.204948
main interval: 0.12 0.072 0.4 loss=2.203377
main interval: 0.2 0.12 0.3 loss=2.193480
main interval: 0.33 0.2 0.3 loss=2.210125
main interval: 0.33 0.12 0.3 loss=2.207913
main interval: 0.33 0.072 0.3 loss=2.216755
main interval: 0.2 0.2 0.3 loss=2.203579
main interval: 0.2 0.072 0.3 loss=2.196844
main interval: 0.12 0.2 0.3 loss=2.222295
main interval: 0.12 0.12 0.3 loss=2.205093
main interval: 0.12 0.072 0.3 loss=2.202557
main interval: 0.2 0.12 0.2 loss=2.191801
main interval: 0.33 0.2 0.2 loss=2.208148
main interval: 0.33 0.12 0.2 loss=2.205537
main interval: 0.33 0.072 0.2 loss=2.214411
main interval: 0.2 0.2 0.2 loss=2.202983
main interval: 0.2 0.072 0.2 loss=2.194806
main interval: 0.12 0.2 0.2 loss=2.224546
main interval: 0.12 0.12 0.2 loss=2.205845
main interval: 0.12 0.072 0.2 loss=2.202049
main interval: 0.2 0.12 0.1 loss=2.190226
main interval: 0.33 0.2 0.1 loss=2.206478
main interval: 0.33 0.12 0.1 loss=2.203300
main interval: 0.33 0.072 0.1 loss=2.212270
main interval: 0.2 0.2 0.1 loss=2.203023
main interval: 0.2 0.072 0.1 loss=2.192981
main interval: 0.12 0.2 0.1 loss=2.229259
main interval: 0.12 0.12 0.1 loss=2.207919
main interval: 0.12 0.072 0.1 loss=2.202315
main interval: 0.2 0.12 0 loss=2.190403
best_muon_lr=[0.2,0.12] best_muon_momentum=0.1 interval_loss=2.190226 final_loss=2.190226 evaluated_interval_configs=60 evaluated_configs=60
train_loss run=7 step=1/20 loss=2.2280 head_lr=1072 muon_lr=0.2 muon_momentum=0.1 muon_nesterov=False muon_grad_momentum_norm_ratio=1
train_loss run=7 step=2/20 loss=2.1902 head_lr=1072 muon_lr=0.12 muon_momentum=0.1 muon_nesterov=False muon_grad_momentum_norm_ratio=0.912898
main interval: 0.12 0.12 0.1 loss=1.772468
main interval: 0.12 0.2 0.1 loss=1.781663
main interval: 0.12 0.072 0.1 loss=1.652297
main interval: 0.12 0.12 0 loss=1.696754
main interval: 0.12 0.12 0.2 loss=1.650409
main interval: 0.12 0.2 0.2 loss=1.809038
main interval: 0.12 0.072 0.2 loss=1.618091
main interval: 0.12 0.12 0.3 loss=1.667378
main interval: 0.12 0.043 0.2 loss=1.619274
main interval: 0.12 0.072 0.3 loss=1.604376
main interval: 0.12 0.043 0.3 loss=1.608177
main interval: 0.12 0.072 0.4 loss=1.579916
main interval: 0.12 0.12 0.4 loss=1.636188
main interval: 0.12 0.043 0.4 loss=1.597595
main interval: 0.12 0.072 0.5 loss=1.568668
main interval: 0.12 0.12 0.5 loss=1.578770
main interval: 0.12 0.043 0.5 loss=1.601029
main interval: 0.12 0.072 0.6 loss=1.540059
main interval: 0.12 0.12 0.6 loss=1.568266
main interval: 0.12 0.043 0.6 loss=1.572187
main interval: 0.12 0.072 0.7 loss=1.522160
main interval: 0.12 0.12 0.7 loss=1.518980
main interval: 0.12 0.043 0.7 loss=1.551078
main interval: 0.12 0.072 0.8 loss=1.497078
main interval: 0.12 0.12 0.8 loss=1.492141
main interval: 0.12 0.043 0.8 loss=1.509235
main interval: 0.12 0.072 0.9 loss=1.475601
main interval: 0.12 0.12 0.9 loss=1.464471
main interval: 0.12 0.043 0.9 loss=1.477630
main interval: 0.12 0.072 0.95 loss=1.445154
main interval: 0.12 0.12 0.95 loss=1.455755
main interval: 0.12 0.043 0.95 loss=1.447674
main interval: 0.12 0.072 0.99 loss=1.428080
main interval: 0.12 0.12 0.99 loss=1.462383
main interval: 0.12 0.043 0.99 loss=1.432755
best_muon_lr=[0.12,0.072] best_muon_momentum=0.99 interval_loss=1.428080 final_loss=1.428080 evaluated_interval_configs=35 evaluated_configs=35
train_loss run=7 step=3/20 loss=1.6756 head_lr=1072 muon_lr=0.096 muon_momentum=0.99 muon_nesterov=False muon_grad_momentum_norm_ratio=0.123616
train_loss run=7 step=4/20 loss=1.4281 head_lr=1072 muon_lr=0.072 muon_momentum=0.99 muon_nesterov=False muon_grad_momentum_norm_ratio=0.108574
main interval: 0.072 0.072 0.99 loss=1.168641
main interval: 0.072 0.12 0.99 loss=1.137818
main interval: 0.072 0.043 0.99 loss=1.077463
main interval: 0.072 0.072 0.95 loss=1.066817
main interval: 0.072 0.12 0.95 loss=1.126674
main interval: 0.072 0.043 0.95 loss=1.042220
main interval: 0.072 0.072 0.9 loss=1.042750
main interval: 0.072 0.026 0.95 loss=1.061075
main interval: 0.072 0.043 0.9 loss=1.044252
best_muon_lr=[0.072,0.043] best_muon_momentum=0.95 interval_loss=1.042220 final_loss=1.042220 evaluated_interval_configs=9 evaluated_configs=9
train_loss run=7 step=5/20 loss=1.1534 head_lr=1072 muon_lr=0.057 muon_momentum=0.95 muon_nesterov=False muon_grad_momentum_norm_ratio=0.168271
train_loss run=7 step=6/20 loss=1.0422 head_lr=1072 muon_lr=0.043 muon_momentum=0.95 muon_nesterov=False muon_grad_momentum_norm_ratio=0.108039
main interval: 0.043 0.043 0.95 loss=0.970630
main interval: 0.043 0.072 0.95 loss=0.988625
main interval: 0.043 0.026 0.95 loss=0.931958
main interval: 0.043 0.043 0.9 loss=0.947244
main interval: 0.043 0.043 0.99 loss=0.946612
main interval: 0.043 0.016 0.95 loss=0.931529
main interval: 0.043 0.026 0.9 loss=0.933058
main interval: 0.043 0.026 0.99 loss=0.933297
main interval: 0.043 0.0093 0.95 loss=0.938143
main interval: 0.043 0.016 0.9 loss=0.932971
main interval: 0.043 0.016 0.99 loss=0.933285
best_muon_lr=[0.043,0.016] best_muon_momentum=0.95 interval_loss=0.931529 final_loss=0.931529 evaluated_interval_configs=11 evaluated_configs=11
train_loss run=7 step=7/20 loss=0.9607 head_lr=1072 muon_lr=0.029 muon_momentum=0.95 muon_nesterov=False muon_grad_momentum_norm_ratio=0.124559
train_loss run=7 step=8/20 loss=0.9315 head_lr=1072 muon_lr=0.016 muon_momentum=0.95 muon_nesterov=False muon_grad_momentum_norm_ratio=0.0758153
main interval: 0.016 0.016 0.95 loss=0.916179
main interval: 0.016 0.026 0.95 loss=0.907501
main interval: 0.016 0.0093 0.95 loss=0.902773
main interval: 0.016 0.016 0.9 loss=0.898862
main interval: 0.016 0.016 0.99 loss=0.898035
main interval: 0.016 0.026 0.99 loss=0.902400
main interval: 0.016 0.0093 0.99 loss=0.898566
best_muon_lr=[0.016,0.016] best_muon_momentum=0.99 interval_loss=0.898035 final_loss=0.898035 evaluated_interval_configs=7 evaluated_configs=7
train_loss run=7 step=9/20 loss=0.9059 head_lr=1072 muon_lr=0.016 muon_momentum=0.99 muon_nesterov=False muon_grad_momentum_norm_ratio=0.0998305
train_loss run=7 step=10/20 loss=0.8980 head_lr=1072 muon_lr=0.016 muon_momentum=0.99 muon_nesterov=False muon_grad_momentum_norm_ratio=0.0547833
main interval: 0.016 0.016 0.99 loss=0.898842
main interval: 0.016 0.026 0.99 loss=0.897281
main interval: 0.016 0.0093 0.99 loss=0.887716
main interval: 0.016 0.016 0.95 loss=0.889912
main interval: 0.016 0.0056 0.99 loss=0.886539
main interval: 0.016 0.0093 0.95 loss=0.887449
main interval: 0.016 0.0034 0.99 loss=0.886520
main interval: 0.016 0.0056 0.95 loss=0.886649
main interval: 0.016 0.002 0.99 loss=0.886715
main interval: 0.016 0.0034 0.95 loss=0.886523
best_muon_lr=[0.016,0.0034] best_muon_momentum=0.99 interval_loss=0.886520 final_loss=0.886520 evaluated_interval_configs=10 evaluated_configs=10
train_loss run=7 step=11/20 loss=0.8878 head_lr=1072 muon_lr=0.0097 muon_momentum=0.99 muon_nesterov=False muon_grad_momentum_norm_ratio=0.0981848
train_loss run=7 step=12/20 loss=0.8865 head_lr=1072 muon_lr=0.0034 muon_momentum=0.99 muon_nesterov=False muon_grad_momentum_norm_ratio=0.039602
main interval: 0.0034 0.0034 0.99 loss=0.884703
main interval: 0.0034 0.0056 0.99 loss=0.883022
main interval: 0.0034 0.002 0.99 loss=0.883218
main interval: 0.0034 0.0034 0.95 loss=0.882409
main interval: 0.0034 0.0056 0.95 loss=0.881600
main interval: 0.0034 0.002 0.95 loss=0.882792
main interval: 0.0034 0.0034 0.9 loss=0.882126
main interval: 0.0034 0.0093 0.95 loss=0.882446
main interval: 0.0034 0.0056 0.9 loss=0.881471
main interval: 0.0034 0.0093 0.9 loss=0.882503
main interval: 0.0034 0.0056 0.8 loss=0.881357
main interval: 0.0034 0.0093 0.8 loss=0.882357
main interval: 0.0034 0.0034 0.8 loss=0.881569
main interval: 0.0034 0.0056 0.7 loss=0.881588
best_muon_lr=[0.0034,0.0056] best_muon_momentum=0.8 interval_loss=0.881357 final_loss=0.881357 evaluated_interval_configs=14 evaluated_configs=14
train_loss run=7 step=13/20 loss=0.8824 head_lr=1072 muon_lr=0.0045 muon_momentum=0.8 muon_nesterov=False muon_grad_momentum_norm_ratio=0.127879
train_loss run=7 step=14/20 loss=0.8814 head_lr=1072 muon_lr=0.0056 muon_momentum=0.8 muon_nesterov=False muon_grad_momentum_norm_ratio=0.0683865
main interval: 0.0056 0.0056 0.8 loss=0.877526
main interval: 0.0056 0.0093 0.8 loss=0.878970
main interval: 0.0056 0.0034 0.8 loss=0.877585
main interval: 0.0056 0.0056 0.7 loss=0.878715
main interval: 0.0056 0.0056 0.9 loss=0.878797
best_muon_lr=[0.0056,0.0056] best_muon_momentum=0.8 interval_loss=0.877526 final_loss=0.877526 evaluated_interval_configs=5 evaluated_configs=5
train_loss run=7 step=15/20 loss=0.8799 head_lr=1072 muon_lr=0.0056 muon_momentum=0.8 muon_nesterov=False muon_grad_momentum_norm_ratio=0.207038
train_loss run=7 step=16/20 loss=0.8775 head_lr=1072 muon_lr=0.0056 muon_momentum=0.8 muon_nesterov=False muon_grad_momentum_norm_ratio=0.259437
main interval: 0.0056 0.0056 0.8 loss=0.875829
main interval: 0.0056 0.0093 0.8 loss=0.874625
main interval: 0.0056 0.0034 0.8 loss=0.874118
main interval: 0.0056 0.0056 0.7 loss=0.874443
main interval: 0.0056 0.0056 0.9 loss=0.874688
main interval: 0.0056 0.002 0.8 loss=0.874396
main interval: 0.0056 0.0034 0.7 loss=0.874587
main interval: 0.0056 0.0034 0.9 loss=0.874614
best_muon_lr=[0.0056,0.0034] best_muon_momentum=0.8 interval_loss=0.874118 final_loss=0.874118 evaluated_interval_configs=8 evaluated_configs=8
train_loss run=7 step=17/20 loss=0.8749 head_lr=1072 muon_lr=0.0045 muon_momentum=0.8 muon_nesterov=False muon_grad_momentum_norm_ratio=0.303976
train_loss run=7 step=18/20 loss=0.8741 head_lr=1072 muon_lr=0.0034 muon_momentum=0.8 muon_nesterov=False muon_grad_momentum_norm_ratio=0.144925
main interval: 0.0034 0.0034 0.8 loss=0.872612
main interval: 0.0034 0.0056 0.8 loss=0.872304
main interval: 0.0034 0.002 0.8 loss=0.872529
main interval: 0.0034 0.0034 0.7 loss=0.872516
main interval: 0.0034 0.0034 0.9 loss=0.872522
main interval: 0.0034 0.0093 0.8 loss=0.873094
main interval: 0.0034 0.0056 0.7 loss=0.872177
main interval: 0.0034 0.0056 0.9 loss=0.872273
main interval: 0.0034 0.0093 0.7 loss=0.873493
main interval: 0.0034 0.0056 0.6 loss=0.873383
best_muon_lr=[0.0034,0.0056] best_muon_momentum=0.7 interval_loss=0.872177 final_loss=0.872177 evaluated_interval_configs=10 evaluated_configs=10
train_loss run=7 step=19/20 loss=0.8726 head_lr=1072 muon_lr=0.0045 muon_momentum=0.7 muon_nesterov=False muon_grad_momentum_norm_ratio=0.434138
train_loss run=7 step=20/20 loss=0.8722 head_lr=1072 muon_lr=0.0056 muon_momentum=0.7 muon_nesterov=False muon_grad_momentum_norm_ratio=0.360489
Batch size:          2000
N steps:             2
M cooldown steps:    0
Interval scheduler:  linear
LR connectedness:    continuous_single
Muon orthogonalize:  True
Momentum config:     search_momentum_fixed_nesterov_false
Search momentum:     True
Muon nesterov:       False
Initial Muon lr:     0.2
Initial Muon lr k:   0
Initial Muon mom:    0.6
Initial Muon mom i:  6
Final start lr:      0.0034
Final start lr k:    8
Final Muon lr:       0.0056
Final Muon lr k:     7
Final end lr:        0.0056
Final end lr k:      7
Final Muon momentum: 0.7
Final Muon nesterov: False
Final Muon mom i:    7
SGD lr mult:         0.8
Initial train loss:  2.313483
Final train loss:    0.872177
Run seconds:         24.140
cifar_baseline2_overfit_n_search run=8 batch_size=2000 train_steps=20 N=3 M=0 interval_scheduler=constant lr_connectedness=jump_allowed muon_orthogonalize=True momentum_config=search_momentum_fixed_nesterov_false search_momentum=True muon_nesterov=False initial_muon_lr=0.2 initial_muon_lr_k=0 initial_muon_momentum=0.6 initial_muon_momentum_index=6
train_loss run=8 step=0/20 loss=2.3135 head_lr=1072 muon_lr=0.2 muon_momentum=0.6 muon_nesterov=False muon_grad_momentum_norm_ratio=none
main interval: 0.2 0.2 0.6 loss=1.974988
main interval: 0.33 0.33 0.6 loss=2.004487
main interval: 0.12 0.12 0.6 loss=1.959867
main interval: 0.2 0.2 0.5 loss=1.974184
main interval: 0.2 0.2 0.7 loss=1.977037
main interval: 0.072 0.072 0.6 loss=1.986209
main interval: 0.12 0.12 0.5 loss=1.958082
main interval: 0.12 0.12 0.7 loss=1.963526
main interval: 0.072 0.072 0.5 loss=1.983546
main interval: 0.12 0.12 0.4 loss=1.957471
main interval: 0.2 0.2 0.4 loss=1.973239
main interval: 0.072 0.072 0.4 loss=1.981723
main interval: 0.12 0.12 0.3 loss=1.958071
best_muon_lr=[0.12,0.12] best_muon_momentum=0.4 interval_loss=1.957471 final_loss=1.957471 evaluated_interval_configs=13 evaluated_configs=13
train_loss run=8 step=1/20 loss=2.2201 head_lr=1072 muon_lr=0.12 muon_momentum=0.4 muon_nesterov=False muon_grad_momentum_norm_ratio=1
train_loss run=8 step=2/20 loss=2.2049 head_lr=1072 muon_lr=0.12 muon_momentum=0.4 muon_nesterov=False muon_grad_momentum_norm_ratio=0.737557
train_loss run=8 step=3/20 loss=1.9575 head_lr=1072 muon_lr=0.12 muon_momentum=0.4 muon_nesterov=False muon_grad_momentum_norm_ratio=0.730257
main interval: 0.12 0.12 0.4 loss=1.463775
main interval: 0.2 0.2 0.4 loss=1.569074
main interval: 0.072 0.072 0.4 loss=1.284566
main interval: 0.12 0.12 0.3 loss=1.342022
main interval: 0.12 0.12 0.5 loss=1.290357
main interval: 0.043 0.043 0.4 loss=1.227531
main interval: 0.072 0.072 0.3 loss=1.289721
main interval: 0.072 0.072 0.5 loss=1.201480
main interval: 0.043 0.043 0.5 loss=1.198603
main interval: 0.072 0.072 0.6 loss=1.232717
main interval: 0.026 0.026 0.5 loss=1.321642
main interval: 0.043 0.043 0.6 loss=1.198370
main interval: 0.026 0.026 0.6 loss=1.287463
main interval: 0.043 0.043 0.7 loss=1.211909
best_muon_lr=[0.043,0.043] best_muon_momentum=0.6 interval_loss=1.198370 final_loss=1.198370 evaluated_interval_configs=14 evaluated_configs=14
train_loss run=8 step=4/20 loss=1.6407 head_lr=1072 muon_lr=0.043 muon_momentum=0.6 muon_nesterov=False muon_grad_momentum_norm_ratio=0.444887
train_loss run=8 step=5/20 loss=1.3891 head_lr=1072 muon_lr=0.043 muon_momentum=0.6 muon_nesterov=False muon_grad_momentum_norm_ratio=0.469851
train_loss run=8 step=6/20 loss=1.1984 head_lr=1072 muon_lr=0.043 muon_momentum=0.6 muon_nesterov=False muon_grad_momentum_norm_ratio=0.504662
main interval: 0.043 0.043 0.6 loss=0.980058
main interval: 0.072 0.072 0.6 loss=1.128213
main interval: 0.026 0.026 0.6 loss=0.950972
main interval: 0.043 0.043 0.5 loss=0.973437
main interval: 0.043 0.043 0.7 loss=0.961979
main interval: 0.016 0.016 0.6 loss=0.976145
main interval: 0.026 0.026 0.5 loss=0.961424
main interval: 0.026 0.026 0.7 loss=0.948050
main interval: 0.016 0.016 0.7 loss=0.971917
main interval: 0.026 0.026 0.8 loss=0.943014
main interval: 0.043 0.043 0.8 loss=0.936188
main interval: 0.016 0.016 0.8 loss=0.973765
main interval: 0.026 0.026 0.9 loss=0.940457
main interval: 0.072 0.072 0.8 loss=0.979638
main interval: 0.043 0.043 0.9 loss=0.919933
main interval: 0.072 0.072 0.9 loss=0.919807
main interval: 0.043 0.043 0.95 loss=0.907425
main interval: 0.072 0.072 0.95 loss=0.919961
main interval: 0.026 0.026 0.95 loss=0.934461
main interval: 0.043 0.043 0.99 loss=0.913115
best_muon_lr=[0.043,0.043] best_muon_momentum=0.95 interval_loss=0.907425 final_loss=0.907425 evaluated_interval_configs=20 evaluated_configs=20
train_loss run=8 step=7/20 loss=1.0691 head_lr=1072 muon_lr=0.043 muon_momentum=0.95 muon_nesterov=False muon_grad_momentum_norm_ratio=0.286537
train_loss run=8 step=8/20 loss=0.9545 head_lr=1072 muon_lr=0.043 muon_momentum=0.95 muon_nesterov=False muon_grad_momentum_norm_ratio=0.288598
train_loss run=8 step=9/20 loss=0.9074 head_lr=1072 muon_lr=0.043 muon_momentum=0.95 muon_nesterov=False muon_grad_momentum_norm_ratio=0.19335
main interval: 0.043 0.043 0.95 loss=0.899734
main interval: 0.072 0.072 0.95 loss=0.915371
main interval: 0.026 0.026 0.95 loss=0.884277
main interval: 0.043 0.043 0.9 loss=0.882610
main interval: 0.043 0.043 0.99 loss=0.887798
main interval: 0.072 0.072 0.9 loss=0.913122
main interval: 0.026 0.026 0.9 loss=0.880955
main interval: 0.043 0.043 0.8 loss=0.882721
main interval: 0.016 0.016 0.9 loss=0.877517
main interval: 0.026 0.026 0.8 loss=0.879511
main interval: 0.0093 0.0093 0.9 loss=0.880341
main interval: 0.016 0.016 0.8 loss=0.880547
main interval: 0.016 0.016 0.95 loss=0.881382
best_muon_lr=[0.016,0.016] best_muon_momentum=0.9 interval_loss=0.877517 final_loss=0.877517 evaluated_interval_configs=13 evaluated_configs=13
train_loss run=8 step=10/20 loss=0.8953 head_lr=1072 muon_lr=0.016 muon_momentum=0.9 muon_nesterov=False muon_grad_momentum_norm_ratio=0.393276
train_loss run=8 step=11/20 loss=0.8846 head_lr=1072 muon_lr=0.016 muon_momentum=0.9 muon_nesterov=False muon_grad_momentum_norm_ratio=0.321996
train_loss run=8 step=12/20 loss=0.8775 head_lr=1072 muon_lr=0.016 muon_momentum=0.9 muon_nesterov=False muon_grad_momentum_norm_ratio=0.280814
main interval: 0.016 0.016 0.9 loss=0.873750
main interval: 0.026 0.026 0.9 loss=0.875528
main interval: 0.0093 0.0093 0.9 loss=0.870919
main interval: 0.016 0.016 0.8 loss=0.871359
main interval: 0.016 0.016 0.95 loss=0.871687
main interval: 0.0056 0.0056 0.9 loss=0.871964
main interval: 0.0093 0.0093 0.8 loss=0.871198
main interval: 0.0093 0.0093 0.95 loss=0.871368
best_muon_lr=[0.0093,0.0093] best_muon_momentum=0.9 interval_loss=0.870919 final_loss=0.870919 evaluated_interval_configs=8 evaluated_configs=8
train_loss run=8 step=13/20 loss=0.8739 head_lr=1072 muon_lr=0.0093 muon_momentum=0.9 muon_nesterov=False muon_grad_momentum_norm_ratio=0.283954
train_loss run=8 step=14/20 loss=0.8720 head_lr=1072 muon_lr=0.0093 muon_momentum=0.9 muon_nesterov=False muon_grad_momentum_norm_ratio=0.181233
train_loss run=8 step=15/20 loss=0.8709 head_lr=1072 muon_lr=0.0093 muon_momentum=0.9 muon_nesterov=False muon_grad_momentum_norm_ratio=0.188195
main interval: 0.0093 0.0093 0.9 loss=0.869432
main interval: 0.016 0.016 0.9 loss=0.870387
main interval: 0.0056 0.0056 0.9 loss=0.868716
main interval: 0.0093 0.0093 0.8 loss=0.868715
main interval: 0.0093 0.0093 0.95 loss=0.868965
main interval: 0.016 0.016 0.8 loss=0.874984
main interval: 0.0056 0.0056 0.8 loss=0.868928
main interval: 0.0093 0.0093 0.7 loss=0.870167
best_muon_lr=[0.0093,0.0093] best_muon_momentum=0.8 interval_loss=0.868715 final_loss=0.868715 evaluated_interval_configs=8 evaluated_configs=8
train_loss run=8 step=16/20 loss=0.8699 head_lr=1072 muon_lr=0.0093 muon_momentum=0.8 muon_nesterov=False muon_grad_momentum_norm_ratio=0.351154
train_loss run=8 step=17/20 loss=0.8698 head_lr=1072 muon_lr=0.0093 muon_momentum=0.8 muon_nesterov=False muon_grad_momentum_norm_ratio=0.387483
train_loss run=8 step=18/20 loss=0.8687 head_lr=1072 muon_lr=0.0093 muon_momentum=0.8 muon_nesterov=False muon_grad_momentum_norm_ratio=0.513278
main interval: 0.0093 0.0093 0.8 loss=0.869317
main interval: 0.016 0.016 0.8 loss=0.872435
main interval: 0.0056 0.0056 0.8 loss=0.867999
main interval: 0.0093 0.0093 0.7 loss=0.869368
main interval: 0.0093 0.0093 0.9 loss=0.869699
main interval: 0.0034 0.0034 0.8 loss=0.869101
main interval: 0.0056 0.0056 0.7 loss=0.868961
main interval: 0.0056 0.0056 0.9 loss=0.869110
best_muon_lr=[0.0056,0.0056] best_muon_momentum=0.8 interval_loss=0.867999 final_loss=0.867999 evaluated_interval_configs=8 evaluated_configs=8
train_loss run=8 step=19/20 loss=0.8701 head_lr=1072 muon_lr=0.0056 muon_momentum=0.8 muon_nesterov=False muon_grad_momentum_norm_ratio=0.38947
train_loss run=8 step=20/20 loss=0.8680 head_lr=1072 muon_lr=0.0056 muon_momentum=0.8 muon_nesterov=False muon_grad_momentum_norm_ratio=0.635285
Batch size:          2000
N steps:             3
M cooldown steps:    0
Interval scheduler:  constant
LR connectedness:    jump_allowed
Muon orthogonalize:  True
Momentum config:     search_momentum_fixed_nesterov_false
Search momentum:     True
Muon nesterov:       False
Initial Muon lr:     0.2
Initial Muon lr k:   0
Initial Muon mom:    0.6
Initial Muon mom i:  6
Final start lr:      0.0056
Final start lr k:    7
Final Muon lr:       0.0056
Final Muon lr k:     7
Final end lr:        0.0056
Final end lr k:      7
Final Muon momentum: 0.8
Final Muon nesterov: False
Final Muon mom i:    8
SGD lr mult:         0.8
Initial train loss:  2.313483
Final train loss:    0.867999
Run seconds:         16.876
cifar_baseline2_overfit_n_search run=9 batch_size=2000 train_steps=20 N=3 M=0 interval_scheduler=linear lr_connectedness=jump_allowed muon_orthogonalize=True momentum_config=search_momentum_fixed_nesterov_false search_momentum=True muon_nesterov=False initial_muon_lr=0.2 initial_muon_lr_k=0 initial_muon_momentum=0.6 initial_muon_momentum_index=6
train_loss run=9 step=0/20 loss=2.3135 head_lr=1072 muon_lr=0.2 muon_momentum=0.6 muon_nesterov=False muon_grad_momentum_norm_ratio=none
main interval: 0.2 0.2 0.6 loss=1.974988
main interval: 0.33 0.33 0.6 loss=2.004487
main interval: 0.33 0.2 0.6 loss=1.992117
main interval: 0.33 0.12 0.6 loss=1.994262
main interval: 0.2 0.33 0.6 loss=2.004051
main interval: 0.2 0.12 0.6 loss=1.965195
main interval: 0.12 0.33 0.6 loss=2.010120
main interval: 0.12 0.2 0.6 loss=1.978466
main interval: 0.12 0.12 0.6 loss=1.959867
main interval: 0.2 0.2 0.5 loss=1.974184
main interval: 0.2 0.2 0.7 loss=1.977037
main interval: 0.2 0.072 0.6 loss=1.974724
main interval: 0.12 0.072 0.6 loss=1.964856
main interval: 0.072 0.2 0.6 loss=1.997970
main interval: 0.072 0.12 0.6 loss=1.981423
main interval: 0.072 0.072 0.6 loss=1.986209
main interval: 0.12 0.12 0.5 loss=1.958082
main interval: 0.12 0.12 0.7 loss=1.963526
main interval: 0.2 0.12 0.5 loss=1.961230
main interval: 0.2 0.072 0.5 loss=1.968989
main interval: 0.12 0.2 0.5 loss=1.979090
main interval: 0.12 0.072 0.5 loss=1.960480
main interval: 0.072 0.2 0.5 loss=1.998457
main interval: 0.072 0.12 0.5 loss=1.981513
main interval: 0.072 0.072 0.5 loss=1.983546
main interval: 0.12 0.12 0.4 loss=1.957471
main interval: 0.2 0.2 0.4 loss=1.973239
main interval: 0.2 0.12 0.4 loss=1.957299
main interval: 0.2 0.072 0.4 loss=1.963822
main interval: 0.12 0.2 0.4 loss=1.979993
main interval: 0.12 0.072 0.4 loss=1.957374
main interval: 0.072 0.2 0.4 loss=1.999530
main interval: 0.072 0.12 0.4 loss=1.982211
main interval: 0.072 0.072 0.4 loss=1.981723
main interval: 0.12 0.12 0.3 loss=1.958071
main interval: 0.33 0.2 0.4 loss=1.986529
main interval: 0.33 0.12 0.4 loss=1.984771
main interval: 0.33 0.072 0.4 loss=1.996534
main interval: 0.2 0.12 0.3 loss=1.954672
main interval: 0.33 0.2 0.3 loss=1.984539
main interval: 0.33 0.12 0.3 loss=1.980027
main interval: 0.33 0.072 0.3 loss=1.991122
main interval: 0.2 0.2 0.3 loss=1.973440
main interval: 0.2 0.072 0.3 loss=1.958963
main interval: 0.12 0.2 0.3 loss=1.983061
main interval: 0.12 0.072 0.3 loss=1.955158
main interval: 0.2 0.12 0.2 loss=1.951898
main interval: 0.33 0.2 0.2 loss=1.983004
main interval: 0.33 0.12 0.2 loss=1.975831
main interval: 0.33 0.072 0.2 loss=1.986301
main interval: 0.2 0.2 0.2 loss=1.972877
main interval: 0.2 0.072 0.2 loss=1.954752
main interval: 0.12 0.2 0.2 loss=1.986176
main interval: 0.12 0.12 0.2 loss=1.959044
main interval: 0.12 0.072 0.2 loss=1.953579
main interval: 0.2 0.12 0.1 loss=1.950400
main interval: 0.33 0.2 0.1 loss=1.981403
main interval: 0.33 0.12 0.1 loss=1.972687
main interval: 0.33 0.072 0.1 loss=1.982397
main interval: 0.2 0.2 0.1 loss=1.974511
main interval: 0.2 0.072 0.1 loss=1.950973
main interval: 0.12 0.2 0.1 loss=1.989250
main interval: 0.12 0.12 0.1 loss=1.959927
main interval: 0.12 0.072 0.1 loss=1.952702
main interval: 0.2 0.12 0 loss=1.950466
best_muon_lr=[0.2,0.12] best_muon_momentum=0.1 interval_loss=1.950400 final_loss=1.950400 evaluated_interval_configs=65 evaluated_configs=65
train_loss run=9 step=1/20 loss=2.2280 head_lr=1072 muon_lr=0.2 muon_momentum=0.1 muon_nesterov=False muon_grad_momentum_norm_ratio=1
train_loss run=9 step=2/20 loss=2.1955 head_lr=1072 muon_lr=0.16 muon_momentum=0.1 muon_nesterov=False muon_grad_momentum_norm_ratio=0.912898
train_loss run=9 step=3/20 loss=1.9504 head_lr=1072 muon_lr=0.12 muon_momentum=0.1 muon_nesterov=False muon_grad_momentum_norm_ratio=0.918883
main interval: 0.12 0.12 0.1 loss=1.537260
main interval: 0.2 0.2 0.1 loss=1.660033
main interval: 0.2 0.12 0.1 loss=1.424752
main interval: 0.2 0.072 0.1 loss=1.349743
main interval: 0.12 0.2 0.1 loss=1.593527
main interval: 0.12 0.072 0.1 loss=1.306636
main interval: 0.072 0.2 0.1 loss=1.600286
main interval: 0.072 0.12 0.1 loss=1.439374
main interval: 0.072 0.072 0.1 loss=1.342800
main interval: 0.12 0.12 0 loss=1.470948
main interval: 0.12 0.12 0.2 loss=1.424657
main interval: 0.2 0.043 0.1 loss=1.318554
main interval: 0.12 0.043 0.1 loss=1.292501
main interval: 0.072 0.043 0.1 loss=1.309468
main interval: 0.12 0.072 0 loss=1.354396
main interval: 0.12 0.072 0.2 loss=1.313884
main interval: 0.2 0.026 0.1 loss=1.339788
main interval: 0.12 0.026 0.1 loss=1.307298
main interval: 0.072 0.026 0.1 loss=1.309790
main interval: 0.12 0.043 0 loss=1.316640
main interval: 0.12 0.043 0.2 loss=1.282145
main interval: 0.2 0.072 0.2 loss=1.306528
main interval: 0.2 0.043 0.2 loss=1.300039
main interval: 0.2 0.026 0.2 loss=1.300910
main interval: 0.12 0.026 0.2 loss=1.290601
main interval: 0.072 0.072 0.2 loss=1.319518
main interval: 0.072 0.043 0.2 loss=1.267212
main interval: 0.072 0.026 0.2 loss=1.273584
main interval: 0.12 0.043 0.3 loss=1.209474
main interval: 0.2 0.072 0.3 loss=1.253572
main interval: 0.2 0.043 0.3 loss=1.306401
main interval: 0.2 0.026 0.3 loss=1.285832
main interval: 0.12 0.072 0.3 loss=1.257642
main interval: 0.12 0.026 0.3 loss=1.242618
main interval: 0.072 0.072 0.3 loss=1.250447
main interval: 0.072 0.043 0.3 loss=1.233480
main interval: 0.072 0.026 0.3 loss=1.236191
main interval: 0.12 0.043 0.4 loss=1.180176
main interval: 0.2 0.072 0.4 loss=1.208822
main interval: 0.2 0.043 0.4 loss=1.231764
main interval: 0.2 0.026 0.4 loss=1.285281
main interval: 0.12 0.072 0.4 loss=1.251886
main interval: 0.12 0.026 0.4 loss=1.242805
main interval: 0.072 0.072 0.4 loss=1.255075
main interval: 0.072 0.043 0.4 loss=1.194871
main interval: 0.072 0.026 0.4 loss=1.214877
main interval: 0.12 0.043 0.5 loss=1.158951
main interval: 0.2 0.072 0.5 loss=1.206964
main interval: 0.2 0.043 0.5 loss=1.211044
main interval: 0.2 0.026 0.5 loss=1.208110
main interval: 0.12 0.072 0.5 loss=1.190947
main interval: 0.12 0.026 0.5 loss=1.189363
main interval: 0.072 0.072 0.5 loss=1.193804
main interval: 0.072 0.043 0.5 loss=1.173792
main interval: 0.072 0.026 0.5 loss=1.183076
main interval: 0.12 0.043 0.6 loss=1.126715
main interval: 0.2 0.072 0.6 loss=1.229889
main interval: 0.2 0.043 0.6 loss=1.208841
main interval: 0.2 0.026 0.6 loss=1.209781
main interval: 0.12 0.072 0.6 loss=1.182997
main interval: 0.12 0.026 0.6 loss=1.178607
main interval: 0.072 0.072 0.6 loss=1.157947
main interval: 0.072 0.043 0.6 loss=1.151896
main interval: 0.072 0.026 0.6 loss=1.173582
main interval: 0.12 0.043 0.7 loss=1.083701
main interval: 0.2 0.072 0.7 loss=1.119331
main interval: 0.2 0.043 0.7 loss=1.128731
main interval: 0.2 0.026 0.7 loss=1.160716
main interval: 0.12 0.072 0.7 loss=1.152268
main interval: 0.12 0.026 0.7 loss=1.128571
main interval: 0.072 0.072 0.7 loss=1.094096
main interval: 0.072 0.043 0.7 loss=1.113111
main interval: 0.072 0.026 0.7 loss=1.142976
main interval: 0.12 0.043 0.8 loss=1.060270
main interval: 0.2 0.072 0.8 loss=1.109245
main interval: 0.2 0.043 0.8 loss=1.097803
main interval: 0.2 0.026 0.8 loss=1.113081
main interval: 0.12 0.072 0.8 loss=1.066194
main interval: 0.12 0.026 0.8 loss=1.098319
main interval: 0.072 0.072 0.8 loss=1.065657
main interval: 0.072 0.043 0.8 loss=1.096593
main interval: 0.072 0.026 0.8 loss=1.127607
main interval: 0.12 0.043 0.9 loss=1.038900
main interval: 0.2 0.072 0.9 loss=1.033970
main interval: 0.2 0.043 0.9 loss=1.043370
main interval: 0.2 0.026 0.9 loss=1.033668
main interval: 0.12 0.072 0.9 loss=1.003336
main interval: 0.12 0.026 0.9 loss=1.025187
main interval: 0.072 0.072 0.9 loss=1.013717
main interval: 0.072 0.043 0.9 loss=1.054756
main interval: 0.072 0.026 0.9 loss=1.098287
main interval: 0.12 0.043 0.95 loss=1.012402
main interval: 0.2 0.12 0.9 loss=1.041144
main interval: 0.12 0.12 0.9 loss=0.970533
main interval: 0.072 0.12 0.9 loss=0.985324
main interval: 0.12 0.072 0.95 loss=0.963291
main interval: 0.2 0.12 0.95 loss=1.012329
main interval: 0.2 0.072 0.95 loss=0.955251
main interval: 0.2 0.043 0.95 loss=0.956245
main interval: 0.12 0.12 0.95 loss=0.941084
main interval: 0.072 0.12 0.95 loss=0.955881
main interval: 0.072 0.072 0.95 loss=0.991357
main interval: 0.072 0.043 0.95 loss=1.030706
main interval: 0.12 0.072 0.99 loss=0.986839
main interval: 0.2 0.2 0.95 loss=1.119453
main interval: 0.12 0.2 0.95 loss=0.963219
main interval: 0.072 0.2 0.95 loss=0.997547
main interval: 0.12 0.12 0.99 loss=0.936447
main interval: 0.2 0.2 0.99 loss=0.992195
main interval: 0.2 0.12 0.99 loss=0.922287
main interval: 0.2 0.072 0.99 loss=0.917417
main interval: 0.12 0.2 0.99 loss=0.918372
main interval: 0.072 0.2 0.99 loss=0.932109
main interval: 0.072 0.12 0.99 loss=0.931171
main interval: 0.072 0.072 0.99 loss=0.965690
main interval: 0.33 0.12 0.99 loss=1.042311
main interval: 0.33 0.072 0.99 loss=0.970698
main interval: 0.33 0.043 0.99 loss=0.930019
main interval: 0.2 0.043 0.99 loss=0.945801
main interval: 0.12 0.043 0.99 loss=0.959150
best_muon_lr=[0.2,0.072] best_muon_momentum=0.99 interval_loss=0.917417 final_loss=0.917417 evaluated_interval_configs=120 evaluated_configs=120
train_loss run=9 step=4/20 loss=1.3094 head_lr=1072 muon_lr=0.2 muon_momentum=0.99 muon_nesterov=False muon_grad_momentum_norm_ratio=0.072132
train_loss run=9 step=5/20 loss=0.9608 head_lr=1072 muon_lr=0.14 muon_momentum=0.99 muon_nesterov=False muon_grad_momentum_norm_ratio=0.109957
train_loss run=9 step=6/20 loss=0.9174 head_lr=1072 muon_lr=0.072 muon_momentum=0.99 muon_nesterov=False muon_grad_momentum_norm_ratio=0.0592321
main interval: 0.072 0.072 0.99 loss=0.924852
main interval: 0.12 0.12 0.99 loss=0.916784
main interval: 0.12 0.072 0.99 loss=0.892471
main interval: 0.12 0.043 0.99 loss=0.884883
main interval: 0.072 0.12 0.99 loss=0.901409
main interval: 0.072 0.043 0.99 loss=0.882116
main interval: 0.043 0.12 0.99 loss=0.916884
main interval: 0.043 0.072 0.99 loss=0.895565
main interval: 0.043 0.043 0.99 loss=0.887509
main interval: 0.072 0.072 0.95 loss=0.914500
main interval: 0.12 0.026 0.99 loss=0.891266
main interval: 0.072 0.026 0.99 loss=0.875873
main interval: 0.043 0.026 0.99 loss=0.876963
main interval: 0.072 0.043 0.95 loss=0.889536
main interval: 0.12 0.016 0.99 loss=0.886548
main interval: 0.072 0.016 0.99 loss=0.874270
main interval: 0.043 0.016 0.99 loss=0.875576
main interval: 0.072 0.026 0.95 loss=0.882596
main interval: 0.12 0.0093 0.99 loss=0.883818
main interval: 0.072 0.0093 0.99 loss=0.874110
main interval: 0.043 0.0093 0.99 loss=0.875488
main interval: 0.072 0.016 0.95 loss=0.879334
main interval: 0.12 0.0056 0.99 loss=0.881748
main interval: 0.072 0.0056 0.99 loss=0.875966
main interval: 0.043 0.0056 0.99 loss=0.876611
main interval: 0.072 0.0093 0.95 loss=0.878104
best_muon_lr=[0.072,0.0093] best_muon_momentum=0.99 interval_loss=0.874110 final_loss=0.874110 evaluated_interval_configs=26 evaluated_configs=26
train_loss run=9 step=7/20 loss=0.8795 head_lr=1072 muon_lr=0.072 muon_momentum=0.99 muon_nesterov=False muon_grad_momentum_norm_ratio=0.0686129
train_loss run=9 step=8/20 loss=0.8752 head_lr=1072 muon_lr=0.041 muon_momentum=0.99 muon_nesterov=False muon_grad_momentum_norm_ratio=0.0523476
train_loss run=9 step=9/20 loss=0.8741 head_lr=1072 muon_lr=0.0093 muon_momentum=0.99 muon_nesterov=False muon_grad_momentum_norm_ratio=0.043429
main interval: 0.0093 0.0093 0.99 loss=0.872321
main interval: 0.016 0.016 0.99 loss=0.874004
main interval: 0.016 0.0093 0.99 loss=0.872000
main interval: 0.016 0.0056 0.99 loss=0.871343
main interval: 0.0093 0.016 0.99 loss=0.872640
main interval: 0.0093 0.0056 0.99 loss=0.870804
main interval: 0.0056 0.016 0.99 loss=0.873434
main interval: 0.0056 0.0093 0.99 loss=0.871442
main interval: 0.0056 0.0056 0.99 loss=0.870865
main interval: 0.0093 0.0093 0.95 loss=0.873824
main interval: 0.016 0.0034 0.99 loss=0.873428
main interval: 0.0093 0.0034 0.99 loss=0.870406
main interval: 0.0056 0.0034 0.99 loss=0.870275
main interval: 0.0093 0.0056 0.95 loss=0.871840
main interval: 0.0093 0.002 0.99 loss=0.870521
main interval: 0.0056 0.002 0.99 loss=0.870235
main interval: 0.0034 0.0056 0.99 loss=0.870567
main interval: 0.0034 0.0034 0.99 loss=0.870466
main interval: 0.0034 0.002 0.99 loss=0.870536
main interval: 0.0056 0.0034 0.95 loss=0.871096
main interval: 0.0093 0.0012 0.99 loss=0.871494
main interval: 0.0056 0.0012 0.99 loss=0.870281
main interval: 0.0034 0.0012 0.99 loss=0.870493
main interval: 0.0056 0.002 0.95 loss=0.870628
best_muon_lr=[0.0056,0.002] best_muon_momentum=0.99 interval_loss=0.870235 final_loss=0.870235 evaluated_interval_configs=24 evaluated_configs=24
train_loss run=9 step=10/20 loss=0.8711 head_lr=1072 muon_lr=0.0056 muon_momentum=0.99 muon_nesterov=False muon_grad_momentum_norm_ratio=0.0571809
train_loss run=9 step=11/20 loss=0.8704 head_lr=1072 muon_lr=0.0038 muon_momentum=0.99 muon_nesterov=False muon_grad_momentum_norm_ratio=0.0228036
train_loss run=9 step=12/20 loss=0.8702 head_lr=1072 muon_lr=0.002 muon_momentum=0.99 muon_nesterov=False muon_grad_momentum_norm_ratio=0.013266
main interval: 0.002 0.002 0.99 loss=0.870395
main interval: 0.0034 0.0034 0.99 loss=0.870631
main interval: 0.0034 0.002 0.99 loss=0.869961
main interval: 0.0034 0.0012 0.99 loss=0.869715
main interval: 0.002 0.0034 0.99 loss=0.869570
main interval: 0.002 0.0012 0.99 loss=0.869585
main interval: 0.0012 0.0034 0.99 loss=0.869433
main interval: 0.0012 0.002 0.99 loss=0.869510
main interval: 0.0012 0.0012 0.99 loss=0.869584
main interval: 0.002 0.002 0.95 loss=0.869393
main interval: 0.0034 0.0034 0.95 loss=0.869271
main interval: 0.0034 0.002 0.95 loss=0.869227
main interval: 0.0034 0.0012 0.95 loss=0.869246
main interval: 0.002 0.0034 0.95 loss=0.869202
main interval: 0.002 0.0012 0.95 loss=0.869371
main interval: 0.0012 0.0034 0.95 loss=0.869294
main interval: 0.0012 0.002 0.95 loss=0.869390
main interval: 0.0012 0.0012 0.95 loss=0.869486
main interval: 0.002 0.002 0.9 loss=0.869373
main interval: 0.0034 0.0056 0.95 loss=0.869718
main interval: 0.002 0.0056 0.95 loss=0.869194
main interval: 0.0012 0.0056 0.95 loss=0.869266
main interval: 0.002 0.0034 0.9 loss=0.869193
main interval: 0.0034 0.0056 0.9 loss=0.869188
main interval: 0.0034 0.0034 0.9 loss=0.868853
main interval: 0.0034 0.002 0.9 loss=0.868941
main interval: 0.002 0.0056 0.9 loss=0.868949
main interval: 0.0012 0.0056 0.9 loss=0.869114
main interval: 0.0012 0.0034 0.9 loss=0.869215
main interval: 0.0012 0.002 0.9 loss=0.869349
main interval: 0.002 0.0034 0.8 loss=0.869168
main interval: 0.0056 0.0056 0.9 loss=0.868474
main interval: 0.0056 0.0034 0.9 loss=0.868386
main interval: 0.0056 0.002 0.9 loss=0.868560
main interval: 0.0034 0.0034 0.8 loss=0.868639
main interval: 0.0093 0.0056 0.9 loss=0.868217
main interval: 0.0093 0.0034 0.9 loss=0.867999
main interval: 0.0093 0.002 0.9 loss=0.868103
main interval: 0.0056 0.0034 0.8 loss=0.868310
main interval: 0.0056 0.0034 0.95 loss=0.868393
main interval: 0.016 0.0056 0.9 loss=0.868244
main interval: 0.016 0.0034 0.9 loss=0.868346
main interval: 0.016 0.002 0.9 loss=0.868020
main interval: 0.0093 0.0034 0.8 loss=0.868427
main interval: 0.0093 0.0034 0.95 loss=0.868215
best_muon_lr=[0.0093,0.0034] best_muon_momentum=0.9 interval_loss=0.867999 final_loss=0.867999 evaluated_interval_configs=45 evaluated_configs=45
train_loss run=9 step=13/20 loss=0.8690 head_lr=1072 muon_lr=0.0093 muon_momentum=0.9 muon_nesterov=False muon_grad_momentum_norm_ratio=0.297997
train_loss run=9 step=14/20 loss=0.8682 head_lr=1072 muon_lr=0.0063 muon_momentum=0.9 muon_nesterov=False muon_grad_momentum_norm_ratio=0.379826
train_loss run=9 step=15/20 loss=0.8680 head_lr=1072 muon_lr=0.0034 muon_momentum=0.9 muon_nesterov=False muon_grad_momentum_norm_ratio=0.239838
main interval: 0.0034 0.0034 0.9 loss=0.867552
main interval: 0.0056 0.0056 0.9 loss=0.867384
main interval: 0.0056 0.0034 0.9 loss=0.867352
main interval: 0.0056 0.002 0.9 loss=0.867310
main interval: 0.0034 0.0056 0.9 loss=0.867449
main interval: 0.0034 0.002 0.9 loss=0.867440
main interval: 0.002 0.0056 0.9 loss=0.867467
main interval: 0.002 0.0034 0.9 loss=0.867501
main interval: 0.002 0.002 0.9 loss=0.867556
main interval: 0.0034 0.0034 0.8 loss=0.867403
main interval: 0.0034 0.0034 0.95 loss=0.867402
main interval: 0.0093 0.0034 0.9 loss=0.867508
main interval: 0.0093 0.002 0.9 loss=0.867666
main interval: 0.0093 0.0012 0.9 loss=0.867413
main interval: 0.0056 0.0012 0.9 loss=0.867641
main interval: 0.0034 0.0012 0.9 loss=0.867939
main interval: 0.0056 0.002 0.8 loss=0.867452
main interval: 0.0056 0.002 0.95 loss=0.867413
best_muon_lr=[0.0056,0.002] best_muon_momentum=0.9 interval_loss=0.867310 final_loss=0.867310 evaluated_interval_configs=18 evaluated_configs=18
train_loss run=9 step=16/20 loss=0.8678 head_lr=1072 muon_lr=0.0056 muon_momentum=0.9 muon_nesterov=False muon_grad_momentum_norm_ratio=0.34893
train_loss run=9 step=17/20 loss=0.8675 head_lr=1072 muon_lr=0.0038 muon_momentum=0.9 muon_nesterov=False muon_grad_momentum_norm_ratio=0.417829
train_loss run=9 step=18/20 loss=0.8673 head_lr=1072 muon_lr=0.002 muon_momentum=0.9 muon_nesterov=False muon_grad_momentum_norm_ratio=0.355927
main interval: 0.002 0.002 0.9 loss=0.867319
main interval: 0.0034 0.0034 0.9 loss=0.867223
main interval: 0.0034 0.002 0.9 loss=0.867148
main interval: 0.0034 0.0012 0.9 loss=0.867166
main interval: 0.002 0.0034 0.9 loss=0.867214
main interval: 0.002 0.0012 0.9 loss=0.867219
main interval: 0.0012 0.0034 0.9 loss=0.867331
main interval: 0.0012 0.002 0.9 loss=0.867273
main interval: 0.0012 0.0012 0.9 loss=0.867243
main interval: 0.002 0.002 0.8 loss=0.867280
main interval: 0.002 0.002 0.95 loss=0.867242
main interval: 0.0056 0.0034 0.9 loss=0.867294
main interval: 0.0056 0.002 0.9 loss=0.867247
main interval: 0.0056 0.0012 0.9 loss=0.868050
main interval: 0.0034 0.002 0.8 loss=0.867267
main interval: 0.0034 0.002 0.95 loss=0.867364
best_muon_lr=[0.0034,0.002] best_muon_momentum=0.9 interval_loss=0.867148 final_loss=0.867148 evaluated_interval_configs=16 evaluated_configs=16
train_loss run=9 step=19/20 loss=0.8672 head_lr=1072 muon_lr=0.0034 muon_momentum=0.9 muon_nesterov=False muon_grad_momentum_norm_ratio=0.25673
train_loss run=9 step=20/20 loss=0.8671 head_lr=1072 muon_lr=0.002 muon_momentum=0.9 muon_nesterov=False muon_grad_momentum_norm_ratio=0.234226
Batch size:          2000
N steps:             3
M cooldown steps:    0
Interval scheduler:  linear
LR connectedness:    jump_allowed
Muon orthogonalize:  True
Momentum config:     search_momentum_fixed_nesterov_false
Search momentum:     True
Muon nesterov:       False
Initial Muon lr:     0.2
Initial Muon lr k:   0
Initial Muon mom:    0.6
Initial Muon mom i:  6
Final start lr:      0.0034
Final start lr k:    8
Final Muon lr:       0.002
Final Muon lr k:     9
Final end lr:        0.002
Final end lr k:      9
Final Muon momentum: 0.9
Final Muon nesterov: False
Final Muon mom i:    9
SGD lr mult:         0.8
Initial train loss:  2.313483
Final train loss:    0.867148
Run seconds:         63.509
cifar_baseline2_overfit_n_search run=10 batch_size=2000 train_steps=20 N=3 M=0 interval_scheduler=linear lr_connectedness=continuous_double muon_orthogonalize=True momentum_config=search_momentum_fixed_nesterov_false search_momentum=True muon_nesterov=False initial_muon_lr=0.2 initial_muon_lr_k=0 initial_muon_momentum=0.6 initial_muon_momentum_index=6
train_loss run=10 step=0/20 loss=2.3135 head_lr=1072 muon_lr=0.2 muon_momentum=0.6 muon_nesterov=False muon_grad_momentum_norm_ratio=none
main interval: 0.2 0.2 0.6 loss=1.974988
main interval: 0.33 0.33 0.6 loss=2.004487
main interval: 0.33 0.2 0.6 loss=1.992117
main interval: 0.33 0.12 0.6 loss=1.994262
main interval: 0.2 0.33 0.6 loss=2.004051
main interval: 0.2 0.12 0.6 loss=1.965195
main interval: 0.12 0.33 0.6 loss=2.010120
main interval: 0.12 0.2 0.6 loss=1.978466
main interval: 0.12 0.12 0.6 loss=1.959867
main interval: 0.2 0.2 0.5 loss=1.974184
main interval: 0.2 0.2 0.7 loss=1.977037
main interval: 0.2 0.072 0.6 loss=1.974724
main interval: 0.12 0.072 0.6 loss=1.964856
main interval: 0.072 0.2 0.6 loss=1.997970
main interval: 0.072 0.12 0.6 loss=1.981423
main interval: 0.072 0.072 0.6 loss=1.986209
main interval: 0.12 0.12 0.5 loss=1.958082
main interval: 0.12 0.12 0.7 loss=1.963526
main interval: 0.2 0.12 0.5 loss=1.961230
main interval: 0.2 0.072 0.5 loss=1.968989
main interval: 0.12 0.2 0.5 loss=1.979090
main interval: 0.12 0.072 0.5 loss=1.960480
main interval: 0.072 0.2 0.5 loss=1.998457
main interval: 0.072 0.12 0.5 loss=1.981513
main interval: 0.072 0.072 0.5 loss=1.983546
main interval: 0.12 0.12 0.4 loss=1.957471
main interval: 0.2 0.2 0.4 loss=1.973239
main interval: 0.2 0.12 0.4 loss=1.957299
main interval: 0.2 0.072 0.4 loss=1.963822
main interval: 0.12 0.2 0.4 loss=1.979993
main interval: 0.12 0.072 0.4 loss=1.957374
main interval: 0.072 0.2 0.4 loss=1.999530
main interval: 0.072 0.12 0.4 loss=1.982211
main interval: 0.072 0.072 0.4 loss=1.981723
main interval: 0.12 0.12 0.3 loss=1.958071
main interval: 0.33 0.2 0.4 loss=1.986529
main interval: 0.33 0.12 0.4 loss=1.984771
main interval: 0.33 0.072 0.4 loss=1.996534
main interval: 0.2 0.12 0.3 loss=1.954672
main interval: 0.33 0.2 0.3 loss=1.984539
main interval: 0.33 0.12 0.3 loss=1.980027
main interval: 0.33 0.072 0.3 loss=1.991122
main interval: 0.2 0.2 0.3 loss=1.973440
main interval: 0.2 0.072 0.3 loss=1.958963
main interval: 0.12 0.2 0.3 loss=1.983061
main interval: 0.12 0.072 0.3 loss=1.955158
main interval: 0.2 0.12 0.2 loss=1.951898
main interval: 0.33 0.2 0.2 loss=1.983004
main interval: 0.33 0.12 0.2 loss=1.975831
main interval: 0.33 0.072 0.2 loss=1.986301
main interval: 0.2 0.2 0.2 loss=1.972877
main interval: 0.2 0.072 0.2 loss=1.954752
main interval: 0.12 0.2 0.2 loss=1.986176
main interval: 0.12 0.12 0.2 loss=1.959044
main interval: 0.12 0.072 0.2 loss=1.953579
main interval: 0.2 0.12 0.1 loss=1.950400
main interval: 0.33 0.2 0.1 loss=1.981403
main interval: 0.33 0.12 0.1 loss=1.972687
main interval: 0.33 0.072 0.1 loss=1.982397
main interval: 0.2 0.2 0.1 loss=1.974511
main interval: 0.2 0.072 0.1 loss=1.950973
main interval: 0.12 0.2 0.1 loss=1.989250
main interval: 0.12 0.12 0.1 loss=1.959927
main interval: 0.12 0.072 0.1 loss=1.952702
main interval: 0.2 0.12 0 loss=1.950466
best_muon_lr=[0.2,0.12] best_muon_momentum=0.1 interval_loss=1.950400 final_loss=1.950400 evaluated_interval_configs=65 evaluated_configs=65
train_loss run=10 step=1/20 loss=2.2280 head_lr=1072 muon_lr=0.2 muon_momentum=0.1 muon_nesterov=False muon_grad_momentum_norm_ratio=1
train_loss run=10 step=2/20 loss=2.1955 head_lr=1072 muon_lr=0.16 muon_momentum=0.1 muon_nesterov=False muon_grad_momentum_norm_ratio=0.912898
train_loss run=10 step=3/20 loss=1.9504 head_lr=1072 muon_lr=0.12 muon_momentum=0.1 muon_nesterov=False muon_grad_momentum_norm_ratio=0.918883
main interval: 0.12 0.12 0.1 loss=1.537260
main interval: 0.12 0.2 0.1 loss=1.663790
main interval: 0.12 0.072 0.1 loss=1.325458
main interval: 0.12 0.12 0 loss=1.478511
main interval: 0.12 0.12 0.2 loss=1.443220
main interval: 0.12 0.043 0.1 loss=1.287818
main interval: 0.12 0.072 0 loss=1.354592
main interval: 0.12 0.072 0.2 loss=1.316073
main interval: 0.12 0.026 0.1 loss=1.292580
main interval: 0.12 0.043 0 loss=1.317960
main interval: 0.12 0.043 0.2 loss=1.281445
main interval: 0.12 0.026 0.2 loss=1.253636
main interval: 0.12 0.043 0.3 loss=1.250926
main interval: 0.12 0.072 0.3 loss=1.227508
main interval: 0.12 0.026 0.3 loss=1.278628
main interval: 0.12 0.043 0.4 loss=1.205154
main interval: 0.12 0.072 0.4 loss=1.214923
main interval: 0.12 0.026 0.4 loss=1.188357
main interval: 0.12 0.043 0.5 loss=1.195154
main interval: 0.12 0.016 0.4 loss=1.210889
main interval: 0.12 0.026 0.5 loss=1.163823
main interval: 0.12 0.016 0.5 loss=1.188089
main interval: 0.12 0.026 0.6 loss=1.184175
best_muon_lr=[0.12,0.026] best_muon_momentum=0.5 interval_loss=1.163823 final_loss=1.163823 evaluated_interval_configs=23 evaluated_configs=23
train_loss run=10 step=4/20 loss=1.6621 head_lr=1072 muon_lr=0.12 muon_momentum=0.5 muon_nesterov=False muon_grad_momentum_norm_ratio=0.545345
train_loss run=10 step=5/20 loss=1.3243 head_lr=1072 muon_lr=0.073 muon_momentum=0.5 muon_nesterov=False muon_grad_momentum_norm_ratio=0.718735
train_loss run=10 step=6/20 loss=1.1638 head_lr=1072 muon_lr=0.026 muon_momentum=0.5 muon_nesterov=False muon_grad_momentum_norm_ratio=0.650731
main interval: 0.026 0.026 0.5 loss=0.947755
main interval: 0.026 0.043 0.5 loss=0.977815
main interval: 0.026 0.016 0.5 loss=0.947534
main interval: 0.026 0.026 0.4 loss=0.937847
main interval: 0.026 0.026 0.6 loss=0.932481
main interval: 0.026 0.043 0.6 loss=0.940823
main interval: 0.026 0.016 0.6 loss=0.938980
main interval: 0.026 0.026 0.7 loss=0.926527
main interval: 0.026 0.043 0.7 loss=0.933584
main interval: 0.026 0.016 0.7 loss=0.935666
main interval: 0.026 0.026 0.8 loss=0.927707
best_muon_lr=[0.026,0.026] best_muon_momentum=0.7 interval_loss=0.926527 final_loss=0.926527 evaluated_interval_configs=11 evaluated_configs=11
train_loss run=10 step=7/20 loss=1.0509 head_lr=1072 muon_lr=0.026 muon_momentum=0.7 muon_nesterov=False muon_grad_momentum_norm_ratio=0.50158
train_loss run=10 step=8/20 loss=0.9695 head_lr=1072 muon_lr=0.026 muon_momentum=0.7 muon_nesterov=False muon_grad_momentum_norm_ratio=0.392032
train_loss run=10 step=9/20 loss=0.9265 head_lr=1072 muon_lr=0.026 muon_momentum=0.7 muon_nesterov=False muon_grad_momentum_norm_ratio=0.338664
main interval: 0.026 0.026 0.7 loss=0.901244
main interval: 0.026 0.043 0.7 loss=0.937384
main interval: 0.026 0.016 0.7 loss=0.894117
main interval: 0.026 0.026 0.6 loss=0.895184
main interval: 0.026 0.026 0.8 loss=0.905106
main interval: 0.026 0.0093 0.7 loss=0.884725
main interval: 0.026 0.016 0.6 loss=0.885675
main interval: 0.026 0.016 0.8 loss=0.892482
main interval: 0.026 0.0056 0.7 loss=0.882158
main interval: 0.026 0.0093 0.6 loss=0.882546
main interval: 0.026 0.0093 0.8 loss=0.889993
main interval: 0.026 0.0034 0.7 loss=0.883969
main interval: 0.026 0.0056 0.6 loss=0.884982
main interval: 0.026 0.0056 0.8 loss=0.885981
best_muon_lr=[0.026,0.0056] best_muon_momentum=0.7 interval_loss=0.882158 final_loss=0.882158 evaluated_interval_configs=14 evaluated_configs=14
train_loss run=10 step=10/20 loss=0.8990 head_lr=1072 muon_lr=0.026 muon_momentum=0.7 muon_nesterov=False muon_grad_momentum_norm_ratio=0.524521
train_loss run=10 step=11/20 loss=0.8864 head_lr=1072 muon_lr=0.016 muon_momentum=0.7 muon_nesterov=False muon_grad_momentum_norm_ratio=0.464607
train_loss run=10 step=12/20 loss=0.8822 head_lr=1072 muon_lr=0.0056 muon_momentum=0.7 muon_nesterov=False muon_grad_momentum_norm_ratio=0.396205
main interval: 0.0056 0.0056 0.7 loss=0.875652
main interval: 0.0056 0.0093 0.7 loss=0.874672
main interval: 0.0056 0.0034 0.7 loss=0.875136
main interval: 0.0056 0.0056 0.6 loss=0.874667
main interval: 0.0056 0.0056 0.8 loss=0.874748
main interval: 0.0056 0.0093 0.6 loss=0.874877
main interval: 0.0056 0.0034 0.6 loss=0.875305
main interval: 0.0056 0.0056 0.5 loss=0.875095
best_muon_lr=[0.0056,0.0056] best_muon_momentum=0.6 interval_loss=0.874667 final_loss=0.874667 evaluated_interval_configs=8 evaluated_configs=8
train_loss run=10 step=13/20 loss=0.8784 head_lr=1072 muon_lr=0.0056 muon_momentum=0.6 muon_nesterov=False muon_grad_momentum_norm_ratio=0.559768
train_loss run=10 step=14/20 loss=0.8763 head_lr=1072 muon_lr=0.0056 muon_momentum=0.6 muon_nesterov=False muon_grad_momentum_norm_ratio=0.403776
train_loss run=10 step=15/20 loss=0.8747 head_lr=1072 muon_lr=0.0056 muon_momentum=0.6 muon_nesterov=False muon_grad_momentum_norm_ratio=0.425538
main interval: 0.0056 0.0056 0.6 loss=0.871843
main interval: 0.0056 0.0093 0.6 loss=0.874649
main interval: 0.0056 0.0034 0.6 loss=0.872720
main interval: 0.0056 0.0056 0.5 loss=0.872197
main interval: 0.0056 0.0056 0.7 loss=0.872441
best_muon_lr=[0.0056,0.0056] best_muon_momentum=0.6 interval_loss=0.871843 final_loss=0.871843 evaluated_interval_configs=5 evaluated_configs=5
train_loss run=10 step=16/20 loss=0.8732 head_lr=1072 muon_lr=0.0056 muon_momentum=0.6 muon_nesterov=False muon_grad_momentum_norm_ratio=0.544035
train_loss run=10 step=17/20 loss=0.8723 head_lr=1072 muon_lr=0.0056 muon_momentum=0.6 muon_nesterov=False muon_grad_momentum_norm_ratio=0.621559
train_loss run=10 step=18/20 loss=0.8718 head_lr=1072 muon_lr=0.0056 muon_momentum=0.6 muon_nesterov=False muon_grad_momentum_norm_ratio=0.687317
main interval: 0.0056 0.0056 0.6 loss=0.870588
main interval: 0.0056 0.0093 0.6 loss=0.874862
main interval: 0.0056 0.0034 0.6 loss=0.869867
main interval: 0.0056 0.0056 0.5 loss=0.870929
main interval: 0.0056 0.0056 0.7 loss=0.870868
main interval: 0.0056 0.002 0.6 loss=0.870061
main interval: 0.0056 0.0034 0.5 loss=0.870090
main interval: 0.0056 0.0034 0.7 loss=0.869848
main interval: 0.0056 0.002 0.7 loss=0.870388
main interval: 0.0056 0.0034 0.8 loss=0.870012
best_muon_lr=[0.0056,0.0034] best_muon_momentum=0.7 interval_loss=0.869848 final_loss=0.869848 evaluated_interval_configs=10 evaluated_configs=10
train_loss run=10 step=19/20 loss=0.8723 head_lr=1072 muon_lr=0.0056 muon_momentum=0.7 muon_nesterov=False muon_grad_momentum_norm_ratio=0.622419
train_loss run=10 step=20/20 loss=0.8698 head_lr=1072 muon_lr=0.0034 muon_momentum=0.7 muon_nesterov=False muon_grad_momentum_norm_ratio=0.694356
Batch size:          2000
N steps:             3
M cooldown steps:    0
Interval scheduler:  linear
LR connectedness:    continuous_double
Muon orthogonalize:  True
Momentum config:     search_momentum_fixed_nesterov_false
Search momentum:     True
Muon nesterov:       False
Initial Muon lr:     0.2
Initial Muon lr k:   0
Initial Muon mom:    0.6
Initial Muon mom i:  6
Final start lr:      0.0056
Final start lr k:    7
Final Muon lr:       0.0034
Final Muon lr k:     8
Final end lr:        0.0034
Final end lr k:      8
Final Muon momentum: 0.7
Final Muon nesterov: False
Final Muon mom i:    7
SGD lr mult:         0.8
Initial train loss:  2.313483
Final train loss:    0.869848
Run seconds:         27.370
cifar_baseline2_overfit_n_search run=11 batch_size=2000 train_steps=20 N=3 M=0 interval_scheduler=linear lr_connectedness=continuous_single muon_orthogonalize=True momentum_config=search_momentum_fixed_nesterov_false search_momentum=True muon_nesterov=False initial_muon_lr=0.2 initial_muon_lr_k=0 initial_muon_momentum=0.6 initial_muon_momentum_index=6
train_loss run=11 step=0/20 loss=2.3135 head_lr=1072 muon_lr=0.2 muon_momentum=0.6 muon_nesterov=False muon_grad_momentum_norm_ratio=none
main interval: 0.2 0.2 0.6 loss=1.974988
main interval: 0.33 0.33 0.6 loss=2.004487
main interval: 0.33 0.2 0.6 loss=1.992117
main interval: 0.33 0.12 0.6 loss=1.994262
main interval: 0.2 0.33 0.6 loss=2.004051
main interval: 0.2 0.12 0.6 loss=1.965195
main interval: 0.12 0.33 0.6 loss=2.010120
main interval: 0.12 0.2 0.6 loss=1.978466
main interval: 0.12 0.12 0.6 loss=1.959867
main interval: 0.2 0.2 0.5 loss=1.974184
main interval: 0.2 0.2 0.7 loss=1.977037
main interval: 0.2 0.072 0.6 loss=1.974724
main interval: 0.12 0.072 0.6 loss=1.964856
main interval: 0.072 0.2 0.6 loss=1.997970
main interval: 0.072 0.12 0.6 loss=1.981423
main interval: 0.072 0.072 0.6 loss=1.986209
main interval: 0.12 0.12 0.5 loss=1.958082
main interval: 0.12 0.12 0.7 loss=1.963526
main interval: 0.2 0.12 0.5 loss=1.961230
main interval: 0.2 0.072 0.5 loss=1.968989
main interval: 0.12 0.2 0.5 loss=1.979090
main interval: 0.12 0.072 0.5 loss=1.960480
main interval: 0.072 0.2 0.5 loss=1.998457
main interval: 0.072 0.12 0.5 loss=1.981513
main interval: 0.072 0.072 0.5 loss=1.983546
main interval: 0.12 0.12 0.4 loss=1.957471
main interval: 0.2 0.2 0.4 loss=1.973239
main interval: 0.2 0.12 0.4 loss=1.957299
main interval: 0.2 0.072 0.4 loss=1.963822
main interval: 0.12 0.2 0.4 loss=1.979993
main interval: 0.12 0.072 0.4 loss=1.957374
main interval: 0.072 0.2 0.4 loss=1.999530
main interval: 0.072 0.12 0.4 loss=1.982211
main interval: 0.072 0.072 0.4 loss=1.981723
main interval: 0.12 0.12 0.3 loss=1.958071
main interval: 0.33 0.2 0.4 loss=1.986529
main interval: 0.33 0.12 0.4 loss=1.984771
main interval: 0.33 0.072 0.4 loss=1.996534
main interval: 0.2 0.12 0.3 loss=1.954672
main interval: 0.33 0.2 0.3 loss=1.984539
main interval: 0.33 0.12 0.3 loss=1.980027
main interval: 0.33 0.072 0.3 loss=1.991122
main interval: 0.2 0.2 0.3 loss=1.973440
main interval: 0.2 0.072 0.3 loss=1.958963
main interval: 0.12 0.2 0.3 loss=1.983061
main interval: 0.12 0.072 0.3 loss=1.955158
main interval: 0.2 0.12 0.2 loss=1.951898
main interval: 0.33 0.2 0.2 loss=1.983004
main interval: 0.33 0.12 0.2 loss=1.975831
main interval: 0.33 0.072 0.2 loss=1.986301
main interval: 0.2 0.2 0.2 loss=1.972877
main interval: 0.2 0.072 0.2 loss=1.954752
main interval: 0.12 0.2 0.2 loss=1.986176
main interval: 0.12 0.12 0.2 loss=1.959044
main interval: 0.12 0.072 0.2 loss=1.953579
main interval: 0.2 0.12 0.1 loss=1.950400
main interval: 0.33 0.2 0.1 loss=1.981403
main interval: 0.33 0.12 0.1 loss=1.972687
main interval: 0.33 0.072 0.1 loss=1.982397
main interval: 0.2 0.2 0.1 loss=1.974511
main interval: 0.2 0.072 0.1 loss=1.950973
main interval: 0.12 0.2 0.1 loss=1.989250
main interval: 0.12 0.12 0.1 loss=1.959927
main interval: 0.12 0.072 0.1 loss=1.952702
main interval: 0.2 0.12 0 loss=1.950466
best_muon_lr=[0.2,0.12] best_muon_momentum=0.1 interval_loss=1.950400 final_loss=1.950400 evaluated_interval_configs=65 evaluated_configs=65
train_loss run=11 step=1/20 loss=2.2280 head_lr=1072 muon_lr=0.2 muon_momentum=0.1 muon_nesterov=False muon_grad_momentum_norm_ratio=1
train_loss run=11 step=2/20 loss=2.1955 head_lr=1072 muon_lr=0.16 muon_momentum=0.1 muon_nesterov=False muon_grad_momentum_norm_ratio=0.912898
train_loss run=11 step=3/20 loss=1.9504 head_lr=1072 muon_lr=0.12 muon_momentum=0.1 muon_nesterov=False muon_grad_momentum_norm_ratio=0.918883
main interval: 0.12 0.12 0.1 loss=1.537260
main interval: 0.12 0.2 0.1 loss=1.691550
main interval: 0.12 0.072 0.1 loss=1.337344
main interval: 0.12 0.12 0 loss=1.478791
main interval: 0.12 0.12 0.2 loss=1.440427
main interval: 0.12 0.043 0.1 loss=1.292775
main interval: 0.12 0.072 0 loss=1.358418
main interval: 0.12 0.072 0.2 loss=1.325216
main interval: 0.12 0.026 0.1 loss=1.297197
main interval: 0.12 0.043 0 loss=1.317418
main interval: 0.12 0.043 0.2 loss=1.282016
main interval: 0.12 0.026 0.2 loss=1.264485
main interval: 0.12 0.043 0.3 loss=1.227904
main interval: 0.12 0.072 0.3 loss=1.257397
main interval: 0.12 0.026 0.3 loss=1.277661
main interval: 0.12 0.043 0.4 loss=1.192587
main interval: 0.12 0.072 0.4 loss=1.240896
main interval: 0.12 0.026 0.4 loss=1.204054
main interval: 0.12 0.043 0.5 loss=1.142992
main interval: 0.12 0.072 0.5 loss=1.164464
main interval: 0.12 0.026 0.5 loss=1.190990
main interval: 0.12 0.043 0.6 loss=1.125589
main interval: 0.12 0.072 0.6 loss=1.110454
main interval: 0.12 0.026 0.6 loss=1.173783
main interval: 0.12 0.043 0.7 loss=1.093057
main interval: 0.12 0.072 0.7 loss=1.093424
main interval: 0.12 0.026 0.7 loss=1.149669
main interval: 0.12 0.043 0.8 loss=1.075230
main interval: 0.12 0.072 0.8 loss=1.048852
main interval: 0.12 0.026 0.8 loss=1.112017
main interval: 0.12 0.043 0.9 loss=1.052562
main interval: 0.12 0.12 0.8 loss=1.183643
main interval: 0.12 0.072 0.9 loss=1.058134
best_muon_lr=[0.12,0.072] best_muon_momentum=0.8 interval_loss=1.048852 final_loss=1.048852 evaluated_interval_configs=33 evaluated_configs=33
train_loss run=11 step=4/20 loss=1.5766 head_lr=1072 muon_lr=0.1 muon_momentum=0.8 muon_nesterov=False muon_grad_momentum_norm_ratio=0.319891
train_loss run=11 step=5/20 loss=1.2164 head_lr=1072 muon_lr=0.088 muon_momentum=0.8 muon_nesterov=False muon_grad_momentum_norm_ratio=0.403328
train_loss run=11 step=6/20 loss=1.0489 head_lr=1072 muon_lr=0.072 muon_momentum=0.8 muon_nesterov=False muon_grad_momentum_norm_ratio=0.416009
main interval: 0.072 0.072 0.8 loss=0.996815
main interval: 0.072 0.12 0.8 loss=1.045355
main interval: 0.072 0.043 0.8 loss=0.901634
main interval: 0.072 0.072 0.7 loss=0.932668
main interval: 0.072 0.072 0.9 loss=0.927828
main interval: 0.072 0.026 0.8 loss=0.893421
main interval: 0.072 0.043 0.7 loss=0.912590
main interval: 0.072 0.043 0.9 loss=0.906174
main interval: 0.072 0.016 0.8 loss=0.892210
main interval: 0.072 0.026 0.7 loss=0.898314
main interval: 0.072 0.026 0.9 loss=0.895980
main interval: 0.072 0.0093 0.8 loss=0.892940
main interval: 0.072 0.016 0.7 loss=0.893847
main interval: 0.072 0.016 0.9 loss=0.892054
main interval: 0.072 0.0093 0.9 loss=0.892216
main interval: 0.072 0.016 0.95 loss=0.892516
best_muon_lr=[0.072,0.016] best_muon_momentum=0.9 interval_loss=0.892054 final_loss=0.892054 evaluated_interval_configs=16 evaluated_configs=16
train_loss run=11 step=7/20 loss=0.9529 head_lr=1072 muon_lr=0.053 muon_momentum=0.9 muon_nesterov=False muon_grad_momentum_norm_ratio=0.608389
train_loss run=11 step=8/20 loss=0.9003 head_lr=1072 muon_lr=0.035 muon_momentum=0.9 muon_nesterov=False muon_grad_momentum_norm_ratio=0.372542
train_loss run=11 step=9/20 loss=0.8921 head_lr=1072 muon_lr=0.016 muon_momentum=0.9 muon_nesterov=False muon_grad_momentum_norm_ratio=0.206443
main interval: 0.016 0.016 0.9 loss=0.884475
main interval: 0.016 0.026 0.9 loss=0.883222
main interval: 0.016 0.0093 0.9 loss=0.875959
main interval: 0.016 0.016 0.8 loss=0.877123
main interval: 0.016 0.016 0.95 loss=0.878493
main interval: 0.016 0.0056 0.9 loss=0.875982
main interval: 0.016 0.0093 0.8 loss=0.876443
main interval: 0.016 0.0093 0.95 loss=0.876068
best_muon_lr=[0.016,0.0093] best_muon_momentum=0.9 interval_loss=0.875959 final_loss=0.875959 evaluated_interval_configs=8 evaluated_configs=8
train_loss run=11 step=10/20 loss=0.8825 head_lr=1072 muon_lr=0.014 muon_momentum=0.9 muon_nesterov=False muon_grad_momentum_norm_ratio=0.30553
train_loss run=11 step=11/20 loss=0.8777 head_lr=1072 muon_lr=0.012 muon_momentum=0.9 muon_nesterov=False muon_grad_momentum_norm_ratio=0.22701
train_loss run=11 step=12/20 loss=0.8760 head_lr=1072 muon_lr=0.0093 muon_momentum=0.9 muon_nesterov=False muon_grad_momentum_norm_ratio=0.177669
main interval: 0.0093 0.0093 0.9 loss=0.873855
main interval: 0.0093 0.016 0.9 loss=0.873329
main interval: 0.0093 0.0056 0.9 loss=0.871021
main interval: 0.0093 0.0093 0.8 loss=0.871274
main interval: 0.0093 0.0093 0.95 loss=0.870973
main interval: 0.0093 0.016 0.95 loss=0.871609
main interval: 0.0093 0.0056 0.95 loss=0.870372
main interval: 0.0093 0.0093 0.99 loss=0.871309
main interval: 0.0093 0.0034 0.95 loss=0.870962
main interval: 0.0093 0.0056 0.99 loss=0.871411
best_muon_lr=[0.0093,0.0056] best_muon_momentum=0.95 interval_loss=0.870372 final_loss=0.870372 evaluated_interval_configs=10 evaluated_configs=10
train_loss run=11 step=13/20 loss=0.8735 head_lr=1072 muon_lr=0.0081 muon_momentum=0.95 muon_nesterov=False muon_grad_momentum_norm_ratio=0.303401
train_loss run=11 step=14/20 loss=0.8712 head_lr=1072 muon_lr=0.0068 muon_momentum=0.95 muon_nesterov=False muon_grad_momentum_norm_ratio=0.319707
train_loss run=11 step=15/20 loss=0.8704 head_lr=1072 muon_lr=0.0056 muon_momentum=0.95 muon_nesterov=False muon_grad_momentum_norm_ratio=0.205353
main interval: 0.0056 0.0056 0.95 loss=0.869208
main interval: 0.0056 0.0093 0.95 loss=0.868818
main interval: 0.0056 0.0034 0.95 loss=0.868658
main interval: 0.0056 0.0056 0.9 loss=0.868550
main interval: 0.0056 0.0056 0.99 loss=0.868506
main interval: 0.0056 0.0093 0.99 loss=0.868606
main interval: 0.0056 0.0034 0.99 loss=0.868548
best_muon_lr=[0.0056,0.0056] best_muon_momentum=0.99 interval_loss=0.868506 final_loss=0.868506 evaluated_interval_configs=7 evaluated_configs=7
train_loss run=11 step=16/20 loss=0.8693 head_lr=1072 muon_lr=0.0056 muon_momentum=0.99 muon_nesterov=False muon_grad_momentum_norm_ratio=0.216575
train_loss run=11 step=17/20 loss=0.8687 head_lr=1072 muon_lr=0.0056 muon_momentum=0.99 muon_nesterov=False muon_grad_momentum_norm_ratio=0.16544
train_loss run=11 step=18/20 loss=0.8685 head_lr=1072 muon_lr=0.0056 muon_momentum=0.99 muon_nesterov=False muon_grad_momentum_norm_ratio=0.110526
main interval: 0.0056 0.0056 0.99 loss=0.868050
main interval: 0.0056 0.0093 0.99 loss=0.867988
main interval: 0.0056 0.0034 0.99 loss=0.867809
main interval: 0.0056 0.0056 0.95 loss=0.868179
main interval: 0.0056 0.002 0.99 loss=0.867884
main interval: 0.0056 0.0034 0.95 loss=0.868110
best_muon_lr=[0.0056,0.0034] best_muon_momentum=0.99 interval_loss=0.867809 final_loss=0.867809 evaluated_interval_configs=6 evaluated_configs=6
train_loss run=11 step=19/20 loss=0.8679 head_lr=1072 muon_lr=0.0045 muon_momentum=0.99 muon_nesterov=False muon_grad_momentum_norm_ratio=0.16021
train_loss run=11 step=20/20 loss=0.8678 head_lr=1072 muon_lr=0.0034 muon_momentum=0.99 muon_nesterov=False muon_grad_momentum_norm_ratio=0.0574435
Batch size:          2000
N steps:             3
M cooldown steps:    0
Interval scheduler:  linear
LR connectedness:    continuous_single
Muon orthogonalize:  True
Momentum config:     search_momentum_fixed_nesterov_false
Search momentum:     True
Muon nesterov:       False
Initial Muon lr:     0.2
Initial Muon lr k:   0
Initial Muon mom:    0.6
Initial Muon mom i:  6
Final start lr:      0.0056
Final start lr k:    7
Final Muon lr:       0.0034
Final Muon lr k:     8
Final end lr:        0.0034
Final end lr k:      8
Final Muon momentum: 0.99
Final Muon nesterov: False
Final Muon mom i:    11
SGD lr mult:         0.8
Initial train loss:  2.313483
Final train loss:    0.867809
Run seconds:         29.461
cifar_baseline2_overfit_n_search run=12 batch_size=2000 train_steps=20 N=4 M=0 interval_scheduler=constant lr_connectedness=jump_allowed muon_orthogonalize=True momentum_config=search_momentum_fixed_nesterov_false search_momentum=True muon_nesterov=False initial_muon_lr=0.2 initial_muon_lr_k=0 initial_muon_momentum=0.6 initial_muon_momentum_index=6
train_loss run=12 step=0/20 loss=2.3135 head_lr=1072 muon_lr=0.2 muon_momentum=0.6 muon_nesterov=False muon_grad_momentum_norm_ratio=none
main interval: 0.2 0.2 0.6 loss=1.796351
main interval: 0.33 0.33 0.6 loss=1.874909
main interval: 0.12 0.12 0.6 loss=1.762417
main interval: 0.2 0.2 0.5 loss=1.802044
main interval: 0.2 0.2 0.7 loss=1.798951
main interval: 0.072 0.072 0.6 loss=1.794567
main interval: 0.12 0.12 0.5 loss=1.759118
main interval: 0.12 0.12 0.7 loss=1.771408
main interval: 0.072 0.072 0.5 loss=1.788684
main interval: 0.12 0.12 0.4 loss=1.758483
main interval: 0.2 0.2 0.4 loss=1.808502
main interval: 0.072 0.072 0.4 loss=1.786742
main interval: 0.12 0.12 0.3 loss=1.763382
best_muon_lr=[0.12,0.12] best_muon_momentum=0.4 interval_loss=1.758483 final_loss=1.758483 evaluated_interval_configs=13 evaluated_configs=13
train_loss run=12 step=1/20 loss=2.2201 head_lr=1072 muon_lr=0.12 muon_momentum=0.4 muon_nesterov=False muon_grad_momentum_norm_ratio=1
train_loss run=12 step=2/20 loss=2.2049 head_lr=1072 muon_lr=0.12 muon_momentum=0.4 muon_nesterov=False muon_grad_momentum_norm_ratio=0.737557
train_loss run=12 step=3/20 loss=1.9575 head_lr=1072 muon_lr=0.12 muon_momentum=0.4 muon_nesterov=False muon_grad_momentum_norm_ratio=0.730257
train_loss run=12 step=4/20 loss=1.7585 head_lr=1072 muon_lr=0.12 muon_momentum=0.4 muon_nesterov=False muon_grad_momentum_norm_ratio=0.671033
main interval: 0.12 0.12 0.4 loss=1.224500
main interval: 0.2 0.2 0.4 loss=1.395433
main interval: 0.072 0.072 0.4 loss=1.091883
main interval: 0.12 0.12 0.3 loss=1.193826
main interval: 0.12 0.12 0.5 loss=1.142629
main interval: 0.043 0.043 0.4 loss=1.044124
main interval: 0.072 0.072 0.3 loss=1.099074
main interval: 0.072 0.072 0.5 loss=1.037635
main interval: 0.043 0.043 0.5 loss=1.008695
main interval: 0.072 0.072 0.6 loss=1.030390
main interval: 0.026 0.026 0.5 loss=1.083375
main interval: 0.043 0.043 0.6 loss=1.012253
best_muon_lr=[0.043,0.043] best_muon_momentum=0.5 interval_loss=1.008695 final_loss=1.008695 evaluated_interval_configs=12 evaluated_configs=12
train_loss run=12 step=5/20 loss=1.5165 head_lr=1072 muon_lr=0.043 muon_momentum=0.5 muon_nesterov=False muon_grad_momentum_norm_ratio=0.587462
train_loss run=12 step=6/20 loss=1.2886 head_lr=1072 muon_lr=0.043 muon_momentum=0.5 muon_nesterov=False muon_grad_momentum_norm_ratio=0.609027
train_loss run=12 step=7/20 loss=1.1062 head_lr=1072 muon_lr=0.043 muon_momentum=0.5 muon_nesterov=False muon_grad_momentum_norm_ratio=0.652549
train_loss run=12 step=8/20 loss=1.0087 head_lr=1072 muon_lr=0.043 muon_momentum=0.5 muon_nesterov=False muon_grad_momentum_norm_ratio=0.60639
main interval: 0.043 0.043 0.5 loss=0.949378
main interval: 0.072 0.072 0.5 loss=0.967853
main interval: 0.026 0.026 0.5 loss=0.902460
main interval: 0.043 0.043 0.4 loss=0.933220
main interval: 0.043 0.043 0.6 loss=0.919518
main interval: 0.016 0.016 0.5 loss=0.894381
main interval: 0.026 0.026 0.4 loss=0.911296
main interval: 0.026 0.026 0.6 loss=0.897924
main interval: 0.0093 0.0093 0.5 loss=0.904606
main interval: 0.016 0.016 0.4 loss=0.894264
main interval: 0.016 0.016 0.6 loss=0.894337
main interval: 0.0093 0.0093 0.4 loss=0.902321
main interval: 0.016 0.016 0.3 loss=0.903619
best_muon_lr=[0.016,0.016] best_muon_momentum=0.4 interval_loss=0.894264 final_loss=0.894264 evaluated_interval_configs=13 evaluated_configs=13
train_loss run=12 step=9/20 loss=0.9576 head_lr=1072 muon_lr=0.016 muon_momentum=0.4 muon_nesterov=False muon_grad_momentum_norm_ratio=0.812634
train_loss run=12 step=10/20 loss=0.9224 head_lr=1072 muon_lr=0.016 muon_momentum=0.4 muon_nesterov=False muon_grad_momentum_norm_ratio=0.553528
train_loss run=12 step=11/20 loss=0.9024 head_lr=1072 muon_lr=0.016 muon_momentum=0.4 muon_nesterov=False muon_grad_momentum_norm_ratio=0.63719
train_loss run=12 step=12/20 loss=0.8943 head_lr=1072 muon_lr=0.016 muon_momentum=0.4 muon_nesterov=False muon_grad_momentum_norm_ratio=0.670015
main interval: 0.016 0.016 0.4 loss=0.889025
main interval: 0.026 0.026 0.4 loss=0.893432
main interval: 0.0093 0.0093 0.4 loss=0.880035
main interval: 0.016 0.016 0.3 loss=0.888986
main interval: 0.016 0.016 0.5 loss=0.884002
main interval: 0.0056 0.0056 0.4 loss=0.879455
main interval: 0.0093 0.0093 0.3 loss=0.882323
main interval: 0.0093 0.0093 0.5 loss=0.878324
main interval: 0.0056 0.0056 0.5 loss=0.878609
main interval: 0.0093 0.0093 0.6 loss=0.877227
main interval: 0.016 0.016 0.6 loss=0.881975
main interval: 0.0056 0.0056 0.6 loss=0.878895
main interval: 0.0093 0.0093 0.7 loss=0.875627
main interval: 0.016 0.016 0.7 loss=0.879972
main interval: 0.0056 0.0056 0.7 loss=0.878074
main interval: 0.0093 0.0093 0.8 loss=0.875184
main interval: 0.016 0.016 0.8 loss=0.876557
main interval: 0.0056 0.0056 0.8 loss=0.877410
main interval: 0.0093 0.0093 0.9 loss=0.873962
main interval: 0.016 0.016 0.9 loss=0.874836
main interval: 0.0056 0.0056 0.9 loss=0.877639
main interval: 0.0093 0.0093 0.95 loss=0.874146
best_muon_lr=[0.0093,0.0093] best_muon_momentum=0.9 interval_loss=0.873962 final_loss=0.873962 evaluated_interval_configs=22 evaluated_configs=22
train_loss run=12 step=13/20 loss=0.8834 head_lr=1072 muon_lr=0.0093 muon_momentum=0.9 muon_nesterov=False muon_grad_momentum_norm_ratio=0.571134
train_loss run=12 step=14/20 loss=0.8801 head_lr=1072 muon_lr=0.0093 muon_momentum=0.9 muon_nesterov=False muon_grad_momentum_norm_ratio=0.315015
train_loss run=12 step=15/20 loss=0.8775 head_lr=1072 muon_lr=0.0093 muon_momentum=0.9 muon_nesterov=False muon_grad_momentum_norm_ratio=0.386108
train_loss run=12 step=16/20 loss=0.8740 head_lr=1072 muon_lr=0.0093 muon_momentum=0.9 muon_nesterov=False muon_grad_momentum_norm_ratio=0.393793
main interval: 0.0093 0.0093 0.9 loss=0.870470
main interval: 0.016 0.016 0.9 loss=0.874553
main interval: 0.0056 0.0056 0.9 loss=0.869651
main interval: 0.0093 0.0093 0.8 loss=0.870298
main interval: 0.0093 0.0093 0.95 loss=0.869754
main interval: 0.0034 0.0034 0.9 loss=0.870682
main interval: 0.0056 0.0056 0.8 loss=0.869902
main interval: 0.0056 0.0056 0.95 loss=0.869585
main interval: 0.0034 0.0034 0.95 loss=0.870425
main interval: 0.0056 0.0056 0.99 loss=0.870335
best_muon_lr=[0.0056,0.0056] best_muon_momentum=0.95 interval_loss=0.869585 final_loss=0.869585 evaluated_interval_configs=10 evaluated_configs=10
train_loss run=12 step=17/20 loss=0.8727 head_lr=1072 muon_lr=0.0056 muon_momentum=0.95 muon_nesterov=False muon_grad_momentum_norm_ratio=0.39072
train_loss run=12 step=18/20 loss=0.8707 head_lr=1072 muon_lr=0.0056 muon_momentum=0.95 muon_nesterov=False muon_grad_momentum_norm_ratio=0.486832
train_loss run=12 step=19/20 loss=0.8705 head_lr=1072 muon_lr=0.0056 muon_momentum=0.95 muon_nesterov=False muon_grad_momentum_norm_ratio=0.235294
train_loss run=12 step=20/20 loss=0.8696 head_lr=1072 muon_lr=0.0056 muon_momentum=0.95 muon_nesterov=False muon_grad_momentum_norm_ratio=0.413081
Batch size:          2000
N steps:             4
M cooldown steps:    0
Interval scheduler:  constant
LR connectedness:    jump_allowed
Muon orthogonalize:  True
Momentum config:     search_momentum_fixed_nesterov_false
Search momentum:     True
Muon nesterov:       False
Initial Muon lr:     0.2
Initial Muon lr k:   0
Initial Muon mom:    0.6
Initial Muon mom i:  6
Final start lr:      0.0056
Final start lr k:    7
Final Muon lr:       0.0056
Final Muon lr k:     7
Final end lr:        0.0056
Final end lr k:      7
Final Muon momentum: 0.95
Final Muon nesterov: False
Final Muon mom i:    10
SGD lr mult:         0.8
Initial train loss:  2.313483
Final train loss:    0.869585
Run seconds:         19.032
cifar_baseline2_overfit_n_search run=13 batch_size=2000 train_steps=20 N=4 M=0 interval_scheduler=linear lr_connectedness=jump_allowed muon_orthogonalize=True momentum_config=search_momentum_fixed_nesterov_false search_momentum=True muon_nesterov=False initial_muon_lr=0.2 initial_muon_lr_k=0 initial_muon_momentum=0.6 initial_muon_momentum_index=6
train_loss run=13 step=0/20 loss=2.3135 head_lr=1072 muon_lr=0.2 muon_momentum=0.6 muon_nesterov=False muon_grad_momentum_norm_ratio=none
main interval: 0.2 0.2 0.6 loss=1.796351
main interval: 0.33 0.33 0.6 loss=1.874909
main interval: 0.33 0.2 0.6 loss=1.823649
main interval: 0.33 0.12 0.6 loss=1.811354
main interval: 0.2 0.33 0.6 loss=1.864480
main interval: 0.2 0.12 0.6 loss=1.768217
main interval: 0.12 0.33 0.6 loss=1.852523
main interval: 0.12 0.2 0.6 loss=1.796554
main interval: 0.12 0.12 0.6 loss=1.762417
main interval: 0.2 0.2 0.5 loss=1.802044
main interval: 0.2 0.2 0.7 loss=1.798951
main interval: 0.2 0.072 0.6 loss=1.778233
main interval: 0.12 0.072 0.6 loss=1.761919
main interval: 0.072 0.2 0.6 loss=1.832289
main interval: 0.072 0.12 0.6 loss=1.797834
main interval: 0.072 0.072 0.6 loss=1.794567
main interval: 0.12 0.12 0.5 loss=1.759118
main interval: 0.12 0.12 0.7 loss=1.771408
main interval: 0.2 0.12 0.5 loss=1.761221
main interval: 0.2 0.072 0.5 loss=1.766821
main interval: 0.12 0.2 0.5 loss=1.795643
main interval: 0.12 0.072 0.5 loss=1.753339
main interval: 0.072 0.2 0.5 loss=1.828619
main interval: 0.072 0.12 0.5 loss=1.794689
main interval: 0.072 0.072 0.5 loss=1.788684
main interval: 0.12 0.12 0.4 loss=1.758483
main interval: 0.2 0.043 0.5 loss=1.791930
main interval: 0.12 0.043 0.5 loss=1.777799
main interval: 0.072 0.043 0.5 loss=1.817646
main interval: 0.12 0.072 0.4 loss=1.748524
main interval: 0.2 0.12 0.4 loss=1.757120
main interval: 0.2 0.072 0.4 loss=1.756451
main interval: 0.2 0.043 0.4 loss=1.781257
main interval: 0.12 0.043 0.4 loss=1.770521
main interval: 0.072 0.12 0.4 loss=1.794294
main interval: 0.072 0.072 0.4 loss=1.786742
main interval: 0.072 0.043 0.4 loss=1.814084
main interval: 0.12 0.072 0.3 loss=1.746403
main interval: 0.2 0.12 0.3 loss=1.755121
main interval: 0.2 0.072 0.3 loss=1.749534
main interval: 0.2 0.043 0.3 loss=1.772455
main interval: 0.12 0.12 0.3 loss=1.763382
main interval: 0.12 0.043 0.3 loss=1.765490
main interval: 0.072 0.12 0.3 loss=1.798859
main interval: 0.072 0.072 0.3 loss=1.787415
main interval: 0.072 0.043 0.3 loss=1.812650
main interval: 0.12 0.072 0.2 loss=1.748301
best_muon_lr=[0.12,0.072] best_muon_momentum=0.3 interval_loss=1.746403 final_loss=1.746403 evaluated_interval_configs=47 evaluated_configs=47
train_loss run=13 step=1/20 loss=2.2201 head_lr=1072 muon_lr=0.12 muon_momentum=0.3 muon_nesterov=False muon_grad_momentum_norm_ratio=1
train_loss run=13 step=2/20 loss=2.2025 head_lr=1072 muon_lr=0.1 muon_momentum=0.3 muon_nesterov=False muon_grad_momentum_norm_ratio=0.789347
train_loss run=13 step=3/20 loss=1.9534 head_lr=1072 muon_lr=0.088 muon_momentum=0.3 muon_nesterov=False muon_grad_momentum_norm_ratio=0.787824
train_loss run=13 step=4/20 loss=1.7464 head_lr=1072 muon_lr=0.072 muon_momentum=0.3 muon_nesterov=False muon_grad_momentum_norm_ratio=0.752241
main interval: 0.072 0.072 0.3 loss=1.188704
main interval: 0.12 0.12 0.3 loss=1.316388
main interval: 0.12 0.072 0.3 loss=1.129429
main interval: 0.12 0.043 0.3 loss=1.062925
main interval: 0.072 0.12 0.3 loss=1.332551
main interval: 0.072 0.043 0.3 loss=1.083189
main interval: 0.043 0.12 0.3 loss=1.325286
main interval: 0.043 0.072 0.3 loss=1.187317
main interval: 0.043 0.043 0.3 loss=1.100969
main interval: 0.072 0.072 0.2 loss=1.181999
main interval: 0.072 0.072 0.4 loss=1.088065
main interval: 0.2 0.072 0.3 loss=1.112233
main interval: 0.2 0.043 0.3 loss=1.088587
main interval: 0.2 0.026 0.3 loss=1.085107
main interval: 0.12 0.026 0.3 loss=1.048453
main interval: 0.072 0.026 0.3 loss=1.048639
main interval: 0.12 0.043 0.2 loss=1.072457
main interval: 0.12 0.043 0.4 loss=1.057697
main interval: 0.2 0.016 0.3 loss=1.103659
main interval: 0.12 0.016 0.3 loss=1.068993
main interval: 0.072 0.016 0.3 loss=1.061989
main interval: 0.12 0.026 0.2 loss=1.039708
main interval: 0.12 0.026 0.4 loss=1.046260
main interval: 0.2 0.043 0.2 loss=1.082083
main interval: 0.2 0.026 0.2 loss=1.094313
main interval: 0.2 0.016 0.2 loss=1.110197
main interval: 0.12 0.016 0.2 loss=1.081358
main interval: 0.072 0.043 0.2 loss=1.087049
main interval: 0.072 0.026 0.2 loss=1.056608
main interval: 0.072 0.016 0.2 loss=1.068899
main interval: 0.12 0.026 0.1 loss=1.079431
best_muon_lr=[0.12,0.026] best_muon_momentum=0.2 interval_loss=1.039708 final_loss=1.039708 evaluated_interval_configs=31 evaluated_configs=31
train_loss run=13 step=5/20 loss=1.6763 head_lr=1072 muon_lr=0.12 muon_momentum=0.2 muon_nesterov=False muon_grad_momentum_norm_ratio=0.782804
train_loss run=13 step=6/20 loss=1.3046 head_lr=1072 muon_lr=0.089 muon_momentum=0.2 muon_nesterov=False muon_grad_momentum_norm_ratio=0.913906
train_loss run=13 step=7/20 loss=1.1743 head_lr=1072 muon_lr=0.057 muon_momentum=0.2 muon_nesterov=False muon_grad_momentum_norm_ratio=0.803984
train_loss run=13 step=8/20 loss=1.0397 head_lr=1072 muon_lr=0.026 muon_momentum=0.2 muon_nesterov=False muon_grad_momentum_norm_ratio=0.881387
main interval: 0.026 0.026 0.2 loss=0.936037
main interval: 0.043 0.043 0.2 loss=0.962631
main interval: 0.043 0.026 0.2 loss=0.914647
main interval: 0.043 0.016 0.2 loss=0.902202
main interval: 0.026 0.043 0.2 loss=0.966946
main interval: 0.026 0.016 0.2 loss=0.907975
main interval: 0.016 0.043 0.2 loss=0.983945
main interval: 0.016 0.026 0.2 loss=0.934230
main interval: 0.016 0.016 0.2 loss=0.917313
main interval: 0.026 0.026 0.1 loss=0.932412
main interval: 0.026 0.026 0.3 loss=0.913565
main interval: 0.072 0.026 0.2 loss=0.913133
main interval: 0.072 0.016 0.2 loss=0.912951
main interval: 0.072 0.0093 0.2 loss=0.916321
main interval: 0.043 0.0093 0.2 loss=0.902698
main interval: 0.026 0.0093 0.2 loss=0.902056
main interval: 0.043 0.016 0.1 loss=0.907924
main interval: 0.043 0.016 0.3 loss=0.897962
main interval: 0.072 0.026 0.3 loss=0.917299
main interval: 0.072 0.016 0.3 loss=0.910298
main interval: 0.072 0.0093 0.3 loss=0.918827
main interval: 0.043 0.026 0.3 loss=0.911649
main interval: 0.043 0.0093 0.3 loss=0.901667
main interval: 0.026 0.016 0.3 loss=0.903748
main interval: 0.026 0.0093 0.3 loss=0.898730
main interval: 0.043 0.016 0.4 loss=0.894409
main interval: 0.072 0.026 0.4 loss=0.916162
main interval: 0.072 0.016 0.4 loss=0.907309
main interval: 0.072 0.0093 0.4 loss=0.918374
main interval: 0.043 0.026 0.4 loss=0.905667
main interval: 0.043 0.0093 0.4 loss=0.901044
main interval: 0.026 0.026 0.4 loss=0.918887
main interval: 0.026 0.016 0.4 loss=0.897353
main interval: 0.026 0.0093 0.4 loss=0.894764
main interval: 0.043 0.016 0.5 loss=0.896810
best_muon_lr=[0.043,0.016] best_muon_momentum=0.4 interval_loss=0.894409 final_loss=0.894409 evaluated_interval_configs=35 evaluated_configs=35
train_loss run=13 step=9/20 loss=1.0222 head_lr=1072 muon_lr=0.043 muon_momentum=0.4 muon_nesterov=False muon_grad_momentum_norm_ratio=0.795204
train_loss run=13 step=10/20 loss=0.9548 head_lr=1072 muon_lr=0.034 muon_momentum=0.4 muon_nesterov=False muon_grad_momentum_norm_ratio=0.848756
train_loss run=13 step=11/20 loss=0.9193 head_lr=1072 muon_lr=0.025 muon_momentum=0.4 muon_nesterov=False muon_grad_momentum_norm_ratio=0.585754
train_loss run=13 step=12/20 loss=0.8944 head_lr=1072 muon_lr=0.016 muon_momentum=0.4 muon_nesterov=False muon_grad_momentum_norm_ratio=0.702143
main interval: 0.016 0.016 0.4 loss=0.884093
main interval: 0.026 0.026 0.4 loss=0.893148
main interval: 0.026 0.016 0.4 loss=0.881441
main interval: 0.026 0.0093 0.4 loss=0.877898
main interval: 0.016 0.026 0.4 loss=0.896375
main interval: 0.016 0.0093 0.4 loss=0.878063
main interval: 0.0093 0.026 0.4 loss=0.901087
main interval: 0.0093 0.016 0.4 loss=0.886826
main interval: 0.0093 0.0093 0.4 loss=0.878258
main interval: 0.016 0.016 0.3 loss=0.884804
main interval: 0.016 0.016 0.5 loss=0.882145
main interval: 0.043 0.016 0.4 loss=0.884663
main interval: 0.043 0.0093 0.4 loss=0.883552
main interval: 0.043 0.0056 0.4 loss=0.883526
main interval: 0.026 0.0056 0.4 loss=0.879071
main interval: 0.016 0.0056 0.4 loss=0.876706
main interval: 0.026 0.0093 0.3 loss=0.879283
main interval: 0.026 0.0093 0.5 loss=0.878013
main interval: 0.026 0.0034 0.4 loss=0.879104
main interval: 0.016 0.0034 0.4 loss=0.877688
main interval: 0.0093 0.0056 0.4 loss=0.877178
main interval: 0.0093 0.0034 0.4 loss=0.877472
main interval: 0.016 0.0056 0.3 loss=0.876602
main interval: 0.016 0.0056 0.5 loss=0.875449
main interval: 0.026 0.0056 0.5 loss=0.877195
main interval: 0.026 0.0034 0.5 loss=0.879524
main interval: 0.016 0.0093 0.5 loss=0.876578
main interval: 0.016 0.0034 0.5 loss=0.876889
main interval: 0.0093 0.0093 0.5 loss=0.877566
main interval: 0.0093 0.0056 0.5 loss=0.876545
main interval: 0.0093 0.0034 0.5 loss=0.877113
main interval: 0.016 0.0056 0.6 loss=0.874849
main interval: 0.026 0.0093 0.6 loss=0.877338
main interval: 0.026 0.0056 0.6 loss=0.879571
main interval: 0.026 0.0034 0.6 loss=0.877740
main interval: 0.016 0.0093 0.6 loss=0.875315
main interval: 0.016 0.0034 0.6 loss=0.876291
main interval: 0.0093 0.0093 0.6 loss=0.876007
main interval: 0.0093 0.0056 0.6 loss=0.876024
main interval: 0.0093 0.0034 0.6 loss=0.876669
main interval: 0.016 0.0056 0.7 loss=0.874003
main interval: 0.026 0.0093 0.7 loss=0.876270
main interval: 0.026 0.0056 0.7 loss=0.879309
main interval: 0.026 0.0034 0.7 loss=0.875350
main interval: 0.016 0.0093 0.7 loss=0.874061
main interval: 0.016 0.0034 0.7 loss=0.875705
main interval: 0.0093 0.0093 0.7 loss=0.874648
main interval: 0.0093 0.0056 0.7 loss=0.876097
main interval: 0.0093 0.0034 0.7 loss=0.876367
main interval: 0.016 0.0056 0.8 loss=0.873547
main interval: 0.026 0.0093 0.8 loss=0.874315
main interval: 0.026 0.0056 0.8 loss=0.877357
main interval: 0.026 0.0034 0.8 loss=0.873828
main interval: 0.016 0.0093 0.8 loss=0.872900
main interval: 0.016 0.0034 0.8 loss=0.874683
main interval: 0.0093 0.0093 0.8 loss=0.874319
main interval: 0.0093 0.0056 0.8 loss=0.875765
main interval: 0.0093 0.0034 0.8 loss=0.876163
main interval: 0.016 0.0056 0.9 loss=0.874250
main interval: 0.026 0.016 0.8 loss=0.876356
main interval: 0.016 0.016 0.8 loss=0.876536
main interval: 0.0093 0.016 0.8 loss=0.875051
main interval: 0.016 0.0093 0.9 loss=0.874222
best_muon_lr=[0.016,0.0093] best_muon_momentum=0.8 interval_loss=0.872900 final_loss=0.872900 evaluated_interval_configs=63 evaluated_configs=63
train_loss run=13 step=13/20 loss=0.8909 head_lr=1072 muon_lr=0.016 muon_momentum=0.8 muon_nesterov=False muon_grad_momentum_norm_ratio=0.568783
train_loss run=13 step=14/20 loss=0.8776 head_lr=1072 muon_lr=0.014 muon_momentum=0.8 muon_nesterov=False muon_grad_momentum_norm_ratio=0.554886
train_loss run=13 step=15/20 loss=0.8765 head_lr=1072 muon_lr=0.012 muon_momentum=0.8 muon_nesterov=False muon_grad_momentum_norm_ratio=0.372256
train_loss run=13 step=16/20 loss=0.8729 head_lr=1072 muon_lr=0.0093 muon_momentum=0.8 muon_nesterov=False muon_grad_momentum_norm_ratio=0.48763
main interval: 0.0093 0.0093 0.8 loss=0.869680
main interval: 0.016 0.016 0.8 loss=0.874296
main interval: 0.016 0.0093 0.8 loss=0.870498
main interval: 0.016 0.0056 0.8 loss=0.871147
main interval: 0.0093 0.016 0.8 loss=0.875678
main interval: 0.0093 0.0056 0.8 loss=0.869340
main interval: 0.0056 0.016 0.8 loss=0.876602
main interval: 0.0056 0.0093 0.8 loss=0.870680
main interval: 0.0056 0.0056 0.8 loss=0.869077
main interval: 0.0093 0.0093 0.7 loss=0.870729
main interval: 0.0093 0.0093 0.9 loss=0.869640
main interval: 0.0093 0.0034 0.8 loss=0.869533
main interval: 0.0056 0.0034 0.8 loss=0.869153
main interval: 0.0034 0.0093 0.8 loss=0.870224
main interval: 0.0034 0.0056 0.8 loss=0.869652
main interval: 0.0034 0.0034 0.8 loss=0.869689
main interval: 0.0056 0.0056 0.7 loss=0.869137
main interval: 0.0056 0.0056 0.9 loss=0.869222
best_muon_lr=[0.0056,0.0056] best_muon_momentum=0.8 interval_loss=0.869077 final_loss=0.869077 evaluated_interval_configs=18 evaluated_configs=18
train_loss run=13 step=17/20 loss=0.8716 head_lr=1072 muon_lr=0.0056 muon_momentum=0.8 muon_nesterov=False muon_grad_momentum_norm_ratio=0.567631
train_loss run=13 step=18/20 loss=0.8701 head_lr=1072 muon_lr=0.0056 muon_momentum=0.8 muon_nesterov=False muon_grad_momentum_norm_ratio=0.525803
train_loss run=13 step=19/20 loss=0.8699 head_lr=1072 muon_lr=0.0056 muon_momentum=0.8 muon_nesterov=False muon_grad_momentum_norm_ratio=0.419223
train_loss run=13 step=20/20 loss=0.8691 head_lr=1072 muon_lr=0.0056 muon_momentum=0.8 muon_nesterov=False muon_grad_momentum_norm_ratio=0.529882
Batch size:          2000
N steps:             4
M cooldown steps:    0
Interval scheduler:  linear
LR connectedness:    jump_allowed
Muon orthogonalize:  True
Momentum config:     search_momentum_fixed_nesterov_false
Search momentum:     True
Muon nesterov:       False
Initial Muon lr:     0.2
Initial Muon lr k:   0
Initial Muon mom:    0.6
Initial Muon mom i:  6
Final start lr:      0.0056
Final start lr k:    7
Final Muon lr:       0.0056
Final Muon lr k:     7
Final end lr:        0.0056
Final end lr k:      7
Final Muon momentum: 0.8
Final Muon nesterov: False
Final Muon mom i:    8
SGD lr mult:         0.8
Initial train loss:  2.313483
Final train loss:    0.869077
Run seconds:         52.402
cifar_baseline2_overfit_n_search run=14 batch_size=2000 train_steps=20 N=4 M=0 interval_scheduler=linear lr_connectedness=continuous_double muon_orthogonalize=True momentum_config=search_momentum_fixed_nesterov_false search_momentum=True muon_nesterov=False initial_muon_lr=0.2 initial_muon_lr_k=0 initial_muon_momentum=0.6 initial_muon_momentum_index=6
train_loss run=14 step=0/20 loss=2.3135 head_lr=1072 muon_lr=0.2 muon_momentum=0.6 muon_nesterov=False muon_grad_momentum_norm_ratio=none
main interval: 0.2 0.2 0.6 loss=1.796351
main interval: 0.33 0.33 0.6 loss=1.874909
main interval: 0.33 0.2 0.6 loss=1.823649
main interval: 0.33 0.12 0.6 loss=1.811354
main interval: 0.2 0.33 0.6 loss=1.864480
main interval: 0.2 0.12 0.6 loss=1.768217
main interval: 0.12 0.33 0.6 loss=1.852523
main interval: 0.12 0.2 0.6 loss=1.796554
main interval: 0.12 0.12 0.6 loss=1.762417
main interval: 0.2 0.2 0.5 loss=1.802044
main interval: 0.2 0.2 0.7 loss=1.798951
main interval: 0.2 0.072 0.6 loss=1.778233
main interval: 0.12 0.072 0.6 loss=1.761919
main interval: 0.072 0.2 0.6 loss=1.832289
main interval: 0.072 0.12 0.6 loss=1.797834
main interval: 0.072 0.072 0.6 loss=1.794567
main interval: 0.12 0.12 0.5 loss=1.759118
main interval: 0.12 0.12 0.7 loss=1.771408
main interval: 0.2 0.12 0.5 loss=1.761221
main interval: 0.2 0.072 0.5 loss=1.766821
main interval: 0.12 0.2 0.5 loss=1.795643
main interval: 0.12 0.072 0.5 loss=1.753339
main interval: 0.072 0.2 0.5 loss=1.828619
main interval: 0.072 0.12 0.5 loss=1.794689
main interval: 0.072 0.072 0.5 loss=1.788684
main interval: 0.12 0.12 0.4 loss=1.758483
main interval: 0.2 0.043 0.5 loss=1.791930
main interval: 0.12 0.043 0.5 loss=1.777799
main interval: 0.072 0.043 0.5 loss=1.817646
main interval: 0.12 0.072 0.4 loss=1.748524
main interval: 0.2 0.12 0.4 loss=1.757120
main interval: 0.2 0.072 0.4 loss=1.756451
main interval: 0.2 0.043 0.4 loss=1.781257
main interval: 0.12 0.043 0.4 loss=1.770521
main interval: 0.072 0.12 0.4 loss=1.794294
main interval: 0.072 0.072 0.4 loss=1.786742
main interval: 0.072 0.043 0.4 loss=1.814084
main interval: 0.12 0.072 0.3 loss=1.746403
main interval: 0.2 0.12 0.3 loss=1.755121
main interval: 0.2 0.072 0.3 loss=1.749534
main interval: 0.2 0.043 0.3 loss=1.772455
main interval: 0.12 0.12 0.3 loss=1.763382
main interval: 0.12 0.043 0.3 loss=1.765490
main interval: 0.072 0.12 0.3 loss=1.798859
main interval: 0.072 0.072 0.3 loss=1.787415
main interval: 0.072 0.043 0.3 loss=1.812650
main interval: 0.12 0.072 0.2 loss=1.748301
best_muon_lr=[0.12,0.072] best_muon_momentum=0.3 interval_loss=1.746403 final_loss=1.746403 evaluated_interval_configs=47 evaluated_configs=47
train_loss run=14 step=1/20 loss=2.2201 head_lr=1072 muon_lr=0.12 muon_momentum=0.3 muon_nesterov=False muon_grad_momentum_norm_ratio=1
train_loss run=14 step=2/20 loss=2.2025 head_lr=1072 muon_lr=0.1 muon_momentum=0.3 muon_nesterov=False muon_grad_momentum_norm_ratio=0.789347
train_loss run=14 step=3/20 loss=1.9534 head_lr=1072 muon_lr=0.088 muon_momentum=0.3 muon_nesterov=False muon_grad_momentum_norm_ratio=0.787824
train_loss run=14 step=4/20 loss=1.7464 head_lr=1072 muon_lr=0.072 muon_momentum=0.3 muon_nesterov=False muon_grad_momentum_norm_ratio=0.752241
main interval: 0.072 0.072 0.3 loss=1.188704
main interval: 0.072 0.12 0.3 loss=1.390187
main interval: 0.072 0.043 0.3 loss=1.061946
main interval: 0.072 0.072 0.2 loss=1.134405
main interval: 0.072 0.072 0.4 loss=1.081304
main interval: 0.072 0.026 0.3 loss=1.049484
main interval: 0.072 0.043 0.2 loss=1.098475
main interval: 0.072 0.043 0.4 loss=1.040414
main interval: 0.072 0.026 0.4 loss=1.021487
main interval: 0.072 0.043 0.5 loss=1.011385
main interval: 0.072 0.072 0.5 loss=1.062935
main interval: 0.072 0.026 0.5 loss=1.019105
main interval: 0.072 0.043 0.6 loss=0.981647
main interval: 0.072 0.072 0.6 loss=1.031194
main interval: 0.072 0.026 0.6 loss=0.991626
main interval: 0.072 0.043 0.7 loss=0.953197
main interval: 0.072 0.072 0.7 loss=1.003846
main interval: 0.072 0.026 0.7 loss=0.974719
main interval: 0.072 0.043 0.8 loss=0.950969
main interval: 0.072 0.072 0.8 loss=0.962722
main interval: 0.072 0.026 0.8 loss=0.940256
main interval: 0.072 0.043 0.9 loss=0.926809
main interval: 0.072 0.072 0.9 loss=0.938202
main interval: 0.072 0.026 0.9 loss=0.919417
main interval: 0.072 0.043 0.95 loss=0.918484
main interval: 0.072 0.072 0.95 loss=0.926158
main interval: 0.072 0.026 0.95 loss=0.917630
main interval: 0.072 0.043 0.99 loss=0.911881
main interval: 0.072 0.072 0.99 loss=0.934812
main interval: 0.072 0.026 0.99 loss=0.914533
best_muon_lr=[0.072,0.043] best_muon_momentum=0.99 interval_loss=0.911881 final_loss=0.911881 evaluated_interval_configs=30 evaluated_configs=30
train_loss run=14 step=5/20 loss=1.3856 head_lr=1072 muon_lr=0.072 muon_momentum=0.99 muon_nesterov=False muon_grad_momentum_norm_ratio=0.144616
train_loss run=14 step=6/20 loss=1.0818 head_lr=1072 muon_lr=0.062 muon_momentum=0.99 muon_nesterov=False muon_grad_momentum_norm_ratio=0.148389
train_loss run=14 step=7/20 loss=0.9427 head_lr=1072 muon_lr=0.053 muon_momentum=0.99 muon_nesterov=False muon_grad_momentum_norm_ratio=0.147138
train_loss run=14 step=8/20 loss=0.9119 head_lr=1072 muon_lr=0.043 muon_momentum=0.99 muon_nesterov=False muon_grad_momentum_norm_ratio=0.106748
main interval: 0.043 0.043 0.99 loss=0.906769
main interval: 0.043 0.072 0.99 loss=0.922602
main interval: 0.043 0.026 0.99 loss=0.883052
main interval: 0.043 0.043 0.95 loss=0.888920
main interval: 0.043 0.016 0.99 loss=0.877773
main interval: 0.043 0.026 0.95 loss=0.881689
main interval: 0.043 0.0093 0.99 loss=0.875783
main interval: 0.043 0.016 0.95 loss=0.877961
main interval: 0.043 0.0056 0.99 loss=0.875541
main interval: 0.043 0.0093 0.95 loss=0.876177
main interval: 0.043 0.0034 0.99 loss=0.876834
main interval: 0.043 0.0056 0.95 loss=0.876314
best_muon_lr=[0.043,0.0056] best_muon_momentum=0.99 interval_loss=0.875541 final_loss=0.875541 evaluated_interval_configs=12 evaluated_configs=12
train_loss run=14 step=9/20 loss=0.8887 head_lr=1072 muon_lr=0.043 muon_momentum=0.99 muon_nesterov=False muon_grad_momentum_norm_ratio=0.132864
train_loss run=14 step=10/20 loss=0.8810 head_lr=1072 muon_lr=0.031 muon_momentum=0.99 muon_nesterov=False muon_grad_momentum_norm_ratio=0.130631
train_loss run=14 step=11/20 loss=0.8768 head_lr=1072 muon_lr=0.018 muon_momentum=0.99 muon_nesterov=False muon_grad_momentum_norm_ratio=0.109958
train_loss run=14 step=12/20 loss=0.8755 head_lr=1072 muon_lr=0.0056 muon_momentum=0.99 muon_nesterov=False muon_grad_momentum_norm_ratio=0.0738714
main interval: 0.0056 0.0056 0.99 loss=0.874261
main interval: 0.0056 0.0093 0.99 loss=0.873645
main interval: 0.0056 0.0034 0.99 loss=0.871282
main interval: 0.0056 0.0056 0.95 loss=0.871980
main interval: 0.0056 0.002 0.99 loss=0.870729
main interval: 0.0056 0.0034 0.95 loss=0.871178
main interval: 0.0056 0.0012 0.99 loss=0.870462
main interval: 0.0056 0.002 0.95 loss=0.870678
main interval: 0.0056 0.00073 0.99 loss=0.870313
main interval: 0.0056 0.0012 0.95 loss=0.870402
main interval: 0.0056 0.00044 0.99 loss=0.870206
main interval: 0.0056 0.00073 0.95 loss=0.870254
main interval: 0.0056 0.00026 0.99 loss=0.870123
main interval: 0.0056 0.00044 0.95 loss=0.870158
main interval: 0.0056 0.00016 0.99 loss=0.870079
main interval: 0.0056 0.00026 0.95 loss=0.870078
main interval: 0.0056 0.00016 0.95 loss=0.870058
main interval: 0.0056 0.00026 0.9 loss=0.870059
main interval: 0.0056 9.4e-05 0.95 loss=0.870020
main interval: 0.0056 0.00016 0.9 loss=0.870025
main interval: 0.0056 5.6e-05 0.95 loss=0.869990
main interval: 0.0056 9.4e-05 0.9 loss=0.869990
main interval: 0.0056 9.4e-05 0.99 loss=0.869964
main interval: 0.0056 5.6e-05 0.99 loss=0.869952
main interval: 0.0056 3.4e-05 0.99 loss=0.869939
main interval: 0.0056 2e-05 0.99 loss=0.869943
main interval: 0.0056 3.4e-05 0.95 loss=0.869949
best_muon_lr=[0.0056,3.4e-05] best_muon_momentum=0.99 interval_loss=0.869939 final_loss=0.869939 evaluated_interval_configs=27 evaluated_configs=27
train_loss run=14 step=13/20 loss=0.8710 head_lr=1072 muon_lr=0.0056 muon_momentum=0.99 muon_nesterov=False muon_grad_momentum_norm_ratio=0.162731
train_loss run=14 step=14/20 loss=0.8700 head_lr=1072 muon_lr=0.0037 muon_momentum=0.99 muon_nesterov=False muon_grad_momentum_norm_ratio=0.0505098
train_loss run=14 step=15/20 loss=0.8700 head_lr=1072 muon_lr=0.0019 muon_momentum=0.99 muon_nesterov=False muon_grad_momentum_norm_ratio=0.0366955
train_loss run=14 step=16/20 loss=0.8699 head_lr=1072 muon_lr=3.4e-05 muon_momentum=0.99 muon_nesterov=False muon_grad_momentum_norm_ratio=0.0542502
main interval: 3.4e-05 3.4e-05 0.99 loss=0.869786
main interval: 3.4e-05 5.6e-05 0.99 loss=0.869725
main interval: 3.4e-05 2e-05 0.99 loss=0.869714
main interval: 3.4e-05 3.4e-05 0.95 loss=0.869700
main interval: 3.4e-05 5.6e-05 0.95 loss=0.869682
main interval: 3.4e-05 2e-05 0.95 loss=0.869694
main interval: 3.4e-05 3.4e-05 0.9 loss=0.869684
main interval: 3.4e-05 9.4e-05 0.95 loss=0.869650
main interval: 3.4e-05 5.6e-05 0.9 loss=0.869669
main interval: 3.4e-05 0.00016 0.95 loss=0.869612
main interval: 3.4e-05 9.4e-05 0.9 loss=0.869647
main interval: 3.4e-05 9.4e-05 0.99 loss=0.869647
main interval: 3.4e-05 0.00026 0.95 loss=0.869566
main interval: 3.4e-05 0.00016 0.9 loss=0.869613
main interval: 3.4e-05 0.00016 0.99 loss=0.869613
main interval: 3.4e-05 0.00044 0.95 loss=0.869497
main interval: 3.4e-05 0.00026 0.9 loss=0.869567
main interval: 3.4e-05 0.00026 0.99 loss=0.869567
main interval: 3.4e-05 0.00073 0.95 loss=0.869424
main interval: 3.4e-05 0.00044 0.9 loss=0.869496
main interval: 3.4e-05 0.00044 0.99 loss=0.869496
main interval: 3.4e-05 0.0012 0.95 loss=0.869404
main interval: 3.4e-05 0.00073 0.9 loss=0.869414
main interval: 3.4e-05 0.00073 0.99 loss=0.869415
main interval: 3.4e-05 0.002 0.95 loss=0.869604
main interval: 3.4e-05 0.0012 0.9 loss=0.869362
main interval: 3.4e-05 0.0012 0.99 loss=0.869364
main interval: 3.4e-05 0.002 0.9 loss=0.869537
main interval: 3.4e-05 0.0012 0.8 loss=0.869343
main interval: 3.4e-05 0.002 0.8 loss=0.869462
main interval: 3.4e-05 0.00073 0.8 loss=0.869394
main interval: 3.4e-05 0.0012 0.7 loss=0.869342
main interval: 3.4e-05 0.002 0.7 loss=0.869358
main interval: 3.4e-05 0.00073 0.7 loss=0.869392
main interval: 3.4e-05 0.0012 0.6 loss=0.869325
main interval: 3.4e-05 0.002 0.6 loss=0.869257
main interval: 3.4e-05 0.00073 0.6 loss=0.869392
main interval: 3.4e-05 0.0012 0.5 loss=0.869305
main interval: 3.4e-05 0.0034 0.6 loss=0.868972
main interval: 3.4e-05 0.002 0.5 loss=0.869150
main interval: 3.4e-05 0.0056 0.6 loss=0.869140
main interval: 3.4e-05 0.0034 0.5 loss=0.868886
main interval: 3.4e-05 0.0034 0.7 loss=0.869007
main interval: 3.4e-05 0.0056 0.5 loss=0.869300
main interval: 3.4e-05 0.0034 0.4 loss=0.868964
best_muon_lr=[3.4e-05,0.0034] best_muon_momentum=0.5 interval_loss=0.868886 final_loss=0.868886 evaluated_interval_configs=45 evaluated_configs=45
train_loss run=14 step=17/20 loss=0.8699 head_lr=1072 muon_lr=3.4e-05 muon_momentum=0.5 muon_nesterov=False muon_grad_momentum_norm_ratio=0.60767
train_loss run=14 step=18/20 loss=0.8695 head_lr=1072 muon_lr=0.0012 muon_momentum=0.5 muon_nesterov=False muon_grad_momentum_norm_ratio=0.692183
train_loss run=14 step=19/20 loss=0.8692 head_lr=1072 muon_lr=0.0023 muon_momentum=0.5 muon_nesterov=False muon_grad_momentum_norm_ratio=0.422382
train_loss run=14 step=20/20 loss=0.8689 head_lr=1072 muon_lr=0.0034 muon_momentum=0.5 muon_nesterov=False muon_grad_momentum_norm_ratio=0.603175
Batch size:          2000
N steps:             4
M cooldown steps:    0
Interval scheduler:  linear
LR connectedness:    continuous_double
Muon orthogonalize:  True
Momentum config:     search_momentum_fixed_nesterov_false
Search momentum:     True
Muon nesterov:       False
Initial Muon lr:     0.2
Initial Muon lr k:   0
Initial Muon mom:    0.6
Initial Muon mom i:  6
Final start lr:      3.4e-05
Final start lr k:    17
Final Muon lr:       0.0034
Final Muon lr k:     8
Final end lr:        0.0034
Final end lr k:      8
Final Muon momentum: 0.5
Final Muon nesterov: False
Final Muon mom i:    5
SGD lr mult:         0.8
Initial train loss:  2.313483
Final train loss:    0.868886
Run seconds:         43.487
cifar_baseline2_overfit_n_search run=15 batch_size=2000 train_steps=20 N=4 M=0 interval_scheduler=linear lr_connectedness=continuous_single muon_orthogonalize=True momentum_config=search_momentum_fixed_nesterov_false search_momentum=True muon_nesterov=False initial_muon_lr=0.2 initial_muon_lr_k=0 initial_muon_momentum=0.6 initial_muon_momentum_index=6
train_loss run=15 step=0/20 loss=2.3135 head_lr=1072 muon_lr=0.2 muon_momentum=0.6 muon_nesterov=False muon_grad_momentum_norm_ratio=none
main interval: 0.2 0.2 0.6 loss=1.796351
main interval: 0.33 0.33 0.6 loss=1.874909
main interval: 0.33 0.2 0.6 loss=1.823649
main interval: 0.33 0.12 0.6 loss=1.811354
main interval: 0.2 0.33 0.6 loss=1.864480
main interval: 0.2 0.12 0.6 loss=1.768217
main interval: 0.12 0.33 0.6 loss=1.852523
main interval: 0.12 0.2 0.6 loss=1.796554
main interval: 0.12 0.12 0.6 loss=1.762417
main interval: 0.2 0.2 0.5 loss=1.802044
main interval: 0.2 0.2 0.7 loss=1.798951
main interval: 0.2 0.072 0.6 loss=1.778233
main interval: 0.12 0.072 0.6 loss=1.761919
main interval: 0.072 0.2 0.6 loss=1.832289
main interval: 0.072 0.12 0.6 loss=1.797834
main interval: 0.072 0.072 0.6 loss=1.794567
main interval: 0.12 0.12 0.5 loss=1.759118
main interval: 0.12 0.12 0.7 loss=1.771408
main interval: 0.2 0.12 0.5 loss=1.761221
main interval: 0.2 0.072 0.5 loss=1.766821
main interval: 0.12 0.2 0.5 loss=1.795643
main interval: 0.12 0.072 0.5 loss=1.753339
main interval: 0.072 0.2 0.5 loss=1.828619
main interval: 0.072 0.12 0.5 loss=1.794689
main interval: 0.072 0.072 0.5 loss=1.788684
main interval: 0.12 0.12 0.4 loss=1.758483
main interval: 0.2 0.043 0.5 loss=1.791930
main interval: 0.12 0.043 0.5 loss=1.777799
main interval: 0.072 0.043 0.5 loss=1.817646
main interval: 0.12 0.072 0.4 loss=1.748524
main interval: 0.2 0.12 0.4 loss=1.757120
main interval: 0.2 0.072 0.4 loss=1.756451
main interval: 0.2 0.043 0.4 loss=1.781257
main interval: 0.12 0.043 0.4 loss=1.770521
main interval: 0.072 0.12 0.4 loss=1.794294
main interval: 0.072 0.072 0.4 loss=1.786742
main interval: 0.072 0.043 0.4 loss=1.814084
main interval: 0.12 0.072 0.3 loss=1.746403
main interval: 0.2 0.12 0.3 loss=1.755121
main interval: 0.2 0.072 0.3 loss=1.749534
main interval: 0.2 0.043 0.3 loss=1.772455
main interval: 0.12 0.12 0.3 loss=1.763382
main interval: 0.12 0.043 0.3 loss=1.765490
main interval: 0.072 0.12 0.3 loss=1.798859
main interval: 0.072 0.072 0.3 loss=1.787415
main interval: 0.072 0.043 0.3 loss=1.812650
main interval: 0.12 0.072 0.2 loss=1.748301
best_muon_lr=[0.12,0.072] best_muon_momentum=0.3 interval_loss=1.746403 final_loss=1.746403 evaluated_interval_configs=47 evaluated_configs=47
train_loss run=15 step=1/20 loss=2.2201 head_lr=1072 muon_lr=0.12 muon_momentum=0.3 muon_nesterov=False muon_grad_momentum_norm_ratio=1
train_loss run=15 step=2/20 loss=2.2025 head_lr=1072 muon_lr=0.1 muon_momentum=0.3 muon_nesterov=False muon_grad_momentum_norm_ratio=0.789347
train_loss run=15 step=3/20 loss=1.9534 head_lr=1072 muon_lr=0.088 muon_momentum=0.3 muon_nesterov=False muon_grad_momentum_norm_ratio=0.787824
train_loss run=15 step=4/20 loss=1.7464 head_lr=1072 muon_lr=0.072 muon_momentum=0.3 muon_nesterov=False muon_grad_momentum_norm_ratio=0.752241
main interval: 0.072 0.072 0.3 loss=1.188704
main interval: 0.072 0.12 0.3 loss=1.358184
main interval: 0.072 0.043 0.3 loss=1.070008
main interval: 0.072 0.072 0.2 loss=1.153867
main interval: 0.072 0.072 0.4 loss=1.103140
main interval: 0.072 0.026 0.3 loss=1.061914
main interval: 0.072 0.043 0.2 loss=1.081212
main interval: 0.072 0.043 0.4 loss=1.038440
main interval: 0.072 0.026 0.4 loss=1.029883
main interval: 0.072 0.043 0.5 loss=1.012248
main interval: 0.072 0.072 0.5 loss=1.069337
main interval: 0.072 0.026 0.5 loss=1.026137
main interval: 0.072 0.043 0.6 loss=0.983416
main interval: 0.072 0.072 0.6 loss=1.037390
main interval: 0.072 0.026 0.6 loss=0.997019
main interval: 0.072 0.043 0.7 loss=0.985464
best_muon_lr=[0.072,0.043] best_muon_momentum=0.6 interval_loss=0.983416 final_loss=0.983416 evaluated_interval_configs=16 evaluated_configs=16
train_loss run=15 step=5/20 loss=1.5032 head_lr=1072 muon_lr=0.065 muon_momentum=0.6 muon_nesterov=False muon_grad_momentum_norm_ratio=0.523156
train_loss run=15 step=6/20 loss=1.2599 head_lr=1072 muon_lr=0.057 muon_momentum=0.6 muon_nesterov=False muon_grad_momentum_norm_ratio=0.68218
train_loss run=15 step=7/20 loss=1.0999 head_lr=1072 muon_lr=0.05 muon_momentum=0.6 muon_nesterov=False muon_grad_momentum_norm_ratio=0.667791
train_loss run=15 step=8/20 loss=0.9834 head_lr=1072 muon_lr=0.043 muon_momentum=0.6 muon_nesterov=False muon_grad_momentum_norm_ratio=0.594514
main interval: 0.043 0.043 0.6 loss=0.930976
main interval: 0.043 0.072 0.6 loss=0.973274
main interval: 0.043 0.026 0.6 loss=0.888598
main interval: 0.043 0.043 0.5 loss=0.926442
main interval: 0.043 0.043 0.7 loss=0.905738
main interval: 0.043 0.016 0.6 loss=0.883186
main interval: 0.043 0.026 0.5 loss=0.890014
main interval: 0.043 0.026 0.7 loss=0.888928
main interval: 0.043 0.0093 0.6 loss=0.884656
main interval: 0.043 0.016 0.5 loss=0.882614
main interval: 0.043 0.016 0.7 loss=0.885381
main interval: 0.043 0.0093 0.5 loss=0.882478
main interval: 0.043 0.016 0.4 loss=0.886909
main interval: 0.043 0.0056 0.5 loss=0.887436
main interval: 0.043 0.0093 0.4 loss=0.884548
best_muon_lr=[0.043,0.0093] best_muon_momentum=0.5 interval_loss=0.882478 final_loss=0.882478 evaluated_interval_configs=15 evaluated_configs=15
train_loss run=15 step=9/20 loss=0.9529 head_lr=1072 muon_lr=0.035 muon_momentum=0.5 muon_nesterov=False muon_grad_momentum_norm_ratio=0.770391
train_loss run=15 step=10/20 loss=0.9053 head_lr=1072 muon_lr=0.026 muon_momentum=0.5 muon_nesterov=False muon_grad_momentum_norm_ratio=0.711548
train_loss run=15 step=11/20 loss=0.8927 head_lr=1072 muon_lr=0.018 muon_momentum=0.5 muon_nesterov=False muon_grad_momentum_norm_ratio=0.54299
train_loss run=15 step=12/20 loss=0.8825 head_lr=1072 muon_lr=0.0093 muon_momentum=0.5 muon_nesterov=False muon_grad_momentum_norm_ratio=0.621556
main interval: 0.0093 0.0093 0.5 loss=0.874784
main interval: 0.0093 0.016 0.5 loss=0.883629
main interval: 0.0093 0.0056 0.5 loss=0.873340
main interval: 0.0093 0.0093 0.4 loss=0.875722
main interval: 0.0093 0.0093 0.6 loss=0.874094
main interval: 0.0093 0.0034 0.5 loss=0.873074
main interval: 0.0093 0.0056 0.4 loss=0.873733
main interval: 0.0093 0.0056 0.6 loss=0.872323
main interval: 0.0093 0.0034 0.6 loss=0.872963
main interval: 0.0093 0.0056 0.7 loss=0.872163
main interval: 0.0093 0.0093 0.7 loss=0.872879
main interval: 0.0093 0.0034 0.7 loss=0.872949
main interval: 0.0093 0.0056 0.8 loss=0.871678
main interval: 0.0093 0.0093 0.8 loss=0.871385
main interval: 0.0093 0.0034 0.8 loss=0.872697
main interval: 0.0093 0.0056 0.9 loss=0.871732
main interval: 0.0093 0.016 0.8 loss=0.875161
main interval: 0.0093 0.0093 0.9 loss=0.871217
main interval: 0.0093 0.016 0.9 loss=0.872079
main interval: 0.0093 0.0093 0.95 loss=0.871167
main interval: 0.0093 0.016 0.95 loss=0.871864
main interval: 0.0093 0.0056 0.95 loss=0.871377
main interval: 0.0093 0.0093 0.99 loss=0.871356
best_muon_lr=[0.0093,0.0093] best_muon_momentum=0.95 interval_loss=0.871167 final_loss=0.871167 evaluated_interval_configs=23 evaluated_configs=23
train_loss run=15 step=13/20 loss=0.8783 head_lr=1072 muon_lr=0.0093 muon_momentum=0.95 muon_nesterov=False muon_grad_momentum_norm_ratio=0.380893
train_loss run=15 step=14/20 loss=0.8744 head_lr=1072 muon_lr=0.0093 muon_momentum=0.95 muon_nesterov=False muon_grad_momentum_norm_ratio=0.36399
train_loss run=15 step=15/20 loss=0.8717 head_lr=1072 muon_lr=0.0093 muon_momentum=0.95 muon_nesterov=False muon_grad_momentum_norm_ratio=0.31834
train_loss run=15 step=16/20 loss=0.8712 head_lr=1072 muon_lr=0.0093 muon_momentum=0.95 muon_nesterov=False muon_grad_momentum_norm_ratio=0.22069
main interval: 0.0093 0.0093 0.95 loss=0.869986
main interval: 0.0093 0.016 0.95 loss=0.870264
main interval: 0.0093 0.0056 0.95 loss=0.868567
main interval: 0.0093 0.0093 0.9 loss=0.868357
main interval: 0.0093 0.0093 0.99 loss=0.868294
main interval: 0.0093 0.016 0.99 loss=0.869598
main interval: 0.0093 0.0056 0.99 loss=0.868113
main interval: 0.0093 0.0034 0.99 loss=0.868601
best_muon_lr=[0.0093,0.0056] best_muon_momentum=0.99 interval_loss=0.868113 final_loss=0.868113 evaluated_interval_configs=8 evaluated_configs=8
train_loss run=15 step=17/20 loss=0.8700 head_lr=1072 muon_lr=0.0084 muon_momentum=0.99 muon_nesterov=False muon_grad_momentum_norm_ratio=0.370059
train_loss run=15 step=18/20 loss=0.8700 head_lr=1072 muon_lr=0.0075 muon_momentum=0.99 muon_nesterov=False muon_grad_momentum_norm_ratio=0.295665
train_loss run=15 step=19/20 loss=0.8682 head_lr=1072 muon_lr=0.0065 muon_momentum=0.99 muon_nesterov=False muon_grad_momentum_norm_ratio=0.388548
train_loss run=15 step=20/20 loss=0.8681 head_lr=1072 muon_lr=0.0056 muon_momentum=0.99 muon_nesterov=False muon_grad_momentum_norm_ratio=0.198858
Batch size:          2000
N steps:             4
M cooldown steps:    0
Interval scheduler:  linear
LR connectedness:    continuous_single
Muon orthogonalize:  True
Momentum config:     search_momentum_fixed_nesterov_false
Search momentum:     True
Muon nesterov:       False
Initial Muon lr:     0.2
Initial Muon lr k:   0
Initial Muon mom:    0.6
Initial Muon mom i:  6
Final start lr:      0.0093
Final start lr k:    6
Final Muon lr:       0.0056
Final Muon lr k:     7
Final end lr:        0.0056
Final end lr k:      7
Final Muon momentum: 0.99
Final Muon nesterov: False
Final Muon mom i:    11
SGD lr mult:         0.8
Initial train loss:  2.313483
Final train loss:    0.868113
Run seconds:         29.434
cifar_baseline2_overfit_n_search run=16 batch_size=2000 train_steps=20 N=5 M=0 interval_scheduler=constant lr_connectedness=jump_allowed muon_orthogonalize=True momentum_config=search_momentum_fixed_nesterov_false search_momentum=True muon_nesterov=False initial_muon_lr=0.2 initial_muon_lr_k=0 initial_muon_momentum=0.6 initial_muon_momentum_index=6
train_loss run=16 step=0/20 loss=2.3135 head_lr=1072 muon_lr=0.2 muon_momentum=0.6 muon_nesterov=False muon_grad_momentum_norm_ratio=none
main interval: 0.2 0.2 0.6 loss=1.729985
main interval: 0.33 0.33 0.6 loss=1.906229
main interval: 0.12 0.12 0.6 loss=1.580787
main interval: 0.2 0.2 0.5 loss=1.742059
main interval: 0.2 0.2 0.7 loss=1.708807
main interval: 0.072 0.072 0.6 loss=1.596610
main interval: 0.12 0.12 0.5 loss=1.590260
main interval: 0.12 0.12 0.7 loss=1.576867
main interval: 0.072 0.072 0.7 loss=1.596732
main interval: 0.12 0.12 0.8 loss=1.576481
main interval: 0.2 0.2 0.8 loss=1.688884
main interval: 0.072 0.072 0.8 loss=1.606901
main interval: 0.12 0.12 0.9 loss=1.582410
best_muon_lr=[0.12,0.12] best_muon_momentum=0.8 interval_loss=1.576481 final_loss=1.576481 evaluated_interval_configs=13 evaluated_configs=13
train_loss run=16 step=1/20 loss=2.2201 head_lr=1072 muon_lr=0.12 muon_momentum=0.8 muon_nesterov=False muon_grad_momentum_norm_ratio=1
train_loss run=16 step=2/20 loss=2.2079 head_lr=1072 muon_lr=0.12 muon_momentum=0.8 muon_nesterov=False muon_grad_momentum_norm_ratio=0.58423
train_loss run=16 step=3/20 loss=1.9673 head_lr=1072 muon_lr=0.12 muon_momentum=0.8 muon_nesterov=False muon_grad_momentum_norm_ratio=0.537412
train_loss run=16 step=4/20 loss=1.7791 head_lr=1072 muon_lr=0.12 muon_momentum=0.8 muon_nesterov=False muon_grad_momentum_norm_ratio=0.421365
train_loss run=16 step=5/20 loss=1.5765 head_lr=1072 muon_lr=0.12 muon_momentum=0.8 muon_nesterov=False muon_grad_momentum_norm_ratio=0.46949
main interval: 0.12 0.12 0.8 loss=1.076509
main interval: 0.2 0.2 0.8 loss=1.025658
main interval: 0.072 0.072 0.8 loss=0.934792
main interval: 0.12 0.12 0.7 loss=0.991331
main interval: 0.12 0.12 0.9 loss=0.928519
main interval: 0.2 0.2 0.9 loss=0.956919
main interval: 0.072 0.072 0.9 loss=0.911148
main interval: 0.12 0.12 0.95 loss=0.909932
main interval: 0.2 0.2 0.95 loss=0.938443
main interval: 0.072 0.072 0.95 loss=0.911412
main interval: 0.12 0.12 0.99 loss=0.898606
main interval: 0.2 0.2 0.99 loss=0.912333
main interval: 0.072 0.072 0.99 loss=0.908440
best_muon_lr=[0.12,0.12] best_muon_momentum=0.99 interval_loss=0.898606 final_loss=0.898606 evaluated_interval_configs=13 evaluated_configs=13
train_loss run=16 step=6/20 loss=1.2142 head_lr=1072 muon_lr=0.12 muon_momentum=0.99 muon_nesterov=False muon_grad_momentum_norm_ratio=0.247444
train_loss run=16 step=7/20 loss=0.9909 head_lr=1072 muon_lr=0.12 muon_momentum=0.99 muon_nesterov=False muon_grad_momentum_norm_ratio=0.245339
train_loss run=16 step=8/20 loss=0.9045 head_lr=1072 muon_lr=0.12 muon_momentum=0.99 muon_nesterov=False muon_grad_momentum_norm_ratio=0.233342
train_loss run=16 step=9/20 loss=0.8999 head_lr=1072 muon_lr=0.12 muon_momentum=0.99 muon_nesterov=False muon_grad_momentum_norm_ratio=0.120342
train_loss run=16 step=10/20 loss=0.8986 head_lr=1072 muon_lr=0.12 muon_momentum=0.99 muon_nesterov=False muon_grad_momentum_norm_ratio=0.0807905
main interval: 0.12 0.12 0.99 loss=0.907483
main interval: 0.2 0.2 0.99 loss=0.925914
main interval: 0.072 0.072 0.99 loss=0.880218
main interval: 0.12 0.12 0.95 loss=0.873554
main interval: 0.2 0.2 0.95 loss=0.893006
main interval: 0.072 0.072 0.95 loss=0.873272
main interval: 0.12 0.12 0.9 loss=0.873010
main interval: 0.2 0.2 0.9 loss=0.945916
main interval: 0.072 0.072 0.9 loss=0.879051
main interval: 0.12 0.12 0.8 loss=0.906053
best_muon_lr=[0.12,0.12] best_muon_momentum=0.9 interval_loss=0.873010 final_loss=0.873010 evaluated_interval_configs=10 evaluated_configs=10
train_loss run=16 step=11/20 loss=0.8875 head_lr=1072 muon_lr=0.12 muon_momentum=0.9 muon_nesterov=False muon_grad_momentum_norm_ratio=0.199683
train_loss run=16 step=12/20 loss=0.8747 head_lr=1072 muon_lr=0.12 muon_momentum=0.9 muon_nesterov=False muon_grad_momentum_norm_ratio=0.160697
train_loss run=16 step=13/20 loss=0.8789 head_lr=1072 muon_lr=0.12 muon_momentum=0.9 muon_nesterov=False muon_grad_momentum_norm_ratio=0.117172
train_loss run=16 step=14/20 loss=0.8731 head_lr=1072 muon_lr=0.12 muon_momentum=0.9 muon_nesterov=False muon_grad_momentum_norm_ratio=0.167802
train_loss run=16 step=15/20 loss=0.8730 head_lr=1072 muon_lr=0.12 muon_momentum=0.9 muon_nesterov=False muon_grad_momentum_norm_ratio=0.0944438
main interval: 0.12 0.12 0.9 loss=0.923249
main interval: 0.2 0.2 0.9 loss=0.956457
main interval: 0.072 0.072 0.9 loss=0.873422
main interval: 0.12 0.12 0.8 loss=0.908418
main interval: 0.12 0.12 0.95 loss=0.892814
main interval: 0.043 0.043 0.9 loss=0.870447
main interval: 0.072 0.072 0.8 loss=0.883065
main interval: 0.072 0.072 0.95 loss=0.877842
main interval: 0.026 0.026 0.9 loss=0.869219
main interval: 0.043 0.043 0.8 loss=0.873952
main interval: 0.043 0.043 0.95 loss=0.872599
main interval: 0.016 0.016 0.9 loss=0.868657
main interval: 0.026 0.026 0.8 loss=0.871157
main interval: 0.026 0.026 0.95 loss=0.869855
main interval: 0.0093 0.0093 0.9 loss=0.868031
main interval: 0.016 0.016 0.8 loss=0.868946
main interval: 0.016 0.016 0.95 loss=0.868532
main interval: 0.0056 0.0056 0.9 loss=0.868381
main interval: 0.0093 0.0093 0.8 loss=0.867575
main interval: 0.0093 0.0093 0.95 loss=0.868039
main interval: 0.0056 0.0056 0.8 loss=0.868189
main interval: 0.0093 0.0093 0.7 loss=0.867894
best_muon_lr=[0.0093,0.0093] best_muon_momentum=0.8 interval_loss=0.867575 final_loss=0.867575 evaluated_interval_configs=22 evaluated_configs=22
train_loss run=16 step=16/20 loss=0.8692 head_lr=1072 muon_lr=0.0093 muon_momentum=0.8 muon_nesterov=False muon_grad_momentum_norm_ratio=0.497767
train_loss run=16 step=17/20 loss=0.8683 head_lr=1072 muon_lr=0.0093 muon_momentum=0.8 muon_nesterov=False muon_grad_momentum_norm_ratio=0.313789
train_loss run=16 step=18/20 loss=0.8695 head_lr=1072 muon_lr=0.0093 muon_momentum=0.8 muon_nesterov=False muon_grad_momentum_norm_ratio=0.219093
train_loss run=16 step=19/20 loss=0.8681 head_lr=1072 muon_lr=0.0093 muon_momentum=0.8 muon_nesterov=False muon_grad_momentum_norm_ratio=0.464497
train_loss run=16 step=20/20 loss=0.8676 head_lr=1072 muon_lr=0.0093 muon_momentum=0.8 muon_nesterov=False muon_grad_momentum_norm_ratio=0.378908
Batch size:          2000
N steps:             5
M cooldown steps:    0
Interval scheduler:  constant
LR connectedness:    jump_allowed
Muon orthogonalize:  True
Momentum config:     search_momentum_fixed_nesterov_false
Search momentum:     True
Muon nesterov:       False
Initial Muon lr:     0.2
Initial Muon lr k:   0
Initial Muon mom:    0.6
Initial Muon mom i:  6
Final start lr:      0.0093
Final start lr k:    6
Final Muon lr:       0.0093
Final Muon lr k:     6
Final end lr:        0.0093
Final end lr k:      6
Final Muon momentum: 0.8
Final Muon nesterov: False
Final Muon mom i:    8
SGD lr mult:         0.8
Initial train loss:  2.313483
Final train loss:    0.867575
Run seconds:         19.476
cifar_baseline2_overfit_n_search run=17 batch_size=2000 train_steps=20 N=5 M=0 interval_scheduler=linear lr_connectedness=jump_allowed muon_orthogonalize=True momentum_config=search_momentum_fixed_nesterov_false search_momentum=True muon_nesterov=False initial_muon_lr=0.2 initial_muon_lr_k=0 initial_muon_momentum=0.6 initial_muon_momentum_index=6
train_loss run=17 step=0/20 loss=2.3135 head_lr=1072 muon_lr=0.2 muon_momentum=0.6 muon_nesterov=False muon_grad_momentum_norm_ratio=none
main interval: 0.2 0.2 0.6 loss=1.729985
main interval: 0.33 0.33 0.6 loss=1.906229
main interval: 0.33 0.2 0.6 loss=1.756766
main interval: 0.33 0.12 0.6 loss=1.662744
main interval: 0.2 0.33 0.6 loss=1.897514
main interval: 0.2 0.12 0.6 loss=1.599545
main interval: 0.12 0.33 0.6 loss=1.885908
main interval: 0.12 0.2 0.6 loss=1.698757
main interval: 0.12 0.12 0.6 loss=1.580787
main interval: 0.2 0.2 0.5 loss=1.742059
main interval: 0.2 0.2 0.7 loss=1.708807
main interval: 0.2 0.072 0.6 loss=1.567683
main interval: 0.12 0.072 0.6 loss=1.543160
main interval: 0.072 0.2 0.6 loss=1.714554
main interval: 0.072 0.12 0.6 loss=1.623783
main interval: 0.072 0.072 0.6 loss=1.596610
main interval: 0.12 0.12 0.5 loss=1.590260
main interval: 0.12 0.12 0.7 loss=1.576867
main interval: 0.2 0.043 0.6 loss=1.595868
main interval: 0.12 0.043 0.6 loss=1.572257
main interval: 0.072 0.043 0.6 loss=1.620325
main interval: 0.12 0.072 0.5 loss=1.539313
main interval: 0.12 0.072 0.7 loss=1.553202
main interval: 0.2 0.12 0.5 loss=1.606061
main interval: 0.2 0.072 0.5 loss=1.557535
main interval: 0.2 0.043 0.5 loss=1.578756
main interval: 0.12 0.043 0.5 loss=1.560020
main interval: 0.072 0.12 0.5 loss=1.634544
main interval: 0.072 0.072 0.5 loss=1.598504
main interval: 0.072 0.043 0.5 loss=1.614375
main interval: 0.12 0.072 0.4 loss=1.543581
best_muon_lr=[0.12,0.072] best_muon_momentum=0.5 interval_loss=1.539313 final_loss=1.539313 evaluated_interval_configs=31 evaluated_configs=31
train_loss run=17 step=1/20 loss=2.2201 head_lr=1072 muon_lr=0.12 muon_momentum=0.5 muon_nesterov=False muon_grad_momentum_norm_ratio=1
train_loss run=17 step=2/20 loss=2.2043 head_lr=1072 muon_lr=0.11 muon_momentum=0.5 muon_nesterov=False muon_grad_momentum_norm_ratio=0.692145
train_loss run=17 step=3/20 loss=1.9563 head_lr=1072 muon_lr=0.096 muon_momentum=0.5 muon_nesterov=False muon_grad_momentum_norm_ratio=0.678034
train_loss run=17 step=4/20 loss=1.7502 head_lr=1072 muon_lr=0.084 muon_momentum=0.5 muon_nesterov=False muon_grad_momentum_norm_ratio=0.609341
train_loss run=17 step=5/20 loss=1.5393 head_lr=1072 muon_lr=0.072 muon_momentum=0.5 muon_nesterov=False muon_grad_momentum_norm_ratio=0.655275
main interval: 0.072 0.072 0.5 loss=1.016428
main interval: 0.12 0.12 0.5 loss=1.067613
main interval: 0.12 0.072 0.5 loss=0.964818
main interval: 0.12 0.043 0.5 loss=0.933352
main interval: 0.072 0.12 0.5 loss=1.072878
main interval: 0.072 0.043 0.5 loss=0.925075
main interval: 0.043 0.12 0.5 loss=1.141519
main interval: 0.043 0.072 0.5 loss=0.993018
main interval: 0.043 0.043 0.5 loss=0.946350
main interval: 0.072 0.072 0.4 loss=0.988443
main interval: 0.072 0.072 0.6 loss=0.973692
main interval: 0.12 0.026 0.5 loss=0.918894
main interval: 0.072 0.026 0.5 loss=0.916028
main interval: 0.043 0.026 0.5 loss=0.924242
main interval: 0.072 0.043 0.4 loss=0.948579
main interval: 0.072 0.043 0.6 loss=0.930278
main interval: 0.12 0.016 0.5 loss=0.920900
main interval: 0.072 0.016 0.5 loss=0.917956
main interval: 0.043 0.016 0.5 loss=0.930872
main interval: 0.072 0.026 0.4 loss=0.921709
main interval: 0.072 0.026 0.6 loss=0.909301
main interval: 0.12 0.043 0.6 loss=0.931886
main interval: 0.12 0.026 0.6 loss=0.919504
main interval: 0.12 0.016 0.6 loss=0.918605
main interval: 0.072 0.016 0.6 loss=0.911985
main interval: 0.043 0.043 0.6 loss=0.935563
main interval: 0.043 0.026 0.6 loss=0.918079
main interval: 0.043 0.016 0.6 loss=0.913957
main interval: 0.072 0.026 0.7 loss=0.915611
best_muon_lr=[0.072,0.026] best_muon_momentum=0.6 interval_loss=0.909301 final_loss=0.909301 evaluated_interval_configs=29 evaluated_configs=29
train_loss run=17 step=6/20 loss=1.4020 head_lr=1072 muon_lr=0.072 muon_momentum=0.6 muon_nesterov=False muon_grad_momentum_norm_ratio=0.672422
train_loss run=17 step=7/20 loss=1.1778 head_lr=1072 muon_lr=0.06 muon_momentum=0.6 muon_nesterov=False muon_grad_momentum_norm_ratio=0.712577
train_loss run=17 step=8/20 loss=1.0253 head_lr=1072 muon_lr=0.049 muon_momentum=0.6 muon_nesterov=False muon_grad_momentum_norm_ratio=0.624597
train_loss run=17 step=9/20 loss=0.9349 head_lr=1072 muon_lr=0.037 muon_momentum=0.6 muon_nesterov=False muon_grad_momentum_norm_ratio=0.551578
train_loss run=17 step=10/20 loss=0.9093 head_lr=1072 muon_lr=0.026 muon_momentum=0.6 muon_nesterov=False muon_grad_momentum_norm_ratio=0.488598
main interval: 0.026 0.026 0.6 loss=0.893268
main interval: 0.043 0.043 0.6 loss=0.916345
main interval: 0.043 0.026 0.6 loss=0.887534
main interval: 0.043 0.016 0.6 loss=0.880767
main interval: 0.026 0.043 0.6 loss=0.909766
main interval: 0.026 0.016 0.6 loss=0.880195
main interval: 0.016 0.043 0.6 loss=0.907080
main interval: 0.016 0.026 0.6 loss=0.890599
main interval: 0.016 0.016 0.6 loss=0.878495
main interval: 0.026 0.026 0.5 loss=0.890950
main interval: 0.026 0.026 0.7 loss=0.899431
main interval: 0.026 0.0093 0.6 loss=0.876962
main interval: 0.016 0.0093 0.6 loss=0.875227
main interval: 0.0093 0.026 0.6 loss=0.900207
main interval: 0.0093 0.016 0.6 loss=0.882342
main interval: 0.0093 0.0093 0.6 loss=0.876331
main interval: 0.016 0.016 0.5 loss=0.879706
main interval: 0.016 0.016 0.7 loss=0.876364
main interval: 0.026 0.0056 0.6 loss=0.875526
main interval: 0.016 0.0056 0.6 loss=0.875510
main interval: 0.0093 0.0056 0.6 loss=0.876902
main interval: 0.016 0.0093 0.5 loss=0.875373
main interval: 0.016 0.0093 0.7 loss=0.875523
best_muon_lr=[0.016,0.0093] best_muon_momentum=0.6 interval_loss=0.875227 final_loss=0.875227 evaluated_interval_configs=23 evaluated_configs=23
train_loss run=17 step=11/20 loss=0.9021 head_lr=1072 muon_lr=0.016 muon_momentum=0.6 muon_nesterov=False muon_grad_momentum_norm_ratio=0.713238
train_loss run=17 step=12/20 loss=0.8870 head_lr=1072 muon_lr=0.014 muon_momentum=0.6 muon_nesterov=False muon_grad_momentum_norm_ratio=0.671311
train_loss run=17 step=13/20 loss=0.8830 head_lr=1072 muon_lr=0.013 muon_momentum=0.6 muon_nesterov=False muon_grad_momentum_norm_ratio=0.510072
train_loss run=17 step=14/20 loss=0.8781 head_lr=1072 muon_lr=0.011 muon_momentum=0.6 muon_nesterov=False muon_grad_momentum_norm_ratio=0.632879
train_loss run=17 step=15/20 loss=0.8752 head_lr=1072 muon_lr=0.0093 muon_momentum=0.6 muon_nesterov=False muon_grad_momentum_norm_ratio=0.554181
main interval: 0.0093 0.0093 0.6 loss=0.871845
main interval: 0.016 0.016 0.6 loss=0.884134
main interval: 0.016 0.0093 0.6 loss=0.873093
main interval: 0.016 0.0056 0.6 loss=0.870512
main interval: 0.0093 0.016 0.6 loss=0.878518
main interval: 0.0093 0.0056 0.6 loss=0.870428
main interval: 0.0056 0.016 0.6 loss=0.879959
main interval: 0.0056 0.0093 0.6 loss=0.871306
main interval: 0.0056 0.0056 0.6 loss=0.870146
main interval: 0.0093 0.0093 0.5 loss=0.873159
main interval: 0.0093 0.0093 0.7 loss=0.870693
main interval: 0.0093 0.0034 0.6 loss=0.869392
main interval: 0.0056 0.0034 0.6 loss=0.869892
main interval: 0.0034 0.0093 0.6 loss=0.873405
main interval: 0.0034 0.0056 0.6 loss=0.870140
main interval: 0.0034 0.0034 0.6 loss=0.870440
main interval: 0.0056 0.0056 0.5 loss=0.871053
main interval: 0.0056 0.0056 0.7 loss=0.869751
main interval: 0.016 0.0034 0.6 loss=0.869771
main interval: 0.016 0.002 0.6 loss=0.870229
main interval: 0.0093 0.002 0.6 loss=0.869784
main interval: 0.0056 0.002 0.6 loss=0.870238
main interval: 0.0093 0.0034 0.5 loss=0.869835
main interval: 0.0093 0.0034 0.7 loss=0.869536
best_muon_lr=[0.0093,0.0034] best_muon_momentum=0.6 interval_loss=0.869392 final_loss=0.869392 evaluated_interval_configs=24 evaluated_configs=24
train_loss run=17 step=16/20 loss=0.8749 head_lr=1072 muon_lr=0.0093 muon_momentum=0.6 muon_nesterov=False muon_grad_momentum_norm_ratio=0.692277
train_loss run=17 step=17/20 loss=0.8724 head_lr=1072 muon_lr=0.0078 muon_momentum=0.6 muon_nesterov=False muon_grad_momentum_norm_ratio=0.666675
train_loss run=17 step=18/20 loss=0.8712 head_lr=1072 muon_lr=0.0063 muon_momentum=0.6 muon_nesterov=False muon_grad_momentum_norm_ratio=0.655301
train_loss run=17 step=19/20 loss=0.8701 head_lr=1072 muon_lr=0.0049 muon_momentum=0.6 muon_nesterov=False muon_grad_momentum_norm_ratio=0.637192
train_loss run=17 step=20/20 loss=0.8694 head_lr=1072 muon_lr=0.0034 muon_momentum=0.6 muon_nesterov=False muon_grad_momentum_norm_ratio=0.616348
Batch size:          2000
N steps:             5
M cooldown steps:    0
Interval scheduler:  linear
LR connectedness:    jump_allowed
Muon orthogonalize:  True
Momentum config:     search_momentum_fixed_nesterov_false
Search momentum:     True
Muon nesterov:       False
Initial Muon lr:     0.2
Initial Muon lr k:   0
Initial Muon mom:    0.6
Initial Muon mom i:  6
Final start lr:      0.0093
Final start lr k:    6
Final Muon lr:       0.0034
Final Muon lr k:     8
Final end lr:        0.0034
Final end lr k:      8
Final Muon momentum: 0.6
Final Muon nesterov: False
Final Muon mom i:    6
SGD lr mult:         0.8
Initial train loss:  2.313483
Final train loss:    0.869392
Run seconds:         35.775
cifar_baseline2_overfit_n_search run=18 batch_size=2000 train_steps=20 N=5 M=0 interval_scheduler=linear lr_connectedness=continuous_double muon_orthogonalize=True momentum_config=search_momentum_fixed_nesterov_false search_momentum=True muon_nesterov=False initial_muon_lr=0.2 initial_muon_lr_k=0 initial_muon_momentum=0.6 initial_muon_momentum_index=6
train_loss run=18 step=0/20 loss=2.3135 head_lr=1072 muon_lr=0.2 muon_momentum=0.6 muon_nesterov=False muon_grad_momentum_norm_ratio=none
main interval: 0.2 0.2 0.6 loss=1.729985
main interval: 0.33 0.33 0.6 loss=1.906229
main interval: 0.33 0.2 0.6 loss=1.756766
main interval: 0.33 0.12 0.6 loss=1.662744
main interval: 0.2 0.33 0.6 loss=1.897514
main interval: 0.2 0.12 0.6 loss=1.599545
main interval: 0.12 0.33 0.6 loss=1.885908
main interval: 0.12 0.2 0.6 loss=1.698757
main interval: 0.12 0.12 0.6 loss=1.580787
main interval: 0.2 0.2 0.5 loss=1.742059
main interval: 0.2 0.2 0.7 loss=1.708807
main interval: 0.2 0.072 0.6 loss=1.567683
main interval: 0.12 0.072 0.6 loss=1.543160
main interval: 0.072 0.2 0.6 loss=1.714554
main interval: 0.072 0.12 0.6 loss=1.623783
main interval: 0.072 0.072 0.6 loss=1.596610
main interval: 0.12 0.12 0.5 loss=1.590260
main interval: 0.12 0.12 0.7 loss=1.576867
main interval: 0.2 0.043 0.6 loss=1.595868
main interval: 0.12 0.043 0.6 loss=1.572257
main interval: 0.072 0.043 0.6 loss=1.620325
main interval: 0.12 0.072 0.5 loss=1.539313
main interval: 0.12 0.072 0.7 loss=1.553202
main interval: 0.2 0.12 0.5 loss=1.606061
main interval: 0.2 0.072 0.5 loss=1.557535
main interval: 0.2 0.043 0.5 loss=1.578756
main interval: 0.12 0.043 0.5 loss=1.560020
main interval: 0.072 0.12 0.5 loss=1.634544
main interval: 0.072 0.072 0.5 loss=1.598504
main interval: 0.072 0.043 0.5 loss=1.614375
main interval: 0.12 0.072 0.4 loss=1.543581
best_muon_lr=[0.12,0.072] best_muon_momentum=0.5 interval_loss=1.539313 final_loss=1.539313 evaluated_interval_configs=31 evaluated_configs=31
train_loss run=18 step=1/20 loss=2.2201 head_lr=1072 muon_lr=0.12 muon_momentum=0.5 muon_nesterov=False muon_grad_momentum_norm_ratio=1
train_loss run=18 step=2/20 loss=2.2043 head_lr=1072 muon_lr=0.11 muon_momentum=0.5 muon_nesterov=False muon_grad_momentum_norm_ratio=0.692145
train_loss run=18 step=3/20 loss=1.9563 head_lr=1072 muon_lr=0.096 muon_momentum=0.5 muon_nesterov=False muon_grad_momentum_norm_ratio=0.678034
train_loss run=18 step=4/20 loss=1.7502 head_lr=1072 muon_lr=0.084 muon_momentum=0.5 muon_nesterov=False muon_grad_momentum_norm_ratio=0.609341
train_loss run=18 step=5/20 loss=1.5393 head_lr=1072 muon_lr=0.072 muon_momentum=0.5 muon_nesterov=False muon_grad_momentum_norm_ratio=0.655275
main interval: 0.072 0.072 0.5 loss=1.016428
main interval: 0.072 0.12 0.5 loss=1.104519
main interval: 0.072 0.043 0.5 loss=0.940878
main interval: 0.072 0.072 0.4 loss=1.005681
main interval: 0.072 0.072 0.6 loss=0.976038
main interval: 0.072 0.026 0.5 loss=0.914278
main interval: 0.072 0.043 0.4 loss=0.944451
main interval: 0.072 0.043 0.6 loss=0.938262
main interval: 0.072 0.016 0.5 loss=0.911819
main interval: 0.072 0.026 0.4 loss=0.917912
main interval: 0.072 0.026 0.6 loss=0.917849
main interval: 0.072 0.0093 0.5 loss=0.917424
main interval: 0.072 0.016 0.4 loss=0.918640
main interval: 0.072 0.016 0.6 loss=0.912638
best_muon_lr=[0.072,0.016] best_muon_momentum=0.5 interval_loss=0.911819 final_loss=0.911819 evaluated_interval_configs=14 evaluated_configs=14
train_loss run=18 step=6/20 loss=1.3831 head_lr=1072 muon_lr=0.072 muon_momentum=0.5 muon_nesterov=False muon_grad_momentum_norm_ratio=0.666045
train_loss run=18 step=7/20 loss=1.1561 head_lr=1072 muon_lr=0.058 muon_momentum=0.5 muon_nesterov=False muon_grad_momentum_norm_ratio=0.743629
train_loss run=18 step=8/20 loss=1.0175 head_lr=1072 muon_lr=0.044 muon_momentum=0.5 muon_nesterov=False muon_grad_momentum_norm_ratio=0.628115
train_loss run=18 step=9/20 loss=0.9403 head_lr=1072 muon_lr=0.03 muon_momentum=0.5 muon_nesterov=False muon_grad_momentum_norm_ratio=0.633371
train_loss run=18 step=10/20 loss=0.9118 head_lr=1072 muon_lr=0.016 muon_momentum=0.5 muon_nesterov=False muon_grad_momentum_norm_ratio=0.548801
main interval: 0.016 0.016 0.5 loss=0.886122
main interval: 0.016 0.026 0.5 loss=0.896019
main interval: 0.016 0.0093 0.5 loss=0.877312
main interval: 0.016 0.016 0.4 loss=0.884324
main interval: 0.016 0.016 0.6 loss=0.878527
main interval: 0.016 0.0056 0.5 loss=0.875029
main interval: 0.016 0.0093 0.4 loss=0.877616
main interval: 0.016 0.0093 0.6 loss=0.875250
main interval: 0.016 0.0034 0.5 loss=0.875611
main interval: 0.016 0.0056 0.4 loss=0.876285
main interval: 0.016 0.0056 0.6 loss=0.875496
best_muon_lr=[0.016,0.0056] best_muon_momentum=0.5 interval_loss=0.875029 final_loss=0.875029 evaluated_interval_configs=11 evaluated_configs=11
train_loss run=18 step=11/20 loss=0.8975 head_lr=1072 muon_lr=0.016 muon_momentum=0.5 muon_nesterov=False muon_grad_momentum_norm_ratio=0.74907
train_loss run=18 step=12/20 loss=0.8876 head_lr=1072 muon_lr=0.013 muon_momentum=0.5 muon_nesterov=False muon_grad_momentum_norm_ratio=0.692359
train_loss run=18 step=13/20 loss=0.8814 head_lr=1072 muon_lr=0.011 muon_momentum=0.5 muon_nesterov=False muon_grad_momentum_norm_ratio=0.631178
train_loss run=18 step=14/20 loss=0.8773 head_lr=1072 muon_lr=0.0082 muon_momentum=0.5 muon_nesterov=False muon_grad_momentum_norm_ratio=0.640014
train_loss run=18 step=15/20 loss=0.8750 head_lr=1072 muon_lr=0.0056 muon_momentum=0.5 muon_nesterov=False muon_grad_momentum_norm_ratio=0.608423
main interval: 0.0056 0.0056 0.5 loss=0.870811
main interval: 0.0056 0.0093 0.5 loss=0.873034
main interval: 0.0056 0.0034 0.5 loss=0.871328
main interval: 0.0056 0.0056 0.4 loss=0.871536
main interval: 0.0056 0.0056 0.6 loss=0.870645
main interval: 0.0056 0.0093 0.6 loss=0.872147
main interval: 0.0056 0.0034 0.6 loss=0.871190
main interval: 0.0056 0.0056 0.7 loss=0.869933
main interval: 0.0056 0.0093 0.7 loss=0.871862
main interval: 0.0056 0.0034 0.7 loss=0.870831
main interval: 0.0056 0.0056 0.8 loss=0.869504
main interval: 0.0056 0.0093 0.8 loss=0.871584
main interval: 0.0056 0.0034 0.8 loss=0.870241
main interval: 0.0056 0.0056 0.9 loss=0.869421
main interval: 0.0056 0.0093 0.9 loss=0.868918
main interval: 0.0056 0.0034 0.9 loss=0.869558
main interval: 0.0056 0.0056 0.95 loss=0.869095
main interval: 0.0056 0.016 0.9 loss=0.870955
main interval: 0.0056 0.0093 0.95 loss=0.868561
main interval: 0.0056 0.016 0.95 loss=0.869889
main interval: 0.0056 0.0093 0.99 loss=0.868617
best_muon_lr=[0.0056,0.0093] best_muon_momentum=0.95 interval_loss=0.868561 final_loss=0.868561 evaluated_interval_configs=21 evaluated_configs=21
train_loss run=18 step=16/20 loss=0.8734 head_lr=1072 muon_lr=0.0056 muon_momentum=0.95 muon_nesterov=False muon_grad_momentum_norm_ratio=0.317421
train_loss run=18 step=17/20 loss=0.8718 head_lr=1072 muon_lr=0.0065 muon_momentum=0.95 muon_nesterov=False muon_grad_momentum_norm_ratio=0.305934
train_loss run=18 step=18/20 loss=0.8701 head_lr=1072 muon_lr=0.0075 muon_momentum=0.95 muon_nesterov=False muon_grad_momentum_norm_ratio=0.298097
train_loss run=18 step=19/20 loss=0.8693 head_lr=1072 muon_lr=0.0084 muon_momentum=0.95 muon_nesterov=False muon_grad_momentum_norm_ratio=0.214861
train_loss run=18 step=20/20 loss=0.8686 head_lr=1072 muon_lr=0.0093 muon_momentum=0.95 muon_nesterov=False muon_grad_momentum_norm_ratio=0.260013
Batch size:          2000
N steps:             5
M cooldown steps:    0
Interval scheduler:  linear
LR connectedness:    continuous_double
Muon orthogonalize:  True
Momentum config:     search_momentum_fixed_nesterov_false
Search momentum:     True
Muon nesterov:       False
Initial Muon lr:     0.2
Initial Muon lr k:   0
Initial Muon mom:    0.6
Initial Muon mom i:  6
Final start lr:      0.0056
Final start lr k:    7
Final Muon lr:       0.0093
Final Muon lr k:     6
Final end lr:        0.0093
Final end lr k:      6
Final Muon momentum: 0.95
Final Muon nesterov: False
Final Muon mom i:    10
SGD lr mult:         0.8
Initial train loss:  2.313483
Final train loss:    0.868561
Run seconds:         25.809
cifar_baseline2_overfit_n_search run=19 batch_size=2000 train_steps=20 N=5 M=0 interval_scheduler=linear lr_connectedness=continuous_single muon_orthogonalize=True momentum_config=search_momentum_fixed_nesterov_false search_momentum=True muon_nesterov=False initial_muon_lr=0.2 initial_muon_lr_k=0 initial_muon_momentum=0.6 initial_muon_momentum_index=6
train_loss run=19 step=0/20 loss=2.3135 head_lr=1072 muon_lr=0.2 muon_momentum=0.6 muon_nesterov=False muon_grad_momentum_norm_ratio=none
main interval: 0.2 0.2 0.6 loss=1.729985
main interval: 0.33 0.33 0.6 loss=1.906229
main interval: 0.33 0.2 0.6 loss=1.756766
main interval: 0.33 0.12 0.6 loss=1.662744
main interval: 0.2 0.33 0.6 loss=1.897514
main interval: 0.2 0.12 0.6 loss=1.599545
main interval: 0.12 0.33 0.6 loss=1.885908
main interval: 0.12 0.2 0.6 loss=1.698757
main interval: 0.12 0.12 0.6 loss=1.580787
main interval: 0.2 0.2 0.5 loss=1.742059
main interval: 0.2 0.2 0.7 loss=1.708807
main interval: 0.2 0.072 0.6 loss=1.567683
main interval: 0.12 0.072 0.6 loss=1.543160
main interval: 0.072 0.2 0.6 loss=1.714554
main interval: 0.072 0.12 0.6 loss=1.623783
main interval: 0.072 0.072 0.6 loss=1.596610
main interval: 0.12 0.12 0.5 loss=1.590260
main interval: 0.12 0.12 0.7 loss=1.576867
main interval: 0.2 0.043 0.6 loss=1.595868
main interval: 0.12 0.043 0.6 loss=1.572257
main interval: 0.072 0.043 0.6 loss=1.620325
main interval: 0.12 0.072 0.5 loss=1.539313
main interval: 0.12 0.072 0.7 loss=1.553202
main interval: 0.2 0.12 0.5 loss=1.606061
main interval: 0.2 0.072 0.5 loss=1.557535
main interval: 0.2 0.043 0.5 loss=1.578756
main interval: 0.12 0.043 0.5 loss=1.560020
main interval: 0.072 0.12 0.5 loss=1.634544
main interval: 0.072 0.072 0.5 loss=1.598504
main interval: 0.072 0.043 0.5 loss=1.614375
main interval: 0.12 0.072 0.4 loss=1.543581
best_muon_lr=[0.12,0.072] best_muon_momentum=0.5 interval_loss=1.539313 final_loss=1.539313 evaluated_interval_configs=31 evaluated_configs=31
train_loss run=19 step=1/20 loss=2.2201 head_lr=1072 muon_lr=0.12 muon_momentum=0.5 muon_nesterov=False muon_grad_momentum_norm_ratio=1
train_loss run=19 step=2/20 loss=2.2043 head_lr=1072 muon_lr=0.11 muon_momentum=0.5 muon_nesterov=False muon_grad_momentum_norm_ratio=0.692145
train_loss run=19 step=3/20 loss=1.9563 head_lr=1072 muon_lr=0.096 muon_momentum=0.5 muon_nesterov=False muon_grad_momentum_norm_ratio=0.678034
train_loss run=19 step=4/20 loss=1.7502 head_lr=1072 muon_lr=0.084 muon_momentum=0.5 muon_nesterov=False muon_grad_momentum_norm_ratio=0.609341
train_loss run=19 step=5/20 loss=1.5393 head_lr=1072 muon_lr=0.072 muon_momentum=0.5 muon_nesterov=False muon_grad_momentum_norm_ratio=0.655275
main interval: 0.072 0.072 0.5 loss=1.016428
main interval: 0.072 0.12 0.5 loss=1.102204
main interval: 0.072 0.043 0.5 loss=0.944342
main interval: 0.072 0.072 0.4 loss=1.011436
main interval: 0.072 0.072 0.6 loss=0.967302
main interval: 0.072 0.026 0.5 loss=0.912995
main interval: 0.072 0.043 0.4 loss=0.964524
main interval: 0.072 0.043 0.6 loss=0.941916
main interval: 0.072 0.016 0.5 loss=0.916996
main interval: 0.072 0.026 0.4 loss=0.924401
main interval: 0.072 0.026 0.6 loss=0.909315
main interval: 0.072 0.016 0.6 loss=0.912157
main interval: 0.072 0.026 0.7 loss=0.906706
main interval: 0.072 0.043 0.7 loss=0.920711
main interval: 0.072 0.016 0.7 loss=0.902214
main interval: 0.072 0.026 0.8 loss=0.905568
main interval: 0.072 0.0093 0.7 loss=0.905456
main interval: 0.072 0.016 0.8 loss=0.908577
best_muon_lr=[0.072,0.016] best_muon_momentum=0.7 interval_loss=0.902214 final_loss=0.902214 evaluated_interval_configs=18 evaluated_configs=18
train_loss run=19 step=6/20 loss=1.3248 head_lr=1072 muon_lr=0.061 muon_momentum=0.7 muon_nesterov=False muon_grad_momentum_norm_ratio=0.615495
train_loss run=19 step=7/20 loss=1.1023 head_lr=1072 muon_lr=0.05 muon_momentum=0.7 muon_nesterov=False muon_grad_momentum_norm_ratio=0.56865
train_loss run=19 step=8/20 loss=0.9797 head_lr=1072 muon_lr=0.038 muon_momentum=0.7 muon_nesterov=False muon_grad_momentum_norm_ratio=0.511841
train_loss run=19 step=9/20 loss=0.9190 head_lr=1072 muon_lr=0.027 muon_momentum=0.7 muon_nesterov=False muon_grad_momentum_norm_ratio=0.417013
train_loss run=19 step=10/20 loss=0.9022 head_lr=1072 muon_lr=0.016 muon_momentum=0.7 muon_nesterov=False muon_grad_momentum_norm_ratio=0.341225
main interval: 0.016 0.016 0.7 loss=0.886255
main interval: 0.016 0.026 0.7 loss=0.893284
main interval: 0.016 0.0093 0.7 loss=0.875516
main interval: 0.016 0.016 0.6 loss=0.878116
main interval: 0.016 0.016 0.8 loss=0.882716
main interval: 0.016 0.0056 0.7 loss=0.873468
main interval: 0.016 0.0093 0.6 loss=0.873780
main interval: 0.016 0.0093 0.8 loss=0.876079
main interval: 0.016 0.0034 0.7 loss=0.873850
main interval: 0.016 0.0056 0.6 loss=0.872972
main interval: 0.016 0.0056 0.8 loss=0.874158
main interval: 0.016 0.0034 0.6 loss=0.873438
main interval: 0.016 0.0056 0.5 loss=0.873735
best_muon_lr=[0.016,0.0056] best_muon_momentum=0.6 interval_loss=0.872972 final_loss=0.872972 evaluated_interval_configs=13 evaluated_configs=13
train_loss run=19 step=11/20 loss=0.8883 head_lr=1072 muon_lr=0.014 muon_momentum=0.6 muon_nesterov=False muon_grad_momentum_norm_ratio=0.714904
train_loss run=19 step=12/20 loss=0.8804 head_lr=1072 muon_lr=0.012 muon_momentum=0.6 muon_nesterov=False muon_grad_momentum_norm_ratio=0.608702
train_loss run=19 step=13/20 loss=0.8778 head_lr=1072 muon_lr=0.0098 muon_momentum=0.6 muon_nesterov=False muon_grad_momentum_norm_ratio=0.531317
train_loss run=19 step=14/20 loss=0.8754 head_lr=1072 muon_lr=0.0077 muon_momentum=0.6 muon_nesterov=False muon_grad_momentum_norm_ratio=0.649026
train_loss run=19 step=15/20 loss=0.8730 head_lr=1072 muon_lr=0.0056 muon_momentum=0.6 muon_nesterov=False muon_grad_momentum_norm_ratio=0.607345
main interval: 0.0056 0.0056 0.6 loss=0.870534
main interval: 0.0056 0.0093 0.6 loss=0.873532
main interval: 0.0056 0.0034 0.6 loss=0.870120
main interval: 0.0056 0.0056 0.5 loss=0.871225
main interval: 0.0056 0.0056 0.7 loss=0.869490
main interval: 0.0056 0.0093 0.7 loss=0.873248
main interval: 0.0056 0.0034 0.7 loss=0.870112
main interval: 0.0056 0.0056 0.8 loss=0.868927
main interval: 0.0056 0.0093 0.8 loss=0.872408
main interval: 0.0056 0.0034 0.8 loss=0.869617
main interval: 0.0056 0.0056 0.9 loss=0.868759
main interval: 0.0056 0.0093 0.9 loss=0.869199
main interval: 0.0056 0.0034 0.9 loss=0.868791
main interval: 0.0056 0.0056 0.95 loss=0.868516
main interval: 0.0056 0.0093 0.95 loss=0.868352
main interval: 0.0056 0.0034 0.95 loss=0.868728
main interval: 0.0056 0.0056 0.99 loss=0.868421
main interval: 0.0056 0.016 0.95 loss=0.870057
main interval: 0.0056 0.0093 0.99 loss=0.867970
main interval: 0.0056 0.016 0.99 loss=0.869509
best_muon_lr=[0.0056,0.0093] best_muon_momentum=0.99 interval_loss=0.867970 final_loss=0.867970 evaluated_interval_configs=20 evaluated_configs=20
train_loss run=19 step=16/20 loss=0.8712 head_lr=1072 muon_lr=0.0063 muon_momentum=0.99 muon_nesterov=False muon_grad_momentum_norm_ratio=0.284658
train_loss run=19 step=17/20 loss=0.8699 head_lr=1072 muon_lr=0.0071 muon_momentum=0.99 muon_nesterov=False muon_grad_momentum_norm_ratio=0.210551
train_loss run=19 step=18/20 loss=0.8688 head_lr=1072 muon_lr=0.0078 muon_momentum=0.99 muon_nesterov=False muon_grad_momentum_norm_ratio=0.215589
train_loss run=19 step=19/20 loss=0.8683 head_lr=1072 muon_lr=0.0086 muon_momentum=0.99 muon_nesterov=False muon_grad_momentum_norm_ratio=0.162326
train_loss run=19 step=20/20 loss=0.8680 head_lr=1072 muon_lr=0.0093 muon_momentum=0.99 muon_nesterov=False muon_grad_momentum_norm_ratio=0.201352
Batch size:          2000
N steps:             5
M cooldown steps:    0
Interval scheduler:  linear
LR connectedness:    continuous_single
Muon orthogonalize:  True
Momentum config:     search_momentum_fixed_nesterov_false
Search momentum:     True
Muon nesterov:       False
Initial Muon lr:     0.2
Initial Muon lr k:   0
Initial Muon mom:    0.6
Initial Muon mom i:  6
Final start lr:      0.0056
Final start lr k:    7
Final Muon lr:       0.0093
Final Muon lr k:     6
Final end lr:        0.0093
Final end lr k:      6
Final Muon momentum: 0.99
Final Muon nesterov: False
Final Muon mom i:    11
SGD lr mult:         0.8
Initial train loss:  2.313483
Final train loss:    0.867970
Run seconds:         27.487
cifar_baseline2_overfit_n_search run=20 batch_size=2000 train_steps=20 N=7 M=0 interval_scheduler=constant lr_connectedness=jump_allowed muon_orthogonalize=True momentum_config=search_momentum_fixed_nesterov_false search_momentum=True muon_nesterov=False initial_muon_lr=0.2 initial_muon_lr_k=0 initial_muon_momentum=0.6 initial_muon_momentum_index=6
train_loss run=20 step=0/20 loss=2.3135 head_lr=1072 muon_lr=0.2 muon_momentum=0.6 muon_nesterov=False muon_grad_momentum_norm_ratio=none
main interval: 0.2 0.2 0.6 loss=1.486870
main interval: 0.33 0.33 0.6 loss=1.652347
main interval: 0.12 0.12 0.6 loss=1.347481
main interval: 0.2 0.2 0.5 loss=1.496025
main interval: 0.2 0.2 0.7 loss=1.474583
main interval: 0.072 0.072 0.6 loss=1.284466
main interval: 0.12 0.12 0.5 loss=1.383765
main interval: 0.12 0.12 0.7 loss=1.325910
main interval: 0.043 0.043 0.6 loss=1.403026
main interval: 0.072 0.072 0.5 loss=1.317752
main interval: 0.072 0.072 0.7 loss=1.273214
main interval: 0.043 0.043 0.7 loss=1.401397
main interval: 0.072 0.072 0.8 loss=1.301153
best_muon_lr=[0.072,0.072] best_muon_momentum=0.7 interval_loss=1.273214 final_loss=1.273214 evaluated_interval_configs=13 evaluated_configs=13
train_loss run=20 step=1/20 loss=2.2311 head_lr=1072 muon_lr=0.072 muon_momentum=0.7 muon_nesterov=False muon_grad_momentum_norm_ratio=1
train_loss run=20 step=2/20 loss=2.2296 head_lr=1072 muon_lr=0.072 muon_momentum=0.7 muon_nesterov=False muon_grad_momentum_norm_ratio=0.617635
train_loss run=20 step=3/20 loss=1.9898 head_lr=1072 muon_lr=0.072 muon_momentum=0.7 muon_nesterov=False muon_grad_momentum_norm_ratio=0.581815
train_loss run=20 step=4/20 loss=1.8012 head_lr=1072 muon_lr=0.072 muon_momentum=0.7 muon_nesterov=False muon_grad_momentum_norm_ratio=0.508779
train_loss run=20 step=5/20 loss=1.5967 head_lr=1072 muon_lr=0.072 muon_momentum=0.7 muon_nesterov=False muon_grad_momentum_norm_ratio=0.518391
train_loss run=20 step=6/20 loss=1.4215 head_lr=1072 muon_lr=0.072 muon_momentum=0.7 muon_nesterov=False muon_grad_momentum_norm_ratio=0.58509
train_loss run=20 step=7/20 loss=1.2732 head_lr=1072 muon_lr=0.072 muon_momentum=0.7 muon_nesterov=False muon_grad_momentum_norm_ratio=0.615771
main interval: 0.072 0.072 0.7 loss=0.932255
main interval: 0.12 0.12 0.7 loss=0.961442
main interval: 0.043 0.043 0.7 loss=0.907375
main interval: 0.072 0.072 0.6 loss=0.933908
main interval: 0.072 0.072 0.8 loss=0.914164
main interval: 0.026 0.026 0.7 loss=0.889710
main interval: 0.043 0.043 0.6 loss=0.925509
main interval: 0.043 0.043 0.8 loss=0.897672
main interval: 0.016 0.016 0.7 loss=0.896170
main interval: 0.026 0.026 0.6 loss=0.901880
main interval: 0.026 0.026 0.8 loss=0.890483
best_muon_lr=[0.026,0.026] best_muon_momentum=0.7 interval_loss=0.889710 final_loss=0.889710 evaluated_interval_configs=11 evaluated_configs=11
train_loss run=20 step=8/20 loss=1.1592 head_lr=1072 muon_lr=0.026 muon_momentum=0.7 muon_nesterov=False muon_grad_momentum_norm_ratio=0.748831
train_loss run=20 step=9/20 loss=1.0691 head_lr=1072 muon_lr=0.026 muon_momentum=0.7 muon_nesterov=False muon_grad_momentum_norm_ratio=0.410263
train_loss run=20 step=10/20 loss=0.9892 head_lr=1072 muon_lr=0.026 muon_momentum=0.7 muon_nesterov=False muon_grad_momentum_norm_ratio=0.465746
train_loss run=20 step=11/20 loss=0.9337 head_lr=1072 muon_lr=0.026 muon_momentum=0.7 muon_nesterov=False muon_grad_momentum_norm_ratio=0.429527
train_loss run=20 step=12/20 loss=0.9093 head_lr=1072 muon_lr=0.026 muon_momentum=0.7 muon_nesterov=False muon_grad_momentum_norm_ratio=0.314303
train_loss run=20 step=13/20 loss=0.8935 head_lr=1072 muon_lr=0.026 muon_momentum=0.7 muon_nesterov=False muon_grad_momentum_norm_ratio=0.395158
train_loss run=20 step=14/20 loss=0.8897 head_lr=1072 muon_lr=0.026 muon_momentum=0.7 muon_nesterov=False muon_grad_momentum_norm_ratio=0.375292
main interval: 0.026 0.026 0.7 loss=0.882845
main interval: 0.043 0.043 0.7 loss=0.889311
main interval: 0.016 0.016 0.7 loss=0.873928
main interval: 0.026 0.026 0.6 loss=0.884075
main interval: 0.026 0.026 0.8 loss=0.877772
main interval: 0.0093 0.0093 0.7 loss=0.870795
main interval: 0.016 0.016 0.6 loss=0.876700
main interval: 0.016 0.016 0.8 loss=0.872593
main interval: 0.0056 0.0056 0.7 loss=0.872182
main interval: 0.0093 0.0093 0.6 loss=0.872287
main interval: 0.0093 0.0093 0.8 loss=0.871142
best_muon_lr=[0.0093,0.0093] best_muon_momentum=0.7 interval_loss=0.870795 final_loss=0.870795 evaluated_interval_configs=11 evaluated_configs=11
train_loss run=20 step=15/20 loss=0.8830 head_lr=1072 muon_lr=0.0093 muon_momentum=0.7 muon_nesterov=False muon_grad_momentum_norm_ratio=0.640633
train_loss run=20 step=16/20 loss=0.8786 head_lr=1072 muon_lr=0.0093 muon_momentum=0.7 muon_nesterov=False muon_grad_momentum_norm_ratio=0.485685
train_loss run=20 step=17/20 loss=0.8763 head_lr=1072 muon_lr=0.0093 muon_momentum=0.7 muon_nesterov=False muon_grad_momentum_norm_ratio=0.505693
train_loss run=20 step=18/20 loss=0.8739 head_lr=1072 muon_lr=0.0093 muon_momentum=0.7 muon_nesterov=False muon_grad_momentum_norm_ratio=0.541238
train_loss run=20 step=19/20 loss=0.8723 head_lr=1072 muon_lr=0.0093 muon_momentum=0.7 muon_nesterov=False muon_grad_momentum_norm_ratio=0.532669
train_loss run=20 step=20/20 loss=0.8708 head_lr=1072 muon_lr=0.0093 muon_momentum=0.7 muon_nesterov=False muon_grad_momentum_norm_ratio=0.545973
Batch size:          2000
N steps:             7
M cooldown steps:    0
Interval scheduler:  constant
LR connectedness:    jump_allowed
Muon orthogonalize:  True
Momentum config:     search_momentum_fixed_nesterov_false
Search momentum:     True
Muon nesterov:       False
Initial Muon lr:     0.2
Initial Muon lr k:   0
Initial Muon mom:    0.6
Initial Muon mom i:  6
Final start lr:      0.0093
Final start lr k:    6
Final Muon lr:       0.0093
Final Muon lr k:     6
Final end lr:        0.0093
Final end lr k:      6
Final Muon momentum: 0.7
Final Muon nesterov: False
Final Muon mom i:    7
SGD lr mult:         0.8
Initial train loss:  2.313483
Final train loss:    0.870795
Run seconds:         15.620
cifar_baseline2_overfit_n_search run=21 batch_size=2000 train_steps=20 N=7 M=0 interval_scheduler=linear lr_connectedness=jump_allowed muon_orthogonalize=True momentum_config=search_momentum_fixed_nesterov_false search_momentum=True muon_nesterov=False initial_muon_lr=0.2 initial_muon_lr_k=0 initial_muon_momentum=0.6 initial_muon_momentum_index=6
train_loss run=21 step=0/20 loss=2.3135 head_lr=1072 muon_lr=0.2 muon_momentum=0.6 muon_nesterov=False muon_grad_momentum_norm_ratio=none
main interval: 0.2 0.2 0.6 loss=1.486870
main interval: 0.33 0.33 0.6 loss=1.652347
main interval: 0.33 0.2 0.6 loss=1.563482
main interval: 0.33 0.12 0.6 loss=1.419292
main interval: 0.2 0.33 0.6 loss=1.633764
main interval: 0.2 0.12 0.6 loss=1.328322
main interval: 0.12 0.33 0.6 loss=1.701519
main interval: 0.12 0.2 0.6 loss=1.562397
main interval: 0.12 0.12 0.6 loss=1.347481
main interval: 0.2 0.2 0.5 loss=1.496025
main interval: 0.2 0.2 0.7 loss=1.474583
main interval: 0.33 0.072 0.6 loss=1.366519
main interval: 0.2 0.072 0.6 loss=1.256872
main interval: 0.12 0.072 0.6 loss=1.231506
main interval: 0.2 0.12 0.5 loss=1.333562
main interval: 0.2 0.12 0.7 loss=1.321404
main interval: 0.2 0.043 0.6 loss=1.245219
main interval: 0.12 0.043 0.6 loss=1.214506
main interval: 0.072 0.12 0.6 loss=1.365027
main interval: 0.072 0.072 0.6 loss=1.284466
main interval: 0.072 0.043 0.6 loss=1.283476
main interval: 0.12 0.072 0.5 loss=1.243243
main interval: 0.12 0.072 0.7 loss=1.225952
main interval: 0.2 0.026 0.6 loss=1.261045
main interval: 0.12 0.026 0.6 loss=1.240396
main interval: 0.072 0.026 0.6 loss=1.319937
main interval: 0.12 0.043 0.5 loss=1.214930
main interval: 0.12 0.043 0.7 loss=1.222801
best_muon_lr=[0.12,0.043] best_muon_momentum=0.6 interval_loss=1.214506 final_loss=1.214506 evaluated_interval_configs=28 evaluated_configs=28
train_loss run=21 step=1/20 loss=2.2201 head_lr=1072 muon_lr=0.12 muon_momentum=0.6 muon_nesterov=False muon_grad_momentum_norm_ratio=1
train_loss run=21 step=2/20 loss=2.2051 head_lr=1072 muon_lr=0.11 muon_momentum=0.6 muon_nesterov=False muon_grad_momentum_norm_ratio=0.652001
train_loss run=21 step=3/20 loss=1.9598 head_lr=1072 muon_lr=0.094 muon_momentum=0.6 muon_nesterov=False muon_grad_momentum_norm_ratio=0.628417
train_loss run=21 step=4/20 loss=1.7589 head_lr=1072 muon_lr=0.081 muon_momentum=0.6 muon_nesterov=False muon_grad_momentum_norm_ratio=0.545701
train_loss run=21 step=5/20 loss=1.5432 head_lr=1072 muon_lr=0.069 muon_momentum=0.6 muon_nesterov=False muon_grad_momentum_norm_ratio=0.579563
train_loss run=21 step=6/20 loss=1.3574 head_lr=1072 muon_lr=0.056 muon_momentum=0.6 muon_nesterov=False muon_grad_momentum_norm_ratio=0.632472
train_loss run=21 step=7/20 loss=1.2145 head_lr=1072 muon_lr=0.043 muon_momentum=0.6 muon_nesterov=False muon_grad_momentum_norm_ratio=0.665897
main interval: 0.043 0.043 0.6 loss=0.941799
main interval: 0.072 0.072 0.6 loss=0.940986
main interval: 0.072 0.043 0.6 loss=0.908723
main interval: 0.072 0.026 0.6 loss=0.888821
main interval: 0.043 0.072 0.6 loss=0.935285
main interval: 0.043 0.026 0.6 loss=0.887383
main interval: 0.026 0.072 0.6 loss=0.970997
main interval: 0.026 0.043 0.6 loss=0.913698
main interval: 0.026 0.026 0.6 loss=0.900713
main interval: 0.043 0.043 0.5 loss=0.913171
main interval: 0.043 0.043 0.7 loss=0.905271
main interval: 0.072 0.016 0.6 loss=0.884750
main interval: 0.043 0.016 0.6 loss=0.884872
main interval: 0.026 0.016 0.6 loss=0.888207
main interval: 0.043 0.026 0.5 loss=0.896929
main interval: 0.043 0.026 0.7 loss=0.891813
main interval: 0.12 0.026 0.6 loss=0.893949
main interval: 0.12 0.016 0.6 loss=0.892357
main interval: 0.12 0.0093 0.6 loss=0.890991
main interval: 0.072 0.0093 0.6 loss=0.886166
main interval: 0.043 0.0093 0.6 loss=0.883697
main interval: 0.072 0.016 0.5 loss=0.887436
main interval: 0.072 0.016 0.7 loss=0.887077
main interval: 0.072 0.0056 0.6 loss=0.884298
main interval: 0.043 0.0056 0.6 loss=0.886136
main interval: 0.026 0.0093 0.6 loss=0.886957
main interval: 0.026 0.0056 0.6 loss=0.889635
main interval: 0.043 0.0093 0.5 loss=0.883295
main interval: 0.043 0.0093 0.7 loss=0.884900
main interval: 0.072 0.0093 0.5 loss=0.884960
main interval: 0.072 0.0056 0.5 loss=0.887591
main interval: 0.043 0.016 0.5 loss=0.890480
main interval: 0.043 0.0056 0.5 loss=0.886074
main interval: 0.026 0.016 0.5 loss=0.891334
main interval: 0.026 0.0093 0.5 loss=0.887940
main interval: 0.026 0.0056 0.5 loss=0.890727
main interval: 0.043 0.0093 0.4 loss=0.886960
best_muon_lr=[0.043,0.0093] best_muon_momentum=0.5 interval_loss=0.883295 final_loss=0.883295 evaluated_interval_configs=37 evaluated_configs=37
train_loss run=21 step=8/20 loss=1.1760 head_lr=1072 muon_lr=0.043 muon_momentum=0.5 muon_nesterov=False muon_grad_momentum_norm_ratio=0.850783
train_loss run=21 step=9/20 loss=1.0474 head_lr=1072 muon_lr=0.037 muon_momentum=0.5 muon_nesterov=False muon_grad_momentum_norm_ratio=0.731867
train_loss run=21 step=10/20 loss=0.9698 head_lr=1072 muon_lr=0.032 muon_momentum=0.5 muon_nesterov=False muon_grad_momentum_norm_ratio=0.588447
train_loss run=21 step=11/20 loss=0.9129 head_lr=1072 muon_lr=0.026 muon_momentum=0.5 muon_nesterov=False muon_grad_momentum_norm_ratio=0.657576
train_loss run=21 step=12/20 loss=0.8976 head_lr=1072 muon_lr=0.021 muon_momentum=0.5 muon_nesterov=False muon_grad_momentum_norm_ratio=0.510553
train_loss run=21 step=13/20 loss=0.8899 head_lr=1072 muon_lr=0.015 muon_momentum=0.5 muon_nesterov=False muon_grad_momentum_norm_ratio=0.637068
train_loss run=21 step=14/20 loss=0.8833 head_lr=1072 muon_lr=0.0093 muon_momentum=0.5 muon_nesterov=False muon_grad_momentum_norm_ratio=0.620664
main interval: 0.0093 0.0093 0.5 loss=0.876154
main interval: 0.016 0.016 0.5 loss=0.881656
main interval: 0.016 0.0093 0.5 loss=0.873345
main interval: 0.016 0.0056 0.5 loss=0.871425
main interval: 0.0093 0.016 0.5 loss=0.879525
main interval: 0.0093 0.0056 0.5 loss=0.871967
main interval: 0.0056 0.016 0.5 loss=0.880197
main interval: 0.0056 0.0093 0.5 loss=0.875637
main interval: 0.0056 0.0056 0.5 loss=0.873210
main interval: 0.0093 0.0093 0.4 loss=0.874772
main interval: 0.0093 0.0093 0.6 loss=0.873319
main interval: 0.026 0.0093 0.5 loss=0.873504
main interval: 0.026 0.0056 0.5 loss=0.871310
main interval: 0.026 0.0034 0.5 loss=0.873382
main interval: 0.016 0.0034 0.5 loss=0.871317
main interval: 0.0093 0.0034 0.5 loss=0.871683
main interval: 0.016 0.0056 0.4 loss=0.872184
main interval: 0.016 0.0056 0.6 loss=0.871050
main interval: 0.026 0.0093 0.6 loss=0.871784
main interval: 0.026 0.0056 0.6 loss=0.872903
main interval: 0.026 0.0034 0.6 loss=0.872104
main interval: 0.016 0.0093 0.6 loss=0.872615
main interval: 0.016 0.0034 0.6 loss=0.871388
main interval: 0.0093 0.0056 0.6 loss=0.871367
main interval: 0.0093 0.0034 0.6 loss=0.871043
main interval: 0.016 0.0056 0.7 loss=0.870682
main interval: 0.026 0.0093 0.7 loss=0.872102
main interval: 0.026 0.0056 0.7 loss=0.874002
main interval: 0.026 0.0034 0.7 loss=0.872789
main interval: 0.016 0.0093 0.7 loss=0.872179
main interval: 0.016 0.0034 0.7 loss=0.870564
main interval: 0.0093 0.0093 0.7 loss=0.872696
main interval: 0.0093 0.0056 0.7 loss=0.870584
main interval: 0.0093 0.0034 0.7 loss=0.870651
main interval: 0.016 0.0056 0.8 loss=0.870790
main interval: 0.026 0.002 0.7 loss=0.871629
main interval: 0.016 0.002 0.7 loss=0.870964
main interval: 0.0093 0.002 0.7 loss=0.871420
main interval: 0.016 0.0034 0.8 loss=0.870517
main interval: 0.026 0.0056 0.8 loss=0.872043
main interval: 0.026 0.0034 0.8 loss=0.872216
main interval: 0.026 0.002 0.8 loss=0.871940
main interval: 0.016 0.002 0.8 loss=0.871248
main interval: 0.0093 0.0056 0.8 loss=0.870363
main interval: 0.0093 0.0034 0.8 loss=0.870634
main interval: 0.0093 0.002 0.8 loss=0.871145
main interval: 0.016 0.0034 0.9 loss=0.870055
main interval: 0.026 0.0056 0.9 loss=0.871436
main interval: 0.026 0.0034 0.9 loss=0.871595
main interval: 0.026 0.002 0.9 loss=0.871213
main interval: 0.016 0.0056 0.9 loss=0.870388
main interval: 0.016 0.002 0.9 loss=0.870110
main interval: 0.0093 0.0056 0.9 loss=0.870352
main interval: 0.0093 0.0034 0.9 loss=0.870667
main interval: 0.0093 0.002 0.9 loss=0.870809
main interval: 0.016 0.0034 0.95 loss=0.870500
best_muon_lr=[0.016,0.0034] best_muon_momentum=0.9 interval_loss=0.870055 final_loss=0.870055 evaluated_interval_configs=56 evaluated_configs=56
train_loss run=21 step=15/20 loss=0.8846 head_lr=1072 muon_lr=0.016 muon_momentum=0.9 muon_nesterov=False muon_grad_momentum_norm_ratio=0.581994
train_loss run=21 step=16/20 loss=0.8759 head_lr=1072 muon_lr=0.013 muon_momentum=0.9 muon_nesterov=False muon_grad_momentum_norm_ratio=0.620956
train_loss run=21 step=17/20 loss=0.8737 head_lr=1072 muon_lr=0.011 muon_momentum=0.9 muon_nesterov=False muon_grad_momentum_norm_ratio=0.514935
train_loss run=21 step=18/20 loss=0.8732 head_lr=1072 muon_lr=0.0084 muon_momentum=0.9 muon_nesterov=False muon_grad_momentum_norm_ratio=0.43546
train_loss run=21 step=19/20 loss=0.8709 head_lr=1072 muon_lr=0.0059 muon_momentum=0.9 muon_nesterov=False muon_grad_momentum_norm_ratio=0.495683
train_loss run=21 step=20/20 loss=0.8701 head_lr=1072 muon_lr=0.0034 muon_momentum=0.9 muon_nesterov=False muon_grad_momentum_norm_ratio=0.351791
Batch size:          2000
N steps:             7
M cooldown steps:    0
Interval scheduler:  linear
LR connectedness:    jump_allowed
Muon orthogonalize:  True
Momentum config:     search_momentum_fixed_nesterov_false
Search momentum:     True
Muon nesterov:       False
Initial Muon lr:     0.2
Initial Muon lr k:   0
Initial Muon mom:    0.6
Initial Muon mom i:  6
Final start lr:      0.016
Final start lr k:    5
Final Muon lr:       0.0034
Final Muon lr k:     8
Final end lr:        0.0034
Final end lr k:      8
Final Muon momentum: 0.9
Final Muon nesterov: False
Final Muon mom i:    9
SGD lr mult:         0.8
Initial train loss:  2.313483
Final train loss:    0.870055
Run seconds:         52.388
cifar_baseline2_overfit_n_search run=22 batch_size=2000 train_steps=20 N=7 M=0 interval_scheduler=linear lr_connectedness=continuous_double muon_orthogonalize=True momentum_config=search_momentum_fixed_nesterov_false search_momentum=True muon_nesterov=False initial_muon_lr=0.2 initial_muon_lr_k=0 initial_muon_momentum=0.6 initial_muon_momentum_index=6
train_loss run=22 step=0/20 loss=2.3135 head_lr=1072 muon_lr=0.2 muon_momentum=0.6 muon_nesterov=False muon_grad_momentum_norm_ratio=none
main interval: 0.2 0.2 0.6 loss=1.486870
main interval: 0.33 0.33 0.6 loss=1.652347
main interval: 0.33 0.2 0.6 loss=1.563482
main interval: 0.33 0.12 0.6 loss=1.419292
main interval: 0.2 0.33 0.6 loss=1.633764
main interval: 0.2 0.12 0.6 loss=1.328322
main interval: 0.12 0.33 0.6 loss=1.701519
main interval: 0.12 0.2 0.6 loss=1.562397
main interval: 0.12 0.12 0.6 loss=1.347481
main interval: 0.2 0.2 0.5 loss=1.496025
main interval: 0.2 0.2 0.7 loss=1.474583
main interval: 0.33 0.072 0.6 loss=1.366519
main interval: 0.2 0.072 0.6 loss=1.256872
main interval: 0.12 0.072 0.6 loss=1.231506
main interval: 0.2 0.12 0.5 loss=1.333562
main interval: 0.2 0.12 0.7 loss=1.321404
main interval: 0.2 0.043 0.6 loss=1.245219
main interval: 0.12 0.043 0.6 loss=1.214506
main interval: 0.072 0.12 0.6 loss=1.365027
main interval: 0.072 0.072 0.6 loss=1.284466
main interval: 0.072 0.043 0.6 loss=1.283476
main interval: 0.12 0.072 0.5 loss=1.243243
main interval: 0.12 0.072 0.7 loss=1.225952
main interval: 0.2 0.026 0.6 loss=1.261045
main interval: 0.12 0.026 0.6 loss=1.240396
main interval: 0.072 0.026 0.6 loss=1.319937
main interval: 0.12 0.043 0.5 loss=1.214930
main interval: 0.12 0.043 0.7 loss=1.222801
best_muon_lr=[0.12,0.043] best_muon_momentum=0.6 interval_loss=1.214506 final_loss=1.214506 evaluated_interval_configs=28 evaluated_configs=28
train_loss run=22 step=1/20 loss=2.2201 head_lr=1072 muon_lr=0.12 muon_momentum=0.6 muon_nesterov=False muon_grad_momentum_norm_ratio=1
train_loss run=22 step=2/20 loss=2.2051 head_lr=1072 muon_lr=0.11 muon_momentum=0.6 muon_nesterov=False muon_grad_momentum_norm_ratio=0.652001
train_loss run=22 step=3/20 loss=1.9598 head_lr=1072 muon_lr=0.094 muon_momentum=0.6 muon_nesterov=False muon_grad_momentum_norm_ratio=0.628417
train_loss run=22 step=4/20 loss=1.7589 head_lr=1072 muon_lr=0.081 muon_momentum=0.6 muon_nesterov=False muon_grad_momentum_norm_ratio=0.545701
train_loss run=22 step=5/20 loss=1.5432 head_lr=1072 muon_lr=0.069 muon_momentum=0.6 muon_nesterov=False muon_grad_momentum_norm_ratio=0.579563
train_loss run=22 step=6/20 loss=1.3574 head_lr=1072 muon_lr=0.056 muon_momentum=0.6 muon_nesterov=False muon_grad_momentum_norm_ratio=0.632472
train_loss run=22 step=7/20 loss=1.2145 head_lr=1072 muon_lr=0.043 muon_momentum=0.6 muon_nesterov=False muon_grad_momentum_norm_ratio=0.665897
main interval: 0.043 0.043 0.6 loss=0.941799
main interval: 0.043 0.072 0.6 loss=0.929238
main interval: 0.043 0.026 0.6 loss=0.892765
main interval: 0.043 0.043 0.5 loss=0.920703
main interval: 0.043 0.043 0.7 loss=0.905744
main interval: 0.043 0.016 0.6 loss=0.884161
main interval: 0.043 0.026 0.5 loss=0.897684
main interval: 0.043 0.026 0.7 loss=0.889255
main interval: 0.043 0.0093 0.6 loss=0.882486
main interval: 0.043 0.016 0.5 loss=0.890250
main interval: 0.043 0.016 0.7 loss=0.884556
main interval: 0.043 0.0056 0.6 loss=0.883795
main interval: 0.043 0.0093 0.5 loss=0.884180
main interval: 0.043 0.0093 0.7 loss=0.884805
best_muon_lr=[0.043,0.0093] best_muon_momentum=0.6 interval_loss=0.882486 final_loss=0.882486 evaluated_interval_configs=14 evaluated_configs=14
train_loss run=22 step=8/20 loss=1.1711 head_lr=1072 muon_lr=0.043 muon_momentum=0.6 muon_nesterov=False muon_grad_momentum_norm_ratio=0.82894
train_loss run=22 step=9/20 loss=1.0324 head_lr=1072 muon_lr=0.037 muon_momentum=0.6 muon_nesterov=False muon_grad_momentum_norm_ratio=0.6802
train_loss run=22 step=10/20 loss=0.9603 head_lr=1072 muon_lr=0.032 muon_momentum=0.6 muon_nesterov=False muon_grad_momentum_norm_ratio=0.513558
train_loss run=22 step=11/20 loss=0.9079 head_lr=1072 muon_lr=0.026 muon_momentum=0.6 muon_nesterov=False muon_grad_momentum_norm_ratio=0.561077
train_loss run=22 step=12/20 loss=0.8946 head_lr=1072 muon_lr=0.021 muon_momentum=0.6 muon_nesterov=False muon_grad_momentum_norm_ratio=0.387026
train_loss run=22 step=13/20 loss=0.8860 head_lr=1072 muon_lr=0.015 muon_momentum=0.6 muon_nesterov=False muon_grad_momentum_norm_ratio=0.512509
train_loss run=22 step=14/20 loss=0.8825 head_lr=1072 muon_lr=0.0093 muon_momentum=0.6 muon_nesterov=False muon_grad_momentum_norm_ratio=0.478132
main interval: 0.0093 0.0093 0.6 loss=0.873560
main interval: 0.0093 0.016 0.6 loss=0.876794
main interval: 0.0093 0.0056 0.6 loss=0.871207
main interval: 0.0093 0.0093 0.5 loss=0.873719
main interval: 0.0093 0.0093 0.7 loss=0.872296
main interval: 0.0093 0.0034 0.6 loss=0.870182
main interval: 0.0093 0.0056 0.5 loss=0.871460
main interval: 0.0093 0.0056 0.7 loss=0.870465
main interval: 0.0093 0.002 0.6 loss=0.870693
main interval: 0.0093 0.0034 0.5 loss=0.871054
main interval: 0.0093 0.0034 0.7 loss=0.870434
best_muon_lr=[0.0093,0.0034] best_muon_momentum=0.6 interval_loss=0.870182 final_loss=0.870182 evaluated_interval_configs=11 evaluated_configs=11
train_loss run=22 step=15/20 loss=0.8784 head_lr=1072 muon_lr=0.0093 muon_momentum=0.6 muon_nesterov=False muon_grad_momentum_norm_ratio=0.617956
train_loss run=22 step=16/20 loss=0.8756 head_lr=1072 muon_lr=0.0081 muon_momentum=0.6 muon_nesterov=False muon_grad_momentum_norm_ratio=0.662153
train_loss run=22 step=17/20 loss=0.8733 head_lr=1072 muon_lr=0.0069 muon_momentum=0.6 muon_nesterov=False muon_grad_momentum_norm_ratio=0.632225
train_loss run=22 step=18/20 loss=0.8720 head_lr=1072 muon_lr=0.0058 muon_momentum=0.6 muon_nesterov=False muon_grad_momentum_norm_ratio=0.595792
train_loss run=22 step=19/20 loss=0.8710 head_lr=1072 muon_lr=0.0046 muon_momentum=0.6 muon_nesterov=False muon_grad_momentum_norm_ratio=0.630378
train_loss run=22 step=20/20 loss=0.8702 head_lr=1072 muon_lr=0.0034 muon_momentum=0.6 muon_nesterov=False muon_grad_momentum_norm_ratio=0.61859
Batch size:          2000
N steps:             7
M cooldown steps:    0
Interval scheduler:  linear
LR connectedness:    continuous_double
Muon orthogonalize:  True
Momentum config:     search_momentum_fixed_nesterov_false
Search momentum:     True
Muon nesterov:       False
Initial Muon lr:     0.2
Initial Muon lr k:   0
Initial Muon mom:    0.6
Initial Muon mom i:  6
Final start lr:      0.0093
Final start lr k:    6
Final Muon lr:       0.0034
Final Muon lr k:     8
Final end lr:        0.0034
Final end lr k:      8
Final Muon momentum: 0.6
Final Muon nesterov: False
Final Muon mom i:    6
SGD lr mult:         0.8
Initial train loss:  2.313483
Final train loss:    0.870182
Run seconds:         23.877
cifar_baseline2_overfit_n_search run=23 batch_size=2000 train_steps=20 N=7 M=0 interval_scheduler=linear lr_connectedness=continuous_single muon_orthogonalize=True momentum_config=search_momentum_fixed_nesterov_false search_momentum=True muon_nesterov=False initial_muon_lr=0.2 initial_muon_lr_k=0 initial_muon_momentum=0.6 initial_muon_momentum_index=6
train_loss run=23 step=0/20 loss=2.3135 head_lr=1072 muon_lr=0.2 muon_momentum=0.6 muon_nesterov=False muon_grad_momentum_norm_ratio=none
main interval: 0.2 0.2 0.6 loss=1.486870
main interval: 0.33 0.33 0.6 loss=1.652347
main interval: 0.33 0.2 0.6 loss=1.563482
main interval: 0.33 0.12 0.6 loss=1.419292
main interval: 0.2 0.33 0.6 loss=1.633764
main interval: 0.2 0.12 0.6 loss=1.328322
main interval: 0.12 0.33 0.6 loss=1.701519
main interval: 0.12 0.2 0.6 loss=1.562397
main interval: 0.12 0.12 0.6 loss=1.347481
main interval: 0.2 0.2 0.5 loss=1.496025
main interval: 0.2 0.2 0.7 loss=1.474583
main interval: 0.33 0.072 0.6 loss=1.366519
main interval: 0.2 0.072 0.6 loss=1.256872
main interval: 0.12 0.072 0.6 loss=1.231506
main interval: 0.2 0.12 0.5 loss=1.333562
main interval: 0.2 0.12 0.7 loss=1.321404
main interval: 0.2 0.043 0.6 loss=1.245219
main interval: 0.12 0.043 0.6 loss=1.214506
main interval: 0.072 0.12 0.6 loss=1.365027
main interval: 0.072 0.072 0.6 loss=1.284466
main interval: 0.072 0.043 0.6 loss=1.283476
main interval: 0.12 0.072 0.5 loss=1.243243
main interval: 0.12 0.072 0.7 loss=1.225952
main interval: 0.2 0.026 0.6 loss=1.261045
main interval: 0.12 0.026 0.6 loss=1.240396
main interval: 0.072 0.026 0.6 loss=1.319937
main interval: 0.12 0.043 0.5 loss=1.214930
main interval: 0.12 0.043 0.7 loss=1.222801
best_muon_lr=[0.12,0.043] best_muon_momentum=0.6 interval_loss=1.214506 final_loss=1.214506 evaluated_interval_configs=28 evaluated_configs=28
train_loss run=23 step=1/20 loss=2.2201 head_lr=1072 muon_lr=0.12 muon_momentum=0.6 muon_nesterov=False muon_grad_momentum_norm_ratio=1
train_loss run=23 step=2/20 loss=2.2051 head_lr=1072 muon_lr=0.11 muon_momentum=0.6 muon_nesterov=False muon_grad_momentum_norm_ratio=0.652001
train_loss run=23 step=3/20 loss=1.9598 head_lr=1072 muon_lr=0.094 muon_momentum=0.6 muon_nesterov=False muon_grad_momentum_norm_ratio=0.628417
train_loss run=23 step=4/20 loss=1.7589 head_lr=1072 muon_lr=0.081 muon_momentum=0.6 muon_nesterov=False muon_grad_momentum_norm_ratio=0.545701
train_loss run=23 step=5/20 loss=1.5432 head_lr=1072 muon_lr=0.069 muon_momentum=0.6 muon_nesterov=False muon_grad_momentum_norm_ratio=0.579563
train_loss run=23 step=6/20 loss=1.3574 head_lr=1072 muon_lr=0.056 muon_momentum=0.6 muon_nesterov=False muon_grad_momentum_norm_ratio=0.632472
train_loss run=23 step=7/20 loss=1.2145 head_lr=1072 muon_lr=0.043 muon_momentum=0.6 muon_nesterov=False muon_grad_momentum_norm_ratio=0.665897
main interval: 0.043 0.043 0.6 loss=0.941799
main interval: 0.043 0.072 0.6 loss=0.931946
main interval: 0.043 0.026 0.6 loss=0.895672
main interval: 0.043 0.043 0.5 loss=0.921054
main interval: 0.043 0.043 0.7 loss=0.902071
main interval: 0.043 0.016 0.6 loss=0.885397
main interval: 0.043 0.026 0.5 loss=0.899605
main interval: 0.043 0.026 0.7 loss=0.888859
main interval: 0.043 0.0093 0.6 loss=0.883091
main interval: 0.043 0.016 0.5 loss=0.892002
main interval: 0.043 0.016 0.7 loss=0.884499
main interval: 0.043 0.0056 0.6 loss=0.884633
main interval: 0.043 0.0093 0.5 loss=0.883563
main interval: 0.043 0.0093 0.7 loss=0.884908
best_muon_lr=[0.043,0.0093] best_muon_momentum=0.6 interval_loss=0.883091 final_loss=0.883091 evaluated_interval_configs=14 evaluated_configs=14
train_loss run=23 step=8/20 loss=1.1581 head_lr=1072 muon_lr=0.038 muon_momentum=0.6 muon_nesterov=False muon_grad_momentum_norm_ratio=0.831038
train_loss run=23 step=9/20 loss=1.0317 head_lr=1072 muon_lr=0.033 muon_momentum=0.6 muon_nesterov=False muon_grad_momentum_norm_ratio=0.652895
train_loss run=23 step=10/20 loss=0.9596 head_lr=1072 muon_lr=0.029 muon_momentum=0.6 muon_nesterov=False muon_grad_momentum_norm_ratio=0.530092
train_loss run=23 step=11/20 loss=0.9111 head_lr=1072 muon_lr=0.024 muon_momentum=0.6 muon_nesterov=False muon_grad_momentum_norm_ratio=0.54174
train_loss run=23 step=12/20 loss=0.8952 head_lr=1072 muon_lr=0.019 muon_momentum=0.6 muon_nesterov=False muon_grad_momentum_norm_ratio=0.423067
train_loss run=23 step=13/20 loss=0.8870 head_lr=1072 muon_lr=0.014 muon_momentum=0.6 muon_nesterov=False muon_grad_momentum_norm_ratio=0.508217
train_loss run=23 step=14/20 loss=0.8831 head_lr=1072 muon_lr=0.0093 muon_momentum=0.6 muon_nesterov=False muon_grad_momentum_norm_ratio=0.505529
main interval: 0.0093 0.0093 0.6 loss=0.874676
main interval: 0.0093 0.016 0.6 loss=0.878633
main interval: 0.0093 0.0056 0.6 loss=0.871033
main interval: 0.0093 0.0093 0.5 loss=0.873849
main interval: 0.0093 0.0093 0.7 loss=0.871565
main interval: 0.0093 0.0034 0.6 loss=0.870689
main interval: 0.0093 0.0056 0.5 loss=0.871952
main interval: 0.0093 0.0056 0.7 loss=0.870556
main interval: 0.0093 0.0034 0.7 loss=0.870605
main interval: 0.0093 0.0056 0.8 loss=0.870317
main interval: 0.0093 0.0093 0.8 loss=0.871173
main interval: 0.0093 0.0034 0.8 loss=0.870852
main interval: 0.0093 0.0056 0.9 loss=0.870452
best_muon_lr=[0.0093,0.0056] best_muon_momentum=0.8 interval_loss=0.870317 final_loss=0.870317 evaluated_interval_configs=13 evaluated_configs=13
train_loss run=23 step=15/20 loss=0.8809 head_lr=1072 muon_lr=0.0087 muon_momentum=0.8 muon_nesterov=False muon_grad_momentum_norm_ratio=0.702136
train_loss run=23 step=16/20 loss=0.8763 head_lr=1072 muon_lr=0.0081 muon_momentum=0.8 muon_nesterov=False muon_grad_momentum_norm_ratio=0.619629
train_loss run=23 step=17/20 loss=0.8730 head_lr=1072 muon_lr=0.0074 muon_momentum=0.8 muon_nesterov=False muon_grad_momentum_norm_ratio=0.531392
train_loss run=23 step=18/20 loss=0.8727 head_lr=1072 muon_lr=0.0068 muon_momentum=0.8 muon_nesterov=False muon_grad_momentum_norm_ratio=0.360209
train_loss run=23 step=19/20 loss=0.8713 head_lr=1072 muon_lr=0.0062 muon_momentum=0.8 muon_nesterov=False muon_grad_momentum_norm_ratio=0.517597
train_loss run=23 step=20/20 loss=0.8703 head_lr=1072 muon_lr=0.0056 muon_momentum=0.8 muon_nesterov=False muon_grad_momentum_norm_ratio=0.45303
Batch size:          2000
N steps:             7
M cooldown steps:    0
Interval scheduler:  linear
LR connectedness:    continuous_single
Muon orthogonalize:  True
Momentum config:     search_momentum_fixed_nesterov_false
Search momentum:     True
Muon nesterov:       False
Initial Muon lr:     0.2
Initial Muon lr k:   0
Initial Muon mom:    0.6
Initial Muon mom i:  6
Final start lr:      0.0093
Final start lr k:    6
Final Muon lr:       0.0056
Final Muon lr k:     7
Final end lr:        0.0056
Final end lr k:      7
Final Muon momentum: 0.8
Final Muon nesterov: False
Final Muon mom i:    8
SGD lr mult:         0.8
Initial train loss:  2.313483
Final train loss:    0.870317
Run seconds:         24.671
cifar_baseline2_overfit_n_search run=24 batch_size=2000 train_steps=20 N=9 M=0 interval_scheduler=constant lr_connectedness=jump_allowed muon_orthogonalize=True momentum_config=search_momentum_fixed_nesterov_false search_momentum=True muon_nesterov=False initial_muon_lr=0.2 initial_muon_lr_k=0 initial_muon_momentum=0.6 initial_muon_momentum_index=6
train_loss run=24 step=0/20 loss=2.3135 head_lr=1072 muon_lr=0.2 muon_momentum=0.6 muon_nesterov=False muon_grad_momentum_norm_ratio=none
main interval: 0.2 0.2 0.6 loss=1.335295
main interval: 0.33 0.33 0.6 loss=1.577574
main interval: 0.12 0.12 0.6 loss=1.182602
main interval: 0.2 0.2 0.5 loss=1.285723
main interval: 0.2 0.2 0.7 loss=1.334141
main interval: 0.072 0.072 0.6 loss=1.100497
main interval: 0.12 0.12 0.5 loss=1.153185
main interval: 0.12 0.12 0.7 loss=1.148783
main interval: 0.043 0.043 0.6 loss=1.174251
main interval: 0.072 0.072 0.5 loss=1.101261
main interval: 0.072 0.072 0.7 loss=1.071262
main interval: 0.043 0.043 0.7 loss=1.204860
main interval: 0.072 0.072 0.8 loss=1.078734
best_muon_lr=[0.072,0.072] best_muon_momentum=0.7 interval_loss=1.071262 final_loss=1.071262 evaluated_interval_configs=13 evaluated_configs=13
train_loss run=24 step=1/20 loss=2.2311 head_lr=1072 muon_lr=0.072 muon_momentum=0.7 muon_nesterov=False muon_grad_momentum_norm_ratio=1
train_loss run=24 step=2/20 loss=2.2296 head_lr=1072 muon_lr=0.072 muon_momentum=0.7 muon_nesterov=False muon_grad_momentum_norm_ratio=0.617635
train_loss run=24 step=3/20 loss=1.9898 head_lr=1072 muon_lr=0.072 muon_momentum=0.7 muon_nesterov=False muon_grad_momentum_norm_ratio=0.581815
train_loss run=24 step=4/20 loss=1.8012 head_lr=1072 muon_lr=0.072 muon_momentum=0.7 muon_nesterov=False muon_grad_momentum_norm_ratio=0.508779
train_loss run=24 step=5/20 loss=1.5967 head_lr=1072 muon_lr=0.072 muon_momentum=0.7 muon_nesterov=False muon_grad_momentum_norm_ratio=0.518391
train_loss run=24 step=6/20 loss=1.4215 head_lr=1072 muon_lr=0.072 muon_momentum=0.7 muon_nesterov=False muon_grad_momentum_norm_ratio=0.58509
train_loss run=24 step=7/20 loss=1.2732 head_lr=1072 muon_lr=0.072 muon_momentum=0.7 muon_nesterov=False muon_grad_momentum_norm_ratio=0.615771
train_loss run=24 step=8/20 loss=1.1495 head_lr=1072 muon_lr=0.072 muon_momentum=0.7 muon_nesterov=False muon_grad_momentum_norm_ratio=0.615471
train_loss run=24 step=9/20 loss=1.0713 head_lr=1072 muon_lr=0.072 muon_momentum=0.7 muon_nesterov=False muon_grad_momentum_norm_ratio=0.601758
main interval: 0.072 0.072 0.7 loss=0.915525
main interval: 0.12 0.12 0.7 loss=0.944817
main interval: 0.043 0.043 0.7 loss=0.889408
main interval: 0.072 0.072 0.6 loss=0.914305
main interval: 0.072 0.072 0.8 loss=0.901250
main interval: 0.026 0.026 0.7 loss=0.883268
main interval: 0.043 0.043 0.6 loss=0.894946
main interval: 0.043 0.043 0.8 loss=0.894932
main interval: 0.016 0.016 0.7 loss=0.876246
main interval: 0.026 0.026 0.6 loss=0.889144
main interval: 0.026 0.026 0.8 loss=0.878019
main interval: 0.0093 0.0093 0.7 loss=0.881520
main interval: 0.016 0.016 0.6 loss=0.881098
main interval: 0.016 0.016 0.8 loss=0.879542
best_muon_lr=[0.016,0.016] best_muon_momentum=0.7 interval_loss=0.876246 final_loss=0.876246 evaluated_interval_configs=14 evaluated_configs=14
train_loss run=24 step=10/20 loss=0.9848 head_lr=1072 muon_lr=0.016 muon_momentum=0.7 muon_nesterov=False muon_grad_momentum_norm_ratio=0.845664
train_loss run=24 step=11/20 loss=0.9613 head_lr=1072 muon_lr=0.016 muon_momentum=0.7 muon_nesterov=False muon_grad_momentum_norm_ratio=0.288988
train_loss run=24 step=12/20 loss=0.9367 head_lr=1072 muon_lr=0.016 muon_momentum=0.7 muon_nesterov=False muon_grad_momentum_norm_ratio=0.361854
train_loss run=24 step=13/20 loss=0.9124 head_lr=1072 muon_lr=0.016 muon_momentum=0.7 muon_nesterov=False muon_grad_momentum_norm_ratio=0.438932
train_loss run=24 step=14/20 loss=0.8968 head_lr=1072 muon_lr=0.016 muon_momentum=0.7 muon_nesterov=False muon_grad_momentum_norm_ratio=0.389009
train_loss run=24 step=15/20 loss=0.8889 head_lr=1072 muon_lr=0.016 muon_momentum=0.7 muon_nesterov=False muon_grad_momentum_norm_ratio=0.337977
train_loss run=24 step=16/20 loss=0.8825 head_lr=1072 muon_lr=0.016 muon_momentum=0.7 muon_nesterov=False muon_grad_momentum_norm_ratio=0.377215
train_loss run=24 step=17/20 loss=0.8791 head_lr=1072 muon_lr=0.016 muon_momentum=0.7 muon_nesterov=False muon_grad_momentum_norm_ratio=0.366222
train_loss run=24 step=18/20 loss=0.8762 head_lr=1072 muon_lr=0.016 muon_momentum=0.7 muon_nesterov=False muon_grad_momentum_norm_ratio=0.426946
main interval: 0.016 0.016 0.7 loss=0.877598
main interval: 0.026 0.026 0.7 loss=0.887550
main interval: 0.0093 0.0093 0.7 loss=0.872145
main interval: 0.016 0.016 0.6 loss=0.876456
main interval: 0.016 0.016 0.8 loss=0.876827
main interval: 0.0056 0.0056 0.7 loss=0.873647
main interval: 0.0093 0.0093 0.6 loss=0.872766
main interval: 0.0093 0.0093 0.8 loss=0.872934
best_muon_lr=[0.0093,0.0093] best_muon_momentum=0.7 interval_loss=0.872145 final_loss=0.872145 evaluated_interval_configs=8 evaluated_configs=8
train_loss run=24 step=19/20 loss=0.8773 head_lr=1072 muon_lr=0.0093 muon_momentum=0.7 muon_nesterov=False muon_grad_momentum_norm_ratio=0.410481
train_loss run=24 step=20/20 loss=0.8721 head_lr=1072 muon_lr=0.0093 muon_momentum=0.7 muon_nesterov=False muon_grad_momentum_norm_ratio=0.659375
Batch size:          2000
N steps:             9
M cooldown steps:    0
Interval scheduler:  constant
LR connectedness:    jump_allowed
Muon orthogonalize:  True
Momentum config:     search_momentum_fixed_nesterov_false
Search momentum:     True
Muon nesterov:       False
Initial Muon lr:     0.2
Initial Muon lr k:   0
Initial Muon mom:    0.6
Initial Muon mom i:  6
Final start lr:      0.0093
Final start lr k:    6
Final Muon lr:       0.0093
Final Muon lr k:     6
Final end lr:        0.0093
Final end lr k:      6
Final Muon momentum: 0.7
Final Muon nesterov: False
Final Muon mom i:    7
SGD lr mult:         0.8
Initial train loss:  2.313483
Final train loss:    0.872145
Run seconds:         17.174
cifar_baseline2_overfit_n_search run=25 batch_size=2000 train_steps=20 N=9 M=0 interval_scheduler=linear lr_connectedness=jump_allowed muon_orthogonalize=True momentum_config=search_momentum_fixed_nesterov_false search_momentum=True muon_nesterov=False initial_muon_lr=0.2 initial_muon_lr_k=0 initial_muon_momentum=0.6 initial_muon_momentum_index=6
train_loss run=25 step=0/20 loss=2.3135 head_lr=1072 muon_lr=0.2 muon_momentum=0.6 muon_nesterov=False muon_grad_momentum_norm_ratio=none
main interval: 0.2 0.2 0.6 loss=1.335295
main interval: 0.33 0.33 0.6 loss=1.577574
main interval: 0.33 0.2 0.6 loss=1.385645
main interval: 0.33 0.12 0.6 loss=1.265340
main interval: 0.2 0.33 0.6 loss=1.510212
main interval: 0.2 0.12 0.6 loss=1.144894
main interval: 0.12 0.33 0.6 loss=1.501196
main interval: 0.12 0.2 0.6 loss=1.276953
main interval: 0.12 0.12 0.6 loss=1.182602
main interval: 0.2 0.2 0.5 loss=1.285723
main interval: 0.2 0.2 0.7 loss=1.334141
main interval: 0.33 0.072 0.6 loss=1.181993
main interval: 0.2 0.072 0.6 loss=1.059680
main interval: 0.12 0.072 0.6 loss=1.018879
main interval: 0.2 0.12 0.5 loss=1.134627
main interval: 0.2 0.12 0.7 loss=1.137306
main interval: 0.2 0.043 0.6 loss=1.037570
main interval: 0.12 0.043 0.6 loss=0.996777
main interval: 0.072 0.12 0.6 loss=1.211474
main interval: 0.072 0.072 0.6 loss=1.100497
main interval: 0.072 0.043 0.6 loss=1.075853
main interval: 0.12 0.072 0.5 loss=1.048333
main interval: 0.12 0.072 0.7 loss=1.030718
main interval: 0.2 0.026 0.6 loss=1.045667
main interval: 0.12 0.026 0.6 loss=1.008831
main interval: 0.072 0.026 0.6 loss=1.096313
main interval: 0.12 0.043 0.5 loss=0.997223
main interval: 0.12 0.043 0.7 loss=0.998592
best_muon_lr=[0.12,0.043] best_muon_momentum=0.6 interval_loss=0.996777 final_loss=0.996777 evaluated_interval_configs=28 evaluated_configs=28
train_loss run=25 step=1/20 loss=2.2201 head_lr=1072 muon_lr=0.12 muon_momentum=0.6 muon_nesterov=False muon_grad_momentum_norm_ratio=1
train_loss run=25 step=2/20 loss=2.2051 head_lr=1072 muon_lr=0.11 muon_momentum=0.6 muon_nesterov=False muon_grad_momentum_norm_ratio=0.652001
train_loss run=25 step=3/20 loss=1.9593 head_lr=1072 muon_lr=0.1 muon_momentum=0.6 muon_nesterov=False muon_grad_momentum_norm_ratio=0.628417
train_loss run=25 step=4/20 loss=1.7580 head_lr=1072 muon_lr=0.091 muon_momentum=0.6 muon_nesterov=False muon_grad_momentum_norm_ratio=0.545011
train_loss run=25 step=5/20 loss=1.5453 head_lr=1072 muon_lr=0.081 muon_momentum=0.6 muon_nesterov=False muon_grad_momentum_norm_ratio=0.59448
train_loss run=25 step=6/20 loss=1.3620 head_lr=1072 muon_lr=0.072 muon_momentum=0.6 muon_nesterov=False muon_grad_momentum_norm_ratio=0.659228
train_loss run=25 step=7/20 loss=1.2206 head_lr=1072 muon_lr=0.062 muon_momentum=0.6 muon_nesterov=False muon_grad_momentum_norm_ratio=0.694218
train_loss run=25 step=8/20 loss=1.0912 head_lr=1072 muon_lr=0.053 muon_momentum=0.6 muon_nesterov=False muon_grad_momentum_norm_ratio=0.673921
train_loss run=25 step=9/20 loss=0.9968 head_lr=1072 muon_lr=0.043 muon_momentum=0.6 muon_nesterov=False muon_grad_momentum_norm_ratio=0.594089
main interval: 0.043 0.043 0.6 loss=0.902867
main interval: 0.072 0.072 0.6 loss=0.914441
main interval: 0.072 0.043 0.6 loss=0.888383
main interval: 0.072 0.026 0.6 loss=0.878568
main interval: 0.043 0.072 0.6 loss=0.920902
main interval: 0.043 0.026 0.6 loss=0.878220
main interval: 0.026 0.072 0.6 loss=0.922709
main interval: 0.026 0.043 0.6 loss=0.902725
main interval: 0.026 0.026 0.6 loss=0.886446
main interval: 0.043 0.043 0.5 loss=0.894586
main interval: 0.043 0.043 0.7 loss=0.888050
main interval: 0.072 0.016 0.6 loss=0.875064
main interval: 0.043 0.016 0.6 loss=0.875225
main interval: 0.026 0.016 0.6 loss=0.877446
main interval: 0.043 0.026 0.5 loss=0.884591
main interval: 0.043 0.026 0.7 loss=0.879541
main interval: 0.12 0.026 0.6 loss=0.881151
main interval: 0.12 0.016 0.6 loss=0.876521
main interval: 0.12 0.0093 0.6 loss=0.877077
main interval: 0.072 0.0093 0.6 loss=0.873069
main interval: 0.043 0.0093 0.6 loss=0.871664
main interval: 0.072 0.016 0.5 loss=0.875463
main interval: 0.072 0.016 0.7 loss=0.874982
main interval: 0.072 0.0056 0.6 loss=0.872820
main interval: 0.043 0.0056 0.6 loss=0.871441
main interval: 0.026 0.0093 0.6 loss=0.872261
main interval: 0.026 0.0056 0.6 loss=0.871655
main interval: 0.043 0.0093 0.5 loss=0.872144
main interval: 0.043 0.0093 0.7 loss=0.872134
main interval: 0.072 0.0034 0.6 loss=0.874586
main interval: 0.043 0.0034 0.6 loss=0.871751
main interval: 0.026 0.0034 0.6 loss=0.872268
main interval: 0.043 0.0056 0.5 loss=0.871740
main interval: 0.043 0.0056 0.7 loss=0.872250
best_muon_lr=[0.043,0.0056] best_muon_momentum=0.6 interval_loss=0.871441 final_loss=0.871441 evaluated_interval_configs=34 evaluated_configs=34
train_loss run=25 step=10/20 loss=0.9977 head_lr=1072 muon_lr=0.043 muon_momentum=0.6 muon_nesterov=False muon_grad_momentum_norm_ratio=0.900709
train_loss run=25 step=11/20 loss=0.9338 head_lr=1072 muon_lr=0.038 muon_momentum=0.6 muon_nesterov=False muon_grad_momentum_norm_ratio=0.735387
train_loss run=25 step=12/20 loss=0.9142 head_lr=1072 muon_lr=0.034 muon_momentum=0.6 muon_nesterov=False muon_grad_momentum_norm_ratio=0.522194
train_loss run=25 step=13/20 loss=0.8959 head_lr=1072 muon_lr=0.029 muon_momentum=0.6 muon_nesterov=False muon_grad_momentum_norm_ratio=0.665065
train_loss run=25 step=14/20 loss=0.8884 head_lr=1072 muon_lr=0.024 muon_momentum=0.6 muon_nesterov=False muon_grad_momentum_norm_ratio=0.53271
train_loss run=25 step=15/20 loss=0.8800 head_lr=1072 muon_lr=0.02 muon_momentum=0.6 muon_nesterov=False muon_grad_momentum_norm_ratio=0.620608
train_loss run=25 step=16/20 loss=0.8762 head_lr=1072 muon_lr=0.015 muon_momentum=0.6 muon_nesterov=False muon_grad_momentum_norm_ratio=0.564017
train_loss run=25 step=17/20 loss=0.8730 head_lr=1072 muon_lr=0.01 muon_momentum=0.6 muon_nesterov=False muon_grad_momentum_norm_ratio=0.59288
train_loss run=25 step=18/20 loss=0.8714 head_lr=1072 muon_lr=0.0056 muon_momentum=0.6 muon_nesterov=False muon_grad_momentum_norm_ratio=0.560573
main interval: 0.0056 0.0056 0.6 loss=0.869925
main interval: 0.0093 0.0093 0.6 loss=0.871169
main interval: 0.0093 0.0056 0.6 loss=0.869876
main interval: 0.0093 0.0034 0.6 loss=0.870766
main interval: 0.0056 0.0093 0.6 loss=0.871408
main interval: 0.0056 0.0034 0.6 loss=0.869982
main interval: 0.0034 0.0093 0.6 loss=0.871315
main interval: 0.0034 0.0056 0.6 loss=0.870330
main interval: 0.0034 0.0034 0.6 loss=0.870130
main interval: 0.0056 0.0056 0.5 loss=0.869893
main interval: 0.0056 0.0056 0.7 loss=0.869722
main interval: 0.0093 0.0093 0.7 loss=0.870786
main interval: 0.0093 0.0056 0.7 loss=0.869636
main interval: 0.0093 0.0034 0.7 loss=0.870350
main interval: 0.0056 0.0093 0.7 loss=0.870734
main interval: 0.0056 0.0034 0.7 loss=0.870023
main interval: 0.0034 0.0093 0.7 loss=0.871150
main interval: 0.0034 0.0056 0.7 loss=0.870421
main interval: 0.0034 0.0034 0.7 loss=0.870186
main interval: 0.0056 0.0056 0.8 loss=0.870414
main interval: 0.016 0.0093 0.7 loss=0.870100
main interval: 0.016 0.0056 0.7 loss=0.870183
main interval: 0.016 0.0034 0.7 loss=0.875787
main interval: 0.0093 0.0056 0.8 loss=0.873034
best_muon_lr=[0.0093,0.0056] best_muon_momentum=0.7 interval_loss=0.869636 final_loss=0.869636 evaluated_interval_configs=24 evaluated_configs=24
train_loss run=25 step=19/20 loss=0.8710 head_lr=1072 muon_lr=0.0093 muon_momentum=0.7 muon_nesterov=False muon_grad_momentum_norm_ratio=0.435452
train_loss run=25 step=20/20 loss=0.8696 head_lr=1072 muon_lr=0.0056 muon_momentum=0.7 muon_nesterov=False muon_grad_momentum_norm_ratio=0.731182
Batch size:          2000
N steps:             9
M cooldown steps:    0
Interval scheduler:  linear
LR connectedness:    jump_allowed
Muon orthogonalize:  True
Momentum config:     search_momentum_fixed_nesterov_false
Search momentum:     True
Muon nesterov:       False
Initial Muon lr:     0.2
Initial Muon lr k:   0
Initial Muon mom:    0.6
Initial Muon mom i:  6
Final start lr:      0.0093
Final start lr k:    6
Final Muon lr:       0.0056
Final Muon lr k:     7
Final end lr:        0.0056
Final end lr k:      7
Final Muon momentum: 0.7
Final Muon nesterov: False
Final Muon mom i:    7
SGD lr mult:         0.8
Initial train loss:  2.313483
Final train loss:    0.869636
Run seconds:         40.029
cifar_baseline2_overfit_n_search run=26 batch_size=2000 train_steps=20 N=9 M=0 interval_scheduler=linear lr_connectedness=continuous_double muon_orthogonalize=True momentum_config=search_momentum_fixed_nesterov_false search_momentum=True muon_nesterov=False initial_muon_lr=0.2 initial_muon_lr_k=0 initial_muon_momentum=0.6 initial_muon_momentum_index=6
train_loss run=26 step=0/20 loss=2.3135 head_lr=1072 muon_lr=0.2 muon_momentum=0.6 muon_nesterov=False muon_grad_momentum_norm_ratio=none
main interval: 0.2 0.2 0.6 loss=1.335295
main interval: 0.33 0.33 0.6 loss=1.577574
main interval: 0.33 0.2 0.6 loss=1.385645
main interval: 0.33 0.12 0.6 loss=1.265340
main interval: 0.2 0.33 0.6 loss=1.510212
main interval: 0.2 0.12 0.6 loss=1.144894
main interval: 0.12 0.33 0.6 loss=1.501196
main interval: 0.12 0.2 0.6 loss=1.276953
main interval: 0.12 0.12 0.6 loss=1.182602
main interval: 0.2 0.2 0.5 loss=1.285723
main interval: 0.2 0.2 0.7 loss=1.334141
main interval: 0.33 0.072 0.6 loss=1.181993
main interval: 0.2 0.072 0.6 loss=1.059680
main interval: 0.12 0.072 0.6 loss=1.018879
main interval: 0.2 0.12 0.5 loss=1.134627
main interval: 0.2 0.12 0.7 loss=1.137306
main interval: 0.2 0.043 0.6 loss=1.037570
main interval: 0.12 0.043 0.6 loss=0.996777
main interval: 0.072 0.12 0.6 loss=1.211474
main interval: 0.072 0.072 0.6 loss=1.100497
main interval: 0.072 0.043 0.6 loss=1.075853
main interval: 0.12 0.072 0.5 loss=1.048333
main interval: 0.12 0.072 0.7 loss=1.030718
main interval: 0.2 0.026 0.6 loss=1.045667
main interval: 0.12 0.026 0.6 loss=1.008831
main interval: 0.072 0.026 0.6 loss=1.096313
main interval: 0.12 0.043 0.5 loss=0.997223
main interval: 0.12 0.043 0.7 loss=0.998592
best_muon_lr=[0.12,0.043] best_muon_momentum=0.6 interval_loss=0.996777 final_loss=0.996777 evaluated_interval_configs=28 evaluated_configs=28
train_loss run=26 step=1/20 loss=2.2201 head_lr=1072 muon_lr=0.12 muon_momentum=0.6 muon_nesterov=False muon_grad_momentum_norm_ratio=1
train_loss run=26 step=2/20 loss=2.2051 head_lr=1072 muon_lr=0.11 muon_momentum=0.6 muon_nesterov=False muon_grad_momentum_norm_ratio=0.652001
train_loss run=26 step=3/20 loss=1.9593 head_lr=1072 muon_lr=0.1 muon_momentum=0.6 muon_nesterov=False muon_grad_momentum_norm_ratio=0.628417
train_loss run=26 step=4/20 loss=1.7580 head_lr=1072 muon_lr=0.091 muon_momentum=0.6 muon_nesterov=False muon_grad_momentum_norm_ratio=0.545011
train_loss run=26 step=5/20 loss=1.5453 head_lr=1072 muon_lr=0.081 muon_momentum=0.6 muon_nesterov=False muon_grad_momentum_norm_ratio=0.59448
train_loss run=26 step=6/20 loss=1.3620 head_lr=1072 muon_lr=0.072 muon_momentum=0.6 muon_nesterov=False muon_grad_momentum_norm_ratio=0.659228
train_loss run=26 step=7/20 loss=1.2206 head_lr=1072 muon_lr=0.062 muon_momentum=0.6 muon_nesterov=False muon_grad_momentum_norm_ratio=0.694218
train_loss run=26 step=8/20 loss=1.0912 head_lr=1072 muon_lr=0.053 muon_momentum=0.6 muon_nesterov=False muon_grad_momentum_norm_ratio=0.673921
train_loss run=26 step=9/20 loss=0.9968 head_lr=1072 muon_lr=0.043 muon_momentum=0.6 muon_nesterov=False muon_grad_momentum_norm_ratio=0.594089
main interval: 0.043 0.043 0.6 loss=0.902867
main interval: 0.043 0.072 0.6 loss=0.921869
main interval: 0.043 0.026 0.6 loss=0.879432
main interval: 0.043 0.043 0.5 loss=0.899729
main interval: 0.043 0.043 0.7 loss=0.888623
main interval: 0.043 0.016 0.6 loss=0.874424
main interval: 0.043 0.026 0.5 loss=0.880582
main interval: 0.043 0.026 0.7 loss=0.880381
main interval: 0.043 0.0093 0.6 loss=0.871672
main interval: 0.043 0.016 0.5 loss=0.875490
main interval: 0.043 0.016 0.7 loss=0.873509
main interval: 0.043 0.0056 0.6 loss=0.871079
main interval: 0.043 0.0093 0.5 loss=0.872421
main interval: 0.043 0.0093 0.7 loss=0.871974
main interval: 0.043 0.0034 0.6 loss=0.871287
main interval: 0.043 0.0056 0.5 loss=0.871787
main interval: 0.043 0.0056 0.7 loss=0.872129
best_muon_lr=[0.043,0.0056] best_muon_momentum=0.6 interval_loss=0.871079 final_loss=0.871079 evaluated_interval_configs=17 evaluated_configs=17
train_loss run=26 step=10/20 loss=0.9948 head_lr=1072 muon_lr=0.043 muon_momentum=0.6 muon_nesterov=False muon_grad_momentum_norm_ratio=0.885209
train_loss run=26 step=11/20 loss=0.9305 head_lr=1072 muon_lr=0.038 muon_momentum=0.6 muon_nesterov=False muon_grad_momentum_norm_ratio=0.730636
train_loss run=26 step=12/20 loss=0.9129 head_lr=1072 muon_lr=0.034 muon_momentum=0.6 muon_nesterov=False muon_grad_momentum_norm_ratio=0.512433
train_loss run=26 step=13/20 loss=0.8942 head_lr=1072 muon_lr=0.029 muon_momentum=0.6 muon_nesterov=False muon_grad_momentum_norm_ratio=0.66644
train_loss run=26 step=14/20 loss=0.8869 head_lr=1072 muon_lr=0.024 muon_momentum=0.6 muon_nesterov=False muon_grad_momentum_norm_ratio=0.526123
train_loss run=26 step=15/20 loss=0.8799 head_lr=1072 muon_lr=0.02 muon_momentum=0.6 muon_nesterov=False muon_grad_momentum_norm_ratio=0.623649
train_loss run=26 step=16/20 loss=0.8758 head_lr=1072 muon_lr=0.015 muon_momentum=0.6 muon_nesterov=False muon_grad_momentum_norm_ratio=0.5945
train_loss run=26 step=17/20 loss=0.8727 head_lr=1072 muon_lr=0.01 muon_momentum=0.6 muon_nesterov=False muon_grad_momentum_norm_ratio=0.605255
train_loss run=26 step=18/20 loss=0.8711 head_lr=1072 muon_lr=0.0056 muon_momentum=0.6 muon_nesterov=False muon_grad_momentum_norm_ratio=0.564727
main interval: 0.0056 0.0056 0.6 loss=0.869737
main interval: 0.0056 0.0093 0.6 loss=0.871328
main interval: 0.0056 0.0034 0.6 loss=0.869570
main interval: 0.0056 0.0056 0.5 loss=0.869927
main interval: 0.0056 0.0056 0.7 loss=0.869820
main interval: 0.0056 0.002 0.6 loss=0.869699
main interval: 0.0056 0.0034 0.5 loss=0.869595
main interval: 0.0056 0.0034 0.7 loss=0.869505
main interval: 0.0056 0.002 0.7 loss=0.869729
main interval: 0.0056 0.0034 0.8 loss=0.869612
best_muon_lr=[0.0056,0.0034] best_muon_momentum=0.7 interval_loss=0.869505 final_loss=0.869505 evaluated_interval_configs=10 evaluated_configs=10
train_loss run=26 step=19/20 loss=0.8705 head_lr=1072 muon_lr=0.0056 muon_momentum=0.7 muon_nesterov=False muon_grad_momentum_norm_ratio=0.512264
train_loss run=26 step=20/20 loss=0.8695 head_lr=1072 muon_lr=0.0034 muon_momentum=0.7 muon_nesterov=False muon_grad_momentum_norm_ratio=0.640594
Batch size:          2000
N steps:             9
M cooldown steps:    0
Interval scheduler:  linear
LR connectedness:    continuous_double
Muon orthogonalize:  True
Momentum config:     search_momentum_fixed_nesterov_false
Search momentum:     True
Muon nesterov:       False
Initial Muon lr:     0.2
Initial Muon lr k:   0
Initial Muon mom:    0.6
Initial Muon mom i:  6
Final start lr:      0.0056
Final start lr k:    7
Final Muon lr:       0.0034
Final Muon lr k:     8
Final end lr:        0.0034
Final end lr k:      8
Final Muon momentum: 0.7
Final Muon nesterov: False
Final Muon mom i:    7
SGD lr mult:         0.8
Initial train loss:  2.313483
Final train loss:    0.869505
Run seconds:         28.072
cifar_baseline2_overfit_n_search run=27 batch_size=2000 train_steps=20 N=9 M=0 interval_scheduler=linear lr_connectedness=continuous_single muon_orthogonalize=True momentum_config=search_momentum_fixed_nesterov_false search_momentum=True muon_nesterov=False initial_muon_lr=0.2 initial_muon_lr_k=0 initial_muon_momentum=0.6 initial_muon_momentum_index=6
train_loss run=27 step=0/20 loss=2.3135 head_lr=1072 muon_lr=0.2 muon_momentum=0.6 muon_nesterov=False muon_grad_momentum_norm_ratio=none
main interval: 0.2 0.2 0.6 loss=1.335295
main interval: 0.33 0.33 0.6 loss=1.577574
main interval: 0.33 0.2 0.6 loss=1.385645
main interval: 0.33 0.12 0.6 loss=1.265340
main interval: 0.2 0.33 0.6 loss=1.510212
main interval: 0.2 0.12 0.6 loss=1.144894
main interval: 0.12 0.33 0.6 loss=1.501196
main interval: 0.12 0.2 0.6 loss=1.276953
main interval: 0.12 0.12 0.6 loss=1.182602
main interval: 0.2 0.2 0.5 loss=1.285723
main interval: 0.2 0.2 0.7 loss=1.334141
main interval: 0.33 0.072 0.6 loss=1.181993
main interval: 0.2 0.072 0.6 loss=1.059680
main interval: 0.12 0.072 0.6 loss=1.018879
main interval: 0.2 0.12 0.5 loss=1.134627
main interval: 0.2 0.12 0.7 loss=1.137306
main interval: 0.2 0.043 0.6 loss=1.037570
main interval: 0.12 0.043 0.6 loss=0.996777
main interval: 0.072 0.12 0.6 loss=1.211474
main interval: 0.072 0.072 0.6 loss=1.100497
main interval: 0.072 0.043 0.6 loss=1.075853
main interval: 0.12 0.072 0.5 loss=1.048333
main interval: 0.12 0.072 0.7 loss=1.030718
main interval: 0.2 0.026 0.6 loss=1.045667
main interval: 0.12 0.026 0.6 loss=1.008831
main interval: 0.072 0.026 0.6 loss=1.096313
main interval: 0.12 0.043 0.5 loss=0.997223
main interval: 0.12 0.043 0.7 loss=0.998592
best_muon_lr=[0.12,0.043] best_muon_momentum=0.6 interval_loss=0.996777 final_loss=0.996777 evaluated_interval_configs=28 evaluated_configs=28
train_loss run=27 step=1/20 loss=2.2201 head_lr=1072 muon_lr=0.12 muon_momentum=0.6 muon_nesterov=False muon_grad_momentum_norm_ratio=1
train_loss run=27 step=2/20 loss=2.2051 head_lr=1072 muon_lr=0.11 muon_momentum=0.6 muon_nesterov=False muon_grad_momentum_norm_ratio=0.652001
train_loss run=27 step=3/20 loss=1.9593 head_lr=1072 muon_lr=0.1 muon_momentum=0.6 muon_nesterov=False muon_grad_momentum_norm_ratio=0.628417
train_loss run=27 step=4/20 loss=1.7580 head_lr=1072 muon_lr=0.091 muon_momentum=0.6 muon_nesterov=False muon_grad_momentum_norm_ratio=0.545011
train_loss run=27 step=5/20 loss=1.5453 head_lr=1072 muon_lr=0.081 muon_momentum=0.6 muon_nesterov=False muon_grad_momentum_norm_ratio=0.59448
train_loss run=27 step=6/20 loss=1.3620 head_lr=1072 muon_lr=0.072 muon_momentum=0.6 muon_nesterov=False muon_grad_momentum_norm_ratio=0.659228
train_loss run=27 step=7/20 loss=1.2206 head_lr=1072 muon_lr=0.062 muon_momentum=0.6 muon_nesterov=False muon_grad_momentum_norm_ratio=0.694218
train_loss run=27 step=8/20 loss=1.0912 head_lr=1072 muon_lr=0.053 muon_momentum=0.6 muon_nesterov=False muon_grad_momentum_norm_ratio=0.673921
train_loss run=27 step=9/20 loss=0.9968 head_lr=1072 muon_lr=0.043 muon_momentum=0.6 muon_nesterov=False muon_grad_momentum_norm_ratio=0.594089
main interval: 0.043 0.043 0.6 loss=0.902867
main interval: 0.043 0.072 0.6 loss=0.919164
main interval: 0.043 0.026 0.6 loss=0.881103
main interval: 0.043 0.043 0.5 loss=0.898506
main interval: 0.043 0.043 0.7 loss=0.889330
main interval: 0.043 0.016 0.6 loss=0.873216
main interval: 0.043 0.026 0.5 loss=0.883700
main interval: 0.043 0.026 0.7 loss=0.877419
main interval: 0.043 0.0093 0.6 loss=0.871638
main interval: 0.043 0.016 0.5 loss=0.875112
main interval: 0.043 0.016 0.7 loss=0.874337
main interval: 0.043 0.0056 0.6 loss=0.870882
main interval: 0.043 0.0093 0.5 loss=0.872279
main interval: 0.043 0.0093 0.7 loss=0.871865
main interval: 0.043 0.0034 0.6 loss=0.871256
main interval: 0.043 0.0056 0.5 loss=0.871557
main interval: 0.043 0.0056 0.7 loss=0.871840
best_muon_lr=[0.043,0.0056] best_muon_momentum=0.6 interval_loss=0.870882 final_loss=0.870882 evaluated_interval_configs=17 evaluated_configs=17
train_loss run=27 step=10/20 loss=0.9838 head_lr=1072 muon_lr=0.039 muon_momentum=0.6 muon_nesterov=False muon_grad_momentum_norm_ratio=0.862715
train_loss run=27 step=11/20 loss=0.9264 head_lr=1072 muon_lr=0.035 muon_momentum=0.6 muon_nesterov=False muon_grad_momentum_norm_ratio=0.704919
train_loss run=27 step=12/20 loss=0.9064 head_lr=1072 muon_lr=0.031 muon_momentum=0.6 muon_nesterov=False muon_grad_momentum_norm_ratio=0.537291
train_loss run=27 step=13/20 loss=0.8915 head_lr=1072 muon_lr=0.026 muon_momentum=0.6 muon_nesterov=False muon_grad_momentum_norm_ratio=0.6477
train_loss run=27 step=14/20 loss=0.8847 head_lr=1072 muon_lr=0.022 muon_momentum=0.6 muon_nesterov=False muon_grad_momentum_norm_ratio=0.543849
train_loss run=27 step=15/20 loss=0.8793 head_lr=1072 muon_lr=0.018 muon_momentum=0.6 muon_nesterov=False muon_grad_momentum_norm_ratio=0.640971
train_loss run=27 step=16/20 loss=0.8755 head_lr=1072 muon_lr=0.014 muon_momentum=0.6 muon_nesterov=False muon_grad_momentum_norm_ratio=0.607542
train_loss run=27 step=17/20 loss=0.8725 head_lr=1072 muon_lr=0.0098 muon_momentum=0.6 muon_nesterov=False muon_grad_momentum_norm_ratio=0.61257
train_loss run=27 step=18/20 loss=0.8709 head_lr=1072 muon_lr=0.0056 muon_momentum=0.6 muon_nesterov=False muon_grad_momentum_norm_ratio=0.581512
main interval: 0.0056 0.0056 0.6 loss=0.869680
main interval: 0.0056 0.0093 0.6 loss=0.871243
main interval: 0.0056 0.0034 0.6 loss=0.869507
main interval: 0.0056 0.0056 0.5 loss=0.869854
main interval: 0.0056 0.0056 0.7 loss=0.869776
main interval: 0.0056 0.002 0.6 loss=0.869740
main interval: 0.0056 0.0034 0.5 loss=0.869585
main interval: 0.0056 0.0034 0.7 loss=0.869528
best_muon_lr=[0.0056,0.0034] best_muon_momentum=0.6 interval_loss=0.869507 final_loss=0.869507 evaluated_interval_configs=8 evaluated_configs=8
train_loss run=27 step=19/20 loss=0.8704 head_lr=1072 muon_lr=0.0045 muon_momentum=0.6 muon_nesterov=False muon_grad_momentum_norm_ratio=0.454481
train_loss run=27 step=20/20 loss=0.8695 head_lr=1072 muon_lr=0.0034 muon_momentum=0.6 muon_nesterov=False muon_grad_momentum_norm_ratio=0.695358
Batch size:          2000
N steps:             9
M cooldown steps:    0
Interval scheduler:  linear
LR connectedness:    continuous_single
Muon orthogonalize:  True
Momentum config:     search_momentum_fixed_nesterov_false
Search momentum:     True
Muon nesterov:       False
Initial Muon lr:     0.2
Initial Muon lr k:   0
Initial Muon mom:    0.6
Initial Muon mom i:  6
Final start lr:      0.0056
Final start lr k:    7
Final Muon lr:       0.0034
Final Muon lr k:     8
Final end lr:        0.0034
Final end lr k:      8
Final Muon momentum: 0.6
Final Muon nesterov: False
Final Muon mom i:    6
SGD lr mult:         0.8
Initial train loss:  2.313483
Final train loss:    0.869507
Run seconds:         27.783
cifar_baseline2_overfit_n_search run=28 batch_size=10000 train_steps=30 N=1 M=0 interval_scheduler=constant lr_connectedness=jump_allowed muon_orthogonalize=True momentum_config=search_momentum_fixed_nesterov_false search_momentum=True muon_nesterov=False initial_muon_lr=0.2 initial_muon_lr_k=0 initial_muon_momentum=0.6 initial_muon_momentum_index=6
train_loss run=28 step=0/30 loss=2.3141 head_lr=1072 muon_lr=0.2 muon_momentum=0.6 muon_nesterov=False muon_grad_momentum_norm_ratio=none
main interval: 0.2 0.2 0.6 loss=2.252225
main interval: 0.33 0.33 0.6 loss=2.262692
main interval: 0.12 0.12 0.6 loss=2.254384
main interval: 0.2 0.2 0.5 loss=2.252225
main interval: 0.2 0.2 0.7 loss=2.252225
main interval: 0.33 0.33 0.5 loss=2.262692
main interval: 0.12 0.12 0.5 loss=2.254384
main interval: 0.2 0.2 0.4 loss=2.252225
main interval: 0.33 0.33 0.4 loss=2.262692
main interval: 0.12 0.12 0.4 loss=2.254384
main interval: 0.2 0.2 0.3 loss=2.252225
main interval: 0.33 0.33 0.3 loss=2.262692
main interval: 0.12 0.12 0.3 loss=2.254384
main interval: 0.2 0.2 0.2 loss=2.252225
main interval: 0.33 0.33 0.2 loss=2.262692
main interval: 0.12 0.12 0.2 loss=2.254384
main interval: 0.2 0.2 0.1 loss=2.252225
main interval: 0.33 0.33 0.1 loss=2.262692
main interval: 0.12 0.12 0.1 loss=2.254384
main interval: 0.2 0.2 0 loss=2.252225
main interval: 0.33 0.33 0 loss=2.262692
main interval: 0.12 0.12 0 loss=2.254384
best_muon_lr=[0.2,0.2] best_muon_momentum=0 interval_loss=2.252225 final_loss=2.252225 evaluated_interval_configs=22 evaluated_configs=22
train_loss run=28 step=1/30 loss=2.2522 head_lr=1072 muon_lr=0.2 muon_momentum=0 muon_nesterov=False muon_grad_momentum_norm_ratio=1
main interval: 0.2 0.2 0 loss=2.236141
main interval: 0.33 0.33 0 loss=2.328702
main interval: 0.12 0.12 0 loss=2.395368
main interval: 0.2 0.2 0.1 loss=2.466923
best_muon_lr=[0.2,0.2] best_muon_momentum=0 interval_loss=2.236141 final_loss=2.236141 evaluated_interval_configs=4 evaluated_configs=4
train_loss run=28 step=2/30 loss=2.2361 head_lr=1072 muon_lr=0.2 muon_momentum=0 muon_nesterov=False muon_grad_momentum_norm_ratio=1
main interval: 0.2 0.2 0 loss=2.026303
main interval: 0.33 0.33 0 loss=2.052130
main interval: 0.12 0.12 0 loss=2.029408
main interval: 0.2 0.2 0.1 loss=2.081712
best_muon_lr=[0.2,0.2] best_muon_momentum=0 interval_loss=2.026303 final_loss=2.026303 evaluated_interval_configs=4 evaluated_configs=4
train_loss run=28 step=3/30 loss=2.0263 head_lr=1072 muon_lr=0.2 muon_momentum=0 muon_nesterov=False muon_grad_momentum_norm_ratio=1
main interval: 0.2 0.2 0 loss=1.917508
main interval: 0.33 0.33 0 loss=2.012039
main interval: 0.12 0.12 0 loss=1.865855
main interval: 0.2 0.2 0.1 loss=1.914761
main interval: 0.072 0.072 0 loss=1.860872
main interval: 0.12 0.12 0.1 loss=1.873189
main interval: 0.043 0.043 0 loss=1.877131
main interval: 0.072 0.072 0.1 loss=1.870797
best_muon_lr=[0.072,0.072] best_muon_momentum=0 interval_loss=1.860872 final_loss=1.860872 evaluated_interval_configs=8 evaluated_configs=8
train_loss run=28 step=4/30 loss=1.8609 head_lr=1072 muon_lr=0.072 muon_momentum=0 muon_nesterov=False muon_grad_momentum_norm_ratio=1
main interval: 0.072 0.072 0 loss=1.736338
main interval: 0.12 0.12 0 loss=1.793426
main interval: 0.043 0.043 0 loss=1.730048
main interval: 0.072 0.072 0.1 loss=1.761396
main interval: 0.026 0.026 0 loss=1.761666
main interval: 0.043 0.043 0.1 loss=1.778795
best_muon_lr=[0.043,0.043] best_muon_momentum=0 interval_loss=1.730048 final_loss=1.730048 evaluated_interval_configs=6 evaluated_configs=6
train_loss run=28 step=5/30 loss=1.7300 head_lr=1072 muon_lr=0.043 muon_momentum=0 muon_nesterov=False muon_grad_momentum_norm_ratio=1
main interval: 0.043 0.043 0 loss=1.632939
main interval: 0.072 0.072 0 loss=1.659962
main interval: 0.026 0.026 0 loss=1.646181
main interval: 0.043 0.043 0.1 loss=1.653703
best_muon_lr=[0.043,0.043] best_muon_momentum=0 interval_loss=1.632939 final_loss=1.632939 evaluated_interval_configs=4 evaluated_configs=4
train_loss run=28 step=6/30 loss=1.6329 head_lr=1072 muon_lr=0.043 muon_momentum=0 muon_nesterov=False muon_grad_momentum_norm_ratio=1
main interval: 0.043 0.043 0 loss=1.573195
main interval: 0.072 0.072 0 loss=1.619700
main interval: 0.026 0.026 0 loss=1.574871
main interval: 0.043 0.043 0.1 loss=1.585154
best_muon_lr=[0.043,0.043] best_muon_momentum=0 interval_loss=1.573195 final_loss=1.573195 evaluated_interval_configs=4 evaluated_configs=4
train_loss run=28 step=7/30 loss=1.5732 head_lr=1072 muon_lr=0.043 muon_momentum=0 muon_nesterov=False muon_grad_momentum_norm_ratio=1
main interval: 0.043 0.043 0 loss=1.527057
main interval: 0.072 0.072 0 loss=1.644634
main interval: 0.026 0.026 0 loss=1.529867
main interval: 0.043 0.043 0.1 loss=1.571248
best_muon_lr=[0.043,0.043] best_muon_momentum=0 interval_loss=1.527057 final_loss=1.527057 evaluated_interval_configs=4 evaluated_configs=4
train_loss run=28 step=8/30 loss=1.5271 head_lr=1072 muon_lr=0.043 muon_momentum=0 muon_nesterov=False muon_grad_momentum_norm_ratio=1
main interval: 0.043 0.043 0 loss=1.493330
main interval: 0.072 0.072 0 loss=1.640946
main interval: 0.026 0.026 0 loss=1.507242
main interval: 0.043 0.043 0.1 loss=1.573123
best_muon_lr=[0.043,0.043] best_muon_momentum=0 interval_loss=1.493330 final_loss=1.493330 evaluated_interval_configs=4 evaluated_configs=4
train_loss run=28 step=9/30 loss=1.4933 head_lr=1072 muon_lr=0.043 muon_momentum=0 muon_nesterov=False muon_grad_momentum_norm_ratio=1
main interval: 0.043 0.043 0 loss=1.457002
main interval: 0.072 0.072 0 loss=1.645548
main interval: 0.026 0.026 0 loss=1.494231
main interval: 0.043 0.043 0.1 loss=1.594742
best_muon_lr=[0.043,0.043] best_muon_momentum=0 interval_loss=1.457002 final_loss=1.457002 evaluated_interval_configs=4 evaluated_configs=4
train_loss run=28 step=10/30 loss=1.4570 head_lr=1072 muon_lr=0.043 muon_momentum=0 muon_nesterov=False muon_grad_momentum_norm_ratio=1
main interval: 0.043 0.043 0 loss=1.437851
main interval: 0.072 0.072 0 loss=1.671595
main interval: 0.026 0.026 0 loss=1.508421
main interval: 0.043 0.043 0.1 loss=1.643656
best_muon_lr=[0.043,0.043] best_muon_momentum=0 interval_loss=1.437851 final_loss=1.437851 evaluated_interval_configs=4 evaluated_configs=4
train_loss run=28 step=11/30 loss=1.4379 head_lr=1072 muon_lr=0.043 muon_momentum=0 muon_nesterov=False muon_grad_momentum_norm_ratio=1
main interval: 0.043 0.043 0 loss=1.410396
main interval: 0.072 0.072 0 loss=1.678733
main interval: 0.026 0.026 0 loss=1.525222
main interval: 0.043 0.043 0.1 loss=1.719366
best_muon_lr=[0.043,0.043] best_muon_momentum=0 interval_loss=1.410396 final_loss=1.410396 evaluated_interval_configs=4 evaluated_configs=4
train_loss run=28 step=12/30 loss=1.4104 head_lr=1072 muon_lr=0.043 muon_momentum=0 muon_nesterov=False muon_grad_momentum_norm_ratio=1
main interval: 0.043 0.043 0 loss=1.415226
main interval: 0.072 0.072 0 loss=1.734812
main interval: 0.026 0.026 0 loss=1.525057
main interval: 0.043 0.043 0.1 loss=1.735414
best_muon_lr=[0.043,0.043] best_muon_momentum=0 interval_loss=1.415226 final_loss=1.415226 evaluated_interval_configs=4 evaluated_configs=4
train_loss run=28 step=13/30 loss=1.4152 head_lr=1072 muon_lr=0.043 muon_momentum=0 muon_nesterov=False muon_grad_momentum_norm_ratio=1
main interval: 0.043 0.043 0 loss=1.377519
main interval: 0.072 0.072 0 loss=1.725083
main interval: 0.026 0.026 0 loss=1.549658
main interval: 0.043 0.043 0.1 loss=1.814162
best_muon_lr=[0.043,0.043] best_muon_momentum=0 interval_loss=1.377519 final_loss=1.377519 evaluated_interval_configs=4 evaluated_configs=4
train_loss run=28 step=14/30 loss=1.3775 head_lr=1072 muon_lr=0.043 muon_momentum=0 muon_nesterov=False muon_grad_momentum_norm_ratio=1
main interval: 0.043 0.043 0 loss=1.343136
main interval: 0.072 0.072 0 loss=1.701877
main interval: 0.026 0.026 0 loss=1.502105
main interval: 0.043 0.043 0.1 loss=1.763250
best_muon_lr=[0.043,0.043] best_muon_momentum=0 interval_loss=1.343136 final_loss=1.343136 evaluated_interval_configs=4 evaluated_configs=4
train_loss run=28 step=15/30 loss=1.3431 head_lr=1072 muon_lr=0.043 muon_momentum=0 muon_nesterov=False muon_grad_momentum_norm_ratio=1
main interval: 0.043 0.043 0 loss=1.311409
main interval: 0.072 0.072 0 loss=1.656809
main interval: 0.026 0.026 0 loss=1.443701
main interval: 0.043 0.043 0.1 loss=1.687701
best_muon_lr=[0.043,0.043] best_muon_momentum=0 interval_loss=1.311409 final_loss=1.311409 evaluated_interval_configs=4 evaluated_configs=4
train_loss run=28 step=16/30 loss=1.3114 head_lr=1072 muon_lr=0.043 muon_momentum=0 muon_nesterov=False muon_grad_momentum_norm_ratio=1
main interval: 0.043 0.043 0 loss=1.289675
main interval: 0.072 0.072 0 loss=1.638497
main interval: 0.026 0.026 0 loss=1.401323
main interval: 0.043 0.043 0.1 loss=1.637961
best_muon_lr=[0.043,0.043] best_muon_momentum=0 interval_loss=1.289675 final_loss=1.289675 evaluated_interval_configs=4 evaluated_configs=4
train_loss run=28 step=17/30 loss=1.2897 head_lr=1072 muon_lr=0.043 muon_momentum=0 muon_nesterov=False muon_grad_momentum_norm_ratio=1
main interval: 0.043 0.043 0 loss=1.275623
main interval: 0.072 0.072 0 loss=1.634732
main interval: 0.026 0.026 0 loss=1.374521
main interval: 0.043 0.043 0.1 loss=1.612489
best_muon_lr=[0.043,0.043] best_muon_momentum=0 interval_loss=1.275623 final_loss=1.275623 evaluated_interval_configs=4 evaluated_configs=4
train_loss run=28 step=18/30 loss=1.2756 head_lr=1072 muon_lr=0.043 muon_momentum=0 muon_nesterov=False muon_grad_momentum_norm_ratio=1
main interval: 0.043 0.043 0 loss=1.269417
main interval: 0.072 0.072 0 loss=1.635458
main interval: 0.026 0.026 0 loss=1.375699
main interval: 0.043 0.043 0.1 loss=1.626573
best_muon_lr=[0.043,0.043] best_muon_momentum=0 interval_loss=1.269417 final_loss=1.269417 evaluated_interval_configs=4 evaluated_configs=4
train_loss run=28 step=19/30 loss=1.2694 head_lr=1072 muon_lr=0.043 muon_momentum=0 muon_nesterov=False muon_grad_momentum_norm_ratio=1
main interval: 0.043 0.043 0 loss=1.226478
main interval: 0.072 0.072 0 loss=1.605826
main interval: 0.026 0.026 0 loss=1.323598
main interval: 0.043 0.043 0.1 loss=1.556892
best_muon_lr=[0.043,0.043] best_muon_momentum=0 interval_loss=1.226478 final_loss=1.226478 evaluated_interval_configs=4 evaluated_configs=4
train_loss run=28 step=20/30 loss=1.2265 head_lr=1072 muon_lr=0.043 muon_momentum=0 muon_nesterov=False muon_grad_momentum_norm_ratio=1
main interval: 0.043 0.043 0 loss=1.213659
main interval: 0.072 0.072 0 loss=1.535205
main interval: 0.026 0.026 0 loss=1.306110
main interval: 0.043 0.043 0.1 loss=1.526702
best_muon_lr=[0.043,0.043] best_muon_momentum=0 interval_loss=1.213659 final_loss=1.213659 evaluated_interval_configs=4 evaluated_configs=4
train_loss run=28 step=21/30 loss=1.2137 head_lr=1072 muon_lr=0.043 muon_momentum=0 muon_nesterov=False muon_grad_momentum_norm_ratio=1
main interval: 0.043 0.043 0 loss=1.178543
main interval: 0.072 0.072 0 loss=1.569011
main interval: 0.026 0.026 0 loss=1.263263
main interval: 0.043 0.043 0.1 loss=1.501824
best_muon_lr=[0.043,0.043] best_muon_momentum=0 interval_loss=1.178543 final_loss=1.178543 evaluated_interval_configs=4 evaluated_configs=4
train_loss run=28 step=22/30 loss=1.1785 head_lr=1072 muon_lr=0.043 muon_momentum=0 muon_nesterov=False muon_grad_momentum_norm_ratio=1
main interval: 0.043 0.043 0 loss=1.179831
main interval: 0.072 0.072 0 loss=1.486237
main interval: 0.026 0.026 0 loss=1.268300
main interval: 0.043 0.043 0.1 loss=1.468939
best_muon_lr=[0.043,0.043] best_muon_momentum=0 interval_loss=1.179831 final_loss=1.179831 evaluated_interval_configs=4 evaluated_configs=4
train_loss run=28 step=23/30 loss=1.1798 head_lr=1072 muon_lr=0.043 muon_momentum=0 muon_nesterov=False muon_grad_momentum_norm_ratio=1
main interval: 0.043 0.043 0 loss=1.124101
main interval: 0.072 0.072 0 loss=1.488478
main interval: 0.026 0.026 0 loss=1.191221
main interval: 0.043 0.043 0.1 loss=1.416519
best_muon_lr=[0.043,0.043] best_muon_momentum=0 interval_loss=1.124101 final_loss=1.124101 evaluated_interval_configs=4 evaluated_configs=4
train_loss run=28 step=24/30 loss=1.1241 head_lr=1072 muon_lr=0.043 muon_momentum=0 muon_nesterov=False muon_grad_momentum_norm_ratio=1
main interval: 0.043 0.043 0 loss=1.125983
main interval: 0.072 0.072 0 loss=1.432828
main interval: 0.026 0.026 0 loss=1.157689
main interval: 0.043 0.043 0.1 loss=1.333331
best_muon_lr=[0.043,0.043] best_muon_momentum=0 interval_loss=1.125983 final_loss=1.125983 evaluated_interval_configs=4 evaluated_configs=4
train_loss run=28 step=25/30 loss=1.1260 head_lr=1072 muon_lr=0.043 muon_momentum=0 muon_nesterov=False muon_grad_momentum_norm_ratio=1
main interval: 0.043 0.043 0 loss=1.086527
main interval: 0.072 0.072 0 loss=1.393275
main interval: 0.026 0.026 0 loss=1.107682
main interval: 0.043 0.043 0.1 loss=1.264664
best_muon_lr=[0.043,0.043] best_muon_momentum=0 interval_loss=1.086527 final_loss=1.086527 evaluated_interval_configs=4 evaluated_configs=4
train_loss run=28 step=26/30 loss=1.0865 head_lr=1072 muon_lr=0.043 muon_momentum=0 muon_nesterov=False muon_grad_momentum_norm_ratio=1
main interval: 0.043 0.043 0 loss=1.079215
main interval: 0.072 0.072 0 loss=1.364690
main interval: 0.026 0.026 0 loss=1.069825
main interval: 0.043 0.043 0.1 loss=1.209032
main interval: 0.016 0.016 0 loss=1.113596
main interval: 0.026 0.026 0.1 loss=1.185892
best_muon_lr=[0.026,0.026] best_muon_momentum=0 interval_loss=1.069825 final_loss=1.069825 evaluated_interval_configs=6 evaluated_configs=6
train_loss run=28 step=27/30 loss=1.0698 head_lr=1072 muon_lr=0.026 muon_momentum=0 muon_nesterov=False muon_grad_momentum_norm_ratio=1
main interval: 0.026 0.026 0 loss=1.013916
main interval: 0.043 0.043 0 loss=1.135303
main interval: 0.016 0.016 0 loss=1.045457
main interval: 0.026 0.026 0.1 loss=1.143974
best_muon_lr=[0.026,0.026] best_muon_momentum=0 interval_loss=1.013916 final_loss=1.013916 evaluated_interval_configs=4 evaluated_configs=4
train_loss run=28 step=28/30 loss=1.0139 head_lr=1072 muon_lr=0.026 muon_momentum=0 muon_nesterov=False muon_grad_momentum_norm_ratio=1
main interval: 0.026 0.026 0 loss=1.018521
main interval: 0.043 0.043 0 loss=1.151780
main interval: 0.016 0.016 0 loss=1.002807
main interval: 0.026 0.026 0.1 loss=1.051302
main interval: 0.0093 0.0093 0 loss=1.009246
main interval: 0.016 0.016 0.1 loss=1.029040
best_muon_lr=[0.016,0.016] best_muon_momentum=0 interval_loss=1.002807 final_loss=1.002807 evaluated_interval_configs=6 evaluated_configs=6
train_loss run=28 step=29/30 loss=1.0028 head_lr=1072 muon_lr=0.016 muon_momentum=0 muon_nesterov=False muon_grad_momentum_norm_ratio=1
main interval: 0.016 0.016 0 loss=0.977756
main interval: 0.026 0.026 0 loss=1.035097
main interval: 0.0093 0.0093 0 loss=0.997888
main interval: 0.016 0.016 0.1 loss=1.044100
best_muon_lr=[0.016,0.016] best_muon_momentum=0 interval_loss=0.977756 final_loss=0.977756 evaluated_interval_configs=4 evaluated_configs=4
train_loss run=28 step=30/30 loss=0.9778 head_lr=1072 muon_lr=0.016 muon_momentum=0 muon_nesterov=False muon_grad_momentum_norm_ratio=1
Batch size:          10000
N steps:             1
M cooldown steps:    0
Interval scheduler:  constant
LR connectedness:    jump_allowed
Muon orthogonalize:  True
Momentum config:     search_momentum_fixed_nesterov_false
Search momentum:     True
Muon nesterov:       False
Initial Muon lr:     0.2
Initial Muon lr k:   0
Initial Muon mom:    0.6
Initial Muon mom i:  6
Final start lr:      0.016
Final start lr k:    5
Final Muon lr:       0.016
Final Muon lr k:     5
Final end lr:        0.016
Final end lr k:      5
Final Muon momentum: 0
Final Muon nesterov: False
Final Muon mom i:    0
SGD lr mult:         0.8
Initial train loss:  2.314071
Final train loss:    0.977756
Run seconds:         45.035
cifar_baseline2_overfit_n_search run=29 batch_size=10000 train_steps=30 N=1 M=0 interval_scheduler=linear lr_connectedness=jump_allowed muon_orthogonalize=True momentum_config=search_momentum_fixed_nesterov_false search_momentum=True muon_nesterov=False initial_muon_lr=0.2 initial_muon_lr_k=0 initial_muon_momentum=0.6 initial_muon_momentum_index=6
train_loss run=29 step=0/30 loss=2.3141 head_lr=1072 muon_lr=0.2 muon_momentum=0.6 muon_nesterov=False muon_grad_momentum_norm_ratio=none
main interval: 0.2 0.2 0.6 loss=2.252225
main interval: 0.33 0.33 0.6 loss=2.262692
main interval: 0.12 0.12 0.6 loss=2.254384
main interval: 0.2 0.2 0.5 loss=2.252225
main interval: 0.2 0.2 0.7 loss=2.252225
main interval: 0.33 0.33 0.5 loss=2.262692
main interval: 0.12 0.12 0.5 loss=2.254384
main interval: 0.2 0.2 0.4 loss=2.252225
main interval: 0.33 0.33 0.4 loss=2.262692
main interval: 0.12 0.12 0.4 loss=2.254384
main interval: 0.2 0.2 0.3 loss=2.252225
main interval: 0.33 0.33 0.3 loss=2.262692
main interval: 0.12 0.12 0.3 loss=2.254384
main interval: 0.2 0.2 0.2 loss=2.252225
main interval: 0.33 0.33 0.2 loss=2.262692
main interval: 0.12 0.12 0.2 loss=2.254384
main interval: 0.2 0.2 0.1 loss=2.252225
main interval: 0.33 0.33 0.1 loss=2.262692
main interval: 0.12 0.12 0.1 loss=2.254384
main interval: 0.2 0.2 0 loss=2.252225
main interval: 0.33 0.33 0 loss=2.262692
main interval: 0.12 0.12 0 loss=2.254384
best_muon_lr=[0.2,0.2] best_muon_momentum=0 interval_loss=2.252225 final_loss=2.252225 evaluated_interval_configs=22 evaluated_configs=22
train_loss run=29 step=1/30 loss=2.2522 head_lr=1072 muon_lr=0.2 muon_momentum=0 muon_nesterov=False muon_grad_momentum_norm_ratio=1
main interval: 0.2 0.2 0 loss=2.236141
main interval: 0.33 0.33 0 loss=2.328702
main interval: 0.12 0.12 0 loss=2.395368
main interval: 0.2 0.2 0.1 loss=2.466923
best_muon_lr=[0.2,0.2] best_muon_momentum=0 interval_loss=2.236141 final_loss=2.236141 evaluated_interval_configs=4 evaluated_configs=4
train_loss run=29 step=2/30 loss=2.2361 head_lr=1072 muon_lr=0.2 muon_momentum=0 muon_nesterov=False muon_grad_momentum_norm_ratio=1
main interval: 0.2 0.2 0 loss=2.026303
main interval: 0.33 0.33 0 loss=2.052130
main interval: 0.12 0.12 0 loss=2.029408
main interval: 0.2 0.2 0.1 loss=2.081712
best_muon_lr=[0.2,0.2] best_muon_momentum=0 interval_loss=2.026303 final_loss=2.026303 evaluated_interval_configs=4 evaluated_configs=4
train_loss run=29 step=3/30 loss=2.0263 head_lr=1072 muon_lr=0.2 muon_momentum=0 muon_nesterov=False muon_grad_momentum_norm_ratio=1
main interval: 0.2 0.2 0 loss=1.917508
main interval: 0.33 0.33 0 loss=2.012039
main interval: 0.12 0.12 0 loss=1.865855
main interval: 0.2 0.2 0.1 loss=1.914761
main interval: 0.072 0.072 0 loss=1.860872
main interval: 0.12 0.12 0.1 loss=1.873189
main interval: 0.043 0.043 0 loss=1.877131
main interval: 0.072 0.072 0.1 loss=1.870797
best_muon_lr=[0.072,0.072] best_muon_momentum=0 interval_loss=1.860872 final_loss=1.860872 evaluated_interval_configs=8 evaluated_configs=8
train_loss run=29 step=4/30 loss=1.8609 head_lr=1072 muon_lr=0.072 muon_momentum=0 muon_nesterov=False muon_grad_momentum_norm_ratio=1
main interval: 0.072 0.072 0 loss=1.736338
main interval: 0.12 0.12 0 loss=1.793426
main interval: 0.043 0.043 0 loss=1.730048
main interval: 0.072 0.072 0.1 loss=1.761396
main interval: 0.026 0.026 0 loss=1.761666
main interval: 0.043 0.043 0.1 loss=1.778795
best_muon_lr=[0.043,0.043] best_muon_momentum=0 interval_loss=1.730048 final_loss=1.730048 evaluated_interval_configs=6 evaluated_configs=6
train_loss run=29 step=5/30 loss=1.7300 head_lr=1072 muon_lr=0.043 muon_momentum=0 muon_nesterov=False muon_grad_momentum_norm_ratio=1
main interval: 0.043 0.043 0 loss=1.632939
main interval: 0.072 0.072 0 loss=1.659962
main interval: 0.026 0.026 0 loss=1.646181
main interval: 0.043 0.043 0.1 loss=1.653703
best_muon_lr=[0.043,0.043] best_muon_momentum=0 interval_loss=1.632939 final_loss=1.632939 evaluated_interval_configs=4 evaluated_configs=4
train_loss run=29 step=6/30 loss=1.6329 head_lr=1072 muon_lr=0.043 muon_momentum=0 muon_nesterov=False muon_grad_momentum_norm_ratio=1
main interval: 0.043 0.043 0 loss=1.573195
main interval: 0.072 0.072 0 loss=1.619700
main interval: 0.026 0.026 0 loss=1.574871
main interval: 0.043 0.043 0.1 loss=1.585154
best_muon_lr=[0.043,0.043] best_muon_momentum=0 interval_loss=1.573195 final_loss=1.573195 evaluated_interval_configs=4 evaluated_configs=4
train_loss run=29 step=7/30 loss=1.5732 head_lr=1072 muon_lr=0.043 muon_momentum=0 muon_nesterov=False muon_grad_momentum_norm_ratio=1
main interval: 0.043 0.043 0 loss=1.527057
main interval: 0.072 0.072 0 loss=1.644634
main interval: 0.026 0.026 0 loss=1.529867
main interval: 0.043 0.043 0.1 loss=1.571248
best_muon_lr=[0.043,0.043] best_muon_momentum=0 interval_loss=1.527057 final_loss=1.527057 evaluated_interval_configs=4 evaluated_configs=4
train_loss run=29 step=8/30 loss=1.5271 head_lr=1072 muon_lr=0.043 muon_momentum=0 muon_nesterov=False muon_grad_momentum_norm_ratio=1
main interval: 0.043 0.043 0 loss=1.493330
main interval: 0.072 0.072 0 loss=1.640946
main interval: 0.026 0.026 0 loss=1.507242
main interval: 0.043 0.043 0.1 loss=1.573123
best_muon_lr=[0.043,0.043] best_muon_momentum=0 interval_loss=1.493330 final_loss=1.493330 evaluated_interval_configs=4 evaluated_configs=4
train_loss run=29 step=9/30 loss=1.4933 head_lr=1072 muon_lr=0.043 muon_momentum=0 muon_nesterov=False muon_grad_momentum_norm_ratio=1
main interval: 0.043 0.043 0 loss=1.457002
main interval: 0.072 0.072 0 loss=1.645548
main interval: 0.026 0.026 0 loss=1.494231
main interval: 0.043 0.043 0.1 loss=1.594742
best_muon_lr=[0.043,0.043] best_muon_momentum=0 interval_loss=1.457002 final_loss=1.457002 evaluated_interval_configs=4 evaluated_configs=4
train_loss run=29 step=10/30 loss=1.4570 head_lr=1072 muon_lr=0.043 muon_momentum=0 muon_nesterov=False muon_grad_momentum_norm_ratio=1
main interval: 0.043 0.043 0 loss=1.437851
main interval: 0.072 0.072 0 loss=1.671595
main interval: 0.026 0.026 0 loss=1.508421
main interval: 0.043 0.043 0.1 loss=1.643656
best_muon_lr=[0.043,0.043] best_muon_momentum=0 interval_loss=1.437851 final_loss=1.437851 evaluated_interval_configs=4 evaluated_configs=4
train_loss run=29 step=11/30 loss=1.4379 head_lr=1072 muon_lr=0.043 muon_momentum=0 muon_nesterov=False muon_grad_momentum_norm_ratio=1
main interval: 0.043 0.043 0 loss=1.410396
main interval: 0.072 0.072 0 loss=1.678733
main interval: 0.026 0.026 0 loss=1.525222
main interval: 0.043 0.043 0.1 loss=1.719366
best_muon_lr=[0.043,0.043] best_muon_momentum=0 interval_loss=1.410396 final_loss=1.410396 evaluated_interval_configs=4 evaluated_configs=4
train_loss run=29 step=12/30 loss=1.4104 head_lr=1072 muon_lr=0.043 muon_momentum=0 muon_nesterov=False muon_grad_momentum_norm_ratio=1
main interval: 0.043 0.043 0 loss=1.415226
main interval: 0.072 0.072 0 loss=1.734812
main interval: 0.026 0.026 0 loss=1.525057
main interval: 0.043 0.043 0.1 loss=1.735414
best_muon_lr=[0.043,0.043] best_muon_momentum=0 interval_loss=1.415226 final_loss=1.415226 evaluated_interval_configs=4 evaluated_configs=4
train_loss run=29 step=13/30 loss=1.4152 head_lr=1072 muon_lr=0.043 muon_momentum=0 muon_nesterov=False muon_grad_momentum_norm_ratio=1
main interval: 0.043 0.043 0 loss=1.377519
main interval: 0.072 0.072 0 loss=1.725083
main interval: 0.026 0.026 0 loss=1.549658
main interval: 0.043 0.043 0.1 loss=1.814162
best_muon_lr=[0.043,0.043] best_muon_momentum=0 interval_loss=1.377519 final_loss=1.377519 evaluated_interval_configs=4 evaluated_configs=4
train_loss run=29 step=14/30 loss=1.3775 head_lr=1072 muon_lr=0.043 muon_momentum=0 muon_nesterov=False muon_grad_momentum_norm_ratio=1
main interval: 0.043 0.043 0 loss=1.343136
main interval: 0.072 0.072 0 loss=1.701877
main interval: 0.026 0.026 0 loss=1.502105
main interval: 0.043 0.043 0.1 loss=1.763250
best_muon_lr=[0.043,0.043] best_muon_momentum=0 interval_loss=1.343136 final_loss=1.343136 evaluated_interval_configs=4 evaluated_configs=4
train_loss run=29 step=15/30 loss=1.3431 head_lr=1072 muon_lr=0.043 muon_momentum=0 muon_nesterov=False muon_grad_momentum_norm_ratio=1
main interval: 0.043 0.043 0 loss=1.311409
main interval: 0.072 0.072 0 loss=1.656809
main interval: 0.026 0.026 0 loss=1.443701
main interval: 0.043 0.043 0.1 loss=1.687701
best_muon_lr=[0.043,0.043] best_muon_momentum=0 interval_loss=1.311409 final_loss=1.311409 evaluated_interval_configs=4 evaluated_configs=4
train_loss run=29 step=16/30 loss=1.3114 head_lr=1072 muon_lr=0.043 muon_momentum=0 muon_nesterov=False muon_grad_momentum_norm_ratio=1
main interval: 0.043 0.043 0 loss=1.289675
main interval: 0.072 0.072 0 loss=1.638497
main interval: 0.026 0.026 0 loss=1.401323
main interval: 0.043 0.043 0.1 loss=1.637961
best_muon_lr=[0.043,0.043] best_muon_momentum=0 interval_loss=1.289675 final_loss=1.289675 evaluated_interval_configs=4 evaluated_configs=4
train_loss run=29 step=17/30 loss=1.2897 head_lr=1072 muon_lr=0.043 muon_momentum=0 muon_nesterov=False muon_grad_momentum_norm_ratio=1
main interval: 0.043 0.043 0 loss=1.275623
main interval: 0.072 0.072 0 loss=1.634732
main interval: 0.026 0.026 0 loss=1.374521
main interval: 0.043 0.043 0.1 loss=1.612489
best_muon_lr=[0.043,0.043] best_muon_momentum=0 interval_loss=1.275623 final_loss=1.275623 evaluated_interval_configs=4 evaluated_configs=4
train_loss run=29 step=18/30 loss=1.2756 head_lr=1072 muon_lr=0.043 muon_momentum=0 muon_nesterov=False muon_grad_momentum_norm_ratio=1
main interval: 0.043 0.043 0 loss=1.269417
main interval: 0.072 0.072 0 loss=1.635458
main interval: 0.026 0.026 0 loss=1.375699
main interval: 0.043 0.043 0.1 loss=1.626573
best_muon_lr=[0.043,0.043] best_muon_momentum=0 interval_loss=1.269417 final_loss=1.269417 evaluated_interval_configs=4 evaluated_configs=4
train_loss run=29 step=19/30 loss=1.2694 head_lr=1072 muon_lr=0.043 muon_momentum=0 muon_nesterov=False muon_grad_momentum_norm_ratio=1
main interval: 0.043 0.043 0 loss=1.226478
main interval: 0.072 0.072 0 loss=1.605826
main interval: 0.026 0.026 0 loss=1.323598
main interval: 0.043 0.043 0.1 loss=1.556892
best_muon_lr=[0.043,0.043] best_muon_momentum=0 interval_loss=1.226478 final_loss=1.226478 evaluated_interval_configs=4 evaluated_configs=4
train_loss run=29 step=20/30 loss=1.2265 head_lr=1072 muon_lr=0.043 muon_momentum=0 muon_nesterov=False muon_grad_momentum_norm_ratio=1
main interval: 0.043 0.043 0 loss=1.213659
main interval: 0.072 0.072 0 loss=1.535205
main interval: 0.026 0.026 0 loss=1.306110
main interval: 0.043 0.043 0.1 loss=1.526702
best_muon_lr=[0.043,0.043] best_muon_momentum=0 interval_loss=1.213659 final_loss=1.213659 evaluated_interval_configs=4 evaluated_configs=4
train_loss run=29 step=21/30 loss=1.2137 head_lr=1072 muon_lr=0.043 muon_momentum=0 muon_nesterov=False muon_grad_momentum_norm_ratio=1
main interval: 0.043 0.043 0 loss=1.178543
main interval: 0.072 0.072 0 loss=1.569011
main interval: 0.026 0.026 0 loss=1.263263
main interval: 0.043 0.043 0.1 loss=1.501824
best_muon_lr=[0.043,0.043] best_muon_momentum=0 interval_loss=1.178543 final_loss=1.178543 evaluated_interval_configs=4 evaluated_configs=4
train_loss run=29 step=22/30 loss=1.1785 head_lr=1072 muon_lr=0.043 muon_momentum=0 muon_nesterov=False muon_grad_momentum_norm_ratio=1
main interval: 0.043 0.043 0 loss=1.179831
main interval: 0.072 0.072 0 loss=1.486237
main interval: 0.026 0.026 0 loss=1.268300
main interval: 0.043 0.043 0.1 loss=1.468939
best_muon_lr=[0.043,0.043] best_muon_momentum=0 interval_loss=1.179831 final_loss=1.179831 evaluated_interval_configs=4 evaluated_configs=4
train_loss run=29 step=23/30 loss=1.1798 head_lr=1072 muon_lr=0.043 muon_momentum=0 muon_nesterov=False muon_grad_momentum_norm_ratio=1
main interval: 0.043 0.043 0 loss=1.124101
main interval: 0.072 0.072 0 loss=1.488478
main interval: 0.026 0.026 0 loss=1.191221
main interval: 0.043 0.043 0.1 loss=1.416519
best_muon_lr=[0.043,0.043] best_muon_momentum=0 interval_loss=1.124101 final_loss=1.124101 evaluated_interval_configs=4 evaluated_configs=4
train_loss run=29 step=24/30 loss=1.1241 head_lr=1072 muon_lr=0.043 muon_momentum=0 muon_nesterov=False muon_grad_momentum_norm_ratio=1
main interval: 0.043 0.043 0 loss=1.125983
main interval: 0.072 0.072 0 loss=1.432828
main interval: 0.026 0.026 0 loss=1.157689
main interval: 0.043 0.043 0.1 loss=1.333331
best_muon_lr=[0.043,0.043] best_muon_momentum=0 interval_loss=1.125983 final_loss=1.125983 evaluated_interval_configs=4 evaluated_configs=4
train_loss run=29 step=25/30 loss=1.1260 head_lr=1072 muon_lr=0.043 muon_momentum=0 muon_nesterov=False muon_grad_momentum_norm_ratio=1
main interval: 0.043 0.043 0 loss=1.086527
main interval: 0.072 0.072 0 loss=1.393275
main interval: 0.026 0.026 0 loss=1.107682
main interval: 0.043 0.043 0.1 loss=1.264664
best_muon_lr=[0.043,0.043] best_muon_momentum=0 interval_loss=1.086527 final_loss=1.086527 evaluated_interval_configs=4 evaluated_configs=4
train_loss run=29 step=26/30 loss=1.0865 head_lr=1072 muon_lr=0.043 muon_momentum=0 muon_nesterov=False muon_grad_momentum_norm_ratio=1
main interval: 0.043 0.043 0 loss=1.079215
main interval: 0.072 0.072 0 loss=1.364690
main interval: 0.026 0.026 0 loss=1.069825
main interval: 0.043 0.043 0.1 loss=1.209032
main interval: 0.016 0.016 0 loss=1.113596
main interval: 0.026 0.026 0.1 loss=1.185892
best_muon_lr=[0.026,0.026] best_muon_momentum=0 interval_loss=1.069825 final_loss=1.069825 evaluated_interval_configs=6 evaluated_configs=6
train_loss run=29 step=27/30 loss=1.0698 head_lr=1072 muon_lr=0.026 muon_momentum=0 muon_nesterov=False muon_grad_momentum_norm_ratio=1
main interval: 0.026 0.026 0 loss=1.013916
main interval: 0.043 0.043 0 loss=1.135303
main interval: 0.016 0.016 0 loss=1.045457
main interval: 0.026 0.026 0.1 loss=1.143974
best_muon_lr=[0.026,0.026] best_muon_momentum=0 interval_loss=1.013916 final_loss=1.013916 evaluated_interval_configs=4 evaluated_configs=4
train_loss run=29 step=28/30 loss=1.0139 head_lr=1072 muon_lr=0.026 muon_momentum=0 muon_nesterov=False muon_grad_momentum_norm_ratio=1
main interval: 0.026 0.026 0 loss=1.018521
main interval: 0.043 0.043 0 loss=1.151780
main interval: 0.016 0.016 0 loss=1.002807
main interval: 0.026 0.026 0.1 loss=1.051302
main interval: 0.0093 0.0093 0 loss=1.009246
main interval: 0.016 0.016 0.1 loss=1.029040
best_muon_lr=[0.016,0.016] best_muon_momentum=0 interval_loss=1.002807 final_loss=1.002807 evaluated_interval_configs=6 evaluated_configs=6
train_loss run=29 step=29/30 loss=1.0028 head_lr=1072 muon_lr=0.016 muon_momentum=0 muon_nesterov=False muon_grad_momentum_norm_ratio=1
main interval: 0.016 0.016 0 loss=0.977756
main interval: 0.026 0.026 0 loss=1.035097
main interval: 0.0093 0.0093 0 loss=0.997888
main interval: 0.016 0.016 0.1 loss=1.044100
best_muon_lr=[0.016,0.016] best_muon_momentum=0 interval_loss=0.977756 final_loss=0.977756 evaluated_interval_configs=4 evaluated_configs=4
train_loss run=29 step=30/30 loss=0.9778 head_lr=1072 muon_lr=0.016 muon_momentum=0 muon_nesterov=False muon_grad_momentum_norm_ratio=1
Batch size:          10000
N steps:             1
M cooldown steps:    0
Interval scheduler:  linear
LR connectedness:    jump_allowed
Muon orthogonalize:  True
Momentum config:     search_momentum_fixed_nesterov_false
Search momentum:     True
Muon nesterov:       False
Initial Muon lr:     0.2
Initial Muon lr k:   0
Initial Muon mom:    0.6
Initial Muon mom i:  6
Final start lr:      0.016
Final start lr k:    5
Final Muon lr:       0.016
Final Muon lr k:     5
Final end lr:        0.016
Final end lr k:      5
Final Muon momentum: 0
Final Muon nesterov: False
Final Muon mom i:    0
SGD lr mult:         0.8
Initial train loss:  2.314071
Final train loss:    0.977756
Run seconds:         44.625
cifar_baseline2_overfit_n_search run=30 batch_size=10000 train_steps=30 N=1 M=0 interval_scheduler=linear lr_connectedness=continuous_double muon_orthogonalize=True momentum_config=search_momentum_fixed_nesterov_false search_momentum=True muon_nesterov=False initial_muon_lr=0.2 initial_muon_lr_k=0 initial_muon_momentum=0.6 initial_muon_momentum_index=6
train_loss run=30 step=0/30 loss=2.3141 head_lr=1072 muon_lr=0.2 muon_momentum=0.6 muon_nesterov=False muon_grad_momentum_norm_ratio=none
main interval: 0.2 0.2 0.6 loss=2.252225
main interval: 0.33 0.33 0.6 loss=2.262692
main interval: 0.12 0.12 0.6 loss=2.254384
main interval: 0.2 0.2 0.5 loss=2.252225
main interval: 0.2 0.2 0.7 loss=2.252225
main interval: 0.33 0.33 0.5 loss=2.262692
main interval: 0.12 0.12 0.5 loss=2.254384
main interval: 0.2 0.2 0.4 loss=2.252225
main interval: 0.33 0.33 0.4 loss=2.262692
main interval: 0.12 0.12 0.4 loss=2.254384
main interval: 0.2 0.2 0.3 loss=2.252225
main interval: 0.33 0.33 0.3 loss=2.262692
main interval: 0.12 0.12 0.3 loss=2.254384
main interval: 0.2 0.2 0.2 loss=2.252225
main interval: 0.33 0.33 0.2 loss=2.262692
main interval: 0.12 0.12 0.2 loss=2.254384
main interval: 0.2 0.2 0.1 loss=2.252225
main interval: 0.33 0.33 0.1 loss=2.262692
main interval: 0.12 0.12 0.1 loss=2.254384
main interval: 0.2 0.2 0 loss=2.252225
main interval: 0.33 0.33 0 loss=2.262692
main interval: 0.12 0.12 0 loss=2.254384
best_muon_lr=[0.2,0.2] best_muon_momentum=0 interval_loss=2.252225 final_loss=2.252225 evaluated_interval_configs=22 evaluated_configs=22
train_loss run=30 step=1/30 loss=2.2522 head_lr=1072 muon_lr=0.2 muon_momentum=0 muon_nesterov=False muon_grad_momentum_norm_ratio=1
main interval: 0.2 0.2 0 loss=2.236141
main interval: 0.2 0.33 0 loss=2.319454
main interval: 0.2 0.12 0 loss=2.397436
main interval: 0.2 0.2 0.1 loss=2.466923
best_muon_lr=[0.2,0.2] best_muon_momentum=0 interval_loss=2.236141 final_loss=2.236141 evaluated_interval_configs=4 evaluated_configs=4
train_loss run=30 step=2/30 loss=2.2361 head_lr=1072 muon_lr=0.2 muon_momentum=0 muon_nesterov=False muon_grad_momentum_norm_ratio=1
main interval: 0.2 0.2 0 loss=2.026303
main interval: 0.2 0.33 0 loss=2.020351
main interval: 0.2 0.12 0 loss=2.041044
main interval: 0.2 0.2 0.1 loss=2.081712
main interval: 0.2 0.56 0 loss=2.134205
main interval: 0.2 0.33 0.1 loss=2.191524
best_muon_lr=[0.2,0.33] best_muon_momentum=0 interval_loss=2.020351 final_loss=2.020351 evaluated_interval_configs=6 evaluated_configs=6
train_loss run=30 step=3/30 loss=2.0204 head_lr=1072 muon_lr=0.2 muon_momentum=0 muon_nesterov=False muon_grad_momentum_norm_ratio=1
main interval: 0.33 0.33 0 loss=2.027908
main interval: 0.33 0.56 0 loss=2.018353
main interval: 0.33 0.2 0 loss=2.017212
main interval: 0.33 0.33 0.1 loss=2.021814
main interval: 0.33 0.12 0 loss=2.029612
main interval: 0.33 0.2 0.1 loss=2.039518
best_muon_lr=[0.33,0.2] best_muon_momentum=0 interval_loss=2.017212 final_loss=2.017212 evaluated_interval_configs=6 evaluated_configs=6
train_loss run=30 step=4/30 loss=2.0172 head_lr=1072 muon_lr=0.33 muon_momentum=0 muon_nesterov=False muon_grad_momentum_norm_ratio=1
main interval: 0.2 0.2 0 loss=1.818401
main interval: 0.2 0.33 0 loss=1.823749
main interval: 0.2 0.12 0 loss=1.834444
main interval: 0.2 0.2 0.1 loss=1.848212
best_muon_lr=[0.2,0.2] best_muon_momentum=0 interval_loss=1.818401 final_loss=1.818401 evaluated_interval_configs=4 evaluated_configs=4
train_loss run=30 step=5/30 loss=1.8184 head_lr=1072 muon_lr=0.2 muon_momentum=0 muon_nesterov=False muon_grad_momentum_norm_ratio=1
main interval: 0.2 0.2 0 loss=1.799619
main interval: 0.2 0.33 0 loss=1.814187
main interval: 0.2 0.12 0 loss=1.830220
main interval: 0.2 0.2 0.1 loss=1.846543
best_muon_lr=[0.2,0.2] best_muon_momentum=0 interval_loss=1.799619 final_loss=1.799619 evaluated_interval_configs=4 evaluated_configs=4
train_loss run=30 step=6/30 loss=1.7996 head_lr=1072 muon_lr=0.2 muon_momentum=0 muon_nesterov=False muon_grad_momentum_norm_ratio=1
main interval: 0.2 0.2 0 loss=1.697422
main interval: 0.2 0.33 0 loss=1.723557
main interval: 0.2 0.12 0 loss=1.750206
main interval: 0.2 0.2 0.1 loss=1.775759
best_muon_lr=[0.2,0.2] best_muon_momentum=0 interval_loss=1.697422 final_loss=1.697422 evaluated_interval_configs=4 evaluated_configs=4
train_loss run=30 step=7/30 loss=1.6974 head_lr=1072 muon_lr=0.2 muon_momentum=0 muon_nesterov=False muon_grad_momentum_norm_ratio=1
main interval: 0.2 0.2 0 loss=1.733062
main interval: 0.2 0.33 0 loss=1.782702
main interval: 0.2 0.12 0 loss=1.829775
main interval: 0.2 0.2 0.1 loss=1.872887
best_muon_lr=[0.2,0.2] best_muon_momentum=0 interval_loss=1.733062 final_loss=1.733062 evaluated_interval_configs=4 evaluated_configs=4
train_loss run=30 step=8/30 loss=1.7331 head_lr=1072 muon_lr=0.2 muon_momentum=0 muon_nesterov=False muon_grad_momentum_norm_ratio=1
main interval: 0.2 0.2 0 loss=1.595725
main interval: 0.2 0.33 0 loss=1.648163
main interval: 0.2 0.12 0 loss=1.709977
main interval: 0.2 0.2 0.1 loss=1.775243
best_muon_lr=[0.2,0.2] best_muon_momentum=0 interval_loss=1.595725 final_loss=1.595725 evaluated_interval_configs=4 evaluated_configs=4
train_loss run=30 step=9/30 loss=1.5957 head_lr=1072 muon_lr=0.2 muon_momentum=0 muon_nesterov=False muon_grad_momentum_norm_ratio=1
main interval: 0.2 0.2 0 loss=1.623075
main interval: 0.2 0.33 0 loss=1.677498
main interval: 0.2 0.12 0 loss=1.732774
main interval: 0.2 0.2 0.1 loss=1.785574
best_muon_lr=[0.2,0.2] best_muon_momentum=0 interval_loss=1.623075 final_loss=1.623075 evaluated_interval_configs=4 evaluated_configs=4
train_loss run=30 step=10/30 loss=1.6231 head_lr=1072 muon_lr=0.2 muon_momentum=0 muon_nesterov=False muon_grad_momentum_norm_ratio=1
main interval: 0.2 0.2 0 loss=1.544270
main interval: 0.2 0.33 0 loss=1.589579
main interval: 0.2 0.12 0 loss=1.648195
main interval: 0.2 0.2 0.1 loss=1.712816
best_muon_lr=[0.2,0.2] best_muon_momentum=0 interval_loss=1.544270 final_loss=1.544270 evaluated_interval_configs=4 evaluated_configs=4
train_loss run=30 step=11/30 loss=1.5443 head_lr=1072 muon_lr=0.2 muon_momentum=0 muon_nesterov=False muon_grad_momentum_norm_ratio=1
main interval: 0.2 0.2 0 loss=1.512327
main interval: 0.2 0.33 0 loss=1.559797
main interval: 0.2 0.12 0 loss=1.613712
main interval: 0.2 0.2 0.1 loss=1.668196
best_muon_lr=[0.2,0.2] best_muon_momentum=0 interval_loss=1.512327 final_loss=1.512327 evaluated_interval_configs=4 evaluated_configs=4
train_loss run=30 step=12/30 loss=1.5123 head_lr=1072 muon_lr=0.2 muon_momentum=0 muon_nesterov=False muon_grad_momentum_norm_ratio=1
main interval: 0.2 0.2 0 loss=1.480891
main interval: 0.2 0.33 0 loss=1.541101
main interval: 0.2 0.12 0 loss=1.614783
main interval: 0.2 0.2 0.1 loss=1.694863
best_muon_lr=[0.2,0.2] best_muon_momentum=0 interval_loss=1.480891 final_loss=1.480891 evaluated_interval_configs=4 evaluated_configs=4
train_loss run=30 step=13/30 loss=1.4809 head_lr=1072 muon_lr=0.2 muon_momentum=0 muon_nesterov=False muon_grad_momentum_norm_ratio=1
main interval: 0.2 0.2 0 loss=1.444675
main interval: 0.2 0.33 0 loss=1.508629
main interval: 0.2 0.12 0 loss=1.579594
main interval: 0.2 0.2 0.1 loss=1.650642
best_muon_lr=[0.2,0.2] best_muon_momentum=0 interval_loss=1.444675 final_loss=1.444675 evaluated_interval_configs=4 evaluated_configs=4
train_loss run=30 step=14/30 loss=1.4447 head_lr=1072 muon_lr=0.2 muon_momentum=0 muon_nesterov=False muon_grad_momentum_norm_ratio=1
main interval: 0.2 0.2 0 loss=1.416326
main interval: 0.2 0.33 0 loss=1.485702
main interval: 0.2 0.12 0 loss=1.572384
main interval: 0.2 0.2 0.1 loss=1.667510
best_muon_lr=[0.2,0.2] best_muon_momentum=0 interval_loss=1.416326 final_loss=1.416326 evaluated_interval_configs=4 evaluated_configs=4
train_loss run=30 step=15/30 loss=1.4163 head_lr=1072 muon_lr=0.2 muon_momentum=0 muon_nesterov=False muon_grad_momentum_norm_ratio=1
main interval: 0.2 0.2 0 loss=1.421248
main interval: 0.2 0.33 0 loss=1.495630
main interval: 0.2 0.12 0 loss=1.574477
main interval: 0.2 0.2 0.1 loss=1.649979
best_muon_lr=[0.2,0.2] best_muon_momentum=0 interval_loss=1.421248 final_loss=1.421248 evaluated_interval_configs=4 evaluated_configs=4
train_loss run=30 step=16/30 loss=1.4212 head_lr=1072 muon_lr=0.2 muon_momentum=0 muon_nesterov=False muon_grad_momentum_norm_ratio=1
main interval: 0.2 0.2 0 loss=1.356533
main interval: 0.2 0.33 0 loss=1.436559
main interval: 0.2 0.12 0 loss=1.528204
main interval: 0.2 0.2 0.1 loss=1.622707
best_muon_lr=[0.2,0.2] best_muon_momentum=0 interval_loss=1.356533 final_loss=1.356533 evaluated_interval_configs=4 evaluated_configs=4
train_loss run=30 step=17/30 loss=1.3565 head_lr=1072 muon_lr=0.2 muon_momentum=0 muon_nesterov=False muon_grad_momentum_norm_ratio=1
main interval: 0.2 0.2 0 loss=1.319211
main interval: 0.2 0.33 0 loss=1.384014
main interval: 0.2 0.12 0 loss=1.460622
main interval: 0.2 0.2 0.1 loss=1.540758
best_muon_lr=[0.2,0.2] best_muon_momentum=0 interval_loss=1.319211 final_loss=1.319211 evaluated_interval_configs=4 evaluated_configs=4
train_loss run=30 step=18/30 loss=1.3192 head_lr=1072 muon_lr=0.2 muon_momentum=0 muon_nesterov=False muon_grad_momentum_norm_ratio=1
main interval: 0.2 0.2 0 loss=1.312151
main interval: 0.2 0.33 0 loss=1.371330
main interval: 0.2 0.12 0 loss=1.436850
main interval: 0.2 0.2 0.1 loss=1.503299
best_muon_lr=[0.2,0.2] best_muon_momentum=0 interval_loss=1.312151 final_loss=1.312151 evaluated_interval_configs=4 evaluated_configs=4
train_loss run=30 step=19/30 loss=1.3122 head_lr=1072 muon_lr=0.2 muon_momentum=0 muon_nesterov=False muon_grad_momentum_norm_ratio=1
main interval: 0.2 0.2 0 loss=1.286281
main interval: 0.2 0.33 0 loss=1.343647
main interval: 0.2 0.12 0 loss=1.410484
main interval: 0.2 0.2 0.1 loss=1.480098
best_muon_lr=[0.2,0.2] best_muon_momentum=0 interval_loss=1.286281 final_loss=1.286281 evaluated_interval_configs=4 evaluated_configs=4
train_loss run=30 step=20/30 loss=1.2863 head_lr=1072 muon_lr=0.2 muon_momentum=0 muon_nesterov=False muon_grad_momentum_norm_ratio=1
main interval: 0.2 0.2 0 loss=1.260363
main interval: 0.2 0.33 0 loss=1.313431
main interval: 0.2 0.12 0 loss=1.375061
main interval: 0.2 0.2 0.1 loss=1.439461
best_muon_lr=[0.2,0.2] best_muon_momentum=0 interval_loss=1.260363 final_loss=1.260363 evaluated_interval_configs=4 evaluated_configs=4
train_loss run=30 step=21/30 loss=1.2604 head_lr=1072 muon_lr=0.2 muon_momentum=0 muon_nesterov=False muon_grad_momentum_norm_ratio=1
main interval: 0.2 0.2 0 loss=1.223841
main interval: 0.2 0.33 0 loss=1.271056
main interval: 0.2 0.12 0 loss=1.323580
main interval: 0.2 0.2 0.1 loss=1.376644
best_muon_lr=[0.2,0.2] best_muon_momentum=0 interval_loss=1.223841 final_loss=1.223841 evaluated_interval_configs=4 evaluated_configs=4
train_loss run=30 step=22/30 loss=1.2238 head_lr=1072 muon_lr=0.2 muon_momentum=0 muon_nesterov=False muon_grad_momentum_norm_ratio=1
main interval: 0.2 0.2 0 loss=1.204012
main interval: 0.2 0.33 0 loss=1.245470
main interval: 0.2 0.12 0 loss=1.292884
main interval: 0.2 0.2 0.1 loss=1.341695
best_muon_lr=[0.2,0.2] best_muon_momentum=0 interval_loss=1.204012 final_loss=1.204012 evaluated_interval_configs=4 evaluated_configs=4
train_loss run=30 step=23/30 loss=1.2040 head_lr=1072 muon_lr=0.2 muon_momentum=0 muon_nesterov=False muon_grad_momentum_norm_ratio=1
main interval: 0.2 0.2 0 loss=1.163285
main interval: 0.2 0.33 0 loss=1.196789
main interval: 0.2 0.12 0 loss=1.233879
main interval: 0.2 0.2 0.1 loss=1.272012
best_muon_lr=[0.2,0.2] best_muon_momentum=0 interval_loss=1.163285 final_loss=1.163285 evaluated_interval_configs=4 evaluated_configs=4
train_loss run=30 step=24/30 loss=1.1633 head_lr=1072 muon_lr=0.2 muon_momentum=0 muon_nesterov=False muon_grad_momentum_norm_ratio=1
main interval: 0.2 0.2 0 loss=1.170461
main interval: 0.2 0.33 0 loss=1.204016
main interval: 0.2 0.12 0 loss=1.240816
main interval: 0.2 0.2 0.1 loss=1.278125
best_muon_lr=[0.2,0.2] best_muon_momentum=0 interval_loss=1.170461 final_loss=1.170461 evaluated_interval_configs=4 evaluated_configs=4
train_loss run=30 step=25/30 loss=1.1705 head_lr=1072 muon_lr=0.2 muon_momentum=0 muon_nesterov=False muon_grad_momentum_norm_ratio=1
main interval: 0.2 0.2 0 loss=1.120960
main interval: 0.2 0.33 0 loss=1.152210
main interval: 0.2 0.12 0 loss=1.187665
main interval: 0.2 0.2 0.1 loss=1.224571
best_muon_lr=[0.2,0.2] best_muon_momentum=0 interval_loss=1.120960 final_loss=1.120960 evaluated_interval_configs=4 evaluated_configs=4
train_loss run=30 step=26/30 loss=1.1210 head_lr=1072 muon_lr=0.2 muon_momentum=0 muon_nesterov=False muon_grad_momentum_norm_ratio=1
main interval: 0.2 0.2 0 loss=1.129558
main interval: 0.2 0.33 0 loss=1.154909
main interval: 0.2 0.12 0 loss=1.182733
main interval: 0.2 0.2 0.1 loss=1.210825
best_muon_lr=[0.2,0.2] best_muon_momentum=0 interval_loss=1.129558 final_loss=1.129558 evaluated_interval_configs=4 evaluated_configs=4
train_loss run=30 step=27/30 loss=1.1296 head_lr=1072 muon_lr=0.2 muon_momentum=0 muon_nesterov=False muon_grad_momentum_norm_ratio=1
main interval: 0.2 0.2 0 loss=1.113450
main interval: 0.2 0.33 0 loss=1.146718
main interval: 0.2 0.12 0 loss=1.181418
main interval: 0.2 0.2 0.1 loss=1.215456
best_muon_lr=[0.2,0.2] best_muon_momentum=0 interval_loss=1.113450 final_loss=1.113450 evaluated_interval_configs=4 evaluated_configs=4
train_loss run=30 step=28/30 loss=1.1134 head_lr=1072 muon_lr=0.2 muon_momentum=0 muon_nesterov=False muon_grad_momentum_norm_ratio=1
main interval: 0.2 0.2 0 loss=1.092329
main interval: 0.2 0.33 0 loss=1.130979
main interval: 0.2 0.12 0 loss=1.175162
main interval: 0.2 0.2 0.1 loss=1.221040
best_muon_lr=[0.2,0.2] best_muon_momentum=0 interval_loss=1.092329 final_loss=1.092329 evaluated_interval_configs=4 evaluated_configs=4
train_loss run=30 step=29/30 loss=1.0923 head_lr=1072 muon_lr=0.2 muon_momentum=0 muon_nesterov=False muon_grad_momentum_norm_ratio=1
main interval: 0.2 0.2 0 loss=1.069710
main interval: 0.2 0.33 0 loss=1.108320
main interval: 0.2 0.12 0 loss=1.151381
main interval: 0.2 0.2 0.1 loss=1.195600
best_muon_lr=[0.2,0.2] best_muon_momentum=0 interval_loss=1.069710 final_loss=1.069710 evaluated_interval_configs=4 evaluated_configs=4
train_loss run=30 step=30/30 loss=1.0697 head_lr=1072 muon_lr=0.2 muon_momentum=0 muon_nesterov=False muon_grad_momentum_norm_ratio=1
Batch size:          10000
N steps:             1
M cooldown steps:    0
Interval scheduler:  linear
LR connectedness:    continuous_double
Muon orthogonalize:  True
Momentum config:     search_momentum_fixed_nesterov_false
Search momentum:     True
Muon nesterov:       False
Initial Muon lr:     0.2
Initial Muon lr k:   0
Initial Muon mom:    0.6
Initial Muon mom i:  6
Final start lr:      0.2
Final start lr k:    0
Final Muon lr:       0.2
Final Muon lr k:     0
Final end lr:        0.2
Final end lr k:      0
Final Muon momentum: 0
Final Muon nesterov: False
Final Muon mom i:    0
SGD lr mult:         0.8
Initial train loss:  2.314071
Final train loss:    1.069710
Run seconds:         42.957
cifar_baseline2_overfit_n_search run=31 batch_size=10000 train_steps=30 N=1 M=0 interval_scheduler=linear lr_connectedness=continuous_single muon_orthogonalize=True momentum_config=search_momentum_fixed_nesterov_false search_momentum=True muon_nesterov=False initial_muon_lr=0.2 initial_muon_lr_k=0 initial_muon_momentum=0.6 initial_muon_momentum_index=6
train_loss run=31 step=0/30 loss=2.3141 head_lr=1072 muon_lr=0.2 muon_momentum=0.6 muon_nesterov=False muon_grad_momentum_norm_ratio=none
main interval: 0.2 0.2 0.6 loss=2.252225
main interval: 0.33 0.33 0.6 loss=2.262692
main interval: 0.12 0.12 0.6 loss=2.254384
main interval: 0.2 0.2 0.5 loss=2.252225
main interval: 0.2 0.2 0.7 loss=2.252225
main interval: 0.33 0.33 0.5 loss=2.262692
main interval: 0.12 0.12 0.5 loss=2.254384
main interval: 0.2 0.2 0.4 loss=2.252225
main interval: 0.33 0.33 0.4 loss=2.262692
main interval: 0.12 0.12 0.4 loss=2.254384
main interval: 0.2 0.2 0.3 loss=2.252225
main interval: 0.33 0.33 0.3 loss=2.262692
main interval: 0.12 0.12 0.3 loss=2.254384
main interval: 0.2 0.2 0.2 loss=2.252225
main interval: 0.33 0.33 0.2 loss=2.262692
main interval: 0.12 0.12 0.2 loss=2.254384
main interval: 0.2 0.2 0.1 loss=2.252225
main interval: 0.33 0.33 0.1 loss=2.262692
main interval: 0.12 0.12 0.1 loss=2.254384
main interval: 0.2 0.2 0 loss=2.252225
main interval: 0.33 0.33 0 loss=2.262692
main interval: 0.12 0.12 0 loss=2.254384
best_muon_lr=[0.2,0.2] best_muon_momentum=0 interval_loss=2.252225 final_loss=2.252225 evaluated_interval_configs=22 evaluated_configs=22
train_loss run=31 step=1/30 loss=2.2522 head_lr=1072 muon_lr=0.2 muon_momentum=0 muon_nesterov=False muon_grad_momentum_norm_ratio=1
main interval: 0.2 0.2 0 loss=2.236141
main interval: 0.2 0.33 0 loss=2.328702
main interval: 0.2 0.12 0 loss=2.395368
main interval: 0.2 0.2 0.1 loss=2.466923
best_muon_lr=[0.2,0.2] best_muon_momentum=0 interval_loss=2.236141 final_loss=2.236141 evaluated_interval_configs=4 evaluated_configs=4
train_loss run=31 step=2/30 loss=2.2361 head_lr=1072 muon_lr=0.2 muon_momentum=0 muon_nesterov=False muon_grad_momentum_norm_ratio=1
main interval: 0.2 0.2 0 loss=2.026303
main interval: 0.2 0.33 0 loss=2.052130
main interval: 0.2 0.12 0 loss=2.029408
main interval: 0.2 0.2 0.1 loss=2.081712
best_muon_lr=[0.2,0.2] best_muon_momentum=0 interval_loss=2.026303 final_loss=2.026303 evaluated_interval_configs=4 evaluated_configs=4
train_loss run=31 step=3/30 loss=2.0263 head_lr=1072 muon_lr=0.2 muon_momentum=0 muon_nesterov=False muon_grad_momentum_norm_ratio=1
main interval: 0.2 0.2 0 loss=1.917508
main interval: 0.2 0.33 0 loss=2.012039
main interval: 0.2 0.12 0 loss=1.865855
main interval: 0.2 0.2 0.1 loss=1.914761
main interval: 0.2 0.072 0 loss=1.860872
main interval: 0.2 0.12 0.1 loss=1.873189
main interval: 0.2 0.043 0 loss=1.877131
main interval: 0.2 0.072 0.1 loss=1.870797
best_muon_lr=[0.2,0.072] best_muon_momentum=0 interval_loss=1.860872 final_loss=1.860872 evaluated_interval_configs=8 evaluated_configs=8
train_loss run=31 step=4/30 loss=1.8609 head_lr=1072 muon_lr=0.072 muon_momentum=0 muon_nesterov=False muon_grad_momentum_norm_ratio=1
main interval: 0.072 0.072 0 loss=1.736338
main interval: 0.072 0.12 0 loss=1.793426
main interval: 0.072 0.043 0 loss=1.730048
main interval: 0.072 0.072 0.1 loss=1.761396
main interval: 0.072 0.026 0 loss=1.761666
main interval: 0.072 0.043 0.1 loss=1.778795
best_muon_lr=[0.072,0.043] best_muon_momentum=0 interval_loss=1.730048 final_loss=1.730048 evaluated_interval_configs=6 evaluated_configs=6
train_loss run=31 step=5/30 loss=1.7300 head_lr=1072 muon_lr=0.043 muon_momentum=0 muon_nesterov=False muon_grad_momentum_norm_ratio=1
main interval: 0.043 0.043 0 loss=1.632939
main interval: 0.043 0.072 0 loss=1.659962
main interval: 0.043 0.026 0 loss=1.646181
main interval: 0.043 0.043 0.1 loss=1.653703
best_muon_lr=[0.043,0.043] best_muon_momentum=0 interval_loss=1.632939 final_loss=1.632939 evaluated_interval_configs=4 evaluated_configs=4
train_loss run=31 step=6/30 loss=1.6329 head_lr=1072 muon_lr=0.043 muon_momentum=0 muon_nesterov=False muon_grad_momentum_norm_ratio=1
main interval: 0.043 0.043 0 loss=1.573195
main interval: 0.043 0.072 0 loss=1.619700
main interval: 0.043 0.026 0 loss=1.574871
main interval: 0.043 0.043 0.1 loss=1.585154
best_muon_lr=[0.043,0.043] best_muon_momentum=0 interval_loss=1.573195 final_loss=1.573195 evaluated_interval_configs=4 evaluated_configs=4
train_loss run=31 step=7/30 loss=1.5732 head_lr=1072 muon_lr=0.043 muon_momentum=0 muon_nesterov=False muon_grad_momentum_norm_ratio=1
main interval: 0.043 0.043 0 loss=1.527057
main interval: 0.043 0.072 0 loss=1.644634
main interval: 0.043 0.026 0 loss=1.529867
main interval: 0.043 0.043 0.1 loss=1.571248
best_muon_lr=[0.043,0.043] best_muon_momentum=0 interval_loss=1.527057 final_loss=1.527057 evaluated_interval_configs=4 evaluated_configs=4
train_loss run=31 step=8/30 loss=1.5271 head_lr=1072 muon_lr=0.043 muon_momentum=0 muon_nesterov=False muon_grad_momentum_norm_ratio=1
main interval: 0.043 0.043 0 loss=1.493330
main interval: 0.043 0.072 0 loss=1.640946
main interval: 0.043 0.026 0 loss=1.507242
main interval: 0.043 0.043 0.1 loss=1.573123
best_muon_lr=[0.043,0.043] best_muon_momentum=0 interval_loss=1.493330 final_loss=1.493330 evaluated_interval_configs=4 evaluated_configs=4
train_loss run=31 step=9/30 loss=1.4933 head_lr=1072 muon_lr=0.043 muon_momentum=0 muon_nesterov=False muon_grad_momentum_norm_ratio=1
main interval: 0.043 0.043 0 loss=1.457002
main interval: 0.043 0.072 0 loss=1.645548
main interval: 0.043 0.026 0 loss=1.494231
main interval: 0.043 0.043 0.1 loss=1.594742
best_muon_lr=[0.043,0.043] best_muon_momentum=0 interval_loss=1.457002 final_loss=1.457002 evaluated_interval_configs=4 evaluated_configs=4
train_loss run=31 step=10/30 loss=1.4570 head_lr=1072 muon_lr=0.043 muon_momentum=0 muon_nesterov=False muon_grad_momentum_norm_ratio=1
main interval: 0.043 0.043 0 loss=1.437851
main interval: 0.043 0.072 0 loss=1.671595
main interval: 0.043 0.026 0 loss=1.508421
main interval: 0.043 0.043 0.1 loss=1.643656
best_muon_lr=[0.043,0.043] best_muon_momentum=0 interval_loss=1.437851 final_loss=1.437851 evaluated_interval_configs=4 evaluated_configs=4
train_loss run=31 step=11/30 loss=1.4379 head_lr=1072 muon_lr=0.043 muon_momentum=0 muon_nesterov=False muon_grad_momentum_norm_ratio=1
main interval: 0.043 0.043 0 loss=1.410396
main interval: 0.043 0.072 0 loss=1.678733
main interval: 0.043 0.026 0 loss=1.525222
main interval: 0.043 0.043 0.1 loss=1.719366
best_muon_lr=[0.043,0.043] best_muon_momentum=0 interval_loss=1.410396 final_loss=1.410396 evaluated_interval_configs=4 evaluated_configs=4
train_loss run=31 step=12/30 loss=1.4104 head_lr=1072 muon_lr=0.043 muon_momentum=0 muon_nesterov=False muon_grad_momentum_norm_ratio=1
main interval: 0.043 0.043 0 loss=1.415226
main interval: 0.043 0.072 0 loss=1.734812
main interval: 0.043 0.026 0 loss=1.525057
main interval: 0.043 0.043 0.1 loss=1.735414
best_muon_lr=[0.043,0.043] best_muon_momentum=0 interval_loss=1.415226 final_loss=1.415226 evaluated_interval_configs=4 evaluated_configs=4
train_loss run=31 step=13/30 loss=1.4152 head_lr=1072 muon_lr=0.043 muon_momentum=0 muon_nesterov=False muon_grad_momentum_norm_ratio=1
main interval: 0.043 0.043 0 loss=1.377519
main interval: 0.043 0.072 0 loss=1.725083
main interval: 0.043 0.026 0 loss=1.549658
main interval: 0.043 0.043 0.1 loss=1.814162
best_muon_lr=[0.043,0.043] best_muon_momentum=0 interval_loss=1.377519 final_loss=1.377519 evaluated_interval_configs=4 evaluated_configs=4
train_loss run=31 step=14/30 loss=1.3775 head_lr=1072 muon_lr=0.043 muon_momentum=0 muon_nesterov=False muon_grad_momentum_norm_ratio=1
main interval: 0.043 0.043 0 loss=1.343136
main interval: 0.043 0.072 0 loss=1.701877
main interval: 0.043 0.026 0 loss=1.502105
main interval: 0.043 0.043 0.1 loss=1.763250
best_muon_lr=[0.043,0.043] best_muon_momentum=0 interval_loss=1.343136 final_loss=1.343136 evaluated_interval_configs=4 evaluated_configs=4
train_loss run=31 step=15/30 loss=1.3431 head_lr=1072 muon_lr=0.043 muon_momentum=0 muon_nesterov=False muon_grad_momentum_norm_ratio=1
main interval: 0.043 0.043 0 loss=1.311409
main interval: 0.043 0.072 0 loss=1.656809
main interval: 0.043 0.026 0 loss=1.443701
main interval: 0.043 0.043 0.1 loss=1.687701
best_muon_lr=[0.043,0.043] best_muon_momentum=0 interval_loss=1.311409 final_loss=1.311409 evaluated_interval_configs=4 evaluated_configs=4
train_loss run=31 step=16/30 loss=1.3114 head_lr=1072 muon_lr=0.043 muon_momentum=0 muon_nesterov=False muon_grad_momentum_norm_ratio=1
main interval: 0.043 0.043 0 loss=1.289675
main interval: 0.043 0.072 0 loss=1.638497
main interval: 0.043 0.026 0 loss=1.401323
main interval: 0.043 0.043 0.1 loss=1.637961
best_muon_lr=[0.043,0.043] best_muon_momentum=0 interval_loss=1.289675 final_loss=1.289675 evaluated_interval_configs=4 evaluated_configs=4
train_loss run=31 step=17/30 loss=1.2897 head_lr=1072 muon_lr=0.043 muon_momentum=0 muon_nesterov=False muon_grad_momentum_norm_ratio=1
main interval: 0.043 0.043 0 loss=1.275623
main interval: 0.043 0.072 0 loss=1.634732
main interval: 0.043 0.026 0 loss=1.374521
main interval: 0.043 0.043 0.1 loss=1.612489
best_muon_lr=[0.043,0.043] best_muon_momentum=0 interval_loss=1.275623 final_loss=1.275623 evaluated_interval_configs=4 evaluated_configs=4
train_loss run=31 step=18/30 loss=1.2756 head_lr=1072 muon_lr=0.043 muon_momentum=0 muon_nesterov=False muon_grad_momentum_norm_ratio=1
main interval: 0.043 0.043 0 loss=1.269417
main interval: 0.043 0.072 0 loss=1.635458
main interval: 0.043 0.026 0 loss=1.375699
main interval: 0.043 0.043 0.1 loss=1.626573
best_muon_lr=[0.043,0.043] best_muon_momentum=0 interval_loss=1.269417 final_loss=1.269417 evaluated_interval_configs=4 evaluated_configs=4
train_loss run=31 step=19/30 loss=1.2694 head_lr=1072 muon_lr=0.043 muon_momentum=0 muon_nesterov=False muon_grad_momentum_norm_ratio=1
main interval: 0.043 0.043 0 loss=1.226478
main interval: 0.043 0.072 0 loss=1.605826
main interval: 0.043 0.026 0 loss=1.323598
main interval: 0.043 0.043 0.1 loss=1.556892
best_muon_lr=[0.043,0.043] best_muon_momentum=0 interval_loss=1.226478 final_loss=1.226478 evaluated_interval_configs=4 evaluated_configs=4
train_loss run=31 step=20/30 loss=1.2265 head_lr=1072 muon_lr=0.043 muon_momentum=0 muon_nesterov=False muon_grad_momentum_norm_ratio=1
main interval: 0.043 0.043 0 loss=1.213659
main interval: 0.043 0.072 0 loss=1.535205
main interval: 0.043 0.026 0 loss=1.306110
main interval: 0.043 0.043 0.1 loss=1.526702
best_muon_lr=[0.043,0.043] best_muon_momentum=0 interval_loss=1.213659 final_loss=1.213659 evaluated_interval_configs=4 evaluated_configs=4
train_loss run=31 step=21/30 loss=1.2137 head_lr=1072 muon_lr=0.043 muon_momentum=0 muon_nesterov=False muon_grad_momentum_norm_ratio=1
main interval: 0.043 0.043 0 loss=1.178543
main interval: 0.043 0.072 0 loss=1.569011
main interval: 0.043 0.026 0 loss=1.263263
main interval: 0.043 0.043 0.1 loss=1.501824
best_muon_lr=[0.043,0.043] best_muon_momentum=0 interval_loss=1.178543 final_loss=1.178543 evaluated_interval_configs=4 evaluated_configs=4
train_loss run=31 step=22/30 loss=1.1785 head_lr=1072 muon_lr=0.043 muon_momentum=0 muon_nesterov=False muon_grad_momentum_norm_ratio=1
main interval: 0.043 0.043 0 loss=1.179831
main interval: 0.043 0.072 0 loss=1.486237
main interval: 0.043 0.026 0 loss=1.268300
main interval: 0.043 0.043 0.1 loss=1.468939
best_muon_lr=[0.043,0.043] best_muon_momentum=0 interval_loss=1.179831 final_loss=1.179831 evaluated_interval_configs=4 evaluated_configs=4
train_loss run=31 step=23/30 loss=1.1798 head_lr=1072 muon_lr=0.043 muon_momentum=0 muon_nesterov=False muon_grad_momentum_norm_ratio=1
main interval: 0.043 0.043 0 loss=1.124101
main interval: 0.043 0.072 0 loss=1.488478
main interval: 0.043 0.026 0 loss=1.191221
main interval: 0.043 0.043 0.1 loss=1.416519
best_muon_lr=[0.043,0.043] best_muon_momentum=0 interval_loss=1.124101 final_loss=1.124101 evaluated_interval_configs=4 evaluated_configs=4
train_loss run=31 step=24/30 loss=1.1241 head_lr=1072 muon_lr=0.043 muon_momentum=0 muon_nesterov=False muon_grad_momentum_norm_ratio=1
main interval: 0.043 0.043 0 loss=1.125983
main interval: 0.043 0.072 0 loss=1.432828
main interval: 0.043 0.026 0 loss=1.157689
main interval: 0.043 0.043 0.1 loss=1.333331
best_muon_lr=[0.043,0.043] best_muon_momentum=0 interval_loss=1.125983 final_loss=1.125983 evaluated_interval_configs=4 evaluated_configs=4
train_loss run=31 step=25/30 loss=1.1260 head_lr=1072 muon_lr=0.043 muon_momentum=0 muon_nesterov=False muon_grad_momentum_norm_ratio=1
main interval: 0.043 0.043 0 loss=1.086527
main interval: 0.043 0.072 0 loss=1.393275
main interval: 0.043 0.026 0 loss=1.107682
main interval: 0.043 0.043 0.1 loss=1.264664
best_muon_lr=[0.043,0.043] best_muon_momentum=0 interval_loss=1.086527 final_loss=1.086527 evaluated_interval_configs=4 evaluated_configs=4
train_loss run=31 step=26/30 loss=1.0865 head_lr=1072 muon_lr=0.043 muon_momentum=0 muon_nesterov=False muon_grad_momentum_norm_ratio=1
main interval: 0.043 0.043 0 loss=1.079215
main interval: 0.043 0.072 0 loss=1.364690
main interval: 0.043 0.026 0 loss=1.069825
main interval: 0.043 0.043 0.1 loss=1.209032
main interval: 0.043 0.016 0 loss=1.113596
main interval: 0.043 0.026 0.1 loss=1.185892
best_muon_lr=[0.043,0.026] best_muon_momentum=0 interval_loss=1.069825 final_loss=1.069825 evaluated_interval_configs=6 evaluated_configs=6
train_loss run=31 step=27/30 loss=1.0698 head_lr=1072 muon_lr=0.026 muon_momentum=0 muon_nesterov=False muon_grad_momentum_norm_ratio=1
main interval: 0.026 0.026 0 loss=1.013916
main interval: 0.026 0.043 0 loss=1.135303
main interval: 0.026 0.016 0 loss=1.045457
main interval: 0.026 0.026 0.1 loss=1.143974
best_muon_lr=[0.026,0.026] best_muon_momentum=0 interval_loss=1.013916 final_loss=1.013916 evaluated_interval_configs=4 evaluated_configs=4
train_loss run=31 step=28/30 loss=1.0139 head_lr=1072 muon_lr=0.026 muon_momentum=0 muon_nesterov=False muon_grad_momentum_norm_ratio=1
main interval: 0.026 0.026 0 loss=1.018521
main interval: 0.026 0.043 0 loss=1.151780
main interval: 0.026 0.016 0 loss=1.002807
main interval: 0.026 0.026 0.1 loss=1.051302
main interval: 0.026 0.0093 0 loss=1.009246
main interval: 0.026 0.016 0.1 loss=1.029040
best_muon_lr=[0.026,0.016] best_muon_momentum=0 interval_loss=1.002807 final_loss=1.002807 evaluated_interval_configs=6 evaluated_configs=6
train_loss run=31 step=29/30 loss=1.0028 head_lr=1072 muon_lr=0.016 muon_momentum=0 muon_nesterov=False muon_grad_momentum_norm_ratio=1
main interval: 0.016 0.016 0 loss=0.977756
main interval: 0.016 0.026 0 loss=1.035097
main interval: 0.016 0.0093 0 loss=0.997888
main interval: 0.016 0.016 0.1 loss=1.044100
best_muon_lr=[0.016,0.016] best_muon_momentum=0 interval_loss=0.977756 final_loss=0.977756 evaluated_interval_configs=4 evaluated_configs=4
train_loss run=31 step=30/30 loss=0.9778 head_lr=1072 muon_lr=0.016 muon_momentum=0 muon_nesterov=False muon_grad_momentum_norm_ratio=1
Batch size:          10000
N steps:             1
M cooldown steps:    0
Interval scheduler:  linear
LR connectedness:    continuous_single
Muon orthogonalize:  True
Momentum config:     search_momentum_fixed_nesterov_false
Search momentum:     True
Muon nesterov:       False
Initial Muon lr:     0.2
Initial Muon lr k:   0
Initial Muon mom:    0.6
Initial Muon mom i:  6
Final start lr:      0.016
Final start lr k:    5
Final Muon lr:       0.016
Final Muon lr k:     5
Final end lr:        0.016
Final end lr k:      5
Final Muon momentum: 0
Final Muon nesterov: False
Final Muon mom i:    0
SGD lr mult:         0.8
Initial train loss:  2.314071
Final train loss:    0.977756
Run seconds:         44.591
cifar_baseline2_overfit_n_search run=32 batch_size=10000 train_steps=30 N=2 M=0 interval_scheduler=constant lr_connectedness=jump_allowed muon_orthogonalize=True momentum_config=search_momentum_fixed_nesterov_false search_momentum=True muon_nesterov=False initial_muon_lr=0.2 initial_muon_lr_k=0 initial_muon_momentum=0.6 initial_muon_momentum_index=6
train_loss run=32 step=0/30 loss=2.3141 head_lr=1072 muon_lr=0.2 muon_momentum=0.6 muon_nesterov=False muon_grad_momentum_norm_ratio=none
main interval: 0.2 0.2 0.6 loss=2.236678
main interval: 0.33 0.33 0.6 loss=2.243227
main interval: 0.12 0.12 0.6 loss=2.253673
main interval: 0.2 0.2 0.5 loss=2.235917
main interval: 0.2 0.2 0.7 loss=2.237495
main interval: 0.33 0.33 0.5 loss=2.242709
main interval: 0.12 0.12 0.5 loss=2.253377
main interval: 0.2 0.2 0.4 loss=2.235179
main interval: 0.33 0.33 0.4 loss=2.242430
main interval: 0.12 0.12 0.4 loss=2.253078
main interval: 0.2 0.2 0.3 loss=2.234521
main interval: 0.33 0.33 0.3 loss=2.242513
main interval: 0.12 0.12 0.3 loss=2.252885
main interval: 0.2 0.2 0.2 loss=2.233829
main interval: 0.33 0.33 0.2 loss=2.242423
main interval: 0.12 0.12 0.2 loss=2.252901
main interval: 0.2 0.2 0.1 loss=2.233642
main interval: 0.33 0.33 0.1 loss=2.242342
main interval: 0.12 0.12 0.1 loss=2.253706
main interval: 0.2 0.2 0 loss=2.236141
best_muon_lr=[0.2,0.2] best_muon_momentum=0.1 interval_loss=2.233642 final_loss=2.233642 evaluated_interval_configs=20 evaluated_configs=20
train_loss run=32 step=1/30 loss=2.2522 head_lr=1072 muon_lr=0.2 muon_momentum=0.1 muon_nesterov=False muon_grad_momentum_norm_ratio=1
train_loss run=32 step=2/30 loss=2.2336 head_lr=1072 muon_lr=0.2 muon_momentum=0.1 muon_nesterov=False muon_grad_momentum_norm_ratio=0.910877
main interval: 0.2 0.2 0.1 loss=1.902921
main interval: 0.33 0.33 0.1 loss=1.912269
main interval: 0.12 0.12 0.1 loss=1.840700
main interval: 0.2 0.2 0 loss=1.879785
main interval: 0.2 0.2 0.2 loss=1.867445
main interval: 0.072 0.072 0.1 loss=1.815866
main interval: 0.12 0.12 0 loss=1.815390
main interval: 0.12 0.12 0.2 loss=1.754453
main interval: 0.072 0.072 0.2 loss=1.793003
main interval: 0.12 0.12 0.3 loss=1.750939
main interval: 0.2 0.2 0.3 loss=1.891347
main interval: 0.072 0.072 0.3 loss=1.784012
main interval: 0.12 0.12 0.4 loss=1.800168
best_muon_lr=[0.12,0.12] best_muon_momentum=0.3 interval_loss=1.750939 final_loss=1.750939 evaluated_interval_configs=13 evaluated_configs=13
train_loss run=32 step=3/30 loss=1.9131 head_lr=1072 muon_lr=0.12 muon_momentum=0.3 muon_nesterov=False muon_grad_momentum_norm_ratio=0.779664
train_loss run=32 step=4/30 loss=1.7509 head_lr=1072 muon_lr=0.12 muon_momentum=0.3 muon_nesterov=False muon_grad_momentum_norm_ratio=0.658024
main interval: 0.12 0.12 0.3 loss=1.669906
main interval: 0.2 0.2 0.3 loss=1.719710
main interval: 0.072 0.072 0.3 loss=1.591795
main interval: 0.12 0.12 0.2 loss=1.653571
main interval: 0.12 0.12 0.4 loss=1.677246
main interval: 0.043 0.043 0.3 loss=1.547482
main interval: 0.072 0.072 0.2 loss=1.611207
main interval: 0.072 0.072 0.4 loss=1.555086
main interval: 0.026 0.026 0.3 loss=1.556262
main interval: 0.043 0.043 0.2 loss=1.540125
main interval: 0.043 0.043 0.4 loss=1.522567
main interval: 0.026 0.026 0.4 loss=1.549535
main interval: 0.043 0.043 0.5 loss=1.523604
best_muon_lr=[0.043,0.043] best_muon_momentum=0.4 interval_loss=1.522567 final_loss=1.522567 evaluated_interval_configs=13 evaluated_configs=13
train_loss run=32 step=5/30 loss=1.6064 head_lr=1072 muon_lr=0.043 muon_momentum=0.4 muon_nesterov=False muon_grad_momentum_norm_ratio=0.743382
train_loss run=32 step=6/30 loss=1.5226 head_lr=1072 muon_lr=0.043 muon_momentum=0.4 muon_nesterov=False muon_grad_momentum_norm_ratio=0.654924
main interval: 0.043 0.043 0.4 loss=1.418818
main interval: 0.072 0.072 0.4 loss=1.449053
main interval: 0.026 0.026 0.4 loss=1.383236
main interval: 0.043 0.043 0.3 loss=1.403764
main interval: 0.043 0.043 0.5 loss=1.394286
main interval: 0.016 0.016 0.4 loss=1.410416
main interval: 0.026 0.026 0.3 loss=1.393016
main interval: 0.026 0.026 0.5 loss=1.373558
main interval: 0.016 0.016 0.5 loss=1.410034
main interval: 0.026 0.026 0.6 loss=1.377667
best_muon_lr=[0.026,0.026] best_muon_momentum=0.5 interval_loss=1.373558 final_loss=1.373558 evaluated_interval_configs=10 evaluated_configs=10
train_loss run=32 step=7/30 loss=1.4374 head_lr=1072 muon_lr=0.026 muon_momentum=0.5 muon_nesterov=False muon_grad_momentum_norm_ratio=0.69675
train_loss run=32 step=8/30 loss=1.3736 head_lr=1072 muon_lr=0.026 muon_momentum=0.5 muon_nesterov=False muon_grad_momentum_norm_ratio=0.555248
main interval: 0.026 0.026 0.5 loss=1.279829
main interval: 0.043 0.043 0.5 loss=1.250114
main interval: 0.016 0.016 0.5 loss=1.281286
main interval: 0.026 0.026 0.4 loss=1.265034
main interval: 0.026 0.026 0.6 loss=1.257844
main interval: 0.072 0.072 0.5 loss=1.357140
main interval: 0.043 0.043 0.4 loss=1.293537
main interval: 0.043 0.043 0.6 loss=1.276025
best_muon_lr=[0.043,0.043] best_muon_momentum=0.5 interval_loss=1.250114 final_loss=1.250114 evaluated_interval_configs=8 evaluated_configs=8
train_loss run=32 step=9/30 loss=1.2843 head_lr=1072 muon_lr=0.043 muon_momentum=0.5 muon_nesterov=False muon_grad_momentum_norm_ratio=0.55773
train_loss run=32 step=10/30 loss=1.2501 head_lr=1072 muon_lr=0.043 muon_momentum=0.5 muon_nesterov=False muon_grad_momentum_norm_ratio=0.696364
main interval: 0.043 0.043 0.5 loss=1.215224
main interval: 0.072 0.072 0.5 loss=1.271773
main interval: 0.026 0.026 0.5 loss=1.152544
main interval: 0.043 0.043 0.4 loss=1.161113
main interval: 0.043 0.043 0.6 loss=1.219736
main interval: 0.016 0.016 0.5 loss=1.147255
main interval: 0.026 0.026 0.4 loss=1.161935
main interval: 0.026 0.026 0.6 loss=1.158442
main interval: 0.0093 0.0093 0.5 loss=1.147091
main interval: 0.016 0.016 0.4 loss=1.158533
main interval: 0.016 0.016 0.6 loss=1.157236
main interval: 0.0056 0.0056 0.5 loss=1.162389
main interval: 0.0093 0.0093 0.4 loss=1.156265
main interval: 0.0093 0.0093 0.6 loss=1.159939
best_muon_lr=[0.0093,0.0093] best_muon_momentum=0.5 interval_loss=1.147091 final_loss=1.147091 evaluated_interval_configs=14 evaluated_configs=14
train_loss run=32 step=11/30 loss=1.1776 head_lr=1072 muon_lr=0.0093 muon_momentum=0.5 muon_nesterov=False muon_grad_momentum_norm_ratio=0.80393
train_loss run=32 step=12/30 loss=1.1471 head_lr=1072 muon_lr=0.0093 muon_momentum=0.5 muon_nesterov=False muon_grad_momentum_norm_ratio=0.398246
main interval: 0.0093 0.0093 0.5 loss=1.098227
main interval: 0.016 0.016 0.5 loss=1.076251
main interval: 0.0056 0.0056 0.5 loss=1.110563
main interval: 0.0093 0.0093 0.4 loss=1.090230
main interval: 0.0093 0.0093 0.6 loss=1.103401
main interval: 0.026 0.026 0.5 loss=1.107046
main interval: 0.016 0.016 0.4 loss=1.115247
main interval: 0.016 0.016 0.6 loss=1.094674
best_muon_lr=[0.016,0.016] best_muon_momentum=0.5 interval_loss=1.076251 final_loss=1.076251 evaluated_interval_configs=8 evaluated_configs=8
train_loss run=32 step=13/30 loss=1.1147 head_lr=1072 muon_lr=0.016 muon_momentum=0.5 muon_nesterov=False muon_grad_momentum_norm_ratio=0.590793
train_loss run=32 step=14/30 loss=1.0763 head_lr=1072 muon_lr=0.016 muon_momentum=0.5 muon_nesterov=False muon_grad_momentum_norm_ratio=0.672071
main interval: 0.016 0.016 0.5 loss=1.055994
main interval: 0.026 0.026 0.5 loss=1.044744
main interval: 0.0093 0.0093 0.5 loss=1.047746
main interval: 0.016 0.016 0.4 loss=1.038248
main interval: 0.016 0.016 0.6 loss=1.061858
main interval: 0.026 0.026 0.4 loss=1.086321
main interval: 0.0093 0.0093 0.4 loss=1.068721
main interval: 0.016 0.016 0.3 loss=1.058810
best_muon_lr=[0.016,0.016] best_muon_momentum=0.4 interval_loss=1.038248 final_loss=1.038248 evaluated_interval_configs=8 evaluated_configs=8
train_loss run=32 step=15/30 loss=1.0667 head_lr=1072 muon_lr=0.016 muon_momentum=0.4 muon_nesterov=False muon_grad_momentum_norm_ratio=0.738808
train_loss run=32 step=16/30 loss=1.0382 head_lr=1072 muon_lr=0.016 muon_momentum=0.4 muon_nesterov=False muon_grad_momentum_norm_ratio=0.778624
main interval: 0.016 0.016 0.4 loss=1.027143
main interval: 0.026 0.026 0.4 loss=1.026215
main interval: 0.0093 0.0093 0.4 loss=1.007261
main interval: 0.016 0.016 0.3 loss=1.014669
main interval: 0.016 0.016 0.5 loss=1.039284
main interval: 0.0056 0.0056 0.4 loss=1.003509
main interval: 0.0093 0.0093 0.3 loss=1.015375
main interval: 0.0093 0.0093 0.5 loss=0.995389
main interval: 0.0056 0.0056 0.5 loss=1.005418
main interval: 0.0093 0.0093 0.6 loss=0.995569
best_muon_lr=[0.0093,0.0093] best_muon_momentum=0.5 interval_loss=0.995389 final_loss=0.995389 evaluated_interval_configs=10 evaluated_configs=10
train_loss run=32 step=17/30 loss=1.0167 head_lr=1072 muon_lr=0.0093 muon_momentum=0.5 muon_nesterov=False muon_grad_momentum_norm_ratio=0.746529
train_loss run=32 step=18/30 loss=0.9954 head_lr=1072 muon_lr=0.0093 muon_momentum=0.5 muon_nesterov=False muon_grad_momentum_norm_ratio=0.624199
main interval: 0.0093 0.0093 0.5 loss=0.997215
main interval: 0.016 0.016 0.5 loss=0.980811
main interval: 0.0056 0.0056 0.5 loss=0.988817
main interval: 0.0093 0.0093 0.4 loss=0.978999
main interval: 0.0093 0.0093 0.6 loss=0.986214
main interval: 0.016 0.016 0.4 loss=1.004636
main interval: 0.0056 0.0056 0.4 loss=0.983286
main interval: 0.0093 0.0093 0.3 loss=0.997523
best_muon_lr=[0.0093,0.0093] best_muon_momentum=0.4 interval_loss=0.978999 final_loss=0.978999 evaluated_interval_configs=8 evaluated_configs=8
train_loss run=32 step=19/30 loss=0.9899 head_lr=1072 muon_lr=0.0093 muon_momentum=0.4 muon_nesterov=False muon_grad_momentum_norm_ratio=0.667454
train_loss run=32 step=20/30 loss=0.9790 head_lr=1072 muon_lr=0.0093 muon_momentum=0.4 muon_nesterov=False muon_grad_momentum_norm_ratio=0.758687
main interval: 0.0093 0.0093 0.4 loss=0.957564
main interval: 0.016 0.016 0.4 loss=0.974363
main interval: 0.0056 0.0056 0.4 loss=0.949593
main interval: 0.0093 0.0093 0.3 loss=0.962992
main interval: 0.0093 0.0093 0.5 loss=0.948024
main interval: 0.016 0.016 0.5 loss=0.983887
main interval: 0.0056 0.0056 0.5 loss=0.946853
main interval: 0.0093 0.0093 0.6 loss=0.959619
main interval: 0.0034 0.0034 0.5 loss=0.950634
main interval: 0.0056 0.0056 0.6 loss=0.954209
best_muon_lr=[0.0056,0.0056] best_muon_momentum=0.5 interval_loss=0.946853 final_loss=0.946853 evaluated_interval_configs=10 evaluated_configs=10
train_loss run=32 step=21/30 loss=0.9602 head_lr=1072 muon_lr=0.0056 muon_momentum=0.5 muon_nesterov=False muon_grad_momentum_norm_ratio=0.565267
train_loss run=32 step=22/30 loss=0.9469 head_lr=1072 muon_lr=0.0056 muon_momentum=0.5 muon_nesterov=False muon_grad_momentum_norm_ratio=0.652305
main interval: 0.0056 0.0056 0.5 loss=0.930949
main interval: 0.0093 0.0093 0.5 loss=0.933410
main interval: 0.0034 0.0034 0.5 loss=0.933882
main interval: 0.0056 0.0056 0.4 loss=0.933573
main interval: 0.0056 0.0056 0.6 loss=0.930036
main interval: 0.0093 0.0093 0.6 loss=0.935236
main interval: 0.0034 0.0034 0.6 loss=0.934078
main interval: 0.0056 0.0056 0.7 loss=0.931603
best_muon_lr=[0.0056,0.0056] best_muon_momentum=0.6 interval_loss=0.930036 final_loss=0.930036 evaluated_interval_configs=8 evaluated_configs=8
train_loss run=32 step=23/30 loss=0.9371 head_lr=1072 muon_lr=0.0056 muon_momentum=0.6 muon_nesterov=False muon_grad_momentum_norm_ratio=0.569479
train_loss run=32 step=24/30 loss=0.9300 head_lr=1072 muon_lr=0.0056 muon_momentum=0.6 muon_nesterov=False muon_grad_momentum_norm_ratio=0.525771
main interval: 0.0056 0.0056 0.6 loss=0.920157
main interval: 0.0093 0.0093 0.6 loss=0.918356
main interval: 0.0034 0.0034 0.6 loss=0.921551
main interval: 0.0056 0.0056 0.5 loss=0.919172
main interval: 0.0056 0.0056 0.7 loss=0.920267
main interval: 0.016 0.016 0.6 loss=0.943550
main interval: 0.0093 0.0093 0.5 loss=0.932301
main interval: 0.0093 0.0093 0.7 loss=0.924456
best_muon_lr=[0.0093,0.0093] best_muon_momentum=0.6 interval_loss=0.918356 final_loss=0.918356 evaluated_interval_configs=8 evaluated_configs=8
train_loss run=32 step=25/30 loss=0.9223 head_lr=1072 muon_lr=0.0093 muon_momentum=0.6 muon_nesterov=False muon_grad_momentum_norm_ratio=0.56924
train_loss run=32 step=26/30 loss=0.9184 head_lr=1072 muon_lr=0.0093 muon_momentum=0.6 muon_nesterov=False muon_grad_momentum_norm_ratio=0.695912
main interval: 0.0093 0.0093 0.6 loss=0.911329
main interval: 0.016 0.016 0.6 loss=0.926317
main interval: 0.0056 0.0056 0.6 loss=0.907544
main interval: 0.0093 0.0093 0.5 loss=0.914583
main interval: 0.0093 0.0093 0.7 loss=0.915514
main interval: 0.0034 0.0034 0.6 loss=0.908642
main interval: 0.0056 0.0056 0.5 loss=0.912330
main interval: 0.0056 0.0056 0.7 loss=0.911638
best_muon_lr=[0.0056,0.0056] best_muon_momentum=0.6 interval_loss=0.907544 final_loss=0.907544 evaluated_interval_configs=8 evaluated_configs=8
train_loss run=32 step=27/30 loss=0.9170 head_lr=1072 muon_lr=0.0056 muon_momentum=0.6 muon_nesterov=False muon_grad_momentum_norm_ratio=0.499459
train_loss run=32 step=28/30 loss=0.9075 head_lr=1072 muon_lr=0.0056 muon_momentum=0.6 muon_nesterov=False muon_grad_momentum_norm_ratio=0.753204
main interval: 0.0056 0.0056 0.6 loss=0.901985
main interval: 0.0093 0.0093 0.6 loss=0.911640
main interval: 0.0034 0.0034 0.6 loss=0.901031
main interval: 0.0056 0.0056 0.5 loss=0.907920
main interval: 0.0056 0.0056 0.7 loss=0.901353
main interval: 0.002 0.002 0.6 loss=0.902745
main interval: 0.0034 0.0034 0.5 loss=0.902217
main interval: 0.0034 0.0034 0.7 loss=0.901123
best_muon_lr=[0.0034,0.0034] best_muon_momentum=0.6 interval_loss=0.901031 final_loss=0.901031 evaluated_interval_configs=8 evaluated_configs=8
train_loss run=32 step=29/30 loss=0.9057 head_lr=1072 muon_lr=0.0034 muon_momentum=0.6 muon_nesterov=False muon_grad_momentum_norm_ratio=0.382245
train_loss run=32 step=30/30 loss=0.9010 head_lr=1072 muon_lr=0.0034 muon_momentum=0.6 muon_nesterov=False muon_grad_momentum_norm_ratio=0.654754
Batch size:          10000
N steps:             2
M cooldown steps:    0
Interval scheduler:  constant
LR connectedness:    jump_allowed
Muon orthogonalize:  True
Momentum config:     search_momentum_fixed_nesterov_false
Search momentum:     True
Muon nesterov:       False
Initial Muon lr:     0.2
Initial Muon lr k:   0
Initial Muon mom:    0.6
Initial Muon mom i:  6
Final start lr:      0.0034
Final start lr k:    8
Final Muon lr:       0.0034
Final Muon lr k:     8
Final end lr:        0.0034
Final end lr k:      8
Final Muon momentum: 0.6
Final Muon nesterov: False
Final Muon mom i:    6
SGD lr mult:         0.8
Initial train loss:  2.314071
Final train loss:    0.901031
Run seconds:         83.976
cifar_baseline2_overfit_n_search run=33 batch_size=10000 train_steps=30 N=2 M=0 interval_scheduler=linear lr_connectedness=jump_allowed muon_orthogonalize=True momentum_config=search_momentum_fixed_nesterov_false search_momentum=True muon_nesterov=False initial_muon_lr=0.2 initial_muon_lr_k=0 initial_muon_momentum=0.6 initial_muon_momentum_index=6
train_loss run=33 step=0/30 loss=2.3141 head_lr=1072 muon_lr=0.2 muon_momentum=0.6 muon_nesterov=False muon_grad_momentum_norm_ratio=none
main interval: 0.2 0.2 0.6 loss=2.236678
main interval: 0.33 0.33 0.6 loss=2.243227
main interval: 0.33 0.2 0.6 loss=2.236848
main interval: 0.33 0.12 0.6 loss=2.238442
main interval: 0.2 0.33 0.6 loss=2.243750
main interval: 0.2 0.12 0.6 loss=2.236823
main interval: 0.12 0.33 0.6 loss=2.263350
main interval: 0.12 0.2 0.6 loss=2.255044
main interval: 0.12 0.12 0.6 loss=2.253673
main interval: 0.2 0.2 0.5 loss=2.235917
main interval: 0.2 0.2 0.7 loss=2.237495
main interval: 0.33 0.33 0.5 loss=2.242709
main interval: 0.33 0.2 0.5 loss=2.235904
main interval: 0.33 0.12 0.5 loss=2.237242
main interval: 0.2 0.33 0.5 loss=2.243077
main interval: 0.2 0.12 0.5 loss=2.235867
main interval: 0.12 0.33 0.5 loss=2.263308
main interval: 0.12 0.2 0.5 loss=2.254963
main interval: 0.12 0.12 0.5 loss=2.253377
main interval: 0.2 0.2 0.4 loss=2.235179
main interval: 0.33 0.33 0.4 loss=2.242430
main interval: 0.33 0.2 0.4 loss=2.235109
main interval: 0.33 0.12 0.4 loss=2.236113
main interval: 0.2 0.33 0.4 loss=2.242441
main interval: 0.2 0.12 0.4 loss=2.234964
main interval: 0.12 0.33 0.4 loss=2.263124
main interval: 0.12 0.2 0.4 loss=2.254824
main interval: 0.12 0.12 0.4 loss=2.253078
main interval: 0.2 0.2 0.3 loss=2.234521
main interval: 0.33 0.33 0.3 loss=2.242513
main interval: 0.33 0.2 0.3 loss=2.234583
main interval: 0.33 0.12 0.3 loss=2.235106
main interval: 0.2 0.33 0.3 loss=2.242064
main interval: 0.2 0.12 0.3 loss=2.234091
main interval: 0.12 0.33 0.3 loss=2.263065
main interval: 0.12 0.2 0.3 loss=2.254809
main interval: 0.12 0.12 0.3 loss=2.252885
main interval: 0.2 0.2 0.2 loss=2.233829
main interval: 0.33 0.33 0.2 loss=2.242423
main interval: 0.33 0.2 0.2 loss=2.233948
main interval: 0.33 0.12 0.2 loss=2.234010
main interval: 0.2 0.33 0.2 loss=2.241736
main interval: 0.2 0.12 0.2 loss=2.233233
main interval: 0.12 0.33 0.2 loss=2.263487
main interval: 0.12 0.2 0.2 loss=2.255169
main interval: 0.12 0.12 0.2 loss=2.252901
main interval: 0.2 0.2 0.1 loss=2.233642
main interval: 0.33 0.072 0.2 loss=2.241171
main interval: 0.2 0.072 0.2 loss=2.239218
main interval: 0.12 0.072 0.2 loss=2.257371
main interval: 0.2 0.12 0.1 loss=2.232616
main interval: 0.33 0.2 0.1 loss=2.233385
main interval: 0.33 0.12 0.1 loss=2.233007
main interval: 0.33 0.072 0.1 loss=2.240117
main interval: 0.2 0.072 0.1 loss=2.238454
main interval: 0.12 0.2 0.1 loss=2.256747
main interval: 0.12 0.12 0.1 loss=2.253706
main interval: 0.12 0.072 0.1 loss=2.257531
main interval: 0.2 0.12 0 loss=2.233456
best_muon_lr=[0.2,0.12] best_muon_momentum=0.1 interval_loss=2.232616 final_loss=2.232616 evaluated_interval_configs=59 evaluated_configs=59
train_loss run=33 step=1/30 loss=2.2522 head_lr=1072 muon_lr=0.2 muon_momentum=0.1 muon_nesterov=False muon_grad_momentum_norm_ratio=1
train_loss run=33 step=2/30 loss=2.2326 head_lr=1072 muon_lr=0.12 muon_momentum=0.1 muon_nesterov=False muon_grad_momentum_norm_ratio=0.910877
main interval: 0.12 0.12 0.1 loss=1.886240
main interval: 0.2 0.2 0.1 loss=1.853625
main interval: 0.2 0.12 0.1 loss=1.832369
main interval: 0.2 0.072 0.1 loss=1.798187
main interval: 0.12 0.2 0.1 loss=1.930823
main interval: 0.12 0.072 0.1 loss=1.785666
main interval: 0.072 0.2 0.1 loss=1.908592
main interval: 0.072 0.12 0.1 loss=1.798965
main interval: 0.072 0.072 0.1 loss=1.800854
main interval: 0.12 0.12 0 loss=1.818768
main interval: 0.12 0.12 0.2 loss=1.796877
main interval: 0.2 0.043 0.1 loss=1.813519
main interval: 0.12 0.043 0.1 loss=1.808582
main interval: 0.072 0.043 0.1 loss=1.823812
main interval: 0.12 0.072 0 loss=1.804827
main interval: 0.12 0.072 0.2 loss=1.769876
main interval: 0.2 0.12 0.2 loss=1.827693
main interval: 0.2 0.072 0.2 loss=1.788203
main interval: 0.2 0.043 0.2 loss=1.830473
main interval: 0.12 0.043 0.2 loss=1.825806
main interval: 0.072 0.12 0.2 loss=1.864950
main interval: 0.072 0.072 0.2 loss=1.818474
main interval: 0.072 0.043 0.2 loss=1.820955
main interval: 0.12 0.072 0.3 loss=1.800499
best_muon_lr=[0.12,0.072] best_muon_momentum=0.2 interval_loss=1.769876 final_loss=1.769876 evaluated_interval_configs=24 evaluated_configs=24
train_loss run=33 step=3/30 loss=1.9275 head_lr=1072 muon_lr=0.12 muon_momentum=0.2 muon_nesterov=False muon_grad_momentum_norm_ratio=0.839686
train_loss run=33 step=4/30 loss=1.7699 head_lr=1072 muon_lr=0.072 muon_momentum=0.2 muon_nesterov=False muon_grad_momentum_norm_ratio=0.767568
main interval: 0.072 0.072 0.2 loss=1.624887
main interval: 0.12 0.12 0.2 loss=1.626491
main interval: 0.12 0.072 0.2 loss=1.578248
main interval: 0.12 0.043 0.2 loss=1.545449
main interval: 0.072 0.12 0.2 loss=1.789855
main interval: 0.072 0.043 0.2 loss=1.544910
main interval: 0.043 0.12 0.2 loss=1.804922
main interval: 0.043 0.072 0.2 loss=1.609931
main interval: 0.043 0.043 0.2 loss=1.576291
main interval: 0.072 0.072 0.1 loss=1.644225
main interval: 0.072 0.072 0.3 loss=1.575868
main interval: 0.12 0.026 0.2 loss=1.611784
main interval: 0.072 0.026 0.2 loss=1.560235
main interval: 0.043 0.026 0.2 loss=1.571722
main interval: 0.072 0.043 0.1 loss=1.576959
main interval: 0.072 0.043 0.3 loss=1.538805
main interval: 0.12 0.072 0.3 loss=1.567760
main interval: 0.12 0.043 0.3 loss=1.546789
main interval: 0.12 0.026 0.3 loss=1.623572
main interval: 0.072 0.026 0.3 loss=1.558861
main interval: 0.043 0.072 0.3 loss=1.620171
main interval: 0.043 0.043 0.3 loss=1.554696
main interval: 0.043 0.026 0.3 loss=1.554121
main interval: 0.072 0.043 0.4 loss=1.546859
best_muon_lr=[0.072,0.043] best_muon_momentum=0.3 interval_loss=1.538805 final_loss=1.538805 evaluated_interval_configs=24 evaluated_configs=24
train_loss run=33 step=5/30 loss=1.6219 head_lr=1072 muon_lr=0.072 muon_momentum=0.3 muon_nesterov=False muon_grad_momentum_norm_ratio=0.69692
train_loss run=33 step=6/30 loss=1.5388 head_lr=1072 muon_lr=0.043 muon_momentum=0.3 muon_nesterov=False muon_grad_momentum_norm_ratio=0.805603
main interval: 0.043 0.043 0.3 loss=1.406352
main interval: 0.072 0.072 0.3 loss=1.440753
main interval: 0.072 0.043 0.3 loss=1.408790
main interval: 0.072 0.026 0.3 loss=1.396216
main interval: 0.043 0.072 0.3 loss=1.537014
main interval: 0.043 0.026 0.3 loss=1.386588
main interval: 0.026 0.072 0.3 loss=1.493325
main interval: 0.026 0.043 0.3 loss=1.395814
main interval: 0.026 0.026 0.3 loss=1.383723
main interval: 0.043 0.043 0.2 loss=1.414357
main interval: 0.043 0.043 0.4 loss=1.383795
main interval: 0.043 0.016 0.3 loss=1.391548
main interval: 0.026 0.016 0.3 loss=1.392003
main interval: 0.016 0.043 0.3 loss=1.414317
main interval: 0.016 0.026 0.3 loss=1.400275
main interval: 0.016 0.016 0.3 loss=1.407631
main interval: 0.026 0.026 0.2 loss=1.393278
main interval: 0.026 0.026 0.4 loss=1.369986
main interval: 0.043 0.026 0.4 loss=1.371808
main interval: 0.043 0.016 0.4 loss=1.364045
main interval: 0.026 0.043 0.4 loss=1.373323
main interval: 0.026 0.016 0.4 loss=1.386252
main interval: 0.016 0.043 0.4 loss=1.415407
main interval: 0.016 0.026 0.4 loss=1.404678
main interval: 0.016 0.016 0.4 loss=1.409588
main interval: 0.026 0.026 0.5 loss=1.378006
main interval: 0.072 0.026 0.4 loss=1.388583
main interval: 0.072 0.016 0.4 loss=1.370946
main interval: 0.072 0.0093 0.4 loss=1.475847
main interval: 0.043 0.0093 0.4 loss=1.413118
main interval: 0.026 0.0093 0.4 loss=1.410261
main interval: 0.043 0.016 0.5 loss=1.383974
best_muon_lr=[0.043,0.016] best_muon_momentum=0.4 interval_loss=1.364045 final_loss=1.364045 evaluated_interval_configs=32 evaluated_configs=32
train_loss run=33 step=7/30 loss=1.4305 head_lr=1072 muon_lr=0.043 muon_momentum=0.4 muon_nesterov=False muon_grad_momentum_norm_ratio=0.717245
train_loss run=33 step=8/30 loss=1.3640 head_lr=1072 muon_lr=0.016 muon_momentum=0.4 muon_nesterov=False muon_grad_momentum_norm_ratio=0.674897
main interval: 0.016 0.016 0.4 loss=1.265560
main interval: 0.026 0.026 0.4 loss=1.259016
main interval: 0.026 0.016 0.4 loss=1.239917
main interval: 0.026 0.0093 0.4 loss=1.258329
main interval: 0.016 0.026 0.4 loss=1.265577
main interval: 0.016 0.0093 0.4 loss=1.275853
main interval: 0.0093 0.026 0.4 loss=1.262990
main interval: 0.0093 0.016 0.4 loss=1.272249
main interval: 0.0093 0.0093 0.4 loss=1.280951
main interval: 0.016 0.016 0.3 loss=1.269874
main interval: 0.016 0.016 0.5 loss=1.252411
main interval: 0.043 0.026 0.4 loss=1.282093
main interval: 0.043 0.016 0.4 loss=1.242295
main interval: 0.043 0.0093 0.4 loss=1.324933
main interval: 0.026 0.016 0.3 loss=1.264790
main interval: 0.026 0.016 0.5 loss=1.279871
best_muon_lr=[0.026,0.016] best_muon_momentum=0.4 interval_loss=1.239917 final_loss=1.239917 evaluated_interval_configs=16 evaluated_configs=16
train_loss run=33 step=9/30 loss=1.2857 head_lr=1072 muon_lr=0.026 muon_momentum=0.4 muon_nesterov=False muon_grad_momentum_norm_ratio=0.63005
train_loss run=33 step=10/30 loss=1.2399 head_lr=1072 muon_lr=0.016 muon_momentum=0.4 muon_nesterov=False muon_grad_momentum_norm_ratio=0.723891
main interval: 0.016 0.016 0.4 loss=1.173975
main interval: 0.026 0.026 0.4 loss=1.173217
main interval: 0.026 0.016 0.4 loss=1.190676
main interval: 0.026 0.0093 0.4 loss=1.174562
main interval: 0.016 0.026 0.4 loss=1.228891
main interval: 0.016 0.0093 0.4 loss=1.170869
main interval: 0.0093 0.026 0.4 loss=1.209315
main interval: 0.0093 0.016 0.4 loss=1.164872
main interval: 0.0093 0.0093 0.4 loss=1.182209
main interval: 0.016 0.016 0.3 loss=1.171989
main interval: 0.016 0.016 0.5 loss=1.163553
main interval: 0.026 0.026 0.5 loss=1.173900
main interval: 0.026 0.016 0.5 loss=1.182491
main interval: 0.026 0.0093 0.5 loss=1.192696
main interval: 0.016 0.026 0.5 loss=1.202221
main interval: 0.016 0.0093 0.5 loss=1.175284
main interval: 0.0093 0.026 0.5 loss=1.187231
main interval: 0.0093 0.016 0.5 loss=1.166838
main interval: 0.0093 0.0093 0.5 loss=1.179519
main interval: 0.016 0.016 0.6 loss=1.152791
main interval: 0.026 0.026 0.6 loss=1.188845
main interval: 0.026 0.016 0.6 loss=1.152186
main interval: 0.026 0.0093 0.6 loss=1.183794
main interval: 0.016 0.026 0.6 loss=1.168642
main interval: 0.016 0.0093 0.6 loss=1.175666
main interval: 0.0093 0.026 0.6 loss=1.166984
main interval: 0.0093 0.016 0.6 loss=1.172979
main interval: 0.0093 0.0093 0.6 loss=1.174940
main interval: 0.016 0.016 0.7 loss=1.157348
main interval: 0.043 0.026 0.6 loss=1.133966
main interval: 0.043 0.016 0.6 loss=1.193717
main interval: 0.043 0.0093 0.6 loss=1.262121
main interval: 0.026 0.016 0.7 loss=1.170224
main interval: 0.072 0.043 0.6 loss=1.202510
main interval: 0.072 0.026 0.6 loss=1.245510
main interval: 0.072 0.016 0.6 loss=1.343067
main interval: 0.043 0.043 0.6 loss=1.211319
main interval: 0.026 0.043 0.6 loss=1.210973
main interval: 0.043 0.026 0.5 loss=1.200766
main interval: 0.043 0.026 0.7 loss=1.225723
best_muon_lr=[0.043,0.026] best_muon_momentum=0.6 interval_loss=1.133966 final_loss=1.133966 evaluated_interval_configs=40 evaluated_configs=40
train_loss run=33 step=11/30 loss=1.1952 head_lr=1072 muon_lr=0.043 muon_momentum=0.6 muon_nesterov=False muon_grad_momentum_norm_ratio=0.52475
train_loss run=33 step=12/30 loss=1.1340 head_lr=1072 muon_lr=0.026 muon_momentum=0.6 muon_nesterov=False muon_grad_momentum_norm_ratio=0.763403
main interval: 0.026 0.026 0.6 loss=1.094248
main interval: 0.043 0.043 0.6 loss=1.074787
main interval: 0.043 0.026 0.6 loss=1.141531
main interval: 0.043 0.016 0.6 loss=1.115474
main interval: 0.026 0.043 0.6 loss=1.181987
main interval: 0.026 0.016 0.6 loss=1.054251
main interval: 0.016 0.043 0.6 loss=1.178220
main interval: 0.016 0.026 0.6 loss=1.064921
main interval: 0.016 0.016 0.6 loss=1.066753
main interval: 0.026 0.026 0.5 loss=1.067571
main interval: 0.026 0.026 0.7 loss=1.089506
main interval: 0.043 0.0093 0.6 loss=1.125939
main interval: 0.026 0.0093 0.6 loss=1.077645
main interval: 0.016 0.0093 0.6 loss=1.065746
main interval: 0.026 0.016 0.5 loss=1.075196
main interval: 0.026 0.016 0.7 loss=1.057304
best_muon_lr=[0.026,0.016] best_muon_momentum=0.6 interval_loss=1.054251 final_loss=1.054251 evaluated_interval_configs=16 evaluated_configs=16
train_loss run=33 step=13/30 loss=1.1228 head_lr=1072 muon_lr=0.026 muon_momentum=0.6 muon_nesterov=False muon_grad_momentum_norm_ratio=0.628247
train_loss run=33 step=14/30 loss=1.0543 head_lr=1072 muon_lr=0.016 muon_momentum=0.6 muon_nesterov=False muon_grad_momentum_norm_ratio=0.634148
main interval: 0.016 0.016 0.6 loss=0.988405
main interval: 0.026 0.026 0.6 loss=1.026354
main interval: 0.026 0.016 0.6 loss=0.984221
main interval: 0.026 0.0093 0.6 loss=1.005336
main interval: 0.016 0.026 0.6 loss=1.011503
main interval: 0.016 0.0093 0.6 loss=0.993556
main interval: 0.0093 0.026 0.6 loss=1.026128
main interval: 0.0093 0.016 0.6 loss=1.001346
main interval: 0.0093 0.0093 0.6 loss=0.997518
main interval: 0.016 0.016 0.5 loss=1.000037
main interval: 0.016 0.016 0.7 loss=0.986428
main interval: 0.043 0.026 0.6 loss=1.052667
main interval: 0.043 0.016 0.6 loss=1.062386
main interval: 0.043 0.0093 0.6 loss=1.115587
main interval: 0.026 0.016 0.5 loss=1.000376
main interval: 0.026 0.016 0.7 loss=1.016857
best_muon_lr=[0.026,0.016] best_muon_momentum=0.6 interval_loss=0.984221 final_loss=0.984221 evaluated_interval_configs=16 evaluated_configs=16
train_loss run=33 step=15/30 loss=1.0271 head_lr=1072 muon_lr=0.026 muon_momentum=0.6 muon_nesterov=False muon_grad_momentum_norm_ratio=0.504753
train_loss run=33 step=16/30 loss=0.9842 head_lr=1072 muon_lr=0.016 muon_momentum=0.6 muon_nesterov=False muon_grad_momentum_norm_ratio=0.748223
main interval: 0.016 0.016 0.6 loss=0.951383
main interval: 0.026 0.026 0.6 loss=0.960800
main interval: 0.026 0.016 0.6 loss=0.963106
main interval: 0.026 0.0093 0.6 loss=0.976637
main interval: 0.016 0.026 0.6 loss=0.989387
main interval: 0.016 0.0093 0.6 loss=0.947573
main interval: 0.0093 0.026 0.6 loss=0.989632
main interval: 0.0093 0.016 0.6 loss=0.950677
main interval: 0.0093 0.0093 0.6 loss=0.947527
main interval: 0.016 0.016 0.5 loss=0.956540
main interval: 0.016 0.016 0.7 loss=0.952538
main interval: 0.016 0.0056 0.6 loss=0.953874
main interval: 0.0093 0.0056 0.6 loss=0.948362
main interval: 0.0056 0.016 0.6 loss=0.960324
main interval: 0.0056 0.0093 0.6 loss=0.952584
main interval: 0.0056 0.0056 0.6 loss=0.952669
main interval: 0.0093 0.0093 0.5 loss=0.947964
main interval: 0.0093 0.0093 0.7 loss=0.944292
main interval: 0.016 0.0093 0.7 loss=0.943405
main interval: 0.016 0.0056 0.7 loss=0.939164
main interval: 0.0093 0.016 0.7 loss=0.950446
main interval: 0.0093 0.0056 0.7 loss=0.946628
main interval: 0.0056 0.016 0.7 loss=0.955578
main interval: 0.0056 0.0093 0.7 loss=0.952828
main interval: 0.0056 0.0056 0.7 loss=0.953207
main interval: 0.0093 0.0093 0.8 loss=0.951472
main interval: 0.026 0.0093 0.7 loss=0.947159
main interval: 0.026 0.0056 0.7 loss=0.946445
main interval: 0.026 0.0034 0.7 loss=1.000424
main interval: 0.016 0.0034 0.7 loss=0.961450
main interval: 0.0093 0.0034 0.7 loss=0.957323
main interval: 0.016 0.0056 0.8 loss=0.945564
best_muon_lr=[0.016,0.0056] best_muon_momentum=0.7 interval_loss=0.939164 final_loss=0.939164 evaluated_interval_configs=32 evaluated_configs=32
train_loss run=33 step=17/30 loss=0.9499 head_lr=1072 muon_lr=0.016 muon_momentum=0.7 muon_nesterov=False muon_grad_momentum_norm_ratio=0.513461
train_loss run=33 step=18/30 loss=0.9392 head_lr=1072 muon_lr=0.0056 muon_momentum=0.7 muon_nesterov=False muon_grad_momentum_norm_ratio=0.478186
main interval: 0.0056 0.0056 0.7 loss=0.921292
main interval: 0.0093 0.0093 0.7 loss=0.918708
main interval: 0.0093 0.0056 0.7 loss=0.918303
main interval: 0.0093 0.0034 0.7 loss=0.920777
main interval: 0.0056 0.0093 0.7 loss=0.920857
main interval: 0.0056 0.0034 0.7 loss=0.923982
main interval: 0.0034 0.0093 0.7 loss=0.924098
main interval: 0.0034 0.0056 0.7 loss=0.924994
main interval: 0.0034 0.0034 0.7 loss=0.926218
main interval: 0.0056 0.0056 0.6 loss=0.923335
main interval: 0.0056 0.0056 0.8 loss=0.922874
main interval: 0.016 0.0093 0.7 loss=0.920006
main interval: 0.016 0.0056 0.7 loss=0.916024
main interval: 0.016 0.0034 0.7 loss=0.934868
main interval: 0.0093 0.0056 0.6 loss=0.924916
main interval: 0.0093 0.0056 0.8 loss=0.925606
main interval: 0.026 0.0093 0.7 loss=0.917273
main interval: 0.026 0.0056 0.7 loss=0.958165
main interval: 0.026 0.0034 0.7 loss=1.002339
main interval: 0.016 0.0056 0.6 loss=0.942451
main interval: 0.016 0.0056 0.8 loss=0.931207
best_muon_lr=[0.016,0.0056] best_muon_momentum=0.7 interval_loss=0.916024 final_loss=0.916024 evaluated_interval_configs=21 evaluated_configs=21
train_loss run=33 step=19/30 loss=0.9329 head_lr=1072 muon_lr=0.016 muon_momentum=0.7 muon_nesterov=False muon_grad_momentum_norm_ratio=0.402605
train_loss run=33 step=20/30 loss=0.9160 head_lr=1072 muon_lr=0.0056 muon_momentum=0.7 muon_nesterov=False muon_grad_momentum_norm_ratio=0.723132
main interval: 0.0056 0.0056 0.7 loss=0.906446
main interval: 0.0093 0.0093 0.7 loss=0.907486
main interval: 0.0093 0.0056 0.7 loss=0.904131
main interval: 0.0093 0.0034 0.7 loss=0.906875
main interval: 0.0056 0.0093 0.7 loss=0.907355
main interval: 0.0056 0.0034 0.7 loss=0.906269
main interval: 0.0034 0.0093 0.7 loss=0.908549
main interval: 0.0034 0.0056 0.7 loss=0.907246
main interval: 0.0034 0.0034 0.7 loss=0.907327
main interval: 0.0056 0.0056 0.6 loss=0.906139
main interval: 0.0056 0.0056 0.8 loss=0.905217
main interval: 0.016 0.0093 0.7 loss=0.907682
main interval: 0.016 0.0056 0.7 loss=0.912251
main interval: 0.016 0.0034 0.7 loss=0.929419
main interval: 0.0093 0.0056 0.6 loss=0.911113
main interval: 0.0093 0.0056 0.8 loss=0.909148
best_muon_lr=[0.0093,0.0056] best_muon_momentum=0.7 interval_loss=0.904131 final_loss=0.904131 evaluated_interval_configs=16 evaluated_configs=16
train_loss run=33 step=21/30 loss=0.9105 head_lr=1072 muon_lr=0.0093 muon_momentum=0.7 muon_nesterov=False muon_grad_momentum_norm_ratio=0.416174
train_loss run=33 step=22/30 loss=0.9041 head_lr=1072 muon_lr=0.0056 muon_momentum=0.7 muon_nesterov=False muon_grad_momentum_norm_ratio=0.645139
main interval: 0.0056 0.0056 0.7 loss=0.895485
main interval: 0.0093 0.0093 0.7 loss=0.902638
main interval: 0.0093 0.0056 0.7 loss=0.897243
main interval: 0.0093 0.0034 0.7 loss=0.901988
main interval: 0.0056 0.0093 0.7 loss=0.898289
main interval: 0.0056 0.0034 0.7 loss=0.897496
main interval: 0.0034 0.0093 0.7 loss=0.898937
main interval: 0.0034 0.0056 0.7 loss=0.897508
main interval: 0.0034 0.0034 0.7 loss=0.897358
main interval: 0.0056 0.0056 0.6 loss=0.898027
main interval: 0.0056 0.0056 0.8 loss=0.896609
best_muon_lr=[0.0056,0.0056] best_muon_momentum=0.7 interval_loss=0.895485 final_loss=0.895485 evaluated_interval_configs=11 evaluated_configs=11
train_loss run=33 step=23/30 loss=0.9007 head_lr=1072 muon_lr=0.0056 muon_momentum=0.7 muon_nesterov=False muon_grad_momentum_norm_ratio=0.41889
train_loss run=33 step=24/30 loss=0.8955 head_lr=1072 muon_lr=0.0056 muon_momentum=0.7 muon_nesterov=False muon_grad_momentum_norm_ratio=0.637716
main interval: 0.0056 0.0056 0.7 loss=0.890358
main interval: 0.0093 0.0093 0.7 loss=0.893110
main interval: 0.0093 0.0056 0.7 loss=0.891599
main interval: 0.0093 0.0034 0.7 loss=0.896923
main interval: 0.0056 0.0093 0.7 loss=0.895593
main interval: 0.0056 0.0034 0.7 loss=0.891600
main interval: 0.0034 0.0093 0.7 loss=0.895771
main interval: 0.0034 0.0056 0.7 loss=0.891827
main interval: 0.0034 0.0034 0.7 loss=0.891300
main interval: 0.0056 0.0056 0.6 loss=0.892378
main interval: 0.0056 0.0056 0.8 loss=0.891734
best_muon_lr=[0.0056,0.0056] best_muon_momentum=0.7 interval_loss=0.890358 final_loss=0.890358 evaluated_interval_configs=11 evaluated_configs=11
train_loss run=33 step=25/30 loss=0.8930 head_lr=1072 muon_lr=0.0056 muon_momentum=0.7 muon_nesterov=False muon_grad_momentum_norm_ratio=0.46181
train_loss run=33 step=26/30 loss=0.8904 head_lr=1072 muon_lr=0.0056 muon_momentum=0.7 muon_nesterov=False muon_grad_momentum_norm_ratio=0.619354
main interval: 0.0056 0.0056 0.7 loss=0.887503
main interval: 0.0093 0.0093 0.7 loss=0.891735
main interval: 0.0093 0.0056 0.7 loss=0.889486
main interval: 0.0093 0.0034 0.7 loss=0.893578
main interval: 0.0056 0.0093 0.7 loss=0.893656
main interval: 0.0056 0.0034 0.7 loss=0.887479
main interval: 0.0034 0.0093 0.7 loss=0.894477
main interval: 0.0034 0.0056 0.7 loss=0.888572
main interval: 0.0034 0.0034 0.7 loss=0.887539
main interval: 0.0056 0.0056 0.6 loss=0.888386
main interval: 0.0056 0.0056 0.8 loss=0.888893
main interval: 0.0093 0.002 0.7 loss=0.892061
main interval: 0.0056 0.002 0.7 loss=0.890542
main interval: 0.0034 0.002 0.7 loss=0.888810
main interval: 0.0056 0.0034 0.6 loss=0.887516
main interval: 0.0056 0.0034 0.8 loss=0.886429
main interval: 0.0093 0.0056 0.8 loss=0.892144
main interval: 0.0093 0.0034 0.8 loss=0.894148
main interval: 0.0093 0.002 0.8 loss=0.895099
main interval: 0.0056 0.002 0.8 loss=0.888277
main interval: 0.0034 0.0056 0.8 loss=0.889865
main interval: 0.0034 0.0034 0.8 loss=0.888201
main interval: 0.0034 0.002 0.8 loss=0.887728
main interval: 0.0056 0.0034 0.9 loss=0.887202
best_muon_lr=[0.0056,0.0034] best_muon_momentum=0.8 interval_loss=0.886429 final_loss=0.886429 evaluated_interval_configs=24 evaluated_configs=24
train_loss run=33 step=27/30 loss=0.8895 head_lr=1072 muon_lr=0.0056 muon_momentum=0.8 muon_nesterov=False muon_grad_momentum_norm_ratio=0.529491
train_loss run=33 step=28/30 loss=0.8864 head_lr=1072 muon_lr=0.0034 muon_momentum=0.8 muon_nesterov=False muon_grad_momentum_norm_ratio=0.68244
main interval: 0.0034 0.0034 0.8 loss=0.883895
main interval: 0.0056 0.0056 0.8 loss=0.884209
main interval: 0.0056 0.0034 0.8 loss=0.883913
main interval: 0.0056 0.002 0.8 loss=0.885418
main interval: 0.0034 0.0056 0.8 loss=0.884734
main interval: 0.0034 0.002 0.8 loss=0.884054
main interval: 0.002 0.0056 0.8 loss=0.884636
main interval: 0.002 0.0034 0.8 loss=0.884289
main interval: 0.002 0.002 0.8 loss=0.884291
main interval: 0.0034 0.0034 0.7 loss=0.884044
main interval: 0.0034 0.0034 0.9 loss=0.883758
main interval: 0.0056 0.0056 0.9 loss=0.884319
main interval: 0.0056 0.0034 0.9 loss=0.883190
main interval: 0.0056 0.002 0.9 loss=0.883959
main interval: 0.0034 0.0056 0.9 loss=0.883550
main interval: 0.0034 0.002 0.9 loss=0.883893
main interval: 0.002 0.0056 0.9 loss=0.884327
main interval: 0.002 0.0034 0.9 loss=0.884315
main interval: 0.002 0.002 0.9 loss=0.884348
main interval: 0.0034 0.0034 0.95 loss=0.884416
main interval: 0.0093 0.0056 0.9 loss=0.884274
main interval: 0.0093 0.0034 0.9 loss=0.882489
main interval: 0.0093 0.002 0.9 loss=0.885627
main interval: 0.0056 0.0034 0.95 loss=0.884210
main interval: 0.016 0.0056 0.9 loss=0.885357
main interval: 0.016 0.0034 0.9 loss=0.903030
main interval: 0.016 0.002 0.9 loss=0.916719
main interval: 0.0093 0.0034 0.8 loss=0.888066
main interval: 0.0093 0.0034 0.95 loss=0.885302
best_muon_lr=[0.0093,0.0034] best_muon_momentum=0.9 interval_loss=0.882489 final_loss=0.882489 evaluated_interval_configs=29 evaluated_configs=29
train_loss run=33 step=29/30 loss=0.8851 head_lr=1072 muon_lr=0.0093 muon_momentum=0.9 muon_nesterov=False muon_grad_momentum_norm_ratio=0.292399
train_loss run=33 step=30/30 loss=0.8825 head_lr=1072 muon_lr=0.0034 muon_momentum=0.9 muon_nesterov=False muon_grad_momentum_norm_ratio=0.474547
Batch size:          10000
N steps:             2
M cooldown steps:    0
Interval scheduler:  linear
LR connectedness:    jump_allowed
Muon orthogonalize:  True
Momentum config:     search_momentum_fixed_nesterov_false
Search momentum:     True
Muon nesterov:       False
Initial Muon lr:     0.2
Initial Muon lr k:   0
Initial Muon mom:    0.6
Initial Muon mom i:  6
Final start lr:      0.0093
Final start lr k:    6
Final Muon lr:       0.0034
Final Muon lr k:     8
Final end lr:        0.0034
Final end lr k:      8
Final Muon momentum: 0.9
Final Muon nesterov: False
Final Muon mom i:    9
SGD lr mult:         0.8
Initial train loss:  2.314071
Final train loss:    0.882489
Run seconds:         202.009
cifar_baseline2_overfit_n_search run=34 batch_size=10000 train_steps=30 N=2 M=0 interval_scheduler=linear lr_connectedness=continuous_double muon_orthogonalize=True momentum_config=search_momentum_fixed_nesterov_false search_momentum=True muon_nesterov=False initial_muon_lr=0.2 initial_muon_lr_k=0 initial_muon_momentum=0.6 initial_muon_momentum_index=6
train_loss run=34 step=0/30 loss=2.3141 head_lr=1072 muon_lr=0.2 muon_momentum=0.6 muon_nesterov=False muon_grad_momentum_norm_ratio=none
main interval: 0.2 0.2 0.6 loss=2.236678
main interval: 0.33 0.33 0.6 loss=2.243227
main interval: 0.33 0.2 0.6 loss=2.236848
main interval: 0.33 0.12 0.6 loss=2.238442
main interval: 0.2 0.33 0.6 loss=2.243750
main interval: 0.2 0.12 0.6 loss=2.236823
main interval: 0.12 0.33 0.6 loss=2.263350
main interval: 0.12 0.2 0.6 loss=2.255044
main interval: 0.12 0.12 0.6 loss=2.253673
main interval: 0.2 0.2 0.5 loss=2.235917
main interval: 0.2 0.2 0.7 loss=2.237495
main interval: 0.33 0.33 0.5 loss=2.242709
main interval: 0.33 0.2 0.5 loss=2.235904
main interval: 0.33 0.12 0.5 loss=2.237242
main interval: 0.2 0.33 0.5 loss=2.243077
main interval: 0.2 0.12 0.5 loss=2.235867
main interval: 0.12 0.33 0.5 loss=2.263308
main interval: 0.12 0.2 0.5 loss=2.254963
main interval: 0.12 0.12 0.5 loss=2.253377
main interval: 0.2 0.2 0.4 loss=2.235179
main interval: 0.33 0.33 0.4 loss=2.242430
main interval: 0.33 0.2 0.4 loss=2.235109
main interval: 0.33 0.12 0.4 loss=2.236113
main interval: 0.2 0.33 0.4 loss=2.242441
main interval: 0.2 0.12 0.4 loss=2.234964
main interval: 0.12 0.33 0.4 loss=2.263124
main interval: 0.12 0.2 0.4 loss=2.254824
main interval: 0.12 0.12 0.4 loss=2.253078
main interval: 0.2 0.2 0.3 loss=2.234521
main interval: 0.33 0.33 0.3 loss=2.242513
main interval: 0.33 0.2 0.3 loss=2.234583
main interval: 0.33 0.12 0.3 loss=2.235106
main interval: 0.2 0.33 0.3 loss=2.242064
main interval: 0.2 0.12 0.3 loss=2.234091
main interval: 0.12 0.33 0.3 loss=2.263065
main interval: 0.12 0.2 0.3 loss=2.254809
main interval: 0.12 0.12 0.3 loss=2.252885
main interval: 0.2 0.2 0.2 loss=2.233829
main interval: 0.33 0.33 0.2 loss=2.242423
main interval: 0.33 0.2 0.2 loss=2.233948
main interval: 0.33 0.12 0.2 loss=2.234010
main interval: 0.2 0.33 0.2 loss=2.241736
main interval: 0.2 0.12 0.2 loss=2.233233
main interval: 0.12 0.33 0.2 loss=2.263487
main interval: 0.12 0.2 0.2 loss=2.255169
main interval: 0.12 0.12 0.2 loss=2.252901
main interval: 0.2 0.2 0.1 loss=2.233642
main interval: 0.33 0.072 0.2 loss=2.241171
main interval: 0.2 0.072 0.2 loss=2.239218
main interval: 0.12 0.072 0.2 loss=2.257371
main interval: 0.2 0.12 0.1 loss=2.232616
main interval: 0.33 0.2 0.1 loss=2.233385
main interval: 0.33 0.12 0.1 loss=2.233007
main interval: 0.33 0.072 0.1 loss=2.240117
main interval: 0.2 0.072 0.1 loss=2.238454
main interval: 0.12 0.2 0.1 loss=2.256747
main interval: 0.12 0.12 0.1 loss=2.253706
main interval: 0.12 0.072 0.1 loss=2.257531
main interval: 0.2 0.12 0 loss=2.233456
best_muon_lr=[0.2,0.12] best_muon_momentum=0.1 interval_loss=2.232616 final_loss=2.232616 evaluated_interval_configs=59 evaluated_configs=59
train_loss run=34 step=1/30 loss=2.2522 head_lr=1072 muon_lr=0.2 muon_momentum=0.1 muon_nesterov=False muon_grad_momentum_norm_ratio=1
train_loss run=34 step=2/30 loss=2.2326 head_lr=1072 muon_lr=0.12 muon_momentum=0.1 muon_nesterov=False muon_grad_momentum_norm_ratio=0.910877
main interval: 0.12 0.12 0.1 loss=1.886240
main interval: 0.12 0.2 0.1 loss=1.894832
main interval: 0.12 0.072 0.1 loss=1.824733
main interval: 0.12 0.12 0 loss=1.839699
main interval: 0.12 0.12 0.2 loss=1.799856
main interval: 0.12 0.2 0.2 loss=1.922391
main interval: 0.12 0.072 0.2 loss=1.806295
main interval: 0.12 0.12 0.3 loss=1.847907
best_muon_lr=[0.12,0.12] best_muon_momentum=0.2 interval_loss=1.799856 final_loss=1.799856 evaluated_interval_configs=8 evaluated_configs=8
train_loss run=34 step=3/30 loss=1.9418 head_lr=1072 muon_lr=0.12 muon_momentum=0.2 muon_nesterov=False muon_grad_momentum_norm_ratio=0.847459
train_loss run=34 step=4/30 loss=1.7999 head_lr=1072 muon_lr=0.12 muon_momentum=0.2 muon_nesterov=False muon_grad_momentum_norm_ratio=0.761614
main interval: 0.12 0.12 0.2 loss=1.684148
main interval: 0.12 0.2 0.2 loss=1.789975
main interval: 0.12 0.072 0.2 loss=1.590713
main interval: 0.12 0.12 0.1 loss=1.662982
main interval: 0.12 0.12 0.3 loss=1.693314
main interval: 0.12 0.043 0.2 loss=1.558829
main interval: 0.12 0.072 0.1 loss=1.604427
main interval: 0.12 0.072 0.3 loss=1.567706
main interval: 0.12 0.026 0.2 loss=1.603552
main interval: 0.12 0.043 0.1 loss=1.579002
main interval: 0.12 0.043 0.3 loss=1.554505
main interval: 0.12 0.026 0.3 loss=1.597848
main interval: 0.12 0.043 0.4 loss=1.563233
best_muon_lr=[0.12,0.043] best_muon_momentum=0.3 interval_loss=1.554505 final_loss=1.554505 evaluated_interval_configs=13 evaluated_configs=13
train_loss run=34 step=5/30 loss=1.6848 head_lr=1072 muon_lr=0.12 muon_momentum=0.3 muon_nesterov=False muon_grad_momentum_norm_ratio=0.781072
train_loss run=34 step=6/30 loss=1.5545 head_lr=1072 muon_lr=0.043 muon_momentum=0.3 muon_nesterov=False muon_grad_momentum_norm_ratio=0.815672
main interval: 0.043 0.043 0.3 loss=1.398389
main interval: 0.043 0.072 0.3 loss=1.485305
main interval: 0.043 0.026 0.3 loss=1.379850
main interval: 0.043 0.043 0.2 loss=1.415045
main interval: 0.043 0.043 0.4 loss=1.386658
main interval: 0.043 0.016 0.3 loss=1.399229
main interval: 0.043 0.026 0.2 loss=1.402736
main interval: 0.043 0.026 0.4 loss=1.376871
main interval: 0.043 0.016 0.4 loss=1.399015
main interval: 0.043 0.026 0.5 loss=1.377088
best_muon_lr=[0.043,0.026] best_muon_momentum=0.4 interval_loss=1.376871 final_loss=1.376871 evaluated_interval_configs=10 evaluated_configs=10
train_loss run=34 step=7/30 loss=1.4445 head_lr=1072 muon_lr=0.043 muon_momentum=0.4 muon_nesterov=False muon_grad_momentum_norm_ratio=0.705951
train_loss run=34 step=8/30 loss=1.3769 head_lr=1072 muon_lr=0.026 muon_momentum=0.4 muon_nesterov=False muon_grad_momentum_norm_ratio=0.751943
main interval: 0.026 0.026 0.4 loss=1.279080
main interval: 0.026 0.043 0.4 loss=1.293603
main interval: 0.026 0.016 0.4 loss=1.276522
main interval: 0.026 0.026 0.3 loss=1.277599
main interval: 0.026 0.026 0.5 loss=1.288917
main interval: 0.026 0.0093 0.4 loss=1.288037
main interval: 0.026 0.016 0.3 loss=1.291134
main interval: 0.026 0.016 0.5 loss=1.276028
main interval: 0.026 0.0093 0.5 loss=1.293784
main interval: 0.026 0.016 0.6 loss=1.271738
main interval: 0.026 0.026 0.6 loss=1.271286
main interval: 0.026 0.0093 0.6 loss=1.279551
main interval: 0.026 0.016 0.7 loss=1.269035
main interval: 0.026 0.026 0.7 loss=1.247094
main interval: 0.026 0.0093 0.7 loss=1.274815
main interval: 0.026 0.016 0.8 loss=1.257286
main interval: 0.026 0.043 0.7 loss=1.245834
main interval: 0.026 0.026 0.8 loss=1.238149
main interval: 0.026 0.043 0.8 loss=1.235267
main interval: 0.026 0.026 0.9 loss=1.236617
main interval: 0.026 0.072 0.8 loss=1.252737
main interval: 0.026 0.043 0.9 loss=1.221002
main interval: 0.026 0.072 0.9 loss=1.244180
main interval: 0.026 0.043 0.95 loss=1.223524
best_muon_lr=[0.026,0.043] best_muon_momentum=0.9 interval_loss=1.221002 final_loss=1.221002 evaluated_interval_configs=24 evaluated_configs=24
train_loss run=34 step=9/30 loss=1.2988 head_lr=1072 muon_lr=0.026 muon_momentum=0.9 muon_nesterov=False muon_grad_momentum_norm_ratio=0.29156
train_loss run=34 step=10/30 loss=1.2210 head_lr=1072 muon_lr=0.043 muon_momentum=0.9 muon_nesterov=False muon_grad_momentum_norm_ratio=0.261272
main interval: 0.043 0.043 0.9 loss=1.128848
main interval: 0.043 0.072 0.9 loss=1.166529
main interval: 0.043 0.026 0.9 loss=1.094162
main interval: 0.043 0.043 0.8 loss=1.107805
main interval: 0.043 0.043 0.95 loss=1.098053
main interval: 0.043 0.016 0.9 loss=1.099296
main interval: 0.043 0.026 0.8 loss=1.084041
main interval: 0.043 0.026 0.95 loss=1.081071
main interval: 0.043 0.016 0.95 loss=1.094892
main interval: 0.043 0.026 0.99 loss=1.080186
main interval: 0.043 0.043 0.99 loss=1.071195
main interval: 0.043 0.016 0.99 loss=1.084145
main interval: 0.043 0.072 0.99 loss=1.074656
best_muon_lr=[0.043,0.043] best_muon_momentum=0.99 interval_loss=1.071195 final_loss=1.071195 evaluated_interval_configs=13 evaluated_configs=13
train_loss run=34 step=11/30 loss=1.1296 head_lr=1072 muon_lr=0.043 muon_momentum=0.99 muon_nesterov=False muon_grad_momentum_norm_ratio=0.234709
train_loss run=34 step=12/30 loss=1.0712 head_lr=1072 muon_lr=0.043 muon_momentum=0.99 muon_nesterov=False muon_grad_momentum_norm_ratio=0.231282
main interval: 0.043 0.043 0.99 loss=1.004372
main interval: 0.043 0.072 0.99 loss=1.035459
main interval: 0.043 0.026 0.99 loss=0.979103
main interval: 0.043 0.043 0.95 loss=0.996759
main interval: 0.043 0.016 0.99 loss=0.973193
main interval: 0.043 0.026 0.95 loss=0.979074
main interval: 0.043 0.0093 0.99 loss=0.970949
main interval: 0.043 0.016 0.95 loss=0.972447
main interval: 0.043 0.0056 0.99 loss=0.970294
main interval: 0.043 0.0093 0.95 loss=0.970130
main interval: 0.043 0.0056 0.95 loss=0.969953
main interval: 0.043 0.0093 0.9 loss=0.970093
main interval: 0.043 0.0034 0.95 loss=0.970029
main interval: 0.043 0.0056 0.9 loss=0.969817
main interval: 0.043 0.0034 0.9 loss=0.970001
main interval: 0.043 0.0056 0.8 loss=0.970629
best_muon_lr=[0.043,0.0056] best_muon_momentum=0.9 interval_loss=0.969817 final_loss=0.969817 evaluated_interval_configs=16 evaluated_configs=16
train_loss run=34 step=13/30 loss=0.9810 head_lr=1072 muon_lr=0.043 muon_momentum=0.9 muon_nesterov=False muon_grad_momentum_norm_ratio=0.162002
train_loss run=34 step=14/30 loss=0.9698 head_lr=1072 muon_lr=0.0056 muon_momentum=0.9 muon_nesterov=False muon_grad_momentum_norm_ratio=0.0997717
main interval: 0.0056 0.0056 0.9 loss=0.954296
main interval: 0.0056 0.0093 0.9 loss=0.944854
main interval: 0.0056 0.0034 0.9 loss=0.946954
main interval: 0.0056 0.0056 0.8 loss=0.943653
main interval: 0.0056 0.0056 0.95 loss=0.943468
main interval: 0.0056 0.0093 0.95 loss=0.942573
main interval: 0.0056 0.0034 0.95 loss=0.945294
main interval: 0.0056 0.0056 0.99 loss=0.943948
main interval: 0.0056 0.016 0.95 loss=0.949146
main interval: 0.0056 0.0093 0.99 loss=0.943962
best_muon_lr=[0.0056,0.0093] best_muon_momentum=0.95 interval_loss=0.942573 final_loss=0.942573 evaluated_interval_configs=10 evaluated_configs=10
train_loss run=34 step=15/30 loss=0.9523 head_lr=1072 muon_lr=0.0056 muon_momentum=0.95 muon_nesterov=False muon_grad_momentum_norm_ratio=0.17989
train_loss run=34 step=16/30 loss=0.9426 head_lr=1072 muon_lr=0.0093 muon_momentum=0.95 muon_nesterov=False muon_grad_momentum_norm_ratio=0.0967489
main interval: 0.0093 0.0093 0.95 loss=0.939587
main interval: 0.0093 0.016 0.95 loss=0.924911
main interval: 0.0093 0.0056 0.95 loss=0.922920
main interval: 0.0093 0.0093 0.9 loss=0.922851
main interval: 0.0093 0.0093 0.99 loss=0.923856
main interval: 0.0093 0.016 0.9 loss=0.931575
main interval: 0.0093 0.0056 0.9 loss=0.924018
main interval: 0.0093 0.0093 0.8 loss=0.925663
best_muon_lr=[0.0093,0.0093] best_muon_momentum=0.9 interval_loss=0.922851 final_loss=0.922851 evaluated_interval_configs=8 evaluated_configs=8
train_loss run=34 step=17/30 loss=0.9273 head_lr=1072 muon_lr=0.0093 muon_momentum=0.9 muon_nesterov=False muon_grad_momentum_norm_ratio=0.177862
train_loss run=34 step=18/30 loss=0.9229 head_lr=1072 muon_lr=0.0093 muon_momentum=0.9 muon_nesterov=False muon_grad_momentum_norm_ratio=0.0914281
main interval: 0.0093 0.0093 0.9 loss=0.910217
main interval: 0.0093 0.016 0.9 loss=0.914328
main interval: 0.0093 0.0056 0.9 loss=0.910188
main interval: 0.0093 0.0093 0.8 loss=0.913220
main interval: 0.0093 0.0093 0.95 loss=0.914283
main interval: 0.0093 0.0034 0.9 loss=0.910799
main interval: 0.0093 0.0056 0.8 loss=0.911963
main interval: 0.0093 0.0056 0.95 loss=0.912072
best_muon_lr=[0.0093,0.0056] best_muon_momentum=0.9 interval_loss=0.910188 final_loss=0.910188 evaluated_interval_configs=8 evaluated_configs=8
train_loss run=34 step=19/30 loss=0.9111 head_lr=1072 muon_lr=0.0093 muon_momentum=0.9 muon_nesterov=False muon_grad_momentum_norm_ratio=0.274865
train_loss run=34 step=20/30 loss=0.9102 head_lr=1072 muon_lr=0.0056 muon_momentum=0.9 muon_nesterov=False muon_grad_momentum_norm_ratio=0.140341
main interval: 0.0056 0.0056 0.9 loss=0.901120
main interval: 0.0056 0.0093 0.9 loss=0.903156
main interval: 0.0056 0.0034 0.9 loss=0.901705
main interval: 0.0056 0.0056 0.8 loss=0.904564
main interval: 0.0056 0.0056 0.95 loss=0.905592
best_muon_lr=[0.0056,0.0056] best_muon_momentum=0.9 interval_loss=0.901120 final_loss=0.901120 evaluated_interval_configs=5 evaluated_configs=5
train_loss run=34 step=21/30 loss=0.9073 head_lr=1072 muon_lr=0.0056 muon_momentum=0.9 muon_nesterov=False muon_grad_momentum_norm_ratio=0.257384
train_loss run=34 step=22/30 loss=0.9011 head_lr=1072 muon_lr=0.0056 muon_momentum=0.9 muon_nesterov=False muon_grad_momentum_norm_ratio=0.300147
main interval: 0.0056 0.0056 0.9 loss=0.895903
main interval: 0.0056 0.0093 0.9 loss=0.897758
main interval: 0.0056 0.0034 0.9 loss=0.895276
main interval: 0.0056 0.0056 0.8 loss=0.896320
main interval: 0.0056 0.0056 0.95 loss=0.896575
main interval: 0.0056 0.002 0.9 loss=0.895253
main interval: 0.0056 0.0034 0.8 loss=0.895585
main interval: 0.0056 0.0034 0.95 loss=0.895612
main interval: 0.0056 0.0012 0.9 loss=0.895292
main interval: 0.0056 0.002 0.8 loss=0.895342
main interval: 0.0056 0.002 0.95 loss=0.895328
best_muon_lr=[0.0056,0.002] best_muon_momentum=0.9 interval_loss=0.895253 final_loss=0.895253 evaluated_interval_configs=11 evaluated_configs=11
train_loss run=34 step=23/30 loss=0.8955 head_lr=1072 muon_lr=0.0056 muon_momentum=0.9 muon_nesterov=False muon_grad_momentum_norm_ratio=0.242474
train_loss run=34 step=24/30 loss=0.8953 head_lr=1072 muon_lr=0.002 muon_momentum=0.9 muon_nesterov=False muon_grad_momentum_norm_ratio=0.0990054
main interval: 0.002 0.002 0.9 loss=0.894261
main interval: 0.002 0.0034 0.9 loss=0.891532
main interval: 0.002 0.0012 0.9 loss=0.892316
main interval: 0.002 0.002 0.8 loss=0.892154
main interval: 0.002 0.002 0.95 loss=0.892308
main interval: 0.002 0.0056 0.9 loss=0.893819
main interval: 0.002 0.0034 0.8 loss=0.892759
main interval: 0.002 0.0034 0.95 loss=0.892883
best_muon_lr=[0.002,0.0034] best_muon_momentum=0.9 interval_loss=0.891532 final_loss=0.891532 evaluated_interval_configs=8 evaluated_configs=8
train_loss run=34 step=25/30 loss=0.8936 head_lr=1072 muon_lr=0.002 muon_momentum=0.9 muon_nesterov=False muon_grad_momentum_norm_ratio=0.24122
train_loss run=34 step=26/30 loss=0.8915 head_lr=1072 muon_lr=0.0034 muon_momentum=0.9 muon_nesterov=False muon_grad_momentum_norm_ratio=0.198842
main interval: 0.0034 0.0034 0.9 loss=0.888882
main interval: 0.0034 0.0056 0.9 loss=0.887766
main interval: 0.0034 0.002 0.9 loss=0.888650
main interval: 0.0034 0.0034 0.8 loss=0.888240
main interval: 0.0034 0.0034 0.95 loss=0.888280
main interval: 0.0034 0.0093 0.9 loss=0.888080
main interval: 0.0034 0.0056 0.8 loss=0.887996
main interval: 0.0034 0.0056 0.95 loss=0.888054
best_muon_lr=[0.0034,0.0056] best_muon_momentum=0.9 interval_loss=0.887766 final_loss=0.887766 evaluated_interval_configs=8 evaluated_configs=8
train_loss run=34 step=27/30 loss=0.8896 head_lr=1072 muon_lr=0.0034 muon_momentum=0.9 muon_nesterov=False muon_grad_momentum_norm_ratio=0.150869
train_loss run=34 step=28/30 loss=0.8878 head_lr=1072 muon_lr=0.0056 muon_momentum=0.9 muon_nesterov=False muon_grad_momentum_norm_ratio=0.114462
main interval: 0.0056 0.0056 0.9 loss=0.884259
main interval: 0.0056 0.0093 0.9 loss=0.884162
main interval: 0.0056 0.0034 0.9 loss=0.884502
main interval: 0.0056 0.0056 0.8 loss=0.884230
main interval: 0.0056 0.0056 0.95 loss=0.884261
main interval: 0.0056 0.016 0.9 loss=0.886373
main interval: 0.0056 0.0093 0.8 loss=0.884203
main interval: 0.0056 0.0093 0.95 loss=0.884431
best_muon_lr=[0.0056,0.0093] best_muon_momentum=0.9 interval_loss=0.884162 final_loss=0.884162 evaluated_interval_configs=8 evaluated_configs=8
train_loss run=34 step=29/30 loss=0.8855 head_lr=1072 muon_lr=0.0056 muon_momentum=0.9 muon_nesterov=False muon_grad_momentum_norm_ratio=0.217267
train_loss run=34 step=30/30 loss=0.8842 head_lr=1072 muon_lr=0.0093 muon_momentum=0.9 muon_nesterov=False muon_grad_momentum_norm_ratio=0.18189
Batch size:          10000
N steps:             2
M cooldown steps:    0
Interval scheduler:  linear
LR connectedness:    continuous_double
Muon orthogonalize:  True
Momentum config:     search_momentum_fixed_nesterov_false
Search momentum:     True
Muon nesterov:       False
Initial Muon lr:     0.2
Initial Muon lr k:   0
Initial Muon mom:    0.6
Initial Muon mom i:  6
Final start lr:      0.0056
Final start lr k:    7
Final Muon lr:       0.0093
Final Muon lr k:     6
Final end lr:        0.0093
Final end lr k:      6
Final Muon momentum: 0.9
Final Muon nesterov: False
Final Muon mom i:    9
SGD lr mult:         0.8
Initial train loss:  2.314071
Final train loss:    0.884162
Run seconds:         113.685
cifar_baseline2_overfit_n_search run=35 batch_size=10000 train_steps=30 N=2 M=0 interval_scheduler=linear lr_connectedness=continuous_single muon_orthogonalize=True momentum_config=search_momentum_fixed_nesterov_false search_momentum=True muon_nesterov=False initial_muon_lr=0.2 initial_muon_lr_k=0 initial_muon_momentum=0.6 initial_muon_momentum_index=6
train_loss run=35 step=0/30 loss=2.3141 head_lr=1072 muon_lr=0.2 muon_momentum=0.6 muon_nesterov=False muon_grad_momentum_norm_ratio=none
main interval: 0.2 0.2 0.6 loss=2.236678
main interval: 0.33 0.33 0.6 loss=2.243227
main interval: 0.33 0.2 0.6 loss=2.236848
main interval: 0.33 0.12 0.6 loss=2.238442
main interval: 0.2 0.33 0.6 loss=2.243750
main interval: 0.2 0.12 0.6 loss=2.236823
main interval: 0.12 0.33 0.6 loss=2.263350
main interval: 0.12 0.2 0.6 loss=2.255044
main interval: 0.12 0.12 0.6 loss=2.253673
main interval: 0.2 0.2 0.5 loss=2.235917
main interval: 0.2 0.2 0.7 loss=2.237495
main interval: 0.33 0.33 0.5 loss=2.242709
main interval: 0.33 0.2 0.5 loss=2.235904
main interval: 0.33 0.12 0.5 loss=2.237242
main interval: 0.2 0.33 0.5 loss=2.243077
main interval: 0.2 0.12 0.5 loss=2.235867
main interval: 0.12 0.33 0.5 loss=2.263308
main interval: 0.12 0.2 0.5 loss=2.254963
main interval: 0.12 0.12 0.5 loss=2.253377
main interval: 0.2 0.2 0.4 loss=2.235179
main interval: 0.33 0.33 0.4 loss=2.242430
main interval: 0.33 0.2 0.4 loss=2.235109
main interval: 0.33 0.12 0.4 loss=2.236113
main interval: 0.2 0.33 0.4 loss=2.242441
main interval: 0.2 0.12 0.4 loss=2.234964
main interval: 0.12 0.33 0.4 loss=2.263124
main interval: 0.12 0.2 0.4 loss=2.254824
main interval: 0.12 0.12 0.4 loss=2.253078
main interval: 0.2 0.2 0.3 loss=2.234521
main interval: 0.33 0.33 0.3 loss=2.242513
main interval: 0.33 0.2 0.3 loss=2.234583
main interval: 0.33 0.12 0.3 loss=2.235106
main interval: 0.2 0.33 0.3 loss=2.242064
main interval: 0.2 0.12 0.3 loss=2.234091
main interval: 0.12 0.33 0.3 loss=2.263065
main interval: 0.12 0.2 0.3 loss=2.254809
main interval: 0.12 0.12 0.3 loss=2.252885
main interval: 0.2 0.2 0.2 loss=2.233829
main interval: 0.33 0.33 0.2 loss=2.242423
main interval: 0.33 0.2 0.2 loss=2.233948
main interval: 0.33 0.12 0.2 loss=2.234010
main interval: 0.2 0.33 0.2 loss=2.241736
main interval: 0.2 0.12 0.2 loss=2.233233
main interval: 0.12 0.33 0.2 loss=2.263487
main interval: 0.12 0.2 0.2 loss=2.255169
main interval: 0.12 0.12 0.2 loss=2.252901
main interval: 0.2 0.2 0.1 loss=2.233642
main interval: 0.33 0.072 0.2 loss=2.241171
main interval: 0.2 0.072 0.2 loss=2.239218
main interval: 0.12 0.072 0.2 loss=2.257371
main interval: 0.2 0.12 0.1 loss=2.232616
main interval: 0.33 0.2 0.1 loss=2.233385
main interval: 0.33 0.12 0.1 loss=2.233007
main interval: 0.33 0.072 0.1 loss=2.240117
main interval: 0.2 0.072 0.1 loss=2.238454
main interval: 0.12 0.2 0.1 loss=2.256747
main interval: 0.12 0.12 0.1 loss=2.253706
main interval: 0.12 0.072 0.1 loss=2.257531
main interval: 0.2 0.12 0 loss=2.233456
best_muon_lr=[0.2,0.12] best_muon_momentum=0.1 interval_loss=2.232616 final_loss=2.232616 evaluated_interval_configs=59 evaluated_configs=59
train_loss run=35 step=1/30 loss=2.2522 head_lr=1072 muon_lr=0.2 muon_momentum=0.1 muon_nesterov=False muon_grad_momentum_norm_ratio=1
train_loss run=35 step=2/30 loss=2.2326 head_lr=1072 muon_lr=0.12 muon_momentum=0.1 muon_nesterov=False muon_grad_momentum_norm_ratio=0.910877
main interval: 0.12 0.12 0.1 loss=1.886240
main interval: 0.12 0.2 0.1 loss=1.864752
main interval: 0.12 0.072 0.1 loss=1.831849
main interval: 0.12 0.12 0 loss=1.839923
main interval: 0.12 0.12 0.2 loss=1.804106
main interval: 0.12 0.2 0.2 loss=1.919802
main interval: 0.12 0.072 0.2 loss=1.815418
main interval: 0.12 0.12 0.3 loss=1.857970
best_muon_lr=[0.12,0.12] best_muon_momentum=0.2 interval_loss=1.804106 final_loss=1.804106 evaluated_interval_configs=8 evaluated_configs=8
train_loss run=35 step=3/30 loss=1.9420 head_lr=1072 muon_lr=0.12 muon_momentum=0.2 muon_nesterov=False muon_grad_momentum_norm_ratio=0.846745
train_loss run=35 step=4/30 loss=1.8041 head_lr=1072 muon_lr=0.12 muon_momentum=0.2 muon_nesterov=False muon_grad_momentum_norm_ratio=0.762228
main interval: 0.12 0.12 0.2 loss=1.683929
main interval: 0.12 0.2 0.2 loss=1.723729
main interval: 0.12 0.072 0.2 loss=1.595404
main interval: 0.12 0.12 0.1 loss=1.674393
main interval: 0.12 0.12 0.3 loss=1.704895
main interval: 0.12 0.043 0.2 loss=1.549636
main interval: 0.12 0.072 0.1 loss=1.601035
main interval: 0.12 0.072 0.3 loss=1.552552
main interval: 0.12 0.026 0.2 loss=1.561458
main interval: 0.12 0.043 0.1 loss=1.556878
main interval: 0.12 0.043 0.3 loss=1.533800
main interval: 0.12 0.026 0.3 loss=1.542000
main interval: 0.12 0.043 0.4 loss=1.537177
best_muon_lr=[0.12,0.043] best_muon_momentum=0.3 interval_loss=1.533800 final_loss=1.533800 evaluated_interval_configs=13 evaluated_configs=13
train_loss run=35 step=5/30 loss=1.6354 head_lr=1072 muon_lr=0.081 muon_momentum=0.3 muon_nesterov=False muon_grad_momentum_norm_ratio=0.788661
train_loss run=35 step=6/30 loss=1.5338 head_lr=1072 muon_lr=0.043 muon_momentum=0.3 muon_nesterov=False muon_grad_momentum_norm_ratio=0.716055
main interval: 0.043 0.043 0.3 loss=1.440556
main interval: 0.043 0.072 0.3 loss=1.490770
main interval: 0.043 0.026 0.3 loss=1.398571
main interval: 0.043 0.043 0.2 loss=1.420765
main interval: 0.043 0.043 0.4 loss=1.425016
main interval: 0.043 0.016 0.3 loss=1.396525
main interval: 0.043 0.026 0.2 loss=1.412032
main interval: 0.043 0.026 0.4 loss=1.379171
main interval: 0.043 0.016 0.4 loss=1.396399
main interval: 0.043 0.026 0.5 loss=1.375683
main interval: 0.043 0.043 0.5 loss=1.405695
main interval: 0.043 0.016 0.5 loss=1.390564
main interval: 0.043 0.026 0.6 loss=1.378302
best_muon_lr=[0.043,0.026] best_muon_momentum=0.5 interval_loss=1.375683 final_loss=1.375683 evaluated_interval_configs=13 evaluated_configs=13
train_loss run=35 step=7/30 loss=1.4532 head_lr=1072 muon_lr=0.034 muon_momentum=0.5 muon_nesterov=False muon_grad_momentum_norm_ratio=0.631012
train_loss run=35 step=8/30 loss=1.3757 head_lr=1072 muon_lr=0.026 muon_momentum=0.5 muon_nesterov=False muon_grad_momentum_norm_ratio=0.695649
main interval: 0.026 0.026 0.5 loss=1.266332
main interval: 0.026 0.043 0.5 loss=1.313704
main interval: 0.026 0.016 0.5 loss=1.262440
main interval: 0.026 0.026 0.4 loss=1.278770
main interval: 0.026 0.026 0.6 loss=1.256891
main interval: 0.026 0.043 0.6 loss=1.278196
main interval: 0.026 0.016 0.6 loss=1.260949
main interval: 0.026 0.026 0.7 loss=1.243959
main interval: 0.026 0.043 0.7 loss=1.253904
main interval: 0.026 0.016 0.7 loss=1.256745
main interval: 0.026 0.026 0.8 loss=1.234910
main interval: 0.026 0.043 0.8 loss=1.224326
main interval: 0.026 0.016 0.8 loss=1.251509
main interval: 0.026 0.026 0.9 loss=1.236862
main interval: 0.026 0.072 0.8 loss=1.258411
main interval: 0.026 0.043 0.9 loss=1.196579
main interval: 0.026 0.072 0.9 loss=1.209362
main interval: 0.026 0.043 0.95 loss=1.194759
main interval: 0.026 0.072 0.95 loss=1.199256
main interval: 0.026 0.026 0.95 loss=1.220350
main interval: 0.026 0.043 0.99 loss=1.207638
best_muon_lr=[0.026,0.043] best_muon_momentum=0.95 interval_loss=1.194759 final_loss=1.194759 evaluated_interval_configs=21 evaluated_configs=21
train_loss run=35 step=9/30 loss=1.2879 head_lr=1072 muon_lr=0.034 muon_momentum=0.95 muon_nesterov=False muon_grad_momentum_norm_ratio=0.297066
train_loss run=35 step=10/30 loss=1.1948 head_lr=1072 muon_lr=0.043 muon_momentum=0.95 muon_nesterov=False muon_grad_momentum_norm_ratio=0.286075
main interval: 0.043 0.043 0.95 loss=1.080868
main interval: 0.043 0.072 0.95 loss=1.157191
main interval: 0.043 0.026 0.95 loss=1.066735
main interval: 0.043 0.043 0.9 loss=1.068484
main interval: 0.043 0.043 0.99 loss=1.055469
main interval: 0.043 0.072 0.99 loss=1.075824
main interval: 0.043 0.026 0.99 loss=1.057939
best_muon_lr=[0.043,0.043] best_muon_momentum=0.99 interval_loss=1.055469 final_loss=1.055469 evaluated_interval_configs=7 evaluated_configs=7
train_loss run=35 step=11/30 loss=1.1126 head_lr=1072 muon_lr=0.043 muon_momentum=0.99 muon_nesterov=False muon_grad_momentum_norm_ratio=0.213261
train_loss run=35 step=12/30 loss=1.0555 head_lr=1072 muon_lr=0.043 muon_momentum=0.99 muon_nesterov=False muon_grad_momentum_norm_ratio=0.308382
main interval: 0.043 0.043 0.99 loss=0.992422
main interval: 0.043 0.072 0.99 loss=1.041770
main interval: 0.043 0.026 0.99 loss=0.966782
main interval: 0.043 0.043 0.95 loss=0.986260
main interval: 0.043 0.016 0.99 loss=0.967084
main interval: 0.043 0.026 0.95 loss=0.974157
best_muon_lr=[0.043,0.026] best_muon_momentum=0.99 interval_loss=0.966782 final_loss=0.966782 evaluated_interval_configs=6 evaluated_configs=6
train_loss run=35 step=13/30 loss=0.9986 head_lr=1072 muon_lr=0.034 muon_momentum=0.99 muon_nesterov=False muon_grad_momentum_norm_ratio=0.220284
train_loss run=35 step=14/30 loss=0.9668 head_lr=1072 muon_lr=0.026 muon_momentum=0.99 muon_nesterov=False muon_grad_momentum_norm_ratio=0.215842
main interval: 0.026 0.026 0.99 loss=0.952474
main interval: 0.026 0.043 0.99 loss=0.948804
main interval: 0.026 0.016 0.99 loss=0.929294
main interval: 0.026 0.026 0.95 loss=0.937996
main interval: 0.026 0.0093 0.99 loss=0.929910
main interval: 0.026 0.016 0.95 loss=0.933857
best_muon_lr=[0.026,0.016] best_muon_momentum=0.99 interval_loss=0.929294 final_loss=0.929294 evaluated_interval_configs=6 evaluated_configs=6
train_loss run=35 step=15/30 loss=0.9377 head_lr=1072 muon_lr=0.021 muon_momentum=0.99 muon_nesterov=False muon_grad_momentum_norm_ratio=0.151711
train_loss run=35 step=16/30 loss=0.9293 head_lr=1072 muon_lr=0.016 muon_momentum=0.99 muon_nesterov=False muon_grad_momentum_norm_ratio=0.0701364
main interval: 0.016 0.016 0.99 loss=0.920067
main interval: 0.016 0.026 0.99 loss=0.914387
main interval: 0.016 0.0093 0.99 loss=0.912389
main interval: 0.016 0.016 0.95 loss=0.914238
main interval: 0.016 0.0056 0.99 loss=0.913172
main interval: 0.016 0.0093 0.95 loss=0.913523
best_muon_lr=[0.016,0.0093] best_muon_momentum=0.99 interval_loss=0.912389 final_loss=0.912389 evaluated_interval_configs=6 evaluated_configs=6
train_loss run=35 step=17/30 loss=0.9164 head_lr=1072 muon_lr=0.013 muon_momentum=0.99 muon_nesterov=False muon_grad_momentum_norm_ratio=0.10879
train_loss run=35 step=18/30 loss=0.9124 head_lr=1072 muon_lr=0.0093 muon_momentum=0.99 muon_nesterov=False muon_grad_momentum_norm_ratio=0.045905
main interval: 0.0093 0.0093 0.99 loss=0.907142
main interval: 0.0093 0.016 0.99 loss=0.901556
main interval: 0.0093 0.0056 0.99 loss=0.903795
main interval: 0.0093 0.0093 0.95 loss=0.902641
main interval: 0.0093 0.026 0.99 loss=0.910246
main interval: 0.0093 0.016 0.95 loss=0.901406
main interval: 0.0093 0.026 0.95 loss=0.906856
main interval: 0.0093 0.016 0.9 loss=0.899888
main interval: 0.0093 0.026 0.9 loss=0.904021
main interval: 0.0093 0.0093 0.9 loss=0.899335
main interval: 0.0093 0.016 0.8 loss=0.899809
main interval: 0.0093 0.0056 0.9 loss=0.901047
main interval: 0.0093 0.0093 0.8 loss=0.900649
best_muon_lr=[0.0093,0.0093] best_muon_momentum=0.9 interval_loss=0.899335 final_loss=0.899335 evaluated_interval_configs=13 evaluated_configs=13
train_loss run=35 step=19/30 loss=0.9033 head_lr=1072 muon_lr=0.0093 muon_momentum=0.9 muon_nesterov=False muon_grad_momentum_norm_ratio=0.120446
train_loss run=35 step=20/30 loss=0.8993 head_lr=1072 muon_lr=0.0093 muon_momentum=0.9 muon_nesterov=False muon_grad_momentum_norm_ratio=0.0518444
main interval: 0.0093 0.0093 0.9 loss=0.892925
main interval: 0.0093 0.016 0.9 loss=0.892585
main interval: 0.0093 0.0056 0.9 loss=0.892529
main interval: 0.0093 0.0093 0.8 loss=0.893378
main interval: 0.0093 0.0093 0.95 loss=0.893109
main interval: 0.0093 0.0034 0.9 loss=0.893139
main interval: 0.0093 0.0056 0.8 loss=0.893570
main interval: 0.0093 0.0056 0.95 loss=0.893453
best_muon_lr=[0.0093,0.0056] best_muon_momentum=0.9 interval_loss=0.892529 final_loss=0.892529 evaluated_interval_configs=8 evaluated_configs=8
train_loss run=35 step=21/30 loss=0.8940 head_lr=1072 muon_lr=0.0075 muon_momentum=0.9 muon_nesterov=False muon_grad_momentum_norm_ratio=0.16782
train_loss run=35 step=22/30 loss=0.8925 head_lr=1072 muon_lr=0.0056 muon_momentum=0.9 muon_nesterov=False muon_grad_momentum_norm_ratio=0.0642067
main interval: 0.0056 0.0056 0.9 loss=0.888576
main interval: 0.0056 0.0093 0.9 loss=0.888150
main interval: 0.0056 0.0034 0.9 loss=0.888656
main interval: 0.0056 0.0056 0.8 loss=0.889242
main interval: 0.0056 0.0056 0.95 loss=0.889328
main interval: 0.0056 0.016 0.9 loss=0.890169
main interval: 0.0056 0.0093 0.8 loss=0.887024
main interval: 0.0056 0.0093 0.95 loss=0.887777
main interval: 0.0056 0.016 0.8 loss=0.884374
main interval: 0.0056 0.0093 0.7 loss=0.885664
main interval: 0.0056 0.026 0.8 loss=0.921872
main interval: 0.0056 0.016 0.7 loss=0.896990
best_muon_lr=[0.0056,0.016] best_muon_momentum=0.8 interval_loss=0.884374 final_loss=0.884374 evaluated_interval_configs=12 evaluated_configs=12
train_loss run=35 step=23/30 loss=0.8888 head_lr=1072 muon_lr=0.011 muon_momentum=0.8 muon_nesterov=False muon_grad_momentum_norm_ratio=0.316508
train_loss run=35 step=24/30 loss=0.8844 head_lr=1072 muon_lr=0.016 muon_momentum=0.8 muon_nesterov=False muon_grad_momentum_norm_ratio=0.387672
main interval: 0.016 0.016 0.8 loss=0.884397
main interval: 0.016 0.026 0.8 loss=0.929072
main interval: 0.016 0.0093 0.8 loss=0.884102
main interval: 0.016 0.016 0.7 loss=0.895546
main interval: 0.016 0.016 0.9 loss=0.897240
main interval: 0.016 0.0056 0.8 loss=0.887747
main interval: 0.016 0.0093 0.7 loss=0.884101
main interval: 0.016 0.0093 0.9 loss=0.883954
main interval: 0.016 0.0056 0.9 loss=0.884185
main interval: 0.016 0.0093 0.95 loss=0.884682
best_muon_lr=[0.016,0.0093] best_muon_momentum=0.9 interval_loss=0.883954 final_loss=0.883954 evaluated_interval_configs=10 evaluated_configs=10
train_loss run=35 step=25/30 loss=0.8912 head_lr=1072 muon_lr=0.013 muon_momentum=0.9 muon_nesterov=False muon_grad_momentum_norm_ratio=0.371632
train_loss run=35 step=26/30 loss=0.8840 head_lr=1072 muon_lr=0.0093 muon_momentum=0.9 muon_nesterov=False muon_grad_momentum_norm_ratio=0.666641
main interval: 0.0093 0.0093 0.9 loss=0.880593
main interval: 0.0093 0.016 0.9 loss=0.883877
main interval: 0.0093 0.0056 0.9 loss=0.879128
main interval: 0.0093 0.0093 0.8 loss=0.879468
main interval: 0.0093 0.0093 0.95 loss=0.881093
main interval: 0.0093 0.0034 0.9 loss=0.878398
main interval: 0.0093 0.0056 0.8 loss=0.878851
main interval: 0.0093 0.0056 0.95 loss=0.879035
main interval: 0.0093 0.002 0.9 loss=0.878194
main interval: 0.0093 0.0034 0.8 loss=0.878547
main interval: 0.0093 0.0034 0.95 loss=0.878652
main interval: 0.0093 0.0012 0.9 loss=0.878413
main interval: 0.0093 0.002 0.8 loss=0.878568
main interval: 0.0093 0.002 0.95 loss=0.878585
best_muon_lr=[0.0093,0.002] best_muon_momentum=0.9 interval_loss=0.878194 final_loss=0.878194 evaluated_interval_configs=14 evaluated_configs=14
train_loss run=35 step=27/30 loss=0.8793 head_lr=1072 muon_lr=0.0056 muon_momentum=0.9 muon_nesterov=False muon_grad_momentum_norm_ratio=0.423669
train_loss run=35 step=28/30 loss=0.8782 head_lr=1072 muon_lr=0.002 muon_momentum=0.9 muon_nesterov=False muon_grad_momentum_norm_ratio=0.252937
main interval: 0.002 0.002 0.9 loss=0.877432
main interval: 0.002 0.0034 0.9 loss=0.877529
main interval: 0.002 0.0012 0.9 loss=0.877124
main interval: 0.002 0.002 0.8 loss=0.877331
main interval: 0.002 0.002 0.95 loss=0.877367
main interval: 0.002 0.00073 0.9 loss=0.877205
main interval: 0.002 0.0012 0.8 loss=0.877305
main interval: 0.002 0.0012 0.95 loss=0.877325
best_muon_lr=[0.002,0.0012] best_muon_momentum=0.9 interval_loss=0.877124 final_loss=0.877124 evaluated_interval_configs=8 evaluated_configs=8
train_loss run=35 step=29/30 loss=0.8773 head_lr=1072 muon_lr=0.0016 muon_momentum=0.9 muon_nesterov=False muon_grad_momentum_norm_ratio=0.340245
train_loss run=35 step=30/30 loss=0.8771 head_lr=1072 muon_lr=0.0012 muon_momentum=0.9 muon_nesterov=False muon_grad_momentum_norm_ratio=0.139068
Batch size:          10000
N steps:             2
M cooldown steps:    0
Interval scheduler:  linear
LR connectedness:    continuous_single
Muon orthogonalize:  True
Momentum config:     search_momentum_fixed_nesterov_false
Search momentum:     True
Muon nesterov:       False
Initial Muon lr:     0.2
Initial Muon lr k:   0
Initial Muon mom:    0.6
Initial Muon mom i:  6
Final start lr:      0.002
Final start lr k:    9
Final Muon lr:       0.0012
Final Muon lr k:     10
Final end lr:        0.0012
Final end lr k:      10
Final Muon momentum: 0.9
Final Muon nesterov: False
Final Muon mom i:    9
SGD lr mult:         0.8
Initial train loss:  2.314071
Final train loss:    0.877124
Run seconds:         110.978
cifar_baseline2_overfit_n_search run=36 batch_size=10000 train_steps=30 N=3 M=0 interval_scheduler=constant lr_connectedness=jump_allowed muon_orthogonalize=True momentum_config=search_momentum_fixed_nesterov_false search_momentum=True muon_nesterov=False initial_muon_lr=0.2 initial_muon_lr_k=0 initial_muon_momentum=0.6 initial_muon_momentum_index=6
train_loss run=36 step=0/30 loss=2.3141 head_lr=1072 muon_lr=0.2 muon_momentum=0.6 muon_nesterov=False muon_grad_momentum_norm_ratio=none
main interval: 0.2 0.2 0.6 loss=2.023870
main interval: 0.33 0.33 0.6 loss=2.029040
main interval: 0.12 0.12 0.6 loss=2.049092
main interval: 0.2 0.2 0.5 loss=2.022014
main interval: 0.2 0.2 0.7 loss=2.026611
main interval: 0.33 0.33 0.5 loss=2.029038
main interval: 0.12 0.12 0.5 loss=2.046326
main interval: 0.2 0.2 0.4 loss=2.021146
main interval: 0.33 0.33 0.4 loss=2.030503
main interval: 0.12 0.12 0.4 loss=2.044014
main interval: 0.2 0.2 0.3 loss=2.020995
main interval: 0.33 0.33 0.3 loss=2.032853
main interval: 0.12 0.12 0.3 loss=2.042465
main interval: 0.2 0.2 0.2 loss=2.020640
main interval: 0.33 0.33 0.2 loss=2.035801
main interval: 0.12 0.12 0.2 loss=2.041957
main interval: 0.2 0.2 0.1 loss=2.022021
best_muon_lr=[0.2,0.2] best_muon_momentum=0.2 interval_loss=2.020640 final_loss=2.020640 evaluated_interval_configs=17 evaluated_configs=17
train_loss run=36 step=1/30 loss=2.2522 head_lr=1072 muon_lr=0.2 muon_momentum=0.2 muon_nesterov=False muon_grad_momentum_norm_ratio=1
train_loss run=36 step=2/30 loss=2.2338 head_lr=1072 muon_lr=0.2 muon_momentum=0.2 muon_nesterov=False muon_grad_momentum_norm_ratio=0.836339
train_loss run=36 step=3/30 loss=2.0206 head_lr=1072 muon_lr=0.2 muon_momentum=0.2 muon_nesterov=False muon_grad_momentum_norm_ratio=0.842407
main interval: 0.2 0.2 0.2 loss=1.764187
main interval: 0.33 0.33 0.2 loss=1.863852
main interval: 0.12 0.12 0.2 loss=1.648602
main interval: 0.2 0.2 0.1 loss=1.755047
main interval: 0.2 0.2 0.3 loss=1.745684
main interval: 0.072 0.072 0.2 loss=1.589907
main interval: 0.12 0.12 0.1 loss=1.626874
main interval: 0.12 0.12 0.3 loss=1.604788
main interval: 0.043 0.043 0.2 loss=1.593579
main interval: 0.072 0.072 0.1 loss=1.605118
main interval: 0.072 0.072 0.3 loss=1.570558
main interval: 0.043 0.043 0.3 loss=1.576720
main interval: 0.072 0.072 0.4 loss=1.562824
main interval: 0.12 0.12 0.4 loss=1.615014
main interval: 0.043 0.043 0.4 loss=1.589552
main interval: 0.072 0.072 0.5 loss=1.550705
main interval: 0.12 0.12 0.5 loss=1.601147
main interval: 0.043 0.043 0.5 loss=1.586854
main interval: 0.072 0.072 0.6 loss=1.535127
main interval: 0.12 0.12 0.6 loss=1.580214
main interval: 0.043 0.043 0.6 loss=1.591108
main interval: 0.072 0.072 0.7 loss=1.512938
main interval: 0.12 0.12 0.7 loss=1.583553
main interval: 0.043 0.043 0.7 loss=1.585777
main interval: 0.072 0.072 0.8 loss=1.513358
best_muon_lr=[0.072,0.072] best_muon_momentum=0.7 interval_loss=1.512938 final_loss=1.512938 evaluated_interval_configs=25 evaluated_configs=25
train_loss run=36 step=4/30 loss=1.7871 head_lr=1072 muon_lr=0.072 muon_momentum=0.7 muon_nesterov=False muon_grad_momentum_norm_ratio=0.425666
train_loss run=36 step=5/30 loss=1.6198 head_lr=1072 muon_lr=0.072 muon_momentum=0.7 muon_nesterov=False muon_grad_momentum_norm_ratio=0.417775
train_loss run=36 step=6/30 loss=1.5129 head_lr=1072 muon_lr=0.072 muon_momentum=0.7 muon_nesterov=False muon_grad_momentum_norm_ratio=0.461058
main interval: 0.072 0.072 0.7 loss=1.338741
main interval: 0.12 0.12 0.7 loss=1.478696
main interval: 0.043 0.043 0.7 loss=1.273746
main interval: 0.072 0.072 0.6 loss=1.302511
main interval: 0.072 0.072 0.8 loss=1.293866
main interval: 0.026 0.026 0.7 loss=1.307332
main interval: 0.043 0.043 0.6 loss=1.268145
main interval: 0.043 0.043 0.8 loss=1.246721
main interval: 0.026 0.026 0.8 loss=1.290549
main interval: 0.043 0.043 0.9 loss=1.247932
best_muon_lr=[0.043,0.043] best_muon_momentum=0.8 interval_loss=1.246721 final_loss=1.246721 evaluated_interval_configs=10 evaluated_configs=10
train_loss run=36 step=7/30 loss=1.4270 head_lr=1072 muon_lr=0.043 muon_momentum=0.8 muon_nesterov=False muon_grad_momentum_norm_ratio=0.576528
train_loss run=36 step=8/30 loss=1.3145 head_lr=1072 muon_lr=0.043 muon_momentum=0.8 muon_nesterov=False muon_grad_momentum_norm_ratio=0.526921
train_loss run=36 step=9/30 loss=1.2467 head_lr=1072 muon_lr=0.043 muon_momentum=0.8 muon_nesterov=False muon_grad_momentum_norm_ratio=0.455878
main interval: 0.043 0.043 0.8 loss=1.106086
main interval: 0.072 0.072 0.8 loss=1.190934
main interval: 0.026 0.026 0.8 loss=1.080791
main interval: 0.043 0.043 0.7 loss=1.042528
main interval: 0.043 0.043 0.9 loss=1.045646
main interval: 0.072 0.072 0.7 loss=1.166577
main interval: 0.026 0.026 0.7 loss=1.085219
main interval: 0.043 0.043 0.6 loss=1.082814
best_muon_lr=[0.043,0.043] best_muon_momentum=0.7 interval_loss=1.042528 final_loss=1.042528 evaluated_interval_configs=8 evaluated_configs=8
train_loss run=36 step=10/30 loss=1.2003 head_lr=1072 muon_lr=0.043 muon_momentum=0.7 muon_nesterov=False muon_grad_momentum_norm_ratio=0.549751
train_loss run=36 step=11/30 loss=1.1083 head_lr=1072 muon_lr=0.043 muon_momentum=0.7 muon_nesterov=False muon_grad_momentum_norm_ratio=0.584036
train_loss run=36 step=12/30 loss=1.0425 head_lr=1072 muon_lr=0.043 muon_momentum=0.7 muon_nesterov=False muon_grad_momentum_norm_ratio=0.506477
main interval: 0.043 0.043 0.7 loss=1.033072
main interval: 0.072 0.072 0.7 loss=1.164049
main interval: 0.026 0.026 0.7 loss=0.959863
main interval: 0.043 0.043 0.6 loss=1.021244
main interval: 0.043 0.043 0.8 loss=1.015185
main interval: 0.016 0.016 0.7 loss=0.954823
main interval: 0.026 0.026 0.6 loss=0.967785
main interval: 0.026 0.026 0.8 loss=0.960840
main interval: 0.0093 0.0093 0.7 loss=0.966773
main interval: 0.016 0.016 0.6 loss=0.953187
main interval: 0.016 0.016 0.8 loss=0.951260
main interval: 0.0093 0.0093 0.8 loss=0.966263
main interval: 0.016 0.016 0.9 loss=0.962097
best_muon_lr=[0.016,0.016] best_muon_momentum=0.8 interval_loss=0.951260 final_loss=0.951260 evaluated_interval_configs=13 evaluated_configs=13
train_loss run=36 step=13/30 loss=1.0042 head_lr=1072 muon_lr=0.016 muon_momentum=0.8 muon_nesterov=False muon_grad_momentum_norm_ratio=0.624759
train_loss run=36 step=14/30 loss=0.9719 head_lr=1072 muon_lr=0.016 muon_momentum=0.8 muon_nesterov=False muon_grad_momentum_norm_ratio=0.462173
train_loss run=36 step=15/30 loss=0.9513 head_lr=1072 muon_lr=0.016 muon_momentum=0.8 muon_nesterov=False muon_grad_momentum_norm_ratio=0.413297
main interval: 0.016 0.016 0.8 loss=0.911071
main interval: 0.026 0.026 0.8 loss=0.938983
main interval: 0.0093 0.0093 0.8 loss=0.917534
main interval: 0.016 0.016 0.7 loss=0.909423
main interval: 0.016 0.016 0.9 loss=0.909865
main interval: 0.026 0.026 0.7 loss=0.949480
main interval: 0.0093 0.0093 0.7 loss=0.919268
main interval: 0.016 0.016 0.6 loss=0.918809
best_muon_lr=[0.016,0.016] best_muon_momentum=0.7 interval_loss=0.909423 final_loss=0.909423 evaluated_interval_configs=8 evaluated_configs=8
train_loss run=36 step=16/30 loss=0.9328 head_lr=1072 muon_lr=0.016 muon_momentum=0.7 muon_nesterov=False muon_grad_momentum_norm_ratio=0.510234
train_loss run=36 step=17/30 loss=0.9226 head_lr=1072 muon_lr=0.016 muon_momentum=0.7 muon_nesterov=False muon_grad_momentum_norm_ratio=0.445503
train_loss run=36 step=18/30 loss=0.9094 head_lr=1072 muon_lr=0.016 muon_momentum=0.7 muon_nesterov=False muon_grad_momentum_norm_ratio=0.548688
main interval: 0.016 0.016 0.7 loss=0.903162
main interval: 0.026 0.026 0.7 loss=0.949331
main interval: 0.0093 0.0093 0.7 loss=0.894867
main interval: 0.016 0.016 0.6 loss=0.905528
main interval: 0.016 0.016 0.8 loss=0.909439
main interval: 0.0056 0.0056 0.7 loss=0.894699
main interval: 0.0093 0.0093 0.6 loss=0.895095
main interval: 0.0093 0.0093 0.8 loss=0.893990
main interval: 0.0056 0.0056 0.8 loss=0.894405
main interval: 0.0093 0.0093 0.9 loss=0.893710
main interval: 0.016 0.016 0.9 loss=0.896215
main interval: 0.0056 0.0056 0.9 loss=0.894629
main interval: 0.0093 0.0093 0.95 loss=0.892928
main interval: 0.016 0.016 0.95 loss=0.893652
main interval: 0.0056 0.0056 0.95 loss=0.893592
main interval: 0.0093 0.0093 0.99 loss=0.894345
best_muon_lr=[0.0093,0.0093] best_muon_momentum=0.95 interval_loss=0.892928 final_loss=0.892928 evaluated_interval_configs=16 evaluated_configs=16
train_loss run=36 step=19/30 loss=0.8991 head_lr=1072 muon_lr=0.0093 muon_momentum=0.95 muon_nesterov=False muon_grad_momentum_norm_ratio=0.443288
train_loss run=36 step=20/30 loss=0.8970 head_lr=1072 muon_lr=0.0093 muon_momentum=0.95 muon_nesterov=False muon_grad_momentum_norm_ratio=0.221309
train_loss run=36 step=21/30 loss=0.8929 head_lr=1072 muon_lr=0.0093 muon_momentum=0.95 muon_nesterov=False muon_grad_momentum_norm_ratio=0.342461
main interval: 0.0093 0.0093 0.95 loss=0.884624
main interval: 0.016 0.016 0.95 loss=0.886019
main interval: 0.0056 0.0056 0.95 loss=0.883770
main interval: 0.0093 0.0093 0.9 loss=0.885382
main interval: 0.0093 0.0093 0.99 loss=0.885693
main interval: 0.0034 0.0034 0.95 loss=0.885482
main interval: 0.0056 0.0056 0.9 loss=0.886422
main interval: 0.0056 0.0056 0.99 loss=0.886204
best_muon_lr=[0.0056,0.0056] best_muon_momentum=0.95 interval_loss=0.883770 final_loss=0.883770 evaluated_interval_configs=8 evaluated_configs=8
train_loss run=36 step=22/30 loss=0.8889 head_lr=1072 muon_lr=0.0056 muon_momentum=0.95 muon_nesterov=False muon_grad_momentum_norm_ratio=0.283497
train_loss run=36 step=23/30 loss=0.8855 head_lr=1072 muon_lr=0.0056 muon_momentum=0.95 muon_nesterov=False muon_grad_momentum_norm_ratio=0.237015
train_loss run=36 step=24/30 loss=0.8838 head_lr=1072 muon_lr=0.0056 muon_momentum=0.95 muon_nesterov=False muon_grad_momentum_norm_ratio=0.146256
main interval: 0.0056 0.0056 0.95 loss=0.881666
main interval: 0.0093 0.0093 0.95 loss=0.878710
main interval: 0.0034 0.0034 0.95 loss=0.880342
main interval: 0.0056 0.0056 0.9 loss=0.879538
main interval: 0.0056 0.0056 0.99 loss=0.879288
main interval: 0.016 0.016 0.95 loss=0.879588
main interval: 0.0093 0.0093 0.9 loss=0.878452
main interval: 0.0093 0.0093 0.99 loss=0.877553
main interval: 0.016 0.016 0.99 loss=0.878037
best_muon_lr=[0.0093,0.0093] best_muon_momentum=0.99 interval_loss=0.877553 final_loss=0.877553 evaluated_interval_configs=9 evaluated_configs=9
train_loss run=36 step=25/30 loss=0.8818 head_lr=1072 muon_lr=0.0093 muon_momentum=0.99 muon_nesterov=False muon_grad_momentum_norm_ratio=0.212371
train_loss run=36 step=26/30 loss=0.8795 head_lr=1072 muon_lr=0.0093 muon_momentum=0.99 muon_nesterov=False muon_grad_momentum_norm_ratio=0.314435
train_loss run=36 step=27/30 loss=0.8776 head_lr=1072 muon_lr=0.0093 muon_momentum=0.99 muon_nesterov=False muon_grad_momentum_norm_ratio=0.258052
main interval: 0.0093 0.0093 0.99 loss=0.874495
main interval: 0.016 0.016 0.99 loss=0.875600
main interval: 0.0056 0.0056 0.99 loss=0.874617
main interval: 0.0093 0.0093 0.95 loss=0.873943
main interval: 0.016 0.016 0.95 loss=0.877361
main interval: 0.0056 0.0056 0.95 loss=0.874732
main interval: 0.0093 0.0093 0.9 loss=0.874451
best_muon_lr=[0.0093,0.0093] best_muon_momentum=0.95 interval_loss=0.873943 final_loss=0.873943 evaluated_interval_configs=7 evaluated_configs=7
train_loss run=36 step=28/30 loss=0.8760 head_lr=1072 muon_lr=0.0093 muon_momentum=0.95 muon_nesterov=False muon_grad_momentum_norm_ratio=0.221254
train_loss run=36 step=29/30 loss=0.8752 head_lr=1072 muon_lr=0.0093 muon_momentum=0.95 muon_nesterov=False muon_grad_momentum_norm_ratio=0.246824
train_loss run=36 step=30/30 loss=0.8739 head_lr=1072 muon_lr=0.0093 muon_momentum=0.95 muon_nesterov=False muon_grad_momentum_norm_ratio=0.263166
Batch size:          10000
N steps:             3
M cooldown steps:    0
Interval scheduler:  constant
LR connectedness:    jump_allowed
Muon orthogonalize:  True
Momentum config:     search_momentum_fixed_nesterov_false
Search momentum:     True
Muon nesterov:       False
Initial Muon lr:     0.2
Initial Muon lr k:   0
Initial Muon mom:    0.6
Initial Muon mom i:  6
Final start lr:      0.0093
Final start lr k:    6
Final Muon lr:       0.0093
Final Muon lr k:     6
Final end lr:        0.0093
Final end lr k:      6
Final Muon momentum: 0.95
Final Muon nesterov: False
Final Muon mom i:    10
SGD lr mult:         0.8
Initial train loss:  2.314071
Final train loss:    0.873943
Run seconds:         95.685
cifar_baseline2_overfit_n_search run=37 batch_size=10000 train_steps=30 N=3 M=0 interval_scheduler=linear lr_connectedness=jump_allowed muon_orthogonalize=True momentum_config=search_momentum_fixed_nesterov_false search_momentum=True muon_nesterov=False initial_muon_lr=0.2 initial_muon_lr_k=0 initial_muon_momentum=0.6 initial_muon_momentum_index=6
train_loss run=37 step=0/30 loss=2.3141 head_lr=1072 muon_lr=0.2 muon_momentum=0.6 muon_nesterov=False muon_grad_momentum_norm_ratio=none
main interval: 0.2 0.2 0.6 loss=2.023870
main interval: 0.33 0.33 0.6 loss=2.029040
main interval: 0.33 0.2 0.6 loss=2.029779
main interval: 0.33 0.12 0.6 loss=2.043263
main interval: 0.2 0.33 0.6 loss=2.028265
main interval: 0.2 0.12 0.6 loss=2.035002
main interval: 0.12 0.33 0.6 loss=2.039763
main interval: 0.12 0.2 0.6 loss=2.037246
main interval: 0.12 0.12 0.6 loss=2.049092
main interval: 0.2 0.2 0.5 loss=2.022014
main interval: 0.2 0.2 0.7 loss=2.026611
main interval: 0.33 0.33 0.5 loss=2.029038
main interval: 0.33 0.2 0.5 loss=2.026999
main interval: 0.33 0.12 0.5 loss=2.039110
main interval: 0.2 0.33 0.5 loss=2.029348
main interval: 0.2 0.12 0.5 loss=2.031385
main interval: 0.12 0.33 0.5 loss=2.039781
main interval: 0.12 0.2 0.5 loss=2.035842
main interval: 0.12 0.12 0.5 loss=2.046326
main interval: 0.2 0.2 0.4 loss=2.021146
main interval: 0.33 0.33 0.4 loss=2.030503
main interval: 0.33 0.2 0.4 loss=2.025202
main interval: 0.33 0.12 0.4 loss=2.035630
main interval: 0.2 0.33 0.4 loss=2.031438
main interval: 0.2 0.12 0.4 loss=2.028534
main interval: 0.12 0.33 0.4 loss=2.040759
main interval: 0.12 0.2 0.4 loss=2.035185
main interval: 0.12 0.12 0.4 loss=2.044014
main interval: 0.2 0.2 0.3 loss=2.020995
main interval: 0.33 0.33 0.3 loss=2.032853
main interval: 0.33 0.2 0.3 loss=2.024179
main interval: 0.33 0.12 0.3 loss=2.032960
main interval: 0.2 0.33 0.3 loss=2.034282
main interval: 0.2 0.12 0.3 loss=2.026185
main interval: 0.12 0.33 0.3 loss=2.042635
main interval: 0.12 0.2 0.3 loss=2.035568
main interval: 0.12 0.12 0.3 loss=2.042465
main interval: 0.2 0.2 0.2 loss=2.020640
main interval: 0.33 0.33 0.2 loss=2.035801
main interval: 0.33 0.2 0.2 loss=2.023551
main interval: 0.33 0.12 0.2 loss=2.030644
main interval: 0.2 0.33 0.2 loss=2.036826
main interval: 0.2 0.12 0.2 loss=2.024272
main interval: 0.12 0.33 0.2 loss=2.047371
main interval: 0.12 0.2 0.2 loss=2.036995
main interval: 0.12 0.12 0.2 loss=2.041957
main interval: 0.2 0.2 0.1 loss=2.022021
best_muon_lr=[0.2,0.2] best_muon_momentum=0.2 interval_loss=2.020640 final_loss=2.020640 evaluated_interval_configs=47 evaluated_configs=47
train_loss run=37 step=1/30 loss=2.2522 head_lr=1072 muon_lr=0.2 muon_momentum=0.2 muon_nesterov=False muon_grad_momentum_norm_ratio=1
train_loss run=37 step=2/30 loss=2.2338 head_lr=1072 muon_lr=0.2 muon_momentum=0.2 muon_nesterov=False muon_grad_momentum_norm_ratio=0.836339
train_loss run=37 step=3/30 loss=2.0206 head_lr=1072 muon_lr=0.2 muon_momentum=0.2 muon_nesterov=False muon_grad_momentum_norm_ratio=0.842407
main interval: 0.2 0.2 0.2 loss=1.764187
main interval: 0.33 0.33 0.2 loss=1.863852
main interval: 0.33 0.2 0.2 loss=1.723875
main interval: 0.33 0.12 0.2 loss=1.626770
main interval: 0.2 0.33 0.2 loss=1.830464
main interval: 0.2 0.12 0.2 loss=1.638173
main interval: 0.12 0.33 0.2 loss=1.989114
main interval: 0.12 0.2 0.2 loss=1.796939
main interval: 0.12 0.12 0.2 loss=1.653226
main interval: 0.2 0.2 0.1 loss=1.732562
main interval: 0.2 0.2 0.3 loss=1.734724
main interval: 0.56 0.2 0.2 loss=1.690617
main interval: 0.56 0.12 0.2 loss=1.686512
main interval: 0.56 0.072 0.2 loss=1.697468
main interval: 0.33 0.072 0.2 loss=1.617894
main interval: 0.2 0.072 0.2 loss=1.562625
main interval: 0.33 0.12 0.1 loss=1.630083
main interval: 0.33 0.12 0.3 loss=1.626875
main interval: 0.33 0.043 0.2 loss=1.604605
main interval: 0.2 0.043 0.2 loss=1.569861
main interval: 0.12 0.072 0.2 loss=1.566319
main interval: 0.12 0.043 0.2 loss=1.556819
main interval: 0.2 0.072 0.1 loss=1.569489
main interval: 0.2 0.072 0.3 loss=1.566121
main interval: 0.2 0.026 0.2 loss=1.550863
main interval: 0.12 0.026 0.2 loss=1.575503
main interval: 0.072 0.072 0.2 loss=1.584168
main interval: 0.072 0.043 0.2 loss=1.567571
main interval: 0.072 0.026 0.2 loss=1.580044
main interval: 0.12 0.043 0.1 loss=1.556413
main interval: 0.12 0.043 0.3 loss=1.548437
main interval: 0.2 0.043 0.3 loss=1.512816
main interval: 0.2 0.026 0.3 loss=1.572302
main interval: 0.12 0.072 0.3 loss=1.535530
main interval: 0.12 0.026 0.3 loss=1.554938
main interval: 0.072 0.072 0.3 loss=1.557250
main interval: 0.072 0.043 0.3 loss=1.550398
main interval: 0.072 0.026 0.3 loss=1.560588
main interval: 0.12 0.043 0.4 loss=1.509735
main interval: 0.2 0.072 0.4 loss=1.529391
main interval: 0.2 0.043 0.4 loss=1.531384
main interval: 0.2 0.026 0.4 loss=1.535371
main interval: 0.12 0.072 0.4 loss=1.520489
main interval: 0.12 0.026 0.4 loss=1.538248
main interval: 0.072 0.072 0.4 loss=1.538694
main interval: 0.072 0.043 0.4 loss=1.536942
main interval: 0.072 0.026 0.4 loss=1.550826
main interval: 0.12 0.043 0.5 loss=1.490494
main interval: 0.2 0.072 0.5 loss=1.529751
main interval: 0.2 0.043 0.5 loss=1.516887
main interval: 0.2 0.026 0.5 loss=1.544110
main interval: 0.12 0.072 0.5 loss=1.496591
main interval: 0.12 0.026 0.5 loss=1.523504
main interval: 0.072 0.072 0.5 loss=1.532781
main interval: 0.072 0.043 0.5 loss=1.522183
main interval: 0.072 0.026 0.5 loss=1.539493
main interval: 0.12 0.043 0.6 loss=1.462506
main interval: 0.2 0.072 0.6 loss=1.478893
main interval: 0.2 0.043 0.6 loss=1.489092
main interval: 0.2 0.026 0.6 loss=1.509388
main interval: 0.12 0.072 0.6 loss=1.501591
main interval: 0.12 0.026 0.6 loss=1.510569
main interval: 0.072 0.072 0.6 loss=1.485997
main interval: 0.072 0.043 0.6 loss=1.503069
main interval: 0.072 0.026 0.6 loss=1.526928
main interval: 0.12 0.043 0.7 loss=1.449574
main interval: 0.2 0.072 0.7 loss=1.466480
main interval: 0.2 0.043 0.7 loss=1.494024
main interval: 0.2 0.026 0.7 loss=1.491116
main interval: 0.12 0.072 0.7 loss=1.476126
main interval: 0.12 0.026 0.7 loss=1.486887
main interval: 0.072 0.072 0.7 loss=1.472173
main interval: 0.072 0.043 0.7 loss=1.500517
main interval: 0.072 0.026 0.7 loss=1.529052
main interval: 0.12 0.043 0.8 loss=1.442382
main interval: 0.2 0.072 0.8 loss=1.449159
main interval: 0.2 0.043 0.8 loss=1.495432
main interval: 0.2 0.026 0.8 loss=1.446707
main interval: 0.12 0.072 0.8 loss=1.435781
main interval: 0.12 0.026 0.8 loss=1.475437
main interval: 0.072 0.072 0.8 loss=1.462720
main interval: 0.072 0.043 0.8 loss=1.500053
main interval: 0.072 0.026 0.8 loss=1.520629
main interval: 0.12 0.043 0.9 loss=1.443942
main interval: 0.2 0.12 0.8 loss=1.455788
main interval: 0.12 0.12 0.8 loss=1.431920
main interval: 0.072 0.12 0.8 loss=1.438878
main interval: 0.12 0.072 0.9 loss=1.412439
main interval: 0.2 0.12 0.9 loss=1.437376
main interval: 0.2 0.072 0.9 loss=1.412827
main interval: 0.2 0.043 0.9 loss=1.398621
main interval: 0.12 0.12 0.9 loss=1.370721
main interval: 0.072 0.12 0.9 loss=1.397845
main interval: 0.072 0.072 0.9 loss=1.438435
main interval: 0.072 0.043 0.9 loss=1.473146
main interval: 0.12 0.072 0.95 loss=1.409857
main interval: 0.2 0.2 0.9 loss=1.553416
main interval: 0.12 0.2 0.9 loss=1.415273
main interval: 0.072 0.2 0.9 loss=1.418069
main interval: 0.12 0.12 0.95 loss=1.360020
main interval: 0.2 0.2 0.95 loss=1.389573
main interval: 0.2 0.12 0.95 loss=1.298147
main interval: 0.2 0.072 0.95 loss=1.296990
main interval: 0.12 0.2 0.95 loss=1.311859
main interval: 0.072 0.2 0.95 loss=1.335734
main interval: 0.072 0.12 0.95 loss=1.352971
main interval: 0.072 0.072 0.95 loss=1.407462
main interval: 0.12 0.12 0.99 loss=1.362416
main interval: 0.33 0.12 0.95 loss=1.368447
main interval: 0.33 0.072 0.95 loss=1.351076
main interval: 0.33 0.043 0.95 loss=1.286660
main interval: 0.2 0.043 0.95 loss=1.339512
main interval: 0.12 0.043 0.95 loss=1.383612
main interval: 0.2 0.072 0.99 loss=1.268540
main interval: 0.33 0.12 0.99 loss=1.252002
main interval: 0.33 0.072 0.99 loss=1.230853
main interval: 0.33 0.043 0.99 loss=1.263450
main interval: 0.2 0.12 0.99 loss=1.221845
main interval: 0.2 0.043 0.99 loss=1.240617
main interval: 0.12 0.072 0.99 loss=1.285905
main interval: 0.12 0.043 0.99 loss=1.321669
main interval: 0.33 0.2 0.99 loss=1.245299
main interval: 0.2 0.2 0.99 loss=1.230313
main interval: 0.12 0.2 0.99 loss=1.198518
main interval: 0.2 0.33 0.99 loss=1.233666
main interval: 0.12 0.33 0.99 loss=1.188885
main interval: 0.072 0.33 0.99 loss=1.197722
main interval: 0.072 0.2 0.99 loss=1.211897
main interval: 0.072 0.12 0.99 loss=1.286727
main interval: 0.2 0.56 0.99 loss=1.454667
main interval: 0.12 0.56 0.99 loss=1.344321
main interval: 0.072 0.56 0.99 loss=1.324050
main interval: 0.12 0.33 0.95 loss=1.228031
best_muon_lr=[0.12,0.33] best_muon_momentum=0.99 interval_loss=1.188885 final_loss=1.188885 evaluated_interval_configs=133 evaluated_configs=133
train_loss run=37 step=4/30 loss=1.6990 head_lr=1072 muon_lr=0.12 muon_momentum=0.99 muon_nesterov=False muon_grad_momentum_norm_ratio=0.0484823
train_loss run=37 step=5/30 loss=1.3121 head_lr=1072 muon_lr=0.23 muon_momentum=0.99 muon_nesterov=False muon_grad_momentum_norm_ratio=0.0547898
train_loss run=37 step=6/30 loss=1.1889 head_lr=1072 muon_lr=0.33 muon_momentum=0.99 muon_nesterov=False muon_grad_momentum_norm_ratio=0.0836944
main interval: 0.33 0.33 0.99 loss=1.617121
main interval: 0.56 0.56 0.99 loss=1.392842
main interval: 0.56 0.33 0.99 loss=1.155517
main interval: 0.56 0.2 0.99 loss=1.089346
main interval: 0.33 0.56 0.99 loss=1.089936
main interval: 0.33 0.2 0.99 loss=0.994964
main interval: 0.2 0.56 0.99 loss=1.115297
main interval: 0.2 0.33 0.99 loss=0.993714
main interval: 0.2 0.2 0.99 loss=0.965101
main interval: 0.33 0.33 0.95 loss=1.028970
main interval: 0.33 0.12 0.99 loss=0.951126
main interval: 0.2 0.12 0.99 loss=0.937214
main interval: 0.12 0.33 0.99 loss=1.004480
main interval: 0.12 0.2 0.99 loss=0.946068
main interval: 0.12 0.12 0.99 loss=0.933882
main interval: 0.2 0.2 0.95 loss=0.981560
main interval: 0.2 0.072 0.99 loss=0.918447
main interval: 0.12 0.072 0.99 loss=0.923720
main interval: 0.072 0.2 0.99 loss=0.981440
main interval: 0.072 0.12 0.99 loss=0.933673
main interval: 0.072 0.072 0.99 loss=0.933105
main interval: 0.12 0.12 0.95 loss=0.974493
main interval: 0.33 0.072 0.99 loss=1.036884
main interval: 0.33 0.043 0.99 loss=0.991506
main interval: 0.2 0.043 0.99 loss=0.940968
main interval: 0.12 0.043 0.99 loss=0.935023
main interval: 0.2 0.072 0.95 loss=0.920318
best_muon_lr=[0.2,0.072] best_muon_momentum=0.99 interval_loss=0.918447 final_loss=0.918447 evaluated_interval_configs=27 evaluated_configs=27
train_loss run=37 step=7/30 loss=1.0252 head_lr=1072 muon_lr=0.2 muon_momentum=0.99 muon_nesterov=False muon_grad_momentum_norm_ratio=0.0927877
train_loss run=37 step=8/30 loss=0.9386 head_lr=1072 muon_lr=0.14 muon_momentum=0.99 muon_nesterov=False muon_grad_momentum_norm_ratio=0.0991328
train_loss run=37 step=9/30 loss=0.9184 head_lr=1072 muon_lr=0.072 muon_momentum=0.99 muon_nesterov=False muon_grad_momentum_norm_ratio=0.0536907
main interval: 0.072 0.072 0.99 loss=0.925245
main interval: 0.12 0.12 0.99 loss=0.917462
main interval: 0.12 0.072 0.99 loss=0.893261
main interval: 0.12 0.043 0.99 loss=0.890227
main interval: 0.072 0.12 0.99 loss=0.895806
main interval: 0.072 0.043 0.99 loss=0.887561
main interval: 0.043 0.12 0.99 loss=0.906382
main interval: 0.043 0.072 0.99 loss=0.893997
main interval: 0.043 0.043 0.99 loss=0.890044
main interval: 0.072 0.072 0.95 loss=0.900201
main interval: 0.12 0.026 0.99 loss=0.888323
main interval: 0.072 0.026 0.99 loss=0.881681
main interval: 0.043 0.026 0.99 loss=0.883526
main interval: 0.072 0.043 0.95 loss=0.889665
main interval: 0.12 0.016 0.99 loss=0.887018
main interval: 0.072 0.016 0.99 loss=0.879990
main interval: 0.043 0.016 0.99 loss=0.882357
main interval: 0.072 0.026 0.95 loss=0.885369
main interval: 0.12 0.0093 0.99 loss=0.886172
main interval: 0.072 0.0093 0.99 loss=0.879601
main interval: 0.043 0.0093 0.99 loss=0.882113
main interval: 0.072 0.016 0.95 loss=0.883070
main interval: 0.12 0.0056 0.99 loss=0.885602
main interval: 0.072 0.0056 0.99 loss=0.880103
main interval: 0.043 0.0056 0.99 loss=0.882504
main interval: 0.072 0.0093 0.95 loss=0.881768
best_muon_lr=[0.072,0.0093] best_muon_momentum=0.99 interval_loss=0.879601 final_loss=0.879601 evaluated_interval_configs=26 evaluated_configs=26
train_loss run=37 step=10/30 loss=0.8876 head_lr=1072 muon_lr=0.072 muon_momentum=0.99 muon_nesterov=False muon_grad_momentum_norm_ratio=0.0708632
train_loss run=37 step=11/30 loss=0.8811 head_lr=1072 muon_lr=0.041 muon_momentum=0.99 muon_nesterov=False muon_grad_momentum_norm_ratio=0.0627567
train_loss run=37 step=12/30 loss=0.8796 head_lr=1072 muon_lr=0.0093 muon_momentum=0.99 muon_nesterov=False muon_grad_momentum_norm_ratio=0.053319
main interval: 0.0093 0.0093 0.99 loss=0.878103
main interval: 0.016 0.016 0.99 loss=0.879619
main interval: 0.016 0.0093 0.99 loss=0.877574
main interval: 0.016 0.0056 0.99 loss=0.876860
main interval: 0.0093 0.016 0.99 loss=0.877898
main interval: 0.0093 0.0056 0.99 loss=0.876370
main interval: 0.0056 0.016 0.99 loss=0.878589
main interval: 0.0056 0.0093 0.99 loss=0.876906
main interval: 0.0056 0.0056 0.99 loss=0.876466
main interval: 0.0093 0.0093 0.95 loss=0.878552
main interval: 0.016 0.0034 0.99 loss=0.877820
main interval: 0.0093 0.0034 0.99 loss=0.875716
main interval: 0.0056 0.0034 0.99 loss=0.875889
main interval: 0.0093 0.0056 0.95 loss=0.876764
main interval: 0.016 0.002 0.99 loss=0.877185
main interval: 0.0093 0.002 0.99 loss=0.875400
main interval: 0.0056 0.002 0.99 loss=0.875796
main interval: 0.0093 0.0034 0.95 loss=0.876070
main interval: 0.016 0.0012 0.99 loss=0.876924
main interval: 0.0093 0.0012 0.99 loss=0.875227
main interval: 0.0056 0.0012 0.99 loss=0.875775
main interval: 0.0093 0.002 0.95 loss=0.875738
main interval: 0.016 0.00073 0.99 loss=0.876797
main interval: 0.0093 0.00073 0.99 loss=0.875115
main interval: 0.0056 0.00073 0.99 loss=0.875761
main interval: 0.0093 0.0012 0.95 loss=0.875569
main interval: 0.016 0.00044 0.99 loss=0.876698
main interval: 0.0093 0.00044 0.99 loss=0.875036
main interval: 0.0056 0.00044 0.99 loss=0.875768
main interval: 0.0093 0.00073 0.95 loss=0.875477
main interval: 0.016 0.00026 0.99 loss=0.876623
main interval: 0.0093 0.00026 0.99 loss=0.874983
main interval: 0.0056 0.00026 0.99 loss=0.875769
main interval: 0.0093 0.00044 0.95 loss=0.875420
main interval: 0.016 0.00016 0.99 loss=0.876585
main interval: 0.0093 0.00016 0.99 loss=0.874947
main interval: 0.0056 0.00016 0.99 loss=0.875754
main interval: 0.0093 0.00026 0.95 loss=0.875381
main interval: 0.016 9.4e-05 0.99 loss=0.876533
main interval: 0.0093 9.4e-05 0.99 loss=0.874919
main interval: 0.0056 9.4e-05 0.99 loss=0.875764
main interval: 0.0093 0.00016 0.95 loss=0.875357
main interval: 0.016 5.6e-05 0.99 loss=0.876524
main interval: 0.0093 5.6e-05 0.99 loss=0.874897
main interval: 0.0056 5.6e-05 0.99 loss=0.875758
main interval: 0.0093 9.4e-05 0.95 loss=0.875341
main interval: 0.016 3.4e-05 0.99 loss=0.876500
main interval: 0.0093 3.4e-05 0.99 loss=0.874883
main interval: 0.0056 3.4e-05 0.99 loss=0.875753
main interval: 0.0093 5.6e-05 0.95 loss=0.875331
main interval: 0.016 2e-05 0.99 loss=0.876483
main interval: 0.0093 2e-05 0.99 loss=0.874874
main interval: 0.0056 2e-05 0.99 loss=0.875750
main interval: 0.0093 3.4e-05 0.95 loss=0.875325
main interval: 0.016 1.2e-05 0.99 loss=0.876476
main interval: 0.0093 1.2e-05 0.99 loss=0.874868
main interval: 0.0056 1.2e-05 0.99 loss=0.875748
main interval: 0.0093 2e-05 0.95 loss=0.875320
main interval: 0.016 7.3e-06 0.99 loss=0.876464
main interval: 0.0093 7.3e-06 0.99 loss=0.874863
main interval: 0.0056 7.3e-06 0.99 loss=0.875747
main interval: 0.0093 1.2e-05 0.95 loss=0.875317
main interval: 0.016 4.4e-06 0.99 loss=0.876459
main interval: 0.0093 4.4e-06 0.99 loss=0.874860
main interval: 0.0056 4.4e-06 0.99 loss=0.875745
main interval: 0.0093 7.3e-06 0.95 loss=0.875315
main interval: 0.016 2.6e-06 0.99 loss=0.876457
main interval: 0.0093 2.6e-06 0.99 loss=0.874858
main interval: 0.0056 2.6e-06 0.99 loss=0.875745
main interval: 0.0093 4.4e-06 0.95 loss=0.875314
main interval: 0.016 1.6e-06 0.99 loss=0.876455
main interval: 0.0093 1.6e-06 0.99 loss=0.874857
main interval: 0.0056 1.6e-06 0.99 loss=0.875745
main interval: 0.0093 2.6e-06 0.95 loss=0.875313
main interval: 0.016 9.5e-07 0.99 loss=0.876452
main interval: 0.0093 9.5e-07 0.99 loss=0.874856
main interval: 0.0056 9.5e-07 0.99 loss=0.875745
main interval: 0.0093 1.6e-06 0.95 loss=0.875314
main interval: 0.016 5.7e-07 0.99 loss=0.876449
main interval: 0.0093 5.7e-07 0.99 loss=0.874855
main interval: 0.0056 5.7e-07 0.99 loss=0.875745
main interval: 0.0093 9.5e-07 0.95 loss=0.875313
main interval: 0.016 3.4e-07 0.99 loss=0.876453
main interval: 0.0093 3.4e-07 0.99 loss=0.874855
main interval: 0.0056 3.4e-07 0.99 loss=0.875745
main interval: 0.0093 5.7e-07 0.95 loss=0.875313
main interval: 0.016 2e-07 0.99 loss=0.876451
main interval: 0.0093 2e-07 0.99 loss=0.874855
main interval: 0.0056 2e-07 0.99 loss=0.875745
main interval: 0.0093 3.4e-07 0.95 loss=0.875313
main interval: 0.016 1.2e-07 0.99 loss=0.876450
main interval: 0.0093 1.2e-07 0.99 loss=0.874854
main interval: 0.0056 1.2e-07 0.99 loss=0.875745
main interval: 0.0093 2e-07 0.95 loss=0.875313
main interval: 0.016 7.4e-08 0.99 loss=0.876450
main interval: 0.0093 7.4e-08 0.99 loss=0.874854
main interval: 0.0056 7.4e-08 0.99 loss=0.875745
main interval: 0.0093 1.2e-07 0.95 loss=0.875313
main interval: 0.016 4.4e-08 0.99 loss=0.876452
main interval: 0.0093 4.4e-08 0.99 loss=0.874854
main interval: 0.0056 4.4e-08 0.99 loss=0.875745
main interval: 0.0093 7.4e-08 0.95 loss=0.875312
best_muon_lr=[0.0093,7.4e-08] best_muon_momentum=0.99 interval_loss=0.874854 final_loss=0.874854 evaluated_interval_configs=102 evaluated_configs=102
train_loss run=37 step=13/30 loss=0.8758 head_lr=1072 muon_lr=0.0093 muon_momentum=0.99 muon_nesterov=False muon_grad_momentum_norm_ratio=0.0888695
train_loss run=37 step=14/30 loss=0.8749 head_lr=1072 muon_lr=0.0047 muon_momentum=0.99 muon_nesterov=False muon_grad_momentum_norm_ratio=0.0266758
train_loss run=37 step=15/30 loss=0.8749 head_lr=1072 muon_lr=7.4e-08 muon_momentum=0.99 muon_nesterov=False muon_grad_momentum_norm_ratio=0.0227871
main interval: 7.4e-08 7.4e-08 0.99 loss=0.874660
main interval: 1.2e-07 1.2e-07 0.99 loss=0.874634
main interval: 1.2e-07 7.4e-08 0.99 loss=0.874636
main interval: 1.2e-07 4.4e-08 0.99 loss=0.874637
main interval: 7.4e-08 1.2e-07 0.99 loss=0.874638
main interval: 7.4e-08 4.4e-08 0.99 loss=0.874639
main interval: 4.4e-08 1.2e-07 0.99 loss=0.874639
main interval: 4.4e-08 7.4e-08 0.99 loss=0.874640
main interval: 4.4e-08 4.4e-08 0.99 loss=0.874640
main interval: 7.4e-08 7.4e-08 0.95 loss=0.874640
main interval: 2e-07 2e-07 0.99 loss=0.874640
main interval: 2e-07 1.2e-07 0.99 loss=0.874640
main interval: 2e-07 7.4e-08 0.99 loss=0.874640
main interval: 1.2e-07 2e-07 0.99 loss=0.874640
main interval: 7.4e-08 2e-07 0.99 loss=0.874640
main interval: 1.2e-07 1.2e-07 0.95 loss=0.874640
best_muon_lr=[1.2e-07,1.2e-07] best_muon_momentum=0.99 interval_loss=0.874634 final_loss=0.874634 evaluated_interval_configs=16 evaluated_configs=16
train_loss run=37 step=16/30 loss=0.8748 head_lr=1072 muon_lr=1.2e-07 muon_momentum=0.99 muon_nesterov=False muon_grad_momentum_norm_ratio=0.0230782
train_loss run=37 step=17/30 loss=0.8747 head_lr=1072 muon_lr=1.2e-07 muon_momentum=0.99 muon_nesterov=False muon_grad_momentum_norm_ratio=0.0210287
train_loss run=37 step=18/30 loss=0.8746 head_lr=1072 muon_lr=1.2e-07 muon_momentum=0.99 muon_nesterov=False muon_grad_momentum_norm_ratio=0.0201178
main interval: 1.2e-07 1.2e-07 0.99 loss=0.874519
main interval: 2e-07 2e-07 0.99 loss=0.874521
main interval: 2e-07 1.2e-07 0.99 loss=0.874524
main interval: 2e-07 7.4e-08 0.99 loss=0.874526
main interval: 1.2e-07 2e-07 0.99 loss=0.874527
main interval: 1.2e-07 7.4e-08 0.99 loss=0.874528
main interval: 7.4e-08 2e-07 0.99 loss=0.874528
main interval: 7.4e-08 1.2e-07 0.99 loss=0.874528
main interval: 7.4e-08 7.4e-08 0.99 loss=0.874529
main interval: 1.2e-07 1.2e-07 0.95 loss=0.874529
best_muon_lr=[1.2e-07,1.2e-07] best_muon_momentum=0.99 interval_loss=0.874519 final_loss=0.874519 evaluated_interval_configs=10 evaluated_configs=10
train_loss run=37 step=19/30 loss=0.8746 head_lr=1072 muon_lr=1.2e-07 muon_momentum=0.99 muon_nesterov=False muon_grad_momentum_norm_ratio=0.018865
train_loss run=37 step=20/30 loss=0.8746 head_lr=1072 muon_lr=1.2e-07 muon_momentum=0.99 muon_nesterov=False muon_grad_momentum_norm_ratio=0.0181416
train_loss run=37 step=21/30 loss=0.8745 head_lr=1072 muon_lr=1.2e-07 muon_momentum=0.99 muon_nesterov=False muon_grad_momentum_norm_ratio=0.0176977
main interval: 1.2e-07 1.2e-07 0.99 loss=0.874443
main interval: 2e-07 2e-07 0.99 loss=0.874444
main interval: 2e-07 1.2e-07 0.99 loss=0.874446
main interval: 2e-07 7.4e-08 0.99 loss=0.874448
main interval: 1.2e-07 2e-07 0.99 loss=0.874449
main interval: 1.2e-07 7.4e-08 0.99 loss=0.874449
main interval: 7.4e-08 2e-07 0.99 loss=0.874450
main interval: 7.4e-08 1.2e-07 0.99 loss=0.874450
main interval: 7.4e-08 7.4e-08 0.99 loss=0.874450
main interval: 1.2e-07 1.2e-07 0.95 loss=0.874450
best_muon_lr=[1.2e-07,1.2e-07] best_muon_momentum=0.99 interval_loss=0.874443 final_loss=0.874443 evaluated_interval_configs=10 evaluated_configs=10
train_loss run=37 step=22/30 loss=0.8745 head_lr=1072 muon_lr=1.2e-07 muon_momentum=0.99 muon_nesterov=False muon_grad_momentum_norm_ratio=0.0174018
train_loss run=37 step=23/30 loss=0.8745 head_lr=1072 muon_lr=1.2e-07 muon_momentum=0.99 muon_nesterov=False muon_grad_momentum_norm_ratio=0.0172365
train_loss run=37 step=24/30 loss=0.8744 head_lr=1072 muon_lr=1.2e-07 muon_momentum=0.99 muon_nesterov=False muon_grad_momentum_norm_ratio=0.0171827
main interval: 1.2e-07 1.2e-07 0.99 loss=0.874387
main interval: 2e-07 2e-07 0.99 loss=0.874388
main interval: 2e-07 1.2e-07 0.99 loss=0.874390
main interval: 2e-07 7.4e-08 0.99 loss=0.874391
main interval: 1.2e-07 2e-07 0.99 loss=0.874391
main interval: 1.2e-07 7.4e-08 0.99 loss=0.874391
main interval: 7.4e-08 2e-07 0.99 loss=0.874392
main interval: 7.4e-08 1.2e-07 0.99 loss=0.874392
main interval: 7.4e-08 7.4e-08 0.99 loss=0.874392
main interval: 1.2e-07 1.2e-07 0.95 loss=0.874392
best_muon_lr=[1.2e-07,1.2e-07] best_muon_momentum=0.99 interval_loss=0.874387 final_loss=0.874387 evaluated_interval_configs=10 evaluated_configs=10
train_loss run=37 step=25/30 loss=0.8744 head_lr=1072 muon_lr=1.2e-07 muon_momentum=0.99 muon_nesterov=False muon_grad_momentum_norm_ratio=0.0171749
train_loss run=37 step=26/30 loss=0.8744 head_lr=1072 muon_lr=1.2e-07 muon_momentum=0.99 muon_nesterov=False muon_grad_momentum_norm_ratio=0.0171771
train_loss run=37 step=27/30 loss=0.8744 head_lr=1072 muon_lr=1.2e-07 muon_momentum=0.99 muon_nesterov=False muon_grad_momentum_norm_ratio=0.0171766
main interval: 1.2e-07 1.2e-07 0.99 loss=0.874344
main interval: 2e-07 2e-07 0.99 loss=0.874345
main interval: 2e-07 1.2e-07 0.99 loss=0.874345
main interval: 2e-07 7.4e-08 0.99 loss=0.874346
main interval: 1.2e-07 2e-07 0.99 loss=0.874346
main interval: 1.2e-07 7.4e-08 0.99 loss=0.874347
main interval: 7.4e-08 2e-07 0.99 loss=0.874347
main interval: 7.4e-08 1.2e-07 0.99 loss=0.874347
main interval: 7.4e-08 7.4e-08 0.99 loss=0.874347
main interval: 1.2e-07 1.2e-07 0.95 loss=0.874347
best_muon_lr=[1.2e-07,1.2e-07] best_muon_momentum=0.99 interval_loss=0.874344 final_loss=0.874344 evaluated_interval_configs=10 evaluated_configs=10
train_loss run=37 step=28/30 loss=0.8744 head_lr=1072 muon_lr=1.2e-07 muon_momentum=0.99 muon_nesterov=False muon_grad_momentum_norm_ratio=0.0171569
train_loss run=37 step=29/30 loss=0.8744 head_lr=1072 muon_lr=1.2e-07 muon_momentum=0.99 muon_nesterov=False muon_grad_momentum_norm_ratio=0.0171551
train_loss run=37 step=30/30 loss=0.8743 head_lr=1072 muon_lr=1.2e-07 muon_momentum=0.99 muon_nesterov=False muon_grad_momentum_norm_ratio=0.0171604
Batch size:          10000
N steps:             3
M cooldown steps:    0
Interval scheduler:  linear
LR connectedness:    jump_allowed
Muon orthogonalize:  True
Momentum config:     search_momentum_fixed_nesterov_false
Search momentum:     True
Muon nesterov:       False
Initial Muon lr:     0.2
Initial Muon lr k:   0
Initial Muon mom:    0.6
Initial Muon mom i:  6
Final start lr:      1.2e-07
Final start lr k:    28
Final Muon lr:       1.2e-07
Final Muon lr k:     28
Final end lr:        1.2e-07
Final end lr k:      28
Final Muon momentum: 0.99
Final Muon nesterov: False
Final Muon mom i:    11
SGD lr mult:         0.8
Initial train loss:  2.314071
Final train loss:    0.874344
Run seconds:         308.669
cifar_baseline2_overfit_n_search run=38 batch_size=10000 train_steps=30 N=3 M=0 interval_scheduler=linear lr_connectedness=continuous_double muon_orthogonalize=True momentum_config=search_momentum_fixed_nesterov_false search_momentum=True muon_nesterov=False initial_muon_lr=0.2 initial_muon_lr_k=0 initial_muon_momentum=0.6 initial_muon_momentum_index=6
train_loss run=38 step=0/30 loss=2.3141 head_lr=1072 muon_lr=0.2 muon_momentum=0.6 muon_nesterov=False muon_grad_momentum_norm_ratio=none
main interval: 0.2 0.2 0.6 loss=2.023870
main interval: 0.33 0.33 0.6 loss=2.029040
main interval: 0.33 0.2 0.6 loss=2.029779
main interval: 0.33 0.12 0.6 loss=2.043263
main interval: 0.2 0.33 0.6 loss=2.028265
main interval: 0.2 0.12 0.6 loss=2.035002
main interval: 0.12 0.33 0.6 loss=2.039763
main interval: 0.12 0.2 0.6 loss=2.037246
main interval: 0.12 0.12 0.6 loss=2.049092
main interval: 0.2 0.2 0.5 loss=2.022014
main interval: 0.2 0.2 0.7 loss=2.026611
main interval: 0.33 0.33 0.5 loss=2.029038
main interval: 0.33 0.2 0.5 loss=2.026999
main interval: 0.33 0.12 0.5 loss=2.039110
main interval: 0.2 0.33 0.5 loss=2.029348
main interval: 0.2 0.12 0.5 loss=2.031385
main interval: 0.12 0.33 0.5 loss=2.039781
main interval: 0.12 0.2 0.5 loss=2.035842
main interval: 0.12 0.12 0.5 loss=2.046326
main interval: 0.2 0.2 0.4 loss=2.021146
main interval: 0.33 0.33 0.4 loss=2.030503
main interval: 0.33 0.2 0.4 loss=2.025202
main interval: 0.33 0.12 0.4 loss=2.035630
main interval: 0.2 0.33 0.4 loss=2.031438
main interval: 0.2 0.12 0.4 loss=2.028534
main interval: 0.12 0.33 0.4 loss=2.040759
main interval: 0.12 0.2 0.4 loss=2.035185
main interval: 0.12 0.12 0.4 loss=2.044014
main interval: 0.2 0.2 0.3 loss=2.020995
main interval: 0.33 0.33 0.3 loss=2.032853
main interval: 0.33 0.2 0.3 loss=2.024179
main interval: 0.33 0.12 0.3 loss=2.032960
main interval: 0.2 0.33 0.3 loss=2.034282
main interval: 0.2 0.12 0.3 loss=2.026185
main interval: 0.12 0.33 0.3 loss=2.042635
main interval: 0.12 0.2 0.3 loss=2.035568
main interval: 0.12 0.12 0.3 loss=2.042465
main interval: 0.2 0.2 0.2 loss=2.020640
main interval: 0.33 0.33 0.2 loss=2.035801
main interval: 0.33 0.2 0.2 loss=2.023551
main interval: 0.33 0.12 0.2 loss=2.030644
main interval: 0.2 0.33 0.2 loss=2.036826
main interval: 0.2 0.12 0.2 loss=2.024272
main interval: 0.12 0.33 0.2 loss=2.047371
main interval: 0.12 0.2 0.2 loss=2.036995
main interval: 0.12 0.12 0.2 loss=2.041957
main interval: 0.2 0.2 0.1 loss=2.022021
best_muon_lr=[0.2,0.2] best_muon_momentum=0.2 interval_loss=2.020640 final_loss=2.020640 evaluated_interval_configs=47 evaluated_configs=47
train_loss run=38 step=1/30 loss=2.2522 head_lr=1072 muon_lr=0.2 muon_momentum=0.2 muon_nesterov=False muon_grad_momentum_norm_ratio=1
train_loss run=38 step=2/30 loss=2.2338 head_lr=1072 muon_lr=0.2 muon_momentum=0.2 muon_nesterov=False muon_grad_momentum_norm_ratio=0.836339
train_loss run=38 step=3/30 loss=2.0206 head_lr=1072 muon_lr=0.2 muon_momentum=0.2 muon_nesterov=False muon_grad_momentum_norm_ratio=0.842407
main interval: 0.2 0.2 0.2 loss=1.764187
main interval: 0.2 0.33 0.2 loss=1.907716
main interval: 0.2 0.12 0.2 loss=1.634934
main interval: 0.2 0.2 0.1 loss=1.713112
main interval: 0.2 0.2 0.3 loss=1.724069
main interval: 0.2 0.072 0.2 loss=1.534637
main interval: 0.2 0.12 0.1 loss=1.602272
main interval: 0.2 0.12 0.3 loss=1.637490
main interval: 0.2 0.043 0.2 loss=1.551107
main interval: 0.2 0.072 0.1 loss=1.561165
main interval: 0.2 0.072 0.3 loss=1.557192
best_muon_lr=[0.2,0.072] best_muon_momentum=0.2 interval_loss=1.534637 final_loss=1.534637 evaluated_interval_configs=11 evaluated_configs=11
train_loss run=38 step=4/30 loss=1.8316 head_lr=1072 muon_lr=0.2 muon_momentum=0.2 muon_nesterov=False muon_grad_momentum_norm_ratio=0.786155
train_loss run=38 step=5/30 loss=1.6905 head_lr=1072 muon_lr=0.14 muon_momentum=0.2 muon_nesterov=False muon_grad_momentum_norm_ratio=0.885282
train_loss run=38 step=6/30 loss=1.5346 head_lr=1072 muon_lr=0.072 muon_momentum=0.2 muon_nesterov=False muon_grad_momentum_norm_ratio=0.858015
main interval: 0.072 0.072 0.2 loss=1.410961
main interval: 0.072 0.12 0.2 loss=1.513505
main interval: 0.072 0.043 0.2 loss=1.340456
main interval: 0.072 0.072 0.1 loss=1.411739
main interval: 0.072 0.072 0.3 loss=1.359267
main interval: 0.072 0.026 0.2 loss=1.333546
main interval: 0.072 0.043 0.1 loss=1.356906
main interval: 0.072 0.043 0.3 loss=1.327225
main interval: 0.072 0.026 0.3 loss=1.319765
main interval: 0.072 0.043 0.4 loss=1.302393
main interval: 0.072 0.072 0.4 loss=1.353611
main interval: 0.072 0.026 0.4 loss=1.332510
main interval: 0.072 0.043 0.5 loss=1.289310
main interval: 0.072 0.072 0.5 loss=1.359453
main interval: 0.072 0.026 0.5 loss=1.296736
main interval: 0.072 0.043 0.6 loss=1.281451
main interval: 0.072 0.072 0.6 loss=1.313265
main interval: 0.072 0.026 0.6 loss=1.290229
main interval: 0.072 0.043 0.7 loss=1.246742
main interval: 0.072 0.072 0.7 loss=1.280928
main interval: 0.072 0.026 0.7 loss=1.260145
main interval: 0.072 0.043 0.8 loss=1.222316
main interval: 0.072 0.072 0.8 loss=1.222446
main interval: 0.072 0.026 0.8 loss=1.248847
main interval: 0.072 0.043 0.9 loss=1.220955
main interval: 0.072 0.072 0.9 loss=1.204975
main interval: 0.072 0.026 0.9 loss=1.226137
main interval: 0.072 0.043 0.95 loss=1.206787
main interval: 0.072 0.12 0.9 loss=1.251166
main interval: 0.072 0.072 0.95 loss=1.171178
main interval: 0.072 0.12 0.95 loss=1.222188
main interval: 0.072 0.072 0.99 loss=1.165602
main interval: 0.072 0.12 0.99 loss=1.231009
main interval: 0.072 0.043 0.99 loss=1.179607
best_muon_lr=[0.072,0.072] best_muon_momentum=0.99 interval_loss=1.165602 final_loss=1.165602 evaluated_interval_configs=34 evaluated_configs=34
train_loss run=38 step=7/30 loss=1.3936 head_lr=1072 muon_lr=0.072 muon_momentum=0.99 muon_nesterov=False muon_grad_momentum_norm_ratio=0.180447
train_loss run=38 step=8/30 loss=1.2611 head_lr=1072 muon_lr=0.072 muon_momentum=0.99 muon_nesterov=False muon_grad_momentum_norm_ratio=0.171303
train_loss run=38 step=9/30 loss=1.1656 head_lr=1072 muon_lr=0.072 muon_momentum=0.99 muon_nesterov=False muon_grad_momentum_norm_ratio=0.18335
main interval: 0.072 0.072 0.99 loss=1.053640
main interval: 0.072 0.12 0.99 loss=1.025273
main interval: 0.072 0.043 0.99 loss=0.976359
main interval: 0.072 0.072 0.95 loss=0.964199
main interval: 0.072 0.12 0.95 loss=1.026239
main interval: 0.072 0.043 0.95 loss=0.946715
main interval: 0.072 0.072 0.9 loss=0.947622
main interval: 0.072 0.026 0.95 loss=0.946848
main interval: 0.072 0.043 0.9 loss=0.936638
main interval: 0.072 0.026 0.9 loss=0.945876
main interval: 0.072 0.043 0.8 loss=0.947946
best_muon_lr=[0.072,0.043] best_muon_momentum=0.9 interval_loss=0.936638 final_loss=0.936638 evaluated_interval_configs=11 evaluated_configs=11
train_loss run=38 step=10/30 loss=1.0409 head_lr=1072 muon_lr=0.072 muon_momentum=0.9 muon_nesterov=False muon_grad_momentum_norm_ratio=0.219894
train_loss run=38 step=11/30 loss=0.9692 head_lr=1072 muon_lr=0.057 muon_momentum=0.9 muon_nesterov=False muon_grad_momentum_norm_ratio=0.213108
train_loss run=38 step=12/30 loss=0.9366 head_lr=1072 muon_lr=0.043 muon_momentum=0.9 muon_nesterov=False muon_grad_momentum_norm_ratio=0.191109
main interval: 0.043 0.043 0.9 loss=0.917250
main interval: 0.043 0.072 0.9 loss=0.985436
main interval: 0.043 0.026 0.9 loss=0.909419
main interval: 0.043 0.043 0.8 loss=0.914358
main interval: 0.043 0.043 0.95 loss=0.908019
main interval: 0.043 0.072 0.95 loss=0.942641
main interval: 0.043 0.026 0.95 loss=0.894866
main interval: 0.043 0.043 0.99 loss=0.903087
main interval: 0.043 0.016 0.95 loss=0.892003
main interval: 0.043 0.026 0.99 loss=0.891730
main interval: 0.043 0.016 0.99 loss=0.890819
main interval: 0.043 0.0093 0.99 loss=0.891809
best_muon_lr=[0.043,0.016] best_muon_momentum=0.99 interval_loss=0.890819 final_loss=0.890819 evaluated_interval_configs=12 evaluated_configs=12
train_loss run=38 step=13/30 loss=0.9158 head_lr=1072 muon_lr=0.043 muon_momentum=0.99 muon_nesterov=False muon_grad_momentum_norm_ratio=0.201093
train_loss run=38 step=14/30 loss=0.8977 head_lr=1072 muon_lr=0.029 muon_momentum=0.99 muon_nesterov=False muon_grad_momentum_norm_ratio=0.275563
train_loss run=38 step=15/30 loss=0.8908 head_lr=1072 muon_lr=0.016 muon_momentum=0.99 muon_nesterov=False muon_grad_momentum_norm_ratio=0.166755
main interval: 0.016 0.016 0.99 loss=0.892174
main interval: 0.016 0.026 0.99 loss=0.889331
main interval: 0.016 0.0093 0.99 loss=0.882427
main interval: 0.016 0.016 0.95 loss=0.884181
main interval: 0.016 0.0056 0.99 loss=0.880906
main interval: 0.016 0.0093 0.95 loss=0.881846
main interval: 0.016 0.0034 0.99 loss=0.880352
main interval: 0.016 0.0056 0.95 loss=0.880791
main interval: 0.016 0.002 0.99 loss=0.880099
main interval: 0.016 0.0034 0.95 loss=0.880267
main interval: 0.016 0.0012 0.99 loss=0.879959
main interval: 0.016 0.002 0.95 loss=0.880016
main interval: 0.016 0.00073 0.99 loss=0.879868
main interval: 0.016 0.0012 0.95 loss=0.879886
main interval: 0.016 0.00044 0.99 loss=0.879805
main interval: 0.016 0.00073 0.95 loss=0.879818
main interval: 0.016 0.00026 0.99 loss=0.879764
main interval: 0.016 0.00044 0.95 loss=0.879775
main interval: 0.016 0.00016 0.99 loss=0.879737
main interval: 0.016 0.00026 0.95 loss=0.879741
main interval: 0.016 9.4e-05 0.99 loss=0.879719
main interval: 0.016 0.00016 0.95 loss=0.879726
main interval: 0.016 5.6e-05 0.99 loss=0.879700
main interval: 0.016 9.4e-05 0.95 loss=0.879712
main interval: 0.016 3.4e-05 0.99 loss=0.879692
main interval: 0.016 5.6e-05 0.95 loss=0.879702
main interval: 0.016 2e-05 0.99 loss=0.879683
main interval: 0.016 3.4e-05 0.95 loss=0.879695
main interval: 0.016 1.2e-05 0.99 loss=0.879675
main interval: 0.016 2e-05 0.95 loss=0.879689
main interval: 0.016 7.3e-06 0.99 loss=0.879672
main interval: 0.016 1.2e-05 0.95 loss=0.879684
main interval: 0.016 4.4e-06 0.99 loss=0.879666
main interval: 0.016 7.3e-06 0.95 loss=0.879681
main interval: 0.016 2.6e-06 0.99 loss=0.879664
main interval: 0.016 4.4e-06 0.95 loss=0.879679
main interval: 0.016 1.6e-06 0.99 loss=0.879662
main interval: 0.016 2.6e-06 0.95 loss=0.879680
main interval: 0.016 9.5e-07 0.99 loss=0.879662
main interval: 0.016 1.6e-06 0.95 loss=0.879679
best_muon_lr=[0.016,1.6e-06] best_muon_momentum=0.99 interval_loss=0.879662 final_loss=0.879662 evaluated_interval_configs=40 evaluated_configs=40
train_loss run=38 step=16/30 loss=0.8812 head_lr=1072 muon_lr=0.016 muon_momentum=0.99 muon_nesterov=False muon_grad_momentum_norm_ratio=0.11113
train_loss run=38 step=17/30 loss=0.8799 head_lr=1072 muon_lr=0.008 muon_momentum=0.99 muon_nesterov=False muon_grad_momentum_norm_ratio=0.0301834
train_loss run=38 step=18/30 loss=0.8797 head_lr=1072 muon_lr=1.6e-06 muon_momentum=0.99 muon_nesterov=False muon_grad_momentum_norm_ratio=0.0550359
main interval: 1.6e-06 1.6e-06 0.99 loss=0.879260
main interval: 1.6e-06 2.6e-06 0.99 loss=0.879184
main interval: 1.6e-06 9.5e-07 0.99 loss=0.879170
main interval: 1.6e-06 1.6e-06 0.95 loss=0.879165
main interval: 1.6e-06 2.6e-06 0.95 loss=0.879163
main interval: 1.6e-06 9.5e-07 0.95 loss=0.879163
main interval: 1.6e-06 1.6e-06 0.9 loss=0.879162
main interval: 1.6e-06 2.6e-06 0.9 loss=0.879161
main interval: 1.6e-06 9.5e-07 0.9 loss=0.879162
main interval: 1.6e-06 1.6e-06 0.8 loss=0.879162
main interval: 1.6e-06 4.4e-06 0.9 loss=0.879160
main interval: 1.6e-06 2.6e-06 0.8 loss=0.879161
main interval: 1.6e-06 7.3e-06 0.9 loss=0.879158
main interval: 1.6e-06 4.4e-06 0.8 loss=0.879160
main interval: 1.6e-06 4.4e-06 0.95 loss=0.879160
main interval: 1.6e-06 1.2e-05 0.9 loss=0.879155
main interval: 1.6e-06 7.3e-06 0.8 loss=0.879158
main interval: 1.6e-06 7.3e-06 0.95 loss=0.879158
main interval: 1.6e-06 2e-05 0.9 loss=0.879150
main interval: 1.6e-06 1.2e-05 0.8 loss=0.879155
main interval: 1.6e-06 1.2e-05 0.95 loss=0.879155
main interval: 1.6e-06 3.4e-05 0.9 loss=0.879142
main interval: 1.6e-06 2e-05 0.8 loss=0.879151
main interval: 1.6e-06 2e-05 0.95 loss=0.879151
main interval: 1.6e-06 5.6e-05 0.9 loss=0.879129
main interval: 1.6e-06 3.4e-05 0.8 loss=0.879142
main interval: 1.6e-06 3.4e-05 0.95 loss=0.879142
main interval: 1.6e-06 9.4e-05 0.9 loss=0.879107
main interval: 1.6e-06 5.6e-05 0.8 loss=0.879129
main interval: 1.6e-06 5.6e-05 0.95 loss=0.879129
main interval: 1.6e-06 0.00016 0.9 loss=0.879070
main interval: 1.6e-06 9.4e-05 0.8 loss=0.879108
main interval: 1.6e-06 9.4e-05 0.95 loss=0.879108
main interval: 1.6e-06 0.00026 0.9 loss=0.879017
main interval: 1.6e-06 0.00016 0.8 loss=0.879071
main interval: 1.6e-06 0.00016 0.95 loss=0.879070
main interval: 1.6e-06 0.00044 0.9 loss=0.878926
main interval: 1.6e-06 0.00026 0.8 loss=0.879017
main interval: 1.6e-06 0.00026 0.95 loss=0.879017
main interval: 1.6e-06 0.00073 0.9 loss=0.878799
main interval: 1.6e-06 0.00044 0.8 loss=0.878925
main interval: 1.6e-06 0.00044 0.95 loss=0.878926
main interval: 1.6e-06 0.0012 0.9 loss=0.878640
main interval: 1.6e-06 0.00073 0.8 loss=0.878794
main interval: 1.6e-06 0.00073 0.95 loss=0.878795
main interval: 1.6e-06 0.002 0.9 loss=0.878496
main interval: 1.6e-06 0.0012 0.8 loss=0.878627
main interval: 1.6e-06 0.0012 0.95 loss=0.878629
main interval: 1.6e-06 0.0034 0.9 loss=0.878604
main interval: 1.6e-06 0.002 0.8 loss=0.878452
main interval: 1.6e-06 0.002 0.95 loss=0.878457
main interval: 1.6e-06 0.0034 0.8 loss=0.878534
main interval: 1.6e-06 0.002 0.7 loss=0.878434
main interval: 1.6e-06 0.0034 0.7 loss=0.878456
main interval: 1.6e-06 0.0012 0.7 loss=0.878607
main interval: 1.6e-06 0.002 0.6 loss=0.878437
best_muon_lr=[1.6e-06,0.002] best_muon_momentum=0.7 interval_loss=0.878434 final_loss=0.878434 evaluated_interval_configs=56 evaluated_configs=56
train_loss run=38 step=19/30 loss=0.8794 head_lr=1072 muon_lr=1.6e-06 muon_momentum=0.7 muon_nesterov=False muon_grad_momentum_norm_ratio=0.214525
train_loss run=38 step=20/30 loss=0.8789 head_lr=1072 muon_lr=0.001 muon_momentum=0.7 muon_nesterov=False muon_grad_momentum_norm_ratio=0.219037
train_loss run=38 step=21/30 loss=0.8784 head_lr=1072 muon_lr=0.002 muon_momentum=0.7 muon_nesterov=False muon_grad_momentum_norm_ratio=0.16174
main interval: 0.002 0.002 0.7 loss=0.877391
main interval: 0.002 0.0034 0.7 loss=0.876670
main interval: 0.002 0.0012 0.7 loss=0.877137
main interval: 0.002 0.002 0.6 loss=0.876927
main interval: 0.002 0.002 0.8 loss=0.876916
main interval: 0.002 0.0056 0.7 loss=0.876320
main interval: 0.002 0.0034 0.6 loss=0.876594
main interval: 0.002 0.0034 0.8 loss=0.876550
main interval: 0.002 0.0093 0.7 loss=0.877207
main interval: 0.002 0.0056 0.6 loss=0.876959
main interval: 0.002 0.0056 0.8 loss=0.876215
main interval: 0.002 0.0093 0.8 loss=0.876778
main interval: 0.002 0.0056 0.9 loss=0.876114
main interval: 0.002 0.0093 0.9 loss=0.875760
main interval: 0.002 0.0034 0.9 loss=0.876563
main interval: 0.002 0.0056 0.95 loss=0.876155
main interval: 0.002 0.016 0.9 loss=0.875574
main interval: 0.002 0.0093 0.95 loss=0.875405
main interval: 0.002 0.016 0.95 loss=0.875415
main interval: 0.002 0.0093 0.99 loss=0.875421
best_muon_lr=[0.002,0.0093] best_muon_momentum=0.95 interval_loss=0.875405 final_loss=0.875405 evaluated_interval_configs=20 evaluated_configs=20
train_loss run=38 step=22/30 loss=0.8779 head_lr=1072 muon_lr=0.002 muon_momentum=0.95 muon_nesterov=False muon_grad_momentum_norm_ratio=0.189128
train_loss run=38 step=23/30 loss=0.8766 head_lr=1072 muon_lr=0.0056 muon_momentum=0.95 muon_nesterov=False muon_grad_momentum_norm_ratio=0.174239
train_loss run=38 step=24/30 loss=0.8754 head_lr=1072 muon_lr=0.0093 muon_momentum=0.95 muon_nesterov=False muon_grad_momentum_norm_ratio=0.103694
main interval: 0.0093 0.0093 0.95 loss=0.873016
main interval: 0.0093 0.016 0.95 loss=0.877098
main interval: 0.0093 0.0056 0.95 loss=0.873438
main interval: 0.0093 0.0093 0.9 loss=0.873956
main interval: 0.0093 0.0093 0.99 loss=0.873170
best_muon_lr=[0.0093,0.0093] best_muon_momentum=0.95 interval_loss=0.873016 final_loss=0.873016 evaluated_interval_configs=5 evaluated_configs=5
train_loss run=38 step=25/30 loss=0.8744 head_lr=1072 muon_lr=0.0093 muon_momentum=0.95 muon_nesterov=False muon_grad_momentum_norm_ratio=0.205899
train_loss run=38 step=26/30 loss=0.8736 head_lr=1072 muon_lr=0.0093 muon_momentum=0.95 muon_nesterov=False muon_grad_momentum_norm_ratio=0.198724
train_loss run=38 step=27/30 loss=0.8730 head_lr=1072 muon_lr=0.0093 muon_momentum=0.95 muon_nesterov=False muon_grad_momentum_norm_ratio=0.232703
main interval: 0.0093 0.0093 0.95 loss=0.873207
main interval: 0.0093 0.016 0.95 loss=0.879299
main interval: 0.0093 0.0056 0.95 loss=0.872606
main interval: 0.0093 0.0093 0.9 loss=0.872015
main interval: 0.0093 0.0093 0.99 loss=0.871628
main interval: 0.0093 0.016 0.99 loss=0.874435
main interval: 0.0093 0.0056 0.99 loss=0.871229
main interval: 0.0093 0.0034 0.99 loss=0.870879
main interval: 0.0093 0.002 0.99 loss=0.870896
main interval: 0.0093 0.0034 0.95 loss=0.870875
main interval: 0.0093 0.002 0.95 loss=0.870929
main interval: 0.0093 0.0034 0.9 loss=0.870896
best_muon_lr=[0.0093,0.0034] best_muon_momentum=0.95 interval_loss=0.870875 final_loss=0.870875 evaluated_interval_configs=12 evaluated_configs=12
train_loss run=38 step=28/30 loss=0.8725 head_lr=1072 muon_lr=0.0093 muon_momentum=0.95 muon_nesterov=False muon_grad_momentum_norm_ratio=0.201891
train_loss run=38 step=29/30 loss=0.8713 head_lr=1072 muon_lr=0.0063 muon_momentum=0.95 muon_nesterov=False muon_grad_momentum_norm_ratio=0.347275
train_loss run=38 step=30/30 loss=0.8709 head_lr=1072 muon_lr=0.0034 muon_momentum=0.95 muon_nesterov=False muon_grad_momentum_norm_ratio=0.21391
Batch size:          10000
N steps:             3
M cooldown steps:    0
Interval scheduler:  linear
LR connectedness:    continuous_double
Muon orthogonalize:  True
Momentum config:     search_momentum_fixed_nesterov_false
Search momentum:     True
Muon nesterov:       False
Initial Muon lr:     0.2
Initial Muon lr k:   0
Initial Muon mom:    0.6
Initial Muon mom i:  6
Final start lr:      0.0093
Final start lr k:    6
Final Muon lr:       0.0034
Final Muon lr k:     8
Final end lr:        0.0034
Final end lr k:      8
Final Muon momentum: 0.95
Final Muon nesterov: False
Final Muon mom i:    10
SGD lr mult:         0.8
Initial train loss:  2.314071
Final train loss:    0.870875
Run seconds:         196.405
cifar_baseline2_overfit_n_search run=39 batch_size=10000 train_steps=30 N=3 M=0 interval_scheduler=linear lr_connectedness=continuous_single muon_orthogonalize=True momentum_config=search_momentum_fixed_nesterov_false search_momentum=True muon_nesterov=False initial_muon_lr=0.2 initial_muon_lr_k=0 initial_muon_momentum=0.6 initial_muon_momentum_index=6
train_loss run=39 step=0/30 loss=2.3141 head_lr=1072 muon_lr=0.2 muon_momentum=0.6 muon_nesterov=False muon_grad_momentum_norm_ratio=none
main interval: 0.2 0.2 0.6 loss=2.023870
main interval: 0.33 0.33 0.6 loss=2.029040
main interval: 0.33 0.2 0.6 loss=2.029779
main interval: 0.33 0.12 0.6 loss=2.043263
main interval: 0.2 0.33 0.6 loss=2.028265
main interval: 0.2 0.12 0.6 loss=2.035002
main interval: 0.12 0.33 0.6 loss=2.039763
main interval: 0.12 0.2 0.6 loss=2.037246
main interval: 0.12 0.12 0.6 loss=2.049092
main interval: 0.2 0.2 0.5 loss=2.022014
main interval: 0.2 0.2 0.7 loss=2.026611
main interval: 0.33 0.33 0.5 loss=2.029038
main interval: 0.33 0.2 0.5 loss=2.026999
main interval: 0.33 0.12 0.5 loss=2.039110
main interval: 0.2 0.33 0.5 loss=2.029348
main interval: 0.2 0.12 0.5 loss=2.031385
main interval: 0.12 0.33 0.5 loss=2.039781
main interval: 0.12 0.2 0.5 loss=2.035842
main interval: 0.12 0.12 0.5 loss=2.046326
main interval: 0.2 0.2 0.4 loss=2.021146
main interval: 0.33 0.33 0.4 loss=2.030503
main interval: 0.33 0.2 0.4 loss=2.025202
main interval: 0.33 0.12 0.4 loss=2.035630
main interval: 0.2 0.33 0.4 loss=2.031438
main interval: 0.2 0.12 0.4 loss=2.028534
main interval: 0.12 0.33 0.4 loss=2.040759
main interval: 0.12 0.2 0.4 loss=2.035185
main interval: 0.12 0.12 0.4 loss=2.044014
main interval: 0.2 0.2 0.3 loss=2.020995
main interval: 0.33 0.33 0.3 loss=2.032853
main interval: 0.33 0.2 0.3 loss=2.024179
main interval: 0.33 0.12 0.3 loss=2.032960
main interval: 0.2 0.33 0.3 loss=2.034282
main interval: 0.2 0.12 0.3 loss=2.026185
main interval: 0.12 0.33 0.3 loss=2.042635
main interval: 0.12 0.2 0.3 loss=2.035568
main interval: 0.12 0.12 0.3 loss=2.042465
main interval: 0.2 0.2 0.2 loss=2.020640
main interval: 0.33 0.33 0.2 loss=2.035801
main interval: 0.33 0.2 0.2 loss=2.023551
main interval: 0.33 0.12 0.2 loss=2.030644
main interval: 0.2 0.33 0.2 loss=2.036826
main interval: 0.2 0.12 0.2 loss=2.024272
main interval: 0.12 0.33 0.2 loss=2.047371
main interval: 0.12 0.2 0.2 loss=2.036995
main interval: 0.12 0.12 0.2 loss=2.041957
main interval: 0.2 0.2 0.1 loss=2.022021
best_muon_lr=[0.2,0.2] best_muon_momentum=0.2 interval_loss=2.020640 final_loss=2.020640 evaluated_interval_configs=47 evaluated_configs=47
train_loss run=39 step=1/30 loss=2.2522 head_lr=1072 muon_lr=0.2 muon_momentum=0.2 muon_nesterov=False muon_grad_momentum_norm_ratio=1
train_loss run=39 step=2/30 loss=2.2338 head_lr=1072 muon_lr=0.2 muon_momentum=0.2 muon_nesterov=False muon_grad_momentum_norm_ratio=0.836339
train_loss run=39 step=3/30 loss=2.0206 head_lr=1072 muon_lr=0.2 muon_momentum=0.2 muon_nesterov=False muon_grad_momentum_norm_ratio=0.842407
main interval: 0.2 0.2 0.2 loss=1.764187
main interval: 0.2 0.33 0.2 loss=1.892169
main interval: 0.2 0.12 0.2 loss=1.646126
main interval: 0.2 0.2 0.1 loss=1.722696
main interval: 0.2 0.2 0.3 loss=1.743376
main interval: 0.2 0.072 0.2 loss=1.544753
main interval: 0.2 0.12 0.1 loss=1.593370
main interval: 0.2 0.12 0.3 loss=1.623276
main interval: 0.2 0.043 0.2 loss=1.538256
main interval: 0.2 0.072 0.1 loss=1.561212
main interval: 0.2 0.072 0.3 loss=1.540004
main interval: 0.2 0.026 0.2 loss=1.544325
main interval: 0.2 0.043 0.1 loss=1.561467
main interval: 0.2 0.043 0.3 loss=1.540038
best_muon_lr=[0.2,0.043] best_muon_momentum=0.2 interval_loss=1.538256 final_loss=1.538256 evaluated_interval_configs=14 evaluated_configs=14
train_loss run=39 step=4/30 loss=1.8044 head_lr=1072 muon_lr=0.15 muon_momentum=0.2 muon_nesterov=False muon_grad_momentum_norm_ratio=0.777359
train_loss run=39 step=5/30 loss=1.6563 head_lr=1072 muon_lr=0.095 muon_momentum=0.2 muon_nesterov=False muon_grad_momentum_norm_ratio=0.851288
train_loss run=39 step=6/30 loss=1.5383 head_lr=1072 muon_lr=0.043 muon_momentum=0.2 muon_nesterov=False muon_grad_momentum_norm_ratio=0.878362
main interval: 0.043 0.043 0.2 loss=1.393403
main interval: 0.043 0.072 0.2 loss=1.459704
main interval: 0.043 0.026 0.2 loss=1.364136
main interval: 0.043 0.043 0.1 loss=1.398277
main interval: 0.043 0.043 0.3 loss=1.350657
main interval: 0.043 0.072 0.3 loss=1.423086
main interval: 0.043 0.026 0.3 loss=1.366555
main interval: 0.043 0.043 0.4 loss=1.362868
best_muon_lr=[0.043,0.043] best_muon_momentum=0.3 interval_loss=1.350657 final_loss=1.350657 evaluated_interval_configs=8 evaluated_configs=8
train_loss run=39 step=7/30 loss=1.5160 head_lr=1072 muon_lr=0.043 muon_momentum=0.3 muon_nesterov=False muon_grad_momentum_norm_ratio=0.640532
train_loss run=39 step=8/30 loss=1.4139 head_lr=1072 muon_lr=0.043 muon_momentum=0.3 muon_nesterov=False muon_grad_momentum_norm_ratio=0.827845
train_loss run=39 step=9/30 loss=1.3507 head_lr=1072 muon_lr=0.043 muon_momentum=0.3 muon_nesterov=False muon_grad_momentum_norm_ratio=0.696261
main interval: 0.043 0.043 0.3 loss=1.263193
main interval: 0.043 0.072 0.3 loss=1.359146
main interval: 0.043 0.026 0.3 loss=1.224265
main interval: 0.043 0.043 0.2 loss=1.270707
main interval: 0.043 0.043 0.4 loss=1.249490
main interval: 0.043 0.016 0.3 loss=1.215274
main interval: 0.043 0.026 0.2 loss=1.232970
main interval: 0.043 0.026 0.4 loss=1.221323
main interval: 0.043 0.0093 0.3 loss=1.221078
main interval: 0.043 0.016 0.2 loss=1.224468
main interval: 0.043 0.016 0.4 loss=1.217000
best_muon_lr=[0.043,0.016] best_muon_momentum=0.3 interval_loss=1.215274 final_loss=1.215274 evaluated_interval_configs=11 evaluated_configs=11
train_loss run=39 step=10/30 loss=1.3478 head_lr=1072 muon_lr=0.034 muon_momentum=0.3 muon_nesterov=False muon_grad_momentum_norm_ratio=0.825338
train_loss run=39 step=11/30 loss=1.2611 head_lr=1072 muon_lr=0.025 muon_momentum=0.3 muon_nesterov=False muon_grad_momentum_norm_ratio=0.825327
train_loss run=39 step=12/30 loss=1.2153 head_lr=1072 muon_lr=0.016 muon_momentum=0.3 muon_nesterov=False muon_grad_momentum_norm_ratio=0.666962
main interval: 0.016 0.016 0.3 loss=1.128033
main interval: 0.016 0.026 0.3 loss=1.167753
main interval: 0.016 0.0093 0.3 loss=1.135859
main interval: 0.016 0.016 0.2 loss=1.148238
main interval: 0.016 0.016 0.4 loss=1.126910
main interval: 0.016 0.026 0.4 loss=1.151252
main interval: 0.016 0.0093 0.4 loss=1.130390
main interval: 0.016 0.016 0.5 loss=1.116069
main interval: 0.016 0.026 0.5 loss=1.129146
main interval: 0.016 0.0093 0.5 loss=1.123532
main interval: 0.016 0.016 0.6 loss=1.103063
main interval: 0.016 0.026 0.6 loss=1.107270
main interval: 0.016 0.0093 0.6 loss=1.116985
main interval: 0.016 0.016 0.7 loss=1.093286
main interval: 0.016 0.026 0.7 loss=1.081649
main interval: 0.016 0.0093 0.7 loss=1.110822
main interval: 0.016 0.016 0.8 loss=1.087672
main interval: 0.016 0.043 0.7 loss=1.140255
main interval: 0.016 0.026 0.8 loss=1.072932
main interval: 0.016 0.043 0.8 loss=1.064288
main interval: 0.016 0.026 0.9 loss=1.056852
main interval: 0.016 0.043 0.9 loss=1.037625
main interval: 0.016 0.016 0.9 loss=1.082731
main interval: 0.016 0.026 0.95 loss=1.057265
main interval: 0.016 0.072 0.9 loss=1.057003
main interval: 0.016 0.043 0.95 loss=1.016739
main interval: 0.016 0.072 0.95 loss=1.033673
main interval: 0.016 0.043 0.99 loss=1.010899
main interval: 0.016 0.072 0.99 loss=1.037184
main interval: 0.016 0.026 0.99 loss=1.047743
best_muon_lr=[0.016,0.043] best_muon_momentum=0.99 interval_loss=1.010899 final_loss=1.010899 evaluated_interval_configs=30 evaluated_configs=30
train_loss run=39 step=13/30 loss=1.1533 head_lr=1072 muon_lr=0.025 muon_momentum=0.99 muon_nesterov=False muon_grad_momentum_norm_ratio=0.198112
train_loss run=39 step=14/30 loss=1.0764 head_lr=1072 muon_lr=0.034 muon_momentum=0.99 muon_nesterov=False muon_grad_momentum_norm_ratio=0.158791
train_loss run=39 step=15/30 loss=1.0109 head_lr=1072 muon_lr=0.043 muon_momentum=0.99 muon_nesterov=False muon_grad_momentum_norm_ratio=0.157338
main interval: 0.043 0.043 0.99 loss=0.962430
main interval: 0.043 0.072 0.99 loss=0.959815
main interval: 0.043 0.026 0.99 loss=0.924924
main interval: 0.043 0.043 0.95 loss=0.916330
main interval: 0.043 0.072 0.95 loss=0.955969
main interval: 0.043 0.026 0.95 loss=0.919214
main interval: 0.043 0.043 0.9 loss=0.916381
best_muon_lr=[0.043,0.043] best_muon_momentum=0.95 interval_loss=0.916330 final_loss=0.916330 evaluated_interval_configs=7 evaluated_configs=7
train_loss run=39 step=16/30 loss=0.9603 head_lr=1072 muon_lr=0.043 muon_momentum=0.95 muon_nesterov=False muon_grad_momentum_norm_ratio=0.12934
train_loss run=39 step=17/30 loss=0.9277 head_lr=1072 muon_lr=0.043 muon_momentum=0.95 muon_nesterov=False muon_grad_momentum_norm_ratio=0.149459
train_loss run=39 step=18/30 loss=0.9163 head_lr=1072 muon_lr=0.043 muon_momentum=0.95 muon_nesterov=False muon_grad_momentum_norm_ratio=0.107953
main interval: 0.043 0.043 0.95 loss=0.917503
main interval: 0.043 0.072 0.95 loss=0.975818
main interval: 0.043 0.026 0.95 loss=0.898439
main interval: 0.043 0.043 0.9 loss=0.900161
main interval: 0.043 0.043 0.99 loss=0.903776
main interval: 0.043 0.016 0.95 loss=0.890713
main interval: 0.043 0.026 0.9 loss=0.896573
main interval: 0.043 0.026 0.99 loss=0.893820
main interval: 0.043 0.0093 0.95 loss=0.887428
main interval: 0.043 0.016 0.9 loss=0.888720
main interval: 0.043 0.016 0.99 loss=0.887870
main interval: 0.043 0.0056 0.95 loss=0.889245
main interval: 0.043 0.0093 0.9 loss=0.887481
main interval: 0.043 0.0093 0.99 loss=0.888635
best_muon_lr=[0.043,0.0093] best_muon_momentum=0.95 interval_loss=0.887428 final_loss=0.887428 evaluated_interval_configs=14 evaluated_configs=14
train_loss run=39 step=19/30 loss=0.9002 head_lr=1072 muon_lr=0.032 muon_momentum=0.95 muon_nesterov=False muon_grad_momentum_norm_ratio=0.236679
train_loss run=39 step=20/30 loss=0.8905 head_lr=1072 muon_lr=0.021 muon_momentum=0.95 muon_nesterov=False muon_grad_momentum_norm_ratio=0.24356
train_loss run=39 step=21/30 loss=0.8874 head_lr=1072 muon_lr=0.0093 muon_momentum=0.95 muon_nesterov=False muon_grad_momentum_norm_ratio=0.159144
main interval: 0.0093 0.0093 0.95 loss=0.885581
main interval: 0.0093 0.016 0.95 loss=0.882920
main interval: 0.0093 0.0056 0.95 loss=0.881391
main interval: 0.0093 0.0093 0.9 loss=0.881231
main interval: 0.0093 0.0093 0.99 loss=0.880863
main interval: 0.0093 0.016 0.99 loss=0.883186
main interval: 0.0093 0.0056 0.99 loss=0.879961
main interval: 0.0093 0.0034 0.99 loss=0.880755
best_muon_lr=[0.0093,0.0056] best_muon_momentum=0.99 interval_loss=0.879961 final_loss=0.879961 evaluated_interval_configs=8 evaluated_configs=8
train_loss run=39 step=22/30 loss=0.8830 head_lr=1072 muon_lr=0.0081 muon_momentum=0.99 muon_nesterov=False muon_grad_momentum_norm_ratio=0.139759
train_loss run=39 step=23/30 loss=0.8809 head_lr=1072 muon_lr=0.0068 muon_momentum=0.99 muon_nesterov=False muon_grad_momentum_norm_ratio=0.0831486
train_loss run=39 step=24/30 loss=0.8800 head_lr=1072 muon_lr=0.0056 muon_momentum=0.99 muon_nesterov=False muon_grad_momentum_norm_ratio=0.0530771
main interval: 0.0056 0.0056 0.99 loss=0.879547
main interval: 0.0056 0.0093 0.99 loss=0.877869
main interval: 0.0056 0.0034 0.99 loss=0.877522
main interval: 0.0056 0.0056 0.95 loss=0.877031
main interval: 0.0056 0.0093 0.95 loss=0.876590
main interval: 0.0056 0.0034 0.95 loss=0.877060
main interval: 0.0056 0.0056 0.9 loss=0.876760
main interval: 0.0056 0.016 0.95 loss=0.876491
main interval: 0.0056 0.0093 0.9 loss=0.875625
main interval: 0.0056 0.016 0.9 loss=0.875352
main interval: 0.0056 0.0093 0.8 loss=0.875754
main interval: 0.0056 0.026 0.9 loss=0.922768
main interval: 0.0056 0.016 0.8 loss=0.885811
best_muon_lr=[0.0056,0.016] best_muon_momentum=0.9 interval_loss=0.875352 final_loss=0.875352 evaluated_interval_configs=13 evaluated_configs=13
train_loss run=39 step=25/30 loss=0.8775 head_lr=1072 muon_lr=0.0091 muon_momentum=0.9 muon_nesterov=False muon_grad_momentum_norm_ratio=0.135396
train_loss run=39 step=26/30 loss=0.8763 head_lr=1072 muon_lr=0.013 muon_momentum=0.9 muon_nesterov=False muon_grad_momentum_norm_ratio=0.103175
train_loss run=39 step=27/30 loss=0.8754 head_lr=1072 muon_lr=0.016 muon_momentum=0.9 muon_nesterov=False muon_grad_momentum_norm_ratio=0.212155
main interval: 0.016 0.016 0.9 loss=0.882956
main interval: 0.016 0.026 0.9 loss=0.913064
main interval: 0.016 0.0093 0.9 loss=0.876528
main interval: 0.016 0.016 0.8 loss=0.883481
main interval: 0.016 0.016 0.95 loss=0.883934
main interval: 0.016 0.0056 0.9 loss=0.873621
main interval: 0.016 0.0093 0.8 loss=0.875890
main interval: 0.016 0.0093 0.95 loss=0.883132
main interval: 0.016 0.0034 0.9 loss=0.873865
main interval: 0.016 0.0056 0.8 loss=0.875108
main interval: 0.016 0.0056 0.95 loss=0.874654
best_muon_lr=[0.016,0.0056] best_muon_momentum=0.9 interval_loss=0.873621 final_loss=0.873621 evaluated_interval_configs=11 evaluated_configs=11
train_loss run=39 step=28/30 loss=0.8772 head_lr=1072 muon_lr=0.013 muon_momentum=0.9 muon_nesterov=False muon_grad_momentum_norm_ratio=0.338444
train_loss run=39 step=29/30 loss=0.8745 head_lr=1072 muon_lr=0.0091 muon_momentum=0.9 muon_nesterov=False muon_grad_momentum_norm_ratio=0.576167
train_loss run=39 step=30/30 loss=0.8736 head_lr=1072 muon_lr=0.0056 muon_momentum=0.9 muon_nesterov=False muon_grad_momentum_norm_ratio=0.406821
Batch size:          10000
N steps:             3
M cooldown steps:    0
Interval scheduler:  linear
LR connectedness:    continuous_single
Muon orthogonalize:  True
Momentum config:     search_momentum_fixed_nesterov_false
Search momentum:     True
Muon nesterov:       False
Initial Muon lr:     0.2
Initial Muon lr k:   0
Initial Muon mom:    0.6
Initial Muon mom i:  6
Final start lr:      0.016
Final start lr k:    5
Final Muon lr:       0.0056
Final Muon lr k:     7
Final end lr:        0.0056
Final end lr k:      7
Final Muon momentum: 0.9
Final Muon nesterov: False
Final Muon mom i:    9
SGD lr mult:         0.8
Initial train loss:  2.314071
Final train loss:    0.873621
Run seconds:         130.152
cifar_baseline2_overfit_n_search run=40 batch_size=10000 train_steps=30 N=4 M=0 interval_scheduler=constant lr_connectedness=jump_allowed muon_orthogonalize=True momentum_config=search_momentum_fixed_nesterov_false search_momentum=True muon_nesterov=False initial_muon_lr=0.2 initial_muon_lr_k=0 initial_muon_momentum=0.6 initial_muon_momentum_index=6
train_loss run=40 step=0/30 loss=2.3141 head_lr=1072 muon_lr=0.2 muon_momentum=0.6 muon_nesterov=False muon_grad_momentum_norm_ratio=none
main interval: 0.2 0.2 0.6 loss=1.875396
main interval: 0.33 0.33 0.6 loss=1.920021
main interval: 0.12 0.12 0.6 loss=1.902461
main interval: 0.2 0.2 0.5 loss=1.874714
main interval: 0.2 0.2 0.7 loss=1.877996
main interval: 0.33 0.33 0.5 loss=1.928608
main interval: 0.12 0.12 0.5 loss=1.897923
main interval: 0.2 0.2 0.4 loss=1.881323
best_muon_lr=[0.2,0.2] best_muon_momentum=0.5 interval_loss=1.874714 final_loss=1.874714 evaluated_interval_configs=8 evaluated_configs=8
train_loss run=40 step=1/30 loss=2.2522 head_lr=1072 muon_lr=0.2 muon_momentum=0.5 muon_nesterov=False muon_grad_momentum_norm_ratio=1
train_loss run=40 step=2/30 loss=2.2359 head_lr=1072 muon_lr=0.2 muon_momentum=0.5 muon_nesterov=False muon_grad_momentum_norm_ratio=0.671494
train_loss run=40 step=3/30 loss=2.0220 head_lr=1072 muon_lr=0.2 muon_momentum=0.5 muon_nesterov=False muon_grad_momentum_norm_ratio=0.66063
train_loss run=40 step=4/30 loss=1.8747 head_lr=1072 muon_lr=0.2 muon_momentum=0.5 muon_nesterov=False muon_grad_momentum_norm_ratio=0.525945
main interval: 0.2 0.2 0.5 loss=1.624923
main interval: 0.33 0.33 0.5 loss=1.700953
main interval: 0.12 0.12 0.5 loss=1.500755
main interval: 0.2 0.2 0.4 loss=1.583580
main interval: 0.2 0.2 0.6 loss=1.578754
main interval: 0.072 0.072 0.5 loss=1.440685
main interval: 0.12 0.12 0.4 loss=1.552947
main interval: 0.12 0.12 0.6 loss=1.470767
main interval: 0.043 0.043 0.5 loss=1.447315
main interval: 0.072 0.072 0.4 loss=1.430457
main interval: 0.072 0.072 0.6 loss=1.386500
main interval: 0.043 0.043 0.6 loss=1.411550
main interval: 0.072 0.072 0.7 loss=1.417271
best_muon_lr=[0.072,0.072] best_muon_momentum=0.6 interval_loss=1.386500 final_loss=1.386500 evaluated_interval_configs=13 evaluated_configs=13
train_loss run=40 step=5/30 loss=1.7310 head_lr=1072 muon_lr=0.072 muon_momentum=0.6 muon_nesterov=False muon_grad_momentum_norm_ratio=0.456656
train_loss run=40 step=6/30 loss=1.5807 head_lr=1072 muon_lr=0.072 muon_momentum=0.6 muon_nesterov=False muon_grad_momentum_norm_ratio=0.614964
train_loss run=40 step=7/30 loss=1.4539 head_lr=1072 muon_lr=0.072 muon_momentum=0.6 muon_nesterov=False muon_grad_momentum_norm_ratio=0.624527
train_loss run=40 step=8/30 loss=1.3865 head_lr=1072 muon_lr=0.072 muon_momentum=0.6 muon_nesterov=False muon_grad_momentum_norm_ratio=0.617819
main interval: 0.072 0.072 0.6 loss=1.281644
main interval: 0.12 0.12 0.6 loss=1.387570
main interval: 0.043 0.043 0.6 loss=1.156012
main interval: 0.072 0.072 0.5 loss=1.225847
main interval: 0.072 0.072 0.7 loss=1.166055
main interval: 0.026 0.026 0.6 loss=1.143907
main interval: 0.043 0.043 0.5 loss=1.166204
main interval: 0.043 0.043 0.7 loss=1.103941
main interval: 0.026 0.026 0.7 loss=1.130987
main interval: 0.043 0.043 0.8 loss=1.092439
main interval: 0.072 0.072 0.8 loss=1.118445
main interval: 0.026 0.026 0.8 loss=1.146182
main interval: 0.043 0.043 0.9 loss=1.068083
main interval: 0.072 0.072 0.9 loss=1.082391
main interval: 0.026 0.026 0.9 loss=1.129354
main interval: 0.043 0.043 0.95 loss=1.052114
main interval: 0.072 0.072 0.95 loss=1.032483
main interval: 0.026 0.026 0.95 loss=1.118466
main interval: 0.043 0.043 0.99 loss=1.045510
main interval: 0.12 0.12 0.95 loss=1.259265
main interval: 0.072 0.072 0.99 loss=1.030967
main interval: 0.12 0.12 0.99 loss=0.999500
main interval: 0.2 0.2 0.99 loss=1.160438
best_muon_lr=[0.12,0.12] best_muon_momentum=0.99 interval_loss=0.999500 final_loss=0.999500 evaluated_interval_configs=23 evaluated_configs=23
train_loss run=40 step=9/30 loss=1.2267 head_lr=1072 muon_lr=0.12 muon_momentum=0.99 muon_nesterov=False muon_grad_momentum_norm_ratio=0.230005
train_loss run=40 step=10/30 loss=1.0849 head_lr=1072 muon_lr=0.12 muon_momentum=0.99 muon_nesterov=False muon_grad_momentum_norm_ratio=0.207105
train_loss run=40 step=11/30 loss=1.0228 head_lr=1072 muon_lr=0.12 muon_momentum=0.99 muon_nesterov=False muon_grad_momentum_norm_ratio=0.146806
train_loss run=40 step=12/30 loss=0.9995 head_lr=1072 muon_lr=0.12 muon_momentum=0.99 muon_nesterov=False muon_grad_momentum_norm_ratio=0.166509
main interval: 0.12 0.12 0.99 loss=1.084664
main interval: 0.2 0.2 0.99 loss=1.008081
main interval: 0.072 0.072 0.99 loss=0.917767
main interval: 0.12 0.12 0.95 loss=0.910850
main interval: 0.2 0.2 0.95 loss=0.979554
main interval: 0.072 0.072 0.95 loss=0.901167
main interval: 0.12 0.12 0.9 loss=0.904439
main interval: 0.043 0.043 0.95 loss=0.895472
main interval: 0.072 0.072 0.9 loss=0.897022
main interval: 0.026 0.026 0.95 loss=0.898480
main interval: 0.043 0.043 0.9 loss=0.895911
main interval: 0.043 0.043 0.99 loss=0.899111
best_muon_lr=[0.043,0.043] best_muon_momentum=0.95 interval_loss=0.895472 final_loss=0.895472 evaluated_interval_configs=12 evaluated_configs=12
train_loss run=40 step=13/30 loss=0.9465 head_lr=1072 muon_lr=0.043 muon_momentum=0.95 muon_nesterov=False muon_grad_momentum_norm_ratio=0.287501
train_loss run=40 step=14/30 loss=0.9140 head_lr=1072 muon_lr=0.043 muon_momentum=0.95 muon_nesterov=False muon_grad_momentum_norm_ratio=0.213797
train_loss run=40 step=15/30 loss=0.9025 head_lr=1072 muon_lr=0.043 muon_momentum=0.95 muon_nesterov=False muon_grad_momentum_norm_ratio=0.126097
train_loss run=40 step=16/30 loss=0.8955 head_lr=1072 muon_lr=0.043 muon_momentum=0.95 muon_nesterov=False muon_grad_momentum_norm_ratio=0.100479
main interval: 0.043 0.043 0.95 loss=0.889375
main interval: 0.072 0.072 0.95 loss=0.892202
main interval: 0.026 0.026 0.95 loss=0.878494
main interval: 0.043 0.043 0.9 loss=0.881783
main interval: 0.043 0.043 0.99 loss=0.882723
main interval: 0.016 0.016 0.95 loss=0.878650
main interval: 0.026 0.026 0.9 loss=0.881606
main interval: 0.026 0.026 0.99 loss=0.880656
best_muon_lr=[0.026,0.026] best_muon_momentum=0.95 interval_loss=0.878494 final_loss=0.878494 evaluated_interval_configs=8 evaluated_configs=8
train_loss run=40 step=17/30 loss=0.8897 head_lr=1072 muon_lr=0.026 muon_momentum=0.95 muon_nesterov=False muon_grad_momentum_norm_ratio=0.152424
train_loss run=40 step=18/30 loss=0.8855 head_lr=1072 muon_lr=0.026 muon_momentum=0.95 muon_nesterov=False muon_grad_momentum_norm_ratio=0.117788
train_loss run=40 step=19/30 loss=0.8810 head_lr=1072 muon_lr=0.026 muon_momentum=0.95 muon_nesterov=False muon_grad_momentum_norm_ratio=0.120617
train_loss run=40 step=20/30 loss=0.8785 head_lr=1072 muon_lr=0.026 muon_momentum=0.95 muon_nesterov=False muon_grad_momentum_norm_ratio=0.0923915
main interval: 0.026 0.026 0.95 loss=0.877720
main interval: 0.043 0.043 0.95 loss=0.876377
main interval: 0.016 0.016 0.95 loss=0.873006
main interval: 0.026 0.026 0.9 loss=0.872668
main interval: 0.026 0.026 0.99 loss=0.872324
main interval: 0.043 0.043 0.99 loss=0.876371
main interval: 0.016 0.016 0.99 loss=0.871875
main interval: 0.0093 0.0093 0.99 loss=0.873212
best_muon_lr=[0.016,0.016] best_muon_momentum=0.99 interval_loss=0.871875 final_loss=0.871875 evaluated_interval_configs=8 evaluated_configs=8
train_loss run=40 step=21/30 loss=0.8770 head_lr=1072 muon_lr=0.016 muon_momentum=0.99 muon_nesterov=False muon_grad_momentum_norm_ratio=0.199652
train_loss run=40 step=22/30 loss=0.8755 head_lr=1072 muon_lr=0.016 muon_momentum=0.99 muon_nesterov=False muon_grad_momentum_norm_ratio=0.211142
train_loss run=40 step=23/30 loss=0.8727 head_lr=1072 muon_lr=0.016 muon_momentum=0.99 muon_nesterov=False muon_grad_momentum_norm_ratio=0.229412
train_loss run=40 step=24/30 loss=0.8719 head_lr=1072 muon_lr=0.016 muon_momentum=0.99 muon_nesterov=False muon_grad_momentum_norm_ratio=0.119232
main interval: 0.016 0.016 0.99 loss=0.870588
main interval: 0.026 0.026 0.99 loss=0.871035
main interval: 0.0093 0.0093 0.99 loss=0.869564
main interval: 0.016 0.016 0.95 loss=0.869344
main interval: 0.026 0.026 0.95 loss=0.869459
main interval: 0.0093 0.0093 0.95 loss=0.869223
main interval: 0.016 0.016 0.9 loss=0.868895
main interval: 0.026 0.026 0.9 loss=0.877018
main interval: 0.0093 0.0093 0.9 loss=0.869879
main interval: 0.016 0.016 0.8 loss=0.871139
best_muon_lr=[0.016,0.016] best_muon_momentum=0.9 interval_loss=0.868895 final_loss=0.868895 evaluated_interval_configs=10 evaluated_configs=10
train_loss run=40 step=25/30 loss=0.8700 head_lr=1072 muon_lr=0.016 muon_momentum=0.9 muon_nesterov=False muon_grad_momentum_norm_ratio=0.269396
train_loss run=40 step=26/30 loss=0.8699 head_lr=1072 muon_lr=0.016 muon_momentum=0.9 muon_nesterov=False muon_grad_momentum_norm_ratio=0.123675
train_loss run=40 step=27/30 loss=0.8690 head_lr=1072 muon_lr=0.016 muon_momentum=0.9 muon_nesterov=False muon_grad_momentum_norm_ratio=0.257811
train_loss run=40 step=28/30 loss=0.8689 head_lr=1072 muon_lr=0.016 muon_momentum=0.9 muon_nesterov=False muon_grad_momentum_norm_ratio=0.161454
main interval: 0.016 0.016 0.9 loss=0.868405
main interval: 0.026 0.026 0.9 loss=0.872307
main interval: 0.0093 0.0093 0.9 loss=0.868115
main interval: 0.016 0.016 0.8 loss=0.869921
main interval: 0.016 0.016 0.95 loss=0.870923
main interval: 0.0056 0.0056 0.9 loss=0.870264
main interval: 0.0093 0.0093 0.8 loss=0.869457
main interval: 0.0093 0.0093 0.95 loss=0.869386
best_muon_lr=[0.0093,0.0093] best_muon_momentum=0.9 interval_loss=0.868115 final_loss=0.868115 evaluated_interval_configs=8 evaluated_configs=8
train_loss run=40 step=29/30 loss=0.8692 head_lr=1072 muon_lr=0.0093 muon_momentum=0.9 muon_nesterov=False muon_grad_momentum_norm_ratio=0.296136
train_loss run=40 step=30/30 loss=0.8681 head_lr=1072 muon_lr=0.0093 muon_momentum=0.9 muon_nesterov=False muon_grad_momentum_norm_ratio=0.458169
Batch size:          10000
N steps:             4
M cooldown steps:    0
Interval scheduler:  constant
LR connectedness:    jump_allowed
Muon orthogonalize:  True
Momentum config:     search_momentum_fixed_nesterov_false
Search momentum:     True
Muon nesterov:       False
Initial Muon lr:     0.2
Initial Muon lr k:   0
Initial Muon mom:    0.6
Initial Muon mom i:  6
Final start lr:      0.0093
Final start lr k:    6
Final Muon lr:       0.0093
Final Muon lr k:     6
Final end lr:        0.0093
Final end lr k:      6
Final Muon momentum: 0.9
Final Muon nesterov: False
Final Muon mom i:    9
SGD lr mult:         0.8
Initial train loss:  2.314071
Final train loss:    0.868115
Run seconds:         89.266
cifar_baseline2_overfit_n_search run=41 batch_size=10000 train_steps=30 N=4 M=0 interval_scheduler=linear lr_connectedness=jump_allowed muon_orthogonalize=True momentum_config=search_momentum_fixed_nesterov_false search_momentum=True muon_nesterov=False initial_muon_lr=0.2 initial_muon_lr_k=0 initial_muon_momentum=0.6 initial_muon_momentum_index=6
train_loss run=41 step=0/30 loss=2.3141 head_lr=1072 muon_lr=0.2 muon_momentum=0.6 muon_nesterov=False muon_grad_momentum_norm_ratio=none
main interval: 0.2 0.2 0.6 loss=1.875396
main interval: 0.33 0.33 0.6 loss=1.920021
main interval: 0.33 0.2 0.6 loss=1.887915
main interval: 0.33 0.12 0.6 loss=1.887515
main interval: 0.2 0.33 0.6 loss=1.909640
main interval: 0.2 0.12 0.6 loss=1.878906
main interval: 0.12 0.33 0.6 loss=1.888903
main interval: 0.12 0.2 0.6 loss=1.892366
main interval: 0.12 0.12 0.6 loss=1.902461
main interval: 0.2 0.2 0.5 loss=1.874714
main interval: 0.2 0.2 0.7 loss=1.877996
main interval: 0.33 0.33 0.5 loss=1.928608
main interval: 0.33 0.2 0.5 loss=1.887302
main interval: 0.33 0.12 0.5 loss=1.881236
main interval: 0.2 0.33 0.5 loss=1.920972
main interval: 0.2 0.12 0.5 loss=1.872190
main interval: 0.12 0.33 0.5 loss=1.892017
main interval: 0.12 0.2 0.5 loss=1.889064
main interval: 0.12 0.12 0.5 loss=1.897923
main interval: 0.2 0.2 0.4 loss=1.881323
main interval: 0.33 0.072 0.5 loss=1.897191
main interval: 0.2 0.072 0.5 loss=1.891065
main interval: 0.12 0.072 0.5 loss=1.914069
main interval: 0.2 0.12 0.4 loss=1.867902
main interval: 0.33 0.2 0.4 loss=1.889743
main interval: 0.33 0.12 0.4 loss=1.877018
main interval: 0.33 0.072 0.4 loss=1.890422
main interval: 0.2 0.072 0.4 loss=1.884204
main interval: 0.12 0.2 0.4 loss=1.889157
main interval: 0.12 0.12 0.4 loss=1.894225
main interval: 0.12 0.072 0.4 loss=1.909469
main interval: 0.2 0.12 0.3 loss=1.868304
best_muon_lr=[0.2,0.12] best_muon_momentum=0.4 interval_loss=1.867902 final_loss=1.867902 evaluated_interval_configs=32 evaluated_configs=32
train_loss run=41 step=1/30 loss=2.2522 head_lr=1072 muon_lr=0.2 muon_momentum=0.4 muon_nesterov=False muon_grad_momentum_norm_ratio=1
train_loss run=41 step=2/30 loss=2.2343 head_lr=1072 muon_lr=0.17 muon_momentum=0.4 muon_nesterov=False muon_grad_momentum_norm_ratio=0.718714
train_loss run=41 step=3/30 loss=2.0236 head_lr=1072 muon_lr=0.15 muon_momentum=0.4 muon_nesterov=False muon_grad_momentum_norm_ratio=0.718575
train_loss run=41 step=4/30 loss=1.8679 head_lr=1072 muon_lr=0.12 muon_momentum=0.4 muon_nesterov=False muon_grad_momentum_norm_ratio=0.610253
main interval: 0.12 0.12 0.4 loss=1.562488
main interval: 0.2 0.2 0.4 loss=1.715199
main interval: 0.2 0.12 0.4 loss=1.498880
main interval: 0.2 0.072 0.4 loss=1.457052
main interval: 0.12 0.2 0.4 loss=1.618977
main interval: 0.12 0.072 0.4 loss=1.461461
main interval: 0.072 0.2 0.4 loss=1.658866
main interval: 0.072 0.12 0.4 loss=1.537190
main interval: 0.072 0.072 0.4 loss=1.499034
main interval: 0.12 0.12 0.3 loss=1.499856
main interval: 0.12 0.12 0.5 loss=1.518204
main interval: 0.33 0.12 0.4 loss=1.547579
main interval: 0.33 0.072 0.4 loss=1.477375
main interval: 0.33 0.043 0.4 loss=1.468809
main interval: 0.2 0.043 0.4 loss=1.424212
main interval: 0.12 0.043 0.4 loss=1.390605
main interval: 0.2 0.072 0.3 loss=1.453580
main interval: 0.2 0.072 0.5 loss=1.441426
main interval: 0.2 0.026 0.4 loss=1.410880
main interval: 0.12 0.026 0.4 loss=1.393327
main interval: 0.072 0.043 0.4 loss=1.412349
main interval: 0.072 0.026 0.4 loss=1.400133
main interval: 0.12 0.043 0.3 loss=1.402711
main interval: 0.12 0.043 0.5 loss=1.410452
best_muon_lr=[0.12,0.043] best_muon_momentum=0.4 interval_loss=1.390605 final_loss=1.390605 evaluated_interval_configs=24 evaluated_configs=24
train_loss run=41 step=5/30 loss=1.7703 head_lr=1072 muon_lr=0.12 muon_momentum=0.4 muon_nesterov=False muon_grad_momentum_norm_ratio=0.590922
train_loss run=41 step=6/30 loss=1.5721 head_lr=1072 muon_lr=0.094 muon_momentum=0.4 muon_nesterov=False muon_grad_momentum_norm_ratio=0.799742
train_loss run=41 step=7/30 loss=1.4689 head_lr=1072 muon_lr=0.069 muon_momentum=0.4 muon_nesterov=False muon_grad_momentum_norm_ratio=0.668737
train_loss run=41 step=8/30 loss=1.3906 head_lr=1072 muon_lr=0.043 muon_momentum=0.4 muon_nesterov=False muon_grad_momentum_norm_ratio=0.777278
main interval: 0.043 0.043 0.4 loss=1.204913
main interval: 0.072 0.072 0.4 loss=1.243701
main interval: 0.072 0.043 0.4 loss=1.176940
main interval: 0.072 0.026 0.4 loss=1.153589
main interval: 0.043 0.072 0.4 loss=1.288200
main interval: 0.043 0.026 0.4 loss=1.165582
main interval: 0.026 0.072 0.4 loss=1.294184
main interval: 0.026 0.043 0.4 loss=1.204125
main interval: 0.026 0.026 0.4 loss=1.187789
main interval: 0.043 0.043 0.3 loss=1.201712
main interval: 0.043 0.043 0.5 loss=1.169961
main interval: 0.12 0.043 0.4 loss=1.168301
main interval: 0.12 0.026 0.4 loss=1.189835
main interval: 0.12 0.016 0.4 loss=1.183224
main interval: 0.072 0.016 0.4 loss=1.170385
main interval: 0.043 0.016 0.4 loss=1.166033
main interval: 0.072 0.026 0.3 loss=1.157808
main interval: 0.072 0.026 0.5 loss=1.147456
main interval: 0.12 0.043 0.5 loss=1.153856
main interval: 0.12 0.026 0.5 loss=1.176017
main interval: 0.12 0.016 0.5 loss=1.168240
main interval: 0.072 0.043 0.5 loss=1.152842
main interval: 0.072 0.016 0.5 loss=1.145681
main interval: 0.043 0.026 0.5 loss=1.147491
main interval: 0.043 0.016 0.5 loss=1.143753
main interval: 0.072 0.026 0.6 loss=1.130701
main interval: 0.12 0.043 0.6 loss=1.134681
main interval: 0.12 0.026 0.6 loss=1.174012
main interval: 0.12 0.016 0.6 loss=1.152171
main interval: 0.072 0.043 0.6 loss=1.133085
main interval: 0.072 0.016 0.6 loss=1.128371
main interval: 0.043 0.043 0.6 loss=1.143641
main interval: 0.043 0.026 0.6 loss=1.117214
main interval: 0.043 0.016 0.6 loss=1.136659
main interval: 0.072 0.026 0.7 loss=1.075981
main interval: 0.12 0.043 0.7 loss=1.137741
main interval: 0.12 0.026 0.7 loss=1.112925
main interval: 0.12 0.016 0.7 loss=1.112475
main interval: 0.072 0.043 0.7 loss=1.065058
main interval: 0.072 0.016 0.7 loss=1.108840
main interval: 0.043 0.043 0.7 loss=1.090921
main interval: 0.043 0.026 0.7 loss=1.103910
main interval: 0.043 0.016 0.7 loss=1.110995
main interval: 0.072 0.026 0.8 loss=1.060011
main interval: 0.12 0.043 0.8 loss=1.074498
main interval: 0.12 0.026 0.8 loss=1.080552
main interval: 0.12 0.016 0.8 loss=1.070347
main interval: 0.072 0.043 0.8 loss=1.028927
main interval: 0.072 0.016 0.8 loss=1.050657
main interval: 0.043 0.043 0.8 loss=1.057325
main interval: 0.043 0.026 0.8 loss=1.076280
main interval: 0.043 0.016 0.8 loss=1.090096
main interval: 0.072 0.026 0.9 loss=1.027611
main interval: 0.12 0.043 0.9 loss=1.011338
main interval: 0.12 0.026 0.9 loss=1.041860
main interval: 0.12 0.016 0.9 loss=1.034556
main interval: 0.072 0.043 0.9 loss=1.010278
main interval: 0.072 0.016 0.9 loss=1.034022
main interval: 0.043 0.043 0.9 loss=1.032490
main interval: 0.043 0.026 0.9 loss=1.060934
main interval: 0.043 0.016 0.9 loss=1.082350
main interval: 0.072 0.026 0.95 loss=1.018888
main interval: 0.12 0.072 0.9 loss=1.034961
main interval: 0.072 0.072 0.9 loss=0.999941
main interval: 0.043 0.072 0.9 loss=1.006144
main interval: 0.072 0.043 0.95 loss=0.988738
main interval: 0.12 0.072 0.95 loss=0.985107
main interval: 0.12 0.043 0.95 loss=0.972377
main interval: 0.12 0.026 0.95 loss=0.961346
main interval: 0.072 0.072 0.95 loss=0.962885
main interval: 0.043 0.072 0.95 loss=0.995150
main interval: 0.043 0.043 0.95 loss=1.020312
main interval: 0.043 0.026 0.95 loss=1.052060
main interval: 0.072 0.043 0.99 loss=1.005622
main interval: 0.2 0.043 0.95 loss=1.020223
main interval: 0.2 0.026 0.95 loss=1.020398
main interval: 0.2 0.016 0.95 loss=0.960990
main interval: 0.12 0.016 0.95 loss=0.987816
main interval: 0.072 0.016 0.95 loss=1.025477
main interval: 0.12 0.026 0.99 loss=0.952811
main interval: 0.2 0.043 0.99 loss=0.945207
main interval: 0.2 0.026 0.99 loss=0.949782
main interval: 0.2 0.016 0.99 loss=0.941863
main interval: 0.12 0.043 0.99 loss=0.945046
main interval: 0.12 0.016 0.99 loss=0.945116
main interval: 0.072 0.026 0.99 loss=0.993635
main interval: 0.072 0.016 0.99 loss=1.003568
main interval: 0.33 0.026 0.99 loss=1.050719
main interval: 0.33 0.016 0.99 loss=1.015961
main interval: 0.33 0.0093 0.99 loss=0.941683
main interval: 0.2 0.0093 0.99 loss=0.942632
main interval: 0.12 0.0093 0.99 loss=0.969605
main interval: 0.56 0.016 0.99 loss=1.050136
main interval: 0.56 0.0093 0.99 loss=0.997086
main interval: 0.56 0.0056 0.99 loss=0.942756
main interval: 0.33 0.0056 0.99 loss=0.933426
main interval: 0.2 0.0056 0.99 loss=0.934898
main interval: 0.33 0.0093 0.95 loss=0.907993
main interval: 0.56 0.016 0.95 loss=0.927426
main interval: 0.56 0.0093 0.95 loss=0.944717
main interval: 0.56 0.0056 0.95 loss=0.939824
main interval: 0.33 0.016 0.95 loss=0.942939
main interval: 0.33 0.0056 0.95 loss=0.925151
main interval: 0.2 0.0093 0.95 loss=0.954342
main interval: 0.2 0.0056 0.95 loss=0.933801
main interval: 0.33 0.0093 0.9 loss=0.947271
best_muon_lr=[0.33,0.0093] best_muon_momentum=0.95 interval_loss=0.907993 final_loss=0.907993 evaluated_interval_configs=106 evaluated_configs=106
train_loss run=41 step=9/30 loss=1.1063 head_lr=1072 muon_lr=0.33 muon_momentum=0.95 muon_nesterov=False muon_grad_momentum_norm_ratio=0.0894552
train_loss run=41 step=10/30 loss=0.9547 head_lr=1072 muon_lr=0.22 muon_momentum=0.95 muon_nesterov=False muon_grad_momentum_norm_ratio=0.135553
train_loss run=41 step=11/30 loss=0.9121 head_lr=1072 muon_lr=0.12 muon_momentum=0.95 muon_nesterov=False muon_grad_momentum_norm_ratio=0.0705542
train_loss run=41 step=12/30 loss=0.9080 head_lr=1072 muon_lr=0.0093 muon_momentum=0.95 muon_nesterov=False muon_grad_momentum_norm_ratio=0.0320033
main interval: 0.0093 0.0093 0.95 loss=0.907095
main interval: 0.016 0.016 0.95 loss=0.894024
main interval: 0.016 0.0093 0.95 loss=0.890229
main interval: 0.016 0.0056 0.95 loss=0.888804
main interval: 0.0093 0.016 0.95 loss=0.888369
main interval: 0.0093 0.0056 0.95 loss=0.888161
main interval: 0.0056 0.016 0.95 loss=0.888807
main interval: 0.0056 0.0093 0.95 loss=0.887446
main interval: 0.0056 0.0056 0.95 loss=0.888402
main interval: 0.0093 0.0093 0.9 loss=0.887750
main interval: 0.0093 0.0093 0.99 loss=0.886344
main interval: 0.016 0.016 0.99 loss=0.895875
main interval: 0.016 0.0093 0.99 loss=0.884583
main interval: 0.016 0.0056 0.99 loss=0.882957
main interval: 0.0093 0.016 0.99 loss=0.885775
main interval: 0.0093 0.0056 0.99 loss=0.884089
main interval: 0.0056 0.016 0.99 loss=0.886445
main interval: 0.0056 0.0093 0.99 loss=0.885060
main interval: 0.0056 0.0056 0.99 loss=0.886729
main interval: 0.026 0.0093 0.99 loss=0.901128
main interval: 0.026 0.0056 0.99 loss=0.885998
main interval: 0.026 0.0034 0.99 loss=0.883149
main interval: 0.016 0.0034 0.99 loss=0.881220
main interval: 0.0093 0.0034 0.99 loss=0.884750
main interval: 0.026 0.002 0.99 loss=0.884574
main interval: 0.016 0.002 0.99 loss=0.881625
main interval: 0.0093 0.002 0.99 loss=0.885792
main interval: 0.016 0.0034 0.95 loss=0.882674
best_muon_lr=[0.016,0.0034] best_muon_momentum=0.99 interval_loss=0.881220 final_loss=0.881220 evaluated_interval_configs=28 evaluated_configs=28
train_loss run=41 step=13/30 loss=0.8916 head_lr=1072 muon_lr=0.016 muon_momentum=0.99 muon_nesterov=False muon_grad_momentum_norm_ratio=0.057448
train_loss run=41 step=14/30 loss=0.8844 head_lr=1072 muon_lr=0.012 muon_momentum=0.99 muon_nesterov=False muon_grad_momentum_norm_ratio=0.0327092
train_loss run=41 step=15/30 loss=0.8819 head_lr=1072 muon_lr=0.0076 muon_momentum=0.99 muon_nesterov=False muon_grad_momentum_norm_ratio=0.016201
train_loss run=41 step=16/30 loss=0.8812 head_lr=1072 muon_lr=0.0034 muon_momentum=0.99 muon_nesterov=False muon_grad_momentum_norm_ratio=0.0149818
main interval: 0.0034 0.0034 0.99 loss=0.880244
main interval: 0.0056 0.0056 0.99 loss=0.880271
main interval: 0.0056 0.0034 0.99 loss=0.879058
main interval: 0.0056 0.002 0.99 loss=0.878614
main interval: 0.0034 0.0056 0.99 loss=0.878134
main interval: 0.0034 0.002 0.99 loss=0.878445
main interval: 0.002 0.0056 0.99 loss=0.877812
main interval: 0.002 0.0034 0.99 loss=0.878175
main interval: 0.002 0.002 0.99 loss=0.878546
main interval: 0.0034 0.0034 0.95 loss=0.877651
main interval: 0.0056 0.0056 0.95 loss=0.876947
main interval: 0.0056 0.0034 0.95 loss=0.876907
main interval: 0.0056 0.002 0.95 loss=0.877070
main interval: 0.0034 0.0056 0.95 loss=0.876726
main interval: 0.0034 0.002 0.95 loss=0.877631
main interval: 0.002 0.0056 0.95 loss=0.877067
main interval: 0.002 0.0034 0.95 loss=0.877648
main interval: 0.002 0.002 0.95 loss=0.878166
main interval: 0.0034 0.0034 0.9 loss=0.877320
main interval: 0.0056 0.0093 0.95 loss=0.876775
main interval: 0.0034 0.0093 0.95 loss=0.875965
main interval: 0.002 0.0093 0.95 loss=0.876276
main interval: 0.0034 0.0056 0.9 loss=0.876525
main interval: 0.0056 0.016 0.95 loss=0.876448
main interval: 0.0034 0.016 0.95 loss=0.875149
main interval: 0.002 0.016 0.95 loss=0.875503
main interval: 0.0034 0.0093 0.9 loss=0.875581
main interval: 0.0034 0.0093 0.99 loss=0.875765
main interval: 0.0056 0.026 0.95 loss=0.877400
main interval: 0.0034 0.026 0.95 loss=0.875447
main interval: 0.002 0.026 0.95 loss=0.875369
main interval: 0.0034 0.016 0.9 loss=0.874490
main interval: 0.0034 0.016 0.99 loss=0.874887
main interval: 0.0056 0.026 0.9 loss=0.875421
main interval: 0.0056 0.016 0.9 loss=0.873815
main interval: 0.0056 0.0093 0.9 loss=0.874573
main interval: 0.0034 0.026 0.9 loss=0.874784
main interval: 0.002 0.026 0.9 loss=0.874450
main interval: 0.002 0.016 0.9 loss=0.874573
main interval: 0.002 0.0093 0.9 loss=0.875841
main interval: 0.0034 0.016 0.8 loss=0.874525
main interval: 0.0093 0.026 0.9 loss=0.874487
main interval: 0.0093 0.016 0.9 loss=0.872903
main interval: 0.0093 0.0093 0.9 loss=0.873559
main interval: 0.0056 0.016 0.8 loss=0.873840
main interval: 0.016 0.026 0.9 loss=0.879097
main interval: 0.016 0.016 0.9 loss=0.873009
main interval: 0.016 0.0093 0.9 loss=0.873338
main interval: 0.0093 0.016 0.8 loss=0.872767
main interval: 0.0093 0.016 0.95 loss=0.872838
main interval: 0.016 0.026 0.8 loss=0.881307
main interval: 0.016 0.016 0.8 loss=0.873298
main interval: 0.016 0.0093 0.8 loss=0.873644
main interval: 0.0093 0.026 0.8 loss=0.880136
main interval: 0.0093 0.0093 0.8 loss=0.874722
main interval: 0.0056 0.026 0.8 loss=0.878662
main interval: 0.0056 0.0093 0.8 loss=0.874647
main interval: 0.0093 0.016 0.7 loss=0.876698
best_muon_lr=[0.0093,0.016] best_muon_momentum=0.8 interval_loss=0.872767 final_loss=0.872767 evaluated_interval_configs=58 evaluated_configs=58
train_loss run=41 step=17/30 loss=0.8785 head_lr=1072 muon_lr=0.0093 muon_momentum=0.8 muon_nesterov=False muon_grad_momentum_norm_ratio=0.303292
train_loss run=41 step=18/30 loss=0.8758 head_lr=1072 muon_lr=0.012 muon_momentum=0.8 muon_nesterov=False muon_grad_momentum_norm_ratio=0.317
train_loss run=41 step=19/30 loss=0.8740 head_lr=1072 muon_lr=0.014 muon_momentum=0.8 muon_nesterov=False muon_grad_momentum_norm_ratio=0.250469
train_loss run=41 step=20/30 loss=0.8728 head_lr=1072 muon_lr=0.016 muon_momentum=0.8 muon_nesterov=False muon_grad_momentum_norm_ratio=0.351217
main interval: 0.016 0.016 0.8 loss=0.874382
main interval: 0.026 0.026 0.8 loss=0.874958
main interval: 0.026 0.016 0.8 loss=0.878858
main interval: 0.026 0.0093 0.8 loss=0.876665
main interval: 0.016 0.026 0.8 loss=0.879751
main interval: 0.016 0.0093 0.8 loss=0.871770
main interval: 0.0093 0.026 0.8 loss=0.883937
main interval: 0.0093 0.016 0.8 loss=0.873557
main interval: 0.0093 0.0093 0.8 loss=0.870745
main interval: 0.016 0.016 0.7 loss=0.871441
main interval: 0.016 0.016 0.9 loss=0.876259
main interval: 0.016 0.0056 0.8 loss=0.871032
main interval: 0.0093 0.0056 0.8 loss=0.870302
main interval: 0.0056 0.016 0.8 loss=0.874372
main interval: 0.0056 0.0093 0.8 loss=0.871370
main interval: 0.0056 0.0056 0.8 loss=0.870371
main interval: 0.0093 0.0093 0.7 loss=0.871691
main interval: 0.0093 0.0093 0.9 loss=0.870688
main interval: 0.016 0.0034 0.8 loss=0.871441
main interval: 0.0093 0.0034 0.8 loss=0.870673
main interval: 0.0056 0.0034 0.8 loss=0.870649
main interval: 0.0093 0.0056 0.7 loss=0.870361
main interval: 0.0093 0.0056 0.9 loss=0.870301
main interval: 0.016 0.0093 0.9 loss=0.870418
main interval: 0.016 0.0056 0.9 loss=0.872600
main interval: 0.016 0.0034 0.9 loss=0.870620
main interval: 0.0093 0.0034 0.9 loss=0.870157
main interval: 0.0056 0.0093 0.9 loss=0.870207
main interval: 0.0056 0.0056 0.9 loss=0.870226
main interval: 0.0056 0.0034 0.9 loss=0.870456
main interval: 0.0093 0.0056 0.95 loss=0.870108
main interval: 0.016 0.0093 0.95 loss=0.869559
main interval: 0.016 0.0056 0.95 loss=0.869675
main interval: 0.016 0.0034 0.95 loss=0.870222
main interval: 0.0093 0.0093 0.95 loss=0.869636
main interval: 0.0093 0.0034 0.95 loss=0.869895
main interval: 0.0056 0.0093 0.95 loss=0.869881
main interval: 0.0056 0.0056 0.95 loss=0.870263
main interval: 0.0056 0.0034 0.95 loss=0.870510
main interval: 0.0093 0.0056 0.99 loss=0.870147
main interval: 0.026 0.016 0.95 loss=0.870810
main interval: 0.026 0.0093 0.95 loss=0.869705
main interval: 0.026 0.0056 0.95 loss=0.873259
main interval: 0.016 0.016 0.95 loss=0.869437
main interval: 0.0093 0.016 0.95 loss=0.869501
main interval: 0.016 0.0093 0.99 loss=0.869132
main interval: 0.026 0.016 0.99 loss=0.869786
main interval: 0.026 0.0093 0.99 loss=0.871110
main interval: 0.026 0.0056 0.99 loss=0.869197
main interval: 0.016 0.016 0.99 loss=0.868864
main interval: 0.016 0.0056 0.99 loss=0.869124
main interval: 0.0093 0.016 0.99 loss=0.868991
main interval: 0.0093 0.0093 0.99 loss=0.869511
main interval: 0.026 0.026 0.99 loss=0.871010
main interval: 0.016 0.026 0.99 loss=0.869132
main interval: 0.0093 0.026 0.99 loss=0.868863
main interval: 0.016 0.043 0.99 loss=0.871671
main interval: 0.0093 0.043 0.99 loss=0.870912
main interval: 0.0056 0.043 0.99 loss=0.870375
main interval: 0.0056 0.026 0.99 loss=0.869030
main interval: 0.0056 0.016 0.99 loss=0.869543
main interval: 0.0093 0.026 0.95 loss=0.869740
best_muon_lr=[0.0093,0.026] best_muon_momentum=0.99 interval_loss=0.868863 final_loss=0.868863 evaluated_interval_configs=62 evaluated_configs=62
train_loss run=41 step=21/30 loss=0.8713 head_lr=1072 muon_lr=0.0093 muon_momentum=0.99 muon_nesterov=False muon_grad_momentum_norm_ratio=0.177333
train_loss run=41 step=22/30 loss=0.8701 head_lr=1072 muon_lr=0.015 muon_momentum=0.99 muon_nesterov=False muon_grad_momentum_norm_ratio=0.101293
train_loss run=41 step=23/30 loss=0.8694 head_lr=1072 muon_lr=0.02 muon_momentum=0.99 muon_nesterov=False muon_grad_momentum_norm_ratio=0.118022
train_loss run=41 step=24/30 loss=0.8689 head_lr=1072 muon_lr=0.026 muon_momentum=0.99 muon_nesterov=False muon_grad_momentum_norm_ratio=0.150568
main interval: 0.026 0.026 0.99 loss=0.871458
main interval: 0.043 0.043 0.99 loss=0.877409
main interval: 0.043 0.026 0.99 loss=0.871878
main interval: 0.043 0.016 0.99 loss=0.872451
main interval: 0.026 0.043 0.99 loss=0.871907
main interval: 0.026 0.016 0.99 loss=0.868736
main interval: 0.016 0.043 0.99 loss=0.870025
main interval: 0.016 0.026 0.99 loss=0.868681
main interval: 0.016 0.016 0.99 loss=0.868017
main interval: 0.026 0.026 0.95 loss=0.868995
main interval: 0.026 0.0093 0.99 loss=0.867844
main interval: 0.016 0.0093 0.99 loss=0.867703
main interval: 0.0093 0.026 0.99 loss=0.868756
main interval: 0.0093 0.016 0.99 loss=0.868136
main interval: 0.0093 0.0093 0.99 loss=0.867842
main interval: 0.016 0.016 0.95 loss=0.868981
main interval: 0.026 0.0056 0.99 loss=0.868053
main interval: 0.016 0.0056 0.99 loss=0.867547
main interval: 0.0093 0.0056 0.99 loss=0.867527
main interval: 0.016 0.0093 0.95 loss=0.868354
main interval: 0.016 0.0034 0.99 loss=0.867517
main interval: 0.0093 0.0034 0.99 loss=0.867607
main interval: 0.0056 0.0093 0.99 loss=0.867957
main interval: 0.0056 0.0056 0.99 loss=0.867869
main interval: 0.0056 0.0034 0.99 loss=0.867806
main interval: 0.0093 0.0056 0.95 loss=0.868563
main interval: 0.026 0.0034 0.99 loss=0.870365
main interval: 0.026 0.002 0.99 loss=0.867968
main interval: 0.016 0.002 0.99 loss=0.867758
main interval: 0.0093 0.002 0.99 loss=0.867514
main interval: 0.016 0.0034 0.95 loss=0.868075
main interval: 0.016 0.0012 0.99 loss=0.867553
main interval: 0.0093 0.0012 0.99 loss=0.867674
main interval: 0.0056 0.002 0.99 loss=0.867681
main interval: 0.0056 0.0012 0.99 loss=0.867821
main interval: 0.0093 0.002 0.95 loss=0.868098
best_muon_lr=[0.0093,0.002] best_muon_momentum=0.99 interval_loss=0.867514 final_loss=0.867514 evaluated_interval_configs=36 evaluated_configs=36
train_loss run=41 step=25/30 loss=0.8680 head_lr=1072 muon_lr=0.0093 muon_momentum=0.99 muon_nesterov=False muon_grad_momentum_norm_ratio=0.179291
train_loss run=41 step=26/30 loss=0.8677 head_lr=1072 muon_lr=0.0069 muon_momentum=0.99 muon_nesterov=False muon_grad_momentum_norm_ratio=0.129733
train_loss run=41 step=27/30 loss=0.8676 head_lr=1072 muon_lr=0.0044 muon_momentum=0.99 muon_nesterov=False muon_grad_momentum_norm_ratio=0.0919374
train_loss run=41 step=28/30 loss=0.8675 head_lr=1072 muon_lr=0.002 muon_momentum=0.99 muon_nesterov=False muon_grad_momentum_norm_ratio=0.0800494
main interval: 0.002 0.002 0.99 loss=0.867451
main interval: 0.0034 0.0034 0.99 loss=0.867460
main interval: 0.0034 0.002 0.99 loss=0.867438
main interval: 0.0034 0.0012 0.99 loss=0.867428
main interval: 0.002 0.0034 0.99 loss=0.867461
main interval: 0.002 0.0012 0.99 loss=0.867421
main interval: 0.0012 0.0034 0.99 loss=0.867477
main interval: 0.0012 0.002 0.99 loss=0.867437
main interval: 0.0012 0.0012 0.99 loss=0.867426
main interval: 0.002 0.002 0.95 loss=0.867486
main interval: 0.0034 0.00073 0.99 loss=0.867487
main interval: 0.002 0.00073 0.99 loss=0.867421
main interval: 0.0012 0.00073 0.99 loss=0.867418
main interval: 0.002 0.0012 0.95 loss=0.867444
main interval: 0.002 0.00044 0.99 loss=0.867421
main interval: 0.0012 0.00044 0.99 loss=0.867420
main interval: 0.00073 0.0012 0.99 loss=0.867422
main interval: 0.00073 0.00073 0.99 loss=0.867426
main interval: 0.00073 0.00044 0.99 loss=0.867432
main interval: 0.0012 0.00073 0.95 loss=0.867429
best_muon_lr=[0.0012,0.00073] best_muon_momentum=0.99 interval_loss=0.867418 final_loss=0.867418 evaluated_interval_configs=20 evaluated_configs=20
train_loss run=41 step=29/30 loss=0.8674 head_lr=1072 muon_lr=0.0012 muon_momentum=0.99 muon_nesterov=False muon_grad_momentum_norm_ratio=0.0658773
train_loss run=41 step=30/30 loss=0.8674 head_lr=1072 muon_lr=0.00073 muon_momentum=0.99 muon_nesterov=False muon_grad_momentum_norm_ratio=0.0213588
Batch size:          10000
N steps:             4
M cooldown steps:    0
Interval scheduler:  linear
LR connectedness:    jump_allowed
Muon orthogonalize:  True
Momentum config:     search_momentum_fixed_nesterov_false
Search momentum:     True
Muon nesterov:       False
Initial Muon lr:     0.2
Initial Muon lr k:   0
Initial Muon mom:    0.6
Initial Muon mom i:  6
Final start lr:      0.0012
Final start lr k:    10
Final Muon lr:       0.00073
Final Muon lr k:     11
Final end lr:        0.00073
Final end lr k:      11
Final Muon momentum: 0.99
Final Muon nesterov: False
Final Muon mom i:    11
SGD lr mult:         0.8
Initial train loss:  2.314071
Final train loss:    0.867418
Run seconds:         369.400
cifar_baseline2_overfit_n_search run=42 batch_size=10000 train_steps=30 N=4 M=0 interval_scheduler=linear lr_connectedness=continuous_double muon_orthogonalize=True momentum_config=search_momentum_fixed_nesterov_false search_momentum=True muon_nesterov=False initial_muon_lr=0.2 initial_muon_lr_k=0 initial_muon_momentum=0.6 initial_muon_momentum_index=6
train_loss run=42 step=0/30 loss=2.3141 head_lr=1072 muon_lr=0.2 muon_momentum=0.6 muon_nesterov=False muon_grad_momentum_norm_ratio=none
main interval: 0.2 0.2 0.6 loss=1.875396
main interval: 0.33 0.33 0.6 loss=1.920021
main interval: 0.33 0.2 0.6 loss=1.887915
main interval: 0.33 0.12 0.6 loss=1.887515
main interval: 0.2 0.33 0.6 loss=1.909640
main interval: 0.2 0.12 0.6 loss=1.878906
main interval: 0.12 0.33 0.6 loss=1.888903
main interval: 0.12 0.2 0.6 loss=1.892366
main interval: 0.12 0.12 0.6 loss=1.902461
main interval: 0.2 0.2 0.5 loss=1.874714
main interval: 0.2 0.2 0.7 loss=1.877996
main interval: 0.33 0.33 0.5 loss=1.928608
main interval: 0.33 0.2 0.5 loss=1.887302
main interval: 0.33 0.12 0.5 loss=1.881236
main interval: 0.2 0.33 0.5 loss=1.920972
main interval: 0.2 0.12 0.5 loss=1.872190
main interval: 0.12 0.33 0.5 loss=1.892017
main interval: 0.12 0.2 0.5 loss=1.889064
main interval: 0.12 0.12 0.5 loss=1.897923
main interval: 0.2 0.2 0.4 loss=1.881323
main interval: 0.33 0.072 0.5 loss=1.897191
main interval: 0.2 0.072 0.5 loss=1.891065
main interval: 0.12 0.072 0.5 loss=1.914069
main interval: 0.2 0.12 0.4 loss=1.867902
main interval: 0.33 0.2 0.4 loss=1.889743
main interval: 0.33 0.12 0.4 loss=1.877018
main interval: 0.33 0.072 0.4 loss=1.890422
main interval: 0.2 0.072 0.4 loss=1.884204
main interval: 0.12 0.2 0.4 loss=1.889157
main interval: 0.12 0.12 0.4 loss=1.894225
main interval: 0.12 0.072 0.4 loss=1.909469
main interval: 0.2 0.12 0.3 loss=1.868304
best_muon_lr=[0.2,0.12] best_muon_momentum=0.4 interval_loss=1.867902 final_loss=1.867902 evaluated_interval_configs=32 evaluated_configs=32
train_loss run=42 step=1/30 loss=2.2522 head_lr=1072 muon_lr=0.2 muon_momentum=0.4 muon_nesterov=False muon_grad_momentum_norm_ratio=1
train_loss run=42 step=2/30 loss=2.2343 head_lr=1072 muon_lr=0.17 muon_momentum=0.4 muon_nesterov=False muon_grad_momentum_norm_ratio=0.718714
train_loss run=42 step=3/30 loss=2.0236 head_lr=1072 muon_lr=0.15 muon_momentum=0.4 muon_nesterov=False muon_grad_momentum_norm_ratio=0.718575
train_loss run=42 step=4/30 loss=1.8679 head_lr=1072 muon_lr=0.12 muon_momentum=0.4 muon_nesterov=False muon_grad_momentum_norm_ratio=0.610253
main interval: 0.12 0.12 0.4 loss=1.562488
main interval: 0.12 0.2 0.4 loss=1.707658
main interval: 0.12 0.072 0.4 loss=1.445214
main interval: 0.12 0.12 0.3 loss=1.530612
main interval: 0.12 0.12 0.5 loss=1.528189
main interval: 0.12 0.043 0.4 loss=1.391740
main interval: 0.12 0.072 0.3 loss=1.450582
main interval: 0.12 0.072 0.5 loss=1.483687
main interval: 0.12 0.026 0.4 loss=1.390978
main interval: 0.12 0.043 0.3 loss=1.401093
main interval: 0.12 0.043 0.5 loss=1.393400
main interval: 0.12 0.016 0.4 loss=1.397807
main interval: 0.12 0.026 0.3 loss=1.378250
main interval: 0.12 0.026 0.5 loss=1.372836
main interval: 0.12 0.016 0.5 loss=1.373451
main interval: 0.12 0.026 0.6 loss=1.329343
main interval: 0.12 0.043 0.6 loss=1.302562
main interval: 0.12 0.016 0.6 loss=1.345080
main interval: 0.12 0.026 0.7 loss=1.309663
main interval: 0.12 0.072 0.6 loss=1.331545
main interval: 0.12 0.043 0.7 loss=1.321342
best_muon_lr=[0.12,0.043] best_muon_momentum=0.6 interval_loss=1.302562 final_loss=1.302562 evaluated_interval_configs=21 evaluated_configs=21
train_loss run=42 step=5/30 loss=1.7062 head_lr=1072 muon_lr=0.12 muon_momentum=0.6 muon_nesterov=False muon_grad_momentum_norm_ratio=0.477676
train_loss run=42 step=6/30 loss=1.5239 head_lr=1072 muon_lr=0.094 muon_momentum=0.6 muon_nesterov=False muon_grad_momentum_norm_ratio=0.669379
train_loss run=42 step=7/30 loss=1.4106 head_lr=1072 muon_lr=0.069 muon_momentum=0.6 muon_nesterov=False muon_grad_momentum_norm_ratio=0.69362
train_loss run=42 step=8/30 loss=1.3026 head_lr=1072 muon_lr=0.043 muon_momentum=0.6 muon_nesterov=False muon_grad_momentum_norm_ratio=0.658072
main interval: 0.043 0.043 0.6 loss=1.168835
main interval: 0.043 0.072 0.6 loss=1.174790
main interval: 0.043 0.026 0.6 loss=1.073088
main interval: 0.043 0.043 0.5 loss=1.114389
main interval: 0.043 0.043 0.7 loss=1.088030
main interval: 0.043 0.016 0.6 loss=1.061041
main interval: 0.043 0.026 0.5 loss=1.091888
main interval: 0.043 0.026 0.7 loss=1.054118
main interval: 0.043 0.016 0.7 loss=1.048978
main interval: 0.043 0.026 0.8 loss=1.018618
main interval: 0.043 0.043 0.8 loss=1.060982
main interval: 0.043 0.016 0.8 loss=1.045057
main interval: 0.043 0.026 0.9 loss=1.010814
main interval: 0.043 0.043 0.9 loss=0.994412
main interval: 0.043 0.016 0.9 loss=1.013684
main interval: 0.043 0.026 0.95 loss=0.996815
main interval: 0.043 0.072 0.9 loss=1.006897
main interval: 0.043 0.043 0.95 loss=0.976278
main interval: 0.043 0.072 0.95 loss=1.000845
main interval: 0.043 0.043 0.99 loss=0.971454
main interval: 0.043 0.072 0.99 loss=0.998591
main interval: 0.043 0.026 0.99 loss=0.990101
best_muon_lr=[0.043,0.043] best_muon_momentum=0.99 interval_loss=0.971454 final_loss=0.971454 evaluated_interval_configs=22 evaluated_configs=22
train_loss run=42 step=9/30 loss=1.2102 head_lr=1072 muon_lr=0.043 muon_momentum=0.99 muon_nesterov=False muon_grad_momentum_norm_ratio=0.219484
train_loss run=42 step=10/30 loss=1.1055 head_lr=1072 muon_lr=0.043 muon_momentum=0.99 muon_nesterov=False muon_grad_momentum_norm_ratio=0.219814
train_loss run=42 step=11/30 loss=1.0214 head_lr=1072 muon_lr=0.043 muon_momentum=0.99 muon_nesterov=False muon_grad_momentum_norm_ratio=0.188079
train_loss run=42 step=12/30 loss=0.9715 head_lr=1072 muon_lr=0.043 muon_momentum=0.99 muon_nesterov=False muon_grad_momentum_norm_ratio=0.133251
main interval: 0.043 0.043 0.99 loss=0.935683
main interval: 0.043 0.072 0.99 loss=0.927722
main interval: 0.043 0.026 0.99 loss=0.899760
main interval: 0.043 0.043 0.95 loss=0.899836
main interval: 0.043 0.016 0.99 loss=0.893696
main interval: 0.043 0.026 0.95 loss=0.892956
main interval: 0.043 0.016 0.95 loss=0.891759
main interval: 0.043 0.026 0.9 loss=0.890767
main interval: 0.043 0.043 0.9 loss=0.903054
main interval: 0.043 0.016 0.9 loss=0.893772
main interval: 0.043 0.026 0.8 loss=0.897595
best_muon_lr=[0.043,0.026] best_muon_momentum=0.9 interval_loss=0.890767 final_loss=0.890767 evaluated_interval_configs=11 evaluated_configs=11
train_loss run=42 step=13/30 loss=0.9206 head_lr=1072 muon_lr=0.043 muon_momentum=0.9 muon_nesterov=False muon_grad_momentum_norm_ratio=0.181422
train_loss run=42 step=14/30 loss=0.9015 head_lr=1072 muon_lr=0.037 muon_momentum=0.9 muon_nesterov=False muon_grad_momentum_norm_ratio=0.140702
train_loss run=42 step=15/30 loss=0.8934 head_lr=1072 muon_lr=0.032 muon_momentum=0.9 muon_nesterov=False muon_grad_momentum_norm_ratio=0.143976
train_loss run=42 step=16/30 loss=0.8908 head_lr=1072 muon_lr=0.026 muon_momentum=0.9 muon_nesterov=False muon_grad_momentum_norm_ratio=0.137024
main interval: 0.026 0.026 0.9 loss=0.889462
main interval: 0.026 0.043 0.9 loss=0.937003
main interval: 0.026 0.016 0.9 loss=0.885305
main interval: 0.026 0.026 0.8 loss=0.889331
main interval: 0.026 0.026 0.95 loss=0.885228
main interval: 0.026 0.043 0.95 loss=0.900785
main interval: 0.026 0.016 0.95 loss=0.878670
main interval: 0.026 0.026 0.99 loss=0.881443
main interval: 0.026 0.0093 0.95 loss=0.878904
main interval: 0.026 0.016 0.99 loss=0.879188
best_muon_lr=[0.026,0.016] best_muon_momentum=0.95 interval_loss=0.878670 final_loss=0.878670 evaluated_interval_configs=10 evaluated_configs=10
train_loss run=42 step=17/30 loss=0.8979 head_lr=1072 muon_lr=0.026 muon_momentum=0.95 muon_nesterov=False muon_grad_momentum_norm_ratio=0.298521
train_loss run=42 step=18/30 loss=0.8839 head_lr=1072 muon_lr=0.023 muon_momentum=0.95 muon_nesterov=False muon_grad_momentum_norm_ratio=0.495906
train_loss run=42 step=19/30 loss=0.8824 head_lr=1072 muon_lr=0.019 muon_momentum=0.95 muon_nesterov=False muon_grad_momentum_norm_ratio=0.338467
train_loss run=42 step=20/30 loss=0.8787 head_lr=1072 muon_lr=0.016 muon_momentum=0.95 muon_nesterov=False muon_grad_momentum_norm_ratio=0.400606
main interval: 0.016 0.016 0.95 loss=0.877115
main interval: 0.016 0.026 0.95 loss=0.877407
main interval: 0.016 0.0093 0.95 loss=0.872449
main interval: 0.016 0.016 0.9 loss=0.873931
main interval: 0.016 0.016 0.99 loss=0.873086
main interval: 0.016 0.0056 0.95 loss=0.872212
main interval: 0.016 0.0093 0.9 loss=0.872063
main interval: 0.016 0.0093 0.99 loss=0.871922
main interval: 0.016 0.0056 0.99 loss=0.871844
main interval: 0.016 0.0034 0.99 loss=0.871526
main interval: 0.016 0.002 0.99 loss=0.871557
main interval: 0.016 0.0034 0.95 loss=0.871720
best_muon_lr=[0.016,0.0034] best_muon_momentum=0.99 interval_loss=0.871526 final_loss=0.871526 evaluated_interval_configs=12 evaluated_configs=12
train_loss run=42 step=21/30 loss=0.8734 head_lr=1072 muon_lr=0.016 muon_momentum=0.99 muon_nesterov=False muon_grad_momentum_norm_ratio=0.363101
train_loss run=42 step=22/30 loss=0.8722 head_lr=1072 muon_lr=0.012 muon_momentum=0.99 muon_nesterov=False muon_grad_momentum_norm_ratio=0.217191
train_loss run=42 step=23/30 loss=0.8719 head_lr=1072 muon_lr=0.0076 muon_momentum=0.99 muon_nesterov=False muon_grad_momentum_norm_ratio=0.193386
train_loss run=42 step=24/30 loss=0.8715 head_lr=1072 muon_lr=0.0034 muon_momentum=0.99 muon_nesterov=False muon_grad_momentum_norm_ratio=0.19767
main interval: 0.0034 0.0034 0.99 loss=0.871199
main interval: 0.0034 0.0056 0.99 loss=0.871041
main interval: 0.0034 0.002 0.99 loss=0.870067
main interval: 0.0034 0.0034 0.95 loss=0.870364
main interval: 0.0034 0.0012 0.99 loss=0.869941
main interval: 0.0034 0.002 0.95 loss=0.870082
main interval: 0.0034 0.00073 0.99 loss=0.869932
main interval: 0.0034 0.0012 0.95 loss=0.869991
main interval: 0.0034 0.00044 0.99 loss=0.869945
main interval: 0.0034 0.00073 0.95 loss=0.869971
best_muon_lr=[0.0034,0.00073] best_muon_momentum=0.99 interval_loss=0.869932 final_loss=0.869932 evaluated_interval_configs=10 evaluated_configs=10
train_loss run=42 step=25/30 loss=0.8705 head_lr=1072 muon_lr=0.0034 muon_momentum=0.99 muon_nesterov=False muon_grad_momentum_norm_ratio=0.149669
train_loss run=42 step=26/30 loss=0.8700 head_lr=1072 muon_lr=0.0025 muon_momentum=0.99 muon_nesterov=False muon_grad_momentum_norm_ratio=0.0640435
train_loss run=42 step=27/30 loss=0.8699 head_lr=1072 muon_lr=0.0016 muon_momentum=0.99 muon_nesterov=False muon_grad_momentum_norm_ratio=0.0290524
train_loss run=42 step=28/30 loss=0.8699 head_lr=1072 muon_lr=0.00073 muon_momentum=0.99 muon_nesterov=False muon_grad_momentum_norm_ratio=0.0497674
main interval: 0.00073 0.00073 0.99 loss=0.869919
main interval: 0.00073 0.0012 0.99 loss=0.869863
main interval: 0.00073 0.00044 0.99 loss=0.869835
main interval: 0.00073 0.00073 0.95 loss=0.869791
main interval: 0.00073 0.0012 0.95 loss=0.869738
main interval: 0.00073 0.00044 0.95 loss=0.869771
main interval: 0.00073 0.00073 0.9 loss=0.869735
main interval: 0.00073 0.0012 0.9 loss=0.869695
main interval: 0.00073 0.00044 0.9 loss=0.869743
main interval: 0.00073 0.00073 0.8 loss=0.869715
main interval: 0.00073 0.002 0.9 loss=0.869697
main interval: 0.00073 0.0012 0.8 loss=0.869697
best_muon_lr=[0.00073,0.0012] best_muon_momentum=0.9 interval_loss=0.869695 final_loss=0.869695 evaluated_interval_configs=12 evaluated_configs=12
train_loss run=42 step=29/30 loss=0.8698 head_lr=1072 muon_lr=0.00073 muon_momentum=0.9 muon_nesterov=False muon_grad_momentum_norm_ratio=0.0980452
train_loss run=42 step=30/30 loss=0.8697 head_lr=1072 muon_lr=0.0012 muon_momentum=0.9 muon_nesterov=False muon_grad_momentum_norm_ratio=0.0654198
Batch size:          10000
N steps:             4
M cooldown steps:    0
Interval scheduler:  linear
LR connectedness:    continuous_double
Muon orthogonalize:  True
Momentum config:     search_momentum_fixed_nesterov_false
Search momentum:     True
Muon nesterov:       False
Initial Muon lr:     0.2
Initial Muon lr k:   0
Initial Muon mom:    0.6
Initial Muon mom i:  6
Final start lr:      0.00073
Final start lr k:    11
Final Muon lr:       0.0012
Final Muon lr k:     10
Final end lr:        0.0012
Final end lr k:      10
Final Muon momentum: 0.9
Final Muon nesterov: False
Final Muon mom i:    9
SGD lr mult:         0.8
Initial train loss:  2.314071
Final train loss:    0.869695
Run seconds:         128.432
cifar_baseline2_overfit_n_search run=43 batch_size=10000 train_steps=30 N=4 M=0 interval_scheduler=linear lr_connectedness=continuous_single muon_orthogonalize=True momentum_config=search_momentum_fixed_nesterov_false search_momentum=True muon_nesterov=False initial_muon_lr=0.2 initial_muon_lr_k=0 initial_muon_momentum=0.6 initial_muon_momentum_index=6
train_loss run=43 step=0/30 loss=2.3141 head_lr=1072 muon_lr=0.2 muon_momentum=0.6 muon_nesterov=False muon_grad_momentum_norm_ratio=none
main interval: 0.2 0.2 0.6 loss=1.875396
main interval: 0.33 0.33 0.6 loss=1.920021
main interval: 0.33 0.2 0.6 loss=1.887915
main interval: 0.33 0.12 0.6 loss=1.887515
main interval: 0.2 0.33 0.6 loss=1.909640
main interval: 0.2 0.12 0.6 loss=1.878906
main interval: 0.12 0.33 0.6 loss=1.888903
main interval: 0.12 0.2 0.6 loss=1.892366
main interval: 0.12 0.12 0.6 loss=1.902461
main interval: 0.2 0.2 0.5 loss=1.874714
main interval: 0.2 0.2 0.7 loss=1.877996
main interval: 0.33 0.33 0.5 loss=1.928608
main interval: 0.33 0.2 0.5 loss=1.887302
main interval: 0.33 0.12 0.5 loss=1.881236
main interval: 0.2 0.33 0.5 loss=1.920972
main interval: 0.2 0.12 0.5 loss=1.872190
main interval: 0.12 0.33 0.5 loss=1.892017
main interval: 0.12 0.2 0.5 loss=1.889064
main interval: 0.12 0.12 0.5 loss=1.897923
main interval: 0.2 0.2 0.4 loss=1.881323
main interval: 0.33 0.072 0.5 loss=1.897191
main interval: 0.2 0.072 0.5 loss=1.891065
main interval: 0.12 0.072 0.5 loss=1.914069
main interval: 0.2 0.12 0.4 loss=1.867902
main interval: 0.33 0.2 0.4 loss=1.889743
main interval: 0.33 0.12 0.4 loss=1.877018
main interval: 0.33 0.072 0.4 loss=1.890422
main interval: 0.2 0.072 0.4 loss=1.884204
main interval: 0.12 0.2 0.4 loss=1.889157
main interval: 0.12 0.12 0.4 loss=1.894225
main interval: 0.12 0.072 0.4 loss=1.909469
main interval: 0.2 0.12 0.3 loss=1.868304
best_muon_lr=[0.2,0.12] best_muon_momentum=0.4 interval_loss=1.867902 final_loss=1.867902 evaluated_interval_configs=32 evaluated_configs=32
train_loss run=43 step=1/30 loss=2.2522 head_lr=1072 muon_lr=0.2 muon_momentum=0.4 muon_nesterov=False muon_grad_momentum_norm_ratio=1
train_loss run=43 step=2/30 loss=2.2343 head_lr=1072 muon_lr=0.17 muon_momentum=0.4 muon_nesterov=False muon_grad_momentum_norm_ratio=0.718714
train_loss run=43 step=3/30 loss=2.0236 head_lr=1072 muon_lr=0.15 muon_momentum=0.4 muon_nesterov=False muon_grad_momentum_norm_ratio=0.718575
train_loss run=43 step=4/30 loss=1.8679 head_lr=1072 muon_lr=0.12 muon_momentum=0.4 muon_nesterov=False muon_grad_momentum_norm_ratio=0.610253
main interval: 0.12 0.12 0.4 loss=1.562488
main interval: 0.12 0.2 0.4 loss=1.718468
main interval: 0.12 0.072 0.4 loss=1.444570
main interval: 0.12 0.12 0.3 loss=1.516175
main interval: 0.12 0.12 0.5 loss=1.508126
main interval: 0.12 0.043 0.4 loss=1.400536
main interval: 0.12 0.072 0.3 loss=1.436376
main interval: 0.12 0.072 0.5 loss=1.400721
main interval: 0.12 0.026 0.4 loss=1.387407
main interval: 0.12 0.043 0.3 loss=1.389517
main interval: 0.12 0.043 0.5 loss=1.382344
main interval: 0.12 0.026 0.5 loss=1.369162
main interval: 0.12 0.043 0.6 loss=1.327437
main interval: 0.12 0.072 0.6 loss=1.355635
main interval: 0.12 0.026 0.6 loss=1.363183
main interval: 0.12 0.043 0.7 loss=1.302905
main interval: 0.12 0.072 0.7 loss=1.340496
main interval: 0.12 0.026 0.7 loss=1.378995
main interval: 0.12 0.043 0.8 loss=1.276496
main interval: 0.12 0.072 0.8 loss=1.277063
main interval: 0.12 0.026 0.8 loss=1.347348
main interval: 0.12 0.043 0.9 loss=1.258447
main interval: 0.12 0.072 0.9 loss=1.236019
main interval: 0.12 0.026 0.9 loss=1.278963
main interval: 0.12 0.043 0.95 loss=1.220907
main interval: 0.12 0.072 0.95 loss=1.187831
main interval: 0.12 0.026 0.95 loss=1.280080
main interval: 0.12 0.043 0.99 loss=1.197825
main interval: 0.12 0.12 0.95 loss=1.216249
main interval: 0.12 0.072 0.99 loss=1.189469
best_muon_lr=[0.12,0.072] best_muon_momentum=0.95 interval_loss=1.187831 final_loss=1.187831 evaluated_interval_configs=30 evaluated_configs=30
train_loss run=43 step=5/30 loss=1.6397 head_lr=1072 muon_lr=0.11 muon_momentum=0.95 muon_nesterov=False muon_grad_momentum_norm_ratio=0.161315
train_loss run=43 step=6/30 loss=1.4433 head_lr=1072 muon_lr=0.096 muon_momentum=0.95 muon_nesterov=False muon_grad_momentum_norm_ratio=0.225419
train_loss run=43 step=7/30 loss=1.2956 head_lr=1072 muon_lr=0.084 muon_momentum=0.95 muon_nesterov=False muon_grad_momentum_norm_ratio=0.247628
train_loss run=43 step=8/30 loss=1.1878 head_lr=1072 muon_lr=0.072 muon_momentum=0.95 muon_nesterov=False muon_grad_momentum_norm_ratio=0.280147
main interval: 0.072 0.072 0.95 loss=1.081541
main interval: 0.072 0.12 0.95 loss=1.122132
main interval: 0.072 0.043 0.95 loss=0.959264
main interval: 0.072 0.072 0.9 loss=0.941665
main interval: 0.072 0.072 0.99 loss=0.939346
main interval: 0.072 0.12 0.99 loss=0.991949
main interval: 0.072 0.043 0.99 loss=0.922786
main interval: 0.072 0.026 0.99 loss=0.924562
best_muon_lr=[0.072,0.043] best_muon_momentum=0.99 interval_loss=0.922786 final_loss=0.922786 evaluated_interval_configs=8 evaluated_configs=8
train_loss run=43 step=9/30 loss=1.0804 head_lr=1072 muon_lr=0.065 muon_momentum=0.99 muon_nesterov=False muon_grad_momentum_norm_ratio=0.236072
train_loss run=43 step=10/30 loss=1.0112 head_lr=1072 muon_lr=0.057 muon_momentum=0.99 muon_nesterov=False muon_grad_momentum_norm_ratio=0.21104
train_loss run=43 step=11/30 loss=0.9536 head_lr=1072 muon_lr=0.05 muon_momentum=0.99 muon_nesterov=False muon_grad_momentum_norm_ratio=0.193714
train_loss run=43 step=12/30 loss=0.9228 head_lr=1072 muon_lr=0.043 muon_momentum=0.99 muon_nesterov=False muon_grad_momentum_norm_ratio=0.129508
main interval: 0.043 0.043 0.99 loss=0.911827
main interval: 0.043 0.072 0.99 loss=0.927118
main interval: 0.043 0.026 0.99 loss=0.888163
main interval: 0.043 0.043 0.95 loss=0.899466
main interval: 0.043 0.016 0.99 loss=0.884209
main interval: 0.043 0.026 0.95 loss=0.891649
main interval: 0.043 0.0093 0.99 loss=0.883230
main interval: 0.043 0.016 0.95 loss=0.887682
main interval: 0.043 0.0056 0.99 loss=0.883064
main interval: 0.043 0.0093 0.95 loss=0.885387
main interval: 0.043 0.0034 0.99 loss=0.883278
main interval: 0.043 0.0056 0.95 loss=0.884285
best_muon_lr=[0.043,0.0056] best_muon_momentum=0.99 interval_loss=0.883064 final_loss=0.883064 evaluated_interval_configs=12 evaluated_configs=12
train_loss run=43 step=13/30 loss=0.8980 head_lr=1072 muon_lr=0.034 muon_momentum=0.99 muon_nesterov=False muon_grad_momentum_norm_ratio=0.130146
train_loss run=43 step=14/30 loss=0.8877 head_lr=1072 muon_lr=0.024 muon_momentum=0.99 muon_nesterov=False muon_grad_momentum_norm_ratio=0.12035
train_loss run=43 step=15/30 loss=0.8839 head_lr=1072 muon_lr=0.015 muon_momentum=0.99 muon_nesterov=False muon_grad_momentum_norm_ratio=0.0946016
train_loss run=43 step=16/30 loss=0.8831 head_lr=1072 muon_lr=0.0056 muon_momentum=0.99 muon_nesterov=False muon_grad_momentum_norm_ratio=0.0582244
main interval: 0.0056 0.0056 0.99 loss=0.882084
main interval: 0.0056 0.0093 0.99 loss=0.879860
main interval: 0.0056 0.0034 0.99 loss=0.879031
main interval: 0.0056 0.0056 0.95 loss=0.878427
main interval: 0.0056 0.0093 0.95 loss=0.878459
main interval: 0.0056 0.0034 0.95 loss=0.877929
main interval: 0.0056 0.0056 0.9 loss=0.877866
main interval: 0.0056 0.0093 0.9 loss=0.878327
main interval: 0.0056 0.0034 0.9 loss=0.877445
main interval: 0.0056 0.0056 0.8 loss=0.877426
main interval: 0.0056 0.0093 0.8 loss=0.876936
main interval: 0.0056 0.0034 0.8 loss=0.877188
main interval: 0.0056 0.0056 0.7 loss=0.876813
main interval: 0.0056 0.0093 0.7 loss=0.877865
main interval: 0.0056 0.0034 0.7 loss=0.877277
main interval: 0.0056 0.0056 0.6 loss=0.876743
main interval: 0.0056 0.0093 0.6 loss=0.879210
main interval: 0.0056 0.0034 0.6 loss=0.877659
main interval: 0.0056 0.0056 0.5 loss=0.877517
best_muon_lr=[0.0056,0.0056] best_muon_momentum=0.6 interval_loss=0.876743 final_loss=0.876743 evaluated_interval_configs=19 evaluated_configs=19
train_loss run=43 step=17/30 loss=0.8800 head_lr=1072 muon_lr=0.0056 muon_momentum=0.6 muon_nesterov=False muon_grad_momentum_norm_ratio=0.627868
train_loss run=43 step=18/30 loss=0.8786 head_lr=1072 muon_lr=0.0056 muon_momentum=0.6 muon_nesterov=False muon_grad_momentum_norm_ratio=0.381395
train_loss run=43 step=19/30 loss=0.8777 head_lr=1072 muon_lr=0.0056 muon_momentum=0.6 muon_nesterov=False muon_grad_momentum_norm_ratio=0.415704
train_loss run=43 step=20/30 loss=0.8767 head_lr=1072 muon_lr=0.0056 muon_momentum=0.6 muon_nesterov=False muon_grad_momentum_norm_ratio=0.541351
main interval: 0.0056 0.0056 0.6 loss=0.875022
main interval: 0.0056 0.0093 0.6 loss=0.877391
main interval: 0.0056 0.0034 0.6 loss=0.874656
main interval: 0.0056 0.0056 0.5 loss=0.875419
main interval: 0.0056 0.0056 0.7 loss=0.874498
main interval: 0.0056 0.0093 0.7 loss=0.876872
main interval: 0.0056 0.0034 0.7 loss=0.874142
main interval: 0.0056 0.0056 0.8 loss=0.873730
main interval: 0.0056 0.0093 0.8 loss=0.876064
main interval: 0.0056 0.0034 0.8 loss=0.873941
main interval: 0.0056 0.0056 0.9 loss=0.873404
main interval: 0.0056 0.0093 0.9 loss=0.873116
main interval: 0.0056 0.0034 0.9 loss=0.873770
main interval: 0.0056 0.0056 0.95 loss=0.873264
main interval: 0.0056 0.016 0.9 loss=0.879400
main interval: 0.0056 0.0093 0.95 loss=0.873144
best_muon_lr=[0.0056,0.0093] best_muon_momentum=0.9 interval_loss=0.873116 final_loss=0.873116 evaluated_interval_configs=16 evaluated_configs=16
train_loss run=43 step=21/30 loss=0.8766 head_lr=1072 muon_lr=0.0065 muon_momentum=0.9 muon_nesterov=False muon_grad_momentum_norm_ratio=0.446197
train_loss run=43 step=22/30 loss=0.8746 head_lr=1072 muon_lr=0.0075 muon_momentum=0.9 muon_nesterov=False muon_grad_momentum_norm_ratio=0.551546
train_loss run=43 step=23/30 loss=0.8739 head_lr=1072 muon_lr=0.0084 muon_momentum=0.9 muon_nesterov=False muon_grad_momentum_norm_ratio=0.456281
train_loss run=43 step=24/30 loss=0.8731 head_lr=1072 muon_lr=0.0093 muon_momentum=0.9 muon_nesterov=False muon_grad_momentum_norm_ratio=0.511311
main interval: 0.0093 0.0093 0.9 loss=0.871476
main interval: 0.0093 0.016 0.9 loss=0.879197
main interval: 0.0093 0.0056 0.9 loss=0.871865
main interval: 0.0093 0.0093 0.8 loss=0.871869
main interval: 0.0093 0.0093 0.95 loss=0.871468
main interval: 0.0093 0.016 0.95 loss=0.875044
main interval: 0.0093 0.0056 0.95 loss=0.871660
main interval: 0.0093 0.0093 0.99 loss=0.874008
best_muon_lr=[0.0093,0.0093] best_muon_momentum=0.95 interval_loss=0.871468 final_loss=0.871468 evaluated_interval_configs=8 evaluated_configs=8
train_loss run=43 step=25/30 loss=0.8764 head_lr=1072 muon_lr=0.0093 muon_momentum=0.95 muon_nesterov=False muon_grad_momentum_norm_ratio=0.508982
train_loss run=43 step=26/30 loss=0.8719 head_lr=1072 muon_lr=0.0093 muon_momentum=0.95 muon_nesterov=False muon_grad_momentum_norm_ratio=0.646586
train_loss run=43 step=27/30 loss=0.8734 head_lr=1072 muon_lr=0.0093 muon_momentum=0.95 muon_nesterov=False muon_grad_momentum_norm_ratio=0.436766
train_loss run=43 step=28/30 loss=0.8715 head_lr=1072 muon_lr=0.0093 muon_momentum=0.95 muon_nesterov=False muon_grad_momentum_norm_ratio=0.665313
main interval: 0.0093 0.0093 0.95 loss=0.870031
main interval: 0.0093 0.016 0.95 loss=0.871897
main interval: 0.0093 0.0056 0.95 loss=0.869793
main interval: 0.0093 0.0093 0.9 loss=0.871309
main interval: 0.0093 0.0093 0.99 loss=0.871562
main interval: 0.0093 0.0034 0.95 loss=0.870133
main interval: 0.0093 0.0056 0.9 loss=0.871581
main interval: 0.0093 0.0056 0.99 loss=0.871603
best_muon_lr=[0.0093,0.0056] best_muon_momentum=0.95 interval_loss=0.869793 final_loss=0.869793 evaluated_interval_configs=8 evaluated_configs=8
train_loss run=43 step=29/30 loss=0.8717 head_lr=1072 muon_lr=0.0075 muon_momentum=0.95 muon_nesterov=False muon_grad_momentum_norm_ratio=0.390966
train_loss run=43 step=30/30 loss=0.8698 head_lr=1072 muon_lr=0.0056 muon_momentum=0.95 muon_nesterov=False muon_grad_momentum_norm_ratio=0.546483
Batch size:          10000
N steps:             4
M cooldown steps:    0
Interval scheduler:  linear
LR connectedness:    continuous_single
Muon orthogonalize:  True
Momentum config:     search_momentum_fixed_nesterov_false
Search momentum:     True
Muon nesterov:       False
Initial Muon lr:     0.2
Initial Muon lr k:   0
Initial Muon mom:    0.6
Initial Muon mom i:  6
Final start lr:      0.0093
Final start lr k:    6
Final Muon lr:       0.0056
Final Muon lr k:     7
Final end lr:        0.0056
Final end lr k:      7
Final Muon momentum: 0.95
Final Muon nesterov: False
Final Muon mom i:    10
SGD lr mult:         0.8
Initial train loss:  2.314071
Final train loss:    0.869793
Run seconds:         133.475
cifar_baseline2_overfit_n_search run=44 batch_size=10000 train_steps=30 N=5 M=0 interval_scheduler=constant lr_connectedness=jump_allowed muon_orthogonalize=True momentum_config=search_momentum_fixed_nesterov_false search_momentum=True muon_nesterov=False initial_muon_lr=0.2 initial_muon_lr_k=0 initial_muon_momentum=0.6 initial_muon_momentum_index=6
train_loss run=44 step=0/30 loss=2.3141 head_lr=1072 muon_lr=0.2 muon_momentum=0.6 muon_nesterov=False muon_grad_momentum_norm_ratio=none
main interval: 0.2 0.2 0.6 loss=1.797171
main interval: 0.33 0.33 0.6 loss=1.868015
main interval: 0.12 0.12 0.6 loss=1.799102
main interval: 0.2 0.2 0.5 loss=1.805728
main interval: 0.2 0.2 0.7 loss=1.779824
main interval: 0.33 0.33 0.7 loss=1.856803
main interval: 0.12 0.12 0.7 loss=1.788673
main interval: 0.2 0.2 0.8 loss=1.761755
main interval: 0.33 0.33 0.8 loss=1.855429
main interval: 0.12 0.12 0.8 loss=1.791321
main interval: 0.2 0.2 0.9 loss=1.761249
main interval: 0.33 0.33 0.9 loss=1.839907
main interval: 0.12 0.12 0.9 loss=1.798056
main interval: 0.2 0.2 0.95 loss=1.765887
best_muon_lr=[0.2,0.2] best_muon_momentum=0.9 interval_loss=1.761249 final_loss=1.761249 evaluated_interval_configs=14 evaluated_configs=14
train_loss run=44 step=1/30 loss=2.2522 head_lr=1072 muon_lr=0.2 muon_momentum=0.9 muon_nesterov=False muon_grad_momentum_norm_ratio=1
train_loss run=44 step=2/30 loss=2.2392 head_lr=1072 muon_lr=0.2 muon_momentum=0.9 muon_nesterov=False muon_grad_momentum_norm_ratio=0.531748
train_loss run=44 step=3/30 loss=2.0338 head_lr=1072 muon_lr=0.2 muon_momentum=0.9 muon_nesterov=False muon_grad_momentum_norm_ratio=0.472373
train_loss run=44 step=4/30 loss=1.8906 head_lr=1072 muon_lr=0.2 muon_momentum=0.9 muon_nesterov=False muon_grad_momentum_norm_ratio=0.307391
train_loss run=44 step=5/30 loss=1.7612 head_lr=1072 muon_lr=0.2 muon_momentum=0.9 muon_nesterov=False muon_grad_momentum_norm_ratio=0.301699
main interval: 0.2 0.2 0.9 loss=1.504757
main interval: 0.33 0.33 0.9 loss=1.456597
main interval: 0.12 0.12 0.9 loss=1.277863
main interval: 0.2 0.2 0.8 loss=1.354292
main interval: 0.2 0.2 0.95 loss=1.302282
main interval: 0.072 0.072 0.9 loss=1.258449
main interval: 0.12 0.12 0.8 loss=1.287709
main interval: 0.12 0.12 0.95 loss=1.190904
main interval: 0.072 0.072 0.95 loss=1.199068
main interval: 0.12 0.12 0.99 loss=1.108005
main interval: 0.2 0.2 0.99 loss=1.200461
main interval: 0.072 0.072 0.99 loss=1.223814
best_muon_lr=[0.12,0.12] best_muon_momentum=0.99 interval_loss=1.108005 final_loss=1.108005 evaluated_interval_configs=12 evaluated_configs=12
train_loss run=44 step=6/30 loss=1.5735 head_lr=1072 muon_lr=0.12 muon_momentum=0.99 muon_nesterov=False muon_grad_momentum_norm_ratio=0.19247
train_loss run=44 step=7/30 loss=1.3854 head_lr=1072 muon_lr=0.12 muon_momentum=0.99 muon_nesterov=False muon_grad_momentum_norm_ratio=0.213295
train_loss run=44 step=8/30 loss=1.2464 head_lr=1072 muon_lr=0.12 muon_momentum=0.99 muon_nesterov=False muon_grad_momentum_norm_ratio=0.238429
train_loss run=44 step=9/30 loss=1.1490 head_lr=1072 muon_lr=0.12 muon_momentum=0.99 muon_nesterov=False muon_grad_momentum_norm_ratio=0.258619
train_loss run=44 step=10/30 loss=1.1080 head_lr=1072 muon_lr=0.12 muon_momentum=0.99 muon_nesterov=False muon_grad_momentum_norm_ratio=0.213826
main interval: 0.12 0.12 0.99 loss=1.141340
main interval: 0.2 0.2 0.99 loss=0.998732
main interval: 0.072 0.072 0.99 loss=0.917961
main interval: 0.12 0.12 0.95 loss=0.910819
main interval: 0.2 0.2 0.95 loss=1.113107
main interval: 0.072 0.072 0.95 loss=0.905551
main interval: 0.12 0.12 0.9 loss=0.913492
main interval: 0.043 0.043 0.95 loss=0.905114
main interval: 0.072 0.072 0.9 loss=0.899398
main interval: 0.043 0.043 0.9 loss=0.897818
main interval: 0.072 0.072 0.8 loss=0.960143
main interval: 0.026 0.026 0.9 loss=0.931794
main interval: 0.043 0.043 0.8 loss=0.903451
best_muon_lr=[0.043,0.043] best_muon_momentum=0.9 interval_loss=0.897818 final_loss=0.897818 evaluated_interval_configs=13 evaluated_configs=13
train_loss run=44 step=11/30 loss=1.0293 head_lr=1072 muon_lr=0.043 muon_momentum=0.9 muon_nesterov=False muon_grad_momentum_norm_ratio=0.379417
train_loss run=44 step=12/30 loss=0.9722 head_lr=1072 muon_lr=0.043 muon_momentum=0.9 muon_nesterov=False muon_grad_momentum_norm_ratio=0.267368
train_loss run=44 step=13/30 loss=0.9312 head_lr=1072 muon_lr=0.043 muon_momentum=0.9 muon_nesterov=False muon_grad_momentum_norm_ratio=0.241461
train_loss run=44 step=14/30 loss=0.9096 head_lr=1072 muon_lr=0.043 muon_momentum=0.9 muon_nesterov=False muon_grad_momentum_norm_ratio=0.178274
train_loss run=44 step=15/30 loss=0.8978 head_lr=1072 muon_lr=0.043 muon_momentum=0.9 muon_nesterov=False muon_grad_momentum_norm_ratio=0.201172
main interval: 0.043 0.043 0.9 loss=0.888225
main interval: 0.072 0.072 0.9 loss=0.933889
main interval: 0.026 0.026 0.9 loss=0.882289
main interval: 0.043 0.043 0.8 loss=0.892765
main interval: 0.043 0.043 0.95 loss=0.887758
main interval: 0.016 0.016 0.9 loss=0.878929
main interval: 0.026 0.026 0.8 loss=0.885404
main interval: 0.026 0.026 0.95 loss=0.878820
main interval: 0.016 0.016 0.95 loss=0.878757
main interval: 0.026 0.026 0.99 loss=0.879212
main interval: 0.0093 0.0093 0.95 loss=0.878921
main interval: 0.016 0.016 0.99 loss=0.878894
best_muon_lr=[0.016,0.016] best_muon_momentum=0.95 interval_loss=0.878757 final_loss=0.878757 evaluated_interval_configs=12 evaluated_configs=12
train_loss run=44 step=16/30 loss=0.8900 head_lr=1072 muon_lr=0.016 muon_momentum=0.95 muon_nesterov=False muon_grad_momentum_norm_ratio=0.474014
train_loss run=44 step=17/30 loss=0.8881 head_lr=1072 muon_lr=0.016 muon_momentum=0.95 muon_nesterov=False muon_grad_momentum_norm_ratio=0.317626
train_loss run=44 step=18/30 loss=0.8820 head_lr=1072 muon_lr=0.016 muon_momentum=0.95 muon_nesterov=False muon_grad_momentum_norm_ratio=0.391946
train_loss run=44 step=19/30 loss=0.8786 head_lr=1072 muon_lr=0.016 muon_momentum=0.95 muon_nesterov=False muon_grad_momentum_norm_ratio=0.308158
train_loss run=44 step=20/30 loss=0.8788 head_lr=1072 muon_lr=0.016 muon_momentum=0.95 muon_nesterov=False muon_grad_momentum_norm_ratio=0.265224
main interval: 0.016 0.016 0.95 loss=0.874353
main interval: 0.026 0.026 0.95 loss=0.873400
main interval: 0.0093 0.0093 0.95 loss=0.871309
main interval: 0.016 0.016 0.9 loss=0.871866
main interval: 0.016 0.016 0.99 loss=0.871915
main interval: 0.0056 0.0056 0.95 loss=0.873073
main interval: 0.0093 0.0093 0.9 loss=0.872555
main interval: 0.0093 0.0093 0.99 loss=0.872831
best_muon_lr=[0.0093,0.0093] best_muon_momentum=0.95 interval_loss=0.871309 final_loss=0.871309 evaluated_interval_configs=8 evaluated_configs=8
train_loss run=44 step=21/30 loss=0.8752 head_lr=1072 muon_lr=0.0093 muon_momentum=0.95 muon_nesterov=False muon_grad_momentum_norm_ratio=0.425395
train_loss run=44 step=22/30 loss=0.8747 head_lr=1072 muon_lr=0.0093 muon_momentum=0.95 muon_nesterov=False muon_grad_momentum_norm_ratio=0.214712
train_loss run=44 step=23/30 loss=0.8747 head_lr=1072 muon_lr=0.0093 muon_momentum=0.95 muon_nesterov=False muon_grad_momentum_norm_ratio=0.265227
train_loss run=44 step=24/30 loss=0.8727 head_lr=1072 muon_lr=0.0093 muon_momentum=0.95 muon_nesterov=False muon_grad_momentum_norm_ratio=0.3528
train_loss run=44 step=25/30 loss=0.8713 head_lr=1072 muon_lr=0.0093 muon_momentum=0.95 muon_nesterov=False muon_grad_momentum_norm_ratio=0.278116
main interval: 0.0093 0.0093 0.95 loss=0.870239
main interval: 0.016 0.016 0.95 loss=0.868984
main interval: 0.0056 0.0056 0.95 loss=0.869494
main interval: 0.0093 0.0093 0.9 loss=0.868896
main interval: 0.0093 0.0093 0.99 loss=0.868908
main interval: 0.016 0.016 0.9 loss=0.873016
main interval: 0.0056 0.0056 0.9 loss=0.869504
main interval: 0.0093 0.0093 0.8 loss=0.870162
best_muon_lr=[0.0093,0.0093] best_muon_momentum=0.9 interval_loss=0.868896 final_loss=0.868896 evaluated_interval_configs=8 evaluated_configs=8
train_loss run=44 step=26/30 loss=0.8704 head_lr=1072 muon_lr=0.0093 muon_momentum=0.9 muon_nesterov=False muon_grad_momentum_norm_ratio=0.280596
train_loss run=44 step=27/30 loss=0.8701 head_lr=1072 muon_lr=0.0093 muon_momentum=0.9 muon_nesterov=False muon_grad_momentum_norm_ratio=0.239384
train_loss run=44 step=28/30 loss=0.8700 head_lr=1072 muon_lr=0.0093 muon_momentum=0.9 muon_nesterov=False muon_grad_momentum_norm_ratio=0.272089
train_loss run=44 step=29/30 loss=0.8692 head_lr=1072 muon_lr=0.0093 muon_momentum=0.9 muon_nesterov=False muon_grad_momentum_norm_ratio=0.335553
train_loss run=44 step=30/30 loss=0.8689 head_lr=1072 muon_lr=0.0093 muon_momentum=0.9 muon_nesterov=False muon_grad_momentum_norm_ratio=0.26222
Batch size:          10000
N steps:             5
M cooldown steps:    0
Interval scheduler:  constant
LR connectedness:    jump_allowed
Muon orthogonalize:  True
Momentum config:     search_momentum_fixed_nesterov_false
Search momentum:     True
Muon nesterov:       False
Initial Muon lr:     0.2
Initial Muon lr k:   0
Initial Muon mom:    0.6
Initial Muon mom i:  6
Final start lr:      0.0093
Final start lr k:    6
Final Muon lr:       0.0093
Final Muon lr k:     6
Final end lr:        0.0093
Final end lr k:      6
Final Muon momentum: 0.9
Final Muon nesterov: False
Final Muon mom i:    9
SGD lr mult:         0.8
Initial train loss:  2.314071
Final train loss:    0.868896
Run seconds:         85.668
cifar_baseline2_overfit_n_search run=45 batch_size=10000 train_steps=30 N=5 M=0 interval_scheduler=linear lr_connectedness=jump_allowed muon_orthogonalize=True momentum_config=search_momentum_fixed_nesterov_false search_momentum=True muon_nesterov=False initial_muon_lr=0.2 initial_muon_lr_k=0 initial_muon_momentum=0.6 initial_muon_momentum_index=6
train_loss run=45 step=0/30 loss=2.3141 head_lr=1072 muon_lr=0.2 muon_momentum=0.6 muon_nesterov=False muon_grad_momentum_norm_ratio=none
main interval: 0.2 0.2 0.6 loss=1.797171
main interval: 0.33 0.33 0.6 loss=1.868015
main interval: 0.33 0.2 0.6 loss=1.791737
main interval: 0.33 0.12 0.6 loss=1.760787
main interval: 0.2 0.33 0.6 loss=1.854743
main interval: 0.2 0.12 0.6 loss=1.753566
main interval: 0.12 0.33 0.6 loss=1.899185
main interval: 0.12 0.2 0.6 loss=1.840175
main interval: 0.12 0.12 0.6 loss=1.799102
main interval: 0.2 0.2 0.5 loss=1.805728
main interval: 0.2 0.2 0.7 loss=1.779824
main interval: 0.33 0.072 0.6 loss=1.765832
main interval: 0.2 0.072 0.6 loss=1.758957
main interval: 0.12 0.072 0.6 loss=1.786964
main interval: 0.2 0.12 0.5 loss=1.755243
main interval: 0.2 0.12 0.7 loss=1.754418
best_muon_lr=[0.2,0.12] best_muon_momentum=0.6 interval_loss=1.753566 final_loss=1.753566 evaluated_interval_configs=16 evaluated_configs=16
train_loss run=45 step=1/30 loss=2.2522 head_lr=1072 muon_lr=0.2 muon_momentum=0.6 muon_nesterov=False muon_grad_momentum_norm_ratio=1
train_loss run=45 step=2/30 loss=2.2361 head_lr=1072 muon_lr=0.18 muon_momentum=0.6 muon_nesterov=False muon_grad_momentum_norm_ratio=0.630096
train_loss run=45 step=3/30 loss=2.0272 head_lr=1072 muon_lr=0.16 muon_momentum=0.6 muon_nesterov=False muon_grad_momentum_norm_ratio=0.610081
train_loss run=45 step=4/30 loss=1.8756 head_lr=1072 muon_lr=0.14 muon_momentum=0.6 muon_nesterov=False muon_grad_momentum_norm_ratio=0.470188
train_loss run=45 step=5/30 loss=1.7536 head_lr=1072 muon_lr=0.12 muon_momentum=0.6 muon_nesterov=False muon_grad_momentum_norm_ratio=0.521877
main interval: 0.12 0.12 0.6 loss=1.487465
main interval: 0.2 0.2 0.6 loss=1.490476
main interval: 0.2 0.12 0.6 loss=1.376960
main interval: 0.2 0.072 0.6 loss=1.277089
main interval: 0.12 0.2 0.6 loss=1.480793
main interval: 0.12 0.072 0.6 loss=1.265589
main interval: 0.072 0.2 0.6 loss=1.564034
main interval: 0.072 0.12 0.6 loss=1.391250
main interval: 0.072 0.072 0.6 loss=1.321155
main interval: 0.12 0.12 0.5 loss=1.378312
main interval: 0.12 0.12 0.7 loss=1.271883
main interval: 0.2 0.043 0.6 loss=1.228592
main interval: 0.12 0.043 0.6 loss=1.226277
main interval: 0.072 0.043 0.6 loss=1.243120
main interval: 0.12 0.072 0.5 loss=1.280146
main interval: 0.12 0.072 0.7 loss=1.245856
main interval: 0.2 0.026 0.6 loss=1.235306
main interval: 0.12 0.026 0.6 loss=1.244066
main interval: 0.072 0.026 0.6 loss=1.235950
main interval: 0.12 0.043 0.5 loss=1.215831
main interval: 0.12 0.043 0.7 loss=1.196951
main interval: 0.2 0.072 0.7 loss=1.247805
main interval: 0.2 0.043 0.7 loss=1.234442
main interval: 0.2 0.026 0.7 loss=1.205010
main interval: 0.12 0.026 0.7 loss=1.173959
main interval: 0.072 0.072 0.7 loss=1.260200
main interval: 0.072 0.043 0.7 loss=1.240399
main interval: 0.072 0.026 0.7 loss=1.202454
main interval: 0.12 0.043 0.8 loss=1.123851
main interval: 0.2 0.072 0.8 loss=1.195944
main interval: 0.2 0.043 0.8 loss=1.197621
main interval: 0.2 0.026 0.8 loss=1.139812
main interval: 0.12 0.072 0.8 loss=1.155386
main interval: 0.12 0.026 0.8 loss=1.158571
main interval: 0.072 0.072 0.8 loss=1.197417
main interval: 0.072 0.043 0.8 loss=1.175332
main interval: 0.072 0.026 0.8 loss=1.173833
main interval: 0.12 0.043 0.9 loss=1.083055
main interval: 0.2 0.072 0.9 loss=1.134879
main interval: 0.2 0.043 0.9 loss=1.099245
main interval: 0.2 0.026 0.9 loss=1.048734
main interval: 0.12 0.072 0.9 loss=1.033466
main interval: 0.12 0.026 0.9 loss=1.067392
main interval: 0.072 0.072 0.9 loss=1.089814
main interval: 0.072 0.043 0.9 loss=1.117573
main interval: 0.072 0.026 0.9 loss=1.140612
main interval: 0.12 0.043 0.95 loss=1.060974
main interval: 0.2 0.12 0.9 loss=1.177018
main interval: 0.12 0.12 0.9 loss=1.143880
main interval: 0.072 0.12 0.9 loss=1.125796
main interval: 0.12 0.072 0.95 loss=1.027826
main interval: 0.2 0.12 0.95 loss=1.047482
main interval: 0.2 0.072 0.95 loss=1.001891
main interval: 0.2 0.043 0.95 loss=0.967637
main interval: 0.12 0.12 0.95 loss=0.966466
main interval: 0.072 0.12 0.95 loss=1.019931
main interval: 0.072 0.072 0.95 loss=1.035305
main interval: 0.072 0.043 0.95 loss=1.070901
main interval: 0.12 0.072 0.99 loss=1.013363
main interval: 0.2 0.2 0.95 loss=1.265114
main interval: 0.12 0.2 0.95 loss=1.148125
main interval: 0.072 0.2 0.95 loss=1.047552
main interval: 0.12 0.12 0.99 loss=0.973735
best_muon_lr=[0.12,0.12] best_muon_momentum=0.95 interval_loss=0.966466 final_loss=0.966466 evaluated_interval_configs=63 evaluated_configs=63
train_loss run=45 step=6/30 loss=1.5551 head_lr=1072 muon_lr=0.12 muon_momentum=0.95 muon_nesterov=False muon_grad_momentum_norm_ratio=0.229477
train_loss run=45 step=7/30 loss=1.3652 head_lr=1072 muon_lr=0.12 muon_momentum=0.95 muon_nesterov=False muon_grad_momentum_norm_ratio=0.205038
train_loss run=45 step=8/30 loss=1.1711 head_lr=1072 muon_lr=0.12 muon_momentum=0.95 muon_nesterov=False muon_grad_momentum_norm_ratio=0.23792
train_loss run=45 step=9/30 loss=1.0276 head_lr=1072 muon_lr=0.12 muon_momentum=0.95 muon_nesterov=False muon_grad_momentum_norm_ratio=0.242891
train_loss run=45 step=10/30 loss=0.9665 head_lr=1072 muon_lr=0.12 muon_momentum=0.95 muon_nesterov=False muon_grad_momentum_norm_ratio=0.220534
main interval: 0.12 0.12 0.95 loss=1.044197
main interval: 0.2 0.2 0.95 loss=1.018904
main interval: 0.2 0.12 0.95 loss=0.900733
main interval: 0.2 0.072 0.95 loss=0.895223
main interval: 0.12 0.2 0.95 loss=0.904977
main interval: 0.12 0.072 0.95 loss=0.884717
main interval: 0.072 0.2 0.95 loss=0.942860
main interval: 0.072 0.12 0.95 loss=0.890203
main interval: 0.072 0.072 0.95 loss=0.884746
main interval: 0.12 0.12 0.9 loss=0.955029
main interval: 0.12 0.12 0.99 loss=0.904573
main interval: 0.2 0.043 0.95 loss=0.892236
main interval: 0.12 0.043 0.95 loss=0.886057
main interval: 0.072 0.043 0.95 loss=0.884926
main interval: 0.12 0.072 0.9 loss=0.888554
main interval: 0.12 0.072 0.99 loss=0.892448
best_muon_lr=[0.12,0.072] best_muon_momentum=0.95 interval_loss=0.884717 final_loss=0.884717 evaluated_interval_configs=16 evaluated_configs=16
train_loss run=45 step=11/30 loss=0.9496 head_lr=1072 muon_lr=0.12 muon_momentum=0.95 muon_nesterov=False muon_grad_momentum_norm_ratio=0.335711
train_loss run=45 step=12/30 loss=0.9086 head_lr=1072 muon_lr=0.11 muon_momentum=0.95 muon_nesterov=False muon_grad_momentum_norm_ratio=0.242055
train_loss run=45 step=13/30 loss=0.8966 head_lr=1072 muon_lr=0.096 muon_momentum=0.95 muon_nesterov=False muon_grad_momentum_norm_ratio=0.150977
train_loss run=45 step=14/30 loss=0.8905 head_lr=1072 muon_lr=0.084 muon_momentum=0.95 muon_nesterov=False muon_grad_momentum_norm_ratio=0.150671
train_loss run=45 step=15/30 loss=0.8847 head_lr=1072 muon_lr=0.072 muon_momentum=0.95 muon_nesterov=False muon_grad_momentum_norm_ratio=0.136134
main interval: 0.072 0.072 0.95 loss=0.880508
main interval: 0.12 0.12 0.95 loss=0.882854
main interval: 0.12 0.072 0.95 loss=0.874290
main interval: 0.12 0.043 0.95 loss=0.872873
main interval: 0.072 0.12 0.95 loss=0.879436
main interval: 0.072 0.043 0.95 loss=0.872144
main interval: 0.043 0.12 0.95 loss=0.894074
main interval: 0.043 0.072 0.95 loss=0.875730
main interval: 0.043 0.043 0.95 loss=0.871183
main interval: 0.072 0.072 0.9 loss=0.894397
main interval: 0.072 0.072 0.99 loss=0.883398
main interval: 0.072 0.026 0.95 loss=0.872476
main interval: 0.043 0.026 0.95 loss=0.871566
main interval: 0.026 0.072 0.95 loss=0.876082
main interval: 0.026 0.043 0.95 loss=0.872414
main interval: 0.026 0.026 0.95 loss=0.871105
main interval: 0.043 0.043 0.9 loss=0.873240
main interval: 0.043 0.043 0.99 loss=0.875515
main interval: 0.043 0.016 0.95 loss=0.870744
main interval: 0.026 0.016 0.95 loss=0.870195
main interval: 0.016 0.043 0.95 loss=0.874107
main interval: 0.016 0.026 0.95 loss=0.872243
main interval: 0.016 0.016 0.95 loss=0.872470
main interval: 0.026 0.026 0.9 loss=0.874085
main interval: 0.026 0.026 0.99 loss=0.872815
main interval: 0.043 0.0093 0.95 loss=0.871407
main interval: 0.026 0.0093 0.95 loss=0.870166
main interval: 0.016 0.0093 0.95 loss=0.872033
main interval: 0.026 0.016 0.9 loss=0.873030
main interval: 0.026 0.016 0.99 loss=0.871486
main interval: 0.043 0.0056 0.95 loss=0.871774
main interval: 0.026 0.0056 0.95 loss=0.870174
main interval: 0.016 0.0056 0.95 loss=0.872203
main interval: 0.026 0.0093 0.9 loss=0.872721
main interval: 0.026 0.0093 0.99 loss=0.871175
best_muon_lr=[0.026,0.0093] best_muon_momentum=0.95 interval_loss=0.870166 final_loss=0.870166 evaluated_interval_configs=35 evaluated_configs=35
train_loss run=45 step=16/30 loss=0.8759 head_lr=1072 muon_lr=0.026 muon_momentum=0.95 muon_nesterov=False muon_grad_momentum_norm_ratio=0.332846
train_loss run=45 step=17/30 loss=0.8735 head_lr=1072 muon_lr=0.022 muon_momentum=0.95 muon_nesterov=False muon_grad_momentum_norm_ratio=0.184667
train_loss run=45 step=18/30 loss=0.8716 head_lr=1072 muon_lr=0.018 muon_momentum=0.95 muon_nesterov=False muon_grad_momentum_norm_ratio=0.181793
train_loss run=45 step=19/30 loss=0.8706 head_lr=1072 muon_lr=0.013 muon_momentum=0.95 muon_nesterov=False muon_grad_momentum_norm_ratio=0.149152
train_loss run=45 step=20/30 loss=0.8702 head_lr=1072 muon_lr=0.0093 muon_momentum=0.95 muon_nesterov=False muon_grad_momentum_norm_ratio=0.133529
main interval: 0.0093 0.0093 0.95 loss=0.869844
main interval: 0.016 0.016 0.95 loss=0.869756
main interval: 0.016 0.0093 0.95 loss=0.868278
main interval: 0.016 0.0056 0.95 loss=0.868108
main interval: 0.0093 0.016 0.95 loss=0.868415
main interval: 0.0093 0.0056 0.95 loss=0.868182
main interval: 0.0056 0.016 0.95 loss=0.868713
main interval: 0.0056 0.0093 0.95 loss=0.868344
main interval: 0.0056 0.0056 0.95 loss=0.868436
main interval: 0.0093 0.0093 0.9 loss=0.868403
main interval: 0.0093 0.0093 0.99 loss=0.868174
main interval: 0.026 0.0093 0.95 loss=0.868250
main interval: 0.026 0.0056 0.95 loss=0.867607
main interval: 0.026 0.0034 0.95 loss=0.868413
main interval: 0.016 0.0034 0.95 loss=0.868547
main interval: 0.0093 0.0034 0.95 loss=0.868647
main interval: 0.016 0.0056 0.9 loss=0.867996
main interval: 0.016 0.0056 0.99 loss=0.867800
main interval: 0.043 0.0093 0.95 loss=0.869359
main interval: 0.043 0.0056 0.95 loss=0.870557
main interval: 0.043 0.0034 0.95 loss=0.871241
main interval: 0.026 0.0056 0.9 loss=0.868610
main interval: 0.026 0.0056 0.99 loss=0.868665
best_muon_lr=[0.026,0.0056] best_muon_momentum=0.95 interval_loss=0.867607 final_loss=0.867607 evaluated_interval_configs=23 evaluated_configs=23
train_loss run=45 step=21/30 loss=0.8720 head_lr=1072 muon_lr=0.026 muon_momentum=0.95 muon_nesterov=False muon_grad_momentum_norm_ratio=0.355005
train_loss run=45 step=22/30 loss=0.8686 head_lr=1072 muon_lr=0.021 muon_momentum=0.95 muon_nesterov=False muon_grad_momentum_norm_ratio=0.517414
train_loss run=45 step=23/30 loss=0.8690 head_lr=1072 muon_lr=0.016 muon_momentum=0.95 muon_nesterov=False muon_grad_momentum_norm_ratio=0.318057
train_loss run=45 step=24/30 loss=0.8677 head_lr=1072 muon_lr=0.011 muon_momentum=0.95 muon_nesterov=False muon_grad_momentum_norm_ratio=0.456324
train_loss run=45 step=25/30 loss=0.8676 head_lr=1072 muon_lr=0.0056 muon_momentum=0.95 muon_nesterov=False muon_grad_momentum_norm_ratio=0.26653
main interval: 0.0056 0.0056 0.95 loss=0.867669
main interval: 0.0093 0.0093 0.95 loss=0.867408
main interval: 0.0093 0.0056 0.95 loss=0.867183
main interval: 0.0093 0.0034 0.95 loss=0.867224
main interval: 0.0056 0.0093 0.95 loss=0.867232
main interval: 0.0056 0.0034 0.95 loss=0.867367
main interval: 0.0034 0.0093 0.95 loss=0.867475
main interval: 0.0034 0.0056 0.95 loss=0.867208
main interval: 0.0034 0.0034 0.95 loss=0.867173
main interval: 0.0056 0.0056 0.9 loss=0.867157
main interval: 0.0056 0.0056 0.99 loss=0.867181
main interval: 0.0093 0.0093 0.9 loss=0.868066
main interval: 0.0093 0.0056 0.9 loss=0.867239
main interval: 0.0093 0.0034 0.9 loss=0.867208
main interval: 0.0056 0.0093 0.9 loss=0.867370
main interval: 0.0056 0.0034 0.9 loss=0.867588
main interval: 0.0034 0.0093 0.9 loss=0.867741
main interval: 0.0034 0.0056 0.9 loss=0.867241
main interval: 0.0034 0.0034 0.9 loss=0.867272
main interval: 0.0056 0.0056 0.8 loss=0.867485
best_muon_lr=[0.0056,0.0056] best_muon_momentum=0.9 interval_loss=0.867157 final_loss=0.867157 evaluated_interval_configs=20 evaluated_configs=20
train_loss run=45 step=26/30 loss=0.8672 head_lr=1072 muon_lr=0.0056 muon_momentum=0.9 muon_nesterov=False muon_grad_momentum_norm_ratio=0.474196
train_loss run=45 step=27/30 loss=0.8672 head_lr=1072 muon_lr=0.0056 muon_momentum=0.9 muon_nesterov=False muon_grad_momentum_norm_ratio=0.258847
train_loss run=45 step=28/30 loss=0.8672 head_lr=1072 muon_lr=0.0056 muon_momentum=0.9 muon_nesterov=False muon_grad_momentum_norm_ratio=0.369523
train_loss run=45 step=29/30 loss=0.8672 head_lr=1072 muon_lr=0.0056 muon_momentum=0.9 muon_nesterov=False muon_grad_momentum_norm_ratio=0.395977
train_loss run=45 step=30/30 loss=0.8672 head_lr=1072 muon_lr=0.0056 muon_momentum=0.9 muon_nesterov=False muon_grad_momentum_norm_ratio=0.378785
Batch size:          10000
N steps:             5
M cooldown steps:    0
Interval scheduler:  linear
LR connectedness:    jump_allowed
Muon orthogonalize:  True
Momentum config:     search_momentum_fixed_nesterov_false
Search momentum:     True
Muon nesterov:       False
Initial Muon lr:     0.2
Initial Muon lr k:   0
Initial Muon mom:    0.6
Initial Muon mom i:  6
Final start lr:      0.0056
Final start lr k:    7
Final Muon lr:       0.0056
Final Muon lr k:     7
Final end lr:        0.0056
Final end lr k:      7
Final Muon momentum: 0.9
Final Muon nesterov: False
Final Muon mom i:    9
SGD lr mult:         0.8
Initial train loss:  2.314071
Final train loss:    0.867157
Run seconds:         220.966
cifar_baseline2_overfit_n_search run=46 batch_size=10000 train_steps=30 N=5 M=0 interval_scheduler=linear lr_connectedness=continuous_double muon_orthogonalize=True momentum_config=search_momentum_fixed_nesterov_false search_momentum=True muon_nesterov=False initial_muon_lr=0.2 initial_muon_lr_k=0 initial_muon_momentum=0.6 initial_muon_momentum_index=6
train_loss run=46 step=0/30 loss=2.3141 head_lr=1072 muon_lr=0.2 muon_momentum=0.6 muon_nesterov=False muon_grad_momentum_norm_ratio=none
main interval: 0.2 0.2 0.6 loss=1.797171
main interval: 0.33 0.33 0.6 loss=1.868015
main interval: 0.33 0.2 0.6 loss=1.791737
main interval: 0.33 0.12 0.6 loss=1.760787
main interval: 0.2 0.33 0.6 loss=1.854743
main interval: 0.2 0.12 0.6 loss=1.753566
main interval: 0.12 0.33 0.6 loss=1.899185
main interval: 0.12 0.2 0.6 loss=1.840175
main interval: 0.12 0.12 0.6 loss=1.799102
main interval: 0.2 0.2 0.5 loss=1.805728
main interval: 0.2 0.2 0.7 loss=1.779824
main interval: 0.33 0.072 0.6 loss=1.765832
main interval: 0.2 0.072 0.6 loss=1.758957
main interval: 0.12 0.072 0.6 loss=1.786964
main interval: 0.2 0.12 0.5 loss=1.755243
main interval: 0.2 0.12 0.7 loss=1.754418
best_muon_lr=[0.2,0.12] best_muon_momentum=0.6 interval_loss=1.753566 final_loss=1.753566 evaluated_interval_configs=16 evaluated_configs=16
train_loss run=46 step=1/30 loss=2.2522 head_lr=1072 muon_lr=0.2 muon_momentum=0.6 muon_nesterov=False muon_grad_momentum_norm_ratio=1
train_loss run=46 step=2/30 loss=2.2361 head_lr=1072 muon_lr=0.18 muon_momentum=0.6 muon_nesterov=False muon_grad_momentum_norm_ratio=0.630096
train_loss run=46 step=3/30 loss=2.0272 head_lr=1072 muon_lr=0.16 muon_momentum=0.6 muon_nesterov=False muon_grad_momentum_norm_ratio=0.610081
train_loss run=46 step=4/30 loss=1.8756 head_lr=1072 muon_lr=0.14 muon_momentum=0.6 muon_nesterov=False muon_grad_momentum_norm_ratio=0.470188
train_loss run=46 step=5/30 loss=1.7536 head_lr=1072 muon_lr=0.12 muon_momentum=0.6 muon_nesterov=False muon_grad_momentum_norm_ratio=0.521877
main interval: 0.12 0.12 0.6 loss=1.487465
main interval: 0.12 0.2 0.6 loss=1.464354
main interval: 0.12 0.072 0.6 loss=1.267941
main interval: 0.12 0.12 0.5 loss=1.369564
main interval: 0.12 0.12 0.7 loss=1.372753
main interval: 0.12 0.043 0.6 loss=1.245674
main interval: 0.12 0.072 0.5 loss=1.264863
main interval: 0.12 0.072 0.7 loss=1.233626
main interval: 0.12 0.043 0.7 loss=1.188066
main interval: 0.12 0.072 0.8 loss=1.166069
main interval: 0.12 0.12 0.8 loss=1.251218
main interval: 0.12 0.043 0.8 loss=1.179226
main interval: 0.12 0.072 0.9 loss=1.140626
main interval: 0.12 0.12 0.9 loss=1.172087
main interval: 0.12 0.043 0.9 loss=1.086848
main interval: 0.12 0.072 0.95 loss=1.033851
main interval: 0.12 0.12 0.95 loss=1.114428
main interval: 0.12 0.043 0.95 loss=1.071830
main interval: 0.12 0.072 0.99 loss=1.015639
main interval: 0.12 0.12 0.99 loss=1.017619
main interval: 0.12 0.043 0.99 loss=1.006137
main interval: 0.12 0.026 0.99 loss=1.007943
best_muon_lr=[0.12,0.043] best_muon_momentum=0.99 interval_loss=1.006137 final_loss=1.006137 evaluated_interval_configs=22 evaluated_configs=22
train_loss run=46 step=6/30 loss=1.5264 head_lr=1072 muon_lr=0.12 muon_momentum=0.99 muon_nesterov=False muon_grad_momentum_norm_ratio=0.149167
train_loss run=46 step=7/30 loss=1.3350 head_lr=1072 muon_lr=0.1 muon_momentum=0.99 muon_nesterov=False muon_grad_momentum_norm_ratio=0.101253
train_loss run=46 step=8/30 loss=1.1756 head_lr=1072 muon_lr=0.081 muon_momentum=0.99 muon_nesterov=False muon_grad_momentum_norm_ratio=0.132963
train_loss run=46 step=9/30 loss=1.0631 head_lr=1072 muon_lr=0.062 muon_momentum=0.99 muon_nesterov=False muon_grad_momentum_norm_ratio=0.129359
train_loss run=46 step=10/30 loss=1.0061 head_lr=1072 muon_lr=0.043 muon_momentum=0.99 muon_nesterov=False muon_grad_momentum_norm_ratio=0.106479
main interval: 0.043 0.043 0.99 loss=0.940418
main interval: 0.043 0.072 0.99 loss=0.939323
main interval: 0.043 0.026 0.99 loss=0.899755
main interval: 0.043 0.043 0.95 loss=0.908468
main interval: 0.043 0.016 0.99 loss=0.893366
main interval: 0.043 0.026 0.95 loss=0.898180
main interval: 0.043 0.0093 0.99 loss=0.891042
main interval: 0.043 0.016 0.95 loss=0.893357
main interval: 0.043 0.0056 0.99 loss=0.890445
main interval: 0.043 0.0093 0.95 loss=0.891269
main interval: 0.043 0.0034 0.99 loss=0.891025
main interval: 0.043 0.0056 0.95 loss=0.890943
best_muon_lr=[0.043,0.0056] best_muon_momentum=0.99 interval_loss=0.890445 final_loss=0.890445 evaluated_interval_configs=12 evaluated_configs=12
train_loss run=46 step=11/30 loss=0.9410 head_lr=1072 muon_lr=0.043 muon_momentum=0.99 muon_nesterov=False muon_grad_momentum_norm_ratio=0.119225
train_loss run=46 step=12/30 loss=0.9102 head_lr=1072 muon_lr=0.034 muon_momentum=0.99 muon_nesterov=False muon_grad_momentum_norm_ratio=0.101657
train_loss run=46 step=13/30 loss=0.8969 head_lr=1072 muon_lr=0.024 muon_momentum=0.99 muon_nesterov=False muon_grad_momentum_norm_ratio=0.0817288
train_loss run=46 step=14/30 loss=0.8922 head_lr=1072 muon_lr=0.015 muon_momentum=0.99 muon_nesterov=False muon_grad_momentum_norm_ratio=0.0573144
train_loss run=46 step=15/30 loss=0.8904 head_lr=1072 muon_lr=0.0056 muon_momentum=0.99 muon_nesterov=False muon_grad_momentum_norm_ratio=0.0458217
main interval: 0.0056 0.0056 0.99 loss=0.888196
main interval: 0.0056 0.0093 0.99 loss=0.885379
main interval: 0.0056 0.0034 0.99 loss=0.883618
main interval: 0.0056 0.0056 0.95 loss=0.882571
main interval: 0.0056 0.0093 0.95 loss=0.882222
main interval: 0.0056 0.0034 0.95 loss=0.881520
main interval: 0.0056 0.0056 0.9 loss=0.881080
main interval: 0.0056 0.0093 0.9 loss=0.881084
main interval: 0.0056 0.0034 0.9 loss=0.880481
main interval: 0.0056 0.0056 0.8 loss=0.879973
main interval: 0.0056 0.0093 0.8 loss=0.878909
main interval: 0.0056 0.0034 0.8 loss=0.880035
main interval: 0.0056 0.0056 0.7 loss=0.879252
main interval: 0.0056 0.016 0.8 loss=0.883925
main interval: 0.0056 0.0093 0.7 loss=0.879825
best_muon_lr=[0.0056,0.0093] best_muon_momentum=0.8 interval_loss=0.878909 final_loss=0.878909 evaluated_interval_configs=15 evaluated_configs=15
train_loss run=46 step=16/30 loss=0.8864 head_lr=1072 muon_lr=0.0056 muon_momentum=0.8 muon_nesterov=False muon_grad_momentum_norm_ratio=0.339042
train_loss run=46 step=17/30 loss=0.8831 head_lr=1072 muon_lr=0.0065 muon_momentum=0.8 muon_nesterov=False muon_grad_momentum_norm_ratio=0.263115
train_loss run=46 step=18/30 loss=0.8812 head_lr=1072 muon_lr=0.0075 muon_momentum=0.8 muon_nesterov=False muon_grad_momentum_norm_ratio=0.166392
train_loss run=46 step=19/30 loss=0.8802 head_lr=1072 muon_lr=0.0084 muon_momentum=0.8 muon_nesterov=False muon_grad_momentum_norm_ratio=0.22889
train_loss run=46 step=20/30 loss=0.8789 head_lr=1072 muon_lr=0.0093 muon_momentum=0.8 muon_nesterov=False muon_grad_momentum_norm_ratio=0.30924
main interval: 0.0093 0.0093 0.8 loss=0.877243
main interval: 0.0093 0.016 0.8 loss=0.883127
main interval: 0.0093 0.0056 0.8 loss=0.874841
main interval: 0.0093 0.0093 0.7 loss=0.876777
main interval: 0.0093 0.0093 0.9 loss=0.878266
main interval: 0.0093 0.0034 0.8 loss=0.873865
main interval: 0.0093 0.0056 0.7 loss=0.874934
main interval: 0.0093 0.0056 0.9 loss=0.874389
main interval: 0.0093 0.002 0.8 loss=0.873881
main interval: 0.0093 0.0034 0.7 loss=0.873895
main interval: 0.0093 0.0034 0.9 loss=0.874032
best_muon_lr=[0.0093,0.0034] best_muon_momentum=0.8 interval_loss=0.873865 final_loss=0.873865 evaluated_interval_configs=11 evaluated_configs=11
train_loss run=46 step=21/30 loss=0.8798 head_lr=1072 muon_lr=0.0093 muon_momentum=0.8 muon_nesterov=False muon_grad_momentum_norm_ratio=0.344906
train_loss run=46 step=22/30 loss=0.8760 head_lr=1072 muon_lr=0.0078 muon_momentum=0.8 muon_nesterov=False muon_grad_momentum_norm_ratio=0.641768
train_loss run=46 step=23/30 loss=0.8758 head_lr=1072 muon_lr=0.0063 muon_momentum=0.8 muon_nesterov=False muon_grad_momentum_norm_ratio=0.429813
train_loss run=46 step=24/30 loss=0.8747 head_lr=1072 muon_lr=0.0049 muon_momentum=0.8 muon_nesterov=False muon_grad_momentum_norm_ratio=0.506881
train_loss run=46 step=25/30 loss=0.8739 head_lr=1072 muon_lr=0.0034 muon_momentum=0.8 muon_nesterov=False muon_grad_momentum_norm_ratio=0.485166
main interval: 0.0034 0.0034 0.8 loss=0.871603
main interval: 0.0034 0.0056 0.8 loss=0.872064
main interval: 0.0034 0.002 0.8 loss=0.871832
main interval: 0.0034 0.0034 0.7 loss=0.871810
main interval: 0.0034 0.0034 0.9 loss=0.871662
best_muon_lr=[0.0034,0.0034] best_muon_momentum=0.8 interval_loss=0.871603 final_loss=0.871603 evaluated_interval_configs=5 evaluated_configs=5
train_loss run=46 step=26/30 loss=0.8734 head_lr=1072 muon_lr=0.0034 muon_momentum=0.8 muon_nesterov=False muon_grad_momentum_norm_ratio=0.382399
train_loss run=46 step=27/30 loss=0.8727 head_lr=1072 muon_lr=0.0034 muon_momentum=0.8 muon_nesterov=False muon_grad_momentum_norm_ratio=0.466973
train_loss run=46 step=28/30 loss=0.8723 head_lr=1072 muon_lr=0.0034 muon_momentum=0.8 muon_nesterov=False muon_grad_momentum_norm_ratio=0.33538
train_loss run=46 step=29/30 loss=0.8719 head_lr=1072 muon_lr=0.0034 muon_momentum=0.8 muon_nesterov=False muon_grad_momentum_norm_ratio=0.402726
train_loss run=46 step=30/30 loss=0.8716 head_lr=1072 muon_lr=0.0034 muon_momentum=0.8 muon_nesterov=False muon_grad_momentum_norm_ratio=0.382199
Batch size:          10000
N steps:             5
M cooldown steps:    0
Interval scheduler:  linear
LR connectedness:    continuous_double
Muon orthogonalize:  True
Momentum config:     search_momentum_fixed_nesterov_false
Search momentum:     True
Muon nesterov:       False
Initial Muon lr:     0.2
Initial Muon lr k:   0
Initial Muon mom:    0.6
Initial Muon mom i:  6
Final start lr:      0.0034
Final start lr k:    8
Final Muon lr:       0.0034
Final Muon lr k:     8
Final end lr:        0.0034
Final end lr k:      8
Final Muon momentum: 0.8
Final Muon nesterov: False
Final Muon mom i:    8
SGD lr mult:         0.8
Initial train loss:  2.314071
Final train loss:    0.871603
Run seconds:         103.503
cifar_baseline2_overfit_n_search run=47 batch_size=10000 train_steps=30 N=5 M=0 interval_scheduler=linear lr_connectedness=continuous_single muon_orthogonalize=True momentum_config=search_momentum_fixed_nesterov_false search_momentum=True muon_nesterov=False initial_muon_lr=0.2 initial_muon_lr_k=0 initial_muon_momentum=0.6 initial_muon_momentum_index=6
train_loss run=47 step=0/30 loss=2.3141 head_lr=1072 muon_lr=0.2 muon_momentum=0.6 muon_nesterov=False muon_grad_momentum_norm_ratio=none
main interval: 0.2 0.2 0.6 loss=1.797171
main interval: 0.33 0.33 0.6 loss=1.868015
main interval: 0.33 0.2 0.6 loss=1.791737
main interval: 0.33 0.12 0.6 loss=1.760787
main interval: 0.2 0.33 0.6 loss=1.854743
main interval: 0.2 0.12 0.6 loss=1.753566
main interval: 0.12 0.33 0.6 loss=1.899185
main interval: 0.12 0.2 0.6 loss=1.840175
main interval: 0.12 0.12 0.6 loss=1.799102
main interval: 0.2 0.2 0.5 loss=1.805728
main interval: 0.2 0.2 0.7 loss=1.779824
main interval: 0.33 0.072 0.6 loss=1.765832
main interval: 0.2 0.072 0.6 loss=1.758957
main interval: 0.12 0.072 0.6 loss=1.786964
main interval: 0.2 0.12 0.5 loss=1.755243
main interval: 0.2 0.12 0.7 loss=1.754418
best_muon_lr=[0.2,0.12] best_muon_momentum=0.6 interval_loss=1.753566 final_loss=1.753566 evaluated_interval_configs=16 evaluated_configs=16
train_loss run=47 step=1/30 loss=2.2522 head_lr=1072 muon_lr=0.2 muon_momentum=0.6 muon_nesterov=False muon_grad_momentum_norm_ratio=1
train_loss run=47 step=2/30 loss=2.2361 head_lr=1072 muon_lr=0.18 muon_momentum=0.6 muon_nesterov=False muon_grad_momentum_norm_ratio=0.630096
train_loss run=47 step=3/30 loss=2.0272 head_lr=1072 muon_lr=0.16 muon_momentum=0.6 muon_nesterov=False muon_grad_momentum_norm_ratio=0.610081
train_loss run=47 step=4/30 loss=1.8756 head_lr=1072 muon_lr=0.14 muon_momentum=0.6 muon_nesterov=False muon_grad_momentum_norm_ratio=0.470188
train_loss run=47 step=5/30 loss=1.7536 head_lr=1072 muon_lr=0.12 muon_momentum=0.6 muon_nesterov=False muon_grad_momentum_norm_ratio=0.521877
main interval: 0.12 0.12 0.6 loss=1.487465
main interval: 0.12 0.2 0.6 loss=1.468789
main interval: 0.12 0.072 0.6 loss=1.272187
main interval: 0.12 0.12 0.5 loss=1.360028
main interval: 0.12 0.12 0.7 loss=1.325626
main interval: 0.12 0.043 0.6 loss=1.232071
main interval: 0.12 0.072 0.5 loss=1.254756
main interval: 0.12 0.072 0.7 loss=1.231728
main interval: 0.12 0.043 0.7 loss=1.177937
main interval: 0.12 0.072 0.8 loss=1.201902
main interval: 0.12 0.026 0.7 loss=1.192804
main interval: 0.12 0.043 0.8 loss=1.136551
main interval: 0.12 0.026 0.8 loss=1.140811
main interval: 0.12 0.043 0.9 loss=1.100794
main interval: 0.12 0.072 0.9 loss=1.100491
main interval: 0.12 0.026 0.9 loss=1.141734
main interval: 0.12 0.043 0.95 loss=1.077335
main interval: 0.12 0.072 0.95 loss=1.061315
main interval: 0.12 0.026 0.95 loss=1.098504
main interval: 0.12 0.043 0.99 loss=1.047025
main interval: 0.12 0.072 0.99 loss=1.032441
main interval: 0.12 0.026 0.99 loss=1.084922
main interval: 0.12 0.12 0.99 loss=1.048003
best_muon_lr=[0.12,0.072] best_muon_momentum=0.99 interval_loss=1.032441 final_loss=1.032441 evaluated_interval_configs=23 evaluated_configs=23
train_loss run=47 step=6/30 loss=1.5417 head_lr=1072 muon_lr=0.11 muon_momentum=0.99 muon_nesterov=False muon_grad_momentum_norm_ratio=0.154024
train_loss run=47 step=7/30 loss=1.3675 head_lr=1072 muon_lr=0.1 muon_momentum=0.99 muon_nesterov=False muon_grad_momentum_norm_ratio=0.118662
train_loss run=47 step=8/30 loss=1.2091 head_lr=1072 muon_lr=0.091 muon_momentum=0.99 muon_nesterov=False muon_grad_momentum_norm_ratio=0.167984
train_loss run=47 step=9/30 loss=1.0898 head_lr=1072 muon_lr=0.082 muon_momentum=0.99 muon_nesterov=False muon_grad_momentum_norm_ratio=0.17656
train_loss run=47 step=10/30 loss=1.0324 head_lr=1072 muon_lr=0.072 muon_momentum=0.99 muon_nesterov=False muon_grad_momentum_norm_ratio=0.148607
main interval: 0.072 0.072 0.99 loss=0.963616
main interval: 0.072 0.12 0.99 loss=0.958667
main interval: 0.072 0.043 0.99 loss=0.901633
main interval: 0.072 0.072 0.95 loss=0.904007
main interval: 0.072 0.026 0.99 loss=0.891720
main interval: 0.072 0.043 0.95 loss=0.895314
main interval: 0.072 0.016 0.99 loss=0.889972
main interval: 0.072 0.026 0.95 loss=0.891164
main interval: 0.072 0.0093 0.99 loss=0.890849
main interval: 0.072 0.016 0.95 loss=0.889762
main interval: 0.072 0.0093 0.95 loss=0.890042
main interval: 0.072 0.016 0.9 loss=0.888698
main interval: 0.072 0.026 0.9 loss=0.894936
main interval: 0.072 0.0093 0.9 loss=0.887102
main interval: 0.072 0.016 0.8 loss=0.889026
main interval: 0.072 0.0056 0.9 loss=0.894014
main interval: 0.072 0.0093 0.8 loss=0.890228
best_muon_lr=[0.072,0.0093] best_muon_momentum=0.9 interval_loss=0.887102 final_loss=0.887102 evaluated_interval_configs=17 evaluated_configs=17
train_loss run=47 step=11/30 loss=0.9521 head_lr=1072 muon_lr=0.059 muon_momentum=0.9 muon_nesterov=False muon_grad_momentum_norm_ratio=0.33548
train_loss run=47 step=12/30 loss=0.9117 head_lr=1072 muon_lr=0.047 muon_momentum=0.9 muon_nesterov=False muon_grad_momentum_norm_ratio=0.31552
train_loss run=47 step=13/30 loss=0.8964 head_lr=1072 muon_lr=0.034 muon_momentum=0.9 muon_nesterov=False muon_grad_momentum_norm_ratio=0.220143
train_loss run=47 step=14/30 loss=0.8897 head_lr=1072 muon_lr=0.022 muon_momentum=0.9 muon_nesterov=False muon_grad_momentum_norm_ratio=0.196367
train_loss run=47 step=15/30 loss=0.8871 head_lr=1072 muon_lr=0.0093 muon_momentum=0.9 muon_nesterov=False muon_grad_momentum_norm_ratio=0.160767
main interval: 0.0093 0.0093 0.9 loss=0.881986
main interval: 0.0093 0.016 0.9 loss=0.878986
main interval: 0.0093 0.0056 0.9 loss=0.876591
main interval: 0.0093 0.0093 0.8 loss=0.876077
main interval: 0.0093 0.0093 0.95 loss=0.875848
main interval: 0.0093 0.016 0.95 loss=0.877651
main interval: 0.0093 0.0056 0.95 loss=0.875500
main interval: 0.0093 0.0093 0.99 loss=0.876634
main interval: 0.0093 0.0034 0.95 loss=0.876073
main interval: 0.0093 0.0056 0.99 loss=0.876658
best_muon_lr=[0.0093,0.0056] best_muon_momentum=0.95 interval_loss=0.875500 final_loss=0.875500 evaluated_interval_configs=10 evaluated_configs=10
train_loss run=47 step=16/30 loss=0.8830 head_lr=1072 muon_lr=0.0086 muon_momentum=0.95 muon_nesterov=False muon_grad_momentum_norm_ratio=0.336531
train_loss run=47 step=17/30 loss=0.8799 head_lr=1072 muon_lr=0.0078 muon_momentum=0.95 muon_nesterov=False muon_grad_momentum_norm_ratio=0.285351
train_loss run=47 step=18/30 loss=0.8773 head_lr=1072 muon_lr=0.0071 muon_momentum=0.95 muon_nesterov=False muon_grad_momentum_norm_ratio=0.264124
train_loss run=47 step=19/30 loss=0.8760 head_lr=1072 muon_lr=0.0063 muon_momentum=0.95 muon_nesterov=False muon_grad_momentum_norm_ratio=0.174873
train_loss run=47 step=20/30 loss=0.8755 head_lr=1072 muon_lr=0.0056 muon_momentum=0.95 muon_nesterov=False muon_grad_momentum_norm_ratio=0.170786
main interval: 0.0056 0.0056 0.95 loss=0.873561
main interval: 0.0056 0.0093 0.95 loss=0.871926
main interval: 0.0056 0.0034 0.95 loss=0.872116
main interval: 0.0056 0.0056 0.9 loss=0.871711
main interval: 0.0056 0.0056 0.99 loss=0.871694
main interval: 0.0056 0.0093 0.99 loss=0.871235
main interval: 0.0056 0.0034 0.99 loss=0.871985
main interval: 0.0056 0.016 0.99 loss=0.871427
best_muon_lr=[0.0056,0.0093] best_muon_momentum=0.99 interval_loss=0.871235 final_loss=0.871235 evaluated_interval_configs=8 evaluated_configs=8
train_loss run=47 step=21/30 loss=0.8740 head_lr=1072 muon_lr=0.0063 muon_momentum=0.99 muon_nesterov=False muon_grad_momentum_norm_ratio=0.267301
train_loss run=47 step=22/30 loss=0.8731 head_lr=1072 muon_lr=0.0071 muon_momentum=0.99 muon_nesterov=False muon_grad_momentum_norm_ratio=0.201762
train_loss run=47 step=23/30 loss=0.8725 head_lr=1072 muon_lr=0.0078 muon_momentum=0.99 muon_nesterov=False muon_grad_momentum_norm_ratio=0.198614
train_loss run=47 step=24/30 loss=0.8717 head_lr=1072 muon_lr=0.0086 muon_momentum=0.99 muon_nesterov=False muon_grad_momentum_norm_ratio=0.227331
train_loss run=47 step=25/30 loss=0.8712 head_lr=1072 muon_lr=0.0093 muon_momentum=0.99 muon_nesterov=False muon_grad_momentum_norm_ratio=0.187165
main interval: 0.0093 0.0093 0.99 loss=0.869943
main interval: 0.0093 0.016 0.99 loss=0.871352
main interval: 0.0093 0.0056 0.99 loss=0.869092
main interval: 0.0093 0.0093 0.95 loss=0.869121
main interval: 0.0093 0.0034 0.99 loss=0.869043
main interval: 0.0093 0.0056 0.95 loss=0.869083
main interval: 0.0093 0.002 0.99 loss=0.869205
main interval: 0.0093 0.0034 0.95 loss=0.869134
best_muon_lr=[0.0093,0.0034] best_muon_momentum=0.99 interval_loss=0.869043 final_loss=0.869043 evaluated_interval_configs=8 evaluated_configs=8
train_loss run=47 step=26/30 loss=0.8708 head_lr=1072 muon_lr=0.0081 muon_momentum=0.99 muon_nesterov=False muon_grad_momentum_norm_ratio=0.250397
train_loss run=47 step=27/30 loss=0.8701 head_lr=1072 muon_lr=0.0069 muon_momentum=0.99 muon_nesterov=False muon_grad_momentum_norm_ratio=0.295428
train_loss run=47 step=28/30 loss=0.8693 head_lr=1072 muon_lr=0.0058 muon_momentum=0.99 muon_nesterov=False muon_grad_momentum_norm_ratio=0.274345
train_loss run=47 step=29/30 loss=0.8693 head_lr=1072 muon_lr=0.0046 muon_momentum=0.99 muon_nesterov=False muon_grad_momentum_norm_ratio=0.133787
train_loss run=47 step=30/30 loss=0.8690 head_lr=1072 muon_lr=0.0034 muon_momentum=0.99 muon_nesterov=False muon_grad_momentum_norm_ratio=0.233483
Batch size:          10000
N steps:             5
M cooldown steps:    0
Interval scheduler:  linear
LR connectedness:    continuous_single
Muon orthogonalize:  True
Momentum config:     search_momentum_fixed_nesterov_false
Search momentum:     True
Muon nesterov:       False
Initial Muon lr:     0.2
Initial Muon lr k:   0
Initial Muon mom:    0.6
Initial Muon mom i:  6
Final start lr:      0.0093
Final start lr k:    6
Final Muon lr:       0.0034
Final Muon lr k:     8
Final end lr:        0.0034
Final end lr k:      8
Final Muon momentum: 0.99
Final Muon nesterov: False
Final Muon mom i:    11
SGD lr mult:         0.8
Initial train loss:  2.314071
Final train loss:    0.869043
Run seconds:         104.791
cifar_baseline2_overfit_n_search run=48 batch_size=10000 train_steps=30 N=7 M=0 interval_scheduler=constant lr_connectedness=jump_allowed muon_orthogonalize=True momentum_config=search_momentum_fixed_nesterov_false search_momentum=True muon_nesterov=False initial_muon_lr=0.2 initial_muon_lr_k=0 initial_muon_momentum=0.6 initial_muon_momentum_index=6
train_loss run=48 step=0/30 loss=2.3141 head_lr=1072 muon_lr=0.2 muon_momentum=0.6 muon_nesterov=False muon_grad_momentum_norm_ratio=none
main interval: 0.2 0.2 0.6 loss=1.653466
main interval: 0.33 0.33 0.6 loss=1.778172
main interval: 0.12 0.12 0.6 loss=1.654588
main interval: 0.2 0.2 0.5 loss=1.667027
main interval: 0.2 0.2 0.7 loss=1.625770
main interval: 0.33 0.33 0.7 loss=1.740268
main interval: 0.12 0.12 0.7 loss=1.620793
main interval: 0.2 0.2 0.8 loss=1.628606
main interval: 0.072 0.072 0.7 loss=1.655098
main interval: 0.12 0.12 0.8 loss=1.610430
main interval: 0.072 0.072 0.8 loss=1.611852
main interval: 0.12 0.12 0.9 loss=1.619489
best_muon_lr=[0.12,0.12] best_muon_momentum=0.8 interval_loss=1.610430 final_loss=1.610430 evaluated_interval_configs=12 evaluated_configs=12
train_loss run=48 step=1/30 loss=2.2544 head_lr=1072 muon_lr=0.12 muon_momentum=0.8 muon_nesterov=False muon_grad_momentum_norm_ratio=1
train_loss run=48 step=2/30 loss=2.2546 head_lr=1072 muon_lr=0.12 muon_momentum=0.8 muon_nesterov=False muon_grad_momentum_norm_ratio=0.570123
train_loss run=48 step=3/30 loss=2.0561 head_lr=1072 muon_lr=0.12 muon_momentum=0.8 muon_nesterov=False muon_grad_momentum_norm_ratio=0.523545
train_loss run=48 step=4/30 loss=1.9137 head_lr=1072 muon_lr=0.12 muon_momentum=0.8 muon_nesterov=False muon_grad_momentum_norm_ratio=0.386351
train_loss run=48 step=5/30 loss=1.7913 head_lr=1072 muon_lr=0.12 muon_momentum=0.8 muon_nesterov=False muon_grad_momentum_norm_ratio=0.369122
train_loss run=48 step=6/30 loss=1.7256 head_lr=1072 muon_lr=0.12 muon_momentum=0.8 muon_nesterov=False muon_grad_momentum_norm_ratio=0.502977
train_loss run=48 step=7/30 loss=1.6104 head_lr=1072 muon_lr=0.12 muon_momentum=0.8 muon_nesterov=False muon_grad_momentum_norm_ratio=0.580114
main interval: 0.12 0.12 0.8 loss=1.195608
main interval: 0.2 0.2 0.8 loss=1.217538
main interval: 0.072 0.072 0.8 loss=1.078321
main interval: 0.12 0.12 0.7 loss=1.096001
main interval: 0.12 0.12 0.9 loss=1.067912
main interval: 0.2 0.2 0.9 loss=1.082562
main interval: 0.072 0.072 0.9 loss=1.003103
main interval: 0.12 0.12 0.95 loss=0.962100
main interval: 0.2 0.2 0.95 loss=1.022135
main interval: 0.072 0.072 0.95 loss=0.962297
main interval: 0.12 0.12 0.99 loss=0.936399
main interval: 0.2 0.2 0.99 loss=0.998362
main interval: 0.072 0.072 0.99 loss=0.944341
best_muon_lr=[0.12,0.12] best_muon_momentum=0.99 interval_loss=0.936399 final_loss=0.936399 evaluated_interval_configs=13 evaluated_configs=13
train_loss run=48 step=8/30 loss=1.4452 head_lr=1072 muon_lr=0.12 muon_momentum=0.99 muon_nesterov=False muon_grad_momentum_norm_ratio=0.321136
train_loss run=48 step=9/30 loss=1.3137 head_lr=1072 muon_lr=0.12 muon_momentum=0.99 muon_nesterov=False muon_grad_momentum_norm_ratio=0.261695
train_loss run=48 step=10/30 loss=1.1300 head_lr=1072 muon_lr=0.12 muon_momentum=0.99 muon_nesterov=False muon_grad_momentum_norm_ratio=0.354956
train_loss run=48 step=11/30 loss=1.0286 head_lr=1072 muon_lr=0.12 muon_momentum=0.99 muon_nesterov=False muon_grad_momentum_norm_ratio=0.294717
train_loss run=48 step=12/30 loss=0.9771 head_lr=1072 muon_lr=0.12 muon_momentum=0.99 muon_nesterov=False muon_grad_momentum_norm_ratio=0.270164
train_loss run=48 step=13/30 loss=0.9470 head_lr=1072 muon_lr=0.12 muon_momentum=0.99 muon_nesterov=False muon_grad_momentum_norm_ratio=0.217407
train_loss run=48 step=14/30 loss=0.9364 head_lr=1072 muon_lr=0.12 muon_momentum=0.99 muon_nesterov=False muon_grad_momentum_norm_ratio=0.158407
main interval: 0.12 0.12 0.99 loss=0.906403
main interval: 0.2 0.2 0.99 loss=0.902366
main interval: 0.072 0.072 0.99 loss=0.881200
main interval: 0.12 0.12 0.95 loss=0.878524
main interval: 0.2 0.2 0.95 loss=0.912379
main interval: 0.072 0.072 0.95 loss=0.879122
main interval: 0.12 0.12 0.9 loss=0.891629
best_muon_lr=[0.12,0.12] best_muon_momentum=0.95 interval_loss=0.878524 final_loss=0.878524 evaluated_interval_configs=7 evaluated_configs=7
train_loss run=48 step=15/30 loss=0.9071 head_lr=1072 muon_lr=0.12 muon_momentum=0.95 muon_nesterov=False muon_grad_momentum_norm_ratio=0.16746
train_loss run=48 step=16/30 loss=0.8871 head_lr=1072 muon_lr=0.12 muon_momentum=0.95 muon_nesterov=False muon_grad_momentum_norm_ratio=0.135965
train_loss run=48 step=17/30 loss=0.8841 head_lr=1072 muon_lr=0.12 muon_momentum=0.95 muon_nesterov=False muon_grad_momentum_norm_ratio=0.0888277
train_loss run=48 step=18/30 loss=0.8878 head_lr=1072 muon_lr=0.12 muon_momentum=0.95 muon_nesterov=False muon_grad_momentum_norm_ratio=0.0868212
train_loss run=48 step=19/30 loss=0.8816 head_lr=1072 muon_lr=0.12 muon_momentum=0.95 muon_nesterov=False muon_grad_momentum_norm_ratio=0.10615
train_loss run=48 step=20/30 loss=0.8784 head_lr=1072 muon_lr=0.12 muon_momentum=0.95 muon_nesterov=False muon_grad_momentum_norm_ratio=0.07375
train_loss run=48 step=21/30 loss=0.8785 head_lr=1072 muon_lr=0.12 muon_momentum=0.95 muon_nesterov=False muon_grad_momentum_norm_ratio=0.055435
main interval: 0.12 0.12 0.95 loss=0.905599
main interval: 0.2 0.2 0.95 loss=0.911776
main interval: 0.072 0.072 0.95 loss=0.873966
main interval: 0.12 0.12 0.9 loss=0.882514
main interval: 0.12 0.12 0.99 loss=0.878525
main interval: 0.043 0.043 0.95 loss=0.869840
main interval: 0.072 0.072 0.9 loss=0.872768
main interval: 0.072 0.072 0.99 loss=0.874500
main interval: 0.026 0.026 0.95 loss=0.869402
main interval: 0.043 0.043 0.9 loss=0.871069
main interval: 0.043 0.043 0.99 loss=0.871435
main interval: 0.016 0.016 0.95 loss=0.869758
main interval: 0.026 0.026 0.9 loss=0.869207
main interval: 0.026 0.026 0.99 loss=0.869559
main interval: 0.016 0.016 0.9 loss=0.869051
main interval: 0.026 0.026 0.8 loss=0.873166
main interval: 0.0093 0.0093 0.9 loss=0.870345
main interval: 0.016 0.016 0.8 loss=0.869325
best_muon_lr=[0.016,0.016] best_muon_momentum=0.9 interval_loss=0.869051 final_loss=0.869051 evaluated_interval_configs=18 evaluated_configs=18
train_loss run=48 step=22/30 loss=0.8732 head_lr=1072 muon_lr=0.016 muon_momentum=0.9 muon_nesterov=False muon_grad_momentum_norm_ratio=0.425139
train_loss run=48 step=23/30 loss=0.8726 head_lr=1072 muon_lr=0.016 muon_momentum=0.9 muon_nesterov=False muon_grad_momentum_norm_ratio=0.228111
train_loss run=48 step=24/30 loss=0.8712 head_lr=1072 muon_lr=0.016 muon_momentum=0.9 muon_nesterov=False muon_grad_momentum_norm_ratio=0.334603
train_loss run=48 step=25/30 loss=0.8696 head_lr=1072 muon_lr=0.016 muon_momentum=0.9 muon_nesterov=False muon_grad_momentum_norm_ratio=0.323095
train_loss run=48 step=26/30 loss=0.8697 head_lr=1072 muon_lr=0.016 muon_momentum=0.9 muon_nesterov=False muon_grad_momentum_norm_ratio=0.233162
train_loss run=48 step=27/30 loss=0.8698 head_lr=1072 muon_lr=0.016 muon_momentum=0.9 muon_nesterov=False muon_grad_momentum_norm_ratio=0.261293
train_loss run=48 step=28/30 loss=0.8691 head_lr=1072 muon_lr=0.016 muon_momentum=0.9 muon_nesterov=False muon_grad_momentum_norm_ratio=0.291056
main interval: 0.016 0.016 0.9 loss=0.868742
main interval: 0.026 0.026 0.9 loss=0.870354
main interval: 0.0093 0.0093 0.9 loss=0.867711
main interval: 0.016 0.016 0.8 loss=0.869912
main interval: 0.016 0.016 0.95 loss=0.870237
main interval: 0.0056 0.0056 0.9 loss=0.867741
main interval: 0.0093 0.0093 0.8 loss=0.868709
main interval: 0.0093 0.0093 0.95 loss=0.868748
best_muon_lr=[0.0093,0.0093] best_muon_momentum=0.9 interval_loss=0.867711 final_loss=0.867711 evaluated_interval_configs=8 evaluated_configs=8
train_loss run=48 step=29/30 loss=0.8680 head_lr=1072 muon_lr=0.0093 muon_momentum=0.9 muon_nesterov=False muon_grad_momentum_norm_ratio=0.328343
train_loss run=48 step=30/30 loss=0.8677 head_lr=1072 muon_lr=0.0093 muon_momentum=0.9 muon_nesterov=False muon_grad_momentum_norm_ratio=0.233709
Batch size:          10000
N steps:             7
M cooldown steps:    0
Interval scheduler:  constant
LR connectedness:    jump_allowed
Muon orthogonalize:  True
Momentum config:     search_momentum_fixed_nesterov_false
Search momentum:     True
Muon nesterov:       False
Initial Muon lr:     0.2
Initial Muon lr k:   0
Initial Muon mom:    0.6
Initial Muon mom i:  6
Final start lr:      0.0093
Final start lr k:    6
Final Muon lr:       0.0093
Final Muon lr k:     6
Final end lr:        0.0093
Final end lr k:      6
Final Muon momentum: 0.9
Final Muon nesterov: False
Final Muon mom i:    9
SGD lr mult:         0.8
Initial train loss:  2.314071
Final train loss:    0.867711
Run seconds:         92.661
cifar_baseline2_overfit_n_search run=49 batch_size=10000 train_steps=30 N=7 M=0 interval_scheduler=linear lr_connectedness=jump_allowed muon_orthogonalize=True momentum_config=search_momentum_fixed_nesterov_false search_momentum=True muon_nesterov=False initial_muon_lr=0.2 initial_muon_lr_k=0 initial_muon_momentum=0.6 initial_muon_momentum_index=6
train_loss run=49 step=0/30 loss=2.3141 head_lr=1072 muon_lr=0.2 muon_momentum=0.6 muon_nesterov=False muon_grad_momentum_norm_ratio=none
main interval: 0.2 0.2 0.6 loss=1.653466
main interval: 0.33 0.33 0.6 loss=1.778172
main interval: 0.33 0.2 0.6 loss=1.660238
main interval: 0.33 0.12 0.6 loss=1.587159
main interval: 0.2 0.33 0.6 loss=1.740391
main interval: 0.2 0.12 0.6 loss=1.573415
main interval: 0.12 0.33 0.6 loss=1.890219
main interval: 0.12 0.2 0.6 loss=1.777185
main interval: 0.12 0.12 0.6 loss=1.654588
main interval: 0.2 0.2 0.5 loss=1.667027
main interval: 0.2 0.2 0.7 loss=1.625770
main interval: 0.33 0.072 0.6 loss=1.564930
main interval: 0.2 0.072 0.6 loss=1.542603
main interval: 0.12 0.072 0.6 loss=1.590097
main interval: 0.2 0.12 0.5 loss=1.581071
main interval: 0.2 0.12 0.7 loss=1.576954
main interval: 0.33 0.043 0.6 loss=1.567143
main interval: 0.2 0.043 0.6 loss=1.544128
main interval: 0.12 0.043 0.6 loss=1.587888
main interval: 0.2 0.072 0.5 loss=1.536269
main interval: 0.2 0.072 0.7 loss=1.546630
main interval: 0.33 0.12 0.5 loss=1.602354
main interval: 0.33 0.072 0.5 loss=1.559441
main interval: 0.33 0.043 0.5 loss=1.555034
main interval: 0.2 0.043 0.5 loss=1.535569
main interval: 0.12 0.12 0.5 loss=1.686649
main interval: 0.12 0.072 0.5 loss=1.598273
main interval: 0.12 0.043 0.5 loss=1.582699
main interval: 0.2 0.072 0.4 loss=1.533171
main interval: 0.33 0.12 0.4 loss=1.617615
main interval: 0.33 0.072 0.4 loss=1.565709
main interval: 0.33 0.043 0.4 loss=1.555799
main interval: 0.2 0.12 0.4 loss=1.575443
main interval: 0.2 0.043 0.4 loss=1.530977
main interval: 0.12 0.12 0.4 loss=1.697784
main interval: 0.12 0.072 0.4 loss=1.610761
main interval: 0.12 0.043 0.4 loss=1.582444
main interval: 0.2 0.072 0.3 loss=1.535548
main interval: 0.33 0.026 0.4 loss=1.567398
main interval: 0.2 0.026 0.4 loss=1.548494
main interval: 0.12 0.026 0.4 loss=1.596146
main interval: 0.2 0.043 0.3 loss=1.529468
main interval: 0.33 0.072 0.3 loss=1.573137
main interval: 0.33 0.043 0.3 loss=1.559618
main interval: 0.33 0.026 0.3 loss=1.568963
main interval: 0.2 0.026 0.3 loss=1.546030
main interval: 0.12 0.072 0.3 loss=1.616265
main interval: 0.12 0.043 0.3 loss=1.586285
main interval: 0.12 0.026 0.3 loss=1.596025
main interval: 0.2 0.043 0.2 loss=1.535260
best_muon_lr=[0.2,0.043] best_muon_momentum=0.3 interval_loss=1.529468 final_loss=1.529468 evaluated_interval_configs=50 evaluated_configs=50
train_loss run=49 step=1/30 loss=2.2522 head_lr=1072 muon_lr=0.2 muon_momentum=0.3 muon_nesterov=False muon_grad_momentum_norm_ratio=1
train_loss run=49 step=2/30 loss=2.2336 head_lr=1072 muon_lr=0.17 muon_momentum=0.3 muon_nesterov=False muon_grad_momentum_norm_ratio=0.773078
train_loss run=49 step=3/30 loss=2.0220 head_lr=1072 muon_lr=0.15 muon_momentum=0.3 muon_nesterov=False muon_grad_momentum_norm_ratio=0.778381
train_loss run=49 step=4/30 loss=1.8683 head_lr=1072 muon_lr=0.12 muon_momentum=0.3 muon_nesterov=False muon_grad_momentum_norm_ratio=0.692628
train_loss run=49 step=5/30 loss=1.7540 head_lr=1072 muon_lr=0.095 muon_momentum=0.3 muon_nesterov=False muon_grad_momentum_norm_ratio=0.769426
train_loss run=49 step=6/30 loss=1.6241 head_lr=1072 muon_lr=0.069 muon_momentum=0.3 muon_nesterov=False muon_grad_momentum_norm_ratio=0.843909
train_loss run=49 step=7/30 loss=1.5295 head_lr=1072 muon_lr=0.043 muon_momentum=0.3 muon_nesterov=False muon_grad_momentum_norm_ratio=0.741251
main interval: 0.043 0.043 0.3 loss=1.230641
main interval: 0.072 0.072 0.3 loss=1.222656
main interval: 0.072 0.043 0.3 loss=1.167700
main interval: 0.072 0.026 0.3 loss=1.125409
main interval: 0.043 0.072 0.3 loss=1.249065
main interval: 0.043 0.026 0.3 loss=1.160059
main interval: 0.026 0.072 0.3 loss=1.314533
main interval: 0.026 0.043 0.3 loss=1.225948
main interval: 0.026 0.026 0.3 loss=1.212949
main interval: 0.043 0.043 0.2 loss=1.227788
main interval: 0.043 0.043 0.4 loss=1.182627
main interval: 0.12 0.043 0.3 loss=1.134146
main interval: 0.12 0.026 0.3 loss=1.118612
main interval: 0.12 0.016 0.3 loss=1.104815
main interval: 0.072 0.016 0.3 loss=1.106725
main interval: 0.043 0.016 0.3 loss=1.144518
main interval: 0.072 0.026 0.2 loss=1.155045
main interval: 0.072 0.026 0.4 loss=1.111103
main interval: 0.2 0.026 0.3 loss=1.146534
main interval: 0.2 0.016 0.3 loss=1.153297
main interval: 0.2 0.0093 0.3 loss=1.139605
main interval: 0.12 0.0093 0.3 loss=1.120588
main interval: 0.072 0.0093 0.3 loss=1.112303
main interval: 0.12 0.016 0.2 loss=1.111809
main interval: 0.12 0.016 0.4 loss=1.076873
main interval: 0.2 0.026 0.4 loss=1.107851
main interval: 0.2 0.016 0.4 loss=1.140889
main interval: 0.2 0.0093 0.4 loss=1.138631
main interval: 0.12 0.026 0.4 loss=1.092160
main interval: 0.12 0.0093 0.4 loss=1.094118
main interval: 0.072 0.016 0.4 loss=1.088123
main interval: 0.072 0.0093 0.4 loss=1.084784
main interval: 0.12 0.016 0.5 loss=1.055732
main interval: 0.2 0.026 0.5 loss=1.093466
main interval: 0.2 0.016 0.5 loss=1.102124
main interval: 0.2 0.0093 0.5 loss=1.115909
main interval: 0.12 0.026 0.5 loss=1.060907
main interval: 0.12 0.0093 0.5 loss=1.068586
main interval: 0.072 0.026 0.5 loss=1.059198
main interval: 0.072 0.016 0.5 loss=1.053196
main interval: 0.072 0.0093 0.5 loss=1.048455
main interval: 0.12 0.016 0.6 loss=1.030350
main interval: 0.2 0.026 0.6 loss=1.073783
main interval: 0.2 0.016 0.6 loss=1.101709
main interval: 0.2 0.0093 0.6 loss=1.084702
main interval: 0.12 0.026 0.6 loss=1.031711
main interval: 0.12 0.0093 0.6 loss=1.016858
main interval: 0.072 0.026 0.6 loss=1.018031
main interval: 0.072 0.016 0.6 loss=1.003577
main interval: 0.072 0.0093 0.6 loss=1.007065
main interval: 0.12 0.016 0.7 loss=0.975873
main interval: 0.2 0.026 0.7 loss=1.085124
main interval: 0.2 0.016 0.7 loss=1.049747
main interval: 0.2 0.0093 0.7 loss=1.036774
main interval: 0.12 0.026 0.7 loss=0.988220
main interval: 0.12 0.0093 0.7 loss=0.982226
main interval: 0.072 0.026 0.7 loss=0.986422
main interval: 0.072 0.016 0.7 loss=0.974750
main interval: 0.072 0.0093 0.7 loss=0.974505
main interval: 0.12 0.016 0.8 loss=0.957652
main interval: 0.2 0.026 0.8 loss=1.011635
main interval: 0.2 0.016 0.8 loss=1.010937
main interval: 0.2 0.0093 0.8 loss=1.006898
main interval: 0.12 0.026 0.8 loss=0.961078
main interval: 0.12 0.0093 0.8 loss=0.950557
main interval: 0.072 0.026 0.8 loss=0.949904
main interval: 0.072 0.016 0.8 loss=0.951088
main interval: 0.072 0.0093 0.8 loss=0.963099
main interval: 0.12 0.016 0.9 loss=0.957147
main interval: 0.12 0.043 0.8 loss=0.937821
main interval: 0.072 0.043 0.8 loss=0.974308
main interval: 0.043 0.043 0.8 loss=1.031162
main interval: 0.043 0.026 0.8 loss=1.002201
main interval: 0.043 0.016 0.8 loss=1.011450
main interval: 0.072 0.026 0.9 loss=0.946209
main interval: 0.2 0.072 0.8 loss=1.042347
main interval: 0.2 0.043 0.8 loss=0.984810
main interval: 0.12 0.072 0.8 loss=0.975783
main interval: 0.072 0.072 0.8 loss=0.982069
main interval: 0.12 0.043 0.7 loss=0.942641
main interval: 0.12 0.043 0.9 loss=0.964658
best_muon_lr=[0.12,0.043] best_muon_momentum=0.8 interval_loss=0.937821 final_loss=0.937821 evaluated_interval_configs=81 evaluated_configs=81
train_loss run=49 step=8/30 loss=1.4645 head_lr=1072 muon_lr=0.12 muon_momentum=0.8 muon_nesterov=False muon_grad_momentum_norm_ratio=0.304736
train_loss run=49 step=9/30 loss=1.3998 head_lr=1072 muon_lr=0.11 muon_momentum=0.8 muon_nesterov=False muon_grad_momentum_norm_ratio=0.555976
train_loss run=49 step=10/30 loss=1.2451 head_lr=1072 muon_lr=0.094 muon_momentum=0.8 muon_nesterov=False muon_grad_momentum_norm_ratio=0.584492
train_loss run=49 step=11/30 loss=1.1292 head_lr=1072 muon_lr=0.081 muon_momentum=0.8 muon_nesterov=False muon_grad_momentum_norm_ratio=0.512024
train_loss run=49 step=12/30 loss=1.0423 head_lr=1072 muon_lr=0.069 muon_momentum=0.8 muon_nesterov=False muon_grad_momentum_norm_ratio=0.561284
train_loss run=49 step=13/30 loss=0.9854 head_lr=1072 muon_lr=0.056 muon_momentum=0.8 muon_nesterov=False muon_grad_momentum_norm_ratio=0.505858
train_loss run=49 step=14/30 loss=0.9378 head_lr=1072 muon_lr=0.043 muon_momentum=0.8 muon_nesterov=False muon_grad_momentum_norm_ratio=0.484242
main interval: 0.043 0.043 0.8 loss=0.908921
main interval: 0.072 0.072 0.8 loss=0.902093
main interval: 0.072 0.043 0.8 loss=0.888251
main interval: 0.072 0.026 0.8 loss=0.882730
main interval: 0.043 0.072 0.8 loss=0.915543
main interval: 0.043 0.026 0.8 loss=0.880401
main interval: 0.026 0.072 0.8 loss=0.924072
main interval: 0.026 0.043 0.8 loss=0.891969
main interval: 0.026 0.026 0.8 loss=0.879728
main interval: 0.043 0.043 0.7 loss=0.900843
main interval: 0.043 0.043 0.9 loss=0.887471
main interval: 0.043 0.016 0.8 loss=0.876933
main interval: 0.026 0.016 0.8 loss=0.877337
main interval: 0.016 0.043 0.8 loss=0.911178
main interval: 0.016 0.026 0.8 loss=0.882079
main interval: 0.016 0.016 0.8 loss=0.880335
main interval: 0.026 0.026 0.7 loss=0.887871
main interval: 0.026 0.026 0.9 loss=0.880936
main interval: 0.072 0.016 0.8 loss=0.883019
main interval: 0.072 0.0093 0.8 loss=0.882118
main interval: 0.043 0.0093 0.8 loss=0.878079
main interval: 0.026 0.0093 0.8 loss=0.878158
main interval: 0.043 0.016 0.7 loss=0.878774
main interval: 0.043 0.016 0.9 loss=0.880841
best_muon_lr=[0.043,0.016] best_muon_momentum=0.8 interval_loss=0.876933 final_loss=0.876933 evaluated_interval_configs=24 evaluated_configs=24
train_loss run=49 step=15/30 loss=0.9383 head_lr=1072 muon_lr=0.043 muon_momentum=0.8 muon_nesterov=False muon_grad_momentum_norm_ratio=0.634654
train_loss run=49 step=16/30 loss=0.9076 head_lr=1072 muon_lr=0.038 muon_momentum=0.8 muon_nesterov=False muon_grad_momentum_norm_ratio=0.598611
train_loss run=49 step=17/30 loss=0.8964 head_lr=1072 muon_lr=0.034 muon_momentum=0.8 muon_nesterov=False muon_grad_momentum_norm_ratio=0.48262
train_loss run=49 step=18/30 loss=0.8858 head_lr=1072 muon_lr=0.029 muon_momentum=0.8 muon_nesterov=False muon_grad_momentum_norm_ratio=0.517371
train_loss run=49 step=19/30 loss=0.8830 head_lr=1072 muon_lr=0.025 muon_momentum=0.8 muon_nesterov=False muon_grad_momentum_norm_ratio=0.385726
train_loss run=49 step=20/30 loss=0.8796 head_lr=1072 muon_lr=0.021 muon_momentum=0.8 muon_nesterov=False muon_grad_momentum_norm_ratio=0.432898
train_loss run=49 step=21/30 loss=0.8769 head_lr=1072 muon_lr=0.016 muon_momentum=0.8 muon_nesterov=False muon_grad_momentum_norm_ratio=0.40554
main interval: 0.016 0.016 0.8 loss=0.872305
main interval: 0.026 0.026 0.8 loss=0.876048
main interval: 0.026 0.016 0.8 loss=0.871750
main interval: 0.026 0.0093 0.8 loss=0.869824
main interval: 0.016 0.026 0.8 loss=0.877980
main interval: 0.016 0.0093 0.8 loss=0.869923
main interval: 0.0093 0.026 0.8 loss=0.879071
main interval: 0.0093 0.016 0.8 loss=0.871385
main interval: 0.0093 0.0093 0.8 loss=0.869927
main interval: 0.016 0.016 0.7 loss=0.872761
main interval: 0.016 0.016 0.9 loss=0.872310
main interval: 0.043 0.016 0.8 loss=0.871741
main interval: 0.043 0.0093 0.8 loss=0.873637
main interval: 0.043 0.0056 0.8 loss=0.871395
main interval: 0.026 0.0056 0.8 loss=0.870104
main interval: 0.016 0.0056 0.8 loss=0.869458
main interval: 0.026 0.0093 0.7 loss=0.870095
main interval: 0.026 0.0093 0.9 loss=0.870305
main interval: 0.026 0.0034 0.8 loss=0.869324
main interval: 0.016 0.0034 0.8 loss=0.869761
main interval: 0.0093 0.0056 0.8 loss=0.869982
main interval: 0.0093 0.0034 0.8 loss=0.870266
main interval: 0.016 0.0056 0.7 loss=0.869270
main interval: 0.016 0.0056 0.9 loss=0.869515
main interval: 0.026 0.0056 0.7 loss=0.869021
main interval: 0.026 0.0034 0.7 loss=0.869765
main interval: 0.016 0.0093 0.7 loss=0.870106
main interval: 0.016 0.0034 0.7 loss=0.869714
main interval: 0.0093 0.0093 0.7 loss=0.870784
main interval: 0.0093 0.0056 0.7 loss=0.870010
main interval: 0.0093 0.0034 0.7 loss=0.870175
main interval: 0.016 0.0056 0.6 loss=0.869879
main interval: 0.043 0.0093 0.7 loss=0.872938
main interval: 0.043 0.0056 0.7 loss=0.871369
main interval: 0.043 0.0034 0.7 loss=0.873340
main interval: 0.026 0.0056 0.6 loss=0.869874
best_muon_lr=[0.026,0.0056] best_muon_momentum=0.7 interval_loss=0.869021 final_loss=0.869021 evaluated_interval_configs=36 evaluated_configs=36
train_loss run=49 step=22/30 loss=0.8784 head_lr=1072 muon_lr=0.026 muon_momentum=0.7 muon_nesterov=False muon_grad_momentum_norm_ratio=0.623617
train_loss run=49 step=23/30 loss=0.8771 head_lr=1072 muon_lr=0.023 muon_momentum=0.7 muon_nesterov=False muon_grad_momentum_norm_ratio=0.707827
train_loss run=49 step=24/30 loss=0.8753 head_lr=1072 muon_lr=0.019 muon_momentum=0.7 muon_nesterov=False muon_grad_momentum_norm_ratio=0.679455
train_loss run=49 step=25/30 loss=0.8722 head_lr=1072 muon_lr=0.016 muon_momentum=0.7 muon_nesterov=False muon_grad_momentum_norm_ratio=0.624976
train_loss run=49 step=26/30 loss=0.8711 head_lr=1072 muon_lr=0.012 muon_momentum=0.7 muon_nesterov=False muon_grad_momentum_norm_ratio=0.608735
train_loss run=49 step=27/30 loss=0.8698 head_lr=1072 muon_lr=0.009 muon_momentum=0.7 muon_nesterov=False muon_grad_momentum_norm_ratio=0.640476
train_loss run=49 step=28/30 loss=0.8690 head_lr=1072 muon_lr=0.0056 muon_momentum=0.7 muon_nesterov=False muon_grad_momentum_norm_ratio=0.566993
main interval: 0.0056 0.0056 0.7 loss=0.868584
main interval: 0.0093 0.0093 0.7 loss=0.869507
main interval: 0.0093 0.0056 0.7 loss=0.868572
main interval: 0.0093 0.0034 0.7 loss=0.869228
main interval: 0.0056 0.0093 0.7 loss=0.869691
main interval: 0.0056 0.0034 0.7 loss=0.868697
main interval: 0.0034 0.0093 0.7 loss=0.870274
main interval: 0.0034 0.0056 0.7 loss=0.869134
main interval: 0.0034 0.0034 0.7 loss=0.868724
main interval: 0.0056 0.0056 0.6 loss=0.869006
main interval: 0.0056 0.0056 0.8 loss=0.868955
main interval: 0.016 0.0093 0.7 loss=0.869160
main interval: 0.016 0.0056 0.7 loss=0.872756
main interval: 0.016 0.0034 0.7 loss=0.873152
main interval: 0.0093 0.0056 0.6 loss=0.868991
main interval: 0.0093 0.0056 0.8 loss=0.868980
best_muon_lr=[0.0093,0.0056] best_muon_momentum=0.7 interval_loss=0.868572 final_loss=0.868572 evaluated_interval_configs=16 evaluated_configs=16
train_loss run=49 step=29/30 loss=0.8705 head_lr=1072 muon_lr=0.0093 muon_momentum=0.7 muon_nesterov=False muon_grad_momentum_norm_ratio=0.462333
train_loss run=49 step=30/30 loss=0.8686 head_lr=1072 muon_lr=0.0056 muon_momentum=0.7 muon_nesterov=False muon_grad_momentum_norm_ratio=0.789942
Batch size:          10000
N steps:             7
M cooldown steps:    0
Interval scheduler:  linear
LR connectedness:    jump_allowed
Muon orthogonalize:  True
Momentum config:     search_momentum_fixed_nesterov_false
Search momentum:     True
Muon nesterov:       False
Initial Muon lr:     0.2
Initial Muon lr k:   0
Initial Muon mom:    0.6
Initial Muon mom i:  6
Final start lr:      0.0093
Final start lr k:    6
Final Muon lr:       0.0056
Final Muon lr k:     7
Final end lr:        0.0056
Final end lr k:      7
Final Muon momentum: 0.7
Final Muon nesterov: False
Final Muon mom i:    7
SGD lr mult:         0.8
Initial train loss:  2.314071
Final train loss:    0.868572
Run seconds:         345.414
cifar_baseline2_overfit_n_search run=50 batch_size=10000 train_steps=30 N=7 M=0 interval_scheduler=linear lr_connectedness=continuous_double muon_orthogonalize=True momentum_config=search_momentum_fixed_nesterov_false search_momentum=True muon_nesterov=False initial_muon_lr=0.2 initial_muon_lr_k=0 initial_muon_momentum=0.6 initial_muon_momentum_index=6
train_loss run=50 step=0/30 loss=2.3141 head_lr=1072 muon_lr=0.2 muon_momentum=0.6 muon_nesterov=False muon_grad_momentum_norm_ratio=none
main interval: 0.2 0.2 0.6 loss=1.653466
main interval: 0.33 0.33 0.6 loss=1.778172
main interval: 0.33 0.2 0.6 loss=1.660238
main interval: 0.33 0.12 0.6 loss=1.587159
main interval: 0.2 0.33 0.6 loss=1.740391
main interval: 0.2 0.12 0.6 loss=1.573415
main interval: 0.12 0.33 0.6 loss=1.890219
main interval: 0.12 0.2 0.6 loss=1.777185
main interval: 0.12 0.12 0.6 loss=1.654588
main interval: 0.2 0.2 0.5 loss=1.667027
main interval: 0.2 0.2 0.7 loss=1.625770
main interval: 0.33 0.072 0.6 loss=1.564930
main interval: 0.2 0.072 0.6 loss=1.542603
main interval: 0.12 0.072 0.6 loss=1.590097
main interval: 0.2 0.12 0.5 loss=1.581071
main interval: 0.2 0.12 0.7 loss=1.576954
main interval: 0.33 0.043 0.6 loss=1.567143
main interval: 0.2 0.043 0.6 loss=1.544128
main interval: 0.12 0.043 0.6 loss=1.587888
main interval: 0.2 0.072 0.5 loss=1.536269
main interval: 0.2 0.072 0.7 loss=1.546630
main interval: 0.33 0.12 0.5 loss=1.602354
main interval: 0.33 0.072 0.5 loss=1.559441
main interval: 0.33 0.043 0.5 loss=1.555034
main interval: 0.2 0.043 0.5 loss=1.535569
main interval: 0.12 0.12 0.5 loss=1.686649
main interval: 0.12 0.072 0.5 loss=1.598273
main interval: 0.12 0.043 0.5 loss=1.582699
main interval: 0.2 0.072 0.4 loss=1.533171
main interval: 0.33 0.12 0.4 loss=1.617615
main interval: 0.33 0.072 0.4 loss=1.565709
main interval: 0.33 0.043 0.4 loss=1.555799
main interval: 0.2 0.12 0.4 loss=1.575443
main interval: 0.2 0.043 0.4 loss=1.530977
main interval: 0.12 0.12 0.4 loss=1.697784
main interval: 0.12 0.072 0.4 loss=1.610761
main interval: 0.12 0.043 0.4 loss=1.582444
main interval: 0.2 0.072 0.3 loss=1.535548
main interval: 0.33 0.026 0.4 loss=1.567398
main interval: 0.2 0.026 0.4 loss=1.548494
main interval: 0.12 0.026 0.4 loss=1.596146
main interval: 0.2 0.043 0.3 loss=1.529468
main interval: 0.33 0.072 0.3 loss=1.573137
main interval: 0.33 0.043 0.3 loss=1.559618
main interval: 0.33 0.026 0.3 loss=1.568963
main interval: 0.2 0.026 0.3 loss=1.546030
main interval: 0.12 0.072 0.3 loss=1.616265
main interval: 0.12 0.043 0.3 loss=1.586285
main interval: 0.12 0.026 0.3 loss=1.596025
main interval: 0.2 0.043 0.2 loss=1.535260
best_muon_lr=[0.2,0.043] best_muon_momentum=0.3 interval_loss=1.529468 final_loss=1.529468 evaluated_interval_configs=50 evaluated_configs=50
train_loss run=50 step=1/30 loss=2.2522 head_lr=1072 muon_lr=0.2 muon_momentum=0.3 muon_nesterov=False muon_grad_momentum_norm_ratio=1
train_loss run=50 step=2/30 loss=2.2336 head_lr=1072 muon_lr=0.17 muon_momentum=0.3 muon_nesterov=False muon_grad_momentum_norm_ratio=0.773078
train_loss run=50 step=3/30 loss=2.0220 head_lr=1072 muon_lr=0.15 muon_momentum=0.3 muon_nesterov=False muon_grad_momentum_norm_ratio=0.778381
train_loss run=50 step=4/30 loss=1.8683 head_lr=1072 muon_lr=0.12 muon_momentum=0.3 muon_nesterov=False muon_grad_momentum_norm_ratio=0.692628
train_loss run=50 step=5/30 loss=1.7540 head_lr=1072 muon_lr=0.095 muon_momentum=0.3 muon_nesterov=False muon_grad_momentum_norm_ratio=0.769426
train_loss run=50 step=6/30 loss=1.6241 head_lr=1072 muon_lr=0.069 muon_momentum=0.3 muon_nesterov=False muon_grad_momentum_norm_ratio=0.843909
train_loss run=50 step=7/30 loss=1.5295 head_lr=1072 muon_lr=0.043 muon_momentum=0.3 muon_nesterov=False muon_grad_momentum_norm_ratio=0.741251
main interval: 0.043 0.043 0.3 loss=1.230641
main interval: 0.043 0.072 0.3 loss=1.330371
main interval: 0.043 0.026 0.3 loss=1.162321
main interval: 0.043 0.043 0.2 loss=1.228619
main interval: 0.043 0.043 0.4 loss=1.165460
main interval: 0.043 0.016 0.3 loss=1.164321
main interval: 0.043 0.026 0.2 loss=1.194658
main interval: 0.043 0.026 0.4 loss=1.149695
main interval: 0.043 0.016 0.4 loss=1.120893
main interval: 0.043 0.026 0.5 loss=1.113630
main interval: 0.043 0.043 0.5 loss=1.156777
main interval: 0.043 0.016 0.5 loss=1.115081
main interval: 0.043 0.026 0.6 loss=1.074681
main interval: 0.043 0.043 0.6 loss=1.122358
main interval: 0.043 0.016 0.6 loss=1.084081
main interval: 0.043 0.026 0.7 loss=1.057790
main interval: 0.043 0.043 0.7 loss=1.041881
main interval: 0.043 0.016 0.7 loss=1.044300
main interval: 0.043 0.026 0.8 loss=1.009881
main interval: 0.043 0.043 0.8 loss=1.035735
main interval: 0.043 0.016 0.8 loss=1.071089
main interval: 0.043 0.026 0.9 loss=0.993703
main interval: 0.043 0.043 0.9 loss=0.992743
main interval: 0.043 0.016 0.9 loss=1.016116
main interval: 0.043 0.026 0.95 loss=0.980385
main interval: 0.043 0.043 0.95 loss=0.970030
main interval: 0.043 0.016 0.95 loss=1.015371
main interval: 0.043 0.026 0.99 loss=0.983166
main interval: 0.043 0.072 0.95 loss=0.997294
main interval: 0.043 0.043 0.99 loss=0.962325
main interval: 0.043 0.072 0.99 loss=0.960752
main interval: 0.043 0.12 0.99 loss=1.040565
best_muon_lr=[0.043,0.072] best_muon_momentum=0.99 interval_loss=0.960752 final_loss=0.960752 evaluated_interval_configs=32 evaluated_configs=32
train_loss run=50 step=8/30 loss=1.4354 head_lr=1072 muon_lr=0.043 muon_momentum=0.99 muon_nesterov=False muon_grad_momentum_norm_ratio=0.0920867
train_loss run=50 step=9/30 loss=1.3270 head_lr=1072 muon_lr=0.048 muon_momentum=0.99 muon_nesterov=False muon_grad_momentum_norm_ratio=0.079384
train_loss run=50 step=10/30 loss=1.2070 head_lr=1072 muon_lr=0.053 muon_momentum=0.99 muon_nesterov=False muon_grad_momentum_norm_ratio=0.0970828
train_loss run=50 step=11/30 loss=1.0965 head_lr=1072 muon_lr=0.057 muon_momentum=0.99 muon_nesterov=False muon_grad_momentum_norm_ratio=0.120905
train_loss run=50 step=12/30 loss=1.0114 head_lr=1072 muon_lr=0.062 muon_momentum=0.99 muon_nesterov=False muon_grad_momentum_norm_ratio=0.132805
train_loss run=50 step=13/30 loss=0.9643 head_lr=1072 muon_lr=0.067 muon_momentum=0.99 muon_nesterov=False muon_grad_momentum_norm_ratio=0.131146
train_loss run=50 step=14/30 loss=0.9608 head_lr=1072 muon_lr=0.072 muon_momentum=0.99 muon_nesterov=False muon_grad_momentum_norm_ratio=0.101017
main interval: 0.072 0.072 0.99 loss=0.994839
main interval: 0.072 0.12 0.99 loss=0.931485
main interval: 0.072 0.043 0.99 loss=0.891777
main interval: 0.072 0.072 0.95 loss=0.893493
main interval: 0.072 0.026 0.99 loss=0.882624
main interval: 0.072 0.043 0.95 loss=0.885179
main interval: 0.072 0.016 0.99 loss=0.880569
main interval: 0.072 0.026 0.95 loss=0.881340
main interval: 0.072 0.0093 0.99 loss=0.881693
main interval: 0.072 0.016 0.95 loss=0.880855
best_muon_lr=[0.072,0.016] best_muon_momentum=0.99 interval_loss=0.880569 final_loss=0.880569 evaluated_interval_configs=10 evaluated_configs=10
train_loss run=50 step=15/30 loss=0.9189 head_lr=1072 muon_lr=0.072 muon_momentum=0.99 muon_nesterov=False muon_grad_momentum_norm_ratio=0.222466
train_loss run=50 step=16/30 loss=0.9077 head_lr=1072 muon_lr=0.063 muon_momentum=0.99 muon_nesterov=False muon_grad_momentum_norm_ratio=0.177457
train_loss run=50 step=17/30 loss=0.8983 head_lr=1072 muon_lr=0.053 muon_momentum=0.99 muon_nesterov=False muon_grad_momentum_norm_ratio=0.118087
train_loss run=50 step=18/30 loss=0.8899 head_lr=1072 muon_lr=0.044 muon_momentum=0.99 muon_nesterov=False muon_grad_momentum_norm_ratio=0.102805
train_loss run=50 step=19/30 loss=0.8841 head_lr=1072 muon_lr=0.035 muon_momentum=0.99 muon_nesterov=False muon_grad_momentum_norm_ratio=0.0861313
train_loss run=50 step=20/30 loss=0.8817 head_lr=1072 muon_lr=0.025 muon_momentum=0.99 muon_nesterov=False muon_grad_momentum_norm_ratio=0.0707311
train_loss run=50 step=21/30 loss=0.8806 head_lr=1072 muon_lr=0.016 muon_momentum=0.99 muon_nesterov=False muon_grad_momentum_norm_ratio=0.0592582
main interval: 0.016 0.016 0.99 loss=0.879934
main interval: 0.016 0.026 0.99 loss=0.877900
main interval: 0.016 0.0093 0.99 loss=0.873364
main interval: 0.016 0.016 0.95 loss=0.874256
main interval: 0.016 0.0056 0.99 loss=0.872171
main interval: 0.016 0.0093 0.95 loss=0.872606
main interval: 0.016 0.0034 0.99 loss=0.871404
main interval: 0.016 0.0056 0.95 loss=0.871594
main interval: 0.016 0.002 0.99 loss=0.870866
main interval: 0.016 0.0034 0.95 loss=0.870991
main interval: 0.016 0.0012 0.99 loss=0.870517
main interval: 0.016 0.002 0.95 loss=0.870721
main interval: 0.016 0.00073 0.99 loss=0.870516
main interval: 0.016 0.0012 0.95 loss=0.871063
main interval: 0.016 0.00044 0.99 loss=0.871186
main interval: 0.016 0.00073 0.95 loss=0.872288
best_muon_lr=[0.016,0.00073] best_muon_momentum=0.99 interval_loss=0.870516 final_loss=0.870516 evaluated_interval_configs=16 evaluated_configs=16
train_loss run=50 step=22/30 loss=0.8766 head_lr=1072 muon_lr=0.016 muon_momentum=0.99 muon_nesterov=False muon_grad_momentum_norm_ratio=0.200784
train_loss run=50 step=23/30 loss=0.8747 head_lr=1072 muon_lr=0.013 muon_momentum=0.99 muon_nesterov=False muon_grad_momentum_norm_ratio=0.178098
train_loss run=50 step=24/30 loss=0.8730 head_lr=1072 muon_lr=0.011 muon_momentum=0.99 muon_nesterov=False muon_grad_momentum_norm_ratio=0.173035
train_loss run=50 step=25/30 loss=0.8717 head_lr=1072 muon_lr=0.0084 muon_momentum=0.99 muon_nesterov=False muon_grad_momentum_norm_ratio=0.147365
train_loss run=50 step=26/30 loss=0.8710 head_lr=1072 muon_lr=0.0058 muon_momentum=0.99 muon_nesterov=False muon_grad_momentum_norm_ratio=0.118436
train_loss run=50 step=27/30 loss=0.8706 head_lr=1072 muon_lr=0.0033 muon_momentum=0.99 muon_nesterov=False muon_grad_momentum_norm_ratio=0.095203
train_loss run=50 step=28/30 loss=0.8705 head_lr=1072 muon_lr=0.00073 muon_momentum=0.99 muon_nesterov=False muon_grad_momentum_norm_ratio=0.0789944
main interval: 0.00073 0.00073 0.99 loss=0.870321
main interval: 0.00073 0.0012 0.99 loss=0.870220
main interval: 0.00073 0.00044 0.99 loss=0.870255
main interval: 0.00073 0.00073 0.95 loss=0.870193
main interval: 0.00073 0.0012 0.95 loss=0.870113
main interval: 0.00073 0.00044 0.95 loss=0.870193
main interval: 0.00073 0.00073 0.9 loss=0.870135
main interval: 0.00073 0.002 0.95 loss=0.869976
main interval: 0.00073 0.0012 0.9 loss=0.870044
main interval: 0.00073 0.0034 0.95 loss=0.869903
main interval: 0.00073 0.002 0.9 loss=0.869944
main interval: 0.00073 0.002 0.99 loss=0.869938
main interval: 0.00073 0.0056 0.95 loss=0.870090
main interval: 0.00073 0.0034 0.9 loss=0.869894
main interval: 0.00073 0.0034 0.99 loss=0.869895
main interval: 0.00073 0.0056 0.9 loss=0.870106
main interval: 0.00073 0.0034 0.8 loss=0.869894
main interval: 0.00073 0.0056 0.8 loss=0.870108
main interval: 0.00073 0.002 0.8 loss=0.869925
main interval: 0.00073 0.0034 0.7 loss=0.869889
main interval: 0.00073 0.0056 0.7 loss=0.870095
main interval: 0.00073 0.002 0.7 loss=0.869922
main interval: 0.00073 0.0034 0.6 loss=0.869877
main interval: 0.00073 0.0056 0.6 loss=0.870062
main interval: 0.00073 0.002 0.6 loss=0.869916
main interval: 0.00073 0.0034 0.5 loss=0.869860
main interval: 0.00073 0.0056 0.5 loss=0.870026
main interval: 0.00073 0.002 0.5 loss=0.869910
main interval: 0.00073 0.0034 0.4 loss=0.869842
main interval: 0.00073 0.0056 0.4 loss=0.869985
main interval: 0.00073 0.002 0.4 loss=0.869903
main interval: 0.00073 0.0034 0.3 loss=0.869821
main interval: 0.00073 0.0056 0.3 loss=0.869940
main interval: 0.00073 0.002 0.3 loss=0.869896
main interval: 0.00073 0.0034 0.2 loss=0.869797
main interval: 0.00073 0.0056 0.2 loss=0.869887
main interval: 0.00073 0.002 0.2 loss=0.869887
main interval: 0.00073 0.0034 0.1 loss=0.869771
main interval: 0.00073 0.0056 0.1 loss=0.869827
main interval: 0.00073 0.002 0.1 loss=0.869877
main interval: 0.00073 0.0034 0 loss=0.869745
main interval: 0.00073 0.0056 0 loss=0.869767
main interval: 0.00073 0.002 0 loss=0.869867
best_muon_lr=[0.00073,0.0034] best_muon_momentum=0 interval_loss=0.869745 final_loss=0.869745 evaluated_interval_configs=43 evaluated_configs=43
train_loss run=50 step=29/30 loss=0.8702 head_lr=1072 muon_lr=0.00073 muon_momentum=0 muon_nesterov=False muon_grad_momentum_norm_ratio=1
train_loss run=50 step=30/30 loss=0.8697 head_lr=1072 muon_lr=0.0034 muon_momentum=0 muon_nesterov=False muon_grad_momentum_norm_ratio=1
Batch size:          10000
N steps:             7
M cooldown steps:    0
Interval scheduler:  linear
LR connectedness:    continuous_double
Muon orthogonalize:  True
Momentum config:     search_momentum_fixed_nesterov_false
Search momentum:     True
Muon nesterov:       False
Initial Muon lr:     0.2
Initial Muon lr k:   0
Initial Muon mom:    0.6
Initial Muon mom i:  6
Final start lr:      0.00073
Final start lr k:    11
Final Muon lr:       0.0034
Final Muon lr k:     8
Final end lr:        0.0034
Final end lr k:      8
Final Muon momentum: 0
Final Muon nesterov: False
Final Muon mom i:    0
SGD lr mult:         0.8
Initial train loss:  2.314071
Final train loss:    0.869745
Run seconds:         213.708
cifar_baseline2_overfit_n_search run=51 batch_size=10000 train_steps=30 N=7 M=0 interval_scheduler=linear lr_connectedness=continuous_single muon_orthogonalize=True momentum_config=search_momentum_fixed_nesterov_false search_momentum=True muon_nesterov=False initial_muon_lr=0.2 initial_muon_lr_k=0 initial_muon_momentum=0.6 initial_muon_momentum_index=6
train_loss run=51 step=0/30 loss=2.3141 head_lr=1072 muon_lr=0.2 muon_momentum=0.6 muon_nesterov=False muon_grad_momentum_norm_ratio=none
main interval: 0.2 0.2 0.6 loss=1.653466
main interval: 0.33 0.33 0.6 loss=1.778172
main interval: 0.33 0.2 0.6 loss=1.660238
main interval: 0.33 0.12 0.6 loss=1.587159
main interval: 0.2 0.33 0.6 loss=1.740391
main interval: 0.2 0.12 0.6 loss=1.573415
main interval: 0.12 0.33 0.6 loss=1.890219
main interval: 0.12 0.2 0.6 loss=1.777185
main interval: 0.12 0.12 0.6 loss=1.654588
main interval: 0.2 0.2 0.5 loss=1.667027
main interval: 0.2 0.2 0.7 loss=1.625770
main interval: 0.33 0.072 0.6 loss=1.564930
main interval: 0.2 0.072 0.6 loss=1.542603
main interval: 0.12 0.072 0.6 loss=1.590097
main interval: 0.2 0.12 0.5 loss=1.581071
main interval: 0.2 0.12 0.7 loss=1.576954
main interval: 0.33 0.043 0.6 loss=1.567143
main interval: 0.2 0.043 0.6 loss=1.544128
main interval: 0.12 0.043 0.6 loss=1.587888
main interval: 0.2 0.072 0.5 loss=1.536269
main interval: 0.2 0.072 0.7 loss=1.546630
main interval: 0.33 0.12 0.5 loss=1.602354
main interval: 0.33 0.072 0.5 loss=1.559441
main interval: 0.33 0.043 0.5 loss=1.555034
main interval: 0.2 0.043 0.5 loss=1.535569
main interval: 0.12 0.12 0.5 loss=1.686649
main interval: 0.12 0.072 0.5 loss=1.598273
main interval: 0.12 0.043 0.5 loss=1.582699
main interval: 0.2 0.072 0.4 loss=1.533171
main interval: 0.33 0.12 0.4 loss=1.617615
main interval: 0.33 0.072 0.4 loss=1.565709
main interval: 0.33 0.043 0.4 loss=1.555799
main interval: 0.2 0.12 0.4 loss=1.575443
main interval: 0.2 0.043 0.4 loss=1.530977
main interval: 0.12 0.12 0.4 loss=1.697784
main interval: 0.12 0.072 0.4 loss=1.610761
main interval: 0.12 0.043 0.4 loss=1.582444
main interval: 0.2 0.072 0.3 loss=1.535548
main interval: 0.33 0.026 0.4 loss=1.567398
main interval: 0.2 0.026 0.4 loss=1.548494
main interval: 0.12 0.026 0.4 loss=1.596146
main interval: 0.2 0.043 0.3 loss=1.529468
main interval: 0.33 0.072 0.3 loss=1.573137
main interval: 0.33 0.043 0.3 loss=1.559618
main interval: 0.33 0.026 0.3 loss=1.568963
main interval: 0.2 0.026 0.3 loss=1.546030
main interval: 0.12 0.072 0.3 loss=1.616265
main interval: 0.12 0.043 0.3 loss=1.586285
main interval: 0.12 0.026 0.3 loss=1.596025
main interval: 0.2 0.043 0.2 loss=1.535260
best_muon_lr=[0.2,0.043] best_muon_momentum=0.3 interval_loss=1.529468 final_loss=1.529468 evaluated_interval_configs=50 evaluated_configs=50
train_loss run=51 step=1/30 loss=2.2522 head_lr=1072 muon_lr=0.2 muon_momentum=0.3 muon_nesterov=False muon_grad_momentum_norm_ratio=1
train_loss run=51 step=2/30 loss=2.2336 head_lr=1072 muon_lr=0.17 muon_momentum=0.3 muon_nesterov=False muon_grad_momentum_norm_ratio=0.773078
train_loss run=51 step=3/30 loss=2.0220 head_lr=1072 muon_lr=0.15 muon_momentum=0.3 muon_nesterov=False muon_grad_momentum_norm_ratio=0.778381
train_loss run=51 step=4/30 loss=1.8683 head_lr=1072 muon_lr=0.12 muon_momentum=0.3 muon_nesterov=False muon_grad_momentum_norm_ratio=0.692628
train_loss run=51 step=5/30 loss=1.7540 head_lr=1072 muon_lr=0.095 muon_momentum=0.3 muon_nesterov=False muon_grad_momentum_norm_ratio=0.769426
train_loss run=51 step=6/30 loss=1.6241 head_lr=1072 muon_lr=0.069 muon_momentum=0.3 muon_nesterov=False muon_grad_momentum_norm_ratio=0.843909
train_loss run=51 step=7/30 loss=1.5295 head_lr=1072 muon_lr=0.043 muon_momentum=0.3 muon_nesterov=False muon_grad_momentum_norm_ratio=0.741251
main interval: 0.043 0.043 0.3 loss=1.230641
main interval: 0.043 0.072 0.3 loss=1.296851
main interval: 0.043 0.026 0.3 loss=1.178909
main interval: 0.043 0.043 0.2 loss=1.220887
main interval: 0.043 0.043 0.4 loss=1.197267
main interval: 0.043 0.016 0.3 loss=1.159796
main interval: 0.043 0.026 0.2 loss=1.176177
main interval: 0.043 0.026 0.4 loss=1.152069
main interval: 0.043 0.016 0.4 loss=1.128259
main interval: 0.043 0.026 0.5 loss=1.101206
main interval: 0.043 0.043 0.5 loss=1.152822
main interval: 0.043 0.016 0.5 loss=1.124555
main interval: 0.043 0.026 0.6 loss=1.092954
main interval: 0.043 0.043 0.6 loss=1.086862
main interval: 0.043 0.016 0.6 loss=1.089473
main interval: 0.043 0.026 0.7 loss=1.056624
main interval: 0.043 0.043 0.7 loss=1.071630
main interval: 0.043 0.016 0.7 loss=1.087013
main interval: 0.043 0.026 0.8 loss=1.030837
main interval: 0.043 0.043 0.8 loss=1.033078
main interval: 0.043 0.016 0.8 loss=1.046684
main interval: 0.043 0.026 0.9 loss=1.007306
main interval: 0.043 0.043 0.9 loss=1.004104
main interval: 0.043 0.016 0.9 loss=1.044908
main interval: 0.043 0.026 0.95 loss=0.990347
main interval: 0.043 0.043 0.95 loss=0.973797
main interval: 0.043 0.016 0.95 loss=1.035346
main interval: 0.043 0.026 0.99 loss=0.990575
main interval: 0.043 0.072 0.95 loss=1.003161
main interval: 0.043 0.043 0.99 loss=0.968539
main interval: 0.043 0.072 0.99 loss=0.955058
main interval: 0.043 0.12 0.99 loss=1.031820
best_muon_lr=[0.043,0.072] best_muon_momentum=0.99 interval_loss=0.955058 final_loss=0.955058 evaluated_interval_configs=32 evaluated_configs=32
train_loss run=51 step=8/30 loss=1.4310 head_lr=1072 muon_lr=0.047 muon_momentum=0.99 muon_nesterov=False muon_grad_momentum_norm_ratio=0.0929038
train_loss run=51 step=9/30 loss=1.3186 head_lr=1072 muon_lr=0.051 muon_momentum=0.99 muon_nesterov=False muon_grad_momentum_norm_ratio=0.0819412
train_loss run=51 step=10/30 loss=1.1948 head_lr=1072 muon_lr=0.055 muon_momentum=0.99 muon_nesterov=False muon_grad_momentum_norm_ratio=0.0998586
train_loss run=51 step=11/30 loss=1.0815 head_lr=1072 muon_lr=0.06 muon_momentum=0.99 muon_nesterov=False muon_grad_momentum_norm_ratio=0.122572
train_loss run=51 step=12/30 loss=1.0029 head_lr=1072 muon_lr=0.064 muon_momentum=0.99 muon_nesterov=False muon_grad_momentum_norm_ratio=0.124602
train_loss run=51 step=13/30 loss=0.9599 head_lr=1072 muon_lr=0.068 muon_momentum=0.99 muon_nesterov=False muon_grad_momentum_norm_ratio=0.134143
train_loss run=51 step=14/30 loss=0.9551 head_lr=1072 muon_lr=0.072 muon_momentum=0.99 muon_nesterov=False muon_grad_momentum_norm_ratio=0.101883
main interval: 0.072 0.072 0.99 loss=0.963523
main interval: 0.072 0.12 0.99 loss=0.926041
main interval: 0.072 0.043 0.99 loss=0.891388
main interval: 0.072 0.072 0.95 loss=0.891987
main interval: 0.072 0.026 0.99 loss=0.882126
main interval: 0.072 0.043 0.95 loss=0.884945
main interval: 0.072 0.016 0.99 loss=0.880050
main interval: 0.072 0.026 0.95 loss=0.881363
main interval: 0.072 0.0093 0.99 loss=0.879991
main interval: 0.072 0.016 0.95 loss=0.880068
main interval: 0.072 0.0056 0.99 loss=0.881501
main interval: 0.072 0.0093 0.95 loss=0.880447
best_muon_lr=[0.072,0.0093] best_muon_momentum=0.99 interval_loss=0.879991 final_loss=0.879991 evaluated_interval_configs=12 evaluated_configs=12
train_loss run=51 step=15/30 loss=0.9168 head_lr=1072 muon_lr=0.063 muon_momentum=0.99 muon_nesterov=False muon_grad_momentum_norm_ratio=0.261245
train_loss run=51 step=16/30 loss=0.9072 head_lr=1072 muon_lr=0.054 muon_momentum=0.99 muon_nesterov=False muon_grad_momentum_norm_ratio=0.232157
train_loss run=51 step=17/30 loss=0.8969 head_lr=1072 muon_lr=0.045 muon_momentum=0.99 muon_nesterov=False muon_grad_momentum_norm_ratio=0.168392
train_loss run=51 step=18/30 loss=0.8886 head_lr=1072 muon_lr=0.036 muon_momentum=0.99 muon_nesterov=False muon_grad_momentum_norm_ratio=0.125485
train_loss run=51 step=19/30 loss=0.8840 head_lr=1072 muon_lr=0.027 muon_momentum=0.99 muon_nesterov=False muon_grad_momentum_norm_ratio=0.0934065
train_loss run=51 step=20/30 loss=0.8815 head_lr=1072 muon_lr=0.018 muon_momentum=0.99 muon_nesterov=False muon_grad_momentum_norm_ratio=0.0904528
train_loss run=51 step=21/30 loss=0.8800 head_lr=1072 muon_lr=0.0093 muon_momentum=0.99 muon_nesterov=False muon_grad_momentum_norm_ratio=0.0807326
main interval: 0.0093 0.0093 0.99 loss=0.877520
main interval: 0.0093 0.016 0.99 loss=0.878789
main interval: 0.0093 0.0056 0.99 loss=0.873266
main interval: 0.0093 0.0093 0.95 loss=0.874946
main interval: 0.0093 0.0034 0.99 loss=0.872521
main interval: 0.0093 0.0056 0.95 loss=0.873494
main interval: 0.0093 0.002 0.99 loss=0.872090
main interval: 0.0093 0.0034 0.95 loss=0.872674
main interval: 0.0093 0.0012 0.99 loss=0.871831
main interval: 0.0093 0.002 0.95 loss=0.872232
main interval: 0.0093 0.00073 0.99 loss=0.871693
main interval: 0.0093 0.0012 0.95 loss=0.872048
main interval: 0.0093 0.00044 0.99 loss=0.871643
main interval: 0.0093 0.00073 0.95 loss=0.872018
main interval: 0.0093 0.00026 0.99 loss=0.871647
main interval: 0.0093 0.00044 0.95 loss=0.872088
best_muon_lr=[0.0093,0.00044] best_muon_momentum=0.99 interval_loss=0.871643 final_loss=0.871643 evaluated_interval_configs=16 evaluated_configs=16
train_loss run=51 step=22/30 loss=0.8761 head_lr=1072 muon_lr=0.008 muon_momentum=0.99 muon_nesterov=False muon_grad_momentum_norm_ratio=0.173644
train_loss run=51 step=23/30 loss=0.8738 head_lr=1072 muon_lr=0.0068 muon_momentum=0.99 muon_nesterov=False muon_grad_momentum_norm_ratio=0.128289
train_loss run=51 step=24/30 loss=0.8725 head_lr=1072 muon_lr=0.0055 muon_momentum=0.99 muon_nesterov=False muon_grad_momentum_norm_ratio=0.0946468
train_loss run=51 step=25/30 loss=0.8719 head_lr=1072 muon_lr=0.0042 muon_momentum=0.99 muon_nesterov=False muon_grad_momentum_norm_ratio=0.0647038
train_loss run=51 step=26/30 loss=0.8717 head_lr=1072 muon_lr=0.003 muon_momentum=0.99 muon_nesterov=False muon_grad_momentum_norm_ratio=0.0470469
train_loss run=51 step=27/30 loss=0.8717 head_lr=1072 muon_lr=0.0017 muon_momentum=0.99 muon_nesterov=False muon_grad_momentum_norm_ratio=0.0481314
train_loss run=51 step=28/30 loss=0.8716 head_lr=1072 muon_lr=0.00044 muon_momentum=0.99 muon_nesterov=False muon_grad_momentum_norm_ratio=0.0531541
main interval: 0.00044 0.00044 0.99 loss=0.871562
main interval: 0.00044 0.00073 0.99 loss=0.871502
main interval: 0.00044 0.00026 0.99 loss=0.871503
main interval: 0.00044 0.00044 0.95 loss=0.871466
main interval: 0.00044 0.00073 0.95 loss=0.871409
main interval: 0.00044 0.00026 0.95 loss=0.871461
main interval: 0.00044 0.00044 0.9 loss=0.871417
main interval: 0.00044 0.0012 0.95 loss=0.871279
main interval: 0.00044 0.00073 0.9 loss=0.871334
main interval: 0.00044 0.002 0.95 loss=0.871157
main interval: 0.00044 0.0012 0.9 loss=0.871223
main interval: 0.00044 0.0012 0.99 loss=0.871214
main interval: 0.00044 0.0034 0.95 loss=0.871143
main interval: 0.00044 0.002 0.9 loss=0.871098
main interval: 0.00044 0.002 0.99 loss=0.871095
main interval: 0.00044 0.0034 0.99 loss=0.871113
best_muon_lr=[0.00044,0.002] best_muon_momentum=0.99 interval_loss=0.871095 final_loss=0.871095 evaluated_interval_configs=16 evaluated_configs=16
train_loss run=51 step=29/30 loss=0.8713 head_lr=1072 muon_lr=0.0012 muon_momentum=0.99 muon_nesterov=False muon_grad_momentum_norm_ratio=0.0904367
train_loss run=51 step=30/30 loss=0.8711 head_lr=1072 muon_lr=0.002 muon_momentum=0.99 muon_nesterov=False muon_grad_momentum_norm_ratio=0.0473594
Batch size:          10000
N steps:             7
M cooldown steps:    0
Interval scheduler:  linear
LR connectedness:    continuous_single
Muon orthogonalize:  True
Momentum config:     search_momentum_fixed_nesterov_false
Search momentum:     True
Muon nesterov:       False
Initial Muon lr:     0.2
Initial Muon lr k:   0
Initial Muon mom:    0.6
Initial Muon mom i:  6
Final start lr:      0.00044
Final start lr k:    12
Final Muon lr:       0.002
Final Muon lr k:     9
Final end lr:        0.002
Final end lr k:      9
Final Muon momentum: 0.99
Final Muon nesterov: False
Final Muon mom i:    11
SGD lr mult:         0.8
Initial train loss:  2.314071
Final train loss:    0.871095
Run seconds:         202.540
cifar_baseline2_overfit_n_search run=52 batch_size=10000 train_steps=30 N=9 M=0 interval_scheduler=constant lr_connectedness=jump_allowed muon_orthogonalize=True momentum_config=search_momentum_fixed_nesterov_false search_momentum=True muon_nesterov=False initial_muon_lr=0.2 initial_muon_lr_k=0 initial_muon_momentum=0.6 initial_muon_momentum_index=6
train_loss run=52 step=0/30 loss=2.3141 head_lr=1072 muon_lr=0.2 muon_momentum=0.6 muon_nesterov=False muon_grad_momentum_norm_ratio=none
main interval: 0.2 0.2 0.6 loss=1.588178
main interval: 0.33 0.33 0.6 loss=1.665738
main interval: 0.12 0.12 0.6 loss=1.490004
main interval: 0.2 0.2 0.5 loss=1.563889
main interval: 0.2 0.2 0.7 loss=1.592939
main interval: 0.072 0.072 0.6 loss=1.489049
main interval: 0.12 0.12 0.5 loss=1.483194
main interval: 0.12 0.12 0.7 loss=1.505617
main interval: 0.072 0.072 0.5 loss=1.504143
main interval: 0.12 0.12 0.4 loss=1.487327
best_muon_lr=[0.12,0.12] best_muon_momentum=0.5 interval_loss=1.483194 final_loss=1.483194 evaluated_interval_configs=10 evaluated_configs=10
train_loss run=52 step=1/30 loss=2.2544 head_lr=1072 muon_lr=0.12 muon_momentum=0.5 muon_nesterov=False muon_grad_momentum_norm_ratio=1
train_loss run=52 step=2/30 loss=2.2534 head_lr=1072 muon_lr=0.12 muon_momentum=0.5 muon_nesterov=False muon_grad_momentum_norm_ratio=0.679692
train_loss run=52 step=3/30 loss=2.0463 head_lr=1072 muon_lr=0.12 muon_momentum=0.5 muon_nesterov=False muon_grad_momentum_norm_ratio=0.667827
train_loss run=52 step=4/30 loss=1.8979 head_lr=1072 muon_lr=0.12 muon_momentum=0.5 muon_nesterov=False muon_grad_momentum_norm_ratio=0.554702
train_loss run=52 step=5/30 loss=1.8078 head_lr=1072 muon_lr=0.12 muon_momentum=0.5 muon_nesterov=False muon_grad_momentum_norm_ratio=0.627546
train_loss run=52 step=6/30 loss=1.7223 head_lr=1072 muon_lr=0.12 muon_momentum=0.5 muon_nesterov=False muon_grad_momentum_norm_ratio=0.775658
train_loss run=52 step=7/30 loss=1.6866 head_lr=1072 muon_lr=0.12 muon_momentum=0.5 muon_nesterov=False muon_grad_momentum_norm_ratio=0.700892
train_loss run=52 step=8/30 loss=1.5647 head_lr=1072 muon_lr=0.12 muon_momentum=0.5 muon_nesterov=False muon_grad_momentum_norm_ratio=0.760262
train_loss run=52 step=9/30 loss=1.4832 head_lr=1072 muon_lr=0.12 muon_momentum=0.5 muon_nesterov=False muon_grad_momentum_norm_ratio=0.610484
main interval: 0.12 0.12 0.5 loss=1.075016
main interval: 0.2 0.2 0.5 loss=1.174217
main interval: 0.072 0.072 0.5 loss=1.008783
main interval: 0.12 0.12 0.4 loss=1.051692
main interval: 0.12 0.12 0.6 loss=1.012946
main interval: 0.043 0.043 0.5 loss=1.024188
main interval: 0.072 0.072 0.4 loss=1.054383
main interval: 0.072 0.072 0.6 loss=0.997411
main interval: 0.043 0.043 0.6 loss=0.971642
main interval: 0.072 0.072 0.7 loss=0.978905
main interval: 0.026 0.026 0.6 loss=1.018482
main interval: 0.043 0.043 0.7 loss=0.978449
best_muon_lr=[0.043,0.043] best_muon_momentum=0.6 interval_loss=0.971642 final_loss=0.971642 evaluated_interval_configs=12 evaluated_configs=12
train_loss run=52 step=10/30 loss=1.3850 head_lr=1072 muon_lr=0.043 muon_momentum=0.6 muon_nesterov=False muon_grad_momentum_norm_ratio=0.69049
train_loss run=52 step=11/30 loss=1.3271 head_lr=1072 muon_lr=0.043 muon_momentum=0.6 muon_nesterov=False muon_grad_momentum_norm_ratio=0.462205
train_loss run=52 step=12/30 loss=1.2460 head_lr=1072 muon_lr=0.043 muon_momentum=0.6 muon_nesterov=False muon_grad_momentum_norm_ratio=0.596669
train_loss run=52 step=13/30 loss=1.1749 head_lr=1072 muon_lr=0.043 muon_momentum=0.6 muon_nesterov=False muon_grad_momentum_norm_ratio=0.567367
train_loss run=52 step=14/30 loss=1.1145 head_lr=1072 muon_lr=0.043 muon_momentum=0.6 muon_nesterov=False muon_grad_momentum_norm_ratio=0.583639
train_loss run=52 step=15/30 loss=1.0818 head_lr=1072 muon_lr=0.043 muon_momentum=0.6 muon_nesterov=False muon_grad_momentum_norm_ratio=0.693014
train_loss run=52 step=16/30 loss=1.0516 head_lr=1072 muon_lr=0.043 muon_momentum=0.6 muon_nesterov=False muon_grad_momentum_norm_ratio=0.721569
train_loss run=52 step=17/30 loss=1.0180 head_lr=1072 muon_lr=0.043 muon_momentum=0.6 muon_nesterov=False muon_grad_momentum_norm_ratio=0.691341
train_loss run=52 step=18/30 loss=0.9716 head_lr=1072 muon_lr=0.043 muon_momentum=0.6 muon_nesterov=False muon_grad_momentum_norm_ratio=0.647185
main interval: 0.043 0.043 0.6 loss=0.906068
main interval: 0.072 0.072 0.6 loss=0.926951
main interval: 0.026 0.026 0.6 loss=0.891279
main interval: 0.043 0.043 0.5 loss=0.911120
main interval: 0.043 0.043 0.7 loss=0.899715
main interval: 0.016 0.016 0.6 loss=0.889184
main interval: 0.026 0.026 0.5 loss=0.896728
main interval: 0.026 0.026 0.7 loss=0.889378
main interval: 0.0093 0.0093 0.6 loss=0.888623
main interval: 0.016 0.016 0.5 loss=0.891596
main interval: 0.016 0.016 0.7 loss=0.886870
main interval: 0.0093 0.0093 0.7 loss=0.888260
main interval: 0.016 0.016 0.8 loss=0.884456
main interval: 0.026 0.026 0.8 loss=0.884904
main interval: 0.0093 0.0093 0.8 loss=0.890275
main interval: 0.016 0.016 0.9 loss=0.885589
best_muon_lr=[0.016,0.016] best_muon_momentum=0.8 interval_loss=0.884456 final_loss=0.884456 evaluated_interval_configs=16 evaluated_configs=16
train_loss run=52 step=19/30 loss=0.9439 head_lr=1072 muon_lr=0.016 muon_momentum=0.8 muon_nesterov=False muon_grad_momentum_norm_ratio=0.828352
train_loss run=52 step=20/30 loss=0.9307 head_lr=1072 muon_lr=0.016 muon_momentum=0.8 muon_nesterov=False muon_grad_momentum_norm_ratio=0.374895
train_loss run=52 step=21/30 loss=0.9126 head_lr=1072 muon_lr=0.016 muon_momentum=0.8 muon_nesterov=False muon_grad_momentum_norm_ratio=0.516466
train_loss run=52 step=22/30 loss=0.9019 head_lr=1072 muon_lr=0.016 muon_momentum=0.8 muon_nesterov=False muon_grad_momentum_norm_ratio=0.462129
train_loss run=52 step=23/30 loss=0.8965 head_lr=1072 muon_lr=0.016 muon_momentum=0.8 muon_nesterov=False muon_grad_momentum_norm_ratio=0.429072
train_loss run=52 step=24/30 loss=0.8901 head_lr=1072 muon_lr=0.016 muon_momentum=0.8 muon_nesterov=False muon_grad_momentum_norm_ratio=0.497179
train_loss run=52 step=25/30 loss=0.8881 head_lr=1072 muon_lr=0.016 muon_momentum=0.8 muon_nesterov=False muon_grad_momentum_norm_ratio=0.407624
train_loss run=52 step=26/30 loss=0.8839 head_lr=1072 muon_lr=0.016 muon_momentum=0.8 muon_nesterov=False muon_grad_momentum_norm_ratio=0.526146
train_loss run=52 step=27/30 loss=0.8845 head_lr=1072 muon_lr=0.016 muon_momentum=0.8 muon_nesterov=False muon_grad_momentum_norm_ratio=0.452445
main interval: 0.016 0.016 0.8 loss=0.880554
main interval: 0.026 0.026 0.8 loss=0.899387
main interval: 0.0093 0.0093 0.8 loss=0.877275
main interval: 0.016 0.016 0.7 loss=0.879920
main interval: 0.016 0.016 0.9 loss=0.884574
main interval: 0.0056 0.0056 0.8 loss=0.878279
main interval: 0.0093 0.0093 0.7 loss=0.877916
main interval: 0.0093 0.0093 0.9 loss=0.878322
best_muon_lr=[0.0093,0.0093] best_muon_momentum=0.8 interval_loss=0.877275 final_loss=0.877275 evaluated_interval_configs=8 evaluated_configs=8
train_loss run=52 step=28/30 loss=0.8802 head_lr=1072 muon_lr=0.0093 muon_momentum=0.8 muon_nesterov=False muon_grad_momentum_norm_ratio=0.565331
train_loss run=52 step=29/30 loss=0.8792 head_lr=1072 muon_lr=0.0093 muon_momentum=0.8 muon_nesterov=False muon_grad_momentum_norm_ratio=0.364439
train_loss run=52 step=30/30 loss=0.8773 head_lr=1072 muon_lr=0.0093 muon_momentum=0.8 muon_nesterov=False muon_grad_momentum_norm_ratio=0.465724
Batch size:          10000
N steps:             9
M cooldown steps:    0
Interval scheduler:  constant
LR connectedness:    jump_allowed
Muon orthogonalize:  True
Momentum config:     search_momentum_fixed_nesterov_false
Search momentum:     True
Muon nesterov:       False
Initial Muon lr:     0.2
Initial Muon lr k:   0
Initial Muon mom:    0.6
Initial Muon mom i:  6
Final start lr:      0.0093
Final start lr k:    6
Final Muon lr:       0.0093
Final Muon lr k:     6
Final end lr:        0.0093
Final end lr k:      6
Final Muon momentum: 0.8
Final Muon nesterov: False
Final Muon mom i:    8
SGD lr mult:         0.8
Initial train loss:  2.314071
Final train loss:    0.877275
Run seconds:         91.960
cifar_baseline2_overfit_n_search run=53 batch_size=10000 train_steps=30 N=9 M=0 interval_scheduler=linear lr_connectedness=jump_allowed muon_orthogonalize=True momentum_config=search_momentum_fixed_nesterov_false search_momentum=True muon_nesterov=False initial_muon_lr=0.2 initial_muon_lr_k=0 initial_muon_momentum=0.6 initial_muon_momentum_index=6
train_loss run=53 step=0/30 loss=2.3141 head_lr=1072 muon_lr=0.2 muon_momentum=0.6 muon_nesterov=False muon_grad_momentum_norm_ratio=none
main interval: 0.2 0.2 0.6 loss=1.588178
main interval: 0.33 0.33 0.6 loss=1.665738
main interval: 0.33 0.2 0.6 loss=1.575982
main interval: 0.33 0.12 0.6 loss=1.518354
main interval: 0.2 0.33 0.6 loss=1.665645
main interval: 0.2 0.12 0.6 loss=1.478811
main interval: 0.12 0.33 0.6 loss=1.711679
main interval: 0.12 0.2 0.6 loss=1.602716
main interval: 0.12 0.12 0.6 loss=1.490004
main interval: 0.2 0.2 0.5 loss=1.563889
main interval: 0.2 0.2 0.7 loss=1.592939
main interval: 0.33 0.072 0.6 loss=1.468742
main interval: 0.2 0.072 0.6 loss=1.407739
main interval: 0.12 0.072 0.6 loss=1.456049
main interval: 0.2 0.12 0.5 loss=1.476620
main interval: 0.2 0.12 0.7 loss=1.472161
main interval: 0.33 0.043 0.6 loss=1.443851
main interval: 0.2 0.043 0.6 loss=1.389623
main interval: 0.12 0.043 0.6 loss=1.421296
main interval: 0.2 0.072 0.5 loss=1.415626
main interval: 0.2 0.072 0.7 loss=1.414743
main interval: 0.33 0.026 0.6 loss=1.447205
main interval: 0.2 0.026 0.6 loss=1.397316
main interval: 0.12 0.026 0.6 loss=1.423864
main interval: 0.2 0.043 0.5 loss=1.385277
main interval: 0.2 0.043 0.7 loss=1.399676
main interval: 0.33 0.072 0.5 loss=1.451967
main interval: 0.33 0.043 0.5 loss=1.438533
main interval: 0.33 0.026 0.5 loss=1.444260
main interval: 0.2 0.026 0.5 loss=1.389685
main interval: 0.12 0.072 0.5 loss=1.444167
main interval: 0.12 0.043 0.5 loss=1.421677
main interval: 0.12 0.026 0.5 loss=1.423075
main interval: 0.2 0.043 0.4 loss=1.388340
best_muon_lr=[0.2,0.043] best_muon_momentum=0.5 interval_loss=1.385277 final_loss=1.385277 evaluated_interval_configs=34 evaluated_configs=34
train_loss run=53 step=1/30 loss=2.2522 head_lr=1072 muon_lr=0.2 muon_momentum=0.5 muon_nesterov=False muon_grad_momentum_norm_ratio=1
train_loss run=53 step=2/30 loss=2.2353 head_lr=1072 muon_lr=0.18 muon_momentum=0.5 muon_nesterov=False muon_grad_momentum_norm_ratio=0.671494
train_loss run=53 step=3/30 loss=2.0244 head_lr=1072 muon_lr=0.16 muon_momentum=0.5 muon_nesterov=False muon_grad_momentum_norm_ratio=0.662221
train_loss run=53 step=4/30 loss=1.8701 head_lr=1072 muon_lr=0.14 muon_momentum=0.5 muon_nesterov=False muon_grad_momentum_norm_ratio=0.534279
train_loss run=53 step=5/30 loss=1.7552 head_lr=1072 muon_lr=0.12 muon_momentum=0.5 muon_nesterov=False muon_grad_momentum_norm_ratio=0.61001
train_loss run=53 step=6/30 loss=1.6372 head_lr=1072 muon_lr=0.1 muon_momentum=0.5 muon_nesterov=False muon_grad_momentum_norm_ratio=0.756416
train_loss run=53 step=7/30 loss=1.5440 head_lr=1072 muon_lr=0.082 muon_momentum=0.5 muon_nesterov=False muon_grad_momentum_norm_ratio=0.703348
train_loss run=53 step=8/30 loss=1.4584 head_lr=1072 muon_lr=0.063 muon_momentum=0.5 muon_nesterov=False muon_grad_momentum_norm_ratio=0.723723
train_loss run=53 step=9/30 loss=1.3853 head_lr=1072 muon_lr=0.043 muon_momentum=0.5 muon_nesterov=False muon_grad_momentum_norm_ratio=0.684296
main interval: 0.043 0.043 0.5 loss=1.066513
main interval: 0.072 0.072 0.5 loss=1.015550
main interval: 0.072 0.043 0.5 loss=0.980220
main interval: 0.072 0.026 0.5 loss=0.954381
main interval: 0.043 0.072 0.5 loss=1.079275
main interval: 0.043 0.026 0.5 loss=0.988147
main interval: 0.026 0.072 0.5 loss=1.104369
main interval: 0.026 0.043 0.5 loss=1.044799
main interval: 0.026 0.026 0.5 loss=1.046182
main interval: 0.043 0.043 0.4 loss=1.051744
main interval: 0.043 0.043 0.6 loss=0.992546
main interval: 0.12 0.043 0.5 loss=0.956419
main interval: 0.12 0.026 0.5 loss=0.964939
main interval: 0.12 0.016 0.5 loss=0.955300
main interval: 0.072 0.016 0.5 loss=0.956040
main interval: 0.043 0.016 0.5 loss=0.984865
main interval: 0.072 0.026 0.4 loss=0.976080
main interval: 0.072 0.026 0.6 loss=0.942468
main interval: 0.12 0.043 0.6 loss=0.935927
main interval: 0.12 0.026 0.6 loss=0.939476
main interval: 0.12 0.016 0.6 loss=0.931947
main interval: 0.072 0.043 0.6 loss=0.952236
main interval: 0.072 0.016 0.6 loss=0.935715
main interval: 0.043 0.026 0.6 loss=0.959978
main interval: 0.043 0.016 0.6 loss=0.952296
main interval: 0.072 0.026 0.7 loss=0.923182
main interval: 0.12 0.043 0.7 loss=0.922592
main interval: 0.12 0.026 0.7 loss=0.918550
main interval: 0.12 0.016 0.7 loss=0.918960
main interval: 0.072 0.043 0.7 loss=0.925772
main interval: 0.072 0.016 0.7 loss=0.913617
main interval: 0.043 0.043 0.7 loss=0.959084
main interval: 0.043 0.026 0.7 loss=0.929112
main interval: 0.043 0.016 0.7 loss=0.937902
main interval: 0.072 0.026 0.8 loss=0.910366
main interval: 0.12 0.043 0.8 loss=0.911031
main interval: 0.12 0.026 0.8 loss=0.901917
main interval: 0.12 0.016 0.8 loss=0.903771
main interval: 0.072 0.043 0.8 loss=0.917103
main interval: 0.072 0.016 0.8 loss=0.902344
main interval: 0.043 0.043 0.8 loss=0.950715
main interval: 0.043 0.026 0.8 loss=0.913240
main interval: 0.043 0.016 0.8 loss=0.919043
main interval: 0.072 0.026 0.9 loss=0.904767
main interval: 0.2 0.043 0.8 loss=0.922144
main interval: 0.2 0.026 0.8 loss=0.920457
main interval: 0.2 0.016 0.8 loss=0.916831
main interval: 0.12 0.026 0.9 loss=0.911131
best_muon_lr=[0.12,0.026] best_muon_momentum=0.8 interval_loss=0.901917 final_loss=0.901917 evaluated_interval_configs=48 evaluated_configs=48
train_loss run=53 step=10/30 loss=1.5271 head_lr=1072 muon_lr=0.12 muon_momentum=0.8 muon_nesterov=False muon_grad_momentum_norm_ratio=0.572337
train_loss run=53 step=11/30 loss=1.4164 head_lr=1072 muon_lr=0.11 muon_momentum=0.8 muon_nesterov=False muon_grad_momentum_norm_ratio=0.733818
train_loss run=53 step=12/30 loss=1.2672 head_lr=1072 muon_lr=0.097 muon_momentum=0.8 muon_nesterov=False muon_grad_momentum_norm_ratio=0.543739
train_loss run=53 step=13/30 loss=1.1366 head_lr=1072 muon_lr=0.085 muon_momentum=0.8 muon_nesterov=False muon_grad_momentum_norm_ratio=0.539517
train_loss run=53 step=14/30 loss=1.0399 head_lr=1072 muon_lr=0.073 muon_momentum=0.8 muon_nesterov=False muon_grad_momentum_norm_ratio=0.487284
train_loss run=53 step=15/30 loss=0.9717 head_lr=1072 muon_lr=0.061 muon_momentum=0.8 muon_nesterov=False muon_grad_momentum_norm_ratio=0.451496
train_loss run=53 step=16/30 loss=0.9303 head_lr=1072 muon_lr=0.049 muon_momentum=0.8 muon_nesterov=False muon_grad_momentum_norm_ratio=0.411304
train_loss run=53 step=17/30 loss=0.9119 head_lr=1072 muon_lr=0.038 muon_momentum=0.8 muon_nesterov=False muon_grad_momentum_norm_ratio=0.354563
train_loss run=53 step=18/30 loss=0.9019 head_lr=1072 muon_lr=0.026 muon_momentum=0.8 muon_nesterov=False muon_grad_momentum_norm_ratio=0.316405
main interval: 0.026 0.026 0.8 loss=0.884994
main interval: 0.043 0.043 0.8 loss=0.884806
main interval: 0.043 0.026 0.8 loss=0.876188
main interval: 0.043 0.016 0.8 loss=0.873020
main interval: 0.026 0.043 0.8 loss=0.886421
main interval: 0.026 0.016 0.8 loss=0.873136
main interval: 0.016 0.043 0.8 loss=0.895782
main interval: 0.016 0.026 0.8 loss=0.878477
main interval: 0.016 0.016 0.8 loss=0.875035
main interval: 0.026 0.026 0.7 loss=0.880043
main interval: 0.026 0.026 0.9 loss=0.875223
main interval: 0.072 0.026 0.8 loss=0.877712
main interval: 0.072 0.016 0.8 loss=0.876399
main interval: 0.072 0.0093 0.8 loss=0.876184
main interval: 0.043 0.0093 0.8 loss=0.872094
main interval: 0.026 0.0093 0.8 loss=0.872027
main interval: 0.043 0.016 0.7 loss=0.873292
main interval: 0.043 0.016 0.9 loss=0.876842
main interval: 0.043 0.0056 0.8 loss=0.871836
main interval: 0.026 0.0056 0.8 loss=0.872312
main interval: 0.016 0.0093 0.8 loss=0.872708
main interval: 0.016 0.0056 0.8 loss=0.873266
main interval: 0.026 0.0093 0.7 loss=0.871833
main interval: 0.026 0.0093 0.9 loss=0.872727
main interval: 0.043 0.0093 0.7 loss=0.871991
main interval: 0.043 0.0056 0.7 loss=0.874003
main interval: 0.026 0.016 0.7 loss=0.874567
main interval: 0.026 0.0056 0.7 loss=0.872714
main interval: 0.016 0.016 0.7 loss=0.876293
main interval: 0.016 0.0093 0.7 loss=0.873906
main interval: 0.016 0.0056 0.7 loss=0.873424
main interval: 0.026 0.0093 0.6 loss=0.873404
best_muon_lr=[0.026,0.0093] best_muon_momentum=0.7 interval_loss=0.871833 final_loss=0.871833 evaluated_interval_configs=32 evaluated_configs=32
train_loss run=53 step=19/30 loss=0.8940 head_lr=1072 muon_lr=0.026 muon_momentum=0.7 muon_nesterov=False muon_grad_momentum_norm_ratio=0.694796
train_loss run=53 step=20/30 loss=0.8896 head_lr=1072 muon_lr=0.024 muon_momentum=0.7 muon_nesterov=False muon_grad_momentum_norm_ratio=0.675907
train_loss run=53 step=21/30 loss=0.8855 head_lr=1072 muon_lr=0.022 muon_momentum=0.7 muon_nesterov=False muon_grad_momentum_norm_ratio=0.645271
train_loss run=53 step=22/30 loss=0.8819 head_lr=1072 muon_lr=0.02 muon_momentum=0.7 muon_nesterov=False muon_grad_momentum_norm_ratio=0.637881
train_loss run=53 step=23/30 loss=0.8783 head_lr=1072 muon_lr=0.018 muon_momentum=0.7 muon_nesterov=False muon_grad_momentum_norm_ratio=0.64276
train_loss run=53 step=24/30 loss=0.8767 head_lr=1072 muon_lr=0.016 muon_momentum=0.7 muon_nesterov=False muon_grad_momentum_norm_ratio=0.601064
train_loss run=53 step=25/30 loss=0.8746 head_lr=1072 muon_lr=0.013 muon_momentum=0.7 muon_nesterov=False muon_grad_momentum_norm_ratio=0.663822
train_loss run=53 step=26/30 loss=0.8731 head_lr=1072 muon_lr=0.011 muon_momentum=0.7 muon_nesterov=False muon_grad_momentum_norm_ratio=0.629143
train_loss run=53 step=27/30 loss=0.8718 head_lr=1072 muon_lr=0.0093 muon_momentum=0.7 muon_nesterov=False muon_grad_momentum_norm_ratio=0.615546
main interval: 0.0093 0.0093 0.7 loss=0.871165
main interval: 0.016 0.016 0.7 loss=0.880709
main interval: 0.016 0.0093 0.7 loss=0.872759
main interval: 0.016 0.0056 0.7 loss=0.871843
main interval: 0.0093 0.016 0.7 loss=0.875191
main interval: 0.0093 0.0056 0.7 loss=0.871161
main interval: 0.0056 0.016 0.7 loss=0.875239
main interval: 0.0056 0.0093 0.7 loss=0.871191
main interval: 0.0056 0.0056 0.7 loss=0.870196
main interval: 0.0093 0.0093 0.6 loss=0.871744
main interval: 0.0093 0.0093 0.8 loss=0.871325
main interval: 0.0093 0.0034 0.7 loss=0.870220
main interval: 0.0056 0.0034 0.7 loss=0.870193
main interval: 0.0034 0.0093 0.7 loss=0.871740
main interval: 0.0034 0.0056 0.7 loss=0.870445
main interval: 0.0034 0.0034 0.7 loss=0.870414
main interval: 0.0056 0.0056 0.6 loss=0.870331
main interval: 0.0056 0.0056 0.8 loss=0.870490
main interval: 0.0093 0.002 0.7 loss=0.870111
main interval: 0.0056 0.002 0.7 loss=0.870286
main interval: 0.0034 0.002 0.7 loss=0.870458
main interval: 0.0056 0.0034 0.6 loss=0.870175
main interval: 0.0056 0.0034 0.8 loss=0.870321
main interval: 0.016 0.0034 0.7 loss=0.870670
main interval: 0.016 0.002 0.7 loss=0.870540
main interval: 0.016 0.0012 0.7 loss=0.871070
main interval: 0.0093 0.0012 0.7 loss=0.870997
main interval: 0.0056 0.0012 0.7 loss=0.870939
main interval: 0.0093 0.002 0.6 loss=0.870389
main interval: 0.0093 0.002 0.8 loss=0.870284
best_muon_lr=[0.0093,0.002] best_muon_momentum=0.7 interval_loss=0.870111 final_loss=0.870111 evaluated_interval_configs=30 evaluated_configs=30
train_loss run=53 step=28/30 loss=0.8717 head_lr=1072 muon_lr=0.0093 muon_momentum=0.7 muon_nesterov=False muon_grad_momentum_norm_ratio=0.729488
train_loss run=53 step=29/30 loss=0.8706 head_lr=1072 muon_lr=0.0056 muon_momentum=0.7 muon_nesterov=False muon_grad_momentum_norm_ratio=0.675797
train_loss run=53 step=30/30 loss=0.8701 head_lr=1072 muon_lr=0.002 muon_momentum=0.7 muon_nesterov=False muon_grad_momentum_norm_ratio=0.513
Batch size:          10000
N steps:             9
M cooldown steps:    0
Interval scheduler:  linear
LR connectedness:    jump_allowed
Muon orthogonalize:  True
Momentum config:     search_momentum_fixed_nesterov_false
Search momentum:     True
Muon nesterov:       False
Initial Muon lr:     0.2
Initial Muon lr k:   0
Initial Muon mom:    0.6
Initial Muon mom i:  6
Final start lr:      0.0093
Final start lr k:    6
Final Muon lr:       0.002
Final Muon lr k:     9
Final end lr:        0.002
Final end lr k:      9
Final Muon momentum: 0.7
Final Muon nesterov: False
Final Muon mom i:    7
SGD lr mult:         0.8
Initial train loss:  2.314071
Final train loss:    0.870111
Run seconds:         280.207
cifar_baseline2_overfit_n_search run=54 batch_size=10000 train_steps=30 N=9 M=0 interval_scheduler=linear lr_connectedness=continuous_double muon_orthogonalize=True momentum_config=search_momentum_fixed_nesterov_false search_momentum=True muon_nesterov=False initial_muon_lr=0.2 initial_muon_lr_k=0 initial_muon_momentum=0.6 initial_muon_momentum_index=6
train_loss run=54 step=0/30 loss=2.3141 head_lr=1072 muon_lr=0.2 muon_momentum=0.6 muon_nesterov=False muon_grad_momentum_norm_ratio=none
main interval: 0.2 0.2 0.6 loss=1.588178
main interval: 0.33 0.33 0.6 loss=1.665738
main interval: 0.33 0.2 0.6 loss=1.575982
main interval: 0.33 0.12 0.6 loss=1.518354
main interval: 0.2 0.33 0.6 loss=1.665645
main interval: 0.2 0.12 0.6 loss=1.478811
main interval: 0.12 0.33 0.6 loss=1.711679
main interval: 0.12 0.2 0.6 loss=1.602716
main interval: 0.12 0.12 0.6 loss=1.490004
main interval: 0.2 0.2 0.5 loss=1.563889
main interval: 0.2 0.2 0.7 loss=1.592939
main interval: 0.33 0.072 0.6 loss=1.468742
main interval: 0.2 0.072 0.6 loss=1.407739
main interval: 0.12 0.072 0.6 loss=1.456049
main interval: 0.2 0.12 0.5 loss=1.476620
main interval: 0.2 0.12 0.7 loss=1.472161
main interval: 0.33 0.043 0.6 loss=1.443851
main interval: 0.2 0.043 0.6 loss=1.389623
main interval: 0.12 0.043 0.6 loss=1.421296
main interval: 0.2 0.072 0.5 loss=1.415626
main interval: 0.2 0.072 0.7 loss=1.414743
main interval: 0.33 0.026 0.6 loss=1.447205
main interval: 0.2 0.026 0.6 loss=1.397316
main interval: 0.12 0.026 0.6 loss=1.423864
main interval: 0.2 0.043 0.5 loss=1.385277
main interval: 0.2 0.043 0.7 loss=1.399676
main interval: 0.33 0.072 0.5 loss=1.451967
main interval: 0.33 0.043 0.5 loss=1.438533
main interval: 0.33 0.026 0.5 loss=1.444260
main interval: 0.2 0.026 0.5 loss=1.389685
main interval: 0.12 0.072 0.5 loss=1.444167
main interval: 0.12 0.043 0.5 loss=1.421677
main interval: 0.12 0.026 0.5 loss=1.423075
main interval: 0.2 0.043 0.4 loss=1.388340
best_muon_lr=[0.2,0.043] best_muon_momentum=0.5 interval_loss=1.385277 final_loss=1.385277 evaluated_interval_configs=34 evaluated_configs=34
train_loss run=54 step=1/30 loss=2.2522 head_lr=1072 muon_lr=0.2 muon_momentum=0.5 muon_nesterov=False muon_grad_momentum_norm_ratio=1
train_loss run=54 step=2/30 loss=2.2353 head_lr=1072 muon_lr=0.18 muon_momentum=0.5 muon_nesterov=False muon_grad_momentum_norm_ratio=0.671494
train_loss run=54 step=3/30 loss=2.0244 head_lr=1072 muon_lr=0.16 muon_momentum=0.5 muon_nesterov=False muon_grad_momentum_norm_ratio=0.662221
train_loss run=54 step=4/30 loss=1.8701 head_lr=1072 muon_lr=0.14 muon_momentum=0.5 muon_nesterov=False muon_grad_momentum_norm_ratio=0.534279
train_loss run=54 step=5/30 loss=1.7552 head_lr=1072 muon_lr=0.12 muon_momentum=0.5 muon_nesterov=False muon_grad_momentum_norm_ratio=0.61001
train_loss run=54 step=6/30 loss=1.6372 head_lr=1072 muon_lr=0.1 muon_momentum=0.5 muon_nesterov=False muon_grad_momentum_norm_ratio=0.756416
train_loss run=54 step=7/30 loss=1.5440 head_lr=1072 muon_lr=0.082 muon_momentum=0.5 muon_nesterov=False muon_grad_momentum_norm_ratio=0.703348
train_loss run=54 step=8/30 loss=1.4584 head_lr=1072 muon_lr=0.063 muon_momentum=0.5 muon_nesterov=False muon_grad_momentum_norm_ratio=0.723723
train_loss run=54 step=9/30 loss=1.3853 head_lr=1072 muon_lr=0.043 muon_momentum=0.5 muon_nesterov=False muon_grad_momentum_norm_ratio=0.684296
main interval: 0.043 0.043 0.5 loss=1.066513
main interval: 0.043 0.072 0.5 loss=1.069726
main interval: 0.043 0.026 0.5 loss=1.006586
main interval: 0.043 0.043 0.4 loss=1.051486
main interval: 0.043 0.043 0.6 loss=0.988397
main interval: 0.043 0.072 0.6 loss=1.042334
main interval: 0.043 0.026 0.6 loss=0.963709
main interval: 0.043 0.043 0.7 loss=0.964425
main interval: 0.043 0.016 0.6 loss=0.958251
main interval: 0.043 0.026 0.7 loss=0.955205
main interval: 0.043 0.016 0.7 loss=0.931978
main interval: 0.043 0.026 0.8 loss=0.924313
main interval: 0.043 0.043 0.8 loss=0.951140
main interval: 0.043 0.016 0.8 loss=0.935823
main interval: 0.043 0.026 0.9 loss=0.913222
main interval: 0.043 0.043 0.9 loss=0.952392
main interval: 0.043 0.016 0.9 loss=0.923543
main interval: 0.043 0.026 0.95 loss=0.910486
main interval: 0.043 0.043 0.95 loss=0.921709
main interval: 0.043 0.016 0.95 loss=0.915822
main interval: 0.043 0.026 0.99 loss=0.913352
best_muon_lr=[0.043,0.026] best_muon_momentum=0.95 interval_loss=0.910486 final_loss=0.910486 evaluated_interval_configs=21 evaluated_configs=21
train_loss run=54 step=10/30 loss=1.3198 head_lr=1072 muon_lr=0.043 muon_momentum=0.95 muon_nesterov=False muon_grad_momentum_norm_ratio=0.332303
train_loss run=54 step=11/30 loss=1.2367 head_lr=1072 muon_lr=0.041 muon_momentum=0.95 muon_nesterov=False muon_grad_momentum_norm_ratio=0.308781
train_loss run=54 step=12/30 loss=1.1535 head_lr=1072 muon_lr=0.039 muon_momentum=0.95 muon_nesterov=False muon_grad_momentum_norm_ratio=0.281758
train_loss run=54 step=13/30 loss=1.0715 head_lr=1072 muon_lr=0.037 muon_momentum=0.95 muon_nesterov=False muon_grad_momentum_norm_ratio=0.271539
train_loss run=54 step=14/30 loss=1.0069 head_lr=1072 muon_lr=0.034 muon_momentum=0.95 muon_nesterov=False muon_grad_momentum_norm_ratio=0.21596
train_loss run=54 step=15/30 loss=0.9574 head_lr=1072 muon_lr=0.032 muon_momentum=0.95 muon_nesterov=False muon_grad_momentum_norm_ratio=0.239127
train_loss run=54 step=16/30 loss=0.9296 head_lr=1072 muon_lr=0.03 muon_momentum=0.95 muon_nesterov=False muon_grad_momentum_norm_ratio=0.188601
train_loss run=54 step=17/30 loss=0.9160 head_lr=1072 muon_lr=0.028 muon_momentum=0.95 muon_nesterov=False muon_grad_momentum_norm_ratio=0.171012
train_loss run=54 step=18/30 loss=0.9105 head_lr=1072 muon_lr=0.026 muon_momentum=0.95 muon_nesterov=False muon_grad_momentum_norm_ratio=0.142896
main interval: 0.026 0.026 0.95 loss=0.897097
main interval: 0.026 0.043 0.95 loss=0.890010
main interval: 0.026 0.016 0.95 loss=0.875650
main interval: 0.026 0.026 0.9 loss=0.878195
main interval: 0.026 0.026 0.99 loss=0.878330
main interval: 0.026 0.0093 0.95 loss=0.874024
main interval: 0.026 0.016 0.9 loss=0.874018
main interval: 0.026 0.016 0.99 loss=0.876311
main interval: 0.026 0.0093 0.9 loss=0.873359
main interval: 0.026 0.016 0.8 loss=0.875522
main interval: 0.026 0.0056 0.9 loss=0.876097
main interval: 0.026 0.0093 0.8 loss=0.875842
best_muon_lr=[0.026,0.0093] best_muon_momentum=0.9 interval_loss=0.873359 final_loss=0.873359 evaluated_interval_configs=12 evaluated_configs=12
train_loss run=54 step=19/30 loss=0.9082 head_lr=1072 muon_lr=0.026 muon_momentum=0.9 muon_nesterov=False muon_grad_momentum_norm_ratio=0.321499
train_loss run=54 step=20/30 loss=0.8933 head_lr=1072 muon_lr=0.024 muon_momentum=0.9 muon_nesterov=False muon_grad_momentum_norm_ratio=0.531293
train_loss run=54 step=21/30 loss=0.8872 head_lr=1072 muon_lr=0.022 muon_momentum=0.9 muon_nesterov=False muon_grad_momentum_norm_ratio=0.434043
train_loss run=54 step=22/30 loss=0.8805 head_lr=1072 muon_lr=0.02 muon_momentum=0.9 muon_nesterov=False muon_grad_momentum_norm_ratio=0.458063
train_loss run=54 step=23/30 loss=0.8782 head_lr=1072 muon_lr=0.018 muon_momentum=0.9 muon_nesterov=False muon_grad_momentum_norm_ratio=0.320907
train_loss run=54 step=24/30 loss=0.8763 head_lr=1072 muon_lr=0.016 muon_momentum=0.9 muon_nesterov=False muon_grad_momentum_norm_ratio=0.307828
train_loss run=54 step=25/30 loss=0.8749 head_lr=1072 muon_lr=0.013 muon_momentum=0.9 muon_nesterov=False muon_grad_momentum_norm_ratio=0.289572
train_loss run=54 step=26/30 loss=0.8741 head_lr=1072 muon_lr=0.011 muon_momentum=0.9 muon_nesterov=False muon_grad_momentum_norm_ratio=0.258602
train_loss run=54 step=27/30 loss=0.8734 head_lr=1072 muon_lr=0.0093 muon_momentum=0.9 muon_nesterov=False muon_grad_momentum_norm_ratio=0.255466
main interval: 0.0093 0.0093 0.9 loss=0.871650
main interval: 0.0093 0.016 0.9 loss=0.872096
main interval: 0.0093 0.0056 0.9 loss=0.870449
main interval: 0.0093 0.0093 0.8 loss=0.870779
main interval: 0.0093 0.0093 0.95 loss=0.871020
main interval: 0.0093 0.0034 0.9 loss=0.870261
main interval: 0.0093 0.0056 0.8 loss=0.870313
main interval: 0.0093 0.0056 0.95 loss=0.870284
main interval: 0.0093 0.002 0.9 loss=0.870170
main interval: 0.0093 0.0034 0.8 loss=0.870174
main interval: 0.0093 0.0034 0.95 loss=0.870216
main interval: 0.0093 0.0012 0.9 loss=0.870355
main interval: 0.0093 0.002 0.8 loss=0.870218
main interval: 0.0093 0.002 0.95 loss=0.870266
best_muon_lr=[0.0093,0.002] best_muon_momentum=0.9 interval_loss=0.870170 final_loss=0.870170 evaluated_interval_configs=14 evaluated_configs=14
train_loss run=54 step=28/30 loss=0.8707 head_lr=1072 muon_lr=0.0093 muon_momentum=0.9 muon_nesterov=False muon_grad_momentum_norm_ratio=0.439343
train_loss run=54 step=29/30 loss=0.8703 head_lr=1072 muon_lr=0.0056 muon_momentum=0.9 muon_nesterov=False muon_grad_momentum_norm_ratio=0.260001
train_loss run=54 step=30/30 loss=0.8702 head_lr=1072 muon_lr=0.002 muon_momentum=0.9 muon_nesterov=False muon_grad_momentum_norm_ratio=0.261379
Batch size:          10000
N steps:             9
M cooldown steps:    0
Interval scheduler:  linear
LR connectedness:    continuous_double
Muon orthogonalize:  True
Momentum config:     search_momentum_fixed_nesterov_false
Search momentum:     True
Muon nesterov:       False
Initial Muon lr:     0.2
Initial Muon lr k:   0
Initial Muon mom:    0.6
Initial Muon mom i:  6
Final start lr:      0.0093
Final start lr k:    6
Final Muon lr:       0.002
Final Muon lr k:     9
Final end lr:        0.002
Final end lr k:      9
Final Muon momentum: 0.9
Final Muon nesterov: False
Final Muon mom i:    9
SGD lr mult:         0.8
Initial train loss:  2.314071
Final train loss:    0.870170
Run seconds:         161.852
cifar_baseline2_overfit_n_search run=55 batch_size=10000 train_steps=30 N=9 M=0 interval_scheduler=linear lr_connectedness=continuous_single muon_orthogonalize=True momentum_config=search_momentum_fixed_nesterov_false search_momentum=True muon_nesterov=False initial_muon_lr=0.2 initial_muon_lr_k=0 initial_muon_momentum=0.6 initial_muon_momentum_index=6
train_loss run=55 step=0/30 loss=2.3141 head_lr=1072 muon_lr=0.2 muon_momentum=0.6 muon_nesterov=False muon_grad_momentum_norm_ratio=none
main interval: 0.2 0.2 0.6 loss=1.588178
main interval: 0.33 0.33 0.6 loss=1.665738
main interval: 0.33 0.2 0.6 loss=1.575982
main interval: 0.33 0.12 0.6 loss=1.518354
main interval: 0.2 0.33 0.6 loss=1.665645
main interval: 0.2 0.12 0.6 loss=1.478811
main interval: 0.12 0.33 0.6 loss=1.711679
main interval: 0.12 0.2 0.6 loss=1.602716
main interval: 0.12 0.12 0.6 loss=1.490004
main interval: 0.2 0.2 0.5 loss=1.563889
main interval: 0.2 0.2 0.7 loss=1.592939
main interval: 0.33 0.072 0.6 loss=1.468742
main interval: 0.2 0.072 0.6 loss=1.407739
main interval: 0.12 0.072 0.6 loss=1.456049
main interval: 0.2 0.12 0.5 loss=1.476620
main interval: 0.2 0.12 0.7 loss=1.472161
main interval: 0.33 0.043 0.6 loss=1.443851
main interval: 0.2 0.043 0.6 loss=1.389623
main interval: 0.12 0.043 0.6 loss=1.421296
main interval: 0.2 0.072 0.5 loss=1.415626
main interval: 0.2 0.072 0.7 loss=1.414743
main interval: 0.33 0.026 0.6 loss=1.447205
main interval: 0.2 0.026 0.6 loss=1.397316
main interval: 0.12 0.026 0.6 loss=1.423864
main interval: 0.2 0.043 0.5 loss=1.385277
main interval: 0.2 0.043 0.7 loss=1.399676
main interval: 0.33 0.072 0.5 loss=1.451967
main interval: 0.33 0.043 0.5 loss=1.438533
main interval: 0.33 0.026 0.5 loss=1.444260
main interval: 0.2 0.026 0.5 loss=1.389685
main interval: 0.12 0.072 0.5 loss=1.444167
main interval: 0.12 0.043 0.5 loss=1.421677
main interval: 0.12 0.026 0.5 loss=1.423075
main interval: 0.2 0.043 0.4 loss=1.388340
best_muon_lr=[0.2,0.043] best_muon_momentum=0.5 interval_loss=1.385277 final_loss=1.385277 evaluated_interval_configs=34 evaluated_configs=34
train_loss run=55 step=1/30 loss=2.2522 head_lr=1072 muon_lr=0.2 muon_momentum=0.5 muon_nesterov=False muon_grad_momentum_norm_ratio=1
train_loss run=55 step=2/30 loss=2.2353 head_lr=1072 muon_lr=0.18 muon_momentum=0.5 muon_nesterov=False muon_grad_momentum_norm_ratio=0.671494
train_loss run=55 step=3/30 loss=2.0244 head_lr=1072 muon_lr=0.16 muon_momentum=0.5 muon_nesterov=False muon_grad_momentum_norm_ratio=0.662221
train_loss run=55 step=4/30 loss=1.8701 head_lr=1072 muon_lr=0.14 muon_momentum=0.5 muon_nesterov=False muon_grad_momentum_norm_ratio=0.534279
train_loss run=55 step=5/30 loss=1.7552 head_lr=1072 muon_lr=0.12 muon_momentum=0.5 muon_nesterov=False muon_grad_momentum_norm_ratio=0.61001
train_loss run=55 step=6/30 loss=1.6372 head_lr=1072 muon_lr=0.1 muon_momentum=0.5 muon_nesterov=False muon_grad_momentum_norm_ratio=0.756416
train_loss run=55 step=7/30 loss=1.5440 head_lr=1072 muon_lr=0.082 muon_momentum=0.5 muon_nesterov=False muon_grad_momentum_norm_ratio=0.703348
train_loss run=55 step=8/30 loss=1.4584 head_lr=1072 muon_lr=0.063 muon_momentum=0.5 muon_nesterov=False muon_grad_momentum_norm_ratio=0.723723
train_loss run=55 step=9/30 loss=1.3853 head_lr=1072 muon_lr=0.043 muon_momentum=0.5 muon_nesterov=False muon_grad_momentum_norm_ratio=0.684296
main interval: 0.043 0.043 0.5 loss=1.066513
main interval: 0.043 0.072 0.5 loss=1.067930
main interval: 0.043 0.026 0.5 loss=1.008376
main interval: 0.043 0.043 0.4 loss=1.028045
main interval: 0.043 0.043 0.6 loss=0.999697
main interval: 0.043 0.072 0.6 loss=1.020551
main interval: 0.043 0.026 0.6 loss=0.982426
main interval: 0.043 0.043 0.7 loss=0.956519
main interval: 0.043 0.072 0.7 loss=0.977988
main interval: 0.043 0.026 0.7 loss=0.944361
main interval: 0.043 0.043 0.8 loss=0.946113
main interval: 0.043 0.016 0.7 loss=0.935951
main interval: 0.043 0.026 0.8 loss=0.928763
main interval: 0.043 0.016 0.8 loss=0.924722
main interval: 0.043 0.026 0.9 loss=0.921431
main interval: 0.043 0.043 0.9 loss=0.938505
main interval: 0.043 0.016 0.9 loss=0.931446
main interval: 0.043 0.026 0.95 loss=0.913437
main interval: 0.043 0.043 0.95 loss=0.915382
main interval: 0.043 0.016 0.95 loss=0.922005
main interval: 0.043 0.026 0.99 loss=0.916137
best_muon_lr=[0.043,0.026] best_muon_momentum=0.95 interval_loss=0.913437 final_loss=0.913437 evaluated_interval_configs=21 evaluated_configs=21
train_loss run=55 step=10/30 loss=1.3157 head_lr=1072 muon_lr=0.041 muon_momentum=0.95 muon_nesterov=False muon_grad_momentum_norm_ratio=0.324127
train_loss run=55 step=11/30 loss=1.2409 head_lr=1072 muon_lr=0.039 muon_momentum=0.95 muon_nesterov=False muon_grad_momentum_norm_ratio=0.288369
train_loss run=55 step=12/30 loss=1.1581 head_lr=1072 muon_lr=0.037 muon_momentum=0.95 muon_nesterov=False muon_grad_momentum_norm_ratio=0.293834
train_loss run=55 step=13/30 loss=1.0828 head_lr=1072 muon_lr=0.035 muon_momentum=0.95 muon_nesterov=False muon_grad_momentum_norm_ratio=0.251485
train_loss run=55 step=14/30 loss=1.0147 head_lr=1072 muon_lr=0.034 muon_momentum=0.95 muon_nesterov=False muon_grad_momentum_norm_ratio=0.250296
train_loss run=55 step=15/30 loss=0.9647 head_lr=1072 muon_lr=0.032 muon_momentum=0.95 muon_nesterov=False muon_grad_momentum_norm_ratio=0.236452
train_loss run=55 step=16/30 loss=0.9337 head_lr=1072 muon_lr=0.03 muon_momentum=0.95 muon_nesterov=False muon_grad_momentum_norm_ratio=0.211214
train_loss run=55 step=17/30 loss=0.9195 head_lr=1072 muon_lr=0.028 muon_momentum=0.95 muon_nesterov=False muon_grad_momentum_norm_ratio=0.167976
train_loss run=55 step=18/30 loss=0.9134 head_lr=1072 muon_lr=0.026 muon_momentum=0.95 muon_nesterov=False muon_grad_momentum_norm_ratio=0.158199
main interval: 0.026 0.026 0.95 loss=0.896418
main interval: 0.026 0.043 0.95 loss=0.893893
main interval: 0.026 0.016 0.95 loss=0.876940
main interval: 0.026 0.026 0.9 loss=0.876606
main interval: 0.026 0.026 0.99 loss=0.878103
main interval: 0.026 0.043 0.9 loss=0.891449
main interval: 0.026 0.016 0.9 loss=0.875250
main interval: 0.026 0.026 0.8 loss=0.883506
main interval: 0.026 0.0093 0.9 loss=0.877098
main interval: 0.026 0.016 0.8 loss=0.878256
best_muon_lr=[0.026,0.016] best_muon_momentum=0.9 interval_loss=0.875250 final_loss=0.875250 evaluated_interval_configs=10 evaluated_configs=10
train_loss run=55 step=19/30 loss=0.9156 head_lr=1072 muon_lr=0.025 muon_momentum=0.9 muon_nesterov=False muon_grad_momentum_norm_ratio=0.400234
train_loss run=55 step=20/30 loss=0.9081 head_lr=1072 muon_lr=0.024 muon_momentum=0.9 muon_nesterov=False muon_grad_momentum_norm_ratio=0.643146
train_loss run=55 step=21/30 loss=0.8978 head_lr=1072 muon_lr=0.023 muon_momentum=0.9 muon_nesterov=False muon_grad_momentum_norm_ratio=0.551343
train_loss run=55 step=22/30 loss=0.8877 head_lr=1072 muon_lr=0.022 muon_momentum=0.9 muon_nesterov=False muon_grad_momentum_norm_ratio=0.482254
train_loss run=55 step=23/30 loss=0.8839 head_lr=1072 muon_lr=0.02 muon_momentum=0.9 muon_nesterov=False muon_grad_momentum_norm_ratio=0.431772
train_loss run=55 step=24/30 loss=0.8795 head_lr=1072 muon_lr=0.019 muon_momentum=0.9 muon_nesterov=False muon_grad_momentum_norm_ratio=0.416157
train_loss run=55 step=25/30 loss=0.8786 head_lr=1072 muon_lr=0.018 muon_momentum=0.9 muon_nesterov=False muon_grad_momentum_norm_ratio=0.311636
train_loss run=55 step=26/30 loss=0.8761 head_lr=1072 muon_lr=0.017 muon_momentum=0.9 muon_nesterov=False muon_grad_momentum_norm_ratio=0.364606
train_loss run=55 step=27/30 loss=0.8752 head_lr=1072 muon_lr=0.016 muon_momentum=0.9 muon_nesterov=False muon_grad_momentum_norm_ratio=0.288995
main interval: 0.016 0.016 0.9 loss=0.872608
main interval: 0.016 0.026 0.9 loss=0.876095
main interval: 0.016 0.0093 0.9 loss=0.871348
main interval: 0.016 0.016 0.8 loss=0.874333
main interval: 0.016 0.016 0.95 loss=0.874698
main interval: 0.016 0.0056 0.9 loss=0.870989
main interval: 0.016 0.0093 0.8 loss=0.871351
main interval: 0.016 0.0093 0.95 loss=0.871183
main interval: 0.016 0.0034 0.9 loss=0.870637
main interval: 0.016 0.0056 0.8 loss=0.870756
main interval: 0.016 0.0056 0.95 loss=0.870890
main interval: 0.016 0.002 0.9 loss=0.871056
main interval: 0.016 0.0034 0.8 loss=0.870871
main interval: 0.016 0.0034 0.95 loss=0.870936
best_muon_lr=[0.016,0.0034] best_muon_momentum=0.9 interval_loss=0.870637 final_loss=0.870637 evaluated_interval_configs=14 evaluated_configs=14
train_loss run=55 step=28/30 loss=0.8717 head_lr=1072 muon_lr=0.012 muon_momentum=0.9 muon_nesterov=False muon_grad_momentum_norm_ratio=0.489602
train_loss run=55 step=29/30 loss=0.8709 head_lr=1072 muon_lr=0.0076 muon_momentum=0.9 muon_nesterov=False muon_grad_momentum_norm_ratio=0.336409
train_loss run=55 step=30/30 loss=0.8706 head_lr=1072 muon_lr=0.0034 muon_momentum=0.9 muon_nesterov=False muon_grad_momentum_norm_ratio=0.296062
Batch size:          10000
N steps:             9
M cooldown steps:    0
Interval scheduler:  linear
LR connectedness:    continuous_single
Muon orthogonalize:  True
Momentum config:     search_momentum_fixed_nesterov_false
Search momentum:     True
Muon nesterov:       False
Initial Muon lr:     0.2
Initial Muon lr k:   0
Initial Muon mom:    0.6
Initial Muon mom i:  6
Final start lr:      0.016
Final start lr k:    5
Final Muon lr:       0.0034
Final Muon lr k:     8
Final end lr:        0.0034
Final end lr k:      8
Final Muon momentum: 0.9
Final Muon nesterov: False
Final Muon mom i:    9
SGD lr mult:         0.8
Initial train loss:  2.314071
Final train loss:    0.870637
Run seconds:         157.289
/workspace/neural_networks_optimization/autoresearch/automatic_lr4/logs/e6ce73b0-264e-430a-9510-d981a40a595b/log.pt
