cifar_search_simple run=0 batch_size=2000 train_epochs=8 N=40 M=40 search_hparams=muon_lr,muon_momentum,bias_lr,head_lr cooldown_search_hparams=muon_lr,bias_lr,head_lr muon_nesterov=False initial_muon_lr=0.2 initial_muon_lr_k=0 initial_muon_momentum=0.6 initial_muon_momentum_index=6 initial_bias_lr=104 initial_bias_lr_k=0 initial_head_lr=1340 initial_head_lr_k=0
main hparams: muon_lr=0.2 muon_momentum=0.6 bias_lr=100 head_lr=1300 main=0.7934, best_cooldown=0.9106
muon_lr=0.2 muon_momentum=0.6 bias_lr=100 head_lr=1300 -> tta_val_acc=0.8284
muon_lr=0.12 muon_momentum=0.6 bias_lr=100 head_lr=1300 -> tta_val_acc=0.8588
muon_lr=0.33 muon_momentum=0.6 bias_lr=100 head_lr=1300 -> blocked
muon_lr=0.2 muon_momentum=0.6 bias_lr=62 head_lr=1300 -> tta_val_acc=0.8227
muon_lr=0.2 muon_momentum=0.6 bias_lr=170 head_lr=1300 -> tta_val_acc=0.8020
muon_lr=0.2 muon_momentum=0.6 bias_lr=100 head_lr=800 -> tta_val_acc=0.8182
muon_lr=0.2 muon_momentum=0.6 bias_lr=100 head_lr=2200 -> tta_val_acc=0.8205
muon_lr=0.072 muon_momentum=0.6 bias_lr=100 head_lr=1300 -> tta_val_acc=0.8904
muon_lr=0.12 muon_momentum=0.6 bias_lr=62 head_lr=1300 -> tta_val_acc=0.8751
muon_lr=0.12 muon_momentum=0.6 bias_lr=170 head_lr=1300 -> blocked
muon_lr=0.12 muon_momentum=0.6 bias_lr=100 head_lr=800 -> tta_val_acc=0.8654
muon_lr=0.12 muon_momentum=0.6 bias_lr=100 head_lr=2200 -> blocked
muon_lr=0.043 muon_momentum=0.6 bias_lr=100 head_lr=1300 -> tta_val_acc=0.9019
muon_lr=0.072 muon_momentum=0.6 bias_lr=62 head_lr=1300 -> tta_val_acc=0.8980
muon_lr=0.072 muon_momentum=0.6 bias_lr=170 head_lr=1300 -> blocked
muon_lr=0.072 muon_momentum=0.6 bias_lr=100 head_lr=800 -> tta_val_acc=0.8943
muon_lr=0.072 muon_momentum=0.6 bias_lr=100 head_lr=2200 -> blocked
muon_lr=0.026 muon_momentum=0.6 bias_lr=100 head_lr=1300 -> tta_val_acc=0.9011
muon_lr=0.043 muon_momentum=0.6 bias_lr=62 head_lr=1300 -> tta_val_acc=0.9071
muon_lr=0.043 muon_momentum=0.6 bias_lr=170 head_lr=1300 -> blocked
muon_lr=0.043 muon_momentum=0.6 bias_lr=100 head_lr=800 -> tta_val_acc=0.9033
muon_lr=0.043 muon_momentum=0.6 bias_lr=100 head_lr=2200 -> blocked
muon_lr=0.026 muon_momentum=0.6 bias_lr=62 head_lr=1300 -> tta_val_acc=0.9037
muon_lr=0.043 muon_momentum=0.6 bias_lr=37 head_lr=1300 -> tta_val_acc=0.9090
muon_lr=0.043 muon_momentum=0.6 bias_lr=62 head_lr=800 -> tta_val_acc=0.9076
muon_lr=0.043 muon_momentum=0.6 bias_lr=62 head_lr=2200 -> blocked
muon_lr=0.026 muon_momentum=0.6 bias_lr=37 head_lr=1300 -> tta_val_acc=0.9046
muon_lr=0.072 muon_momentum=0.6 bias_lr=37 head_lr=1300 -> tta_val_acc=0.9033
muon_lr=0.043 muon_momentum=0.6 bias_lr=22 head_lr=1300 -> tta_val_acc=0.9106
muon_lr=0.043 muon_momentum=0.6 bias_lr=37 head_lr=800 -> tta_val_acc=0.9090
muon_lr=0.043 muon_momentum=0.6 bias_lr=37 head_lr=2200 -> tta_val_acc=0.9093
muon_lr=0.026 muon_momentum=0.6 bias_lr=22 head_lr=1300 -> tta_val_acc=0.9043
muon_lr=0.072 muon_momentum=0.6 bias_lr=22 head_lr=1300 -> tta_val_acc=0.9011
muon_lr=0.043 muon_momentum=0.6 bias_lr=13 head_lr=1300 -> tta_val_acc=0.9104
muon_lr=0.043 muon_momentum=0.6 bias_lr=22 head_lr=800 -> tta_val_acc=0.9106
muon_lr=0.043 muon_momentum=0.6 bias_lr=22 head_lr=2200 -> tta_val_acc=0.9104
main hparams: muon_lr=0.12 muon_momentum=0.6 bias_lr=100 head_lr=1300 main=0.8372, best_cooldown=0.9117
muon_lr=0.043 muon_momentum=0.6 bias_lr=100 head_lr=1300 -> tta_val_acc=0.9042
muon_lr=0.026 muon_momentum=0.6 bias_lr=100 head_lr=1300 -> tta_val_acc=0.9071
muon_lr=0.072 muon_momentum=0.6 bias_lr=100 head_lr=1300 -> blocked
muon_lr=0.043 muon_momentum=0.6 bias_lr=62 head_lr=1300 -> tta_val_acc=0.9087
muon_lr=0.043 muon_momentum=0.6 bias_lr=170 head_lr=1300 -> blocked
muon_lr=0.043 muon_momentum=0.6 bias_lr=100 head_lr=800 -> tta_val_acc=0.9070
muon_lr=0.043 muon_momentum=0.6 bias_lr=100 head_lr=2200 -> blocked
muon_lr=0.026 muon_momentum=0.6 bias_lr=62 head_lr=1300 -> tta_val_acc=0.9078
muon_lr=0.072 muon_momentum=0.6 bias_lr=62 head_lr=1300 -> tta_val_acc=0.8986
muon_lr=0.043 muon_momentum=0.6 bias_lr=37 head_lr=1300 -> tta_val_acc=0.9097
muon_lr=0.043 muon_momentum=0.6 bias_lr=62 head_lr=800 -> tta_val_acc=0.9117
muon_lr=0.043 muon_momentum=0.6 bias_lr=62 head_lr=2200 -> blocked
muon_lr=0.026 muon_momentum=0.6 bias_lr=62 head_lr=800 -> tta_val_acc=0.9077
muon_lr=0.072 muon_momentum=0.6 bias_lr=62 head_lr=800 -> tta_val_acc=0.8975
muon_lr=0.043 muon_momentum=0.6 bias_lr=37 head_lr=800 -> tta_val_acc=0.9098
muon_lr=0.043 muon_momentum=0.6 bias_lr=62 head_lr=480 -> tta_val_acc=0.9098
main hparams: muon_lr=0.33 muon_momentum=0.6 bias_lr=100 head_lr=1300 blocked
main hparams: muon_lr=0.2 muon_momentum=0.5 bias_lr=100 head_lr=1300 main=0.7931, best_cooldown=0.9076
muon_lr=0.043 muon_momentum=0.5 bias_lr=100 head_lr=1300 -> tta_val_acc=0.9012
muon_lr=0.026 muon_momentum=0.5 bias_lr=100 head_lr=1300 -> tta_val_acc=0.8994
muon_lr=0.072 muon_momentum=0.5 bias_lr=100 head_lr=1300 -> tta_val_acc=0.8929
muon_lr=0.043 muon_momentum=0.5 bias_lr=62 head_lr=1300 -> tta_val_acc=0.9041
muon_lr=0.043 muon_momentum=0.5 bias_lr=170 head_lr=1300 -> blocked
muon_lr=0.043 muon_momentum=0.5 bias_lr=100 head_lr=800 -> tta_val_acc=0.9023
muon_lr=0.043 muon_momentum=0.5 bias_lr=100 head_lr=2200 -> blocked
muon_lr=0.026 muon_momentum=0.5 bias_lr=62 head_lr=1300 -> tta_val_acc=0.9002
muon_lr=0.072 muon_momentum=0.5 bias_lr=62 head_lr=1300 -> tta_val_acc=0.8988
muon_lr=0.043 muon_momentum=0.5 bias_lr=37 head_lr=1300 -> tta_val_acc=0.9059
muon_lr=0.043 muon_momentum=0.5 bias_lr=62 head_lr=800 -> tta_val_acc=0.9046
muon_lr=0.043 muon_momentum=0.5 bias_lr=62 head_lr=2200 -> blocked
muon_lr=0.026 muon_momentum=0.5 bias_lr=37 head_lr=1300 -> tta_val_acc=0.9014
muon_lr=0.072 muon_momentum=0.5 bias_lr=37 head_lr=1300 -> tta_val_acc=0.9023
muon_lr=0.043 muon_momentum=0.5 bias_lr=22 head_lr=1300 -> tta_val_acc=0.9076
muon_lr=0.043 muon_momentum=0.5 bias_lr=37 head_lr=800 -> tta_val_acc=0.9060
muon_lr=0.043 muon_momentum=0.5 bias_lr=37 head_lr=2200 -> blocked
muon_lr=0.026 muon_momentum=0.5 bias_lr=22 head_lr=1300 -> tta_val_acc=0.9021
muon_lr=0.072 muon_momentum=0.5 bias_lr=22 head_lr=1300 -> tta_val_acc=0.9024
muon_lr=0.043 muon_momentum=0.5 bias_lr=13 head_lr=1300 -> tta_val_acc=0.9076
muon_lr=0.043 muon_momentum=0.5 bias_lr=22 head_lr=800 -> tta_val_acc=0.9067
muon_lr=0.043 muon_momentum=0.5 bias_lr=22 head_lr=2200 -> tta_val_acc=0.9059
main hparams: muon_lr=0.2 muon_momentum=0.7 bias_lr=100 head_lr=1300 main=0.8141, best_cooldown=0.9065
muon_lr=0.043 muon_momentum=0.7 bias_lr=100 head_lr=1300 -> tta_val_acc=0.9011
muon_lr=0.026 muon_momentum=0.7 bias_lr=100 head_lr=1300 -> tta_val_acc=0.9024
muon_lr=0.072 muon_momentum=0.7 bias_lr=100 head_lr=1300 -> blocked
muon_lr=0.043 muon_momentum=0.7 bias_lr=62 head_lr=1300 -> tta_val_acc=0.9046
muon_lr=0.043 muon_momentum=0.7 bias_lr=170 head_lr=1300 -> blocked
muon_lr=0.043 muon_momentum=0.7 bias_lr=100 head_lr=800 -> tta_val_acc=0.9011
muon_lr=0.043 muon_momentum=0.7 bias_lr=100 head_lr=2200 -> tta_val_acc=0.8981
muon_lr=0.026 muon_momentum=0.7 bias_lr=62 head_lr=1300 -> tta_val_acc=0.9045
muon_lr=0.072 muon_momentum=0.7 bias_lr=62 head_lr=1300 -> tta_val_acc=0.8936
muon_lr=0.043 muon_momentum=0.7 bias_lr=37 head_lr=1300 -> tta_val_acc=0.9041
muon_lr=0.043 muon_momentum=0.7 bias_lr=62 head_lr=800 -> tta_val_acc=0.9042
muon_lr=0.043 muon_momentum=0.7 bias_lr=62 head_lr=2200 -> tta_val_acc=0.9054
muon_lr=0.026 muon_momentum=0.7 bias_lr=62 head_lr=2200 -> tta_val_acc=0.9043
muon_lr=0.072 muon_momentum=0.7 bias_lr=62 head_lr=2200 -> tta_val_acc=0.8917
muon_lr=0.043 muon_momentum=0.7 bias_lr=37 head_lr=2200 -> tta_val_acc=0.9065
muon_lr=0.043 muon_momentum=0.7 bias_lr=62 head_lr=3700 -> tta_val_acc=0.9012
muon_lr=0.026 muon_momentum=0.7 bias_lr=37 head_lr=2200 -> tta_val_acc=0.9041
muon_lr=0.072 muon_momentum=0.7 bias_lr=37 head_lr=2200 -> tta_val_acc=0.8958
muon_lr=0.043 muon_momentum=0.7 bias_lr=22 head_lr=2200 -> tta_val_acc=0.9053
muon_lr=0.043 muon_momentum=0.7 bias_lr=37 head_lr=3700 -> tta_val_acc=0.9035
main hparams: muon_lr=0.2 muon_momentum=0.6 bias_lr=62 head_lr=1300 main=0.8100, best_cooldown=0.9088
muon_lr=0.043 muon_momentum=0.6 bias_lr=62 head_lr=1300 -> tta_val_acc=0.9059
muon_lr=0.026 muon_momentum=0.6 bias_lr=62 head_lr=1300 -> tta_val_acc=0.9026
muon_lr=0.072 muon_momentum=0.6 bias_lr=62 head_lr=1300 -> tta_val_acc=0.8989
muon_lr=0.043 muon_momentum=0.6 bias_lr=37 head_lr=1300 -> tta_val_acc=0.9080
muon_lr=0.043 muon_momentum=0.6 bias_lr=100 head_lr=1300 -> blocked
muon_lr=0.043 muon_momentum=0.6 bias_lr=62 head_lr=800 -> tta_val_acc=0.9072
muon_lr=0.043 muon_momentum=0.6 bias_lr=62 head_lr=2200 -> blocked
muon_lr=0.026 muon_momentum=0.6 bias_lr=37 head_lr=1300 -> tta_val_acc=0.9022
muon_lr=0.072 muon_momentum=0.6 bias_lr=37 head_lr=1300 -> tta_val_acc=0.9018
muon_lr=0.043 muon_momentum=0.6 bias_lr=22 head_lr=1300 -> tta_val_acc=0.9088
muon_lr=0.043 muon_momentum=0.6 bias_lr=37 head_lr=800 -> tta_val_acc=0.9061
muon_lr=0.043 muon_momentum=0.6 bias_lr=37 head_lr=2200 -> tta_val_acc=0.9065
muon_lr=0.026 muon_momentum=0.6 bias_lr=22 head_lr=1300 -> tta_val_acc=0.9023
muon_lr=0.072 muon_momentum=0.6 bias_lr=22 head_lr=1300 -> tta_val_acc=0.9014
muon_lr=0.043 muon_momentum=0.6 bias_lr=13 head_lr=1300 -> tta_val_acc=0.9073
muon_lr=0.043 muon_momentum=0.6 bias_lr=22 head_lr=800 -> tta_val_acc=0.9079
muon_lr=0.043 muon_momentum=0.6 bias_lr=22 head_lr=2200 -> tta_val_acc=0.9084
main hparams: muon_lr=0.2 muon_momentum=0.6 bias_lr=170 head_lr=1300 main=0.7804, best_cooldown=0.9087
muon_lr=0.043 muon_momentum=0.6 bias_lr=170 head_lr=1300 -> tta_val_acc=0.8927
muon_lr=0.026 muon_momentum=0.6 bias_lr=170 head_lr=1300 -> tta_val_acc=0.8925
muon_lr=0.072 muon_momentum=0.6 bias_lr=170 head_lr=1300 -> tta_val_acc=0.8921
muon_lr=0.043 muon_momentum=0.6 bias_lr=100 head_lr=1300 -> tta_val_acc=0.9069
muon_lr=0.043 muon_momentum=0.6 bias_lr=290 head_lr=1300 -> blocked
muon_lr=0.043 muon_momentum=0.6 bias_lr=170 head_lr=800 -> tta_val_acc=0.8946
muon_lr=0.043 muon_momentum=0.6 bias_lr=170 head_lr=2200 -> blocked
muon_lr=0.026 muon_momentum=0.6 bias_lr=100 head_lr=1300 -> tta_val_acc=0.9029
muon_lr=0.072 muon_momentum=0.6 bias_lr=100 head_lr=1300 -> tta_val_acc=0.8985
muon_lr=0.043 muon_momentum=0.6 bias_lr=62 head_lr=1300 -> tta_val_acc=0.9076
muon_lr=0.043 muon_momentum=0.6 bias_lr=100 head_lr=800 -> tta_val_acc=0.9070
muon_lr=0.043 muon_momentum=0.6 bias_lr=100 head_lr=2200 -> blocked
muon_lr=0.026 muon_momentum=0.6 bias_lr=62 head_lr=1300 -> tta_val_acc=0.9057
muon_lr=0.072 muon_momentum=0.6 bias_lr=62 head_lr=1300 -> tta_val_acc=0.9049
muon_lr=0.043 muon_momentum=0.6 bias_lr=37 head_lr=1300 -> tta_val_acc=0.9084
muon_lr=0.043 muon_momentum=0.6 bias_lr=62 head_lr=800 -> tta_val_acc=0.9087
muon_lr=0.043 muon_momentum=0.6 bias_lr=62 head_lr=2200 -> blocked
muon_lr=0.026 muon_momentum=0.6 bias_lr=62 head_lr=800 -> tta_val_acc=0.9059
muon_lr=0.072 muon_momentum=0.6 bias_lr=62 head_lr=800 -> tta_val_acc=0.9017
muon_lr=0.043 muon_momentum=0.6 bias_lr=37 head_lr=800 -> tta_val_acc=0.9075
muon_lr=0.043 muon_momentum=0.6 bias_lr=62 head_lr=480 -> tta_val_acc=0.9080
main hparams: muon_lr=0.2 muon_momentum=0.6 bias_lr=100 head_lr=800 main=0.8043, best_cooldown=0.9097
muon_lr=0.043 muon_momentum=0.6 bias_lr=100 head_lr=800 -> tta_val_acc=0.9057
muon_lr=0.026 muon_momentum=0.6 bias_lr=100 head_lr=800 -> tta_val_acc=0.9020
muon_lr=0.072 muon_momentum=0.6 bias_lr=100 head_lr=800 -> tta_val_acc=0.8937
muon_lr=0.043 muon_momentum=0.6 bias_lr=62 head_lr=800 -> tta_val_acc=0.9089
muon_lr=0.043 muon_momentum=0.6 bias_lr=170 head_lr=800 -> blocked
muon_lr=0.043 muon_momentum=0.6 bias_lr=100 head_lr=480 -> tta_val_acc=0.9087
muon_lr=0.043 muon_momentum=0.6 bias_lr=100 head_lr=1300 -> blocked
muon_lr=0.026 muon_momentum=0.6 bias_lr=62 head_lr=800 -> tta_val_acc=0.9056
muon_lr=0.072 muon_momentum=0.6 bias_lr=62 head_lr=800 -> tta_val_acc=0.8975
muon_lr=0.043 muon_momentum=0.6 bias_lr=37 head_lr=800 -> tta_val_acc=0.9095
muon_lr=0.043 muon_momentum=0.6 bias_lr=62 head_lr=480 -> tta_val_acc=0.9097
muon_lr=0.043 muon_momentum=0.6 bias_lr=62 head_lr=1300 -> blocked
muon_lr=0.026 muon_momentum=0.6 bias_lr=62 head_lr=480 -> tta_val_acc=0.9053
muon_lr=0.072 muon_momentum=0.6 bias_lr=62 head_lr=480 -> tta_val_acc=0.8996
muon_lr=0.043 muon_momentum=0.6 bias_lr=37 head_lr=480 -> tta_val_acc=0.9092
muon_lr=0.043 muon_momentum=0.6 bias_lr=62 head_lr=290 -> tta_val_acc=0.9094
main hparams: muon_lr=0.2 muon_momentum=0.6 bias_lr=100 head_lr=2200 main=0.8109, best_cooldown=0.9053
muon_lr=0.043 muon_momentum=0.6 bias_lr=100 head_lr=2200 -> tta_val_acc=0.8993
muon_lr=0.026 muon_momentum=0.6 bias_lr=100 head_lr=2200 -> tta_val_acc=0.8976
muon_lr=0.072 muon_momentum=0.6 bias_lr=100 head_lr=2200 -> tta_val_acc=0.8914
muon_lr=0.043 muon_momentum=0.6 bias_lr=62 head_lr=2200 -> tta_val_acc=0.9042
muon_lr=0.043 muon_momentum=0.6 bias_lr=170 head_lr=2200 -> blocked
muon_lr=0.043 muon_momentum=0.6 bias_lr=100 head_lr=1300 -> tta_val_acc=0.9019
muon_lr=0.043 muon_momentum=0.6 bias_lr=100 head_lr=3700 -> blocked
muon_lr=0.026 muon_momentum=0.6 bias_lr=62 head_lr=2200 -> tta_val_acc=0.9002
muon_lr=0.072 muon_momentum=0.6 bias_lr=62 head_lr=2200 -> tta_val_acc=0.8974
muon_lr=0.043 muon_momentum=0.6 bias_lr=37 head_lr=2200 -> tta_val_acc=0.9053
muon_lr=0.043 muon_momentum=0.6 bias_lr=62 head_lr=1300 -> tta_val_acc=0.9033
muon_lr=0.043 muon_momentum=0.6 bias_lr=62 head_lr=3700 -> tta_val_acc=0.9024
muon_lr=0.026 muon_momentum=0.6 bias_lr=37 head_lr=2200 -> tta_val_acc=0.9015
muon_lr=0.072 muon_momentum=0.6 bias_lr=37 head_lr=2200 -> tta_val_acc=0.9000
muon_lr=0.043 muon_momentum=0.6 bias_lr=22 head_lr=2200 -> tta_val_acc=0.9052
muon_lr=0.043 muon_momentum=0.6 bias_lr=37 head_lr=1300 -> tta_val_acc=0.9050
muon_lr=0.043 muon_momentum=0.6 bias_lr=37 head_lr=3700 -> tta_val_acc=0.9051
main hparams: muon_lr=0.072 muon_momentum=0.6 bias_lr=100 head_lr=1300 main=0.8402, best_cooldown=0.9062
muon_lr=0.043 muon_momentum=0.6 bias_lr=100 head_lr=1300 -> tta_val_acc=0.8942
muon_lr=0.026 muon_momentum=0.6 bias_lr=100 head_lr=1300 -> tta_val_acc=0.8987
muon_lr=0.072 muon_momentum=0.6 bias_lr=100 head_lr=1300 -> blocked
muon_lr=0.043 muon_momentum=0.6 bias_lr=62 head_lr=1300 -> tta_val_acc=0.9005
muon_lr=0.043 muon_momentum=0.6 bias_lr=170 head_lr=1300 -> blocked
muon_lr=0.043 muon_momentum=0.6 bias_lr=100 head_lr=800 -> tta_val_acc=0.8977
muon_lr=0.043 muon_momentum=0.6 bias_lr=100 head_lr=2200 -> blocked
muon_lr=0.026 muon_momentum=0.6 bias_lr=62 head_lr=1300 -> tta_val_acc=0.9007
muon_lr=0.072 muon_momentum=0.6 bias_lr=62 head_lr=1300 -> blocked
muon_lr=0.043 muon_momentum=0.6 bias_lr=37 head_lr=1300 -> tta_val_acc=0.9017
muon_lr=0.043 muon_momentum=0.6 bias_lr=62 head_lr=800 -> tta_val_acc=0.9004
muon_lr=0.043 muon_momentum=0.6 bias_lr=62 head_lr=2200 -> tta_val_acc=0.9004
muon_lr=0.026 muon_momentum=0.6 bias_lr=37 head_lr=1300 -> tta_val_acc=0.9008
muon_lr=0.072 muon_momentum=0.6 bias_lr=37 head_lr=1300 -> tta_val_acc=0.8874
muon_lr=0.043 muon_momentum=0.6 bias_lr=22 head_lr=1300 -> tta_val_acc=0.9030
muon_lr=0.043 muon_momentum=0.6 bias_lr=37 head_lr=800 -> tta_val_acc=0.9003
muon_lr=0.043 muon_momentum=0.6 bias_lr=37 head_lr=2200 -> tta_val_acc=0.9020
muon_lr=0.026 muon_momentum=0.6 bias_lr=22 head_lr=1300 -> tta_val_acc=0.9009
muon_lr=0.072 muon_momentum=0.6 bias_lr=22 head_lr=1300 -> tta_val_acc=0.8895
muon_lr=0.043 muon_momentum=0.6 bias_lr=13 head_lr=1300 -> tta_val_acc=0.9036
muon_lr=0.043 muon_momentum=0.6 bias_lr=22 head_lr=800 -> tta_val_acc=0.9035
muon_lr=0.043 muon_momentum=0.6 bias_lr=22 head_lr=2200 -> blocked
muon_lr=0.026 muon_momentum=0.6 bias_lr=13 head_lr=1300 -> tta_val_acc=0.9012
muon_lr=0.072 muon_momentum=0.6 bias_lr=13 head_lr=1300 -> tta_val_acc=0.8925
muon_lr=0.043 muon_momentum=0.6 bias_lr=8.1 head_lr=1300 -> tta_val_acc=0.9062
muon_lr=0.043 muon_momentum=0.6 bias_lr=13 head_lr=800 -> tta_val_acc=0.9030
muon_lr=0.043 muon_momentum=0.6 bias_lr=13 head_lr=2200 -> tta_val_acc=0.9041
muon_lr=0.026 muon_momentum=0.6 bias_lr=8.1 head_lr=1300 -> tta_val_acc=0.9002
muon_lr=0.072 muon_momentum=0.6 bias_lr=8.1 head_lr=1300 -> tta_val_acc=0.8909
muon_lr=0.043 muon_momentum=0.6 bias_lr=4.9 head_lr=1300 -> tta_val_acc=0.9053
muon_lr=0.043 muon_momentum=0.6 bias_lr=8.1 head_lr=800 -> tta_val_acc=0.9019
muon_lr=0.043 muon_momentum=0.6 bias_lr=8.1 head_lr=2200 -> tta_val_acc=0.9032
main hparams: muon_lr=0.12 muon_momentum=0.5 bias_lr=100 head_lr=1300 main=0.8436, best_cooldown=0.9077
muon_lr=0.043 muon_momentum=0.5 bias_lr=100 head_lr=1300 -> tta_val_acc=0.9018
muon_lr=0.026 muon_momentum=0.5 bias_lr=100 head_lr=1300 -> tta_val_acc=0.9015
muon_lr=0.072 muon_momentum=0.5 bias_lr=100 head_lr=1300 -> tta_val_acc=0.8930
muon_lr=0.043 muon_momentum=0.5 bias_lr=62 head_lr=1300 -> tta_val_acc=0.9048
muon_lr=0.043 muon_momentum=0.5 bias_lr=170 head_lr=1300 -> blocked
muon_lr=0.043 muon_momentum=0.5 bias_lr=100 head_lr=800 -> tta_val_acc=0.9008
muon_lr=0.043 muon_momentum=0.5 bias_lr=100 head_lr=2200 -> tta_val_acc=0.8998
muon_lr=0.026 muon_momentum=0.5 bias_lr=62 head_lr=1300 -> tta_val_acc=0.9061
muon_lr=0.072 muon_momentum=0.5 bias_lr=62 head_lr=1300 -> blocked
muon_lr=0.043 muon_momentum=0.5 bias_lr=37 head_lr=1300 -> tta_val_acc=0.9077
muon_lr=0.043 muon_momentum=0.5 bias_lr=62 head_lr=800 -> tta_val_acc=0.9046
muon_lr=0.043 muon_momentum=0.5 bias_lr=62 head_lr=2200 -> tta_val_acc=0.9039
muon_lr=0.026 muon_momentum=0.5 bias_lr=37 head_lr=1300 -> tta_val_acc=0.9065
muon_lr=0.072 muon_momentum=0.5 bias_lr=37 head_lr=1300 -> tta_val_acc=0.8952
muon_lr=0.043 muon_momentum=0.5 bias_lr=22 head_lr=1300 -> tta_val_acc=0.9058
muon_lr=0.043 muon_momentum=0.5 bias_lr=37 head_lr=800 -> tta_val_acc=0.9063
muon_lr=0.043 muon_momentum=0.5 bias_lr=37 head_lr=2200 -> tta_val_acc=0.9055
main hparams: muon_lr=0.12 muon_momentum=0.7 bias_lr=100 head_lr=1300 main=0.8459, best_cooldown=0.9095
muon_lr=0.043 muon_momentum=0.7 bias_lr=100 head_lr=1300 -> tta_val_acc=0.9006
muon_lr=0.026 muon_momentum=0.7 bias_lr=100 head_lr=1300 -> tta_val_acc=0.9038
muon_lr=0.072 muon_momentum=0.7 bias_lr=100 head_lr=1300 -> blocked
muon_lr=0.043 muon_momentum=0.7 bias_lr=62 head_lr=1300 -> tta_val_acc=0.9048
muon_lr=0.043 muon_momentum=0.7 bias_lr=170 head_lr=1300 -> blocked
muon_lr=0.043 muon_momentum=0.7 bias_lr=100 head_lr=800 -> tta_val_acc=0.9026
muon_lr=0.043 muon_momentum=0.7 bias_lr=100 head_lr=2200 -> blocked
muon_lr=0.026 muon_momentum=0.7 bias_lr=62 head_lr=1300 -> tta_val_acc=0.9064
muon_lr=0.072 muon_momentum=0.7 bias_lr=62 head_lr=1300 -> blocked
muon_lr=0.043 muon_momentum=0.7 bias_lr=37 head_lr=1300 -> tta_val_acc=0.9049
muon_lr=0.043 muon_momentum=0.7 bias_lr=62 head_lr=800 -> tta_val_acc=0.9059
muon_lr=0.043 muon_momentum=0.7 bias_lr=62 head_lr=2200 -> blocked
muon_lr=0.016 muon_momentum=0.7 bias_lr=62 head_lr=1300 -> tta_val_acc=0.9033
muon_lr=0.026 muon_momentum=0.7 bias_lr=37 head_lr=1300 -> tta_val_acc=0.9085
muon_lr=0.026 muon_momentum=0.7 bias_lr=62 head_lr=800 -> tta_val_acc=0.9067
muon_lr=0.026 muon_momentum=0.7 bias_lr=62 head_lr=2200 -> blocked
muon_lr=0.016 muon_momentum=0.7 bias_lr=37 head_lr=1300 -> tta_val_acc=0.9040
muon_lr=0.026 muon_momentum=0.7 bias_lr=22 head_lr=1300 -> tta_val_acc=0.9087
muon_lr=0.026 muon_momentum=0.7 bias_lr=37 head_lr=800 -> tta_val_acc=0.9080
muon_lr=0.026 muon_momentum=0.7 bias_lr=37 head_lr=2200 -> tta_val_acc=0.9079
muon_lr=0.016 muon_momentum=0.7 bias_lr=22 head_lr=1300 -> tta_val_acc=0.9039
muon_lr=0.043 muon_momentum=0.7 bias_lr=22 head_lr=1300 -> tta_val_acc=0.9060
muon_lr=0.026 muon_momentum=0.7 bias_lr=13 head_lr=1300 -> tta_val_acc=0.9086
muon_lr=0.026 muon_momentum=0.7 bias_lr=22 head_lr=800 -> tta_val_acc=0.9081
muon_lr=0.026 muon_momentum=0.7 bias_lr=22 head_lr=2200 -> tta_val_acc=0.9095
muon_lr=0.016 muon_momentum=0.7 bias_lr=22 head_lr=2200 -> tta_val_acc=0.9036
muon_lr=0.043 muon_momentum=0.7 bias_lr=22 head_lr=2200 -> tta_val_acc=0.9058
muon_lr=0.026 muon_momentum=0.7 bias_lr=13 head_lr=2200 -> tta_val_acc=0.9085
muon_lr=0.026 muon_momentum=0.7 bias_lr=22 head_lr=3700 -> tta_val_acc=0.9084
main hparams: muon_lr=0.12 muon_momentum=0.6 bias_lr=62 head_lr=1300 main=0.8432, best_cooldown=0.9123
muon_lr=0.043 muon_momentum=0.6 bias_lr=62 head_lr=1300 -> tta_val_acc=0.9059
muon_lr=0.026 muon_momentum=0.6 bias_lr=62 head_lr=1300 -> tta_val_acc=0.9094
muon_lr=0.072 muon_momentum=0.6 bias_lr=62 head_lr=1300 -> blocked
muon_lr=0.043 muon_momentum=0.6 bias_lr=37 head_lr=1300 -> tta_val_acc=0.9099
muon_lr=0.043 muon_momentum=0.6 bias_lr=100 head_lr=1300 -> blocked
muon_lr=0.043 muon_momentum=0.6 bias_lr=62 head_lr=800 -> tta_val_acc=0.9083
muon_lr=0.043 muon_momentum=0.6 bias_lr=62 head_lr=2200 -> blocked
muon_lr=0.026 muon_momentum=0.6 bias_lr=37 head_lr=1300 -> tta_val_acc=0.9114
muon_lr=0.072 muon_momentum=0.6 bias_lr=37 head_lr=1300 -> blocked
muon_lr=0.043 muon_momentum=0.6 bias_lr=22 head_lr=1300 -> tta_val_acc=0.9118
muon_lr=0.043 muon_momentum=0.6 bias_lr=37 head_lr=800 -> tta_val_acc=0.9107
muon_lr=0.043 muon_momentum=0.6 bias_lr=37 head_lr=2200 -> blocked
muon_lr=0.026 muon_momentum=0.6 bias_lr=22 head_lr=1300 -> tta_val_acc=0.9099
muon_lr=0.072 muon_momentum=0.6 bias_lr=22 head_lr=1300 -> tta_val_acc=0.9008
muon_lr=0.043 muon_momentum=0.6 bias_lr=13 head_lr=1300 -> tta_val_acc=0.9120
muon_lr=0.043 muon_momentum=0.6 bias_lr=22 head_lr=800 -> tta_val_acc=0.9102
muon_lr=0.043 muon_momentum=0.6 bias_lr=22 head_lr=2200 -> tta_val_acc=0.9102
muon_lr=0.026 muon_momentum=0.6 bias_lr=13 head_lr=1300 -> tta_val_acc=0.9091
muon_lr=0.072 muon_momentum=0.6 bias_lr=13 head_lr=1300 -> tta_val_acc=0.9001
muon_lr=0.043 muon_momentum=0.6 bias_lr=8.1 head_lr=1300 -> tta_val_acc=0.9107
muon_lr=0.043 muon_momentum=0.6 bias_lr=13 head_lr=800 -> tta_val_acc=0.9123
muon_lr=0.043 muon_momentum=0.6 bias_lr=13 head_lr=2200 -> blocked
muon_lr=0.026 muon_momentum=0.6 bias_lr=13 head_lr=800 -> tta_val_acc=0.9088
muon_lr=0.072 muon_momentum=0.6 bias_lr=13 head_lr=800 -> tta_val_acc=0.8993
muon_lr=0.043 muon_momentum=0.6 bias_lr=8.1 head_lr=800 -> tta_val_acc=0.9112
muon_lr=0.043 muon_momentum=0.6 bias_lr=13 head_lr=480 -> tta_val_acc=0.9122
main hparams: muon_lr=0.12 muon_momentum=0.6 bias_lr=170 head_lr=1300 blocked
main hparams: muon_lr=0.12 muon_momentum=0.6 bias_lr=100 head_lr=800 main=0.8503, best_cooldown=0.9100
muon_lr=0.043 muon_momentum=0.6 bias_lr=100 head_lr=800 -> tta_val_acc=0.9011
muon_lr=0.026 muon_momentum=0.6 bias_lr=100 head_lr=800 -> tta_val_acc=0.9022
muon_lr=0.072 muon_momentum=0.6 bias_lr=100 head_lr=800 -> blocked
muon_lr=0.043 muon_momentum=0.6 bias_lr=62 head_lr=800 -> tta_val_acc=0.9072
muon_lr=0.043 muon_momentum=0.6 bias_lr=170 head_lr=800 -> blocked
muon_lr=0.043 muon_momentum=0.6 bias_lr=100 head_lr=480 -> tta_val_acc=0.9026
muon_lr=0.043 muon_momentum=0.6 bias_lr=100 head_lr=1300 -> blocked
muon_lr=0.026 muon_momentum=0.6 bias_lr=62 head_lr=800 -> tta_val_acc=0.9058
muon_lr=0.072 muon_momentum=0.6 bias_lr=62 head_lr=800 -> tta_val_acc=0.8946
muon_lr=0.043 muon_momentum=0.6 bias_lr=37 head_lr=800 -> tta_val_acc=0.9100
muon_lr=0.043 muon_momentum=0.6 bias_lr=62 head_lr=480 -> tta_val_acc=0.9070
muon_lr=0.043 muon_momentum=0.6 bias_lr=62 head_lr=1300 -> tta_val_acc=0.9052
muon_lr=0.026 muon_momentum=0.6 bias_lr=37 head_lr=800 -> tta_val_acc=0.9063
muon_lr=0.072 muon_momentum=0.6 bias_lr=37 head_lr=800 -> tta_val_acc=0.8954
muon_lr=0.043 muon_momentum=0.6 bias_lr=22 head_lr=800 -> tta_val_acc=0.9092
muon_lr=0.043 muon_momentum=0.6 bias_lr=37 head_lr=480 -> tta_val_acc=0.9086
muon_lr=0.043 muon_momentum=0.6 bias_lr=37 head_lr=1300 -> tta_val_acc=0.9060
main hparams: muon_lr=0.12 muon_momentum=0.6 bias_lr=100 head_lr=2200 main=0.8190, best_cooldown=0.9088
muon_lr=0.043 muon_momentum=0.6 bias_lr=100 head_lr=2200 -> tta_val_acc=0.9006
muon_lr=0.026 muon_momentum=0.6 bias_lr=100 head_lr=2200 -> tta_val_acc=0.9027
muon_lr=0.072 muon_momentum=0.6 bias_lr=100 head_lr=2200 -> blocked
muon_lr=0.043 muon_momentum=0.6 bias_lr=62 head_lr=2200 -> tta_val_acc=0.9047
muon_lr=0.043 muon_momentum=0.6 bias_lr=170 head_lr=2200 -> blocked
muon_lr=0.043 muon_momentum=0.6 bias_lr=100 head_lr=1300 -> tta_val_acc=0.9025
muon_lr=0.043 muon_momentum=0.6 bias_lr=100 head_lr=3700 -> blocked
muon_lr=0.026 muon_momentum=0.6 bias_lr=62 head_lr=2200 -> tta_val_acc=0.9047
muon_lr=0.072 muon_momentum=0.6 bias_lr=62 head_lr=2200 -> tta_val_acc=0.8956
muon_lr=0.043 muon_momentum=0.6 bias_lr=37 head_lr=2200 -> tta_val_acc=0.9072
muon_lr=0.043 muon_momentum=0.6 bias_lr=62 head_lr=1300 -> tta_val_acc=0.9062
muon_lr=0.043 muon_momentum=0.6 bias_lr=62 head_lr=3700 -> blocked
muon_lr=0.026 muon_momentum=0.6 bias_lr=37 head_lr=2200 -> tta_val_acc=0.9062
muon_lr=0.072 muon_momentum=0.6 bias_lr=37 head_lr=2200 -> tta_val_acc=0.8961
muon_lr=0.043 muon_momentum=0.6 bias_lr=22 head_lr=2200 -> tta_val_acc=0.9067
muon_lr=0.043 muon_momentum=0.6 bias_lr=37 head_lr=1300 -> tta_val_acc=0.9075
muon_lr=0.043 muon_momentum=0.6 bias_lr=37 head_lr=3700 -> blocked
muon_lr=0.026 muon_momentum=0.6 bias_lr=37 head_lr=1300 -> tta_val_acc=0.9069
muon_lr=0.072 muon_momentum=0.6 bias_lr=37 head_lr=1300 -> tta_val_acc=0.8952
muon_lr=0.043 muon_momentum=0.6 bias_lr=22 head_lr=1300 -> tta_val_acc=0.9074
muon_lr=0.043 muon_momentum=0.6 bias_lr=37 head_lr=800 -> tta_val_acc=0.9088
muon_lr=0.026 muon_momentum=0.6 bias_lr=37 head_lr=800 -> tta_val_acc=0.9080
muon_lr=0.072 muon_momentum=0.6 bias_lr=37 head_lr=800 -> tta_val_acc=0.8977
muon_lr=0.043 muon_momentum=0.6 bias_lr=22 head_lr=800 -> tta_val_acc=0.9088
muon_lr=0.043 muon_momentum=0.6 bias_lr=62 head_lr=800 -> tta_val_acc=0.9065
muon_lr=0.043 muon_momentum=0.6 bias_lr=37 head_lr=480 -> tta_val_acc=0.9059
main hparams: muon_lr=0.072 muon_momentum=0.6 bias_lr=62 head_lr=1300 main=0.8437, best_cooldown=0.9026
muon_lr=0.043 muon_momentum=0.6 bias_lr=62 head_lr=1300 -> tta_val_acc=0.8965
muon_lr=0.026 muon_momentum=0.6 bias_lr=62 head_lr=1300 -> tta_val_acc=0.8994
muon_lr=0.072 muon_momentum=0.6 bias_lr=62 head_lr=1300 -> blocked
muon_lr=0.043 muon_momentum=0.6 bias_lr=37 head_lr=1300 -> tta_val_acc=0.8982
muon_lr=0.043 muon_momentum=0.6 bias_lr=100 head_lr=1300 -> blocked
muon_lr=0.043 muon_momentum=0.6 bias_lr=62 head_lr=800 -> tta_val_acc=0.8956
muon_lr=0.043 muon_momentum=0.6 bias_lr=62 head_lr=2200 -> tta_val_acc=0.8938
muon_lr=0.016 muon_momentum=0.6 bias_lr=62 head_lr=1300 -> tta_val_acc=0.8970
muon_lr=0.026 muon_momentum=0.6 bias_lr=37 head_lr=1300 -> tta_val_acc=0.9006
muon_lr=0.026 muon_momentum=0.6 bias_lr=100 head_lr=1300 -> blocked
muon_lr=0.026 muon_momentum=0.6 bias_lr=62 head_lr=800 -> tta_val_acc=0.8994
muon_lr=0.026 muon_momentum=0.6 bias_lr=62 head_lr=2200 -> tta_val_acc=0.8989
muon_lr=0.016 muon_momentum=0.6 bias_lr=37 head_lr=1300 -> tta_val_acc=0.8972
muon_lr=0.026 muon_momentum=0.6 bias_lr=22 head_lr=1300 -> tta_val_acc=0.9020
muon_lr=0.026 muon_momentum=0.6 bias_lr=37 head_lr=800 -> tta_val_acc=0.9006
muon_lr=0.026 muon_momentum=0.6 bias_lr=37 head_lr=2200 -> tta_val_acc=0.9010
muon_lr=0.016 muon_momentum=0.6 bias_lr=22 head_lr=1300 -> tta_val_acc=0.8971
muon_lr=0.043 muon_momentum=0.6 bias_lr=22 head_lr=1300 -> tta_val_acc=0.8990
muon_lr=0.026 muon_momentum=0.6 bias_lr=13 head_lr=1300 -> tta_val_acc=0.9026
muon_lr=0.026 muon_momentum=0.6 bias_lr=22 head_lr=800 -> tta_val_acc=0.9017
muon_lr=0.026 muon_momentum=0.6 bias_lr=22 head_lr=2200 -> tta_val_acc=0.9026
muon_lr=0.016 muon_momentum=0.6 bias_lr=13 head_lr=1300 -> tta_val_acc=0.8978
muon_lr=0.043 muon_momentum=0.6 bias_lr=13 head_lr=1300 -> tta_val_acc=0.9003
muon_lr=0.026 muon_momentum=0.6 bias_lr=8.1 head_lr=1300 -> tta_val_acc=0.9023
muon_lr=0.026 muon_momentum=0.6 bias_lr=13 head_lr=800 -> tta_val_acc=0.9019
muon_lr=0.026 muon_momentum=0.6 bias_lr=13 head_lr=2200 -> tta_val_acc=0.9021
main hparams: muon_lr=0.12 muon_momentum=0.5 bias_lr=62 head_lr=1300 main=0.8458, best_cooldown=0.9049
muon_lr=0.043 muon_momentum=0.5 bias_lr=62 head_lr=1300 -> tta_val_acc=0.9029
muon_lr=0.026 muon_momentum=0.5 bias_lr=62 head_lr=1300 -> tta_val_acc=0.9025
muon_lr=0.072 muon_momentum=0.5 bias_lr=62 head_lr=1300 -> tta_val_acc=0.8973
muon_lr=0.043 muon_momentum=0.5 bias_lr=37 head_lr=1300 -> tta_val_acc=0.9034
muon_lr=0.043 muon_momentum=0.5 bias_lr=100 head_lr=1300 -> blocked
muon_lr=0.043 muon_momentum=0.5 bias_lr=62 head_lr=800 -> tta_val_acc=0.9028
muon_lr=0.043 muon_momentum=0.5 bias_lr=62 head_lr=2200 -> tta_val_acc=0.9023
muon_lr=0.026 muon_momentum=0.5 bias_lr=37 head_lr=1300 -> tta_val_acc=0.9049
muon_lr=0.072 muon_momentum=0.5 bias_lr=37 head_lr=1300 -> blocked
muon_lr=0.043 muon_momentum=0.5 bias_lr=22 head_lr=1300 -> tta_val_acc=0.9032
muon_lr=0.043 muon_momentum=0.5 bias_lr=37 head_lr=800 -> tta_val_acc=0.9035
muon_lr=0.043 muon_momentum=0.5 bias_lr=37 head_lr=2200 -> blocked
muon_lr=0.016 muon_momentum=0.5 bias_lr=37 head_lr=1300 -> tta_val_acc=0.8992
muon_lr=0.026 muon_momentum=0.5 bias_lr=22 head_lr=1300 -> tta_val_acc=0.9038
muon_lr=0.026 muon_momentum=0.5 bias_lr=37 head_lr=800 -> tta_val_acc=0.9031
muon_lr=0.026 muon_momentum=0.5 bias_lr=37 head_lr=2200 -> tta_val_acc=0.9045
main hparams: muon_lr=0.12 muon_momentum=0.7 bias_lr=62 head_lr=1300 main=0.8430, best_cooldown=0.9084
muon_lr=0.043 muon_momentum=0.7 bias_lr=62 head_lr=1300 -> tta_val_acc=0.9052
muon_lr=0.026 muon_momentum=0.7 bias_lr=62 head_lr=1300 -> tta_val_acc=0.9059
muon_lr=0.072 muon_momentum=0.7 bias_lr=62 head_lr=1300 -> blocked
muon_lr=0.043 muon_momentum=0.7 bias_lr=37 head_lr=1300 -> tta_val_acc=0.9082
muon_lr=0.043 muon_momentum=0.7 bias_lr=100 head_lr=1300 -> blocked
muon_lr=0.043 muon_momentum=0.7 bias_lr=62 head_lr=800 -> tta_val_acc=0.9051
muon_lr=0.043 muon_momentum=0.7 bias_lr=62 head_lr=2200 -> tta_val_acc=0.9044
muon_lr=0.026 muon_momentum=0.7 bias_lr=37 head_lr=1300 -> tta_val_acc=0.9068
muon_lr=0.072 muon_momentum=0.7 bias_lr=37 head_lr=1300 -> tta_val_acc=0.8967
muon_lr=0.043 muon_momentum=0.7 bias_lr=22 head_lr=1300 -> tta_val_acc=0.9084
muon_lr=0.043 muon_momentum=0.7 bias_lr=37 head_lr=800 -> tta_val_acc=0.9057
muon_lr=0.043 muon_momentum=0.7 bias_lr=37 head_lr=2200 -> tta_val_acc=0.9062
muon_lr=0.026 muon_momentum=0.7 bias_lr=22 head_lr=1300 -> tta_val_acc=0.9066
muon_lr=0.072 muon_momentum=0.7 bias_lr=22 head_lr=1300 -> tta_val_acc=0.8978
muon_lr=0.043 muon_momentum=0.7 bias_lr=13 head_lr=1300 -> tta_val_acc=0.9081
muon_lr=0.043 muon_momentum=0.7 bias_lr=22 head_lr=800 -> tta_val_acc=0.9075
muon_lr=0.043 muon_momentum=0.7 bias_lr=22 head_lr=2200 -> tta_val_acc=0.9077
main hparams: muon_lr=0.12 muon_momentum=0.6 bias_lr=37 head_lr=1300 main=0.8369, best_cooldown=0.9089
muon_lr=0.043 muon_momentum=0.6 bias_lr=37 head_lr=1300 -> tta_val_acc=0.9084
muon_lr=0.026 muon_momentum=0.6 bias_lr=37 head_lr=1300 -> tta_val_acc=0.9070
muon_lr=0.072 muon_momentum=0.6 bias_lr=37 head_lr=1300 -> tta_val_acc=0.8957
muon_lr=0.043 muon_momentum=0.6 bias_lr=22 head_lr=1300 -> tta_val_acc=0.9089
muon_lr=0.043 muon_momentum=0.6 bias_lr=62 head_lr=1300 -> blocked
muon_lr=0.043 muon_momentum=0.6 bias_lr=37 head_lr=800 -> tta_val_acc=0.9069
muon_lr=0.043 muon_momentum=0.6 bias_lr=37 head_lr=2200 -> tta_val_acc=0.9060
muon_lr=0.026 muon_momentum=0.6 bias_lr=22 head_lr=1300 -> tta_val_acc=0.9075
muon_lr=0.072 muon_momentum=0.6 bias_lr=22 head_lr=1300 -> tta_val_acc=0.8990
muon_lr=0.043 muon_momentum=0.6 bias_lr=13 head_lr=1300 -> tta_val_acc=0.9070
muon_lr=0.043 muon_momentum=0.6 bias_lr=22 head_lr=800 -> tta_val_acc=0.9061
muon_lr=0.043 muon_momentum=0.6 bias_lr=22 head_lr=2200 -> tta_val_acc=0.9073
main hparams: muon_lr=0.12 muon_momentum=0.6 bias_lr=62 head_lr=800 main=0.8416, best_cooldown=0.9106
muon_lr=0.043 muon_momentum=0.6 bias_lr=62 head_lr=800 -> tta_val_acc=0.9071
muon_lr=0.026 muon_momentum=0.6 bias_lr=62 head_lr=800 -> tta_val_acc=0.9069
muon_lr=0.072 muon_momentum=0.6 bias_lr=62 head_lr=800 -> tta_val_acc=0.8913
muon_lr=0.043 muon_momentum=0.6 bias_lr=37 head_lr=800 -> tta_val_acc=0.9081
muon_lr=0.043 muon_momentum=0.6 bias_lr=100 head_lr=800 -> blocked
muon_lr=0.043 muon_momentum=0.6 bias_lr=62 head_lr=480 -> tta_val_acc=0.9067
muon_lr=0.043 muon_momentum=0.6 bias_lr=62 head_lr=1300 -> tta_val_acc=0.9038
muon_lr=0.026 muon_momentum=0.6 bias_lr=37 head_lr=800 -> tta_val_acc=0.9088
muon_lr=0.072 muon_momentum=0.6 bias_lr=37 head_lr=800 -> blocked
muon_lr=0.043 muon_momentum=0.6 bias_lr=22 head_lr=800 -> tta_val_acc=0.9080
muon_lr=0.043 muon_momentum=0.6 bias_lr=37 head_lr=480 -> tta_val_acc=0.9080
muon_lr=0.043 muon_momentum=0.6 bias_lr=37 head_lr=1300 -> tta_val_acc=0.9064
muon_lr=0.016 muon_momentum=0.6 bias_lr=37 head_lr=800 -> tta_val_acc=0.9032
muon_lr=0.026 muon_momentum=0.6 bias_lr=22 head_lr=800 -> tta_val_acc=0.9086
muon_lr=0.026 muon_momentum=0.6 bias_lr=37 head_lr=480 -> tta_val_acc=0.9089
muon_lr=0.026 muon_momentum=0.6 bias_lr=37 head_lr=1300 -> blocked
muon_lr=0.016 muon_momentum=0.6 bias_lr=37 head_lr=480 -> tta_val_acc=0.9034
muon_lr=0.026 muon_momentum=0.6 bias_lr=22 head_lr=480 -> tta_val_acc=0.9097
muon_lr=0.026 muon_momentum=0.6 bias_lr=62 head_lr=480 -> blocked
muon_lr=0.026 muon_momentum=0.6 bias_lr=37 head_lr=290 -> tta_val_acc=0.9091
muon_lr=0.016 muon_momentum=0.6 bias_lr=22 head_lr=480 -> tta_val_acc=0.9037
muon_lr=0.043 muon_momentum=0.6 bias_lr=22 head_lr=480 -> tta_val_acc=0.9085
muon_lr=0.026 muon_momentum=0.6 bias_lr=13 head_lr=480 -> tta_val_acc=0.9106
muon_lr=0.026 muon_momentum=0.6 bias_lr=22 head_lr=290 -> tta_val_acc=0.9103
muon_lr=0.016 muon_momentum=0.6 bias_lr=13 head_lr=480 -> tta_val_acc=0.9034
muon_lr=0.043 muon_momentum=0.6 bias_lr=13 head_lr=480 -> tta_val_acc=0.9092
muon_lr=0.026 muon_momentum=0.6 bias_lr=8.1 head_lr=480 -> tta_val_acc=0.9098
muon_lr=0.026 muon_momentum=0.6 bias_lr=13 head_lr=290 -> tta_val_acc=0.9089
muon_lr=0.026 muon_momentum=0.6 bias_lr=13 head_lr=800 -> tta_val_acc=0.9102
main hparams: muon_lr=0.12 muon_momentum=0.6 bias_lr=62 head_lr=2200 main=0.8385, best_cooldown=0.9054
muon_lr=0.043 muon_momentum=0.6 bias_lr=62 head_lr=2200 -> tta_val_acc=0.9043
muon_lr=0.026 muon_momentum=0.6 bias_lr=62 head_lr=2200 -> tta_val_acc=0.9019
muon_lr=0.072 muon_momentum=0.6 bias_lr=62 head_lr=2200 -> tta_val_acc=0.8933
muon_lr=0.043 muon_momentum=0.6 bias_lr=37 head_lr=2200 -> tta_val_acc=0.9046
muon_lr=0.043 muon_momentum=0.6 bias_lr=100 head_lr=2200 -> blocked
muon_lr=0.043 muon_momentum=0.6 bias_lr=62 head_lr=1300 -> tta_val_acc=0.9045
muon_lr=0.043 muon_momentum=0.6 bias_lr=62 head_lr=3700 -> blocked
muon_lr=0.026 muon_momentum=0.6 bias_lr=37 head_lr=2200 -> tta_val_acc=0.9031
muon_lr=0.072 muon_momentum=0.6 bias_lr=37 head_lr=2200 -> tta_val_acc=0.8985
muon_lr=0.043 muon_momentum=0.6 bias_lr=22 head_lr=2200 -> tta_val_acc=0.9044
muon_lr=0.043 muon_momentum=0.6 bias_lr=37 head_lr=1300 -> tta_val_acc=0.9036
muon_lr=0.043 muon_momentum=0.6 bias_lr=37 head_lr=3700 -> tta_val_acc=0.9054
muon_lr=0.026 muon_momentum=0.6 bias_lr=37 head_lr=3700 -> tta_val_acc=0.9034
muon_lr=0.072 muon_momentum=0.6 bias_lr=37 head_lr=3700 -> tta_val_acc=0.8983
muon_lr=0.043 muon_momentum=0.6 bias_lr=22 head_lr=3700 -> tta_val_acc=0.9045
muon_lr=0.043 muon_momentum=0.6 bias_lr=37 head_lr=6200 -> tta_val_acc=0.9030
best_hparams=muon_lr=0.12 muon_momentum=0.6 bias_lr=62 head_lr=1300 main=0.8432, best_cooldown=0.9123
train_loss run=0 step=1/200 loss=2.3101 bias_lr=62 head_lr=1300 muon_lr=0.12 muon_momentum=0.6 muon_nesterov=False muon_grad_momentum_norm_ratio=1
train_loss run=0 step=2/200 loss=2.3060 bias_lr=62 head_lr=1300 muon_lr=0.12 muon_momentum=0.6 muon_nesterov=False muon_grad_momentum_norm_ratio=0.631761
train_loss run=0 step=3/200 loss=2.3308 bias_lr=62 head_lr=1300 muon_lr=0.12 muon_momentum=0.6 muon_nesterov=False muon_grad_momentum_norm_ratio=0.659105
train_loss run=0 step=4/200 loss=2.0946 bias_lr=62 head_lr=1300 muon_lr=0.12 muon_momentum=0.6 muon_nesterov=False muon_grad_momentum_norm_ratio=0.423463
train_loss run=0 step=5/200 loss=1.9976 bias_lr=62 head_lr=1300 muon_lr=0.12 muon_momentum=0.6 muon_nesterov=False muon_grad_momentum_norm_ratio=0.485655
train_loss run=0 step=6/200 loss=1.9015 bias_lr=62 head_lr=1300 muon_lr=0.12 muon_momentum=0.6 muon_nesterov=False muon_grad_momentum_norm_ratio=0.577958
train_loss run=0 step=7/200 loss=1.8234 bias_lr=62 head_lr=1300 muon_lr=0.12 muon_momentum=0.6 muon_nesterov=False muon_grad_momentum_norm_ratio=0.671051
train_loss run=0 step=8/200 loss=1.7475 bias_lr=62 head_lr=1300 muon_lr=0.12 muon_momentum=0.6 muon_nesterov=False muon_grad_momentum_norm_ratio=0.662365
train_loss run=0 step=9/200 loss=1.7193 bias_lr=62 head_lr=1300 muon_lr=0.12 muon_momentum=0.6 muon_nesterov=False muon_grad_momentum_norm_ratio=0.72011
train_loss run=0 step=10/200 loss=1.7132 bias_lr=62 head_lr=1300 muon_lr=0.12 muon_momentum=0.6 muon_nesterov=False muon_grad_momentum_norm_ratio=0.659103
train_loss run=0 step=11/200 loss=1.6754 bias_lr=62 head_lr=1300 muon_lr=0.12 muon_momentum=0.6 muon_nesterov=False muon_grad_momentum_norm_ratio=0.613737
train_loss run=0 step=12/200 loss=1.5891 bias_lr=62 head_lr=1300 muon_lr=0.12 muon_momentum=0.6 muon_nesterov=False muon_grad_momentum_norm_ratio=0.586016
train_loss run=0 step=13/200 loss=1.5660 bias_lr=62 head_lr=1300 muon_lr=0.12 muon_momentum=0.6 muon_nesterov=False muon_grad_momentum_norm_ratio=0.712123
train_loss run=0 step=14/200 loss=1.5526 bias_lr=62 head_lr=1300 muon_lr=0.12 muon_momentum=0.6 muon_nesterov=False muon_grad_momentum_norm_ratio=0.632607
train_loss run=0 step=15/200 loss=1.5305 bias_lr=62 head_lr=1300 muon_lr=0.12 muon_momentum=0.6 muon_nesterov=False muon_grad_momentum_norm_ratio=0.63274
train_loss run=0 step=16/200 loss=1.5251 bias_lr=62 head_lr=1300 muon_lr=0.12 muon_momentum=0.6 muon_nesterov=False muon_grad_momentum_norm_ratio=0.668836
train_loss run=0 step=17/200 loss=1.4984 bias_lr=62 head_lr=1300 muon_lr=0.12 muon_momentum=0.6 muon_nesterov=False muon_grad_momentum_norm_ratio=0.629227
train_loss run=0 step=18/200 loss=1.4565 bias_lr=62 head_lr=1300 muon_lr=0.12 muon_momentum=0.6 muon_nesterov=False muon_grad_momentum_norm_ratio=0.660896
train_loss run=0 step=19/200 loss=1.4178 bias_lr=62 head_lr=1300 muon_lr=0.12 muon_momentum=0.6 muon_nesterov=False muon_grad_momentum_norm_ratio=0.61721
train_loss run=0 step=20/200 loss=1.4073 bias_lr=62 head_lr=1300 muon_lr=0.12 muon_momentum=0.6 muon_nesterov=False muon_grad_momentum_norm_ratio=0.645236
train_loss run=0 step=21/200 loss=1.3942 bias_lr=62 head_lr=1300 muon_lr=0.12 muon_momentum=0.6 muon_nesterov=False muon_grad_momentum_norm_ratio=0.655512
train_loss run=0 step=22/200 loss=1.3627 bias_lr=62 head_lr=1300 muon_lr=0.12 muon_momentum=0.6 muon_nesterov=False muon_grad_momentum_norm_ratio=0.648931
train_loss run=0 step=23/200 loss=1.3539 bias_lr=62 head_lr=1300 muon_lr=0.12 muon_momentum=0.6 muon_nesterov=False muon_grad_momentum_norm_ratio=0.645
train_loss run=0 step=24/200 loss=1.3439 bias_lr=62 head_lr=1300 muon_lr=0.12 muon_momentum=0.6 muon_nesterov=False muon_grad_momentum_norm_ratio=0.690894
train_loss run=0 step=25/200 loss=1.3681 bias_lr=62 head_lr=1300 muon_lr=0.12 muon_momentum=0.6 muon_nesterov=False muon_grad_momentum_norm_ratio=0.650859
train_loss run=0 step=26/200 loss=1.3512 bias_lr=62 head_lr=1300 muon_lr=0.12 muon_momentum=0.6 muon_nesterov=False muon_grad_momentum_norm_ratio=0.600447
train_loss run=0 step=27/200 loss=1.3196 bias_lr=62 head_lr=1300 muon_lr=0.12 muon_momentum=0.6 muon_nesterov=False muon_grad_momentum_norm_ratio=0.612128
train_loss run=0 step=28/200 loss=1.3152 bias_lr=62 head_lr=1300 muon_lr=0.12 muon_momentum=0.6 muon_nesterov=False muon_grad_momentum_norm_ratio=0.6431
train_loss run=0 step=29/200 loss=1.3464 bias_lr=62 head_lr=1300 muon_lr=0.12 muon_momentum=0.6 muon_nesterov=False muon_grad_momentum_norm_ratio=0.663642
train_loss run=0 step=30/200 loss=1.2918 bias_lr=62 head_lr=1300 muon_lr=0.12 muon_momentum=0.6 muon_nesterov=False muon_grad_momentum_norm_ratio=0.635764
train_loss run=0 step=31/200 loss=1.2860 bias_lr=62 head_lr=1300 muon_lr=0.12 muon_momentum=0.6 muon_nesterov=False muon_grad_momentum_norm_ratio=0.600154
train_loss run=0 step=32/200 loss=1.2833 bias_lr=62 head_lr=1300 muon_lr=0.12 muon_momentum=0.6 muon_nesterov=False muon_grad_momentum_norm_ratio=0.676456
train_loss run=0 step=33/200 loss=1.2890 bias_lr=62 head_lr=1300 muon_lr=0.12 muon_momentum=0.6 muon_nesterov=False muon_grad_momentum_norm_ratio=0.615379
train_loss run=0 step=34/200 loss=1.2558 bias_lr=62 head_lr=1300 muon_lr=0.12 muon_momentum=0.6 muon_nesterov=False muon_grad_momentum_norm_ratio=0.634928
train_loss run=0 step=35/200 loss=1.2830 bias_lr=62 head_lr=1300 muon_lr=0.12 muon_momentum=0.6 muon_nesterov=False muon_grad_momentum_norm_ratio=0.662456
train_loss run=0 step=36/200 loss=1.3092 bias_lr=62 head_lr=1300 muon_lr=0.12 muon_momentum=0.6 muon_nesterov=False muon_grad_momentum_norm_ratio=0.666531
train_loss run=0 step=37/200 loss=1.2587 bias_lr=62 head_lr=1300 muon_lr=0.12 muon_momentum=0.6 muon_nesterov=False muon_grad_momentum_norm_ratio=0.608658
train_loss run=0 step=38/200 loss=1.2454 bias_lr=62 head_lr=1300 muon_lr=0.12 muon_momentum=0.6 muon_nesterov=False muon_grad_momentum_norm_ratio=0.599046
train_loss run=0 step=39/200 loss=1.2350 bias_lr=62 head_lr=1300 muon_lr=0.12 muon_momentum=0.6 muon_nesterov=False muon_grad_momentum_norm_ratio=0.622545
train_loss run=0 step=40/200 loss=1.2549 bias_lr=62 head_lr=1300 muon_lr=0.12 muon_momentum=0.6 muon_nesterov=False muon_grad_momentum_norm_ratio=0.650604
interval_tta_val_acc run=0 interval=0 step=40/200 tta_val_acc=0.8432
main hparams: muon_lr=0.12 muon_momentum=0.6 bias_lr=62 head_lr=1300 main=0.8712, best_cooldown=0.9261
muon_lr=0.043 muon_momentum=0.6 bias_lr=62 head_lr=1300 -> tta_val_acc=0.9194
muon_lr=0.026 muon_momentum=0.6 bias_lr=62 head_lr=1300 -> tta_val_acc=0.9246
muon_lr=0.072 muon_momentum=0.6 bias_lr=62 head_lr=1300 -> blocked
muon_lr=0.043 muon_momentum=0.6 bias_lr=37 head_lr=1300 -> tta_val_acc=0.9200
muon_lr=0.043 muon_momentum=0.6 bias_lr=100 head_lr=1300 -> blocked
muon_lr=0.043 muon_momentum=0.6 bias_lr=62 head_lr=800 -> tta_val_acc=0.9203
muon_lr=0.043 muon_momentum=0.6 bias_lr=62 head_lr=2200 -> blocked
muon_lr=0.016 muon_momentum=0.6 bias_lr=62 head_lr=1300 -> tta_val_acc=0.9234
muon_lr=0.026 muon_momentum=0.6 bias_lr=37 head_lr=1300 -> tta_val_acc=0.9250
muon_lr=0.026 muon_momentum=0.6 bias_lr=100 head_lr=1300 -> blocked
muon_lr=0.026 muon_momentum=0.6 bias_lr=62 head_lr=800 -> tta_val_acc=0.9243
muon_lr=0.026 muon_momentum=0.6 bias_lr=62 head_lr=2200 -> tta_val_acc=0.9247
muon_lr=0.016 muon_momentum=0.6 bias_lr=37 head_lr=1300 -> tta_val_acc=0.9255
muon_lr=0.026 muon_momentum=0.6 bias_lr=22 head_lr=1300 -> tta_val_acc=0.9257
muon_lr=0.026 muon_momentum=0.6 bias_lr=37 head_lr=800 -> tta_val_acc=0.9252
muon_lr=0.026 muon_momentum=0.6 bias_lr=37 head_lr=2200 -> blocked
muon_lr=0.016 muon_momentum=0.6 bias_lr=22 head_lr=1300 -> tta_val_acc=0.9255
muon_lr=0.043 muon_momentum=0.6 bias_lr=22 head_lr=1300 -> tta_val_acc=0.9215
muon_lr=0.026 muon_momentum=0.6 bias_lr=13 head_lr=1300 -> tta_val_acc=0.9261
muon_lr=0.026 muon_momentum=0.6 bias_lr=22 head_lr=800 -> tta_val_acc=0.9260
muon_lr=0.026 muon_momentum=0.6 bias_lr=22 head_lr=2200 -> blocked
muon_lr=0.016 muon_momentum=0.6 bias_lr=13 head_lr=1300 -> tta_val_acc=0.9252
muon_lr=0.043 muon_momentum=0.6 bias_lr=13 head_lr=1300 -> tta_val_acc=0.9222
muon_lr=0.026 muon_momentum=0.6 bias_lr=8.1 head_lr=1300 -> tta_val_acc=0.9259
muon_lr=0.026 muon_momentum=0.6 bias_lr=13 head_lr=800 -> tta_val_acc=0.9253
muon_lr=0.026 muon_momentum=0.6 bias_lr=13 head_lr=2200 -> tta_val_acc=0.9261
main hparams: muon_lr=0.072 muon_momentum=0.6 bias_lr=62 head_lr=1300 main=0.8923, best_cooldown=0.9279
muon_lr=0.026 muon_momentum=0.6 bias_lr=62 head_lr=1300 -> tta_val_acc=0.9229
muon_lr=0.016 muon_momentum=0.6 bias_lr=62 head_lr=1300 -> tta_val_acc=0.9255
muon_lr=0.043 muon_momentum=0.6 bias_lr=62 head_lr=1300 -> blocked
muon_lr=0.026 muon_momentum=0.6 bias_lr=37 head_lr=1300 -> tta_val_acc=0.9259
muon_lr=0.026 muon_momentum=0.6 bias_lr=100 head_lr=1300 -> blocked
muon_lr=0.026 muon_momentum=0.6 bias_lr=62 head_lr=800 -> tta_val_acc=0.9244
muon_lr=0.026 muon_momentum=0.6 bias_lr=62 head_lr=2200 -> blocked
muon_lr=0.016 muon_momentum=0.6 bias_lr=37 head_lr=1300 -> tta_val_acc=0.9277
muon_lr=0.043 muon_momentum=0.6 bias_lr=37 head_lr=1300 -> blocked
muon_lr=0.026 muon_momentum=0.6 bias_lr=22 head_lr=1300 -> tta_val_acc=0.9259
muon_lr=0.026 muon_momentum=0.6 bias_lr=37 head_lr=800 -> tta_val_acc=0.9254
muon_lr=0.026 muon_momentum=0.6 bias_lr=37 head_lr=2200 -> tta_val_acc=0.9249
muon_lr=0.0093 muon_momentum=0.6 bias_lr=37 head_lr=1300 -> tta_val_acc=0.9255
muon_lr=0.016 muon_momentum=0.6 bias_lr=22 head_lr=1300 -> tta_val_acc=0.9272
muon_lr=0.016 muon_momentum=0.6 bias_lr=37 head_lr=800 -> tta_val_acc=0.9279
muon_lr=0.016 muon_momentum=0.6 bias_lr=37 head_lr=2200 -> blocked
muon_lr=0.0093 muon_momentum=0.6 bias_lr=37 head_lr=800 -> tta_val_acc=0.9257
muon_lr=0.016 muon_momentum=0.6 bias_lr=22 head_lr=800 -> tta_val_acc=0.9271
muon_lr=0.016 muon_momentum=0.6 bias_lr=62 head_lr=800 -> tta_val_acc=0.9259
muon_lr=0.016 muon_momentum=0.6 bias_lr=37 head_lr=480 -> tta_val_acc=0.9273
main hparams: muon_lr=0.2 muon_momentum=0.6 bias_lr=62 head_lr=1300 blocked
main hparams: muon_lr=0.12 muon_momentum=0.5 bias_lr=62 head_lr=1300 main=0.8708, best_cooldown=0.9271
muon_lr=0.026 muon_momentum=0.5 bias_lr=62 head_lr=1300 -> tta_val_acc=0.9261
muon_lr=0.016 muon_momentum=0.5 bias_lr=62 head_lr=1300 -> tta_val_acc=0.9244
muon_lr=0.043 muon_momentum=0.5 bias_lr=62 head_lr=1300 -> tta_val_acc=0.9229
muon_lr=0.026 muon_momentum=0.5 bias_lr=37 head_lr=1300 -> tta_val_acc=0.9265
muon_lr=0.026 muon_momentum=0.5 bias_lr=100 head_lr=1300 -> blocked
muon_lr=0.026 muon_momentum=0.5 bias_lr=62 head_lr=800 -> tta_val_acc=0.9253
muon_lr=0.026 muon_momentum=0.5 bias_lr=62 head_lr=2200 -> tta_val_acc=0.9254
muon_lr=0.016 muon_momentum=0.5 bias_lr=37 head_lr=1300 -> tta_val_acc=0.9245
muon_lr=0.043 muon_momentum=0.5 bias_lr=37 head_lr=1300 -> tta_val_acc=0.9236
muon_lr=0.026 muon_momentum=0.5 bias_lr=22 head_lr=1300 -> tta_val_acc=0.9271
muon_lr=0.026 muon_momentum=0.5 bias_lr=37 head_lr=800 -> tta_val_acc=0.9268
muon_lr=0.026 muon_momentum=0.5 bias_lr=37 head_lr=2200 -> blocked
muon_lr=0.016 muon_momentum=0.5 bias_lr=22 head_lr=1300 -> tta_val_acc=0.9250
muon_lr=0.043 muon_momentum=0.5 bias_lr=22 head_lr=1300 -> tta_val_acc=0.9240
muon_lr=0.026 muon_momentum=0.5 bias_lr=13 head_lr=1300 -> tta_val_acc=0.9264
muon_lr=0.026 muon_momentum=0.5 bias_lr=22 head_lr=800 -> tta_val_acc=0.9262
muon_lr=0.026 muon_momentum=0.5 bias_lr=22 head_lr=2200 -> tta_val_acc=0.9268
main hparams: muon_lr=0.12 muon_momentum=0.7 bias_lr=62 head_lr=1300 main=0.8526, best_cooldown=0.9242
muon_lr=0.026 muon_momentum=0.7 bias_lr=62 head_lr=1300 -> tta_val_acc=0.9205
muon_lr=0.016 muon_momentum=0.7 bias_lr=62 head_lr=1300 -> tta_val_acc=0.9208
muon_lr=0.043 muon_momentum=0.7 bias_lr=62 head_lr=1300 -> blocked
muon_lr=0.026 muon_momentum=0.7 bias_lr=37 head_lr=1300 -> tta_val_acc=0.9224
muon_lr=0.026 muon_momentum=0.7 bias_lr=100 head_lr=1300 -> blocked
muon_lr=0.026 muon_momentum=0.7 bias_lr=62 head_lr=800 -> tta_val_acc=0.9213
muon_lr=0.026 muon_momentum=0.7 bias_lr=62 head_lr=2200 -> blocked
muon_lr=0.016 muon_momentum=0.7 bias_lr=37 head_lr=1300 -> tta_val_acc=0.9217
muon_lr=0.043 muon_momentum=0.7 bias_lr=37 head_lr=1300 -> tta_val_acc=0.9171
muon_lr=0.026 muon_momentum=0.7 bias_lr=22 head_lr=1300 -> tta_val_acc=0.9225
muon_lr=0.026 muon_momentum=0.7 bias_lr=37 head_lr=800 -> tta_val_acc=0.9222
muon_lr=0.026 muon_momentum=0.7 bias_lr=37 head_lr=2200 -> tta_val_acc=0.9223
muon_lr=0.016 muon_momentum=0.7 bias_lr=22 head_lr=1300 -> tta_val_acc=0.9226
muon_lr=0.043 muon_momentum=0.7 bias_lr=22 head_lr=1300 -> blocked
muon_lr=0.026 muon_momentum=0.7 bias_lr=13 head_lr=1300 -> tta_val_acc=0.9236
muon_lr=0.026 muon_momentum=0.7 bias_lr=22 head_lr=800 -> tta_val_acc=0.9242
muon_lr=0.026 muon_momentum=0.7 bias_lr=22 head_lr=2200 -> blocked
muon_lr=0.016 muon_momentum=0.7 bias_lr=22 head_lr=800 -> tta_val_acc=0.9223
muon_lr=0.043 muon_momentum=0.7 bias_lr=22 head_lr=800 -> tta_val_acc=0.9198
muon_lr=0.026 muon_momentum=0.7 bias_lr=13 head_lr=800 -> tta_val_acc=0.9241
muon_lr=0.026 muon_momentum=0.7 bias_lr=22 head_lr=480 -> tta_val_acc=0.9239
main hparams: muon_lr=0.12 muon_momentum=0.6 bias_lr=37 head_lr=1300 main=0.8729, best_cooldown=0.9265
muon_lr=0.026 muon_momentum=0.6 bias_lr=37 head_lr=1300 -> tta_val_acc=0.9253
muon_lr=0.016 muon_momentum=0.6 bias_lr=37 head_lr=1300 -> tta_val_acc=0.9232
muon_lr=0.043 muon_momentum=0.6 bias_lr=37 head_lr=1300 -> tta_val_acc=0.9206
muon_lr=0.026 muon_momentum=0.6 bias_lr=22 head_lr=1300 -> tta_val_acc=0.9261
muon_lr=0.026 muon_momentum=0.6 bias_lr=62 head_lr=1300 -> blocked
muon_lr=0.026 muon_momentum=0.6 bias_lr=37 head_lr=800 -> tta_val_acc=0.9257
muon_lr=0.026 muon_momentum=0.6 bias_lr=37 head_lr=2200 -> blocked
muon_lr=0.016 muon_momentum=0.6 bias_lr=22 head_lr=1300 -> tta_val_acc=0.9243
muon_lr=0.043 muon_momentum=0.6 bias_lr=22 head_lr=1300 -> tta_val_acc=0.9226
muon_lr=0.026 muon_momentum=0.6 bias_lr=13 head_lr=1300 -> tta_val_acc=0.9265
muon_lr=0.026 muon_momentum=0.6 bias_lr=22 head_lr=800 -> tta_val_acc=0.9261
muon_lr=0.026 muon_momentum=0.6 bias_lr=22 head_lr=2200 -> tta_val_acc=0.9258
muon_lr=0.016 muon_momentum=0.6 bias_lr=13 head_lr=1300 -> tta_val_acc=0.9242
muon_lr=0.043 muon_momentum=0.6 bias_lr=13 head_lr=1300 -> tta_val_acc=0.9220
muon_lr=0.026 muon_momentum=0.6 bias_lr=8.1 head_lr=1300 -> tta_val_acc=0.9264
muon_lr=0.026 muon_momentum=0.6 bias_lr=13 head_lr=800 -> tta_val_acc=0.9259
muon_lr=0.026 muon_momentum=0.6 bias_lr=13 head_lr=2200 -> tta_val_acc=0.9255
main hparams: muon_lr=0.12 muon_momentum=0.6 bias_lr=100 head_lr=1300 blocked
main hparams: muon_lr=0.12 muon_momentum=0.6 bias_lr=62 head_lr=800 main=0.8668, best_cooldown=0.9257
muon_lr=0.026 muon_momentum=0.6 bias_lr=62 head_lr=800 -> tta_val_acc=0.9232
muon_lr=0.016 muon_momentum=0.6 bias_lr=62 head_lr=800 -> tta_val_acc=0.9219
muon_lr=0.043 muon_momentum=0.6 bias_lr=62 head_lr=800 -> tta_val_acc=0.9202
muon_lr=0.026 muon_momentum=0.6 bias_lr=37 head_lr=800 -> tta_val_acc=0.9246
muon_lr=0.026 muon_momentum=0.6 bias_lr=100 head_lr=800 -> blocked
muon_lr=0.026 muon_momentum=0.6 bias_lr=62 head_lr=480 -> tta_val_acc=0.9221
muon_lr=0.026 muon_momentum=0.6 bias_lr=62 head_lr=1300 -> tta_val_acc=0.9231
muon_lr=0.016 muon_momentum=0.6 bias_lr=37 head_lr=800 -> tta_val_acc=0.9220
muon_lr=0.043 muon_momentum=0.6 bias_lr=37 head_lr=800 -> tta_val_acc=0.9203
muon_lr=0.026 muon_momentum=0.6 bias_lr=22 head_lr=800 -> tta_val_acc=0.9249
muon_lr=0.026 muon_momentum=0.6 bias_lr=37 head_lr=480 -> tta_val_acc=0.9241
muon_lr=0.026 muon_momentum=0.6 bias_lr=37 head_lr=1300 -> tta_val_acc=0.9247
muon_lr=0.016 muon_momentum=0.6 bias_lr=22 head_lr=800 -> tta_val_acc=0.9224
muon_lr=0.043 muon_momentum=0.6 bias_lr=22 head_lr=800 -> tta_val_acc=0.9199
muon_lr=0.026 muon_momentum=0.6 bias_lr=13 head_lr=800 -> tta_val_acc=0.9257
muon_lr=0.026 muon_momentum=0.6 bias_lr=22 head_lr=480 -> tta_val_acc=0.9250
muon_lr=0.026 muon_momentum=0.6 bias_lr=22 head_lr=1300 -> blocked
muon_lr=0.016 muon_momentum=0.6 bias_lr=13 head_lr=800 -> tta_val_acc=0.9218
muon_lr=0.043 muon_momentum=0.6 bias_lr=13 head_lr=800 -> tta_val_acc=0.9198
muon_lr=0.026 muon_momentum=0.6 bias_lr=8.1 head_lr=800 -> tta_val_acc=0.9236
muon_lr=0.026 muon_momentum=0.6 bias_lr=13 head_lr=480 -> tta_val_acc=0.9246
muon_lr=0.026 muon_momentum=0.6 bias_lr=13 head_lr=1300 -> tta_val_acc=0.9247
main hparams: muon_lr=0.12 muon_momentum=0.6 bias_lr=62 head_lr=2200 main=0.8666, best_cooldown=0.9256
muon_lr=0.026 muon_momentum=0.6 bias_lr=62 head_lr=2200 -> tta_val_acc=0.9226
muon_lr=0.016 muon_momentum=0.6 bias_lr=62 head_lr=2200 -> tta_val_acc=0.9239
muon_lr=0.043 muon_momentum=0.6 bias_lr=62 head_lr=2200 -> blocked
muon_lr=0.026 muon_momentum=0.6 bias_lr=37 head_lr=2200 -> tta_val_acc=0.9237
muon_lr=0.026 muon_momentum=0.6 bias_lr=100 head_lr=2200 -> blocked
muon_lr=0.026 muon_momentum=0.6 bias_lr=62 head_lr=1300 -> tta_val_acc=0.9229
muon_lr=0.026 muon_momentum=0.6 bias_lr=62 head_lr=3700 -> blocked
muon_lr=0.0093 muon_momentum=0.6 bias_lr=62 head_lr=2200 -> tta_val_acc=0.9202
muon_lr=0.016 muon_momentum=0.6 bias_lr=37 head_lr=2200 -> tta_val_acc=0.9256
muon_lr=0.016 muon_momentum=0.6 bias_lr=100 head_lr=2200 -> blocked
muon_lr=0.016 muon_momentum=0.6 bias_lr=62 head_lr=1300 -> tta_val_acc=0.9246
muon_lr=0.016 muon_momentum=0.6 bias_lr=62 head_lr=3700 -> blocked
muon_lr=0.0093 muon_momentum=0.6 bias_lr=37 head_lr=2200 -> tta_val_acc=0.9205
muon_lr=0.016 muon_momentum=0.6 bias_lr=22 head_lr=2200 -> tta_val_acc=0.9251
muon_lr=0.016 muon_momentum=0.6 bias_lr=37 head_lr=1300 -> tta_val_acc=0.9253
muon_lr=0.016 muon_momentum=0.6 bias_lr=37 head_lr=3700 -> tta_val_acc=0.9239
main hparams: muon_lr=0.043 muon_momentum=0.6 bias_lr=62 head_lr=1300 main=0.9059, best_cooldown=0.9254
muon_lr=0.016 muon_momentum=0.6 bias_lr=62 head_lr=1300 -> tta_val_acc=0.9231
muon_lr=0.0093 muon_momentum=0.6 bias_lr=62 head_lr=1300 -> tta_val_acc=0.9229
muon_lr=0.026 muon_momentum=0.6 bias_lr=62 head_lr=1300 -> tta_val_acc=0.9212
muon_lr=0.016 muon_momentum=0.6 bias_lr=37 head_lr=1300 -> tta_val_acc=0.9247
muon_lr=0.016 muon_momentum=0.6 bias_lr=100 head_lr=1300 -> blocked
muon_lr=0.016 muon_momentum=0.6 bias_lr=62 head_lr=800 -> tta_val_acc=0.9235
muon_lr=0.016 muon_momentum=0.6 bias_lr=62 head_lr=2200 -> blocked
muon_lr=0.0093 muon_momentum=0.6 bias_lr=37 head_lr=1300 -> tta_val_acc=0.9240
muon_lr=0.026 muon_momentum=0.6 bias_lr=37 head_lr=1300 -> tta_val_acc=0.9227
muon_lr=0.016 muon_momentum=0.6 bias_lr=22 head_lr=1300 -> tta_val_acc=0.9252
muon_lr=0.016 muon_momentum=0.6 bias_lr=37 head_lr=800 -> tta_val_acc=0.9247
muon_lr=0.016 muon_momentum=0.6 bias_lr=37 head_lr=2200 -> tta_val_acc=0.9244
muon_lr=0.0093 muon_momentum=0.6 bias_lr=22 head_lr=1300 -> tta_val_acc=0.9247
muon_lr=0.026 muon_momentum=0.6 bias_lr=22 head_lr=1300 -> tta_val_acc=0.9226
muon_lr=0.016 muon_momentum=0.6 bias_lr=13 head_lr=1300 -> tta_val_acc=0.9250
muon_lr=0.016 muon_momentum=0.6 bias_lr=22 head_lr=800 -> tta_val_acc=0.9247
muon_lr=0.016 muon_momentum=0.6 bias_lr=22 head_lr=2200 -> tta_val_acc=0.9254
muon_lr=0.0093 muon_momentum=0.6 bias_lr=22 head_lr=2200 -> tta_val_acc=0.9251
muon_lr=0.026 muon_momentum=0.6 bias_lr=22 head_lr=2200 -> tta_val_acc=0.9232
muon_lr=0.016 muon_momentum=0.6 bias_lr=13 head_lr=2200 -> tta_val_acc=0.9253
muon_lr=0.016 muon_momentum=0.6 bias_lr=22 head_lr=3700 -> tta_val_acc=0.9254
main hparams: muon_lr=0.072 muon_momentum=0.5 bias_lr=62 head_lr=1300 main=0.8948, best_cooldown=0.9253
muon_lr=0.016 muon_momentum=0.5 bias_lr=62 head_lr=1300 -> tta_val_acc=0.9243
muon_lr=0.0093 muon_momentum=0.5 bias_lr=62 head_lr=1300 -> tta_val_acc=0.9236
muon_lr=0.026 muon_momentum=0.5 bias_lr=62 head_lr=1300 -> tta_val_acc=0.9247
muon_lr=0.016 muon_momentum=0.5 bias_lr=37 head_lr=1300 -> tta_val_acc=0.9249
muon_lr=0.016 muon_momentum=0.5 bias_lr=100 head_lr=1300 -> blocked
muon_lr=0.016 muon_momentum=0.5 bias_lr=62 head_lr=800 -> tta_val_acc=0.9250
muon_lr=0.016 muon_momentum=0.5 bias_lr=62 head_lr=2200 -> blocked
muon_lr=0.0093 muon_momentum=0.5 bias_lr=62 head_lr=800 -> tta_val_acc=0.9235
muon_lr=0.026 muon_momentum=0.5 bias_lr=62 head_lr=800 -> tta_val_acc=0.9253
muon_lr=0.016 muon_momentum=0.5 bias_lr=37 head_lr=800 -> tta_val_acc=0.9244
muon_lr=0.016 muon_momentum=0.5 bias_lr=100 head_lr=800 -> tta_val_acc=0.9228
muon_lr=0.016 muon_momentum=0.5 bias_lr=62 head_lr=480 -> tta_val_acc=0.9243
muon_lr=0.043 muon_momentum=0.5 bias_lr=62 head_lr=800 -> tta_val_acc=0.9180
muon_lr=0.026 muon_momentum=0.5 bias_lr=37 head_lr=800 -> tta_val_acc=0.9246
muon_lr=0.026 muon_momentum=0.5 bias_lr=100 head_lr=800 -> tta_val_acc=0.9238
muon_lr=0.026 muon_momentum=0.5 bias_lr=62 head_lr=480 -> tta_val_acc=0.9240
main hparams: muon_lr=0.072 muon_momentum=0.7 bias_lr=62 head_lr=1300 main=0.8925, best_cooldown=0.9255
muon_lr=0.016 muon_momentum=0.7 bias_lr=62 head_lr=1300 -> tta_val_acc=0.9240
muon_lr=0.0093 muon_momentum=0.7 bias_lr=62 head_lr=1300 -> tta_val_acc=0.9223
muon_lr=0.026 muon_momentum=0.7 bias_lr=62 head_lr=1300 -> tta_val_acc=0.9225
muon_lr=0.016 muon_momentum=0.7 bias_lr=37 head_lr=1300 -> tta_val_acc=0.9248
muon_lr=0.016 muon_momentum=0.7 bias_lr=100 head_lr=1300 -> blocked
muon_lr=0.016 muon_momentum=0.7 bias_lr=62 head_lr=800 -> tta_val_acc=0.9239
muon_lr=0.016 muon_momentum=0.7 bias_lr=62 head_lr=2200 -> tta_val_acc=0.9241
muon_lr=0.0093 muon_momentum=0.7 bias_lr=37 head_lr=1300 -> tta_val_acc=0.9223
muon_lr=0.026 muon_momentum=0.7 bias_lr=37 head_lr=1300 -> tta_val_acc=0.9238
muon_lr=0.016 muon_momentum=0.7 bias_lr=22 head_lr=1300 -> tta_val_acc=0.9250
muon_lr=0.016 muon_momentum=0.7 bias_lr=37 head_lr=800 -> tta_val_acc=0.9255
muon_lr=0.016 muon_momentum=0.7 bias_lr=37 head_lr=2200 -> blocked
muon_lr=0.0093 muon_momentum=0.7 bias_lr=37 head_lr=800 -> tta_val_acc=0.9229
muon_lr=0.026 muon_momentum=0.7 bias_lr=37 head_lr=800 -> tta_val_acc=0.9241
muon_lr=0.016 muon_momentum=0.7 bias_lr=22 head_lr=800 -> tta_val_acc=0.9251
muon_lr=0.016 muon_momentum=0.7 bias_lr=37 head_lr=480 -> tta_val_acc=0.9248
main hparams: muon_lr=0.072 muon_momentum=0.6 bias_lr=37 head_lr=1300 main=0.8984, best_cooldown=0.9270
muon_lr=0.016 muon_momentum=0.6 bias_lr=37 head_lr=1300 -> tta_val_acc=0.9259
muon_lr=0.0093 muon_momentum=0.6 bias_lr=37 head_lr=1300 -> tta_val_acc=0.9262
muon_lr=0.026 muon_momentum=0.6 bias_lr=37 head_lr=1300 -> blocked
muon_lr=0.016 muon_momentum=0.6 bias_lr=22 head_lr=1300 -> tta_val_acc=0.9268
muon_lr=0.016 muon_momentum=0.6 bias_lr=62 head_lr=1300 -> blocked
muon_lr=0.016 muon_momentum=0.6 bias_lr=37 head_lr=800 -> tta_val_acc=0.9256
muon_lr=0.016 muon_momentum=0.6 bias_lr=37 head_lr=2200 -> tta_val_acc=0.9261
muon_lr=0.0093 muon_momentum=0.6 bias_lr=22 head_lr=1300 -> tta_val_acc=0.9262
muon_lr=0.026 muon_momentum=0.6 bias_lr=22 head_lr=1300 -> tta_val_acc=0.9258
muon_lr=0.016 muon_momentum=0.6 bias_lr=13 head_lr=1300 -> tta_val_acc=0.9270
muon_lr=0.016 muon_momentum=0.6 bias_lr=22 head_lr=800 -> tta_val_acc=0.9269
muon_lr=0.016 muon_momentum=0.6 bias_lr=22 head_lr=2200 -> blocked
muon_lr=0.0093 muon_momentum=0.6 bias_lr=13 head_lr=1300 -> tta_val_acc=0.9248
muon_lr=0.026 muon_momentum=0.6 bias_lr=13 head_lr=1300 -> tta_val_acc=0.9261
muon_lr=0.016 muon_momentum=0.6 bias_lr=8.1 head_lr=1300 -> tta_val_acc=0.9269
muon_lr=0.016 muon_momentum=0.6 bias_lr=13 head_lr=800 -> tta_val_acc=0.9267
muon_lr=0.016 muon_momentum=0.6 bias_lr=13 head_lr=2200 -> tta_val_acc=0.9265
main hparams: muon_lr=0.072 muon_momentum=0.6 bias_lr=100 head_lr=1300 main=0.8834, best_cooldown=0.9274
muon_lr=0.016 muon_momentum=0.6 bias_lr=100 head_lr=1300 -> tta_val_acc=0.9243
muon_lr=0.0093 muon_momentum=0.6 bias_lr=100 head_lr=1300 -> tta_val_acc=0.9225
muon_lr=0.026 muon_momentum=0.6 bias_lr=100 head_lr=1300 -> tta_val_acc=0.9221
muon_lr=0.016 muon_momentum=0.6 bias_lr=62 head_lr=1300 -> tta_val_acc=0.9254
muon_lr=0.016 muon_momentum=0.6 bias_lr=170 head_lr=1300 -> blocked
muon_lr=0.016 muon_momentum=0.6 bias_lr=100 head_lr=800 -> tta_val_acc=0.9242
muon_lr=0.016 muon_momentum=0.6 bias_lr=100 head_lr=2200 -> tta_val_acc=0.9228
muon_lr=0.0093 muon_momentum=0.6 bias_lr=62 head_lr=1300 -> tta_val_acc=0.9246
muon_lr=0.026 muon_momentum=0.6 bias_lr=62 head_lr=1300 -> tta_val_acc=0.9222
muon_lr=0.016 muon_momentum=0.6 bias_lr=37 head_lr=1300 -> tta_val_acc=0.9268
muon_lr=0.016 muon_momentum=0.6 bias_lr=62 head_lr=800 -> tta_val_acc=0.9247
muon_lr=0.016 muon_momentum=0.6 bias_lr=62 head_lr=2200 -> tta_val_acc=0.9252
muon_lr=0.0093 muon_momentum=0.6 bias_lr=37 head_lr=1300 -> tta_val_acc=0.9256
muon_lr=0.026 muon_momentum=0.6 bias_lr=37 head_lr=1300 -> tta_val_acc=0.9237
muon_lr=0.016 muon_momentum=0.6 bias_lr=22 head_lr=1300 -> tta_val_acc=0.9274
muon_lr=0.016 muon_momentum=0.6 bias_lr=37 head_lr=800 -> tta_val_acc=0.9266
muon_lr=0.016 muon_momentum=0.6 bias_lr=37 head_lr=2200 -> tta_val_acc=0.9259
muon_lr=0.0093 muon_momentum=0.6 bias_lr=22 head_lr=1300 -> tta_val_acc=0.9254
muon_lr=0.026 muon_momentum=0.6 bias_lr=22 head_lr=1300 -> tta_val_acc=0.9245
muon_lr=0.016 muon_momentum=0.6 bias_lr=13 head_lr=1300 -> tta_val_acc=0.9269
muon_lr=0.016 muon_momentum=0.6 bias_lr=22 head_lr=800 -> tta_val_acc=0.9271
muon_lr=0.016 muon_momentum=0.6 bias_lr=22 head_lr=2200 -> tta_val_acc=0.9265
main hparams: muon_lr=0.072 muon_momentum=0.6 bias_lr=62 head_lr=800 main=0.8933, best_cooldown=0.9275
muon_lr=0.016 muon_momentum=0.6 bias_lr=62 head_lr=800 -> tta_val_acc=0.9244
muon_lr=0.0093 muon_momentum=0.6 bias_lr=62 head_lr=800 -> tta_val_acc=0.9236
muon_lr=0.026 muon_momentum=0.6 bias_lr=62 head_lr=800 -> tta_val_acc=0.9243
muon_lr=0.016 muon_momentum=0.6 bias_lr=37 head_lr=800 -> tta_val_acc=0.9258
muon_lr=0.016 muon_momentum=0.6 bias_lr=100 head_lr=800 -> blocked
muon_lr=0.016 muon_momentum=0.6 bias_lr=62 head_lr=480 -> tta_val_acc=0.9249
muon_lr=0.016 muon_momentum=0.6 bias_lr=62 head_lr=1300 -> blocked
muon_lr=0.0093 muon_momentum=0.6 bias_lr=37 head_lr=800 -> tta_val_acc=0.9251
muon_lr=0.026 muon_momentum=0.6 bias_lr=37 head_lr=800 -> tta_val_acc=0.9239
muon_lr=0.016 muon_momentum=0.6 bias_lr=22 head_lr=800 -> tta_val_acc=0.9268
muon_lr=0.016 muon_momentum=0.6 bias_lr=37 head_lr=480 -> tta_val_acc=0.9263
muon_lr=0.016 muon_momentum=0.6 bias_lr=37 head_lr=1300 -> blocked
muon_lr=0.0093 muon_momentum=0.6 bias_lr=22 head_lr=800 -> tta_val_acc=0.9249
muon_lr=0.026 muon_momentum=0.6 bias_lr=22 head_lr=800 -> tta_val_acc=0.9238
muon_lr=0.016 muon_momentum=0.6 bias_lr=13 head_lr=800 -> tta_val_acc=0.9275
muon_lr=0.016 muon_momentum=0.6 bias_lr=22 head_lr=480 -> tta_val_acc=0.9272
muon_lr=0.016 muon_momentum=0.6 bias_lr=22 head_lr=1300 -> blocked
muon_lr=0.0093 muon_momentum=0.6 bias_lr=13 head_lr=800 -> tta_val_acc=0.9253
muon_lr=0.026 muon_momentum=0.6 bias_lr=13 head_lr=800 -> tta_val_acc=0.9255
muon_lr=0.016 muon_momentum=0.6 bias_lr=8.1 head_lr=800 -> tta_val_acc=0.9265
muon_lr=0.016 muon_momentum=0.6 bias_lr=13 head_lr=480 -> tta_val_acc=0.9273
muon_lr=0.016 muon_momentum=0.6 bias_lr=13 head_lr=1300 -> tta_val_acc=0.9273
main hparams: muon_lr=0.072 muon_momentum=0.6 bias_lr=62 head_lr=2200 main=0.8921, best_cooldown=0.9271
muon_lr=0.016 muon_momentum=0.6 bias_lr=62 head_lr=2200 -> tta_val_acc=0.9259
muon_lr=0.0093 muon_momentum=0.6 bias_lr=62 head_lr=2200 -> tta_val_acc=0.9240
muon_lr=0.026 muon_momentum=0.6 bias_lr=62 head_lr=2200 -> tta_val_acc=0.9233
muon_lr=0.016 muon_momentum=0.6 bias_lr=37 head_lr=2200 -> tta_val_acc=0.9269
muon_lr=0.016 muon_momentum=0.6 bias_lr=100 head_lr=2200 -> blocked
muon_lr=0.016 muon_momentum=0.6 bias_lr=62 head_lr=1300 -> tta_val_acc=0.9257
muon_lr=0.016 muon_momentum=0.6 bias_lr=62 head_lr=3700 -> tta_val_acc=0.9253
muon_lr=0.0093 muon_momentum=0.6 bias_lr=37 head_lr=2200 -> tta_val_acc=0.9240
muon_lr=0.026 muon_momentum=0.6 bias_lr=37 head_lr=2200 -> tta_val_acc=0.9242
muon_lr=0.016 muon_momentum=0.6 bias_lr=22 head_lr=2200 -> tta_val_acc=0.9271
muon_lr=0.016 muon_momentum=0.6 bias_lr=37 head_lr=1300 -> tta_val_acc=0.9262
muon_lr=0.016 muon_momentum=0.6 bias_lr=37 head_lr=3700 -> tta_val_acc=0.9259
muon_lr=0.0093 muon_momentum=0.6 bias_lr=22 head_lr=2200 -> tta_val_acc=0.9237
muon_lr=0.026 muon_momentum=0.6 bias_lr=22 head_lr=2200 -> tta_val_acc=0.9251
muon_lr=0.016 muon_momentum=0.6 bias_lr=13 head_lr=2200 -> tta_val_acc=0.9271
muon_lr=0.016 muon_momentum=0.6 bias_lr=22 head_lr=1300 -> tta_val_acc=0.9267
muon_lr=0.016 muon_momentum=0.6 bias_lr=22 head_lr=3700 -> tta_val_acc=0.9269
best_hparams=muon_lr=0.072 muon_momentum=0.6 bias_lr=62 head_lr=1300 main=0.8923, best_cooldown=0.9279
train_loss run=0 step=41/200 loss=1.2386 bias_lr=62 head_lr=1300 muon_lr=0.072 muon_momentum=0.6 muon_nesterov=False muon_grad_momentum_norm_ratio=0.649194
train_loss run=0 step=42/200 loss=1.2098 bias_lr=62 head_lr=1300 muon_lr=0.072 muon_momentum=0.6 muon_nesterov=False muon_grad_momentum_norm_ratio=0.565549
train_loss run=0 step=43/200 loss=1.1850 bias_lr=62 head_lr=1300 muon_lr=0.072 muon_momentum=0.6 muon_nesterov=False muon_grad_momentum_norm_ratio=0.590922
train_loss run=0 step=44/200 loss=1.2060 bias_lr=62 head_lr=1300 muon_lr=0.072 muon_momentum=0.6 muon_nesterov=False muon_grad_momentum_norm_ratio=0.646272
train_loss run=0 step=45/200 loss=1.1725 bias_lr=62 head_lr=1300 muon_lr=0.072 muon_momentum=0.6 muon_nesterov=False muon_grad_momentum_norm_ratio=0.588669
train_loss run=0 step=46/200 loss=1.1845 bias_lr=62 head_lr=1300 muon_lr=0.072 muon_momentum=0.6 muon_nesterov=False muon_grad_momentum_norm_ratio=0.610362
train_loss run=0 step=47/200 loss=1.1818 bias_lr=62 head_lr=1300 muon_lr=0.072 muon_momentum=0.6 muon_nesterov=False muon_grad_momentum_norm_ratio=0.616291
train_loss run=0 step=48/200 loss=1.1915 bias_lr=62 head_lr=1300 muon_lr=0.072 muon_momentum=0.6 muon_nesterov=False muon_grad_momentum_norm_ratio=0.645714
train_loss run=0 step=49/200 loss=1.1734 bias_lr=62 head_lr=1300 muon_lr=0.072 muon_momentum=0.6 muon_nesterov=False muon_grad_momentum_norm_ratio=0.584969
train_loss run=0 step=50/200 loss=1.1832 bias_lr=62 head_lr=1300 muon_lr=0.072 muon_momentum=0.6 muon_nesterov=False muon_grad_momentum_norm_ratio=0.625311
train_loss run=0 step=51/200 loss=1.1354 bias_lr=62 head_lr=1300 muon_lr=0.072 muon_momentum=0.6 muon_nesterov=False muon_grad_momentum_norm_ratio=0.587266
train_loss run=0 step=52/200 loss=1.1623 bias_lr=62 head_lr=1300 muon_lr=0.072 muon_momentum=0.6 muon_nesterov=False muon_grad_momentum_norm_ratio=0.640308
train_loss run=0 step=53/200 loss=1.1422 bias_lr=62 head_lr=1300 muon_lr=0.072 muon_momentum=0.6 muon_nesterov=False muon_grad_momentum_norm_ratio=0.59912
train_loss run=0 step=54/200 loss=1.1532 bias_lr=62 head_lr=1300 muon_lr=0.072 muon_momentum=0.6 muon_nesterov=False muon_grad_momentum_norm_ratio=0.647192
train_loss run=0 step=55/200 loss=1.1512 bias_lr=62 head_lr=1300 muon_lr=0.072 muon_momentum=0.6 muon_nesterov=False muon_grad_momentum_norm_ratio=0.634608
train_loss run=0 step=56/200 loss=1.1634 bias_lr=62 head_lr=1300 muon_lr=0.072 muon_momentum=0.6 muon_nesterov=False muon_grad_momentum_norm_ratio=0.605781
train_loss run=0 step=57/200 loss=1.1337 bias_lr=62 head_lr=1300 muon_lr=0.072 muon_momentum=0.6 muon_nesterov=False muon_grad_momentum_norm_ratio=0.596998
train_loss run=0 step=58/200 loss=1.1413 bias_lr=62 head_lr=1300 muon_lr=0.072 muon_momentum=0.6 muon_nesterov=False muon_grad_momentum_norm_ratio=0.607992
train_loss run=0 step=59/200 loss=1.1359 bias_lr=62 head_lr=1300 muon_lr=0.072 muon_momentum=0.6 muon_nesterov=False muon_grad_momentum_norm_ratio=0.621518
train_loss run=0 step=60/200 loss=1.1344 bias_lr=62 head_lr=1300 muon_lr=0.072 muon_momentum=0.6 muon_nesterov=False muon_grad_momentum_norm_ratio=0.598097
train_loss run=0 step=61/200 loss=1.1208 bias_lr=62 head_lr=1300 muon_lr=0.072 muon_momentum=0.6 muon_nesterov=False muon_grad_momentum_norm_ratio=0.603594
train_loss run=0 step=62/200 loss=1.1420 bias_lr=62 head_lr=1300 muon_lr=0.072 muon_momentum=0.6 muon_nesterov=False muon_grad_momentum_norm_ratio=0.633917
train_loss run=0 step=63/200 loss=1.1268 bias_lr=62 head_lr=1300 muon_lr=0.072 muon_momentum=0.6 muon_nesterov=False muon_grad_momentum_norm_ratio=0.605286
train_loss run=0 step=64/200 loss=1.1335 bias_lr=62 head_lr=1300 muon_lr=0.072 muon_momentum=0.6 muon_nesterov=False muon_grad_momentum_norm_ratio=0.625128
train_loss run=0 step=65/200 loss=1.1265 bias_lr=62 head_lr=1300 muon_lr=0.072 muon_momentum=0.6 muon_nesterov=False muon_grad_momentum_norm_ratio=0.605256
train_loss run=0 step=66/200 loss=1.1384 bias_lr=62 head_lr=1300 muon_lr=0.072 muon_momentum=0.6 muon_nesterov=False muon_grad_momentum_norm_ratio=0.62474
train_loss run=0 step=67/200 loss=1.1353 bias_lr=62 head_lr=1300 muon_lr=0.072 muon_momentum=0.6 muon_nesterov=False muon_grad_momentum_norm_ratio=0.629318
train_loss run=0 step=68/200 loss=1.1231 bias_lr=62 head_lr=1300 muon_lr=0.072 muon_momentum=0.6 muon_nesterov=False muon_grad_momentum_norm_ratio=0.607237
train_loss run=0 step=69/200 loss=1.1381 bias_lr=62 head_lr=1300 muon_lr=0.072 muon_momentum=0.6 muon_nesterov=False muon_grad_momentum_norm_ratio=0.617133
train_loss run=0 step=70/200 loss=1.1281 bias_lr=62 head_lr=1300 muon_lr=0.072 muon_momentum=0.6 muon_nesterov=False muon_grad_momentum_norm_ratio=0.614423
train_loss run=0 step=71/200 loss=1.1393 bias_lr=62 head_lr=1300 muon_lr=0.072 muon_momentum=0.6 muon_nesterov=False muon_grad_momentum_norm_ratio=0.621763
train_loss run=0 step=72/200 loss=1.1235 bias_lr=62 head_lr=1300 muon_lr=0.072 muon_momentum=0.6 muon_nesterov=False muon_grad_momentum_norm_ratio=0.593512
train_loss run=0 step=73/200 loss=1.1414 bias_lr=62 head_lr=1300 muon_lr=0.072 muon_momentum=0.6 muon_nesterov=False muon_grad_momentum_norm_ratio=0.630471
train_loss run=0 step=74/200 loss=1.1124 bias_lr=62 head_lr=1300 muon_lr=0.072 muon_momentum=0.6 muon_nesterov=False muon_grad_momentum_norm_ratio=0.599669
train_loss run=0 step=75/200 loss=1.1405 bias_lr=62 head_lr=1300 muon_lr=0.072 muon_momentum=0.6 muon_nesterov=False muon_grad_momentum_norm_ratio=0.614102
train_loss run=0 step=76/200 loss=1.0872 bias_lr=62 head_lr=1300 muon_lr=0.072 muon_momentum=0.6 muon_nesterov=False muon_grad_momentum_norm_ratio=0.576954
train_loss run=0 step=77/200 loss=1.0961 bias_lr=62 head_lr=1300 muon_lr=0.072 muon_momentum=0.6 muon_nesterov=False muon_grad_momentum_norm_ratio=0.619793
train_loss run=0 step=78/200 loss=1.0926 bias_lr=62 head_lr=1300 muon_lr=0.072 muon_momentum=0.6 muon_nesterov=False muon_grad_momentum_norm_ratio=0.60696
train_loss run=0 step=79/200 loss=1.0888 bias_lr=62 head_lr=1300 muon_lr=0.072 muon_momentum=0.6 muon_nesterov=False muon_grad_momentum_norm_ratio=0.625041
train_loss run=0 step=80/200 loss=1.0939 bias_lr=62 head_lr=1300 muon_lr=0.072 muon_momentum=0.6 muon_nesterov=False muon_grad_momentum_norm_ratio=0.643608
interval_tta_val_acc run=0 interval=1 step=80/200 tta_val_acc=0.8923
main hparams: muon_lr=0.072 muon_momentum=0.6 bias_lr=62 head_lr=1300 main=0.9023, best_cooldown=0.9313
muon_lr=0.016 muon_momentum=0.6 bias_lr=62 head_lr=1300 -> tta_val_acc=0.9281
muon_lr=0.0093 muon_momentum=0.6 bias_lr=62 head_lr=1300 -> tta_val_acc=0.9262
muon_lr=0.026 muon_momentum=0.6 bias_lr=62 head_lr=1300 -> tta_val_acc=0.9287
muon_lr=0.016 muon_momentum=0.6 bias_lr=37 head_lr=1300 -> tta_val_acc=0.9292
muon_lr=0.016 muon_momentum=0.6 bias_lr=100 head_lr=1300 -> blocked
muon_lr=0.016 muon_momentum=0.6 bias_lr=62 head_lr=800 -> tta_val_acc=0.9280
muon_lr=0.016 muon_momentum=0.6 bias_lr=62 head_lr=2200 -> tta_val_acc=0.9287
muon_lr=0.0093 muon_momentum=0.6 bias_lr=37 head_lr=1300 -> tta_val_acc=0.9279
muon_lr=0.026 muon_momentum=0.6 bias_lr=37 head_lr=1300 -> tta_val_acc=0.9301
muon_lr=0.016 muon_momentum=0.6 bias_lr=22 head_lr=1300 -> tta_val_acc=0.9306
muon_lr=0.016 muon_momentum=0.6 bias_lr=37 head_lr=800 -> tta_val_acc=0.9296
muon_lr=0.016 muon_momentum=0.6 bias_lr=37 head_lr=2200 -> blocked
muon_lr=0.0093 muon_momentum=0.6 bias_lr=22 head_lr=1300 -> tta_val_acc=0.9282
muon_lr=0.026 muon_momentum=0.6 bias_lr=22 head_lr=1300 -> tta_val_acc=0.9304
muon_lr=0.016 muon_momentum=0.6 bias_lr=13 head_lr=1300 -> tta_val_acc=0.9309
muon_lr=0.016 muon_momentum=0.6 bias_lr=22 head_lr=800 -> tta_val_acc=0.9307
muon_lr=0.016 muon_momentum=0.6 bias_lr=22 head_lr=2200 -> blocked
muon_lr=0.0093 muon_momentum=0.6 bias_lr=13 head_lr=1300 -> tta_val_acc=0.9293
muon_lr=0.026 muon_momentum=0.6 bias_lr=13 head_lr=1300 -> tta_val_acc=0.9309
muon_lr=0.016 muon_momentum=0.6 bias_lr=8.1 head_lr=1300 -> tta_val_acc=0.9305
muon_lr=0.016 muon_momentum=0.6 bias_lr=13 head_lr=800 -> tta_val_acc=0.9313
muon_lr=0.016 muon_momentum=0.6 bias_lr=13 head_lr=2200 -> blocked
muon_lr=0.0093 muon_momentum=0.6 bias_lr=13 head_lr=800 -> tta_val_acc=0.9290
muon_lr=0.026 muon_momentum=0.6 bias_lr=13 head_lr=800 -> tta_val_acc=0.9306
muon_lr=0.016 muon_momentum=0.6 bias_lr=8.1 head_lr=800 -> tta_val_acc=0.9303
muon_lr=0.016 muon_momentum=0.6 bias_lr=13 head_lr=480 -> tta_val_acc=0.9303
main hparams: muon_lr=0.043 muon_momentum=0.6 bias_lr=62 head_lr=1300 main=0.9189, best_cooldown=0.9317
muon_lr=0.016 muon_momentum=0.6 bias_lr=62 head_lr=1300 -> tta_val_acc=0.9304
muon_lr=0.0093 muon_momentum=0.6 bias_lr=62 head_lr=1300 -> tta_val_acc=0.9299
muon_lr=0.026 muon_momentum=0.6 bias_lr=62 head_lr=1300 -> tta_val_acc=0.9283
muon_lr=0.016 muon_momentum=0.6 bias_lr=37 head_lr=1300 -> tta_val_acc=0.9314
muon_lr=0.016 muon_momentum=0.6 bias_lr=100 head_lr=1300 -> blocked
muon_lr=0.016 muon_momentum=0.6 bias_lr=62 head_lr=800 -> tta_val_acc=0.9299
muon_lr=0.016 muon_momentum=0.6 bias_lr=62 head_lr=2200 -> tta_val_acc=0.9309
muon_lr=0.0093 muon_momentum=0.6 bias_lr=37 head_lr=1300 -> tta_val_acc=0.9308
muon_lr=0.026 muon_momentum=0.6 bias_lr=37 head_lr=1300 -> tta_val_acc=0.9302
muon_lr=0.016 muon_momentum=0.6 bias_lr=22 head_lr=1300 -> tta_val_acc=0.9317
muon_lr=0.016 muon_momentum=0.6 bias_lr=37 head_lr=800 -> tta_val_acc=0.9315
muon_lr=0.016 muon_momentum=0.6 bias_lr=37 head_lr=2200 -> blocked
muon_lr=0.0093 muon_momentum=0.6 bias_lr=22 head_lr=1300 -> tta_val_acc=0.9312
muon_lr=0.026 muon_momentum=0.6 bias_lr=22 head_lr=1300 -> tta_val_acc=0.9298
muon_lr=0.016 muon_momentum=0.6 bias_lr=13 head_lr=1300 -> tta_val_acc=0.9310
muon_lr=0.016 muon_momentum=0.6 bias_lr=22 head_lr=800 -> tta_val_acc=0.9315
muon_lr=0.016 muon_momentum=0.6 bias_lr=22 head_lr=2200 -> tta_val_acc=0.9312
main hparams: muon_lr=0.12 muon_momentum=0.6 bias_lr=62 head_lr=1300 blocked
main hparams: muon_lr=0.072 muon_momentum=0.5 bias_lr=62 head_lr=1300 main=0.9071, best_cooldown=0.9319
muon_lr=0.016 muon_momentum=0.5 bias_lr=62 head_lr=1300 -> tta_val_acc=0.9298
muon_lr=0.0093 muon_momentum=0.5 bias_lr=62 head_lr=1300 -> tta_val_acc=0.9288
muon_lr=0.026 muon_momentum=0.5 bias_lr=62 head_lr=1300 -> tta_val_acc=0.9283
muon_lr=0.016 muon_momentum=0.5 bias_lr=37 head_lr=1300 -> tta_val_acc=0.9301
muon_lr=0.016 muon_momentum=0.5 bias_lr=100 head_lr=1300 -> blocked
muon_lr=0.016 muon_momentum=0.5 bias_lr=62 head_lr=800 -> tta_val_acc=0.9295
muon_lr=0.016 muon_momentum=0.5 bias_lr=62 head_lr=2200 -> tta_val_acc=0.9299
muon_lr=0.0093 muon_momentum=0.5 bias_lr=37 head_lr=1300 -> tta_val_acc=0.9288
muon_lr=0.026 muon_momentum=0.5 bias_lr=37 head_lr=1300 -> tta_val_acc=0.9290
muon_lr=0.016 muon_momentum=0.5 bias_lr=22 head_lr=1300 -> tta_val_acc=0.9306
muon_lr=0.016 muon_momentum=0.5 bias_lr=37 head_lr=800 -> tta_val_acc=0.9302
muon_lr=0.016 muon_momentum=0.5 bias_lr=37 head_lr=2200 -> blocked
muon_lr=0.0093 muon_momentum=0.5 bias_lr=22 head_lr=1300 -> tta_val_acc=0.9290
muon_lr=0.026 muon_momentum=0.5 bias_lr=22 head_lr=1300 -> tta_val_acc=0.9301
muon_lr=0.016 muon_momentum=0.5 bias_lr=13 head_lr=1300 -> tta_val_acc=0.9317
muon_lr=0.016 muon_momentum=0.5 bias_lr=22 head_lr=800 -> tta_val_acc=0.9305
muon_lr=0.016 muon_momentum=0.5 bias_lr=22 head_lr=2200 -> tta_val_acc=0.9306
muon_lr=0.0093 muon_momentum=0.5 bias_lr=13 head_lr=1300 -> tta_val_acc=0.9294
muon_lr=0.026 muon_momentum=0.5 bias_lr=13 head_lr=1300 -> tta_val_acc=0.9301
muon_lr=0.016 muon_momentum=0.5 bias_lr=8.1 head_lr=1300 -> tta_val_acc=0.9315
muon_lr=0.016 muon_momentum=0.5 bias_lr=13 head_lr=800 -> tta_val_acc=0.9319
muon_lr=0.016 muon_momentum=0.5 bias_lr=13 head_lr=2200 -> blocked
muon_lr=0.0093 muon_momentum=0.5 bias_lr=13 head_lr=800 -> tta_val_acc=0.9289
muon_lr=0.026 muon_momentum=0.5 bias_lr=13 head_lr=800 -> tta_val_acc=0.9304
muon_lr=0.016 muon_momentum=0.5 bias_lr=8.1 head_lr=800 -> tta_val_acc=0.9316
muon_lr=0.016 muon_momentum=0.5 bias_lr=13 head_lr=480 -> tta_val_acc=0.9315
main hparams: muon_lr=0.072 muon_momentum=0.7 bias_lr=62 head_lr=1300 main=0.8998, best_cooldown=0.9272
muon_lr=0.016 muon_momentum=0.7 bias_lr=62 head_lr=1300 -> tta_val_acc=0.9260
muon_lr=0.0093 muon_momentum=0.7 bias_lr=62 head_lr=1300 -> tta_val_acc=0.9255
muon_lr=0.026 muon_momentum=0.7 bias_lr=62 head_lr=1300 -> tta_val_acc=0.9263
muon_lr=0.016 muon_momentum=0.7 bias_lr=37 head_lr=1300 -> tta_val_acc=0.9272
muon_lr=0.016 muon_momentum=0.7 bias_lr=100 head_lr=1300 -> blocked
muon_lr=0.016 muon_momentum=0.7 bias_lr=62 head_lr=800 -> tta_val_acc=0.9255
muon_lr=0.016 muon_momentum=0.7 bias_lr=62 head_lr=2200 -> tta_val_acc=0.9268
muon_lr=0.0093 muon_momentum=0.7 bias_lr=37 head_lr=1300 -> tta_val_acc=0.9270
muon_lr=0.026 muon_momentum=0.7 bias_lr=37 head_lr=1300 -> tta_val_acc=0.9262
muon_lr=0.016 muon_momentum=0.7 bias_lr=22 head_lr=1300 -> tta_val_acc=0.9272
muon_lr=0.016 muon_momentum=0.7 bias_lr=37 head_lr=800 -> tta_val_acc=0.9269
muon_lr=0.016 muon_momentum=0.7 bias_lr=37 head_lr=2200 -> tta_val_acc=0.9271
main hparams: muon_lr=0.072 muon_momentum=0.6 bias_lr=37 head_lr=1300 main=0.9069, best_cooldown=0.9308
muon_lr=0.016 muon_momentum=0.6 bias_lr=37 head_lr=1300 -> tta_val_acc=0.9302
muon_lr=0.0093 muon_momentum=0.6 bias_lr=37 head_lr=1300 -> tta_val_acc=0.9284
muon_lr=0.026 muon_momentum=0.6 bias_lr=37 head_lr=1300 -> tta_val_acc=0.9305
muon_lr=0.016 muon_momentum=0.6 bias_lr=22 head_lr=1300 -> tta_val_acc=0.9308
muon_lr=0.016 muon_momentum=0.6 bias_lr=62 head_lr=1300 -> blocked
muon_lr=0.016 muon_momentum=0.6 bias_lr=37 head_lr=800 -> tta_val_acc=0.9299
muon_lr=0.016 muon_momentum=0.6 bias_lr=37 head_lr=2200 -> tta_val_acc=0.9301
muon_lr=0.0093 muon_momentum=0.6 bias_lr=22 head_lr=1300 -> tta_val_acc=0.9294
muon_lr=0.026 muon_momentum=0.6 bias_lr=22 head_lr=1300 -> tta_val_acc=0.9307
muon_lr=0.016 muon_momentum=0.6 bias_lr=13 head_lr=1300 -> tta_val_acc=0.9306
muon_lr=0.016 muon_momentum=0.6 bias_lr=22 head_lr=800 -> tta_val_acc=0.9302
muon_lr=0.016 muon_momentum=0.6 bias_lr=22 head_lr=2200 -> tta_val_acc=0.9306
main hparams: muon_lr=0.072 muon_momentum=0.6 bias_lr=100 head_lr=1300 main=0.9070, best_cooldown=0.9329
muon_lr=0.016 muon_momentum=0.6 bias_lr=100 head_lr=1300 -> tta_val_acc=0.9290
muon_lr=0.0093 muon_momentum=0.6 bias_lr=100 head_lr=1300 -> tta_val_acc=0.9297
muon_lr=0.026 muon_momentum=0.6 bias_lr=100 head_lr=1300 -> blocked
muon_lr=0.016 muon_momentum=0.6 bias_lr=62 head_lr=1300 -> tta_val_acc=0.9301
muon_lr=0.016 muon_momentum=0.6 bias_lr=170 head_lr=1300 -> blocked
muon_lr=0.016 muon_momentum=0.6 bias_lr=100 head_lr=800 -> tta_val_acc=0.9296
muon_lr=0.016 muon_momentum=0.6 bias_lr=100 head_lr=2200 -> blocked
muon_lr=0.0093 muon_momentum=0.6 bias_lr=62 head_lr=1300 -> tta_val_acc=0.9302
muon_lr=0.026 muon_momentum=0.6 bias_lr=62 head_lr=1300 -> blocked
muon_lr=0.016 muon_momentum=0.6 bias_lr=37 head_lr=1300 -> tta_val_acc=0.9309
muon_lr=0.016 muon_momentum=0.6 bias_lr=62 head_lr=800 -> tta_val_acc=0.9303
muon_lr=0.016 muon_momentum=0.6 bias_lr=62 head_lr=2200 -> blocked
muon_lr=0.0093 muon_momentum=0.6 bias_lr=37 head_lr=1300 -> tta_val_acc=0.9306
muon_lr=0.026 muon_momentum=0.6 bias_lr=37 head_lr=1300 -> tta_val_acc=0.9298
muon_lr=0.016 muon_momentum=0.6 bias_lr=22 head_lr=1300 -> tta_val_acc=0.9318
muon_lr=0.016 muon_momentum=0.6 bias_lr=37 head_lr=800 -> tta_val_acc=0.9311
muon_lr=0.016 muon_momentum=0.6 bias_lr=37 head_lr=2200 -> blocked
muon_lr=0.0093 muon_momentum=0.6 bias_lr=22 head_lr=1300 -> tta_val_acc=0.9316
muon_lr=0.026 muon_momentum=0.6 bias_lr=22 head_lr=1300 -> tta_val_acc=0.9312
muon_lr=0.016 muon_momentum=0.6 bias_lr=13 head_lr=1300 -> tta_val_acc=0.9325
muon_lr=0.016 muon_momentum=0.6 bias_lr=22 head_lr=800 -> tta_val_acc=0.9321
muon_lr=0.016 muon_momentum=0.6 bias_lr=22 head_lr=2200 -> blocked
muon_lr=0.0093 muon_momentum=0.6 bias_lr=13 head_lr=1300 -> tta_val_acc=0.9313
muon_lr=0.026 muon_momentum=0.6 bias_lr=13 head_lr=1300 -> tta_val_acc=0.9320
muon_lr=0.016 muon_momentum=0.6 bias_lr=8.1 head_lr=1300 -> tta_val_acc=0.9327
muon_lr=0.016 muon_momentum=0.6 bias_lr=13 head_lr=800 -> tta_val_acc=0.9326
muon_lr=0.016 muon_momentum=0.6 bias_lr=13 head_lr=2200 -> blocked
muon_lr=0.0093 muon_momentum=0.6 bias_lr=8.1 head_lr=1300 -> tta_val_acc=0.9313
muon_lr=0.026 muon_momentum=0.6 bias_lr=8.1 head_lr=1300 -> tta_val_acc=0.9317
muon_lr=0.016 muon_momentum=0.6 bias_lr=4.9 head_lr=1300 -> tta_val_acc=0.9329
muon_lr=0.016 muon_momentum=0.6 bias_lr=8.1 head_lr=800 -> tta_val_acc=0.9324
muon_lr=0.016 muon_momentum=0.6 bias_lr=8.1 head_lr=2200 -> tta_val_acc=0.9324
muon_lr=0.0093 muon_momentum=0.6 bias_lr=4.9 head_lr=1300 -> tta_val_acc=0.9310
muon_lr=0.026 muon_momentum=0.6 bias_lr=4.9 head_lr=1300 -> tta_val_acc=0.9322
muon_lr=0.016 muon_momentum=0.6 bias_lr=2.9 head_lr=1300 -> tta_val_acc=0.9329
muon_lr=0.016 muon_momentum=0.6 bias_lr=4.9 head_lr=800 -> tta_val_acc=0.9323
muon_lr=0.016 muon_momentum=0.6 bias_lr=4.9 head_lr=2200 -> tta_val_acc=0.9324
main hparams: muon_lr=0.072 muon_momentum=0.6 bias_lr=62 head_lr=800 main=0.9049, best_cooldown=0.9303
muon_lr=0.016 muon_momentum=0.6 bias_lr=62 head_lr=800 -> tta_val_acc=0.9292
muon_lr=0.0093 muon_momentum=0.6 bias_lr=62 head_lr=800 -> tta_val_acc=0.9275
muon_lr=0.026 muon_momentum=0.6 bias_lr=62 head_lr=800 -> tta_val_acc=0.9261
muon_lr=0.016 muon_momentum=0.6 bias_lr=37 head_lr=800 -> tta_val_acc=0.9303
muon_lr=0.016 muon_momentum=0.6 bias_lr=100 head_lr=800 -> blocked
muon_lr=0.016 muon_momentum=0.6 bias_lr=62 head_lr=480 -> tta_val_acc=0.9290
muon_lr=0.016 muon_momentum=0.6 bias_lr=62 head_lr=1300 -> tta_val_acc=0.9289
muon_lr=0.0093 muon_momentum=0.6 bias_lr=37 head_lr=800 -> tta_val_acc=0.9284
muon_lr=0.026 muon_momentum=0.6 bias_lr=37 head_lr=800 -> tta_val_acc=0.9286
muon_lr=0.016 muon_momentum=0.6 bias_lr=22 head_lr=800 -> tta_val_acc=0.9303
muon_lr=0.016 muon_momentum=0.6 bias_lr=37 head_lr=480 -> tta_val_acc=0.9302
muon_lr=0.016 muon_momentum=0.6 bias_lr=37 head_lr=1300 -> tta_val_acc=0.9302
main hparams: muon_lr=0.072 muon_momentum=0.6 bias_lr=62 head_lr=2200 main=0.9029, best_cooldown=0.9287
muon_lr=0.016 muon_momentum=0.6 bias_lr=62 head_lr=2200 -> tta_val_acc=0.9281
muon_lr=0.0093 muon_momentum=0.6 bias_lr=62 head_lr=2200 -> tta_val_acc=0.9262
muon_lr=0.026 muon_momentum=0.6 bias_lr=62 head_lr=2200 -> tta_val_acc=0.9265
muon_lr=0.016 muon_momentum=0.6 bias_lr=37 head_lr=2200 -> tta_val_acc=0.9287
muon_lr=0.016 muon_momentum=0.6 bias_lr=100 head_lr=2200 -> blocked
muon_lr=0.016 muon_momentum=0.6 bias_lr=62 head_lr=1300 -> tta_val_acc=0.9279
muon_lr=0.016 muon_momentum=0.6 bias_lr=62 head_lr=3700 -> tta_val_acc=0.9286
muon_lr=0.0093 muon_momentum=0.6 bias_lr=37 head_lr=2200 -> tta_val_acc=0.9265
muon_lr=0.026 muon_momentum=0.6 bias_lr=37 head_lr=2200 -> tta_val_acc=0.9280
muon_lr=0.016 muon_momentum=0.6 bias_lr=22 head_lr=2200 -> tta_val_acc=0.9285
muon_lr=0.016 muon_momentum=0.6 bias_lr=37 head_lr=1300 -> tta_val_acc=0.9283
muon_lr=0.016 muon_momentum=0.6 bias_lr=37 head_lr=3700 -> tta_val_acc=0.9285
main hparams: muon_lr=0.043 muon_momentum=0.6 bias_lr=100 head_lr=1300 main=0.9186, best_cooldown=0.9308
muon_lr=0.016 muon_momentum=0.6 bias_lr=100 head_lr=1300 -> tta_val_acc=0.9290
muon_lr=0.0093 muon_momentum=0.6 bias_lr=100 head_lr=1300 -> tta_val_acc=0.9291
muon_lr=0.026 muon_momentum=0.6 bias_lr=100 head_lr=1300 -> blocked
muon_lr=0.016 muon_momentum=0.6 bias_lr=62 head_lr=1300 -> tta_val_acc=0.9305
muon_lr=0.016 muon_momentum=0.6 bias_lr=170 head_lr=1300 -> blocked
muon_lr=0.016 muon_momentum=0.6 bias_lr=100 head_lr=800 -> tta_val_acc=0.9286
muon_lr=0.016 muon_momentum=0.6 bias_lr=100 head_lr=2200 -> tta_val_acc=0.9279
muon_lr=0.0093 muon_momentum=0.6 bias_lr=62 head_lr=1300 -> tta_val_acc=0.9295
muon_lr=0.026 muon_momentum=0.6 bias_lr=62 head_lr=1300 -> tta_val_acc=0.9276
muon_lr=0.016 muon_momentum=0.6 bias_lr=37 head_lr=1300 -> tta_val_acc=0.9306
muon_lr=0.016 muon_momentum=0.6 bias_lr=62 head_lr=800 -> tta_val_acc=0.9301
muon_lr=0.016 muon_momentum=0.6 bias_lr=62 head_lr=2200 -> tta_val_acc=0.9308
muon_lr=0.0093 muon_momentum=0.6 bias_lr=62 head_lr=2200 -> tta_val_acc=0.9301
muon_lr=0.026 muon_momentum=0.6 bias_lr=62 head_lr=2200 -> tta_val_acc=0.9272
muon_lr=0.016 muon_momentum=0.6 bias_lr=37 head_lr=2200 -> tta_val_acc=0.9300
muon_lr=0.016 muon_momentum=0.6 bias_lr=62 head_lr=3700 -> tta_val_acc=0.9300
main hparams: muon_lr=0.12 muon_momentum=0.6 bias_lr=100 head_lr=1300 main=0.8684, best_cooldown=0.9243
muon_lr=0.016 muon_momentum=0.6 bias_lr=100 head_lr=1300 -> tta_val_acc=0.9223
muon_lr=0.0093 muon_momentum=0.6 bias_lr=100 head_lr=1300 -> tta_val_acc=0.9193
muon_lr=0.026 muon_momentum=0.6 bias_lr=100 head_lr=1300 -> tta_val_acc=0.9241
muon_lr=0.016 muon_momentum=0.6 bias_lr=62 head_lr=1300 -> tta_val_acc=0.9227
muon_lr=0.016 muon_momentum=0.6 bias_lr=170 head_lr=1300 -> blocked
muon_lr=0.016 muon_momentum=0.6 bias_lr=100 head_lr=800 -> tta_val_acc=0.9212
muon_lr=0.016 muon_momentum=0.6 bias_lr=100 head_lr=2200 -> tta_val_acc=0.9225
muon_lr=0.043 muon_momentum=0.6 bias_lr=100 head_lr=1300 -> tta_val_acc=0.9169
muon_lr=0.026 muon_momentum=0.6 bias_lr=62 head_lr=1300 -> tta_val_acc=0.9234
muon_lr=0.026 muon_momentum=0.6 bias_lr=170 head_lr=1300 -> tta_val_acc=0.9207
muon_lr=0.026 muon_momentum=0.6 bias_lr=100 head_lr=800 -> tta_val_acc=0.9243
muon_lr=0.026 muon_momentum=0.6 bias_lr=100 head_lr=2200 -> blocked
muon_lr=0.043 muon_momentum=0.6 bias_lr=100 head_lr=800 -> tta_val_acc=0.9191
muon_lr=0.026 muon_momentum=0.6 bias_lr=62 head_lr=800 -> tta_val_acc=0.9232
muon_lr=0.026 muon_momentum=0.6 bias_lr=170 head_lr=800 -> tta_val_acc=0.9219
muon_lr=0.026 muon_momentum=0.6 bias_lr=100 head_lr=480 -> tta_val_acc=0.9236
main hparams: muon_lr=0.072 muon_momentum=0.5 bias_lr=100 head_lr=1300 main=0.9072, best_cooldown=0.9320
muon_lr=0.016 muon_momentum=0.5 bias_lr=100 head_lr=1300 -> tta_val_acc=0.9308
muon_lr=0.0093 muon_momentum=0.5 bias_lr=100 head_lr=1300 -> tta_val_acc=0.9275
muon_lr=0.026 muon_momentum=0.5 bias_lr=100 head_lr=1300 -> tta_val_acc=0.9269
muon_lr=0.016 muon_momentum=0.5 bias_lr=62 head_lr=1300 -> tta_val_acc=0.9313
muon_lr=0.016 muon_momentum=0.5 bias_lr=170 head_lr=1300 -> blocked
muon_lr=0.016 muon_momentum=0.5 bias_lr=100 head_lr=800 -> tta_val_acc=0.9303
muon_lr=0.016 muon_momentum=0.5 bias_lr=100 head_lr=2200 -> tta_val_acc=0.9303
muon_lr=0.0093 muon_momentum=0.5 bias_lr=62 head_lr=1300 -> tta_val_acc=0.9287
muon_lr=0.026 muon_momentum=0.5 bias_lr=62 head_lr=1300 -> tta_val_acc=0.9295
muon_lr=0.016 muon_momentum=0.5 bias_lr=37 head_lr=1300 -> tta_val_acc=0.9315
muon_lr=0.016 muon_momentum=0.5 bias_lr=62 head_lr=800 -> tta_val_acc=0.9313
muon_lr=0.016 muon_momentum=0.5 bias_lr=62 head_lr=2200 -> tta_val_acc=0.9313
muon_lr=0.0093 muon_momentum=0.5 bias_lr=37 head_lr=1300 -> tta_val_acc=0.9299
muon_lr=0.026 muon_momentum=0.5 bias_lr=37 head_lr=1300 -> tta_val_acc=0.9296
muon_lr=0.016 muon_momentum=0.5 bias_lr=22 head_lr=1300 -> tta_val_acc=0.9319
muon_lr=0.016 muon_momentum=0.5 bias_lr=37 head_lr=800 -> tta_val_acc=0.9314
muon_lr=0.016 muon_momentum=0.5 bias_lr=37 head_lr=2200 -> tta_val_acc=0.9320
muon_lr=0.0093 muon_momentum=0.5 bias_lr=37 head_lr=2200 -> tta_val_acc=0.9295
muon_lr=0.026 muon_momentum=0.5 bias_lr=37 head_lr=2200 -> tta_val_acc=0.9309
muon_lr=0.016 muon_momentum=0.5 bias_lr=22 head_lr=2200 -> tta_val_acc=0.9317
muon_lr=0.016 muon_momentum=0.5 bias_lr=37 head_lr=3700 -> tta_val_acc=0.9317
main hparams: muon_lr=0.072 muon_momentum=0.7 bias_lr=100 head_lr=1300 main=0.8918, best_cooldown=0.9308
muon_lr=0.016 muon_momentum=0.7 bias_lr=100 head_lr=1300 -> tta_val_acc=0.9302
muon_lr=0.0093 muon_momentum=0.7 bias_lr=100 head_lr=1300 -> tta_val_acc=0.9261
muon_lr=0.026 muon_momentum=0.7 bias_lr=100 head_lr=1300 -> tta_val_acc=0.9256
muon_lr=0.016 muon_momentum=0.7 bias_lr=62 head_lr=1300 -> tta_val_acc=0.9308
muon_lr=0.016 muon_momentum=0.7 bias_lr=170 head_lr=1300 -> blocked
muon_lr=0.016 muon_momentum=0.7 bias_lr=100 head_lr=800 -> tta_val_acc=0.9304
muon_lr=0.016 muon_momentum=0.7 bias_lr=100 head_lr=2200 -> blocked
muon_lr=0.0093 muon_momentum=0.7 bias_lr=62 head_lr=1300 -> tta_val_acc=0.9263
muon_lr=0.026 muon_momentum=0.7 bias_lr=62 head_lr=1300 -> tta_val_acc=0.9266
muon_lr=0.016 muon_momentum=0.7 bias_lr=37 head_lr=1300 -> tta_val_acc=0.9292
muon_lr=0.016 muon_momentum=0.7 bias_lr=62 head_lr=800 -> tta_val_acc=0.9300
muon_lr=0.016 muon_momentum=0.7 bias_lr=62 head_lr=2200 -> tta_val_acc=0.9303
main hparams: muon_lr=0.072 muon_momentum=0.6 bias_lr=170 head_lr=1300 main=0.8957, best_cooldown=0.9323
muon_lr=0.016 muon_momentum=0.6 bias_lr=170 head_lr=1300 -> tta_val_acc=0.9272
muon_lr=0.0093 muon_momentum=0.6 bias_lr=170 head_lr=1300 -> tta_val_acc=0.9261
muon_lr=0.026 muon_momentum=0.6 bias_lr=170 head_lr=1300 -> tta_val_acc=0.9252
muon_lr=0.016 muon_momentum=0.6 bias_lr=100 head_lr=1300 -> tta_val_acc=0.9282
muon_lr=0.016 muon_momentum=0.6 bias_lr=290 head_lr=1300 -> blocked
muon_lr=0.016 muon_momentum=0.6 bias_lr=170 head_lr=800 -> tta_val_acc=0.9281
muon_lr=0.016 muon_momentum=0.6 bias_lr=170 head_lr=2200 -> blocked
muon_lr=0.0093 muon_momentum=0.6 bias_lr=100 head_lr=1300 -> tta_val_acc=0.9263
muon_lr=0.026 muon_momentum=0.6 bias_lr=100 head_lr=1300 -> tta_val_acc=0.9270
muon_lr=0.016 muon_momentum=0.6 bias_lr=62 head_lr=1300 -> tta_val_acc=0.9294
muon_lr=0.016 muon_momentum=0.6 bias_lr=100 head_lr=800 -> tta_val_acc=0.9283
muon_lr=0.016 muon_momentum=0.6 bias_lr=100 head_lr=2200 -> blocked
muon_lr=0.0093 muon_momentum=0.6 bias_lr=62 head_lr=1300 -> tta_val_acc=0.9265
muon_lr=0.026 muon_momentum=0.6 bias_lr=62 head_lr=1300 -> tta_val_acc=0.9281
muon_lr=0.016 muon_momentum=0.6 bias_lr=37 head_lr=1300 -> tta_val_acc=0.9300
muon_lr=0.016 muon_momentum=0.6 bias_lr=62 head_lr=800 -> tta_val_acc=0.9293
muon_lr=0.016 muon_momentum=0.6 bias_lr=62 head_lr=2200 -> tta_val_acc=0.9294
muon_lr=0.0093 muon_momentum=0.6 bias_lr=37 head_lr=1300 -> tta_val_acc=0.9279
muon_lr=0.026 muon_momentum=0.6 bias_lr=37 head_lr=1300 -> tta_val_acc=0.9289
muon_lr=0.016 muon_momentum=0.6 bias_lr=22 head_lr=1300 -> tta_val_acc=0.9303
muon_lr=0.016 muon_momentum=0.6 bias_lr=37 head_lr=800 -> tta_val_acc=0.9297
muon_lr=0.016 muon_momentum=0.6 bias_lr=37 head_lr=2200 -> tta_val_acc=0.9297
muon_lr=0.0093 muon_momentum=0.6 bias_lr=22 head_lr=1300 -> tta_val_acc=0.9284
muon_lr=0.026 muon_momentum=0.6 bias_lr=22 head_lr=1300 -> tta_val_acc=0.9303
muon_lr=0.016 muon_momentum=0.6 bias_lr=13 head_lr=1300 -> tta_val_acc=0.9303
muon_lr=0.016 muon_momentum=0.6 bias_lr=22 head_lr=800 -> tta_val_acc=0.9302
muon_lr=0.016 muon_momentum=0.6 bias_lr=22 head_lr=2200 -> tta_val_acc=0.9303
muon_lr=0.043 muon_momentum=0.6 bias_lr=22 head_lr=1300 -> tta_val_acc=0.9236
muon_lr=0.026 muon_momentum=0.6 bias_lr=13 head_lr=1300 -> tta_val_acc=0.9323
muon_lr=0.026 muon_momentum=0.6 bias_lr=22 head_lr=800 -> tta_val_acc=0.9311
muon_lr=0.026 muon_momentum=0.6 bias_lr=22 head_lr=2200 -> blocked
muon_lr=0.043 muon_momentum=0.6 bias_lr=13 head_lr=1300 -> tta_val_acc=0.9246
muon_lr=0.026 muon_momentum=0.6 bias_lr=8.1 head_lr=1300 -> tta_val_acc=0.9315
muon_lr=0.026 muon_momentum=0.6 bias_lr=13 head_lr=800 -> tta_val_acc=0.9314
muon_lr=0.026 muon_momentum=0.6 bias_lr=13 head_lr=2200 -> tta_val_acc=0.9309
main hparams: muon_lr=0.072 muon_momentum=0.6 bias_lr=100 head_lr=800 main=0.9049, best_cooldown=0.9326
muon_lr=0.016 muon_momentum=0.6 bias_lr=100 head_lr=800 -> tta_val_acc=0.9295
muon_lr=0.0093 muon_momentum=0.6 bias_lr=100 head_lr=800 -> tta_val_acc=0.9258
muon_lr=0.026 muon_momentum=0.6 bias_lr=100 head_lr=800 -> tta_val_acc=0.9291
muon_lr=0.016 muon_momentum=0.6 bias_lr=62 head_lr=800 -> tta_val_acc=0.9298
muon_lr=0.016 muon_momentum=0.6 bias_lr=170 head_lr=800 -> blocked
muon_lr=0.016 muon_momentum=0.6 bias_lr=100 head_lr=480 -> tta_val_acc=0.9301
muon_lr=0.016 muon_momentum=0.6 bias_lr=100 head_lr=1300 -> blocked
muon_lr=0.0093 muon_momentum=0.6 bias_lr=100 head_lr=480 -> tta_val_acc=0.9261
muon_lr=0.026 muon_momentum=0.6 bias_lr=100 head_lr=480 -> tta_val_acc=0.9288
muon_lr=0.016 muon_momentum=0.6 bias_lr=62 head_lr=480 -> tta_val_acc=0.9302
muon_lr=0.016 muon_momentum=0.6 bias_lr=170 head_lr=480 -> blocked
muon_lr=0.016 muon_momentum=0.6 bias_lr=100 head_lr=290 -> tta_val_acc=0.9291
muon_lr=0.0093 muon_momentum=0.6 bias_lr=62 head_lr=480 -> tta_val_acc=0.9275
muon_lr=0.026 muon_momentum=0.6 bias_lr=62 head_lr=480 -> tta_val_acc=0.9303
muon_lr=0.016 muon_momentum=0.6 bias_lr=37 head_lr=480 -> tta_val_acc=0.9306
muon_lr=0.016 muon_momentum=0.6 bias_lr=62 head_lr=290 -> tta_val_acc=0.9300
muon_lr=0.0093 muon_momentum=0.6 bias_lr=37 head_lr=480 -> tta_val_acc=0.9282
muon_lr=0.026 muon_momentum=0.6 bias_lr=37 head_lr=480 -> tta_val_acc=0.9312
muon_lr=0.016 muon_momentum=0.6 bias_lr=22 head_lr=480 -> tta_val_acc=0.9303
muon_lr=0.016 muon_momentum=0.6 bias_lr=37 head_lr=290 -> tta_val_acc=0.9305
muon_lr=0.016 muon_momentum=0.6 bias_lr=37 head_lr=800 -> tta_val_acc=0.9302
muon_lr=0.043 muon_momentum=0.6 bias_lr=37 head_lr=480 -> tta_val_acc=0.9260
muon_lr=0.026 muon_momentum=0.6 bias_lr=22 head_lr=480 -> tta_val_acc=0.9320
muon_lr=0.026 muon_momentum=0.6 bias_lr=37 head_lr=290 -> tta_val_acc=0.9310
muon_lr=0.026 muon_momentum=0.6 bias_lr=37 head_lr=800 -> tta_val_acc=0.9314
muon_lr=0.043 muon_momentum=0.6 bias_lr=22 head_lr=480 -> tta_val_acc=0.9261
muon_lr=0.026 muon_momentum=0.6 bias_lr=13 head_lr=480 -> tta_val_acc=0.9326
muon_lr=0.026 muon_momentum=0.6 bias_lr=22 head_lr=290 -> tta_val_acc=0.9314
muon_lr=0.026 muon_momentum=0.6 bias_lr=22 head_lr=800 -> tta_val_acc=0.9318
muon_lr=0.016 muon_momentum=0.6 bias_lr=13 head_lr=480 -> tta_val_acc=0.9307
muon_lr=0.043 muon_momentum=0.6 bias_lr=13 head_lr=480 -> tta_val_acc=0.9268
muon_lr=0.026 muon_momentum=0.6 bias_lr=8.1 head_lr=480 -> tta_val_acc=0.9325
muon_lr=0.026 muon_momentum=0.6 bias_lr=13 head_lr=290 -> tta_val_acc=0.9310
muon_lr=0.026 muon_momentum=0.6 bias_lr=13 head_lr=800 -> tta_val_acc=0.9317
main hparams: muon_lr=0.072 muon_momentum=0.6 bias_lr=100 head_lr=2200 main=0.9030, best_cooldown=0.9324
muon_lr=0.016 muon_momentum=0.6 bias_lr=100 head_lr=2200 -> tta_val_acc=0.9295
muon_lr=0.0093 muon_momentum=0.6 bias_lr=100 head_lr=2200 -> tta_val_acc=0.9258
muon_lr=0.026 muon_momentum=0.6 bias_lr=100 head_lr=2200 -> tta_val_acc=0.9281
muon_lr=0.016 muon_momentum=0.6 bias_lr=62 head_lr=2200 -> tta_val_acc=0.9300
muon_lr=0.016 muon_momentum=0.6 bias_lr=170 head_lr=2200 -> blocked
muon_lr=0.016 muon_momentum=0.6 bias_lr=100 head_lr=1300 -> tta_val_acc=0.9292
muon_lr=0.016 muon_momentum=0.6 bias_lr=100 head_lr=3700 -> tta_val_acc=0.9289
muon_lr=0.0093 muon_momentum=0.6 bias_lr=62 head_lr=2200 -> tta_val_acc=0.9279
muon_lr=0.026 muon_momentum=0.6 bias_lr=62 head_lr=2200 -> tta_val_acc=0.9292
muon_lr=0.016 muon_momentum=0.6 bias_lr=37 head_lr=2200 -> tta_val_acc=0.9304
muon_lr=0.016 muon_momentum=0.6 bias_lr=62 head_lr=1300 -> tta_val_acc=0.9292
muon_lr=0.016 muon_momentum=0.6 bias_lr=62 head_lr=3700 -> tta_val_acc=0.9294
muon_lr=0.0093 muon_momentum=0.6 bias_lr=37 head_lr=2200 -> tta_val_acc=0.9285
muon_lr=0.026 muon_momentum=0.6 bias_lr=37 head_lr=2200 -> tta_val_acc=0.9294
muon_lr=0.016 muon_momentum=0.6 bias_lr=22 head_lr=2200 -> tta_val_acc=0.9315
muon_lr=0.016 muon_momentum=0.6 bias_lr=37 head_lr=1300 -> tta_val_acc=0.9309
muon_lr=0.016 muon_momentum=0.6 bias_lr=37 head_lr=3700 -> blocked
muon_lr=0.0093 muon_momentum=0.6 bias_lr=22 head_lr=2200 -> tta_val_acc=0.9287
muon_lr=0.026 muon_momentum=0.6 bias_lr=22 head_lr=2200 -> tta_val_acc=0.9293
muon_lr=0.016 muon_momentum=0.6 bias_lr=13 head_lr=2200 -> tta_val_acc=0.9317
muon_lr=0.016 muon_momentum=0.6 bias_lr=22 head_lr=1300 -> tta_val_acc=0.9313
muon_lr=0.016 muon_momentum=0.6 bias_lr=22 head_lr=3700 -> tta_val_acc=0.9312
muon_lr=0.0093 muon_momentum=0.6 bias_lr=13 head_lr=2200 -> tta_val_acc=0.9286
muon_lr=0.026 muon_momentum=0.6 bias_lr=13 head_lr=2200 -> tta_val_acc=0.9313
muon_lr=0.016 muon_momentum=0.6 bias_lr=8.1 head_lr=2200 -> tta_val_acc=0.9315
muon_lr=0.016 muon_momentum=0.6 bias_lr=13 head_lr=1300 -> tta_val_acc=0.9324
muon_lr=0.016 muon_momentum=0.6 bias_lr=13 head_lr=3700 -> blocked
muon_lr=0.0093 muon_momentum=0.6 bias_lr=13 head_lr=1300 -> tta_val_acc=0.9286
muon_lr=0.026 muon_momentum=0.6 bias_lr=13 head_lr=1300 -> tta_val_acc=0.9299
muon_lr=0.016 muon_momentum=0.6 bias_lr=8.1 head_lr=1300 -> tta_val_acc=0.9322
muon_lr=0.016 muon_momentum=0.6 bias_lr=13 head_lr=800 -> tta_val_acc=0.9322
best_hparams=muon_lr=0.072 muon_momentum=0.6 bias_lr=100 head_lr=1300 main=0.9070, best_cooldown=0.9329
train_loss run=0 step=81/200 loss=1.1023 bias_lr=100 head_lr=1300 muon_lr=0.072 muon_momentum=0.6 muon_nesterov=False muon_grad_momentum_norm_ratio=0.621398
train_loss run=0 step=82/200 loss=1.1077 bias_lr=100 head_lr=1300 muon_lr=0.072 muon_momentum=0.6 muon_nesterov=False muon_grad_momentum_norm_ratio=0.619736
train_loss run=0 step=83/200 loss=1.0984 bias_lr=100 head_lr=1300 muon_lr=0.072 muon_momentum=0.6 muon_nesterov=False muon_grad_momentum_norm_ratio=0.607082
train_loss run=0 step=84/200 loss=1.1023 bias_lr=100 head_lr=1300 muon_lr=0.072 muon_momentum=0.6 muon_nesterov=False muon_grad_momentum_norm_ratio=0.614776
train_loss run=0 step=85/200 loss=1.1202 bias_lr=100 head_lr=1300 muon_lr=0.072 muon_momentum=0.6 muon_nesterov=False muon_grad_momentum_norm_ratio=0.635952
train_loss run=0 step=86/200 loss=1.0820 bias_lr=100 head_lr=1300 muon_lr=0.072 muon_momentum=0.6 muon_nesterov=False muon_grad_momentum_norm_ratio=0.570578
train_loss run=0 step=87/200 loss=1.1070 bias_lr=100 head_lr=1300 muon_lr=0.072 muon_momentum=0.6 muon_nesterov=False muon_grad_momentum_norm_ratio=0.63458
train_loss run=0 step=88/200 loss=1.1188 bias_lr=100 head_lr=1300 muon_lr=0.072 muon_momentum=0.6 muon_nesterov=False muon_grad_momentum_norm_ratio=0.631778
train_loss run=0 step=89/200 loss=1.0973 bias_lr=100 head_lr=1300 muon_lr=0.072 muon_momentum=0.6 muon_nesterov=False muon_grad_momentum_norm_ratio=0.623277
train_loss run=0 step=90/200 loss=1.1123 bias_lr=100 head_lr=1300 muon_lr=0.072 muon_momentum=0.6 muon_nesterov=False muon_grad_momentum_norm_ratio=0.60068
train_loss run=0 step=91/200 loss=1.1031 bias_lr=100 head_lr=1300 muon_lr=0.072 muon_momentum=0.6 muon_nesterov=False muon_grad_momentum_norm_ratio=0.618178
train_loss run=0 step=92/200 loss=1.0984 bias_lr=100 head_lr=1300 muon_lr=0.072 muon_momentum=0.6 muon_nesterov=False muon_grad_momentum_norm_ratio=0.598346
train_loss run=0 step=93/200 loss=1.0913 bias_lr=100 head_lr=1300 muon_lr=0.072 muon_momentum=0.6 muon_nesterov=False muon_grad_momentum_norm_ratio=0.58779
train_loss run=0 step=94/200 loss=1.0970 bias_lr=100 head_lr=1300 muon_lr=0.072 muon_momentum=0.6 muon_nesterov=False muon_grad_momentum_norm_ratio=0.613622
train_loss run=0 step=95/200 loss=1.1121 bias_lr=100 head_lr=1300 muon_lr=0.072 muon_momentum=0.6 muon_nesterov=False muon_grad_momentum_norm_ratio=0.624767
train_loss run=0 step=96/200 loss=1.0915 bias_lr=100 head_lr=1300 muon_lr=0.072 muon_momentum=0.6 muon_nesterov=False muon_grad_momentum_norm_ratio=0.612972
train_loss run=0 step=97/200 loss=1.0965 bias_lr=100 head_lr=1300 muon_lr=0.072 muon_momentum=0.6 muon_nesterov=False muon_grad_momentum_norm_ratio=0.616491
train_loss run=0 step=98/200 loss=1.1072 bias_lr=100 head_lr=1300 muon_lr=0.072 muon_momentum=0.6 muon_nesterov=False muon_grad_momentum_norm_ratio=0.608235
train_loss run=0 step=99/200 loss=1.0956 bias_lr=100 head_lr=1300 muon_lr=0.072 muon_momentum=0.6 muon_nesterov=False muon_grad_momentum_norm_ratio=0.604666
train_loss run=0 step=100/200 loss=1.1111 bias_lr=100 head_lr=1300 muon_lr=0.072 muon_momentum=0.6 muon_nesterov=False muon_grad_momentum_norm_ratio=0.619584
train_loss run=0 step=101/200 loss=1.0870 bias_lr=100 head_lr=1300 muon_lr=0.072 muon_momentum=0.6 muon_nesterov=False muon_grad_momentum_norm_ratio=0.59347
train_loss run=0 step=102/200 loss=1.0733 bias_lr=100 head_lr=1300 muon_lr=0.072 muon_momentum=0.6 muon_nesterov=False muon_grad_momentum_norm_ratio=0.611902
train_loss run=0 step=103/200 loss=1.0683 bias_lr=100 head_lr=1300 muon_lr=0.072 muon_momentum=0.6 muon_nesterov=False muon_grad_momentum_norm_ratio=0.605095
train_loss run=0 step=104/200 loss=1.0886 bias_lr=100 head_lr=1300 muon_lr=0.072 muon_momentum=0.6 muon_nesterov=False muon_grad_momentum_norm_ratio=0.628954
train_loss run=0 step=105/200 loss=1.0790 bias_lr=100 head_lr=1300 muon_lr=0.072 muon_momentum=0.6 muon_nesterov=False muon_grad_momentum_norm_ratio=0.635326
train_loss run=0 step=106/200 loss=1.0830 bias_lr=100 head_lr=1300 muon_lr=0.072 muon_momentum=0.6 muon_nesterov=False muon_grad_momentum_norm_ratio=0.599699
train_loss run=0 step=107/200 loss=1.0639 bias_lr=100 head_lr=1300 muon_lr=0.072 muon_momentum=0.6 muon_nesterov=False muon_grad_momentum_norm_ratio=0.599752
train_loss run=0 step=108/200 loss=1.0690 bias_lr=100 head_lr=1300 muon_lr=0.072 muon_momentum=0.6 muon_nesterov=False muon_grad_momentum_norm_ratio=0.62542
train_loss run=0 step=109/200 loss=1.0982 bias_lr=100 head_lr=1300 muon_lr=0.072 muon_momentum=0.6 muon_nesterov=False muon_grad_momentum_norm_ratio=0.647516
train_loss run=0 step=110/200 loss=1.0920 bias_lr=100 head_lr=1300 muon_lr=0.072 muon_momentum=0.6 muon_nesterov=False muon_grad_momentum_norm_ratio=0.600749
train_loss run=0 step=111/200 loss=1.0741 bias_lr=100 head_lr=1300 muon_lr=0.072 muon_momentum=0.6 muon_nesterov=False muon_grad_momentum_norm_ratio=0.591933
train_loss run=0 step=112/200 loss=1.0696 bias_lr=100 head_lr=1300 muon_lr=0.072 muon_momentum=0.6 muon_nesterov=False muon_grad_momentum_norm_ratio=0.615499
train_loss run=0 step=113/200 loss=1.0916 bias_lr=100 head_lr=1300 muon_lr=0.072 muon_momentum=0.6 muon_nesterov=False muon_grad_momentum_norm_ratio=0.606864
train_loss run=0 step=114/200 loss=1.0756 bias_lr=100 head_lr=1300 muon_lr=0.072 muon_momentum=0.6 muon_nesterov=False muon_grad_momentum_norm_ratio=0.60829
train_loss run=0 step=115/200 loss=1.0769 bias_lr=100 head_lr=1300 muon_lr=0.072 muon_momentum=0.6 muon_nesterov=False muon_grad_momentum_norm_ratio=0.618356
train_loss run=0 step=116/200 loss=1.0868 bias_lr=100 head_lr=1300 muon_lr=0.072 muon_momentum=0.6 muon_nesterov=False muon_grad_momentum_norm_ratio=0.603787
train_loss run=0 step=117/200 loss=1.0833 bias_lr=100 head_lr=1300 muon_lr=0.072 muon_momentum=0.6 muon_nesterov=False muon_grad_momentum_norm_ratio=0.626953
train_loss run=0 step=118/200 loss=1.0770 bias_lr=100 head_lr=1300 muon_lr=0.072 muon_momentum=0.6 muon_nesterov=False muon_grad_momentum_norm_ratio=0.6114
train_loss run=0 step=119/200 loss=1.0920 bias_lr=100 head_lr=1300 muon_lr=0.072 muon_momentum=0.6 muon_nesterov=False muon_grad_momentum_norm_ratio=0.610078
train_loss run=0 step=120/200 loss=1.0670 bias_lr=100 head_lr=1300 muon_lr=0.072 muon_momentum=0.6 muon_nesterov=False muon_grad_momentum_norm_ratio=0.582897
interval_tta_val_acc run=0 interval=2 step=120/200 tta_val_acc=0.9070
main hparams: muon_lr=0.072 muon_momentum=0.6 bias_lr=100 head_lr=1300 main=0.9084, best_cooldown=0.9337
muon_lr=0.016 muon_momentum=0.6 bias_lr=100 head_lr=1300 -> tta_val_acc=0.9317
muon_lr=0.0093 muon_momentum=0.6 bias_lr=100 head_lr=1300 -> tta_val_acc=0.9311
muon_lr=0.026 muon_momentum=0.6 bias_lr=100 head_lr=1300 -> tta_val_acc=0.9314
muon_lr=0.016 muon_momentum=0.6 bias_lr=62 head_lr=1300 -> tta_val_acc=0.9331
muon_lr=0.016 muon_momentum=0.6 bias_lr=170 head_lr=1300 -> blocked
muon_lr=0.016 muon_momentum=0.6 bias_lr=100 head_lr=800 -> tta_val_acc=0.9321
muon_lr=0.016 muon_momentum=0.6 bias_lr=100 head_lr=2200 -> blocked
muon_lr=0.0093 muon_momentum=0.6 bias_lr=62 head_lr=1300 -> tta_val_acc=0.9328
muon_lr=0.026 muon_momentum=0.6 bias_lr=62 head_lr=1300 -> tta_val_acc=0.9330
muon_lr=0.016 muon_momentum=0.6 bias_lr=37 head_lr=1300 -> tta_val_acc=0.9327
muon_lr=0.016 muon_momentum=0.6 bias_lr=62 head_lr=800 -> tta_val_acc=0.9337
muon_lr=0.016 muon_momentum=0.6 bias_lr=62 head_lr=2200 -> blocked
muon_lr=0.0093 muon_momentum=0.6 bias_lr=62 head_lr=800 -> tta_val_acc=0.9326
muon_lr=0.026 muon_momentum=0.6 bias_lr=62 head_lr=800 -> tta_val_acc=0.9322
muon_lr=0.016 muon_momentum=0.6 bias_lr=37 head_lr=800 -> tta_val_acc=0.9335
muon_lr=0.016 muon_momentum=0.6 bias_lr=62 head_lr=480 -> tta_val_acc=0.9333
main hparams: muon_lr=0.043 muon_momentum=0.6 bias_lr=100 head_lr=1300 main=0.9234, best_cooldown=0.9365
muon_lr=0.016 muon_momentum=0.6 bias_lr=100 head_lr=1300 -> tta_val_acc=0.9330
muon_lr=0.0093 muon_momentum=0.6 bias_lr=100 head_lr=1300 -> tta_val_acc=0.9351
muon_lr=0.026 muon_momentum=0.6 bias_lr=100 head_lr=1300 -> blocked
muon_lr=0.016 muon_momentum=0.6 bias_lr=62 head_lr=1300 -> tta_val_acc=0.9346
muon_lr=0.016 muon_momentum=0.6 bias_lr=170 head_lr=1300 -> blocked
muon_lr=0.016 muon_momentum=0.6 bias_lr=100 head_lr=800 -> tta_val_acc=0.9337
muon_lr=0.016 muon_momentum=0.6 bias_lr=100 head_lr=2200 -> blocked
muon_lr=0.0056 muon_momentum=0.6 bias_lr=100 head_lr=1300 -> tta_val_acc=0.9354
muon_lr=0.0093 muon_momentum=0.6 bias_lr=62 head_lr=1300 -> tta_val_acc=0.9363
muon_lr=0.0093 muon_momentum=0.6 bias_lr=170 head_lr=1300 -> blocked
muon_lr=0.0093 muon_momentum=0.6 bias_lr=100 head_lr=800 -> tta_val_acc=0.9347
muon_lr=0.0093 muon_momentum=0.6 bias_lr=100 head_lr=2200 -> tta_val_acc=0.9348
muon_lr=0.0056 muon_momentum=0.6 bias_lr=62 head_lr=1300 -> tta_val_acc=0.9358
muon_lr=0.0093 muon_momentum=0.6 bias_lr=37 head_lr=1300 -> tta_val_acc=0.9363
muon_lr=0.0093 muon_momentum=0.6 bias_lr=62 head_lr=800 -> tta_val_acc=0.9365
muon_lr=0.0093 muon_momentum=0.6 bias_lr=62 head_lr=2200 -> blocked
muon_lr=0.0056 muon_momentum=0.6 bias_lr=62 head_lr=800 -> tta_val_acc=0.9359
muon_lr=0.016 muon_momentum=0.6 bias_lr=62 head_lr=800 -> tta_val_acc=0.9345
muon_lr=0.0093 muon_momentum=0.6 bias_lr=37 head_lr=800 -> tta_val_acc=0.9365
muon_lr=0.0093 muon_momentum=0.6 bias_lr=62 head_lr=480 -> tta_val_acc=0.9362
main hparams: muon_lr=0.12 muon_momentum=0.6 bias_lr=100 head_lr=1300 blocked
main hparams: muon_lr=0.072 muon_momentum=0.5 bias_lr=100 head_lr=1300 main=0.9123, best_cooldown=0.9356
muon_lr=0.016 muon_momentum=0.5 bias_lr=100 head_lr=1300 -> tta_val_acc=0.9355
muon_lr=0.0093 muon_momentum=0.5 bias_lr=100 head_lr=1300 -> tta_val_acc=0.9345
muon_lr=0.026 muon_momentum=0.5 bias_lr=100 head_lr=1300 -> tta_val_acc=0.9333
muon_lr=0.016 muon_momentum=0.5 bias_lr=62 head_lr=1300 -> tta_val_acc=0.9349
muon_lr=0.016 muon_momentum=0.5 bias_lr=170 head_lr=1300 -> tta_val_acc=0.9313
muon_lr=0.016 muon_momentum=0.5 bias_lr=100 head_lr=800 -> tta_val_acc=0.9350
muon_lr=0.016 muon_momentum=0.5 bias_lr=100 head_lr=2200 -> tta_val_acc=0.9356
muon_lr=0.0093 muon_momentum=0.5 bias_lr=100 head_lr=2200 -> tta_val_acc=0.9347
muon_lr=0.026 muon_momentum=0.5 bias_lr=100 head_lr=2200 -> tta_val_acc=0.9334
muon_lr=0.016 muon_momentum=0.5 bias_lr=62 head_lr=2200 -> tta_val_acc=0.9355
muon_lr=0.016 muon_momentum=0.5 bias_lr=170 head_lr=2200 -> tta_val_acc=0.9318
muon_lr=0.016 muon_momentum=0.5 bias_lr=100 head_lr=3700 -> tta_val_acc=0.9355
main hparams: muon_lr=0.072 muon_momentum=0.7 bias_lr=100 head_lr=1300 main=0.9048, best_cooldown=0.9343
muon_lr=0.016 muon_momentum=0.7 bias_lr=100 head_lr=1300 -> tta_val_acc=0.9315
muon_lr=0.0093 muon_momentum=0.7 bias_lr=100 head_lr=1300 -> tta_val_acc=0.9315
muon_lr=0.026 muon_momentum=0.7 bias_lr=100 head_lr=1300 -> tta_val_acc=0.9300
muon_lr=0.016 muon_momentum=0.7 bias_lr=62 head_lr=1300 -> tta_val_acc=0.9332
muon_lr=0.016 muon_momentum=0.7 bias_lr=170 head_lr=1300 -> blocked
muon_lr=0.016 muon_momentum=0.7 bias_lr=100 head_lr=800 -> tta_val_acc=0.9314
muon_lr=0.016 muon_momentum=0.7 bias_lr=100 head_lr=2200 -> tta_val_acc=0.9321
muon_lr=0.0093 muon_momentum=0.7 bias_lr=62 head_lr=1300 -> tta_val_acc=0.9330
muon_lr=0.026 muon_momentum=0.7 bias_lr=62 head_lr=1300 -> tta_val_acc=0.9289
muon_lr=0.016 muon_momentum=0.7 bias_lr=37 head_lr=1300 -> tta_val_acc=0.9338
muon_lr=0.016 muon_momentum=0.7 bias_lr=62 head_lr=800 -> tta_val_acc=0.9331
muon_lr=0.016 muon_momentum=0.7 bias_lr=62 head_lr=2200 -> tta_val_acc=0.9325
muon_lr=0.0093 muon_momentum=0.7 bias_lr=37 head_lr=1300 -> tta_val_acc=0.9339
muon_lr=0.026 muon_momentum=0.7 bias_lr=37 head_lr=1300 -> blocked
muon_lr=0.016 muon_momentum=0.7 bias_lr=22 head_lr=1300 -> tta_val_acc=0.9343
muon_lr=0.016 muon_momentum=0.7 bias_lr=37 head_lr=800 -> tta_val_acc=0.9335
muon_lr=0.016 muon_momentum=0.7 bias_lr=37 head_lr=2200 -> tta_val_acc=0.9341
muon_lr=0.0093 muon_momentum=0.7 bias_lr=22 head_lr=1300 -> tta_val_acc=0.9336
muon_lr=0.026 muon_momentum=0.7 bias_lr=22 head_lr=1300 -> tta_val_acc=0.9320
muon_lr=0.016 muon_momentum=0.7 bias_lr=13 head_lr=1300 -> tta_val_acc=0.9336
muon_lr=0.016 muon_momentum=0.7 bias_lr=22 head_lr=800 -> tta_val_acc=0.9335
muon_lr=0.016 muon_momentum=0.7 bias_lr=22 head_lr=2200 -> tta_val_acc=0.9336
main hparams: muon_lr=0.072 muon_momentum=0.6 bias_lr=62 head_lr=1300 main=0.9055, best_cooldown=0.9353
muon_lr=0.016 muon_momentum=0.6 bias_lr=62 head_lr=1300 -> tta_val_acc=0.9336
muon_lr=0.0093 muon_momentum=0.6 bias_lr=62 head_lr=1300 -> tta_val_acc=0.9328
muon_lr=0.026 muon_momentum=0.6 bias_lr=62 head_lr=1300 -> tta_val_acc=0.9301
muon_lr=0.016 muon_momentum=0.6 bias_lr=37 head_lr=1300 -> tta_val_acc=0.9349
muon_lr=0.016 muon_momentum=0.6 bias_lr=100 head_lr=1300 -> blocked
muon_lr=0.016 muon_momentum=0.6 bias_lr=62 head_lr=800 -> tta_val_acc=0.9330
muon_lr=0.016 muon_momentum=0.6 bias_lr=62 head_lr=2200 -> tta_val_acc=0.9343
muon_lr=0.0093 muon_momentum=0.6 bias_lr=37 head_lr=1300 -> tta_val_acc=0.9335
muon_lr=0.026 muon_momentum=0.6 bias_lr=37 head_lr=1300 -> tta_val_acc=0.9318
muon_lr=0.016 muon_momentum=0.6 bias_lr=22 head_lr=1300 -> tta_val_acc=0.9353
muon_lr=0.016 muon_momentum=0.6 bias_lr=37 head_lr=800 -> tta_val_acc=0.9351
muon_lr=0.016 muon_momentum=0.6 bias_lr=37 head_lr=2200 -> blocked
muon_lr=0.0093 muon_momentum=0.6 bias_lr=22 head_lr=1300 -> tta_val_acc=0.9333
muon_lr=0.026 muon_momentum=0.6 bias_lr=22 head_lr=1300 -> tta_val_acc=0.9324
muon_lr=0.016 muon_momentum=0.6 bias_lr=13 head_lr=1300 -> tta_val_acc=0.9349
muon_lr=0.016 muon_momentum=0.6 bias_lr=22 head_lr=800 -> tta_val_acc=0.9351
muon_lr=0.016 muon_momentum=0.6 bias_lr=22 head_lr=2200 -> tta_val_acc=0.9353
main hparams: muon_lr=0.072 muon_momentum=0.6 bias_lr=170 head_lr=1300 blocked
main hparams: muon_lr=0.072 muon_momentum=0.6 bias_lr=100 head_lr=800 main=0.9092, best_cooldown=0.9353
muon_lr=0.016 muon_momentum=0.6 bias_lr=100 head_lr=800 -> tta_val_acc=0.9321
muon_lr=0.0093 muon_momentum=0.6 bias_lr=100 head_lr=800 -> tta_val_acc=0.9332
muon_lr=0.026 muon_momentum=0.6 bias_lr=100 head_lr=800 -> blocked
muon_lr=0.016 muon_momentum=0.6 bias_lr=62 head_lr=800 -> tta_val_acc=0.9336
muon_lr=0.016 muon_momentum=0.6 bias_lr=170 head_lr=800 -> blocked
muon_lr=0.016 muon_momentum=0.6 bias_lr=100 head_lr=480 -> tta_val_acc=0.9332
muon_lr=0.016 muon_momentum=0.6 bias_lr=100 head_lr=1300 -> blocked
muon_lr=0.0093 muon_momentum=0.6 bias_lr=62 head_lr=800 -> tta_val_acc=0.9330
muon_lr=0.026 muon_momentum=0.6 bias_lr=62 head_lr=800 -> tta_val_acc=0.9344
muon_lr=0.016 muon_momentum=0.6 bias_lr=37 head_lr=800 -> tta_val_acc=0.9348
muon_lr=0.016 muon_momentum=0.6 bias_lr=62 head_lr=480 -> tta_val_acc=0.9330
muon_lr=0.016 muon_momentum=0.6 bias_lr=62 head_lr=1300 -> tta_val_acc=0.9334
muon_lr=0.0093 muon_momentum=0.6 bias_lr=37 head_lr=800 -> tta_val_acc=0.9336
muon_lr=0.026 muon_momentum=0.6 bias_lr=37 head_lr=800 -> tta_val_acc=0.9327
muon_lr=0.016 muon_momentum=0.6 bias_lr=22 head_lr=800 -> tta_val_acc=0.9347
muon_lr=0.016 muon_momentum=0.6 bias_lr=37 head_lr=480 -> tta_val_acc=0.9347
muon_lr=0.016 muon_momentum=0.6 bias_lr=37 head_lr=1300 -> tta_val_acc=0.9353
muon_lr=0.0093 muon_momentum=0.6 bias_lr=37 head_lr=1300 -> tta_val_acc=0.9332
muon_lr=0.026 muon_momentum=0.6 bias_lr=37 head_lr=1300 -> tta_val_acc=0.9328
muon_lr=0.016 muon_momentum=0.6 bias_lr=22 head_lr=1300 -> tta_val_acc=0.9352
muon_lr=0.016 muon_momentum=0.6 bias_lr=37 head_lr=2200 -> tta_val_acc=0.9350
main hparams: muon_lr=0.072 muon_momentum=0.6 bias_lr=100 head_lr=2200 blocked
main hparams: muon_lr=0.026 muon_momentum=0.6 bias_lr=100 head_lr=1300 main=0.9280, best_cooldown=0.9372
muon_lr=0.0093 muon_momentum=0.6 bias_lr=100 head_lr=1300 -> tta_val_acc=0.9360
muon_lr=0.0056 muon_momentum=0.6 bias_lr=100 head_lr=1300 -> tta_val_acc=0.9355
muon_lr=0.016 muon_momentum=0.6 bias_lr=100 head_lr=1300 -> tta_val_acc=0.9341
muon_lr=0.0093 muon_momentum=0.6 bias_lr=62 head_lr=1300 -> tta_val_acc=0.9364
muon_lr=0.0093 muon_momentum=0.6 bias_lr=170 head_lr=1300 -> blocked
muon_lr=0.0093 muon_momentum=0.6 bias_lr=100 head_lr=800 -> tta_val_acc=0.9355
muon_lr=0.0093 muon_momentum=0.6 bias_lr=100 head_lr=2200 -> tta_val_acc=0.9364
muon_lr=0.0056 muon_momentum=0.6 bias_lr=62 head_lr=1300 -> tta_val_acc=0.9367
muon_lr=0.016 muon_momentum=0.6 bias_lr=62 head_lr=1300 -> blocked
muon_lr=0.0093 muon_momentum=0.6 bias_lr=37 head_lr=1300 -> tta_val_acc=0.9368
muon_lr=0.0093 muon_momentum=0.6 bias_lr=62 head_lr=800 -> tta_val_acc=0.9366
muon_lr=0.0093 muon_momentum=0.6 bias_lr=62 head_lr=2200 -> blocked
muon_lr=0.0056 muon_momentum=0.6 bias_lr=37 head_lr=1300 -> tta_val_acc=0.9369
muon_lr=0.016 muon_momentum=0.6 bias_lr=37 head_lr=1300 -> blocked
muon_lr=0.0093 muon_momentum=0.6 bias_lr=22 head_lr=1300 -> tta_val_acc=0.9369
muon_lr=0.0093 muon_momentum=0.6 bias_lr=37 head_lr=800 -> tta_val_acc=0.9366
muon_lr=0.0093 muon_momentum=0.6 bias_lr=37 head_lr=2200 -> tta_val_acc=0.9369
muon_lr=0.0034 muon_momentum=0.6 bias_lr=37 head_lr=1300 -> tta_val_acc=0.9372
muon_lr=0.0056 muon_momentum=0.6 bias_lr=22 head_lr=1300 -> tta_val_acc=0.9370
muon_lr=0.0056 muon_momentum=0.6 bias_lr=37 head_lr=800 -> tta_val_acc=0.9372
muon_lr=0.0056 muon_momentum=0.6 bias_lr=37 head_lr=2200 -> blocked
muon_lr=0.002 muon_momentum=0.6 bias_lr=37 head_lr=1300 -> tta_val_acc=0.9361
muon_lr=0.0034 muon_momentum=0.6 bias_lr=22 head_lr=1300 -> tta_val_acc=0.9365
muon_lr=0.0034 muon_momentum=0.6 bias_lr=62 head_lr=1300 -> tta_val_acc=0.9366
muon_lr=0.0034 muon_momentum=0.6 bias_lr=37 head_lr=800 -> tta_val_acc=0.9372
muon_lr=0.0034 muon_momentum=0.6 bias_lr=37 head_lr=2200 -> tta_val_acc=0.9366
main hparams: muon_lr=0.043 muon_momentum=0.5 bias_lr=100 head_lr=1300 main=0.9223, best_cooldown=0.9365
muon_lr=0.0093 muon_momentum=0.5 bias_lr=100 head_lr=1300 -> tta_val_acc=0.9345
muon_lr=0.0056 muon_momentum=0.5 bias_lr=100 head_lr=1300 -> tta_val_acc=0.9351
muon_lr=0.016 muon_momentum=0.5 bias_lr=100 head_lr=1300 -> blocked
muon_lr=0.0093 muon_momentum=0.5 bias_lr=62 head_lr=1300 -> tta_val_acc=0.9350
muon_lr=0.0093 muon_momentum=0.5 bias_lr=170 head_lr=1300 -> blocked
muon_lr=0.0093 muon_momentum=0.5 bias_lr=100 head_lr=800 -> tta_val_acc=0.9342
muon_lr=0.0093 muon_momentum=0.5 bias_lr=100 head_lr=2200 -> tta_val_acc=0.9346
muon_lr=0.0034 muon_momentum=0.5 bias_lr=100 head_lr=1300 -> tta_val_acc=0.9344
muon_lr=0.0056 muon_momentum=0.5 bias_lr=62 head_lr=1300 -> tta_val_acc=0.9353
muon_lr=0.0056 muon_momentum=0.5 bias_lr=170 head_lr=1300 -> blocked
muon_lr=0.0056 muon_momentum=0.5 bias_lr=100 head_lr=800 -> tta_val_acc=0.9349
muon_lr=0.0056 muon_momentum=0.5 bias_lr=100 head_lr=2200 -> tta_val_acc=0.9349
muon_lr=0.0034 muon_momentum=0.5 bias_lr=62 head_lr=1300 -> tta_val_acc=0.9348
muon_lr=0.0056 muon_momentum=0.5 bias_lr=37 head_lr=1300 -> tta_val_acc=0.9356
muon_lr=0.0056 muon_momentum=0.5 bias_lr=62 head_lr=800 -> tta_val_acc=0.9352
muon_lr=0.0056 muon_momentum=0.5 bias_lr=62 head_lr=2200 -> tta_val_acc=0.9350
muon_lr=0.0034 muon_momentum=0.5 bias_lr=37 head_lr=1300 -> tta_val_acc=0.9350
muon_lr=0.0093 muon_momentum=0.5 bias_lr=37 head_lr=1300 -> tta_val_acc=0.9354
muon_lr=0.0056 muon_momentum=0.5 bias_lr=22 head_lr=1300 -> tta_val_acc=0.9359
muon_lr=0.0056 muon_momentum=0.5 bias_lr=37 head_lr=800 -> tta_val_acc=0.9357
muon_lr=0.0056 muon_momentum=0.5 bias_lr=37 head_lr=2200 -> blocked
muon_lr=0.0034 muon_momentum=0.5 bias_lr=22 head_lr=1300 -> tta_val_acc=0.9347
muon_lr=0.0093 muon_momentum=0.5 bias_lr=22 head_lr=1300 -> tta_val_acc=0.9365
muon_lr=0.0056 muon_momentum=0.5 bias_lr=13 head_lr=1300 -> tta_val_acc=0.9355
muon_lr=0.0056 muon_momentum=0.5 bias_lr=22 head_lr=800 -> tta_val_acc=0.9360
muon_lr=0.0056 muon_momentum=0.5 bias_lr=22 head_lr=2200 -> blocked
muon_lr=0.016 muon_momentum=0.5 bias_lr=22 head_lr=1300 -> tta_val_acc=0.9360
muon_lr=0.0093 muon_momentum=0.5 bias_lr=13 head_lr=1300 -> tta_val_acc=0.9365
muon_lr=0.0093 muon_momentum=0.5 bias_lr=22 head_lr=800 -> tta_val_acc=0.9361
muon_lr=0.0093 muon_momentum=0.5 bias_lr=22 head_lr=2200 -> tta_val_acc=0.9362
main hparams: muon_lr=0.043 muon_momentum=0.7 bias_lr=100 head_lr=1300 main=0.9187, best_cooldown=0.9369
muon_lr=0.0093 muon_momentum=0.7 bias_lr=100 head_lr=1300 -> tta_val_acc=0.9346
muon_lr=0.0056 muon_momentum=0.7 bias_lr=100 head_lr=1300 -> tta_val_acc=0.9354
muon_lr=0.016 muon_momentum=0.7 bias_lr=100 head_lr=1300 -> blocked
muon_lr=0.0093 muon_momentum=0.7 bias_lr=62 head_lr=1300 -> tta_val_acc=0.9358
muon_lr=0.0093 muon_momentum=0.7 bias_lr=170 head_lr=1300 -> blocked
muon_lr=0.0093 muon_momentum=0.7 bias_lr=100 head_lr=800 -> tta_val_acc=0.9348
muon_lr=0.0093 muon_momentum=0.7 bias_lr=100 head_lr=2200 -> blocked
muon_lr=0.0056 muon_momentum=0.7 bias_lr=62 head_lr=1300 -> tta_val_acc=0.9347
muon_lr=0.016 muon_momentum=0.7 bias_lr=62 head_lr=1300 -> tta_val_acc=0.9336
muon_lr=0.0093 muon_momentum=0.7 bias_lr=37 head_lr=1300 -> tta_val_acc=0.9369
muon_lr=0.0093 muon_momentum=0.7 bias_lr=62 head_lr=800 -> tta_val_acc=0.9357
muon_lr=0.0093 muon_momentum=0.7 bias_lr=62 head_lr=2200 -> tta_val_acc=0.9365
muon_lr=0.0056 muon_momentum=0.7 bias_lr=37 head_lr=1300 -> tta_val_acc=0.9351
muon_lr=0.016 muon_momentum=0.7 bias_lr=37 head_lr=1300 -> tta_val_acc=0.9352
muon_lr=0.0093 muon_momentum=0.7 bias_lr=22 head_lr=1300 -> tta_val_acc=0.9367
muon_lr=0.0093 muon_momentum=0.7 bias_lr=37 head_lr=800 -> tta_val_acc=0.9366
muon_lr=0.0093 muon_momentum=0.7 bias_lr=37 head_lr=2200 -> tta_val_acc=0.9366
main hparams: muon_lr=0.043 muon_momentum=0.6 bias_lr=62 head_lr=1300 main=0.9249, best_cooldown=0.9362
muon_lr=0.0093 muon_momentum=0.6 bias_lr=62 head_lr=1300 -> tta_val_acc=0.9347
muon_lr=0.0056 muon_momentum=0.6 bias_lr=62 head_lr=1300 -> tta_val_acc=0.9352
muon_lr=0.016 muon_momentum=0.6 bias_lr=62 head_lr=1300 -> blocked
muon_lr=0.0093 muon_momentum=0.6 bias_lr=37 head_lr=1300 -> tta_val_acc=0.9359
muon_lr=0.0093 muon_momentum=0.6 bias_lr=100 head_lr=1300 -> blocked
muon_lr=0.0093 muon_momentum=0.6 bias_lr=62 head_lr=800 -> tta_val_acc=0.9344
muon_lr=0.0093 muon_momentum=0.6 bias_lr=62 head_lr=2200 -> tta_val_acc=0.9337
muon_lr=0.0056 muon_momentum=0.6 bias_lr=37 head_lr=1300 -> tta_val_acc=0.9361
muon_lr=0.016 muon_momentum=0.6 bias_lr=37 head_lr=1300 -> blocked
muon_lr=0.0093 muon_momentum=0.6 bias_lr=22 head_lr=1300 -> tta_val_acc=0.9362
muon_lr=0.0093 muon_momentum=0.6 bias_lr=37 head_lr=800 -> tta_val_acc=0.9361
muon_lr=0.0093 muon_momentum=0.6 bias_lr=37 head_lr=2200 -> blocked
muon_lr=0.0056 muon_momentum=0.6 bias_lr=22 head_lr=1300 -> tta_val_acc=0.9357
muon_lr=0.016 muon_momentum=0.6 bias_lr=22 head_lr=1300 -> tta_val_acc=0.9341
muon_lr=0.0093 muon_momentum=0.6 bias_lr=13 head_lr=1300 -> tta_val_acc=0.9361
muon_lr=0.0093 muon_momentum=0.6 bias_lr=22 head_lr=800 -> tta_val_acc=0.9360
muon_lr=0.0093 muon_momentum=0.6 bias_lr=22 head_lr=2200 -> tta_val_acc=0.9359
main hparams: muon_lr=0.043 muon_momentum=0.6 bias_lr=170 head_lr=1300 main=0.9160, best_cooldown=0.9370
muon_lr=0.0093 muon_momentum=0.6 bias_lr=170 head_lr=1300 -> tta_val_acc=0.9332
muon_lr=0.0056 muon_momentum=0.6 bias_lr=170 head_lr=1300 -> tta_val_acc=0.9335
muon_lr=0.016 muon_momentum=0.6 bias_lr=170 head_lr=1300 -> blocked
muon_lr=0.0093 muon_momentum=0.6 bias_lr=100 head_lr=1300 -> tta_val_acc=0.9361
muon_lr=0.0093 muon_momentum=0.6 bias_lr=290 head_lr=1300 -> blocked
muon_lr=0.0093 muon_momentum=0.6 bias_lr=170 head_lr=800 -> tta_val_acc=0.9331
muon_lr=0.0093 muon_momentum=0.6 bias_lr=170 head_lr=2200 -> tta_val_acc=0.9331
muon_lr=0.0056 muon_momentum=0.6 bias_lr=100 head_lr=1300 -> tta_val_acc=0.9357
muon_lr=0.016 muon_momentum=0.6 bias_lr=100 head_lr=1300 -> tta_val_acc=0.9347
muon_lr=0.0093 muon_momentum=0.6 bias_lr=62 head_lr=1300 -> tta_val_acc=0.9367
muon_lr=0.0093 muon_momentum=0.6 bias_lr=100 head_lr=800 -> tta_val_acc=0.9362
muon_lr=0.0093 muon_momentum=0.6 bias_lr=100 head_lr=2200 -> blocked
muon_lr=0.0056 muon_momentum=0.6 bias_lr=62 head_lr=1300 -> tta_val_acc=0.9370
muon_lr=0.016 muon_momentum=0.6 bias_lr=62 head_lr=1300 -> blocked
muon_lr=0.0093 muon_momentum=0.6 bias_lr=37 head_lr=1300 -> tta_val_acc=0.9365
muon_lr=0.0093 muon_momentum=0.6 bias_lr=62 head_lr=800 -> tta_val_acc=0.9367
muon_lr=0.0093 muon_momentum=0.6 bias_lr=62 head_lr=2200 -> tta_val_acc=0.9368
muon_lr=0.0034 muon_momentum=0.6 bias_lr=62 head_lr=1300 -> tta_val_acc=0.9362
muon_lr=0.0056 muon_momentum=0.6 bias_lr=37 head_lr=1300 -> tta_val_acc=0.9365
muon_lr=0.0056 muon_momentum=0.6 bias_lr=62 head_lr=800 -> tta_val_acc=0.9368
muon_lr=0.0056 muon_momentum=0.6 bias_lr=62 head_lr=2200 -> tta_val_acc=0.9366
main hparams: muon_lr=0.043 muon_momentum=0.6 bias_lr=100 head_lr=800 main=0.9218, best_cooldown=0.9373
muon_lr=0.0093 muon_momentum=0.6 bias_lr=100 head_lr=800 -> tta_val_acc=0.9331
muon_lr=0.0056 muon_momentum=0.6 bias_lr=100 head_lr=800 -> tta_val_acc=0.9338
muon_lr=0.016 muon_momentum=0.6 bias_lr=100 head_lr=800 -> blocked
muon_lr=0.0093 muon_momentum=0.6 bias_lr=62 head_lr=800 -> tta_val_acc=0.9342
muon_lr=0.0093 muon_momentum=0.6 bias_lr=170 head_lr=800 -> blocked
muon_lr=0.0093 muon_momentum=0.6 bias_lr=100 head_lr=480 -> tta_val_acc=0.9332
muon_lr=0.0093 muon_momentum=0.6 bias_lr=100 head_lr=1300 -> blocked
muon_lr=0.0056 muon_momentum=0.6 bias_lr=62 head_lr=800 -> tta_val_acc=0.9345
muon_lr=0.016 muon_momentum=0.6 bias_lr=62 head_lr=800 -> blocked
muon_lr=0.0093 muon_momentum=0.6 bias_lr=37 head_lr=800 -> tta_val_acc=0.9354
muon_lr=0.0093 muon_momentum=0.6 bias_lr=62 head_lr=480 -> tta_val_acc=0.9343
muon_lr=0.0093 muon_momentum=0.6 bias_lr=62 head_lr=1300 -> blocked
muon_lr=0.0056 muon_momentum=0.6 bias_lr=37 head_lr=800 -> tta_val_acc=0.9353
muon_lr=0.016 muon_momentum=0.6 bias_lr=37 head_lr=800 -> tta_val_acc=0.9352
muon_lr=0.0093 muon_momentum=0.6 bias_lr=22 head_lr=800 -> tta_val_acc=0.9355
muon_lr=0.0093 muon_momentum=0.6 bias_lr=37 head_lr=480 -> tta_val_acc=0.9353
muon_lr=0.0093 muon_momentum=0.6 bias_lr=37 head_lr=1300 -> tta_val_acc=0.9353
muon_lr=0.0056 muon_momentum=0.6 bias_lr=22 head_lr=800 -> tta_val_acc=0.9357
muon_lr=0.016 muon_momentum=0.6 bias_lr=22 head_lr=800 -> blocked
muon_lr=0.0093 muon_momentum=0.6 bias_lr=13 head_lr=800 -> tta_val_acc=0.9363
muon_lr=0.0093 muon_momentum=0.6 bias_lr=22 head_lr=480 -> tta_val_acc=0.9352
muon_lr=0.0093 muon_momentum=0.6 bias_lr=22 head_lr=1300 -> tta_val_acc=0.9355
muon_lr=0.0056 muon_momentum=0.6 bias_lr=13 head_lr=800 -> tta_val_acc=0.9359
muon_lr=0.016 muon_momentum=0.6 bias_lr=13 head_lr=800 -> tta_val_acc=0.9360
muon_lr=0.0093 muon_momentum=0.6 bias_lr=8.1 head_lr=800 -> tta_val_acc=0.9373
muon_lr=0.0093 muon_momentum=0.6 bias_lr=13 head_lr=480 -> tta_val_acc=0.9364
muon_lr=0.0093 muon_momentum=0.6 bias_lr=13 head_lr=1300 -> blocked
muon_lr=0.0056 muon_momentum=0.6 bias_lr=8.1 head_lr=800 -> tta_val_acc=0.9362
muon_lr=0.016 muon_momentum=0.6 bias_lr=8.1 head_lr=800 -> tta_val_acc=0.9354
muon_lr=0.0093 muon_momentum=0.6 bias_lr=4.9 head_lr=800 -> tta_val_acc=0.9367
muon_lr=0.0093 muon_momentum=0.6 bias_lr=8.1 head_lr=480 -> tta_val_acc=0.9368
muon_lr=0.0093 muon_momentum=0.6 bias_lr=8.1 head_lr=1300 -> tta_val_acc=0.9371
main hparams: muon_lr=0.043 muon_momentum=0.6 bias_lr=100 head_lr=2200 blocked
main hparams: muon_lr=0.026 muon_momentum=0.6 bias_lr=100 head_lr=800 main=0.9296, best_cooldown=0.9379
muon_lr=0.0093 muon_momentum=0.6 bias_lr=100 head_lr=800 -> tta_val_acc=0.9359
muon_lr=0.0056 muon_momentum=0.6 bias_lr=100 head_lr=800 -> tta_val_acc=0.9350
muon_lr=0.016 muon_momentum=0.6 bias_lr=100 head_lr=800 -> tta_val_acc=0.9344
muon_lr=0.0093 muon_momentum=0.6 bias_lr=62 head_lr=800 -> tta_val_acc=0.9367
muon_lr=0.0093 muon_momentum=0.6 bias_lr=170 head_lr=800 -> blocked
muon_lr=0.0093 muon_momentum=0.6 bias_lr=100 head_lr=480 -> tta_val_acc=0.9356
muon_lr=0.0093 muon_momentum=0.6 bias_lr=100 head_lr=1300 -> tta_val_acc=0.9355
muon_lr=0.0056 muon_momentum=0.6 bias_lr=62 head_lr=800 -> tta_val_acc=0.9373
muon_lr=0.016 muon_momentum=0.6 bias_lr=62 head_lr=800 -> blocked
muon_lr=0.0093 muon_momentum=0.6 bias_lr=37 head_lr=800 -> tta_val_acc=0.9371
muon_lr=0.0093 muon_momentum=0.6 bias_lr=62 head_lr=480 -> tta_val_acc=0.9367
muon_lr=0.0093 muon_momentum=0.6 bias_lr=62 head_lr=1300 -> tta_val_acc=0.9367
muon_lr=0.0034 muon_momentum=0.6 bias_lr=62 head_lr=800 -> tta_val_acc=0.9367
muon_lr=0.0056 muon_momentum=0.6 bias_lr=37 head_lr=800 -> tta_val_acc=0.9378
muon_lr=0.0056 muon_momentum=0.6 bias_lr=62 head_lr=480 -> tta_val_acc=0.9372
muon_lr=0.0056 muon_momentum=0.6 bias_lr=62 head_lr=1300 -> tta_val_acc=0.9368
muon_lr=0.0034 muon_momentum=0.6 bias_lr=37 head_lr=800 -> tta_val_acc=0.9363
muon_lr=0.0056 muon_momentum=0.6 bias_lr=22 head_lr=800 -> tta_val_acc=0.9377
muon_lr=0.0056 muon_momentum=0.6 bias_lr=37 head_lr=480 -> tta_val_acc=0.9379
muon_lr=0.0056 muon_momentum=0.6 bias_lr=37 head_lr=1300 -> blocked
muon_lr=0.0034 muon_momentum=0.6 bias_lr=37 head_lr=480 -> tta_val_acc=0.9368
muon_lr=0.0093 muon_momentum=0.6 bias_lr=37 head_lr=480 -> tta_val_acc=0.9372
muon_lr=0.0056 muon_momentum=0.6 bias_lr=22 head_lr=480 -> tta_val_acc=0.9377
muon_lr=0.0056 muon_momentum=0.6 bias_lr=37 head_lr=290 -> tta_val_acc=0.9379
main hparams: muon_lr=0.043 muon_momentum=0.5 bias_lr=100 head_lr=800 main=0.9220, best_cooldown=0.9368
muon_lr=0.0093 muon_momentum=0.5 bias_lr=100 head_lr=800 -> tta_val_acc=0.9345
muon_lr=0.0056 muon_momentum=0.5 bias_lr=100 head_lr=800 -> tta_val_acc=0.9359
muon_lr=0.016 muon_momentum=0.5 bias_lr=100 head_lr=800 -> blocked
muon_lr=0.0093 muon_momentum=0.5 bias_lr=62 head_lr=800 -> tta_val_acc=0.9351
muon_lr=0.0093 muon_momentum=0.5 bias_lr=170 head_lr=800 -> blocked
muon_lr=0.0093 muon_momentum=0.5 bias_lr=100 head_lr=480 -> tta_val_acc=0.9351
muon_lr=0.0093 muon_momentum=0.5 bias_lr=100 head_lr=1300 -> blocked
muon_lr=0.0034 muon_momentum=0.5 bias_lr=100 head_lr=800 -> tta_val_acc=0.9368
muon_lr=0.0056 muon_momentum=0.5 bias_lr=62 head_lr=800 -> tta_val_acc=0.9365
muon_lr=0.0056 muon_momentum=0.5 bias_lr=170 head_lr=800 -> blocked
muon_lr=0.0056 muon_momentum=0.5 bias_lr=100 head_lr=480 -> tta_val_acc=0.9353
muon_lr=0.0056 muon_momentum=0.5 bias_lr=100 head_lr=1300 -> tta_val_acc=0.9354
muon_lr=0.002 muon_momentum=0.5 bias_lr=100 head_lr=800 -> tta_val_acc=0.9353
muon_lr=0.0034 muon_momentum=0.5 bias_lr=62 head_lr=800 -> tta_val_acc=0.9361
muon_lr=0.0034 muon_momentum=0.5 bias_lr=170 head_lr=800 -> tta_val_acc=0.9346
muon_lr=0.0034 muon_momentum=0.5 bias_lr=100 head_lr=480 -> tta_val_acc=0.9365
muon_lr=0.0034 muon_momentum=0.5 bias_lr=100 head_lr=1300 -> tta_val_acc=0.9366
main hparams: muon_lr=0.043 muon_momentum=0.7 bias_lr=100 head_lr=800 main=0.9209, best_cooldown=0.9368
muon_lr=0.0093 muon_momentum=0.7 bias_lr=100 head_lr=800 -> tta_val_acc=0.9335
muon_lr=0.0056 muon_momentum=0.7 bias_lr=100 head_lr=800 -> tta_val_acc=0.9345
muon_lr=0.016 muon_momentum=0.7 bias_lr=100 head_lr=800 -> blocked
muon_lr=0.0093 muon_momentum=0.7 bias_lr=62 head_lr=800 -> tta_val_acc=0.9350
muon_lr=0.0093 muon_momentum=0.7 bias_lr=170 head_lr=800 -> blocked
muon_lr=0.0093 muon_momentum=0.7 bias_lr=100 head_lr=480 -> tta_val_acc=0.9338
muon_lr=0.0093 muon_momentum=0.7 bias_lr=100 head_lr=1300 -> blocked
muon_lr=0.0056 muon_momentum=0.7 bias_lr=62 head_lr=800 -> tta_val_acc=0.9350
muon_lr=0.016 muon_momentum=0.7 bias_lr=62 head_lr=800 -> tta_val_acc=0.9349
muon_lr=0.0093 muon_momentum=0.7 bias_lr=37 head_lr=800 -> tta_val_acc=0.9355
muon_lr=0.0093 muon_momentum=0.7 bias_lr=62 head_lr=480 -> tta_val_acc=0.9347
muon_lr=0.0093 muon_momentum=0.7 bias_lr=62 head_lr=1300 -> tta_val_acc=0.9348
muon_lr=0.0056 muon_momentum=0.7 bias_lr=37 head_lr=800 -> tta_val_acc=0.9357
muon_lr=0.016 muon_momentum=0.7 bias_lr=37 head_lr=800 -> blocked
muon_lr=0.0093 muon_momentum=0.7 bias_lr=22 head_lr=800 -> tta_val_acc=0.9366
muon_lr=0.0093 muon_momentum=0.7 bias_lr=37 head_lr=480 -> tta_val_acc=0.9353
muon_lr=0.0093 muon_momentum=0.7 bias_lr=37 head_lr=1300 -> tta_val_acc=0.9356
muon_lr=0.0056 muon_momentum=0.7 bias_lr=22 head_lr=800 -> tta_val_acc=0.9367
muon_lr=0.016 muon_momentum=0.7 bias_lr=22 head_lr=800 -> blocked
muon_lr=0.0093 muon_momentum=0.7 bias_lr=13 head_lr=800 -> tta_val_acc=0.9367
muon_lr=0.0093 muon_momentum=0.7 bias_lr=22 head_lr=480 -> tta_val_acc=0.9366
muon_lr=0.0093 muon_momentum=0.7 bias_lr=22 head_lr=1300 -> tta_val_acc=0.9366
muon_lr=0.0034 muon_momentum=0.7 bias_lr=22 head_lr=800 -> tta_val_acc=0.9352
muon_lr=0.0056 muon_momentum=0.7 bias_lr=13 head_lr=800 -> tta_val_acc=0.9366
muon_lr=0.0056 muon_momentum=0.7 bias_lr=22 head_lr=480 -> tta_val_acc=0.9368
muon_lr=0.0056 muon_momentum=0.7 bias_lr=22 head_lr=1300 -> blocked
muon_lr=0.0034 muon_momentum=0.7 bias_lr=22 head_lr=480 -> tta_val_acc=0.9357
muon_lr=0.0056 muon_momentum=0.7 bias_lr=13 head_lr=480 -> tta_val_acc=0.9366
muon_lr=0.0056 muon_momentum=0.7 bias_lr=37 head_lr=480 -> tta_val_acc=0.9359
muon_lr=0.0056 muon_momentum=0.7 bias_lr=22 head_lr=290 -> tta_val_acc=0.9366
main hparams: muon_lr=0.043 muon_momentum=0.6 bias_lr=62 head_lr=800 main=0.9231, best_cooldown=0.9368
muon_lr=0.0093 muon_momentum=0.6 bias_lr=62 head_lr=800 -> tta_val_acc=0.9358
muon_lr=0.0056 muon_momentum=0.6 bias_lr=62 head_lr=800 -> tta_val_acc=0.9357
muon_lr=0.016 muon_momentum=0.6 bias_lr=62 head_lr=800 -> tta_val_acc=0.9339
muon_lr=0.0093 muon_momentum=0.6 bias_lr=37 head_lr=800 -> tta_val_acc=0.9360
muon_lr=0.0093 muon_momentum=0.6 bias_lr=100 head_lr=800 -> blocked
muon_lr=0.0093 muon_momentum=0.6 bias_lr=62 head_lr=480 -> tta_val_acc=0.9356
muon_lr=0.0093 muon_momentum=0.6 bias_lr=62 head_lr=1300 -> tta_val_acc=0.9356
muon_lr=0.0056 muon_momentum=0.6 bias_lr=37 head_lr=800 -> tta_val_acc=0.9368
muon_lr=0.016 muon_momentum=0.6 bias_lr=37 head_lr=800 -> blocked
muon_lr=0.0093 muon_momentum=0.6 bias_lr=22 head_lr=800 -> tta_val_acc=0.9368
muon_lr=0.0093 muon_momentum=0.6 bias_lr=37 head_lr=480 -> tta_val_acc=0.9365
muon_lr=0.0093 muon_momentum=0.6 bias_lr=37 head_lr=1300 -> blocked
muon_lr=0.0034 muon_momentum=0.6 bias_lr=37 head_lr=800 -> tta_val_acc=0.9351
muon_lr=0.0056 muon_momentum=0.6 bias_lr=22 head_lr=800 -> tta_val_acc=0.9367
muon_lr=0.0056 muon_momentum=0.6 bias_lr=37 head_lr=480 -> tta_val_acc=0.9368
muon_lr=0.0056 muon_momentum=0.6 bias_lr=37 head_lr=1300 -> tta_val_acc=0.9365
main hparams: muon_lr=0.043 muon_momentum=0.6 bias_lr=170 head_lr=800 main=0.9184, best_cooldown=0.9377
muon_lr=0.0093 muon_momentum=0.6 bias_lr=170 head_lr=800 -> tta_val_acc=0.9323
muon_lr=0.0056 muon_momentum=0.6 bias_lr=170 head_lr=800 -> tta_val_acc=0.9325
muon_lr=0.016 muon_momentum=0.6 bias_lr=170 head_lr=800 -> blocked
muon_lr=0.0093 muon_momentum=0.6 bias_lr=100 head_lr=800 -> tta_val_acc=0.9354
muon_lr=0.0093 muon_momentum=0.6 bias_lr=290 head_lr=800 -> blocked
muon_lr=0.0093 muon_momentum=0.6 bias_lr=170 head_lr=480 -> tta_val_acc=0.9324
muon_lr=0.0093 muon_momentum=0.6 bias_lr=170 head_lr=1300 -> blocked
muon_lr=0.0056 muon_momentum=0.6 bias_lr=100 head_lr=800 -> tta_val_acc=0.9354
muon_lr=0.016 muon_momentum=0.6 bias_lr=100 head_lr=800 -> tta_val_acc=0.9337
muon_lr=0.0093 muon_momentum=0.6 bias_lr=62 head_lr=800 -> tta_val_acc=0.9371
muon_lr=0.0093 muon_momentum=0.6 bias_lr=100 head_lr=480 -> tta_val_acc=0.9353
muon_lr=0.0093 muon_momentum=0.6 bias_lr=100 head_lr=1300 -> tta_val_acc=0.9353
muon_lr=0.0056 muon_momentum=0.6 bias_lr=62 head_lr=800 -> tta_val_acc=0.9354
muon_lr=0.016 muon_momentum=0.6 bias_lr=62 head_lr=800 -> tta_val_acc=0.9351
muon_lr=0.0093 muon_momentum=0.6 bias_lr=37 head_lr=800 -> tta_val_acc=0.9369
muon_lr=0.0093 muon_momentum=0.6 bias_lr=62 head_lr=480 -> tta_val_acc=0.9377
muon_lr=0.0093 muon_momentum=0.6 bias_lr=62 head_lr=1300 -> blocked
muon_lr=0.0056 muon_momentum=0.6 bias_lr=62 head_lr=480 -> tta_val_acc=0.9354
muon_lr=0.016 muon_momentum=0.6 bias_lr=62 head_lr=480 -> tta_val_acc=0.9351
muon_lr=0.0093 muon_momentum=0.6 bias_lr=37 head_lr=480 -> tta_val_acc=0.9369
muon_lr=0.0093 muon_momentum=0.6 bias_lr=62 head_lr=290 -> tta_val_acc=0.9367
main hparams: muon_lr=0.043 muon_momentum=0.6 bias_lr=100 head_lr=480 main=0.9225, best_cooldown=0.9356
muon_lr=0.0093 muon_momentum=0.6 bias_lr=100 head_lr=480 -> tta_val_acc=0.9338
muon_lr=0.0056 muon_momentum=0.6 bias_lr=100 head_lr=480 -> tta_val_acc=0.9338
muon_lr=0.016 muon_momentum=0.6 bias_lr=100 head_lr=480 -> tta_val_acc=0.9328
muon_lr=0.0093 muon_momentum=0.6 bias_lr=62 head_lr=480 -> tta_val_acc=0.9343
muon_lr=0.0093 muon_momentum=0.6 bias_lr=170 head_lr=480 -> blocked
muon_lr=0.0093 muon_momentum=0.6 bias_lr=100 head_lr=290 -> tta_val_acc=0.9335
muon_lr=0.0093 muon_momentum=0.6 bias_lr=100 head_lr=800 -> tta_val_acc=0.9334
muon_lr=0.0056 muon_momentum=0.6 bias_lr=62 head_lr=480 -> tta_val_acc=0.9343
muon_lr=0.016 muon_momentum=0.6 bias_lr=62 head_lr=480 -> tta_val_acc=0.9338
muon_lr=0.0093 muon_momentum=0.6 bias_lr=37 head_lr=480 -> tta_val_acc=0.9353
muon_lr=0.0093 muon_momentum=0.6 bias_lr=62 head_lr=290 -> tta_val_acc=0.9346
muon_lr=0.0093 muon_momentum=0.6 bias_lr=62 head_lr=800 -> blocked
muon_lr=0.0056 muon_momentum=0.6 bias_lr=37 head_lr=480 -> tta_val_acc=0.9352
muon_lr=0.016 muon_momentum=0.6 bias_lr=37 head_lr=480 -> tta_val_acc=0.9349
muon_lr=0.0093 muon_momentum=0.6 bias_lr=22 head_lr=480 -> tta_val_acc=0.9355
muon_lr=0.0093 muon_momentum=0.6 bias_lr=37 head_lr=290 -> tta_val_acc=0.9351
muon_lr=0.0093 muon_momentum=0.6 bias_lr=37 head_lr=800 -> tta_val_acc=0.9356
muon_lr=0.0056 muon_momentum=0.6 bias_lr=37 head_lr=800 -> tta_val_acc=0.9353
muon_lr=0.016 muon_momentum=0.6 bias_lr=37 head_lr=800 -> tta_val_acc=0.9350
muon_lr=0.0093 muon_momentum=0.6 bias_lr=22 head_lr=800 -> tta_val_acc=0.9346
muon_lr=0.0093 muon_momentum=0.6 bias_lr=37 head_lr=1300 -> tta_val_acc=0.9354
main hparams: muon_lr=0.016 muon_momentum=0.6 bias_lr=100 head_lr=800 main=0.9296, best_cooldown=0.9356
muon_lr=0.0056 muon_momentum=0.6 bias_lr=100 head_lr=800 -> tta_val_acc=0.9336
muon_lr=0.0034 muon_momentum=0.6 bias_lr=100 head_lr=800 -> tta_val_acc=0.9329
muon_lr=0.0093 muon_momentum=0.6 bias_lr=100 head_lr=800 -> tta_val_acc=0.9356
muon_lr=0.0056 muon_momentum=0.6 bias_lr=62 head_lr=800 -> tta_val_acc=0.9348
muon_lr=0.0056 muon_momentum=0.6 bias_lr=170 head_lr=800 -> blocked
muon_lr=0.0056 muon_momentum=0.6 bias_lr=100 head_lr=480 -> tta_val_acc=0.9338
muon_lr=0.0056 muon_momentum=0.6 bias_lr=100 head_lr=1300 -> blocked
muon_lr=0.016 muon_momentum=0.6 bias_lr=100 head_lr=800 -> tta_val_acc=0.9334
muon_lr=0.0093 muon_momentum=0.6 bias_lr=62 head_lr=800 -> tta_val_acc=0.9353
muon_lr=0.0093 muon_momentum=0.6 bias_lr=170 head_lr=800 -> tta_val_acc=0.9345
muon_lr=0.0093 muon_momentum=0.6 bias_lr=100 head_lr=480 -> tta_val_acc=0.9352
muon_lr=0.0093 muon_momentum=0.6 bias_lr=100 head_lr=1300 -> tta_val_acc=0.9348
main hparams: muon_lr=0.026 muon_momentum=0.5 bias_lr=100 head_lr=800 main=0.9284, best_cooldown=0.9364
muon_lr=0.0056 muon_momentum=0.5 bias_lr=100 head_lr=800 -> tta_val_acc=0.9355
muon_lr=0.0034 muon_momentum=0.5 bias_lr=100 head_lr=800 -> tta_val_acc=0.9348
muon_lr=0.0093 muon_momentum=0.5 bias_lr=100 head_lr=800 -> tta_val_acc=0.9355
muon_lr=0.0056 muon_momentum=0.5 bias_lr=62 head_lr=800 -> tta_val_acc=0.9364
muon_lr=0.0056 muon_momentum=0.5 bias_lr=170 head_lr=800 -> blocked
muon_lr=0.0056 muon_momentum=0.5 bias_lr=100 head_lr=480 -> tta_val_acc=0.9353
muon_lr=0.0056 muon_momentum=0.5 bias_lr=100 head_lr=1300 -> tta_val_acc=0.9352
muon_lr=0.0034 muon_momentum=0.5 bias_lr=62 head_lr=800 -> tta_val_acc=0.9357
muon_lr=0.0093 muon_momentum=0.5 bias_lr=62 head_lr=800 -> tta_val_acc=0.9363
muon_lr=0.0056 muon_momentum=0.5 bias_lr=37 head_lr=800 -> tta_val_acc=0.9362
muon_lr=0.0056 muon_momentum=0.5 bias_lr=62 head_lr=480 -> tta_val_acc=0.9361
muon_lr=0.0056 muon_momentum=0.5 bias_lr=62 head_lr=1300 -> tta_val_acc=0.9361
main hparams: muon_lr=0.026 muon_momentum=0.7 bias_lr=100 head_lr=800 main=0.9281, best_cooldown=0.9388
muon_lr=0.0056 muon_momentum=0.7 bias_lr=100 head_lr=800 -> tta_val_acc=0.9352
muon_lr=0.0034 muon_momentum=0.7 bias_lr=100 head_lr=800 -> tta_val_acc=0.9356
muon_lr=0.0093 muon_momentum=0.7 bias_lr=100 head_lr=800 -> blocked
muon_lr=0.0056 muon_momentum=0.7 bias_lr=62 head_lr=800 -> tta_val_acc=0.9371
muon_lr=0.0056 muon_momentum=0.7 bias_lr=170 head_lr=800 -> blocked
muon_lr=0.0056 muon_momentum=0.7 bias_lr=100 head_lr=480 -> tta_val_acc=0.9353
muon_lr=0.0056 muon_momentum=0.7 bias_lr=100 head_lr=1300 -> blocked
muon_lr=0.0034 muon_momentum=0.7 bias_lr=62 head_lr=800 -> tta_val_acc=0.9365
muon_lr=0.0093 muon_momentum=0.7 bias_lr=62 head_lr=800 -> tta_val_acc=0.9365
muon_lr=0.0056 muon_momentum=0.7 bias_lr=37 head_lr=800 -> tta_val_acc=0.9372
muon_lr=0.0056 muon_momentum=0.7 bias_lr=62 head_lr=480 -> tta_val_acc=0.9373
muon_lr=0.0056 muon_momentum=0.7 bias_lr=62 head_lr=1300 -> blocked
muon_lr=0.0034 muon_momentum=0.7 bias_lr=62 head_lr=480 -> tta_val_acc=0.9367
muon_lr=0.0093 muon_momentum=0.7 bias_lr=62 head_lr=480 -> tta_val_acc=0.9368
muon_lr=0.0056 muon_momentum=0.7 bias_lr=37 head_lr=480 -> tta_val_acc=0.9374
muon_lr=0.0056 muon_momentum=0.7 bias_lr=62 head_lr=290 -> tta_val_acc=0.9371
muon_lr=0.0034 muon_momentum=0.7 bias_lr=37 head_lr=480 -> tta_val_acc=0.9371
muon_lr=0.0093 muon_momentum=0.7 bias_lr=37 head_lr=480 -> tta_val_acc=0.9377
muon_lr=0.0056 muon_momentum=0.7 bias_lr=22 head_lr=480 -> tta_val_acc=0.9383
muon_lr=0.0056 muon_momentum=0.7 bias_lr=37 head_lr=290 -> tta_val_acc=0.9375
muon_lr=0.0034 muon_momentum=0.7 bias_lr=22 head_lr=480 -> tta_val_acc=0.9374
muon_lr=0.0093 muon_momentum=0.7 bias_lr=22 head_lr=480 -> tta_val_acc=0.9377
muon_lr=0.0056 muon_momentum=0.7 bias_lr=13 head_lr=480 -> tta_val_acc=0.9385
muon_lr=0.0056 muon_momentum=0.7 bias_lr=22 head_lr=290 -> tta_val_acc=0.9383
muon_lr=0.0056 muon_momentum=0.7 bias_lr=22 head_lr=800 -> tta_val_acc=0.9380
muon_lr=0.0034 muon_momentum=0.7 bias_lr=13 head_lr=480 -> tta_val_acc=0.9375
muon_lr=0.0093 muon_momentum=0.7 bias_lr=13 head_lr=480 -> tta_val_acc=0.9377
muon_lr=0.0056 muon_momentum=0.7 bias_lr=8.1 head_lr=480 -> tta_val_acc=0.9382
muon_lr=0.0056 muon_momentum=0.7 bias_lr=13 head_lr=290 -> tta_val_acc=0.9381
muon_lr=0.0056 muon_momentum=0.7 bias_lr=13 head_lr=800 -> tta_val_acc=0.9388
muon_lr=0.0034 muon_momentum=0.7 bias_lr=13 head_lr=800 -> tta_val_acc=0.9374
muon_lr=0.0093 muon_momentum=0.7 bias_lr=13 head_lr=800 -> tta_val_acc=0.9376
muon_lr=0.0056 muon_momentum=0.7 bias_lr=8.1 head_lr=800 -> tta_val_acc=0.9382
muon_lr=0.0056 muon_momentum=0.7 bias_lr=13 head_lr=1300 -> tta_val_acc=0.9388
muon_lr=0.0034 muon_momentum=0.7 bias_lr=13 head_lr=1300 -> tta_val_acc=0.9375
muon_lr=0.0093 muon_momentum=0.7 bias_lr=13 head_lr=1300 -> tta_val_acc=0.9379
muon_lr=0.0056 muon_momentum=0.7 bias_lr=8.1 head_lr=1300 -> tta_val_acc=0.9381
muon_lr=0.0056 muon_momentum=0.7 bias_lr=22 head_lr=1300 -> tta_val_acc=0.9382
muon_lr=0.0056 muon_momentum=0.7 bias_lr=13 head_lr=2200 -> tta_val_acc=0.9382
main hparams: muon_lr=0.026 muon_momentum=0.6 bias_lr=62 head_lr=800 main=0.9302, best_cooldown=0.9374
muon_lr=0.0056 muon_momentum=0.6 bias_lr=62 head_lr=800 -> tta_val_acc=0.9363
muon_lr=0.0034 muon_momentum=0.6 bias_lr=62 head_lr=800 -> tta_val_acc=0.9353
muon_lr=0.0093 muon_momentum=0.6 bias_lr=62 head_lr=800 -> tta_val_acc=0.9368
muon_lr=0.0056 muon_momentum=0.6 bias_lr=37 head_lr=800 -> tta_val_acc=0.9362
muon_lr=0.0056 muon_momentum=0.6 bias_lr=100 head_lr=800 -> tta_val_acc=0.9348
muon_lr=0.0056 muon_momentum=0.6 bias_lr=62 head_lr=480 -> tta_val_acc=0.9364
muon_lr=0.0056 muon_momentum=0.6 bias_lr=62 head_lr=1300 -> blocked
muon_lr=0.016 muon_momentum=0.6 bias_lr=62 head_lr=800 -> tta_val_acc=0.9353
muon_lr=0.0093 muon_momentum=0.6 bias_lr=37 head_lr=800 -> tta_val_acc=0.9366
muon_lr=0.0093 muon_momentum=0.6 bias_lr=100 head_lr=800 -> tta_val_acc=0.9351
muon_lr=0.0093 muon_momentum=0.6 bias_lr=62 head_lr=480 -> tta_val_acc=0.9368
muon_lr=0.0093 muon_momentum=0.6 bias_lr=62 head_lr=1300 -> tta_val_acc=0.9374
muon_lr=0.016 muon_momentum=0.6 bias_lr=62 head_lr=1300 -> tta_val_acc=0.9355
muon_lr=0.0093 muon_momentum=0.6 bias_lr=37 head_lr=1300 -> tta_val_acc=0.9365
muon_lr=0.0093 muon_momentum=0.6 bias_lr=100 head_lr=1300 -> tta_val_acc=0.9347
muon_lr=0.0093 muon_momentum=0.6 bias_lr=62 head_lr=2200 -> tta_val_acc=0.9373
main hparams: muon_lr=0.026 muon_momentum=0.6 bias_lr=170 head_lr=800 main=0.9254, best_cooldown=0.9384
muon_lr=0.0056 muon_momentum=0.6 bias_lr=170 head_lr=800 -> tta_val_acc=0.9344
muon_lr=0.0034 muon_momentum=0.6 bias_lr=170 head_lr=800 -> tta_val_acc=0.9342
muon_lr=0.0093 muon_momentum=0.6 bias_lr=170 head_lr=800 -> tta_val_acc=0.9328
muon_lr=0.0056 muon_momentum=0.6 bias_lr=100 head_lr=800 -> tta_val_acc=0.9358
muon_lr=0.0056 muon_momentum=0.6 bias_lr=290 head_lr=800 -> blocked
muon_lr=0.0056 muon_momentum=0.6 bias_lr=170 head_lr=480 -> tta_val_acc=0.9348
muon_lr=0.0056 muon_momentum=0.6 bias_lr=170 head_lr=1300 -> blocked
muon_lr=0.0034 muon_momentum=0.6 bias_lr=100 head_lr=800 -> tta_val_acc=0.9354
muon_lr=0.0093 muon_momentum=0.6 bias_lr=100 head_lr=800 -> tta_val_acc=0.9356
muon_lr=0.0056 muon_momentum=0.6 bias_lr=62 head_lr=800 -> tta_val_acc=0.9364
muon_lr=0.0056 muon_momentum=0.6 bias_lr=100 head_lr=480 -> tta_val_acc=0.9361
muon_lr=0.0056 muon_momentum=0.6 bias_lr=100 head_lr=1300 -> blocked
muon_lr=0.0034 muon_momentum=0.6 bias_lr=62 head_lr=800 -> tta_val_acc=0.9362
muon_lr=0.0093 muon_momentum=0.6 bias_lr=62 head_lr=800 -> tta_val_acc=0.9368
muon_lr=0.0056 muon_momentum=0.6 bias_lr=37 head_lr=800 -> tta_val_acc=0.9381
muon_lr=0.0056 muon_momentum=0.6 bias_lr=62 head_lr=480 -> tta_val_acc=0.9364
muon_lr=0.0056 muon_momentum=0.6 bias_lr=62 head_lr=1300 -> tta_val_acc=0.9364
muon_lr=0.0034 muon_momentum=0.6 bias_lr=37 head_lr=800 -> tta_val_acc=0.9373
muon_lr=0.0093 muon_momentum=0.6 bias_lr=37 head_lr=800 -> tta_val_acc=0.9372
muon_lr=0.0056 muon_momentum=0.6 bias_lr=22 head_lr=800 -> tta_val_acc=0.9382
muon_lr=0.0056 muon_momentum=0.6 bias_lr=37 head_lr=480 -> tta_val_acc=0.9377
muon_lr=0.0056 muon_momentum=0.6 bias_lr=37 head_lr=1300 -> tta_val_acc=0.9384
muon_lr=0.0034 muon_momentum=0.6 bias_lr=37 head_lr=1300 -> tta_val_acc=0.9370
muon_lr=0.0093 muon_momentum=0.6 bias_lr=37 head_lr=1300 -> tta_val_acc=0.9368
muon_lr=0.0056 muon_momentum=0.6 bias_lr=22 head_lr=1300 -> tta_val_acc=0.9384
muon_lr=0.0056 muon_momentum=0.6 bias_lr=37 head_lr=2200 -> tta_val_acc=0.9381
main hparams: muon_lr=0.026 muon_momentum=0.6 bias_lr=100 head_lr=480 main=0.9293, best_cooldown=0.9375
muon_lr=0.0056 muon_momentum=0.6 bias_lr=100 head_lr=480 -> tta_val_acc=0.9347
muon_lr=0.0034 muon_momentum=0.6 bias_lr=100 head_lr=480 -> tta_val_acc=0.9344
muon_lr=0.0093 muon_momentum=0.6 bias_lr=100 head_lr=480 -> tta_val_acc=0.9352
muon_lr=0.0056 muon_momentum=0.6 bias_lr=62 head_lr=480 -> tta_val_acc=0.9362
muon_lr=0.0056 muon_momentum=0.6 bias_lr=170 head_lr=480 -> blocked
muon_lr=0.0056 muon_momentum=0.6 bias_lr=100 head_lr=290 -> tta_val_acc=0.9349
muon_lr=0.0056 muon_momentum=0.6 bias_lr=100 head_lr=800 -> blocked
muon_lr=0.0034 muon_momentum=0.6 bias_lr=62 head_lr=480 -> tta_val_acc=0.9351
muon_lr=0.0093 muon_momentum=0.6 bias_lr=62 head_lr=480 -> tta_val_acc=0.9365
muon_lr=0.0056 muon_momentum=0.6 bias_lr=37 head_lr=480 -> tta_val_acc=0.9366
muon_lr=0.0056 muon_momentum=0.6 bias_lr=62 head_lr=290 -> tta_val_acc=0.9362
muon_lr=0.0056 muon_momentum=0.6 bias_lr=62 head_lr=800 -> tta_val_acc=0.9359
muon_lr=0.0034 muon_momentum=0.6 bias_lr=37 head_lr=480 -> tta_val_acc=0.9358
muon_lr=0.0093 muon_momentum=0.6 bias_lr=37 head_lr=480 -> tta_val_acc=0.9366
muon_lr=0.0056 muon_momentum=0.6 bias_lr=22 head_lr=480 -> tta_val_acc=0.9366
muon_lr=0.0056 muon_momentum=0.6 bias_lr=37 head_lr=290 -> tta_val_acc=0.9364
muon_lr=0.0056 muon_momentum=0.6 bias_lr=37 head_lr=800 -> tta_val_acc=0.9367
muon_lr=0.0034 muon_momentum=0.6 bias_lr=37 head_lr=800 -> tta_val_acc=0.9359
muon_lr=0.0093 muon_momentum=0.6 bias_lr=37 head_lr=800 -> tta_val_acc=0.9369
muon_lr=0.0056 muon_momentum=0.6 bias_lr=22 head_lr=800 -> tta_val_acc=0.9375
muon_lr=0.0056 muon_momentum=0.6 bias_lr=37 head_lr=1300 -> tta_val_acc=0.9367
muon_lr=0.0034 muon_momentum=0.6 bias_lr=22 head_lr=800 -> tta_val_acc=0.9367
muon_lr=0.0093 muon_momentum=0.6 bias_lr=22 head_lr=800 -> tta_val_acc=0.9366
muon_lr=0.0056 muon_momentum=0.6 bias_lr=13 head_lr=800 -> tta_val_acc=0.9373
muon_lr=0.0056 muon_momentum=0.6 bias_lr=22 head_lr=1300 -> tta_val_acc=0.9371
main hparams: muon_lr=0.016 muon_momentum=0.7 bias_lr=100 head_lr=800 main=0.9298, best_cooldown=0.9371
muon_lr=0.0056 muon_momentum=0.7 bias_lr=100 head_lr=800 -> tta_val_acc=0.9343
muon_lr=0.0034 muon_momentum=0.7 bias_lr=100 head_lr=800 -> tta_val_acc=0.9329
muon_lr=0.0093 muon_momentum=0.7 bias_lr=100 head_lr=800 -> tta_val_acc=0.9350
muon_lr=0.0056 muon_momentum=0.7 bias_lr=62 head_lr=800 -> tta_val_acc=0.9355
muon_lr=0.0056 muon_momentum=0.7 bias_lr=170 head_lr=800 -> blocked
muon_lr=0.0056 muon_momentum=0.7 bias_lr=100 head_lr=480 -> tta_val_acc=0.9341
muon_lr=0.0056 muon_momentum=0.7 bias_lr=100 head_lr=1300 -> tta_val_acc=0.9346
muon_lr=0.0034 muon_momentum=0.7 bias_lr=62 head_lr=800 -> tta_val_acc=0.9352
muon_lr=0.0093 muon_momentum=0.7 bias_lr=62 head_lr=800 -> tta_val_acc=0.9361
muon_lr=0.0056 muon_momentum=0.7 bias_lr=37 head_lr=800 -> tta_val_acc=0.9360
muon_lr=0.0056 muon_momentum=0.7 bias_lr=62 head_lr=480 -> tta_val_acc=0.9355
muon_lr=0.0056 muon_momentum=0.7 bias_lr=62 head_lr=1300 -> tta_val_acc=0.9358
muon_lr=0.016 muon_momentum=0.7 bias_lr=62 head_lr=800 -> tta_val_acc=0.9346
muon_lr=0.0093 muon_momentum=0.7 bias_lr=37 head_lr=800 -> tta_val_acc=0.9363
muon_lr=0.0093 muon_momentum=0.7 bias_lr=62 head_lr=480 -> tta_val_acc=0.9359
muon_lr=0.0093 muon_momentum=0.7 bias_lr=62 head_lr=1300 -> tta_val_acc=0.9361
muon_lr=0.016 muon_momentum=0.7 bias_lr=37 head_lr=800 -> tta_val_acc=0.9359
muon_lr=0.0093 muon_momentum=0.7 bias_lr=22 head_lr=800 -> tta_val_acc=0.9367
muon_lr=0.0093 muon_momentum=0.7 bias_lr=37 head_lr=480 -> tta_val_acc=0.9362
muon_lr=0.0093 muon_momentum=0.7 bias_lr=37 head_lr=1300 -> tta_val_acc=0.9359
muon_lr=0.0056 muon_momentum=0.7 bias_lr=22 head_lr=800 -> tta_val_acc=0.9367
muon_lr=0.016 muon_momentum=0.7 bias_lr=22 head_lr=800 -> tta_val_acc=0.9362
muon_lr=0.0093 muon_momentum=0.7 bias_lr=13 head_lr=800 -> tta_val_acc=0.9368
muon_lr=0.0093 muon_momentum=0.7 bias_lr=22 head_lr=480 -> tta_val_acc=0.9365
muon_lr=0.0093 muon_momentum=0.7 bias_lr=22 head_lr=1300 -> tta_val_acc=0.9364
muon_lr=0.0056 muon_momentum=0.7 bias_lr=13 head_lr=800 -> tta_val_acc=0.9364
muon_lr=0.016 muon_momentum=0.7 bias_lr=13 head_lr=800 -> tta_val_acc=0.9357
muon_lr=0.0093 muon_momentum=0.7 bias_lr=8.1 head_lr=800 -> tta_val_acc=0.9370
muon_lr=0.0093 muon_momentum=0.7 bias_lr=13 head_lr=480 -> tta_val_acc=0.9369
muon_lr=0.0093 muon_momentum=0.7 bias_lr=13 head_lr=1300 -> blocked
muon_lr=0.0056 muon_momentum=0.7 bias_lr=8.1 head_lr=800 -> tta_val_acc=0.9362
muon_lr=0.016 muon_momentum=0.7 bias_lr=8.1 head_lr=800 -> tta_val_acc=0.9356
muon_lr=0.0093 muon_momentum=0.7 bias_lr=4.9 head_lr=800 -> tta_val_acc=0.9365
muon_lr=0.0093 muon_momentum=0.7 bias_lr=8.1 head_lr=480 -> tta_val_acc=0.9366
muon_lr=0.0093 muon_momentum=0.7 bias_lr=8.1 head_lr=1300 -> tta_val_acc=0.9371
muon_lr=0.0056 muon_momentum=0.7 bias_lr=8.1 head_lr=1300 -> tta_val_acc=0.9364
muon_lr=0.016 muon_momentum=0.7 bias_lr=8.1 head_lr=1300 -> tta_val_acc=0.9357
muon_lr=0.0093 muon_momentum=0.7 bias_lr=4.9 head_lr=1300 -> tta_val_acc=0.9368
muon_lr=0.0093 muon_momentum=0.7 bias_lr=8.1 head_lr=2200 -> tta_val_acc=0.9365
main hparams: muon_lr=0.026 muon_momentum=0.8 bias_lr=100 head_lr=800 main=0.9256, best_cooldown=0.9382
muon_lr=0.0056 muon_momentum=0.8 bias_lr=100 head_lr=800 -> tta_val_acc=0.9363
muon_lr=0.0034 muon_momentum=0.8 bias_lr=100 head_lr=800 -> tta_val_acc=0.9363
muon_lr=0.0093 muon_momentum=0.8 bias_lr=100 head_lr=800 -> tta_val_acc=0.9355
muon_lr=0.0056 muon_momentum=0.8 bias_lr=62 head_lr=800 -> tta_val_acc=0.9370
muon_lr=0.0056 muon_momentum=0.8 bias_lr=170 head_lr=800 -> blocked
muon_lr=0.0056 muon_momentum=0.8 bias_lr=100 head_lr=480 -> tta_val_acc=0.9365
muon_lr=0.0056 muon_momentum=0.8 bias_lr=100 head_lr=1300 -> blocked
muon_lr=0.0034 muon_momentum=0.8 bias_lr=62 head_lr=800 -> tta_val_acc=0.9371
muon_lr=0.0093 muon_momentum=0.8 bias_lr=62 head_lr=800 -> blocked
muon_lr=0.0056 muon_momentum=0.8 bias_lr=37 head_lr=800 -> tta_val_acc=0.9373
muon_lr=0.0056 muon_momentum=0.8 bias_lr=62 head_lr=480 -> tta_val_acc=0.9372
muon_lr=0.0056 muon_momentum=0.8 bias_lr=62 head_lr=1300 -> blocked
muon_lr=0.0034 muon_momentum=0.8 bias_lr=37 head_lr=800 -> tta_val_acc=0.9370
muon_lr=0.0093 muon_momentum=0.8 bias_lr=37 head_lr=800 -> tta_val_acc=0.9375
muon_lr=0.0056 muon_momentum=0.8 bias_lr=22 head_lr=800 -> tta_val_acc=0.9376
muon_lr=0.0056 muon_momentum=0.8 bias_lr=37 head_lr=480 -> tta_val_acc=0.9373
muon_lr=0.0056 muon_momentum=0.8 bias_lr=37 head_lr=1300 -> tta_val_acc=0.9378
muon_lr=0.0034 muon_momentum=0.8 bias_lr=37 head_lr=1300 -> tta_val_acc=0.9368
muon_lr=0.0093 muon_momentum=0.8 bias_lr=37 head_lr=1300 -> tta_val_acc=0.9372
muon_lr=0.0056 muon_momentum=0.8 bias_lr=22 head_lr=1300 -> tta_val_acc=0.9379
muon_lr=0.0056 muon_momentum=0.8 bias_lr=37 head_lr=2200 -> tta_val_acc=0.9378
muon_lr=0.0034 muon_momentum=0.8 bias_lr=22 head_lr=1300 -> tta_val_acc=0.9363
muon_lr=0.0093 muon_momentum=0.8 bias_lr=22 head_lr=1300 -> tta_val_acc=0.9380
muon_lr=0.0056 muon_momentum=0.8 bias_lr=13 head_lr=1300 -> tta_val_acc=0.9379
muon_lr=0.0056 muon_momentum=0.8 bias_lr=22 head_lr=2200 -> tta_val_acc=0.9379
muon_lr=0.016 muon_momentum=0.8 bias_lr=22 head_lr=1300 -> tta_val_acc=0.9348
muon_lr=0.0093 muon_momentum=0.8 bias_lr=13 head_lr=1300 -> tta_val_acc=0.9380
muon_lr=0.0093 muon_momentum=0.8 bias_lr=22 head_lr=800 -> tta_val_acc=0.9382
muon_lr=0.0093 muon_momentum=0.8 bias_lr=22 head_lr=2200 -> blocked
muon_lr=0.016 muon_momentum=0.8 bias_lr=22 head_lr=800 -> tta_val_acc=0.9355
muon_lr=0.0093 muon_momentum=0.8 bias_lr=13 head_lr=800 -> tta_val_acc=0.9377
muon_lr=0.0093 muon_momentum=0.8 bias_lr=22 head_lr=480 -> tta_val_acc=0.9377
main hparams: muon_lr=0.026 muon_momentum=0.7 bias_lr=62 head_lr=800 main=0.9279, best_cooldown=0.9373
muon_lr=0.0056 muon_momentum=0.7 bias_lr=62 head_lr=800 -> tta_val_acc=0.9372
muon_lr=0.0034 muon_momentum=0.7 bias_lr=62 head_lr=800 -> tta_val_acc=0.9368
muon_lr=0.0093 muon_momentum=0.7 bias_lr=62 head_lr=800 -> tta_val_acc=0.9361
muon_lr=0.0056 muon_momentum=0.7 bias_lr=37 head_lr=800 -> tta_val_acc=0.9371
muon_lr=0.0056 muon_momentum=0.7 bias_lr=100 head_lr=800 -> tta_val_acc=0.9349
muon_lr=0.0056 muon_momentum=0.7 bias_lr=62 head_lr=480 -> tta_val_acc=0.9373
muon_lr=0.0056 muon_momentum=0.7 bias_lr=62 head_lr=1300 -> blocked
muon_lr=0.0034 muon_momentum=0.7 bias_lr=62 head_lr=480 -> tta_val_acc=0.9371
muon_lr=0.0093 muon_momentum=0.7 bias_lr=62 head_lr=480 -> tta_val_acc=0.9359
muon_lr=0.0056 muon_momentum=0.7 bias_lr=37 head_lr=480 -> tta_val_acc=0.9369
muon_lr=0.0056 muon_momentum=0.7 bias_lr=100 head_lr=480 -> tta_val_acc=0.9351
muon_lr=0.0056 muon_momentum=0.7 bias_lr=62 head_lr=290 -> tta_val_acc=0.9373
main hparams: muon_lr=0.026 muon_momentum=0.7 bias_lr=170 head_lr=800 main=0.9245, best_cooldown=0.9379
muon_lr=0.0056 muon_momentum=0.7 bias_lr=170 head_lr=800 -> tta_val_acc=0.9340
muon_lr=0.0034 muon_momentum=0.7 bias_lr=170 head_lr=800 -> tta_val_acc=0.9339
muon_lr=0.0093 muon_momentum=0.7 bias_lr=170 head_lr=800 -> tta_val_acc=0.9331
muon_lr=0.0056 muon_momentum=0.7 bias_lr=100 head_lr=800 -> tta_val_acc=0.9354
muon_lr=0.0056 muon_momentum=0.7 bias_lr=290 head_lr=800 -> blocked
muon_lr=0.0056 muon_momentum=0.7 bias_lr=170 head_lr=480 -> tta_val_acc=0.9341
muon_lr=0.0056 muon_momentum=0.7 bias_lr=170 head_lr=1300 -> blocked
muon_lr=0.0034 muon_momentum=0.7 bias_lr=100 head_lr=800 -> tta_val_acc=0.9352
muon_lr=0.0093 muon_momentum=0.7 bias_lr=100 head_lr=800 -> tta_val_acc=0.9354
muon_lr=0.0056 muon_momentum=0.7 bias_lr=62 head_lr=800 -> tta_val_acc=0.9371
muon_lr=0.0056 muon_momentum=0.7 bias_lr=100 head_lr=480 -> tta_val_acc=0.9360
muon_lr=0.0056 muon_momentum=0.7 bias_lr=100 head_lr=1300 -> blocked
muon_lr=0.0034 muon_momentum=0.7 bias_lr=62 head_lr=800 -> tta_val_acc=0.9365
muon_lr=0.0093 muon_momentum=0.7 bias_lr=62 head_lr=800 -> tta_val_acc=0.9360
muon_lr=0.0056 muon_momentum=0.7 bias_lr=37 head_lr=800 -> tta_val_acc=0.9372
muon_lr=0.0056 muon_momentum=0.7 bias_lr=62 head_lr=480 -> tta_val_acc=0.9371
muon_lr=0.0056 muon_momentum=0.7 bias_lr=62 head_lr=1300 -> tta_val_acc=0.9365
muon_lr=0.0034 muon_momentum=0.7 bias_lr=37 head_lr=800 -> tta_val_acc=0.9371
muon_lr=0.0093 muon_momentum=0.7 bias_lr=37 head_lr=800 -> tta_val_acc=0.9367
muon_lr=0.0056 muon_momentum=0.7 bias_lr=22 head_lr=800 -> tta_val_acc=0.9373
muon_lr=0.0056 muon_momentum=0.7 bias_lr=37 head_lr=480 -> tta_val_acc=0.9371
muon_lr=0.0056 muon_momentum=0.7 bias_lr=37 head_lr=1300 -> tta_val_acc=0.9379
muon_lr=0.0034 muon_momentum=0.7 bias_lr=37 head_lr=1300 -> tta_val_acc=0.9371
muon_lr=0.0093 muon_momentum=0.7 bias_lr=37 head_lr=1300 -> tta_val_acc=0.9365
muon_lr=0.0056 muon_momentum=0.7 bias_lr=22 head_lr=1300 -> tta_val_acc=0.9375
muon_lr=0.0056 muon_momentum=0.7 bias_lr=37 head_lr=2200 -> tta_val_acc=0.9378
main hparams: muon_lr=0.026 muon_momentum=0.7 bias_lr=100 head_lr=480 main=0.9284, best_cooldown=0.9385
muon_lr=0.0056 muon_momentum=0.7 bias_lr=100 head_lr=480 -> tta_val_acc=0.9357
muon_lr=0.0034 muon_momentum=0.7 bias_lr=100 head_lr=480 -> tta_val_acc=0.9351
muon_lr=0.0093 muon_momentum=0.7 bias_lr=100 head_lr=480 -> tta_val_acc=0.9357
muon_lr=0.0056 muon_momentum=0.7 bias_lr=62 head_lr=480 -> tta_val_acc=0.9379
muon_lr=0.0056 muon_momentum=0.7 bias_lr=170 head_lr=480 -> blocked
muon_lr=0.0056 muon_momentum=0.7 bias_lr=100 head_lr=290 -> tta_val_acc=0.9361
muon_lr=0.0056 muon_momentum=0.7 bias_lr=100 head_lr=800 -> blocked
muon_lr=0.0034 muon_momentum=0.7 bias_lr=62 head_lr=480 -> tta_val_acc=0.9372
muon_lr=0.0093 muon_momentum=0.7 bias_lr=62 head_lr=480 -> tta_val_acc=0.9370
muon_lr=0.0056 muon_momentum=0.7 bias_lr=37 head_lr=480 -> tta_val_acc=0.9385
muon_lr=0.0056 muon_momentum=0.7 bias_lr=62 head_lr=290 -> tta_val_acc=0.9380
muon_lr=0.0056 muon_momentum=0.7 bias_lr=62 head_lr=800 -> blocked
muon_lr=0.0034 muon_momentum=0.7 bias_lr=37 head_lr=480 -> tta_val_acc=0.9375
muon_lr=0.0093 muon_momentum=0.7 bias_lr=37 head_lr=480 -> tta_val_acc=0.9376
muon_lr=0.0056 muon_momentum=0.7 bias_lr=22 head_lr=480 -> tta_val_acc=0.9383
muon_lr=0.0056 muon_momentum=0.7 bias_lr=37 head_lr=290 -> tta_val_acc=0.9382
muon_lr=0.0056 muon_momentum=0.7 bias_lr=37 head_lr=800 -> tta_val_acc=0.9379
main hparams: muon_lr=0.026 muon_momentum=0.7 bias_lr=100 head_lr=1300 main=0.9287, best_cooldown=0.9376
muon_lr=0.0056 muon_momentum=0.7 bias_lr=100 head_lr=1300 -> tta_val_acc=0.9365
muon_lr=0.0034 muon_momentum=0.7 bias_lr=100 head_lr=1300 -> tta_val_acc=0.9349
muon_lr=0.0093 muon_momentum=0.7 bias_lr=100 head_lr=1300 -> tta_val_acc=0.9354
muon_lr=0.0056 muon_momentum=0.7 bias_lr=62 head_lr=1300 -> tta_val_acc=0.9376
muon_lr=0.0056 muon_momentum=0.7 bias_lr=170 head_lr=1300 -> blocked
muon_lr=0.0056 muon_momentum=0.7 bias_lr=100 head_lr=800 -> tta_val_acc=0.9366
muon_lr=0.0056 muon_momentum=0.7 bias_lr=100 head_lr=2200 -> blocked
muon_lr=0.0034 muon_momentum=0.7 bias_lr=62 head_lr=1300 -> tta_val_acc=0.9364
muon_lr=0.0093 muon_momentum=0.7 bias_lr=62 head_lr=1300 -> tta_val_acc=0.9374
muon_lr=0.0056 muon_momentum=0.7 bias_lr=37 head_lr=1300 -> tta_val_acc=0.9375
muon_lr=0.0056 muon_momentum=0.7 bias_lr=62 head_lr=800 -> tta_val_acc=0.9376
muon_lr=0.0056 muon_momentum=0.7 bias_lr=62 head_lr=2200 -> tta_val_acc=0.9369
best_hparams=muon_lr=0.026 muon_momentum=0.7 bias_lr=100 head_lr=800 main=0.9281, best_cooldown=0.9388
train_loss run=0 step=121/200 loss=1.0751 bias_lr=100 head_lr=800 muon_lr=0.026 muon_momentum=0.7 muon_nesterov=False muon_grad_momentum_norm_ratio=0.5923
train_loss run=0 step=122/200 loss=1.0641 bias_lr=100 head_lr=800 muon_lr=0.026 muon_momentum=0.7 muon_nesterov=False muon_grad_momentum_norm_ratio=0.519381
train_loss run=0 step=123/200 loss=1.0504 bias_lr=100 head_lr=800 muon_lr=0.026 muon_momentum=0.7 muon_nesterov=False muon_grad_momentum_norm_ratio=0.502047
train_loss run=0 step=124/200 loss=1.0790 bias_lr=100 head_lr=800 muon_lr=0.026 muon_momentum=0.7 muon_nesterov=False muon_grad_momentum_norm_ratio=0.526922
train_loss run=0 step=125/200 loss=1.0401 bias_lr=100 head_lr=800 muon_lr=0.026 muon_momentum=0.7 muon_nesterov=False muon_grad_momentum_norm_ratio=0.515117
train_loss run=0 step=126/200 loss=1.0313 bias_lr=100 head_lr=800 muon_lr=0.026 muon_momentum=0.7 muon_nesterov=False muon_grad_momentum_norm_ratio=0.498802
train_loss run=0 step=127/200 loss=1.0085 bias_lr=100 head_lr=800 muon_lr=0.026 muon_momentum=0.7 muon_nesterov=False muon_grad_momentum_norm_ratio=0.48154
train_loss run=0 step=128/200 loss=1.0208 bias_lr=100 head_lr=800 muon_lr=0.026 muon_momentum=0.7 muon_nesterov=False muon_grad_momentum_norm_ratio=0.528051
train_loss run=0 step=129/200 loss=1.0165 bias_lr=100 head_lr=800 muon_lr=0.026 muon_momentum=0.7 muon_nesterov=False muon_grad_momentum_norm_ratio=0.512805
train_loss run=0 step=130/200 loss=1.0127 bias_lr=100 head_lr=800 muon_lr=0.026 muon_momentum=0.7 muon_nesterov=False muon_grad_momentum_norm_ratio=0.518769
train_loss run=0 step=131/200 loss=1.0158 bias_lr=100 head_lr=800 muon_lr=0.026 muon_momentum=0.7 muon_nesterov=False muon_grad_momentum_norm_ratio=0.539386
train_loss run=0 step=132/200 loss=1.0117 bias_lr=100 head_lr=800 muon_lr=0.026 muon_momentum=0.7 muon_nesterov=False muon_grad_momentum_norm_ratio=0.517663
train_loss run=0 step=133/200 loss=1.0186 bias_lr=100 head_lr=800 muon_lr=0.026 muon_momentum=0.7 muon_nesterov=False muon_grad_momentum_norm_ratio=0.540372
train_loss run=0 step=134/200 loss=1.0065 bias_lr=100 head_lr=800 muon_lr=0.026 muon_momentum=0.7 muon_nesterov=False muon_grad_momentum_norm_ratio=0.5169
train_loss run=0 step=135/200 loss=1.0095 bias_lr=100 head_lr=800 muon_lr=0.026 muon_momentum=0.7 muon_nesterov=False muon_grad_momentum_norm_ratio=0.539875
train_loss run=0 step=136/200 loss=1.0124 bias_lr=100 head_lr=800 muon_lr=0.026 muon_momentum=0.7 muon_nesterov=False muon_grad_momentum_norm_ratio=0.518544
train_loss run=0 step=137/200 loss=1.0082 bias_lr=100 head_lr=800 muon_lr=0.026 muon_momentum=0.7 muon_nesterov=False muon_grad_momentum_norm_ratio=0.528888
train_loss run=0 step=138/200 loss=0.9935 bias_lr=100 head_lr=800 muon_lr=0.026 muon_momentum=0.7 muon_nesterov=False muon_grad_momentum_norm_ratio=0.515745
train_loss run=0 step=139/200 loss=1.0040 bias_lr=100 head_lr=800 muon_lr=0.026 muon_momentum=0.7 muon_nesterov=False muon_grad_momentum_norm_ratio=0.526081
train_loss run=0 step=140/200 loss=0.9977 bias_lr=100 head_lr=800 muon_lr=0.026 muon_momentum=0.7 muon_nesterov=False muon_grad_momentum_norm_ratio=0.521736
train_loss run=0 step=141/200 loss=1.0045 bias_lr=100 head_lr=800 muon_lr=0.026 muon_momentum=0.7 muon_nesterov=False muon_grad_momentum_norm_ratio=0.540765
train_loss run=0 step=142/200 loss=1.0050 bias_lr=100 head_lr=800 muon_lr=0.026 muon_momentum=0.7 muon_nesterov=False muon_grad_momentum_norm_ratio=0.538299
train_loss run=0 step=143/200 loss=1.0112 bias_lr=100 head_lr=800 muon_lr=0.026 muon_momentum=0.7 muon_nesterov=False muon_grad_momentum_norm_ratio=0.532556
train_loss run=0 step=144/200 loss=1.0010 bias_lr=100 head_lr=800 muon_lr=0.026 muon_momentum=0.7 muon_nesterov=False muon_grad_momentum_norm_ratio=0.527549
train_loss run=0 step=145/200 loss=1.0159 bias_lr=100 head_lr=800 muon_lr=0.026 muon_momentum=0.7 muon_nesterov=False muon_grad_momentum_norm_ratio=0.538865
train_loss run=0 step=146/200 loss=1.0020 bias_lr=100 head_lr=800 muon_lr=0.026 muon_momentum=0.7 muon_nesterov=False muon_grad_momentum_norm_ratio=0.514895
train_loss run=0 step=147/200 loss=1.0033 bias_lr=100 head_lr=800 muon_lr=0.026 muon_momentum=0.7 muon_nesterov=False muon_grad_momentum_norm_ratio=0.534653
train_loss run=0 step=148/200 loss=0.9968 bias_lr=100 head_lr=800 muon_lr=0.026 muon_momentum=0.7 muon_nesterov=False muon_grad_momentum_norm_ratio=0.525234
train_loss run=0 step=149/200 loss=0.9987 bias_lr=100 head_lr=800 muon_lr=0.026 muon_momentum=0.7 muon_nesterov=False muon_grad_momentum_norm_ratio=0.530495
train_loss run=0 step=150/200 loss=1.0005 bias_lr=100 head_lr=800 muon_lr=0.026 muon_momentum=0.7 muon_nesterov=False muon_grad_momentum_norm_ratio=0.533662
train_loss run=0 step=151/200 loss=0.9810 bias_lr=100 head_lr=800 muon_lr=0.026 muon_momentum=0.7 muon_nesterov=False muon_grad_momentum_norm_ratio=0.499538
train_loss run=0 step=152/200 loss=0.9735 bias_lr=100 head_lr=800 muon_lr=0.026 muon_momentum=0.7 muon_nesterov=False muon_grad_momentum_norm_ratio=0.502986
train_loss run=0 step=153/200 loss=0.9748 bias_lr=100 head_lr=800 muon_lr=0.026 muon_momentum=0.7 muon_nesterov=False muon_grad_momentum_norm_ratio=0.521839
train_loss run=0 step=154/200 loss=0.9721 bias_lr=100 head_lr=800 muon_lr=0.026 muon_momentum=0.7 muon_nesterov=False muon_grad_momentum_norm_ratio=0.523218
train_loss run=0 step=155/200 loss=0.9825 bias_lr=100 head_lr=800 muon_lr=0.026 muon_momentum=0.7 muon_nesterov=False muon_grad_momentum_norm_ratio=0.549594
train_loss run=0 step=156/200 loss=0.9736 bias_lr=100 head_lr=800 muon_lr=0.026 muon_momentum=0.7 muon_nesterov=False muon_grad_momentum_norm_ratio=0.512271
train_loss run=0 step=157/200 loss=0.9685 bias_lr=100 head_lr=800 muon_lr=0.026 muon_momentum=0.7 muon_nesterov=False muon_grad_momentum_norm_ratio=0.524838
train_loss run=0 step=158/200 loss=0.9743 bias_lr=100 head_lr=800 muon_lr=0.026 muon_momentum=0.7 muon_nesterov=False muon_grad_momentum_norm_ratio=0.525413
train_loss run=0 step=159/200 loss=0.9896 bias_lr=100 head_lr=800 muon_lr=0.026 muon_momentum=0.7 muon_nesterov=False muon_grad_momentum_norm_ratio=0.56898
train_loss run=0 step=160/200 loss=0.9707 bias_lr=100 head_lr=800 muon_lr=0.026 muon_momentum=0.7 muon_nesterov=False muon_grad_momentum_norm_ratio=0.521486
interval_tta_val_acc run=0 interval=3 step=160/200 tta_val_acc=0.9281
main hparams: muon_lr=0.026 muon_momentum=0.7 bias_lr=100 head_lr=800 main=0.9295
main hparams: muon_lr=0.016 muon_momentum=0.7 bias_lr=100 head_lr=800 main=0.9337
main hparams: muon_lr=0.043 muon_momentum=0.7 bias_lr=100 head_lr=800 blocked
main hparams: muon_lr=0.026 muon_momentum=0.6 bias_lr=100 head_lr=800 main=0.9308
main hparams: muon_lr=0.026 muon_momentum=0.8 bias_lr=100 head_lr=800 main=0.9272
main hparams: muon_lr=0.026 muon_momentum=0.7 bias_lr=62 head_lr=800 main=0.9313
main hparams: muon_lr=0.026 muon_momentum=0.7 bias_lr=170 head_lr=800 blocked
main hparams: muon_lr=0.026 muon_momentum=0.7 bias_lr=100 head_lr=480 main=0.9297
main hparams: muon_lr=0.026 muon_momentum=0.7 bias_lr=100 head_lr=1300 blocked
main hparams: muon_lr=0.0093 muon_momentum=0.7 bias_lr=100 head_lr=800 main=0.9356
main hparams: muon_lr=0.016 muon_momentum=0.6 bias_lr=100 head_lr=800 main=0.9348
main hparams: muon_lr=0.016 muon_momentum=0.8 bias_lr=100 head_lr=800 main=0.9332
main hparams: muon_lr=0.016 muon_momentum=0.7 bias_lr=62 head_lr=800 main=0.9343
main hparams: muon_lr=0.016 muon_momentum=0.7 bias_lr=170 head_lr=800 blocked
main hparams: muon_lr=0.016 muon_momentum=0.7 bias_lr=100 head_lr=480 main=0.9343
main hparams: muon_lr=0.016 muon_momentum=0.7 bias_lr=100 head_lr=1300 blocked
main hparams: muon_lr=0.0056 muon_momentum=0.7 bias_lr=100 head_lr=800 main=0.9352
main hparams: muon_lr=0.0093 muon_momentum=0.6 bias_lr=100 head_lr=800 main=0.9358
main hparams: muon_lr=0.0093 muon_momentum=0.8 bias_lr=100 head_lr=800 main=0.9356
main hparams: muon_lr=0.0093 muon_momentum=0.7 bias_lr=62 head_lr=800 main=0.9365
main hparams: muon_lr=0.0093 muon_momentum=0.7 bias_lr=170 head_lr=800 blocked
main hparams: muon_lr=0.0093 muon_momentum=0.7 bias_lr=100 head_lr=480 main=0.9354
main hparams: muon_lr=0.0093 muon_momentum=0.7 bias_lr=100 head_lr=1300 main=0.9357
main hparams: muon_lr=0.0056 muon_momentum=0.7 bias_lr=62 head_lr=800 main=0.9371
main hparams: muon_lr=0.0093 muon_momentum=0.6 bias_lr=62 head_lr=800 main=0.9365
main hparams: muon_lr=0.0093 muon_momentum=0.8 bias_lr=62 head_lr=800 main=0.9360
main hparams: muon_lr=0.0093 muon_momentum=0.7 bias_lr=37 head_lr=800 main=0.9373
main hparams: muon_lr=0.0093 muon_momentum=0.7 bias_lr=62 head_lr=480 main=0.9368
main hparams: muon_lr=0.0093 muon_momentum=0.7 bias_lr=62 head_lr=1300 blocked
main hparams: muon_lr=0.0056 muon_momentum=0.7 bias_lr=37 head_lr=800 main=0.9372
main hparams: muon_lr=0.016 muon_momentum=0.7 bias_lr=37 head_lr=800 main=0.9367
main hparams: muon_lr=0.0093 muon_momentum=0.6 bias_lr=37 head_lr=800 main=0.9379
main hparams: muon_lr=0.0093 muon_momentum=0.8 bias_lr=37 head_lr=800 main=0.9364
main hparams: muon_lr=0.0093 muon_momentum=0.7 bias_lr=22 head_lr=800 main=0.9380
main hparams: muon_lr=0.0093 muon_momentum=0.7 bias_lr=37 head_lr=480 main=0.9377
main hparams: muon_lr=0.0093 muon_momentum=0.7 bias_lr=37 head_lr=1300 blocked
main hparams: muon_lr=0.0056 muon_momentum=0.7 bias_lr=22 head_lr=800 main=0.9380
main hparams: muon_lr=0.016 muon_momentum=0.7 bias_lr=22 head_lr=800 main=0.9381
main hparams: muon_lr=0.0093 muon_momentum=0.6 bias_lr=22 head_lr=800 main=0.9374
main hparams: muon_lr=0.0093 muon_momentum=0.8 bias_lr=22 head_lr=800 main=0.9377
main hparams: muon_lr=0.0093 muon_momentum=0.7 bias_lr=13 head_lr=800 main=0.9376
main hparams: muon_lr=0.0093 muon_momentum=0.7 bias_lr=22 head_lr=480 main=0.9377
main hparams: muon_lr=0.0093 muon_momentum=0.7 bias_lr=22 head_lr=1300 main=0.9376
main hparams: muon_lr=0.026 muon_momentum=0.7 bias_lr=22 head_lr=800 main=0.9306
main hparams: muon_lr=0.016 muon_momentum=0.6 bias_lr=22 head_lr=800 main=0.9382
main hparams: muon_lr=0.016 muon_momentum=0.8 bias_lr=22 head_lr=800 main=0.9372
main hparams: muon_lr=0.016 muon_momentum=0.7 bias_lr=13 head_lr=800 main=0.9375
main hparams: muon_lr=0.016 muon_momentum=0.7 bias_lr=22 head_lr=480 main=0.9377
main hparams: muon_lr=0.016 muon_momentum=0.7 bias_lr=22 head_lr=1300 main=0.9373
main hparams: muon_lr=0.026 muon_momentum=0.6 bias_lr=22 head_lr=800 main=0.9324
main hparams: muon_lr=0.016 muon_momentum=0.5 bias_lr=22 head_lr=800 main=0.9368
main hparams: muon_lr=0.016 muon_momentum=0.6 bias_lr=13 head_lr=800 main=0.9375
main hparams: muon_lr=0.016 muon_momentum=0.6 bias_lr=37 head_lr=800 main=0.9366
main hparams: muon_lr=0.016 muon_momentum=0.6 bias_lr=22 head_lr=480 main=0.9372
main hparams: muon_lr=0.016 muon_momentum=0.6 bias_lr=22 head_lr=1300 main=0.9374
best_hparams=muon_lr=0.016 muon_momentum=0.6 bias_lr=22 head_lr=800 main=0.9382, best_cooldown=0.9382
train_loss run=0 step=161/200 loss=0.9660 bias_lr=22 head_lr=800 muon_lr=0.016 muon_momentum=0.6 muon_nesterov=False muon_grad_momentum_norm_ratio=0.564097
train_loss run=0 step=162/200 loss=0.9678 bias_lr=22 head_lr=800 muon_lr=0.016 muon_momentum=0.6 muon_nesterov=False muon_grad_momentum_norm_ratio=0.567002
train_loss run=0 step=163/200 loss=0.9677 bias_lr=22 head_lr=800 muon_lr=0.016 muon_momentum=0.6 muon_nesterov=False muon_grad_momentum_norm_ratio=0.574384
train_loss run=0 step=164/200 loss=0.9628 bias_lr=22 head_lr=800 muon_lr=0.016 muon_momentum=0.6 muon_nesterov=False muon_grad_momentum_norm_ratio=0.558774
train_loss run=0 step=165/200 loss=0.9696 bias_lr=22 head_lr=800 muon_lr=0.016 muon_momentum=0.6 muon_nesterov=False muon_grad_momentum_norm_ratio=0.573065
train_loss run=0 step=166/200 loss=0.9671 bias_lr=22 head_lr=800 muon_lr=0.016 muon_momentum=0.6 muon_nesterov=False muon_grad_momentum_norm_ratio=0.581225
train_loss run=0 step=167/200 loss=0.9666 bias_lr=22 head_lr=800 muon_lr=0.016 muon_momentum=0.6 muon_nesterov=False muon_grad_momentum_norm_ratio=0.574532
train_loss run=0 step=168/200 loss=0.9672 bias_lr=22 head_lr=800 muon_lr=0.016 muon_momentum=0.6 muon_nesterov=False muon_grad_momentum_norm_ratio=0.585969
train_loss run=0 step=169/200 loss=0.9643 bias_lr=22 head_lr=800 muon_lr=0.016 muon_momentum=0.6 muon_nesterov=False muon_grad_momentum_norm_ratio=0.579874
train_loss run=0 step=170/200 loss=0.9560 bias_lr=22 head_lr=800 muon_lr=0.016 muon_momentum=0.6 muon_nesterov=False muon_grad_momentum_norm_ratio=0.554027
train_loss run=0 step=171/200 loss=0.9620 bias_lr=22 head_lr=800 muon_lr=0.016 muon_momentum=0.6 muon_nesterov=False muon_grad_momentum_norm_ratio=0.569116
train_loss run=0 step=172/200 loss=0.9639 bias_lr=22 head_lr=800 muon_lr=0.016 muon_momentum=0.6 muon_nesterov=False muon_grad_momentum_norm_ratio=0.587752
train_loss run=0 step=173/200 loss=0.9638 bias_lr=22 head_lr=800 muon_lr=0.016 muon_momentum=0.6 muon_nesterov=False muon_grad_momentum_norm_ratio=0.585265
train_loss run=0 step=174/200 loss=0.9614 bias_lr=22 head_lr=800 muon_lr=0.016 muon_momentum=0.6 muon_nesterov=False muon_grad_momentum_norm_ratio=0.585586
train_loss run=0 step=175/200 loss=0.9469 bias_lr=22 head_lr=800 muon_lr=0.016 muon_momentum=0.6 muon_nesterov=False muon_grad_momentum_norm_ratio=0.559152
train_loss run=0 step=176/200 loss=0.9404 bias_lr=22 head_lr=800 muon_lr=0.016 muon_momentum=0.6 muon_nesterov=False muon_grad_momentum_norm_ratio=0.554037
train_loss run=0 step=177/200 loss=0.9367 bias_lr=22 head_lr=800 muon_lr=0.016 muon_momentum=0.6 muon_nesterov=False muon_grad_momentum_norm_ratio=0.561811
train_loss run=0 step=178/200 loss=0.9434 bias_lr=22 head_lr=800 muon_lr=0.016 muon_momentum=0.6 muon_nesterov=False muon_grad_momentum_norm_ratio=0.588514
train_loss run=0 step=179/200 loss=0.9409 bias_lr=22 head_lr=800 muon_lr=0.016 muon_momentum=0.6 muon_nesterov=False muon_grad_momentum_norm_ratio=0.570865
train_loss run=0 step=180/200 loss=0.9396 bias_lr=22 head_lr=800 muon_lr=0.016 muon_momentum=0.6 muon_nesterov=False muon_grad_momentum_norm_ratio=0.587511
train_loss run=0 step=181/200 loss=0.9404 bias_lr=22 head_lr=800 muon_lr=0.016 muon_momentum=0.6 muon_nesterov=False muon_grad_momentum_norm_ratio=0.569863
train_loss run=0 step=182/200 loss=0.9429 bias_lr=22 head_lr=800 muon_lr=0.016 muon_momentum=0.6 muon_nesterov=False muon_grad_momentum_norm_ratio=0.595088
train_loss run=0 step=183/200 loss=0.9447 bias_lr=22 head_lr=800 muon_lr=0.016 muon_momentum=0.6 muon_nesterov=False muon_grad_momentum_norm_ratio=0.597059
train_loss run=0 step=184/200 loss=0.9387 bias_lr=22 head_lr=800 muon_lr=0.016 muon_momentum=0.6 muon_nesterov=False muon_grad_momentum_norm_ratio=0.574754
train_loss run=0 step=185/200 loss=0.9367 bias_lr=22 head_lr=800 muon_lr=0.016 muon_momentum=0.6 muon_nesterov=False muon_grad_momentum_norm_ratio=0.565319
train_loss run=0 step=186/200 loss=0.9440 bias_lr=22 head_lr=800 muon_lr=0.016 muon_momentum=0.6 muon_nesterov=False muon_grad_momentum_norm_ratio=0.587425
train_loss run=0 step=187/200 loss=0.9429 bias_lr=22 head_lr=800 muon_lr=0.016 muon_momentum=0.6 muon_nesterov=False muon_grad_momentum_norm_ratio=0.590509
train_loss run=0 step=188/200 loss=0.9415 bias_lr=22 head_lr=800 muon_lr=0.016 muon_momentum=0.6 muon_nesterov=False muon_grad_momentum_norm_ratio=0.58641
train_loss run=0 step=189/200 loss=0.9434 bias_lr=22 head_lr=800 muon_lr=0.016 muon_momentum=0.6 muon_nesterov=False muon_grad_momentum_norm_ratio=0.579208
train_loss run=0 step=190/200 loss=0.9470 bias_lr=22 head_lr=800 muon_lr=0.016 muon_momentum=0.6 muon_nesterov=False muon_grad_momentum_norm_ratio=0.58265
train_loss run=0 step=191/200 loss=0.9390 bias_lr=22 head_lr=800 muon_lr=0.016 muon_momentum=0.6 muon_nesterov=False muon_grad_momentum_norm_ratio=0.568573
train_loss run=0 step=192/200 loss=0.9332 bias_lr=22 head_lr=800 muon_lr=0.016 muon_momentum=0.6 muon_nesterov=False muon_grad_momentum_norm_ratio=0.563935
train_loss run=0 step=193/200 loss=0.9418 bias_lr=22 head_lr=800 muon_lr=0.016 muon_momentum=0.6 muon_nesterov=False muon_grad_momentum_norm_ratio=0.591641
train_loss run=0 step=194/200 loss=0.9367 bias_lr=22 head_lr=800 muon_lr=0.016 muon_momentum=0.6 muon_nesterov=False muon_grad_momentum_norm_ratio=0.581758
train_loss run=0 step=195/200 loss=0.9395 bias_lr=22 head_lr=800 muon_lr=0.016 muon_momentum=0.6 muon_nesterov=False muon_grad_momentum_norm_ratio=0.584833
train_loss run=0 step=196/200 loss=0.9458 bias_lr=22 head_lr=800 muon_lr=0.016 muon_momentum=0.6 muon_nesterov=False muon_grad_momentum_norm_ratio=0.594826
train_loss run=0 step=197/200 loss=0.9434 bias_lr=22 head_lr=800 muon_lr=0.016 muon_momentum=0.6 muon_nesterov=False muon_grad_momentum_norm_ratio=0.572941
train_loss run=0 step=198/200 loss=0.9445 bias_lr=22 head_lr=800 muon_lr=0.016 muon_momentum=0.6 muon_nesterov=False muon_grad_momentum_norm_ratio=0.58655
train_loss run=0 step=199/200 loss=0.9359 bias_lr=22 head_lr=800 muon_lr=0.016 muon_momentum=0.6 muon_nesterov=False muon_grad_momentum_norm_ratio=0.571733
train_loss run=0 step=200/200 loss=0.9376 bias_lr=22 head_lr=800 muon_lr=0.016 muon_momentum=0.6 muon_nesterov=False muon_grad_momentum_norm_ratio=0.566203
Batch size:          2000
Train epochs:        8
Train steps:         200
N steps:             40
M cooldown steps:    40
Search hparams:      muon_lr,muon_momentum,bias_lr,head_lr
Cooldown hparams:    muon_lr,bias_lr,head_lr
Muon nesterov:       False
Val acc:             0.9276
TTA val acc:         0.9382
Run seconds:         3546.432
