{
  "depth": 8,
  "description": "batch 262144",
  "device_batch_size": 64,
  "grad_accum_steps": 2,
  "hparams": {
    "lr_multiplier": 1.0,
    "total_batch_size": 262144,
    "warmdown_ratio": 0.7,
    "warmup_ratio": 0.0,
    "weight_decay": 0.2
  },
  "mfu_percent": 13.164804865709979,
  "num_params_M": 50.332176,
  "num_steps": 634,
  "peak_vram_mb": 22804.45166015625,
  "total_seconds": 346.9632844924927,
  "total_tokens_M": 166.199296,
  "training_seconds": 300.2165484428406,
  "val_bpb": 1.0761662423888223
}
