{
  "depth": 8,
  "description": "wd 0.3",
  "device_batch_size": 64,
  "grad_accum_steps": 1,
  "hparams": {
    "lr_multiplier": 1.5,
    "total_batch_size": 131072,
    "warmdown_ratio": 0.7,
    "warmup_ratio": 0.0,
    "weight_decay": 0.3
  },
  "mfu_percent": 13.079459776840324,
  "num_params_M": 50.332176,
  "num_steps": 1250,
  "peak_vram_mb": 22652.44873046875,
  "total_seconds": 344.1936004161835,
  "total_tokens_M": 163.84,
  "training_seconds": 300.2384760379791,
  "val_bpb": 1.052583815860283
}
