{
  "depth": 8,
  "description": "batch 65536",
  "device_batch_size": 32,
  "grad_accum_steps": 1,
  "hparams": {
    "lr_multiplier": 1.0,
    "total_batch_size": 65536,
    "warmdown_ratio": 0.7,
    "warmup_ratio": 0.0,
    "weight_decay": 0.2
  },
  "mfu_percent": 12.682654658246724,
  "num_params_M": 50.332176,
  "num_steps": 2413,
  "peak_vram_mb": 11548.94873046875,
  "total_seconds": 365.2858622074127,
  "total_tokens_M": 158.138368,
  "training_seconds": 300.0185284614563,
  "val_bpb": 1.052664794157378
}
