{
  "depth": 8,
  "description": "warmdown 0.9",
  "device_batch_size": 64,
  "grad_accum_steps": 1,
  "hparams": {
    "lr_multiplier": 1.0,
    "total_batch_size": 131072,
    "warmdown_ratio": 0.9,
    "warmup_ratio": 0.0,
    "weight_decay": 0.2
  },
  "mfu_percent": 13.066055156431277,
  "num_params_M": 50.332176,
  "num_steps": 1248,
  "peak_vram_mb": 22652.44873046875,
  "total_seconds": 344.18297934532166,
  "total_tokens_M": 163.577856,
  "training_seconds": 300.06174182891846,
  "val_bpb": 1.050098001678997
}
