cifar_reproducibility run=0 seed=0 batch_size=2000 muon_lr=0.05
step=1/200 epoch=0 loss=2.3101 head_lr=1340 muon_lr=0.05
step=2/200 epoch=0 loss=2.3375 head_lr=1333.3 muon_lr=0.05
step=3/200 epoch=0 loss=2.4168 head_lr=1326.6 muon_lr=0.05
step=4/200 epoch=0 loss=2.1717 head_lr=1319.9 muon_lr=0.05
step=5/200 epoch=0 loss=2.1075 head_lr=1313.2 muon_lr=0.05
step=6/200 epoch=0 loss=2.0282 head_lr=1306.5 muon_lr=0.05
step=7/200 epoch=0 loss=1.9161 head_lr=1299.8 muon_lr=0.05
step=8/200 epoch=0 loss=1.8288 head_lr=1293.1 muon_lr=0.05
step=9/200 epoch=0 loss=1.7594 head_lr=1286.4 muon_lr=0.05
step=10/200 epoch=0 loss=1.7620 head_lr=1279.7 muon_lr=0.05
step=11/200 epoch=0 loss=1.7372 head_lr=1273 muon_lr=0.05
step=12/200 epoch=0 loss=1.6806 head_lr=1266.3 muon_lr=0.05
step=13/200 epoch=0 loss=1.6618 head_lr=1259.6 muon_lr=0.05
step=14/200 epoch=0 loss=1.6287 head_lr=1252.9 muon_lr=0.05
step=15/200 epoch=0 loss=1.5823 head_lr=1246.2 muon_lr=0.05
step=16/200 epoch=0 loss=1.5665 head_lr=1239.5 muon_lr=0.05
step=17/200 epoch=0 loss=1.5693 head_lr=1232.8 muon_lr=0.05
step=18/200 epoch=0 loss=1.5382 head_lr=1226.1 muon_lr=0.05
step=19/200 epoch=0 loss=1.5083 head_lr=1219.4 muon_lr=0.05
step=20/200 epoch=0 loss=1.5066 head_lr=1212.7 muon_lr=0.05
step=21/200 epoch=0 loss=1.4885 head_lr=1206 muon_lr=0.05
step=22/200 epoch=0 loss=1.4473 head_lr=1199.3 muon_lr=0.05
step=23/200 epoch=0 loss=1.4548 head_lr=1192.6 muon_lr=0.05
step=24/200 epoch=0 loss=1.4350 head_lr=1185.9 muon_lr=0.05
step=25/200 epoch=0 loss=1.4346 head_lr=1179.2 muon_lr=0.05
eval run=0 epoch=0 val_acc=0.6921 time_seconds=2.1031
step=26/200 epoch=1 loss=1.4144 head_lr=1172.5 muon_lr=0.05
step=27/200 epoch=1 loss=1.3949 head_lr=1165.8 muon_lr=0.05
step=28/200 epoch=1 loss=1.3940 head_lr=1159.1 muon_lr=0.05
step=29/200 epoch=1 loss=1.4008 head_lr=1152.4 muon_lr=0.05
step=30/200 epoch=1 loss=1.3431 head_lr=1145.7 muon_lr=0.05
step=31/200 epoch=1 loss=1.3745 head_lr=1139 muon_lr=0.05
step=32/200 epoch=1 loss=1.3518 head_lr=1132.3 muon_lr=0.05
step=33/200 epoch=1 loss=1.3502 head_lr=1125.6 muon_lr=0.05
step=34/200 epoch=1 loss=1.3093 head_lr=1118.9 muon_lr=0.05
step=35/200 epoch=1 loss=1.3490 head_lr=1112.2 muon_lr=0.05
step=36/200 epoch=1 loss=1.3459 head_lr=1105.5 muon_lr=0.05
step=37/200 epoch=1 loss=1.3154 head_lr=1098.8 muon_lr=0.05
step=38/200 epoch=1 loss=1.3112 head_lr=1092.1 muon_lr=0.05
step=39/200 epoch=1 loss=1.2981 head_lr=1085.4 muon_lr=0.05
step=40/200 epoch=1 loss=1.3016 head_lr=1078.7 muon_lr=0.05
step=41/200 epoch=1 loss=1.2963 head_lr=1072 muon_lr=0.05
step=42/200 epoch=1 loss=1.3026 head_lr=1065.3 muon_lr=0.05
step=43/200 epoch=1 loss=1.2553 head_lr=1058.6 muon_lr=0.05
step=44/200 epoch=1 loss=1.2799 head_lr=1051.9 muon_lr=0.05
step=45/200 epoch=1 loss=1.2722 head_lr=1045.2 muon_lr=0.05
step=46/200 epoch=1 loss=1.2739 head_lr=1038.5 muon_lr=0.05
step=47/200 epoch=1 loss=1.2486 head_lr=1031.8 muon_lr=0.05
step=48/200 epoch=1 loss=1.2584 head_lr=1025.1 muon_lr=0.05
step=49/200 epoch=1 loss=1.2536 head_lr=1018.4 muon_lr=0.05
step=50/200 epoch=1 loss=1.2482 head_lr=1011.7 muon_lr=0.05
eval epoch=1 val_acc=0.7831 time_seconds=3.3623
step=51/200 epoch=2 loss=1.2270 head_lr=1005 muon_lr=0.05
step=52/200 epoch=2 loss=1.2211 head_lr=998.3 muon_lr=0.05
step=53/200 epoch=2 loss=1.2188 head_lr=991.6 muon_lr=0.05
step=54/200 epoch=2 loss=1.2238 head_lr=984.9 muon_lr=0.05
step=55/200 epoch=2 loss=1.2261 head_lr=978.2 muon_lr=0.05
step=56/200 epoch=2 loss=1.2321 head_lr=971.5 muon_lr=0.05
step=57/200 epoch=2 loss=1.2080 head_lr=964.8 muon_lr=0.05
step=58/200 epoch=2 loss=1.2138 head_lr=958.1 muon_lr=0.05
step=59/200 epoch=2 loss=1.2033 head_lr=951.4 muon_lr=0.05
step=60/200 epoch=2 loss=1.2186 head_lr=944.7 muon_lr=0.05
step=61/200 epoch=2 loss=1.1953 head_lr=938 muon_lr=0.05
step=62/200 epoch=2 loss=1.1986 head_lr=931.3 muon_lr=0.05
step=63/200 epoch=2 loss=1.1950 head_lr=924.6 muon_lr=0.05
step=64/200 epoch=2 loss=1.2025 head_lr=917.9 muon_lr=0.05
step=65/200 epoch=2 loss=1.1937 head_lr=911.2 muon_lr=0.05
step=66/200 epoch=2 loss=1.2034 head_lr=904.5 muon_lr=0.05
step=67/200 epoch=2 loss=1.1946 head_lr=897.8 muon_lr=0.05
step=68/200 epoch=2 loss=1.1945 head_lr=891.1 muon_lr=0.05
step=69/200 epoch=2 loss=1.1944 head_lr=884.4 muon_lr=0.05
step=70/200 epoch=2 loss=1.1784 head_lr=877.7 muon_lr=0.05
step=71/200 epoch=2 loss=1.1919 head_lr=871 muon_lr=0.05
step=72/200 epoch=2 loss=1.1783 head_lr=864.3 muon_lr=0.05
step=73/200 epoch=2 loss=1.1890 head_lr=857.6 muon_lr=0.05
step=74/200 epoch=2 loss=1.1688 head_lr=850.9 muon_lr=0.05
step=75/200 epoch=2 loss=1.1948 head_lr=844.2 muon_lr=0.05
eval epoch=2 val_acc=0.8184 time_seconds=4.6242
step=76/200 epoch=3 loss=1.1471 head_lr=837.5 muon_lr=0.05
step=77/200 epoch=3 loss=1.1474 head_lr=830.8 muon_lr=0.05
step=78/200 epoch=3 loss=1.1461 head_lr=824.1 muon_lr=0.05
step=79/200 epoch=3 loss=1.1579 head_lr=817.4 muon_lr=0.05
step=80/200 epoch=3 loss=1.1444 head_lr=810.7 muon_lr=0.05
step=81/200 epoch=3 loss=1.1398 head_lr=804 muon_lr=0.05
step=82/200 epoch=3 loss=1.1528 head_lr=797.3 muon_lr=0.05
step=83/200 epoch=3 loss=1.1434 head_lr=790.6 muon_lr=0.05
step=84/200 epoch=3 loss=1.1481 head_lr=783.9 muon_lr=0.05
step=85/200 epoch=3 loss=1.1538 head_lr=777.2 muon_lr=0.05
step=86/200 epoch=3 loss=1.1351 head_lr=770.5 muon_lr=0.05
step=87/200 epoch=3 loss=1.1379 head_lr=763.8 muon_lr=0.05
step=88/200 epoch=3 loss=1.1381 head_lr=757.1 muon_lr=0.05
step=89/200 epoch=3 loss=1.1299 head_lr=750.4 muon_lr=0.05
step=90/200 epoch=3 loss=1.1355 head_lr=743.7 muon_lr=0.05
step=91/200 epoch=3 loss=1.1276 head_lr=737 muon_lr=0.05
step=92/200 epoch=3 loss=1.1290 head_lr=730.3 muon_lr=0.05
step=93/200 epoch=3 loss=1.1379 head_lr=723.6 muon_lr=0.05
step=94/200 epoch=3 loss=1.1318 head_lr=716.9 muon_lr=0.05
step=95/200 epoch=3 loss=1.1483 head_lr=710.2 muon_lr=0.05
step=96/200 epoch=3 loss=1.1296 head_lr=703.5 muon_lr=0.05
step=97/200 epoch=3 loss=1.1308 head_lr=696.8 muon_lr=0.05
step=98/200 epoch=3 loss=1.1211 head_lr=690.1 muon_lr=0.05
step=99/200 epoch=3 loss=1.1363 head_lr=683.4 muon_lr=0.05
step=100/200 epoch=3 loss=1.1420 head_lr=676.7 muon_lr=0.05
eval epoch=3 val_acc=0.8482 time_seconds=5.8039
step=101/200 epoch=4 loss=1.1037 head_lr=670 muon_lr=0.05
step=102/200 epoch=4 loss=1.1022 head_lr=663.3 muon_lr=0.05
step=103/200 epoch=4 loss=1.0905 head_lr=656.6 muon_lr=0.05
step=104/200 epoch=4 loss=1.1062 head_lr=649.9 muon_lr=0.05
step=105/200 epoch=4 loss=1.0966 head_lr=643.2 muon_lr=0.05
step=106/200 epoch=4 loss=1.1152 head_lr=636.5 muon_lr=0.05
step=107/200 epoch=4 loss=1.0957 head_lr=629.8 muon_lr=0.05
step=108/200 epoch=4 loss=1.0971 head_lr=623.1 muon_lr=0.05
step=109/200 epoch=4 loss=1.1041 head_lr=616.4 muon_lr=0.05
step=110/200 epoch=4 loss=1.0977 head_lr=609.7 muon_lr=0.05
step=111/200 epoch=4 loss=1.1006 head_lr=603 muon_lr=0.05
step=112/200 epoch=4 loss=1.0952 head_lr=596.3 muon_lr=0.05
step=113/200 epoch=4 loss=1.1127 head_lr=589.6 muon_lr=0.05
step=114/200 epoch=4 loss=1.0946 head_lr=582.9 muon_lr=0.05
step=115/200 epoch=4 loss=1.0909 head_lr=576.2 muon_lr=0.05
step=116/200 epoch=4 loss=1.0999 head_lr=569.5 muon_lr=0.05
step=117/200 epoch=4 loss=1.0865 head_lr=562.8 muon_lr=0.05
step=118/200 epoch=4 loss=1.0753 head_lr=556.1 muon_lr=0.05
step=119/200 epoch=4 loss=1.0986 head_lr=549.4 muon_lr=0.05
step=120/200 epoch=4 loss=1.0819 head_lr=542.7 muon_lr=0.05
step=121/200 epoch=4 loss=1.0967 head_lr=536 muon_lr=0.05
step=122/200 epoch=4 loss=1.0929 head_lr=529.3 muon_lr=0.05
step=123/200 epoch=4 loss=1.0926 head_lr=522.6 muon_lr=0.05
step=124/200 epoch=4 loss=1.1173 head_lr=515.9 muon_lr=0.05
step=125/200 epoch=4 loss=1.0882 head_lr=509.2 muon_lr=0.05
eval epoch=4 val_acc=0.8641 time_seconds=6.9817
step=126/200 epoch=5 loss=1.0681 head_lr=502.5 muon_lr=0.05
step=127/200 epoch=5 loss=1.0641 head_lr=495.8 muon_lr=0.05
step=128/200 epoch=5 loss=1.0755 head_lr=489.1 muon_lr=0.05
step=129/200 epoch=5 loss=1.0740 head_lr=482.4 muon_lr=0.05
step=130/200 epoch=5 loss=1.0625 head_lr=475.7 muon_lr=0.05
step=131/200 epoch=5 loss=1.0740 head_lr=469 muon_lr=0.05
step=132/200 epoch=5 loss=1.0670 head_lr=462.3 muon_lr=0.05
step=133/200 epoch=5 loss=1.0665 head_lr=455.6 muon_lr=0.05
step=134/200 epoch=5 loss=1.0607 head_lr=448.9 muon_lr=0.05
step=135/200 epoch=5 loss=1.0644 head_lr=442.2 muon_lr=0.05
step=136/200 epoch=5 loss=1.0704 head_lr=435.5 muon_lr=0.05
step=137/200 epoch=5 loss=1.0693 head_lr=428.8 muon_lr=0.05
step=138/200 epoch=5 loss=1.0530 head_lr=422.1 muon_lr=0.05
step=139/200 epoch=5 loss=1.0667 head_lr=415.4 muon_lr=0.05
step=140/200 epoch=5 loss=1.0579 head_lr=408.7 muon_lr=0.05
step=141/200 epoch=5 loss=1.0588 head_lr=402 muon_lr=0.05
step=142/200 epoch=5 loss=1.0728 head_lr=395.3 muon_lr=0.05
step=143/200 epoch=5 loss=1.0628 head_lr=388.6 muon_lr=0.05
step=144/200 epoch=5 loss=1.0607 head_lr=381.9 muon_lr=0.05
step=145/200 epoch=5 loss=1.0866 head_lr=375.2 muon_lr=0.05
step=146/200 epoch=5 loss=1.0604 head_lr=368.5 muon_lr=0.05
step=147/200 epoch=5 loss=1.0588 head_lr=361.8 muon_lr=0.05
step=148/200 epoch=5 loss=1.0587 head_lr=355.1 muon_lr=0.05
step=149/200 epoch=5 loss=1.0545 head_lr=348.4 muon_lr=0.05
step=150/200 epoch=5 loss=1.0643 head_lr=341.7 muon_lr=0.05
eval epoch=5 val_acc=0.8777 time_seconds=8.1621
step=151/200 epoch=6 loss=1.0485 head_lr=335 muon_lr=0.05
step=152/200 epoch=6 loss=1.0337 head_lr=328.3 muon_lr=0.05
step=153/200 epoch=6 loss=1.0374 head_lr=321.6 muon_lr=0.05
step=154/200 epoch=6 loss=1.0380 head_lr=314.9 muon_lr=0.05
step=155/200 epoch=6 loss=1.0559 head_lr=308.2 muon_lr=0.05
step=156/200 epoch=6 loss=1.0477 head_lr=301.5 muon_lr=0.05
step=157/200 epoch=6 loss=1.0397 head_lr=294.8 muon_lr=0.05
step=158/200 epoch=6 loss=1.0432 head_lr=288.1 muon_lr=0.05
step=159/200 epoch=6 loss=1.0627 head_lr=281.4 muon_lr=0.05
step=160/200 epoch=6 loss=1.0311 head_lr=274.7 muon_lr=0.05
step=161/200 epoch=6 loss=1.0286 head_lr=268 muon_lr=0.05
step=162/200 epoch=6 loss=1.0399 head_lr=261.3 muon_lr=0.05
step=163/200 epoch=6 loss=1.0322 head_lr=254.6 muon_lr=0.05
step=164/200 epoch=6 loss=1.0352 head_lr=247.9 muon_lr=0.05
step=165/200 epoch=6 loss=1.0525 head_lr=241.2 muon_lr=0.05
step=166/200 epoch=6 loss=1.0417 head_lr=234.5 muon_lr=0.05
step=167/200 epoch=6 loss=1.0426 head_lr=227.8 muon_lr=0.05
step=168/200 epoch=6 loss=1.0504 head_lr=221.1 muon_lr=0.05
step=169/200 epoch=6 loss=1.0355 head_lr=214.4 muon_lr=0.05
step=170/200 epoch=6 loss=1.0389 head_lr=207.7 muon_lr=0.05
step=171/200 epoch=6 loss=1.0436 head_lr=201 muon_lr=0.05
step=172/200 epoch=6 loss=1.0445 head_lr=194.3 muon_lr=0.05
step=173/200 epoch=6 loss=1.0507 head_lr=187.6 muon_lr=0.05
step=174/200 epoch=6 loss=1.0443 head_lr=180.9 muon_lr=0.05
step=175/200 epoch=6 loss=1.0222 head_lr=174.2 muon_lr=0.05
eval epoch=6 val_acc=0.8772 time_seconds=9.3421
step=176/200 epoch=7 loss=1.0095 head_lr=167.5 muon_lr=0.05
step=177/200 epoch=7 loss=1.0105 head_lr=160.8 muon_lr=0.05
step=178/200 epoch=7 loss=1.0162 head_lr=154.1 muon_lr=0.05
step=179/200 epoch=7 loss=1.0147 head_lr=147.4 muon_lr=0.05
step=180/200 epoch=7 loss=1.0165 head_lr=140.7 muon_lr=0.05
step=181/200 epoch=7 loss=1.0231 head_lr=134 muon_lr=0.05
step=182/200 epoch=7 loss=1.0164 head_lr=127.3 muon_lr=0.05
step=183/200 epoch=7 loss=1.0205 head_lr=120.6 muon_lr=0.05
step=184/200 epoch=7 loss=1.0151 head_lr=113.9 muon_lr=0.05
step=185/200 epoch=7 loss=1.0227 head_lr=107.2 muon_lr=0.05
step=186/200 epoch=7 loss=1.0255 head_lr=100.5 muon_lr=0.05
step=187/200 epoch=7 loss=1.0249 head_lr=93.8 muon_lr=0.05
step=188/200 epoch=7 loss=1.0164 head_lr=87.1 muon_lr=0.05
step=189/200 epoch=7 loss=1.0254 head_lr=80.4 muon_lr=0.05
step=190/200 epoch=7 loss=1.0175 head_lr=73.7 muon_lr=0.05
step=191/200 epoch=7 loss=1.0268 head_lr=67 muon_lr=0.05
step=192/200 epoch=7 loss=1.0204 head_lr=60.3 muon_lr=0.05
step=193/200 epoch=7 loss=1.0216 head_lr=53.6 muon_lr=0.05
step=194/200 epoch=7 loss=1.0171 head_lr=46.9 muon_lr=0.05
step=195/200 epoch=7 loss=1.0239 head_lr=40.2 muon_lr=0.05
step=196/200 epoch=7 loss=1.0194 head_lr=33.5 muon_lr=0.05
step=197/200 epoch=7 loss=1.0266 head_lr=26.8 muon_lr=0.05
step=198/200 epoch=7 loss=1.0198 head_lr=20.1 muon_lr=0.05
step=199/200 epoch=7 loss=1.0155 head_lr=13.4 muon_lr=0.05
step=200/200 epoch=7 loss=1.0123 head_lr=6.7 muon_lr=0.05
eval epoch=7 val_acc=0.8987 time_seconds=10.5238
eval epoch=final 25batch_train_loss=0.9588 val_acc=0.8987 tta_val_acc=0.9103 time_seconds=11.1237
Run:                0
Seed:               0
Batch size:         2000
Muon lr:            0.05
SGD lr mult:        1
25batch train loss: 0.9588
Val acc:            0.8987
TTA val:            0.9103
cifar_reproducibility run=1 seed=0 batch_size=2000 muon_lr=0.05
step=1/200 epoch=0 loss=2.3101 head_lr=1340 muon_lr=0.05
step=2/200 epoch=0 loss=2.3375 head_lr=1333.3 muon_lr=0.05
step=3/200 epoch=0 loss=2.4168 head_lr=1326.6 muon_lr=0.05
step=4/200 epoch=0 loss=2.1717 head_lr=1319.9 muon_lr=0.05
step=5/200 epoch=0 loss=2.1075 head_lr=1313.2 muon_lr=0.05
step=6/200 epoch=0 loss=2.0282 head_lr=1306.5 muon_lr=0.05
step=7/200 epoch=0 loss=1.9161 head_lr=1299.8 muon_lr=0.05
step=8/200 epoch=0 loss=1.8288 head_lr=1293.1 muon_lr=0.05
step=9/200 epoch=0 loss=1.7594 head_lr=1286.4 muon_lr=0.05
step=10/200 epoch=0 loss=1.7620 head_lr=1279.7 muon_lr=0.05
step=11/200 epoch=0 loss=1.7372 head_lr=1273 muon_lr=0.05
step=12/200 epoch=0 loss=1.6806 head_lr=1266.3 muon_lr=0.05
step=13/200 epoch=0 loss=1.6618 head_lr=1259.6 muon_lr=0.05
step=14/200 epoch=0 loss=1.6287 head_lr=1252.9 muon_lr=0.05
step=15/200 epoch=0 loss=1.5823 head_lr=1246.2 muon_lr=0.05
step=16/200 epoch=0 loss=1.5665 head_lr=1239.5 muon_lr=0.05
step=17/200 epoch=0 loss=1.5693 head_lr=1232.8 muon_lr=0.05
step=18/200 epoch=0 loss=1.5382 head_lr=1226.1 muon_lr=0.05
step=19/200 epoch=0 loss=1.5083 head_lr=1219.4 muon_lr=0.05
step=20/200 epoch=0 loss=1.5066 head_lr=1212.7 muon_lr=0.05
step=21/200 epoch=0 loss=1.4885 head_lr=1206 muon_lr=0.05
step=22/200 epoch=0 loss=1.4473 head_lr=1199.3 muon_lr=0.05
step=23/200 epoch=0 loss=1.4548 head_lr=1192.6 muon_lr=0.05
step=24/200 epoch=0 loss=1.4350 head_lr=1185.9 muon_lr=0.05
step=25/200 epoch=0 loss=1.4346 head_lr=1179.2 muon_lr=0.05
eval run=1 epoch=0 val_acc=0.6921 time_seconds=1.2722
step=26/200 epoch=1 loss=1.4144 head_lr=1172.5 muon_lr=0.05
step=27/200 epoch=1 loss=1.3949 head_lr=1165.8 muon_lr=0.05
step=28/200 epoch=1 loss=1.3940 head_lr=1159.1 muon_lr=0.05
step=29/200 epoch=1 loss=1.4008 head_lr=1152.4 muon_lr=0.05
step=30/200 epoch=1 loss=1.3431 head_lr=1145.7 muon_lr=0.05
step=31/200 epoch=1 loss=1.3745 head_lr=1139 muon_lr=0.05
step=32/200 epoch=1 loss=1.3518 head_lr=1132.3 muon_lr=0.05
step=33/200 epoch=1 loss=1.3502 head_lr=1125.6 muon_lr=0.05
step=34/200 epoch=1 loss=1.3093 head_lr=1118.9 muon_lr=0.05
step=35/200 epoch=1 loss=1.3490 head_lr=1112.2 muon_lr=0.05
step=36/200 epoch=1 loss=1.3459 head_lr=1105.5 muon_lr=0.05
step=37/200 epoch=1 loss=1.3154 head_lr=1098.8 muon_lr=0.05
step=38/200 epoch=1 loss=1.3112 head_lr=1092.1 muon_lr=0.05
step=39/200 epoch=1 loss=1.2981 head_lr=1085.4 muon_lr=0.05
step=40/200 epoch=1 loss=1.3016 head_lr=1078.7 muon_lr=0.05
step=41/200 epoch=1 loss=1.2963 head_lr=1072 muon_lr=0.05
step=42/200 epoch=1 loss=1.3026 head_lr=1065.3 muon_lr=0.05
step=43/200 epoch=1 loss=1.2553 head_lr=1058.6 muon_lr=0.05
step=44/200 epoch=1 loss=1.2799 head_lr=1051.9 muon_lr=0.05
step=45/200 epoch=1 loss=1.2722 head_lr=1045.2 muon_lr=0.05
step=46/200 epoch=1 loss=1.2739 head_lr=1038.5 muon_lr=0.05
step=47/200 epoch=1 loss=1.2486 head_lr=1031.8 muon_lr=0.05
step=48/200 epoch=1 loss=1.2584 head_lr=1025.1 muon_lr=0.05
step=49/200 epoch=1 loss=1.2536 head_lr=1018.4 muon_lr=0.05
step=50/200 epoch=1 loss=1.2482 head_lr=1011.7 muon_lr=0.05
eval epoch=1 val_acc=0.7831 time_seconds=2.5449
step=51/200 epoch=2 loss=1.2270 head_lr=1005 muon_lr=0.05
step=52/200 epoch=2 loss=1.2211 head_lr=998.3 muon_lr=0.05
step=53/200 epoch=2 loss=1.2188 head_lr=991.6 muon_lr=0.05
step=54/200 epoch=2 loss=1.2238 head_lr=984.9 muon_lr=0.05
step=55/200 epoch=2 loss=1.2261 head_lr=978.2 muon_lr=0.05
step=56/200 epoch=2 loss=1.2321 head_lr=971.5 muon_lr=0.05
step=57/200 epoch=2 loss=1.2080 head_lr=964.8 muon_lr=0.05
step=58/200 epoch=2 loss=1.2138 head_lr=958.1 muon_lr=0.05
step=59/200 epoch=2 loss=1.2033 head_lr=951.4 muon_lr=0.05
step=60/200 epoch=2 loss=1.2186 head_lr=944.7 muon_lr=0.05
step=61/200 epoch=2 loss=1.1953 head_lr=938 muon_lr=0.05
step=62/200 epoch=2 loss=1.1986 head_lr=931.3 muon_lr=0.05
step=63/200 epoch=2 loss=1.1950 head_lr=924.6 muon_lr=0.05
step=64/200 epoch=2 loss=1.2025 head_lr=917.9 muon_lr=0.05
step=65/200 epoch=2 loss=1.1937 head_lr=911.2 muon_lr=0.05
step=66/200 epoch=2 loss=1.2034 head_lr=904.5 muon_lr=0.05
step=67/200 epoch=2 loss=1.1946 head_lr=897.8 muon_lr=0.05
step=68/200 epoch=2 loss=1.1945 head_lr=891.1 muon_lr=0.05
step=69/200 epoch=2 loss=1.1944 head_lr=884.4 muon_lr=0.05
step=70/200 epoch=2 loss=1.1784 head_lr=877.7 muon_lr=0.05
step=71/200 epoch=2 loss=1.1919 head_lr=871 muon_lr=0.05
step=72/200 epoch=2 loss=1.1783 head_lr=864.3 muon_lr=0.05
step=73/200 epoch=2 loss=1.1890 head_lr=857.6 muon_lr=0.05
step=74/200 epoch=2 loss=1.1688 head_lr=850.9 muon_lr=0.05
step=75/200 epoch=2 loss=1.1948 head_lr=844.2 muon_lr=0.05
eval epoch=2 val_acc=0.8184 time_seconds=3.8179
step=76/200 epoch=3 loss=1.1471 head_lr=837.5 muon_lr=0.05
step=77/200 epoch=3 loss=1.1474 head_lr=830.8 muon_lr=0.05
step=78/200 epoch=3 loss=1.1461 head_lr=824.1 muon_lr=0.05
step=79/200 epoch=3 loss=1.1579 head_lr=817.4 muon_lr=0.05
step=80/200 epoch=3 loss=1.1444 head_lr=810.7 muon_lr=0.05
step=81/200 epoch=3 loss=1.1398 head_lr=804 muon_lr=0.05
step=82/200 epoch=3 loss=1.1528 head_lr=797.3 muon_lr=0.05
step=83/200 epoch=3 loss=1.1434 head_lr=790.6 muon_lr=0.05
step=84/200 epoch=3 loss=1.1481 head_lr=783.9 muon_lr=0.05
step=85/200 epoch=3 loss=1.1538 head_lr=777.2 muon_lr=0.05
step=86/200 epoch=3 loss=1.1351 head_lr=770.5 muon_lr=0.05
step=87/200 epoch=3 loss=1.1379 head_lr=763.8 muon_lr=0.05
step=88/200 epoch=3 loss=1.1381 head_lr=757.1 muon_lr=0.05
step=89/200 epoch=3 loss=1.1299 head_lr=750.4 muon_lr=0.05
step=90/200 epoch=3 loss=1.1355 head_lr=743.7 muon_lr=0.05
step=91/200 epoch=3 loss=1.1276 head_lr=737 muon_lr=0.05
step=92/200 epoch=3 loss=1.1290 head_lr=730.3 muon_lr=0.05
step=93/200 epoch=3 loss=1.1379 head_lr=723.6 muon_lr=0.05
step=94/200 epoch=3 loss=1.1318 head_lr=716.9 muon_lr=0.05
step=95/200 epoch=3 loss=1.1483 head_lr=710.2 muon_lr=0.05
step=96/200 epoch=3 loss=1.1296 head_lr=703.5 muon_lr=0.05
step=97/200 epoch=3 loss=1.1308 head_lr=696.8 muon_lr=0.05
step=98/200 epoch=3 loss=1.1211 head_lr=690.1 muon_lr=0.05
step=99/200 epoch=3 loss=1.1363 head_lr=683.4 muon_lr=0.05
step=100/200 epoch=3 loss=1.1420 head_lr=676.7 muon_lr=0.05
eval epoch=3 val_acc=0.8482 time_seconds=5.0065
step=101/200 epoch=4 loss=1.1037 head_lr=670 muon_lr=0.05
step=102/200 epoch=4 loss=1.1022 head_lr=663.3 muon_lr=0.05
step=103/200 epoch=4 loss=1.0905 head_lr=656.6 muon_lr=0.05
step=104/200 epoch=4 loss=1.1062 head_lr=649.9 muon_lr=0.05
step=105/200 epoch=4 loss=1.0966 head_lr=643.2 muon_lr=0.05
step=106/200 epoch=4 loss=1.1152 head_lr=636.5 muon_lr=0.05
step=107/200 epoch=4 loss=1.0957 head_lr=629.8 muon_lr=0.05
step=108/200 epoch=4 loss=1.0971 head_lr=623.1 muon_lr=0.05
step=109/200 epoch=4 loss=1.1041 head_lr=616.4 muon_lr=0.05
step=110/200 epoch=4 loss=1.0977 head_lr=609.7 muon_lr=0.05
step=111/200 epoch=4 loss=1.1006 head_lr=603 muon_lr=0.05
step=112/200 epoch=4 loss=1.0952 head_lr=596.3 muon_lr=0.05
step=113/200 epoch=4 loss=1.1127 head_lr=589.6 muon_lr=0.05
step=114/200 epoch=4 loss=1.0946 head_lr=582.9 muon_lr=0.05
step=115/200 epoch=4 loss=1.0909 head_lr=576.2 muon_lr=0.05
step=116/200 epoch=4 loss=1.0999 head_lr=569.5 muon_lr=0.05
step=117/200 epoch=4 loss=1.0865 head_lr=562.8 muon_lr=0.05
step=118/200 epoch=4 loss=1.0753 head_lr=556.1 muon_lr=0.05
step=119/200 epoch=4 loss=1.0986 head_lr=549.4 muon_lr=0.05
step=120/200 epoch=4 loss=1.0819 head_lr=542.7 muon_lr=0.05
step=121/200 epoch=4 loss=1.0967 head_lr=536 muon_lr=0.05
step=122/200 epoch=4 loss=1.0929 head_lr=529.3 muon_lr=0.05
step=123/200 epoch=4 loss=1.0926 head_lr=522.6 muon_lr=0.05
step=124/200 epoch=4 loss=1.1173 head_lr=515.9 muon_lr=0.05
step=125/200 epoch=4 loss=1.0882 head_lr=509.2 muon_lr=0.05
eval epoch=4 val_acc=0.8641 time_seconds=6.1899
step=126/200 epoch=5 loss=1.0681 head_lr=502.5 muon_lr=0.05
step=127/200 epoch=5 loss=1.0641 head_lr=495.8 muon_lr=0.05
step=128/200 epoch=5 loss=1.0755 head_lr=489.1 muon_lr=0.05
step=129/200 epoch=5 loss=1.0740 head_lr=482.4 muon_lr=0.05
step=130/200 epoch=5 loss=1.0625 head_lr=475.7 muon_lr=0.05
step=131/200 epoch=5 loss=1.0740 head_lr=469 muon_lr=0.05
step=132/200 epoch=5 loss=1.0670 head_lr=462.3 muon_lr=0.05
step=133/200 epoch=5 loss=1.0665 head_lr=455.6 muon_lr=0.05
step=134/200 epoch=5 loss=1.0607 head_lr=448.9 muon_lr=0.05
step=135/200 epoch=5 loss=1.0644 head_lr=442.2 muon_lr=0.05
step=136/200 epoch=5 loss=1.0704 head_lr=435.5 muon_lr=0.05
step=137/200 epoch=5 loss=1.0693 head_lr=428.8 muon_lr=0.05
step=138/200 epoch=5 loss=1.0530 head_lr=422.1 muon_lr=0.05
step=139/200 epoch=5 loss=1.0667 head_lr=415.4 muon_lr=0.05
step=140/200 epoch=5 loss=1.0579 head_lr=408.7 muon_lr=0.05
step=141/200 epoch=5 loss=1.0588 head_lr=402 muon_lr=0.05
step=142/200 epoch=5 loss=1.0728 head_lr=395.3 muon_lr=0.05
step=143/200 epoch=5 loss=1.0628 head_lr=388.6 muon_lr=0.05
step=144/200 epoch=5 loss=1.0607 head_lr=381.9 muon_lr=0.05
step=145/200 epoch=5 loss=1.0866 head_lr=375.2 muon_lr=0.05
step=146/200 epoch=5 loss=1.0604 head_lr=368.5 muon_lr=0.05
step=147/200 epoch=5 loss=1.0588 head_lr=361.8 muon_lr=0.05
step=148/200 epoch=5 loss=1.0587 head_lr=355.1 muon_lr=0.05
step=149/200 epoch=5 loss=1.0545 head_lr=348.4 muon_lr=0.05
step=150/200 epoch=5 loss=1.0643 head_lr=341.7 muon_lr=0.05
eval epoch=5 val_acc=0.8777 time_seconds=7.3770
step=151/200 epoch=6 loss=1.0485 head_lr=335 muon_lr=0.05
step=152/200 epoch=6 loss=1.0337 head_lr=328.3 muon_lr=0.05
step=153/200 epoch=6 loss=1.0374 head_lr=321.6 muon_lr=0.05
step=154/200 epoch=6 loss=1.0380 head_lr=314.9 muon_lr=0.05
step=155/200 epoch=6 loss=1.0559 head_lr=308.2 muon_lr=0.05
step=156/200 epoch=6 loss=1.0477 head_lr=301.5 muon_lr=0.05
step=157/200 epoch=6 loss=1.0397 head_lr=294.8 muon_lr=0.05
step=158/200 epoch=6 loss=1.0432 head_lr=288.1 muon_lr=0.05
step=159/200 epoch=6 loss=1.0627 head_lr=281.4 muon_lr=0.05
step=160/200 epoch=6 loss=1.0311 head_lr=274.7 muon_lr=0.05
step=161/200 epoch=6 loss=1.0286 head_lr=268 muon_lr=0.05
step=162/200 epoch=6 loss=1.0399 head_lr=261.3 muon_lr=0.05
step=163/200 epoch=6 loss=1.0322 head_lr=254.6 muon_lr=0.05
step=164/200 epoch=6 loss=1.0352 head_lr=247.9 muon_lr=0.05
step=165/200 epoch=6 loss=1.0525 head_lr=241.2 muon_lr=0.05
step=166/200 epoch=6 loss=1.0417 head_lr=234.5 muon_lr=0.05
step=167/200 epoch=6 loss=1.0426 head_lr=227.8 muon_lr=0.05
step=168/200 epoch=6 loss=1.0504 head_lr=221.1 muon_lr=0.05
step=169/200 epoch=6 loss=1.0355 head_lr=214.4 muon_lr=0.05
step=170/200 epoch=6 loss=1.0389 head_lr=207.7 muon_lr=0.05
step=171/200 epoch=6 loss=1.0436 head_lr=201 muon_lr=0.05
step=172/200 epoch=6 loss=1.0445 head_lr=194.3 muon_lr=0.05
step=173/200 epoch=6 loss=1.0507 head_lr=187.6 muon_lr=0.05
step=174/200 epoch=6 loss=1.0443 head_lr=180.9 muon_lr=0.05
step=175/200 epoch=6 loss=1.0222 head_lr=174.2 muon_lr=0.05
eval epoch=6 val_acc=0.8772 time_seconds=8.5649
step=176/200 epoch=7 loss=1.0095 head_lr=167.5 muon_lr=0.05
step=177/200 epoch=7 loss=1.0105 head_lr=160.8 muon_lr=0.05
step=178/200 epoch=7 loss=1.0162 head_lr=154.1 muon_lr=0.05
step=179/200 epoch=7 loss=1.0147 head_lr=147.4 muon_lr=0.05
step=180/200 epoch=7 loss=1.0165 head_lr=140.7 muon_lr=0.05
step=181/200 epoch=7 loss=1.0231 head_lr=134 muon_lr=0.05
step=182/200 epoch=7 loss=1.0164 head_lr=127.3 muon_lr=0.05
step=183/200 epoch=7 loss=1.0205 head_lr=120.6 muon_lr=0.05
step=184/200 epoch=7 loss=1.0151 head_lr=113.9 muon_lr=0.05
step=185/200 epoch=7 loss=1.0227 head_lr=107.2 muon_lr=0.05
step=186/200 epoch=7 loss=1.0255 head_lr=100.5 muon_lr=0.05
step=187/200 epoch=7 loss=1.0249 head_lr=93.8 muon_lr=0.05
step=188/200 epoch=7 loss=1.0164 head_lr=87.1 muon_lr=0.05
step=189/200 epoch=7 loss=1.0254 head_lr=80.4 muon_lr=0.05
step=190/200 epoch=7 loss=1.0175 head_lr=73.7 muon_lr=0.05
step=191/200 epoch=7 loss=1.0268 head_lr=67 muon_lr=0.05
step=192/200 epoch=7 loss=1.0204 head_lr=60.3 muon_lr=0.05
step=193/200 epoch=7 loss=1.0216 head_lr=53.6 muon_lr=0.05
step=194/200 epoch=7 loss=1.0171 head_lr=46.9 muon_lr=0.05
step=195/200 epoch=7 loss=1.0239 head_lr=40.2 muon_lr=0.05
step=196/200 epoch=7 loss=1.0194 head_lr=33.5 muon_lr=0.05
step=197/200 epoch=7 loss=1.0266 head_lr=26.8 muon_lr=0.05
step=198/200 epoch=7 loss=1.0198 head_lr=20.1 muon_lr=0.05
step=199/200 epoch=7 loss=1.0155 head_lr=13.4 muon_lr=0.05
step=200/200 epoch=7 loss=1.0123 head_lr=6.7 muon_lr=0.05
eval epoch=7 val_acc=0.8987 time_seconds=9.7540
eval epoch=final 25batch_train_loss=0.9588 val_acc=0.8987 tta_val_acc=0.9103 time_seconds=10.3577
Run:                1
Seed:               0
Batch size:         2000
Muon lr:            0.05
SGD lr mult:        1
25batch train loss: 0.9588
Val acc:            0.8987
TTA val:            0.9103
cifar_reproducibility run=2 seed=0 batch_size=2000 muon_lr=0.05
step=1/200 epoch=0 loss=2.3101 head_lr=1340 muon_lr=0.05
step=2/200 epoch=0 loss=2.3375 head_lr=1333.3 muon_lr=0.05
step=3/200 epoch=0 loss=2.4168 head_lr=1326.6 muon_lr=0.05
step=4/200 epoch=0 loss=2.1717 head_lr=1319.9 muon_lr=0.05
step=5/200 epoch=0 loss=2.1075 head_lr=1313.2 muon_lr=0.05
step=6/200 epoch=0 loss=2.0282 head_lr=1306.5 muon_lr=0.05
step=7/200 epoch=0 loss=1.9161 head_lr=1299.8 muon_lr=0.05
step=8/200 epoch=0 loss=1.8288 head_lr=1293.1 muon_lr=0.05
step=9/200 epoch=0 loss=1.7594 head_lr=1286.4 muon_lr=0.05
step=10/200 epoch=0 loss=1.7620 head_lr=1279.7 muon_lr=0.05
step=11/200 epoch=0 loss=1.7372 head_lr=1273 muon_lr=0.05
step=12/200 epoch=0 loss=1.6806 head_lr=1266.3 muon_lr=0.05
step=13/200 epoch=0 loss=1.6618 head_lr=1259.6 muon_lr=0.05
step=14/200 epoch=0 loss=1.6287 head_lr=1252.9 muon_lr=0.05
step=15/200 epoch=0 loss=1.5823 head_lr=1246.2 muon_lr=0.05
step=16/200 epoch=0 loss=1.5665 head_lr=1239.5 muon_lr=0.05
step=17/200 epoch=0 loss=1.5693 head_lr=1232.8 muon_lr=0.05
step=18/200 epoch=0 loss=1.5382 head_lr=1226.1 muon_lr=0.05
step=19/200 epoch=0 loss=1.5083 head_lr=1219.4 muon_lr=0.05
step=20/200 epoch=0 loss=1.5066 head_lr=1212.7 muon_lr=0.05
step=21/200 epoch=0 loss=1.4885 head_lr=1206 muon_lr=0.05
step=22/200 epoch=0 loss=1.4473 head_lr=1199.3 muon_lr=0.05
step=23/200 epoch=0 loss=1.4548 head_lr=1192.6 muon_lr=0.05
step=24/200 epoch=0 loss=1.4350 head_lr=1185.9 muon_lr=0.05
step=25/200 epoch=0 loss=1.4346 head_lr=1179.2 muon_lr=0.05
eval run=2 epoch=0 val_acc=0.6921 time_seconds=1.2805
step=26/200 epoch=1 loss=1.4144 head_lr=1172.5 muon_lr=0.05
step=27/200 epoch=1 loss=1.3949 head_lr=1165.8 muon_lr=0.05
step=28/200 epoch=1 loss=1.3940 head_lr=1159.1 muon_lr=0.05
step=29/200 epoch=1 loss=1.4008 head_lr=1152.4 muon_lr=0.05
step=30/200 epoch=1 loss=1.3431 head_lr=1145.7 muon_lr=0.05
step=31/200 epoch=1 loss=1.3745 head_lr=1139 muon_lr=0.05
step=32/200 epoch=1 loss=1.3518 head_lr=1132.3 muon_lr=0.05
step=33/200 epoch=1 loss=1.3502 head_lr=1125.6 muon_lr=0.05
step=34/200 epoch=1 loss=1.3093 head_lr=1118.9 muon_lr=0.05
step=35/200 epoch=1 loss=1.3490 head_lr=1112.2 muon_lr=0.05
step=36/200 epoch=1 loss=1.3459 head_lr=1105.5 muon_lr=0.05
step=37/200 epoch=1 loss=1.3154 head_lr=1098.8 muon_lr=0.05
step=38/200 epoch=1 loss=1.3112 head_lr=1092.1 muon_lr=0.05
step=39/200 epoch=1 loss=1.2981 head_lr=1085.4 muon_lr=0.05
step=40/200 epoch=1 loss=1.3016 head_lr=1078.7 muon_lr=0.05
step=41/200 epoch=1 loss=1.2963 head_lr=1072 muon_lr=0.05
step=42/200 epoch=1 loss=1.3026 head_lr=1065.3 muon_lr=0.05
step=43/200 epoch=1 loss=1.2553 head_lr=1058.6 muon_lr=0.05
step=44/200 epoch=1 loss=1.2799 head_lr=1051.9 muon_lr=0.05
step=45/200 epoch=1 loss=1.2722 head_lr=1045.2 muon_lr=0.05
step=46/200 epoch=1 loss=1.2739 head_lr=1038.5 muon_lr=0.05
step=47/200 epoch=1 loss=1.2486 head_lr=1031.8 muon_lr=0.05
step=48/200 epoch=1 loss=1.2584 head_lr=1025.1 muon_lr=0.05
step=49/200 epoch=1 loss=1.2536 head_lr=1018.4 muon_lr=0.05
step=50/200 epoch=1 loss=1.2482 head_lr=1011.7 muon_lr=0.05
eval epoch=1 val_acc=0.7831 time_seconds=2.5588
step=51/200 epoch=2 loss=1.2270 head_lr=1005 muon_lr=0.05
step=52/200 epoch=2 loss=1.2211 head_lr=998.3 muon_lr=0.05
step=53/200 epoch=2 loss=1.2188 head_lr=991.6 muon_lr=0.05
step=54/200 epoch=2 loss=1.2238 head_lr=984.9 muon_lr=0.05
step=55/200 epoch=2 loss=1.2261 head_lr=978.2 muon_lr=0.05
step=56/200 epoch=2 loss=1.2321 head_lr=971.5 muon_lr=0.05
step=57/200 epoch=2 loss=1.2080 head_lr=964.8 muon_lr=0.05
step=58/200 epoch=2 loss=1.2138 head_lr=958.1 muon_lr=0.05
step=59/200 epoch=2 loss=1.2033 head_lr=951.4 muon_lr=0.05
step=60/200 epoch=2 loss=1.2186 head_lr=944.7 muon_lr=0.05
step=61/200 epoch=2 loss=1.1953 head_lr=938 muon_lr=0.05
step=62/200 epoch=2 loss=1.1986 head_lr=931.3 muon_lr=0.05
step=63/200 epoch=2 loss=1.1950 head_lr=924.6 muon_lr=0.05
step=64/200 epoch=2 loss=1.2025 head_lr=917.9 muon_lr=0.05
step=65/200 epoch=2 loss=1.1937 head_lr=911.2 muon_lr=0.05
step=66/200 epoch=2 loss=1.2034 head_lr=904.5 muon_lr=0.05
step=67/200 epoch=2 loss=1.1946 head_lr=897.8 muon_lr=0.05
step=68/200 epoch=2 loss=1.1945 head_lr=891.1 muon_lr=0.05
step=69/200 epoch=2 loss=1.1944 head_lr=884.4 muon_lr=0.05
step=70/200 epoch=2 loss=1.1784 head_lr=877.7 muon_lr=0.05
step=71/200 epoch=2 loss=1.1919 head_lr=871 muon_lr=0.05
step=72/200 epoch=2 loss=1.1783 head_lr=864.3 muon_lr=0.05
step=73/200 epoch=2 loss=1.1890 head_lr=857.6 muon_lr=0.05
step=74/200 epoch=2 loss=1.1688 head_lr=850.9 muon_lr=0.05
step=75/200 epoch=2 loss=1.1948 head_lr=844.2 muon_lr=0.05
eval epoch=2 val_acc=0.8184 time_seconds=3.8367
step=76/200 epoch=3 loss=1.1471 head_lr=837.5 muon_lr=0.05
step=77/200 epoch=3 loss=1.1474 head_lr=830.8 muon_lr=0.05
step=78/200 epoch=3 loss=1.1461 head_lr=824.1 muon_lr=0.05
step=79/200 epoch=3 loss=1.1579 head_lr=817.4 muon_lr=0.05
step=80/200 epoch=3 loss=1.1444 head_lr=810.7 muon_lr=0.05
step=81/200 epoch=3 loss=1.1398 head_lr=804 muon_lr=0.05
step=82/200 epoch=3 loss=1.1528 head_lr=797.3 muon_lr=0.05
step=83/200 epoch=3 loss=1.1434 head_lr=790.6 muon_lr=0.05
step=84/200 epoch=3 loss=1.1481 head_lr=783.9 muon_lr=0.05
step=85/200 epoch=3 loss=1.1538 head_lr=777.2 muon_lr=0.05
step=86/200 epoch=3 loss=1.1351 head_lr=770.5 muon_lr=0.05
step=87/200 epoch=3 loss=1.1379 head_lr=763.8 muon_lr=0.05
step=88/200 epoch=3 loss=1.1381 head_lr=757.1 muon_lr=0.05
step=89/200 epoch=3 loss=1.1299 head_lr=750.4 muon_lr=0.05
step=90/200 epoch=3 loss=1.1355 head_lr=743.7 muon_lr=0.05
step=91/200 epoch=3 loss=1.1276 head_lr=737 muon_lr=0.05
step=92/200 epoch=3 loss=1.1290 head_lr=730.3 muon_lr=0.05
step=93/200 epoch=3 loss=1.1379 head_lr=723.6 muon_lr=0.05
step=94/200 epoch=3 loss=1.1318 head_lr=716.9 muon_lr=0.05
step=95/200 epoch=3 loss=1.1483 head_lr=710.2 muon_lr=0.05
step=96/200 epoch=3 loss=1.1296 head_lr=703.5 muon_lr=0.05
step=97/200 epoch=3 loss=1.1308 head_lr=696.8 muon_lr=0.05
step=98/200 epoch=3 loss=1.1211 head_lr=690.1 muon_lr=0.05
step=99/200 epoch=3 loss=1.1363 head_lr=683.4 muon_lr=0.05
step=100/200 epoch=3 loss=1.1420 head_lr=676.7 muon_lr=0.05
eval epoch=3 val_acc=0.8482 time_seconds=5.0286
step=101/200 epoch=4 loss=1.1037 head_lr=670 muon_lr=0.05
step=102/200 epoch=4 loss=1.1022 head_lr=663.3 muon_lr=0.05
step=103/200 epoch=4 loss=1.0905 head_lr=656.6 muon_lr=0.05
step=104/200 epoch=4 loss=1.1062 head_lr=649.9 muon_lr=0.05
step=105/200 epoch=4 loss=1.0966 head_lr=643.2 muon_lr=0.05
step=106/200 epoch=4 loss=1.1152 head_lr=636.5 muon_lr=0.05
step=107/200 epoch=4 loss=1.0957 head_lr=629.8 muon_lr=0.05
step=108/200 epoch=4 loss=1.0971 head_lr=623.1 muon_lr=0.05
step=109/200 epoch=4 loss=1.1041 head_lr=616.4 muon_lr=0.05
step=110/200 epoch=4 loss=1.0977 head_lr=609.7 muon_lr=0.05
step=111/200 epoch=4 loss=1.1006 head_lr=603 muon_lr=0.05
step=112/200 epoch=4 loss=1.0952 head_lr=596.3 muon_lr=0.05
step=113/200 epoch=4 loss=1.1127 head_lr=589.6 muon_lr=0.05
step=114/200 epoch=4 loss=1.0946 head_lr=582.9 muon_lr=0.05
step=115/200 epoch=4 loss=1.0909 head_lr=576.2 muon_lr=0.05
step=116/200 epoch=4 loss=1.0999 head_lr=569.5 muon_lr=0.05
step=117/200 epoch=4 loss=1.0865 head_lr=562.8 muon_lr=0.05
step=118/200 epoch=4 loss=1.0753 head_lr=556.1 muon_lr=0.05
step=119/200 epoch=4 loss=1.0986 head_lr=549.4 muon_lr=0.05
step=120/200 epoch=4 loss=1.0819 head_lr=542.7 muon_lr=0.05
step=121/200 epoch=4 loss=1.0967 head_lr=536 muon_lr=0.05
step=122/200 epoch=4 loss=1.0929 head_lr=529.3 muon_lr=0.05
step=123/200 epoch=4 loss=1.0926 head_lr=522.6 muon_lr=0.05
step=124/200 epoch=4 loss=1.1173 head_lr=515.9 muon_lr=0.05
step=125/200 epoch=4 loss=1.0882 head_lr=509.2 muon_lr=0.05
eval epoch=4 val_acc=0.8641 time_seconds=6.2183
step=126/200 epoch=5 loss=1.0681 head_lr=502.5 muon_lr=0.05
step=127/200 epoch=5 loss=1.0641 head_lr=495.8 muon_lr=0.05
step=128/200 epoch=5 loss=1.0755 head_lr=489.1 muon_lr=0.05
step=129/200 epoch=5 loss=1.0740 head_lr=482.4 muon_lr=0.05
step=130/200 epoch=5 loss=1.0625 head_lr=475.7 muon_lr=0.05
step=131/200 epoch=5 loss=1.0740 head_lr=469 muon_lr=0.05
step=132/200 epoch=5 loss=1.0670 head_lr=462.3 muon_lr=0.05
step=133/200 epoch=5 loss=1.0665 head_lr=455.6 muon_lr=0.05
step=134/200 epoch=5 loss=1.0607 head_lr=448.9 muon_lr=0.05
step=135/200 epoch=5 loss=1.0644 head_lr=442.2 muon_lr=0.05
step=136/200 epoch=5 loss=1.0704 head_lr=435.5 muon_lr=0.05
step=137/200 epoch=5 loss=1.0693 head_lr=428.8 muon_lr=0.05
step=138/200 epoch=5 loss=1.0530 head_lr=422.1 muon_lr=0.05
step=139/200 epoch=5 loss=1.0667 head_lr=415.4 muon_lr=0.05
step=140/200 epoch=5 loss=1.0579 head_lr=408.7 muon_lr=0.05
step=141/200 epoch=5 loss=1.0588 head_lr=402 muon_lr=0.05
step=142/200 epoch=5 loss=1.0728 head_lr=395.3 muon_lr=0.05
step=143/200 epoch=5 loss=1.0628 head_lr=388.6 muon_lr=0.05
step=144/200 epoch=5 loss=1.0607 head_lr=381.9 muon_lr=0.05
step=145/200 epoch=5 loss=1.0866 head_lr=375.2 muon_lr=0.05
step=146/200 epoch=5 loss=1.0604 head_lr=368.5 muon_lr=0.05
step=147/200 epoch=5 loss=1.0588 head_lr=361.8 muon_lr=0.05
step=148/200 epoch=5 loss=1.0587 head_lr=355.1 muon_lr=0.05
step=149/200 epoch=5 loss=1.0545 head_lr=348.4 muon_lr=0.05
step=150/200 epoch=5 loss=1.0643 head_lr=341.7 muon_lr=0.05
eval epoch=5 val_acc=0.8777 time_seconds=7.4114
step=151/200 epoch=6 loss=1.0485 head_lr=335 muon_lr=0.05
step=152/200 epoch=6 loss=1.0337 head_lr=328.3 muon_lr=0.05
step=153/200 epoch=6 loss=1.0374 head_lr=321.6 muon_lr=0.05
step=154/200 epoch=6 loss=1.0380 head_lr=314.9 muon_lr=0.05
step=155/200 epoch=6 loss=1.0559 head_lr=308.2 muon_lr=0.05
step=156/200 epoch=6 loss=1.0477 head_lr=301.5 muon_lr=0.05
step=157/200 epoch=6 loss=1.0397 head_lr=294.8 muon_lr=0.05
step=158/200 epoch=6 loss=1.0432 head_lr=288.1 muon_lr=0.05
step=159/200 epoch=6 loss=1.0627 head_lr=281.4 muon_lr=0.05
step=160/200 epoch=6 loss=1.0311 head_lr=274.7 muon_lr=0.05
step=161/200 epoch=6 loss=1.0286 head_lr=268 muon_lr=0.05
step=162/200 epoch=6 loss=1.0399 head_lr=261.3 muon_lr=0.05
step=163/200 epoch=6 loss=1.0322 head_lr=254.6 muon_lr=0.05
step=164/200 epoch=6 loss=1.0352 head_lr=247.9 muon_lr=0.05
step=165/200 epoch=6 loss=1.0525 head_lr=241.2 muon_lr=0.05
step=166/200 epoch=6 loss=1.0417 head_lr=234.5 muon_lr=0.05
step=167/200 epoch=6 loss=1.0426 head_lr=227.8 muon_lr=0.05
step=168/200 epoch=6 loss=1.0504 head_lr=221.1 muon_lr=0.05
step=169/200 epoch=6 loss=1.0355 head_lr=214.4 muon_lr=0.05
step=170/200 epoch=6 loss=1.0389 head_lr=207.7 muon_lr=0.05
step=171/200 epoch=6 loss=1.0436 head_lr=201 muon_lr=0.05
step=172/200 epoch=6 loss=1.0445 head_lr=194.3 muon_lr=0.05
step=173/200 epoch=6 loss=1.0507 head_lr=187.6 muon_lr=0.05
step=174/200 epoch=6 loss=1.0443 head_lr=180.9 muon_lr=0.05
step=175/200 epoch=6 loss=1.0222 head_lr=174.2 muon_lr=0.05
eval epoch=6 val_acc=0.8772 time_seconds=8.6051
step=176/200 epoch=7 loss=1.0095 head_lr=167.5 muon_lr=0.05
step=177/200 epoch=7 loss=1.0105 head_lr=160.8 muon_lr=0.05
step=178/200 epoch=7 loss=1.0162 head_lr=154.1 muon_lr=0.05
step=179/200 epoch=7 loss=1.0147 head_lr=147.4 muon_lr=0.05
step=180/200 epoch=7 loss=1.0165 head_lr=140.7 muon_lr=0.05
step=181/200 epoch=7 loss=1.0231 head_lr=134 muon_lr=0.05
step=182/200 epoch=7 loss=1.0164 head_lr=127.3 muon_lr=0.05
step=183/200 epoch=7 loss=1.0205 head_lr=120.6 muon_lr=0.05
step=184/200 epoch=7 loss=1.0151 head_lr=113.9 muon_lr=0.05
step=185/200 epoch=7 loss=1.0227 head_lr=107.2 muon_lr=0.05
step=186/200 epoch=7 loss=1.0255 head_lr=100.5 muon_lr=0.05
step=187/200 epoch=7 loss=1.0249 head_lr=93.8 muon_lr=0.05
step=188/200 epoch=7 loss=1.0164 head_lr=87.1 muon_lr=0.05
step=189/200 epoch=7 loss=1.0254 head_lr=80.4 muon_lr=0.05
step=190/200 epoch=7 loss=1.0175 head_lr=73.7 muon_lr=0.05
step=191/200 epoch=7 loss=1.0268 head_lr=67 muon_lr=0.05
step=192/200 epoch=7 loss=1.0204 head_lr=60.3 muon_lr=0.05
step=193/200 epoch=7 loss=1.0216 head_lr=53.6 muon_lr=0.05
step=194/200 epoch=7 loss=1.0171 head_lr=46.9 muon_lr=0.05
step=195/200 epoch=7 loss=1.0239 head_lr=40.2 muon_lr=0.05
step=196/200 epoch=7 loss=1.0194 head_lr=33.5 muon_lr=0.05
step=197/200 epoch=7 loss=1.0266 head_lr=26.8 muon_lr=0.05
step=198/200 epoch=7 loss=1.0198 head_lr=20.1 muon_lr=0.05
step=199/200 epoch=7 loss=1.0155 head_lr=13.4 muon_lr=0.05
step=200/200 epoch=7 loss=1.0123 head_lr=6.7 muon_lr=0.05
eval epoch=7 val_acc=0.8987 time_seconds=9.7992
eval epoch=final 25batch_train_loss=0.9588 val_acc=0.8987 tta_val_acc=0.9103 time_seconds=10.4039
Run:                2
Seed:               0
Batch size:         2000
Muon lr:            0.05
SGD lr mult:        1
25batch train loss: 0.9588
Val acc:            0.8987
TTA val:            0.9103
cifar_reproducibility run=3 seed=0 batch_size=2000 muon_lr=0.05
step=1/200 epoch=0 loss=2.3101 head_lr=1340 muon_lr=0.05
step=2/200 epoch=0 loss=2.3375 head_lr=1333.3 muon_lr=0.05
step=3/200 epoch=0 loss=2.4168 head_lr=1326.6 muon_lr=0.05
step=4/200 epoch=0 loss=2.1717 head_lr=1319.9 muon_lr=0.05
step=5/200 epoch=0 loss=2.1075 head_lr=1313.2 muon_lr=0.05
step=6/200 epoch=0 loss=2.0282 head_lr=1306.5 muon_lr=0.05
step=7/200 epoch=0 loss=1.9161 head_lr=1299.8 muon_lr=0.05
step=8/200 epoch=0 loss=1.8288 head_lr=1293.1 muon_lr=0.05
step=9/200 epoch=0 loss=1.7594 head_lr=1286.4 muon_lr=0.05
step=10/200 epoch=0 loss=1.7620 head_lr=1279.7 muon_lr=0.05
step=11/200 epoch=0 loss=1.7372 head_lr=1273 muon_lr=0.05
step=12/200 epoch=0 loss=1.6806 head_lr=1266.3 muon_lr=0.05
step=13/200 epoch=0 loss=1.6618 head_lr=1259.6 muon_lr=0.05
step=14/200 epoch=0 loss=1.6287 head_lr=1252.9 muon_lr=0.05
step=15/200 epoch=0 loss=1.5823 head_lr=1246.2 muon_lr=0.05
step=16/200 epoch=0 loss=1.5665 head_lr=1239.5 muon_lr=0.05
step=17/200 epoch=0 loss=1.5693 head_lr=1232.8 muon_lr=0.05
step=18/200 epoch=0 loss=1.5382 head_lr=1226.1 muon_lr=0.05
step=19/200 epoch=0 loss=1.5083 head_lr=1219.4 muon_lr=0.05
step=20/200 epoch=0 loss=1.5066 head_lr=1212.7 muon_lr=0.05
step=21/200 epoch=0 loss=1.4885 head_lr=1206 muon_lr=0.05
step=22/200 epoch=0 loss=1.4473 head_lr=1199.3 muon_lr=0.05
step=23/200 epoch=0 loss=1.4548 head_lr=1192.6 muon_lr=0.05
step=24/200 epoch=0 loss=1.4350 head_lr=1185.9 muon_lr=0.05
step=25/200 epoch=0 loss=1.4346 head_lr=1179.2 muon_lr=0.05
eval run=3 epoch=0 val_acc=0.6921 time_seconds=1.2860
step=26/200 epoch=1 loss=1.4144 head_lr=1172.5 muon_lr=0.05
step=27/200 epoch=1 loss=1.3949 head_lr=1165.8 muon_lr=0.05
step=28/200 epoch=1 loss=1.3940 head_lr=1159.1 muon_lr=0.05
step=29/200 epoch=1 loss=1.4008 head_lr=1152.4 muon_lr=0.05
step=30/200 epoch=1 loss=1.3431 head_lr=1145.7 muon_lr=0.05
step=31/200 epoch=1 loss=1.3745 head_lr=1139 muon_lr=0.05
step=32/200 epoch=1 loss=1.3518 head_lr=1132.3 muon_lr=0.05
step=33/200 epoch=1 loss=1.3502 head_lr=1125.6 muon_lr=0.05
step=34/200 epoch=1 loss=1.3093 head_lr=1118.9 muon_lr=0.05
step=35/200 epoch=1 loss=1.3490 head_lr=1112.2 muon_lr=0.05
step=36/200 epoch=1 loss=1.3459 head_lr=1105.5 muon_lr=0.05
step=37/200 epoch=1 loss=1.3154 head_lr=1098.8 muon_lr=0.05
step=38/200 epoch=1 loss=1.3112 head_lr=1092.1 muon_lr=0.05
step=39/200 epoch=1 loss=1.2981 head_lr=1085.4 muon_lr=0.05
step=40/200 epoch=1 loss=1.3016 head_lr=1078.7 muon_lr=0.05
step=41/200 epoch=1 loss=1.2963 head_lr=1072 muon_lr=0.05
step=42/200 epoch=1 loss=1.3026 head_lr=1065.3 muon_lr=0.05
step=43/200 epoch=1 loss=1.2553 head_lr=1058.6 muon_lr=0.05
step=44/200 epoch=1 loss=1.2799 head_lr=1051.9 muon_lr=0.05
step=45/200 epoch=1 loss=1.2722 head_lr=1045.2 muon_lr=0.05
step=46/200 epoch=1 loss=1.2739 head_lr=1038.5 muon_lr=0.05
step=47/200 epoch=1 loss=1.2486 head_lr=1031.8 muon_lr=0.05
step=48/200 epoch=1 loss=1.2584 head_lr=1025.1 muon_lr=0.05
step=49/200 epoch=1 loss=1.2536 head_lr=1018.4 muon_lr=0.05
step=50/200 epoch=1 loss=1.2482 head_lr=1011.7 muon_lr=0.05
eval epoch=1 val_acc=0.7831 time_seconds=2.5697
step=51/200 epoch=2 loss=1.2270 head_lr=1005 muon_lr=0.05
step=52/200 epoch=2 loss=1.2211 head_lr=998.3 muon_lr=0.05
step=53/200 epoch=2 loss=1.2188 head_lr=991.6 muon_lr=0.05
step=54/200 epoch=2 loss=1.2238 head_lr=984.9 muon_lr=0.05
step=55/200 epoch=2 loss=1.2261 head_lr=978.2 muon_lr=0.05
step=56/200 epoch=2 loss=1.2321 head_lr=971.5 muon_lr=0.05
step=57/200 epoch=2 loss=1.2080 head_lr=964.8 muon_lr=0.05
step=58/200 epoch=2 loss=1.2138 head_lr=958.1 muon_lr=0.05
step=59/200 epoch=2 loss=1.2033 head_lr=951.4 muon_lr=0.05
step=60/200 epoch=2 loss=1.2186 head_lr=944.7 muon_lr=0.05
step=61/200 epoch=2 loss=1.1953 head_lr=938 muon_lr=0.05
step=62/200 epoch=2 loss=1.1986 head_lr=931.3 muon_lr=0.05
step=63/200 epoch=2 loss=1.1950 head_lr=924.6 muon_lr=0.05
step=64/200 epoch=2 loss=1.2025 head_lr=917.9 muon_lr=0.05
step=65/200 epoch=2 loss=1.1937 head_lr=911.2 muon_lr=0.05
step=66/200 epoch=2 loss=1.2034 head_lr=904.5 muon_lr=0.05
step=67/200 epoch=2 loss=1.1946 head_lr=897.8 muon_lr=0.05
step=68/200 epoch=2 loss=1.1945 head_lr=891.1 muon_lr=0.05
step=69/200 epoch=2 loss=1.1944 head_lr=884.4 muon_lr=0.05
step=70/200 epoch=2 loss=1.1784 head_lr=877.7 muon_lr=0.05
step=71/200 epoch=2 loss=1.1919 head_lr=871 muon_lr=0.05
step=72/200 epoch=2 loss=1.1783 head_lr=864.3 muon_lr=0.05
step=73/200 epoch=2 loss=1.1890 head_lr=857.6 muon_lr=0.05
step=74/200 epoch=2 loss=1.1688 head_lr=850.9 muon_lr=0.05
step=75/200 epoch=2 loss=1.1948 head_lr=844.2 muon_lr=0.05
eval epoch=2 val_acc=0.8184 time_seconds=3.8548
step=76/200 epoch=3 loss=1.1471 head_lr=837.5 muon_lr=0.05
step=77/200 epoch=3 loss=1.1474 head_lr=830.8 muon_lr=0.05
step=78/200 epoch=3 loss=1.1461 head_lr=824.1 muon_lr=0.05
step=79/200 epoch=3 loss=1.1579 head_lr=817.4 muon_lr=0.05
step=80/200 epoch=3 loss=1.1444 head_lr=810.7 muon_lr=0.05
step=81/200 epoch=3 loss=1.1398 head_lr=804 muon_lr=0.05
step=82/200 epoch=3 loss=1.1528 head_lr=797.3 muon_lr=0.05
step=83/200 epoch=3 loss=1.1434 head_lr=790.6 muon_lr=0.05
step=84/200 epoch=3 loss=1.1481 head_lr=783.9 muon_lr=0.05
step=85/200 epoch=3 loss=1.1538 head_lr=777.2 muon_lr=0.05
step=86/200 epoch=3 loss=1.1351 head_lr=770.5 muon_lr=0.05
step=87/200 epoch=3 loss=1.1379 head_lr=763.8 muon_lr=0.05
step=88/200 epoch=3 loss=1.1381 head_lr=757.1 muon_lr=0.05
step=89/200 epoch=3 loss=1.1299 head_lr=750.4 muon_lr=0.05
step=90/200 epoch=3 loss=1.1355 head_lr=743.7 muon_lr=0.05
step=91/200 epoch=3 loss=1.1276 head_lr=737 muon_lr=0.05
step=92/200 epoch=3 loss=1.1290 head_lr=730.3 muon_lr=0.05
step=93/200 epoch=3 loss=1.1379 head_lr=723.6 muon_lr=0.05
step=94/200 epoch=3 loss=1.1318 head_lr=716.9 muon_lr=0.05
step=95/200 epoch=3 loss=1.1483 head_lr=710.2 muon_lr=0.05
step=96/200 epoch=3 loss=1.1296 head_lr=703.5 muon_lr=0.05
step=97/200 epoch=3 loss=1.1308 head_lr=696.8 muon_lr=0.05
step=98/200 epoch=3 loss=1.1211 head_lr=690.1 muon_lr=0.05
step=99/200 epoch=3 loss=1.1363 head_lr=683.4 muon_lr=0.05
step=100/200 epoch=3 loss=1.1420 head_lr=676.7 muon_lr=0.05
eval epoch=3 val_acc=0.8482 time_seconds=5.0519
step=101/200 epoch=4 loss=1.1037 head_lr=670 muon_lr=0.05
step=102/200 epoch=4 loss=1.1022 head_lr=663.3 muon_lr=0.05
step=103/200 epoch=4 loss=1.0905 head_lr=656.6 muon_lr=0.05
step=104/200 epoch=4 loss=1.1062 head_lr=649.9 muon_lr=0.05
step=105/200 epoch=4 loss=1.0966 head_lr=643.2 muon_lr=0.05
step=106/200 epoch=4 loss=1.1152 head_lr=636.5 muon_lr=0.05
step=107/200 epoch=4 loss=1.0957 head_lr=629.8 muon_lr=0.05
step=108/200 epoch=4 loss=1.0971 head_lr=623.1 muon_lr=0.05
step=109/200 epoch=4 loss=1.1041 head_lr=616.4 muon_lr=0.05
step=110/200 epoch=4 loss=1.0977 head_lr=609.7 muon_lr=0.05
step=111/200 epoch=4 loss=1.1006 head_lr=603 muon_lr=0.05
step=112/200 epoch=4 loss=1.0952 head_lr=596.3 muon_lr=0.05
step=113/200 epoch=4 loss=1.1127 head_lr=589.6 muon_lr=0.05
step=114/200 epoch=4 loss=1.0946 head_lr=582.9 muon_lr=0.05
step=115/200 epoch=4 loss=1.0909 head_lr=576.2 muon_lr=0.05
step=116/200 epoch=4 loss=1.0999 head_lr=569.5 muon_lr=0.05
step=117/200 epoch=4 loss=1.0865 head_lr=562.8 muon_lr=0.05
step=118/200 epoch=4 loss=1.0753 head_lr=556.1 muon_lr=0.05
step=119/200 epoch=4 loss=1.0986 head_lr=549.4 muon_lr=0.05
step=120/200 epoch=4 loss=1.0819 head_lr=542.7 muon_lr=0.05
step=121/200 epoch=4 loss=1.0967 head_lr=536 muon_lr=0.05
step=122/200 epoch=4 loss=1.0929 head_lr=529.3 muon_lr=0.05
step=123/200 epoch=4 loss=1.0926 head_lr=522.6 muon_lr=0.05
step=124/200 epoch=4 loss=1.1173 head_lr=515.9 muon_lr=0.05
step=125/200 epoch=4 loss=1.0882 head_lr=509.2 muon_lr=0.05
eval epoch=4 val_acc=0.8641 time_seconds=6.2470
step=126/200 epoch=5 loss=1.0681 head_lr=502.5 muon_lr=0.05
step=127/200 epoch=5 loss=1.0641 head_lr=495.8 muon_lr=0.05
step=128/200 epoch=5 loss=1.0755 head_lr=489.1 muon_lr=0.05
step=129/200 epoch=5 loss=1.0740 head_lr=482.4 muon_lr=0.05
step=130/200 epoch=5 loss=1.0625 head_lr=475.7 muon_lr=0.05
step=131/200 epoch=5 loss=1.0740 head_lr=469 muon_lr=0.05
step=132/200 epoch=5 loss=1.0670 head_lr=462.3 muon_lr=0.05
step=133/200 epoch=5 loss=1.0665 head_lr=455.6 muon_lr=0.05
step=134/200 epoch=5 loss=1.0607 head_lr=448.9 muon_lr=0.05
step=135/200 epoch=5 loss=1.0644 head_lr=442.2 muon_lr=0.05
step=136/200 epoch=5 loss=1.0704 head_lr=435.5 muon_lr=0.05
step=137/200 epoch=5 loss=1.0693 head_lr=428.8 muon_lr=0.05
step=138/200 epoch=5 loss=1.0530 head_lr=422.1 muon_lr=0.05
step=139/200 epoch=5 loss=1.0667 head_lr=415.4 muon_lr=0.05
step=140/200 epoch=5 loss=1.0579 head_lr=408.7 muon_lr=0.05
step=141/200 epoch=5 loss=1.0588 head_lr=402 muon_lr=0.05
step=142/200 epoch=5 loss=1.0728 head_lr=395.3 muon_lr=0.05
step=143/200 epoch=5 loss=1.0628 head_lr=388.6 muon_lr=0.05
step=144/200 epoch=5 loss=1.0607 head_lr=381.9 muon_lr=0.05
step=145/200 epoch=5 loss=1.0866 head_lr=375.2 muon_lr=0.05
step=146/200 epoch=5 loss=1.0604 head_lr=368.5 muon_lr=0.05
step=147/200 epoch=5 loss=1.0588 head_lr=361.8 muon_lr=0.05
step=148/200 epoch=5 loss=1.0587 head_lr=355.1 muon_lr=0.05
step=149/200 epoch=5 loss=1.0545 head_lr=348.4 muon_lr=0.05
step=150/200 epoch=5 loss=1.0643 head_lr=341.7 muon_lr=0.05
eval epoch=5 val_acc=0.8777 time_seconds=7.4434
step=151/200 epoch=6 loss=1.0485 head_lr=335 muon_lr=0.05
step=152/200 epoch=6 loss=1.0337 head_lr=328.3 muon_lr=0.05
step=153/200 epoch=6 loss=1.0374 head_lr=321.6 muon_lr=0.05
step=154/200 epoch=6 loss=1.0380 head_lr=314.9 muon_lr=0.05
step=155/200 epoch=6 loss=1.0559 head_lr=308.2 muon_lr=0.05
step=156/200 epoch=6 loss=1.0477 head_lr=301.5 muon_lr=0.05
step=157/200 epoch=6 loss=1.0397 head_lr=294.8 muon_lr=0.05
step=158/200 epoch=6 loss=1.0432 head_lr=288.1 muon_lr=0.05
step=159/200 epoch=6 loss=1.0627 head_lr=281.4 muon_lr=0.05
step=160/200 epoch=6 loss=1.0311 head_lr=274.7 muon_lr=0.05
step=161/200 epoch=6 loss=1.0286 head_lr=268 muon_lr=0.05
step=162/200 epoch=6 loss=1.0399 head_lr=261.3 muon_lr=0.05
step=163/200 epoch=6 loss=1.0322 head_lr=254.6 muon_lr=0.05
step=164/200 epoch=6 loss=1.0352 head_lr=247.9 muon_lr=0.05
step=165/200 epoch=6 loss=1.0525 head_lr=241.2 muon_lr=0.05
step=166/200 epoch=6 loss=1.0417 head_lr=234.5 muon_lr=0.05
step=167/200 epoch=6 loss=1.0426 head_lr=227.8 muon_lr=0.05
step=168/200 epoch=6 loss=1.0504 head_lr=221.1 muon_lr=0.05
step=169/200 epoch=6 loss=1.0355 head_lr=214.4 muon_lr=0.05
step=170/200 epoch=6 loss=1.0389 head_lr=207.7 muon_lr=0.05
step=171/200 epoch=6 loss=1.0436 head_lr=201 muon_lr=0.05
step=172/200 epoch=6 loss=1.0445 head_lr=194.3 muon_lr=0.05
step=173/200 epoch=6 loss=1.0507 head_lr=187.6 muon_lr=0.05
step=174/200 epoch=6 loss=1.0443 head_lr=180.9 muon_lr=0.05
step=175/200 epoch=6 loss=1.0222 head_lr=174.2 muon_lr=0.05
eval epoch=6 val_acc=0.8772 time_seconds=8.6397
step=176/200 epoch=7 loss=1.0095 head_lr=167.5 muon_lr=0.05
step=177/200 epoch=7 loss=1.0105 head_lr=160.8 muon_lr=0.05
step=178/200 epoch=7 loss=1.0162 head_lr=154.1 muon_lr=0.05
step=179/200 epoch=7 loss=1.0147 head_lr=147.4 muon_lr=0.05
step=180/200 epoch=7 loss=1.0165 head_lr=140.7 muon_lr=0.05
step=181/200 epoch=7 loss=1.0231 head_lr=134 muon_lr=0.05
step=182/200 epoch=7 loss=1.0164 head_lr=127.3 muon_lr=0.05
step=183/200 epoch=7 loss=1.0205 head_lr=120.6 muon_lr=0.05
step=184/200 epoch=7 loss=1.0151 head_lr=113.9 muon_lr=0.05
step=185/200 epoch=7 loss=1.0227 head_lr=107.2 muon_lr=0.05
step=186/200 epoch=7 loss=1.0255 head_lr=100.5 muon_lr=0.05
step=187/200 epoch=7 loss=1.0249 head_lr=93.8 muon_lr=0.05
step=188/200 epoch=7 loss=1.0164 head_lr=87.1 muon_lr=0.05
step=189/200 epoch=7 loss=1.0254 head_lr=80.4 muon_lr=0.05
step=190/200 epoch=7 loss=1.0175 head_lr=73.7 muon_lr=0.05
step=191/200 epoch=7 loss=1.0268 head_lr=67 muon_lr=0.05
step=192/200 epoch=7 loss=1.0204 head_lr=60.3 muon_lr=0.05
step=193/200 epoch=7 loss=1.0216 head_lr=53.6 muon_lr=0.05
step=194/200 epoch=7 loss=1.0171 head_lr=46.9 muon_lr=0.05
step=195/200 epoch=7 loss=1.0239 head_lr=40.2 muon_lr=0.05
step=196/200 epoch=7 loss=1.0194 head_lr=33.5 muon_lr=0.05
step=197/200 epoch=7 loss=1.0266 head_lr=26.8 muon_lr=0.05
step=198/200 epoch=7 loss=1.0198 head_lr=20.1 muon_lr=0.05
step=199/200 epoch=7 loss=1.0155 head_lr=13.4 muon_lr=0.05
step=200/200 epoch=7 loss=1.0123 head_lr=6.7 muon_lr=0.05
eval epoch=7 val_acc=0.8987 time_seconds=9.8370
eval epoch=final 25batch_train_loss=0.9588 val_acc=0.8987 tta_val_acc=0.9103 time_seconds=10.4438
Run:                3
Seed:               0
Batch size:         2000
Muon lr:            0.05
SGD lr mult:        1
25batch train loss: 0.9588
Val acc:            0.8987
TTA val:            0.9103
cifar_reproducibility run=4 seed=0 batch_size=2000 muon_lr=0.05
step=1/200 epoch=0 loss=2.3101 head_lr=1340 muon_lr=0.05
step=2/200 epoch=0 loss=2.3375 head_lr=1333.3 muon_lr=0.05
step=3/200 epoch=0 loss=2.4168 head_lr=1326.6 muon_lr=0.05
step=4/200 epoch=0 loss=2.1717 head_lr=1319.9 muon_lr=0.05
step=5/200 epoch=0 loss=2.1075 head_lr=1313.2 muon_lr=0.05
step=6/200 epoch=0 loss=2.0282 head_lr=1306.5 muon_lr=0.05
step=7/200 epoch=0 loss=1.9161 head_lr=1299.8 muon_lr=0.05
step=8/200 epoch=0 loss=1.8288 head_lr=1293.1 muon_lr=0.05
step=9/200 epoch=0 loss=1.7594 head_lr=1286.4 muon_lr=0.05
step=10/200 epoch=0 loss=1.7620 head_lr=1279.7 muon_lr=0.05
step=11/200 epoch=0 loss=1.7372 head_lr=1273 muon_lr=0.05
step=12/200 epoch=0 loss=1.6806 head_lr=1266.3 muon_lr=0.05
step=13/200 epoch=0 loss=1.6618 head_lr=1259.6 muon_lr=0.05
step=14/200 epoch=0 loss=1.6287 head_lr=1252.9 muon_lr=0.05
step=15/200 epoch=0 loss=1.5823 head_lr=1246.2 muon_lr=0.05
step=16/200 epoch=0 loss=1.5665 head_lr=1239.5 muon_lr=0.05
step=17/200 epoch=0 loss=1.5693 head_lr=1232.8 muon_lr=0.05
step=18/200 epoch=0 loss=1.5382 head_lr=1226.1 muon_lr=0.05
step=19/200 epoch=0 loss=1.5083 head_lr=1219.4 muon_lr=0.05
step=20/200 epoch=0 loss=1.5066 head_lr=1212.7 muon_lr=0.05
step=21/200 epoch=0 loss=1.4885 head_lr=1206 muon_lr=0.05
step=22/200 epoch=0 loss=1.4473 head_lr=1199.3 muon_lr=0.05
step=23/200 epoch=0 loss=1.4548 head_lr=1192.6 muon_lr=0.05
step=24/200 epoch=0 loss=1.4350 head_lr=1185.9 muon_lr=0.05
step=25/200 epoch=0 loss=1.4346 head_lr=1179.2 muon_lr=0.05
eval run=4 epoch=0 val_acc=0.6921 time_seconds=1.2882
step=26/200 epoch=1 loss=1.4144 head_lr=1172.5 muon_lr=0.05
step=27/200 epoch=1 loss=1.3949 head_lr=1165.8 muon_lr=0.05
step=28/200 epoch=1 loss=1.3940 head_lr=1159.1 muon_lr=0.05
step=29/200 epoch=1 loss=1.4008 head_lr=1152.4 muon_lr=0.05
step=30/200 epoch=1 loss=1.3431 head_lr=1145.7 muon_lr=0.05
step=31/200 epoch=1 loss=1.3745 head_lr=1139 muon_lr=0.05
step=32/200 epoch=1 loss=1.3518 head_lr=1132.3 muon_lr=0.05
step=33/200 epoch=1 loss=1.3502 head_lr=1125.6 muon_lr=0.05
step=34/200 epoch=1 loss=1.3093 head_lr=1118.9 muon_lr=0.05
step=35/200 epoch=1 loss=1.3490 head_lr=1112.2 muon_lr=0.05
step=36/200 epoch=1 loss=1.3459 head_lr=1105.5 muon_lr=0.05
step=37/200 epoch=1 loss=1.3154 head_lr=1098.8 muon_lr=0.05
step=38/200 epoch=1 loss=1.3112 head_lr=1092.1 muon_lr=0.05
step=39/200 epoch=1 loss=1.2981 head_lr=1085.4 muon_lr=0.05
step=40/200 epoch=1 loss=1.3016 head_lr=1078.7 muon_lr=0.05
step=41/200 epoch=1 loss=1.2963 head_lr=1072 muon_lr=0.05
step=42/200 epoch=1 loss=1.3026 head_lr=1065.3 muon_lr=0.05
step=43/200 epoch=1 loss=1.2553 head_lr=1058.6 muon_lr=0.05
step=44/200 epoch=1 loss=1.2799 head_lr=1051.9 muon_lr=0.05
step=45/200 epoch=1 loss=1.2722 head_lr=1045.2 muon_lr=0.05
step=46/200 epoch=1 loss=1.2739 head_lr=1038.5 muon_lr=0.05
step=47/200 epoch=1 loss=1.2486 head_lr=1031.8 muon_lr=0.05
step=48/200 epoch=1 loss=1.2584 head_lr=1025.1 muon_lr=0.05
step=49/200 epoch=1 loss=1.2536 head_lr=1018.4 muon_lr=0.05
step=50/200 epoch=1 loss=1.2482 head_lr=1011.7 muon_lr=0.05
eval epoch=1 val_acc=0.7831 time_seconds=2.5754
step=51/200 epoch=2 loss=1.2270 head_lr=1005 muon_lr=0.05
step=52/200 epoch=2 loss=1.2211 head_lr=998.3 muon_lr=0.05
step=53/200 epoch=2 loss=1.2188 head_lr=991.6 muon_lr=0.05
step=54/200 epoch=2 loss=1.2238 head_lr=984.9 muon_lr=0.05
step=55/200 epoch=2 loss=1.2261 head_lr=978.2 muon_lr=0.05
step=56/200 epoch=2 loss=1.2321 head_lr=971.5 muon_lr=0.05
step=57/200 epoch=2 loss=1.2080 head_lr=964.8 muon_lr=0.05
step=58/200 epoch=2 loss=1.2138 head_lr=958.1 muon_lr=0.05
step=59/200 epoch=2 loss=1.2033 head_lr=951.4 muon_lr=0.05
step=60/200 epoch=2 loss=1.2186 head_lr=944.7 muon_lr=0.05
step=61/200 epoch=2 loss=1.1953 head_lr=938 muon_lr=0.05
step=62/200 epoch=2 loss=1.1986 head_lr=931.3 muon_lr=0.05
step=63/200 epoch=2 loss=1.1950 head_lr=924.6 muon_lr=0.05
step=64/200 epoch=2 loss=1.2025 head_lr=917.9 muon_lr=0.05
step=65/200 epoch=2 loss=1.1937 head_lr=911.2 muon_lr=0.05
step=66/200 epoch=2 loss=1.2034 head_lr=904.5 muon_lr=0.05
step=67/200 epoch=2 loss=1.1946 head_lr=897.8 muon_lr=0.05
step=68/200 epoch=2 loss=1.1945 head_lr=891.1 muon_lr=0.05
step=69/200 epoch=2 loss=1.1944 head_lr=884.4 muon_lr=0.05
step=70/200 epoch=2 loss=1.1784 head_lr=877.7 muon_lr=0.05
step=71/200 epoch=2 loss=1.1919 head_lr=871 muon_lr=0.05
step=72/200 epoch=2 loss=1.1783 head_lr=864.3 muon_lr=0.05
step=73/200 epoch=2 loss=1.1890 head_lr=857.6 muon_lr=0.05
step=74/200 epoch=2 loss=1.1688 head_lr=850.9 muon_lr=0.05
step=75/200 epoch=2 loss=1.1948 head_lr=844.2 muon_lr=0.05
eval epoch=2 val_acc=0.8184 time_seconds=3.8592
step=76/200 epoch=3 loss=1.1471 head_lr=837.5 muon_lr=0.05
step=77/200 epoch=3 loss=1.1474 head_lr=830.8 muon_lr=0.05
step=78/200 epoch=3 loss=1.1461 head_lr=824.1 muon_lr=0.05
step=79/200 epoch=3 loss=1.1579 head_lr=817.4 muon_lr=0.05
step=80/200 epoch=3 loss=1.1444 head_lr=810.7 muon_lr=0.05
step=81/200 epoch=3 loss=1.1398 head_lr=804 muon_lr=0.05
step=82/200 epoch=3 loss=1.1528 head_lr=797.3 muon_lr=0.05
step=83/200 epoch=3 loss=1.1434 head_lr=790.6 muon_lr=0.05
step=84/200 epoch=3 loss=1.1481 head_lr=783.9 muon_lr=0.05
step=85/200 epoch=3 loss=1.1538 head_lr=777.2 muon_lr=0.05
step=86/200 epoch=3 loss=1.1351 head_lr=770.5 muon_lr=0.05
step=87/200 epoch=3 loss=1.1379 head_lr=763.8 muon_lr=0.05
step=88/200 epoch=3 loss=1.1381 head_lr=757.1 muon_lr=0.05
step=89/200 epoch=3 loss=1.1299 head_lr=750.4 muon_lr=0.05
step=90/200 epoch=3 loss=1.1355 head_lr=743.7 muon_lr=0.05
step=91/200 epoch=3 loss=1.1276 head_lr=737 muon_lr=0.05
step=92/200 epoch=3 loss=1.1290 head_lr=730.3 muon_lr=0.05
step=93/200 epoch=3 loss=1.1379 head_lr=723.6 muon_lr=0.05
step=94/200 epoch=3 loss=1.1318 head_lr=716.9 muon_lr=0.05
step=95/200 epoch=3 loss=1.1483 head_lr=710.2 muon_lr=0.05
step=96/200 epoch=3 loss=1.1296 head_lr=703.5 muon_lr=0.05
step=97/200 epoch=3 loss=1.1308 head_lr=696.8 muon_lr=0.05
step=98/200 epoch=3 loss=1.1211 head_lr=690.1 muon_lr=0.05
step=99/200 epoch=3 loss=1.1363 head_lr=683.4 muon_lr=0.05
step=100/200 epoch=3 loss=1.1420 head_lr=676.7 muon_lr=0.05
eval epoch=3 val_acc=0.8482 time_seconds=5.0572
step=101/200 epoch=4 loss=1.1037 head_lr=670 muon_lr=0.05
step=102/200 epoch=4 loss=1.1022 head_lr=663.3 muon_lr=0.05
step=103/200 epoch=4 loss=1.0905 head_lr=656.6 muon_lr=0.05
step=104/200 epoch=4 loss=1.1062 head_lr=649.9 muon_lr=0.05
step=105/200 epoch=4 loss=1.0966 head_lr=643.2 muon_lr=0.05
step=106/200 epoch=4 loss=1.1152 head_lr=636.5 muon_lr=0.05
step=107/200 epoch=4 loss=1.0957 head_lr=629.8 muon_lr=0.05
step=108/200 epoch=4 loss=1.0971 head_lr=623.1 muon_lr=0.05
step=109/200 epoch=4 loss=1.1041 head_lr=616.4 muon_lr=0.05
step=110/200 epoch=4 loss=1.0977 head_lr=609.7 muon_lr=0.05
step=111/200 epoch=4 loss=1.1006 head_lr=603 muon_lr=0.05
step=112/200 epoch=4 loss=1.0952 head_lr=596.3 muon_lr=0.05
step=113/200 epoch=4 loss=1.1127 head_lr=589.6 muon_lr=0.05
step=114/200 epoch=4 loss=1.0946 head_lr=582.9 muon_lr=0.05
step=115/200 epoch=4 loss=1.0909 head_lr=576.2 muon_lr=0.05
step=116/200 epoch=4 loss=1.0999 head_lr=569.5 muon_lr=0.05
step=117/200 epoch=4 loss=1.0865 head_lr=562.8 muon_lr=0.05
step=118/200 epoch=4 loss=1.0753 head_lr=556.1 muon_lr=0.05
step=119/200 epoch=4 loss=1.0986 head_lr=549.4 muon_lr=0.05
step=120/200 epoch=4 loss=1.0819 head_lr=542.7 muon_lr=0.05
step=121/200 epoch=4 loss=1.0967 head_lr=536 muon_lr=0.05
step=122/200 epoch=4 loss=1.0929 head_lr=529.3 muon_lr=0.05
step=123/200 epoch=4 loss=1.0926 head_lr=522.6 muon_lr=0.05
step=124/200 epoch=4 loss=1.1173 head_lr=515.9 muon_lr=0.05
step=125/200 epoch=4 loss=1.0882 head_lr=509.2 muon_lr=0.05
eval epoch=4 val_acc=0.8641 time_seconds=6.2548
step=126/200 epoch=5 loss=1.0681 head_lr=502.5 muon_lr=0.05
step=127/200 epoch=5 loss=1.0641 head_lr=495.8 muon_lr=0.05
step=128/200 epoch=5 loss=1.0755 head_lr=489.1 muon_lr=0.05
step=129/200 epoch=5 loss=1.0740 head_lr=482.4 muon_lr=0.05
step=130/200 epoch=5 loss=1.0625 head_lr=475.7 muon_lr=0.05
step=131/200 epoch=5 loss=1.0740 head_lr=469 muon_lr=0.05
step=132/200 epoch=5 loss=1.0670 head_lr=462.3 muon_lr=0.05
step=133/200 epoch=5 loss=1.0665 head_lr=455.6 muon_lr=0.05
step=134/200 epoch=5 loss=1.0607 head_lr=448.9 muon_lr=0.05
step=135/200 epoch=5 loss=1.0644 head_lr=442.2 muon_lr=0.05
step=136/200 epoch=5 loss=1.0704 head_lr=435.5 muon_lr=0.05
step=137/200 epoch=5 loss=1.0693 head_lr=428.8 muon_lr=0.05
step=138/200 epoch=5 loss=1.0530 head_lr=422.1 muon_lr=0.05
step=139/200 epoch=5 loss=1.0667 head_lr=415.4 muon_lr=0.05
step=140/200 epoch=5 loss=1.0579 head_lr=408.7 muon_lr=0.05
step=141/200 epoch=5 loss=1.0588 head_lr=402 muon_lr=0.05
step=142/200 epoch=5 loss=1.0728 head_lr=395.3 muon_lr=0.05
step=143/200 epoch=5 loss=1.0628 head_lr=388.6 muon_lr=0.05
step=144/200 epoch=5 loss=1.0607 head_lr=381.9 muon_lr=0.05
step=145/200 epoch=5 loss=1.0866 head_lr=375.2 muon_lr=0.05
step=146/200 epoch=5 loss=1.0604 head_lr=368.5 muon_lr=0.05
step=147/200 epoch=5 loss=1.0588 head_lr=361.8 muon_lr=0.05
step=148/200 epoch=5 loss=1.0587 head_lr=355.1 muon_lr=0.05
step=149/200 epoch=5 loss=1.0545 head_lr=348.4 muon_lr=0.05
step=150/200 epoch=5 loss=1.0643 head_lr=341.7 muon_lr=0.05
eval epoch=5 val_acc=0.8777 time_seconds=7.4553
step=151/200 epoch=6 loss=1.0485 head_lr=335 muon_lr=0.05
step=152/200 epoch=6 loss=1.0337 head_lr=328.3 muon_lr=0.05
step=153/200 epoch=6 loss=1.0374 head_lr=321.6 muon_lr=0.05
step=154/200 epoch=6 loss=1.0380 head_lr=314.9 muon_lr=0.05
step=155/200 epoch=6 loss=1.0559 head_lr=308.2 muon_lr=0.05
step=156/200 epoch=6 loss=1.0477 head_lr=301.5 muon_lr=0.05
step=157/200 epoch=6 loss=1.0397 head_lr=294.8 muon_lr=0.05
step=158/200 epoch=6 loss=1.0432 head_lr=288.1 muon_lr=0.05
step=159/200 epoch=6 loss=1.0627 head_lr=281.4 muon_lr=0.05
step=160/200 epoch=6 loss=1.0311 head_lr=274.7 muon_lr=0.05
step=161/200 epoch=6 loss=1.0286 head_lr=268 muon_lr=0.05
step=162/200 epoch=6 loss=1.0399 head_lr=261.3 muon_lr=0.05
step=163/200 epoch=6 loss=1.0322 head_lr=254.6 muon_lr=0.05
step=164/200 epoch=6 loss=1.0352 head_lr=247.9 muon_lr=0.05
step=165/200 epoch=6 loss=1.0525 head_lr=241.2 muon_lr=0.05
step=166/200 epoch=6 loss=1.0417 head_lr=234.5 muon_lr=0.05
step=167/200 epoch=6 loss=1.0426 head_lr=227.8 muon_lr=0.05
step=168/200 epoch=6 loss=1.0504 head_lr=221.1 muon_lr=0.05
step=169/200 epoch=6 loss=1.0355 head_lr=214.4 muon_lr=0.05
step=170/200 epoch=6 loss=1.0389 head_lr=207.7 muon_lr=0.05
step=171/200 epoch=6 loss=1.0436 head_lr=201 muon_lr=0.05
step=172/200 epoch=6 loss=1.0445 head_lr=194.3 muon_lr=0.05
step=173/200 epoch=6 loss=1.0507 head_lr=187.6 muon_lr=0.05
step=174/200 epoch=6 loss=1.0443 head_lr=180.9 muon_lr=0.05
step=175/200 epoch=6 loss=1.0222 head_lr=174.2 muon_lr=0.05
eval epoch=6 val_acc=0.8772 time_seconds=8.6535
step=176/200 epoch=7 loss=1.0095 head_lr=167.5 muon_lr=0.05
step=177/200 epoch=7 loss=1.0105 head_lr=160.8 muon_lr=0.05
step=178/200 epoch=7 loss=1.0162 head_lr=154.1 muon_lr=0.05
step=179/200 epoch=7 loss=1.0147 head_lr=147.4 muon_lr=0.05
step=180/200 epoch=7 loss=1.0165 head_lr=140.7 muon_lr=0.05
step=181/200 epoch=7 loss=1.0231 head_lr=134 muon_lr=0.05
step=182/200 epoch=7 loss=1.0164 head_lr=127.3 muon_lr=0.05
step=183/200 epoch=7 loss=1.0205 head_lr=120.6 muon_lr=0.05
step=184/200 epoch=7 loss=1.0151 head_lr=113.9 muon_lr=0.05
step=185/200 epoch=7 loss=1.0227 head_lr=107.2 muon_lr=0.05
step=186/200 epoch=7 loss=1.0255 head_lr=100.5 muon_lr=0.05
step=187/200 epoch=7 loss=1.0249 head_lr=93.8 muon_lr=0.05
step=188/200 epoch=7 loss=1.0164 head_lr=87.1 muon_lr=0.05
step=189/200 epoch=7 loss=1.0254 head_lr=80.4 muon_lr=0.05
step=190/200 epoch=7 loss=1.0175 head_lr=73.7 muon_lr=0.05
step=191/200 epoch=7 loss=1.0268 head_lr=67 muon_lr=0.05
step=192/200 epoch=7 loss=1.0204 head_lr=60.3 muon_lr=0.05
step=193/200 epoch=7 loss=1.0216 head_lr=53.6 muon_lr=0.05
step=194/200 epoch=7 loss=1.0171 head_lr=46.9 muon_lr=0.05
step=195/200 epoch=7 loss=1.0239 head_lr=40.2 muon_lr=0.05
step=196/200 epoch=7 loss=1.0194 head_lr=33.5 muon_lr=0.05
step=197/200 epoch=7 loss=1.0266 head_lr=26.8 muon_lr=0.05
step=198/200 epoch=7 loss=1.0198 head_lr=20.1 muon_lr=0.05
step=199/200 epoch=7 loss=1.0155 head_lr=13.4 muon_lr=0.05
step=200/200 epoch=7 loss=1.0123 head_lr=6.7 muon_lr=0.05
eval epoch=7 val_acc=0.8987 time_seconds=9.8531
eval epoch=final 25batch_train_loss=0.9588 val_acc=0.8987 tta_val_acc=0.9103 time_seconds=10.4632
Run:                4
Seed:               0
Batch size:         2000
Muon lr:            0.05
SGD lr mult:        1
25batch train loss: 0.9588
Val acc:            0.8987
TTA val:            0.9103
cifar_reproducibility run=5 seed=0 batch_size=2000 muon_lr=0.05
step=1/200 epoch=0 loss=2.3101 head_lr=1340 muon_lr=0.05
step=2/200 epoch=0 loss=2.3375 head_lr=1333.3 muon_lr=0.05
step=3/200 epoch=0 loss=2.4168 head_lr=1326.6 muon_lr=0.05
step=4/200 epoch=0 loss=2.1717 head_lr=1319.9 muon_lr=0.05
step=5/200 epoch=0 loss=2.1075 head_lr=1313.2 muon_lr=0.05
step=6/200 epoch=0 loss=2.0282 head_lr=1306.5 muon_lr=0.05
step=7/200 epoch=0 loss=1.9161 head_lr=1299.8 muon_lr=0.05
step=8/200 epoch=0 loss=1.8288 head_lr=1293.1 muon_lr=0.05
step=9/200 epoch=0 loss=1.7594 head_lr=1286.4 muon_lr=0.05
step=10/200 epoch=0 loss=1.7620 head_lr=1279.7 muon_lr=0.05
step=11/200 epoch=0 loss=1.7372 head_lr=1273 muon_lr=0.05
step=12/200 epoch=0 loss=1.6806 head_lr=1266.3 muon_lr=0.05
step=13/200 epoch=0 loss=1.6618 head_lr=1259.6 muon_lr=0.05
step=14/200 epoch=0 loss=1.6287 head_lr=1252.9 muon_lr=0.05
step=15/200 epoch=0 loss=1.5823 head_lr=1246.2 muon_lr=0.05
step=16/200 epoch=0 loss=1.5665 head_lr=1239.5 muon_lr=0.05
step=17/200 epoch=0 loss=1.5693 head_lr=1232.8 muon_lr=0.05
step=18/200 epoch=0 loss=1.5382 head_lr=1226.1 muon_lr=0.05
step=19/200 epoch=0 loss=1.5083 head_lr=1219.4 muon_lr=0.05
step=20/200 epoch=0 loss=1.5066 head_lr=1212.7 muon_lr=0.05
step=21/200 epoch=0 loss=1.4885 head_lr=1206 muon_lr=0.05
step=22/200 epoch=0 loss=1.4473 head_lr=1199.3 muon_lr=0.05
step=23/200 epoch=0 loss=1.4548 head_lr=1192.6 muon_lr=0.05
step=24/200 epoch=0 loss=1.4350 head_lr=1185.9 muon_lr=0.05
step=25/200 epoch=0 loss=1.4346 head_lr=1179.2 muon_lr=0.05
eval run=5 epoch=0 val_acc=0.6921 time_seconds=1.2902
step=26/200 epoch=1 loss=1.4144 head_lr=1172.5 muon_lr=0.05
step=27/200 epoch=1 loss=1.3949 head_lr=1165.8 muon_lr=0.05
step=28/200 epoch=1 loss=1.3940 head_lr=1159.1 muon_lr=0.05
step=29/200 epoch=1 loss=1.4008 head_lr=1152.4 muon_lr=0.05
step=30/200 epoch=1 loss=1.3431 head_lr=1145.7 muon_lr=0.05
step=31/200 epoch=1 loss=1.3745 head_lr=1139 muon_lr=0.05
step=32/200 epoch=1 loss=1.3518 head_lr=1132.3 muon_lr=0.05
step=33/200 epoch=1 loss=1.3502 head_lr=1125.6 muon_lr=0.05
step=34/200 epoch=1 loss=1.3093 head_lr=1118.9 muon_lr=0.05
step=35/200 epoch=1 loss=1.3490 head_lr=1112.2 muon_lr=0.05
step=36/200 epoch=1 loss=1.3459 head_lr=1105.5 muon_lr=0.05
step=37/200 epoch=1 loss=1.3154 head_lr=1098.8 muon_lr=0.05
step=38/200 epoch=1 loss=1.3112 head_lr=1092.1 muon_lr=0.05
step=39/200 epoch=1 loss=1.2981 head_lr=1085.4 muon_lr=0.05
step=40/200 epoch=1 loss=1.3016 head_lr=1078.7 muon_lr=0.05
step=41/200 epoch=1 loss=1.2963 head_lr=1072 muon_lr=0.05
step=42/200 epoch=1 loss=1.3026 head_lr=1065.3 muon_lr=0.05
step=43/200 epoch=1 loss=1.2553 head_lr=1058.6 muon_lr=0.05
step=44/200 epoch=1 loss=1.2799 head_lr=1051.9 muon_lr=0.05
step=45/200 epoch=1 loss=1.2722 head_lr=1045.2 muon_lr=0.05
step=46/200 epoch=1 loss=1.2739 head_lr=1038.5 muon_lr=0.05
step=47/200 epoch=1 loss=1.2486 head_lr=1031.8 muon_lr=0.05
step=48/200 epoch=1 loss=1.2584 head_lr=1025.1 muon_lr=0.05
step=49/200 epoch=1 loss=1.2536 head_lr=1018.4 muon_lr=0.05
step=50/200 epoch=1 loss=1.2482 head_lr=1011.7 muon_lr=0.05
eval epoch=1 val_acc=0.7831 time_seconds=2.5805
step=51/200 epoch=2 loss=1.2270 head_lr=1005 muon_lr=0.05
step=52/200 epoch=2 loss=1.2211 head_lr=998.3 muon_lr=0.05
step=53/200 epoch=2 loss=1.2188 head_lr=991.6 muon_lr=0.05
step=54/200 epoch=2 loss=1.2238 head_lr=984.9 muon_lr=0.05
step=55/200 epoch=2 loss=1.2261 head_lr=978.2 muon_lr=0.05
step=56/200 epoch=2 loss=1.2321 head_lr=971.5 muon_lr=0.05
step=57/200 epoch=2 loss=1.2080 head_lr=964.8 muon_lr=0.05
step=58/200 epoch=2 loss=1.2138 head_lr=958.1 muon_lr=0.05
step=59/200 epoch=2 loss=1.2033 head_lr=951.4 muon_lr=0.05
step=60/200 epoch=2 loss=1.2186 head_lr=944.7 muon_lr=0.05
step=61/200 epoch=2 loss=1.1953 head_lr=938 muon_lr=0.05
step=62/200 epoch=2 loss=1.1986 head_lr=931.3 muon_lr=0.05
step=63/200 epoch=2 loss=1.1950 head_lr=924.6 muon_lr=0.05
step=64/200 epoch=2 loss=1.2025 head_lr=917.9 muon_lr=0.05
step=65/200 epoch=2 loss=1.1937 head_lr=911.2 muon_lr=0.05
step=66/200 epoch=2 loss=1.2034 head_lr=904.5 muon_lr=0.05
step=67/200 epoch=2 loss=1.1946 head_lr=897.8 muon_lr=0.05
step=68/200 epoch=2 loss=1.1945 head_lr=891.1 muon_lr=0.05
step=69/200 epoch=2 loss=1.1944 head_lr=884.4 muon_lr=0.05
step=70/200 epoch=2 loss=1.1784 head_lr=877.7 muon_lr=0.05
step=71/200 epoch=2 loss=1.1919 head_lr=871 muon_lr=0.05
step=72/200 epoch=2 loss=1.1783 head_lr=864.3 muon_lr=0.05
step=73/200 epoch=2 loss=1.1890 head_lr=857.6 muon_lr=0.05
step=74/200 epoch=2 loss=1.1688 head_lr=850.9 muon_lr=0.05
step=75/200 epoch=2 loss=1.1948 head_lr=844.2 muon_lr=0.05
eval epoch=2 val_acc=0.8184 time_seconds=3.8666
step=76/200 epoch=3 loss=1.1471 head_lr=837.5 muon_lr=0.05
step=77/200 epoch=3 loss=1.1474 head_lr=830.8 muon_lr=0.05
step=78/200 epoch=3 loss=1.1461 head_lr=824.1 muon_lr=0.05
step=79/200 epoch=3 loss=1.1579 head_lr=817.4 muon_lr=0.05
step=80/200 epoch=3 loss=1.1444 head_lr=810.7 muon_lr=0.05
step=81/200 epoch=3 loss=1.1398 head_lr=804 muon_lr=0.05
step=82/200 epoch=3 loss=1.1528 head_lr=797.3 muon_lr=0.05
step=83/200 epoch=3 loss=1.1434 head_lr=790.6 muon_lr=0.05
step=84/200 epoch=3 loss=1.1481 head_lr=783.9 muon_lr=0.05
step=85/200 epoch=3 loss=1.1538 head_lr=777.2 muon_lr=0.05
step=86/200 epoch=3 loss=1.1351 head_lr=770.5 muon_lr=0.05
step=87/200 epoch=3 loss=1.1379 head_lr=763.8 muon_lr=0.05
step=88/200 epoch=3 loss=1.1381 head_lr=757.1 muon_lr=0.05
step=89/200 epoch=3 loss=1.1299 head_lr=750.4 muon_lr=0.05
step=90/200 epoch=3 loss=1.1355 head_lr=743.7 muon_lr=0.05
step=91/200 epoch=3 loss=1.1276 head_lr=737 muon_lr=0.05
step=92/200 epoch=3 loss=1.1290 head_lr=730.3 muon_lr=0.05
step=93/200 epoch=3 loss=1.1379 head_lr=723.6 muon_lr=0.05
step=94/200 epoch=3 loss=1.1318 head_lr=716.9 muon_lr=0.05
step=95/200 epoch=3 loss=1.1483 head_lr=710.2 muon_lr=0.05
step=96/200 epoch=3 loss=1.1296 head_lr=703.5 muon_lr=0.05
step=97/200 epoch=3 loss=1.1308 head_lr=696.8 muon_lr=0.05
step=98/200 epoch=3 loss=1.1211 head_lr=690.1 muon_lr=0.05
step=99/200 epoch=3 loss=1.1363 head_lr=683.4 muon_lr=0.05
step=100/200 epoch=3 loss=1.1420 head_lr=676.7 muon_lr=0.05
eval epoch=3 val_acc=0.8482 time_seconds=5.0668
step=101/200 epoch=4 loss=1.1037 head_lr=670 muon_lr=0.05
step=102/200 epoch=4 loss=1.1022 head_lr=663.3 muon_lr=0.05
step=103/200 epoch=4 loss=1.0905 head_lr=656.6 muon_lr=0.05
step=104/200 epoch=4 loss=1.1062 head_lr=649.9 muon_lr=0.05
step=105/200 epoch=4 loss=1.0966 head_lr=643.2 muon_lr=0.05
step=106/200 epoch=4 loss=1.1152 head_lr=636.5 muon_lr=0.05
step=107/200 epoch=4 loss=1.0957 head_lr=629.8 muon_lr=0.05
step=108/200 epoch=4 loss=1.0971 head_lr=623.1 muon_lr=0.05
step=109/200 epoch=4 loss=1.1041 head_lr=616.4 muon_lr=0.05
step=110/200 epoch=4 loss=1.0977 head_lr=609.7 muon_lr=0.05
step=111/200 epoch=4 loss=1.1006 head_lr=603 muon_lr=0.05
step=112/200 epoch=4 loss=1.0952 head_lr=596.3 muon_lr=0.05
step=113/200 epoch=4 loss=1.1127 head_lr=589.6 muon_lr=0.05
step=114/200 epoch=4 loss=1.0946 head_lr=582.9 muon_lr=0.05
step=115/200 epoch=4 loss=1.0909 head_lr=576.2 muon_lr=0.05
step=116/200 epoch=4 loss=1.0999 head_lr=569.5 muon_lr=0.05
step=117/200 epoch=4 loss=1.0865 head_lr=562.8 muon_lr=0.05
step=118/200 epoch=4 loss=1.0753 head_lr=556.1 muon_lr=0.05
step=119/200 epoch=4 loss=1.0986 head_lr=549.4 muon_lr=0.05
step=120/200 epoch=4 loss=1.0819 head_lr=542.7 muon_lr=0.05
step=121/200 epoch=4 loss=1.0967 head_lr=536 muon_lr=0.05
step=122/200 epoch=4 loss=1.0929 head_lr=529.3 muon_lr=0.05
step=123/200 epoch=4 loss=1.0926 head_lr=522.6 muon_lr=0.05
step=124/200 epoch=4 loss=1.1173 head_lr=515.9 muon_lr=0.05
step=125/200 epoch=4 loss=1.0882 head_lr=509.2 muon_lr=0.05
eval epoch=4 val_acc=0.8641 time_seconds=6.2675
step=126/200 epoch=5 loss=1.0681 head_lr=502.5 muon_lr=0.05
step=127/200 epoch=5 loss=1.0641 head_lr=495.8 muon_lr=0.05
step=128/200 epoch=5 loss=1.0755 head_lr=489.1 muon_lr=0.05
step=129/200 epoch=5 loss=1.0740 head_lr=482.4 muon_lr=0.05
step=130/200 epoch=5 loss=1.0625 head_lr=475.7 muon_lr=0.05
step=131/200 epoch=5 loss=1.0740 head_lr=469 muon_lr=0.05
step=132/200 epoch=5 loss=1.0670 head_lr=462.3 muon_lr=0.05
step=133/200 epoch=5 loss=1.0665 head_lr=455.6 muon_lr=0.05
step=134/200 epoch=5 loss=1.0607 head_lr=448.9 muon_lr=0.05
step=135/200 epoch=5 loss=1.0644 head_lr=442.2 muon_lr=0.05
step=136/200 epoch=5 loss=1.0704 head_lr=435.5 muon_lr=0.05
step=137/200 epoch=5 loss=1.0693 head_lr=428.8 muon_lr=0.05
step=138/200 epoch=5 loss=1.0530 head_lr=422.1 muon_lr=0.05
step=139/200 epoch=5 loss=1.0667 head_lr=415.4 muon_lr=0.05
step=140/200 epoch=5 loss=1.0579 head_lr=408.7 muon_lr=0.05
step=141/200 epoch=5 loss=1.0588 head_lr=402 muon_lr=0.05
step=142/200 epoch=5 loss=1.0728 head_lr=395.3 muon_lr=0.05
step=143/200 epoch=5 loss=1.0628 head_lr=388.6 muon_lr=0.05
step=144/200 epoch=5 loss=1.0607 head_lr=381.9 muon_lr=0.05
step=145/200 epoch=5 loss=1.0866 head_lr=375.2 muon_lr=0.05
step=146/200 epoch=5 loss=1.0604 head_lr=368.5 muon_lr=0.05
step=147/200 epoch=5 loss=1.0588 head_lr=361.8 muon_lr=0.05
step=148/200 epoch=5 loss=1.0587 head_lr=355.1 muon_lr=0.05
step=149/200 epoch=5 loss=1.0545 head_lr=348.4 muon_lr=0.05
step=150/200 epoch=5 loss=1.0643 head_lr=341.7 muon_lr=0.05
eval epoch=5 val_acc=0.8777 time_seconds=7.4671
step=151/200 epoch=6 loss=1.0485 head_lr=335 muon_lr=0.05
step=152/200 epoch=6 loss=1.0337 head_lr=328.3 muon_lr=0.05
step=153/200 epoch=6 loss=1.0374 head_lr=321.6 muon_lr=0.05
step=154/200 epoch=6 loss=1.0380 head_lr=314.9 muon_lr=0.05
step=155/200 epoch=6 loss=1.0559 head_lr=308.2 muon_lr=0.05
step=156/200 epoch=6 loss=1.0477 head_lr=301.5 muon_lr=0.05
step=157/200 epoch=6 loss=1.0397 head_lr=294.8 muon_lr=0.05
step=158/200 epoch=6 loss=1.0432 head_lr=288.1 muon_lr=0.05
step=159/200 epoch=6 loss=1.0627 head_lr=281.4 muon_lr=0.05
step=160/200 epoch=6 loss=1.0311 head_lr=274.7 muon_lr=0.05
step=161/200 epoch=6 loss=1.0286 head_lr=268 muon_lr=0.05
step=162/200 epoch=6 loss=1.0399 head_lr=261.3 muon_lr=0.05
step=163/200 epoch=6 loss=1.0322 head_lr=254.6 muon_lr=0.05
step=164/200 epoch=6 loss=1.0352 head_lr=247.9 muon_lr=0.05
step=165/200 epoch=6 loss=1.0525 head_lr=241.2 muon_lr=0.05
step=166/200 epoch=6 loss=1.0417 head_lr=234.5 muon_lr=0.05
step=167/200 epoch=6 loss=1.0426 head_lr=227.8 muon_lr=0.05
step=168/200 epoch=6 loss=1.0504 head_lr=221.1 muon_lr=0.05
step=169/200 epoch=6 loss=1.0355 head_lr=214.4 muon_lr=0.05
step=170/200 epoch=6 loss=1.0389 head_lr=207.7 muon_lr=0.05
step=171/200 epoch=6 loss=1.0436 head_lr=201 muon_lr=0.05
step=172/200 epoch=6 loss=1.0445 head_lr=194.3 muon_lr=0.05
step=173/200 epoch=6 loss=1.0507 head_lr=187.6 muon_lr=0.05
step=174/200 epoch=6 loss=1.0443 head_lr=180.9 muon_lr=0.05
step=175/200 epoch=6 loss=1.0222 head_lr=174.2 muon_lr=0.05
eval epoch=6 val_acc=0.8772 time_seconds=8.6670
step=176/200 epoch=7 loss=1.0095 head_lr=167.5 muon_lr=0.05
step=177/200 epoch=7 loss=1.0105 head_lr=160.8 muon_lr=0.05
step=178/200 epoch=7 loss=1.0162 head_lr=154.1 muon_lr=0.05
step=179/200 epoch=7 loss=1.0147 head_lr=147.4 muon_lr=0.05
step=180/200 epoch=7 loss=1.0165 head_lr=140.7 muon_lr=0.05
step=181/200 epoch=7 loss=1.0231 head_lr=134 muon_lr=0.05
step=182/200 epoch=7 loss=1.0164 head_lr=127.3 muon_lr=0.05
step=183/200 epoch=7 loss=1.0205 head_lr=120.6 muon_lr=0.05
step=184/200 epoch=7 loss=1.0151 head_lr=113.9 muon_lr=0.05
step=185/200 epoch=7 loss=1.0227 head_lr=107.2 muon_lr=0.05
step=186/200 epoch=7 loss=1.0255 head_lr=100.5 muon_lr=0.05
step=187/200 epoch=7 loss=1.0249 head_lr=93.8 muon_lr=0.05
step=188/200 epoch=7 loss=1.0164 head_lr=87.1 muon_lr=0.05
step=189/200 epoch=7 loss=1.0254 head_lr=80.4 muon_lr=0.05
step=190/200 epoch=7 loss=1.0175 head_lr=73.7 muon_lr=0.05
step=191/200 epoch=7 loss=1.0268 head_lr=67 muon_lr=0.05
step=192/200 epoch=7 loss=1.0204 head_lr=60.3 muon_lr=0.05
step=193/200 epoch=7 loss=1.0216 head_lr=53.6 muon_lr=0.05
step=194/200 epoch=7 loss=1.0171 head_lr=46.9 muon_lr=0.05
step=195/200 epoch=7 loss=1.0239 head_lr=40.2 muon_lr=0.05
step=196/200 epoch=7 loss=1.0194 head_lr=33.5 muon_lr=0.05
step=197/200 epoch=7 loss=1.0266 head_lr=26.8 muon_lr=0.05
step=198/200 epoch=7 loss=1.0198 head_lr=20.1 muon_lr=0.05
step=199/200 epoch=7 loss=1.0155 head_lr=13.4 muon_lr=0.05
step=200/200 epoch=7 loss=1.0123 head_lr=6.7 muon_lr=0.05
eval epoch=7 val_acc=0.8987 time_seconds=9.8667
eval epoch=final 25batch_train_loss=0.9588 val_acc=0.8987 tta_val_acc=0.9103 time_seconds=10.4765
Run:                5
Seed:               0
Batch size:         2000
Muon lr:            0.05
SGD lr mult:        1
25batch train loss: 0.9588
Val acc:            0.8987
TTA val:            0.9103
cifar_reproducibility run=6 seed=0 batch_size=2000 muon_lr=0.05
step=1/200 epoch=0 loss=2.3101 head_lr=1340 muon_lr=0.05
step=2/200 epoch=0 loss=2.3375 head_lr=1333.3 muon_lr=0.05
step=3/200 epoch=0 loss=2.4168 head_lr=1326.6 muon_lr=0.05
step=4/200 epoch=0 loss=2.1717 head_lr=1319.9 muon_lr=0.05
step=5/200 epoch=0 loss=2.1075 head_lr=1313.2 muon_lr=0.05
step=6/200 epoch=0 loss=2.0282 head_lr=1306.5 muon_lr=0.05
step=7/200 epoch=0 loss=1.9161 head_lr=1299.8 muon_lr=0.05
step=8/200 epoch=0 loss=1.8288 head_lr=1293.1 muon_lr=0.05
step=9/200 epoch=0 loss=1.7594 head_lr=1286.4 muon_lr=0.05
step=10/200 epoch=0 loss=1.7620 head_lr=1279.7 muon_lr=0.05
step=11/200 epoch=0 loss=1.7372 head_lr=1273 muon_lr=0.05
step=12/200 epoch=0 loss=1.6806 head_lr=1266.3 muon_lr=0.05
step=13/200 epoch=0 loss=1.6618 head_lr=1259.6 muon_lr=0.05
step=14/200 epoch=0 loss=1.6287 head_lr=1252.9 muon_lr=0.05
step=15/200 epoch=0 loss=1.5823 head_lr=1246.2 muon_lr=0.05
step=16/200 epoch=0 loss=1.5665 head_lr=1239.5 muon_lr=0.05
step=17/200 epoch=0 loss=1.5693 head_lr=1232.8 muon_lr=0.05
step=18/200 epoch=0 loss=1.5382 head_lr=1226.1 muon_lr=0.05
step=19/200 epoch=0 loss=1.5083 head_lr=1219.4 muon_lr=0.05
step=20/200 epoch=0 loss=1.5066 head_lr=1212.7 muon_lr=0.05
step=21/200 epoch=0 loss=1.4885 head_lr=1206 muon_lr=0.05
step=22/200 epoch=0 loss=1.4473 head_lr=1199.3 muon_lr=0.05
step=23/200 epoch=0 loss=1.4548 head_lr=1192.6 muon_lr=0.05
step=24/200 epoch=0 loss=1.4350 head_lr=1185.9 muon_lr=0.05
step=25/200 epoch=0 loss=1.4346 head_lr=1179.2 muon_lr=0.05
eval run=6 epoch=0 val_acc=0.6921 time_seconds=1.2906
step=26/200 epoch=1 loss=1.4144 head_lr=1172.5 muon_lr=0.05
step=27/200 epoch=1 loss=1.3949 head_lr=1165.8 muon_lr=0.05
step=28/200 epoch=1 loss=1.3940 head_lr=1159.1 muon_lr=0.05
step=29/200 epoch=1 loss=1.4008 head_lr=1152.4 muon_lr=0.05
step=30/200 epoch=1 loss=1.3431 head_lr=1145.7 muon_lr=0.05
step=31/200 epoch=1 loss=1.3745 head_lr=1139 muon_lr=0.05
step=32/200 epoch=1 loss=1.3518 head_lr=1132.3 muon_lr=0.05
step=33/200 epoch=1 loss=1.3502 head_lr=1125.6 muon_lr=0.05
step=34/200 epoch=1 loss=1.3093 head_lr=1118.9 muon_lr=0.05
step=35/200 epoch=1 loss=1.3490 head_lr=1112.2 muon_lr=0.05
step=36/200 epoch=1 loss=1.3459 head_lr=1105.5 muon_lr=0.05
step=37/200 epoch=1 loss=1.3154 head_lr=1098.8 muon_lr=0.05
step=38/200 epoch=1 loss=1.3112 head_lr=1092.1 muon_lr=0.05
step=39/200 epoch=1 loss=1.2981 head_lr=1085.4 muon_lr=0.05
step=40/200 epoch=1 loss=1.3016 head_lr=1078.7 muon_lr=0.05
step=41/200 epoch=1 loss=1.2963 head_lr=1072 muon_lr=0.05
step=42/200 epoch=1 loss=1.3026 head_lr=1065.3 muon_lr=0.05
step=43/200 epoch=1 loss=1.2553 head_lr=1058.6 muon_lr=0.05
step=44/200 epoch=1 loss=1.2799 head_lr=1051.9 muon_lr=0.05
step=45/200 epoch=1 loss=1.2722 head_lr=1045.2 muon_lr=0.05
step=46/200 epoch=1 loss=1.2739 head_lr=1038.5 muon_lr=0.05
step=47/200 epoch=1 loss=1.2486 head_lr=1031.8 muon_lr=0.05
step=48/200 epoch=1 loss=1.2584 head_lr=1025.1 muon_lr=0.05
step=49/200 epoch=1 loss=1.2536 head_lr=1018.4 muon_lr=0.05
step=50/200 epoch=1 loss=1.2482 head_lr=1011.7 muon_lr=0.05
eval epoch=1 val_acc=0.7831 time_seconds=2.5803
step=51/200 epoch=2 loss=1.2270 head_lr=1005 muon_lr=0.05
step=52/200 epoch=2 loss=1.2211 head_lr=998.3 muon_lr=0.05
step=53/200 epoch=2 loss=1.2188 head_lr=991.6 muon_lr=0.05
step=54/200 epoch=2 loss=1.2238 head_lr=984.9 muon_lr=0.05
step=55/200 epoch=2 loss=1.2261 head_lr=978.2 muon_lr=0.05
step=56/200 epoch=2 loss=1.2321 head_lr=971.5 muon_lr=0.05
step=57/200 epoch=2 loss=1.2080 head_lr=964.8 muon_lr=0.05
step=58/200 epoch=2 loss=1.2138 head_lr=958.1 muon_lr=0.05
step=59/200 epoch=2 loss=1.2033 head_lr=951.4 muon_lr=0.05
step=60/200 epoch=2 loss=1.2186 head_lr=944.7 muon_lr=0.05
step=61/200 epoch=2 loss=1.1953 head_lr=938 muon_lr=0.05
step=62/200 epoch=2 loss=1.1986 head_lr=931.3 muon_lr=0.05
step=63/200 epoch=2 loss=1.1950 head_lr=924.6 muon_lr=0.05
step=64/200 epoch=2 loss=1.2025 head_lr=917.9 muon_lr=0.05
step=65/200 epoch=2 loss=1.1937 head_lr=911.2 muon_lr=0.05
step=66/200 epoch=2 loss=1.2034 head_lr=904.5 muon_lr=0.05
step=67/200 epoch=2 loss=1.1946 head_lr=897.8 muon_lr=0.05
step=68/200 epoch=2 loss=1.1945 head_lr=891.1 muon_lr=0.05
step=69/200 epoch=2 loss=1.1944 head_lr=884.4 muon_lr=0.05
step=70/200 epoch=2 loss=1.1784 head_lr=877.7 muon_lr=0.05
step=71/200 epoch=2 loss=1.1919 head_lr=871 muon_lr=0.05
step=72/200 epoch=2 loss=1.1783 head_lr=864.3 muon_lr=0.05
step=73/200 epoch=2 loss=1.1890 head_lr=857.6 muon_lr=0.05
step=74/200 epoch=2 loss=1.1688 head_lr=850.9 muon_lr=0.05
step=75/200 epoch=2 loss=1.1948 head_lr=844.2 muon_lr=0.05
eval epoch=2 val_acc=0.8184 time_seconds=3.8691
step=76/200 epoch=3 loss=1.1471 head_lr=837.5 muon_lr=0.05
step=77/200 epoch=3 loss=1.1474 head_lr=830.8 muon_lr=0.05
step=78/200 epoch=3 loss=1.1461 head_lr=824.1 muon_lr=0.05
step=79/200 epoch=3 loss=1.1579 head_lr=817.4 muon_lr=0.05
step=80/200 epoch=3 loss=1.1444 head_lr=810.7 muon_lr=0.05
step=81/200 epoch=3 loss=1.1398 head_lr=804 muon_lr=0.05
step=82/200 epoch=3 loss=1.1528 head_lr=797.3 muon_lr=0.05
step=83/200 epoch=3 loss=1.1434 head_lr=790.6 muon_lr=0.05
step=84/200 epoch=3 loss=1.1481 head_lr=783.9 muon_lr=0.05
step=85/200 epoch=3 loss=1.1538 head_lr=777.2 muon_lr=0.05
step=86/200 epoch=3 loss=1.1351 head_lr=770.5 muon_lr=0.05
step=87/200 epoch=3 loss=1.1379 head_lr=763.8 muon_lr=0.05
step=88/200 epoch=3 loss=1.1381 head_lr=757.1 muon_lr=0.05
step=89/200 epoch=3 loss=1.1299 head_lr=750.4 muon_lr=0.05
step=90/200 epoch=3 loss=1.1355 head_lr=743.7 muon_lr=0.05
step=91/200 epoch=3 loss=1.1276 head_lr=737 muon_lr=0.05
step=92/200 epoch=3 loss=1.1290 head_lr=730.3 muon_lr=0.05
step=93/200 epoch=3 loss=1.1379 head_lr=723.6 muon_lr=0.05
step=94/200 epoch=3 loss=1.1318 head_lr=716.9 muon_lr=0.05
step=95/200 epoch=3 loss=1.1483 head_lr=710.2 muon_lr=0.05
step=96/200 epoch=3 loss=1.1296 head_lr=703.5 muon_lr=0.05
step=97/200 epoch=3 loss=1.1308 head_lr=696.8 muon_lr=0.05
step=98/200 epoch=3 loss=1.1211 head_lr=690.1 muon_lr=0.05
step=99/200 epoch=3 loss=1.1363 head_lr=683.4 muon_lr=0.05
step=100/200 epoch=3 loss=1.1420 head_lr=676.7 muon_lr=0.05
eval epoch=3 val_acc=0.8482 time_seconds=5.0707
step=101/200 epoch=4 loss=1.1037 head_lr=670 muon_lr=0.05
step=102/200 epoch=4 loss=1.1022 head_lr=663.3 muon_lr=0.05
step=103/200 epoch=4 loss=1.0905 head_lr=656.6 muon_lr=0.05
step=104/200 epoch=4 loss=1.1062 head_lr=649.9 muon_lr=0.05
step=105/200 epoch=4 loss=1.0966 head_lr=643.2 muon_lr=0.05
step=106/200 epoch=4 loss=1.1152 head_lr=636.5 muon_lr=0.05
step=107/200 epoch=4 loss=1.0957 head_lr=629.8 muon_lr=0.05
step=108/200 epoch=4 loss=1.0971 head_lr=623.1 muon_lr=0.05
step=109/200 epoch=4 loss=1.1041 head_lr=616.4 muon_lr=0.05
step=110/200 epoch=4 loss=1.0977 head_lr=609.7 muon_lr=0.05
step=111/200 epoch=4 loss=1.1006 head_lr=603 muon_lr=0.05
step=112/200 epoch=4 loss=1.0952 head_lr=596.3 muon_lr=0.05
step=113/200 epoch=4 loss=1.1127 head_lr=589.6 muon_lr=0.05
step=114/200 epoch=4 loss=1.0946 head_lr=582.9 muon_lr=0.05
step=115/200 epoch=4 loss=1.0909 head_lr=576.2 muon_lr=0.05
step=116/200 epoch=4 loss=1.0999 head_lr=569.5 muon_lr=0.05
step=117/200 epoch=4 loss=1.0865 head_lr=562.8 muon_lr=0.05
step=118/200 epoch=4 loss=1.0753 head_lr=556.1 muon_lr=0.05
step=119/200 epoch=4 loss=1.0986 head_lr=549.4 muon_lr=0.05
step=120/200 epoch=4 loss=1.0819 head_lr=542.7 muon_lr=0.05
step=121/200 epoch=4 loss=1.0967 head_lr=536 muon_lr=0.05
step=122/200 epoch=4 loss=1.0929 head_lr=529.3 muon_lr=0.05
step=123/200 epoch=4 loss=1.0926 head_lr=522.6 muon_lr=0.05
step=124/200 epoch=4 loss=1.1173 head_lr=515.9 muon_lr=0.05
step=125/200 epoch=4 loss=1.0882 head_lr=509.2 muon_lr=0.05
eval epoch=4 val_acc=0.8641 time_seconds=6.2701
step=126/200 epoch=5 loss=1.0681 head_lr=502.5 muon_lr=0.05
step=127/200 epoch=5 loss=1.0641 head_lr=495.8 muon_lr=0.05
step=128/200 epoch=5 loss=1.0755 head_lr=489.1 muon_lr=0.05
step=129/200 epoch=5 loss=1.0740 head_lr=482.4 muon_lr=0.05
step=130/200 epoch=5 loss=1.0625 head_lr=475.7 muon_lr=0.05
step=131/200 epoch=5 loss=1.0740 head_lr=469 muon_lr=0.05
step=132/200 epoch=5 loss=1.0670 head_lr=462.3 muon_lr=0.05
step=133/200 epoch=5 loss=1.0665 head_lr=455.6 muon_lr=0.05
step=134/200 epoch=5 loss=1.0607 head_lr=448.9 muon_lr=0.05
step=135/200 epoch=5 loss=1.0644 head_lr=442.2 muon_lr=0.05
step=136/200 epoch=5 loss=1.0704 head_lr=435.5 muon_lr=0.05
step=137/200 epoch=5 loss=1.0693 head_lr=428.8 muon_lr=0.05
step=138/200 epoch=5 loss=1.0530 head_lr=422.1 muon_lr=0.05
step=139/200 epoch=5 loss=1.0667 head_lr=415.4 muon_lr=0.05
step=140/200 epoch=5 loss=1.0579 head_lr=408.7 muon_lr=0.05
step=141/200 epoch=5 loss=1.0588 head_lr=402 muon_lr=0.05
step=142/200 epoch=5 loss=1.0728 head_lr=395.3 muon_lr=0.05
step=143/200 epoch=5 loss=1.0628 head_lr=388.6 muon_lr=0.05
step=144/200 epoch=5 loss=1.0607 head_lr=381.9 muon_lr=0.05
step=145/200 epoch=5 loss=1.0866 head_lr=375.2 muon_lr=0.05
step=146/200 epoch=5 loss=1.0604 head_lr=368.5 muon_lr=0.05
step=147/200 epoch=5 loss=1.0588 head_lr=361.8 muon_lr=0.05
step=148/200 epoch=5 loss=1.0587 head_lr=355.1 muon_lr=0.05
step=149/200 epoch=5 loss=1.0545 head_lr=348.4 muon_lr=0.05
step=150/200 epoch=5 loss=1.0643 head_lr=341.7 muon_lr=0.05
eval epoch=5 val_acc=0.8777 time_seconds=7.4733
step=151/200 epoch=6 loss=1.0485 head_lr=335 muon_lr=0.05
step=152/200 epoch=6 loss=1.0337 head_lr=328.3 muon_lr=0.05
step=153/200 epoch=6 loss=1.0374 head_lr=321.6 muon_lr=0.05
step=154/200 epoch=6 loss=1.0380 head_lr=314.9 muon_lr=0.05
step=155/200 epoch=6 loss=1.0559 head_lr=308.2 muon_lr=0.05
step=156/200 epoch=6 loss=1.0477 head_lr=301.5 muon_lr=0.05
step=157/200 epoch=6 loss=1.0397 head_lr=294.8 muon_lr=0.05
step=158/200 epoch=6 loss=1.0432 head_lr=288.1 muon_lr=0.05
step=159/200 epoch=6 loss=1.0627 head_lr=281.4 muon_lr=0.05
step=160/200 epoch=6 loss=1.0311 head_lr=274.7 muon_lr=0.05
step=161/200 epoch=6 loss=1.0286 head_lr=268 muon_lr=0.05
step=162/200 epoch=6 loss=1.0399 head_lr=261.3 muon_lr=0.05
step=163/200 epoch=6 loss=1.0322 head_lr=254.6 muon_lr=0.05
step=164/200 epoch=6 loss=1.0352 head_lr=247.9 muon_lr=0.05
step=165/200 epoch=6 loss=1.0525 head_lr=241.2 muon_lr=0.05
step=166/200 epoch=6 loss=1.0417 head_lr=234.5 muon_lr=0.05
step=167/200 epoch=6 loss=1.0426 head_lr=227.8 muon_lr=0.05
step=168/200 epoch=6 loss=1.0504 head_lr=221.1 muon_lr=0.05
step=169/200 epoch=6 loss=1.0355 head_lr=214.4 muon_lr=0.05
step=170/200 epoch=6 loss=1.0389 head_lr=207.7 muon_lr=0.05
step=171/200 epoch=6 loss=1.0436 head_lr=201 muon_lr=0.05
step=172/200 epoch=6 loss=1.0445 head_lr=194.3 muon_lr=0.05
step=173/200 epoch=6 loss=1.0507 head_lr=187.6 muon_lr=0.05
step=174/200 epoch=6 loss=1.0443 head_lr=180.9 muon_lr=0.05
step=175/200 epoch=6 loss=1.0222 head_lr=174.2 muon_lr=0.05
eval epoch=6 val_acc=0.8772 time_seconds=8.6741
step=176/200 epoch=7 loss=1.0095 head_lr=167.5 muon_lr=0.05
step=177/200 epoch=7 loss=1.0105 head_lr=160.8 muon_lr=0.05
step=178/200 epoch=7 loss=1.0162 head_lr=154.1 muon_lr=0.05
step=179/200 epoch=7 loss=1.0147 head_lr=147.4 muon_lr=0.05
step=180/200 epoch=7 loss=1.0165 head_lr=140.7 muon_lr=0.05
step=181/200 epoch=7 loss=1.0231 head_lr=134 muon_lr=0.05
step=182/200 epoch=7 loss=1.0164 head_lr=127.3 muon_lr=0.05
step=183/200 epoch=7 loss=1.0205 head_lr=120.6 muon_lr=0.05
step=184/200 epoch=7 loss=1.0151 head_lr=113.9 muon_lr=0.05
step=185/200 epoch=7 loss=1.0227 head_lr=107.2 muon_lr=0.05
step=186/200 epoch=7 loss=1.0255 head_lr=100.5 muon_lr=0.05
step=187/200 epoch=7 loss=1.0249 head_lr=93.8 muon_lr=0.05
step=188/200 epoch=7 loss=1.0164 head_lr=87.1 muon_lr=0.05
step=189/200 epoch=7 loss=1.0254 head_lr=80.4 muon_lr=0.05
step=190/200 epoch=7 loss=1.0175 head_lr=73.7 muon_lr=0.05
step=191/200 epoch=7 loss=1.0268 head_lr=67 muon_lr=0.05
step=192/200 epoch=7 loss=1.0204 head_lr=60.3 muon_lr=0.05
step=193/200 epoch=7 loss=1.0216 head_lr=53.6 muon_lr=0.05
step=194/200 epoch=7 loss=1.0171 head_lr=46.9 muon_lr=0.05
step=195/200 epoch=7 loss=1.0239 head_lr=40.2 muon_lr=0.05
step=196/200 epoch=7 loss=1.0194 head_lr=33.5 muon_lr=0.05
step=197/200 epoch=7 loss=1.0266 head_lr=26.8 muon_lr=0.05
step=198/200 epoch=7 loss=1.0198 head_lr=20.1 muon_lr=0.05
step=199/200 epoch=7 loss=1.0155 head_lr=13.4 muon_lr=0.05
step=200/200 epoch=7 loss=1.0123 head_lr=6.7 muon_lr=0.05
eval epoch=7 val_acc=0.8987 time_seconds=9.8751
eval epoch=final 25batch_train_loss=0.9588 val_acc=0.8987 tta_val_acc=0.9103 time_seconds=10.4844
Run:                6
Seed:               0
Batch size:         2000
Muon lr:            0.05
SGD lr mult:        1
25batch train loss: 0.9588
Val acc:            0.8987
TTA val:            0.9103
cifar_reproducibility run=7 seed=0 batch_size=2000 muon_lr=0.05
step=1/200 epoch=0 loss=2.3101 head_lr=1340 muon_lr=0.05
step=2/200 epoch=0 loss=2.3375 head_lr=1333.3 muon_lr=0.05
step=3/200 epoch=0 loss=2.4168 head_lr=1326.6 muon_lr=0.05
step=4/200 epoch=0 loss=2.1717 head_lr=1319.9 muon_lr=0.05
step=5/200 epoch=0 loss=2.1075 head_lr=1313.2 muon_lr=0.05
step=6/200 epoch=0 loss=2.0282 head_lr=1306.5 muon_lr=0.05
step=7/200 epoch=0 loss=1.9161 head_lr=1299.8 muon_lr=0.05
step=8/200 epoch=0 loss=1.8288 head_lr=1293.1 muon_lr=0.05
step=9/200 epoch=0 loss=1.7594 head_lr=1286.4 muon_lr=0.05
step=10/200 epoch=0 loss=1.7620 head_lr=1279.7 muon_lr=0.05
step=11/200 epoch=0 loss=1.7372 head_lr=1273 muon_lr=0.05
step=12/200 epoch=0 loss=1.6806 head_lr=1266.3 muon_lr=0.05
step=13/200 epoch=0 loss=1.6618 head_lr=1259.6 muon_lr=0.05
step=14/200 epoch=0 loss=1.6287 head_lr=1252.9 muon_lr=0.05
step=15/200 epoch=0 loss=1.5823 head_lr=1246.2 muon_lr=0.05
step=16/200 epoch=0 loss=1.5665 head_lr=1239.5 muon_lr=0.05
step=17/200 epoch=0 loss=1.5693 head_lr=1232.8 muon_lr=0.05
step=18/200 epoch=0 loss=1.5382 head_lr=1226.1 muon_lr=0.05
step=19/200 epoch=0 loss=1.5083 head_lr=1219.4 muon_lr=0.05
step=20/200 epoch=0 loss=1.5066 head_lr=1212.7 muon_lr=0.05
step=21/200 epoch=0 loss=1.4885 head_lr=1206 muon_lr=0.05
step=22/200 epoch=0 loss=1.4473 head_lr=1199.3 muon_lr=0.05
step=23/200 epoch=0 loss=1.4548 head_lr=1192.6 muon_lr=0.05
step=24/200 epoch=0 loss=1.4350 head_lr=1185.9 muon_lr=0.05
step=25/200 epoch=0 loss=1.4346 head_lr=1179.2 muon_lr=0.05
eval run=7 epoch=0 val_acc=0.6921 time_seconds=1.2931
step=26/200 epoch=1 loss=1.4144 head_lr=1172.5 muon_lr=0.05
step=27/200 epoch=1 loss=1.3949 head_lr=1165.8 muon_lr=0.05
step=28/200 epoch=1 loss=1.3940 head_lr=1159.1 muon_lr=0.05
step=29/200 epoch=1 loss=1.4008 head_lr=1152.4 muon_lr=0.05
step=30/200 epoch=1 loss=1.3431 head_lr=1145.7 muon_lr=0.05
step=31/200 epoch=1 loss=1.3745 head_lr=1139 muon_lr=0.05
step=32/200 epoch=1 loss=1.3518 head_lr=1132.3 muon_lr=0.05
step=33/200 epoch=1 loss=1.3502 head_lr=1125.6 muon_lr=0.05
step=34/200 epoch=1 loss=1.3093 head_lr=1118.9 muon_lr=0.05
step=35/200 epoch=1 loss=1.3490 head_lr=1112.2 muon_lr=0.05
step=36/200 epoch=1 loss=1.3459 head_lr=1105.5 muon_lr=0.05
step=37/200 epoch=1 loss=1.3154 head_lr=1098.8 muon_lr=0.05
step=38/200 epoch=1 loss=1.3112 head_lr=1092.1 muon_lr=0.05
step=39/200 epoch=1 loss=1.2981 head_lr=1085.4 muon_lr=0.05
step=40/200 epoch=1 loss=1.3016 head_lr=1078.7 muon_lr=0.05
step=41/200 epoch=1 loss=1.2963 head_lr=1072 muon_lr=0.05
step=42/200 epoch=1 loss=1.3026 head_lr=1065.3 muon_lr=0.05
step=43/200 epoch=1 loss=1.2553 head_lr=1058.6 muon_lr=0.05
step=44/200 epoch=1 loss=1.2799 head_lr=1051.9 muon_lr=0.05
step=45/200 epoch=1 loss=1.2722 head_lr=1045.2 muon_lr=0.05
step=46/200 epoch=1 loss=1.2739 head_lr=1038.5 muon_lr=0.05
step=47/200 epoch=1 loss=1.2486 head_lr=1031.8 muon_lr=0.05
step=48/200 epoch=1 loss=1.2584 head_lr=1025.1 muon_lr=0.05
step=49/200 epoch=1 loss=1.2536 head_lr=1018.4 muon_lr=0.05
step=50/200 epoch=1 loss=1.2482 head_lr=1011.7 muon_lr=0.05
eval epoch=1 val_acc=0.7831 time_seconds=2.5834
step=51/200 epoch=2 loss=1.2270 head_lr=1005 muon_lr=0.05
step=52/200 epoch=2 loss=1.2211 head_lr=998.3 muon_lr=0.05
step=53/200 epoch=2 loss=1.2188 head_lr=991.6 muon_lr=0.05
step=54/200 epoch=2 loss=1.2238 head_lr=984.9 muon_lr=0.05
step=55/200 epoch=2 loss=1.2261 head_lr=978.2 muon_lr=0.05
step=56/200 epoch=2 loss=1.2321 head_lr=971.5 muon_lr=0.05
step=57/200 epoch=2 loss=1.2080 head_lr=964.8 muon_lr=0.05
step=58/200 epoch=2 loss=1.2138 head_lr=958.1 muon_lr=0.05
step=59/200 epoch=2 loss=1.2033 head_lr=951.4 muon_lr=0.05
step=60/200 epoch=2 loss=1.2186 head_lr=944.7 muon_lr=0.05
step=61/200 epoch=2 loss=1.1953 head_lr=938 muon_lr=0.05
step=62/200 epoch=2 loss=1.1986 head_lr=931.3 muon_lr=0.05
step=63/200 epoch=2 loss=1.1950 head_lr=924.6 muon_lr=0.05
step=64/200 epoch=2 loss=1.2025 head_lr=917.9 muon_lr=0.05
step=65/200 epoch=2 loss=1.1937 head_lr=911.2 muon_lr=0.05
step=66/200 epoch=2 loss=1.2034 head_lr=904.5 muon_lr=0.05
step=67/200 epoch=2 loss=1.1946 head_lr=897.8 muon_lr=0.05
step=68/200 epoch=2 loss=1.1945 head_lr=891.1 muon_lr=0.05
step=69/200 epoch=2 loss=1.1944 head_lr=884.4 muon_lr=0.05
step=70/200 epoch=2 loss=1.1784 head_lr=877.7 muon_lr=0.05
step=71/200 epoch=2 loss=1.1919 head_lr=871 muon_lr=0.05
step=72/200 epoch=2 loss=1.1783 head_lr=864.3 muon_lr=0.05
step=73/200 epoch=2 loss=1.1890 head_lr=857.6 muon_lr=0.05
step=74/200 epoch=2 loss=1.1688 head_lr=850.9 muon_lr=0.05
step=75/200 epoch=2 loss=1.1948 head_lr=844.2 muon_lr=0.05
eval epoch=2 val_acc=0.8184 time_seconds=3.8741
step=76/200 epoch=3 loss=1.1471 head_lr=837.5 muon_lr=0.05
step=77/200 epoch=3 loss=1.1474 head_lr=830.8 muon_lr=0.05
step=78/200 epoch=3 loss=1.1461 head_lr=824.1 muon_lr=0.05
step=79/200 epoch=3 loss=1.1579 head_lr=817.4 muon_lr=0.05
step=80/200 epoch=3 loss=1.1444 head_lr=810.7 muon_lr=0.05
step=81/200 epoch=3 loss=1.1398 head_lr=804 muon_lr=0.05
step=82/200 epoch=3 loss=1.1528 head_lr=797.3 muon_lr=0.05
step=83/200 epoch=3 loss=1.1434 head_lr=790.6 muon_lr=0.05
step=84/200 epoch=3 loss=1.1481 head_lr=783.9 muon_lr=0.05
step=85/200 epoch=3 loss=1.1538 head_lr=777.2 muon_lr=0.05
step=86/200 epoch=3 loss=1.1351 head_lr=770.5 muon_lr=0.05
step=87/200 epoch=3 loss=1.1379 head_lr=763.8 muon_lr=0.05
step=88/200 epoch=3 loss=1.1381 head_lr=757.1 muon_lr=0.05
step=89/200 epoch=3 loss=1.1299 head_lr=750.4 muon_lr=0.05
step=90/200 epoch=3 loss=1.1355 head_lr=743.7 muon_lr=0.05
step=91/200 epoch=3 loss=1.1276 head_lr=737 muon_lr=0.05
step=92/200 epoch=3 loss=1.1290 head_lr=730.3 muon_lr=0.05
step=93/200 epoch=3 loss=1.1379 head_lr=723.6 muon_lr=0.05
step=94/200 epoch=3 loss=1.1318 head_lr=716.9 muon_lr=0.05
step=95/200 epoch=3 loss=1.1483 head_lr=710.2 muon_lr=0.05
step=96/200 epoch=3 loss=1.1296 head_lr=703.5 muon_lr=0.05
step=97/200 epoch=3 loss=1.1308 head_lr=696.8 muon_lr=0.05
step=98/200 epoch=3 loss=1.1211 head_lr=690.1 muon_lr=0.05
step=99/200 epoch=3 loss=1.1363 head_lr=683.4 muon_lr=0.05
step=100/200 epoch=3 loss=1.1420 head_lr=676.7 muon_lr=0.05
eval epoch=3 val_acc=0.8482 time_seconds=5.0758
step=101/200 epoch=4 loss=1.1037 head_lr=670 muon_lr=0.05
step=102/200 epoch=4 loss=1.1022 head_lr=663.3 muon_lr=0.05
step=103/200 epoch=4 loss=1.0905 head_lr=656.6 muon_lr=0.05
step=104/200 epoch=4 loss=1.1062 head_lr=649.9 muon_lr=0.05
step=105/200 epoch=4 loss=1.0966 head_lr=643.2 muon_lr=0.05
step=106/200 epoch=4 loss=1.1152 head_lr=636.5 muon_lr=0.05
step=107/200 epoch=4 loss=1.0957 head_lr=629.8 muon_lr=0.05
step=108/200 epoch=4 loss=1.0971 head_lr=623.1 muon_lr=0.05
step=109/200 epoch=4 loss=1.1041 head_lr=616.4 muon_lr=0.05
step=110/200 epoch=4 loss=1.0977 head_lr=609.7 muon_lr=0.05
step=111/200 epoch=4 loss=1.1006 head_lr=603 muon_lr=0.05
step=112/200 epoch=4 loss=1.0952 head_lr=596.3 muon_lr=0.05
step=113/200 epoch=4 loss=1.1127 head_lr=589.6 muon_lr=0.05
step=114/200 epoch=4 loss=1.0946 head_lr=582.9 muon_lr=0.05
step=115/200 epoch=4 loss=1.0909 head_lr=576.2 muon_lr=0.05
step=116/200 epoch=4 loss=1.0999 head_lr=569.5 muon_lr=0.05
step=117/200 epoch=4 loss=1.0865 head_lr=562.8 muon_lr=0.05
step=118/200 epoch=4 loss=1.0753 head_lr=556.1 muon_lr=0.05
step=119/200 epoch=4 loss=1.0986 head_lr=549.4 muon_lr=0.05
step=120/200 epoch=4 loss=1.0819 head_lr=542.7 muon_lr=0.05
step=121/200 epoch=4 loss=1.0967 head_lr=536 muon_lr=0.05
step=122/200 epoch=4 loss=1.0929 head_lr=529.3 muon_lr=0.05
step=123/200 epoch=4 loss=1.0926 head_lr=522.6 muon_lr=0.05
step=124/200 epoch=4 loss=1.1173 head_lr=515.9 muon_lr=0.05
step=125/200 epoch=4 loss=1.0882 head_lr=509.2 muon_lr=0.05
eval epoch=4 val_acc=0.8641 time_seconds=6.2784
step=126/200 epoch=5 loss=1.0681 head_lr=502.5 muon_lr=0.05
step=127/200 epoch=5 loss=1.0641 head_lr=495.8 muon_lr=0.05
step=128/200 epoch=5 loss=1.0755 head_lr=489.1 muon_lr=0.05
step=129/200 epoch=5 loss=1.0740 head_lr=482.4 muon_lr=0.05
step=130/200 epoch=5 loss=1.0625 head_lr=475.7 muon_lr=0.05
step=131/200 epoch=5 loss=1.0740 head_lr=469 muon_lr=0.05
step=132/200 epoch=5 loss=1.0670 head_lr=462.3 muon_lr=0.05
step=133/200 epoch=5 loss=1.0665 head_lr=455.6 muon_lr=0.05
step=134/200 epoch=5 loss=1.0607 head_lr=448.9 muon_lr=0.05
step=135/200 epoch=5 loss=1.0644 head_lr=442.2 muon_lr=0.05
step=136/200 epoch=5 loss=1.0704 head_lr=435.5 muon_lr=0.05
step=137/200 epoch=5 loss=1.0693 head_lr=428.8 muon_lr=0.05
step=138/200 epoch=5 loss=1.0530 head_lr=422.1 muon_lr=0.05
step=139/200 epoch=5 loss=1.0667 head_lr=415.4 muon_lr=0.05
step=140/200 epoch=5 loss=1.0579 head_lr=408.7 muon_lr=0.05
step=141/200 epoch=5 loss=1.0588 head_lr=402 muon_lr=0.05
step=142/200 epoch=5 loss=1.0728 head_lr=395.3 muon_lr=0.05
step=143/200 epoch=5 loss=1.0628 head_lr=388.6 muon_lr=0.05
step=144/200 epoch=5 loss=1.0607 head_lr=381.9 muon_lr=0.05
step=145/200 epoch=5 loss=1.0866 head_lr=375.2 muon_lr=0.05
step=146/200 epoch=5 loss=1.0604 head_lr=368.5 muon_lr=0.05
step=147/200 epoch=5 loss=1.0588 head_lr=361.8 muon_lr=0.05
step=148/200 epoch=5 loss=1.0587 head_lr=355.1 muon_lr=0.05
step=149/200 epoch=5 loss=1.0545 head_lr=348.4 muon_lr=0.05
step=150/200 epoch=5 loss=1.0643 head_lr=341.7 muon_lr=0.05
eval epoch=5 val_acc=0.8777 time_seconds=7.4802
step=151/200 epoch=6 loss=1.0485 head_lr=335 muon_lr=0.05
step=152/200 epoch=6 loss=1.0337 head_lr=328.3 muon_lr=0.05
step=153/200 epoch=6 loss=1.0374 head_lr=321.6 muon_lr=0.05
step=154/200 epoch=6 loss=1.0380 head_lr=314.9 muon_lr=0.05
step=155/200 epoch=6 loss=1.0559 head_lr=308.2 muon_lr=0.05
step=156/200 epoch=6 loss=1.0477 head_lr=301.5 muon_lr=0.05
step=157/200 epoch=6 loss=1.0397 head_lr=294.8 muon_lr=0.05
step=158/200 epoch=6 loss=1.0432 head_lr=288.1 muon_lr=0.05
step=159/200 epoch=6 loss=1.0627 head_lr=281.4 muon_lr=0.05
step=160/200 epoch=6 loss=1.0311 head_lr=274.7 muon_lr=0.05
step=161/200 epoch=6 loss=1.0286 head_lr=268 muon_lr=0.05
step=162/200 epoch=6 loss=1.0399 head_lr=261.3 muon_lr=0.05
step=163/200 epoch=6 loss=1.0322 head_lr=254.6 muon_lr=0.05
step=164/200 epoch=6 loss=1.0352 head_lr=247.9 muon_lr=0.05
step=165/200 epoch=6 loss=1.0525 head_lr=241.2 muon_lr=0.05
step=166/200 epoch=6 loss=1.0417 head_lr=234.5 muon_lr=0.05
step=167/200 epoch=6 loss=1.0426 head_lr=227.8 muon_lr=0.05
step=168/200 epoch=6 loss=1.0504 head_lr=221.1 muon_lr=0.05
step=169/200 epoch=6 loss=1.0355 head_lr=214.4 muon_lr=0.05
step=170/200 epoch=6 loss=1.0389 head_lr=207.7 muon_lr=0.05
step=171/200 epoch=6 loss=1.0436 head_lr=201 muon_lr=0.05
step=172/200 epoch=6 loss=1.0445 head_lr=194.3 muon_lr=0.05
step=173/200 epoch=6 loss=1.0507 head_lr=187.6 muon_lr=0.05
step=174/200 epoch=6 loss=1.0443 head_lr=180.9 muon_lr=0.05
step=175/200 epoch=6 loss=1.0222 head_lr=174.2 muon_lr=0.05
eval epoch=6 val_acc=0.8772 time_seconds=8.6822
step=176/200 epoch=7 loss=1.0095 head_lr=167.5 muon_lr=0.05
step=177/200 epoch=7 loss=1.0105 head_lr=160.8 muon_lr=0.05
step=178/200 epoch=7 loss=1.0162 head_lr=154.1 muon_lr=0.05
step=179/200 epoch=7 loss=1.0147 head_lr=147.4 muon_lr=0.05
step=180/200 epoch=7 loss=1.0165 head_lr=140.7 muon_lr=0.05
step=181/200 epoch=7 loss=1.0231 head_lr=134 muon_lr=0.05
step=182/200 epoch=7 loss=1.0164 head_lr=127.3 muon_lr=0.05
step=183/200 epoch=7 loss=1.0205 head_lr=120.6 muon_lr=0.05
step=184/200 epoch=7 loss=1.0151 head_lr=113.9 muon_lr=0.05
step=185/200 epoch=7 loss=1.0227 head_lr=107.2 muon_lr=0.05
step=186/200 epoch=7 loss=1.0255 head_lr=100.5 muon_lr=0.05
step=187/200 epoch=7 loss=1.0249 head_lr=93.8 muon_lr=0.05
step=188/200 epoch=7 loss=1.0164 head_lr=87.1 muon_lr=0.05
step=189/200 epoch=7 loss=1.0254 head_lr=80.4 muon_lr=0.05
step=190/200 epoch=7 loss=1.0175 head_lr=73.7 muon_lr=0.05
step=191/200 epoch=7 loss=1.0268 head_lr=67 muon_lr=0.05
step=192/200 epoch=7 loss=1.0204 head_lr=60.3 muon_lr=0.05
step=193/200 epoch=7 loss=1.0216 head_lr=53.6 muon_lr=0.05
step=194/200 epoch=7 loss=1.0171 head_lr=46.9 muon_lr=0.05
step=195/200 epoch=7 loss=1.0239 head_lr=40.2 muon_lr=0.05
step=196/200 epoch=7 loss=1.0194 head_lr=33.5 muon_lr=0.05
step=197/200 epoch=7 loss=1.0266 head_lr=26.8 muon_lr=0.05
step=198/200 epoch=7 loss=1.0198 head_lr=20.1 muon_lr=0.05
step=199/200 epoch=7 loss=1.0155 head_lr=13.4 muon_lr=0.05
step=200/200 epoch=7 loss=1.0123 head_lr=6.7 muon_lr=0.05
eval epoch=7 val_acc=0.8987 time_seconds=9.8843
eval epoch=final 25batch_train_loss=0.9588 val_acc=0.8987 tta_val_acc=0.9103 time_seconds=10.4950
Run:                7
Seed:               0
Batch size:         2000
Muon lr:            0.05
SGD lr mult:        1
25batch train loss: 0.9588
Val acc:            0.8987
TTA val:            0.9103
cifar_reproducibility run=8 seed=0 batch_size=2000 muon_lr=0.05
step=1/200 epoch=0 loss=2.3101 head_lr=1340 muon_lr=0.05
step=2/200 epoch=0 loss=2.3375 head_lr=1333.3 muon_lr=0.05
step=3/200 epoch=0 loss=2.4168 head_lr=1326.6 muon_lr=0.05
step=4/200 epoch=0 loss=2.1717 head_lr=1319.9 muon_lr=0.05
step=5/200 epoch=0 loss=2.1075 head_lr=1313.2 muon_lr=0.05
step=6/200 epoch=0 loss=2.0282 head_lr=1306.5 muon_lr=0.05
step=7/200 epoch=0 loss=1.9161 head_lr=1299.8 muon_lr=0.05
step=8/200 epoch=0 loss=1.8288 head_lr=1293.1 muon_lr=0.05
step=9/200 epoch=0 loss=1.7594 head_lr=1286.4 muon_lr=0.05
step=10/200 epoch=0 loss=1.7620 head_lr=1279.7 muon_lr=0.05
step=11/200 epoch=0 loss=1.7372 head_lr=1273 muon_lr=0.05
step=12/200 epoch=0 loss=1.6806 head_lr=1266.3 muon_lr=0.05
step=13/200 epoch=0 loss=1.6618 head_lr=1259.6 muon_lr=0.05
step=14/200 epoch=0 loss=1.6287 head_lr=1252.9 muon_lr=0.05
step=15/200 epoch=0 loss=1.5823 head_lr=1246.2 muon_lr=0.05
step=16/200 epoch=0 loss=1.5665 head_lr=1239.5 muon_lr=0.05
step=17/200 epoch=0 loss=1.5693 head_lr=1232.8 muon_lr=0.05
step=18/200 epoch=0 loss=1.5382 head_lr=1226.1 muon_lr=0.05
step=19/200 epoch=0 loss=1.5083 head_lr=1219.4 muon_lr=0.05
step=20/200 epoch=0 loss=1.5066 head_lr=1212.7 muon_lr=0.05
step=21/200 epoch=0 loss=1.4885 head_lr=1206 muon_lr=0.05
step=22/200 epoch=0 loss=1.4473 head_lr=1199.3 muon_lr=0.05
step=23/200 epoch=0 loss=1.4548 head_lr=1192.6 muon_lr=0.05
step=24/200 epoch=0 loss=1.4350 head_lr=1185.9 muon_lr=0.05
step=25/200 epoch=0 loss=1.4346 head_lr=1179.2 muon_lr=0.05
eval run=8 epoch=0 val_acc=0.6921 time_seconds=1.2939
step=26/200 epoch=1 loss=1.4144 head_lr=1172.5 muon_lr=0.05
step=27/200 epoch=1 loss=1.3949 head_lr=1165.8 muon_lr=0.05
step=28/200 epoch=1 loss=1.3940 head_lr=1159.1 muon_lr=0.05
step=29/200 epoch=1 loss=1.4008 head_lr=1152.4 muon_lr=0.05
step=30/200 epoch=1 loss=1.3431 head_lr=1145.7 muon_lr=0.05
step=31/200 epoch=1 loss=1.3745 head_lr=1139 muon_lr=0.05
step=32/200 epoch=1 loss=1.3518 head_lr=1132.3 muon_lr=0.05
step=33/200 epoch=1 loss=1.3502 head_lr=1125.6 muon_lr=0.05
step=34/200 epoch=1 loss=1.3093 head_lr=1118.9 muon_lr=0.05
step=35/200 epoch=1 loss=1.3490 head_lr=1112.2 muon_lr=0.05
step=36/200 epoch=1 loss=1.3459 head_lr=1105.5 muon_lr=0.05
step=37/200 epoch=1 loss=1.3154 head_lr=1098.8 muon_lr=0.05
step=38/200 epoch=1 loss=1.3112 head_lr=1092.1 muon_lr=0.05
step=39/200 epoch=1 loss=1.2981 head_lr=1085.4 muon_lr=0.05
step=40/200 epoch=1 loss=1.3016 head_lr=1078.7 muon_lr=0.05
step=41/200 epoch=1 loss=1.2963 head_lr=1072 muon_lr=0.05
step=42/200 epoch=1 loss=1.3026 head_lr=1065.3 muon_lr=0.05
step=43/200 epoch=1 loss=1.2553 head_lr=1058.6 muon_lr=0.05
step=44/200 epoch=1 loss=1.2799 head_lr=1051.9 muon_lr=0.05
step=45/200 epoch=1 loss=1.2722 head_lr=1045.2 muon_lr=0.05
step=46/200 epoch=1 loss=1.2739 head_lr=1038.5 muon_lr=0.05
step=47/200 epoch=1 loss=1.2486 head_lr=1031.8 muon_lr=0.05
step=48/200 epoch=1 loss=1.2584 head_lr=1025.1 muon_lr=0.05
step=49/200 epoch=1 loss=1.2536 head_lr=1018.4 muon_lr=0.05
step=50/200 epoch=1 loss=1.2482 head_lr=1011.7 muon_lr=0.05
eval epoch=1 val_acc=0.7831 time_seconds=2.5845
step=51/200 epoch=2 loss=1.2270 head_lr=1005 muon_lr=0.05
step=52/200 epoch=2 loss=1.2211 head_lr=998.3 muon_lr=0.05
step=53/200 epoch=2 loss=1.2188 head_lr=991.6 muon_lr=0.05
step=54/200 epoch=2 loss=1.2238 head_lr=984.9 muon_lr=0.05
step=55/200 epoch=2 loss=1.2261 head_lr=978.2 muon_lr=0.05
step=56/200 epoch=2 loss=1.2321 head_lr=971.5 muon_lr=0.05
step=57/200 epoch=2 loss=1.2080 head_lr=964.8 muon_lr=0.05
step=58/200 epoch=2 loss=1.2138 head_lr=958.1 muon_lr=0.05
step=59/200 epoch=2 loss=1.2033 head_lr=951.4 muon_lr=0.05
step=60/200 epoch=2 loss=1.2186 head_lr=944.7 muon_lr=0.05
step=61/200 epoch=2 loss=1.1953 head_lr=938 muon_lr=0.05
step=62/200 epoch=2 loss=1.1986 head_lr=931.3 muon_lr=0.05
step=63/200 epoch=2 loss=1.1950 head_lr=924.6 muon_lr=0.05
step=64/200 epoch=2 loss=1.2025 head_lr=917.9 muon_lr=0.05
step=65/200 epoch=2 loss=1.1937 head_lr=911.2 muon_lr=0.05
step=66/200 epoch=2 loss=1.2034 head_lr=904.5 muon_lr=0.05
step=67/200 epoch=2 loss=1.1946 head_lr=897.8 muon_lr=0.05
step=68/200 epoch=2 loss=1.1945 head_lr=891.1 muon_lr=0.05
step=69/200 epoch=2 loss=1.1944 head_lr=884.4 muon_lr=0.05
step=70/200 epoch=2 loss=1.1784 head_lr=877.7 muon_lr=0.05
step=71/200 epoch=2 loss=1.1919 head_lr=871 muon_lr=0.05
step=72/200 epoch=2 loss=1.1783 head_lr=864.3 muon_lr=0.05
step=73/200 epoch=2 loss=1.1890 head_lr=857.6 muon_lr=0.05
step=74/200 epoch=2 loss=1.1688 head_lr=850.9 muon_lr=0.05
step=75/200 epoch=2 loss=1.1948 head_lr=844.2 muon_lr=0.05
eval epoch=2 val_acc=0.8184 time_seconds=3.8753
step=76/200 epoch=3 loss=1.1471 head_lr=837.5 muon_lr=0.05
step=77/200 epoch=3 loss=1.1474 head_lr=830.8 muon_lr=0.05
step=78/200 epoch=3 loss=1.1461 head_lr=824.1 muon_lr=0.05
step=79/200 epoch=3 loss=1.1579 head_lr=817.4 muon_lr=0.05
step=80/200 epoch=3 loss=1.1444 head_lr=810.7 muon_lr=0.05
step=81/200 epoch=3 loss=1.1398 head_lr=804 muon_lr=0.05
step=82/200 epoch=3 loss=1.1528 head_lr=797.3 muon_lr=0.05
step=83/200 epoch=3 loss=1.1434 head_lr=790.6 muon_lr=0.05
step=84/200 epoch=3 loss=1.1481 head_lr=783.9 muon_lr=0.05
step=85/200 epoch=3 loss=1.1538 head_lr=777.2 muon_lr=0.05
step=86/200 epoch=3 loss=1.1351 head_lr=770.5 muon_lr=0.05
step=87/200 epoch=3 loss=1.1379 head_lr=763.8 muon_lr=0.05
step=88/200 epoch=3 loss=1.1381 head_lr=757.1 muon_lr=0.05
step=89/200 epoch=3 loss=1.1299 head_lr=750.4 muon_lr=0.05
step=90/200 epoch=3 loss=1.1355 head_lr=743.7 muon_lr=0.05
step=91/200 epoch=3 loss=1.1276 head_lr=737 muon_lr=0.05
step=92/200 epoch=3 loss=1.1290 head_lr=730.3 muon_lr=0.05
step=93/200 epoch=3 loss=1.1379 head_lr=723.6 muon_lr=0.05
step=94/200 epoch=3 loss=1.1318 head_lr=716.9 muon_lr=0.05
step=95/200 epoch=3 loss=1.1483 head_lr=710.2 muon_lr=0.05
step=96/200 epoch=3 loss=1.1296 head_lr=703.5 muon_lr=0.05
step=97/200 epoch=3 loss=1.1308 head_lr=696.8 muon_lr=0.05
step=98/200 epoch=3 loss=1.1211 head_lr=690.1 muon_lr=0.05
step=99/200 epoch=3 loss=1.1363 head_lr=683.4 muon_lr=0.05
step=100/200 epoch=3 loss=1.1420 head_lr=676.7 muon_lr=0.05
eval epoch=3 val_acc=0.8482 time_seconds=5.0762
step=101/200 epoch=4 loss=1.1037 head_lr=670 muon_lr=0.05
step=102/200 epoch=4 loss=1.1022 head_lr=663.3 muon_lr=0.05
step=103/200 epoch=4 loss=1.0905 head_lr=656.6 muon_lr=0.05
step=104/200 epoch=4 loss=1.1062 head_lr=649.9 muon_lr=0.05
step=105/200 epoch=4 loss=1.0966 head_lr=643.2 muon_lr=0.05
step=106/200 epoch=4 loss=1.1152 head_lr=636.5 muon_lr=0.05
step=107/200 epoch=4 loss=1.0957 head_lr=629.8 muon_lr=0.05
step=108/200 epoch=4 loss=1.0971 head_lr=623.1 muon_lr=0.05
step=109/200 epoch=4 loss=1.1041 head_lr=616.4 muon_lr=0.05
step=110/200 epoch=4 loss=1.0977 head_lr=609.7 muon_lr=0.05
step=111/200 epoch=4 loss=1.1006 head_lr=603 muon_lr=0.05
step=112/200 epoch=4 loss=1.0952 head_lr=596.3 muon_lr=0.05
step=113/200 epoch=4 loss=1.1127 head_lr=589.6 muon_lr=0.05
step=114/200 epoch=4 loss=1.0946 head_lr=582.9 muon_lr=0.05
step=115/200 epoch=4 loss=1.0909 head_lr=576.2 muon_lr=0.05
step=116/200 epoch=4 loss=1.0999 head_lr=569.5 muon_lr=0.05
step=117/200 epoch=4 loss=1.0865 head_lr=562.8 muon_lr=0.05
step=118/200 epoch=4 loss=1.0753 head_lr=556.1 muon_lr=0.05
step=119/200 epoch=4 loss=1.0986 head_lr=549.4 muon_lr=0.05
step=120/200 epoch=4 loss=1.0819 head_lr=542.7 muon_lr=0.05
step=121/200 epoch=4 loss=1.0967 head_lr=536 muon_lr=0.05
step=122/200 epoch=4 loss=1.0929 head_lr=529.3 muon_lr=0.05
step=123/200 epoch=4 loss=1.0926 head_lr=522.6 muon_lr=0.05
step=124/200 epoch=4 loss=1.1173 head_lr=515.9 muon_lr=0.05
step=125/200 epoch=4 loss=1.0882 head_lr=509.2 muon_lr=0.05
eval epoch=4 val_acc=0.8641 time_seconds=6.2771
step=126/200 epoch=5 loss=1.0681 head_lr=502.5 muon_lr=0.05
step=127/200 epoch=5 loss=1.0641 head_lr=495.8 muon_lr=0.05
step=128/200 epoch=5 loss=1.0755 head_lr=489.1 muon_lr=0.05
step=129/200 epoch=5 loss=1.0740 head_lr=482.4 muon_lr=0.05
step=130/200 epoch=5 loss=1.0625 head_lr=475.7 muon_lr=0.05
step=131/200 epoch=5 loss=1.0740 head_lr=469 muon_lr=0.05
step=132/200 epoch=5 loss=1.0670 head_lr=462.3 muon_lr=0.05
step=133/200 epoch=5 loss=1.0665 head_lr=455.6 muon_lr=0.05
step=134/200 epoch=5 loss=1.0607 head_lr=448.9 muon_lr=0.05
step=135/200 epoch=5 loss=1.0644 head_lr=442.2 muon_lr=0.05
step=136/200 epoch=5 loss=1.0704 head_lr=435.5 muon_lr=0.05
step=137/200 epoch=5 loss=1.0693 head_lr=428.8 muon_lr=0.05
step=138/200 epoch=5 loss=1.0530 head_lr=422.1 muon_lr=0.05
step=139/200 epoch=5 loss=1.0667 head_lr=415.4 muon_lr=0.05
step=140/200 epoch=5 loss=1.0579 head_lr=408.7 muon_lr=0.05
step=141/200 epoch=5 loss=1.0588 head_lr=402 muon_lr=0.05
step=142/200 epoch=5 loss=1.0728 head_lr=395.3 muon_lr=0.05
step=143/200 epoch=5 loss=1.0628 head_lr=388.6 muon_lr=0.05
step=144/200 epoch=5 loss=1.0607 head_lr=381.9 muon_lr=0.05
step=145/200 epoch=5 loss=1.0866 head_lr=375.2 muon_lr=0.05
step=146/200 epoch=5 loss=1.0604 head_lr=368.5 muon_lr=0.05
step=147/200 epoch=5 loss=1.0588 head_lr=361.8 muon_lr=0.05
step=148/200 epoch=5 loss=1.0587 head_lr=355.1 muon_lr=0.05
step=149/200 epoch=5 loss=1.0545 head_lr=348.4 muon_lr=0.05
step=150/200 epoch=5 loss=1.0643 head_lr=341.7 muon_lr=0.05
eval epoch=5 val_acc=0.8777 time_seconds=7.4798
step=151/200 epoch=6 loss=1.0485 head_lr=335 muon_lr=0.05
step=152/200 epoch=6 loss=1.0337 head_lr=328.3 muon_lr=0.05
step=153/200 epoch=6 loss=1.0374 head_lr=321.6 muon_lr=0.05
step=154/200 epoch=6 loss=1.0380 head_lr=314.9 muon_lr=0.05
step=155/200 epoch=6 loss=1.0559 head_lr=308.2 muon_lr=0.05
step=156/200 epoch=6 loss=1.0477 head_lr=301.5 muon_lr=0.05
step=157/200 epoch=6 loss=1.0397 head_lr=294.8 muon_lr=0.05
step=158/200 epoch=6 loss=1.0432 head_lr=288.1 muon_lr=0.05
step=159/200 epoch=6 loss=1.0627 head_lr=281.4 muon_lr=0.05
step=160/200 epoch=6 loss=1.0311 head_lr=274.7 muon_lr=0.05
step=161/200 epoch=6 loss=1.0286 head_lr=268 muon_lr=0.05
step=162/200 epoch=6 loss=1.0399 head_lr=261.3 muon_lr=0.05
step=163/200 epoch=6 loss=1.0322 head_lr=254.6 muon_lr=0.05
step=164/200 epoch=6 loss=1.0352 head_lr=247.9 muon_lr=0.05
step=165/200 epoch=6 loss=1.0525 head_lr=241.2 muon_lr=0.05
step=166/200 epoch=6 loss=1.0417 head_lr=234.5 muon_lr=0.05
step=167/200 epoch=6 loss=1.0426 head_lr=227.8 muon_lr=0.05
step=168/200 epoch=6 loss=1.0504 head_lr=221.1 muon_lr=0.05
step=169/200 epoch=6 loss=1.0355 head_lr=214.4 muon_lr=0.05
step=170/200 epoch=6 loss=1.0389 head_lr=207.7 muon_lr=0.05
step=171/200 epoch=6 loss=1.0436 head_lr=201 muon_lr=0.05
step=172/200 epoch=6 loss=1.0445 head_lr=194.3 muon_lr=0.05
step=173/200 epoch=6 loss=1.0507 head_lr=187.6 muon_lr=0.05
step=174/200 epoch=6 loss=1.0443 head_lr=180.9 muon_lr=0.05
step=175/200 epoch=6 loss=1.0222 head_lr=174.2 muon_lr=0.05
eval epoch=6 val_acc=0.8772 time_seconds=8.6815
step=176/200 epoch=7 loss=1.0095 head_lr=167.5 muon_lr=0.05
step=177/200 epoch=7 loss=1.0105 head_lr=160.8 muon_lr=0.05
step=178/200 epoch=7 loss=1.0162 head_lr=154.1 muon_lr=0.05
step=179/200 epoch=7 loss=1.0147 head_lr=147.4 muon_lr=0.05
step=180/200 epoch=7 loss=1.0165 head_lr=140.7 muon_lr=0.05
step=181/200 epoch=7 loss=1.0231 head_lr=134 muon_lr=0.05
step=182/200 epoch=7 loss=1.0164 head_lr=127.3 muon_lr=0.05
step=183/200 epoch=7 loss=1.0205 head_lr=120.6 muon_lr=0.05
step=184/200 epoch=7 loss=1.0151 head_lr=113.9 muon_lr=0.05
step=185/200 epoch=7 loss=1.0227 head_lr=107.2 muon_lr=0.05
step=186/200 epoch=7 loss=1.0255 head_lr=100.5 muon_lr=0.05
step=187/200 epoch=7 loss=1.0249 head_lr=93.8 muon_lr=0.05
step=188/200 epoch=7 loss=1.0164 head_lr=87.1 muon_lr=0.05
step=189/200 epoch=7 loss=1.0254 head_lr=80.4 muon_lr=0.05
step=190/200 epoch=7 loss=1.0175 head_lr=73.7 muon_lr=0.05
step=191/200 epoch=7 loss=1.0268 head_lr=67 muon_lr=0.05
step=192/200 epoch=7 loss=1.0204 head_lr=60.3 muon_lr=0.05
step=193/200 epoch=7 loss=1.0216 head_lr=53.6 muon_lr=0.05
step=194/200 epoch=7 loss=1.0171 head_lr=46.9 muon_lr=0.05
step=195/200 epoch=7 loss=1.0239 head_lr=40.2 muon_lr=0.05
step=196/200 epoch=7 loss=1.0194 head_lr=33.5 muon_lr=0.05
step=197/200 epoch=7 loss=1.0266 head_lr=26.8 muon_lr=0.05
step=198/200 epoch=7 loss=1.0198 head_lr=20.1 muon_lr=0.05
step=199/200 epoch=7 loss=1.0155 head_lr=13.4 muon_lr=0.05
step=200/200 epoch=7 loss=1.0123 head_lr=6.7 muon_lr=0.05
eval epoch=7 val_acc=0.8987 time_seconds=9.8836
eval epoch=final 25batch_train_loss=0.9588 val_acc=0.8987 tta_val_acc=0.9103 time_seconds=10.4932
Run:                8
Seed:               0
Batch size:         2000
Muon lr:            0.05
SGD lr mult:        1
25batch train loss: 0.9588
Val acc:            0.8987
TTA val:            0.9103
cifar_reproducibility run=9 seed=0 batch_size=2000 muon_lr=0.05
step=1/200 epoch=0 loss=2.3101 head_lr=1340 muon_lr=0.05
step=2/200 epoch=0 loss=2.3375 head_lr=1333.3 muon_lr=0.05
step=3/200 epoch=0 loss=2.4168 head_lr=1326.6 muon_lr=0.05
step=4/200 epoch=0 loss=2.1717 head_lr=1319.9 muon_lr=0.05
step=5/200 epoch=0 loss=2.1075 head_lr=1313.2 muon_lr=0.05
step=6/200 epoch=0 loss=2.0282 head_lr=1306.5 muon_lr=0.05
step=7/200 epoch=0 loss=1.9161 head_lr=1299.8 muon_lr=0.05
step=8/200 epoch=0 loss=1.8288 head_lr=1293.1 muon_lr=0.05
step=9/200 epoch=0 loss=1.7594 head_lr=1286.4 muon_lr=0.05
step=10/200 epoch=0 loss=1.7620 head_lr=1279.7 muon_lr=0.05
step=11/200 epoch=0 loss=1.7372 head_lr=1273 muon_lr=0.05
step=12/200 epoch=0 loss=1.6806 head_lr=1266.3 muon_lr=0.05
step=13/200 epoch=0 loss=1.6618 head_lr=1259.6 muon_lr=0.05
step=14/200 epoch=0 loss=1.6287 head_lr=1252.9 muon_lr=0.05
step=15/200 epoch=0 loss=1.5823 head_lr=1246.2 muon_lr=0.05
step=16/200 epoch=0 loss=1.5665 head_lr=1239.5 muon_lr=0.05
step=17/200 epoch=0 loss=1.5693 head_lr=1232.8 muon_lr=0.05
step=18/200 epoch=0 loss=1.5382 head_lr=1226.1 muon_lr=0.05
step=19/200 epoch=0 loss=1.5083 head_lr=1219.4 muon_lr=0.05
step=20/200 epoch=0 loss=1.5066 head_lr=1212.7 muon_lr=0.05
step=21/200 epoch=0 loss=1.4885 head_lr=1206 muon_lr=0.05
step=22/200 epoch=0 loss=1.4473 head_lr=1199.3 muon_lr=0.05
step=23/200 epoch=0 loss=1.4548 head_lr=1192.6 muon_lr=0.05
step=24/200 epoch=0 loss=1.4350 head_lr=1185.9 muon_lr=0.05
step=25/200 epoch=0 loss=1.4346 head_lr=1179.2 muon_lr=0.05
eval run=9 epoch=0 val_acc=0.6921 time_seconds=1.2949
step=26/200 epoch=1 loss=1.4144 head_lr=1172.5 muon_lr=0.05
step=27/200 epoch=1 loss=1.3949 head_lr=1165.8 muon_lr=0.05
step=28/200 epoch=1 loss=1.3940 head_lr=1159.1 muon_lr=0.05
step=29/200 epoch=1 loss=1.4008 head_lr=1152.4 muon_lr=0.05
step=30/200 epoch=1 loss=1.3431 head_lr=1145.7 muon_lr=0.05
step=31/200 epoch=1 loss=1.3745 head_lr=1139 muon_lr=0.05
step=32/200 epoch=1 loss=1.3518 head_lr=1132.3 muon_lr=0.05
step=33/200 epoch=1 loss=1.3502 head_lr=1125.6 muon_lr=0.05
step=34/200 epoch=1 loss=1.3093 head_lr=1118.9 muon_lr=0.05
step=35/200 epoch=1 loss=1.3490 head_lr=1112.2 muon_lr=0.05
step=36/200 epoch=1 loss=1.3459 head_lr=1105.5 muon_lr=0.05
step=37/200 epoch=1 loss=1.3154 head_lr=1098.8 muon_lr=0.05
step=38/200 epoch=1 loss=1.3112 head_lr=1092.1 muon_lr=0.05
step=39/200 epoch=1 loss=1.2981 head_lr=1085.4 muon_lr=0.05
step=40/200 epoch=1 loss=1.3016 head_lr=1078.7 muon_lr=0.05
step=41/200 epoch=1 loss=1.2963 head_lr=1072 muon_lr=0.05
step=42/200 epoch=1 loss=1.3026 head_lr=1065.3 muon_lr=0.05
step=43/200 epoch=1 loss=1.2553 head_lr=1058.6 muon_lr=0.05
step=44/200 epoch=1 loss=1.2799 head_lr=1051.9 muon_lr=0.05
step=45/200 epoch=1 loss=1.2722 head_lr=1045.2 muon_lr=0.05
step=46/200 epoch=1 loss=1.2739 head_lr=1038.5 muon_lr=0.05
step=47/200 epoch=1 loss=1.2486 head_lr=1031.8 muon_lr=0.05
step=48/200 epoch=1 loss=1.2584 head_lr=1025.1 muon_lr=0.05
step=49/200 epoch=1 loss=1.2536 head_lr=1018.4 muon_lr=0.05
step=50/200 epoch=1 loss=1.2482 head_lr=1011.7 muon_lr=0.05
eval epoch=1 val_acc=0.7831 time_seconds=2.5853
step=51/200 epoch=2 loss=1.2270 head_lr=1005 muon_lr=0.05
step=52/200 epoch=2 loss=1.2211 head_lr=998.3 muon_lr=0.05
step=53/200 epoch=2 loss=1.2188 head_lr=991.6 muon_lr=0.05
step=54/200 epoch=2 loss=1.2238 head_lr=984.9 muon_lr=0.05
step=55/200 epoch=2 loss=1.2261 head_lr=978.2 muon_lr=0.05
step=56/200 epoch=2 loss=1.2321 head_lr=971.5 muon_lr=0.05
step=57/200 epoch=2 loss=1.2080 head_lr=964.8 muon_lr=0.05
step=58/200 epoch=2 loss=1.2138 head_lr=958.1 muon_lr=0.05
step=59/200 epoch=2 loss=1.2033 head_lr=951.4 muon_lr=0.05
step=60/200 epoch=2 loss=1.2186 head_lr=944.7 muon_lr=0.05
step=61/200 epoch=2 loss=1.1953 head_lr=938 muon_lr=0.05
step=62/200 epoch=2 loss=1.1986 head_lr=931.3 muon_lr=0.05
step=63/200 epoch=2 loss=1.1950 head_lr=924.6 muon_lr=0.05
step=64/200 epoch=2 loss=1.2025 head_lr=917.9 muon_lr=0.05
step=65/200 epoch=2 loss=1.1937 head_lr=911.2 muon_lr=0.05
step=66/200 epoch=2 loss=1.2034 head_lr=904.5 muon_lr=0.05
step=67/200 epoch=2 loss=1.1946 head_lr=897.8 muon_lr=0.05
step=68/200 epoch=2 loss=1.1945 head_lr=891.1 muon_lr=0.05
step=69/200 epoch=2 loss=1.1944 head_lr=884.4 muon_lr=0.05
step=70/200 epoch=2 loss=1.1784 head_lr=877.7 muon_lr=0.05
step=71/200 epoch=2 loss=1.1919 head_lr=871 muon_lr=0.05
step=72/200 epoch=2 loss=1.1783 head_lr=864.3 muon_lr=0.05
step=73/200 epoch=2 loss=1.1890 head_lr=857.6 muon_lr=0.05
step=74/200 epoch=2 loss=1.1688 head_lr=850.9 muon_lr=0.05
step=75/200 epoch=2 loss=1.1948 head_lr=844.2 muon_lr=0.05
eval epoch=2 val_acc=0.8184 time_seconds=3.8772
step=76/200 epoch=3 loss=1.1471 head_lr=837.5 muon_lr=0.05
step=77/200 epoch=3 loss=1.1474 head_lr=830.8 muon_lr=0.05
step=78/200 epoch=3 loss=1.1461 head_lr=824.1 muon_lr=0.05
step=79/200 epoch=3 loss=1.1579 head_lr=817.4 muon_lr=0.05
step=80/200 epoch=3 loss=1.1444 head_lr=810.7 muon_lr=0.05
step=81/200 epoch=3 loss=1.1398 head_lr=804 muon_lr=0.05
step=82/200 epoch=3 loss=1.1528 head_lr=797.3 muon_lr=0.05
step=83/200 epoch=3 loss=1.1434 head_lr=790.6 muon_lr=0.05
step=84/200 epoch=3 loss=1.1481 head_lr=783.9 muon_lr=0.05
step=85/200 epoch=3 loss=1.1538 head_lr=777.2 muon_lr=0.05
step=86/200 epoch=3 loss=1.1351 head_lr=770.5 muon_lr=0.05
step=87/200 epoch=3 loss=1.1379 head_lr=763.8 muon_lr=0.05
step=88/200 epoch=3 loss=1.1381 head_lr=757.1 muon_lr=0.05
step=89/200 epoch=3 loss=1.1299 head_lr=750.4 muon_lr=0.05
step=90/200 epoch=3 loss=1.1355 head_lr=743.7 muon_lr=0.05
step=91/200 epoch=3 loss=1.1276 head_lr=737 muon_lr=0.05
step=92/200 epoch=3 loss=1.1290 head_lr=730.3 muon_lr=0.05
step=93/200 epoch=3 loss=1.1379 head_lr=723.6 muon_lr=0.05
step=94/200 epoch=3 loss=1.1318 head_lr=716.9 muon_lr=0.05
step=95/200 epoch=3 loss=1.1483 head_lr=710.2 muon_lr=0.05
step=96/200 epoch=3 loss=1.1296 head_lr=703.5 muon_lr=0.05
step=97/200 epoch=3 loss=1.1308 head_lr=696.8 muon_lr=0.05
step=98/200 epoch=3 loss=1.1211 head_lr=690.1 muon_lr=0.05
step=99/200 epoch=3 loss=1.1363 head_lr=683.4 muon_lr=0.05
step=100/200 epoch=3 loss=1.1420 head_lr=676.7 muon_lr=0.05
eval epoch=3 val_acc=0.8482 time_seconds=5.0800
step=101/200 epoch=4 loss=1.1037 head_lr=670 muon_lr=0.05
step=102/200 epoch=4 loss=1.1022 head_lr=663.3 muon_lr=0.05
step=103/200 epoch=4 loss=1.0905 head_lr=656.6 muon_lr=0.05
step=104/200 epoch=4 loss=1.1062 head_lr=649.9 muon_lr=0.05
step=105/200 epoch=4 loss=1.0966 head_lr=643.2 muon_lr=0.05
step=106/200 epoch=4 loss=1.1152 head_lr=636.5 muon_lr=0.05
step=107/200 epoch=4 loss=1.0957 head_lr=629.8 muon_lr=0.05
step=108/200 epoch=4 loss=1.0971 head_lr=623.1 muon_lr=0.05
step=109/200 epoch=4 loss=1.1041 head_lr=616.4 muon_lr=0.05
step=110/200 epoch=4 loss=1.0977 head_lr=609.7 muon_lr=0.05
step=111/200 epoch=4 loss=1.1006 head_lr=603 muon_lr=0.05
step=112/200 epoch=4 loss=1.0952 head_lr=596.3 muon_lr=0.05
step=113/200 epoch=4 loss=1.1127 head_lr=589.6 muon_lr=0.05
step=114/200 epoch=4 loss=1.0946 head_lr=582.9 muon_lr=0.05
step=115/200 epoch=4 loss=1.0909 head_lr=576.2 muon_lr=0.05
step=116/200 epoch=4 loss=1.0999 head_lr=569.5 muon_lr=0.05
step=117/200 epoch=4 loss=1.0865 head_lr=562.8 muon_lr=0.05
step=118/200 epoch=4 loss=1.0753 head_lr=556.1 muon_lr=0.05
step=119/200 epoch=4 loss=1.0986 head_lr=549.4 muon_lr=0.05
step=120/200 epoch=4 loss=1.0819 head_lr=542.7 muon_lr=0.05
step=121/200 epoch=4 loss=1.0967 head_lr=536 muon_lr=0.05
step=122/200 epoch=4 loss=1.0929 head_lr=529.3 muon_lr=0.05
step=123/200 epoch=4 loss=1.0926 head_lr=522.6 muon_lr=0.05
step=124/200 epoch=4 loss=1.1173 head_lr=515.9 muon_lr=0.05
step=125/200 epoch=4 loss=1.0882 head_lr=509.2 muon_lr=0.05
eval epoch=4 val_acc=0.8641 time_seconds=6.2826
step=126/200 epoch=5 loss=1.0681 head_lr=502.5 muon_lr=0.05
step=127/200 epoch=5 loss=1.0641 head_lr=495.8 muon_lr=0.05
step=128/200 epoch=5 loss=1.0755 head_lr=489.1 muon_lr=0.05
step=129/200 epoch=5 loss=1.0740 head_lr=482.4 muon_lr=0.05
step=130/200 epoch=5 loss=1.0625 head_lr=475.7 muon_lr=0.05
step=131/200 epoch=5 loss=1.0740 head_lr=469 muon_lr=0.05
step=132/200 epoch=5 loss=1.0670 head_lr=462.3 muon_lr=0.05
step=133/200 epoch=5 loss=1.0665 head_lr=455.6 muon_lr=0.05
step=134/200 epoch=5 loss=1.0607 head_lr=448.9 muon_lr=0.05
step=135/200 epoch=5 loss=1.0644 head_lr=442.2 muon_lr=0.05
step=136/200 epoch=5 loss=1.0704 head_lr=435.5 muon_lr=0.05
step=137/200 epoch=5 loss=1.0693 head_lr=428.8 muon_lr=0.05
step=138/200 epoch=5 loss=1.0530 head_lr=422.1 muon_lr=0.05
step=139/200 epoch=5 loss=1.0667 head_lr=415.4 muon_lr=0.05
step=140/200 epoch=5 loss=1.0579 head_lr=408.7 muon_lr=0.05
step=141/200 epoch=5 loss=1.0588 head_lr=402 muon_lr=0.05
step=142/200 epoch=5 loss=1.0728 head_lr=395.3 muon_lr=0.05
step=143/200 epoch=5 loss=1.0628 head_lr=388.6 muon_lr=0.05
step=144/200 epoch=5 loss=1.0607 head_lr=381.9 muon_lr=0.05
step=145/200 epoch=5 loss=1.0866 head_lr=375.2 muon_lr=0.05
step=146/200 epoch=5 loss=1.0604 head_lr=368.5 muon_lr=0.05
step=147/200 epoch=5 loss=1.0588 head_lr=361.8 muon_lr=0.05
step=148/200 epoch=5 loss=1.0587 head_lr=355.1 muon_lr=0.05
step=149/200 epoch=5 loss=1.0545 head_lr=348.4 muon_lr=0.05
step=150/200 epoch=5 loss=1.0643 head_lr=341.7 muon_lr=0.05
eval epoch=5 val_acc=0.8777 time_seconds=7.4855
step=151/200 epoch=6 loss=1.0485 head_lr=335 muon_lr=0.05
step=152/200 epoch=6 loss=1.0337 head_lr=328.3 muon_lr=0.05
step=153/200 epoch=6 loss=1.0374 head_lr=321.6 muon_lr=0.05
step=154/200 epoch=6 loss=1.0380 head_lr=314.9 muon_lr=0.05
step=155/200 epoch=6 loss=1.0559 head_lr=308.2 muon_lr=0.05
step=156/200 epoch=6 loss=1.0477 head_lr=301.5 muon_lr=0.05
step=157/200 epoch=6 loss=1.0397 head_lr=294.8 muon_lr=0.05
step=158/200 epoch=6 loss=1.0432 head_lr=288.1 muon_lr=0.05
step=159/200 epoch=6 loss=1.0627 head_lr=281.4 muon_lr=0.05
step=160/200 epoch=6 loss=1.0311 head_lr=274.7 muon_lr=0.05
step=161/200 epoch=6 loss=1.0286 head_lr=268 muon_lr=0.05
step=162/200 epoch=6 loss=1.0399 head_lr=261.3 muon_lr=0.05
step=163/200 epoch=6 loss=1.0322 head_lr=254.6 muon_lr=0.05
step=164/200 epoch=6 loss=1.0352 head_lr=247.9 muon_lr=0.05
step=165/200 epoch=6 loss=1.0525 head_lr=241.2 muon_lr=0.05
step=166/200 epoch=6 loss=1.0417 head_lr=234.5 muon_lr=0.05
step=167/200 epoch=6 loss=1.0426 head_lr=227.8 muon_lr=0.05
step=168/200 epoch=6 loss=1.0504 head_lr=221.1 muon_lr=0.05
step=169/200 epoch=6 loss=1.0355 head_lr=214.4 muon_lr=0.05
step=170/200 epoch=6 loss=1.0389 head_lr=207.7 muon_lr=0.05
step=171/200 epoch=6 loss=1.0436 head_lr=201 muon_lr=0.05
step=172/200 epoch=6 loss=1.0445 head_lr=194.3 muon_lr=0.05
step=173/200 epoch=6 loss=1.0507 head_lr=187.6 muon_lr=0.05
step=174/200 epoch=6 loss=1.0443 head_lr=180.9 muon_lr=0.05
step=175/200 epoch=6 loss=1.0222 head_lr=174.2 muon_lr=0.05
eval epoch=6 val_acc=0.8772 time_seconds=8.6867
step=176/200 epoch=7 loss=1.0095 head_lr=167.5 muon_lr=0.05
step=177/200 epoch=7 loss=1.0105 head_lr=160.8 muon_lr=0.05
step=178/200 epoch=7 loss=1.0162 head_lr=154.1 muon_lr=0.05
step=179/200 epoch=7 loss=1.0147 head_lr=147.4 muon_lr=0.05
step=180/200 epoch=7 loss=1.0165 head_lr=140.7 muon_lr=0.05
step=181/200 epoch=7 loss=1.0231 head_lr=134 muon_lr=0.05
step=182/200 epoch=7 loss=1.0164 head_lr=127.3 muon_lr=0.05
step=183/200 epoch=7 loss=1.0205 head_lr=120.6 muon_lr=0.05
step=184/200 epoch=7 loss=1.0151 head_lr=113.9 muon_lr=0.05
step=185/200 epoch=7 loss=1.0227 head_lr=107.2 muon_lr=0.05
step=186/200 epoch=7 loss=1.0255 head_lr=100.5 muon_lr=0.05
step=187/200 epoch=7 loss=1.0249 head_lr=93.8 muon_lr=0.05
step=188/200 epoch=7 loss=1.0164 head_lr=87.1 muon_lr=0.05
step=189/200 epoch=7 loss=1.0254 head_lr=80.4 muon_lr=0.05
step=190/200 epoch=7 loss=1.0175 head_lr=73.7 muon_lr=0.05
step=191/200 epoch=7 loss=1.0268 head_lr=67 muon_lr=0.05
step=192/200 epoch=7 loss=1.0204 head_lr=60.3 muon_lr=0.05
step=193/200 epoch=7 loss=1.0216 head_lr=53.6 muon_lr=0.05
step=194/200 epoch=7 loss=1.0171 head_lr=46.9 muon_lr=0.05
step=195/200 epoch=7 loss=1.0239 head_lr=40.2 muon_lr=0.05
step=196/200 epoch=7 loss=1.0194 head_lr=33.5 muon_lr=0.05
step=197/200 epoch=7 loss=1.0266 head_lr=26.8 muon_lr=0.05
step=198/200 epoch=7 loss=1.0198 head_lr=20.1 muon_lr=0.05
step=199/200 epoch=7 loss=1.0155 head_lr=13.4 muon_lr=0.05
step=200/200 epoch=7 loss=1.0123 head_lr=6.7 muon_lr=0.05
eval epoch=7 val_acc=0.8987 time_seconds=9.8898
eval epoch=final 25batch_train_loss=0.9588 val_acc=0.8987 tta_val_acc=0.9103 time_seconds=10.5019
Run:                9
Seed:               0
Batch size:         2000
Muon lr:            0.05
SGD lr mult:        1
25batch train loss: 0.9588
Val acc:            0.8987
TTA val:            0.9103
TTA val acc comparison over 10 runs:
  run=0 seed=0 tta_val_acc=0.9103 val_acc=0.8987 train25_loss=0.9588
  run=1 seed=0 tta_val_acc=0.9103 val_acc=0.8987 train25_loss=0.9588
  run=2 seed=0 tta_val_acc=0.9103 val_acc=0.8987 train25_loss=0.9588
  run=3 seed=0 tta_val_acc=0.9103 val_acc=0.8987 train25_loss=0.9588
  run=4 seed=0 tta_val_acc=0.9103 val_acc=0.8987 train25_loss=0.9588
  run=5 seed=0 tta_val_acc=0.9103 val_acc=0.8987 train25_loss=0.9588
  run=6 seed=0 tta_val_acc=0.9103 val_acc=0.8987 train25_loss=0.9588
  run=7 seed=0 tta_val_acc=0.9103 val_acc=0.8987 train25_loss=0.9588
  run=8 seed=0 tta_val_acc=0.9103 val_acc=0.8987 train25_loss=0.9588
  run=9 seed=0 tta_val_acc=0.9103 val_acc=0.8987 train25_loss=0.9588
TTA val acc mean:   0.9103
TTA val acc std:    0.0000
TTA val acc min:    0.9103
TTA val acc max:    0.9103
TTA val acc range:  0.0000
/workspace/neural_networks_optimization/autoresearch/automatic_lr4/logs/f99c8079-8582-44e1-b6b2-2c66c257bf27/log.pt
