source=cifar_search_improved_plots    shift=-10  interval=0  attr=bias_lr         global=(main=9800,cooldown=3500,acc=0.9128)     gap=0
probe=01  phase=main_screen           prior=(none, none)    eval=(0.13, none)        cost=1/20   acc=0.8404
probe=02  phase=main_screen           prior=(none, none)    eval=(0.6, none)         cost=2/20   acc=0.8404
probe=03  phase=main_screen           prior=(none, none)    eval=(2.8, none)         cost=3/20   acc=0.8404
probe=04  phase=main_screen           prior=(none, none)    eval=(13, none)          cost=4/20   acc=0.8404
probe=05  phase=main_screen           prior=(none, none)    eval=(60, none)          cost=5/20   acc=0.8404
probe=06  phase=main_screen           prior=(none, none)    eval=(280, none)         cost=6/20   acc=0.8430
probe=07  phase=main_screen           prior=(none, none)    eval=(1300, none)        cost=7/20   acc=0.8414
probe=08  phase=main_screen           prior=(none, none)    eval=(5900, none)        cost=8/20   acc=0.8322
probe=09  phase=main_screen           prior=(none, none)    eval=(27000, none)       cost=9/20   acc=0.8272
probe=10  phase=first_interval_probe  prior=(none, none)    eval=(5900, 2100)        cost=10/20  acc=0.9079
probe=11  phase=first_interval_probe  prior=(none, none)    eval=(9800, 3500)        cost=12/20  acc=0.9128
probe=12  phase=first_interval_probe  prior=(none, none)    eval=(1300, 3500)        cost=13/20  acc=0.9085
probe=13  phase=first_interval_probe  prior=(none, none)    eval=(3500, 1300)        cost=15/20  acc=0.9090
probe=14  phase=first_interval_probe  prior=(none, none)    eval=(16000, 5900)       cost=17/20  acc=0.9077
probe=15  phase=first_interval_probe  prior=(none, none)    eval=(3500, 9800)        cost=18/20  acc=0.9100
probe=16  phase=first_interval_probe  prior=(none, none)    eval=(460, 1300)         cost=20/20  acc=0.9062
source=cifar_search_improved_plots    shift=-10  interval=1  attr=bias_lr         global=(main=280,cooldown=770,acc=0.9290)       gap=0.0002
probe=01  phase=followup_transition   prior=(9800, 3500)    eval=(9800, 2100)        cost=2/10   acc=0.9268
probe=02  phase=followup_transition   prior=(9800, 3500)    eval=(280, 460)          cost=4/10   acc=0.9288
probe=03  phase=followup_transition   prior=(9800, 3500)    eval=(350000, 27000)     cost=6/10   acc=0.1000
probe=04  phase=followup_transition   prior=(9800, 3500)    eval=(16000, 1300)       cost=8/10   acc=0.9280
probe=05  phase=followup_transition   prior=(9800, 3500)    eval=(5900, 130000)      cost=10/10  acc=0.1000
source=cifar_search_improved_plots    shift=-10  interval=2  attr=bias_lr         global=(main=460,cooldown=280,acc=0.9355)       gap=0.0009
probe=01  phase=followup_transition   prior=(280, 460)      eval=(280, 280)          cost=2/10   acc=0.9331
probe=02  phase=followup_transition   prior=(280, 460)      eval=(7.7, 60)           cost=4/10   acc=0.9328
probe=03  phase=followup_transition   prior=(280, 460)      eval=(9800, 3500)        cost=6/10   acc=0.9316
probe=04  phase=followup_transition   prior=(280, 460)      eval=(460, 170)          cost=8/10   acc=0.9346
probe=05  phase=followup_transition   prior=(280, 460)      eval=(170, 16000)        cost=10/10  acc=0.9297
source=cifar_search_improved_plots    shift=-10  interval=3  attr=bias_lr         global=(main=16000,cooldown=2100,acc=0.9402)    gap=0.0006
probe=01  phase=followup_transition   prior=(460, 170)      eval=(460, 99)           cost=2/10   acc=0.9378
probe=02  phase=followup_transition   prior=(460, 170)      eval=(13, 21)            cost=4/10   acc=0.9377
probe=03  phase=followup_transition   prior=(460, 170)      eval=(16000, 1300)       cost=6/10   acc=0.9396
probe=04  phase=followup_transition   prior=(460, 170)      eval=(770, 60)           cost=8/10   acc=0.9378
probe=05  phase=followup_transition   prior=(460, 170)      eval=(280, 5900)         cost=10/10  acc=0.9371
source=cifar_search_improved_plots    shift=-9   interval=0  attr=bias_lr         global=(main=5900,cooldown=2100,acc=0.9128)     gap=0
probe=01  phase=main_screen           prior=(none, none)    eval=(0.13, none)        cost=1/20   acc=0.8404
probe=02  phase=main_screen           prior=(none, none)    eval=(0.6, none)         cost=2/20   acc=0.8404
probe=03  phase=main_screen           prior=(none, none)    eval=(2.8, none)         cost=3/20   acc=0.8404
probe=04  phase=main_screen           prior=(none, none)    eval=(13, none)          cost=4/20   acc=0.8404
probe=05  phase=main_screen           prior=(none, none)    eval=(60, none)          cost=5/20   acc=0.8404
probe=06  phase=main_screen           prior=(none, none)    eval=(280, none)         cost=6/20   acc=0.8416
probe=07  phase=main_screen           prior=(none, none)    eval=(1300, none)        cost=7/20   acc=0.8451
probe=08  phase=main_screen           prior=(none, none)    eval=(5900, none)        cost=8/20   acc=0.8355
probe=09  phase=main_screen           prior=(none, none)    eval=(27000, none)       cost=9/20   acc=0.8275
probe=10  phase=first_interval_probe  prior=(none, none)    eval=(5900, 2100)        cost=10/20  acc=0.9128
probe=11  phase=first_interval_probe  prior=(none, none)    eval=(9800, 3500)        cost=12/20  acc=0.9077
probe=12  phase=first_interval_probe  prior=(none, none)    eval=(1300, 3500)        cost=13/20  acc=0.9074
probe=13  phase=first_interval_probe  prior=(none, none)    eval=(3500, 1300)        cost=15/20  acc=0.9079
probe=14  phase=first_interval_probe  prior=(none, none)    eval=(16000, 5900)       cost=17/20  acc=0.9061
probe=15  phase=first_interval_probe  prior=(none, none)    eval=(3500, 9800)        cost=18/20  acc=0.9022
probe=16  phase=first_interval_probe  prior=(none, none)    eval=(460, 1300)         cost=20/20  acc=0.9069
source=cifar_search_improved_plots    shift=-9   interval=1  attr=bias_lr         global=(main=170,cooldown=460,acc=0.9290)       gap=0.0002
probe=01  phase=followup_transition   prior=(5900, 2100)    eval=(5900, 1300)        cost=2/10   acc=0.9268
probe=02  phase=followup_transition   prior=(5900, 2100)    eval=(170, 280)          cost=4/10   acc=0.9288
probe=03  phase=followup_transition   prior=(5900, 2100)    eval=(210000, 16000)     cost=6/10   acc=0.1000
probe=04  phase=followup_transition   prior=(5900, 2100)    eval=(9800, 770)         cost=8/10   acc=0.9280
probe=05  phase=followup_transition   prior=(5900, 2100)    eval=(3500, 76000)       cost=10/10  acc=0.1000
source=cifar_search_improved_plots    shift=-9   interval=2  attr=bias_lr         global=(main=280,cooldown=170,acc=0.9355)       gap=0.0009
probe=01  phase=followup_transition   prior=(170, 280)      eval=(170, 170)          cost=2/10   acc=0.9331
probe=02  phase=followup_transition   prior=(170, 280)      eval=(4.6, 36)           cost=4/10   acc=0.9328
probe=03  phase=followup_transition   prior=(170, 280)      eval=(5900, 2100)        cost=6/10   acc=0.9316
probe=04  phase=followup_transition   prior=(170, 280)      eval=(280, 99)           cost=8/10   acc=0.9346
probe=05  phase=followup_transition   prior=(170, 280)      eval=(99, 9800)          cost=10/10  acc=0.9297
source=cifar_search_improved_plots    shift=-9   interval=3  attr=bias_lr         global=(main=9800,cooldown=1300,acc=0.9402)     gap=0.0006
probe=01  phase=followup_transition   prior=(280, 99)       eval=(280, 60)           cost=2/10   acc=0.9378
probe=02  phase=followup_transition   prior=(280, 99)       eval=(7.7, 13)           cost=4/10   acc=0.9377
probe=03  phase=followup_transition   prior=(280, 99)       eval=(9800, 770)         cost=6/10   acc=0.9396
probe=04  phase=followup_transition   prior=(280, 99)       eval=(460, 36)           cost=8/10   acc=0.9378
probe=05  phase=followup_transition   prior=(280, 99)       eval=(170, 3500)         cost=10/10  acc=0.9371
source=cifar_search_improved_plots    shift=-8   interval=0  attr=bias_lr         global=(main=3500,cooldown=1300,acc=0.9128)     gap=0
probe=01  phase=main_screen           prior=(none, none)    eval=(0.13, none)        cost=1/20   acc=0.8404
probe=02  phase=main_screen           prior=(none, none)    eval=(0.6, none)         cost=2/20   acc=0.8404
probe=03  phase=main_screen           prior=(none, none)    eval=(2.8, none)         cost=3/20   acc=0.8404
probe=04  phase=main_screen           prior=(none, none)    eval=(13, none)          cost=4/20   acc=0.8404
probe=05  phase=main_screen           prior=(none, none)    eval=(60, none)          cost=5/20   acc=0.8404
probe=06  phase=main_screen           prior=(none, none)    eval=(280, none)         cost=6/20   acc=0.8372
probe=07  phase=main_screen           prior=(none, none)    eval=(1300, none)        cost=7/20   acc=0.8346
probe=08  phase=main_screen           prior=(none, none)    eval=(5900, none)        cost=8/20   acc=0.8261
probe=09  phase=main_screen           prior=(none, none)    eval=(27000, none)       cost=9/20   acc=0.7416
probe=10  phase=first_interval_probe  prior=(none, none)    eval=(5900, 2100)        cost=10/20  acc=0.9077
probe=11  phase=first_interval_probe  prior=(none, none)    eval=(9800, 3500)        cost=12/20  acc=0.9061
probe=12  phase=first_interval_probe  prior=(none, none)    eval=(1300, 3500)        cost=13/20  acc=0.9100
probe=13  phase=first_interval_probe  prior=(none, none)    eval=(3500, 1300)        cost=15/20  acc=0.9128
probe=14  phase=first_interval_probe  prior=(none, none)    eval=(16000, 5900)       cost=17/20  acc=0.9004
probe=15  phase=first_interval_probe  prior=(none, none)    eval=(3500, 9800)        cost=18/20  acc=0.8965
probe=16  phase=first_interval_probe  prior=(none, none)    eval=(460, 1300)         cost=20/20  acc=0.9085
source=cifar_search_improved_plots    shift=-8   interval=1  attr=bias_lr         global=(main=99,cooldown=280,acc=0.9290)        gap=0.0002
probe=01  phase=followup_transition   prior=(3500, 1300)    eval=(3500, 770)         cost=2/10   acc=0.9268
probe=02  phase=followup_transition   prior=(3500, 1300)    eval=(99, 170)           cost=4/10   acc=0.9288
probe=03  phase=followup_transition   prior=(3500, 1300)    eval=(130000, 9800)      cost=6/10   acc=0.1000
probe=04  phase=followup_transition   prior=(3500, 1300)    eval=(5900, 460)         cost=8/10   acc=0.9280
probe=05  phase=followup_transition   prior=(3500, 1300)    eval=(2100, 46000)       cost=10/10  acc=0.1000
source=cifar_search_improved_plots    shift=-8   interval=2  attr=bias_lr         global=(main=170,cooldown=99,acc=0.9355)        gap=0.0009
probe=01  phase=followup_transition   prior=(99, 170)       eval=(99, 99)            cost=2/10   acc=0.9331
probe=02  phase=followup_transition   prior=(99, 170)       eval=(2.8, 21)           cost=4/10   acc=0.9328
probe=03  phase=followup_transition   prior=(99, 170)       eval=(3500, 1300)        cost=6/10   acc=0.9316
probe=04  phase=followup_transition   prior=(99, 170)       eval=(170, 60)           cost=8/10   acc=0.9346
probe=05  phase=followup_transition   prior=(99, 170)       eval=(60, 5900)          cost=10/10  acc=0.9297
source=cifar_search_improved_plots    shift=-8   interval=3  attr=bias_lr         global=(main=5900,cooldown=770,acc=0.9402)      gap=0.0006
probe=01  phase=followup_transition   prior=(170, 60)       eval=(170, 36)           cost=2/10   acc=0.9378
probe=02  phase=followup_transition   prior=(170, 60)       eval=(4.6, 7.7)          cost=4/10   acc=0.9377
probe=03  phase=followup_transition   prior=(170, 60)       eval=(5900, 460)         cost=6/10   acc=0.9396
probe=04  phase=followup_transition   prior=(170, 60)       eval=(280, 21)           cost=8/10   acc=0.9378
probe=05  phase=followup_transition   prior=(170, 60)       eval=(99, 2100)          cost=10/10  acc=0.9371
source=cifar_search_improved_plots    shift=-7   interval=0  attr=bias_lr         global=(main=2100,cooldown=770,acc=0.9128)      gap=0
probe=01  phase=main_screen           prior=(none, none)    eval=(0.13, none)        cost=1/20   acc=0.8404
probe=02  phase=main_screen           prior=(none, none)    eval=(0.6, none)         cost=2/20   acc=0.8404
probe=03  phase=main_screen           prior=(none, none)    eval=(2.8, none)         cost=3/20   acc=0.8404
probe=04  phase=main_screen           prior=(none, none)    eval=(13, none)          cost=4/20   acc=0.8404
probe=05  phase=main_screen           prior=(none, none)    eval=(60, none)          cost=5/20   acc=0.8430
probe=06  phase=main_screen           prior=(none, none)    eval=(280, none)         cost=6/20   acc=0.8414
probe=07  phase=main_screen           prior=(none, none)    eval=(1300, none)        cost=7/20   acc=0.8322
probe=08  phase=main_screen           prior=(none, none)    eval=(5900, none)        cost=8/20   acc=0.8272
probe=09  phase=main_screen           prior=(none, none)    eval=(27000, none)       cost=9/20   acc=0.2603
probe=10  phase=first_interval_probe  prior=(none, none)    eval=(1300, 460)         cost=10/20  acc=0.9079
probe=11  phase=first_interval_probe  prior=(none, none)    eval=(2100, 770)         cost=12/20  acc=0.9128
probe=12  phase=first_interval_probe  prior=(none, none)    eval=(280, 770)          cost=13/20  acc=0.9085
probe=13  phase=first_interval_probe  prior=(none, none)    eval=(770, 280)          cost=15/20  acc=0.9090
probe=14  phase=first_interval_probe  prior=(none, none)    eval=(3500, 1300)        cost=17/20  acc=0.9077
probe=15  phase=first_interval_probe  prior=(none, none)    eval=(770, 2100)         cost=18/20  acc=0.9100
probe=16  phase=first_interval_probe  prior=(none, none)    eval=(99, 280)           cost=20/20  acc=0.9062
source=cifar_search_improved_plots    shift=-7   interval=1  attr=bias_lr         global=(main=60,cooldown=170,acc=0.9290)        gap=0.0002
probe=01  phase=followup_transition   prior=(2100, 770)     eval=(2100, 460)         cost=2/10   acc=0.9268
probe=02  phase=followup_transition   prior=(2100, 770)     eval=(60, 99)            cost=4/10   acc=0.9288
probe=03  phase=followup_transition   prior=(2100, 770)     eval=(76000, 5900)       cost=6/10   acc=0.1000
probe=04  phase=followup_transition   prior=(2100, 770)     eval=(3500, 280)         cost=8/10   acc=0.9280
probe=05  phase=followup_transition   prior=(2100, 770)     eval=(1300, 27000)       cost=10/10  acc=0.1000
source=cifar_search_improved_plots    shift=-7   interval=2  attr=bias_lr         global=(main=99,cooldown=60,acc=0.9355)         gap=0.0009
probe=01  phase=followup_transition   prior=(60, 99)        eval=(60, 60)            cost=2/10   acc=0.9331
probe=02  phase=followup_transition   prior=(60, 99)        eval=(1.7, 13)           cost=4/10   acc=0.9328
probe=03  phase=followup_transition   prior=(60, 99)        eval=(2100, 770)         cost=6/10   acc=0.9316
probe=04  phase=followup_transition   prior=(60, 99)        eval=(99, 36)            cost=8/10   acc=0.9346
probe=05  phase=followup_transition   prior=(60, 99)        eval=(36, 3500)          cost=10/10  acc=0.9297
source=cifar_search_improved_plots    shift=-7   interval=3  attr=bias_lr         global=(main=3500,cooldown=460,acc=0.9402)      gap=0.0006
probe=01  phase=followup_transition   prior=(99, 36)        eval=(99, 21)            cost=2/10   acc=0.9378
probe=02  phase=followup_transition   prior=(99, 36)        eval=(2.8, 4.6)          cost=4/10   acc=0.9377
probe=03  phase=followup_transition   prior=(99, 36)        eval=(3500, 280)         cost=6/10   acc=0.9396
probe=04  phase=followup_transition   prior=(99, 36)        eval=(170, 13)           cost=8/10   acc=0.9378
probe=05  phase=followup_transition   prior=(99, 36)        eval=(60, 1300)          cost=10/10  acc=0.9371
source=cifar_search_improved_plots    shift=-6   interval=0  attr=bias_lr         global=(main=1300,cooldown=460,acc=0.9128)      gap=0
probe=01  phase=main_screen           prior=(none, none)    eval=(0.13, none)        cost=1/20   acc=0.8404
probe=02  phase=main_screen           prior=(none, none)    eval=(0.6, none)         cost=2/20   acc=0.8404
probe=03  phase=main_screen           prior=(none, none)    eval=(2.8, none)         cost=3/20   acc=0.8404
probe=04  phase=main_screen           prior=(none, none)    eval=(13, none)          cost=4/20   acc=0.8404
probe=05  phase=main_screen           prior=(none, none)    eval=(60, none)          cost=5/20   acc=0.8416
probe=06  phase=main_screen           prior=(none, none)    eval=(280, none)         cost=6/20   acc=0.8451
probe=07  phase=main_screen           prior=(none, none)    eval=(1300, none)        cost=7/20   acc=0.8355
probe=08  phase=main_screen           prior=(none, none)    eval=(5900, none)        cost=8/20   acc=0.8275
probe=09  phase=main_screen           prior=(none, none)    eval=(27000, none)       cost=9/20   acc=0.1764
probe=10  phase=first_interval_probe  prior=(none, none)    eval=(1300, 460)         cost=10/20  acc=0.9128
probe=11  phase=first_interval_probe  prior=(none, none)    eval=(2100, 770)         cost=12/20  acc=0.9077
probe=12  phase=first_interval_probe  prior=(none, none)    eval=(280, 770)          cost=13/20  acc=0.9074
probe=13  phase=first_interval_probe  prior=(none, none)    eval=(770, 280)          cost=15/20  acc=0.9079
probe=14  phase=first_interval_probe  prior=(none, none)    eval=(3500, 1300)        cost=17/20  acc=0.9061
probe=15  phase=first_interval_probe  prior=(none, none)    eval=(770, 2100)         cost=18/20  acc=0.9022
probe=16  phase=first_interval_probe  prior=(none, none)    eval=(99, 280)           cost=20/20  acc=0.9069
source=cifar_search_improved_plots    shift=-6   interval=1  attr=bias_lr         global=(main=36,cooldown=99,acc=0.9290)         gap=0.0002
probe=01  phase=followup_transition   prior=(1300, 460)     eval=(1300, 280)         cost=2/10   acc=0.9268
probe=02  phase=followup_transition   prior=(1300, 460)     eval=(36, 60)            cost=4/10   acc=0.9288
probe=03  phase=followup_transition   prior=(1300, 460)     eval=(46000, 3500)       cost=6/10   acc=0.1000
probe=04  phase=followup_transition   prior=(1300, 460)     eval=(2100, 170)         cost=8/10   acc=0.9280
probe=05  phase=followup_transition   prior=(1300, 460)     eval=(770, 16000)        cost=10/10  acc=0.1000
source=cifar_search_improved_plots    shift=-6   interval=2  attr=bias_lr         global=(main=60,cooldown=36,acc=0.9355)         gap=0.0009
probe=01  phase=followup_transition   prior=(36, 60)        eval=(36, 36)            cost=2/10   acc=0.9331
probe=02  phase=followup_transition   prior=(36, 60)        eval=(1, 7.7)            cost=4/10   acc=0.9328
probe=03  phase=followup_transition   prior=(36, 60)        eval=(1300, 460)         cost=6/10   acc=0.9316
probe=04  phase=followup_transition   prior=(36, 60)        eval=(60, 21)            cost=8/10   acc=0.9346
probe=05  phase=followup_transition   prior=(36, 60)        eval=(21, 2100)          cost=10/10  acc=0.9297
source=cifar_search_improved_plots    shift=-6   interval=3  attr=bias_lr         global=(main=2100,cooldown=280,acc=0.9402)      gap=0.0006
probe=01  phase=followup_transition   prior=(60, 21)        eval=(60, 13)            cost=2/10   acc=0.9378
probe=02  phase=followup_transition   prior=(60, 21)        eval=(1.7, 2.8)          cost=4/10   acc=0.9377
probe=03  phase=followup_transition   prior=(60, 21)        eval=(2100, 170)         cost=6/10   acc=0.9396
probe=04  phase=followup_transition   prior=(60, 21)        eval=(99, 7.7)           cost=8/10   acc=0.9378
probe=05  phase=followup_transition   prior=(60, 21)        eval=(36, 770)           cost=10/10  acc=0.9371
source=cifar_search_improved_plots    shift=-5   interval=0  attr=bias_lr         global=(main=770,cooldown=280,acc=0.9128)       gap=0
probe=01  phase=main_screen           prior=(none, none)    eval=(0.13, none)        cost=1/20   acc=0.8404
probe=02  phase=main_screen           prior=(none, none)    eval=(0.6, none)         cost=2/20   acc=0.8404
probe=03  phase=main_screen           prior=(none, none)    eval=(2.8, none)         cost=3/20   acc=0.8404
probe=04  phase=main_screen           prior=(none, none)    eval=(13, none)          cost=4/20   acc=0.8404
probe=05  phase=main_screen           prior=(none, none)    eval=(60, none)          cost=5/20   acc=0.8372
probe=06  phase=main_screen           prior=(none, none)    eval=(280, none)         cost=6/20   acc=0.8346
probe=07  phase=main_screen           prior=(none, none)    eval=(1300, none)        cost=7/20   acc=0.8261
probe=08  phase=main_screen           prior=(none, none)    eval=(5900, none)        cost=8/20   acc=0.7416
probe=09  phase=main_screen           prior=(none, none)    eval=(27000, none)       cost=9/20   acc=0.1108
probe=10  phase=first_interval_probe  prior=(none, none)    eval=(1300, 460)         cost=10/20  acc=0.9077
probe=11  phase=first_interval_probe  prior=(none, none)    eval=(2100, 770)         cost=12/20  acc=0.9061
probe=12  phase=first_interval_probe  prior=(none, none)    eval=(280, 770)          cost=13/20  acc=0.9100
probe=13  phase=first_interval_probe  prior=(none, none)    eval=(770, 280)          cost=15/20  acc=0.9128
probe=14  phase=first_interval_probe  prior=(none, none)    eval=(3500, 1300)        cost=17/20  acc=0.9004
probe=15  phase=first_interval_probe  prior=(none, none)    eval=(770, 2100)         cost=18/20  acc=0.8965
probe=16  phase=first_interval_probe  prior=(none, none)    eval=(99, 280)           cost=20/20  acc=0.9085
source=cifar_search_improved_plots    shift=-5   interval=1  attr=bias_lr         global=(main=21,cooldown=60,acc=0.9290)         gap=0.0002
probe=01  phase=followup_transition   prior=(770, 280)      eval=(770, 170)          cost=2/10   acc=0.9268
probe=02  phase=followup_transition   prior=(770, 280)      eval=(21, 36)            cost=4/10   acc=0.9288
probe=03  phase=followup_transition   prior=(770, 280)      eval=(27000, 2100)       cost=6/10   acc=0.1000
probe=04  phase=followup_transition   prior=(770, 280)      eval=(1300, 99)          cost=8/10   acc=0.9280
probe=05  phase=followup_transition   prior=(770, 280)      eval=(460, 9800)         cost=10/10  acc=0.1000
source=cifar_search_improved_plots    shift=-5   interval=2  attr=bias_lr         global=(main=36,cooldown=21,acc=0.9355)         gap=0.0009
probe=01  phase=followup_transition   prior=(21, 36)        eval=(21, 21)            cost=2/10   acc=0.9331
probe=02  phase=followup_transition   prior=(21, 36)        eval=(0.6, 4.6)          cost=4/10   acc=0.9328
probe=03  phase=followup_transition   prior=(21, 36)        eval=(770, 280)          cost=6/10   acc=0.9316
probe=04  phase=followup_transition   prior=(21, 36)        eval=(36, 13)            cost=8/10   acc=0.9346
probe=05  phase=followup_transition   prior=(21, 36)        eval=(13, 1300)          cost=10/10  acc=0.9297
source=cifar_search_improved_plots    shift=-5   interval=3  attr=bias_lr         global=(main=1300,cooldown=170,acc=0.9402)      gap=0.0006
probe=01  phase=followup_transition   prior=(36, 13)        eval=(36, 7.7)           cost=2/10   acc=0.9378
probe=02  phase=followup_transition   prior=(36, 13)        eval=(1, 1.7)            cost=4/10   acc=0.9377
probe=03  phase=followup_transition   prior=(36, 13)        eval=(1300, 99)          cost=6/10   acc=0.9396
probe=04  phase=followup_transition   prior=(36, 13)        eval=(60, 4.6)           cost=8/10   acc=0.9378
probe=05  phase=followup_transition   prior=(36, 13)        eval=(21, 460)           cost=10/10  acc=0.9371
source=cifar_search_improved_plots    shift=-4   interval=0  attr=bias_lr         global=(main=460,cooldown=170,acc=0.9128)       gap=0
probe=01  phase=main_screen           prior=(none, none)    eval=(0.13, none)        cost=1/20   acc=0.8404
probe=02  phase=main_screen           prior=(none, none)    eval=(0.6, none)         cost=2/20   acc=0.8404
probe=03  phase=main_screen           prior=(none, none)    eval=(2.8, none)         cost=3/20   acc=0.8404
probe=04  phase=main_screen           prior=(none, none)    eval=(13, none)          cost=4/20   acc=0.8430
probe=05  phase=main_screen           prior=(none, none)    eval=(60, none)          cost=5/20   acc=0.8414
probe=06  phase=main_screen           prior=(none, none)    eval=(280, none)         cost=6/20   acc=0.8322
probe=07  phase=main_screen           prior=(none, none)    eval=(1300, none)        cost=7/20   acc=0.8272
probe=08  phase=main_screen           prior=(none, none)    eval=(5900, none)        cost=8/20   acc=0.2603
probe=09  phase=main_screen           prior=(none, none)    eval=(27000, none)       cost=9/20   acc=0.1527
probe=10  phase=first_interval_probe  prior=(none, none)    eval=(280, 99)           cost=10/20  acc=0.9079
probe=11  phase=first_interval_probe  prior=(none, none)    eval=(460, 170)          cost=12/20  acc=0.9128
probe=12  phase=first_interval_probe  prior=(none, none)    eval=(60, 170)           cost=13/20  acc=0.9085
probe=13  phase=first_interval_probe  prior=(none, none)    eval=(170, 60)           cost=15/20  acc=0.9090
probe=14  phase=first_interval_probe  prior=(none, none)    eval=(770, 280)          cost=17/20  acc=0.9077
probe=15  phase=first_interval_probe  prior=(none, none)    eval=(170, 460)          cost=18/20  acc=0.9100
probe=16  phase=first_interval_probe  prior=(none, none)    eval=(21, 60)            cost=20/20  acc=0.9062
source=cifar_search_improved_plots    shift=-4   interval=1  attr=bias_lr         global=(main=13,cooldown=36,acc=0.9290)         gap=0.0002
probe=01  phase=followup_transition   prior=(460, 170)      eval=(460, 99)           cost=2/10   acc=0.9268
probe=02  phase=followup_transition   prior=(460, 170)      eval=(13, 21)            cost=4/10   acc=0.9288
probe=03  phase=followup_transition   prior=(460, 170)      eval=(16000, 1300)       cost=6/10   acc=0.1000
probe=04  phase=followup_transition   prior=(460, 170)      eval=(770, 60)           cost=8/10   acc=0.9280
probe=05  phase=followup_transition   prior=(460, 170)      eval=(280, 5900)         cost=10/10  acc=0.1000
source=cifar_search_improved_plots    shift=-4   interval=2  attr=bias_lr         global=(main=21,cooldown=13,acc=0.9355)         gap=0.0009
probe=01  phase=followup_transition   prior=(13, 21)        eval=(13, 13)            cost=2/10   acc=0.9331
probe=02  phase=followup_transition   prior=(13, 21)        eval=(0.36, 2.8)         cost=4/10   acc=0.9328
probe=03  phase=followup_transition   prior=(13, 21)        eval=(460, 170)          cost=6/10   acc=0.9316
probe=04  phase=followup_transition   prior=(13, 21)        eval=(21, 7.7)           cost=8/10   acc=0.9346
probe=05  phase=followup_transition   prior=(13, 21)        eval=(7.7, 770)          cost=10/10  acc=0.9297
source=cifar_search_improved_plots    shift=-4   interval=3  attr=bias_lr         global=(main=770,cooldown=99,acc=0.9402)        gap=0.0006
probe=01  phase=followup_transition   prior=(21, 7.7)       eval=(21, 4.6)           cost=2/10   acc=0.9378
probe=02  phase=followup_transition   prior=(21, 7.7)       eval=(0.6, 1)            cost=4/10   acc=0.9377
probe=03  phase=followup_transition   prior=(21, 7.7)       eval=(770, 60)           cost=6/10   acc=0.9396
probe=04  phase=followup_transition   prior=(21, 7.7)       eval=(36, 2.8)           cost=8/10   acc=0.9378
probe=05  phase=followup_transition   prior=(21, 7.7)       eval=(13, 280)           cost=10/10  acc=0.9371
source=cifar_search_improved_plots    shift=-3   interval=0  attr=bias_lr         global=(main=280,cooldown=99,acc=0.9128)        gap=0
probe=01  phase=main_screen           prior=(none, none)    eval=(0.13, none)        cost=1/20   acc=0.8404
probe=02  phase=main_screen           prior=(none, none)    eval=(0.6, none)         cost=2/20   acc=0.8404
probe=03  phase=main_screen           prior=(none, none)    eval=(2.8, none)         cost=3/20   acc=0.8404
probe=04  phase=main_screen           prior=(none, none)    eval=(13, none)          cost=4/20   acc=0.8416
probe=05  phase=main_screen           prior=(none, none)    eval=(60, none)          cost=5/20   acc=0.8451
probe=06  phase=main_screen           prior=(none, none)    eval=(280, none)         cost=6/20   acc=0.8355
probe=07  phase=main_screen           prior=(none, none)    eval=(1300, none)        cost=7/20   acc=0.8275
probe=08  phase=main_screen           prior=(none, none)    eval=(5900, none)        cost=8/20   acc=0.1764
probe=09  phase=main_screen           prior=(none, none)    eval=(27000, none)       cost=9/20   acc=0.1000
probe=10  phase=first_interval_probe  prior=(none, none)    eval=(280, 99)           cost=10/20  acc=0.9128
probe=11  phase=first_interval_probe  prior=(none, none)    eval=(460, 170)          cost=12/20  acc=0.9077
probe=12  phase=first_interval_probe  prior=(none, none)    eval=(60, 170)           cost=13/20  acc=0.9074
probe=13  phase=first_interval_probe  prior=(none, none)    eval=(170, 60)           cost=15/20  acc=0.9079
probe=14  phase=first_interval_probe  prior=(none, none)    eval=(770, 280)          cost=17/20  acc=0.9061
probe=15  phase=first_interval_probe  prior=(none, none)    eval=(170, 460)          cost=18/20  acc=0.9022
probe=16  phase=first_interval_probe  prior=(none, none)    eval=(21, 60)            cost=20/20  acc=0.9069
source=cifar_search_improved_plots    shift=-3   interval=1  attr=bias_lr         global=(main=7.7,cooldown=21,acc=0.9290)        gap=0.0002
probe=01  phase=followup_transition   prior=(280, 99)       eval=(280, 60)           cost=2/10   acc=0.9268
probe=02  phase=followup_transition   prior=(280, 99)       eval=(7.7, 13)           cost=4/10   acc=0.9288
probe=03  phase=followup_transition   prior=(280, 99)       eval=(9800, 770)         cost=6/10   acc=0.1000
probe=04  phase=followup_transition   prior=(280, 99)       eval=(460, 36)           cost=8/10   acc=0.9280
probe=05  phase=followup_transition   prior=(280, 99)       eval=(170, 3500)         cost=10/10  acc=0.1000
source=cifar_search_improved_plots    shift=-3   interval=2  attr=bias_lr         global=(main=13,cooldown=7.7,acc=0.9355)        gap=0.0009
probe=01  phase=followup_transition   prior=(7.7, 13)       eval=(7.7, 7.7)          cost=2/10   acc=0.9331
probe=02  phase=followup_transition   prior=(7.7, 13)       eval=(0.22, 1.7)         cost=4/10   acc=0.9328
probe=03  phase=followup_transition   prior=(7.7, 13)       eval=(280, 99)           cost=6/10   acc=0.9316
probe=04  phase=followup_transition   prior=(7.7, 13)       eval=(13, 4.6)           cost=8/10   acc=0.9346
probe=05  phase=followup_transition   prior=(7.7, 13)       eval=(4.6, 460)          cost=10/10  acc=0.9297
source=cifar_search_improved_plots    shift=-3   interval=3  attr=bias_lr         global=(main=460,cooldown=60,acc=0.9402)        gap=0.0006
probe=01  phase=followup_transition   prior=(13, 4.6)       eval=(13, 2.8)           cost=2/10   acc=0.9378
probe=02  phase=followup_transition   prior=(13, 4.6)       eval=(0.36, 0.6)         cost=4/10   acc=0.9377
probe=03  phase=followup_transition   prior=(13, 4.6)       eval=(460, 36)           cost=6/10   acc=0.9396
probe=04  phase=followup_transition   prior=(13, 4.6)       eval=(21, 1.7)           cost=8/10   acc=0.9378
probe=05  phase=followup_transition   prior=(13, 4.6)       eval=(7.7, 170)          cost=10/10  acc=0.9371
source=cifar_search_improved_plots    shift=-2   interval=0  attr=bias_lr         global=(main=170,cooldown=60,acc=0.9128)        gap=0
probe=01  phase=main_screen           prior=(none, none)    eval=(0.13, none)        cost=1/20   acc=0.8404
probe=02  phase=main_screen           prior=(none, none)    eval=(0.6, none)         cost=2/20   acc=0.8404
probe=03  phase=main_screen           prior=(none, none)    eval=(2.8, none)         cost=3/20   acc=0.8404
probe=04  phase=main_screen           prior=(none, none)    eval=(13, none)          cost=4/20   acc=0.8372
probe=05  phase=main_screen           prior=(none, none)    eval=(60, none)          cost=5/20   acc=0.8346
probe=06  phase=main_screen           prior=(none, none)    eval=(280, none)         cost=6/20   acc=0.8261
probe=07  phase=main_screen           prior=(none, none)    eval=(1300, none)        cost=7/20   acc=0.7416
probe=08  phase=main_screen           prior=(none, none)    eval=(5900, none)        cost=8/20   acc=0.1108
probe=09  phase=main_screen           prior=(none, none)    eval=(27000, none)       cost=9/20   acc=0.1147
probe=10  phase=first_interval_probe  prior=(none, none)    eval=(280, 99)           cost=10/20  acc=0.9077
probe=11  phase=first_interval_probe  prior=(none, none)    eval=(460, 170)          cost=12/20  acc=0.9061
probe=12  phase=first_interval_probe  prior=(none, none)    eval=(60, 170)           cost=13/20  acc=0.9100
probe=13  phase=first_interval_probe  prior=(none, none)    eval=(170, 60)           cost=15/20  acc=0.9128
probe=14  phase=first_interval_probe  prior=(none, none)    eval=(770, 280)          cost=17/20  acc=0.9004
probe=15  phase=first_interval_probe  prior=(none, none)    eval=(170, 460)          cost=18/20  acc=0.8965
probe=16  phase=first_interval_probe  prior=(none, none)    eval=(21, 60)            cost=20/20  acc=0.9085
source=cifar_search_improved_plots    shift=-2   interval=1  attr=bias_lr         global=(main=4.6,cooldown=13,acc=0.9290)        gap=0.0002
probe=01  phase=followup_transition   prior=(170, 60)       eval=(170, 36)           cost=2/10   acc=0.9268
probe=02  phase=followup_transition   prior=(170, 60)       eval=(4.6, 7.7)          cost=4/10   acc=0.9288
probe=03  phase=followup_transition   prior=(170, 60)       eval=(5900, 460)         cost=6/10   acc=0.1000
probe=04  phase=followup_transition   prior=(170, 60)       eval=(280, 21)           cost=8/10   acc=0.9280
probe=05  phase=followup_transition   prior=(170, 60)       eval=(99, 2100)          cost=10/10  acc=0.1000
source=cifar_search_improved_plots    shift=-2   interval=2  attr=bias_lr         global=(main=7.7,cooldown=4.6,acc=0.9355)       gap=0.0009
probe=01  phase=followup_transition   prior=(4.6, 7.7)      eval=(4.6, 4.6)          cost=2/10   acc=0.9331
probe=02  phase=followup_transition   prior=(4.6, 7.7)      eval=(0.13, 1)           cost=4/10   acc=0.9328
probe=03  phase=followup_transition   prior=(4.6, 7.7)      eval=(170, 60)           cost=6/10   acc=0.9316
probe=04  phase=followup_transition   prior=(4.6, 7.7)      eval=(7.7, 2.8)          cost=8/10   acc=0.9346
probe=05  phase=followup_transition   prior=(4.6, 7.7)      eval=(2.8, 280)          cost=10/10  acc=0.9297
source=cifar_search_improved_plots    shift=-2   interval=3  attr=bias_lr         global=(main=280,cooldown=36,acc=0.9402)        gap=0.0006
probe=01  phase=followup_transition   prior=(7.7, 2.8)      eval=(7.7, 1.7)          cost=2/10   acc=0.9378
probe=02  phase=followup_transition   prior=(7.7, 2.8)      eval=(0.22, 0.36)        cost=4/10   acc=0.9377
probe=03  phase=followup_transition   prior=(7.7, 2.8)      eval=(280, 21)           cost=6/10   acc=0.9396
probe=04  phase=followup_transition   prior=(7.7, 2.8)      eval=(13, 1)             cost=8/10   acc=0.9378
probe=05  phase=followup_transition   prior=(7.7, 2.8)      eval=(4.6, 99)           cost=10/10  acc=0.9371
source=cifar_search_improved_plots    shift=-1   interval=0  attr=bias_lr         global=(main=99,cooldown=36,acc=0.9128)         gap=0
probe=01  phase=main_screen           prior=(none, none)    eval=(0.13, none)        cost=1/20   acc=0.8404
probe=02  phase=main_screen           prior=(none, none)    eval=(0.6, none)         cost=2/20   acc=0.8404
probe=03  phase=main_screen           prior=(none, none)    eval=(2.8, none)         cost=3/20   acc=0.8430
probe=04  phase=main_screen           prior=(none, none)    eval=(13, none)          cost=4/20   acc=0.8414
probe=05  phase=main_screen           prior=(none, none)    eval=(60, none)          cost=5/20   acc=0.8322
probe=06  phase=main_screen           prior=(none, none)    eval=(280, none)         cost=6/20   acc=0.8272
probe=07  phase=main_screen           prior=(none, none)    eval=(1300, none)        cost=7/20   acc=0.2603
probe=08  phase=main_screen           prior=(none, none)    eval=(5900, none)        cost=8/20   acc=0.1527
probe=09  phase=main_screen           prior=(none, none)    eval=(27000, none)       cost=9/20   acc=0.1005
probe=10  phase=first_interval_probe  prior=(none, none)    eval=(60, 21)            cost=10/20  acc=0.9079
probe=11  phase=first_interval_probe  prior=(none, none)    eval=(99, 36)            cost=12/20  acc=0.9128
probe=12  phase=first_interval_probe  prior=(none, none)    eval=(13, 36)            cost=13/20  acc=0.9085
probe=13  phase=first_interval_probe  prior=(none, none)    eval=(36, 13)            cost=15/20  acc=0.9090
probe=14  phase=first_interval_probe  prior=(none, none)    eval=(170, 60)           cost=17/20  acc=0.9077
probe=15  phase=first_interval_probe  prior=(none, none)    eval=(36, 99)            cost=18/20  acc=0.9100
probe=16  phase=first_interval_probe  prior=(none, none)    eval=(4.6, 13)           cost=20/20  acc=0.9062
source=cifar_search_improved_plots    shift=-1   interval=1  attr=bias_lr         global=(main=2.8,cooldown=7.7,acc=0.9290)       gap=0.0002
probe=01  phase=followup_transition   prior=(99, 36)        eval=(99, 21)            cost=2/10   acc=0.9268
probe=02  phase=followup_transition   prior=(99, 36)        eval=(2.8, 4.6)          cost=4/10   acc=0.9288
probe=03  phase=followup_transition   prior=(99, 36)        eval=(3500, 280)         cost=6/10   acc=0.1000
probe=04  phase=followup_transition   prior=(99, 36)        eval=(170, 13)           cost=8/10   acc=0.9280
probe=05  phase=followup_transition   prior=(99, 36)        eval=(60, 1300)          cost=10/10  acc=0.1000
source=cifar_search_improved_plots    shift=-1   interval=2  attr=bias_lr         global=(main=4.6,cooldown=2.8,acc=0.9355)       gap=0.0009
probe=01  phase=followup_transition   prior=(2.8, 4.6)      eval=(2.8, 2.8)          cost=2/10   acc=0.9331
probe=02  phase=followup_transition   prior=(2.8, 4.6)      eval=(0.078, 0.6)        cost=4/10   acc=0.9328
probe=03  phase=followup_transition   prior=(2.8, 4.6)      eval=(99, 36)            cost=6/10   acc=0.9316
probe=04  phase=followup_transition   prior=(2.8, 4.6)      eval=(4.6, 1.7)          cost=8/10   acc=0.9346
probe=05  phase=followup_transition   prior=(2.8, 4.6)      eval=(1.7, 170)          cost=10/10  acc=0.9297
source=cifar_search_improved_plots    shift=-1   interval=3  attr=bias_lr         global=(main=170,cooldown=21,acc=0.9402)        gap=0.0006
probe=01  phase=followup_transition   prior=(4.6, 1.7)      eval=(4.6, 1)            cost=2/10   acc=0.9378
probe=02  phase=followup_transition   prior=(4.6, 1.7)      eval=(0.13, 0.22)        cost=4/10   acc=0.9377
probe=03  phase=followup_transition   prior=(4.6, 1.7)      eval=(170, 13)           cost=6/10   acc=0.9396
probe=04  phase=followup_transition   prior=(4.6, 1.7)      eval=(7.7, 0.6)          cost=8/10   acc=0.9378
probe=05  phase=followup_transition   prior=(4.6, 1.7)      eval=(2.8, 60)           cost=10/10  acc=0.9371
source=cifar_search_improved_plots    shift=0    interval=0  attr=bias_lr         global=(main=60,cooldown=21,acc=0.9128)         gap=0
probe=01  phase=main_screen           prior=(none, none)    eval=(0.13, none)        cost=1/20   acc=0.8404
probe=02  phase=main_screen           prior=(none, none)    eval=(0.6, none)         cost=2/20   acc=0.8404
probe=03  phase=main_screen           prior=(none, none)    eval=(2.8, none)         cost=3/20   acc=0.8416
probe=04  phase=main_screen           prior=(none, none)    eval=(13, none)          cost=4/20   acc=0.8451
probe=05  phase=main_screen           prior=(none, none)    eval=(60, none)          cost=5/20   acc=0.8355
probe=06  phase=main_screen           prior=(none, none)    eval=(280, none)         cost=6/20   acc=0.8275
probe=07  phase=main_screen           prior=(none, none)    eval=(1300, none)        cost=7/20   acc=0.1764
probe=08  phase=main_screen           prior=(none, none)    eval=(5900, none)        cost=8/20   acc=0.1000
probe=09  phase=main_screen           prior=(none, none)    eval=(27000, none)       cost=9/20   acc=0.1000
probe=10  phase=first_interval_probe  prior=(none, none)    eval=(60, 21)            cost=10/20  acc=0.9128
probe=11  phase=first_interval_probe  prior=(none, none)    eval=(99, 36)            cost=12/20  acc=0.9077
probe=12  phase=first_interval_probe  prior=(none, none)    eval=(13, 36)            cost=13/20  acc=0.9074
probe=13  phase=first_interval_probe  prior=(none, none)    eval=(36, 13)            cost=15/20  acc=0.9079
probe=14  phase=first_interval_probe  prior=(none, none)    eval=(170, 60)           cost=17/20  acc=0.9061
probe=15  phase=first_interval_probe  prior=(none, none)    eval=(36, 99)            cost=18/20  acc=0.9022
probe=16  phase=first_interval_probe  prior=(none, none)    eval=(4.6, 13)           cost=20/20  acc=0.9069
source=cifar_search_improved_plots    shift=0    interval=1  attr=bias_lr         global=(main=1.7,cooldown=4.6,acc=0.9290)       gap=0.0002
probe=01  phase=followup_transition   prior=(60, 21)        eval=(60, 13)            cost=2/10   acc=0.9268
probe=02  phase=followup_transition   prior=(60, 21)        eval=(1.7, 2.8)          cost=4/10   acc=0.9288
probe=03  phase=followup_transition   prior=(60, 21)        eval=(2100, 170)         cost=6/10   acc=0.1000
probe=04  phase=followup_transition   prior=(60, 21)        eval=(99, 7.7)           cost=8/10   acc=0.9280
probe=05  phase=followup_transition   prior=(60, 21)        eval=(36, 770)           cost=10/10  acc=0.1000
source=cifar_search_improved_plots    shift=0    interval=2  attr=bias_lr         global=(main=2.8,cooldown=1.7,acc=0.9355)       gap=0.0009
probe=01  phase=followup_transition   prior=(1.7, 2.8)      eval=(1.7, 1.7)          cost=2/10   acc=0.9331
probe=02  phase=followup_transition   prior=(1.7, 2.8)      eval=(0.047, 0.36)       cost=4/10   acc=0.9328
probe=03  phase=followup_transition   prior=(1.7, 2.8)      eval=(60, 21)            cost=6/10   acc=0.9316
probe=04  phase=followup_transition   prior=(1.7, 2.8)      eval=(2.8, 1)            cost=8/10   acc=0.9346
probe=05  phase=followup_transition   prior=(1.7, 2.8)      eval=(1, 99)             cost=10/10  acc=0.9297
source=cifar_search_improved_plots    shift=0    interval=3  attr=bias_lr         global=(main=99,cooldown=13,acc=0.9402)         gap=0.0006
probe=01  phase=followup_transition   prior=(2.8, 1)        eval=(2.8, 0.6)          cost=2/10   acc=0.9378
probe=02  phase=followup_transition   prior=(2.8, 1)        eval=(0.078, 0.13)       cost=4/10   acc=0.9377
probe=03  phase=followup_transition   prior=(2.8, 1)        eval=(99, 7.7)           cost=6/10   acc=0.9396
probe=04  phase=followup_transition   prior=(2.8, 1)        eval=(4.6, 0.36)         cost=8/10   acc=0.9378
probe=05  phase=followup_transition   prior=(2.8, 1)        eval=(1.7, 36)           cost=10/10  acc=0.9371
source=cifar_search_improved_plots    shift=1    interval=0  attr=bias_lr         global=(main=36,cooldown=13,acc=0.9128)         gap=0
probe=01  phase=main_screen           prior=(none, none)    eval=(0.13, none)        cost=1/20   acc=0.8404
probe=02  phase=main_screen           prior=(none, none)    eval=(0.6, none)         cost=2/20   acc=0.8404
probe=03  phase=main_screen           prior=(none, none)    eval=(2.8, none)         cost=3/20   acc=0.8372
probe=04  phase=main_screen           prior=(none, none)    eval=(13, none)          cost=4/20   acc=0.8346
probe=05  phase=main_screen           prior=(none, none)    eval=(60, none)          cost=5/20   acc=0.8261
probe=06  phase=main_screen           prior=(none, none)    eval=(280, none)         cost=6/20   acc=0.7416
probe=07  phase=main_screen           prior=(none, none)    eval=(1300, none)        cost=7/20   acc=0.1108
probe=08  phase=main_screen           prior=(none, none)    eval=(5900, none)        cost=8/20   acc=0.1147
probe=09  phase=main_screen           prior=(none, none)    eval=(27000, none)       cost=9/20   acc=0.1000
probe=10  phase=first_interval_probe  prior=(none, none)    eval=(60, 21)            cost=10/20  acc=0.9077
probe=11  phase=first_interval_probe  prior=(none, none)    eval=(99, 36)            cost=12/20  acc=0.9061
probe=12  phase=first_interval_probe  prior=(none, none)    eval=(13, 36)            cost=13/20  acc=0.9100
probe=13  phase=first_interval_probe  prior=(none, none)    eval=(36, 13)            cost=15/20  acc=0.9128
probe=14  phase=first_interval_probe  prior=(none, none)    eval=(170, 60)           cost=17/20  acc=0.9004
probe=15  phase=first_interval_probe  prior=(none, none)    eval=(36, 99)            cost=18/20  acc=0.8965
probe=16  phase=first_interval_probe  prior=(none, none)    eval=(4.6, 13)           cost=20/20  acc=0.9085
source=cifar_search_improved_plots    shift=1    interval=1  attr=bias_lr         global=(main=1,cooldown=2.8,acc=0.9290)         gap=0.0002
probe=01  phase=followup_transition   prior=(36, 13)        eval=(36, 7.7)           cost=2/10   acc=0.9268
probe=02  phase=followup_transition   prior=(36, 13)        eval=(1, 1.7)            cost=4/10   acc=0.9288
probe=03  phase=followup_transition   prior=(36, 13)        eval=(1300, 99)          cost=6/10   acc=0.1000
probe=04  phase=followup_transition   prior=(36, 13)        eval=(60, 4.6)           cost=8/10   acc=0.9280
probe=05  phase=followup_transition   prior=(36, 13)        eval=(21, 460)           cost=10/10  acc=0.1000
source=cifar_search_improved_plots    shift=1    interval=2  attr=bias_lr         global=(main=1.7,cooldown=1,acc=0.9355)         gap=0.0009
probe=01  phase=followup_transition   prior=(1, 1.7)        eval=(1, 1)              cost=2/10   acc=0.9331
probe=02  phase=followup_transition   prior=(1, 1.7)        eval=(0.028, 0.22)       cost=4/10   acc=0.9328
probe=03  phase=followup_transition   prior=(1, 1.7)        eval=(36, 13)            cost=6/10   acc=0.9316
probe=04  phase=followup_transition   prior=(1, 1.7)        eval=(1.7, 0.6)          cost=8/10   acc=0.9346
probe=05  phase=followup_transition   prior=(1, 1.7)        eval=(0.6, 60)           cost=10/10  acc=0.9297
source=cifar_search_improved_plots    shift=1    interval=3  attr=bias_lr         global=(main=60,cooldown=7.7,acc=0.9402)        gap=0.0006
probe=01  phase=followup_transition   prior=(1.7, 0.6)      eval=(1.7, 0.36)         cost=2/10   acc=0.9378
probe=02  phase=followup_transition   prior=(1.7, 0.6)      eval=(0.047, 0.078)      cost=4/10   acc=0.9377
probe=03  phase=followup_transition   prior=(1.7, 0.6)      eval=(60, 4.6)           cost=6/10   acc=0.9396
probe=04  phase=followup_transition   prior=(1.7, 0.6)      eval=(2.8, 0.22)         cost=8/10   acc=0.9378
probe=05  phase=followup_transition   prior=(1.7, 0.6)      eval=(1, 21)             cost=10/10  acc=0.9371
source=cifar_search_improved_plots    shift=2    interval=0  attr=bias_lr         global=(main=21,cooldown=7.7,acc=0.9128)        gap=0
probe=01  phase=main_screen           prior=(none, none)    eval=(0.13, none)        cost=1/20   acc=0.8404
probe=02  phase=main_screen           prior=(none, none)    eval=(0.6, none)         cost=2/20   acc=0.8430
probe=03  phase=main_screen           prior=(none, none)    eval=(2.8, none)         cost=3/20   acc=0.8414
probe=04  phase=main_screen           prior=(none, none)    eval=(13, none)          cost=4/20   acc=0.8322
probe=05  phase=main_screen           prior=(none, none)    eval=(60, none)          cost=5/20   acc=0.8272
probe=06  phase=main_screen           prior=(none, none)    eval=(280, none)         cost=6/20   acc=0.2603
probe=07  phase=main_screen           prior=(none, none)    eval=(1300, none)        cost=7/20   acc=0.1527
probe=08  phase=main_screen           prior=(none, none)    eval=(5900, none)        cost=8/20   acc=0.1005
probe=09  phase=main_screen           prior=(none, none)    eval=(27000, none)       cost=9/20   acc=0.1000
probe=10  phase=first_interval_probe  prior=(none, none)    eval=(13, 4.6)           cost=10/20  acc=0.9079
probe=11  phase=first_interval_probe  prior=(none, none)    eval=(21, 7.7)           cost=12/20  acc=0.9128
probe=12  phase=first_interval_probe  prior=(none, none)    eval=(2.8, 7.7)          cost=13/20  acc=0.9085
probe=13  phase=first_interval_probe  prior=(none, none)    eval=(7.7, 2.8)          cost=15/20  acc=0.9090
probe=14  phase=first_interval_probe  prior=(none, none)    eval=(36, 13)            cost=17/20  acc=0.9077
probe=15  phase=first_interval_probe  prior=(none, none)    eval=(7.7, 21)           cost=18/20  acc=0.9100
probe=16  phase=first_interval_probe  prior=(none, none)    eval=(1, 2.8)            cost=20/20  acc=0.9062
source=cifar_search_improved_plots    shift=2    interval=1  attr=bias_lr         global=(main=0.6,cooldown=1.7,acc=0.9290)       gap=0.0002
probe=01  phase=followup_transition   prior=(21, 7.7)       eval=(21, 4.6)           cost=2/10   acc=0.9268
probe=02  phase=followup_transition   prior=(21, 7.7)       eval=(0.6, 1)            cost=4/10   acc=0.9288
probe=03  phase=followup_transition   prior=(21, 7.7)       eval=(770, 60)           cost=6/10   acc=0.1000
probe=04  phase=followup_transition   prior=(21, 7.7)       eval=(36, 2.8)           cost=8/10   acc=0.9280
probe=05  phase=followup_transition   prior=(21, 7.7)       eval=(13, 280)           cost=10/10  acc=0.1000
source=cifar_search_improved_plots    shift=2    interval=2  attr=bias_lr         global=(main=1,cooldown=0.6,acc=0.9355)         gap=0.0009
probe=01  phase=followup_transition   prior=(0.6, 1)        eval=(0.6, 0.6)          cost=2/10   acc=0.9331
probe=02  phase=followup_transition   prior=(0.6, 1)        eval=(0.017, 0.13)       cost=4/10   acc=0.9328
probe=03  phase=followup_transition   prior=(0.6, 1)        eval=(21, 7.7)           cost=6/10   acc=0.9316
probe=04  phase=followup_transition   prior=(0.6, 1)        eval=(1, 0.36)           cost=8/10   acc=0.9346
probe=05  phase=followup_transition   prior=(0.6, 1)        eval=(0.36, 36)          cost=10/10  acc=0.9297
source=cifar_search_improved_plots    shift=2    interval=3  attr=bias_lr         global=(main=36,cooldown=4.6,acc=0.9402)        gap=0.0006
probe=01  phase=followup_transition   prior=(1, 0.36)       eval=(1, 0.22)           cost=2/10   acc=0.9378
probe=02  phase=followup_transition   prior=(1, 0.36)       eval=(0.028, 0.047)      cost=4/10   acc=0.9377
probe=03  phase=followup_transition   prior=(1, 0.36)       eval=(36, 2.8)           cost=6/10   acc=0.9396
probe=04  phase=followup_transition   prior=(1, 0.36)       eval=(1.7, 0.13)         cost=8/10   acc=0.9378
probe=05  phase=followup_transition   prior=(1, 0.36)       eval=(0.6, 13)           cost=10/10  acc=0.9371
source=cifar_search_improved_plots    shift=3    interval=0  attr=bias_lr         global=(main=13,cooldown=4.6,acc=0.9128)        gap=0
probe=01  phase=main_screen           prior=(none, none)    eval=(0.13, none)        cost=1/20   acc=0.8404
probe=02  phase=main_screen           prior=(none, none)    eval=(0.6, none)         cost=2/20   acc=0.8416
probe=03  phase=main_screen           prior=(none, none)    eval=(2.8, none)         cost=3/20   acc=0.8451
probe=04  phase=main_screen           prior=(none, none)    eval=(13, none)          cost=4/20   acc=0.8355
probe=05  phase=main_screen           prior=(none, none)    eval=(60, none)          cost=5/20   acc=0.8275
probe=06  phase=main_screen           prior=(none, none)    eval=(280, none)         cost=6/20   acc=0.1764
probe=07  phase=main_screen           prior=(none, none)    eval=(1300, none)        cost=7/20   acc=0.1000
probe=08  phase=main_screen           prior=(none, none)    eval=(5900, none)        cost=8/20   acc=0.1000
probe=09  phase=main_screen           prior=(none, none)    eval=(27000, none)       cost=9/20   acc=0.1000
probe=10  phase=first_interval_probe  prior=(none, none)    eval=(13, 4.6)           cost=10/20  acc=0.9128
probe=11  phase=first_interval_probe  prior=(none, none)    eval=(21, 7.7)           cost=12/20  acc=0.9077
probe=12  phase=first_interval_probe  prior=(none, none)    eval=(2.8, 7.7)          cost=13/20  acc=0.9074
probe=13  phase=first_interval_probe  prior=(none, none)    eval=(7.7, 2.8)          cost=15/20  acc=0.9079
probe=14  phase=first_interval_probe  prior=(none, none)    eval=(36, 13)            cost=17/20  acc=0.9061
probe=15  phase=first_interval_probe  prior=(none, none)    eval=(7.7, 21)           cost=18/20  acc=0.9022
probe=16  phase=first_interval_probe  prior=(none, none)    eval=(1, 2.8)            cost=20/20  acc=0.9069
source=cifar_search_improved_plots    shift=3    interval=1  attr=bias_lr         global=(main=0.36,cooldown=1,acc=0.9290)        gap=0.0002
probe=01  phase=followup_transition   prior=(13, 4.6)       eval=(13, 2.8)           cost=2/10   acc=0.9268
probe=02  phase=followup_transition   prior=(13, 4.6)       eval=(0.36, 0.6)         cost=4/10   acc=0.9288
probe=03  phase=followup_transition   prior=(13, 4.6)       eval=(460, 36)           cost=6/10   acc=0.1000
probe=04  phase=followup_transition   prior=(13, 4.6)       eval=(21, 1.7)           cost=8/10   acc=0.9280
probe=05  phase=followup_transition   prior=(13, 4.6)       eval=(7.7, 170)          cost=10/10  acc=0.1000
source=cifar_search_improved_plots    shift=3    interval=2  attr=bias_lr         global=(main=0.6,cooldown=0.36,acc=0.9355)      gap=0.0009
probe=01  phase=followup_transition   prior=(0.36, 0.6)     eval=(0.36, 0.36)        cost=2/10   acc=0.9331
probe=02  phase=followup_transition   prior=(0.36, 0.6)     eval=(0.01, 0.078)       cost=4/10   acc=0.9328
probe=03  phase=followup_transition   prior=(0.36, 0.6)     eval=(13, 4.6)           cost=6/10   acc=0.9316
probe=04  phase=followup_transition   prior=(0.36, 0.6)     eval=(0.6, 0.22)         cost=8/10   acc=0.9346
probe=05  phase=followup_transition   prior=(0.36, 0.6)     eval=(0.22, 21)          cost=10/10  acc=0.9297
source=cifar_search_improved_plots    shift=3    interval=3  attr=bias_lr         global=(main=21,cooldown=2.8,acc=0.9402)        gap=0.0006
probe=01  phase=followup_transition   prior=(0.6, 0.22)     eval=(0.6, 0.13)         cost=2/10   acc=0.9378
probe=02  phase=followup_transition   prior=(0.6, 0.22)     eval=(0.017, 0.028)      cost=4/10   acc=0.9377
probe=03  phase=followup_transition   prior=(0.6, 0.22)     eval=(21, 1.7)           cost=6/10   acc=0.9396
probe=04  phase=followup_transition   prior=(0.6, 0.22)     eval=(1, 0.078)          cost=8/10   acc=0.9378
probe=05  phase=followup_transition   prior=(0.6, 0.22)     eval=(0.36, 7.7)         cost=10/10  acc=0.9371
source=cifar_search_improved_plots    shift=4    interval=0  attr=bias_lr         global=(main=7.7,cooldown=2.8,acc=0.9128)       gap=0
probe=01  phase=main_screen           prior=(none, none)    eval=(0.13, none)        cost=1/20   acc=0.8404
probe=02  phase=main_screen           prior=(none, none)    eval=(0.6, none)         cost=2/20   acc=0.8372
probe=03  phase=main_screen           prior=(none, none)    eval=(2.8, none)         cost=3/20   acc=0.8346
probe=04  phase=main_screen           prior=(none, none)    eval=(13, none)          cost=4/20   acc=0.8261
probe=05  phase=main_screen           prior=(none, none)    eval=(60, none)          cost=5/20   acc=0.7416
probe=06  phase=main_screen           prior=(none, none)    eval=(280, none)         cost=6/20   acc=0.1108
probe=07  phase=main_screen           prior=(none, none)    eval=(1300, none)        cost=7/20   acc=0.1147
probe=08  phase=main_screen           prior=(none, none)    eval=(5900, none)        cost=8/20   acc=0.1000
probe=09  phase=main_screen           prior=(none, none)    eval=(27000, none)       cost=9/20   acc=0.1000
probe=10  phase=first_interval_probe  prior=(none, none)    eval=(13, 4.6)           cost=10/20  acc=0.9077
probe=11  phase=first_interval_probe  prior=(none, none)    eval=(21, 7.7)           cost=12/20  acc=0.9061
probe=12  phase=first_interval_probe  prior=(none, none)    eval=(2.8, 7.7)          cost=13/20  acc=0.9100
probe=13  phase=first_interval_probe  prior=(none, none)    eval=(7.7, 2.8)          cost=15/20  acc=0.9128
probe=14  phase=first_interval_probe  prior=(none, none)    eval=(36, 13)            cost=17/20  acc=0.9004
probe=15  phase=first_interval_probe  prior=(none, none)    eval=(7.7, 21)           cost=18/20  acc=0.8965
probe=16  phase=first_interval_probe  prior=(none, none)    eval=(1, 2.8)            cost=20/20  acc=0.9085
source=cifar_search_improved_plots    shift=4    interval=1  attr=bias_lr         global=(main=0.22,cooldown=0.6,acc=0.9290)      gap=0.0002
probe=01  phase=followup_transition   prior=(7.7, 2.8)      eval=(7.7, 1.7)          cost=2/10   acc=0.9268
probe=02  phase=followup_transition   prior=(7.7, 2.8)      eval=(0.22, 0.36)        cost=4/10   acc=0.9288
probe=03  phase=followup_transition   prior=(7.7, 2.8)      eval=(280, 21)           cost=6/10   acc=0.1000
probe=04  phase=followup_transition   prior=(7.7, 2.8)      eval=(13, 1)             cost=8/10   acc=0.9280
probe=05  phase=followup_transition   prior=(7.7, 2.8)      eval=(4.6, 99)           cost=10/10  acc=0.1000
source=cifar_search_improved_plots    shift=4    interval=2  attr=bias_lr         global=(main=0.36,cooldown=0.22,acc=0.9355)     gap=0.0009
probe=01  phase=followup_transition   prior=(0.22, 0.36)    eval=(0.22, 0.22)        cost=2/10   acc=0.9331
probe=02  phase=followup_transition   prior=(0.22, 0.36)    eval=(0.006, 0.047)      cost=4/10   acc=0.9328
probe=03  phase=followup_transition   prior=(0.22, 0.36)    eval=(7.7, 2.8)          cost=6/10   acc=0.9316
probe=04  phase=followup_transition   prior=(0.22, 0.36)    eval=(0.36, 0.13)        cost=8/10   acc=0.9346
probe=05  phase=followup_transition   prior=(0.22, 0.36)    eval=(0.13, 13)          cost=10/10  acc=0.9297
source=cifar_search_improved_plots    shift=4    interval=3  attr=bias_lr         global=(main=13,cooldown=1.7,acc=0.9402)        gap=0.0006
probe=01  phase=followup_transition   prior=(0.36, 0.13)    eval=(0.36, 0.078)       cost=2/10   acc=0.9378
probe=02  phase=followup_transition   prior=(0.36, 0.13)    eval=(0.01, 0.017)       cost=4/10   acc=0.9377
probe=03  phase=followup_transition   prior=(0.36, 0.13)    eval=(13, 1)             cost=6/10   acc=0.9396
probe=04  phase=followup_transition   prior=(0.36, 0.13)    eval=(0.6, 0.047)        cost=8/10   acc=0.9378
probe=05  phase=followup_transition   prior=(0.36, 0.13)    eval=(0.22, 4.6)         cost=10/10  acc=0.9371
source=cifar_search_improved_plots    shift=5    interval=0  attr=bias_lr         global=(main=4.6,cooldown=1.7,acc=0.9128)       gap=0
probe=01  phase=main_screen           prior=(none, none)    eval=(0.13, none)        cost=1/20   acc=0.8430
probe=02  phase=main_screen           prior=(none, none)    eval=(0.6, none)         cost=2/20   acc=0.8414
probe=03  phase=main_screen           prior=(none, none)    eval=(2.8, none)         cost=3/20   acc=0.8322
probe=04  phase=main_screen           prior=(none, none)    eval=(13, none)          cost=4/20   acc=0.8272
probe=05  phase=main_screen           prior=(none, none)    eval=(60, none)          cost=5/20   acc=0.2603
probe=06  phase=main_screen           prior=(none, none)    eval=(280, none)         cost=6/20   acc=0.1527
probe=07  phase=main_screen           prior=(none, none)    eval=(1300, none)        cost=7/20   acc=0.1005
probe=08  phase=main_screen           prior=(none, none)    eval=(5900, none)        cost=8/20   acc=0.1000
probe=09  phase=main_screen           prior=(none, none)    eval=(27000, none)       cost=9/20   acc=0.1000
probe=10  phase=first_interval_probe  prior=(none, none)    eval=(2.8, 1)            cost=10/20  acc=0.9079
probe=11  phase=first_interval_probe  prior=(none, none)    eval=(4.6, 1.7)          cost=12/20  acc=0.9128
probe=12  phase=first_interval_probe  prior=(none, none)    eval=(0.6, 1.7)          cost=13/20  acc=0.9085
probe=13  phase=first_interval_probe  prior=(none, none)    eval=(1.7, 0.6)          cost=15/20  acc=0.9090
probe=14  phase=first_interval_probe  prior=(none, none)    eval=(7.7, 2.8)          cost=17/20  acc=0.9077
probe=15  phase=first_interval_probe  prior=(none, none)    eval=(1.7, 4.6)          cost=18/20  acc=0.9100
probe=16  phase=first_interval_probe  prior=(none, none)    eval=(0.22, 0.6)         cost=20/20  acc=0.9062
source=cifar_search_improved_plots    shift=5    interval=1  attr=bias_lr         global=(main=0.13,cooldown=0.36,acc=0.9290)     gap=0.0002
probe=01  phase=followup_transition   prior=(4.6, 1.7)      eval=(4.6, 1)            cost=2/10   acc=0.9268
probe=02  phase=followup_transition   prior=(4.6, 1.7)      eval=(0.13, 0.22)        cost=4/10   acc=0.9288
probe=03  phase=followup_transition   prior=(4.6, 1.7)      eval=(170, 13)           cost=6/10   acc=0.1000
probe=04  phase=followup_transition   prior=(4.6, 1.7)      eval=(7.7, 0.6)          cost=8/10   acc=0.9280
probe=05  phase=followup_transition   prior=(4.6, 1.7)      eval=(2.8, 60)           cost=10/10  acc=0.1000
source=cifar_search_improved_plots    shift=5    interval=2  attr=bias_lr         global=(main=0.22,cooldown=0.13,acc=0.9355)     gap=0.0009
probe=01  phase=followup_transition   prior=(0.13, 0.22)    eval=(0.13, 0.13)        cost=2/10   acc=0.9331
probe=02  phase=followup_transition   prior=(0.13, 0.22)    eval=(0.0036, 0.028)     cost=4/10   acc=0.9328
probe=03  phase=followup_transition   prior=(0.13, 0.22)    eval=(4.6, 1.7)          cost=6/10   acc=0.9316
probe=04  phase=followup_transition   prior=(0.13, 0.22)    eval=(0.22, 0.078)       cost=8/10   acc=0.9346
probe=05  phase=followup_transition   prior=(0.13, 0.22)    eval=(0.078, 7.7)        cost=10/10  acc=0.9297
source=cifar_search_improved_plots    shift=5    interval=3  attr=bias_lr         global=(main=7.7,cooldown=1,acc=0.9402)         gap=0.0006
probe=01  phase=followup_transition   prior=(0.22, 0.078)   eval=(0.22, 0.047)       cost=2/10   acc=0.9378
probe=02  phase=followup_transition   prior=(0.22, 0.078)   eval=(0.006, 0.01)       cost=4/10   acc=0.9377
probe=03  phase=followup_transition   prior=(0.22, 0.078)   eval=(7.7, 0.6)          cost=6/10   acc=0.9396
probe=04  phase=followup_transition   prior=(0.22, 0.078)   eval=(0.36, 0.028)       cost=8/10   acc=0.9378
probe=05  phase=followup_transition   prior=(0.22, 0.078)   eval=(0.13, 2.8)         cost=10/10  acc=0.9371
source=cifar_search_improved_plots    shift=6    interval=0  attr=bias_lr         global=(main=2.8,cooldown=1,acc=0.9128)         gap=0
probe=01  phase=main_screen           prior=(none, none)    eval=(0.13, none)        cost=1/20   acc=0.8416
probe=02  phase=main_screen           prior=(none, none)    eval=(0.6, none)         cost=2/20   acc=0.8451
probe=03  phase=main_screen           prior=(none, none)    eval=(2.8, none)         cost=3/20   acc=0.8355
probe=04  phase=main_screen           prior=(none, none)    eval=(13, none)          cost=4/20   acc=0.8275
probe=05  phase=main_screen           prior=(none, none)    eval=(60, none)          cost=5/20   acc=0.1764
probe=06  phase=main_screen           prior=(none, none)    eval=(280, none)         cost=6/20   acc=0.1000
probe=07  phase=main_screen           prior=(none, none)    eval=(1300, none)        cost=7/20   acc=0.1000
probe=08  phase=main_screen           prior=(none, none)    eval=(5900, none)        cost=8/20   acc=0.1000
probe=09  phase=main_screen           prior=(none, none)    eval=(27000, none)       cost=9/20   acc=0.1000
probe=10  phase=first_interval_probe  prior=(none, none)    eval=(2.8, 1)            cost=10/20  acc=0.9128
probe=11  phase=first_interval_probe  prior=(none, none)    eval=(4.6, 1.7)          cost=12/20  acc=0.9077
probe=12  phase=first_interval_probe  prior=(none, none)    eval=(0.6, 1.7)          cost=13/20  acc=0.9074
probe=13  phase=first_interval_probe  prior=(none, none)    eval=(1.7, 0.6)          cost=15/20  acc=0.9079
probe=14  phase=first_interval_probe  prior=(none, none)    eval=(7.7, 2.8)          cost=17/20  acc=0.9061
probe=15  phase=first_interval_probe  prior=(none, none)    eval=(1.7, 4.6)          cost=18/20  acc=0.9022
probe=16  phase=first_interval_probe  prior=(none, none)    eval=(0.22, 0.6)         cost=20/20  acc=0.9069
source=cifar_search_improved_plots    shift=6    interval=1  attr=bias_lr         global=(main=0.078,cooldown=0.22,acc=0.9290)    gap=0.0002
probe=01  phase=followup_transition   prior=(2.8, 1)        eval=(2.8, 0.6)          cost=2/10   acc=0.9268
probe=02  phase=followup_transition   prior=(2.8, 1)        eval=(0.078, 0.13)       cost=4/10   acc=0.9288
probe=03  phase=followup_transition   prior=(2.8, 1)        eval=(99, 7.7)           cost=6/10   acc=0.1000
probe=04  phase=followup_transition   prior=(2.8, 1)        eval=(4.6, 0.36)         cost=8/10   acc=0.9280
probe=05  phase=followup_transition   prior=(2.8, 1)        eval=(1.7, 36)           cost=10/10  acc=0.1000
source=cifar_search_improved_plots    shift=6    interval=2  attr=bias_lr         global=(main=0.13,cooldown=0.078,acc=0.9355)    gap=0.0009
probe=01  phase=followup_transition   prior=(0.078, 0.13)   eval=(0.078, 0.078)      cost=2/10   acc=0.9331
probe=02  phase=followup_transition   prior=(0.078, 0.13)   eval=(0.0022, 0.017)     cost=4/10   acc=0.9328
probe=03  phase=followup_transition   prior=(0.078, 0.13)   eval=(2.8, 1)            cost=6/10   acc=0.9316
probe=04  phase=followup_transition   prior=(0.078, 0.13)   eval=(0.13, 0.047)       cost=8/10   acc=0.9346
probe=05  phase=followup_transition   prior=(0.078, 0.13)   eval=(0.047, 4.6)        cost=10/10  acc=0.9297
source=cifar_search_improved_plots    shift=6    interval=3  attr=bias_lr         global=(main=4.6,cooldown=0.6,acc=0.9402)       gap=0.0006
probe=01  phase=followup_transition   prior=(0.13, 0.047)   eval=(0.13, 0.028)       cost=2/10   acc=0.9378
probe=02  phase=followup_transition   prior=(0.13, 0.047)   eval=(0.0036, 0.006)     cost=4/10   acc=0.9377
probe=03  phase=followup_transition   prior=(0.13, 0.047)   eval=(4.6, 0.36)         cost=6/10   acc=0.9396
probe=04  phase=followup_transition   prior=(0.13, 0.047)   eval=(0.22, 0.017)       cost=8/10   acc=0.9378
probe=05  phase=followup_transition   prior=(0.13, 0.047)   eval=(0.078, 1.7)        cost=10/10  acc=0.9371
source=cifar_search_improved_plots    shift=7    interval=0  attr=bias_lr         global=(main=1.7,cooldown=0.6,acc=0.9128)       gap=0
probe=01  phase=main_screen           prior=(none, none)    eval=(0.13, none)        cost=1/20   acc=0.8372
probe=02  phase=main_screen           prior=(none, none)    eval=(0.6, none)         cost=2/20   acc=0.8346
probe=03  phase=main_screen           prior=(none, none)    eval=(2.8, none)         cost=3/20   acc=0.8261
probe=04  phase=main_screen           prior=(none, none)    eval=(13, none)          cost=4/20   acc=0.7416
probe=05  phase=main_screen           prior=(none, none)    eval=(60, none)          cost=5/20   acc=0.1108
probe=06  phase=main_screen           prior=(none, none)    eval=(280, none)         cost=6/20   acc=0.1147
probe=07  phase=main_screen           prior=(none, none)    eval=(1300, none)        cost=7/20   acc=0.1000
probe=08  phase=main_screen           prior=(none, none)    eval=(5900, none)        cost=8/20   acc=0.1000
probe=09  phase=main_screen           prior=(none, none)    eval=(27000, none)       cost=9/20   acc=0.1000
probe=10  phase=first_interval_probe  prior=(none, none)    eval=(2.8, 1)            cost=10/20  acc=0.9077
probe=11  phase=first_interval_probe  prior=(none, none)    eval=(4.6, 1.7)          cost=12/20  acc=0.9061
probe=12  phase=first_interval_probe  prior=(none, none)    eval=(0.6, 1.7)          cost=13/20  acc=0.9100
probe=13  phase=first_interval_probe  prior=(none, none)    eval=(1.7, 0.6)          cost=15/20  acc=0.9128
probe=14  phase=first_interval_probe  prior=(none, none)    eval=(7.7, 2.8)          cost=17/20  acc=0.9004
probe=15  phase=first_interval_probe  prior=(none, none)    eval=(1.7, 4.6)          cost=18/20  acc=0.8965
probe=16  phase=first_interval_probe  prior=(none, none)    eval=(0.22, 0.6)         cost=20/20  acc=0.9085
source=cifar_search_improved_plots    shift=7    interval=1  attr=bias_lr         global=(main=0.047,cooldown=0.13,acc=0.9290)    gap=0.0002
probe=01  phase=followup_transition   prior=(1.7, 0.6)      eval=(1.7, 0.36)         cost=2/10   acc=0.9268
probe=02  phase=followup_transition   prior=(1.7, 0.6)      eval=(0.047, 0.078)      cost=4/10   acc=0.9288
probe=03  phase=followup_transition   prior=(1.7, 0.6)      eval=(60, 4.6)           cost=6/10   acc=0.1000
probe=04  phase=followup_transition   prior=(1.7, 0.6)      eval=(2.8, 0.22)         cost=8/10   acc=0.9280
probe=05  phase=followup_transition   prior=(1.7, 0.6)      eval=(1, 21)             cost=10/10  acc=0.1000
source=cifar_search_improved_plots    shift=7    interval=2  attr=bias_lr         global=(main=0.078,cooldown=0.047,acc=0.9355)   gap=0.0009
probe=01  phase=followup_transition   prior=(0.047, 0.078)  eval=(0.047, 0.047)      cost=2/10   acc=0.9331
probe=02  phase=followup_transition   prior=(0.047, 0.078)  eval=(0.0013, 0.01)      cost=4/10   acc=0.9328
probe=03  phase=followup_transition   prior=(0.047, 0.078)  eval=(1.7, 0.6)          cost=6/10   acc=0.9316
probe=04  phase=followup_transition   prior=(0.047, 0.078)  eval=(0.078, 0.028)      cost=8/10   acc=0.9346
probe=05  phase=followup_transition   prior=(0.047, 0.078)  eval=(0.028, 2.8)        cost=10/10  acc=0.9297
source=cifar_search_improved_plots    shift=7    interval=3  attr=bias_lr         global=(main=2.8,cooldown=0.36,acc=0.9402)      gap=0.0006
probe=01  phase=followup_transition   prior=(0.078, 0.028)  eval=(0.078, 0.017)      cost=2/10   acc=0.9378
probe=02  phase=followup_transition   prior=(0.078, 0.028)  eval=(0.0022, 0.0036)    cost=4/10   acc=0.9377
probe=03  phase=followup_transition   prior=(0.078, 0.028)  eval=(2.8, 0.22)         cost=6/10   acc=0.9396
probe=04  phase=followup_transition   prior=(0.078, 0.028)  eval=(0.13, 0.01)        cost=8/10   acc=0.9378
probe=05  phase=followup_transition   prior=(0.078, 0.028)  eval=(0.047, 1)          cost=10/10  acc=0.9371
source=cifar_search_improved_plots    shift=8    interval=0  attr=bias_lr         global=(main=1,cooldown=0.36,acc=0.9128)        gap=0.0051
probe=01  phase=main_screen           prior=(none, none)    eval=(0.13, none)        cost=1/20   acc=0.8414
probe=02  phase=main_screen           prior=(none, none)    eval=(0.6, none)         cost=2/20   acc=0.8322
probe=03  phase=main_screen           prior=(none, none)    eval=(2.8, none)         cost=3/20   acc=0.8272
probe=04  phase=main_screen           prior=(none, none)    eval=(13, none)          cost=4/20   acc=0.2603
probe=05  phase=main_screen           prior=(none, none)    eval=(60, none)          cost=5/20   acc=0.1527
probe=06  phase=main_screen           prior=(none, none)    eval=(280, none)         cost=6/20   acc=0.1005
probe=07  phase=main_screen           prior=(none, none)    eval=(1300, none)        cost=7/20   acc=0.1000
probe=08  phase=main_screen           prior=(none, none)    eval=(5900, none)        cost=8/20   acc=0.1000
probe=09  phase=main_screen           prior=(none, none)    eval=(27000, none)       cost=9/20   acc=0.1000
probe=10  phase=first_interval_probe  prior=(none, none)    eval=(2.8, 1)            cost=10/20  acc=0.9061
probe=11  phase=first_interval_probe  prior=(none, none)    eval=(4.6, 1.7)          cost=12/20  acc=0.9004
probe=12  phase=first_interval_probe  prior=(none, none)    eval=(0.6, 1.7)          cost=13/20  acc=0.9022
probe=13  phase=first_interval_probe  prior=(none, none)    eval=(1.7, 0.6)          cost=15/20  acc=0.9077
probe=14  phase=first_interval_probe  prior=(none, none)    eval=(7.7, 2.8)          cost=17/20  acc=0.8939
probe=15  phase=first_interval_probe  prior=(none, none)    eval=(1.7, 4.6)          cost=18/20  acc=0.8767
probe=16  phase=first_interval_probe  prior=(none, none)    eval=(0.22, 0.6)         cost=20/20  acc=0.9074
source=cifar_search_improved_plots    shift=8    interval=1  attr=bias_lr         global=(main=0.028,cooldown=0.078,acc=0.9290)   gap=0.0013
probe=01  phase=followup_transition   prior=(1.7, 0.6)      eval=(1.7, 0.36)         cost=2/10   acc=0.9277
probe=02  phase=followup_transition   prior=(1.7, 0.6)      eval=(0.047, 0.078)      cost=4/10   acc=0.9272
probe=03  phase=followup_transition   prior=(1.7, 0.6)      eval=(60, 4.6)           cost=6/10   acc=0.1000
probe=04  phase=followup_transition   prior=(1.7, 0.6)      eval=(2.8, 0.22)         cost=8/10   acc=0.9263
probe=05  phase=followup_transition   prior=(1.7, 0.6)      eval=(1, 21)             cost=10/10  acc=0.1000
source=cifar_search_improved_plots    shift=8    interval=2  attr=bias_lr         global=(main=0.047,cooldown=0.028,acc=0.9355)   gap=0.0007
probe=01  phase=followup_transition   prior=(1.7, 0.36)     eval=(1.7, 0.22)         cost=2/10   acc=0.9330
probe=02  phase=followup_transition   prior=(1.7, 0.36)     eval=(0.047, 0.047)      cost=4/10   acc=0.9348
probe=03  phase=followup_transition   prior=(1.7, 0.36)     eval=(60, 2.8)           cost=6/10   acc=0.1000
probe=04  phase=followup_transition   prior=(1.7, 0.36)     eval=(2.8, 0.13)         cost=8/10   acc=0.9331
probe=05  phase=followup_transition   prior=(1.7, 0.36)     eval=(1, 13)             cost=10/10  acc=0.1000
source=cifar_search_improved_plots    shift=8    interval=3  attr=bias_lr         global=(main=1.7,cooldown=0.22,acc=0.9402)      gap=0.0007
probe=01  phase=followup_transition   prior=(0.047, 0.047)  eval=(0.047, 0.028)      cost=2/10   acc=0.9378
probe=02  phase=followup_transition   prior=(0.047, 0.047)  eval=(0.0013, 0.006)     cost=4/10   acc=0.9377
probe=03  phase=followup_transition   prior=(0.047, 0.047)  eval=(1.7, 0.36)         cost=6/10   acc=0.9395
probe=04  phase=followup_transition   prior=(0.047, 0.047)  eval=(0.078, 0.017)      cost=8/10   acc=0.9378
probe=05  phase=followup_transition   prior=(0.047, 0.047)  eval=(0.028, 1.7)        cost=10/10  acc=0.9354
source=cifar_search_improved_plots    shift=9    interval=0  attr=bias_lr         global=(main=0.6,cooldown=0.22,acc=0.9128)      gap=0
probe=01  phase=main_screen           prior=(none, none)    eval=(0.13, none)        cost=1/20   acc=0.8451
probe=02  phase=main_screen           prior=(none, none)    eval=(0.6, none)         cost=2/20   acc=0.8355
probe=03  phase=main_screen           prior=(none, none)    eval=(2.8, none)         cost=3/20   acc=0.8275
probe=04  phase=main_screen           prior=(none, none)    eval=(13, none)          cost=4/20   acc=0.1764
probe=05  phase=main_screen           prior=(none, none)    eval=(60, none)          cost=5/20   acc=0.1000
probe=06  phase=main_screen           prior=(none, none)    eval=(280, none)         cost=6/20   acc=0.1000
probe=07  phase=main_screen           prior=(none, none)    eval=(1300, none)        cost=7/20   acc=0.1000
probe=08  phase=main_screen           prior=(none, none)    eval=(5900, none)        cost=8/20   acc=0.1000
probe=09  phase=main_screen           prior=(none, none)    eval=(27000, none)       cost=9/20   acc=0.1000
probe=10  phase=first_interval_probe  prior=(none, none)    eval=(0.6, 0.22)         cost=10/20  acc=0.9128
probe=11  phase=first_interval_probe  prior=(none, none)    eval=(1, 0.36)           cost=12/20  acc=0.9077
probe=12  phase=first_interval_probe  prior=(none, none)    eval=(0.13, 0.36)        cost=13/20  acc=0.9074
probe=13  phase=first_interval_probe  prior=(none, none)    eval=(0.36, 0.13)        cost=15/20  acc=0.9079
probe=14  phase=first_interval_probe  prior=(none, none)    eval=(1.7, 0.6)          cost=17/20  acc=0.9061
probe=15  phase=first_interval_probe  prior=(none, none)    eval=(0.36, 1)           cost=18/20  acc=0.9022
probe=16  phase=first_interval_probe  prior=(none, none)    eval=(0.047, 0.13)       cost=20/20  acc=0.9069
source=cifar_search_improved_plots    shift=9    interval=1  attr=bias_lr         global=(main=0.017,cooldown=0.047,acc=0.9290)   gap=0.0002
probe=01  phase=followup_transition   prior=(0.6, 0.22)     eval=(0.6, 0.13)         cost=2/10   acc=0.9268
probe=02  phase=followup_transition   prior=(0.6, 0.22)     eval=(0.017, 0.028)      cost=4/10   acc=0.9288
probe=03  phase=followup_transition   prior=(0.6, 0.22)     eval=(21, 1.7)           cost=6/10   acc=0.1000
probe=04  phase=followup_transition   prior=(0.6, 0.22)     eval=(1, 0.078)          cost=8/10   acc=0.9280
probe=05  phase=followup_transition   prior=(0.6, 0.22)     eval=(0.36, 7.7)         cost=10/10  acc=0.1000
source=cifar_search_improved_plots    shift=9    interval=2  attr=bias_lr         global=(main=0.028,cooldown=0.017,acc=0.9355)   gap=0.0009
probe=01  phase=followup_transition   prior=(0.017, 0.028)  eval=(0.017, 0.017)      cost=2/10   acc=0.9331
probe=02  phase=followup_transition   prior=(0.017, 0.028)  eval=(0.00047, 0.0036)   cost=4/10   acc=0.9328
probe=03  phase=followup_transition   prior=(0.017, 0.028)  eval=(0.6, 0.22)         cost=6/10   acc=0.9316
probe=04  phase=followup_transition   prior=(0.017, 0.028)  eval=(0.028, 0.01)       cost=8/10   acc=0.9346
probe=05  phase=followup_transition   prior=(0.017, 0.028)  eval=(0.01, 1)           cost=10/10  acc=0.9297
source=cifar_search_improved_plots    shift=9    interval=3  attr=bias_lr         global=(main=1,cooldown=0.13,acc=0.9402)        gap=0.0006
probe=01  phase=followup_transition   prior=(0.028, 0.01)   eval=(0.028, 0.006)      cost=2/10   acc=0.9378
probe=02  phase=followup_transition   prior=(0.028, 0.01)   eval=(0.00078, 0.0013)   cost=4/10   acc=0.9377
probe=03  phase=followup_transition   prior=(0.028, 0.01)   eval=(1, 0.078)          cost=6/10   acc=0.9396
probe=04  phase=followup_transition   prior=(0.028, 0.01)   eval=(0.047, 0.0036)     cost=8/10   acc=0.9378
probe=05  phase=followup_transition   prior=(0.028, 0.01)   eval=(0.017, 0.36)       cost=10/10  acc=0.9371
source=cifar_search_improved_plots    shift=10   interval=0  attr=bias_lr         global=(main=0.36,cooldown=0.13,acc=0.9128)     gap=0
probe=01  phase=main_screen           prior=(none, none)    eval=(0.13, none)        cost=1/20   acc=0.8346
probe=02  phase=main_screen           prior=(none, none)    eval=(0.6, none)         cost=2/20   acc=0.8261
probe=03  phase=main_screen           prior=(none, none)    eval=(2.8, none)         cost=3/20   acc=0.7416
probe=04  phase=main_screen           prior=(none, none)    eval=(13, none)          cost=4/20   acc=0.1108
probe=05  phase=main_screen           prior=(none, none)    eval=(60, none)          cost=5/20   acc=0.1147
probe=06  phase=main_screen           prior=(none, none)    eval=(280, none)         cost=6/20   acc=0.1000
probe=07  phase=main_screen           prior=(none, none)    eval=(1300, none)        cost=7/20   acc=0.1000
probe=08  phase=main_screen           prior=(none, none)    eval=(5900, none)        cost=8/20   acc=0.1000
probe=09  phase=main_screen           prior=(none, none)    eval=(27000, none)       cost=9/20   acc=0.1000
probe=10  phase=first_interval_probe  prior=(none, none)    eval=(0.6, 0.22)         cost=10/20  acc=0.9077
probe=11  phase=first_interval_probe  prior=(none, none)    eval=(1, 0.36)           cost=12/20  acc=0.9061
probe=12  phase=first_interval_probe  prior=(none, none)    eval=(0.13, 0.36)        cost=13/20  acc=0.9100
probe=13  phase=first_interval_probe  prior=(none, none)    eval=(0.36, 0.13)        cost=15/20  acc=0.9128
probe=14  phase=first_interval_probe  prior=(none, none)    eval=(1.7, 0.6)          cost=17/20  acc=0.9004
probe=15  phase=first_interval_probe  prior=(none, none)    eval=(0.36, 1)           cost=18/20  acc=0.8965
probe=16  phase=first_interval_probe  prior=(none, none)    eval=(0.047, 0.13)       cost=20/20  acc=0.9085
source=cifar_search_improved_plots    shift=10   interval=1  attr=bias_lr         global=(main=0.01,cooldown=0.028,acc=0.9290)    gap=0.0002
probe=01  phase=followup_transition   prior=(0.36, 0.13)    eval=(0.36, 0.078)       cost=2/10   acc=0.9268
probe=02  phase=followup_transition   prior=(0.36, 0.13)    eval=(0.01, 0.017)       cost=4/10   acc=0.9288
probe=03  phase=followup_transition   prior=(0.36, 0.13)    eval=(13, 1)             cost=6/10   acc=0.1000
probe=04  phase=followup_transition   prior=(0.36, 0.13)    eval=(0.6, 0.047)        cost=8/10   acc=0.9280
probe=05  phase=followup_transition   prior=(0.36, 0.13)    eval=(0.22, 4.6)         cost=10/10  acc=0.1000
source=cifar_search_improved_plots    shift=10   interval=2  attr=bias_lr         global=(main=0.017,cooldown=0.01,acc=0.9355)    gap=0.0009
probe=01  phase=followup_transition   prior=(0.01, 0.017)   eval=(0.01, 0.01)        cost=2/10   acc=0.9331
probe=02  phase=followup_transition   prior=(0.01, 0.017)   eval=(0.00028, 0.0022)   cost=4/10   acc=0.9328
probe=03  phase=followup_transition   prior=(0.01, 0.017)   eval=(0.36, 0.13)        cost=6/10   acc=0.9316
probe=04  phase=followup_transition   prior=(0.01, 0.017)   eval=(0.017, 0.006)      cost=8/10   acc=0.9346
probe=05  phase=followup_transition   prior=(0.01, 0.017)   eval=(0.006, 0.6)        cost=10/10  acc=0.9297
source=cifar_search_improved_plots    shift=10   interval=3  attr=bias_lr         global=(main=0.6,cooldown=0.078,acc=0.9402)     gap=0.0006
probe=01  phase=followup_transition   prior=(0.017, 0.006)  eval=(0.017, 0.0036)     cost=2/10   acc=0.9378
probe=02  phase=followup_transition   prior=(0.017, 0.006)  eval=(0.00047, 0.00078)  cost=4/10   acc=0.9377
probe=03  phase=followup_transition   prior=(0.017, 0.006)  eval=(0.6, 0.047)        cost=6/10   acc=0.9396
probe=04  phase=followup_transition   prior=(0.017, 0.006)  eval=(0.028, 0.0022)     cost=8/10   acc=0.9378
probe=05  phase=followup_transition   prior=(0.017, 0.006)  eval=(0.01, 0.22)        cost=10/10  acc=0.9371
source=cifar_search_improved_plots    shift=-10  interval=0  attr=head_lr         global=(main=130000,cooldown=460,acc=0.9128)    gap=0.0031
probe=01  phase=main_screen           prior=(none, none)    eval=(0.13, none)        cost=1/20   acc=0.8188
probe=02  phase=main_screen           prior=(none, none)    eval=(0.6, none)         cost=2/20   acc=0.8188
probe=03  phase=main_screen           prior=(none, none)    eval=(2.8, none)         cost=3/20   acc=0.8188
probe=04  phase=main_screen           prior=(none, none)    eval=(13, none)          cost=4/20   acc=0.8188
probe=05  phase=main_screen           prior=(none, none)    eval=(60, none)          cost=5/20   acc=0.8188
probe=06  phase=main_screen           prior=(none, none)    eval=(280, none)         cost=6/20   acc=0.8191
probe=07  phase=main_screen           prior=(none, none)    eval=(1300, none)        cost=7/20   acc=0.8305
probe=08  phase=main_screen           prior=(none, none)    eval=(5900, none)        cost=8/20   acc=0.8310
probe=09  phase=main_screen           prior=(none, none)    eval=(27000, none)       cost=9/20   acc=0.8351
probe=10  phase=first_interval_probe  prior=(none, none)    eval=(27000, 9800)       cost=10/20  acc=0.9082
probe=11  phase=first_interval_probe  prior=(none, none)    eval=(46000, 16000)      cost=12/20  acc=0.9092
probe=12  phase=first_interval_probe  prior=(none, none)    eval=(5900, 16000)       cost=13/20  acc=0.9035
probe=13  phase=first_interval_probe  prior=(none, none)    eval=(16000, 5900)       cost=15/20  acc=0.9036
probe=14  phase=first_interval_probe  prior=(none, none)    eval=(76000, 27000)      cost=17/20  acc=0.9097
probe=15  phase=first_interval_probe  prior=(none, none)    eval=(16000, 46000)      cost=18/20  acc=0.9066
probe=16  phase=first_interval_probe  prior=(none, none)    eval=(2100, 5900)        cost=20/20  acc=0.9020
source=cifar_search_improved_plots    shift=-10  interval=1  attr=head_lr         global=(main=76000,cooldown=16000,acc=0.9290)   gap=0
probe=01  phase=followup_transition   prior=(76000, 27000)  eval=(76000, 16000)      cost=2/10   acc=0.9290
probe=02  phase=followup_transition   prior=(76000, 27000)  eval=(2100, 3500)        cost=4/10   acc=0.9254
probe=03  phase=followup_transition   prior=(76000, 27000)  eval=(2.7e+06, 210000)   cost=6/10   acc=0.9037
probe=04  phase=followup_transition   prior=(76000, 27000)  eval=(130000, 9800)      cost=8/10   acc=0.9286
probe=05  phase=followup_transition   prior=(76000, 27000)  eval=(46000, 980000)     cost=10/10  acc=0.9217
source=cifar_search_improved_plots    shift=-10  interval=2  attr=head_lr         global=(main=2100,cooldown=2100,acc=0.9355)     gap=0
probe=01  phase=followup_transition   prior=(76000, 16000)  eval=(76000, 9800)       cost=2/10   acc=0.9348
probe=02  phase=followup_transition   prior=(76000, 16000)  eval=(2100, 2100)        cost=4/10   acc=0.9355
probe=03  phase=followup_transition   prior=(76000, 16000)  eval=(2.7e+06, 130000)   cost=6/10   acc=0.9176
probe=04  phase=followup_transition   prior=(76000, 16000)  eval=(130000, 5900)      cost=8/10   acc=0.9334
probe=05  phase=followup_transition   prior=(76000, 16000)  eval=(46000, 590000)     cost=10/10  acc=0.9336
source=cifar_search_improved_plots    shift=-10  interval=3  attr=head_lr         global=(main=76000,cooldown=27000,acc=0.9402)   gap=0.0004
probe=01  phase=followup_transition   prior=(2100, 2100)    eval=(2100, 1300)        cost=2/10   acc=0.9383
probe=02  phase=followup_transition   prior=(2100, 2100)    eval=(60, 280)           cost=4/10   acc=0.9383
probe=03  phase=followup_transition   prior=(2100, 2100)    eval=(76000, 16000)      cost=6/10   acc=0.9398
probe=04  phase=followup_transition   prior=(2100, 2100)    eval=(3500, 770)         cost=8/10   acc=0.9373
probe=05  phase=followup_transition   prior=(2100, 2100)    eval=(1300, 76000)       cost=10/10  acc=0.9377
source=cifar_search_improved_plots    shift=-9   interval=0  attr=head_lr         global=(main=76000,cooldown=280,acc=0.9128)     gap=0.0006
probe=01  phase=main_screen           prior=(none, none)    eval=(0.13, none)        cost=1/20   acc=0.8188
probe=02  phase=main_screen           prior=(none, none)    eval=(0.6, none)         cost=2/20   acc=0.8188
probe=03  phase=main_screen           prior=(none, none)    eval=(2.8, none)         cost=3/20   acc=0.8188
probe=04  phase=main_screen           prior=(none, none)    eval=(13, none)          cost=4/20   acc=0.8188
probe=05  phase=main_screen           prior=(none, none)    eval=(60, none)          cost=5/20   acc=0.8188
probe=06  phase=main_screen           prior=(none, none)    eval=(280, none)         cost=6/20   acc=0.8156
probe=07  phase=main_screen           prior=(none, none)    eval=(1300, none)        cost=7/20   acc=0.8283
probe=08  phase=main_screen           prior=(none, none)    eval=(5900, none)        cost=8/20   acc=0.8358
probe=09  phase=main_screen           prior=(none, none)    eval=(27000, none)       cost=9/20   acc=0.8366
probe=10  phase=first_interval_probe  prior=(none, none)    eval=(27000, 9800)       cost=10/20  acc=0.9092
probe=11  phase=first_interval_probe  prior=(none, none)    eval=(46000, 16000)      cost=12/20  acc=0.9097
probe=12  phase=first_interval_probe  prior=(none, none)    eval=(5900, 16000)       cost=13/20  acc=0.9035
probe=13  phase=first_interval_probe  prior=(none, none)    eval=(16000, 5900)       cost=15/20  acc=0.9082
probe=14  phase=first_interval_probe  prior=(none, none)    eval=(76000, 27000)      cost=17/20  acc=0.9122
probe=15  phase=first_interval_probe  prior=(none, none)    eval=(16000, 46000)      cost=18/20  acc=0.9087
probe=16  phase=first_interval_probe  prior=(none, none)    eval=(2100, 5900)        cost=20/20  acc=0.9001
source=cifar_search_improved_plots    shift=-9   interval=1  attr=head_lr         global=(main=46000,cooldown=9800,acc=0.9290)    gap=0.0006
probe=01  phase=followup_transition   prior=(76000, 27000)  eval=(76000, 16000)      cost=2/10   acc=0.9284
probe=02  phase=followup_transition   prior=(76000, 27000)  eval=(2100, 3500)        cost=4/10   acc=0.9255
probe=03  phase=followup_transition   prior=(76000, 27000)  eval=(2.7e+06, 210000)   cost=6/10   acc=0.8914
probe=04  phase=followup_transition   prior=(76000, 27000)  eval=(130000, 9800)      cost=8/10   acc=0.9261
probe=05  phase=followup_transition   prior=(76000, 27000)  eval=(46000, 980000)     cost=10/10  acc=0.9114
source=cifar_search_improved_plots    shift=-9   interval=2  attr=head_lr         global=(main=1300,cooldown=1300,acc=0.9355)     gap=0.0013
probe=01  phase=followup_transition   prior=(76000, 16000)  eval=(76000, 9800)       cost=2/10   acc=0.9335
probe=02  phase=followup_transition   prior=(76000, 16000)  eval=(2100, 2100)        cost=4/10   acc=0.9342
probe=03  phase=followup_transition   prior=(76000, 16000)  eval=(2.7e+06, 130000)   cost=6/10   acc=0.9079
probe=04  phase=followup_transition   prior=(76000, 16000)  eval=(130000, 5900)      cost=8/10   acc=0.9323
probe=05  phase=followup_transition   prior=(76000, 16000)  eval=(46000, 590000)     cost=10/10  acc=0.9276
source=cifar_search_improved_plots    shift=-9   interval=3  attr=head_lr         global=(main=46000,cooldown=16000,acc=0.9402)   gap=0.0007
probe=01  phase=followup_transition   prior=(2100, 2100)    eval=(2100, 1300)        cost=2/10   acc=0.9372
probe=02  phase=followup_transition   prior=(2100, 2100)    eval=(60, 280)           cost=4/10   acc=0.9382
probe=03  phase=followup_transition   prior=(2100, 2100)    eval=(76000, 16000)      cost=6/10   acc=0.9395
probe=04  phase=followup_transition   prior=(2100, 2100)    eval=(3500, 770)         cost=8/10   acc=0.9375
probe=05  phase=followup_transition   prior=(2100, 2100)    eval=(1300, 76000)       cost=10/10  acc=0.9392
source=cifar_search_improved_plots    shift=-8   interval=0  attr=head_lr         global=(main=46000,cooldown=170,acc=0.9128)     gap=0.0006
probe=01  phase=main_screen           prior=(none, none)    eval=(0.13, none)        cost=1/20   acc=0.8188
probe=02  phase=main_screen           prior=(none, none)    eval=(0.6, none)         cost=2/20   acc=0.8188
probe=03  phase=main_screen           prior=(none, none)    eval=(2.8, none)         cost=3/20   acc=0.8188
probe=04  phase=main_screen           prior=(none, none)    eval=(13, none)          cost=4/20   acc=0.8188
probe=05  phase=main_screen           prior=(none, none)    eval=(60, none)          cost=5/20   acc=0.8188
probe=06  phase=main_screen           prior=(none, none)    eval=(280, none)         cost=6/20   acc=0.8200
probe=07  phase=main_screen           prior=(none, none)    eval=(1300, none)        cost=7/20   acc=0.8301
probe=08  phase=main_screen           prior=(none, none)    eval=(5900, none)        cost=8/20   acc=0.8418
probe=09  phase=main_screen           prior=(none, none)    eval=(27000, none)       cost=9/20   acc=0.8462
probe=10  phase=first_interval_probe  prior=(none, none)    eval=(27000, 9800)       cost=10/20  acc=0.9097
probe=11  phase=first_interval_probe  prior=(none, none)    eval=(46000, 16000)      cost=12/20  acc=0.9122
probe=12  phase=first_interval_probe  prior=(none, none)    eval=(5900, 16000)       cost=13/20  acc=0.9066
probe=13  phase=first_interval_probe  prior=(none, none)    eval=(16000, 5900)       cost=15/20  acc=0.9092
probe=14  phase=first_interval_probe  prior=(none, none)    eval=(76000, 27000)      cost=17/20  acc=0.9105
probe=15  phase=first_interval_probe  prior=(none, none)    eval=(16000, 46000)      cost=18/20  acc=0.9086
probe=16  phase=first_interval_probe  prior=(none, none)    eval=(2100, 5900)        cost=20/20  acc=0.9035
source=cifar_search_improved_plots    shift=-8   interval=1  attr=head_lr         global=(main=27000,cooldown=5900,acc=0.9290)    gap=0.0006
probe=01  phase=followup_transition   prior=(46000, 16000)  eval=(46000, 9800)       cost=2/10   acc=0.9284
probe=02  phase=followup_transition   prior=(46000, 16000)  eval=(1300, 2100)        cost=4/10   acc=0.9255
probe=03  phase=followup_transition   prior=(46000, 16000)  eval=(1.6e+06, 130000)   cost=6/10   acc=0.8914
probe=04  phase=followup_transition   prior=(46000, 16000)  eval=(76000, 5900)       cost=8/10   acc=0.9261
probe=05  phase=followup_transition   prior=(46000, 16000)  eval=(27000, 590000)     cost=10/10  acc=0.9114
source=cifar_search_improved_plots    shift=-8   interval=2  attr=head_lr         global=(main=770,cooldown=770,acc=0.9355)       gap=0.0013
probe=01  phase=followup_transition   prior=(46000, 9800)   eval=(46000, 5900)       cost=2/10   acc=0.9335
probe=02  phase=followup_transition   prior=(46000, 9800)   eval=(1300, 1300)        cost=4/10   acc=0.9342
probe=03  phase=followup_transition   prior=(46000, 9800)   eval=(1.6e+06, 76000)    cost=6/10   acc=0.9079
probe=04  phase=followup_transition   prior=(46000, 9800)   eval=(76000, 3500)       cost=8/10   acc=0.9323
probe=05  phase=followup_transition   prior=(46000, 9800)   eval=(27000, 350000)     cost=10/10  acc=0.9276
source=cifar_search_improved_plots    shift=-8   interval=3  attr=head_lr         global=(main=27000,cooldown=9800,acc=0.9402)    gap=0.0007
probe=01  phase=followup_transition   prior=(1300, 1300)    eval=(1300, 770)         cost=2/10   acc=0.9372
probe=02  phase=followup_transition   prior=(1300, 1300)    eval=(36, 170)           cost=4/10   acc=0.9382
probe=03  phase=followup_transition   prior=(1300, 1300)    eval=(46000, 9800)       cost=6/10   acc=0.9395
probe=04  phase=followup_transition   prior=(1300, 1300)    eval=(2100, 460)         cost=8/10   acc=0.9375
probe=05  phase=followup_transition   prior=(1300, 1300)    eval=(770, 46000)        cost=10/10  acc=0.9392
source=cifar_search_improved_plots    shift=-7   interval=0  attr=head_lr         global=(main=27000,cooldown=99,acc=0.9128)      gap=0.0006
probe=01  phase=main_screen           prior=(none, none)    eval=(0.13, none)        cost=1/20   acc=0.8188
probe=02  phase=main_screen           prior=(none, none)    eval=(0.6, none)         cost=2/20   acc=0.8188
probe=03  phase=main_screen           prior=(none, none)    eval=(2.8, none)         cost=3/20   acc=0.8188
probe=04  phase=main_screen           prior=(none, none)    eval=(13, none)          cost=4/20   acc=0.8188
probe=05  phase=main_screen           prior=(none, none)    eval=(60, none)          cost=5/20   acc=0.8191
probe=06  phase=main_screen           prior=(none, none)    eval=(280, none)         cost=6/20   acc=0.8305
probe=07  phase=main_screen           prior=(none, none)    eval=(1300, none)        cost=7/20   acc=0.8310
probe=08  phase=main_screen           prior=(none, none)    eval=(5900, none)        cost=8/20   acc=0.8351
probe=09  phase=main_screen           prior=(none, none)    eval=(27000, none)       cost=9/20   acc=0.8355
probe=10  phase=first_interval_probe  prior=(none, none)    eval=(27000, 9800)       cost=10/20  acc=0.9122
probe=11  phase=first_interval_probe  prior=(none, none)    eval=(46000, 16000)      cost=12/20  acc=0.9105
probe=12  phase=first_interval_probe  prior=(none, none)    eval=(5900, 16000)       cost=13/20  acc=0.9087
probe=13  phase=first_interval_probe  prior=(none, none)    eval=(16000, 5900)       cost=15/20  acc=0.9097
probe=14  phase=first_interval_probe  prior=(none, none)    eval=(76000, 27000)      cost=17/20  acc=0.9072
probe=15  phase=first_interval_probe  prior=(none, none)    eval=(16000, 46000)      cost=18/20  acc=0.9054
probe=16  phase=first_interval_probe  prior=(none, none)    eval=(2100, 5900)        cost=20/20  acc=0.9035
source=cifar_search_improved_plots    shift=-7   interval=1  attr=head_lr         global=(main=16000,cooldown=3500,acc=0.9290)    gap=0.0006
probe=01  phase=followup_transition   prior=(27000, 9800)   eval=(27000, 5900)       cost=2/10   acc=0.9284
probe=02  phase=followup_transition   prior=(27000, 9800)   eval=(770, 1300)         cost=4/10   acc=0.9255
probe=03  phase=followup_transition   prior=(27000, 9800)   eval=(980000, 76000)     cost=6/10   acc=0.8914
probe=04  phase=followup_transition   prior=(27000, 9800)   eval=(46000, 3500)       cost=8/10   acc=0.9261
probe=05  phase=followup_transition   prior=(27000, 9800)   eval=(16000, 350000)     cost=10/10  acc=0.9114
source=cifar_search_improved_plots    shift=-7   interval=2  attr=head_lr         global=(main=460,cooldown=460,acc=0.9355)       gap=0.0013
probe=01  phase=followup_transition   prior=(27000, 5900)   eval=(27000, 3500)       cost=2/10   acc=0.9335
probe=02  phase=followup_transition   prior=(27000, 5900)   eval=(770, 770)          cost=4/10   acc=0.9342
probe=03  phase=followup_transition   prior=(27000, 5900)   eval=(980000, 46000)     cost=6/10   acc=0.9079
probe=04  phase=followup_transition   prior=(27000, 5900)   eval=(46000, 2100)       cost=8/10   acc=0.9323
probe=05  phase=followup_transition   prior=(27000, 5900)   eval=(16000, 210000)     cost=10/10  acc=0.9276
source=cifar_search_improved_plots    shift=-7   interval=3  attr=head_lr         global=(main=16000,cooldown=5900,acc=0.9402)    gap=0.0007
probe=01  phase=followup_transition   prior=(770, 770)      eval=(770, 460)          cost=2/10   acc=0.9372
probe=02  phase=followup_transition   prior=(770, 770)      eval=(21, 99)            cost=4/10   acc=0.9382
probe=03  phase=followup_transition   prior=(770, 770)      eval=(27000, 5900)       cost=6/10   acc=0.9395
probe=04  phase=followup_transition   prior=(770, 770)      eval=(1300, 280)         cost=8/10   acc=0.9375
probe=05  phase=followup_transition   prior=(770, 770)      eval=(460, 27000)        cost=10/10  acc=0.9392
source=cifar_search_improved_plots    shift=-6   interval=0  attr=head_lr         global=(main=16000,cooldown=60,acc=0.9128)      gap=0.0006
probe=01  phase=main_screen           prior=(none, none)    eval=(0.13, none)        cost=1/20   acc=0.8188
probe=02  phase=main_screen           prior=(none, none)    eval=(0.6, none)         cost=2/20   acc=0.8188
probe=03  phase=main_screen           prior=(none, none)    eval=(2.8, none)         cost=3/20   acc=0.8188
probe=04  phase=main_screen           prior=(none, none)    eval=(13, none)          cost=4/20   acc=0.8188
probe=05  phase=main_screen           prior=(none, none)    eval=(60, none)          cost=5/20   acc=0.8156
probe=06  phase=main_screen           prior=(none, none)    eval=(280, none)         cost=6/20   acc=0.8283
probe=07  phase=main_screen           prior=(none, none)    eval=(1300, none)        cost=7/20   acc=0.8358
probe=08  phase=main_screen           prior=(none, none)    eval=(5900, none)        cost=8/20   acc=0.8366
probe=09  phase=main_screen           prior=(none, none)    eval=(27000, none)       cost=9/20   acc=0.8440
probe=10  phase=first_interval_probe  prior=(none, none)    eval=(27000, 9800)       cost=10/20  acc=0.9105
probe=11  phase=first_interval_probe  prior=(none, none)    eval=(46000, 16000)      cost=12/20  acc=0.9072
probe=12  phase=first_interval_probe  prior=(none, none)    eval=(5900, 16000)       cost=13/20  acc=0.9086
probe=13  phase=first_interval_probe  prior=(none, none)    eval=(16000, 5900)       cost=15/20  acc=0.9122
probe=14  phase=first_interval_probe  prior=(none, none)    eval=(76000, 27000)      cost=17/20  acc=0.8983
probe=15  phase=first_interval_probe  prior=(none, none)    eval=(16000, 46000)      cost=18/20  acc=0.9090
probe=16  phase=first_interval_probe  prior=(none, none)    eval=(2100, 5900)        cost=20/20  acc=0.9066
source=cifar_search_improved_plots    shift=-6   interval=1  attr=head_lr         global=(main=9800,cooldown=2100,acc=0.9290)     gap=0.0006
probe=01  phase=followup_transition   prior=(16000, 5900)   eval=(16000, 3500)       cost=2/10   acc=0.9284
probe=02  phase=followup_transition   prior=(16000, 5900)   eval=(460, 770)          cost=4/10   acc=0.9255
probe=03  phase=followup_transition   prior=(16000, 5900)   eval=(590000, 46000)     cost=6/10   acc=0.8914
probe=04  phase=followup_transition   prior=(16000, 5900)   eval=(27000, 2100)       cost=8/10   acc=0.9261
probe=05  phase=followup_transition   prior=(16000, 5900)   eval=(9800, 210000)      cost=10/10  acc=0.9114
source=cifar_search_improved_plots    shift=-6   interval=2  attr=head_lr         global=(main=280,cooldown=280,acc=0.9355)       gap=0.0013
probe=01  phase=followup_transition   prior=(16000, 3500)   eval=(16000, 2100)       cost=2/10   acc=0.9335
probe=02  phase=followup_transition   prior=(16000, 3500)   eval=(460, 460)          cost=4/10   acc=0.9342
probe=03  phase=followup_transition   prior=(16000, 3500)   eval=(590000, 27000)     cost=6/10   acc=0.9079
probe=04  phase=followup_transition   prior=(16000, 3500)   eval=(27000, 1300)       cost=8/10   acc=0.9323
probe=05  phase=followup_transition   prior=(16000, 3500)   eval=(9800, 130000)      cost=10/10  acc=0.9276
source=cifar_search_improved_plots    shift=-6   interval=3  attr=head_lr         global=(main=9800,cooldown=3500,acc=0.9402)     gap=0.0007
probe=01  phase=followup_transition   prior=(460, 460)      eval=(460, 280)          cost=2/10   acc=0.9372
probe=02  phase=followup_transition   prior=(460, 460)      eval=(13, 60)            cost=4/10   acc=0.9382
probe=03  phase=followup_transition   prior=(460, 460)      eval=(16000, 3500)       cost=6/10   acc=0.9395
probe=04  phase=followup_transition   prior=(460, 460)      eval=(770, 170)          cost=8/10   acc=0.9375
probe=05  phase=followup_transition   prior=(460, 460)      eval=(280, 16000)        cost=10/10  acc=0.9392
source=cifar_search_improved_plots    shift=-5   interval=0  attr=head_lr         global=(main=9800,cooldown=36,acc=0.9128)       gap=0.0006
probe=01  phase=main_screen           prior=(none, none)    eval=(0.13, none)        cost=1/20   acc=0.8188
probe=02  phase=main_screen           prior=(none, none)    eval=(0.6, none)         cost=2/20   acc=0.8188
probe=03  phase=main_screen           prior=(none, none)    eval=(2.8, none)         cost=3/20   acc=0.8188
probe=04  phase=main_screen           prior=(none, none)    eval=(13, none)          cost=4/20   acc=0.8188
probe=05  phase=main_screen           prior=(none, none)    eval=(60, none)          cost=5/20   acc=0.8200
probe=06  phase=main_screen           prior=(none, none)    eval=(280, none)         cost=6/20   acc=0.8301
probe=07  phase=main_screen           prior=(none, none)    eval=(1300, none)        cost=7/20   acc=0.8418
probe=08  phase=main_screen           prior=(none, none)    eval=(5900, none)        cost=8/20   acc=0.8462
probe=09  phase=main_screen           prior=(none, none)    eval=(27000, none)       cost=9/20   acc=0.8311
probe=10  phase=first_interval_probe  prior=(none, none)    eval=(5900, 2100)        cost=10/20  acc=0.9097
probe=11  phase=first_interval_probe  prior=(none, none)    eval=(9800, 3500)        cost=12/20  acc=0.9122
probe=12  phase=first_interval_probe  prior=(none, none)    eval=(1300, 3500)        cost=13/20  acc=0.9066
probe=13  phase=first_interval_probe  prior=(none, none)    eval=(3500, 1300)        cost=15/20  acc=0.9092
probe=14  phase=first_interval_probe  prior=(none, none)    eval=(16000, 5900)       cost=17/20  acc=0.9105
probe=15  phase=first_interval_probe  prior=(none, none)    eval=(3500, 9800)        cost=18/20  acc=0.9086
probe=16  phase=first_interval_probe  prior=(none, none)    eval=(460, 1300)         cost=20/20  acc=0.9035
source=cifar_search_improved_plots    shift=-5   interval=1  attr=head_lr         global=(main=5900,cooldown=1300,acc=0.9290)     gap=0.0006
probe=01  phase=followup_transition   prior=(9800, 3500)    eval=(9800, 2100)        cost=2/10   acc=0.9284
probe=02  phase=followup_transition   prior=(9800, 3500)    eval=(280, 460)          cost=4/10   acc=0.9255
probe=03  phase=followup_transition   prior=(9800, 3500)    eval=(350000, 27000)     cost=6/10   acc=0.8914
probe=04  phase=followup_transition   prior=(9800, 3500)    eval=(16000, 1300)       cost=8/10   acc=0.9261
probe=05  phase=followup_transition   prior=(9800, 3500)    eval=(5900, 130000)      cost=10/10  acc=0.9114
source=cifar_search_improved_plots    shift=-5   interval=2  attr=head_lr         global=(main=170,cooldown=170,acc=0.9355)       gap=0.0013
probe=01  phase=followup_transition   prior=(9800, 2100)    eval=(9800, 1300)        cost=2/10   acc=0.9335
probe=02  phase=followup_transition   prior=(9800, 2100)    eval=(280, 280)          cost=4/10   acc=0.9342
probe=03  phase=followup_transition   prior=(9800, 2100)    eval=(350000, 16000)     cost=6/10   acc=0.9079
probe=04  phase=followup_transition   prior=(9800, 2100)    eval=(16000, 770)        cost=8/10   acc=0.9323
probe=05  phase=followup_transition   prior=(9800, 2100)    eval=(5900, 76000)       cost=10/10  acc=0.9276
source=cifar_search_improved_plots    shift=-5   interval=3  attr=head_lr         global=(main=5900,cooldown=2100,acc=0.9402)     gap=0.0007
probe=01  phase=followup_transition   prior=(280, 280)      eval=(280, 170)          cost=2/10   acc=0.9372
probe=02  phase=followup_transition   prior=(280, 280)      eval=(7.7, 36)           cost=4/10   acc=0.9382
probe=03  phase=followup_transition   prior=(280, 280)      eval=(9800, 2100)        cost=6/10   acc=0.9395
probe=04  phase=followup_transition   prior=(280, 280)      eval=(460, 99)           cost=8/10   acc=0.9375
probe=05  phase=followup_transition   prior=(280, 280)      eval=(170, 9800)         cost=10/10  acc=0.9392
source=cifar_search_improved_plots    shift=-4   interval=0  attr=head_lr         global=(main=5900,cooldown=21,acc=0.9128)       gap=0.0006
probe=01  phase=main_screen           prior=(none, none)    eval=(0.13, none)        cost=1/20   acc=0.8188
probe=02  phase=main_screen           prior=(none, none)    eval=(0.6, none)         cost=2/20   acc=0.8188
probe=03  phase=main_screen           prior=(none, none)    eval=(2.8, none)         cost=3/20   acc=0.8188
probe=04  phase=main_screen           prior=(none, none)    eval=(13, none)          cost=4/20   acc=0.8191
probe=05  phase=main_screen           prior=(none, none)    eval=(60, none)          cost=5/20   acc=0.8305
probe=06  phase=main_screen           prior=(none, none)    eval=(280, none)         cost=6/20   acc=0.8310
probe=07  phase=main_screen           prior=(none, none)    eval=(1300, none)        cost=7/20   acc=0.8351
probe=08  phase=main_screen           prior=(none, none)    eval=(5900, none)        cost=8/20   acc=0.8355
probe=09  phase=main_screen           prior=(none, none)    eval=(27000, none)       cost=9/20   acc=0.8113
probe=10  phase=first_interval_probe  prior=(none, none)    eval=(5900, 2100)        cost=10/20  acc=0.9122
probe=11  phase=first_interval_probe  prior=(none, none)    eval=(9800, 3500)        cost=12/20  acc=0.9105
probe=12  phase=first_interval_probe  prior=(none, none)    eval=(1300, 3500)        cost=13/20  acc=0.9087
probe=13  phase=first_interval_probe  prior=(none, none)    eval=(3500, 1300)        cost=15/20  acc=0.9097
probe=14  phase=first_interval_probe  prior=(none, none)    eval=(16000, 5900)       cost=17/20  acc=0.9072
probe=15  phase=first_interval_probe  prior=(none, none)    eval=(3500, 9800)        cost=18/20  acc=0.9054
probe=16  phase=first_interval_probe  prior=(none, none)    eval=(460, 1300)         cost=20/20  acc=0.9035
source=cifar_search_improved_plots    shift=-4   interval=1  attr=head_lr         global=(main=3500,cooldown=770,acc=0.9290)      gap=0.0006
probe=01  phase=followup_transition   prior=(5900, 2100)    eval=(5900, 1300)        cost=2/10   acc=0.9284
probe=02  phase=followup_transition   prior=(5900, 2100)    eval=(170, 280)          cost=4/10   acc=0.9255
probe=03  phase=followup_transition   prior=(5900, 2100)    eval=(210000, 16000)     cost=6/10   acc=0.8914
probe=04  phase=followup_transition   prior=(5900, 2100)    eval=(9800, 770)         cost=8/10   acc=0.9261
probe=05  phase=followup_transition   prior=(5900, 2100)    eval=(3500, 76000)       cost=10/10  acc=0.9114
source=cifar_search_improved_plots    shift=-4   interval=2  attr=head_lr         global=(main=99,cooldown=99,acc=0.9355)         gap=0.0013
probe=01  phase=followup_transition   prior=(5900, 1300)    eval=(5900, 770)         cost=2/10   acc=0.9335
probe=02  phase=followup_transition   prior=(5900, 1300)    eval=(170, 170)          cost=4/10   acc=0.9342
probe=03  phase=followup_transition   prior=(5900, 1300)    eval=(210000, 9800)      cost=6/10   acc=0.9079
probe=04  phase=followup_transition   prior=(5900, 1300)    eval=(9800, 460)         cost=8/10   acc=0.9323
probe=05  phase=followup_transition   prior=(5900, 1300)    eval=(3500, 46000)       cost=10/10  acc=0.9276
source=cifar_search_improved_plots    shift=-4   interval=3  attr=head_lr         global=(main=3500,cooldown=1300,acc=0.9402)     gap=0.0007
probe=01  phase=followup_transition   prior=(170, 170)      eval=(170, 99)           cost=2/10   acc=0.9372
probe=02  phase=followup_transition   prior=(170, 170)      eval=(4.6, 21)           cost=4/10   acc=0.9382
probe=03  phase=followup_transition   prior=(170, 170)      eval=(5900, 1300)        cost=6/10   acc=0.9395
probe=04  phase=followup_transition   prior=(170, 170)      eval=(280, 60)           cost=8/10   acc=0.9375
probe=05  phase=followup_transition   prior=(170, 170)      eval=(99, 5900)          cost=10/10  acc=0.9392
source=cifar_search_improved_plots    shift=-3   interval=0  attr=head_lr         global=(main=3500,cooldown=13,acc=0.9128)       gap=0.0006
probe=01  phase=main_screen           prior=(none, none)    eval=(0.13, none)        cost=1/20   acc=0.8188
probe=02  phase=main_screen           prior=(none, none)    eval=(0.6, none)         cost=2/20   acc=0.8188
probe=03  phase=main_screen           prior=(none, none)    eval=(2.8, none)         cost=3/20   acc=0.8188
probe=04  phase=main_screen           prior=(none, none)    eval=(13, none)          cost=4/20   acc=0.8156
probe=05  phase=main_screen           prior=(none, none)    eval=(60, none)          cost=5/20   acc=0.8283
probe=06  phase=main_screen           prior=(none, none)    eval=(280, none)         cost=6/20   acc=0.8358
probe=07  phase=main_screen           prior=(none, none)    eval=(1300, none)        cost=7/20   acc=0.8366
probe=08  phase=main_screen           prior=(none, none)    eval=(5900, none)        cost=8/20   acc=0.8440
probe=09  phase=main_screen           prior=(none, none)    eval=(27000, none)       cost=9/20   acc=0.6620
probe=10  phase=first_interval_probe  prior=(none, none)    eval=(5900, 2100)        cost=10/20  acc=0.9105
probe=11  phase=first_interval_probe  prior=(none, none)    eval=(9800, 3500)        cost=12/20  acc=0.9072
probe=12  phase=first_interval_probe  prior=(none, none)    eval=(1300, 3500)        cost=13/20  acc=0.9086
probe=13  phase=first_interval_probe  prior=(none, none)    eval=(3500, 1300)        cost=15/20  acc=0.9122
probe=14  phase=first_interval_probe  prior=(none, none)    eval=(16000, 5900)       cost=17/20  acc=0.8983
probe=15  phase=first_interval_probe  prior=(none, none)    eval=(3500, 9800)        cost=18/20  acc=0.9090
probe=16  phase=first_interval_probe  prior=(none, none)    eval=(460, 1300)         cost=20/20  acc=0.9066
source=cifar_search_improved_plots    shift=-3   interval=1  attr=head_lr         global=(main=2100,cooldown=460,acc=0.9290)      gap=0.0006
probe=01  phase=followup_transition   prior=(3500, 1300)    eval=(3500, 770)         cost=2/10   acc=0.9284
probe=02  phase=followup_transition   prior=(3500, 1300)    eval=(99, 170)           cost=4/10   acc=0.9255
probe=03  phase=followup_transition   prior=(3500, 1300)    eval=(130000, 9800)      cost=6/10   acc=0.8914
probe=04  phase=followup_transition   prior=(3500, 1300)    eval=(5900, 460)         cost=8/10   acc=0.9261
probe=05  phase=followup_transition   prior=(3500, 1300)    eval=(2100, 46000)       cost=10/10  acc=0.9114
source=cifar_search_improved_plots    shift=-3   interval=2  attr=head_lr         global=(main=60,cooldown=60,acc=0.9355)         gap=0.0013
probe=01  phase=followup_transition   prior=(3500, 770)     eval=(3500, 460)         cost=2/10   acc=0.9335
probe=02  phase=followup_transition   prior=(3500, 770)     eval=(99, 99)            cost=4/10   acc=0.9342
probe=03  phase=followup_transition   prior=(3500, 770)     eval=(130000, 5900)      cost=6/10   acc=0.9079
probe=04  phase=followup_transition   prior=(3500, 770)     eval=(5900, 280)         cost=8/10   acc=0.9323
probe=05  phase=followup_transition   prior=(3500, 770)     eval=(2100, 27000)       cost=10/10  acc=0.9276
source=cifar_search_improved_plots    shift=-3   interval=3  attr=head_lr         global=(main=2100,cooldown=770,acc=0.9402)      gap=0.0007
probe=01  phase=followup_transition   prior=(99, 99)        eval=(99, 60)            cost=2/10   acc=0.9372
probe=02  phase=followup_transition   prior=(99, 99)        eval=(2.8, 13)           cost=4/10   acc=0.9382
probe=03  phase=followup_transition   prior=(99, 99)        eval=(3500, 770)         cost=6/10   acc=0.9395
probe=04  phase=followup_transition   prior=(99, 99)        eval=(170, 36)           cost=8/10   acc=0.9375
probe=05  phase=followup_transition   prior=(99, 99)        eval=(60, 3500)          cost=10/10  acc=0.9392
source=cifar_search_improved_plots    shift=-2   interval=0  attr=head_lr         global=(main=2100,cooldown=7.7,acc=0.9128)      gap=0.0006
probe=01  phase=main_screen           prior=(none, none)    eval=(0.13, none)        cost=1/20   acc=0.8188
probe=02  phase=main_screen           prior=(none, none)    eval=(0.6, none)         cost=2/20   acc=0.8188
probe=03  phase=main_screen           prior=(none, none)    eval=(2.8, none)         cost=3/20   acc=0.8188
probe=04  phase=main_screen           prior=(none, none)    eval=(13, none)          cost=4/20   acc=0.8200
probe=05  phase=main_screen           prior=(none, none)    eval=(60, none)          cost=5/20   acc=0.8301
probe=06  phase=main_screen           prior=(none, none)    eval=(280, none)         cost=6/20   acc=0.8418
probe=07  phase=main_screen           prior=(none, none)    eval=(1300, none)        cost=7/20   acc=0.8462
probe=08  phase=main_screen           prior=(none, none)    eval=(5900, none)        cost=8/20   acc=0.8311
probe=09  phase=main_screen           prior=(none, none)    eval=(27000, none)       cost=9/20   acc=0.2371
probe=10  phase=first_interval_probe  prior=(none, none)    eval=(1300, 460)         cost=10/20  acc=0.9097
probe=11  phase=first_interval_probe  prior=(none, none)    eval=(2100, 770)         cost=12/20  acc=0.9122
probe=12  phase=first_interval_probe  prior=(none, none)    eval=(280, 770)          cost=13/20  acc=0.9066
probe=13  phase=first_interval_probe  prior=(none, none)    eval=(770, 280)          cost=15/20  acc=0.9092
probe=14  phase=first_interval_probe  prior=(none, none)    eval=(3500, 1300)        cost=17/20  acc=0.9105
probe=15  phase=first_interval_probe  prior=(none, none)    eval=(770, 2100)         cost=18/20  acc=0.9086
probe=16  phase=first_interval_probe  prior=(none, none)    eval=(99, 280)           cost=20/20  acc=0.9035
source=cifar_search_improved_plots    shift=-2   interval=1  attr=head_lr         global=(main=1300,cooldown=280,acc=0.9290)      gap=0.0006
probe=01  phase=followup_transition   prior=(2100, 770)     eval=(2100, 460)         cost=2/10   acc=0.9284
probe=02  phase=followup_transition   prior=(2100, 770)     eval=(60, 99)            cost=4/10   acc=0.9255
probe=03  phase=followup_transition   prior=(2100, 770)     eval=(76000, 5900)       cost=6/10   acc=0.8914
probe=04  phase=followup_transition   prior=(2100, 770)     eval=(3500, 280)         cost=8/10   acc=0.9261
probe=05  phase=followup_transition   prior=(2100, 770)     eval=(1300, 27000)       cost=10/10  acc=0.9114
source=cifar_search_improved_plots    shift=-2   interval=2  attr=head_lr         global=(main=36,cooldown=36,acc=0.9355)         gap=0.0013
probe=01  phase=followup_transition   prior=(2100, 460)     eval=(2100, 280)         cost=2/10   acc=0.9335
probe=02  phase=followup_transition   prior=(2100, 460)     eval=(60, 60)            cost=4/10   acc=0.9342
probe=03  phase=followup_transition   prior=(2100, 460)     eval=(76000, 3500)       cost=6/10   acc=0.9079
probe=04  phase=followup_transition   prior=(2100, 460)     eval=(3500, 170)         cost=8/10   acc=0.9323
probe=05  phase=followup_transition   prior=(2100, 460)     eval=(1300, 16000)       cost=10/10  acc=0.9276
source=cifar_search_improved_plots    shift=-2   interval=3  attr=head_lr         global=(main=1300,cooldown=460,acc=0.9402)      gap=0.0007
probe=01  phase=followup_transition   prior=(60, 60)        eval=(60, 36)            cost=2/10   acc=0.9372
probe=02  phase=followup_transition   prior=(60, 60)        eval=(1.7, 7.7)          cost=4/10   acc=0.9382
probe=03  phase=followup_transition   prior=(60, 60)        eval=(2100, 460)         cost=6/10   acc=0.9395
probe=04  phase=followup_transition   prior=(60, 60)        eval=(99, 21)            cost=8/10   acc=0.9375
probe=05  phase=followup_transition   prior=(60, 60)        eval=(36, 2100)          cost=10/10  acc=0.9392
source=cifar_search_improved_plots    shift=-1   interval=0  attr=head_lr         global=(main=1300,cooldown=4.6,acc=0.9128)      gap=0.0006
probe=01  phase=main_screen           prior=(none, none)    eval=(0.13, none)        cost=1/20   acc=0.8188
probe=02  phase=main_screen           prior=(none, none)    eval=(0.6, none)         cost=2/20   acc=0.8188
probe=03  phase=main_screen           prior=(none, none)    eval=(2.8, none)         cost=3/20   acc=0.8191
probe=04  phase=main_screen           prior=(none, none)    eval=(13, none)          cost=4/20   acc=0.8305
probe=05  phase=main_screen           prior=(none, none)    eval=(60, none)          cost=5/20   acc=0.8310
probe=06  phase=main_screen           prior=(none, none)    eval=(280, none)         cost=6/20   acc=0.8351
probe=07  phase=main_screen           prior=(none, none)    eval=(1300, none)        cost=7/20   acc=0.8355
probe=08  phase=main_screen           prior=(none, none)    eval=(5900, none)        cost=8/20   acc=0.8113
probe=09  phase=main_screen           prior=(none, none)    eval=(27000, none)       cost=9/20   acc=0.1000
probe=10  phase=first_interval_probe  prior=(none, none)    eval=(1300, 460)         cost=10/20  acc=0.9122
probe=11  phase=first_interval_probe  prior=(none, none)    eval=(2100, 770)         cost=12/20  acc=0.9105
probe=12  phase=first_interval_probe  prior=(none, none)    eval=(280, 770)          cost=13/20  acc=0.9087
probe=13  phase=first_interval_probe  prior=(none, none)    eval=(770, 280)          cost=15/20  acc=0.9097
probe=14  phase=first_interval_probe  prior=(none, none)    eval=(3500, 1300)        cost=17/20  acc=0.9072
probe=15  phase=first_interval_probe  prior=(none, none)    eval=(770, 2100)         cost=18/20  acc=0.9054
probe=16  phase=first_interval_probe  prior=(none, none)    eval=(99, 280)           cost=20/20  acc=0.9035
source=cifar_search_improved_plots    shift=-1   interval=1  attr=head_lr         global=(main=770,cooldown=170,acc=0.9290)       gap=0.0006
probe=01  phase=followup_transition   prior=(1300, 460)     eval=(1300, 280)         cost=2/10   acc=0.9284
probe=02  phase=followup_transition   prior=(1300, 460)     eval=(36, 60)            cost=4/10   acc=0.9255
probe=03  phase=followup_transition   prior=(1300, 460)     eval=(46000, 3500)       cost=6/10   acc=0.8914
probe=04  phase=followup_transition   prior=(1300, 460)     eval=(2100, 170)         cost=8/10   acc=0.9261
probe=05  phase=followup_transition   prior=(1300, 460)     eval=(770, 16000)        cost=10/10  acc=0.9114
source=cifar_search_improved_plots    shift=-1   interval=2  attr=head_lr         global=(main=21,cooldown=21,acc=0.9355)         gap=0.0013
probe=01  phase=followup_transition   prior=(1300, 280)     eval=(1300, 170)         cost=2/10   acc=0.9335
probe=02  phase=followup_transition   prior=(1300, 280)     eval=(36, 36)            cost=4/10   acc=0.9342
probe=03  phase=followup_transition   prior=(1300, 280)     eval=(46000, 2100)       cost=6/10   acc=0.9079
probe=04  phase=followup_transition   prior=(1300, 280)     eval=(2100, 99)          cost=8/10   acc=0.9323
probe=05  phase=followup_transition   prior=(1300, 280)     eval=(770, 9800)         cost=10/10  acc=0.9276
source=cifar_search_improved_plots    shift=-1   interval=3  attr=head_lr         global=(main=770,cooldown=280,acc=0.9402)       gap=0.0007
probe=01  phase=followup_transition   prior=(36, 36)        eval=(36, 21)            cost=2/10   acc=0.9372
probe=02  phase=followup_transition   prior=(36, 36)        eval=(1, 4.6)            cost=4/10   acc=0.9382
probe=03  phase=followup_transition   prior=(36, 36)        eval=(1300, 280)         cost=6/10   acc=0.9395
probe=04  phase=followup_transition   prior=(36, 36)        eval=(60, 13)            cost=8/10   acc=0.9375
probe=05  phase=followup_transition   prior=(36, 36)        eval=(21, 1300)          cost=10/10  acc=0.9392
source=cifar_search_improved_plots    shift=0    interval=0  attr=head_lr         global=(main=770,cooldown=2.8,acc=0.9128)       gap=0.0006
probe=01  phase=main_screen           prior=(none, none)    eval=(0.13, none)        cost=1/20   acc=0.8188
probe=02  phase=main_screen           prior=(none, none)    eval=(0.6, none)         cost=2/20   acc=0.8188
probe=03  phase=main_screen           prior=(none, none)    eval=(2.8, none)         cost=3/20   acc=0.8156
probe=04  phase=main_screen           prior=(none, none)    eval=(13, none)          cost=4/20   acc=0.8283
probe=05  phase=main_screen           prior=(none, none)    eval=(60, none)          cost=5/20   acc=0.8358
probe=06  phase=main_screen           prior=(none, none)    eval=(280, none)         cost=6/20   acc=0.8366
probe=07  phase=main_screen           prior=(none, none)    eval=(1300, none)        cost=7/20   acc=0.8440
probe=08  phase=main_screen           prior=(none, none)    eval=(5900, none)        cost=8/20   acc=0.6620
probe=09  phase=main_screen           prior=(none, none)    eval=(27000, none)       cost=9/20   acc=0.1000
probe=10  phase=first_interval_probe  prior=(none, none)    eval=(1300, 460)         cost=10/20  acc=0.9105
probe=11  phase=first_interval_probe  prior=(none, none)    eval=(2100, 770)         cost=12/20  acc=0.9072
probe=12  phase=first_interval_probe  prior=(none, none)    eval=(280, 770)          cost=13/20  acc=0.9086
probe=13  phase=first_interval_probe  prior=(none, none)    eval=(770, 280)          cost=15/20  acc=0.9122
probe=14  phase=first_interval_probe  prior=(none, none)    eval=(3500, 1300)        cost=17/20  acc=0.8983
probe=15  phase=first_interval_probe  prior=(none, none)    eval=(770, 2100)         cost=18/20  acc=0.9090
probe=16  phase=first_interval_probe  prior=(none, none)    eval=(99, 280)           cost=20/20  acc=0.9066
source=cifar_search_improved_plots    shift=0    interval=1  attr=head_lr         global=(main=460,cooldown=99,acc=0.9290)        gap=0.0006
probe=01  phase=followup_transition   prior=(770, 280)      eval=(770, 170)          cost=2/10   acc=0.9284
probe=02  phase=followup_transition   prior=(770, 280)      eval=(21, 36)            cost=4/10   acc=0.9255
probe=03  phase=followup_transition   prior=(770, 280)      eval=(27000, 2100)       cost=6/10   acc=0.8914
probe=04  phase=followup_transition   prior=(770, 280)      eval=(1300, 99)          cost=8/10   acc=0.9261
probe=05  phase=followup_transition   prior=(770, 280)      eval=(460, 9800)         cost=10/10  acc=0.9114
source=cifar_search_improved_plots    shift=0    interval=2  attr=head_lr         global=(main=13,cooldown=13,acc=0.9355)         gap=0.0013
probe=01  phase=followup_transition   prior=(770, 170)      eval=(770, 99)           cost=2/10   acc=0.9335
probe=02  phase=followup_transition   prior=(770, 170)      eval=(21, 21)            cost=4/10   acc=0.9342
probe=03  phase=followup_transition   prior=(770, 170)      eval=(27000, 1300)       cost=6/10   acc=0.9079
probe=04  phase=followup_transition   prior=(770, 170)      eval=(1300, 60)          cost=8/10   acc=0.9323
probe=05  phase=followup_transition   prior=(770, 170)      eval=(460, 5900)         cost=10/10  acc=0.9276
source=cifar_search_improved_plots    shift=0    interval=3  attr=head_lr         global=(main=460,cooldown=170,acc=0.9402)       gap=0.0007
probe=01  phase=followup_transition   prior=(21, 21)        eval=(21, 13)            cost=2/10   acc=0.9372
probe=02  phase=followup_transition   prior=(21, 21)        eval=(0.6, 2.8)          cost=4/10   acc=0.9382
probe=03  phase=followup_transition   prior=(21, 21)        eval=(770, 170)          cost=6/10   acc=0.9395
probe=04  phase=followup_transition   prior=(21, 21)        eval=(36, 7.7)           cost=8/10   acc=0.9375
probe=05  phase=followup_transition   prior=(21, 21)        eval=(13, 770)           cost=10/10  acc=0.9392
source=cifar_search_improved_plots    shift=1    interval=0  attr=head_lr         global=(main=460,cooldown=1.7,acc=0.9128)       gap=0.0006
probe=01  phase=main_screen           prior=(none, none)    eval=(0.13, none)        cost=1/20   acc=0.8188
probe=02  phase=main_screen           prior=(none, none)    eval=(0.6, none)         cost=2/20   acc=0.8188
probe=03  phase=main_screen           prior=(none, none)    eval=(2.8, none)         cost=3/20   acc=0.8200
probe=04  phase=main_screen           prior=(none, none)    eval=(13, none)          cost=4/20   acc=0.8301
probe=05  phase=main_screen           prior=(none, none)    eval=(60, none)          cost=5/20   acc=0.8418
probe=06  phase=main_screen           prior=(none, none)    eval=(280, none)         cost=6/20   acc=0.8462
probe=07  phase=main_screen           prior=(none, none)    eval=(1300, none)        cost=7/20   acc=0.8311
probe=08  phase=main_screen           prior=(none, none)    eval=(5900, none)        cost=8/20   acc=0.2371
probe=09  phase=main_screen           prior=(none, none)    eval=(27000, none)       cost=9/20   acc=0.1000
probe=10  phase=first_interval_probe  prior=(none, none)    eval=(280, 99)           cost=10/20  acc=0.9097
probe=11  phase=first_interval_probe  prior=(none, none)    eval=(460, 170)          cost=12/20  acc=0.9122
probe=12  phase=first_interval_probe  prior=(none, none)    eval=(60, 170)           cost=13/20  acc=0.9066
probe=13  phase=first_interval_probe  prior=(none, none)    eval=(170, 60)           cost=15/20  acc=0.9092
probe=14  phase=first_interval_probe  prior=(none, none)    eval=(770, 280)          cost=17/20  acc=0.9105
probe=15  phase=first_interval_probe  prior=(none, none)    eval=(170, 460)          cost=18/20  acc=0.9086
probe=16  phase=first_interval_probe  prior=(none, none)    eval=(21, 60)            cost=20/20  acc=0.9035
source=cifar_search_improved_plots    shift=1    interval=1  attr=head_lr         global=(main=280,cooldown=60,acc=0.9290)        gap=0.0006
probe=01  phase=followup_transition   prior=(460, 170)      eval=(460, 99)           cost=2/10   acc=0.9284
probe=02  phase=followup_transition   prior=(460, 170)      eval=(13, 21)            cost=4/10   acc=0.9255
probe=03  phase=followup_transition   prior=(460, 170)      eval=(16000, 1300)       cost=6/10   acc=0.8914
probe=04  phase=followup_transition   prior=(460, 170)      eval=(770, 60)           cost=8/10   acc=0.9261
probe=05  phase=followup_transition   prior=(460, 170)      eval=(280, 5900)         cost=10/10  acc=0.9114
source=cifar_search_improved_plots    shift=1    interval=2  attr=head_lr         global=(main=7.7,cooldown=7.7,acc=0.9355)       gap=0.0013
probe=01  phase=followup_transition   prior=(460, 99)       eval=(460, 60)           cost=2/10   acc=0.9335
probe=02  phase=followup_transition   prior=(460, 99)       eval=(13, 13)            cost=4/10   acc=0.9342
probe=03  phase=followup_transition   prior=(460, 99)       eval=(16000, 770)        cost=6/10   acc=0.9079
probe=04  phase=followup_transition   prior=(460, 99)       eval=(770, 36)           cost=8/10   acc=0.9323
probe=05  phase=followup_transition   prior=(460, 99)       eval=(280, 3500)         cost=10/10  acc=0.9276
source=cifar_search_improved_plots    shift=1    interval=3  attr=head_lr         global=(main=280,cooldown=99,acc=0.9402)        gap=0.0007
probe=01  phase=followup_transition   prior=(13, 13)        eval=(13, 7.7)           cost=2/10   acc=0.9372
probe=02  phase=followup_transition   prior=(13, 13)        eval=(0.36, 1.7)         cost=4/10   acc=0.9382
probe=03  phase=followup_transition   prior=(13, 13)        eval=(460, 99)           cost=6/10   acc=0.9395
probe=04  phase=followup_transition   prior=(13, 13)        eval=(21, 4.6)           cost=8/10   acc=0.9375
probe=05  phase=followup_transition   prior=(13, 13)        eval=(7.7, 460)          cost=10/10  acc=0.9392
source=cifar_search_improved_plots    shift=2    interval=0  attr=head_lr         global=(main=280,cooldown=1,acc=0.9128)         gap=0.0006
probe=01  phase=main_screen           prior=(none, none)    eval=(0.13, none)        cost=1/20   acc=0.8188
probe=02  phase=main_screen           prior=(none, none)    eval=(0.6, none)         cost=2/20   acc=0.8191
probe=03  phase=main_screen           prior=(none, none)    eval=(2.8, none)         cost=3/20   acc=0.8305
probe=04  phase=main_screen           prior=(none, none)    eval=(13, none)          cost=4/20   acc=0.8310
probe=05  phase=main_screen           prior=(none, none)    eval=(60, none)          cost=5/20   acc=0.8351
probe=06  phase=main_screen           prior=(none, none)    eval=(280, none)         cost=6/20   acc=0.8355
probe=07  phase=main_screen           prior=(none, none)    eval=(1300, none)        cost=7/20   acc=0.8113
probe=08  phase=main_screen           prior=(none, none)    eval=(5900, none)        cost=8/20   acc=0.1000
probe=09  phase=main_screen           prior=(none, none)    eval=(27000, none)       cost=9/20   acc=0.1000
probe=10  phase=first_interval_probe  prior=(none, none)    eval=(280, 99)           cost=10/20  acc=0.9122
probe=11  phase=first_interval_probe  prior=(none, none)    eval=(460, 170)          cost=12/20  acc=0.9105
probe=12  phase=first_interval_probe  prior=(none, none)    eval=(60, 170)           cost=13/20  acc=0.9087
probe=13  phase=first_interval_probe  prior=(none, none)    eval=(170, 60)           cost=15/20  acc=0.9097
probe=14  phase=first_interval_probe  prior=(none, none)    eval=(770, 280)          cost=17/20  acc=0.9072
probe=15  phase=first_interval_probe  prior=(none, none)    eval=(170, 460)          cost=18/20  acc=0.9054
probe=16  phase=first_interval_probe  prior=(none, none)    eval=(21, 60)            cost=20/20  acc=0.9035
source=cifar_search_improved_plots    shift=2    interval=1  attr=head_lr         global=(main=170,cooldown=36,acc=0.9290)        gap=0.0006
probe=01  phase=followup_transition   prior=(280, 99)       eval=(280, 60)           cost=2/10   acc=0.9284
probe=02  phase=followup_transition   prior=(280, 99)       eval=(7.7, 13)           cost=4/10   acc=0.9255
probe=03  phase=followup_transition   prior=(280, 99)       eval=(9800, 770)         cost=6/10   acc=0.8914
probe=04  phase=followup_transition   prior=(280, 99)       eval=(460, 36)           cost=8/10   acc=0.9261
probe=05  phase=followup_transition   prior=(280, 99)       eval=(170, 3500)         cost=10/10  acc=0.9114
source=cifar_search_improved_plots    shift=2    interval=2  attr=head_lr         global=(main=4.6,cooldown=4.6,acc=0.9355)       gap=0.0013
probe=01  phase=followup_transition   prior=(280, 60)       eval=(280, 36)           cost=2/10   acc=0.9335
probe=02  phase=followup_transition   prior=(280, 60)       eval=(7.7, 7.7)          cost=4/10   acc=0.9342
probe=03  phase=followup_transition   prior=(280, 60)       eval=(9800, 460)         cost=6/10   acc=0.9079
probe=04  phase=followup_transition   prior=(280, 60)       eval=(460, 21)           cost=8/10   acc=0.9323
probe=05  phase=followup_transition   prior=(280, 60)       eval=(170, 2100)         cost=10/10  acc=0.9276
source=cifar_search_improved_plots    shift=2    interval=3  attr=head_lr         global=(main=170,cooldown=60,acc=0.9402)        gap=0.0007
probe=01  phase=followup_transition   prior=(7.7, 7.7)      eval=(7.7, 4.6)          cost=2/10   acc=0.9372
probe=02  phase=followup_transition   prior=(7.7, 7.7)      eval=(0.22, 1)           cost=4/10   acc=0.9382
probe=03  phase=followup_transition   prior=(7.7, 7.7)      eval=(280, 60)           cost=6/10   acc=0.9395
probe=04  phase=followup_transition   prior=(7.7, 7.7)      eval=(13, 2.8)           cost=8/10   acc=0.9375
probe=05  phase=followup_transition   prior=(7.7, 7.7)      eval=(4.6, 280)          cost=10/10  acc=0.9392
source=cifar_search_improved_plots    shift=3    interval=0  attr=head_lr         global=(main=170,cooldown=0.6,acc=0.9128)       gap=0.0006
probe=01  phase=main_screen           prior=(none, none)    eval=(0.13, none)        cost=1/20   acc=0.8188
probe=02  phase=main_screen           prior=(none, none)    eval=(0.6, none)         cost=2/20   acc=0.8156
probe=03  phase=main_screen           prior=(none, none)    eval=(2.8, none)         cost=3/20   acc=0.8283
probe=04  phase=main_screen           prior=(none, none)    eval=(13, none)          cost=4/20   acc=0.8358
probe=05  phase=main_screen           prior=(none, none)    eval=(60, none)          cost=5/20   acc=0.8366
probe=06  phase=main_screen           prior=(none, none)    eval=(280, none)         cost=6/20   acc=0.8440
probe=07  phase=main_screen           prior=(none, none)    eval=(1300, none)        cost=7/20   acc=0.6620
probe=08  phase=main_screen           prior=(none, none)    eval=(5900, none)        cost=8/20   acc=0.1000
probe=09  phase=main_screen           prior=(none, none)    eval=(27000, none)       cost=9/20   acc=0.1000
probe=10  phase=first_interval_probe  prior=(none, none)    eval=(280, 99)           cost=10/20  acc=0.9105
probe=11  phase=first_interval_probe  prior=(none, none)    eval=(460, 170)          cost=12/20  acc=0.9072
probe=12  phase=first_interval_probe  prior=(none, none)    eval=(60, 170)           cost=13/20  acc=0.9086
probe=13  phase=first_interval_probe  prior=(none, none)    eval=(170, 60)           cost=15/20  acc=0.9122
probe=14  phase=first_interval_probe  prior=(none, none)    eval=(770, 280)          cost=17/20  acc=0.8983
probe=15  phase=first_interval_probe  prior=(none, none)    eval=(170, 460)          cost=18/20  acc=0.9090
probe=16  phase=first_interval_probe  prior=(none, none)    eval=(21, 60)            cost=20/20  acc=0.9066
source=cifar_search_improved_plots    shift=3    interval=1  attr=head_lr         global=(main=99,cooldown=21,acc=0.9290)         gap=0.0006
probe=01  phase=followup_transition   prior=(170, 60)       eval=(170, 36)           cost=2/10   acc=0.9284
probe=02  phase=followup_transition   prior=(170, 60)       eval=(4.6, 7.7)          cost=4/10   acc=0.9255
probe=03  phase=followup_transition   prior=(170, 60)       eval=(5900, 460)         cost=6/10   acc=0.8914
probe=04  phase=followup_transition   prior=(170, 60)       eval=(280, 21)           cost=8/10   acc=0.9261
probe=05  phase=followup_transition   prior=(170, 60)       eval=(99, 2100)          cost=10/10  acc=0.9114
source=cifar_search_improved_plots    shift=3    interval=2  attr=head_lr         global=(main=2.8,cooldown=2.8,acc=0.9355)       gap=0.0013
probe=01  phase=followup_transition   prior=(170, 36)       eval=(170, 21)           cost=2/10   acc=0.9335
probe=02  phase=followup_transition   prior=(170, 36)       eval=(4.6, 4.6)          cost=4/10   acc=0.9342
probe=03  phase=followup_transition   prior=(170, 36)       eval=(5900, 280)         cost=6/10   acc=0.9079
probe=04  phase=followup_transition   prior=(170, 36)       eval=(280, 13)           cost=8/10   acc=0.9323
probe=05  phase=followup_transition   prior=(170, 36)       eval=(99, 1300)          cost=10/10  acc=0.9276
source=cifar_search_improved_plots    shift=3    interval=3  attr=head_lr         global=(main=99,cooldown=36,acc=0.9402)         gap=0.0007
probe=01  phase=followup_transition   prior=(4.6, 4.6)      eval=(4.6, 2.8)          cost=2/10   acc=0.9372
probe=02  phase=followup_transition   prior=(4.6, 4.6)      eval=(0.13, 0.6)         cost=4/10   acc=0.9382
probe=03  phase=followup_transition   prior=(4.6, 4.6)      eval=(170, 36)           cost=6/10   acc=0.9395
probe=04  phase=followup_transition   prior=(4.6, 4.6)      eval=(7.7, 1.7)          cost=8/10   acc=0.9375
probe=05  phase=followup_transition   prior=(4.6, 4.6)      eval=(2.8, 170)          cost=10/10  acc=0.9392
source=cifar_search_improved_plots    shift=4    interval=0  attr=head_lr         global=(main=99,cooldown=0.36,acc=0.9128)       gap=0.0006
probe=01  phase=main_screen           prior=(none, none)    eval=(0.13, none)        cost=1/20   acc=0.8188
probe=02  phase=main_screen           prior=(none, none)    eval=(0.6, none)         cost=2/20   acc=0.8200
probe=03  phase=main_screen           prior=(none, none)    eval=(2.8, none)         cost=3/20   acc=0.8301
probe=04  phase=main_screen           prior=(none, none)    eval=(13, none)          cost=4/20   acc=0.8418
probe=05  phase=main_screen           prior=(none, none)    eval=(60, none)          cost=5/20   acc=0.8462
probe=06  phase=main_screen           prior=(none, none)    eval=(280, none)         cost=6/20   acc=0.8311
probe=07  phase=main_screen           prior=(none, none)    eval=(1300, none)        cost=7/20   acc=0.2371
probe=08  phase=main_screen           prior=(none, none)    eval=(5900, none)        cost=8/20   acc=0.1000
probe=09  phase=main_screen           prior=(none, none)    eval=(27000, none)       cost=9/20   acc=0.1000
probe=10  phase=first_interval_probe  prior=(none, none)    eval=(60, 21)            cost=10/20  acc=0.9097
probe=11  phase=first_interval_probe  prior=(none, none)    eval=(99, 36)            cost=12/20  acc=0.9122
probe=12  phase=first_interval_probe  prior=(none, none)    eval=(13, 36)            cost=13/20  acc=0.9066
probe=13  phase=first_interval_probe  prior=(none, none)    eval=(36, 13)            cost=15/20  acc=0.9092
probe=14  phase=first_interval_probe  prior=(none, none)    eval=(170, 60)           cost=17/20  acc=0.9105
probe=15  phase=first_interval_probe  prior=(none, none)    eval=(36, 99)            cost=18/20  acc=0.9086
probe=16  phase=first_interval_probe  prior=(none, none)    eval=(4.6, 13)           cost=20/20  acc=0.9035
source=cifar_search_improved_plots    shift=4    interval=1  attr=head_lr         global=(main=60,cooldown=13,acc=0.9290)         gap=0.0006
probe=01  phase=followup_transition   prior=(99, 36)        eval=(99, 21)            cost=2/10   acc=0.9284
probe=02  phase=followup_transition   prior=(99, 36)        eval=(2.8, 4.6)          cost=4/10   acc=0.9255
probe=03  phase=followup_transition   prior=(99, 36)        eval=(3500, 280)         cost=6/10   acc=0.8914
probe=04  phase=followup_transition   prior=(99, 36)        eval=(170, 13)           cost=8/10   acc=0.9261
probe=05  phase=followup_transition   prior=(99, 36)        eval=(60, 1300)          cost=10/10  acc=0.9114
source=cifar_search_improved_plots    shift=4    interval=2  attr=head_lr         global=(main=1.7,cooldown=1.7,acc=0.9355)       gap=0.0013
probe=01  phase=followup_transition   prior=(99, 21)        eval=(99, 13)            cost=2/10   acc=0.9335
probe=02  phase=followup_transition   prior=(99, 21)        eval=(2.8, 2.8)          cost=4/10   acc=0.9342
probe=03  phase=followup_transition   prior=(99, 21)        eval=(3500, 170)         cost=6/10   acc=0.9079
probe=04  phase=followup_transition   prior=(99, 21)        eval=(170, 7.7)          cost=8/10   acc=0.9323
probe=05  phase=followup_transition   prior=(99, 21)        eval=(60, 770)           cost=10/10  acc=0.9276
source=cifar_search_improved_plots    shift=4    interval=3  attr=head_lr         global=(main=60,cooldown=21,acc=0.9402)         gap=0.0007
probe=01  phase=followup_transition   prior=(2.8, 2.8)      eval=(2.8, 1.7)          cost=2/10   acc=0.9372
probe=02  phase=followup_transition   prior=(2.8, 2.8)      eval=(0.078, 0.36)       cost=4/10   acc=0.9382
probe=03  phase=followup_transition   prior=(2.8, 2.8)      eval=(99, 21)            cost=6/10   acc=0.9395
probe=04  phase=followup_transition   prior=(2.8, 2.8)      eval=(4.6, 1)            cost=8/10   acc=0.9375
probe=05  phase=followup_transition   prior=(2.8, 2.8)      eval=(1.7, 99)           cost=10/10  acc=0.9392
source=cifar_search_improved_plots    shift=5    interval=0  attr=head_lr         global=(main=60,cooldown=0.22,acc=0.9128)       gap=0.0006
probe=01  phase=main_screen           prior=(none, none)    eval=(0.13, none)        cost=1/20   acc=0.8191
probe=02  phase=main_screen           prior=(none, none)    eval=(0.6, none)         cost=2/20   acc=0.8305
probe=03  phase=main_screen           prior=(none, none)    eval=(2.8, none)         cost=3/20   acc=0.8310
probe=04  phase=main_screen           prior=(none, none)    eval=(13, none)          cost=4/20   acc=0.8351
probe=05  phase=main_screen           prior=(none, none)    eval=(60, none)          cost=5/20   acc=0.8355
probe=06  phase=main_screen           prior=(none, none)    eval=(280, none)         cost=6/20   acc=0.8113
probe=07  phase=main_screen           prior=(none, none)    eval=(1300, none)        cost=7/20   acc=0.1000
probe=08  phase=main_screen           prior=(none, none)    eval=(5900, none)        cost=8/20   acc=0.1000
probe=09  phase=main_screen           prior=(none, none)    eval=(27000, none)       cost=9/20   acc=0.1000
probe=10  phase=first_interval_probe  prior=(none, none)    eval=(60, 21)            cost=10/20  acc=0.9122
probe=11  phase=first_interval_probe  prior=(none, none)    eval=(99, 36)            cost=12/20  acc=0.9105
probe=12  phase=first_interval_probe  prior=(none, none)    eval=(13, 36)            cost=13/20  acc=0.9087
probe=13  phase=first_interval_probe  prior=(none, none)    eval=(36, 13)            cost=15/20  acc=0.9097
probe=14  phase=first_interval_probe  prior=(none, none)    eval=(170, 60)           cost=17/20  acc=0.9072
probe=15  phase=first_interval_probe  prior=(none, none)    eval=(36, 99)            cost=18/20  acc=0.9054
probe=16  phase=first_interval_probe  prior=(none, none)    eval=(4.6, 13)           cost=20/20  acc=0.9035
source=cifar_search_improved_plots    shift=5    interval=1  attr=head_lr         global=(main=36,cooldown=7.7,acc=0.9290)        gap=0.0006
probe=01  phase=followup_transition   prior=(60, 21)        eval=(60, 13)            cost=2/10   acc=0.9284
probe=02  phase=followup_transition   prior=(60, 21)        eval=(1.7, 2.8)          cost=4/10   acc=0.9255
probe=03  phase=followup_transition   prior=(60, 21)        eval=(2100, 170)         cost=6/10   acc=0.8914
probe=04  phase=followup_transition   prior=(60, 21)        eval=(99, 7.7)           cost=8/10   acc=0.9261
probe=05  phase=followup_transition   prior=(60, 21)        eval=(36, 770)           cost=10/10  acc=0.9114
source=cifar_search_improved_plots    shift=5    interval=2  attr=head_lr         global=(main=1,cooldown=1,acc=0.9355)           gap=0.0013
probe=01  phase=followup_transition   prior=(60, 13)        eval=(60, 7.7)           cost=2/10   acc=0.9335
probe=02  phase=followup_transition   prior=(60, 13)        eval=(1.7, 1.7)          cost=4/10   acc=0.9342
probe=03  phase=followup_transition   prior=(60, 13)        eval=(2100, 99)          cost=6/10   acc=0.9079
probe=04  phase=followup_transition   prior=(60, 13)        eval=(99, 4.6)           cost=8/10   acc=0.9323
probe=05  phase=followup_transition   prior=(60, 13)        eval=(36, 460)           cost=10/10  acc=0.9276
source=cifar_search_improved_plots    shift=5    interval=3  attr=head_lr         global=(main=36,cooldown=13,acc=0.9402)         gap=0.0007
probe=01  phase=followup_transition   prior=(1.7, 1.7)      eval=(1.7, 1)            cost=2/10   acc=0.9372
probe=02  phase=followup_transition   prior=(1.7, 1.7)      eval=(0.047, 0.22)       cost=4/10   acc=0.9382
probe=03  phase=followup_transition   prior=(1.7, 1.7)      eval=(60, 13)            cost=6/10   acc=0.9395
probe=04  phase=followup_transition   prior=(1.7, 1.7)      eval=(2.8, 0.6)          cost=8/10   acc=0.9375
probe=05  phase=followup_transition   prior=(1.7, 1.7)      eval=(1, 60)             cost=10/10  acc=0.9392
source=cifar_search_improved_plots    shift=6    interval=0  attr=head_lr         global=(main=36,cooldown=0.13,acc=0.9128)       gap=0.0006
probe=01  phase=main_screen           prior=(none, none)    eval=(0.13, none)        cost=1/20   acc=0.8156
probe=02  phase=main_screen           prior=(none, none)    eval=(0.6, none)         cost=2/20   acc=0.8283
probe=03  phase=main_screen           prior=(none, none)    eval=(2.8, none)         cost=3/20   acc=0.8358
probe=04  phase=main_screen           prior=(none, none)    eval=(13, none)          cost=4/20   acc=0.8366
probe=05  phase=main_screen           prior=(none, none)    eval=(60, none)          cost=5/20   acc=0.8440
probe=06  phase=main_screen           prior=(none, none)    eval=(280, none)         cost=6/20   acc=0.6620
probe=07  phase=main_screen           prior=(none, none)    eval=(1300, none)        cost=7/20   acc=0.1000
probe=08  phase=main_screen           prior=(none, none)    eval=(5900, none)        cost=8/20   acc=0.1000
probe=09  phase=main_screen           prior=(none, none)    eval=(27000, none)       cost=9/20   acc=0.1000
probe=10  phase=first_interval_probe  prior=(none, none)    eval=(60, 21)            cost=10/20  acc=0.9105
probe=11  phase=first_interval_probe  prior=(none, none)    eval=(99, 36)            cost=12/20  acc=0.9072
probe=12  phase=first_interval_probe  prior=(none, none)    eval=(13, 36)            cost=13/20  acc=0.9086
probe=13  phase=first_interval_probe  prior=(none, none)    eval=(36, 13)            cost=15/20  acc=0.9122
probe=14  phase=first_interval_probe  prior=(none, none)    eval=(170, 60)           cost=17/20  acc=0.8983
probe=15  phase=first_interval_probe  prior=(none, none)    eval=(36, 99)            cost=18/20  acc=0.9090
probe=16  phase=first_interval_probe  prior=(none, none)    eval=(4.6, 13)           cost=20/20  acc=0.9066
source=cifar_search_improved_plots    shift=6    interval=1  attr=head_lr         global=(main=21,cooldown=4.6,acc=0.9290)        gap=0.0006
probe=01  phase=followup_transition   prior=(36, 13)        eval=(36, 7.7)           cost=2/10   acc=0.9284
probe=02  phase=followup_transition   prior=(36, 13)        eval=(1, 1.7)            cost=4/10   acc=0.9255
probe=03  phase=followup_transition   prior=(36, 13)        eval=(1300, 99)          cost=6/10   acc=0.8914
probe=04  phase=followup_transition   prior=(36, 13)        eval=(60, 4.6)           cost=8/10   acc=0.9261
probe=05  phase=followup_transition   prior=(36, 13)        eval=(21, 460)           cost=10/10  acc=0.9114
source=cifar_search_improved_plots    shift=6    interval=2  attr=head_lr         global=(main=0.6,cooldown=0.6,acc=0.9355)       gap=0.0013
probe=01  phase=followup_transition   prior=(36, 7.7)       eval=(36, 4.6)           cost=2/10   acc=0.9335
probe=02  phase=followup_transition   prior=(36, 7.7)       eval=(1, 1)              cost=4/10   acc=0.9342
probe=03  phase=followup_transition   prior=(36, 7.7)       eval=(1300, 60)          cost=6/10   acc=0.9079
probe=04  phase=followup_transition   prior=(36, 7.7)       eval=(60, 2.8)           cost=8/10   acc=0.9323
probe=05  phase=followup_transition   prior=(36, 7.7)       eval=(21, 280)           cost=10/10  acc=0.9276
source=cifar_search_improved_plots    shift=6    interval=3  attr=head_lr         global=(main=21,cooldown=7.7,acc=0.9402)        gap=0.0007
probe=01  phase=followup_transition   prior=(1, 1)          eval=(1, 0.6)            cost=2/10   acc=0.9372
probe=02  phase=followup_transition   prior=(1, 1)          eval=(0.028, 0.13)       cost=4/10   acc=0.9382
probe=03  phase=followup_transition   prior=(1, 1)          eval=(36, 7.7)           cost=6/10   acc=0.9395
probe=04  phase=followup_transition   prior=(1, 1)          eval=(1.7, 0.36)         cost=8/10   acc=0.9375
probe=05  phase=followup_transition   prior=(1, 1)          eval=(0.6, 36)           cost=10/10  acc=0.9392
source=cifar_search_improved_plots    shift=7    interval=0  attr=head_lr         global=(main=21,cooldown=0.078,acc=0.9128)      gap=0.0006
probe=01  phase=main_screen           prior=(none, none)    eval=(0.13, none)        cost=1/20   acc=0.8200
probe=02  phase=main_screen           prior=(none, none)    eval=(0.6, none)         cost=2/20   acc=0.8301
probe=03  phase=main_screen           prior=(none, none)    eval=(2.8, none)         cost=3/20   acc=0.8418
probe=04  phase=main_screen           prior=(none, none)    eval=(13, none)          cost=4/20   acc=0.8462
probe=05  phase=main_screen           prior=(none, none)    eval=(60, none)          cost=5/20   acc=0.8311
probe=06  phase=main_screen           prior=(none, none)    eval=(280, none)         cost=6/20   acc=0.2371
probe=07  phase=main_screen           prior=(none, none)    eval=(1300, none)        cost=7/20   acc=0.1000
probe=08  phase=main_screen           prior=(none, none)    eval=(5900, none)        cost=8/20   acc=0.1000
probe=09  phase=main_screen           prior=(none, none)    eval=(27000, none)       cost=9/20   acc=0.1000
probe=10  phase=first_interval_probe  prior=(none, none)    eval=(13, 4.6)           cost=10/20  acc=0.9097
probe=11  phase=first_interval_probe  prior=(none, none)    eval=(21, 7.7)           cost=12/20  acc=0.9122
probe=12  phase=first_interval_probe  prior=(none, none)    eval=(2.8, 7.7)          cost=13/20  acc=0.9066
probe=13  phase=first_interval_probe  prior=(none, none)    eval=(7.7, 2.8)          cost=15/20  acc=0.9092
probe=14  phase=first_interval_probe  prior=(none, none)    eval=(36, 13)            cost=17/20  acc=0.9105
probe=15  phase=first_interval_probe  prior=(none, none)    eval=(7.7, 21)           cost=18/20  acc=0.9086
probe=16  phase=first_interval_probe  prior=(none, none)    eval=(1, 2.8)            cost=20/20  acc=0.9035
source=cifar_search_improved_plots    shift=7    interval=1  attr=head_lr         global=(main=13,cooldown=2.8,acc=0.9290)        gap=0.0006
probe=01  phase=followup_transition   prior=(21, 7.7)       eval=(21, 4.6)           cost=2/10   acc=0.9284
probe=02  phase=followup_transition   prior=(21, 7.7)       eval=(0.6, 1)            cost=4/10   acc=0.9255
probe=03  phase=followup_transition   prior=(21, 7.7)       eval=(770, 60)           cost=6/10   acc=0.8914
probe=04  phase=followup_transition   prior=(21, 7.7)       eval=(36, 2.8)           cost=8/10   acc=0.9261
probe=05  phase=followup_transition   prior=(21, 7.7)       eval=(13, 280)           cost=10/10  acc=0.9114
source=cifar_search_improved_plots    shift=7    interval=2  attr=head_lr         global=(main=0.36,cooldown=0.36,acc=0.9355)     gap=0.0013
probe=01  phase=followup_transition   prior=(21, 4.6)       eval=(21, 2.8)           cost=2/10   acc=0.9335
probe=02  phase=followup_transition   prior=(21, 4.6)       eval=(0.6, 0.6)          cost=4/10   acc=0.9342
probe=03  phase=followup_transition   prior=(21, 4.6)       eval=(770, 36)           cost=6/10   acc=0.9079
probe=04  phase=followup_transition   prior=(21, 4.6)       eval=(36, 1.7)           cost=8/10   acc=0.9323
probe=05  phase=followup_transition   prior=(21, 4.6)       eval=(13, 170)           cost=10/10  acc=0.9276
source=cifar_search_improved_plots    shift=7    interval=3  attr=head_lr         global=(main=13,cooldown=4.6,acc=0.9402)        gap=0.0007
probe=01  phase=followup_transition   prior=(0.6, 0.6)      eval=(0.6, 0.36)         cost=2/10   acc=0.9372
probe=02  phase=followup_transition   prior=(0.6, 0.6)      eval=(0.017, 0.078)      cost=4/10   acc=0.9382
probe=03  phase=followup_transition   prior=(0.6, 0.6)      eval=(21, 4.6)           cost=6/10   acc=0.9395
probe=04  phase=followup_transition   prior=(0.6, 0.6)      eval=(1, 0.22)           cost=8/10   acc=0.9375
probe=05  phase=followup_transition   prior=(0.6, 0.6)      eval=(0.36, 21)          cost=10/10  acc=0.9392
source=cifar_search_improved_plots    shift=8    interval=0  attr=head_lr         global=(main=13,cooldown=0.047,acc=0.9128)      gap=0.0006
probe=01  phase=main_screen           prior=(none, none)    eval=(0.13, none)        cost=1/20   acc=0.8305
probe=02  phase=main_screen           prior=(none, none)    eval=(0.6, none)         cost=2/20   acc=0.8310
probe=03  phase=main_screen           prior=(none, none)    eval=(2.8, none)         cost=3/20   acc=0.8351
probe=04  phase=main_screen           prior=(none, none)    eval=(13, none)          cost=4/20   acc=0.8355
probe=05  phase=main_screen           prior=(none, none)    eval=(60, none)          cost=5/20   acc=0.8113
probe=06  phase=main_screen           prior=(none, none)    eval=(280, none)         cost=6/20   acc=0.1000
probe=07  phase=main_screen           prior=(none, none)    eval=(1300, none)        cost=7/20   acc=0.1000
probe=08  phase=main_screen           prior=(none, none)    eval=(5900, none)        cost=8/20   acc=0.1000
probe=09  phase=main_screen           prior=(none, none)    eval=(27000, none)       cost=9/20   acc=0.1000
probe=10  phase=first_interval_probe  prior=(none, none)    eval=(13, 4.6)           cost=10/20  acc=0.9122
probe=11  phase=first_interval_probe  prior=(none, none)    eval=(21, 7.7)           cost=12/20  acc=0.9105
probe=12  phase=first_interval_probe  prior=(none, none)    eval=(2.8, 7.7)          cost=13/20  acc=0.9087
probe=13  phase=first_interval_probe  prior=(none, none)    eval=(7.7, 2.8)          cost=15/20  acc=0.9097
probe=14  phase=first_interval_probe  prior=(none, none)    eval=(36, 13)            cost=17/20  acc=0.9072
probe=15  phase=first_interval_probe  prior=(none, none)    eval=(7.7, 21)           cost=18/20  acc=0.9054
probe=16  phase=first_interval_probe  prior=(none, none)    eval=(1, 2.8)            cost=20/20  acc=0.9035
source=cifar_search_improved_plots    shift=8    interval=1  attr=head_lr         global=(main=7.7,cooldown=1.7,acc=0.9290)       gap=0.0006
probe=01  phase=followup_transition   prior=(13, 4.6)       eval=(13, 2.8)           cost=2/10   acc=0.9284
probe=02  phase=followup_transition   prior=(13, 4.6)       eval=(0.36, 0.6)         cost=4/10   acc=0.9255
probe=03  phase=followup_transition   prior=(13, 4.6)       eval=(460, 36)           cost=6/10   acc=0.8914
probe=04  phase=followup_transition   prior=(13, 4.6)       eval=(21, 1.7)           cost=8/10   acc=0.9261
probe=05  phase=followup_transition   prior=(13, 4.6)       eval=(7.7, 170)          cost=10/10  acc=0.9114
source=cifar_search_improved_plots    shift=8    interval=2  attr=head_lr         global=(main=0.22,cooldown=0.22,acc=0.9355)     gap=0.0013
probe=01  phase=followup_transition   prior=(13, 2.8)       eval=(13, 1.7)           cost=2/10   acc=0.9335
probe=02  phase=followup_transition   prior=(13, 2.8)       eval=(0.36, 0.36)        cost=4/10   acc=0.9342
probe=03  phase=followup_transition   prior=(13, 2.8)       eval=(460, 21)           cost=6/10   acc=0.9079
probe=04  phase=followup_transition   prior=(13, 2.8)       eval=(21, 1)             cost=8/10   acc=0.9323
probe=05  phase=followup_transition   prior=(13, 2.8)       eval=(7.7, 99)           cost=10/10  acc=0.9276
source=cifar_search_improved_plots    shift=8    interval=3  attr=head_lr         global=(main=7.7,cooldown=2.8,acc=0.9402)       gap=0.0007
probe=01  phase=followup_transition   prior=(0.36, 0.36)    eval=(0.36, 0.22)        cost=2/10   acc=0.9372
probe=02  phase=followup_transition   prior=(0.36, 0.36)    eval=(0.01, 0.047)       cost=4/10   acc=0.9382
probe=03  phase=followup_transition   prior=(0.36, 0.36)    eval=(13, 2.8)           cost=6/10   acc=0.9395
probe=04  phase=followup_transition   prior=(0.36, 0.36)    eval=(0.6, 0.13)         cost=8/10   acc=0.9375
probe=05  phase=followup_transition   prior=(0.36, 0.36)    eval=(0.22, 13)          cost=10/10  acc=0.9392
source=cifar_search_improved_plots    shift=9    interval=0  attr=head_lr         global=(main=7.7,cooldown=0.028,acc=0.9128)     gap=0.0006
probe=01  phase=main_screen           prior=(none, none)    eval=(0.13, none)        cost=1/20   acc=0.8283
probe=02  phase=main_screen           prior=(none, none)    eval=(0.6, none)         cost=2/20   acc=0.8358
probe=03  phase=main_screen           prior=(none, none)    eval=(2.8, none)         cost=3/20   acc=0.8366
probe=04  phase=main_screen           prior=(none, none)    eval=(13, none)          cost=4/20   acc=0.8440
probe=05  phase=main_screen           prior=(none, none)    eval=(60, none)          cost=5/20   acc=0.6620
probe=06  phase=main_screen           prior=(none, none)    eval=(280, none)         cost=6/20   acc=0.1000
probe=07  phase=main_screen           prior=(none, none)    eval=(1300, none)        cost=7/20   acc=0.1000
probe=08  phase=main_screen           prior=(none, none)    eval=(5900, none)        cost=8/20   acc=0.1000
probe=09  phase=main_screen           prior=(none, none)    eval=(27000, none)       cost=9/20   acc=0.1000
probe=10  phase=first_interval_probe  prior=(none, none)    eval=(13, 4.6)           cost=10/20  acc=0.9105
probe=11  phase=first_interval_probe  prior=(none, none)    eval=(21, 7.7)           cost=12/20  acc=0.9072
probe=12  phase=first_interval_probe  prior=(none, none)    eval=(2.8, 7.7)          cost=13/20  acc=0.9086
probe=13  phase=first_interval_probe  prior=(none, none)    eval=(7.7, 2.8)          cost=15/20  acc=0.9122
probe=14  phase=first_interval_probe  prior=(none, none)    eval=(36, 13)            cost=17/20  acc=0.8983
probe=15  phase=first_interval_probe  prior=(none, none)    eval=(7.7, 21)           cost=18/20  acc=0.9090
probe=16  phase=first_interval_probe  prior=(none, none)    eval=(1, 2.8)            cost=20/20  acc=0.9066
source=cifar_search_improved_plots    shift=9    interval=1  attr=head_lr         global=(main=4.6,cooldown=1,acc=0.9290)         gap=0.0006
probe=01  phase=followup_transition   prior=(7.7, 2.8)      eval=(7.7, 1.7)          cost=2/10   acc=0.9284
probe=02  phase=followup_transition   prior=(7.7, 2.8)      eval=(0.22, 0.36)        cost=4/10   acc=0.9255
probe=03  phase=followup_transition   prior=(7.7, 2.8)      eval=(280, 21)           cost=6/10   acc=0.8914
probe=04  phase=followup_transition   prior=(7.7, 2.8)      eval=(13, 1)             cost=8/10   acc=0.9261
probe=05  phase=followup_transition   prior=(7.7, 2.8)      eval=(4.6, 99)           cost=10/10  acc=0.9114
source=cifar_search_improved_plots    shift=9    interval=2  attr=head_lr         global=(main=0.13,cooldown=0.13,acc=0.9355)     gap=0.0013
probe=01  phase=followup_transition   prior=(7.7, 1.7)      eval=(7.7, 1)            cost=2/10   acc=0.9335
probe=02  phase=followup_transition   prior=(7.7, 1.7)      eval=(0.22, 0.22)        cost=4/10   acc=0.9342
probe=03  phase=followup_transition   prior=(7.7, 1.7)      eval=(280, 13)           cost=6/10   acc=0.9079
probe=04  phase=followup_transition   prior=(7.7, 1.7)      eval=(13, 0.6)           cost=8/10   acc=0.9323
probe=05  phase=followup_transition   prior=(7.7, 1.7)      eval=(4.6, 60)           cost=10/10  acc=0.9276
source=cifar_search_improved_plots    shift=9    interval=3  attr=head_lr         global=(main=4.6,cooldown=1.7,acc=0.9402)       gap=0.0007
probe=01  phase=followup_transition   prior=(0.22, 0.22)    eval=(0.22, 0.13)        cost=2/10   acc=0.9372
probe=02  phase=followup_transition   prior=(0.22, 0.22)    eval=(0.006, 0.028)      cost=4/10   acc=0.9382
probe=03  phase=followup_transition   prior=(0.22, 0.22)    eval=(7.7, 1.7)          cost=6/10   acc=0.9395
probe=04  phase=followup_transition   prior=(0.22, 0.22)    eval=(0.36, 0.078)       cost=8/10   acc=0.9375
probe=05  phase=followup_transition   prior=(0.22, 0.22)    eval=(0.13, 7.7)         cost=10/10  acc=0.9392
source=cifar_search_improved_plots    shift=10   interval=0  attr=head_lr         global=(main=4.6,cooldown=0.017,acc=0.9128)     gap=0.0006
probe=01  phase=main_screen           prior=(none, none)    eval=(0.13, none)        cost=1/20   acc=0.8301
probe=02  phase=main_screen           prior=(none, none)    eval=(0.6, none)         cost=2/20   acc=0.8418
probe=03  phase=main_screen           prior=(none, none)    eval=(2.8, none)         cost=3/20   acc=0.8462
probe=04  phase=main_screen           prior=(none, none)    eval=(13, none)          cost=4/20   acc=0.8311
probe=05  phase=main_screen           prior=(none, none)    eval=(60, none)          cost=5/20   acc=0.2371
probe=06  phase=main_screen           prior=(none, none)    eval=(280, none)         cost=6/20   acc=0.1000
probe=07  phase=main_screen           prior=(none, none)    eval=(1300, none)        cost=7/20   acc=0.1000
probe=08  phase=main_screen           prior=(none, none)    eval=(5900, none)        cost=8/20   acc=0.1000
probe=09  phase=main_screen           prior=(none, none)    eval=(27000, none)       cost=9/20   acc=0.1000
probe=10  phase=first_interval_probe  prior=(none, none)    eval=(2.8, 1)            cost=10/20  acc=0.9097
probe=11  phase=first_interval_probe  prior=(none, none)    eval=(4.6, 1.7)          cost=12/20  acc=0.9122
probe=12  phase=first_interval_probe  prior=(none, none)    eval=(0.6, 1.7)          cost=13/20  acc=0.9066
probe=13  phase=first_interval_probe  prior=(none, none)    eval=(1.7, 0.6)          cost=15/20  acc=0.9092
probe=14  phase=first_interval_probe  prior=(none, none)    eval=(7.7, 2.8)          cost=17/20  acc=0.9105
probe=15  phase=first_interval_probe  prior=(none, none)    eval=(1.7, 4.6)          cost=18/20  acc=0.9086
probe=16  phase=first_interval_probe  prior=(none, none)    eval=(0.22, 0.6)         cost=20/20  acc=0.9035
source=cifar_search_improved_plots    shift=10   interval=1  attr=head_lr         global=(main=2.8,cooldown=0.6,acc=0.9290)       gap=0.0006
probe=01  phase=followup_transition   prior=(4.6, 1.7)      eval=(4.6, 1)            cost=2/10   acc=0.9284
probe=02  phase=followup_transition   prior=(4.6, 1.7)      eval=(0.13, 0.22)        cost=4/10   acc=0.9255
probe=03  phase=followup_transition   prior=(4.6, 1.7)      eval=(170, 13)           cost=6/10   acc=0.8914
probe=04  phase=followup_transition   prior=(4.6, 1.7)      eval=(7.7, 0.6)          cost=8/10   acc=0.9261
probe=05  phase=followup_transition   prior=(4.6, 1.7)      eval=(2.8, 60)           cost=10/10  acc=0.9114
source=cifar_search_improved_plots    shift=10   interval=2  attr=head_lr         global=(main=0.078,cooldown=0.078,acc=0.9355)   gap=0.0013
probe=01  phase=followup_transition   prior=(4.6, 1)        eval=(4.6, 0.6)          cost=2/10   acc=0.9335
probe=02  phase=followup_transition   prior=(4.6, 1)        eval=(0.13, 0.13)        cost=4/10   acc=0.9342
probe=03  phase=followup_transition   prior=(4.6, 1)        eval=(170, 7.7)          cost=6/10   acc=0.9079
probe=04  phase=followup_transition   prior=(4.6, 1)        eval=(7.7, 0.36)         cost=8/10   acc=0.9323
probe=05  phase=followup_transition   prior=(4.6, 1)        eval=(2.8, 36)           cost=10/10  acc=0.9276
source=cifar_search_improved_plots    shift=10   interval=3  attr=head_lr         global=(main=2.8,cooldown=1,acc=0.9402)         gap=0.0007
probe=01  phase=followup_transition   prior=(0.13, 0.13)    eval=(0.13, 0.078)       cost=2/10   acc=0.9372
probe=02  phase=followup_transition   prior=(0.13, 0.13)    eval=(0.0036, 0.017)     cost=4/10   acc=0.9382
probe=03  phase=followup_transition   prior=(0.13, 0.13)    eval=(4.6, 1)            cost=6/10   acc=0.9395
probe=04  phase=followup_transition   prior=(0.13, 0.13)    eval=(0.22, 0.047)       cost=8/10   acc=0.9375
probe=05  phase=followup_transition   prior=(0.13, 0.13)    eval=(0.078, 4.6)        cost=10/10  acc=0.9392
source=cifar_search_bias_split_plots  shift=-10  interval=0  attr=bn_bias_lr      global=(main=9800,cooldown=3500,acc=0.9113)     gap=0
probe=01  phase=main_screen           prior=(none, none)    eval=(0.13, none)        cost=1/20   acc=0.8019
probe=02  phase=main_screen           prior=(none, none)    eval=(0.6, none)         cost=2/20   acc=0.8019
probe=03  phase=main_screen           prior=(none, none)    eval=(2.8, none)         cost=3/20   acc=0.8019
probe=04  phase=main_screen           prior=(none, none)    eval=(13, none)          cost=4/20   acc=0.8019
probe=05  phase=main_screen           prior=(none, none)    eval=(60, none)          cost=5/20   acc=0.8019
probe=06  phase=main_screen           prior=(none, none)    eval=(280, none)         cost=6/20   acc=0.7767
probe=07  phase=main_screen           prior=(none, none)    eval=(1300, none)        cost=7/20   acc=0.7865
probe=08  phase=main_screen           prior=(none, none)    eval=(5900, none)        cost=8/20   acc=0.8040
probe=09  phase=main_screen           prior=(none, none)    eval=(27000, none)       cost=9/20   acc=0.7542
probe=10  phase=first_interval_probe  prior=(none, none)    eval=(5900, 2100)        cost=10/20  acc=0.9083
probe=11  phase=first_interval_probe  prior=(none, none)    eval=(9800, 3500)        cost=12/20  acc=0.9113
probe=12  phase=first_interval_probe  prior=(none, none)    eval=(1300, 3500)        cost=13/20  acc=0.9060
probe=13  phase=first_interval_probe  prior=(none, none)    eval=(3500, 1300)        cost=15/20  acc=0.9065
probe=14  phase=first_interval_probe  prior=(none, none)    eval=(16000, 5900)       cost=17/20  acc=0.9047
probe=15  phase=first_interval_probe  prior=(none, none)    eval=(3500, 9800)        cost=18/20  acc=0.9029
probe=16  phase=first_interval_probe  prior=(none, none)    eval=(460, 1300)         cost=20/20  acc=0.9043
source=cifar_search_bias_split_plots  shift=-10  interval=1  attr=bn_bias_lr      global=(main=9800,cooldown=280,acc=0.9302)      gap=0.0008
probe=01  phase=followup_transition   prior=(9800, 3500)    eval=(9800, 2100)        cost=2/10   acc=0.9294
probe=02  phase=followup_transition   prior=(9800, 3500)    eval=(280, 460)          cost=4/10   acc=0.9274
probe=03  phase=followup_transition   prior=(9800, 3500)    eval=(350000, 27000)     cost=6/10   acc=0.1000
probe=04  phase=followup_transition   prior=(9800, 3500)    eval=(16000, 1300)       cost=8/10   acc=0.9255
probe=05  phase=followup_transition   prior=(9800, 3500)    eval=(5900, 130000)      cost=10/10  acc=0.1179
source=cifar_search_bias_split_plots  shift=-10  interval=2  attr=bn_bias_lr      global=(main=9800,cooldown=170,acc=0.9339)      gap=0.0003
probe=01  phase=followup_transition   prior=(9800, 2100)    eval=(9800, 1300)        cost=2/10   acc=0.9336
probe=02  phase=followup_transition   prior=(9800, 2100)    eval=(280, 280)          cost=4/10   acc=0.9330
probe=03  phase=followup_transition   prior=(9800, 2100)    eval=(350000, 16000)     cost=6/10   acc=0.1000
probe=04  phase=followup_transition   prior=(9800, 2100)    eval=(16000, 770)        cost=8/10   acc=0.9315
probe=05  phase=followup_transition   prior=(9800, 2100)    eval=(5900, 76000)       cost=10/10  acc=0.1000
source=cifar_search_bias_split_plots  shift=-10  interval=3  attr=bn_bias_lr      global=(main=1300,cooldown=1300,acc=0.9410)     gap=0.0007
probe=01  phase=followup_transition   prior=(9800, 1300)    eval=(9800, 770)         cost=2/10   acc=0.9372
probe=02  phase=followup_transition   prior=(9800, 1300)    eval=(280, 170)          cost=4/10   acc=0.9403
probe=03  phase=followup_transition   prior=(9800, 1300)    eval=(350000, 9800)      cost=6/10   acc=0.1000
probe=04  phase=followup_transition   prior=(9800, 1300)    eval=(16000, 460)        cost=8/10   acc=0.9373
probe=05  phase=followup_transition   prior=(9800, 1300)    eval=(5900, 46000)       cost=10/10  acc=0.9039
source=cifar_search_bias_split_plots  shift=-9   interval=0  attr=bn_bias_lr      global=(main=5900,cooldown=2100,acc=0.9113)     gap=0
probe=01  phase=main_screen           prior=(none, none)    eval=(0.13, none)        cost=1/20   acc=0.8019
probe=02  phase=main_screen           prior=(none, none)    eval=(0.6, none)         cost=2/20   acc=0.8019
probe=03  phase=main_screen           prior=(none, none)    eval=(2.8, none)         cost=3/20   acc=0.8019
probe=04  phase=main_screen           prior=(none, none)    eval=(13, none)          cost=4/20   acc=0.8019
probe=05  phase=main_screen           prior=(none, none)    eval=(60, none)          cost=5/20   acc=0.8019
probe=06  phase=main_screen           prior=(none, none)    eval=(280, none)         cost=6/20   acc=0.7805
probe=07  phase=main_screen           prior=(none, none)    eval=(1300, none)        cost=7/20   acc=0.7861
probe=08  phase=main_screen           prior=(none, none)    eval=(5900, none)        cost=8/20   acc=0.8016
probe=09  phase=main_screen           prior=(none, none)    eval=(27000, none)       cost=9/20   acc=0.7714
probe=10  phase=first_interval_probe  prior=(none, none)    eval=(5900, 2100)        cost=10/20  acc=0.9113
probe=11  phase=first_interval_probe  prior=(none, none)    eval=(9800, 3500)        cost=12/20  acc=0.9047
probe=12  phase=first_interval_probe  prior=(none, none)    eval=(1300, 3500)        cost=13/20  acc=0.9062
probe=13  phase=first_interval_probe  prior=(none, none)    eval=(3500, 1300)        cost=15/20  acc=0.9083
probe=14  phase=first_interval_probe  prior=(none, none)    eval=(16000, 5900)       cost=17/20  acc=0.9073
probe=15  phase=first_interval_probe  prior=(none, none)    eval=(3500, 9800)        cost=18/20  acc=0.9002
probe=16  phase=first_interval_probe  prior=(none, none)    eval=(460, 1300)         cost=20/20  acc=0.9056
source=cifar_search_bias_split_plots  shift=-9   interval=1  attr=bn_bias_lr      global=(main=5900,cooldown=170,acc=0.9302)      gap=0.0008
probe=01  phase=followup_transition   prior=(5900, 2100)    eval=(5900, 1300)        cost=2/10   acc=0.9294
probe=02  phase=followup_transition   prior=(5900, 2100)    eval=(170, 280)          cost=4/10   acc=0.9274
probe=03  phase=followup_transition   prior=(5900, 2100)    eval=(210000, 16000)     cost=6/10   acc=0.1000
probe=04  phase=followup_transition   prior=(5900, 2100)    eval=(9800, 770)         cost=8/10   acc=0.9255
probe=05  phase=followup_transition   prior=(5900, 2100)    eval=(3500, 76000)       cost=10/10  acc=0.1179
source=cifar_search_bias_split_plots  shift=-9   interval=2  attr=bn_bias_lr      global=(main=5900,cooldown=99,acc=0.9339)       gap=0.0003
probe=01  phase=followup_transition   prior=(5900, 1300)    eval=(5900, 770)         cost=2/10   acc=0.9336
probe=02  phase=followup_transition   prior=(5900, 1300)    eval=(170, 170)          cost=4/10   acc=0.9330
probe=03  phase=followup_transition   prior=(5900, 1300)    eval=(210000, 9800)      cost=6/10   acc=0.1000
probe=04  phase=followup_transition   prior=(5900, 1300)    eval=(9800, 460)         cost=8/10   acc=0.9315
probe=05  phase=followup_transition   prior=(5900, 1300)    eval=(3500, 46000)       cost=10/10  acc=0.1000
source=cifar_search_bias_split_plots  shift=-9   interval=3  attr=bn_bias_lr      global=(main=770,cooldown=770,acc=0.9410)       gap=0.0007
probe=01  phase=followup_transition   prior=(5900, 770)     eval=(5900, 460)         cost=2/10   acc=0.9372
probe=02  phase=followup_transition   prior=(5900, 770)     eval=(170, 99)           cost=4/10   acc=0.9403
probe=03  phase=followup_transition   prior=(5900, 770)     eval=(210000, 5900)      cost=6/10   acc=0.1000
probe=04  phase=followup_transition   prior=(5900, 770)     eval=(9800, 280)         cost=8/10   acc=0.9373
probe=05  phase=followup_transition   prior=(5900, 770)     eval=(3500, 27000)       cost=10/10  acc=0.9039
source=cifar_search_bias_split_plots  shift=-8   interval=0  attr=bn_bias_lr      global=(main=3500,cooldown=1300,acc=0.9113)     gap=0
probe=01  phase=main_screen           prior=(none, none)    eval=(0.13, none)        cost=1/20   acc=0.8019
probe=02  phase=main_screen           prior=(none, none)    eval=(0.6, none)         cost=2/20   acc=0.8019
probe=03  phase=main_screen           prior=(none, none)    eval=(2.8, none)         cost=3/20   acc=0.8019
probe=04  phase=main_screen           prior=(none, none)    eval=(13, none)          cost=4/20   acc=0.8019
probe=05  phase=main_screen           prior=(none, none)    eval=(60, none)          cost=5/20   acc=0.8019
probe=06  phase=main_screen           prior=(none, none)    eval=(280, none)         cost=6/20   acc=0.8127
probe=07  phase=main_screen           prior=(none, none)    eval=(1300, none)        cost=7/20   acc=0.7979
probe=08  phase=main_screen           prior=(none, none)    eval=(5900, none)        cost=8/20   acc=0.7734
probe=09  phase=main_screen           prior=(none, none)    eval=(27000, none)       cost=9/20   acc=0.7401
probe=10  phase=first_interval_probe  prior=(none, none)    eval=(1300, 460)         cost=10/20  acc=0.9065
probe=11  phase=first_interval_probe  prior=(none, none)    eval=(2100, 770)         cost=12/20  acc=0.9083
probe=12  phase=first_interval_probe  prior=(none, none)    eval=(280, 770)          cost=13/20  acc=0.9056
probe=13  phase=first_interval_probe  prior=(none, none)    eval=(770, 280)          cost=15/20  acc=0.9066
probe=14  phase=first_interval_probe  prior=(none, none)    eval=(3500, 1300)        cost=17/20  acc=0.9113
probe=15  phase=first_interval_probe  prior=(none, none)    eval=(770, 2100)         cost=18/20  acc=0.9062
probe=16  phase=first_interval_probe  prior=(none, none)    eval=(99, 280)           cost=20/20  acc=0.9021
source=cifar_search_bias_split_plots  shift=-8   interval=1  attr=bn_bias_lr      global=(main=3500,cooldown=99,acc=0.9302)       gap=0.0008
probe=01  phase=followup_transition   prior=(3500, 1300)    eval=(3500, 770)         cost=2/10   acc=0.9294
probe=02  phase=followup_transition   prior=(3500, 1300)    eval=(99, 170)           cost=4/10   acc=0.9274
probe=03  phase=followup_transition   prior=(3500, 1300)    eval=(130000, 9800)      cost=6/10   acc=0.1000
probe=04  phase=followup_transition   prior=(3500, 1300)    eval=(5900, 460)         cost=8/10   acc=0.9255
probe=05  phase=followup_transition   prior=(3500, 1300)    eval=(2100, 46000)       cost=10/10  acc=0.1179
source=cifar_search_bias_split_plots  shift=-8   interval=2  attr=bn_bias_lr      global=(main=3500,cooldown=60,acc=0.9339)       gap=0.0003
probe=01  phase=followup_transition   prior=(3500, 770)     eval=(3500, 460)         cost=2/10   acc=0.9336
probe=02  phase=followup_transition   prior=(3500, 770)     eval=(99, 99)            cost=4/10   acc=0.9330
probe=03  phase=followup_transition   prior=(3500, 770)     eval=(130000, 5900)      cost=6/10   acc=0.1000
probe=04  phase=followup_transition   prior=(3500, 770)     eval=(5900, 280)         cost=8/10   acc=0.9315
probe=05  phase=followup_transition   prior=(3500, 770)     eval=(2100, 27000)       cost=10/10  acc=0.1000
source=cifar_search_bias_split_plots  shift=-8   interval=3  attr=bn_bias_lr      global=(main=460,cooldown=460,acc=0.9410)       gap=0.0007
probe=01  phase=followup_transition   prior=(3500, 460)     eval=(3500, 280)         cost=2/10   acc=0.9372
probe=02  phase=followup_transition   prior=(3500, 460)     eval=(99, 60)            cost=4/10   acc=0.9403
probe=03  phase=followup_transition   prior=(3500, 460)     eval=(130000, 3500)      cost=6/10   acc=0.1000
probe=04  phase=followup_transition   prior=(3500, 460)     eval=(5900, 170)         cost=8/10   acc=0.9373
probe=05  phase=followup_transition   prior=(3500, 460)     eval=(2100, 16000)       cost=10/10  acc=0.9039
source=cifar_search_bias_split_plots  shift=-7   interval=0  attr=bn_bias_lr      global=(main=2100,cooldown=770,acc=0.9113)      gap=0
probe=01  phase=main_screen           prior=(none, none)    eval=(0.13, none)        cost=1/20   acc=0.8019
probe=02  phase=main_screen           prior=(none, none)    eval=(0.6, none)         cost=2/20   acc=0.8019
probe=03  phase=main_screen           prior=(none, none)    eval=(2.8, none)         cost=3/20   acc=0.8019
probe=04  phase=main_screen           prior=(none, none)    eval=(13, none)          cost=4/20   acc=0.8019
probe=05  phase=main_screen           prior=(none, none)    eval=(60, none)          cost=5/20   acc=0.7767
probe=06  phase=main_screen           prior=(none, none)    eval=(280, none)         cost=6/20   acc=0.7865
probe=07  phase=main_screen           prior=(none, none)    eval=(1300, none)        cost=7/20   acc=0.8040
probe=08  phase=main_screen           prior=(none, none)    eval=(5900, none)        cost=8/20   acc=0.7542
probe=09  phase=main_screen           prior=(none, none)    eval=(27000, none)       cost=9/20   acc=0.5351
probe=10  phase=first_interval_probe  prior=(none, none)    eval=(1300, 460)         cost=10/20  acc=0.9083
probe=11  phase=first_interval_probe  prior=(none, none)    eval=(2100, 770)         cost=12/20  acc=0.9113
probe=12  phase=first_interval_probe  prior=(none, none)    eval=(280, 770)          cost=13/20  acc=0.9060
probe=13  phase=first_interval_probe  prior=(none, none)    eval=(770, 280)          cost=15/20  acc=0.9065
probe=14  phase=first_interval_probe  prior=(none, none)    eval=(3500, 1300)        cost=17/20  acc=0.9047
probe=15  phase=first_interval_probe  prior=(none, none)    eval=(770, 2100)         cost=18/20  acc=0.9029
probe=16  phase=first_interval_probe  prior=(none, none)    eval=(99, 280)           cost=20/20  acc=0.9043
source=cifar_search_bias_split_plots  shift=-7   interval=1  attr=bn_bias_lr      global=(main=2100,cooldown=60,acc=0.9302)       gap=0.0008
probe=01  phase=followup_transition   prior=(2100, 770)     eval=(2100, 460)         cost=2/10   acc=0.9294
probe=02  phase=followup_transition   prior=(2100, 770)     eval=(60, 99)            cost=4/10   acc=0.9274
probe=03  phase=followup_transition   prior=(2100, 770)     eval=(76000, 5900)       cost=6/10   acc=0.1000
probe=04  phase=followup_transition   prior=(2100, 770)     eval=(3500, 280)         cost=8/10   acc=0.9255
probe=05  phase=followup_transition   prior=(2100, 770)     eval=(1300, 27000)       cost=10/10  acc=0.1179
source=cifar_search_bias_split_plots  shift=-7   interval=2  attr=bn_bias_lr      global=(main=2100,cooldown=36,acc=0.9339)       gap=0.0003
probe=01  phase=followup_transition   prior=(2100, 460)     eval=(2100, 280)         cost=2/10   acc=0.9336
probe=02  phase=followup_transition   prior=(2100, 460)     eval=(60, 60)            cost=4/10   acc=0.9330
probe=03  phase=followup_transition   prior=(2100, 460)     eval=(76000, 3500)       cost=6/10   acc=0.1000
probe=04  phase=followup_transition   prior=(2100, 460)     eval=(3500, 170)         cost=8/10   acc=0.9315
probe=05  phase=followup_transition   prior=(2100, 460)     eval=(1300, 16000)       cost=10/10  acc=0.1000
source=cifar_search_bias_split_plots  shift=-7   interval=3  attr=bn_bias_lr      global=(main=280,cooldown=280,acc=0.9410)       gap=0.0007
probe=01  phase=followup_transition   prior=(2100, 280)     eval=(2100, 170)         cost=2/10   acc=0.9372
probe=02  phase=followup_transition   prior=(2100, 280)     eval=(60, 36)            cost=4/10   acc=0.9403
probe=03  phase=followup_transition   prior=(2100, 280)     eval=(76000, 2100)       cost=6/10   acc=0.1000
probe=04  phase=followup_transition   prior=(2100, 280)     eval=(3500, 99)          cost=8/10   acc=0.9373
probe=05  phase=followup_transition   prior=(2100, 280)     eval=(1300, 9800)        cost=10/10  acc=0.9039
source=cifar_search_bias_split_plots  shift=-6   interval=0  attr=bn_bias_lr      global=(main=1300,cooldown=460,acc=0.9113)      gap=0
probe=01  phase=main_screen           prior=(none, none)    eval=(0.13, none)        cost=1/20   acc=0.8019
probe=02  phase=main_screen           prior=(none, none)    eval=(0.6, none)         cost=2/20   acc=0.8019
probe=03  phase=main_screen           prior=(none, none)    eval=(2.8, none)         cost=3/20   acc=0.8019
probe=04  phase=main_screen           prior=(none, none)    eval=(13, none)          cost=4/20   acc=0.8019
probe=05  phase=main_screen           prior=(none, none)    eval=(60, none)          cost=5/20   acc=0.7805
probe=06  phase=main_screen           prior=(none, none)    eval=(280, none)         cost=6/20   acc=0.7861
probe=07  phase=main_screen           prior=(none, none)    eval=(1300, none)        cost=7/20   acc=0.8016
probe=08  phase=main_screen           prior=(none, none)    eval=(5900, none)        cost=8/20   acc=0.7714
probe=09  phase=main_screen           prior=(none, none)    eval=(27000, none)       cost=9/20   acc=0.3618
probe=10  phase=first_interval_probe  prior=(none, none)    eval=(1300, 460)         cost=10/20  acc=0.9113
probe=11  phase=first_interval_probe  prior=(none, none)    eval=(2100, 770)         cost=12/20  acc=0.9047
probe=12  phase=first_interval_probe  prior=(none, none)    eval=(280, 770)          cost=13/20  acc=0.9062
probe=13  phase=first_interval_probe  prior=(none, none)    eval=(770, 280)          cost=15/20  acc=0.9083
probe=14  phase=first_interval_probe  prior=(none, none)    eval=(3500, 1300)        cost=17/20  acc=0.9073
probe=15  phase=first_interval_probe  prior=(none, none)    eval=(770, 2100)         cost=18/20  acc=0.9002
probe=16  phase=first_interval_probe  prior=(none, none)    eval=(99, 280)           cost=20/20  acc=0.9056
source=cifar_search_bias_split_plots  shift=-6   interval=1  attr=bn_bias_lr      global=(main=1300,cooldown=36,acc=0.9302)       gap=0.0008
probe=01  phase=followup_transition   prior=(1300, 460)     eval=(1300, 280)         cost=2/10   acc=0.9294
probe=02  phase=followup_transition   prior=(1300, 460)     eval=(36, 60)            cost=4/10   acc=0.9274
probe=03  phase=followup_transition   prior=(1300, 460)     eval=(46000, 3500)       cost=6/10   acc=0.1000
probe=04  phase=followup_transition   prior=(1300, 460)     eval=(2100, 170)         cost=8/10   acc=0.9255
probe=05  phase=followup_transition   prior=(1300, 460)     eval=(770, 16000)        cost=10/10  acc=0.1179
source=cifar_search_bias_split_plots  shift=-6   interval=2  attr=bn_bias_lr      global=(main=1300,cooldown=21,acc=0.9339)       gap=0.0003
probe=01  phase=followup_transition   prior=(1300, 280)     eval=(1300, 170)         cost=2/10   acc=0.9336
probe=02  phase=followup_transition   prior=(1300, 280)     eval=(36, 36)            cost=4/10   acc=0.9330
probe=03  phase=followup_transition   prior=(1300, 280)     eval=(46000, 2100)       cost=6/10   acc=0.1000
probe=04  phase=followup_transition   prior=(1300, 280)     eval=(2100, 99)          cost=8/10   acc=0.9315
probe=05  phase=followup_transition   prior=(1300, 280)     eval=(770, 9800)         cost=10/10  acc=0.1000
source=cifar_search_bias_split_plots  shift=-6   interval=3  attr=bn_bias_lr      global=(main=170,cooldown=170,acc=0.9410)       gap=0.0007
probe=01  phase=followup_transition   prior=(1300, 170)     eval=(1300, 99)          cost=2/10   acc=0.9372
probe=02  phase=followup_transition   prior=(1300, 170)     eval=(36, 21)            cost=4/10   acc=0.9403
probe=03  phase=followup_transition   prior=(1300, 170)     eval=(46000, 1300)       cost=6/10   acc=0.1000
probe=04  phase=followup_transition   prior=(1300, 170)     eval=(2100, 60)          cost=8/10   acc=0.9373
probe=05  phase=followup_transition   prior=(1300, 170)     eval=(770, 5900)         cost=10/10  acc=0.9039
source=cifar_search_bias_split_plots  shift=-5   interval=0  attr=bn_bias_lr      global=(main=770,cooldown=280,acc=0.9113)       gap=0
probe=01  phase=main_screen           prior=(none, none)    eval=(0.13, none)        cost=1/20   acc=0.8019
probe=02  phase=main_screen           prior=(none, none)    eval=(0.6, none)         cost=2/20   acc=0.8019
probe=03  phase=main_screen           prior=(none, none)    eval=(2.8, none)         cost=3/20   acc=0.8019
probe=04  phase=main_screen           prior=(none, none)    eval=(13, none)          cost=4/20   acc=0.8019
probe=05  phase=main_screen           prior=(none, none)    eval=(60, none)          cost=5/20   acc=0.8127
probe=06  phase=main_screen           prior=(none, none)    eval=(280, none)         cost=6/20   acc=0.7979
probe=07  phase=main_screen           prior=(none, none)    eval=(1300, none)        cost=7/20   acc=0.7734
probe=08  phase=main_screen           prior=(none, none)    eval=(5900, none)        cost=8/20   acc=0.7401
probe=09  phase=main_screen           prior=(none, none)    eval=(27000, none)       cost=9/20   acc=0.1574
probe=10  phase=first_interval_probe  prior=(none, none)    eval=(280, 99)           cost=10/20  acc=0.9065
probe=11  phase=first_interval_probe  prior=(none, none)    eval=(460, 170)          cost=12/20  acc=0.9083
probe=12  phase=first_interval_probe  prior=(none, none)    eval=(60, 170)           cost=13/20  acc=0.9056
probe=13  phase=first_interval_probe  prior=(none, none)    eval=(170, 60)           cost=15/20  acc=0.9066
probe=14  phase=first_interval_probe  prior=(none, none)    eval=(770, 280)          cost=17/20  acc=0.9113
probe=15  phase=first_interval_probe  prior=(none, none)    eval=(170, 460)          cost=18/20  acc=0.9062
probe=16  phase=first_interval_probe  prior=(none, none)    eval=(21, 60)            cost=20/20  acc=0.9021
source=cifar_search_bias_split_plots  shift=-5   interval=1  attr=bn_bias_lr      global=(main=770,cooldown=21,acc=0.9302)        gap=0.0008
probe=01  phase=followup_transition   prior=(770, 280)      eval=(770, 170)          cost=2/10   acc=0.9294
probe=02  phase=followup_transition   prior=(770, 280)      eval=(21, 36)            cost=4/10   acc=0.9274
probe=03  phase=followup_transition   prior=(770, 280)      eval=(27000, 2100)       cost=6/10   acc=0.1000
probe=04  phase=followup_transition   prior=(770, 280)      eval=(1300, 99)          cost=8/10   acc=0.9255
probe=05  phase=followup_transition   prior=(770, 280)      eval=(460, 9800)         cost=10/10  acc=0.1179
source=cifar_search_bias_split_plots  shift=-5   interval=2  attr=bn_bias_lr      global=(main=770,cooldown=13,acc=0.9339)        gap=0.0003
probe=01  phase=followup_transition   prior=(770, 170)      eval=(770, 99)           cost=2/10   acc=0.9336
probe=02  phase=followup_transition   prior=(770, 170)      eval=(21, 21)            cost=4/10   acc=0.9330
probe=03  phase=followup_transition   prior=(770, 170)      eval=(27000, 1300)       cost=6/10   acc=0.1000
probe=04  phase=followup_transition   prior=(770, 170)      eval=(1300, 60)          cost=8/10   acc=0.9315
probe=05  phase=followup_transition   prior=(770, 170)      eval=(460, 5900)         cost=10/10  acc=0.1000
source=cifar_search_bias_split_plots  shift=-5   interval=3  attr=bn_bias_lr      global=(main=99,cooldown=99,acc=0.9410)         gap=0.0007
probe=01  phase=followup_transition   prior=(770, 99)       eval=(770, 60)           cost=2/10   acc=0.9372
probe=02  phase=followup_transition   prior=(770, 99)       eval=(21, 13)            cost=4/10   acc=0.9403
probe=03  phase=followup_transition   prior=(770, 99)       eval=(27000, 770)        cost=6/10   acc=0.1000
probe=04  phase=followup_transition   prior=(770, 99)       eval=(1300, 36)          cost=8/10   acc=0.9373
probe=05  phase=followup_transition   prior=(770, 99)       eval=(460, 3500)         cost=10/10  acc=0.9039
source=cifar_search_bias_split_plots  shift=-4   interval=0  attr=bn_bias_lr      global=(main=460,cooldown=170,acc=0.9113)       gap=0
probe=01  phase=main_screen           prior=(none, none)    eval=(0.13, none)        cost=1/20   acc=0.8019
probe=02  phase=main_screen           prior=(none, none)    eval=(0.6, none)         cost=2/20   acc=0.8019
probe=03  phase=main_screen           prior=(none, none)    eval=(2.8, none)         cost=3/20   acc=0.8019
probe=04  phase=main_screen           prior=(none, none)    eval=(13, none)          cost=4/20   acc=0.7767
probe=05  phase=main_screen           prior=(none, none)    eval=(60, none)          cost=5/20   acc=0.7865
probe=06  phase=main_screen           prior=(none, none)    eval=(280, none)         cost=6/20   acc=0.8040
probe=07  phase=main_screen           prior=(none, none)    eval=(1300, none)        cost=7/20   acc=0.7542
probe=08  phase=main_screen           prior=(none, none)    eval=(5900, none)        cost=8/20   acc=0.5351
probe=09  phase=main_screen           prior=(none, none)    eval=(27000, none)       cost=9/20   acc=0.2394
probe=10  phase=first_interval_probe  prior=(none, none)    eval=(280, 99)           cost=10/20  acc=0.9083
probe=11  phase=first_interval_probe  prior=(none, none)    eval=(460, 170)          cost=12/20  acc=0.9113
probe=12  phase=first_interval_probe  prior=(none, none)    eval=(60, 170)           cost=13/20  acc=0.9060
probe=13  phase=first_interval_probe  prior=(none, none)    eval=(170, 60)           cost=15/20  acc=0.9065
probe=14  phase=first_interval_probe  prior=(none, none)    eval=(770, 280)          cost=17/20  acc=0.9047
probe=15  phase=first_interval_probe  prior=(none, none)    eval=(170, 460)          cost=18/20  acc=0.9029
probe=16  phase=first_interval_probe  prior=(none, none)    eval=(21, 60)            cost=20/20  acc=0.9043
source=cifar_search_bias_split_plots  shift=-4   interval=1  attr=bn_bias_lr      global=(main=460,cooldown=13,acc=0.9302)        gap=0.0008
probe=01  phase=followup_transition   prior=(460, 170)      eval=(460, 99)           cost=2/10   acc=0.9294
probe=02  phase=followup_transition   prior=(460, 170)      eval=(13, 21)            cost=4/10   acc=0.9274
probe=03  phase=followup_transition   prior=(460, 170)      eval=(16000, 1300)       cost=6/10   acc=0.1000
probe=04  phase=followup_transition   prior=(460, 170)      eval=(770, 60)           cost=8/10   acc=0.9255
probe=05  phase=followup_transition   prior=(460, 170)      eval=(280, 5900)         cost=10/10  acc=0.1179
source=cifar_search_bias_split_plots  shift=-4   interval=2  attr=bn_bias_lr      global=(main=460,cooldown=7.7,acc=0.9339)       gap=0.0003
probe=01  phase=followup_transition   prior=(460, 99)       eval=(460, 60)           cost=2/10   acc=0.9336
probe=02  phase=followup_transition   prior=(460, 99)       eval=(13, 13)            cost=4/10   acc=0.9330
probe=03  phase=followup_transition   prior=(460, 99)       eval=(16000, 770)        cost=6/10   acc=0.1000
probe=04  phase=followup_transition   prior=(460, 99)       eval=(770, 36)           cost=8/10   acc=0.9315
probe=05  phase=followup_transition   prior=(460, 99)       eval=(280, 3500)         cost=10/10  acc=0.1000
source=cifar_search_bias_split_plots  shift=-4   interval=3  attr=bn_bias_lr      global=(main=60,cooldown=60,acc=0.9410)         gap=0.0007
probe=01  phase=followup_transition   prior=(460, 60)       eval=(460, 36)           cost=2/10   acc=0.9372
probe=02  phase=followup_transition   prior=(460, 60)       eval=(13, 7.7)           cost=4/10   acc=0.9403
probe=03  phase=followup_transition   prior=(460, 60)       eval=(16000, 460)        cost=6/10   acc=0.1000
probe=04  phase=followup_transition   prior=(460, 60)       eval=(770, 21)           cost=8/10   acc=0.9373
probe=05  phase=followup_transition   prior=(460, 60)       eval=(280, 2100)         cost=10/10  acc=0.9039
source=cifar_search_bias_split_plots  shift=-3   interval=0  attr=bn_bias_lr      global=(main=280,cooldown=99,acc=0.9113)        gap=0
probe=01  phase=main_screen           prior=(none, none)    eval=(0.13, none)        cost=1/20   acc=0.8019
probe=02  phase=main_screen           prior=(none, none)    eval=(0.6, none)         cost=2/20   acc=0.8019
probe=03  phase=main_screen           prior=(none, none)    eval=(2.8, none)         cost=3/20   acc=0.8019
probe=04  phase=main_screen           prior=(none, none)    eval=(13, none)          cost=4/20   acc=0.7805
probe=05  phase=main_screen           prior=(none, none)    eval=(60, none)          cost=5/20   acc=0.7861
probe=06  phase=main_screen           prior=(none, none)    eval=(280, none)         cost=6/20   acc=0.8016
probe=07  phase=main_screen           prior=(none, none)    eval=(1300, none)        cost=7/20   acc=0.7714
probe=08  phase=main_screen           prior=(none, none)    eval=(5900, none)        cost=8/20   acc=0.3618
probe=09  phase=main_screen           prior=(none, none)    eval=(27000, none)       cost=9/20   acc=0.1885
probe=10  phase=first_interval_probe  prior=(none, none)    eval=(280, 99)           cost=10/20  acc=0.9113
probe=11  phase=first_interval_probe  prior=(none, none)    eval=(460, 170)          cost=12/20  acc=0.9047
probe=12  phase=first_interval_probe  prior=(none, none)    eval=(60, 170)           cost=13/20  acc=0.9062
probe=13  phase=first_interval_probe  prior=(none, none)    eval=(170, 60)           cost=15/20  acc=0.9083
probe=14  phase=first_interval_probe  prior=(none, none)    eval=(770, 280)          cost=17/20  acc=0.9073
probe=15  phase=first_interval_probe  prior=(none, none)    eval=(170, 460)          cost=18/20  acc=0.9002
probe=16  phase=first_interval_probe  prior=(none, none)    eval=(21, 60)            cost=20/20  acc=0.9056
source=cifar_search_bias_split_plots  shift=-3   interval=1  attr=bn_bias_lr      global=(main=280,cooldown=7.7,acc=0.9302)       gap=0.0008
probe=01  phase=followup_transition   prior=(280, 99)       eval=(280, 60)           cost=2/10   acc=0.9294
probe=02  phase=followup_transition   prior=(280, 99)       eval=(7.7, 13)           cost=4/10   acc=0.9274
probe=03  phase=followup_transition   prior=(280, 99)       eval=(9800, 770)         cost=6/10   acc=0.1000
probe=04  phase=followup_transition   prior=(280, 99)       eval=(460, 36)           cost=8/10   acc=0.9255
probe=05  phase=followup_transition   prior=(280, 99)       eval=(170, 3500)         cost=10/10  acc=0.1179
source=cifar_search_bias_split_plots  shift=-3   interval=2  attr=bn_bias_lr      global=(main=280,cooldown=4.6,acc=0.9339)       gap=0.0003
probe=01  phase=followup_transition   prior=(280, 60)       eval=(280, 36)           cost=2/10   acc=0.9336
probe=02  phase=followup_transition   prior=(280, 60)       eval=(7.7, 7.7)          cost=4/10   acc=0.9330
probe=03  phase=followup_transition   prior=(280, 60)       eval=(9800, 460)         cost=6/10   acc=0.1000
probe=04  phase=followup_transition   prior=(280, 60)       eval=(460, 21)           cost=8/10   acc=0.9315
probe=05  phase=followup_transition   prior=(280, 60)       eval=(170, 2100)         cost=10/10  acc=0.1000
source=cifar_search_bias_split_plots  shift=-3   interval=3  attr=bn_bias_lr      global=(main=36,cooldown=36,acc=0.9410)         gap=0.0007
probe=01  phase=followup_transition   prior=(280, 36)       eval=(280, 21)           cost=2/10   acc=0.9372
probe=02  phase=followup_transition   prior=(280, 36)       eval=(7.7, 4.6)          cost=4/10   acc=0.9403
probe=03  phase=followup_transition   prior=(280, 36)       eval=(9800, 280)         cost=6/10   acc=0.1000
probe=04  phase=followup_transition   prior=(280, 36)       eval=(460, 13)           cost=8/10   acc=0.9373
probe=05  phase=followup_transition   prior=(280, 36)       eval=(170, 1300)         cost=10/10  acc=0.9039
source=cifar_search_bias_split_plots  shift=-2   interval=0  attr=bn_bias_lr      global=(main=170,cooldown=60,acc=0.9113)        gap=0
probe=01  phase=main_screen           prior=(none, none)    eval=(0.13, none)        cost=1/20   acc=0.8019
probe=02  phase=main_screen           prior=(none, none)    eval=(0.6, none)         cost=2/20   acc=0.8019
probe=03  phase=main_screen           prior=(none, none)    eval=(2.8, none)         cost=3/20   acc=0.8019
probe=04  phase=main_screen           prior=(none, none)    eval=(13, none)          cost=4/20   acc=0.8127
probe=05  phase=main_screen           prior=(none, none)    eval=(60, none)          cost=5/20   acc=0.7979
probe=06  phase=main_screen           prior=(none, none)    eval=(280, none)         cost=6/20   acc=0.7734
probe=07  phase=main_screen           prior=(none, none)    eval=(1300, none)        cost=7/20   acc=0.7401
probe=08  phase=main_screen           prior=(none, none)    eval=(5900, none)        cost=8/20   acc=0.1574
probe=09  phase=main_screen           prior=(none, none)    eval=(27000, none)       cost=9/20   acc=0.1075
probe=10  phase=first_interval_probe  prior=(none, none)    eval=(60, 21)            cost=10/20  acc=0.9065
probe=11  phase=first_interval_probe  prior=(none, none)    eval=(99, 36)            cost=12/20  acc=0.9083
probe=12  phase=first_interval_probe  prior=(none, none)    eval=(13, 36)            cost=13/20  acc=0.9056
probe=13  phase=first_interval_probe  prior=(none, none)    eval=(36, 13)            cost=15/20  acc=0.9066
probe=14  phase=first_interval_probe  prior=(none, none)    eval=(170, 60)           cost=17/20  acc=0.9113
probe=15  phase=first_interval_probe  prior=(none, none)    eval=(36, 99)            cost=18/20  acc=0.9062
probe=16  phase=first_interval_probe  prior=(none, none)    eval=(4.6, 13)           cost=20/20  acc=0.9021
source=cifar_search_bias_split_plots  shift=-2   interval=1  attr=bn_bias_lr      global=(main=170,cooldown=4.6,acc=0.9302)       gap=0.0008
probe=01  phase=followup_transition   prior=(170, 60)       eval=(170, 36)           cost=2/10   acc=0.9294
probe=02  phase=followup_transition   prior=(170, 60)       eval=(4.6, 7.7)          cost=4/10   acc=0.9274
probe=03  phase=followup_transition   prior=(170, 60)       eval=(5900, 460)         cost=6/10   acc=0.1000
probe=04  phase=followup_transition   prior=(170, 60)       eval=(280, 21)           cost=8/10   acc=0.9255
probe=05  phase=followup_transition   prior=(170, 60)       eval=(99, 2100)          cost=10/10  acc=0.1179
source=cifar_search_bias_split_plots  shift=-2   interval=2  attr=bn_bias_lr      global=(main=170,cooldown=2.8,acc=0.9339)       gap=0.0003
probe=01  phase=followup_transition   prior=(170, 36)       eval=(170, 21)           cost=2/10   acc=0.9336
probe=02  phase=followup_transition   prior=(170, 36)       eval=(4.6, 4.6)          cost=4/10   acc=0.9330
probe=03  phase=followup_transition   prior=(170, 36)       eval=(5900, 280)         cost=6/10   acc=0.1000
probe=04  phase=followup_transition   prior=(170, 36)       eval=(280, 13)           cost=8/10   acc=0.9315
probe=05  phase=followup_transition   prior=(170, 36)       eval=(99, 1300)          cost=10/10  acc=0.1000
source=cifar_search_bias_split_plots  shift=-2   interval=3  attr=bn_bias_lr      global=(main=21,cooldown=21,acc=0.9410)         gap=0.0007
probe=01  phase=followup_transition   prior=(170, 21)       eval=(170, 13)           cost=2/10   acc=0.9372
probe=02  phase=followup_transition   prior=(170, 21)       eval=(4.6, 2.8)          cost=4/10   acc=0.9403
probe=03  phase=followup_transition   prior=(170, 21)       eval=(5900, 170)         cost=6/10   acc=0.1000
probe=04  phase=followup_transition   prior=(170, 21)       eval=(280, 7.7)          cost=8/10   acc=0.9373
probe=05  phase=followup_transition   prior=(170, 21)       eval=(99, 770)           cost=10/10  acc=0.9039
source=cifar_search_bias_split_plots  shift=-1   interval=0  attr=bn_bias_lr      global=(main=99,cooldown=36,acc=0.9113)         gap=0
probe=01  phase=main_screen           prior=(none, none)    eval=(0.13, none)        cost=1/20   acc=0.8019
probe=02  phase=main_screen           prior=(none, none)    eval=(0.6, none)         cost=2/20   acc=0.8019
probe=03  phase=main_screen           prior=(none, none)    eval=(2.8, none)         cost=3/20   acc=0.7767
probe=04  phase=main_screen           prior=(none, none)    eval=(13, none)          cost=4/20   acc=0.7865
probe=05  phase=main_screen           prior=(none, none)    eval=(60, none)          cost=5/20   acc=0.8040
probe=06  phase=main_screen           prior=(none, none)    eval=(280, none)         cost=6/20   acc=0.7542
probe=07  phase=main_screen           prior=(none, none)    eval=(1300, none)        cost=7/20   acc=0.5351
probe=08  phase=main_screen           prior=(none, none)    eval=(5900, none)        cost=8/20   acc=0.2394
probe=09  phase=main_screen           prior=(none, none)    eval=(27000, none)       cost=9/20   acc=0.1000
probe=10  phase=first_interval_probe  prior=(none, none)    eval=(60, 21)            cost=10/20  acc=0.9083
probe=11  phase=first_interval_probe  prior=(none, none)    eval=(99, 36)            cost=12/20  acc=0.9113
probe=12  phase=first_interval_probe  prior=(none, none)    eval=(13, 36)            cost=13/20  acc=0.9060
probe=13  phase=first_interval_probe  prior=(none, none)    eval=(36, 13)            cost=15/20  acc=0.9065
probe=14  phase=first_interval_probe  prior=(none, none)    eval=(170, 60)           cost=17/20  acc=0.9047
probe=15  phase=first_interval_probe  prior=(none, none)    eval=(36, 99)            cost=18/20  acc=0.9029
probe=16  phase=first_interval_probe  prior=(none, none)    eval=(4.6, 13)           cost=20/20  acc=0.9043
source=cifar_search_bias_split_plots  shift=-1   interval=1  attr=bn_bias_lr      global=(main=99,cooldown=2.8,acc=0.9302)        gap=0.0008
probe=01  phase=followup_transition   prior=(99, 36)        eval=(99, 21)            cost=2/10   acc=0.9294
probe=02  phase=followup_transition   prior=(99, 36)        eval=(2.8, 4.6)          cost=4/10   acc=0.9274
probe=03  phase=followup_transition   prior=(99, 36)        eval=(3500, 280)         cost=6/10   acc=0.1000
probe=04  phase=followup_transition   prior=(99, 36)        eval=(170, 13)           cost=8/10   acc=0.9255
probe=05  phase=followup_transition   prior=(99, 36)        eval=(60, 1300)          cost=10/10  acc=0.1179
source=cifar_search_bias_split_plots  shift=-1   interval=2  attr=bn_bias_lr      global=(main=99,cooldown=1.7,acc=0.9339)        gap=0.0003
probe=01  phase=followup_transition   prior=(99, 21)        eval=(99, 13)            cost=2/10   acc=0.9336
probe=02  phase=followup_transition   prior=(99, 21)        eval=(2.8, 2.8)          cost=4/10   acc=0.9330
probe=03  phase=followup_transition   prior=(99, 21)        eval=(3500, 170)         cost=6/10   acc=0.1000
probe=04  phase=followup_transition   prior=(99, 21)        eval=(170, 7.7)          cost=8/10   acc=0.9315
probe=05  phase=followup_transition   prior=(99, 21)        eval=(60, 770)           cost=10/10  acc=0.1000
source=cifar_search_bias_split_plots  shift=-1   interval=3  attr=bn_bias_lr      global=(main=13,cooldown=13,acc=0.9410)         gap=0.0007
probe=01  phase=followup_transition   prior=(99, 13)        eval=(99, 7.7)           cost=2/10   acc=0.9372
probe=02  phase=followup_transition   prior=(99, 13)        eval=(2.8, 1.7)          cost=4/10   acc=0.9403
probe=03  phase=followup_transition   prior=(99, 13)        eval=(3500, 99)          cost=6/10   acc=0.1000
probe=04  phase=followup_transition   prior=(99, 13)        eval=(170, 4.6)          cost=8/10   acc=0.9373
probe=05  phase=followup_transition   prior=(99, 13)        eval=(60, 460)           cost=10/10  acc=0.9039
source=cifar_search_bias_split_plots  shift=0    interval=0  attr=bn_bias_lr      global=(main=60,cooldown=21,acc=0.9113)         gap=0
probe=01  phase=main_screen           prior=(none, none)    eval=(0.13, none)        cost=1/20   acc=0.8019
probe=02  phase=main_screen           prior=(none, none)    eval=(0.6, none)         cost=2/20   acc=0.8019
probe=03  phase=main_screen           prior=(none, none)    eval=(2.8, none)         cost=3/20   acc=0.7805
probe=04  phase=main_screen           prior=(none, none)    eval=(13, none)          cost=4/20   acc=0.7861
probe=05  phase=main_screen           prior=(none, none)    eval=(60, none)          cost=5/20   acc=0.8016
probe=06  phase=main_screen           prior=(none, none)    eval=(280, none)         cost=6/20   acc=0.7714
probe=07  phase=main_screen           prior=(none, none)    eval=(1300, none)        cost=7/20   acc=0.3618
probe=08  phase=main_screen           prior=(none, none)    eval=(5900, none)        cost=8/20   acc=0.1885
probe=09  phase=main_screen           prior=(none, none)    eval=(27000, none)       cost=9/20   acc=0.1000
probe=10  phase=first_interval_probe  prior=(none, none)    eval=(60, 21)            cost=10/20  acc=0.9113
probe=11  phase=first_interval_probe  prior=(none, none)    eval=(99, 36)            cost=12/20  acc=0.9047
probe=12  phase=first_interval_probe  prior=(none, none)    eval=(13, 36)            cost=13/20  acc=0.9062
probe=13  phase=first_interval_probe  prior=(none, none)    eval=(36, 13)            cost=15/20  acc=0.9083
probe=14  phase=first_interval_probe  prior=(none, none)    eval=(170, 60)           cost=17/20  acc=0.9073
probe=15  phase=first_interval_probe  prior=(none, none)    eval=(36, 99)            cost=18/20  acc=0.9002
probe=16  phase=first_interval_probe  prior=(none, none)    eval=(4.6, 13)           cost=20/20  acc=0.9056
source=cifar_search_bias_split_plots  shift=0    interval=1  attr=bn_bias_lr      global=(main=60,cooldown=1.7,acc=0.9302)        gap=0.0008
probe=01  phase=followup_transition   prior=(60, 21)        eval=(60, 13)            cost=2/10   acc=0.9294
probe=02  phase=followup_transition   prior=(60, 21)        eval=(1.7, 2.8)          cost=4/10   acc=0.9274
probe=03  phase=followup_transition   prior=(60, 21)        eval=(2100, 170)         cost=6/10   acc=0.1000
probe=04  phase=followup_transition   prior=(60, 21)        eval=(99, 7.7)           cost=8/10   acc=0.9255
probe=05  phase=followup_transition   prior=(60, 21)        eval=(36, 770)           cost=10/10  acc=0.1179
source=cifar_search_bias_split_plots  shift=0    interval=2  attr=bn_bias_lr      global=(main=60,cooldown=1,acc=0.9339)          gap=0.0003
probe=01  phase=followup_transition   prior=(60, 13)        eval=(60, 7.7)           cost=2/10   acc=0.9336
probe=02  phase=followup_transition   prior=(60, 13)        eval=(1.7, 1.7)          cost=4/10   acc=0.9330
probe=03  phase=followup_transition   prior=(60, 13)        eval=(2100, 99)          cost=6/10   acc=0.1000
probe=04  phase=followup_transition   prior=(60, 13)        eval=(99, 4.6)           cost=8/10   acc=0.9315
probe=05  phase=followup_transition   prior=(60, 13)        eval=(36, 460)           cost=10/10  acc=0.1000
source=cifar_search_bias_split_plots  shift=0    interval=3  attr=bn_bias_lr      global=(main=7.7,cooldown=7.7,acc=0.9410)       gap=0.0007
probe=01  phase=followup_transition   prior=(60, 7.7)       eval=(60, 4.6)           cost=2/10   acc=0.9372
probe=02  phase=followup_transition   prior=(60, 7.7)       eval=(1.7, 1)            cost=4/10   acc=0.9403
probe=03  phase=followup_transition   prior=(60, 7.7)       eval=(2100, 60)          cost=6/10   acc=0.1000
probe=04  phase=followup_transition   prior=(60, 7.7)       eval=(99, 2.8)           cost=8/10   acc=0.9373
probe=05  phase=followup_transition   prior=(60, 7.7)       eval=(36, 280)           cost=10/10  acc=0.9039
source=cifar_search_bias_split_plots  shift=1    interval=0  attr=bn_bias_lr      global=(main=36,cooldown=13,acc=0.9113)         gap=0
probe=01  phase=main_screen           prior=(none, none)    eval=(0.13, none)        cost=1/20   acc=0.8019
probe=02  phase=main_screen           prior=(none, none)    eval=(0.6, none)         cost=2/20   acc=0.8019
probe=03  phase=main_screen           prior=(none, none)    eval=(2.8, none)         cost=3/20   acc=0.8127
probe=04  phase=main_screen           prior=(none, none)    eval=(13, none)          cost=4/20   acc=0.7979
probe=05  phase=main_screen           prior=(none, none)    eval=(60, none)          cost=5/20   acc=0.7734
probe=06  phase=main_screen           prior=(none, none)    eval=(280, none)         cost=6/20   acc=0.7401
probe=07  phase=main_screen           prior=(none, none)    eval=(1300, none)        cost=7/20   acc=0.1574
probe=08  phase=main_screen           prior=(none, none)    eval=(5900, none)        cost=8/20   acc=0.1075
probe=09  phase=main_screen           prior=(none, none)    eval=(27000, none)       cost=9/20   acc=0.1000
probe=10  phase=first_interval_probe  prior=(none, none)    eval=(13, 4.6)           cost=10/20  acc=0.9065
probe=11  phase=first_interval_probe  prior=(none, none)    eval=(21, 7.7)           cost=12/20  acc=0.9083
probe=12  phase=first_interval_probe  prior=(none, none)    eval=(2.8, 7.7)          cost=13/20  acc=0.9056
probe=13  phase=first_interval_probe  prior=(none, none)    eval=(7.7, 2.8)          cost=15/20  acc=0.9066
probe=14  phase=first_interval_probe  prior=(none, none)    eval=(36, 13)            cost=17/20  acc=0.9113
probe=15  phase=first_interval_probe  prior=(none, none)    eval=(7.7, 21)           cost=18/20  acc=0.9062
probe=16  phase=first_interval_probe  prior=(none, none)    eval=(1, 2.8)            cost=20/20  acc=0.9021
source=cifar_search_bias_split_plots  shift=1    interval=1  attr=bn_bias_lr      global=(main=36,cooldown=1,acc=0.9302)          gap=0.0008
probe=01  phase=followup_transition   prior=(36, 13)        eval=(36, 7.7)           cost=2/10   acc=0.9294
probe=02  phase=followup_transition   prior=(36, 13)        eval=(1, 1.7)            cost=4/10   acc=0.9274
probe=03  phase=followup_transition   prior=(36, 13)        eval=(1300, 99)          cost=6/10   acc=0.1000
probe=04  phase=followup_transition   prior=(36, 13)        eval=(60, 4.6)           cost=8/10   acc=0.9255
probe=05  phase=followup_transition   prior=(36, 13)        eval=(21, 460)           cost=10/10  acc=0.1179
source=cifar_search_bias_split_plots  shift=1    interval=2  attr=bn_bias_lr      global=(main=36,cooldown=0.6,acc=0.9339)        gap=0.0003
probe=01  phase=followup_transition   prior=(36, 7.7)       eval=(36, 4.6)           cost=2/10   acc=0.9336
probe=02  phase=followup_transition   prior=(36, 7.7)       eval=(1, 1)              cost=4/10   acc=0.9330
probe=03  phase=followup_transition   prior=(36, 7.7)       eval=(1300, 60)          cost=6/10   acc=0.1000
probe=04  phase=followup_transition   prior=(36, 7.7)       eval=(60, 2.8)           cost=8/10   acc=0.9315
probe=05  phase=followup_transition   prior=(36, 7.7)       eval=(21, 280)           cost=10/10  acc=0.1000
source=cifar_search_bias_split_plots  shift=1    interval=3  attr=bn_bias_lr      global=(main=4.6,cooldown=4.6,acc=0.9410)       gap=0.0007
probe=01  phase=followup_transition   prior=(36, 4.6)       eval=(36, 2.8)           cost=2/10   acc=0.9372
probe=02  phase=followup_transition   prior=(36, 4.6)       eval=(1, 0.6)            cost=4/10   acc=0.9403
probe=03  phase=followup_transition   prior=(36, 4.6)       eval=(1300, 36)          cost=6/10   acc=0.1000
probe=04  phase=followup_transition   prior=(36, 4.6)       eval=(60, 1.7)           cost=8/10   acc=0.9373
probe=05  phase=followup_transition   prior=(36, 4.6)       eval=(21, 170)           cost=10/10  acc=0.9039
source=cifar_search_bias_split_plots  shift=2    interval=0  attr=bn_bias_lr      global=(main=21,cooldown=7.7,acc=0.9113)        gap=0
probe=01  phase=main_screen           prior=(none, none)    eval=(0.13, none)        cost=1/20   acc=0.8019
probe=02  phase=main_screen           prior=(none, none)    eval=(0.6, none)         cost=2/20   acc=0.7767
probe=03  phase=main_screen           prior=(none, none)    eval=(2.8, none)         cost=3/20   acc=0.7865
probe=04  phase=main_screen           prior=(none, none)    eval=(13, none)          cost=4/20   acc=0.8040
probe=05  phase=main_screen           prior=(none, none)    eval=(60, none)          cost=5/20   acc=0.7542
probe=06  phase=main_screen           prior=(none, none)    eval=(280, none)         cost=6/20   acc=0.5351
probe=07  phase=main_screen           prior=(none, none)    eval=(1300, none)        cost=7/20   acc=0.2394
probe=08  phase=main_screen           prior=(none, none)    eval=(5900, none)        cost=8/20   acc=0.1000
probe=09  phase=main_screen           prior=(none, none)    eval=(27000, none)       cost=9/20   acc=0.1000
probe=10  phase=first_interval_probe  prior=(none, none)    eval=(13, 4.6)           cost=10/20  acc=0.9083
probe=11  phase=first_interval_probe  prior=(none, none)    eval=(21, 7.7)           cost=12/20  acc=0.9113
probe=12  phase=first_interval_probe  prior=(none, none)    eval=(2.8, 7.7)          cost=13/20  acc=0.9060
probe=13  phase=first_interval_probe  prior=(none, none)    eval=(7.7, 2.8)          cost=15/20  acc=0.9065
probe=14  phase=first_interval_probe  prior=(none, none)    eval=(36, 13)            cost=17/20  acc=0.9047
probe=15  phase=first_interval_probe  prior=(none, none)    eval=(7.7, 21)           cost=18/20  acc=0.9029
probe=16  phase=first_interval_probe  prior=(none, none)    eval=(1, 2.8)            cost=20/20  acc=0.9043
source=cifar_search_bias_split_plots  shift=2    interval=1  attr=bn_bias_lr      global=(main=21,cooldown=0.6,acc=0.9302)        gap=0.0008
probe=01  phase=followup_transition   prior=(21, 7.7)       eval=(21, 4.6)           cost=2/10   acc=0.9294
probe=02  phase=followup_transition   prior=(21, 7.7)       eval=(0.6, 1)            cost=4/10   acc=0.9274
probe=03  phase=followup_transition   prior=(21, 7.7)       eval=(770, 60)           cost=6/10   acc=0.1000
probe=04  phase=followup_transition   prior=(21, 7.7)       eval=(36, 2.8)           cost=8/10   acc=0.9255
probe=05  phase=followup_transition   prior=(21, 7.7)       eval=(13, 280)           cost=10/10  acc=0.1179
source=cifar_search_bias_split_plots  shift=2    interval=2  attr=bn_bias_lr      global=(main=21,cooldown=0.36,acc=0.9339)       gap=0.0003
probe=01  phase=followup_transition   prior=(21, 4.6)       eval=(21, 2.8)           cost=2/10   acc=0.9336
probe=02  phase=followup_transition   prior=(21, 4.6)       eval=(0.6, 0.6)          cost=4/10   acc=0.9330
probe=03  phase=followup_transition   prior=(21, 4.6)       eval=(770, 36)           cost=6/10   acc=0.1000
probe=04  phase=followup_transition   prior=(21, 4.6)       eval=(36, 1.7)           cost=8/10   acc=0.9315
probe=05  phase=followup_transition   prior=(21, 4.6)       eval=(13, 170)           cost=10/10  acc=0.1000
source=cifar_search_bias_split_plots  shift=2    interval=3  attr=bn_bias_lr      global=(main=2.8,cooldown=2.8,acc=0.9410)       gap=0.0007
probe=01  phase=followup_transition   prior=(21, 2.8)       eval=(21, 1.7)           cost=2/10   acc=0.9372
probe=02  phase=followup_transition   prior=(21, 2.8)       eval=(0.6, 0.36)         cost=4/10   acc=0.9403
probe=03  phase=followup_transition   prior=(21, 2.8)       eval=(770, 21)           cost=6/10   acc=0.1000
probe=04  phase=followup_transition   prior=(21, 2.8)       eval=(36, 1)             cost=8/10   acc=0.9373
probe=05  phase=followup_transition   prior=(21, 2.8)       eval=(13, 99)            cost=10/10  acc=0.9039
source=cifar_search_bias_split_plots  shift=3    interval=0  attr=bn_bias_lr      global=(main=13,cooldown=4.6,acc=0.9113)        gap=0
probe=01  phase=main_screen           prior=(none, none)    eval=(0.13, none)        cost=1/20   acc=0.8019
probe=02  phase=main_screen           prior=(none, none)    eval=(0.6, none)         cost=2/20   acc=0.7805
probe=03  phase=main_screen           prior=(none, none)    eval=(2.8, none)         cost=3/20   acc=0.7861
probe=04  phase=main_screen           prior=(none, none)    eval=(13, none)          cost=4/20   acc=0.8016
probe=05  phase=main_screen           prior=(none, none)    eval=(60, none)          cost=5/20   acc=0.7714
probe=06  phase=main_screen           prior=(none, none)    eval=(280, none)         cost=6/20   acc=0.3618
probe=07  phase=main_screen           prior=(none, none)    eval=(1300, none)        cost=7/20   acc=0.1885
probe=08  phase=main_screen           prior=(none, none)    eval=(5900, none)        cost=8/20   acc=0.1000
probe=09  phase=main_screen           prior=(none, none)    eval=(27000, none)       cost=9/20   acc=0.1000
probe=10  phase=first_interval_probe  prior=(none, none)    eval=(13, 4.6)           cost=10/20  acc=0.9113
probe=11  phase=first_interval_probe  prior=(none, none)    eval=(21, 7.7)           cost=12/20  acc=0.9047
probe=12  phase=first_interval_probe  prior=(none, none)    eval=(2.8, 7.7)          cost=13/20  acc=0.9062
probe=13  phase=first_interval_probe  prior=(none, none)    eval=(7.7, 2.8)          cost=15/20  acc=0.9083
probe=14  phase=first_interval_probe  prior=(none, none)    eval=(36, 13)            cost=17/20  acc=0.9073
probe=15  phase=first_interval_probe  prior=(none, none)    eval=(7.7, 21)           cost=18/20  acc=0.9002
probe=16  phase=first_interval_probe  prior=(none, none)    eval=(1, 2.8)            cost=20/20  acc=0.9056
source=cifar_search_bias_split_plots  shift=3    interval=1  attr=bn_bias_lr      global=(main=13,cooldown=0.36,acc=0.9302)       gap=0.0008
probe=01  phase=followup_transition   prior=(13, 4.6)       eval=(13, 2.8)           cost=2/10   acc=0.9294
probe=02  phase=followup_transition   prior=(13, 4.6)       eval=(0.36, 0.6)         cost=4/10   acc=0.9274
probe=03  phase=followup_transition   prior=(13, 4.6)       eval=(460, 36)           cost=6/10   acc=0.1000
probe=04  phase=followup_transition   prior=(13, 4.6)       eval=(21, 1.7)           cost=8/10   acc=0.9255
probe=05  phase=followup_transition   prior=(13, 4.6)       eval=(7.7, 170)          cost=10/10  acc=0.1179
source=cifar_search_bias_split_plots  shift=3    interval=2  attr=bn_bias_lr      global=(main=13,cooldown=0.22,acc=0.9339)       gap=0.0003
probe=01  phase=followup_transition   prior=(13, 2.8)       eval=(13, 1.7)           cost=2/10   acc=0.9336
probe=02  phase=followup_transition   prior=(13, 2.8)       eval=(0.36, 0.36)        cost=4/10   acc=0.9330
probe=03  phase=followup_transition   prior=(13, 2.8)       eval=(460, 21)           cost=6/10   acc=0.1000
probe=04  phase=followup_transition   prior=(13, 2.8)       eval=(21, 1)             cost=8/10   acc=0.9315
probe=05  phase=followup_transition   prior=(13, 2.8)       eval=(7.7, 99)           cost=10/10  acc=0.1000
source=cifar_search_bias_split_plots  shift=3    interval=3  attr=bn_bias_lr      global=(main=1.7,cooldown=1.7,acc=0.9410)       gap=0.0007
probe=01  phase=followup_transition   prior=(13, 1.7)       eval=(13, 1)             cost=2/10   acc=0.9372
probe=02  phase=followup_transition   prior=(13, 1.7)       eval=(0.36, 0.22)        cost=4/10   acc=0.9403
probe=03  phase=followup_transition   prior=(13, 1.7)       eval=(460, 13)           cost=6/10   acc=0.1000
probe=04  phase=followup_transition   prior=(13, 1.7)       eval=(21, 0.6)           cost=8/10   acc=0.9373
probe=05  phase=followup_transition   prior=(13, 1.7)       eval=(7.7, 60)           cost=10/10  acc=0.9039
source=cifar_search_bias_split_plots  shift=4    interval=0  attr=bn_bias_lr      global=(main=7.7,cooldown=2.8,acc=0.9113)       gap=0
probe=01  phase=main_screen           prior=(none, none)    eval=(0.13, none)        cost=1/20   acc=0.8019
probe=02  phase=main_screen           prior=(none, none)    eval=(0.6, none)         cost=2/20   acc=0.8127
probe=03  phase=main_screen           prior=(none, none)    eval=(2.8, none)         cost=3/20   acc=0.7979
probe=04  phase=main_screen           prior=(none, none)    eval=(13, none)          cost=4/20   acc=0.7734
probe=05  phase=main_screen           prior=(none, none)    eval=(60, none)          cost=5/20   acc=0.7401
probe=06  phase=main_screen           prior=(none, none)    eval=(280, none)         cost=6/20   acc=0.1574
probe=07  phase=main_screen           prior=(none, none)    eval=(1300, none)        cost=7/20   acc=0.1075
probe=08  phase=main_screen           prior=(none, none)    eval=(5900, none)        cost=8/20   acc=0.1000
probe=09  phase=main_screen           prior=(none, none)    eval=(27000, none)       cost=9/20   acc=0.1000
probe=10  phase=first_interval_probe  prior=(none, none)    eval=(2.8, 1)            cost=10/20  acc=0.9065
probe=11  phase=first_interval_probe  prior=(none, none)    eval=(4.6, 1.7)          cost=12/20  acc=0.9083
probe=12  phase=first_interval_probe  prior=(none, none)    eval=(0.6, 1.7)          cost=13/20  acc=0.9056
probe=13  phase=first_interval_probe  prior=(none, none)    eval=(1.7, 0.6)          cost=15/20  acc=0.9066
probe=14  phase=first_interval_probe  prior=(none, none)    eval=(7.7, 2.8)          cost=17/20  acc=0.9113
probe=15  phase=first_interval_probe  prior=(none, none)    eval=(1.7, 4.6)          cost=18/20  acc=0.9062
probe=16  phase=first_interval_probe  prior=(none, none)    eval=(0.22, 0.6)         cost=20/20  acc=0.9021
source=cifar_search_bias_split_plots  shift=4    interval=1  attr=bn_bias_lr      global=(main=7.7,cooldown=0.22,acc=0.9302)      gap=0.0008
probe=01  phase=followup_transition   prior=(7.7, 2.8)      eval=(7.7, 1.7)          cost=2/10   acc=0.9294
probe=02  phase=followup_transition   prior=(7.7, 2.8)      eval=(0.22, 0.36)        cost=4/10   acc=0.9274
probe=03  phase=followup_transition   prior=(7.7, 2.8)      eval=(280, 21)           cost=6/10   acc=0.1000
probe=04  phase=followup_transition   prior=(7.7, 2.8)      eval=(13, 1)             cost=8/10   acc=0.9255
probe=05  phase=followup_transition   prior=(7.7, 2.8)      eval=(4.6, 99)           cost=10/10  acc=0.1179
source=cifar_search_bias_split_plots  shift=4    interval=2  attr=bn_bias_lr      global=(main=7.7,cooldown=0.13,acc=0.9339)      gap=0.0003
probe=01  phase=followup_transition   prior=(7.7, 1.7)      eval=(7.7, 1)            cost=2/10   acc=0.9336
probe=02  phase=followup_transition   prior=(7.7, 1.7)      eval=(0.22, 0.22)        cost=4/10   acc=0.9330
probe=03  phase=followup_transition   prior=(7.7, 1.7)      eval=(280, 13)           cost=6/10   acc=0.1000
probe=04  phase=followup_transition   prior=(7.7, 1.7)      eval=(13, 0.6)           cost=8/10   acc=0.9315
probe=05  phase=followup_transition   prior=(7.7, 1.7)      eval=(4.6, 60)           cost=10/10  acc=0.1000
source=cifar_search_bias_split_plots  shift=4    interval=3  attr=bn_bias_lr      global=(main=1,cooldown=1,acc=0.9410)           gap=0.0007
probe=01  phase=followup_transition   prior=(7.7, 1)        eval=(7.7, 0.6)          cost=2/10   acc=0.9372
probe=02  phase=followup_transition   prior=(7.7, 1)        eval=(0.22, 0.13)        cost=4/10   acc=0.9403
probe=03  phase=followup_transition   prior=(7.7, 1)        eval=(280, 7.7)          cost=6/10   acc=0.1000
probe=04  phase=followup_transition   prior=(7.7, 1)        eval=(13, 0.36)          cost=8/10   acc=0.9373
probe=05  phase=followup_transition   prior=(7.7, 1)        eval=(4.6, 36)           cost=10/10  acc=0.9039
source=cifar_search_bias_split_plots  shift=5    interval=0  attr=bn_bias_lr      global=(main=4.6,cooldown=1.7,acc=0.9113)       gap=0
probe=01  phase=main_screen           prior=(none, none)    eval=(0.13, none)        cost=1/20   acc=0.7767
probe=02  phase=main_screen           prior=(none, none)    eval=(0.6, none)         cost=2/20   acc=0.7865
probe=03  phase=main_screen           prior=(none, none)    eval=(2.8, none)         cost=3/20   acc=0.8040
probe=04  phase=main_screen           prior=(none, none)    eval=(13, none)          cost=4/20   acc=0.7542
probe=05  phase=main_screen           prior=(none, none)    eval=(60, none)          cost=5/20   acc=0.5351
probe=06  phase=main_screen           prior=(none, none)    eval=(280, none)         cost=6/20   acc=0.2394
probe=07  phase=main_screen           prior=(none, none)    eval=(1300, none)        cost=7/20   acc=0.1000
probe=08  phase=main_screen           prior=(none, none)    eval=(5900, none)        cost=8/20   acc=0.1000
probe=09  phase=main_screen           prior=(none, none)    eval=(27000, none)       cost=9/20   acc=0.1000
probe=10  phase=first_interval_probe  prior=(none, none)    eval=(2.8, 1)            cost=10/20  acc=0.9083
probe=11  phase=first_interval_probe  prior=(none, none)    eval=(4.6, 1.7)          cost=12/20  acc=0.9113
probe=12  phase=first_interval_probe  prior=(none, none)    eval=(0.6, 1.7)          cost=13/20  acc=0.9060
probe=13  phase=first_interval_probe  prior=(none, none)    eval=(1.7, 0.6)          cost=15/20  acc=0.9065
probe=14  phase=first_interval_probe  prior=(none, none)    eval=(7.7, 2.8)          cost=17/20  acc=0.9047
probe=15  phase=first_interval_probe  prior=(none, none)    eval=(1.7, 4.6)          cost=18/20  acc=0.9029
probe=16  phase=first_interval_probe  prior=(none, none)    eval=(0.22, 0.6)         cost=20/20  acc=0.9043
source=cifar_search_bias_split_plots  shift=5    interval=1  attr=bn_bias_lr      global=(main=4.6,cooldown=0.13,acc=0.9302)      gap=0.0008
probe=01  phase=followup_transition   prior=(4.6, 1.7)      eval=(4.6, 1)            cost=2/10   acc=0.9294
probe=02  phase=followup_transition   prior=(4.6, 1.7)      eval=(0.13, 0.22)        cost=4/10   acc=0.9274
probe=03  phase=followup_transition   prior=(4.6, 1.7)      eval=(170, 13)           cost=6/10   acc=0.1000
probe=04  phase=followup_transition   prior=(4.6, 1.7)      eval=(7.7, 0.6)          cost=8/10   acc=0.9255
probe=05  phase=followup_transition   prior=(4.6, 1.7)      eval=(2.8, 60)           cost=10/10  acc=0.1179
source=cifar_search_bias_split_plots  shift=5    interval=2  attr=bn_bias_lr      global=(main=4.6,cooldown=0.078,acc=0.9339)     gap=0.0003
probe=01  phase=followup_transition   prior=(4.6, 1)        eval=(4.6, 0.6)          cost=2/10   acc=0.9336
probe=02  phase=followup_transition   prior=(4.6, 1)        eval=(0.13, 0.13)        cost=4/10   acc=0.9330
probe=03  phase=followup_transition   prior=(4.6, 1)        eval=(170, 7.7)          cost=6/10   acc=0.1000
probe=04  phase=followup_transition   prior=(4.6, 1)        eval=(7.7, 0.36)         cost=8/10   acc=0.9315
probe=05  phase=followup_transition   prior=(4.6, 1)        eval=(2.8, 36)           cost=10/10  acc=0.1000
source=cifar_search_bias_split_plots  shift=5    interval=3  attr=bn_bias_lr      global=(main=0.6,cooldown=0.6,acc=0.9410)       gap=0.0007
probe=01  phase=followup_transition   prior=(4.6, 0.6)      eval=(4.6, 0.36)         cost=2/10   acc=0.9372
probe=02  phase=followup_transition   prior=(4.6, 0.6)      eval=(0.13, 0.078)       cost=4/10   acc=0.9403
probe=03  phase=followup_transition   prior=(4.6, 0.6)      eval=(170, 4.6)          cost=6/10   acc=0.1000
probe=04  phase=followup_transition   prior=(4.6, 0.6)      eval=(7.7, 0.22)         cost=8/10   acc=0.9373
probe=05  phase=followup_transition   prior=(4.6, 0.6)      eval=(2.8, 21)           cost=10/10  acc=0.9039
source=cifar_search_bias_split_plots  shift=6    interval=0  attr=bn_bias_lr      global=(main=2.8,cooldown=1,acc=0.9113)         gap=0
probe=01  phase=main_screen           prior=(none, none)    eval=(0.13, none)        cost=1/20   acc=0.7805
probe=02  phase=main_screen           prior=(none, none)    eval=(0.6, none)         cost=2/20   acc=0.7861
probe=03  phase=main_screen           prior=(none, none)    eval=(2.8, none)         cost=3/20   acc=0.8016
probe=04  phase=main_screen           prior=(none, none)    eval=(13, none)          cost=4/20   acc=0.7714
probe=05  phase=main_screen           prior=(none, none)    eval=(60, none)          cost=5/20   acc=0.3618
probe=06  phase=main_screen           prior=(none, none)    eval=(280, none)         cost=6/20   acc=0.1885
probe=07  phase=main_screen           prior=(none, none)    eval=(1300, none)        cost=7/20   acc=0.1000
probe=08  phase=main_screen           prior=(none, none)    eval=(5900, none)        cost=8/20   acc=0.1000
probe=09  phase=main_screen           prior=(none, none)    eval=(27000, none)       cost=9/20   acc=0.1000
probe=10  phase=first_interval_probe  prior=(none, none)    eval=(2.8, 1)            cost=10/20  acc=0.9113
probe=11  phase=first_interval_probe  prior=(none, none)    eval=(4.6, 1.7)          cost=12/20  acc=0.9047
probe=12  phase=first_interval_probe  prior=(none, none)    eval=(0.6, 1.7)          cost=13/20  acc=0.9062
probe=13  phase=first_interval_probe  prior=(none, none)    eval=(1.7, 0.6)          cost=15/20  acc=0.9083
probe=14  phase=first_interval_probe  prior=(none, none)    eval=(7.7, 2.8)          cost=17/20  acc=0.9073
probe=15  phase=first_interval_probe  prior=(none, none)    eval=(1.7, 4.6)          cost=18/20  acc=0.9002
probe=16  phase=first_interval_probe  prior=(none, none)    eval=(0.22, 0.6)         cost=20/20  acc=0.9056
source=cifar_search_bias_split_plots  shift=6    interval=1  attr=bn_bias_lr      global=(main=2.8,cooldown=0.078,acc=0.9302)     gap=0.0008
probe=01  phase=followup_transition   prior=(2.8, 1)        eval=(2.8, 0.6)          cost=2/10   acc=0.9294
probe=02  phase=followup_transition   prior=(2.8, 1)        eval=(0.078, 0.13)       cost=4/10   acc=0.9274
probe=03  phase=followup_transition   prior=(2.8, 1)        eval=(99, 7.7)           cost=6/10   acc=0.1000
probe=04  phase=followup_transition   prior=(2.8, 1)        eval=(4.6, 0.36)         cost=8/10   acc=0.9255
probe=05  phase=followup_transition   prior=(2.8, 1)        eval=(1.7, 36)           cost=10/10  acc=0.1179
source=cifar_search_bias_split_plots  shift=6    interval=2  attr=bn_bias_lr      global=(main=2.8,cooldown=0.047,acc=0.9339)     gap=0.0003
probe=01  phase=followup_transition   prior=(2.8, 0.6)      eval=(2.8, 0.36)         cost=2/10   acc=0.9336
probe=02  phase=followup_transition   prior=(2.8, 0.6)      eval=(0.078, 0.078)      cost=4/10   acc=0.9330
probe=03  phase=followup_transition   prior=(2.8, 0.6)      eval=(99, 4.6)           cost=6/10   acc=0.1000
probe=04  phase=followup_transition   prior=(2.8, 0.6)      eval=(4.6, 0.22)         cost=8/10   acc=0.9315
probe=05  phase=followup_transition   prior=(2.8, 0.6)      eval=(1.7, 21)           cost=10/10  acc=0.1000
source=cifar_search_bias_split_plots  shift=6    interval=3  attr=bn_bias_lr      global=(main=0.36,cooldown=0.36,acc=0.9410)     gap=0.0007
probe=01  phase=followup_transition   prior=(2.8, 0.36)     eval=(2.8, 0.22)         cost=2/10   acc=0.9372
probe=02  phase=followup_transition   prior=(2.8, 0.36)     eval=(0.078, 0.047)      cost=4/10   acc=0.9403
probe=03  phase=followup_transition   prior=(2.8, 0.36)     eval=(99, 2.8)           cost=6/10   acc=0.1000
probe=04  phase=followup_transition   prior=(2.8, 0.36)     eval=(4.6, 0.13)         cost=8/10   acc=0.9373
probe=05  phase=followup_transition   prior=(2.8, 0.36)     eval=(1.7, 13)           cost=10/10  acc=0.9039
source=cifar_search_bias_split_plots  shift=7    interval=0  attr=bn_bias_lr      global=(main=1.7,cooldown=0.6,acc=0.9113)       gap=0
probe=01  phase=main_screen           prior=(none, none)    eval=(0.13, none)        cost=1/20   acc=0.8127
probe=02  phase=main_screen           prior=(none, none)    eval=(0.6, none)         cost=2/20   acc=0.7979
probe=03  phase=main_screen           prior=(none, none)    eval=(2.8, none)         cost=3/20   acc=0.7734
probe=04  phase=main_screen           prior=(none, none)    eval=(13, none)          cost=4/20   acc=0.7401
probe=05  phase=main_screen           prior=(none, none)    eval=(60, none)          cost=5/20   acc=0.1574
probe=06  phase=main_screen           prior=(none, none)    eval=(280, none)         cost=6/20   acc=0.1075
probe=07  phase=main_screen           prior=(none, none)    eval=(1300, none)        cost=7/20   acc=0.1000
probe=08  phase=main_screen           prior=(none, none)    eval=(5900, none)        cost=8/20   acc=0.1000
probe=09  phase=main_screen           prior=(none, none)    eval=(27000, none)       cost=9/20   acc=0.1000
probe=10  phase=first_interval_probe  prior=(none, none)    eval=(0.6, 0.22)         cost=10/20  acc=0.9065
probe=11  phase=first_interval_probe  prior=(none, none)    eval=(1, 0.36)           cost=12/20  acc=0.9083
probe=12  phase=first_interval_probe  prior=(none, none)    eval=(0.13, 0.36)        cost=13/20  acc=0.9056
probe=13  phase=first_interval_probe  prior=(none, none)    eval=(0.36, 0.13)        cost=15/20  acc=0.9066
probe=14  phase=first_interval_probe  prior=(none, none)    eval=(1.7, 0.6)          cost=17/20  acc=0.9113
probe=15  phase=first_interval_probe  prior=(none, none)    eval=(0.36, 1)           cost=18/20  acc=0.9062
probe=16  phase=first_interval_probe  prior=(none, none)    eval=(0.047, 0.13)       cost=20/20  acc=0.9021
source=cifar_search_bias_split_plots  shift=7    interval=1  attr=bn_bias_lr      global=(main=1.7,cooldown=0.047,acc=0.9302)     gap=0.0008
probe=01  phase=followup_transition   prior=(1.7, 0.6)      eval=(1.7, 0.36)         cost=2/10   acc=0.9294
probe=02  phase=followup_transition   prior=(1.7, 0.6)      eval=(0.047, 0.078)      cost=4/10   acc=0.9274
probe=03  phase=followup_transition   prior=(1.7, 0.6)      eval=(60, 4.6)           cost=6/10   acc=0.1000
probe=04  phase=followup_transition   prior=(1.7, 0.6)      eval=(2.8, 0.22)         cost=8/10   acc=0.9255
probe=05  phase=followup_transition   prior=(1.7, 0.6)      eval=(1, 21)             cost=10/10  acc=0.1179
source=cifar_search_bias_split_plots  shift=7    interval=2  attr=bn_bias_lr      global=(main=1.7,cooldown=0.028,acc=0.9339)     gap=0.0003
probe=01  phase=followup_transition   prior=(1.7, 0.36)     eval=(1.7, 0.22)         cost=2/10   acc=0.9336
probe=02  phase=followup_transition   prior=(1.7, 0.36)     eval=(0.047, 0.047)      cost=4/10   acc=0.9330
probe=03  phase=followup_transition   prior=(1.7, 0.36)     eval=(60, 2.8)           cost=6/10   acc=0.1000
probe=04  phase=followup_transition   prior=(1.7, 0.36)     eval=(2.8, 0.13)         cost=8/10   acc=0.9315
probe=05  phase=followup_transition   prior=(1.7, 0.36)     eval=(1, 13)             cost=10/10  acc=0.1000
source=cifar_search_bias_split_plots  shift=7    interval=3  attr=bn_bias_lr      global=(main=0.22,cooldown=0.22,acc=0.9410)     gap=0.0007
probe=01  phase=followup_transition   prior=(1.7, 0.22)     eval=(1.7, 0.13)         cost=2/10   acc=0.9372
probe=02  phase=followup_transition   prior=(1.7, 0.22)     eval=(0.047, 0.028)      cost=4/10   acc=0.9403
probe=03  phase=followup_transition   prior=(1.7, 0.22)     eval=(60, 1.7)           cost=6/10   acc=0.1000
probe=04  phase=followup_transition   prior=(1.7, 0.22)     eval=(2.8, 0.078)        cost=8/10   acc=0.9373
probe=05  phase=followup_transition   prior=(1.7, 0.22)     eval=(1, 7.7)            cost=10/10  acc=0.9039
source=cifar_search_bias_split_plots  shift=8    interval=0  attr=bn_bias_lr      global=(main=1,cooldown=0.36,acc=0.9113)        gap=0
probe=01  phase=main_screen           prior=(none, none)    eval=(0.13, none)        cost=1/20   acc=0.7865
probe=02  phase=main_screen           prior=(none, none)    eval=(0.6, none)         cost=2/20   acc=0.8040
probe=03  phase=main_screen           prior=(none, none)    eval=(2.8, none)         cost=3/20   acc=0.7542
probe=04  phase=main_screen           prior=(none, none)    eval=(13, none)          cost=4/20   acc=0.5351
probe=05  phase=main_screen           prior=(none, none)    eval=(60, none)          cost=5/20   acc=0.2394
probe=06  phase=main_screen           prior=(none, none)    eval=(280, none)         cost=6/20   acc=0.1000
probe=07  phase=main_screen           prior=(none, none)    eval=(1300, none)        cost=7/20   acc=0.1000
probe=08  phase=main_screen           prior=(none, none)    eval=(5900, none)        cost=8/20   acc=0.1000
probe=09  phase=main_screen           prior=(none, none)    eval=(27000, none)       cost=9/20   acc=0.1000
probe=10  phase=first_interval_probe  prior=(none, none)    eval=(0.6, 0.22)         cost=10/20  acc=0.9083
probe=11  phase=first_interval_probe  prior=(none, none)    eval=(1, 0.36)           cost=12/20  acc=0.9113
probe=12  phase=first_interval_probe  prior=(none, none)    eval=(0.13, 0.36)        cost=13/20  acc=0.9060
probe=13  phase=first_interval_probe  prior=(none, none)    eval=(0.36, 0.13)        cost=15/20  acc=0.9065
probe=14  phase=first_interval_probe  prior=(none, none)    eval=(1.7, 0.6)          cost=17/20  acc=0.9047
probe=15  phase=first_interval_probe  prior=(none, none)    eval=(0.36, 1)           cost=18/20  acc=0.9029
probe=16  phase=first_interval_probe  prior=(none, none)    eval=(0.047, 0.13)       cost=20/20  acc=0.9043
source=cifar_search_bias_split_plots  shift=8    interval=1  attr=bn_bias_lr      global=(main=1,cooldown=0.028,acc=0.9302)       gap=0.0008
probe=01  phase=followup_transition   prior=(1, 0.36)       eval=(1, 0.22)           cost=2/10   acc=0.9294
probe=02  phase=followup_transition   prior=(1, 0.36)       eval=(0.028, 0.047)      cost=4/10   acc=0.9274
probe=03  phase=followup_transition   prior=(1, 0.36)       eval=(36, 2.8)           cost=6/10   acc=0.1000
probe=04  phase=followup_transition   prior=(1, 0.36)       eval=(1.7, 0.13)         cost=8/10   acc=0.9255
probe=05  phase=followup_transition   prior=(1, 0.36)       eval=(0.6, 13)           cost=10/10  acc=0.1179
source=cifar_search_bias_split_plots  shift=8    interval=2  attr=bn_bias_lr      global=(main=1,cooldown=0.017,acc=0.9339)       gap=0.0003
probe=01  phase=followup_transition   prior=(1, 0.22)       eval=(1, 0.13)           cost=2/10   acc=0.9336
probe=02  phase=followup_transition   prior=(1, 0.22)       eval=(0.028, 0.028)      cost=4/10   acc=0.9330
probe=03  phase=followup_transition   prior=(1, 0.22)       eval=(36, 1.7)           cost=6/10   acc=0.1000
probe=04  phase=followup_transition   prior=(1, 0.22)       eval=(1.7, 0.078)        cost=8/10   acc=0.9315
probe=05  phase=followup_transition   prior=(1, 0.22)       eval=(0.6, 7.7)          cost=10/10  acc=0.1000
source=cifar_search_bias_split_plots  shift=8    interval=3  attr=bn_bias_lr      global=(main=0.13,cooldown=0.13,acc=0.9410)     gap=0.0007
probe=01  phase=followup_transition   prior=(1, 0.13)       eval=(1, 0.078)          cost=2/10   acc=0.9372
probe=02  phase=followup_transition   prior=(1, 0.13)       eval=(0.028, 0.017)      cost=4/10   acc=0.9403
probe=03  phase=followup_transition   prior=(1, 0.13)       eval=(36, 1)             cost=6/10   acc=0.1000
probe=04  phase=followup_transition   prior=(1, 0.13)       eval=(1.7, 0.047)        cost=8/10   acc=0.9373
probe=05  phase=followup_transition   prior=(1, 0.13)       eval=(0.6, 4.6)          cost=10/10  acc=0.9039
source=cifar_search_bias_split_plots  shift=9    interval=0  attr=bn_bias_lr      global=(main=0.6,cooldown=0.22,acc=0.9113)      gap=0
probe=01  phase=main_screen           prior=(none, none)    eval=(0.13, none)        cost=1/20   acc=0.7861
probe=02  phase=main_screen           prior=(none, none)    eval=(0.6, none)         cost=2/20   acc=0.8016
probe=03  phase=main_screen           prior=(none, none)    eval=(2.8, none)         cost=3/20   acc=0.7714
probe=04  phase=main_screen           prior=(none, none)    eval=(13, none)          cost=4/20   acc=0.3618
probe=05  phase=main_screen           prior=(none, none)    eval=(60, none)          cost=5/20   acc=0.1885
probe=06  phase=main_screen           prior=(none, none)    eval=(280, none)         cost=6/20   acc=0.1000
probe=07  phase=main_screen           prior=(none, none)    eval=(1300, none)        cost=7/20   acc=0.1000
probe=08  phase=main_screen           prior=(none, none)    eval=(5900, none)        cost=8/20   acc=0.1000
probe=09  phase=main_screen           prior=(none, none)    eval=(27000, none)       cost=9/20   acc=0.1000
probe=10  phase=first_interval_probe  prior=(none, none)    eval=(0.6, 0.22)         cost=10/20  acc=0.9113
probe=11  phase=first_interval_probe  prior=(none, none)    eval=(1, 0.36)           cost=12/20  acc=0.9047
probe=12  phase=first_interval_probe  prior=(none, none)    eval=(0.13, 0.36)        cost=13/20  acc=0.9062
probe=13  phase=first_interval_probe  prior=(none, none)    eval=(0.36, 0.13)        cost=15/20  acc=0.9083
probe=14  phase=first_interval_probe  prior=(none, none)    eval=(1.7, 0.6)          cost=17/20  acc=0.9073
probe=15  phase=first_interval_probe  prior=(none, none)    eval=(0.36, 1)           cost=18/20  acc=0.9002
probe=16  phase=first_interval_probe  prior=(none, none)    eval=(0.047, 0.13)       cost=20/20  acc=0.9056
source=cifar_search_bias_split_plots  shift=9    interval=1  attr=bn_bias_lr      global=(main=0.6,cooldown=0.017,acc=0.9302)     gap=0.0008
probe=01  phase=followup_transition   prior=(0.6, 0.22)     eval=(0.6, 0.13)         cost=2/10   acc=0.9294
probe=02  phase=followup_transition   prior=(0.6, 0.22)     eval=(0.017, 0.028)      cost=4/10   acc=0.9274
probe=03  phase=followup_transition   prior=(0.6, 0.22)     eval=(21, 1.7)           cost=6/10   acc=0.1000
probe=04  phase=followup_transition   prior=(0.6, 0.22)     eval=(1, 0.078)          cost=8/10   acc=0.9255
probe=05  phase=followup_transition   prior=(0.6, 0.22)     eval=(0.36, 7.7)         cost=10/10  acc=0.1179
source=cifar_search_bias_split_plots  shift=9    interval=2  attr=bn_bias_lr      global=(main=0.6,cooldown=0.01,acc=0.9339)      gap=0.0003
probe=01  phase=followup_transition   prior=(0.6, 0.13)     eval=(0.6, 0.078)        cost=2/10   acc=0.9336
probe=02  phase=followup_transition   prior=(0.6, 0.13)     eval=(0.017, 0.017)      cost=4/10   acc=0.9330
probe=03  phase=followup_transition   prior=(0.6, 0.13)     eval=(21, 1)             cost=6/10   acc=0.1000
probe=04  phase=followup_transition   prior=(0.6, 0.13)     eval=(1, 0.047)          cost=8/10   acc=0.9315
probe=05  phase=followup_transition   prior=(0.6, 0.13)     eval=(0.36, 4.6)         cost=10/10  acc=0.1000
source=cifar_search_bias_split_plots  shift=9    interval=3  attr=bn_bias_lr      global=(main=0.078,cooldown=0.078,acc=0.9410)   gap=0.0007
probe=01  phase=followup_transition   prior=(0.6, 0.078)    eval=(0.6, 0.047)        cost=2/10   acc=0.9372
probe=02  phase=followup_transition   prior=(0.6, 0.078)    eval=(0.017, 0.01)       cost=4/10   acc=0.9403
probe=03  phase=followup_transition   prior=(0.6, 0.078)    eval=(21, 0.6)           cost=6/10   acc=0.1000
probe=04  phase=followup_transition   prior=(0.6, 0.078)    eval=(1, 0.028)          cost=8/10   acc=0.9373
probe=05  phase=followup_transition   prior=(0.6, 0.078)    eval=(0.36, 2.8)         cost=10/10  acc=0.9039
source=cifar_search_bias_split_plots  shift=10   interval=0  attr=bn_bias_lr      global=(main=0.36,cooldown=0.13,acc=0.9113)     gap=0
probe=01  phase=main_screen           prior=(none, none)    eval=(0.13, none)        cost=1/20   acc=0.7979
probe=02  phase=main_screen           prior=(none, none)    eval=(0.6, none)         cost=2/20   acc=0.7734
probe=03  phase=main_screen           prior=(none, none)    eval=(2.8, none)         cost=3/20   acc=0.7401
probe=04  phase=main_screen           prior=(none, none)    eval=(13, none)          cost=4/20   acc=0.1574
probe=05  phase=main_screen           prior=(none, none)    eval=(60, none)          cost=5/20   acc=0.1075
probe=06  phase=main_screen           prior=(none, none)    eval=(280, none)         cost=6/20   acc=0.1000
probe=07  phase=main_screen           prior=(none, none)    eval=(1300, none)        cost=7/20   acc=0.1000
probe=08  phase=main_screen           prior=(none, none)    eval=(5900, none)        cost=8/20   acc=0.1000
probe=09  phase=main_screen           prior=(none, none)    eval=(27000, none)       cost=9/20   acc=0.1000
probe=10  phase=first_interval_probe  prior=(none, none)    eval=(0.13, 0.047)       cost=10/20  acc=0.9065
probe=11  phase=first_interval_probe  prior=(none, none)    eval=(0.22, 0.078)       cost=12/20  acc=0.9083
probe=12  phase=first_interval_probe  prior=(none, none)    eval=(0.028, 0.078)      cost=14/20  acc=0.9056
probe=13  phase=first_interval_probe  prior=(none, none)    eval=(0.078, 0.028)      cost=16/20  acc=0.9066
probe=14  phase=first_interval_probe  prior=(none, none)    eval=(0.36, 0.13)        cost=18/20  acc=0.9113
probe=15  phase=first_interval_probe  prior=(none, none)    eval=(0.078, 0.22)       cost=19/20  acc=0.9062
source=cifar_search_bias_split_plots  shift=10   interval=1  attr=bn_bias_lr      global=(main=0.36,cooldown=0.01,acc=0.9302)     gap=0.0008
probe=01  phase=followup_transition   prior=(0.36, 0.13)    eval=(0.36, 0.078)       cost=2/10   acc=0.9294
probe=02  phase=followup_transition   prior=(0.36, 0.13)    eval=(0.01, 0.017)       cost=4/10   acc=0.9274
probe=03  phase=followup_transition   prior=(0.36, 0.13)    eval=(13, 1)             cost=6/10   acc=0.1000
probe=04  phase=followup_transition   prior=(0.36, 0.13)    eval=(0.6, 0.047)        cost=8/10   acc=0.9255
probe=05  phase=followup_transition   prior=(0.36, 0.13)    eval=(0.22, 4.6)         cost=10/10  acc=0.1179
source=cifar_search_bias_split_plots  shift=10   interval=2  attr=bn_bias_lr      global=(main=0.36,cooldown=0.006,acc=0.9339)    gap=0.0003
probe=01  phase=followup_transition   prior=(0.36, 0.078)   eval=(0.36, 0.047)       cost=2/10   acc=0.9336
probe=02  phase=followup_transition   prior=(0.36, 0.078)   eval=(0.01, 0.01)        cost=4/10   acc=0.9330
probe=03  phase=followup_transition   prior=(0.36, 0.078)   eval=(13, 0.6)           cost=6/10   acc=0.1000
probe=04  phase=followup_transition   prior=(0.36, 0.078)   eval=(0.6, 0.028)        cost=8/10   acc=0.9315
probe=05  phase=followup_transition   prior=(0.36, 0.078)   eval=(0.22, 2.8)         cost=10/10  acc=0.1000
source=cifar_search_bias_split_plots  shift=10   interval=3  attr=bn_bias_lr      global=(main=0.047,cooldown=0.047,acc=0.9410)   gap=0.0007
probe=01  phase=followup_transition   prior=(0.36, 0.047)   eval=(0.36, 0.028)       cost=2/10   acc=0.9372
probe=02  phase=followup_transition   prior=(0.36, 0.047)   eval=(0.01, 0.006)       cost=4/10   acc=0.9403
probe=03  phase=followup_transition   prior=(0.36, 0.047)   eval=(13, 0.36)          cost=6/10   acc=0.1000
probe=04  phase=followup_transition   prior=(0.36, 0.047)   eval=(0.6, 0.017)        cost=8/10   acc=0.9373
probe=05  phase=followup_transition   prior=(0.36, 0.047)   eval=(0.22, 1.7)         cost=10/10  acc=0.9039
source=cifar_search_bias_split_plots  shift=-10  interval=0  attr=head_lr         global=(main=46000,cooldown=130000,acc=0.9113)  gap=0.0028
probe=01  phase=main_screen           prior=(none, none)    eval=(0.13, none)        cost=1/20   acc=0.7830
probe=02  phase=main_screen           prior=(none, none)    eval=(0.6, none)         cost=2/20   acc=0.7830
probe=03  phase=main_screen           prior=(none, none)    eval=(2.8, none)         cost=3/20   acc=0.7830
probe=04  phase=main_screen           prior=(none, none)    eval=(13, none)          cost=4/20   acc=0.7830
probe=05  phase=main_screen           prior=(none, none)    eval=(60, none)          cost=5/20   acc=0.7830
probe=06  phase=main_screen           prior=(none, none)    eval=(280, none)         cost=6/20   acc=0.7847
probe=07  phase=main_screen           prior=(none, none)    eval=(1300, none)        cost=7/20   acc=0.7923
probe=08  phase=main_screen           prior=(none, none)    eval=(5900, none)        cost=8/20   acc=0.7886
probe=09  phase=main_screen           prior=(none, none)    eval=(27000, none)       cost=9/20   acc=0.8104
probe=10  phase=first_interval_probe  prior=(none, none)    eval=(27000, 9800)       cost=10/20  acc=0.9045
probe=11  phase=first_interval_probe  prior=(none, none)    eval=(46000, 16000)      cost=12/20  acc=0.9085
probe=12  phase=first_interval_probe  prior=(none, none)    eval=(5900, 16000)       cost=13/20  acc=0.9046
probe=13  phase=first_interval_probe  prior=(none, none)    eval=(16000, 5900)       cost=15/20  acc=0.9043
probe=14  phase=first_interval_probe  prior=(none, none)    eval=(76000, 27000)      cost=17/20  acc=0.9043
probe=15  phase=first_interval_probe  prior=(none, none)    eval=(16000, 46000)      cost=18/20  acc=0.9061
probe=16  phase=first_interval_probe  prior=(none, none)    eval=(2100, 5900)        cost=20/20  acc=0.8991
source=cifar_search_bias_split_plots  shift=-10  interval=1  attr=head_lr         global=(main=46000,cooldown=130000,acc=0.9302)  gap=0.0011
probe=01  phase=followup_transition   prior=(46000, 16000)  eval=(46000, 9800)       cost=2/10   acc=0.9291
probe=02  phase=followup_transition   prior=(46000, 16000)  eval=(1300, 2100)        cost=4/10   acc=0.9257
probe=03  phase=followup_transition   prior=(46000, 16000)  eval=(1.6e+06, 130000)   cost=6/10   acc=0.5081
probe=04  phase=followup_transition   prior=(46000, 16000)  eval=(76000, 5900)       cost=8/10   acc=0.9287
probe=05  phase=followup_transition   prior=(46000, 16000)  eval=(27000, 590000)     cost=10/10  acc=0.9241
source=cifar_search_bias_split_plots  shift=-10  interval=2  attr=head_lr         global=(main=46000,cooldown=210000,acc=0.9339)  gap=0.002
probe=01  phase=followup_transition   prior=(46000, 9800)   eval=(46000, 5900)       cost=2/10   acc=0.9319
probe=02  phase=followup_transition   prior=(46000, 9800)   eval=(1300, 1300)        cost=4/10   acc=0.9318
probe=03  phase=followup_transition   prior=(46000, 9800)   eval=(1.6e+06, 76000)    cost=6/10   acc=0.3254
probe=04  phase=followup_transition   prior=(46000, 9800)   eval=(76000, 3500)       cost=8/10   acc=0.9301
probe=05  phase=followup_transition   prior=(46000, 9800)   eval=(27000, 350000)     cost=10/10  acc=0.9294
source=cifar_search_bias_split_plots  shift=-10  interval=3  attr=head_lr         global=(main=1300,cooldown=130000,acc=0.9413)   gap=0.0007
probe=01  phase=followup_transition   prior=(46000, 5900)   eval=(46000, 3500)       cost=2/10   acc=0.9394
probe=02  phase=followup_transition   prior=(46000, 5900)   eval=(1300, 770)         cost=4/10   acc=0.9406
probe=03  phase=followup_transition   prior=(46000, 5900)   eval=(1.6e+06, 46000)    cost=6/10   acc=0.9179
probe=04  phase=followup_transition   prior=(46000, 5900)   eval=(76000, 2100)       cost=8/10   acc=0.9388
probe=05  phase=followup_transition   prior=(46000, 5900)   eval=(27000, 210000)     cost=10/10  acc=0.9387
source=cifar_search_bias_split_plots  shift=-9   interval=0  attr=head_lr         global=(main=27000,cooldown=76000,acc=0.9113)   gap=0.0028
probe=01  phase=main_screen           prior=(none, none)    eval=(0.13, none)        cost=1/20   acc=0.7830
probe=02  phase=main_screen           prior=(none, none)    eval=(0.6, none)         cost=2/20   acc=0.7830
probe=03  phase=main_screen           prior=(none, none)    eval=(2.8, none)         cost=3/20   acc=0.7830
probe=04  phase=main_screen           prior=(none, none)    eval=(13, none)          cost=4/20   acc=0.7830
probe=05  phase=main_screen           prior=(none, none)    eval=(60, none)          cost=5/20   acc=0.7830
probe=06  phase=main_screen           prior=(none, none)    eval=(280, none)         cost=6/20   acc=0.7860
probe=07  phase=main_screen           prior=(none, none)    eval=(1300, none)        cost=7/20   acc=0.7880
probe=08  phase=main_screen           prior=(none, none)    eval=(5900, none)        cost=8/20   acc=0.7947
probe=09  phase=main_screen           prior=(none, none)    eval=(27000, none)       cost=9/20   acc=0.8016
probe=10  phase=first_interval_probe  prior=(none, none)    eval=(27000, 9800)       cost=10/20  acc=0.9085
probe=11  phase=first_interval_probe  prior=(none, none)    eval=(46000, 16000)      cost=12/20  acc=0.9043
probe=12  phase=first_interval_probe  prior=(none, none)    eval=(5900, 16000)       cost=13/20  acc=0.9053
probe=13  phase=first_interval_probe  prior=(none, none)    eval=(16000, 5900)       cost=15/20  acc=0.9045
probe=14  phase=first_interval_probe  prior=(none, none)    eval=(76000, 27000)      cost=17/20  acc=0.9048
probe=15  phase=first_interval_probe  prior=(none, none)    eval=(16000, 46000)      cost=18/20  acc=0.9081
probe=16  phase=first_interval_probe  prior=(none, none)    eval=(2100, 5900)        cost=20/20  acc=0.9000
source=cifar_search_bias_split_plots  shift=-9   interval=1  attr=head_lr         global=(main=27000,cooldown=76000,acc=0.9302)   gap=0.0011
probe=01  phase=followup_transition   prior=(27000, 9800)   eval=(27000, 5900)       cost=2/10   acc=0.9291
probe=02  phase=followup_transition   prior=(27000, 9800)   eval=(770, 1300)         cost=4/10   acc=0.9257
probe=03  phase=followup_transition   prior=(27000, 9800)   eval=(980000, 76000)     cost=6/10   acc=0.5081
probe=04  phase=followup_transition   prior=(27000, 9800)   eval=(46000, 3500)       cost=8/10   acc=0.9287
probe=05  phase=followup_transition   prior=(27000, 9800)   eval=(16000, 350000)     cost=10/10  acc=0.9241
source=cifar_search_bias_split_plots  shift=-9   interval=2  attr=head_lr         global=(main=27000,cooldown=130000,acc=0.9339)  gap=0.002
probe=01  phase=followup_transition   prior=(27000, 5900)   eval=(27000, 3500)       cost=2/10   acc=0.9319
probe=02  phase=followup_transition   prior=(27000, 5900)   eval=(770, 770)          cost=4/10   acc=0.9318
probe=03  phase=followup_transition   prior=(27000, 5900)   eval=(980000, 46000)     cost=6/10   acc=0.3254
probe=04  phase=followup_transition   prior=(27000, 5900)   eval=(46000, 2100)       cost=8/10   acc=0.9301
probe=05  phase=followup_transition   prior=(27000, 5900)   eval=(16000, 210000)     cost=10/10  acc=0.9294
source=cifar_search_bias_split_plots  shift=-9   interval=3  attr=head_lr         global=(main=770,cooldown=76000,acc=0.9413)     gap=0.0007
probe=01  phase=followup_transition   prior=(27000, 3500)   eval=(27000, 2100)       cost=2/10   acc=0.9394
probe=02  phase=followup_transition   prior=(27000, 3500)   eval=(770, 460)          cost=4/10   acc=0.9406
probe=03  phase=followup_transition   prior=(27000, 3500)   eval=(980000, 27000)     cost=6/10   acc=0.9179
probe=04  phase=followup_transition   prior=(27000, 3500)   eval=(46000, 1300)       cost=8/10   acc=0.9388
probe=05  phase=followup_transition   prior=(27000, 3500)   eval=(16000, 130000)     cost=10/10  acc=0.9387
source=cifar_search_bias_split_plots  shift=-8   interval=0  attr=head_lr         global=(main=16000,cooldown=46000,acc=0.9113)   gap=0
probe=01  phase=main_screen           prior=(none, none)    eval=(0.13, none)        cost=1/20   acc=0.7830
probe=02  phase=main_screen           prior=(none, none)    eval=(0.6, none)         cost=2/20   acc=0.7830
probe=03  phase=main_screen           prior=(none, none)    eval=(2.8, none)         cost=3/20   acc=0.7830
probe=04  phase=main_screen           prior=(none, none)    eval=(13, none)          cost=4/20   acc=0.7830
probe=05  phase=main_screen           prior=(none, none)    eval=(60, none)          cost=5/20   acc=0.7830
probe=06  phase=main_screen           prior=(none, none)    eval=(280, none)         cost=6/20   acc=0.7892
probe=07  phase=main_screen           prior=(none, none)    eval=(1300, none)        cost=7/20   acc=0.7796
probe=08  phase=main_screen           prior=(none, none)    eval=(5900, none)        cost=8/20   acc=0.7962
probe=09  phase=main_screen           prior=(none, none)    eval=(27000, none)       cost=9/20   acc=0.8009
probe=10  phase=first_interval_probe  prior=(none, none)    eval=(27000, 9800)       cost=10/20  acc=0.9043
probe=11  phase=first_interval_probe  prior=(none, none)    eval=(46000, 16000)      cost=12/20  acc=0.9048
probe=12  phase=first_interval_probe  prior=(none, none)    eval=(5900, 16000)       cost=13/20  acc=0.9061
probe=13  phase=first_interval_probe  prior=(none, none)    eval=(16000, 5900)       cost=15/20  acc=0.9085
probe=14  phase=first_interval_probe  prior=(none, none)    eval=(76000, 27000)      cost=17/20  acc=0.9062
probe=15  phase=first_interval_probe  prior=(none, none)    eval=(16000, 46000)      cost=18/20  acc=0.9113
probe=16  phase=first_interval_probe  prior=(none, none)    eval=(2100, 5900)        cost=20/20  acc=0.9046
source=cifar_search_bias_split_plots  shift=-8   interval=1  attr=head_lr         global=(main=16000,cooldown=46000,acc=0.9302)   gap=0.0003
probe=01  phase=followup_transition   prior=(16000, 46000)  eval=(16000, 27000)      cost=2/10   acc=0.9299
probe=02  phase=followup_transition   prior=(16000, 46000)  eval=(460, 5900)         cost=4/10   acc=0.9259
probe=03  phase=followup_transition   prior=(16000, 46000)  eval=(590000, 350000)    cost=6/10   acc=0.6160
probe=04  phase=followup_transition   prior=(16000, 46000)  eval=(27000, 16000)      cost=8/10   acc=0.9280
probe=05  phase=followup_transition   prior=(16000, 46000)  eval=(9800, 1.6e+06)     cost=10/10  acc=0.1000
source=cifar_search_bias_split_plots  shift=-8   interval=2  attr=head_lr         global=(main=16000,cooldown=76000,acc=0.9339)   gap=0.0008
probe=01  phase=followup_transition   prior=(16000, 27000)  eval=(16000, 16000)      cost=2/10   acc=0.9331
probe=02  phase=followup_transition   prior=(16000, 27000)  eval=(460, 3500)         cost=4/10   acc=0.9320
probe=03  phase=followup_transition   prior=(16000, 27000)  eval=(590000, 210000)    cost=6/10   acc=0.3862
probe=04  phase=followup_transition   prior=(16000, 27000)  eval=(27000, 9800)       cost=8/10   acc=0.9300
probe=05  phase=followup_transition   prior=(16000, 27000)  eval=(9800, 980000)      cost=10/10  acc=0.8500
source=cifar_search_bias_split_plots  shift=-8   interval=3  attr=head_lr         global=(main=460,cooldown=46000,acc=0.9413)     gap=0.0009
probe=01  phase=followup_transition   prior=(16000, 16000)  eval=(16000, 9800)       cost=2/10   acc=0.9393
probe=02  phase=followup_transition   prior=(16000, 16000)  eval=(460, 2100)         cost=4/10   acc=0.9404
probe=03  phase=followup_transition   prior=(16000, 16000)  eval=(590000, 130000)    cost=6/10   acc=0.9174
probe=04  phase=followup_transition   prior=(16000, 16000)  eval=(27000, 5900)       cost=8/10   acc=0.9390
probe=05  phase=followup_transition   prior=(16000, 16000)  eval=(9800, 590000)      cost=10/10  acc=0.9087
source=cifar_search_bias_split_plots  shift=-7   interval=0  attr=head_lr         global=(main=9800,cooldown=27000,acc=0.9113)    gap=0.0032
probe=01  phase=main_screen           prior=(none, none)    eval=(0.13, none)        cost=1/20   acc=0.7830
probe=02  phase=main_screen           prior=(none, none)    eval=(0.6, none)         cost=2/20   acc=0.7830
probe=03  phase=main_screen           prior=(none, none)    eval=(2.8, none)         cost=3/20   acc=0.7830
probe=04  phase=main_screen           prior=(none, none)    eval=(13, none)          cost=4/20   acc=0.7830
probe=05  phase=main_screen           prior=(none, none)    eval=(60, none)          cost=5/20   acc=0.7847
probe=06  phase=main_screen           prior=(none, none)    eval=(280, none)         cost=6/20   acc=0.7923
probe=07  phase=main_screen           prior=(none, none)    eval=(1300, none)        cost=7/20   acc=0.7886
probe=08  phase=main_screen           prior=(none, none)    eval=(5900, none)        cost=8/20   acc=0.8104
probe=09  phase=main_screen           prior=(none, none)    eval=(27000, none)       cost=9/20   acc=0.8085
probe=10  phase=first_interval_probe  prior=(none, none)    eval=(27000, 9800)       cost=10/20  acc=0.9048
probe=11  phase=first_interval_probe  prior=(none, none)    eval=(46000, 16000)      cost=12/20  acc=0.9062
probe=12  phase=first_interval_probe  prior=(none, none)    eval=(5900, 16000)       cost=13/20  acc=0.9081
probe=13  phase=first_interval_probe  prior=(none, none)    eval=(16000, 5900)       cost=15/20  acc=0.9043
probe=14  phase=first_interval_probe  prior=(none, none)    eval=(76000, 27000)      cost=17/20  acc=0.9027
probe=15  phase=first_interval_probe  prior=(none, none)    eval=(16000, 46000)      cost=18/20  acc=0.9077
probe=16  phase=first_interval_probe  prior=(none, none)    eval=(2100, 5900)        cost=20/20  acc=0.9053
source=cifar_search_bias_split_plots  shift=-7   interval=1  attr=head_lr         global=(main=9800,cooldown=27000,acc=0.9302)    gap=0.0005
probe=01  phase=followup_transition   prior=(5900, 16000)   eval=(5900, 9800)        cost=2/10   acc=0.9284
probe=02  phase=followup_transition   prior=(5900, 16000)   eval=(170, 2100)         cost=4/10   acc=0.9278
probe=03  phase=followup_transition   prior=(5900, 16000)   eval=(210000, 130000)    cost=6/10   acc=0.9049
probe=04  phase=followup_transition   prior=(5900, 16000)   eval=(9800, 5900)        cost=8/10   acc=0.9297
probe=05  phase=followup_transition   prior=(5900, 16000)   eval=(3500, 590000)      cost=10/10  acc=0.7560
source=cifar_search_bias_split_plots  shift=-7   interval=2  attr=head_lr         global=(main=9800,cooldown=46000,acc=0.9339)    gap=0.0015
probe=01  phase=followup_transition   prior=(9800, 5900)    eval=(9800, 3500)        cost=2/10   acc=0.9322
probe=02  phase=followup_transition   prior=(9800, 5900)    eval=(280, 770)          cost=4/10   acc=0.9324
probe=03  phase=followup_transition   prior=(9800, 5900)    eval=(350000, 46000)     cost=6/10   acc=0.3311
probe=04  phase=followup_transition   prior=(9800, 5900)    eval=(16000, 2100)       cost=8/10   acc=0.9296
probe=05  phase=followup_transition   prior=(9800, 5900)    eval=(5900, 210000)      cost=10/10  acc=0.9020
source=cifar_search_bias_split_plots  shift=-7   interval=3  attr=head_lr         global=(main=280,cooldown=27000,acc=0.9413)     gap=0.0007
probe=01  phase=followup_transition   prior=(280, 770)      eval=(280, 460)          cost=2/10   acc=0.9406
probe=02  phase=followup_transition   prior=(280, 770)      eval=(7.7, 99)           cost=4/10   acc=0.9406
probe=03  phase=followup_transition   prior=(280, 770)      eval=(9800, 5900)        cost=6/10   acc=0.9393
probe=04  phase=followup_transition   prior=(280, 770)      eval=(460, 280)          cost=8/10   acc=0.9397
probe=05  phase=followup_transition   prior=(280, 770)      eval=(170, 27000)        cost=10/10  acc=0.9401
source=cifar_search_bias_split_plots  shift=-6   interval=0  attr=head_lr         global=(main=5900,cooldown=16000,acc=0.9113)    gap=0
probe=01  phase=main_screen           prior=(none, none)    eval=(0.13, none)        cost=1/20   acc=0.7830
probe=02  phase=main_screen           prior=(none, none)    eval=(0.6, none)         cost=2/20   acc=0.7830
probe=03  phase=main_screen           prior=(none, none)    eval=(2.8, none)         cost=3/20   acc=0.7830
probe=04  phase=main_screen           prior=(none, none)    eval=(13, none)          cost=4/20   acc=0.7830
probe=05  phase=main_screen           prior=(none, none)    eval=(60, none)          cost=5/20   acc=0.7860
probe=06  phase=main_screen           prior=(none, none)    eval=(280, none)         cost=6/20   acc=0.7880
probe=07  phase=main_screen           prior=(none, none)    eval=(1300, none)        cost=7/20   acc=0.7947
probe=08  phase=main_screen           prior=(none, none)    eval=(5900, none)        cost=8/20   acc=0.8016
probe=09  phase=main_screen           prior=(none, none)    eval=(27000, none)       cost=9/20   acc=0.7973
probe=10  phase=first_interval_probe  prior=(none, none)    eval=(27000, 9800)       cost=10/20  acc=0.9062
probe=11  phase=first_interval_probe  prior=(none, none)    eval=(46000, 16000)      cost=12/20  acc=0.9027
probe=12  phase=first_interval_probe  prior=(none, none)    eval=(5900, 16000)       cost=13/20  acc=0.9113
probe=13  phase=first_interval_probe  prior=(none, none)    eval=(16000, 5900)       cost=15/20  acc=0.9048
probe=14  phase=first_interval_probe  prior=(none, none)    eval=(76000, 27000)      cost=17/20  acc=0.8945
probe=15  phase=first_interval_probe  prior=(none, none)    eval=(16000, 46000)      cost=18/20  acc=0.9052
probe=16  phase=first_interval_probe  prior=(none, none)    eval=(2100, 5900)        cost=20/20  acc=0.9061
source=cifar_search_bias_split_plots  shift=-6   interval=1  attr=head_lr         global=(main=5900,cooldown=16000,acc=0.9302)    gap=0.0003
probe=01  phase=followup_transition   prior=(5900, 16000)   eval=(5900, 9800)        cost=2/10   acc=0.9299
probe=02  phase=followup_transition   prior=(5900, 16000)   eval=(170, 2100)         cost=4/10   acc=0.9259
probe=03  phase=followup_transition   prior=(5900, 16000)   eval=(210000, 130000)    cost=6/10   acc=0.6160
probe=04  phase=followup_transition   prior=(5900, 16000)   eval=(9800, 5900)        cost=8/10   acc=0.9280
probe=05  phase=followup_transition   prior=(5900, 16000)   eval=(3500, 590000)      cost=10/10  acc=0.1000
source=cifar_search_bias_split_plots  shift=-6   interval=2  attr=head_lr         global=(main=5900,cooldown=27000,acc=0.9339)    gap=0.0008
probe=01  phase=followup_transition   prior=(5900, 9800)    eval=(5900, 5900)        cost=2/10   acc=0.9331
probe=02  phase=followup_transition   prior=(5900, 9800)    eval=(170, 1300)         cost=4/10   acc=0.9320
probe=03  phase=followup_transition   prior=(5900, 9800)    eval=(210000, 76000)     cost=6/10   acc=0.3862
probe=04  phase=followup_transition   prior=(5900, 9800)    eval=(9800, 3500)        cost=8/10   acc=0.9300
probe=05  phase=followup_transition   prior=(5900, 9800)    eval=(3500, 350000)      cost=10/10  acc=0.8500
source=cifar_search_bias_split_plots  shift=-6   interval=3  attr=head_lr         global=(main=170,cooldown=16000,acc=0.9413)     gap=0.0009
probe=01  phase=followup_transition   prior=(5900, 5900)    eval=(5900, 3500)        cost=2/10   acc=0.9393
probe=02  phase=followup_transition   prior=(5900, 5900)    eval=(170, 770)          cost=4/10   acc=0.9404
probe=03  phase=followup_transition   prior=(5900, 5900)    eval=(210000, 46000)     cost=6/10   acc=0.9174
probe=04  phase=followup_transition   prior=(5900, 5900)    eval=(9800, 2100)        cost=8/10   acc=0.9390
probe=05  phase=followup_transition   prior=(5900, 5900)    eval=(3500, 210000)      cost=10/10  acc=0.9087
source=cifar_search_bias_split_plots  shift=-5   interval=0  attr=head_lr         global=(main=3500,cooldown=9800,acc=0.9113)     gap=0
probe=01  phase=main_screen           prior=(none, none)    eval=(0.13, none)        cost=1/20   acc=0.7830
probe=02  phase=main_screen           prior=(none, none)    eval=(0.6, none)         cost=2/20   acc=0.7830
probe=03  phase=main_screen           prior=(none, none)    eval=(2.8, none)         cost=3/20   acc=0.7830
probe=04  phase=main_screen           prior=(none, none)    eval=(13, none)          cost=4/20   acc=0.7830
probe=05  phase=main_screen           prior=(none, none)    eval=(60, none)          cost=5/20   acc=0.7892
probe=06  phase=main_screen           prior=(none, none)    eval=(280, none)         cost=6/20   acc=0.7796
probe=07  phase=main_screen           prior=(none, none)    eval=(1300, none)        cost=7/20   acc=0.7962
probe=08  phase=main_screen           prior=(none, none)    eval=(5900, none)        cost=8/20   acc=0.8009
probe=09  phase=main_screen           prior=(none, none)    eval=(27000, none)       cost=9/20   acc=0.7569
probe=10  phase=first_interval_probe  prior=(none, none)    eval=(5900, 2100)        cost=10/20  acc=0.9043
probe=11  phase=first_interval_probe  prior=(none, none)    eval=(9800, 3500)        cost=12/20  acc=0.9048
probe=12  phase=first_interval_probe  prior=(none, none)    eval=(1300, 3500)        cost=13/20  acc=0.9061
probe=13  phase=first_interval_probe  prior=(none, none)    eval=(3500, 1300)        cost=15/20  acc=0.9085
probe=14  phase=first_interval_probe  prior=(none, none)    eval=(16000, 5900)       cost=17/20  acc=0.9062
probe=15  phase=first_interval_probe  prior=(none, none)    eval=(3500, 9800)        cost=18/20  acc=0.9113
probe=16  phase=first_interval_probe  prior=(none, none)    eval=(460, 1300)         cost=20/20  acc=0.9046
source=cifar_search_bias_split_plots  shift=-5   interval=1  attr=head_lr         global=(main=3500,cooldown=9800,acc=0.9302)     gap=0.0003
probe=01  phase=followup_transition   prior=(3500, 9800)    eval=(3500, 5900)        cost=2/10   acc=0.9299
probe=02  phase=followup_transition   prior=(3500, 9800)    eval=(99, 1300)          cost=4/10   acc=0.9259
probe=03  phase=followup_transition   prior=(3500, 9800)    eval=(130000, 76000)     cost=6/10   acc=0.6160
probe=04  phase=followup_transition   prior=(3500, 9800)    eval=(5900, 3500)        cost=8/10   acc=0.9280
probe=05  phase=followup_transition   prior=(3500, 9800)    eval=(2100, 350000)      cost=10/10  acc=0.1000
source=cifar_search_bias_split_plots  shift=-5   interval=2  attr=head_lr         global=(main=3500,cooldown=16000,acc=0.9339)    gap=0.0008
probe=01  phase=followup_transition   prior=(3500, 5900)    eval=(3500, 3500)        cost=2/10   acc=0.9331
probe=02  phase=followup_transition   prior=(3500, 5900)    eval=(99, 770)           cost=4/10   acc=0.9320
probe=03  phase=followup_transition   prior=(3500, 5900)    eval=(130000, 46000)     cost=6/10   acc=0.3862
probe=04  phase=followup_transition   prior=(3500, 5900)    eval=(5900, 2100)        cost=8/10   acc=0.9300
probe=05  phase=followup_transition   prior=(3500, 5900)    eval=(2100, 210000)      cost=10/10  acc=0.8500
source=cifar_search_bias_split_plots  shift=-5   interval=3  attr=head_lr         global=(main=99,cooldown=9800,acc=0.9413)       gap=0.0009
probe=01  phase=followup_transition   prior=(3500, 3500)    eval=(3500, 2100)        cost=2/10   acc=0.9393
probe=02  phase=followup_transition   prior=(3500, 3500)    eval=(99, 460)           cost=4/10   acc=0.9404
probe=03  phase=followup_transition   prior=(3500, 3500)    eval=(130000, 27000)     cost=6/10   acc=0.9174
probe=04  phase=followup_transition   prior=(3500, 3500)    eval=(5900, 1300)        cost=8/10   acc=0.9390
probe=05  phase=followup_transition   prior=(3500, 3500)    eval=(2100, 130000)      cost=10/10  acc=0.9087
source=cifar_search_bias_split_plots  shift=-4   interval=0  attr=head_lr         global=(main=2100,cooldown=5900,acc=0.9113)     gap=0.0032
probe=01  phase=main_screen           prior=(none, none)    eval=(0.13, none)        cost=1/20   acc=0.7830
probe=02  phase=main_screen           prior=(none, none)    eval=(0.6, none)         cost=2/20   acc=0.7830
probe=03  phase=main_screen           prior=(none, none)    eval=(2.8, none)         cost=3/20   acc=0.7830
probe=04  phase=main_screen           prior=(none, none)    eval=(13, none)          cost=4/20   acc=0.7847
probe=05  phase=main_screen           prior=(none, none)    eval=(60, none)          cost=5/20   acc=0.7923
probe=06  phase=main_screen           prior=(none, none)    eval=(280, none)         cost=6/20   acc=0.7886
probe=07  phase=main_screen           prior=(none, none)    eval=(1300, none)        cost=7/20   acc=0.8104
probe=08  phase=main_screen           prior=(none, none)    eval=(5900, none)        cost=8/20   acc=0.8085
probe=09  phase=main_screen           prior=(none, none)    eval=(27000, none)       cost=9/20   acc=0.7898
probe=10  phase=first_interval_probe  prior=(none, none)    eval=(5900, 2100)        cost=10/20  acc=0.9048
probe=11  phase=first_interval_probe  prior=(none, none)    eval=(9800, 3500)        cost=12/20  acc=0.9062
probe=12  phase=first_interval_probe  prior=(none, none)    eval=(1300, 3500)        cost=13/20  acc=0.9081
probe=13  phase=first_interval_probe  prior=(none, none)    eval=(3500, 1300)        cost=15/20  acc=0.9043
probe=14  phase=first_interval_probe  prior=(none, none)    eval=(16000, 5900)       cost=17/20  acc=0.9027
probe=15  phase=first_interval_probe  prior=(none, none)    eval=(3500, 9800)        cost=18/20  acc=0.9077
probe=16  phase=first_interval_probe  prior=(none, none)    eval=(460, 1300)         cost=20/20  acc=0.9053
source=cifar_search_bias_split_plots  shift=-4   interval=1  attr=head_lr         global=(main=2100,cooldown=5900,acc=0.9302)     gap=0.0005
probe=01  phase=followup_transition   prior=(1300, 3500)    eval=(1300, 2100)        cost=2/10   acc=0.9284
probe=02  phase=followup_transition   prior=(1300, 3500)    eval=(36, 460)           cost=4/10   acc=0.9278
probe=03  phase=followup_transition   prior=(1300, 3500)    eval=(46000, 27000)      cost=6/10   acc=0.9049
probe=04  phase=followup_transition   prior=(1300, 3500)    eval=(2100, 1300)        cost=8/10   acc=0.9297
probe=05  phase=followup_transition   prior=(1300, 3500)    eval=(770, 130000)       cost=10/10  acc=0.7560
source=cifar_search_bias_split_plots  shift=-4   interval=2  attr=head_lr         global=(main=2100,cooldown=9800,acc=0.9339)     gap=0.0015
probe=01  phase=followup_transition   prior=(2100, 1300)    eval=(2100, 770)         cost=2/10   acc=0.9322
probe=02  phase=followup_transition   prior=(2100, 1300)    eval=(60, 170)           cost=4/10   acc=0.9324
probe=03  phase=followup_transition   prior=(2100, 1300)    eval=(76000, 9800)       cost=6/10   acc=0.3311
probe=04  phase=followup_transition   prior=(2100, 1300)    eval=(3500, 460)         cost=8/10   acc=0.9296
probe=05  phase=followup_transition   prior=(2100, 1300)    eval=(1300, 46000)       cost=10/10  acc=0.9020
source=cifar_search_bias_split_plots  shift=-4   interval=3  attr=head_lr         global=(main=60,cooldown=5900,acc=0.9413)       gap=0.0007
probe=01  phase=followup_transition   prior=(60, 170)       eval=(60, 99)            cost=2/10   acc=0.9406
probe=02  phase=followup_transition   prior=(60, 170)       eval=(1.7, 21)           cost=4/10   acc=0.9406
probe=03  phase=followup_transition   prior=(60, 170)       eval=(2100, 1300)        cost=6/10   acc=0.9393
probe=04  phase=followup_transition   prior=(60, 170)       eval=(99, 60)            cost=8/10   acc=0.9397
probe=05  phase=followup_transition   prior=(60, 170)       eval=(36, 5900)          cost=10/10  acc=0.9401
source=cifar_search_bias_split_plots  shift=-3   interval=0  attr=head_lr         global=(main=1300,cooldown=3500,acc=0.9113)     gap=0
probe=01  phase=main_screen           prior=(none, none)    eval=(0.13, none)        cost=1/20   acc=0.7830
probe=02  phase=main_screen           prior=(none, none)    eval=(0.6, none)         cost=2/20   acc=0.7830
probe=03  phase=main_screen           prior=(none, none)    eval=(2.8, none)         cost=3/20   acc=0.7830
probe=04  phase=main_screen           prior=(none, none)    eval=(13, none)          cost=4/20   acc=0.7860
probe=05  phase=main_screen           prior=(none, none)    eval=(60, none)          cost=5/20   acc=0.7880
probe=06  phase=main_screen           prior=(none, none)    eval=(280, none)         cost=6/20   acc=0.7947
probe=07  phase=main_screen           prior=(none, none)    eval=(1300, none)        cost=7/20   acc=0.8016
probe=08  phase=main_screen           prior=(none, none)    eval=(5900, none)        cost=8/20   acc=0.7973
probe=09  phase=main_screen           prior=(none, none)    eval=(27000, none)       cost=9/20   acc=0.7043
probe=10  phase=first_interval_probe  prior=(none, none)    eval=(5900, 2100)        cost=10/20  acc=0.9062
probe=11  phase=first_interval_probe  prior=(none, none)    eval=(9800, 3500)        cost=12/20  acc=0.9027
probe=12  phase=first_interval_probe  prior=(none, none)    eval=(1300, 3500)        cost=13/20  acc=0.9113
probe=13  phase=first_interval_probe  prior=(none, none)    eval=(3500, 1300)        cost=15/20  acc=0.9048
probe=14  phase=first_interval_probe  prior=(none, none)    eval=(16000, 5900)       cost=17/20  acc=0.8945
probe=15  phase=first_interval_probe  prior=(none, none)    eval=(3500, 9800)        cost=18/20  acc=0.9052
probe=16  phase=first_interval_probe  prior=(none, none)    eval=(460, 1300)         cost=20/20  acc=0.9061
source=cifar_search_bias_split_plots  shift=-3   interval=1  attr=head_lr         global=(main=1300,cooldown=3500,acc=0.9302)     gap=0.0003
probe=01  phase=followup_transition   prior=(1300, 3500)    eval=(1300, 2100)        cost=2/10   acc=0.9299
probe=02  phase=followup_transition   prior=(1300, 3500)    eval=(36, 460)           cost=4/10   acc=0.9259
probe=03  phase=followup_transition   prior=(1300, 3500)    eval=(46000, 27000)      cost=6/10   acc=0.6160
probe=04  phase=followup_transition   prior=(1300, 3500)    eval=(2100, 1300)        cost=8/10   acc=0.9280
probe=05  phase=followup_transition   prior=(1300, 3500)    eval=(770, 130000)       cost=10/10  acc=0.1000
source=cifar_search_bias_split_plots  shift=-3   interval=2  attr=head_lr         global=(main=1300,cooldown=5900,acc=0.9339)     gap=0.0008
probe=01  phase=followup_transition   prior=(1300, 2100)    eval=(1300, 1300)        cost=2/10   acc=0.9331
probe=02  phase=followup_transition   prior=(1300, 2100)    eval=(36, 280)           cost=4/10   acc=0.9320
probe=03  phase=followup_transition   prior=(1300, 2100)    eval=(46000, 16000)      cost=6/10   acc=0.3862
probe=04  phase=followup_transition   prior=(1300, 2100)    eval=(2100, 770)         cost=8/10   acc=0.9300
probe=05  phase=followup_transition   prior=(1300, 2100)    eval=(770, 76000)        cost=10/10  acc=0.8500
source=cifar_search_bias_split_plots  shift=-3   interval=3  attr=head_lr         global=(main=36,cooldown=3500,acc=0.9413)       gap=0.0009
probe=01  phase=followup_transition   prior=(1300, 1300)    eval=(1300, 770)         cost=2/10   acc=0.9393
probe=02  phase=followup_transition   prior=(1300, 1300)    eval=(36, 170)           cost=4/10   acc=0.9404
probe=03  phase=followup_transition   prior=(1300, 1300)    eval=(46000, 9800)       cost=6/10   acc=0.9174
probe=04  phase=followup_transition   prior=(1300, 1300)    eval=(2100, 460)         cost=8/10   acc=0.9390
probe=05  phase=followup_transition   prior=(1300, 1300)    eval=(770, 46000)        cost=10/10  acc=0.9087
source=cifar_search_bias_split_plots  shift=-2   interval=0  attr=head_lr         global=(main=770,cooldown=2100,acc=0.9113)      gap=0
probe=01  phase=main_screen           prior=(none, none)    eval=(0.13, none)        cost=1/20   acc=0.7830
probe=02  phase=main_screen           prior=(none, none)    eval=(0.6, none)         cost=2/20   acc=0.7830
probe=03  phase=main_screen           prior=(none, none)    eval=(2.8, none)         cost=3/20   acc=0.7830
probe=04  phase=main_screen           prior=(none, none)    eval=(13, none)          cost=4/20   acc=0.7892
probe=05  phase=main_screen           prior=(none, none)    eval=(60, none)          cost=5/20   acc=0.7796
probe=06  phase=main_screen           prior=(none, none)    eval=(280, none)         cost=6/20   acc=0.7962
probe=07  phase=main_screen           prior=(none, none)    eval=(1300, none)        cost=7/20   acc=0.8009
probe=08  phase=main_screen           prior=(none, none)    eval=(5900, none)        cost=8/20   acc=0.7569
probe=09  phase=main_screen           prior=(none, none)    eval=(27000, none)       cost=9/20   acc=0.1779
probe=10  phase=first_interval_probe  prior=(none, none)    eval=(1300, 460)         cost=10/20  acc=0.9043
probe=11  phase=first_interval_probe  prior=(none, none)    eval=(2100, 770)         cost=12/20  acc=0.9048
probe=12  phase=first_interval_probe  prior=(none, none)    eval=(280, 770)          cost=13/20  acc=0.9061
probe=13  phase=first_interval_probe  prior=(none, none)    eval=(770, 280)          cost=15/20  acc=0.9085
probe=14  phase=first_interval_probe  prior=(none, none)    eval=(3500, 1300)        cost=17/20  acc=0.9062
probe=15  phase=first_interval_probe  prior=(none, none)    eval=(770, 2100)         cost=18/20  acc=0.9113
probe=16  phase=first_interval_probe  prior=(none, none)    eval=(99, 280)           cost=20/20  acc=0.9046
source=cifar_search_bias_split_plots  shift=-2   interval=1  attr=head_lr         global=(main=770,cooldown=2100,acc=0.9302)      gap=0.0003
probe=01  phase=followup_transition   prior=(770, 2100)     eval=(770, 1300)         cost=2/10   acc=0.9299
probe=02  phase=followup_transition   prior=(770, 2100)     eval=(21, 280)           cost=4/10   acc=0.9259
probe=03  phase=followup_transition   prior=(770, 2100)     eval=(27000, 16000)      cost=6/10   acc=0.6160
probe=04  phase=followup_transition   prior=(770, 2100)     eval=(1300, 770)         cost=8/10   acc=0.9280
probe=05  phase=followup_transition   prior=(770, 2100)     eval=(460, 76000)        cost=10/10  acc=0.1000
source=cifar_search_bias_split_plots  shift=-2   interval=2  attr=head_lr         global=(main=770,cooldown=3500,acc=0.9339)      gap=0.0008
probe=01  phase=followup_transition   prior=(770, 1300)     eval=(770, 770)          cost=2/10   acc=0.9331
probe=02  phase=followup_transition   prior=(770, 1300)     eval=(21, 170)           cost=4/10   acc=0.9320
probe=03  phase=followup_transition   prior=(770, 1300)     eval=(27000, 9800)       cost=6/10   acc=0.3862
probe=04  phase=followup_transition   prior=(770, 1300)     eval=(1300, 460)         cost=8/10   acc=0.9300
probe=05  phase=followup_transition   prior=(770, 1300)     eval=(460, 46000)        cost=10/10  acc=0.8500
source=cifar_search_bias_split_plots  shift=-2   interval=3  attr=head_lr         global=(main=21,cooldown=2100,acc=0.9413)       gap=0.0009
probe=01  phase=followup_transition   prior=(770, 770)      eval=(770, 460)          cost=2/10   acc=0.9393
probe=02  phase=followup_transition   prior=(770, 770)      eval=(21, 99)            cost=4/10   acc=0.9404
probe=03  phase=followup_transition   prior=(770, 770)      eval=(27000, 5900)       cost=6/10   acc=0.9174
probe=04  phase=followup_transition   prior=(770, 770)      eval=(1300, 280)         cost=8/10   acc=0.9390
probe=05  phase=followup_transition   prior=(770, 770)      eval=(460, 27000)        cost=10/10  acc=0.9087
source=cifar_search_bias_split_plots  shift=-1   interval=0  attr=head_lr         global=(main=460,cooldown=1300,acc=0.9113)      gap=0.0032
probe=01  phase=main_screen           prior=(none, none)    eval=(0.13, none)        cost=1/20   acc=0.7830
probe=02  phase=main_screen           prior=(none, none)    eval=(0.6, none)         cost=2/20   acc=0.7830
probe=03  phase=main_screen           prior=(none, none)    eval=(2.8, none)         cost=3/20   acc=0.7847
probe=04  phase=main_screen           prior=(none, none)    eval=(13, none)          cost=4/20   acc=0.7923
probe=05  phase=main_screen           prior=(none, none)    eval=(60, none)          cost=5/20   acc=0.7886
probe=06  phase=main_screen           prior=(none, none)    eval=(280, none)         cost=6/20   acc=0.8104
probe=07  phase=main_screen           prior=(none, none)    eval=(1300, none)        cost=7/20   acc=0.8085
probe=08  phase=main_screen           prior=(none, none)    eval=(5900, none)        cost=8/20   acc=0.7898
probe=09  phase=main_screen           prior=(none, none)    eval=(27000, none)       cost=9/20   acc=0.1582
probe=10  phase=first_interval_probe  prior=(none, none)    eval=(1300, 460)         cost=10/20  acc=0.9048
probe=11  phase=first_interval_probe  prior=(none, none)    eval=(2100, 770)         cost=12/20  acc=0.9062
probe=12  phase=first_interval_probe  prior=(none, none)    eval=(280, 770)          cost=13/20  acc=0.9081
probe=13  phase=first_interval_probe  prior=(none, none)    eval=(770, 280)          cost=15/20  acc=0.9043
probe=14  phase=first_interval_probe  prior=(none, none)    eval=(3500, 1300)        cost=17/20  acc=0.9027
probe=15  phase=first_interval_probe  prior=(none, none)    eval=(770, 2100)         cost=18/20  acc=0.9077
probe=16  phase=first_interval_probe  prior=(none, none)    eval=(99, 280)           cost=20/20  acc=0.9053
source=cifar_search_bias_split_plots  shift=-1   interval=1  attr=head_lr         global=(main=460,cooldown=1300,acc=0.9302)      gap=0.0005
probe=01  phase=followup_transition   prior=(280, 770)      eval=(280, 460)          cost=2/10   acc=0.9284
probe=02  phase=followup_transition   prior=(280, 770)      eval=(7.7, 99)           cost=4/10   acc=0.9278
probe=03  phase=followup_transition   prior=(280, 770)      eval=(9800, 5900)        cost=6/10   acc=0.9049
probe=04  phase=followup_transition   prior=(280, 770)      eval=(460, 280)          cost=8/10   acc=0.9297
probe=05  phase=followup_transition   prior=(280, 770)      eval=(170, 27000)        cost=10/10  acc=0.7560
source=cifar_search_bias_split_plots  shift=-1   interval=2  attr=head_lr         global=(main=460,cooldown=2100,acc=0.9339)      gap=0.0015
probe=01  phase=followup_transition   prior=(460, 280)      eval=(460, 170)          cost=2/10   acc=0.9322
probe=02  phase=followup_transition   prior=(460, 280)      eval=(13, 36)            cost=4/10   acc=0.9324
probe=03  phase=followup_transition   prior=(460, 280)      eval=(16000, 2100)       cost=6/10   acc=0.3311
probe=04  phase=followup_transition   prior=(460, 280)      eval=(770, 99)           cost=8/10   acc=0.9296
probe=05  phase=followup_transition   prior=(460, 280)      eval=(280, 9800)         cost=10/10  acc=0.9020
source=cifar_search_bias_split_plots  shift=-1   interval=3  attr=head_lr         global=(main=13,cooldown=1300,acc=0.9413)       gap=0.0007
probe=01  phase=followup_transition   prior=(13, 36)        eval=(13, 21)            cost=2/10   acc=0.9406
probe=02  phase=followup_transition   prior=(13, 36)        eval=(0.36, 4.6)         cost=4/10   acc=0.9406
probe=03  phase=followup_transition   prior=(13, 36)        eval=(460, 280)          cost=6/10   acc=0.9393
probe=04  phase=followup_transition   prior=(13, 36)        eval=(21, 13)            cost=8/10   acc=0.9397
probe=05  phase=followup_transition   prior=(13, 36)        eval=(7.7, 1300)         cost=10/10  acc=0.9401
source=cifar_search_bias_split_plots  shift=0    interval=0  attr=head_lr         global=(main=280,cooldown=770,acc=0.9113)       gap=0
probe=01  phase=main_screen           prior=(none, none)    eval=(0.13, none)        cost=1/20   acc=0.7830
probe=02  phase=main_screen           prior=(none, none)    eval=(0.6, none)         cost=2/20   acc=0.7830
probe=03  phase=main_screen           prior=(none, none)    eval=(2.8, none)         cost=3/20   acc=0.7860
probe=04  phase=main_screen           prior=(none, none)    eval=(13, none)          cost=4/20   acc=0.7880
probe=05  phase=main_screen           prior=(none, none)    eval=(60, none)          cost=5/20   acc=0.7947
probe=06  phase=main_screen           prior=(none, none)    eval=(280, none)         cost=6/20   acc=0.8016
probe=07  phase=main_screen           prior=(none, none)    eval=(1300, none)        cost=7/20   acc=0.7973
probe=08  phase=main_screen           prior=(none, none)    eval=(5900, none)        cost=8/20   acc=0.7043
probe=09  phase=main_screen           prior=(none, none)    eval=(27000, none)       cost=9/20   acc=0.1003
probe=10  phase=first_interval_probe  prior=(none, none)    eval=(1300, 460)         cost=10/20  acc=0.9062
probe=11  phase=first_interval_probe  prior=(none, none)    eval=(2100, 770)         cost=12/20  acc=0.9027
probe=12  phase=first_interval_probe  prior=(none, none)    eval=(280, 770)          cost=13/20  acc=0.9113
probe=13  phase=first_interval_probe  prior=(none, none)    eval=(770, 280)          cost=15/20  acc=0.9048
probe=14  phase=first_interval_probe  prior=(none, none)    eval=(3500, 1300)        cost=17/20  acc=0.8945
probe=15  phase=first_interval_probe  prior=(none, none)    eval=(770, 2100)         cost=18/20  acc=0.9052
probe=16  phase=first_interval_probe  prior=(none, none)    eval=(99, 280)           cost=20/20  acc=0.9061
source=cifar_search_bias_split_plots  shift=0    interval=1  attr=head_lr         global=(main=280,cooldown=770,acc=0.9302)       gap=0.0003
probe=01  phase=followup_transition   prior=(280, 770)      eval=(280, 460)          cost=2/10   acc=0.9299
probe=02  phase=followup_transition   prior=(280, 770)      eval=(7.7, 99)           cost=4/10   acc=0.9259
probe=03  phase=followup_transition   prior=(280, 770)      eval=(9800, 5900)        cost=6/10   acc=0.6160
probe=04  phase=followup_transition   prior=(280, 770)      eval=(460, 280)          cost=8/10   acc=0.9280
probe=05  phase=followup_transition   prior=(280, 770)      eval=(170, 27000)        cost=10/10  acc=0.1000
source=cifar_search_bias_split_plots  shift=0    interval=2  attr=head_lr         global=(main=280,cooldown=1300,acc=0.9339)      gap=0.0008
probe=01  phase=followup_transition   prior=(280, 460)      eval=(280, 280)          cost=2/10   acc=0.9331
probe=02  phase=followup_transition   prior=(280, 460)      eval=(7.7, 60)           cost=4/10   acc=0.9320
probe=03  phase=followup_transition   prior=(280, 460)      eval=(9800, 3500)        cost=6/10   acc=0.3862
probe=04  phase=followup_transition   prior=(280, 460)      eval=(460, 170)          cost=8/10   acc=0.9300
probe=05  phase=followup_transition   prior=(280, 460)      eval=(170, 16000)        cost=10/10  acc=0.8500
source=cifar_search_bias_split_plots  shift=0    interval=3  attr=head_lr         global=(main=7.7,cooldown=770,acc=0.9413)       gap=0.0009
probe=01  phase=followup_transition   prior=(280, 280)      eval=(280, 170)          cost=2/10   acc=0.9393
probe=02  phase=followup_transition   prior=(280, 280)      eval=(7.7, 36)           cost=4/10   acc=0.9404
probe=03  phase=followup_transition   prior=(280, 280)      eval=(9800, 2100)        cost=6/10   acc=0.9174
probe=04  phase=followup_transition   prior=(280, 280)      eval=(460, 99)           cost=8/10   acc=0.9390
probe=05  phase=followup_transition   prior=(280, 280)      eval=(170, 9800)         cost=10/10  acc=0.9087
source=cifar_search_bias_split_plots  shift=1    interval=0  attr=head_lr         global=(main=170,cooldown=460,acc=0.9113)       gap=0
probe=01  phase=main_screen           prior=(none, none)    eval=(0.13, none)        cost=1/20   acc=0.7830
probe=02  phase=main_screen           prior=(none, none)    eval=(0.6, none)         cost=2/20   acc=0.7830
probe=03  phase=main_screen           prior=(none, none)    eval=(2.8, none)         cost=3/20   acc=0.7892
probe=04  phase=main_screen           prior=(none, none)    eval=(13, none)          cost=4/20   acc=0.7796
probe=05  phase=main_screen           prior=(none, none)    eval=(60, none)          cost=5/20   acc=0.7962
probe=06  phase=main_screen           prior=(none, none)    eval=(280, none)         cost=6/20   acc=0.8009
probe=07  phase=main_screen           prior=(none, none)    eval=(1300, none)        cost=7/20   acc=0.7569
probe=08  phase=main_screen           prior=(none, none)    eval=(5900, none)        cost=8/20   acc=0.1779
probe=09  phase=main_screen           prior=(none, none)    eval=(27000, none)       cost=9/20   acc=0.1003
probe=10  phase=first_interval_probe  prior=(none, none)    eval=(280, 99)           cost=10/20  acc=0.9043
probe=11  phase=first_interval_probe  prior=(none, none)    eval=(460, 170)          cost=12/20  acc=0.9048
probe=12  phase=first_interval_probe  prior=(none, none)    eval=(60, 170)           cost=13/20  acc=0.9061
probe=13  phase=first_interval_probe  prior=(none, none)    eval=(170, 60)           cost=15/20  acc=0.9085
probe=14  phase=first_interval_probe  prior=(none, none)    eval=(770, 280)          cost=17/20  acc=0.9062
probe=15  phase=first_interval_probe  prior=(none, none)    eval=(170, 460)          cost=18/20  acc=0.9113
probe=16  phase=first_interval_probe  prior=(none, none)    eval=(21, 60)            cost=20/20  acc=0.9046
source=cifar_search_bias_split_plots  shift=1    interval=1  attr=head_lr         global=(main=170,cooldown=460,acc=0.9302)       gap=0.0003
probe=01  phase=followup_transition   prior=(170, 460)      eval=(170, 280)          cost=2/10   acc=0.9299
probe=02  phase=followup_transition   prior=(170, 460)      eval=(4.6, 60)           cost=4/10   acc=0.9259
probe=03  phase=followup_transition   prior=(170, 460)      eval=(5900, 3500)        cost=6/10   acc=0.6160
probe=04  phase=followup_transition   prior=(170, 460)      eval=(280, 170)          cost=8/10   acc=0.9280
probe=05  phase=followup_transition   prior=(170, 460)      eval=(99, 16000)         cost=10/10  acc=0.1000
source=cifar_search_bias_split_plots  shift=1    interval=2  attr=head_lr         global=(main=170,cooldown=770,acc=0.9339)       gap=0.0008
probe=01  phase=followup_transition   prior=(170, 280)      eval=(170, 170)          cost=2/10   acc=0.9331
probe=02  phase=followup_transition   prior=(170, 280)      eval=(4.6, 36)           cost=4/10   acc=0.9320
probe=03  phase=followup_transition   prior=(170, 280)      eval=(5900, 2100)        cost=6/10   acc=0.3862
probe=04  phase=followup_transition   prior=(170, 280)      eval=(280, 99)           cost=8/10   acc=0.9300
probe=05  phase=followup_transition   prior=(170, 280)      eval=(99, 9800)          cost=10/10  acc=0.8500
source=cifar_search_bias_split_plots  shift=1    interval=3  attr=head_lr         global=(main=4.6,cooldown=460,acc=0.9413)       gap=0.0009
probe=01  phase=followup_transition   prior=(170, 170)      eval=(170, 99)           cost=2/10   acc=0.9393
probe=02  phase=followup_transition   prior=(170, 170)      eval=(4.6, 21)           cost=4/10   acc=0.9404
probe=03  phase=followup_transition   prior=(170, 170)      eval=(5900, 1300)        cost=6/10   acc=0.9174
probe=04  phase=followup_transition   prior=(170, 170)      eval=(280, 60)           cost=8/10   acc=0.9390
probe=05  phase=followup_transition   prior=(170, 170)      eval=(99, 5900)          cost=10/10  acc=0.9087
source=cifar_search_bias_split_plots  shift=2    interval=0  attr=head_lr         global=(main=99,cooldown=280,acc=0.9113)        gap=0.0032
probe=01  phase=main_screen           prior=(none, none)    eval=(0.13, none)        cost=1/20   acc=0.7830
probe=02  phase=main_screen           prior=(none, none)    eval=(0.6, none)         cost=2/20   acc=0.7847
probe=03  phase=main_screen           prior=(none, none)    eval=(2.8, none)         cost=3/20   acc=0.7923
probe=04  phase=main_screen           prior=(none, none)    eval=(13, none)          cost=4/20   acc=0.7886
probe=05  phase=main_screen           prior=(none, none)    eval=(60, none)          cost=5/20   acc=0.8104
probe=06  phase=main_screen           prior=(none, none)    eval=(280, none)         cost=6/20   acc=0.8085
probe=07  phase=main_screen           prior=(none, none)    eval=(1300, none)        cost=7/20   acc=0.7898
probe=08  phase=main_screen           prior=(none, none)    eval=(5900, none)        cost=8/20   acc=0.1582
probe=09  phase=main_screen           prior=(none, none)    eval=(27000, none)       cost=9/20   acc=0.1003
probe=10  phase=first_interval_probe  prior=(none, none)    eval=(280, 99)           cost=10/20  acc=0.9048
probe=11  phase=first_interval_probe  prior=(none, none)    eval=(460, 170)          cost=12/20  acc=0.9062
probe=12  phase=first_interval_probe  prior=(none, none)    eval=(60, 170)           cost=13/20  acc=0.9081
probe=13  phase=first_interval_probe  prior=(none, none)    eval=(170, 60)           cost=15/20  acc=0.9043
probe=14  phase=first_interval_probe  prior=(none, none)    eval=(770, 280)          cost=17/20  acc=0.9027
probe=15  phase=first_interval_probe  prior=(none, none)    eval=(170, 460)          cost=18/20  acc=0.9077
probe=16  phase=first_interval_probe  prior=(none, none)    eval=(21, 60)            cost=20/20  acc=0.9053
source=cifar_search_bias_split_plots  shift=2    interval=1  attr=head_lr         global=(main=99,cooldown=280,acc=0.9302)        gap=0.0005
probe=01  phase=followup_transition   prior=(60, 170)       eval=(60, 99)            cost=2/10   acc=0.9284
probe=02  phase=followup_transition   prior=(60, 170)       eval=(1.7, 21)           cost=4/10   acc=0.9278
probe=03  phase=followup_transition   prior=(60, 170)       eval=(2100, 1300)        cost=6/10   acc=0.9049
probe=04  phase=followup_transition   prior=(60, 170)       eval=(99, 60)            cost=8/10   acc=0.9297
probe=05  phase=followup_transition   prior=(60, 170)       eval=(36, 5900)          cost=10/10  acc=0.7560
source=cifar_search_bias_split_plots  shift=2    interval=2  attr=head_lr         global=(main=99,cooldown=460,acc=0.9339)        gap=0.0015
probe=01  phase=followup_transition   prior=(99, 60)        eval=(99, 36)            cost=2/10   acc=0.9322
probe=02  phase=followup_transition   prior=(99, 60)        eval=(2.8, 7.7)          cost=4/10   acc=0.9324
probe=03  phase=followup_transition   prior=(99, 60)        eval=(3500, 460)         cost=6/10   acc=0.3311
probe=04  phase=followup_transition   prior=(99, 60)        eval=(170, 21)           cost=8/10   acc=0.9296
probe=05  phase=followup_transition   prior=(99, 60)        eval=(60, 2100)          cost=10/10  acc=0.9020
source=cifar_search_bias_split_plots  shift=2    interval=3  attr=head_lr         global=(main=2.8,cooldown=280,acc=0.9413)       gap=0.0007
probe=01  phase=followup_transition   prior=(2.8, 7.7)      eval=(2.8, 4.6)          cost=2/10   acc=0.9406
probe=02  phase=followup_transition   prior=(2.8, 7.7)      eval=(0.078, 1)          cost=4/10   acc=0.9406
probe=03  phase=followup_transition   prior=(2.8, 7.7)      eval=(99, 60)            cost=6/10   acc=0.9393
probe=04  phase=followup_transition   prior=(2.8, 7.7)      eval=(4.6, 2.8)          cost=8/10   acc=0.9397
probe=05  phase=followup_transition   prior=(2.8, 7.7)      eval=(1.7, 280)          cost=10/10  acc=0.9401
source=cifar_search_bias_split_plots  shift=3    interval=0  attr=head_lr         global=(main=60,cooldown=170,acc=0.9113)        gap=0
probe=01  phase=main_screen           prior=(none, none)    eval=(0.13, none)        cost=1/20   acc=0.7830
probe=02  phase=main_screen           prior=(none, none)    eval=(0.6, none)         cost=2/20   acc=0.7860
probe=03  phase=main_screen           prior=(none, none)    eval=(2.8, none)         cost=3/20   acc=0.7880
probe=04  phase=main_screen           prior=(none, none)    eval=(13, none)          cost=4/20   acc=0.7947
probe=05  phase=main_screen           prior=(none, none)    eval=(60, none)          cost=5/20   acc=0.8016
probe=06  phase=main_screen           prior=(none, none)    eval=(280, none)         cost=6/20   acc=0.7973
probe=07  phase=main_screen           prior=(none, none)    eval=(1300, none)        cost=7/20   acc=0.7043
probe=08  phase=main_screen           prior=(none, none)    eval=(5900, none)        cost=8/20   acc=0.1003
probe=09  phase=main_screen           prior=(none, none)    eval=(27000, none)       cost=9/20   acc=0.1003
probe=10  phase=first_interval_probe  prior=(none, none)    eval=(280, 99)           cost=10/20  acc=0.9062
probe=11  phase=first_interval_probe  prior=(none, none)    eval=(460, 170)          cost=12/20  acc=0.9027
probe=12  phase=first_interval_probe  prior=(none, none)    eval=(60, 170)           cost=13/20  acc=0.9113
probe=13  phase=first_interval_probe  prior=(none, none)    eval=(170, 60)           cost=15/20  acc=0.9048
probe=14  phase=first_interval_probe  prior=(none, none)    eval=(770, 280)          cost=17/20  acc=0.8945
probe=15  phase=first_interval_probe  prior=(none, none)    eval=(170, 460)          cost=18/20  acc=0.9052
probe=16  phase=first_interval_probe  prior=(none, none)    eval=(21, 60)            cost=20/20  acc=0.9061
source=cifar_search_bias_split_plots  shift=3    interval=1  attr=head_lr         global=(main=60,cooldown=170,acc=0.9302)        gap=0.0003
probe=01  phase=followup_transition   prior=(60, 170)       eval=(60, 99)            cost=2/10   acc=0.9299
probe=02  phase=followup_transition   prior=(60, 170)       eval=(1.7, 21)           cost=4/10   acc=0.9259
probe=03  phase=followup_transition   prior=(60, 170)       eval=(2100, 1300)        cost=6/10   acc=0.6160
probe=04  phase=followup_transition   prior=(60, 170)       eval=(99, 60)            cost=8/10   acc=0.9280
probe=05  phase=followup_transition   prior=(60, 170)       eval=(36, 5900)          cost=10/10  acc=0.1000
source=cifar_search_bias_split_plots  shift=3    interval=2  attr=head_lr         global=(main=60,cooldown=280,acc=0.9339)        gap=0.0008
probe=01  phase=followup_transition   prior=(60, 99)        eval=(60, 60)            cost=2/10   acc=0.9331
probe=02  phase=followup_transition   prior=(60, 99)        eval=(1.7, 13)           cost=4/10   acc=0.9320
probe=03  phase=followup_transition   prior=(60, 99)        eval=(2100, 770)         cost=6/10   acc=0.3862
probe=04  phase=followup_transition   prior=(60, 99)        eval=(99, 36)            cost=8/10   acc=0.9300
probe=05  phase=followup_transition   prior=(60, 99)        eval=(36, 3500)          cost=10/10  acc=0.8500
source=cifar_search_bias_split_plots  shift=3    interval=3  attr=head_lr         global=(main=1.7,cooldown=170,acc=0.9413)       gap=0.0009
probe=01  phase=followup_transition   prior=(60, 60)        eval=(60, 36)            cost=2/10   acc=0.9393
probe=02  phase=followup_transition   prior=(60, 60)        eval=(1.7, 7.7)          cost=4/10   acc=0.9404
probe=03  phase=followup_transition   prior=(60, 60)        eval=(2100, 460)         cost=6/10   acc=0.9174
probe=04  phase=followup_transition   prior=(60, 60)        eval=(99, 21)            cost=8/10   acc=0.9390
probe=05  phase=followup_transition   prior=(60, 60)        eval=(36, 2100)          cost=10/10  acc=0.9087
source=cifar_search_bias_split_plots  shift=4    interval=0  attr=head_lr         global=(main=36,cooldown=99,acc=0.9113)         gap=0
probe=01  phase=main_screen           prior=(none, none)    eval=(0.13, none)        cost=1/20   acc=0.7830
probe=02  phase=main_screen           prior=(none, none)    eval=(0.6, none)         cost=2/20   acc=0.7892
probe=03  phase=main_screen           prior=(none, none)    eval=(2.8, none)         cost=3/20   acc=0.7796
probe=04  phase=main_screen           prior=(none, none)    eval=(13, none)          cost=4/20   acc=0.7962
probe=05  phase=main_screen           prior=(none, none)    eval=(60, none)          cost=5/20   acc=0.8009
probe=06  phase=main_screen           prior=(none, none)    eval=(280, none)         cost=6/20   acc=0.7569
probe=07  phase=main_screen           prior=(none, none)    eval=(1300, none)        cost=7/20   acc=0.1779
probe=08  phase=main_screen           prior=(none, none)    eval=(5900, none)        cost=8/20   acc=0.1003
probe=09  phase=main_screen           prior=(none, none)    eval=(27000, none)       cost=9/20   acc=0.1003
probe=10  phase=first_interval_probe  prior=(none, none)    eval=(60, 21)            cost=10/20  acc=0.9043
probe=11  phase=first_interval_probe  prior=(none, none)    eval=(99, 36)            cost=12/20  acc=0.9048
probe=12  phase=first_interval_probe  prior=(none, none)    eval=(13, 36)            cost=13/20  acc=0.9061
probe=13  phase=first_interval_probe  prior=(none, none)    eval=(36, 13)            cost=15/20  acc=0.9085
probe=14  phase=first_interval_probe  prior=(none, none)    eval=(170, 60)           cost=17/20  acc=0.9062
probe=15  phase=first_interval_probe  prior=(none, none)    eval=(36, 99)            cost=18/20  acc=0.9113
probe=16  phase=first_interval_probe  prior=(none, none)    eval=(4.6, 13)           cost=20/20  acc=0.9046
source=cifar_search_bias_split_plots  shift=4    interval=1  attr=head_lr         global=(main=36,cooldown=99,acc=0.9302)         gap=0.0003
probe=01  phase=followup_transition   prior=(36, 99)        eval=(36, 60)            cost=2/10   acc=0.9299
probe=02  phase=followup_transition   prior=(36, 99)        eval=(1, 13)             cost=4/10   acc=0.9259
probe=03  phase=followup_transition   prior=(36, 99)        eval=(1300, 770)         cost=6/10   acc=0.6160
probe=04  phase=followup_transition   prior=(36, 99)        eval=(60, 36)            cost=8/10   acc=0.9280
probe=05  phase=followup_transition   prior=(36, 99)        eval=(21, 3500)          cost=10/10  acc=0.1000
source=cifar_search_bias_split_plots  shift=4    interval=2  attr=head_lr         global=(main=36,cooldown=170,acc=0.9339)        gap=0.0008
probe=01  phase=followup_transition   prior=(36, 60)        eval=(36, 36)            cost=2/10   acc=0.9331
probe=02  phase=followup_transition   prior=(36, 60)        eval=(1, 7.7)            cost=4/10   acc=0.9320
probe=03  phase=followup_transition   prior=(36, 60)        eval=(1300, 460)         cost=6/10   acc=0.3862
probe=04  phase=followup_transition   prior=(36, 60)        eval=(60, 21)            cost=8/10   acc=0.9300
probe=05  phase=followup_transition   prior=(36, 60)        eval=(21, 2100)          cost=10/10  acc=0.8500
source=cifar_search_bias_split_plots  shift=4    interval=3  attr=head_lr         global=(main=1,cooldown=99,acc=0.9413)          gap=0.0009
probe=01  phase=followup_transition   prior=(36, 36)        eval=(36, 21)            cost=2/10   acc=0.9393
probe=02  phase=followup_transition   prior=(36, 36)        eval=(1, 4.6)            cost=4/10   acc=0.9404
probe=03  phase=followup_transition   prior=(36, 36)        eval=(1300, 280)         cost=6/10   acc=0.9174
probe=04  phase=followup_transition   prior=(36, 36)        eval=(60, 13)            cost=8/10   acc=0.9390
probe=05  phase=followup_transition   prior=(36, 36)        eval=(21, 1300)          cost=10/10  acc=0.9087
source=cifar_search_bias_split_plots  shift=5    interval=0  attr=head_lr         global=(main=21,cooldown=60,acc=0.9113)         gap=0.0032
probe=01  phase=main_screen           prior=(none, none)    eval=(0.13, none)        cost=1/20   acc=0.7847
probe=02  phase=main_screen           prior=(none, none)    eval=(0.6, none)         cost=2/20   acc=0.7923
probe=03  phase=main_screen           prior=(none, none)    eval=(2.8, none)         cost=3/20   acc=0.7886
probe=04  phase=main_screen           prior=(none, none)    eval=(13, none)          cost=4/20   acc=0.8104
probe=05  phase=main_screen           prior=(none, none)    eval=(60, none)          cost=5/20   acc=0.8085
probe=06  phase=main_screen           prior=(none, none)    eval=(280, none)         cost=6/20   acc=0.7898
probe=07  phase=main_screen           prior=(none, none)    eval=(1300, none)        cost=7/20   acc=0.1582
probe=08  phase=main_screen           prior=(none, none)    eval=(5900, none)        cost=8/20   acc=0.1003
probe=09  phase=main_screen           prior=(none, none)    eval=(27000, none)       cost=9/20   acc=0.1003
probe=10  phase=first_interval_probe  prior=(none, none)    eval=(60, 21)            cost=10/20  acc=0.9048
probe=11  phase=first_interval_probe  prior=(none, none)    eval=(99, 36)            cost=12/20  acc=0.9062
probe=12  phase=first_interval_probe  prior=(none, none)    eval=(13, 36)            cost=13/20  acc=0.9081
probe=13  phase=first_interval_probe  prior=(none, none)    eval=(36, 13)            cost=15/20  acc=0.9043
probe=14  phase=first_interval_probe  prior=(none, none)    eval=(170, 60)           cost=17/20  acc=0.9027
probe=15  phase=first_interval_probe  prior=(none, none)    eval=(36, 99)            cost=18/20  acc=0.9077
probe=16  phase=first_interval_probe  prior=(none, none)    eval=(4.6, 13)           cost=20/20  acc=0.9053
source=cifar_search_bias_split_plots  shift=5    interval=1  attr=head_lr         global=(main=21,cooldown=60,acc=0.9302)         gap=0.0005
probe=01  phase=followup_transition   prior=(13, 36)        eval=(13, 21)            cost=2/10   acc=0.9284
probe=02  phase=followup_transition   prior=(13, 36)        eval=(0.36, 4.6)         cost=4/10   acc=0.9278
probe=03  phase=followup_transition   prior=(13, 36)        eval=(460, 280)          cost=6/10   acc=0.9049
probe=04  phase=followup_transition   prior=(13, 36)        eval=(21, 13)            cost=8/10   acc=0.9297
probe=05  phase=followup_transition   prior=(13, 36)        eval=(7.7, 1300)         cost=10/10  acc=0.7560
source=cifar_search_bias_split_plots  shift=5    interval=2  attr=head_lr         global=(main=21,cooldown=99,acc=0.9339)         gap=0.0015
probe=01  phase=followup_transition   prior=(21, 13)        eval=(21, 7.7)           cost=2/10   acc=0.9322
probe=02  phase=followup_transition   prior=(21, 13)        eval=(0.6, 1.7)          cost=4/10   acc=0.9324
probe=03  phase=followup_transition   prior=(21, 13)        eval=(770, 99)           cost=6/10   acc=0.3311
probe=04  phase=followup_transition   prior=(21, 13)        eval=(36, 4.6)           cost=8/10   acc=0.9296
probe=05  phase=followup_transition   prior=(21, 13)        eval=(13, 460)           cost=10/10  acc=0.9020
source=cifar_search_bias_split_plots  shift=5    interval=3  attr=head_lr         global=(main=0.6,cooldown=60,acc=0.9413)        gap=0.0007
probe=01  phase=followup_transition   prior=(0.6, 1.7)      eval=(0.6, 1)            cost=2/10   acc=0.9406
probe=02  phase=followup_transition   prior=(0.6, 1.7)      eval=(0.017, 0.22)       cost=4/10   acc=0.9406
probe=03  phase=followup_transition   prior=(0.6, 1.7)      eval=(21, 13)            cost=6/10   acc=0.9393
probe=04  phase=followup_transition   prior=(0.6, 1.7)      eval=(1, 0.6)            cost=8/10   acc=0.9397
probe=05  phase=followup_transition   prior=(0.6, 1.7)      eval=(0.36, 60)          cost=10/10  acc=0.9401
source=cifar_search_bias_split_plots  shift=6    interval=0  attr=head_lr         global=(main=13,cooldown=36,acc=0.9113)         gap=0
probe=01  phase=main_screen           prior=(none, none)    eval=(0.13, none)        cost=1/20   acc=0.7860
probe=02  phase=main_screen           prior=(none, none)    eval=(0.6, none)         cost=2/20   acc=0.7880
probe=03  phase=main_screen           prior=(none, none)    eval=(2.8, none)         cost=3/20   acc=0.7947
probe=04  phase=main_screen           prior=(none, none)    eval=(13, none)          cost=4/20   acc=0.8016
probe=05  phase=main_screen           prior=(none, none)    eval=(60, none)          cost=5/20   acc=0.7973
probe=06  phase=main_screen           prior=(none, none)    eval=(280, none)         cost=6/20   acc=0.7043
probe=07  phase=main_screen           prior=(none, none)    eval=(1300, none)        cost=7/20   acc=0.1003
probe=08  phase=main_screen           prior=(none, none)    eval=(5900, none)        cost=8/20   acc=0.1003
probe=09  phase=main_screen           prior=(none, none)    eval=(27000, none)       cost=9/20   acc=0.1003
probe=10  phase=first_interval_probe  prior=(none, none)    eval=(60, 21)            cost=10/20  acc=0.9062
probe=11  phase=first_interval_probe  prior=(none, none)    eval=(99, 36)            cost=12/20  acc=0.9027
probe=12  phase=first_interval_probe  prior=(none, none)    eval=(13, 36)            cost=13/20  acc=0.9113
probe=13  phase=first_interval_probe  prior=(none, none)    eval=(36, 13)            cost=15/20  acc=0.9048
probe=14  phase=first_interval_probe  prior=(none, none)    eval=(170, 60)           cost=17/20  acc=0.8945
probe=15  phase=first_interval_probe  prior=(none, none)    eval=(36, 99)            cost=18/20  acc=0.9052
probe=16  phase=first_interval_probe  prior=(none, none)    eval=(4.6, 13)           cost=20/20  acc=0.9061
source=cifar_search_bias_split_plots  shift=6    interval=1  attr=head_lr         global=(main=13,cooldown=36,acc=0.9302)         gap=0.0003
probe=01  phase=followup_transition   prior=(13, 36)        eval=(13, 21)            cost=2/10   acc=0.9299
probe=02  phase=followup_transition   prior=(13, 36)        eval=(0.36, 4.6)         cost=4/10   acc=0.9259
probe=03  phase=followup_transition   prior=(13, 36)        eval=(460, 280)          cost=6/10   acc=0.6160
probe=04  phase=followup_transition   prior=(13, 36)        eval=(21, 13)            cost=8/10   acc=0.9280
probe=05  phase=followup_transition   prior=(13, 36)        eval=(7.7, 1300)         cost=10/10  acc=0.1000
source=cifar_search_bias_split_plots  shift=6    interval=2  attr=head_lr         global=(main=13,cooldown=60,acc=0.9339)         gap=0.0008
probe=01  phase=followup_transition   prior=(13, 21)        eval=(13, 13)            cost=2/10   acc=0.9331
probe=02  phase=followup_transition   prior=(13, 21)        eval=(0.36, 2.8)         cost=4/10   acc=0.9320
probe=03  phase=followup_transition   prior=(13, 21)        eval=(460, 170)          cost=6/10   acc=0.3862
probe=04  phase=followup_transition   prior=(13, 21)        eval=(21, 7.7)           cost=8/10   acc=0.9300
probe=05  phase=followup_transition   prior=(13, 21)        eval=(7.7, 770)          cost=10/10  acc=0.8500
source=cifar_search_bias_split_plots  shift=6    interval=3  attr=head_lr         global=(main=0.36,cooldown=36,acc=0.9413)       gap=0.0009
probe=01  phase=followup_transition   prior=(13, 13)        eval=(13, 7.7)           cost=2/10   acc=0.9393
probe=02  phase=followup_transition   prior=(13, 13)        eval=(0.36, 1.7)         cost=4/10   acc=0.9404
probe=03  phase=followup_transition   prior=(13, 13)        eval=(460, 99)           cost=6/10   acc=0.9174
probe=04  phase=followup_transition   prior=(13, 13)        eval=(21, 4.6)           cost=8/10   acc=0.9390
probe=05  phase=followup_transition   prior=(13, 13)        eval=(7.7, 460)          cost=10/10  acc=0.9087
source=cifar_search_bias_split_plots  shift=7    interval=0  attr=head_lr         global=(main=7.7,cooldown=21,acc=0.9113)        gap=0
probe=01  phase=main_screen           prior=(none, none)    eval=(0.13, none)        cost=1/20   acc=0.7892
probe=02  phase=main_screen           prior=(none, none)    eval=(0.6, none)         cost=2/20   acc=0.7796
probe=03  phase=main_screen           prior=(none, none)    eval=(2.8, none)         cost=3/20   acc=0.7962
probe=04  phase=main_screen           prior=(none, none)    eval=(13, none)          cost=4/20   acc=0.8009
probe=05  phase=main_screen           prior=(none, none)    eval=(60, none)          cost=5/20   acc=0.7569
probe=06  phase=main_screen           prior=(none, none)    eval=(280, none)         cost=6/20   acc=0.1779
probe=07  phase=main_screen           prior=(none, none)    eval=(1300, none)        cost=7/20   acc=0.1003
probe=08  phase=main_screen           prior=(none, none)    eval=(5900, none)        cost=8/20   acc=0.1003
probe=09  phase=main_screen           prior=(none, none)    eval=(27000, none)       cost=9/20   acc=0.1003
probe=10  phase=first_interval_probe  prior=(none, none)    eval=(13, 4.6)           cost=10/20  acc=0.9043
probe=11  phase=first_interval_probe  prior=(none, none)    eval=(21, 7.7)           cost=12/20  acc=0.9048
probe=12  phase=first_interval_probe  prior=(none, none)    eval=(2.8, 7.7)          cost=13/20  acc=0.9061
probe=13  phase=first_interval_probe  prior=(none, none)    eval=(7.7, 2.8)          cost=15/20  acc=0.9085
probe=14  phase=first_interval_probe  prior=(none, none)    eval=(36, 13)            cost=17/20  acc=0.9062
probe=15  phase=first_interval_probe  prior=(none, none)    eval=(7.7, 21)           cost=18/20  acc=0.9113
probe=16  phase=first_interval_probe  prior=(none, none)    eval=(1, 2.8)            cost=20/20  acc=0.9046
source=cifar_search_bias_split_plots  shift=7    interval=1  attr=head_lr         global=(main=7.7,cooldown=21,acc=0.9302)        gap=0.0003
probe=01  phase=followup_transition   prior=(7.7, 21)       eval=(7.7, 13)           cost=2/10   acc=0.9299
probe=02  phase=followup_transition   prior=(7.7, 21)       eval=(0.22, 2.8)         cost=4/10   acc=0.9259
probe=03  phase=followup_transition   prior=(7.7, 21)       eval=(280, 170)          cost=6/10   acc=0.6160
probe=04  phase=followup_transition   prior=(7.7, 21)       eval=(13, 7.7)           cost=8/10   acc=0.9280
probe=05  phase=followup_transition   prior=(7.7, 21)       eval=(4.6, 770)          cost=10/10  acc=0.1000
source=cifar_search_bias_split_plots  shift=7    interval=2  attr=head_lr         global=(main=7.7,cooldown=36,acc=0.9339)        gap=0.0008
probe=01  phase=followup_transition   prior=(7.7, 13)       eval=(7.7, 7.7)          cost=2/10   acc=0.9331
probe=02  phase=followup_transition   prior=(7.7, 13)       eval=(0.22, 1.7)         cost=4/10   acc=0.9320
probe=03  phase=followup_transition   prior=(7.7, 13)       eval=(280, 99)           cost=6/10   acc=0.3862
probe=04  phase=followup_transition   prior=(7.7, 13)       eval=(13, 4.6)           cost=8/10   acc=0.9300
probe=05  phase=followup_transition   prior=(7.7, 13)       eval=(4.6, 460)          cost=10/10  acc=0.8500
source=cifar_search_bias_split_plots  shift=7    interval=3  attr=head_lr         global=(main=0.22,cooldown=21,acc=0.9413)       gap=0.0009
probe=01  phase=followup_transition   prior=(7.7, 7.7)      eval=(7.7, 4.6)          cost=2/10   acc=0.9393
probe=02  phase=followup_transition   prior=(7.7, 7.7)      eval=(0.22, 1)           cost=4/10   acc=0.9404
probe=03  phase=followup_transition   prior=(7.7, 7.7)      eval=(280, 60)           cost=6/10   acc=0.9174
probe=04  phase=followup_transition   prior=(7.7, 7.7)      eval=(13, 2.8)           cost=8/10   acc=0.9390
probe=05  phase=followup_transition   prior=(7.7, 7.7)      eval=(4.6, 280)          cost=10/10  acc=0.9087
source=cifar_search_bias_split_plots  shift=8    interval=0  attr=head_lr         global=(main=4.6,cooldown=13,acc=0.9113)        gap=0.0032
probe=01  phase=main_screen           prior=(none, none)    eval=(0.13, none)        cost=1/20   acc=0.7923
probe=02  phase=main_screen           prior=(none, none)    eval=(0.6, none)         cost=2/20   acc=0.7886
probe=03  phase=main_screen           prior=(none, none)    eval=(2.8, none)         cost=3/20   acc=0.8104
probe=04  phase=main_screen           prior=(none, none)    eval=(13, none)          cost=4/20   acc=0.8085
probe=05  phase=main_screen           prior=(none, none)    eval=(60, none)          cost=5/20   acc=0.7898
probe=06  phase=main_screen           prior=(none, none)    eval=(280, none)         cost=6/20   acc=0.1582
probe=07  phase=main_screen           prior=(none, none)    eval=(1300, none)        cost=7/20   acc=0.1003
probe=08  phase=main_screen           prior=(none, none)    eval=(5900, none)        cost=8/20   acc=0.1003
probe=09  phase=main_screen           prior=(none, none)    eval=(27000, none)       cost=9/20   acc=0.1003
probe=10  phase=first_interval_probe  prior=(none, none)    eval=(13, 4.6)           cost=10/20  acc=0.9048
probe=11  phase=first_interval_probe  prior=(none, none)    eval=(21, 7.7)           cost=12/20  acc=0.9062
probe=12  phase=first_interval_probe  prior=(none, none)    eval=(2.8, 7.7)          cost=13/20  acc=0.9081
probe=13  phase=first_interval_probe  prior=(none, none)    eval=(7.7, 2.8)          cost=15/20  acc=0.9043
probe=14  phase=first_interval_probe  prior=(none, none)    eval=(36, 13)            cost=17/20  acc=0.9027
probe=15  phase=first_interval_probe  prior=(none, none)    eval=(7.7, 21)           cost=18/20  acc=0.9077
probe=16  phase=first_interval_probe  prior=(none, none)    eval=(1, 2.8)            cost=20/20  acc=0.9053
source=cifar_search_bias_split_plots  shift=8    interval=1  attr=head_lr         global=(main=4.6,cooldown=13,acc=0.9302)        gap=0.0005
probe=01  phase=followup_transition   prior=(2.8, 7.7)      eval=(2.8, 4.6)          cost=2/10   acc=0.9284
probe=02  phase=followup_transition   prior=(2.8, 7.7)      eval=(0.078, 1)          cost=4/10   acc=0.9278
probe=03  phase=followup_transition   prior=(2.8, 7.7)      eval=(99, 60)            cost=6/10   acc=0.9049
probe=04  phase=followup_transition   prior=(2.8, 7.7)      eval=(4.6, 2.8)          cost=8/10   acc=0.9297
probe=05  phase=followup_transition   prior=(2.8, 7.7)      eval=(1.7, 280)          cost=10/10  acc=0.7560
source=cifar_search_bias_split_plots  shift=8    interval=2  attr=head_lr         global=(main=4.6,cooldown=21,acc=0.9339)        gap=0.0015
probe=01  phase=followup_transition   prior=(4.6, 2.8)      eval=(4.6, 1.7)          cost=2/10   acc=0.9322
probe=02  phase=followup_transition   prior=(4.6, 2.8)      eval=(0.13, 0.36)        cost=4/10   acc=0.9324
probe=03  phase=followup_transition   prior=(4.6, 2.8)      eval=(170, 21)           cost=6/10   acc=0.3311
probe=04  phase=followup_transition   prior=(4.6, 2.8)      eval=(7.7, 1)            cost=8/10   acc=0.9296
probe=05  phase=followup_transition   prior=(4.6, 2.8)      eval=(2.8, 99)           cost=10/10  acc=0.9020
source=cifar_search_bias_split_plots  shift=8    interval=3  attr=head_lr         global=(main=0.13,cooldown=13,acc=0.9413)       gap=0.0007
probe=01  phase=followup_transition   prior=(0.13, 0.36)    eval=(0.13, 0.22)        cost=2/10   acc=0.9406
probe=02  phase=followup_transition   prior=(0.13, 0.36)    eval=(0.0036, 0.047)     cost=4/10   acc=0.9406
probe=03  phase=followup_transition   prior=(0.13, 0.36)    eval=(4.6, 2.8)          cost=6/10   acc=0.9393
probe=04  phase=followup_transition   prior=(0.13, 0.36)    eval=(0.22, 0.13)        cost=8/10   acc=0.9397
probe=05  phase=followup_transition   prior=(0.13, 0.36)    eval=(0.078, 13)         cost=10/10  acc=0.9401
source=cifar_search_bias_split_plots  shift=9    interval=0  attr=head_lr         global=(main=2.8,cooldown=7.7,acc=0.9113)       gap=0
probe=01  phase=main_screen           prior=(none, none)    eval=(0.13, none)        cost=1/20   acc=0.7880
probe=02  phase=main_screen           prior=(none, none)    eval=(0.6, none)         cost=2/20   acc=0.7947
probe=03  phase=main_screen           prior=(none, none)    eval=(2.8, none)         cost=3/20   acc=0.8016
probe=04  phase=main_screen           prior=(none, none)    eval=(13, none)          cost=4/20   acc=0.7973
probe=05  phase=main_screen           prior=(none, none)    eval=(60, none)          cost=5/20   acc=0.7043
probe=06  phase=main_screen           prior=(none, none)    eval=(280, none)         cost=6/20   acc=0.1003
probe=07  phase=main_screen           prior=(none, none)    eval=(1300, none)        cost=7/20   acc=0.1003
probe=08  phase=main_screen           prior=(none, none)    eval=(5900, none)        cost=8/20   acc=0.1003
probe=09  phase=main_screen           prior=(none, none)    eval=(27000, none)       cost=9/20   acc=0.1003
probe=10  phase=first_interval_probe  prior=(none, none)    eval=(13, 4.6)           cost=10/20  acc=0.9062
probe=11  phase=first_interval_probe  prior=(none, none)    eval=(21, 7.7)           cost=12/20  acc=0.9027
probe=12  phase=first_interval_probe  prior=(none, none)    eval=(2.8, 7.7)          cost=13/20  acc=0.9113
probe=13  phase=first_interval_probe  prior=(none, none)    eval=(7.7, 2.8)          cost=15/20  acc=0.9048
probe=14  phase=first_interval_probe  prior=(none, none)    eval=(36, 13)            cost=17/20  acc=0.8945
probe=15  phase=first_interval_probe  prior=(none, none)    eval=(7.7, 21)           cost=18/20  acc=0.9052
probe=16  phase=first_interval_probe  prior=(none, none)    eval=(1, 2.8)            cost=20/20  acc=0.9061
source=cifar_search_bias_split_plots  shift=9    interval=1  attr=head_lr         global=(main=2.8,cooldown=7.7,acc=0.9302)       gap=0.0003
probe=01  phase=followup_transition   prior=(2.8, 7.7)      eval=(2.8, 4.6)          cost=2/10   acc=0.9299
probe=02  phase=followup_transition   prior=(2.8, 7.7)      eval=(0.078, 1)          cost=4/10   acc=0.9259
probe=03  phase=followup_transition   prior=(2.8, 7.7)      eval=(99, 60)            cost=6/10   acc=0.6160
probe=04  phase=followup_transition   prior=(2.8, 7.7)      eval=(4.6, 2.8)          cost=8/10   acc=0.9280
probe=05  phase=followup_transition   prior=(2.8, 7.7)      eval=(1.7, 280)          cost=10/10  acc=0.1000
source=cifar_search_bias_split_plots  shift=9    interval=2  attr=head_lr         global=(main=2.8,cooldown=13,acc=0.9339)        gap=0.0008
probe=01  phase=followup_transition   prior=(2.8, 4.6)      eval=(2.8, 2.8)          cost=2/10   acc=0.9331
probe=02  phase=followup_transition   prior=(2.8, 4.6)      eval=(0.078, 0.6)        cost=4/10   acc=0.9320
probe=03  phase=followup_transition   prior=(2.8, 4.6)      eval=(99, 36)            cost=6/10   acc=0.3862
probe=04  phase=followup_transition   prior=(2.8, 4.6)      eval=(4.6, 1.7)          cost=8/10   acc=0.9300
probe=05  phase=followup_transition   prior=(2.8, 4.6)      eval=(1.7, 170)          cost=10/10  acc=0.8500
source=cifar_search_bias_split_plots  shift=9    interval=3  attr=head_lr         global=(main=0.078,cooldown=7.7,acc=0.9413)     gap=0.0009
probe=01  phase=followup_transition   prior=(2.8, 2.8)      eval=(2.8, 1.7)          cost=2/10   acc=0.9393
probe=02  phase=followup_transition   prior=(2.8, 2.8)      eval=(0.078, 0.36)       cost=4/10   acc=0.9404
probe=03  phase=followup_transition   prior=(2.8, 2.8)      eval=(99, 21)            cost=6/10   acc=0.9174
probe=04  phase=followup_transition   prior=(2.8, 2.8)      eval=(4.6, 1)            cost=8/10   acc=0.9390
probe=05  phase=followup_transition   prior=(2.8, 2.8)      eval=(1.7, 99)           cost=10/10  acc=0.9087
source=cifar_search_bias_split_plots  shift=10   interval=0  attr=head_lr         global=(main=1.7,cooldown=4.6,acc=0.9113)       gap=0
probe=01  phase=main_screen           prior=(none, none)    eval=(0.13, none)        cost=1/20   acc=0.7796
probe=02  phase=main_screen           prior=(none, none)    eval=(0.6, none)         cost=2/20   acc=0.7962
probe=03  phase=main_screen           prior=(none, none)    eval=(2.8, none)         cost=3/20   acc=0.8009
probe=04  phase=main_screen           prior=(none, none)    eval=(13, none)          cost=4/20   acc=0.7569
probe=05  phase=main_screen           prior=(none, none)    eval=(60, none)          cost=5/20   acc=0.1779
probe=06  phase=main_screen           prior=(none, none)    eval=(280, none)         cost=6/20   acc=0.1003
probe=07  phase=main_screen           prior=(none, none)    eval=(1300, none)        cost=7/20   acc=0.1003
probe=08  phase=main_screen           prior=(none, none)    eval=(5900, none)        cost=8/20   acc=0.1003
probe=09  phase=main_screen           prior=(none, none)    eval=(27000, none)       cost=9/20   acc=0.1003
probe=10  phase=first_interval_probe  prior=(none, none)    eval=(2.8, 1)            cost=10/20  acc=0.9043
probe=11  phase=first_interval_probe  prior=(none, none)    eval=(4.6, 1.7)          cost=12/20  acc=0.9048
probe=12  phase=first_interval_probe  prior=(none, none)    eval=(0.6, 1.7)          cost=13/20  acc=0.9061
probe=13  phase=first_interval_probe  prior=(none, none)    eval=(1.7, 0.6)          cost=15/20  acc=0.9085
probe=14  phase=first_interval_probe  prior=(none, none)    eval=(7.7, 2.8)          cost=17/20  acc=0.9062
probe=15  phase=first_interval_probe  prior=(none, none)    eval=(1.7, 4.6)          cost=18/20  acc=0.9113
probe=16  phase=first_interval_probe  prior=(none, none)    eval=(0.22, 0.6)         cost=20/20  acc=0.9046
source=cifar_search_bias_split_plots  shift=10   interval=1  attr=head_lr         global=(main=1.7,cooldown=4.6,acc=0.9302)       gap=0.0003
probe=01  phase=followup_transition   prior=(1.7, 4.6)      eval=(1.7, 2.8)          cost=2/10   acc=0.9299
probe=02  phase=followup_transition   prior=(1.7, 4.6)      eval=(0.047, 0.6)        cost=4/10   acc=0.9259
probe=03  phase=followup_transition   prior=(1.7, 4.6)      eval=(60, 36)            cost=6/10   acc=0.6160
probe=04  phase=followup_transition   prior=(1.7, 4.6)      eval=(2.8, 1.7)          cost=8/10   acc=0.9280
probe=05  phase=followup_transition   prior=(1.7, 4.6)      eval=(1, 170)            cost=10/10  acc=0.1000
source=cifar_search_bias_split_plots  shift=10   interval=2  attr=head_lr         global=(main=1.7,cooldown=7.7,acc=0.9339)       gap=0.0008
probe=01  phase=followup_transition   prior=(1.7, 2.8)      eval=(1.7, 1.7)          cost=2/10   acc=0.9331
probe=02  phase=followup_transition   prior=(1.7, 2.8)      eval=(0.047, 0.36)       cost=4/10   acc=0.9320
probe=03  phase=followup_transition   prior=(1.7, 2.8)      eval=(60, 21)            cost=6/10   acc=0.3862
probe=04  phase=followup_transition   prior=(1.7, 2.8)      eval=(2.8, 1)            cost=8/10   acc=0.9300
probe=05  phase=followup_transition   prior=(1.7, 2.8)      eval=(1, 99)             cost=10/10  acc=0.8500
source=cifar_search_bias_split_plots  shift=10   interval=3  attr=head_lr         global=(main=0.047,cooldown=4.6,acc=0.9413)     gap=0.0009
probe=01  phase=followup_transition   prior=(1.7, 1.7)      eval=(1.7, 1)            cost=2/10   acc=0.9393
probe=02  phase=followup_transition   prior=(1.7, 1.7)      eval=(0.047, 0.22)       cost=4/10   acc=0.9404
probe=03  phase=followup_transition   prior=(1.7, 1.7)      eval=(60, 13)            cost=6/10   acc=0.9174
probe=04  phase=followup_transition   prior=(1.7, 1.7)      eval=(2.8, 0.6)          cost=8/10   acc=0.9390
probe=05  phase=followup_transition   prior=(1.7, 1.7)      eval=(1, 60)             cost=10/10  acc=0.9087
source=cifar_search_bias_split_plots  shift=-10  interval=0  attr=whiten_bias_lr  global=(main=770,cooldown=1300,acc=0.9113)      gap=0.0029
probe=01  phase=main_screen           prior=(none, none)    eval=(0.13, none)        cost=1/20   acc=0.8056
probe=02  phase=main_screen           prior=(none, none)    eval=(0.6, none)         cost=2/20   acc=0.8056
probe=03  phase=main_screen           prior=(none, none)    eval=(2.8, none)         cost=3/20   acc=0.8056
probe=04  phase=main_screen           prior=(none, none)    eval=(13, none)          cost=4/20   acc=0.8056
probe=05  phase=main_screen           prior=(none, none)    eval=(60, none)          cost=5/20   acc=0.8056
probe=06  phase=main_screen           prior=(none, none)    eval=(280, none)         cost=6/20   acc=0.7961
probe=07  phase=main_screen           prior=(none, none)    eval=(1300, none)        cost=7/20   acc=0.8003
probe=08  phase=main_screen           prior=(none, none)    eval=(5900, none)        cost=8/20   acc=0.8004
probe=09  phase=main_screen           prior=(none, none)    eval=(27000, none)       cost=9/20   acc=0.7800
probe=10  phase=first_interval_probe  prior=(none, none)    eval=(5900, 2100)        cost=10/20  acc=0.9057
probe=11  phase=first_interval_probe  prior=(none, none)    eval=(9800, 3500)        cost=12/20  acc=0.9083
probe=12  phase=first_interval_probe  prior=(none, none)    eval=(1300, 3500)        cost=13/20  acc=0.9040
probe=13  phase=first_interval_probe  prior=(none, none)    eval=(3500, 1300)        cost=15/20  acc=0.9072
probe=14  phase=first_interval_probe  prior=(none, none)    eval=(16000, 5900)       cost=17/20  acc=0.9057
probe=15  phase=first_interval_probe  prior=(none, none)    eval=(3500, 9800)        cost=18/20  acc=0.9075
probe=16  phase=first_interval_probe  prior=(none, none)    eval=(460, 1300)         cost=20/20  acc=0.9084
source=cifar_search_bias_split_plots  shift=-10  interval=1  attr=whiten_bias_lr  global=(main=460,cooldown=170,acc=0.9302)       gap=0
probe=01  phase=followup_transition   prior=(460, 1300)     eval=(460, 770)          cost=2/10   acc=0.9302
probe=02  phase=followup_transition   prior=(460, 1300)     eval=(13, 170)           cost=4/10   acc=0.9272
probe=03  phase=followup_transition   prior=(460, 1300)     eval=(16000, 9800)       cost=6/10   acc=0.9266
probe=04  phase=followup_transition   prior=(460, 1300)     eval=(770, 460)          cost=8/10   acc=0.9280
probe=05  phase=followup_transition   prior=(460, 1300)     eval=(280, 46000)        cost=10/10  acc=0.9281
source=cifar_search_bias_split_plots  shift=-10  interval=2  attr=whiten_bias_lr  global=(main=170,cooldown=170,acc=0.9339)       gap=0
probe=01  phase=followup_transition   prior=(460, 770)      eval=(460, 460)          cost=2/10   acc=0.9339
probe=02  phase=followup_transition   prior=(460, 770)      eval=(13, 99)            cost=4/10   acc=0.9339
probe=03  phase=followup_transition   prior=(460, 770)      eval=(16000, 5900)       cost=6/10   acc=0.9339
probe=04  phase=followup_transition   prior=(460, 770)      eval=(770, 280)          cost=8/10   acc=0.9339
probe=05  phase=followup_transition   prior=(460, 770)      eval=(280, 27000)        cost=10/10  acc=0.9339
source=cifar_search_bias_split_plots  shift=-10  interval=3  attr=whiten_bias_lr  global=(main=170,cooldown=170,acc=0.9410)       gap=0
probe=01  phase=followup_transition   prior=(460, 460)      eval=(460, 280)          cost=2/10   acc=0.9410
probe=02  phase=followup_transition   prior=(460, 460)      eval=(13, 60)            cost=4/10   acc=0.9410
probe=03  phase=followup_transition   prior=(460, 460)      eval=(16000, 3500)       cost=6/10   acc=0.9410
probe=04  phase=followup_transition   prior=(460, 460)      eval=(770, 170)          cost=8/10   acc=0.9410
probe=05  phase=followup_transition   prior=(460, 460)      eval=(280, 16000)        cost=10/10  acc=0.9410
source=cifar_search_bias_split_plots  shift=-9   interval=0  attr=whiten_bias_lr  global=(main=460,cooldown=770,acc=0.9113)       gap=0.0007
probe=01  phase=main_screen           prior=(none, none)    eval=(0.13, none)        cost=1/20   acc=0.8056
probe=02  phase=main_screen           prior=(none, none)    eval=(0.6, none)         cost=2/20   acc=0.8056
probe=03  phase=main_screen           prior=(none, none)    eval=(2.8, none)         cost=3/20   acc=0.8056
probe=04  phase=main_screen           prior=(none, none)    eval=(13, none)          cost=4/20   acc=0.8056
probe=05  phase=main_screen           prior=(none, none)    eval=(60, none)          cost=5/20   acc=0.8056
probe=06  phase=main_screen           prior=(none, none)    eval=(280, none)         cost=6/20   acc=0.8006
probe=07  phase=main_screen           prior=(none, none)    eval=(1300, none)        cost=7/20   acc=0.8033
probe=08  phase=main_screen           prior=(none, none)    eval=(5900, none)        cost=8/20   acc=0.7972
probe=09  phase=main_screen           prior=(none, none)    eval=(27000, none)       cost=9/20   acc=0.7826
probe=10  phase=first_interval_probe  prior=(none, none)    eval=(5900, 2100)        cost=10/20  acc=0.9083
probe=11  phase=first_interval_probe  prior=(none, none)    eval=(9800, 3500)        cost=12/20  acc=0.9057
probe=12  phase=first_interval_probe  prior=(none, none)    eval=(1300, 3500)        cost=13/20  acc=0.9069
probe=13  phase=first_interval_probe  prior=(none, none)    eval=(3500, 1300)        cost=15/20  acc=0.9057
probe=14  phase=first_interval_probe  prior=(none, none)    eval=(16000, 5900)       cost=17/20  acc=0.9064
probe=15  phase=first_interval_probe  prior=(none, none)    eval=(3500, 9800)        cost=18/20  acc=0.9077
probe=16  phase=first_interval_probe  prior=(none, none)    eval=(460, 1300)         cost=20/20  acc=0.9106
source=cifar_search_bias_split_plots  shift=-9   interval=1  attr=whiten_bias_lr  global=(main=280,cooldown=99,acc=0.9302)        gap=0
probe=01  phase=followup_transition   prior=(460, 1300)     eval=(460, 770)          cost=2/10   acc=0.9280
probe=02  phase=followup_transition   prior=(460, 1300)     eval=(13, 170)           cost=4/10   acc=0.9272
probe=03  phase=followup_transition   prior=(460, 1300)     eval=(16000, 9800)       cost=6/10   acc=0.9272
probe=04  phase=followup_transition   prior=(460, 1300)     eval=(770, 460)          cost=8/10   acc=0.9289
probe=05  phase=followup_transition   prior=(460, 1300)     eval=(280, 46000)        cost=10/10  acc=0.9302
source=cifar_search_bias_split_plots  shift=-9   interval=2  attr=whiten_bias_lr  global=(main=99,cooldown=99,acc=0.9339)         gap=0
probe=01  phase=followup_transition   prior=(280, 46000)    eval=(280, 27000)        cost=2/10   acc=0.9339
probe=02  phase=followup_transition   prior=(280, 46000)    eval=(7.7, 5900)         cost=4/10   acc=0.9339
probe=03  phase=followup_transition   prior=(280, 46000)    eval=(9800, 350000)      cost=6/10   acc=0.9339
probe=04  phase=followup_transition   prior=(280, 46000)    eval=(460, 16000)        cost=8/10   acc=0.9339
probe=05  phase=followup_transition   prior=(280, 46000)    eval=(170, 1.6e+06)      cost=10/10  acc=0.9339
source=cifar_search_bias_split_plots  shift=-9   interval=3  attr=whiten_bias_lr  global=(main=99,cooldown=99,acc=0.9410)         gap=0
probe=01  phase=followup_transition   prior=(280, 27000)    eval=(280, 16000)        cost=2/10   acc=0.9410
probe=02  phase=followup_transition   prior=(280, 27000)    eval=(7.7, 3500)         cost=4/10   acc=0.9410
probe=03  phase=followup_transition   prior=(280, 27000)    eval=(9800, 210000)      cost=6/10   acc=0.9410
probe=04  phase=followup_transition   prior=(280, 27000)    eval=(460, 9800)         cost=8/10   acc=0.9410
probe=05  phase=followup_transition   prior=(280, 27000)    eval=(170, 980000)       cost=10/10  acc=0.9410
source=cifar_search_bias_split_plots  shift=-8   interval=0  attr=whiten_bias_lr  global=(main=280,cooldown=460,acc=0.9113)       gap=0.0007
probe=01  phase=main_screen           prior=(none, none)    eval=(0.13, none)        cost=1/20   acc=0.8056
probe=02  phase=main_screen           prior=(none, none)    eval=(0.6, none)         cost=2/20   acc=0.8056
probe=03  phase=main_screen           prior=(none, none)    eval=(2.8, none)         cost=3/20   acc=0.8056
probe=04  phase=main_screen           prior=(none, none)    eval=(13, none)          cost=4/20   acc=0.8056
probe=05  phase=main_screen           prior=(none, none)    eval=(60, none)          cost=5/20   acc=0.8056
probe=06  phase=main_screen           prior=(none, none)    eval=(280, none)         cost=6/20   acc=0.8016
probe=07  phase=main_screen           prior=(none, none)    eval=(1300, none)        cost=7/20   acc=0.8052
probe=08  phase=main_screen           prior=(none, none)    eval=(5900, none)        cost=8/20   acc=0.7870
probe=09  phase=main_screen           prior=(none, none)    eval=(27000, none)       cost=9/20   acc=0.7736
probe=10  phase=first_interval_probe  prior=(none, none)    eval=(1300, 460)         cost=10/20  acc=0.9072
probe=11  phase=first_interval_probe  prior=(none, none)    eval=(2100, 770)         cost=12/20  acc=0.9057
probe=12  phase=first_interval_probe  prior=(none, none)    eval=(280, 770)          cost=13/20  acc=0.9106
probe=13  phase=first_interval_probe  prior=(none, none)    eval=(770, 280)          cost=15/20  acc=0.9069
probe=14  phase=first_interval_probe  prior=(none, none)    eval=(3500, 1300)        cost=17/20  acc=0.9083
probe=15  phase=first_interval_probe  prior=(none, none)    eval=(770, 2100)         cost=18/20  acc=0.9069
probe=16  phase=first_interval_probe  prior=(none, none)    eval=(99, 280)           cost=20/20  acc=0.9044
source=cifar_search_bias_split_plots  shift=-8   interval=1  attr=whiten_bias_lr  global=(main=170,cooldown=60,acc=0.9302)        gap=0
probe=01  phase=followup_transition   prior=(280, 770)      eval=(280, 460)          cost=2/10   acc=0.9280
probe=02  phase=followup_transition   prior=(280, 770)      eval=(7.7, 99)           cost=4/10   acc=0.9272
probe=03  phase=followup_transition   prior=(280, 770)      eval=(9800, 5900)        cost=6/10   acc=0.9272
probe=04  phase=followup_transition   prior=(280, 770)      eval=(460, 280)          cost=8/10   acc=0.9289
probe=05  phase=followup_transition   prior=(280, 770)      eval=(170, 27000)        cost=10/10  acc=0.9302
source=cifar_search_bias_split_plots  shift=-8   interval=2  attr=whiten_bias_lr  global=(main=60,cooldown=60,acc=0.9339)         gap=0
probe=01  phase=followup_transition   prior=(170, 27000)    eval=(170, 16000)        cost=2/10   acc=0.9339
probe=02  phase=followup_transition   prior=(170, 27000)    eval=(4.6, 3500)         cost=4/10   acc=0.9339
probe=03  phase=followup_transition   prior=(170, 27000)    eval=(5900, 210000)      cost=6/10   acc=0.9339
probe=04  phase=followup_transition   prior=(170, 27000)    eval=(280, 9800)         cost=8/10   acc=0.9339
probe=05  phase=followup_transition   prior=(170, 27000)    eval=(99, 980000)        cost=10/10  acc=0.9339
source=cifar_search_bias_split_plots  shift=-8   interval=3  attr=whiten_bias_lr  global=(main=60,cooldown=60,acc=0.9410)         gap=0
probe=01  phase=followup_transition   prior=(170, 16000)    eval=(170, 9800)         cost=2/10   acc=0.9410
probe=02  phase=followup_transition   prior=(170, 16000)    eval=(4.6, 2100)         cost=4/10   acc=0.9410
probe=03  phase=followup_transition   prior=(170, 16000)    eval=(5900, 130000)      cost=6/10   acc=0.9410
probe=04  phase=followup_transition   prior=(170, 16000)    eval=(280, 5900)         cost=8/10   acc=0.9410
probe=05  phase=followup_transition   prior=(170, 16000)    eval=(99, 590000)        cost=10/10  acc=0.9410
source=cifar_search_bias_split_plots  shift=-7   interval=0  attr=whiten_bias_lr  global=(main=170,cooldown=280,acc=0.9113)       gap=0.0029
probe=01  phase=main_screen           prior=(none, none)    eval=(0.13, none)        cost=1/20   acc=0.8056
probe=02  phase=main_screen           prior=(none, none)    eval=(0.6, none)         cost=2/20   acc=0.8056
probe=03  phase=main_screen           prior=(none, none)    eval=(2.8, none)         cost=3/20   acc=0.8056
probe=04  phase=main_screen           prior=(none, none)    eval=(13, none)          cost=4/20   acc=0.8056
probe=05  phase=main_screen           prior=(none, none)    eval=(60, none)          cost=5/20   acc=0.7961
probe=06  phase=main_screen           prior=(none, none)    eval=(280, none)         cost=6/20   acc=0.8003
probe=07  phase=main_screen           prior=(none, none)    eval=(1300, none)        cost=7/20   acc=0.8004
probe=08  phase=main_screen           prior=(none, none)    eval=(5900, none)        cost=8/20   acc=0.7800
probe=09  phase=main_screen           prior=(none, none)    eval=(27000, none)       cost=9/20   acc=0.7836
probe=10  phase=first_interval_probe  prior=(none, none)    eval=(1300, 460)         cost=10/20  acc=0.9057
probe=11  phase=first_interval_probe  prior=(none, none)    eval=(2100, 770)         cost=12/20  acc=0.9083
probe=12  phase=first_interval_probe  prior=(none, none)    eval=(280, 770)          cost=13/20  acc=0.9040
probe=13  phase=first_interval_probe  prior=(none, none)    eval=(770, 280)          cost=15/20  acc=0.9072
probe=14  phase=first_interval_probe  prior=(none, none)    eval=(3500, 1300)        cost=17/20  acc=0.9057
probe=15  phase=first_interval_probe  prior=(none, none)    eval=(770, 2100)         cost=18/20  acc=0.9075
probe=16  phase=first_interval_probe  prior=(none, none)    eval=(99, 280)           cost=20/20  acc=0.9084
source=cifar_search_bias_split_plots  shift=-7   interval=1  attr=whiten_bias_lr  global=(main=99,cooldown=36,acc=0.9302)         gap=0
probe=01  phase=followup_transition   prior=(99, 280)       eval=(99, 170)           cost=2/10   acc=0.9302
probe=02  phase=followup_transition   prior=(99, 280)       eval=(2.8, 36)           cost=4/10   acc=0.9272
probe=03  phase=followup_transition   prior=(99, 280)       eval=(3500, 2100)        cost=6/10   acc=0.9266
probe=04  phase=followup_transition   prior=(99, 280)       eval=(170, 99)           cost=8/10   acc=0.9280
probe=05  phase=followup_transition   prior=(99, 280)       eval=(60, 9800)          cost=10/10  acc=0.9281
source=cifar_search_bias_split_plots  shift=-7   interval=2  attr=whiten_bias_lr  global=(main=36,cooldown=36,acc=0.9339)         gap=0
probe=01  phase=followup_transition   prior=(99, 170)       eval=(99, 99)            cost=2/10   acc=0.9339
probe=02  phase=followup_transition   prior=(99, 170)       eval=(2.8, 21)           cost=4/10   acc=0.9339
probe=03  phase=followup_transition   prior=(99, 170)       eval=(3500, 1300)        cost=6/10   acc=0.9339
probe=04  phase=followup_transition   prior=(99, 170)       eval=(170, 60)           cost=8/10   acc=0.9339
probe=05  phase=followup_transition   prior=(99, 170)       eval=(60, 5900)          cost=10/10  acc=0.9339
source=cifar_search_bias_split_plots  shift=-7   interval=3  attr=whiten_bias_lr  global=(main=36,cooldown=36,acc=0.9410)         gap=0
probe=01  phase=followup_transition   prior=(99, 99)        eval=(99, 60)            cost=2/10   acc=0.9410
probe=02  phase=followup_transition   prior=(99, 99)        eval=(2.8, 13)           cost=4/10   acc=0.9410
probe=03  phase=followup_transition   prior=(99, 99)        eval=(3500, 770)         cost=6/10   acc=0.9410
probe=04  phase=followup_transition   prior=(99, 99)        eval=(170, 36)           cost=8/10   acc=0.9410
probe=05  phase=followup_transition   prior=(99, 99)        eval=(60, 3500)          cost=10/10  acc=0.9410
source=cifar_search_bias_split_plots  shift=-6   interval=0  attr=whiten_bias_lr  global=(main=99,cooldown=170,acc=0.9113)        gap=0.0007
probe=01  phase=main_screen           prior=(none, none)    eval=(0.13, none)        cost=1/20   acc=0.8056
probe=02  phase=main_screen           prior=(none, none)    eval=(0.6, none)         cost=2/20   acc=0.8056
probe=03  phase=main_screen           prior=(none, none)    eval=(2.8, none)         cost=3/20   acc=0.8056
probe=04  phase=main_screen           prior=(none, none)    eval=(13, none)          cost=4/20   acc=0.8056
probe=05  phase=main_screen           prior=(none, none)    eval=(60, none)          cost=5/20   acc=0.8006
probe=06  phase=main_screen           prior=(none, none)    eval=(280, none)         cost=6/20   acc=0.8033
probe=07  phase=main_screen           prior=(none, none)    eval=(1300, none)        cost=7/20   acc=0.7972
probe=08  phase=main_screen           prior=(none, none)    eval=(5900, none)        cost=8/20   acc=0.7826
probe=09  phase=main_screen           prior=(none, none)    eval=(27000, none)       cost=9/20   acc=0.7769
probe=10  phase=first_interval_probe  prior=(none, none)    eval=(1300, 460)         cost=10/20  acc=0.9083
probe=11  phase=first_interval_probe  prior=(none, none)    eval=(2100, 770)         cost=12/20  acc=0.9057
probe=12  phase=first_interval_probe  prior=(none, none)    eval=(280, 770)          cost=13/20  acc=0.9069
probe=13  phase=first_interval_probe  prior=(none, none)    eval=(770, 280)          cost=15/20  acc=0.9057
probe=14  phase=first_interval_probe  prior=(none, none)    eval=(3500, 1300)        cost=17/20  acc=0.9064
probe=15  phase=first_interval_probe  prior=(none, none)    eval=(770, 2100)         cost=18/20  acc=0.9077
probe=16  phase=first_interval_probe  prior=(none, none)    eval=(99, 280)           cost=20/20  acc=0.9106
source=cifar_search_bias_split_plots  shift=-6   interval=1  attr=whiten_bias_lr  global=(main=60,cooldown=21,acc=0.9302)         gap=0
probe=01  phase=followup_transition   prior=(99, 280)       eval=(99, 170)           cost=2/10   acc=0.9280
probe=02  phase=followup_transition   prior=(99, 280)       eval=(2.8, 36)           cost=4/10   acc=0.9272
probe=03  phase=followup_transition   prior=(99, 280)       eval=(3500, 2100)        cost=6/10   acc=0.9272
probe=04  phase=followup_transition   prior=(99, 280)       eval=(170, 99)           cost=8/10   acc=0.9289
probe=05  phase=followup_transition   prior=(99, 280)       eval=(60, 9800)          cost=10/10  acc=0.9302
source=cifar_search_bias_split_plots  shift=-6   interval=2  attr=whiten_bias_lr  global=(main=21,cooldown=21,acc=0.9339)         gap=0
probe=01  phase=followup_transition   prior=(60, 9800)      eval=(60, 5900)          cost=2/10   acc=0.9339
probe=02  phase=followup_transition   prior=(60, 9800)      eval=(1.7, 1300)         cost=4/10   acc=0.9339
probe=03  phase=followup_transition   prior=(60, 9800)      eval=(2100, 76000)       cost=6/10   acc=0.9339
probe=04  phase=followup_transition   prior=(60, 9800)      eval=(99, 3500)          cost=8/10   acc=0.9339
probe=05  phase=followup_transition   prior=(60, 9800)      eval=(36, 350000)        cost=10/10  acc=0.9339
source=cifar_search_bias_split_plots  shift=-6   interval=3  attr=whiten_bias_lr  global=(main=21,cooldown=21,acc=0.9410)         gap=0
probe=01  phase=followup_transition   prior=(60, 5900)      eval=(60, 3500)          cost=2/10   acc=0.9410
probe=02  phase=followup_transition   prior=(60, 5900)      eval=(1.7, 770)          cost=4/10   acc=0.9410
probe=03  phase=followup_transition   prior=(60, 5900)      eval=(2100, 46000)       cost=6/10   acc=0.9410
probe=04  phase=followup_transition   prior=(60, 5900)      eval=(99, 2100)          cost=8/10   acc=0.9410
probe=05  phase=followup_transition   prior=(60, 5900)      eval=(36, 210000)        cost=10/10  acc=0.9410
source=cifar_search_bias_split_plots  shift=-5   interval=0  attr=whiten_bias_lr  global=(main=60,cooldown=99,acc=0.9113)         gap=0.0007
probe=01  phase=main_screen           prior=(none, none)    eval=(0.13, none)        cost=1/20   acc=0.8056
probe=02  phase=main_screen           prior=(none, none)    eval=(0.6, none)         cost=2/20   acc=0.8056
probe=03  phase=main_screen           prior=(none, none)    eval=(2.8, none)         cost=3/20   acc=0.8056
probe=04  phase=main_screen           prior=(none, none)    eval=(13, none)          cost=4/20   acc=0.8056
probe=05  phase=main_screen           prior=(none, none)    eval=(60, none)          cost=5/20   acc=0.8016
probe=06  phase=main_screen           prior=(none, none)    eval=(280, none)         cost=6/20   acc=0.8052
probe=07  phase=main_screen           prior=(none, none)    eval=(1300, none)        cost=7/20   acc=0.7870
probe=08  phase=main_screen           prior=(none, none)    eval=(5900, none)        cost=8/20   acc=0.7736
probe=09  phase=main_screen           prior=(none, none)    eval=(27000, none)       cost=9/20   acc=0.7820
probe=10  phase=first_interval_probe  prior=(none, none)    eval=(280, 99)           cost=10/20  acc=0.9072
probe=11  phase=first_interval_probe  prior=(none, none)    eval=(460, 170)          cost=12/20  acc=0.9057
probe=12  phase=first_interval_probe  prior=(none, none)    eval=(60, 170)           cost=13/20  acc=0.9106
probe=13  phase=first_interval_probe  prior=(none, none)    eval=(170, 60)           cost=15/20  acc=0.9069
probe=14  phase=first_interval_probe  prior=(none, none)    eval=(770, 280)          cost=17/20  acc=0.9083
probe=15  phase=first_interval_probe  prior=(none, none)    eval=(170, 460)          cost=18/20  acc=0.9069
probe=16  phase=first_interval_probe  prior=(none, none)    eval=(21, 60)            cost=20/20  acc=0.9044
source=cifar_search_bias_split_plots  shift=-5   interval=1  attr=whiten_bias_lr  global=(main=36,cooldown=13,acc=0.9302)         gap=0
probe=01  phase=followup_transition   prior=(60, 170)       eval=(60, 99)            cost=2/10   acc=0.9280
probe=02  phase=followup_transition   prior=(60, 170)       eval=(1.7, 21)           cost=4/10   acc=0.9272
probe=03  phase=followup_transition   prior=(60, 170)       eval=(2100, 1300)        cost=6/10   acc=0.9272
probe=04  phase=followup_transition   prior=(60, 170)       eval=(99, 60)            cost=8/10   acc=0.9289
probe=05  phase=followup_transition   prior=(60, 170)       eval=(36, 5900)          cost=10/10  acc=0.9302
source=cifar_search_bias_split_plots  shift=-5   interval=2  attr=whiten_bias_lr  global=(main=13,cooldown=13,acc=0.9339)         gap=0
probe=01  phase=followup_transition   prior=(36, 5900)      eval=(36, 3500)          cost=2/10   acc=0.9339
probe=02  phase=followup_transition   prior=(36, 5900)      eval=(1, 770)            cost=4/10   acc=0.9339
probe=03  phase=followup_transition   prior=(36, 5900)      eval=(1300, 46000)       cost=6/10   acc=0.9339
probe=04  phase=followup_transition   prior=(36, 5900)      eval=(60, 2100)          cost=8/10   acc=0.9339
probe=05  phase=followup_transition   prior=(36, 5900)      eval=(21, 210000)        cost=10/10  acc=0.9339
source=cifar_search_bias_split_plots  shift=-5   interval=3  attr=whiten_bias_lr  global=(main=13,cooldown=13,acc=0.9410)         gap=0
probe=01  phase=followup_transition   prior=(36, 3500)      eval=(36, 2100)          cost=2/10   acc=0.9410
probe=02  phase=followup_transition   prior=(36, 3500)      eval=(1, 460)            cost=4/10   acc=0.9410
probe=03  phase=followup_transition   prior=(36, 3500)      eval=(1300, 27000)       cost=6/10   acc=0.9410
probe=04  phase=followup_transition   prior=(36, 3500)      eval=(60, 1300)          cost=8/10   acc=0.9410
probe=05  phase=followup_transition   prior=(36, 3500)      eval=(21, 130000)        cost=10/10  acc=0.9410
source=cifar_search_bias_split_plots  shift=-4   interval=0  attr=whiten_bias_lr  global=(main=36,cooldown=60,acc=0.9113)         gap=0.0029
probe=01  phase=main_screen           prior=(none, none)    eval=(0.13, none)        cost=1/20   acc=0.8056
probe=02  phase=main_screen           prior=(none, none)    eval=(0.6, none)         cost=2/20   acc=0.8056
probe=03  phase=main_screen           prior=(none, none)    eval=(2.8, none)         cost=3/20   acc=0.8056
probe=04  phase=main_screen           prior=(none, none)    eval=(13, none)          cost=4/20   acc=0.7961
probe=05  phase=main_screen           prior=(none, none)    eval=(60, none)          cost=5/20   acc=0.8003
probe=06  phase=main_screen           prior=(none, none)    eval=(280, none)         cost=6/20   acc=0.8004
probe=07  phase=main_screen           prior=(none, none)    eval=(1300, none)        cost=7/20   acc=0.7800
probe=08  phase=main_screen           prior=(none, none)    eval=(5900, none)        cost=8/20   acc=0.7836
probe=09  phase=main_screen           prior=(none, none)    eval=(27000, none)       cost=9/20   acc=0.7730
probe=10  phase=first_interval_probe  prior=(none, none)    eval=(280, 99)           cost=10/20  acc=0.9057
probe=11  phase=first_interval_probe  prior=(none, none)    eval=(460, 170)          cost=12/20  acc=0.9083
probe=12  phase=first_interval_probe  prior=(none, none)    eval=(60, 170)           cost=13/20  acc=0.9040
probe=13  phase=first_interval_probe  prior=(none, none)    eval=(170, 60)           cost=15/20  acc=0.9072
probe=14  phase=first_interval_probe  prior=(none, none)    eval=(770, 280)          cost=17/20  acc=0.9057
probe=15  phase=first_interval_probe  prior=(none, none)    eval=(170, 460)          cost=18/20  acc=0.9075
probe=16  phase=first_interval_probe  prior=(none, none)    eval=(21, 60)            cost=20/20  acc=0.9084
source=cifar_search_bias_split_plots  shift=-4   interval=1  attr=whiten_bias_lr  global=(main=21,cooldown=7.7,acc=0.9302)        gap=0
probe=01  phase=followup_transition   prior=(21, 60)        eval=(21, 36)            cost=2/10   acc=0.9302
probe=02  phase=followup_transition   prior=(21, 60)        eval=(0.6, 7.7)          cost=4/10   acc=0.9272
probe=03  phase=followup_transition   prior=(21, 60)        eval=(770, 460)          cost=6/10   acc=0.9266
probe=04  phase=followup_transition   prior=(21, 60)        eval=(36, 21)            cost=8/10   acc=0.9280
probe=05  phase=followup_transition   prior=(21, 60)        eval=(13, 2100)          cost=10/10  acc=0.9281
source=cifar_search_bias_split_plots  shift=-4   interval=2  attr=whiten_bias_lr  global=(main=7.7,cooldown=7.7,acc=0.9339)       gap=0
probe=01  phase=followup_transition   prior=(21, 36)        eval=(21, 21)            cost=2/10   acc=0.9339
probe=02  phase=followup_transition   prior=(21, 36)        eval=(0.6, 4.6)          cost=4/10   acc=0.9339
probe=03  phase=followup_transition   prior=(21, 36)        eval=(770, 280)          cost=6/10   acc=0.9339
probe=04  phase=followup_transition   prior=(21, 36)        eval=(36, 13)            cost=8/10   acc=0.9339
probe=05  phase=followup_transition   prior=(21, 36)        eval=(13, 1300)          cost=10/10  acc=0.9339
source=cifar_search_bias_split_plots  shift=-4   interval=3  attr=whiten_bias_lr  global=(main=7.7,cooldown=7.7,acc=0.9410)       gap=0
probe=01  phase=followup_transition   prior=(21, 21)        eval=(21, 13)            cost=2/10   acc=0.9410
probe=02  phase=followup_transition   prior=(21, 21)        eval=(0.6, 2.8)          cost=4/10   acc=0.9410
probe=03  phase=followup_transition   prior=(21, 21)        eval=(770, 170)          cost=6/10   acc=0.9410
probe=04  phase=followup_transition   prior=(21, 21)        eval=(36, 7.7)           cost=8/10   acc=0.9410
probe=05  phase=followup_transition   prior=(21, 21)        eval=(13, 770)           cost=10/10  acc=0.9410
source=cifar_search_bias_split_plots  shift=-3   interval=0  attr=whiten_bias_lr  global=(main=21,cooldown=36,acc=0.9113)         gap=0.0007
probe=01  phase=main_screen           prior=(none, none)    eval=(0.13, none)        cost=1/20   acc=0.8056
probe=02  phase=main_screen           prior=(none, none)    eval=(0.6, none)         cost=2/20   acc=0.8056
probe=03  phase=main_screen           prior=(none, none)    eval=(2.8, none)         cost=3/20   acc=0.8056
probe=04  phase=main_screen           prior=(none, none)    eval=(13, none)          cost=4/20   acc=0.8006
probe=05  phase=main_screen           prior=(none, none)    eval=(60, none)          cost=5/20   acc=0.8033
probe=06  phase=main_screen           prior=(none, none)    eval=(280, none)         cost=6/20   acc=0.7972
probe=07  phase=main_screen           prior=(none, none)    eval=(1300, none)        cost=7/20   acc=0.7826
probe=08  phase=main_screen           prior=(none, none)    eval=(5900, none)        cost=8/20   acc=0.7769
probe=09  phase=main_screen           prior=(none, none)    eval=(27000, none)       cost=9/20   acc=0.7848
probe=10  phase=first_interval_probe  prior=(none, none)    eval=(280, 99)           cost=10/20  acc=0.9083
probe=11  phase=first_interval_probe  prior=(none, none)    eval=(460, 170)          cost=12/20  acc=0.9057
probe=12  phase=first_interval_probe  prior=(none, none)    eval=(60, 170)           cost=13/20  acc=0.9069
probe=13  phase=first_interval_probe  prior=(none, none)    eval=(170, 60)           cost=15/20  acc=0.9057
probe=14  phase=first_interval_probe  prior=(none, none)    eval=(770, 280)          cost=17/20  acc=0.9064
probe=15  phase=first_interval_probe  prior=(none, none)    eval=(170, 460)          cost=18/20  acc=0.9077
probe=16  phase=first_interval_probe  prior=(none, none)    eval=(21, 60)            cost=20/20  acc=0.9106
source=cifar_search_bias_split_plots  shift=-3   interval=1  attr=whiten_bias_lr  global=(main=13,cooldown=4.6,acc=0.9302)        gap=0
probe=01  phase=followup_transition   prior=(21, 60)        eval=(21, 36)            cost=2/10   acc=0.9280
probe=02  phase=followup_transition   prior=(21, 60)        eval=(0.6, 7.7)          cost=4/10   acc=0.9272
probe=03  phase=followup_transition   prior=(21, 60)        eval=(770, 460)          cost=6/10   acc=0.9272
probe=04  phase=followup_transition   prior=(21, 60)        eval=(36, 21)            cost=8/10   acc=0.9289
probe=05  phase=followup_transition   prior=(21, 60)        eval=(13, 2100)          cost=10/10  acc=0.9302
source=cifar_search_bias_split_plots  shift=-3   interval=2  attr=whiten_bias_lr  global=(main=4.6,cooldown=4.6,acc=0.9339)       gap=0
probe=01  phase=followup_transition   prior=(13, 2100)      eval=(13, 1300)          cost=2/10   acc=0.9339
probe=02  phase=followup_transition   prior=(13, 2100)      eval=(0.36, 280)         cost=4/10   acc=0.9339
probe=03  phase=followup_transition   prior=(13, 2100)      eval=(460, 16000)        cost=6/10   acc=0.9339
probe=04  phase=followup_transition   prior=(13, 2100)      eval=(21, 770)           cost=8/10   acc=0.9339
probe=05  phase=followup_transition   prior=(13, 2100)      eval=(7.7, 76000)        cost=10/10  acc=0.9339
source=cifar_search_bias_split_plots  shift=-3   interval=3  attr=whiten_bias_lr  global=(main=4.6,cooldown=4.6,acc=0.9410)       gap=0
probe=01  phase=followup_transition   prior=(13, 1300)      eval=(13, 770)           cost=2/10   acc=0.9410
probe=02  phase=followup_transition   prior=(13, 1300)      eval=(0.36, 170)         cost=4/10   acc=0.9410
probe=03  phase=followup_transition   prior=(13, 1300)      eval=(460, 9800)         cost=6/10   acc=0.9410
probe=04  phase=followup_transition   prior=(13, 1300)      eval=(21, 460)           cost=8/10   acc=0.9410
probe=05  phase=followup_transition   prior=(13, 1300)      eval=(7.7, 46000)        cost=10/10  acc=0.9410
source=cifar_search_bias_split_plots  shift=-2   interval=0  attr=whiten_bias_lr  global=(main=13,cooldown=21,acc=0.9113)         gap=0.0007
probe=01  phase=main_screen           prior=(none, none)    eval=(0.13, none)        cost=1/20   acc=0.8056
probe=02  phase=main_screen           prior=(none, none)    eval=(0.6, none)         cost=2/20   acc=0.8056
probe=03  phase=main_screen           prior=(none, none)    eval=(2.8, none)         cost=3/20   acc=0.8056
probe=04  phase=main_screen           prior=(none, none)    eval=(13, none)          cost=4/20   acc=0.8016
probe=05  phase=main_screen           prior=(none, none)    eval=(60, none)          cost=5/20   acc=0.8052
probe=06  phase=main_screen           prior=(none, none)    eval=(280, none)         cost=6/20   acc=0.7870
probe=07  phase=main_screen           prior=(none, none)    eval=(1300, none)        cost=7/20   acc=0.7736
probe=08  phase=main_screen           prior=(none, none)    eval=(5900, none)        cost=8/20   acc=0.7820
probe=09  phase=main_screen           prior=(none, none)    eval=(27000, none)       cost=9/20   acc=0.7827
probe=10  phase=first_interval_probe  prior=(none, none)    eval=(60, 21)            cost=10/20  acc=0.9072
probe=11  phase=first_interval_probe  prior=(none, none)    eval=(99, 36)            cost=12/20  acc=0.9057
probe=12  phase=first_interval_probe  prior=(none, none)    eval=(13, 36)            cost=13/20  acc=0.9106
probe=13  phase=first_interval_probe  prior=(none, none)    eval=(36, 13)            cost=15/20  acc=0.9069
probe=14  phase=first_interval_probe  prior=(none, none)    eval=(170, 60)           cost=17/20  acc=0.9083
probe=15  phase=first_interval_probe  prior=(none, none)    eval=(36, 99)            cost=18/20  acc=0.9069
probe=16  phase=first_interval_probe  prior=(none, none)    eval=(4.6, 13)           cost=20/20  acc=0.9044
source=cifar_search_bias_split_plots  shift=-2   interval=1  attr=whiten_bias_lr  global=(main=7.7,cooldown=2.8,acc=0.9302)       gap=0
probe=01  phase=followup_transition   prior=(13, 36)        eval=(13, 21)            cost=2/10   acc=0.9280
probe=02  phase=followup_transition   prior=(13, 36)        eval=(0.36, 4.6)         cost=4/10   acc=0.9272
probe=03  phase=followup_transition   prior=(13, 36)        eval=(460, 280)          cost=6/10   acc=0.9272
probe=04  phase=followup_transition   prior=(13, 36)        eval=(21, 13)            cost=8/10   acc=0.9289
probe=05  phase=followup_transition   prior=(13, 36)        eval=(7.7, 1300)         cost=10/10  acc=0.9302
source=cifar_search_bias_split_plots  shift=-2   interval=2  attr=whiten_bias_lr  global=(main=2.8,cooldown=2.8,acc=0.9339)       gap=0
probe=01  phase=followup_transition   prior=(7.7, 1300)     eval=(7.7, 770)          cost=2/10   acc=0.9339
probe=02  phase=followup_transition   prior=(7.7, 1300)     eval=(0.22, 170)         cost=4/10   acc=0.9339
probe=03  phase=followup_transition   prior=(7.7, 1300)     eval=(280, 9800)         cost=6/10   acc=0.9339
probe=04  phase=followup_transition   prior=(7.7, 1300)     eval=(13, 460)           cost=8/10   acc=0.9339
probe=05  phase=followup_transition   prior=(7.7, 1300)     eval=(4.6, 46000)        cost=10/10  acc=0.9339
source=cifar_search_bias_split_plots  shift=-2   interval=3  attr=whiten_bias_lr  global=(main=2.8,cooldown=2.8,acc=0.9410)       gap=0
probe=01  phase=followup_transition   prior=(7.7, 770)      eval=(7.7, 460)          cost=2/10   acc=0.9410
probe=02  phase=followup_transition   prior=(7.7, 770)      eval=(0.22, 99)          cost=4/10   acc=0.9410
probe=03  phase=followup_transition   prior=(7.7, 770)      eval=(280, 5900)         cost=6/10   acc=0.9410
probe=04  phase=followup_transition   prior=(7.7, 770)      eval=(13, 280)           cost=8/10   acc=0.9410
probe=05  phase=followup_transition   prior=(7.7, 770)      eval=(4.6, 27000)        cost=10/10  acc=0.9410
source=cifar_search_bias_split_plots  shift=-1   interval=0  attr=whiten_bias_lr  global=(main=7.7,cooldown=13,acc=0.9113)        gap=0.0029
probe=01  phase=main_screen           prior=(none, none)    eval=(0.13, none)        cost=1/20   acc=0.8056
probe=02  phase=main_screen           prior=(none, none)    eval=(0.6, none)         cost=2/20   acc=0.8056
probe=03  phase=main_screen           prior=(none, none)    eval=(2.8, none)         cost=3/20   acc=0.7961
probe=04  phase=main_screen           prior=(none, none)    eval=(13, none)          cost=4/20   acc=0.8003
probe=05  phase=main_screen           prior=(none, none)    eval=(60, none)          cost=5/20   acc=0.8004
probe=06  phase=main_screen           prior=(none, none)    eval=(280, none)         cost=6/20   acc=0.7800
probe=07  phase=main_screen           prior=(none, none)    eval=(1300, none)        cost=7/20   acc=0.7836
probe=08  phase=main_screen           prior=(none, none)    eval=(5900, none)        cost=8/20   acc=0.7730
probe=09  phase=main_screen           prior=(none, none)    eval=(27000, none)       cost=9/20   acc=0.7644
probe=10  phase=first_interval_probe  prior=(none, none)    eval=(60, 21)            cost=10/20  acc=0.9057
probe=11  phase=first_interval_probe  prior=(none, none)    eval=(99, 36)            cost=12/20  acc=0.9083
probe=12  phase=first_interval_probe  prior=(none, none)    eval=(13, 36)            cost=13/20  acc=0.9040
probe=13  phase=first_interval_probe  prior=(none, none)    eval=(36, 13)            cost=15/20  acc=0.9072
probe=14  phase=first_interval_probe  prior=(none, none)    eval=(170, 60)           cost=17/20  acc=0.9057
probe=15  phase=first_interval_probe  prior=(none, none)    eval=(36, 99)            cost=18/20  acc=0.9075
probe=16  phase=first_interval_probe  prior=(none, none)    eval=(4.6, 13)           cost=20/20  acc=0.9084
source=cifar_search_bias_split_plots  shift=-1   interval=1  attr=whiten_bias_lr  global=(main=4.6,cooldown=1.7,acc=0.9302)       gap=0
probe=01  phase=followup_transition   prior=(4.6, 13)       eval=(4.6, 7.7)          cost=2/10   acc=0.9302
probe=02  phase=followup_transition   prior=(4.6, 13)       eval=(0.13, 1.7)         cost=4/10   acc=0.9272
probe=03  phase=followup_transition   prior=(4.6, 13)       eval=(170, 99)           cost=6/10   acc=0.9266
probe=04  phase=followup_transition   prior=(4.6, 13)       eval=(7.7, 4.6)          cost=8/10   acc=0.9280
probe=05  phase=followup_transition   prior=(4.6, 13)       eval=(2.8, 460)          cost=10/10  acc=0.9281
source=cifar_search_bias_split_plots  shift=-1   interval=2  attr=whiten_bias_lr  global=(main=1.7,cooldown=1.7,acc=0.9339)       gap=0
probe=01  phase=followup_transition   prior=(4.6, 7.7)      eval=(4.6, 4.6)          cost=2/10   acc=0.9339
probe=02  phase=followup_transition   prior=(4.6, 7.7)      eval=(0.13, 1)           cost=4/10   acc=0.9339
probe=03  phase=followup_transition   prior=(4.6, 7.7)      eval=(170, 60)           cost=6/10   acc=0.9339
probe=04  phase=followup_transition   prior=(4.6, 7.7)      eval=(7.7, 2.8)          cost=8/10   acc=0.9339
probe=05  phase=followup_transition   prior=(4.6, 7.7)      eval=(2.8, 280)          cost=10/10  acc=0.9339
source=cifar_search_bias_split_plots  shift=-1   interval=3  attr=whiten_bias_lr  global=(main=1.7,cooldown=1.7,acc=0.9410)       gap=0
probe=01  phase=followup_transition   prior=(4.6, 4.6)      eval=(4.6, 2.8)          cost=2/10   acc=0.9410
probe=02  phase=followup_transition   prior=(4.6, 4.6)      eval=(0.13, 0.6)         cost=4/10   acc=0.9410
probe=03  phase=followup_transition   prior=(4.6, 4.6)      eval=(170, 36)           cost=6/10   acc=0.9410
probe=04  phase=followup_transition   prior=(4.6, 4.6)      eval=(7.7, 1.7)          cost=8/10   acc=0.9410
probe=05  phase=followup_transition   prior=(4.6, 4.6)      eval=(2.8, 170)          cost=10/10  acc=0.9410
source=cifar_search_bias_split_plots  shift=0    interval=0  attr=whiten_bias_lr  global=(main=4.6,cooldown=7.7,acc=0.9113)       gap=0.0007
probe=01  phase=main_screen           prior=(none, none)    eval=(0.13, none)        cost=1/20   acc=0.8056
probe=02  phase=main_screen           prior=(none, none)    eval=(0.6, none)         cost=2/20   acc=0.8056
probe=03  phase=main_screen           prior=(none, none)    eval=(2.8, none)         cost=3/20   acc=0.8006
probe=04  phase=main_screen           prior=(none, none)    eval=(13, none)          cost=4/20   acc=0.8033
probe=05  phase=main_screen           prior=(none, none)    eval=(60, none)          cost=5/20   acc=0.7972
probe=06  phase=main_screen           prior=(none, none)    eval=(280, none)         cost=6/20   acc=0.7826
probe=07  phase=main_screen           prior=(none, none)    eval=(1300, none)        cost=7/20   acc=0.7769
probe=08  phase=main_screen           prior=(none, none)    eval=(5900, none)        cost=8/20   acc=0.7848
probe=09  phase=main_screen           prior=(none, none)    eval=(27000, none)       cost=9/20   acc=0.6488
probe=10  phase=first_interval_probe  prior=(none, none)    eval=(60, 21)            cost=10/20  acc=0.9083
probe=11  phase=first_interval_probe  prior=(none, none)    eval=(99, 36)            cost=12/20  acc=0.9057
probe=12  phase=first_interval_probe  prior=(none, none)    eval=(13, 36)            cost=13/20  acc=0.9069
probe=13  phase=first_interval_probe  prior=(none, none)    eval=(36, 13)            cost=15/20  acc=0.9057
probe=14  phase=first_interval_probe  prior=(none, none)    eval=(170, 60)           cost=17/20  acc=0.9064
probe=15  phase=first_interval_probe  prior=(none, none)    eval=(36, 99)            cost=18/20  acc=0.9077
probe=16  phase=first_interval_probe  prior=(none, none)    eval=(4.6, 13)           cost=20/20  acc=0.9106
source=cifar_search_bias_split_plots  shift=0    interval=1  attr=whiten_bias_lr  global=(main=2.8,cooldown=1,acc=0.9302)         gap=0
probe=01  phase=followup_transition   prior=(4.6, 13)       eval=(4.6, 7.7)          cost=2/10   acc=0.9280
probe=02  phase=followup_transition   prior=(4.6, 13)       eval=(0.13, 1.7)         cost=4/10   acc=0.9272
probe=03  phase=followup_transition   prior=(4.6, 13)       eval=(170, 99)           cost=6/10   acc=0.9272
probe=04  phase=followup_transition   prior=(4.6, 13)       eval=(7.7, 4.6)          cost=8/10   acc=0.9289
probe=05  phase=followup_transition   prior=(4.6, 13)       eval=(2.8, 460)          cost=10/10  acc=0.9302
source=cifar_search_bias_split_plots  shift=0    interval=2  attr=whiten_bias_lr  global=(main=1,cooldown=1,acc=0.9339)           gap=0
probe=01  phase=followup_transition   prior=(2.8, 460)      eval=(2.8, 280)          cost=2/10   acc=0.9339
probe=02  phase=followup_transition   prior=(2.8, 460)      eval=(0.078, 60)         cost=4/10   acc=0.9339
probe=03  phase=followup_transition   prior=(2.8, 460)      eval=(99, 3500)          cost=6/10   acc=0.9339
probe=04  phase=followup_transition   prior=(2.8, 460)      eval=(4.6, 170)          cost=8/10   acc=0.9339
probe=05  phase=followup_transition   prior=(2.8, 460)      eval=(1.7, 16000)        cost=10/10  acc=0.9339
source=cifar_search_bias_split_plots  shift=0    interval=3  attr=whiten_bias_lr  global=(main=1,cooldown=1,acc=0.9410)           gap=0
probe=01  phase=followup_transition   prior=(2.8, 280)      eval=(2.8, 170)          cost=2/10   acc=0.9410
probe=02  phase=followup_transition   prior=(2.8, 280)      eval=(0.078, 36)         cost=4/10   acc=0.9410
probe=03  phase=followup_transition   prior=(2.8, 280)      eval=(99, 2100)          cost=6/10   acc=0.9410
probe=04  phase=followup_transition   prior=(2.8, 280)      eval=(4.6, 99)           cost=8/10   acc=0.9410
probe=05  phase=followup_transition   prior=(2.8, 280)      eval=(1.7, 9800)         cost=10/10  acc=0.9410
source=cifar_search_bias_split_plots  shift=1    interval=0  attr=whiten_bias_lr  global=(main=2.8,cooldown=4.6,acc=0.9113)       gap=0.0007
probe=01  phase=main_screen           prior=(none, none)    eval=(0.13, none)        cost=1/20   acc=0.8056
probe=02  phase=main_screen           prior=(none, none)    eval=(0.6, none)         cost=2/20   acc=0.8056
probe=03  phase=main_screen           prior=(none, none)    eval=(2.8, none)         cost=3/20   acc=0.8016
probe=04  phase=main_screen           prior=(none, none)    eval=(13, none)          cost=4/20   acc=0.8052
probe=05  phase=main_screen           prior=(none, none)    eval=(60, none)          cost=5/20   acc=0.7870
probe=06  phase=main_screen           prior=(none, none)    eval=(280, none)         cost=6/20   acc=0.7736
probe=07  phase=main_screen           prior=(none, none)    eval=(1300, none)        cost=7/20   acc=0.7820
probe=08  phase=main_screen           prior=(none, none)    eval=(5900, none)        cost=8/20   acc=0.7827
probe=09  phase=main_screen           prior=(none, none)    eval=(27000, none)       cost=9/20   acc=0.6488
probe=10  phase=first_interval_probe  prior=(none, none)    eval=(13, 4.6)           cost=10/20  acc=0.9072
probe=11  phase=first_interval_probe  prior=(none, none)    eval=(21, 7.7)           cost=12/20  acc=0.9057
probe=12  phase=first_interval_probe  prior=(none, none)    eval=(2.8, 7.7)          cost=13/20  acc=0.9106
probe=13  phase=first_interval_probe  prior=(none, none)    eval=(7.7, 2.8)          cost=15/20  acc=0.9069
probe=14  phase=first_interval_probe  prior=(none, none)    eval=(36, 13)            cost=17/20  acc=0.9083
probe=15  phase=first_interval_probe  prior=(none, none)    eval=(7.7, 21)           cost=18/20  acc=0.9069
probe=16  phase=first_interval_probe  prior=(none, none)    eval=(1, 2.8)            cost=20/20  acc=0.9044
source=cifar_search_bias_split_plots  shift=1    interval=1  attr=whiten_bias_lr  global=(main=1.7,cooldown=0.6,acc=0.9302)       gap=0
probe=01  phase=followup_transition   prior=(2.8, 7.7)      eval=(2.8, 4.6)          cost=2/10   acc=0.9280
probe=02  phase=followup_transition   prior=(2.8, 7.7)      eval=(0.078, 1)          cost=4/10   acc=0.9272
probe=03  phase=followup_transition   prior=(2.8, 7.7)      eval=(99, 60)            cost=6/10   acc=0.9272
probe=04  phase=followup_transition   prior=(2.8, 7.7)      eval=(4.6, 2.8)          cost=8/10   acc=0.9289
probe=05  phase=followup_transition   prior=(2.8, 7.7)      eval=(1.7, 280)          cost=10/10  acc=0.9302
source=cifar_search_bias_split_plots  shift=1    interval=2  attr=whiten_bias_lr  global=(main=0.6,cooldown=0.6,acc=0.9339)       gap=0
probe=01  phase=followup_transition   prior=(1.7, 280)      eval=(1.7, 170)          cost=2/10   acc=0.9339
probe=02  phase=followup_transition   prior=(1.7, 280)      eval=(0.047, 36)         cost=4/10   acc=0.9339
probe=03  phase=followup_transition   prior=(1.7, 280)      eval=(60, 2100)          cost=6/10   acc=0.9339
probe=04  phase=followup_transition   prior=(1.7, 280)      eval=(2.8, 99)           cost=8/10   acc=0.9339
probe=05  phase=followup_transition   prior=(1.7, 280)      eval=(1, 9800)           cost=10/10  acc=0.9339
source=cifar_search_bias_split_plots  shift=1    interval=3  attr=whiten_bias_lr  global=(main=0.6,cooldown=0.6,acc=0.9410)       gap=0
probe=01  phase=followup_transition   prior=(1.7, 170)      eval=(1.7, 99)           cost=2/10   acc=0.9410
probe=02  phase=followup_transition   prior=(1.7, 170)      eval=(0.047, 21)         cost=4/10   acc=0.9410
probe=03  phase=followup_transition   prior=(1.7, 170)      eval=(60, 1300)          cost=6/10   acc=0.9410
probe=04  phase=followup_transition   prior=(1.7, 170)      eval=(2.8, 60)           cost=8/10   acc=0.9410
probe=05  phase=followup_transition   prior=(1.7, 170)      eval=(1, 5900)           cost=10/10  acc=0.9410
source=cifar_search_bias_split_plots  shift=2    interval=0  attr=whiten_bias_lr  global=(main=1.7,cooldown=2.8,acc=0.9113)       gap=0.0029
probe=01  phase=main_screen           prior=(none, none)    eval=(0.13, none)        cost=1/20   acc=0.8056
probe=02  phase=main_screen           prior=(none, none)    eval=(0.6, none)         cost=2/20   acc=0.7961
probe=03  phase=main_screen           prior=(none, none)    eval=(2.8, none)         cost=3/20   acc=0.8003
probe=04  phase=main_screen           prior=(none, none)    eval=(13, none)          cost=4/20   acc=0.8004
probe=05  phase=main_screen           prior=(none, none)    eval=(60, none)          cost=5/20   acc=0.7800
probe=06  phase=main_screen           prior=(none, none)    eval=(280, none)         cost=6/20   acc=0.7836
probe=07  phase=main_screen           prior=(none, none)    eval=(1300, none)        cost=7/20   acc=0.7730
probe=08  phase=main_screen           prior=(none, none)    eval=(5900, none)        cost=8/20   acc=0.7644
probe=09  phase=main_screen           prior=(none, none)    eval=(27000, none)       cost=9/20   acc=0.6488
probe=10  phase=first_interval_probe  prior=(none, none)    eval=(13, 4.6)           cost=10/20  acc=0.9057
probe=11  phase=first_interval_probe  prior=(none, none)    eval=(21, 7.7)           cost=12/20  acc=0.9083
probe=12  phase=first_interval_probe  prior=(none, none)    eval=(2.8, 7.7)          cost=13/20  acc=0.9040
probe=13  phase=first_interval_probe  prior=(none, none)    eval=(7.7, 2.8)          cost=15/20  acc=0.9072
probe=14  phase=first_interval_probe  prior=(none, none)    eval=(36, 13)            cost=17/20  acc=0.9057
probe=15  phase=first_interval_probe  prior=(none, none)    eval=(7.7, 21)           cost=18/20  acc=0.9075
probe=16  phase=first_interval_probe  prior=(none, none)    eval=(1, 2.8)            cost=20/20  acc=0.9084
source=cifar_search_bias_split_plots  shift=2    interval=1  attr=whiten_bias_lr  global=(main=1,cooldown=0.36,acc=0.9302)        gap=0
probe=01  phase=followup_transition   prior=(1, 2.8)        eval=(1, 1.7)            cost=2/10   acc=0.9302
probe=02  phase=followup_transition   prior=(1, 2.8)        eval=(0.028, 0.36)       cost=4/10   acc=0.9272
probe=03  phase=followup_transition   prior=(1, 2.8)        eval=(36, 21)            cost=6/10   acc=0.9266
probe=04  phase=followup_transition   prior=(1, 2.8)        eval=(1.7, 1)            cost=8/10   acc=0.9280
probe=05  phase=followup_transition   prior=(1, 2.8)        eval=(0.6, 99)           cost=10/10  acc=0.9281
source=cifar_search_bias_split_plots  shift=2    interval=2  attr=whiten_bias_lr  global=(main=0.36,cooldown=0.36,acc=0.9339)     gap=0
probe=01  phase=followup_transition   prior=(1, 1.7)        eval=(1, 1)              cost=2/10   acc=0.9339
probe=02  phase=followup_transition   prior=(1, 1.7)        eval=(0.028, 0.22)       cost=4/10   acc=0.9339
probe=03  phase=followup_transition   prior=(1, 1.7)        eval=(36, 13)            cost=6/10   acc=0.9339
probe=04  phase=followup_transition   prior=(1, 1.7)        eval=(1.7, 0.6)          cost=8/10   acc=0.9339
probe=05  phase=followup_transition   prior=(1, 1.7)        eval=(0.6, 60)           cost=10/10  acc=0.9339
source=cifar_search_bias_split_plots  shift=2    interval=3  attr=whiten_bias_lr  global=(main=0.36,cooldown=0.36,acc=0.9410)     gap=0
probe=01  phase=followup_transition   prior=(1, 1)          eval=(1, 0.6)            cost=2/10   acc=0.9410
probe=02  phase=followup_transition   prior=(1, 1)          eval=(0.028, 0.13)       cost=4/10   acc=0.9410
probe=03  phase=followup_transition   prior=(1, 1)          eval=(36, 7.7)           cost=6/10   acc=0.9410
probe=04  phase=followup_transition   prior=(1, 1)          eval=(1.7, 0.36)         cost=8/10   acc=0.9410
probe=05  phase=followup_transition   prior=(1, 1)          eval=(0.6, 36)           cost=10/10  acc=0.9410
source=cifar_search_bias_split_plots  shift=3    interval=0  attr=whiten_bias_lr  global=(main=1,cooldown=1.7,acc=0.9113)         gap=0.0007
probe=01  phase=main_screen           prior=(none, none)    eval=(0.13, none)        cost=1/20   acc=0.8056
probe=02  phase=main_screen           prior=(none, none)    eval=(0.6, none)         cost=2/20   acc=0.8006
probe=03  phase=main_screen           prior=(none, none)    eval=(2.8, none)         cost=3/20   acc=0.8033
probe=04  phase=main_screen           prior=(none, none)    eval=(13, none)          cost=4/20   acc=0.7972
probe=05  phase=main_screen           prior=(none, none)    eval=(60, none)          cost=5/20   acc=0.7826
probe=06  phase=main_screen           prior=(none, none)    eval=(280, none)         cost=6/20   acc=0.7769
probe=07  phase=main_screen           prior=(none, none)    eval=(1300, none)        cost=7/20   acc=0.7848
probe=08  phase=main_screen           prior=(none, none)    eval=(5900, none)        cost=8/20   acc=0.6488
probe=09  phase=main_screen           prior=(none, none)    eval=(27000, none)       cost=9/20   acc=0.6488
probe=10  phase=first_interval_probe  prior=(none, none)    eval=(13, 4.6)           cost=10/20  acc=0.9083
probe=11  phase=first_interval_probe  prior=(none, none)    eval=(21, 7.7)           cost=12/20  acc=0.9057
probe=12  phase=first_interval_probe  prior=(none, none)    eval=(2.8, 7.7)          cost=13/20  acc=0.9069
probe=13  phase=first_interval_probe  prior=(none, none)    eval=(7.7, 2.8)          cost=15/20  acc=0.9057
probe=14  phase=first_interval_probe  prior=(none, none)    eval=(36, 13)            cost=17/20  acc=0.9064
probe=15  phase=first_interval_probe  prior=(none, none)    eval=(7.7, 21)           cost=18/20  acc=0.9077
probe=16  phase=first_interval_probe  prior=(none, none)    eval=(1, 2.8)            cost=20/20  acc=0.9106
source=cifar_search_bias_split_plots  shift=3    interval=1  attr=whiten_bias_lr  global=(main=0.6,cooldown=0.22,acc=0.9302)      gap=0
probe=01  phase=followup_transition   prior=(1, 2.8)        eval=(1, 1.7)            cost=2/10   acc=0.9280
probe=02  phase=followup_transition   prior=(1, 2.8)        eval=(0.028, 0.36)       cost=4/10   acc=0.9272
probe=03  phase=followup_transition   prior=(1, 2.8)        eval=(36, 21)            cost=6/10   acc=0.9272
probe=04  phase=followup_transition   prior=(1, 2.8)        eval=(1.7, 1)            cost=8/10   acc=0.9289
probe=05  phase=followup_transition   prior=(1, 2.8)        eval=(0.6, 99)           cost=10/10  acc=0.9302
source=cifar_search_bias_split_plots  shift=3    interval=2  attr=whiten_bias_lr  global=(main=0.22,cooldown=0.22,acc=0.9339)     gap=0
probe=01  phase=followup_transition   prior=(0.6, 99)       eval=(0.6, 60)           cost=2/10   acc=0.9339
probe=02  phase=followup_transition   prior=(0.6, 99)       eval=(0.017, 13)         cost=4/10   acc=0.9339
probe=03  phase=followup_transition   prior=(0.6, 99)       eval=(21, 770)           cost=6/10   acc=0.9339
probe=04  phase=followup_transition   prior=(0.6, 99)       eval=(1, 36)             cost=8/10   acc=0.9339
probe=05  phase=followup_transition   prior=(0.6, 99)       eval=(0.36, 3500)        cost=10/10  acc=0.9339
source=cifar_search_bias_split_plots  shift=3    interval=3  attr=whiten_bias_lr  global=(main=0.22,cooldown=0.22,acc=0.9410)     gap=0
probe=01  phase=followup_transition   prior=(0.6, 60)       eval=(0.6, 36)           cost=2/10   acc=0.9410
probe=02  phase=followup_transition   prior=(0.6, 60)       eval=(0.017, 7.7)        cost=4/10   acc=0.9410
probe=03  phase=followup_transition   prior=(0.6, 60)       eval=(21, 460)           cost=6/10   acc=0.9410
probe=04  phase=followup_transition   prior=(0.6, 60)       eval=(1, 21)             cost=8/10   acc=0.9410
probe=05  phase=followup_transition   prior=(0.6, 60)       eval=(0.36, 2100)        cost=10/10  acc=0.9410
source=cifar_search_bias_split_plots  shift=4    interval=0  attr=whiten_bias_lr  global=(main=0.6,cooldown=1,acc=0.9113)         gap=0.0007
probe=01  phase=main_screen           prior=(none, none)    eval=(0.13, none)        cost=1/20   acc=0.8056
probe=02  phase=main_screen           prior=(none, none)    eval=(0.6, none)         cost=2/20   acc=0.8016
probe=03  phase=main_screen           prior=(none, none)    eval=(2.8, none)         cost=3/20   acc=0.8052
probe=04  phase=main_screen           prior=(none, none)    eval=(13, none)          cost=4/20   acc=0.7870
probe=05  phase=main_screen           prior=(none, none)    eval=(60, none)          cost=5/20   acc=0.7736
probe=06  phase=main_screen           prior=(none, none)    eval=(280, none)         cost=6/20   acc=0.7820
probe=07  phase=main_screen           prior=(none, none)    eval=(1300, none)        cost=7/20   acc=0.7827
probe=08  phase=main_screen           prior=(none, none)    eval=(5900, none)        cost=8/20   acc=0.6488
probe=09  phase=main_screen           prior=(none, none)    eval=(27000, none)       cost=9/20   acc=0.6488
probe=10  phase=first_interval_probe  prior=(none, none)    eval=(2.8, 1)            cost=10/20  acc=0.9072
probe=11  phase=first_interval_probe  prior=(none, none)    eval=(4.6, 1.7)          cost=12/20  acc=0.9057
probe=12  phase=first_interval_probe  prior=(none, none)    eval=(0.6, 1.7)          cost=13/20  acc=0.9106
probe=13  phase=first_interval_probe  prior=(none, none)    eval=(1.7, 0.6)          cost=15/20  acc=0.9069
probe=14  phase=first_interval_probe  prior=(none, none)    eval=(7.7, 2.8)          cost=17/20  acc=0.9083
probe=15  phase=first_interval_probe  prior=(none, none)    eval=(1.7, 4.6)          cost=18/20  acc=0.9069
probe=16  phase=first_interval_probe  prior=(none, none)    eval=(0.22, 0.6)         cost=20/20  acc=0.9044
source=cifar_search_bias_split_plots  shift=4    interval=1  attr=whiten_bias_lr  global=(main=0.36,cooldown=0.13,acc=0.9302)     gap=0
probe=01  phase=followup_transition   prior=(0.6, 1.7)      eval=(0.6, 1)            cost=2/10   acc=0.9280
probe=02  phase=followup_transition   prior=(0.6, 1.7)      eval=(0.017, 0.22)       cost=4/10   acc=0.9272
probe=03  phase=followup_transition   prior=(0.6, 1.7)      eval=(21, 13)            cost=6/10   acc=0.9272
probe=04  phase=followup_transition   prior=(0.6, 1.7)      eval=(1, 0.6)            cost=8/10   acc=0.9289
probe=05  phase=followup_transition   prior=(0.6, 1.7)      eval=(0.36, 60)          cost=10/10  acc=0.9302
source=cifar_search_bias_split_plots  shift=4    interval=2  attr=whiten_bias_lr  global=(main=0.13,cooldown=0.13,acc=0.9339)     gap=0
probe=01  phase=followup_transition   prior=(0.36, 60)      eval=(0.36, 36)          cost=2/10   acc=0.9339
probe=02  phase=followup_transition   prior=(0.36, 60)      eval=(0.01, 7.7)         cost=4/10   acc=0.9339
probe=03  phase=followup_transition   prior=(0.36, 60)      eval=(13, 460)           cost=6/10   acc=0.9339
probe=04  phase=followup_transition   prior=(0.36, 60)      eval=(0.6, 21)           cost=8/10   acc=0.9339
probe=05  phase=followup_transition   prior=(0.36, 60)      eval=(0.22, 2100)        cost=10/10  acc=0.9339
source=cifar_search_bias_split_plots  shift=4    interval=3  attr=whiten_bias_lr  global=(main=0.13,cooldown=0.13,acc=0.9410)     gap=0
probe=01  phase=followup_transition   prior=(0.36, 36)      eval=(0.36, 21)          cost=2/10   acc=0.9410
probe=02  phase=followup_transition   prior=(0.36, 36)      eval=(0.01, 4.6)         cost=4/10   acc=0.9410
probe=03  phase=followup_transition   prior=(0.36, 36)      eval=(13, 280)           cost=6/10   acc=0.9410
probe=04  phase=followup_transition   prior=(0.36, 36)      eval=(0.6, 13)           cost=8/10   acc=0.9410
probe=05  phase=followup_transition   prior=(0.36, 36)      eval=(0.22, 1300)        cost=10/10  acc=0.9410
source=cifar_search_bias_split_plots  shift=5    interval=0  attr=whiten_bias_lr  global=(main=0.36,cooldown=0.6,acc=0.9113)      gap=0.0029
probe=01  phase=main_screen           prior=(none, none)    eval=(0.13, none)        cost=1/20   acc=0.7961
probe=02  phase=main_screen           prior=(none, none)    eval=(0.6, none)         cost=2/20   acc=0.8003
probe=03  phase=main_screen           prior=(none, none)    eval=(2.8, none)         cost=3/20   acc=0.8004
probe=04  phase=main_screen           prior=(none, none)    eval=(13, none)          cost=4/20   acc=0.7800
probe=05  phase=main_screen           prior=(none, none)    eval=(60, none)          cost=5/20   acc=0.7836
probe=06  phase=main_screen           prior=(none, none)    eval=(280, none)         cost=6/20   acc=0.7730
probe=07  phase=main_screen           prior=(none, none)    eval=(1300, none)        cost=7/20   acc=0.7644
probe=08  phase=main_screen           prior=(none, none)    eval=(5900, none)        cost=8/20   acc=0.6488
probe=09  phase=main_screen           prior=(none, none)    eval=(27000, none)       cost=9/20   acc=0.6488
probe=10  phase=first_interval_probe  prior=(none, none)    eval=(2.8, 1)            cost=10/20  acc=0.9057
probe=11  phase=first_interval_probe  prior=(none, none)    eval=(4.6, 1.7)          cost=12/20  acc=0.9083
probe=12  phase=first_interval_probe  prior=(none, none)    eval=(0.6, 1.7)          cost=13/20  acc=0.9040
probe=13  phase=first_interval_probe  prior=(none, none)    eval=(1.7, 0.6)          cost=15/20  acc=0.9072
probe=14  phase=first_interval_probe  prior=(none, none)    eval=(7.7, 2.8)          cost=17/20  acc=0.9057
probe=15  phase=first_interval_probe  prior=(none, none)    eval=(1.7, 4.6)          cost=18/20  acc=0.9075
probe=16  phase=first_interval_probe  prior=(none, none)    eval=(0.22, 0.6)         cost=20/20  acc=0.9084
source=cifar_search_bias_split_plots  shift=5    interval=1  attr=whiten_bias_lr  global=(main=0.22,cooldown=0.078,acc=0.9302)    gap=0
probe=01  phase=followup_transition   prior=(0.22, 0.6)     eval=(0.22, 0.36)        cost=2/10   acc=0.9302
probe=02  phase=followup_transition   prior=(0.22, 0.6)     eval=(0.006, 0.078)      cost=4/10   acc=0.9272
probe=03  phase=followup_transition   prior=(0.22, 0.6)     eval=(7.7, 4.6)          cost=6/10   acc=0.9266
probe=04  phase=followup_transition   prior=(0.22, 0.6)     eval=(0.36, 0.22)        cost=8/10   acc=0.9280
probe=05  phase=followup_transition   prior=(0.22, 0.6)     eval=(0.13, 21)          cost=10/10  acc=0.9281
source=cifar_search_bias_split_plots  shift=5    interval=2  attr=whiten_bias_lr  global=(main=0.078,cooldown=0.078,acc=0.9339)   gap=0
probe=01  phase=followup_transition   prior=(0.22, 0.36)    eval=(0.22, 0.22)        cost=2/10   acc=0.9339
probe=02  phase=followup_transition   prior=(0.22, 0.36)    eval=(0.006, 0.047)      cost=4/10   acc=0.9339
probe=03  phase=followup_transition   prior=(0.22, 0.36)    eval=(7.7, 2.8)          cost=6/10   acc=0.9339
probe=04  phase=followup_transition   prior=(0.22, 0.36)    eval=(0.36, 0.13)        cost=8/10   acc=0.9339
probe=05  phase=followup_transition   prior=(0.22, 0.36)    eval=(0.13, 13)          cost=10/10  acc=0.9339
source=cifar_search_bias_split_plots  shift=5    interval=3  attr=whiten_bias_lr  global=(main=0.078,cooldown=0.078,acc=0.9410)   gap=0
probe=01  phase=followup_transition   prior=(0.22, 0.22)    eval=(0.22, 0.13)        cost=2/10   acc=0.9410
probe=02  phase=followup_transition   prior=(0.22, 0.22)    eval=(0.006, 0.028)      cost=4/10   acc=0.9410
probe=03  phase=followup_transition   prior=(0.22, 0.22)    eval=(7.7, 1.7)          cost=6/10   acc=0.9410
probe=04  phase=followup_transition   prior=(0.22, 0.22)    eval=(0.36, 0.078)       cost=8/10   acc=0.9410
probe=05  phase=followup_transition   prior=(0.22, 0.22)    eval=(0.13, 7.7)         cost=10/10  acc=0.9410
source=cifar_search_bias_split_plots  shift=6    interval=0  attr=whiten_bias_lr  global=(main=0.22,cooldown=0.36,acc=0.9113)     gap=0.0007
probe=01  phase=main_screen           prior=(none, none)    eval=(0.13, none)        cost=1/20   acc=0.8006
probe=02  phase=main_screen           prior=(none, none)    eval=(0.6, none)         cost=2/20   acc=0.8033
probe=03  phase=main_screen           prior=(none, none)    eval=(2.8, none)         cost=3/20   acc=0.7972
probe=04  phase=main_screen           prior=(none, none)    eval=(13, none)          cost=4/20   acc=0.7826
probe=05  phase=main_screen           prior=(none, none)    eval=(60, none)          cost=5/20   acc=0.7769
probe=06  phase=main_screen           prior=(none, none)    eval=(280, none)         cost=6/20   acc=0.7848
probe=07  phase=main_screen           prior=(none, none)    eval=(1300, none)        cost=7/20   acc=0.6488
probe=08  phase=main_screen           prior=(none, none)    eval=(5900, none)        cost=8/20   acc=0.6488
probe=09  phase=main_screen           prior=(none, none)    eval=(27000, none)       cost=9/20   acc=0.6488
probe=10  phase=first_interval_probe  prior=(none, none)    eval=(2.8, 1)            cost=10/20  acc=0.9083
probe=11  phase=first_interval_probe  prior=(none, none)    eval=(4.6, 1.7)          cost=12/20  acc=0.9057
probe=12  phase=first_interval_probe  prior=(none, none)    eval=(0.6, 1.7)          cost=13/20  acc=0.9069
probe=13  phase=first_interval_probe  prior=(none, none)    eval=(1.7, 0.6)          cost=15/20  acc=0.9057
probe=14  phase=first_interval_probe  prior=(none, none)    eval=(7.7, 2.8)          cost=17/20  acc=0.9064
probe=15  phase=first_interval_probe  prior=(none, none)    eval=(1.7, 4.6)          cost=18/20  acc=0.9077
probe=16  phase=first_interval_probe  prior=(none, none)    eval=(0.22, 0.6)         cost=20/20  acc=0.9106
source=cifar_search_bias_split_plots  shift=6    interval=1  attr=whiten_bias_lr  global=(main=0.13,cooldown=0.047,acc=0.9302)    gap=0
probe=01  phase=followup_transition   prior=(0.22, 0.6)     eval=(0.22, 0.36)        cost=2/10   acc=0.9280
probe=02  phase=followup_transition   prior=(0.22, 0.6)     eval=(0.006, 0.078)      cost=4/10   acc=0.9272
probe=03  phase=followup_transition   prior=(0.22, 0.6)     eval=(7.7, 4.6)          cost=6/10   acc=0.9272
probe=04  phase=followup_transition   prior=(0.22, 0.6)     eval=(0.36, 0.22)        cost=8/10   acc=0.9289
probe=05  phase=followup_transition   prior=(0.22, 0.6)     eval=(0.13, 21)          cost=10/10  acc=0.9302
source=cifar_search_bias_split_plots  shift=6    interval=2  attr=whiten_bias_lr  global=(main=0.047,cooldown=0.047,acc=0.9339)   gap=0
probe=01  phase=followup_transition   prior=(0.13, 21)      eval=(0.13, 13)          cost=2/10   acc=0.9339
probe=02  phase=followup_transition   prior=(0.13, 21)      eval=(0.0036, 2.8)       cost=4/10   acc=0.9339
probe=03  phase=followup_transition   prior=(0.13, 21)      eval=(4.6, 170)          cost=6/10   acc=0.9339
probe=04  phase=followup_transition   prior=(0.13, 21)      eval=(0.22, 7.7)         cost=8/10   acc=0.9339
probe=05  phase=followup_transition   prior=(0.13, 21)      eval=(0.078, 770)        cost=10/10  acc=0.9339
source=cifar_search_bias_split_plots  shift=6    interval=3  attr=whiten_bias_lr  global=(main=0.047,cooldown=0.047,acc=0.9410)   gap=0
probe=01  phase=followup_transition   prior=(0.13, 13)      eval=(0.13, 7.7)         cost=2/10   acc=0.9410
probe=02  phase=followup_transition   prior=(0.13, 13)      eval=(0.0036, 1.7)       cost=4/10   acc=0.9410
probe=03  phase=followup_transition   prior=(0.13, 13)      eval=(4.6, 99)           cost=6/10   acc=0.9410
probe=04  phase=followup_transition   prior=(0.13, 13)      eval=(0.22, 4.6)         cost=8/10   acc=0.9410
probe=05  phase=followup_transition   prior=(0.13, 13)      eval=(0.078, 460)        cost=10/10  acc=0.9410
source=cifar_search_bias_split_plots  shift=7    interval=0  attr=whiten_bias_lr  global=(main=0.13,cooldown=0.22,acc=0.9113)     gap=0.0007
probe=01  phase=main_screen           prior=(none, none)    eval=(0.13, none)        cost=1/20   acc=0.8016
probe=02  phase=main_screen           prior=(none, none)    eval=(0.6, none)         cost=2/20   acc=0.8052
probe=03  phase=main_screen           prior=(none, none)    eval=(2.8, none)         cost=3/20   acc=0.7870
probe=04  phase=main_screen           prior=(none, none)    eval=(13, none)          cost=4/20   acc=0.7736
probe=05  phase=main_screen           prior=(none, none)    eval=(60, none)          cost=5/20   acc=0.7820
probe=06  phase=main_screen           prior=(none, none)    eval=(280, none)         cost=6/20   acc=0.7827
probe=07  phase=main_screen           prior=(none, none)    eval=(1300, none)        cost=7/20   acc=0.6488
probe=08  phase=main_screen           prior=(none, none)    eval=(5900, none)        cost=8/20   acc=0.6488
probe=09  phase=main_screen           prior=(none, none)    eval=(27000, none)       cost=9/20   acc=0.6488
probe=10  phase=first_interval_probe  prior=(none, none)    eval=(0.6, 0.22)         cost=10/20  acc=0.9072
probe=11  phase=first_interval_probe  prior=(none, none)    eval=(1, 0.36)           cost=12/20  acc=0.9057
probe=12  phase=first_interval_probe  prior=(none, none)    eval=(0.13, 0.36)        cost=13/20  acc=0.9106
probe=13  phase=first_interval_probe  prior=(none, none)    eval=(0.36, 0.13)        cost=15/20  acc=0.9069
probe=14  phase=first_interval_probe  prior=(none, none)    eval=(1.7, 0.6)          cost=17/20  acc=0.9083
probe=15  phase=first_interval_probe  prior=(none, none)    eval=(0.36, 1)           cost=18/20  acc=0.9069
probe=16  phase=first_interval_probe  prior=(none, none)    eval=(0.047, 0.13)       cost=20/20  acc=0.9044
source=cifar_search_bias_split_plots  shift=7    interval=1  attr=whiten_bias_lr  global=(main=0.078,cooldown=0.028,acc=0.9302)   gap=0
probe=01  phase=followup_transition   prior=(0.13, 0.36)    eval=(0.13, 0.22)        cost=2/10   acc=0.9280
probe=02  phase=followup_transition   prior=(0.13, 0.36)    eval=(0.0036, 0.047)     cost=4/10   acc=0.9272
probe=03  phase=followup_transition   prior=(0.13, 0.36)    eval=(4.6, 2.8)          cost=6/10   acc=0.9272
probe=04  phase=followup_transition   prior=(0.13, 0.36)    eval=(0.22, 0.13)        cost=8/10   acc=0.9289
probe=05  phase=followup_transition   prior=(0.13, 0.36)    eval=(0.078, 13)         cost=10/10  acc=0.9302
source=cifar_search_bias_split_plots  shift=7    interval=2  attr=whiten_bias_lr  global=(main=0.028,cooldown=0.028,acc=0.9339)   gap=0
probe=01  phase=followup_transition   prior=(0.078, 13)     eval=(0.078, 7.7)        cost=2/10   acc=0.9339
probe=02  phase=followup_transition   prior=(0.078, 13)     eval=(0.0022, 1.7)       cost=4/10   acc=0.9339
probe=03  phase=followup_transition   prior=(0.078, 13)     eval=(2.8, 99)           cost=6/10   acc=0.9339
probe=04  phase=followup_transition   prior=(0.078, 13)     eval=(0.13, 4.6)         cost=8/10   acc=0.9339
probe=05  phase=followup_transition   prior=(0.078, 13)     eval=(0.047, 460)        cost=10/10  acc=0.9339
source=cifar_search_bias_split_plots  shift=7    interval=3  attr=whiten_bias_lr  global=(main=0.028,cooldown=0.028,acc=0.9410)   gap=0
probe=01  phase=followup_transition   prior=(0.078, 7.7)    eval=(0.078, 4.6)        cost=2/10   acc=0.9410
probe=02  phase=followup_transition   prior=(0.078, 7.7)    eval=(0.0022, 1)         cost=4/10   acc=0.9410
probe=03  phase=followup_transition   prior=(0.078, 7.7)    eval=(2.8, 60)           cost=6/10   acc=0.9410
probe=04  phase=followup_transition   prior=(0.078, 7.7)    eval=(0.13, 2.8)         cost=8/10   acc=0.9410
probe=05  phase=followup_transition   prior=(0.078, 7.7)    eval=(0.047, 280)        cost=10/10  acc=0.9410
source=cifar_search_bias_split_plots  shift=8    interval=0  attr=whiten_bias_lr  global=(main=0.078,cooldown=0.13,acc=0.9113)    gap=0.0029
probe=01  phase=main_screen           prior=(none, none)    eval=(0.13, none)        cost=1/20   acc=0.8003
probe=02  phase=main_screen           prior=(none, none)    eval=(0.6, none)         cost=2/20   acc=0.8004
probe=03  phase=main_screen           prior=(none, none)    eval=(2.8, none)         cost=3/20   acc=0.7800
probe=04  phase=main_screen           prior=(none, none)    eval=(13, none)          cost=4/20   acc=0.7836
probe=05  phase=main_screen           prior=(none, none)    eval=(60, none)          cost=5/20   acc=0.7730
probe=06  phase=main_screen           prior=(none, none)    eval=(280, none)         cost=6/20   acc=0.7644
probe=07  phase=main_screen           prior=(none, none)    eval=(1300, none)        cost=7/20   acc=0.6488
probe=08  phase=main_screen           prior=(none, none)    eval=(5900, none)        cost=8/20   acc=0.6488
probe=09  phase=main_screen           prior=(none, none)    eval=(27000, none)       cost=9/20   acc=0.6488
probe=10  phase=first_interval_probe  prior=(none, none)    eval=(0.6, 0.22)         cost=10/20  acc=0.9057
probe=11  phase=first_interval_probe  prior=(none, none)    eval=(1, 0.36)           cost=12/20  acc=0.9083
probe=12  phase=first_interval_probe  prior=(none, none)    eval=(0.13, 0.36)        cost=13/20  acc=0.9040
probe=13  phase=first_interval_probe  prior=(none, none)    eval=(0.36, 0.13)        cost=15/20  acc=0.9072
probe=14  phase=first_interval_probe  prior=(none, none)    eval=(1.7, 0.6)          cost=17/20  acc=0.9057
probe=15  phase=first_interval_probe  prior=(none, none)    eval=(0.36, 1)           cost=18/20  acc=0.9075
probe=16  phase=first_interval_probe  prior=(none, none)    eval=(0.047, 0.13)       cost=20/20  acc=0.9084
source=cifar_search_bias_split_plots  shift=8    interval=1  attr=whiten_bias_lr  global=(main=0.047,cooldown=0.017,acc=0.9302)   gap=0
probe=01  phase=followup_transition   prior=(0.047, 0.13)   eval=(0.047, 0.078)      cost=2/10   acc=0.9302
probe=02  phase=followup_transition   prior=(0.047, 0.13)   eval=(0.0013, 0.017)     cost=4/10   acc=0.9272
probe=03  phase=followup_transition   prior=(0.047, 0.13)   eval=(1.7, 1)            cost=6/10   acc=0.9266
probe=04  phase=followup_transition   prior=(0.047, 0.13)   eval=(0.078, 0.047)      cost=8/10   acc=0.9280
probe=05  phase=followup_transition   prior=(0.047, 0.13)   eval=(0.028, 4.6)        cost=10/10  acc=0.9281
source=cifar_search_bias_split_plots  shift=8    interval=2  attr=whiten_bias_lr  global=(main=0.017,cooldown=0.017,acc=0.9339)   gap=0
probe=01  phase=followup_transition   prior=(0.047, 0.078)  eval=(0.047, 0.047)      cost=2/10   acc=0.9339
probe=02  phase=followup_transition   prior=(0.047, 0.078)  eval=(0.0013, 0.01)      cost=4/10   acc=0.9339
probe=03  phase=followup_transition   prior=(0.047, 0.078)  eval=(1.7, 0.6)          cost=6/10   acc=0.9339
probe=04  phase=followup_transition   prior=(0.047, 0.078)  eval=(0.078, 0.028)      cost=8/10   acc=0.9339
probe=05  phase=followup_transition   prior=(0.047, 0.078)  eval=(0.028, 2.8)        cost=10/10  acc=0.9339
source=cifar_search_bias_split_plots  shift=8    interval=3  attr=whiten_bias_lr  global=(main=0.017,cooldown=0.017,acc=0.9410)   gap=0
probe=01  phase=followup_transition   prior=(0.047, 0.047)  eval=(0.047, 0.028)      cost=2/10   acc=0.9410
probe=02  phase=followup_transition   prior=(0.047, 0.047)  eval=(0.0013, 0.006)     cost=4/10   acc=0.9410
probe=03  phase=followup_transition   prior=(0.047, 0.047)  eval=(1.7, 0.36)         cost=6/10   acc=0.9410
probe=04  phase=followup_transition   prior=(0.047, 0.047)  eval=(0.078, 0.017)      cost=8/10   acc=0.9410
probe=05  phase=followup_transition   prior=(0.047, 0.047)  eval=(0.028, 1.7)        cost=10/10  acc=0.9410
source=cifar_search_bias_split_plots  shift=9    interval=0  attr=whiten_bias_lr  global=(main=0.047,cooldown=0.078,acc=0.9113)   gap=0.0007
probe=01  phase=main_screen           prior=(none, none)    eval=(0.13, none)        cost=1/20   acc=0.8033
probe=02  phase=main_screen           prior=(none, none)    eval=(0.6, none)         cost=2/20   acc=0.7972
probe=03  phase=main_screen           prior=(none, none)    eval=(2.8, none)         cost=3/20   acc=0.7826
probe=04  phase=main_screen           prior=(none, none)    eval=(13, none)          cost=4/20   acc=0.7769
probe=05  phase=main_screen           prior=(none, none)    eval=(60, none)          cost=5/20   acc=0.7848
probe=06  phase=main_screen           prior=(none, none)    eval=(280, none)         cost=6/20   acc=0.6488
probe=07  phase=main_screen           prior=(none, none)    eval=(1300, none)        cost=7/20   acc=0.6488
probe=08  phase=main_screen           prior=(none, none)    eval=(5900, none)        cost=8/20   acc=0.6488
probe=09  phase=main_screen           prior=(none, none)    eval=(27000, none)       cost=9/20   acc=0.6488
probe=10  phase=first_interval_probe  prior=(none, none)    eval=(0.6, 0.22)         cost=10/20  acc=0.9083
probe=11  phase=first_interval_probe  prior=(none, none)    eval=(1, 0.36)           cost=12/20  acc=0.9057
probe=12  phase=first_interval_probe  prior=(none, none)    eval=(0.13, 0.36)        cost=13/20  acc=0.9069
probe=13  phase=first_interval_probe  prior=(none, none)    eval=(0.36, 0.13)        cost=15/20  acc=0.9057
probe=14  phase=first_interval_probe  prior=(none, none)    eval=(1.7, 0.6)          cost=17/20  acc=0.9064
probe=15  phase=first_interval_probe  prior=(none, none)    eval=(0.36, 1)           cost=18/20  acc=0.9077
probe=16  phase=first_interval_probe  prior=(none, none)    eval=(0.047, 0.13)       cost=20/20  acc=0.9106
source=cifar_search_bias_split_plots  shift=9    interval=1  attr=whiten_bias_lr  global=(main=0.028,cooldown=0.01,acc=0.9302)    gap=0
probe=01  phase=followup_transition   prior=(0.047, 0.13)   eval=(0.047, 0.078)      cost=2/10   acc=0.9280
probe=02  phase=followup_transition   prior=(0.047, 0.13)   eval=(0.0013, 0.017)     cost=4/10   acc=0.9272
probe=03  phase=followup_transition   prior=(0.047, 0.13)   eval=(1.7, 1)            cost=6/10   acc=0.9272
probe=04  phase=followup_transition   prior=(0.047, 0.13)   eval=(0.078, 0.047)      cost=8/10   acc=0.9289
probe=05  phase=followup_transition   prior=(0.047, 0.13)   eval=(0.028, 4.6)        cost=10/10  acc=0.9302
source=cifar_search_bias_split_plots  shift=9    interval=2  attr=whiten_bias_lr  global=(main=0.01,cooldown=0.01,acc=0.9339)     gap=0
probe=01  phase=followup_transition   prior=(0.028, 4.6)    eval=(0.028, 2.8)        cost=2/10   acc=0.9339
probe=02  phase=followup_transition   prior=(0.028, 4.6)    eval=(0.00078, 0.6)      cost=4/10   acc=0.9339
probe=03  phase=followup_transition   prior=(0.028, 4.6)    eval=(1, 36)             cost=6/10   acc=0.9339
probe=04  phase=followup_transition   prior=(0.028, 4.6)    eval=(0.047, 1.7)        cost=8/10   acc=0.9339
probe=05  phase=followup_transition   prior=(0.028, 4.6)    eval=(0.017, 170)        cost=10/10  acc=0.9339
source=cifar_search_bias_split_plots  shift=9    interval=3  attr=whiten_bias_lr  global=(main=0.01,cooldown=0.01,acc=0.9410)     gap=0
probe=01  phase=followup_transition   prior=(0.028, 2.8)    eval=(0.028, 1.7)        cost=2/10   acc=0.9410
probe=02  phase=followup_transition   prior=(0.028, 2.8)    eval=(0.00078, 0.36)     cost=4/10   acc=0.9410
probe=03  phase=followup_transition   prior=(0.028, 2.8)    eval=(1, 21)             cost=6/10   acc=0.9410
probe=04  phase=followup_transition   prior=(0.028, 2.8)    eval=(0.047, 1)          cost=8/10   acc=0.9410
probe=05  phase=followup_transition   prior=(0.028, 2.8)    eval=(0.017, 99)         cost=10/10  acc=0.9410
source=cifar_search_bias_split_plots  shift=10   interval=0  attr=whiten_bias_lr  global=(main=0.028,cooldown=0.047,acc=0.9113)   gap=0.0007
probe=01  phase=main_screen           prior=(none, none)    eval=(0.13, none)        cost=1/20   acc=0.8052
probe=02  phase=main_screen           prior=(none, none)    eval=(0.6, none)         cost=2/20   acc=0.7870
probe=03  phase=main_screen           prior=(none, none)    eval=(2.8, none)         cost=3/20   acc=0.7736
probe=04  phase=main_screen           prior=(none, none)    eval=(13, none)          cost=4/20   acc=0.7820
probe=05  phase=main_screen           prior=(none, none)    eval=(60, none)          cost=5/20   acc=0.7827
probe=06  phase=main_screen           prior=(none, none)    eval=(280, none)         cost=6/20   acc=0.6488
probe=07  phase=main_screen           prior=(none, none)    eval=(1300, none)        cost=7/20   acc=0.6488
probe=08  phase=main_screen           prior=(none, none)    eval=(5900, none)        cost=8/20   acc=0.6488
probe=09  phase=main_screen           prior=(none, none)    eval=(27000, none)       cost=9/20   acc=0.6488
probe=10  phase=first_interval_probe  prior=(none, none)    eval=(0.13, 0.047)       cost=10/20  acc=0.9072
probe=11  phase=first_interval_probe  prior=(none, none)    eval=(0.22, 0.078)       cost=12/20  acc=0.9057
probe=12  phase=first_interval_probe  prior=(none, none)    eval=(0.028, 0.078)      cost=14/20  acc=0.9106
probe=13  phase=first_interval_probe  prior=(none, none)    eval=(0.078, 0.028)      cost=16/20  acc=0.9069
probe=14  phase=first_interval_probe  prior=(none, none)    eval=(0.36, 0.13)        cost=18/20  acc=0.9083
probe=15  phase=first_interval_probe  prior=(none, none)    eval=(0.078, 0.22)       cost=19/20  acc=0.9069
source=cifar_search_bias_split_plots  shift=10   interval=1  attr=whiten_bias_lr  global=(main=0.017,cooldown=0.006,acc=0.9302)   gap=0
probe=01  phase=followup_transition   prior=(0.028, 0.078)  eval=(0.028, 0.047)      cost=2/10   acc=0.9280
probe=02  phase=followup_transition   prior=(0.028, 0.078)  eval=(0.00078, 0.01)     cost=4/10   acc=0.9272
probe=03  phase=followup_transition   prior=(0.028, 0.078)  eval=(1, 0.6)            cost=6/10   acc=0.9272
probe=04  phase=followup_transition   prior=(0.028, 0.078)  eval=(0.047, 0.028)      cost=8/10   acc=0.9289
probe=05  phase=followup_transition   prior=(0.028, 0.078)  eval=(0.017, 2.8)        cost=10/10  acc=0.9302
source=cifar_search_bias_split_plots  shift=10   interval=2  attr=whiten_bias_lr  global=(main=0.006,cooldown=0.006,acc=0.9339)   gap=0
probe=01  phase=followup_transition   prior=(0.017, 2.8)    eval=(0.017, 1.7)        cost=2/10   acc=0.9339
probe=02  phase=followup_transition   prior=(0.017, 2.8)    eval=(0.00047, 0.36)     cost=4/10   acc=0.9339
probe=03  phase=followup_transition   prior=(0.017, 2.8)    eval=(0.6, 21)           cost=6/10   acc=0.9339
probe=04  phase=followup_transition   prior=(0.017, 2.8)    eval=(0.028, 1)          cost=8/10   acc=0.9339
probe=05  phase=followup_transition   prior=(0.017, 2.8)    eval=(0.01, 99)          cost=10/10  acc=0.9339
source=cifar_search_bias_split_plots  shift=10   interval=3  attr=whiten_bias_lr  global=(main=0.006,cooldown=0.006,acc=0.9410)   gap=0
probe=01  phase=followup_transition   prior=(0.017, 1.7)    eval=(0.017, 1)          cost=2/10   acc=0.9410
probe=02  phase=followup_transition   prior=(0.017, 1.7)    eval=(0.00047, 0.22)     cost=4/10   acc=0.9410
probe=03  phase=followup_transition   prior=(0.017, 1.7)    eval=(0.6, 13)           cost=6/10   acc=0.9410
probe=04  phase=followup_transition   prior=(0.017, 1.7)    eval=(0.028, 0.6)        cost=8/10   acc=0.9410
probe=05  phase=followup_transition   prior=(0.017, 1.7)    eval=(0.01, 60)          cost=10/10  acc=0.9410
performance cases=420 probes=3253 exact=119/420 within_0.0001=119/420 within_0.0005=174/420 within_0.001=372/420 mean_gap=0.000599524 median_gap=0.0006 p90_gap=0.0013 worst_gap=0.0051 mean_found_acc=0.9286 mean_global_acc=0.9292 mean_cost=12.5 max_cost=20
