run,name,batch_size,kind,N,M,muon_lr,sgd_lr_mult,train_loss,val_loss,train_acc,val_acc,tta_val_acc,wall_time_seconds,cuda_time_seconds,applied_lr_steps,step_train_loss_steps,n_search_intervals
3,muon_bs5000_lr0.371094_sgd0.64,5000,baseline,,,0.371094,0.64,0.9487,1.0366,0.9805,0.9237,0.9321,15.0403,12.2025,80,0,0
0,n_search_bs5000_lr0.371094_sgd0.64_N1_M1_ema0,5000,"N=1, M=1",1,1,0.371094,0.64,1.0889,1.1985,0.9228,0.8503,0.8628,53.6346,49.9109,80,80,80
1,n_search_bs5000_lr0.371094_sgd0.64_N2_M1_ema0,5000,"N=2, M=1",2,1,0.371094,0.64,1.1146,1.1919,0.9102,0.8557,0.8695,49.6211,46.3477,80,80,40
2,n_search_bs5000_lr0.371094_sgd0.64_N3_M1_ema0,5000,"N=3, M=1",3,1,0.371094,0.64,1.0954,1.1742,0.9204,0.8651,0.8799,52.7585,49.8491,80,80,26
3,n_search_bs5000_lr0.371094_sgd0.64_N4_M1_ema0,5000,"N=4, M=1",4,1,0.371094,0.64,1.0888,1.1789,0.9228,0.8614,0.8747,53.8018,50.9182,80,80,20
4,n_search_bs5000_lr0.371094_sgd0.64_N5_M1_ema0,5000,"N=5, M=1",5,1,0.371094,0.64,1.0481,1.1433,0.942,0.879,0.8914,52.2979,49.2559,80,80,16
