run,name,batch_size,muon_lr,scheduler,train25_loss,val_acc,tta_val_acc,final_post_loss_mean,final_post_loss_sum,wall_time_seconds,cuda_time_seconds,steps,final_applied_lr,final_searched_lr,final_best_lr_ema
3,best_lr_v5_peak_lr_bs125_lr0.04,125,0.04,constant,0.9399,0.8481,0.8691,1.0981766,3514.165,508.671,503.8804,3200,0.04556685,0.04556685,0.04556685
4,best_lr_v6_peak_lr_decay_bs125_lr0.04,125,0.04,linear,0.9184,0.9287,0.9372,0.90612056,2899.5858,504.7252,499.9106,3200,5.1798913e-06,0.016575652,0.016575652
5,best_lr_v7_peak_lr_last2_decay_bs125_lr0.04,125,0.04,last2_linear,0.9894,0.9212,0.9298,0.9598205,3071.4256,510.1174,505.2468,3200,0,0.030097533,0.030097533
0,best_lr_v5_peak_lr_bs2000_lr0.19,2000,0.19,constant,0.9116,0.9104,0.9258,0.92477217,184.95443,63.114,60.1326,200,0.046995343,0.046995343,0.046995343
1,best_lr_v6_peak_lr_decay_bs2000_lr0.19,2000,0.19,linear,0.934,0.9204,0.9301,0.92737535,185.47507,62.9385,60.0382,200,0.00024503106,0.049006211,0.049006211
2,best_lr_v7_peak_lr_last2_decay_bs2000_lr0.19,2000,0.19,last2_linear,0.9039,0.927,0.9378,0.90936348,181.8727,62.9291,60.0239,200,0,0.050269053,0.050269053
