cifar_reproducibility run=0 seed=0 seed_group=same_seed batch_size=2000 muon_lr=0.2
step=1/200 epoch=0 loss=2.3101 head_lr=1340 muon_lr=0.2
step=2/200 epoch=0 loss=2.3055 head_lr=1333.3 muon_lr=0.199
step=3/200 epoch=0 loss=2.3240 head_lr=1326.6 muon_lr=0.198
step=4/200 epoch=0 loss=2.0687 head_lr=1319.9 muon_lr=0.197
step=5/200 epoch=0 loss=1.9826 head_lr=1313.2 muon_lr=0.196
step=6/200 epoch=0 loss=1.9506 head_lr=1306.5 muon_lr=0.195
step=7/200 epoch=0 loss=1.8785 head_lr=1299.8 muon_lr=0.194
step=8/200 epoch=0 loss=1.7998 head_lr=1293.1 muon_lr=0.193
step=9/200 epoch=0 loss=1.6981 head_lr=1286.4 muon_lr=0.192
step=10/200 epoch=0 loss=1.7192 head_lr=1279.7 muon_lr=0.191
step=11/200 epoch=0 loss=1.7180 head_lr=1273 muon_lr=0.19
step=12/200 epoch=0 loss=1.6559 head_lr=1266.3 muon_lr=0.189
step=13/200 epoch=0 loss=1.5936 head_lr=1259.6 muon_lr=0.188
step=14/200 epoch=0 loss=1.6067 head_lr=1252.9 muon_lr=0.187
step=15/200 epoch=0 loss=1.5695 head_lr=1246.2 muon_lr=0.186
step=16/200 epoch=0 loss=1.5669 head_lr=1239.5 muon_lr=0.185
step=17/200 epoch=0 loss=1.5443 head_lr=1232.8 muon_lr=0.184
step=18/200 epoch=0 loss=1.4943 head_lr=1226.1 muon_lr=0.183
step=19/200 epoch=0 loss=1.4635 head_lr=1219.4 muon_lr=0.182
step=20/200 epoch=0 loss=1.4685 head_lr=1212.7 muon_lr=0.181
step=21/200 epoch=0 loss=1.4654 head_lr=1206 muon_lr=0.18
step=22/200 epoch=0 loss=1.4470 head_lr=1199.3 muon_lr=0.179
step=23/200 epoch=0 loss=1.3877 head_lr=1192.6 muon_lr=0.178
step=24/200 epoch=0 loss=1.3552 head_lr=1185.9 muon_lr=0.177
step=25/200 epoch=0 loss=1.3835 head_lr=1179.2 muon_lr=0.176
eval run=0 epoch=0 val_acc=0.6048 time_seconds=2.0913
step=26/200 epoch=1 loss=1.3882 head_lr=1172.5 muon_lr=0.175
step=27/200 epoch=1 loss=1.3589 head_lr=1165.8 muon_lr=0.174
step=28/200 epoch=1 loss=1.3577 head_lr=1159.1 muon_lr=0.173
step=29/200 epoch=1 loss=1.3655 head_lr=1152.4 muon_lr=0.172
step=30/200 epoch=1 loss=1.3105 head_lr=1145.7 muon_lr=0.171
step=31/200 epoch=1 loss=1.3116 head_lr=1139 muon_lr=0.17
step=32/200 epoch=1 loss=1.3032 head_lr=1132.3 muon_lr=0.169
step=33/200 epoch=1 loss=1.3169 head_lr=1125.6 muon_lr=0.168
step=34/200 epoch=1 loss=1.2806 head_lr=1118.9 muon_lr=0.167
step=35/200 epoch=1 loss=1.2833 head_lr=1112.2 muon_lr=0.166
step=36/200 epoch=1 loss=1.2899 head_lr=1105.5 muon_lr=0.165
step=37/200 epoch=1 loss=1.2671 head_lr=1098.8 muon_lr=0.164
step=38/200 epoch=1 loss=1.2624 head_lr=1092.1 muon_lr=0.163
step=39/200 epoch=1 loss=1.2502 head_lr=1085.4 muon_lr=0.162
step=40/200 epoch=1 loss=1.2837 head_lr=1078.7 muon_lr=0.161
step=41/200 epoch=1 loss=1.2647 head_lr=1072 muon_lr=0.16
step=42/200 epoch=1 loss=1.2644 head_lr=1065.3 muon_lr=0.159
step=43/200 epoch=1 loss=1.2374 head_lr=1058.6 muon_lr=0.158
step=44/200 epoch=1 loss=1.2380 head_lr=1051.9 muon_lr=0.157
step=45/200 epoch=1 loss=1.2407 head_lr=1045.2 muon_lr=0.156
step=46/200 epoch=1 loss=1.2485 head_lr=1038.5 muon_lr=0.155
step=47/200 epoch=1 loss=1.2320 head_lr=1031.8 muon_lr=0.154
step=48/200 epoch=1 loss=1.2482 head_lr=1025.1 muon_lr=0.153
step=49/200 epoch=1 loss=1.2305 head_lr=1018.4 muon_lr=0.152
step=50/200 epoch=1 loss=1.2296 head_lr=1011.7 muon_lr=0.151
eval epoch=1 val_acc=0.7520 time_seconds=3.3465
step=51/200 epoch=2 loss=1.1942 head_lr=1005 muon_lr=0.15
step=52/200 epoch=2 loss=1.2222 head_lr=998.3 muon_lr=0.149
step=53/200 epoch=2 loss=1.2105 head_lr=991.6 muon_lr=0.148
step=54/200 epoch=2 loss=1.2068 head_lr=984.9 muon_lr=0.147
step=55/200 epoch=2 loss=1.2084 head_lr=978.2 muon_lr=0.146
step=56/200 epoch=2 loss=1.2175 head_lr=971.5 muon_lr=0.145
step=57/200 epoch=2 loss=1.1837 head_lr=964.8 muon_lr=0.144
step=58/200 epoch=2 loss=1.2078 head_lr=958.1 muon_lr=0.143
step=59/200 epoch=2 loss=1.1612 head_lr=951.4 muon_lr=0.142
step=60/200 epoch=2 loss=1.1795 head_lr=944.7 muon_lr=0.141
step=61/200 epoch=2 loss=1.1718 head_lr=938 muon_lr=0.14
step=62/200 epoch=2 loss=1.1877 head_lr=931.3 muon_lr=0.139
step=63/200 epoch=2 loss=1.1846 head_lr=924.6 muon_lr=0.138
step=64/200 epoch=2 loss=1.1706 head_lr=917.9 muon_lr=0.137
step=65/200 epoch=2 loss=1.1801 head_lr=911.2 muon_lr=0.136
step=66/200 epoch=2 loss=1.1904 head_lr=904.5 muon_lr=0.135
step=67/200 epoch=2 loss=1.1722 head_lr=897.8 muon_lr=0.134
step=68/200 epoch=2 loss=1.1757 head_lr=891.1 muon_lr=0.133
step=69/200 epoch=2 loss=1.1676 head_lr=884.4 muon_lr=0.132
step=70/200 epoch=2 loss=1.1572 head_lr=877.7 muon_lr=0.131
step=71/200 epoch=2 loss=1.1659 head_lr=871 muon_lr=0.13
step=72/200 epoch=2 loss=1.1603 head_lr=864.3 muon_lr=0.129
step=73/200 epoch=2 loss=1.1803 head_lr=857.6 muon_lr=0.128
step=74/200 epoch=2 loss=1.1567 head_lr=850.9 muon_lr=0.127
step=75/200 epoch=2 loss=1.1680 head_lr=844.2 muon_lr=0.126
eval epoch=2 val_acc=0.6663 time_seconds=4.6095
step=76/200 epoch=3 loss=1.1288 head_lr=837.5 muon_lr=0.125
step=77/200 epoch=3 loss=1.1285 head_lr=830.8 muon_lr=0.124
step=78/200 epoch=3 loss=1.1221 head_lr=824.1 muon_lr=0.123
step=79/200 epoch=3 loss=1.1434 head_lr=817.4 muon_lr=0.122
step=80/200 epoch=3 loss=1.1380 head_lr=810.7 muon_lr=0.121
step=81/200 epoch=3 loss=1.1369 head_lr=804 muon_lr=0.12
step=82/200 epoch=3 loss=1.1279 head_lr=797.3 muon_lr=0.119
step=83/200 epoch=3 loss=1.1250 head_lr=790.6 muon_lr=0.118
step=84/200 epoch=3 loss=1.1213 head_lr=783.9 muon_lr=0.117
step=85/200 epoch=3 loss=1.1344 head_lr=777.2 muon_lr=0.116
step=86/200 epoch=3 loss=1.1081 head_lr=770.5 muon_lr=0.115
step=87/200 epoch=3 loss=1.1192 head_lr=763.8 muon_lr=0.114
step=88/200 epoch=3 loss=1.1131 head_lr=757.1 muon_lr=0.113
step=89/200 epoch=3 loss=1.1029 head_lr=750.4 muon_lr=0.112
step=90/200 epoch=3 loss=1.1106 head_lr=743.7 muon_lr=0.111
step=91/200 epoch=3 loss=1.0920 head_lr=737 muon_lr=0.11
step=92/200 epoch=3 loss=1.1046 head_lr=730.3 muon_lr=0.109
step=93/200 epoch=3 loss=1.1074 head_lr=723.6 muon_lr=0.108
step=94/200 epoch=3 loss=1.1213 head_lr=716.9 muon_lr=0.107
step=95/200 epoch=3 loss=1.1196 head_lr=710.2 muon_lr=0.106
step=96/200 epoch=3 loss=1.1058 head_lr=703.5 muon_lr=0.105
step=97/200 epoch=3 loss=1.1091 head_lr=696.8 muon_lr=0.104
step=98/200 epoch=3 loss=1.0934 head_lr=690.1 muon_lr=0.103
step=99/200 epoch=3 loss=1.1135 head_lr=683.4 muon_lr=0.102
step=100/200 epoch=3 loss=1.1226 head_lr=676.7 muon_lr=0.101
eval epoch=3 val_acc=0.8097 time_seconds=5.7822
step=101/200 epoch=4 loss=1.0727 head_lr=670 muon_lr=0.1
step=102/200 epoch=4 loss=1.0829 head_lr=663.3 muon_lr=0.099
step=103/200 epoch=4 loss=1.0661 head_lr=656.6 muon_lr=0.098
step=104/200 epoch=4 loss=1.0957 head_lr=649.9 muon_lr=0.097
step=105/200 epoch=4 loss=1.0720 head_lr=643.2 muon_lr=0.096
step=106/200 epoch=4 loss=1.0969 head_lr=636.5 muon_lr=0.095
step=107/200 epoch=4 loss=1.0645 head_lr=629.8 muon_lr=0.094
step=108/200 epoch=4 loss=1.0776 head_lr=623.1 muon_lr=0.093
step=109/200 epoch=4 loss=1.0874 head_lr=616.4 muon_lr=0.092
step=110/200 epoch=4 loss=1.0776 head_lr=609.7 muon_lr=0.091
step=111/200 epoch=4 loss=1.0754 head_lr=603 muon_lr=0.09
step=112/200 epoch=4 loss=1.0657 head_lr=596.3 muon_lr=0.089
step=113/200 epoch=4 loss=1.0856 head_lr=589.6 muon_lr=0.088
step=114/200 epoch=4 loss=1.0667 head_lr=582.9 muon_lr=0.087
step=115/200 epoch=4 loss=1.0595 head_lr=576.2 muon_lr=0.086
step=116/200 epoch=4 loss=1.0720 head_lr=569.5 muon_lr=0.085
step=117/200 epoch=4 loss=1.0647 head_lr=562.8 muon_lr=0.084
step=118/200 epoch=4 loss=1.0511 head_lr=556.1 muon_lr=0.083
step=119/200 epoch=4 loss=1.0743 head_lr=549.4 muon_lr=0.082
step=120/200 epoch=4 loss=1.0477 head_lr=542.7 muon_lr=0.081
step=121/200 epoch=4 loss=1.0603 head_lr=536 muon_lr=0.08
step=122/200 epoch=4 loss=1.0715 head_lr=529.3 muon_lr=0.079
step=123/200 epoch=4 loss=1.0445 head_lr=522.6 muon_lr=0.078
step=124/200 epoch=4 loss=1.0838 head_lr=515.9 muon_lr=0.077
step=125/200 epoch=4 loss=1.0477 head_lr=509.2 muon_lr=0.076
eval epoch=4 val_acc=0.8603 time_seconds=6.9549
step=126/200 epoch=5 loss=1.0383 head_lr=502.5 muon_lr=0.075
step=127/200 epoch=5 loss=1.0217 head_lr=495.8 muon_lr=0.074
step=128/200 epoch=5 loss=1.0283 head_lr=489.1 muon_lr=0.073
step=129/200 epoch=5 loss=1.0354 head_lr=482.4 muon_lr=0.072
step=130/200 epoch=5 loss=1.0199 head_lr=475.7 muon_lr=0.071
step=131/200 epoch=5 loss=1.0309 head_lr=469 muon_lr=0.07
step=132/200 epoch=5 loss=1.0246 head_lr=462.3 muon_lr=0.069
step=133/200 epoch=5 loss=1.0270 head_lr=455.6 muon_lr=0.068
step=134/200 epoch=5 loss=1.0152 head_lr=448.9 muon_lr=0.067
step=135/200 epoch=5 loss=1.0211 head_lr=442.2 muon_lr=0.066
step=136/200 epoch=5 loss=1.0256 head_lr=435.5 muon_lr=0.065
step=137/200 epoch=5 loss=1.0247 head_lr=428.8 muon_lr=0.064
step=138/200 epoch=5 loss=1.0116 head_lr=422.1 muon_lr=0.063
step=139/200 epoch=5 loss=1.0089 head_lr=415.4 muon_lr=0.062
step=140/200 epoch=5 loss=1.0162 head_lr=408.7 muon_lr=0.061
step=141/200 epoch=5 loss=1.0149 head_lr=402 muon_lr=0.06
step=142/200 epoch=5 loss=1.0242 head_lr=395.3 muon_lr=0.059
step=143/200 epoch=5 loss=1.0134 head_lr=388.6 muon_lr=0.058
step=144/200 epoch=5 loss=1.0122 head_lr=381.9 muon_lr=0.057
step=145/200 epoch=5 loss=1.0277 head_lr=375.2 muon_lr=0.056
step=146/200 epoch=5 loss=1.0125 head_lr=368.5 muon_lr=0.055
step=147/200 epoch=5 loss=1.0100 head_lr=361.8 muon_lr=0.054
step=148/200 epoch=5 loss=1.0103 head_lr=355.1 muon_lr=0.053
step=149/200 epoch=5 loss=1.0086 head_lr=348.4 muon_lr=0.052
step=150/200 epoch=5 loss=1.0143 head_lr=341.7 muon_lr=0.051
eval epoch=5 val_acc=0.9067 time_seconds=8.1299
step=151/200 epoch=6 loss=0.9903 head_lr=335 muon_lr=0.05
step=152/200 epoch=6 loss=0.9788 head_lr=328.3 muon_lr=0.049
step=153/200 epoch=6 loss=0.9827 head_lr=321.6 muon_lr=0.048
step=154/200 epoch=6 loss=0.9755 head_lr=314.9 muon_lr=0.047
step=155/200 epoch=6 loss=0.9859 head_lr=308.2 muon_lr=0.046
step=156/200 epoch=6 loss=0.9817 head_lr=301.5 muon_lr=0.045
step=157/200 epoch=6 loss=0.9742 head_lr=294.8 muon_lr=0.044
step=158/200 epoch=6 loss=0.9822 head_lr=288.1 muon_lr=0.043
step=159/200 epoch=6 loss=0.9930 head_lr=281.4 muon_lr=0.042
step=160/200 epoch=6 loss=0.9727 head_lr=274.7 muon_lr=0.041
step=161/200 epoch=6 loss=0.9686 head_lr=268 muon_lr=0.04
step=162/200 epoch=6 loss=0.9730 head_lr=261.3 muon_lr=0.039
step=163/200 epoch=6 loss=0.9732 head_lr=254.6 muon_lr=0.038
step=164/200 epoch=6 loss=0.9647 head_lr=247.9 muon_lr=0.037
step=165/200 epoch=6 loss=0.9812 head_lr=241.2 muon_lr=0.036
step=166/200 epoch=6 loss=0.9669 head_lr=234.5 muon_lr=0.035
step=167/200 epoch=6 loss=0.9689 head_lr=227.8 muon_lr=0.034
step=168/200 epoch=6 loss=0.9734 head_lr=221.1 muon_lr=0.033
step=169/200 epoch=6 loss=0.9700 head_lr=214.4 muon_lr=0.032
step=170/200 epoch=6 loss=0.9670 head_lr=207.7 muon_lr=0.031
step=171/200 epoch=6 loss=0.9719 head_lr=201 muon_lr=0.03
step=172/200 epoch=6 loss=0.9772 head_lr=194.3 muon_lr=0.029
step=173/200 epoch=6 loss=0.9766 head_lr=187.6 muon_lr=0.028
step=174/200 epoch=6 loss=0.9743 head_lr=180.9 muon_lr=0.027
step=175/200 epoch=6 loss=0.9603 head_lr=174.2 muon_lr=0.026
eval epoch=6 val_acc=0.9196 time_seconds=9.3051
step=176/200 epoch=7 loss=0.9381 head_lr=167.5 muon_lr=0.025
step=177/200 epoch=7 loss=0.9409 head_lr=160.8 muon_lr=0.024
step=178/200 epoch=7 loss=0.9415 head_lr=154.1 muon_lr=0.023
step=179/200 epoch=7 loss=0.9375 head_lr=147.4 muon_lr=0.022
step=180/200 epoch=7 loss=0.9360 head_lr=140.7 muon_lr=0.021
step=181/200 epoch=7 loss=0.9459 head_lr=134 muon_lr=0.02
step=182/200 epoch=7 loss=0.9393 head_lr=127.3 muon_lr=0.019
step=183/200 epoch=7 loss=0.9356 head_lr=120.6 muon_lr=0.018
step=184/200 epoch=7 loss=0.9342 head_lr=113.9 muon_lr=0.017
step=185/200 epoch=7 loss=0.9299 head_lr=107.2 muon_lr=0.016
step=186/200 epoch=7 loss=0.9389 head_lr=100.5 muon_lr=0.015
step=187/200 epoch=7 loss=0.9382 head_lr=93.8 muon_lr=0.014
step=188/200 epoch=7 loss=0.9368 head_lr=87.1 muon_lr=0.013
step=189/200 epoch=7 loss=0.9385 head_lr=80.4 muon_lr=0.012
step=190/200 epoch=7 loss=0.9317 head_lr=73.7 muon_lr=0.011
step=191/200 epoch=7 loss=0.9347 head_lr=67 muon_lr=0.01
step=192/200 epoch=7 loss=0.9303 head_lr=60.3 muon_lr=0.009
step=193/200 epoch=7 loss=0.9324 head_lr=53.6 muon_lr=0.008
step=194/200 epoch=7 loss=0.9326 head_lr=46.9 muon_lr=0.007
step=195/200 epoch=7 loss=0.9362 head_lr=40.2 muon_lr=0.006
step=196/200 epoch=7 loss=0.9367 head_lr=33.5 muon_lr=0.005
step=197/200 epoch=7 loss=0.9354 head_lr=26.8 muon_lr=0.004
step=198/200 epoch=7 loss=0.9332 head_lr=20.1 muon_lr=0.003
step=199/200 epoch=7 loss=0.9287 head_lr=13.4 muon_lr=0.002
step=200/200 epoch=7 loss=0.9318 head_lr=6.7 muon_lr=0.001
eval epoch=7 val_acc=0.9284 time_seconds=10.4816
eval epoch=final 25batch_train_loss=0.8991 val_acc=0.9284 tta_val_acc=0.9390 time_seconds=11.0786
Run:                0
Seed:               0
Seed group:         same_seed
Batch size:         2000
Muon lr:            0.2
SGD lr mult:        1
25batch train loss: 0.8991
Val acc:            0.9284
TTA val:            0.9390
cifar_reproducibility run=1 seed=0 seed_group=same_seed batch_size=2000 muon_lr=0.2
step=1/200 epoch=0 loss=2.3101 head_lr=1340 muon_lr=0.2
step=2/200 epoch=0 loss=2.3055 head_lr=1333.3 muon_lr=0.199
step=3/200 epoch=0 loss=2.3240 head_lr=1326.6 muon_lr=0.198
step=4/200 epoch=0 loss=2.0687 head_lr=1319.9 muon_lr=0.197
step=5/200 epoch=0 loss=1.9826 head_lr=1313.2 muon_lr=0.196
step=6/200 epoch=0 loss=1.9506 head_lr=1306.5 muon_lr=0.195
step=7/200 epoch=0 loss=1.8785 head_lr=1299.8 muon_lr=0.194
step=8/200 epoch=0 loss=1.7998 head_lr=1293.1 muon_lr=0.193
step=9/200 epoch=0 loss=1.6981 head_lr=1286.4 muon_lr=0.192
step=10/200 epoch=0 loss=1.7192 head_lr=1279.7 muon_lr=0.191
step=11/200 epoch=0 loss=1.7180 head_lr=1273 muon_lr=0.19
step=12/200 epoch=0 loss=1.6559 head_lr=1266.3 muon_lr=0.189
step=13/200 epoch=0 loss=1.5936 head_lr=1259.6 muon_lr=0.188
step=14/200 epoch=0 loss=1.6067 head_lr=1252.9 muon_lr=0.187
step=15/200 epoch=0 loss=1.5695 head_lr=1246.2 muon_lr=0.186
step=16/200 epoch=0 loss=1.5669 head_lr=1239.5 muon_lr=0.185
step=17/200 epoch=0 loss=1.5443 head_lr=1232.8 muon_lr=0.184
step=18/200 epoch=0 loss=1.4943 head_lr=1226.1 muon_lr=0.183
step=19/200 epoch=0 loss=1.4635 head_lr=1219.4 muon_lr=0.182
step=20/200 epoch=0 loss=1.4685 head_lr=1212.7 muon_lr=0.181
step=21/200 epoch=0 loss=1.4654 head_lr=1206 muon_lr=0.18
step=22/200 epoch=0 loss=1.4470 head_lr=1199.3 muon_lr=0.179
step=23/200 epoch=0 loss=1.3877 head_lr=1192.6 muon_lr=0.178
step=24/200 epoch=0 loss=1.3552 head_lr=1185.9 muon_lr=0.177
step=25/200 epoch=0 loss=1.3835 head_lr=1179.2 muon_lr=0.176
eval run=1 epoch=0 val_acc=0.6048 time_seconds=1.2682
step=26/200 epoch=1 loss=1.3882 head_lr=1172.5 muon_lr=0.175
step=27/200 epoch=1 loss=1.3589 head_lr=1165.8 muon_lr=0.174
step=28/200 epoch=1 loss=1.3577 head_lr=1159.1 muon_lr=0.173
step=29/200 epoch=1 loss=1.3655 head_lr=1152.4 muon_lr=0.172
step=30/200 epoch=1 loss=1.3105 head_lr=1145.7 muon_lr=0.171
step=31/200 epoch=1 loss=1.3116 head_lr=1139 muon_lr=0.17
step=32/200 epoch=1 loss=1.3032 head_lr=1132.3 muon_lr=0.169
step=33/200 epoch=1 loss=1.3169 head_lr=1125.6 muon_lr=0.168
step=34/200 epoch=1 loss=1.2806 head_lr=1118.9 muon_lr=0.167
step=35/200 epoch=1 loss=1.2833 head_lr=1112.2 muon_lr=0.166
step=36/200 epoch=1 loss=1.2899 head_lr=1105.5 muon_lr=0.165
step=37/200 epoch=1 loss=1.2671 head_lr=1098.8 muon_lr=0.164
step=38/200 epoch=1 loss=1.2624 head_lr=1092.1 muon_lr=0.163
step=39/200 epoch=1 loss=1.2502 head_lr=1085.4 muon_lr=0.162
step=40/200 epoch=1 loss=1.2837 head_lr=1078.7 muon_lr=0.161
step=41/200 epoch=1 loss=1.2647 head_lr=1072 muon_lr=0.16
step=42/200 epoch=1 loss=1.2644 head_lr=1065.3 muon_lr=0.159
step=43/200 epoch=1 loss=1.2374 head_lr=1058.6 muon_lr=0.158
step=44/200 epoch=1 loss=1.2380 head_lr=1051.9 muon_lr=0.157
step=45/200 epoch=1 loss=1.2407 head_lr=1045.2 muon_lr=0.156
step=46/200 epoch=1 loss=1.2485 head_lr=1038.5 muon_lr=0.155
step=47/200 epoch=1 loss=1.2320 head_lr=1031.8 muon_lr=0.154
step=48/200 epoch=1 loss=1.2482 head_lr=1025.1 muon_lr=0.153
step=49/200 epoch=1 loss=1.2305 head_lr=1018.4 muon_lr=0.152
step=50/200 epoch=1 loss=1.2296 head_lr=1011.7 muon_lr=0.151
eval epoch=1 val_acc=0.7520 time_seconds=2.5348
step=51/200 epoch=2 loss=1.1942 head_lr=1005 muon_lr=0.15
step=52/200 epoch=2 loss=1.2222 head_lr=998.3 muon_lr=0.149
step=53/200 epoch=2 loss=1.2105 head_lr=991.6 muon_lr=0.148
step=54/200 epoch=2 loss=1.2068 head_lr=984.9 muon_lr=0.147
step=55/200 epoch=2 loss=1.2084 head_lr=978.2 muon_lr=0.146
step=56/200 epoch=2 loss=1.2175 head_lr=971.5 muon_lr=0.145
step=57/200 epoch=2 loss=1.1837 head_lr=964.8 muon_lr=0.144
step=58/200 epoch=2 loss=1.2078 head_lr=958.1 muon_lr=0.143
step=59/200 epoch=2 loss=1.1612 head_lr=951.4 muon_lr=0.142
step=60/200 epoch=2 loss=1.1795 head_lr=944.7 muon_lr=0.141
step=61/200 epoch=2 loss=1.1718 head_lr=938 muon_lr=0.14
step=62/200 epoch=2 loss=1.1877 head_lr=931.3 muon_lr=0.139
step=63/200 epoch=2 loss=1.1846 head_lr=924.6 muon_lr=0.138
step=64/200 epoch=2 loss=1.1706 head_lr=917.9 muon_lr=0.137
step=65/200 epoch=2 loss=1.1801 head_lr=911.2 muon_lr=0.136
step=66/200 epoch=2 loss=1.1904 head_lr=904.5 muon_lr=0.135
step=67/200 epoch=2 loss=1.1722 head_lr=897.8 muon_lr=0.134
step=68/200 epoch=2 loss=1.1757 head_lr=891.1 muon_lr=0.133
step=69/200 epoch=2 loss=1.1676 head_lr=884.4 muon_lr=0.132
step=70/200 epoch=2 loss=1.1572 head_lr=877.7 muon_lr=0.131
step=71/200 epoch=2 loss=1.1659 head_lr=871 muon_lr=0.13
step=72/200 epoch=2 loss=1.1603 head_lr=864.3 muon_lr=0.129
step=73/200 epoch=2 loss=1.1803 head_lr=857.6 muon_lr=0.128
step=74/200 epoch=2 loss=1.1567 head_lr=850.9 muon_lr=0.127
step=75/200 epoch=2 loss=1.1680 head_lr=844.2 muon_lr=0.126
eval epoch=2 val_acc=0.6663 time_seconds=3.8045
step=76/200 epoch=3 loss=1.1288 head_lr=837.5 muon_lr=0.125
step=77/200 epoch=3 loss=1.1285 head_lr=830.8 muon_lr=0.124
step=78/200 epoch=3 loss=1.1221 head_lr=824.1 muon_lr=0.123
step=79/200 epoch=3 loss=1.1434 head_lr=817.4 muon_lr=0.122
step=80/200 epoch=3 loss=1.1380 head_lr=810.7 muon_lr=0.121
step=81/200 epoch=3 loss=1.1369 head_lr=804 muon_lr=0.12
step=82/200 epoch=3 loss=1.1279 head_lr=797.3 muon_lr=0.119
step=83/200 epoch=3 loss=1.1250 head_lr=790.6 muon_lr=0.118
step=84/200 epoch=3 loss=1.1213 head_lr=783.9 muon_lr=0.117
step=85/200 epoch=3 loss=1.1344 head_lr=777.2 muon_lr=0.116
step=86/200 epoch=3 loss=1.1081 head_lr=770.5 muon_lr=0.115
step=87/200 epoch=3 loss=1.1192 head_lr=763.8 muon_lr=0.114
step=88/200 epoch=3 loss=1.1131 head_lr=757.1 muon_lr=0.113
step=89/200 epoch=3 loss=1.1029 head_lr=750.4 muon_lr=0.112
step=90/200 epoch=3 loss=1.1106 head_lr=743.7 muon_lr=0.111
step=91/200 epoch=3 loss=1.0920 head_lr=737 muon_lr=0.11
step=92/200 epoch=3 loss=1.1046 head_lr=730.3 muon_lr=0.109
step=93/200 epoch=3 loss=1.1074 head_lr=723.6 muon_lr=0.108
step=94/200 epoch=3 loss=1.1213 head_lr=716.9 muon_lr=0.107
step=95/200 epoch=3 loss=1.1196 head_lr=710.2 muon_lr=0.106
step=96/200 epoch=3 loss=1.1058 head_lr=703.5 muon_lr=0.105
step=97/200 epoch=3 loss=1.1091 head_lr=696.8 muon_lr=0.104
step=98/200 epoch=3 loss=1.0934 head_lr=690.1 muon_lr=0.103
step=99/200 epoch=3 loss=1.1135 head_lr=683.4 muon_lr=0.102
step=100/200 epoch=3 loss=1.1226 head_lr=676.7 muon_lr=0.101
eval epoch=3 val_acc=0.8097 time_seconds=4.9922
step=101/200 epoch=4 loss=1.0727 head_lr=670 muon_lr=0.1
step=102/200 epoch=4 loss=1.0829 head_lr=663.3 muon_lr=0.099
step=103/200 epoch=4 loss=1.0661 head_lr=656.6 muon_lr=0.098
step=104/200 epoch=4 loss=1.0957 head_lr=649.9 muon_lr=0.097
step=105/200 epoch=4 loss=1.0720 head_lr=643.2 muon_lr=0.096
step=106/200 epoch=4 loss=1.0969 head_lr=636.5 muon_lr=0.095
step=107/200 epoch=4 loss=1.0645 head_lr=629.8 muon_lr=0.094
step=108/200 epoch=4 loss=1.0776 head_lr=623.1 muon_lr=0.093
step=109/200 epoch=4 loss=1.0874 head_lr=616.4 muon_lr=0.092
step=110/200 epoch=4 loss=1.0776 head_lr=609.7 muon_lr=0.091
step=111/200 epoch=4 loss=1.0754 head_lr=603 muon_lr=0.09
step=112/200 epoch=4 loss=1.0657 head_lr=596.3 muon_lr=0.089
step=113/200 epoch=4 loss=1.0856 head_lr=589.6 muon_lr=0.088
step=114/200 epoch=4 loss=1.0667 head_lr=582.9 muon_lr=0.087
step=115/200 epoch=4 loss=1.0595 head_lr=576.2 muon_lr=0.086
step=116/200 epoch=4 loss=1.0720 head_lr=569.5 muon_lr=0.085
step=117/200 epoch=4 loss=1.0647 head_lr=562.8 muon_lr=0.084
step=118/200 epoch=4 loss=1.0511 head_lr=556.1 muon_lr=0.083
step=119/200 epoch=4 loss=1.0743 head_lr=549.4 muon_lr=0.082
step=120/200 epoch=4 loss=1.0477 head_lr=542.7 muon_lr=0.081
step=121/200 epoch=4 loss=1.0603 head_lr=536 muon_lr=0.08
step=122/200 epoch=4 loss=1.0715 head_lr=529.3 muon_lr=0.079
step=123/200 epoch=4 loss=1.0445 head_lr=522.6 muon_lr=0.078
step=124/200 epoch=4 loss=1.0838 head_lr=515.9 muon_lr=0.077
step=125/200 epoch=4 loss=1.0477 head_lr=509.2 muon_lr=0.076
eval epoch=4 val_acc=0.8603 time_seconds=6.1736
step=126/200 epoch=5 loss=1.0383 head_lr=502.5 muon_lr=0.075
step=127/200 epoch=5 loss=1.0217 head_lr=495.8 muon_lr=0.074
step=128/200 epoch=5 loss=1.0283 head_lr=489.1 muon_lr=0.073
step=129/200 epoch=5 loss=1.0354 head_lr=482.4 muon_lr=0.072
step=130/200 epoch=5 loss=1.0199 head_lr=475.7 muon_lr=0.071
step=131/200 epoch=5 loss=1.0309 head_lr=469 muon_lr=0.07
step=132/200 epoch=5 loss=1.0246 head_lr=462.3 muon_lr=0.069
step=133/200 epoch=5 loss=1.0270 head_lr=455.6 muon_lr=0.068
step=134/200 epoch=5 loss=1.0152 head_lr=448.9 muon_lr=0.067
step=135/200 epoch=5 loss=1.0211 head_lr=442.2 muon_lr=0.066
step=136/200 epoch=5 loss=1.0256 head_lr=435.5 muon_lr=0.065
step=137/200 epoch=5 loss=1.0247 head_lr=428.8 muon_lr=0.064
step=138/200 epoch=5 loss=1.0116 head_lr=422.1 muon_lr=0.063
step=139/200 epoch=5 loss=1.0089 head_lr=415.4 muon_lr=0.062
step=140/200 epoch=5 loss=1.0162 head_lr=408.7 muon_lr=0.061
step=141/200 epoch=5 loss=1.0149 head_lr=402 muon_lr=0.06
step=142/200 epoch=5 loss=1.0242 head_lr=395.3 muon_lr=0.059
step=143/200 epoch=5 loss=1.0134 head_lr=388.6 muon_lr=0.058
step=144/200 epoch=5 loss=1.0122 head_lr=381.9 muon_lr=0.057
step=145/200 epoch=5 loss=1.0277 head_lr=375.2 muon_lr=0.056
step=146/200 epoch=5 loss=1.0125 head_lr=368.5 muon_lr=0.055
step=147/200 epoch=5 loss=1.0100 head_lr=361.8 muon_lr=0.054
step=148/200 epoch=5 loss=1.0103 head_lr=355.1 muon_lr=0.053
step=149/200 epoch=5 loss=1.0086 head_lr=348.4 muon_lr=0.052
step=150/200 epoch=5 loss=1.0143 head_lr=341.7 muon_lr=0.051
eval epoch=5 val_acc=0.9067 time_seconds=7.3604
step=151/200 epoch=6 loss=0.9903 head_lr=335 muon_lr=0.05
step=152/200 epoch=6 loss=0.9788 head_lr=328.3 muon_lr=0.049
step=153/200 epoch=6 loss=0.9827 head_lr=321.6 muon_lr=0.048
step=154/200 epoch=6 loss=0.9755 head_lr=314.9 muon_lr=0.047
step=155/200 epoch=6 loss=0.9859 head_lr=308.2 muon_lr=0.046
step=156/200 epoch=6 loss=0.9817 head_lr=301.5 muon_lr=0.045
step=157/200 epoch=6 loss=0.9742 head_lr=294.8 muon_lr=0.044
step=158/200 epoch=6 loss=0.9822 head_lr=288.1 muon_lr=0.043
step=159/200 epoch=6 loss=0.9930 head_lr=281.4 muon_lr=0.042
step=160/200 epoch=6 loss=0.9727 head_lr=274.7 muon_lr=0.041
step=161/200 epoch=6 loss=0.9686 head_lr=268 muon_lr=0.04
step=162/200 epoch=6 loss=0.9730 head_lr=261.3 muon_lr=0.039
step=163/200 epoch=6 loss=0.9732 head_lr=254.6 muon_lr=0.038
step=164/200 epoch=6 loss=0.9647 head_lr=247.9 muon_lr=0.037
step=165/200 epoch=6 loss=0.9812 head_lr=241.2 muon_lr=0.036
step=166/200 epoch=6 loss=0.9669 head_lr=234.5 muon_lr=0.035
step=167/200 epoch=6 loss=0.9689 head_lr=227.8 muon_lr=0.034
step=168/200 epoch=6 loss=0.9734 head_lr=221.1 muon_lr=0.033
step=169/200 epoch=6 loss=0.9700 head_lr=214.4 muon_lr=0.032
step=170/200 epoch=6 loss=0.9670 head_lr=207.7 muon_lr=0.031
step=171/200 epoch=6 loss=0.9719 head_lr=201 muon_lr=0.03
step=172/200 epoch=6 loss=0.9772 head_lr=194.3 muon_lr=0.029
step=173/200 epoch=6 loss=0.9766 head_lr=187.6 muon_lr=0.028
step=174/200 epoch=6 loss=0.9743 head_lr=180.9 muon_lr=0.027
step=175/200 epoch=6 loss=0.9603 head_lr=174.2 muon_lr=0.026
eval epoch=6 val_acc=0.9196 time_seconds=8.5426
step=176/200 epoch=7 loss=0.9381 head_lr=167.5 muon_lr=0.025
step=177/200 epoch=7 loss=0.9409 head_lr=160.8 muon_lr=0.024
step=178/200 epoch=7 loss=0.9415 head_lr=154.1 muon_lr=0.023
step=179/200 epoch=7 loss=0.9375 head_lr=147.4 muon_lr=0.022
step=180/200 epoch=7 loss=0.9360 head_lr=140.7 muon_lr=0.021
step=181/200 epoch=7 loss=0.9459 head_lr=134 muon_lr=0.02
step=182/200 epoch=7 loss=0.9393 head_lr=127.3 muon_lr=0.019
step=183/200 epoch=7 loss=0.9356 head_lr=120.6 muon_lr=0.018
step=184/200 epoch=7 loss=0.9342 head_lr=113.9 muon_lr=0.017
step=185/200 epoch=7 loss=0.9299 head_lr=107.2 muon_lr=0.016
step=186/200 epoch=7 loss=0.9389 head_lr=100.5 muon_lr=0.015
step=187/200 epoch=7 loss=0.9382 head_lr=93.8 muon_lr=0.014
step=188/200 epoch=7 loss=0.9368 head_lr=87.1 muon_lr=0.013
step=189/200 epoch=7 loss=0.9385 head_lr=80.4 muon_lr=0.012
step=190/200 epoch=7 loss=0.9317 head_lr=73.7 muon_lr=0.011
step=191/200 epoch=7 loss=0.9347 head_lr=67 muon_lr=0.01
step=192/200 epoch=7 loss=0.9303 head_lr=60.3 muon_lr=0.009
step=193/200 epoch=7 loss=0.9324 head_lr=53.6 muon_lr=0.008
step=194/200 epoch=7 loss=0.9326 head_lr=46.9 muon_lr=0.007
step=195/200 epoch=7 loss=0.9362 head_lr=40.2 muon_lr=0.006
step=196/200 epoch=7 loss=0.9367 head_lr=33.5 muon_lr=0.005
step=197/200 epoch=7 loss=0.9354 head_lr=26.8 muon_lr=0.004
step=198/200 epoch=7 loss=0.9332 head_lr=20.1 muon_lr=0.003
step=199/200 epoch=7 loss=0.9287 head_lr=13.4 muon_lr=0.002
step=200/200 epoch=7 loss=0.9318 head_lr=6.7 muon_lr=0.001
eval epoch=7 val_acc=0.9284 time_seconds=9.7306
eval epoch=final 25batch_train_loss=0.8991 val_acc=0.9284 tta_val_acc=0.9390 time_seconds=10.3322
Run:                1
Seed:               0
Seed group:         same_seed
Batch size:         2000
Muon lr:            0.2
SGD lr mult:        1
25batch train loss: 0.8991
Val acc:            0.9284
TTA val:            0.9390
cifar_reproducibility run=2 seed=0 seed_group=same_seed batch_size=2000 muon_lr=0.2
step=1/200 epoch=0 loss=2.3101 head_lr=1340 muon_lr=0.2
step=2/200 epoch=0 loss=2.3055 head_lr=1333.3 muon_lr=0.199
step=3/200 epoch=0 loss=2.3240 head_lr=1326.6 muon_lr=0.198
step=4/200 epoch=0 loss=2.0687 head_lr=1319.9 muon_lr=0.197
step=5/200 epoch=0 loss=1.9826 head_lr=1313.2 muon_lr=0.196
step=6/200 epoch=0 loss=1.9506 head_lr=1306.5 muon_lr=0.195
step=7/200 epoch=0 loss=1.8785 head_lr=1299.8 muon_lr=0.194
step=8/200 epoch=0 loss=1.7998 head_lr=1293.1 muon_lr=0.193
step=9/200 epoch=0 loss=1.6981 head_lr=1286.4 muon_lr=0.192
step=10/200 epoch=0 loss=1.7192 head_lr=1279.7 muon_lr=0.191
step=11/200 epoch=0 loss=1.7180 head_lr=1273 muon_lr=0.19
step=12/200 epoch=0 loss=1.6559 head_lr=1266.3 muon_lr=0.189
step=13/200 epoch=0 loss=1.5936 head_lr=1259.6 muon_lr=0.188
step=14/200 epoch=0 loss=1.6067 head_lr=1252.9 muon_lr=0.187
step=15/200 epoch=0 loss=1.5695 head_lr=1246.2 muon_lr=0.186
step=16/200 epoch=0 loss=1.5669 head_lr=1239.5 muon_lr=0.185
step=17/200 epoch=0 loss=1.5443 head_lr=1232.8 muon_lr=0.184
step=18/200 epoch=0 loss=1.4943 head_lr=1226.1 muon_lr=0.183
step=19/200 epoch=0 loss=1.4635 head_lr=1219.4 muon_lr=0.182
step=20/200 epoch=0 loss=1.4685 head_lr=1212.7 muon_lr=0.181
step=21/200 epoch=0 loss=1.4654 head_lr=1206 muon_lr=0.18
step=22/200 epoch=0 loss=1.4470 head_lr=1199.3 muon_lr=0.179
step=23/200 epoch=0 loss=1.3877 head_lr=1192.6 muon_lr=0.178
step=24/200 epoch=0 loss=1.3552 head_lr=1185.9 muon_lr=0.177
step=25/200 epoch=0 loss=1.3835 head_lr=1179.2 muon_lr=0.176
eval run=2 epoch=0 val_acc=0.6048 time_seconds=1.2792
step=26/200 epoch=1 loss=1.3882 head_lr=1172.5 muon_lr=0.175
step=27/200 epoch=1 loss=1.3589 head_lr=1165.8 muon_lr=0.174
step=28/200 epoch=1 loss=1.3577 head_lr=1159.1 muon_lr=0.173
step=29/200 epoch=1 loss=1.3655 head_lr=1152.4 muon_lr=0.172
step=30/200 epoch=1 loss=1.3105 head_lr=1145.7 muon_lr=0.171
step=31/200 epoch=1 loss=1.3116 head_lr=1139 muon_lr=0.17
step=32/200 epoch=1 loss=1.3032 head_lr=1132.3 muon_lr=0.169
step=33/200 epoch=1 loss=1.3169 head_lr=1125.6 muon_lr=0.168
step=34/200 epoch=1 loss=1.2806 head_lr=1118.9 muon_lr=0.167
step=35/200 epoch=1 loss=1.2833 head_lr=1112.2 muon_lr=0.166
step=36/200 epoch=1 loss=1.2899 head_lr=1105.5 muon_lr=0.165
step=37/200 epoch=1 loss=1.2671 head_lr=1098.8 muon_lr=0.164
step=38/200 epoch=1 loss=1.2624 head_lr=1092.1 muon_lr=0.163
step=39/200 epoch=1 loss=1.2502 head_lr=1085.4 muon_lr=0.162
step=40/200 epoch=1 loss=1.2837 head_lr=1078.7 muon_lr=0.161
step=41/200 epoch=1 loss=1.2647 head_lr=1072 muon_lr=0.16
step=42/200 epoch=1 loss=1.2644 head_lr=1065.3 muon_lr=0.159
step=43/200 epoch=1 loss=1.2374 head_lr=1058.6 muon_lr=0.158
step=44/200 epoch=1 loss=1.2380 head_lr=1051.9 muon_lr=0.157
step=45/200 epoch=1 loss=1.2407 head_lr=1045.2 muon_lr=0.156
step=46/200 epoch=1 loss=1.2485 head_lr=1038.5 muon_lr=0.155
step=47/200 epoch=1 loss=1.2320 head_lr=1031.8 muon_lr=0.154
step=48/200 epoch=1 loss=1.2482 head_lr=1025.1 muon_lr=0.153
step=49/200 epoch=1 loss=1.2305 head_lr=1018.4 muon_lr=0.152
step=50/200 epoch=1 loss=1.2296 head_lr=1011.7 muon_lr=0.151
eval epoch=1 val_acc=0.7520 time_seconds=2.5532
step=51/200 epoch=2 loss=1.1942 head_lr=1005 muon_lr=0.15
step=52/200 epoch=2 loss=1.2222 head_lr=998.3 muon_lr=0.149
step=53/200 epoch=2 loss=1.2105 head_lr=991.6 muon_lr=0.148
step=54/200 epoch=2 loss=1.2068 head_lr=984.9 muon_lr=0.147
step=55/200 epoch=2 loss=1.2084 head_lr=978.2 muon_lr=0.146
step=56/200 epoch=2 loss=1.2175 head_lr=971.5 muon_lr=0.145
step=57/200 epoch=2 loss=1.1837 head_lr=964.8 muon_lr=0.144
step=58/200 epoch=2 loss=1.2078 head_lr=958.1 muon_lr=0.143
step=59/200 epoch=2 loss=1.1612 head_lr=951.4 muon_lr=0.142
step=60/200 epoch=2 loss=1.1795 head_lr=944.7 muon_lr=0.141
step=61/200 epoch=2 loss=1.1718 head_lr=938 muon_lr=0.14
step=62/200 epoch=2 loss=1.1877 head_lr=931.3 muon_lr=0.139
step=63/200 epoch=2 loss=1.1846 head_lr=924.6 muon_lr=0.138
step=64/200 epoch=2 loss=1.1706 head_lr=917.9 muon_lr=0.137
step=65/200 epoch=2 loss=1.1801 head_lr=911.2 muon_lr=0.136
step=66/200 epoch=2 loss=1.1904 head_lr=904.5 muon_lr=0.135
step=67/200 epoch=2 loss=1.1722 head_lr=897.8 muon_lr=0.134
step=68/200 epoch=2 loss=1.1757 head_lr=891.1 muon_lr=0.133
step=69/200 epoch=2 loss=1.1676 head_lr=884.4 muon_lr=0.132
step=70/200 epoch=2 loss=1.1572 head_lr=877.7 muon_lr=0.131
step=71/200 epoch=2 loss=1.1659 head_lr=871 muon_lr=0.13
step=72/200 epoch=2 loss=1.1603 head_lr=864.3 muon_lr=0.129
step=73/200 epoch=2 loss=1.1803 head_lr=857.6 muon_lr=0.128
step=74/200 epoch=2 loss=1.1567 head_lr=850.9 muon_lr=0.127
step=75/200 epoch=2 loss=1.1680 head_lr=844.2 muon_lr=0.126
eval epoch=2 val_acc=0.6663 time_seconds=3.8300
step=76/200 epoch=3 loss=1.1288 head_lr=837.5 muon_lr=0.125
step=77/200 epoch=3 loss=1.1285 head_lr=830.8 muon_lr=0.124
step=78/200 epoch=3 loss=1.1221 head_lr=824.1 muon_lr=0.123
step=79/200 epoch=3 loss=1.1434 head_lr=817.4 muon_lr=0.122
step=80/200 epoch=3 loss=1.1380 head_lr=810.7 muon_lr=0.121
step=81/200 epoch=3 loss=1.1369 head_lr=804 muon_lr=0.12
step=82/200 epoch=3 loss=1.1279 head_lr=797.3 muon_lr=0.119
step=83/200 epoch=3 loss=1.1250 head_lr=790.6 muon_lr=0.118
step=84/200 epoch=3 loss=1.1213 head_lr=783.9 muon_lr=0.117
step=85/200 epoch=3 loss=1.1344 head_lr=777.2 muon_lr=0.116
step=86/200 epoch=3 loss=1.1081 head_lr=770.5 muon_lr=0.115
step=87/200 epoch=3 loss=1.1192 head_lr=763.8 muon_lr=0.114
step=88/200 epoch=3 loss=1.1131 head_lr=757.1 muon_lr=0.113
step=89/200 epoch=3 loss=1.1029 head_lr=750.4 muon_lr=0.112
step=90/200 epoch=3 loss=1.1106 head_lr=743.7 muon_lr=0.111
step=91/200 epoch=3 loss=1.0920 head_lr=737 muon_lr=0.11
step=92/200 epoch=3 loss=1.1046 head_lr=730.3 muon_lr=0.109
step=93/200 epoch=3 loss=1.1074 head_lr=723.6 muon_lr=0.108
step=94/200 epoch=3 loss=1.1213 head_lr=716.9 muon_lr=0.107
step=95/200 epoch=3 loss=1.1196 head_lr=710.2 muon_lr=0.106
step=96/200 epoch=3 loss=1.1058 head_lr=703.5 muon_lr=0.105
step=97/200 epoch=3 loss=1.1091 head_lr=696.8 muon_lr=0.104
step=98/200 epoch=3 loss=1.0934 head_lr=690.1 muon_lr=0.103
step=99/200 epoch=3 loss=1.1135 head_lr=683.4 muon_lr=0.102
step=100/200 epoch=3 loss=1.1226 head_lr=676.7 muon_lr=0.101
eval epoch=3 val_acc=0.8097 time_seconds=5.0183
step=101/200 epoch=4 loss=1.0727 head_lr=670 muon_lr=0.1
step=102/200 epoch=4 loss=1.0829 head_lr=663.3 muon_lr=0.099
step=103/200 epoch=4 loss=1.0661 head_lr=656.6 muon_lr=0.098
step=104/200 epoch=4 loss=1.0957 head_lr=649.9 muon_lr=0.097
step=105/200 epoch=4 loss=1.0720 head_lr=643.2 muon_lr=0.096
step=106/200 epoch=4 loss=1.0969 head_lr=636.5 muon_lr=0.095
step=107/200 epoch=4 loss=1.0645 head_lr=629.8 muon_lr=0.094
step=108/200 epoch=4 loss=1.0776 head_lr=623.1 muon_lr=0.093
step=109/200 epoch=4 loss=1.0874 head_lr=616.4 muon_lr=0.092
step=110/200 epoch=4 loss=1.0776 head_lr=609.7 muon_lr=0.091
step=111/200 epoch=4 loss=1.0754 head_lr=603 muon_lr=0.09
step=112/200 epoch=4 loss=1.0657 head_lr=596.3 muon_lr=0.089
step=113/200 epoch=4 loss=1.0856 head_lr=589.6 muon_lr=0.088
step=114/200 epoch=4 loss=1.0667 head_lr=582.9 muon_lr=0.087
step=115/200 epoch=4 loss=1.0595 head_lr=576.2 muon_lr=0.086
step=116/200 epoch=4 loss=1.0720 head_lr=569.5 muon_lr=0.085
step=117/200 epoch=4 loss=1.0647 head_lr=562.8 muon_lr=0.084
step=118/200 epoch=4 loss=1.0511 head_lr=556.1 muon_lr=0.083
step=119/200 epoch=4 loss=1.0743 head_lr=549.4 muon_lr=0.082
step=120/200 epoch=4 loss=1.0477 head_lr=542.7 muon_lr=0.081
step=121/200 epoch=4 loss=1.0603 head_lr=536 muon_lr=0.08
step=122/200 epoch=4 loss=1.0715 head_lr=529.3 muon_lr=0.079
step=123/200 epoch=4 loss=1.0445 head_lr=522.6 muon_lr=0.078
step=124/200 epoch=4 loss=1.0838 head_lr=515.9 muon_lr=0.077
step=125/200 epoch=4 loss=1.0477 head_lr=509.2 muon_lr=0.076
eval epoch=4 val_acc=0.8603 time_seconds=6.2055
step=126/200 epoch=5 loss=1.0383 head_lr=502.5 muon_lr=0.075
step=127/200 epoch=5 loss=1.0217 head_lr=495.8 muon_lr=0.074
step=128/200 epoch=5 loss=1.0283 head_lr=489.1 muon_lr=0.073
step=129/200 epoch=5 loss=1.0354 head_lr=482.4 muon_lr=0.072
step=130/200 epoch=5 loss=1.0199 head_lr=475.7 muon_lr=0.071
step=131/200 epoch=5 loss=1.0309 head_lr=469 muon_lr=0.07
step=132/200 epoch=5 loss=1.0246 head_lr=462.3 muon_lr=0.069
step=133/200 epoch=5 loss=1.0270 head_lr=455.6 muon_lr=0.068
step=134/200 epoch=5 loss=1.0152 head_lr=448.9 muon_lr=0.067
step=135/200 epoch=5 loss=1.0211 head_lr=442.2 muon_lr=0.066
step=136/200 epoch=5 loss=1.0256 head_lr=435.5 muon_lr=0.065
step=137/200 epoch=5 loss=1.0247 head_lr=428.8 muon_lr=0.064
step=138/200 epoch=5 loss=1.0116 head_lr=422.1 muon_lr=0.063
step=139/200 epoch=5 loss=1.0089 head_lr=415.4 muon_lr=0.062
step=140/200 epoch=5 loss=1.0162 head_lr=408.7 muon_lr=0.061
step=141/200 epoch=5 loss=1.0149 head_lr=402 muon_lr=0.06
step=142/200 epoch=5 loss=1.0242 head_lr=395.3 muon_lr=0.059
step=143/200 epoch=5 loss=1.0134 head_lr=388.6 muon_lr=0.058
step=144/200 epoch=5 loss=1.0122 head_lr=381.9 muon_lr=0.057
step=145/200 epoch=5 loss=1.0277 head_lr=375.2 muon_lr=0.056
step=146/200 epoch=5 loss=1.0125 head_lr=368.5 muon_lr=0.055
step=147/200 epoch=5 loss=1.0100 head_lr=361.8 muon_lr=0.054
step=148/200 epoch=5 loss=1.0103 head_lr=355.1 muon_lr=0.053
step=149/200 epoch=5 loss=1.0086 head_lr=348.4 muon_lr=0.052
step=150/200 epoch=5 loss=1.0143 head_lr=341.7 muon_lr=0.051
eval epoch=5 val_acc=0.9067 time_seconds=7.3941
step=151/200 epoch=6 loss=0.9903 head_lr=335 muon_lr=0.05
step=152/200 epoch=6 loss=0.9788 head_lr=328.3 muon_lr=0.049
step=153/200 epoch=6 loss=0.9827 head_lr=321.6 muon_lr=0.048
step=154/200 epoch=6 loss=0.9755 head_lr=314.9 muon_lr=0.047
step=155/200 epoch=6 loss=0.9859 head_lr=308.2 muon_lr=0.046
step=156/200 epoch=6 loss=0.9817 head_lr=301.5 muon_lr=0.045
step=157/200 epoch=6 loss=0.9742 head_lr=294.8 muon_lr=0.044
step=158/200 epoch=6 loss=0.9822 head_lr=288.1 muon_lr=0.043
step=159/200 epoch=6 loss=0.9930 head_lr=281.4 muon_lr=0.042
step=160/200 epoch=6 loss=0.9727 head_lr=274.7 muon_lr=0.041
step=161/200 epoch=6 loss=0.9686 head_lr=268 muon_lr=0.04
step=162/200 epoch=6 loss=0.9730 head_lr=261.3 muon_lr=0.039
step=163/200 epoch=6 loss=0.9732 head_lr=254.6 muon_lr=0.038
step=164/200 epoch=6 loss=0.9647 head_lr=247.9 muon_lr=0.037
step=165/200 epoch=6 loss=0.9812 head_lr=241.2 muon_lr=0.036
step=166/200 epoch=6 loss=0.9669 head_lr=234.5 muon_lr=0.035
step=167/200 epoch=6 loss=0.9689 head_lr=227.8 muon_lr=0.034
step=168/200 epoch=6 loss=0.9734 head_lr=221.1 muon_lr=0.033
step=169/200 epoch=6 loss=0.9700 head_lr=214.4 muon_lr=0.032
step=170/200 epoch=6 loss=0.9670 head_lr=207.7 muon_lr=0.031
step=171/200 epoch=6 loss=0.9719 head_lr=201 muon_lr=0.03
step=172/200 epoch=6 loss=0.9772 head_lr=194.3 muon_lr=0.029
step=173/200 epoch=6 loss=0.9766 head_lr=187.6 muon_lr=0.028
step=174/200 epoch=6 loss=0.9743 head_lr=180.9 muon_lr=0.027
step=175/200 epoch=6 loss=0.9603 head_lr=174.2 muon_lr=0.026
eval epoch=6 val_acc=0.9196 time_seconds=8.5840
step=176/200 epoch=7 loss=0.9381 head_lr=167.5 muon_lr=0.025
step=177/200 epoch=7 loss=0.9409 head_lr=160.8 muon_lr=0.024
step=178/200 epoch=7 loss=0.9415 head_lr=154.1 muon_lr=0.023
step=179/200 epoch=7 loss=0.9375 head_lr=147.4 muon_lr=0.022
step=180/200 epoch=7 loss=0.9360 head_lr=140.7 muon_lr=0.021
step=181/200 epoch=7 loss=0.9459 head_lr=134 muon_lr=0.02
step=182/200 epoch=7 loss=0.9393 head_lr=127.3 muon_lr=0.019
step=183/200 epoch=7 loss=0.9356 head_lr=120.6 muon_lr=0.018
step=184/200 epoch=7 loss=0.9342 head_lr=113.9 muon_lr=0.017
step=185/200 epoch=7 loss=0.9299 head_lr=107.2 muon_lr=0.016
step=186/200 epoch=7 loss=0.9389 head_lr=100.5 muon_lr=0.015
step=187/200 epoch=7 loss=0.9382 head_lr=93.8 muon_lr=0.014
step=188/200 epoch=7 loss=0.9368 head_lr=87.1 muon_lr=0.013
step=189/200 epoch=7 loss=0.9385 head_lr=80.4 muon_lr=0.012
step=190/200 epoch=7 loss=0.9317 head_lr=73.7 muon_lr=0.011
step=191/200 epoch=7 loss=0.9347 head_lr=67 muon_lr=0.01
step=192/200 epoch=7 loss=0.9303 head_lr=60.3 muon_lr=0.009
step=193/200 epoch=7 loss=0.9324 head_lr=53.6 muon_lr=0.008
step=194/200 epoch=7 loss=0.9326 head_lr=46.9 muon_lr=0.007
step=195/200 epoch=7 loss=0.9362 head_lr=40.2 muon_lr=0.006
step=196/200 epoch=7 loss=0.9367 head_lr=33.5 muon_lr=0.005
step=197/200 epoch=7 loss=0.9354 head_lr=26.8 muon_lr=0.004
step=198/200 epoch=7 loss=0.9332 head_lr=20.1 muon_lr=0.003
step=199/200 epoch=7 loss=0.9287 head_lr=13.4 muon_lr=0.002
step=200/200 epoch=7 loss=0.9318 head_lr=6.7 muon_lr=0.001
eval epoch=7 val_acc=0.9284 time_seconds=9.7744
eval epoch=final 25batch_train_loss=0.8991 val_acc=0.9284 tta_val_acc=0.9390 time_seconds=10.3801
Run:                2
Seed:               0
Seed group:         same_seed
Batch size:         2000
Muon lr:            0.2
SGD lr mult:        1
25batch train loss: 0.8991
Val acc:            0.9284
TTA val:            0.9390
cifar_reproducibility run=3 seed=0 seed_group=same_seed batch_size=2000 muon_lr=0.2
step=1/200 epoch=0 loss=2.3101 head_lr=1340 muon_lr=0.2
step=2/200 epoch=0 loss=2.3055 head_lr=1333.3 muon_lr=0.199
step=3/200 epoch=0 loss=2.3240 head_lr=1326.6 muon_lr=0.198
step=4/200 epoch=0 loss=2.0687 head_lr=1319.9 muon_lr=0.197
step=5/200 epoch=0 loss=1.9826 head_lr=1313.2 muon_lr=0.196
step=6/200 epoch=0 loss=1.9506 head_lr=1306.5 muon_lr=0.195
step=7/200 epoch=0 loss=1.8785 head_lr=1299.8 muon_lr=0.194
step=8/200 epoch=0 loss=1.7998 head_lr=1293.1 muon_lr=0.193
step=9/200 epoch=0 loss=1.6981 head_lr=1286.4 muon_lr=0.192
step=10/200 epoch=0 loss=1.7192 head_lr=1279.7 muon_lr=0.191
step=11/200 epoch=0 loss=1.7180 head_lr=1273 muon_lr=0.19
step=12/200 epoch=0 loss=1.6559 head_lr=1266.3 muon_lr=0.189
step=13/200 epoch=0 loss=1.5936 head_lr=1259.6 muon_lr=0.188
step=14/200 epoch=0 loss=1.6067 head_lr=1252.9 muon_lr=0.187
step=15/200 epoch=0 loss=1.5695 head_lr=1246.2 muon_lr=0.186
step=16/200 epoch=0 loss=1.5669 head_lr=1239.5 muon_lr=0.185
step=17/200 epoch=0 loss=1.5443 head_lr=1232.8 muon_lr=0.184
step=18/200 epoch=0 loss=1.4943 head_lr=1226.1 muon_lr=0.183
step=19/200 epoch=0 loss=1.4635 head_lr=1219.4 muon_lr=0.182
step=20/200 epoch=0 loss=1.4685 head_lr=1212.7 muon_lr=0.181
step=21/200 epoch=0 loss=1.4654 head_lr=1206 muon_lr=0.18
step=22/200 epoch=0 loss=1.4470 head_lr=1199.3 muon_lr=0.179
step=23/200 epoch=0 loss=1.3877 head_lr=1192.6 muon_lr=0.178
step=24/200 epoch=0 loss=1.3552 head_lr=1185.9 muon_lr=0.177
step=25/200 epoch=0 loss=1.3835 head_lr=1179.2 muon_lr=0.176
eval run=3 epoch=0 val_acc=0.6048 time_seconds=1.2837
step=26/200 epoch=1 loss=1.3882 head_lr=1172.5 muon_lr=0.175
step=27/200 epoch=1 loss=1.3589 head_lr=1165.8 muon_lr=0.174
step=28/200 epoch=1 loss=1.3577 head_lr=1159.1 muon_lr=0.173
step=29/200 epoch=1 loss=1.3655 head_lr=1152.4 muon_lr=0.172
step=30/200 epoch=1 loss=1.3105 head_lr=1145.7 muon_lr=0.171
step=31/200 epoch=1 loss=1.3116 head_lr=1139 muon_lr=0.17
step=32/200 epoch=1 loss=1.3032 head_lr=1132.3 muon_lr=0.169
step=33/200 epoch=1 loss=1.3169 head_lr=1125.6 muon_lr=0.168
step=34/200 epoch=1 loss=1.2806 head_lr=1118.9 muon_lr=0.167
step=35/200 epoch=1 loss=1.2833 head_lr=1112.2 muon_lr=0.166
step=36/200 epoch=1 loss=1.2899 head_lr=1105.5 muon_lr=0.165
step=37/200 epoch=1 loss=1.2671 head_lr=1098.8 muon_lr=0.164
step=38/200 epoch=1 loss=1.2624 head_lr=1092.1 muon_lr=0.163
step=39/200 epoch=1 loss=1.2502 head_lr=1085.4 muon_lr=0.162
step=40/200 epoch=1 loss=1.2837 head_lr=1078.7 muon_lr=0.161
step=41/200 epoch=1 loss=1.2647 head_lr=1072 muon_lr=0.16
step=42/200 epoch=1 loss=1.2644 head_lr=1065.3 muon_lr=0.159
step=43/200 epoch=1 loss=1.2374 head_lr=1058.6 muon_lr=0.158
step=44/200 epoch=1 loss=1.2380 head_lr=1051.9 muon_lr=0.157
step=45/200 epoch=1 loss=1.2407 head_lr=1045.2 muon_lr=0.156
step=46/200 epoch=1 loss=1.2485 head_lr=1038.5 muon_lr=0.155
step=47/200 epoch=1 loss=1.2320 head_lr=1031.8 muon_lr=0.154
step=48/200 epoch=1 loss=1.2482 head_lr=1025.1 muon_lr=0.153
step=49/200 epoch=1 loss=1.2305 head_lr=1018.4 muon_lr=0.152
step=50/200 epoch=1 loss=1.2296 head_lr=1011.7 muon_lr=0.151
eval epoch=1 val_acc=0.7520 time_seconds=2.5665
step=51/200 epoch=2 loss=1.1942 head_lr=1005 muon_lr=0.15
step=52/200 epoch=2 loss=1.2222 head_lr=998.3 muon_lr=0.149
step=53/200 epoch=2 loss=1.2105 head_lr=991.6 muon_lr=0.148
step=54/200 epoch=2 loss=1.2068 head_lr=984.9 muon_lr=0.147
step=55/200 epoch=2 loss=1.2084 head_lr=978.2 muon_lr=0.146
step=56/200 epoch=2 loss=1.2175 head_lr=971.5 muon_lr=0.145
step=57/200 epoch=2 loss=1.1837 head_lr=964.8 muon_lr=0.144
step=58/200 epoch=2 loss=1.2078 head_lr=958.1 muon_lr=0.143
step=59/200 epoch=2 loss=1.1612 head_lr=951.4 muon_lr=0.142
step=60/200 epoch=2 loss=1.1795 head_lr=944.7 muon_lr=0.141
step=61/200 epoch=2 loss=1.1718 head_lr=938 muon_lr=0.14
step=62/200 epoch=2 loss=1.1877 head_lr=931.3 muon_lr=0.139
step=63/200 epoch=2 loss=1.1846 head_lr=924.6 muon_lr=0.138
step=64/200 epoch=2 loss=1.1706 head_lr=917.9 muon_lr=0.137
step=65/200 epoch=2 loss=1.1801 head_lr=911.2 muon_lr=0.136
step=66/200 epoch=2 loss=1.1904 head_lr=904.5 muon_lr=0.135
step=67/200 epoch=2 loss=1.1722 head_lr=897.8 muon_lr=0.134
step=68/200 epoch=2 loss=1.1757 head_lr=891.1 muon_lr=0.133
step=69/200 epoch=2 loss=1.1676 head_lr=884.4 muon_lr=0.132
step=70/200 epoch=2 loss=1.1572 head_lr=877.7 muon_lr=0.131
step=71/200 epoch=2 loss=1.1659 head_lr=871 muon_lr=0.13
step=72/200 epoch=2 loss=1.1603 head_lr=864.3 muon_lr=0.129
step=73/200 epoch=2 loss=1.1803 head_lr=857.6 muon_lr=0.128
step=74/200 epoch=2 loss=1.1567 head_lr=850.9 muon_lr=0.127
step=75/200 epoch=2 loss=1.1680 head_lr=844.2 muon_lr=0.126
eval epoch=2 val_acc=0.6663 time_seconds=3.8483
step=76/200 epoch=3 loss=1.1288 head_lr=837.5 muon_lr=0.125
step=77/200 epoch=3 loss=1.1285 head_lr=830.8 muon_lr=0.124
step=78/200 epoch=3 loss=1.1221 head_lr=824.1 muon_lr=0.123
step=79/200 epoch=3 loss=1.1434 head_lr=817.4 muon_lr=0.122
step=80/200 epoch=3 loss=1.1380 head_lr=810.7 muon_lr=0.121
step=81/200 epoch=3 loss=1.1369 head_lr=804 muon_lr=0.12
step=82/200 epoch=3 loss=1.1279 head_lr=797.3 muon_lr=0.119
step=83/200 epoch=3 loss=1.1250 head_lr=790.6 muon_lr=0.118
step=84/200 epoch=3 loss=1.1213 head_lr=783.9 muon_lr=0.117
step=85/200 epoch=3 loss=1.1344 head_lr=777.2 muon_lr=0.116
step=86/200 epoch=3 loss=1.1081 head_lr=770.5 muon_lr=0.115
step=87/200 epoch=3 loss=1.1192 head_lr=763.8 muon_lr=0.114
step=88/200 epoch=3 loss=1.1131 head_lr=757.1 muon_lr=0.113
step=89/200 epoch=3 loss=1.1029 head_lr=750.4 muon_lr=0.112
step=90/200 epoch=3 loss=1.1106 head_lr=743.7 muon_lr=0.111
step=91/200 epoch=3 loss=1.0920 head_lr=737 muon_lr=0.11
step=92/200 epoch=3 loss=1.1046 head_lr=730.3 muon_lr=0.109
step=93/200 epoch=3 loss=1.1074 head_lr=723.6 muon_lr=0.108
step=94/200 epoch=3 loss=1.1213 head_lr=716.9 muon_lr=0.107
step=95/200 epoch=3 loss=1.1196 head_lr=710.2 muon_lr=0.106
step=96/200 epoch=3 loss=1.1058 head_lr=703.5 muon_lr=0.105
step=97/200 epoch=3 loss=1.1091 head_lr=696.8 muon_lr=0.104
step=98/200 epoch=3 loss=1.0934 head_lr=690.1 muon_lr=0.103
step=99/200 epoch=3 loss=1.1135 head_lr=683.4 muon_lr=0.102
step=100/200 epoch=3 loss=1.1226 head_lr=676.7 muon_lr=0.101
eval epoch=3 val_acc=0.8097 time_seconds=5.0436
step=101/200 epoch=4 loss=1.0727 head_lr=670 muon_lr=0.1
step=102/200 epoch=4 loss=1.0829 head_lr=663.3 muon_lr=0.099
step=103/200 epoch=4 loss=1.0661 head_lr=656.6 muon_lr=0.098
step=104/200 epoch=4 loss=1.0957 head_lr=649.9 muon_lr=0.097
step=105/200 epoch=4 loss=1.0720 head_lr=643.2 muon_lr=0.096
step=106/200 epoch=4 loss=1.0969 head_lr=636.5 muon_lr=0.095
step=107/200 epoch=4 loss=1.0645 head_lr=629.8 muon_lr=0.094
step=108/200 epoch=4 loss=1.0776 head_lr=623.1 muon_lr=0.093
step=109/200 epoch=4 loss=1.0874 head_lr=616.4 muon_lr=0.092
step=110/200 epoch=4 loss=1.0776 head_lr=609.7 muon_lr=0.091
step=111/200 epoch=4 loss=1.0754 head_lr=603 muon_lr=0.09
step=112/200 epoch=4 loss=1.0657 head_lr=596.3 muon_lr=0.089
step=113/200 epoch=4 loss=1.0856 head_lr=589.6 muon_lr=0.088
step=114/200 epoch=4 loss=1.0667 head_lr=582.9 muon_lr=0.087
step=115/200 epoch=4 loss=1.0595 head_lr=576.2 muon_lr=0.086
step=116/200 epoch=4 loss=1.0720 head_lr=569.5 muon_lr=0.085
step=117/200 epoch=4 loss=1.0647 head_lr=562.8 muon_lr=0.084
step=118/200 epoch=4 loss=1.0511 head_lr=556.1 muon_lr=0.083
step=119/200 epoch=4 loss=1.0743 head_lr=549.4 muon_lr=0.082
step=120/200 epoch=4 loss=1.0477 head_lr=542.7 muon_lr=0.081
step=121/200 epoch=4 loss=1.0603 head_lr=536 muon_lr=0.08
step=122/200 epoch=4 loss=1.0715 head_lr=529.3 muon_lr=0.079
step=123/200 epoch=4 loss=1.0445 head_lr=522.6 muon_lr=0.078
step=124/200 epoch=4 loss=1.0838 head_lr=515.9 muon_lr=0.077
step=125/200 epoch=4 loss=1.0477 head_lr=509.2 muon_lr=0.076
eval epoch=4 val_acc=0.8603 time_seconds=6.2374
step=126/200 epoch=5 loss=1.0383 head_lr=502.5 muon_lr=0.075
step=127/200 epoch=5 loss=1.0217 head_lr=495.8 muon_lr=0.074
step=128/200 epoch=5 loss=1.0283 head_lr=489.1 muon_lr=0.073
step=129/200 epoch=5 loss=1.0354 head_lr=482.4 muon_lr=0.072
step=130/200 epoch=5 loss=1.0199 head_lr=475.7 muon_lr=0.071
step=131/200 epoch=5 loss=1.0309 head_lr=469 muon_lr=0.07
step=132/200 epoch=5 loss=1.0246 head_lr=462.3 muon_lr=0.069
step=133/200 epoch=5 loss=1.0270 head_lr=455.6 muon_lr=0.068
step=134/200 epoch=5 loss=1.0152 head_lr=448.9 muon_lr=0.067
step=135/200 epoch=5 loss=1.0211 head_lr=442.2 muon_lr=0.066
step=136/200 epoch=5 loss=1.0256 head_lr=435.5 muon_lr=0.065
step=137/200 epoch=5 loss=1.0247 head_lr=428.8 muon_lr=0.064
step=138/200 epoch=5 loss=1.0116 head_lr=422.1 muon_lr=0.063
step=139/200 epoch=5 loss=1.0089 head_lr=415.4 muon_lr=0.062
step=140/200 epoch=5 loss=1.0162 head_lr=408.7 muon_lr=0.061
step=141/200 epoch=5 loss=1.0149 head_lr=402 muon_lr=0.06
step=142/200 epoch=5 loss=1.0242 head_lr=395.3 muon_lr=0.059
step=143/200 epoch=5 loss=1.0134 head_lr=388.6 muon_lr=0.058
step=144/200 epoch=5 loss=1.0122 head_lr=381.9 muon_lr=0.057
step=145/200 epoch=5 loss=1.0277 head_lr=375.2 muon_lr=0.056
step=146/200 epoch=5 loss=1.0125 head_lr=368.5 muon_lr=0.055
step=147/200 epoch=5 loss=1.0100 head_lr=361.8 muon_lr=0.054
step=148/200 epoch=5 loss=1.0103 head_lr=355.1 muon_lr=0.053
step=149/200 epoch=5 loss=1.0086 head_lr=348.4 muon_lr=0.052
step=150/200 epoch=5 loss=1.0143 head_lr=341.7 muon_lr=0.051
eval epoch=5 val_acc=0.9067 time_seconds=7.4345
step=151/200 epoch=6 loss=0.9903 head_lr=335 muon_lr=0.05
step=152/200 epoch=6 loss=0.9788 head_lr=328.3 muon_lr=0.049
step=153/200 epoch=6 loss=0.9827 head_lr=321.6 muon_lr=0.048
step=154/200 epoch=6 loss=0.9755 head_lr=314.9 muon_lr=0.047
step=155/200 epoch=6 loss=0.9859 head_lr=308.2 muon_lr=0.046
step=156/200 epoch=6 loss=0.9817 head_lr=301.5 muon_lr=0.045
step=157/200 epoch=6 loss=0.9742 head_lr=294.8 muon_lr=0.044
step=158/200 epoch=6 loss=0.9822 head_lr=288.1 muon_lr=0.043
step=159/200 epoch=6 loss=0.9930 head_lr=281.4 muon_lr=0.042
step=160/200 epoch=6 loss=0.9727 head_lr=274.7 muon_lr=0.041
step=161/200 epoch=6 loss=0.9686 head_lr=268 muon_lr=0.04
step=162/200 epoch=6 loss=0.9730 head_lr=261.3 muon_lr=0.039
step=163/200 epoch=6 loss=0.9732 head_lr=254.6 muon_lr=0.038
step=164/200 epoch=6 loss=0.9647 head_lr=247.9 muon_lr=0.037
step=165/200 epoch=6 loss=0.9812 head_lr=241.2 muon_lr=0.036
step=166/200 epoch=6 loss=0.9669 head_lr=234.5 muon_lr=0.035
step=167/200 epoch=6 loss=0.9689 head_lr=227.8 muon_lr=0.034
step=168/200 epoch=6 loss=0.9734 head_lr=221.1 muon_lr=0.033
step=169/200 epoch=6 loss=0.9700 head_lr=214.4 muon_lr=0.032
step=170/200 epoch=6 loss=0.9670 head_lr=207.7 muon_lr=0.031
step=171/200 epoch=6 loss=0.9719 head_lr=201 muon_lr=0.03
step=172/200 epoch=6 loss=0.9772 head_lr=194.3 muon_lr=0.029
step=173/200 epoch=6 loss=0.9766 head_lr=187.6 muon_lr=0.028
step=174/200 epoch=6 loss=0.9743 head_lr=180.9 muon_lr=0.027
step=175/200 epoch=6 loss=0.9603 head_lr=174.2 muon_lr=0.026
eval epoch=6 val_acc=0.9196 time_seconds=8.6293
step=176/200 epoch=7 loss=0.9381 head_lr=167.5 muon_lr=0.025
step=177/200 epoch=7 loss=0.9409 head_lr=160.8 muon_lr=0.024
step=178/200 epoch=7 loss=0.9415 head_lr=154.1 muon_lr=0.023
step=179/200 epoch=7 loss=0.9375 head_lr=147.4 muon_lr=0.022
step=180/200 epoch=7 loss=0.9360 head_lr=140.7 muon_lr=0.021
step=181/200 epoch=7 loss=0.9459 head_lr=134 muon_lr=0.02
step=182/200 epoch=7 loss=0.9393 head_lr=127.3 muon_lr=0.019
step=183/200 epoch=7 loss=0.9356 head_lr=120.6 muon_lr=0.018
step=184/200 epoch=7 loss=0.9342 head_lr=113.9 muon_lr=0.017
step=185/200 epoch=7 loss=0.9299 head_lr=107.2 muon_lr=0.016
step=186/200 epoch=7 loss=0.9389 head_lr=100.5 muon_lr=0.015
step=187/200 epoch=7 loss=0.9382 head_lr=93.8 muon_lr=0.014
step=188/200 epoch=7 loss=0.9368 head_lr=87.1 muon_lr=0.013
step=189/200 epoch=7 loss=0.9385 head_lr=80.4 muon_lr=0.012
step=190/200 epoch=7 loss=0.9317 head_lr=73.7 muon_lr=0.011
step=191/200 epoch=7 loss=0.9347 head_lr=67 muon_lr=0.01
step=192/200 epoch=7 loss=0.9303 head_lr=60.3 muon_lr=0.009
step=193/200 epoch=7 loss=0.9324 head_lr=53.6 muon_lr=0.008
step=194/200 epoch=7 loss=0.9326 head_lr=46.9 muon_lr=0.007
step=195/200 epoch=7 loss=0.9362 head_lr=40.2 muon_lr=0.006
step=196/200 epoch=7 loss=0.9367 head_lr=33.5 muon_lr=0.005
step=197/200 epoch=7 loss=0.9354 head_lr=26.8 muon_lr=0.004
step=198/200 epoch=7 loss=0.9332 head_lr=20.1 muon_lr=0.003
step=199/200 epoch=7 loss=0.9287 head_lr=13.4 muon_lr=0.002
step=200/200 epoch=7 loss=0.9318 head_lr=6.7 muon_lr=0.001
eval epoch=7 val_acc=0.9284 time_seconds=9.8245
eval epoch=final 25batch_train_loss=0.8991 val_acc=0.9284 tta_val_acc=0.9390 time_seconds=10.4319
Run:                3
Seed:               0
Seed group:         same_seed
Batch size:         2000
Muon lr:            0.2
SGD lr mult:        1
25batch train loss: 0.8991
Val acc:            0.9284
TTA val:            0.9390
cifar_reproducibility run=4 seed=0 seed_group=same_seed batch_size=2000 muon_lr=0.2
step=1/200 epoch=0 loss=2.3101 head_lr=1340 muon_lr=0.2
step=2/200 epoch=0 loss=2.3055 head_lr=1333.3 muon_lr=0.199
step=3/200 epoch=0 loss=2.3240 head_lr=1326.6 muon_lr=0.198
step=4/200 epoch=0 loss=2.0687 head_lr=1319.9 muon_lr=0.197
step=5/200 epoch=0 loss=1.9826 head_lr=1313.2 muon_lr=0.196
step=6/200 epoch=0 loss=1.9506 head_lr=1306.5 muon_lr=0.195
step=7/200 epoch=0 loss=1.8785 head_lr=1299.8 muon_lr=0.194
step=8/200 epoch=0 loss=1.7998 head_lr=1293.1 muon_lr=0.193
step=9/200 epoch=0 loss=1.6981 head_lr=1286.4 muon_lr=0.192
step=10/200 epoch=0 loss=1.7192 head_lr=1279.7 muon_lr=0.191
step=11/200 epoch=0 loss=1.7180 head_lr=1273 muon_lr=0.19
step=12/200 epoch=0 loss=1.6559 head_lr=1266.3 muon_lr=0.189
step=13/200 epoch=0 loss=1.5936 head_lr=1259.6 muon_lr=0.188
step=14/200 epoch=0 loss=1.6067 head_lr=1252.9 muon_lr=0.187
step=15/200 epoch=0 loss=1.5695 head_lr=1246.2 muon_lr=0.186
step=16/200 epoch=0 loss=1.5669 head_lr=1239.5 muon_lr=0.185
step=17/200 epoch=0 loss=1.5443 head_lr=1232.8 muon_lr=0.184
step=18/200 epoch=0 loss=1.4943 head_lr=1226.1 muon_lr=0.183
step=19/200 epoch=0 loss=1.4635 head_lr=1219.4 muon_lr=0.182
step=20/200 epoch=0 loss=1.4685 head_lr=1212.7 muon_lr=0.181
step=21/200 epoch=0 loss=1.4654 head_lr=1206 muon_lr=0.18
step=22/200 epoch=0 loss=1.4470 head_lr=1199.3 muon_lr=0.179
step=23/200 epoch=0 loss=1.3877 head_lr=1192.6 muon_lr=0.178
step=24/200 epoch=0 loss=1.3552 head_lr=1185.9 muon_lr=0.177
step=25/200 epoch=0 loss=1.3835 head_lr=1179.2 muon_lr=0.176
eval run=4 epoch=0 val_acc=0.6048 time_seconds=1.2879
step=26/200 epoch=1 loss=1.3882 head_lr=1172.5 muon_lr=0.175
step=27/200 epoch=1 loss=1.3589 head_lr=1165.8 muon_lr=0.174
step=28/200 epoch=1 loss=1.3577 head_lr=1159.1 muon_lr=0.173
step=29/200 epoch=1 loss=1.3655 head_lr=1152.4 muon_lr=0.172
step=30/200 epoch=1 loss=1.3105 head_lr=1145.7 muon_lr=0.171
step=31/200 epoch=1 loss=1.3116 head_lr=1139 muon_lr=0.17
step=32/200 epoch=1 loss=1.3032 head_lr=1132.3 muon_lr=0.169
step=33/200 epoch=1 loss=1.3169 head_lr=1125.6 muon_lr=0.168
step=34/200 epoch=1 loss=1.2806 head_lr=1118.9 muon_lr=0.167
step=35/200 epoch=1 loss=1.2833 head_lr=1112.2 muon_lr=0.166
step=36/200 epoch=1 loss=1.2899 head_lr=1105.5 muon_lr=0.165
step=37/200 epoch=1 loss=1.2671 head_lr=1098.8 muon_lr=0.164
step=38/200 epoch=1 loss=1.2624 head_lr=1092.1 muon_lr=0.163
step=39/200 epoch=1 loss=1.2502 head_lr=1085.4 muon_lr=0.162
step=40/200 epoch=1 loss=1.2837 head_lr=1078.7 muon_lr=0.161
step=41/200 epoch=1 loss=1.2647 head_lr=1072 muon_lr=0.16
step=42/200 epoch=1 loss=1.2644 head_lr=1065.3 muon_lr=0.159
step=43/200 epoch=1 loss=1.2374 head_lr=1058.6 muon_lr=0.158
step=44/200 epoch=1 loss=1.2380 head_lr=1051.9 muon_lr=0.157
step=45/200 epoch=1 loss=1.2407 head_lr=1045.2 muon_lr=0.156
step=46/200 epoch=1 loss=1.2485 head_lr=1038.5 muon_lr=0.155
step=47/200 epoch=1 loss=1.2320 head_lr=1031.8 muon_lr=0.154
step=48/200 epoch=1 loss=1.2482 head_lr=1025.1 muon_lr=0.153
step=49/200 epoch=1 loss=1.2305 head_lr=1018.4 muon_lr=0.152
step=50/200 epoch=1 loss=1.2296 head_lr=1011.7 muon_lr=0.151
eval epoch=1 val_acc=0.7520 time_seconds=2.5739
step=51/200 epoch=2 loss=1.1942 head_lr=1005 muon_lr=0.15
step=52/200 epoch=2 loss=1.2222 head_lr=998.3 muon_lr=0.149
step=53/200 epoch=2 loss=1.2105 head_lr=991.6 muon_lr=0.148
step=54/200 epoch=2 loss=1.2068 head_lr=984.9 muon_lr=0.147
step=55/200 epoch=2 loss=1.2084 head_lr=978.2 muon_lr=0.146
step=56/200 epoch=2 loss=1.2175 head_lr=971.5 muon_lr=0.145
step=57/200 epoch=2 loss=1.1837 head_lr=964.8 muon_lr=0.144
step=58/200 epoch=2 loss=1.2078 head_lr=958.1 muon_lr=0.143
step=59/200 epoch=2 loss=1.1612 head_lr=951.4 muon_lr=0.142
step=60/200 epoch=2 loss=1.1795 head_lr=944.7 muon_lr=0.141
step=61/200 epoch=2 loss=1.1718 head_lr=938 muon_lr=0.14
step=62/200 epoch=2 loss=1.1877 head_lr=931.3 muon_lr=0.139
step=63/200 epoch=2 loss=1.1846 head_lr=924.6 muon_lr=0.138
step=64/200 epoch=2 loss=1.1706 head_lr=917.9 muon_lr=0.137
step=65/200 epoch=2 loss=1.1801 head_lr=911.2 muon_lr=0.136
step=66/200 epoch=2 loss=1.1904 head_lr=904.5 muon_lr=0.135
step=67/200 epoch=2 loss=1.1722 head_lr=897.8 muon_lr=0.134
step=68/200 epoch=2 loss=1.1757 head_lr=891.1 muon_lr=0.133
step=69/200 epoch=2 loss=1.1676 head_lr=884.4 muon_lr=0.132
step=70/200 epoch=2 loss=1.1572 head_lr=877.7 muon_lr=0.131
step=71/200 epoch=2 loss=1.1659 head_lr=871 muon_lr=0.13
step=72/200 epoch=2 loss=1.1603 head_lr=864.3 muon_lr=0.129
step=73/200 epoch=2 loss=1.1803 head_lr=857.6 muon_lr=0.128
step=74/200 epoch=2 loss=1.1567 head_lr=850.9 muon_lr=0.127
step=75/200 epoch=2 loss=1.1680 head_lr=844.2 muon_lr=0.126
eval epoch=2 val_acc=0.6663 time_seconds=3.8605
step=76/200 epoch=3 loss=1.1288 head_lr=837.5 muon_lr=0.125
step=77/200 epoch=3 loss=1.1285 head_lr=830.8 muon_lr=0.124
step=78/200 epoch=3 loss=1.1221 head_lr=824.1 muon_lr=0.123
step=79/200 epoch=3 loss=1.1434 head_lr=817.4 muon_lr=0.122
step=80/200 epoch=3 loss=1.1380 head_lr=810.7 muon_lr=0.121
step=81/200 epoch=3 loss=1.1369 head_lr=804 muon_lr=0.12
step=82/200 epoch=3 loss=1.1279 head_lr=797.3 muon_lr=0.119
step=83/200 epoch=3 loss=1.1250 head_lr=790.6 muon_lr=0.118
step=84/200 epoch=3 loss=1.1213 head_lr=783.9 muon_lr=0.117
step=85/200 epoch=3 loss=1.1344 head_lr=777.2 muon_lr=0.116
step=86/200 epoch=3 loss=1.1081 head_lr=770.5 muon_lr=0.115
step=87/200 epoch=3 loss=1.1192 head_lr=763.8 muon_lr=0.114
step=88/200 epoch=3 loss=1.1131 head_lr=757.1 muon_lr=0.113
step=89/200 epoch=3 loss=1.1029 head_lr=750.4 muon_lr=0.112
step=90/200 epoch=3 loss=1.1106 head_lr=743.7 muon_lr=0.111
step=91/200 epoch=3 loss=1.0920 head_lr=737 muon_lr=0.11
step=92/200 epoch=3 loss=1.1046 head_lr=730.3 muon_lr=0.109
step=93/200 epoch=3 loss=1.1074 head_lr=723.6 muon_lr=0.108
step=94/200 epoch=3 loss=1.1213 head_lr=716.9 muon_lr=0.107
step=95/200 epoch=3 loss=1.1196 head_lr=710.2 muon_lr=0.106
step=96/200 epoch=3 loss=1.1058 head_lr=703.5 muon_lr=0.105
step=97/200 epoch=3 loss=1.1091 head_lr=696.8 muon_lr=0.104
step=98/200 epoch=3 loss=1.0934 head_lr=690.1 muon_lr=0.103
step=99/200 epoch=3 loss=1.1135 head_lr=683.4 muon_lr=0.102
step=100/200 epoch=3 loss=1.1226 head_lr=676.7 muon_lr=0.101
eval epoch=3 val_acc=0.8097 time_seconds=5.0589
step=101/200 epoch=4 loss=1.0727 head_lr=670 muon_lr=0.1
step=102/200 epoch=4 loss=1.0829 head_lr=663.3 muon_lr=0.099
step=103/200 epoch=4 loss=1.0661 head_lr=656.6 muon_lr=0.098
step=104/200 epoch=4 loss=1.0957 head_lr=649.9 muon_lr=0.097
step=105/200 epoch=4 loss=1.0720 head_lr=643.2 muon_lr=0.096
step=106/200 epoch=4 loss=1.0969 head_lr=636.5 muon_lr=0.095
step=107/200 epoch=4 loss=1.0645 head_lr=629.8 muon_lr=0.094
step=108/200 epoch=4 loss=1.0776 head_lr=623.1 muon_lr=0.093
step=109/200 epoch=4 loss=1.0874 head_lr=616.4 muon_lr=0.092
step=110/200 epoch=4 loss=1.0776 head_lr=609.7 muon_lr=0.091
step=111/200 epoch=4 loss=1.0754 head_lr=603 muon_lr=0.09
step=112/200 epoch=4 loss=1.0657 head_lr=596.3 muon_lr=0.089
step=113/200 epoch=4 loss=1.0856 head_lr=589.6 muon_lr=0.088
step=114/200 epoch=4 loss=1.0667 head_lr=582.9 muon_lr=0.087
step=115/200 epoch=4 loss=1.0595 head_lr=576.2 muon_lr=0.086
step=116/200 epoch=4 loss=1.0720 head_lr=569.5 muon_lr=0.085
step=117/200 epoch=4 loss=1.0647 head_lr=562.8 muon_lr=0.084
step=118/200 epoch=4 loss=1.0511 head_lr=556.1 muon_lr=0.083
step=119/200 epoch=4 loss=1.0743 head_lr=549.4 muon_lr=0.082
step=120/200 epoch=4 loss=1.0477 head_lr=542.7 muon_lr=0.081
step=121/200 epoch=4 loss=1.0603 head_lr=536 muon_lr=0.08
step=122/200 epoch=4 loss=1.0715 head_lr=529.3 muon_lr=0.079
step=123/200 epoch=4 loss=1.0445 head_lr=522.6 muon_lr=0.078
step=124/200 epoch=4 loss=1.0838 head_lr=515.9 muon_lr=0.077
step=125/200 epoch=4 loss=1.0477 head_lr=509.2 muon_lr=0.076
eval epoch=4 val_acc=0.8603 time_seconds=6.2566
step=126/200 epoch=5 loss=1.0383 head_lr=502.5 muon_lr=0.075
step=127/200 epoch=5 loss=1.0217 head_lr=495.8 muon_lr=0.074
step=128/200 epoch=5 loss=1.0283 head_lr=489.1 muon_lr=0.073
step=129/200 epoch=5 loss=1.0354 head_lr=482.4 muon_lr=0.072
step=130/200 epoch=5 loss=1.0199 head_lr=475.7 muon_lr=0.071
step=131/200 epoch=5 loss=1.0309 head_lr=469 muon_lr=0.07
step=132/200 epoch=5 loss=1.0246 head_lr=462.3 muon_lr=0.069
step=133/200 epoch=5 loss=1.0270 head_lr=455.6 muon_lr=0.068
step=134/200 epoch=5 loss=1.0152 head_lr=448.9 muon_lr=0.067
step=135/200 epoch=5 loss=1.0211 head_lr=442.2 muon_lr=0.066
step=136/200 epoch=5 loss=1.0256 head_lr=435.5 muon_lr=0.065
step=137/200 epoch=5 loss=1.0247 head_lr=428.8 muon_lr=0.064
step=138/200 epoch=5 loss=1.0116 head_lr=422.1 muon_lr=0.063
step=139/200 epoch=5 loss=1.0089 head_lr=415.4 muon_lr=0.062
step=140/200 epoch=5 loss=1.0162 head_lr=408.7 muon_lr=0.061
step=141/200 epoch=5 loss=1.0149 head_lr=402 muon_lr=0.06
step=142/200 epoch=5 loss=1.0242 head_lr=395.3 muon_lr=0.059
step=143/200 epoch=5 loss=1.0134 head_lr=388.6 muon_lr=0.058
step=144/200 epoch=5 loss=1.0122 head_lr=381.9 muon_lr=0.057
step=145/200 epoch=5 loss=1.0277 head_lr=375.2 muon_lr=0.056
step=146/200 epoch=5 loss=1.0125 head_lr=368.5 muon_lr=0.055
step=147/200 epoch=5 loss=1.0100 head_lr=361.8 muon_lr=0.054
step=148/200 epoch=5 loss=1.0103 head_lr=355.1 muon_lr=0.053
step=149/200 epoch=5 loss=1.0086 head_lr=348.4 muon_lr=0.052
step=150/200 epoch=5 loss=1.0143 head_lr=341.7 muon_lr=0.051
eval epoch=5 val_acc=0.9067 time_seconds=7.4558
step=151/200 epoch=6 loss=0.9903 head_lr=335 muon_lr=0.05
step=152/200 epoch=6 loss=0.9788 head_lr=328.3 muon_lr=0.049
step=153/200 epoch=6 loss=0.9827 head_lr=321.6 muon_lr=0.048
step=154/200 epoch=6 loss=0.9755 head_lr=314.9 muon_lr=0.047
step=155/200 epoch=6 loss=0.9859 head_lr=308.2 muon_lr=0.046
step=156/200 epoch=6 loss=0.9817 head_lr=301.5 muon_lr=0.045
step=157/200 epoch=6 loss=0.9742 head_lr=294.8 muon_lr=0.044
step=158/200 epoch=6 loss=0.9822 head_lr=288.1 muon_lr=0.043
step=159/200 epoch=6 loss=0.9930 head_lr=281.4 muon_lr=0.042
step=160/200 epoch=6 loss=0.9727 head_lr=274.7 muon_lr=0.041
step=161/200 epoch=6 loss=0.9686 head_lr=268 muon_lr=0.04
step=162/200 epoch=6 loss=0.9730 head_lr=261.3 muon_lr=0.039
step=163/200 epoch=6 loss=0.9732 head_lr=254.6 muon_lr=0.038
step=164/200 epoch=6 loss=0.9647 head_lr=247.9 muon_lr=0.037
step=165/200 epoch=6 loss=0.9812 head_lr=241.2 muon_lr=0.036
step=166/200 epoch=6 loss=0.9669 head_lr=234.5 muon_lr=0.035
step=167/200 epoch=6 loss=0.9689 head_lr=227.8 muon_lr=0.034
step=168/200 epoch=6 loss=0.9734 head_lr=221.1 muon_lr=0.033
step=169/200 epoch=6 loss=0.9700 head_lr=214.4 muon_lr=0.032
step=170/200 epoch=6 loss=0.9670 head_lr=207.7 muon_lr=0.031
step=171/200 epoch=6 loss=0.9719 head_lr=201 muon_lr=0.03
step=172/200 epoch=6 loss=0.9772 head_lr=194.3 muon_lr=0.029
step=173/200 epoch=6 loss=0.9766 head_lr=187.6 muon_lr=0.028
step=174/200 epoch=6 loss=0.9743 head_lr=180.9 muon_lr=0.027
step=175/200 epoch=6 loss=0.9603 head_lr=174.2 muon_lr=0.026
eval epoch=6 val_acc=0.9196 time_seconds=8.6540
step=176/200 epoch=7 loss=0.9381 head_lr=167.5 muon_lr=0.025
step=177/200 epoch=7 loss=0.9409 head_lr=160.8 muon_lr=0.024
step=178/200 epoch=7 loss=0.9415 head_lr=154.1 muon_lr=0.023
step=179/200 epoch=7 loss=0.9375 head_lr=147.4 muon_lr=0.022
step=180/200 epoch=7 loss=0.9360 head_lr=140.7 muon_lr=0.021
step=181/200 epoch=7 loss=0.9459 head_lr=134 muon_lr=0.02
step=182/200 epoch=7 loss=0.9393 head_lr=127.3 muon_lr=0.019
step=183/200 epoch=7 loss=0.9356 head_lr=120.6 muon_lr=0.018
step=184/200 epoch=7 loss=0.9342 head_lr=113.9 muon_lr=0.017
step=185/200 epoch=7 loss=0.9299 head_lr=107.2 muon_lr=0.016
step=186/200 epoch=7 loss=0.9389 head_lr=100.5 muon_lr=0.015
step=187/200 epoch=7 loss=0.9382 head_lr=93.8 muon_lr=0.014
step=188/200 epoch=7 loss=0.9368 head_lr=87.1 muon_lr=0.013
step=189/200 epoch=7 loss=0.9385 head_lr=80.4 muon_lr=0.012
step=190/200 epoch=7 loss=0.9317 head_lr=73.7 muon_lr=0.011
step=191/200 epoch=7 loss=0.9347 head_lr=67 muon_lr=0.01
step=192/200 epoch=7 loss=0.9303 head_lr=60.3 muon_lr=0.009
step=193/200 epoch=7 loss=0.9324 head_lr=53.6 muon_lr=0.008
step=194/200 epoch=7 loss=0.9326 head_lr=46.9 muon_lr=0.007
step=195/200 epoch=7 loss=0.9362 head_lr=40.2 muon_lr=0.006
step=196/200 epoch=7 loss=0.9367 head_lr=33.5 muon_lr=0.005
step=197/200 epoch=7 loss=0.9354 head_lr=26.8 muon_lr=0.004
step=198/200 epoch=7 loss=0.9332 head_lr=20.1 muon_lr=0.003
step=199/200 epoch=7 loss=0.9287 head_lr=13.4 muon_lr=0.002
step=200/200 epoch=7 loss=0.9318 head_lr=6.7 muon_lr=0.001
eval epoch=7 val_acc=0.9284 time_seconds=9.8519
eval epoch=final 25batch_train_loss=0.8991 val_acc=0.9284 tta_val_acc=0.9390 time_seconds=10.4598
Run:                4
Seed:               0
Seed group:         same_seed
Batch size:         2000
Muon lr:            0.2
SGD lr mult:        1
25batch train loss: 0.8991
Val acc:            0.9284
TTA val:            0.9390
cifar_reproducibility run=5 seed=0 seed_group=same_seed batch_size=2000 muon_lr=0.2
step=1/200 epoch=0 loss=2.3101 head_lr=1340 muon_lr=0.2
step=2/200 epoch=0 loss=2.3055 head_lr=1333.3 muon_lr=0.199
step=3/200 epoch=0 loss=2.3240 head_lr=1326.6 muon_lr=0.198
step=4/200 epoch=0 loss=2.0687 head_lr=1319.9 muon_lr=0.197
step=5/200 epoch=0 loss=1.9826 head_lr=1313.2 muon_lr=0.196
step=6/200 epoch=0 loss=1.9506 head_lr=1306.5 muon_lr=0.195
step=7/200 epoch=0 loss=1.8785 head_lr=1299.8 muon_lr=0.194
step=8/200 epoch=0 loss=1.7998 head_lr=1293.1 muon_lr=0.193
step=9/200 epoch=0 loss=1.6981 head_lr=1286.4 muon_lr=0.192
step=10/200 epoch=0 loss=1.7192 head_lr=1279.7 muon_lr=0.191
step=11/200 epoch=0 loss=1.7180 head_lr=1273 muon_lr=0.19
step=12/200 epoch=0 loss=1.6559 head_lr=1266.3 muon_lr=0.189
step=13/200 epoch=0 loss=1.5936 head_lr=1259.6 muon_lr=0.188
step=14/200 epoch=0 loss=1.6067 head_lr=1252.9 muon_lr=0.187
step=15/200 epoch=0 loss=1.5695 head_lr=1246.2 muon_lr=0.186
step=16/200 epoch=0 loss=1.5669 head_lr=1239.5 muon_lr=0.185
step=17/200 epoch=0 loss=1.5443 head_lr=1232.8 muon_lr=0.184
step=18/200 epoch=0 loss=1.4943 head_lr=1226.1 muon_lr=0.183
step=19/200 epoch=0 loss=1.4635 head_lr=1219.4 muon_lr=0.182
step=20/200 epoch=0 loss=1.4685 head_lr=1212.7 muon_lr=0.181
step=21/200 epoch=0 loss=1.4654 head_lr=1206 muon_lr=0.18
step=22/200 epoch=0 loss=1.4470 head_lr=1199.3 muon_lr=0.179
step=23/200 epoch=0 loss=1.3877 head_lr=1192.6 muon_lr=0.178
step=24/200 epoch=0 loss=1.3552 head_lr=1185.9 muon_lr=0.177
step=25/200 epoch=0 loss=1.3835 head_lr=1179.2 muon_lr=0.176
eval run=5 epoch=0 val_acc=0.6048 time_seconds=1.2897
step=26/200 epoch=1 loss=1.3882 head_lr=1172.5 muon_lr=0.175
step=27/200 epoch=1 loss=1.3589 head_lr=1165.8 muon_lr=0.174
step=28/200 epoch=1 loss=1.3577 head_lr=1159.1 muon_lr=0.173
step=29/200 epoch=1 loss=1.3655 head_lr=1152.4 muon_lr=0.172
step=30/200 epoch=1 loss=1.3105 head_lr=1145.7 muon_lr=0.171
step=31/200 epoch=1 loss=1.3116 head_lr=1139 muon_lr=0.17
step=32/200 epoch=1 loss=1.3032 head_lr=1132.3 muon_lr=0.169
step=33/200 epoch=1 loss=1.3169 head_lr=1125.6 muon_lr=0.168
step=34/200 epoch=1 loss=1.2806 head_lr=1118.9 muon_lr=0.167
step=35/200 epoch=1 loss=1.2833 head_lr=1112.2 muon_lr=0.166
step=36/200 epoch=1 loss=1.2899 head_lr=1105.5 muon_lr=0.165
step=37/200 epoch=1 loss=1.2671 head_lr=1098.8 muon_lr=0.164
step=38/200 epoch=1 loss=1.2624 head_lr=1092.1 muon_lr=0.163
step=39/200 epoch=1 loss=1.2502 head_lr=1085.4 muon_lr=0.162
step=40/200 epoch=1 loss=1.2837 head_lr=1078.7 muon_lr=0.161
step=41/200 epoch=1 loss=1.2647 head_lr=1072 muon_lr=0.16
step=42/200 epoch=1 loss=1.2644 head_lr=1065.3 muon_lr=0.159
step=43/200 epoch=1 loss=1.2374 head_lr=1058.6 muon_lr=0.158
step=44/200 epoch=1 loss=1.2380 head_lr=1051.9 muon_lr=0.157
step=45/200 epoch=1 loss=1.2407 head_lr=1045.2 muon_lr=0.156
step=46/200 epoch=1 loss=1.2485 head_lr=1038.5 muon_lr=0.155
step=47/200 epoch=1 loss=1.2320 head_lr=1031.8 muon_lr=0.154
step=48/200 epoch=1 loss=1.2482 head_lr=1025.1 muon_lr=0.153
step=49/200 epoch=1 loss=1.2305 head_lr=1018.4 muon_lr=0.152
step=50/200 epoch=1 loss=1.2296 head_lr=1011.7 muon_lr=0.151
eval epoch=1 val_acc=0.7520 time_seconds=2.5780
step=51/200 epoch=2 loss=1.1942 head_lr=1005 muon_lr=0.15
step=52/200 epoch=2 loss=1.2222 head_lr=998.3 muon_lr=0.149
step=53/200 epoch=2 loss=1.2105 head_lr=991.6 muon_lr=0.148
step=54/200 epoch=2 loss=1.2068 head_lr=984.9 muon_lr=0.147
step=55/200 epoch=2 loss=1.2084 head_lr=978.2 muon_lr=0.146
step=56/200 epoch=2 loss=1.2175 head_lr=971.5 muon_lr=0.145
step=57/200 epoch=2 loss=1.1837 head_lr=964.8 muon_lr=0.144
step=58/200 epoch=2 loss=1.2078 head_lr=958.1 muon_lr=0.143
step=59/200 epoch=2 loss=1.1612 head_lr=951.4 muon_lr=0.142
step=60/200 epoch=2 loss=1.1795 head_lr=944.7 muon_lr=0.141
step=61/200 epoch=2 loss=1.1718 head_lr=938 muon_lr=0.14
step=62/200 epoch=2 loss=1.1877 head_lr=931.3 muon_lr=0.139
step=63/200 epoch=2 loss=1.1846 head_lr=924.6 muon_lr=0.138
step=64/200 epoch=2 loss=1.1706 head_lr=917.9 muon_lr=0.137
step=65/200 epoch=2 loss=1.1801 head_lr=911.2 muon_lr=0.136
step=66/200 epoch=2 loss=1.1904 head_lr=904.5 muon_lr=0.135
step=67/200 epoch=2 loss=1.1722 head_lr=897.8 muon_lr=0.134
step=68/200 epoch=2 loss=1.1757 head_lr=891.1 muon_lr=0.133
step=69/200 epoch=2 loss=1.1676 head_lr=884.4 muon_lr=0.132
step=70/200 epoch=2 loss=1.1572 head_lr=877.7 muon_lr=0.131
step=71/200 epoch=2 loss=1.1659 head_lr=871 muon_lr=0.13
step=72/200 epoch=2 loss=1.1603 head_lr=864.3 muon_lr=0.129
step=73/200 epoch=2 loss=1.1803 head_lr=857.6 muon_lr=0.128
step=74/200 epoch=2 loss=1.1567 head_lr=850.9 muon_lr=0.127
step=75/200 epoch=2 loss=1.1680 head_lr=844.2 muon_lr=0.126
eval epoch=2 val_acc=0.6663 time_seconds=3.8653
step=76/200 epoch=3 loss=1.1288 head_lr=837.5 muon_lr=0.125
step=77/200 epoch=3 loss=1.1285 head_lr=830.8 muon_lr=0.124
step=78/200 epoch=3 loss=1.1221 head_lr=824.1 muon_lr=0.123
step=79/200 epoch=3 loss=1.1434 head_lr=817.4 muon_lr=0.122
step=80/200 epoch=3 loss=1.1380 head_lr=810.7 muon_lr=0.121
step=81/200 epoch=3 loss=1.1369 head_lr=804 muon_lr=0.12
step=82/200 epoch=3 loss=1.1279 head_lr=797.3 muon_lr=0.119
step=83/200 epoch=3 loss=1.1250 head_lr=790.6 muon_lr=0.118
step=84/200 epoch=3 loss=1.1213 head_lr=783.9 muon_lr=0.117
step=85/200 epoch=3 loss=1.1344 head_lr=777.2 muon_lr=0.116
step=86/200 epoch=3 loss=1.1081 head_lr=770.5 muon_lr=0.115
step=87/200 epoch=3 loss=1.1192 head_lr=763.8 muon_lr=0.114
step=88/200 epoch=3 loss=1.1131 head_lr=757.1 muon_lr=0.113
step=89/200 epoch=3 loss=1.1029 head_lr=750.4 muon_lr=0.112
step=90/200 epoch=3 loss=1.1106 head_lr=743.7 muon_lr=0.111
step=91/200 epoch=3 loss=1.0920 head_lr=737 muon_lr=0.11
step=92/200 epoch=3 loss=1.1046 head_lr=730.3 muon_lr=0.109
step=93/200 epoch=3 loss=1.1074 head_lr=723.6 muon_lr=0.108
step=94/200 epoch=3 loss=1.1213 head_lr=716.9 muon_lr=0.107
step=95/200 epoch=3 loss=1.1196 head_lr=710.2 muon_lr=0.106
step=96/200 epoch=3 loss=1.1058 head_lr=703.5 muon_lr=0.105
step=97/200 epoch=3 loss=1.1091 head_lr=696.8 muon_lr=0.104
step=98/200 epoch=3 loss=1.0934 head_lr=690.1 muon_lr=0.103
step=99/200 epoch=3 loss=1.1135 head_lr=683.4 muon_lr=0.102
step=100/200 epoch=3 loss=1.1226 head_lr=676.7 muon_lr=0.101
eval epoch=3 val_acc=0.8097 time_seconds=5.0649
step=101/200 epoch=4 loss=1.0727 head_lr=670 muon_lr=0.1
step=102/200 epoch=4 loss=1.0829 head_lr=663.3 muon_lr=0.099
step=103/200 epoch=4 loss=1.0661 head_lr=656.6 muon_lr=0.098
step=104/200 epoch=4 loss=1.0957 head_lr=649.9 muon_lr=0.097
step=105/200 epoch=4 loss=1.0720 head_lr=643.2 muon_lr=0.096
step=106/200 epoch=4 loss=1.0969 head_lr=636.5 muon_lr=0.095
step=107/200 epoch=4 loss=1.0645 head_lr=629.8 muon_lr=0.094
step=108/200 epoch=4 loss=1.0776 head_lr=623.1 muon_lr=0.093
step=109/200 epoch=4 loss=1.0874 head_lr=616.4 muon_lr=0.092
step=110/200 epoch=4 loss=1.0776 head_lr=609.7 muon_lr=0.091
step=111/200 epoch=4 loss=1.0754 head_lr=603 muon_lr=0.09
step=112/200 epoch=4 loss=1.0657 head_lr=596.3 muon_lr=0.089
step=113/200 epoch=4 loss=1.0856 head_lr=589.6 muon_lr=0.088
step=114/200 epoch=4 loss=1.0667 head_lr=582.9 muon_lr=0.087
step=115/200 epoch=4 loss=1.0595 head_lr=576.2 muon_lr=0.086
step=116/200 epoch=4 loss=1.0720 head_lr=569.5 muon_lr=0.085
step=117/200 epoch=4 loss=1.0647 head_lr=562.8 muon_lr=0.084
step=118/200 epoch=4 loss=1.0511 head_lr=556.1 muon_lr=0.083
step=119/200 epoch=4 loss=1.0743 head_lr=549.4 muon_lr=0.082
step=120/200 epoch=4 loss=1.0477 head_lr=542.7 muon_lr=0.081
step=121/200 epoch=4 loss=1.0603 head_lr=536 muon_lr=0.08
step=122/200 epoch=4 loss=1.0715 head_lr=529.3 muon_lr=0.079
step=123/200 epoch=4 loss=1.0445 head_lr=522.6 muon_lr=0.078
step=124/200 epoch=4 loss=1.0838 head_lr=515.9 muon_lr=0.077
step=125/200 epoch=4 loss=1.0477 head_lr=509.2 muon_lr=0.076
eval epoch=4 val_acc=0.8603 time_seconds=6.2651
step=126/200 epoch=5 loss=1.0383 head_lr=502.5 muon_lr=0.075
step=127/200 epoch=5 loss=1.0217 head_lr=495.8 muon_lr=0.074
step=128/200 epoch=5 loss=1.0283 head_lr=489.1 muon_lr=0.073
step=129/200 epoch=5 loss=1.0354 head_lr=482.4 muon_lr=0.072
step=130/200 epoch=5 loss=1.0199 head_lr=475.7 muon_lr=0.071
step=131/200 epoch=5 loss=1.0309 head_lr=469 muon_lr=0.07
step=132/200 epoch=5 loss=1.0246 head_lr=462.3 muon_lr=0.069
step=133/200 epoch=5 loss=1.0270 head_lr=455.6 muon_lr=0.068
step=134/200 epoch=5 loss=1.0152 head_lr=448.9 muon_lr=0.067
step=135/200 epoch=5 loss=1.0211 head_lr=442.2 muon_lr=0.066
step=136/200 epoch=5 loss=1.0256 head_lr=435.5 muon_lr=0.065
step=137/200 epoch=5 loss=1.0247 head_lr=428.8 muon_lr=0.064
step=138/200 epoch=5 loss=1.0116 head_lr=422.1 muon_lr=0.063
step=139/200 epoch=5 loss=1.0089 head_lr=415.4 muon_lr=0.062
step=140/200 epoch=5 loss=1.0162 head_lr=408.7 muon_lr=0.061
step=141/200 epoch=5 loss=1.0149 head_lr=402 muon_lr=0.06
step=142/200 epoch=5 loss=1.0242 head_lr=395.3 muon_lr=0.059
step=143/200 epoch=5 loss=1.0134 head_lr=388.6 muon_lr=0.058
step=144/200 epoch=5 loss=1.0122 head_lr=381.9 muon_lr=0.057
step=145/200 epoch=5 loss=1.0277 head_lr=375.2 muon_lr=0.056
step=146/200 epoch=5 loss=1.0125 head_lr=368.5 muon_lr=0.055
step=147/200 epoch=5 loss=1.0100 head_lr=361.8 muon_lr=0.054
step=148/200 epoch=5 loss=1.0103 head_lr=355.1 muon_lr=0.053
step=149/200 epoch=5 loss=1.0086 head_lr=348.4 muon_lr=0.052
step=150/200 epoch=5 loss=1.0143 head_lr=341.7 muon_lr=0.051
eval epoch=5 val_acc=0.9067 time_seconds=7.4662
step=151/200 epoch=6 loss=0.9903 head_lr=335 muon_lr=0.05
step=152/200 epoch=6 loss=0.9788 head_lr=328.3 muon_lr=0.049
step=153/200 epoch=6 loss=0.9827 head_lr=321.6 muon_lr=0.048
step=154/200 epoch=6 loss=0.9755 head_lr=314.9 muon_lr=0.047
step=155/200 epoch=6 loss=0.9859 head_lr=308.2 muon_lr=0.046
step=156/200 epoch=6 loss=0.9817 head_lr=301.5 muon_lr=0.045
step=157/200 epoch=6 loss=0.9742 head_lr=294.8 muon_lr=0.044
step=158/200 epoch=6 loss=0.9822 head_lr=288.1 muon_lr=0.043
step=159/200 epoch=6 loss=0.9930 head_lr=281.4 muon_lr=0.042
step=160/200 epoch=6 loss=0.9727 head_lr=274.7 muon_lr=0.041
step=161/200 epoch=6 loss=0.9686 head_lr=268 muon_lr=0.04
step=162/200 epoch=6 loss=0.9730 head_lr=261.3 muon_lr=0.039
step=163/200 epoch=6 loss=0.9732 head_lr=254.6 muon_lr=0.038
step=164/200 epoch=6 loss=0.9647 head_lr=247.9 muon_lr=0.037
step=165/200 epoch=6 loss=0.9812 head_lr=241.2 muon_lr=0.036
step=166/200 epoch=6 loss=0.9669 head_lr=234.5 muon_lr=0.035
step=167/200 epoch=6 loss=0.9689 head_lr=227.8 muon_lr=0.034
step=168/200 epoch=6 loss=0.9734 head_lr=221.1 muon_lr=0.033
step=169/200 epoch=6 loss=0.9700 head_lr=214.4 muon_lr=0.032
step=170/200 epoch=6 loss=0.9670 head_lr=207.7 muon_lr=0.031
step=171/200 epoch=6 loss=0.9719 head_lr=201 muon_lr=0.03
step=172/200 epoch=6 loss=0.9772 head_lr=194.3 muon_lr=0.029
step=173/200 epoch=6 loss=0.9766 head_lr=187.6 muon_lr=0.028
step=174/200 epoch=6 loss=0.9743 head_lr=180.9 muon_lr=0.027
step=175/200 epoch=6 loss=0.9603 head_lr=174.2 muon_lr=0.026
eval epoch=6 val_acc=0.9196 time_seconds=8.6659
step=176/200 epoch=7 loss=0.9381 head_lr=167.5 muon_lr=0.025
step=177/200 epoch=7 loss=0.9409 head_lr=160.8 muon_lr=0.024
step=178/200 epoch=7 loss=0.9415 head_lr=154.1 muon_lr=0.023
step=179/200 epoch=7 loss=0.9375 head_lr=147.4 muon_lr=0.022
step=180/200 epoch=7 loss=0.9360 head_lr=140.7 muon_lr=0.021
step=181/200 epoch=7 loss=0.9459 head_lr=134 muon_lr=0.02
step=182/200 epoch=7 loss=0.9393 head_lr=127.3 muon_lr=0.019
step=183/200 epoch=7 loss=0.9356 head_lr=120.6 muon_lr=0.018
step=184/200 epoch=7 loss=0.9342 head_lr=113.9 muon_lr=0.017
step=185/200 epoch=7 loss=0.9299 head_lr=107.2 muon_lr=0.016
step=186/200 epoch=7 loss=0.9389 head_lr=100.5 muon_lr=0.015
step=187/200 epoch=7 loss=0.9382 head_lr=93.8 muon_lr=0.014
step=188/200 epoch=7 loss=0.9368 head_lr=87.1 muon_lr=0.013
step=189/200 epoch=7 loss=0.9385 head_lr=80.4 muon_lr=0.012
step=190/200 epoch=7 loss=0.9317 head_lr=73.7 muon_lr=0.011
step=191/200 epoch=7 loss=0.9347 head_lr=67 muon_lr=0.01
step=192/200 epoch=7 loss=0.9303 head_lr=60.3 muon_lr=0.009
step=193/200 epoch=7 loss=0.9324 head_lr=53.6 muon_lr=0.008
step=194/200 epoch=7 loss=0.9326 head_lr=46.9 muon_lr=0.007
step=195/200 epoch=7 loss=0.9362 head_lr=40.2 muon_lr=0.006
step=196/200 epoch=7 loss=0.9367 head_lr=33.5 muon_lr=0.005
step=197/200 epoch=7 loss=0.9354 head_lr=26.8 muon_lr=0.004
step=198/200 epoch=7 loss=0.9332 head_lr=20.1 muon_lr=0.003
step=199/200 epoch=7 loss=0.9287 head_lr=13.4 muon_lr=0.002
step=200/200 epoch=7 loss=0.9318 head_lr=6.7 muon_lr=0.001
eval epoch=7 val_acc=0.9284 time_seconds=9.8656
eval epoch=final 25batch_train_loss=0.8991 val_acc=0.9284 tta_val_acc=0.9390 time_seconds=10.4750
Run:                5
Seed:               0
Seed group:         same_seed
Batch size:         2000
Muon lr:            0.2
SGD lr mult:        1
25batch train loss: 0.8991
Val acc:            0.9284
TTA val:            0.9390
cifar_reproducibility run=6 seed=0 seed_group=same_seed batch_size=2000 muon_lr=0.2
step=1/200 epoch=0 loss=2.3101 head_lr=1340 muon_lr=0.2
step=2/200 epoch=0 loss=2.3055 head_lr=1333.3 muon_lr=0.199
step=3/200 epoch=0 loss=2.3240 head_lr=1326.6 muon_lr=0.198
step=4/200 epoch=0 loss=2.0687 head_lr=1319.9 muon_lr=0.197
step=5/200 epoch=0 loss=1.9826 head_lr=1313.2 muon_lr=0.196
step=6/200 epoch=0 loss=1.9506 head_lr=1306.5 muon_lr=0.195
step=7/200 epoch=0 loss=1.8785 head_lr=1299.8 muon_lr=0.194
step=8/200 epoch=0 loss=1.7998 head_lr=1293.1 muon_lr=0.193
step=9/200 epoch=0 loss=1.6981 head_lr=1286.4 muon_lr=0.192
step=10/200 epoch=0 loss=1.7192 head_lr=1279.7 muon_lr=0.191
step=11/200 epoch=0 loss=1.7180 head_lr=1273 muon_lr=0.19
step=12/200 epoch=0 loss=1.6559 head_lr=1266.3 muon_lr=0.189
step=13/200 epoch=0 loss=1.5936 head_lr=1259.6 muon_lr=0.188
step=14/200 epoch=0 loss=1.6067 head_lr=1252.9 muon_lr=0.187
step=15/200 epoch=0 loss=1.5695 head_lr=1246.2 muon_lr=0.186
step=16/200 epoch=0 loss=1.5669 head_lr=1239.5 muon_lr=0.185
step=17/200 epoch=0 loss=1.5443 head_lr=1232.8 muon_lr=0.184
step=18/200 epoch=0 loss=1.4943 head_lr=1226.1 muon_lr=0.183
step=19/200 epoch=0 loss=1.4635 head_lr=1219.4 muon_lr=0.182
step=20/200 epoch=0 loss=1.4685 head_lr=1212.7 muon_lr=0.181
step=21/200 epoch=0 loss=1.4654 head_lr=1206 muon_lr=0.18
step=22/200 epoch=0 loss=1.4470 head_lr=1199.3 muon_lr=0.179
step=23/200 epoch=0 loss=1.3877 head_lr=1192.6 muon_lr=0.178
step=24/200 epoch=0 loss=1.3552 head_lr=1185.9 muon_lr=0.177
step=25/200 epoch=0 loss=1.3835 head_lr=1179.2 muon_lr=0.176
eval run=6 epoch=0 val_acc=0.6048 time_seconds=1.2923
step=26/200 epoch=1 loss=1.3882 head_lr=1172.5 muon_lr=0.175
step=27/200 epoch=1 loss=1.3589 head_lr=1165.8 muon_lr=0.174
step=28/200 epoch=1 loss=1.3577 head_lr=1159.1 muon_lr=0.173
step=29/200 epoch=1 loss=1.3655 head_lr=1152.4 muon_lr=0.172
step=30/200 epoch=1 loss=1.3105 head_lr=1145.7 muon_lr=0.171
step=31/200 epoch=1 loss=1.3116 head_lr=1139 muon_lr=0.17
step=32/200 epoch=1 loss=1.3032 head_lr=1132.3 muon_lr=0.169
step=33/200 epoch=1 loss=1.3169 head_lr=1125.6 muon_lr=0.168
step=34/200 epoch=1 loss=1.2806 head_lr=1118.9 muon_lr=0.167
step=35/200 epoch=1 loss=1.2833 head_lr=1112.2 muon_lr=0.166
step=36/200 epoch=1 loss=1.2899 head_lr=1105.5 muon_lr=0.165
step=37/200 epoch=1 loss=1.2671 head_lr=1098.8 muon_lr=0.164
step=38/200 epoch=1 loss=1.2624 head_lr=1092.1 muon_lr=0.163
step=39/200 epoch=1 loss=1.2502 head_lr=1085.4 muon_lr=0.162
step=40/200 epoch=1 loss=1.2837 head_lr=1078.7 muon_lr=0.161
step=41/200 epoch=1 loss=1.2647 head_lr=1072 muon_lr=0.16
step=42/200 epoch=1 loss=1.2644 head_lr=1065.3 muon_lr=0.159
step=43/200 epoch=1 loss=1.2374 head_lr=1058.6 muon_lr=0.158
step=44/200 epoch=1 loss=1.2380 head_lr=1051.9 muon_lr=0.157
step=45/200 epoch=1 loss=1.2407 head_lr=1045.2 muon_lr=0.156
step=46/200 epoch=1 loss=1.2485 head_lr=1038.5 muon_lr=0.155
step=47/200 epoch=1 loss=1.2320 head_lr=1031.8 muon_lr=0.154
step=48/200 epoch=1 loss=1.2482 head_lr=1025.1 muon_lr=0.153
step=49/200 epoch=1 loss=1.2305 head_lr=1018.4 muon_lr=0.152
step=50/200 epoch=1 loss=1.2296 head_lr=1011.7 muon_lr=0.151
eval epoch=1 val_acc=0.7520 time_seconds=2.5810
step=51/200 epoch=2 loss=1.1942 head_lr=1005 muon_lr=0.15
step=52/200 epoch=2 loss=1.2222 head_lr=998.3 muon_lr=0.149
step=53/200 epoch=2 loss=1.2105 head_lr=991.6 muon_lr=0.148
step=54/200 epoch=2 loss=1.2068 head_lr=984.9 muon_lr=0.147
step=55/200 epoch=2 loss=1.2084 head_lr=978.2 muon_lr=0.146
step=56/200 epoch=2 loss=1.2175 head_lr=971.5 muon_lr=0.145
step=57/200 epoch=2 loss=1.1837 head_lr=964.8 muon_lr=0.144
step=58/200 epoch=2 loss=1.2078 head_lr=958.1 muon_lr=0.143
step=59/200 epoch=2 loss=1.1612 head_lr=951.4 muon_lr=0.142
step=60/200 epoch=2 loss=1.1795 head_lr=944.7 muon_lr=0.141
step=61/200 epoch=2 loss=1.1718 head_lr=938 muon_lr=0.14
step=62/200 epoch=2 loss=1.1877 head_lr=931.3 muon_lr=0.139
step=63/200 epoch=2 loss=1.1846 head_lr=924.6 muon_lr=0.138
step=64/200 epoch=2 loss=1.1706 head_lr=917.9 muon_lr=0.137
step=65/200 epoch=2 loss=1.1801 head_lr=911.2 muon_lr=0.136
step=66/200 epoch=2 loss=1.1904 head_lr=904.5 muon_lr=0.135
step=67/200 epoch=2 loss=1.1722 head_lr=897.8 muon_lr=0.134
step=68/200 epoch=2 loss=1.1757 head_lr=891.1 muon_lr=0.133
step=69/200 epoch=2 loss=1.1676 head_lr=884.4 muon_lr=0.132
step=70/200 epoch=2 loss=1.1572 head_lr=877.7 muon_lr=0.131
step=71/200 epoch=2 loss=1.1659 head_lr=871 muon_lr=0.13
step=72/200 epoch=2 loss=1.1603 head_lr=864.3 muon_lr=0.129
step=73/200 epoch=2 loss=1.1803 head_lr=857.6 muon_lr=0.128
step=74/200 epoch=2 loss=1.1567 head_lr=850.9 muon_lr=0.127
step=75/200 epoch=2 loss=1.1680 head_lr=844.2 muon_lr=0.126
eval epoch=2 val_acc=0.6663 time_seconds=3.8704
step=76/200 epoch=3 loss=1.1288 head_lr=837.5 muon_lr=0.125
step=77/200 epoch=3 loss=1.1285 head_lr=830.8 muon_lr=0.124
step=78/200 epoch=3 loss=1.1221 head_lr=824.1 muon_lr=0.123
step=79/200 epoch=3 loss=1.1434 head_lr=817.4 muon_lr=0.122
step=80/200 epoch=3 loss=1.1380 head_lr=810.7 muon_lr=0.121
step=81/200 epoch=3 loss=1.1369 head_lr=804 muon_lr=0.12
step=82/200 epoch=3 loss=1.1279 head_lr=797.3 muon_lr=0.119
step=83/200 epoch=3 loss=1.1250 head_lr=790.6 muon_lr=0.118
step=84/200 epoch=3 loss=1.1213 head_lr=783.9 muon_lr=0.117
step=85/200 epoch=3 loss=1.1344 head_lr=777.2 muon_lr=0.116
step=86/200 epoch=3 loss=1.1081 head_lr=770.5 muon_lr=0.115
step=87/200 epoch=3 loss=1.1192 head_lr=763.8 muon_lr=0.114
step=88/200 epoch=3 loss=1.1131 head_lr=757.1 muon_lr=0.113
step=89/200 epoch=3 loss=1.1029 head_lr=750.4 muon_lr=0.112
step=90/200 epoch=3 loss=1.1106 head_lr=743.7 muon_lr=0.111
step=91/200 epoch=3 loss=1.0920 head_lr=737 muon_lr=0.11
step=92/200 epoch=3 loss=1.1046 head_lr=730.3 muon_lr=0.109
step=93/200 epoch=3 loss=1.1074 head_lr=723.6 muon_lr=0.108
step=94/200 epoch=3 loss=1.1213 head_lr=716.9 muon_lr=0.107
step=95/200 epoch=3 loss=1.1196 head_lr=710.2 muon_lr=0.106
step=96/200 epoch=3 loss=1.1058 head_lr=703.5 muon_lr=0.105
step=97/200 epoch=3 loss=1.1091 head_lr=696.8 muon_lr=0.104
step=98/200 epoch=3 loss=1.0934 head_lr=690.1 muon_lr=0.103
step=99/200 epoch=3 loss=1.1135 head_lr=683.4 muon_lr=0.102
step=100/200 epoch=3 loss=1.1226 head_lr=676.7 muon_lr=0.101
eval epoch=3 val_acc=0.8097 time_seconds=5.0712
step=101/200 epoch=4 loss=1.0727 head_lr=670 muon_lr=0.1
step=102/200 epoch=4 loss=1.0829 head_lr=663.3 muon_lr=0.099
step=103/200 epoch=4 loss=1.0661 head_lr=656.6 muon_lr=0.098
step=104/200 epoch=4 loss=1.0957 head_lr=649.9 muon_lr=0.097
step=105/200 epoch=4 loss=1.0720 head_lr=643.2 muon_lr=0.096
step=106/200 epoch=4 loss=1.0969 head_lr=636.5 muon_lr=0.095
step=107/200 epoch=4 loss=1.0645 head_lr=629.8 muon_lr=0.094
step=108/200 epoch=4 loss=1.0776 head_lr=623.1 muon_lr=0.093
step=109/200 epoch=4 loss=1.0874 head_lr=616.4 muon_lr=0.092
step=110/200 epoch=4 loss=1.0776 head_lr=609.7 muon_lr=0.091
step=111/200 epoch=4 loss=1.0754 head_lr=603 muon_lr=0.09
step=112/200 epoch=4 loss=1.0657 head_lr=596.3 muon_lr=0.089
step=113/200 epoch=4 loss=1.0856 head_lr=589.6 muon_lr=0.088
step=114/200 epoch=4 loss=1.0667 head_lr=582.9 muon_lr=0.087
step=115/200 epoch=4 loss=1.0595 head_lr=576.2 muon_lr=0.086
step=116/200 epoch=4 loss=1.0720 head_lr=569.5 muon_lr=0.085
step=117/200 epoch=4 loss=1.0647 head_lr=562.8 muon_lr=0.084
step=118/200 epoch=4 loss=1.0511 head_lr=556.1 muon_lr=0.083
step=119/200 epoch=4 loss=1.0743 head_lr=549.4 muon_lr=0.082
step=120/200 epoch=4 loss=1.0477 head_lr=542.7 muon_lr=0.081
step=121/200 epoch=4 loss=1.0603 head_lr=536 muon_lr=0.08
step=122/200 epoch=4 loss=1.0715 head_lr=529.3 muon_lr=0.079
step=123/200 epoch=4 loss=1.0445 head_lr=522.6 muon_lr=0.078
step=124/200 epoch=4 loss=1.0838 head_lr=515.9 muon_lr=0.077
step=125/200 epoch=4 loss=1.0477 head_lr=509.2 muon_lr=0.076
eval epoch=4 val_acc=0.8603 time_seconds=6.2724
step=126/200 epoch=5 loss=1.0383 head_lr=502.5 muon_lr=0.075
step=127/200 epoch=5 loss=1.0217 head_lr=495.8 muon_lr=0.074
step=128/200 epoch=5 loss=1.0283 head_lr=489.1 muon_lr=0.073
step=129/200 epoch=5 loss=1.0354 head_lr=482.4 muon_lr=0.072
step=130/200 epoch=5 loss=1.0199 head_lr=475.7 muon_lr=0.071
step=131/200 epoch=5 loss=1.0309 head_lr=469 muon_lr=0.07
step=132/200 epoch=5 loss=1.0246 head_lr=462.3 muon_lr=0.069
step=133/200 epoch=5 loss=1.0270 head_lr=455.6 muon_lr=0.068
step=134/200 epoch=5 loss=1.0152 head_lr=448.9 muon_lr=0.067
step=135/200 epoch=5 loss=1.0211 head_lr=442.2 muon_lr=0.066
step=136/200 epoch=5 loss=1.0256 head_lr=435.5 muon_lr=0.065
step=137/200 epoch=5 loss=1.0247 head_lr=428.8 muon_lr=0.064
step=138/200 epoch=5 loss=1.0116 head_lr=422.1 muon_lr=0.063
step=139/200 epoch=5 loss=1.0089 head_lr=415.4 muon_lr=0.062
step=140/200 epoch=5 loss=1.0162 head_lr=408.7 muon_lr=0.061
step=141/200 epoch=5 loss=1.0149 head_lr=402 muon_lr=0.06
step=142/200 epoch=5 loss=1.0242 head_lr=395.3 muon_lr=0.059
step=143/200 epoch=5 loss=1.0134 head_lr=388.6 muon_lr=0.058
step=144/200 epoch=5 loss=1.0122 head_lr=381.9 muon_lr=0.057
step=145/200 epoch=5 loss=1.0277 head_lr=375.2 muon_lr=0.056
step=146/200 epoch=5 loss=1.0125 head_lr=368.5 muon_lr=0.055
step=147/200 epoch=5 loss=1.0100 head_lr=361.8 muon_lr=0.054
step=148/200 epoch=5 loss=1.0103 head_lr=355.1 muon_lr=0.053
step=149/200 epoch=5 loss=1.0086 head_lr=348.4 muon_lr=0.052
step=150/200 epoch=5 loss=1.0143 head_lr=341.7 muon_lr=0.051
eval epoch=5 val_acc=0.9067 time_seconds=7.4725
step=151/200 epoch=6 loss=0.9903 head_lr=335 muon_lr=0.05
step=152/200 epoch=6 loss=0.9788 head_lr=328.3 muon_lr=0.049
step=153/200 epoch=6 loss=0.9827 head_lr=321.6 muon_lr=0.048
step=154/200 epoch=6 loss=0.9755 head_lr=314.9 muon_lr=0.047
step=155/200 epoch=6 loss=0.9859 head_lr=308.2 muon_lr=0.046
step=156/200 epoch=6 loss=0.9817 head_lr=301.5 muon_lr=0.045
step=157/200 epoch=6 loss=0.9742 head_lr=294.8 muon_lr=0.044
step=158/200 epoch=6 loss=0.9822 head_lr=288.1 muon_lr=0.043
step=159/200 epoch=6 loss=0.9930 head_lr=281.4 muon_lr=0.042
step=160/200 epoch=6 loss=0.9727 head_lr=274.7 muon_lr=0.041
step=161/200 epoch=6 loss=0.9686 head_lr=268 muon_lr=0.04
step=162/200 epoch=6 loss=0.9730 head_lr=261.3 muon_lr=0.039
step=163/200 epoch=6 loss=0.9732 head_lr=254.6 muon_lr=0.038
step=164/200 epoch=6 loss=0.9647 head_lr=247.9 muon_lr=0.037
step=165/200 epoch=6 loss=0.9812 head_lr=241.2 muon_lr=0.036
step=166/200 epoch=6 loss=0.9669 head_lr=234.5 muon_lr=0.035
step=167/200 epoch=6 loss=0.9689 head_lr=227.8 muon_lr=0.034
step=168/200 epoch=6 loss=0.9734 head_lr=221.1 muon_lr=0.033
step=169/200 epoch=6 loss=0.9700 head_lr=214.4 muon_lr=0.032
step=170/200 epoch=6 loss=0.9670 head_lr=207.7 muon_lr=0.031
step=171/200 epoch=6 loss=0.9719 head_lr=201 muon_lr=0.03
step=172/200 epoch=6 loss=0.9772 head_lr=194.3 muon_lr=0.029
step=173/200 epoch=6 loss=0.9766 head_lr=187.6 muon_lr=0.028
step=174/200 epoch=6 loss=0.9743 head_lr=180.9 muon_lr=0.027
step=175/200 epoch=6 loss=0.9603 head_lr=174.2 muon_lr=0.026
eval epoch=6 val_acc=0.9196 time_seconds=8.6744
step=176/200 epoch=7 loss=0.9381 head_lr=167.5 muon_lr=0.025
step=177/200 epoch=7 loss=0.9409 head_lr=160.8 muon_lr=0.024
step=178/200 epoch=7 loss=0.9415 head_lr=154.1 muon_lr=0.023
step=179/200 epoch=7 loss=0.9375 head_lr=147.4 muon_lr=0.022
step=180/200 epoch=7 loss=0.9360 head_lr=140.7 muon_lr=0.021
step=181/200 epoch=7 loss=0.9459 head_lr=134 muon_lr=0.02
step=182/200 epoch=7 loss=0.9393 head_lr=127.3 muon_lr=0.019
step=183/200 epoch=7 loss=0.9356 head_lr=120.6 muon_lr=0.018
step=184/200 epoch=7 loss=0.9342 head_lr=113.9 muon_lr=0.017
step=185/200 epoch=7 loss=0.9299 head_lr=107.2 muon_lr=0.016
step=186/200 epoch=7 loss=0.9389 head_lr=100.5 muon_lr=0.015
step=187/200 epoch=7 loss=0.9382 head_lr=93.8 muon_lr=0.014
step=188/200 epoch=7 loss=0.9368 head_lr=87.1 muon_lr=0.013
step=189/200 epoch=7 loss=0.9385 head_lr=80.4 muon_lr=0.012
step=190/200 epoch=7 loss=0.9317 head_lr=73.7 muon_lr=0.011
step=191/200 epoch=7 loss=0.9347 head_lr=67 muon_lr=0.01
step=192/200 epoch=7 loss=0.9303 head_lr=60.3 muon_lr=0.009
step=193/200 epoch=7 loss=0.9324 head_lr=53.6 muon_lr=0.008
step=194/200 epoch=7 loss=0.9326 head_lr=46.9 muon_lr=0.007
step=195/200 epoch=7 loss=0.9362 head_lr=40.2 muon_lr=0.006
step=196/200 epoch=7 loss=0.9367 head_lr=33.5 muon_lr=0.005
step=197/200 epoch=7 loss=0.9354 head_lr=26.8 muon_lr=0.004
step=198/200 epoch=7 loss=0.9332 head_lr=20.1 muon_lr=0.003
step=199/200 epoch=7 loss=0.9287 head_lr=13.4 muon_lr=0.002
step=200/200 epoch=7 loss=0.9318 head_lr=6.7 muon_lr=0.001
eval epoch=7 val_acc=0.9284 time_seconds=9.8748
eval epoch=final 25batch_train_loss=0.8991 val_acc=0.9284 tta_val_acc=0.9390 time_seconds=10.4862
Run:                6
Seed:               0
Seed group:         same_seed
Batch size:         2000
Muon lr:            0.2
SGD lr mult:        1
25batch train loss: 0.8991
Val acc:            0.9284
TTA val:            0.9390
cifar_reproducibility run=7 seed=0 seed_group=same_seed batch_size=2000 muon_lr=0.2
step=1/200 epoch=0 loss=2.3101 head_lr=1340 muon_lr=0.2
step=2/200 epoch=0 loss=2.3055 head_lr=1333.3 muon_lr=0.199
step=3/200 epoch=0 loss=2.3240 head_lr=1326.6 muon_lr=0.198
step=4/200 epoch=0 loss=2.0687 head_lr=1319.9 muon_lr=0.197
step=5/200 epoch=0 loss=1.9826 head_lr=1313.2 muon_lr=0.196
step=6/200 epoch=0 loss=1.9506 head_lr=1306.5 muon_lr=0.195
step=7/200 epoch=0 loss=1.8785 head_lr=1299.8 muon_lr=0.194
step=8/200 epoch=0 loss=1.7998 head_lr=1293.1 muon_lr=0.193
step=9/200 epoch=0 loss=1.6981 head_lr=1286.4 muon_lr=0.192
step=10/200 epoch=0 loss=1.7192 head_lr=1279.7 muon_lr=0.191
step=11/200 epoch=0 loss=1.7180 head_lr=1273 muon_lr=0.19
step=12/200 epoch=0 loss=1.6559 head_lr=1266.3 muon_lr=0.189
step=13/200 epoch=0 loss=1.5936 head_lr=1259.6 muon_lr=0.188
step=14/200 epoch=0 loss=1.6067 head_lr=1252.9 muon_lr=0.187
step=15/200 epoch=0 loss=1.5695 head_lr=1246.2 muon_lr=0.186
step=16/200 epoch=0 loss=1.5669 head_lr=1239.5 muon_lr=0.185
step=17/200 epoch=0 loss=1.5443 head_lr=1232.8 muon_lr=0.184
step=18/200 epoch=0 loss=1.4943 head_lr=1226.1 muon_lr=0.183
step=19/200 epoch=0 loss=1.4635 head_lr=1219.4 muon_lr=0.182
step=20/200 epoch=0 loss=1.4685 head_lr=1212.7 muon_lr=0.181
step=21/200 epoch=0 loss=1.4654 head_lr=1206 muon_lr=0.18
step=22/200 epoch=0 loss=1.4470 head_lr=1199.3 muon_lr=0.179
step=23/200 epoch=0 loss=1.3877 head_lr=1192.6 muon_lr=0.178
step=24/200 epoch=0 loss=1.3552 head_lr=1185.9 muon_lr=0.177
step=25/200 epoch=0 loss=1.3835 head_lr=1179.2 muon_lr=0.176
eval run=7 epoch=0 val_acc=0.6048 time_seconds=1.2935
step=26/200 epoch=1 loss=1.3882 head_lr=1172.5 muon_lr=0.175
step=27/200 epoch=1 loss=1.3589 head_lr=1165.8 muon_lr=0.174
step=28/200 epoch=1 loss=1.3577 head_lr=1159.1 muon_lr=0.173
step=29/200 epoch=1 loss=1.3655 head_lr=1152.4 muon_lr=0.172
step=30/200 epoch=1 loss=1.3105 head_lr=1145.7 muon_lr=0.171
step=31/200 epoch=1 loss=1.3116 head_lr=1139 muon_lr=0.17
step=32/200 epoch=1 loss=1.3032 head_lr=1132.3 muon_lr=0.169
step=33/200 epoch=1 loss=1.3169 head_lr=1125.6 muon_lr=0.168
step=34/200 epoch=1 loss=1.2806 head_lr=1118.9 muon_lr=0.167
step=35/200 epoch=1 loss=1.2833 head_lr=1112.2 muon_lr=0.166
step=36/200 epoch=1 loss=1.2899 head_lr=1105.5 muon_lr=0.165
step=37/200 epoch=1 loss=1.2671 head_lr=1098.8 muon_lr=0.164
step=38/200 epoch=1 loss=1.2624 head_lr=1092.1 muon_lr=0.163
step=39/200 epoch=1 loss=1.2502 head_lr=1085.4 muon_lr=0.162
step=40/200 epoch=1 loss=1.2837 head_lr=1078.7 muon_lr=0.161
step=41/200 epoch=1 loss=1.2647 head_lr=1072 muon_lr=0.16
step=42/200 epoch=1 loss=1.2644 head_lr=1065.3 muon_lr=0.159
step=43/200 epoch=1 loss=1.2374 head_lr=1058.6 muon_lr=0.158
step=44/200 epoch=1 loss=1.2380 head_lr=1051.9 muon_lr=0.157
step=45/200 epoch=1 loss=1.2407 head_lr=1045.2 muon_lr=0.156
step=46/200 epoch=1 loss=1.2485 head_lr=1038.5 muon_lr=0.155
step=47/200 epoch=1 loss=1.2320 head_lr=1031.8 muon_lr=0.154
step=48/200 epoch=1 loss=1.2482 head_lr=1025.1 muon_lr=0.153
step=49/200 epoch=1 loss=1.2305 head_lr=1018.4 muon_lr=0.152
step=50/200 epoch=1 loss=1.2296 head_lr=1011.7 muon_lr=0.151
eval epoch=1 val_acc=0.7520 time_seconds=2.5835
step=51/200 epoch=2 loss=1.1942 head_lr=1005 muon_lr=0.15
step=52/200 epoch=2 loss=1.2222 head_lr=998.3 muon_lr=0.149
step=53/200 epoch=2 loss=1.2105 head_lr=991.6 muon_lr=0.148
step=54/200 epoch=2 loss=1.2068 head_lr=984.9 muon_lr=0.147
step=55/200 epoch=2 loss=1.2084 head_lr=978.2 muon_lr=0.146
step=56/200 epoch=2 loss=1.2175 head_lr=971.5 muon_lr=0.145
step=57/200 epoch=2 loss=1.1837 head_lr=964.8 muon_lr=0.144
step=58/200 epoch=2 loss=1.2078 head_lr=958.1 muon_lr=0.143
step=59/200 epoch=2 loss=1.1612 head_lr=951.4 muon_lr=0.142
step=60/200 epoch=2 loss=1.1795 head_lr=944.7 muon_lr=0.141
step=61/200 epoch=2 loss=1.1718 head_lr=938 muon_lr=0.14
step=62/200 epoch=2 loss=1.1877 head_lr=931.3 muon_lr=0.139
step=63/200 epoch=2 loss=1.1846 head_lr=924.6 muon_lr=0.138
step=64/200 epoch=2 loss=1.1706 head_lr=917.9 muon_lr=0.137
step=65/200 epoch=2 loss=1.1801 head_lr=911.2 muon_lr=0.136
step=66/200 epoch=2 loss=1.1904 head_lr=904.5 muon_lr=0.135
step=67/200 epoch=2 loss=1.1722 head_lr=897.8 muon_lr=0.134
step=68/200 epoch=2 loss=1.1757 head_lr=891.1 muon_lr=0.133
step=69/200 epoch=2 loss=1.1676 head_lr=884.4 muon_lr=0.132
step=70/200 epoch=2 loss=1.1572 head_lr=877.7 muon_lr=0.131
step=71/200 epoch=2 loss=1.1659 head_lr=871 muon_lr=0.13
step=72/200 epoch=2 loss=1.1603 head_lr=864.3 muon_lr=0.129
step=73/200 epoch=2 loss=1.1803 head_lr=857.6 muon_lr=0.128
step=74/200 epoch=2 loss=1.1567 head_lr=850.9 muon_lr=0.127
step=75/200 epoch=2 loss=1.1680 head_lr=844.2 muon_lr=0.126
eval epoch=2 val_acc=0.6663 time_seconds=3.8746
step=76/200 epoch=3 loss=1.1288 head_lr=837.5 muon_lr=0.125
step=77/200 epoch=3 loss=1.1285 head_lr=830.8 muon_lr=0.124
step=78/200 epoch=3 loss=1.1221 head_lr=824.1 muon_lr=0.123
step=79/200 epoch=3 loss=1.1434 head_lr=817.4 muon_lr=0.122
step=80/200 epoch=3 loss=1.1380 head_lr=810.7 muon_lr=0.121
step=81/200 epoch=3 loss=1.1369 head_lr=804 muon_lr=0.12
step=82/200 epoch=3 loss=1.1279 head_lr=797.3 muon_lr=0.119
step=83/200 epoch=3 loss=1.1250 head_lr=790.6 muon_lr=0.118
step=84/200 epoch=3 loss=1.1213 head_lr=783.9 muon_lr=0.117
step=85/200 epoch=3 loss=1.1344 head_lr=777.2 muon_lr=0.116
step=86/200 epoch=3 loss=1.1081 head_lr=770.5 muon_lr=0.115
step=87/200 epoch=3 loss=1.1192 head_lr=763.8 muon_lr=0.114
step=88/200 epoch=3 loss=1.1131 head_lr=757.1 muon_lr=0.113
step=89/200 epoch=3 loss=1.1029 head_lr=750.4 muon_lr=0.112
step=90/200 epoch=3 loss=1.1106 head_lr=743.7 muon_lr=0.111
step=91/200 epoch=3 loss=1.0920 head_lr=737 muon_lr=0.11
step=92/200 epoch=3 loss=1.1046 head_lr=730.3 muon_lr=0.109
step=93/200 epoch=3 loss=1.1074 head_lr=723.6 muon_lr=0.108
step=94/200 epoch=3 loss=1.1213 head_lr=716.9 muon_lr=0.107
step=95/200 epoch=3 loss=1.1196 head_lr=710.2 muon_lr=0.106
step=96/200 epoch=3 loss=1.1058 head_lr=703.5 muon_lr=0.105
step=97/200 epoch=3 loss=1.1091 head_lr=696.8 muon_lr=0.104
step=98/200 epoch=3 loss=1.0934 head_lr=690.1 muon_lr=0.103
step=99/200 epoch=3 loss=1.1135 head_lr=683.4 muon_lr=0.102
step=100/200 epoch=3 loss=1.1226 head_lr=676.7 muon_lr=0.101
eval epoch=3 val_acc=0.8097 time_seconds=5.0780
step=101/200 epoch=4 loss=1.0727 head_lr=670 muon_lr=0.1
step=102/200 epoch=4 loss=1.0829 head_lr=663.3 muon_lr=0.099
step=103/200 epoch=4 loss=1.0661 head_lr=656.6 muon_lr=0.098
step=104/200 epoch=4 loss=1.0957 head_lr=649.9 muon_lr=0.097
step=105/200 epoch=4 loss=1.0720 head_lr=643.2 muon_lr=0.096
step=106/200 epoch=4 loss=1.0969 head_lr=636.5 muon_lr=0.095
step=107/200 epoch=4 loss=1.0645 head_lr=629.8 muon_lr=0.094
step=108/200 epoch=4 loss=1.0776 head_lr=623.1 muon_lr=0.093
step=109/200 epoch=4 loss=1.0874 head_lr=616.4 muon_lr=0.092
step=110/200 epoch=4 loss=1.0776 head_lr=609.7 muon_lr=0.091
step=111/200 epoch=4 loss=1.0754 head_lr=603 muon_lr=0.09
step=112/200 epoch=4 loss=1.0657 head_lr=596.3 muon_lr=0.089
step=113/200 epoch=4 loss=1.0856 head_lr=589.6 muon_lr=0.088
step=114/200 epoch=4 loss=1.0667 head_lr=582.9 muon_lr=0.087
step=115/200 epoch=4 loss=1.0595 head_lr=576.2 muon_lr=0.086
step=116/200 epoch=4 loss=1.0720 head_lr=569.5 muon_lr=0.085
step=117/200 epoch=4 loss=1.0647 head_lr=562.8 muon_lr=0.084
step=118/200 epoch=4 loss=1.0511 head_lr=556.1 muon_lr=0.083
step=119/200 epoch=4 loss=1.0743 head_lr=549.4 muon_lr=0.082
step=120/200 epoch=4 loss=1.0477 head_lr=542.7 muon_lr=0.081
step=121/200 epoch=4 loss=1.0603 head_lr=536 muon_lr=0.08
step=122/200 epoch=4 loss=1.0715 head_lr=529.3 muon_lr=0.079
step=123/200 epoch=4 loss=1.0445 head_lr=522.6 muon_lr=0.078
step=124/200 epoch=4 loss=1.0838 head_lr=515.9 muon_lr=0.077
step=125/200 epoch=4 loss=1.0477 head_lr=509.2 muon_lr=0.076
eval epoch=4 val_acc=0.8603 time_seconds=6.2780
step=126/200 epoch=5 loss=1.0383 head_lr=502.5 muon_lr=0.075
step=127/200 epoch=5 loss=1.0217 head_lr=495.8 muon_lr=0.074
step=128/200 epoch=5 loss=1.0283 head_lr=489.1 muon_lr=0.073
step=129/200 epoch=5 loss=1.0354 head_lr=482.4 muon_lr=0.072
step=130/200 epoch=5 loss=1.0199 head_lr=475.7 muon_lr=0.071
step=131/200 epoch=5 loss=1.0309 head_lr=469 muon_lr=0.07
step=132/200 epoch=5 loss=1.0246 head_lr=462.3 muon_lr=0.069
step=133/200 epoch=5 loss=1.0270 head_lr=455.6 muon_lr=0.068
step=134/200 epoch=5 loss=1.0152 head_lr=448.9 muon_lr=0.067
step=135/200 epoch=5 loss=1.0211 head_lr=442.2 muon_lr=0.066
step=136/200 epoch=5 loss=1.0256 head_lr=435.5 muon_lr=0.065
step=137/200 epoch=5 loss=1.0247 head_lr=428.8 muon_lr=0.064
step=138/200 epoch=5 loss=1.0116 head_lr=422.1 muon_lr=0.063
step=139/200 epoch=5 loss=1.0089 head_lr=415.4 muon_lr=0.062
step=140/200 epoch=5 loss=1.0162 head_lr=408.7 muon_lr=0.061
step=141/200 epoch=5 loss=1.0149 head_lr=402 muon_lr=0.06
step=142/200 epoch=5 loss=1.0242 head_lr=395.3 muon_lr=0.059
step=143/200 epoch=5 loss=1.0134 head_lr=388.6 muon_lr=0.058
step=144/200 epoch=5 loss=1.0122 head_lr=381.9 muon_lr=0.057
step=145/200 epoch=5 loss=1.0277 head_lr=375.2 muon_lr=0.056
step=146/200 epoch=5 loss=1.0125 head_lr=368.5 muon_lr=0.055
step=147/200 epoch=5 loss=1.0100 head_lr=361.8 muon_lr=0.054
step=148/200 epoch=5 loss=1.0103 head_lr=355.1 muon_lr=0.053
step=149/200 epoch=5 loss=1.0086 head_lr=348.4 muon_lr=0.052
step=150/200 epoch=5 loss=1.0143 head_lr=341.7 muon_lr=0.051
eval epoch=5 val_acc=0.9067 time_seconds=7.4822
step=151/200 epoch=6 loss=0.9903 head_lr=335 muon_lr=0.05
step=152/200 epoch=6 loss=0.9788 head_lr=328.3 muon_lr=0.049
step=153/200 epoch=6 loss=0.9827 head_lr=321.6 muon_lr=0.048
step=154/200 epoch=6 loss=0.9755 head_lr=314.9 muon_lr=0.047
step=155/200 epoch=6 loss=0.9859 head_lr=308.2 muon_lr=0.046
step=156/200 epoch=6 loss=0.9817 head_lr=301.5 muon_lr=0.045
step=157/200 epoch=6 loss=0.9742 head_lr=294.8 muon_lr=0.044
step=158/200 epoch=6 loss=0.9822 head_lr=288.1 muon_lr=0.043
step=159/200 epoch=6 loss=0.9930 head_lr=281.4 muon_lr=0.042
step=160/200 epoch=6 loss=0.9727 head_lr=274.7 muon_lr=0.041
step=161/200 epoch=6 loss=0.9686 head_lr=268 muon_lr=0.04
step=162/200 epoch=6 loss=0.9730 head_lr=261.3 muon_lr=0.039
step=163/200 epoch=6 loss=0.9732 head_lr=254.6 muon_lr=0.038
step=164/200 epoch=6 loss=0.9647 head_lr=247.9 muon_lr=0.037
step=165/200 epoch=6 loss=0.9812 head_lr=241.2 muon_lr=0.036
step=166/200 epoch=6 loss=0.9669 head_lr=234.5 muon_lr=0.035
step=167/200 epoch=6 loss=0.9689 head_lr=227.8 muon_lr=0.034
step=168/200 epoch=6 loss=0.9734 head_lr=221.1 muon_lr=0.033
step=169/200 epoch=6 loss=0.9700 head_lr=214.4 muon_lr=0.032
step=170/200 epoch=6 loss=0.9670 head_lr=207.7 muon_lr=0.031
step=171/200 epoch=6 loss=0.9719 head_lr=201 muon_lr=0.03
step=172/200 epoch=6 loss=0.9772 head_lr=194.3 muon_lr=0.029
step=173/200 epoch=6 loss=0.9766 head_lr=187.6 muon_lr=0.028
step=174/200 epoch=6 loss=0.9743 head_lr=180.9 muon_lr=0.027
step=175/200 epoch=6 loss=0.9603 head_lr=174.2 muon_lr=0.026
eval epoch=6 val_acc=0.9196 time_seconds=8.6839
step=176/200 epoch=7 loss=0.9381 head_lr=167.5 muon_lr=0.025
step=177/200 epoch=7 loss=0.9409 head_lr=160.8 muon_lr=0.024
step=178/200 epoch=7 loss=0.9415 head_lr=154.1 muon_lr=0.023
step=179/200 epoch=7 loss=0.9375 head_lr=147.4 muon_lr=0.022
step=180/200 epoch=7 loss=0.9360 head_lr=140.7 muon_lr=0.021
step=181/200 epoch=7 loss=0.9459 head_lr=134 muon_lr=0.02
step=182/200 epoch=7 loss=0.9393 head_lr=127.3 muon_lr=0.019
step=183/200 epoch=7 loss=0.9356 head_lr=120.6 muon_lr=0.018
step=184/200 epoch=7 loss=0.9342 head_lr=113.9 muon_lr=0.017
step=185/200 epoch=7 loss=0.9299 head_lr=107.2 muon_lr=0.016
step=186/200 epoch=7 loss=0.9389 head_lr=100.5 muon_lr=0.015
step=187/200 epoch=7 loss=0.9382 head_lr=93.8 muon_lr=0.014
step=188/200 epoch=7 loss=0.9368 head_lr=87.1 muon_lr=0.013
step=189/200 epoch=7 loss=0.9385 head_lr=80.4 muon_lr=0.012
step=190/200 epoch=7 loss=0.9317 head_lr=73.7 muon_lr=0.011
step=191/200 epoch=7 loss=0.9347 head_lr=67 muon_lr=0.01
step=192/200 epoch=7 loss=0.9303 head_lr=60.3 muon_lr=0.009
step=193/200 epoch=7 loss=0.9324 head_lr=53.6 muon_lr=0.008
step=194/200 epoch=7 loss=0.9326 head_lr=46.9 muon_lr=0.007
step=195/200 epoch=7 loss=0.9362 head_lr=40.2 muon_lr=0.006
step=196/200 epoch=7 loss=0.9367 head_lr=33.5 muon_lr=0.005
step=197/200 epoch=7 loss=0.9354 head_lr=26.8 muon_lr=0.004
step=198/200 epoch=7 loss=0.9332 head_lr=20.1 muon_lr=0.003
step=199/200 epoch=7 loss=0.9287 head_lr=13.4 muon_lr=0.002
step=200/200 epoch=7 loss=0.9318 head_lr=6.7 muon_lr=0.001
eval epoch=7 val_acc=0.9284 time_seconds=9.8854
eval epoch=final 25batch_train_loss=0.8991 val_acc=0.9284 tta_val_acc=0.9390 time_seconds=10.4962
Run:                7
Seed:               0
Seed group:         same_seed
Batch size:         2000
Muon lr:            0.2
SGD lr mult:        1
25batch train loss: 0.8991
Val acc:            0.9284
TTA val:            0.9390
cifar_reproducibility run=8 seed=0 seed_group=same_seed batch_size=2000 muon_lr=0.2
step=1/200 epoch=0 loss=2.3101 head_lr=1340 muon_lr=0.2
step=2/200 epoch=0 loss=2.3055 head_lr=1333.3 muon_lr=0.199
step=3/200 epoch=0 loss=2.3240 head_lr=1326.6 muon_lr=0.198
step=4/200 epoch=0 loss=2.0687 head_lr=1319.9 muon_lr=0.197
step=5/200 epoch=0 loss=1.9826 head_lr=1313.2 muon_lr=0.196
step=6/200 epoch=0 loss=1.9506 head_lr=1306.5 muon_lr=0.195
step=7/200 epoch=0 loss=1.8785 head_lr=1299.8 muon_lr=0.194
step=8/200 epoch=0 loss=1.7998 head_lr=1293.1 muon_lr=0.193
step=9/200 epoch=0 loss=1.6981 head_lr=1286.4 muon_lr=0.192
step=10/200 epoch=0 loss=1.7192 head_lr=1279.7 muon_lr=0.191
step=11/200 epoch=0 loss=1.7180 head_lr=1273 muon_lr=0.19
step=12/200 epoch=0 loss=1.6559 head_lr=1266.3 muon_lr=0.189
step=13/200 epoch=0 loss=1.5936 head_lr=1259.6 muon_lr=0.188
step=14/200 epoch=0 loss=1.6067 head_lr=1252.9 muon_lr=0.187
step=15/200 epoch=0 loss=1.5695 head_lr=1246.2 muon_lr=0.186
step=16/200 epoch=0 loss=1.5669 head_lr=1239.5 muon_lr=0.185
step=17/200 epoch=0 loss=1.5443 head_lr=1232.8 muon_lr=0.184
step=18/200 epoch=0 loss=1.4943 head_lr=1226.1 muon_lr=0.183
step=19/200 epoch=0 loss=1.4635 head_lr=1219.4 muon_lr=0.182
step=20/200 epoch=0 loss=1.4685 head_lr=1212.7 muon_lr=0.181
step=21/200 epoch=0 loss=1.4654 head_lr=1206 muon_lr=0.18
step=22/200 epoch=0 loss=1.4470 head_lr=1199.3 muon_lr=0.179
step=23/200 epoch=0 loss=1.3877 head_lr=1192.6 muon_lr=0.178
step=24/200 epoch=0 loss=1.3552 head_lr=1185.9 muon_lr=0.177
step=25/200 epoch=0 loss=1.3835 head_lr=1179.2 muon_lr=0.176
eval run=8 epoch=0 val_acc=0.6048 time_seconds=1.2953
step=26/200 epoch=1 loss=1.3882 head_lr=1172.5 muon_lr=0.175
step=27/200 epoch=1 loss=1.3589 head_lr=1165.8 muon_lr=0.174
step=28/200 epoch=1 loss=1.3577 head_lr=1159.1 muon_lr=0.173
step=29/200 epoch=1 loss=1.3655 head_lr=1152.4 muon_lr=0.172
step=30/200 epoch=1 loss=1.3105 head_lr=1145.7 muon_lr=0.171
step=31/200 epoch=1 loss=1.3116 head_lr=1139 muon_lr=0.17
step=32/200 epoch=1 loss=1.3032 head_lr=1132.3 muon_lr=0.169
step=33/200 epoch=1 loss=1.3169 head_lr=1125.6 muon_lr=0.168
step=34/200 epoch=1 loss=1.2806 head_lr=1118.9 muon_lr=0.167
step=35/200 epoch=1 loss=1.2833 head_lr=1112.2 muon_lr=0.166
step=36/200 epoch=1 loss=1.2899 head_lr=1105.5 muon_lr=0.165
step=37/200 epoch=1 loss=1.2671 head_lr=1098.8 muon_lr=0.164
step=38/200 epoch=1 loss=1.2624 head_lr=1092.1 muon_lr=0.163
step=39/200 epoch=1 loss=1.2502 head_lr=1085.4 muon_lr=0.162
step=40/200 epoch=1 loss=1.2837 head_lr=1078.7 muon_lr=0.161
step=41/200 epoch=1 loss=1.2647 head_lr=1072 muon_lr=0.16
step=42/200 epoch=1 loss=1.2644 head_lr=1065.3 muon_lr=0.159
step=43/200 epoch=1 loss=1.2374 head_lr=1058.6 muon_lr=0.158
step=44/200 epoch=1 loss=1.2380 head_lr=1051.9 muon_lr=0.157
step=45/200 epoch=1 loss=1.2407 head_lr=1045.2 muon_lr=0.156
step=46/200 epoch=1 loss=1.2485 head_lr=1038.5 muon_lr=0.155
step=47/200 epoch=1 loss=1.2320 head_lr=1031.8 muon_lr=0.154
step=48/200 epoch=1 loss=1.2482 head_lr=1025.1 muon_lr=0.153
step=49/200 epoch=1 loss=1.2305 head_lr=1018.4 muon_lr=0.152
step=50/200 epoch=1 loss=1.2296 head_lr=1011.7 muon_lr=0.151
eval epoch=1 val_acc=0.7520 time_seconds=2.5870
step=51/200 epoch=2 loss=1.1942 head_lr=1005 muon_lr=0.15
step=52/200 epoch=2 loss=1.2222 head_lr=998.3 muon_lr=0.149
step=53/200 epoch=2 loss=1.2105 head_lr=991.6 muon_lr=0.148
step=54/200 epoch=2 loss=1.2068 head_lr=984.9 muon_lr=0.147
step=55/200 epoch=2 loss=1.2084 head_lr=978.2 muon_lr=0.146
step=56/200 epoch=2 loss=1.2175 head_lr=971.5 muon_lr=0.145
step=57/200 epoch=2 loss=1.1837 head_lr=964.8 muon_lr=0.144
step=58/200 epoch=2 loss=1.2078 head_lr=958.1 muon_lr=0.143
step=59/200 epoch=2 loss=1.1612 head_lr=951.4 muon_lr=0.142
step=60/200 epoch=2 loss=1.1795 head_lr=944.7 muon_lr=0.141
step=61/200 epoch=2 loss=1.1718 head_lr=938 muon_lr=0.14
step=62/200 epoch=2 loss=1.1877 head_lr=931.3 muon_lr=0.139
step=63/200 epoch=2 loss=1.1846 head_lr=924.6 muon_lr=0.138
step=64/200 epoch=2 loss=1.1706 head_lr=917.9 muon_lr=0.137
step=65/200 epoch=2 loss=1.1801 head_lr=911.2 muon_lr=0.136
step=66/200 epoch=2 loss=1.1904 head_lr=904.5 muon_lr=0.135
step=67/200 epoch=2 loss=1.1722 head_lr=897.8 muon_lr=0.134
step=68/200 epoch=2 loss=1.1757 head_lr=891.1 muon_lr=0.133
step=69/200 epoch=2 loss=1.1676 head_lr=884.4 muon_lr=0.132
step=70/200 epoch=2 loss=1.1572 head_lr=877.7 muon_lr=0.131
step=71/200 epoch=2 loss=1.1659 head_lr=871 muon_lr=0.13
step=72/200 epoch=2 loss=1.1603 head_lr=864.3 muon_lr=0.129
step=73/200 epoch=2 loss=1.1803 head_lr=857.6 muon_lr=0.128
step=74/200 epoch=2 loss=1.1567 head_lr=850.9 muon_lr=0.127
step=75/200 epoch=2 loss=1.1680 head_lr=844.2 muon_lr=0.126
eval epoch=2 val_acc=0.6663 time_seconds=3.8793
step=76/200 epoch=3 loss=1.1288 head_lr=837.5 muon_lr=0.125
step=77/200 epoch=3 loss=1.1285 head_lr=830.8 muon_lr=0.124
step=78/200 epoch=3 loss=1.1221 head_lr=824.1 muon_lr=0.123
step=79/200 epoch=3 loss=1.1434 head_lr=817.4 muon_lr=0.122
step=80/200 epoch=3 loss=1.1380 head_lr=810.7 muon_lr=0.121
step=81/200 epoch=3 loss=1.1369 head_lr=804 muon_lr=0.12
step=82/200 epoch=3 loss=1.1279 head_lr=797.3 muon_lr=0.119
step=83/200 epoch=3 loss=1.1250 head_lr=790.6 muon_lr=0.118
step=84/200 epoch=3 loss=1.1213 head_lr=783.9 muon_lr=0.117
step=85/200 epoch=3 loss=1.1344 head_lr=777.2 muon_lr=0.116
step=86/200 epoch=3 loss=1.1081 head_lr=770.5 muon_lr=0.115
step=87/200 epoch=3 loss=1.1192 head_lr=763.8 muon_lr=0.114
step=88/200 epoch=3 loss=1.1131 head_lr=757.1 muon_lr=0.113
step=89/200 epoch=3 loss=1.1029 head_lr=750.4 muon_lr=0.112
step=90/200 epoch=3 loss=1.1106 head_lr=743.7 muon_lr=0.111
step=91/200 epoch=3 loss=1.0920 head_lr=737 muon_lr=0.11
step=92/200 epoch=3 loss=1.1046 head_lr=730.3 muon_lr=0.109
step=93/200 epoch=3 loss=1.1074 head_lr=723.6 muon_lr=0.108
step=94/200 epoch=3 loss=1.1213 head_lr=716.9 muon_lr=0.107
step=95/200 epoch=3 loss=1.1196 head_lr=710.2 muon_lr=0.106
step=96/200 epoch=3 loss=1.1058 head_lr=703.5 muon_lr=0.105
step=97/200 epoch=3 loss=1.1091 head_lr=696.8 muon_lr=0.104
step=98/200 epoch=3 loss=1.0934 head_lr=690.1 muon_lr=0.103
step=99/200 epoch=3 loss=1.1135 head_lr=683.4 muon_lr=0.102
step=100/200 epoch=3 loss=1.1226 head_lr=676.7 muon_lr=0.101
eval epoch=3 val_acc=0.8097 time_seconds=5.0827
step=101/200 epoch=4 loss=1.0727 head_lr=670 muon_lr=0.1
step=102/200 epoch=4 loss=1.0829 head_lr=663.3 muon_lr=0.099
step=103/200 epoch=4 loss=1.0661 head_lr=656.6 muon_lr=0.098
step=104/200 epoch=4 loss=1.0957 head_lr=649.9 muon_lr=0.097
step=105/200 epoch=4 loss=1.0720 head_lr=643.2 muon_lr=0.096
step=106/200 epoch=4 loss=1.0969 head_lr=636.5 muon_lr=0.095
step=107/200 epoch=4 loss=1.0645 head_lr=629.8 muon_lr=0.094
step=108/200 epoch=4 loss=1.0776 head_lr=623.1 muon_lr=0.093
step=109/200 epoch=4 loss=1.0874 head_lr=616.4 muon_lr=0.092
step=110/200 epoch=4 loss=1.0776 head_lr=609.7 muon_lr=0.091
step=111/200 epoch=4 loss=1.0754 head_lr=603 muon_lr=0.09
step=112/200 epoch=4 loss=1.0657 head_lr=596.3 muon_lr=0.089
step=113/200 epoch=4 loss=1.0856 head_lr=589.6 muon_lr=0.088
step=114/200 epoch=4 loss=1.0667 head_lr=582.9 muon_lr=0.087
step=115/200 epoch=4 loss=1.0595 head_lr=576.2 muon_lr=0.086
step=116/200 epoch=4 loss=1.0720 head_lr=569.5 muon_lr=0.085
step=117/200 epoch=4 loss=1.0647 head_lr=562.8 muon_lr=0.084
step=118/200 epoch=4 loss=1.0511 head_lr=556.1 muon_lr=0.083
step=119/200 epoch=4 loss=1.0743 head_lr=549.4 muon_lr=0.082
step=120/200 epoch=4 loss=1.0477 head_lr=542.7 muon_lr=0.081
step=121/200 epoch=4 loss=1.0603 head_lr=536 muon_lr=0.08
step=122/200 epoch=4 loss=1.0715 head_lr=529.3 muon_lr=0.079
step=123/200 epoch=4 loss=1.0445 head_lr=522.6 muon_lr=0.078
step=124/200 epoch=4 loss=1.0838 head_lr=515.9 muon_lr=0.077
step=125/200 epoch=4 loss=1.0477 head_lr=509.2 muon_lr=0.076
eval epoch=4 val_acc=0.8603 time_seconds=6.2855
step=126/200 epoch=5 loss=1.0383 head_lr=502.5 muon_lr=0.075
step=127/200 epoch=5 loss=1.0217 head_lr=495.8 muon_lr=0.074
step=128/200 epoch=5 loss=1.0283 head_lr=489.1 muon_lr=0.073
step=129/200 epoch=5 loss=1.0354 head_lr=482.4 muon_lr=0.072
step=130/200 epoch=5 loss=1.0199 head_lr=475.7 muon_lr=0.071
step=131/200 epoch=5 loss=1.0309 head_lr=469 muon_lr=0.07
step=132/200 epoch=5 loss=1.0246 head_lr=462.3 muon_lr=0.069
step=133/200 epoch=5 loss=1.0270 head_lr=455.6 muon_lr=0.068
step=134/200 epoch=5 loss=1.0152 head_lr=448.9 muon_lr=0.067
step=135/200 epoch=5 loss=1.0211 head_lr=442.2 muon_lr=0.066
step=136/200 epoch=5 loss=1.0256 head_lr=435.5 muon_lr=0.065
step=137/200 epoch=5 loss=1.0247 head_lr=428.8 muon_lr=0.064
step=138/200 epoch=5 loss=1.0116 head_lr=422.1 muon_lr=0.063
step=139/200 epoch=5 loss=1.0089 head_lr=415.4 muon_lr=0.062
step=140/200 epoch=5 loss=1.0162 head_lr=408.7 muon_lr=0.061
step=141/200 epoch=5 loss=1.0149 head_lr=402 muon_lr=0.06
step=142/200 epoch=5 loss=1.0242 head_lr=395.3 muon_lr=0.059
step=143/200 epoch=5 loss=1.0134 head_lr=388.6 muon_lr=0.058
step=144/200 epoch=5 loss=1.0122 head_lr=381.9 muon_lr=0.057
step=145/200 epoch=5 loss=1.0277 head_lr=375.2 muon_lr=0.056
step=146/200 epoch=5 loss=1.0125 head_lr=368.5 muon_lr=0.055
step=147/200 epoch=5 loss=1.0100 head_lr=361.8 muon_lr=0.054
step=148/200 epoch=5 loss=1.0103 head_lr=355.1 muon_lr=0.053
step=149/200 epoch=5 loss=1.0086 head_lr=348.4 muon_lr=0.052
step=150/200 epoch=5 loss=1.0143 head_lr=341.7 muon_lr=0.051
eval epoch=5 val_acc=0.9067 time_seconds=7.4892
step=151/200 epoch=6 loss=0.9903 head_lr=335 muon_lr=0.05
step=152/200 epoch=6 loss=0.9788 head_lr=328.3 muon_lr=0.049
step=153/200 epoch=6 loss=0.9827 head_lr=321.6 muon_lr=0.048
step=154/200 epoch=6 loss=0.9755 head_lr=314.9 muon_lr=0.047
step=155/200 epoch=6 loss=0.9859 head_lr=308.2 muon_lr=0.046
step=156/200 epoch=6 loss=0.9817 head_lr=301.5 muon_lr=0.045
step=157/200 epoch=6 loss=0.9742 head_lr=294.8 muon_lr=0.044
step=158/200 epoch=6 loss=0.9822 head_lr=288.1 muon_lr=0.043
step=159/200 epoch=6 loss=0.9930 head_lr=281.4 muon_lr=0.042
step=160/200 epoch=6 loss=0.9727 head_lr=274.7 muon_lr=0.041
step=161/200 epoch=6 loss=0.9686 head_lr=268 muon_lr=0.04
step=162/200 epoch=6 loss=0.9730 head_lr=261.3 muon_lr=0.039
step=163/200 epoch=6 loss=0.9732 head_lr=254.6 muon_lr=0.038
step=164/200 epoch=6 loss=0.9647 head_lr=247.9 muon_lr=0.037
step=165/200 epoch=6 loss=0.9812 head_lr=241.2 muon_lr=0.036
step=166/200 epoch=6 loss=0.9669 head_lr=234.5 muon_lr=0.035
step=167/200 epoch=6 loss=0.9689 head_lr=227.8 muon_lr=0.034
step=168/200 epoch=6 loss=0.9734 head_lr=221.1 muon_lr=0.033
step=169/200 epoch=6 loss=0.9700 head_lr=214.4 muon_lr=0.032
step=170/200 epoch=6 loss=0.9670 head_lr=207.7 muon_lr=0.031
step=171/200 epoch=6 loss=0.9719 head_lr=201 muon_lr=0.03
step=172/200 epoch=6 loss=0.9772 head_lr=194.3 muon_lr=0.029
step=173/200 epoch=6 loss=0.9766 head_lr=187.6 muon_lr=0.028
step=174/200 epoch=6 loss=0.9743 head_lr=180.9 muon_lr=0.027
step=175/200 epoch=6 loss=0.9603 head_lr=174.2 muon_lr=0.026
eval epoch=6 val_acc=0.9196 time_seconds=8.6931
step=176/200 epoch=7 loss=0.9381 head_lr=167.5 muon_lr=0.025
step=177/200 epoch=7 loss=0.9409 head_lr=160.8 muon_lr=0.024
step=178/200 epoch=7 loss=0.9415 head_lr=154.1 muon_lr=0.023
step=179/200 epoch=7 loss=0.9375 head_lr=147.4 muon_lr=0.022
step=180/200 epoch=7 loss=0.9360 head_lr=140.7 muon_lr=0.021
step=181/200 epoch=7 loss=0.9459 head_lr=134 muon_lr=0.02
step=182/200 epoch=7 loss=0.9393 head_lr=127.3 muon_lr=0.019
step=183/200 epoch=7 loss=0.9356 head_lr=120.6 muon_lr=0.018
step=184/200 epoch=7 loss=0.9342 head_lr=113.9 muon_lr=0.017
step=185/200 epoch=7 loss=0.9299 head_lr=107.2 muon_lr=0.016
step=186/200 epoch=7 loss=0.9389 head_lr=100.5 muon_lr=0.015
step=187/200 epoch=7 loss=0.9382 head_lr=93.8 muon_lr=0.014
step=188/200 epoch=7 loss=0.9368 head_lr=87.1 muon_lr=0.013
step=189/200 epoch=7 loss=0.9385 head_lr=80.4 muon_lr=0.012
step=190/200 epoch=7 loss=0.9317 head_lr=73.7 muon_lr=0.011
step=191/200 epoch=7 loss=0.9347 head_lr=67 muon_lr=0.01
step=192/200 epoch=7 loss=0.9303 head_lr=60.3 muon_lr=0.009
step=193/200 epoch=7 loss=0.9324 head_lr=53.6 muon_lr=0.008
step=194/200 epoch=7 loss=0.9326 head_lr=46.9 muon_lr=0.007
step=195/200 epoch=7 loss=0.9362 head_lr=40.2 muon_lr=0.006
step=196/200 epoch=7 loss=0.9367 head_lr=33.5 muon_lr=0.005
step=197/200 epoch=7 loss=0.9354 head_lr=26.8 muon_lr=0.004
step=198/200 epoch=7 loss=0.9332 head_lr=20.1 muon_lr=0.003
step=199/200 epoch=7 loss=0.9287 head_lr=13.4 muon_lr=0.002
step=200/200 epoch=7 loss=0.9318 head_lr=6.7 muon_lr=0.001
eval epoch=7 val_acc=0.9284 time_seconds=9.8975
eval epoch=final 25batch_train_loss=0.8991 val_acc=0.9284 tta_val_acc=0.9390 time_seconds=10.5087
Run:                8
Seed:               0
Seed group:         same_seed
Batch size:         2000
Muon lr:            0.2
SGD lr mult:        1
25batch train loss: 0.8991
Val acc:            0.9284
TTA val:            0.9390
cifar_reproducibility run=9 seed=0 seed_group=same_seed batch_size=2000 muon_lr=0.2
step=1/200 epoch=0 loss=2.3101 head_lr=1340 muon_lr=0.2
step=2/200 epoch=0 loss=2.3055 head_lr=1333.3 muon_lr=0.199
step=3/200 epoch=0 loss=2.3240 head_lr=1326.6 muon_lr=0.198
step=4/200 epoch=0 loss=2.0687 head_lr=1319.9 muon_lr=0.197
step=5/200 epoch=0 loss=1.9826 head_lr=1313.2 muon_lr=0.196
step=6/200 epoch=0 loss=1.9506 head_lr=1306.5 muon_lr=0.195
step=7/200 epoch=0 loss=1.8785 head_lr=1299.8 muon_lr=0.194
step=8/200 epoch=0 loss=1.7998 head_lr=1293.1 muon_lr=0.193
step=9/200 epoch=0 loss=1.6981 head_lr=1286.4 muon_lr=0.192
step=10/200 epoch=0 loss=1.7192 head_lr=1279.7 muon_lr=0.191
step=11/200 epoch=0 loss=1.7180 head_lr=1273 muon_lr=0.19
step=12/200 epoch=0 loss=1.6559 head_lr=1266.3 muon_lr=0.189
step=13/200 epoch=0 loss=1.5936 head_lr=1259.6 muon_lr=0.188
step=14/200 epoch=0 loss=1.6067 head_lr=1252.9 muon_lr=0.187
step=15/200 epoch=0 loss=1.5695 head_lr=1246.2 muon_lr=0.186
step=16/200 epoch=0 loss=1.5669 head_lr=1239.5 muon_lr=0.185
step=17/200 epoch=0 loss=1.5443 head_lr=1232.8 muon_lr=0.184
step=18/200 epoch=0 loss=1.4943 head_lr=1226.1 muon_lr=0.183
step=19/200 epoch=0 loss=1.4635 head_lr=1219.4 muon_lr=0.182
step=20/200 epoch=0 loss=1.4685 head_lr=1212.7 muon_lr=0.181
step=21/200 epoch=0 loss=1.4654 head_lr=1206 muon_lr=0.18
step=22/200 epoch=0 loss=1.4470 head_lr=1199.3 muon_lr=0.179
step=23/200 epoch=0 loss=1.3877 head_lr=1192.6 muon_lr=0.178
step=24/200 epoch=0 loss=1.3552 head_lr=1185.9 muon_lr=0.177
step=25/200 epoch=0 loss=1.3835 head_lr=1179.2 muon_lr=0.176
eval run=9 epoch=0 val_acc=0.6048 time_seconds=1.2938
step=26/200 epoch=1 loss=1.3882 head_lr=1172.5 muon_lr=0.175
step=27/200 epoch=1 loss=1.3589 head_lr=1165.8 muon_lr=0.174
step=28/200 epoch=1 loss=1.3577 head_lr=1159.1 muon_lr=0.173
step=29/200 epoch=1 loss=1.3655 head_lr=1152.4 muon_lr=0.172
step=30/200 epoch=1 loss=1.3105 head_lr=1145.7 muon_lr=0.171
step=31/200 epoch=1 loss=1.3116 head_lr=1139 muon_lr=0.17
step=32/200 epoch=1 loss=1.3032 head_lr=1132.3 muon_lr=0.169
step=33/200 epoch=1 loss=1.3169 head_lr=1125.6 muon_lr=0.168
step=34/200 epoch=1 loss=1.2806 head_lr=1118.9 muon_lr=0.167
step=35/200 epoch=1 loss=1.2833 head_lr=1112.2 muon_lr=0.166
step=36/200 epoch=1 loss=1.2899 head_lr=1105.5 muon_lr=0.165
step=37/200 epoch=1 loss=1.2671 head_lr=1098.8 muon_lr=0.164
step=38/200 epoch=1 loss=1.2624 head_lr=1092.1 muon_lr=0.163
step=39/200 epoch=1 loss=1.2502 head_lr=1085.4 muon_lr=0.162
step=40/200 epoch=1 loss=1.2837 head_lr=1078.7 muon_lr=0.161
step=41/200 epoch=1 loss=1.2647 head_lr=1072 muon_lr=0.16
step=42/200 epoch=1 loss=1.2644 head_lr=1065.3 muon_lr=0.159
step=43/200 epoch=1 loss=1.2374 head_lr=1058.6 muon_lr=0.158
step=44/200 epoch=1 loss=1.2380 head_lr=1051.9 muon_lr=0.157
step=45/200 epoch=1 loss=1.2407 head_lr=1045.2 muon_lr=0.156
step=46/200 epoch=1 loss=1.2485 head_lr=1038.5 muon_lr=0.155
step=47/200 epoch=1 loss=1.2320 head_lr=1031.8 muon_lr=0.154
step=48/200 epoch=1 loss=1.2482 head_lr=1025.1 muon_lr=0.153
step=49/200 epoch=1 loss=1.2305 head_lr=1018.4 muon_lr=0.152
step=50/200 epoch=1 loss=1.2296 head_lr=1011.7 muon_lr=0.151
eval epoch=1 val_acc=0.7520 time_seconds=2.5860
step=51/200 epoch=2 loss=1.1942 head_lr=1005 muon_lr=0.15
step=52/200 epoch=2 loss=1.2222 head_lr=998.3 muon_lr=0.149
step=53/200 epoch=2 loss=1.2105 head_lr=991.6 muon_lr=0.148
step=54/200 epoch=2 loss=1.2068 head_lr=984.9 muon_lr=0.147
step=55/200 epoch=2 loss=1.2084 head_lr=978.2 muon_lr=0.146
step=56/200 epoch=2 loss=1.2175 head_lr=971.5 muon_lr=0.145
step=57/200 epoch=2 loss=1.1837 head_lr=964.8 muon_lr=0.144
step=58/200 epoch=2 loss=1.2078 head_lr=958.1 muon_lr=0.143
step=59/200 epoch=2 loss=1.1612 head_lr=951.4 muon_lr=0.142
step=60/200 epoch=2 loss=1.1795 head_lr=944.7 muon_lr=0.141
step=61/200 epoch=2 loss=1.1718 head_lr=938 muon_lr=0.14
step=62/200 epoch=2 loss=1.1877 head_lr=931.3 muon_lr=0.139
step=63/200 epoch=2 loss=1.1846 head_lr=924.6 muon_lr=0.138
step=64/200 epoch=2 loss=1.1706 head_lr=917.9 muon_lr=0.137
step=65/200 epoch=2 loss=1.1801 head_lr=911.2 muon_lr=0.136
step=66/200 epoch=2 loss=1.1904 head_lr=904.5 muon_lr=0.135
step=67/200 epoch=2 loss=1.1722 head_lr=897.8 muon_lr=0.134
step=68/200 epoch=2 loss=1.1757 head_lr=891.1 muon_lr=0.133
step=69/200 epoch=2 loss=1.1676 head_lr=884.4 muon_lr=0.132
step=70/200 epoch=2 loss=1.1572 head_lr=877.7 muon_lr=0.131
step=71/200 epoch=2 loss=1.1659 head_lr=871 muon_lr=0.13
step=72/200 epoch=2 loss=1.1603 head_lr=864.3 muon_lr=0.129
step=73/200 epoch=2 loss=1.1803 head_lr=857.6 muon_lr=0.128
step=74/200 epoch=2 loss=1.1567 head_lr=850.9 muon_lr=0.127
step=75/200 epoch=2 loss=1.1680 head_lr=844.2 muon_lr=0.126
eval epoch=2 val_acc=0.6663 time_seconds=3.8802
step=76/200 epoch=3 loss=1.1288 head_lr=837.5 muon_lr=0.125
step=77/200 epoch=3 loss=1.1285 head_lr=830.8 muon_lr=0.124
step=78/200 epoch=3 loss=1.1221 head_lr=824.1 muon_lr=0.123
step=79/200 epoch=3 loss=1.1434 head_lr=817.4 muon_lr=0.122
step=80/200 epoch=3 loss=1.1380 head_lr=810.7 muon_lr=0.121
step=81/200 epoch=3 loss=1.1369 head_lr=804 muon_lr=0.12
step=82/200 epoch=3 loss=1.1279 head_lr=797.3 muon_lr=0.119
step=83/200 epoch=3 loss=1.1250 head_lr=790.6 muon_lr=0.118
step=84/200 epoch=3 loss=1.1213 head_lr=783.9 muon_lr=0.117
step=85/200 epoch=3 loss=1.1344 head_lr=777.2 muon_lr=0.116
step=86/200 epoch=3 loss=1.1081 head_lr=770.5 muon_lr=0.115
step=87/200 epoch=3 loss=1.1192 head_lr=763.8 muon_lr=0.114
step=88/200 epoch=3 loss=1.1131 head_lr=757.1 muon_lr=0.113
step=89/200 epoch=3 loss=1.1029 head_lr=750.4 muon_lr=0.112
step=90/200 epoch=3 loss=1.1106 head_lr=743.7 muon_lr=0.111
step=91/200 epoch=3 loss=1.0920 head_lr=737 muon_lr=0.11
step=92/200 epoch=3 loss=1.1046 head_lr=730.3 muon_lr=0.109
step=93/200 epoch=3 loss=1.1074 head_lr=723.6 muon_lr=0.108
step=94/200 epoch=3 loss=1.1213 head_lr=716.9 muon_lr=0.107
step=95/200 epoch=3 loss=1.1196 head_lr=710.2 muon_lr=0.106
step=96/200 epoch=3 loss=1.1058 head_lr=703.5 muon_lr=0.105
step=97/200 epoch=3 loss=1.1091 head_lr=696.8 muon_lr=0.104
step=98/200 epoch=3 loss=1.0934 head_lr=690.1 muon_lr=0.103
step=99/200 epoch=3 loss=1.1135 head_lr=683.4 muon_lr=0.102
step=100/200 epoch=3 loss=1.1226 head_lr=676.7 muon_lr=0.101
eval epoch=3 val_acc=0.8097 time_seconds=5.0848
step=101/200 epoch=4 loss=1.0727 head_lr=670 muon_lr=0.1
step=102/200 epoch=4 loss=1.0829 head_lr=663.3 muon_lr=0.099
step=103/200 epoch=4 loss=1.0661 head_lr=656.6 muon_lr=0.098
step=104/200 epoch=4 loss=1.0957 head_lr=649.9 muon_lr=0.097
step=105/200 epoch=4 loss=1.0720 head_lr=643.2 muon_lr=0.096
step=106/200 epoch=4 loss=1.0969 head_lr=636.5 muon_lr=0.095
step=107/200 epoch=4 loss=1.0645 head_lr=629.8 muon_lr=0.094
step=108/200 epoch=4 loss=1.0776 head_lr=623.1 muon_lr=0.093
step=109/200 epoch=4 loss=1.0874 head_lr=616.4 muon_lr=0.092
step=110/200 epoch=4 loss=1.0776 head_lr=609.7 muon_lr=0.091
step=111/200 epoch=4 loss=1.0754 head_lr=603 muon_lr=0.09
step=112/200 epoch=4 loss=1.0657 head_lr=596.3 muon_lr=0.089
step=113/200 epoch=4 loss=1.0856 head_lr=589.6 muon_lr=0.088
step=114/200 epoch=4 loss=1.0667 head_lr=582.9 muon_lr=0.087
step=115/200 epoch=4 loss=1.0595 head_lr=576.2 muon_lr=0.086
step=116/200 epoch=4 loss=1.0720 head_lr=569.5 muon_lr=0.085
step=117/200 epoch=4 loss=1.0647 head_lr=562.8 muon_lr=0.084
step=118/200 epoch=4 loss=1.0511 head_lr=556.1 muon_lr=0.083
step=119/200 epoch=4 loss=1.0743 head_lr=549.4 muon_lr=0.082
step=120/200 epoch=4 loss=1.0477 head_lr=542.7 muon_lr=0.081
step=121/200 epoch=4 loss=1.0603 head_lr=536 muon_lr=0.08
step=122/200 epoch=4 loss=1.0715 head_lr=529.3 muon_lr=0.079
step=123/200 epoch=4 loss=1.0445 head_lr=522.6 muon_lr=0.078
step=124/200 epoch=4 loss=1.0838 head_lr=515.9 muon_lr=0.077
step=125/200 epoch=4 loss=1.0477 head_lr=509.2 muon_lr=0.076
eval epoch=4 val_acc=0.8603 time_seconds=6.2886
step=126/200 epoch=5 loss=1.0383 head_lr=502.5 muon_lr=0.075
step=127/200 epoch=5 loss=1.0217 head_lr=495.8 muon_lr=0.074
step=128/200 epoch=5 loss=1.0283 head_lr=489.1 muon_lr=0.073
step=129/200 epoch=5 loss=1.0354 head_lr=482.4 muon_lr=0.072
step=130/200 epoch=5 loss=1.0199 head_lr=475.7 muon_lr=0.071
step=131/200 epoch=5 loss=1.0309 head_lr=469 muon_lr=0.07
step=132/200 epoch=5 loss=1.0246 head_lr=462.3 muon_lr=0.069
step=133/200 epoch=5 loss=1.0270 head_lr=455.6 muon_lr=0.068
step=134/200 epoch=5 loss=1.0152 head_lr=448.9 muon_lr=0.067
step=135/200 epoch=5 loss=1.0211 head_lr=442.2 muon_lr=0.066
step=136/200 epoch=5 loss=1.0256 head_lr=435.5 muon_lr=0.065
step=137/200 epoch=5 loss=1.0247 head_lr=428.8 muon_lr=0.064
step=138/200 epoch=5 loss=1.0116 head_lr=422.1 muon_lr=0.063
step=139/200 epoch=5 loss=1.0089 head_lr=415.4 muon_lr=0.062
step=140/200 epoch=5 loss=1.0162 head_lr=408.7 muon_lr=0.061
step=141/200 epoch=5 loss=1.0149 head_lr=402 muon_lr=0.06
step=142/200 epoch=5 loss=1.0242 head_lr=395.3 muon_lr=0.059
step=143/200 epoch=5 loss=1.0134 head_lr=388.6 muon_lr=0.058
step=144/200 epoch=5 loss=1.0122 head_lr=381.9 muon_lr=0.057
step=145/200 epoch=5 loss=1.0277 head_lr=375.2 muon_lr=0.056
step=146/200 epoch=5 loss=1.0125 head_lr=368.5 muon_lr=0.055
step=147/200 epoch=5 loss=1.0100 head_lr=361.8 muon_lr=0.054
step=148/200 epoch=5 loss=1.0103 head_lr=355.1 muon_lr=0.053
step=149/200 epoch=5 loss=1.0086 head_lr=348.4 muon_lr=0.052
step=150/200 epoch=5 loss=1.0143 head_lr=341.7 muon_lr=0.051
eval epoch=5 val_acc=0.9067 time_seconds=7.4922
step=151/200 epoch=6 loss=0.9903 head_lr=335 muon_lr=0.05
step=152/200 epoch=6 loss=0.9788 head_lr=328.3 muon_lr=0.049
step=153/200 epoch=6 loss=0.9827 head_lr=321.6 muon_lr=0.048
step=154/200 epoch=6 loss=0.9755 head_lr=314.9 muon_lr=0.047
step=155/200 epoch=6 loss=0.9859 head_lr=308.2 muon_lr=0.046
step=156/200 epoch=6 loss=0.9817 head_lr=301.5 muon_lr=0.045
step=157/200 epoch=6 loss=0.9742 head_lr=294.8 muon_lr=0.044
step=158/200 epoch=6 loss=0.9822 head_lr=288.1 muon_lr=0.043
step=159/200 epoch=6 loss=0.9930 head_lr=281.4 muon_lr=0.042
step=160/200 epoch=6 loss=0.9727 head_lr=274.7 muon_lr=0.041
step=161/200 epoch=6 loss=0.9686 head_lr=268 muon_lr=0.04
step=162/200 epoch=6 loss=0.9730 head_lr=261.3 muon_lr=0.039
step=163/200 epoch=6 loss=0.9732 head_lr=254.6 muon_lr=0.038
step=164/200 epoch=6 loss=0.9647 head_lr=247.9 muon_lr=0.037
step=165/200 epoch=6 loss=0.9812 head_lr=241.2 muon_lr=0.036
step=166/200 epoch=6 loss=0.9669 head_lr=234.5 muon_lr=0.035
step=167/200 epoch=6 loss=0.9689 head_lr=227.8 muon_lr=0.034
step=168/200 epoch=6 loss=0.9734 head_lr=221.1 muon_lr=0.033
step=169/200 epoch=6 loss=0.9700 head_lr=214.4 muon_lr=0.032
step=170/200 epoch=6 loss=0.9670 head_lr=207.7 muon_lr=0.031
step=171/200 epoch=6 loss=0.9719 head_lr=201 muon_lr=0.03
step=172/200 epoch=6 loss=0.9772 head_lr=194.3 muon_lr=0.029
step=173/200 epoch=6 loss=0.9766 head_lr=187.6 muon_lr=0.028
step=174/200 epoch=6 loss=0.9743 head_lr=180.9 muon_lr=0.027
step=175/200 epoch=6 loss=0.9603 head_lr=174.2 muon_lr=0.026
eval epoch=6 val_acc=0.9196 time_seconds=8.6950
step=176/200 epoch=7 loss=0.9381 head_lr=167.5 muon_lr=0.025
step=177/200 epoch=7 loss=0.9409 head_lr=160.8 muon_lr=0.024
step=178/200 epoch=7 loss=0.9415 head_lr=154.1 muon_lr=0.023
step=179/200 epoch=7 loss=0.9375 head_lr=147.4 muon_lr=0.022
step=180/200 epoch=7 loss=0.9360 head_lr=140.7 muon_lr=0.021
step=181/200 epoch=7 loss=0.9459 head_lr=134 muon_lr=0.02
step=182/200 epoch=7 loss=0.9393 head_lr=127.3 muon_lr=0.019
step=183/200 epoch=7 loss=0.9356 head_lr=120.6 muon_lr=0.018
step=184/200 epoch=7 loss=0.9342 head_lr=113.9 muon_lr=0.017
step=185/200 epoch=7 loss=0.9299 head_lr=107.2 muon_lr=0.016
step=186/200 epoch=7 loss=0.9389 head_lr=100.5 muon_lr=0.015
step=187/200 epoch=7 loss=0.9382 head_lr=93.8 muon_lr=0.014
step=188/200 epoch=7 loss=0.9368 head_lr=87.1 muon_lr=0.013
step=189/200 epoch=7 loss=0.9385 head_lr=80.4 muon_lr=0.012
step=190/200 epoch=7 loss=0.9317 head_lr=73.7 muon_lr=0.011
step=191/200 epoch=7 loss=0.9347 head_lr=67 muon_lr=0.01
step=192/200 epoch=7 loss=0.9303 head_lr=60.3 muon_lr=0.009
step=193/200 epoch=7 loss=0.9324 head_lr=53.6 muon_lr=0.008
step=194/200 epoch=7 loss=0.9326 head_lr=46.9 muon_lr=0.007
step=195/200 epoch=7 loss=0.9362 head_lr=40.2 muon_lr=0.006
step=196/200 epoch=7 loss=0.9367 head_lr=33.5 muon_lr=0.005
step=197/200 epoch=7 loss=0.9354 head_lr=26.8 muon_lr=0.004
step=198/200 epoch=7 loss=0.9332 head_lr=20.1 muon_lr=0.003
step=199/200 epoch=7 loss=0.9287 head_lr=13.4 muon_lr=0.002
step=200/200 epoch=7 loss=0.9318 head_lr=6.7 muon_lr=0.001
eval epoch=7 val_acc=0.9284 time_seconds=9.8986
eval epoch=final 25batch_train_loss=0.8991 val_acc=0.9284 tta_val_acc=0.9390 time_seconds=10.5111
Run:                9
Seed:               0
Seed group:         same_seed
Batch size:         2000
Muon lr:            0.2
SGD lr mult:        1
25batch train loss: 0.8991
Val acc:            0.9284
TTA val:            0.9390
cifar_reproducibility run=10 seed=1 seed_group=different_seed batch_size=2000 muon_lr=0.2
step=1/200 epoch=0 loss=2.3051 head_lr=1340 muon_lr=0.2
step=2/200 epoch=0 loss=2.3026 head_lr=1333.3 muon_lr=0.199
step=3/200 epoch=0 loss=2.2755 head_lr=1326.6 muon_lr=0.198
step=4/200 epoch=0 loss=2.0881 head_lr=1319.9 muon_lr=0.197
step=5/200 epoch=0 loss=1.9717 head_lr=1313.2 muon_lr=0.196
step=6/200 epoch=0 loss=1.9648 head_lr=1306.5 muon_lr=0.195
step=7/200 epoch=0 loss=1.8789 head_lr=1299.8 muon_lr=0.194
step=8/200 epoch=0 loss=1.7298 head_lr=1293.1 muon_lr=0.193
step=9/200 epoch=0 loss=1.6895 head_lr=1286.4 muon_lr=0.192
step=10/200 epoch=0 loss=1.7109 head_lr=1279.7 muon_lr=0.191
step=11/200 epoch=0 loss=1.7241 head_lr=1273 muon_lr=0.19
step=12/200 epoch=0 loss=1.6294 head_lr=1266.3 muon_lr=0.189
step=13/200 epoch=0 loss=1.6304 head_lr=1259.6 muon_lr=0.188
step=14/200 epoch=0 loss=1.5854 head_lr=1252.9 muon_lr=0.187
step=15/200 epoch=0 loss=1.5937 head_lr=1246.2 muon_lr=0.186
step=16/200 epoch=0 loss=1.5912 head_lr=1239.5 muon_lr=0.185
step=17/200 epoch=0 loss=1.5459 head_lr=1232.8 muon_lr=0.184
step=18/200 epoch=0 loss=1.4900 head_lr=1226.1 muon_lr=0.183
step=19/200 epoch=0 loss=1.4573 head_lr=1219.4 muon_lr=0.182
step=20/200 epoch=0 loss=1.4499 head_lr=1212.7 muon_lr=0.181
step=21/200 epoch=0 loss=1.4701 head_lr=1206 muon_lr=0.18
step=22/200 epoch=0 loss=1.4330 head_lr=1199.3 muon_lr=0.179
step=23/200 epoch=0 loss=1.4182 head_lr=1192.6 muon_lr=0.178
step=24/200 epoch=0 loss=1.3840 head_lr=1185.9 muon_lr=0.177
step=25/200 epoch=0 loss=1.3966 head_lr=1179.2 muon_lr=0.176
eval run=10 epoch=0 val_acc=0.7098 time_seconds=1.2964
step=26/200 epoch=1 loss=1.3593 head_lr=1172.5 muon_lr=0.175
step=27/200 epoch=1 loss=1.3724 head_lr=1165.8 muon_lr=0.174
step=28/200 epoch=1 loss=1.3391 head_lr=1159.1 muon_lr=0.173
step=29/200 epoch=1 loss=1.3405 head_lr=1152.4 muon_lr=0.172
step=30/200 epoch=1 loss=1.3342 head_lr=1145.7 muon_lr=0.171
step=31/200 epoch=1 loss=1.3163 head_lr=1139 muon_lr=0.17
step=32/200 epoch=1 loss=1.3120 head_lr=1132.3 muon_lr=0.169
step=33/200 epoch=1 loss=1.2877 head_lr=1125.6 muon_lr=0.168
step=34/200 epoch=1 loss=1.3091 head_lr=1118.9 muon_lr=0.167
step=35/200 epoch=1 loss=1.2700 head_lr=1112.2 muon_lr=0.166
step=36/200 epoch=1 loss=1.2943 head_lr=1105.5 muon_lr=0.165
step=37/200 epoch=1 loss=1.3039 head_lr=1098.8 muon_lr=0.164
step=38/200 epoch=1 loss=1.2955 head_lr=1092.1 muon_lr=0.163
step=39/200 epoch=1 loss=1.2540 head_lr=1085.4 muon_lr=0.162
step=40/200 epoch=1 loss=1.2651 head_lr=1078.7 muon_lr=0.161
step=41/200 epoch=1 loss=1.2673 head_lr=1072 muon_lr=0.16
step=42/200 epoch=1 loss=1.2717 head_lr=1065.3 muon_lr=0.159
step=43/200 epoch=1 loss=1.2345 head_lr=1058.6 muon_lr=0.158
step=44/200 epoch=1 loss=1.2606 head_lr=1051.9 muon_lr=0.157
step=45/200 epoch=1 loss=1.2438 head_lr=1045.2 muon_lr=0.156
step=46/200 epoch=1 loss=1.2207 head_lr=1038.5 muon_lr=0.155
step=47/200 epoch=1 loss=1.2375 head_lr=1031.8 muon_lr=0.154
step=48/200 epoch=1 loss=1.2359 head_lr=1025.1 muon_lr=0.153
step=49/200 epoch=1 loss=1.2026 head_lr=1018.4 muon_lr=0.152
step=50/200 epoch=1 loss=1.2339 head_lr=1011.7 muon_lr=0.151
eval epoch=1 val_acc=0.7720 time_seconds=2.5892
step=51/200 epoch=2 loss=1.1845 head_lr=1005 muon_lr=0.15
step=52/200 epoch=2 loss=1.1928 head_lr=998.3 muon_lr=0.149
step=53/200 epoch=2 loss=1.1934 head_lr=991.6 muon_lr=0.148
step=54/200 epoch=2 loss=1.1998 head_lr=984.9 muon_lr=0.147
step=55/200 epoch=2 loss=1.2140 head_lr=978.2 muon_lr=0.146
step=56/200 epoch=2 loss=1.1880 head_lr=971.5 muon_lr=0.145
step=57/200 epoch=2 loss=1.1949 head_lr=964.8 muon_lr=0.144
step=58/200 epoch=2 loss=1.1998 head_lr=958.1 muon_lr=0.143
step=59/200 epoch=2 loss=1.2012 head_lr=951.4 muon_lr=0.142
step=60/200 epoch=2 loss=1.1840 head_lr=944.7 muon_lr=0.141
step=61/200 epoch=2 loss=1.1811 head_lr=938 muon_lr=0.14
step=62/200 epoch=2 loss=1.1961 head_lr=931.3 muon_lr=0.139
step=63/200 epoch=2 loss=1.1839 head_lr=924.6 muon_lr=0.138
step=64/200 epoch=2 loss=1.1480 head_lr=917.9 muon_lr=0.137
step=65/200 epoch=2 loss=1.1808 head_lr=911.2 muon_lr=0.136
step=66/200 epoch=2 loss=1.1709 head_lr=904.5 muon_lr=0.135
step=67/200 epoch=2 loss=1.1549 head_lr=897.8 muon_lr=0.134
step=68/200 epoch=2 loss=1.1684 head_lr=891.1 muon_lr=0.133
step=69/200 epoch=2 loss=1.1745 head_lr=884.4 muon_lr=0.132
step=70/200 epoch=2 loss=1.1683 head_lr=877.7 muon_lr=0.131
step=71/200 epoch=2 loss=1.1450 head_lr=871 muon_lr=0.13
step=72/200 epoch=2 loss=1.1787 head_lr=864.3 muon_lr=0.129
step=73/200 epoch=2 loss=1.1317 head_lr=857.6 muon_lr=0.128
step=74/200 epoch=2 loss=1.1847 head_lr=850.9 muon_lr=0.127
step=75/200 epoch=2 loss=1.1686 head_lr=844.2 muon_lr=0.126
eval epoch=2 val_acc=0.7420 time_seconds=3.8817
step=76/200 epoch=3 loss=1.1512 head_lr=837.5 muon_lr=0.125
step=77/200 epoch=3 loss=1.1114 head_lr=830.8 muon_lr=0.124
step=78/200 epoch=3 loss=1.1211 head_lr=824.1 muon_lr=0.123
step=79/200 epoch=3 loss=1.1151 head_lr=817.4 muon_lr=0.122
step=80/200 epoch=3 loss=1.1101 head_lr=810.7 muon_lr=0.121
step=81/200 epoch=3 loss=1.1153 head_lr=804 muon_lr=0.12
step=82/200 epoch=3 loss=1.1379 head_lr=797.3 muon_lr=0.119
step=83/200 epoch=3 loss=1.1299 head_lr=790.6 muon_lr=0.118
step=84/200 epoch=3 loss=1.1156 head_lr=783.9 muon_lr=0.117
step=85/200 epoch=3 loss=1.1289 head_lr=777.2 muon_lr=0.116
step=86/200 epoch=3 loss=1.1133 head_lr=770.5 muon_lr=0.115
step=87/200 epoch=3 loss=1.1130 head_lr=763.8 muon_lr=0.114
step=88/200 epoch=3 loss=1.1158 head_lr=757.1 muon_lr=0.113
step=89/200 epoch=3 loss=1.1175 head_lr=750.4 muon_lr=0.112
step=90/200 epoch=3 loss=1.1299 head_lr=743.7 muon_lr=0.111
step=91/200 epoch=3 loss=1.1365 head_lr=737 muon_lr=0.11
step=92/200 epoch=3 loss=1.1066 head_lr=730.3 muon_lr=0.109
step=93/200 epoch=3 loss=1.0949 head_lr=723.6 muon_lr=0.108
step=94/200 epoch=3 loss=1.1117 head_lr=716.9 muon_lr=0.107
step=95/200 epoch=3 loss=1.1117 head_lr=710.2 muon_lr=0.106
step=96/200 epoch=3 loss=1.1335 head_lr=703.5 muon_lr=0.105
step=97/200 epoch=3 loss=1.1022 head_lr=696.8 muon_lr=0.104
step=98/200 epoch=3 loss=1.1161 head_lr=690.1 muon_lr=0.103
step=99/200 epoch=3 loss=1.0935 head_lr=683.4 muon_lr=0.102
step=100/200 epoch=3 loss=1.0881 head_lr=676.7 muon_lr=0.101
eval epoch=3 val_acc=0.8385 time_seconds=5.0875
step=101/200 epoch=4 loss=1.0887 head_lr=670 muon_lr=0.1
step=102/200 epoch=4 loss=1.0622 head_lr=663.3 muon_lr=0.099
step=103/200 epoch=4 loss=1.0725 head_lr=656.6 muon_lr=0.098
step=104/200 epoch=4 loss=1.0655 head_lr=649.9 muon_lr=0.097
step=105/200 epoch=4 loss=1.0612 head_lr=643.2 muon_lr=0.096
step=106/200 epoch=4 loss=1.0867 head_lr=636.5 muon_lr=0.095
step=107/200 epoch=4 loss=1.0834 head_lr=629.8 muon_lr=0.094
step=108/200 epoch=4 loss=1.0667 head_lr=623.1 muon_lr=0.093
step=109/200 epoch=4 loss=1.0758 head_lr=616.4 muon_lr=0.092
step=110/200 epoch=4 loss=1.0699 head_lr=609.7 muon_lr=0.091
step=111/200 epoch=4 loss=1.0608 head_lr=603 muon_lr=0.09
step=112/200 epoch=4 loss=1.0639 head_lr=596.3 muon_lr=0.089
step=113/200 epoch=4 loss=1.0672 head_lr=589.6 muon_lr=0.088
step=114/200 epoch=4 loss=1.0674 head_lr=582.9 muon_lr=0.087
step=115/200 epoch=4 loss=1.0720 head_lr=576.2 muon_lr=0.086
step=116/200 epoch=4 loss=1.0679 head_lr=569.5 muon_lr=0.085
step=117/200 epoch=4 loss=1.0607 head_lr=562.8 muon_lr=0.084
step=118/200 epoch=4 loss=1.0571 head_lr=556.1 muon_lr=0.083
step=119/200 epoch=4 loss=1.0482 head_lr=549.4 muon_lr=0.082
step=120/200 epoch=4 loss=1.0585 head_lr=542.7 muon_lr=0.081
step=121/200 epoch=4 loss=1.0668 head_lr=536 muon_lr=0.08
step=122/200 epoch=4 loss=1.0575 head_lr=529.3 muon_lr=0.079
step=123/200 epoch=4 loss=1.0589 head_lr=522.6 muon_lr=0.078
step=124/200 epoch=4 loss=1.0728 head_lr=515.9 muon_lr=0.077
step=125/200 epoch=4 loss=1.0643 head_lr=509.2 muon_lr=0.076
eval epoch=4 val_acc=0.8806 time_seconds=6.2899
step=126/200 epoch=5 loss=1.0225 head_lr=502.5 muon_lr=0.075
step=127/200 epoch=5 loss=1.0255 head_lr=495.8 muon_lr=0.074
step=128/200 epoch=5 loss=1.0241 head_lr=489.1 muon_lr=0.073
step=129/200 epoch=5 loss=1.0246 head_lr=482.4 muon_lr=0.072
step=130/200 epoch=5 loss=1.0291 head_lr=475.7 muon_lr=0.071
step=131/200 epoch=5 loss=1.0226 head_lr=469 muon_lr=0.07
step=132/200 epoch=5 loss=1.0392 head_lr=462.3 muon_lr=0.069
step=133/200 epoch=5 loss=1.0256 head_lr=455.6 muon_lr=0.068
step=134/200 epoch=5 loss=1.0456 head_lr=448.9 muon_lr=0.067
step=135/200 epoch=5 loss=1.0198 head_lr=442.2 muon_lr=0.066
step=136/200 epoch=5 loss=1.0284 head_lr=435.5 muon_lr=0.065
step=137/200 epoch=5 loss=1.0139 head_lr=428.8 muon_lr=0.064
step=138/200 epoch=5 loss=1.0222 head_lr=422.1 muon_lr=0.063
step=139/200 epoch=5 loss=1.0117 head_lr=415.4 muon_lr=0.062
step=140/200 epoch=5 loss=1.0168 head_lr=408.7 muon_lr=0.061
step=141/200 epoch=5 loss=1.0013 head_lr=402 muon_lr=0.06
step=142/200 epoch=5 loss=1.0159 head_lr=395.3 muon_lr=0.059
step=143/200 epoch=5 loss=1.0123 head_lr=388.6 muon_lr=0.058
step=144/200 epoch=5 loss=1.0132 head_lr=381.9 muon_lr=0.057
step=145/200 epoch=5 loss=1.0184 head_lr=375.2 muon_lr=0.056
step=146/200 epoch=5 loss=1.0132 head_lr=368.5 muon_lr=0.055
step=147/200 epoch=5 loss=1.0060 head_lr=361.8 muon_lr=0.054
step=148/200 epoch=5 loss=1.0159 head_lr=355.1 muon_lr=0.053
step=149/200 epoch=5 loss=1.0026 head_lr=348.4 muon_lr=0.052
step=150/200 epoch=5 loss=1.0069 head_lr=341.7 muon_lr=0.051
eval epoch=5 val_acc=0.9010 time_seconds=7.4943
step=151/200 epoch=6 loss=0.9926 head_lr=335 muon_lr=0.05
step=152/200 epoch=6 loss=0.9851 head_lr=328.3 muon_lr=0.049
step=153/200 epoch=6 loss=0.9725 head_lr=321.6 muon_lr=0.048
step=154/200 epoch=6 loss=0.9854 head_lr=314.9 muon_lr=0.047
step=155/200 epoch=6 loss=0.9958 head_lr=308.2 muon_lr=0.046
step=156/200 epoch=6 loss=0.9667 head_lr=301.5 muon_lr=0.045
step=157/200 epoch=6 loss=0.9767 head_lr=294.8 muon_lr=0.044
step=158/200 epoch=6 loss=0.9772 head_lr=288.1 muon_lr=0.043
step=159/200 epoch=6 loss=0.9730 head_lr=281.4 muon_lr=0.042
step=160/200 epoch=6 loss=0.9709 head_lr=274.7 muon_lr=0.041
step=161/200 epoch=6 loss=0.9739 head_lr=268 muon_lr=0.04
step=162/200 epoch=6 loss=0.9675 head_lr=261.3 muon_lr=0.039
step=163/200 epoch=6 loss=0.9705 head_lr=254.6 muon_lr=0.038
step=164/200 epoch=6 loss=0.9721 head_lr=247.9 muon_lr=0.037
step=165/200 epoch=6 loss=0.9712 head_lr=241.2 muon_lr=0.036
step=166/200 epoch=6 loss=0.9727 head_lr=234.5 muon_lr=0.035
step=167/200 epoch=6 loss=0.9637 head_lr=227.8 muon_lr=0.034
step=168/200 epoch=6 loss=0.9583 head_lr=221.1 muon_lr=0.033
step=169/200 epoch=6 loss=0.9763 head_lr=214.4 muon_lr=0.032
step=170/200 epoch=6 loss=0.9735 head_lr=207.7 muon_lr=0.031
step=171/200 epoch=6 loss=0.9702 head_lr=201 muon_lr=0.03
step=172/200 epoch=6 loss=0.9682 head_lr=194.3 muon_lr=0.029
step=173/200 epoch=6 loss=0.9682 head_lr=187.6 muon_lr=0.028
step=174/200 epoch=6 loss=0.9615 head_lr=180.9 muon_lr=0.027
step=175/200 epoch=6 loss=0.9615 head_lr=174.2 muon_lr=0.026
eval epoch=6 val_acc=0.9225 time_seconds=8.6984
step=176/200 epoch=7 loss=0.9377 head_lr=167.5 muon_lr=0.025
step=177/200 epoch=7 loss=0.9404 head_lr=160.8 muon_lr=0.024
step=178/200 epoch=7 loss=0.9433 head_lr=154.1 muon_lr=0.023
step=179/200 epoch=7 loss=0.9321 head_lr=147.4 muon_lr=0.022
step=180/200 epoch=7 loss=0.9391 head_lr=140.7 muon_lr=0.021
step=181/200 epoch=7 loss=0.9422 head_lr=134 muon_lr=0.02
step=182/200 epoch=7 loss=0.9372 head_lr=127.3 muon_lr=0.019
step=183/200 epoch=7 loss=0.9394 head_lr=120.6 muon_lr=0.018
step=184/200 epoch=7 loss=0.9355 head_lr=113.9 muon_lr=0.017
step=185/200 epoch=7 loss=0.9373 head_lr=107.2 muon_lr=0.016
step=186/200 epoch=7 loss=0.9381 head_lr=100.5 muon_lr=0.015
step=187/200 epoch=7 loss=0.9350 head_lr=93.8 muon_lr=0.014
step=188/200 epoch=7 loss=0.9428 head_lr=87.1 muon_lr=0.013
step=189/200 epoch=7 loss=0.9383 head_lr=80.4 muon_lr=0.012
step=190/200 epoch=7 loss=0.9403 head_lr=73.7 muon_lr=0.011
step=191/200 epoch=7 loss=0.9377 head_lr=67 muon_lr=0.01
step=192/200 epoch=7 loss=0.9296 head_lr=60.3 muon_lr=0.009
step=193/200 epoch=7 loss=0.9319 head_lr=53.6 muon_lr=0.008
step=194/200 epoch=7 loss=0.9296 head_lr=46.9 muon_lr=0.007
step=195/200 epoch=7 loss=0.9384 head_lr=40.2 muon_lr=0.006
step=196/200 epoch=7 loss=0.9253 head_lr=33.5 muon_lr=0.005
step=197/200 epoch=7 loss=0.9347 head_lr=26.8 muon_lr=0.004
step=198/200 epoch=7 loss=0.9334 head_lr=20.1 muon_lr=0.003
step=199/200 epoch=7 loss=0.9315 head_lr=13.4 muon_lr=0.002
step=200/200 epoch=7 loss=0.9351 head_lr=6.7 muon_lr=0.001
eval epoch=7 val_acc=0.9289 time_seconds=9.9014
eval epoch=final 25batch_train_loss=0.8994 val_acc=0.9289 tta_val_acc=0.9373 time_seconds=10.5133
Run:                10
Seed:               1
Seed group:         different_seed
Batch size:         2000
Muon lr:            0.2
SGD lr mult:        1
25batch train loss: 0.8994
Val acc:            0.9289
TTA val:            0.9373
cifar_reproducibility run=11 seed=2 seed_group=different_seed batch_size=2000 muon_lr=0.2
step=1/200 epoch=0 loss=2.3130 head_lr=1340 muon_lr=0.2
step=2/200 epoch=0 loss=2.2995 head_lr=1333.3 muon_lr=0.199
step=3/200 epoch=0 loss=2.2978 head_lr=1326.6 muon_lr=0.198
step=4/200 epoch=0 loss=2.0651 head_lr=1319.9 muon_lr=0.197
step=5/200 epoch=0 loss=1.9515 head_lr=1313.2 muon_lr=0.196
step=6/200 epoch=0 loss=1.9268 head_lr=1306.5 muon_lr=0.195
step=7/200 epoch=0 loss=1.8544 head_lr=1299.8 muon_lr=0.194
step=8/200 epoch=0 loss=1.8109 head_lr=1293.1 muon_lr=0.193
step=9/200 epoch=0 loss=1.7684 head_lr=1286.4 muon_lr=0.192
step=10/200 epoch=0 loss=1.7237 head_lr=1279.7 muon_lr=0.191
step=11/200 epoch=0 loss=1.6789 head_lr=1273 muon_lr=0.19
step=12/200 epoch=0 loss=1.6604 head_lr=1266.3 muon_lr=0.189
step=13/200 epoch=0 loss=1.6437 head_lr=1259.6 muon_lr=0.188
step=14/200 epoch=0 loss=1.5452 head_lr=1252.9 muon_lr=0.187
step=15/200 epoch=0 loss=1.5911 head_lr=1246.2 muon_lr=0.186
step=16/200 epoch=0 loss=1.5846 head_lr=1239.5 muon_lr=0.185
step=17/200 epoch=0 loss=1.5020 head_lr=1232.8 muon_lr=0.184
step=18/200 epoch=0 loss=1.5002 head_lr=1226.1 muon_lr=0.183
step=19/200 epoch=0 loss=1.4637 head_lr=1219.4 muon_lr=0.182
step=20/200 epoch=0 loss=1.4482 head_lr=1212.7 muon_lr=0.181
step=21/200 epoch=0 loss=1.4514 head_lr=1206 muon_lr=0.18
step=22/200 epoch=0 loss=1.4333 head_lr=1199.3 muon_lr=0.179
step=23/200 epoch=0 loss=1.4232 head_lr=1192.6 muon_lr=0.178
step=24/200 epoch=0 loss=1.4043 head_lr=1185.9 muon_lr=0.177
step=25/200 epoch=0 loss=1.3817 head_lr=1179.2 muon_lr=0.176
eval run=11 epoch=0 val_acc=0.6075 time_seconds=1.2955
step=26/200 epoch=1 loss=1.3456 head_lr=1172.5 muon_lr=0.175
step=27/200 epoch=1 loss=1.3577 head_lr=1165.8 muon_lr=0.174
step=28/200 epoch=1 loss=1.3171 head_lr=1159.1 muon_lr=0.173
step=29/200 epoch=1 loss=1.3217 head_lr=1152.4 muon_lr=0.172
step=30/200 epoch=1 loss=1.3574 head_lr=1145.7 muon_lr=0.171
step=31/200 epoch=1 loss=1.3091 head_lr=1139 muon_lr=0.17
step=32/200 epoch=1 loss=1.3203 head_lr=1132.3 muon_lr=0.169
step=33/200 epoch=1 loss=1.3205 head_lr=1125.6 muon_lr=0.168
step=34/200 epoch=1 loss=1.2718 head_lr=1118.9 muon_lr=0.167
step=35/200 epoch=1 loss=1.2964 head_lr=1112.2 muon_lr=0.166
step=36/200 epoch=1 loss=1.3063 head_lr=1105.5 muon_lr=0.165
step=37/200 epoch=1 loss=1.2842 head_lr=1098.8 muon_lr=0.164
step=38/200 epoch=1 loss=1.2592 head_lr=1092.1 muon_lr=0.163
step=39/200 epoch=1 loss=1.2780 head_lr=1085.4 muon_lr=0.162
step=40/200 epoch=1 loss=1.2777 head_lr=1078.7 muon_lr=0.161
step=41/200 epoch=1 loss=1.2173 head_lr=1072 muon_lr=0.16
step=42/200 epoch=1 loss=1.2304 head_lr=1065.3 muon_lr=0.159
step=43/200 epoch=1 loss=1.2466 head_lr=1058.6 muon_lr=0.158
step=44/200 epoch=1 loss=1.2289 head_lr=1051.9 muon_lr=0.157
step=45/200 epoch=1 loss=1.2452 head_lr=1045.2 muon_lr=0.156
step=46/200 epoch=1 loss=1.2433 head_lr=1038.5 muon_lr=0.155
step=47/200 epoch=1 loss=1.2401 head_lr=1031.8 muon_lr=0.154
step=48/200 epoch=1 loss=1.2218 head_lr=1025.1 muon_lr=0.153
step=49/200 epoch=1 loss=1.2132 head_lr=1018.4 muon_lr=0.152
step=50/200 epoch=1 loss=1.2249 head_lr=1011.7 muon_lr=0.151
eval epoch=1 val_acc=0.7451 time_seconds=2.5894
step=51/200 epoch=2 loss=1.2265 head_lr=1005 muon_lr=0.15
step=52/200 epoch=2 loss=1.2175 head_lr=998.3 muon_lr=0.149
step=53/200 epoch=2 loss=1.2055 head_lr=991.6 muon_lr=0.148
step=54/200 epoch=2 loss=1.2188 head_lr=984.9 muon_lr=0.147
step=55/200 epoch=2 loss=1.2064 head_lr=978.2 muon_lr=0.146
step=56/200 epoch=2 loss=1.1924 head_lr=971.5 muon_lr=0.145
step=57/200 epoch=2 loss=1.1918 head_lr=964.8 muon_lr=0.144
step=58/200 epoch=2 loss=1.1927 head_lr=958.1 muon_lr=0.143
step=59/200 epoch=2 loss=1.2010 head_lr=951.4 muon_lr=0.142
step=60/200 epoch=2 loss=1.1890 head_lr=944.7 muon_lr=0.141
step=61/200 epoch=2 loss=1.1806 head_lr=938 muon_lr=0.14
step=62/200 epoch=2 loss=1.1789 head_lr=931.3 muon_lr=0.139
step=63/200 epoch=2 loss=1.1783 head_lr=924.6 muon_lr=0.138
step=64/200 epoch=2 loss=1.1577 head_lr=917.9 muon_lr=0.137
step=65/200 epoch=2 loss=1.1705 head_lr=911.2 muon_lr=0.136
step=66/200 epoch=2 loss=1.1606 head_lr=904.5 muon_lr=0.135
step=67/200 epoch=2 loss=1.1757 head_lr=897.8 muon_lr=0.134
step=68/200 epoch=2 loss=1.1850 head_lr=891.1 muon_lr=0.133
step=69/200 epoch=2 loss=1.1675 head_lr=884.4 muon_lr=0.132
step=70/200 epoch=2 loss=1.1737 head_lr=877.7 muon_lr=0.131
step=71/200 epoch=2 loss=1.1608 head_lr=871 muon_lr=0.13
step=72/200 epoch=2 loss=1.1414 head_lr=864.3 muon_lr=0.129
step=73/200 epoch=2 loss=1.1404 head_lr=857.6 muon_lr=0.128
step=74/200 epoch=2 loss=1.1391 head_lr=850.9 muon_lr=0.127
step=75/200 epoch=2 loss=1.1545 head_lr=844.2 muon_lr=0.126
eval epoch=2 val_acc=0.7997 time_seconds=3.8819
step=76/200 epoch=3 loss=1.1412 head_lr=837.5 muon_lr=0.125
step=77/200 epoch=3 loss=1.1272 head_lr=830.8 muon_lr=0.124
step=78/200 epoch=3 loss=1.1468 head_lr=824.1 muon_lr=0.123
step=79/200 epoch=3 loss=1.1187 head_lr=817.4 muon_lr=0.122
step=80/200 epoch=3 loss=1.1144 head_lr=810.7 muon_lr=0.121
step=81/200 epoch=3 loss=1.1252 head_lr=804 muon_lr=0.12
step=82/200 epoch=3 loss=1.1341 head_lr=797.3 muon_lr=0.119
step=83/200 epoch=3 loss=1.1332 head_lr=790.6 muon_lr=0.118
step=84/200 epoch=3 loss=1.1245 head_lr=783.9 muon_lr=0.117
step=85/200 epoch=3 loss=1.1200 head_lr=777.2 muon_lr=0.116
step=86/200 epoch=3 loss=1.1135 head_lr=770.5 muon_lr=0.115
step=87/200 epoch=3 loss=1.0977 head_lr=763.8 muon_lr=0.114
step=88/200 epoch=3 loss=1.1078 head_lr=757.1 muon_lr=0.113
step=89/200 epoch=3 loss=1.1196 head_lr=750.4 muon_lr=0.112
step=90/200 epoch=3 loss=1.1053 head_lr=743.7 muon_lr=0.111
step=91/200 epoch=3 loss=1.1181 head_lr=737 muon_lr=0.11
step=92/200 epoch=3 loss=1.0915 head_lr=730.3 muon_lr=0.109
step=93/200 epoch=3 loss=1.1098 head_lr=723.6 muon_lr=0.108
step=94/200 epoch=3 loss=1.1050 head_lr=716.9 muon_lr=0.107
step=95/200 epoch=3 loss=1.0983 head_lr=710.2 muon_lr=0.106
step=96/200 epoch=3 loss=1.1116 head_lr=703.5 muon_lr=0.105
step=97/200 epoch=3 loss=1.0959 head_lr=696.8 muon_lr=0.104
step=98/200 epoch=3 loss=1.1194 head_lr=690.1 muon_lr=0.103
step=99/200 epoch=3 loss=1.1248 head_lr=683.4 muon_lr=0.102
step=100/200 epoch=3 loss=1.1047 head_lr=676.7 muon_lr=0.101
eval epoch=3 val_acc=0.8235 time_seconds=5.0873
step=101/200 epoch=4 loss=1.0648 head_lr=670 muon_lr=0.1
step=102/200 epoch=4 loss=1.0566 head_lr=663.3 muon_lr=0.099
step=103/200 epoch=4 loss=1.0655 head_lr=656.6 muon_lr=0.098
step=104/200 epoch=4 loss=1.0883 head_lr=649.9 muon_lr=0.097
step=105/200 epoch=4 loss=1.0808 head_lr=643.2 muon_lr=0.096
step=106/200 epoch=4 loss=1.0725 head_lr=636.5 muon_lr=0.095
step=107/200 epoch=4 loss=1.0793 head_lr=629.8 muon_lr=0.094
step=108/200 epoch=4 loss=1.0533 head_lr=623.1 muon_lr=0.093
step=109/200 epoch=4 loss=1.0604 head_lr=616.4 muon_lr=0.092
step=110/200 epoch=4 loss=1.0836 head_lr=609.7 muon_lr=0.091
step=111/200 epoch=4 loss=1.0848 head_lr=603 muon_lr=0.09
step=112/200 epoch=4 loss=1.0575 head_lr=596.3 muon_lr=0.089
step=113/200 epoch=4 loss=1.0656 head_lr=589.6 muon_lr=0.088
step=114/200 epoch=4 loss=1.0560 head_lr=582.9 muon_lr=0.087
step=115/200 epoch=4 loss=1.0669 head_lr=576.2 muon_lr=0.086
step=116/200 epoch=4 loss=1.0629 head_lr=569.5 muon_lr=0.085
step=117/200 epoch=4 loss=1.0768 head_lr=562.8 muon_lr=0.084
step=118/200 epoch=4 loss=1.0712 head_lr=556.1 muon_lr=0.083
step=119/200 epoch=4 loss=1.0629 head_lr=549.4 muon_lr=0.082
step=120/200 epoch=4 loss=1.0509 head_lr=542.7 muon_lr=0.081
step=121/200 epoch=4 loss=1.0493 head_lr=536 muon_lr=0.08
step=122/200 epoch=4 loss=1.0624 head_lr=529.3 muon_lr=0.079
step=123/200 epoch=4 loss=1.0542 head_lr=522.6 muon_lr=0.078
step=124/200 epoch=4 loss=1.0452 head_lr=515.9 muon_lr=0.077
step=125/200 epoch=4 loss=1.0538 head_lr=509.2 muon_lr=0.076
eval epoch=4 val_acc=0.8851 time_seconds=6.2908
step=126/200 epoch=5 loss=1.0248 head_lr=502.5 muon_lr=0.075
step=127/200 epoch=5 loss=1.0269 head_lr=495.8 muon_lr=0.074
step=128/200 epoch=5 loss=1.0235 head_lr=489.1 muon_lr=0.073
step=129/200 epoch=5 loss=1.0274 head_lr=482.4 muon_lr=0.072
step=130/200 epoch=5 loss=1.0183 head_lr=475.7 muon_lr=0.071
step=131/200 epoch=5 loss=1.0236 head_lr=469 muon_lr=0.07
step=132/200 epoch=5 loss=1.0297 head_lr=462.3 muon_lr=0.069
step=133/200 epoch=5 loss=1.0199 head_lr=455.6 muon_lr=0.068
step=134/200 epoch=5 loss=1.0084 head_lr=448.9 muon_lr=0.067
step=135/200 epoch=5 loss=1.0096 head_lr=442.2 muon_lr=0.066
step=136/200 epoch=5 loss=1.0265 head_lr=435.5 muon_lr=0.065
step=137/200 epoch=5 loss=1.0164 head_lr=428.8 muon_lr=0.064
step=138/200 epoch=5 loss=1.0128 head_lr=422.1 muon_lr=0.063
step=139/200 epoch=5 loss=1.0223 head_lr=415.4 muon_lr=0.062
step=140/200 epoch=5 loss=1.0208 head_lr=408.7 muon_lr=0.061
step=141/200 epoch=5 loss=1.0121 head_lr=402 muon_lr=0.06
step=142/200 epoch=5 loss=1.0199 head_lr=395.3 muon_lr=0.059
step=143/200 epoch=5 loss=1.0094 head_lr=388.6 muon_lr=0.058
step=144/200 epoch=5 loss=1.0217 head_lr=381.9 muon_lr=0.057
step=145/200 epoch=5 loss=1.0135 head_lr=375.2 muon_lr=0.056
step=146/200 epoch=5 loss=1.0092 head_lr=368.5 muon_lr=0.055
step=147/200 epoch=5 loss=1.0152 head_lr=361.8 muon_lr=0.054
step=148/200 epoch=5 loss=1.0176 head_lr=355.1 muon_lr=0.053
step=149/200 epoch=5 loss=0.9973 head_lr=348.4 muon_lr=0.052
step=150/200 epoch=5 loss=1.0056 head_lr=341.7 muon_lr=0.051
eval epoch=5 val_acc=0.8987 time_seconds=7.4943
step=151/200 epoch=6 loss=0.9921 head_lr=335 muon_lr=0.05
step=152/200 epoch=6 loss=0.9806 head_lr=328.3 muon_lr=0.049
step=153/200 epoch=6 loss=0.9800 head_lr=321.6 muon_lr=0.048
step=154/200 epoch=6 loss=0.9629 head_lr=314.9 muon_lr=0.047
step=155/200 epoch=6 loss=0.9757 head_lr=308.2 muon_lr=0.046
step=156/200 epoch=6 loss=0.9774 head_lr=301.5 muon_lr=0.045
step=157/200 epoch=6 loss=0.9793 head_lr=294.8 muon_lr=0.044
step=158/200 epoch=6 loss=0.9665 head_lr=288.1 muon_lr=0.043
step=159/200 epoch=6 loss=0.9721 head_lr=281.4 muon_lr=0.042
step=160/200 epoch=6 loss=0.9726 head_lr=274.7 muon_lr=0.041
step=161/200 epoch=6 loss=0.9697 head_lr=268 muon_lr=0.04
step=162/200 epoch=6 loss=0.9727 head_lr=261.3 muon_lr=0.039
step=163/200 epoch=6 loss=0.9730 head_lr=254.6 muon_lr=0.038
step=164/200 epoch=6 loss=0.9690 head_lr=247.9 muon_lr=0.037
step=165/200 epoch=6 loss=0.9679 head_lr=241.2 muon_lr=0.036
step=166/200 epoch=6 loss=0.9772 head_lr=234.5 muon_lr=0.035
step=167/200 epoch=6 loss=0.9650 head_lr=227.8 muon_lr=0.034
step=168/200 epoch=6 loss=0.9821 head_lr=221.1 muon_lr=0.033
step=169/200 epoch=6 loss=0.9678 head_lr=214.4 muon_lr=0.032
step=170/200 epoch=6 loss=0.9754 head_lr=207.7 muon_lr=0.031
step=171/200 epoch=6 loss=0.9695 head_lr=201 muon_lr=0.03
step=172/200 epoch=6 loss=0.9682 head_lr=194.3 muon_lr=0.029
step=173/200 epoch=6 loss=0.9693 head_lr=187.6 muon_lr=0.028
step=174/200 epoch=6 loss=0.9686 head_lr=180.9 muon_lr=0.027
step=175/200 epoch=6 loss=0.9610 head_lr=174.2 muon_lr=0.026
eval epoch=6 val_acc=0.9257 time_seconds=8.6973
step=176/200 epoch=7 loss=0.9413 head_lr=167.5 muon_lr=0.025
step=177/200 epoch=7 loss=0.9415 head_lr=160.8 muon_lr=0.024
step=178/200 epoch=7 loss=0.9318 head_lr=154.1 muon_lr=0.023
step=179/200 epoch=7 loss=0.9345 head_lr=147.4 muon_lr=0.022
step=180/200 epoch=7 loss=0.9367 head_lr=140.7 muon_lr=0.021
step=181/200 epoch=7 loss=0.9386 head_lr=134 muon_lr=0.02
step=182/200 epoch=7 loss=0.9376 head_lr=127.3 muon_lr=0.019
step=183/200 epoch=7 loss=0.9368 head_lr=120.6 muon_lr=0.018
step=184/200 epoch=7 loss=0.9357 head_lr=113.9 muon_lr=0.017
step=185/200 epoch=7 loss=0.9335 head_lr=107.2 muon_lr=0.016
step=186/200 epoch=7 loss=0.9352 head_lr=100.5 muon_lr=0.015
step=187/200 epoch=7 loss=0.9321 head_lr=93.8 muon_lr=0.014
step=188/200 epoch=7 loss=0.9384 head_lr=87.1 muon_lr=0.013
step=189/200 epoch=7 loss=0.9363 head_lr=80.4 muon_lr=0.012
step=190/200 epoch=7 loss=0.9415 head_lr=73.7 muon_lr=0.011
step=191/200 epoch=7 loss=0.9355 head_lr=67 muon_lr=0.01
step=192/200 epoch=7 loss=0.9332 head_lr=60.3 muon_lr=0.009
step=193/200 epoch=7 loss=0.9274 head_lr=53.6 muon_lr=0.008
step=194/200 epoch=7 loss=0.9310 head_lr=46.9 muon_lr=0.007
step=195/200 epoch=7 loss=0.9368 head_lr=40.2 muon_lr=0.006
step=196/200 epoch=7 loss=0.9293 head_lr=33.5 muon_lr=0.005
step=197/200 epoch=7 loss=0.9285 head_lr=26.8 muon_lr=0.004
step=198/200 epoch=7 loss=0.9313 head_lr=20.1 muon_lr=0.003
step=199/200 epoch=7 loss=0.9310 head_lr=13.4 muon_lr=0.002
step=200/200 epoch=7 loss=0.9292 head_lr=6.7 muon_lr=0.001
eval epoch=7 val_acc=0.9328 time_seconds=9.9020
eval epoch=final 25batch_train_loss=0.8983 val_acc=0.9328 tta_val_acc=0.9405 time_seconds=10.5129
Run:                11
Seed:               2
Seed group:         different_seed
Batch size:         2000
Muon lr:            0.2
SGD lr mult:        1
25batch train loss: 0.8983
Val acc:            0.9328
TTA val:            0.9405
cifar_reproducibility run=12 seed=3 seed_group=different_seed batch_size=2000 muon_lr=0.2
step=1/200 epoch=0 loss=2.3143 head_lr=1340 muon_lr=0.2
step=2/200 epoch=0 loss=2.2842 head_lr=1333.3 muon_lr=0.199
step=3/200 epoch=0 loss=2.3465 head_lr=1326.6 muon_lr=0.198
step=4/200 epoch=0 loss=2.1093 head_lr=1319.9 muon_lr=0.197
step=5/200 epoch=0 loss=2.0138 head_lr=1313.2 muon_lr=0.196
step=6/200 epoch=0 loss=1.9243 head_lr=1306.5 muon_lr=0.195
step=7/200 epoch=0 loss=1.8280 head_lr=1299.8 muon_lr=0.194
step=8/200 epoch=0 loss=1.8360 head_lr=1293.1 muon_lr=0.193
step=9/200 epoch=0 loss=1.7303 head_lr=1286.4 muon_lr=0.192
step=10/200 epoch=0 loss=1.7353 head_lr=1279.7 muon_lr=0.191
step=11/200 epoch=0 loss=1.6997 head_lr=1273 muon_lr=0.19
step=12/200 epoch=0 loss=1.7007 head_lr=1266.3 muon_lr=0.189
step=13/200 epoch=0 loss=1.6692 head_lr=1259.6 muon_lr=0.188
step=14/200 epoch=0 loss=1.6208 head_lr=1252.9 muon_lr=0.187
step=15/200 epoch=0 loss=1.5851 head_lr=1246.2 muon_lr=0.186
step=16/200 epoch=0 loss=1.5900 head_lr=1239.5 muon_lr=0.185
step=17/200 epoch=0 loss=1.5132 head_lr=1232.8 muon_lr=0.184
step=18/200 epoch=0 loss=1.4702 head_lr=1226.1 muon_lr=0.183
step=19/200 epoch=0 loss=1.5086 head_lr=1219.4 muon_lr=0.182
step=20/200 epoch=0 loss=1.5072 head_lr=1212.7 muon_lr=0.181
step=21/200 epoch=0 loss=1.4784 head_lr=1206 muon_lr=0.18
step=22/200 epoch=0 loss=1.4383 head_lr=1199.3 muon_lr=0.179
step=23/200 epoch=0 loss=1.3934 head_lr=1192.6 muon_lr=0.178
step=24/200 epoch=0 loss=1.3852 head_lr=1185.9 muon_lr=0.177
step=25/200 epoch=0 loss=1.3891 head_lr=1179.2 muon_lr=0.176
eval run=12 epoch=0 val_acc=0.6507 time_seconds=1.2985
step=26/200 epoch=1 loss=1.3597 head_lr=1172.5 muon_lr=0.175
step=27/200 epoch=1 loss=1.3540 head_lr=1165.8 muon_lr=0.174
step=28/200 epoch=1 loss=1.3758 head_lr=1159.1 muon_lr=0.173
step=29/200 epoch=1 loss=1.3442 head_lr=1152.4 muon_lr=0.172
step=30/200 epoch=1 loss=1.3117 head_lr=1145.7 muon_lr=0.171
step=31/200 epoch=1 loss=1.3304 head_lr=1139 muon_lr=0.17
step=32/200 epoch=1 loss=1.3301 head_lr=1132.3 muon_lr=0.169
step=33/200 epoch=1 loss=1.2997 head_lr=1125.6 muon_lr=0.168
step=34/200 epoch=1 loss=1.3039 head_lr=1118.9 muon_lr=0.167
step=35/200 epoch=1 loss=1.3033 head_lr=1112.2 muon_lr=0.166
step=36/200 epoch=1 loss=1.2902 head_lr=1105.5 muon_lr=0.165
step=37/200 epoch=1 loss=1.2734 head_lr=1098.8 muon_lr=0.164
step=38/200 epoch=1 loss=1.2539 head_lr=1092.1 muon_lr=0.163
step=39/200 epoch=1 loss=1.2824 head_lr=1085.4 muon_lr=0.162
step=40/200 epoch=1 loss=1.2624 head_lr=1078.7 muon_lr=0.161
step=41/200 epoch=1 loss=1.2590 head_lr=1072 muon_lr=0.16
step=42/200 epoch=1 loss=1.2719 head_lr=1065.3 muon_lr=0.159
step=43/200 epoch=1 loss=1.2426 head_lr=1058.6 muon_lr=0.158
step=44/200 epoch=1 loss=1.2567 head_lr=1051.9 muon_lr=0.157
step=45/200 epoch=1 loss=1.2307 head_lr=1045.2 muon_lr=0.156
step=46/200 epoch=1 loss=1.2291 head_lr=1038.5 muon_lr=0.155
step=47/200 epoch=1 loss=1.2328 head_lr=1031.8 muon_lr=0.154
step=48/200 epoch=1 loss=1.2285 head_lr=1025.1 muon_lr=0.153
step=49/200 epoch=1 loss=1.2348 head_lr=1018.4 muon_lr=0.152
step=50/200 epoch=1 loss=1.2630 head_lr=1011.7 muon_lr=0.151
eval epoch=1 val_acc=0.7029 time_seconds=2.5902
step=51/200 epoch=2 loss=1.2158 head_lr=1005 muon_lr=0.15
step=52/200 epoch=2 loss=1.2113 head_lr=998.3 muon_lr=0.149
step=53/200 epoch=2 loss=1.1950 head_lr=991.6 muon_lr=0.148
step=54/200 epoch=2 loss=1.1988 head_lr=984.9 muon_lr=0.147
step=55/200 epoch=2 loss=1.1850 head_lr=978.2 muon_lr=0.146
step=56/200 epoch=2 loss=1.1842 head_lr=971.5 muon_lr=0.145
step=57/200 epoch=2 loss=1.2219 head_lr=964.8 muon_lr=0.144
step=58/200 epoch=2 loss=1.2001 head_lr=958.1 muon_lr=0.143
step=59/200 epoch=2 loss=1.2042 head_lr=951.4 muon_lr=0.142
step=60/200 epoch=2 loss=1.1715 head_lr=944.7 muon_lr=0.141
step=61/200 epoch=2 loss=1.1760 head_lr=938 muon_lr=0.14
step=62/200 epoch=2 loss=1.1699 head_lr=931.3 muon_lr=0.139
step=63/200 epoch=2 loss=1.1867 head_lr=924.6 muon_lr=0.138
step=64/200 epoch=2 loss=1.1873 head_lr=917.9 muon_lr=0.137
step=65/200 epoch=2 loss=1.1873 head_lr=911.2 muon_lr=0.136
step=66/200 epoch=2 loss=1.1765 head_lr=904.5 muon_lr=0.135
step=67/200 epoch=2 loss=1.1835 head_lr=897.8 muon_lr=0.134
step=68/200 epoch=2 loss=1.1731 head_lr=891.1 muon_lr=0.133
step=69/200 epoch=2 loss=1.1592 head_lr=884.4 muon_lr=0.132
step=70/200 epoch=2 loss=1.1667 head_lr=877.7 muon_lr=0.131
step=71/200 epoch=2 loss=1.1609 head_lr=871 muon_lr=0.13
step=72/200 epoch=2 loss=1.1520 head_lr=864.3 muon_lr=0.129
step=73/200 epoch=2 loss=1.1503 head_lr=857.6 muon_lr=0.128
step=74/200 epoch=2 loss=1.1451 head_lr=850.9 muon_lr=0.127
step=75/200 epoch=2 loss=1.1794 head_lr=844.2 muon_lr=0.126
eval epoch=2 val_acc=0.8063 time_seconds=3.8817
step=76/200 epoch=3 loss=1.1313 head_lr=837.5 muon_lr=0.125
step=77/200 epoch=3 loss=1.1376 head_lr=830.8 muon_lr=0.124
step=78/200 epoch=3 loss=1.1052 head_lr=824.1 muon_lr=0.123
step=79/200 epoch=3 loss=1.1246 head_lr=817.4 muon_lr=0.122
step=80/200 epoch=3 loss=1.1259 head_lr=810.7 muon_lr=0.121
step=81/200 epoch=3 loss=1.1193 head_lr=804 muon_lr=0.12
step=82/200 epoch=3 loss=1.1270 head_lr=797.3 muon_lr=0.119
step=83/200 epoch=3 loss=1.1125 head_lr=790.6 muon_lr=0.118
step=84/200 epoch=3 loss=1.1380 head_lr=783.9 muon_lr=0.117
step=85/200 epoch=3 loss=1.1152 head_lr=777.2 muon_lr=0.116
step=86/200 epoch=3 loss=1.1330 head_lr=770.5 muon_lr=0.115
step=87/200 epoch=3 loss=1.1371 head_lr=763.8 muon_lr=0.114
step=88/200 epoch=3 loss=1.1318 head_lr=757.1 muon_lr=0.113
step=89/200 epoch=3 loss=1.1169 head_lr=750.4 muon_lr=0.112
step=90/200 epoch=3 loss=1.1322 head_lr=743.7 muon_lr=0.111
step=91/200 epoch=3 loss=1.1297 head_lr=737 muon_lr=0.11
step=92/200 epoch=3 loss=1.1222 head_lr=730.3 muon_lr=0.109
step=93/200 epoch=3 loss=1.1259 head_lr=723.6 muon_lr=0.108
step=94/200 epoch=3 loss=1.1210 head_lr=716.9 muon_lr=0.107
step=95/200 epoch=3 loss=1.0976 head_lr=710.2 muon_lr=0.106
step=96/200 epoch=3 loss=1.1181 head_lr=703.5 muon_lr=0.105
step=97/200 epoch=3 loss=1.1052 head_lr=696.8 muon_lr=0.104
step=98/200 epoch=3 loss=1.1055 head_lr=690.1 muon_lr=0.103
step=99/200 epoch=3 loss=1.1030 head_lr=683.4 muon_lr=0.102
step=100/200 epoch=3 loss=1.0868 head_lr=676.7 muon_lr=0.101
eval epoch=3 val_acc=0.8058 time_seconds=5.0862
step=101/200 epoch=4 loss=1.0842 head_lr=670 muon_lr=0.1
step=102/200 epoch=4 loss=1.0770 head_lr=663.3 muon_lr=0.099
step=103/200 epoch=4 loss=1.0763 head_lr=656.6 muon_lr=0.098
step=104/200 epoch=4 loss=1.0757 head_lr=649.9 muon_lr=0.097
step=105/200 epoch=4 loss=1.0588 head_lr=643.2 muon_lr=0.096
step=106/200 epoch=4 loss=1.0676 head_lr=636.5 muon_lr=0.095
step=107/200 epoch=4 loss=1.0744 head_lr=629.8 muon_lr=0.094
step=108/200 epoch=4 loss=1.0737 head_lr=623.1 muon_lr=0.093
step=109/200 epoch=4 loss=1.0809 head_lr=616.4 muon_lr=0.092
step=110/200 epoch=4 loss=1.0602 head_lr=609.7 muon_lr=0.091
step=111/200 epoch=4 loss=1.0615 head_lr=603 muon_lr=0.09
step=112/200 epoch=4 loss=1.0770 head_lr=596.3 muon_lr=0.089
step=113/200 epoch=4 loss=1.0705 head_lr=589.6 muon_lr=0.088
step=114/200 epoch=4 loss=1.0790 head_lr=582.9 muon_lr=0.087
step=115/200 epoch=4 loss=1.0642 head_lr=576.2 muon_lr=0.086
step=116/200 epoch=4 loss=1.0599 head_lr=569.5 muon_lr=0.085
step=117/200 epoch=4 loss=1.0777 head_lr=562.8 muon_lr=0.084
step=118/200 epoch=4 loss=1.0554 head_lr=556.1 muon_lr=0.083
step=119/200 epoch=4 loss=1.0683 head_lr=549.4 muon_lr=0.082
step=120/200 epoch=4 loss=1.0679 head_lr=542.7 muon_lr=0.081
step=121/200 epoch=4 loss=1.0500 head_lr=536 muon_lr=0.08
step=122/200 epoch=4 loss=1.0518 head_lr=529.3 muon_lr=0.079
step=123/200 epoch=4 loss=1.0434 head_lr=522.6 muon_lr=0.078
step=124/200 epoch=4 loss=1.0561 head_lr=515.9 muon_lr=0.077
step=125/200 epoch=4 loss=1.0666 head_lr=509.2 muon_lr=0.076
eval epoch=4 val_acc=0.8813 time_seconds=6.2894
step=126/200 epoch=5 loss=1.0234 head_lr=502.5 muon_lr=0.075
step=127/200 epoch=5 loss=1.0269 head_lr=495.8 muon_lr=0.074
step=128/200 epoch=5 loss=1.0282 head_lr=489.1 muon_lr=0.073
step=129/200 epoch=5 loss=1.0254 head_lr=482.4 muon_lr=0.072
step=130/200 epoch=5 loss=1.0140 head_lr=475.7 muon_lr=0.071
step=131/200 epoch=5 loss=1.0214 head_lr=469 muon_lr=0.07
step=132/200 epoch=5 loss=1.0212 head_lr=462.3 muon_lr=0.069
step=133/200 epoch=5 loss=1.0206 head_lr=455.6 muon_lr=0.068
step=134/200 epoch=5 loss=1.0133 head_lr=448.9 muon_lr=0.067
step=135/200 epoch=5 loss=1.0191 head_lr=442.2 muon_lr=0.066
step=136/200 epoch=5 loss=1.0258 head_lr=435.5 muon_lr=0.065
step=137/200 epoch=5 loss=1.0265 head_lr=428.8 muon_lr=0.064
step=138/200 epoch=5 loss=1.0311 head_lr=422.1 muon_lr=0.063
step=139/200 epoch=5 loss=1.0111 head_lr=415.4 muon_lr=0.062
step=140/200 epoch=5 loss=1.0287 head_lr=408.7 muon_lr=0.061
step=141/200 epoch=5 loss=1.0149 head_lr=402 muon_lr=0.06
step=142/200 epoch=5 loss=1.0026 head_lr=395.3 muon_lr=0.059
step=143/200 epoch=5 loss=1.0157 head_lr=388.6 muon_lr=0.058
step=144/200 epoch=5 loss=1.0231 head_lr=381.9 muon_lr=0.057
step=145/200 epoch=5 loss=1.0376 head_lr=375.2 muon_lr=0.056
step=146/200 epoch=5 loss=1.0156 head_lr=368.5 muon_lr=0.055
step=147/200 epoch=5 loss=1.0168 head_lr=361.8 muon_lr=0.054
step=148/200 epoch=5 loss=1.0124 head_lr=355.1 muon_lr=0.053
step=149/200 epoch=5 loss=1.0123 head_lr=348.4 muon_lr=0.052
step=150/200 epoch=5 loss=0.9981 head_lr=341.7 muon_lr=0.051
eval epoch=5 val_acc=0.9066 time_seconds=7.4942
step=151/200 epoch=6 loss=0.9847 head_lr=335 muon_lr=0.05
step=152/200 epoch=6 loss=0.9877 head_lr=328.3 muon_lr=0.049
step=153/200 epoch=6 loss=0.9786 head_lr=321.6 muon_lr=0.048
step=154/200 epoch=6 loss=0.9867 head_lr=314.9 muon_lr=0.047
step=155/200 epoch=6 loss=0.9787 head_lr=308.2 muon_lr=0.046
step=156/200 epoch=6 loss=0.9753 head_lr=301.5 muon_lr=0.045
step=157/200 epoch=6 loss=0.9699 head_lr=294.8 muon_lr=0.044
step=158/200 epoch=6 loss=0.9804 head_lr=288.1 muon_lr=0.043
step=159/200 epoch=6 loss=0.9806 head_lr=281.4 muon_lr=0.042
step=160/200 epoch=6 loss=0.9663 head_lr=274.7 muon_lr=0.041
step=161/200 epoch=6 loss=0.9773 head_lr=268 muon_lr=0.04
step=162/200 epoch=6 loss=0.9708 head_lr=261.3 muon_lr=0.039
step=163/200 epoch=6 loss=0.9829 head_lr=254.6 muon_lr=0.038
step=164/200 epoch=6 loss=0.9690 head_lr=247.9 muon_lr=0.037
step=165/200 epoch=6 loss=0.9783 head_lr=241.2 muon_lr=0.036
step=166/200 epoch=6 loss=0.9692 head_lr=234.5 muon_lr=0.035
step=167/200 epoch=6 loss=0.9712 head_lr=227.8 muon_lr=0.034
step=168/200 epoch=6 loss=0.9670 head_lr=221.1 muon_lr=0.033
step=169/200 epoch=6 loss=0.9741 head_lr=214.4 muon_lr=0.032
step=170/200 epoch=6 loss=0.9689 head_lr=207.7 muon_lr=0.031
step=171/200 epoch=6 loss=0.9588 head_lr=201 muon_lr=0.03
step=172/200 epoch=6 loss=0.9684 head_lr=194.3 muon_lr=0.029
step=173/200 epoch=6 loss=0.9740 head_lr=187.6 muon_lr=0.028
step=174/200 epoch=6 loss=0.9659 head_lr=180.9 muon_lr=0.027
step=175/200 epoch=6 loss=0.9701 head_lr=174.2 muon_lr=0.026
eval epoch=6 val_acc=0.9246 time_seconds=8.6979
step=176/200 epoch=7 loss=0.9452 head_lr=167.5 muon_lr=0.025
step=177/200 epoch=7 loss=0.9402 head_lr=160.8 muon_lr=0.024
step=178/200 epoch=7 loss=0.9449 head_lr=154.1 muon_lr=0.023
step=179/200 epoch=7 loss=0.9367 head_lr=147.4 muon_lr=0.022
step=180/200 epoch=7 loss=0.9424 head_lr=140.7 muon_lr=0.021
step=181/200 epoch=7 loss=0.9376 head_lr=134 muon_lr=0.02
step=182/200 epoch=7 loss=0.9378 head_lr=127.3 muon_lr=0.019
step=183/200 epoch=7 loss=0.9371 head_lr=120.6 muon_lr=0.018
step=184/200 epoch=7 loss=0.9331 head_lr=113.9 muon_lr=0.017
step=185/200 epoch=7 loss=0.9343 head_lr=107.2 muon_lr=0.016
step=186/200 epoch=7 loss=0.9395 head_lr=100.5 muon_lr=0.015
step=187/200 epoch=7 loss=0.9353 head_lr=93.8 muon_lr=0.014
step=188/200 epoch=7 loss=0.9423 head_lr=87.1 muon_lr=0.013
step=189/200 epoch=7 loss=0.9322 head_lr=80.4 muon_lr=0.012
step=190/200 epoch=7 loss=0.9350 head_lr=73.7 muon_lr=0.011
step=191/200 epoch=7 loss=0.9327 head_lr=67 muon_lr=0.01
step=192/200 epoch=7 loss=0.9310 head_lr=60.3 muon_lr=0.009
step=193/200 epoch=7 loss=0.9403 head_lr=53.6 muon_lr=0.008
step=194/200 epoch=7 loss=0.9302 head_lr=46.9 muon_lr=0.007
step=195/200 epoch=7 loss=0.9325 head_lr=40.2 muon_lr=0.006
step=196/200 epoch=7 loss=0.9361 head_lr=33.5 muon_lr=0.005
step=197/200 epoch=7 loss=0.9292 head_lr=26.8 muon_lr=0.004
step=198/200 epoch=7 loss=0.9363 head_lr=20.1 muon_lr=0.003
step=199/200 epoch=7 loss=0.9343 head_lr=13.4 muon_lr=0.002
step=200/200 epoch=7 loss=0.9360 head_lr=6.7 muon_lr=0.001
eval epoch=7 val_acc=0.9322 time_seconds=9.9033
eval epoch=final 25batch_train_loss=0.9000 val_acc=0.9322 tta_val_acc=0.9414 time_seconds=10.5159
Run:                12
Seed:               3
Seed group:         different_seed
Batch size:         2000
Muon lr:            0.2
SGD lr mult:        1
25batch train loss: 0.9000
Val acc:            0.9322
TTA val:            0.9414
cifar_reproducibility run=13 seed=4 seed_group=different_seed batch_size=2000 muon_lr=0.2
step=1/200 epoch=0 loss=2.3196 head_lr=1340 muon_lr=0.2
step=2/200 epoch=0 loss=2.2978 head_lr=1333.3 muon_lr=0.199
step=3/200 epoch=0 loss=2.2570 head_lr=1326.6 muon_lr=0.198
step=4/200 epoch=0 loss=2.0612 head_lr=1319.9 muon_lr=0.197
step=5/200 epoch=0 loss=1.9876 head_lr=1313.2 muon_lr=0.196
step=6/200 epoch=0 loss=1.9074 head_lr=1306.5 muon_lr=0.195
step=7/200 epoch=0 loss=1.8770 head_lr=1299.8 muon_lr=0.194
step=8/200 epoch=0 loss=1.8120 head_lr=1293.1 muon_lr=0.193
step=9/200 epoch=0 loss=1.7898 head_lr=1286.4 muon_lr=0.192
step=10/200 epoch=0 loss=1.7399 head_lr=1279.7 muon_lr=0.191
step=11/200 epoch=0 loss=1.6805 head_lr=1273 muon_lr=0.19
step=12/200 epoch=0 loss=1.6609 head_lr=1266.3 muon_lr=0.189
step=13/200 epoch=0 loss=1.6506 head_lr=1259.6 muon_lr=0.188
step=14/200 epoch=0 loss=1.6222 head_lr=1252.9 muon_lr=0.187
step=15/200 epoch=0 loss=1.5831 head_lr=1246.2 muon_lr=0.186
step=16/200 epoch=0 loss=1.5484 head_lr=1239.5 muon_lr=0.185
step=17/200 epoch=0 loss=1.5255 head_lr=1232.8 muon_lr=0.184
step=18/200 epoch=0 loss=1.4812 head_lr=1226.1 muon_lr=0.183
step=19/200 epoch=0 loss=1.5090 head_lr=1219.4 muon_lr=0.182
step=20/200 epoch=0 loss=1.4736 head_lr=1212.7 muon_lr=0.181
step=21/200 epoch=0 loss=1.4707 head_lr=1206 muon_lr=0.18
step=22/200 epoch=0 loss=1.4327 head_lr=1199.3 muon_lr=0.179
step=23/200 epoch=0 loss=1.4226 head_lr=1192.6 muon_lr=0.178
step=24/200 epoch=0 loss=1.4227 head_lr=1185.9 muon_lr=0.177
step=25/200 epoch=0 loss=1.4025 head_lr=1179.2 muon_lr=0.176
eval run=13 epoch=0 val_acc=0.6893 time_seconds=1.2966
step=26/200 epoch=1 loss=1.3746 head_lr=1172.5 muon_lr=0.175
step=27/200 epoch=1 loss=1.3308 head_lr=1165.8 muon_lr=0.174
step=28/200 epoch=1 loss=1.3585 head_lr=1159.1 muon_lr=0.173
step=29/200 epoch=1 loss=1.3291 head_lr=1152.4 muon_lr=0.172
step=30/200 epoch=1 loss=1.3485 head_lr=1145.7 muon_lr=0.171
step=31/200 epoch=1 loss=1.3237 head_lr=1139 muon_lr=0.17
step=32/200 epoch=1 loss=1.3199 head_lr=1132.3 muon_lr=0.169
step=33/200 epoch=1 loss=1.3050 head_lr=1125.6 muon_lr=0.168
step=34/200 epoch=1 loss=1.2879 head_lr=1118.9 muon_lr=0.167
step=35/200 epoch=1 loss=1.3119 head_lr=1112.2 muon_lr=0.166
step=36/200 epoch=1 loss=1.2951 head_lr=1105.5 muon_lr=0.165
step=37/200 epoch=1 loss=1.2472 head_lr=1098.8 muon_lr=0.164
step=38/200 epoch=1 loss=1.2674 head_lr=1092.1 muon_lr=0.163
step=39/200 epoch=1 loss=1.2399 head_lr=1085.4 muon_lr=0.162
step=40/200 epoch=1 loss=1.2736 head_lr=1078.7 muon_lr=0.161
step=41/200 epoch=1 loss=1.2732 head_lr=1072 muon_lr=0.16
step=42/200 epoch=1 loss=1.2480 head_lr=1065.3 muon_lr=0.159
step=43/200 epoch=1 loss=1.2608 head_lr=1058.6 muon_lr=0.158
step=44/200 epoch=1 loss=1.2542 head_lr=1051.9 muon_lr=0.157
step=45/200 epoch=1 loss=1.2390 head_lr=1045.2 muon_lr=0.156
step=46/200 epoch=1 loss=1.2421 head_lr=1038.5 muon_lr=0.155
step=47/200 epoch=1 loss=1.2149 head_lr=1031.8 muon_lr=0.154
step=48/200 epoch=1 loss=1.2334 head_lr=1025.1 muon_lr=0.153
step=49/200 epoch=1 loss=1.2328 head_lr=1018.4 muon_lr=0.152
step=50/200 epoch=1 loss=1.2150 head_lr=1011.7 muon_lr=0.151
eval epoch=1 val_acc=0.6972 time_seconds=2.5898
step=51/200 epoch=2 loss=1.2038 head_lr=1005 muon_lr=0.15
step=52/200 epoch=2 loss=1.2038 head_lr=998.3 muon_lr=0.149
step=53/200 epoch=2 loss=1.2009 head_lr=991.6 muon_lr=0.148
step=54/200 epoch=2 loss=1.2152 head_lr=984.9 muon_lr=0.147
step=55/200 epoch=2 loss=1.2016 head_lr=978.2 muon_lr=0.146
step=56/200 epoch=2 loss=1.1923 head_lr=971.5 muon_lr=0.145
step=57/200 epoch=2 loss=1.1980 head_lr=964.8 muon_lr=0.144
step=58/200 epoch=2 loss=1.1926 head_lr=958.1 muon_lr=0.143
step=59/200 epoch=2 loss=1.1929 head_lr=951.4 muon_lr=0.142
step=60/200 epoch=2 loss=1.1782 head_lr=944.7 muon_lr=0.141
step=61/200 epoch=2 loss=1.1929 head_lr=938 muon_lr=0.14
step=62/200 epoch=2 loss=1.1825 head_lr=931.3 muon_lr=0.139
step=63/200 epoch=2 loss=1.1822 head_lr=924.6 muon_lr=0.138
step=64/200 epoch=2 loss=1.1675 head_lr=917.9 muon_lr=0.137
step=65/200 epoch=2 loss=1.1549 head_lr=911.2 muon_lr=0.136
step=66/200 epoch=2 loss=1.1408 head_lr=904.5 muon_lr=0.135
step=67/200 epoch=2 loss=1.1790 head_lr=897.8 muon_lr=0.134
step=68/200 epoch=2 loss=1.1664 head_lr=891.1 muon_lr=0.133
step=69/200 epoch=2 loss=1.1783 head_lr=884.4 muon_lr=0.132
step=70/200 epoch=2 loss=1.1947 head_lr=877.7 muon_lr=0.131
step=71/200 epoch=2 loss=1.1748 head_lr=871 muon_lr=0.13
step=72/200 epoch=2 loss=1.1771 head_lr=864.3 muon_lr=0.129
step=73/200 epoch=2 loss=1.1602 head_lr=857.6 muon_lr=0.128
step=74/200 epoch=2 loss=1.1514 head_lr=850.9 muon_lr=0.127
step=75/200 epoch=2 loss=1.1688 head_lr=844.2 muon_lr=0.126
eval epoch=2 val_acc=0.8492 time_seconds=3.8825
step=76/200 epoch=3 loss=1.1186 head_lr=837.5 muon_lr=0.125
step=77/200 epoch=3 loss=1.1293 head_lr=830.8 muon_lr=0.124
step=78/200 epoch=3 loss=1.1343 head_lr=824.1 muon_lr=0.123
step=79/200 epoch=3 loss=1.1130 head_lr=817.4 muon_lr=0.122
step=80/200 epoch=3 loss=1.1156 head_lr=810.7 muon_lr=0.121
step=81/200 epoch=3 loss=1.1385 head_lr=804 muon_lr=0.12
step=82/200 epoch=3 loss=1.1226 head_lr=797.3 muon_lr=0.119
step=83/200 epoch=3 loss=1.1152 head_lr=790.6 muon_lr=0.118
step=84/200 epoch=3 loss=1.1275 head_lr=783.9 muon_lr=0.117
step=85/200 epoch=3 loss=1.1405 head_lr=777.2 muon_lr=0.116
step=86/200 epoch=3 loss=1.1273 head_lr=770.5 muon_lr=0.115
step=87/200 epoch=3 loss=1.1226 head_lr=763.8 muon_lr=0.114
step=88/200 epoch=3 loss=1.1228 head_lr=757.1 muon_lr=0.113
step=89/200 epoch=3 loss=1.1172 head_lr=750.4 muon_lr=0.112
step=90/200 epoch=3 loss=1.1000 head_lr=743.7 muon_lr=0.111
step=91/200 epoch=3 loss=1.1310 head_lr=737 muon_lr=0.11
step=92/200 epoch=3 loss=1.0972 head_lr=730.3 muon_lr=0.109
step=93/200 epoch=3 loss=1.1087 head_lr=723.6 muon_lr=0.108
step=94/200 epoch=3 loss=1.1100 head_lr=716.9 muon_lr=0.107
step=95/200 epoch=3 loss=1.0948 head_lr=710.2 muon_lr=0.106
step=96/200 epoch=3 loss=1.1077 head_lr=703.5 muon_lr=0.105
step=97/200 epoch=3 loss=1.1064 head_lr=696.8 muon_lr=0.104
step=98/200 epoch=3 loss=1.1129 head_lr=690.1 muon_lr=0.103
step=99/200 epoch=3 loss=1.0953 head_lr=683.4 muon_lr=0.102
step=100/200 epoch=3 loss=1.1088 head_lr=676.7 muon_lr=0.101
eval epoch=3 val_acc=0.8357 time_seconds=5.0868
step=101/200 epoch=4 loss=1.0852 head_lr=670 muon_lr=0.1
step=102/200 epoch=4 loss=1.0654 head_lr=663.3 muon_lr=0.099
step=103/200 epoch=4 loss=1.0806 head_lr=656.6 muon_lr=0.098
step=104/200 epoch=4 loss=1.0901 head_lr=649.9 muon_lr=0.097
step=105/200 epoch=4 loss=1.0697 head_lr=643.2 muon_lr=0.096
step=106/200 epoch=4 loss=1.0858 head_lr=636.5 muon_lr=0.095
step=107/200 epoch=4 loss=1.0779 head_lr=629.8 muon_lr=0.094
step=108/200 epoch=4 loss=1.0758 head_lr=623.1 muon_lr=0.093
step=109/200 epoch=4 loss=1.0631 head_lr=616.4 muon_lr=0.092
step=110/200 epoch=4 loss=1.0740 head_lr=609.7 muon_lr=0.091
step=111/200 epoch=4 loss=1.0643 head_lr=603 muon_lr=0.09
step=112/200 epoch=4 loss=1.0558 head_lr=596.3 muon_lr=0.089
step=113/200 epoch=4 loss=1.0805 head_lr=589.6 muon_lr=0.088
step=114/200 epoch=4 loss=1.0719 head_lr=582.9 muon_lr=0.087
step=115/200 epoch=4 loss=1.0675 head_lr=576.2 muon_lr=0.086
step=116/200 epoch=4 loss=1.0586 head_lr=569.5 muon_lr=0.085
step=117/200 epoch=4 loss=1.0720 head_lr=562.8 muon_lr=0.084
step=118/200 epoch=4 loss=1.0625 head_lr=556.1 muon_lr=0.083
step=119/200 epoch=4 loss=1.0671 head_lr=549.4 muon_lr=0.082
step=120/200 epoch=4 loss=1.0702 head_lr=542.7 muon_lr=0.081
step=121/200 epoch=4 loss=1.0734 head_lr=536 muon_lr=0.08
step=122/200 epoch=4 loss=1.0449 head_lr=529.3 muon_lr=0.079
step=123/200 epoch=4 loss=1.0610 head_lr=522.6 muon_lr=0.078
step=124/200 epoch=4 loss=1.0537 head_lr=515.9 muon_lr=0.077
step=125/200 epoch=4 loss=1.0468 head_lr=509.2 muon_lr=0.076
eval epoch=4 val_acc=0.8884 time_seconds=6.2906
step=126/200 epoch=5 loss=1.0298 head_lr=502.5 muon_lr=0.075
step=127/200 epoch=5 loss=1.0182 head_lr=495.8 muon_lr=0.074
step=128/200 epoch=5 loss=1.0293 head_lr=489.1 muon_lr=0.073
step=129/200 epoch=5 loss=1.0322 head_lr=482.4 muon_lr=0.072
step=130/200 epoch=5 loss=1.0390 head_lr=475.7 muon_lr=0.071
step=131/200 epoch=5 loss=1.0103 head_lr=469 muon_lr=0.07
step=132/200 epoch=5 loss=1.0139 head_lr=462.3 muon_lr=0.069
step=133/200 epoch=5 loss=1.0152 head_lr=455.6 muon_lr=0.068
step=134/200 epoch=5 loss=1.0108 head_lr=448.9 muon_lr=0.067
step=135/200 epoch=5 loss=1.0339 head_lr=442.2 muon_lr=0.066
step=136/200 epoch=5 loss=1.0271 head_lr=435.5 muon_lr=0.065
step=137/200 epoch=5 loss=1.0121 head_lr=428.8 muon_lr=0.064
step=138/200 epoch=5 loss=1.0243 head_lr=422.1 muon_lr=0.063
step=139/200 epoch=5 loss=1.0308 head_lr=415.4 muon_lr=0.062
step=140/200 epoch=5 loss=1.0042 head_lr=408.7 muon_lr=0.061
step=141/200 epoch=5 loss=1.0111 head_lr=402 muon_lr=0.06
step=142/200 epoch=5 loss=1.0072 head_lr=395.3 muon_lr=0.059
step=143/200 epoch=5 loss=1.0211 head_lr=388.6 muon_lr=0.058
step=144/200 epoch=5 loss=1.0088 head_lr=381.9 muon_lr=0.057
step=145/200 epoch=5 loss=1.0215 head_lr=375.2 muon_lr=0.056
step=146/200 epoch=5 loss=1.0095 head_lr=368.5 muon_lr=0.055
step=147/200 epoch=5 loss=1.0082 head_lr=361.8 muon_lr=0.054
step=148/200 epoch=5 loss=1.0163 head_lr=355.1 muon_lr=0.053
step=149/200 epoch=5 loss=0.9978 head_lr=348.4 muon_lr=0.052
step=150/200 epoch=5 loss=1.0136 head_lr=341.7 muon_lr=0.051
eval epoch=5 val_acc=0.9018 time_seconds=7.4937
step=151/200 epoch=6 loss=0.9830 head_lr=335 muon_lr=0.05
step=152/200 epoch=6 loss=0.9747 head_lr=328.3 muon_lr=0.049
step=153/200 epoch=6 loss=0.9771 head_lr=321.6 muon_lr=0.048
step=154/200 epoch=6 loss=0.9810 head_lr=314.9 muon_lr=0.047
step=155/200 epoch=6 loss=0.9768 head_lr=308.2 muon_lr=0.046
step=156/200 epoch=6 loss=0.9832 head_lr=301.5 muon_lr=0.045
step=157/200 epoch=6 loss=0.9713 head_lr=294.8 muon_lr=0.044
step=158/200 epoch=6 loss=0.9775 head_lr=288.1 muon_lr=0.043
step=159/200 epoch=6 loss=0.9799 head_lr=281.4 muon_lr=0.042
step=160/200 epoch=6 loss=0.9764 head_lr=274.7 muon_lr=0.041
step=161/200 epoch=6 loss=0.9817 head_lr=268 muon_lr=0.04
step=162/200 epoch=6 loss=0.9769 head_lr=261.3 muon_lr=0.039
step=163/200 epoch=6 loss=0.9738 head_lr=254.6 muon_lr=0.038
step=164/200 epoch=6 loss=0.9726 head_lr=247.9 muon_lr=0.037
step=165/200 epoch=6 loss=0.9829 head_lr=241.2 muon_lr=0.036
step=166/200 epoch=6 loss=0.9653 head_lr=234.5 muon_lr=0.035
step=167/200 epoch=6 loss=0.9702 head_lr=227.8 muon_lr=0.034
step=168/200 epoch=6 loss=0.9646 head_lr=221.1 muon_lr=0.033
step=169/200 epoch=6 loss=0.9645 head_lr=214.4 muon_lr=0.032
step=170/200 epoch=6 loss=0.9663 head_lr=207.7 muon_lr=0.031
step=171/200 epoch=6 loss=0.9772 head_lr=201 muon_lr=0.03
step=172/200 epoch=6 loss=0.9724 head_lr=194.3 muon_lr=0.029
step=173/200 epoch=6 loss=0.9680 head_lr=187.6 muon_lr=0.028
step=174/200 epoch=6 loss=0.9613 head_lr=180.9 muon_lr=0.027
step=175/200 epoch=6 loss=0.9679 head_lr=174.2 muon_lr=0.026
eval epoch=6 val_acc=0.9190 time_seconds=8.6986
step=176/200 epoch=7 loss=0.9401 head_lr=167.5 muon_lr=0.025
step=177/200 epoch=7 loss=0.9449 head_lr=160.8 muon_lr=0.024
step=178/200 epoch=7 loss=0.9406 head_lr=154.1 muon_lr=0.023
step=179/200 epoch=7 loss=0.9458 head_lr=147.4 muon_lr=0.022
step=180/200 epoch=7 loss=0.9420 head_lr=140.7 muon_lr=0.021
step=181/200 epoch=7 loss=0.9323 head_lr=134 muon_lr=0.02
step=182/200 epoch=7 loss=0.9397 head_lr=127.3 muon_lr=0.019
step=183/200 epoch=7 loss=0.9400 head_lr=120.6 muon_lr=0.018
step=184/200 epoch=7 loss=0.9352 head_lr=113.9 muon_lr=0.017
step=185/200 epoch=7 loss=0.9390 head_lr=107.2 muon_lr=0.016
step=186/200 epoch=7 loss=0.9369 head_lr=100.5 muon_lr=0.015
step=187/200 epoch=7 loss=0.9354 head_lr=93.8 muon_lr=0.014
step=188/200 epoch=7 loss=0.9362 head_lr=87.1 muon_lr=0.013
step=189/200 epoch=7 loss=0.9399 head_lr=80.4 muon_lr=0.012
step=190/200 epoch=7 loss=0.9397 head_lr=73.7 muon_lr=0.011
step=191/200 epoch=7 loss=0.9310 head_lr=67 muon_lr=0.01
step=192/200 epoch=7 loss=0.9297 head_lr=60.3 muon_lr=0.009
step=193/200 epoch=7 loss=0.9398 head_lr=53.6 muon_lr=0.008
step=194/200 epoch=7 loss=0.9239 head_lr=46.9 muon_lr=0.007
step=195/200 epoch=7 loss=0.9274 head_lr=40.2 muon_lr=0.006
step=196/200 epoch=7 loss=0.9353 head_lr=33.5 muon_lr=0.005
step=197/200 epoch=7 loss=0.9324 head_lr=26.8 muon_lr=0.004
step=198/200 epoch=7 loss=0.9314 head_lr=20.1 muon_lr=0.003
step=199/200 epoch=7 loss=0.9263 head_lr=13.4 muon_lr=0.002
step=200/200 epoch=7 loss=0.9292 head_lr=6.7 muon_lr=0.001
eval epoch=7 val_acc=0.9263 time_seconds=9.9023
eval epoch=final 25batch_train_loss=0.8992 val_acc=0.9263 tta_val_acc=0.9372 time_seconds=10.5144
Run:                13
Seed:               4
Seed group:         different_seed
Batch size:         2000
Muon lr:            0.2
SGD lr mult:        1
25batch train loss: 0.8992
Val acc:            0.9263
TTA val:            0.9372
cifar_reproducibility run=14 seed=5 seed_group=different_seed batch_size=2000 muon_lr=0.2
step=1/200 epoch=0 loss=2.2958 head_lr=1340 muon_lr=0.2
step=2/200 epoch=0 loss=2.2390 head_lr=1333.3 muon_lr=0.199
step=3/200 epoch=0 loss=2.2215 head_lr=1326.6 muon_lr=0.198
step=4/200 epoch=0 loss=2.0274 head_lr=1319.9 muon_lr=0.197
step=5/200 epoch=0 loss=1.9365 head_lr=1313.2 muon_lr=0.196
step=6/200 epoch=0 loss=1.8924 head_lr=1306.5 muon_lr=0.195
step=7/200 epoch=0 loss=1.8578 head_lr=1299.8 muon_lr=0.194
step=8/200 epoch=0 loss=1.8028 head_lr=1293.1 muon_lr=0.193
step=9/200 epoch=0 loss=1.7973 head_lr=1286.4 muon_lr=0.192
step=10/200 epoch=0 loss=1.7233 head_lr=1279.7 muon_lr=0.191
step=11/200 epoch=0 loss=1.7136 head_lr=1273 muon_lr=0.19
step=12/200 epoch=0 loss=1.7238 head_lr=1266.3 muon_lr=0.189
step=13/200 epoch=0 loss=1.6350 head_lr=1259.6 muon_lr=0.188
step=14/200 epoch=0 loss=1.5860 head_lr=1252.9 muon_lr=0.187
step=15/200 epoch=0 loss=1.5548 head_lr=1246.2 muon_lr=0.186
step=16/200 epoch=0 loss=1.5552 head_lr=1239.5 muon_lr=0.185
step=17/200 epoch=0 loss=1.5010 head_lr=1232.8 muon_lr=0.184
step=18/200 epoch=0 loss=1.4799 head_lr=1226.1 muon_lr=0.183
step=19/200 epoch=0 loss=1.4271 head_lr=1219.4 muon_lr=0.182
step=20/200 epoch=0 loss=1.4348 head_lr=1212.7 muon_lr=0.181
step=21/200 epoch=0 loss=1.4270 head_lr=1206 muon_lr=0.18
step=22/200 epoch=0 loss=1.4218 head_lr=1199.3 muon_lr=0.179
step=23/200 epoch=0 loss=1.4473 head_lr=1192.6 muon_lr=0.178
step=24/200 epoch=0 loss=1.3918 head_lr=1185.9 muon_lr=0.177
step=25/200 epoch=0 loss=1.3650 head_lr=1179.2 muon_lr=0.176
eval run=14 epoch=0 val_acc=0.6736 time_seconds=1.2947
step=26/200 epoch=1 loss=1.3326 head_lr=1172.5 muon_lr=0.175
step=27/200 epoch=1 loss=1.3847 head_lr=1165.8 muon_lr=0.174
step=28/200 epoch=1 loss=1.3404 head_lr=1159.1 muon_lr=0.173
step=29/200 epoch=1 loss=1.3354 head_lr=1152.4 muon_lr=0.172
step=30/200 epoch=1 loss=1.3282 head_lr=1145.7 muon_lr=0.171
step=31/200 epoch=1 loss=1.3465 head_lr=1139 muon_lr=0.17
step=32/200 epoch=1 loss=1.3488 head_lr=1132.3 muon_lr=0.169
step=33/200 epoch=1 loss=1.2961 head_lr=1125.6 muon_lr=0.168
step=34/200 epoch=1 loss=1.2552 head_lr=1118.9 muon_lr=0.167
step=35/200 epoch=1 loss=1.2710 head_lr=1112.2 muon_lr=0.166
step=36/200 epoch=1 loss=1.2966 head_lr=1105.5 muon_lr=0.165
step=37/200 epoch=1 loss=1.2570 head_lr=1098.8 muon_lr=0.164
step=38/200 epoch=1 loss=1.2813 head_lr=1092.1 muon_lr=0.163
step=39/200 epoch=1 loss=1.2832 head_lr=1085.4 muon_lr=0.162
step=40/200 epoch=1 loss=1.2770 head_lr=1078.7 muon_lr=0.161
step=41/200 epoch=1 loss=1.2481 head_lr=1072 muon_lr=0.16
step=42/200 epoch=1 loss=1.2489 head_lr=1065.3 muon_lr=0.159
step=43/200 epoch=1 loss=1.2343 head_lr=1058.6 muon_lr=0.158
step=44/200 epoch=1 loss=1.2518 head_lr=1051.9 muon_lr=0.157
step=45/200 epoch=1 loss=1.2341 head_lr=1045.2 muon_lr=0.156
step=46/200 epoch=1 loss=1.2734 head_lr=1038.5 muon_lr=0.155
step=47/200 epoch=1 loss=1.2075 head_lr=1031.8 muon_lr=0.154
step=48/200 epoch=1 loss=1.2300 head_lr=1025.1 muon_lr=0.153
step=49/200 epoch=1 loss=1.2297 head_lr=1018.4 muon_lr=0.152
step=50/200 epoch=1 loss=1.2372 head_lr=1011.7 muon_lr=0.151
eval epoch=1 val_acc=0.7675 time_seconds=2.5888
step=51/200 epoch=2 loss=1.2154 head_lr=1005 muon_lr=0.15
step=52/200 epoch=2 loss=1.1960 head_lr=998.3 muon_lr=0.149
step=53/200 epoch=2 loss=1.2190 head_lr=991.6 muon_lr=0.148
step=54/200 epoch=2 loss=1.2251 head_lr=984.9 muon_lr=0.147
step=55/200 epoch=2 loss=1.1903 head_lr=978.2 muon_lr=0.146
step=56/200 epoch=2 loss=1.2086 head_lr=971.5 muon_lr=0.145
step=57/200 epoch=2 loss=1.1835 head_lr=964.8 muon_lr=0.144
step=58/200 epoch=2 loss=1.1905 head_lr=958.1 muon_lr=0.143
step=59/200 epoch=2 loss=1.1962 head_lr=951.4 muon_lr=0.142
step=60/200 epoch=2 loss=1.2041 head_lr=944.7 muon_lr=0.141
step=61/200 epoch=2 loss=1.1675 head_lr=938 muon_lr=0.14
step=62/200 epoch=2 loss=1.1589 head_lr=931.3 muon_lr=0.139
step=63/200 epoch=2 loss=1.1854 head_lr=924.6 muon_lr=0.138
step=64/200 epoch=2 loss=1.1852 head_lr=917.9 muon_lr=0.137
step=65/200 epoch=2 loss=1.1932 head_lr=911.2 muon_lr=0.136
step=66/200 epoch=2 loss=1.1894 head_lr=904.5 muon_lr=0.135
step=67/200 epoch=2 loss=1.1847 head_lr=897.8 muon_lr=0.134
step=68/200 epoch=2 loss=1.1657 head_lr=891.1 muon_lr=0.133
step=69/200 epoch=2 loss=1.1448 head_lr=884.4 muon_lr=0.132
step=70/200 epoch=2 loss=1.1721 head_lr=877.7 muon_lr=0.131
step=71/200 epoch=2 loss=1.1532 head_lr=871 muon_lr=0.13
step=72/200 epoch=2 loss=1.1767 head_lr=864.3 muon_lr=0.129
step=73/200 epoch=2 loss=1.1619 head_lr=857.6 muon_lr=0.128
step=74/200 epoch=2 loss=1.1719 head_lr=850.9 muon_lr=0.127
step=75/200 epoch=2 loss=1.1498 head_lr=844.2 muon_lr=0.126
eval epoch=2 val_acc=0.7891 time_seconds=3.8824
step=76/200 epoch=3 loss=1.1402 head_lr=837.5 muon_lr=0.125
step=77/200 epoch=3 loss=1.1363 head_lr=830.8 muon_lr=0.124
step=78/200 epoch=3 loss=1.1304 head_lr=824.1 muon_lr=0.123
step=79/200 epoch=3 loss=1.1388 head_lr=817.4 muon_lr=0.122
step=80/200 epoch=3 loss=1.1315 head_lr=810.7 muon_lr=0.121
step=81/200 epoch=3 loss=1.1282 head_lr=804 muon_lr=0.12
step=82/200 epoch=3 loss=1.1148 head_lr=797.3 muon_lr=0.119
step=83/200 epoch=3 loss=1.1236 head_lr=790.6 muon_lr=0.118
step=84/200 epoch=3 loss=1.1327 head_lr=783.9 muon_lr=0.117
step=85/200 epoch=3 loss=1.1057 head_lr=777.2 muon_lr=0.116
step=86/200 epoch=3 loss=1.1268 head_lr=770.5 muon_lr=0.115
step=87/200 epoch=3 loss=1.1129 head_lr=763.8 muon_lr=0.114
step=88/200 epoch=3 loss=1.1138 head_lr=757.1 muon_lr=0.113
step=89/200 epoch=3 loss=1.1097 head_lr=750.4 muon_lr=0.112
step=90/200 epoch=3 loss=1.1249 head_lr=743.7 muon_lr=0.111
step=91/200 epoch=3 loss=1.1064 head_lr=737 muon_lr=0.11
step=92/200 epoch=3 loss=1.1126 head_lr=730.3 muon_lr=0.109
step=93/200 epoch=3 loss=1.1360 head_lr=723.6 muon_lr=0.108
step=94/200 epoch=3 loss=1.1243 head_lr=716.9 muon_lr=0.107
step=95/200 epoch=3 loss=1.1103 head_lr=710.2 muon_lr=0.106
step=96/200 epoch=3 loss=1.1071 head_lr=703.5 muon_lr=0.105
step=97/200 epoch=3 loss=1.1055 head_lr=696.8 muon_lr=0.104
step=98/200 epoch=3 loss=1.1045 head_lr=690.1 muon_lr=0.103
step=99/200 epoch=3 loss=1.1083 head_lr=683.4 muon_lr=0.102
step=100/200 epoch=3 loss=1.1037 head_lr=676.7 muon_lr=0.101
eval epoch=3 val_acc=0.8498 time_seconds=5.0876
step=101/200 epoch=4 loss=1.0781 head_lr=670 muon_lr=0.1
step=102/200 epoch=4 loss=1.0938 head_lr=663.3 muon_lr=0.099
step=103/200 epoch=4 loss=1.0737 head_lr=656.6 muon_lr=0.098
step=104/200 epoch=4 loss=1.0854 head_lr=649.9 muon_lr=0.097
step=105/200 epoch=4 loss=1.0813 head_lr=643.2 muon_lr=0.096
step=106/200 epoch=4 loss=1.0710 head_lr=636.5 muon_lr=0.095
step=107/200 epoch=4 loss=1.0716 head_lr=629.8 muon_lr=0.094
step=108/200 epoch=4 loss=1.0840 head_lr=623.1 muon_lr=0.093
step=109/200 epoch=4 loss=1.0681 head_lr=616.4 muon_lr=0.092
step=110/200 epoch=4 loss=1.0663 head_lr=609.7 muon_lr=0.091
step=111/200 epoch=4 loss=1.0703 head_lr=603 muon_lr=0.09
step=112/200 epoch=4 loss=1.0728 head_lr=596.3 muon_lr=0.089
step=113/200 epoch=4 loss=1.0737 head_lr=589.6 muon_lr=0.088
step=114/200 epoch=4 loss=1.0663 head_lr=582.9 muon_lr=0.087
step=115/200 epoch=4 loss=1.0675 head_lr=576.2 muon_lr=0.086
step=116/200 epoch=4 loss=1.0551 head_lr=569.5 muon_lr=0.085
step=117/200 epoch=4 loss=1.0651 head_lr=562.8 muon_lr=0.084
step=118/200 epoch=4 loss=1.0586 head_lr=556.1 muon_lr=0.083
step=119/200 epoch=4 loss=1.0728 head_lr=549.4 muon_lr=0.082
step=120/200 epoch=4 loss=1.0703 head_lr=542.7 muon_lr=0.081
step=121/200 epoch=4 loss=1.0578 head_lr=536 muon_lr=0.08
step=122/200 epoch=4 loss=1.0638 head_lr=529.3 muon_lr=0.079
step=123/200 epoch=4 loss=1.0526 head_lr=522.6 muon_lr=0.078
step=124/200 epoch=4 loss=1.0664 head_lr=515.9 muon_lr=0.077
step=125/200 epoch=4 loss=1.0539 head_lr=509.2 muon_lr=0.076
eval epoch=4 val_acc=0.8934 time_seconds=6.2913
step=126/200 epoch=5 loss=1.0242 head_lr=502.5 muon_lr=0.075
step=127/200 epoch=5 loss=1.0320 head_lr=495.8 muon_lr=0.074
step=128/200 epoch=5 loss=1.0420 head_lr=489.1 muon_lr=0.073
step=129/200 epoch=5 loss=1.0261 head_lr=482.4 muon_lr=0.072
step=130/200 epoch=5 loss=1.0373 head_lr=475.7 muon_lr=0.071
step=131/200 epoch=5 loss=1.0186 head_lr=469 muon_lr=0.07
step=132/200 epoch=5 loss=1.0118 head_lr=462.3 muon_lr=0.069
step=133/200 epoch=5 loss=1.0108 head_lr=455.6 muon_lr=0.068
step=134/200 epoch=5 loss=1.0121 head_lr=448.9 muon_lr=0.067
step=135/200 epoch=5 loss=1.0372 head_lr=442.2 muon_lr=0.066
step=136/200 epoch=5 loss=1.0307 head_lr=435.5 muon_lr=0.065
step=137/200 epoch=5 loss=1.0267 head_lr=428.8 muon_lr=0.064
step=138/200 epoch=5 loss=1.0130 head_lr=422.1 muon_lr=0.063
step=139/200 epoch=5 loss=1.0314 head_lr=415.4 muon_lr=0.062
step=140/200 epoch=5 loss=1.0301 head_lr=408.7 muon_lr=0.061
step=141/200 epoch=5 loss=1.0078 head_lr=402 muon_lr=0.06
step=142/200 epoch=5 loss=1.0123 head_lr=395.3 muon_lr=0.059
step=143/200 epoch=5 loss=1.0156 head_lr=388.6 muon_lr=0.058
step=144/200 epoch=5 loss=1.0219 head_lr=381.9 muon_lr=0.057
step=145/200 epoch=5 loss=1.0026 head_lr=375.2 muon_lr=0.056
step=146/200 epoch=5 loss=1.0150 head_lr=368.5 muon_lr=0.055
step=147/200 epoch=5 loss=1.0118 head_lr=361.8 muon_lr=0.054
step=148/200 epoch=5 loss=1.0128 head_lr=355.1 muon_lr=0.053
step=149/200 epoch=5 loss=1.0126 head_lr=348.4 muon_lr=0.052
step=150/200 epoch=5 loss=1.0071 head_lr=341.7 muon_lr=0.051
eval epoch=5 val_acc=0.9114 time_seconds=7.4957
step=151/200 epoch=6 loss=0.9790 head_lr=335 muon_lr=0.05
step=152/200 epoch=6 loss=0.9843 head_lr=328.3 muon_lr=0.049
step=153/200 epoch=6 loss=0.9727 head_lr=321.6 muon_lr=0.048
step=154/200 epoch=6 loss=0.9774 head_lr=314.9 muon_lr=0.047
step=155/200 epoch=6 loss=0.9722 head_lr=308.2 muon_lr=0.046
step=156/200 epoch=6 loss=0.9822 head_lr=301.5 muon_lr=0.045
step=157/200 epoch=6 loss=0.9769 head_lr=294.8 muon_lr=0.044
step=158/200 epoch=6 loss=0.9830 head_lr=288.1 muon_lr=0.043
step=159/200 epoch=6 loss=0.9763 head_lr=281.4 muon_lr=0.042
step=160/200 epoch=6 loss=0.9720 head_lr=274.7 muon_lr=0.041
step=161/200 epoch=6 loss=0.9748 head_lr=268 muon_lr=0.04
step=162/200 epoch=6 loss=0.9741 head_lr=261.3 muon_lr=0.039
step=163/200 epoch=6 loss=0.9734 head_lr=254.6 muon_lr=0.038
step=164/200 epoch=6 loss=0.9840 head_lr=247.9 muon_lr=0.037
step=165/200 epoch=6 loss=0.9776 head_lr=241.2 muon_lr=0.036
step=166/200 epoch=6 loss=0.9728 head_lr=234.5 muon_lr=0.035
step=167/200 epoch=6 loss=0.9717 head_lr=227.8 muon_lr=0.034
step=168/200 epoch=6 loss=0.9809 head_lr=221.1 muon_lr=0.033
step=169/200 epoch=6 loss=0.9778 head_lr=214.4 muon_lr=0.032
step=170/200 epoch=6 loss=0.9743 head_lr=207.7 muon_lr=0.031
step=171/200 epoch=6 loss=0.9677 head_lr=201 muon_lr=0.03
step=172/200 epoch=6 loss=0.9635 head_lr=194.3 muon_lr=0.029
step=173/200 epoch=6 loss=0.9775 head_lr=187.6 muon_lr=0.028
step=174/200 epoch=6 loss=0.9641 head_lr=180.9 muon_lr=0.027
step=175/200 epoch=6 loss=0.9776 head_lr=174.2 muon_lr=0.026
eval epoch=6 val_acc=0.9210 time_seconds=8.6997
step=176/200 epoch=7 loss=0.9427 head_lr=167.5 muon_lr=0.025
step=177/200 epoch=7 loss=0.9413 head_lr=160.8 muon_lr=0.024
step=178/200 epoch=7 loss=0.9433 head_lr=154.1 muon_lr=0.023
step=179/200 epoch=7 loss=0.9456 head_lr=147.4 muon_lr=0.022
step=180/200 epoch=7 loss=0.9383 head_lr=140.7 muon_lr=0.021
step=181/200 epoch=7 loss=0.9422 head_lr=134 muon_lr=0.02
step=182/200 epoch=7 loss=0.9414 head_lr=127.3 muon_lr=0.019
step=183/200 epoch=7 loss=0.9415 head_lr=120.6 muon_lr=0.018
step=184/200 epoch=7 loss=0.9397 head_lr=113.9 muon_lr=0.017
step=185/200 epoch=7 loss=0.9390 head_lr=107.2 muon_lr=0.016
step=186/200 epoch=7 loss=0.9340 head_lr=100.5 muon_lr=0.015
step=187/200 epoch=7 loss=0.9417 head_lr=93.8 muon_lr=0.014
step=188/200 epoch=7 loss=0.9403 head_lr=87.1 muon_lr=0.013
step=189/200 epoch=7 loss=0.9427 head_lr=80.4 muon_lr=0.012
step=190/200 epoch=7 loss=0.9372 head_lr=73.7 muon_lr=0.011
step=191/200 epoch=7 loss=0.9326 head_lr=67 muon_lr=0.01
step=192/200 epoch=7 loss=0.9384 head_lr=60.3 muon_lr=0.009
step=193/200 epoch=7 loss=0.9330 head_lr=53.6 muon_lr=0.008
step=194/200 epoch=7 loss=0.9398 head_lr=46.9 muon_lr=0.007
step=195/200 epoch=7 loss=0.9319 head_lr=40.2 muon_lr=0.006
step=196/200 epoch=7 loss=0.9334 head_lr=33.5 muon_lr=0.005
step=197/200 epoch=7 loss=0.9374 head_lr=26.8 muon_lr=0.004
step=198/200 epoch=7 loss=0.9279 head_lr=20.1 muon_lr=0.003
step=199/200 epoch=7 loss=0.9303 head_lr=13.4 muon_lr=0.002
step=200/200 epoch=7 loss=0.9240 head_lr=6.7 muon_lr=0.001
eval epoch=7 val_acc=0.9310 time_seconds=9.9063
eval epoch=final 25batch_train_loss=0.8999 val_acc=0.9310 tta_val_acc=0.9383 time_seconds=10.5180
Run:                14
Seed:               5
Seed group:         different_seed
Batch size:         2000
Muon lr:            0.2
SGD lr mult:        1
25batch train loss: 0.8999
Val acc:            0.9310
TTA val:            0.9383
cifar_reproducibility run=15 seed=6 seed_group=different_seed batch_size=2000 muon_lr=0.2
step=1/200 epoch=0 loss=2.3039 head_lr=1340 muon_lr=0.2
step=2/200 epoch=0 loss=2.2774 head_lr=1333.3 muon_lr=0.199
step=3/200 epoch=0 loss=2.2295 head_lr=1326.6 muon_lr=0.198
step=4/200 epoch=0 loss=2.0836 head_lr=1319.9 muon_lr=0.197
step=5/200 epoch=0 loss=1.9520 head_lr=1313.2 muon_lr=0.196
step=6/200 epoch=0 loss=1.8819 head_lr=1306.5 muon_lr=0.195
step=7/200 epoch=0 loss=1.8545 head_lr=1299.8 muon_lr=0.194
step=8/200 epoch=0 loss=1.7878 head_lr=1293.1 muon_lr=0.193
step=9/200 epoch=0 loss=1.7637 head_lr=1286.4 muon_lr=0.192
step=10/200 epoch=0 loss=1.7930 head_lr=1279.7 muon_lr=0.191
step=11/200 epoch=0 loss=1.7354 head_lr=1273 muon_lr=0.19
step=12/200 epoch=0 loss=1.6811 head_lr=1266.3 muon_lr=0.189
step=13/200 epoch=0 loss=1.5858 head_lr=1259.6 muon_lr=0.188
step=14/200 epoch=0 loss=1.5750 head_lr=1252.9 muon_lr=0.187
step=15/200 epoch=0 loss=1.5835 head_lr=1246.2 muon_lr=0.186
step=16/200 epoch=0 loss=1.5448 head_lr=1239.5 muon_lr=0.185
step=17/200 epoch=0 loss=1.5129 head_lr=1232.8 muon_lr=0.184
step=18/200 epoch=0 loss=1.5134 head_lr=1226.1 muon_lr=0.183
step=19/200 epoch=0 loss=1.4876 head_lr=1219.4 muon_lr=0.182
step=20/200 epoch=0 loss=1.4876 head_lr=1212.7 muon_lr=0.181
step=21/200 epoch=0 loss=1.4419 head_lr=1206 muon_lr=0.18
step=22/200 epoch=0 loss=1.3859 head_lr=1199.3 muon_lr=0.179
step=23/200 epoch=0 loss=1.4272 head_lr=1192.6 muon_lr=0.178
step=24/200 epoch=0 loss=1.3891 head_lr=1185.9 muon_lr=0.177
step=25/200 epoch=0 loss=1.3727 head_lr=1179.2 muon_lr=0.176
eval run=15 epoch=0 val_acc=0.6888 time_seconds=1.2939
step=26/200 epoch=1 loss=1.3410 head_lr=1172.5 muon_lr=0.175
step=27/200 epoch=1 loss=1.3365 head_lr=1165.8 muon_lr=0.174
step=28/200 epoch=1 loss=1.3568 head_lr=1159.1 muon_lr=0.173
step=29/200 epoch=1 loss=1.3306 head_lr=1152.4 muon_lr=0.172
step=30/200 epoch=1 loss=1.3334 head_lr=1145.7 muon_lr=0.171
step=31/200 epoch=1 loss=1.3327 head_lr=1139 muon_lr=0.17
step=32/200 epoch=1 loss=1.2917 head_lr=1132.3 muon_lr=0.169
step=33/200 epoch=1 loss=1.3121 head_lr=1125.6 muon_lr=0.168
step=34/200 epoch=1 loss=1.2846 head_lr=1118.9 muon_lr=0.167
step=35/200 epoch=1 loss=1.2922 head_lr=1112.2 muon_lr=0.166
step=36/200 epoch=1 loss=1.3150 head_lr=1105.5 muon_lr=0.165
step=37/200 epoch=1 loss=1.2646 head_lr=1098.8 muon_lr=0.164
step=38/200 epoch=1 loss=1.2728 head_lr=1092.1 muon_lr=0.163
step=39/200 epoch=1 loss=1.2613 head_lr=1085.4 muon_lr=0.162
step=40/200 epoch=1 loss=1.2576 head_lr=1078.7 muon_lr=0.161
step=41/200 epoch=1 loss=1.2673 head_lr=1072 muon_lr=0.16
step=42/200 epoch=1 loss=1.2469 head_lr=1065.3 muon_lr=0.159
step=43/200 epoch=1 loss=1.2556 head_lr=1058.6 muon_lr=0.158
step=44/200 epoch=1 loss=1.2495 head_lr=1051.9 muon_lr=0.157
step=45/200 epoch=1 loss=1.2535 head_lr=1045.2 muon_lr=0.156
step=46/200 epoch=1 loss=1.2407 head_lr=1038.5 muon_lr=0.155
step=47/200 epoch=1 loss=1.2377 head_lr=1031.8 muon_lr=0.154
step=48/200 epoch=1 loss=1.2364 head_lr=1025.1 muon_lr=0.153
step=49/200 epoch=1 loss=1.2183 head_lr=1018.4 muon_lr=0.152
step=50/200 epoch=1 loss=1.2132 head_lr=1011.7 muon_lr=0.151
eval epoch=1 val_acc=0.7574 time_seconds=2.5878
step=51/200 epoch=2 loss=1.1943 head_lr=1005 muon_lr=0.15
step=52/200 epoch=2 loss=1.1951 head_lr=998.3 muon_lr=0.149
step=53/200 epoch=2 loss=1.2093 head_lr=991.6 muon_lr=0.148
step=54/200 epoch=2 loss=1.2209 head_lr=984.9 muon_lr=0.147
step=55/200 epoch=2 loss=1.1975 head_lr=978.2 muon_lr=0.146
step=56/200 epoch=2 loss=1.1767 head_lr=971.5 muon_lr=0.145
step=57/200 epoch=2 loss=1.1801 head_lr=964.8 muon_lr=0.144
step=58/200 epoch=2 loss=1.1870 head_lr=958.1 muon_lr=0.143
step=59/200 epoch=2 loss=1.1725 head_lr=951.4 muon_lr=0.142
step=60/200 epoch=2 loss=1.1877 head_lr=944.7 muon_lr=0.141
step=61/200 epoch=2 loss=1.1944 head_lr=938 muon_lr=0.14
step=62/200 epoch=2 loss=1.1659 head_lr=931.3 muon_lr=0.139
step=63/200 epoch=2 loss=1.1672 head_lr=924.6 muon_lr=0.138
step=64/200 epoch=2 loss=1.1621 head_lr=917.9 muon_lr=0.137
step=65/200 epoch=2 loss=1.1988 head_lr=911.2 muon_lr=0.136
step=66/200 epoch=2 loss=1.1625 head_lr=904.5 muon_lr=0.135
step=67/200 epoch=2 loss=1.1748 head_lr=897.8 muon_lr=0.134
step=68/200 epoch=2 loss=1.1932 head_lr=891.1 muon_lr=0.133
step=69/200 epoch=2 loss=1.1708 head_lr=884.4 muon_lr=0.132
step=70/200 epoch=2 loss=1.1640 head_lr=877.7 muon_lr=0.131
step=71/200 epoch=2 loss=1.1868 head_lr=871 muon_lr=0.13
step=72/200 epoch=2 loss=1.1769 head_lr=864.3 muon_lr=0.129
step=73/200 epoch=2 loss=1.1528 head_lr=857.6 muon_lr=0.128
step=74/200 epoch=2 loss=1.1730 head_lr=850.9 muon_lr=0.127
step=75/200 epoch=2 loss=1.1926 head_lr=844.2 muon_lr=0.126
eval epoch=2 val_acc=0.8192 time_seconds=3.8820
step=76/200 epoch=3 loss=1.1363 head_lr=837.5 muon_lr=0.125
step=77/200 epoch=3 loss=1.1323 head_lr=830.8 muon_lr=0.124
step=78/200 epoch=3 loss=1.1165 head_lr=824.1 muon_lr=0.123
step=79/200 epoch=3 loss=1.1365 head_lr=817.4 muon_lr=0.122
step=80/200 epoch=3 loss=1.1306 head_lr=810.7 muon_lr=0.121
step=81/200 epoch=3 loss=1.1462 head_lr=804 muon_lr=0.12
step=82/200 epoch=3 loss=1.1286 head_lr=797.3 muon_lr=0.119
step=83/200 epoch=3 loss=1.1195 head_lr=790.6 muon_lr=0.118
step=84/200 epoch=3 loss=1.1064 head_lr=783.9 muon_lr=0.117
step=85/200 epoch=3 loss=1.1236 head_lr=777.2 muon_lr=0.116
step=86/200 epoch=3 loss=1.1323 head_lr=770.5 muon_lr=0.115
step=87/200 epoch=3 loss=1.1147 head_lr=763.8 muon_lr=0.114
step=88/200 epoch=3 loss=1.1072 head_lr=757.1 muon_lr=0.113
step=89/200 epoch=3 loss=1.1254 head_lr=750.4 muon_lr=0.112
step=90/200 epoch=3 loss=1.1080 head_lr=743.7 muon_lr=0.111
step=91/200 epoch=3 loss=1.1174 head_lr=737 muon_lr=0.11
step=92/200 epoch=3 loss=1.0938 head_lr=730.3 muon_lr=0.109
step=93/200 epoch=3 loss=1.1129 head_lr=723.6 muon_lr=0.108
step=94/200 epoch=3 loss=1.1202 head_lr=716.9 muon_lr=0.107
step=95/200 epoch=3 loss=1.1007 head_lr=710.2 muon_lr=0.106
step=96/200 epoch=3 loss=1.0905 head_lr=703.5 muon_lr=0.105
step=97/200 epoch=3 loss=1.1115 head_lr=696.8 muon_lr=0.104
step=98/200 epoch=3 loss=1.0845 head_lr=690.1 muon_lr=0.103
step=99/200 epoch=3 loss=1.0961 head_lr=683.4 muon_lr=0.102
step=100/200 epoch=3 loss=1.0941 head_lr=676.7 muon_lr=0.101
eval epoch=3 val_acc=0.8568 time_seconds=5.0866
step=101/200 epoch=4 loss=1.0693 head_lr=670 muon_lr=0.1
step=102/200 epoch=4 loss=1.0691 head_lr=663.3 muon_lr=0.099
step=103/200 epoch=4 loss=1.0771 head_lr=656.6 muon_lr=0.098
step=104/200 epoch=4 loss=1.0917 head_lr=649.9 muon_lr=0.097
step=105/200 epoch=4 loss=1.0660 head_lr=643.2 muon_lr=0.096
step=106/200 epoch=4 loss=1.0683 head_lr=636.5 muon_lr=0.095
step=107/200 epoch=4 loss=1.0713 head_lr=629.8 muon_lr=0.094
step=108/200 epoch=4 loss=1.0678 head_lr=623.1 muon_lr=0.093
step=109/200 epoch=4 loss=1.0703 head_lr=616.4 muon_lr=0.092
step=110/200 epoch=4 loss=1.0787 head_lr=609.7 muon_lr=0.091
step=111/200 epoch=4 loss=1.0654 head_lr=603 muon_lr=0.09
step=112/200 epoch=4 loss=1.0683 head_lr=596.3 muon_lr=0.089
step=113/200 epoch=4 loss=1.0645 head_lr=589.6 muon_lr=0.088
step=114/200 epoch=4 loss=1.0795 head_lr=582.9 muon_lr=0.087
step=115/200 epoch=4 loss=1.0630 head_lr=576.2 muon_lr=0.086
step=116/200 epoch=4 loss=1.0718 head_lr=569.5 muon_lr=0.085
step=117/200 epoch=4 loss=1.0710 head_lr=562.8 muon_lr=0.084
step=118/200 epoch=4 loss=1.0708 head_lr=556.1 muon_lr=0.083
step=119/200 epoch=4 loss=1.0603 head_lr=549.4 muon_lr=0.082
step=120/200 epoch=4 loss=1.0537 head_lr=542.7 muon_lr=0.081
step=121/200 epoch=4 loss=1.0535 head_lr=536 muon_lr=0.08
step=122/200 epoch=4 loss=1.0534 head_lr=529.3 muon_lr=0.079
step=123/200 epoch=4 loss=1.0609 head_lr=522.6 muon_lr=0.078
step=124/200 epoch=4 loss=1.0591 head_lr=515.9 muon_lr=0.077
step=125/200 epoch=4 loss=1.0444 head_lr=509.2 muon_lr=0.076
eval epoch=4 val_acc=0.8718 time_seconds=6.2903
step=126/200 epoch=5 loss=1.0346 head_lr=502.5 muon_lr=0.075
step=127/200 epoch=5 loss=1.0197 head_lr=495.8 muon_lr=0.074
step=128/200 epoch=5 loss=1.0328 head_lr=489.1 muon_lr=0.073
step=129/200 epoch=5 loss=1.0128 head_lr=482.4 muon_lr=0.072
step=130/200 epoch=5 loss=1.0256 head_lr=475.7 muon_lr=0.071
step=131/200 epoch=5 loss=1.0229 head_lr=469 muon_lr=0.07
step=132/200 epoch=5 loss=1.0135 head_lr=462.3 muon_lr=0.069
step=133/200 epoch=5 loss=1.0415 head_lr=455.6 muon_lr=0.068
step=134/200 epoch=5 loss=1.0224 head_lr=448.9 muon_lr=0.067
step=135/200 epoch=5 loss=1.0313 head_lr=442.2 muon_lr=0.066
step=136/200 epoch=5 loss=1.0413 head_lr=435.5 muon_lr=0.065
step=137/200 epoch=5 loss=1.0166 head_lr=428.8 muon_lr=0.064
step=138/200 epoch=5 loss=1.0166 head_lr=422.1 muon_lr=0.063
step=139/200 epoch=5 loss=1.0130 head_lr=415.4 muon_lr=0.062
step=140/200 epoch=5 loss=1.0278 head_lr=408.7 muon_lr=0.061
step=141/200 epoch=5 loss=1.0215 head_lr=402 muon_lr=0.06
step=142/200 epoch=5 loss=1.0072 head_lr=395.3 muon_lr=0.059
step=143/200 epoch=5 loss=1.0121 head_lr=388.6 muon_lr=0.058
step=144/200 epoch=5 loss=1.0073 head_lr=381.9 muon_lr=0.057
step=145/200 epoch=5 loss=1.0171 head_lr=375.2 muon_lr=0.056
step=146/200 epoch=5 loss=1.0214 head_lr=368.5 muon_lr=0.055
step=147/200 epoch=5 loss=1.0139 head_lr=361.8 muon_lr=0.054
step=148/200 epoch=5 loss=1.0196 head_lr=355.1 muon_lr=0.053
step=149/200 epoch=5 loss=1.0044 head_lr=348.4 muon_lr=0.052
step=150/200 epoch=5 loss=0.9937 head_lr=341.7 muon_lr=0.051
eval epoch=5 val_acc=0.9041 time_seconds=7.4948
step=151/200 epoch=6 loss=0.9773 head_lr=335 muon_lr=0.05
step=152/200 epoch=6 loss=0.9928 head_lr=328.3 muon_lr=0.049
step=153/200 epoch=6 loss=0.9836 head_lr=321.6 muon_lr=0.048
step=154/200 epoch=6 loss=0.9838 head_lr=314.9 muon_lr=0.047
step=155/200 epoch=6 loss=0.9807 head_lr=308.2 muon_lr=0.046
step=156/200 epoch=6 loss=0.9705 head_lr=301.5 muon_lr=0.045
step=157/200 epoch=6 loss=0.9739 head_lr=294.8 muon_lr=0.044
step=158/200 epoch=6 loss=0.9739 head_lr=288.1 muon_lr=0.043
step=159/200 epoch=6 loss=0.9830 head_lr=281.4 muon_lr=0.042
step=160/200 epoch=6 loss=0.9787 head_lr=274.7 muon_lr=0.041
step=161/200 epoch=6 loss=0.9916 head_lr=268 muon_lr=0.04
step=162/200 epoch=6 loss=0.9700 head_lr=261.3 muon_lr=0.039
step=163/200 epoch=6 loss=0.9711 head_lr=254.6 muon_lr=0.038
step=164/200 epoch=6 loss=0.9704 head_lr=247.9 muon_lr=0.037
step=165/200 epoch=6 loss=0.9638 head_lr=241.2 muon_lr=0.036
step=166/200 epoch=6 loss=0.9738 head_lr=234.5 muon_lr=0.035
step=167/200 epoch=6 loss=0.9750 head_lr=227.8 muon_lr=0.034
step=168/200 epoch=6 loss=0.9762 head_lr=221.1 muon_lr=0.033
step=169/200 epoch=6 loss=0.9720 head_lr=214.4 muon_lr=0.032
step=170/200 epoch=6 loss=0.9636 head_lr=207.7 muon_lr=0.031
step=171/200 epoch=6 loss=0.9755 head_lr=201 muon_lr=0.03
step=172/200 epoch=6 loss=0.9656 head_lr=194.3 muon_lr=0.029
step=173/200 epoch=6 loss=0.9729 head_lr=187.6 muon_lr=0.028
step=174/200 epoch=6 loss=0.9582 head_lr=180.9 muon_lr=0.027
step=175/200 epoch=6 loss=0.9716 head_lr=174.2 muon_lr=0.026
eval epoch=6 val_acc=0.9168 time_seconds=8.6985
step=176/200 epoch=7 loss=0.9398 head_lr=167.5 muon_lr=0.025
step=177/200 epoch=7 loss=0.9395 head_lr=160.8 muon_lr=0.024
step=178/200 epoch=7 loss=0.9326 head_lr=154.1 muon_lr=0.023
step=179/200 epoch=7 loss=0.9497 head_lr=147.4 muon_lr=0.022
step=180/200 epoch=7 loss=0.9460 head_lr=140.7 muon_lr=0.021
step=181/200 epoch=7 loss=0.9383 head_lr=134 muon_lr=0.02
step=182/200 epoch=7 loss=0.9387 head_lr=127.3 muon_lr=0.019
step=183/200 epoch=7 loss=0.9399 head_lr=120.6 muon_lr=0.018
step=184/200 epoch=7 loss=0.9413 head_lr=113.9 muon_lr=0.017
step=185/200 epoch=7 loss=0.9385 head_lr=107.2 muon_lr=0.016
step=186/200 epoch=7 loss=0.9331 head_lr=100.5 muon_lr=0.015
step=187/200 epoch=7 loss=0.9408 head_lr=93.8 muon_lr=0.014
step=188/200 epoch=7 loss=0.9364 head_lr=87.1 muon_lr=0.013
step=189/200 epoch=7 loss=0.9332 head_lr=80.4 muon_lr=0.012
step=190/200 epoch=7 loss=0.9407 head_lr=73.7 muon_lr=0.011
step=191/200 epoch=7 loss=0.9473 head_lr=67 muon_lr=0.01
step=192/200 epoch=7 loss=0.9332 head_lr=60.3 muon_lr=0.009
step=193/200 epoch=7 loss=0.9326 head_lr=53.6 muon_lr=0.008
step=194/200 epoch=7 loss=0.9376 head_lr=46.9 muon_lr=0.007
step=195/200 epoch=7 loss=0.9407 head_lr=40.2 muon_lr=0.006
step=196/200 epoch=7 loss=0.9326 head_lr=33.5 muon_lr=0.005
step=197/200 epoch=7 loss=0.9337 head_lr=26.8 muon_lr=0.004
step=198/200 epoch=7 loss=0.9348 head_lr=20.1 muon_lr=0.003
step=199/200 epoch=7 loss=0.9328 head_lr=13.4 muon_lr=0.002
step=200/200 epoch=7 loss=0.9308 head_lr=6.7 muon_lr=0.001
eval epoch=7 val_acc=0.9313 time_seconds=9.9026
eval epoch=final 25batch_train_loss=0.9005 val_acc=0.9313 tta_val_acc=0.9379 time_seconds=10.5134
Run:                15
Seed:               6
Seed group:         different_seed
Batch size:         2000
Muon lr:            0.2
SGD lr mult:        1
25batch train loss: 0.9005
Val acc:            0.9313
TTA val:            0.9379
cifar_reproducibility run=16 seed=7 seed_group=different_seed batch_size=2000 muon_lr=0.2
step=1/200 epoch=0 loss=2.3141 head_lr=1340 muon_lr=0.2
step=2/200 epoch=0 loss=2.3150 head_lr=1333.3 muon_lr=0.199
step=3/200 epoch=0 loss=2.2841 head_lr=1326.6 muon_lr=0.198
step=4/200 epoch=0 loss=2.1115 head_lr=1319.9 muon_lr=0.197
step=5/200 epoch=0 loss=2.0347 head_lr=1313.2 muon_lr=0.196
step=6/200 epoch=0 loss=1.9646 head_lr=1306.5 muon_lr=0.195
step=7/200 epoch=0 loss=1.8462 head_lr=1299.8 muon_lr=0.194
step=8/200 epoch=0 loss=1.7822 head_lr=1293.1 muon_lr=0.193
step=9/200 epoch=0 loss=1.7727 head_lr=1286.4 muon_lr=0.192
step=10/200 epoch=0 loss=1.7344 head_lr=1279.7 muon_lr=0.191
step=11/200 epoch=0 loss=1.6929 head_lr=1273 muon_lr=0.19
step=12/200 epoch=0 loss=1.6804 head_lr=1266.3 muon_lr=0.189
step=13/200 epoch=0 loss=1.6218 head_lr=1259.6 muon_lr=0.188
step=14/200 epoch=0 loss=1.6095 head_lr=1252.9 muon_lr=0.187
step=15/200 epoch=0 loss=1.5443 head_lr=1246.2 muon_lr=0.186
step=16/200 epoch=0 loss=1.5842 head_lr=1239.5 muon_lr=0.185
step=17/200 epoch=0 loss=1.5348 head_lr=1232.8 muon_lr=0.184
step=18/200 epoch=0 loss=1.4990 head_lr=1226.1 muon_lr=0.183
step=19/200 epoch=0 loss=1.4767 head_lr=1219.4 muon_lr=0.182
step=20/200 epoch=0 loss=1.4690 head_lr=1212.7 muon_lr=0.181
step=21/200 epoch=0 loss=1.4453 head_lr=1206 muon_lr=0.18
step=22/200 epoch=0 loss=1.4206 head_lr=1199.3 muon_lr=0.179
step=23/200 epoch=0 loss=1.3752 head_lr=1192.6 muon_lr=0.178
step=24/200 epoch=0 loss=1.3890 head_lr=1185.9 muon_lr=0.177
step=25/200 epoch=0 loss=1.3692 head_lr=1179.2 muon_lr=0.176
eval run=16 epoch=0 val_acc=0.6582 time_seconds=1.2965
step=26/200 epoch=1 loss=1.3426 head_lr=1172.5 muon_lr=0.175
step=27/200 epoch=1 loss=1.3760 head_lr=1165.8 muon_lr=0.174
step=28/200 epoch=1 loss=1.3455 head_lr=1159.1 muon_lr=0.173
step=29/200 epoch=1 loss=1.3495 head_lr=1152.4 muon_lr=0.172
step=30/200 epoch=1 loss=1.2941 head_lr=1145.7 muon_lr=0.171
step=31/200 epoch=1 loss=1.3345 head_lr=1139 muon_lr=0.17
step=32/200 epoch=1 loss=1.3165 head_lr=1132.3 muon_lr=0.169
step=33/200 epoch=1 loss=1.3138 head_lr=1125.6 muon_lr=0.168
step=34/200 epoch=1 loss=1.3148 head_lr=1118.9 muon_lr=0.167
step=35/200 epoch=1 loss=1.2915 head_lr=1112.2 muon_lr=0.166
step=36/200 epoch=1 loss=1.2611 head_lr=1105.5 muon_lr=0.165
step=37/200 epoch=1 loss=1.2856 head_lr=1098.8 muon_lr=0.164
step=38/200 epoch=1 loss=1.3067 head_lr=1092.1 muon_lr=0.163
step=39/200 epoch=1 loss=1.2708 head_lr=1085.4 muon_lr=0.162
step=40/200 epoch=1 loss=1.2503 head_lr=1078.7 muon_lr=0.161
step=41/200 epoch=1 loss=1.2592 head_lr=1072 muon_lr=0.16
step=42/200 epoch=1 loss=1.2329 head_lr=1065.3 muon_lr=0.159
step=43/200 epoch=1 loss=1.2417 head_lr=1058.6 muon_lr=0.158
step=44/200 epoch=1 loss=1.2470 head_lr=1051.9 muon_lr=0.157
step=45/200 epoch=1 loss=1.2582 head_lr=1045.2 muon_lr=0.156
step=46/200 epoch=1 loss=1.2299 head_lr=1038.5 muon_lr=0.155
step=47/200 epoch=1 loss=1.2493 head_lr=1031.8 muon_lr=0.154
step=48/200 epoch=1 loss=1.2305 head_lr=1025.1 muon_lr=0.153
step=49/200 epoch=1 loss=1.2111 head_lr=1018.4 muon_lr=0.152
step=50/200 epoch=1 loss=1.1980 head_lr=1011.7 muon_lr=0.151
eval epoch=1 val_acc=0.6458 time_seconds=2.5903
step=51/200 epoch=2 loss=1.2108 head_lr=1005 muon_lr=0.15
step=52/200 epoch=2 loss=1.2225 head_lr=998.3 muon_lr=0.149
step=53/200 epoch=2 loss=1.2219 head_lr=991.6 muon_lr=0.148
step=54/200 epoch=2 loss=1.1950 head_lr=984.9 muon_lr=0.147
step=55/200 epoch=2 loss=1.1955 head_lr=978.2 muon_lr=0.146
step=56/200 epoch=2 loss=1.1977 head_lr=971.5 muon_lr=0.145
step=57/200 epoch=2 loss=1.2050 head_lr=964.8 muon_lr=0.144
step=58/200 epoch=2 loss=1.1891 head_lr=958.1 muon_lr=0.143
step=59/200 epoch=2 loss=1.1808 head_lr=951.4 muon_lr=0.142
step=60/200 epoch=2 loss=1.1831 head_lr=944.7 muon_lr=0.141
step=61/200 epoch=2 loss=1.2116 head_lr=938 muon_lr=0.14
step=62/200 epoch=2 loss=1.1747 head_lr=931.3 muon_lr=0.139
step=63/200 epoch=2 loss=1.1680 head_lr=924.6 muon_lr=0.138
step=64/200 epoch=2 loss=1.1655 head_lr=917.9 muon_lr=0.137
step=65/200 epoch=2 loss=1.1777 head_lr=911.2 muon_lr=0.136
step=66/200 epoch=2 loss=1.1590 head_lr=904.5 muon_lr=0.135
step=67/200 epoch=2 loss=1.1857 head_lr=897.8 muon_lr=0.134
step=68/200 epoch=2 loss=1.1696 head_lr=891.1 muon_lr=0.133
step=69/200 epoch=2 loss=1.1540 head_lr=884.4 muon_lr=0.132
step=70/200 epoch=2 loss=1.1540 head_lr=877.7 muon_lr=0.131
step=71/200 epoch=2 loss=1.1856 head_lr=871 muon_lr=0.13
step=72/200 epoch=2 loss=1.1601 head_lr=864.3 muon_lr=0.129
step=73/200 epoch=2 loss=1.1823 head_lr=857.6 muon_lr=0.128
step=74/200 epoch=2 loss=1.1746 head_lr=850.9 muon_lr=0.127
step=75/200 epoch=2 loss=1.1458 head_lr=844.2 muon_lr=0.126
eval epoch=2 val_acc=0.7771 time_seconds=3.8833
step=76/200 epoch=3 loss=1.1388 head_lr=837.5 muon_lr=0.125
step=77/200 epoch=3 loss=1.1227 head_lr=830.8 muon_lr=0.124
step=78/200 epoch=3 loss=1.1355 head_lr=824.1 muon_lr=0.123
step=79/200 epoch=3 loss=1.1393 head_lr=817.4 muon_lr=0.122
step=80/200 epoch=3 loss=1.1388 head_lr=810.7 muon_lr=0.121
step=81/200 epoch=3 loss=1.1331 head_lr=804 muon_lr=0.12
step=82/200 epoch=3 loss=1.1103 head_lr=797.3 muon_lr=0.119
step=83/200 epoch=3 loss=1.1224 head_lr=790.6 muon_lr=0.118
step=84/200 epoch=3 loss=1.1112 head_lr=783.9 muon_lr=0.117
step=85/200 epoch=3 loss=1.1416 head_lr=777.2 muon_lr=0.116
step=86/200 epoch=3 loss=1.1111 head_lr=770.5 muon_lr=0.115
step=87/200 epoch=3 loss=1.1116 head_lr=763.8 muon_lr=0.114
step=88/200 epoch=3 loss=1.1394 head_lr=757.1 muon_lr=0.113
step=89/200 epoch=3 loss=1.1104 head_lr=750.4 muon_lr=0.112
step=90/200 epoch=3 loss=1.1086 head_lr=743.7 muon_lr=0.111
step=91/200 epoch=3 loss=1.1160 head_lr=737 muon_lr=0.11
step=92/200 epoch=3 loss=1.1166 head_lr=730.3 muon_lr=0.109
step=93/200 epoch=3 loss=1.1086 head_lr=723.6 muon_lr=0.108
step=94/200 epoch=3 loss=1.1061 head_lr=716.9 muon_lr=0.107
step=95/200 epoch=3 loss=1.1144 head_lr=710.2 muon_lr=0.106
step=96/200 epoch=3 loss=1.1039 head_lr=703.5 muon_lr=0.105
step=97/200 epoch=3 loss=1.1299 head_lr=696.8 muon_lr=0.104
step=98/200 epoch=3 loss=1.0899 head_lr=690.1 muon_lr=0.103
step=99/200 epoch=3 loss=1.0885 head_lr=683.4 muon_lr=0.102
step=100/200 epoch=3 loss=1.1043 head_lr=676.7 muon_lr=0.101
eval epoch=3 val_acc=0.8126 time_seconds=5.0902
step=101/200 epoch=4 loss=1.0781 head_lr=670 muon_lr=0.1
step=102/200 epoch=4 loss=1.0837 head_lr=663.3 muon_lr=0.099
step=103/200 epoch=4 loss=1.0671 head_lr=656.6 muon_lr=0.098
step=104/200 epoch=4 loss=1.0816 head_lr=649.9 muon_lr=0.097
step=105/200 epoch=4 loss=1.0643 head_lr=643.2 muon_lr=0.096
step=106/200 epoch=4 loss=1.0744 head_lr=636.5 muon_lr=0.095
step=107/200 epoch=4 loss=1.0822 head_lr=629.8 muon_lr=0.094
step=108/200 epoch=4 loss=1.0819 head_lr=623.1 muon_lr=0.093
step=109/200 epoch=4 loss=1.0736 head_lr=616.4 muon_lr=0.092
step=110/200 epoch=4 loss=1.0692 head_lr=609.7 muon_lr=0.091
step=111/200 epoch=4 loss=1.0934 head_lr=603 muon_lr=0.09
step=112/200 epoch=4 loss=1.0725 head_lr=596.3 muon_lr=0.089
step=113/200 epoch=4 loss=1.0723 head_lr=589.6 muon_lr=0.088
step=114/200 epoch=4 loss=1.0592 head_lr=582.9 muon_lr=0.087
step=115/200 epoch=4 loss=1.0639 head_lr=576.2 muon_lr=0.086
step=116/200 epoch=4 loss=1.0709 head_lr=569.5 muon_lr=0.085
step=117/200 epoch=4 loss=1.0885 head_lr=562.8 muon_lr=0.084
step=118/200 epoch=4 loss=1.0635 head_lr=556.1 muon_lr=0.083
step=119/200 epoch=4 loss=1.0515 head_lr=549.4 muon_lr=0.082
step=120/200 epoch=4 loss=1.0573 head_lr=542.7 muon_lr=0.081
step=121/200 epoch=4 loss=1.0589 head_lr=536 muon_lr=0.08
step=122/200 epoch=4 loss=1.0699 head_lr=529.3 muon_lr=0.079
step=123/200 epoch=4 loss=1.0422 head_lr=522.6 muon_lr=0.078
step=124/200 epoch=4 loss=1.0564 head_lr=515.9 muon_lr=0.077
step=125/200 epoch=4 loss=1.0531 head_lr=509.2 muon_lr=0.076
eval epoch=4 val_acc=0.8805 time_seconds=6.2938
step=126/200 epoch=5 loss=1.0174 head_lr=502.5 muon_lr=0.075
step=127/200 epoch=5 loss=1.0194 head_lr=495.8 muon_lr=0.074
step=128/200 epoch=5 loss=1.0348 head_lr=489.1 muon_lr=0.073
step=129/200 epoch=5 loss=1.0253 head_lr=482.4 muon_lr=0.072
step=130/200 epoch=5 loss=1.0253 head_lr=475.7 muon_lr=0.071
step=131/200 epoch=5 loss=1.0312 head_lr=469 muon_lr=0.07
step=132/200 epoch=5 loss=1.0135 head_lr=462.3 muon_lr=0.069
step=133/200 epoch=5 loss=1.0063 head_lr=455.6 muon_lr=0.068
step=134/200 epoch=5 loss=1.0220 head_lr=448.9 muon_lr=0.067
step=135/200 epoch=5 loss=1.0258 head_lr=442.2 muon_lr=0.066
step=136/200 epoch=5 loss=1.0240 head_lr=435.5 muon_lr=0.065
step=137/200 epoch=5 loss=1.0171 head_lr=428.8 muon_lr=0.064
step=138/200 epoch=5 loss=1.0257 head_lr=422.1 muon_lr=0.063
step=139/200 epoch=5 loss=1.0219 head_lr=415.4 muon_lr=0.062
step=140/200 epoch=5 loss=1.0145 head_lr=408.7 muon_lr=0.061
step=141/200 epoch=5 loss=1.0311 head_lr=402 muon_lr=0.06
step=142/200 epoch=5 loss=1.0240 head_lr=395.3 muon_lr=0.059
step=143/200 epoch=5 loss=1.0245 head_lr=388.6 muon_lr=0.058
step=144/200 epoch=5 loss=1.0127 head_lr=381.9 muon_lr=0.057
step=145/200 epoch=5 loss=1.0197 head_lr=375.2 muon_lr=0.056
step=146/200 epoch=5 loss=1.0129 head_lr=368.5 muon_lr=0.055
step=147/200 epoch=5 loss=1.0223 head_lr=361.8 muon_lr=0.054
step=148/200 epoch=5 loss=1.0046 head_lr=355.1 muon_lr=0.053
step=149/200 epoch=5 loss=1.0085 head_lr=348.4 muon_lr=0.052
step=150/200 epoch=5 loss=1.0024 head_lr=341.7 muon_lr=0.051
eval epoch=5 val_acc=0.9108 time_seconds=7.4985
step=151/200 epoch=6 loss=0.9797 head_lr=335 muon_lr=0.05
step=152/200 epoch=6 loss=0.9790 head_lr=328.3 muon_lr=0.049
step=153/200 epoch=6 loss=0.9780 head_lr=321.6 muon_lr=0.048
step=154/200 epoch=6 loss=0.9789 head_lr=314.9 muon_lr=0.047
step=155/200 epoch=6 loss=0.9794 head_lr=308.2 muon_lr=0.046
step=156/200 epoch=6 loss=0.9755 head_lr=301.5 muon_lr=0.045
step=157/200 epoch=6 loss=0.9809 head_lr=294.8 muon_lr=0.044
step=158/200 epoch=6 loss=0.9704 head_lr=288.1 muon_lr=0.043
step=159/200 epoch=6 loss=0.9738 head_lr=281.4 muon_lr=0.042
step=160/200 epoch=6 loss=0.9787 head_lr=274.7 muon_lr=0.041
step=161/200 epoch=6 loss=0.9890 head_lr=268 muon_lr=0.04
step=162/200 epoch=6 loss=0.9865 head_lr=261.3 muon_lr=0.039
step=163/200 epoch=6 loss=0.9689 head_lr=254.6 muon_lr=0.038
step=164/200 epoch=6 loss=0.9825 head_lr=247.9 muon_lr=0.037
step=165/200 epoch=6 loss=0.9707 head_lr=241.2 muon_lr=0.036
step=166/200 epoch=6 loss=0.9744 head_lr=234.5 muon_lr=0.035
step=167/200 epoch=6 loss=0.9644 head_lr=227.8 muon_lr=0.034
step=168/200 epoch=6 loss=0.9636 head_lr=221.1 muon_lr=0.033
step=169/200 epoch=6 loss=0.9674 head_lr=214.4 muon_lr=0.032
step=170/200 epoch=6 loss=0.9684 head_lr=207.7 muon_lr=0.031
step=171/200 epoch=6 loss=0.9668 head_lr=201 muon_lr=0.03
step=172/200 epoch=6 loss=0.9764 head_lr=194.3 muon_lr=0.029
step=173/200 epoch=6 loss=0.9747 head_lr=187.6 muon_lr=0.028
step=174/200 epoch=6 loss=0.9740 head_lr=180.9 muon_lr=0.027
step=175/200 epoch=6 loss=0.9633 head_lr=174.2 muon_lr=0.026
eval epoch=6 val_acc=0.9246 time_seconds=8.7025
step=176/200 epoch=7 loss=0.9382 head_lr=167.5 muon_lr=0.025
step=177/200 epoch=7 loss=0.9434 head_lr=160.8 muon_lr=0.024
step=178/200 epoch=7 loss=0.9343 head_lr=154.1 muon_lr=0.023
step=179/200 epoch=7 loss=0.9351 head_lr=147.4 muon_lr=0.022
step=180/200 epoch=7 loss=0.9369 head_lr=140.7 muon_lr=0.021
step=181/200 epoch=7 loss=0.9308 head_lr=134 muon_lr=0.02
step=182/200 epoch=7 loss=0.9473 head_lr=127.3 muon_lr=0.019
step=183/200 epoch=7 loss=0.9424 head_lr=120.6 muon_lr=0.018
step=184/200 epoch=7 loss=0.9435 head_lr=113.9 muon_lr=0.017
step=185/200 epoch=7 loss=0.9403 head_lr=107.2 muon_lr=0.016
step=186/200 epoch=7 loss=0.9375 head_lr=100.5 muon_lr=0.015
step=187/200 epoch=7 loss=0.9342 head_lr=93.8 muon_lr=0.014
step=188/200 epoch=7 loss=0.9419 head_lr=87.1 muon_lr=0.013
step=189/200 epoch=7 loss=0.9454 head_lr=80.4 muon_lr=0.012
step=190/200 epoch=7 loss=0.9362 head_lr=73.7 muon_lr=0.011
step=191/200 epoch=7 loss=0.9300 head_lr=67 muon_lr=0.01
step=192/200 epoch=7 loss=0.9394 head_lr=60.3 muon_lr=0.009
step=193/200 epoch=7 loss=0.9372 head_lr=53.6 muon_lr=0.008
step=194/200 epoch=7 loss=0.9318 head_lr=46.9 muon_lr=0.007
step=195/200 epoch=7 loss=0.9351 head_lr=40.2 muon_lr=0.006
step=196/200 epoch=7 loss=0.9377 head_lr=33.5 muon_lr=0.005
step=197/200 epoch=7 loss=0.9317 head_lr=26.8 muon_lr=0.004
step=198/200 epoch=7 loss=0.9373 head_lr=20.1 muon_lr=0.003
step=199/200 epoch=7 loss=0.9364 head_lr=13.4 muon_lr=0.002
step=200/200 epoch=7 loss=0.9345 head_lr=6.7 muon_lr=0.001
eval epoch=7 val_acc=0.9291 time_seconds=9.9092
eval epoch=final 25batch_train_loss=0.9006 val_acc=0.9291 tta_val_acc=0.9373 time_seconds=10.5224
Run:                16
Seed:               7
Seed group:         different_seed
Batch size:         2000
Muon lr:            0.2
SGD lr mult:        1
25batch train loss: 0.9006
Val acc:            0.9291
TTA val:            0.9373
cifar_reproducibility run=17 seed=8 seed_group=different_seed batch_size=2000 muon_lr=0.2
step=1/200 epoch=0 loss=2.3173 head_lr=1340 muon_lr=0.2
step=2/200 epoch=0 loss=2.3049 head_lr=1333.3 muon_lr=0.199
step=3/200 epoch=0 loss=2.2754 head_lr=1326.6 muon_lr=0.198
step=4/200 epoch=0 loss=2.0857 head_lr=1319.9 muon_lr=0.197
step=5/200 epoch=0 loss=1.9694 head_lr=1313.2 muon_lr=0.196
step=6/200 epoch=0 loss=1.9248 head_lr=1306.5 muon_lr=0.195
step=7/200 epoch=0 loss=1.8506 head_lr=1299.8 muon_lr=0.194
step=8/200 epoch=0 loss=1.7836 head_lr=1293.1 muon_lr=0.193
step=9/200 epoch=0 loss=1.7541 head_lr=1286.4 muon_lr=0.192
step=10/200 epoch=0 loss=1.7234 head_lr=1279.7 muon_lr=0.191
step=11/200 epoch=0 loss=1.6843 head_lr=1273 muon_lr=0.19
step=12/200 epoch=0 loss=1.6431 head_lr=1266.3 muon_lr=0.189
step=13/200 epoch=0 loss=1.6278 head_lr=1259.6 muon_lr=0.188
step=14/200 epoch=0 loss=1.6257 head_lr=1252.9 muon_lr=0.187
step=15/200 epoch=0 loss=1.6053 head_lr=1246.2 muon_lr=0.186
step=16/200 epoch=0 loss=1.5585 head_lr=1239.5 muon_lr=0.185
step=17/200 epoch=0 loss=1.5116 head_lr=1232.8 muon_lr=0.184
step=18/200 epoch=0 loss=1.4925 head_lr=1226.1 muon_lr=0.183
step=19/200 epoch=0 loss=1.4854 head_lr=1219.4 muon_lr=0.182
step=20/200 epoch=0 loss=1.4586 head_lr=1212.7 muon_lr=0.181
step=21/200 epoch=0 loss=1.4748 head_lr=1206 muon_lr=0.18
step=22/200 epoch=0 loss=1.4283 head_lr=1199.3 muon_lr=0.179
step=23/200 epoch=0 loss=1.4012 head_lr=1192.6 muon_lr=0.178
step=24/200 epoch=0 loss=1.4367 head_lr=1185.9 muon_lr=0.177
step=25/200 epoch=0 loss=1.3868 head_lr=1179.2 muon_lr=0.176
eval run=17 epoch=0 val_acc=0.5259 time_seconds=1.2959
step=26/200 epoch=1 loss=1.3523 head_lr=1172.5 muon_lr=0.175
step=27/200 epoch=1 loss=1.3592 head_lr=1165.8 muon_lr=0.174
step=28/200 epoch=1 loss=1.3520 head_lr=1159.1 muon_lr=0.173
step=29/200 epoch=1 loss=1.3675 head_lr=1152.4 muon_lr=0.172
step=30/200 epoch=1 loss=1.3376 head_lr=1145.7 muon_lr=0.171
step=31/200 epoch=1 loss=1.2979 head_lr=1139 muon_lr=0.17
step=32/200 epoch=1 loss=1.3157 head_lr=1132.3 muon_lr=0.169
step=33/200 epoch=1 loss=1.2920 head_lr=1125.6 muon_lr=0.168
step=34/200 epoch=1 loss=1.3234 head_lr=1118.9 muon_lr=0.167
step=35/200 epoch=1 loss=1.3088 head_lr=1112.2 muon_lr=0.166
step=36/200 epoch=1 loss=1.3105 head_lr=1105.5 muon_lr=0.165
step=37/200 epoch=1 loss=1.3040 head_lr=1098.8 muon_lr=0.164
step=38/200 epoch=1 loss=1.2717 head_lr=1092.1 muon_lr=0.163
step=39/200 epoch=1 loss=1.2526 head_lr=1085.4 muon_lr=0.162
step=40/200 epoch=1 loss=1.2626 head_lr=1078.7 muon_lr=0.161
step=41/200 epoch=1 loss=1.2772 head_lr=1072 muon_lr=0.16
step=42/200 epoch=1 loss=1.2787 head_lr=1065.3 muon_lr=0.159
step=43/200 epoch=1 loss=1.2413 head_lr=1058.6 muon_lr=0.158
step=44/200 epoch=1 loss=1.2413 head_lr=1051.9 muon_lr=0.157
step=45/200 epoch=1 loss=1.2416 head_lr=1045.2 muon_lr=0.156
step=46/200 epoch=1 loss=1.2411 head_lr=1038.5 muon_lr=0.155
step=47/200 epoch=1 loss=1.2313 head_lr=1031.8 muon_lr=0.154
step=48/200 epoch=1 loss=1.2578 head_lr=1025.1 muon_lr=0.153
step=49/200 epoch=1 loss=1.2226 head_lr=1018.4 muon_lr=0.152
step=50/200 epoch=1 loss=1.2361 head_lr=1011.7 muon_lr=0.151
eval epoch=1 val_acc=0.7509 time_seconds=2.5897
step=51/200 epoch=2 loss=1.2001 head_lr=1005 muon_lr=0.15
step=52/200 epoch=2 loss=1.1927 head_lr=998.3 muon_lr=0.149
step=53/200 epoch=2 loss=1.2110 head_lr=991.6 muon_lr=0.148
step=54/200 epoch=2 loss=1.1926 head_lr=984.9 muon_lr=0.147
step=55/200 epoch=2 loss=1.1963 head_lr=978.2 muon_lr=0.146
step=56/200 epoch=2 loss=1.1980 head_lr=971.5 muon_lr=0.145
step=57/200 epoch=2 loss=1.1802 head_lr=964.8 muon_lr=0.144
step=58/200 epoch=2 loss=1.2043 head_lr=958.1 muon_lr=0.143
step=59/200 epoch=2 loss=1.1870 head_lr=951.4 muon_lr=0.142
step=60/200 epoch=2 loss=1.2078 head_lr=944.7 muon_lr=0.141
step=61/200 epoch=2 loss=1.1917 head_lr=938 muon_lr=0.14
step=62/200 epoch=2 loss=1.1686 head_lr=931.3 muon_lr=0.139
step=63/200 epoch=2 loss=1.1809 head_lr=924.6 muon_lr=0.138
step=64/200 epoch=2 loss=1.1835 head_lr=917.9 muon_lr=0.137
step=65/200 epoch=2 loss=1.1888 head_lr=911.2 muon_lr=0.136
step=66/200 epoch=2 loss=1.1658 head_lr=904.5 muon_lr=0.135
step=67/200 epoch=2 loss=1.1733 head_lr=897.8 muon_lr=0.134
step=68/200 epoch=2 loss=1.1763 head_lr=891.1 muon_lr=0.133
step=69/200 epoch=2 loss=1.1899 head_lr=884.4 muon_lr=0.132
step=70/200 epoch=2 loss=1.1592 head_lr=877.7 muon_lr=0.131
step=71/200 epoch=2 loss=1.1742 head_lr=871 muon_lr=0.13
step=72/200 epoch=2 loss=1.1968 head_lr=864.3 muon_lr=0.129
step=73/200 epoch=2 loss=1.1784 head_lr=857.6 muon_lr=0.128
step=74/200 epoch=2 loss=1.1675 head_lr=850.9 muon_lr=0.127
step=75/200 epoch=2 loss=1.1754 head_lr=844.2 muon_lr=0.126
eval epoch=2 val_acc=0.8435 time_seconds=3.8834
step=76/200 epoch=3 loss=1.1269 head_lr=837.5 muon_lr=0.125
step=77/200 epoch=3 loss=1.1152 head_lr=830.8 muon_lr=0.124
step=78/200 epoch=3 loss=1.1302 head_lr=824.1 muon_lr=0.123
step=79/200 epoch=3 loss=1.1512 head_lr=817.4 muon_lr=0.122
step=80/200 epoch=3 loss=1.1609 head_lr=810.7 muon_lr=0.121
step=81/200 epoch=3 loss=1.1276 head_lr=804 muon_lr=0.12
step=82/200 epoch=3 loss=1.1136 head_lr=797.3 muon_lr=0.119
step=83/200 epoch=3 loss=1.1108 head_lr=790.6 muon_lr=0.118
step=84/200 epoch=3 loss=1.1117 head_lr=783.9 muon_lr=0.117
step=85/200 epoch=3 loss=1.1291 head_lr=777.2 muon_lr=0.116
step=86/200 epoch=3 loss=1.0999 head_lr=770.5 muon_lr=0.115
step=87/200 epoch=3 loss=1.1146 head_lr=763.8 muon_lr=0.114
step=88/200 epoch=3 loss=1.1282 head_lr=757.1 muon_lr=0.113
step=89/200 epoch=3 loss=1.1092 head_lr=750.4 muon_lr=0.112
step=90/200 epoch=3 loss=1.1131 head_lr=743.7 muon_lr=0.111
step=91/200 epoch=3 loss=1.0943 head_lr=737 muon_lr=0.11
step=92/200 epoch=3 loss=1.1239 head_lr=730.3 muon_lr=0.109
step=93/200 epoch=3 loss=1.1154 head_lr=723.6 muon_lr=0.108
step=94/200 epoch=3 loss=1.1039 head_lr=716.9 muon_lr=0.107
step=95/200 epoch=3 loss=1.0972 head_lr=710.2 muon_lr=0.106
step=96/200 epoch=3 loss=1.1059 head_lr=703.5 muon_lr=0.105
step=97/200 epoch=3 loss=1.0887 head_lr=696.8 muon_lr=0.104
step=98/200 epoch=3 loss=1.1067 head_lr=690.1 muon_lr=0.103
step=99/200 epoch=3 loss=1.0851 head_lr=683.4 muon_lr=0.102
step=100/200 epoch=3 loss=1.1091 head_lr=676.7 muon_lr=0.101
eval epoch=3 val_acc=0.8746 time_seconds=5.0892
step=101/200 epoch=4 loss=1.0798 head_lr=670 muon_lr=0.1
step=102/200 epoch=4 loss=1.0969 head_lr=663.3 muon_lr=0.099
step=103/200 epoch=4 loss=1.0767 head_lr=656.6 muon_lr=0.098
step=104/200 epoch=4 loss=1.0904 head_lr=649.9 muon_lr=0.097
step=105/200 epoch=4 loss=1.0682 head_lr=643.2 muon_lr=0.096
step=106/200 epoch=4 loss=1.0720 head_lr=636.5 muon_lr=0.095
step=107/200 epoch=4 loss=1.0878 head_lr=629.8 muon_lr=0.094
step=108/200 epoch=4 loss=1.0917 head_lr=623.1 muon_lr=0.093
step=109/200 epoch=4 loss=1.0912 head_lr=616.4 muon_lr=0.092
step=110/200 epoch=4 loss=1.0798 head_lr=609.7 muon_lr=0.091
step=111/200 epoch=4 loss=1.0784 head_lr=603 muon_lr=0.09
step=112/200 epoch=4 loss=1.0779 head_lr=596.3 muon_lr=0.089
step=113/200 epoch=4 loss=1.0642 head_lr=589.6 muon_lr=0.088
step=114/200 epoch=4 loss=1.0672 head_lr=582.9 muon_lr=0.087
step=115/200 epoch=4 loss=1.0618 head_lr=576.2 muon_lr=0.086
step=116/200 epoch=4 loss=1.0714 head_lr=569.5 muon_lr=0.085
step=117/200 epoch=4 loss=1.0606 head_lr=562.8 muon_lr=0.084
step=118/200 epoch=4 loss=1.0603 head_lr=556.1 muon_lr=0.083
step=119/200 epoch=4 loss=1.0514 head_lr=549.4 muon_lr=0.082
step=120/200 epoch=4 loss=1.0642 head_lr=542.7 muon_lr=0.081
step=121/200 epoch=4 loss=1.0754 head_lr=536 muon_lr=0.08
step=122/200 epoch=4 loss=1.0546 head_lr=529.3 muon_lr=0.079
step=123/200 epoch=4 loss=1.0494 head_lr=522.6 muon_lr=0.078
step=124/200 epoch=4 loss=1.0476 head_lr=515.9 muon_lr=0.077
step=125/200 epoch=4 loss=1.0537 head_lr=509.2 muon_lr=0.076
eval epoch=4 val_acc=0.8689 time_seconds=6.2941
step=126/200 epoch=5 loss=1.0153 head_lr=502.5 muon_lr=0.075
step=127/200 epoch=5 loss=1.0353 head_lr=495.8 muon_lr=0.074
step=128/200 epoch=5 loss=1.0168 head_lr=489.1 muon_lr=0.073
step=129/200 epoch=5 loss=1.0338 head_lr=482.4 muon_lr=0.072
step=130/200 epoch=5 loss=1.0315 head_lr=475.7 muon_lr=0.071
step=131/200 epoch=5 loss=1.0283 head_lr=469 muon_lr=0.07
step=132/200 epoch=5 loss=1.0058 head_lr=462.3 muon_lr=0.069
step=133/200 epoch=5 loss=1.0130 head_lr=455.6 muon_lr=0.068
step=134/200 epoch=5 loss=1.0204 head_lr=448.9 muon_lr=0.067
step=135/200 epoch=5 loss=1.0155 head_lr=442.2 muon_lr=0.066
step=136/200 epoch=5 loss=1.0204 head_lr=435.5 muon_lr=0.065
step=137/200 epoch=5 loss=1.0184 head_lr=428.8 muon_lr=0.064
step=138/200 epoch=5 loss=1.0236 head_lr=422.1 muon_lr=0.063
step=139/200 epoch=5 loss=1.0127 head_lr=415.4 muon_lr=0.062
step=140/200 epoch=5 loss=1.0112 head_lr=408.7 muon_lr=0.061
step=141/200 epoch=5 loss=1.0216 head_lr=402 muon_lr=0.06
step=142/200 epoch=5 loss=1.0137 head_lr=395.3 muon_lr=0.059
step=143/200 epoch=5 loss=1.0184 head_lr=388.6 muon_lr=0.058
step=144/200 epoch=5 loss=1.0093 head_lr=381.9 muon_lr=0.057
step=145/200 epoch=5 loss=1.0212 head_lr=375.2 muon_lr=0.056
step=146/200 epoch=5 loss=1.0147 head_lr=368.5 muon_lr=0.055
step=147/200 epoch=5 loss=1.0133 head_lr=361.8 muon_lr=0.054
step=148/200 epoch=5 loss=1.0130 head_lr=355.1 muon_lr=0.053
step=149/200 epoch=5 loss=1.0053 head_lr=348.4 muon_lr=0.052
step=150/200 epoch=5 loss=1.0181 head_lr=341.7 muon_lr=0.051
eval epoch=5 val_acc=0.9115 time_seconds=7.4981
step=151/200 epoch=6 loss=0.9828 head_lr=335 muon_lr=0.05
step=152/200 epoch=6 loss=0.9713 head_lr=328.3 muon_lr=0.049
step=153/200 epoch=6 loss=0.9867 head_lr=321.6 muon_lr=0.048
step=154/200 epoch=6 loss=0.9772 head_lr=314.9 muon_lr=0.047
step=155/200 epoch=6 loss=0.9755 head_lr=308.2 muon_lr=0.046
step=156/200 epoch=6 loss=0.9707 head_lr=301.5 muon_lr=0.045
step=157/200 epoch=6 loss=0.9803 head_lr=294.8 muon_lr=0.044
step=158/200 epoch=6 loss=0.9776 head_lr=288.1 muon_lr=0.043
step=159/200 epoch=6 loss=0.9830 head_lr=281.4 muon_lr=0.042
step=160/200 epoch=6 loss=0.9831 head_lr=274.7 muon_lr=0.041
step=161/200 epoch=6 loss=0.9755 head_lr=268 muon_lr=0.04
step=162/200 epoch=6 loss=0.9680 head_lr=261.3 muon_lr=0.039
step=163/200 epoch=6 loss=0.9718 head_lr=254.6 muon_lr=0.038
step=164/200 epoch=6 loss=0.9806 head_lr=247.9 muon_lr=0.037
step=165/200 epoch=6 loss=0.9772 head_lr=241.2 muon_lr=0.036
step=166/200 epoch=6 loss=0.9772 head_lr=234.5 muon_lr=0.035
step=167/200 epoch=6 loss=0.9676 head_lr=227.8 muon_lr=0.034
step=168/200 epoch=6 loss=0.9650 head_lr=221.1 muon_lr=0.033
step=169/200 epoch=6 loss=0.9722 head_lr=214.4 muon_lr=0.032
step=170/200 epoch=6 loss=0.9628 head_lr=207.7 muon_lr=0.031
step=171/200 epoch=6 loss=0.9667 head_lr=201 muon_lr=0.03
step=172/200 epoch=6 loss=0.9808 head_lr=194.3 muon_lr=0.029
step=173/200 epoch=6 loss=0.9646 head_lr=187.6 muon_lr=0.028
step=174/200 epoch=6 loss=0.9732 head_lr=180.9 muon_lr=0.027
step=175/200 epoch=6 loss=0.9607 head_lr=174.2 muon_lr=0.026
eval epoch=6 val_acc=0.9255 time_seconds=8.7026
step=176/200 epoch=7 loss=0.9450 head_lr=167.5 muon_lr=0.025
step=177/200 epoch=7 loss=0.9438 head_lr=160.8 muon_lr=0.024
step=178/200 epoch=7 loss=0.9428 head_lr=154.1 muon_lr=0.023
step=179/200 epoch=7 loss=0.9375 head_lr=147.4 muon_lr=0.022
step=180/200 epoch=7 loss=0.9383 head_lr=140.7 muon_lr=0.021
step=181/200 epoch=7 loss=0.9323 head_lr=134 muon_lr=0.02
step=182/200 epoch=7 loss=0.9416 head_lr=127.3 muon_lr=0.019
step=183/200 epoch=7 loss=0.9346 head_lr=120.6 muon_lr=0.018
step=184/200 epoch=7 loss=0.9334 head_lr=113.9 muon_lr=0.017
step=185/200 epoch=7 loss=0.9369 head_lr=107.2 muon_lr=0.016
step=186/200 epoch=7 loss=0.9327 head_lr=100.5 muon_lr=0.015
step=187/200 epoch=7 loss=0.9339 head_lr=93.8 muon_lr=0.014
step=188/200 epoch=7 loss=0.9364 head_lr=87.1 muon_lr=0.013
step=189/200 epoch=7 loss=0.9345 head_lr=80.4 muon_lr=0.012
step=190/200 epoch=7 loss=0.9292 head_lr=73.7 muon_lr=0.011
step=191/200 epoch=7 loss=0.9370 head_lr=67 muon_lr=0.01
step=192/200 epoch=7 loss=0.9331 head_lr=60.3 muon_lr=0.009
step=193/200 epoch=7 loss=0.9256 head_lr=53.6 muon_lr=0.008
step=194/200 epoch=7 loss=0.9267 head_lr=46.9 muon_lr=0.007
step=195/200 epoch=7 loss=0.9330 head_lr=40.2 muon_lr=0.006
step=196/200 epoch=7 loss=0.9273 head_lr=33.5 muon_lr=0.005
step=197/200 epoch=7 loss=0.9391 head_lr=26.8 muon_lr=0.004
step=198/200 epoch=7 loss=0.9334 head_lr=20.1 muon_lr=0.003
step=199/200 epoch=7 loss=0.9416 head_lr=13.4 muon_lr=0.002
step=200/200 epoch=7 loss=0.9377 head_lr=6.7 muon_lr=0.001
eval epoch=7 val_acc=0.9310 time_seconds=9.9067
eval epoch=final 25batch_train_loss=0.8993 val_acc=0.9310 tta_val_acc=0.9377 time_seconds=10.5193
Run:                17
Seed:               8
Seed group:         different_seed
Batch size:         2000
Muon lr:            0.2
SGD lr mult:        1
25batch train loss: 0.8993
Val acc:            0.9310
TTA val:            0.9377
cifar_reproducibility run=18 seed=9 seed_group=different_seed batch_size=2000 muon_lr=0.2
step=1/200 epoch=0 loss=2.3179 head_lr=1340 muon_lr=0.2
step=2/200 epoch=0 loss=2.2961 head_lr=1333.3 muon_lr=0.199
step=3/200 epoch=0 loss=2.2701 head_lr=1326.6 muon_lr=0.198
step=4/200 epoch=0 loss=2.0772 head_lr=1319.9 muon_lr=0.197
step=5/200 epoch=0 loss=1.9395 head_lr=1313.2 muon_lr=0.196
step=6/200 epoch=0 loss=1.8708 head_lr=1306.5 muon_lr=0.195
step=7/200 epoch=0 loss=1.8872 head_lr=1299.8 muon_lr=0.194
step=8/200 epoch=0 loss=1.8120 head_lr=1293.1 muon_lr=0.193
step=9/200 epoch=0 loss=1.7631 head_lr=1286.4 muon_lr=0.192
step=10/200 epoch=0 loss=1.7551 head_lr=1279.7 muon_lr=0.191
step=11/200 epoch=0 loss=1.6837 head_lr=1273 muon_lr=0.19
step=12/200 epoch=0 loss=1.6494 head_lr=1266.3 muon_lr=0.189
step=13/200 epoch=0 loss=1.6193 head_lr=1259.6 muon_lr=0.188
step=14/200 epoch=0 loss=1.5389 head_lr=1252.9 muon_lr=0.187
step=15/200 epoch=0 loss=1.5577 head_lr=1246.2 muon_lr=0.186
step=16/200 epoch=0 loss=1.5875 head_lr=1239.5 muon_lr=0.185
step=17/200 epoch=0 loss=1.5068 head_lr=1232.8 muon_lr=0.184
step=18/200 epoch=0 loss=1.4736 head_lr=1226.1 muon_lr=0.183
step=19/200 epoch=0 loss=1.4748 head_lr=1219.4 muon_lr=0.182
step=20/200 epoch=0 loss=1.4357 head_lr=1212.7 muon_lr=0.181
step=21/200 epoch=0 loss=1.4410 head_lr=1206 muon_lr=0.18
step=22/200 epoch=0 loss=1.4454 head_lr=1199.3 muon_lr=0.179
step=23/200 epoch=0 loss=1.3933 head_lr=1192.6 muon_lr=0.178
step=24/200 epoch=0 loss=1.3844 head_lr=1185.9 muon_lr=0.177
step=25/200 epoch=0 loss=1.3725 head_lr=1179.2 muon_lr=0.176
eval run=18 epoch=0 val_acc=0.6291 time_seconds=1.2953
step=26/200 epoch=1 loss=1.3548 head_lr=1172.5 muon_lr=0.175
step=27/200 epoch=1 loss=1.3639 head_lr=1165.8 muon_lr=0.174
step=28/200 epoch=1 loss=1.3344 head_lr=1159.1 muon_lr=0.173
step=29/200 epoch=1 loss=1.3180 head_lr=1152.4 muon_lr=0.172
step=30/200 epoch=1 loss=1.3462 head_lr=1145.7 muon_lr=0.171
step=31/200 epoch=1 loss=1.3156 head_lr=1139 muon_lr=0.17
step=32/200 epoch=1 loss=1.2941 head_lr=1132.3 muon_lr=0.169
step=33/200 epoch=1 loss=1.2807 head_lr=1125.6 muon_lr=0.168
step=34/200 epoch=1 loss=1.2964 head_lr=1118.9 muon_lr=0.167
step=35/200 epoch=1 loss=1.2809 head_lr=1112.2 muon_lr=0.166
step=36/200 epoch=1 loss=1.3167 head_lr=1105.5 muon_lr=0.165
step=37/200 epoch=1 loss=1.2642 head_lr=1098.8 muon_lr=0.164
step=38/200 epoch=1 loss=1.2847 head_lr=1092.1 muon_lr=0.163
step=39/200 epoch=1 loss=1.2689 head_lr=1085.4 muon_lr=0.162
step=40/200 epoch=1 loss=1.2596 head_lr=1078.7 muon_lr=0.161
step=41/200 epoch=1 loss=1.2628 head_lr=1072 muon_lr=0.16
step=42/200 epoch=1 loss=1.2675 head_lr=1065.3 muon_lr=0.159
step=43/200 epoch=1 loss=1.2508 head_lr=1058.6 muon_lr=0.158
step=44/200 epoch=1 loss=1.2542 head_lr=1051.9 muon_lr=0.157
step=45/200 epoch=1 loss=1.2353 head_lr=1045.2 muon_lr=0.156
step=46/200 epoch=1 loss=1.2230 head_lr=1038.5 muon_lr=0.155
step=47/200 epoch=1 loss=1.2404 head_lr=1031.8 muon_lr=0.154
step=48/200 epoch=1 loss=1.2205 head_lr=1025.1 muon_lr=0.153
step=49/200 epoch=1 loss=1.2507 head_lr=1018.4 muon_lr=0.152
step=50/200 epoch=1 loss=1.2324 head_lr=1011.7 muon_lr=0.151
eval epoch=1 val_acc=0.7748 time_seconds=2.5882
step=51/200 epoch=2 loss=1.1980 head_lr=1005 muon_lr=0.15
step=52/200 epoch=2 loss=1.1748 head_lr=998.3 muon_lr=0.149
step=53/200 epoch=2 loss=1.2266 head_lr=991.6 muon_lr=0.148
step=54/200 epoch=2 loss=1.1802 head_lr=984.9 muon_lr=0.147
step=55/200 epoch=2 loss=1.1835 head_lr=978.2 muon_lr=0.146
step=56/200 epoch=2 loss=1.2010 head_lr=971.5 muon_lr=0.145
step=57/200 epoch=2 loss=1.1967 head_lr=964.8 muon_lr=0.144
step=58/200 epoch=2 loss=1.1852 head_lr=958.1 muon_lr=0.143
step=59/200 epoch=2 loss=1.1718 head_lr=951.4 muon_lr=0.142
step=60/200 epoch=2 loss=1.1794 head_lr=944.7 muon_lr=0.141
step=61/200 epoch=2 loss=1.2062 head_lr=938 muon_lr=0.14
step=62/200 epoch=2 loss=1.2060 head_lr=931.3 muon_lr=0.139
step=63/200 epoch=2 loss=1.1896 head_lr=924.6 muon_lr=0.138
step=64/200 epoch=2 loss=1.1876 head_lr=917.9 muon_lr=0.137
step=65/200 epoch=2 loss=1.1731 head_lr=911.2 muon_lr=0.136
step=66/200 epoch=2 loss=1.1641 head_lr=904.5 muon_lr=0.135
step=67/200 epoch=2 loss=1.1788 head_lr=897.8 muon_lr=0.134
step=68/200 epoch=2 loss=1.1650 head_lr=891.1 muon_lr=0.133
step=69/200 epoch=2 loss=1.1498 head_lr=884.4 muon_lr=0.132
step=70/200 epoch=2 loss=1.1525 head_lr=877.7 muon_lr=0.131
step=71/200 epoch=2 loss=1.1800 head_lr=871 muon_lr=0.13
step=72/200 epoch=2 loss=1.1786 head_lr=864.3 muon_lr=0.129
step=73/200 epoch=2 loss=1.1526 head_lr=857.6 muon_lr=0.128
step=74/200 epoch=2 loss=1.1906 head_lr=850.9 muon_lr=0.127
step=75/200 epoch=2 loss=1.1429 head_lr=844.2 muon_lr=0.126
eval epoch=2 val_acc=0.8002 time_seconds=3.8804
step=76/200 epoch=3 loss=1.1260 head_lr=837.5 muon_lr=0.125
step=77/200 epoch=3 loss=1.1261 head_lr=830.8 muon_lr=0.124
step=78/200 epoch=3 loss=1.1427 head_lr=824.1 muon_lr=0.123
step=79/200 epoch=3 loss=1.1295 head_lr=817.4 muon_lr=0.122
step=80/200 epoch=3 loss=1.1325 head_lr=810.7 muon_lr=0.121
step=81/200 epoch=3 loss=1.1256 head_lr=804 muon_lr=0.12
step=82/200 epoch=3 loss=1.1374 head_lr=797.3 muon_lr=0.119
step=83/200 epoch=3 loss=1.1207 head_lr=790.6 muon_lr=0.118
step=84/200 epoch=3 loss=1.1262 head_lr=783.9 muon_lr=0.117
step=85/200 epoch=3 loss=1.1190 head_lr=777.2 muon_lr=0.116
step=86/200 epoch=3 loss=1.1189 head_lr=770.5 muon_lr=0.115
step=87/200 epoch=3 loss=1.1070 head_lr=763.8 muon_lr=0.114
step=88/200 epoch=3 loss=1.1152 head_lr=757.1 muon_lr=0.113
step=89/200 epoch=3 loss=1.1407 head_lr=750.4 muon_lr=0.112
step=90/200 epoch=3 loss=1.1111 head_lr=743.7 muon_lr=0.111
step=91/200 epoch=3 loss=1.1147 head_lr=737 muon_lr=0.11
step=92/200 epoch=3 loss=1.0996 head_lr=730.3 muon_lr=0.109
step=93/200 epoch=3 loss=1.1084 head_lr=723.6 muon_lr=0.108
step=94/200 epoch=3 loss=1.0975 head_lr=716.9 muon_lr=0.107
step=95/200 epoch=3 loss=1.1227 head_lr=710.2 muon_lr=0.106
step=96/200 epoch=3 loss=1.1045 head_lr=703.5 muon_lr=0.105
step=97/200 epoch=3 loss=1.1046 head_lr=696.8 muon_lr=0.104
step=98/200 epoch=3 loss=1.0995 head_lr=690.1 muon_lr=0.103
step=99/200 epoch=3 loss=1.1075 head_lr=683.4 muon_lr=0.102
step=100/200 epoch=3 loss=1.1035 head_lr=676.7 muon_lr=0.101
eval epoch=3 val_acc=0.8346 time_seconds=5.0864
step=101/200 epoch=4 loss=1.0727 head_lr=670 muon_lr=0.1
step=102/200 epoch=4 loss=1.0886 head_lr=663.3 muon_lr=0.099
step=103/200 epoch=4 loss=1.0869 head_lr=656.6 muon_lr=0.098
step=104/200 epoch=4 loss=1.0837 head_lr=649.9 muon_lr=0.097
step=105/200 epoch=4 loss=1.0726 head_lr=643.2 muon_lr=0.096
step=106/200 epoch=4 loss=1.0661 head_lr=636.5 muon_lr=0.095
step=107/200 epoch=4 loss=1.0686 head_lr=629.8 muon_lr=0.094
step=108/200 epoch=4 loss=1.0632 head_lr=623.1 muon_lr=0.093
step=109/200 epoch=4 loss=1.0521 head_lr=616.4 muon_lr=0.092
step=110/200 epoch=4 loss=1.0699 head_lr=609.7 muon_lr=0.091
step=111/200 epoch=4 loss=1.0795 head_lr=603 muon_lr=0.09
step=112/200 epoch=4 loss=1.0644 head_lr=596.3 muon_lr=0.089
step=113/200 epoch=4 loss=1.0769 head_lr=589.6 muon_lr=0.088
step=114/200 epoch=4 loss=1.0673 head_lr=582.9 muon_lr=0.087
step=115/200 epoch=4 loss=1.0570 head_lr=576.2 muon_lr=0.086
step=116/200 epoch=4 loss=1.0673 head_lr=569.5 muon_lr=0.085
step=117/200 epoch=4 loss=1.0649 head_lr=562.8 muon_lr=0.084
step=118/200 epoch=4 loss=1.0548 head_lr=556.1 muon_lr=0.083
step=119/200 epoch=4 loss=1.0657 head_lr=549.4 muon_lr=0.082
step=120/200 epoch=4 loss=1.0722 head_lr=542.7 muon_lr=0.081
step=121/200 epoch=4 loss=1.0582 head_lr=536 muon_lr=0.08
step=122/200 epoch=4 loss=1.0562 head_lr=529.3 muon_lr=0.079
step=123/200 epoch=4 loss=1.0656 head_lr=522.6 muon_lr=0.078
step=124/200 epoch=4 loss=1.0418 head_lr=515.9 muon_lr=0.077
step=125/200 epoch=4 loss=1.0629 head_lr=509.2 muon_lr=0.076
eval epoch=4 val_acc=0.8676 time_seconds=6.2900
step=126/200 epoch=5 loss=1.0247 head_lr=502.5 muon_lr=0.075
step=127/200 epoch=5 loss=1.0282 head_lr=495.8 muon_lr=0.074
step=128/200 epoch=5 loss=1.0299 head_lr=489.1 muon_lr=0.073
step=129/200 epoch=5 loss=1.0235 head_lr=482.4 muon_lr=0.072
step=130/200 epoch=5 loss=1.0291 head_lr=475.7 muon_lr=0.071
step=131/200 epoch=5 loss=1.0297 head_lr=469 muon_lr=0.07
step=132/200 epoch=5 loss=1.0287 head_lr=462.3 muon_lr=0.069
step=133/200 epoch=5 loss=1.0288 head_lr=455.6 muon_lr=0.068
step=134/200 epoch=5 loss=1.0223 head_lr=448.9 muon_lr=0.067
step=135/200 epoch=5 loss=1.0225 head_lr=442.2 muon_lr=0.066
step=136/200 epoch=5 loss=1.0153 head_lr=435.5 muon_lr=0.065
step=137/200 epoch=5 loss=1.0201 head_lr=428.8 muon_lr=0.064
step=138/200 epoch=5 loss=1.0160 head_lr=422.1 muon_lr=0.063
step=139/200 epoch=5 loss=1.0188 head_lr=415.4 muon_lr=0.062
step=140/200 epoch=5 loss=1.0151 head_lr=408.7 muon_lr=0.061
step=141/200 epoch=5 loss=1.0275 head_lr=402 muon_lr=0.06
step=142/200 epoch=5 loss=1.0143 head_lr=395.3 muon_lr=0.059
step=143/200 epoch=5 loss=1.0167 head_lr=388.6 muon_lr=0.058
step=144/200 epoch=5 loss=1.0251 head_lr=381.9 muon_lr=0.057
step=145/200 epoch=5 loss=1.0157 head_lr=375.2 muon_lr=0.056
step=146/200 epoch=5 loss=1.0108 head_lr=368.5 muon_lr=0.055
step=147/200 epoch=5 loss=1.0119 head_lr=361.8 muon_lr=0.054
step=148/200 epoch=5 loss=1.0080 head_lr=355.1 muon_lr=0.053
step=149/200 epoch=5 loss=1.0209 head_lr=348.4 muon_lr=0.052
step=150/200 epoch=5 loss=0.9951 head_lr=341.7 muon_lr=0.051
eval epoch=5 val_acc=0.9110 time_seconds=7.4952
step=151/200 epoch=6 loss=0.9812 head_lr=335 muon_lr=0.05
step=152/200 epoch=6 loss=0.9831 head_lr=328.3 muon_lr=0.049
step=153/200 epoch=6 loss=0.9861 head_lr=321.6 muon_lr=0.048
step=154/200 epoch=6 loss=0.9823 head_lr=314.9 muon_lr=0.047
step=155/200 epoch=6 loss=0.9861 head_lr=308.2 muon_lr=0.046
step=156/200 epoch=6 loss=0.9810 head_lr=301.5 muon_lr=0.045
step=157/200 epoch=6 loss=0.9795 head_lr=294.8 muon_lr=0.044
step=158/200 epoch=6 loss=0.9760 head_lr=288.1 muon_lr=0.043
step=159/200 epoch=6 loss=0.9786 head_lr=281.4 muon_lr=0.042
step=160/200 epoch=6 loss=0.9699 head_lr=274.7 muon_lr=0.041
step=161/200 epoch=6 loss=0.9796 head_lr=268 muon_lr=0.04
step=162/200 epoch=6 loss=0.9799 head_lr=261.3 muon_lr=0.039
step=163/200 epoch=6 loss=0.9690 head_lr=254.6 muon_lr=0.038
step=164/200 epoch=6 loss=0.9744 head_lr=247.9 muon_lr=0.037
step=165/200 epoch=6 loss=0.9750 head_lr=241.2 muon_lr=0.036
step=166/200 epoch=6 loss=0.9687 head_lr=234.5 muon_lr=0.035
step=167/200 epoch=6 loss=0.9754 head_lr=227.8 muon_lr=0.034
step=168/200 epoch=6 loss=0.9721 head_lr=221.1 muon_lr=0.033
step=169/200 epoch=6 loss=0.9694 head_lr=214.4 muon_lr=0.032
step=170/200 epoch=6 loss=0.9698 head_lr=207.7 muon_lr=0.031
step=171/200 epoch=6 loss=0.9672 head_lr=201 muon_lr=0.03
step=172/200 epoch=6 loss=0.9668 head_lr=194.3 muon_lr=0.029
step=173/200 epoch=6 loss=0.9666 head_lr=187.6 muon_lr=0.028
step=174/200 epoch=6 loss=0.9687 head_lr=180.9 muon_lr=0.027
step=175/200 epoch=6 loss=0.9685 head_lr=174.2 muon_lr=0.026
eval epoch=6 val_acc=0.9284 time_seconds=8.6991
step=176/200 epoch=7 loss=0.9451 head_lr=167.5 muon_lr=0.025
step=177/200 epoch=7 loss=0.9417 head_lr=160.8 muon_lr=0.024
step=178/200 epoch=7 loss=0.9397 head_lr=154.1 muon_lr=0.023
step=179/200 epoch=7 loss=0.9371 head_lr=147.4 muon_lr=0.022
step=180/200 epoch=7 loss=0.9434 head_lr=140.7 muon_lr=0.021
step=181/200 epoch=7 loss=0.9332 head_lr=134 muon_lr=0.02
step=182/200 epoch=7 loss=0.9391 head_lr=127.3 muon_lr=0.019
step=183/200 epoch=7 loss=0.9381 head_lr=120.6 muon_lr=0.018
step=184/200 epoch=7 loss=0.9403 head_lr=113.9 muon_lr=0.017
step=185/200 epoch=7 loss=0.9400 head_lr=107.2 muon_lr=0.016
step=186/200 epoch=7 loss=0.9364 head_lr=100.5 muon_lr=0.015
step=187/200 epoch=7 loss=0.9420 head_lr=93.8 muon_lr=0.014
step=188/200 epoch=7 loss=0.9378 head_lr=87.1 muon_lr=0.013
step=189/200 epoch=7 loss=0.9429 head_lr=80.4 muon_lr=0.012
step=190/200 epoch=7 loss=0.9346 head_lr=73.7 muon_lr=0.011
step=191/200 epoch=7 loss=0.9343 head_lr=67 muon_lr=0.01
step=192/200 epoch=7 loss=0.9346 head_lr=60.3 muon_lr=0.009
step=193/200 epoch=7 loss=0.9272 head_lr=53.6 muon_lr=0.008
step=194/200 epoch=7 loss=0.9323 head_lr=46.9 muon_lr=0.007
step=195/200 epoch=7 loss=0.9340 head_lr=40.2 muon_lr=0.006
step=196/200 epoch=7 loss=0.9337 head_lr=33.5 muon_lr=0.005
step=197/200 epoch=7 loss=0.9412 head_lr=26.8 muon_lr=0.004
step=198/200 epoch=7 loss=0.9328 head_lr=20.1 muon_lr=0.003
step=199/200 epoch=7 loss=0.9245 head_lr=13.4 muon_lr=0.002
step=200/200 epoch=7 loss=0.9324 head_lr=6.7 muon_lr=0.001
eval epoch=7 val_acc=0.9300 time_seconds=9.9052
eval epoch=final 25batch_train_loss=0.8997 val_acc=0.9300 tta_val_acc=0.9410 time_seconds=10.5167
Run:                18
Seed:               9
Seed group:         different_seed
Batch size:         2000
Muon lr:            0.2
SGD lr mult:        1
25batch train loss: 0.8997
Val acc:            0.9300
TTA val:            0.9410
cifar_reproducibility run=19 seed=10 seed_group=different_seed batch_size=2000 muon_lr=0.2
step=1/200 epoch=0 loss=2.3046 head_lr=1340 muon_lr=0.2
step=2/200 epoch=0 loss=2.3273 head_lr=1333.3 muon_lr=0.199
step=3/200 epoch=0 loss=2.2542 head_lr=1326.6 muon_lr=0.198
step=4/200 epoch=0 loss=2.0438 head_lr=1319.9 muon_lr=0.197
step=5/200 epoch=0 loss=1.9277 head_lr=1313.2 muon_lr=0.196
step=6/200 epoch=0 loss=1.8402 head_lr=1306.5 muon_lr=0.195
step=7/200 epoch=0 loss=1.8369 head_lr=1299.8 muon_lr=0.194
step=8/200 epoch=0 loss=1.8182 head_lr=1293.1 muon_lr=0.193
step=9/200 epoch=0 loss=1.7201 head_lr=1286.4 muon_lr=0.192
step=10/200 epoch=0 loss=1.7514 head_lr=1279.7 muon_lr=0.191
step=11/200 epoch=0 loss=1.6718 head_lr=1273 muon_lr=0.19
step=12/200 epoch=0 loss=1.6399 head_lr=1266.3 muon_lr=0.189
step=13/200 epoch=0 loss=1.6603 head_lr=1259.6 muon_lr=0.188
step=14/200 epoch=0 loss=1.6548 head_lr=1252.9 muon_lr=0.187
step=15/200 epoch=0 loss=1.5686 head_lr=1246.2 muon_lr=0.186
step=16/200 epoch=0 loss=1.5274 head_lr=1239.5 muon_lr=0.185
step=17/200 epoch=0 loss=1.4692 head_lr=1232.8 muon_lr=0.184
step=18/200 epoch=0 loss=1.4605 head_lr=1226.1 muon_lr=0.183
step=19/200 epoch=0 loss=1.4734 head_lr=1219.4 muon_lr=0.182
step=20/200 epoch=0 loss=1.4153 head_lr=1212.7 muon_lr=0.181
step=21/200 epoch=0 loss=1.4361 head_lr=1206 muon_lr=0.18
step=22/200 epoch=0 loss=1.4129 head_lr=1199.3 muon_lr=0.179
step=23/200 epoch=0 loss=1.4073 head_lr=1192.6 muon_lr=0.178
step=24/200 epoch=0 loss=1.3794 head_lr=1185.9 muon_lr=0.177
step=25/200 epoch=0 loss=1.3811 head_lr=1179.2 muon_lr=0.176
eval run=19 epoch=0 val_acc=0.6021 time_seconds=1.2970
step=26/200 epoch=1 loss=1.3772 head_lr=1172.5 muon_lr=0.175
step=27/200 epoch=1 loss=1.3298 head_lr=1165.8 muon_lr=0.174
step=28/200 epoch=1 loss=1.3445 head_lr=1159.1 muon_lr=0.173
step=29/200 epoch=1 loss=1.3373 head_lr=1152.4 muon_lr=0.172
step=30/200 epoch=1 loss=1.3199 head_lr=1145.7 muon_lr=0.171
step=31/200 epoch=1 loss=1.2997 head_lr=1139 muon_lr=0.17
step=32/200 epoch=1 loss=1.3214 head_lr=1132.3 muon_lr=0.169
step=33/200 epoch=1 loss=1.2942 head_lr=1125.6 muon_lr=0.168
step=34/200 epoch=1 loss=1.2863 head_lr=1118.9 muon_lr=0.167
step=35/200 epoch=1 loss=1.2671 head_lr=1112.2 muon_lr=0.166
step=36/200 epoch=1 loss=1.3293 head_lr=1105.5 muon_lr=0.165
step=37/200 epoch=1 loss=1.2625 head_lr=1098.8 muon_lr=0.164
step=38/200 epoch=1 loss=1.2429 head_lr=1092.1 muon_lr=0.163
step=39/200 epoch=1 loss=1.2875 head_lr=1085.4 muon_lr=0.162
step=40/200 epoch=1 loss=1.2845 head_lr=1078.7 muon_lr=0.161
step=41/200 epoch=1 loss=1.2543 head_lr=1072 muon_lr=0.16
step=42/200 epoch=1 loss=1.2434 head_lr=1065.3 muon_lr=0.159
step=43/200 epoch=1 loss=1.2653 head_lr=1058.6 muon_lr=0.158
step=44/200 epoch=1 loss=1.2433 head_lr=1051.9 muon_lr=0.157
step=45/200 epoch=1 loss=1.2299 head_lr=1045.2 muon_lr=0.156
step=46/200 epoch=1 loss=1.2246 head_lr=1038.5 muon_lr=0.155
step=47/200 epoch=1 loss=1.2300 head_lr=1031.8 muon_lr=0.154
step=48/200 epoch=1 loss=1.2311 head_lr=1025.1 muon_lr=0.153
step=49/200 epoch=1 loss=1.2255 head_lr=1018.4 muon_lr=0.152
step=50/200 epoch=1 loss=1.1940 head_lr=1011.7 muon_lr=0.151
eval epoch=1 val_acc=0.7662 time_seconds=2.5909
step=51/200 epoch=2 loss=1.2101 head_lr=1005 muon_lr=0.15
step=52/200 epoch=2 loss=1.2127 head_lr=998.3 muon_lr=0.149
step=53/200 epoch=2 loss=1.2126 head_lr=991.6 muon_lr=0.148
step=54/200 epoch=2 loss=1.2069 head_lr=984.9 muon_lr=0.147
step=55/200 epoch=2 loss=1.2199 head_lr=978.2 muon_lr=0.146
step=56/200 epoch=2 loss=1.1822 head_lr=971.5 muon_lr=0.145
step=57/200 epoch=2 loss=1.1978 head_lr=964.8 muon_lr=0.144
step=58/200 epoch=2 loss=1.1815 head_lr=958.1 muon_lr=0.143
step=59/200 epoch=2 loss=1.2028 head_lr=951.4 muon_lr=0.142
step=60/200 epoch=2 loss=1.1933 head_lr=944.7 muon_lr=0.141
step=61/200 epoch=2 loss=1.2205 head_lr=938 muon_lr=0.14
step=62/200 epoch=2 loss=1.1800 head_lr=931.3 muon_lr=0.139
step=63/200 epoch=2 loss=1.1830 head_lr=924.6 muon_lr=0.138
step=64/200 epoch=2 loss=1.1550 head_lr=917.9 muon_lr=0.137
step=65/200 epoch=2 loss=1.1758 head_lr=911.2 muon_lr=0.136
step=66/200 epoch=2 loss=1.1687 head_lr=904.5 muon_lr=0.135
step=67/200 epoch=2 loss=1.1531 head_lr=897.8 muon_lr=0.134
step=68/200 epoch=2 loss=1.1588 head_lr=891.1 muon_lr=0.133
step=69/200 epoch=2 loss=1.1718 head_lr=884.4 muon_lr=0.132
step=70/200 epoch=2 loss=1.1750 head_lr=877.7 muon_lr=0.131
step=71/200 epoch=2 loss=1.1562 head_lr=871 muon_lr=0.13
step=72/200 epoch=2 loss=1.1370 head_lr=864.3 muon_lr=0.129
step=73/200 epoch=2 loss=1.1450 head_lr=857.6 muon_lr=0.128
step=74/200 epoch=2 loss=1.1601 head_lr=850.9 muon_lr=0.127
step=75/200 epoch=2 loss=1.1660 head_lr=844.2 muon_lr=0.126
eval epoch=2 val_acc=0.8423 time_seconds=3.8838
step=76/200 epoch=3 loss=1.1368 head_lr=837.5 muon_lr=0.125
step=77/200 epoch=3 loss=1.1366 head_lr=830.8 muon_lr=0.124
step=78/200 epoch=3 loss=1.1524 head_lr=824.1 muon_lr=0.123
step=79/200 epoch=3 loss=1.1292 head_lr=817.4 muon_lr=0.122
step=80/200 epoch=3 loss=1.1048 head_lr=810.7 muon_lr=0.121
step=81/200 epoch=3 loss=1.1165 head_lr=804 muon_lr=0.12
step=82/200 epoch=3 loss=1.1248 head_lr=797.3 muon_lr=0.119
step=83/200 epoch=3 loss=1.1277 head_lr=790.6 muon_lr=0.118
step=84/200 epoch=3 loss=1.1327 head_lr=783.9 muon_lr=0.117
step=85/200 epoch=3 loss=1.1274 head_lr=777.2 muon_lr=0.116
step=86/200 epoch=3 loss=1.1256 head_lr=770.5 muon_lr=0.115
step=87/200 epoch=3 loss=1.1218 head_lr=763.8 muon_lr=0.114
step=88/200 epoch=3 loss=1.1001 head_lr=757.1 muon_lr=0.113
step=89/200 epoch=3 loss=1.1118 head_lr=750.4 muon_lr=0.112
step=90/200 epoch=3 loss=1.1137 head_lr=743.7 muon_lr=0.111
step=91/200 epoch=3 loss=1.1156 head_lr=737 muon_lr=0.11
step=92/200 epoch=3 loss=1.1029 head_lr=730.3 muon_lr=0.109
step=93/200 epoch=3 loss=1.1073 head_lr=723.6 muon_lr=0.108
step=94/200 epoch=3 loss=1.1076 head_lr=716.9 muon_lr=0.107
step=95/200 epoch=3 loss=1.1224 head_lr=710.2 muon_lr=0.106
step=96/200 epoch=3 loss=1.1043 head_lr=703.5 muon_lr=0.105
step=97/200 epoch=3 loss=1.1195 head_lr=696.8 muon_lr=0.104
step=98/200 epoch=3 loss=1.0941 head_lr=690.1 muon_lr=0.103
step=99/200 epoch=3 loss=1.1180 head_lr=683.4 muon_lr=0.102
step=100/200 epoch=3 loss=1.1138 head_lr=676.7 muon_lr=0.101
eval epoch=3 val_acc=0.8211 time_seconds=5.0892
step=101/200 epoch=4 loss=1.0995 head_lr=670 muon_lr=0.1
step=102/200 epoch=4 loss=1.0763 head_lr=663.3 muon_lr=0.099
step=103/200 epoch=4 loss=1.0980 head_lr=656.6 muon_lr=0.098
step=104/200 epoch=4 loss=1.0612 head_lr=649.9 muon_lr=0.097
step=105/200 epoch=4 loss=1.0500 head_lr=643.2 muon_lr=0.096
step=106/200 epoch=4 loss=1.0677 head_lr=636.5 muon_lr=0.095
step=107/200 epoch=4 loss=1.0631 head_lr=629.8 muon_lr=0.094
step=108/200 epoch=4 loss=1.0662 head_lr=623.1 muon_lr=0.093
step=109/200 epoch=4 loss=1.0879 head_lr=616.4 muon_lr=0.092
step=110/200 epoch=4 loss=1.0817 head_lr=609.7 muon_lr=0.091
step=111/200 epoch=4 loss=1.0731 head_lr=603 muon_lr=0.09
step=112/200 epoch=4 loss=1.0598 head_lr=596.3 muon_lr=0.089
step=113/200 epoch=4 loss=1.0633 head_lr=589.6 muon_lr=0.088
step=114/200 epoch=4 loss=1.0505 head_lr=582.9 muon_lr=0.087
step=115/200 epoch=4 loss=1.0620 head_lr=576.2 muon_lr=0.086
step=116/200 epoch=4 loss=1.0445 head_lr=569.5 muon_lr=0.085
step=117/200 epoch=4 loss=1.0757 head_lr=562.8 muon_lr=0.084
step=118/200 epoch=4 loss=1.0685 head_lr=556.1 muon_lr=0.083
step=119/200 epoch=4 loss=1.0639 head_lr=549.4 muon_lr=0.082
step=120/200 epoch=4 loss=1.0677 head_lr=542.7 muon_lr=0.081
step=121/200 epoch=4 loss=1.0592 head_lr=536 muon_lr=0.08
step=122/200 epoch=4 loss=1.0584 head_lr=529.3 muon_lr=0.079
step=123/200 epoch=4 loss=1.0557 head_lr=522.6 muon_lr=0.078
step=124/200 epoch=4 loss=1.0685 head_lr=515.9 muon_lr=0.077
step=125/200 epoch=4 loss=1.0600 head_lr=509.2 muon_lr=0.076
eval epoch=4 val_acc=0.8808 time_seconds=6.2934
step=126/200 epoch=5 loss=1.0376 head_lr=502.5 muon_lr=0.075
step=127/200 epoch=5 loss=1.0257 head_lr=495.8 muon_lr=0.074
step=128/200 epoch=5 loss=1.0224 head_lr=489.1 muon_lr=0.073
step=129/200 epoch=5 loss=1.0235 head_lr=482.4 muon_lr=0.072
step=130/200 epoch=5 loss=1.0425 head_lr=475.7 muon_lr=0.071
step=131/200 epoch=5 loss=1.0246 head_lr=469 muon_lr=0.07
step=132/200 epoch=5 loss=1.0162 head_lr=462.3 muon_lr=0.069
step=133/200 epoch=5 loss=1.0107 head_lr=455.6 muon_lr=0.068
step=134/200 epoch=5 loss=1.0245 head_lr=448.9 muon_lr=0.067
step=135/200 epoch=5 loss=1.0197 head_lr=442.2 muon_lr=0.066
step=136/200 epoch=5 loss=1.0060 head_lr=435.5 muon_lr=0.065
step=137/200 epoch=5 loss=1.0363 head_lr=428.8 muon_lr=0.064
step=138/200 epoch=5 loss=1.0246 head_lr=422.1 muon_lr=0.063
step=139/200 epoch=5 loss=1.0142 head_lr=415.4 muon_lr=0.062
step=140/200 epoch=5 loss=1.0143 head_lr=408.7 muon_lr=0.061
step=141/200 epoch=5 loss=1.0226 head_lr=402 muon_lr=0.06
step=142/200 epoch=5 loss=1.0214 head_lr=395.3 muon_lr=0.059
step=143/200 epoch=5 loss=1.0062 head_lr=388.6 muon_lr=0.058
step=144/200 epoch=5 loss=1.0112 head_lr=381.9 muon_lr=0.057
step=145/200 epoch=5 loss=1.0243 head_lr=375.2 muon_lr=0.056
step=146/200 epoch=5 loss=1.0113 head_lr=368.5 muon_lr=0.055
step=147/200 epoch=5 loss=1.0129 head_lr=361.8 muon_lr=0.054
step=148/200 epoch=5 loss=1.0161 head_lr=355.1 muon_lr=0.053
step=149/200 epoch=5 loss=0.9896 head_lr=348.4 muon_lr=0.052
step=150/200 epoch=5 loss=1.0011 head_lr=341.7 muon_lr=0.051
eval epoch=5 val_acc=0.9083 time_seconds=7.4979
step=151/200 epoch=6 loss=0.9794 head_lr=335 muon_lr=0.05
step=152/200 epoch=6 loss=0.9749 head_lr=328.3 muon_lr=0.049
step=153/200 epoch=6 loss=0.9869 head_lr=321.6 muon_lr=0.048
step=154/200 epoch=6 loss=0.9714 head_lr=314.9 muon_lr=0.047
step=155/200 epoch=6 loss=0.9884 head_lr=308.2 muon_lr=0.046
step=156/200 epoch=6 loss=0.9758 head_lr=301.5 muon_lr=0.045
step=157/200 epoch=6 loss=0.9661 head_lr=294.8 muon_lr=0.044
step=158/200 epoch=6 loss=0.9879 head_lr=288.1 muon_lr=0.043
step=159/200 epoch=6 loss=0.9729 head_lr=281.4 muon_lr=0.042
step=160/200 epoch=6 loss=0.9828 head_lr=274.7 muon_lr=0.041
step=161/200 epoch=6 loss=0.9732 head_lr=268 muon_lr=0.04
step=162/200 epoch=6 loss=0.9615 head_lr=261.3 muon_lr=0.039
step=163/200 epoch=6 loss=0.9719 head_lr=254.6 muon_lr=0.038
step=164/200 epoch=6 loss=0.9728 head_lr=247.9 muon_lr=0.037
step=165/200 epoch=6 loss=0.9653 head_lr=241.2 muon_lr=0.036
step=166/200 epoch=6 loss=0.9636 head_lr=234.5 muon_lr=0.035
step=167/200 epoch=6 loss=0.9832 head_lr=227.8 muon_lr=0.034
step=168/200 epoch=6 loss=0.9777 head_lr=221.1 muon_lr=0.033
step=169/200 epoch=6 loss=0.9645 head_lr=214.4 muon_lr=0.032
step=170/200 epoch=6 loss=0.9715 head_lr=207.7 muon_lr=0.031
step=171/200 epoch=6 loss=0.9604 head_lr=201 muon_lr=0.03
step=172/200 epoch=6 loss=0.9728 head_lr=194.3 muon_lr=0.029
step=173/200 epoch=6 loss=0.9669 head_lr=187.6 muon_lr=0.028
step=174/200 epoch=6 loss=0.9638 head_lr=180.9 muon_lr=0.027
step=175/200 epoch=6 loss=0.9693 head_lr=174.2 muon_lr=0.026
eval epoch=6 val_acc=0.9222 time_seconds=8.7007
step=176/200 epoch=7 loss=0.9372 head_lr=167.5 muon_lr=0.025
step=177/200 epoch=7 loss=0.9382 head_lr=160.8 muon_lr=0.024
step=178/200 epoch=7 loss=0.9421 head_lr=154.1 muon_lr=0.023
step=179/200 epoch=7 loss=0.9351 head_lr=147.4 muon_lr=0.022
step=180/200 epoch=7 loss=0.9455 head_lr=140.7 muon_lr=0.021
step=181/200 epoch=7 loss=0.9395 head_lr=134 muon_lr=0.02
step=182/200 epoch=7 loss=0.9414 head_lr=127.3 muon_lr=0.019
step=183/200 epoch=7 loss=0.9420 head_lr=120.6 muon_lr=0.018
step=184/200 epoch=7 loss=0.9362 head_lr=113.9 muon_lr=0.017
step=185/200 epoch=7 loss=0.9323 head_lr=107.2 muon_lr=0.016
step=186/200 epoch=7 loss=0.9322 head_lr=100.5 muon_lr=0.015
step=187/200 epoch=7 loss=0.9290 head_lr=93.8 muon_lr=0.014
step=188/200 epoch=7 loss=0.9378 head_lr=87.1 muon_lr=0.013
step=189/200 epoch=7 loss=0.9414 head_lr=80.4 muon_lr=0.012
step=190/200 epoch=7 loss=0.9295 head_lr=73.7 muon_lr=0.011
step=191/200 epoch=7 loss=0.9355 head_lr=67 muon_lr=0.01
step=192/200 epoch=7 loss=0.9319 head_lr=60.3 muon_lr=0.009
step=193/200 epoch=7 loss=0.9340 head_lr=53.6 muon_lr=0.008
step=194/200 epoch=7 loss=0.9328 head_lr=46.9 muon_lr=0.007
step=195/200 epoch=7 loss=0.9322 head_lr=40.2 muon_lr=0.006
step=196/200 epoch=7 loss=0.9378 head_lr=33.5 muon_lr=0.005
step=197/200 epoch=7 loss=0.9363 head_lr=26.8 muon_lr=0.004
step=198/200 epoch=7 loss=0.9279 head_lr=20.1 muon_lr=0.003
step=199/200 epoch=7 loss=0.9308 head_lr=13.4 muon_lr=0.002
step=200/200 epoch=7 loss=0.9334 head_lr=6.7 muon_lr=0.001
eval epoch=7 val_acc=0.9307 time_seconds=9.9059
eval epoch=final 25batch_train_loss=0.8993 val_acc=0.9307 tta_val_acc=0.9401 time_seconds=10.5176
Run:                19
Seed:               10
Seed group:         different_seed
Batch size:         2000
Muon lr:            0.2
SGD lr mult:        1
25batch train loss: 0.8993
Val acc:            0.9307
TTA val:            0.9401
TTA val acc comparison over 20 runs:
  run=0 seed=0 seed_group=same_seed tta_val_acc=0.9390 val_acc=0.9284 train25_loss=0.8991
  run=1 seed=0 seed_group=same_seed tta_val_acc=0.9390 val_acc=0.9284 train25_loss=0.8991
  run=2 seed=0 seed_group=same_seed tta_val_acc=0.9390 val_acc=0.9284 train25_loss=0.8991
  run=3 seed=0 seed_group=same_seed tta_val_acc=0.9390 val_acc=0.9284 train25_loss=0.8991
  run=4 seed=0 seed_group=same_seed tta_val_acc=0.9390 val_acc=0.9284 train25_loss=0.8991
  run=5 seed=0 seed_group=same_seed tta_val_acc=0.9390 val_acc=0.9284 train25_loss=0.8991
  run=6 seed=0 seed_group=same_seed tta_val_acc=0.9390 val_acc=0.9284 train25_loss=0.8991
  run=7 seed=0 seed_group=same_seed tta_val_acc=0.9390 val_acc=0.9284 train25_loss=0.8991
  run=8 seed=0 seed_group=same_seed tta_val_acc=0.9390 val_acc=0.9284 train25_loss=0.8991
  run=9 seed=0 seed_group=same_seed tta_val_acc=0.9390 val_acc=0.9284 train25_loss=0.8991
  run=10 seed=1 seed_group=different_seed tta_val_acc=0.9373 val_acc=0.9289 train25_loss=0.8994
  run=11 seed=2 seed_group=different_seed tta_val_acc=0.9405 val_acc=0.9328 train25_loss=0.8983
  run=12 seed=3 seed_group=different_seed tta_val_acc=0.9414 val_acc=0.9322 train25_loss=0.9000
  run=13 seed=4 seed_group=different_seed tta_val_acc=0.9372 val_acc=0.9263 train25_loss=0.8992
  run=14 seed=5 seed_group=different_seed tta_val_acc=0.9383 val_acc=0.9310 train25_loss=0.8999
  run=15 seed=6 seed_group=different_seed tta_val_acc=0.9379 val_acc=0.9313 train25_loss=0.9005
  run=16 seed=7 seed_group=different_seed tta_val_acc=0.9373 val_acc=0.9291 train25_loss=0.9006
  run=17 seed=8 seed_group=different_seed tta_val_acc=0.9377 val_acc=0.9310 train25_loss=0.8993
  run=18 seed=9 seed_group=different_seed tta_val_acc=0.9410 val_acc=0.9300 train25_loss=0.8997
  run=19 seed=10 seed_group=different_seed tta_val_acc=0.9401 val_acc=0.9307 train25_loss=0.8993
TTA val acc overall mean:   0.9389
TTA val acc overall std:    0.0011
TTA val acc overall min:    0.9372
TTA val acc overall max:    0.9414
TTA val acc overall range:  0.0042
TTA val acc same_seed mean:   0.9390
TTA val acc same_seed std:    0.0000
TTA val acc same_seed min:    0.9390
TTA val acc same_seed max:    0.9390
TTA val acc same_seed range:  0.0000
TTA val acc different_seed mean:   0.9389
TTA val acc different_seed std:    0.0016
TTA val acc different_seed min:    0.9372
TTA val acc different_seed max:    0.9414
TTA val acc different_seed range:  0.0042
/workspace/neural_networks_optimization/autoresearch/automatic_lr4/logs/d577d136-6284-406e-897a-4973baeb6097/log.pt
