{
  "depth": 8,
  "description": "exponential lr 1 wd 0.2",
  "device_batch_size": 64,
  "grad_accum_steps": 1,
  "hparams": {
    "end_ratio": 0.01,
    "lr_multiplier": 1.0,
    "schedule_name": "exponential",
    "total_batch_size": 131072,
    "warmdown_ratio": 1.0,
    "warmup_ratio": 0.0,
    "weight_decay": 0.2
  },
  "mfu_percent": 13.063196096434398,
  "num_params_M": 50.332176,
  "num_steps": 1248,
  "peak_vram_mb": 22652.44873046875,
  "total_seconds": 343.9341082572937,
  "total_tokens_M": 163.577856,
  "training_seconds": 300.12741446495056,
  "val_bpb": 1.0857138306315623
}
