{
  "depth": 8,
  "description": "exponential lr 2 wd 0.2",
  "device_batch_size": 64,
  "grad_accum_steps": 1,
  "hparams": {
    "end_ratio": 0.01,
    "lr_multiplier": 2.0,
    "schedule_name": "exponential",
    "total_batch_size": 131072,
    "warmdown_ratio": 1.0,
    "warmup_ratio": 0.0,
    "weight_decay": 0.2
  },
  "mfu_percent": 13.074138723645758,
  "num_params_M": 50.332176,
  "num_steps": 1249,
  "peak_vram_mb": 22652.44873046875,
  "total_seconds": 344.31068563461304,
  "total_tokens_M": 163.708928,
  "training_seconds": 300.11844396591187,
  "val_bpb": 1.0637526702382594
}
