{
  "depth": 8,
  "description": "linear lr 1 wd 0.2",
  "device_batch_size": 64,
  "grad_accum_steps": 1,
  "hparams": {
    "end_ratio": 0.0,
    "lr_multiplier": 1.0,
    "schedule_name": "linear",
    "total_batch_size": 131072,
    "warmdown_ratio": 0.7,
    "warmup_ratio": 0.0,
    "weight_decay": 0.2
  },
  "mfu_percent": 13.066531045752718,
  "num_params_M": 50.332176,
  "num_steps": 1248,
  "peak_vram_mb": 22652.44873046875,
  "total_seconds": 344.17821979522705,
  "total_tokens_M": 163.577856,
  "training_seconds": 300.0508134365082,
  "val_bpb": 1.0494420923285863
}
