{
  "depth": 8,
  "description": "linear lr 1.5 wd 0.1",
  "device_batch_size": 64,
  "grad_accum_steps": 1,
  "hparams": {
    "end_ratio": 0.0,
    "lr_multiplier": 1.5,
    "schedule_name": "linear",
    "total_batch_size": 131072,
    "warmdown_ratio": 0.7,
    "warmup_ratio": 0.0,
    "weight_decay": 0.1
  },
  "mfu_percent": 13.07953170280924,
  "num_params_M": 50.332176,
  "num_steps": 1250,
  "peak_vram_mb": 22652.44873046875,
  "total_seconds": 344.46525049209595,
  "total_tokens_M": 163.84,
  "training_seconds": 300.23682498931885,
  "val_bpb": 1.0451325276648742
}
