{
  "depth": 8,
  "description": "exponential lr 3 wd 0.1",
  "device_batch_size": 64,
  "grad_accum_steps": 1,
  "hparams": {
    "end_ratio": 0.01,
    "lr_multiplier": 3.0,
    "schedule_name": "exponential",
    "total_batch_size": 131072,
    "warmdown_ratio": 1.0,
    "warmup_ratio": 0.0,
    "weight_decay": 0.1
  },
  "mfu_percent": 13.075334367809058,
  "num_params_M": 50.332176,
  "num_steps": 1249,
  "peak_vram_mb": 22652.44873046875,
  "total_seconds": 344.0908658504486,
  "total_tokens_M": 163.708928,
  "training_seconds": 300.0910003185272,
  "val_bpb": 1.0667900840066902
}
