{
  "depth": 8,
  "description": "linear lr 1.5 wd 0.2",
  "device_batch_size": 64,
  "grad_accum_steps": 1,
  "hparams": {
    "end_ratio": 0.0,
    "lr_multiplier": 1.5,
    "schedule_name": "linear",
    "total_batch_size": 131072,
    "warmdown_ratio": 0.7,
    "warmup_ratio": 0.0,
    "weight_decay": 0.2
  },
  "mfu_percent": 13.079021864816307,
  "num_params_M": 50.332176,
  "num_steps": 1249,
  "peak_vram_mb": 22652.44873046875,
  "total_seconds": 343.96928882598877,
  "total_tokens_M": 163.708928,
  "training_seconds": 300.00639271736145,
  "val_bpb": 1.0487851824572607
}
