{
  "depth": 8,
  "description": "exponential lr 2 wd 0.1",
  "device_batch_size": 64,
  "grad_accum_steps": 1,
  "hparams": {
    "end_ratio": 0.01,
    "lr_multiplier": 2.0,
    "schedule_name": "exponential",
    "total_batch_size": 131072,
    "warmdown_ratio": 1.0,
    "warmup_ratio": 0.0,
    "weight_decay": 0.1
  },
  "mfu_percent": 13.07435172917758,
  "num_params_M": 50.332176,
  "num_steps": 1249,
  "peak_vram_mb": 22652.44873046875,
  "total_seconds": 344.2351248264313,
  "total_tokens_M": 163.708928,
  "training_seconds": 300.11355447769165,
  "val_bpb": 1.0679570673211463
}
