run,name,batch_size,kind,muon_lr,sgd_lr_mult,train_loss,val_loss,train_acc,val_acc,tta_val_acc,final_post_loss_mean,wall_time_seconds,cuda_time_seconds,final_applied_lr,final_searched_lr,final_best_lr_ema
0,best_lr_constant2_bs2000_lr0.2375_sgd0.8,2000,best_lr const x2,0.2375,0.8,1.2678,1.3482,0.802,0.7517,0.7706,1.2678287,26.7113,23.7343,0.27575183,0.13787592,0.13787592
1,best_lr_last2_decay2to0.1_bs2000_lr0.2375_sgd0.8,2000,best_lr x2 last2->0.1,0.2375,0.8,0.9866,1.0456,0.9555,0.9172,0.9268,0.98657183,26.3038,23.4039,0.0099794274,0.099794274,0.099794274
2,best_lr_constant2_bs5000_lr0.371094_sgd0.64,5000,best_lr const x2,0.371094,0.64,1.1309,1.3362,0.8872,0.7706,0.787,1.1309184,25.6401,22.7993,0.2301822,0.1150911,0.1150911
3,best_lr_last2_decay2to0.1_bs5000_lr0.371094_sgd0.64,5000,best_lr x2 last2->0.1,0.371094,0.64,0.9784,1.0482,0.9655,0.9201,0.9292,0.97843999,25.9648,23.1172,0.0099913521,0.099913521,0.099913521
4,best_lr_constant2_bs10000_lr0.296875_sgd0.8,10000,best_lr const x2,0.296875,0.8,1.172,1.3212,0.8653,0.7733,0.7844,1.1719581,25.2842,22.4397,0.165717,0.082858501,0.082858501
5,best_lr_last2_decay2to0.1_bs10000_lr0.296875_sgd0.8,10000,best_lr x2 last2->0.1,0.296875,0.8,1.0777,1.129,0.9196,0.8888,0.8949,1.0776897,25.5392,22.6828,0.0077057728,0.077057728,0.077057728
