cifar_search_simple run=0 batch_size=2000 train_epochs=8 n_steps=40 m_steps=40 search_hparams=muon_lr,muon_momentum,bias_lr,head_lr cooldown_search_hparams=muon_lr,bias_lr,head_lr muon_nesterov=False full_grid_search=True initial_muon_lr=1 initial_muon_momentum=0.6 initial_muon_momentum_index=6 initial_bias_lr=1 initial_head_lr=1
main hparams: muon_lr=1 muon_momentum=0.6 bias_lr=1 head_lr=1 main=0.5097
main hparams: muon_lr=0.6 muon_momentum=0.6 bias_lr=1 head_lr=1 main=0.629
main hparams: muon_lr=0.36 muon_momentum=0.6 bias_lr=1 head_lr=1 main=0.6875
main hparams: muon_lr=0.22 muon_momentum=0.6 bias_lr=1 head_lr=1 main=0.7931
main hparams: muon_lr=0.13 muon_momentum=0.6 bias_lr=1 head_lr=1 main=0.8207
main hparams: muon_lr=0.078 muon_momentum=0.6 bias_lr=1 head_lr=1 main=0.8071
main hparams: muon_lr=0.13 muon_momentum=0.5 bias_lr=1 head_lr=1 main=0.8068
main hparams: muon_lr=0.13 muon_momentum=0.7 bias_lr=1 head_lr=1 main=0.8052
main hparams: muon_lr=0.13 muon_momentum=0.6 bias_lr=1.7 head_lr=1 main=0.8019
main hparams: muon_lr=0.13 muon_momentum=0.6 bias_lr=2.8 head_lr=1 main=0.81
main hparams: muon_lr=0.13 muon_momentum=0.6 bias_lr=4.6 head_lr=1 main=0.8155
main hparams: muon_lr=0.13 muon_momentum=0.6 bias_lr=7.7 head_lr=1 main=0.8096
main hparams: muon_lr=0.13 muon_momentum=0.6 bias_lr=13 head_lr=1 main=0.8124
main hparams: muon_lr=0.13 muon_momentum=0.6 bias_lr=21 head_lr=1 main=0.8148
main hparams: muon_lr=0.13 muon_momentum=0.6 bias_lr=36 head_lr=1 main=0.8205
main hparams: muon_lr=0.13 muon_momentum=0.6 bias_lr=60 head_lr=1 main=0.8188
main hparams: muon_lr=0.13 muon_momentum=0.6 bias_lr=99 head_lr=1 main=0.821
main hparams: muon_lr=0.13 muon_momentum=0.6 bias_lr=170 head_lr=1 main=0.8188
main hparams: muon_lr=0.13 muon_momentum=0.6 bias_lr=280 head_lr=1 main=0.8034
main hparams: muon_lr=0.13 muon_momentum=0.6 bias_lr=460 head_lr=1 main=0.7718
main hparams: muon_lr=0.13 muon_momentum=0.6 bias_lr=770 head_lr=1 main=0.7517
main hparams: muon_lr=0.13 muon_momentum=0.6 bias_lr=1300 head_lr=1 main=0.5592
main hparams: muon_lr=0.13 muon_momentum=0.6 bias_lr=2100 head_lr=1 main=0.4397
main hparams: muon_lr=0.13 muon_momentum=0.6 bias_lr=3500 head_lr=1 main=0.2533
main hparams: muon_lr=0.13 muon_momentum=0.6 bias_lr=5900 head_lr=1 main=0.2525
main hparams: muon_lr=0.13 muon_momentum=0.6 bias_lr=9800 head_lr=1 main=0.1468
main hparams: muon_lr=0.13 muon_momentum=0.6 bias_lr=16000 head_lr=1 main=0.1287
main hparams: muon_lr=0.13 muon_momentum=0.6 bias_lr=27000 head_lr=1 main=0.1
main hparams: muon_lr=0.13 muon_momentum=0.6 bias_lr=99 head_lr=1.7 main=0.8263
main hparams: muon_lr=0.13 muon_momentum=0.6 bias_lr=99 head_lr=2.8 main=0.8226
main hparams: muon_lr=0.13 muon_momentum=0.6 bias_lr=99 head_lr=4.6 main=0.831
main hparams: muon_lr=0.13 muon_momentum=0.6 bias_lr=99 head_lr=7.7 main=0.8304
main hparams: muon_lr=0.13 muon_momentum=0.6 bias_lr=99 head_lr=13 main=0.8324
main hparams: muon_lr=0.13 muon_momentum=0.6 bias_lr=99 head_lr=21 main=0.831
main hparams: muon_lr=0.13 muon_momentum=0.6 bias_lr=99 head_lr=36 main=0.8225
main hparams: muon_lr=0.13 muon_momentum=0.6 bias_lr=99 head_lr=60 main=0.8343
main hparams: muon_lr=0.13 muon_momentum=0.6 bias_lr=99 head_lr=99 main=0.8285
main hparams: muon_lr=0.13 muon_momentum=0.6 bias_lr=99 head_lr=170 main=0.8425
main hparams: muon_lr=0.13 muon_momentum=0.6 bias_lr=99 head_lr=280 main=0.8291
main hparams: muon_lr=0.13 muon_momentum=0.6 bias_lr=99 head_lr=460 main=0.8377
main hparams: muon_lr=0.13 muon_momentum=0.6 bias_lr=99 head_lr=770 main=0.8261
main hparams: muon_lr=0.13 muon_momentum=0.6 bias_lr=99 head_lr=1300 main=0.836
main hparams: muon_lr=0.13 muon_momentum=0.6 bias_lr=99 head_lr=2100 main=0.8425
main hparams: muon_lr=0.13 muon_momentum=0.6 bias_lr=99 head_lr=3500 main=0.7972
main hparams: muon_lr=0.13 muon_momentum=0.6 bias_lr=99 head_lr=5900 main=0.4085
main hparams: muon_lr=0.13 muon_momentum=0.6 bias_lr=99 head_lr=9800 main=0.0999
main hparams: muon_lr=0.13 muon_momentum=0.6 bias_lr=99 head_lr=16000 main=0.0986
main hparams: muon_lr=0.13 muon_momentum=0.6 bias_lr=99 head_lr=27000 main=0.1
main hparams: muon_lr=0.078 muon_momentum=0.6 bias_lr=99 head_lr=170 main=0.8522
main hparams: muon_lr=0.047 muon_momentum=0.6 bias_lr=99 head_lr=170 main=0.8328
main hparams: muon_lr=0.078 muon_momentum=0.5 bias_lr=99 head_lr=170 main=0.8411
main hparams: muon_lr=0.078 muon_momentum=0.7 bias_lr=99 head_lr=170 main=0.8453
main hparams: muon_lr=0.078 muon_momentum=0.6 bias_lr=1 head_lr=170 main=0.8387
main hparams: muon_lr=0.078 muon_momentum=0.6 bias_lr=1.7 head_lr=170 main=0.839
main hparams: muon_lr=0.078 muon_momentum=0.6 bias_lr=2.8 head_lr=170 main=0.8447
main hparams: muon_lr=0.078 muon_momentum=0.6 bias_lr=4.6 head_lr=170 main=0.8441
main hparams: muon_lr=0.078 muon_momentum=0.6 bias_lr=7.7 head_lr=170 main=0.848
main hparams: muon_lr=0.078 muon_momentum=0.6 bias_lr=13 head_lr=170 main=0.8496
main hparams: muon_lr=0.078 muon_momentum=0.6 bias_lr=21 head_lr=170 main=0.8517
main hparams: muon_lr=0.078 muon_momentum=0.6 bias_lr=36 head_lr=170 main=0.8518
main hparams: muon_lr=0.078 muon_momentum=0.6 bias_lr=60 head_lr=170 main=0.8479
main hparams: muon_lr=0.078 muon_momentum=0.6 bias_lr=170 head_lr=170 main=0.8327
main hparams: muon_lr=0.078 muon_momentum=0.6 bias_lr=280 head_lr=170 main=0.8328
main hparams: muon_lr=0.078 muon_momentum=0.6 bias_lr=460 head_lr=170 main=0.7789
main hparams: muon_lr=0.078 muon_momentum=0.6 bias_lr=770 head_lr=170 main=0.7618
main hparams: muon_lr=0.078 muon_momentum=0.6 bias_lr=1300 head_lr=170 main=0.3137
main hparams: muon_lr=0.078 muon_momentum=0.6 bias_lr=2100 head_lr=170 main=0.2831
main hparams: muon_lr=0.078 muon_momentum=0.6 bias_lr=3500 head_lr=170 main=0.1354
main hparams: muon_lr=0.078 muon_momentum=0.6 bias_lr=5900 head_lr=170 main=0.1622
main hparams: muon_lr=0.078 muon_momentum=0.6 bias_lr=9800 head_lr=170 main=0.1411
main hparams: muon_lr=0.078 muon_momentum=0.6 bias_lr=16000 head_lr=170 main=0.1
main hparams: muon_lr=0.078 muon_momentum=0.6 bias_lr=27000 head_lr=170 main=0.1
main hparams: muon_lr=0.078 muon_momentum=0.6 bias_lr=99 head_lr=1 main=0.8165
main hparams: muon_lr=0.078 muon_momentum=0.6 bias_lr=99 head_lr=1.7 main=0.8247
main hparams: muon_lr=0.078 muon_momentum=0.6 bias_lr=99 head_lr=2.8 main=0.826
main hparams: muon_lr=0.078 muon_momentum=0.6 bias_lr=99 head_lr=4.6 main=0.8196
main hparams: muon_lr=0.078 muon_momentum=0.6 bias_lr=99 head_lr=7.7 main=0.8256
main hparams: muon_lr=0.078 muon_momentum=0.6 bias_lr=99 head_lr=13 main=0.8263
main hparams: muon_lr=0.078 muon_momentum=0.6 bias_lr=99 head_lr=21 main=0.8311
main hparams: muon_lr=0.078 muon_momentum=0.6 bias_lr=99 head_lr=36 main=0.8419
main hparams: muon_lr=0.078 muon_momentum=0.6 bias_lr=99 head_lr=60 main=0.8432
main hparams: muon_lr=0.078 muon_momentum=0.6 bias_lr=99 head_lr=99 main=0.8463
main hparams: muon_lr=0.078 muon_momentum=0.6 bias_lr=99 head_lr=280 main=0.8476
main hparams: muon_lr=0.078 muon_momentum=0.6 bias_lr=99 head_lr=460 main=0.8473
main hparams: muon_lr=0.078 muon_momentum=0.6 bias_lr=99 head_lr=770 main=0.8481
main hparams: muon_lr=0.078 muon_momentum=0.6 bias_lr=99 head_lr=1300 main=0.8481
main hparams: muon_lr=0.078 muon_momentum=0.6 bias_lr=99 head_lr=2100 main=0.8326
main hparams: muon_lr=0.078 muon_momentum=0.6 bias_lr=99 head_lr=3500 main=0.7917
main hparams: muon_lr=0.078 muon_momentum=0.6 bias_lr=99 head_lr=5900 main=0.3645
main hparams: muon_lr=0.078 muon_momentum=0.6 bias_lr=99 head_lr=9800 main=0.1001
main hparams: muon_lr=0.078 muon_momentum=0.6 bias_lr=99 head_lr=16000 main=0.1
main hparams: muon_lr=0.078 muon_momentum=0.6 bias_lr=99 head_lr=27000 main=0.1
search_path step=0 muon_lr=1 muon_momentum=0.6 bias_lr=1 head_lr=1 tta_val_acc=0.5097
search_path step=1 muon_lr=0.13 muon_momentum=0.6 bias_lr=1 head_lr=1 tta_val_acc=0.8207
search_path step=2 muon_lr=0.13 muon_momentum=0.6 bias_lr=99 head_lr=1 tta_val_acc=0.821
search_path step=3 muon_lr=0.13 muon_momentum=0.6 bias_lr=99 head_lr=170 tta_val_acc=0.8425
search_path step=4 muon_lr=0.078 muon_momentum=0.6 bias_lr=99 head_lr=170 tta_val_acc=0.8522
main hparams: muon_lr=0.078 muon_momentum=0.6 bias_lr=99 head_lr=170 main=0.8522, best_cooldown=0.902
muon_lr=0.078 muon_momentum=0.6 bias_lr=99 head_lr=170 -> tta_val_acc=0.8792
muon_lr=0.047 muon_momentum=0.6 bias_lr=99 head_lr=170 -> tta_val_acc=0.8934
muon_lr=0.028 muon_momentum=0.6 bias_lr=99 head_lr=170 -> tta_val_acc=0.8965
muon_lr=0.017 muon_momentum=0.6 bias_lr=99 head_lr=170 -> tta_val_acc=0.895
muon_lr=0.028 muon_momentum=0.6 bias_lr=1 head_lr=170 -> tta_val_acc=0.9
muon_lr=0.028 muon_momentum=0.6 bias_lr=1.7 head_lr=170 -> tta_val_acc=0.9013
muon_lr=0.028 muon_momentum=0.6 bias_lr=2.8 head_lr=170 -> tta_val_acc=0.9012
muon_lr=0.028 muon_momentum=0.6 bias_lr=4.6 head_lr=170 -> tta_val_acc=0.9006
muon_lr=0.028 muon_momentum=0.6 bias_lr=7.7 head_lr=170 -> tta_val_acc=0.901
muon_lr=0.028 muon_momentum=0.6 bias_lr=13 head_lr=170 -> tta_val_acc=0.9011
muon_lr=0.028 muon_momentum=0.6 bias_lr=21 head_lr=170 -> tta_val_acc=0.8997
muon_lr=0.028 muon_momentum=0.6 bias_lr=36 head_lr=170 -> tta_val_acc=0.9001
muon_lr=0.028 muon_momentum=0.6 bias_lr=60 head_lr=170 -> tta_val_acc=0.8996
muon_lr=0.028 muon_momentum=0.6 bias_lr=170 head_lr=170 -> tta_val_acc=0.8854
muon_lr=0.028 muon_momentum=0.6 bias_lr=280 head_lr=170 -> tta_val_acc=0.8714
muon_lr=0.028 muon_momentum=0.6 bias_lr=460 head_lr=170 -> tta_val_acc=0.733
muon_lr=0.028 muon_momentum=0.6 bias_lr=770 head_lr=170 -> tta_val_acc=0.1968
muon_lr=0.028 muon_momentum=0.6 bias_lr=1300 head_lr=170 -> tta_val_acc=0.1
muon_lr=0.028 muon_momentum=0.6 bias_lr=2100 head_lr=170 -> tta_val_acc=0.1
muon_lr=0.028 muon_momentum=0.6 bias_lr=3500 head_lr=170 -> tta_val_acc=0.1
muon_lr=0.028 muon_momentum=0.6 bias_lr=5900 head_lr=170 -> tta_val_acc=0.1
muon_lr=0.028 muon_momentum=0.6 bias_lr=9800 head_lr=170 -> tta_val_acc=0.1
muon_lr=0.028 muon_momentum=0.6 bias_lr=16000 head_lr=170 -> tta_val_acc=0.1
muon_lr=0.028 muon_momentum=0.6 bias_lr=27000 head_lr=170 -> tta_val_acc=0.1
muon_lr=0.028 muon_momentum=0.6 bias_lr=1.7 head_lr=1 -> tta_val_acc=0.8997
muon_lr=0.028 muon_momentum=0.6 bias_lr=1.7 head_lr=1.7 -> tta_val_acc=0.9
muon_lr=0.028 muon_momentum=0.6 bias_lr=1.7 head_lr=2.8 -> tta_val_acc=0.8993
muon_lr=0.028 muon_momentum=0.6 bias_lr=1.7 head_lr=4.6 -> tta_val_acc=0.8992
muon_lr=0.028 muon_momentum=0.6 bias_lr=1.7 head_lr=7.7 -> tta_val_acc=0.8996
muon_lr=0.028 muon_momentum=0.6 bias_lr=1.7 head_lr=13 -> tta_val_acc=0.8996
muon_lr=0.028 muon_momentum=0.6 bias_lr=1.7 head_lr=21 -> tta_val_acc=0.8992
muon_lr=0.028 muon_momentum=0.6 bias_lr=1.7 head_lr=36 -> tta_val_acc=0.9001
muon_lr=0.028 muon_momentum=0.6 bias_lr=1.7 head_lr=60 -> tta_val_acc=0.9005
muon_lr=0.028 muon_momentum=0.6 bias_lr=1.7 head_lr=99 -> tta_val_acc=0.9
muon_lr=0.028 muon_momentum=0.6 bias_lr=1.7 head_lr=280 -> tta_val_acc=0.9015
muon_lr=0.028 muon_momentum=0.6 bias_lr=1.7 head_lr=460 -> tta_val_acc=0.9014
muon_lr=0.028 muon_momentum=0.6 bias_lr=1.7 head_lr=770 -> tta_val_acc=0.8999
muon_lr=0.028 muon_momentum=0.6 bias_lr=1.7 head_lr=1300 -> tta_val_acc=0.8967
muon_lr=0.028 muon_momentum=0.6 bias_lr=1.7 head_lr=2100 -> tta_val_acc=0.8901
muon_lr=0.028 muon_momentum=0.6 bias_lr=1.7 head_lr=3500 -> tta_val_acc=0.885
muon_lr=0.028 muon_momentum=0.6 bias_lr=1.7 head_lr=5900 -> tta_val_acc=0.8612
muon_lr=0.028 muon_momentum=0.6 bias_lr=1.7 head_lr=9800 -> tta_val_acc=0.8386
muon_lr=0.028 muon_momentum=0.6 bias_lr=1.7 head_lr=16000 -> tta_val_acc=0.7555
muon_lr=0.028 muon_momentum=0.6 bias_lr=1.7 head_lr=27000 -> tta_val_acc=0.7191
muon_lr=0.017 muon_momentum=0.6 bias_lr=1.7 head_lr=280 -> tta_val_acc=0.8983
muon_lr=0.047 muon_momentum=0.6 bias_lr=1.7 head_lr=280 -> tta_val_acc=0.8986
muon_lr=0.028 muon_momentum=0.6 bias_lr=1 head_lr=280 -> tta_val_acc=0.9008
muon_lr=0.028 muon_momentum=0.6 bias_lr=2.8 head_lr=280 -> tta_val_acc=0.9016
muon_lr=0.028 muon_momentum=0.6 bias_lr=4.6 head_lr=280 -> tta_val_acc=0.902
muon_lr=0.028 muon_momentum=0.6 bias_lr=7.7 head_lr=280 -> tta_val_acc=0.901
muon_lr=0.028 muon_momentum=0.6 bias_lr=13 head_lr=280 -> tta_val_acc=0.9005
muon_lr=0.028 muon_momentum=0.6 bias_lr=21 head_lr=280 -> tta_val_acc=0.9003
muon_lr=0.028 muon_momentum=0.6 bias_lr=36 head_lr=280 -> tta_val_acc=0.9011
muon_lr=0.028 muon_momentum=0.6 bias_lr=60 head_lr=280 -> tta_val_acc=0.8987
muon_lr=0.028 muon_momentum=0.6 bias_lr=99 head_lr=280 -> tta_val_acc=0.8963
muon_lr=0.028 muon_momentum=0.6 bias_lr=170 head_lr=280 -> tta_val_acc=0.8822
muon_lr=0.028 muon_momentum=0.6 bias_lr=280 head_lr=280 -> tta_val_acc=0.8797
muon_lr=0.028 muon_momentum=0.6 bias_lr=460 head_lr=280 -> tta_val_acc=0.7965
muon_lr=0.028 muon_momentum=0.6 bias_lr=770 head_lr=280 -> tta_val_acc=0.1042
muon_lr=0.028 muon_momentum=0.6 bias_lr=1300 head_lr=280 -> tta_val_acc=0.1
muon_lr=0.028 muon_momentum=0.6 bias_lr=2100 head_lr=280 -> tta_val_acc=0.1
muon_lr=0.028 muon_momentum=0.6 bias_lr=3500 head_lr=280 -> tta_val_acc=0.1
muon_lr=0.028 muon_momentum=0.6 bias_lr=5900 head_lr=280 -> tta_val_acc=0.1
muon_lr=0.028 muon_momentum=0.6 bias_lr=9800 head_lr=280 -> tta_val_acc=0.1
muon_lr=0.028 muon_momentum=0.6 bias_lr=16000 head_lr=280 -> tta_val_acc=0.1
muon_lr=0.028 muon_momentum=0.6 bias_lr=27000 head_lr=280 -> tta_val_acc=0.1
muon_lr=0.028 muon_momentum=0.6 bias_lr=4.6 head_lr=1 -> tta_val_acc=0.9001
muon_lr=0.028 muon_momentum=0.6 bias_lr=4.6 head_lr=1.7 -> tta_val_acc=0.8996
muon_lr=0.028 muon_momentum=0.6 bias_lr=4.6 head_lr=2.8 -> tta_val_acc=0.8998
muon_lr=0.028 muon_momentum=0.6 bias_lr=4.6 head_lr=4.6 -> tta_val_acc=0.8999
muon_lr=0.028 muon_momentum=0.6 bias_lr=4.6 head_lr=7.7 -> tta_val_acc=0.8996
muon_lr=0.028 muon_momentum=0.6 bias_lr=4.6 head_lr=13 -> tta_val_acc=0.8996
muon_lr=0.028 muon_momentum=0.6 bias_lr=4.6 head_lr=21 -> tta_val_acc=0.8994
muon_lr=0.028 muon_momentum=0.6 bias_lr=4.6 head_lr=36 -> tta_val_acc=0.8996
muon_lr=0.028 muon_momentum=0.6 bias_lr=4.6 head_lr=60 -> tta_val_acc=0.8997
muon_lr=0.028 muon_momentum=0.6 bias_lr=4.6 head_lr=99 -> tta_val_acc=0.9013
muon_lr=0.028 muon_momentum=0.6 bias_lr=4.6 head_lr=460 -> tta_val_acc=0.9007
muon_lr=0.028 muon_momentum=0.6 bias_lr=4.6 head_lr=770 -> tta_val_acc=0.9004
muon_lr=0.028 muon_momentum=0.6 bias_lr=4.6 head_lr=1300 -> tta_val_acc=0.8969
muon_lr=0.028 muon_momentum=0.6 bias_lr=4.6 head_lr=2100 -> tta_val_acc=0.8934
muon_lr=0.028 muon_momentum=0.6 bias_lr=4.6 head_lr=3500 -> tta_val_acc=0.8781
muon_lr=0.028 muon_momentum=0.6 bias_lr=4.6 head_lr=5900 -> tta_val_acc=0.861
muon_lr=0.028 muon_momentum=0.6 bias_lr=4.6 head_lr=9800 -> tta_val_acc=0.7863
muon_lr=0.028 muon_momentum=0.6 bias_lr=4.6 head_lr=16000 -> tta_val_acc=0.5677
muon_lr=0.028 muon_momentum=0.6 bias_lr=4.6 head_lr=27000 -> tta_val_acc=0.4778
muon_lr=0.017 muon_momentum=0.6 bias_lr=4.6 head_lr=280 -> tta_val_acc=0.8987
muon_lr=0.047 muon_momentum=0.6 bias_lr=4.6 head_lr=280 -> tta_val_acc=0.8979
search_path step=0 muon_lr=0.078 muon_momentum=0.6 bias_lr=99 head_lr=170 tta_val_acc=0.8792
search_path step=1 muon_lr=0.028 muon_momentum=0.6 bias_lr=99 head_lr=170 tta_val_acc=0.8965
search_path step=2 muon_lr=0.028 muon_momentum=0.6 bias_lr=1.7 head_lr=170 tta_val_acc=0.9013
search_path step=3 muon_lr=0.028 muon_momentum=0.6 bias_lr=1.7 head_lr=280 tta_val_acc=0.9015
search_path step=4 muon_lr=0.028 muon_momentum=0.6 bias_lr=4.6 head_lr=280 tta_val_acc=0.902
main hparams: muon_lr=0.078 muon_momentum=0.6 bias_lr=99 head_lr=170 main=0.8522, best_cooldown=0.902
main hparams: muon_lr=0.047 muon_momentum=0.6 bias_lr=99 head_lr=170 main=0.8328, best_cooldown=0.8889
muon_lr=0.028 muon_momentum=0.6 bias_lr=4.6 head_lr=280 -> tta_val_acc=0.8889
muon_lr=0.017 muon_momentum=0.6 bias_lr=4.6 head_lr=280 -> tta_val_acc=0.8847
muon_lr=0.047 muon_momentum=0.6 bias_lr=4.6 head_lr=280 -> tta_val_acc=0.8885
search_path step=0 muon_lr=0.028 muon_momentum=0.6 bias_lr=4.6 head_lr=280 tta_val_acc=0.8889
main hparams: muon_lr=0.13 muon_momentum=0.6 bias_lr=99 head_lr=170 main=0.8425, best_cooldown=0.9091
muon_lr=0.028 muon_momentum=0.6 bias_lr=4.6 head_lr=280 -> tta_val_acc=0.9088
muon_lr=0.017 muon_momentum=0.6 bias_lr=4.6 head_lr=280 -> tta_val_acc=0.9035
muon_lr=0.047 muon_momentum=0.6 bias_lr=4.6 head_lr=280 -> tta_val_acc=0.9091
muon_lr=0.078 muon_momentum=0.6 bias_lr=4.6 head_lr=280 -> tta_val_acc=0.8976
search_path step=0 muon_lr=0.028 muon_momentum=0.6 bias_lr=4.6 head_lr=280 tta_val_acc=0.9088
search_path step=1 muon_lr=0.047 muon_momentum=0.6 bias_lr=4.6 head_lr=280 tta_val_acc=0.9091
main hparams: muon_lr=0.22 muon_momentum=0.6 bias_lr=99 head_lr=170 main=0.7893, best_cooldown=0.9088
muon_lr=0.047 muon_momentum=0.6 bias_lr=4.6 head_lr=280 -> tta_val_acc=0.9088
muon_lr=0.028 muon_momentum=0.6 bias_lr=4.6 head_lr=280 -> tta_val_acc=0.9029
muon_lr=0.078 muon_momentum=0.6 bias_lr=4.6 head_lr=280 -> tta_val_acc=0.8991
search_path step=0 muon_lr=0.047 muon_momentum=0.6 bias_lr=4.6 head_lr=280 tta_val_acc=0.9088
main hparams: muon_lr=0.13 muon_momentum=0.5 bias_lr=99 head_lr=170 main=0.8502, best_cooldown=0.9077
muon_lr=0.047 muon_momentum=0.5 bias_lr=4.6 head_lr=280 -> tta_val_acc=0.9077
muon_lr=0.028 muon_momentum=0.5 bias_lr=4.6 head_lr=280 -> tta_val_acc=0.9061
muon_lr=0.078 muon_momentum=0.5 bias_lr=4.6 head_lr=280 -> tta_val_acc=0.8992
search_path step=0 muon_lr=0.047 muon_momentum=0.5 bias_lr=4.6 head_lr=280 tta_val_acc=0.9077
main hparams: muon_lr=0.13 muon_momentum=0.7 bias_lr=99 head_lr=170 main=0.8393, best_cooldown=0.907
muon_lr=0.047 muon_momentum=0.7 bias_lr=4.6 head_lr=280 -> tta_val_acc=0.9044
muon_lr=0.028 muon_momentum=0.7 bias_lr=4.6 head_lr=280 -> tta_val_acc=0.907
muon_lr=0.017 muon_momentum=0.7 bias_lr=4.6 head_lr=280 -> tta_val_acc=0.9031
search_path step=0 muon_lr=0.047 muon_momentum=0.7 bias_lr=4.6 head_lr=280 tta_val_acc=0.9044
search_path step=1 muon_lr=0.028 muon_momentum=0.7 bias_lr=4.6 head_lr=280 tta_val_acc=0.907
main hparams: muon_lr=0.13 muon_momentum=0.6 bias_lr=1 head_lr=170 main=0.8364, best_cooldown=0.9039
muon_lr=0.047 muon_momentum=0.6 bias_lr=4.6 head_lr=280 -> tta_val_acc=0.9029
muon_lr=0.047 muon_momentum=0.6 bias_lr=1 head_lr=280 -> tta_val_acc=0.9021
muon_lr=0.047 muon_momentum=0.6 bias_lr=1.7 head_lr=280 -> tta_val_acc=0.9022
muon_lr=0.047 muon_momentum=0.6 bias_lr=2.8 head_lr=280 -> tta_val_acc=0.9005
muon_lr=0.047 muon_momentum=0.6 bias_lr=7.7 head_lr=280 -> tta_val_acc=0.9027
muon_lr=0.047 muon_momentum=0.6 bias_lr=13 head_lr=280 -> tta_val_acc=0.9037
muon_lr=0.047 muon_momentum=0.6 bias_lr=21 head_lr=280 -> tta_val_acc=0.9039
muon_lr=0.047 muon_momentum=0.6 bias_lr=36 head_lr=280 -> tta_val_acc=0.9013
muon_lr=0.047 muon_momentum=0.6 bias_lr=60 head_lr=280 -> tta_val_acc=0.8991
muon_lr=0.047 muon_momentum=0.6 bias_lr=99 head_lr=280 -> tta_val_acc=0.8959
muon_lr=0.047 muon_momentum=0.6 bias_lr=170 head_lr=280 -> tta_val_acc=0.8859
muon_lr=0.047 muon_momentum=0.6 bias_lr=280 head_lr=280 -> tta_val_acc=0.8702
muon_lr=0.047 muon_momentum=0.6 bias_lr=460 head_lr=280 -> tta_val_acc=0.7988
muon_lr=0.047 muon_momentum=0.6 bias_lr=770 head_lr=280 -> tta_val_acc=0.157
muon_lr=0.047 muon_momentum=0.6 bias_lr=1300 head_lr=280 -> tta_val_acc=0.1
muon_lr=0.047 muon_momentum=0.6 bias_lr=2100 head_lr=280 -> tta_val_acc=0.1
muon_lr=0.047 muon_momentum=0.6 bias_lr=3500 head_lr=280 -> tta_val_acc=0.1
muon_lr=0.047 muon_momentum=0.6 bias_lr=5900 head_lr=280 -> tta_val_acc=0.1
muon_lr=0.047 muon_momentum=0.6 bias_lr=9800 head_lr=280 -> tta_val_acc=0.1
muon_lr=0.047 muon_momentum=0.6 bias_lr=16000 head_lr=280 -> tta_val_acc=0.1
muon_lr=0.047 muon_momentum=0.6 bias_lr=27000 head_lr=280 -> tta_val_acc=0.1
search_path step=0 muon_lr=0.047 muon_momentum=0.6 bias_lr=4.6 head_lr=280 tta_val_acc=0.9029
search_path step=1 muon_lr=0.047 muon_momentum=0.6 bias_lr=21 head_lr=280 tta_val_acc=0.9039
main hparams: muon_lr=0.13 muon_momentum=0.6 bias_lr=1.7 head_lr=170 main=0.8257, best_cooldown=0.9057
muon_lr=0.047 muon_momentum=0.6 bias_lr=4.6 head_lr=280 -> tta_val_acc=0.9049
muon_lr=0.047 muon_momentum=0.6 bias_lr=1 head_lr=280 -> tta_val_acc=0.9048
muon_lr=0.047 muon_momentum=0.6 bias_lr=1.7 head_lr=280 -> tta_val_acc=0.9043
muon_lr=0.047 muon_momentum=0.6 bias_lr=2.8 head_lr=280 -> tta_val_acc=0.9042
muon_lr=0.047 muon_momentum=0.6 bias_lr=7.7 head_lr=280 -> tta_val_acc=0.9053
muon_lr=0.047 muon_momentum=0.6 bias_lr=13 head_lr=280 -> tta_val_acc=0.9056
muon_lr=0.047 muon_momentum=0.6 bias_lr=21 head_lr=280 -> tta_val_acc=0.9057
muon_lr=0.047 muon_momentum=0.6 bias_lr=36 head_lr=280 -> tta_val_acc=0.9053
muon_lr=0.047 muon_momentum=0.6 bias_lr=60 head_lr=280 -> tta_val_acc=0.9043
muon_lr=0.047 muon_momentum=0.6 bias_lr=99 head_lr=280 -> tta_val_acc=0.8999
muon_lr=0.047 muon_momentum=0.6 bias_lr=170 head_lr=280 -> tta_val_acc=0.8833
muon_lr=0.047 muon_momentum=0.6 bias_lr=280 head_lr=280 -> tta_val_acc=0.8613
muon_lr=0.047 muon_momentum=0.6 bias_lr=460 head_lr=280 -> tta_val_acc=0.7347
muon_lr=0.047 muon_momentum=0.6 bias_lr=770 head_lr=280 -> tta_val_acc=0.248
muon_lr=0.047 muon_momentum=0.6 bias_lr=1300 head_lr=280 -> tta_val_acc=0.1
muon_lr=0.047 muon_momentum=0.6 bias_lr=2100 head_lr=280 -> tta_val_acc=0.1
muon_lr=0.047 muon_momentum=0.6 bias_lr=3500 head_lr=280 -> tta_val_acc=0.1
muon_lr=0.047 muon_momentum=0.6 bias_lr=5900 head_lr=280 -> tta_val_acc=0.1
muon_lr=0.047 muon_momentum=0.6 bias_lr=9800 head_lr=280 -> tta_val_acc=0.1
muon_lr=0.047 muon_momentum=0.6 bias_lr=16000 head_lr=280 -> tta_val_acc=0.1
muon_lr=0.047 muon_momentum=0.6 bias_lr=27000 head_lr=280 -> tta_val_acc=0.1
search_path step=0 muon_lr=0.047 muon_momentum=0.6 bias_lr=4.6 head_lr=280 tta_val_acc=0.9049
search_path step=1 muon_lr=0.047 muon_momentum=0.6 bias_lr=21 head_lr=280 tta_val_acc=0.9057
main hparams: muon_lr=0.13 muon_momentum=0.6 bias_lr=2.8 head_lr=170 main=0.8414, best_cooldown=0.9048
muon_lr=0.047 muon_momentum=0.6 bias_lr=4.6 head_lr=280 -> tta_val_acc=0.9023
muon_lr=0.047 muon_momentum=0.6 bias_lr=1 head_lr=280 -> tta_val_acc=0.9028
muon_lr=0.047 muon_momentum=0.6 bias_lr=1.7 head_lr=280 -> tta_val_acc=0.9032
muon_lr=0.047 muon_momentum=0.6 bias_lr=2.8 head_lr=280 -> tta_val_acc=0.9016
muon_lr=0.047 muon_momentum=0.6 bias_lr=7.7 head_lr=280 -> tta_val_acc=0.903
muon_lr=0.047 muon_momentum=0.6 bias_lr=13 head_lr=280 -> tta_val_acc=0.9048
muon_lr=0.047 muon_momentum=0.6 bias_lr=21 head_lr=280 -> tta_val_acc=0.9037
muon_lr=0.047 muon_momentum=0.6 bias_lr=36 head_lr=280 -> tta_val_acc=0.9028
muon_lr=0.047 muon_momentum=0.6 bias_lr=60 head_lr=280 -> tta_val_acc=0.9005
muon_lr=0.047 muon_momentum=0.6 bias_lr=99 head_lr=280 -> tta_val_acc=0.8954
muon_lr=0.047 muon_momentum=0.6 bias_lr=170 head_lr=280 -> tta_val_acc=0.8769
muon_lr=0.047 muon_momentum=0.6 bias_lr=280 head_lr=280 -> tta_val_acc=0.8536
muon_lr=0.047 muon_momentum=0.6 bias_lr=460 head_lr=280 -> tta_val_acc=0.7845
muon_lr=0.047 muon_momentum=0.6 bias_lr=770 head_lr=280 -> tta_val_acc=0.1673
muon_lr=0.047 muon_momentum=0.6 bias_lr=1300 head_lr=280 -> tta_val_acc=0.1
muon_lr=0.047 muon_momentum=0.6 bias_lr=2100 head_lr=280 -> tta_val_acc=0.1
muon_lr=0.047 muon_momentum=0.6 bias_lr=3500 head_lr=280 -> tta_val_acc=0.1
muon_lr=0.047 muon_momentum=0.6 bias_lr=5900 head_lr=280 -> tta_val_acc=0.1
muon_lr=0.047 muon_momentum=0.6 bias_lr=9800 head_lr=280 -> tta_val_acc=0.1
muon_lr=0.047 muon_momentum=0.6 bias_lr=16000 head_lr=280 -> tta_val_acc=0.1
muon_lr=0.047 muon_momentum=0.6 bias_lr=27000 head_lr=280 -> tta_val_acc=0.1
search_path step=0 muon_lr=0.047 muon_momentum=0.6 bias_lr=4.6 head_lr=280 tta_val_acc=0.9023
search_path step=1 muon_lr=0.047 muon_momentum=0.6 bias_lr=13 head_lr=280 tta_val_acc=0.9048
main hparams: muon_lr=0.13 muon_momentum=0.6 bias_lr=4.6 head_lr=170 main=0.8407, best_cooldown=0.9061
muon_lr=0.047 muon_momentum=0.6 bias_lr=4.6 head_lr=280 -> tta_val_acc=0.904
muon_lr=0.047 muon_momentum=0.6 bias_lr=1 head_lr=280 -> tta_val_acc=0.9037
muon_lr=0.047 muon_momentum=0.6 bias_lr=1.7 head_lr=280 -> tta_val_acc=0.9038
muon_lr=0.047 muon_momentum=0.6 bias_lr=2.8 head_lr=280 -> tta_val_acc=0.904
muon_lr=0.047 muon_momentum=0.6 bias_lr=7.7 head_lr=280 -> tta_val_acc=0.9034
muon_lr=0.047 muon_momentum=0.6 bias_lr=13 head_lr=280 -> tta_val_acc=0.9061
muon_lr=0.047 muon_momentum=0.6 bias_lr=21 head_lr=280 -> tta_val_acc=0.9036
muon_lr=0.047 muon_momentum=0.6 bias_lr=36 head_lr=280 -> tta_val_acc=0.9027
muon_lr=0.047 muon_momentum=0.6 bias_lr=60 head_lr=280 -> tta_val_acc=0.9011
muon_lr=0.047 muon_momentum=0.6 bias_lr=99 head_lr=280 -> tta_val_acc=0.8973
muon_lr=0.047 muon_momentum=0.6 bias_lr=170 head_lr=280 -> tta_val_acc=0.8579
muon_lr=0.047 muon_momentum=0.6 bias_lr=280 head_lr=280 -> tta_val_acc=0.8634
muon_lr=0.047 muon_momentum=0.6 bias_lr=460 head_lr=280 -> tta_val_acc=0.7973
muon_lr=0.047 muon_momentum=0.6 bias_lr=770 head_lr=280 -> tta_val_acc=0.1795
muon_lr=0.047 muon_momentum=0.6 bias_lr=1300 head_lr=280 -> tta_val_acc=0.1
muon_lr=0.047 muon_momentum=0.6 bias_lr=2100 head_lr=280 -> tta_val_acc=0.1
muon_lr=0.047 muon_momentum=0.6 bias_lr=3500 head_lr=280 -> tta_val_acc=0.1
muon_lr=0.047 muon_momentum=0.6 bias_lr=5900 head_lr=280 -> tta_val_acc=0.1
muon_lr=0.047 muon_momentum=0.6 bias_lr=9800 head_lr=280 -> tta_val_acc=0.1
muon_lr=0.047 muon_momentum=0.6 bias_lr=16000 head_lr=280 -> tta_val_acc=0.1
muon_lr=0.047 muon_momentum=0.6 bias_lr=27000 head_lr=280 -> tta_val_acc=0.1
search_path step=0 muon_lr=0.047 muon_momentum=0.6 bias_lr=4.6 head_lr=280 tta_val_acc=0.904
search_path step=1 muon_lr=0.047 muon_momentum=0.6 bias_lr=13 head_lr=280 tta_val_acc=0.9061
main hparams: muon_lr=0.13 muon_momentum=0.6 bias_lr=7.7 head_lr=170 main=0.8364, best_cooldown=0.9078
muon_lr=0.047 muon_momentum=0.6 bias_lr=4.6 head_lr=280 -> tta_val_acc=0.9056
muon_lr=0.047 muon_momentum=0.6 bias_lr=1 head_lr=280 -> tta_val_acc=0.9044
muon_lr=0.047 muon_momentum=0.6 bias_lr=1.7 head_lr=280 -> tta_val_acc=0.9057
muon_lr=0.047 muon_momentum=0.6 bias_lr=2.8 head_lr=280 -> tta_val_acc=0.9055
muon_lr=0.047 muon_momentum=0.6 bias_lr=7.7 head_lr=280 -> tta_val_acc=0.9078
muon_lr=0.047 muon_momentum=0.6 bias_lr=13 head_lr=280 -> tta_val_acc=0.9059
muon_lr=0.047 muon_momentum=0.6 bias_lr=21 head_lr=280 -> tta_val_acc=0.9056
muon_lr=0.047 muon_momentum=0.6 bias_lr=36 head_lr=280 -> tta_val_acc=0.9045
muon_lr=0.047 muon_momentum=0.6 bias_lr=60 head_lr=280 -> tta_val_acc=0.9015
muon_lr=0.047 muon_momentum=0.6 bias_lr=99 head_lr=280 -> tta_val_acc=0.8981
muon_lr=0.047 muon_momentum=0.6 bias_lr=170 head_lr=280 -> tta_val_acc=0.8824
muon_lr=0.047 muon_momentum=0.6 bias_lr=280 head_lr=280 -> tta_val_acc=0.8527
muon_lr=0.047 muon_momentum=0.6 bias_lr=460 head_lr=280 -> tta_val_acc=0.7878
muon_lr=0.047 muon_momentum=0.6 bias_lr=770 head_lr=280 -> tta_val_acc=0.1024
muon_lr=0.047 muon_momentum=0.6 bias_lr=1300 head_lr=280 -> tta_val_acc=0.1
muon_lr=0.047 muon_momentum=0.6 bias_lr=2100 head_lr=280 -> tta_val_acc=0.1
muon_lr=0.047 muon_momentum=0.6 bias_lr=3500 head_lr=280 -> tta_val_acc=0.1
muon_lr=0.047 muon_momentum=0.6 bias_lr=5900 head_lr=280 -> tta_val_acc=0.1
muon_lr=0.047 muon_momentum=0.6 bias_lr=9800 head_lr=280 -> tta_val_acc=0.1
muon_lr=0.047 muon_momentum=0.6 bias_lr=16000 head_lr=280 -> tta_val_acc=0.1
muon_lr=0.047 muon_momentum=0.6 bias_lr=27000 head_lr=280 -> tta_val_acc=0.1
search_path step=0 muon_lr=0.047 muon_momentum=0.6 bias_lr=4.6 head_lr=280 tta_val_acc=0.9056
search_path step=1 muon_lr=0.047 muon_momentum=0.6 bias_lr=7.7 head_lr=280 tta_val_acc=0.9078
main hparams: muon_lr=0.13 muon_momentum=0.6 bias_lr=13 head_lr=170 main=0.8327, best_cooldown=0.9062
muon_lr=0.047 muon_momentum=0.6 bias_lr=4.6 head_lr=280 -> tta_val_acc=0.905
muon_lr=0.047 muon_momentum=0.6 bias_lr=1 head_lr=280 -> tta_val_acc=0.9049
muon_lr=0.047 muon_momentum=0.6 bias_lr=1.7 head_lr=280 -> tta_val_acc=0.9053
muon_lr=0.047 muon_momentum=0.6 bias_lr=2.8 head_lr=280 -> tta_val_acc=0.905
muon_lr=0.047 muon_momentum=0.6 bias_lr=7.7 head_lr=280 -> tta_val_acc=0.9052
muon_lr=0.047 muon_momentum=0.6 bias_lr=13 head_lr=280 -> tta_val_acc=0.9054
muon_lr=0.047 muon_momentum=0.6 bias_lr=21 head_lr=280 -> tta_val_acc=0.9062
muon_lr=0.047 muon_momentum=0.6 bias_lr=36 head_lr=280 -> tta_val_acc=0.9047
muon_lr=0.047 muon_momentum=0.6 bias_lr=60 head_lr=280 -> tta_val_acc=0.9026
muon_lr=0.047 muon_momentum=0.6 bias_lr=99 head_lr=280 -> tta_val_acc=0.899
muon_lr=0.047 muon_momentum=0.6 bias_lr=170 head_lr=280 -> tta_val_acc=0.8714
muon_lr=0.047 muon_momentum=0.6 bias_lr=280 head_lr=280 -> tta_val_acc=0.8657
muon_lr=0.047 muon_momentum=0.6 bias_lr=460 head_lr=280 -> tta_val_acc=0.7896
muon_lr=0.047 muon_momentum=0.6 bias_lr=770 head_lr=280 -> tta_val_acc=0.1002
muon_lr=0.047 muon_momentum=0.6 bias_lr=1300 head_lr=280 -> tta_val_acc=0.1
muon_lr=0.047 muon_momentum=0.6 bias_lr=2100 head_lr=280 -> tta_val_acc=0.1
muon_lr=0.047 muon_momentum=0.6 bias_lr=3500 head_lr=280 -> tta_val_acc=0.1
muon_lr=0.047 muon_momentum=0.6 bias_lr=5900 head_lr=280 -> tta_val_acc=0.1
muon_lr=0.047 muon_momentum=0.6 bias_lr=9800 head_lr=280 -> tta_val_acc=0.1
muon_lr=0.047 muon_momentum=0.6 bias_lr=16000 head_lr=280 -> tta_val_acc=0.1
muon_lr=0.047 muon_momentum=0.6 bias_lr=27000 head_lr=280 -> tta_val_acc=0.1
search_path step=0 muon_lr=0.047 muon_momentum=0.6 bias_lr=4.6 head_lr=280 tta_val_acc=0.905
search_path step=1 muon_lr=0.047 muon_momentum=0.6 bias_lr=21 head_lr=280 tta_val_acc=0.9062
main hparams: muon_lr=0.13 muon_momentum=0.6 bias_lr=21 head_lr=170 main=0.8512, best_cooldown=0.9051
muon_lr=0.047 muon_momentum=0.6 bias_lr=4.6 head_lr=280 -> tta_val_acc=0.904
muon_lr=0.047 muon_momentum=0.6 bias_lr=1 head_lr=280 -> tta_val_acc=0.9038
muon_lr=0.047 muon_momentum=0.6 bias_lr=1.7 head_lr=280 -> tta_val_acc=0.9031
muon_lr=0.047 muon_momentum=0.6 bias_lr=2.8 head_lr=280 -> tta_val_acc=0.905
muon_lr=0.047 muon_momentum=0.6 bias_lr=7.7 head_lr=280 -> tta_val_acc=0.9045
muon_lr=0.047 muon_momentum=0.6 bias_lr=13 head_lr=280 -> tta_val_acc=0.9048
muon_lr=0.047 muon_momentum=0.6 bias_lr=21 head_lr=280 -> tta_val_acc=0.9047
muon_lr=0.047 muon_momentum=0.6 bias_lr=36 head_lr=280 -> tta_val_acc=0.9051
muon_lr=0.047 muon_momentum=0.6 bias_lr=60 head_lr=280 -> tta_val_acc=0.9016
muon_lr=0.047 muon_momentum=0.6 bias_lr=99 head_lr=280 -> tta_val_acc=0.9008
muon_lr=0.047 muon_momentum=0.6 bias_lr=170 head_lr=280 -> tta_val_acc=0.8957
muon_lr=0.047 muon_momentum=0.6 bias_lr=280 head_lr=280 -> tta_val_acc=0.8662
muon_lr=0.047 muon_momentum=0.6 bias_lr=460 head_lr=280 -> tta_val_acc=0.7346
muon_lr=0.047 muon_momentum=0.6 bias_lr=770 head_lr=280 -> tta_val_acc=0.2316
muon_lr=0.047 muon_momentum=0.6 bias_lr=1300 head_lr=280 -> tta_val_acc=0.1
muon_lr=0.047 muon_momentum=0.6 bias_lr=2100 head_lr=280 -> tta_val_acc=0.1
muon_lr=0.047 muon_momentum=0.6 bias_lr=3500 head_lr=280 -> tta_val_acc=0.1
muon_lr=0.047 muon_momentum=0.6 bias_lr=5900 head_lr=280 -> tta_val_acc=0.1
muon_lr=0.047 muon_momentum=0.6 bias_lr=9800 head_lr=280 -> tta_val_acc=0.1
muon_lr=0.047 muon_momentum=0.6 bias_lr=16000 head_lr=280 -> tta_val_acc=0.1
muon_lr=0.047 muon_momentum=0.6 bias_lr=27000 head_lr=280 -> tta_val_acc=0.1
search_path step=0 muon_lr=0.047 muon_momentum=0.6 bias_lr=4.6 head_lr=280 tta_val_acc=0.904
search_path step=1 muon_lr=0.047 muon_momentum=0.6 bias_lr=36 head_lr=280 tta_val_acc=0.9051
main hparams: muon_lr=0.13 muon_momentum=0.6 bias_lr=36 head_lr=170 main=0.8416, best_cooldown=0.9096
muon_lr=0.047 muon_momentum=0.6 bias_lr=4.6 head_lr=280 -> tta_val_acc=0.9096
muon_lr=0.047 muon_momentum=0.6 bias_lr=1 head_lr=280 -> tta_val_acc=0.9073
muon_lr=0.047 muon_momentum=0.6 bias_lr=1.7 head_lr=280 -> tta_val_acc=0.9083
muon_lr=0.047 muon_momentum=0.6 bias_lr=2.8 head_lr=280 -> tta_val_acc=0.9078
muon_lr=0.047 muon_momentum=0.6 bias_lr=7.7 head_lr=280 -> tta_val_acc=0.9093
muon_lr=0.047 muon_momentum=0.6 bias_lr=13 head_lr=280 -> tta_val_acc=0.9084
muon_lr=0.047 muon_momentum=0.6 bias_lr=21 head_lr=280 -> tta_val_acc=0.9073
muon_lr=0.047 muon_momentum=0.6 bias_lr=36 head_lr=280 -> tta_val_acc=0.9071
muon_lr=0.047 muon_momentum=0.6 bias_lr=60 head_lr=280 -> tta_val_acc=0.9054
muon_lr=0.047 muon_momentum=0.6 bias_lr=99 head_lr=280 -> tta_val_acc=0.9009
muon_lr=0.047 muon_momentum=0.6 bias_lr=170 head_lr=280 -> tta_val_acc=0.8903
muon_lr=0.047 muon_momentum=0.6 bias_lr=280 head_lr=280 -> tta_val_acc=0.8615
muon_lr=0.047 muon_momentum=0.6 bias_lr=460 head_lr=280 -> tta_val_acc=0.7753
muon_lr=0.047 muon_momentum=0.6 bias_lr=770 head_lr=280 -> tta_val_acc=0.1001
muon_lr=0.047 muon_momentum=0.6 bias_lr=1300 head_lr=280 -> tta_val_acc=0.1
muon_lr=0.047 muon_momentum=0.6 bias_lr=2100 head_lr=280 -> tta_val_acc=0.1
muon_lr=0.047 muon_momentum=0.6 bias_lr=3500 head_lr=280 -> tta_val_acc=0.1
muon_lr=0.047 muon_momentum=0.6 bias_lr=5900 head_lr=280 -> tta_val_acc=0.1
muon_lr=0.047 muon_momentum=0.6 bias_lr=9800 head_lr=280 -> tta_val_acc=0.1
muon_lr=0.047 muon_momentum=0.6 bias_lr=16000 head_lr=280 -> tta_val_acc=0.1
muon_lr=0.047 muon_momentum=0.6 bias_lr=27000 head_lr=280 -> tta_val_acc=0.1
search_path step=0 muon_lr=0.047 muon_momentum=0.6 bias_lr=4.6 head_lr=280 tta_val_acc=0.9096
main hparams: muon_lr=0.13 muon_momentum=0.6 bias_lr=60 head_lr=170 main=0.8351, best_cooldown=0.9096
muon_lr=0.047 muon_momentum=0.6 bias_lr=4.6 head_lr=280 -> tta_val_acc=0.9084
muon_lr=0.047 muon_momentum=0.6 bias_lr=1 head_lr=280 -> tta_val_acc=0.9096
muon_lr=0.047 muon_momentum=0.6 bias_lr=1.7 head_lr=280 -> tta_val_acc=0.9086
muon_lr=0.047 muon_momentum=0.6 bias_lr=2.8 head_lr=280 -> tta_val_acc=0.9085
muon_lr=0.047 muon_momentum=0.6 bias_lr=7.7 head_lr=280 -> tta_val_acc=0.9087
muon_lr=0.047 muon_momentum=0.6 bias_lr=13 head_lr=280 -> tta_val_acc=0.9092
muon_lr=0.047 muon_momentum=0.6 bias_lr=21 head_lr=280 -> tta_val_acc=0.9087
muon_lr=0.047 muon_momentum=0.6 bias_lr=36 head_lr=280 -> tta_val_acc=0.9074
muon_lr=0.047 muon_momentum=0.6 bias_lr=60 head_lr=280 -> tta_val_acc=0.9051
muon_lr=0.047 muon_momentum=0.6 bias_lr=99 head_lr=280 -> tta_val_acc=0.9014
muon_lr=0.047 muon_momentum=0.6 bias_lr=170 head_lr=280 -> tta_val_acc=0.8916
muon_lr=0.047 muon_momentum=0.6 bias_lr=280 head_lr=280 -> tta_val_acc=0.8761
muon_lr=0.047 muon_momentum=0.6 bias_lr=460 head_lr=280 -> tta_val_acc=0.7534
muon_lr=0.047 muon_momentum=0.6 bias_lr=770 head_lr=280 -> tta_val_acc=0.1
muon_lr=0.047 muon_momentum=0.6 bias_lr=1300 head_lr=280 -> tta_val_acc=0.1
muon_lr=0.047 muon_momentum=0.6 bias_lr=2100 head_lr=280 -> tta_val_acc=0.1
muon_lr=0.047 muon_momentum=0.6 bias_lr=3500 head_lr=280 -> tta_val_acc=0.1
muon_lr=0.047 muon_momentum=0.6 bias_lr=5900 head_lr=280 -> tta_val_acc=0.1
muon_lr=0.047 muon_momentum=0.6 bias_lr=9800 head_lr=280 -> tta_val_acc=0.1
muon_lr=0.047 muon_momentum=0.6 bias_lr=16000 head_lr=280 -> tta_val_acc=0.1
muon_lr=0.047 muon_momentum=0.6 bias_lr=27000 head_lr=280 -> tta_val_acc=0.1
search_path step=0 muon_lr=0.047 muon_momentum=0.6 bias_lr=4.6 head_lr=280 tta_val_acc=0.9084
search_path step=1 muon_lr=0.047 muon_momentum=0.6 bias_lr=1 head_lr=280 tta_val_acc=0.9096
main hparams: muon_lr=0.13 muon_momentum=0.6 bias_lr=99 head_lr=170 main=0.8425, best_cooldown=0.9084
muon_lr=0.028 muon_momentum=0.6 bias_lr=4.6 head_lr=280 -> tta_val_acc=0.9088
muon_lr=0.017 muon_momentum=0.6 bias_lr=4.6 head_lr=280 -> tta_val_acc=0.9035
muon_lr=0.047 muon_momentum=0.6 bias_lr=4.6 head_lr=280 -> tta_val_acc=0.9091
muon_lr=0.078 muon_momentum=0.6 bias_lr=4.6 head_lr=280 -> tta_val_acc=0.8976
muon_lr=0.047 muon_momentum=0.6 bias_lr=1 head_lr=280 -> tta_val_acc=0.9084
muon_lr=0.047 muon_momentum=0.6 bias_lr=1.7 head_lr=280 -> tta_val_acc=0.9075
muon_lr=0.047 muon_momentum=0.6 bias_lr=2.8 head_lr=280 -> tta_val_acc=0.9083
muon_lr=0.047 muon_momentum=0.6 bias_lr=7.7 head_lr=280 -> tta_val_acc=0.908
muon_lr=0.047 muon_momentum=0.6 bias_lr=13 head_lr=280 -> tta_val_acc=0.9079
muon_lr=0.047 muon_momentum=0.6 bias_lr=21 head_lr=280 -> tta_val_acc=0.9072
muon_lr=0.047 muon_momentum=0.6 bias_lr=36 head_lr=280 -> tta_val_acc=0.9077
muon_lr=0.047 muon_momentum=0.6 bias_lr=60 head_lr=280 -> tta_val_acc=0.9057
muon_lr=0.047 muon_momentum=0.6 bias_lr=99 head_lr=280 -> tta_val_acc=0.9031
muon_lr=0.047 muon_momentum=0.6 bias_lr=170 head_lr=280 -> tta_val_acc=0.8822
muon_lr=0.047 muon_momentum=0.6 bias_lr=280 head_lr=280 -> tta_val_acc=0.879
muon_lr=0.047 muon_momentum=0.6 bias_lr=460 head_lr=280 -> tta_val_acc=0.7272
muon_lr=0.047 muon_momentum=0.6 bias_lr=770 head_lr=280 -> tta_val_acc=0.1183
muon_lr=0.047 muon_momentum=0.6 bias_lr=1300 head_lr=280 -> tta_val_acc=0.1
muon_lr=0.047 muon_momentum=0.6 bias_lr=2100 head_lr=280 -> tta_val_acc=0.1
muon_lr=0.047 muon_momentum=0.6 bias_lr=3500 head_lr=280 -> tta_val_acc=0.1
muon_lr=0.047 muon_momentum=0.6 bias_lr=5900 head_lr=280 -> tta_val_acc=0.1
muon_lr=0.047 muon_momentum=0.6 bias_lr=9800 head_lr=280 -> tta_val_acc=0.1
muon_lr=0.047 muon_momentum=0.6 bias_lr=16000 head_lr=280 -> tta_val_acc=0.1
muon_lr=0.047 muon_momentum=0.6 bias_lr=27000 head_lr=280 -> tta_val_acc=0.1
search_path step=0 muon_lr=0.078 muon_momentum=0.6 bias_lr=4.6 head_lr=280 tta_val_acc=0.8976
search_path step=1 muon_lr=0.047 muon_momentum=0.6 bias_lr=1 head_lr=280 tta_val_acc=0.9084
main hparams: muon_lr=0.13 muon_momentum=0.6 bias_lr=170 head_lr=170 main=0.8152, best_cooldown=0.9071
muon_lr=0.047 muon_momentum=0.6 bias_lr=1 head_lr=280 -> tta_val_acc=0.9061
muon_lr=0.047 muon_momentum=0.6 bias_lr=1.7 head_lr=280 -> tta_val_acc=0.9066
muon_lr=0.047 muon_momentum=0.6 bias_lr=2.8 head_lr=280 -> tta_val_acc=0.9069
muon_lr=0.047 muon_momentum=0.6 bias_lr=4.6 head_lr=280 -> tta_val_acc=0.9063
muon_lr=0.047 muon_momentum=0.6 bias_lr=7.7 head_lr=280 -> tta_val_acc=0.9071
muon_lr=0.047 muon_momentum=0.6 bias_lr=13 head_lr=280 -> tta_val_acc=0.906
muon_lr=0.047 muon_momentum=0.6 bias_lr=21 head_lr=280 -> tta_val_acc=0.9067
muon_lr=0.047 muon_momentum=0.6 bias_lr=36 head_lr=280 -> tta_val_acc=0.9053
muon_lr=0.047 muon_momentum=0.6 bias_lr=60 head_lr=280 -> tta_val_acc=0.9044
muon_lr=0.047 muon_momentum=0.6 bias_lr=99 head_lr=280 -> tta_val_acc=0.9004
muon_lr=0.047 muon_momentum=0.6 bias_lr=170 head_lr=280 -> tta_val_acc=0.887
muon_lr=0.047 muon_momentum=0.6 bias_lr=280 head_lr=280 -> tta_val_acc=0.8737
muon_lr=0.047 muon_momentum=0.6 bias_lr=460 head_lr=280 -> tta_val_acc=0.8449
muon_lr=0.047 muon_momentum=0.6 bias_lr=770 head_lr=280 -> tta_val_acc=0.1861
muon_lr=0.047 muon_momentum=0.6 bias_lr=1300 head_lr=280 -> tta_val_acc=0.1
muon_lr=0.047 muon_momentum=0.6 bias_lr=2100 head_lr=280 -> tta_val_acc=0.1
muon_lr=0.047 muon_momentum=0.6 bias_lr=3500 head_lr=280 -> tta_val_acc=0.1
muon_lr=0.047 muon_momentum=0.6 bias_lr=5900 head_lr=280 -> tta_val_acc=0.1
muon_lr=0.047 muon_momentum=0.6 bias_lr=9800 head_lr=280 -> tta_val_acc=0.1
muon_lr=0.047 muon_momentum=0.6 bias_lr=16000 head_lr=280 -> tta_val_acc=0.1
muon_lr=0.047 muon_momentum=0.6 bias_lr=27000 head_lr=280 -> tta_val_acc=0.1
search_path step=0 muon_lr=0.047 muon_momentum=0.6 bias_lr=1 head_lr=280 tta_val_acc=0.9061
search_path step=1 muon_lr=0.047 muon_momentum=0.6 bias_lr=7.7 head_lr=280 tta_val_acc=0.9071
main hparams: muon_lr=0.13 muon_momentum=0.6 bias_lr=280 head_lr=170 main=0.7992, best_cooldown=0.9056
muon_lr=0.047 muon_momentum=0.6 bias_lr=1 head_lr=280 -> tta_val_acc=0.9042
muon_lr=0.047 muon_momentum=0.6 bias_lr=1.7 head_lr=280 -> tta_val_acc=0.9041
muon_lr=0.047 muon_momentum=0.6 bias_lr=2.8 head_lr=280 -> tta_val_acc=0.9033
muon_lr=0.047 muon_momentum=0.6 bias_lr=4.6 head_lr=280 -> tta_val_acc=0.9039
muon_lr=0.047 muon_momentum=0.6 bias_lr=7.7 head_lr=280 -> tta_val_acc=0.9036
muon_lr=0.047 muon_momentum=0.6 bias_lr=13 head_lr=280 -> tta_val_acc=0.9037
muon_lr=0.047 muon_momentum=0.6 bias_lr=21 head_lr=280 -> tta_val_acc=0.9056
muon_lr=0.047 muon_momentum=0.6 bias_lr=36 head_lr=280 -> tta_val_acc=0.9043
muon_lr=0.047 muon_momentum=0.6 bias_lr=60 head_lr=280 -> tta_val_acc=0.9049
muon_lr=0.047 muon_momentum=0.6 bias_lr=99 head_lr=280 -> tta_val_acc=0.8996
muon_lr=0.047 muon_momentum=0.6 bias_lr=170 head_lr=280 -> tta_val_acc=0.8902
muon_lr=0.047 muon_momentum=0.6 bias_lr=280 head_lr=280 -> tta_val_acc=0.8666
muon_lr=0.047 muon_momentum=0.6 bias_lr=460 head_lr=280 -> tta_val_acc=0.8699
muon_lr=0.047 muon_momentum=0.6 bias_lr=770 head_lr=280 -> tta_val_acc=0.3045
muon_lr=0.047 muon_momentum=0.6 bias_lr=1300 head_lr=280 -> tta_val_acc=0.1
muon_lr=0.047 muon_momentum=0.6 bias_lr=2100 head_lr=280 -> tta_val_acc=0.1
muon_lr=0.047 muon_momentum=0.6 bias_lr=3500 head_lr=280 -> tta_val_acc=0.0663
muon_lr=0.047 muon_momentum=0.6 bias_lr=5900 head_lr=280 -> tta_val_acc=0.1
muon_lr=0.047 muon_momentum=0.6 bias_lr=9800 head_lr=280 -> tta_val_acc=0.1
muon_lr=0.047 muon_momentum=0.6 bias_lr=16000 head_lr=280 -> tta_val_acc=0.1
muon_lr=0.047 muon_momentum=0.6 bias_lr=27000 head_lr=280 -> tta_val_acc=0.1
search_path step=0 muon_lr=0.047 muon_momentum=0.6 bias_lr=1 head_lr=280 tta_val_acc=0.9042
search_path step=1 muon_lr=0.047 muon_momentum=0.6 bias_lr=21 head_lr=280 tta_val_acc=0.9056
main hparams: muon_lr=0.13 muon_momentum=0.6 bias_lr=460 head_lr=170 main=0.7545, best_cooldown=0.8998
muon_lr=0.047 muon_momentum=0.6 bias_lr=1 head_lr=280 -> tta_val_acc=0.8959
muon_lr=0.047 muon_momentum=0.6 bias_lr=1.7 head_lr=280 -> tta_val_acc=0.8962
muon_lr=0.047 muon_momentum=0.6 bias_lr=2.8 head_lr=280 -> tta_val_acc=0.897
muon_lr=0.047 muon_momentum=0.6 bias_lr=4.6 head_lr=280 -> tta_val_acc=0.8975
muon_lr=0.047 muon_momentum=0.6 bias_lr=7.7 head_lr=280 -> tta_val_acc=0.8985
muon_lr=0.047 muon_momentum=0.6 bias_lr=13 head_lr=280 -> tta_val_acc=0.8997
muon_lr=0.047 muon_momentum=0.6 bias_lr=21 head_lr=280 -> tta_val_acc=0.8998
muon_lr=0.047 muon_momentum=0.6 bias_lr=36 head_lr=280 -> tta_val_acc=0.8993
muon_lr=0.047 muon_momentum=0.6 bias_lr=60 head_lr=280 -> tta_val_acc=0.8972
muon_lr=0.047 muon_momentum=0.6 bias_lr=99 head_lr=280 -> tta_val_acc=0.8969
muon_lr=0.047 muon_momentum=0.6 bias_lr=170 head_lr=280 -> tta_val_acc=0.892
muon_lr=0.047 muon_momentum=0.6 bias_lr=280 head_lr=280 -> tta_val_acc=0.8734
muon_lr=0.047 muon_momentum=0.6 bias_lr=460 head_lr=280 -> tta_val_acc=0.8587
muon_lr=0.047 muon_momentum=0.6 bias_lr=770 head_lr=280 -> tta_val_acc=0.8218
muon_lr=0.047 muon_momentum=0.6 bias_lr=1300 head_lr=280 -> tta_val_acc=0.2528
muon_lr=0.047 muon_momentum=0.6 bias_lr=2100 head_lr=280 -> tta_val_acc=0.1
muon_lr=0.047 muon_momentum=0.6 bias_lr=3500 head_lr=280 -> tta_val_acc=0.1
muon_lr=0.047 muon_momentum=0.6 bias_lr=5900 head_lr=280 -> tta_val_acc=0.1
muon_lr=0.047 muon_momentum=0.6 bias_lr=9800 head_lr=280 -> tta_val_acc=0.1
muon_lr=0.047 muon_momentum=0.6 bias_lr=16000 head_lr=280 -> tta_val_acc=0.1
muon_lr=0.047 muon_momentum=0.6 bias_lr=27000 head_lr=280 -> tta_val_acc=0.1
search_path step=0 muon_lr=0.047 muon_momentum=0.6 bias_lr=1 head_lr=280 tta_val_acc=0.8959
search_path step=1 muon_lr=0.047 muon_momentum=0.6 bias_lr=21 head_lr=280 tta_val_acc=0.8998
main hparams: muon_lr=0.13 muon_momentum=0.6 bias_lr=770 head_lr=170 main=0.731, best_cooldown=0.8849
muon_lr=0.047 muon_momentum=0.6 bias_lr=1 head_lr=280 -> tta_val_acc=0.8809
muon_lr=0.047 muon_momentum=0.6 bias_lr=1.7 head_lr=280 -> tta_val_acc=0.881
muon_lr=0.047 muon_momentum=0.6 bias_lr=2.8 head_lr=280 -> tta_val_acc=0.8809
muon_lr=0.047 muon_momentum=0.6 bias_lr=4.6 head_lr=280 -> tta_val_acc=0.8797
muon_lr=0.047 muon_momentum=0.6 bias_lr=7.7 head_lr=280 -> tta_val_acc=0.8822
muon_lr=0.047 muon_momentum=0.6 bias_lr=13 head_lr=280 -> tta_val_acc=0.883
muon_lr=0.047 muon_momentum=0.6 bias_lr=21 head_lr=280 -> tta_val_acc=0.8831
muon_lr=0.047 muon_momentum=0.6 bias_lr=36 head_lr=280 -> tta_val_acc=0.8839
muon_lr=0.047 muon_momentum=0.6 bias_lr=60 head_lr=280 -> tta_val_acc=0.8849
muon_lr=0.047 muon_momentum=0.6 bias_lr=99 head_lr=280 -> tta_val_acc=0.8837
muon_lr=0.047 muon_momentum=0.6 bias_lr=170 head_lr=280 -> tta_val_acc=0.8814
muon_lr=0.047 muon_momentum=0.6 bias_lr=280 head_lr=280 -> tta_val_acc=0.8644
muon_lr=0.047 muon_momentum=0.6 bias_lr=460 head_lr=280 -> tta_val_acc=0.8497
muon_lr=0.047 muon_momentum=0.6 bias_lr=770 head_lr=280 -> tta_val_acc=0.8044
muon_lr=0.047 muon_momentum=0.6 bias_lr=1300 head_lr=280 -> tta_val_acc=0.1952
muon_lr=0.047 muon_momentum=0.6 bias_lr=2100 head_lr=280 -> tta_val_acc=0.084
muon_lr=0.047 muon_momentum=0.6 bias_lr=3500 head_lr=280 -> tta_val_acc=0.1
muon_lr=0.047 muon_momentum=0.6 bias_lr=5900 head_lr=280 -> tta_val_acc=0.1
muon_lr=0.047 muon_momentum=0.6 bias_lr=9800 head_lr=280 -> tta_val_acc=0.1
muon_lr=0.047 muon_momentum=0.6 bias_lr=16000 head_lr=280 -> tta_val_acc=0.1
muon_lr=0.047 muon_momentum=0.6 bias_lr=27000 head_lr=280 -> tta_val_acc=0.1
search_path step=0 muon_lr=0.047 muon_momentum=0.6 bias_lr=1 head_lr=280 tta_val_acc=0.8809
search_path step=1 muon_lr=0.047 muon_momentum=0.6 bias_lr=60 head_lr=280 tta_val_acc=0.8849
main hparams: muon_lr=0.13 muon_momentum=0.6 bias_lr=1300 head_lr=170 main=0.4894, best_cooldown=0.8407
muon_lr=0.047 muon_momentum=0.6 bias_lr=1 head_lr=280 -> tta_val_acc=0.8345
muon_lr=0.047 muon_momentum=0.6 bias_lr=1.7 head_lr=280 -> tta_val_acc=0.8349
muon_lr=0.047 muon_momentum=0.6 bias_lr=2.8 head_lr=280 -> tta_val_acc=0.835
muon_lr=0.047 muon_momentum=0.6 bias_lr=4.6 head_lr=280 -> tta_val_acc=0.8371
muon_lr=0.047 muon_momentum=0.6 bias_lr=7.7 head_lr=280 -> tta_val_acc=0.8373
muon_lr=0.047 muon_momentum=0.6 bias_lr=13 head_lr=280 -> tta_val_acc=0.8407
muon_lr=0.047 muon_momentum=0.6 bias_lr=21 head_lr=280 -> tta_val_acc=0.8399
muon_lr=0.047 muon_momentum=0.6 bias_lr=36 head_lr=280 -> tta_val_acc=0.8348
muon_lr=0.047 muon_momentum=0.6 bias_lr=60 head_lr=280 -> tta_val_acc=0.837
muon_lr=0.047 muon_momentum=0.6 bias_lr=99 head_lr=280 -> tta_val_acc=0.8321
muon_lr=0.047 muon_momentum=0.6 bias_lr=170 head_lr=280 -> tta_val_acc=0.8036
muon_lr=0.047 muon_momentum=0.6 bias_lr=280 head_lr=280 -> tta_val_acc=0.787
muon_lr=0.047 muon_momentum=0.6 bias_lr=460 head_lr=280 -> tta_val_acc=0.7353
muon_lr=0.047 muon_momentum=0.6 bias_lr=770 head_lr=280 -> tta_val_acc=0.2364
muon_lr=0.047 muon_momentum=0.6 bias_lr=1300 head_lr=280 -> tta_val_acc=0.1946
muon_lr=0.047 muon_momentum=0.6 bias_lr=2100 head_lr=280 -> tta_val_acc=0.225
muon_lr=0.047 muon_momentum=0.6 bias_lr=3500 head_lr=280 -> tta_val_acc=0.1606
muon_lr=0.047 muon_momentum=0.6 bias_lr=5900 head_lr=280 -> tta_val_acc=0.1
muon_lr=0.047 muon_momentum=0.6 bias_lr=9800 head_lr=280 -> tta_val_acc=0.1
muon_lr=0.047 muon_momentum=0.6 bias_lr=16000 head_lr=280 -> tta_val_acc=0.1
muon_lr=0.047 muon_momentum=0.6 bias_lr=27000 head_lr=280 -> tta_val_acc=0.1
search_path step=0 muon_lr=0.047 muon_momentum=0.6 bias_lr=1 head_lr=280 tta_val_acc=0.8345
search_path step=1 muon_lr=0.047 muon_momentum=0.6 bias_lr=13 head_lr=280 tta_val_acc=0.8407
main hparams: muon_lr=0.13 muon_momentum=0.6 bias_lr=2100 head_lr=170 main=0.3008, best_cooldown=0.7428
muon_lr=0.047 muon_momentum=0.6 bias_lr=1 head_lr=280 -> tta_val_acc=0.7035
muon_lr=0.047 muon_momentum=0.6 bias_lr=1.7 head_lr=280 -> tta_val_acc=0.7094
muon_lr=0.047 muon_momentum=0.6 bias_lr=2.8 head_lr=280 -> tta_val_acc=0.7062
muon_lr=0.047 muon_momentum=0.6 bias_lr=4.6 head_lr=280 -> tta_val_acc=0.7143
muon_lr=0.047 muon_momentum=0.6 bias_lr=7.7 head_lr=280 -> tta_val_acc=0.7204
muon_lr=0.047 muon_momentum=0.6 bias_lr=13 head_lr=280 -> tta_val_acc=0.7252
muon_lr=0.047 muon_momentum=0.6 bias_lr=21 head_lr=280 -> tta_val_acc=0.738
muon_lr=0.047 muon_momentum=0.6 bias_lr=36 head_lr=280 -> tta_val_acc=0.7382
muon_lr=0.047 muon_momentum=0.6 bias_lr=60 head_lr=280 -> tta_val_acc=0.7428
muon_lr=0.047 muon_momentum=0.6 bias_lr=99 head_lr=280 -> tta_val_acc=0.7247
muon_lr=0.047 muon_momentum=0.6 bias_lr=170 head_lr=280 -> tta_val_acc=0.7115
muon_lr=0.047 muon_momentum=0.6 bias_lr=280 head_lr=280 -> tta_val_acc=0.6734
muon_lr=0.047 muon_momentum=0.6 bias_lr=460 head_lr=280 -> tta_val_acc=0.5313
muon_lr=0.047 muon_momentum=0.6 bias_lr=770 head_lr=280 -> tta_val_acc=0.2559
muon_lr=0.047 muon_momentum=0.6 bias_lr=1300 head_lr=280 -> tta_val_acc=0.1117
muon_lr=0.047 muon_momentum=0.6 bias_lr=2100 head_lr=280 -> tta_val_acc=0.2266
muon_lr=0.047 muon_momentum=0.6 bias_lr=3500 head_lr=280 -> tta_val_acc=0.1
muon_lr=0.047 muon_momentum=0.6 bias_lr=5900 head_lr=280 -> tta_val_acc=0.1026
muon_lr=0.047 muon_momentum=0.6 bias_lr=9800 head_lr=280 -> tta_val_acc=0.1
muon_lr=0.047 muon_momentum=0.6 bias_lr=16000 head_lr=280 -> tta_val_acc=0.1
muon_lr=0.047 muon_momentum=0.6 bias_lr=27000 head_lr=280 -> tta_val_acc=0.1
search_path step=0 muon_lr=0.047 muon_momentum=0.6 bias_lr=1 head_lr=280 tta_val_acc=0.7035
search_path step=1 muon_lr=0.047 muon_momentum=0.6 bias_lr=60 head_lr=280 tta_val_acc=0.7428
main hparams: muon_lr=0.13 muon_momentum=0.6 bias_lr=3500 head_lr=170 main=0.266, best_cooldown=0.7017
muon_lr=0.047 muon_momentum=0.6 bias_lr=1 head_lr=280 -> tta_val_acc=0.6829
muon_lr=0.047 muon_momentum=0.6 bias_lr=1.7 head_lr=280 -> tta_val_acc=0.6867
muon_lr=0.047 muon_momentum=0.6 bias_lr=2.8 head_lr=280 -> tta_val_acc=0.69
muon_lr=0.047 muon_momentum=0.6 bias_lr=4.6 head_lr=280 -> tta_val_acc=0.6922
muon_lr=0.047 muon_momentum=0.6 bias_lr=7.7 head_lr=280 -> tta_val_acc=0.6893
muon_lr=0.047 muon_momentum=0.6 bias_lr=13 head_lr=280 -> tta_val_acc=0.6949
muon_lr=0.047 muon_momentum=0.6 bias_lr=21 head_lr=280 -> tta_val_acc=0.6962
muon_lr=0.047 muon_momentum=0.6 bias_lr=36 head_lr=280 -> tta_val_acc=0.699
muon_lr=0.047 muon_momentum=0.6 bias_lr=60 head_lr=280 -> tta_val_acc=0.7017
muon_lr=0.047 muon_momentum=0.6 bias_lr=99 head_lr=280 -> tta_val_acc=0.691
muon_lr=0.047 muon_momentum=0.6 bias_lr=170 head_lr=280 -> tta_val_acc=0.6543
muon_lr=0.047 muon_momentum=0.6 bias_lr=280 head_lr=280 -> tta_val_acc=0.529
muon_lr=0.047 muon_momentum=0.6 bias_lr=460 head_lr=280 -> tta_val_acc=0.3122
muon_lr=0.047 muon_momentum=0.6 bias_lr=770 head_lr=280 -> tta_val_acc=0.3313
muon_lr=0.047 muon_momentum=0.6 bias_lr=1300 head_lr=280 -> tta_val_acc=0.3554
muon_lr=0.047 muon_momentum=0.6 bias_lr=2100 head_lr=280 -> tta_val_acc=0.1227
muon_lr=0.047 muon_momentum=0.6 bias_lr=3500 head_lr=280 -> tta_val_acc=0.1092
muon_lr=0.047 muon_momentum=0.6 bias_lr=5900 head_lr=280 -> tta_val_acc=0.1163
muon_lr=0.047 muon_momentum=0.6 bias_lr=9800 head_lr=280 -> tta_val_acc=0.1
muon_lr=0.047 muon_momentum=0.6 bias_lr=16000 head_lr=280 -> tta_val_acc=0.1
muon_lr=0.047 muon_momentum=0.6 bias_lr=27000 head_lr=280 -> tta_val_acc=0.1
search_path step=0 muon_lr=0.047 muon_momentum=0.6 bias_lr=1 head_lr=280 tta_val_acc=0.6829
search_path step=1 muon_lr=0.047 muon_momentum=0.6 bias_lr=60 head_lr=280 tta_val_acc=0.7017
main hparams: muon_lr=0.13 muon_momentum=0.6 bias_lr=5900 head_lr=170 main=0.1044, best_cooldown=0.6375
muon_lr=0.047 muon_momentum=0.6 bias_lr=1 head_lr=280 -> tta_val_acc=0.5703
muon_lr=0.047 muon_momentum=0.6 bias_lr=1.7 head_lr=280 -> tta_val_acc=0.5373
muon_lr=0.047 muon_momentum=0.6 bias_lr=2.8 head_lr=280 -> tta_val_acc=0.5761
muon_lr=0.047 muon_momentum=0.6 bias_lr=4.6 head_lr=280 -> tta_val_acc=0.5774
muon_lr=0.047 muon_momentum=0.6 bias_lr=7.7 head_lr=280 -> tta_val_acc=0.6005
muon_lr=0.047 muon_momentum=0.6 bias_lr=13 head_lr=280 -> tta_val_acc=0.6162
muon_lr=0.047 muon_momentum=0.6 bias_lr=21 head_lr=280 -> tta_val_acc=0.609
muon_lr=0.047 muon_momentum=0.6 bias_lr=36 head_lr=280 -> tta_val_acc=0.6375
muon_lr=0.047 muon_momentum=0.6 bias_lr=60 head_lr=280 -> tta_val_acc=0.6276
muon_lr=0.047 muon_momentum=0.6 bias_lr=99 head_lr=280 -> tta_val_acc=0.6151
muon_lr=0.047 muon_momentum=0.6 bias_lr=170 head_lr=280 -> tta_val_acc=0.5387
muon_lr=0.047 muon_momentum=0.6 bias_lr=280 head_lr=280 -> tta_val_acc=0.3891
muon_lr=0.047 muon_momentum=0.6 bias_lr=460 head_lr=280 -> tta_val_acc=0.21
muon_lr=0.047 muon_momentum=0.6 bias_lr=770 head_lr=280 -> tta_val_acc=0.2378
muon_lr=0.047 muon_momentum=0.6 bias_lr=1300 head_lr=280 -> tta_val_acc=0.2723
muon_lr=0.047 muon_momentum=0.6 bias_lr=2100 head_lr=280 -> tta_val_acc=0.1215
muon_lr=0.047 muon_momentum=0.6 bias_lr=3500 head_lr=280 -> tta_val_acc=0.1
muon_lr=0.047 muon_momentum=0.6 bias_lr=5900 head_lr=280 -> tta_val_acc=0.1008
muon_lr=0.047 muon_momentum=0.6 bias_lr=9800 head_lr=280 -> tta_val_acc=0.1052
muon_lr=0.047 muon_momentum=0.6 bias_lr=16000 head_lr=280 -> tta_val_acc=0.1
muon_lr=0.047 muon_momentum=0.6 bias_lr=27000 head_lr=280 -> tta_val_acc=0.1
search_path step=0 muon_lr=0.047 muon_momentum=0.6 bias_lr=1 head_lr=280 tta_val_acc=0.5703
search_path step=1 muon_lr=0.047 muon_momentum=0.6 bias_lr=36 head_lr=280 tta_val_acc=0.6375
main hparams: muon_lr=0.13 muon_momentum=0.6 bias_lr=9800 head_lr=170 main=0.1448, best_cooldown=0.526
muon_lr=0.047 muon_momentum=0.6 bias_lr=1 head_lr=280 -> tta_val_acc=0.5214
muon_lr=0.047 muon_momentum=0.6 bias_lr=1.7 head_lr=280 -> tta_val_acc=0.5145
muon_lr=0.047 muon_momentum=0.6 bias_lr=2.8 head_lr=280 -> tta_val_acc=0.5175
muon_lr=0.047 muon_momentum=0.6 bias_lr=4.6 head_lr=280 -> tta_val_acc=0.5104
muon_lr=0.047 muon_momentum=0.6 bias_lr=7.7 head_lr=280 -> tta_val_acc=0.521
muon_lr=0.047 muon_momentum=0.6 bias_lr=13 head_lr=280 -> tta_val_acc=0.526
muon_lr=0.047 muon_momentum=0.6 bias_lr=21 head_lr=280 -> tta_val_acc=0.5226
muon_lr=0.047 muon_momentum=0.6 bias_lr=36 head_lr=280 -> tta_val_acc=0.5226
muon_lr=0.047 muon_momentum=0.6 bias_lr=60 head_lr=280 -> tta_val_acc=0.5219
muon_lr=0.047 muon_momentum=0.6 bias_lr=99 head_lr=280 -> tta_val_acc=0.5201
muon_lr=0.047 muon_momentum=0.6 bias_lr=170 head_lr=280 -> tta_val_acc=0.5112
muon_lr=0.047 muon_momentum=0.6 bias_lr=280 head_lr=280 -> tta_val_acc=0.4704
muon_lr=0.047 muon_momentum=0.6 bias_lr=460 head_lr=280 -> tta_val_acc=0.2959
muon_lr=0.047 muon_momentum=0.6 bias_lr=770 head_lr=280 -> tta_val_acc=0.1556
muon_lr=0.047 muon_momentum=0.6 bias_lr=1300 head_lr=280 -> tta_val_acc=0.2102
muon_lr=0.047 muon_momentum=0.6 bias_lr=2100 head_lr=280 -> tta_val_acc=0.1607
muon_lr=0.047 muon_momentum=0.6 bias_lr=3500 head_lr=280 -> tta_val_acc=0.1319
muon_lr=0.047 muon_momentum=0.6 bias_lr=5900 head_lr=280 -> tta_val_acc=0.1087
muon_lr=0.047 muon_momentum=0.6 bias_lr=9800 head_lr=280 -> tta_val_acc=0.1183
muon_lr=0.047 muon_momentum=0.6 bias_lr=16000 head_lr=280 -> tta_val_acc=0.1
muon_lr=0.047 muon_momentum=0.6 bias_lr=27000 head_lr=280 -> tta_val_acc=0.1
search_path step=0 muon_lr=0.047 muon_momentum=0.6 bias_lr=1 head_lr=280 tta_val_acc=0.5214
search_path step=1 muon_lr=0.047 muon_momentum=0.6 bias_lr=13 head_lr=280 tta_val_acc=0.526
main hparams: muon_lr=0.13 muon_momentum=0.6 bias_lr=16000 head_lr=170 main=0.109, best_cooldown=0.1812
muon_lr=0.047 muon_momentum=0.6 bias_lr=1 head_lr=280 -> tta_val_acc=0.1185
muon_lr=0.047 muon_momentum=0.6 bias_lr=1.7 head_lr=280 -> tta_val_acc=0.1168
muon_lr=0.047 muon_momentum=0.6 bias_lr=2.8 head_lr=280 -> tta_val_acc=0.1178
muon_lr=0.047 muon_momentum=0.6 bias_lr=4.6 head_lr=280 -> tta_val_acc=0.1186
muon_lr=0.047 muon_momentum=0.6 bias_lr=7.7 head_lr=280 -> tta_val_acc=0.1208
muon_lr=0.047 muon_momentum=0.6 bias_lr=13 head_lr=280 -> tta_val_acc=0.1486
muon_lr=0.047 muon_momentum=0.6 bias_lr=21 head_lr=280 -> tta_val_acc=0.1523
muon_lr=0.047 muon_momentum=0.6 bias_lr=36 head_lr=280 -> tta_val_acc=0.1704
muon_lr=0.047 muon_momentum=0.6 bias_lr=60 head_lr=280 -> tta_val_acc=0.1764
muon_lr=0.047 muon_momentum=0.6 bias_lr=99 head_lr=280 -> tta_val_acc=0.1762
muon_lr=0.047 muon_momentum=0.6 bias_lr=170 head_lr=280 -> tta_val_acc=0.1812
muon_lr=0.047 muon_momentum=0.6 bias_lr=280 head_lr=280 -> tta_val_acc=0.1715
muon_lr=0.047 muon_momentum=0.6 bias_lr=460 head_lr=280 -> tta_val_acc=0.1031
muon_lr=0.047 muon_momentum=0.6 bias_lr=770 head_lr=280 -> tta_val_acc=0.1
muon_lr=0.047 muon_momentum=0.6 bias_lr=1300 head_lr=280 -> tta_val_acc=0.1195
muon_lr=0.047 muon_momentum=0.6 bias_lr=2100 head_lr=280 -> tta_val_acc=0.1
muon_lr=0.047 muon_momentum=0.6 bias_lr=3500 head_lr=280 -> tta_val_acc=0.1
muon_lr=0.047 muon_momentum=0.6 bias_lr=5900 head_lr=280 -> tta_val_acc=0.1
muon_lr=0.047 muon_momentum=0.6 bias_lr=9800 head_lr=280 -> tta_val_acc=0.1291
muon_lr=0.047 muon_momentum=0.6 bias_lr=16000 head_lr=280 -> tta_val_acc=0.1
muon_lr=0.047 muon_momentum=0.6 bias_lr=27000 head_lr=280 -> tta_val_acc=0.1
search_path step=0 muon_lr=0.047 muon_momentum=0.6 bias_lr=1 head_lr=280 tta_val_acc=0.1185
search_path step=1 muon_lr=0.047 muon_momentum=0.6 bias_lr=170 head_lr=280 tta_val_acc=0.1812
main hparams: muon_lr=0.13 muon_momentum=0.6 bias_lr=27000 head_lr=170 main=0.1, best_cooldown=0.1
muon_lr=0.047 muon_momentum=0.6 bias_lr=1 head_lr=280 -> tta_val_acc=0.1
muon_lr=0.047 muon_momentum=0.6 bias_lr=1.7 head_lr=280 -> tta_val_acc=0.1
muon_lr=0.047 muon_momentum=0.6 bias_lr=2.8 head_lr=280 -> tta_val_acc=0.1
muon_lr=0.047 muon_momentum=0.6 bias_lr=4.6 head_lr=280 -> tta_val_acc=0.1
muon_lr=0.047 muon_momentum=0.6 bias_lr=7.7 head_lr=280 -> tta_val_acc=0.1
muon_lr=0.047 muon_momentum=0.6 bias_lr=13 head_lr=280 -> tta_val_acc=0.1
muon_lr=0.047 muon_momentum=0.6 bias_lr=21 head_lr=280 -> tta_val_acc=0.1
muon_lr=0.047 muon_momentum=0.6 bias_lr=36 head_lr=280 -> tta_val_acc=0.1
muon_lr=0.047 muon_momentum=0.6 bias_lr=60 head_lr=280 -> tta_val_acc=0.1
muon_lr=0.047 muon_momentum=0.6 bias_lr=99 head_lr=280 -> tta_val_acc=0.1
muon_lr=0.047 muon_momentum=0.6 bias_lr=170 head_lr=280 -> tta_val_acc=0.1
muon_lr=0.047 muon_momentum=0.6 bias_lr=280 head_lr=280 -> tta_val_acc=0.1
muon_lr=0.047 muon_momentum=0.6 bias_lr=460 head_lr=280 -> tta_val_acc=0.1
muon_lr=0.047 muon_momentum=0.6 bias_lr=770 head_lr=280 -> tta_val_acc=0.1
muon_lr=0.047 muon_momentum=0.6 bias_lr=1300 head_lr=280 -> tta_val_acc=0.1
muon_lr=0.047 muon_momentum=0.6 bias_lr=2100 head_lr=280 -> tta_val_acc=0.1
muon_lr=0.047 muon_momentum=0.6 bias_lr=3500 head_lr=280 -> tta_val_acc=0.1
muon_lr=0.047 muon_momentum=0.6 bias_lr=5900 head_lr=280 -> tta_val_acc=0.1
muon_lr=0.047 muon_momentum=0.6 bias_lr=9800 head_lr=280 -> tta_val_acc=0.1
muon_lr=0.047 muon_momentum=0.6 bias_lr=16000 head_lr=280 -> tta_val_acc=0.1
muon_lr=0.047 muon_momentum=0.6 bias_lr=27000 head_lr=280 -> tta_val_acc=0.1
search_path step=0 muon_lr=0.047 muon_momentum=0.6 bias_lr=1 head_lr=280 tta_val_acc=0.1
main hparams: muon_lr=0.13 muon_momentum=0.6 bias_lr=36 head_lr=1 main=0.8205, best_cooldown=0.8982
muon_lr=0.047 muon_momentum=0.6 bias_lr=4.6 head_lr=280 -> tta_val_acc=0.8965
muon_lr=0.047 muon_momentum=0.6 bias_lr=4.6 head_lr=1 -> tta_val_acc=0.8857
muon_lr=0.047 muon_momentum=0.6 bias_lr=4.6 head_lr=1.7 -> tta_val_acc=0.8868
muon_lr=0.047 muon_momentum=0.6 bias_lr=4.6 head_lr=2.8 -> tta_val_acc=0.8866
muon_lr=0.047 muon_momentum=0.6 bias_lr=4.6 head_lr=4.6 -> tta_val_acc=0.8883
muon_lr=0.047 muon_momentum=0.6 bias_lr=4.6 head_lr=7.7 -> tta_val_acc=0.889
muon_lr=0.047 muon_momentum=0.6 bias_lr=4.6 head_lr=13 -> tta_val_acc=0.8925
muon_lr=0.047 muon_momentum=0.6 bias_lr=4.6 head_lr=21 -> tta_val_acc=0.8947
muon_lr=0.047 muon_momentum=0.6 bias_lr=4.6 head_lr=36 -> tta_val_acc=0.8964
muon_lr=0.047 muon_momentum=0.6 bias_lr=4.6 head_lr=60 -> tta_val_acc=0.8963
muon_lr=0.047 muon_momentum=0.6 bias_lr=4.6 head_lr=99 -> tta_val_acc=0.898
muon_lr=0.047 muon_momentum=0.6 bias_lr=4.6 head_lr=170 -> tta_val_acc=0.8982
muon_lr=0.047 muon_momentum=0.6 bias_lr=4.6 head_lr=460 -> tta_val_acc=0.8967
muon_lr=0.047 muon_momentum=0.6 bias_lr=4.6 head_lr=770 -> tta_val_acc=0.895
muon_lr=0.047 muon_momentum=0.6 bias_lr=4.6 head_lr=1300 -> tta_val_acc=0.897
muon_lr=0.047 muon_momentum=0.6 bias_lr=4.6 head_lr=2100 -> tta_val_acc=0.8902
muon_lr=0.047 muon_momentum=0.6 bias_lr=4.6 head_lr=3500 -> tta_val_acc=0.8825
muon_lr=0.047 muon_momentum=0.6 bias_lr=4.6 head_lr=5900 -> tta_val_acc=0.8552
muon_lr=0.047 muon_momentum=0.6 bias_lr=4.6 head_lr=9800 -> tta_val_acc=0.8226
muon_lr=0.047 muon_momentum=0.6 bias_lr=4.6 head_lr=16000 -> tta_val_acc=0.8407
muon_lr=0.047 muon_momentum=0.6 bias_lr=4.6 head_lr=27000 -> tta_val_acc=0.7203
search_path step=0 muon_lr=0.047 muon_momentum=0.6 bias_lr=4.6 head_lr=280 tta_val_acc=0.8965
search_path step=1 muon_lr=0.047 muon_momentum=0.6 bias_lr=4.6 head_lr=170 tta_val_acc=0.8982
main hparams: muon_lr=0.13 muon_momentum=0.6 bias_lr=36 head_lr=1.7 main=0.8164, best_cooldown=0.9003
muon_lr=0.047 muon_momentum=0.6 bias_lr=4.6 head_lr=280 -> tta_val_acc=0.8979
muon_lr=0.047 muon_momentum=0.6 bias_lr=4.6 head_lr=1 -> tta_val_acc=0.8821
muon_lr=0.047 muon_momentum=0.6 bias_lr=4.6 head_lr=1.7 -> tta_val_acc=0.8838
muon_lr=0.047 muon_momentum=0.6 bias_lr=4.6 head_lr=2.8 -> tta_val_acc=0.8851
muon_lr=0.047 muon_momentum=0.6 bias_lr=4.6 head_lr=4.6 -> tta_val_acc=0.8862
muon_lr=0.047 muon_momentum=0.6 bias_lr=4.6 head_lr=7.7 -> tta_val_acc=0.8883
muon_lr=0.047 muon_momentum=0.6 bias_lr=4.6 head_lr=13 -> tta_val_acc=0.8909
muon_lr=0.047 muon_momentum=0.6 bias_lr=4.6 head_lr=21 -> tta_val_acc=0.8935
muon_lr=0.047 muon_momentum=0.6 bias_lr=4.6 head_lr=36 -> tta_val_acc=0.8943
muon_lr=0.047 muon_momentum=0.6 bias_lr=4.6 head_lr=60 -> tta_val_acc=0.8978
muon_lr=0.047 muon_momentum=0.6 bias_lr=4.6 head_lr=99 -> tta_val_acc=0.8993
muon_lr=0.047 muon_momentum=0.6 bias_lr=4.6 head_lr=170 -> tta_val_acc=0.9003
muon_lr=0.047 muon_momentum=0.6 bias_lr=4.6 head_lr=460 -> tta_val_acc=0.8956
muon_lr=0.047 muon_momentum=0.6 bias_lr=4.6 head_lr=770 -> tta_val_acc=0.8961
muon_lr=0.047 muon_momentum=0.6 bias_lr=4.6 head_lr=1300 -> tta_val_acc=0.8914
muon_lr=0.047 muon_momentum=0.6 bias_lr=4.6 head_lr=2100 -> tta_val_acc=0.8954
muon_lr=0.047 muon_momentum=0.6 bias_lr=4.6 head_lr=3500 -> tta_val_acc=0.8795
muon_lr=0.047 muon_momentum=0.6 bias_lr=4.6 head_lr=5900 -> tta_val_acc=0.8591
muon_lr=0.047 muon_momentum=0.6 bias_lr=4.6 head_lr=9800 -> tta_val_acc=0.8248
muon_lr=0.047 muon_momentum=0.6 bias_lr=4.6 head_lr=16000 -> tta_val_acc=0.8064
muon_lr=0.047 muon_momentum=0.6 bias_lr=4.6 head_lr=27000 -> tta_val_acc=0.7459
search_path step=0 muon_lr=0.047 muon_momentum=0.6 bias_lr=4.6 head_lr=280 tta_val_acc=0.8979
search_path step=1 muon_lr=0.047 muon_momentum=0.6 bias_lr=4.6 head_lr=170 tta_val_acc=0.9003
main hparams: muon_lr=0.13 muon_momentum=0.6 bias_lr=36 head_lr=2.8 main=0.8183, best_cooldown=0.8999
muon_lr=0.047 muon_momentum=0.6 bias_lr=4.6 head_lr=280 -> tta_val_acc=0.8996
muon_lr=0.047 muon_momentum=0.6 bias_lr=4.6 head_lr=1 -> tta_val_acc=0.885
muon_lr=0.047 muon_momentum=0.6 bias_lr=4.6 head_lr=1.7 -> tta_val_acc=0.8861
muon_lr=0.047 muon_momentum=0.6 bias_lr=4.6 head_lr=2.8 -> tta_val_acc=0.8869
muon_lr=0.047 muon_momentum=0.6 bias_lr=4.6 head_lr=4.6 -> tta_val_acc=0.8879
muon_lr=0.047 muon_momentum=0.6 bias_lr=4.6 head_lr=7.7 -> tta_val_acc=0.8901
muon_lr=0.047 muon_momentum=0.6 bias_lr=4.6 head_lr=13 -> tta_val_acc=0.8909
muon_lr=0.047 muon_momentum=0.6 bias_lr=4.6 head_lr=21 -> tta_val_acc=0.8935
muon_lr=0.047 muon_momentum=0.6 bias_lr=4.6 head_lr=36 -> tta_val_acc=0.8968
muon_lr=0.047 muon_momentum=0.6 bias_lr=4.6 head_lr=60 -> tta_val_acc=0.8981
muon_lr=0.047 muon_momentum=0.6 bias_lr=4.6 head_lr=99 -> tta_val_acc=0.8978
muon_lr=0.047 muon_momentum=0.6 bias_lr=4.6 head_lr=170 -> tta_val_acc=0.8999
muon_lr=0.047 muon_momentum=0.6 bias_lr=4.6 head_lr=460 -> tta_val_acc=0.8968
muon_lr=0.047 muon_momentum=0.6 bias_lr=4.6 head_lr=770 -> tta_val_acc=0.8954
muon_lr=0.047 muon_momentum=0.6 bias_lr=4.6 head_lr=1300 -> tta_val_acc=0.8922
muon_lr=0.047 muon_momentum=0.6 bias_lr=4.6 head_lr=2100 -> tta_val_acc=0.8896
muon_lr=0.047 muon_momentum=0.6 bias_lr=4.6 head_lr=3500 -> tta_val_acc=0.8828
muon_lr=0.047 muon_momentum=0.6 bias_lr=4.6 head_lr=5900 -> tta_val_acc=0.8646
muon_lr=0.047 muon_momentum=0.6 bias_lr=4.6 head_lr=9800 -> tta_val_acc=0.853
muon_lr=0.047 muon_momentum=0.6 bias_lr=4.6 head_lr=16000 -> tta_val_acc=0.8229
muon_lr=0.047 muon_momentum=0.6 bias_lr=4.6 head_lr=27000 -> tta_val_acc=0.8043
search_path step=0 muon_lr=0.047 muon_momentum=0.6 bias_lr=4.6 head_lr=280 tta_val_acc=0.8996
search_path step=1 muon_lr=0.047 muon_momentum=0.6 bias_lr=4.6 head_lr=170 tta_val_acc=0.8999
main hparams: muon_lr=0.13 muon_momentum=0.6 bias_lr=36 head_lr=4.6 main=0.819, best_cooldown=0.9
muon_lr=0.047 muon_momentum=0.6 bias_lr=4.6 head_lr=280 -> tta_val_acc=0.9
muon_lr=0.047 muon_momentum=0.6 bias_lr=4.6 head_lr=1 -> tta_val_acc=0.8881
muon_lr=0.047 muon_momentum=0.6 bias_lr=4.6 head_lr=1.7 -> tta_val_acc=0.8876
muon_lr=0.047 muon_momentum=0.6 bias_lr=4.6 head_lr=2.8 -> tta_val_acc=0.8879
muon_lr=0.047 muon_momentum=0.6 bias_lr=4.6 head_lr=4.6 -> tta_val_acc=0.8894
muon_lr=0.047 muon_momentum=0.6 bias_lr=4.6 head_lr=7.7 -> tta_val_acc=0.8902
muon_lr=0.047 muon_momentum=0.6 bias_lr=4.6 head_lr=13 -> tta_val_acc=0.8913
muon_lr=0.047 muon_momentum=0.6 bias_lr=4.6 head_lr=21 -> tta_val_acc=0.8942
muon_lr=0.047 muon_momentum=0.6 bias_lr=4.6 head_lr=36 -> tta_val_acc=0.8972
muon_lr=0.047 muon_momentum=0.6 bias_lr=4.6 head_lr=60 -> tta_val_acc=0.8986
muon_lr=0.047 muon_momentum=0.6 bias_lr=4.6 head_lr=99 -> tta_val_acc=0.8999
muon_lr=0.047 muon_momentum=0.6 bias_lr=4.6 head_lr=170 -> tta_val_acc=0.9
muon_lr=0.047 muon_momentum=0.6 bias_lr=4.6 head_lr=460 -> tta_val_acc=0.8994
muon_lr=0.047 muon_momentum=0.6 bias_lr=4.6 head_lr=770 -> tta_val_acc=0.8968
muon_lr=0.047 muon_momentum=0.6 bias_lr=4.6 head_lr=1300 -> tta_val_acc=0.8941
muon_lr=0.047 muon_momentum=0.6 bias_lr=4.6 head_lr=2100 -> tta_val_acc=0.893
muon_lr=0.047 muon_momentum=0.6 bias_lr=4.6 head_lr=3500 -> tta_val_acc=0.8734
muon_lr=0.047 muon_momentum=0.6 bias_lr=4.6 head_lr=5900 -> tta_val_acc=0.8663
muon_lr=0.047 muon_momentum=0.6 bias_lr=4.6 head_lr=9800 -> tta_val_acc=0.8658
muon_lr=0.047 muon_momentum=0.6 bias_lr=4.6 head_lr=16000 -> tta_val_acc=0.8537
muon_lr=0.047 muon_momentum=0.6 bias_lr=4.6 head_lr=27000 -> tta_val_acc=0.764
search_path step=0 muon_lr=0.047 muon_momentum=0.6 bias_lr=4.6 head_lr=280 tta_val_acc=0.9
search_path step=1 muon_lr=0.047 muon_momentum=0.6 bias_lr=4.6 head_lr=170 tta_val_acc=0.9
main hparams: muon_lr=0.13 muon_momentum=0.6 bias_lr=36 head_lr=7.7 main=0.8185, best_cooldown=0.9011
muon_lr=0.047 muon_momentum=0.6 bias_lr=4.6 head_lr=280 -> tta_val_acc=0.9002
muon_lr=0.047 muon_momentum=0.6 bias_lr=4.6 head_lr=1 -> tta_val_acc=0.8903
muon_lr=0.047 muon_momentum=0.6 bias_lr=4.6 head_lr=1.7 -> tta_val_acc=0.8914
muon_lr=0.047 muon_momentum=0.6 bias_lr=4.6 head_lr=2.8 -> tta_val_acc=0.8915
muon_lr=0.047 muon_momentum=0.6 bias_lr=4.6 head_lr=4.6 -> tta_val_acc=0.8927
muon_lr=0.047 muon_momentum=0.6 bias_lr=4.6 head_lr=7.7 -> tta_val_acc=0.8923
muon_lr=0.047 muon_momentum=0.6 bias_lr=4.6 head_lr=13 -> tta_val_acc=0.8947
muon_lr=0.047 muon_momentum=0.6 bias_lr=4.6 head_lr=21 -> tta_val_acc=0.8979
muon_lr=0.047 muon_momentum=0.6 bias_lr=4.6 head_lr=36 -> tta_val_acc=0.8988
muon_lr=0.047 muon_momentum=0.6 bias_lr=4.6 head_lr=60 -> tta_val_acc=0.9002
muon_lr=0.047 muon_momentum=0.6 bias_lr=4.6 head_lr=99 -> tta_val_acc=0.9003
muon_lr=0.047 muon_momentum=0.6 bias_lr=4.6 head_lr=170 -> tta_val_acc=0.9011
muon_lr=0.047 muon_momentum=0.6 bias_lr=4.6 head_lr=460 -> tta_val_acc=0.8991
muon_lr=0.047 muon_momentum=0.6 bias_lr=4.6 head_lr=770 -> tta_val_acc=0.897
muon_lr=0.047 muon_momentum=0.6 bias_lr=4.6 head_lr=1300 -> tta_val_acc=0.895
muon_lr=0.047 muon_momentum=0.6 bias_lr=4.6 head_lr=2100 -> tta_val_acc=0.8949
muon_lr=0.047 muon_momentum=0.6 bias_lr=4.6 head_lr=3500 -> tta_val_acc=0.878
muon_lr=0.047 muon_momentum=0.6 bias_lr=4.6 head_lr=5900 -> tta_val_acc=0.8787
muon_lr=0.047 muon_momentum=0.6 bias_lr=4.6 head_lr=9800 -> tta_val_acc=0.8713
muon_lr=0.047 muon_momentum=0.6 bias_lr=4.6 head_lr=16000 -> tta_val_acc=0.8457
muon_lr=0.047 muon_momentum=0.6 bias_lr=4.6 head_lr=27000 -> tta_val_acc=0.7861
search_path step=0 muon_lr=0.047 muon_momentum=0.6 bias_lr=4.6 head_lr=280 tta_val_acc=0.9002
search_path step=1 muon_lr=0.047 muon_momentum=0.6 bias_lr=4.6 head_lr=170 tta_val_acc=0.9011
main hparams: muon_lr=0.13 muon_momentum=0.6 bias_lr=36 head_lr=13 main=0.8314, best_cooldown=0.9024
muon_lr=0.047 muon_momentum=0.6 bias_lr=4.6 head_lr=280 -> tta_val_acc=0.9024
muon_lr=0.047 muon_momentum=0.6 bias_lr=4.6 head_lr=1 -> tta_val_acc=0.8946
muon_lr=0.047 muon_momentum=0.6 bias_lr=4.6 head_lr=1.7 -> tta_val_acc=0.8949
muon_lr=0.047 muon_momentum=0.6 bias_lr=4.6 head_lr=2.8 -> tta_val_acc=0.8966
muon_lr=0.047 muon_momentum=0.6 bias_lr=4.6 head_lr=4.6 -> tta_val_acc=0.8966
muon_lr=0.047 muon_momentum=0.6 bias_lr=4.6 head_lr=7.7 -> tta_val_acc=0.8979
muon_lr=0.047 muon_momentum=0.6 bias_lr=4.6 head_lr=13 -> tta_val_acc=0.8988
muon_lr=0.047 muon_momentum=0.6 bias_lr=4.6 head_lr=21 -> tta_val_acc=0.9005
muon_lr=0.047 muon_momentum=0.6 bias_lr=4.6 head_lr=36 -> tta_val_acc=0.9007
muon_lr=0.047 muon_momentum=0.6 bias_lr=4.6 head_lr=60 -> tta_val_acc=0.9019
muon_lr=0.047 muon_momentum=0.6 bias_lr=4.6 head_lr=99 -> tta_val_acc=0.9008
muon_lr=0.047 muon_momentum=0.6 bias_lr=4.6 head_lr=170 -> tta_val_acc=0.9023
muon_lr=0.047 muon_momentum=0.6 bias_lr=4.6 head_lr=460 -> tta_val_acc=0.9019
muon_lr=0.047 muon_momentum=0.6 bias_lr=4.6 head_lr=770 -> tta_val_acc=0.8977
muon_lr=0.047 muon_momentum=0.6 bias_lr=4.6 head_lr=1300 -> tta_val_acc=0.8969
muon_lr=0.047 muon_momentum=0.6 bias_lr=4.6 head_lr=2100 -> tta_val_acc=0.8943
muon_lr=0.047 muon_momentum=0.6 bias_lr=4.6 head_lr=3500 -> tta_val_acc=0.8824
muon_lr=0.047 muon_momentum=0.6 bias_lr=4.6 head_lr=5900 -> tta_val_acc=0.8639
muon_lr=0.047 muon_momentum=0.6 bias_lr=4.6 head_lr=9800 -> tta_val_acc=0.8596
muon_lr=0.047 muon_momentum=0.6 bias_lr=4.6 head_lr=16000 -> tta_val_acc=0.8446
muon_lr=0.047 muon_momentum=0.6 bias_lr=4.6 head_lr=27000 -> tta_val_acc=0.8336
search_path step=0 muon_lr=0.047 muon_momentum=0.6 bias_lr=4.6 head_lr=280 tta_val_acc=0.9024
main hparams: muon_lr=0.13 muon_momentum=0.6 bias_lr=36 head_lr=21 main=0.8331, best_cooldown=0.9023
muon_lr=0.047 muon_momentum=0.6 bias_lr=4.6 head_lr=280 -> tta_val_acc=0.9011
muon_lr=0.047 muon_momentum=0.6 bias_lr=4.6 head_lr=1 -> tta_val_acc=0.8973
muon_lr=0.047 muon_momentum=0.6 bias_lr=4.6 head_lr=1.7 -> tta_val_acc=0.8965
muon_lr=0.047 muon_momentum=0.6 bias_lr=4.6 head_lr=2.8 -> tta_val_acc=0.8973
muon_lr=0.047 muon_momentum=0.6 bias_lr=4.6 head_lr=4.6 -> tta_val_acc=0.8965
muon_lr=0.047 muon_momentum=0.6 bias_lr=4.6 head_lr=7.7 -> tta_val_acc=0.8971
muon_lr=0.047 muon_momentum=0.6 bias_lr=4.6 head_lr=13 -> tta_val_acc=0.8983
muon_lr=0.047 muon_momentum=0.6 bias_lr=4.6 head_lr=21 -> tta_val_acc=0.8984
muon_lr=0.047 muon_momentum=0.6 bias_lr=4.6 head_lr=36 -> tta_val_acc=0.8995
muon_lr=0.047 muon_momentum=0.6 bias_lr=4.6 head_lr=60 -> tta_val_acc=0.9008
muon_lr=0.047 muon_momentum=0.6 bias_lr=4.6 head_lr=99 -> tta_val_acc=0.9013
muon_lr=0.047 muon_momentum=0.6 bias_lr=4.6 head_lr=170 -> tta_val_acc=0.9022
muon_lr=0.047 muon_momentum=0.6 bias_lr=4.6 head_lr=460 -> tta_val_acc=0.9023
muon_lr=0.047 muon_momentum=0.6 bias_lr=4.6 head_lr=770 -> tta_val_acc=0.9
muon_lr=0.047 muon_momentum=0.6 bias_lr=4.6 head_lr=1300 -> tta_val_acc=0.9005
muon_lr=0.047 muon_momentum=0.6 bias_lr=4.6 head_lr=2100 -> tta_val_acc=0.9003
muon_lr=0.047 muon_momentum=0.6 bias_lr=4.6 head_lr=3500 -> tta_val_acc=0.8951
muon_lr=0.047 muon_momentum=0.6 bias_lr=4.6 head_lr=5900 -> tta_val_acc=0.888
muon_lr=0.047 muon_momentum=0.6 bias_lr=4.6 head_lr=9800 -> tta_val_acc=0.8737
muon_lr=0.047 muon_momentum=0.6 bias_lr=4.6 head_lr=16000 -> tta_val_acc=0.8587
muon_lr=0.047 muon_momentum=0.6 bias_lr=4.6 head_lr=27000 -> tta_val_acc=0.8053
search_path step=0 muon_lr=0.047 muon_momentum=0.6 bias_lr=4.6 head_lr=280 tta_val_acc=0.9011
search_path step=1 muon_lr=0.047 muon_momentum=0.6 bias_lr=4.6 head_lr=460 tta_val_acc=0.9023
main hparams: muon_lr=0.13 muon_momentum=0.6 bias_lr=36 head_lr=36 main=0.8402, best_cooldown=0.903
muon_lr=0.047 muon_momentum=0.6 bias_lr=4.6 head_lr=280 -> tta_val_acc=0.9029
muon_lr=0.047 muon_momentum=0.6 bias_lr=4.6 head_lr=1 -> tta_val_acc=0.8998
muon_lr=0.047 muon_momentum=0.6 bias_lr=4.6 head_lr=1.7 -> tta_val_acc=0.9001
muon_lr=0.047 muon_momentum=0.6 bias_lr=4.6 head_lr=2.8 -> tta_val_acc=0.8997
muon_lr=0.047 muon_momentum=0.6 bias_lr=4.6 head_lr=4.6 -> tta_val_acc=0.8986
muon_lr=0.047 muon_momentum=0.6 bias_lr=4.6 head_lr=7.7 -> tta_val_acc=0.8995
muon_lr=0.047 muon_momentum=0.6 bias_lr=4.6 head_lr=13 -> tta_val_acc=0.9003
muon_lr=0.047 muon_momentum=0.6 bias_lr=4.6 head_lr=21 -> tta_val_acc=0.9006
muon_lr=0.047 muon_momentum=0.6 bias_lr=4.6 head_lr=36 -> tta_val_acc=0.9013
muon_lr=0.047 muon_momentum=0.6 bias_lr=4.6 head_lr=60 -> tta_val_acc=0.9012
muon_lr=0.047 muon_momentum=0.6 bias_lr=4.6 head_lr=99 -> tta_val_acc=0.9025
muon_lr=0.047 muon_momentum=0.6 bias_lr=4.6 head_lr=170 -> tta_val_acc=0.9026
muon_lr=0.047 muon_momentum=0.6 bias_lr=4.6 head_lr=460 -> tta_val_acc=0.903
muon_lr=0.047 muon_momentum=0.6 bias_lr=4.6 head_lr=770 -> tta_val_acc=0.8996
muon_lr=0.047 muon_momentum=0.6 bias_lr=4.6 head_lr=1300 -> tta_val_acc=0.8962
muon_lr=0.047 muon_momentum=0.6 bias_lr=4.6 head_lr=2100 -> tta_val_acc=0.8939
muon_lr=0.047 muon_momentum=0.6 bias_lr=4.6 head_lr=3500 -> tta_val_acc=0.8943
muon_lr=0.047 muon_momentum=0.6 bias_lr=4.6 head_lr=5900 -> tta_val_acc=0.8863
muon_lr=0.047 muon_momentum=0.6 bias_lr=4.6 head_lr=9800 -> tta_val_acc=0.8686
muon_lr=0.047 muon_momentum=0.6 bias_lr=4.6 head_lr=16000 -> tta_val_acc=0.8276
muon_lr=0.047 muon_momentum=0.6 bias_lr=4.6 head_lr=27000 -> tta_val_acc=0.7156
search_path step=0 muon_lr=0.047 muon_momentum=0.6 bias_lr=4.6 head_lr=280 tta_val_acc=0.9029
search_path step=1 muon_lr=0.047 muon_momentum=0.6 bias_lr=4.6 head_lr=460 tta_val_acc=0.903
main hparams: muon_lr=0.13 muon_momentum=0.6 bias_lr=36 head_lr=60 main=0.8351, best_cooldown=0.9042
muon_lr=0.047 muon_momentum=0.6 bias_lr=4.6 head_lr=280 -> tta_val_acc=0.9041
muon_lr=0.047 muon_momentum=0.6 bias_lr=4.6 head_lr=1 -> tta_val_acc=0.9019
muon_lr=0.047 muon_momentum=0.6 bias_lr=4.6 head_lr=1.7 -> tta_val_acc=0.902
muon_lr=0.047 muon_momentum=0.6 bias_lr=4.6 head_lr=2.8 -> tta_val_acc=0.9025
muon_lr=0.047 muon_momentum=0.6 bias_lr=4.6 head_lr=4.6 -> tta_val_acc=0.9025
muon_lr=0.047 muon_momentum=0.6 bias_lr=4.6 head_lr=7.7 -> tta_val_acc=0.9034
muon_lr=0.047 muon_momentum=0.6 bias_lr=4.6 head_lr=13 -> tta_val_acc=0.9027
muon_lr=0.047 muon_momentum=0.6 bias_lr=4.6 head_lr=21 -> tta_val_acc=0.9024
muon_lr=0.047 muon_momentum=0.6 bias_lr=4.6 head_lr=36 -> tta_val_acc=0.9035
muon_lr=0.047 muon_momentum=0.6 bias_lr=4.6 head_lr=60 -> tta_val_acc=0.9037
muon_lr=0.047 muon_momentum=0.6 bias_lr=4.6 head_lr=99 -> tta_val_acc=0.9042
muon_lr=0.047 muon_momentum=0.6 bias_lr=4.6 head_lr=170 -> tta_val_acc=0.9038
muon_lr=0.047 muon_momentum=0.6 bias_lr=4.6 head_lr=460 -> tta_val_acc=0.9011
muon_lr=0.047 muon_momentum=0.6 bias_lr=4.6 head_lr=770 -> tta_val_acc=0.9015
muon_lr=0.047 muon_momentum=0.6 bias_lr=4.6 head_lr=1300 -> tta_val_acc=0.9001
muon_lr=0.047 muon_momentum=0.6 bias_lr=4.6 head_lr=2100 -> tta_val_acc=0.9007
muon_lr=0.047 muon_momentum=0.6 bias_lr=4.6 head_lr=3500 -> tta_val_acc=0.8979
muon_lr=0.047 muon_momentum=0.6 bias_lr=4.6 head_lr=5900 -> tta_val_acc=0.886
muon_lr=0.047 muon_momentum=0.6 bias_lr=4.6 head_lr=9800 -> tta_val_acc=0.8719
muon_lr=0.047 muon_momentum=0.6 bias_lr=4.6 head_lr=16000 -> tta_val_acc=0.8273
muon_lr=0.047 muon_momentum=0.6 bias_lr=4.6 head_lr=27000 -> tta_val_acc=0.5518
search_path step=0 muon_lr=0.047 muon_momentum=0.6 bias_lr=4.6 head_lr=280 tta_val_acc=0.9041
search_path step=1 muon_lr=0.047 muon_momentum=0.6 bias_lr=4.6 head_lr=99 tta_val_acc=0.9042
main hparams: muon_lr=0.13 muon_momentum=0.6 bias_lr=36 head_lr=99 main=0.84, best_cooldown=0.906
muon_lr=0.047 muon_momentum=0.6 bias_lr=4.6 head_lr=280 -> tta_val_acc=0.9051
muon_lr=0.047 muon_momentum=0.6 bias_lr=4.6 head_lr=1 -> tta_val_acc=0.9024
muon_lr=0.047 muon_momentum=0.6 bias_lr=4.6 head_lr=1.7 -> tta_val_acc=0.9023
muon_lr=0.047 muon_momentum=0.6 bias_lr=4.6 head_lr=2.8 -> tta_val_acc=0.9022
muon_lr=0.047 muon_momentum=0.6 bias_lr=4.6 head_lr=4.6 -> tta_val_acc=0.9033
muon_lr=0.047 muon_momentum=0.6 bias_lr=4.6 head_lr=7.7 -> tta_val_acc=0.9032
muon_lr=0.047 muon_momentum=0.6 bias_lr=4.6 head_lr=13 -> tta_val_acc=0.9033
muon_lr=0.047 muon_momentum=0.6 bias_lr=4.6 head_lr=21 -> tta_val_acc=0.9041
muon_lr=0.047 muon_momentum=0.6 bias_lr=4.6 head_lr=36 -> tta_val_acc=0.9048
muon_lr=0.047 muon_momentum=0.6 bias_lr=4.6 head_lr=60 -> tta_val_acc=0.9037
muon_lr=0.047 muon_momentum=0.6 bias_lr=4.6 head_lr=99 -> tta_val_acc=0.9055
muon_lr=0.047 muon_momentum=0.6 bias_lr=4.6 head_lr=170 -> tta_val_acc=0.906
muon_lr=0.047 muon_momentum=0.6 bias_lr=4.6 head_lr=460 -> tta_val_acc=0.9055
muon_lr=0.047 muon_momentum=0.6 bias_lr=4.6 head_lr=770 -> tta_val_acc=0.9037
muon_lr=0.047 muon_momentum=0.6 bias_lr=4.6 head_lr=1300 -> tta_val_acc=0.9009
muon_lr=0.047 muon_momentum=0.6 bias_lr=4.6 head_lr=2100 -> tta_val_acc=0.9009
muon_lr=0.047 muon_momentum=0.6 bias_lr=4.6 head_lr=3500 -> tta_val_acc=0.8982
muon_lr=0.047 muon_momentum=0.6 bias_lr=4.6 head_lr=5900 -> tta_val_acc=0.8849
muon_lr=0.047 muon_momentum=0.6 bias_lr=4.6 head_lr=9800 -> tta_val_acc=0.8488
muon_lr=0.047 muon_momentum=0.6 bias_lr=4.6 head_lr=16000 -> tta_val_acc=0.7806
muon_lr=0.047 muon_momentum=0.6 bias_lr=4.6 head_lr=27000 -> tta_val_acc=0.478
search_path step=0 muon_lr=0.047 muon_momentum=0.6 bias_lr=4.6 head_lr=280 tta_val_acc=0.9051
search_path step=1 muon_lr=0.047 muon_momentum=0.6 bias_lr=4.6 head_lr=170 tta_val_acc=0.906
main hparams: muon_lr=0.13 muon_momentum=0.6 bias_lr=36 head_lr=170 main=0.8416, best_cooldown=0.9087
muon_lr=0.047 muon_momentum=0.6 bias_lr=4.6 head_lr=280 -> tta_val_acc=0.9096
muon_lr=0.047 muon_momentum=0.6 bias_lr=1 head_lr=280 -> tta_val_acc=0.9073
muon_lr=0.047 muon_momentum=0.6 bias_lr=1.7 head_lr=280 -> tta_val_acc=0.9083
muon_lr=0.047 muon_momentum=0.6 bias_lr=2.8 head_lr=280 -> tta_val_acc=0.9078
muon_lr=0.047 muon_momentum=0.6 bias_lr=7.7 head_lr=280 -> tta_val_acc=0.9093
muon_lr=0.047 muon_momentum=0.6 bias_lr=13 head_lr=280 -> tta_val_acc=0.9084
muon_lr=0.047 muon_momentum=0.6 bias_lr=21 head_lr=280 -> tta_val_acc=0.9073
muon_lr=0.047 muon_momentum=0.6 bias_lr=36 head_lr=280 -> tta_val_acc=0.9071
muon_lr=0.047 muon_momentum=0.6 bias_lr=60 head_lr=280 -> tta_val_acc=0.9054
muon_lr=0.047 muon_momentum=0.6 bias_lr=99 head_lr=280 -> tta_val_acc=0.9009
muon_lr=0.047 muon_momentum=0.6 bias_lr=170 head_lr=280 -> tta_val_acc=0.8903
muon_lr=0.047 muon_momentum=0.6 bias_lr=280 head_lr=280 -> tta_val_acc=0.8615
muon_lr=0.047 muon_momentum=0.6 bias_lr=460 head_lr=280 -> tta_val_acc=0.7753
muon_lr=0.047 muon_momentum=0.6 bias_lr=770 head_lr=280 -> tta_val_acc=0.1001
muon_lr=0.047 muon_momentum=0.6 bias_lr=1300 head_lr=280 -> tta_val_acc=0.1
muon_lr=0.047 muon_momentum=0.6 bias_lr=2100 head_lr=280 -> tta_val_acc=0.1
muon_lr=0.047 muon_momentum=0.6 bias_lr=3500 head_lr=280 -> tta_val_acc=0.1
muon_lr=0.047 muon_momentum=0.6 bias_lr=5900 head_lr=280 -> tta_val_acc=0.1
muon_lr=0.047 muon_momentum=0.6 bias_lr=9800 head_lr=280 -> tta_val_acc=0.1
muon_lr=0.047 muon_momentum=0.6 bias_lr=16000 head_lr=280 -> tta_val_acc=0.1
muon_lr=0.047 muon_momentum=0.6 bias_lr=27000 head_lr=280 -> tta_val_acc=0.1
muon_lr=0.047 muon_momentum=0.6 bias_lr=4.6 head_lr=1 -> tta_val_acc=0.908
muon_lr=0.047 muon_momentum=0.6 bias_lr=4.6 head_lr=1.7 -> tta_val_acc=0.9074
muon_lr=0.047 muon_momentum=0.6 bias_lr=4.6 head_lr=2.8 -> tta_val_acc=0.9073
muon_lr=0.047 muon_momentum=0.6 bias_lr=4.6 head_lr=4.6 -> tta_val_acc=0.9073
muon_lr=0.047 muon_momentum=0.6 bias_lr=4.6 head_lr=7.7 -> tta_val_acc=0.9072
muon_lr=0.047 muon_momentum=0.6 bias_lr=4.6 head_lr=13 -> tta_val_acc=0.9084
muon_lr=0.047 muon_momentum=0.6 bias_lr=4.6 head_lr=21 -> tta_val_acc=0.9081
muon_lr=0.047 muon_momentum=0.6 bias_lr=4.6 head_lr=36 -> tta_val_acc=0.9087
muon_lr=0.047 muon_momentum=0.6 bias_lr=4.6 head_lr=60 -> tta_val_acc=0.9075
muon_lr=0.047 muon_momentum=0.6 bias_lr=4.6 head_lr=99 -> tta_val_acc=0.9075
muon_lr=0.047 muon_momentum=0.6 bias_lr=4.6 head_lr=170 -> tta_val_acc=0.9083
muon_lr=0.047 muon_momentum=0.6 bias_lr=4.6 head_lr=460 -> tta_val_acc=0.9072
muon_lr=0.047 muon_momentum=0.6 bias_lr=4.6 head_lr=770 -> tta_val_acc=0.9072
muon_lr=0.047 muon_momentum=0.6 bias_lr=4.6 head_lr=1300 -> tta_val_acc=0.9043
muon_lr=0.047 muon_momentum=0.6 bias_lr=4.6 head_lr=2100 -> tta_val_acc=0.9043
muon_lr=0.047 muon_momentum=0.6 bias_lr=4.6 head_lr=3500 -> tta_val_acc=0.903
muon_lr=0.047 muon_momentum=0.6 bias_lr=4.6 head_lr=5900 -> tta_val_acc=0.8816
muon_lr=0.047 muon_momentum=0.6 bias_lr=4.6 head_lr=9800 -> tta_val_acc=0.8548
muon_lr=0.047 muon_momentum=0.6 bias_lr=4.6 head_lr=16000 -> tta_val_acc=0.8254
muon_lr=0.047 muon_momentum=0.6 bias_lr=4.6 head_lr=27000 -> tta_val_acc=0.6706
search_path step=0 muon_lr=0.047 muon_momentum=0.6 bias_lr=27000 head_lr=280 tta_val_acc=0.1
search_path step=1 muon_lr=0.047 muon_momentum=0.6 bias_lr=4.6 head_lr=36 tta_val_acc=0.9087
main hparams: muon_lr=0.13 muon_momentum=0.6 bias_lr=36 head_lr=280 main=0.8424, best_cooldown=0.9069
muon_lr=0.047 muon_momentum=0.6 bias_lr=4.6 head_lr=36 -> tta_val_acc=0.9056
muon_lr=0.047 muon_momentum=0.6 bias_lr=4.6 head_lr=1 -> tta_val_acc=0.9054
muon_lr=0.047 muon_momentum=0.6 bias_lr=4.6 head_lr=1.7 -> tta_val_acc=0.9053
muon_lr=0.047 muon_momentum=0.6 bias_lr=4.6 head_lr=2.8 -> tta_val_acc=0.9054
muon_lr=0.047 muon_momentum=0.6 bias_lr=4.6 head_lr=4.6 -> tta_val_acc=0.9054
muon_lr=0.047 muon_momentum=0.6 bias_lr=4.6 head_lr=7.7 -> tta_val_acc=0.9054
muon_lr=0.047 muon_momentum=0.6 bias_lr=4.6 head_lr=13 -> tta_val_acc=0.9054
muon_lr=0.047 muon_momentum=0.6 bias_lr=4.6 head_lr=21 -> tta_val_acc=0.9056
muon_lr=0.047 muon_momentum=0.6 bias_lr=4.6 head_lr=60 -> tta_val_acc=0.9062
muon_lr=0.047 muon_momentum=0.6 bias_lr=4.6 head_lr=99 -> tta_val_acc=0.906
muon_lr=0.047 muon_momentum=0.6 bias_lr=4.6 head_lr=170 -> tta_val_acc=0.9069
muon_lr=0.047 muon_momentum=0.6 bias_lr=4.6 head_lr=280 -> tta_val_acc=0.9067
muon_lr=0.047 muon_momentum=0.6 bias_lr=4.6 head_lr=460 -> tta_val_acc=0.9064
muon_lr=0.047 muon_momentum=0.6 bias_lr=4.6 head_lr=770 -> tta_val_acc=0.9058
muon_lr=0.047 muon_momentum=0.6 bias_lr=4.6 head_lr=1300 -> tta_val_acc=0.9045
muon_lr=0.047 muon_momentum=0.6 bias_lr=4.6 head_lr=2100 -> tta_val_acc=0.902
muon_lr=0.047 muon_momentum=0.6 bias_lr=4.6 head_lr=3500 -> tta_val_acc=0.8989
muon_lr=0.047 muon_momentum=0.6 bias_lr=4.6 head_lr=5900 -> tta_val_acc=0.881
muon_lr=0.047 muon_momentum=0.6 bias_lr=4.6 head_lr=9800 -> tta_val_acc=0.8654
muon_lr=0.047 muon_momentum=0.6 bias_lr=4.6 head_lr=16000 -> tta_val_acc=0.8563
muon_lr=0.047 muon_momentum=0.6 bias_lr=4.6 head_lr=27000 -> tta_val_acc=0.7883
search_path step=0 muon_lr=0.047 muon_momentum=0.6 bias_lr=4.6 head_lr=36 tta_val_acc=0.9056
search_path step=1 muon_lr=0.047 muon_momentum=0.6 bias_lr=4.6 head_lr=170 tta_val_acc=0.9069
main hparams: muon_lr=0.13 muon_momentum=0.6 bias_lr=36 head_lr=460 main=0.8436, best_cooldown=0.9085
muon_lr=0.047 muon_momentum=0.6 bias_lr=4.6 head_lr=36 -> tta_val_acc=0.9083
muon_lr=0.047 muon_momentum=0.6 bias_lr=4.6 head_lr=1 -> tta_val_acc=0.9083
muon_lr=0.047 muon_momentum=0.6 bias_lr=4.6 head_lr=1.7 -> tta_val_acc=0.9073
muon_lr=0.047 muon_momentum=0.6 bias_lr=4.6 head_lr=2.8 -> tta_val_acc=0.9081
muon_lr=0.047 muon_momentum=0.6 bias_lr=4.6 head_lr=4.6 -> tta_val_acc=0.9084
muon_lr=0.047 muon_momentum=0.6 bias_lr=4.6 head_lr=7.7 -> tta_val_acc=0.908
muon_lr=0.047 muon_momentum=0.6 bias_lr=4.6 head_lr=13 -> tta_val_acc=0.9081
muon_lr=0.047 muon_momentum=0.6 bias_lr=4.6 head_lr=21 -> tta_val_acc=0.908
muon_lr=0.047 muon_momentum=0.6 bias_lr=4.6 head_lr=60 -> tta_val_acc=0.908
muon_lr=0.047 muon_momentum=0.6 bias_lr=4.6 head_lr=99 -> tta_val_acc=0.9082
muon_lr=0.047 muon_momentum=0.6 bias_lr=4.6 head_lr=170 -> tta_val_acc=0.9076
muon_lr=0.047 muon_momentum=0.6 bias_lr=4.6 head_lr=280 -> tta_val_acc=0.9066
muon_lr=0.047 muon_momentum=0.6 bias_lr=4.6 head_lr=460 -> tta_val_acc=0.9066
muon_lr=0.047 muon_momentum=0.6 bias_lr=4.6 head_lr=770 -> tta_val_acc=0.9085
muon_lr=0.047 muon_momentum=0.6 bias_lr=4.6 head_lr=1300 -> tta_val_acc=0.9077
muon_lr=0.047 muon_momentum=0.6 bias_lr=4.6 head_lr=2100 -> tta_val_acc=0.9063
muon_lr=0.047 muon_momentum=0.6 bias_lr=4.6 head_lr=3500 -> tta_val_acc=0.9035
muon_lr=0.047 muon_momentum=0.6 bias_lr=4.6 head_lr=5900 -> tta_val_acc=0.8932
muon_lr=0.047 muon_momentum=0.6 bias_lr=4.6 head_lr=9800 -> tta_val_acc=0.876
muon_lr=0.047 muon_momentum=0.6 bias_lr=4.6 head_lr=16000 -> tta_val_acc=0.8015
muon_lr=0.047 muon_momentum=0.6 bias_lr=4.6 head_lr=27000 -> tta_val_acc=0.7525
search_path step=0 muon_lr=0.047 muon_momentum=0.6 bias_lr=4.6 head_lr=36 tta_val_acc=0.9083
search_path step=1 muon_lr=0.047 muon_momentum=0.6 bias_lr=4.6 head_lr=770 tta_val_acc=0.9085
main hparams: muon_lr=0.13 muon_momentum=0.6 bias_lr=36 head_lr=770 main=0.8322, best_cooldown=0.9095
muon_lr=0.047 muon_momentum=0.6 bias_lr=4.6 head_lr=36 -> tta_val_acc=0.9072
muon_lr=0.047 muon_momentum=0.6 bias_lr=4.6 head_lr=1 -> tta_val_acc=0.9082
muon_lr=0.047 muon_momentum=0.6 bias_lr=4.6 head_lr=1.7 -> tta_val_acc=0.9071
muon_lr=0.047 muon_momentum=0.6 bias_lr=4.6 head_lr=2.8 -> tta_val_acc=0.9072
muon_lr=0.047 muon_momentum=0.6 bias_lr=4.6 head_lr=4.6 -> tta_val_acc=0.9076
muon_lr=0.047 muon_momentum=0.6 bias_lr=4.6 head_lr=7.7 -> tta_val_acc=0.908
muon_lr=0.047 muon_momentum=0.6 bias_lr=4.6 head_lr=13 -> tta_val_acc=0.908
muon_lr=0.047 muon_momentum=0.6 bias_lr=4.6 head_lr=21 -> tta_val_acc=0.9095
muon_lr=0.047 muon_momentum=0.6 bias_lr=4.6 head_lr=60 -> tta_val_acc=0.9079
muon_lr=0.047 muon_momentum=0.6 bias_lr=4.6 head_lr=99 -> tta_val_acc=0.9075
muon_lr=0.047 muon_momentum=0.6 bias_lr=4.6 head_lr=170 -> tta_val_acc=0.9068
muon_lr=0.047 muon_momentum=0.6 bias_lr=4.6 head_lr=280 -> tta_val_acc=0.9081
muon_lr=0.047 muon_momentum=0.6 bias_lr=4.6 head_lr=460 -> tta_val_acc=0.9082
muon_lr=0.047 muon_momentum=0.6 bias_lr=4.6 head_lr=770 -> tta_val_acc=0.9077
muon_lr=0.047 muon_momentum=0.6 bias_lr=4.6 head_lr=1300 -> tta_val_acc=0.907
muon_lr=0.047 muon_momentum=0.6 bias_lr=4.6 head_lr=2100 -> tta_val_acc=0.9069
muon_lr=0.047 muon_momentum=0.6 bias_lr=4.6 head_lr=3500 -> tta_val_acc=0.9072
muon_lr=0.047 muon_momentum=0.6 bias_lr=4.6 head_lr=5900 -> tta_val_acc=0.8921
muon_lr=0.047 muon_momentum=0.6 bias_lr=4.6 head_lr=9800 -> tta_val_acc=0.8813
muon_lr=0.047 muon_momentum=0.6 bias_lr=4.6 head_lr=16000 -> tta_val_acc=0.8745
muon_lr=0.047 muon_momentum=0.6 bias_lr=4.6 head_lr=27000 -> tta_val_acc=0.7926
search_path step=0 muon_lr=0.047 muon_momentum=0.6 bias_lr=4.6 head_lr=36 tta_val_acc=0.9072
search_path step=1 muon_lr=0.047 muon_momentum=0.6 bias_lr=4.6 head_lr=21 tta_val_acc=0.9095
main hparams: muon_lr=0.13 muon_momentum=0.6 bias_lr=36 head_lr=1300 main=0.838, best_cooldown=0.908
muon_lr=0.047 muon_momentum=0.6 bias_lr=4.6 head_lr=36 -> tta_val_acc=0.9053
muon_lr=0.047 muon_momentum=0.6 bias_lr=4.6 head_lr=1 -> tta_val_acc=0.9072
muon_lr=0.047 muon_momentum=0.6 bias_lr=4.6 head_lr=1.7 -> tta_val_acc=0.9051
muon_lr=0.047 muon_momentum=0.6 bias_lr=4.6 head_lr=2.8 -> tta_val_acc=0.9061
muon_lr=0.047 muon_momentum=0.6 bias_lr=4.6 head_lr=4.6 -> tta_val_acc=0.9079
muon_lr=0.047 muon_momentum=0.6 bias_lr=4.6 head_lr=7.7 -> tta_val_acc=0.9056
muon_lr=0.047 muon_momentum=0.6 bias_lr=4.6 head_lr=13 -> tta_val_acc=0.9066
muon_lr=0.047 muon_momentum=0.6 bias_lr=4.6 head_lr=21 -> tta_val_acc=0.9061
muon_lr=0.047 muon_momentum=0.6 bias_lr=4.6 head_lr=60 -> tta_val_acc=0.9066
muon_lr=0.047 muon_momentum=0.6 bias_lr=4.6 head_lr=99 -> tta_val_acc=0.9051
muon_lr=0.047 muon_momentum=0.6 bias_lr=4.6 head_lr=170 -> tta_val_acc=0.9066
muon_lr=0.047 muon_momentum=0.6 bias_lr=4.6 head_lr=280 -> tta_val_acc=0.908
muon_lr=0.047 muon_momentum=0.6 bias_lr=4.6 head_lr=460 -> tta_val_acc=0.9067
muon_lr=0.047 muon_momentum=0.6 bias_lr=4.6 head_lr=770 -> tta_val_acc=0.9062
muon_lr=0.047 muon_momentum=0.6 bias_lr=4.6 head_lr=1300 -> tta_val_acc=0.9067
muon_lr=0.047 muon_momentum=0.6 bias_lr=4.6 head_lr=2100 -> tta_val_acc=0.9059
muon_lr=0.047 muon_momentum=0.6 bias_lr=4.6 head_lr=3500 -> tta_val_acc=0.904
muon_lr=0.047 muon_momentum=0.6 bias_lr=4.6 head_lr=5900 -> tta_val_acc=0.9042
muon_lr=0.047 muon_momentum=0.6 bias_lr=4.6 head_lr=9800 -> tta_val_acc=0.8947
muon_lr=0.047 muon_momentum=0.6 bias_lr=4.6 head_lr=16000 -> tta_val_acc=0.8814
muon_lr=0.047 muon_momentum=0.6 bias_lr=4.6 head_lr=27000 -> tta_val_acc=0.8733
search_path step=0 muon_lr=0.047 muon_momentum=0.6 bias_lr=4.6 head_lr=36 tta_val_acc=0.9053
search_path step=1 muon_lr=0.047 muon_momentum=0.6 bias_lr=4.6 head_lr=280 tta_val_acc=0.908
main hparams: muon_lr=0.13 muon_momentum=0.6 bias_lr=36 head_lr=2100 main=0.8419, best_cooldown=0.9089
muon_lr=0.047 muon_momentum=0.6 bias_lr=4.6 head_lr=36 -> tta_val_acc=0.9073
muon_lr=0.047 muon_momentum=0.6 bias_lr=4.6 head_lr=1 -> tta_val_acc=0.907
muon_lr=0.047 muon_momentum=0.6 bias_lr=4.6 head_lr=1.7 -> tta_val_acc=0.9075
muon_lr=0.047 muon_momentum=0.6 bias_lr=4.6 head_lr=2.8 -> tta_val_acc=0.9068
muon_lr=0.047 muon_momentum=0.6 bias_lr=4.6 head_lr=4.6 -> tta_val_acc=0.907
muon_lr=0.047 muon_momentum=0.6 bias_lr=4.6 head_lr=7.7 -> tta_val_acc=0.9083
muon_lr=0.047 muon_momentum=0.6 bias_lr=4.6 head_lr=13 -> tta_val_acc=0.9072
muon_lr=0.047 muon_momentum=0.6 bias_lr=4.6 head_lr=21 -> tta_val_acc=0.9076
muon_lr=0.047 muon_momentum=0.6 bias_lr=4.6 head_lr=60 -> tta_val_acc=0.9075
muon_lr=0.047 muon_momentum=0.6 bias_lr=4.6 head_lr=99 -> tta_val_acc=0.9067
muon_lr=0.047 muon_momentum=0.6 bias_lr=4.6 head_lr=170 -> tta_val_acc=0.9071
muon_lr=0.047 muon_momentum=0.6 bias_lr=4.6 head_lr=280 -> tta_val_acc=0.9069
muon_lr=0.047 muon_momentum=0.6 bias_lr=4.6 head_lr=460 -> tta_val_acc=0.9084
muon_lr=0.047 muon_momentum=0.6 bias_lr=4.6 head_lr=770 -> tta_val_acc=0.9071
muon_lr=0.047 muon_momentum=0.6 bias_lr=4.6 head_lr=1300 -> tta_val_acc=0.9075
muon_lr=0.047 muon_momentum=0.6 bias_lr=4.6 head_lr=2100 -> tta_val_acc=0.9089
muon_lr=0.047 muon_momentum=0.6 bias_lr=4.6 head_lr=3500 -> tta_val_acc=0.907
muon_lr=0.047 muon_momentum=0.6 bias_lr=4.6 head_lr=5900 -> tta_val_acc=0.9048
muon_lr=0.047 muon_momentum=0.6 bias_lr=4.6 head_lr=9800 -> tta_val_acc=0.9058
muon_lr=0.047 muon_momentum=0.6 bias_lr=4.6 head_lr=16000 -> tta_val_acc=0.8913
muon_lr=0.047 muon_momentum=0.6 bias_lr=4.6 head_lr=27000 -> tta_val_acc=0.874
search_path step=0 muon_lr=0.047 muon_momentum=0.6 bias_lr=4.6 head_lr=36 tta_val_acc=0.9073
search_path step=1 muon_lr=0.047 muon_momentum=0.6 bias_lr=4.6 head_lr=2100 tta_val_acc=0.9089
main hparams: muon_lr=0.13 muon_momentum=0.6 bias_lr=36 head_lr=3500 main=0.8079, best_cooldown=0.9001
muon_lr=0.047 muon_momentum=0.6 bias_lr=4.6 head_lr=36 -> tta_val_acc=0.8987
muon_lr=0.047 muon_momentum=0.6 bias_lr=4.6 head_lr=1 -> tta_val_acc=0.8981
muon_lr=0.047 muon_momentum=0.6 bias_lr=4.6 head_lr=1.7 -> tta_val_acc=0.8974
muon_lr=0.047 muon_momentum=0.6 bias_lr=4.6 head_lr=2.8 -> tta_val_acc=0.8975
muon_lr=0.047 muon_momentum=0.6 bias_lr=4.6 head_lr=4.6 -> tta_val_acc=0.8966
muon_lr=0.047 muon_momentum=0.6 bias_lr=4.6 head_lr=7.7 -> tta_val_acc=0.8983
muon_lr=0.047 muon_momentum=0.6 bias_lr=4.6 head_lr=13 -> tta_val_acc=0.8985
muon_lr=0.047 muon_momentum=0.6 bias_lr=4.6 head_lr=21 -> tta_val_acc=0.8981
muon_lr=0.047 muon_momentum=0.6 bias_lr=4.6 head_lr=60 -> tta_val_acc=0.897
muon_lr=0.047 muon_momentum=0.6 bias_lr=4.6 head_lr=99 -> tta_val_acc=0.8984
muon_lr=0.047 muon_momentum=0.6 bias_lr=4.6 head_lr=170 -> tta_val_acc=0.8982
muon_lr=0.047 muon_momentum=0.6 bias_lr=4.6 head_lr=280 -> tta_val_acc=0.8989
muon_lr=0.047 muon_momentum=0.6 bias_lr=4.6 head_lr=460 -> tta_val_acc=0.8994
muon_lr=0.047 muon_momentum=0.6 bias_lr=4.6 head_lr=770 -> tta_val_acc=0.899
muon_lr=0.047 muon_momentum=0.6 bias_lr=4.6 head_lr=1300 -> tta_val_acc=0.899
muon_lr=0.047 muon_momentum=0.6 bias_lr=4.6 head_lr=2100 -> tta_val_acc=0.9001
muon_lr=0.047 muon_momentum=0.6 bias_lr=4.6 head_lr=3500 -> tta_val_acc=0.8991
muon_lr=0.047 muon_momentum=0.6 bias_lr=4.6 head_lr=5900 -> tta_val_acc=0.8996
muon_lr=0.047 muon_momentum=0.6 bias_lr=4.6 head_lr=9800 -> tta_val_acc=0.899
muon_lr=0.047 muon_momentum=0.6 bias_lr=4.6 head_lr=16000 -> tta_val_acc=0.8968
muon_lr=0.047 muon_momentum=0.6 bias_lr=4.6 head_lr=27000 -> tta_val_acc=0.8961
search_path step=0 muon_lr=0.047 muon_momentum=0.6 bias_lr=4.6 head_lr=36 tta_val_acc=0.8987
search_path step=1 muon_lr=0.047 muon_momentum=0.6 bias_lr=4.6 head_lr=2100 tta_val_acc=0.9001
main hparams: muon_lr=0.13 muon_momentum=0.6 bias_lr=36 head_lr=5900 main=0.7709, best_cooldown=0.883
muon_lr=0.047 muon_momentum=0.6 bias_lr=4.6 head_lr=36 -> tta_val_acc=0.8817
muon_lr=0.047 muon_momentum=0.6 bias_lr=4.6 head_lr=1 -> tta_val_acc=0.8813
muon_lr=0.047 muon_momentum=0.6 bias_lr=4.6 head_lr=1.7 -> tta_val_acc=0.8822
muon_lr=0.047 muon_momentum=0.6 bias_lr=4.6 head_lr=2.8 -> tta_val_acc=0.8824
muon_lr=0.047 muon_momentum=0.6 bias_lr=4.6 head_lr=4.6 -> tta_val_acc=0.8812
muon_lr=0.047 muon_momentum=0.6 bias_lr=4.6 head_lr=7.7 -> tta_val_acc=0.8813
muon_lr=0.047 muon_momentum=0.6 bias_lr=4.6 head_lr=13 -> tta_val_acc=0.8826
muon_lr=0.047 muon_momentum=0.6 bias_lr=4.6 head_lr=21 -> tta_val_acc=0.8802
muon_lr=0.047 muon_momentum=0.6 bias_lr=4.6 head_lr=60 -> tta_val_acc=0.8815
muon_lr=0.047 muon_momentum=0.6 bias_lr=4.6 head_lr=99 -> tta_val_acc=0.8823
muon_lr=0.047 muon_momentum=0.6 bias_lr=4.6 head_lr=170 -> tta_val_acc=0.8813
muon_lr=0.047 muon_momentum=0.6 bias_lr=4.6 head_lr=280 -> tta_val_acc=0.8816
muon_lr=0.047 muon_momentum=0.6 bias_lr=4.6 head_lr=460 -> tta_val_acc=0.882
muon_lr=0.047 muon_momentum=0.6 bias_lr=4.6 head_lr=770 -> tta_val_acc=0.881
muon_lr=0.047 muon_momentum=0.6 bias_lr=4.6 head_lr=1300 -> tta_val_acc=0.8825
muon_lr=0.047 muon_momentum=0.6 bias_lr=4.6 head_lr=2100 -> tta_val_acc=0.882
muon_lr=0.047 muon_momentum=0.6 bias_lr=4.6 head_lr=3500 -> tta_val_acc=0.8823
muon_lr=0.047 muon_momentum=0.6 bias_lr=4.6 head_lr=5900 -> tta_val_acc=0.8818
muon_lr=0.047 muon_momentum=0.6 bias_lr=4.6 head_lr=9800 -> tta_val_acc=0.883
muon_lr=0.047 muon_momentum=0.6 bias_lr=4.6 head_lr=16000 -> tta_val_acc=0.8821
muon_lr=0.047 muon_momentum=0.6 bias_lr=4.6 head_lr=27000 -> tta_val_acc=0.882
search_path step=0 muon_lr=0.047 muon_momentum=0.6 bias_lr=4.6 head_lr=36 tta_val_acc=0.8817
search_path step=1 muon_lr=0.047 muon_momentum=0.6 bias_lr=4.6 head_lr=9800 tta_val_acc=0.883
main hparams: muon_lr=0.13 muon_momentum=0.6 bias_lr=36 head_lr=9800 main=0.4526, best_cooldown=0.7912
muon_lr=0.047 muon_momentum=0.6 bias_lr=4.6 head_lr=36 -> tta_val_acc=0.7
muon_lr=0.047 muon_momentum=0.6 bias_lr=4.6 head_lr=1 -> tta_val_acc=0.6958
muon_lr=0.047 muon_momentum=0.6 bias_lr=4.6 head_lr=1.7 -> tta_val_acc=0.6951
muon_lr=0.047 muon_momentum=0.6 bias_lr=4.6 head_lr=2.8 -> tta_val_acc=0.6957
muon_lr=0.047 muon_momentum=0.6 bias_lr=4.6 head_lr=4.6 -> tta_val_acc=0.695
muon_lr=0.047 muon_momentum=0.6 bias_lr=4.6 head_lr=7.7 -> tta_val_acc=0.6959
muon_lr=0.047 muon_momentum=0.6 bias_lr=4.6 head_lr=13 -> tta_val_acc=0.6999
muon_lr=0.047 muon_momentum=0.6 bias_lr=4.6 head_lr=21 -> tta_val_acc=0.6978
muon_lr=0.047 muon_momentum=0.6 bias_lr=4.6 head_lr=60 -> tta_val_acc=0.7016
muon_lr=0.047 muon_momentum=0.6 bias_lr=4.6 head_lr=99 -> tta_val_acc=0.7035
muon_lr=0.047 muon_momentum=0.6 bias_lr=4.6 head_lr=170 -> tta_val_acc=0.7055
muon_lr=0.047 muon_momentum=0.6 bias_lr=4.6 head_lr=280 -> tta_val_acc=0.7071
muon_lr=0.047 muon_momentum=0.6 bias_lr=4.6 head_lr=460 -> tta_val_acc=0.7086
muon_lr=0.047 muon_momentum=0.6 bias_lr=4.6 head_lr=770 -> tta_val_acc=0.7103
muon_lr=0.047 muon_momentum=0.6 bias_lr=4.6 head_lr=1300 -> tta_val_acc=0.7306
muon_lr=0.047 muon_momentum=0.6 bias_lr=4.6 head_lr=2100 -> tta_val_acc=0.7755
muon_lr=0.047 muon_momentum=0.6 bias_lr=4.6 head_lr=3500 -> tta_val_acc=0.7879
muon_lr=0.047 muon_momentum=0.6 bias_lr=4.6 head_lr=5900 -> tta_val_acc=0.7907
muon_lr=0.047 muon_momentum=0.6 bias_lr=4.6 head_lr=9800 -> tta_val_acc=0.7897
muon_lr=0.047 muon_momentum=0.6 bias_lr=4.6 head_lr=16000 -> tta_val_acc=0.7898
muon_lr=0.047 muon_momentum=0.6 bias_lr=4.6 head_lr=27000 -> tta_val_acc=0.7912
search_path step=0 muon_lr=0.047 muon_momentum=0.6 bias_lr=4.6 head_lr=36 tta_val_acc=0.7
search_path step=1 muon_lr=0.047 muon_momentum=0.6 bias_lr=4.6 head_lr=27000 tta_val_acc=0.7912
main hparams: muon_lr=0.13 muon_momentum=0.6 bias_lr=36 head_lr=16000 main=0.114, best_cooldown=0.1731
muon_lr=0.047 muon_momentum=0.6 bias_lr=4.6 head_lr=36 -> tta_val_acc=0.1543
muon_lr=0.047 muon_momentum=0.6 bias_lr=4.6 head_lr=1 -> tta_val_acc=0.1526
muon_lr=0.047 muon_momentum=0.6 bias_lr=4.6 head_lr=1.7 -> tta_val_acc=0.1533
muon_lr=0.047 muon_momentum=0.6 bias_lr=4.6 head_lr=2.8 -> tta_val_acc=0.1544
muon_lr=0.047 muon_momentum=0.6 bias_lr=4.6 head_lr=4.6 -> tta_val_acc=0.1543
muon_lr=0.047 muon_momentum=0.6 bias_lr=4.6 head_lr=7.7 -> tta_val_acc=0.1539
muon_lr=0.047 muon_momentum=0.6 bias_lr=4.6 head_lr=13 -> tta_val_acc=0.1547
muon_lr=0.047 muon_momentum=0.6 bias_lr=4.6 head_lr=21 -> tta_val_acc=0.1543
muon_lr=0.047 muon_momentum=0.6 bias_lr=4.6 head_lr=60 -> tta_val_acc=0.1544
muon_lr=0.047 muon_momentum=0.6 bias_lr=4.6 head_lr=99 -> tta_val_acc=0.1551
muon_lr=0.047 muon_momentum=0.6 bias_lr=4.6 head_lr=170 -> tta_val_acc=0.1535
muon_lr=0.047 muon_momentum=0.6 bias_lr=4.6 head_lr=280 -> tta_val_acc=0.1549
muon_lr=0.047 muon_momentum=0.6 bias_lr=4.6 head_lr=460 -> tta_val_acc=0.1556
muon_lr=0.047 muon_momentum=0.6 bias_lr=4.6 head_lr=770 -> tta_val_acc=0.1548
muon_lr=0.047 muon_momentum=0.6 bias_lr=4.6 head_lr=1300 -> tta_val_acc=0.1596
muon_lr=0.047 muon_momentum=0.6 bias_lr=4.6 head_lr=2100 -> tta_val_acc=0.1597
muon_lr=0.047 muon_momentum=0.6 bias_lr=4.6 head_lr=3500 -> tta_val_acc=0.16
muon_lr=0.047 muon_momentum=0.6 bias_lr=4.6 head_lr=5900 -> tta_val_acc=0.1642
muon_lr=0.047 muon_momentum=0.6 bias_lr=4.6 head_lr=9800 -> tta_val_acc=0.171
muon_lr=0.047 muon_momentum=0.6 bias_lr=4.6 head_lr=16000 -> tta_val_acc=0.1731
muon_lr=0.047 muon_momentum=0.6 bias_lr=4.6 head_lr=27000 -> tta_val_acc=0.1728
search_path step=0 muon_lr=0.047 muon_momentum=0.6 bias_lr=4.6 head_lr=36 tta_val_acc=0.1543
search_path step=1 muon_lr=0.047 muon_momentum=0.6 bias_lr=4.6 head_lr=16000 tta_val_acc=0.1731
main hparams: muon_lr=0.13 muon_momentum=0.6 bias_lr=36 head_lr=27000 main=0.1, best_cooldown=0.1
muon_lr=0.047 muon_momentum=0.6 bias_lr=4.6 head_lr=36 -> tta_val_acc=0.1
muon_lr=0.047 muon_momentum=0.6 bias_lr=4.6 head_lr=1 -> tta_val_acc=0.1
muon_lr=0.047 muon_momentum=0.6 bias_lr=4.6 head_lr=1.7 -> tta_val_acc=0.1
muon_lr=0.047 muon_momentum=0.6 bias_lr=4.6 head_lr=2.8 -> tta_val_acc=0.1
muon_lr=0.047 muon_momentum=0.6 bias_lr=4.6 head_lr=4.6 -> tta_val_acc=0.1
muon_lr=0.047 muon_momentum=0.6 bias_lr=4.6 head_lr=7.7 -> tta_val_acc=0.1
muon_lr=0.047 muon_momentum=0.6 bias_lr=4.6 head_lr=13 -> tta_val_acc=0.1
muon_lr=0.047 muon_momentum=0.6 bias_lr=4.6 head_lr=21 -> tta_val_acc=0.1
muon_lr=0.047 muon_momentum=0.6 bias_lr=4.6 head_lr=60 -> tta_val_acc=0.1
muon_lr=0.047 muon_momentum=0.6 bias_lr=4.6 head_lr=99 -> tta_val_acc=0.1
muon_lr=0.047 muon_momentum=0.6 bias_lr=4.6 head_lr=170 -> tta_val_acc=0.1
muon_lr=0.047 muon_momentum=0.6 bias_lr=4.6 head_lr=280 -> tta_val_acc=0.1
muon_lr=0.047 muon_momentum=0.6 bias_lr=4.6 head_lr=460 -> tta_val_acc=0.1
muon_lr=0.047 muon_momentum=0.6 bias_lr=4.6 head_lr=770 -> tta_val_acc=0.1
muon_lr=0.047 muon_momentum=0.6 bias_lr=4.6 head_lr=1300 -> tta_val_acc=0.1
muon_lr=0.047 muon_momentum=0.6 bias_lr=4.6 head_lr=2100 -> tta_val_acc=0.1
muon_lr=0.047 muon_momentum=0.6 bias_lr=4.6 head_lr=3500 -> tta_val_acc=0.1
muon_lr=0.047 muon_momentum=0.6 bias_lr=4.6 head_lr=5900 -> tta_val_acc=0.1
muon_lr=0.047 muon_momentum=0.6 bias_lr=4.6 head_lr=9800 -> tta_val_acc=0.1
muon_lr=0.047 muon_momentum=0.6 bias_lr=4.6 head_lr=16000 -> tta_val_acc=0.1
muon_lr=0.047 muon_momentum=0.6 bias_lr=4.6 head_lr=27000 -> tta_val_acc=0.1
search_path step=0 muon_lr=0.047 muon_momentum=0.6 bias_lr=4.6 head_lr=36 tta_val_acc=0.1
search_path step=1 muon_lr=0.047 muon_momentum=0.6 bias_lr=4.6 head_lr=1 tta_val_acc=0.1
main hparams: muon_lr=0.078 muon_momentum=0.6 bias_lr=36 head_lr=770 main=0.8443, best_cooldown=0.9019
muon_lr=0.047 muon_momentum=0.6 bias_lr=4.6 head_lr=21 -> tta_val_acc=0.9014
muon_lr=0.028 muon_momentum=0.6 bias_lr=4.6 head_lr=21 -> tta_val_acc=0.9019
muon_lr=0.017 muon_momentum=0.6 bias_lr=4.6 head_lr=21 -> tta_val_acc=0.8983
search_path step=0 muon_lr=0.047 muon_momentum=0.6 bias_lr=4.6 head_lr=21 tta_val_acc=0.9014
search_path step=1 muon_lr=0.028 muon_momentum=0.6 bias_lr=4.6 head_lr=21 tta_val_acc=0.9019
main hparams: muon_lr=0.22 muon_momentum=0.6 bias_lr=36 head_lr=770 main=0.8038, best_cooldown=0.9077
muon_lr=0.047 muon_momentum=0.6 bias_lr=4.6 head_lr=21 -> tta_val_acc=0.9077
muon_lr=0.028 muon_momentum=0.6 bias_lr=4.6 head_lr=21 -> tta_val_acc=0.9055
muon_lr=0.078 muon_momentum=0.6 bias_lr=4.6 head_lr=21 -> tta_val_acc=0.8977
search_path step=0 muon_lr=0.047 muon_momentum=0.6 bias_lr=4.6 head_lr=21 tta_val_acc=0.9077
main hparams: muon_lr=0.13 muon_momentum=0.5 bias_lr=36 head_lr=770 main=0.8446, best_cooldown=0.9083
muon_lr=0.047 muon_momentum=0.5 bias_lr=4.6 head_lr=21 -> tta_val_acc=0.9083
muon_lr=0.028 muon_momentum=0.5 bias_lr=4.6 head_lr=21 -> tta_val_acc=0.9048
muon_lr=0.078 muon_momentum=0.5 bias_lr=4.6 head_lr=21 -> tta_val_acc=0.8994
search_path step=0 muon_lr=0.047 muon_momentum=0.5 bias_lr=4.6 head_lr=21 tta_val_acc=0.9083
main hparams: muon_lr=0.13 muon_momentum=0.7 bias_lr=36 head_lr=770 main=0.8389, best_cooldown=0.9055
muon_lr=0.047 muon_momentum=0.7 bias_lr=4.6 head_lr=21 -> tta_val_acc=0.9052
muon_lr=0.028 muon_momentum=0.7 bias_lr=4.6 head_lr=21 -> tta_val_acc=0.9055
muon_lr=0.017 muon_momentum=0.7 bias_lr=4.6 head_lr=21 -> tta_val_acc=0.9055
muon_lr=0.01 muon_momentum=0.7 bias_lr=4.6 head_lr=21 -> tta_val_acc=0.8982
search_path step=0 muon_lr=0.047 muon_momentum=0.7 bias_lr=4.6 head_lr=21 tta_val_acc=0.9052
search_path step=1 muon_lr=0.028 muon_momentum=0.7 bias_lr=4.6 head_lr=21 tta_val_acc=0.9055
main hparams: muon_lr=0.13 muon_momentum=0.6 bias_lr=1 head_lr=770 main=0.8404, best_cooldown=0.9046
muon_lr=0.047 muon_momentum=0.6 bias_lr=4.6 head_lr=21 -> tta_val_acc=0.9036
muon_lr=0.047 muon_momentum=0.6 bias_lr=1 head_lr=21 -> tta_val_acc=0.9046
muon_lr=0.047 muon_momentum=0.6 bias_lr=1.7 head_lr=21 -> tta_val_acc=0.9044
muon_lr=0.047 muon_momentum=0.6 bias_lr=2.8 head_lr=21 -> tta_val_acc=0.9041
muon_lr=0.047 muon_momentum=0.6 bias_lr=7.7 head_lr=21 -> tta_val_acc=0.9037
muon_lr=0.047 muon_momentum=0.6 bias_lr=13 head_lr=21 -> tta_val_acc=0.9044
muon_lr=0.047 muon_momentum=0.6 bias_lr=21 head_lr=21 -> tta_val_acc=0.9034
muon_lr=0.047 muon_momentum=0.6 bias_lr=36 head_lr=21 -> tta_val_acc=0.903
muon_lr=0.047 muon_momentum=0.6 bias_lr=60 head_lr=21 -> tta_val_acc=0.902
muon_lr=0.047 muon_momentum=0.6 bias_lr=99 head_lr=21 -> tta_val_acc=0.8978
muon_lr=0.047 muon_momentum=0.6 bias_lr=170 head_lr=21 -> tta_val_acc=0.8779
muon_lr=0.047 muon_momentum=0.6 bias_lr=280 head_lr=21 -> tta_val_acc=0.8265
muon_lr=0.047 muon_momentum=0.6 bias_lr=460 head_lr=21 -> tta_val_acc=0.6966
muon_lr=0.047 muon_momentum=0.6 bias_lr=770 head_lr=21 -> tta_val_acc=0.1085
muon_lr=0.047 muon_momentum=0.6 bias_lr=1300 head_lr=21 -> tta_val_acc=0.1
muon_lr=0.047 muon_momentum=0.6 bias_lr=2100 head_lr=21 -> tta_val_acc=0.1
muon_lr=0.047 muon_momentum=0.6 bias_lr=3500 head_lr=21 -> tta_val_acc=0.1
muon_lr=0.047 muon_momentum=0.6 bias_lr=5900 head_lr=21 -> tta_val_acc=0.1
muon_lr=0.047 muon_momentum=0.6 bias_lr=9800 head_lr=21 -> tta_val_acc=0.1
muon_lr=0.047 muon_momentum=0.6 bias_lr=16000 head_lr=21 -> tta_val_acc=0.1
muon_lr=0.047 muon_momentum=0.6 bias_lr=27000 head_lr=21 -> tta_val_acc=0.1
search_path step=0 muon_lr=0.047 muon_momentum=0.6 bias_lr=4.6 head_lr=21 tta_val_acc=0.9036
search_path step=1 muon_lr=0.047 muon_momentum=0.6 bias_lr=1 head_lr=21 tta_val_acc=0.9046
main hparams: muon_lr=0.13 muon_momentum=0.6 bias_lr=1.7 head_lr=770 main=0.843, best_cooldown=0.9069
muon_lr=0.047 muon_momentum=0.6 bias_lr=4.6 head_lr=21 -> tta_val_acc=0.906
muon_lr=0.047 muon_momentum=0.6 bias_lr=1 head_lr=21 -> tta_val_acc=0.9054
muon_lr=0.047 muon_momentum=0.6 bias_lr=1.7 head_lr=21 -> tta_val_acc=0.9045
muon_lr=0.047 muon_momentum=0.6 bias_lr=2.8 head_lr=21 -> tta_val_acc=0.9037
muon_lr=0.047 muon_momentum=0.6 bias_lr=7.7 head_lr=21 -> tta_val_acc=0.9061
muon_lr=0.047 muon_momentum=0.6 bias_lr=13 head_lr=21 -> tta_val_acc=0.9061
muon_lr=0.047 muon_momentum=0.6 bias_lr=21 head_lr=21 -> tta_val_acc=0.9069
muon_lr=0.047 muon_momentum=0.6 bias_lr=36 head_lr=21 -> tta_val_acc=0.9058
muon_lr=0.047 muon_momentum=0.6 bias_lr=60 head_lr=21 -> tta_val_acc=0.9051
muon_lr=0.047 muon_momentum=0.6 bias_lr=99 head_lr=21 -> tta_val_acc=0.8994
muon_lr=0.047 muon_momentum=0.6 bias_lr=170 head_lr=21 -> tta_val_acc=0.8772
muon_lr=0.047 muon_momentum=0.6 bias_lr=280 head_lr=21 -> tta_val_acc=0.8651
muon_lr=0.047 muon_momentum=0.6 bias_lr=460 head_lr=21 -> tta_val_acc=0.6514
muon_lr=0.047 muon_momentum=0.6 bias_lr=770 head_lr=21 -> tta_val_acc=0.1
muon_lr=0.047 muon_momentum=0.6 bias_lr=1300 head_lr=21 -> tta_val_acc=0.1
muon_lr=0.047 muon_momentum=0.6 bias_lr=2100 head_lr=21 -> tta_val_acc=0.1
muon_lr=0.047 muon_momentum=0.6 bias_lr=3500 head_lr=21 -> tta_val_acc=0.1
muon_lr=0.047 muon_momentum=0.6 bias_lr=5900 head_lr=21 -> tta_val_acc=0.1
muon_lr=0.047 muon_momentum=0.6 bias_lr=9800 head_lr=21 -> tta_val_acc=0.1
muon_lr=0.047 muon_momentum=0.6 bias_lr=16000 head_lr=21 -> tta_val_acc=0.1
muon_lr=0.047 muon_momentum=0.6 bias_lr=27000 head_lr=21 -> tta_val_acc=0.1
search_path step=0 muon_lr=0.047 muon_momentum=0.6 bias_lr=4.6 head_lr=21 tta_val_acc=0.906
search_path step=1 muon_lr=0.047 muon_momentum=0.6 bias_lr=21 head_lr=21 tta_val_acc=0.9069
main hparams: muon_lr=0.13 muon_momentum=0.6 bias_lr=2.8 head_lr=770 main=0.8416, best_cooldown=0.9062
muon_lr=0.047 muon_momentum=0.6 bias_lr=4.6 head_lr=21 -> tta_val_acc=0.9055
muon_lr=0.047 muon_momentum=0.6 bias_lr=1 head_lr=21 -> tta_val_acc=0.9054
muon_lr=0.047 muon_momentum=0.6 bias_lr=1.7 head_lr=21 -> tta_val_acc=0.9055
muon_lr=0.047 muon_momentum=0.6 bias_lr=2.8 head_lr=21 -> tta_val_acc=0.9042
muon_lr=0.047 muon_momentum=0.6 bias_lr=7.7 head_lr=21 -> tta_val_acc=0.9062
muon_lr=0.047 muon_momentum=0.6 bias_lr=13 head_lr=21 -> tta_val_acc=0.9034
muon_lr=0.047 muon_momentum=0.6 bias_lr=21 head_lr=21 -> tta_val_acc=0.9052
muon_lr=0.047 muon_momentum=0.6 bias_lr=36 head_lr=21 -> tta_val_acc=0.9047
muon_lr=0.047 muon_momentum=0.6 bias_lr=60 head_lr=21 -> tta_val_acc=0.9039
muon_lr=0.047 muon_momentum=0.6 bias_lr=99 head_lr=21 -> tta_val_acc=0.901
muon_lr=0.047 muon_momentum=0.6 bias_lr=170 head_lr=21 -> tta_val_acc=0.8768
muon_lr=0.047 muon_momentum=0.6 bias_lr=280 head_lr=21 -> tta_val_acc=0.8097
muon_lr=0.047 muon_momentum=0.6 bias_lr=460 head_lr=21 -> tta_val_acc=0.7171
muon_lr=0.047 muon_momentum=0.6 bias_lr=770 head_lr=21 -> tta_val_acc=0.1
muon_lr=0.047 muon_momentum=0.6 bias_lr=1300 head_lr=21 -> tta_val_acc=0.1
muon_lr=0.047 muon_momentum=0.6 bias_lr=2100 head_lr=21 -> tta_val_acc=0.1
muon_lr=0.047 muon_momentum=0.6 bias_lr=3500 head_lr=21 -> tta_val_acc=0.1
muon_lr=0.047 muon_momentum=0.6 bias_lr=5900 head_lr=21 -> tta_val_acc=0.1
muon_lr=0.047 muon_momentum=0.6 bias_lr=9800 head_lr=21 -> tta_val_acc=0.1
muon_lr=0.047 muon_momentum=0.6 bias_lr=16000 head_lr=21 -> tta_val_acc=0.1
muon_lr=0.047 muon_momentum=0.6 bias_lr=27000 head_lr=21 -> tta_val_acc=0.1
search_path step=0 muon_lr=0.047 muon_momentum=0.6 bias_lr=4.6 head_lr=21 tta_val_acc=0.9055
search_path step=1 muon_lr=0.047 muon_momentum=0.6 bias_lr=7.7 head_lr=21 tta_val_acc=0.9062
main hparams: muon_lr=0.13 muon_momentum=0.6 bias_lr=4.6 head_lr=770 main=0.8372, best_cooldown=0.908
muon_lr=0.047 muon_momentum=0.6 bias_lr=4.6 head_lr=21 -> tta_val_acc=0.9072
muon_lr=0.047 muon_momentum=0.6 bias_lr=1 head_lr=21 -> tta_val_acc=0.9071
muon_lr=0.047 muon_momentum=0.6 bias_lr=1.7 head_lr=21 -> tta_val_acc=0.9072
muon_lr=0.047 muon_momentum=0.6 bias_lr=2.8 head_lr=21 -> tta_val_acc=0.9068
muon_lr=0.047 muon_momentum=0.6 bias_lr=7.7 head_lr=21 -> tta_val_acc=0.908
muon_lr=0.047 muon_momentum=0.6 bias_lr=13 head_lr=21 -> tta_val_acc=0.9069
muon_lr=0.047 muon_momentum=0.6 bias_lr=21 head_lr=21 -> tta_val_acc=0.9069
muon_lr=0.047 muon_momentum=0.6 bias_lr=36 head_lr=21 -> tta_val_acc=0.9059
muon_lr=0.047 muon_momentum=0.6 bias_lr=60 head_lr=21 -> tta_val_acc=0.9042
muon_lr=0.047 muon_momentum=0.6 bias_lr=99 head_lr=21 -> tta_val_acc=0.9017
muon_lr=0.047 muon_momentum=0.6 bias_lr=170 head_lr=21 -> tta_val_acc=0.8955
muon_lr=0.047 muon_momentum=0.6 bias_lr=280 head_lr=21 -> tta_val_acc=0.8542
muon_lr=0.047 muon_momentum=0.6 bias_lr=460 head_lr=21 -> tta_val_acc=0.7515
muon_lr=0.047 muon_momentum=0.6 bias_lr=770 head_lr=21 -> tta_val_acc=0.1
muon_lr=0.047 muon_momentum=0.6 bias_lr=1300 head_lr=21 -> tta_val_acc=0.1
muon_lr=0.047 muon_momentum=0.6 bias_lr=2100 head_lr=21 -> tta_val_acc=0.1
muon_lr=0.047 muon_momentum=0.6 bias_lr=3500 head_lr=21 -> tta_val_acc=0.1
muon_lr=0.047 muon_momentum=0.6 bias_lr=5900 head_lr=21 -> tta_val_acc=0.1
muon_lr=0.047 muon_momentum=0.6 bias_lr=9800 head_lr=21 -> tta_val_acc=0.1
muon_lr=0.047 muon_momentum=0.6 bias_lr=16000 head_lr=21 -> tta_val_acc=0.1
muon_lr=0.047 muon_momentum=0.6 bias_lr=27000 head_lr=21 -> tta_val_acc=0.1
search_path step=0 muon_lr=0.047 muon_momentum=0.6 bias_lr=4.6 head_lr=21 tta_val_acc=0.9072
search_path step=1 muon_lr=0.047 muon_momentum=0.6 bias_lr=7.7 head_lr=21 tta_val_acc=0.908
main hparams: muon_lr=0.13 muon_momentum=0.6 bias_lr=7.7 head_lr=770 main=0.8414, best_cooldown=0.9096
muon_lr=0.047 muon_momentum=0.6 bias_lr=4.6 head_lr=21 -> tta_val_acc=0.9087
muon_lr=0.047 muon_momentum=0.6 bias_lr=1 head_lr=21 -> tta_val_acc=0.908
muon_lr=0.047 muon_momentum=0.6 bias_lr=1.7 head_lr=21 -> tta_val_acc=0.9093
muon_lr=0.047 muon_momentum=0.6 bias_lr=2.8 head_lr=21 -> tta_val_acc=0.9095
muon_lr=0.047 muon_momentum=0.6 bias_lr=7.7 head_lr=21 -> tta_val_acc=0.9096
muon_lr=0.047 muon_momentum=0.6 bias_lr=13 head_lr=21 -> tta_val_acc=0.9079
muon_lr=0.047 muon_momentum=0.6 bias_lr=21 head_lr=21 -> tta_val_acc=0.9085
muon_lr=0.047 muon_momentum=0.6 bias_lr=36 head_lr=21 -> tta_val_acc=0.9073
muon_lr=0.047 muon_momentum=0.6 bias_lr=60 head_lr=21 -> tta_val_acc=0.9072
muon_lr=0.047 muon_momentum=0.6 bias_lr=99 head_lr=21 -> tta_val_acc=0.9033
muon_lr=0.047 muon_momentum=0.6 bias_lr=170 head_lr=21 -> tta_val_acc=0.8761
muon_lr=0.047 muon_momentum=0.6 bias_lr=280 head_lr=21 -> tta_val_acc=0.8317
muon_lr=0.047 muon_momentum=0.6 bias_lr=460 head_lr=21 -> tta_val_acc=0.6695
muon_lr=0.047 muon_momentum=0.6 bias_lr=770 head_lr=21 -> tta_val_acc=0.0815
muon_lr=0.047 muon_momentum=0.6 bias_lr=1300 head_lr=21 -> tta_val_acc=0.1
muon_lr=0.047 muon_momentum=0.6 bias_lr=2100 head_lr=21 -> tta_val_acc=0.1
muon_lr=0.047 muon_momentum=0.6 bias_lr=3500 head_lr=21 -> tta_val_acc=0.1
muon_lr=0.047 muon_momentum=0.6 bias_lr=5900 head_lr=21 -> tta_val_acc=0.1
muon_lr=0.047 muon_momentum=0.6 bias_lr=9800 head_lr=21 -> tta_val_acc=0.1
muon_lr=0.047 muon_momentum=0.6 bias_lr=16000 head_lr=21 -> tta_val_acc=0.1
muon_lr=0.047 muon_momentum=0.6 bias_lr=27000 head_lr=21 -> tta_val_acc=0.1
search_path step=0 muon_lr=0.047 muon_momentum=0.6 bias_lr=4.6 head_lr=21 tta_val_acc=0.9087
search_path step=1 muon_lr=0.047 muon_momentum=0.6 bias_lr=7.7 head_lr=21 tta_val_acc=0.9096
main hparams: muon_lr=0.13 muon_momentum=0.6 bias_lr=13 head_lr=770 main=0.8451, best_cooldown=0.9086
muon_lr=0.047 muon_momentum=0.6 bias_lr=4.6 head_lr=21 -> tta_val_acc=0.9081
muon_lr=0.047 muon_momentum=0.6 bias_lr=1 head_lr=21 -> tta_val_acc=0.908
muon_lr=0.047 muon_momentum=0.6 bias_lr=1.7 head_lr=21 -> tta_val_acc=0.9072
muon_lr=0.047 muon_momentum=0.6 bias_lr=2.8 head_lr=21 -> tta_val_acc=0.9082
muon_lr=0.047 muon_momentum=0.6 bias_lr=7.7 head_lr=21 -> tta_val_acc=0.9086
muon_lr=0.047 muon_momentum=0.6 bias_lr=13 head_lr=21 -> tta_val_acc=0.9083
muon_lr=0.047 muon_momentum=0.6 bias_lr=21 head_lr=21 -> tta_val_acc=0.9078
muon_lr=0.047 muon_momentum=0.6 bias_lr=36 head_lr=21 -> tta_val_acc=0.9074
muon_lr=0.047 muon_momentum=0.6 bias_lr=60 head_lr=21 -> tta_val_acc=0.9062
muon_lr=0.047 muon_momentum=0.6 bias_lr=99 head_lr=21 -> tta_val_acc=0.9027
muon_lr=0.047 muon_momentum=0.6 bias_lr=170 head_lr=21 -> tta_val_acc=0.8842
muon_lr=0.047 muon_momentum=0.6 bias_lr=280 head_lr=21 -> tta_val_acc=0.8515
muon_lr=0.047 muon_momentum=0.6 bias_lr=460 head_lr=21 -> tta_val_acc=0.7242
muon_lr=0.047 muon_momentum=0.6 bias_lr=770 head_lr=21 -> tta_val_acc=0.1
muon_lr=0.047 muon_momentum=0.6 bias_lr=1300 head_lr=21 -> tta_val_acc=0.1
muon_lr=0.047 muon_momentum=0.6 bias_lr=2100 head_lr=21 -> tta_val_acc=0.1
muon_lr=0.047 muon_momentum=0.6 bias_lr=3500 head_lr=21 -> tta_val_acc=0.1
muon_lr=0.047 muon_momentum=0.6 bias_lr=5900 head_lr=21 -> tta_val_acc=0.1
muon_lr=0.047 muon_momentum=0.6 bias_lr=9800 head_lr=21 -> tta_val_acc=0.1
muon_lr=0.047 muon_momentum=0.6 bias_lr=16000 head_lr=21 -> tta_val_acc=0.1
muon_lr=0.047 muon_momentum=0.6 bias_lr=27000 head_lr=21 -> tta_val_acc=0.1
search_path step=0 muon_lr=0.047 muon_momentum=0.6 bias_lr=4.6 head_lr=21 tta_val_acc=0.9081
search_path step=1 muon_lr=0.047 muon_momentum=0.6 bias_lr=7.7 head_lr=21 tta_val_acc=0.9086
main hparams: muon_lr=0.13 muon_momentum=0.6 bias_lr=21 head_lr=770 main=0.8346, best_cooldown=0.9119
muon_lr=0.047 muon_momentum=0.6 bias_lr=4.6 head_lr=21 -> tta_val_acc=0.9111
muon_lr=0.047 muon_momentum=0.6 bias_lr=1 head_lr=21 -> tta_val_acc=0.9095
muon_lr=0.047 muon_momentum=0.6 bias_lr=1.7 head_lr=21 -> tta_val_acc=0.9096
muon_lr=0.047 muon_momentum=0.6 bias_lr=2.8 head_lr=21 -> tta_val_acc=0.9099
muon_lr=0.047 muon_momentum=0.6 bias_lr=7.7 head_lr=21 -> tta_val_acc=0.909
muon_lr=0.047 muon_momentum=0.6 bias_lr=13 head_lr=21 -> tta_val_acc=0.9104
muon_lr=0.047 muon_momentum=0.6 bias_lr=21 head_lr=21 -> tta_val_acc=0.9119
muon_lr=0.047 muon_momentum=0.6 bias_lr=36 head_lr=21 -> tta_val_acc=0.9096
muon_lr=0.047 muon_momentum=0.6 bias_lr=60 head_lr=21 -> tta_val_acc=0.91
muon_lr=0.047 muon_momentum=0.6 bias_lr=99 head_lr=21 -> tta_val_acc=0.9046
muon_lr=0.047 muon_momentum=0.6 bias_lr=170 head_lr=21 -> tta_val_acc=0.8929
muon_lr=0.047 muon_momentum=0.6 bias_lr=280 head_lr=21 -> tta_val_acc=0.8795
muon_lr=0.047 muon_momentum=0.6 bias_lr=460 head_lr=21 -> tta_val_acc=0.7326
muon_lr=0.047 muon_momentum=0.6 bias_lr=770 head_lr=21 -> tta_val_acc=0.1773
muon_lr=0.047 muon_momentum=0.6 bias_lr=1300 head_lr=21 -> tta_val_acc=0.1
muon_lr=0.047 muon_momentum=0.6 bias_lr=2100 head_lr=21 -> tta_val_acc=0.1
muon_lr=0.047 muon_momentum=0.6 bias_lr=3500 head_lr=21 -> tta_val_acc=0.1
muon_lr=0.047 muon_momentum=0.6 bias_lr=5900 head_lr=21 -> tta_val_acc=0.1
muon_lr=0.047 muon_momentum=0.6 bias_lr=9800 head_lr=21 -> tta_val_acc=0.1
muon_lr=0.047 muon_momentum=0.6 bias_lr=16000 head_lr=21 -> tta_val_acc=0.1
muon_lr=0.047 muon_momentum=0.6 bias_lr=27000 head_lr=21 -> tta_val_acc=0.1
search_path step=0 muon_lr=0.047 muon_momentum=0.6 bias_lr=4.6 head_lr=21 tta_val_acc=0.9111
search_path step=1 muon_lr=0.047 muon_momentum=0.6 bias_lr=21 head_lr=21 tta_val_acc=0.9119
main hparams: muon_lr=0.13 muon_momentum=0.6 bias_lr=36 head_lr=770 main=0.8322, best_cooldown=0.9079
muon_lr=0.047 muon_momentum=0.6 bias_lr=4.6 head_lr=36 -> tta_val_acc=0.9072
muon_lr=0.047 muon_momentum=0.6 bias_lr=4.6 head_lr=1 -> tta_val_acc=0.9082
muon_lr=0.047 muon_momentum=0.6 bias_lr=4.6 head_lr=1.7 -> tta_val_acc=0.9071
muon_lr=0.047 muon_momentum=0.6 bias_lr=4.6 head_lr=2.8 -> tta_val_acc=0.9072
muon_lr=0.047 muon_momentum=0.6 bias_lr=4.6 head_lr=4.6 -> tta_val_acc=0.9076
muon_lr=0.047 muon_momentum=0.6 bias_lr=4.6 head_lr=7.7 -> tta_val_acc=0.908
muon_lr=0.047 muon_momentum=0.6 bias_lr=4.6 head_lr=13 -> tta_val_acc=0.908
muon_lr=0.047 muon_momentum=0.6 bias_lr=4.6 head_lr=21 -> tta_val_acc=0.9095
muon_lr=0.047 muon_momentum=0.6 bias_lr=4.6 head_lr=60 -> tta_val_acc=0.9079
muon_lr=0.047 muon_momentum=0.6 bias_lr=4.6 head_lr=99 -> tta_val_acc=0.9075
muon_lr=0.047 muon_momentum=0.6 bias_lr=4.6 head_lr=170 -> tta_val_acc=0.9068
muon_lr=0.047 muon_momentum=0.6 bias_lr=4.6 head_lr=280 -> tta_val_acc=0.9081
muon_lr=0.047 muon_momentum=0.6 bias_lr=4.6 head_lr=460 -> tta_val_acc=0.9082
muon_lr=0.047 muon_momentum=0.6 bias_lr=4.6 head_lr=770 -> tta_val_acc=0.9077
muon_lr=0.047 muon_momentum=0.6 bias_lr=4.6 head_lr=1300 -> tta_val_acc=0.907
muon_lr=0.047 muon_momentum=0.6 bias_lr=4.6 head_lr=2100 -> tta_val_acc=0.9069
muon_lr=0.047 muon_momentum=0.6 bias_lr=4.6 head_lr=3500 -> tta_val_acc=0.9072
muon_lr=0.047 muon_momentum=0.6 bias_lr=4.6 head_lr=5900 -> tta_val_acc=0.8921
muon_lr=0.047 muon_momentum=0.6 bias_lr=4.6 head_lr=9800 -> tta_val_acc=0.8813
muon_lr=0.047 muon_momentum=0.6 bias_lr=4.6 head_lr=16000 -> tta_val_acc=0.8745
muon_lr=0.047 muon_momentum=0.6 bias_lr=4.6 head_lr=27000 -> tta_val_acc=0.7926
muon_lr=0.047 muon_momentum=0.6 bias_lr=1 head_lr=21 -> tta_val_acc=0.9077
muon_lr=0.047 muon_momentum=0.6 bias_lr=1.7 head_lr=21 -> tta_val_acc=0.9072
muon_lr=0.047 muon_momentum=0.6 bias_lr=2.8 head_lr=21 -> tta_val_acc=0.9078
muon_lr=0.047 muon_momentum=0.6 bias_lr=7.7 head_lr=21 -> tta_val_acc=0.9069
muon_lr=0.047 muon_momentum=0.6 bias_lr=13 head_lr=21 -> tta_val_acc=0.9079
muon_lr=0.047 muon_momentum=0.6 bias_lr=21 head_lr=21 -> tta_val_acc=0.9074
muon_lr=0.047 muon_momentum=0.6 bias_lr=36 head_lr=21 -> tta_val_acc=0.9069
muon_lr=0.047 muon_momentum=0.6 bias_lr=60 head_lr=21 -> tta_val_acc=0.9052
muon_lr=0.047 muon_momentum=0.6 bias_lr=99 head_lr=21 -> tta_val_acc=0.9022
muon_lr=0.047 muon_momentum=0.6 bias_lr=170 head_lr=21 -> tta_val_acc=0.8931
muon_lr=0.047 muon_momentum=0.6 bias_lr=280 head_lr=21 -> tta_val_acc=0.8662
muon_lr=0.047 muon_momentum=0.6 bias_lr=460 head_lr=21 -> tta_val_acc=0.7797
muon_lr=0.047 muon_momentum=0.6 bias_lr=770 head_lr=21 -> tta_val_acc=0.2424
muon_lr=0.047 muon_momentum=0.6 bias_lr=1300 head_lr=21 -> tta_val_acc=0.1
muon_lr=0.047 muon_momentum=0.6 bias_lr=2100 head_lr=21 -> tta_val_acc=0.1
muon_lr=0.047 muon_momentum=0.6 bias_lr=3500 head_lr=21 -> tta_val_acc=0.1
muon_lr=0.047 muon_momentum=0.6 bias_lr=5900 head_lr=21 -> tta_val_acc=0.1
muon_lr=0.047 muon_momentum=0.6 bias_lr=9800 head_lr=21 -> tta_val_acc=0.1
muon_lr=0.047 muon_momentum=0.6 bias_lr=16000 head_lr=21 -> tta_val_acc=0.1
muon_lr=0.047 muon_momentum=0.6 bias_lr=27000 head_lr=21 -> tta_val_acc=0.1
search_path step=0 muon_lr=0.047 muon_momentum=0.6 bias_lr=4.6 head_lr=27000 tta_val_acc=0.7926
search_path step=1 muon_lr=0.047 muon_momentum=0.6 bias_lr=13 head_lr=21 tta_val_acc=0.9079
main hparams: muon_lr=0.13 muon_momentum=0.6 bias_lr=60 head_lr=770 main=0.8355, best_cooldown=0.9125
muon_lr=0.047 muon_momentum=0.6 bias_lr=13 head_lr=21 -> tta_val_acc=0.912
muon_lr=0.047 muon_momentum=0.6 bias_lr=1 head_lr=21 -> tta_val_acc=0.911
muon_lr=0.047 muon_momentum=0.6 bias_lr=1.7 head_lr=21 -> tta_val_acc=0.9112
muon_lr=0.047 muon_momentum=0.6 bias_lr=2.8 head_lr=21 -> tta_val_acc=0.912
muon_lr=0.047 muon_momentum=0.6 bias_lr=4.6 head_lr=21 -> tta_val_acc=0.9118
muon_lr=0.047 muon_momentum=0.6 bias_lr=7.7 head_lr=21 -> tta_val_acc=0.9112
muon_lr=0.047 muon_momentum=0.6 bias_lr=21 head_lr=21 -> tta_val_acc=0.9125
muon_lr=0.047 muon_momentum=0.6 bias_lr=36 head_lr=21 -> tta_val_acc=0.9117
muon_lr=0.047 muon_momentum=0.6 bias_lr=60 head_lr=21 -> tta_val_acc=0.9081
muon_lr=0.047 muon_momentum=0.6 bias_lr=99 head_lr=21 -> tta_val_acc=0.9049
muon_lr=0.047 muon_momentum=0.6 bias_lr=170 head_lr=21 -> tta_val_acc=0.8958
muon_lr=0.047 muon_momentum=0.6 bias_lr=280 head_lr=21 -> tta_val_acc=0.8862
muon_lr=0.047 muon_momentum=0.6 bias_lr=460 head_lr=21 -> tta_val_acc=0.8025
muon_lr=0.047 muon_momentum=0.6 bias_lr=770 head_lr=21 -> tta_val_acc=0.1732
muon_lr=0.047 muon_momentum=0.6 bias_lr=1300 head_lr=21 -> tta_val_acc=0.1
muon_lr=0.047 muon_momentum=0.6 bias_lr=2100 head_lr=21 -> tta_val_acc=0.1
muon_lr=0.047 muon_momentum=0.6 bias_lr=3500 head_lr=21 -> tta_val_acc=0.1
muon_lr=0.047 muon_momentum=0.6 bias_lr=5900 head_lr=21 -> tta_val_acc=0.1
muon_lr=0.047 muon_momentum=0.6 bias_lr=9800 head_lr=21 -> tta_val_acc=0.1
muon_lr=0.047 muon_momentum=0.6 bias_lr=16000 head_lr=21 -> tta_val_acc=0.1
muon_lr=0.047 muon_momentum=0.6 bias_lr=27000 head_lr=21 -> tta_val_acc=0.1
search_path step=0 muon_lr=0.047 muon_momentum=0.6 bias_lr=13 head_lr=21 tta_val_acc=0.912
search_path step=1 muon_lr=0.047 muon_momentum=0.6 bias_lr=21 head_lr=21 tta_val_acc=0.9125
main hparams: muon_lr=0.13 muon_momentum=0.6 bias_lr=99 head_lr=770 main=0.8261, best_cooldown=0.9083
muon_lr=0.047 muon_momentum=0.6 bias_lr=13 head_lr=21 -> tta_val_acc=0.9083
muon_lr=0.047 muon_momentum=0.6 bias_lr=1 head_lr=21 -> tta_val_acc=0.9069
muon_lr=0.047 muon_momentum=0.6 bias_lr=1.7 head_lr=21 -> tta_val_acc=0.9064
muon_lr=0.047 muon_momentum=0.6 bias_lr=2.8 head_lr=21 -> tta_val_acc=0.9069
muon_lr=0.047 muon_momentum=0.6 bias_lr=4.6 head_lr=21 -> tta_val_acc=0.9068
muon_lr=0.047 muon_momentum=0.6 bias_lr=7.7 head_lr=21 -> tta_val_acc=0.9079
muon_lr=0.047 muon_momentum=0.6 bias_lr=21 head_lr=21 -> tta_val_acc=0.9074
muon_lr=0.047 muon_momentum=0.6 bias_lr=36 head_lr=21 -> tta_val_acc=0.9077
muon_lr=0.047 muon_momentum=0.6 bias_lr=60 head_lr=21 -> tta_val_acc=0.9061
muon_lr=0.047 muon_momentum=0.6 bias_lr=99 head_lr=21 -> tta_val_acc=0.9037
muon_lr=0.047 muon_momentum=0.6 bias_lr=170 head_lr=21 -> tta_val_acc=0.8909
muon_lr=0.047 muon_momentum=0.6 bias_lr=280 head_lr=21 -> tta_val_acc=0.8767
muon_lr=0.047 muon_momentum=0.6 bias_lr=460 head_lr=21 -> tta_val_acc=0.836
muon_lr=0.047 muon_momentum=0.6 bias_lr=770 head_lr=21 -> tta_val_acc=0.3646
muon_lr=0.047 muon_momentum=0.6 bias_lr=1300 head_lr=21 -> tta_val_acc=0.1
muon_lr=0.047 muon_momentum=0.6 bias_lr=2100 head_lr=21 -> tta_val_acc=0.1
muon_lr=0.047 muon_momentum=0.6 bias_lr=3500 head_lr=21 -> tta_val_acc=0.1
muon_lr=0.047 muon_momentum=0.6 bias_lr=5900 head_lr=21 -> tta_val_acc=0.1
muon_lr=0.047 muon_momentum=0.6 bias_lr=9800 head_lr=21 -> tta_val_acc=0.1
muon_lr=0.047 muon_momentum=0.6 bias_lr=16000 head_lr=21 -> tta_val_acc=0.1
muon_lr=0.047 muon_momentum=0.6 bias_lr=27000 head_lr=21 -> tta_val_acc=0.1
search_path step=0 muon_lr=0.047 muon_momentum=0.6 bias_lr=13 head_lr=21 tta_val_acc=0.9083
main hparams: muon_lr=0.13 muon_momentum=0.6 bias_lr=170 head_lr=770 main=0.8272, best_cooldown=0.909
muon_lr=0.047 muon_momentum=0.6 bias_lr=13 head_lr=21 -> tta_val_acc=0.909
muon_lr=0.047 muon_momentum=0.6 bias_lr=1 head_lr=21 -> tta_val_acc=0.9079
muon_lr=0.047 muon_momentum=0.6 bias_lr=1.7 head_lr=21 -> tta_val_acc=0.9066
muon_lr=0.047 muon_momentum=0.6 bias_lr=2.8 head_lr=21 -> tta_val_acc=0.9086
muon_lr=0.047 muon_momentum=0.6 bias_lr=4.6 head_lr=21 -> tta_val_acc=0.9074
muon_lr=0.047 muon_momentum=0.6 bias_lr=7.7 head_lr=21 -> tta_val_acc=0.9077
muon_lr=0.047 muon_momentum=0.6 bias_lr=21 head_lr=21 -> tta_val_acc=0.9084
muon_lr=0.047 muon_momentum=0.6 bias_lr=36 head_lr=21 -> tta_val_acc=0.907
muon_lr=0.047 muon_momentum=0.6 bias_lr=60 head_lr=21 -> tta_val_acc=0.9061
muon_lr=0.047 muon_momentum=0.6 bias_lr=99 head_lr=21 -> tta_val_acc=0.9045
muon_lr=0.047 muon_momentum=0.6 bias_lr=170 head_lr=21 -> tta_val_acc=0.8973
muon_lr=0.047 muon_momentum=0.6 bias_lr=280 head_lr=21 -> tta_val_acc=0.863
muon_lr=0.047 muon_momentum=0.6 bias_lr=460 head_lr=21 -> tta_val_acc=0.8118
muon_lr=0.047 muon_momentum=0.6 bias_lr=770 head_lr=21 -> tta_val_acc=0.5683
muon_lr=0.047 muon_momentum=0.6 bias_lr=1300 head_lr=21 -> tta_val_acc=0.1411
muon_lr=0.047 muon_momentum=0.6 bias_lr=2100 head_lr=21 -> tta_val_acc=0.1
muon_lr=0.047 muon_momentum=0.6 bias_lr=3500 head_lr=21 -> tta_val_acc=0.1
muon_lr=0.047 muon_momentum=0.6 bias_lr=5900 head_lr=21 -> tta_val_acc=0.1
muon_lr=0.047 muon_momentum=0.6 bias_lr=9800 head_lr=21 -> tta_val_acc=0.1
muon_lr=0.047 muon_momentum=0.6 bias_lr=16000 head_lr=21 -> tta_val_acc=0.1
muon_lr=0.047 muon_momentum=0.6 bias_lr=27000 head_lr=21 -> tta_val_acc=0.1
search_path step=0 muon_lr=0.047 muon_momentum=0.6 bias_lr=13 head_lr=21 tta_val_acc=0.909
main hparams: muon_lr=0.13 muon_momentum=0.6 bias_lr=280 head_lr=770 main=0.8275, best_cooldown=0.9019
muon_lr=0.047 muon_momentum=0.6 bias_lr=13 head_lr=21 -> tta_val_acc=0.901
muon_lr=0.047 muon_momentum=0.6 bias_lr=1 head_lr=21 -> tta_val_acc=0.9017
muon_lr=0.047 muon_momentum=0.6 bias_lr=1.7 head_lr=21 -> tta_val_acc=0.9006
muon_lr=0.047 muon_momentum=0.6 bias_lr=2.8 head_lr=21 -> tta_val_acc=0.9004
muon_lr=0.047 muon_momentum=0.6 bias_lr=4.6 head_lr=21 -> tta_val_acc=0.9019
muon_lr=0.047 muon_momentum=0.6 bias_lr=7.7 head_lr=21 -> tta_val_acc=0.9006
muon_lr=0.047 muon_momentum=0.6 bias_lr=21 head_lr=21 -> tta_val_acc=0.9014
muon_lr=0.047 muon_momentum=0.6 bias_lr=36 head_lr=21 -> tta_val_acc=0.9009
muon_lr=0.047 muon_momentum=0.6 bias_lr=60 head_lr=21 -> tta_val_acc=0.9015
muon_lr=0.047 muon_momentum=0.6 bias_lr=99 head_lr=21 -> tta_val_acc=0.9004
muon_lr=0.047 muon_momentum=0.6 bias_lr=170 head_lr=21 -> tta_val_acc=0.8977
muon_lr=0.047 muon_momentum=0.6 bias_lr=280 head_lr=21 -> tta_val_acc=0.8687
muon_lr=0.047 muon_momentum=0.6 bias_lr=460 head_lr=21 -> tta_val_acc=0.852
muon_lr=0.047 muon_momentum=0.6 bias_lr=770 head_lr=21 -> tta_val_acc=0.3952
muon_lr=0.047 muon_momentum=0.6 bias_lr=1300 head_lr=21 -> tta_val_acc=0.1
muon_lr=0.047 muon_momentum=0.6 bias_lr=2100 head_lr=21 -> tta_val_acc=0.1
muon_lr=0.047 muon_momentum=0.6 bias_lr=3500 head_lr=21 -> tta_val_acc=0.1
muon_lr=0.047 muon_momentum=0.6 bias_lr=5900 head_lr=21 -> tta_val_acc=0.1001
muon_lr=0.047 muon_momentum=0.6 bias_lr=9800 head_lr=21 -> tta_val_acc=0.1
muon_lr=0.047 muon_momentum=0.6 bias_lr=16000 head_lr=21 -> tta_val_acc=0.1
muon_lr=0.047 muon_momentum=0.6 bias_lr=27000 head_lr=21 -> tta_val_acc=0.1
search_path step=0 muon_lr=0.047 muon_momentum=0.6 bias_lr=13 head_lr=21 tta_val_acc=0.901
search_path step=1 muon_lr=0.047 muon_momentum=0.6 bias_lr=4.6 head_lr=21 tta_val_acc=0.9019
main hparams: muon_lr=0.13 muon_momentum=0.6 bias_lr=460 head_lr=770 main=0.7416, best_cooldown=0.8961
muon_lr=0.047 muon_momentum=0.6 bias_lr=13 head_lr=21 -> tta_val_acc=0.893
muon_lr=0.047 muon_momentum=0.6 bias_lr=1 head_lr=21 -> tta_val_acc=0.8912
muon_lr=0.047 muon_momentum=0.6 bias_lr=1.7 head_lr=21 -> tta_val_acc=0.8915
muon_lr=0.047 muon_momentum=0.6 bias_lr=2.8 head_lr=21 -> tta_val_acc=0.8932
muon_lr=0.047 muon_momentum=0.6 bias_lr=4.6 head_lr=21 -> tta_val_acc=0.8935
muon_lr=0.047 muon_momentum=0.6 bias_lr=7.7 head_lr=21 -> tta_val_acc=0.8928
muon_lr=0.047 muon_momentum=0.6 bias_lr=21 head_lr=21 -> tta_val_acc=0.8933
muon_lr=0.047 muon_momentum=0.6 bias_lr=36 head_lr=21 -> tta_val_acc=0.8961
muon_lr=0.047 muon_momentum=0.6 bias_lr=60 head_lr=21 -> tta_val_acc=0.8957
muon_lr=0.047 muon_momentum=0.6 bias_lr=99 head_lr=21 -> tta_val_acc=0.8938
muon_lr=0.047 muon_momentum=0.6 bias_lr=170 head_lr=21 -> tta_val_acc=0.8939
muon_lr=0.047 muon_momentum=0.6 bias_lr=280 head_lr=21 -> tta_val_acc=0.8792
muon_lr=0.047 muon_momentum=0.6 bias_lr=460 head_lr=21 -> tta_val_acc=0.8613
muon_lr=0.047 muon_momentum=0.6 bias_lr=770 head_lr=21 -> tta_val_acc=0.597
muon_lr=0.047 muon_momentum=0.6 bias_lr=1300 head_lr=21 -> tta_val_acc=0.3891
muon_lr=0.047 muon_momentum=0.6 bias_lr=2100 head_lr=21 -> tta_val_acc=0.1
muon_lr=0.047 muon_momentum=0.6 bias_lr=3500 head_lr=21 -> tta_val_acc=0.1
muon_lr=0.047 muon_momentum=0.6 bias_lr=5900 head_lr=21 -> tta_val_acc=0.1
muon_lr=0.047 muon_momentum=0.6 bias_lr=9800 head_lr=21 -> tta_val_acc=0.1
muon_lr=0.047 muon_momentum=0.6 bias_lr=16000 head_lr=21 -> tta_val_acc=0.1
muon_lr=0.047 muon_momentum=0.6 bias_lr=27000 head_lr=21 -> tta_val_acc=0.1
search_path step=0 muon_lr=0.047 muon_momentum=0.6 bias_lr=13 head_lr=21 tta_val_acc=0.893
search_path step=1 muon_lr=0.047 muon_momentum=0.6 bias_lr=36 head_lr=21 tta_val_acc=0.8961
main hparams: muon_lr=0.13 muon_momentum=0.6 bias_lr=770 head_lr=770 main=0.2603, best_cooldown=0.8052
muon_lr=0.047 muon_momentum=0.6 bias_lr=13 head_lr=21 -> tta_val_acc=0.7806
muon_lr=0.047 muon_momentum=0.6 bias_lr=1 head_lr=21 -> tta_val_acc=0.7794
muon_lr=0.047 muon_momentum=0.6 bias_lr=1.7 head_lr=21 -> tta_val_acc=0.7766
muon_lr=0.047 muon_momentum=0.6 bias_lr=2.8 head_lr=21 -> tta_val_acc=0.7755
muon_lr=0.047 muon_momentum=0.6 bias_lr=4.6 head_lr=21 -> tta_val_acc=0.772
muon_lr=0.047 muon_momentum=0.6 bias_lr=7.7 head_lr=21 -> tta_val_acc=0.772
muon_lr=0.047 muon_momentum=0.6 bias_lr=21 head_lr=21 -> tta_val_acc=0.7842
muon_lr=0.047 muon_momentum=0.6 bias_lr=36 head_lr=21 -> tta_val_acc=0.7671
muon_lr=0.047 muon_momentum=0.6 bias_lr=60 head_lr=21 -> tta_val_acc=0.7908
muon_lr=0.047 muon_momentum=0.6 bias_lr=99 head_lr=21 -> tta_val_acc=0.8009
muon_lr=0.047 muon_momentum=0.6 bias_lr=170 head_lr=21 -> tta_val_acc=0.8052
muon_lr=0.047 muon_momentum=0.6 bias_lr=280 head_lr=21 -> tta_val_acc=0.7725
muon_lr=0.047 muon_momentum=0.6 bias_lr=460 head_lr=21 -> tta_val_acc=0.7037
muon_lr=0.047 muon_momentum=0.6 bias_lr=770 head_lr=21 -> tta_val_acc=0.4996
muon_lr=0.047 muon_momentum=0.6 bias_lr=1300 head_lr=21 -> tta_val_acc=0.328
muon_lr=0.047 muon_momentum=0.6 bias_lr=2100 head_lr=21 -> tta_val_acc=0.1
muon_lr=0.047 muon_momentum=0.6 bias_lr=3500 head_lr=21 -> tta_val_acc=0.1
muon_lr=0.047 muon_momentum=0.6 bias_lr=5900 head_lr=21 -> tta_val_acc=0.1
muon_lr=0.047 muon_momentum=0.6 bias_lr=9800 head_lr=21 -> tta_val_acc=0.1
muon_lr=0.047 muon_momentum=0.6 bias_lr=16000 head_lr=21 -> tta_val_acc=0.1
muon_lr=0.047 muon_momentum=0.6 bias_lr=27000 head_lr=21 -> tta_val_acc=0.1
search_path step=0 muon_lr=0.047 muon_momentum=0.6 bias_lr=13 head_lr=21 tta_val_acc=0.7806
search_path step=1 muon_lr=0.047 muon_momentum=0.6 bias_lr=170 head_lr=21 tta_val_acc=0.8052
main hparams: muon_lr=0.13 muon_momentum=0.6 bias_lr=1300 head_lr=770 main=0.1764, best_cooldown=0.3346
muon_lr=0.047 muon_momentum=0.6 bias_lr=13 head_lr=21 -> tta_val_acc=0.2474
muon_lr=0.047 muon_momentum=0.6 bias_lr=1 head_lr=21 -> tta_val_acc=0.2689
muon_lr=0.047 muon_momentum=0.6 bias_lr=1.7 head_lr=21 -> tta_val_acc=0.3052
muon_lr=0.047 muon_momentum=0.6 bias_lr=2.8 head_lr=21 -> tta_val_acc=0.2671
muon_lr=0.047 muon_momentum=0.6 bias_lr=4.6 head_lr=21 -> tta_val_acc=0.3093
muon_lr=0.047 muon_momentum=0.6 bias_lr=7.7 head_lr=21 -> tta_val_acc=0.2413
muon_lr=0.047 muon_momentum=0.6 bias_lr=21 head_lr=21 -> tta_val_acc=0.2686
muon_lr=0.047 muon_momentum=0.6 bias_lr=36 head_lr=21 -> tta_val_acc=0.2709
muon_lr=0.047 muon_momentum=0.6 bias_lr=60 head_lr=21 -> tta_val_acc=0.2659
muon_lr=0.047 muon_momentum=0.6 bias_lr=99 head_lr=21 -> tta_val_acc=0.2609
muon_lr=0.047 muon_momentum=0.6 bias_lr=170 head_lr=21 -> tta_val_acc=0.3254
muon_lr=0.047 muon_momentum=0.6 bias_lr=280 head_lr=21 -> tta_val_acc=0.3346
muon_lr=0.047 muon_momentum=0.6 bias_lr=460 head_lr=21 -> tta_val_acc=0.2803
muon_lr=0.047 muon_momentum=0.6 bias_lr=770 head_lr=21 -> tta_val_acc=0.1793
muon_lr=0.047 muon_momentum=0.6 bias_lr=1300 head_lr=21 -> tta_val_acc=0.1173
muon_lr=0.047 muon_momentum=0.6 bias_lr=2100 head_lr=21 -> tta_val_acc=0.1042
muon_lr=0.047 muon_momentum=0.6 bias_lr=3500 head_lr=21 -> tta_val_acc=0.1
muon_lr=0.047 muon_momentum=0.6 bias_lr=5900 head_lr=21 -> tta_val_acc=0.1
muon_lr=0.047 muon_momentum=0.6 bias_lr=9800 head_lr=21 -> tta_val_acc=0.1
muon_lr=0.047 muon_momentum=0.6 bias_lr=16000 head_lr=21 -> tta_val_acc=0.1781
muon_lr=0.047 muon_momentum=0.6 bias_lr=27000 head_lr=21 -> tta_val_acc=0.1
search_path step=0 muon_lr=0.047 muon_momentum=0.6 bias_lr=13 head_lr=21 tta_val_acc=0.2474
search_path step=1 muon_lr=0.047 muon_momentum=0.6 bias_lr=280 head_lr=21 tta_val_acc=0.3346
main hparams: muon_lr=0.13 muon_momentum=0.6 bias_lr=2100 head_lr=770 main=0.1108, best_cooldown=0.1888
muon_lr=0.047 muon_momentum=0.6 bias_lr=13 head_lr=21 -> tta_val_acc=0.1716
muon_lr=0.047 muon_momentum=0.6 bias_lr=1 head_lr=21 -> tta_val_acc=0.1526
muon_lr=0.047 muon_momentum=0.6 bias_lr=1.7 head_lr=21 -> tta_val_acc=0.143
muon_lr=0.047 muon_momentum=0.6 bias_lr=2.8 head_lr=21 -> tta_val_acc=0.1438
muon_lr=0.047 muon_momentum=0.6 bias_lr=4.6 head_lr=21 -> tta_val_acc=0.1784
muon_lr=0.047 muon_momentum=0.6 bias_lr=7.7 head_lr=21 -> tta_val_acc=0.1888
muon_lr=0.047 muon_momentum=0.6 bias_lr=21 head_lr=21 -> tta_val_acc=0.1591
muon_lr=0.047 muon_momentum=0.6 bias_lr=36 head_lr=21 -> tta_val_acc=0.1
muon_lr=0.047 muon_momentum=0.6 bias_lr=60 head_lr=21 -> tta_val_acc=0.1
muon_lr=0.047 muon_momentum=0.6 bias_lr=99 head_lr=21 -> tta_val_acc=0.1064
muon_lr=0.047 muon_momentum=0.6 bias_lr=170 head_lr=21 -> tta_val_acc=0.1
muon_lr=0.047 muon_momentum=0.6 bias_lr=280 head_lr=21 -> tta_val_acc=0.1309
muon_lr=0.047 muon_momentum=0.6 bias_lr=460 head_lr=21 -> tta_val_acc=0.1
muon_lr=0.047 muon_momentum=0.6 bias_lr=770 head_lr=21 -> tta_val_acc=0.1
muon_lr=0.047 muon_momentum=0.6 bias_lr=1300 head_lr=21 -> tta_val_acc=0.1
muon_lr=0.047 muon_momentum=0.6 bias_lr=2100 head_lr=21 -> tta_val_acc=0.1
muon_lr=0.047 muon_momentum=0.6 bias_lr=3500 head_lr=21 -> tta_val_acc=0.1303
muon_lr=0.047 muon_momentum=0.6 bias_lr=5900 head_lr=21 -> tta_val_acc=0.1
muon_lr=0.047 muon_momentum=0.6 bias_lr=9800 head_lr=21 -> tta_val_acc=0.1
muon_lr=0.047 muon_momentum=0.6 bias_lr=16000 head_lr=21 -> tta_val_acc=0.1
muon_lr=0.047 muon_momentum=0.6 bias_lr=27000 head_lr=21 -> tta_val_acc=0.1
search_path step=0 muon_lr=0.047 muon_momentum=0.6 bias_lr=13 head_lr=21 tta_val_acc=0.1716
search_path step=1 muon_lr=0.047 muon_momentum=0.6 bias_lr=7.7 head_lr=21 tta_val_acc=0.1888
main hparams: muon_lr=0.13 muon_momentum=0.6 bias_lr=3500 head_lr=770 main=0.1527, best_cooldown=0.3212
muon_lr=0.047 muon_momentum=0.6 bias_lr=13 head_lr=21 -> tta_val_acc=0.1965
muon_lr=0.047 muon_momentum=0.6 bias_lr=1 head_lr=21 -> tta_val_acc=0.1949
muon_lr=0.047 muon_momentum=0.6 bias_lr=1.7 head_lr=21 -> tta_val_acc=0.1967
muon_lr=0.047 muon_momentum=0.6 bias_lr=2.8 head_lr=21 -> tta_val_acc=0.1926
muon_lr=0.047 muon_momentum=0.6 bias_lr=4.6 head_lr=21 -> tta_val_acc=0.1948
muon_lr=0.047 muon_momentum=0.6 bias_lr=7.7 head_lr=21 -> tta_val_acc=0.1934
muon_lr=0.047 muon_momentum=0.6 bias_lr=21 head_lr=21 -> tta_val_acc=0.1941
muon_lr=0.047 muon_momentum=0.6 bias_lr=36 head_lr=21 -> tta_val_acc=0.1978
muon_lr=0.047 muon_momentum=0.6 bias_lr=60 head_lr=21 -> tta_val_acc=0.1975
muon_lr=0.047 muon_momentum=0.6 bias_lr=99 head_lr=21 -> tta_val_acc=0.1978
muon_lr=0.047 muon_momentum=0.6 bias_lr=170 head_lr=21 -> tta_val_acc=0.2171
muon_lr=0.047 muon_momentum=0.6 bias_lr=280 head_lr=21 -> tta_val_acc=0.2638
muon_lr=0.047 muon_momentum=0.6 bias_lr=460 head_lr=21 -> tta_val_acc=0.268
muon_lr=0.047 muon_momentum=0.6 bias_lr=770 head_lr=21 -> tta_val_acc=0.3212
muon_lr=0.047 muon_momentum=0.6 bias_lr=1300 head_lr=21 -> tta_val_acc=0.2519
muon_lr=0.047 muon_momentum=0.6 bias_lr=2100 head_lr=21 -> tta_val_acc=0.2243
muon_lr=0.047 muon_momentum=0.6 bias_lr=3500 head_lr=21 -> tta_val_acc=0.2575
muon_lr=0.047 muon_momentum=0.6 bias_lr=5900 head_lr=21 -> tta_val_acc=0.1008
muon_lr=0.047 muon_momentum=0.6 bias_lr=9800 head_lr=21 -> tta_val_acc=0.1
muon_lr=0.047 muon_momentum=0.6 bias_lr=16000 head_lr=21 -> tta_val_acc=0.1
muon_lr=0.047 muon_momentum=0.6 bias_lr=27000 head_lr=21 -> tta_val_acc=0.1
search_path step=0 muon_lr=0.047 muon_momentum=0.6 bias_lr=13 head_lr=21 tta_val_acc=0.1965
search_path step=1 muon_lr=0.047 muon_momentum=0.6 bias_lr=770 head_lr=21 tta_val_acc=0.3212
main hparams: muon_lr=0.13 muon_momentum=0.6 bias_lr=5900 head_lr=770 main=0.1, best_cooldown=0.1729
muon_lr=0.047 muon_momentum=0.6 bias_lr=13 head_lr=21 -> tta_val_acc=0.1
muon_lr=0.047 muon_momentum=0.6 bias_lr=1 head_lr=21 -> tta_val_acc=0.1
muon_lr=0.047 muon_momentum=0.6 bias_lr=1.7 head_lr=21 -> tta_val_acc=0.1
muon_lr=0.047 muon_momentum=0.6 bias_lr=2.8 head_lr=21 -> tta_val_acc=0.1
muon_lr=0.047 muon_momentum=0.6 bias_lr=4.6 head_lr=21 -> tta_val_acc=0.1
muon_lr=0.047 muon_momentum=0.6 bias_lr=7.7 head_lr=21 -> tta_val_acc=0.1
muon_lr=0.047 muon_momentum=0.6 bias_lr=21 head_lr=21 -> tta_val_acc=0.1
muon_lr=0.047 muon_momentum=0.6 bias_lr=36 head_lr=21 -> tta_val_acc=0.1
muon_lr=0.047 muon_momentum=0.6 bias_lr=60 head_lr=21 -> tta_val_acc=0.1
muon_lr=0.047 muon_momentum=0.6 bias_lr=99 head_lr=21 -> tta_val_acc=0.1
muon_lr=0.047 muon_momentum=0.6 bias_lr=170 head_lr=21 -> tta_val_acc=0.1008
muon_lr=0.047 muon_momentum=0.6 bias_lr=280 head_lr=21 -> tta_val_acc=0.1
muon_lr=0.047 muon_momentum=0.6 bias_lr=460 head_lr=21 -> tta_val_acc=0.1
muon_lr=0.047 muon_momentum=0.6 bias_lr=770 head_lr=21 -> tta_val_acc=0.1
muon_lr=0.047 muon_momentum=0.6 bias_lr=1300 head_lr=21 -> tta_val_acc=0.1729
muon_lr=0.047 muon_momentum=0.6 bias_lr=2100 head_lr=21 -> tta_val_acc=0.1
muon_lr=0.047 muon_momentum=0.6 bias_lr=3500 head_lr=21 -> tta_val_acc=0.1095
muon_lr=0.047 muon_momentum=0.6 bias_lr=5900 head_lr=21 -> tta_val_acc=0.1
muon_lr=0.047 muon_momentum=0.6 bias_lr=9800 head_lr=21 -> tta_val_acc=0.1064
muon_lr=0.047 muon_momentum=0.6 bias_lr=16000 head_lr=21 -> tta_val_acc=0.1031
muon_lr=0.047 muon_momentum=0.6 bias_lr=27000 head_lr=21 -> tta_val_acc=0.1
search_path step=0 muon_lr=0.047 muon_momentum=0.6 bias_lr=13 head_lr=21 tta_val_acc=0.1
search_path step=1 muon_lr=0.047 muon_momentum=0.6 bias_lr=1300 head_lr=21 tta_val_acc=0.1729
main hparams: muon_lr=0.13 muon_momentum=0.6 bias_lr=9800 head_lr=770 main=0.1147, best_cooldown=0.1784
muon_lr=0.047 muon_momentum=0.6 bias_lr=13 head_lr=21 -> tta_val_acc=0.1703
muon_lr=0.047 muon_momentum=0.6 bias_lr=1 head_lr=21 -> tta_val_acc=0.1423
muon_lr=0.047 muon_momentum=0.6 bias_lr=1.7 head_lr=21 -> tta_val_acc=0.1469
muon_lr=0.047 muon_momentum=0.6 bias_lr=2.8 head_lr=21 -> tta_val_acc=0.1574
muon_lr=0.047 muon_momentum=0.6 bias_lr=4.6 head_lr=21 -> tta_val_acc=0.1589
muon_lr=0.047 muon_momentum=0.6 bias_lr=7.7 head_lr=21 -> tta_val_acc=0.1609
muon_lr=0.047 muon_momentum=0.6 bias_lr=21 head_lr=21 -> tta_val_acc=0.1784
muon_lr=0.047 muon_momentum=0.6 bias_lr=36 head_lr=21 -> tta_val_acc=0.1
muon_lr=0.047 muon_momentum=0.6 bias_lr=60 head_lr=21 -> tta_val_acc=0.1
muon_lr=0.047 muon_momentum=0.6 bias_lr=99 head_lr=21 -> tta_val_acc=0.1
muon_lr=0.047 muon_momentum=0.6 bias_lr=170 head_lr=21 -> tta_val_acc=0.1001
muon_lr=0.047 muon_momentum=0.6 bias_lr=280 head_lr=21 -> tta_val_acc=0.1
muon_lr=0.047 muon_momentum=0.6 bias_lr=460 head_lr=21 -> tta_val_acc=0.1
muon_lr=0.047 muon_momentum=0.6 bias_lr=770 head_lr=21 -> tta_val_acc=0.1055
muon_lr=0.047 muon_momentum=0.6 bias_lr=1300 head_lr=21 -> tta_val_acc=0.1
muon_lr=0.047 muon_momentum=0.6 bias_lr=2100 head_lr=21 -> tta_val_acc=0.1002
muon_lr=0.047 muon_momentum=0.6 bias_lr=3500 head_lr=21 -> tta_val_acc=0.1122
muon_lr=0.047 muon_momentum=0.6 bias_lr=5900 head_lr=21 -> tta_val_acc=0.1696
muon_lr=0.047 muon_momentum=0.6 bias_lr=9800 head_lr=21 -> tta_val_acc=0.1307
muon_lr=0.047 muon_momentum=0.6 bias_lr=16000 head_lr=21 -> tta_val_acc=0.1
muon_lr=0.047 muon_momentum=0.6 bias_lr=27000 head_lr=21 -> tta_val_acc=0.1061
search_path step=0 muon_lr=0.047 muon_momentum=0.6 bias_lr=13 head_lr=21 tta_val_acc=0.1703
search_path step=1 muon_lr=0.047 muon_momentum=0.6 bias_lr=21 head_lr=21 tta_val_acc=0.1784
main hparams: muon_lr=0.13 muon_momentum=0.6 bias_lr=16000 head_lr=770 main=0.1005, best_cooldown=0.1436
muon_lr=0.047 muon_momentum=0.6 bias_lr=13 head_lr=21 -> tta_val_acc=0.139
muon_lr=0.047 muon_momentum=0.6 bias_lr=1 head_lr=21 -> tta_val_acc=0.1325
muon_lr=0.047 muon_momentum=0.6 bias_lr=1.7 head_lr=21 -> tta_val_acc=0.1317
muon_lr=0.047 muon_momentum=0.6 bias_lr=2.8 head_lr=21 -> tta_val_acc=0.123
muon_lr=0.047 muon_momentum=0.6 bias_lr=4.6 head_lr=21 -> tta_val_acc=0.132
muon_lr=0.047 muon_momentum=0.6 bias_lr=7.7 head_lr=21 -> tta_val_acc=0.1182
muon_lr=0.047 muon_momentum=0.6 bias_lr=21 head_lr=21 -> tta_val_acc=0.1436
muon_lr=0.047 muon_momentum=0.6 bias_lr=36 head_lr=21 -> tta_val_acc=0.1292
muon_lr=0.047 muon_momentum=0.6 bias_lr=60 head_lr=21 -> tta_val_acc=0.1271
muon_lr=0.047 muon_momentum=0.6 bias_lr=99 head_lr=21 -> tta_val_acc=0.1226
muon_lr=0.047 muon_momentum=0.6 bias_lr=170 head_lr=21 -> tta_val_acc=0.1255
muon_lr=0.047 muon_momentum=0.6 bias_lr=280 head_lr=21 -> tta_val_acc=0.1156
muon_lr=0.047 muon_momentum=0.6 bias_lr=460 head_lr=21 -> tta_val_acc=0.101
muon_lr=0.047 muon_momentum=0.6 bias_lr=770 head_lr=21 -> tta_val_acc=0.1158
muon_lr=0.047 muon_momentum=0.6 bias_lr=1300 head_lr=21 -> tta_val_acc=0.1147
muon_lr=0.047 muon_momentum=0.6 bias_lr=2100 head_lr=21 -> tta_val_acc=0.1095
muon_lr=0.047 muon_momentum=0.6 bias_lr=3500 head_lr=21 -> tta_val_acc=0.1
muon_lr=0.047 muon_momentum=0.6 bias_lr=5900 head_lr=21 -> tta_val_acc=0.1
muon_lr=0.047 muon_momentum=0.6 bias_lr=9800 head_lr=21 -> tta_val_acc=0.1
muon_lr=0.047 muon_momentum=0.6 bias_lr=16000 head_lr=21 -> tta_val_acc=0.1
muon_lr=0.047 muon_momentum=0.6 bias_lr=27000 head_lr=21 -> tta_val_acc=0.1
search_path step=0 muon_lr=0.047 muon_momentum=0.6 bias_lr=13 head_lr=21 tta_val_acc=0.139
search_path step=1 muon_lr=0.047 muon_momentum=0.6 bias_lr=21 head_lr=21 tta_val_acc=0.1436
main hparams: muon_lr=0.13 muon_momentum=0.6 bias_lr=27000 head_lr=770 main=0.1, best_cooldown=0.1
muon_lr=0.047 muon_momentum=0.6 bias_lr=13 head_lr=21 -> tta_val_acc=0.1
muon_lr=0.047 muon_momentum=0.6 bias_lr=1 head_lr=21 -> tta_val_acc=0.1
muon_lr=0.047 muon_momentum=0.6 bias_lr=1.7 head_lr=21 -> tta_val_acc=0.1
muon_lr=0.047 muon_momentum=0.6 bias_lr=2.8 head_lr=21 -> tta_val_acc=0.1
muon_lr=0.047 muon_momentum=0.6 bias_lr=4.6 head_lr=21 -> tta_val_acc=0.1
muon_lr=0.047 muon_momentum=0.6 bias_lr=7.7 head_lr=21 -> tta_val_acc=0.1
muon_lr=0.047 muon_momentum=0.6 bias_lr=21 head_lr=21 -> tta_val_acc=0.1
muon_lr=0.047 muon_momentum=0.6 bias_lr=36 head_lr=21 -> tta_val_acc=0.1
muon_lr=0.047 muon_momentum=0.6 bias_lr=60 head_lr=21 -> tta_val_acc=0.1
muon_lr=0.047 muon_momentum=0.6 bias_lr=99 head_lr=21 -> tta_val_acc=0.1
muon_lr=0.047 muon_momentum=0.6 bias_lr=170 head_lr=21 -> tta_val_acc=0.1
muon_lr=0.047 muon_momentum=0.6 bias_lr=280 head_lr=21 -> tta_val_acc=0.1
muon_lr=0.047 muon_momentum=0.6 bias_lr=460 head_lr=21 -> tta_val_acc=0.1
muon_lr=0.047 muon_momentum=0.6 bias_lr=770 head_lr=21 -> tta_val_acc=0.1
muon_lr=0.047 muon_momentum=0.6 bias_lr=1300 head_lr=21 -> tta_val_acc=0.1
muon_lr=0.047 muon_momentum=0.6 bias_lr=2100 head_lr=21 -> tta_val_acc=0.1
muon_lr=0.047 muon_momentum=0.6 bias_lr=3500 head_lr=21 -> tta_val_acc=0.1
muon_lr=0.047 muon_momentum=0.6 bias_lr=5900 head_lr=21 -> tta_val_acc=0.1
muon_lr=0.047 muon_momentum=0.6 bias_lr=9800 head_lr=21 -> tta_val_acc=0.1
muon_lr=0.047 muon_momentum=0.6 bias_lr=16000 head_lr=21 -> tta_val_acc=0.1
muon_lr=0.047 muon_momentum=0.6 bias_lr=27000 head_lr=21 -> tta_val_acc=0.1
search_path step=0 muon_lr=0.047 muon_momentum=0.6 bias_lr=13 head_lr=21 tta_val_acc=0.1
search_path step=1 muon_lr=0.047 muon_momentum=0.6 bias_lr=1 head_lr=21 tta_val_acc=0.1
main hparams: muon_lr=0.13 muon_momentum=0.6 bias_lr=60 head_lr=1 main=0.8188, best_cooldown=0.9016
muon_lr=0.047 muon_momentum=0.6 bias_lr=21 head_lr=21 -> tta_val_acc=0.8966
muon_lr=0.047 muon_momentum=0.6 bias_lr=21 head_lr=1 -> tta_val_acc=0.8869
muon_lr=0.047 muon_momentum=0.6 bias_lr=21 head_lr=1.7 -> tta_val_acc=0.887
muon_lr=0.047 muon_momentum=0.6 bias_lr=21 head_lr=2.8 -> tta_val_acc=0.8881
muon_lr=0.047 muon_momentum=0.6 bias_lr=21 head_lr=4.6 -> tta_val_acc=0.8887
muon_lr=0.047 muon_momentum=0.6 bias_lr=21 head_lr=7.7 -> tta_val_acc=0.8921
muon_lr=0.047 muon_momentum=0.6 bias_lr=21 head_lr=13 -> tta_val_acc=0.8954
muon_lr=0.047 muon_momentum=0.6 bias_lr=21 head_lr=36 -> tta_val_acc=0.8993
muon_lr=0.047 muon_momentum=0.6 bias_lr=21 head_lr=60 -> tta_val_acc=0.9016
muon_lr=0.047 muon_momentum=0.6 bias_lr=21 head_lr=99 -> tta_val_acc=0.901
muon_lr=0.047 muon_momentum=0.6 bias_lr=21 head_lr=170 -> tta_val_acc=0.9005
muon_lr=0.047 muon_momentum=0.6 bias_lr=21 head_lr=280 -> tta_val_acc=0.901
muon_lr=0.047 muon_momentum=0.6 bias_lr=21 head_lr=460 -> tta_val_acc=0.8984
muon_lr=0.047 muon_momentum=0.6 bias_lr=21 head_lr=770 -> tta_val_acc=0.8954
muon_lr=0.047 muon_momentum=0.6 bias_lr=21 head_lr=1300 -> tta_val_acc=0.8915
muon_lr=0.047 muon_momentum=0.6 bias_lr=21 head_lr=2100 -> tta_val_acc=0.8914
muon_lr=0.047 muon_momentum=0.6 bias_lr=21 head_lr=3500 -> tta_val_acc=0.8766
muon_lr=0.047 muon_momentum=0.6 bias_lr=21 head_lr=5900 -> tta_val_acc=0.8564
muon_lr=0.047 muon_momentum=0.6 bias_lr=21 head_lr=9800 -> tta_val_acc=0.6843
muon_lr=0.047 muon_momentum=0.6 bias_lr=21 head_lr=16000 -> tta_val_acc=0.1005
muon_lr=0.047 muon_momentum=0.6 bias_lr=21 head_lr=27000 -> tta_val_acc=0.1
search_path step=0 muon_lr=0.047 muon_momentum=0.6 bias_lr=21 head_lr=21 tta_val_acc=0.8966
search_path step=1 muon_lr=0.047 muon_momentum=0.6 bias_lr=21 head_lr=60 tta_val_acc=0.9016
main hparams: muon_lr=0.13 muon_momentum=0.6 bias_lr=60 head_lr=1.7 main=0.8191, best_cooldown=0.9031
muon_lr=0.047 muon_momentum=0.6 bias_lr=21 head_lr=21 -> tta_val_acc=0.8977
muon_lr=0.047 muon_momentum=0.6 bias_lr=21 head_lr=1 -> tta_val_acc=0.8889
muon_lr=0.047 muon_momentum=0.6 bias_lr=21 head_lr=1.7 -> tta_val_acc=0.8889
muon_lr=0.047 muon_momentum=0.6 bias_lr=21 head_lr=2.8 -> tta_val_acc=0.89
muon_lr=0.047 muon_momentum=0.6 bias_lr=21 head_lr=4.6 -> tta_val_acc=0.891
muon_lr=0.047 muon_momentum=0.6 bias_lr=21 head_lr=7.7 -> tta_val_acc=0.8921
muon_lr=0.047 muon_momentum=0.6 bias_lr=21 head_lr=13 -> tta_val_acc=0.8951
muon_lr=0.047 muon_momentum=0.6 bias_lr=21 head_lr=36 -> tta_val_acc=0.8999
muon_lr=0.047 muon_momentum=0.6 bias_lr=21 head_lr=60 -> tta_val_acc=0.9021
muon_lr=0.047 muon_momentum=0.6 bias_lr=21 head_lr=99 -> tta_val_acc=0.9024
muon_lr=0.047 muon_momentum=0.6 bias_lr=21 head_lr=170 -> tta_val_acc=0.9031
muon_lr=0.047 muon_momentum=0.6 bias_lr=21 head_lr=280 -> tta_val_acc=0.9029
muon_lr=0.047 muon_momentum=0.6 bias_lr=21 head_lr=460 -> tta_val_acc=0.9022
muon_lr=0.047 muon_momentum=0.6 bias_lr=21 head_lr=770 -> tta_val_acc=0.8961
muon_lr=0.047 muon_momentum=0.6 bias_lr=21 head_lr=1300 -> tta_val_acc=0.8931
muon_lr=0.047 muon_momentum=0.6 bias_lr=21 head_lr=2100 -> tta_val_acc=0.8968
muon_lr=0.047 muon_momentum=0.6 bias_lr=21 head_lr=3500 -> tta_val_acc=0.887
muon_lr=0.047 muon_momentum=0.6 bias_lr=21 head_lr=5900 -> tta_val_acc=0.8498
muon_lr=0.047 muon_momentum=0.6 bias_lr=21 head_lr=9800 -> tta_val_acc=0.6306
muon_lr=0.047 muon_momentum=0.6 bias_lr=21 head_lr=16000 -> tta_val_acc=0.1
muon_lr=0.047 muon_momentum=0.6 bias_lr=21 head_lr=27000 -> tta_val_acc=0.1
search_path step=0 muon_lr=0.047 muon_momentum=0.6 bias_lr=21 head_lr=21 tta_val_acc=0.8977
search_path step=1 muon_lr=0.047 muon_momentum=0.6 bias_lr=21 head_lr=170 tta_val_acc=0.9031
main hparams: muon_lr=0.13 muon_momentum=0.6 bias_lr=60 head_lr=2.8 main=0.8156, best_cooldown=0.8996
muon_lr=0.047 muon_momentum=0.6 bias_lr=21 head_lr=21 -> tta_val_acc=0.8946
muon_lr=0.047 muon_momentum=0.6 bias_lr=21 head_lr=1 -> tta_val_acc=0.8884
muon_lr=0.047 muon_momentum=0.6 bias_lr=21 head_lr=1.7 -> tta_val_acc=0.8886
muon_lr=0.047 muon_momentum=0.6 bias_lr=21 head_lr=2.8 -> tta_val_acc=0.8881
muon_lr=0.047 muon_momentum=0.6 bias_lr=21 head_lr=4.6 -> tta_val_acc=0.8891
muon_lr=0.047 muon_momentum=0.6 bias_lr=21 head_lr=7.7 -> tta_val_acc=0.8904
muon_lr=0.047 muon_momentum=0.6 bias_lr=21 head_lr=13 -> tta_val_acc=0.8916
muon_lr=0.047 muon_momentum=0.6 bias_lr=21 head_lr=36 -> tta_val_acc=0.8949
muon_lr=0.047 muon_momentum=0.6 bias_lr=21 head_lr=60 -> tta_val_acc=0.8966
muon_lr=0.047 muon_momentum=0.6 bias_lr=21 head_lr=99 -> tta_val_acc=0.8987
muon_lr=0.047 muon_momentum=0.6 bias_lr=21 head_lr=170 -> tta_val_acc=0.8986
muon_lr=0.047 muon_momentum=0.6 bias_lr=21 head_lr=280 -> tta_val_acc=0.8996
muon_lr=0.047 muon_momentum=0.6 bias_lr=21 head_lr=460 -> tta_val_acc=0.8995
muon_lr=0.047 muon_momentum=0.6 bias_lr=21 head_lr=770 -> tta_val_acc=0.8964
muon_lr=0.047 muon_momentum=0.6 bias_lr=21 head_lr=1300 -> tta_val_acc=0.8942
muon_lr=0.047 muon_momentum=0.6 bias_lr=21 head_lr=2100 -> tta_val_acc=0.8913
muon_lr=0.047 muon_momentum=0.6 bias_lr=21 head_lr=3500 -> tta_val_acc=0.8849
muon_lr=0.047 muon_momentum=0.6 bias_lr=21 head_lr=5900 -> tta_val_acc=0.8544
muon_lr=0.047 muon_momentum=0.6 bias_lr=21 head_lr=9800 -> tta_val_acc=0.4918
muon_lr=0.047 muon_momentum=0.6 bias_lr=21 head_lr=16000 -> tta_val_acc=0.1
muon_lr=0.047 muon_momentum=0.6 bias_lr=21 head_lr=27000 -> tta_val_acc=0.1
search_path step=0 muon_lr=0.047 muon_momentum=0.6 bias_lr=21 head_lr=21 tta_val_acc=0.8946
search_path step=1 muon_lr=0.047 muon_momentum=0.6 bias_lr=21 head_lr=280 tta_val_acc=0.8996
main hparams: muon_lr=0.13 muon_momentum=0.6 bias_lr=60 head_lr=4.6 main=0.82, best_cooldown=0.9019
muon_lr=0.047 muon_momentum=0.6 bias_lr=21 head_lr=21 -> tta_val_acc=0.895
muon_lr=0.047 muon_momentum=0.6 bias_lr=21 head_lr=1 -> tta_val_acc=0.8867
muon_lr=0.047 muon_momentum=0.6 bias_lr=21 head_lr=1.7 -> tta_val_acc=0.8869
muon_lr=0.047 muon_momentum=0.6 bias_lr=21 head_lr=2.8 -> tta_val_acc=0.8883
muon_lr=0.047 muon_momentum=0.6 bias_lr=21 head_lr=4.6 -> tta_val_acc=0.8893
muon_lr=0.047 muon_momentum=0.6 bias_lr=21 head_lr=7.7 -> tta_val_acc=0.8901
muon_lr=0.047 muon_momentum=0.6 bias_lr=21 head_lr=13 -> tta_val_acc=0.8911
muon_lr=0.047 muon_momentum=0.6 bias_lr=21 head_lr=36 -> tta_val_acc=0.8966
muon_lr=0.047 muon_momentum=0.6 bias_lr=21 head_lr=60 -> tta_val_acc=0.8987
muon_lr=0.047 muon_momentum=0.6 bias_lr=21 head_lr=99 -> tta_val_acc=0.9019
muon_lr=0.047 muon_momentum=0.6 bias_lr=21 head_lr=170 -> tta_val_acc=0.901
muon_lr=0.047 muon_momentum=0.6 bias_lr=21 head_lr=280 -> tta_val_acc=0.8996
muon_lr=0.047 muon_momentum=0.6 bias_lr=21 head_lr=460 -> tta_val_acc=0.8988
muon_lr=0.047 muon_momentum=0.6 bias_lr=21 head_lr=770 -> tta_val_acc=0.8958
muon_lr=0.047 muon_momentum=0.6 bias_lr=21 head_lr=1300 -> tta_val_acc=0.8967
muon_lr=0.047 muon_momentum=0.6 bias_lr=21 head_lr=2100 -> tta_val_acc=0.8942
muon_lr=0.047 muon_momentum=0.6 bias_lr=21 head_lr=3500 -> tta_val_acc=0.8859
muon_lr=0.047 muon_momentum=0.6 bias_lr=21 head_lr=5900 -> tta_val_acc=0.8591
muon_lr=0.047 muon_momentum=0.6 bias_lr=21 head_lr=9800 -> tta_val_acc=0.6292
muon_lr=0.047 muon_momentum=0.6 bias_lr=21 head_lr=16000 -> tta_val_acc=0.1034
muon_lr=0.047 muon_momentum=0.6 bias_lr=21 head_lr=27000 -> tta_val_acc=0.1
search_path step=0 muon_lr=0.047 muon_momentum=0.6 bias_lr=21 head_lr=21 tta_val_acc=0.895
search_path step=1 muon_lr=0.047 muon_momentum=0.6 bias_lr=21 head_lr=99 tta_val_acc=0.9019
main hparams: muon_lr=0.13 muon_momentum=0.6 bias_lr=60 head_lr=7.7 main=0.8305, best_cooldown=0.9002
muon_lr=0.047 muon_momentum=0.6 bias_lr=21 head_lr=21 -> tta_val_acc=0.8975
muon_lr=0.047 muon_momentum=0.6 bias_lr=21 head_lr=1 -> tta_val_acc=0.8917
muon_lr=0.047 muon_momentum=0.6 bias_lr=21 head_lr=1.7 -> tta_val_acc=0.8927
muon_lr=0.047 muon_momentum=0.6 bias_lr=21 head_lr=2.8 -> tta_val_acc=0.8934
muon_lr=0.047 muon_momentum=0.6 bias_lr=21 head_lr=4.6 -> tta_val_acc=0.8939
muon_lr=0.047 muon_momentum=0.6 bias_lr=21 head_lr=7.7 -> tta_val_acc=0.8943
muon_lr=0.047 muon_momentum=0.6 bias_lr=21 head_lr=13 -> tta_val_acc=0.8954
muon_lr=0.047 muon_momentum=0.6 bias_lr=21 head_lr=36 -> tta_val_acc=0.8968
muon_lr=0.047 muon_momentum=0.6 bias_lr=21 head_lr=60 -> tta_val_acc=0.8993
muon_lr=0.047 muon_momentum=0.6 bias_lr=21 head_lr=99 -> tta_val_acc=0.8992
muon_lr=0.047 muon_momentum=0.6 bias_lr=21 head_lr=170 -> tta_val_acc=0.9002
muon_lr=0.047 muon_momentum=0.6 bias_lr=21 head_lr=280 -> tta_val_acc=0.8999
muon_lr=0.047 muon_momentum=0.6 bias_lr=21 head_lr=460 -> tta_val_acc=0.8981
muon_lr=0.047 muon_momentum=0.6 bias_lr=21 head_lr=770 -> tta_val_acc=0.8964
muon_lr=0.047 muon_momentum=0.6 bias_lr=21 head_lr=1300 -> tta_val_acc=0.8959
muon_lr=0.047 muon_momentum=0.6 bias_lr=21 head_lr=2100 -> tta_val_acc=0.895
muon_lr=0.047 muon_momentum=0.6 bias_lr=21 head_lr=3500 -> tta_val_acc=0.8918
muon_lr=0.047 muon_momentum=0.6 bias_lr=21 head_lr=5900 -> tta_val_acc=0.8666
muon_lr=0.047 muon_momentum=0.6 bias_lr=21 head_lr=9800 -> tta_val_acc=0.7686
muon_lr=0.047 muon_momentum=0.6 bias_lr=21 head_lr=16000 -> tta_val_acc=0.1
muon_lr=0.047 muon_momentum=0.6 bias_lr=21 head_lr=27000 -> tta_val_acc=0.1
search_path step=0 muon_lr=0.047 muon_momentum=0.6 bias_lr=21 head_lr=21 tta_val_acc=0.8975
search_path step=1 muon_lr=0.047 muon_momentum=0.6 bias_lr=21 head_lr=170 tta_val_acc=0.9002
main hparams: muon_lr=0.13 muon_momentum=0.6 bias_lr=60 head_lr=13 main=0.8283, best_cooldown=0.9041
muon_lr=0.047 muon_momentum=0.6 bias_lr=21 head_lr=21 -> tta_val_acc=0.9001
muon_lr=0.047 muon_momentum=0.6 bias_lr=21 head_lr=1 -> tta_val_acc=0.8954
muon_lr=0.047 muon_momentum=0.6 bias_lr=21 head_lr=1.7 -> tta_val_acc=0.895
muon_lr=0.047 muon_momentum=0.6 bias_lr=21 head_lr=2.8 -> tta_val_acc=0.8951
muon_lr=0.047 muon_momentum=0.6 bias_lr=21 head_lr=4.6 -> tta_val_acc=0.8962
muon_lr=0.047 muon_momentum=0.6 bias_lr=21 head_lr=7.7 -> tta_val_acc=0.8966
muon_lr=0.047 muon_momentum=0.6 bias_lr=21 head_lr=13 -> tta_val_acc=0.8984
muon_lr=0.047 muon_momentum=0.6 bias_lr=21 head_lr=36 -> tta_val_acc=0.902
muon_lr=0.047 muon_momentum=0.6 bias_lr=21 head_lr=60 -> tta_val_acc=0.9036
muon_lr=0.047 muon_momentum=0.6 bias_lr=21 head_lr=99 -> tta_val_acc=0.9041
muon_lr=0.047 muon_momentum=0.6 bias_lr=21 head_lr=170 -> tta_val_acc=0.9029
muon_lr=0.047 muon_momentum=0.6 bias_lr=21 head_lr=280 -> tta_val_acc=0.903
muon_lr=0.047 muon_momentum=0.6 bias_lr=21 head_lr=460 -> tta_val_acc=0.9034
muon_lr=0.047 muon_momentum=0.6 bias_lr=21 head_lr=770 -> tta_val_acc=0.9008
muon_lr=0.047 muon_momentum=0.6 bias_lr=21 head_lr=1300 -> tta_val_acc=0.8998
muon_lr=0.047 muon_momentum=0.6 bias_lr=21 head_lr=2100 -> tta_val_acc=0.8961
muon_lr=0.047 muon_momentum=0.6 bias_lr=21 head_lr=3500 -> tta_val_acc=0.893
muon_lr=0.047 muon_momentum=0.6 bias_lr=21 head_lr=5900 -> tta_val_acc=0.867
muon_lr=0.047 muon_momentum=0.6 bias_lr=21 head_lr=9800 -> tta_val_acc=0.7458
muon_lr=0.047 muon_momentum=0.6 bias_lr=21 head_lr=16000 -> tta_val_acc=0.313
muon_lr=0.047 muon_momentum=0.6 bias_lr=21 head_lr=27000 -> tta_val_acc=0.1
search_path step=0 muon_lr=0.047 muon_momentum=0.6 bias_lr=21 head_lr=21 tta_val_acc=0.9001
search_path step=1 muon_lr=0.047 muon_momentum=0.6 bias_lr=21 head_lr=99 tta_val_acc=0.9041
main hparams: muon_lr=0.13 muon_momentum=0.6 bias_lr=60 head_lr=21 main=0.8301, best_cooldown=0.9022
muon_lr=0.047 muon_momentum=0.6 bias_lr=21 head_lr=21 -> tta_val_acc=0.8983
muon_lr=0.047 muon_momentum=0.6 bias_lr=21 head_lr=1 -> tta_val_acc=0.8956
muon_lr=0.047 muon_momentum=0.6 bias_lr=21 head_lr=1.7 -> tta_val_acc=0.8958
muon_lr=0.047 muon_momentum=0.6 bias_lr=21 head_lr=2.8 -> tta_val_acc=0.8969
muon_lr=0.047 muon_momentum=0.6 bias_lr=21 head_lr=4.6 -> tta_val_acc=0.8973
muon_lr=0.047 muon_momentum=0.6 bias_lr=21 head_lr=7.7 -> tta_val_acc=0.8973
muon_lr=0.047 muon_momentum=0.6 bias_lr=21 head_lr=13 -> tta_val_acc=0.8976
muon_lr=0.047 muon_momentum=0.6 bias_lr=21 head_lr=36 -> tta_val_acc=0.8985
muon_lr=0.047 muon_momentum=0.6 bias_lr=21 head_lr=60 -> tta_val_acc=0.9001
muon_lr=0.047 muon_momentum=0.6 bias_lr=21 head_lr=99 -> tta_val_acc=0.9009
muon_lr=0.047 muon_momentum=0.6 bias_lr=21 head_lr=170 -> tta_val_acc=0.902
muon_lr=0.047 muon_momentum=0.6 bias_lr=21 head_lr=280 -> tta_val_acc=0.9022
muon_lr=0.047 muon_momentum=0.6 bias_lr=21 head_lr=460 -> tta_val_acc=0.9016
muon_lr=0.047 muon_momentum=0.6 bias_lr=21 head_lr=770 -> tta_val_acc=0.8998
muon_lr=0.047 muon_momentum=0.6 bias_lr=21 head_lr=1300 -> tta_val_acc=0.8985
muon_lr=0.047 muon_momentum=0.6 bias_lr=21 head_lr=2100 -> tta_val_acc=0.8997
muon_lr=0.047 muon_momentum=0.6 bias_lr=21 head_lr=3500 -> tta_val_acc=0.8969
muon_lr=0.047 muon_momentum=0.6 bias_lr=21 head_lr=5900 -> tta_val_acc=0.8714
muon_lr=0.047 muon_momentum=0.6 bias_lr=21 head_lr=9800 -> tta_val_acc=0.7979
muon_lr=0.047 muon_momentum=0.6 bias_lr=21 head_lr=16000 -> tta_val_acc=0.6574
muon_lr=0.047 muon_momentum=0.6 bias_lr=21 head_lr=27000 -> tta_val_acc=0.1237
search_path step=0 muon_lr=0.047 muon_momentum=0.6 bias_lr=21 head_lr=21 tta_val_acc=0.8983
search_path step=1 muon_lr=0.047 muon_momentum=0.6 bias_lr=21 head_lr=280 tta_val_acc=0.9022
main hparams: muon_lr=0.13 muon_momentum=0.6 bias_lr=60 head_lr=36 main=0.831, best_cooldown=0.9054
muon_lr=0.047 muon_momentum=0.6 bias_lr=21 head_lr=21 -> tta_val_acc=0.9026
muon_lr=0.047 muon_momentum=0.6 bias_lr=21 head_lr=1 -> tta_val_acc=0.8994
muon_lr=0.047 muon_momentum=0.6 bias_lr=21 head_lr=1.7 -> tta_val_acc=0.9011
muon_lr=0.047 muon_momentum=0.6 bias_lr=21 head_lr=2.8 -> tta_val_acc=0.901
muon_lr=0.047 muon_momentum=0.6 bias_lr=21 head_lr=4.6 -> tta_val_acc=0.9005
muon_lr=0.047 muon_momentum=0.6 bias_lr=21 head_lr=7.7 -> tta_val_acc=0.9018
muon_lr=0.047 muon_momentum=0.6 bias_lr=21 head_lr=13 -> tta_val_acc=0.9014
muon_lr=0.047 muon_momentum=0.6 bias_lr=21 head_lr=36 -> tta_val_acc=0.903
muon_lr=0.047 muon_momentum=0.6 bias_lr=21 head_lr=60 -> tta_val_acc=0.905
muon_lr=0.047 muon_momentum=0.6 bias_lr=21 head_lr=99 -> tta_val_acc=0.9035
muon_lr=0.047 muon_momentum=0.6 bias_lr=21 head_lr=170 -> tta_val_acc=0.9042
muon_lr=0.047 muon_momentum=0.6 bias_lr=21 head_lr=280 -> tta_val_acc=0.9053
muon_lr=0.047 muon_momentum=0.6 bias_lr=21 head_lr=460 -> tta_val_acc=0.9054
muon_lr=0.047 muon_momentum=0.6 bias_lr=21 head_lr=770 -> tta_val_acc=0.9033
muon_lr=0.047 muon_momentum=0.6 bias_lr=21 head_lr=1300 -> tta_val_acc=0.9025
muon_lr=0.047 muon_momentum=0.6 bias_lr=21 head_lr=2100 -> tta_val_acc=0.9035
muon_lr=0.047 muon_momentum=0.6 bias_lr=21 head_lr=3500 -> tta_val_acc=0.8908
muon_lr=0.047 muon_momentum=0.6 bias_lr=21 head_lr=5900 -> tta_val_acc=0.8487
muon_lr=0.047 muon_momentum=0.6 bias_lr=21 head_lr=9800 -> tta_val_acc=0.6551
muon_lr=0.047 muon_momentum=0.6 bias_lr=21 head_lr=16000 -> tta_val_acc=0.1731
muon_lr=0.047 muon_momentum=0.6 bias_lr=21 head_lr=27000 -> tta_val_acc=0.1
search_path step=0 muon_lr=0.047 muon_momentum=0.6 bias_lr=21 head_lr=21 tta_val_acc=0.9026
search_path step=1 muon_lr=0.047 muon_momentum=0.6 bias_lr=21 head_lr=460 tta_val_acc=0.9054
main hparams: muon_lr=0.13 muon_momentum=0.6 bias_lr=60 head_lr=60 main=0.8358, best_cooldown=0.9038
muon_lr=0.047 muon_momentum=0.6 bias_lr=21 head_lr=21 -> tta_val_acc=0.902
muon_lr=0.047 muon_momentum=0.6 bias_lr=21 head_lr=1 -> tta_val_acc=0.9026
muon_lr=0.047 muon_momentum=0.6 bias_lr=21 head_lr=1.7 -> tta_val_acc=0.9008
muon_lr=0.047 muon_momentum=0.6 bias_lr=21 head_lr=2.8 -> tta_val_acc=0.9023
muon_lr=0.047 muon_momentum=0.6 bias_lr=21 head_lr=4.6 -> tta_val_acc=0.9022
muon_lr=0.047 muon_momentum=0.6 bias_lr=21 head_lr=7.7 -> tta_val_acc=0.9022
muon_lr=0.047 muon_momentum=0.6 bias_lr=21 head_lr=13 -> tta_val_acc=0.9017
muon_lr=0.047 muon_momentum=0.6 bias_lr=21 head_lr=36 -> tta_val_acc=0.9012
muon_lr=0.047 muon_momentum=0.6 bias_lr=21 head_lr=60 -> tta_val_acc=0.9024
muon_lr=0.047 muon_momentum=0.6 bias_lr=21 head_lr=99 -> tta_val_acc=0.9038
muon_lr=0.047 muon_momentum=0.6 bias_lr=21 head_lr=170 -> tta_val_acc=0.9035
muon_lr=0.047 muon_momentum=0.6 bias_lr=21 head_lr=280 -> tta_val_acc=0.9029
muon_lr=0.047 muon_momentum=0.6 bias_lr=21 head_lr=460 -> tta_val_acc=0.9028
muon_lr=0.047 muon_momentum=0.6 bias_lr=21 head_lr=770 -> tta_val_acc=0.9019
muon_lr=0.047 muon_momentum=0.6 bias_lr=21 head_lr=1300 -> tta_val_acc=0.902
muon_lr=0.047 muon_momentum=0.6 bias_lr=21 head_lr=2100 -> tta_val_acc=0.901
muon_lr=0.047 muon_momentum=0.6 bias_lr=21 head_lr=3500 -> tta_val_acc=0.8876
muon_lr=0.047 muon_momentum=0.6 bias_lr=21 head_lr=5900 -> tta_val_acc=0.8754
muon_lr=0.047 muon_momentum=0.6 bias_lr=21 head_lr=9800 -> tta_val_acc=0.7541
muon_lr=0.047 muon_momentum=0.6 bias_lr=21 head_lr=16000 -> tta_val_acc=0.2664
muon_lr=0.047 muon_momentum=0.6 bias_lr=21 head_lr=27000 -> tta_val_acc=0.1
search_path step=0 muon_lr=0.047 muon_momentum=0.6 bias_lr=21 head_lr=21 tta_val_acc=0.902
search_path step=1 muon_lr=0.047 muon_momentum=0.6 bias_lr=21 head_lr=99 tta_val_acc=0.9038
main hparams: muon_lr=0.13 muon_momentum=0.6 bias_lr=60 head_lr=99 main=0.8418, best_cooldown=0.9066
muon_lr=0.047 muon_momentum=0.6 bias_lr=21 head_lr=21 -> tta_val_acc=0.9041
muon_lr=0.047 muon_momentum=0.6 bias_lr=21 head_lr=1 -> tta_val_acc=0.9037
muon_lr=0.047 muon_momentum=0.6 bias_lr=21 head_lr=1.7 -> tta_val_acc=0.905
muon_lr=0.047 muon_momentum=0.6 bias_lr=21 head_lr=2.8 -> tta_val_acc=0.904
muon_lr=0.047 muon_momentum=0.6 bias_lr=21 head_lr=4.6 -> tta_val_acc=0.9034
muon_lr=0.047 muon_momentum=0.6 bias_lr=21 head_lr=7.7 -> tta_val_acc=0.9037
muon_lr=0.047 muon_momentum=0.6 bias_lr=21 head_lr=13 -> tta_val_acc=0.9034
muon_lr=0.047 muon_momentum=0.6 bias_lr=21 head_lr=36 -> tta_val_acc=0.9036
muon_lr=0.047 muon_momentum=0.6 bias_lr=21 head_lr=60 -> tta_val_acc=0.9046
muon_lr=0.047 muon_momentum=0.6 bias_lr=21 head_lr=99 -> tta_val_acc=0.9055
muon_lr=0.047 muon_momentum=0.6 bias_lr=21 head_lr=170 -> tta_val_acc=0.9055
muon_lr=0.047 muon_momentum=0.6 bias_lr=21 head_lr=280 -> tta_val_acc=0.9066
muon_lr=0.047 muon_momentum=0.6 bias_lr=21 head_lr=460 -> tta_val_acc=0.9053
muon_lr=0.047 muon_momentum=0.6 bias_lr=21 head_lr=770 -> tta_val_acc=0.9036
muon_lr=0.047 muon_momentum=0.6 bias_lr=21 head_lr=1300 -> tta_val_acc=0.9043
muon_lr=0.047 muon_momentum=0.6 bias_lr=21 head_lr=2100 -> tta_val_acc=0.9036
muon_lr=0.047 muon_momentum=0.6 bias_lr=21 head_lr=3500 -> tta_val_acc=0.8956
muon_lr=0.047 muon_momentum=0.6 bias_lr=21 head_lr=5900 -> tta_val_acc=0.8844
muon_lr=0.047 muon_momentum=0.6 bias_lr=21 head_lr=9800 -> tta_val_acc=0.7469
muon_lr=0.047 muon_momentum=0.6 bias_lr=21 head_lr=16000 -> tta_val_acc=0.2246
muon_lr=0.047 muon_momentum=0.6 bias_lr=21 head_lr=27000 -> tta_val_acc=0.1
search_path step=0 muon_lr=0.047 muon_momentum=0.6 bias_lr=21 head_lr=21 tta_val_acc=0.9041
search_path step=1 muon_lr=0.047 muon_momentum=0.6 bias_lr=21 head_lr=280 tta_val_acc=0.9066
main hparams: muon_lr=0.13 muon_momentum=0.6 bias_lr=60 head_lr=170 main=0.8351, best_cooldown=0.9087
muon_lr=0.047 muon_momentum=0.6 bias_lr=4.6 head_lr=280 -> tta_val_acc=0.9084
muon_lr=0.047 muon_momentum=0.6 bias_lr=1 head_lr=280 -> tta_val_acc=0.9096
muon_lr=0.047 muon_momentum=0.6 bias_lr=1.7 head_lr=280 -> tta_val_acc=0.9086
muon_lr=0.047 muon_momentum=0.6 bias_lr=2.8 head_lr=280 -> tta_val_acc=0.9085
muon_lr=0.047 muon_momentum=0.6 bias_lr=7.7 head_lr=280 -> tta_val_acc=0.9087
muon_lr=0.047 muon_momentum=0.6 bias_lr=13 head_lr=280 -> tta_val_acc=0.9092
muon_lr=0.047 muon_momentum=0.6 bias_lr=21 head_lr=280 -> tta_val_acc=0.9087
muon_lr=0.047 muon_momentum=0.6 bias_lr=36 head_lr=280 -> tta_val_acc=0.9074
muon_lr=0.047 muon_momentum=0.6 bias_lr=60 head_lr=280 -> tta_val_acc=0.9051
muon_lr=0.047 muon_momentum=0.6 bias_lr=99 head_lr=280 -> tta_val_acc=0.9014
muon_lr=0.047 muon_momentum=0.6 bias_lr=170 head_lr=280 -> tta_val_acc=0.8916
muon_lr=0.047 muon_momentum=0.6 bias_lr=280 head_lr=280 -> tta_val_acc=0.8761
muon_lr=0.047 muon_momentum=0.6 bias_lr=460 head_lr=280 -> tta_val_acc=0.7534
muon_lr=0.047 muon_momentum=0.6 bias_lr=770 head_lr=280 -> tta_val_acc=0.1
muon_lr=0.047 muon_momentum=0.6 bias_lr=1300 head_lr=280 -> tta_val_acc=0.1
muon_lr=0.047 muon_momentum=0.6 bias_lr=2100 head_lr=280 -> tta_val_acc=0.1
muon_lr=0.047 muon_momentum=0.6 bias_lr=3500 head_lr=280 -> tta_val_acc=0.1
muon_lr=0.047 muon_momentum=0.6 bias_lr=5900 head_lr=280 -> tta_val_acc=0.1
muon_lr=0.047 muon_momentum=0.6 bias_lr=9800 head_lr=280 -> tta_val_acc=0.1
muon_lr=0.047 muon_momentum=0.6 bias_lr=16000 head_lr=280 -> tta_val_acc=0.1
muon_lr=0.047 muon_momentum=0.6 bias_lr=27000 head_lr=280 -> tta_val_acc=0.1
muon_lr=0.047 muon_momentum=0.6 bias_lr=21 head_lr=21 -> tta_val_acc=0.9081
muon_lr=0.047 muon_momentum=0.6 bias_lr=21 head_lr=1 -> tta_val_acc=0.9074
muon_lr=0.047 muon_momentum=0.6 bias_lr=21 head_lr=1.7 -> tta_val_acc=0.9083
muon_lr=0.047 muon_momentum=0.6 bias_lr=21 head_lr=2.8 -> tta_val_acc=0.9069
muon_lr=0.047 muon_momentum=0.6 bias_lr=21 head_lr=4.6 -> tta_val_acc=0.9079
muon_lr=0.047 muon_momentum=0.6 bias_lr=21 head_lr=7.7 -> tta_val_acc=0.9071
muon_lr=0.047 muon_momentum=0.6 bias_lr=21 head_lr=13 -> tta_val_acc=0.9075
muon_lr=0.047 muon_momentum=0.6 bias_lr=21 head_lr=36 -> tta_val_acc=0.908
muon_lr=0.047 muon_momentum=0.6 bias_lr=21 head_lr=60 -> tta_val_acc=0.9082
muon_lr=0.047 muon_momentum=0.6 bias_lr=21 head_lr=99 -> tta_val_acc=0.9073
muon_lr=0.047 muon_momentum=0.6 bias_lr=21 head_lr=170 -> tta_val_acc=0.9087
muon_lr=0.047 muon_momentum=0.6 bias_lr=21 head_lr=460 -> tta_val_acc=0.9087
muon_lr=0.047 muon_momentum=0.6 bias_lr=21 head_lr=770 -> tta_val_acc=0.9064
muon_lr=0.047 muon_momentum=0.6 bias_lr=21 head_lr=1300 -> tta_val_acc=0.9036
muon_lr=0.047 muon_momentum=0.6 bias_lr=21 head_lr=2100 -> tta_val_acc=0.9062
muon_lr=0.047 muon_momentum=0.6 bias_lr=21 head_lr=3500 -> tta_val_acc=0.8958
muon_lr=0.047 muon_momentum=0.6 bias_lr=21 head_lr=5900 -> tta_val_acc=0.8298
muon_lr=0.047 muon_momentum=0.6 bias_lr=21 head_lr=9800 -> tta_val_acc=0.7172
muon_lr=0.047 muon_momentum=0.6 bias_lr=21 head_lr=16000 -> tta_val_acc=0.1165
muon_lr=0.047 muon_momentum=0.6 bias_lr=21 head_lr=27000 -> tta_val_acc=0.1
search_path step=0 muon_lr=0.047 muon_momentum=0.6 bias_lr=21 head_lr=21 tta_val_acc=0.9081
search_path step=1 muon_lr=0.047 muon_momentum=0.6 bias_lr=21 head_lr=170 tta_val_acc=0.9087
main hparams: muon_lr=0.13 muon_momentum=0.6 bias_lr=60 head_lr=280 main=0.8366, best_cooldown=0.9101
muon_lr=0.047 muon_momentum=0.6 bias_lr=21 head_lr=21 -> tta_val_acc=0.9101
muon_lr=0.047 muon_momentum=0.6 bias_lr=21 head_lr=1 -> tta_val_acc=0.9084
muon_lr=0.047 muon_momentum=0.6 bias_lr=21 head_lr=1.7 -> tta_val_acc=0.9089
muon_lr=0.047 muon_momentum=0.6 bias_lr=21 head_lr=2.8 -> tta_val_acc=0.9095
muon_lr=0.047 muon_momentum=0.6 bias_lr=21 head_lr=4.6 -> tta_val_acc=0.9095
muon_lr=0.047 muon_momentum=0.6 bias_lr=21 head_lr=7.7 -> tta_val_acc=0.9089
muon_lr=0.047 muon_momentum=0.6 bias_lr=21 head_lr=13 -> tta_val_acc=0.9093
muon_lr=0.047 muon_momentum=0.6 bias_lr=21 head_lr=36 -> tta_val_acc=0.9082
muon_lr=0.047 muon_momentum=0.6 bias_lr=21 head_lr=60 -> tta_val_acc=0.91
muon_lr=0.047 muon_momentum=0.6 bias_lr=21 head_lr=99 -> tta_val_acc=0.9092
muon_lr=0.047 muon_momentum=0.6 bias_lr=21 head_lr=170 -> tta_val_acc=0.9101
muon_lr=0.047 muon_momentum=0.6 bias_lr=21 head_lr=280 -> tta_val_acc=0.9092
muon_lr=0.047 muon_momentum=0.6 bias_lr=21 head_lr=460 -> tta_val_acc=0.9088
muon_lr=0.047 muon_momentum=0.6 bias_lr=21 head_lr=770 -> tta_val_acc=0.9086
muon_lr=0.047 muon_momentum=0.6 bias_lr=21 head_lr=1300 -> tta_val_acc=0.9055
muon_lr=0.047 muon_momentum=0.6 bias_lr=21 head_lr=2100 -> tta_val_acc=0.9066
muon_lr=0.047 muon_momentum=0.6 bias_lr=21 head_lr=3500 -> tta_val_acc=0.8954
muon_lr=0.047 muon_momentum=0.6 bias_lr=21 head_lr=5900 -> tta_val_acc=0.8647
muon_lr=0.047 muon_momentum=0.6 bias_lr=21 head_lr=9800 -> tta_val_acc=0.6933
muon_lr=0.047 muon_momentum=0.6 bias_lr=21 head_lr=16000 -> tta_val_acc=0.6057
muon_lr=0.047 muon_momentum=0.6 bias_lr=21 head_lr=27000 -> tta_val_acc=0.1
search_path step=0 muon_lr=0.047 muon_momentum=0.6 bias_lr=21 head_lr=21 tta_val_acc=0.9101
main hparams: muon_lr=0.13 muon_momentum=0.6 bias_lr=60 head_lr=460 main=0.8462, best_cooldown=0.9098
muon_lr=0.047 muon_momentum=0.6 bias_lr=21 head_lr=21 -> tta_val_acc=0.9096
muon_lr=0.047 muon_momentum=0.6 bias_lr=21 head_lr=1 -> tta_val_acc=0.9095
muon_lr=0.047 muon_momentum=0.6 bias_lr=21 head_lr=1.7 -> tta_val_acc=0.9088
muon_lr=0.047 muon_momentum=0.6 bias_lr=21 head_lr=2.8 -> tta_val_acc=0.9093
muon_lr=0.047 muon_momentum=0.6 bias_lr=21 head_lr=4.6 -> tta_val_acc=0.9098
muon_lr=0.047 muon_momentum=0.6 bias_lr=21 head_lr=7.7 -> tta_val_acc=0.9098
muon_lr=0.047 muon_momentum=0.6 bias_lr=21 head_lr=13 -> tta_val_acc=0.9095
muon_lr=0.047 muon_momentum=0.6 bias_lr=21 head_lr=36 -> tta_val_acc=0.9096
muon_lr=0.047 muon_momentum=0.6 bias_lr=21 head_lr=60 -> tta_val_acc=0.9089
muon_lr=0.047 muon_momentum=0.6 bias_lr=21 head_lr=99 -> tta_val_acc=0.9088
muon_lr=0.047 muon_momentum=0.6 bias_lr=21 head_lr=170 -> tta_val_acc=0.9097
muon_lr=0.047 muon_momentum=0.6 bias_lr=21 head_lr=280 -> tta_val_acc=0.9094
muon_lr=0.047 muon_momentum=0.6 bias_lr=21 head_lr=460 -> tta_val_acc=0.9084
muon_lr=0.047 muon_momentum=0.6 bias_lr=21 head_lr=770 -> tta_val_acc=0.9086
muon_lr=0.047 muon_momentum=0.6 bias_lr=21 head_lr=1300 -> tta_val_acc=0.9054
muon_lr=0.047 muon_momentum=0.6 bias_lr=21 head_lr=2100 -> tta_val_acc=0.9053
muon_lr=0.047 muon_momentum=0.6 bias_lr=21 head_lr=3500 -> tta_val_acc=0.8997
muon_lr=0.047 muon_momentum=0.6 bias_lr=21 head_lr=5900 -> tta_val_acc=0.8643
muon_lr=0.047 muon_momentum=0.6 bias_lr=21 head_lr=9800 -> tta_val_acc=0.8346
muon_lr=0.047 muon_momentum=0.6 bias_lr=21 head_lr=16000 -> tta_val_acc=0.5208
muon_lr=0.047 muon_momentum=0.6 bias_lr=21 head_lr=27000 -> tta_val_acc=0.1551
search_path step=0 muon_lr=0.047 muon_momentum=0.6 bias_lr=21 head_lr=21 tta_val_acc=0.9096
search_path step=1 muon_lr=0.047 muon_momentum=0.6 bias_lr=21 head_lr=4.6 tta_val_acc=0.9098
main hparams: muon_lr=0.13 muon_momentum=0.6 bias_lr=60 head_lr=770 main=0.8355, best_cooldown=0.9128
muon_lr=0.047 muon_momentum=0.6 bias_lr=13 head_lr=21 -> tta_val_acc=0.912
muon_lr=0.047 muon_momentum=0.6 bias_lr=1 head_lr=21 -> tta_val_acc=0.911
muon_lr=0.047 muon_momentum=0.6 bias_lr=1.7 head_lr=21 -> tta_val_acc=0.9112
muon_lr=0.047 muon_momentum=0.6 bias_lr=2.8 head_lr=21 -> tta_val_acc=0.912
muon_lr=0.047 muon_momentum=0.6 bias_lr=4.6 head_lr=21 -> tta_val_acc=0.9118
muon_lr=0.047 muon_momentum=0.6 bias_lr=7.7 head_lr=21 -> tta_val_acc=0.9112
muon_lr=0.047 muon_momentum=0.6 bias_lr=21 head_lr=21 -> tta_val_acc=0.9125
muon_lr=0.047 muon_momentum=0.6 bias_lr=36 head_lr=21 -> tta_val_acc=0.9117
muon_lr=0.047 muon_momentum=0.6 bias_lr=60 head_lr=21 -> tta_val_acc=0.9081
muon_lr=0.047 muon_momentum=0.6 bias_lr=99 head_lr=21 -> tta_val_acc=0.9049
muon_lr=0.047 muon_momentum=0.6 bias_lr=170 head_lr=21 -> tta_val_acc=0.8958
muon_lr=0.047 muon_momentum=0.6 bias_lr=280 head_lr=21 -> tta_val_acc=0.8862
muon_lr=0.047 muon_momentum=0.6 bias_lr=460 head_lr=21 -> tta_val_acc=0.8025
muon_lr=0.047 muon_momentum=0.6 bias_lr=770 head_lr=21 -> tta_val_acc=0.1732
muon_lr=0.047 muon_momentum=0.6 bias_lr=1300 head_lr=21 -> tta_val_acc=0.1
muon_lr=0.047 muon_momentum=0.6 bias_lr=2100 head_lr=21 -> tta_val_acc=0.1
muon_lr=0.047 muon_momentum=0.6 bias_lr=3500 head_lr=21 -> tta_val_acc=0.1
muon_lr=0.047 muon_momentum=0.6 bias_lr=5900 head_lr=21 -> tta_val_acc=0.1
muon_lr=0.047 muon_momentum=0.6 bias_lr=9800 head_lr=21 -> tta_val_acc=0.1
muon_lr=0.047 muon_momentum=0.6 bias_lr=16000 head_lr=21 -> tta_val_acc=0.1
muon_lr=0.047 muon_momentum=0.6 bias_lr=27000 head_lr=21 -> tta_val_acc=0.1
muon_lr=0.047 muon_momentum=0.6 bias_lr=21 head_lr=1 -> tta_val_acc=0.9118
muon_lr=0.047 muon_momentum=0.6 bias_lr=21 head_lr=1.7 -> tta_val_acc=0.9117
muon_lr=0.047 muon_momentum=0.6 bias_lr=21 head_lr=2.8 -> tta_val_acc=0.9128
muon_lr=0.047 muon_momentum=0.6 bias_lr=21 head_lr=4.6 -> tta_val_acc=0.912
muon_lr=0.047 muon_momentum=0.6 bias_lr=21 head_lr=7.7 -> tta_val_acc=0.9109
muon_lr=0.047 muon_momentum=0.6 bias_lr=21 head_lr=13 -> tta_val_acc=0.9109
muon_lr=0.047 muon_momentum=0.6 bias_lr=21 head_lr=36 -> tta_val_acc=0.9118
muon_lr=0.047 muon_momentum=0.6 bias_lr=21 head_lr=60 -> tta_val_acc=0.9114
muon_lr=0.047 muon_momentum=0.6 bias_lr=21 head_lr=99 -> tta_val_acc=0.9125
muon_lr=0.047 muon_momentum=0.6 bias_lr=21 head_lr=170 -> tta_val_acc=0.9127
muon_lr=0.047 muon_momentum=0.6 bias_lr=21 head_lr=280 -> tta_val_acc=0.9122
muon_lr=0.047 muon_momentum=0.6 bias_lr=21 head_lr=460 -> tta_val_acc=0.9126
muon_lr=0.047 muon_momentum=0.6 bias_lr=21 head_lr=770 -> tta_val_acc=0.9101
muon_lr=0.047 muon_momentum=0.6 bias_lr=21 head_lr=1300 -> tta_val_acc=0.9084
muon_lr=0.047 muon_momentum=0.6 bias_lr=21 head_lr=2100 -> tta_val_acc=0.909
muon_lr=0.047 muon_momentum=0.6 bias_lr=21 head_lr=3500 -> tta_val_acc=0.9083
muon_lr=0.047 muon_momentum=0.6 bias_lr=21 head_lr=5900 -> tta_val_acc=0.8938
muon_lr=0.047 muon_momentum=0.6 bias_lr=21 head_lr=9800 -> tta_val_acc=0.8705
muon_lr=0.047 muon_momentum=0.6 bias_lr=21 head_lr=16000 -> tta_val_acc=0.7978
muon_lr=0.047 muon_momentum=0.6 bias_lr=21 head_lr=27000 -> tta_val_acc=0.6244
search_path step=0 muon_lr=0.047 muon_momentum=0.6 bias_lr=27000 head_lr=21 tta_val_acc=0.1
search_path step=1 muon_lr=0.047 muon_momentum=0.6 bias_lr=21 head_lr=2.8 tta_val_acc=0.9128
main hparams: muon_lr=0.13 muon_momentum=0.6 bias_lr=60 head_lr=1300 main=0.844, best_cooldown=0.9113
muon_lr=0.047 muon_momentum=0.6 bias_lr=21 head_lr=2.8 -> tta_val_acc=0.9095
muon_lr=0.047 muon_momentum=0.6 bias_lr=21 head_lr=1 -> tta_val_acc=0.9107
muon_lr=0.047 muon_momentum=0.6 bias_lr=21 head_lr=1.7 -> tta_val_acc=0.9106
muon_lr=0.047 muon_momentum=0.6 bias_lr=21 head_lr=4.6 -> tta_val_acc=0.9097
muon_lr=0.047 muon_momentum=0.6 bias_lr=21 head_lr=7.7 -> tta_val_acc=0.9087
muon_lr=0.047 muon_momentum=0.6 bias_lr=21 head_lr=13 -> tta_val_acc=0.9112
muon_lr=0.047 muon_momentum=0.6 bias_lr=21 head_lr=21 -> tta_val_acc=0.9103
muon_lr=0.047 muon_momentum=0.6 bias_lr=21 head_lr=36 -> tta_val_acc=0.9085
muon_lr=0.047 muon_momentum=0.6 bias_lr=21 head_lr=60 -> tta_val_acc=0.9102
muon_lr=0.047 muon_momentum=0.6 bias_lr=21 head_lr=99 -> tta_val_acc=0.91
muon_lr=0.047 muon_momentum=0.6 bias_lr=21 head_lr=170 -> tta_val_acc=0.9113
muon_lr=0.047 muon_momentum=0.6 bias_lr=21 head_lr=280 -> tta_val_acc=0.9106
muon_lr=0.047 muon_momentum=0.6 bias_lr=21 head_lr=460 -> tta_val_acc=0.9105
muon_lr=0.047 muon_momentum=0.6 bias_lr=21 head_lr=770 -> tta_val_acc=0.9106
muon_lr=0.047 muon_momentum=0.6 bias_lr=21 head_lr=1300 -> tta_val_acc=0.9099
muon_lr=0.047 muon_momentum=0.6 bias_lr=21 head_lr=2100 -> tta_val_acc=0.9093
muon_lr=0.047 muon_momentum=0.6 bias_lr=21 head_lr=3500 -> tta_val_acc=0.9083
muon_lr=0.047 muon_momentum=0.6 bias_lr=21 head_lr=5900 -> tta_val_acc=0.9068
muon_lr=0.047 muon_momentum=0.6 bias_lr=21 head_lr=9800 -> tta_val_acc=0.8949
muon_lr=0.047 muon_momentum=0.6 bias_lr=21 head_lr=16000 -> tta_val_acc=0.8727
muon_lr=0.047 muon_momentum=0.6 bias_lr=21 head_lr=27000 -> tta_val_acc=0.8486
search_path step=0 muon_lr=0.047 muon_momentum=0.6 bias_lr=21 head_lr=2.8 tta_val_acc=0.9095
search_path step=1 muon_lr=0.047 muon_momentum=0.6 bias_lr=21 head_lr=170 tta_val_acc=0.9113
main hparams: muon_lr=0.13 muon_momentum=0.6 bias_lr=60 head_lr=2100 main=0.8311, best_cooldown=0.9085
muon_lr=0.047 muon_momentum=0.6 bias_lr=21 head_lr=2.8 -> tta_val_acc=0.9085
muon_lr=0.047 muon_momentum=0.6 bias_lr=21 head_lr=1 -> tta_val_acc=0.9084
muon_lr=0.047 muon_momentum=0.6 bias_lr=21 head_lr=1.7 -> tta_val_acc=0.9083
muon_lr=0.047 muon_momentum=0.6 bias_lr=21 head_lr=4.6 -> tta_val_acc=0.9075
muon_lr=0.047 muon_momentum=0.6 bias_lr=21 head_lr=7.7 -> tta_val_acc=0.9077
muon_lr=0.047 muon_momentum=0.6 bias_lr=21 head_lr=13 -> tta_val_acc=0.9079
muon_lr=0.047 muon_momentum=0.6 bias_lr=21 head_lr=21 -> tta_val_acc=0.9076
muon_lr=0.047 muon_momentum=0.6 bias_lr=21 head_lr=36 -> tta_val_acc=0.9081
muon_lr=0.047 muon_momentum=0.6 bias_lr=21 head_lr=60 -> tta_val_acc=0.9079
muon_lr=0.047 muon_momentum=0.6 bias_lr=21 head_lr=99 -> tta_val_acc=0.9067
muon_lr=0.047 muon_momentum=0.6 bias_lr=21 head_lr=170 -> tta_val_acc=0.9082
muon_lr=0.047 muon_momentum=0.6 bias_lr=21 head_lr=280 -> tta_val_acc=0.9069
muon_lr=0.047 muon_momentum=0.6 bias_lr=21 head_lr=460 -> tta_val_acc=0.9082
muon_lr=0.047 muon_momentum=0.6 bias_lr=21 head_lr=770 -> tta_val_acc=0.9072
muon_lr=0.047 muon_momentum=0.6 bias_lr=21 head_lr=1300 -> tta_val_acc=0.9083
muon_lr=0.047 muon_momentum=0.6 bias_lr=21 head_lr=2100 -> tta_val_acc=0.9084
muon_lr=0.047 muon_momentum=0.6 bias_lr=21 head_lr=3500 -> tta_val_acc=0.9066
muon_lr=0.047 muon_momentum=0.6 bias_lr=21 head_lr=5900 -> tta_val_acc=0.9056
muon_lr=0.047 muon_momentum=0.6 bias_lr=21 head_lr=9800 -> tta_val_acc=0.9077
muon_lr=0.047 muon_momentum=0.6 bias_lr=21 head_lr=16000 -> tta_val_acc=0.8982
muon_lr=0.047 muon_momentum=0.6 bias_lr=21 head_lr=27000 -> tta_val_acc=0.868
search_path step=0 muon_lr=0.047 muon_momentum=0.6 bias_lr=21 head_lr=2.8 tta_val_acc=0.9085
main hparams: muon_lr=0.13 muon_momentum=0.6 bias_lr=60 head_lr=3500 main=0.8113, best_cooldown=0.8984
muon_lr=0.047 muon_momentum=0.6 bias_lr=21 head_lr=2.8 -> tta_val_acc=0.8953
muon_lr=0.047 muon_momentum=0.6 bias_lr=21 head_lr=1 -> tta_val_acc=0.8956
muon_lr=0.047 muon_momentum=0.6 bias_lr=21 head_lr=1.7 -> tta_val_acc=0.8962
muon_lr=0.047 muon_momentum=0.6 bias_lr=21 head_lr=4.6 -> tta_val_acc=0.8966
muon_lr=0.047 muon_momentum=0.6 bias_lr=21 head_lr=7.7 -> tta_val_acc=0.8969
muon_lr=0.047 muon_momentum=0.6 bias_lr=21 head_lr=13 -> tta_val_acc=0.8963
muon_lr=0.047 muon_momentum=0.6 bias_lr=21 head_lr=21 -> tta_val_acc=0.8971
muon_lr=0.047 muon_momentum=0.6 bias_lr=21 head_lr=36 -> tta_val_acc=0.8971
muon_lr=0.047 muon_momentum=0.6 bias_lr=21 head_lr=60 -> tta_val_acc=0.8968
muon_lr=0.047 muon_momentum=0.6 bias_lr=21 head_lr=99 -> tta_val_acc=0.8958
muon_lr=0.047 muon_momentum=0.6 bias_lr=21 head_lr=170 -> tta_val_acc=0.8956
muon_lr=0.047 muon_momentum=0.6 bias_lr=21 head_lr=280 -> tta_val_acc=0.8971
muon_lr=0.047 muon_momentum=0.6 bias_lr=21 head_lr=460 -> tta_val_acc=0.8968
muon_lr=0.047 muon_momentum=0.6 bias_lr=21 head_lr=770 -> tta_val_acc=0.8959
muon_lr=0.047 muon_momentum=0.6 bias_lr=21 head_lr=1300 -> tta_val_acc=0.8983
muon_lr=0.047 muon_momentum=0.6 bias_lr=21 head_lr=2100 -> tta_val_acc=0.8964
muon_lr=0.047 muon_momentum=0.6 bias_lr=21 head_lr=3500 -> tta_val_acc=0.8984
muon_lr=0.047 muon_momentum=0.6 bias_lr=21 head_lr=5900 -> tta_val_acc=0.897
muon_lr=0.047 muon_momentum=0.6 bias_lr=21 head_lr=9800 -> tta_val_acc=0.8963
muon_lr=0.047 muon_momentum=0.6 bias_lr=21 head_lr=16000 -> tta_val_acc=0.896
muon_lr=0.047 muon_momentum=0.6 bias_lr=21 head_lr=27000 -> tta_val_acc=0.894
search_path step=0 muon_lr=0.047 muon_momentum=0.6 bias_lr=21 head_lr=2.8 tta_val_acc=0.8953
search_path step=1 muon_lr=0.047 muon_momentum=0.6 bias_lr=21 head_lr=3500 tta_val_acc=0.8984
main hparams: muon_lr=0.13 muon_momentum=0.6 bias_lr=60 head_lr=5900 main=0.662, best_cooldown=0.8696
muon_lr=0.047 muon_momentum=0.6 bias_lr=21 head_lr=2.8 -> tta_val_acc=0.8666
muon_lr=0.047 muon_momentum=0.6 bias_lr=21 head_lr=1 -> tta_val_acc=0.8652
muon_lr=0.047 muon_momentum=0.6 bias_lr=21 head_lr=1.7 -> tta_val_acc=0.8655
muon_lr=0.047 muon_momentum=0.6 bias_lr=21 head_lr=4.6 -> tta_val_acc=0.8669
muon_lr=0.047 muon_momentum=0.6 bias_lr=21 head_lr=7.7 -> tta_val_acc=0.8665
muon_lr=0.047 muon_momentum=0.6 bias_lr=21 head_lr=13 -> tta_val_acc=0.8669
muon_lr=0.047 muon_momentum=0.6 bias_lr=21 head_lr=21 -> tta_val_acc=0.8661
muon_lr=0.047 muon_momentum=0.6 bias_lr=21 head_lr=36 -> tta_val_acc=0.8666
muon_lr=0.047 muon_momentum=0.6 bias_lr=21 head_lr=60 -> tta_val_acc=0.8664
muon_lr=0.047 muon_momentum=0.6 bias_lr=21 head_lr=99 -> tta_val_acc=0.8675
muon_lr=0.047 muon_momentum=0.6 bias_lr=21 head_lr=170 -> tta_val_acc=0.867
muon_lr=0.047 muon_momentum=0.6 bias_lr=21 head_lr=280 -> tta_val_acc=0.8654
muon_lr=0.047 muon_momentum=0.6 bias_lr=21 head_lr=460 -> tta_val_acc=0.8667
muon_lr=0.047 muon_momentum=0.6 bias_lr=21 head_lr=770 -> tta_val_acc=0.8681
muon_lr=0.047 muon_momentum=0.6 bias_lr=21 head_lr=1300 -> tta_val_acc=0.8679
muon_lr=0.047 muon_momentum=0.6 bias_lr=21 head_lr=2100 -> tta_val_acc=0.8696
muon_lr=0.047 muon_momentum=0.6 bias_lr=21 head_lr=3500 -> tta_val_acc=0.8694
muon_lr=0.047 muon_momentum=0.6 bias_lr=21 head_lr=5900 -> tta_val_acc=0.8684
muon_lr=0.047 muon_momentum=0.6 bias_lr=21 head_lr=9800 -> tta_val_acc=0.8652
muon_lr=0.047 muon_momentum=0.6 bias_lr=21 head_lr=16000 -> tta_val_acc=0.8673
muon_lr=0.047 muon_momentum=0.6 bias_lr=21 head_lr=27000 -> tta_val_acc=0.864
search_path step=0 muon_lr=0.047 muon_momentum=0.6 bias_lr=21 head_lr=2.8 tta_val_acc=0.8666
search_path step=1 muon_lr=0.047 muon_momentum=0.6 bias_lr=21 head_lr=2100 tta_val_acc=0.8696
main hparams: muon_lr=0.13 muon_momentum=0.6 bias_lr=60 head_lr=9800 main=0.2371, best_cooldown=0.3996
muon_lr=0.047 muon_momentum=0.6 bias_lr=21 head_lr=2.8 -> tta_val_acc=0.3649
muon_lr=0.047 muon_momentum=0.6 bias_lr=21 head_lr=1 -> tta_val_acc=0.3671
muon_lr=0.047 muon_momentum=0.6 bias_lr=21 head_lr=1.7 -> tta_val_acc=0.3651
muon_lr=0.047 muon_momentum=0.6 bias_lr=21 head_lr=4.6 -> tta_val_acc=0.3661
muon_lr=0.047 muon_momentum=0.6 bias_lr=21 head_lr=7.7 -> tta_val_acc=0.3657
muon_lr=0.047 muon_momentum=0.6 bias_lr=21 head_lr=13 -> tta_val_acc=0.3645
muon_lr=0.047 muon_momentum=0.6 bias_lr=21 head_lr=21 -> tta_val_acc=0.3625
muon_lr=0.047 muon_momentum=0.6 bias_lr=21 head_lr=36 -> tta_val_acc=0.3578
muon_lr=0.047 muon_momentum=0.6 bias_lr=21 head_lr=60 -> tta_val_acc=0.3564
muon_lr=0.047 muon_momentum=0.6 bias_lr=21 head_lr=99 -> tta_val_acc=0.3495
muon_lr=0.047 muon_momentum=0.6 bias_lr=21 head_lr=170 -> tta_val_acc=0.3413
muon_lr=0.047 muon_momentum=0.6 bias_lr=21 head_lr=280 -> tta_val_acc=0.3579
muon_lr=0.047 muon_momentum=0.6 bias_lr=21 head_lr=460 -> tta_val_acc=0.3575
muon_lr=0.047 muon_momentum=0.6 bias_lr=21 head_lr=770 -> tta_val_acc=0.3529
muon_lr=0.047 muon_momentum=0.6 bias_lr=21 head_lr=1300 -> tta_val_acc=0.368
muon_lr=0.047 muon_momentum=0.6 bias_lr=21 head_lr=2100 -> tta_val_acc=0.3798
muon_lr=0.047 muon_momentum=0.6 bias_lr=21 head_lr=3500 -> tta_val_acc=0.3996
muon_lr=0.047 muon_momentum=0.6 bias_lr=21 head_lr=5900 -> tta_val_acc=0.2832
muon_lr=0.047 muon_momentum=0.6 bias_lr=21 head_lr=9800 -> tta_val_acc=0.183
muon_lr=0.047 muon_momentum=0.6 bias_lr=21 head_lr=16000 -> tta_val_acc=0.1108
muon_lr=0.047 muon_momentum=0.6 bias_lr=21 head_lr=27000 -> tta_val_acc=0.2719
search_path step=0 muon_lr=0.047 muon_momentum=0.6 bias_lr=21 head_lr=2.8 tta_val_acc=0.3649
search_path step=1 muon_lr=0.047 muon_momentum=0.6 bias_lr=21 head_lr=3500 tta_val_acc=0.3996
main hparams: muon_lr=0.13 muon_momentum=0.6 bias_lr=60 head_lr=16000 main=0.1, best_cooldown=0.1
muon_lr=0.047 muon_momentum=0.6 bias_lr=21 head_lr=2.8 -> tta_val_acc=0.1
muon_lr=0.047 muon_momentum=0.6 bias_lr=21 head_lr=1 -> tta_val_acc=0.1
muon_lr=0.047 muon_momentum=0.6 bias_lr=21 head_lr=1.7 -> tta_val_acc=0.1
muon_lr=0.047 muon_momentum=0.6 bias_lr=21 head_lr=4.6 -> tta_val_acc=0.1
muon_lr=0.047 muon_momentum=0.6 bias_lr=21 head_lr=7.7 -> tta_val_acc=0.1
muon_lr=0.047 muon_momentum=0.6 bias_lr=21 head_lr=13 -> tta_val_acc=0.1
muon_lr=0.047 muon_momentum=0.6 bias_lr=21 head_lr=21 -> tta_val_acc=0.1
muon_lr=0.047 muon_momentum=0.6 bias_lr=21 head_lr=36 -> tta_val_acc=0.1
muon_lr=0.047 muon_momentum=0.6 bias_lr=21 head_lr=60 -> tta_val_acc=0.1
muon_lr=0.047 muon_momentum=0.6 bias_lr=21 head_lr=99 -> tta_val_acc=0.1
muon_lr=0.047 muon_momentum=0.6 bias_lr=21 head_lr=170 -> tta_val_acc=0.1
muon_lr=0.047 muon_momentum=0.6 bias_lr=21 head_lr=280 -> tta_val_acc=0.1
muon_lr=0.047 muon_momentum=0.6 bias_lr=21 head_lr=460 -> tta_val_acc=0.1
muon_lr=0.047 muon_momentum=0.6 bias_lr=21 head_lr=770 -> tta_val_acc=0.1
muon_lr=0.047 muon_momentum=0.6 bias_lr=21 head_lr=1300 -> tta_val_acc=0.1
muon_lr=0.047 muon_momentum=0.6 bias_lr=21 head_lr=2100 -> tta_val_acc=0.1
muon_lr=0.047 muon_momentum=0.6 bias_lr=21 head_lr=3500 -> tta_val_acc=0.1
muon_lr=0.047 muon_momentum=0.6 bias_lr=21 head_lr=5900 -> tta_val_acc=0.1
muon_lr=0.047 muon_momentum=0.6 bias_lr=21 head_lr=9800 -> tta_val_acc=0.1
muon_lr=0.047 muon_momentum=0.6 bias_lr=21 head_lr=16000 -> tta_val_acc=0.1
muon_lr=0.047 muon_momentum=0.6 bias_lr=21 head_lr=27000 -> tta_val_acc=0.1
search_path step=0 muon_lr=0.047 muon_momentum=0.6 bias_lr=21 head_lr=2.8 tta_val_acc=0.1
search_path step=1 muon_lr=0.047 muon_momentum=0.6 bias_lr=21 head_lr=1 tta_val_acc=0.1
main hparams: muon_lr=0.13 muon_momentum=0.6 bias_lr=60 head_lr=27000 main=0.1, best_cooldown=0.1
muon_lr=0.047 muon_momentum=0.6 bias_lr=21 head_lr=2.8 -> tta_val_acc=0.1
muon_lr=0.047 muon_momentum=0.6 bias_lr=21 head_lr=1 -> tta_val_acc=0.1
muon_lr=0.047 muon_momentum=0.6 bias_lr=21 head_lr=1.7 -> tta_val_acc=0.1
muon_lr=0.047 muon_momentum=0.6 bias_lr=21 head_lr=4.6 -> tta_val_acc=0.1
muon_lr=0.047 muon_momentum=0.6 bias_lr=21 head_lr=7.7 -> tta_val_acc=0.1
muon_lr=0.047 muon_momentum=0.6 bias_lr=21 head_lr=13 -> tta_val_acc=0.1
muon_lr=0.047 muon_momentum=0.6 bias_lr=21 head_lr=21 -> tta_val_acc=0.1
muon_lr=0.047 muon_momentum=0.6 bias_lr=21 head_lr=36 -> tta_val_acc=0.1
muon_lr=0.047 muon_momentum=0.6 bias_lr=21 head_lr=60 -> tta_val_acc=0.1
muon_lr=0.047 muon_momentum=0.6 bias_lr=21 head_lr=99 -> tta_val_acc=0.1
muon_lr=0.047 muon_momentum=0.6 bias_lr=21 head_lr=170 -> tta_val_acc=0.1
muon_lr=0.047 muon_momentum=0.6 bias_lr=21 head_lr=280 -> tta_val_acc=0.1
muon_lr=0.047 muon_momentum=0.6 bias_lr=21 head_lr=460 -> tta_val_acc=0.1
muon_lr=0.047 muon_momentum=0.6 bias_lr=21 head_lr=770 -> tta_val_acc=0.1
muon_lr=0.047 muon_momentum=0.6 bias_lr=21 head_lr=1300 -> tta_val_acc=0.1
muon_lr=0.047 muon_momentum=0.6 bias_lr=21 head_lr=2100 -> tta_val_acc=0.1
muon_lr=0.047 muon_momentum=0.6 bias_lr=21 head_lr=3500 -> tta_val_acc=0.1
muon_lr=0.047 muon_momentum=0.6 bias_lr=21 head_lr=5900 -> tta_val_acc=0.1
muon_lr=0.047 muon_momentum=0.6 bias_lr=21 head_lr=9800 -> tta_val_acc=0.1
muon_lr=0.047 muon_momentum=0.6 bias_lr=21 head_lr=16000 -> tta_val_acc=0.1
muon_lr=0.047 muon_momentum=0.6 bias_lr=21 head_lr=27000 -> tta_val_acc=0.1
search_path step=0 muon_lr=0.047 muon_momentum=0.6 bias_lr=21 head_lr=2.8 tta_val_acc=0.1
search_path step=1 muon_lr=0.047 muon_momentum=0.6 bias_lr=21 head_lr=1 tta_val_acc=0.1
main hparams: muon_lr=0.078 muon_momentum=0.6 bias_lr=60 head_lr=770 main=0.847, best_cooldown=0.9043
muon_lr=0.047 muon_momentum=0.6 bias_lr=21 head_lr=2.8 -> tta_val_acc=0.904
muon_lr=0.028 muon_momentum=0.6 bias_lr=21 head_lr=2.8 -> tta_val_acc=0.9043
muon_lr=0.017 muon_momentum=0.6 bias_lr=21 head_lr=2.8 -> tta_val_acc=0.9012
search_path step=0 muon_lr=0.047 muon_momentum=0.6 bias_lr=21 head_lr=2.8 tta_val_acc=0.904
search_path step=1 muon_lr=0.028 muon_momentum=0.6 bias_lr=21 head_lr=2.8 tta_val_acc=0.9043
main hparams: muon_lr=0.22 muon_momentum=0.6 bias_lr=60 head_lr=770 main=0.8077, best_cooldown=0.9102
muon_lr=0.047 muon_momentum=0.6 bias_lr=21 head_lr=2.8 -> tta_val_acc=0.9102
muon_lr=0.028 muon_momentum=0.6 bias_lr=21 head_lr=2.8 -> tta_val_acc=0.9076
muon_lr=0.078 muon_momentum=0.6 bias_lr=21 head_lr=2.8 -> tta_val_acc=0.9043
search_path step=0 muon_lr=0.047 muon_momentum=0.6 bias_lr=21 head_lr=2.8 tta_val_acc=0.9102
main hparams: muon_lr=0.13 muon_momentum=0.5 bias_lr=60 head_lr=770 main=0.8363, best_cooldown=0.9098
muon_lr=0.047 muon_momentum=0.5 bias_lr=21 head_lr=2.8 -> tta_val_acc=0.9098
muon_lr=0.028 muon_momentum=0.5 bias_lr=21 head_lr=2.8 -> tta_val_acc=0.9094
muon_lr=0.078 muon_momentum=0.5 bias_lr=21 head_lr=2.8 -> tta_val_acc=0.8973
search_path step=0 muon_lr=0.047 muon_momentum=0.5 bias_lr=21 head_lr=2.8 tta_val_acc=0.9098
main hparams: muon_lr=0.13 muon_momentum=0.7 bias_lr=60 head_lr=770 main=0.8334, best_cooldown=0.9096
muon_lr=0.047 muon_momentum=0.7 bias_lr=21 head_lr=2.8 -> tta_val_acc=0.9053
muon_lr=0.028 muon_momentum=0.7 bias_lr=21 head_lr=2.8 -> tta_val_acc=0.9096
muon_lr=0.017 muon_momentum=0.7 bias_lr=21 head_lr=2.8 -> tta_val_acc=0.9043
search_path step=0 muon_lr=0.047 muon_momentum=0.7 bias_lr=21 head_lr=2.8 tta_val_acc=0.9053
search_path step=1 muon_lr=0.028 muon_momentum=0.7 bias_lr=21 head_lr=2.8 tta_val_acc=0.9096
main hparams: muon_lr=0.13 muon_momentum=0.6 bias_lr=60 head_lr=770 main=0.8355, best_cooldown=0.912
muon_lr=0.047 muon_momentum=0.6 bias_lr=13 head_lr=21 -> tta_val_acc=0.912
muon_lr=0.047 muon_momentum=0.6 bias_lr=1 head_lr=21 -> tta_val_acc=0.911
muon_lr=0.047 muon_momentum=0.6 bias_lr=1.7 head_lr=21 -> tta_val_acc=0.9112
muon_lr=0.047 muon_momentum=0.6 bias_lr=2.8 head_lr=21 -> tta_val_acc=0.912
muon_lr=0.047 muon_momentum=0.6 bias_lr=4.6 head_lr=21 -> tta_val_acc=0.9118
muon_lr=0.047 muon_momentum=0.6 bias_lr=7.7 head_lr=21 -> tta_val_acc=0.9112
muon_lr=0.047 muon_momentum=0.6 bias_lr=21 head_lr=21 -> tta_val_acc=0.9125
muon_lr=0.047 muon_momentum=0.6 bias_lr=36 head_lr=21 -> tta_val_acc=0.9117
muon_lr=0.047 muon_momentum=0.6 bias_lr=60 head_lr=21 -> tta_val_acc=0.9081
muon_lr=0.047 muon_momentum=0.6 bias_lr=99 head_lr=21 -> tta_val_acc=0.9049
muon_lr=0.047 muon_momentum=0.6 bias_lr=170 head_lr=21 -> tta_val_acc=0.8958
muon_lr=0.047 muon_momentum=0.6 bias_lr=280 head_lr=21 -> tta_val_acc=0.8862
muon_lr=0.047 muon_momentum=0.6 bias_lr=460 head_lr=21 -> tta_val_acc=0.8025
muon_lr=0.047 muon_momentum=0.6 bias_lr=770 head_lr=21 -> tta_val_acc=0.1732
muon_lr=0.047 muon_momentum=0.6 bias_lr=1300 head_lr=21 -> tta_val_acc=0.1
muon_lr=0.047 muon_momentum=0.6 bias_lr=2100 head_lr=21 -> tta_val_acc=0.1
muon_lr=0.047 muon_momentum=0.6 bias_lr=3500 head_lr=21 -> tta_val_acc=0.1
muon_lr=0.047 muon_momentum=0.6 bias_lr=5900 head_lr=21 -> tta_val_acc=0.1
muon_lr=0.047 muon_momentum=0.6 bias_lr=9800 head_lr=21 -> tta_val_acc=0.1
muon_lr=0.047 muon_momentum=0.6 bias_lr=16000 head_lr=21 -> tta_val_acc=0.1
muon_lr=0.047 muon_momentum=0.6 bias_lr=27000 head_lr=21 -> tta_val_acc=0.1
muon_lr=0.047 muon_momentum=0.6 bias_lr=21 head_lr=1 -> tta_val_acc=0.9118
muon_lr=0.047 muon_momentum=0.6 bias_lr=21 head_lr=1.7 -> tta_val_acc=0.9117
muon_lr=0.047 muon_momentum=0.6 bias_lr=21 head_lr=2.8 -> tta_val_acc=0.9128
muon_lr=0.047 muon_momentum=0.6 bias_lr=21 head_lr=4.6 -> tta_val_acc=0.912
muon_lr=0.047 muon_momentum=0.6 bias_lr=21 head_lr=7.7 -> tta_val_acc=0.9109
muon_lr=0.047 muon_momentum=0.6 bias_lr=21 head_lr=13 -> tta_val_acc=0.9109
muon_lr=0.047 muon_momentum=0.6 bias_lr=21 head_lr=36 -> tta_val_acc=0.9118
muon_lr=0.047 muon_momentum=0.6 bias_lr=21 head_lr=60 -> tta_val_acc=0.9114
muon_lr=0.047 muon_momentum=0.6 bias_lr=21 head_lr=99 -> tta_val_acc=0.9125
muon_lr=0.047 muon_momentum=0.6 bias_lr=21 head_lr=170 -> tta_val_acc=0.9127
muon_lr=0.047 muon_momentum=0.6 bias_lr=21 head_lr=280 -> tta_val_acc=0.9122
muon_lr=0.047 muon_momentum=0.6 bias_lr=21 head_lr=460 -> tta_val_acc=0.9126
muon_lr=0.047 muon_momentum=0.6 bias_lr=21 head_lr=770 -> tta_val_acc=0.9101
muon_lr=0.047 muon_momentum=0.6 bias_lr=21 head_lr=1300 -> tta_val_acc=0.9084
muon_lr=0.047 muon_momentum=0.6 bias_lr=21 head_lr=2100 -> tta_val_acc=0.909
muon_lr=0.047 muon_momentum=0.6 bias_lr=21 head_lr=3500 -> tta_val_acc=0.9083
muon_lr=0.047 muon_momentum=0.6 bias_lr=21 head_lr=5900 -> tta_val_acc=0.8938
muon_lr=0.047 muon_momentum=0.6 bias_lr=21 head_lr=9800 -> tta_val_acc=0.8705
muon_lr=0.047 muon_momentum=0.6 bias_lr=21 head_lr=16000 -> tta_val_acc=0.7978
muon_lr=0.047 muon_momentum=0.6 bias_lr=21 head_lr=27000 -> tta_val_acc=0.6244
search_path step=0 muon_lr=0.047 muon_momentum=0.6 bias_lr=21 head_lr=27000 tta_val_acc=0.6244
search_path step=1 muon_lr=0.047 muon_momentum=0.6 bias_lr=2.8 head_lr=21 tta_val_acc=0.912
main hparams: muon_lr=0.13 muon_momentum=0.6 bias_lr=60 head_lr=770 main=0.8355, best_cooldown=0.9128
muon_lr=0.047 muon_momentum=0.6 bias_lr=13 head_lr=21 -> tta_val_acc=0.912
muon_lr=0.047 muon_momentum=0.6 bias_lr=1 head_lr=21 -> tta_val_acc=0.911
muon_lr=0.047 muon_momentum=0.6 bias_lr=1.7 head_lr=21 -> tta_val_acc=0.9112
muon_lr=0.047 muon_momentum=0.6 bias_lr=2.8 head_lr=21 -> tta_val_acc=0.912
muon_lr=0.047 muon_momentum=0.6 bias_lr=4.6 head_lr=21 -> tta_val_acc=0.9118
muon_lr=0.047 muon_momentum=0.6 bias_lr=7.7 head_lr=21 -> tta_val_acc=0.9112
muon_lr=0.047 muon_momentum=0.6 bias_lr=21 head_lr=21 -> tta_val_acc=0.9125
muon_lr=0.047 muon_momentum=0.6 bias_lr=36 head_lr=21 -> tta_val_acc=0.9117
muon_lr=0.047 muon_momentum=0.6 bias_lr=60 head_lr=21 -> tta_val_acc=0.9081
muon_lr=0.047 muon_momentum=0.6 bias_lr=99 head_lr=21 -> tta_val_acc=0.9049
muon_lr=0.047 muon_momentum=0.6 bias_lr=170 head_lr=21 -> tta_val_acc=0.8958
muon_lr=0.047 muon_momentum=0.6 bias_lr=280 head_lr=21 -> tta_val_acc=0.8862
muon_lr=0.047 muon_momentum=0.6 bias_lr=460 head_lr=21 -> tta_val_acc=0.8025
muon_lr=0.047 muon_momentum=0.6 bias_lr=770 head_lr=21 -> tta_val_acc=0.1732
muon_lr=0.047 muon_momentum=0.6 bias_lr=1300 head_lr=21 -> tta_val_acc=0.1
muon_lr=0.047 muon_momentum=0.6 bias_lr=2100 head_lr=21 -> tta_val_acc=0.1
muon_lr=0.047 muon_momentum=0.6 bias_lr=3500 head_lr=21 -> tta_val_acc=0.1
muon_lr=0.047 muon_momentum=0.6 bias_lr=5900 head_lr=21 -> tta_val_acc=0.1
muon_lr=0.047 muon_momentum=0.6 bias_lr=9800 head_lr=21 -> tta_val_acc=0.1
muon_lr=0.047 muon_momentum=0.6 bias_lr=16000 head_lr=21 -> tta_val_acc=0.1
muon_lr=0.047 muon_momentum=0.6 bias_lr=27000 head_lr=21 -> tta_val_acc=0.1
muon_lr=0.047 muon_momentum=0.6 bias_lr=21 head_lr=1 -> tta_val_acc=0.9118
muon_lr=0.047 muon_momentum=0.6 bias_lr=21 head_lr=1.7 -> tta_val_acc=0.9117
muon_lr=0.047 muon_momentum=0.6 bias_lr=21 head_lr=2.8 -> tta_val_acc=0.9128
muon_lr=0.047 muon_momentum=0.6 bias_lr=21 head_lr=4.6 -> tta_val_acc=0.912
muon_lr=0.047 muon_momentum=0.6 bias_lr=21 head_lr=7.7 -> tta_val_acc=0.9109
muon_lr=0.047 muon_momentum=0.6 bias_lr=21 head_lr=13 -> tta_val_acc=0.9109
muon_lr=0.047 muon_momentum=0.6 bias_lr=21 head_lr=36 -> tta_val_acc=0.9118
muon_lr=0.047 muon_momentum=0.6 bias_lr=21 head_lr=60 -> tta_val_acc=0.9114
muon_lr=0.047 muon_momentum=0.6 bias_lr=21 head_lr=99 -> tta_val_acc=0.9125
muon_lr=0.047 muon_momentum=0.6 bias_lr=21 head_lr=170 -> tta_val_acc=0.9127
muon_lr=0.047 muon_momentum=0.6 bias_lr=21 head_lr=280 -> tta_val_acc=0.9122
muon_lr=0.047 muon_momentum=0.6 bias_lr=21 head_lr=460 -> tta_val_acc=0.9126
muon_lr=0.047 muon_momentum=0.6 bias_lr=21 head_lr=770 -> tta_val_acc=0.9101
muon_lr=0.047 muon_momentum=0.6 bias_lr=21 head_lr=1300 -> tta_val_acc=0.9084
muon_lr=0.047 muon_momentum=0.6 bias_lr=21 head_lr=2100 -> tta_val_acc=0.909
muon_lr=0.047 muon_momentum=0.6 bias_lr=21 head_lr=3500 -> tta_val_acc=0.9083
muon_lr=0.047 muon_momentum=0.6 bias_lr=21 head_lr=5900 -> tta_val_acc=0.8938
muon_lr=0.047 muon_momentum=0.6 bias_lr=21 head_lr=9800 -> tta_val_acc=0.8705
muon_lr=0.047 muon_momentum=0.6 bias_lr=21 head_lr=16000 -> tta_val_acc=0.7978
muon_lr=0.047 muon_momentum=0.6 bias_lr=21 head_lr=27000 -> tta_val_acc=0.6244
search_path step=0 muon_lr=0.047 muon_momentum=0.6 bias_lr=27000 head_lr=21 tta_val_acc=0.1
search_path step=1 muon_lr=0.047 muon_momentum=0.6 bias_lr=21 head_lr=2.8 tta_val_acc=0.9128
search_path step=0 muon_lr=0.078 muon_momentum=0.6 bias_lr=99 head_lr=170 tta_val_acc=0.902
search_path step=1 muon_lr=0.13 muon_momentum=0.6 bias_lr=99 head_lr=170 tta_val_acc=0.9084
search_path step=2 muon_lr=0.13 muon_momentum=0.6 bias_lr=36 head_lr=170 tta_val_acc=0.9087
search_path step=3 muon_lr=0.13 muon_momentum=0.6 bias_lr=36 head_lr=770 tta_val_acc=0.9079
search_path step=4 muon_lr=0.13 muon_momentum=0.6 bias_lr=60 head_lr=770 tta_val_acc=0.9128
main hparams: muon_lr=0.13 muon_momentum=0.6 bias_lr=60 head_lr=770 main=0.8355, best_cooldown=0.9128
muon_lr=0.047 muon_momentum=0.6 bias_lr=21 head_lr=2.8 -> tta_val_acc=0.9128
muon_lr=0.028 muon_momentum=0.6 bias_lr=21 head_lr=2.8 -> tta_val_acc=0.9101
muon_lr=0.078 muon_momentum=0.6 bias_lr=21 head_lr=2.8 -> tta_val_acc=0.8993
muon_lr=0.047 muon_momentum=0.6 bias_lr=1 head_lr=2.8 -> tta_val_acc=0.9122
muon_lr=0.047 muon_momentum=0.6 bias_lr=1.7 head_lr=2.8 -> tta_val_acc=0.91
muon_lr=0.047 muon_momentum=0.6 bias_lr=2.8 head_lr=2.8 -> tta_val_acc=0.9104
muon_lr=0.047 muon_momentum=0.6 bias_lr=4.6 head_lr=2.8 -> tta_val_acc=0.9123
muon_lr=0.047 muon_momentum=0.6 bias_lr=7.7 head_lr=2.8 -> tta_val_acc=0.912
muon_lr=0.047 muon_momentum=0.6 bias_lr=13 head_lr=2.8 -> tta_val_acc=0.9122
muon_lr=0.047 muon_momentum=0.6 bias_lr=36 head_lr=2.8 -> tta_val_acc=0.9103
muon_lr=0.047 muon_momentum=0.6 bias_lr=60 head_lr=2.8 -> tta_val_acc=0.9088
muon_lr=0.047 muon_momentum=0.6 bias_lr=99 head_lr=2.8 -> tta_val_acc=0.9045
muon_lr=0.047 muon_momentum=0.6 bias_lr=170 head_lr=2.8 -> tta_val_acc=0.8965
muon_lr=0.047 muon_momentum=0.6 bias_lr=280 head_lr=2.8 -> tta_val_acc=0.8849
muon_lr=0.047 muon_momentum=0.6 bias_lr=460 head_lr=2.8 -> tta_val_acc=0.7141
muon_lr=0.047 muon_momentum=0.6 bias_lr=770 head_lr=2.8 -> tta_val_acc=0.2735
muon_lr=0.047 muon_momentum=0.6 bias_lr=1300 head_lr=2.8 -> tta_val_acc=0.1
muon_lr=0.047 muon_momentum=0.6 bias_lr=2100 head_lr=2.8 -> tta_val_acc=0.1
muon_lr=0.047 muon_momentum=0.6 bias_lr=3500 head_lr=2.8 -> tta_val_acc=0.1
muon_lr=0.047 muon_momentum=0.6 bias_lr=5900 head_lr=2.8 -> tta_val_acc=0.1
muon_lr=0.047 muon_momentum=0.6 bias_lr=9800 head_lr=2.8 -> tta_val_acc=0.1
muon_lr=0.047 muon_momentum=0.6 bias_lr=16000 head_lr=2.8 -> tta_val_acc=0.1
muon_lr=0.047 muon_momentum=0.6 bias_lr=27000 head_lr=2.8 -> tta_val_acc=0.1
muon_lr=0.047 muon_momentum=0.6 bias_lr=21 head_lr=1 -> tta_val_acc=0.9118
muon_lr=0.047 muon_momentum=0.6 bias_lr=21 head_lr=1.7 -> tta_val_acc=0.9117
muon_lr=0.047 muon_momentum=0.6 bias_lr=21 head_lr=4.6 -> tta_val_acc=0.912
muon_lr=0.047 muon_momentum=0.6 bias_lr=21 head_lr=7.7 -> tta_val_acc=0.9109
muon_lr=0.047 muon_momentum=0.6 bias_lr=21 head_lr=13 -> tta_val_acc=0.9109
muon_lr=0.047 muon_momentum=0.6 bias_lr=21 head_lr=21 -> tta_val_acc=0.9125
muon_lr=0.047 muon_momentum=0.6 bias_lr=21 head_lr=36 -> tta_val_acc=0.9118
muon_lr=0.047 muon_momentum=0.6 bias_lr=21 head_lr=60 -> tta_val_acc=0.9114
muon_lr=0.047 muon_momentum=0.6 bias_lr=21 head_lr=99 -> tta_val_acc=0.9125
muon_lr=0.047 muon_momentum=0.6 bias_lr=21 head_lr=170 -> tta_val_acc=0.9127
muon_lr=0.047 muon_momentum=0.6 bias_lr=21 head_lr=280 -> tta_val_acc=0.9122
muon_lr=0.047 muon_momentum=0.6 bias_lr=21 head_lr=460 -> tta_val_acc=0.9126
muon_lr=0.047 muon_momentum=0.6 bias_lr=21 head_lr=770 -> tta_val_acc=0.9101
muon_lr=0.047 muon_momentum=0.6 bias_lr=21 head_lr=1300 -> tta_val_acc=0.9084
muon_lr=0.047 muon_momentum=0.6 bias_lr=21 head_lr=2100 -> tta_val_acc=0.909
muon_lr=0.047 muon_momentum=0.6 bias_lr=21 head_lr=3500 -> tta_val_acc=0.9083
muon_lr=0.047 muon_momentum=0.6 bias_lr=21 head_lr=5900 -> tta_val_acc=0.8938
muon_lr=0.047 muon_momentum=0.6 bias_lr=21 head_lr=9800 -> tta_val_acc=0.8705
muon_lr=0.047 muon_momentum=0.6 bias_lr=21 head_lr=16000 -> tta_val_acc=0.7978
muon_lr=0.047 muon_momentum=0.6 bias_lr=21 head_lr=27000 -> tta_val_acc=0.6244
search_path step=0 muon_lr=0.047 muon_momentum=0.6 bias_lr=21 head_lr=2.8 tta_val_acc=0.9128
train_hparams run=0 interval=0 start_step=0 completed_steps=40 total_steps=200 muon_lr=0.13 muon_momentum=0.6 bias_lr=60 head_lr=770 muon_nesterov=False
train_loss run=0 interval=0 step=1 loss=2.31009
train_loss run=0 interval=0 step=2 loss=2.24314
train_loss run=0 interval=0 step=3 loss=2.17467
train_loss run=0 interval=0 step=4 loss=2.08823
train_loss run=0 interval=0 step=5 loss=1.98789
train_loss run=0 interval=0 step=6 loss=1.88125
train_loss run=0 interval=0 step=7 loss=1.82147
train_loss run=0 interval=0 step=8 loss=1.78883
train_loss run=0 interval=0 step=9 loss=1.69063
train_loss run=0 interval=0 step=10 loss=1.65982
train_loss run=0 interval=0 step=11 loss=1.66417
train_loss run=0 interval=0 step=12 loss=1.59921
train_loss run=0 interval=0 step=13 loss=1.55523
train_loss run=0 interval=0 step=14 loss=1.53728
train_loss run=0 interval=0 step=15 loss=1.50533
train_loss run=0 interval=0 step=16 loss=1.52115
train_loss run=0 interval=0 step=17 loss=1.48157
train_loss run=0 interval=0 step=18 loss=1.4328
train_loss run=0 interval=0 step=19 loss=1.3977
train_loss run=0 interval=0 step=20 loss=1.41356
train_loss run=0 interval=0 step=21 loss=1.37891
train_loss run=0 interval=0 step=22 loss=1.35274
train_loss run=0 interval=0 step=23 loss=1.34818
train_loss run=0 interval=0 step=24 loss=1.34495
train_loss run=0 interval=0 step=25 loss=1.33669
train_loss run=0 interval=0 step=26 loss=1.3422
train_loss run=0 interval=0 step=27 loss=1.28309
train_loss run=0 interval=0 step=28 loss=1.32106
train_loss run=0 interval=0 step=29 loss=1.32786
train_loss run=0 interval=0 step=30 loss=1.27966
train_loss run=0 interval=0 step=31 loss=1.30688
train_loss run=0 interval=0 step=32 loss=1.29849
train_loss run=0 interval=0 step=33 loss=1.28978
train_loss run=0 interval=0 step=34 loss=1.26398
train_loss run=0 interval=0 step=35 loss=1.28119
train_loss run=0 interval=0 step=36 loss=1.29378
train_loss run=0 interval=0 step=37 loss=1.25054
train_loss run=0 interval=0 step=38 loss=1.26073
train_loss run=0 interval=0 step=39 loss=1.2415
train_loss run=0 interval=0 step=40 loss=1.24625
interval_boundary_eval run=0 interval=0 step=40 total_steps=200 tta_val_acc=0.8355
main hparams: muon_lr=0.13 muon_momentum=0.6 bias_lr=60 head_lr=770 main=0.858, best_cooldown=0.925
muon_lr=0.047 muon_momentum=0.6 bias_lr=21 head_lr=2.8 -> tta_val_acc=0.9177
muon_lr=0.028 muon_momentum=0.6 bias_lr=21 head_lr=2.8 -> tta_val_acc=0.9237
muon_lr=0.017 muon_momentum=0.6 bias_lr=21 head_lr=2.8 -> tta_val_acc=0.9226
muon_lr=0.028 muon_momentum=0.6 bias_lr=1 head_lr=2.8 -> tta_val_acc=0.9238
muon_lr=0.028 muon_momentum=0.6 bias_lr=1.7 head_lr=2.8 -> tta_val_acc=0.9238
muon_lr=0.028 muon_momentum=0.6 bias_lr=2.8 head_lr=2.8 -> tta_val_acc=0.9243
muon_lr=0.028 muon_momentum=0.6 bias_lr=4.6 head_lr=2.8 -> tta_val_acc=0.9237
muon_lr=0.028 muon_momentum=0.6 bias_lr=7.7 head_lr=2.8 -> tta_val_acc=0.923
muon_lr=0.028 muon_momentum=0.6 bias_lr=13 head_lr=2.8 -> tta_val_acc=0.9248
muon_lr=0.028 muon_momentum=0.6 bias_lr=36 head_lr=2.8 -> tta_val_acc=0.9229
muon_lr=0.028 muon_momentum=0.6 bias_lr=60 head_lr=2.8 -> tta_val_acc=0.9224
muon_lr=0.028 muon_momentum=0.6 bias_lr=99 head_lr=2.8 -> tta_val_acc=0.9212
muon_lr=0.028 muon_momentum=0.6 bias_lr=170 head_lr=2.8 -> tta_val_acc=0.9188
muon_lr=0.028 muon_momentum=0.6 bias_lr=280 head_lr=2.8 -> tta_val_acc=0.892
muon_lr=0.028 muon_momentum=0.6 bias_lr=460 head_lr=2.8 -> tta_val_acc=0.3722
muon_lr=0.028 muon_momentum=0.6 bias_lr=770 head_lr=2.8 -> tta_val_acc=0.1
muon_lr=0.028 muon_momentum=0.6 bias_lr=1300 head_lr=2.8 -> tta_val_acc=0.1
muon_lr=0.028 muon_momentum=0.6 bias_lr=2100 head_lr=2.8 -> tta_val_acc=0.1
muon_lr=0.028 muon_momentum=0.6 bias_lr=3500 head_lr=2.8 -> tta_val_acc=0.1
muon_lr=0.028 muon_momentum=0.6 bias_lr=5900 head_lr=2.8 -> tta_val_acc=0.1
muon_lr=0.028 muon_momentum=0.6 bias_lr=9800 head_lr=2.8 -> tta_val_acc=0.1
muon_lr=0.028 muon_momentum=0.6 bias_lr=16000 head_lr=2.8 -> tta_val_acc=0.1
muon_lr=0.028 muon_momentum=0.6 bias_lr=27000 head_lr=2.8 -> tta_val_acc=0.1
muon_lr=0.028 muon_momentum=0.6 bias_lr=13 head_lr=1 -> tta_val_acc=0.9242
muon_lr=0.028 muon_momentum=0.6 bias_lr=13 head_lr=1.7 -> tta_val_acc=0.925
muon_lr=0.028 muon_momentum=0.6 bias_lr=13 head_lr=4.6 -> tta_val_acc=0.9237
muon_lr=0.028 muon_momentum=0.6 bias_lr=13 head_lr=7.7 -> tta_val_acc=0.9242
muon_lr=0.028 muon_momentum=0.6 bias_lr=13 head_lr=13 -> tta_val_acc=0.9241
muon_lr=0.028 muon_momentum=0.6 bias_lr=13 head_lr=21 -> tta_val_acc=0.9239
muon_lr=0.028 muon_momentum=0.6 bias_lr=13 head_lr=36 -> tta_val_acc=0.9244
muon_lr=0.028 muon_momentum=0.6 bias_lr=13 head_lr=60 -> tta_val_acc=0.9239
muon_lr=0.028 muon_momentum=0.6 bias_lr=13 head_lr=99 -> tta_val_acc=0.924
muon_lr=0.028 muon_momentum=0.6 bias_lr=13 head_lr=170 -> tta_val_acc=0.9243
muon_lr=0.028 muon_momentum=0.6 bias_lr=13 head_lr=280 -> tta_val_acc=0.9246
muon_lr=0.028 muon_momentum=0.6 bias_lr=13 head_lr=460 -> tta_val_acc=0.9243
muon_lr=0.028 muon_momentum=0.6 bias_lr=13 head_lr=770 -> tta_val_acc=0.9237
muon_lr=0.028 muon_momentum=0.6 bias_lr=13 head_lr=1300 -> tta_val_acc=0.9243
muon_lr=0.028 muon_momentum=0.6 bias_lr=13 head_lr=2100 -> tta_val_acc=0.924
muon_lr=0.028 muon_momentum=0.6 bias_lr=13 head_lr=3500 -> tta_val_acc=0.9228
muon_lr=0.028 muon_momentum=0.6 bias_lr=13 head_lr=5900 -> tta_val_acc=0.9217
muon_lr=0.028 muon_momentum=0.6 bias_lr=13 head_lr=9800 -> tta_val_acc=0.9174
muon_lr=0.028 muon_momentum=0.6 bias_lr=13 head_lr=16000 -> tta_val_acc=0.9083
muon_lr=0.028 muon_momentum=0.6 bias_lr=13 head_lr=27000 -> tta_val_acc=0.8821
muon_lr=0.017 muon_momentum=0.6 bias_lr=13 head_lr=1.7 -> tta_val_acc=0.9222
muon_lr=0.047 muon_momentum=0.6 bias_lr=13 head_lr=1.7 -> tta_val_acc=0.9195
muon_lr=0.028 muon_momentum=0.6 bias_lr=1 head_lr=1.7 -> tta_val_acc=0.924
muon_lr=0.028 muon_momentum=0.6 bias_lr=1.7 head_lr=1.7 -> tta_val_acc=0.924
muon_lr=0.028 muon_momentum=0.6 bias_lr=2.8 head_lr=1.7 -> tta_val_acc=0.9241
muon_lr=0.028 muon_momentum=0.6 bias_lr=4.6 head_lr=1.7 -> tta_val_acc=0.9237
muon_lr=0.028 muon_momentum=0.6 bias_lr=7.7 head_lr=1.7 -> tta_val_acc=0.9237
muon_lr=0.028 muon_momentum=0.6 bias_lr=21 head_lr=1.7 -> tta_val_acc=0.9235
muon_lr=0.028 muon_momentum=0.6 bias_lr=36 head_lr=1.7 -> tta_val_acc=0.9224
muon_lr=0.028 muon_momentum=0.6 bias_lr=60 head_lr=1.7 -> tta_val_acc=0.9229
muon_lr=0.028 muon_momentum=0.6 bias_lr=99 head_lr=1.7 -> tta_val_acc=0.9216
muon_lr=0.028 muon_momentum=0.6 bias_lr=170 head_lr=1.7 -> tta_val_acc=0.9171
muon_lr=0.028 muon_momentum=0.6 bias_lr=280 head_lr=1.7 -> tta_val_acc=0.8934
muon_lr=0.028 muon_momentum=0.6 bias_lr=460 head_lr=1.7 -> tta_val_acc=0.338
muon_lr=0.028 muon_momentum=0.6 bias_lr=770 head_lr=1.7 -> tta_val_acc=0.1
muon_lr=0.028 muon_momentum=0.6 bias_lr=1300 head_lr=1.7 -> tta_val_acc=0.1
muon_lr=0.028 muon_momentum=0.6 bias_lr=2100 head_lr=1.7 -> tta_val_acc=0.1
muon_lr=0.028 muon_momentum=0.6 bias_lr=3500 head_lr=1.7 -> tta_val_acc=0.0997
muon_lr=0.028 muon_momentum=0.6 bias_lr=5900 head_lr=1.7 -> tta_val_acc=0.1
muon_lr=0.028 muon_momentum=0.6 bias_lr=9800 head_lr=1.7 -> tta_val_acc=0.1
muon_lr=0.028 muon_momentum=0.6 bias_lr=16000 head_lr=1.7 -> tta_val_acc=0.1
muon_lr=0.028 muon_momentum=0.6 bias_lr=27000 head_lr=1.7 -> tta_val_acc=0.1
search_path step=0 muon_lr=0.047 muon_momentum=0.6 bias_lr=21 head_lr=2.8 tta_val_acc=0.9177
search_path step=1 muon_lr=0.028 muon_momentum=0.6 bias_lr=21 head_lr=2.8 tta_val_acc=0.9237
search_path step=2 muon_lr=0.028 muon_momentum=0.6 bias_lr=13 head_lr=2.8 tta_val_acc=0.9248
search_path step=3 muon_lr=0.028 muon_momentum=0.6 bias_lr=13 head_lr=1.7 tta_val_acc=0.925
main hparams: muon_lr=0.13 muon_momentum=0.6 bias_lr=60 head_lr=770 main=0.858, best_cooldown=0.925
main hparams: muon_lr=0.078 muon_momentum=0.6 bias_lr=60 head_lr=770 main=0.8921, best_cooldown=0.9258
muon_lr=0.028 muon_momentum=0.6 bias_lr=13 head_lr=1.7 -> tta_val_acc=0.9253
muon_lr=0.017 muon_momentum=0.6 bias_lr=13 head_lr=1.7 -> tta_val_acc=0.9258
muon_lr=0.01 muon_momentum=0.6 bias_lr=13 head_lr=1.7 -> tta_val_acc=0.9248
search_path step=0 muon_lr=0.028 muon_momentum=0.6 bias_lr=13 head_lr=1.7 tta_val_acc=0.9253
search_path step=1 muon_lr=0.017 muon_momentum=0.6 bias_lr=13 head_lr=1.7 tta_val_acc=0.9258
main hparams: muon_lr=0.047 muon_momentum=0.6 bias_lr=60 head_lr=770 main=0.9063, best_cooldown=0.9219
muon_lr=0.017 muon_momentum=0.6 bias_lr=13 head_lr=1.7 -> tta_val_acc=0.9219
muon_lr=0.01 muon_momentum=0.6 bias_lr=13 head_lr=1.7 -> tta_val_acc=0.9219
muon_lr=0.006 muon_momentum=0.6 bias_lr=13 head_lr=1.7 -> tta_val_acc=0.921
muon_lr=0.028 muon_momentum=0.6 bias_lr=13 head_lr=1.7 -> tta_val_acc=0.9211
search_path step=0 muon_lr=0.017 muon_momentum=0.6 bias_lr=13 head_lr=1.7 tta_val_acc=0.9219
main hparams: muon_lr=0.078 muon_momentum=0.5 bias_lr=60 head_lr=770 main=0.8965, best_cooldown=0.9257
muon_lr=0.017 muon_momentum=0.5 bias_lr=13 head_lr=1.7 -> tta_val_acc=0.9257
muon_lr=0.01 muon_momentum=0.5 bias_lr=13 head_lr=1.7 -> tta_val_acc=0.9245
muon_lr=0.028 muon_momentum=0.5 bias_lr=13 head_lr=1.7 -> tta_val_acc=0.9243
search_path step=0 muon_lr=0.017 muon_momentum=0.5 bias_lr=13 head_lr=1.7 tta_val_acc=0.9257
main hparams: muon_lr=0.078 muon_momentum=0.7 bias_lr=60 head_lr=770 main=0.8891, best_cooldown=0.9271
muon_lr=0.017 muon_momentum=0.7 bias_lr=13 head_lr=1.7 -> tta_val_acc=0.9271
muon_lr=0.01 muon_momentum=0.7 bias_lr=13 head_lr=1.7 -> tta_val_acc=0.926
muon_lr=0.028 muon_momentum=0.7 bias_lr=13 head_lr=1.7 -> tta_val_acc=0.9262
search_path step=0 muon_lr=0.017 muon_momentum=0.7 bias_lr=13 head_lr=1.7 tta_val_acc=0.9271
main hparams: muon_lr=0.078 muon_momentum=0.8 bias_lr=60 head_lr=770 main=0.8872, best_cooldown=0.9264
muon_lr=0.017 muon_momentum=0.8 bias_lr=13 head_lr=1.7 -> tta_val_acc=0.9264
muon_lr=0.01 muon_momentum=0.8 bias_lr=13 head_lr=1.7 -> tta_val_acc=0.9263
muon_lr=0.028 muon_momentum=0.8 bias_lr=13 head_lr=1.7 -> tta_val_acc=0.9232
search_path step=0 muon_lr=0.017 muon_momentum=0.8 bias_lr=13 head_lr=1.7 tta_val_acc=0.9264
main hparams: muon_lr=0.078 muon_momentum=0.7 bias_lr=1 head_lr=770 main=0.8939, best_cooldown=0.9272
muon_lr=0.017 muon_momentum=0.7 bias_lr=13 head_lr=1.7 -> tta_val_acc=0.9268
muon_lr=0.017 muon_momentum=0.7 bias_lr=1 head_lr=1.7 -> tta_val_acc=0.927
muon_lr=0.017 muon_momentum=0.7 bias_lr=1.7 head_lr=1.7 -> tta_val_acc=0.9272
muon_lr=0.017 muon_momentum=0.7 bias_lr=2.8 head_lr=1.7 -> tta_val_acc=0.9269
muon_lr=0.017 muon_momentum=0.7 bias_lr=4.6 head_lr=1.7 -> tta_val_acc=0.9265
muon_lr=0.017 muon_momentum=0.7 bias_lr=7.7 head_lr=1.7 -> tta_val_acc=0.9268
muon_lr=0.017 muon_momentum=0.7 bias_lr=21 head_lr=1.7 -> tta_val_acc=0.9261
muon_lr=0.017 muon_momentum=0.7 bias_lr=36 head_lr=1.7 -> tta_val_acc=0.9267
muon_lr=0.017 muon_momentum=0.7 bias_lr=60 head_lr=1.7 -> tta_val_acc=0.9267
muon_lr=0.017 muon_momentum=0.7 bias_lr=99 head_lr=1.7 -> tta_val_acc=0.9245
muon_lr=0.017 muon_momentum=0.7 bias_lr=170 head_lr=1.7 -> tta_val_acc=0.9218
muon_lr=0.017 muon_momentum=0.7 bias_lr=280 head_lr=1.7 -> tta_val_acc=0.898
muon_lr=0.017 muon_momentum=0.7 bias_lr=460 head_lr=1.7 -> tta_val_acc=0.4619
muon_lr=0.017 muon_momentum=0.7 bias_lr=770 head_lr=1.7 -> tta_val_acc=0.1
muon_lr=0.017 muon_momentum=0.7 bias_lr=1300 head_lr=1.7 -> tta_val_acc=0.1
muon_lr=0.017 muon_momentum=0.7 bias_lr=2100 head_lr=1.7 -> tta_val_acc=0.1
muon_lr=0.017 muon_momentum=0.7 bias_lr=3500 head_lr=1.7 -> tta_val_acc=0.1
muon_lr=0.017 muon_momentum=0.7 bias_lr=5900 head_lr=1.7 -> tta_val_acc=0.1
muon_lr=0.017 muon_momentum=0.7 bias_lr=9800 head_lr=1.7 -> tta_val_acc=0.1
muon_lr=0.017 muon_momentum=0.7 bias_lr=16000 head_lr=1.7 -> tta_val_acc=0.1
muon_lr=0.017 muon_momentum=0.7 bias_lr=27000 head_lr=1.7 -> tta_val_acc=0.1
search_path step=0 muon_lr=0.017 muon_momentum=0.7 bias_lr=13 head_lr=1.7 tta_val_acc=0.9268
search_path step=1 muon_lr=0.017 muon_momentum=0.7 bias_lr=1.7 head_lr=1.7 tta_val_acc=0.9272
main hparams: muon_lr=0.078 muon_momentum=0.7 bias_lr=1.7 head_lr=770 main=0.8933, best_cooldown=0.9289
muon_lr=0.017 muon_momentum=0.7 bias_lr=13 head_lr=1.7 -> tta_val_acc=0.9285
muon_lr=0.017 muon_momentum=0.7 bias_lr=1 head_lr=1.7 -> tta_val_acc=0.9282
muon_lr=0.017 muon_momentum=0.7 bias_lr=1.7 head_lr=1.7 -> tta_val_acc=0.9282
muon_lr=0.017 muon_momentum=0.7 bias_lr=2.8 head_lr=1.7 -> tta_val_acc=0.9285
muon_lr=0.017 muon_momentum=0.7 bias_lr=4.6 head_lr=1.7 -> tta_val_acc=0.9287
muon_lr=0.017 muon_momentum=0.7 bias_lr=7.7 head_lr=1.7 -> tta_val_acc=0.9289
muon_lr=0.017 muon_momentum=0.7 bias_lr=21 head_lr=1.7 -> tta_val_acc=0.9275
muon_lr=0.017 muon_momentum=0.7 bias_lr=36 head_lr=1.7 -> tta_val_acc=0.9263
muon_lr=0.017 muon_momentum=0.7 bias_lr=60 head_lr=1.7 -> tta_val_acc=0.9255
muon_lr=0.017 muon_momentum=0.7 bias_lr=99 head_lr=1.7 -> tta_val_acc=0.9253
muon_lr=0.017 muon_momentum=0.7 bias_lr=170 head_lr=1.7 -> tta_val_acc=0.9217
muon_lr=0.017 muon_momentum=0.7 bias_lr=280 head_lr=1.7 -> tta_val_acc=0.8738
muon_lr=0.017 muon_momentum=0.7 bias_lr=460 head_lr=1.7 -> tta_val_acc=0.3724
muon_lr=0.017 muon_momentum=0.7 bias_lr=770 head_lr=1.7 -> tta_val_acc=0.1
muon_lr=0.017 muon_momentum=0.7 bias_lr=1300 head_lr=1.7 -> tta_val_acc=0.1
muon_lr=0.017 muon_momentum=0.7 bias_lr=2100 head_lr=1.7 -> tta_val_acc=0.1
muon_lr=0.017 muon_momentum=0.7 bias_lr=3500 head_lr=1.7 -> tta_val_acc=0.1
muon_lr=0.017 muon_momentum=0.7 bias_lr=5900 head_lr=1.7 -> tta_val_acc=0.1
muon_lr=0.017 muon_momentum=0.7 bias_lr=9800 head_lr=1.7 -> tta_val_acc=0.1
muon_lr=0.017 muon_momentum=0.7 bias_lr=16000 head_lr=1.7 -> tta_val_acc=0.1
muon_lr=0.017 muon_momentum=0.7 bias_lr=27000 head_lr=1.7 -> tta_val_acc=0.1
search_path step=0 muon_lr=0.017 muon_momentum=0.7 bias_lr=13 head_lr=1.7 tta_val_acc=0.9285
search_path step=1 muon_lr=0.017 muon_momentum=0.7 bias_lr=7.7 head_lr=1.7 tta_val_acc=0.9289
main hparams: muon_lr=0.078 muon_momentum=0.7 bias_lr=2.8 head_lr=770 main=0.8928, best_cooldown=0.9272
muon_lr=0.017 muon_momentum=0.7 bias_lr=13 head_lr=1.7 -> tta_val_acc=0.9268
muon_lr=0.017 muon_momentum=0.7 bias_lr=1 head_lr=1.7 -> tta_val_acc=0.9264
muon_lr=0.017 muon_momentum=0.7 bias_lr=1.7 head_lr=1.7 -> tta_val_acc=0.927
muon_lr=0.017 muon_momentum=0.7 bias_lr=2.8 head_lr=1.7 -> tta_val_acc=0.9264
muon_lr=0.017 muon_momentum=0.7 bias_lr=4.6 head_lr=1.7 -> tta_val_acc=0.9268
muon_lr=0.017 muon_momentum=0.7 bias_lr=7.7 head_lr=1.7 -> tta_val_acc=0.9268
muon_lr=0.017 muon_momentum=0.7 bias_lr=21 head_lr=1.7 -> tta_val_acc=0.9268
muon_lr=0.017 muon_momentum=0.7 bias_lr=36 head_lr=1.7 -> tta_val_acc=0.9272
muon_lr=0.017 muon_momentum=0.7 bias_lr=60 head_lr=1.7 -> tta_val_acc=0.9265
muon_lr=0.017 muon_momentum=0.7 bias_lr=99 head_lr=1.7 -> tta_val_acc=0.925
muon_lr=0.017 muon_momentum=0.7 bias_lr=170 head_lr=1.7 -> tta_val_acc=0.9215
muon_lr=0.017 muon_momentum=0.7 bias_lr=280 head_lr=1.7 -> tta_val_acc=0.9033
muon_lr=0.017 muon_momentum=0.7 bias_lr=460 head_lr=1.7 -> tta_val_acc=0.1
muon_lr=0.017 muon_momentum=0.7 bias_lr=770 head_lr=1.7 -> tta_val_acc=0.1
muon_lr=0.017 muon_momentum=0.7 bias_lr=1300 head_lr=1.7 -> tta_val_acc=0.1
muon_lr=0.017 muon_momentum=0.7 bias_lr=2100 head_lr=1.7 -> tta_val_acc=0.1
muon_lr=0.017 muon_momentum=0.7 bias_lr=3500 head_lr=1.7 -> tta_val_acc=0.1
muon_lr=0.017 muon_momentum=0.7 bias_lr=5900 head_lr=1.7 -> tta_val_acc=0.1
muon_lr=0.017 muon_momentum=0.7 bias_lr=9800 head_lr=1.7 -> tta_val_acc=0.1
muon_lr=0.017 muon_momentum=0.7 bias_lr=16000 head_lr=1.7 -> tta_val_acc=0.1
muon_lr=0.017 muon_momentum=0.7 bias_lr=27000 head_lr=1.7 -> tta_val_acc=0.1
search_path step=0 muon_lr=0.017 muon_momentum=0.7 bias_lr=13 head_lr=1.7 tta_val_acc=0.9268
search_path step=1 muon_lr=0.017 muon_momentum=0.7 bias_lr=36 head_lr=1.7 tta_val_acc=0.9272
main hparams: muon_lr=0.078 muon_momentum=0.7 bias_lr=4.6 head_lr=770 main=0.8946, best_cooldown=0.9284
muon_lr=0.017 muon_momentum=0.7 bias_lr=13 head_lr=1.7 -> tta_val_acc=0.9274
muon_lr=0.017 muon_momentum=0.7 bias_lr=1 head_lr=1.7 -> tta_val_acc=0.9284
muon_lr=0.017 muon_momentum=0.7 bias_lr=1.7 head_lr=1.7 -> tta_val_acc=0.9277
muon_lr=0.017 muon_momentum=0.7 bias_lr=2.8 head_lr=1.7 -> tta_val_acc=0.9277
muon_lr=0.017 muon_momentum=0.7 bias_lr=4.6 head_lr=1.7 -> tta_val_acc=0.9277
muon_lr=0.017 muon_momentum=0.7 bias_lr=7.7 head_lr=1.7 -> tta_val_acc=0.9282
muon_lr=0.017 muon_momentum=0.7 bias_lr=21 head_lr=1.7 -> tta_val_acc=0.927
muon_lr=0.017 muon_momentum=0.7 bias_lr=36 head_lr=1.7 -> tta_val_acc=0.9268
muon_lr=0.017 muon_momentum=0.7 bias_lr=60 head_lr=1.7 -> tta_val_acc=0.9258
muon_lr=0.017 muon_momentum=0.7 bias_lr=99 head_lr=1.7 -> tta_val_acc=0.9244
muon_lr=0.017 muon_momentum=0.7 bias_lr=170 head_lr=1.7 -> tta_val_acc=0.9212
muon_lr=0.017 muon_momentum=0.7 bias_lr=280 head_lr=1.7 -> tta_val_acc=0.8975
muon_lr=0.017 muon_momentum=0.7 bias_lr=460 head_lr=1.7 -> tta_val_acc=0.1512
muon_lr=0.017 muon_momentum=0.7 bias_lr=770 head_lr=1.7 -> tta_val_acc=0.1
muon_lr=0.017 muon_momentum=0.7 bias_lr=1300 head_lr=1.7 -> tta_val_acc=0.1
muon_lr=0.017 muon_momentum=0.7 bias_lr=2100 head_lr=1.7 -> tta_val_acc=0.1
muon_lr=0.017 muon_momentum=0.7 bias_lr=3500 head_lr=1.7 -> tta_val_acc=0.1
muon_lr=0.017 muon_momentum=0.7 bias_lr=5900 head_lr=1.7 -> tta_val_acc=0.1
muon_lr=0.017 muon_momentum=0.7 bias_lr=9800 head_lr=1.7 -> tta_val_acc=0.1
muon_lr=0.017 muon_momentum=0.7 bias_lr=16000 head_lr=1.7 -> tta_val_acc=0.1
muon_lr=0.017 muon_momentum=0.7 bias_lr=27000 head_lr=1.7 -> tta_val_acc=0.1
search_path step=0 muon_lr=0.017 muon_momentum=0.7 bias_lr=13 head_lr=1.7 tta_val_acc=0.9274
search_path step=1 muon_lr=0.017 muon_momentum=0.7 bias_lr=1 head_lr=1.7 tta_val_acc=0.9284
main hparams: muon_lr=0.078 muon_momentum=0.7 bias_lr=7.7 head_lr=770 main=0.8957, best_cooldown=0.9269
muon_lr=0.017 muon_momentum=0.7 bias_lr=13 head_lr=1.7 -> tta_val_acc=0.9265
muon_lr=0.017 muon_momentum=0.7 bias_lr=1 head_lr=1.7 -> tta_val_acc=0.9256
muon_lr=0.017 muon_momentum=0.7 bias_lr=1.7 head_lr=1.7 -> tta_val_acc=0.9256
muon_lr=0.017 muon_momentum=0.7 bias_lr=2.8 head_lr=1.7 -> tta_val_acc=0.9252
muon_lr=0.017 muon_momentum=0.7 bias_lr=4.6 head_lr=1.7 -> tta_val_acc=0.9256
muon_lr=0.017 muon_momentum=0.7 bias_lr=7.7 head_lr=1.7 -> tta_val_acc=0.9259
muon_lr=0.017 muon_momentum=0.7 bias_lr=21 head_lr=1.7 -> tta_val_acc=0.9255
muon_lr=0.017 muon_momentum=0.7 bias_lr=36 head_lr=1.7 -> tta_val_acc=0.9269
muon_lr=0.017 muon_momentum=0.7 bias_lr=60 head_lr=1.7 -> tta_val_acc=0.9257
muon_lr=0.017 muon_momentum=0.7 bias_lr=99 head_lr=1.7 -> tta_val_acc=0.9254
muon_lr=0.017 muon_momentum=0.7 bias_lr=170 head_lr=1.7 -> tta_val_acc=0.9228
muon_lr=0.017 muon_momentum=0.7 bias_lr=280 head_lr=1.7 -> tta_val_acc=0.9064
muon_lr=0.017 muon_momentum=0.7 bias_lr=460 head_lr=1.7 -> tta_val_acc=0.1
muon_lr=0.017 muon_momentum=0.7 bias_lr=770 head_lr=1.7 -> tta_val_acc=0.1
muon_lr=0.017 muon_momentum=0.7 bias_lr=1300 head_lr=1.7 -> tta_val_acc=0.1
muon_lr=0.017 muon_momentum=0.7 bias_lr=2100 head_lr=1.7 -> tta_val_acc=0.1
muon_lr=0.017 muon_momentum=0.7 bias_lr=3500 head_lr=1.7 -> tta_val_acc=0.1
muon_lr=0.017 muon_momentum=0.7 bias_lr=5900 head_lr=1.7 -> tta_val_acc=0.1
muon_lr=0.017 muon_momentum=0.7 bias_lr=9800 head_lr=1.7 -> tta_val_acc=0.1
muon_lr=0.017 muon_momentum=0.7 bias_lr=16000 head_lr=1.7 -> tta_val_acc=0.1
muon_lr=0.017 muon_momentum=0.7 bias_lr=27000 head_lr=1.7 -> tta_val_acc=0.1
search_path step=0 muon_lr=0.017 muon_momentum=0.7 bias_lr=13 head_lr=1.7 tta_val_acc=0.9265
search_path step=1 muon_lr=0.017 muon_momentum=0.7 bias_lr=36 head_lr=1.7 tta_val_acc=0.9269
main hparams: muon_lr=0.078 muon_momentum=0.7 bias_lr=13 head_lr=770 main=0.8975, best_cooldown=0.9261
muon_lr=0.017 muon_momentum=0.7 bias_lr=13 head_lr=1.7 -> tta_val_acc=0.9256
muon_lr=0.017 muon_momentum=0.7 bias_lr=1 head_lr=1.7 -> tta_val_acc=0.9249
muon_lr=0.017 muon_momentum=0.7 bias_lr=1.7 head_lr=1.7 -> tta_val_acc=0.9257
muon_lr=0.017 muon_momentum=0.7 bias_lr=2.8 head_lr=1.7 -> tta_val_acc=0.9253
muon_lr=0.017 muon_momentum=0.7 bias_lr=4.6 head_lr=1.7 -> tta_val_acc=0.9258
muon_lr=0.017 muon_momentum=0.7 bias_lr=7.7 head_lr=1.7 -> tta_val_acc=0.9261
muon_lr=0.017 muon_momentum=0.7 bias_lr=21 head_lr=1.7 -> tta_val_acc=0.925
muon_lr=0.017 muon_momentum=0.7 bias_lr=36 head_lr=1.7 -> tta_val_acc=0.9253
muon_lr=0.017 muon_momentum=0.7 bias_lr=60 head_lr=1.7 -> tta_val_acc=0.9253
muon_lr=0.017 muon_momentum=0.7 bias_lr=99 head_lr=1.7 -> tta_val_acc=0.9229
muon_lr=0.017 muon_momentum=0.7 bias_lr=170 head_lr=1.7 -> tta_val_acc=0.9218
muon_lr=0.017 muon_momentum=0.7 bias_lr=280 head_lr=1.7 -> tta_val_acc=0.9104
muon_lr=0.017 muon_momentum=0.7 bias_lr=460 head_lr=1.7 -> tta_val_acc=0.1
muon_lr=0.017 muon_momentum=0.7 bias_lr=770 head_lr=1.7 -> tta_val_acc=0.1
muon_lr=0.017 muon_momentum=0.7 bias_lr=1300 head_lr=1.7 -> tta_val_acc=0.1
muon_lr=0.017 muon_momentum=0.7 bias_lr=2100 head_lr=1.7 -> tta_val_acc=0.1
muon_lr=0.017 muon_momentum=0.7 bias_lr=3500 head_lr=1.7 -> tta_val_acc=0.1
muon_lr=0.017 muon_momentum=0.7 bias_lr=5900 head_lr=1.7 -> tta_val_acc=0.1
muon_lr=0.017 muon_momentum=0.7 bias_lr=9800 head_lr=1.7 -> tta_val_acc=0.1
muon_lr=0.017 muon_momentum=0.7 bias_lr=16000 head_lr=1.7 -> tta_val_acc=0.1
muon_lr=0.017 muon_momentum=0.7 bias_lr=27000 head_lr=1.7 -> tta_val_acc=0.1
search_path step=0 muon_lr=0.017 muon_momentum=0.7 bias_lr=13 head_lr=1.7 tta_val_acc=0.9256
search_path step=1 muon_lr=0.017 muon_momentum=0.7 bias_lr=7.7 head_lr=1.7 tta_val_acc=0.9261
main hparams: muon_lr=0.078 muon_momentum=0.7 bias_lr=21 head_lr=770 main=0.8924, best_cooldown=0.9272
muon_lr=0.017 muon_momentum=0.7 bias_lr=13 head_lr=1.7 -> tta_val_acc=0.9267
muon_lr=0.017 muon_momentum=0.7 bias_lr=1 head_lr=1.7 -> tta_val_acc=0.926
muon_lr=0.017 muon_momentum=0.7 bias_lr=1.7 head_lr=1.7 -> tta_val_acc=0.9258
muon_lr=0.017 muon_momentum=0.7 bias_lr=2.8 head_lr=1.7 -> tta_val_acc=0.9258
muon_lr=0.017 muon_momentum=0.7 bias_lr=4.6 head_lr=1.7 -> tta_val_acc=0.9262
muon_lr=0.017 muon_momentum=0.7 bias_lr=7.7 head_lr=1.7 -> tta_val_acc=0.9263
muon_lr=0.017 muon_momentum=0.7 bias_lr=21 head_lr=1.7 -> tta_val_acc=0.9264
muon_lr=0.017 muon_momentum=0.7 bias_lr=36 head_lr=1.7 -> tta_val_acc=0.9272
muon_lr=0.017 muon_momentum=0.7 bias_lr=60 head_lr=1.7 -> tta_val_acc=0.9249
muon_lr=0.017 muon_momentum=0.7 bias_lr=99 head_lr=1.7 -> tta_val_acc=0.9235
muon_lr=0.017 muon_momentum=0.7 bias_lr=170 head_lr=1.7 -> tta_val_acc=0.9206
muon_lr=0.017 muon_momentum=0.7 bias_lr=280 head_lr=1.7 -> tta_val_acc=0.9074
muon_lr=0.017 muon_momentum=0.7 bias_lr=460 head_lr=1.7 -> tta_val_acc=0.2851
muon_lr=0.017 muon_momentum=0.7 bias_lr=770 head_lr=1.7 -> tta_val_acc=0.1
muon_lr=0.017 muon_momentum=0.7 bias_lr=1300 head_lr=1.7 -> tta_val_acc=0.1
muon_lr=0.017 muon_momentum=0.7 bias_lr=2100 head_lr=1.7 -> tta_val_acc=0.1
muon_lr=0.017 muon_momentum=0.7 bias_lr=3500 head_lr=1.7 -> tta_val_acc=0.1
muon_lr=0.017 muon_momentum=0.7 bias_lr=5900 head_lr=1.7 -> tta_val_acc=0.1
muon_lr=0.017 muon_momentum=0.7 bias_lr=9800 head_lr=1.7 -> tta_val_acc=0.1
muon_lr=0.017 muon_momentum=0.7 bias_lr=16000 head_lr=1.7 -> tta_val_acc=0.1
muon_lr=0.017 muon_momentum=0.7 bias_lr=27000 head_lr=1.7 -> tta_val_acc=0.1
search_path step=0 muon_lr=0.017 muon_momentum=0.7 bias_lr=13 head_lr=1.7 tta_val_acc=0.9267
search_path step=1 muon_lr=0.017 muon_momentum=0.7 bias_lr=36 head_lr=1.7 tta_val_acc=0.9272
main hparams: muon_lr=0.078 muon_momentum=0.7 bias_lr=36 head_lr=770 main=0.8933, best_cooldown=0.9263
muon_lr=0.017 muon_momentum=0.7 bias_lr=13 head_lr=1.7 -> tta_val_acc=0.9254
muon_lr=0.017 muon_momentum=0.7 bias_lr=1 head_lr=1.7 -> tta_val_acc=0.9254
muon_lr=0.017 muon_momentum=0.7 bias_lr=1.7 head_lr=1.7 -> tta_val_acc=0.9252
muon_lr=0.017 muon_momentum=0.7 bias_lr=2.8 head_lr=1.7 -> tta_val_acc=0.925
muon_lr=0.017 muon_momentum=0.7 bias_lr=4.6 head_lr=1.7 -> tta_val_acc=0.9251
muon_lr=0.017 muon_momentum=0.7 bias_lr=7.7 head_lr=1.7 -> tta_val_acc=0.9263
muon_lr=0.017 muon_momentum=0.7 bias_lr=21 head_lr=1.7 -> tta_val_acc=0.9256
muon_lr=0.017 muon_momentum=0.7 bias_lr=36 head_lr=1.7 -> tta_val_acc=0.9242
muon_lr=0.017 muon_momentum=0.7 bias_lr=60 head_lr=1.7 -> tta_val_acc=0.924
muon_lr=0.017 muon_momentum=0.7 bias_lr=99 head_lr=1.7 -> tta_val_acc=0.9244
muon_lr=0.017 muon_momentum=0.7 bias_lr=170 head_lr=1.7 -> tta_val_acc=0.9223
muon_lr=0.017 muon_momentum=0.7 bias_lr=280 head_lr=1.7 -> tta_val_acc=0.9088
muon_lr=0.017 muon_momentum=0.7 bias_lr=460 head_lr=1.7 -> tta_val_acc=0.1682
muon_lr=0.017 muon_momentum=0.7 bias_lr=770 head_lr=1.7 -> tta_val_acc=0.1
muon_lr=0.017 muon_momentum=0.7 bias_lr=1300 head_lr=1.7 -> tta_val_acc=0.1
muon_lr=0.017 muon_momentum=0.7 bias_lr=2100 head_lr=1.7 -> tta_val_acc=0.1
muon_lr=0.017 muon_momentum=0.7 bias_lr=3500 head_lr=1.7 -> tta_val_acc=0.1
muon_lr=0.017 muon_momentum=0.7 bias_lr=5900 head_lr=1.7 -> tta_val_acc=0.1
muon_lr=0.017 muon_momentum=0.7 bias_lr=9800 head_lr=1.7 -> tta_val_acc=0.1
muon_lr=0.017 muon_momentum=0.7 bias_lr=16000 head_lr=1.7 -> tta_val_acc=0.1
muon_lr=0.017 muon_momentum=0.7 bias_lr=27000 head_lr=1.7 -> tta_val_acc=0.1
search_path step=0 muon_lr=0.017 muon_momentum=0.7 bias_lr=13 head_lr=1.7 tta_val_acc=0.9254
search_path step=1 muon_lr=0.017 muon_momentum=0.7 bias_lr=7.7 head_lr=1.7 tta_val_acc=0.9263
main hparams: muon_lr=0.078 muon_momentum=0.7 bias_lr=60 head_lr=770 main=0.8891, best_cooldown=0.9276
muon_lr=0.017 muon_momentum=0.7 bias_lr=13 head_lr=1.7 -> tta_val_acc=0.9271
muon_lr=0.01 muon_momentum=0.7 bias_lr=13 head_lr=1.7 -> tta_val_acc=0.926
muon_lr=0.028 muon_momentum=0.7 bias_lr=13 head_lr=1.7 -> tta_val_acc=0.9262
muon_lr=0.017 muon_momentum=0.7 bias_lr=1 head_lr=1.7 -> tta_val_acc=0.927
muon_lr=0.017 muon_momentum=0.7 bias_lr=1.7 head_lr=1.7 -> tta_val_acc=0.927
muon_lr=0.017 muon_momentum=0.7 bias_lr=2.8 head_lr=1.7 -> tta_val_acc=0.9264
muon_lr=0.017 muon_momentum=0.7 bias_lr=4.6 head_lr=1.7 -> tta_val_acc=0.9274
muon_lr=0.017 muon_momentum=0.7 bias_lr=7.7 head_lr=1.7 -> tta_val_acc=0.927
muon_lr=0.017 muon_momentum=0.7 bias_lr=21 head_lr=1.7 -> tta_val_acc=0.9276
muon_lr=0.017 muon_momentum=0.7 bias_lr=36 head_lr=1.7 -> tta_val_acc=0.9273
muon_lr=0.017 muon_momentum=0.7 bias_lr=60 head_lr=1.7 -> tta_val_acc=0.9271
muon_lr=0.017 muon_momentum=0.7 bias_lr=99 head_lr=1.7 -> tta_val_acc=0.9253
muon_lr=0.017 muon_momentum=0.7 bias_lr=170 head_lr=1.7 -> tta_val_acc=0.9236
muon_lr=0.017 muon_momentum=0.7 bias_lr=280 head_lr=1.7 -> tta_val_acc=0.9159
muon_lr=0.017 muon_momentum=0.7 bias_lr=460 head_lr=1.7 -> tta_val_acc=0.3055
muon_lr=0.017 muon_momentum=0.7 bias_lr=770 head_lr=1.7 -> tta_val_acc=0.1
muon_lr=0.017 muon_momentum=0.7 bias_lr=1300 head_lr=1.7 -> tta_val_acc=0.1
muon_lr=0.017 muon_momentum=0.7 bias_lr=2100 head_lr=1.7 -> tta_val_acc=0.1
muon_lr=0.017 muon_momentum=0.7 bias_lr=3500 head_lr=1.7 -> tta_val_acc=0.1
muon_lr=0.017 muon_momentum=0.7 bias_lr=5900 head_lr=1.7 -> tta_val_acc=0.1
muon_lr=0.017 muon_momentum=0.7 bias_lr=9800 head_lr=1.7 -> tta_val_acc=0.1
muon_lr=0.017 muon_momentum=0.7 bias_lr=16000 head_lr=1.7 -> tta_val_acc=0.1
muon_lr=0.017 muon_momentum=0.7 bias_lr=27000 head_lr=1.7 -> tta_val_acc=0.1
search_path step=0 muon_lr=0.028 muon_momentum=0.7 bias_lr=13 head_lr=1.7 tta_val_acc=0.9262
search_path step=1 muon_lr=0.017 muon_momentum=0.7 bias_lr=21 head_lr=1.7 tta_val_acc=0.9276
main hparams: muon_lr=0.078 muon_momentum=0.7 bias_lr=99 head_lr=770 main=0.8782, best_cooldown=0.9271
muon_lr=0.017 muon_momentum=0.7 bias_lr=21 head_lr=1.7 -> tta_val_acc=0.9262
muon_lr=0.017 muon_momentum=0.7 bias_lr=1 head_lr=1.7 -> tta_val_acc=0.927
muon_lr=0.017 muon_momentum=0.7 bias_lr=1.7 head_lr=1.7 -> tta_val_acc=0.927
muon_lr=0.017 muon_momentum=0.7 bias_lr=2.8 head_lr=1.7 -> tta_val_acc=0.9266
muon_lr=0.017 muon_momentum=0.7 bias_lr=4.6 head_lr=1.7 -> tta_val_acc=0.9265
muon_lr=0.017 muon_momentum=0.7 bias_lr=7.7 head_lr=1.7 -> tta_val_acc=0.9271
muon_lr=0.017 muon_momentum=0.7 bias_lr=13 head_lr=1.7 -> tta_val_acc=0.9263
muon_lr=0.017 muon_momentum=0.7 bias_lr=36 head_lr=1.7 -> tta_val_acc=0.9257
muon_lr=0.017 muon_momentum=0.7 bias_lr=60 head_lr=1.7 -> tta_val_acc=0.925
muon_lr=0.017 muon_momentum=0.7 bias_lr=99 head_lr=1.7 -> tta_val_acc=0.9241
muon_lr=0.017 muon_momentum=0.7 bias_lr=170 head_lr=1.7 -> tta_val_acc=0.923
muon_lr=0.017 muon_momentum=0.7 bias_lr=280 head_lr=1.7 -> tta_val_acc=0.9125
muon_lr=0.017 muon_momentum=0.7 bias_lr=460 head_lr=1.7 -> tta_val_acc=0.3381
muon_lr=0.017 muon_momentum=0.7 bias_lr=770 head_lr=1.7 -> tta_val_acc=0.1
muon_lr=0.017 muon_momentum=0.7 bias_lr=1300 head_lr=1.7 -> tta_val_acc=0.1
muon_lr=0.017 muon_momentum=0.7 bias_lr=2100 head_lr=1.7 -> tta_val_acc=0.1
muon_lr=0.017 muon_momentum=0.7 bias_lr=3500 head_lr=1.7 -> tta_val_acc=0.1
muon_lr=0.017 muon_momentum=0.7 bias_lr=5900 head_lr=1.7 -> tta_val_acc=0.1
muon_lr=0.017 muon_momentum=0.7 bias_lr=9800 head_lr=1.7 -> tta_val_acc=0.1
muon_lr=0.017 muon_momentum=0.7 bias_lr=16000 head_lr=1.7 -> tta_val_acc=0.1
muon_lr=0.017 muon_momentum=0.7 bias_lr=27000 head_lr=1.7 -> tta_val_acc=0.1
search_path step=0 muon_lr=0.017 muon_momentum=0.7 bias_lr=21 head_lr=1.7 tta_val_acc=0.9262
search_path step=1 muon_lr=0.017 muon_momentum=0.7 bias_lr=7.7 head_lr=1.7 tta_val_acc=0.9271
main hparams: muon_lr=0.078 muon_momentum=0.7 bias_lr=170 head_lr=770 main=0.878, best_cooldown=0.9269
muon_lr=0.017 muon_momentum=0.7 bias_lr=21 head_lr=1.7 -> tta_val_acc=0.926
muon_lr=0.017 muon_momentum=0.7 bias_lr=1 head_lr=1.7 -> tta_val_acc=0.9254
muon_lr=0.017 muon_momentum=0.7 bias_lr=1.7 head_lr=1.7 -> tta_val_acc=0.9261
muon_lr=0.017 muon_momentum=0.7 bias_lr=2.8 head_lr=1.7 -> tta_val_acc=0.9264
muon_lr=0.017 muon_momentum=0.7 bias_lr=4.6 head_lr=1.7 -> tta_val_acc=0.9267
muon_lr=0.017 muon_momentum=0.7 bias_lr=7.7 head_lr=1.7 -> tta_val_acc=0.9269
muon_lr=0.017 muon_momentum=0.7 bias_lr=13 head_lr=1.7 -> tta_val_acc=0.9267
muon_lr=0.017 muon_momentum=0.7 bias_lr=36 head_lr=1.7 -> tta_val_acc=0.9267
muon_lr=0.017 muon_momentum=0.7 bias_lr=60 head_lr=1.7 -> tta_val_acc=0.9251
muon_lr=0.017 muon_momentum=0.7 bias_lr=99 head_lr=1.7 -> tta_val_acc=0.9245
muon_lr=0.017 muon_momentum=0.7 bias_lr=170 head_lr=1.7 -> tta_val_acc=0.9217
muon_lr=0.017 muon_momentum=0.7 bias_lr=280 head_lr=1.7 -> tta_val_acc=0.9206
muon_lr=0.017 muon_momentum=0.7 bias_lr=460 head_lr=1.7 -> tta_val_acc=0.7799
muon_lr=0.017 muon_momentum=0.7 bias_lr=770 head_lr=1.7 -> tta_val_acc=0.1302
muon_lr=0.017 muon_momentum=0.7 bias_lr=1300 head_lr=1.7 -> tta_val_acc=0.1
muon_lr=0.017 muon_momentum=0.7 bias_lr=2100 head_lr=1.7 -> tta_val_acc=0.1
muon_lr=0.017 muon_momentum=0.7 bias_lr=3500 head_lr=1.7 -> tta_val_acc=0.1
muon_lr=0.017 muon_momentum=0.7 bias_lr=5900 head_lr=1.7 -> tta_val_acc=0.1
muon_lr=0.017 muon_momentum=0.7 bias_lr=9800 head_lr=1.7 -> tta_val_acc=0.1
muon_lr=0.017 muon_momentum=0.7 bias_lr=16000 head_lr=1.7 -> tta_val_acc=0.1
muon_lr=0.017 muon_momentum=0.7 bias_lr=27000 head_lr=1.7 -> tta_val_acc=0.1
search_path step=0 muon_lr=0.017 muon_momentum=0.7 bias_lr=21 head_lr=1.7 tta_val_acc=0.926
search_path step=1 muon_lr=0.017 muon_momentum=0.7 bias_lr=7.7 head_lr=1.7 tta_val_acc=0.9269
main hparams: muon_lr=0.078 muon_momentum=0.7 bias_lr=280 head_lr=770 main=0.8676, best_cooldown=0.9213
muon_lr=0.017 muon_momentum=0.7 bias_lr=21 head_lr=1.7 -> tta_val_acc=0.9209
muon_lr=0.017 muon_momentum=0.7 bias_lr=1 head_lr=1.7 -> tta_val_acc=0.92
muon_lr=0.017 muon_momentum=0.7 bias_lr=1.7 head_lr=1.7 -> tta_val_acc=0.9201
muon_lr=0.017 muon_momentum=0.7 bias_lr=2.8 head_lr=1.7 -> tta_val_acc=0.9194
muon_lr=0.017 muon_momentum=0.7 bias_lr=4.6 head_lr=1.7 -> tta_val_acc=0.9201
muon_lr=0.017 muon_momentum=0.7 bias_lr=7.7 head_lr=1.7 -> tta_val_acc=0.9204
muon_lr=0.017 muon_momentum=0.7 bias_lr=13 head_lr=1.7 -> tta_val_acc=0.921
muon_lr=0.017 muon_momentum=0.7 bias_lr=36 head_lr=1.7 -> tta_val_acc=0.9213
muon_lr=0.017 muon_momentum=0.7 bias_lr=60 head_lr=1.7 -> tta_val_acc=0.9199
muon_lr=0.017 muon_momentum=0.7 bias_lr=99 head_lr=1.7 -> tta_val_acc=0.918
muon_lr=0.017 muon_momentum=0.7 bias_lr=170 head_lr=1.7 -> tta_val_acc=0.9152
muon_lr=0.017 muon_momentum=0.7 bias_lr=280 head_lr=1.7 -> tta_val_acc=0.9142
muon_lr=0.017 muon_momentum=0.7 bias_lr=460 head_lr=1.7 -> tta_val_acc=0.8912
muon_lr=0.017 muon_momentum=0.7 bias_lr=770 head_lr=1.7 -> tta_val_acc=0.3057
muon_lr=0.017 muon_momentum=0.7 bias_lr=1300 head_lr=1.7 -> tta_val_acc=0.1
muon_lr=0.017 muon_momentum=0.7 bias_lr=2100 head_lr=1.7 -> tta_val_acc=0.1
muon_lr=0.017 muon_momentum=0.7 bias_lr=3500 head_lr=1.7 -> tta_val_acc=0.1
muon_lr=0.017 muon_momentum=0.7 bias_lr=5900 head_lr=1.7 -> tta_val_acc=0.1
muon_lr=0.017 muon_momentum=0.7 bias_lr=9800 head_lr=1.7 -> tta_val_acc=0.1
muon_lr=0.017 muon_momentum=0.7 bias_lr=16000 head_lr=1.7 -> tta_val_acc=0.1
muon_lr=0.017 muon_momentum=0.7 bias_lr=27000 head_lr=1.7 -> tta_val_acc=0.1
search_path step=0 muon_lr=0.017 muon_momentum=0.7 bias_lr=21 head_lr=1.7 tta_val_acc=0.9209
search_path step=1 muon_lr=0.017 muon_momentum=0.7 bias_lr=36 head_lr=1.7 tta_val_acc=0.9213
main hparams: muon_lr=0.078 muon_momentum=0.7 bias_lr=460 head_lr=770 main=0.5584, best_cooldown=0.8272
muon_lr=0.017 muon_momentum=0.7 bias_lr=21 head_lr=1.7 -> tta_val_acc=0.7682
muon_lr=0.017 muon_momentum=0.7 bias_lr=1 head_lr=1.7 -> tta_val_acc=0.7556
muon_lr=0.017 muon_momentum=0.7 bias_lr=1.7 head_lr=1.7 -> tta_val_acc=0.7613
muon_lr=0.017 muon_momentum=0.7 bias_lr=2.8 head_lr=1.7 -> tta_val_acc=0.765
muon_lr=0.017 muon_momentum=0.7 bias_lr=4.6 head_lr=1.7 -> tta_val_acc=0.7653
muon_lr=0.017 muon_momentum=0.7 bias_lr=7.7 head_lr=1.7 -> tta_val_acc=0.7654
muon_lr=0.017 muon_momentum=0.7 bias_lr=13 head_lr=1.7 -> tta_val_acc=0.7668
muon_lr=0.017 muon_momentum=0.7 bias_lr=36 head_lr=1.7 -> tta_val_acc=0.7704
muon_lr=0.017 muon_momentum=0.7 bias_lr=60 head_lr=1.7 -> tta_val_acc=0.7744
muon_lr=0.017 muon_momentum=0.7 bias_lr=99 head_lr=1.7 -> tta_val_acc=0.7798
muon_lr=0.017 muon_momentum=0.7 bias_lr=170 head_lr=1.7 -> tta_val_acc=0.8159
muon_lr=0.017 muon_momentum=0.7 bias_lr=280 head_lr=1.7 -> tta_val_acc=0.8272
muon_lr=0.017 muon_momentum=0.7 bias_lr=460 head_lr=1.7 -> tta_val_acc=0.4089
muon_lr=0.017 muon_momentum=0.7 bias_lr=770 head_lr=1.7 -> tta_val_acc=0.4941
muon_lr=0.017 muon_momentum=0.7 bias_lr=1300 head_lr=1.7 -> tta_val_acc=0.1266
muon_lr=0.017 muon_momentum=0.7 bias_lr=2100 head_lr=1.7 -> tta_val_acc=0.1
muon_lr=0.017 muon_momentum=0.7 bias_lr=3500 head_lr=1.7 -> tta_val_acc=0.1
muon_lr=0.017 muon_momentum=0.7 bias_lr=5900 head_lr=1.7 -> tta_val_acc=0.1
muon_lr=0.017 muon_momentum=0.7 bias_lr=9800 head_lr=1.7 -> tta_val_acc=0.1
muon_lr=0.017 muon_momentum=0.7 bias_lr=16000 head_lr=1.7 -> tta_val_acc=0.1
muon_lr=0.017 muon_momentum=0.7 bias_lr=27000 head_lr=1.7 -> tta_val_acc=0.1
search_path step=0 muon_lr=0.017 muon_momentum=0.7 bias_lr=21 head_lr=1.7 tta_val_acc=0.7682
search_path step=1 muon_lr=0.017 muon_momentum=0.7 bias_lr=280 head_lr=1.7 tta_val_acc=0.8272
main hparams: muon_lr=0.078 muon_momentum=0.7 bias_lr=770 head_lr=770 main=0.1, best_cooldown=0.1189
muon_lr=0.017 muon_momentum=0.7 bias_lr=21 head_lr=1.7 -> tta_val_acc=0.1031
muon_lr=0.017 muon_momentum=0.7 bias_lr=1 head_lr=1.7 -> tta_val_acc=0.103
muon_lr=0.017 muon_momentum=0.7 bias_lr=1.7 head_lr=1.7 -> tta_val_acc=0.103
muon_lr=0.017 muon_momentum=0.7 bias_lr=2.8 head_lr=1.7 -> tta_val_acc=0.1025
muon_lr=0.017 muon_momentum=0.7 bias_lr=4.6 head_lr=1.7 -> tta_val_acc=0.1032
muon_lr=0.017 muon_momentum=0.7 bias_lr=7.7 head_lr=1.7 -> tta_val_acc=0.103
muon_lr=0.017 muon_momentum=0.7 bias_lr=13 head_lr=1.7 -> tta_val_acc=0.1028
muon_lr=0.017 muon_momentum=0.7 bias_lr=36 head_lr=1.7 -> tta_val_acc=0.1032
muon_lr=0.017 muon_momentum=0.7 bias_lr=60 head_lr=1.7 -> tta_val_acc=0.1018
muon_lr=0.017 muon_momentum=0.7 bias_lr=99 head_lr=1.7 -> tta_val_acc=0.1026
muon_lr=0.017 muon_momentum=0.7 bias_lr=170 head_lr=1.7 -> tta_val_acc=0.1189
muon_lr=0.017 muon_momentum=0.7 bias_lr=280 head_lr=1.7 -> tta_val_acc=0.1033
muon_lr=0.017 muon_momentum=0.7 bias_lr=460 head_lr=1.7 -> tta_val_acc=0.1027
muon_lr=0.017 muon_momentum=0.7 bias_lr=770 head_lr=1.7 -> tta_val_acc=0.1012
muon_lr=0.017 muon_momentum=0.7 bias_lr=1300 head_lr=1.7 -> tta_val_acc=0.1024
muon_lr=0.017 muon_momentum=0.7 bias_lr=2100 head_lr=1.7 -> tta_val_acc=0.1028
muon_lr=0.017 muon_momentum=0.7 bias_lr=3500 head_lr=1.7 -> tta_val_acc=0.1029
muon_lr=0.017 muon_momentum=0.7 bias_lr=5900 head_lr=1.7 -> tta_val_acc=0.1026
muon_lr=0.017 muon_momentum=0.7 bias_lr=9800 head_lr=1.7 -> tta_val_acc=0.1027
muon_lr=0.017 muon_momentum=0.7 bias_lr=16000 head_lr=1.7 -> tta_val_acc=0.1025
muon_lr=0.017 muon_momentum=0.7 bias_lr=27000 head_lr=1.7 -> tta_val_acc=0.1022
search_path step=0 muon_lr=0.017 muon_momentum=0.7 bias_lr=21 head_lr=1.7 tta_val_acc=0.1031
search_path step=1 muon_lr=0.017 muon_momentum=0.7 bias_lr=170 head_lr=1.7 tta_val_acc=0.1189
main hparams: muon_lr=0.078 muon_momentum=0.7 bias_lr=1300 head_lr=770 main=0.1, best_cooldown=0.1
muon_lr=0.017 muon_momentum=0.7 bias_lr=21 head_lr=1.7 -> tta_val_acc=0.1
muon_lr=0.017 muon_momentum=0.7 bias_lr=1 head_lr=1.7 -> tta_val_acc=0.1
muon_lr=0.017 muon_momentum=0.7 bias_lr=1.7 head_lr=1.7 -> tta_val_acc=0.1
muon_lr=0.017 muon_momentum=0.7 bias_lr=2.8 head_lr=1.7 -> tta_val_acc=0.1
muon_lr=0.017 muon_momentum=0.7 bias_lr=4.6 head_lr=1.7 -> tta_val_acc=0.1
muon_lr=0.017 muon_momentum=0.7 bias_lr=7.7 head_lr=1.7 -> tta_val_acc=0.1
muon_lr=0.017 muon_momentum=0.7 bias_lr=13 head_lr=1.7 -> tta_val_acc=0.1
muon_lr=0.017 muon_momentum=0.7 bias_lr=36 head_lr=1.7 -> tta_val_acc=0.1
muon_lr=0.017 muon_momentum=0.7 bias_lr=60 head_lr=1.7 -> tta_val_acc=0.1
muon_lr=0.017 muon_momentum=0.7 bias_lr=99 head_lr=1.7 -> tta_val_acc=0.1
muon_lr=0.017 muon_momentum=0.7 bias_lr=170 head_lr=1.7 -> tta_val_acc=0.1
muon_lr=0.017 muon_momentum=0.7 bias_lr=280 head_lr=1.7 -> tta_val_acc=0.1
muon_lr=0.017 muon_momentum=0.7 bias_lr=460 head_lr=1.7 -> tta_val_acc=0.1
muon_lr=0.017 muon_momentum=0.7 bias_lr=770 head_lr=1.7 -> tta_val_acc=0.1
muon_lr=0.017 muon_momentum=0.7 bias_lr=1300 head_lr=1.7 -> tta_val_acc=0.1
muon_lr=0.017 muon_momentum=0.7 bias_lr=2100 head_lr=1.7 -> tta_val_acc=0.1
muon_lr=0.017 muon_momentum=0.7 bias_lr=3500 head_lr=1.7 -> tta_val_acc=0.1
muon_lr=0.017 muon_momentum=0.7 bias_lr=5900 head_lr=1.7 -> tta_val_acc=0.1
muon_lr=0.017 muon_momentum=0.7 bias_lr=9800 head_lr=1.7 -> tta_val_acc=0.1
muon_lr=0.017 muon_momentum=0.7 bias_lr=16000 head_lr=1.7 -> tta_val_acc=0.1
muon_lr=0.017 muon_momentum=0.7 bias_lr=27000 head_lr=1.7 -> tta_val_acc=0.1
search_path step=0 muon_lr=0.017 muon_momentum=0.7 bias_lr=21 head_lr=1.7 tta_val_acc=0.1
search_path step=1 muon_lr=0.017 muon_momentum=0.7 bias_lr=1 head_lr=1.7 tta_val_acc=0.1
main hparams: muon_lr=0.078 muon_momentum=0.7 bias_lr=2100 head_lr=770 main=0.1, best_cooldown=0.1
muon_lr=0.017 muon_momentum=0.7 bias_lr=21 head_lr=1.7 -> tta_val_acc=0.1
muon_lr=0.017 muon_momentum=0.7 bias_lr=1 head_lr=1.7 -> tta_val_acc=0.1
muon_lr=0.017 muon_momentum=0.7 bias_lr=1.7 head_lr=1.7 -> tta_val_acc=0.1
muon_lr=0.017 muon_momentum=0.7 bias_lr=2.8 head_lr=1.7 -> tta_val_acc=0.1
muon_lr=0.017 muon_momentum=0.7 bias_lr=4.6 head_lr=1.7 -> tta_val_acc=0.1
muon_lr=0.017 muon_momentum=0.7 bias_lr=7.7 head_lr=1.7 -> tta_val_acc=0.1
muon_lr=0.017 muon_momentum=0.7 bias_lr=13 head_lr=1.7 -> tta_val_acc=0.1
muon_lr=0.017 muon_momentum=0.7 bias_lr=36 head_lr=1.7 -> tta_val_acc=0.1
muon_lr=0.017 muon_momentum=0.7 bias_lr=60 head_lr=1.7 -> tta_val_acc=0.1
muon_lr=0.017 muon_momentum=0.7 bias_lr=99 head_lr=1.7 -> tta_val_acc=0.1
muon_lr=0.017 muon_momentum=0.7 bias_lr=170 head_lr=1.7 -> tta_val_acc=0.1
muon_lr=0.017 muon_momentum=0.7 bias_lr=280 head_lr=1.7 -> tta_val_acc=0.1
muon_lr=0.017 muon_momentum=0.7 bias_lr=460 head_lr=1.7 -> tta_val_acc=0.1
muon_lr=0.017 muon_momentum=0.7 bias_lr=770 head_lr=1.7 -> tta_val_acc=0.1
muon_lr=0.017 muon_momentum=0.7 bias_lr=1300 head_lr=1.7 -> tta_val_acc=0.1
muon_lr=0.017 muon_momentum=0.7 bias_lr=2100 head_lr=1.7 -> tta_val_acc=0.1
muon_lr=0.017 muon_momentum=0.7 bias_lr=3500 head_lr=1.7 -> tta_val_acc=0.1
muon_lr=0.017 muon_momentum=0.7 bias_lr=5900 head_lr=1.7 -> tta_val_acc=0.1
muon_lr=0.017 muon_momentum=0.7 bias_lr=9800 head_lr=1.7 -> tta_val_acc=0.1
muon_lr=0.017 muon_momentum=0.7 bias_lr=16000 head_lr=1.7 -> tta_val_acc=0.1
muon_lr=0.017 muon_momentum=0.7 bias_lr=27000 head_lr=1.7 -> tta_val_acc=0.1
search_path step=0 muon_lr=0.017 muon_momentum=0.7 bias_lr=21 head_lr=1.7 tta_val_acc=0.1
search_path step=1 muon_lr=0.017 muon_momentum=0.7 bias_lr=1 head_lr=1.7 tta_val_acc=0.1
main hparams: muon_lr=0.078 muon_momentum=0.7 bias_lr=3500 head_lr=770 main=0.1, best_cooldown=0.1
muon_lr=0.017 muon_momentum=0.7 bias_lr=21 head_lr=1.7 -> tta_val_acc=0.1
muon_lr=0.017 muon_momentum=0.7 bias_lr=1 head_lr=1.7 -> tta_val_acc=0.1
muon_lr=0.017 muon_momentum=0.7 bias_lr=1.7 head_lr=1.7 -> tta_val_acc=0.1
muon_lr=0.017 muon_momentum=0.7 bias_lr=2.8 head_lr=1.7 -> tta_val_acc=0.1
muon_lr=0.017 muon_momentum=0.7 bias_lr=4.6 head_lr=1.7 -> tta_val_acc=0.1
muon_lr=0.017 muon_momentum=0.7 bias_lr=7.7 head_lr=1.7 -> tta_val_acc=0.1
muon_lr=0.017 muon_momentum=0.7 bias_lr=13 head_lr=1.7 -> tta_val_acc=0.1
muon_lr=0.017 muon_momentum=0.7 bias_lr=36 head_lr=1.7 -> tta_val_acc=0.1
muon_lr=0.017 muon_momentum=0.7 bias_lr=60 head_lr=1.7 -> tta_val_acc=0.1
muon_lr=0.017 muon_momentum=0.7 bias_lr=99 head_lr=1.7 -> tta_val_acc=0.1
muon_lr=0.017 muon_momentum=0.7 bias_lr=170 head_lr=1.7 -> tta_val_acc=0.1
muon_lr=0.017 muon_momentum=0.7 bias_lr=280 head_lr=1.7 -> tta_val_acc=0.1
muon_lr=0.017 muon_momentum=0.7 bias_lr=460 head_lr=1.7 -> tta_val_acc=0.1
muon_lr=0.017 muon_momentum=0.7 bias_lr=770 head_lr=1.7 -> tta_val_acc=0.1
muon_lr=0.017 muon_momentum=0.7 bias_lr=1300 head_lr=1.7 -> tta_val_acc=0.1
muon_lr=0.017 muon_momentum=0.7 bias_lr=2100 head_lr=1.7 -> tta_val_acc=0.1
muon_lr=0.017 muon_momentum=0.7 bias_lr=3500 head_lr=1.7 -> tta_val_acc=0.1
muon_lr=0.017 muon_momentum=0.7 bias_lr=5900 head_lr=1.7 -> tta_val_acc=0.1
muon_lr=0.017 muon_momentum=0.7 bias_lr=9800 head_lr=1.7 -> tta_val_acc=0.1
muon_lr=0.017 muon_momentum=0.7 bias_lr=16000 head_lr=1.7 -> tta_val_acc=0.1
muon_lr=0.017 muon_momentum=0.7 bias_lr=27000 head_lr=1.7 -> tta_val_acc=0.1
search_path step=0 muon_lr=0.017 muon_momentum=0.7 bias_lr=21 head_lr=1.7 tta_val_acc=0.1
search_path step=1 muon_lr=0.017 muon_momentum=0.7 bias_lr=1 head_lr=1.7 tta_val_acc=0.1
main hparams: muon_lr=0.078 muon_momentum=0.7 bias_lr=5900 head_lr=770 main=0.1, best_cooldown=0.1
muon_lr=0.017 muon_momentum=0.7 bias_lr=21 head_lr=1.7 -> tta_val_acc=0.1
muon_lr=0.017 muon_momentum=0.7 bias_lr=1 head_lr=1.7 -> tta_val_acc=0.1
muon_lr=0.017 muon_momentum=0.7 bias_lr=1.7 head_lr=1.7 -> tta_val_acc=0.1
muon_lr=0.017 muon_momentum=0.7 bias_lr=2.8 head_lr=1.7 -> tta_val_acc=0.1
muon_lr=0.017 muon_momentum=0.7 bias_lr=4.6 head_lr=1.7 -> tta_val_acc=0.1
muon_lr=0.017 muon_momentum=0.7 bias_lr=7.7 head_lr=1.7 -> tta_val_acc=0.1
muon_lr=0.017 muon_momentum=0.7 bias_lr=13 head_lr=1.7 -> tta_val_acc=0.1
muon_lr=0.017 muon_momentum=0.7 bias_lr=36 head_lr=1.7 -> tta_val_acc=0.1
muon_lr=0.017 muon_momentum=0.7 bias_lr=60 head_lr=1.7 -> tta_val_acc=0.1
muon_lr=0.017 muon_momentum=0.7 bias_lr=99 head_lr=1.7 -> tta_val_acc=0.1
muon_lr=0.017 muon_momentum=0.7 bias_lr=170 head_lr=1.7 -> tta_val_acc=0.1
muon_lr=0.017 muon_momentum=0.7 bias_lr=280 head_lr=1.7 -> tta_val_acc=0.1
muon_lr=0.017 muon_momentum=0.7 bias_lr=460 head_lr=1.7 -> tta_val_acc=0.1
muon_lr=0.017 muon_momentum=0.7 bias_lr=770 head_lr=1.7 -> tta_val_acc=0.1
muon_lr=0.017 muon_momentum=0.7 bias_lr=1300 head_lr=1.7 -> tta_val_acc=0.1
muon_lr=0.017 muon_momentum=0.7 bias_lr=2100 head_lr=1.7 -> tta_val_acc=0.1
muon_lr=0.017 muon_momentum=0.7 bias_lr=3500 head_lr=1.7 -> tta_val_acc=0.1
muon_lr=0.017 muon_momentum=0.7 bias_lr=5900 head_lr=1.7 -> tta_val_acc=0.1
muon_lr=0.017 muon_momentum=0.7 bias_lr=9800 head_lr=1.7 -> tta_val_acc=0.1
muon_lr=0.017 muon_momentum=0.7 bias_lr=16000 head_lr=1.7 -> tta_val_acc=0.1
muon_lr=0.017 muon_momentum=0.7 bias_lr=27000 head_lr=1.7 -> tta_val_acc=0.1
search_path step=0 muon_lr=0.017 muon_momentum=0.7 bias_lr=21 head_lr=1.7 tta_val_acc=0.1
search_path step=1 muon_lr=0.017 muon_momentum=0.7 bias_lr=1 head_lr=1.7 tta_val_acc=0.1
main hparams: muon_lr=0.078 muon_momentum=0.7 bias_lr=9800 head_lr=770 main=0.1, best_cooldown=0.1
muon_lr=0.017 muon_momentum=0.7 bias_lr=21 head_lr=1.7 -> tta_val_acc=0.1
muon_lr=0.017 muon_momentum=0.7 bias_lr=1 head_lr=1.7 -> tta_val_acc=0.1
muon_lr=0.017 muon_momentum=0.7 bias_lr=1.7 head_lr=1.7 -> tta_val_acc=0.1
muon_lr=0.017 muon_momentum=0.7 bias_lr=2.8 head_lr=1.7 -> tta_val_acc=0.1
muon_lr=0.017 muon_momentum=0.7 bias_lr=4.6 head_lr=1.7 -> tta_val_acc=0.1
muon_lr=0.017 muon_momentum=0.7 bias_lr=7.7 head_lr=1.7 -> tta_val_acc=0.1
muon_lr=0.017 muon_momentum=0.7 bias_lr=13 head_lr=1.7 -> tta_val_acc=0.1
muon_lr=0.017 muon_momentum=0.7 bias_lr=36 head_lr=1.7 -> tta_val_acc=0.1
muon_lr=0.017 muon_momentum=0.7 bias_lr=60 head_lr=1.7 -> tta_val_acc=0.1
muon_lr=0.017 muon_momentum=0.7 bias_lr=99 head_lr=1.7 -> tta_val_acc=0.1
muon_lr=0.017 muon_momentum=0.7 bias_lr=170 head_lr=1.7 -> tta_val_acc=0.1
muon_lr=0.017 muon_momentum=0.7 bias_lr=280 head_lr=1.7 -> tta_val_acc=0.1
muon_lr=0.017 muon_momentum=0.7 bias_lr=460 head_lr=1.7 -> tta_val_acc=0.1
muon_lr=0.017 muon_momentum=0.7 bias_lr=770 head_lr=1.7 -> tta_val_acc=0.1
muon_lr=0.017 muon_momentum=0.7 bias_lr=1300 head_lr=1.7 -> tta_val_acc=0.1
muon_lr=0.017 muon_momentum=0.7 bias_lr=2100 head_lr=1.7 -> tta_val_acc=0.1
muon_lr=0.017 muon_momentum=0.7 bias_lr=3500 head_lr=1.7 -> tta_val_acc=0.1
muon_lr=0.017 muon_momentum=0.7 bias_lr=5900 head_lr=1.7 -> tta_val_acc=0.1
muon_lr=0.017 muon_momentum=0.7 bias_lr=9800 head_lr=1.7 -> tta_val_acc=0.1
muon_lr=0.017 muon_momentum=0.7 bias_lr=16000 head_lr=1.7 -> tta_val_acc=0.1
muon_lr=0.017 muon_momentum=0.7 bias_lr=27000 head_lr=1.7 -> tta_val_acc=0.1
search_path step=0 muon_lr=0.017 muon_momentum=0.7 bias_lr=21 head_lr=1.7 tta_val_acc=0.1
search_path step=1 muon_lr=0.017 muon_momentum=0.7 bias_lr=1 head_lr=1.7 tta_val_acc=0.1
main hparams: muon_lr=0.078 muon_momentum=0.7 bias_lr=16000 head_lr=770 main=0.1, best_cooldown=0.1
muon_lr=0.017 muon_momentum=0.7 bias_lr=21 head_lr=1.7 -> tta_val_acc=0.1
muon_lr=0.017 muon_momentum=0.7 bias_lr=1 head_lr=1.7 -> tta_val_acc=0.1
muon_lr=0.017 muon_momentum=0.7 bias_lr=1.7 head_lr=1.7 -> tta_val_acc=0.1
muon_lr=0.017 muon_momentum=0.7 bias_lr=2.8 head_lr=1.7 -> tta_val_acc=0.1
muon_lr=0.017 muon_momentum=0.7 bias_lr=4.6 head_lr=1.7 -> tta_val_acc=0.1
muon_lr=0.017 muon_momentum=0.7 bias_lr=7.7 head_lr=1.7 -> tta_val_acc=0.1
muon_lr=0.017 muon_momentum=0.7 bias_lr=13 head_lr=1.7 -> tta_val_acc=0.1
muon_lr=0.017 muon_momentum=0.7 bias_lr=36 head_lr=1.7 -> tta_val_acc=0.1
muon_lr=0.017 muon_momentum=0.7 bias_lr=60 head_lr=1.7 -> tta_val_acc=0.1
muon_lr=0.017 muon_momentum=0.7 bias_lr=99 head_lr=1.7 -> tta_val_acc=0.1
muon_lr=0.017 muon_momentum=0.7 bias_lr=170 head_lr=1.7 -> tta_val_acc=0.1
muon_lr=0.017 muon_momentum=0.7 bias_lr=280 head_lr=1.7 -> tta_val_acc=0.1
muon_lr=0.017 muon_momentum=0.7 bias_lr=460 head_lr=1.7 -> tta_val_acc=0.1
muon_lr=0.017 muon_momentum=0.7 bias_lr=770 head_lr=1.7 -> tta_val_acc=0.1
muon_lr=0.017 muon_momentum=0.7 bias_lr=1300 head_lr=1.7 -> tta_val_acc=0.1
muon_lr=0.017 muon_momentum=0.7 bias_lr=2100 head_lr=1.7 -> tta_val_acc=0.1
muon_lr=0.017 muon_momentum=0.7 bias_lr=3500 head_lr=1.7 -> tta_val_acc=0.1
muon_lr=0.017 muon_momentum=0.7 bias_lr=5900 head_lr=1.7 -> tta_val_acc=0.1
muon_lr=0.017 muon_momentum=0.7 bias_lr=9800 head_lr=1.7 -> tta_val_acc=0.1
muon_lr=0.017 muon_momentum=0.7 bias_lr=16000 head_lr=1.7 -> tta_val_acc=0.1
muon_lr=0.017 muon_momentum=0.7 bias_lr=27000 head_lr=1.7 -> tta_val_acc=0.1
search_path step=0 muon_lr=0.017 muon_momentum=0.7 bias_lr=21 head_lr=1.7 tta_val_acc=0.1
search_path step=1 muon_lr=0.017 muon_momentum=0.7 bias_lr=1 head_lr=1.7 tta_val_acc=0.1
main hparams: muon_lr=0.078 muon_momentum=0.7 bias_lr=27000 head_lr=770 main=0.1, best_cooldown=0.1
muon_lr=0.017 muon_momentum=0.7 bias_lr=21 head_lr=1.7 -> tta_val_acc=0.1
muon_lr=0.017 muon_momentum=0.7 bias_lr=1 head_lr=1.7 -> tta_val_acc=0.1
muon_lr=0.017 muon_momentum=0.7 bias_lr=1.7 head_lr=1.7 -> tta_val_acc=0.1
muon_lr=0.017 muon_momentum=0.7 bias_lr=2.8 head_lr=1.7 -> tta_val_acc=0.1
muon_lr=0.017 muon_momentum=0.7 bias_lr=4.6 head_lr=1.7 -> tta_val_acc=0.1
muon_lr=0.017 muon_momentum=0.7 bias_lr=7.7 head_lr=1.7 -> tta_val_acc=0.1
muon_lr=0.017 muon_momentum=0.7 bias_lr=13 head_lr=1.7 -> tta_val_acc=0.1
muon_lr=0.017 muon_momentum=0.7 bias_lr=36 head_lr=1.7 -> tta_val_acc=0.1
muon_lr=0.017 muon_momentum=0.7 bias_lr=60 head_lr=1.7 -> tta_val_acc=0.1
muon_lr=0.017 muon_momentum=0.7 bias_lr=99 head_lr=1.7 -> tta_val_acc=0.1
muon_lr=0.017 muon_momentum=0.7 bias_lr=170 head_lr=1.7 -> tta_val_acc=0.1
muon_lr=0.017 muon_momentum=0.7 bias_lr=280 head_lr=1.7 -> tta_val_acc=0.1
muon_lr=0.017 muon_momentum=0.7 bias_lr=460 head_lr=1.7 -> tta_val_acc=0.1
muon_lr=0.017 muon_momentum=0.7 bias_lr=770 head_lr=1.7 -> tta_val_acc=0.1
muon_lr=0.017 muon_momentum=0.7 bias_lr=1300 head_lr=1.7 -> tta_val_acc=0.1
muon_lr=0.017 muon_momentum=0.7 bias_lr=2100 head_lr=1.7 -> tta_val_acc=0.1
muon_lr=0.017 muon_momentum=0.7 bias_lr=3500 head_lr=1.7 -> tta_val_acc=0.1
muon_lr=0.017 muon_momentum=0.7 bias_lr=5900 head_lr=1.7 -> tta_val_acc=0.1
muon_lr=0.017 muon_momentum=0.7 bias_lr=9800 head_lr=1.7 -> tta_val_acc=0.1
muon_lr=0.017 muon_momentum=0.7 bias_lr=16000 head_lr=1.7 -> tta_val_acc=0.1
muon_lr=0.017 muon_momentum=0.7 bias_lr=27000 head_lr=1.7 -> tta_val_acc=0.1
search_path step=0 muon_lr=0.017 muon_momentum=0.7 bias_lr=21 head_lr=1.7 tta_val_acc=0.1
search_path step=1 muon_lr=0.017 muon_momentum=0.7 bias_lr=1 head_lr=1.7 tta_val_acc=0.1
main hparams: muon_lr=0.078 muon_momentum=0.7 bias_lr=1.7 head_lr=1 main=0.8937, best_cooldown=0.9273
muon_lr=0.017 muon_momentum=0.7 bias_lr=7.7 head_lr=1.7 -> tta_val_acc=0.9268
muon_lr=0.017 muon_momentum=0.7 bias_lr=7.7 head_lr=1 -> tta_val_acc=0.9268
muon_lr=0.017 muon_momentum=0.7 bias_lr=7.7 head_lr=2.8 -> tta_val_acc=0.9263
muon_lr=0.017 muon_momentum=0.7 bias_lr=7.7 head_lr=4.6 -> tta_val_acc=0.9269
muon_lr=0.017 muon_momentum=0.7 bias_lr=7.7 head_lr=7.7 -> tta_val_acc=0.927
muon_lr=0.017 muon_momentum=0.7 bias_lr=7.7 head_lr=13 -> tta_val_acc=0.9269
muon_lr=0.017 muon_momentum=0.7 bias_lr=7.7 head_lr=21 -> tta_val_acc=0.9271
muon_lr=0.017 muon_momentum=0.7 bias_lr=7.7 head_lr=36 -> tta_val_acc=0.9271
muon_lr=0.017 muon_momentum=0.7 bias_lr=7.7 head_lr=60 -> tta_val_acc=0.9272
muon_lr=0.017 muon_momentum=0.7 bias_lr=7.7 head_lr=99 -> tta_val_acc=0.9272
muon_lr=0.017 muon_momentum=0.7 bias_lr=7.7 head_lr=170 -> tta_val_acc=0.9273
muon_lr=0.017 muon_momentum=0.7 bias_lr=7.7 head_lr=280 -> tta_val_acc=0.9266
muon_lr=0.017 muon_momentum=0.7 bias_lr=7.7 head_lr=460 -> tta_val_acc=0.9268
muon_lr=0.017 muon_momentum=0.7 bias_lr=7.7 head_lr=770 -> tta_val_acc=0.926
muon_lr=0.017 muon_momentum=0.7 bias_lr=7.7 head_lr=1300 -> tta_val_acc=0.926
muon_lr=0.017 muon_momentum=0.7 bias_lr=7.7 head_lr=2100 -> tta_val_acc=0.9264
muon_lr=0.017 muon_momentum=0.7 bias_lr=7.7 head_lr=3500 -> tta_val_acc=0.9259
muon_lr=0.017 muon_momentum=0.7 bias_lr=7.7 head_lr=5900 -> tta_val_acc=0.9225
muon_lr=0.017 muon_momentum=0.7 bias_lr=7.7 head_lr=9800 -> tta_val_acc=0.9143
muon_lr=0.017 muon_momentum=0.7 bias_lr=7.7 head_lr=16000 -> tta_val_acc=0.9004
muon_lr=0.017 muon_momentum=0.7 bias_lr=7.7 head_lr=27000 -> tta_val_acc=0.8347
search_path step=0 muon_lr=0.017 muon_momentum=0.7 bias_lr=7.7 head_lr=1.7 tta_val_acc=0.9268
search_path step=1 muon_lr=0.017 muon_momentum=0.7 bias_lr=7.7 head_lr=170 tta_val_acc=0.9273
main hparams: muon_lr=0.078 muon_momentum=0.7 bias_lr=1.7 head_lr=1.7 main=0.8926, best_cooldown=0.9266
muon_lr=0.017 muon_momentum=0.7 bias_lr=7.7 head_lr=1.7 -> tta_val_acc=0.9261
muon_lr=0.017 muon_momentum=0.7 bias_lr=7.7 head_lr=1 -> tta_val_acc=0.9256
muon_lr=0.017 muon_momentum=0.7 bias_lr=7.7 head_lr=2.8 -> tta_val_acc=0.9255
muon_lr=0.017 muon_momentum=0.7 bias_lr=7.7 head_lr=4.6 -> tta_val_acc=0.9256
muon_lr=0.017 muon_momentum=0.7 bias_lr=7.7 head_lr=7.7 -> tta_val_acc=0.9262
muon_lr=0.017 muon_momentum=0.7 bias_lr=7.7 head_lr=13 -> tta_val_acc=0.9257
muon_lr=0.017 muon_momentum=0.7 bias_lr=7.7 head_lr=21 -> tta_val_acc=0.9256
muon_lr=0.017 muon_momentum=0.7 bias_lr=7.7 head_lr=36 -> tta_val_acc=0.9255
muon_lr=0.017 muon_momentum=0.7 bias_lr=7.7 head_lr=60 -> tta_val_acc=0.9256
muon_lr=0.017 muon_momentum=0.7 bias_lr=7.7 head_lr=99 -> tta_val_acc=0.9257
muon_lr=0.017 muon_momentum=0.7 bias_lr=7.7 head_lr=170 -> tta_val_acc=0.926
muon_lr=0.017 muon_momentum=0.7 bias_lr=7.7 head_lr=280 -> tta_val_acc=0.9258
muon_lr=0.017 muon_momentum=0.7 bias_lr=7.7 head_lr=460 -> tta_val_acc=0.9258
muon_lr=0.017 muon_momentum=0.7 bias_lr=7.7 head_lr=770 -> tta_val_acc=0.9262
muon_lr=0.017 muon_momentum=0.7 bias_lr=7.7 head_lr=1300 -> tta_val_acc=0.9265
muon_lr=0.017 muon_momentum=0.7 bias_lr=7.7 head_lr=2100 -> tta_val_acc=0.9261
muon_lr=0.017 muon_momentum=0.7 bias_lr=7.7 head_lr=3500 -> tta_val_acc=0.9266
muon_lr=0.017 muon_momentum=0.7 bias_lr=7.7 head_lr=5900 -> tta_val_acc=0.9238
muon_lr=0.017 muon_momentum=0.7 bias_lr=7.7 head_lr=9800 -> tta_val_acc=0.9125
muon_lr=0.017 muon_momentum=0.7 bias_lr=7.7 head_lr=16000 -> tta_val_acc=0.8947
muon_lr=0.017 muon_momentum=0.7 bias_lr=7.7 head_lr=27000 -> tta_val_acc=0.8664
search_path step=0 muon_lr=0.017 muon_momentum=0.7 bias_lr=7.7 head_lr=1.7 tta_val_acc=0.9261
search_path step=1 muon_lr=0.017 muon_momentum=0.7 bias_lr=7.7 head_lr=3500 tta_val_acc=0.9266
main hparams: muon_lr=0.078 muon_momentum=0.7 bias_lr=1.7 head_lr=2.8 main=0.8924, best_cooldown=0.9279
muon_lr=0.017 muon_momentum=0.7 bias_lr=7.7 head_lr=1.7 -> tta_val_acc=0.926
muon_lr=0.017 muon_momentum=0.7 bias_lr=7.7 head_lr=1 -> tta_val_acc=0.9262
muon_lr=0.017 muon_momentum=0.7 bias_lr=7.7 head_lr=2.8 -> tta_val_acc=0.9259
muon_lr=0.017 muon_momentum=0.7 bias_lr=7.7 head_lr=4.6 -> tta_val_acc=0.9264
muon_lr=0.017 muon_momentum=0.7 bias_lr=7.7 head_lr=7.7 -> tta_val_acc=0.9263
muon_lr=0.017 muon_momentum=0.7 bias_lr=7.7 head_lr=13 -> tta_val_acc=0.9262
muon_lr=0.017 muon_momentum=0.7 bias_lr=7.7 head_lr=21 -> tta_val_acc=0.926
muon_lr=0.017 muon_momentum=0.7 bias_lr=7.7 head_lr=36 -> tta_val_acc=0.926
muon_lr=0.017 muon_momentum=0.7 bias_lr=7.7 head_lr=60 -> tta_val_acc=0.9266
muon_lr=0.017 muon_momentum=0.7 bias_lr=7.7 head_lr=99 -> tta_val_acc=0.9271
muon_lr=0.017 muon_momentum=0.7 bias_lr=7.7 head_lr=170 -> tta_val_acc=0.9271
muon_lr=0.017 muon_momentum=0.7 bias_lr=7.7 head_lr=280 -> tta_val_acc=0.927
muon_lr=0.017 muon_momentum=0.7 bias_lr=7.7 head_lr=460 -> tta_val_acc=0.9269
muon_lr=0.017 muon_momentum=0.7 bias_lr=7.7 head_lr=770 -> tta_val_acc=0.9279
muon_lr=0.017 muon_momentum=0.7 bias_lr=7.7 head_lr=1300 -> tta_val_acc=0.9278
muon_lr=0.017 muon_momentum=0.7 bias_lr=7.7 head_lr=2100 -> tta_val_acc=0.9267
muon_lr=0.017 muon_momentum=0.7 bias_lr=7.7 head_lr=3500 -> tta_val_acc=0.9267
muon_lr=0.017 muon_momentum=0.7 bias_lr=7.7 head_lr=5900 -> tta_val_acc=0.9229
muon_lr=0.017 muon_momentum=0.7 bias_lr=7.7 head_lr=9800 -> tta_val_acc=0.9119
muon_lr=0.017 muon_momentum=0.7 bias_lr=7.7 head_lr=16000 -> tta_val_acc=0.8967
muon_lr=0.017 muon_momentum=0.7 bias_lr=7.7 head_lr=27000 -> tta_val_acc=0.8551
search_path step=0 muon_lr=0.017 muon_momentum=0.7 bias_lr=7.7 head_lr=1.7 tta_val_acc=0.926
search_path step=1 muon_lr=0.017 muon_momentum=0.7 bias_lr=7.7 head_lr=770 tta_val_acc=0.9279
main hparams: muon_lr=0.078 muon_momentum=0.7 bias_lr=1.7 head_lr=4.6 main=0.8947, best_cooldown=0.9267
muon_lr=0.017 muon_momentum=0.7 bias_lr=7.7 head_lr=1.7 -> tta_val_acc=0.9251
muon_lr=0.017 muon_momentum=0.7 bias_lr=7.7 head_lr=1 -> tta_val_acc=0.9251
muon_lr=0.017 muon_momentum=0.7 bias_lr=7.7 head_lr=2.8 -> tta_val_acc=0.9255
muon_lr=0.017 muon_momentum=0.7 bias_lr=7.7 head_lr=4.6 -> tta_val_acc=0.9253
muon_lr=0.017 muon_momentum=0.7 bias_lr=7.7 head_lr=7.7 -> tta_val_acc=0.925
muon_lr=0.017 muon_momentum=0.7 bias_lr=7.7 head_lr=13 -> tta_val_acc=0.9251
muon_lr=0.017 muon_momentum=0.7 bias_lr=7.7 head_lr=21 -> tta_val_acc=0.9251
muon_lr=0.017 muon_momentum=0.7 bias_lr=7.7 head_lr=36 -> tta_val_acc=0.9247
muon_lr=0.017 muon_momentum=0.7 bias_lr=7.7 head_lr=60 -> tta_val_acc=0.925
muon_lr=0.017 muon_momentum=0.7 bias_lr=7.7 head_lr=99 -> tta_val_acc=0.9253
muon_lr=0.017 muon_momentum=0.7 bias_lr=7.7 head_lr=170 -> tta_val_acc=0.9255
muon_lr=0.017 muon_momentum=0.7 bias_lr=7.7 head_lr=280 -> tta_val_acc=0.9256
muon_lr=0.017 muon_momentum=0.7 bias_lr=7.7 head_lr=460 -> tta_val_acc=0.9258
muon_lr=0.017 muon_momentum=0.7 bias_lr=7.7 head_lr=770 -> tta_val_acc=0.9257
muon_lr=0.017 muon_momentum=0.7 bias_lr=7.7 head_lr=1300 -> tta_val_acc=0.9263
muon_lr=0.017 muon_momentum=0.7 bias_lr=7.7 head_lr=2100 -> tta_val_acc=0.9258
muon_lr=0.017 muon_momentum=0.7 bias_lr=7.7 head_lr=3500 -> tta_val_acc=0.9267
muon_lr=0.017 muon_momentum=0.7 bias_lr=7.7 head_lr=5900 -> tta_val_acc=0.9216
muon_lr=0.017 muon_momentum=0.7 bias_lr=7.7 head_lr=9800 -> tta_val_acc=0.9112
muon_lr=0.017 muon_momentum=0.7 bias_lr=7.7 head_lr=16000 -> tta_val_acc=0.8942
muon_lr=0.017 muon_momentum=0.7 bias_lr=7.7 head_lr=27000 -> tta_val_acc=0.851
search_path step=0 muon_lr=0.017 muon_momentum=0.7 bias_lr=7.7 head_lr=1.7 tta_val_acc=0.9251
search_path step=1 muon_lr=0.017 muon_momentum=0.7 bias_lr=7.7 head_lr=3500 tta_val_acc=0.9267
main hparams: muon_lr=0.078 muon_momentum=0.7 bias_lr=1.7 head_lr=7.7 main=0.8931, best_cooldown=0.9261
muon_lr=0.017 muon_momentum=0.7 bias_lr=7.7 head_lr=1.7 -> tta_val_acc=0.9252
muon_lr=0.017 muon_momentum=0.7 bias_lr=7.7 head_lr=1 -> tta_val_acc=0.9251
muon_lr=0.017 muon_momentum=0.7 bias_lr=7.7 head_lr=2.8 -> tta_val_acc=0.9253
muon_lr=0.017 muon_momentum=0.7 bias_lr=7.7 head_lr=4.6 -> tta_val_acc=0.9255
muon_lr=0.017 muon_momentum=0.7 bias_lr=7.7 head_lr=7.7 -> tta_val_acc=0.9253
muon_lr=0.017 muon_momentum=0.7 bias_lr=7.7 head_lr=13 -> tta_val_acc=0.925
muon_lr=0.017 muon_momentum=0.7 bias_lr=7.7 head_lr=21 -> tta_val_acc=0.9255
muon_lr=0.017 muon_momentum=0.7 bias_lr=7.7 head_lr=36 -> tta_val_acc=0.9252
muon_lr=0.017 muon_momentum=0.7 bias_lr=7.7 head_lr=60 -> tta_val_acc=0.9252
muon_lr=0.017 muon_momentum=0.7 bias_lr=7.7 head_lr=99 -> tta_val_acc=0.9253
muon_lr=0.017 muon_momentum=0.7 bias_lr=7.7 head_lr=170 -> tta_val_acc=0.9261
muon_lr=0.017 muon_momentum=0.7 bias_lr=7.7 head_lr=280 -> tta_val_acc=0.926
muon_lr=0.017 muon_momentum=0.7 bias_lr=7.7 head_lr=460 -> tta_val_acc=0.9254
muon_lr=0.017 muon_momentum=0.7 bias_lr=7.7 head_lr=770 -> tta_val_acc=0.9251
muon_lr=0.017 muon_momentum=0.7 bias_lr=7.7 head_lr=1300 -> tta_val_acc=0.925
muon_lr=0.017 muon_momentum=0.7 bias_lr=7.7 head_lr=2100 -> tta_val_acc=0.9247
muon_lr=0.017 muon_momentum=0.7 bias_lr=7.7 head_lr=3500 -> tta_val_acc=0.9244
muon_lr=0.017 muon_momentum=0.7 bias_lr=7.7 head_lr=5900 -> tta_val_acc=0.9226
muon_lr=0.017 muon_momentum=0.7 bias_lr=7.7 head_lr=9800 -> tta_val_acc=0.9135
muon_lr=0.017 muon_momentum=0.7 bias_lr=7.7 head_lr=16000 -> tta_val_acc=0.9005
muon_lr=0.017 muon_momentum=0.7 bias_lr=7.7 head_lr=27000 -> tta_val_acc=0.8324
search_path step=0 muon_lr=0.017 muon_momentum=0.7 bias_lr=7.7 head_lr=1.7 tta_val_acc=0.9252
search_path step=1 muon_lr=0.017 muon_momentum=0.7 bias_lr=7.7 head_lr=170 tta_val_acc=0.9261
main hparams: muon_lr=0.078 muon_momentum=0.7 bias_lr=1.7 head_lr=13 main=0.8942, best_cooldown=0.9265
muon_lr=0.017 muon_momentum=0.7 bias_lr=7.7 head_lr=1.7 -> tta_val_acc=0.9253
muon_lr=0.017 muon_momentum=0.7 bias_lr=7.7 head_lr=1 -> tta_val_acc=0.926
muon_lr=0.017 muon_momentum=0.7 bias_lr=7.7 head_lr=2.8 -> tta_val_acc=0.9254
muon_lr=0.017 muon_momentum=0.7 bias_lr=7.7 head_lr=4.6 -> tta_val_acc=0.9255
muon_lr=0.017 muon_momentum=0.7 bias_lr=7.7 head_lr=7.7 -> tta_val_acc=0.9254
muon_lr=0.017 muon_momentum=0.7 bias_lr=7.7 head_lr=13 -> tta_val_acc=0.9252
muon_lr=0.017 muon_momentum=0.7 bias_lr=7.7 head_lr=21 -> tta_val_acc=0.9258
muon_lr=0.017 muon_momentum=0.7 bias_lr=7.7 head_lr=36 -> tta_val_acc=0.9249
muon_lr=0.017 muon_momentum=0.7 bias_lr=7.7 head_lr=60 -> tta_val_acc=0.9258
muon_lr=0.017 muon_momentum=0.7 bias_lr=7.7 head_lr=99 -> tta_val_acc=0.9258
muon_lr=0.017 muon_momentum=0.7 bias_lr=7.7 head_lr=170 -> tta_val_acc=0.9259
muon_lr=0.017 muon_momentum=0.7 bias_lr=7.7 head_lr=280 -> tta_val_acc=0.9255
muon_lr=0.017 muon_momentum=0.7 bias_lr=7.7 head_lr=460 -> tta_val_acc=0.9257
muon_lr=0.017 muon_momentum=0.7 bias_lr=7.7 head_lr=770 -> tta_val_acc=0.9265
muon_lr=0.017 muon_momentum=0.7 bias_lr=7.7 head_lr=1300 -> tta_val_acc=0.9263
muon_lr=0.017 muon_momentum=0.7 bias_lr=7.7 head_lr=2100 -> tta_val_acc=0.9255
muon_lr=0.017 muon_momentum=0.7 bias_lr=7.7 head_lr=3500 -> tta_val_acc=0.9261
muon_lr=0.017 muon_momentum=0.7 bias_lr=7.7 head_lr=5900 -> tta_val_acc=0.9211
muon_lr=0.017 muon_momentum=0.7 bias_lr=7.7 head_lr=9800 -> tta_val_acc=0.9149
muon_lr=0.017 muon_momentum=0.7 bias_lr=7.7 head_lr=16000 -> tta_val_acc=0.9012
muon_lr=0.017 muon_momentum=0.7 bias_lr=7.7 head_lr=27000 -> tta_val_acc=0.8659
search_path step=0 muon_lr=0.017 muon_momentum=0.7 bias_lr=7.7 head_lr=1.7 tta_val_acc=0.9253
search_path step=1 muon_lr=0.017 muon_momentum=0.7 bias_lr=7.7 head_lr=770 tta_val_acc=0.9265
main hparams: muon_lr=0.078 muon_momentum=0.7 bias_lr=1.7 head_lr=21 main=0.8931, best_cooldown=0.9271
muon_lr=0.017 muon_momentum=0.7 bias_lr=7.7 head_lr=1.7 -> tta_val_acc=0.9263
muon_lr=0.017 muon_momentum=0.7 bias_lr=7.7 head_lr=1 -> tta_val_acc=0.9259
muon_lr=0.017 muon_momentum=0.7 bias_lr=7.7 head_lr=2.8 -> tta_val_acc=0.9265
muon_lr=0.017 muon_momentum=0.7 bias_lr=7.7 head_lr=4.6 -> tta_val_acc=0.9257
muon_lr=0.017 muon_momentum=0.7 bias_lr=7.7 head_lr=7.7 -> tta_val_acc=0.9248
muon_lr=0.017 muon_momentum=0.7 bias_lr=7.7 head_lr=13 -> tta_val_acc=0.9261
muon_lr=0.017 muon_momentum=0.7 bias_lr=7.7 head_lr=21 -> tta_val_acc=0.926
muon_lr=0.017 muon_momentum=0.7 bias_lr=7.7 head_lr=36 -> tta_val_acc=0.9261
muon_lr=0.017 muon_momentum=0.7 bias_lr=7.7 head_lr=60 -> tta_val_acc=0.9258
muon_lr=0.017 muon_momentum=0.7 bias_lr=7.7 head_lr=99 -> tta_val_acc=0.9264
muon_lr=0.017 muon_momentum=0.7 bias_lr=7.7 head_lr=170 -> tta_val_acc=0.9265
muon_lr=0.017 muon_momentum=0.7 bias_lr=7.7 head_lr=280 -> tta_val_acc=0.9266
muon_lr=0.017 muon_momentum=0.7 bias_lr=7.7 head_lr=460 -> tta_val_acc=0.9268
muon_lr=0.017 muon_momentum=0.7 bias_lr=7.7 head_lr=770 -> tta_val_acc=0.9269
muon_lr=0.017 muon_momentum=0.7 bias_lr=7.7 head_lr=1300 -> tta_val_acc=0.9268
muon_lr=0.017 muon_momentum=0.7 bias_lr=7.7 head_lr=2100 -> tta_val_acc=0.9265
muon_lr=0.017 muon_momentum=0.7 bias_lr=7.7 head_lr=3500 -> tta_val_acc=0.9271
muon_lr=0.017 muon_momentum=0.7 bias_lr=7.7 head_lr=5900 -> tta_val_acc=0.9231
muon_lr=0.017 muon_momentum=0.7 bias_lr=7.7 head_lr=9800 -> tta_val_acc=0.9149
muon_lr=0.017 muon_momentum=0.7 bias_lr=7.7 head_lr=16000 -> tta_val_acc=0.8921
muon_lr=0.017 muon_momentum=0.7 bias_lr=7.7 head_lr=27000 -> tta_val_acc=0.8658
search_path step=0 muon_lr=0.017 muon_momentum=0.7 bias_lr=7.7 head_lr=1.7 tta_val_acc=0.9263
search_path step=1 muon_lr=0.017 muon_momentum=0.7 bias_lr=7.7 head_lr=3500 tta_val_acc=0.9271
main hparams: muon_lr=0.078 muon_momentum=0.7 bias_lr=1.7 head_lr=36 main=0.8907, best_cooldown=0.9264
muon_lr=0.017 muon_momentum=0.7 bias_lr=7.7 head_lr=1.7 -> tta_val_acc=0.9251
muon_lr=0.017 muon_momentum=0.7 bias_lr=7.7 head_lr=1 -> tta_val_acc=0.925
muon_lr=0.017 muon_momentum=0.7 bias_lr=7.7 head_lr=2.8 -> tta_val_acc=0.925
muon_lr=0.017 muon_momentum=0.7 bias_lr=7.7 head_lr=4.6 -> tta_val_acc=0.925
muon_lr=0.017 muon_momentum=0.7 bias_lr=7.7 head_lr=7.7 -> tta_val_acc=0.9248
muon_lr=0.017 muon_momentum=0.7 bias_lr=7.7 head_lr=13 -> tta_val_acc=0.9251
muon_lr=0.017 muon_momentum=0.7 bias_lr=7.7 head_lr=21 -> tta_val_acc=0.9255
muon_lr=0.017 muon_momentum=0.7 bias_lr=7.7 head_lr=36 -> tta_val_acc=0.9257
muon_lr=0.017 muon_momentum=0.7 bias_lr=7.7 head_lr=60 -> tta_val_acc=0.9252
muon_lr=0.017 muon_momentum=0.7 bias_lr=7.7 head_lr=99 -> tta_val_acc=0.9251
muon_lr=0.017 muon_momentum=0.7 bias_lr=7.7 head_lr=170 -> tta_val_acc=0.9247
muon_lr=0.017 muon_momentum=0.7 bias_lr=7.7 head_lr=280 -> tta_val_acc=0.9252
muon_lr=0.017 muon_momentum=0.7 bias_lr=7.7 head_lr=460 -> tta_val_acc=0.9254
muon_lr=0.017 muon_momentum=0.7 bias_lr=7.7 head_lr=770 -> tta_val_acc=0.9252
muon_lr=0.017 muon_momentum=0.7 bias_lr=7.7 head_lr=1300 -> tta_val_acc=0.9255
muon_lr=0.017 muon_momentum=0.7 bias_lr=7.7 head_lr=2100 -> tta_val_acc=0.9262
muon_lr=0.017 muon_momentum=0.7 bias_lr=7.7 head_lr=3500 -> tta_val_acc=0.9264
muon_lr=0.017 muon_momentum=0.7 bias_lr=7.7 head_lr=5900 -> tta_val_acc=0.921
muon_lr=0.017 muon_momentum=0.7 bias_lr=7.7 head_lr=9800 -> tta_val_acc=0.916
muon_lr=0.017 muon_momentum=0.7 bias_lr=7.7 head_lr=16000 -> tta_val_acc=0.8869
muon_lr=0.017 muon_momentum=0.7 bias_lr=7.7 head_lr=27000 -> tta_val_acc=0.8661
search_path step=0 muon_lr=0.017 muon_momentum=0.7 bias_lr=7.7 head_lr=1.7 tta_val_acc=0.9251
search_path step=1 muon_lr=0.017 muon_momentum=0.7 bias_lr=7.7 head_lr=3500 tta_val_acc=0.9264
main hparams: muon_lr=0.078 muon_momentum=0.7 bias_lr=1.7 head_lr=60 main=0.8934, best_cooldown=0.9268
muon_lr=0.017 muon_momentum=0.7 bias_lr=7.7 head_lr=1.7 -> tta_val_acc=0.9265
muon_lr=0.017 muon_momentum=0.7 bias_lr=7.7 head_lr=1 -> tta_val_acc=0.9262
muon_lr=0.017 muon_momentum=0.7 bias_lr=7.7 head_lr=2.8 -> tta_val_acc=0.9259
muon_lr=0.017 muon_momentum=0.7 bias_lr=7.7 head_lr=4.6 -> tta_val_acc=0.9264
muon_lr=0.017 muon_momentum=0.7 bias_lr=7.7 head_lr=7.7 -> tta_val_acc=0.9262
muon_lr=0.017 muon_momentum=0.7 bias_lr=7.7 head_lr=13 -> tta_val_acc=0.9264
muon_lr=0.017 muon_momentum=0.7 bias_lr=7.7 head_lr=21 -> tta_val_acc=0.9262
muon_lr=0.017 muon_momentum=0.7 bias_lr=7.7 head_lr=36 -> tta_val_acc=0.926
muon_lr=0.017 muon_momentum=0.7 bias_lr=7.7 head_lr=60 -> tta_val_acc=0.9264
muon_lr=0.017 muon_momentum=0.7 bias_lr=7.7 head_lr=99 -> tta_val_acc=0.9268
muon_lr=0.017 muon_momentum=0.7 bias_lr=7.7 head_lr=170 -> tta_val_acc=0.9265
muon_lr=0.017 muon_momentum=0.7 bias_lr=7.7 head_lr=280 -> tta_val_acc=0.9268
muon_lr=0.017 muon_momentum=0.7 bias_lr=7.7 head_lr=460 -> tta_val_acc=0.9267
muon_lr=0.017 muon_momentum=0.7 bias_lr=7.7 head_lr=770 -> tta_val_acc=0.9259
muon_lr=0.017 muon_momentum=0.7 bias_lr=7.7 head_lr=1300 -> tta_val_acc=0.9257
muon_lr=0.017 muon_momentum=0.7 bias_lr=7.7 head_lr=2100 -> tta_val_acc=0.9267
muon_lr=0.017 muon_momentum=0.7 bias_lr=7.7 head_lr=3500 -> tta_val_acc=0.9263
muon_lr=0.017 muon_momentum=0.7 bias_lr=7.7 head_lr=5900 -> tta_val_acc=0.9192
muon_lr=0.017 muon_momentum=0.7 bias_lr=7.7 head_lr=9800 -> tta_val_acc=0.9115
muon_lr=0.017 muon_momentum=0.7 bias_lr=7.7 head_lr=16000 -> tta_val_acc=0.8965
muon_lr=0.017 muon_momentum=0.7 bias_lr=7.7 head_lr=27000 -> tta_val_acc=0.7668
search_path step=0 muon_lr=0.017 muon_momentum=0.7 bias_lr=7.7 head_lr=1.7 tta_val_acc=0.9265
search_path step=1 muon_lr=0.017 muon_momentum=0.7 bias_lr=7.7 head_lr=99 tta_val_acc=0.9268
main hparams: muon_lr=0.078 muon_momentum=0.7 bias_lr=1.7 head_lr=99 main=0.8921, best_cooldown=0.9254
muon_lr=0.017 muon_momentum=0.7 bias_lr=7.7 head_lr=1.7 -> tta_val_acc=0.9251
muon_lr=0.017 muon_momentum=0.7 bias_lr=7.7 head_lr=1 -> tta_val_acc=0.9249
muon_lr=0.017 muon_momentum=0.7 bias_lr=7.7 head_lr=2.8 -> tta_val_acc=0.925
muon_lr=0.017 muon_momentum=0.7 bias_lr=7.7 head_lr=4.6 -> tta_val_acc=0.9248
muon_lr=0.017 muon_momentum=0.7 bias_lr=7.7 head_lr=7.7 -> tta_val_acc=0.9251
muon_lr=0.017 muon_momentum=0.7 bias_lr=7.7 head_lr=13 -> tta_val_acc=0.9254
muon_lr=0.017 muon_momentum=0.7 bias_lr=7.7 head_lr=21 -> tta_val_acc=0.9252
muon_lr=0.017 muon_momentum=0.7 bias_lr=7.7 head_lr=36 -> tta_val_acc=0.9249
muon_lr=0.017 muon_momentum=0.7 bias_lr=7.7 head_lr=60 -> tta_val_acc=0.925
muon_lr=0.017 muon_momentum=0.7 bias_lr=7.7 head_lr=99 -> tta_val_acc=0.925
muon_lr=0.017 muon_momentum=0.7 bias_lr=7.7 head_lr=170 -> tta_val_acc=0.925
muon_lr=0.017 muon_momentum=0.7 bias_lr=7.7 head_lr=280 -> tta_val_acc=0.9253
muon_lr=0.017 muon_momentum=0.7 bias_lr=7.7 head_lr=460 -> tta_val_acc=0.9254
muon_lr=0.017 muon_momentum=0.7 bias_lr=7.7 head_lr=770 -> tta_val_acc=0.9248
muon_lr=0.017 muon_momentum=0.7 bias_lr=7.7 head_lr=1300 -> tta_val_acc=0.925
muon_lr=0.017 muon_momentum=0.7 bias_lr=7.7 head_lr=2100 -> tta_val_acc=0.9248
muon_lr=0.017 muon_momentum=0.7 bias_lr=7.7 head_lr=3500 -> tta_val_acc=0.9251
muon_lr=0.017 muon_momentum=0.7 bias_lr=7.7 head_lr=5900 -> tta_val_acc=0.9205
muon_lr=0.017 muon_momentum=0.7 bias_lr=7.7 head_lr=9800 -> tta_val_acc=0.9097
muon_lr=0.017 muon_momentum=0.7 bias_lr=7.7 head_lr=16000 -> tta_val_acc=0.8976
muon_lr=0.017 muon_momentum=0.7 bias_lr=7.7 head_lr=27000 -> tta_val_acc=0.7349
search_path step=0 muon_lr=0.017 muon_momentum=0.7 bias_lr=7.7 head_lr=1.7 tta_val_acc=0.9251
search_path step=1 muon_lr=0.017 muon_momentum=0.7 bias_lr=7.7 head_lr=13 tta_val_acc=0.9254
main hparams: muon_lr=0.078 muon_momentum=0.7 bias_lr=1.7 head_lr=170 main=0.8931, best_cooldown=0.9264
muon_lr=0.017 muon_momentum=0.7 bias_lr=7.7 head_lr=1.7 -> tta_val_acc=0.9258
muon_lr=0.017 muon_momentum=0.7 bias_lr=7.7 head_lr=1 -> tta_val_acc=0.9255
muon_lr=0.017 muon_momentum=0.7 bias_lr=7.7 head_lr=2.8 -> tta_val_acc=0.9254
muon_lr=0.017 muon_momentum=0.7 bias_lr=7.7 head_lr=4.6 -> tta_val_acc=0.926
muon_lr=0.017 muon_momentum=0.7 bias_lr=7.7 head_lr=7.7 -> tta_val_acc=0.9255
muon_lr=0.017 muon_momentum=0.7 bias_lr=7.7 head_lr=13 -> tta_val_acc=0.9261
muon_lr=0.017 muon_momentum=0.7 bias_lr=7.7 head_lr=21 -> tta_val_acc=0.9261
muon_lr=0.017 muon_momentum=0.7 bias_lr=7.7 head_lr=36 -> tta_val_acc=0.9263
muon_lr=0.017 muon_momentum=0.7 bias_lr=7.7 head_lr=60 -> tta_val_acc=0.926
muon_lr=0.017 muon_momentum=0.7 bias_lr=7.7 head_lr=99 -> tta_val_acc=0.9261
muon_lr=0.017 muon_momentum=0.7 bias_lr=7.7 head_lr=170 -> tta_val_acc=0.9256
muon_lr=0.017 muon_momentum=0.7 bias_lr=7.7 head_lr=280 -> tta_val_acc=0.9255
muon_lr=0.017 muon_momentum=0.7 bias_lr=7.7 head_lr=460 -> tta_val_acc=0.9264
muon_lr=0.017 muon_momentum=0.7 bias_lr=7.7 head_lr=770 -> tta_val_acc=0.9252
muon_lr=0.017 muon_momentum=0.7 bias_lr=7.7 head_lr=1300 -> tta_val_acc=0.9257
muon_lr=0.017 muon_momentum=0.7 bias_lr=7.7 head_lr=2100 -> tta_val_acc=0.9257
muon_lr=0.017 muon_momentum=0.7 bias_lr=7.7 head_lr=3500 -> tta_val_acc=0.9256
muon_lr=0.017 muon_momentum=0.7 bias_lr=7.7 head_lr=5900 -> tta_val_acc=0.9241
muon_lr=0.017 muon_momentum=0.7 bias_lr=7.7 head_lr=9800 -> tta_val_acc=0.9151
muon_lr=0.017 muon_momentum=0.7 bias_lr=7.7 head_lr=16000 -> tta_val_acc=0.8833
muon_lr=0.017 muon_momentum=0.7 bias_lr=7.7 head_lr=27000 -> tta_val_acc=0.8571
search_path step=0 muon_lr=0.017 muon_momentum=0.7 bias_lr=7.7 head_lr=1.7 tta_val_acc=0.9258
search_path step=1 muon_lr=0.017 muon_momentum=0.7 bias_lr=7.7 head_lr=460 tta_val_acc=0.9264
main hparams: muon_lr=0.078 muon_momentum=0.7 bias_lr=1.7 head_lr=280 main=0.8955, best_cooldown=0.9281
muon_lr=0.017 muon_momentum=0.7 bias_lr=7.7 head_lr=1.7 -> tta_val_acc=0.9269
muon_lr=0.017 muon_momentum=0.7 bias_lr=7.7 head_lr=1 -> tta_val_acc=0.9272
muon_lr=0.017 muon_momentum=0.7 bias_lr=7.7 head_lr=2.8 -> tta_val_acc=0.9273
muon_lr=0.017 muon_momentum=0.7 bias_lr=7.7 head_lr=4.6 -> tta_val_acc=0.9275
muon_lr=0.017 muon_momentum=0.7 bias_lr=7.7 head_lr=7.7 -> tta_val_acc=0.927
muon_lr=0.017 muon_momentum=0.7 bias_lr=7.7 head_lr=13 -> tta_val_acc=0.9273
muon_lr=0.017 muon_momentum=0.7 bias_lr=7.7 head_lr=21 -> tta_val_acc=0.9276
muon_lr=0.017 muon_momentum=0.7 bias_lr=7.7 head_lr=36 -> tta_val_acc=0.9271
muon_lr=0.017 muon_momentum=0.7 bias_lr=7.7 head_lr=60 -> tta_val_acc=0.9271
muon_lr=0.017 muon_momentum=0.7 bias_lr=7.7 head_lr=99 -> tta_val_acc=0.9274
muon_lr=0.017 muon_momentum=0.7 bias_lr=7.7 head_lr=170 -> tta_val_acc=0.9278
muon_lr=0.017 muon_momentum=0.7 bias_lr=7.7 head_lr=280 -> tta_val_acc=0.9277
muon_lr=0.017 muon_momentum=0.7 bias_lr=7.7 head_lr=460 -> tta_val_acc=0.9276
muon_lr=0.017 muon_momentum=0.7 bias_lr=7.7 head_lr=770 -> tta_val_acc=0.9281
muon_lr=0.017 muon_momentum=0.7 bias_lr=7.7 head_lr=1300 -> tta_val_acc=0.9272
muon_lr=0.017 muon_momentum=0.7 bias_lr=7.7 head_lr=2100 -> tta_val_acc=0.9271
muon_lr=0.017 muon_momentum=0.7 bias_lr=7.7 head_lr=3500 -> tta_val_acc=0.9269
muon_lr=0.017 muon_momentum=0.7 bias_lr=7.7 head_lr=5900 -> tta_val_acc=0.9217
muon_lr=0.017 muon_momentum=0.7 bias_lr=7.7 head_lr=9800 -> tta_val_acc=0.914
muon_lr=0.017 muon_momentum=0.7 bias_lr=7.7 head_lr=16000 -> tta_val_acc=0.8942
muon_lr=0.017 muon_momentum=0.7 bias_lr=7.7 head_lr=27000 -> tta_val_acc=0.7698
search_path step=0 muon_lr=0.017 muon_momentum=0.7 bias_lr=7.7 head_lr=1.7 tta_val_acc=0.9269
search_path step=1 muon_lr=0.017 muon_momentum=0.7 bias_lr=7.7 head_lr=770 tta_val_acc=0.9281
main hparams: muon_lr=0.078 muon_momentum=0.7 bias_lr=1.7 head_lr=460 main=0.8924, best_cooldown=0.929
muon_lr=0.017 muon_momentum=0.7 bias_lr=7.7 head_lr=1.7 -> tta_val_acc=0.928
muon_lr=0.017 muon_momentum=0.7 bias_lr=7.7 head_lr=1 -> tta_val_acc=0.9279
muon_lr=0.017 muon_momentum=0.7 bias_lr=7.7 head_lr=2.8 -> tta_val_acc=0.9279
muon_lr=0.017 muon_momentum=0.7 bias_lr=7.7 head_lr=4.6 -> tta_val_acc=0.9278
muon_lr=0.017 muon_momentum=0.7 bias_lr=7.7 head_lr=7.7 -> tta_val_acc=0.9277
muon_lr=0.017 muon_momentum=0.7 bias_lr=7.7 head_lr=13 -> tta_val_acc=0.9278
muon_lr=0.017 muon_momentum=0.7 bias_lr=7.7 head_lr=21 -> tta_val_acc=0.928
muon_lr=0.017 muon_momentum=0.7 bias_lr=7.7 head_lr=36 -> tta_val_acc=0.928
muon_lr=0.017 muon_momentum=0.7 bias_lr=7.7 head_lr=60 -> tta_val_acc=0.928
muon_lr=0.017 muon_momentum=0.7 bias_lr=7.7 head_lr=99 -> tta_val_acc=0.928
muon_lr=0.017 muon_momentum=0.7 bias_lr=7.7 head_lr=170 -> tta_val_acc=0.9289
muon_lr=0.017 muon_momentum=0.7 bias_lr=7.7 head_lr=280 -> tta_val_acc=0.929
muon_lr=0.017 muon_momentum=0.7 bias_lr=7.7 head_lr=460 -> tta_val_acc=0.9282
muon_lr=0.017 muon_momentum=0.7 bias_lr=7.7 head_lr=770 -> tta_val_acc=0.9277
muon_lr=0.017 muon_momentum=0.7 bias_lr=7.7 head_lr=1300 -> tta_val_acc=0.9282
muon_lr=0.017 muon_momentum=0.7 bias_lr=7.7 head_lr=2100 -> tta_val_acc=0.9279
muon_lr=0.017 muon_momentum=0.7 bias_lr=7.7 head_lr=3500 -> tta_val_acc=0.9287
muon_lr=0.017 muon_momentum=0.7 bias_lr=7.7 head_lr=5900 -> tta_val_acc=0.9244
muon_lr=0.017 muon_momentum=0.7 bias_lr=7.7 head_lr=9800 -> tta_val_acc=0.9123
muon_lr=0.017 muon_momentum=0.7 bias_lr=7.7 head_lr=16000 -> tta_val_acc=0.8979
muon_lr=0.017 muon_momentum=0.7 bias_lr=7.7 head_lr=27000 -> tta_val_acc=0.8697
search_path step=0 muon_lr=0.017 muon_momentum=0.7 bias_lr=7.7 head_lr=1.7 tta_val_acc=0.928
search_path step=1 muon_lr=0.017 muon_momentum=0.7 bias_lr=7.7 head_lr=280 tta_val_acc=0.929
main hparams: muon_lr=0.078 muon_momentum=0.7 bias_lr=1.7 head_lr=770 main=0.8933, best_cooldown=0.9289
muon_lr=0.017 muon_momentum=0.7 bias_lr=13 head_lr=1.7 -> tta_val_acc=0.9285
muon_lr=0.017 muon_momentum=0.7 bias_lr=1 head_lr=1.7 -> tta_val_acc=0.9282
muon_lr=0.017 muon_momentum=0.7 bias_lr=1.7 head_lr=1.7 -> tta_val_acc=0.9282
muon_lr=0.017 muon_momentum=0.7 bias_lr=2.8 head_lr=1.7 -> tta_val_acc=0.9285
muon_lr=0.017 muon_momentum=0.7 bias_lr=4.6 head_lr=1.7 -> tta_val_acc=0.9287
muon_lr=0.017 muon_momentum=0.7 bias_lr=7.7 head_lr=1.7 -> tta_val_acc=0.9289
muon_lr=0.017 muon_momentum=0.7 bias_lr=21 head_lr=1.7 -> tta_val_acc=0.9275
muon_lr=0.017 muon_momentum=0.7 bias_lr=36 head_lr=1.7 -> tta_val_acc=0.9263
muon_lr=0.017 muon_momentum=0.7 bias_lr=60 head_lr=1.7 -> tta_val_acc=0.9255
muon_lr=0.017 muon_momentum=0.7 bias_lr=99 head_lr=1.7 -> tta_val_acc=0.9253
muon_lr=0.017 muon_momentum=0.7 bias_lr=170 head_lr=1.7 -> tta_val_acc=0.9217
muon_lr=0.017 muon_momentum=0.7 bias_lr=280 head_lr=1.7 -> tta_val_acc=0.8738
muon_lr=0.017 muon_momentum=0.7 bias_lr=460 head_lr=1.7 -> tta_val_acc=0.3724
muon_lr=0.017 muon_momentum=0.7 bias_lr=770 head_lr=1.7 -> tta_val_acc=0.1
muon_lr=0.017 muon_momentum=0.7 bias_lr=1300 head_lr=1.7 -> tta_val_acc=0.1
muon_lr=0.017 muon_momentum=0.7 bias_lr=2100 head_lr=1.7 -> tta_val_acc=0.1
muon_lr=0.017 muon_momentum=0.7 bias_lr=3500 head_lr=1.7 -> tta_val_acc=0.1
muon_lr=0.017 muon_momentum=0.7 bias_lr=5900 head_lr=1.7 -> tta_val_acc=0.1
muon_lr=0.017 muon_momentum=0.7 bias_lr=9800 head_lr=1.7 -> tta_val_acc=0.1
muon_lr=0.017 muon_momentum=0.7 bias_lr=16000 head_lr=1.7 -> tta_val_acc=0.1
muon_lr=0.017 muon_momentum=0.7 bias_lr=27000 head_lr=1.7 -> tta_val_acc=0.1
muon_lr=0.017 muon_momentum=0.7 bias_lr=7.7 head_lr=1 -> tta_val_acc=0.9284
muon_lr=0.017 muon_momentum=0.7 bias_lr=7.7 head_lr=2.8 -> tta_val_acc=0.9284
muon_lr=0.017 muon_momentum=0.7 bias_lr=7.7 head_lr=4.6 -> tta_val_acc=0.9285
muon_lr=0.017 muon_momentum=0.7 bias_lr=7.7 head_lr=7.7 -> tta_val_acc=0.9289
muon_lr=0.017 muon_momentum=0.7 bias_lr=7.7 head_lr=13 -> tta_val_acc=0.9288
muon_lr=0.017 muon_momentum=0.7 bias_lr=7.7 head_lr=21 -> tta_val_acc=0.9287
muon_lr=0.017 muon_momentum=0.7 bias_lr=7.7 head_lr=36 -> tta_val_acc=0.9281
muon_lr=0.017 muon_momentum=0.7 bias_lr=7.7 head_lr=60 -> tta_val_acc=0.9286
muon_lr=0.017 muon_momentum=0.7 bias_lr=7.7 head_lr=99 -> tta_val_acc=0.9286
muon_lr=0.017 muon_momentum=0.7 bias_lr=7.7 head_lr=170 -> tta_val_acc=0.9284
muon_lr=0.017 muon_momentum=0.7 bias_lr=7.7 head_lr=280 -> tta_val_acc=0.9284
muon_lr=0.017 muon_momentum=0.7 bias_lr=7.7 head_lr=460 -> tta_val_acc=0.9284
muon_lr=0.017 muon_momentum=0.7 bias_lr=7.7 head_lr=770 -> tta_val_acc=0.9273
muon_lr=0.017 muon_momentum=0.7 bias_lr=7.7 head_lr=1300 -> tta_val_acc=0.9276
muon_lr=0.017 muon_momentum=0.7 bias_lr=7.7 head_lr=2100 -> tta_val_acc=0.9261
muon_lr=0.017 muon_momentum=0.7 bias_lr=7.7 head_lr=3500 -> tta_val_acc=0.9259
muon_lr=0.017 muon_momentum=0.7 bias_lr=7.7 head_lr=5900 -> tta_val_acc=0.9254
muon_lr=0.017 muon_momentum=0.7 bias_lr=7.7 head_lr=9800 -> tta_val_acc=0.9115
muon_lr=0.017 muon_momentum=0.7 bias_lr=7.7 head_lr=16000 -> tta_val_acc=0.9009
muon_lr=0.017 muon_momentum=0.7 bias_lr=7.7 head_lr=27000 -> tta_val_acc=0.8595
search_path step=0 muon_lr=0.017 muon_momentum=0.7 bias_lr=27000 head_lr=1.7 tta_val_acc=0.1
search_path step=1 muon_lr=0.017 muon_momentum=0.7 bias_lr=7.7 head_lr=7.7 tta_val_acc=0.9289
main hparams: muon_lr=0.078 muon_momentum=0.7 bias_lr=1.7 head_lr=1300 main=0.8906, best_cooldown=0.9268
muon_lr=0.017 muon_momentum=0.7 bias_lr=7.7 head_lr=7.7 -> tta_val_acc=0.9258
muon_lr=0.017 muon_momentum=0.7 bias_lr=7.7 head_lr=1 -> tta_val_acc=0.926
muon_lr=0.017 muon_momentum=0.7 bias_lr=7.7 head_lr=1.7 -> tta_val_acc=0.9258
muon_lr=0.017 muon_momentum=0.7 bias_lr=7.7 head_lr=2.8 -> tta_val_acc=0.9265
muon_lr=0.017 muon_momentum=0.7 bias_lr=7.7 head_lr=4.6 -> tta_val_acc=0.9262
muon_lr=0.017 muon_momentum=0.7 bias_lr=7.7 head_lr=13 -> tta_val_acc=0.9267
muon_lr=0.017 muon_momentum=0.7 bias_lr=7.7 head_lr=21 -> tta_val_acc=0.9262
muon_lr=0.017 muon_momentum=0.7 bias_lr=7.7 head_lr=36 -> tta_val_acc=0.9263
muon_lr=0.017 muon_momentum=0.7 bias_lr=7.7 head_lr=60 -> tta_val_acc=0.9262
muon_lr=0.017 muon_momentum=0.7 bias_lr=7.7 head_lr=99 -> tta_val_acc=0.9261
muon_lr=0.017 muon_momentum=0.7 bias_lr=7.7 head_lr=170 -> tta_val_acc=0.9267
muon_lr=0.017 muon_momentum=0.7 bias_lr=7.7 head_lr=280 -> tta_val_acc=0.9258
muon_lr=0.017 muon_momentum=0.7 bias_lr=7.7 head_lr=460 -> tta_val_acc=0.9261
muon_lr=0.017 muon_momentum=0.7 bias_lr=7.7 head_lr=770 -> tta_val_acc=0.9267
muon_lr=0.017 muon_momentum=0.7 bias_lr=7.7 head_lr=1300 -> tta_val_acc=0.9268
muon_lr=0.017 muon_momentum=0.7 bias_lr=7.7 head_lr=2100 -> tta_val_acc=0.9264
muon_lr=0.017 muon_momentum=0.7 bias_lr=7.7 head_lr=3500 -> tta_val_acc=0.9261
muon_lr=0.017 muon_momentum=0.7 bias_lr=7.7 head_lr=5900 -> tta_val_acc=0.9219
muon_lr=0.017 muon_momentum=0.7 bias_lr=7.7 head_lr=9800 -> tta_val_acc=0.9122
muon_lr=0.017 muon_momentum=0.7 bias_lr=7.7 head_lr=16000 -> tta_val_acc=0.8922
muon_lr=0.017 muon_momentum=0.7 bias_lr=7.7 head_lr=27000 -> tta_val_acc=0.8727
search_path step=0 muon_lr=0.017 muon_momentum=0.7 bias_lr=7.7 head_lr=7.7 tta_val_acc=0.9258
search_path step=1 muon_lr=0.017 muon_momentum=0.7 bias_lr=7.7 head_lr=1300 tta_val_acc=0.9268
main hparams: muon_lr=0.078 muon_momentum=0.7 bias_lr=1.7 head_lr=2100 main=0.8961, best_cooldown=0.9278
muon_lr=0.017 muon_momentum=0.7 bias_lr=7.7 head_lr=7.7 -> tta_val_acc=0.9274
muon_lr=0.017 muon_momentum=0.7 bias_lr=7.7 head_lr=1 -> tta_val_acc=0.9272
muon_lr=0.017 muon_momentum=0.7 bias_lr=7.7 head_lr=1.7 -> tta_val_acc=0.9268
muon_lr=0.017 muon_momentum=0.7 bias_lr=7.7 head_lr=2.8 -> tta_val_acc=0.9268
muon_lr=0.017 muon_momentum=0.7 bias_lr=7.7 head_lr=4.6 -> tta_val_acc=0.9274
muon_lr=0.017 muon_momentum=0.7 bias_lr=7.7 head_lr=13 -> tta_val_acc=0.9272
muon_lr=0.017 muon_momentum=0.7 bias_lr=7.7 head_lr=21 -> tta_val_acc=0.927
muon_lr=0.017 muon_momentum=0.7 bias_lr=7.7 head_lr=36 -> tta_val_acc=0.9273
muon_lr=0.017 muon_momentum=0.7 bias_lr=7.7 head_lr=60 -> tta_val_acc=0.9268
muon_lr=0.017 muon_momentum=0.7 bias_lr=7.7 head_lr=99 -> tta_val_acc=0.9268
muon_lr=0.017 muon_momentum=0.7 bias_lr=7.7 head_lr=170 -> tta_val_acc=0.9268
muon_lr=0.017 muon_momentum=0.7 bias_lr=7.7 head_lr=280 -> tta_val_acc=0.9272
muon_lr=0.017 muon_momentum=0.7 bias_lr=7.7 head_lr=460 -> tta_val_acc=0.9272
muon_lr=0.017 muon_momentum=0.7 bias_lr=7.7 head_lr=770 -> tta_val_acc=0.9275
muon_lr=0.017 muon_momentum=0.7 bias_lr=7.7 head_lr=1300 -> tta_val_acc=0.927
muon_lr=0.017 muon_momentum=0.7 bias_lr=7.7 head_lr=2100 -> tta_val_acc=0.9278
muon_lr=0.017 muon_momentum=0.7 bias_lr=7.7 head_lr=3500 -> tta_val_acc=0.927
muon_lr=0.017 muon_momentum=0.7 bias_lr=7.7 head_lr=5900 -> tta_val_acc=0.9254
muon_lr=0.017 muon_momentum=0.7 bias_lr=7.7 head_lr=9800 -> tta_val_acc=0.9128
muon_lr=0.017 muon_momentum=0.7 bias_lr=7.7 head_lr=16000 -> tta_val_acc=0.9043
muon_lr=0.017 muon_momentum=0.7 bias_lr=7.7 head_lr=27000 -> tta_val_acc=0.8369
search_path step=0 muon_lr=0.017 muon_momentum=0.7 bias_lr=7.7 head_lr=7.7 tta_val_acc=0.9274
search_path step=1 muon_lr=0.017 muon_momentum=0.7 bias_lr=7.7 head_lr=2100 tta_val_acc=0.9278
main hparams: muon_lr=0.078 muon_momentum=0.7 bias_lr=1.7 head_lr=3500 main=0.8899, best_cooldown=0.9277
muon_lr=0.017 muon_momentum=0.7 bias_lr=7.7 head_lr=7.7 -> tta_val_acc=0.9266
muon_lr=0.017 muon_momentum=0.7 bias_lr=7.7 head_lr=1 -> tta_val_acc=0.9265
muon_lr=0.017 muon_momentum=0.7 bias_lr=7.7 head_lr=1.7 -> tta_val_acc=0.927
muon_lr=0.017 muon_momentum=0.7 bias_lr=7.7 head_lr=2.8 -> tta_val_acc=0.9262
muon_lr=0.017 muon_momentum=0.7 bias_lr=7.7 head_lr=4.6 -> tta_val_acc=0.9265
muon_lr=0.017 muon_momentum=0.7 bias_lr=7.7 head_lr=13 -> tta_val_acc=0.9266
muon_lr=0.017 muon_momentum=0.7 bias_lr=7.7 head_lr=21 -> tta_val_acc=0.927
muon_lr=0.017 muon_momentum=0.7 bias_lr=7.7 head_lr=36 -> tta_val_acc=0.9271
muon_lr=0.017 muon_momentum=0.7 bias_lr=7.7 head_lr=60 -> tta_val_acc=0.9272
muon_lr=0.017 muon_momentum=0.7 bias_lr=7.7 head_lr=99 -> tta_val_acc=0.9272
muon_lr=0.017 muon_momentum=0.7 bias_lr=7.7 head_lr=170 -> tta_val_acc=0.9272
muon_lr=0.017 muon_momentum=0.7 bias_lr=7.7 head_lr=280 -> tta_val_acc=0.9272
muon_lr=0.017 muon_momentum=0.7 bias_lr=7.7 head_lr=460 -> tta_val_acc=0.927
muon_lr=0.017 muon_momentum=0.7 bias_lr=7.7 head_lr=770 -> tta_val_acc=0.927
muon_lr=0.017 muon_momentum=0.7 bias_lr=7.7 head_lr=1300 -> tta_val_acc=0.9269
muon_lr=0.017 muon_momentum=0.7 bias_lr=7.7 head_lr=2100 -> tta_val_acc=0.9277
muon_lr=0.017 muon_momentum=0.7 bias_lr=7.7 head_lr=3500 -> tta_val_acc=0.9264
muon_lr=0.017 muon_momentum=0.7 bias_lr=7.7 head_lr=5900 -> tta_val_acc=0.9268
muon_lr=0.017 muon_momentum=0.7 bias_lr=7.7 head_lr=9800 -> tta_val_acc=0.9209
muon_lr=0.017 muon_momentum=0.7 bias_lr=7.7 head_lr=16000 -> tta_val_acc=0.915
muon_lr=0.017 muon_momentum=0.7 bias_lr=7.7 head_lr=27000 -> tta_val_acc=0.906
search_path step=0 muon_lr=0.017 muon_momentum=0.7 bias_lr=7.7 head_lr=7.7 tta_val_acc=0.9266
search_path step=1 muon_lr=0.017 muon_momentum=0.7 bias_lr=7.7 head_lr=2100 tta_val_acc=0.9277
main hparams: muon_lr=0.078 muon_momentum=0.7 bias_lr=1.7 head_lr=5900 main=0.8808, best_cooldown=0.918
muon_lr=0.017 muon_momentum=0.7 bias_lr=7.7 head_lr=7.7 -> tta_val_acc=0.9175
muon_lr=0.017 muon_momentum=0.7 bias_lr=7.7 head_lr=1 -> tta_val_acc=0.9173
muon_lr=0.017 muon_momentum=0.7 bias_lr=7.7 head_lr=1.7 -> tta_val_acc=0.9175
muon_lr=0.017 muon_momentum=0.7 bias_lr=7.7 head_lr=2.8 -> tta_val_acc=0.9178
muon_lr=0.017 muon_momentum=0.7 bias_lr=7.7 head_lr=4.6 -> tta_val_acc=0.9173
muon_lr=0.017 muon_momentum=0.7 bias_lr=7.7 head_lr=13 -> tta_val_acc=0.9175
muon_lr=0.017 muon_momentum=0.7 bias_lr=7.7 head_lr=21 -> tta_val_acc=0.9173
muon_lr=0.017 muon_momentum=0.7 bias_lr=7.7 head_lr=36 -> tta_val_acc=0.9175
muon_lr=0.017 muon_momentum=0.7 bias_lr=7.7 head_lr=60 -> tta_val_acc=0.9176
muon_lr=0.017 muon_momentum=0.7 bias_lr=7.7 head_lr=99 -> tta_val_acc=0.9173
muon_lr=0.017 muon_momentum=0.7 bias_lr=7.7 head_lr=170 -> tta_val_acc=0.9175
muon_lr=0.017 muon_momentum=0.7 bias_lr=7.7 head_lr=280 -> tta_val_acc=0.9179
muon_lr=0.017 muon_momentum=0.7 bias_lr=7.7 head_lr=460 -> tta_val_acc=0.9174
muon_lr=0.017 muon_momentum=0.7 bias_lr=7.7 head_lr=770 -> tta_val_acc=0.9176
muon_lr=0.017 muon_momentum=0.7 bias_lr=7.7 head_lr=1300 -> tta_val_acc=0.9174
muon_lr=0.017 muon_momentum=0.7 bias_lr=7.7 head_lr=2100 -> tta_val_acc=0.918
muon_lr=0.017 muon_momentum=0.7 bias_lr=7.7 head_lr=3500 -> tta_val_acc=0.9179
muon_lr=0.017 muon_momentum=0.7 bias_lr=7.7 head_lr=5900 -> tta_val_acc=0.9178
muon_lr=0.017 muon_momentum=0.7 bias_lr=7.7 head_lr=9800 -> tta_val_acc=0.9173
muon_lr=0.017 muon_momentum=0.7 bias_lr=7.7 head_lr=16000 -> tta_val_acc=0.9173
muon_lr=0.017 muon_momentum=0.7 bias_lr=7.7 head_lr=27000 -> tta_val_acc=0.9158
search_path step=0 muon_lr=0.017 muon_momentum=0.7 bias_lr=7.7 head_lr=7.7 tta_val_acc=0.9175
search_path step=1 muon_lr=0.017 muon_momentum=0.7 bias_lr=7.7 head_lr=2100 tta_val_acc=0.918
main hparams: muon_lr=0.078 muon_momentum=0.7 bias_lr=1.7 head_lr=9800 main=0.8557, best_cooldown=0.9063
muon_lr=0.017 muon_momentum=0.7 bias_lr=7.7 head_lr=7.7 -> tta_val_acc=0.9052
muon_lr=0.017 muon_momentum=0.7 bias_lr=7.7 head_lr=1 -> tta_val_acc=0.905
muon_lr=0.017 muon_momentum=0.7 bias_lr=7.7 head_lr=1.7 -> tta_val_acc=0.9053
muon_lr=0.017 muon_momentum=0.7 bias_lr=7.7 head_lr=2.8 -> tta_val_acc=0.905
muon_lr=0.017 muon_momentum=0.7 bias_lr=7.7 head_lr=4.6 -> tta_val_acc=0.9058
muon_lr=0.017 muon_momentum=0.7 bias_lr=7.7 head_lr=13 -> tta_val_acc=0.9057
muon_lr=0.017 muon_momentum=0.7 bias_lr=7.7 head_lr=21 -> tta_val_acc=0.9049
muon_lr=0.017 muon_momentum=0.7 bias_lr=7.7 head_lr=36 -> tta_val_acc=0.9053
muon_lr=0.017 muon_momentum=0.7 bias_lr=7.7 head_lr=60 -> tta_val_acc=0.9048
muon_lr=0.017 muon_momentum=0.7 bias_lr=7.7 head_lr=99 -> tta_val_acc=0.9051
muon_lr=0.017 muon_momentum=0.7 bias_lr=7.7 head_lr=170 -> tta_val_acc=0.9055
muon_lr=0.017 muon_momentum=0.7 bias_lr=7.7 head_lr=280 -> tta_val_acc=0.9052
muon_lr=0.017 muon_momentum=0.7 bias_lr=7.7 head_lr=460 -> tta_val_acc=0.9056
muon_lr=0.017 muon_momentum=0.7 bias_lr=7.7 head_lr=770 -> tta_val_acc=0.9057
muon_lr=0.017 muon_momentum=0.7 bias_lr=7.7 head_lr=1300 -> tta_val_acc=0.9051
muon_lr=0.017 muon_momentum=0.7 bias_lr=7.7 head_lr=2100 -> tta_val_acc=0.9055
muon_lr=0.017 muon_momentum=0.7 bias_lr=7.7 head_lr=3500 -> tta_val_acc=0.9063
muon_lr=0.017 muon_momentum=0.7 bias_lr=7.7 head_lr=5900 -> tta_val_acc=0.9061
muon_lr=0.017 muon_momentum=0.7 bias_lr=7.7 head_lr=9800 -> tta_val_acc=0.9053
muon_lr=0.017 muon_momentum=0.7 bias_lr=7.7 head_lr=16000 -> tta_val_acc=0.9055
muon_lr=0.017 muon_momentum=0.7 bias_lr=7.7 head_lr=27000 -> tta_val_acc=0.9056
search_path step=0 muon_lr=0.017 muon_momentum=0.7 bias_lr=7.7 head_lr=7.7 tta_val_acc=0.9052
search_path step=1 muon_lr=0.017 muon_momentum=0.7 bias_lr=7.7 head_lr=3500 tta_val_acc=0.9063
main hparams: muon_lr=0.078 muon_momentum=0.7 bias_lr=1.7 head_lr=16000 main=0.8582, best_cooldown=0.9049
muon_lr=0.017 muon_momentum=0.7 bias_lr=7.7 head_lr=7.7 -> tta_val_acc=0.9045
muon_lr=0.017 muon_momentum=0.7 bias_lr=7.7 head_lr=1 -> tta_val_acc=0.9034
muon_lr=0.017 muon_momentum=0.7 bias_lr=7.7 head_lr=1.7 -> tta_val_acc=0.9037
muon_lr=0.017 muon_momentum=0.7 bias_lr=7.7 head_lr=2.8 -> tta_val_acc=0.9042
muon_lr=0.017 muon_momentum=0.7 bias_lr=7.7 head_lr=4.6 -> tta_val_acc=0.9038
muon_lr=0.017 muon_momentum=0.7 bias_lr=7.7 head_lr=13 -> tta_val_acc=0.9035
muon_lr=0.017 muon_momentum=0.7 bias_lr=7.7 head_lr=21 -> tta_val_acc=0.9044
muon_lr=0.017 muon_momentum=0.7 bias_lr=7.7 head_lr=36 -> tta_val_acc=0.9036
muon_lr=0.017 muon_momentum=0.7 bias_lr=7.7 head_lr=60 -> tta_val_acc=0.9046
muon_lr=0.017 muon_momentum=0.7 bias_lr=7.7 head_lr=99 -> tta_val_acc=0.9043
muon_lr=0.017 muon_momentum=0.7 bias_lr=7.7 head_lr=170 -> tta_val_acc=0.9045
muon_lr=0.017 muon_momentum=0.7 bias_lr=7.7 head_lr=280 -> tta_val_acc=0.9039
muon_lr=0.017 muon_momentum=0.7 bias_lr=7.7 head_lr=460 -> tta_val_acc=0.9044
muon_lr=0.017 muon_momentum=0.7 bias_lr=7.7 head_lr=770 -> tta_val_acc=0.9046
muon_lr=0.017 muon_momentum=0.7 bias_lr=7.7 head_lr=1300 -> tta_val_acc=0.9044
muon_lr=0.017 muon_momentum=0.7 bias_lr=7.7 head_lr=2100 -> tta_val_acc=0.9039
muon_lr=0.017 muon_momentum=0.7 bias_lr=7.7 head_lr=3500 -> tta_val_acc=0.9035
muon_lr=0.017 muon_momentum=0.7 bias_lr=7.7 head_lr=5900 -> tta_val_acc=0.9044
muon_lr=0.017 muon_momentum=0.7 bias_lr=7.7 head_lr=9800 -> tta_val_acc=0.9042
muon_lr=0.017 muon_momentum=0.7 bias_lr=7.7 head_lr=16000 -> tta_val_acc=0.9049
muon_lr=0.017 muon_momentum=0.7 bias_lr=7.7 head_lr=27000 -> tta_val_acc=0.9043
search_path step=0 muon_lr=0.017 muon_momentum=0.7 bias_lr=7.7 head_lr=7.7 tta_val_acc=0.9045
search_path step=1 muon_lr=0.017 muon_momentum=0.7 bias_lr=7.7 head_lr=16000 tta_val_acc=0.9049
main hparams: muon_lr=0.078 muon_momentum=0.7 bias_lr=1.7 head_lr=27000 main=0.8315, best_cooldown=0.893
muon_lr=0.017 muon_momentum=0.7 bias_lr=7.7 head_lr=7.7 -> tta_val_acc=0.8909
muon_lr=0.017 muon_momentum=0.7 bias_lr=7.7 head_lr=1 -> tta_val_acc=0.8913
muon_lr=0.017 muon_momentum=0.7 bias_lr=7.7 head_lr=1.7 -> tta_val_acc=0.8914
muon_lr=0.017 muon_momentum=0.7 bias_lr=7.7 head_lr=2.8 -> tta_val_acc=0.8912
muon_lr=0.017 muon_momentum=0.7 bias_lr=7.7 head_lr=4.6 -> tta_val_acc=0.89
muon_lr=0.017 muon_momentum=0.7 bias_lr=7.7 head_lr=13 -> tta_val_acc=0.8907
muon_lr=0.017 muon_momentum=0.7 bias_lr=7.7 head_lr=21 -> tta_val_acc=0.8913
muon_lr=0.017 muon_momentum=0.7 bias_lr=7.7 head_lr=36 -> tta_val_acc=0.891
muon_lr=0.017 muon_momentum=0.7 bias_lr=7.7 head_lr=60 -> tta_val_acc=0.8913
muon_lr=0.017 muon_momentum=0.7 bias_lr=7.7 head_lr=99 -> tta_val_acc=0.8906
muon_lr=0.017 muon_momentum=0.7 bias_lr=7.7 head_lr=170 -> tta_val_acc=0.8907
muon_lr=0.017 muon_momentum=0.7 bias_lr=7.7 head_lr=280 -> tta_val_acc=0.8917
muon_lr=0.017 muon_momentum=0.7 bias_lr=7.7 head_lr=460 -> tta_val_acc=0.8902
muon_lr=0.017 muon_momentum=0.7 bias_lr=7.7 head_lr=770 -> tta_val_acc=0.8906
muon_lr=0.017 muon_momentum=0.7 bias_lr=7.7 head_lr=1300 -> tta_val_acc=0.8906
muon_lr=0.017 muon_momentum=0.7 bias_lr=7.7 head_lr=2100 -> tta_val_acc=0.891
muon_lr=0.017 muon_momentum=0.7 bias_lr=7.7 head_lr=3500 -> tta_val_acc=0.8908
muon_lr=0.017 muon_momentum=0.7 bias_lr=7.7 head_lr=5900 -> tta_val_acc=0.8914
muon_lr=0.017 muon_momentum=0.7 bias_lr=7.7 head_lr=9800 -> tta_val_acc=0.8921
muon_lr=0.017 muon_momentum=0.7 bias_lr=7.7 head_lr=16000 -> tta_val_acc=0.8926
muon_lr=0.017 muon_momentum=0.7 bias_lr=7.7 head_lr=27000 -> tta_val_acc=0.893
search_path step=0 muon_lr=0.017 muon_momentum=0.7 bias_lr=7.7 head_lr=7.7 tta_val_acc=0.8909
search_path step=1 muon_lr=0.017 muon_momentum=0.7 bias_lr=7.7 head_lr=27000 tta_val_acc=0.893
main hparams: muon_lr=0.047 muon_momentum=0.7 bias_lr=1.7 head_lr=460 main=0.9106, best_cooldown=0.9251
muon_lr=0.017 muon_momentum=0.7 bias_lr=7.7 head_lr=280 -> tta_val_acc=0.9248
muon_lr=0.01 muon_momentum=0.7 bias_lr=7.7 head_lr=280 -> tta_val_acc=0.9251
muon_lr=0.006 muon_momentum=0.7 bias_lr=7.7 head_lr=280 -> tta_val_acc=0.924
search_path step=0 muon_lr=0.017 muon_momentum=0.7 bias_lr=7.7 head_lr=280 tta_val_acc=0.9248
search_path step=1 muon_lr=0.01 muon_momentum=0.7 bias_lr=7.7 head_lr=280 tta_val_acc=0.9251
main hparams: muon_lr=0.13 muon_momentum=0.7 bias_lr=1.7 head_lr=460 main=0.8594, best_cooldown=0.9227
muon_lr=0.017 muon_momentum=0.7 bias_lr=7.7 head_lr=280 -> tta_val_acc=0.9225
muon_lr=0.01 muon_momentum=0.7 bias_lr=7.7 head_lr=280 -> tta_val_acc=0.9179
muon_lr=0.028 muon_momentum=0.7 bias_lr=7.7 head_lr=280 -> tta_val_acc=0.9227
muon_lr=0.047 muon_momentum=0.7 bias_lr=7.7 head_lr=280 -> tta_val_acc=0.9161
search_path step=0 muon_lr=0.017 muon_momentum=0.7 bias_lr=7.7 head_lr=280 tta_val_acc=0.9225
search_path step=1 muon_lr=0.028 muon_momentum=0.7 bias_lr=7.7 head_lr=280 tta_val_acc=0.9227
main hparams: muon_lr=0.078 muon_momentum=0.6 bias_lr=1.7 head_lr=460 main=0.8979, best_cooldown=0.9272
muon_lr=0.017 muon_momentum=0.6 bias_lr=7.7 head_lr=280 -> tta_val_acc=0.9272
muon_lr=0.01 muon_momentum=0.6 bias_lr=7.7 head_lr=280 -> tta_val_acc=0.9257
muon_lr=0.028 muon_momentum=0.6 bias_lr=7.7 head_lr=280 -> tta_val_acc=0.9244
search_path step=0 muon_lr=0.017 muon_momentum=0.6 bias_lr=7.7 head_lr=280 tta_val_acc=0.9272
main hparams: muon_lr=0.078 muon_momentum=0.8 bias_lr=1.7 head_lr=460 main=0.8936, best_cooldown=0.9247
muon_lr=0.017 muon_momentum=0.8 bias_lr=7.7 head_lr=280 -> tta_val_acc=0.9247
muon_lr=0.01 muon_momentum=0.8 bias_lr=7.7 head_lr=280 -> tta_val_acc=0.923
muon_lr=0.028 muon_momentum=0.8 bias_lr=7.7 head_lr=280 -> tta_val_acc=0.9223
search_path step=0 muon_lr=0.017 muon_momentum=0.8 bias_lr=7.7 head_lr=280 tta_val_acc=0.9247
main hparams: muon_lr=0.078 muon_momentum=0.7 bias_lr=1 head_lr=460 main=0.8923, best_cooldown=0.9271
muon_lr=0.017 muon_momentum=0.7 bias_lr=7.7 head_lr=280 -> tta_val_acc=0.9259
muon_lr=0.017 muon_momentum=0.7 bias_lr=1 head_lr=280 -> tta_val_acc=0.9261
muon_lr=0.017 muon_momentum=0.7 bias_lr=1.7 head_lr=280 -> tta_val_acc=0.9265
muon_lr=0.017 muon_momentum=0.7 bias_lr=2.8 head_lr=280 -> tta_val_acc=0.9265
muon_lr=0.017 muon_momentum=0.7 bias_lr=4.6 head_lr=280 -> tta_val_acc=0.9264
muon_lr=0.017 muon_momentum=0.7 bias_lr=13 head_lr=280 -> tta_val_acc=0.9257
muon_lr=0.017 muon_momentum=0.7 bias_lr=21 head_lr=280 -> tta_val_acc=0.9259
muon_lr=0.017 muon_momentum=0.7 bias_lr=36 head_lr=280 -> tta_val_acc=0.9262
muon_lr=0.017 muon_momentum=0.7 bias_lr=60 head_lr=280 -> tta_val_acc=0.9271
muon_lr=0.017 muon_momentum=0.7 bias_lr=99 head_lr=280 -> tta_val_acc=0.925
muon_lr=0.017 muon_momentum=0.7 bias_lr=170 head_lr=280 -> tta_val_acc=0.9219
muon_lr=0.017 muon_momentum=0.7 bias_lr=280 head_lr=280 -> tta_val_acc=0.7163
muon_lr=0.017 muon_momentum=0.7 bias_lr=460 head_lr=280 -> tta_val_acc=0.1736
muon_lr=0.017 muon_momentum=0.7 bias_lr=770 head_lr=280 -> tta_val_acc=0.1
muon_lr=0.017 muon_momentum=0.7 bias_lr=1300 head_lr=280 -> tta_val_acc=0.1
muon_lr=0.017 muon_momentum=0.7 bias_lr=2100 head_lr=280 -> tta_val_acc=0.1
muon_lr=0.017 muon_momentum=0.7 bias_lr=3500 head_lr=280 -> tta_val_acc=0.1
muon_lr=0.017 muon_momentum=0.7 bias_lr=5900 head_lr=280 -> tta_val_acc=0.1
muon_lr=0.017 muon_momentum=0.7 bias_lr=9800 head_lr=280 -> tta_val_acc=0.1
muon_lr=0.017 muon_momentum=0.7 bias_lr=16000 head_lr=280 -> tta_val_acc=0.1
muon_lr=0.017 muon_momentum=0.7 bias_lr=27000 head_lr=280 -> tta_val_acc=0.1
search_path step=0 muon_lr=0.017 muon_momentum=0.7 bias_lr=7.7 head_lr=280 tta_val_acc=0.9259
search_path step=1 muon_lr=0.017 muon_momentum=0.7 bias_lr=60 head_lr=280 tta_val_acc=0.9271
main hparams: muon_lr=0.078 muon_momentum=0.7 bias_lr=1.7 head_lr=460 main=0.8924, best_cooldown=0.9289
muon_lr=0.017 muon_momentum=0.7 bias_lr=7.7 head_lr=1.7 -> tta_val_acc=0.928
muon_lr=0.017 muon_momentum=0.7 bias_lr=7.7 head_lr=1 -> tta_val_acc=0.9279
muon_lr=0.017 muon_momentum=0.7 bias_lr=7.7 head_lr=2.8 -> tta_val_acc=0.9279
muon_lr=0.017 muon_momentum=0.7 bias_lr=7.7 head_lr=4.6 -> tta_val_acc=0.9278
muon_lr=0.017 muon_momentum=0.7 bias_lr=7.7 head_lr=7.7 -> tta_val_acc=0.9277
muon_lr=0.017 muon_momentum=0.7 bias_lr=7.7 head_lr=13 -> tta_val_acc=0.9278
muon_lr=0.017 muon_momentum=0.7 bias_lr=7.7 head_lr=21 -> tta_val_acc=0.928
muon_lr=0.017 muon_momentum=0.7 bias_lr=7.7 head_lr=36 -> tta_val_acc=0.928
muon_lr=0.017 muon_momentum=0.7 bias_lr=7.7 head_lr=60 -> tta_val_acc=0.928
muon_lr=0.017 muon_momentum=0.7 bias_lr=7.7 head_lr=99 -> tta_val_acc=0.928
muon_lr=0.017 muon_momentum=0.7 bias_lr=7.7 head_lr=170 -> tta_val_acc=0.9289
muon_lr=0.017 muon_momentum=0.7 bias_lr=7.7 head_lr=280 -> tta_val_acc=0.929
muon_lr=0.017 muon_momentum=0.7 bias_lr=7.7 head_lr=460 -> tta_val_acc=0.9282
muon_lr=0.017 muon_momentum=0.7 bias_lr=7.7 head_lr=770 -> tta_val_acc=0.9277
muon_lr=0.017 muon_momentum=0.7 bias_lr=7.7 head_lr=1300 -> tta_val_acc=0.9282
muon_lr=0.017 muon_momentum=0.7 bias_lr=7.7 head_lr=2100 -> tta_val_acc=0.9279
muon_lr=0.017 muon_momentum=0.7 bias_lr=7.7 head_lr=3500 -> tta_val_acc=0.9287
muon_lr=0.017 muon_momentum=0.7 bias_lr=7.7 head_lr=5900 -> tta_val_acc=0.9244
muon_lr=0.017 muon_momentum=0.7 bias_lr=7.7 head_lr=9800 -> tta_val_acc=0.9123
muon_lr=0.017 muon_momentum=0.7 bias_lr=7.7 head_lr=16000 -> tta_val_acc=0.8979
muon_lr=0.017 muon_momentum=0.7 bias_lr=7.7 head_lr=27000 -> tta_val_acc=0.8697
muon_lr=0.017 muon_momentum=0.7 bias_lr=1 head_lr=280 -> tta_val_acc=0.9282
muon_lr=0.017 muon_momentum=0.7 bias_lr=1.7 head_lr=280 -> tta_val_acc=0.9285
muon_lr=0.017 muon_momentum=0.7 bias_lr=2.8 head_lr=280 -> tta_val_acc=0.9286
muon_lr=0.017 muon_momentum=0.7 bias_lr=4.6 head_lr=280 -> tta_val_acc=0.9289
muon_lr=0.017 muon_momentum=0.7 bias_lr=13 head_lr=280 -> tta_val_acc=0.9288
muon_lr=0.017 muon_momentum=0.7 bias_lr=21 head_lr=280 -> tta_val_acc=0.9283
muon_lr=0.017 muon_momentum=0.7 bias_lr=36 head_lr=280 -> tta_val_acc=0.9266
muon_lr=0.017 muon_momentum=0.7 bias_lr=60 head_lr=280 -> tta_val_acc=0.9272
muon_lr=0.017 muon_momentum=0.7 bias_lr=99 head_lr=280 -> tta_val_acc=0.9252
muon_lr=0.017 muon_momentum=0.7 bias_lr=170 head_lr=280 -> tta_val_acc=0.9226
muon_lr=0.017 muon_momentum=0.7 bias_lr=280 head_lr=280 -> tta_val_acc=0.898
muon_lr=0.017 muon_momentum=0.7 bias_lr=460 head_lr=280 -> tta_val_acc=0.1305
muon_lr=0.017 muon_momentum=0.7 bias_lr=770 head_lr=280 -> tta_val_acc=0.1
muon_lr=0.017 muon_momentum=0.7 bias_lr=1300 head_lr=280 -> tta_val_acc=0.1
muon_lr=0.017 muon_momentum=0.7 bias_lr=2100 head_lr=280 -> tta_val_acc=0.1
muon_lr=0.017 muon_momentum=0.7 bias_lr=3500 head_lr=280 -> tta_val_acc=0.1
muon_lr=0.017 muon_momentum=0.7 bias_lr=5900 head_lr=280 -> tta_val_acc=0.1
muon_lr=0.017 muon_momentum=0.7 bias_lr=9800 head_lr=280 -> tta_val_acc=0.1
muon_lr=0.017 muon_momentum=0.7 bias_lr=16000 head_lr=280 -> tta_val_acc=0.1
muon_lr=0.017 muon_momentum=0.7 bias_lr=27000 head_lr=280 -> tta_val_acc=0.1
search_path step=0 muon_lr=0.017 muon_momentum=0.7 bias_lr=7.7 head_lr=27000 tta_val_acc=0.8697
search_path step=1 muon_lr=0.017 muon_momentum=0.7 bias_lr=4.6 head_lr=280 tta_val_acc=0.9289
main hparams: muon_lr=0.078 muon_momentum=0.7 bias_lr=2.8 head_lr=460 main=0.8914, best_cooldown=0.9273
muon_lr=0.017 muon_momentum=0.7 bias_lr=4.6 head_lr=280 -> tta_val_acc=0.9273
muon_lr=0.017 muon_momentum=0.7 bias_lr=1 head_lr=280 -> tta_val_acc=0.9267
muon_lr=0.017 muon_momentum=0.7 bias_lr=1.7 head_lr=280 -> tta_val_acc=0.9268
muon_lr=0.017 muon_momentum=0.7 bias_lr=2.8 head_lr=280 -> tta_val_acc=0.927
muon_lr=0.017 muon_momentum=0.7 bias_lr=7.7 head_lr=280 -> tta_val_acc=0.9271
muon_lr=0.017 muon_momentum=0.7 bias_lr=13 head_lr=280 -> tta_val_acc=0.9266
muon_lr=0.017 muon_momentum=0.7 bias_lr=21 head_lr=280 -> tta_val_acc=0.9271
muon_lr=0.017 muon_momentum=0.7 bias_lr=36 head_lr=280 -> tta_val_acc=0.9267
muon_lr=0.017 muon_momentum=0.7 bias_lr=60 head_lr=280 -> tta_val_acc=0.9247
muon_lr=0.017 muon_momentum=0.7 bias_lr=99 head_lr=280 -> tta_val_acc=0.9236
muon_lr=0.017 muon_momentum=0.7 bias_lr=170 head_lr=280 -> tta_val_acc=0.9222
muon_lr=0.017 muon_momentum=0.7 bias_lr=280 head_lr=280 -> tta_val_acc=0.9078
muon_lr=0.017 muon_momentum=0.7 bias_lr=460 head_lr=280 -> tta_val_acc=0.1004
muon_lr=0.017 muon_momentum=0.7 bias_lr=770 head_lr=280 -> tta_val_acc=0.1
muon_lr=0.017 muon_momentum=0.7 bias_lr=1300 head_lr=280 -> tta_val_acc=0.1
muon_lr=0.017 muon_momentum=0.7 bias_lr=2100 head_lr=280 -> tta_val_acc=0.1
muon_lr=0.017 muon_momentum=0.7 bias_lr=3500 head_lr=280 -> tta_val_acc=0.1
muon_lr=0.017 muon_momentum=0.7 bias_lr=5900 head_lr=280 -> tta_val_acc=0.1
muon_lr=0.017 muon_momentum=0.7 bias_lr=9800 head_lr=280 -> tta_val_acc=0.1
muon_lr=0.017 muon_momentum=0.7 bias_lr=16000 head_lr=280 -> tta_val_acc=0.1
muon_lr=0.017 muon_momentum=0.7 bias_lr=27000 head_lr=280 -> tta_val_acc=0.1
search_path step=0 muon_lr=0.017 muon_momentum=0.7 bias_lr=4.6 head_lr=280 tta_val_acc=0.9273
main hparams: muon_lr=0.078 muon_momentum=0.7 bias_lr=4.6 head_lr=460 main=0.8946, best_cooldown=0.9266
muon_lr=0.017 muon_momentum=0.7 bias_lr=4.6 head_lr=280 -> tta_val_acc=0.9259
muon_lr=0.017 muon_momentum=0.7 bias_lr=1 head_lr=280 -> tta_val_acc=0.9264
muon_lr=0.017 muon_momentum=0.7 bias_lr=1.7 head_lr=280 -> tta_val_acc=0.9264
muon_lr=0.017 muon_momentum=0.7 bias_lr=2.8 head_lr=280 -> tta_val_acc=0.9264
muon_lr=0.017 muon_momentum=0.7 bias_lr=7.7 head_lr=280 -> tta_val_acc=0.9265
muon_lr=0.017 muon_momentum=0.7 bias_lr=13 head_lr=280 -> tta_val_acc=0.9266
muon_lr=0.017 muon_momentum=0.7 bias_lr=21 head_lr=280 -> tta_val_acc=0.9264
muon_lr=0.017 muon_momentum=0.7 bias_lr=36 head_lr=280 -> tta_val_acc=0.926
muon_lr=0.017 muon_momentum=0.7 bias_lr=60 head_lr=280 -> tta_val_acc=0.924
muon_lr=0.017 muon_momentum=0.7 bias_lr=99 head_lr=280 -> tta_val_acc=0.9248
muon_lr=0.017 muon_momentum=0.7 bias_lr=170 head_lr=280 -> tta_val_acc=0.9226
muon_lr=0.017 muon_momentum=0.7 bias_lr=280 head_lr=280 -> tta_val_acc=0.9041
muon_lr=0.017 muon_momentum=0.7 bias_lr=460 head_lr=280 -> tta_val_acc=0.111
muon_lr=0.017 muon_momentum=0.7 bias_lr=770 head_lr=280 -> tta_val_acc=0.1
muon_lr=0.017 muon_momentum=0.7 bias_lr=1300 head_lr=280 -> tta_val_acc=0.1
muon_lr=0.017 muon_momentum=0.7 bias_lr=2100 head_lr=280 -> tta_val_acc=0.1
muon_lr=0.017 muon_momentum=0.7 bias_lr=3500 head_lr=280 -> tta_val_acc=0.1
muon_lr=0.017 muon_momentum=0.7 bias_lr=5900 head_lr=280 -> tta_val_acc=0.1
muon_lr=0.017 muon_momentum=0.7 bias_lr=9800 head_lr=280 -> tta_val_acc=0.1
muon_lr=0.017 muon_momentum=0.7 bias_lr=16000 head_lr=280 -> tta_val_acc=0.1
muon_lr=0.017 muon_momentum=0.7 bias_lr=27000 head_lr=280 -> tta_val_acc=0.1
search_path step=0 muon_lr=0.017 muon_momentum=0.7 bias_lr=4.6 head_lr=280 tta_val_acc=0.9259
search_path step=1 muon_lr=0.017 muon_momentum=0.7 bias_lr=13 head_lr=280 tta_val_acc=0.9266
