"""
airbench94_muon.py
Runs in 2.59 seconds on a 400W NVIDIA A100 using torch==2.4.1
Attains 94.01 mean accuracy (n=200 trials)
Descends from https://github.com/tysam-code/hlb-CIFAR10/blob/main/main.py
"""

#############################################
#                  Setup                    #
#############################################

import copy
import json
import os
import sys
import time
from bisect import bisect_left, bisect_right
from datetime import datetime, timezone
from itertools import product
from math import ceil, isfinite, log

if __name__ == "__main__":
    os.makedirs("logs", exist_ok=True)
    timestamp = datetime.now(timezone.utc).strftime("%Y%m%d_%H%M%S_%fZ")
    log_path = os.path.join("logs", f"cifar_baseline_{timestamp}_{os.getpid()}.log")
    log_file = open(log_path, "x", encoding="utf-8", buffering=1)
    sys.stdout = sys.stderr = log_file
    with open(__file__, encoding="utf-8") as source_file:
        print(source_file.read(), end="")
    print("\n\n# Run output\n", flush=True)

import torch
from torch import nn
import torch.nn.functional as F
import torchvision
import torchvision.transforms as T


def _cuda_capability():
    if not torch.cuda.is_available():
        return (0, 0)
    return torch.cuda.get_device_capability(0)


CUDA_CAPABILITY = _cuda_capability()
IS_AMPERE_OR_NEWER = CUDA_CAPABILITY[0] >= 8
USE_CUDNN_BENCHMARK = False
USE_TF32 = IS_AMPERE_OR_NEWER

torch.backends.cudnn.benchmark = USE_CUDNN_BENCHMARK
torch.backends.cudnn.allow_tf32 = USE_TF32
torch.backends.cuda.matmul.allow_tf32 = USE_TF32

USE_COMPILED_MUON = False
MUON_DTYPE = torch.bfloat16
TRAINING_SEED = 0


def set_training_seed():
    torch.manual_seed(TRAINING_SEED)
    if torch.cuda.is_available():
        torch.cuda.manual_seed_all(TRAINING_SEED)


def round_hparam(value):
    """Round numeric hyperparameters to two significant figures, preserving types."""
    if isinstance(value, bool) or not isinstance(value, (int, float)):
        return value
    rounded = float(f"{value:.2g}")
    return int(rounded) if isinstance(value, int) else rounded


#############################################
#                Optimizer                  #
#############################################


def zeropower_via_newtonschulz5(G, steps=3, eps=0):
    r"""
    Newton-Schulz iteration to compute the zeroth power / orthogonalization of G. We opt to use a
    quintic iteration whose coefficients are selected to maximize the slope at zero. For the purpose
    of minimizing steps, it turns out to be empirically effective to keep increasing the slope at
    zero even beyond the point where the iteration no longer converges all the way to one everywhere
    on the interval. This iteration therefore does not produce UV^T but rather something like US'V^T
    where S' is diagonal with S_{ii}' \sim Uniform(0.5, 1.5), which turns out not to hurt model
    performance at all relative to UV^T, where USV^T = G is the SVD.
    """
    assert len(G.shape) == 2
    a, b, c = (3.4445, -4.7750, 2.0315)
    X = G.to(MUON_DTYPE)
    X /= X.norm() + eps  # ensure top singular value <= 1
    if G.size(0) > G.size(1):
        X = X.T
    for _ in range(steps):
        A = X @ X.T
        B = b * A + c * A @ A
        X = a * X + B @ X
    if G.size(0) > G.size(1):
        X = X.T
    return X


if USE_COMPILED_MUON:
    zeropower_via_newtonschulz5 = torch.compile(zeropower_via_newtonschulz5)


class GroupOptimizer(torch.optim.Optimizer):
    """Apply each parameter group's configured SGD or Muon update."""

    def __init__(self, param_groups):
        super().__init__(param_groups, defaults={})
        for group in self.param_groups:
            group["lr"] = round_hparam(group["lr"])
            group["momentum"] = round_hparam(group["momentum"])
            name = group.get("name", "parameter group")
            if group["algorithm"] not in ("sgd", "muon"):
                raise ValueError(f"{name}: unknown algorithm {group['algorithm']!r}")
            if group["lr"] < 0:
                raise ValueError(f"{name}: learning rate must be nonnegative")
            if group["momentum"] < 0:
                raise ValueError(f"{name}: momentum must be nonnegative")
            if group["algorithm"] == "sgd" and group["nesterov"] and group["momentum"] <= 0:
                raise ValueError(f"{name}: Nesterov requires positive momentum")
            if group["algorithm"] == "muon" and any(
                p.ndim < 2 for p in group["params"]
            ):
                raise ValueError(f"{name}: Muon requires parameters with at least 2 dimensions")

    @torch.no_grad()
    def step(self):
        for group in self.param_groups:
            lr = group["lr"] = round_hparam(group["lr"])
            momentum = group["momentum"]
            for p in group["params"]:
                g = p.grad
                if g is None:
                    continue
                if momentum or group["algorithm"] == "muon":
                    state = self.state[p]
                    if "momentum_buffer" not in state:
                        state["momentum_buffer"] = g.clone()
                    elif momentum == 0:
                        # Zero momentum uses the raw gradient and clears old history.
                        state["momentum_buffer"].copy_(g)
                    else:
                        state["momentum_buffer"].mul_(momentum).add_(g)
                    buf = state["momentum_buffer"]
                    g = g.add(buf, alpha=momentum) if group["nesterov"] and momentum else buf

                # A zero learning rate must leave weights unchanged for either algorithm.
                if lr == 0:
                    continue
                if group["algorithm"] == "muon":
                    p.mul_(len(p) ** 0.5 / p.norm())  # normalize the weight
                    g = zeropower_via_newtonschulz5(g.reshape(len(g), -1)).view(
                        g.shape
                    )  # whiten the update
                p.add_(g, alpha=-lr)


#############################################
#                DataLoader                 #
#############################################

CIFAR_MEAN = torch.tensor((0.4914, 0.4822, 0.4465))
CIFAR_STD = torch.tensor((0.2470, 0.2435, 0.2616))


def batch_flip_lr(inputs):
    flip_mask = (torch.rand(len(inputs), device=inputs.device) < 0.5).view(-1, 1, 1, 1)
    return torch.where(flip_mask, inputs.flip(-1), inputs)


def batch_crop(images, crop_size):
    r = (images.size(-1) - crop_size) // 2
    shifts = torch.randint(-r, r + 1, size=(len(images), 2), device=images.device)
    y = torch.arange(crop_size, device=images.device).view(1, crop_size, 1)
    x = torch.arange(crop_size, device=images.device).view(1, 1, crop_size)
    y_idx = y + (r + shifts[:, 0]).view(-1, 1, 1)
    x_idx = x + (r + shifts[:, 1]).view(-1, 1, 1)
    gathered_rows = images.gather(
        2, y_idx[:, None, :, :].expand(-1, images.size(1), -1, images.size(-1))
    )
    return gathered_rows.gather(
        3, x_idx[:, None, :, :].expand(-1, images.size(1), crop_size, crop_size)
    )


class CifarLoader:
    def __init__(self, path, train=True, batch_size=500, aug=None):
        data_path = os.path.join(path, "train.pt" if train else "test.pt")
        if not os.path.exists(data_path):
            dset = torchvision.datasets.CIFAR10(path, download=True, train=train)
            images = torch.tensor(dset.data)
            labels = torch.tensor(dset.targets)
            torch.save(
                {"images": images, "labels": labels, "classes": dset.classes}, data_path
            )

        data = torch.load(data_path, map_location=torch.device("cuda"))
        self.images, self.labels, self.classes = (
            data["images"],
            data["labels"],
            data["classes"],
        )
        # It's faster to load+process uint8 data than to load preprocessed data
        self.images = (
            (self.images.float() / 255)
            .permute(0, 3, 1, 2)
            .to(memory_format=torch.channels_last)
        )

        self.normalize = T.Normalize(CIFAR_MEAN, CIFAR_STD)
        self.proc_images = {}  # Saved results of image processing to be done on the first epoch
        self.epoch = 0

        self.aug = aug or {}
        for k in self.aug.keys():
            assert k in ["flip", "translate"], "Unrecognized key: %s" % k

        self.batch_size = batch_size
        self.drop_last = train
        self.shuffle = train

    def _ensure_proc_images(self):
        if "norm" in self.proc_images:
            return
        images = self.proc_images["norm"] = self.normalize(self.images)
        if self.aug.get("flip", False):
            images = self.proc_images["flip"] = batch_flip_lr(images)
        pad = self.aug.get("translate", 0)
        if pad > 0:
            self.proc_images["pad"] = F.pad(images, (pad,) * 4, "reflect")

    def normalized_images(self):
        self._ensure_proc_images()
        return self.proc_images["norm"]

    def __len__(self):
        return (
            len(self.images) // self.batch_size
            if self.drop_last
            else ceil(len(self.images) / self.batch_size)
        )

    def prepare_epoch(self):
        if self.epoch == 0:
            self._ensure_proc_images()

        if self.aug.get("translate", 0) > 0:
            images = batch_crop(self.proc_images["pad"], self.images.shape[-2])
        elif self.aug.get("flip", False):
            images = self.proc_images["flip"]
        else:
            images = self.proc_images["norm"]
        # Flip all images together every other epoch. This increases diversity relative to random flipping
        if self.aug.get("flip", False):
            if self.epoch % 2 == 1:
                images = images.flip(-1)

        self.epoch += 1

        return images

    def epoch_indices(self, images):
        return (torch.randperm if self.shuffle else torch.arange)(
            len(images), device=images.device
        )

    def __iter__(self):
        images = self.prepare_epoch()
        indices = self.epoch_indices(images)
        for i in range(len(self)):
            idxs = indices[i * self.batch_size : (i + 1) * self.batch_size]
            yield (images[idxs], self.labels[idxs])


class TrainingBatchStream:
    """A replayable batch cursor; epoch tensors are immutable and shared by snapshots."""

    def __init__(self, loader, fixed_batch=None):
        self.loader = loader
        self.fixed_batch = fixed_batch
        self.images = self.indices = None
        self.batch_index = 0

    def next_batch(self):
        if self.fixed_batch is not None:
            return self.fixed_batch
        if self.images is None or self.batch_index == len(self.loader):
            self.images = self.loader.prepare_epoch()
            self.indices = self.loader.epoch_indices(self.images)
            self.batch_index = 0
        start = self.batch_index * self.loader.batch_size
        indices = self.indices[start:start + self.loader.batch_size]
        self.batch_index += 1
        return self.images[indices], self.loader.labels[indices]

    def state_dict(self):
        return self.images, self.indices, self.batch_index, self.loader.epoch

    def load_state_dict(self, state):
        self.images, self.indices, self.batch_index, self.loader.epoch = state


#############################################
#            Network Definition             #
#############################################


# note the use of low BatchNorm stats momentum
class BatchNorm(nn.BatchNorm2d):
    def __init__(self, num_features, momentum=0.6, eps=1e-12):
        super().__init__(num_features, eps=eps, momentum=1 - momentum)
        # Note that PyTorch already initializes the weights to one and bias to zero


class Conv(nn.Conv2d):
    def __init__(self, in_channels, out_channels):
        super().__init__(
            in_channels, out_channels, kernel_size=3, padding="same", bias=False
        )

    def reset_parameters(self):
        super().reset_parameters()
        w = self.weight.data
        torch.nn.init.dirac_(w[: w.size(1)])


class ConvGroup(nn.Module):
    def __init__(self, channels_in, channels_out):
        super().__init__()
        self.conv1 = Conv(channels_in, channels_out)
        self.pool = nn.MaxPool2d(2)
        self.norm1 = BatchNorm(channels_out)
        self.conv2 = Conv(channels_out, channels_out)
        self.norm2 = BatchNorm(channels_out)
        self.activ = nn.GELU()

    def forward(self, x):
        x = self.conv1(x)
        x = self.pool(x)
        x = self.norm1(x)
        x = self.activ(x)
        x = self.conv2(x)
        x = self.norm2(x)
        x = self.activ(x)
        return x


class CifarNet(nn.Module):
    def __init__(self):
        super().__init__()
        widths = dict(block1=64, block2=256, block3=256)
        whiten_kernel_size = 2
        whiten_width = 2 * 3 * whiten_kernel_size**2
        self.whiten = nn.Conv2d(
            3, whiten_width, whiten_kernel_size, padding=0, bias=True
        )
        self.layers = nn.Sequential(
            nn.GELU(),
            ConvGroup(whiten_width, widths["block1"]),
            ConvGroup(widths["block1"], widths["block2"]),
            ConvGroup(widths["block2"], widths["block3"]),
            nn.MaxPool2d(3),
        )
        self.head = nn.Linear(widths["block3"], 10, bias=False)
        for mod in self.modules():
            mod.float()

    def reset(self):
        for m in self.modules():
            if type(m) in (nn.Conv2d, Conv, BatchNorm, nn.Linear):
                m.reset_parameters()
        w = self.head.weight.data
        w *= 1 / w.std()

    def init_whiten(self, train_images, eps=5e-4):
        c, (h, w) = train_images.shape[1], self.whiten.weight.shape[2:]
        patches = (
            train_images.unfold(2, h, 1)
            .unfold(3, w, 1)
            .transpose(1, 3)
            .reshape(-1, c, h, w)
            .float()
        )
        patches_flat = patches.view(len(patches), -1)
        est_patch_covariance = (patches_flat.T @ patches_flat) / len(patches_flat)
        eigenvalues, eigenvectors = torch.linalg.eigh(est_patch_covariance, UPLO="U")
        eigenvectors_scaled = eigenvectors.T.reshape(-1, c, h, w) / torch.sqrt(
            eigenvalues.view(-1, 1, 1, 1) + eps
        )
        self.whiten.weight.data[:] = torch.cat(
            (eigenvectors_scaled, -eigenvectors_scaled)
        )

    def forward(self, x):
        x = self.whiten(x)
        x = self.layers(x)
        x = x.view(len(x), -1)
        return self.head(x) / x.size(-1)


############################################
#                 Logging                  #
############################################


def log_config(run, config, label="config"):
    def compact_json(value):
        return json.dumps(value, default=lambda schedule: schedule.config)

    entries = []
    for name, value in config.items():
        if name in ("param_groups", "hparam_tuning") and isinstance(value, dict) and value:
            rows = [f"    {json.dumps(key)}: {compact_json(item)}"
                    for key, item in value.items()]
            formatted = "{\n" + ",\n".join(rows) + "\n  }"
        else:
            formatted = compact_json(value)
        entries.append(f"  {json.dumps(name)}: {formatted}")
    print(f"{label} run={run}", flush=True)
    print("{\n" + ",\n".join(entries) + "\n}", flush=True)


def format_log_value(value):
    if isinstance(value, float):
        return f"{value:.6g}"
    if isinstance(value, (dict, list, tuple, bool)) or value is None:
        return json.dumps(value)
    return str(value)


def log_event(event, **fields):
    print(" ".join([event, *(f"{key}={format_log_value(value)}"
                             for key, value in fields.items())]), flush=True)


def hparam_text(values):
    return " ".join(f"{name}={format_log_value(value)}" for name, value in values.items())


def flatten_config(config):
    """Readable paths, including conv.initial_lr instead of scheduler internals."""
    plain = json.loads(json.dumps(config, default=lambda schedule: schedule.config))
    values = {}

    def visit(value, path):
        if isinstance(value, dict) and value:
            for name, item in value.items():
                visit(item, f"{path}.{name}" if path else name)
        else:
            name = path.removeprefix("param_groups.").replace(".lr_scheduler.", ".")
            values[name] = value

    visit(plain, "")
    return values


def log_changes(label, base, current):
    changes = {name: (base.get(name, "<unset>"), value)
               for name, value in current.items() if base.get(name, "<unset>") != value}
    print(f"  {label}:" if changes else f"  {label}: (none)", flush=True)
    for name, (old, new) in changes.items():
        print(f"    {name}: {format_log_value(old)} -> {format_log_value(new)}", flush=True)


def log_config_diff(run, base_run, base, config):
    log_event("config_diff", run=run, base_run=base_run)
    log_changes("changes", flatten_config(base), flatten_config(config))


def log_final_eval(val_acc, tta_val_acc, seconds):
    print(
        f"val_acc={val_acc:.4f} tta_val_acc={tta_val_acc:.4f} seconds={seconds:.4f}",
        flush=True,
    )


############################################
#               Evaluation                 #
############################################


def infer(model, loader, tta_level=0):

    # Test-time augmentation strategy (for tta_level=2):
    # 1. Flip/mirror the image left-to-right (50% of the time).
    # 2. Translate the image by one pixel either up-and-left or down-and-right (50% of the time,
    #    i.e. both happen 25% of the time).
    #
    # This creates 6 views per image (left/right times the two translations and no-translation),
    # which we evaluate and then weight according to the given probabilities.

    def infer_basic(inputs, net):
        return net(inputs).clone()

    def infer_mirror(inputs, net):
        return 0.5 * net(inputs) + 0.5 * net(inputs.flip(-1))

    def infer_mirror_translate(inputs, net):
        logits = infer_mirror(inputs, net)
        pad = 1
        padded_inputs = F.pad(inputs, (pad,) * 4, "reflect")
        inputs_translate_list = [
            padded_inputs[:, :, 0:32, 0:32],
            padded_inputs[:, :, 2:34, 2:34],
        ]
        logits_translate_list = [
            infer_mirror(inputs_translate, net)
            for inputs_translate in inputs_translate_list
        ]
        logits_translate = torch.stack(logits_translate_list).mean(0)
        return 0.5 * logits + 0.5 * logits_translate

    model.train()
    test_images = loader.normalized_images()
    infer_fn = [infer_basic, infer_mirror, infer_mirror_translate][tta_level]
    with torch.inference_mode():
        return torch.cat(
            [infer_fn(inputs, model) for inputs in test_images.split(2000)]
        )


def evaluate(model, loader, tta_level=0):
    logits = infer(model, loader, tta_level)
    return (logits.argmax(1) == loader.labels).float().mean().item()


############################################
#                Training                  #
############################################

def constant_lr_scheduler(initial_lr):
    initial_lr = round_hparam(initial_lr)

    def schedule(step, steps_per_epoch):
        return initial_lr

    schedule.config = dict(type="constant", initial_lr=initial_lr)
    return schedule


def linear_lr_scheduler(initial_lr, decay_epochs):
    """Return a scheduler(step, steps_per_epoch) that decays to zero."""
    initial_lr = round_hparam(initial_lr)
    decay_epochs = round_hparam(decay_epochs)
    if decay_epochs <= 0:
        raise ValueError("decay_epochs must be positive")

    def schedule(step, steps_per_epoch):
        return round_hparam(
            initial_lr * max(0.0, 1 - step / (decay_epochs * steps_per_epoch))
        )

    schedule.config = dict(type="linear", initial_lr=initial_lr, decay_epochs=decay_epochs)
    return schedule


def hparam_line(start_step, end_step, start, end):
    """A line includes both endpoint steps; adjacent lines may jump in value."""
    if end_step < start_step:
        raise ValueError("A hyperparameter line must end at or after its start")
    return dict(start_step=start_step, end_step=end_step,
                start=round_hparam(start), end=round_hparam(end))


def hparam_at_step(lines, step):
    """Interpolate a piecewise linear schedule, rounding each applied value."""
    if not lines:
        raise ValueError("A hyperparameter schedule needs at least one line")
    for line in lines:
        if line["start_step"] <= step <= line["end_step"]:
            width = line["end_step"] - line["start_step"]
            # A one-step segment uses its end value (zero for a one-step decay).
            if width == 0 or step == line["end_step"]:
                return round_hparam(line["end"])
            if line["start"] == line["end"]:
                return round_hparam(line["start"])
            fraction = (step - line["start_step"]) / width
            return round_hparam(line["start"] * (1 - fraction) + line["end"] * fraction)
    if step < lines[0]["start_step"]:
        return round_hparam(lines[0]["start"])
    if step > lines[-1]["end_step"]:
        return round_hparam(lines[-1]["end"])
    raise ValueError(f"No hyperparameter line covers step {step}")


def configured_hparam_schedules(param_groups, steps_per_epoch, total_steps):
    """Convert existing config schedulers and momenta to lists of lines."""
    schedules = {}
    for name, group in param_groups.items():
        scheduler = group["lr_scheduler"].config
        initial_lr = scheduler["initial_lr"]
        if scheduler["type"] == "linear":
            # Preserve the existing scheduler's zero point and hold zero afterward.
            decay_steps = scheduler["decay_epochs"] * steps_per_epoch
            lines = [hparam_line(0, decay_steps, initial_lr, 0.0)]
            if decay_steps < total_steps - 1:
                lines.append(hparam_line(decay_steps, total_steps - 1, 0.0, 0.0))
        elif scheduler["type"] == "constant":
            lines = [hparam_line(0, total_steps - 1, initial_lr, initial_lr)]
        else:
            raise ValueError(f"Unknown scheduler type: {scheduler['type']!r}")
        schedules[f"{name}.initial_lr"] = lines
        schedules[f"{name}.momentum"] = [
            hparam_line(0, total_steps - 1, group["momentum"], group["momentum"])]
    return schedules


def segment_hparam_schedules(base_schedules, values, start_step, steps, linear_decay=False):
    """Bind searched values to linked endpoints, or to starts with LR ends fixed at zero."""
    schedules = copy.deepcopy(base_schedules)
    for path, lines in schedules.items():
        if path in values:
            start = values[path]
            end = 0.0 if linear_decay and path.endswith(".initial_lr") else start
            schedules[path] = [hparam_line(start_step, start_step + steps - 1, start, end)]
    return schedules


def apply_hparam_schedules(optimizer, schedules, step):
    for group in optimizer.param_groups:
        name = group["name"]
        group["lr"] = hparam_at_step(schedules[f"{name}.initial_lr"], step)
        group["momentum"] = hparam_at_step(schedules[f"{name}.momentum"], step)


# Set hparam_tuning to, for example:
# dict(algorithm="grid", metric="tta_val_acc", params={
#     "conv.initial_lr": dict(initial=0.04, choices=[0.04, 0.06, 0.08]),
#     "conv.momentum": dict(initial=0.6, choices=[0.6, 0.7, 0.8]),
# })
# Use algorithm="coordinate" to tune parameters in order, revisiting them
# whenever another parameter changes. Selection defaults to tta_val_acc.
# None runs the config once without tuning. Batch sizes are kept exact.
# For online search, use:
# dict(algorithm="interval", interval_steps=40, cooldown_steps=40, params={
#     "conv.initial_lr": dict(initial=1.0, choices=None, mult=0.8),
#     "conv.momentum": dict(initial=0.6, choices=[0.0, 0.1, 0.3, 0.6, 0.9, 0.95, 0.99]),
# })
# Each params entry contains a tuning-only initial value and its choices.
# Omitting initial uses the baseline value. Grid evaluates choices exhaustively;
# Coordinate searches start at initial, even when it is not a listed choice.
# LR mult defaults to 0.6; interval grids use round2(1.0 * mult**k) per parameter.
# Multiplicative LR starts snap to k = round(log(initial) / log(mult)).
# Explicit choices take precedence over mult. Legacy lr_factor remains a fallback.
# Interval search holds searched LRs constant within each segment; unsearched
# groups keep their configured schedules. Lists also work for interval LR choices.
# Use algorithm="interval_linear" with the same params mapping for one
# full-run interval: searched LRs decay to zero, searched momenta stay constant.
# Unsearched parameters always retain their configured schedules in every algorithm.
# It ignores interval_steps/cooldown_steps and skips the initial LR margin search.
# Both variants train from schedules of [{start_step, end_step, start, end}, ...].
run_type = "interval_linear"  # "baseline", "interval", or "interval_linear"

BASE_RUN_CONFIGS = [
    dict(
        batch_size=125,
        num_epochs=8,
        overfit=False,
        hparam_tuning=dict(
            algorithm="interval",
            interval_steps=640,
            cooldown_steps=640,
            params={
                "conv.initial_lr": dict(initial=0.04, choices=None, mult=0.6),
                "conv.momentum": dict(initial=0.6, choices=[0.0, 0.1, 0.2, 0.3, 0.4, 0.5, 0.6, 0.7, 0.8, 0.9, 0.95, 0.99]),
            },
        ),
        param_groups=dict(
            whiten_weight=dict(
                algorithm="sgd",
                lr_scheduler=constant_lr_scheduler(initial_lr=0.0),
                momentum=0.85,
                nesterov=True,
            ),
            norm_weight=dict(
                algorithm="sgd",
                lr_scheduler=constant_lr_scheduler(initial_lr=0.0),
                momentum=0.85,
                nesterov=True,
            ),
            whiten_bias=dict(
                algorithm="sgd",
                lr_scheduler=linear_lr_scheduler(initial_lr=6.5, decay_epochs=3),
                momentum=0.85,
                nesterov=True,
            ),
            norm_bias=dict(
                algorithm="sgd",
                lr_scheduler=linear_lr_scheduler(initial_lr=6.5, decay_epochs=8),
                momentum=0.85,
                nesterov=True,
            ),
            head=dict(
                algorithm="sgd",
                lr_scheduler=linear_lr_scheduler(initial_lr=84, decay_epochs=8),
                momentum=0.85,
                nesterov=True,
            ),
            conv=dict(
                algorithm="muon",
                lr_scheduler=linear_lr_scheduler(initial_lr=0.04, decay_epochs=8),
                momentum=0.6,
                nesterov=True,
            ),
        ),
    ),
    dict(
        batch_size=500,
        num_epochs=8,
        overfit=False,
        hparam_tuning=dict(
            algorithm="interval",
            interval_steps=160,
            cooldown_steps=160,
            params={
                "conv.initial_lr": dict(initial=0.12, choices=None, mult=0.6),
                "conv.momentum": dict(initial=0.6, choices=[0.0, 0.1, 0.2, 0.3, 0.4, 0.5, 0.6, 0.7, 0.8, 0.9, 0.95, 0.99]),
            },
        ),
        param_groups=dict(
            whiten_weight=dict(
                algorithm="sgd",
                lr_scheduler=constant_lr_scheduler(initial_lr=0.0),
                momentum=0.85,
                nesterov=True,
            ),
            norm_weight=dict(
                algorithm="sgd",
                lr_scheduler=constant_lr_scheduler(initial_lr=0.0),
                momentum=0.85,
                nesterov=True,
            ),
            whiten_bias=dict(
                algorithm="sgd",
                lr_scheduler=linear_lr_scheduler(initial_lr=26, decay_epochs=3),
                momentum=0.85,
                nesterov=True,
            ),
            norm_bias=dict(
                algorithm="sgd",
                lr_scheduler=linear_lr_scheduler(initial_lr=26, decay_epochs=8),
                momentum=0.85,
                nesterov=True,
            ),
            head=dict(
                algorithm="sgd",
                lr_scheduler=linear_lr_scheduler(initial_lr=340, decay_epochs=8),
                momentum=0.85,
                nesterov=True,
            ),
            conv=dict(
                algorithm="muon",
                lr_scheduler=linear_lr_scheduler(initial_lr=0.079, decay_epochs=8),
                momentum=0.6,
                nesterov=True,
            ),
        ),
    ),
    dict(
        batch_size=2000,
        num_epochs=8,
        overfit=False,
        hparam_tuning=dict(
            algorithm="interval",
            interval_steps=40,
            cooldown_steps=40,
            params={
                "conv.initial_lr": dict(initial=0.24, choices=None, mult=0.6),
                "conv.momentum": dict(initial=0.6, choices=[0.0, 0.1, 0.2, 0.3, 0.4, 0.5, 0.6, 0.7, 0.8, 0.9, 0.95, 0.99]),
            },
        ),
        param_groups=dict(
            whiten_weight=dict(
                algorithm="sgd",
                lr_scheduler=constant_lr_scheduler(initial_lr=0.0),
                momentum=0.85,
                nesterov=True,
            ),
            norm_weight=dict(
                algorithm="sgd",
                lr_scheduler=constant_lr_scheduler(initial_lr=0.0),
                momentum=0.85,
                nesterov=True,
            ),
            whiten_bias=dict(
                algorithm="sgd",
                lr_scheduler=linear_lr_scheduler(initial_lr=100, decay_epochs=3),
                momentum=0.85,
                nesterov=True,
            ),
            norm_bias=dict(
                algorithm="sgd",
                lr_scheduler=linear_lr_scheduler(initial_lr=100, decay_epochs=8),
                momentum=0.85,
                nesterov=True,
            ),
            head=dict(
                algorithm="sgd",
                lr_scheduler=linear_lr_scheduler(initial_lr=1300, decay_epochs=8),
                momentum=0.85,
                nesterov=True,
            ),
            conv=dict(
                algorithm="muon",
                lr_scheduler=linear_lr_scheduler(initial_lr=0.19, decay_epochs=8),
                momentum=0.6,
                nesterov=True,
            ),
        ),
    ),
]

BASELINE_RUN_CONFIGS = copy.deepcopy(BASE_RUN_CONFIGS)
for config in BASELINE_RUN_CONFIGS:
    config["hparam_tuning"] = None

# Compare the current interval search with shorter cooldowns and shorter intervals.
INTERVAL_RUN_CONFIGS = []
for base_config in BASE_RUN_CONFIGS:
    if base_config["batch_size"] not in (500, 125):
        continue
    for interval_divisor, cooldown_divisor in ((1, 1), (1, 4), (4, 4)):
        config = copy.deepcopy(base_config)
        config["hparam_tuning"]["interval_steps"] //= interval_divisor
        config["hparam_tuning"]["cooldown_steps"] //= cooldown_divisor
        INTERVAL_RUN_CONFIGS.append(config)

MOMENTUM_CHOICES = [0.0, 0.1, 0.2, 0.3, 0.4, 0.5, 0.6, 0.7, 0.8, 0.9, 0.95, 0.99]
INTERVAL_LINEAR_RUN_CONFIGS = []
for base_config in BASE_RUN_CONFIGS:
    config = copy.deepcopy(base_config)
    config["hparam_tuning"] = dict(
        algorithm="interval_linear",
        metric="tta_val_acc",
        params={
            "conv.initial_lr": copy.deepcopy(base_config["hparam_tuning"]["params"]["conv.initial_lr"]),
            "conv.momentum": dict(initial=0.6, choices=list(MOMENTUM_CHOICES)),
            "head.initial_lr": dict(initial=base_config["param_groups"]["head"]["lr_scheduler"].config["initial_lr"], choices=None, mult=0.6),
            "head.momentum": dict(initial=0.85, choices=list(MOMENTUM_CHOICES[1:])),
            "norm_bias.initial_lr": dict(initial=base_config["param_groups"]["norm_bias"]["lr_scheduler"].config["initial_lr"], choices=None, mult=0.6),
            "norm_bias.momentum": dict(initial=0.85, choices=list(MOMENTUM_CHOICES[1:])),
        },
    )
    INTERVAL_LINEAR_RUN_CONFIGS.append(config)

RUN_CONFIGS = {
    "baseline": BASELINE_RUN_CONFIGS,
    "interval": INTERVAL_RUN_CONFIGS,
    "interval_linear": INTERVAL_LINEAR_RUN_CONFIGS,
}[run_type]


def scheduler_from_config(config):
    options = dict(config)
    kind = options.pop("type")
    if kind == "constant":
        return constant_lr_scheduler(**options)
    if kind == "linear":
        return linear_lr_scheduler(**options)
    raise ValueError(f"Unknown scheduler type: {kind!r}")


def normalize_config(value, key=None):
    """Round config values and choices, keeping batch sizes exact."""
    if key == "batch_size":
        return copy.deepcopy(value)
    if isinstance(value, dict):
        return {name: normalize_config(item, name) for name, item in value.items()}
    if isinstance(value, (list, tuple)):
        return [normalize_config(item) for item in value]
    if callable(value):
        return scheduler_from_config(normalize_config(value.config))
    return round_hparam(value)


def make_optimizer(model, param_groups, steps_per_epoch):
    parameters = dict(
        whiten_bias=[model.whiten.bias],
        norm_bias=[m.bias for m in model.modules() if isinstance(m, BatchNorm)],
        head=[model.head.weight],
        whiten_weight=[model.whiten.weight],
        norm_weight=[m.weight for m in model.modules() if isinstance(m, BatchNorm)],
        conv=[p for p in model.parameters()
              if p.ndim == 4 and p.requires_grad and p is not model.whiten.weight],
    )
    return GroupOptimizer([
        dict(name=name, params=params,
             lr=round_hparam(param_groups[name]["lr_scheduler"](0, steps_per_epoch)),
             **param_groups[name])
        for name, params in parameters.items()
    ])


def get_hparam(config, path):
    """Read a run setting or a group option such as conv.initial_lr."""
    if path in ("batch_size", "num_epochs", "overfit"):
        return config[path]
    parts = path.split(".")
    if len(parts) == 2 and parts[0] in config["param_groups"]:
        group = config["param_groups"][parts[0]]
        field = parts[1]
        if field in group and field != "lr_scheduler":
            return group[field]
        if field in group["lr_scheduler"].config:
            return group["lr_scheduler"].config[field]
    raise ValueError(f"Unknown hyperparameter: {path!r}")


def with_hparam(config, path, value):
    get_hparam(config, path)  # Validate the path before modifying anything.
    updated = copy.deepcopy(config)
    value = value if path == "batch_size" else round_hparam(value)
    if "." not in path:
        updated[path] = value
    else:
        name, field = path.split(".")
        group = updated["param_groups"][name]
        if field in group:
            group[field] = value
        else:
            options = dict(group["lr_scheduler"].config)
            options[field] = value
            group["lr_scheduler"] = scheduler_from_config(options)
    return updated


def tuning_params(config):
    """Read ordered search specs without changing the baseline parameter groups."""
    tuning = config["hparam_tuning"]
    if "params" in tuning and "parameters" in tuning:
        raise ValueError("Specify hparam_tuning.params only, not both params and parameters")
    # Keep the previous list/None format working for existing grid/coordinate configs.
    parameters = tuning.get("params", tuning.get("parameters", {}))
    if not isinstance(parameters, dict) or not parameters:
        raise ValueError("hparam_tuning.params must be a nonempty mapping")
    specs = {}
    for path, spec in parameters.items():
        baseline = get_hparam(config, path)
        if isinstance(spec, dict):
            unknown = spec.keys() - {"initial", "choices", "mult"}
            if unknown:
                raise ValueError(f"{path}: unknown search options {sorted(unknown)}")
            specs[path] = dict(initial=spec.get("initial", baseline), choices=spec.get("choices"),
                               explicit_initial="initial" in spec)
        else:
            specs[path] = dict(initial=baseline, choices=spec, explicit_initial=False)
        if path.endswith(".initial_lr"):
            mult = tuning.get("lr_factor", 0.6)
            if isinstance(spec, dict):
                mult = spec.get("mult", mult)
            if (isinstance(mult, bool) or not isinstance(mult, (int, float))
                    or not isfinite(mult) or not 0 < mult < 1):
                raise ValueError(f"{path}: mult must be a finite number between 0 and 1")
            specs[path]["mult"] = mult
        elif isinstance(spec, dict) and "mult" in spec:
            raise ValueError(f"{path}: mult is only supported for LRs")
    return specs


def lr_grid_index(value, mult):
    """Choose the nearest integer exponent in logarithmic LR space."""
    return round(log(value) / log(mult))


def snap_lr_to_grid(value, mult):
    return round_hparam(mult ** lr_grid_index(value, mult))


def interval_search_space(config):
    """Validate the online search space and snap multiplicative LR starts to its grid."""
    choices, initial = {}, {}
    for path, spec in tuning_params(config).items():
        value, values = round_hparam(spec["initial"]), spec["choices"]
        parts = path.split(".")
        if len(parts) != 2 or parts[1] not in ("initial_lr", "momentum"):
            raise ValueError(f"Interval search supports group.initial_lr or group.momentum: {path}")
        if isinstance(value, bool) or not isinstance(value, (int, float)) or not isfinite(value) or value < 0:
            raise ValueError(f"{path}: initial must be a nonnegative finite number")
        if values is None:
            if parts[1] != "initial_lr" or value <= 0:
                raise ValueError(f"{path}: multiplicative search needs a positive initial LR")
            value = snap_lr_to_grid(value, spec["mult"])
        else:
            if not isinstance(values, list) or not values or any(
                isinstance(v, bool) or not isinstance(v, (int, float))
                or not isfinite(v) or v < 0 for v in values
            ):
                raise ValueError(f"{path}: choices must be nonnegative finite numbers")
            values = sorted(set(values))
            group = config["param_groups"][parts[0]]
            if parts[1] == "momentum" and group["algorithm"] == "sgd" and group["nesterov"]:
                values = [v for v in values if v > 0]
                if spec["explicit_initial"] and value == 0:
                    raise ValueError(f"{path}: SGD Nesterov needs positive initial momentum")
            if not values:
                raise ValueError(f"{path}: no valid choices (Nesterov needs positive momentum)")
            if not spec["explicit_initial"]:
                value = min(values, key=lambda candidate: abs(candidate - value))
        choices[path], initial[path] = values, value
    return choices, initial


def directional_search(initial, choices, score, *, initial_lr_search=False,
                       factor=0.6, factors=None, max_side_steps=20, dropoff_margin=0.02, on_event=None):
    """Snap LR starts to the fixed, unit-anchored grid and probe adjacent exponents."""
    cache = {}

    def emit(event, point, **fields):
        if on_event is not None:
            on_event(event, dict(point), **fields)

    def evaluate_point(point):
        key = tuple(point[path] for path in choices)
        if key not in cache:
            emit("candidate_start", point)
            value = score(dict(point))
            cache[key] = value if isfinite(value) else float("-inf")
            emit("candidate_result", point, score=cache[key])
        return cache[key]

    def neighbors(path, center, direction):
        values = choices[path]
        seen = {center}
        if values is None:
            mult = (factors or {}).get(path, factor)

            def grid_lr(index):
                return round_hparam(1.0 * mult ** index)

            index = lr_grid_index(center, mult)
        for distance in range(1, max_side_steps + 1):
            if values is None:
                value = grid_lr(index - direction * distance)
                if not isfinite(value) or value <= 0:
                    break
            else:
                # An explicit start (e.g. momentum=0.85) need not be in the choices.
                index = (bisect_left(values, center) - distance if direction < 0
                         else bisect_right(values, center) + distance - 1)
                if not 0 <= index < len(values):
                    break
                value = values[index]
            if value not in seen:
                seen.add(value)
                yield value

    current = dict(initial)
    for path, values in choices.items():
        if values is None:
            current[path] = snap_lr_to_grid(current[path], (factors or {}).get(path, factor))
    current_score = evaluate_point(current)
    emit("search_path", current, score=current_score, reason="initial")
    while True:
        changed = False
        for path in choices:
            is_lr = path.endswith(".initial_lr")
            if initial_lr_search and is_lr:
                probes = [(dict(current), current_score)]
                best_score = current_score
                for direction in (1, -1):
                    for value in neighbors(path, current[path], direction):
                        candidate = dict(current, **{path: value})
                        candidate_score = evaluate_point(candidate)
                        probes.append((candidate, candidate_score))
                        if not isfinite(candidate_score) or candidate_score < best_score - dropoff_margin:
                            break
                        best_score = max(best_score, candidate_score)
                acceptable = [(point, value) for point, value in probes
                              if isfinite(value) and value >= best_score - dropoff_margin]
                if acceptable:
                    previous = current
                    current, current_score = max(acceptable, key=lambda item: item[0][path])
                    if current != previous:
                        emit("search_path", current, score=current_score, parameter=path,
                             reason="largest_lr_within_margin")
                continue

            # Smaller values first; stop a direction once it gets worse.
            for direction in (-1, 1):
                best, best_score = current, current_score
                flat_steps = 0
                for value in neighbors(path, current[path], direction):
                    candidate = dict(current, **{path: value})
                    candidate_score = evaluate_point(candidate)
                    if not isfinite(candidate_score) or candidate_score < best_score:
                        break
                    if candidate_score > best_score:
                        best, best_score, flat_steps = candidate, candidate_score, 0
                    else:
                        flat_steps += 1
                        if is_lr and direction < 0 and flat_steps >= 3:
                            break
                if best_score > current_score:
                    current, current_score = best, best_score
                    emit("search_path", current, score=current_score, parameter=path,
                         reason="improved")
                    changed = True
                    break
        if initial_lr_search or not changed:
            return current, current_score


def run_interval_search(run, model, config):
    """Choose each committed interval using replayed main/cooldown training probes.

    seconds includes setup, training probes, evaluation, checkpoint copies and logging.
    Search logs distinguish lookahead scores from committed scores.
    """
    run_start = time.perf_counter()
    config = normalize_config(config)
    tuning = config["hparam_tuning"]
    if tuning["algorithm"] not in ("interval", "interval_linear"):
        raise ValueError(f"Unknown interval algorithm: {tuning['algorithm']!r}")
    linear_decay = tuning["algorithm"] == "interval_linear"
    choices, current = interval_search_space(config)
    factors = {path: spec["mult"] for path, spec in tuning_params(config).items()
               if path.endswith(".initial_lr")}
    interval_steps = 1 if linear_decay else tuning.get("interval_steps", 40)
    cooldown_steps = 0 if linear_decay else tuning.get("cooldown_steps", 40)
    max_side_steps = tuning.get("max_side_steps", 20)
    factor = tuning.get("lr_factor", 0.6)
    margin = tuning.get("initial_dropoff_margin", 0.02)
    metric = tuning.get("metric", "tta_val_acc")
    for name, value, minimum in (("interval_steps", interval_steps, 1),
                                 ("cooldown_steps", cooldown_steps, 0),
                                 ("max_side_steps", max_side_steps, 1),
                                 ("num_epochs", config["num_epochs"], 1)):
        if isinstance(value, bool) or not isinstance(value, int) or value < minimum:
            raise ValueError(f"{name} must be an integer >= {minimum}")
    if not 0 < factor < 1 or not isfinite(margin) or margin < 0:
        raise ValueError("lr_factor must be between 0 and 1; initial_dropoff_margin must be nonnegative")
    if metric not in ("val_acc", "tta_val_acc"):
        raise ValueError(f"Unknown tuning metric: {metric!r}")
    set_training_seed()
    test_loader = CifarLoader("cifar10", train=False, batch_size=2000)
    train_loader = CifarLoader("cifar10", train=True, batch_size=config["batch_size"],
                               aug=dict(flip=True, translate=2))
    if len(train_loader) == 0:
        raise ValueError("batch_size must not exceed the training dataset size")
    steps_per_epoch = 1 if config["overfit"] else len(train_loader)
    total_steps = config["num_epochs"] * steps_per_epoch
    if linear_decay:
        interval_steps = total_steps
    # Log effective settings, including the single full-run interval in linear mode.
    tuning.update(interval_steps=interval_steps, cooldown_steps=cooldown_steps,
                  max_side_steps=max_side_steps, lr_factor=factor, metric=metric)
    if linear_decay:
        tuning.pop("initial_dropoff_margin", None)
    else:
        tuning["initial_dropoff_margin"] = margin
    log_config(run, config, label="base_config")
    base_schedules = configured_hparam_schedules(config["param_groups"], steps_per_epoch,
                                                total_steps)
    committed_schedules = {path: [] if path in choices else copy.deepcopy(lines)
                           for path, lines in base_schedules.items()}
    optimizer = make_optimizer(model, config["param_groups"], steps_per_epoch)
    model.reset()
    fixed_batch = next(iter(train_loader)) if config["overfit"] else None
    model.init_whiten(fixed_batch[0] if fixed_batch is not None
                      else train_loader.normalized_images()[:5000])
    stream = TrainingBatchStream(train_loader, fixed_batch)
    device = next(model.parameters()).device
    completed = 0
    history = []
    cooldown_values = {}
    last_train_loss = None
    committed_losses = []

    def snapshot():
        return dict(model=copy.deepcopy(model.state_dict()),
                    optimizer=copy.deepcopy(optimizer.state_dict()),
                    stream=stream.state_dict(), rng=torch.random.get_rng_state(),
                    cuda_rng=torch.cuda.get_rng_state_all() if device.type == "cuda" else None)

    def restore(state):
        model.load_state_dict(state["model"])
        # load_state_dict may reuse momentum tensors: each trial needs its own copy
        # so optimizer.step() cannot mutate the saved main/cooldown checkpoint.
        optimizer.load_state_dict(copy.deepcopy(state["optimizer"]))
        optimizer.zero_grad(set_to_none=True)
        stream.load_state_dict(state["stream"])
        torch.random.set_rng_state(state["rng"])
        if state["cuda_rng"] is not None:
            torch.cuda.set_rng_state_all(state["cuda_rng"])

    def train_segment(values, steps, start_step, commit=False):
        nonlocal completed, last_train_loss
        schedules = segment_hparam_schedules(base_schedules, values, start_step, steps,
                                             linear_decay=linear_decay)
        valid = True
        model.train()
        for local_step in range(steps):
            apply_hparam_schedules(optimizer, schedules, start_step + local_step)
            inputs, labels = stream.next_batch()
            loss = F.cross_entropy(model(inputs), labels, label_smoothing=0.2)
            last_train_loss = loss.item()
            if not isfinite(last_train_loss):
                valid = False
                break
            loss.backward()
            optimizer.step()
            optimizer.zero_grad(set_to_none=True)
            if commit:
                completed += 1
                committed_losses.append((completed, last_train_loss))
        return valid

    def score():
        return evaluate(model, test_loader, tta_level=2 if metric == "tta_val_acc" else 0)

    def search(values, space, evaluate_point, phase="main", initial=False,
               main_values=None, cooldown=None):
        log_event("search", run=run, interval=len(history), phase=phase, metric=metric)
        if main_values is not None:
            print(f"main hparams: {hparam_text(main_values)}", flush=True)
        if cooldown is not None:
            print(f"cooldown hparams: {hparam_text(cooldown)}", flush=True)
        search_path = []

        def on_event(event, point, **fields):
            if event == "candidate_result":
                value = format_log_value(fields["score"])
                if phase == "cooldown":
                    print(f"{hparam_text(point)} -> {metric}={value}", flush=True)
                else:
                    score_name = "main" if cooldown is None else "best_cooldown"
                    print(f"main hparams: {hparam_text(point)} {score_name}={value}", flush=True)
            elif event == "search_path":
                search_path.append((point, fields["score"]))

        best, best_score = directional_search(
            values, space, evaluate_point, initial_lr_search=initial,
            factor=factor, factors=factors, max_side_steps=max_side_steps, dropoff_margin=margin,
            on_event=on_event)
        for step, (point, value) in enumerate(search_path):
            print(f"search_path step={step} {hparam_text(point)} "
                  f"{metric}={format_log_value(value)}", flush=True)
        return best, best_score

    while completed < total_steps:
        start_step = completed
        main_steps = min(interval_steps, total_steps - completed)
        lookahead_steps = min(cooldown_steps, total_steps - completed - main_steps)
        start_state = snapshot()

        def main_score(values, cooldown=None):
            restore(start_state)
            if not train_segment(values, main_steps, start_step):
                return float("-inf")
            if cooldown is not None and lookahead_steps:
                if not train_segment(dict(values, **cooldown), lookahead_steps, start_step + main_steps):
                    return float("-inf")
            return score()

        if start_step == 0 or not lookahead_steps:
            current, selected_score = search(current, choices, main_score,
                                             initial=start_step == 0 and not linear_decay)
        else:
            current, selected_score = search(current, {}, main_score, phase="baseline")
        selected_cooldown = None
        while lookahead_steps:
            restore(start_state)
            if not train_segment(current, main_steps, start_step):
                break
            cooldown_start = snapshot()
            cooldown_choices = {path: values for path, values in choices.items()
                                if path.endswith(".initial_lr")}
            seed = {path: cooldown_values.get(path, current[path]) for path in cooldown_choices}

            def cooldown_score(values):
                restore(cooldown_start)
                if not train_segment(dict(current, **values), lookahead_steps, start_step + main_steps):
                    return float("-inf")
                return score()

            candidate_cooldown, candidate_score = search(
                seed, cooldown_choices, cooldown_score, phase="cooldown", main_values=current)
            if candidate_score <= selected_score:
                break
            cooldown_values = selected_cooldown = candidate_cooldown
            selected_score = candidate_score
            candidate, candidate_score = search(
                current, choices, lambda values: main_score(values, selected_cooldown),
                cooldown=selected_cooldown)
            if candidate_score <= selected_score:
                break
            current, selected_score = candidate, candidate_score

        if not isfinite(selected_score):
            raise RuntimeError(f"No finite candidate found at training step {start_step}")
        log_event("train_hparams", run=run, interval=len(history), start_step=start_step,
                  completed_steps=main_steps, total_steps=total_steps, **current)
        selected_schedules = segment_hparam_schedules(
            base_schedules, current, start_step, main_steps, linear_decay=linear_decay)
        log_event("train_schedules", run=run, interval=len(history))
        for path, lines in selected_schedules.items():
            print(f"  {path}: {json.dumps(lines)}", flush=True)
        committed_losses.clear()
        restore(start_state)
        if not train_segment(current, main_steps, start_step, commit=True):
            raise RuntimeError(f"Selected training interval diverged at step {start_step}")
        for step, loss in committed_losses:
            log_event("train_loss", run=run, interval=len(history), step=step, loss=loss)
        committed_score = score()
        log_event("interval_boundary_eval", run=run, interval=len(history),
                  step=completed, total_steps=total_steps, **{metric: committed_score})
        history.append(dict(start_step=start_step, steps=main_steps,
                            main_hparams=dict(current), cooldown_hparams=selected_cooldown,
                            cooldown_steps=lookahead_steps, score=selected_score,
                            hparam_schedules=selected_schedules))
        for path in committed_schedules:
            if path in choices:
                committed_schedules[path].extend(selected_schedules[path])

    val_acc = evaluate(model, test_loader, tta_level=0)
    tta_val_acc = evaluate(model, test_loader, tta_level=2)
    if device.type == "cuda":
        torch.cuda.synchronize(device)
    seconds = time.perf_counter() - run_start
    log_final_eval(val_acc, tta_val_acc, seconds)
    return dict(val_acc=val_acc, tta_val_acc=tta_val_acc, seconds=seconds,
                batch_size=config["batch_size"], num_epochs=config["num_epochs"],
                overfit=config["overfit"], intervals=history, hparam_schedules=committed_schedules,
                **{f"{group['name']}_lr": group["lr"] for group in optimizer.param_groups})


def run_experiment(run, model, config):
    """Run one config or a search; return its best config, result, and trials."""
    config = normalize_config(config)
    tuning = config.get("hparam_tuning")
    if tuning is not None and tuning.get("algorithm") in ("interval", "interval_linear"):
        result = run_interval_search(run, model, config)
        return dict(best_config=config, best_result=result,
                    trials=[dict(run=run, config=config, result=result)])
    trials = []
    cache = {}
    metric = "tta_val_acc" if tuning is None else tuning.get("metric", "tta_val_acc")
    if metric not in ("val_acc", "tta_val_acc"):
        raise ValueError(f"Unknown tuning metric: {metric!r}")

    def evaluate_config(candidate):
        key = json.dumps(candidate, sort_keys=True, default=lambda schedule: schedule.config)
        if key not in cache:
            trial_run = run if tuning is None else f"{run}.{len(trials)}"
            if tuning is not None:
                log_config_diff(trial_run, run, config, candidate)
            result = main(trial_run, model, **candidate, _log_config=tuning is None)
            if not isfinite(result[metric]):
                raise ValueError(f"Run {trial_run}: {metric} must be finite")
            trial = dict(run=trial_run, config=candidate, result=result)
            trials.append(trial)
            cache[key] = trial
        return cache[key]

    if tuning is None:
        best = evaluate_config(config)
    else:
        algorithm = tuning["algorithm"]
        if algorithm not in ("grid", "coordinate"):
            raise ValueError(f"Unknown tuning algorithm: {algorithm!r}")
        parameters = tuning_params(config)
        choices = {}
        for path, spec in parameters.items():
            values = spec["choices"]
            if not isinstance(values, (list, tuple)) or not values:
                raise ValueError(f"{path}: choices must be a nonempty list")
            # Values that coincide after rounding represent the same candidate.
            choices[path] = list(dict.fromkeys(values))

        log_config(run, config, label="base_config")
        if algorithm == "grid":
            best = None
            for values in product(*choices.values()):
                candidate = config
                for path, value in zip(choices, values):
                    candidate = with_hparam(candidate, path, value)
                trial = evaluate_config(candidate)
                if best is None or trial["result"][metric] > best["result"][metric]:
                    best = trial
        else:
            # Start inside the search space, preferring the configured values.
            current = config
            for path, values in choices.items():
                spec = parameters[path]
                value = spec["initial"]
                if not spec["explicit_initial"] and value not in values:
                    value = values[0]
                current = with_hparam(current, path, value)
            best = evaluate_config(current)
            locked = set()
            while len(locked) < len(choices):
                for path, values in choices.items():
                    if path in locked:
                        continue
                    previous_value = get_hparam(best["config"], path)
                    candidate_best = best
                    for value in values:
                        candidate = with_hparam(best["config"], path, value)
                        trial = evaluate_config(candidate)
                        # Keeping the incumbent on ties prevents cycling.
                        if trial["result"][metric] > candidate_best["result"][metric]:
                            candidate_best = trial
                    best = candidate_best
                    if get_hparam(best["config"], path) != previous_value:
                        locked.clear()
                    locked.add(path)

        log_event("search_best", run=run, trial=best["run"], **{metric: best["result"][metric]})
        log_changes("changes", flatten_config(config), flatten_config(best["config"]))

    return dict(best_config=best["config"], best_result=best["result"], trials=trials)


def main(run, model, batch_size, param_groups, num_epochs=8, overfit=False,
         hparam_tuning=None, _log_config=True):
    run_start = time.perf_counter()
    config = normalize_config(dict(
        batch_size=batch_size,
        num_epochs=num_epochs,
        overfit=overfit,
        param_groups=param_groups,
        hparam_tuning=hparam_tuning,
    ))
    batch_size = config["batch_size"]
    num_epochs = config["num_epochs"]
    param_groups = config["param_groups"]
    if not isinstance(num_epochs, int) or num_epochs <= 0:
        raise ValueError("num_epochs must be a positive integer")
    if _log_config:
        log_config(run, config)
    set_training_seed()

    test_loader = CifarLoader("cifar10", train=False, batch_size=2000)
    train_loader = CifarLoader(
        "cifar10", train=True, batch_size=batch_size, aug=dict(flip=True, translate=2)
    )
    if run == "warmup":
        # The only purpose of the first run is to warmup the compiled model, so we can use dummy data
        train_loader.labels = torch.randint(
            0, 10, size=(len(train_loader.labels),), device=train_loader.labels.device
        )
    steps_per_epoch = 1 if overfit else len(train_loader)
    total_train_steps = num_epochs * steps_per_epoch
    schedules = configured_hparam_schedules(param_groups, steps_per_epoch, total_train_steps)
    initial_lrs = {
        name: round_hparam(config["lr_scheduler"](0, steps_per_epoch))
        for name, config in param_groups.items()
    }

    optimizer = make_optimizer(model, param_groups, steps_per_epoch)

    model.reset()
    step = 0

    # Initialize the whitening layer using training images
    if overfit:
        # Cache the first augmented batch once and reuse exactly these tensors.
        train_batches = (next(iter(train_loader)),)
        train_images = train_batches[0][0]
    else:
        train_batches = train_loader
        train_images = train_loader.normalized_images()[:5000]
    model.init_whiten(train_images)

    device = next(model.parameters()).device
    for epoch in range(num_epochs):
        ####################
        #     Training     #
        ####################

        model.train()
        for inputs, labels in train_batches:
            outputs = model(inputs)
            loss = F.cross_entropy(
                outputs, labels, label_smoothing=0.2, reduction="mean"
            )
            loss.backward()
            apply_hparam_schedules(optimizer, schedules, step)
            optimizer.step()
            optimizer.zero_grad(set_to_none=True)
            step += 1
            if step >= total_train_steps:
                break

        ####################
        #    Evaluation    #
        ####################

        val_acc = evaluate(model, test_loader, tta_level=0)

    ####################
    #  TTA Evaluation  #
    ####################

    tta_val_acc = evaluate(model, test_loader, tta_level=2)
    if device.type == "cuda":
        torch.cuda.synchronize(device)
    seconds = time.perf_counter() - run_start
    log_final_eval(val_acc, tta_val_acc, seconds)

    return dict(
        val_acc=val_acc,
        tta_val_acc=tta_val_acc,
        seconds=seconds,
        batch_size=batch_size,
        num_epochs=num_epochs,
        overfit=overfit,
        **{f"{name}_lr": lr for name, lr in initial_lrs.items()},
    )


if __name__ == "__main__":
    # We re-use the compiled model between runs to save the non-data-dependent compilation time
    set_training_seed()
    model = CifarNet().cuda().to(memory_format=torch.channels_last)
    # model.compile(mode="max-autotune")

    # main("warmup", model, **RUN_CONFIGS[0])
    for run, config in enumerate(RUN_CONFIGS):
        run_experiment(run, model, config)


# Run output

base_config run=0
{
  "batch_size": 125,
  "num_epochs": 8,
  "overfit": false,
  "hparam_tuning": {
    "algorithm": "interval_linear",
    "metric": "tta_val_acc",
    "params": {"conv.initial_lr": {"initial": 0.04, "choices": null, "mult": 0.6}, "conv.momentum": {"initial": 0.6, "choices": [0.0, 0.1, 0.2, 0.3, 0.4, 0.5, 0.6, 0.7, 0.8, 0.9, 0.95, 0.99]}, "head.initial_lr": {"initial": 84, "choices": null, "mult": 0.6}, "head.momentum": {"initial": 0.85, "choices": [0.1, 0.2, 0.3, 0.4, 0.5, 0.6, 0.7, 0.8, 0.9, 0.95, 0.99]}, "norm_bias.initial_lr": {"initial": 6.5, "choices": null, "mult": 0.6}, "norm_bias.momentum": {"initial": 0.85, "choices": [0.1, 0.2, 0.3, 0.4, 0.5, 0.6, 0.7, 0.8, 0.9, 0.95, 0.99]}},
    "interval_steps": 3200,
    "cooldown_steps": 0,
    "max_side_steps": 20,
    "lr_factor": 0.6
  },
  "param_groups": {
    "whiten_weight": {"algorithm": "sgd", "lr_scheduler": {"type": "constant", "initial_lr": 0.0}, "momentum": 0.85, "nesterov": true},
    "norm_weight": {"algorithm": "sgd", "lr_scheduler": {"type": "constant", "initial_lr": 0.0}, "momentum": 0.85, "nesterov": true},
    "whiten_bias": {"algorithm": "sgd", "lr_scheduler": {"type": "linear", "initial_lr": 6.5, "decay_epochs": 3}, "momentum": 0.85, "nesterov": true},
    "norm_bias": {"algorithm": "sgd", "lr_scheduler": {"type": "linear", "initial_lr": 6.5, "decay_epochs": 8}, "momentum": 0.85, "nesterov": true},
    "head": {"algorithm": "sgd", "lr_scheduler": {"type": "linear", "initial_lr": 84, "decay_epochs": 8}, "momentum": 0.85, "nesterov": true},
    "conv": {"algorithm": "muon", "lr_scheduler": {"type": "linear", "initial_lr": 0.04, "decay_epochs": 8}, "momentum": 0.6, "nesterov": true}
  }
}
search run=0 interval=0 phase=main metric=tta_val_acc
main hparams: conv.initial_lr=0.047 conv.momentum=0.6 head.initial_lr=99 head.momentum=0.85 norm_bias.initial_lr=7.7 norm_bias.momentum=0.85 main=0.941
main hparams: conv.initial_lr=0.028 conv.momentum=0.6 head.initial_lr=99 head.momentum=0.85 norm_bias.initial_lr=7.7 norm_bias.momentum=0.85 main=0.9352
main hparams: conv.initial_lr=0.078 conv.momentum=0.6 head.initial_lr=99 head.momentum=0.85 norm_bias.initial_lr=7.7 norm_bias.momentum=0.85 main=0.9385
main hparams: conv.initial_lr=0.047 conv.momentum=0.5 head.initial_lr=99 head.momentum=0.85 norm_bias.initial_lr=7.7 norm_bias.momentum=0.85 main=0.9372
main hparams: conv.initial_lr=0.047 conv.momentum=0.7 head.initial_lr=99 head.momentum=0.85 norm_bias.initial_lr=7.7 norm_bias.momentum=0.85 main=0.9385
main hparams: conv.initial_lr=0.047 conv.momentum=0.6 head.initial_lr=60 head.momentum=0.85 norm_bias.initial_lr=7.7 norm_bias.momentum=0.85 main=0.9372
main hparams: conv.initial_lr=0.047 conv.momentum=0.6 head.initial_lr=170 head.momentum=0.85 norm_bias.initial_lr=7.7 norm_bias.momentum=0.85 main=0.9404
main hparams: conv.initial_lr=0.047 conv.momentum=0.6 head.initial_lr=99 head.momentum=0.8 norm_bias.initial_lr=7.7 norm_bias.momentum=0.85 main=0.9385
main hparams: conv.initial_lr=0.047 conv.momentum=0.6 head.initial_lr=99 head.momentum=0.9 norm_bias.initial_lr=7.7 norm_bias.momentum=0.85 main=0.9368
main hparams: conv.initial_lr=0.047 conv.momentum=0.6 head.initial_lr=99 head.momentum=0.85 norm_bias.initial_lr=4.6 norm_bias.momentum=0.85 main=0.9398
main hparams: conv.initial_lr=0.047 conv.momentum=0.6 head.initial_lr=99 head.momentum=0.85 norm_bias.initial_lr=13 norm_bias.momentum=0.85 main=0.9407
main hparams: conv.initial_lr=0.047 conv.momentum=0.6 head.initial_lr=99 head.momentum=0.85 norm_bias.initial_lr=7.7 norm_bias.momentum=0.8 main=0.9411
main hparams: conv.initial_lr=0.047 conv.momentum=0.6 head.initial_lr=99 head.momentum=0.85 norm_bias.initial_lr=7.7 norm_bias.momentum=0.7 main=0.9404
main hparams: conv.initial_lr=0.028 conv.momentum=0.6 head.initial_lr=99 head.momentum=0.85 norm_bias.initial_lr=7.7 norm_bias.momentum=0.8 main=0.9343
main hparams: conv.initial_lr=0.078 conv.momentum=0.6 head.initial_lr=99 head.momentum=0.85 norm_bias.initial_lr=7.7 norm_bias.momentum=0.8 main=0.938
main hparams: conv.initial_lr=0.047 conv.momentum=0.5 head.initial_lr=99 head.momentum=0.85 norm_bias.initial_lr=7.7 norm_bias.momentum=0.8 main=0.9392
main hparams: conv.initial_lr=0.047 conv.momentum=0.7 head.initial_lr=99 head.momentum=0.85 norm_bias.initial_lr=7.7 norm_bias.momentum=0.8 main=0.9431
main hparams: conv.initial_lr=0.047 conv.momentum=0.8 head.initial_lr=99 head.momentum=0.85 norm_bias.initial_lr=7.7 norm_bias.momentum=0.8 main=0.9394
main hparams: conv.initial_lr=0.047 conv.momentum=0.7 head.initial_lr=60 head.momentum=0.85 norm_bias.initial_lr=7.7 norm_bias.momentum=0.8 main=0.9397
main hparams: conv.initial_lr=0.047 conv.momentum=0.7 head.initial_lr=170 head.momentum=0.85 norm_bias.initial_lr=7.7 norm_bias.momentum=0.8 main=0.9395
main hparams: conv.initial_lr=0.047 conv.momentum=0.7 head.initial_lr=99 head.momentum=0.8 norm_bias.initial_lr=7.7 norm_bias.momentum=0.8 main=0.9373
main hparams: conv.initial_lr=0.047 conv.momentum=0.7 head.initial_lr=99 head.momentum=0.9 norm_bias.initial_lr=7.7 norm_bias.momentum=0.8 main=0.9378
main hparams: conv.initial_lr=0.047 conv.momentum=0.7 head.initial_lr=99 head.momentum=0.85 norm_bias.initial_lr=4.6 norm_bias.momentum=0.8 main=0.9396
main hparams: conv.initial_lr=0.047 conv.momentum=0.7 head.initial_lr=99 head.momentum=0.85 norm_bias.initial_lr=13 norm_bias.momentum=0.8 main=0.9437
main hparams: conv.initial_lr=0.047 conv.momentum=0.7 head.initial_lr=99 head.momentum=0.85 norm_bias.initial_lr=21 norm_bias.momentum=0.8 main=0.9395
main hparams: conv.initial_lr=0.047 conv.momentum=0.7 head.initial_lr=99 head.momentum=0.85 norm_bias.initial_lr=13 norm_bias.momentum=0.7 main=0.94
main hparams: conv.initial_lr=0.047 conv.momentum=0.7 head.initial_lr=99 head.momentum=0.85 norm_bias.initial_lr=13 norm_bias.momentum=0.9 main=0.9382
main hparams: conv.initial_lr=0.028 conv.momentum=0.7 head.initial_lr=99 head.momentum=0.85 norm_bias.initial_lr=13 norm_bias.momentum=0.8 main=0.9382
main hparams: conv.initial_lr=0.078 conv.momentum=0.7 head.initial_lr=99 head.momentum=0.85 norm_bias.initial_lr=13 norm_bias.momentum=0.8 main=0.9369
main hparams: conv.initial_lr=0.047 conv.momentum=0.6 head.initial_lr=99 head.momentum=0.85 norm_bias.initial_lr=13 norm_bias.momentum=0.8 main=0.9398
main hparams: conv.initial_lr=0.047 conv.momentum=0.8 head.initial_lr=99 head.momentum=0.85 norm_bias.initial_lr=13 norm_bias.momentum=0.8 main=0.9377
main hparams: conv.initial_lr=0.047 conv.momentum=0.7 head.initial_lr=60 head.momentum=0.85 norm_bias.initial_lr=13 norm_bias.momentum=0.8 main=0.9423
main hparams: conv.initial_lr=0.047 conv.momentum=0.7 head.initial_lr=170 head.momentum=0.85 norm_bias.initial_lr=13 norm_bias.momentum=0.8 main=0.9387
main hparams: conv.initial_lr=0.047 conv.momentum=0.7 head.initial_lr=99 head.momentum=0.8 norm_bias.initial_lr=13 norm_bias.momentum=0.8 main=0.9412
main hparams: conv.initial_lr=0.047 conv.momentum=0.7 head.initial_lr=99 head.momentum=0.9 norm_bias.initial_lr=13 norm_bias.momentum=0.8 main=0.939
search_path step=0 conv.initial_lr=0.047 conv.momentum=0.6 head.initial_lr=99 head.momentum=0.85 norm_bias.initial_lr=7.7 norm_bias.momentum=0.85 tta_val_acc=0.941
search_path step=1 conv.initial_lr=0.047 conv.momentum=0.6 head.initial_lr=99 head.momentum=0.85 norm_bias.initial_lr=7.7 norm_bias.momentum=0.8 tta_val_acc=0.9411
search_path step=2 conv.initial_lr=0.047 conv.momentum=0.7 head.initial_lr=99 head.momentum=0.85 norm_bias.initial_lr=7.7 norm_bias.momentum=0.8 tta_val_acc=0.9431
search_path step=3 conv.initial_lr=0.047 conv.momentum=0.7 head.initial_lr=99 head.momentum=0.85 norm_bias.initial_lr=13 norm_bias.momentum=0.8 tta_val_acc=0.9437
train_hparams run=0 interval=0 start_step=0 completed_steps=3200 total_steps=3200 conv.initial_lr=0.047 conv.momentum=0.7 head.initial_lr=99 head.momentum=0.85 norm_bias.initial_lr=13 norm_bias.momentum=0.8
train_schedules run=0 interval=0
  whiten_weight.initial_lr: [{"start_step": 0, "end_step": 3199, "start": 0.0, "end": 0.0}]
  whiten_weight.momentum: [{"start_step": 0, "end_step": 3199, "start": 0.85, "end": 0.85}]
  norm_weight.initial_lr: [{"start_step": 0, "end_step": 3199, "start": 0.0, "end": 0.0}]
  norm_weight.momentum: [{"start_step": 0, "end_step": 3199, "start": 0.85, "end": 0.85}]
  whiten_bias.initial_lr: [{"start_step": 0, "end_step": 1200, "start": 6.5, "end": 0.0}, {"start_step": 1200, "end_step": 3199, "start": 0.0, "end": 0.0}]
  whiten_bias.momentum: [{"start_step": 0, "end_step": 3199, "start": 0.85, "end": 0.85}]
  norm_bias.initial_lr: [{"start_step": 0, "end_step": 3199, "start": 13.0, "end": 0.0}]
  norm_bias.momentum: [{"start_step": 0, "end_step": 3199, "start": 0.8, "end": 0.8}]
  head.initial_lr: [{"start_step": 0, "end_step": 3199, "start": 99.0, "end": 0.0}]
  head.momentum: [{"start_step": 0, "end_step": 3199, "start": 0.85, "end": 0.85}]
  conv.initial_lr: [{"start_step": 0, "end_step": 3199, "start": 0.047, "end": 0.0}]
  conv.momentum: [{"start_step": 0, "end_step": 3199, "start": 0.7, "end": 0.7}]
train_loss run=0 interval=0 step=1 loss=2.29908
train_loss run=0 interval=0 step=2 loss=2.29238
train_loss run=0 interval=0 step=3 loss=2.26978
train_loss run=0 interval=0 step=4 loss=2.25984
train_loss run=0 interval=0 step=5 loss=2.20852
train_loss run=0 interval=0 step=6 loss=2.20046
train_loss run=0 interval=0 step=7 loss=2.17815
train_loss run=0 interval=0 step=8 loss=2.12201
train_loss run=0 interval=0 step=9 loss=2.09551
train_loss run=0 interval=0 step=10 loss=2.06625
train_loss run=0 interval=0 step=11 loss=2.08316
train_loss run=0 interval=0 step=12 loss=2.03043
train_loss run=0 interval=0 step=13 loss=1.99153
train_loss run=0 interval=0 step=14 loss=2.03811
train_loss run=0 interval=0 step=15 loss=2.00397
train_loss run=0 interval=0 step=16 loss=1.97083
train_loss run=0 interval=0 step=17 loss=1.95072
train_loss run=0 interval=0 step=18 loss=1.83911
train_loss run=0 interval=0 step=19 loss=1.90237
train_loss run=0 interval=0 step=20 loss=1.86866
train_loss run=0 interval=0 step=21 loss=1.89584
train_loss run=0 interval=0 step=22 loss=1.8609
train_loss run=0 interval=0 step=23 loss=1.83088
train_loss run=0 interval=0 step=24 loss=1.80048
train_loss run=0 interval=0 step=25 loss=1.82333
train_loss run=0 interval=0 step=26 loss=1.74453
train_loss run=0 interval=0 step=27 loss=1.78096
train_loss run=0 interval=0 step=28 loss=1.68817
train_loss run=0 interval=0 step=29 loss=1.75336
train_loss run=0 interval=0 step=30 loss=1.7664
train_loss run=0 interval=0 step=31 loss=1.75944
train_loss run=0 interval=0 step=32 loss=1.71475
train_loss run=0 interval=0 step=33 loss=1.74104
train_loss run=0 interval=0 step=34 loss=1.69476
train_loss run=0 interval=0 step=35 loss=1.6965
train_loss run=0 interval=0 step=36 loss=1.63388
train_loss run=0 interval=0 step=37 loss=1.68414
train_loss run=0 interval=0 step=38 loss=1.58539
train_loss run=0 interval=0 step=39 loss=1.5903
train_loss run=0 interval=0 step=40 loss=1.59279
train_loss run=0 interval=0 step=41 loss=1.71096
train_loss run=0 interval=0 step=42 loss=1.66381
train_loss run=0 interval=0 step=43 loss=1.72246
train_loss run=0 interval=0 step=44 loss=1.67908
train_loss run=0 interval=0 step=45 loss=1.67416
train_loss run=0 interval=0 step=46 loss=1.57379
train_loss run=0 interval=0 step=47 loss=1.59482
train_loss run=0 interval=0 step=48 loss=1.56713
train_loss run=0 interval=0 step=49 loss=1.54507
train_loss run=0 interval=0 step=50 loss=1.53619
train_loss run=0 interval=0 step=51 loss=1.66952
train_loss run=0 interval=0 step=52 loss=1.55509
train_loss run=0 interval=0 step=53 loss=1.52883
train_loss run=0 interval=0 step=54 loss=1.62731
train_loss run=0 interval=0 step=55 loss=1.55337
train_loss run=0 interval=0 step=56 loss=1.60054
train_loss run=0 interval=0 step=57 loss=1.461
train_loss run=0 interval=0 step=58 loss=1.5335
train_loss run=0 interval=0 step=59 loss=1.4603
train_loss run=0 interval=0 step=60 loss=1.50055
train_loss run=0 interval=0 step=61 loss=1.51843
train_loss run=0 interval=0 step=62 loss=1.58025
train_loss run=0 interval=0 step=63 loss=1.57571
train_loss run=0 interval=0 step=64 loss=1.55202
train_loss run=0 interval=0 step=65 loss=1.41913
train_loss run=0 interval=0 step=66 loss=1.51504
train_loss run=0 interval=0 step=67 loss=1.45286
train_loss run=0 interval=0 step=68 loss=1.48525
train_loss run=0 interval=0 step=69 loss=1.60707
train_loss run=0 interval=0 step=70 loss=1.49503
train_loss run=0 interval=0 step=71 loss=1.40486
train_loss run=0 interval=0 step=72 loss=1.53062
train_loss run=0 interval=0 step=73 loss=1.44768
train_loss run=0 interval=0 step=74 loss=1.5399
train_loss run=0 interval=0 step=75 loss=1.55048
train_loss run=0 interval=0 step=76 loss=1.58201
train_loss run=0 interval=0 step=77 loss=1.45221
train_loss run=0 interval=0 step=78 loss=1.40091
train_loss run=0 interval=0 step=79 loss=1.4204
train_loss run=0 interval=0 step=80 loss=1.47809
train_loss run=0 interval=0 step=81 loss=1.45478
train_loss run=0 interval=0 step=82 loss=1.50081
train_loss run=0 interval=0 step=83 loss=1.40508
train_loss run=0 interval=0 step=84 loss=1.47451
train_loss run=0 interval=0 step=85 loss=1.52447
train_loss run=0 interval=0 step=86 loss=1.46445
train_loss run=0 interval=0 step=87 loss=1.4823
train_loss run=0 interval=0 step=88 loss=1.48278
train_loss run=0 interval=0 step=89 loss=1.40344
train_loss run=0 interval=0 step=90 loss=1.45704
train_loss run=0 interval=0 step=91 loss=1.47611
train_loss run=0 interval=0 step=92 loss=1.33006
train_loss run=0 interval=0 step=93 loss=1.53106
train_loss run=0 interval=0 step=94 loss=1.36159
train_loss run=0 interval=0 step=95 loss=1.49021
train_loss run=0 interval=0 step=96 loss=1.60059
train_loss run=0 interval=0 step=97 loss=1.36849
train_loss run=0 interval=0 step=98 loss=1.38469
train_loss run=0 interval=0 step=99 loss=1.50234
train_loss run=0 interval=0 step=100 loss=1.48834
train_loss run=0 interval=0 step=101 loss=1.37722
train_loss run=0 interval=0 step=102 loss=1.45069
train_loss run=0 interval=0 step=103 loss=1.48305
train_loss run=0 interval=0 step=104 loss=1.42147
train_loss run=0 interval=0 step=105 loss=1.39787
train_loss run=0 interval=0 step=106 loss=1.43437
train_loss run=0 interval=0 step=107 loss=1.45975
train_loss run=0 interval=0 step=108 loss=1.41924
train_loss run=0 interval=0 step=109 loss=1.42865
train_loss run=0 interval=0 step=110 loss=1.38334
train_loss run=0 interval=0 step=111 loss=1.46608
train_loss run=0 interval=0 step=112 loss=1.38923
train_loss run=0 interval=0 step=113 loss=1.30968
train_loss run=0 interval=0 step=114 loss=1.36241
train_loss run=0 interval=0 step=115 loss=1.35462
train_loss run=0 interval=0 step=116 loss=1.42676
train_loss run=0 interval=0 step=117 loss=1.35899
train_loss run=0 interval=0 step=118 loss=1.35253
train_loss run=0 interval=0 step=119 loss=1.33275
train_loss run=0 interval=0 step=120 loss=1.40077
train_loss run=0 interval=0 step=121 loss=1.39498
train_loss run=0 interval=0 step=122 loss=1.41325
train_loss run=0 interval=0 step=123 loss=1.37809
train_loss run=0 interval=0 step=124 loss=1.36293
train_loss run=0 interval=0 step=125 loss=1.32654
train_loss run=0 interval=0 step=126 loss=1.46919
train_loss run=0 interval=0 step=127 loss=1.43746
train_loss run=0 interval=0 step=128 loss=1.40125
train_loss run=0 interval=0 step=129 loss=1.44179
train_loss run=0 interval=0 step=130 loss=1.41891
train_loss run=0 interval=0 step=131 loss=1.28648
train_loss run=0 interval=0 step=132 loss=1.39141
train_loss run=0 interval=0 step=133 loss=1.37896
train_loss run=0 interval=0 step=134 loss=1.3765
train_loss run=0 interval=0 step=135 loss=1.38913
train_loss run=0 interval=0 step=136 loss=1.30726
train_loss run=0 interval=0 step=137 loss=1.29447
train_loss run=0 interval=0 step=138 loss=1.36036
train_loss run=0 interval=0 step=139 loss=1.33537
train_loss run=0 interval=0 step=140 loss=1.34692
train_loss run=0 interval=0 step=141 loss=1.30004
train_loss run=0 interval=0 step=142 loss=1.37869
train_loss run=0 interval=0 step=143 loss=1.35906
train_loss run=0 interval=0 step=144 loss=1.37037
train_loss run=0 interval=0 step=145 loss=1.29061
train_loss run=0 interval=0 step=146 loss=1.29675
train_loss run=0 interval=0 step=147 loss=1.34071
train_loss run=0 interval=0 step=148 loss=1.30472
train_loss run=0 interval=0 step=149 loss=1.27025
train_loss run=0 interval=0 step=150 loss=1.41904
train_loss run=0 interval=0 step=151 loss=1.27674
train_loss run=0 interval=0 step=152 loss=1.25359
train_loss run=0 interval=0 step=153 loss=1.4051
train_loss run=0 interval=0 step=154 loss=1.46581
train_loss run=0 interval=0 step=155 loss=1.30298
train_loss run=0 interval=0 step=156 loss=1.38422
train_loss run=0 interval=0 step=157 loss=1.3959
train_loss run=0 interval=0 step=158 loss=1.27618
train_loss run=0 interval=0 step=159 loss=1.32587
train_loss run=0 interval=0 step=160 loss=1.38456
train_loss run=0 interval=0 step=161 loss=1.37148
train_loss run=0 interval=0 step=162 loss=1.27105
train_loss run=0 interval=0 step=163 loss=1.33096
train_loss run=0 interval=0 step=164 loss=1.38964
train_loss run=0 interval=0 step=165 loss=1.32981
train_loss run=0 interval=0 step=166 loss=1.36076
train_loss run=0 interval=0 step=167 loss=1.32094
train_loss run=0 interval=0 step=168 loss=1.34489
train_loss run=0 interval=0 step=169 loss=1.3128
train_loss run=0 interval=0 step=170 loss=1.29293
train_loss run=0 interval=0 step=171 loss=1.33488
train_loss run=0 interval=0 step=172 loss=1.36785
train_loss run=0 interval=0 step=173 loss=1.32544
train_loss run=0 interval=0 step=174 loss=1.36819
train_loss run=0 interval=0 step=175 loss=1.34529
train_loss run=0 interval=0 step=176 loss=1.36448
train_loss run=0 interval=0 step=177 loss=1.33733
train_loss run=0 interval=0 step=178 loss=1.28361
train_loss run=0 interval=0 step=179 loss=1.33475
train_loss run=0 interval=0 step=180 loss=1.3374
train_loss run=0 interval=0 step=181 loss=1.35388
train_loss run=0 interval=0 step=182 loss=1.33484
train_loss run=0 interval=0 step=183 loss=1.27466
train_loss run=0 interval=0 step=184 loss=1.33538
train_loss run=0 interval=0 step=185 loss=1.3589
train_loss run=0 interval=0 step=186 loss=1.32159
train_loss run=0 interval=0 step=187 loss=1.31628
train_loss run=0 interval=0 step=188 loss=1.42476
train_loss run=0 interval=0 step=189 loss=1.33388
train_loss run=0 interval=0 step=190 loss=1.23875
train_loss run=0 interval=0 step=191 loss=1.30997
train_loss run=0 interval=0 step=192 loss=1.33355
train_loss run=0 interval=0 step=193 loss=1.35956
train_loss run=0 interval=0 step=194 loss=1.30292
train_loss run=0 interval=0 step=195 loss=1.24519
train_loss run=0 interval=0 step=196 loss=1.28494
train_loss run=0 interval=0 step=197 loss=1.3022
train_loss run=0 interval=0 step=198 loss=1.29904
train_loss run=0 interval=0 step=199 loss=1.30077
train_loss run=0 interval=0 step=200 loss=1.40389
train_loss run=0 interval=0 step=201 loss=1.36522
train_loss run=0 interval=0 step=202 loss=1.25787
train_loss run=0 interval=0 step=203 loss=1.36859
train_loss run=0 interval=0 step=204 loss=1.31168
train_loss run=0 interval=0 step=205 loss=1.37319
train_loss run=0 interval=0 step=206 loss=1.33434
train_loss run=0 interval=0 step=207 loss=1.28009
train_loss run=0 interval=0 step=208 loss=1.31292
train_loss run=0 interval=0 step=209 loss=1.28159
train_loss run=0 interval=0 step=210 loss=1.25475
train_loss run=0 interval=0 step=211 loss=1.3188
train_loss run=0 interval=0 step=212 loss=1.33091
train_loss run=0 interval=0 step=213 loss=1.30889
train_loss run=0 interval=0 step=214 loss=1.40585
train_loss run=0 interval=0 step=215 loss=1.30712
train_loss run=0 interval=0 step=216 loss=1.40883
train_loss run=0 interval=0 step=217 loss=1.31827
train_loss run=0 interval=0 step=218 loss=1.3552
train_loss run=0 interval=0 step=219 loss=1.27478
train_loss run=0 interval=0 step=220 loss=1.2673
train_loss run=0 interval=0 step=221 loss=1.25373
train_loss run=0 interval=0 step=222 loss=1.31274
train_loss run=0 interval=0 step=223 loss=1.30604
train_loss run=0 interval=0 step=224 loss=1.30551
train_loss run=0 interval=0 step=225 loss=1.27168
train_loss run=0 interval=0 step=226 loss=1.2974
train_loss run=0 interval=0 step=227 loss=1.28532
train_loss run=0 interval=0 step=228 loss=1.23267
train_loss run=0 interval=0 step=229 loss=1.33908
train_loss run=0 interval=0 step=230 loss=1.28672
train_loss run=0 interval=0 step=231 loss=1.29903
train_loss run=0 interval=0 step=232 loss=1.3366
train_loss run=0 interval=0 step=233 loss=1.28275
train_loss run=0 interval=0 step=234 loss=1.29481
train_loss run=0 interval=0 step=235 loss=1.3387
train_loss run=0 interval=0 step=236 loss=1.28264
train_loss run=0 interval=0 step=237 loss=1.32731
train_loss run=0 interval=0 step=238 loss=1.36346
train_loss run=0 interval=0 step=239 loss=1.28268
train_loss run=0 interval=0 step=240 loss=1.29084
train_loss run=0 interval=0 step=241 loss=1.30638
train_loss run=0 interval=0 step=242 loss=1.28729
train_loss run=0 interval=0 step=243 loss=1.32682
train_loss run=0 interval=0 step=244 loss=1.29763
train_loss run=0 interval=0 step=245 loss=1.27476
train_loss run=0 interval=0 step=246 loss=1.31265
train_loss run=0 interval=0 step=247 loss=1.29713
train_loss run=0 interval=0 step=248 loss=1.30047
train_loss run=0 interval=0 step=249 loss=1.19835
train_loss run=0 interval=0 step=250 loss=1.24584
train_loss run=0 interval=0 step=251 loss=1.29788
train_loss run=0 interval=0 step=252 loss=1.29678
train_loss run=0 interval=0 step=253 loss=1.28894
train_loss run=0 interval=0 step=254 loss=1.32258
train_loss run=0 interval=0 step=255 loss=1.25114
train_loss run=0 interval=0 step=256 loss=1.22499
train_loss run=0 interval=0 step=257 loss=1.29172
train_loss run=0 interval=0 step=258 loss=1.22887
train_loss run=0 interval=0 step=259 loss=1.3275
train_loss run=0 interval=0 step=260 loss=1.26699
train_loss run=0 interval=0 step=261 loss=1.25496
train_loss run=0 interval=0 step=262 loss=1.40408
train_loss run=0 interval=0 step=263 loss=1.30571
train_loss run=0 interval=0 step=264 loss=1.2571
train_loss run=0 interval=0 step=265 loss=1.25811
train_loss run=0 interval=0 step=266 loss=1.30653
train_loss run=0 interval=0 step=267 loss=1.34432
train_loss run=0 interval=0 step=268 loss=1.31597
train_loss run=0 interval=0 step=269 loss=1.33285
train_loss run=0 interval=0 step=270 loss=1.27912
train_loss run=0 interval=0 step=271 loss=1.24308
train_loss run=0 interval=0 step=272 loss=1.28043
train_loss run=0 interval=0 step=273 loss=1.30184
train_loss run=0 interval=0 step=274 loss=1.22379
train_loss run=0 interval=0 step=275 loss=1.2248
train_loss run=0 interval=0 step=276 loss=1.29449
train_loss run=0 interval=0 step=277 loss=1.23081
train_loss run=0 interval=0 step=278 loss=1.23077
train_loss run=0 interval=0 step=279 loss=1.27799
train_loss run=0 interval=0 step=280 loss=1.29607
train_loss run=0 interval=0 step=281 loss=1.26538
train_loss run=0 interval=0 step=282 loss=1.23718
train_loss run=0 interval=0 step=283 loss=1.21996
train_loss run=0 interval=0 step=284 loss=1.28911
train_loss run=0 interval=0 step=285 loss=1.28988
train_loss run=0 interval=0 step=286 loss=1.28289
train_loss run=0 interval=0 step=287 loss=1.32291
train_loss run=0 interval=0 step=288 loss=1.23849
train_loss run=0 interval=0 step=289 loss=1.29857
train_loss run=0 interval=0 step=290 loss=1.30392
train_loss run=0 interval=0 step=291 loss=1.33395
train_loss run=0 interval=0 step=292 loss=1.20426
train_loss run=0 interval=0 step=293 loss=1.32592
train_loss run=0 interval=0 step=294 loss=1.30397
train_loss run=0 interval=0 step=295 loss=1.30756
train_loss run=0 interval=0 step=296 loss=1.32748
train_loss run=0 interval=0 step=297 loss=1.21993
train_loss run=0 interval=0 step=298 loss=1.252
train_loss run=0 interval=0 step=299 loss=1.25141
train_loss run=0 interval=0 step=300 loss=1.35539
train_loss run=0 interval=0 step=301 loss=1.20203
train_loss run=0 interval=0 step=302 loss=1.25381
train_loss run=0 interval=0 step=303 loss=1.26136
train_loss run=0 interval=0 step=304 loss=1.27337
train_loss run=0 interval=0 step=305 loss=1.24074
train_loss run=0 interval=0 step=306 loss=1.30553
train_loss run=0 interval=0 step=307 loss=1.31042
train_loss run=0 interval=0 step=308 loss=1.34641
train_loss run=0 interval=0 step=309 loss=1.24165
train_loss run=0 interval=0 step=310 loss=1.34354
train_loss run=0 interval=0 step=311 loss=1.20705
train_loss run=0 interval=0 step=312 loss=1.27156
train_loss run=0 interval=0 step=313 loss=1.23587
train_loss run=0 interval=0 step=314 loss=1.20712
train_loss run=0 interval=0 step=315 loss=1.22169
train_loss run=0 interval=0 step=316 loss=1.32782
train_loss run=0 interval=0 step=317 loss=1.24562
train_loss run=0 interval=0 step=318 loss=1.24171
train_loss run=0 interval=0 step=319 loss=1.24859
train_loss run=0 interval=0 step=320 loss=1.22666
train_loss run=0 interval=0 step=321 loss=1.32218
train_loss run=0 interval=0 step=322 loss=1.28109
train_loss run=0 interval=0 step=323 loss=1.33396
train_loss run=0 interval=0 step=324 loss=1.20129
train_loss run=0 interval=0 step=325 loss=1.2551
train_loss run=0 interval=0 step=326 loss=1.31438
train_loss run=0 interval=0 step=327 loss=1.24344
train_loss run=0 interval=0 step=328 loss=1.30882
train_loss run=0 interval=0 step=329 loss=1.25944
train_loss run=0 interval=0 step=330 loss=1.32164
train_loss run=0 interval=0 step=331 loss=1.21877
train_loss run=0 interval=0 step=332 loss=1.27722
train_loss run=0 interval=0 step=333 loss=1.22286
train_loss run=0 interval=0 step=334 loss=1.25674
train_loss run=0 interval=0 step=335 loss=1.27284
train_loss run=0 interval=0 step=336 loss=1.28312
train_loss run=0 interval=0 step=337 loss=1.21718
train_loss run=0 interval=0 step=338 loss=1.24046
train_loss run=0 interval=0 step=339 loss=1.25436
train_loss run=0 interval=0 step=340 loss=1.28999
train_loss run=0 interval=0 step=341 loss=1.28692
train_loss run=0 interval=0 step=342 loss=1.25618
train_loss run=0 interval=0 step=343 loss=1.23858
train_loss run=0 interval=0 step=344 loss=1.2812
train_loss run=0 interval=0 step=345 loss=1.20997
train_loss run=0 interval=0 step=346 loss=1.26488
train_loss run=0 interval=0 step=347 loss=1.23955
train_loss run=0 interval=0 step=348 loss=1.30843
train_loss run=0 interval=0 step=349 loss=1.22325
train_loss run=0 interval=0 step=350 loss=1.26465
train_loss run=0 interval=0 step=351 loss=1.22649
train_loss run=0 interval=0 step=352 loss=1.24518
train_loss run=0 interval=0 step=353 loss=1.17587
train_loss run=0 interval=0 step=354 loss=1.23894
train_loss run=0 interval=0 step=355 loss=1.28014
train_loss run=0 interval=0 step=356 loss=1.20984
train_loss run=0 interval=0 step=357 loss=1.22856
train_loss run=0 interval=0 step=358 loss=1.23012
train_loss run=0 interval=0 step=359 loss=1.18955
train_loss run=0 interval=0 step=360 loss=1.26308
train_loss run=0 interval=0 step=361 loss=1.31091
train_loss run=0 interval=0 step=362 loss=1.23158
train_loss run=0 interval=0 step=363 loss=1.26761
train_loss run=0 interval=0 step=364 loss=1.24347
train_loss run=0 interval=0 step=365 loss=1.21539
train_loss run=0 interval=0 step=366 loss=1.29531
train_loss run=0 interval=0 step=367 loss=1.20953
train_loss run=0 interval=0 step=368 loss=1.2579
train_loss run=0 interval=0 step=369 loss=1.28744
train_loss run=0 interval=0 step=370 loss=1.2734
train_loss run=0 interval=0 step=371 loss=1.23705
train_loss run=0 interval=0 step=372 loss=1.17054
train_loss run=0 interval=0 step=373 loss=1.21754
train_loss run=0 interval=0 step=374 loss=1.22789
train_loss run=0 interval=0 step=375 loss=1.16013
train_loss run=0 interval=0 step=376 loss=1.18669
train_loss run=0 interval=0 step=377 loss=1.17984
train_loss run=0 interval=0 step=378 loss=1.27548
train_loss run=0 interval=0 step=379 loss=1.26706
train_loss run=0 interval=0 step=380 loss=1.19749
train_loss run=0 interval=0 step=381 loss=1.18192
train_loss run=0 interval=0 step=382 loss=1.22699
train_loss run=0 interval=0 step=383 loss=1.25238
train_loss run=0 interval=0 step=384 loss=1.14294
train_loss run=0 interval=0 step=385 loss=1.30858
train_loss run=0 interval=0 step=386 loss=1.18693
train_loss run=0 interval=0 step=387 loss=1.24785
train_loss run=0 interval=0 step=388 loss=1.1666
train_loss run=0 interval=0 step=389 loss=1.23598
train_loss run=0 interval=0 step=390 loss=1.21716
train_loss run=0 interval=0 step=391 loss=1.18735
train_loss run=0 interval=0 step=392 loss=1.26606
train_loss run=0 interval=0 step=393 loss=1.25782
train_loss run=0 interval=0 step=394 loss=1.17294
train_loss run=0 interval=0 step=395 loss=1.28645
train_loss run=0 interval=0 step=396 loss=1.31246
train_loss run=0 interval=0 step=397 loss=1.25332
train_loss run=0 interval=0 step=398 loss=1.2416
train_loss run=0 interval=0 step=399 loss=1.25865
train_loss run=0 interval=0 step=400 loss=1.21631
train_loss run=0 interval=0 step=401 loss=1.24869
train_loss run=0 interval=0 step=402 loss=1.1659
train_loss run=0 interval=0 step=403 loss=1.26533
train_loss run=0 interval=0 step=404 loss=1.24872
train_loss run=0 interval=0 step=405 loss=1.32241
train_loss run=0 interval=0 step=406 loss=1.22927
train_loss run=0 interval=0 step=407 loss=1.3145
train_loss run=0 interval=0 step=408 loss=1.20349
train_loss run=0 interval=0 step=409 loss=1.25966
train_loss run=0 interval=0 step=410 loss=1.242
train_loss run=0 interval=0 step=411 loss=1.21819
train_loss run=0 interval=0 step=412 loss=1.26089
train_loss run=0 interval=0 step=413 loss=1.20901
train_loss run=0 interval=0 step=414 loss=1.22231
train_loss run=0 interval=0 step=415 loss=1.26019
train_loss run=0 interval=0 step=416 loss=1.31818
train_loss run=0 interval=0 step=417 loss=1.27009
train_loss run=0 interval=0 step=418 loss=1.31488
train_loss run=0 interval=0 step=419 loss=1.21168
train_loss run=0 interval=0 step=420 loss=1.26374
train_loss run=0 interval=0 step=421 loss=1.25288
train_loss run=0 interval=0 step=422 loss=1.23778
train_loss run=0 interval=0 step=423 loss=1.27189
train_loss run=0 interval=0 step=424 loss=1.23317
train_loss run=0 interval=0 step=425 loss=1.24273
train_loss run=0 interval=0 step=426 loss=1.28121
train_loss run=0 interval=0 step=427 loss=1.21303
train_loss run=0 interval=0 step=428 loss=1.2671
train_loss run=0 interval=0 step=429 loss=1.17746
train_loss run=0 interval=0 step=430 loss=1.19088
train_loss run=0 interval=0 step=431 loss=1.21487
train_loss run=0 interval=0 step=432 loss=1.19027
train_loss run=0 interval=0 step=433 loss=1.2239
train_loss run=0 interval=0 step=434 loss=1.30604
train_loss run=0 interval=0 step=435 loss=1.20196
train_loss run=0 interval=0 step=436 loss=1.20242
train_loss run=0 interval=0 step=437 loss=1.21994
train_loss run=0 interval=0 step=438 loss=1.31608
train_loss run=0 interval=0 step=439 loss=1.2447
train_loss run=0 interval=0 step=440 loss=1.24111
train_loss run=0 interval=0 step=441 loss=1.21534
train_loss run=0 interval=0 step=442 loss=1.29858
train_loss run=0 interval=0 step=443 loss=1.23769
train_loss run=0 interval=0 step=444 loss=1.26964
train_loss run=0 interval=0 step=445 loss=1.21881
train_loss run=0 interval=0 step=446 loss=1.21565
train_loss run=0 interval=0 step=447 loss=1.21234
train_loss run=0 interval=0 step=448 loss=1.14815
train_loss run=0 interval=0 step=449 loss=1.20721
train_loss run=0 interval=0 step=450 loss=1.27361
train_loss run=0 interval=0 step=451 loss=1.28827
train_loss run=0 interval=0 step=452 loss=1.22931
train_loss run=0 interval=0 step=453 loss=1.27274
train_loss run=0 interval=0 step=454 loss=1.25922
train_loss run=0 interval=0 step=455 loss=1.28217
train_loss run=0 interval=0 step=456 loss=1.26647
train_loss run=0 interval=0 step=457 loss=1.17013
train_loss run=0 interval=0 step=458 loss=1.20646
train_loss run=0 interval=0 step=459 loss=1.21774
train_loss run=0 interval=0 step=460 loss=1.22582
train_loss run=0 interval=0 step=461 loss=1.26446
train_loss run=0 interval=0 step=462 loss=1.23812
train_loss run=0 interval=0 step=463 loss=1.21217
train_loss run=0 interval=0 step=464 loss=1.17661
train_loss run=0 interval=0 step=465 loss=1.20403
train_loss run=0 interval=0 step=466 loss=1.18377
train_loss run=0 interval=0 step=467 loss=1.24008
train_loss run=0 interval=0 step=468 loss=1.25261
train_loss run=0 interval=0 step=469 loss=1.23078
train_loss run=0 interval=0 step=470 loss=1.14645
train_loss run=0 interval=0 step=471 loss=1.18917
train_loss run=0 interval=0 step=472 loss=1.1848
train_loss run=0 interval=0 step=473 loss=1.136
train_loss run=0 interval=0 step=474 loss=1.19083
train_loss run=0 interval=0 step=475 loss=1.22684
train_loss run=0 interval=0 step=476 loss=1.22453
train_loss run=0 interval=0 step=477 loss=1.19731
train_loss run=0 interval=0 step=478 loss=1.2288
train_loss run=0 interval=0 step=479 loss=1.13326
train_loss run=0 interval=0 step=480 loss=1.2045
train_loss run=0 interval=0 step=481 loss=1.23056
train_loss run=0 interval=0 step=482 loss=1.22115
train_loss run=0 interval=0 step=483 loss=1.18247
train_loss run=0 interval=0 step=484 loss=1.15488
train_loss run=0 interval=0 step=485 loss=1.22463
train_loss run=0 interval=0 step=486 loss=1.17577
train_loss run=0 interval=0 step=487 loss=1.23673
train_loss run=0 interval=0 step=488 loss=1.2121
train_loss run=0 interval=0 step=489 loss=1.2741
train_loss run=0 interval=0 step=490 loss=1.38328
train_loss run=0 interval=0 step=491 loss=1.17375
train_loss run=0 interval=0 step=492 loss=1.20826
train_loss run=0 interval=0 step=493 loss=1.23563
train_loss run=0 interval=0 step=494 loss=1.19023
train_loss run=0 interval=0 step=495 loss=1.26097
train_loss run=0 interval=0 step=496 loss=1.18715
train_loss run=0 interval=0 step=497 loss=1.17929
train_loss run=0 interval=0 step=498 loss=1.17667
train_loss run=0 interval=0 step=499 loss=1.22592
train_loss run=0 interval=0 step=500 loss=1.20063
train_loss run=0 interval=0 step=501 loss=1.25786
train_loss run=0 interval=0 step=502 loss=1.1267
train_loss run=0 interval=0 step=503 loss=1.16612
train_loss run=0 interval=0 step=504 loss=1.19578
train_loss run=0 interval=0 step=505 loss=1.31874
train_loss run=0 interval=0 step=506 loss=1.17338
train_loss run=0 interval=0 step=507 loss=1.27064
train_loss run=0 interval=0 step=508 loss=1.18227
train_loss run=0 interval=0 step=509 loss=1.19458
train_loss run=0 interval=0 step=510 loss=1.18084
train_loss run=0 interval=0 step=511 loss=1.2535
train_loss run=0 interval=0 step=512 loss=1.19911
train_loss run=0 interval=0 step=513 loss=1.30391
train_loss run=0 interval=0 step=514 loss=1.22493
train_loss run=0 interval=0 step=515 loss=1.24279
train_loss run=0 interval=0 step=516 loss=1.17895
train_loss run=0 interval=0 step=517 loss=1.16082
train_loss run=0 interval=0 step=518 loss=1.14555
train_loss run=0 interval=0 step=519 loss=1.19415
train_loss run=0 interval=0 step=520 loss=1.18135
train_loss run=0 interval=0 step=521 loss=1.21217
train_loss run=0 interval=0 step=522 loss=1.22109
train_loss run=0 interval=0 step=523 loss=1.20373
train_loss run=0 interval=0 step=524 loss=1.27311
train_loss run=0 interval=0 step=525 loss=1.22926
train_loss run=0 interval=0 step=526 loss=1.27845
train_loss run=0 interval=0 step=527 loss=1.21337
train_loss run=0 interval=0 step=528 loss=1.24316
train_loss run=0 interval=0 step=529 loss=1.16837
train_loss run=0 interval=0 step=530 loss=1.24607
train_loss run=0 interval=0 step=531 loss=1.17283
train_loss run=0 interval=0 step=532 loss=1.24289
train_loss run=0 interval=0 step=533 loss=1.22332
train_loss run=0 interval=0 step=534 loss=1.27416
train_loss run=0 interval=0 step=535 loss=1.13648
train_loss run=0 interval=0 step=536 loss=1.2917
train_loss run=0 interval=0 step=537 loss=1.21614
train_loss run=0 interval=0 step=538 loss=1.18512
train_loss run=0 interval=0 step=539 loss=1.17926
train_loss run=0 interval=0 step=540 loss=1.23042
train_loss run=0 interval=0 step=541 loss=1.21766
train_loss run=0 interval=0 step=542 loss=1.1521
train_loss run=0 interval=0 step=543 loss=1.17074
train_loss run=0 interval=0 step=544 loss=1.10662
train_loss run=0 interval=0 step=545 loss=1.1795
train_loss run=0 interval=0 step=546 loss=1.20053
train_loss run=0 interval=0 step=547 loss=1.19353
train_loss run=0 interval=0 step=548 loss=1.1981
train_loss run=0 interval=0 step=549 loss=1.29577
train_loss run=0 interval=0 step=550 loss=1.26165
train_loss run=0 interval=0 step=551 loss=1.24553
train_loss run=0 interval=0 step=552 loss=1.20004
train_loss run=0 interval=0 step=553 loss=1.15551
train_loss run=0 interval=0 step=554 loss=1.14231
train_loss run=0 interval=0 step=555 loss=1.25274
train_loss run=0 interval=0 step=556 loss=1.167
train_loss run=0 interval=0 step=557 loss=1.25189
train_loss run=0 interval=0 step=558 loss=1.25994
train_loss run=0 interval=0 step=559 loss=1.16938
train_loss run=0 interval=0 step=560 loss=1.24796
train_loss run=0 interval=0 step=561 loss=1.16874
train_loss run=0 interval=0 step=562 loss=1.27152
train_loss run=0 interval=0 step=563 loss=1.14616
train_loss run=0 interval=0 step=564 loss=1.18804
train_loss run=0 interval=0 step=565 loss=1.24431
train_loss run=0 interval=0 step=566 loss=1.24718
train_loss run=0 interval=0 step=567 loss=1.18083
train_loss run=0 interval=0 step=568 loss=1.21657
train_loss run=0 interval=0 step=569 loss=1.17993
train_loss run=0 interval=0 step=570 loss=1.14889
train_loss run=0 interval=0 step=571 loss=1.29851
train_loss run=0 interval=0 step=572 loss=1.27765
train_loss run=0 interval=0 step=573 loss=1.21801
train_loss run=0 interval=0 step=574 loss=1.20048
train_loss run=0 interval=0 step=575 loss=1.24033
train_loss run=0 interval=0 step=576 loss=1.29598
train_loss run=0 interval=0 step=577 loss=1.21601
train_loss run=0 interval=0 step=578 loss=1.16596
train_loss run=0 interval=0 step=579 loss=1.2665
train_loss run=0 interval=0 step=580 loss=1.27753
train_loss run=0 interval=0 step=581 loss=1.22615
train_loss run=0 interval=0 step=582 loss=1.2487
train_loss run=0 interval=0 step=583 loss=1.21593
train_loss run=0 interval=0 step=584 loss=1.20295
train_loss run=0 interval=0 step=585 loss=1.20061
train_loss run=0 interval=0 step=586 loss=1.18601
train_loss run=0 interval=0 step=587 loss=1.11772
train_loss run=0 interval=0 step=588 loss=1.24024
train_loss run=0 interval=0 step=589 loss=1.14285
train_loss run=0 interval=0 step=590 loss=1.2093
train_loss run=0 interval=0 step=591 loss=1.22929
train_loss run=0 interval=0 step=592 loss=1.18111
train_loss run=0 interval=0 step=593 loss=1.16797
train_loss run=0 interval=0 step=594 loss=1.22718
train_loss run=0 interval=0 step=595 loss=1.17068
train_loss run=0 interval=0 step=596 loss=1.23642
train_loss run=0 interval=0 step=597 loss=1.21348
train_loss run=0 interval=0 step=598 loss=1.19287
train_loss run=0 interval=0 step=599 loss=1.20472
train_loss run=0 interval=0 step=600 loss=1.28839
train_loss run=0 interval=0 step=601 loss=1.17225
train_loss run=0 interval=0 step=602 loss=1.26678
train_loss run=0 interval=0 step=603 loss=1.1826
train_loss run=0 interval=0 step=604 loss=1.24951
train_loss run=0 interval=0 step=605 loss=1.20697
train_loss run=0 interval=0 step=606 loss=1.20792
train_loss run=0 interval=0 step=607 loss=1.18321
train_loss run=0 interval=0 step=608 loss=1.19384
train_loss run=0 interval=0 step=609 loss=1.23715
train_loss run=0 interval=0 step=610 loss=1.14133
train_loss run=0 interval=0 step=611 loss=1.16881
train_loss run=0 interval=0 step=612 loss=1.18439
train_loss run=0 interval=0 step=613 loss=1.26249
train_loss run=0 interval=0 step=614 loss=1.1568
train_loss run=0 interval=0 step=615 loss=1.11571
train_loss run=0 interval=0 step=616 loss=1.17717
train_loss run=0 interval=0 step=617 loss=1.16233
train_loss run=0 interval=0 step=618 loss=1.15269
train_loss run=0 interval=0 step=619 loss=1.19041
train_loss run=0 interval=0 step=620 loss=1.19744
train_loss run=0 interval=0 step=621 loss=1.20527
train_loss run=0 interval=0 step=622 loss=1.23883
train_loss run=0 interval=0 step=623 loss=1.22137
train_loss run=0 interval=0 step=624 loss=1.22797
train_loss run=0 interval=0 step=625 loss=1.26101
train_loss run=0 interval=0 step=626 loss=1.20801
train_loss run=0 interval=0 step=627 loss=1.19426
train_loss run=0 interval=0 step=628 loss=1.26935
train_loss run=0 interval=0 step=629 loss=1.23454
train_loss run=0 interval=0 step=630 loss=1.28524
train_loss run=0 interval=0 step=631 loss=1.27552
train_loss run=0 interval=0 step=632 loss=1.17022
train_loss run=0 interval=0 step=633 loss=1.15944
train_loss run=0 interval=0 step=634 loss=1.16295
train_loss run=0 interval=0 step=635 loss=1.17875
train_loss run=0 interval=0 step=636 loss=1.19344
train_loss run=0 interval=0 step=637 loss=1.18269
train_loss run=0 interval=0 step=638 loss=1.19955
train_loss run=0 interval=0 step=639 loss=1.21328
train_loss run=0 interval=0 step=640 loss=1.25728
train_loss run=0 interval=0 step=641 loss=1.16049
train_loss run=0 interval=0 step=642 loss=1.17314
train_loss run=0 interval=0 step=643 loss=1.21083
train_loss run=0 interval=0 step=644 loss=1.24189
train_loss run=0 interval=0 step=645 loss=1.19048
train_loss run=0 interval=0 step=646 loss=1.17005
train_loss run=0 interval=0 step=647 loss=1.23391
train_loss run=0 interval=0 step=648 loss=1.24069
train_loss run=0 interval=0 step=649 loss=1.16881
train_loss run=0 interval=0 step=650 loss=1.17265
train_loss run=0 interval=0 step=651 loss=1.2073
train_loss run=0 interval=0 step=652 loss=1.17218
train_loss run=0 interval=0 step=653 loss=1.20563
train_loss run=0 interval=0 step=654 loss=1.15859
train_loss run=0 interval=0 step=655 loss=1.25466
train_loss run=0 interval=0 step=656 loss=1.19408
train_loss run=0 interval=0 step=657 loss=1.16589
train_loss run=0 interval=0 step=658 loss=1.26009
train_loss run=0 interval=0 step=659 loss=1.17058
train_loss run=0 interval=0 step=660 loss=1.16495
train_loss run=0 interval=0 step=661 loss=1.09992
train_loss run=0 interval=0 step=662 loss=1.20073
train_loss run=0 interval=0 step=663 loss=1.18197
train_loss run=0 interval=0 step=664 loss=1.21139
train_loss run=0 interval=0 step=665 loss=1.12784
train_loss run=0 interval=0 step=666 loss=1.25348
train_loss run=0 interval=0 step=667 loss=1.21246
train_loss run=0 interval=0 step=668 loss=1.25509
train_loss run=0 interval=0 step=669 loss=1.32477
train_loss run=0 interval=0 step=670 loss=1.20646
train_loss run=0 interval=0 step=671 loss=1.18674
train_loss run=0 interval=0 step=672 loss=1.12049
train_loss run=0 interval=0 step=673 loss=1.13336
train_loss run=0 interval=0 step=674 loss=1.13108
train_loss run=0 interval=0 step=675 loss=1.24524
train_loss run=0 interval=0 step=676 loss=1.18624
train_loss run=0 interval=0 step=677 loss=1.17489
train_loss run=0 interval=0 step=678 loss=1.16763
train_loss run=0 interval=0 step=679 loss=1.17469
train_loss run=0 interval=0 step=680 loss=1.11261
train_loss run=0 interval=0 step=681 loss=1.18116
train_loss run=0 interval=0 step=682 loss=1.18595
train_loss run=0 interval=0 step=683 loss=1.17293
train_loss run=0 interval=0 step=684 loss=1.10698
train_loss run=0 interval=0 step=685 loss=1.19541
train_loss run=0 interval=0 step=686 loss=1.19308
train_loss run=0 interval=0 step=687 loss=1.16558
train_loss run=0 interval=0 step=688 loss=1.21271
train_loss run=0 interval=0 step=689 loss=1.15851
train_loss run=0 interval=0 step=690 loss=1.12583
train_loss run=0 interval=0 step=691 loss=1.20815
train_loss run=0 interval=0 step=692 loss=1.24446
train_loss run=0 interval=0 step=693 loss=1.20207
train_loss run=0 interval=0 step=694 loss=1.26588
train_loss run=0 interval=0 step=695 loss=1.17212
train_loss run=0 interval=0 step=696 loss=1.17613
train_loss run=0 interval=0 step=697 loss=1.28298
train_loss run=0 interval=0 step=698 loss=1.23552
train_loss run=0 interval=0 step=699 loss=1.14754
train_loss run=0 interval=0 step=700 loss=1.1214
train_loss run=0 interval=0 step=701 loss=1.28934
train_loss run=0 interval=0 step=702 loss=1.14468
train_loss run=0 interval=0 step=703 loss=1.26518
train_loss run=0 interval=0 step=704 loss=1.17742
train_loss run=0 interval=0 step=705 loss=1.18033
train_loss run=0 interval=0 step=706 loss=1.21429
train_loss run=0 interval=0 step=707 loss=1.18835
train_loss run=0 interval=0 step=708 loss=1.18538
train_loss run=0 interval=0 step=709 loss=1.1196
train_loss run=0 interval=0 step=710 loss=1.16734
train_loss run=0 interval=0 step=711 loss=1.21249
train_loss run=0 interval=0 step=712 loss=1.23423
train_loss run=0 interval=0 step=713 loss=1.18433
train_loss run=0 interval=0 step=714 loss=1.17773
train_loss run=0 interval=0 step=715 loss=1.1951
train_loss run=0 interval=0 step=716 loss=1.18205
train_loss run=0 interval=0 step=717 loss=1.16675
train_loss run=0 interval=0 step=718 loss=1.17372
train_loss run=0 interval=0 step=719 loss=1.1677
train_loss run=0 interval=0 step=720 loss=1.12898
train_loss run=0 interval=0 step=721 loss=1.19496
train_loss run=0 interval=0 step=722 loss=1.19968
train_loss run=0 interval=0 step=723 loss=1.20003
train_loss run=0 interval=0 step=724 loss=1.11491
train_loss run=0 interval=0 step=725 loss=1.20303
train_loss run=0 interval=0 step=726 loss=1.26316
train_loss run=0 interval=0 step=727 loss=1.25847
train_loss run=0 interval=0 step=728 loss=1.20917
train_loss run=0 interval=0 step=729 loss=1.16818
train_loss run=0 interval=0 step=730 loss=1.17163
train_loss run=0 interval=0 step=731 loss=1.17323
train_loss run=0 interval=0 step=732 loss=1.19096
train_loss run=0 interval=0 step=733 loss=1.27031
train_loss run=0 interval=0 step=734 loss=1.20241
train_loss run=0 interval=0 step=735 loss=1.1485
train_loss run=0 interval=0 step=736 loss=1.15469
train_loss run=0 interval=0 step=737 loss=1.26513
train_loss run=0 interval=0 step=738 loss=1.22428
train_loss run=0 interval=0 step=739 loss=1.11616
train_loss run=0 interval=0 step=740 loss=1.12128
train_loss run=0 interval=0 step=741 loss=1.12902
train_loss run=0 interval=0 step=742 loss=1.22486
train_loss run=0 interval=0 step=743 loss=1.16989
train_loss run=0 interval=0 step=744 loss=1.2171
train_loss run=0 interval=0 step=745 loss=1.22138
train_loss run=0 interval=0 step=746 loss=1.20129
train_loss run=0 interval=0 step=747 loss=1.19718
train_loss run=0 interval=0 step=748 loss=1.18302
train_loss run=0 interval=0 step=749 loss=1.19038
train_loss run=0 interval=0 step=750 loss=1.09871
train_loss run=0 interval=0 step=751 loss=1.23034
train_loss run=0 interval=0 step=752 loss=1.19514
train_loss run=0 interval=0 step=753 loss=1.1599
train_loss run=0 interval=0 step=754 loss=1.19518
train_loss run=0 interval=0 step=755 loss=1.08746
train_loss run=0 interval=0 step=756 loss=1.16928
train_loss run=0 interval=0 step=757 loss=1.1947
train_loss run=0 interval=0 step=758 loss=1.21384
train_loss run=0 interval=0 step=759 loss=1.15573
train_loss run=0 interval=0 step=760 loss=1.16719
train_loss run=0 interval=0 step=761 loss=1.14779
train_loss run=0 interval=0 step=762 loss=1.20414
train_loss run=0 interval=0 step=763 loss=1.24546
train_loss run=0 interval=0 step=764 loss=1.29734
train_loss run=0 interval=0 step=765 loss=1.16606
train_loss run=0 interval=0 step=766 loss=1.16885
train_loss run=0 interval=0 step=767 loss=1.10245
train_loss run=0 interval=0 step=768 loss=1.18771
train_loss run=0 interval=0 step=769 loss=1.21223
train_loss run=0 interval=0 step=770 loss=1.19129
train_loss run=0 interval=0 step=771 loss=1.15115
train_loss run=0 interval=0 step=772 loss=1.16623
train_loss run=0 interval=0 step=773 loss=1.2632
train_loss run=0 interval=0 step=774 loss=1.19753
train_loss run=0 interval=0 step=775 loss=1.13741
train_loss run=0 interval=0 step=776 loss=1.14721
train_loss run=0 interval=0 step=777 loss=1.28008
train_loss run=0 interval=0 step=778 loss=1.10754
train_loss run=0 interval=0 step=779 loss=1.15217
train_loss run=0 interval=0 step=780 loss=1.11529
train_loss run=0 interval=0 step=781 loss=1.19728
train_loss run=0 interval=0 step=782 loss=1.13221
train_loss run=0 interval=0 step=783 loss=1.19279
train_loss run=0 interval=0 step=784 loss=1.20451
train_loss run=0 interval=0 step=785 loss=1.16863
train_loss run=0 interval=0 step=786 loss=1.20855
train_loss run=0 interval=0 step=787 loss=1.19647
train_loss run=0 interval=0 step=788 loss=1.1557
train_loss run=0 interval=0 step=789 loss=1.11933
train_loss run=0 interval=0 step=790 loss=1.13106
train_loss run=0 interval=0 step=791 loss=1.1101
train_loss run=0 interval=0 step=792 loss=1.27839
train_loss run=0 interval=0 step=793 loss=1.24183
train_loss run=0 interval=0 step=794 loss=1.18841
train_loss run=0 interval=0 step=795 loss=1.22654
train_loss run=0 interval=0 step=796 loss=1.20772
train_loss run=0 interval=0 step=797 loss=1.22422
train_loss run=0 interval=0 step=798 loss=1.19385
train_loss run=0 interval=0 step=799 loss=1.26863
train_loss run=0 interval=0 step=800 loss=1.18958
train_loss run=0 interval=0 step=801 loss=1.15248
train_loss run=0 interval=0 step=802 loss=1.11887
train_loss run=0 interval=0 step=803 loss=1.11676
train_loss run=0 interval=0 step=804 loss=1.18312
train_loss run=0 interval=0 step=805 loss=1.15965
train_loss run=0 interval=0 step=806 loss=1.27227
train_loss run=0 interval=0 step=807 loss=1.15003
train_loss run=0 interval=0 step=808 loss=1.25555
train_loss run=0 interval=0 step=809 loss=1.15656
train_loss run=0 interval=0 step=810 loss=1.16363
train_loss run=0 interval=0 step=811 loss=1.06858
train_loss run=0 interval=0 step=812 loss=1.18245
train_loss run=0 interval=0 step=813 loss=1.13036
train_loss run=0 interval=0 step=814 loss=1.2002
train_loss run=0 interval=0 step=815 loss=1.14513
train_loss run=0 interval=0 step=816 loss=1.18202
train_loss run=0 interval=0 step=817 loss=1.24183
train_loss run=0 interval=0 step=818 loss=1.1575
train_loss run=0 interval=0 step=819 loss=1.20465
train_loss run=0 interval=0 step=820 loss=1.1667
train_loss run=0 interval=0 step=821 loss=1.25247
train_loss run=0 interval=0 step=822 loss=1.11212
train_loss run=0 interval=0 step=823 loss=1.17567
train_loss run=0 interval=0 step=824 loss=1.1432
train_loss run=0 interval=0 step=825 loss=1.17713
train_loss run=0 interval=0 step=826 loss=1.18265
train_loss run=0 interval=0 step=827 loss=1.10741
train_loss run=0 interval=0 step=828 loss=1.16401
train_loss run=0 interval=0 step=829 loss=1.13436
train_loss run=0 interval=0 step=830 loss=1.10937
train_loss run=0 interval=0 step=831 loss=1.15394
train_loss run=0 interval=0 step=832 loss=1.13349
train_loss run=0 interval=0 step=833 loss=1.13662
train_loss run=0 interval=0 step=834 loss=1.18529
train_loss run=0 interval=0 step=835 loss=1.18869
train_loss run=0 interval=0 step=836 loss=1.13481
train_loss run=0 interval=0 step=837 loss=1.18494
train_loss run=0 interval=0 step=838 loss=1.14277
train_loss run=0 interval=0 step=839 loss=1.19774
train_loss run=0 interval=0 step=840 loss=1.12783
train_loss run=0 interval=0 step=841 loss=1.21823
train_loss run=0 interval=0 step=842 loss=1.21433
train_loss run=0 interval=0 step=843 loss=1.11317
train_loss run=0 interval=0 step=844 loss=1.1165
train_loss run=0 interval=0 step=845 loss=1.22208
train_loss run=0 interval=0 step=846 loss=1.1858
train_loss run=0 interval=0 step=847 loss=1.1865
train_loss run=0 interval=0 step=848 loss=1.16231
train_loss run=0 interval=0 step=849 loss=1.1605
train_loss run=0 interval=0 step=850 loss=1.21655
train_loss run=0 interval=0 step=851 loss=1.07565
train_loss run=0 interval=0 step=852 loss=1.15655
train_loss run=0 interval=0 step=853 loss=1.21366
train_loss run=0 interval=0 step=854 loss=1.24601
train_loss run=0 interval=0 step=855 loss=1.22248
train_loss run=0 interval=0 step=856 loss=1.19487
train_loss run=0 interval=0 step=857 loss=1.15478
train_loss run=0 interval=0 step=858 loss=1.12927
train_loss run=0 interval=0 step=859 loss=1.11456
train_loss run=0 interval=0 step=860 loss=1.23737
train_loss run=0 interval=0 step=861 loss=1.16671
train_loss run=0 interval=0 step=862 loss=1.15587
train_loss run=0 interval=0 step=863 loss=1.14405
train_loss run=0 interval=0 step=864 loss=1.10228
train_loss run=0 interval=0 step=865 loss=1.13485
train_loss run=0 interval=0 step=866 loss=1.14496
train_loss run=0 interval=0 step=867 loss=1.15527
train_loss run=0 interval=0 step=868 loss=1.09429
train_loss run=0 interval=0 step=869 loss=1.19064
train_loss run=0 interval=0 step=870 loss=1.16973
train_loss run=0 interval=0 step=871 loss=1.1595
train_loss run=0 interval=0 step=872 loss=1.11279
train_loss run=0 interval=0 step=873 loss=1.13615
train_loss run=0 interval=0 step=874 loss=1.12161
train_loss run=0 interval=0 step=875 loss=1.10902
train_loss run=0 interval=0 step=876 loss=1.14765
train_loss run=0 interval=0 step=877 loss=1.18806
train_loss run=0 interval=0 step=878 loss=1.21279
train_loss run=0 interval=0 step=879 loss=1.21296
train_loss run=0 interval=0 step=880 loss=1.17517
train_loss run=0 interval=0 step=881 loss=1.19712
train_loss run=0 interval=0 step=882 loss=1.20001
train_loss run=0 interval=0 step=883 loss=1.17424
train_loss run=0 interval=0 step=884 loss=1.21286
train_loss run=0 interval=0 step=885 loss=1.1549
train_loss run=0 interval=0 step=886 loss=1.15705
train_loss run=0 interval=0 step=887 loss=1.20128
train_loss run=0 interval=0 step=888 loss=1.14264
train_loss run=0 interval=0 step=889 loss=1.13502
train_loss run=0 interval=0 step=890 loss=1.17088
train_loss run=0 interval=0 step=891 loss=1.20139
train_loss run=0 interval=0 step=892 loss=1.21299
train_loss run=0 interval=0 step=893 loss=1.21869
train_loss run=0 interval=0 step=894 loss=1.15883
train_loss run=0 interval=0 step=895 loss=1.0728
train_loss run=0 interval=0 step=896 loss=1.20053
train_loss run=0 interval=0 step=897 loss=1.19685
train_loss run=0 interval=0 step=898 loss=1.14344
train_loss run=0 interval=0 step=899 loss=1.1251
train_loss run=0 interval=0 step=900 loss=1.15755
train_loss run=0 interval=0 step=901 loss=1.11482
train_loss run=0 interval=0 step=902 loss=1.20248
train_loss run=0 interval=0 step=903 loss=1.1525
train_loss run=0 interval=0 step=904 loss=1.15382
train_loss run=0 interval=0 step=905 loss=1.09171
train_loss run=0 interval=0 step=906 loss=1.13051
train_loss run=0 interval=0 step=907 loss=1.17901
train_loss run=0 interval=0 step=908 loss=1.16591
train_loss run=0 interval=0 step=909 loss=1.20862
train_loss run=0 interval=0 step=910 loss=1.10841
train_loss run=0 interval=0 step=911 loss=1.14394
train_loss run=0 interval=0 step=912 loss=1.1775
train_loss run=0 interval=0 step=913 loss=1.19627
train_loss run=0 interval=0 step=914 loss=1.19592
train_loss run=0 interval=0 step=915 loss=1.12869
train_loss run=0 interval=0 step=916 loss=1.1029
train_loss run=0 interval=0 step=917 loss=1.18826
train_loss run=0 interval=0 step=918 loss=1.09984
train_loss run=0 interval=0 step=919 loss=1.17789
train_loss run=0 interval=0 step=920 loss=1.16334
train_loss run=0 interval=0 step=921 loss=1.1094
train_loss run=0 interval=0 step=922 loss=1.15423
train_loss run=0 interval=0 step=923 loss=1.21444
train_loss run=0 interval=0 step=924 loss=1.09113
train_loss run=0 interval=0 step=925 loss=1.15606
train_loss run=0 interval=0 step=926 loss=1.15882
train_loss run=0 interval=0 step=927 loss=1.17872
train_loss run=0 interval=0 step=928 loss=1.21134
train_loss run=0 interval=0 step=929 loss=1.09594
train_loss run=0 interval=0 step=930 loss=1.11246
train_loss run=0 interval=0 step=931 loss=1.15286
train_loss run=0 interval=0 step=932 loss=1.12878
train_loss run=0 interval=0 step=933 loss=1.17527
train_loss run=0 interval=0 step=934 loss=1.06995
train_loss run=0 interval=0 step=935 loss=1.10069
train_loss run=0 interval=0 step=936 loss=1.1279
train_loss run=0 interval=0 step=937 loss=1.1694
train_loss run=0 interval=0 step=938 loss=1.13557
train_loss run=0 interval=0 step=939 loss=1.12796
train_loss run=0 interval=0 step=940 loss=1.17559
train_loss run=0 interval=0 step=941 loss=1.18581
train_loss run=0 interval=0 step=942 loss=1.13964
train_loss run=0 interval=0 step=943 loss=1.20963
train_loss run=0 interval=0 step=944 loss=1.13861
train_loss run=0 interval=0 step=945 loss=1.32649
train_loss run=0 interval=0 step=946 loss=1.17592
train_loss run=0 interval=0 step=947 loss=1.09339
train_loss run=0 interval=0 step=948 loss=1.10587
train_loss run=0 interval=0 step=949 loss=1.13568
train_loss run=0 interval=0 step=950 loss=1.14262
train_loss run=0 interval=0 step=951 loss=1.08029
train_loss run=0 interval=0 step=952 loss=1.2184
train_loss run=0 interval=0 step=953 loss=1.19862
train_loss run=0 interval=0 step=954 loss=1.20677
train_loss run=0 interval=0 step=955 loss=1.15164
train_loss run=0 interval=0 step=956 loss=1.17584
train_loss run=0 interval=0 step=957 loss=1.09507
train_loss run=0 interval=0 step=958 loss=1.15336
train_loss run=0 interval=0 step=959 loss=1.13584
train_loss run=0 interval=0 step=960 loss=1.09678
train_loss run=0 interval=0 step=961 loss=1.09077
train_loss run=0 interval=0 step=962 loss=1.16923
train_loss run=0 interval=0 step=963 loss=1.16277
train_loss run=0 interval=0 step=964 loss=1.13153
train_loss run=0 interval=0 step=965 loss=1.1539
train_loss run=0 interval=0 step=966 loss=1.14092
train_loss run=0 interval=0 step=967 loss=1.14725
train_loss run=0 interval=0 step=968 loss=1.20887
train_loss run=0 interval=0 step=969 loss=1.10003
train_loss run=0 interval=0 step=970 loss=1.20594
train_loss run=0 interval=0 step=971 loss=1.15996
train_loss run=0 interval=0 step=972 loss=1.1604
train_loss run=0 interval=0 step=973 loss=1.13916
train_loss run=0 interval=0 step=974 loss=1.05706
train_loss run=0 interval=0 step=975 loss=1.13056
train_loss run=0 interval=0 step=976 loss=1.17868
train_loss run=0 interval=0 step=977 loss=1.16703
train_loss run=0 interval=0 step=978 loss=1.09977
train_loss run=0 interval=0 step=979 loss=1.06698
train_loss run=0 interval=0 step=980 loss=1.1956
train_loss run=0 interval=0 step=981 loss=1.15493
train_loss run=0 interval=0 step=982 loss=1.16207
train_loss run=0 interval=0 step=983 loss=1.22361
train_loss run=0 interval=0 step=984 loss=1.24104
train_loss run=0 interval=0 step=985 loss=1.18422
train_loss run=0 interval=0 step=986 loss=1.10468
train_loss run=0 interval=0 step=987 loss=1.17292
train_loss run=0 interval=0 step=988 loss=1.19004
train_loss run=0 interval=0 step=989 loss=1.23204
train_loss run=0 interval=0 step=990 loss=1.18757
train_loss run=0 interval=0 step=991 loss=1.16339
train_loss run=0 interval=0 step=992 loss=1.10783
train_loss run=0 interval=0 step=993 loss=1.15525
train_loss run=0 interval=0 step=994 loss=1.11994
train_loss run=0 interval=0 step=995 loss=1.17165
train_loss run=0 interval=0 step=996 loss=1.11266
train_loss run=0 interval=0 step=997 loss=1.13562
train_loss run=0 interval=0 step=998 loss=1.12167
train_loss run=0 interval=0 step=999 loss=1.13519
train_loss run=0 interval=0 step=1000 loss=1.21928
train_loss run=0 interval=0 step=1001 loss=1.12189
train_loss run=0 interval=0 step=1002 loss=1.16922
train_loss run=0 interval=0 step=1003 loss=1.09779
train_loss run=0 interval=0 step=1004 loss=1.16764
train_loss run=0 interval=0 step=1005 loss=1.2134
train_loss run=0 interval=0 step=1006 loss=1.18874
train_loss run=0 interval=0 step=1007 loss=1.15788
train_loss run=0 interval=0 step=1008 loss=1.15553
train_loss run=0 interval=0 step=1009 loss=1.10747
train_loss run=0 interval=0 step=1010 loss=1.14548
train_loss run=0 interval=0 step=1011 loss=1.13498
train_loss run=0 interval=0 step=1012 loss=1.14213
train_loss run=0 interval=0 step=1013 loss=1.18037
train_loss run=0 interval=0 step=1014 loss=1.16809
train_loss run=0 interval=0 step=1015 loss=1.15117
train_loss run=0 interval=0 step=1016 loss=1.11082
train_loss run=0 interval=0 step=1017 loss=1.18039
train_loss run=0 interval=0 step=1018 loss=1.0789
train_loss run=0 interval=0 step=1019 loss=1.14525
train_loss run=0 interval=0 step=1020 loss=1.14286
train_loss run=0 interval=0 step=1021 loss=1.21112
train_loss run=0 interval=0 step=1022 loss=1.17338
train_loss run=0 interval=0 step=1023 loss=1.11344
train_loss run=0 interval=0 step=1024 loss=1.12103
train_loss run=0 interval=0 step=1025 loss=1.14292
train_loss run=0 interval=0 step=1026 loss=1.11601
train_loss run=0 interval=0 step=1027 loss=1.20271
train_loss run=0 interval=0 step=1028 loss=1.1342
train_loss run=0 interval=0 step=1029 loss=1.14904
train_loss run=0 interval=0 step=1030 loss=1.17596
train_loss run=0 interval=0 step=1031 loss=1.08428
train_loss run=0 interval=0 step=1032 loss=1.1832
train_loss run=0 interval=0 step=1033 loss=1.10196
train_loss run=0 interval=0 step=1034 loss=1.14883
train_loss run=0 interval=0 step=1035 loss=1.14608
train_loss run=0 interval=0 step=1036 loss=1.21303
train_loss run=0 interval=0 step=1037 loss=1.21473
train_loss run=0 interval=0 step=1038 loss=1.09125
train_loss run=0 interval=0 step=1039 loss=1.12658
train_loss run=0 interval=0 step=1040 loss=1.25092
train_loss run=0 interval=0 step=1041 loss=1.13275
train_loss run=0 interval=0 step=1042 loss=1.18651
train_loss run=0 interval=0 step=1043 loss=1.15245
train_loss run=0 interval=0 step=1044 loss=1.10762
train_loss run=0 interval=0 step=1045 loss=1.20985
train_loss run=0 interval=0 step=1046 loss=1.1846
train_loss run=0 interval=0 step=1047 loss=1.11774
train_loss run=0 interval=0 step=1048 loss=1.13698
train_loss run=0 interval=0 step=1049 loss=1.2734
train_loss run=0 interval=0 step=1050 loss=1.20449
train_loss run=0 interval=0 step=1051 loss=1.14443
train_loss run=0 interval=0 step=1052 loss=1.14419
train_loss run=0 interval=0 step=1053 loss=1.17743
train_loss run=0 interval=0 step=1054 loss=1.16605
train_loss run=0 interval=0 step=1055 loss=1.09281
train_loss run=0 interval=0 step=1056 loss=1.17405
train_loss run=0 interval=0 step=1057 loss=1.06722
train_loss run=0 interval=0 step=1058 loss=1.16159
train_loss run=0 interval=0 step=1059 loss=1.22452
train_loss run=0 interval=0 step=1060 loss=1.15941
train_loss run=0 interval=0 step=1061 loss=1.14096
train_loss run=0 interval=0 step=1062 loss=1.07459
train_loss run=0 interval=0 step=1063 loss=1.16731
train_loss run=0 interval=0 step=1064 loss=1.22025
train_loss run=0 interval=0 step=1065 loss=1.19685
train_loss run=0 interval=0 step=1066 loss=1.15464
train_loss run=0 interval=0 step=1067 loss=1.21199
train_loss run=0 interval=0 step=1068 loss=1.17852
train_loss run=0 interval=0 step=1069 loss=1.18442
train_loss run=0 interval=0 step=1070 loss=1.18361
train_loss run=0 interval=0 step=1071 loss=1.10614
train_loss run=0 interval=0 step=1072 loss=1.12786
train_loss run=0 interval=0 step=1073 loss=1.21988
train_loss run=0 interval=0 step=1074 loss=1.17337
train_loss run=0 interval=0 step=1075 loss=1.12216
train_loss run=0 interval=0 step=1076 loss=1.10879
train_loss run=0 interval=0 step=1077 loss=1.12266
train_loss run=0 interval=0 step=1078 loss=1.18234
train_loss run=0 interval=0 step=1079 loss=1.25472
train_loss run=0 interval=0 step=1080 loss=1.10703
train_loss run=0 interval=0 step=1081 loss=1.182
train_loss run=0 interval=0 step=1082 loss=1.18003
train_loss run=0 interval=0 step=1083 loss=1.11104
train_loss run=0 interval=0 step=1084 loss=1.21515
train_loss run=0 interval=0 step=1085 loss=1.09151
train_loss run=0 interval=0 step=1086 loss=1.14073
train_loss run=0 interval=0 step=1087 loss=1.14369
train_loss run=0 interval=0 step=1088 loss=1.12866
train_loss run=0 interval=0 step=1089 loss=1.10695
train_loss run=0 interval=0 step=1090 loss=1.13919
train_loss run=0 interval=0 step=1091 loss=1.22983
train_loss run=0 interval=0 step=1092 loss=1.15511
train_loss run=0 interval=0 step=1093 loss=1.12469
train_loss run=0 interval=0 step=1094 loss=1.13983
train_loss run=0 interval=0 step=1095 loss=1.11196
train_loss run=0 interval=0 step=1096 loss=1.20948
train_loss run=0 interval=0 step=1097 loss=1.18138
train_loss run=0 interval=0 step=1098 loss=1.18297
train_loss run=0 interval=0 step=1099 loss=1.05075
train_loss run=0 interval=0 step=1100 loss=1.14462
train_loss run=0 interval=0 step=1101 loss=1.1265
train_loss run=0 interval=0 step=1102 loss=1.1772
train_loss run=0 interval=0 step=1103 loss=1.12424
train_loss run=0 interval=0 step=1104 loss=1.1611
train_loss run=0 interval=0 step=1105 loss=1.08849
train_loss run=0 interval=0 step=1106 loss=1.1838
train_loss run=0 interval=0 step=1107 loss=1.15514
train_loss run=0 interval=0 step=1108 loss=1.17659
train_loss run=0 interval=0 step=1109 loss=1.17899
train_loss run=0 interval=0 step=1110 loss=1.10714
train_loss run=0 interval=0 step=1111 loss=1.08502
train_loss run=0 interval=0 step=1112 loss=1.22065
train_loss run=0 interval=0 step=1113 loss=1.2085
train_loss run=0 interval=0 step=1114 loss=1.08544
train_loss run=0 interval=0 step=1115 loss=1.15357
train_loss run=0 interval=0 step=1116 loss=1.15292
train_loss run=0 interval=0 step=1117 loss=1.0848
train_loss run=0 interval=0 step=1118 loss=1.13377
train_loss run=0 interval=0 step=1119 loss=1.13647
train_loss run=0 interval=0 step=1120 loss=1.13086
train_loss run=0 interval=0 step=1121 loss=1.15433
train_loss run=0 interval=0 step=1122 loss=1.18502
train_loss run=0 interval=0 step=1123 loss=1.13393
train_loss run=0 interval=0 step=1124 loss=1.15268
train_loss run=0 interval=0 step=1125 loss=1.14926
train_loss run=0 interval=0 step=1126 loss=1.16344
train_loss run=0 interval=0 step=1127 loss=1.11238
train_loss run=0 interval=0 step=1128 loss=1.15614
train_loss run=0 interval=0 step=1129 loss=1.08737
train_loss run=0 interval=0 step=1130 loss=1.13478
train_loss run=0 interval=0 step=1131 loss=1.10542
train_loss run=0 interval=0 step=1132 loss=1.11479
train_loss run=0 interval=0 step=1133 loss=1.20106
train_loss run=0 interval=0 step=1134 loss=1.32698
train_loss run=0 interval=0 step=1135 loss=1.14095
train_loss run=0 interval=0 step=1136 loss=1.1624
train_loss run=0 interval=0 step=1137 loss=1.15034
train_loss run=0 interval=0 step=1138 loss=1.16821
train_loss run=0 interval=0 step=1139 loss=1.10265
train_loss run=0 interval=0 step=1140 loss=1.11367
train_loss run=0 interval=0 step=1141 loss=1.18362
train_loss run=0 interval=0 step=1142 loss=1.14541
train_loss run=0 interval=0 step=1143 loss=1.1647
train_loss run=0 interval=0 step=1144 loss=1.16683
train_loss run=0 interval=0 step=1145 loss=1.11548
train_loss run=0 interval=0 step=1146 loss=1.15849
train_loss run=0 interval=0 step=1147 loss=1.20092
train_loss run=0 interval=0 step=1148 loss=1.04608
train_loss run=0 interval=0 step=1149 loss=1.10422
train_loss run=0 interval=0 step=1150 loss=1.12328
train_loss run=0 interval=0 step=1151 loss=1.11625
train_loss run=0 interval=0 step=1152 loss=1.06438
train_loss run=0 interval=0 step=1153 loss=1.0904
train_loss run=0 interval=0 step=1154 loss=1.19662
train_loss run=0 interval=0 step=1155 loss=1.1051
train_loss run=0 interval=0 step=1156 loss=1.13902
train_loss run=0 interval=0 step=1157 loss=1.10117
train_loss run=0 interval=0 step=1158 loss=1.27195
train_loss run=0 interval=0 step=1159 loss=1.22774
train_loss run=0 interval=0 step=1160 loss=1.23432
train_loss run=0 interval=0 step=1161 loss=1.11279
train_loss run=0 interval=0 step=1162 loss=1.15625
train_loss run=0 interval=0 step=1163 loss=1.09518
train_loss run=0 interval=0 step=1164 loss=1.14559
train_loss run=0 interval=0 step=1165 loss=1.15908
train_loss run=0 interval=0 step=1166 loss=1.08048
train_loss run=0 interval=0 step=1167 loss=1.18088
train_loss run=0 interval=0 step=1168 loss=1.14236
train_loss run=0 interval=0 step=1169 loss=1.22388
train_loss run=0 interval=0 step=1170 loss=1.2446
train_loss run=0 interval=0 step=1171 loss=1.1764
train_loss run=0 interval=0 step=1172 loss=1.20297
train_loss run=0 interval=0 step=1173 loss=1.1201
train_loss run=0 interval=0 step=1174 loss=1.10622
train_loss run=0 interval=0 step=1175 loss=1.15336
train_loss run=0 interval=0 step=1176 loss=1.09283
train_loss run=0 interval=0 step=1177 loss=1.13644
train_loss run=0 interval=0 step=1178 loss=1.1765
train_loss run=0 interval=0 step=1179 loss=1.05346
train_loss run=0 interval=0 step=1180 loss=1.12193
train_loss run=0 interval=0 step=1181 loss=1.11155
train_loss run=0 interval=0 step=1182 loss=1.14251
train_loss run=0 interval=0 step=1183 loss=1.11312
train_loss run=0 interval=0 step=1184 loss=1.09677
train_loss run=0 interval=0 step=1185 loss=1.19918
train_loss run=0 interval=0 step=1186 loss=1.11799
train_loss run=0 interval=0 step=1187 loss=1.20035
train_loss run=0 interval=0 step=1188 loss=1.10502
train_loss run=0 interval=0 step=1189 loss=1.18189
train_loss run=0 interval=0 step=1190 loss=1.19184
train_loss run=0 interval=0 step=1191 loss=1.18205
train_loss run=0 interval=0 step=1192 loss=1.13209
train_loss run=0 interval=0 step=1193 loss=1.19401
train_loss run=0 interval=0 step=1194 loss=1.12967
train_loss run=0 interval=0 step=1195 loss=1.14037
train_loss run=0 interval=0 step=1196 loss=1.09589
train_loss run=0 interval=0 step=1197 loss=1.12942
train_loss run=0 interval=0 step=1198 loss=1.17757
train_loss run=0 interval=0 step=1199 loss=1.14106
train_loss run=0 interval=0 step=1200 loss=1.1393
train_loss run=0 interval=0 step=1201 loss=1.09848
train_loss run=0 interval=0 step=1202 loss=1.143
train_loss run=0 interval=0 step=1203 loss=1.17268
train_loss run=0 interval=0 step=1204 loss=1.08567
train_loss run=0 interval=0 step=1205 loss=1.04702
train_loss run=0 interval=0 step=1206 loss=1.1703
train_loss run=0 interval=0 step=1207 loss=1.10377
train_loss run=0 interval=0 step=1208 loss=1.10365
train_loss run=0 interval=0 step=1209 loss=1.10302
train_loss run=0 interval=0 step=1210 loss=1.11741
train_loss run=0 interval=0 step=1211 loss=1.12332
train_loss run=0 interval=0 step=1212 loss=1.12526
train_loss run=0 interval=0 step=1213 loss=1.15058
train_loss run=0 interval=0 step=1214 loss=1.12001
train_loss run=0 interval=0 step=1215 loss=1.07694
train_loss run=0 interval=0 step=1216 loss=1.17769
train_loss run=0 interval=0 step=1217 loss=1.14645
train_loss run=0 interval=0 step=1218 loss=1.15025
train_loss run=0 interval=0 step=1219 loss=1.105
train_loss run=0 interval=0 step=1220 loss=1.14557
train_loss run=0 interval=0 step=1221 loss=1.11392
train_loss run=0 interval=0 step=1222 loss=1.17337
train_loss run=0 interval=0 step=1223 loss=1.14345
train_loss run=0 interval=0 step=1224 loss=1.1124
train_loss run=0 interval=0 step=1225 loss=1.12124
train_loss run=0 interval=0 step=1226 loss=1.11535
train_loss run=0 interval=0 step=1227 loss=1.15502
train_loss run=0 interval=0 step=1228 loss=1.13777
train_loss run=0 interval=0 step=1229 loss=1.11814
train_loss run=0 interval=0 step=1230 loss=1.12022
train_loss run=0 interval=0 step=1231 loss=1.11578
train_loss run=0 interval=0 step=1232 loss=1.10061
train_loss run=0 interval=0 step=1233 loss=1.10821
train_loss run=0 interval=0 step=1234 loss=1.12293
train_loss run=0 interval=0 step=1235 loss=1.23443
train_loss run=0 interval=0 step=1236 loss=1.07964
train_loss run=0 interval=0 step=1237 loss=1.12274
train_loss run=0 interval=0 step=1238 loss=1.07957
train_loss run=0 interval=0 step=1239 loss=1.12939
train_loss run=0 interval=0 step=1240 loss=1.15442
train_loss run=0 interval=0 step=1241 loss=1.12036
train_loss run=0 interval=0 step=1242 loss=1.06478
train_loss run=0 interval=0 step=1243 loss=1.24562
train_loss run=0 interval=0 step=1244 loss=1.06411
train_loss run=0 interval=0 step=1245 loss=1.12532
train_loss run=0 interval=0 step=1246 loss=1.12323
train_loss run=0 interval=0 step=1247 loss=1.11053
train_loss run=0 interval=0 step=1248 loss=1.12153
train_loss run=0 interval=0 step=1249 loss=1.12321
train_loss run=0 interval=0 step=1250 loss=1.09847
train_loss run=0 interval=0 step=1251 loss=1.07438
train_loss run=0 interval=0 step=1252 loss=1.09824
train_loss run=0 interval=0 step=1253 loss=1.17024
train_loss run=0 interval=0 step=1254 loss=1.07784
train_loss run=0 interval=0 step=1255 loss=1.07594
train_loss run=0 interval=0 step=1256 loss=1.1602
train_loss run=0 interval=0 step=1257 loss=1.08636
train_loss run=0 interval=0 step=1258 loss=1.08077
train_loss run=0 interval=0 step=1259 loss=1.15068
train_loss run=0 interval=0 step=1260 loss=1.16838
train_loss run=0 interval=0 step=1261 loss=1.07713
train_loss run=0 interval=0 step=1262 loss=1.08015
train_loss run=0 interval=0 step=1263 loss=1.15728
train_loss run=0 interval=0 step=1264 loss=1.10006
train_loss run=0 interval=0 step=1265 loss=1.1178
train_loss run=0 interval=0 step=1266 loss=1.05018
train_loss run=0 interval=0 step=1267 loss=1.08151
train_loss run=0 interval=0 step=1268 loss=1.12363
train_loss run=0 interval=0 step=1269 loss=1.11753
train_loss run=0 interval=0 step=1270 loss=1.13491
train_loss run=0 interval=0 step=1271 loss=1.00639
train_loss run=0 interval=0 step=1272 loss=1.1495
train_loss run=0 interval=0 step=1273 loss=1.14416
train_loss run=0 interval=0 step=1274 loss=1.07476
train_loss run=0 interval=0 step=1275 loss=1.0598
train_loss run=0 interval=0 step=1276 loss=1.09337
train_loss run=0 interval=0 step=1277 loss=1.14749
train_loss run=0 interval=0 step=1278 loss=1.13614
train_loss run=0 interval=0 step=1279 loss=1.1485
train_loss run=0 interval=0 step=1280 loss=1.08643
train_loss run=0 interval=0 step=1281 loss=1.07617
train_loss run=0 interval=0 step=1282 loss=1.10317
train_loss run=0 interval=0 step=1283 loss=1.12211
train_loss run=0 interval=0 step=1284 loss=1.07993
train_loss run=0 interval=0 step=1285 loss=1.04448
train_loss run=0 interval=0 step=1286 loss=1.17901
train_loss run=0 interval=0 step=1287 loss=1.09872
train_loss run=0 interval=0 step=1288 loss=1.11006
train_loss run=0 interval=0 step=1289 loss=1.1496
train_loss run=0 interval=0 step=1290 loss=1.12534
train_loss run=0 interval=0 step=1291 loss=1.14836
train_loss run=0 interval=0 step=1292 loss=1.13194
train_loss run=0 interval=0 step=1293 loss=1.06106
train_loss run=0 interval=0 step=1294 loss=1.09932
train_loss run=0 interval=0 step=1295 loss=1.12061
train_loss run=0 interval=0 step=1296 loss=1.08698
train_loss run=0 interval=0 step=1297 loss=1.08855
train_loss run=0 interval=0 step=1298 loss=1.09089
train_loss run=0 interval=0 step=1299 loss=1.0876
train_loss run=0 interval=0 step=1300 loss=1.17671
train_loss run=0 interval=0 step=1301 loss=1.14899
train_loss run=0 interval=0 step=1302 loss=1.15393
train_loss run=0 interval=0 step=1303 loss=1.13449
train_loss run=0 interval=0 step=1304 loss=1.14582
train_loss run=0 interval=0 step=1305 loss=1.06461
train_loss run=0 interval=0 step=1306 loss=1.13689
train_loss run=0 interval=0 step=1307 loss=1.19102
train_loss run=0 interval=0 step=1308 loss=1.13133
train_loss run=0 interval=0 step=1309 loss=1.09424
train_loss run=0 interval=0 step=1310 loss=1.07659
train_loss run=0 interval=0 step=1311 loss=1.10236
train_loss run=0 interval=0 step=1312 loss=1.08711
train_loss run=0 interval=0 step=1313 loss=1.18583
train_loss run=0 interval=0 step=1314 loss=1.22552
train_loss run=0 interval=0 step=1315 loss=1.13161
train_loss run=0 interval=0 step=1316 loss=1.04006
train_loss run=0 interval=0 step=1317 loss=1.10036
train_loss run=0 interval=0 step=1318 loss=1.06691
train_loss run=0 interval=0 step=1319 loss=1.14305
train_loss run=0 interval=0 step=1320 loss=1.11334
train_loss run=0 interval=0 step=1321 loss=1.16859
train_loss run=0 interval=0 step=1322 loss=1.11267
train_loss run=0 interval=0 step=1323 loss=1.10513
train_loss run=0 interval=0 step=1324 loss=1.09039
train_loss run=0 interval=0 step=1325 loss=1.14335
train_loss run=0 interval=0 step=1326 loss=1.17512
train_loss run=0 interval=0 step=1327 loss=1.18133
train_loss run=0 interval=0 step=1328 loss=1.10014
train_loss run=0 interval=0 step=1329 loss=1.17776
train_loss run=0 interval=0 step=1330 loss=1.11359
train_loss run=0 interval=0 step=1331 loss=1.14153
train_loss run=0 interval=0 step=1332 loss=1.14915
train_loss run=0 interval=0 step=1333 loss=1.12951
train_loss run=0 interval=0 step=1334 loss=1.14021
train_loss run=0 interval=0 step=1335 loss=1.17514
train_loss run=0 interval=0 step=1336 loss=1.10267
train_loss run=0 interval=0 step=1337 loss=1.11496
train_loss run=0 interval=0 step=1338 loss=1.15019
train_loss run=0 interval=0 step=1339 loss=1.0941
train_loss run=0 interval=0 step=1340 loss=1.09418
train_loss run=0 interval=0 step=1341 loss=1.12605
train_loss run=0 interval=0 step=1342 loss=1.10653
train_loss run=0 interval=0 step=1343 loss=1.11425
train_loss run=0 interval=0 step=1344 loss=1.09259
train_loss run=0 interval=0 step=1345 loss=1.11551
train_loss run=0 interval=0 step=1346 loss=1.10291
train_loss run=0 interval=0 step=1347 loss=1.15126
train_loss run=0 interval=0 step=1348 loss=1.14681
train_loss run=0 interval=0 step=1349 loss=1.16722
train_loss run=0 interval=0 step=1350 loss=1.17435
train_loss run=0 interval=0 step=1351 loss=1.12874
train_loss run=0 interval=0 step=1352 loss=1.14539
train_loss run=0 interval=0 step=1353 loss=1.19225
train_loss run=0 interval=0 step=1354 loss=1.09935
train_loss run=0 interval=0 step=1355 loss=1.12354
train_loss run=0 interval=0 step=1356 loss=1.09039
train_loss run=0 interval=0 step=1357 loss=1.12663
train_loss run=0 interval=0 step=1358 loss=1.15145
train_loss run=0 interval=0 step=1359 loss=1.11496
train_loss run=0 interval=0 step=1360 loss=1.1211
train_loss run=0 interval=0 step=1361 loss=1.12933
train_loss run=0 interval=0 step=1362 loss=1.10547
train_loss run=0 interval=0 step=1363 loss=1.14661
train_loss run=0 interval=0 step=1364 loss=1.11244
train_loss run=0 interval=0 step=1365 loss=1.03557
train_loss run=0 interval=0 step=1366 loss=1.1383
train_loss run=0 interval=0 step=1367 loss=1.05937
train_loss run=0 interval=0 step=1368 loss=1.10006
train_loss run=0 interval=0 step=1369 loss=1.10281
train_loss run=0 interval=0 step=1370 loss=1.11563
train_loss run=0 interval=0 step=1371 loss=1.11617
train_loss run=0 interval=0 step=1372 loss=1.1315
train_loss run=0 interval=0 step=1373 loss=1.06185
train_loss run=0 interval=0 step=1374 loss=1.07939
train_loss run=0 interval=0 step=1375 loss=1.10692
train_loss run=0 interval=0 step=1376 loss=1.09106
train_loss run=0 interval=0 step=1377 loss=1.15134
train_loss run=0 interval=0 step=1378 loss=1.18148
train_loss run=0 interval=0 step=1379 loss=1.11504
train_loss run=0 interval=0 step=1380 loss=1.17623
train_loss run=0 interval=0 step=1381 loss=1.07517
train_loss run=0 interval=0 step=1382 loss=1.21155
train_loss run=0 interval=0 step=1383 loss=1.03902
train_loss run=0 interval=0 step=1384 loss=1.05515
train_loss run=0 interval=0 step=1385 loss=1.1261
train_loss run=0 interval=0 step=1386 loss=1.10133
train_loss run=0 interval=0 step=1387 loss=1.106
train_loss run=0 interval=0 step=1388 loss=1.15852
train_loss run=0 interval=0 step=1389 loss=1.12792
train_loss run=0 interval=0 step=1390 loss=1.08721
train_loss run=0 interval=0 step=1391 loss=1.0545
train_loss run=0 interval=0 step=1392 loss=1.11924
train_loss run=0 interval=0 step=1393 loss=1.1342
train_loss run=0 interval=0 step=1394 loss=1.14267
train_loss run=0 interval=0 step=1395 loss=1.12874
train_loss run=0 interval=0 step=1396 loss=1.07141
train_loss run=0 interval=0 step=1397 loss=1.14545
train_loss run=0 interval=0 step=1398 loss=1.0618
train_loss run=0 interval=0 step=1399 loss=1.13433
train_loss run=0 interval=0 step=1400 loss=1.20984
train_loss run=0 interval=0 step=1401 loss=1.14312
train_loss run=0 interval=0 step=1402 loss=1.12365
train_loss run=0 interval=0 step=1403 loss=1.13738
train_loss run=0 interval=0 step=1404 loss=1.16465
train_loss run=0 interval=0 step=1405 loss=1.13015
train_loss run=0 interval=0 step=1406 loss=1.14064
train_loss run=0 interval=0 step=1407 loss=1.09272
train_loss run=0 interval=0 step=1408 loss=1.09959
train_loss run=0 interval=0 step=1409 loss=1.12196
train_loss run=0 interval=0 step=1410 loss=1.04996
train_loss run=0 interval=0 step=1411 loss=1.15465
train_loss run=0 interval=0 step=1412 loss=1.08227
train_loss run=0 interval=0 step=1413 loss=1.04969
train_loss run=0 interval=0 step=1414 loss=1.10003
train_loss run=0 interval=0 step=1415 loss=1.06965
train_loss run=0 interval=0 step=1416 loss=1.09194
train_loss run=0 interval=0 step=1417 loss=1.07058
train_loss run=0 interval=0 step=1418 loss=1.10528
train_loss run=0 interval=0 step=1419 loss=1.10355
train_loss run=0 interval=0 step=1420 loss=1.05865
train_loss run=0 interval=0 step=1421 loss=1.15404
train_loss run=0 interval=0 step=1422 loss=1.13306
train_loss run=0 interval=0 step=1423 loss=1.10293
train_loss run=0 interval=0 step=1424 loss=1.07153
train_loss run=0 interval=0 step=1425 loss=1.11393
train_loss run=0 interval=0 step=1426 loss=1.08903
train_loss run=0 interval=0 step=1427 loss=1.17172
train_loss run=0 interval=0 step=1428 loss=1.00265
train_loss run=0 interval=0 step=1429 loss=1.1205
train_loss run=0 interval=0 step=1430 loss=1.14937
train_loss run=0 interval=0 step=1431 loss=1.08773
train_loss run=0 interval=0 step=1432 loss=1.1129
train_loss run=0 interval=0 step=1433 loss=1.13019
train_loss run=0 interval=0 step=1434 loss=1.12561
train_loss run=0 interval=0 step=1435 loss=1.12421
train_loss run=0 interval=0 step=1436 loss=1.12519
train_loss run=0 interval=0 step=1437 loss=1.12109
train_loss run=0 interval=0 step=1438 loss=1.11575
train_loss run=0 interval=0 step=1439 loss=1.1132
train_loss run=0 interval=0 step=1440 loss=1.14703
train_loss run=0 interval=0 step=1441 loss=1.10337
train_loss run=0 interval=0 step=1442 loss=1.14215
train_loss run=0 interval=0 step=1443 loss=1.07567
train_loss run=0 interval=0 step=1444 loss=1.1659
train_loss run=0 interval=0 step=1445 loss=1.08608
train_loss run=0 interval=0 step=1446 loss=1.09084
train_loss run=0 interval=0 step=1447 loss=1.12907
train_loss run=0 interval=0 step=1448 loss=1.05823
train_loss run=0 interval=0 step=1449 loss=1.10179
train_loss run=0 interval=0 step=1450 loss=1.12901
train_loss run=0 interval=0 step=1451 loss=1.06358
train_loss run=0 interval=0 step=1452 loss=1.2293
train_loss run=0 interval=0 step=1453 loss=1.11966
train_loss run=0 interval=0 step=1454 loss=1.09237
train_loss run=0 interval=0 step=1455 loss=1.09165
train_loss run=0 interval=0 step=1456 loss=1.04559
train_loss run=0 interval=0 step=1457 loss=1.12717
train_loss run=0 interval=0 step=1458 loss=1.17097
train_loss run=0 interval=0 step=1459 loss=1.11062
train_loss run=0 interval=0 step=1460 loss=1.11322
train_loss run=0 interval=0 step=1461 loss=1.07187
train_loss run=0 interval=0 step=1462 loss=1.10642
train_loss run=0 interval=0 step=1463 loss=1.09618
train_loss run=0 interval=0 step=1464 loss=1.09586
train_loss run=0 interval=0 step=1465 loss=1.10607
train_loss run=0 interval=0 step=1466 loss=1.1193
train_loss run=0 interval=0 step=1467 loss=1.09045
train_loss run=0 interval=0 step=1468 loss=1.03768
train_loss run=0 interval=0 step=1469 loss=1.08781
train_loss run=0 interval=0 step=1470 loss=1.13828
train_loss run=0 interval=0 step=1471 loss=1.08484
train_loss run=0 interval=0 step=1472 loss=1.08334
train_loss run=0 interval=0 step=1473 loss=1.08455
train_loss run=0 interval=0 step=1474 loss=1.0935
train_loss run=0 interval=0 step=1475 loss=1.16156
train_loss run=0 interval=0 step=1476 loss=1.14533
train_loss run=0 interval=0 step=1477 loss=1.10153
train_loss run=0 interval=0 step=1478 loss=1.06742
train_loss run=0 interval=0 step=1479 loss=1.17916
train_loss run=0 interval=0 step=1480 loss=1.14026
train_loss run=0 interval=0 step=1481 loss=1.1362
train_loss run=0 interval=0 step=1482 loss=1.08197
train_loss run=0 interval=0 step=1483 loss=1.10421
train_loss run=0 interval=0 step=1484 loss=1.11042
train_loss run=0 interval=0 step=1485 loss=1.06218
train_loss run=0 interval=0 step=1486 loss=1.15503
train_loss run=0 interval=0 step=1487 loss=1.06689
train_loss run=0 interval=0 step=1488 loss=1.04993
train_loss run=0 interval=0 step=1489 loss=1.10035
train_loss run=0 interval=0 step=1490 loss=1.13069
train_loss run=0 interval=0 step=1491 loss=1.08192
train_loss run=0 interval=0 step=1492 loss=1.10217
train_loss run=0 interval=0 step=1493 loss=1.24485
train_loss run=0 interval=0 step=1494 loss=1.08054
train_loss run=0 interval=0 step=1495 loss=1.11393
train_loss run=0 interval=0 step=1496 loss=1.06859
train_loss run=0 interval=0 step=1497 loss=1.036
train_loss run=0 interval=0 step=1498 loss=1.07889
train_loss run=0 interval=0 step=1499 loss=1.17169
train_loss run=0 interval=0 step=1500 loss=1.09963
train_loss run=0 interval=0 step=1501 loss=1.12883
train_loss run=0 interval=0 step=1502 loss=1.14657
train_loss run=0 interval=0 step=1503 loss=1.17544
train_loss run=0 interval=0 step=1504 loss=1.07598
train_loss run=0 interval=0 step=1505 loss=1.16238
train_loss run=0 interval=0 step=1506 loss=1.09472
train_loss run=0 interval=0 step=1507 loss=1.06213
train_loss run=0 interval=0 step=1508 loss=1.12785
train_loss run=0 interval=0 step=1509 loss=1.12203
train_loss run=0 interval=0 step=1510 loss=1.06902
train_loss run=0 interval=0 step=1511 loss=1.1422
train_loss run=0 interval=0 step=1512 loss=1.2204
train_loss run=0 interval=0 step=1513 loss=1.04699
train_loss run=0 interval=0 step=1514 loss=1.13629
train_loss run=0 interval=0 step=1515 loss=1.1083
train_loss run=0 interval=0 step=1516 loss=1.17921
train_loss run=0 interval=0 step=1517 loss=1.08816
train_loss run=0 interval=0 step=1518 loss=1.17961
train_loss run=0 interval=0 step=1519 loss=1.07902
train_loss run=0 interval=0 step=1520 loss=1.09798
train_loss run=0 interval=0 step=1521 loss=1.13618
train_loss run=0 interval=0 step=1522 loss=1.1101
train_loss run=0 interval=0 step=1523 loss=1.10529
train_loss run=0 interval=0 step=1524 loss=1.09653
train_loss run=0 interval=0 step=1525 loss=1.09737
train_loss run=0 interval=0 step=1526 loss=1.08044
train_loss run=0 interval=0 step=1527 loss=1.04645
train_loss run=0 interval=0 step=1528 loss=1.1004
train_loss run=0 interval=0 step=1529 loss=1.14738
train_loss run=0 interval=0 step=1530 loss=1.07339
train_loss run=0 interval=0 step=1531 loss=1.09353
train_loss run=0 interval=0 step=1532 loss=1.0629
train_loss run=0 interval=0 step=1533 loss=1.06038
train_loss run=0 interval=0 step=1534 loss=1.11607
train_loss run=0 interval=0 step=1535 loss=1.12198
train_loss run=0 interval=0 step=1536 loss=1.1882
train_loss run=0 interval=0 step=1537 loss=1.10182
train_loss run=0 interval=0 step=1538 loss=1.0844
train_loss run=0 interval=0 step=1539 loss=1.10547
train_loss run=0 interval=0 step=1540 loss=1.09049
train_loss run=0 interval=0 step=1541 loss=1.14514
train_loss run=0 interval=0 step=1542 loss=1.06113
train_loss run=0 interval=0 step=1543 loss=1.09894
train_loss run=0 interval=0 step=1544 loss=1.11298
train_loss run=0 interval=0 step=1545 loss=1.12449
train_loss run=0 interval=0 step=1546 loss=1.05916
train_loss run=0 interval=0 step=1547 loss=1.02318
train_loss run=0 interval=0 step=1548 loss=1.07305
train_loss run=0 interval=0 step=1549 loss=1.11089
train_loss run=0 interval=0 step=1550 loss=1.16203
train_loss run=0 interval=0 step=1551 loss=1.11159
train_loss run=0 interval=0 step=1552 loss=1.1883
train_loss run=0 interval=0 step=1553 loss=1.08719
train_loss run=0 interval=0 step=1554 loss=1.12641
train_loss run=0 interval=0 step=1555 loss=1.1157
train_loss run=0 interval=0 step=1556 loss=1.13266
train_loss run=0 interval=0 step=1557 loss=1.1123
train_loss run=0 interval=0 step=1558 loss=1.14349
train_loss run=0 interval=0 step=1559 loss=1.09095
train_loss run=0 interval=0 step=1560 loss=1.0924
train_loss run=0 interval=0 step=1561 loss=1.08645
train_loss run=0 interval=0 step=1562 loss=1.11677
train_loss run=0 interval=0 step=1563 loss=1.11468
train_loss run=0 interval=0 step=1564 loss=1.17363
train_loss run=0 interval=0 step=1565 loss=1.07915
train_loss run=0 interval=0 step=1566 loss=1.08085
train_loss run=0 interval=0 step=1567 loss=1.10701
train_loss run=0 interval=0 step=1568 loss=1.05003
train_loss run=0 interval=0 step=1569 loss=1.12269
train_loss run=0 interval=0 step=1570 loss=1.14304
train_loss run=0 interval=0 step=1571 loss=1.15522
train_loss run=0 interval=0 step=1572 loss=1.10378
train_loss run=0 interval=0 step=1573 loss=1.07608
train_loss run=0 interval=0 step=1574 loss=1.08963
train_loss run=0 interval=0 step=1575 loss=1.15449
train_loss run=0 interval=0 step=1576 loss=1.1432
train_loss run=0 interval=0 step=1577 loss=1.06565
train_loss run=0 interval=0 step=1578 loss=1.15206
train_loss run=0 interval=0 step=1579 loss=1.05262
train_loss run=0 interval=0 step=1580 loss=1.13964
train_loss run=0 interval=0 step=1581 loss=1.14019
train_loss run=0 interval=0 step=1582 loss=1.11712
train_loss run=0 interval=0 step=1583 loss=1.09121
train_loss run=0 interval=0 step=1584 loss=1.08024
train_loss run=0 interval=0 step=1585 loss=1.09843
train_loss run=0 interval=0 step=1586 loss=1.09422
train_loss run=0 interval=0 step=1587 loss=1.06859
train_loss run=0 interval=0 step=1588 loss=1.08308
train_loss run=0 interval=0 step=1589 loss=1.15967
train_loss run=0 interval=0 step=1590 loss=1.07716
train_loss run=0 interval=0 step=1591 loss=1.17048
train_loss run=0 interval=0 step=1592 loss=1.1692
train_loss run=0 interval=0 step=1593 loss=1.17713
train_loss run=0 interval=0 step=1594 loss=1.09574
train_loss run=0 interval=0 step=1595 loss=1.0866
train_loss run=0 interval=0 step=1596 loss=1.16585
train_loss run=0 interval=0 step=1597 loss=1.10708
train_loss run=0 interval=0 step=1598 loss=1.09893
train_loss run=0 interval=0 step=1599 loss=1.08241
train_loss run=0 interval=0 step=1600 loss=1.03752
train_loss run=0 interval=0 step=1601 loss=1.05243
train_loss run=0 interval=0 step=1602 loss=1.14676
train_loss run=0 interval=0 step=1603 loss=1.07071
train_loss run=0 interval=0 step=1604 loss=1.05345
train_loss run=0 interval=0 step=1605 loss=1.08465
train_loss run=0 interval=0 step=1606 loss=1.12373
train_loss run=0 interval=0 step=1607 loss=1.04395
train_loss run=0 interval=0 step=1608 loss=1.16718
train_loss run=0 interval=0 step=1609 loss=1.08776
train_loss run=0 interval=0 step=1610 loss=1.1192
train_loss run=0 interval=0 step=1611 loss=1.05269
train_loss run=0 interval=0 step=1612 loss=1.07749
train_loss run=0 interval=0 step=1613 loss=1.07721
train_loss run=0 interval=0 step=1614 loss=1.09763
train_loss run=0 interval=0 step=1615 loss=1.07816
train_loss run=0 interval=0 step=1616 loss=1.05307
train_loss run=0 interval=0 step=1617 loss=1.07581
train_loss run=0 interval=0 step=1618 loss=1.04927
train_loss run=0 interval=0 step=1619 loss=1.04972
train_loss run=0 interval=0 step=1620 loss=1.0795
train_loss run=0 interval=0 step=1621 loss=1.12023
train_loss run=0 interval=0 step=1622 loss=1.07139
train_loss run=0 interval=0 step=1623 loss=1.02643
train_loss run=0 interval=0 step=1624 loss=1.17476
train_loss run=0 interval=0 step=1625 loss=1.00977
train_loss run=0 interval=0 step=1626 loss=1.06637
train_loss run=0 interval=0 step=1627 loss=1.10539
train_loss run=0 interval=0 step=1628 loss=1.09164
train_loss run=0 interval=0 step=1629 loss=1.09035
train_loss run=0 interval=0 step=1630 loss=1.0375
train_loss run=0 interval=0 step=1631 loss=1.20686
train_loss run=0 interval=0 step=1632 loss=1.06014
train_loss run=0 interval=0 step=1633 loss=1.05407
train_loss run=0 interval=0 step=1634 loss=1.07514
train_loss run=0 interval=0 step=1635 loss=1.10228
train_loss run=0 interval=0 step=1636 loss=1.04024
train_loss run=0 interval=0 step=1637 loss=1.09151
train_loss run=0 interval=0 step=1638 loss=1.10783
train_loss run=0 interval=0 step=1639 loss=1.05256
train_loss run=0 interval=0 step=1640 loss=1.0447
train_loss run=0 interval=0 step=1641 loss=1.06545
train_loss run=0 interval=0 step=1642 loss=1.05681
train_loss run=0 interval=0 step=1643 loss=1.13144
train_loss run=0 interval=0 step=1644 loss=1.08169
train_loss run=0 interval=0 step=1645 loss=1.07266
train_loss run=0 interval=0 step=1646 loss=1.07305
train_loss run=0 interval=0 step=1647 loss=1.07422
train_loss run=0 interval=0 step=1648 loss=1.15243
train_loss run=0 interval=0 step=1649 loss=1.03138
train_loss run=0 interval=0 step=1650 loss=1.08498
train_loss run=0 interval=0 step=1651 loss=1.12959
train_loss run=0 interval=0 step=1652 loss=1.10635
train_loss run=0 interval=0 step=1653 loss=1.12868
train_loss run=0 interval=0 step=1654 loss=1.05744
train_loss run=0 interval=0 step=1655 loss=1.10318
train_loss run=0 interval=0 step=1656 loss=1.10884
train_loss run=0 interval=0 step=1657 loss=1.08516
train_loss run=0 interval=0 step=1658 loss=1.11838
train_loss run=0 interval=0 step=1659 loss=1.07869
train_loss run=0 interval=0 step=1660 loss=1.0814
train_loss run=0 interval=0 step=1661 loss=1.08611
train_loss run=0 interval=0 step=1662 loss=1.07821
train_loss run=0 interval=0 step=1663 loss=1.07659
train_loss run=0 interval=0 step=1664 loss=1.07646
train_loss run=0 interval=0 step=1665 loss=1.01087
train_loss run=0 interval=0 step=1666 loss=1.06384
train_loss run=0 interval=0 step=1667 loss=1.08337
train_loss run=0 interval=0 step=1668 loss=1.02894
train_loss run=0 interval=0 step=1669 loss=1.09492
train_loss run=0 interval=0 step=1670 loss=1.08763
train_loss run=0 interval=0 step=1671 loss=1.04315
train_loss run=0 interval=0 step=1672 loss=1.07324
train_loss run=0 interval=0 step=1673 loss=1.06731
train_loss run=0 interval=0 step=1674 loss=1.10251
train_loss run=0 interval=0 step=1675 loss=1.05812
train_loss run=0 interval=0 step=1676 loss=1.0483
train_loss run=0 interval=0 step=1677 loss=1.0319
train_loss run=0 interval=0 step=1678 loss=1.08601
train_loss run=0 interval=0 step=1679 loss=1.0812
train_loss run=0 interval=0 step=1680 loss=1.03514
train_loss run=0 interval=0 step=1681 loss=1.09538
train_loss run=0 interval=0 step=1682 loss=1.06344
train_loss run=0 interval=0 step=1683 loss=1.1129
train_loss run=0 interval=0 step=1684 loss=1.11275
train_loss run=0 interval=0 step=1685 loss=1.18874
train_loss run=0 interval=0 step=1686 loss=1.07065
train_loss run=0 interval=0 step=1687 loss=1.11302
train_loss run=0 interval=0 step=1688 loss=1.04055
train_loss run=0 interval=0 step=1689 loss=1.0549
train_loss run=0 interval=0 step=1690 loss=1.12119
train_loss run=0 interval=0 step=1691 loss=1.05861
train_loss run=0 interval=0 step=1692 loss=1.04591
train_loss run=0 interval=0 step=1693 loss=1.04488
train_loss run=0 interval=0 step=1694 loss=1.13971
train_loss run=0 interval=0 step=1695 loss=1.10592
train_loss run=0 interval=0 step=1696 loss=1.09714
train_loss run=0 interval=0 step=1697 loss=1.1062
train_loss run=0 interval=0 step=1698 loss=1.11641
train_loss run=0 interval=0 step=1699 loss=1.08499
train_loss run=0 interval=0 step=1700 loss=1.07222
train_loss run=0 interval=0 step=1701 loss=1.04848
train_loss run=0 interval=0 step=1702 loss=1.07505
train_loss run=0 interval=0 step=1703 loss=1.11974
train_loss run=0 interval=0 step=1704 loss=1.07199
train_loss run=0 interval=0 step=1705 loss=1.05427
train_loss run=0 interval=0 step=1706 loss=1.08319
train_loss run=0 interval=0 step=1707 loss=1.03961
train_loss run=0 interval=0 step=1708 loss=1.02284
train_loss run=0 interval=0 step=1709 loss=1.05022
train_loss run=0 interval=0 step=1710 loss=1.12132
train_loss run=0 interval=0 step=1711 loss=1.09797
train_loss run=0 interval=0 step=1712 loss=1.0809
train_loss run=0 interval=0 step=1713 loss=1.05111
train_loss run=0 interval=0 step=1714 loss=0.987237
train_loss run=0 interval=0 step=1715 loss=1.10309
train_loss run=0 interval=0 step=1716 loss=1.1022
train_loss run=0 interval=0 step=1717 loss=1.08095
train_loss run=0 interval=0 step=1718 loss=1.09556
train_loss run=0 interval=0 step=1719 loss=1.05116
train_loss run=0 interval=0 step=1720 loss=1.02127
train_loss run=0 interval=0 step=1721 loss=1.2272
train_loss run=0 interval=0 step=1722 loss=1.01637
train_loss run=0 interval=0 step=1723 loss=1.14779
train_loss run=0 interval=0 step=1724 loss=1.05298
train_loss run=0 interval=0 step=1725 loss=1.08038
train_loss run=0 interval=0 step=1726 loss=1.0608
train_loss run=0 interval=0 step=1727 loss=1.08411
train_loss run=0 interval=0 step=1728 loss=1.05354
train_loss run=0 interval=0 step=1729 loss=1.05737
train_loss run=0 interval=0 step=1730 loss=1.08258
train_loss run=0 interval=0 step=1731 loss=1.04916
train_loss run=0 interval=0 step=1732 loss=1.09743
train_loss run=0 interval=0 step=1733 loss=1.09613
train_loss run=0 interval=0 step=1734 loss=1.0631
train_loss run=0 interval=0 step=1735 loss=1.11303
train_loss run=0 interval=0 step=1736 loss=1.11913
train_loss run=0 interval=0 step=1737 loss=1.08447
train_loss run=0 interval=0 step=1738 loss=1.07953
train_loss run=0 interval=0 step=1739 loss=1.05547
train_loss run=0 interval=0 step=1740 loss=1.14643
train_loss run=0 interval=0 step=1741 loss=1.0962
train_loss run=0 interval=0 step=1742 loss=1.08513
train_loss run=0 interval=0 step=1743 loss=1.06501
train_loss run=0 interval=0 step=1744 loss=1.06535
train_loss run=0 interval=0 step=1745 loss=1.05999
train_loss run=0 interval=0 step=1746 loss=1.14277
train_loss run=0 interval=0 step=1747 loss=1.10775
train_loss run=0 interval=0 step=1748 loss=1.02145
train_loss run=0 interval=0 step=1749 loss=1.08271
train_loss run=0 interval=0 step=1750 loss=1.22071
train_loss run=0 interval=0 step=1751 loss=1.07738
train_loss run=0 interval=0 step=1752 loss=1.08641
train_loss run=0 interval=0 step=1753 loss=1.05295
train_loss run=0 interval=0 step=1754 loss=1.15485
train_loss run=0 interval=0 step=1755 loss=1.04989
train_loss run=0 interval=0 step=1756 loss=1.0713
train_loss run=0 interval=0 step=1757 loss=1.08716
train_loss run=0 interval=0 step=1758 loss=1.04725
train_loss run=0 interval=0 step=1759 loss=1.05464
train_loss run=0 interval=0 step=1760 loss=1.06284
train_loss run=0 interval=0 step=1761 loss=1.10213
train_loss run=0 interval=0 step=1762 loss=1.04845
train_loss run=0 interval=0 step=1763 loss=1.10606
train_loss run=0 interval=0 step=1764 loss=1.05367
train_loss run=0 interval=0 step=1765 loss=1.06173
train_loss run=0 interval=0 step=1766 loss=1.02077
train_loss run=0 interval=0 step=1767 loss=1.08328
train_loss run=0 interval=0 step=1768 loss=1.07902
train_loss run=0 interval=0 step=1769 loss=1.11936
train_loss run=0 interval=0 step=1770 loss=1.08154
train_loss run=0 interval=0 step=1771 loss=1.01934
train_loss run=0 interval=0 step=1772 loss=1.10679
train_loss run=0 interval=0 step=1773 loss=1.07971
train_loss run=0 interval=0 step=1774 loss=1.01691
train_loss run=0 interval=0 step=1775 loss=1.09644
train_loss run=0 interval=0 step=1776 loss=1.12318
train_loss run=0 interval=0 step=1777 loss=1.0188
train_loss run=0 interval=0 step=1778 loss=1.06311
train_loss run=0 interval=0 step=1779 loss=1.04239
train_loss run=0 interval=0 step=1780 loss=1.02909
train_loss run=0 interval=0 step=1781 loss=1.08162
train_loss run=0 interval=0 step=1782 loss=1.04819
train_loss run=0 interval=0 step=1783 loss=1.02229
train_loss run=0 interval=0 step=1784 loss=1.02462
train_loss run=0 interval=0 step=1785 loss=1.09245
train_loss run=0 interval=0 step=1786 loss=1.07613
train_loss run=0 interval=0 step=1787 loss=1.09241
train_loss run=0 interval=0 step=1788 loss=1.08568
train_loss run=0 interval=0 step=1789 loss=1.08164
train_loss run=0 interval=0 step=1790 loss=1.02041
train_loss run=0 interval=0 step=1791 loss=1.11813
train_loss run=0 interval=0 step=1792 loss=1.06749
train_loss run=0 interval=0 step=1793 loss=1.11358
train_loss run=0 interval=0 step=1794 loss=1.02343
train_loss run=0 interval=0 step=1795 loss=1.04745
train_loss run=0 interval=0 step=1796 loss=1.00625
train_loss run=0 interval=0 step=1797 loss=1.09836
train_loss run=0 interval=0 step=1798 loss=1.06921
train_loss run=0 interval=0 step=1799 loss=1.08508
train_loss run=0 interval=0 step=1800 loss=1.03375
train_loss run=0 interval=0 step=1801 loss=1.12419
train_loss run=0 interval=0 step=1802 loss=1.10019
train_loss run=0 interval=0 step=1803 loss=1.12954
train_loss run=0 interval=0 step=1804 loss=1.12307
train_loss run=0 interval=0 step=1805 loss=1.0532
train_loss run=0 interval=0 step=1806 loss=1.15843
train_loss run=0 interval=0 step=1807 loss=1.05258
train_loss run=0 interval=0 step=1808 loss=1.00679
train_loss run=0 interval=0 step=1809 loss=1.05037
train_loss run=0 interval=0 step=1810 loss=1.12714
train_loss run=0 interval=0 step=1811 loss=1.11961
train_loss run=0 interval=0 step=1812 loss=1.06254
train_loss run=0 interval=0 step=1813 loss=1.092
train_loss run=0 interval=0 step=1814 loss=1.07679
train_loss run=0 interval=0 step=1815 loss=1.09101
train_loss run=0 interval=0 step=1816 loss=1.0754
train_loss run=0 interval=0 step=1817 loss=1.00714
train_loss run=0 interval=0 step=1818 loss=1.04464
train_loss run=0 interval=0 step=1819 loss=1.10305
train_loss run=0 interval=0 step=1820 loss=1.08656
train_loss run=0 interval=0 step=1821 loss=1.07012
train_loss run=0 interval=0 step=1822 loss=1.04579
train_loss run=0 interval=0 step=1823 loss=1.13573
train_loss run=0 interval=0 step=1824 loss=1.07617
train_loss run=0 interval=0 step=1825 loss=1.067
train_loss run=0 interval=0 step=1826 loss=1.0335
train_loss run=0 interval=0 step=1827 loss=1.07857
train_loss run=0 interval=0 step=1828 loss=1.0662
train_loss run=0 interval=0 step=1829 loss=0.987852
train_loss run=0 interval=0 step=1830 loss=1.10539
train_loss run=0 interval=0 step=1831 loss=1.03755
train_loss run=0 interval=0 step=1832 loss=1.04926
train_loss run=0 interval=0 step=1833 loss=1.11902
train_loss run=0 interval=0 step=1834 loss=1.06649
train_loss run=0 interval=0 step=1835 loss=1.0681
train_loss run=0 interval=0 step=1836 loss=1.1128
train_loss run=0 interval=0 step=1837 loss=1.08472
train_loss run=0 interval=0 step=1838 loss=1.07695
train_loss run=0 interval=0 step=1839 loss=1.04075
train_loss run=0 interval=0 step=1840 loss=1.11808
train_loss run=0 interval=0 step=1841 loss=1.03725
train_loss run=0 interval=0 step=1842 loss=1.05495
train_loss run=0 interval=0 step=1843 loss=1.04133
train_loss run=0 interval=0 step=1844 loss=1.03309
train_loss run=0 interval=0 step=1845 loss=1.10896
train_loss run=0 interval=0 step=1846 loss=1.13621
train_loss run=0 interval=0 step=1847 loss=1.07555
train_loss run=0 interval=0 step=1848 loss=1.09665
train_loss run=0 interval=0 step=1849 loss=1.06291
train_loss run=0 interval=0 step=1850 loss=1.09777
train_loss run=0 interval=0 step=1851 loss=1.14285
train_loss run=0 interval=0 step=1852 loss=1.11877
train_loss run=0 interval=0 step=1853 loss=1.17915
train_loss run=0 interval=0 step=1854 loss=1.06234
train_loss run=0 interval=0 step=1855 loss=1.07878
train_loss run=0 interval=0 step=1856 loss=1.0506
train_loss run=0 interval=0 step=1857 loss=1.07344
train_loss run=0 interval=0 step=1858 loss=1.08452
train_loss run=0 interval=0 step=1859 loss=1.07597
train_loss run=0 interval=0 step=1860 loss=1.02573
train_loss run=0 interval=0 step=1861 loss=1.04048
train_loss run=0 interval=0 step=1862 loss=1.06228
train_loss run=0 interval=0 step=1863 loss=1.07746
train_loss run=0 interval=0 step=1864 loss=1.0159
train_loss run=0 interval=0 step=1865 loss=1.08169
train_loss run=0 interval=0 step=1866 loss=1.0517
train_loss run=0 interval=0 step=1867 loss=1.03644
train_loss run=0 interval=0 step=1868 loss=1.1328
train_loss run=0 interval=0 step=1869 loss=1.09032
train_loss run=0 interval=0 step=1870 loss=1.06472
train_loss run=0 interval=0 step=1871 loss=1.10899
train_loss run=0 interval=0 step=1872 loss=1.1
train_loss run=0 interval=0 step=1873 loss=1.02478
train_loss run=0 interval=0 step=1874 loss=1.00632
train_loss run=0 interval=0 step=1875 loss=1.07756
train_loss run=0 interval=0 step=1876 loss=1.02571
train_loss run=0 interval=0 step=1877 loss=1.07154
train_loss run=0 interval=0 step=1878 loss=1.11741
train_loss run=0 interval=0 step=1879 loss=1.04333
train_loss run=0 interval=0 step=1880 loss=1.09419
train_loss run=0 interval=0 step=1881 loss=1.02799
train_loss run=0 interval=0 step=1882 loss=1.05053
train_loss run=0 interval=0 step=1883 loss=1.02657
train_loss run=0 interval=0 step=1884 loss=1.03036
train_loss run=0 interval=0 step=1885 loss=1.12325
train_loss run=0 interval=0 step=1886 loss=1.08928
train_loss run=0 interval=0 step=1887 loss=1.04108
train_loss run=0 interval=0 step=1888 loss=1.05555
train_loss run=0 interval=0 step=1889 loss=1.09533
train_loss run=0 interval=0 step=1890 loss=1.09117
train_loss run=0 interval=0 step=1891 loss=1.03018
train_loss run=0 interval=0 step=1892 loss=1.06353
train_loss run=0 interval=0 step=1893 loss=1.11548
train_loss run=0 interval=0 step=1894 loss=1.19818
train_loss run=0 interval=0 step=1895 loss=1.09054
train_loss run=0 interval=0 step=1896 loss=1.01447
train_loss run=0 interval=0 step=1897 loss=1.00238
train_loss run=0 interval=0 step=1898 loss=1.05843
train_loss run=0 interval=0 step=1899 loss=1.06939
train_loss run=0 interval=0 step=1900 loss=1.07485
train_loss run=0 interval=0 step=1901 loss=1.14106
train_loss run=0 interval=0 step=1902 loss=1.07377
train_loss run=0 interval=0 step=1903 loss=1.05775
train_loss run=0 interval=0 step=1904 loss=1.05483
train_loss run=0 interval=0 step=1905 loss=1.08879
train_loss run=0 interval=0 step=1906 loss=1.08301
train_loss run=0 interval=0 step=1907 loss=1.00937
train_loss run=0 interval=0 step=1908 loss=1.0325
train_loss run=0 interval=0 step=1909 loss=1.06177
train_loss run=0 interval=0 step=1910 loss=1.09968
train_loss run=0 interval=0 step=1911 loss=1.02771
train_loss run=0 interval=0 step=1912 loss=1.05019
train_loss run=0 interval=0 step=1913 loss=1.14086
train_loss run=0 interval=0 step=1914 loss=1.10381
train_loss run=0 interval=0 step=1915 loss=1.06787
train_loss run=0 interval=0 step=1916 loss=0.996201
train_loss run=0 interval=0 step=1917 loss=1.02468
train_loss run=0 interval=0 step=1918 loss=1.03014
train_loss run=0 interval=0 step=1919 loss=1.10806
train_loss run=0 interval=0 step=1920 loss=1.07218
train_loss run=0 interval=0 step=1921 loss=1.07954
train_loss run=0 interval=0 step=1922 loss=1.09362
train_loss run=0 interval=0 step=1923 loss=1.07063
train_loss run=0 interval=0 step=1924 loss=1.05204
train_loss run=0 interval=0 step=1925 loss=1.06412
train_loss run=0 interval=0 step=1926 loss=1.00555
train_loss run=0 interval=0 step=1927 loss=1.07544
train_loss run=0 interval=0 step=1928 loss=1.02921
train_loss run=0 interval=0 step=1929 loss=1.07111
train_loss run=0 interval=0 step=1930 loss=1.03967
train_loss run=0 interval=0 step=1931 loss=1.0856
train_loss run=0 interval=0 step=1932 loss=1.009
train_loss run=0 interval=0 step=1933 loss=1.02438
train_loss run=0 interval=0 step=1934 loss=1.08399
train_loss run=0 interval=0 step=1935 loss=1.07161
train_loss run=0 interval=0 step=1936 loss=1.08913
train_loss run=0 interval=0 step=1937 loss=1.12513
train_loss run=0 interval=0 step=1938 loss=1.11479
train_loss run=0 interval=0 step=1939 loss=1.02744
train_loss run=0 interval=0 step=1940 loss=1.14699
train_loss run=0 interval=0 step=1941 loss=1.06809
train_loss run=0 interval=0 step=1942 loss=1.01337
train_loss run=0 interval=0 step=1943 loss=1.01613
train_loss run=0 interval=0 step=1944 loss=1.06017
train_loss run=0 interval=0 step=1945 loss=1.05663
train_loss run=0 interval=0 step=1946 loss=1.045
train_loss run=0 interval=0 step=1947 loss=1.03628
train_loss run=0 interval=0 step=1948 loss=1.0549
train_loss run=0 interval=0 step=1949 loss=1.10858
train_loss run=0 interval=0 step=1950 loss=1.10487
train_loss run=0 interval=0 step=1951 loss=1.09819
train_loss run=0 interval=0 step=1952 loss=1.05974
train_loss run=0 interval=0 step=1953 loss=1.08292
train_loss run=0 interval=0 step=1954 loss=1.01514
train_loss run=0 interval=0 step=1955 loss=1.08566
train_loss run=0 interval=0 step=1956 loss=1.07202
train_loss run=0 interval=0 step=1957 loss=1.07601
train_loss run=0 interval=0 step=1958 loss=1.07627
train_loss run=0 interval=0 step=1959 loss=1.01383
train_loss run=0 interval=0 step=1960 loss=1.06122
train_loss run=0 interval=0 step=1961 loss=1.01497
train_loss run=0 interval=0 step=1962 loss=1.02425
train_loss run=0 interval=0 step=1963 loss=1.00364
train_loss run=0 interval=0 step=1964 loss=1.03966
train_loss run=0 interval=0 step=1965 loss=1.06666
train_loss run=0 interval=0 step=1966 loss=1.06263
train_loss run=0 interval=0 step=1967 loss=1.03205
train_loss run=0 interval=0 step=1968 loss=1.07235
train_loss run=0 interval=0 step=1969 loss=1.0231
train_loss run=0 interval=0 step=1970 loss=1.08442
train_loss run=0 interval=0 step=1971 loss=1.11682
train_loss run=0 interval=0 step=1972 loss=1.20581
train_loss run=0 interval=0 step=1973 loss=1.0689
train_loss run=0 interval=0 step=1974 loss=1.07662
train_loss run=0 interval=0 step=1975 loss=1.10869
train_loss run=0 interval=0 step=1976 loss=1.03599
train_loss run=0 interval=0 step=1977 loss=1.04313
train_loss run=0 interval=0 step=1978 loss=1.17952
train_loss run=0 interval=0 step=1979 loss=1.1051
train_loss run=0 interval=0 step=1980 loss=1.07134
train_loss run=0 interval=0 step=1981 loss=1.05917
train_loss run=0 interval=0 step=1982 loss=1.10959
train_loss run=0 interval=0 step=1983 loss=1.12377
train_loss run=0 interval=0 step=1984 loss=1.12849
train_loss run=0 interval=0 step=1985 loss=1.08327
train_loss run=0 interval=0 step=1986 loss=1.03726
train_loss run=0 interval=0 step=1987 loss=1.03862
train_loss run=0 interval=0 step=1988 loss=1.03231
train_loss run=0 interval=0 step=1989 loss=1.00913
train_loss run=0 interval=0 step=1990 loss=1.03873
train_loss run=0 interval=0 step=1991 loss=1.04551
train_loss run=0 interval=0 step=1992 loss=0.998877
train_loss run=0 interval=0 step=1993 loss=1.02086
train_loss run=0 interval=0 step=1994 loss=1.03753
train_loss run=0 interval=0 step=1995 loss=1.07164
train_loss run=0 interval=0 step=1996 loss=1.01021
train_loss run=0 interval=0 step=1997 loss=1.13909
train_loss run=0 interval=0 step=1998 loss=1.10345
train_loss run=0 interval=0 step=1999 loss=1.05596
train_loss run=0 interval=0 step=2000 loss=1.03357
train_loss run=0 interval=0 step=2001 loss=1.0425
train_loss run=0 interval=0 step=2002 loss=1.0507
train_loss run=0 interval=0 step=2003 loss=1.00911
train_loss run=0 interval=0 step=2004 loss=1.01305
train_loss run=0 interval=0 step=2005 loss=1.10101
train_loss run=0 interval=0 step=2006 loss=1.05173
train_loss run=0 interval=0 step=2007 loss=1.04473
train_loss run=0 interval=0 step=2008 loss=1.04976
train_loss run=0 interval=0 step=2009 loss=0.973466
train_loss run=0 interval=0 step=2010 loss=1.05015
train_loss run=0 interval=0 step=2011 loss=1.0196
train_loss run=0 interval=0 step=2012 loss=1.01452
train_loss run=0 interval=0 step=2013 loss=1.0864
train_loss run=0 interval=0 step=2014 loss=1.04592
train_loss run=0 interval=0 step=2015 loss=1.06522
train_loss run=0 interval=0 step=2016 loss=1.01255
train_loss run=0 interval=0 step=2017 loss=1.06709
train_loss run=0 interval=0 step=2018 loss=1.03151
train_loss run=0 interval=0 step=2019 loss=1.02847
train_loss run=0 interval=0 step=2020 loss=1.04995
train_loss run=0 interval=0 step=2021 loss=1.10055
train_loss run=0 interval=0 step=2022 loss=1.09792
train_loss run=0 interval=0 step=2023 loss=1.00654
train_loss run=0 interval=0 step=2024 loss=0.987157
train_loss run=0 interval=0 step=2025 loss=1.09968
train_loss run=0 interval=0 step=2026 loss=1.05173
train_loss run=0 interval=0 step=2027 loss=1.01856
train_loss run=0 interval=0 step=2028 loss=1.01926
train_loss run=0 interval=0 step=2029 loss=1.01288
train_loss run=0 interval=0 step=2030 loss=1.0074
train_loss run=0 interval=0 step=2031 loss=1.03618
train_loss run=0 interval=0 step=2032 loss=0.971961
train_loss run=0 interval=0 step=2033 loss=1.01364
train_loss run=0 interval=0 step=2034 loss=0.966599
train_loss run=0 interval=0 step=2035 loss=1.05586
train_loss run=0 interval=0 step=2036 loss=1.04443
train_loss run=0 interval=0 step=2037 loss=1.03457
train_loss run=0 interval=0 step=2038 loss=1.0624
train_loss run=0 interval=0 step=2039 loss=0.993098
train_loss run=0 interval=0 step=2040 loss=1.02367
train_loss run=0 interval=0 step=2041 loss=1.01467
train_loss run=0 interval=0 step=2042 loss=1.00957
train_loss run=0 interval=0 step=2043 loss=1.08911
train_loss run=0 interval=0 step=2044 loss=1.03777
train_loss run=0 interval=0 step=2045 loss=1.04808
train_loss run=0 interval=0 step=2046 loss=1.08397
train_loss run=0 interval=0 step=2047 loss=1.06843
train_loss run=0 interval=0 step=2048 loss=1.05777
train_loss run=0 interval=0 step=2049 loss=0.999174
train_loss run=0 interval=0 step=2050 loss=1.13399
train_loss run=0 interval=0 step=2051 loss=1.12074
train_loss run=0 interval=0 step=2052 loss=1.03058
train_loss run=0 interval=0 step=2053 loss=1.10131
train_loss run=0 interval=0 step=2054 loss=0.979795
train_loss run=0 interval=0 step=2055 loss=1.0573
train_loss run=0 interval=0 step=2056 loss=1.01812
train_loss run=0 interval=0 step=2057 loss=1.09532
train_loss run=0 interval=0 step=2058 loss=1.04528
train_loss run=0 interval=0 step=2059 loss=1.05215
train_loss run=0 interval=0 step=2060 loss=1.03897
train_loss run=0 interval=0 step=2061 loss=0.983946
train_loss run=0 interval=0 step=2062 loss=1.07305
train_loss run=0 interval=0 step=2063 loss=1.01704
train_loss run=0 interval=0 step=2064 loss=1.02421
train_loss run=0 interval=0 step=2065 loss=1.03337
train_loss run=0 interval=0 step=2066 loss=1.05126
train_loss run=0 interval=0 step=2067 loss=1.06241
train_loss run=0 interval=0 step=2068 loss=1.10342
train_loss run=0 interval=0 step=2069 loss=1.00515
train_loss run=0 interval=0 step=2070 loss=1.03833
train_loss run=0 interval=0 step=2071 loss=1.03989
train_loss run=0 interval=0 step=2072 loss=0.986763
train_loss run=0 interval=0 step=2073 loss=1.03764
train_loss run=0 interval=0 step=2074 loss=1.05136
train_loss run=0 interval=0 step=2075 loss=0.986386
train_loss run=0 interval=0 step=2076 loss=1.05308
train_loss run=0 interval=0 step=2077 loss=1.01529
train_loss run=0 interval=0 step=2078 loss=1.0355
train_loss run=0 interval=0 step=2079 loss=0.99482
train_loss run=0 interval=0 step=2080 loss=1.0262
train_loss run=0 interval=0 step=2081 loss=1.06122
train_loss run=0 interval=0 step=2082 loss=1.01906
train_loss run=0 interval=0 step=2083 loss=1.11069
train_loss run=0 interval=0 step=2084 loss=1.03105
train_loss run=0 interval=0 step=2085 loss=1.0151
train_loss run=0 interval=0 step=2086 loss=1.05476
train_loss run=0 interval=0 step=2087 loss=1.04172
train_loss run=0 interval=0 step=2088 loss=1.00258
train_loss run=0 interval=0 step=2089 loss=1.0465
train_loss run=0 interval=0 step=2090 loss=1.11217
train_loss run=0 interval=0 step=2091 loss=1.04596
train_loss run=0 interval=0 step=2092 loss=1.00264
train_loss run=0 interval=0 step=2093 loss=1.06137
train_loss run=0 interval=0 step=2094 loss=1.01394
train_loss run=0 interval=0 step=2095 loss=0.991192
train_loss run=0 interval=0 step=2096 loss=1.0393
train_loss run=0 interval=0 step=2097 loss=0.992706
train_loss run=0 interval=0 step=2098 loss=1.07221
train_loss run=0 interval=0 step=2099 loss=1.01706
train_loss run=0 interval=0 step=2100 loss=1.04633
train_loss run=0 interval=0 step=2101 loss=1.02537
train_loss run=0 interval=0 step=2102 loss=1.01458
train_loss run=0 interval=0 step=2103 loss=1.02497
train_loss run=0 interval=0 step=2104 loss=1.02915
train_loss run=0 interval=0 step=2105 loss=1.01913
train_loss run=0 interval=0 step=2106 loss=1.0626
train_loss run=0 interval=0 step=2107 loss=1.04658
train_loss run=0 interval=0 step=2108 loss=1.05225
train_loss run=0 interval=0 step=2109 loss=1.06301
train_loss run=0 interval=0 step=2110 loss=1.03159
train_loss run=0 interval=0 step=2111 loss=1.04198
train_loss run=0 interval=0 step=2112 loss=0.997651
train_loss run=0 interval=0 step=2113 loss=1.01922
train_loss run=0 interval=0 step=2114 loss=1.01311
train_loss run=0 interval=0 step=2115 loss=1.04857
train_loss run=0 interval=0 step=2116 loss=0.977494
train_loss run=0 interval=0 step=2117 loss=0.977088
train_loss run=0 interval=0 step=2118 loss=1.08758
train_loss run=0 interval=0 step=2119 loss=0.995327
train_loss run=0 interval=0 step=2120 loss=1.04243
train_loss run=0 interval=0 step=2121 loss=1.0979
train_loss run=0 interval=0 step=2122 loss=1.01325
train_loss run=0 interval=0 step=2123 loss=1.0379
train_loss run=0 interval=0 step=2124 loss=1.05836
train_loss run=0 interval=0 step=2125 loss=1.07747
train_loss run=0 interval=0 step=2126 loss=1.0646
train_loss run=0 interval=0 step=2127 loss=1.06246
train_loss run=0 interval=0 step=2128 loss=1.02984
train_loss run=0 interval=0 step=2129 loss=1.04376
train_loss run=0 interval=0 step=2130 loss=0.997066
train_loss run=0 interval=0 step=2131 loss=1.01278
train_loss run=0 interval=0 step=2132 loss=0.979001
train_loss run=0 interval=0 step=2133 loss=1.05082
train_loss run=0 interval=0 step=2134 loss=1.04238
train_loss run=0 interval=0 step=2135 loss=0.973306
train_loss run=0 interval=0 step=2136 loss=1.02086
train_loss run=0 interval=0 step=2137 loss=0.979672
train_loss run=0 interval=0 step=2138 loss=1.00564
train_loss run=0 interval=0 step=2139 loss=1.05454
train_loss run=0 interval=0 step=2140 loss=1.05448
train_loss run=0 interval=0 step=2141 loss=1.04473
train_loss run=0 interval=0 step=2142 loss=1.00568
train_loss run=0 interval=0 step=2143 loss=1.06257
train_loss run=0 interval=0 step=2144 loss=1.06696
train_loss run=0 interval=0 step=2145 loss=1.05158
train_loss run=0 interval=0 step=2146 loss=1.07937
train_loss run=0 interval=0 step=2147 loss=1.01449
train_loss run=0 interval=0 step=2148 loss=1.03292
train_loss run=0 interval=0 step=2149 loss=1.06036
train_loss run=0 interval=0 step=2150 loss=1.03348
train_loss run=0 interval=0 step=2151 loss=1.01368
train_loss run=0 interval=0 step=2152 loss=1.02137
train_loss run=0 interval=0 step=2153 loss=1.02353
train_loss run=0 interval=0 step=2154 loss=1.02157
train_loss run=0 interval=0 step=2155 loss=1.05147
train_loss run=0 interval=0 step=2156 loss=1.04388
train_loss run=0 interval=0 step=2157 loss=1.01732
train_loss run=0 interval=0 step=2158 loss=1.06278
train_loss run=0 interval=0 step=2159 loss=0.997189
train_loss run=0 interval=0 step=2160 loss=1.03744
train_loss run=0 interval=0 step=2161 loss=1.01131
train_loss run=0 interval=0 step=2162 loss=1.07682
train_loss run=0 interval=0 step=2163 loss=1.10022
train_loss run=0 interval=0 step=2164 loss=1.04865
train_loss run=0 interval=0 step=2165 loss=1.08197
train_loss run=0 interval=0 step=2166 loss=1.04843
train_loss run=0 interval=0 step=2167 loss=1.00812
train_loss run=0 interval=0 step=2168 loss=0.991341
train_loss run=0 interval=0 step=2169 loss=1.03197
train_loss run=0 interval=0 step=2170 loss=1.10151
train_loss run=0 interval=0 step=2171 loss=1.00063
train_loss run=0 interval=0 step=2172 loss=0.97019
train_loss run=0 interval=0 step=2173 loss=1.0902
train_loss run=0 interval=0 step=2174 loss=1.04294
train_loss run=0 interval=0 step=2175 loss=1.04157
train_loss run=0 interval=0 step=2176 loss=1.06051
train_loss run=0 interval=0 step=2177 loss=1.09527
train_loss run=0 interval=0 step=2178 loss=1.07702
train_loss run=0 interval=0 step=2179 loss=1.05802
train_loss run=0 interval=0 step=2180 loss=1.08913
train_loss run=0 interval=0 step=2181 loss=1.05431
train_loss run=0 interval=0 step=2182 loss=0.97614
train_loss run=0 interval=0 step=2183 loss=1.02444
train_loss run=0 interval=0 step=2184 loss=0.980235
train_loss run=0 interval=0 step=2185 loss=1.05624
train_loss run=0 interval=0 step=2186 loss=1.0838
train_loss run=0 interval=0 step=2187 loss=0.965257
train_loss run=0 interval=0 step=2188 loss=1.03929
train_loss run=0 interval=0 step=2189 loss=1.0611
train_loss run=0 interval=0 step=2190 loss=1.05721
train_loss run=0 interval=0 step=2191 loss=1.02943
train_loss run=0 interval=0 step=2192 loss=1.02071
train_loss run=0 interval=0 step=2193 loss=1.00004
train_loss run=0 interval=0 step=2194 loss=1.03441
train_loss run=0 interval=0 step=2195 loss=1.04214
train_loss run=0 interval=0 step=2196 loss=1.01256
train_loss run=0 interval=0 step=2197 loss=1.02905
train_loss run=0 interval=0 step=2198 loss=1.05371
train_loss run=0 interval=0 step=2199 loss=0.984951
train_loss run=0 interval=0 step=2200 loss=1.06865
train_loss run=0 interval=0 step=2201 loss=0.974699
train_loss run=0 interval=0 step=2202 loss=1.0176
train_loss run=0 interval=0 step=2203 loss=1.02101
train_loss run=0 interval=0 step=2204 loss=1.03904
train_loss run=0 interval=0 step=2205 loss=1.00461
train_loss run=0 interval=0 step=2206 loss=1.03545
train_loss run=0 interval=0 step=2207 loss=1.03456
train_loss run=0 interval=0 step=2208 loss=1.01433
train_loss run=0 interval=0 step=2209 loss=1.05147
train_loss run=0 interval=0 step=2210 loss=1.08631
train_loss run=0 interval=0 step=2211 loss=1.02643
train_loss run=0 interval=0 step=2212 loss=0.975836
train_loss run=0 interval=0 step=2213 loss=1.01549
train_loss run=0 interval=0 step=2214 loss=1.0055
train_loss run=0 interval=0 step=2215 loss=1.04881
train_loss run=0 interval=0 step=2216 loss=0.976291
train_loss run=0 interval=0 step=2217 loss=0.998176
train_loss run=0 interval=0 step=2218 loss=1.03325
train_loss run=0 interval=0 step=2219 loss=1.00561
train_loss run=0 interval=0 step=2220 loss=1.0668
train_loss run=0 interval=0 step=2221 loss=1.03977
train_loss run=0 interval=0 step=2222 loss=1.03393
train_loss run=0 interval=0 step=2223 loss=0.969799
train_loss run=0 interval=0 step=2224 loss=0.98554
train_loss run=0 interval=0 step=2225 loss=1.02525
train_loss run=0 interval=0 step=2226 loss=1.01458
train_loss run=0 interval=0 step=2227 loss=1.03027
train_loss run=0 interval=0 step=2228 loss=1.05545
train_loss run=0 interval=0 step=2229 loss=1.02626
train_loss run=0 interval=0 step=2230 loss=1.06089
train_loss run=0 interval=0 step=2231 loss=1.00386
train_loss run=0 interval=0 step=2232 loss=1.02753
train_loss run=0 interval=0 step=2233 loss=1.00853
train_loss run=0 interval=0 step=2234 loss=1.01102
train_loss run=0 interval=0 step=2235 loss=1.00201
train_loss run=0 interval=0 step=2236 loss=1.05646
train_loss run=0 interval=0 step=2237 loss=1.00463
train_loss run=0 interval=0 step=2238 loss=1.02407
train_loss run=0 interval=0 step=2239 loss=1.02539
train_loss run=0 interval=0 step=2240 loss=1.00839
train_loss run=0 interval=0 step=2241 loss=1.07522
train_loss run=0 interval=0 step=2242 loss=1.05736
train_loss run=0 interval=0 step=2243 loss=1.02846
train_loss run=0 interval=0 step=2244 loss=1.02747
train_loss run=0 interval=0 step=2245 loss=0.992775
train_loss run=0 interval=0 step=2246 loss=1.00793
train_loss run=0 interval=0 step=2247 loss=1.03951
train_loss run=0 interval=0 step=2248 loss=1.0236
train_loss run=0 interval=0 step=2249 loss=0.973463
train_loss run=0 interval=0 step=2250 loss=1.0394
train_loss run=0 interval=0 step=2251 loss=1.01674
train_loss run=0 interval=0 step=2252 loss=1.05511
train_loss run=0 interval=0 step=2253 loss=0.998548
train_loss run=0 interval=0 step=2254 loss=0.966742
train_loss run=0 interval=0 step=2255 loss=0.995555
train_loss run=0 interval=0 step=2256 loss=1.03245
train_loss run=0 interval=0 step=2257 loss=1.10172
train_loss run=0 interval=0 step=2258 loss=1.07294
train_loss run=0 interval=0 step=2259 loss=1.00935
train_loss run=0 interval=0 step=2260 loss=0.999528
train_loss run=0 interval=0 step=2261 loss=1.02149
train_loss run=0 interval=0 step=2262 loss=0.983615
train_loss run=0 interval=0 step=2263 loss=1.03593
train_loss run=0 interval=0 step=2264 loss=0.998418
train_loss run=0 interval=0 step=2265 loss=0.978307
train_loss run=0 interval=0 step=2266 loss=0.9645
train_loss run=0 interval=0 step=2267 loss=1.01345
train_loss run=0 interval=0 step=2268 loss=1.0669
train_loss run=0 interval=0 step=2269 loss=1.0096
train_loss run=0 interval=0 step=2270 loss=0.997359
train_loss run=0 interval=0 step=2271 loss=1.0744
train_loss run=0 interval=0 step=2272 loss=1.06113
train_loss run=0 interval=0 step=2273 loss=1.09049
train_loss run=0 interval=0 step=2274 loss=1.03386
train_loss run=0 interval=0 step=2275 loss=1.05407
train_loss run=0 interval=0 step=2276 loss=1.09656
train_loss run=0 interval=0 step=2277 loss=0.986363
train_loss run=0 interval=0 step=2278 loss=1.03148
train_loss run=0 interval=0 step=2279 loss=1.02488
train_loss run=0 interval=0 step=2280 loss=1.03165
train_loss run=0 interval=0 step=2281 loss=1.00186
train_loss run=0 interval=0 step=2282 loss=1.05575
train_loss run=0 interval=0 step=2283 loss=0.992715
train_loss run=0 interval=0 step=2284 loss=1.08409
train_loss run=0 interval=0 step=2285 loss=1.02645
train_loss run=0 interval=0 step=2286 loss=1.07363
train_loss run=0 interval=0 step=2287 loss=0.991137
train_loss run=0 interval=0 step=2288 loss=1.00263
train_loss run=0 interval=0 step=2289 loss=0.989313
train_loss run=0 interval=0 step=2290 loss=1.04147
train_loss run=0 interval=0 step=2291 loss=1.05581
train_loss run=0 interval=0 step=2292 loss=1.04107
train_loss run=0 interval=0 step=2293 loss=1.05872
train_loss run=0 interval=0 step=2294 loss=0.983647
train_loss run=0 interval=0 step=2295 loss=1.00514
train_loss run=0 interval=0 step=2296 loss=1.04343
train_loss run=0 interval=0 step=2297 loss=0.971536
train_loss run=0 interval=0 step=2298 loss=1.03992
train_loss run=0 interval=0 step=2299 loss=1.05374
train_loss run=0 interval=0 step=2300 loss=1.00703
train_loss run=0 interval=0 step=2301 loss=1.05178
train_loss run=0 interval=0 step=2302 loss=1.03226
train_loss run=0 interval=0 step=2303 loss=0.993422
train_loss run=0 interval=0 step=2304 loss=0.981209
train_loss run=0 interval=0 step=2305 loss=1.06396
train_loss run=0 interval=0 step=2306 loss=1.07341
train_loss run=0 interval=0 step=2307 loss=1.01292
train_loss run=0 interval=0 step=2308 loss=1.00098
train_loss run=0 interval=0 step=2309 loss=0.972445
train_loss run=0 interval=0 step=2310 loss=1.03036
train_loss run=0 interval=0 step=2311 loss=0.976252
train_loss run=0 interval=0 step=2312 loss=1.02533
train_loss run=0 interval=0 step=2313 loss=1.12046
train_loss run=0 interval=0 step=2314 loss=1.06526
train_loss run=0 interval=0 step=2315 loss=1.0447
train_loss run=0 interval=0 step=2316 loss=1.08034
train_loss run=0 interval=0 step=2317 loss=1.05989
train_loss run=0 interval=0 step=2318 loss=1.00785
train_loss run=0 interval=0 step=2319 loss=1.03705
train_loss run=0 interval=0 step=2320 loss=1.04845
train_loss run=0 interval=0 step=2321 loss=0.994681
train_loss run=0 interval=0 step=2322 loss=1.00808
train_loss run=0 interval=0 step=2323 loss=1.02261
train_loss run=0 interval=0 step=2324 loss=1.02895
train_loss run=0 interval=0 step=2325 loss=1.06129
train_loss run=0 interval=0 step=2326 loss=1.05464
train_loss run=0 interval=0 step=2327 loss=0.983966
train_loss run=0 interval=0 step=2328 loss=0.990649
train_loss run=0 interval=0 step=2329 loss=1.08893
train_loss run=0 interval=0 step=2330 loss=1.05031
train_loss run=0 interval=0 step=2331 loss=1.08166
train_loss run=0 interval=0 step=2332 loss=1.0109
train_loss run=0 interval=0 step=2333 loss=1.03916
train_loss run=0 interval=0 step=2334 loss=1.00565
train_loss run=0 interval=0 step=2335 loss=1.00275
train_loss run=0 interval=0 step=2336 loss=1.04013
train_loss run=0 interval=0 step=2337 loss=1.03831
train_loss run=0 interval=0 step=2338 loss=0.980007
train_loss run=0 interval=0 step=2339 loss=1.01817
train_loss run=0 interval=0 step=2340 loss=1.02721
train_loss run=0 interval=0 step=2341 loss=0.985497
train_loss run=0 interval=0 step=2342 loss=1.02621
train_loss run=0 interval=0 step=2343 loss=1.03243
train_loss run=0 interval=0 step=2344 loss=0.99989
train_loss run=0 interval=0 step=2345 loss=1.06415
train_loss run=0 interval=0 step=2346 loss=0.999499
train_loss run=0 interval=0 step=2347 loss=0.989153
train_loss run=0 interval=0 step=2348 loss=1.01734
train_loss run=0 interval=0 step=2349 loss=1.03612
train_loss run=0 interval=0 step=2350 loss=1.02496
train_loss run=0 interval=0 step=2351 loss=1.01426
train_loss run=0 interval=0 step=2352 loss=1.06141
train_loss run=0 interval=0 step=2353 loss=1.00749
train_loss run=0 interval=0 step=2354 loss=1.00433
train_loss run=0 interval=0 step=2355 loss=0.975913
train_loss run=0 interval=0 step=2356 loss=1.12524
train_loss run=0 interval=0 step=2357 loss=0.955327
train_loss run=0 interval=0 step=2358 loss=1.04145
train_loss run=0 interval=0 step=2359 loss=1.09954
train_loss run=0 interval=0 step=2360 loss=1.00229
train_loss run=0 interval=0 step=2361 loss=0.997107
train_loss run=0 interval=0 step=2362 loss=1.03615
train_loss run=0 interval=0 step=2363 loss=1.04488
train_loss run=0 interval=0 step=2364 loss=0.999802
train_loss run=0 interval=0 step=2365 loss=0.977558
train_loss run=0 interval=0 step=2366 loss=1.00907
train_loss run=0 interval=0 step=2367 loss=0.999914
train_loss run=0 interval=0 step=2368 loss=1.0054
train_loss run=0 interval=0 step=2369 loss=1.0242
train_loss run=0 interval=0 step=2370 loss=0.991199
train_loss run=0 interval=0 step=2371 loss=1.02281
train_loss run=0 interval=0 step=2372 loss=1.06046
train_loss run=0 interval=0 step=2373 loss=1.01155
train_loss run=0 interval=0 step=2374 loss=0.969875
train_loss run=0 interval=0 step=2375 loss=1.01351
train_loss run=0 interval=0 step=2376 loss=1.07162
train_loss run=0 interval=0 step=2377 loss=1.02216
train_loss run=0 interval=0 step=2378 loss=0.980815
train_loss run=0 interval=0 step=2379 loss=1.01472
train_loss run=0 interval=0 step=2380 loss=1.08714
train_loss run=0 interval=0 step=2381 loss=0.988447
train_loss run=0 interval=0 step=2382 loss=1.02512
train_loss run=0 interval=0 step=2383 loss=1.05951
train_loss run=0 interval=0 step=2384 loss=1.01264
train_loss run=0 interval=0 step=2385 loss=0.978503
train_loss run=0 interval=0 step=2386 loss=1.02286
train_loss run=0 interval=0 step=2387 loss=1.04778
train_loss run=0 interval=0 step=2388 loss=1.04138
train_loss run=0 interval=0 step=2389 loss=1.03741
train_loss run=0 interval=0 step=2390 loss=0.973666
train_loss run=0 interval=0 step=2391 loss=1.00559
train_loss run=0 interval=0 step=2392 loss=1.04126
train_loss run=0 interval=0 step=2393 loss=1.00298
train_loss run=0 interval=0 step=2394 loss=1.01517
train_loss run=0 interval=0 step=2395 loss=1.05326
train_loss run=0 interval=0 step=2396 loss=0.938545
train_loss run=0 interval=0 step=2397 loss=1.05031
train_loss run=0 interval=0 step=2398 loss=1.02077
train_loss run=0 interval=0 step=2399 loss=0.982653
train_loss run=0 interval=0 step=2400 loss=1.10003
train_loss run=0 interval=0 step=2401 loss=0.967827
train_loss run=0 interval=0 step=2402 loss=0.994233
train_loss run=0 interval=0 step=2403 loss=0.985891
train_loss run=0 interval=0 step=2404 loss=0.996469
train_loss run=0 interval=0 step=2405 loss=0.963322
train_loss run=0 interval=0 step=2406 loss=0.999517
train_loss run=0 interval=0 step=2407 loss=0.972603
train_loss run=0 interval=0 step=2408 loss=1.00727
train_loss run=0 interval=0 step=2409 loss=0.975405
train_loss run=0 interval=0 step=2410 loss=0.968561
train_loss run=0 interval=0 step=2411 loss=1.08459
train_loss run=0 interval=0 step=2412 loss=0.976568
train_loss run=0 interval=0 step=2413 loss=1.00687
train_loss run=0 interval=0 step=2414 loss=1.00831
train_loss run=0 interval=0 step=2415 loss=0.974842
train_loss run=0 interval=0 step=2416 loss=1.04569
train_loss run=0 interval=0 step=2417 loss=1.01736
train_loss run=0 interval=0 step=2418 loss=1.01561
train_loss run=0 interval=0 step=2419 loss=1.01833
train_loss run=0 interval=0 step=2420 loss=1.00788
train_loss run=0 interval=0 step=2421 loss=0.962526
train_loss run=0 interval=0 step=2422 loss=1.01287
train_loss run=0 interval=0 step=2423 loss=1.04175
train_loss run=0 interval=0 step=2424 loss=1.00196
train_loss run=0 interval=0 step=2425 loss=0.977648
train_loss run=0 interval=0 step=2426 loss=0.959779
train_loss run=0 interval=0 step=2427 loss=0.989953
train_loss run=0 interval=0 step=2428 loss=1.01779
train_loss run=0 interval=0 step=2429 loss=0.967707
train_loss run=0 interval=0 step=2430 loss=1.00275
train_loss run=0 interval=0 step=2431 loss=1.02659
train_loss run=0 interval=0 step=2432 loss=0.981904
train_loss run=0 interval=0 step=2433 loss=1.04434
train_loss run=0 interval=0 step=2434 loss=0.997562
train_loss run=0 interval=0 step=2435 loss=0.982255
train_loss run=0 interval=0 step=2436 loss=1.01449
train_loss run=0 interval=0 step=2437 loss=0.956967
train_loss run=0 interval=0 step=2438 loss=1.00425
train_loss run=0 interval=0 step=2439 loss=0.95039
train_loss run=0 interval=0 step=2440 loss=0.976127
train_loss run=0 interval=0 step=2441 loss=1.04543
train_loss run=0 interval=0 step=2442 loss=0.963894
train_loss run=0 interval=0 step=2443 loss=0.997869
train_loss run=0 interval=0 step=2444 loss=0.992453
train_loss run=0 interval=0 step=2445 loss=1.00047
train_loss run=0 interval=0 step=2446 loss=1.05237
train_loss run=0 interval=0 step=2447 loss=0.999069
train_loss run=0 interval=0 step=2448 loss=0.976746
train_loss run=0 interval=0 step=2449 loss=1.02467
train_loss run=0 interval=0 step=2450 loss=0.974924
train_loss run=0 interval=0 step=2451 loss=1.02448
train_loss run=0 interval=0 step=2452 loss=0.981909
train_loss run=0 interval=0 step=2453 loss=0.957894
train_loss run=0 interval=0 step=2454 loss=0.98079
train_loss run=0 interval=0 step=2455 loss=0.993676
train_loss run=0 interval=0 step=2456 loss=0.992482
train_loss run=0 interval=0 step=2457 loss=0.966055
train_loss run=0 interval=0 step=2458 loss=0.996176
train_loss run=0 interval=0 step=2459 loss=0.962401
train_loss run=0 interval=0 step=2460 loss=1.05508
train_loss run=0 interval=0 step=2461 loss=0.967217
train_loss run=0 interval=0 step=2462 loss=1.00532
train_loss run=0 interval=0 step=2463 loss=1.02747
train_loss run=0 interval=0 step=2464 loss=1.05428
train_loss run=0 interval=0 step=2465 loss=0.983238
train_loss run=0 interval=0 step=2466 loss=1.01475
train_loss run=0 interval=0 step=2467 loss=0.995388
train_loss run=0 interval=0 step=2468 loss=0.981194
train_loss run=0 interval=0 step=2469 loss=1.01371
train_loss run=0 interval=0 step=2470 loss=1.02633
train_loss run=0 interval=0 step=2471 loss=0.973644
train_loss run=0 interval=0 step=2472 loss=0.97659
train_loss run=0 interval=0 step=2473 loss=1.04102
train_loss run=0 interval=0 step=2474 loss=0.95955
train_loss run=0 interval=0 step=2475 loss=1.03309
train_loss run=0 interval=0 step=2476 loss=1.00401
train_loss run=0 interval=0 step=2477 loss=0.993947
train_loss run=0 interval=0 step=2478 loss=0.996141
train_loss run=0 interval=0 step=2479 loss=1.00334
train_loss run=0 interval=0 step=2480 loss=1.01309
train_loss run=0 interval=0 step=2481 loss=0.975014
train_loss run=0 interval=0 step=2482 loss=0.986794
train_loss run=0 interval=0 step=2483 loss=0.959739
train_loss run=0 interval=0 step=2484 loss=0.999139
train_loss run=0 interval=0 step=2485 loss=1.04552
train_loss run=0 interval=0 step=2486 loss=0.945352
train_loss run=0 interval=0 step=2487 loss=1.02618
train_loss run=0 interval=0 step=2488 loss=1.03403
train_loss run=0 interval=0 step=2489 loss=0.944243
train_loss run=0 interval=0 step=2490 loss=1.00718
train_loss run=0 interval=0 step=2491 loss=0.95938
train_loss run=0 interval=0 step=2492 loss=1.02933
train_loss run=0 interval=0 step=2493 loss=0.994325
train_loss run=0 interval=0 step=2494 loss=1.00545
train_loss run=0 interval=0 step=2495 loss=0.982465
train_loss run=0 interval=0 step=2496 loss=1.02085
train_loss run=0 interval=0 step=2497 loss=0.997086
train_loss run=0 interval=0 step=2498 loss=1.02017
train_loss run=0 interval=0 step=2499 loss=0.97677
train_loss run=0 interval=0 step=2500 loss=0.96525
train_loss run=0 interval=0 step=2501 loss=1.00851
train_loss run=0 interval=0 step=2502 loss=1.00918
train_loss run=0 interval=0 step=2503 loss=0.987744
train_loss run=0 interval=0 step=2504 loss=0.988687
train_loss run=0 interval=0 step=2505 loss=0.952608
train_loss run=0 interval=0 step=2506 loss=1.00954
train_loss run=0 interval=0 step=2507 loss=0.988581
train_loss run=0 interval=0 step=2508 loss=0.985428
train_loss run=0 interval=0 step=2509 loss=0.983823
train_loss run=0 interval=0 step=2510 loss=0.965172
train_loss run=0 interval=0 step=2511 loss=0.99695
train_loss run=0 interval=0 step=2512 loss=0.950456
train_loss run=0 interval=0 step=2513 loss=1.00874
train_loss run=0 interval=0 step=2514 loss=1.05712
train_loss run=0 interval=0 step=2515 loss=1.01537
train_loss run=0 interval=0 step=2516 loss=0.952527
train_loss run=0 interval=0 step=2517 loss=0.951067
train_loss run=0 interval=0 step=2518 loss=1.00935
train_loss run=0 interval=0 step=2519 loss=0.954141
train_loss run=0 interval=0 step=2520 loss=0.960874
train_loss run=0 interval=0 step=2521 loss=0.969189
train_loss run=0 interval=0 step=2522 loss=0.988328
train_loss run=0 interval=0 step=2523 loss=0.953045
train_loss run=0 interval=0 step=2524 loss=0.972196
train_loss run=0 interval=0 step=2525 loss=0.952029
train_loss run=0 interval=0 step=2526 loss=0.971458
train_loss run=0 interval=0 step=2527 loss=1.02695
train_loss run=0 interval=0 step=2528 loss=0.993502
train_loss run=0 interval=0 step=2529 loss=1.02878
train_loss run=0 interval=0 step=2530 loss=1.04944
train_loss run=0 interval=0 step=2531 loss=1.00752
train_loss run=0 interval=0 step=2532 loss=1.00532
train_loss run=0 interval=0 step=2533 loss=0.963856
train_loss run=0 interval=0 step=2534 loss=0.963764
train_loss run=0 interval=0 step=2535 loss=1.00024
train_loss run=0 interval=0 step=2536 loss=1.01304
train_loss run=0 interval=0 step=2537 loss=0.992129
train_loss run=0 interval=0 step=2538 loss=1.04229
train_loss run=0 interval=0 step=2539 loss=0.977296
train_loss run=0 interval=0 step=2540 loss=0.986603
train_loss run=0 interval=0 step=2541 loss=0.986084
train_loss run=0 interval=0 step=2542 loss=0.969004
train_loss run=0 interval=0 step=2543 loss=1.0195
train_loss run=0 interval=0 step=2544 loss=1.02536
train_loss run=0 interval=0 step=2545 loss=0.975595
train_loss run=0 interval=0 step=2546 loss=0.928707
train_loss run=0 interval=0 step=2547 loss=0.939616
train_loss run=0 interval=0 step=2548 loss=0.94764
train_loss run=0 interval=0 step=2549 loss=1.00299
train_loss run=0 interval=0 step=2550 loss=0.952214
train_loss run=0 interval=0 step=2551 loss=0.964393
train_loss run=0 interval=0 step=2552 loss=0.991228
train_loss run=0 interval=0 step=2553 loss=0.970918
train_loss run=0 interval=0 step=2554 loss=0.953955
train_loss run=0 interval=0 step=2555 loss=1.03157
train_loss run=0 interval=0 step=2556 loss=0.98009
train_loss run=0 interval=0 step=2557 loss=1.08441
train_loss run=0 interval=0 step=2558 loss=0.963533
train_loss run=0 interval=0 step=2559 loss=1.0011
train_loss run=0 interval=0 step=2560 loss=0.992955
train_loss run=0 interval=0 step=2561 loss=0.975237
train_loss run=0 interval=0 step=2562 loss=0.986656
train_loss run=0 interval=0 step=2563 loss=0.953022
train_loss run=0 interval=0 step=2564 loss=0.965227
train_loss run=0 interval=0 step=2565 loss=0.967125
train_loss run=0 interval=0 step=2566 loss=0.936448
train_loss run=0 interval=0 step=2567 loss=0.973984
train_loss run=0 interval=0 step=2568 loss=0.983324
train_loss run=0 interval=0 step=2569 loss=1.01551
train_loss run=0 interval=0 step=2570 loss=0.990149
train_loss run=0 interval=0 step=2571 loss=0.981234
train_loss run=0 interval=0 step=2572 loss=1.00086
train_loss run=0 interval=0 step=2573 loss=0.974325
train_loss run=0 interval=0 step=2574 loss=0.960265
train_loss run=0 interval=0 step=2575 loss=0.985861
train_loss run=0 interval=0 step=2576 loss=0.971068
train_loss run=0 interval=0 step=2577 loss=0.984822
train_loss run=0 interval=0 step=2578 loss=0.996854
train_loss run=0 interval=0 step=2579 loss=0.968226
train_loss run=0 interval=0 step=2580 loss=1.0156
train_loss run=0 interval=0 step=2581 loss=0.961217
train_loss run=0 interval=0 step=2582 loss=0.976784
train_loss run=0 interval=0 step=2583 loss=1.00531
train_loss run=0 interval=0 step=2584 loss=0.991037
train_loss run=0 interval=0 step=2585 loss=1.03215
train_loss run=0 interval=0 step=2586 loss=1.00082
train_loss run=0 interval=0 step=2587 loss=1.01855
train_loss run=0 interval=0 step=2588 loss=0.994478
train_loss run=0 interval=0 step=2589 loss=1.01204
train_loss run=0 interval=0 step=2590 loss=1.01628
train_loss run=0 interval=0 step=2591 loss=0.988879
train_loss run=0 interval=0 step=2592 loss=0.962894
train_loss run=0 interval=0 step=2593 loss=1.00137
train_loss run=0 interval=0 step=2594 loss=0.973917
train_loss run=0 interval=0 step=2595 loss=1.03384
train_loss run=0 interval=0 step=2596 loss=0.9949
train_loss run=0 interval=0 step=2597 loss=0.960195
train_loss run=0 interval=0 step=2598 loss=0.961592
train_loss run=0 interval=0 step=2599 loss=0.950328
train_loss run=0 interval=0 step=2600 loss=0.981504
train_loss run=0 interval=0 step=2601 loss=0.955434
train_loss run=0 interval=0 step=2602 loss=1.022
train_loss run=0 interval=0 step=2603 loss=0.978271
train_loss run=0 interval=0 step=2604 loss=0.945305
train_loss run=0 interval=0 step=2605 loss=0.966951
train_loss run=0 interval=0 step=2606 loss=0.988176
train_loss run=0 interval=0 step=2607 loss=0.959145
train_loss run=0 interval=0 step=2608 loss=0.985039
train_loss run=0 interval=0 step=2609 loss=0.934607
train_loss run=0 interval=0 step=2610 loss=1.01867
train_loss run=0 interval=0 step=2611 loss=0.941248
train_loss run=0 interval=0 step=2612 loss=0.977331
train_loss run=0 interval=0 step=2613 loss=0.990811
train_loss run=0 interval=0 step=2614 loss=0.971695
train_loss run=0 interval=0 step=2615 loss=0.982072
train_loss run=0 interval=0 step=2616 loss=0.988468
train_loss run=0 interval=0 step=2617 loss=0.954769
train_loss run=0 interval=0 step=2618 loss=0.947824
train_loss run=0 interval=0 step=2619 loss=1.00381
train_loss run=0 interval=0 step=2620 loss=1.03932
train_loss run=0 interval=0 step=2621 loss=0.926666
train_loss run=0 interval=0 step=2622 loss=0.994812
train_loss run=0 interval=0 step=2623 loss=0.953988
train_loss run=0 interval=0 step=2624 loss=0.986493
train_loss run=0 interval=0 step=2625 loss=1.01626
train_loss run=0 interval=0 step=2626 loss=0.989395
train_loss run=0 interval=0 step=2627 loss=1.0271
train_loss run=0 interval=0 step=2628 loss=1.01779
train_loss run=0 interval=0 step=2629 loss=0.951573
train_loss run=0 interval=0 step=2630 loss=1.02499
train_loss run=0 interval=0 step=2631 loss=1.00927
train_loss run=0 interval=0 step=2632 loss=0.981904
train_loss run=0 interval=0 step=2633 loss=0.978862
train_loss run=0 interval=0 step=2634 loss=0.981124
train_loss run=0 interval=0 step=2635 loss=1.03884
train_loss run=0 interval=0 step=2636 loss=1.01784
train_loss run=0 interval=0 step=2637 loss=0.967248
train_loss run=0 interval=0 step=2638 loss=1.00581
train_loss run=0 interval=0 step=2639 loss=0.980352
train_loss run=0 interval=0 step=2640 loss=0.967498
train_loss run=0 interval=0 step=2641 loss=0.945277
train_loss run=0 interval=0 step=2642 loss=1.07539
train_loss run=0 interval=0 step=2643 loss=0.98512
train_loss run=0 interval=0 step=2644 loss=1.01325
train_loss run=0 interval=0 step=2645 loss=0.979615
train_loss run=0 interval=0 step=2646 loss=0.974073
train_loss run=0 interval=0 step=2647 loss=0.966002
train_loss run=0 interval=0 step=2648 loss=0.963606
train_loss run=0 interval=0 step=2649 loss=1.00004
train_loss run=0 interval=0 step=2650 loss=0.937781
train_loss run=0 interval=0 step=2651 loss=0.944472
train_loss run=0 interval=0 step=2652 loss=0.950915
train_loss run=0 interval=0 step=2653 loss=0.97855
train_loss run=0 interval=0 step=2654 loss=1.01217
train_loss run=0 interval=0 step=2655 loss=0.97883
train_loss run=0 interval=0 step=2656 loss=0.982154
train_loss run=0 interval=0 step=2657 loss=0.934319
train_loss run=0 interval=0 step=2658 loss=1.01793
train_loss run=0 interval=0 step=2659 loss=0.959983
train_loss run=0 interval=0 step=2660 loss=0.996984
train_loss run=0 interval=0 step=2661 loss=0.964053
train_loss run=0 interval=0 step=2662 loss=0.963475
train_loss run=0 interval=0 step=2663 loss=0.99334
train_loss run=0 interval=0 step=2664 loss=0.996315
train_loss run=0 interval=0 step=2665 loss=0.965226
train_loss run=0 interval=0 step=2666 loss=0.994486
train_loss run=0 interval=0 step=2667 loss=0.916726
train_loss run=0 interval=0 step=2668 loss=0.997403
train_loss run=0 interval=0 step=2669 loss=0.964186
train_loss run=0 interval=0 step=2670 loss=0.966446
train_loss run=0 interval=0 step=2671 loss=0.962914
train_loss run=0 interval=0 step=2672 loss=0.997595
train_loss run=0 interval=0 step=2673 loss=1.03938
train_loss run=0 interval=0 step=2674 loss=1.00623
train_loss run=0 interval=0 step=2675 loss=0.948895
train_loss run=0 interval=0 step=2676 loss=0.95288
train_loss run=0 interval=0 step=2677 loss=1.00163
train_loss run=0 interval=0 step=2678 loss=0.990282
train_loss run=0 interval=0 step=2679 loss=1.0719
train_loss run=0 interval=0 step=2680 loss=1.00656
train_loss run=0 interval=0 step=2681 loss=0.949133
train_loss run=0 interval=0 step=2682 loss=0.979643
train_loss run=0 interval=0 step=2683 loss=1.00769
train_loss run=0 interval=0 step=2684 loss=1.03475
train_loss run=0 interval=0 step=2685 loss=0.984115
train_loss run=0 interval=0 step=2686 loss=1.02
train_loss run=0 interval=0 step=2687 loss=1.00052
train_loss run=0 interval=0 step=2688 loss=1.00357
train_loss run=0 interval=0 step=2689 loss=0.939236
train_loss run=0 interval=0 step=2690 loss=0.993777
train_loss run=0 interval=0 step=2691 loss=1.01199
train_loss run=0 interval=0 step=2692 loss=0.955767
train_loss run=0 interval=0 step=2693 loss=0.989708
train_loss run=0 interval=0 step=2694 loss=1.00202
train_loss run=0 interval=0 step=2695 loss=0.980506
train_loss run=0 interval=0 step=2696 loss=1.02768
train_loss run=0 interval=0 step=2697 loss=0.971131
train_loss run=0 interval=0 step=2698 loss=1.0179
train_loss run=0 interval=0 step=2699 loss=0.991814
train_loss run=0 interval=0 step=2700 loss=0.965161
train_loss run=0 interval=0 step=2701 loss=0.996398
train_loss run=0 interval=0 step=2702 loss=0.995086
train_loss run=0 interval=0 step=2703 loss=0.948342
train_loss run=0 interval=0 step=2704 loss=0.972005
train_loss run=0 interval=0 step=2705 loss=0.974612
train_loss run=0 interval=0 step=2706 loss=0.96195
train_loss run=0 interval=0 step=2707 loss=0.994943
train_loss run=0 interval=0 step=2708 loss=0.938814
train_loss run=0 interval=0 step=2709 loss=1.00181
train_loss run=0 interval=0 step=2710 loss=0.970547
train_loss run=0 interval=0 step=2711 loss=0.933042
train_loss run=0 interval=0 step=2712 loss=1.00886
train_loss run=0 interval=0 step=2713 loss=0.938264
train_loss run=0 interval=0 step=2714 loss=1.01028
train_loss run=0 interval=0 step=2715 loss=0.948913
train_loss run=0 interval=0 step=2716 loss=0.970424
train_loss run=0 interval=0 step=2717 loss=0.942819
train_loss run=0 interval=0 step=2718 loss=0.962944
train_loss run=0 interval=0 step=2719 loss=1.00908
train_loss run=0 interval=0 step=2720 loss=0.942326
train_loss run=0 interval=0 step=2721 loss=0.990928
train_loss run=0 interval=0 step=2722 loss=0.998452
train_loss run=0 interval=0 step=2723 loss=0.98326
train_loss run=0 interval=0 step=2724 loss=0.952608
train_loss run=0 interval=0 step=2725 loss=1.03348
train_loss run=0 interval=0 step=2726 loss=0.964067
train_loss run=0 interval=0 step=2727 loss=0.987112
train_loss run=0 interval=0 step=2728 loss=0.966485
train_loss run=0 interval=0 step=2729 loss=1.01488
train_loss run=0 interval=0 step=2730 loss=1.01139
train_loss run=0 interval=0 step=2731 loss=0.951948
train_loss run=0 interval=0 step=2732 loss=0.935863
train_loss run=0 interval=0 step=2733 loss=0.982562
train_loss run=0 interval=0 step=2734 loss=1.01226
train_loss run=0 interval=0 step=2735 loss=0.964109
train_loss run=0 interval=0 step=2736 loss=0.938818
train_loss run=0 interval=0 step=2737 loss=0.958487
train_loss run=0 interval=0 step=2738 loss=0.994368
train_loss run=0 interval=0 step=2739 loss=0.997781
train_loss run=0 interval=0 step=2740 loss=1.00836
train_loss run=0 interval=0 step=2741 loss=0.969759
train_loss run=0 interval=0 step=2742 loss=0.940949
train_loss run=0 interval=0 step=2743 loss=1.0133
train_loss run=0 interval=0 step=2744 loss=1.00818
train_loss run=0 interval=0 step=2745 loss=0.996026
train_loss run=0 interval=0 step=2746 loss=1.02653
train_loss run=0 interval=0 step=2747 loss=0.993251
train_loss run=0 interval=0 step=2748 loss=0.971741
train_loss run=0 interval=0 step=2749 loss=1.00115
train_loss run=0 interval=0 step=2750 loss=0.966021
train_loss run=0 interval=0 step=2751 loss=0.98586
train_loss run=0 interval=0 step=2752 loss=0.968639
train_loss run=0 interval=0 step=2753 loss=1.01922
train_loss run=0 interval=0 step=2754 loss=0.967512
train_loss run=0 interval=0 step=2755 loss=1.02362
train_loss run=0 interval=0 step=2756 loss=0.976087
train_loss run=0 interval=0 step=2757 loss=0.970416
train_loss run=0 interval=0 step=2758 loss=0.977489
train_loss run=0 interval=0 step=2759 loss=1.04323
train_loss run=0 interval=0 step=2760 loss=1.04467
train_loss run=0 interval=0 step=2761 loss=0.940833
train_loss run=0 interval=0 step=2762 loss=0.996552
train_loss run=0 interval=0 step=2763 loss=0.927093
train_loss run=0 interval=0 step=2764 loss=0.965577
train_loss run=0 interval=0 step=2765 loss=0.997426
train_loss run=0 interval=0 step=2766 loss=0.927932
train_loss run=0 interval=0 step=2767 loss=1.00336
train_loss run=0 interval=0 step=2768 loss=1.00949
train_loss run=0 interval=0 step=2769 loss=1.00473
train_loss run=0 interval=0 step=2770 loss=1.01106
train_loss run=0 interval=0 step=2771 loss=0.949927
train_loss run=0 interval=0 step=2772 loss=0.987508
train_loss run=0 interval=0 step=2773 loss=0.936619
train_loss run=0 interval=0 step=2774 loss=0.999472
train_loss run=0 interval=0 step=2775 loss=0.994388
train_loss run=0 interval=0 step=2776 loss=0.967204
train_loss run=0 interval=0 step=2777 loss=0.974673
train_loss run=0 interval=0 step=2778 loss=0.96881
train_loss run=0 interval=0 step=2779 loss=0.961055
train_loss run=0 interval=0 step=2780 loss=0.983132
train_loss run=0 interval=0 step=2781 loss=1.00949
train_loss run=0 interval=0 step=2782 loss=0.986417
train_loss run=0 interval=0 step=2783 loss=0.954745
train_loss run=0 interval=0 step=2784 loss=1.04131
train_loss run=0 interval=0 step=2785 loss=0.983983
train_loss run=0 interval=0 step=2786 loss=0.989555
train_loss run=0 interval=0 step=2787 loss=0.956283
train_loss run=0 interval=0 step=2788 loss=0.962727
train_loss run=0 interval=0 step=2789 loss=0.946577
train_loss run=0 interval=0 step=2790 loss=0.973667
train_loss run=0 interval=0 step=2791 loss=0.948307
train_loss run=0 interval=0 step=2792 loss=0.94027
train_loss run=0 interval=0 step=2793 loss=0.929838
train_loss run=0 interval=0 step=2794 loss=0.95472
train_loss run=0 interval=0 step=2795 loss=0.981607
train_loss run=0 interval=0 step=2796 loss=0.988363
train_loss run=0 interval=0 step=2797 loss=1.00827
train_loss run=0 interval=0 step=2798 loss=0.963299
train_loss run=0 interval=0 step=2799 loss=0.929869
train_loss run=0 interval=0 step=2800 loss=0.975032
train_loss run=0 interval=0 step=2801 loss=0.933599
train_loss run=0 interval=0 step=2802 loss=0.928827
train_loss run=0 interval=0 step=2803 loss=0.921612
train_loss run=0 interval=0 step=2804 loss=0.971227
train_loss run=0 interval=0 step=2805 loss=0.951752
train_loss run=0 interval=0 step=2806 loss=0.944373
train_loss run=0 interval=0 step=2807 loss=0.945674
train_loss run=0 interval=0 step=2808 loss=0.999006
train_loss run=0 interval=0 step=2809 loss=0.966936
train_loss run=0 interval=0 step=2810 loss=0.965967
train_loss run=0 interval=0 step=2811 loss=0.96822
train_loss run=0 interval=0 step=2812 loss=0.944807
train_loss run=0 interval=0 step=2813 loss=0.949404
train_loss run=0 interval=0 step=2814 loss=0.950629
train_loss run=0 interval=0 step=2815 loss=0.922045
train_loss run=0 interval=0 step=2816 loss=0.948435
train_loss run=0 interval=0 step=2817 loss=0.965703
train_loss run=0 interval=0 step=2818 loss=0.934248
train_loss run=0 interval=0 step=2819 loss=0.931322
train_loss run=0 interval=0 step=2820 loss=0.94902
train_loss run=0 interval=0 step=2821 loss=0.930958
train_loss run=0 interval=0 step=2822 loss=0.914485
train_loss run=0 interval=0 step=2823 loss=0.945359
train_loss run=0 interval=0 step=2824 loss=0.931326
train_loss run=0 interval=0 step=2825 loss=0.935741
train_loss run=0 interval=0 step=2826 loss=0.958567
train_loss run=0 interval=0 step=2827 loss=0.999986
train_loss run=0 interval=0 step=2828 loss=0.956129
train_loss run=0 interval=0 step=2829 loss=0.968961
train_loss run=0 interval=0 step=2830 loss=0.964311
train_loss run=0 interval=0 step=2831 loss=0.931406
train_loss run=0 interval=0 step=2832 loss=0.948662
train_loss run=0 interval=0 step=2833 loss=0.963056
train_loss run=0 interval=0 step=2834 loss=0.950539
train_loss run=0 interval=0 step=2835 loss=0.926911
train_loss run=0 interval=0 step=2836 loss=0.963737
train_loss run=0 interval=0 step=2837 loss=0.947532
train_loss run=0 interval=0 step=2838 loss=0.947465
train_loss run=0 interval=0 step=2839 loss=0.975877
train_loss run=0 interval=0 step=2840 loss=1.0322
train_loss run=0 interval=0 step=2841 loss=0.962652
train_loss run=0 interval=0 step=2842 loss=0.944144
train_loss run=0 interval=0 step=2843 loss=0.921034
train_loss run=0 interval=0 step=2844 loss=0.96935
train_loss run=0 interval=0 step=2845 loss=0.943238
train_loss run=0 interval=0 step=2846 loss=0.925392
train_loss run=0 interval=0 step=2847 loss=0.912047
train_loss run=0 interval=0 step=2848 loss=0.962155
train_loss run=0 interval=0 step=2849 loss=0.933939
train_loss run=0 interval=0 step=2850 loss=0.912986
train_loss run=0 interval=0 step=2851 loss=0.931948
train_loss run=0 interval=0 step=2852 loss=0.936528
train_loss run=0 interval=0 step=2853 loss=0.917527
train_loss run=0 interval=0 step=2854 loss=1.0103
train_loss run=0 interval=0 step=2855 loss=0.926304
train_loss run=0 interval=0 step=2856 loss=0.950296
train_loss run=0 interval=0 step=2857 loss=0.961599
train_loss run=0 interval=0 step=2858 loss=0.949232
train_loss run=0 interval=0 step=2859 loss=0.945008
train_loss run=0 interval=0 step=2860 loss=0.931159
train_loss run=0 interval=0 step=2861 loss=0.971367
train_loss run=0 interval=0 step=2862 loss=0.924878
train_loss run=0 interval=0 step=2863 loss=0.984037
train_loss run=0 interval=0 step=2864 loss=0.922255
train_loss run=0 interval=0 step=2865 loss=0.95811
train_loss run=0 interval=0 step=2866 loss=0.944818
train_loss run=0 interval=0 step=2867 loss=0.92646
train_loss run=0 interval=0 step=2868 loss=0.928802
train_loss run=0 interval=0 step=2869 loss=0.959031
train_loss run=0 interval=0 step=2870 loss=0.976517
train_loss run=0 interval=0 step=2871 loss=0.962536
train_loss run=0 interval=0 step=2872 loss=0.930275
train_loss run=0 interval=0 step=2873 loss=0.943103
train_loss run=0 interval=0 step=2874 loss=0.917975
train_loss run=0 interval=0 step=2875 loss=0.977118
train_loss run=0 interval=0 step=2876 loss=0.964744
train_loss run=0 interval=0 step=2877 loss=0.950234
train_loss run=0 interval=0 step=2878 loss=0.931376
train_loss run=0 interval=0 step=2879 loss=0.964032
train_loss run=0 interval=0 step=2880 loss=0.947154
train_loss run=0 interval=0 step=2881 loss=0.958684
train_loss run=0 interval=0 step=2882 loss=0.932329
train_loss run=0 interval=0 step=2883 loss=0.982509
train_loss run=0 interval=0 step=2884 loss=0.922024
train_loss run=0 interval=0 step=2885 loss=0.923338
train_loss run=0 interval=0 step=2886 loss=0.95073
train_loss run=0 interval=0 step=2887 loss=0.972594
train_loss run=0 interval=0 step=2888 loss=0.951326
train_loss run=0 interval=0 step=2889 loss=0.978862
train_loss run=0 interval=0 step=2890 loss=0.941618
train_loss run=0 interval=0 step=2891 loss=0.969079
train_loss run=0 interval=0 step=2892 loss=0.93454
train_loss run=0 interval=0 step=2893 loss=0.954428
train_loss run=0 interval=0 step=2894 loss=0.94882
train_loss run=0 interval=0 step=2895 loss=0.949933
train_loss run=0 interval=0 step=2896 loss=0.948584
train_loss run=0 interval=0 step=2897 loss=0.923123
train_loss run=0 interval=0 step=2898 loss=0.955644
train_loss run=0 interval=0 step=2899 loss=0.936629
train_loss run=0 interval=0 step=2900 loss=0.926347
train_loss run=0 interval=0 step=2901 loss=0.984002
train_loss run=0 interval=0 step=2902 loss=0.972304
train_loss run=0 interval=0 step=2903 loss=0.957818
train_loss run=0 interval=0 step=2904 loss=0.923537
train_loss run=0 interval=0 step=2905 loss=0.919541
train_loss run=0 interval=0 step=2906 loss=0.905608
train_loss run=0 interval=0 step=2907 loss=0.9563
train_loss run=0 interval=0 step=2908 loss=0.922023
train_loss run=0 interval=0 step=2909 loss=0.922504
train_loss run=0 interval=0 step=2910 loss=0.937202
train_loss run=0 interval=0 step=2911 loss=0.937899
train_loss run=0 interval=0 step=2912 loss=0.931768
train_loss run=0 interval=0 step=2913 loss=0.931864
train_loss run=0 interval=0 step=2914 loss=0.92077
train_loss run=0 interval=0 step=2915 loss=0.958551
train_loss run=0 interval=0 step=2916 loss=0.951944
train_loss run=0 interval=0 step=2917 loss=0.9599
train_loss run=0 interval=0 step=2918 loss=0.933681
train_loss run=0 interval=0 step=2919 loss=0.971134
train_loss run=0 interval=0 step=2920 loss=0.993015
train_loss run=0 interval=0 step=2921 loss=0.955706
train_loss run=0 interval=0 step=2922 loss=0.944911
train_loss run=0 interval=0 step=2923 loss=0.928283
train_loss run=0 interval=0 step=2924 loss=0.90895
train_loss run=0 interval=0 step=2925 loss=0.913211
train_loss run=0 interval=0 step=2926 loss=0.962762
train_loss run=0 interval=0 step=2927 loss=0.975641
train_loss run=0 interval=0 step=2928 loss=0.945704
train_loss run=0 interval=0 step=2929 loss=0.91442
train_loss run=0 interval=0 step=2930 loss=0.967081
train_loss run=0 interval=0 step=2931 loss=0.910436
train_loss run=0 interval=0 step=2932 loss=0.972051
train_loss run=0 interval=0 step=2933 loss=0.964481
train_loss run=0 interval=0 step=2934 loss=0.920875
train_loss run=0 interval=0 step=2935 loss=0.949658
train_loss run=0 interval=0 step=2936 loss=0.945117
train_loss run=0 interval=0 step=2937 loss=0.926611
train_loss run=0 interval=0 step=2938 loss=0.949413
train_loss run=0 interval=0 step=2939 loss=0.956001
train_loss run=0 interval=0 step=2940 loss=0.966662
train_loss run=0 interval=0 step=2941 loss=0.96461
train_loss run=0 interval=0 step=2942 loss=0.938812
train_loss run=0 interval=0 step=2943 loss=0.964976
train_loss run=0 interval=0 step=2944 loss=0.942164
train_loss run=0 interval=0 step=2945 loss=0.939123
train_loss run=0 interval=0 step=2946 loss=0.992088
train_loss run=0 interval=0 step=2947 loss=0.951582
train_loss run=0 interval=0 step=2948 loss=0.944106
train_loss run=0 interval=0 step=2949 loss=0.913157
train_loss run=0 interval=0 step=2950 loss=0.965818
train_loss run=0 interval=0 step=2951 loss=0.933032
train_loss run=0 interval=0 step=2952 loss=0.94699
train_loss run=0 interval=0 step=2953 loss=0.923292
train_loss run=0 interval=0 step=2954 loss=0.934068
train_loss run=0 interval=0 step=2955 loss=0.978193
train_loss run=0 interval=0 step=2956 loss=0.930741
train_loss run=0 interval=0 step=2957 loss=0.968762
train_loss run=0 interval=0 step=2958 loss=0.948169
train_loss run=0 interval=0 step=2959 loss=0.921321
train_loss run=0 interval=0 step=2960 loss=0.927406
train_loss run=0 interval=0 step=2961 loss=0.92594
train_loss run=0 interval=0 step=2962 loss=0.956681
train_loss run=0 interval=0 step=2963 loss=0.969662
train_loss run=0 interval=0 step=2964 loss=0.920839
train_loss run=0 interval=0 step=2965 loss=0.937009
train_loss run=0 interval=0 step=2966 loss=0.920623
train_loss run=0 interval=0 step=2967 loss=0.939864
train_loss run=0 interval=0 step=2968 loss=0.9438
train_loss run=0 interval=0 step=2969 loss=0.952518
train_loss run=0 interval=0 step=2970 loss=0.930942
train_loss run=0 interval=0 step=2971 loss=0.935853
train_loss run=0 interval=0 step=2972 loss=0.959121
train_loss run=0 interval=0 step=2973 loss=0.948097
train_loss run=0 interval=0 step=2974 loss=0.93298
train_loss run=0 interval=0 step=2975 loss=0.994787
train_loss run=0 interval=0 step=2976 loss=0.961527
train_loss run=0 interval=0 step=2977 loss=0.95442
train_loss run=0 interval=0 step=2978 loss=0.964951
train_loss run=0 interval=0 step=2979 loss=0.970988
train_loss run=0 interval=0 step=2980 loss=0.92187
train_loss run=0 interval=0 step=2981 loss=0.962981
train_loss run=0 interval=0 step=2982 loss=0.970748
train_loss run=0 interval=0 step=2983 loss=0.923088
train_loss run=0 interval=0 step=2984 loss=0.95318
train_loss run=0 interval=0 step=2985 loss=0.928171
train_loss run=0 interval=0 step=2986 loss=0.947434
train_loss run=0 interval=0 step=2987 loss=0.996152
train_loss run=0 interval=0 step=2988 loss=0.962295
train_loss run=0 interval=0 step=2989 loss=0.920884
train_loss run=0 interval=0 step=2990 loss=0.960547
train_loss run=0 interval=0 step=2991 loss=0.953029
train_loss run=0 interval=0 step=2992 loss=0.940242
train_loss run=0 interval=0 step=2993 loss=0.944814
train_loss run=0 interval=0 step=2994 loss=0.941944
train_loss run=0 interval=0 step=2995 loss=0.922459
train_loss run=0 interval=0 step=2996 loss=0.960131
train_loss run=0 interval=0 step=2997 loss=0.948593
train_loss run=0 interval=0 step=2998 loss=0.950852
train_loss run=0 interval=0 step=2999 loss=0.922778
train_loss run=0 interval=0 step=3000 loss=0.935342
train_loss run=0 interval=0 step=3001 loss=0.941544
train_loss run=0 interval=0 step=3002 loss=0.911679
train_loss run=0 interval=0 step=3003 loss=0.950028
train_loss run=0 interval=0 step=3004 loss=0.93756
train_loss run=0 interval=0 step=3005 loss=0.908537
train_loss run=0 interval=0 step=3006 loss=1.00288
train_loss run=0 interval=0 step=3007 loss=0.926513
train_loss run=0 interval=0 step=3008 loss=0.948516
train_loss run=0 interval=0 step=3009 loss=0.958152
train_loss run=0 interval=0 step=3010 loss=0.908508
train_loss run=0 interval=0 step=3011 loss=0.929156
train_loss run=0 interval=0 step=3012 loss=0.988283
train_loss run=0 interval=0 step=3013 loss=0.942071
train_loss run=0 interval=0 step=3014 loss=0.950959
train_loss run=0 interval=0 step=3015 loss=0.940069
train_loss run=0 interval=0 step=3016 loss=0.94244
train_loss run=0 interval=0 step=3017 loss=0.949711
train_loss run=0 interval=0 step=3018 loss=0.958804
train_loss run=0 interval=0 step=3019 loss=0.923256
train_loss run=0 interval=0 step=3020 loss=0.951349
train_loss run=0 interval=0 step=3021 loss=0.982178
train_loss run=0 interval=0 step=3022 loss=0.953293
train_loss run=0 interval=0 step=3023 loss=0.933698
train_loss run=0 interval=0 step=3024 loss=0.950534
train_loss run=0 interval=0 step=3025 loss=0.917145
train_loss run=0 interval=0 step=3026 loss=0.971369
train_loss run=0 interval=0 step=3027 loss=0.968023
train_loss run=0 interval=0 step=3028 loss=0.938312
train_loss run=0 interval=0 step=3029 loss=0.921675
train_loss run=0 interval=0 step=3030 loss=0.942807
train_loss run=0 interval=0 step=3031 loss=0.956082
train_loss run=0 interval=0 step=3032 loss=0.926324
train_loss run=0 interval=0 step=3033 loss=0.933145
train_loss run=0 interval=0 step=3034 loss=0.966204
train_loss run=0 interval=0 step=3035 loss=0.925874
train_loss run=0 interval=0 step=3036 loss=0.92949
train_loss run=0 interval=0 step=3037 loss=0.959307
train_loss run=0 interval=0 step=3038 loss=0.905282
train_loss run=0 interval=0 step=3039 loss=0.928347
train_loss run=0 interval=0 step=3040 loss=0.955495
train_loss run=0 interval=0 step=3041 loss=0.955033
train_loss run=0 interval=0 step=3042 loss=0.940219
train_loss run=0 interval=0 step=3043 loss=0.953623
train_loss run=0 interval=0 step=3044 loss=0.927858
train_loss run=0 interval=0 step=3045 loss=0.945705
train_loss run=0 interval=0 step=3046 loss=0.931096
train_loss run=0 interval=0 step=3047 loss=0.960504
train_loss run=0 interval=0 step=3048 loss=0.918716
train_loss run=0 interval=0 step=3049 loss=0.952606
train_loss run=0 interval=0 step=3050 loss=0.960673
train_loss run=0 interval=0 step=3051 loss=0.922078
train_loss run=0 interval=0 step=3052 loss=0.953383
train_loss run=0 interval=0 step=3053 loss=0.995432
train_loss run=0 interval=0 step=3054 loss=0.952407
train_loss run=0 interval=0 step=3055 loss=0.957748
train_loss run=0 interval=0 step=3056 loss=0.946823
train_loss run=0 interval=0 step=3057 loss=0.988288
train_loss run=0 interval=0 step=3058 loss=0.930234
train_loss run=0 interval=0 step=3059 loss=0.965168
train_loss run=0 interval=0 step=3060 loss=0.945583
train_loss run=0 interval=0 step=3061 loss=0.943632
train_loss run=0 interval=0 step=3062 loss=0.956895
train_loss run=0 interval=0 step=3063 loss=0.92647
train_loss run=0 interval=0 step=3064 loss=0.953546
train_loss run=0 interval=0 step=3065 loss=0.949015
train_loss run=0 interval=0 step=3066 loss=0.907166
train_loss run=0 interval=0 step=3067 loss=0.91357
train_loss run=0 interval=0 step=3068 loss=0.912106
train_loss run=0 interval=0 step=3069 loss=0.909288
train_loss run=0 interval=0 step=3070 loss=0.910865
train_loss run=0 interval=0 step=3071 loss=0.923669
train_loss run=0 interval=0 step=3072 loss=0.962366
train_loss run=0 interval=0 step=3073 loss=0.985272
train_loss run=0 interval=0 step=3074 loss=0.928549
train_loss run=0 interval=0 step=3075 loss=0.919503
train_loss run=0 interval=0 step=3076 loss=0.933533
train_loss run=0 interval=0 step=3077 loss=0.926223
train_loss run=0 interval=0 step=3078 loss=0.991144
train_loss run=0 interval=0 step=3079 loss=0.922062
train_loss run=0 interval=0 step=3080 loss=0.97154
train_loss run=0 interval=0 step=3081 loss=0.922834
train_loss run=0 interval=0 step=3082 loss=0.915635
train_loss run=0 interval=0 step=3083 loss=0.968685
train_loss run=0 interval=0 step=3084 loss=0.948664
train_loss run=0 interval=0 step=3085 loss=0.941272
train_loss run=0 interval=0 step=3086 loss=0.958655
train_loss run=0 interval=0 step=3087 loss=0.928886
train_loss run=0 interval=0 step=3088 loss=0.907918
train_loss run=0 interval=0 step=3089 loss=0.940689
train_loss run=0 interval=0 step=3090 loss=0.935472
train_loss run=0 interval=0 step=3091 loss=0.940098
train_loss run=0 interval=0 step=3092 loss=0.937367
train_loss run=0 interval=0 step=3093 loss=0.96355
train_loss run=0 interval=0 step=3094 loss=0.92962
train_loss run=0 interval=0 step=3095 loss=0.909956
train_loss run=0 interval=0 step=3096 loss=0.950477
train_loss run=0 interval=0 step=3097 loss=0.979025
train_loss run=0 interval=0 step=3098 loss=0.92342
train_loss run=0 interval=0 step=3099 loss=0.948659
train_loss run=0 interval=0 step=3100 loss=0.940984
train_loss run=0 interval=0 step=3101 loss=0.952111
train_loss run=0 interval=0 step=3102 loss=0.934746
train_loss run=0 interval=0 step=3103 loss=0.952676
train_loss run=0 interval=0 step=3104 loss=0.953243
train_loss run=0 interval=0 step=3105 loss=0.940883
train_loss run=0 interval=0 step=3106 loss=0.943636
train_loss run=0 interval=0 step=3107 loss=0.941727
train_loss run=0 interval=0 step=3108 loss=0.927314
train_loss run=0 interval=0 step=3109 loss=0.973441
train_loss run=0 interval=0 step=3110 loss=0.939271
train_loss run=0 interval=0 step=3111 loss=0.96163
train_loss run=0 interval=0 step=3112 loss=0.944363
train_loss run=0 interval=0 step=3113 loss=0.964357
train_loss run=0 interval=0 step=3114 loss=0.927752
train_loss run=0 interval=0 step=3115 loss=0.919077
train_loss run=0 interval=0 step=3116 loss=0.959067
train_loss run=0 interval=0 step=3117 loss=0.928781
train_loss run=0 interval=0 step=3118 loss=0.904283
train_loss run=0 interval=0 step=3119 loss=0.93176
train_loss run=0 interval=0 step=3120 loss=0.93062
train_loss run=0 interval=0 step=3121 loss=0.933324
train_loss run=0 interval=0 step=3122 loss=0.929586
train_loss run=0 interval=0 step=3123 loss=0.966212
train_loss run=0 interval=0 step=3124 loss=0.939613
train_loss run=0 interval=0 step=3125 loss=0.920605
train_loss run=0 interval=0 step=3126 loss=0.936375
train_loss run=0 interval=0 step=3127 loss=0.914163
train_loss run=0 interval=0 step=3128 loss=0.976913
train_loss run=0 interval=0 step=3129 loss=0.915823
train_loss run=0 interval=0 step=3130 loss=0.952423
train_loss run=0 interval=0 step=3131 loss=0.957295
train_loss run=0 interval=0 step=3132 loss=0.918729
train_loss run=0 interval=0 step=3133 loss=0.956116
train_loss run=0 interval=0 step=3134 loss=0.979523
train_loss run=0 interval=0 step=3135 loss=0.913655
train_loss run=0 interval=0 step=3136 loss=0.936076
train_loss run=0 interval=0 step=3137 loss=0.967734
train_loss run=0 interval=0 step=3138 loss=0.936851
train_loss run=0 interval=0 step=3139 loss=0.942991
train_loss run=0 interval=0 step=3140 loss=0.951862
train_loss run=0 interval=0 step=3141 loss=0.921538
train_loss run=0 interval=0 step=3142 loss=0.935796
train_loss run=0 interval=0 step=3143 loss=0.984568
train_loss run=0 interval=0 step=3144 loss=0.934063
train_loss run=0 interval=0 step=3145 loss=0.94931
train_loss run=0 interval=0 step=3146 loss=0.957274
train_loss run=0 interval=0 step=3147 loss=0.995172
train_loss run=0 interval=0 step=3148 loss=0.904883
train_loss run=0 interval=0 step=3149 loss=0.919065
train_loss run=0 interval=0 step=3150 loss=0.91858
train_loss run=0 interval=0 step=3151 loss=0.930808
train_loss run=0 interval=0 step=3152 loss=0.938473
train_loss run=0 interval=0 step=3153 loss=0.942734
train_loss run=0 interval=0 step=3154 loss=0.936133
train_loss run=0 interval=0 step=3155 loss=0.940796
train_loss run=0 interval=0 step=3156 loss=0.939371
train_loss run=0 interval=0 step=3157 loss=0.937045
train_loss run=0 interval=0 step=3158 loss=0.984135
train_loss run=0 interval=0 step=3159 loss=0.910357
train_loss run=0 interval=0 step=3160 loss=0.914062
train_loss run=0 interval=0 step=3161 loss=0.938394
train_loss run=0 interval=0 step=3162 loss=0.940619
train_loss run=0 interval=0 step=3163 loss=0.964102
train_loss run=0 interval=0 step=3164 loss=0.937376
train_loss run=0 interval=0 step=3165 loss=0.920376
train_loss run=0 interval=0 step=3166 loss=0.973607
train_loss run=0 interval=0 step=3167 loss=0.918561
train_loss run=0 interval=0 step=3168 loss=0.948361
train_loss run=0 interval=0 step=3169 loss=0.937843
train_loss run=0 interval=0 step=3170 loss=0.921817
train_loss run=0 interval=0 step=3171 loss=0.931032
train_loss run=0 interval=0 step=3172 loss=0.915253
train_loss run=0 interval=0 step=3173 loss=0.909611
train_loss run=0 interval=0 step=3174 loss=0.929322
train_loss run=0 interval=0 step=3175 loss=0.926665
train_loss run=0 interval=0 step=3176 loss=0.949619
train_loss run=0 interval=0 step=3177 loss=0.920046
train_loss run=0 interval=0 step=3178 loss=0.942181
train_loss run=0 interval=0 step=3179 loss=0.945068
train_loss run=0 interval=0 step=3180 loss=0.939941
train_loss run=0 interval=0 step=3181 loss=0.922674
train_loss run=0 interval=0 step=3182 loss=0.931706
train_loss run=0 interval=0 step=3183 loss=0.919025
train_loss run=0 interval=0 step=3184 loss=0.930815
train_loss run=0 interval=0 step=3185 loss=0.901843
train_loss run=0 interval=0 step=3186 loss=0.923904
train_loss run=0 interval=0 step=3187 loss=0.921662
train_loss run=0 interval=0 step=3188 loss=0.917525
train_loss run=0 interval=0 step=3189 loss=0.974656
train_loss run=0 interval=0 step=3190 loss=0.953003
train_loss run=0 interval=0 step=3191 loss=0.939503
train_loss run=0 interval=0 step=3192 loss=0.922346
train_loss run=0 interval=0 step=3193 loss=0.944368
train_loss run=0 interval=0 step=3194 loss=0.988604
train_loss run=0 interval=0 step=3195 loss=0.928045
train_loss run=0 interval=0 step=3196 loss=0.918882
train_loss run=0 interval=0 step=3197 loss=0.933789
train_loss run=0 interval=0 step=3198 loss=0.943363
train_loss run=0 interval=0 step=3199 loss=0.939931
train_loss run=0 interval=0 step=3200 loss=0.956423
interval_boundary_eval run=0 interval=0 step=3200 total_steps=3200 tta_val_acc=0.9437
val_acc=0.9337 tta_val_acc=0.9437 seconds=1194.3960
base_config run=1
{
  "batch_size": 500,
  "num_epochs": 8,
  "overfit": false,
  "hparam_tuning": {
    "algorithm": "interval_linear",
    "metric": "tta_val_acc",
    "params": {"conv.initial_lr": {"initial": 0.12, "choices": null, "mult": 0.6}, "conv.momentum": {"initial": 0.6, "choices": [0.0, 0.1, 0.2, 0.3, 0.4, 0.5, 0.6, 0.7, 0.8, 0.9, 0.95, 0.99]}, "head.initial_lr": {"initial": 340, "choices": null, "mult": 0.6}, "head.momentum": {"initial": 0.85, "choices": [0.1, 0.2, 0.3, 0.4, 0.5, 0.6, 0.7, 0.8, 0.9, 0.95, 0.99]}, "norm_bias.initial_lr": {"initial": 26, "choices": null, "mult": 0.6}, "norm_bias.momentum": {"initial": 0.85, "choices": [0.1, 0.2, 0.3, 0.4, 0.5, 0.6, 0.7, 0.8, 0.9, 0.95, 0.99]}},
    "interval_steps": 800,
    "cooldown_steps": 0,
    "max_side_steps": 20,
    "lr_factor": 0.6
  },
  "param_groups": {
    "whiten_weight": {"algorithm": "sgd", "lr_scheduler": {"type": "constant", "initial_lr": 0.0}, "momentum": 0.85, "nesterov": true},
    "norm_weight": {"algorithm": "sgd", "lr_scheduler": {"type": "constant", "initial_lr": 0.0}, "momentum": 0.85, "nesterov": true},
    "whiten_bias": {"algorithm": "sgd", "lr_scheduler": {"type": "linear", "initial_lr": 26, "decay_epochs": 3}, "momentum": 0.85, "nesterov": true},
    "norm_bias": {"algorithm": "sgd", "lr_scheduler": {"type": "linear", "initial_lr": 26, "decay_epochs": 8}, "momentum": 0.85, "nesterov": true},
    "head": {"algorithm": "sgd", "lr_scheduler": {"type": "linear", "initial_lr": 340, "decay_epochs": 8}, "momentum": 0.85, "nesterov": true},
    "conv": {"algorithm": "muon", "lr_scheduler": {"type": "linear", "initial_lr": 0.079, "decay_epochs": 8}, "momentum": 0.6, "nesterov": true}
  }
}
search run=1 interval=0 phase=main metric=tta_val_acc
main hparams: conv.initial_lr=0.13 conv.momentum=0.6 head.initial_lr=280 head.momentum=0.85 norm_bias.initial_lr=21 norm_bias.momentum=0.85 main=0.936
main hparams: conv.initial_lr=0.078 conv.momentum=0.6 head.initial_lr=280 head.momentum=0.85 norm_bias.initial_lr=21 norm_bias.momentum=0.85 main=0.9395
main hparams: conv.initial_lr=0.047 conv.momentum=0.6 head.initial_lr=280 head.momentum=0.85 norm_bias.initial_lr=21 norm_bias.momentum=0.85 main=0.9325
main hparams: conv.initial_lr=0.078 conv.momentum=0.5 head.initial_lr=280 head.momentum=0.85 norm_bias.initial_lr=21 norm_bias.momentum=0.85 main=0.9369
main hparams: conv.initial_lr=0.078 conv.momentum=0.7 head.initial_lr=280 head.momentum=0.85 norm_bias.initial_lr=21 norm_bias.momentum=0.85 main=0.939
main hparams: conv.initial_lr=0.078 conv.momentum=0.6 head.initial_lr=170 head.momentum=0.85 norm_bias.initial_lr=21 norm_bias.momentum=0.85 main=0.9382
main hparams: conv.initial_lr=0.078 conv.momentum=0.6 head.initial_lr=460 head.momentum=0.85 norm_bias.initial_lr=21 norm_bias.momentum=0.85 main=0.9384
main hparams: conv.initial_lr=0.078 conv.momentum=0.6 head.initial_lr=280 head.momentum=0.8 norm_bias.initial_lr=21 norm_bias.momentum=0.85 main=0.9415
main hparams: conv.initial_lr=0.078 conv.momentum=0.6 head.initial_lr=280 head.momentum=0.7 norm_bias.initial_lr=21 norm_bias.momentum=0.85 main=0.9363
main hparams: conv.initial_lr=0.078 conv.momentum=0.6 head.initial_lr=280 head.momentum=0.8 norm_bias.initial_lr=13 norm_bias.momentum=0.85 main=0.9408
main hparams: conv.initial_lr=0.078 conv.momentum=0.6 head.initial_lr=280 head.momentum=0.8 norm_bias.initial_lr=36 norm_bias.momentum=0.85 main=0.939
main hparams: conv.initial_lr=0.078 conv.momentum=0.6 head.initial_lr=280 head.momentum=0.8 norm_bias.initial_lr=21 norm_bias.momentum=0.8 main=0.9382
main hparams: conv.initial_lr=0.078 conv.momentum=0.6 head.initial_lr=280 head.momentum=0.8 norm_bias.initial_lr=21 norm_bias.momentum=0.9 main=0.9378
main hparams: conv.initial_lr=0.047 conv.momentum=0.6 head.initial_lr=280 head.momentum=0.8 norm_bias.initial_lr=21 norm_bias.momentum=0.85 main=0.9326
main hparams: conv.initial_lr=0.13 conv.momentum=0.6 head.initial_lr=280 head.momentum=0.8 norm_bias.initial_lr=21 norm_bias.momentum=0.85 main=0.9383
main hparams: conv.initial_lr=0.078 conv.momentum=0.5 head.initial_lr=280 head.momentum=0.8 norm_bias.initial_lr=21 norm_bias.momentum=0.85 main=0.9381
main hparams: conv.initial_lr=0.078 conv.momentum=0.7 head.initial_lr=280 head.momentum=0.8 norm_bias.initial_lr=21 norm_bias.momentum=0.85 main=0.9397
main hparams: conv.initial_lr=0.078 conv.momentum=0.6 head.initial_lr=170 head.momentum=0.8 norm_bias.initial_lr=21 norm_bias.momentum=0.85 main=0.9403
main hparams: conv.initial_lr=0.078 conv.momentum=0.6 head.initial_lr=460 head.momentum=0.8 norm_bias.initial_lr=21 norm_bias.momentum=0.85 main=0.9407
main hparams: conv.initial_lr=0.078 conv.momentum=0.6 head.initial_lr=280 head.momentum=0.9 norm_bias.initial_lr=21 norm_bias.momentum=0.85 main=0.9386
search_path step=0 conv.initial_lr=0.13 conv.momentum=0.6 head.initial_lr=280 head.momentum=0.85 norm_bias.initial_lr=21 norm_bias.momentum=0.85 tta_val_acc=0.936
search_path step=1 conv.initial_lr=0.078 conv.momentum=0.6 head.initial_lr=280 head.momentum=0.85 norm_bias.initial_lr=21 norm_bias.momentum=0.85 tta_val_acc=0.9395
search_path step=2 conv.initial_lr=0.078 conv.momentum=0.6 head.initial_lr=280 head.momentum=0.8 norm_bias.initial_lr=21 norm_bias.momentum=0.85 tta_val_acc=0.9415
train_hparams run=1 interval=0 start_step=0 completed_steps=800 total_steps=800 conv.initial_lr=0.078 conv.momentum=0.6 head.initial_lr=280 head.momentum=0.8 norm_bias.initial_lr=21 norm_bias.momentum=0.85
train_schedules run=1 interval=0
  whiten_weight.initial_lr: [{"start_step": 0, "end_step": 799, "start": 0.0, "end": 0.0}]
  whiten_weight.momentum: [{"start_step": 0, "end_step": 799, "start": 0.85, "end": 0.85}]
  norm_weight.initial_lr: [{"start_step": 0, "end_step": 799, "start": 0.0, "end": 0.0}]
  norm_weight.momentum: [{"start_step": 0, "end_step": 799, "start": 0.85, "end": 0.85}]
  whiten_bias.initial_lr: [{"start_step": 0, "end_step": 300, "start": 26, "end": 0.0}, {"start_step": 300, "end_step": 799, "start": 0.0, "end": 0.0}]
  whiten_bias.momentum: [{"start_step": 0, "end_step": 799, "start": 0.85, "end": 0.85}]
  norm_bias.initial_lr: [{"start_step": 0, "end_step": 799, "start": 21.0, "end": 0.0}]
  norm_bias.momentum: [{"start_step": 0, "end_step": 799, "start": 0.85, "end": 0.85}]
  head.initial_lr: [{"start_step": 0, "end_step": 799, "start": 280.0, "end": 0.0}]
  head.momentum: [{"start_step": 0, "end_step": 799, "start": 0.8, "end": 0.8}]
  conv.initial_lr: [{"start_step": 0, "end_step": 799, "start": 0.078, "end": 0.0}]
  conv.momentum: [{"start_step": 0, "end_step": 799, "start": 0.6, "end": 0.6}]
train_loss run=1 interval=0 step=1 loss=2.30936
train_loss run=1 interval=0 step=2 loss=2.25565
train_loss run=1 interval=0 step=3 loss=2.1994
train_loss run=1 interval=0 step=4 loss=2.16001
train_loss run=1 interval=0 step=5 loss=2.12986
train_loss run=1 interval=0 step=6 loss=2.08136
train_loss run=1 interval=0 step=7 loss=2.00111
train_loss run=1 interval=0 step=8 loss=1.96226
train_loss run=1 interval=0 step=9 loss=1.91858
train_loss run=1 interval=0 step=10 loss=1.89164
train_loss run=1 interval=0 step=11 loss=1.88842
train_loss run=1 interval=0 step=12 loss=1.79189
train_loss run=1 interval=0 step=13 loss=1.76277
train_loss run=1 interval=0 step=14 loss=1.75833
train_loss run=1 interval=0 step=15 loss=1.64979
train_loss run=1 interval=0 step=16 loss=1.69491
train_loss run=1 interval=0 step=17 loss=1.60042
train_loss run=1 interval=0 step=18 loss=1.64491
train_loss run=1 interval=0 step=19 loss=1.66454
train_loss run=1 interval=0 step=20 loss=1.54866
train_loss run=1 interval=0 step=21 loss=1.58264
train_loss run=1 interval=0 step=22 loss=1.56722
train_loss run=1 interval=0 step=23 loss=1.53714
train_loss run=1 interval=0 step=24 loss=1.61056
train_loss run=1 interval=0 step=25 loss=1.50428
train_loss run=1 interval=0 step=26 loss=1.52326
train_loss run=1 interval=0 step=27 loss=1.49524
train_loss run=1 interval=0 step=28 loss=1.46039
train_loss run=1 interval=0 step=29 loss=1.45728
train_loss run=1 interval=0 step=30 loss=1.43034
train_loss run=1 interval=0 step=31 loss=1.46176
train_loss run=1 interval=0 step=32 loss=1.45202
train_loss run=1 interval=0 step=33 loss=1.44404
train_loss run=1 interval=0 step=34 loss=1.42058
train_loss run=1 interval=0 step=35 loss=1.3951
train_loss run=1 interval=0 step=36 loss=1.41257
train_loss run=1 interval=0 step=37 loss=1.38243
train_loss run=1 interval=0 step=38 loss=1.36232
train_loss run=1 interval=0 step=39 loss=1.41218
train_loss run=1 interval=0 step=40 loss=1.38327
train_loss run=1 interval=0 step=41 loss=1.39431
train_loss run=1 interval=0 step=42 loss=1.39356
train_loss run=1 interval=0 step=43 loss=1.38536
train_loss run=1 interval=0 step=44 loss=1.40183
train_loss run=1 interval=0 step=45 loss=1.3654
train_loss run=1 interval=0 step=46 loss=1.35178
train_loss run=1 interval=0 step=47 loss=1.38406
train_loss run=1 interval=0 step=48 loss=1.35133
train_loss run=1 interval=0 step=49 loss=1.33706
train_loss run=1 interval=0 step=50 loss=1.3527
train_loss run=1 interval=0 step=51 loss=1.32242
train_loss run=1 interval=0 step=52 loss=1.33473
train_loss run=1 interval=0 step=53 loss=1.30937
train_loss run=1 interval=0 step=54 loss=1.36844
train_loss run=1 interval=0 step=55 loss=1.30787
train_loss run=1 interval=0 step=56 loss=1.31734
train_loss run=1 interval=0 step=57 loss=1.27839
train_loss run=1 interval=0 step=58 loss=1.33966
train_loss run=1 interval=0 step=59 loss=1.34269
train_loss run=1 interval=0 step=60 loss=1.34047
train_loss run=1 interval=0 step=61 loss=1.33939
train_loss run=1 interval=0 step=62 loss=1.30869
train_loss run=1 interval=0 step=63 loss=1.27328
train_loss run=1 interval=0 step=64 loss=1.3019
train_loss run=1 interval=0 step=65 loss=1.29084
train_loss run=1 interval=0 step=66 loss=1.29179
train_loss run=1 interval=0 step=67 loss=1.3213
train_loss run=1 interval=0 step=68 loss=1.28204
train_loss run=1 interval=0 step=69 loss=1.27375
train_loss run=1 interval=0 step=70 loss=1.26584
train_loss run=1 interval=0 step=71 loss=1.26711
train_loss run=1 interval=0 step=72 loss=1.28219
train_loss run=1 interval=0 step=73 loss=1.27655
train_loss run=1 interval=0 step=74 loss=1.30216
train_loss run=1 interval=0 step=75 loss=1.25824
train_loss run=1 interval=0 step=76 loss=1.23693
train_loss run=1 interval=0 step=77 loss=1.25552
train_loss run=1 interval=0 step=78 loss=1.27448
train_loss run=1 interval=0 step=79 loss=1.25797
train_loss run=1 interval=0 step=80 loss=1.2337
train_loss run=1 interval=0 step=81 loss=1.26763
train_loss run=1 interval=0 step=82 loss=1.25434
train_loss run=1 interval=0 step=83 loss=1.26989
train_loss run=1 interval=0 step=84 loss=1.25659
train_loss run=1 interval=0 step=85 loss=1.24431
train_loss run=1 interval=0 step=86 loss=1.25251
train_loss run=1 interval=0 step=87 loss=1.23936
train_loss run=1 interval=0 step=88 loss=1.25619
train_loss run=1 interval=0 step=89 loss=1.22876
train_loss run=1 interval=0 step=90 loss=1.21662
train_loss run=1 interval=0 step=91 loss=1.24354
train_loss run=1 interval=0 step=92 loss=1.23562
train_loss run=1 interval=0 step=93 loss=1.23341
train_loss run=1 interval=0 step=94 loss=1.18292
train_loss run=1 interval=0 step=95 loss=1.23025
train_loss run=1 interval=0 step=96 loss=1.19224
train_loss run=1 interval=0 step=97 loss=1.22952
train_loss run=1 interval=0 step=98 loss=1.2272
train_loss run=1 interval=0 step=99 loss=1.26003
train_loss run=1 interval=0 step=100 loss=1.21962
train_loss run=1 interval=0 step=101 loss=1.22569
train_loss run=1 interval=0 step=102 loss=1.23828
train_loss run=1 interval=0 step=103 loss=1.22692
train_loss run=1 interval=0 step=104 loss=1.21767
train_loss run=1 interval=0 step=105 loss=1.25359
train_loss run=1 interval=0 step=106 loss=1.21704
train_loss run=1 interval=0 step=107 loss=1.22712
train_loss run=1 interval=0 step=108 loss=1.1955
train_loss run=1 interval=0 step=109 loss=1.21411
train_loss run=1 interval=0 step=110 loss=1.21906
train_loss run=1 interval=0 step=111 loss=1.24535
train_loss run=1 interval=0 step=112 loss=1.19921
train_loss run=1 interval=0 step=113 loss=1.18671
train_loss run=1 interval=0 step=114 loss=1.2528
train_loss run=1 interval=0 step=115 loss=1.20783
train_loss run=1 interval=0 step=116 loss=1.21648
train_loss run=1 interval=0 step=117 loss=1.20214
train_loss run=1 interval=0 step=118 loss=1.1686
train_loss run=1 interval=0 step=119 loss=1.16974
train_loss run=1 interval=0 step=120 loss=1.18766
train_loss run=1 interval=0 step=121 loss=1.20594
train_loss run=1 interval=0 step=122 loss=1.20537
train_loss run=1 interval=0 step=123 loss=1.23875
train_loss run=1 interval=0 step=124 loss=1.2118
train_loss run=1 interval=0 step=125 loss=1.18175
train_loss run=1 interval=0 step=126 loss=1.17098
train_loss run=1 interval=0 step=127 loss=1.20276
train_loss run=1 interval=0 step=128 loss=1.17933
train_loss run=1 interval=0 step=129 loss=1.23004
train_loss run=1 interval=0 step=130 loss=1.15402
train_loss run=1 interval=0 step=131 loss=1.19451
train_loss run=1 interval=0 step=132 loss=1.20337
train_loss run=1 interval=0 step=133 loss=1.16957
train_loss run=1 interval=0 step=134 loss=1.2198
train_loss run=1 interval=0 step=135 loss=1.18568
train_loss run=1 interval=0 step=136 loss=1.17192
train_loss run=1 interval=0 step=137 loss=1.15373
train_loss run=1 interval=0 step=138 loss=1.22136
train_loss run=1 interval=0 step=139 loss=1.17315
train_loss run=1 interval=0 step=140 loss=1.22717
train_loss run=1 interval=0 step=141 loss=1.17412
train_loss run=1 interval=0 step=142 loss=1.18401
train_loss run=1 interval=0 step=143 loss=1.20088
train_loss run=1 interval=0 step=144 loss=1.18066
train_loss run=1 interval=0 step=145 loss=1.18254
train_loss run=1 interval=0 step=146 loss=1.1877
train_loss run=1 interval=0 step=147 loss=1.16502
train_loss run=1 interval=0 step=148 loss=1.17363
train_loss run=1 interval=0 step=149 loss=1.15653
train_loss run=1 interval=0 step=150 loss=1.19352
train_loss run=1 interval=0 step=151 loss=1.16457
train_loss run=1 interval=0 step=152 loss=1.17748
train_loss run=1 interval=0 step=153 loss=1.17729
train_loss run=1 interval=0 step=154 loss=1.16242
train_loss run=1 interval=0 step=155 loss=1.16279
train_loss run=1 interval=0 step=156 loss=1.195
train_loss run=1 interval=0 step=157 loss=1.20081
train_loss run=1 interval=0 step=158 loss=1.21023
train_loss run=1 interval=0 step=159 loss=1.16793
train_loss run=1 interval=0 step=160 loss=1.19084
train_loss run=1 interval=0 step=161 loss=1.16658
train_loss run=1 interval=0 step=162 loss=1.1576
train_loss run=1 interval=0 step=163 loss=1.12657
train_loss run=1 interval=0 step=164 loss=1.20008
train_loss run=1 interval=0 step=165 loss=1.16403
train_loss run=1 interval=0 step=166 loss=1.15326
train_loss run=1 interval=0 step=167 loss=1.18823
train_loss run=1 interval=0 step=168 loss=1.20053
train_loss run=1 interval=0 step=169 loss=1.14816
train_loss run=1 interval=0 step=170 loss=1.13882
train_loss run=1 interval=0 step=171 loss=1.15128
train_loss run=1 interval=0 step=172 loss=1.14966
train_loss run=1 interval=0 step=173 loss=1.16161
train_loss run=1 interval=0 step=174 loss=1.1508
train_loss run=1 interval=0 step=175 loss=1.16077
train_loss run=1 interval=0 step=176 loss=1.17599
train_loss run=1 interval=0 step=177 loss=1.15985
train_loss run=1 interval=0 step=178 loss=1.1592
train_loss run=1 interval=0 step=179 loss=1.14843
train_loss run=1 interval=0 step=180 loss=1.1535
train_loss run=1 interval=0 step=181 loss=1.13562
train_loss run=1 interval=0 step=182 loss=1.17624
train_loss run=1 interval=0 step=183 loss=1.15742
train_loss run=1 interval=0 step=184 loss=1.15412
train_loss run=1 interval=0 step=185 loss=1.16475
train_loss run=1 interval=0 step=186 loss=1.15923
train_loss run=1 interval=0 step=187 loss=1.15583
train_loss run=1 interval=0 step=188 loss=1.1539
train_loss run=1 interval=0 step=189 loss=1.12297
train_loss run=1 interval=0 step=190 loss=1.17283
train_loss run=1 interval=0 step=191 loss=1.18932
train_loss run=1 interval=0 step=192 loss=1.12676
train_loss run=1 interval=0 step=193 loss=1.175
train_loss run=1 interval=0 step=194 loss=1.16228
train_loss run=1 interval=0 step=195 loss=1.14879
train_loss run=1 interval=0 step=196 loss=1.13614
train_loss run=1 interval=0 step=197 loss=1.17266
train_loss run=1 interval=0 step=198 loss=1.1046
train_loss run=1 interval=0 step=199 loss=1.18836
train_loss run=1 interval=0 step=200 loss=1.17422
train_loss run=1 interval=0 step=201 loss=1.08721
train_loss run=1 interval=0 step=202 loss=1.16964
train_loss run=1 interval=0 step=203 loss=1.11254
train_loss run=1 interval=0 step=204 loss=1.10964
train_loss run=1 interval=0 step=205 loss=1.1489
train_loss run=1 interval=0 step=206 loss=1.10763
train_loss run=1 interval=0 step=207 loss=1.12072
train_loss run=1 interval=0 step=208 loss=1.11295
train_loss run=1 interval=0 step=209 loss=1.16409
train_loss run=1 interval=0 step=210 loss=1.10686
train_loss run=1 interval=0 step=211 loss=1.11261
train_loss run=1 interval=0 step=212 loss=1.13877
train_loss run=1 interval=0 step=213 loss=1.1324
train_loss run=1 interval=0 step=214 loss=1.14567
train_loss run=1 interval=0 step=215 loss=1.11941
train_loss run=1 interval=0 step=216 loss=1.0884
train_loss run=1 interval=0 step=217 loss=1.07914
train_loss run=1 interval=0 step=218 loss=1.12115
train_loss run=1 interval=0 step=219 loss=1.08233
train_loss run=1 interval=0 step=220 loss=1.1456
train_loss run=1 interval=0 step=221 loss=1.16891
train_loss run=1 interval=0 step=222 loss=1.1273
train_loss run=1 interval=0 step=223 loss=1.12274
train_loss run=1 interval=0 step=224 loss=1.11341
train_loss run=1 interval=0 step=225 loss=1.12238
train_loss run=1 interval=0 step=226 loss=1.10643
train_loss run=1 interval=0 step=227 loss=1.11962
train_loss run=1 interval=0 step=228 loss=1.12451
train_loss run=1 interval=0 step=229 loss=1.11158
train_loss run=1 interval=0 step=230 loss=1.10211
train_loss run=1 interval=0 step=231 loss=1.1253
train_loss run=1 interval=0 step=232 loss=1.14441
train_loss run=1 interval=0 step=233 loss=1.11486
train_loss run=1 interval=0 step=234 loss=1.09959
train_loss run=1 interval=0 step=235 loss=1.11912
train_loss run=1 interval=0 step=236 loss=1.13929
train_loss run=1 interval=0 step=237 loss=1.12909
train_loss run=1 interval=0 step=238 loss=1.09337
train_loss run=1 interval=0 step=239 loss=1.12343
train_loss run=1 interval=0 step=240 loss=1.07833
train_loss run=1 interval=0 step=241 loss=1.10398
train_loss run=1 interval=0 step=242 loss=1.11271
train_loss run=1 interval=0 step=243 loss=1.12118
train_loss run=1 interval=0 step=244 loss=1.08305
train_loss run=1 interval=0 step=245 loss=1.09655
train_loss run=1 interval=0 step=246 loss=1.11972
train_loss run=1 interval=0 step=247 loss=1.12332
train_loss run=1 interval=0 step=248 loss=1.11151
train_loss run=1 interval=0 step=249 loss=1.09312
train_loss run=1 interval=0 step=250 loss=1.10293
train_loss run=1 interval=0 step=251 loss=1.10842
train_loss run=1 interval=0 step=252 loss=1.11903
train_loss run=1 interval=0 step=253 loss=1.11117
train_loss run=1 interval=0 step=254 loss=1.10376
train_loss run=1 interval=0 step=255 loss=1.10185
train_loss run=1 interval=0 step=256 loss=1.09184
train_loss run=1 interval=0 step=257 loss=1.11074
train_loss run=1 interval=0 step=258 loss=1.11045
train_loss run=1 interval=0 step=259 loss=1.11307
train_loss run=1 interval=0 step=260 loss=1.11907
train_loss run=1 interval=0 step=261 loss=1.09704
train_loss run=1 interval=0 step=262 loss=1.1231
train_loss run=1 interval=0 step=263 loss=1.15871
train_loss run=1 interval=0 step=264 loss=1.11531
train_loss run=1 interval=0 step=265 loss=1.10316
train_loss run=1 interval=0 step=266 loss=1.10044
train_loss run=1 interval=0 step=267 loss=1.12283
train_loss run=1 interval=0 step=268 loss=1.11745
train_loss run=1 interval=0 step=269 loss=1.12774
train_loss run=1 interval=0 step=270 loss=1.10643
train_loss run=1 interval=0 step=271 loss=1.15746
train_loss run=1 interval=0 step=272 loss=1.08286
train_loss run=1 interval=0 step=273 loss=1.09315
train_loss run=1 interval=0 step=274 loss=1.10942
train_loss run=1 interval=0 step=275 loss=1.11445
train_loss run=1 interval=0 step=276 loss=1.115
train_loss run=1 interval=0 step=277 loss=1.11759
train_loss run=1 interval=0 step=278 loss=1.08899
train_loss run=1 interval=0 step=279 loss=1.12578
train_loss run=1 interval=0 step=280 loss=1.10362
train_loss run=1 interval=0 step=281 loss=1.1134
train_loss run=1 interval=0 step=282 loss=1.0891
train_loss run=1 interval=0 step=283 loss=1.07904
train_loss run=1 interval=0 step=284 loss=1.13589
train_loss run=1 interval=0 step=285 loss=1.10495
train_loss run=1 interval=0 step=286 loss=1.1203
train_loss run=1 interval=0 step=287 loss=1.0764
train_loss run=1 interval=0 step=288 loss=1.07709
train_loss run=1 interval=0 step=289 loss=1.10325
train_loss run=1 interval=0 step=290 loss=1.13602
train_loss run=1 interval=0 step=291 loss=1.08547
train_loss run=1 interval=0 step=292 loss=1.09379
train_loss run=1 interval=0 step=293 loss=1.15454
train_loss run=1 interval=0 step=294 loss=1.06819
train_loss run=1 interval=0 step=295 loss=1.08515
train_loss run=1 interval=0 step=296 loss=1.08863
train_loss run=1 interval=0 step=297 loss=1.09591
train_loss run=1 interval=0 step=298 loss=1.10614
train_loss run=1 interval=0 step=299 loss=1.10532
train_loss run=1 interval=0 step=300 loss=1.09149
train_loss run=1 interval=0 step=301 loss=1.07024
train_loss run=1 interval=0 step=302 loss=1.06214
train_loss run=1 interval=0 step=303 loss=1.09242
train_loss run=1 interval=0 step=304 loss=1.067
train_loss run=1 interval=0 step=305 loss=1.08536
train_loss run=1 interval=0 step=306 loss=1.09652
train_loss run=1 interval=0 step=307 loss=1.10173
train_loss run=1 interval=0 step=308 loss=1.05363
train_loss run=1 interval=0 step=309 loss=1.08837
train_loss run=1 interval=0 step=310 loss=1.07086
train_loss run=1 interval=0 step=311 loss=1.04481
train_loss run=1 interval=0 step=312 loss=1.06508
train_loss run=1 interval=0 step=313 loss=1.0631
train_loss run=1 interval=0 step=314 loss=1.06641
train_loss run=1 interval=0 step=315 loss=1.06045
train_loss run=1 interval=0 step=316 loss=1.06506
train_loss run=1 interval=0 step=317 loss=1.04128
train_loss run=1 interval=0 step=318 loss=1.0483
train_loss run=1 interval=0 step=319 loss=1.04785
train_loss run=1 interval=0 step=320 loss=1.05885
train_loss run=1 interval=0 step=321 loss=1.06783
train_loss run=1 interval=0 step=322 loss=1.06561
train_loss run=1 interval=0 step=323 loss=1.07381
train_loss run=1 interval=0 step=324 loss=1.04213
train_loss run=1 interval=0 step=325 loss=1.0825
train_loss run=1 interval=0 step=326 loss=1.10298
train_loss run=1 interval=0 step=327 loss=1.08688
train_loss run=1 interval=0 step=328 loss=1.06101
train_loss run=1 interval=0 step=329 loss=1.08036
train_loss run=1 interval=0 step=330 loss=1.06192
train_loss run=1 interval=0 step=331 loss=1.08088
train_loss run=1 interval=0 step=332 loss=1.09182
train_loss run=1 interval=0 step=333 loss=1.07494
train_loss run=1 interval=0 step=334 loss=1.07102
train_loss run=1 interval=0 step=335 loss=1.04055
train_loss run=1 interval=0 step=336 loss=1.07666
train_loss run=1 interval=0 step=337 loss=1.06681
train_loss run=1 interval=0 step=338 loss=1.09862
train_loss run=1 interval=0 step=339 loss=1.08447
train_loss run=1 interval=0 step=340 loss=1.07609
train_loss run=1 interval=0 step=341 loss=1.07275
train_loss run=1 interval=0 step=342 loss=1.03371
train_loss run=1 interval=0 step=343 loss=1.0677
train_loss run=1 interval=0 step=344 loss=1.04251
train_loss run=1 interval=0 step=345 loss=1.10632
train_loss run=1 interval=0 step=346 loss=1.04521
train_loss run=1 interval=0 step=347 loss=1.07543
train_loss run=1 interval=0 step=348 loss=1.05279
train_loss run=1 interval=0 step=349 loss=1.07199
train_loss run=1 interval=0 step=350 loss=1.0629
train_loss run=1 interval=0 step=351 loss=1.0639
train_loss run=1 interval=0 step=352 loss=1.07706
train_loss run=1 interval=0 step=353 loss=1.04693
train_loss run=1 interval=0 step=354 loss=1.0401
train_loss run=1 interval=0 step=355 loss=1.04178
train_loss run=1 interval=0 step=356 loss=1.05857
train_loss run=1 interval=0 step=357 loss=1.06283
train_loss run=1 interval=0 step=358 loss=1.07383
train_loss run=1 interval=0 step=359 loss=1.05174
train_loss run=1 interval=0 step=360 loss=1.05286
train_loss run=1 interval=0 step=361 loss=1.05525
train_loss run=1 interval=0 step=362 loss=1.04757
train_loss run=1 interval=0 step=363 loss=1.0586
train_loss run=1 interval=0 step=364 loss=1.05787
train_loss run=1 interval=0 step=365 loss=1.07808
train_loss run=1 interval=0 step=366 loss=1.04252
train_loss run=1 interval=0 step=367 loss=1.06263
train_loss run=1 interval=0 step=368 loss=1.05911
train_loss run=1 interval=0 step=369 loss=1.07243
train_loss run=1 interval=0 step=370 loss=1.07176
train_loss run=1 interval=0 step=371 loss=1.06367
train_loss run=1 interval=0 step=372 loss=1.05242
train_loss run=1 interval=0 step=373 loss=1.0688
train_loss run=1 interval=0 step=374 loss=1.07459
train_loss run=1 interval=0 step=375 loss=1.06007
train_loss run=1 interval=0 step=376 loss=1.05907
train_loss run=1 interval=0 step=377 loss=1.06362
train_loss run=1 interval=0 step=378 loss=1.10331
train_loss run=1 interval=0 step=379 loss=1.08
train_loss run=1 interval=0 step=380 loss=1.06526
train_loss run=1 interval=0 step=381 loss=1.08199
train_loss run=1 interval=0 step=382 loss=1.02394
train_loss run=1 interval=0 step=383 loss=1.06032
train_loss run=1 interval=0 step=384 loss=1.05624
train_loss run=1 interval=0 step=385 loss=1.06152
train_loss run=1 interval=0 step=386 loss=1.05412
train_loss run=1 interval=0 step=387 loss=1.04106
train_loss run=1 interval=0 step=388 loss=1.08029
train_loss run=1 interval=0 step=389 loss=1.06609
train_loss run=1 interval=0 step=390 loss=1.06745
train_loss run=1 interval=0 step=391 loss=1.06796
train_loss run=1 interval=0 step=392 loss=1.0566
train_loss run=1 interval=0 step=393 loss=1.0857
train_loss run=1 interval=0 step=394 loss=1.0689
train_loss run=1 interval=0 step=395 loss=1.05423
train_loss run=1 interval=0 step=396 loss=1.06947
train_loss run=1 interval=0 step=397 loss=1.05172
train_loss run=1 interval=0 step=398 loss=1.0924
train_loss run=1 interval=0 step=399 loss=1.07325
train_loss run=1 interval=0 step=400 loss=1.02788
train_loss run=1 interval=0 step=401 loss=1.02867
train_loss run=1 interval=0 step=402 loss=1.04376
train_loss run=1 interval=0 step=403 loss=1.03836
train_loss run=1 interval=0 step=404 loss=1.0378
train_loss run=1 interval=0 step=405 loss=1.01394
train_loss run=1 interval=0 step=406 loss=1.05439
train_loss run=1 interval=0 step=407 loss=1.02881
train_loss run=1 interval=0 step=408 loss=1.0566
train_loss run=1 interval=0 step=409 loss=1.01192
train_loss run=1 interval=0 step=410 loss=1.04069
train_loss run=1 interval=0 step=411 loss=1.02176
train_loss run=1 interval=0 step=412 loss=1.0246
train_loss run=1 interval=0 step=413 loss=1.01579
train_loss run=1 interval=0 step=414 loss=1.05959
train_loss run=1 interval=0 step=415 loss=1.0618
train_loss run=1 interval=0 step=416 loss=1.02182
train_loss run=1 interval=0 step=417 loss=0.996645
train_loss run=1 interval=0 step=418 loss=1.01492
train_loss run=1 interval=0 step=419 loss=1.02315
train_loss run=1 interval=0 step=420 loss=1.01575
train_loss run=1 interval=0 step=421 loss=1.04468
train_loss run=1 interval=0 step=422 loss=1.05179
train_loss run=1 interval=0 step=423 loss=1.0399
train_loss run=1 interval=0 step=424 loss=1.04799
train_loss run=1 interval=0 step=425 loss=1.03443
train_loss run=1 interval=0 step=426 loss=1.01742
train_loss run=1 interval=0 step=427 loss=1.00873
train_loss run=1 interval=0 step=428 loss=1.02769
train_loss run=1 interval=0 step=429 loss=1.00877
train_loss run=1 interval=0 step=430 loss=1.00345
train_loss run=1 interval=0 step=431 loss=1.04986
train_loss run=1 interval=0 step=432 loss=1.00246
train_loss run=1 interval=0 step=433 loss=1.00183
train_loss run=1 interval=0 step=434 loss=1.02942
train_loss run=1 interval=0 step=435 loss=1.05155
train_loss run=1 interval=0 step=436 loss=1.02093
train_loss run=1 interval=0 step=437 loss=1.02691
train_loss run=1 interval=0 step=438 loss=1.05488
train_loss run=1 interval=0 step=439 loss=1.02081
train_loss run=1 interval=0 step=440 loss=1.02319
train_loss run=1 interval=0 step=441 loss=1.00912
train_loss run=1 interval=0 step=442 loss=1.00954
train_loss run=1 interval=0 step=443 loss=1.02288
train_loss run=1 interval=0 step=444 loss=1.03544
train_loss run=1 interval=0 step=445 loss=1.00322
train_loss run=1 interval=0 step=446 loss=1.0217
train_loss run=1 interval=0 step=447 loss=1.04069
train_loss run=1 interval=0 step=448 loss=1.02239
train_loss run=1 interval=0 step=449 loss=1.01986
train_loss run=1 interval=0 step=450 loss=1.02552
train_loss run=1 interval=0 step=451 loss=1.06473
train_loss run=1 interval=0 step=452 loss=1.038
train_loss run=1 interval=0 step=453 loss=1.02324
train_loss run=1 interval=0 step=454 loss=1.02974
train_loss run=1 interval=0 step=455 loss=1.02395
train_loss run=1 interval=0 step=456 loss=1.02883
train_loss run=1 interval=0 step=457 loss=1.0029
train_loss run=1 interval=0 step=458 loss=1.01898
train_loss run=1 interval=0 step=459 loss=1.0311
train_loss run=1 interval=0 step=460 loss=1.02818
train_loss run=1 interval=0 step=461 loss=1.00141
train_loss run=1 interval=0 step=462 loss=1.03799
train_loss run=1 interval=0 step=463 loss=1.03096
train_loss run=1 interval=0 step=464 loss=1.02392
train_loss run=1 interval=0 step=465 loss=1.01912
train_loss run=1 interval=0 step=466 loss=1.00956
train_loss run=1 interval=0 step=467 loss=1.02555
train_loss run=1 interval=0 step=468 loss=1.0281
train_loss run=1 interval=0 step=469 loss=0.994101
train_loss run=1 interval=0 step=470 loss=1.02233
train_loss run=1 interval=0 step=471 loss=0.989473
train_loss run=1 interval=0 step=472 loss=1.02401
train_loss run=1 interval=0 step=473 loss=1.02877
train_loss run=1 interval=0 step=474 loss=1.051
train_loss run=1 interval=0 step=475 loss=1.02213
train_loss run=1 interval=0 step=476 loss=1.03249
train_loss run=1 interval=0 step=477 loss=0.99894
train_loss run=1 interval=0 step=478 loss=1.01008
train_loss run=1 interval=0 step=479 loss=1.00912
train_loss run=1 interval=0 step=480 loss=1.00599
train_loss run=1 interval=0 step=481 loss=1.03864
train_loss run=1 interval=0 step=482 loss=1.00316
train_loss run=1 interval=0 step=483 loss=1.00692
train_loss run=1 interval=0 step=484 loss=1.02058
train_loss run=1 interval=0 step=485 loss=1.04577
train_loss run=1 interval=0 step=486 loss=0.990145
train_loss run=1 interval=0 step=487 loss=1.01657
train_loss run=1 interval=0 step=488 loss=1.0366
train_loss run=1 interval=0 step=489 loss=1.02348
train_loss run=1 interval=0 step=490 loss=1.00502
train_loss run=1 interval=0 step=491 loss=0.993064
train_loss run=1 interval=0 step=492 loss=1.00354
train_loss run=1 interval=0 step=493 loss=1.04551
train_loss run=1 interval=0 step=494 loss=1.02654
train_loss run=1 interval=0 step=495 loss=1.05166
train_loss run=1 interval=0 step=496 loss=1.04857
train_loss run=1 interval=0 step=497 loss=1.00303
train_loss run=1 interval=0 step=498 loss=0.978426
train_loss run=1 interval=0 step=499 loss=1.01426
train_loss run=1 interval=0 step=500 loss=1.02249
train_loss run=1 interval=0 step=501 loss=0.984615
train_loss run=1 interval=0 step=502 loss=1.00273
train_loss run=1 interval=0 step=503 loss=0.993433
train_loss run=1 interval=0 step=504 loss=1.00322
train_loss run=1 interval=0 step=505 loss=0.983652
train_loss run=1 interval=0 step=506 loss=0.970829
train_loss run=1 interval=0 step=507 loss=0.990362
train_loss run=1 interval=0 step=508 loss=0.974857
train_loss run=1 interval=0 step=509 loss=0.975079
train_loss run=1 interval=0 step=510 loss=0.986239
train_loss run=1 interval=0 step=511 loss=0.996256
train_loss run=1 interval=0 step=512 loss=1.01215
train_loss run=1 interval=0 step=513 loss=1.0025
train_loss run=1 interval=0 step=514 loss=0.990147
train_loss run=1 interval=0 step=515 loss=1.00346
train_loss run=1 interval=0 step=516 loss=0.972028
train_loss run=1 interval=0 step=517 loss=1.00753
train_loss run=1 interval=0 step=518 loss=0.975037
train_loss run=1 interval=0 step=519 loss=0.98525
train_loss run=1 interval=0 step=520 loss=0.981522
train_loss run=1 interval=0 step=521 loss=0.990388
train_loss run=1 interval=0 step=522 loss=0.987779
train_loss run=1 interval=0 step=523 loss=1.00647
train_loss run=1 interval=0 step=524 loss=0.99883
train_loss run=1 interval=0 step=525 loss=0.990342
train_loss run=1 interval=0 step=526 loss=0.987419
train_loss run=1 interval=0 step=527 loss=1.01504
train_loss run=1 interval=0 step=528 loss=1.0001
train_loss run=1 interval=0 step=529 loss=0.981869
train_loss run=1 interval=0 step=530 loss=0.979103
train_loss run=1 interval=0 step=531 loss=0.977941
train_loss run=1 interval=0 step=532 loss=0.985983
train_loss run=1 interval=0 step=533 loss=0.975433
train_loss run=1 interval=0 step=534 loss=0.973613
train_loss run=1 interval=0 step=535 loss=0.979627
train_loss run=1 interval=0 step=536 loss=0.985981
train_loss run=1 interval=0 step=537 loss=0.985071
train_loss run=1 interval=0 step=538 loss=0.987296
train_loss run=1 interval=0 step=539 loss=0.985294
train_loss run=1 interval=0 step=540 loss=0.975492
train_loss run=1 interval=0 step=541 loss=1.00355
train_loss run=1 interval=0 step=542 loss=0.987203
train_loss run=1 interval=0 step=543 loss=0.994311
train_loss run=1 interval=0 step=544 loss=1.006
train_loss run=1 interval=0 step=545 loss=0.998524
train_loss run=1 interval=0 step=546 loss=0.976877
train_loss run=1 interval=0 step=547 loss=0.981026
train_loss run=1 interval=0 step=548 loss=0.988198
train_loss run=1 interval=0 step=549 loss=0.974226
train_loss run=1 interval=0 step=550 loss=0.981668
train_loss run=1 interval=0 step=551 loss=0.96499
train_loss run=1 interval=0 step=552 loss=0.976955
train_loss run=1 interval=0 step=553 loss=0.983523
train_loss run=1 interval=0 step=554 loss=0.975666
train_loss run=1 interval=0 step=555 loss=0.975475
train_loss run=1 interval=0 step=556 loss=0.980991
train_loss run=1 interval=0 step=557 loss=0.989591
train_loss run=1 interval=0 step=558 loss=0.974423
train_loss run=1 interval=0 step=559 loss=0.967044
train_loss run=1 interval=0 step=560 loss=0.996379
train_loss run=1 interval=0 step=561 loss=0.984594
train_loss run=1 interval=0 step=562 loss=0.981008
train_loss run=1 interval=0 step=563 loss=0.997796
train_loss run=1 interval=0 step=564 loss=0.963019
train_loss run=1 interval=0 step=565 loss=0.999871
train_loss run=1 interval=0 step=566 loss=0.982812
train_loss run=1 interval=0 step=567 loss=0.975781
train_loss run=1 interval=0 step=568 loss=0.98773
train_loss run=1 interval=0 step=569 loss=0.991787
train_loss run=1 interval=0 step=570 loss=0.979471
train_loss run=1 interval=0 step=571 loss=1.00056
train_loss run=1 interval=0 step=572 loss=0.982075
train_loss run=1 interval=0 step=573 loss=0.964264
train_loss run=1 interval=0 step=574 loss=0.980012
train_loss run=1 interval=0 step=575 loss=0.964003
train_loss run=1 interval=0 step=576 loss=0.965661
train_loss run=1 interval=0 step=577 loss=0.99961
train_loss run=1 interval=0 step=578 loss=0.963748
train_loss run=1 interval=0 step=579 loss=1.01119
train_loss run=1 interval=0 step=580 loss=1.00078
train_loss run=1 interval=0 step=581 loss=0.978834
train_loss run=1 interval=0 step=582 loss=0.987473
train_loss run=1 interval=0 step=583 loss=1.00639
train_loss run=1 interval=0 step=584 loss=0.97725
train_loss run=1 interval=0 step=585 loss=0.971695
train_loss run=1 interval=0 step=586 loss=0.980401
train_loss run=1 interval=0 step=587 loss=0.975001
train_loss run=1 interval=0 step=588 loss=0.979355
train_loss run=1 interval=0 step=589 loss=0.968081
train_loss run=1 interval=0 step=590 loss=0.98094
train_loss run=1 interval=0 step=591 loss=0.976869
train_loss run=1 interval=0 step=592 loss=0.960514
train_loss run=1 interval=0 step=593 loss=0.9864
train_loss run=1 interval=0 step=594 loss=0.981056
train_loss run=1 interval=0 step=595 loss=0.976657
train_loss run=1 interval=0 step=596 loss=0.983403
train_loss run=1 interval=0 step=597 loss=0.986497
train_loss run=1 interval=0 step=598 loss=0.973059
train_loss run=1 interval=0 step=599 loss=0.97526
train_loss run=1 interval=0 step=600 loss=0.998071
train_loss run=1 interval=0 step=601 loss=0.950332
train_loss run=1 interval=0 step=602 loss=0.953882
train_loss run=1 interval=0 step=603 loss=0.952168
train_loss run=1 interval=0 step=604 loss=0.972006
train_loss run=1 interval=0 step=605 loss=0.973271
train_loss run=1 interval=0 step=606 loss=0.973059
train_loss run=1 interval=0 step=607 loss=0.952223
train_loss run=1 interval=0 step=608 loss=0.939033
train_loss run=1 interval=0 step=609 loss=0.960749
train_loss run=1 interval=0 step=610 loss=0.942773
train_loss run=1 interval=0 step=611 loss=0.95072
train_loss run=1 interval=0 step=612 loss=0.984172
train_loss run=1 interval=0 step=613 loss=0.946547
train_loss run=1 interval=0 step=614 loss=0.945365
train_loss run=1 interval=0 step=615 loss=0.953913
train_loss run=1 interval=0 step=616 loss=0.952215
train_loss run=1 interval=0 step=617 loss=0.953563
train_loss run=1 interval=0 step=618 loss=0.964751
train_loss run=1 interval=0 step=619 loss=0.964784
train_loss run=1 interval=0 step=620 loss=0.954973
train_loss run=1 interval=0 step=621 loss=0.955909
train_loss run=1 interval=0 step=622 loss=0.966618
train_loss run=1 interval=0 step=623 loss=0.959518
train_loss run=1 interval=0 step=624 loss=0.946954
train_loss run=1 interval=0 step=625 loss=0.944764
train_loss run=1 interval=0 step=626 loss=0.951759
train_loss run=1 interval=0 step=627 loss=0.960192
train_loss run=1 interval=0 step=628 loss=0.944968
train_loss run=1 interval=0 step=629 loss=0.967305
train_loss run=1 interval=0 step=630 loss=0.945919
train_loss run=1 interval=0 step=631 loss=0.942943
train_loss run=1 interval=0 step=632 loss=0.93246
train_loss run=1 interval=0 step=633 loss=0.973301
train_loss run=1 interval=0 step=634 loss=0.94736
train_loss run=1 interval=0 step=635 loss=0.960595
train_loss run=1 interval=0 step=636 loss=0.965016
train_loss run=1 interval=0 step=637 loss=0.932992
train_loss run=1 interval=0 step=638 loss=0.945259
train_loss run=1 interval=0 step=639 loss=0.94664
train_loss run=1 interval=0 step=640 loss=0.961602
train_loss run=1 interval=0 step=641 loss=0.951101
train_loss run=1 interval=0 step=642 loss=0.954613
train_loss run=1 interval=0 step=643 loss=0.952932
train_loss run=1 interval=0 step=644 loss=0.937694
train_loss run=1 interval=0 step=645 loss=0.943185
train_loss run=1 interval=0 step=646 loss=0.93664
train_loss run=1 interval=0 step=647 loss=0.952708
train_loss run=1 interval=0 step=648 loss=0.960789
train_loss run=1 interval=0 step=649 loss=0.950989
train_loss run=1 interval=0 step=650 loss=0.937357
train_loss run=1 interval=0 step=651 loss=0.943198
train_loss run=1 interval=0 step=652 loss=0.964458
train_loss run=1 interval=0 step=653 loss=0.935356
train_loss run=1 interval=0 step=654 loss=0.945596
train_loss run=1 interval=0 step=655 loss=0.949111
train_loss run=1 interval=0 step=656 loss=0.930294
train_loss run=1 interval=0 step=657 loss=0.954314
train_loss run=1 interval=0 step=658 loss=0.964009
train_loss run=1 interval=0 step=659 loss=0.960718
train_loss run=1 interval=0 step=660 loss=0.937686
train_loss run=1 interval=0 step=661 loss=0.960802
train_loss run=1 interval=0 step=662 loss=0.935052
train_loss run=1 interval=0 step=663 loss=0.940995
train_loss run=1 interval=0 step=664 loss=0.943223
train_loss run=1 interval=0 step=665 loss=0.950879
train_loss run=1 interval=0 step=666 loss=0.950417
train_loss run=1 interval=0 step=667 loss=0.940248
train_loss run=1 interval=0 step=668 loss=0.940969
train_loss run=1 interval=0 step=669 loss=0.931068
train_loss run=1 interval=0 step=670 loss=0.981327
train_loss run=1 interval=0 step=671 loss=0.951826
train_loss run=1 interval=0 step=672 loss=0.952912
train_loss run=1 interval=0 step=673 loss=0.954575
train_loss run=1 interval=0 step=674 loss=0.956497
train_loss run=1 interval=0 step=675 loss=0.936224
train_loss run=1 interval=0 step=676 loss=0.939502
train_loss run=1 interval=0 step=677 loss=0.938558
train_loss run=1 interval=0 step=678 loss=0.93308
train_loss run=1 interval=0 step=679 loss=0.94191
train_loss run=1 interval=0 step=680 loss=0.944811
train_loss run=1 interval=0 step=681 loss=0.943187
train_loss run=1 interval=0 step=682 loss=0.967224
train_loss run=1 interval=0 step=683 loss=0.956853
train_loss run=1 interval=0 step=684 loss=0.949222
train_loss run=1 interval=0 step=685 loss=0.939408
train_loss run=1 interval=0 step=686 loss=0.945947
train_loss run=1 interval=0 step=687 loss=0.964432
train_loss run=1 interval=0 step=688 loss=0.951322
train_loss run=1 interval=0 step=689 loss=0.959096
train_loss run=1 interval=0 step=690 loss=0.94695
train_loss run=1 interval=0 step=691 loss=0.933577
train_loss run=1 interval=0 step=692 loss=0.940825
train_loss run=1 interval=0 step=693 loss=0.948487
train_loss run=1 interval=0 step=694 loss=0.942439
train_loss run=1 interval=0 step=695 loss=0.935826
train_loss run=1 interval=0 step=696 loss=0.983458
train_loss run=1 interval=0 step=697 loss=0.937201
train_loss run=1 interval=0 step=698 loss=0.943093
train_loss run=1 interval=0 step=699 loss=0.932402
train_loss run=1 interval=0 step=700 loss=0.943696
train_loss run=1 interval=0 step=701 loss=0.917742
train_loss run=1 interval=0 step=702 loss=0.940267
train_loss run=1 interval=0 step=703 loss=0.926422
train_loss run=1 interval=0 step=704 loss=0.912026
train_loss run=1 interval=0 step=705 loss=0.928243
train_loss run=1 interval=0 step=706 loss=0.915413
train_loss run=1 interval=0 step=707 loss=0.935057
train_loss run=1 interval=0 step=708 loss=0.923876
train_loss run=1 interval=0 step=709 loss=0.925207
train_loss run=1 interval=0 step=710 loss=0.9332
train_loss run=1 interval=0 step=711 loss=0.920482
train_loss run=1 interval=0 step=712 loss=0.914329
train_loss run=1 interval=0 step=713 loss=0.91989
train_loss run=1 interval=0 step=714 loss=0.927677
train_loss run=1 interval=0 step=715 loss=0.927306
train_loss run=1 interval=0 step=716 loss=0.930277
train_loss run=1 interval=0 step=717 loss=0.90903
train_loss run=1 interval=0 step=718 loss=0.933357
train_loss run=1 interval=0 step=719 loss=0.916133
train_loss run=1 interval=0 step=720 loss=0.91883
train_loss run=1 interval=0 step=721 loss=0.915221
train_loss run=1 interval=0 step=722 loss=0.928703
train_loss run=1 interval=0 step=723 loss=0.930468
train_loss run=1 interval=0 step=724 loss=0.930571
train_loss run=1 interval=0 step=725 loss=0.92183
train_loss run=1 interval=0 step=726 loss=0.92674
train_loss run=1 interval=0 step=727 loss=0.909396
train_loss run=1 interval=0 step=728 loss=0.916919
train_loss run=1 interval=0 step=729 loss=0.925287
train_loss run=1 interval=0 step=730 loss=0.92758
train_loss run=1 interval=0 step=731 loss=0.922577
train_loss run=1 interval=0 step=732 loss=0.919351
train_loss run=1 interval=0 step=733 loss=0.92565
train_loss run=1 interval=0 step=734 loss=0.925855
train_loss run=1 interval=0 step=735 loss=0.920781
train_loss run=1 interval=0 step=736 loss=0.919667
train_loss run=1 interval=0 step=737 loss=0.923653
train_loss run=1 interval=0 step=738 loss=0.923007
train_loss run=1 interval=0 step=739 loss=0.916884
train_loss run=1 interval=0 step=740 loss=0.920907
train_loss run=1 interval=0 step=741 loss=0.925657
train_loss run=1 interval=0 step=742 loss=0.914267
train_loss run=1 interval=0 step=743 loss=0.924765
train_loss run=1 interval=0 step=744 loss=0.930808
train_loss run=1 interval=0 step=745 loss=0.927833
train_loss run=1 interval=0 step=746 loss=0.921023
train_loss run=1 interval=0 step=747 loss=0.922782
train_loss run=1 interval=0 step=748 loss=0.923662
train_loss run=1 interval=0 step=749 loss=0.92198
train_loss run=1 interval=0 step=750 loss=0.922409
train_loss run=1 interval=0 step=751 loss=0.917881
train_loss run=1 interval=0 step=752 loss=0.924514
train_loss run=1 interval=0 step=753 loss=0.924202
train_loss run=1 interval=0 step=754 loss=0.91647
train_loss run=1 interval=0 step=755 loss=0.924823
train_loss run=1 interval=0 step=756 loss=0.927718
train_loss run=1 interval=0 step=757 loss=0.921572
train_loss run=1 interval=0 step=758 loss=0.929605
train_loss run=1 interval=0 step=759 loss=0.924297
train_loss run=1 interval=0 step=760 loss=0.914801
train_loss run=1 interval=0 step=761 loss=0.920348
train_loss run=1 interval=0 step=762 loss=0.911684
train_loss run=1 interval=0 step=763 loss=0.912835
train_loss run=1 interval=0 step=764 loss=0.922045
train_loss run=1 interval=0 step=765 loss=0.924434
train_loss run=1 interval=0 step=766 loss=0.921622
train_loss run=1 interval=0 step=767 loss=0.906487
train_loss run=1 interval=0 step=768 loss=0.914565
train_loss run=1 interval=0 step=769 loss=0.91797
train_loss run=1 interval=0 step=770 loss=0.936744
train_loss run=1 interval=0 step=771 loss=0.918583
train_loss run=1 interval=0 step=772 loss=0.920907
train_loss run=1 interval=0 step=773 loss=0.914083
train_loss run=1 interval=0 step=774 loss=0.911342
train_loss run=1 interval=0 step=775 loss=0.920919
train_loss run=1 interval=0 step=776 loss=0.9258
train_loss run=1 interval=0 step=777 loss=0.916016
train_loss run=1 interval=0 step=778 loss=0.920776
train_loss run=1 interval=0 step=779 loss=0.92408
train_loss run=1 interval=0 step=780 loss=0.915345
train_loss run=1 interval=0 step=781 loss=0.925006
train_loss run=1 interval=0 step=782 loss=0.920006
train_loss run=1 interval=0 step=783 loss=0.918645
train_loss run=1 interval=0 step=784 loss=0.919743
train_loss run=1 interval=0 step=785 loss=0.925647
train_loss run=1 interval=0 step=786 loss=0.929633
train_loss run=1 interval=0 step=787 loss=0.928306
train_loss run=1 interval=0 step=788 loss=0.920466
train_loss run=1 interval=0 step=789 loss=0.929666
train_loss run=1 interval=0 step=790 loss=0.910113
train_loss run=1 interval=0 step=791 loss=0.934689
train_loss run=1 interval=0 step=792 loss=0.921296
train_loss run=1 interval=0 step=793 loss=0.914019
train_loss run=1 interval=0 step=794 loss=0.906867
train_loss run=1 interval=0 step=795 loss=0.925012
train_loss run=1 interval=0 step=796 loss=0.910419
train_loss run=1 interval=0 step=797 loss=0.909484
train_loss run=1 interval=0 step=798 loss=0.921386
train_loss run=1 interval=0 step=799 loss=0.919793
train_loss run=1 interval=0 step=800 loss=0.927164
interval_boundary_eval run=1 interval=0 step=800 total_steps=800 tta_val_acc=0.9415
val_acc=0.9312 tta_val_acc=0.9415 seconds=247.4321
base_config run=2
{
  "batch_size": 2000,
  "num_epochs": 8,
  "overfit": false,
  "hparam_tuning": {
    "algorithm": "interval_linear",
    "metric": "tta_val_acc",
    "params": {"conv.initial_lr": {"initial": 0.24, "choices": null, "mult": 0.6}, "conv.momentum": {"initial": 0.6, "choices": [0.0, 0.1, 0.2, 0.3, 0.4, 0.5, 0.6, 0.7, 0.8, 0.9, 0.95, 0.99]}, "head.initial_lr": {"initial": 1300, "choices": null, "mult": 0.6}, "head.momentum": {"initial": 0.85, "choices": [0.1, 0.2, 0.3, 0.4, 0.5, 0.6, 0.7, 0.8, 0.9, 0.95, 0.99]}, "norm_bias.initial_lr": {"initial": 100, "choices": null, "mult": 0.6}, "norm_bias.momentum": {"initial": 0.85, "choices": [0.1, 0.2, 0.3, 0.4, 0.5, 0.6, 0.7, 0.8, 0.9, 0.95, 0.99]}},
    "interval_steps": 200,
    "cooldown_steps": 0,
    "max_side_steps": 20,
    "lr_factor": 0.6
  },
  "param_groups": {
    "whiten_weight": {"algorithm": "sgd", "lr_scheduler": {"type": "constant", "initial_lr": 0.0}, "momentum": 0.85, "nesterov": true},
    "norm_weight": {"algorithm": "sgd", "lr_scheduler": {"type": "constant", "initial_lr": 0.0}, "momentum": 0.85, "nesterov": true},
    "whiten_bias": {"algorithm": "sgd", "lr_scheduler": {"type": "linear", "initial_lr": 100, "decay_epochs": 3}, "momentum": 0.85, "nesterov": true},
    "norm_bias": {"algorithm": "sgd", "lr_scheduler": {"type": "linear", "initial_lr": 100, "decay_epochs": 8}, "momentum": 0.85, "nesterov": true},
    "head": {"algorithm": "sgd", "lr_scheduler": {"type": "linear", "initial_lr": 1300, "decay_epochs": 8}, "momentum": 0.85, "nesterov": true},
    "conv": {"algorithm": "muon", "lr_scheduler": {"type": "linear", "initial_lr": 0.19, "decay_epochs": 8}, "momentum": 0.6, "nesterov": true}
  }
}
search run=2 interval=0 phase=main metric=tta_val_acc
main hparams: conv.initial_lr=0.22 conv.momentum=0.6 head.initial_lr=1300 head.momentum=0.85 norm_bias.initial_lr=99 norm_bias.momentum=0.85 main=0.9411
main hparams: conv.initial_lr=0.13 conv.momentum=0.6 head.initial_lr=1300 head.momentum=0.85 norm_bias.initial_lr=99 norm_bias.momentum=0.85 main=0.9335
main hparams: conv.initial_lr=0.36 conv.momentum=0.6 head.initial_lr=1300 head.momentum=0.85 norm_bias.initial_lr=99 norm_bias.momentum=0.85 main=0.9392
main hparams: conv.initial_lr=0.22 conv.momentum=0.5 head.initial_lr=1300 head.momentum=0.85 norm_bias.initial_lr=99 norm_bias.momentum=0.85 main=0.9402
main hparams: conv.initial_lr=0.22 conv.momentum=0.7 head.initial_lr=1300 head.momentum=0.85 norm_bias.initial_lr=99 norm_bias.momentum=0.85 main=0.9386
main hparams: conv.initial_lr=0.22 conv.momentum=0.6 head.initial_lr=770 head.momentum=0.85 norm_bias.initial_lr=99 norm_bias.momentum=0.85 main=0.9403
main hparams: conv.initial_lr=0.22 conv.momentum=0.6 head.initial_lr=2100 head.momentum=0.85 norm_bias.initial_lr=99 norm_bias.momentum=0.85 main=0.9392
main hparams: conv.initial_lr=0.22 conv.momentum=0.6 head.initial_lr=1300 head.momentum=0.8 norm_bias.initial_lr=99 norm_bias.momentum=0.85 main=0.94
main hparams: conv.initial_lr=0.22 conv.momentum=0.6 head.initial_lr=1300 head.momentum=0.9 norm_bias.initial_lr=99 norm_bias.momentum=0.85 main=0.9387
main hparams: conv.initial_lr=0.22 conv.momentum=0.6 head.initial_lr=1300 head.momentum=0.85 norm_bias.initial_lr=60 norm_bias.momentum=0.85 main=0.9397
main hparams: conv.initial_lr=0.22 conv.momentum=0.6 head.initial_lr=1300 head.momentum=0.85 norm_bias.initial_lr=170 norm_bias.momentum=0.85 main=0.9388
main hparams: conv.initial_lr=0.22 conv.momentum=0.6 head.initial_lr=1300 head.momentum=0.85 norm_bias.initial_lr=99 norm_bias.momentum=0.8 main=0.9392
main hparams: conv.initial_lr=0.22 conv.momentum=0.6 head.initial_lr=1300 head.momentum=0.85 norm_bias.initial_lr=99 norm_bias.momentum=0.9 main=0.9379
search_path step=0 conv.initial_lr=0.22 conv.momentum=0.6 head.initial_lr=1300 head.momentum=0.85 norm_bias.initial_lr=99 norm_bias.momentum=0.85 tta_val_acc=0.9411
train_hparams run=2 interval=0 start_step=0 completed_steps=200 total_steps=200 conv.initial_lr=0.22 conv.momentum=0.6 head.initial_lr=1300 head.momentum=0.85 norm_bias.initial_lr=99 norm_bias.momentum=0.85
train_schedules run=2 interval=0
  whiten_weight.initial_lr: [{"start_step": 0, "end_step": 199, "start": 0.0, "end": 0.0}]
  whiten_weight.momentum: [{"start_step": 0, "end_step": 199, "start": 0.85, "end": 0.85}]
  norm_weight.initial_lr: [{"start_step": 0, "end_step": 199, "start": 0.0, "end": 0.0}]
  norm_weight.momentum: [{"start_step": 0, "end_step": 199, "start": 0.85, "end": 0.85}]
  whiten_bias.initial_lr: [{"start_step": 0, "end_step": 75, "start": 100, "end": 0.0}, {"start_step": 75, "end_step": 199, "start": 0.0, "end": 0.0}]
  whiten_bias.momentum: [{"start_step": 0, "end_step": 199, "start": 0.85, "end": 0.85}]
  norm_bias.initial_lr: [{"start_step": 0, "end_step": 199, "start": 99.0, "end": 0.0}]
  norm_bias.momentum: [{"start_step": 0, "end_step": 199, "start": 0.85, "end": 0.85}]
  head.initial_lr: [{"start_step": 0, "end_step": 199, "start": 1300.0, "end": 0.0}]
  head.momentum: [{"start_step": 0, "end_step": 199, "start": 0.85, "end": 0.85}]
  conv.initial_lr: [{"start_step": 0, "end_step": 199, "start": 0.22, "end": 0.0}]
  conv.momentum: [{"start_step": 0, "end_step": 199, "start": 0.6, "end": 0.6}]
train_loss run=2 interval=0 step=1 loss=2.30835
train_loss run=2 interval=0 step=2 loss=2.29131
train_loss run=2 interval=0 step=3 loss=2.27195
train_loss run=2 interval=0 step=4 loss=2.07014
train_loss run=2 interval=0 step=5 loss=1.97166
train_loss run=2 interval=0 step=6 loss=1.93229
train_loss run=2 interval=0 step=7 loss=1.87585
train_loss run=2 interval=0 step=8 loss=1.83529
train_loss run=2 interval=0 step=9 loss=1.71797
train_loss run=2 interval=0 step=10 loss=1.75903
train_loss run=2 interval=0 step=11 loss=1.69599
train_loss run=2 interval=0 step=12 loss=1.66932
train_loss run=2 interval=0 step=13 loss=1.605
train_loss run=2 interval=0 step=14 loss=1.59422
train_loss run=2 interval=0 step=15 loss=1.58117
train_loss run=2 interval=0 step=16 loss=1.53457
train_loss run=2 interval=0 step=17 loss=1.54818
train_loss run=2 interval=0 step=18 loss=1.50625
train_loss run=2 interval=0 step=19 loss=1.45427
train_loss run=2 interval=0 step=20 loss=1.45789
train_loss run=2 interval=0 step=21 loss=1.45156
train_loss run=2 interval=0 step=22 loss=1.39132
train_loss run=2 interval=0 step=23 loss=1.37463
train_loss run=2 interval=0 step=24 loss=1.38217
train_loss run=2 interval=0 step=25 loss=1.40303
train_loss run=2 interval=0 step=26 loss=1.39537
train_loss run=2 interval=0 step=27 loss=1.35474
train_loss run=2 interval=0 step=28 loss=1.35461
train_loss run=2 interval=0 step=29 loss=1.35376
train_loss run=2 interval=0 step=30 loss=1.31772
train_loss run=2 interval=0 step=31 loss=1.32321
train_loss run=2 interval=0 step=32 loss=1.31543
train_loss run=2 interval=0 step=33 loss=1.35404
train_loss run=2 interval=0 step=34 loss=1.2987
train_loss run=2 interval=0 step=35 loss=1.28172
train_loss run=2 interval=0 step=36 loss=1.30983
train_loss run=2 interval=0 step=37 loss=1.29029
train_loss run=2 interval=0 step=38 loss=1.29989
train_loss run=2 interval=0 step=39 loss=1.27543
train_loss run=2 interval=0 step=40 loss=1.2666
train_loss run=2 interval=0 step=41 loss=1.26815
train_loss run=2 interval=0 step=42 loss=1.27312
train_loss run=2 interval=0 step=43 loss=1.24375
train_loss run=2 interval=0 step=44 loss=1.26402
train_loss run=2 interval=0 step=45 loss=1.2685
train_loss run=2 interval=0 step=46 loss=1.269
train_loss run=2 interval=0 step=47 loss=1.24539
train_loss run=2 interval=0 step=48 loss=1.26105
train_loss run=2 interval=0 step=49 loss=1.25365
train_loss run=2 interval=0 step=50 loss=1.23492
train_loss run=2 interval=0 step=51 loss=1.20559
train_loss run=2 interval=0 step=52 loss=1.22047
train_loss run=2 interval=0 step=53 loss=1.2174
train_loss run=2 interval=0 step=54 loss=1.21272
train_loss run=2 interval=0 step=55 loss=1.21152
train_loss run=2 interval=0 step=56 loss=1.22201
train_loss run=2 interval=0 step=57 loss=1.19872
train_loss run=2 interval=0 step=58 loss=1.1993
train_loss run=2 interval=0 step=59 loss=1.19734
train_loss run=2 interval=0 step=60 loss=1.20032
train_loss run=2 interval=0 step=61 loss=1.17639
train_loss run=2 interval=0 step=62 loss=1.18929
train_loss run=2 interval=0 step=63 loss=1.19512
train_loss run=2 interval=0 step=64 loss=1.19029
train_loss run=2 interval=0 step=65 loss=1.18358
train_loss run=2 interval=0 step=66 loss=1.2015
train_loss run=2 interval=0 step=67 loss=1.18149
train_loss run=2 interval=0 step=68 loss=1.19225
train_loss run=2 interval=0 step=69 loss=1.20693
train_loss run=2 interval=0 step=70 loss=1.179
train_loss run=2 interval=0 step=71 loss=1.18721
train_loss run=2 interval=0 step=72 loss=1.16289
train_loss run=2 interval=0 step=73 loss=1.17468
train_loss run=2 interval=0 step=74 loss=1.16205
train_loss run=2 interval=0 step=75 loss=1.18221
train_loss run=2 interval=0 step=76 loss=1.12919
train_loss run=2 interval=0 step=77 loss=1.14616
train_loss run=2 interval=0 step=78 loss=1.14524
train_loss run=2 interval=0 step=79 loss=1.14423
train_loss run=2 interval=0 step=80 loss=1.13477
train_loss run=2 interval=0 step=81 loss=1.13185
train_loss run=2 interval=0 step=82 loss=1.15128
train_loss run=2 interval=0 step=83 loss=1.13913
train_loss run=2 interval=0 step=84 loss=1.12492
train_loss run=2 interval=0 step=85 loss=1.14077
train_loss run=2 interval=0 step=86 loss=1.1267
train_loss run=2 interval=0 step=87 loss=1.14094
train_loss run=2 interval=0 step=88 loss=1.13559
train_loss run=2 interval=0 step=89 loss=1.11139
train_loss run=2 interval=0 step=90 loss=1.10883
train_loss run=2 interval=0 step=91 loss=1.09462
train_loss run=2 interval=0 step=92 loss=1.12345
train_loss run=2 interval=0 step=93 loss=1.11929
train_loss run=2 interval=0 step=94 loss=1.12271
train_loss run=2 interval=0 step=95 loss=1.12736
train_loss run=2 interval=0 step=96 loss=1.12181
train_loss run=2 interval=0 step=97 loss=1.10477
train_loss run=2 interval=0 step=98 loss=1.10291
train_loss run=2 interval=0 step=99 loss=1.12015
train_loss run=2 interval=0 step=100 loss=1.13309
train_loss run=2 interval=0 step=101 loss=1.09339
train_loss run=2 interval=0 step=102 loss=1.08995
train_loss run=2 interval=0 step=103 loss=1.08027
train_loss run=2 interval=0 step=104 loss=1.09714
train_loss run=2 interval=0 step=105 loss=1.08382
train_loss run=2 interval=0 step=106 loss=1.09274
train_loss run=2 interval=0 step=107 loss=1.07483
train_loss run=2 interval=0 step=108 loss=1.07751
train_loss run=2 interval=0 step=109 loss=1.08757
train_loss run=2 interval=0 step=110 loss=1.08576
train_loss run=2 interval=0 step=111 loss=1.08246
train_loss run=2 interval=0 step=112 loss=1.07633
train_loss run=2 interval=0 step=113 loss=1.09893
train_loss run=2 interval=0 step=114 loss=1.0672
train_loss run=2 interval=0 step=115 loss=1.06198
train_loss run=2 interval=0 step=116 loss=1.08123
train_loss run=2 interval=0 step=117 loss=1.07645
train_loss run=2 interval=0 step=118 loss=1.06081
train_loss run=2 interval=0 step=119 loss=1.08052
train_loss run=2 interval=0 step=120 loss=1.05478
train_loss run=2 interval=0 step=121 loss=1.06793
train_loss run=2 interval=0 step=122 loss=1.07523
train_loss run=2 interval=0 step=123 loss=1.05443
train_loss run=2 interval=0 step=124 loss=1.09319
train_loss run=2 interval=0 step=125 loss=1.05678
train_loss run=2 interval=0 step=126 loss=1.04296
train_loss run=2 interval=0 step=127 loss=1.03449
train_loss run=2 interval=0 step=128 loss=1.04302
train_loss run=2 interval=0 step=129 loss=1.03407
train_loss run=2 interval=0 step=130 loss=1.02934
train_loss run=2 interval=0 step=131 loss=1.04608
train_loss run=2 interval=0 step=132 loss=1.03629
train_loss run=2 interval=0 step=133 loss=1.03293
train_loss run=2 interval=0 step=134 loss=1.02088
train_loss run=2 interval=0 step=135 loss=1.03304
train_loss run=2 interval=0 step=136 loss=1.03731
train_loss run=2 interval=0 step=137 loss=1.02965
train_loss run=2 interval=0 step=138 loss=1.01171
train_loss run=2 interval=0 step=139 loss=1.02391
train_loss run=2 interval=0 step=140 loss=1.0219
train_loss run=2 interval=0 step=141 loss=1.02007
train_loss run=2 interval=0 step=142 loss=1.02779
train_loss run=2 interval=0 step=143 loss=1.02337
train_loss run=2 interval=0 step=144 loss=1.02141
train_loss run=2 interval=0 step=145 loss=1.04141
train_loss run=2 interval=0 step=146 loss=1.01649
train_loss run=2 interval=0 step=147 loss=1.01718
train_loss run=2 interval=0 step=148 loss=1.01451
train_loss run=2 interval=0 step=149 loss=1.01479
train_loss run=2 interval=0 step=150 loss=1.02061
train_loss run=2 interval=0 step=151 loss=0.997146
train_loss run=2 interval=0 step=152 loss=0.992259
train_loss run=2 interval=0 step=153 loss=0.988335
train_loss run=2 interval=0 step=154 loss=0.984434
train_loss run=2 interval=0 step=155 loss=0.994548
train_loss run=2 interval=0 step=156 loss=0.980351
train_loss run=2 interval=0 step=157 loss=0.977099
train_loss run=2 interval=0 step=158 loss=0.986578
train_loss run=2 interval=0 step=159 loss=0.994696
train_loss run=2 interval=0 step=160 loss=0.966466
train_loss run=2 interval=0 step=161 loss=0.971481
train_loss run=2 interval=0 step=162 loss=0.981474
train_loss run=2 interval=0 step=163 loss=0.978531
train_loss run=2 interval=0 step=164 loss=0.974917
train_loss run=2 interval=0 step=165 loss=0.987362
train_loss run=2 interval=0 step=166 loss=0.978223
train_loss run=2 interval=0 step=167 loss=0.975443
train_loss run=2 interval=0 step=168 loss=0.977532
train_loss run=2 interval=0 step=169 loss=0.974845
train_loss run=2 interval=0 step=170 loss=0.967493
train_loss run=2 interval=0 step=171 loss=0.974771
train_loss run=2 interval=0 step=172 loss=0.977289
train_loss run=2 interval=0 step=173 loss=0.975325
train_loss run=2 interval=0 step=174 loss=0.978499
train_loss run=2 interval=0 step=175 loss=0.948907
train_loss run=2 interval=0 step=176 loss=0.941797
train_loss run=2 interval=0 step=177 loss=0.943029
train_loss run=2 interval=0 step=178 loss=0.942691
train_loss run=2 interval=0 step=179 loss=0.943612
train_loss run=2 interval=0 step=180 loss=0.939614
train_loss run=2 interval=0 step=181 loss=0.942993
train_loss run=2 interval=0 step=182 loss=0.942479
train_loss run=2 interval=0 step=183 loss=0.93912
train_loss run=2 interval=0 step=184 loss=0.939214
train_loss run=2 interval=0 step=185 loss=0.935928
train_loss run=2 interval=0 step=186 loss=0.941447
train_loss run=2 interval=0 step=187 loss=0.943866
train_loss run=2 interval=0 step=188 loss=0.940021
train_loss run=2 interval=0 step=189 loss=0.939767
train_loss run=2 interval=0 step=190 loss=0.939366
train_loss run=2 interval=0 step=191 loss=0.941276
train_loss run=2 interval=0 step=192 loss=0.936419
train_loss run=2 interval=0 step=193 loss=0.939344
train_loss run=2 interval=0 step=194 loss=0.940019
train_loss run=2 interval=0 step=195 loss=0.937243
train_loss run=2 interval=0 step=196 loss=0.936049
train_loss run=2 interval=0 step=197 loss=0.936589
train_loss run=2 interval=0 step=198 loss=0.93311
train_loss run=2 interval=0 step=199 loss=0.929147
train_loss run=2 interval=0 step=200 loss=0.934677
interval_boundary_eval run=2 interval=0 step=200 total_steps=200 tta_val_acc=0.9411
val_acc=0.9296 tta_val_acc=0.9411 seconds=136.3313
