"""
airbench94_muon.py
Runs in 2.59 seconds on a 400W NVIDIA A100 using torch==2.4.1
Attains 94.01 mean accuracy (n=200 trials)
Descends from https://github.com/tysam-code/hlb-CIFAR10/blob/main/main.py
"""

#############################################
#                  Setup                    #
#############################################

import copy
import json
import os
import sys
import time
from datetime import datetime, timezone
from itertools import product
from math import ceil, isfinite

if __name__ == "__main__":
    os.makedirs("logs", exist_ok=True)
    timestamp = datetime.now(timezone.utc).strftime("%Y%m%d_%H%M%S_%fZ")
    log_path = os.path.join("logs", f"cifar_baseline_{timestamp}_{os.getpid()}.log")
    log_file = open(log_path, "x", encoding="utf-8", buffering=1)
    sys.stdout = sys.stderr = log_file
    with open(__file__, encoding="utf-8") as source_file:
        print(source_file.read(), end="")
    print("\n\n# Run output\n", flush=True)

import torch
from torch import nn
import torch.nn.functional as F
import torchvision
import torchvision.transforms as T


def _cuda_capability():
    if not torch.cuda.is_available():
        return (0, 0)
    return torch.cuda.get_device_capability(0)


CUDA_CAPABILITY = _cuda_capability()
IS_AMPERE_OR_NEWER = CUDA_CAPABILITY[0] >= 8
USE_CUDNN_BENCHMARK = False
USE_TF32 = IS_AMPERE_OR_NEWER

torch.backends.cudnn.benchmark = USE_CUDNN_BENCHMARK
torch.backends.cudnn.allow_tf32 = USE_TF32
torch.backends.cuda.matmul.allow_tf32 = USE_TF32

USE_COMPILED_MUON = False
MUON_DTYPE = torch.bfloat16
TRAINING_SEED = 0


def set_training_seed():
    torch.manual_seed(TRAINING_SEED)
    if torch.cuda.is_available():
        torch.cuda.manual_seed_all(TRAINING_SEED)


def round_hparam(value):
    """Round numeric hyperparameters to two significant figures, preserving types."""
    if isinstance(value, bool) or not isinstance(value, (int, float)):
        return value
    rounded = float(f"{value:.2g}")
    return int(rounded) if isinstance(value, int) else rounded


#############################################
#                Optimizer                  #
#############################################


def zeropower_via_newtonschulz5(G, steps=3, eps=0):
    r"""
    Newton-Schulz iteration to compute the zeroth power / orthogonalization of G. We opt to use a
    quintic iteration whose coefficients are selected to maximize the slope at zero. For the purpose
    of minimizing steps, it turns out to be empirically effective to keep increasing the slope at
    zero even beyond the point where the iteration no longer converges all the way to one everywhere
    on the interval. This iteration therefore does not produce UV^T but rather something like US'V^T
    where S' is diagonal with S_{ii}' \sim Uniform(0.5, 1.5), which turns out not to hurt model
    performance at all relative to UV^T, where USV^T = G is the SVD.
    """
    assert len(G.shape) == 2
    a, b, c = (3.4445, -4.7750, 2.0315)
    X = G.to(MUON_DTYPE)
    X /= X.norm() + eps  # ensure top singular value <= 1
    if G.size(0) > G.size(1):
        X = X.T
    for _ in range(steps):
        A = X @ X.T
        B = b * A + c * A @ A
        X = a * X + B @ X
    if G.size(0) > G.size(1):
        X = X.T
    return X


if USE_COMPILED_MUON:
    zeropower_via_newtonschulz5 = torch.compile(zeropower_via_newtonschulz5)


class GroupOptimizer(torch.optim.Optimizer):
    """Apply each parameter group's configured SGD or Muon update."""

    def __init__(self, param_groups):
        super().__init__(param_groups, defaults={})
        for group in self.param_groups:
            group["lr"] = round_hparam(group["lr"])
            group["momentum"] = round_hparam(group["momentum"])
            name = group.get("name", "parameter group")
            if group["algorithm"] not in ("sgd", "muon"):
                raise ValueError(f"{name}: unknown algorithm {group['algorithm']!r}")
            if group["lr"] < 0:
                raise ValueError(f"{name}: learning rate must be nonnegative")
            if group["momentum"] < 0:
                raise ValueError(f"{name}: momentum must be nonnegative")
            if group["algorithm"] == "sgd" and group["nesterov"] and group["momentum"] <= 0:
                raise ValueError(f"{name}: Nesterov requires positive momentum")
            if group["algorithm"] == "muon" and any(
                p.ndim < 2 for p in group["params"]
            ):
                raise ValueError(f"{name}: Muon requires parameters with at least 2 dimensions")

    @torch.no_grad()
    def step(self):
        for group in self.param_groups:
            lr = group["lr"] = round_hparam(group["lr"])
            momentum = group["momentum"]
            for p in group["params"]:
                g = p.grad
                if g is None:
                    continue
                if momentum or group["algorithm"] == "muon":
                    state = self.state[p]
                    if "momentum_buffer" not in state:
                        state["momentum_buffer"] = g.clone()
                    elif momentum == 0:
                        # Zero momentum uses the raw gradient and clears old history.
                        state["momentum_buffer"].copy_(g)
                    else:
                        state["momentum_buffer"].mul_(momentum).add_(g)
                    buf = state["momentum_buffer"]
                    g = g.add(buf, alpha=momentum) if group["nesterov"] and momentum else buf

                # A zero learning rate must leave weights unchanged for either algorithm.
                if lr == 0:
                    continue
                if group["algorithm"] == "muon":
                    p.mul_(len(p) ** 0.5 / p.norm())  # normalize the weight
                    g = zeropower_via_newtonschulz5(g.reshape(len(g), -1)).view(
                        g.shape
                    )  # whiten the update
                p.add_(g, alpha=-lr)


#############################################
#                DataLoader                 #
#############################################

CIFAR_MEAN = torch.tensor((0.4914, 0.4822, 0.4465))
CIFAR_STD = torch.tensor((0.2470, 0.2435, 0.2616))


def batch_flip_lr(inputs):
    flip_mask = (torch.rand(len(inputs), device=inputs.device) < 0.5).view(-1, 1, 1, 1)
    return torch.where(flip_mask, inputs.flip(-1), inputs)


def batch_crop(images, crop_size):
    r = (images.size(-1) - crop_size) // 2
    shifts = torch.randint(-r, r + 1, size=(len(images), 2), device=images.device)
    y = torch.arange(crop_size, device=images.device).view(1, crop_size, 1)
    x = torch.arange(crop_size, device=images.device).view(1, 1, crop_size)
    y_idx = y + (r + shifts[:, 0]).view(-1, 1, 1)
    x_idx = x + (r + shifts[:, 1]).view(-1, 1, 1)
    gathered_rows = images.gather(
        2, y_idx[:, None, :, :].expand(-1, images.size(1), -1, images.size(-1))
    )
    return gathered_rows.gather(
        3, x_idx[:, None, :, :].expand(-1, images.size(1), crop_size, crop_size)
    )


class CifarLoader:
    def __init__(self, path, train=True, batch_size=500, aug=None):
        data_path = os.path.join(path, "train.pt" if train else "test.pt")
        if not os.path.exists(data_path):
            dset = torchvision.datasets.CIFAR10(path, download=True, train=train)
            images = torch.tensor(dset.data)
            labels = torch.tensor(dset.targets)
            torch.save(
                {"images": images, "labels": labels, "classes": dset.classes}, data_path
            )

        data = torch.load(data_path, map_location=torch.device("cuda"))
        self.images, self.labels, self.classes = (
            data["images"],
            data["labels"],
            data["classes"],
        )
        # It's faster to load+process uint8 data than to load preprocessed data
        self.images = (
            (self.images.float() / 255)
            .permute(0, 3, 1, 2)
            .to(memory_format=torch.channels_last)
        )

        self.normalize = T.Normalize(CIFAR_MEAN, CIFAR_STD)
        self.proc_images = {}  # Saved results of image processing to be done on the first epoch
        self.epoch = 0

        self.aug = aug or {}
        for k in self.aug.keys():
            assert k in ["flip", "translate"], "Unrecognized key: %s" % k

        self.batch_size = batch_size
        self.drop_last = train
        self.shuffle = train

    def _ensure_proc_images(self):
        if "norm" in self.proc_images:
            return
        images = self.proc_images["norm"] = self.normalize(self.images)
        if self.aug.get("flip", False):
            images = self.proc_images["flip"] = batch_flip_lr(images)
        pad = self.aug.get("translate", 0)
        if pad > 0:
            self.proc_images["pad"] = F.pad(images, (pad,) * 4, "reflect")

    def normalized_images(self):
        self._ensure_proc_images()
        return self.proc_images["norm"]

    def __len__(self):
        return (
            len(self.images) // self.batch_size
            if self.drop_last
            else ceil(len(self.images) / self.batch_size)
        )

    def prepare_epoch(self):
        if self.epoch == 0:
            self._ensure_proc_images()

        if self.aug.get("translate", 0) > 0:
            images = batch_crop(self.proc_images["pad"], self.images.shape[-2])
        elif self.aug.get("flip", False):
            images = self.proc_images["flip"]
        else:
            images = self.proc_images["norm"]
        # Flip all images together every other epoch. This increases diversity relative to random flipping
        if self.aug.get("flip", False):
            if self.epoch % 2 == 1:
                images = images.flip(-1)

        self.epoch += 1

        return images

    def epoch_indices(self, images):
        return (torch.randperm if self.shuffle else torch.arange)(
            len(images), device=images.device
        )

    def __iter__(self):
        images = self.prepare_epoch()
        indices = self.epoch_indices(images)
        for i in range(len(self)):
            idxs = indices[i * self.batch_size : (i + 1) * self.batch_size]
            yield (images[idxs], self.labels[idxs])


class TrainingBatchStream:
    """A replayable batch cursor; epoch tensors are immutable and shared by snapshots."""

    def __init__(self, loader, fixed_batch=None):
        self.loader = loader
        self.fixed_batch = fixed_batch
        self.images = self.indices = None
        self.batch_index = 0

    def next_batch(self):
        if self.fixed_batch is not None:
            return self.fixed_batch
        if self.images is None or self.batch_index == len(self.loader):
            self.images = self.loader.prepare_epoch()
            self.indices = self.loader.epoch_indices(self.images)
            self.batch_index = 0
        start = self.batch_index * self.loader.batch_size
        indices = self.indices[start:start + self.loader.batch_size]
        self.batch_index += 1
        return self.images[indices], self.loader.labels[indices]

    def state_dict(self):
        return self.images, self.indices, self.batch_index, self.loader.epoch

    def load_state_dict(self, state):
        self.images, self.indices, self.batch_index, self.loader.epoch = state


#############################################
#            Network Definition             #
#############################################


# note the use of low BatchNorm stats momentum
class BatchNorm(nn.BatchNorm2d):
    def __init__(self, num_features, momentum=0.6, eps=1e-12):
        super().__init__(num_features, eps=eps, momentum=1 - momentum)
        # Note that PyTorch already initializes the weights to one and bias to zero


class Conv(nn.Conv2d):
    def __init__(self, in_channels, out_channels):
        super().__init__(
            in_channels, out_channels, kernel_size=3, padding="same", bias=False
        )

    def reset_parameters(self):
        super().reset_parameters()
        w = self.weight.data
        torch.nn.init.dirac_(w[: w.size(1)])


class ConvGroup(nn.Module):
    def __init__(self, channels_in, channels_out):
        super().__init__()
        self.conv1 = Conv(channels_in, channels_out)
        self.pool = nn.MaxPool2d(2)
        self.norm1 = BatchNorm(channels_out)
        self.conv2 = Conv(channels_out, channels_out)
        self.norm2 = BatchNorm(channels_out)
        self.activ = nn.GELU()

    def forward(self, x):
        x = self.conv1(x)
        x = self.pool(x)
        x = self.norm1(x)
        x = self.activ(x)
        x = self.conv2(x)
        x = self.norm2(x)
        x = self.activ(x)
        return x


class CifarNet(nn.Module):
    def __init__(self):
        super().__init__()
        widths = dict(block1=64, block2=256, block3=256)
        whiten_kernel_size = 2
        whiten_width = 2 * 3 * whiten_kernel_size**2
        self.whiten = nn.Conv2d(
            3, whiten_width, whiten_kernel_size, padding=0, bias=True
        )
        self.layers = nn.Sequential(
            nn.GELU(),
            ConvGroup(whiten_width, widths["block1"]),
            ConvGroup(widths["block1"], widths["block2"]),
            ConvGroup(widths["block2"], widths["block3"]),
            nn.MaxPool2d(3),
        )
        self.head = nn.Linear(widths["block3"], 10, bias=False)
        for mod in self.modules():
            mod.float()

    def reset(self):
        for m in self.modules():
            if type(m) in (nn.Conv2d, Conv, BatchNorm, nn.Linear):
                m.reset_parameters()
        w = self.head.weight.data
        w *= 1 / w.std()

    def init_whiten(self, train_images, eps=5e-4):
        c, (h, w) = train_images.shape[1], self.whiten.weight.shape[2:]
        patches = (
            train_images.unfold(2, h, 1)
            .unfold(3, w, 1)
            .transpose(1, 3)
            .reshape(-1, c, h, w)
            .float()
        )
        patches_flat = patches.view(len(patches), -1)
        est_patch_covariance = (patches_flat.T @ patches_flat) / len(patches_flat)
        eigenvalues, eigenvectors = torch.linalg.eigh(est_patch_covariance, UPLO="U")
        eigenvectors_scaled = eigenvectors.T.reshape(-1, c, h, w) / torch.sqrt(
            eigenvalues.view(-1, 1, 1, 1) + eps
        )
        self.whiten.weight.data[:] = torch.cat(
            (eigenvectors_scaled, -eigenvectors_scaled)
        )

    def forward(self, x):
        x = self.whiten(x)
        x = self.layers(x)
        x = x.view(len(x), -1)
        return self.head(x) / x.size(-1)


############################################
#                 Logging                  #
############################################


def log_config(run, config, label="config"):
    def compact_json(value):
        return json.dumps(value, default=lambda schedule: schedule.config)

    entries = []
    for name, value in config.items():
        if name in ("param_groups", "hparam_tuning") and isinstance(value, dict) and value:
            rows = [f"    {json.dumps(key)}: {compact_json(item)}"
                    for key, item in value.items()]
            formatted = "{\n" + ",\n".join(rows) + "\n  }"
        else:
            formatted = compact_json(value)
        entries.append(f"  {json.dumps(name)}: {formatted}")
    print(f"{label} run={run}", flush=True)
    print("{\n" + ",\n".join(entries) + "\n}", flush=True)


def format_log_value(value):
    if isinstance(value, float):
        return f"{value:.6g}"
    if isinstance(value, (dict, list, tuple, bool)) or value is None:
        return json.dumps(value)
    return str(value)


def log_event(event, **fields):
    print(" ".join([event, *(f"{key}={format_log_value(value)}"
                             for key, value in fields.items())]), flush=True)


def hparam_text(values):
    return " ".join(f"{name}={format_log_value(value)}" for name, value in values.items())


def flatten_config(config):
    """Readable paths, including conv.initial_lr instead of scheduler internals."""
    plain = json.loads(json.dumps(config, default=lambda schedule: schedule.config))
    values = {}

    def visit(value, path):
        if isinstance(value, dict) and value:
            for name, item in value.items():
                visit(item, f"{path}.{name}" if path else name)
        else:
            name = path.removeprefix("param_groups.").replace(".lr_scheduler.", ".")
            values[name] = value

    visit(plain, "")
    return values


def log_changes(label, base, current):
    changes = {name: (base.get(name, "<unset>"), value)
               for name, value in current.items() if base.get(name, "<unset>") != value}
    print(f"  {label}:" if changes else f"  {label}: (none)", flush=True)
    for name, (old, new) in changes.items():
        print(f"    {name}: {format_log_value(old)} -> {format_log_value(new)}", flush=True)


def log_config_diff(run, base_run, base, config):
    log_event("config_diff", run=run, base_run=base_run)
    log_changes("changes", flatten_config(base), flatten_config(config))


def log_final_eval(val_acc, tta_val_acc, seconds):
    print(
        f"val_acc={val_acc:.4f} tta_val_acc={tta_val_acc:.4f} seconds={seconds:.4f}",
        flush=True,
    )


############################################
#               Evaluation                 #
############################################


def infer(model, loader, tta_level=0):

    # Test-time augmentation strategy (for tta_level=2):
    # 1. Flip/mirror the image left-to-right (50% of the time).
    # 2. Translate the image by one pixel either up-and-left or down-and-right (50% of the time,
    #    i.e. both happen 25% of the time).
    #
    # This creates 6 views per image (left/right times the two translations and no-translation),
    # which we evaluate and then weight according to the given probabilities.

    def infer_basic(inputs, net):
        return net(inputs).clone()

    def infer_mirror(inputs, net):
        return 0.5 * net(inputs) + 0.5 * net(inputs.flip(-1))

    def infer_mirror_translate(inputs, net):
        logits = infer_mirror(inputs, net)
        pad = 1
        padded_inputs = F.pad(inputs, (pad,) * 4, "reflect")
        inputs_translate_list = [
            padded_inputs[:, :, 0:32, 0:32],
            padded_inputs[:, :, 2:34, 2:34],
        ]
        logits_translate_list = [
            infer_mirror(inputs_translate, net)
            for inputs_translate in inputs_translate_list
        ]
        logits_translate = torch.stack(logits_translate_list).mean(0)
        return 0.5 * logits + 0.5 * logits_translate

    model.eval()
    test_images = loader.normalized_images()
    infer_fn = [infer_basic, infer_mirror, infer_mirror_translate][tta_level]
    with torch.inference_mode():
        return torch.cat(
            [infer_fn(inputs, model) for inputs in test_images.split(2000)]
        )


def evaluate(model, loader, tta_level=0):
    logits = infer(model, loader, tta_level)
    return (logits.argmax(1) == loader.labels).float().mean().item()


############################################
#                Training                  #
############################################

def constant_lr_scheduler(initial_lr):
    initial_lr = round_hparam(initial_lr)

    def schedule(step, steps_per_epoch):
        return initial_lr

    schedule.config = dict(type="constant", initial_lr=initial_lr)
    return schedule


def linear_lr_scheduler(initial_lr, decay_epochs):
    """Return a scheduler(step, steps_per_epoch) that decays to zero."""
    initial_lr = round_hparam(initial_lr)
    decay_epochs = round_hparam(decay_epochs)
    if decay_epochs <= 0:
        raise ValueError("decay_epochs must be positive")

    def schedule(step, steps_per_epoch):
        return round_hparam(
            initial_lr * max(0.0, 1 - step / (decay_epochs * steps_per_epoch))
        )

    schedule.config = dict(type="linear", initial_lr=initial_lr, decay_epochs=decay_epochs)
    return schedule


# Set hparam_tuning to, for example:
# dict(algorithm="grid", metric="tta_val_acc", parameters={
#     "conv.initial_lr": [0.04, 0.06, 0.08],
#     "conv.momentum": [0.6, 0.7, 0.8],
# })
# Use algorithm="coordinate" to tune parameters in order, revisiting them
# whenever another parameter changes. Selection defaults to tta_val_acc.
# None runs the config once without tuning. Batch sizes are kept exact.
# For online search, use:
# dict(algorithm="interval", interval_steps=40, cooldown_steps=40, parameters={
#     "conv.initial_lr": None,  # multiplicative probes, factor=0.6
#     "conv.momentum": [0.1, 0.3, 0.6, 0.9, 0.95, 0.99],
#     "whiten_bias.initial_lr": None,
#     "norm_bias.initial_lr": None,
#     "head.initial_lr": None,
# })
# Interval search holds searched LRs constant within each segment; unsearched
# groups keep their configured schedules. Lists also work for interval LR choices.
BASE_RUN_CONFIGS = [
    dict(
        batch_size=125,
        num_epochs=8,
        overfit=False,
        hparam_tuning=dict(
            algorithm="interval",
            interval_steps=640,
            cooldown_steps=640,
            parameters={
                "conv.initial_lr": None,
                "conv.momentum": [0.0, 0.1, 0.2, 0.3, 0.4, 0.5, 0.6, 0.7, 0.8, 0.9, 0.95, 0.99],
            },
        ),
        param_groups=dict(
            whiten_weight=dict(
                algorithm="sgd",
                lr_scheduler=constant_lr_scheduler(initial_lr=0.0),
                momentum=0.85,
                nesterov=True,
            ),
            norm_weight=dict(
                algorithm="sgd",
                lr_scheduler=constant_lr_scheduler(initial_lr=0.0),
                momentum=0.85,
                nesterov=True,
            ),
            whiten_bias=dict(
                algorithm="sgd",
                lr_scheduler=linear_lr_scheduler(initial_lr=6.5, decay_epochs=3),
                momentum=0.85,
                nesterov=True,
            ),
            norm_bias=dict(
                algorithm="sgd",
                lr_scheduler=linear_lr_scheduler(initial_lr=6.5, decay_epochs=8),
                momentum=0.85,
                nesterov=True,
            ),
            head=dict(
                algorithm="sgd",
                lr_scheduler=linear_lr_scheduler(initial_lr=84, decay_epochs=8),
                momentum=0.85,
                nesterov=True,
            ),
            conv=dict(
                algorithm="muon",
                lr_scheduler=linear_lr_scheduler(initial_lr=0.04, decay_epochs=8),
                momentum=0.6,
                nesterov=True,
            ),
        ),
    ),
    dict(
        batch_size=500,
        num_epochs=8,
        overfit=False,
        hparam_tuning=dict(
            algorithm="interval",
            interval_steps=160,
            cooldown_steps=160,
            parameters={
                "conv.initial_lr": None,
                "conv.momentum": [0.0, 0.1, 0.2, 0.3, 0.4, 0.5, 0.6, 0.7, 0.8, 0.9, 0.95, 0.99],
            },
        ),
        param_groups=dict(
            whiten_weight=dict(
                algorithm="sgd",
                lr_scheduler=constant_lr_scheduler(initial_lr=0.0),
                momentum=0.85,
                nesterov=True,
            ),
            norm_weight=dict(
                algorithm="sgd",
                lr_scheduler=constant_lr_scheduler(initial_lr=0.0),
                momentum=0.85,
                nesterov=True,
            ),
            whiten_bias=dict(
                algorithm="sgd",
                lr_scheduler=linear_lr_scheduler(initial_lr=26, decay_epochs=3),
                momentum=0.85,
                nesterov=True,
            ),
            norm_bias=dict(
                algorithm="sgd",
                lr_scheduler=linear_lr_scheduler(initial_lr=26, decay_epochs=8),
                momentum=0.85,
                nesterov=True,
            ),
            head=dict(
                algorithm="sgd",
                lr_scheduler=linear_lr_scheduler(initial_lr=340, decay_epochs=8),
                momentum=0.85,
                nesterov=True,
            ),
            conv=dict(
                algorithm="muon",
                lr_scheduler=linear_lr_scheduler(initial_lr=0.079, decay_epochs=8),
                momentum=0.6,
                nesterov=True,
            ),
        ),
    ),
    dict(
        batch_size=2000,
        num_epochs=8,
        overfit=False,
        hparam_tuning=dict(
            algorithm="interval",
            interval_steps=40,
            cooldown_steps=40,
            parameters={
                "conv.initial_lr": None,
                "conv.momentum": [0.0, 0.1, 0.2, 0.3, 0.4, 0.5, 0.6, 0.7, 0.8, 0.9, 0.95, 0.99],
            },
        ),
        param_groups=dict(
            whiten_weight=dict(
                algorithm="sgd",
                lr_scheduler=constant_lr_scheduler(initial_lr=0.0),
                momentum=0.85,
                nesterov=True,
            ),
            norm_weight=dict(
                algorithm="sgd",
                lr_scheduler=constant_lr_scheduler(initial_lr=0.0),
                momentum=0.85,
                nesterov=True,
            ),
            whiten_bias=dict(
                algorithm="sgd",
                lr_scheduler=linear_lr_scheduler(initial_lr=100, decay_epochs=3),
                momentum=0.85,
                nesterov=True,
            ),
            norm_bias=dict(
                algorithm="sgd",
                lr_scheduler=linear_lr_scheduler(initial_lr=100, decay_epochs=8),
                momentum=0.85,
                nesterov=True,
            ),
            head=dict(
                algorithm="sgd",
                lr_scheduler=linear_lr_scheduler(initial_lr=1300, decay_epochs=8),
                momentum=0.85,
                nesterov=True,
            ),
            conv=dict(
                algorithm="muon",
                lr_scheduler=linear_lr_scheduler(initial_lr=0.19, decay_epochs=8),
                momentum=0.6,
                nesterov=True,
            ),
        ),
    ),
]

# Compare the current interval search with shorter cooldowns and shorter intervals.
RUN_CONFIGS = []
for base_config in BASE_RUN_CONFIGS:
    if base_config["batch_size"] not in (500, 125):
        continue
    for interval_divisor, cooldown_divisor in ((1, 1), (1, 4), (4, 4)):
        config = copy.deepcopy(base_config)
        config["hparam_tuning"]["interval_steps"] //= interval_divisor
        config["hparam_tuning"]["cooldown_steps"] //= cooldown_divisor
        RUN_CONFIGS.append(config)


def scheduler_from_config(config):
    options = dict(config)
    kind = options.pop("type")
    if kind == "constant":
        return constant_lr_scheduler(**options)
    if kind == "linear":
        return linear_lr_scheduler(**options)
    raise ValueError(f"Unknown scheduler type: {kind!r}")


def normalize_config(value, key=None):
    """Round config values and choices, keeping batch sizes exact."""
    if key == "batch_size":
        return copy.deepcopy(value)
    if isinstance(value, dict):
        return {name: normalize_config(item, name) for name, item in value.items()}
    if isinstance(value, (list, tuple)):
        return [normalize_config(item) for item in value]
    if callable(value):
        return scheduler_from_config(normalize_config(value.config))
    return round_hparam(value)


def make_optimizer(model, param_groups, steps_per_epoch):
    parameters = dict(
        whiten_bias=[model.whiten.bias],
        norm_bias=[m.bias for m in model.modules() if isinstance(m, BatchNorm)],
        head=[model.head.weight],
        whiten_weight=[model.whiten.weight],
        norm_weight=[m.weight for m in model.modules() if isinstance(m, BatchNorm)],
        conv=[p for p in model.parameters()
              if p.ndim == 4 and p.requires_grad and p is not model.whiten.weight],
    )
    return GroupOptimizer([
        dict(name=name, params=params,
             lr=round_hparam(param_groups[name]["lr_scheduler"](0, steps_per_epoch)),
             **param_groups[name])
        for name, params in parameters.items()
    ])


def get_hparam(config, path):
    """Read a run setting or a group option such as conv.initial_lr."""
    if path in ("batch_size", "num_epochs", "overfit"):
        return config[path]
    parts = path.split(".")
    if len(parts) == 2 and parts[0] in config["param_groups"]:
        group = config["param_groups"][parts[0]]
        field = parts[1]
        if field in group and field != "lr_scheduler":
            return group[field]
        if field in group["lr_scheduler"].config:
            return group["lr_scheduler"].config[field]
    raise ValueError(f"Unknown hyperparameter: {path!r}")


def with_hparam(config, path, value):
    get_hparam(config, path)  # Validate the path before modifying anything.
    updated = copy.deepcopy(config)
    value = value if path == "batch_size" else round_hparam(value)
    if "." not in path:
        updated[path] = value
    else:
        name, field = path.split(".")
        group = updated["param_groups"][name]
        if field in group:
            group[field] = value
        else:
            options = dict(group["lr_scheduler"].config)
            options[field] = value
            group["lr_scheduler"] = scheduler_from_config(options)
    return updated


def interval_search_space(config):
    """Validate the online search space and choose an in-range starting point."""
    parameters = config["hparam_tuning"].get("parameters", {})
    if not parameters:
        raise ValueError("Interval search needs a nonempty parameters mapping")
    choices, initial = {}, {}
    for path, values in parameters.items():
        value = get_hparam(config, path)
        parts = path.split(".")
        if len(parts) != 2 or parts[1] not in ("initial_lr", "momentum"):
            raise ValueError(f"Interval search supports group.initial_lr or group.momentum: {path}")
        if values is None:
            if parts[1] != "initial_lr" or value <= 0:
                raise ValueError(f"{path}: multiplicative search needs a positive initial LR")
        else:
            if not isinstance(values, list) or not values or any(
                isinstance(v, bool) or not isinstance(v, (int, float))
                or not isfinite(v) or v < 0 for v in values
            ):
                raise ValueError(f"{path}: choices must be nonnegative finite numbers")
            values = sorted(set(values))
            group = config["param_groups"][parts[0]]
            if parts[1] == "momentum" and group["algorithm"] == "sgd" and group["nesterov"]:
                values = [v for v in values if v > 0]
            if not values:
                raise ValueError(f"{path}: no valid choices (Nesterov needs positive momentum)")
            value = min(values, key=lambda candidate: abs(candidate - value))
        choices[path], initial[path] = values, value
    return choices, initial


def directional_search(initial, choices, score, *, initial_lr_search=False,
                       factor=0.6, max_side_steps=20, dropoff_margin=0.02, on_event=None):
    """Cached coordinate sweeps with directional probes and stable ties."""
    cache = {}

    def emit(event, point, **fields):
        if on_event is not None:
            on_event(event, dict(point), **fields)

    def evaluate_point(point):
        key = tuple(point[path] for path in choices)
        if key not in cache:
            emit("candidate_start", point)
            value = score(dict(point))
            cache[key] = value if isfinite(value) else float("-inf")
            emit("candidate_result", point, score=cache[key])
        return cache[key]

    def neighbors(path, center, direction):
        values = choices[path]
        seen = {center}
        for distance in range(1, max_side_steps + 1):
            if values is None:
                value = round_hparam(center * factor ** (-direction * distance))
                if not isfinite(value) or value <= 0:
                    break
            else:
                index = values.index(center) + direction * distance
                if not 0 <= index < len(values):
                    break
                value = values[index]
            if value not in seen:
                seen.add(value)
                yield value

    current = dict(initial)
    current_score = evaluate_point(current)
    emit("search_path", current, score=current_score, reason="initial")
    while True:
        changed = False
        for path in choices:
            is_lr = path.endswith(".initial_lr")
            if initial_lr_search and is_lr:
                probes = [(dict(current), current_score)]
                best_score = current_score
                for direction in (1, -1):
                    for value in neighbors(path, current[path], direction):
                        candidate = dict(current, **{path: value})
                        candidate_score = evaluate_point(candidate)
                        probes.append((candidate, candidate_score))
                        if not isfinite(candidate_score) or candidate_score < best_score - dropoff_margin:
                            break
                        best_score = max(best_score, candidate_score)
                acceptable = [(point, value) for point, value in probes
                              if isfinite(value) and value >= best_score - dropoff_margin]
                if acceptable:
                    previous = current
                    current, current_score = max(acceptable, key=lambda item: item[0][path])
                    if current != previous:
                        emit("search_path", current, score=current_score, parameter=path,
                             reason="largest_lr_within_margin")
                continue

            # Smaller values first; stop a direction once it gets worse.
            for direction in (-1, 1):
                best, best_score = current, current_score
                flat_steps = 0
                for value in neighbors(path, current[path], direction):
                    candidate = dict(current, **{path: value})
                    candidate_score = evaluate_point(candidate)
                    if not isfinite(candidate_score) or candidate_score < best_score:
                        break
                    if candidate_score > best_score:
                        best, best_score, flat_steps = candidate, candidate_score, 0
                    else:
                        flat_steps += 1
                        if is_lr and direction < 0 and flat_steps >= 3:
                            break
                if best_score > current_score:
                    current, current_score = best, best_score
                    emit("search_path", current, score=current_score, parameter=path,
                         reason="improved")
                    changed = True
                    break
        if initial_lr_search or not changed:
            return current, current_score


def run_interval_search(run, model, config):
    """Choose each committed interval using replayed main/cooldown training probes.

    seconds includes probe and committed training, but excludes evaluation and
    checkpoint copies. Search logs distinguish lookahead scores from committed scores.
    """
    config = normalize_config(config)
    tuning = config["hparam_tuning"]
    choices, current = interval_search_space(config)
    interval_steps = tuning.get("interval_steps", 40)
    cooldown_steps = tuning.get("cooldown_steps", 40)
    max_side_steps = tuning.get("max_side_steps", 20)
    factor = tuning.get("lr_factor", 0.6)
    margin = tuning.get("initial_dropoff_margin", 0.02)
    metric = tuning.get("metric", "tta_val_acc")
    for name, value, minimum in (("interval_steps", interval_steps, 1),
                                 ("cooldown_steps", cooldown_steps, 0),
                                 ("max_side_steps", max_side_steps, 1),
                                 ("num_epochs", config["num_epochs"], 1)):
        if isinstance(value, bool) or not isinstance(value, int) or value < minimum:
            raise ValueError(f"{name} must be an integer >= {minimum}")
    if not 0 < factor < 1 or not isfinite(margin) or margin < 0:
        raise ValueError("lr_factor must be between 0 and 1; initial_dropoff_margin must be nonnegative")
    if metric not in ("val_acc", "tta_val_acc"):
        raise ValueError(f"Unknown tuning metric: {metric!r}")
    # Include effective defaults in the run log.
    tuning.update(interval_steps=interval_steps, cooldown_steps=cooldown_steps,
                  max_side_steps=max_side_steps, lr_factor=factor,
                  initial_dropoff_margin=margin, metric=metric)
    log_config(run, config, label="base_config")
    set_training_seed()
    test_loader = CifarLoader("cifar10", train=False, batch_size=2000)
    train_loader = CifarLoader("cifar10", train=True, batch_size=config["batch_size"],
                               aug=dict(flip=True, translate=2))
    if len(train_loader) == 0:
        raise ValueError("batch_size must not exceed the training dataset size")
    steps_per_epoch = 1 if config["overfit"] else len(train_loader)
    total_steps = config["num_epochs"] * steps_per_epoch
    optimizer = make_optimizer(model, config["param_groups"], steps_per_epoch)
    model.reset()
    fixed_batch = next(iter(train_loader)) if config["overfit"] else None
    model.init_whiten(fixed_batch[0] if fixed_batch is not None
                      else train_loader.normalized_images()[:5000])
    stream = TrainingBatchStream(train_loader, fixed_batch)
    device = next(model.parameters()).device
    completed, training_seconds = 0, 0.0
    history = []
    cooldown_values = {}
    last_train_loss = None
    committed_losses = []

    def synchronize():
        if device.type == "cuda":
            torch.cuda.synchronize(device)

    def snapshot():
        return dict(model=copy.deepcopy(model.state_dict()),
                    optimizer=copy.deepcopy(optimizer.state_dict()),
                    stream=stream.state_dict(), rng=torch.random.get_rng_state(),
                    cuda_rng=torch.cuda.get_rng_state_all() if device.type == "cuda" else None)

    def restore(state):
        model.load_state_dict(state["model"])
        optimizer.load_state_dict(copy.deepcopy(state["optimizer"]))
        optimizer.zero_grad(set_to_none=True)
        stream.load_state_dict(state["stream"])
        torch.random.set_rng_state(state["rng"])
        if state["cuda_rng"] is not None:
            torch.cuda.set_rng_state_all(state["cuda_rng"])

    def train_segment(values, steps, start_step, commit=False):
        nonlocal training_seconds, completed, last_train_loss
        synchronize()
        start = time.perf_counter()
        valid = True
        model.train()
        for local_step in range(steps):
            for group in optimizer.param_groups:
                name = group["name"]
                group["lr"] = round_hparam(values.get(
                    f"{name}.initial_lr", group["lr_scheduler"](start_step + local_step, steps_per_epoch)))
                group["momentum"] = round_hparam(values.get(
                    f"{name}.momentum", config["param_groups"][name]["momentum"]))
            inputs, labels = stream.next_batch()
            loss = F.cross_entropy(model(inputs), labels, label_smoothing=0.2)
            last_train_loss = loss.item()
            if not isfinite(last_train_loss):
                valid = False
                break
            loss.backward()
            optimizer.step()
            optimizer.zero_grad(set_to_none=True)
            if commit:
                completed += 1
                committed_losses.append((completed, last_train_loss))
        synchronize()
        training_seconds += time.perf_counter() - start
        return valid

    def score():
        return evaluate(model, test_loader, tta_level=2 if metric == "tta_val_acc" else 0)

    def search(values, space, evaluate_point, phase="main", initial=False,
               main_values=None, cooldown=None):
        log_event("search", run=run, interval=len(history), phase=phase, metric=metric)
        if main_values is not None:
            print(f"main hparams: {hparam_text(main_values)}", flush=True)
        if cooldown is not None:
            print(f"cooldown hparams: {hparam_text(cooldown)}", flush=True)
        search_path = []

        def on_event(event, point, **fields):
            if event == "candidate_result":
                value = format_log_value(fields["score"])
                if phase == "cooldown":
                    print(f"{hparam_text(point)} -> {metric}={value}", flush=True)
                else:
                    score_name = "main" if cooldown is None else "best_cooldown"
                    print(f"main hparams: {hparam_text(point)} {score_name}={value}", flush=True)
            elif event == "search_path":
                search_path.append((point, fields["score"]))

        best, best_score = directional_search(
            values, space, evaluate_point, initial_lr_search=initial,
            factor=factor, max_side_steps=max_side_steps, dropoff_margin=margin,
            on_event=on_event)
        for step, (point, value) in enumerate(search_path):
            print(f"search_path step={step} {hparam_text(point)} "
                  f"{metric}={format_log_value(value)}", flush=True)
        return best, best_score

    while completed < total_steps:
        start_step = completed
        main_steps = min(interval_steps, total_steps - completed)
        lookahead_steps = min(cooldown_steps, total_steps - completed - main_steps)
        start_state = snapshot()

        def main_score(values, cooldown=None):
            restore(start_state)
            if not train_segment(values, main_steps, start_step):
                return float("-inf")
            if cooldown is not None and lookahead_steps:
                if not train_segment(dict(values, **cooldown), lookahead_steps, start_step + main_steps):
                    return float("-inf")
            return score()

        if start_step == 0 or not lookahead_steps:
            current, selected_score = search(current, choices, main_score, initial=start_step == 0)
        else:
            current, selected_score = search(current, {}, main_score, phase="baseline")
        selected_cooldown = None
        while lookahead_steps:
            restore(start_state)
            if not train_segment(current, main_steps, start_step):
                break
            cooldown_start = snapshot()
            cooldown_choices = {path: values for path, values in choices.items()
                                if path.endswith(".initial_lr")}
            seed = {path: cooldown_values.get(path, current[path]) for path in cooldown_choices}

            def cooldown_score(values):
                restore(cooldown_start)
                if not train_segment(dict(current, **values), lookahead_steps, start_step + main_steps):
                    return float("-inf")
                return score()

            candidate_cooldown, candidate_score = search(
                seed, cooldown_choices, cooldown_score, phase="cooldown", main_values=current)
            if candidate_score <= selected_score:
                break
            cooldown_values = selected_cooldown = candidate_cooldown
            selected_score = candidate_score
            candidate, candidate_score = search(
                current, choices, lambda values: main_score(values, selected_cooldown),
                cooldown=selected_cooldown)
            if candidate_score <= selected_score:
                break
            current, selected_score = candidate, candidate_score

        if not isfinite(selected_score):
            raise RuntimeError(f"No finite candidate found at training step {start_step}")
        log_event("train_hparams", run=run, interval=len(history), start_step=start_step,
                  completed_steps=main_steps, total_steps=total_steps, **current)
        committed_losses.clear()
        restore(start_state)
        if not train_segment(current, main_steps, start_step, commit=True):
            raise RuntimeError(f"Selected training interval diverged at step {start_step}")
        for step, loss in committed_losses:
            log_event("train_loss", run=run, interval=len(history), step=step, loss=loss)
        committed_score = score()
        log_event("interval_boundary_eval", run=run, interval=len(history),
                  step=completed, total_steps=total_steps, **{metric: committed_score})
        history.append(dict(start_step=start_step, steps=main_steps,
                            main_hparams=dict(current), cooldown_hparams=selected_cooldown,
                            cooldown_steps=lookahead_steps, score=selected_score))

    val_acc = evaluate(model, test_loader, tta_level=0)
    tta_val_acc = evaluate(model, test_loader, tta_level=2)
    log_final_eval(val_acc, tta_val_acc, training_seconds)
    return dict(val_acc=val_acc, tta_val_acc=tta_val_acc, seconds=training_seconds,
                batch_size=config["batch_size"], num_epochs=config["num_epochs"],
                overfit=config["overfit"], intervals=history,
                **{f"{group['name']}_lr": group["lr"] for group in optimizer.param_groups})


def run_experiment(run, model, config):
    """Run one config or a search; return its best config, result, and trials."""
    config = normalize_config(config)
    tuning = config.get("hparam_tuning")
    if tuning is not None and tuning.get("algorithm") == "interval":
        result = run_interval_search(run, model, config)
        return dict(best_config=config, best_result=result,
                    trials=[dict(run=run, config=config, result=result)])
    trials = []
    cache = {}
    metric = "tta_val_acc" if tuning is None else tuning.get("metric", "tta_val_acc")
    if metric not in ("val_acc", "tta_val_acc"):
        raise ValueError(f"Unknown tuning metric: {metric!r}")

    def evaluate_config(candidate):
        key = json.dumps(candidate, sort_keys=True, default=lambda schedule: schedule.config)
        if key not in cache:
            trial_run = run if tuning is None else f"{run}.{len(trials)}"
            if tuning is not None:
                log_config_diff(trial_run, run, config, candidate)
            result = main(trial_run, model, **candidate, _log_config=tuning is None)
            if not isfinite(result[metric]):
                raise ValueError(f"Run {trial_run}: {metric} must be finite")
            trial = dict(run=trial_run, config=candidate, result=result)
            trials.append(trial)
            cache[key] = trial
        return cache[key]

    if tuning is None:
        best = evaluate_config(config)
    else:
        algorithm = tuning["algorithm"]
        if algorithm not in ("grid", "coordinate"):
            raise ValueError(f"Unknown tuning algorithm: {algorithm!r}")
        parameters = tuning["parameters"]
        if not parameters:
            raise ValueError("hparam_tuning.parameters must not be empty")
        choices = {}
        for path, values in parameters.items():
            get_hparam(config, path)
            if not isinstance(values, (list, tuple)) or not values:
                raise ValueError(f"{path}: choices must be a nonempty list")
            # Values that coincide after rounding represent the same candidate.
            choices[path] = list(dict.fromkeys(values))

        log_config(run, config, label="base_config")
        if algorithm == "grid":
            best = None
            for values in product(*choices.values()):
                candidate = config
                for path, value in zip(choices, values):
                    candidate = with_hparam(candidate, path, value)
                trial = evaluate_config(candidate)
                if best is None or trial["result"][metric] > best["result"][metric]:
                    best = trial
        else:
            # Start inside the search space, preferring the configured values.
            current = config
            for path, values in choices.items():
                if get_hparam(current, path) not in values:
                    current = with_hparam(current, path, values[0])
            best = evaluate_config(current)
            locked = set()
            while len(locked) < len(choices):
                for path, values in choices.items():
                    if path in locked:
                        continue
                    previous_value = get_hparam(best["config"], path)
                    candidate_best = best
                    for value in values:
                        candidate = with_hparam(best["config"], path, value)
                        trial = evaluate_config(candidate)
                        # Keeping the incumbent on ties prevents cycling.
                        if trial["result"][metric] > candidate_best["result"][metric]:
                            candidate_best = trial
                    best = candidate_best
                    if get_hparam(best["config"], path) != previous_value:
                        locked.clear()
                    locked.add(path)

        log_event("search_best", run=run, trial=best["run"], **{metric: best["result"][metric]})
        log_changes("changes", flatten_config(config), flatten_config(best["config"]))

    return dict(best_config=best["config"], best_result=best["result"], trials=trials)


def main(run, model, batch_size, param_groups, num_epochs=8, overfit=False,
         hparam_tuning=None, _log_config=True):
    config = normalize_config(dict(
        batch_size=batch_size,
        num_epochs=num_epochs,
        overfit=overfit,
        param_groups=param_groups,
        hparam_tuning=hparam_tuning,
    ))
    batch_size = config["batch_size"]
    num_epochs = config["num_epochs"]
    param_groups = config["param_groups"]
    if not isinstance(num_epochs, int) or num_epochs <= 0:
        raise ValueError("num_epochs must be a positive integer")
    if _log_config:
        log_config(run, config)
    set_training_seed()

    test_loader = CifarLoader("cifar10", train=False, batch_size=2000)
    train_loader = CifarLoader(
        "cifar10", train=True, batch_size=batch_size, aug=dict(flip=True, translate=2)
    )
    if run == "warmup":
        # The only purpose of the first run is to warmup the compiled model, so we can use dummy data
        train_loader.labels = torch.randint(
            0, 10, size=(len(train_loader.labels),), device=train_loader.labels.device
        )
    steps_per_epoch = 1 if overfit else len(train_loader)
    total_train_steps = num_epochs * steps_per_epoch
    initial_lrs = {
        name: round_hparam(config["lr_scheduler"](0, steps_per_epoch))
        for name, config in param_groups.items()
    }

    optimizer = make_optimizer(model, param_groups, steps_per_epoch)

    model.reset()
    step = 0

    # Initialize the whitening layer using training images
    if overfit:
        # Cache the first augmented batch once and reuse exactly these tensors.
        train_batches = (next(iter(train_loader)),)
        train_images = train_batches[0][0]
    else:
        train_batches = train_loader
        train_images = train_loader.normalized_images()[:5000]
    model.init_whiten(train_images)

    training_seconds = 0.0
    device = next(model.parameters()).device
    for epoch in range(num_epochs):
        ####################
        #     Training     #
        ####################

        # Synchronize CUDA so elapsed time includes completed training work only.
        if device.type == "cuda":
            torch.cuda.synchronize(device)
        training_start = time.perf_counter()
        model.train()
        for inputs, labels in train_batches:
            outputs = model(inputs)
            loss = F.cross_entropy(
                outputs, labels, label_smoothing=0.2, reduction="mean"
            )
            loss.backward()
            for group in optimizer.param_groups:
                group["lr"] = round_hparam(group["lr_scheduler"](step, steps_per_epoch))
            optimizer.step()
            optimizer.zero_grad(set_to_none=True)
            step += 1
            if step >= total_train_steps:
                break

        if device.type == "cuda":
            torch.cuda.synchronize(device)
        training_seconds += time.perf_counter() - training_start

        ####################
        #    Evaluation    #
        ####################

        val_acc = evaluate(model, test_loader, tta_level=0)

    ####################
    #  TTA Evaluation  #
    ####################

    tta_val_acc = evaluate(model, test_loader, tta_level=2)
    log_final_eval(val_acc, tta_val_acc, training_seconds)

    return dict(
        val_acc=val_acc,
        tta_val_acc=tta_val_acc,
        seconds=training_seconds,
        batch_size=batch_size,
        num_epochs=num_epochs,
        overfit=overfit,
        **{f"{name}_lr": lr for name, lr in initial_lrs.items()},
    )


if __name__ == "__main__":
    # We re-use the compiled model between runs to save the non-data-dependent compilation time
    set_training_seed()
    model = CifarNet().cuda().to(memory_format=torch.channels_last)
    # model.compile(mode="max-autotune")

    # main("warmup", model, **RUN_CONFIGS[0])
    for run, config in enumerate(RUN_CONFIGS):
        run_experiment(run, model, config)


# Run output

base_config run=0
{
  "batch_size": 125,
  "num_epochs": 8,
  "overfit": false,
  "hparam_tuning": {
    "algorithm": "interval",
    "interval_steps": 640,
    "cooldown_steps": 640,
    "parameters": {"conv.initial_lr": null, "conv.momentum": [0.0, 0.1, 0.2, 0.3, 0.4, 0.5, 0.6, 0.7, 0.8, 0.9, 0.95, 0.99]},
    "max_side_steps": 20,
    "lr_factor": 0.6,
    "initial_dropoff_margin": 0.02,
    "metric": "tta_val_acc"
  },
  "param_groups": {
    "whiten_weight": {"algorithm": "sgd", "lr_scheduler": {"type": "constant", "initial_lr": 0.0}, "momentum": 0.85, "nesterov": true},
    "norm_weight": {"algorithm": "sgd", "lr_scheduler": {"type": "constant", "initial_lr": 0.0}, "momentum": 0.85, "nesterov": true},
    "whiten_bias": {"algorithm": "sgd", "lr_scheduler": {"type": "linear", "initial_lr": 6.5, "decay_epochs": 3}, "momentum": 0.85, "nesterov": true},
    "norm_bias": {"algorithm": "sgd", "lr_scheduler": {"type": "linear", "initial_lr": 6.5, "decay_epochs": 8}, "momentum": 0.85, "nesterov": true},
    "head": {"algorithm": "sgd", "lr_scheduler": {"type": "linear", "initial_lr": 84, "decay_epochs": 8}, "momentum": 0.85, "nesterov": true},
    "conv": {"algorithm": "muon", "lr_scheduler": {"type": "linear", "initial_lr": 0.04, "decay_epochs": 8}, "momentum": 0.6, "nesterov": true}
  }
}
search run=0 interval=0 phase=main metric=tta_val_acc
main hparams: conv.initial_lr=0.04 conv.momentum=0.6 main=0.8455
main hparams: conv.initial_lr=0.067 conv.momentum=0.6 main=0.8216
main hparams: conv.initial_lr=0.024 conv.momentum=0.6 main=0.8595
main hparams: conv.initial_lr=0.014 conv.momentum=0.6 main=0.8567
main hparams: conv.initial_lr=0.0086 conv.momentum=0.6 main=0.8314
main hparams: conv.initial_lr=0.04 conv.momentum=0.5 main=0.8579
main hparams: conv.initial_lr=0.04 conv.momentum=0.4 main=0.8578
search_path step=0 conv.initial_lr=0.04 conv.momentum=0.6 tta_val_acc=0.8455
search_path step=1 conv.initial_lr=0.04 conv.momentum=0.5 tta_val_acc=0.8579
search run=0 interval=0 phase=cooldown metric=tta_val_acc
main hparams: conv.initial_lr=0.04 conv.momentum=0.5
conv.initial_lr=0.04 -> tta_val_acc=0.8782
conv.initial_lr=0.024 -> tta_val_acc=0.9006
conv.initial_lr=0.014 -> tta_val_acc=0.9089
conv.initial_lr=0.0086 -> tta_val_acc=0.9093
conv.initial_lr=0.0052 -> tta_val_acc=0.9066
search_path step=0 conv.initial_lr=0.04 tta_val_acc=0.8782
search_path step=1 conv.initial_lr=0.0086 tta_val_acc=0.9093
search run=0 interval=0 phase=main metric=tta_val_acc
cooldown hparams: conv.initial_lr=0.0086
main hparams: conv.initial_lr=0.04 conv.momentum=0.5 best_cooldown=0.9093
main hparams: conv.initial_lr=0.024 conv.momentum=0.5 best_cooldown=0.9039
main hparams: conv.initial_lr=0.067 conv.momentum=0.5 best_cooldown=0.909
main hparams: conv.initial_lr=0.04 conv.momentum=0.4 best_cooldown=0.9085
main hparams: conv.initial_lr=0.04 conv.momentum=0.6 best_cooldown=0.9145
main hparams: conv.initial_lr=0.04 conv.momentum=0.7 best_cooldown=0.9121
main hparams: conv.initial_lr=0.024 conv.momentum=0.6 best_cooldown=0.9059
main hparams: conv.initial_lr=0.067 conv.momentum=0.6 best_cooldown=0.9082
search_path step=0 conv.initial_lr=0.04 conv.momentum=0.5 tta_val_acc=0.9093
search_path step=1 conv.initial_lr=0.04 conv.momentum=0.6 tta_val_acc=0.9145
search run=0 interval=0 phase=cooldown metric=tta_val_acc
main hparams: conv.initial_lr=0.04 conv.momentum=0.6
conv.initial_lr=0.0086 -> tta_val_acc=0.9145
conv.initial_lr=0.0052 -> tta_val_acc=0.9109
conv.initial_lr=0.014 -> tta_val_acc=0.9114
search_path step=0 conv.initial_lr=0.0086 tta_val_acc=0.9145
train_hparams run=0 interval=0 start_step=0 completed_steps=640 total_steps=3200 conv.initial_lr=0.04 conv.momentum=0.6
train_loss run=0 interval=0 step=1 loss=2.29908
train_loss run=0 interval=0 step=2 loss=2.29443
train_loss run=0 interval=0 step=3 loss=2.27519
train_loss run=0 interval=0 step=4 loss=2.26561
train_loss run=0 interval=0 step=5 loss=2.22169
train_loss run=0 interval=0 step=6 loss=2.21185
train_loss run=0 interval=0 step=7 loss=2.1937
train_loss run=0 interval=0 step=8 loss=2.14168
train_loss run=0 interval=0 step=9 loss=2.12169
train_loss run=0 interval=0 step=10 loss=2.09317
train_loss run=0 interval=0 step=11 loss=2.10691
train_loss run=0 interval=0 step=12 loss=2.06133
train_loss run=0 interval=0 step=13 loss=2.02639
train_loss run=0 interval=0 step=14 loss=2.07627
train_loss run=0 interval=0 step=15 loss=2.05005
train_loss run=0 interval=0 step=16 loss=1.99314
train_loss run=0 interval=0 step=17 loss=1.99563
train_loss run=0 interval=0 step=18 loss=1.89953
train_loss run=0 interval=0 step=19 loss=1.95598
train_loss run=0 interval=0 step=20 loss=1.92785
train_loss run=0 interval=0 step=21 loss=1.93647
train_loss run=0 interval=0 step=22 loss=1.91294
train_loss run=0 interval=0 step=23 loss=1.89384
train_loss run=0 interval=0 step=24 loss=1.85379
train_loss run=0 interval=0 step=25 loss=1.87471
train_loss run=0 interval=0 step=26 loss=1.80308
train_loss run=0 interval=0 step=27 loss=1.82756
train_loss run=0 interval=0 step=28 loss=1.73796
train_loss run=0 interval=0 step=29 loss=1.80898
train_loss run=0 interval=0 step=30 loss=1.80755
train_loss run=0 interval=0 step=31 loss=1.79266
train_loss run=0 interval=0 step=32 loss=1.7605
train_loss run=0 interval=0 step=33 loss=1.76792
train_loss run=0 interval=0 step=34 loss=1.73139
train_loss run=0 interval=0 step=35 loss=1.72376
train_loss run=0 interval=0 step=36 loss=1.65944
train_loss run=0 interval=0 step=37 loss=1.72875
train_loss run=0 interval=0 step=38 loss=1.62987
train_loss run=0 interval=0 step=39 loss=1.64504
train_loss run=0 interval=0 step=40 loss=1.65555
train_loss run=0 interval=0 step=41 loss=1.75009
train_loss run=0 interval=0 step=42 loss=1.70008
train_loss run=0 interval=0 step=43 loss=1.75491
train_loss run=0 interval=0 step=44 loss=1.72123
train_loss run=0 interval=0 step=45 loss=1.72821
train_loss run=0 interval=0 step=46 loss=1.62595
train_loss run=0 interval=0 step=47 loss=1.64263
train_loss run=0 interval=0 step=48 loss=1.58332
train_loss run=0 interval=0 step=49 loss=1.58931
train_loss run=0 interval=0 step=50 loss=1.56068
train_loss run=0 interval=0 step=51 loss=1.68206
train_loss run=0 interval=0 step=52 loss=1.58707
train_loss run=0 interval=0 step=53 loss=1.60084
train_loss run=0 interval=0 step=54 loss=1.64327
train_loss run=0 interval=0 step=55 loss=1.60077
train_loss run=0 interval=0 step=56 loss=1.66779
train_loss run=0 interval=0 step=57 loss=1.47938
train_loss run=0 interval=0 step=58 loss=1.56221
train_loss run=0 interval=0 step=59 loss=1.48937
train_loss run=0 interval=0 step=60 loss=1.52581
train_loss run=0 interval=0 step=61 loss=1.54121
train_loss run=0 interval=0 step=62 loss=1.58313
train_loss run=0 interval=0 step=63 loss=1.60214
train_loss run=0 interval=0 step=64 loss=1.55457
train_loss run=0 interval=0 step=65 loss=1.45007
train_loss run=0 interval=0 step=66 loss=1.55257
train_loss run=0 interval=0 step=67 loss=1.50471
train_loss run=0 interval=0 step=68 loss=1.51773
train_loss run=0 interval=0 step=69 loss=1.61363
train_loss run=0 interval=0 step=70 loss=1.51804
train_loss run=0 interval=0 step=71 loss=1.4515
train_loss run=0 interval=0 step=72 loss=1.59506
train_loss run=0 interval=0 step=73 loss=1.49826
train_loss run=0 interval=0 step=74 loss=1.5377
train_loss run=0 interval=0 step=75 loss=1.59388
train_loss run=0 interval=0 step=76 loss=1.63038
train_loss run=0 interval=0 step=77 loss=1.49398
train_loss run=0 interval=0 step=78 loss=1.42385
train_loss run=0 interval=0 step=79 loss=1.47118
train_loss run=0 interval=0 step=80 loss=1.48977
train_loss run=0 interval=0 step=81 loss=1.44053
train_loss run=0 interval=0 step=82 loss=1.51083
train_loss run=0 interval=0 step=83 loss=1.44387
train_loss run=0 interval=0 step=84 loss=1.48967
train_loss run=0 interval=0 step=85 loss=1.52294
train_loss run=0 interval=0 step=86 loss=1.46795
train_loss run=0 interval=0 step=87 loss=1.51529
train_loss run=0 interval=0 step=88 loss=1.51808
train_loss run=0 interval=0 step=89 loss=1.40462
train_loss run=0 interval=0 step=90 loss=1.47331
train_loss run=0 interval=0 step=91 loss=1.48336
train_loss run=0 interval=0 step=92 loss=1.35927
train_loss run=0 interval=0 step=93 loss=1.54255
train_loss run=0 interval=0 step=94 loss=1.37105
train_loss run=0 interval=0 step=95 loss=1.54228
train_loss run=0 interval=0 step=96 loss=1.61878
train_loss run=0 interval=0 step=97 loss=1.36287
train_loss run=0 interval=0 step=98 loss=1.40394
train_loss run=0 interval=0 step=99 loss=1.49413
train_loss run=0 interval=0 step=100 loss=1.50078
train_loss run=0 interval=0 step=101 loss=1.39299
train_loss run=0 interval=0 step=102 loss=1.47085
train_loss run=0 interval=0 step=103 loss=1.45965
train_loss run=0 interval=0 step=104 loss=1.44563
train_loss run=0 interval=0 step=105 loss=1.42414
train_loss run=0 interval=0 step=106 loss=1.44668
train_loss run=0 interval=0 step=107 loss=1.47388
train_loss run=0 interval=0 step=108 loss=1.42606
train_loss run=0 interval=0 step=109 loss=1.4148
train_loss run=0 interval=0 step=110 loss=1.44182
train_loss run=0 interval=0 step=111 loss=1.47749
train_loss run=0 interval=0 step=112 loss=1.43234
train_loss run=0 interval=0 step=113 loss=1.33759
train_loss run=0 interval=0 step=114 loss=1.37292
train_loss run=0 interval=0 step=115 loss=1.40375
train_loss run=0 interval=0 step=116 loss=1.39352
train_loss run=0 interval=0 step=117 loss=1.36508
train_loss run=0 interval=0 step=118 loss=1.35219
train_loss run=0 interval=0 step=119 loss=1.3373
train_loss run=0 interval=0 step=120 loss=1.41603
train_loss run=0 interval=0 step=121 loss=1.40165
train_loss run=0 interval=0 step=122 loss=1.41385
train_loss run=0 interval=0 step=123 loss=1.3939
train_loss run=0 interval=0 step=124 loss=1.34562
train_loss run=0 interval=0 step=125 loss=1.31548
train_loss run=0 interval=0 step=126 loss=1.48042
train_loss run=0 interval=0 step=127 loss=1.46672
train_loss run=0 interval=0 step=128 loss=1.41336
train_loss run=0 interval=0 step=129 loss=1.42534
train_loss run=0 interval=0 step=130 loss=1.43154
train_loss run=0 interval=0 step=131 loss=1.28246
train_loss run=0 interval=0 step=132 loss=1.42104
train_loss run=0 interval=0 step=133 loss=1.39535
train_loss run=0 interval=0 step=134 loss=1.3804
train_loss run=0 interval=0 step=135 loss=1.40232
train_loss run=0 interval=0 step=136 loss=1.31891
train_loss run=0 interval=0 step=137 loss=1.29456
train_loss run=0 interval=0 step=138 loss=1.36884
train_loss run=0 interval=0 step=139 loss=1.37223
train_loss run=0 interval=0 step=140 loss=1.36696
train_loss run=0 interval=0 step=141 loss=1.32476
train_loss run=0 interval=0 step=142 loss=1.37409
train_loss run=0 interval=0 step=143 loss=1.41481
train_loss run=0 interval=0 step=144 loss=1.38737
train_loss run=0 interval=0 step=145 loss=1.31739
train_loss run=0 interval=0 step=146 loss=1.32506
train_loss run=0 interval=0 step=147 loss=1.35398
train_loss run=0 interval=0 step=148 loss=1.32008
train_loss run=0 interval=0 step=149 loss=1.2646
train_loss run=0 interval=0 step=150 loss=1.40077
train_loss run=0 interval=0 step=151 loss=1.29055
train_loss run=0 interval=0 step=152 loss=1.24697
train_loss run=0 interval=0 step=153 loss=1.43827
train_loss run=0 interval=0 step=154 loss=1.47415
train_loss run=0 interval=0 step=155 loss=1.3048
train_loss run=0 interval=0 step=156 loss=1.39036
train_loss run=0 interval=0 step=157 loss=1.33891
train_loss run=0 interval=0 step=158 loss=1.28947
train_loss run=0 interval=0 step=159 loss=1.3299
train_loss run=0 interval=0 step=160 loss=1.39937
train_loss run=0 interval=0 step=161 loss=1.39052
train_loss run=0 interval=0 step=162 loss=1.26714
train_loss run=0 interval=0 step=163 loss=1.32632
train_loss run=0 interval=0 step=164 loss=1.40304
train_loss run=0 interval=0 step=165 loss=1.33506
train_loss run=0 interval=0 step=166 loss=1.33189
train_loss run=0 interval=0 step=167 loss=1.34856
train_loss run=0 interval=0 step=168 loss=1.32715
train_loss run=0 interval=0 step=169 loss=1.30907
train_loss run=0 interval=0 step=170 loss=1.31272
train_loss run=0 interval=0 step=171 loss=1.37049
train_loss run=0 interval=0 step=172 loss=1.36446
train_loss run=0 interval=0 step=173 loss=1.33171
train_loss run=0 interval=0 step=174 loss=1.35922
train_loss run=0 interval=0 step=175 loss=1.34903
train_loss run=0 interval=0 step=176 loss=1.3528
train_loss run=0 interval=0 step=177 loss=1.34128
train_loss run=0 interval=0 step=178 loss=1.30163
train_loss run=0 interval=0 step=179 loss=1.34298
train_loss run=0 interval=0 step=180 loss=1.35595
train_loss run=0 interval=0 step=181 loss=1.30649
train_loss run=0 interval=0 step=182 loss=1.32421
train_loss run=0 interval=0 step=183 loss=1.25886
train_loss run=0 interval=0 step=184 loss=1.35804
train_loss run=0 interval=0 step=185 loss=1.34045
train_loss run=0 interval=0 step=186 loss=1.32873
train_loss run=0 interval=0 step=187 loss=1.3303
train_loss run=0 interval=0 step=188 loss=1.39969
train_loss run=0 interval=0 step=189 loss=1.34171
train_loss run=0 interval=0 step=190 loss=1.26583
train_loss run=0 interval=0 step=191 loss=1.33232
train_loss run=0 interval=0 step=192 loss=1.34758
train_loss run=0 interval=0 step=193 loss=1.3222
train_loss run=0 interval=0 step=194 loss=1.32505
train_loss run=0 interval=0 step=195 loss=1.27012
train_loss run=0 interval=0 step=196 loss=1.31513
train_loss run=0 interval=0 step=197 loss=1.30693
train_loss run=0 interval=0 step=198 loss=1.32756
train_loss run=0 interval=0 step=199 loss=1.33471
train_loss run=0 interval=0 step=200 loss=1.39458
train_loss run=0 interval=0 step=201 loss=1.34544
train_loss run=0 interval=0 step=202 loss=1.25593
train_loss run=0 interval=0 step=203 loss=1.34682
train_loss run=0 interval=0 step=204 loss=1.27692
train_loss run=0 interval=0 step=205 loss=1.3453
train_loss run=0 interval=0 step=206 loss=1.33716
train_loss run=0 interval=0 step=207 loss=1.27255
train_loss run=0 interval=0 step=208 loss=1.29946
train_loss run=0 interval=0 step=209 loss=1.29203
train_loss run=0 interval=0 step=210 loss=1.25767
train_loss run=0 interval=0 step=211 loss=1.34035
train_loss run=0 interval=0 step=212 loss=1.28485
train_loss run=0 interval=0 step=213 loss=1.31756
train_loss run=0 interval=0 step=214 loss=1.43047
train_loss run=0 interval=0 step=215 loss=1.3247
train_loss run=0 interval=0 step=216 loss=1.36799
train_loss run=0 interval=0 step=217 loss=1.29094
train_loss run=0 interval=0 step=218 loss=1.31071
train_loss run=0 interval=0 step=219 loss=1.24063
train_loss run=0 interval=0 step=220 loss=1.25327
train_loss run=0 interval=0 step=221 loss=1.24705
train_loss run=0 interval=0 step=222 loss=1.28212
train_loss run=0 interval=0 step=223 loss=1.31687
train_loss run=0 interval=0 step=224 loss=1.3258
train_loss run=0 interval=0 step=225 loss=1.25956
train_loss run=0 interval=0 step=226 loss=1.31235
train_loss run=0 interval=0 step=227 loss=1.25481
train_loss run=0 interval=0 step=228 loss=1.18278
train_loss run=0 interval=0 step=229 loss=1.29418
train_loss run=0 interval=0 step=230 loss=1.29654
train_loss run=0 interval=0 step=231 loss=1.3072
train_loss run=0 interval=0 step=232 loss=1.30984
train_loss run=0 interval=0 step=233 loss=1.27848
train_loss run=0 interval=0 step=234 loss=1.28828
train_loss run=0 interval=0 step=235 loss=1.33477
train_loss run=0 interval=0 step=236 loss=1.29034
train_loss run=0 interval=0 step=237 loss=1.33847
train_loss run=0 interval=0 step=238 loss=1.36232
train_loss run=0 interval=0 step=239 loss=1.31125
train_loss run=0 interval=0 step=240 loss=1.29073
train_loss run=0 interval=0 step=241 loss=1.26883
train_loss run=0 interval=0 step=242 loss=1.31922
train_loss run=0 interval=0 step=243 loss=1.35205
train_loss run=0 interval=0 step=244 loss=1.2984
train_loss run=0 interval=0 step=245 loss=1.2744
train_loss run=0 interval=0 step=246 loss=1.32656
train_loss run=0 interval=0 step=247 loss=1.30608
train_loss run=0 interval=0 step=248 loss=1.31185
train_loss run=0 interval=0 step=249 loss=1.25549
train_loss run=0 interval=0 step=250 loss=1.25198
train_loss run=0 interval=0 step=251 loss=1.28381
train_loss run=0 interval=0 step=252 loss=1.28741
train_loss run=0 interval=0 step=253 loss=1.26754
train_loss run=0 interval=0 step=254 loss=1.35178
train_loss run=0 interval=0 step=255 loss=1.28495
train_loss run=0 interval=0 step=256 loss=1.23904
train_loss run=0 interval=0 step=257 loss=1.30099
train_loss run=0 interval=0 step=258 loss=1.23298
train_loss run=0 interval=0 step=259 loss=1.29571
train_loss run=0 interval=0 step=260 loss=1.28887
train_loss run=0 interval=0 step=261 loss=1.24176
train_loss run=0 interval=0 step=262 loss=1.42669
train_loss run=0 interval=0 step=263 loss=1.31224
train_loss run=0 interval=0 step=264 loss=1.26739
train_loss run=0 interval=0 step=265 loss=1.24629
train_loss run=0 interval=0 step=266 loss=1.34617
train_loss run=0 interval=0 step=267 loss=1.32416
train_loss run=0 interval=0 step=268 loss=1.34013
train_loss run=0 interval=0 step=269 loss=1.29116
train_loss run=0 interval=0 step=270 loss=1.29337
train_loss run=0 interval=0 step=271 loss=1.26
train_loss run=0 interval=0 step=272 loss=1.26608
train_loss run=0 interval=0 step=273 loss=1.27088
train_loss run=0 interval=0 step=274 loss=1.23534
train_loss run=0 interval=0 step=275 loss=1.22407
train_loss run=0 interval=0 step=276 loss=1.27954
train_loss run=0 interval=0 step=277 loss=1.2383
train_loss run=0 interval=0 step=278 loss=1.24959
train_loss run=0 interval=0 step=279 loss=1.24441
train_loss run=0 interval=0 step=280 loss=1.24706
train_loss run=0 interval=0 step=281 loss=1.24077
train_loss run=0 interval=0 step=282 loss=1.2642
train_loss run=0 interval=0 step=283 loss=1.17942
train_loss run=0 interval=0 step=284 loss=1.29991
train_loss run=0 interval=0 step=285 loss=1.27055
train_loss run=0 interval=0 step=286 loss=1.29155
train_loss run=0 interval=0 step=287 loss=1.2829
train_loss run=0 interval=0 step=288 loss=1.2445
train_loss run=0 interval=0 step=289 loss=1.31169
train_loss run=0 interval=0 step=290 loss=1.28692
train_loss run=0 interval=0 step=291 loss=1.30766
train_loss run=0 interval=0 step=292 loss=1.19472
train_loss run=0 interval=0 step=293 loss=1.33537
train_loss run=0 interval=0 step=294 loss=1.28401
train_loss run=0 interval=0 step=295 loss=1.28096
train_loss run=0 interval=0 step=296 loss=1.29468
train_loss run=0 interval=0 step=297 loss=1.20669
train_loss run=0 interval=0 step=298 loss=1.22106
train_loss run=0 interval=0 step=299 loss=1.24704
train_loss run=0 interval=0 step=300 loss=1.30321
train_loss run=0 interval=0 step=301 loss=1.21375
train_loss run=0 interval=0 step=302 loss=1.24887
train_loss run=0 interval=0 step=303 loss=1.23875
train_loss run=0 interval=0 step=304 loss=1.26105
train_loss run=0 interval=0 step=305 loss=1.22818
train_loss run=0 interval=0 step=306 loss=1.23811
train_loss run=0 interval=0 step=307 loss=1.25439
train_loss run=0 interval=0 step=308 loss=1.29005
train_loss run=0 interval=0 step=309 loss=1.25087
train_loss run=0 interval=0 step=310 loss=1.31154
train_loss run=0 interval=0 step=311 loss=1.21112
train_loss run=0 interval=0 step=312 loss=1.23521
train_loss run=0 interval=0 step=313 loss=1.25068
train_loss run=0 interval=0 step=314 loss=1.19695
train_loss run=0 interval=0 step=315 loss=1.20021
train_loss run=0 interval=0 step=316 loss=1.28402
train_loss run=0 interval=0 step=317 loss=1.22662
train_loss run=0 interval=0 step=318 loss=1.23667
train_loss run=0 interval=0 step=319 loss=1.25796
train_loss run=0 interval=0 step=320 loss=1.22321
train_loss run=0 interval=0 step=321 loss=1.35728
train_loss run=0 interval=0 step=322 loss=1.2861
train_loss run=0 interval=0 step=323 loss=1.28921
train_loss run=0 interval=0 step=324 loss=1.20291
train_loss run=0 interval=0 step=325 loss=1.26023
train_loss run=0 interval=0 step=326 loss=1.30789
train_loss run=0 interval=0 step=327 loss=1.24259
train_loss run=0 interval=0 step=328 loss=1.30665
train_loss run=0 interval=0 step=329 loss=1.24397
train_loss run=0 interval=0 step=330 loss=1.29387
train_loss run=0 interval=0 step=331 loss=1.21489
train_loss run=0 interval=0 step=332 loss=1.29179
train_loss run=0 interval=0 step=333 loss=1.24786
train_loss run=0 interval=0 step=334 loss=1.25241
train_loss run=0 interval=0 step=335 loss=1.26292
train_loss run=0 interval=0 step=336 loss=1.31498
train_loss run=0 interval=0 step=337 loss=1.22468
train_loss run=0 interval=0 step=338 loss=1.25165
train_loss run=0 interval=0 step=339 loss=1.2072
train_loss run=0 interval=0 step=340 loss=1.26678
train_loss run=0 interval=0 step=341 loss=1.27443
train_loss run=0 interval=0 step=342 loss=1.22987
train_loss run=0 interval=0 step=343 loss=1.26175
train_loss run=0 interval=0 step=344 loss=1.2792
train_loss run=0 interval=0 step=345 loss=1.18621
train_loss run=0 interval=0 step=346 loss=1.28152
train_loss run=0 interval=0 step=347 loss=1.21613
train_loss run=0 interval=0 step=348 loss=1.26274
train_loss run=0 interval=0 step=349 loss=1.25786
train_loss run=0 interval=0 step=350 loss=1.26148
train_loss run=0 interval=0 step=351 loss=1.20246
train_loss run=0 interval=0 step=352 loss=1.27736
train_loss run=0 interval=0 step=353 loss=1.16911
train_loss run=0 interval=0 step=354 loss=1.20091
train_loss run=0 interval=0 step=355 loss=1.26659
train_loss run=0 interval=0 step=356 loss=1.19235
train_loss run=0 interval=0 step=357 loss=1.20297
train_loss run=0 interval=0 step=358 loss=1.23006
train_loss run=0 interval=0 step=359 loss=1.19688
train_loss run=0 interval=0 step=360 loss=1.25088
train_loss run=0 interval=0 step=361 loss=1.26432
train_loss run=0 interval=0 step=362 loss=1.1943
train_loss run=0 interval=0 step=363 loss=1.24512
train_loss run=0 interval=0 step=364 loss=1.24598
train_loss run=0 interval=0 step=365 loss=1.2075
train_loss run=0 interval=0 step=366 loss=1.30614
train_loss run=0 interval=0 step=367 loss=1.1634
train_loss run=0 interval=0 step=368 loss=1.2489
train_loss run=0 interval=0 step=369 loss=1.26318
train_loss run=0 interval=0 step=370 loss=1.30753
train_loss run=0 interval=0 step=371 loss=1.2255
train_loss run=0 interval=0 step=372 loss=1.17057
train_loss run=0 interval=0 step=373 loss=1.21861
train_loss run=0 interval=0 step=374 loss=1.19537
train_loss run=0 interval=0 step=375 loss=1.16138
train_loss run=0 interval=0 step=376 loss=1.18725
train_loss run=0 interval=0 step=377 loss=1.18953
train_loss run=0 interval=0 step=378 loss=1.2829
train_loss run=0 interval=0 step=379 loss=1.2724
train_loss run=0 interval=0 step=380 loss=1.21245
train_loss run=0 interval=0 step=381 loss=1.17649
train_loss run=0 interval=0 step=382 loss=1.22534
train_loss run=0 interval=0 step=383 loss=1.24366
train_loss run=0 interval=0 step=384 loss=1.16021
train_loss run=0 interval=0 step=385 loss=1.31679
train_loss run=0 interval=0 step=386 loss=1.17694
train_loss run=0 interval=0 step=387 loss=1.24033
train_loss run=0 interval=0 step=388 loss=1.16625
train_loss run=0 interval=0 step=389 loss=1.26915
train_loss run=0 interval=0 step=390 loss=1.2244
train_loss run=0 interval=0 step=391 loss=1.16615
train_loss run=0 interval=0 step=392 loss=1.2594
train_loss run=0 interval=0 step=393 loss=1.2403
train_loss run=0 interval=0 step=394 loss=1.19659
train_loss run=0 interval=0 step=395 loss=1.29945
train_loss run=0 interval=0 step=396 loss=1.27281
train_loss run=0 interval=0 step=397 loss=1.26412
train_loss run=0 interval=0 step=398 loss=1.22085
train_loss run=0 interval=0 step=399 loss=1.24057
train_loss run=0 interval=0 step=400 loss=1.23247
train_loss run=0 interval=0 step=401 loss=1.25224
train_loss run=0 interval=0 step=402 loss=1.19899
train_loss run=0 interval=0 step=403 loss=1.23636
train_loss run=0 interval=0 step=404 loss=1.23977
train_loss run=0 interval=0 step=405 loss=1.30311
train_loss run=0 interval=0 step=406 loss=1.26992
train_loss run=0 interval=0 step=407 loss=1.29596
train_loss run=0 interval=0 step=408 loss=1.21246
train_loss run=0 interval=0 step=409 loss=1.23025
train_loss run=0 interval=0 step=410 loss=1.22281
train_loss run=0 interval=0 step=411 loss=1.1875
train_loss run=0 interval=0 step=412 loss=1.28235
train_loss run=0 interval=0 step=413 loss=1.18185
train_loss run=0 interval=0 step=414 loss=1.21753
train_loss run=0 interval=0 step=415 loss=1.25131
train_loss run=0 interval=0 step=416 loss=1.25948
train_loss run=0 interval=0 step=417 loss=1.26665
train_loss run=0 interval=0 step=418 loss=1.30329
train_loss run=0 interval=0 step=419 loss=1.20946
train_loss run=0 interval=0 step=420 loss=1.24166
train_loss run=0 interval=0 step=421 loss=1.24646
train_loss run=0 interval=0 step=422 loss=1.19842
train_loss run=0 interval=0 step=423 loss=1.25008
train_loss run=0 interval=0 step=424 loss=1.267
train_loss run=0 interval=0 step=425 loss=1.26092
train_loss run=0 interval=0 step=426 loss=1.25822
train_loss run=0 interval=0 step=427 loss=1.20716
train_loss run=0 interval=0 step=428 loss=1.20579
train_loss run=0 interval=0 step=429 loss=1.16344
train_loss run=0 interval=0 step=430 loss=1.18565
train_loss run=0 interval=0 step=431 loss=1.19074
train_loss run=0 interval=0 step=432 loss=1.18906
train_loss run=0 interval=0 step=433 loss=1.19699
train_loss run=0 interval=0 step=434 loss=1.30372
train_loss run=0 interval=0 step=435 loss=1.18645
train_loss run=0 interval=0 step=436 loss=1.23176
train_loss run=0 interval=0 step=437 loss=1.17606
train_loss run=0 interval=0 step=438 loss=1.28898
train_loss run=0 interval=0 step=439 loss=1.1979
train_loss run=0 interval=0 step=440 loss=1.22351
train_loss run=0 interval=0 step=441 loss=1.23311
train_loss run=0 interval=0 step=442 loss=1.28677
train_loss run=0 interval=0 step=443 loss=1.27152
train_loss run=0 interval=0 step=444 loss=1.26349
train_loss run=0 interval=0 step=445 loss=1.23084
train_loss run=0 interval=0 step=446 loss=1.19583
train_loss run=0 interval=0 step=447 loss=1.18731
train_loss run=0 interval=0 step=448 loss=1.15016
train_loss run=0 interval=0 step=449 loss=1.24553
train_loss run=0 interval=0 step=450 loss=1.19837
train_loss run=0 interval=0 step=451 loss=1.2394
train_loss run=0 interval=0 step=452 loss=1.19648
train_loss run=0 interval=0 step=453 loss=1.25187
train_loss run=0 interval=0 step=454 loss=1.24215
train_loss run=0 interval=0 step=455 loss=1.2907
train_loss run=0 interval=0 step=456 loss=1.22924
train_loss run=0 interval=0 step=457 loss=1.1442
train_loss run=0 interval=0 step=458 loss=1.1967
train_loss run=0 interval=0 step=459 loss=1.208
train_loss run=0 interval=0 step=460 loss=1.19754
train_loss run=0 interval=0 step=461 loss=1.23275
train_loss run=0 interval=0 step=462 loss=1.25871
train_loss run=0 interval=0 step=463 loss=1.19925
train_loss run=0 interval=0 step=464 loss=1.19334
train_loss run=0 interval=0 step=465 loss=1.23338
train_loss run=0 interval=0 step=466 loss=1.15812
train_loss run=0 interval=0 step=467 loss=1.24
train_loss run=0 interval=0 step=468 loss=1.2314
train_loss run=0 interval=0 step=469 loss=1.24366
train_loss run=0 interval=0 step=470 loss=1.13925
train_loss run=0 interval=0 step=471 loss=1.14404
train_loss run=0 interval=0 step=472 loss=1.17098
train_loss run=0 interval=0 step=473 loss=1.16249
train_loss run=0 interval=0 step=474 loss=1.22728
train_loss run=0 interval=0 step=475 loss=1.20391
train_loss run=0 interval=0 step=476 loss=1.20457
train_loss run=0 interval=0 step=477 loss=1.14867
train_loss run=0 interval=0 step=478 loss=1.19176
train_loss run=0 interval=0 step=479 loss=1.17678
train_loss run=0 interval=0 step=480 loss=1.20834
train_loss run=0 interval=0 step=481 loss=1.24605
train_loss run=0 interval=0 step=482 loss=1.2274
train_loss run=0 interval=0 step=483 loss=1.18256
train_loss run=0 interval=0 step=484 loss=1.16922
train_loss run=0 interval=0 step=485 loss=1.17423
train_loss run=0 interval=0 step=486 loss=1.17196
train_loss run=0 interval=0 step=487 loss=1.21352
train_loss run=0 interval=0 step=488 loss=1.20889
train_loss run=0 interval=0 step=489 loss=1.25237
train_loss run=0 interval=0 step=490 loss=1.37144
train_loss run=0 interval=0 step=491 loss=1.15772
train_loss run=0 interval=0 step=492 loss=1.21978
train_loss run=0 interval=0 step=493 loss=1.23939
train_loss run=0 interval=0 step=494 loss=1.198
train_loss run=0 interval=0 step=495 loss=1.26492
train_loss run=0 interval=0 step=496 loss=1.19812
train_loss run=0 interval=0 step=497 loss=1.13871
train_loss run=0 interval=0 step=498 loss=1.16406
train_loss run=0 interval=0 step=499 loss=1.20101
train_loss run=0 interval=0 step=500 loss=1.17822
train_loss run=0 interval=0 step=501 loss=1.20389
train_loss run=0 interval=0 step=502 loss=1.14061
train_loss run=0 interval=0 step=503 loss=1.15085
train_loss run=0 interval=0 step=504 loss=1.20071
train_loss run=0 interval=0 step=505 loss=1.30714
train_loss run=0 interval=0 step=506 loss=1.17344
train_loss run=0 interval=0 step=507 loss=1.23679
train_loss run=0 interval=0 step=508 loss=1.16286
train_loss run=0 interval=0 step=509 loss=1.15088
train_loss run=0 interval=0 step=510 loss=1.23135
train_loss run=0 interval=0 step=511 loss=1.23664
train_loss run=0 interval=0 step=512 loss=1.20038
train_loss run=0 interval=0 step=513 loss=1.30251
train_loss run=0 interval=0 step=514 loss=1.25191
train_loss run=0 interval=0 step=515 loss=1.23125
train_loss run=0 interval=0 step=516 loss=1.19402
train_loss run=0 interval=0 step=517 loss=1.15244
train_loss run=0 interval=0 step=518 loss=1.14504
train_loss run=0 interval=0 step=519 loss=1.21608
train_loss run=0 interval=0 step=520 loss=1.17532
train_loss run=0 interval=0 step=521 loss=1.18693
train_loss run=0 interval=0 step=522 loss=1.21898
train_loss run=0 interval=0 step=523 loss=1.1625
train_loss run=0 interval=0 step=524 loss=1.24059
train_loss run=0 interval=0 step=525 loss=1.24196
train_loss run=0 interval=0 step=526 loss=1.26189
train_loss run=0 interval=0 step=527 loss=1.17915
train_loss run=0 interval=0 step=528 loss=1.18652
train_loss run=0 interval=0 step=529 loss=1.17634
train_loss run=0 interval=0 step=530 loss=1.23753
train_loss run=0 interval=0 step=531 loss=1.16204
train_loss run=0 interval=0 step=532 loss=1.19837
train_loss run=0 interval=0 step=533 loss=1.21759
train_loss run=0 interval=0 step=534 loss=1.26639
train_loss run=0 interval=0 step=535 loss=1.12839
train_loss run=0 interval=0 step=536 loss=1.26889
train_loss run=0 interval=0 step=537 loss=1.21838
train_loss run=0 interval=0 step=538 loss=1.17458
train_loss run=0 interval=0 step=539 loss=1.16859
train_loss run=0 interval=0 step=540 loss=1.19645
train_loss run=0 interval=0 step=541 loss=1.22101
train_loss run=0 interval=0 step=542 loss=1.12788
train_loss run=0 interval=0 step=543 loss=1.15662
train_loss run=0 interval=0 step=544 loss=1.10111
train_loss run=0 interval=0 step=545 loss=1.18074
train_loss run=0 interval=0 step=546 loss=1.18784
train_loss run=0 interval=0 step=547 loss=1.14654
train_loss run=0 interval=0 step=548 loss=1.22226
train_loss run=0 interval=0 step=549 loss=1.28516
train_loss run=0 interval=0 step=550 loss=1.25134
train_loss run=0 interval=0 step=551 loss=1.23989
train_loss run=0 interval=0 step=552 loss=1.21226
train_loss run=0 interval=0 step=553 loss=1.17897
train_loss run=0 interval=0 step=554 loss=1.16047
train_loss run=0 interval=0 step=555 loss=1.24678
train_loss run=0 interval=0 step=556 loss=1.20976
train_loss run=0 interval=0 step=557 loss=1.2105
train_loss run=0 interval=0 step=558 loss=1.27271
train_loss run=0 interval=0 step=559 loss=1.14687
train_loss run=0 interval=0 step=560 loss=1.23339
train_loss run=0 interval=0 step=561 loss=1.11553
train_loss run=0 interval=0 step=562 loss=1.29661
train_loss run=0 interval=0 step=563 loss=1.1494
train_loss run=0 interval=0 step=564 loss=1.16621
train_loss run=0 interval=0 step=565 loss=1.21855
train_loss run=0 interval=0 step=566 loss=1.26172
train_loss run=0 interval=0 step=567 loss=1.19991
train_loss run=0 interval=0 step=568 loss=1.18016
train_loss run=0 interval=0 step=569 loss=1.17505
train_loss run=0 interval=0 step=570 loss=1.15865
train_loss run=0 interval=0 step=571 loss=1.28399
train_loss run=0 interval=0 step=572 loss=1.25987
train_loss run=0 interval=0 step=573 loss=1.22941
train_loss run=0 interval=0 step=574 loss=1.18966
train_loss run=0 interval=0 step=575 loss=1.20785
train_loss run=0 interval=0 step=576 loss=1.2565
train_loss run=0 interval=0 step=577 loss=1.21709
train_loss run=0 interval=0 step=578 loss=1.1808
train_loss run=0 interval=0 step=579 loss=1.24093
train_loss run=0 interval=0 step=580 loss=1.19747
train_loss run=0 interval=0 step=581 loss=1.18804
train_loss run=0 interval=0 step=582 loss=1.22285
train_loss run=0 interval=0 step=583 loss=1.20501
train_loss run=0 interval=0 step=584 loss=1.17978
train_loss run=0 interval=0 step=585 loss=1.17211
train_loss run=0 interval=0 step=586 loss=1.21938
train_loss run=0 interval=0 step=587 loss=1.1129
train_loss run=0 interval=0 step=588 loss=1.20902
train_loss run=0 interval=0 step=589 loss=1.15126
train_loss run=0 interval=0 step=590 loss=1.18117
train_loss run=0 interval=0 step=591 loss=1.18075
train_loss run=0 interval=0 step=592 loss=1.14634
train_loss run=0 interval=0 step=593 loss=1.18933
train_loss run=0 interval=0 step=594 loss=1.22793
train_loss run=0 interval=0 step=595 loss=1.16872
train_loss run=0 interval=0 step=596 loss=1.16883
train_loss run=0 interval=0 step=597 loss=1.17999
train_loss run=0 interval=0 step=598 loss=1.17067
train_loss run=0 interval=0 step=599 loss=1.1937
train_loss run=0 interval=0 step=600 loss=1.25682
train_loss run=0 interval=0 step=601 loss=1.14871
train_loss run=0 interval=0 step=602 loss=1.265
train_loss run=0 interval=0 step=603 loss=1.23516
train_loss run=0 interval=0 step=604 loss=1.18517
train_loss run=0 interval=0 step=605 loss=1.17906
train_loss run=0 interval=0 step=606 loss=1.19508
train_loss run=0 interval=0 step=607 loss=1.16256
train_loss run=0 interval=0 step=608 loss=1.19604
train_loss run=0 interval=0 step=609 loss=1.24268
train_loss run=0 interval=0 step=610 loss=1.13019
train_loss run=0 interval=0 step=611 loss=1.15219
train_loss run=0 interval=0 step=612 loss=1.16175
train_loss run=0 interval=0 step=613 loss=1.26746
train_loss run=0 interval=0 step=614 loss=1.15842
train_loss run=0 interval=0 step=615 loss=1.11645
train_loss run=0 interval=0 step=616 loss=1.17162
train_loss run=0 interval=0 step=617 loss=1.13912
train_loss run=0 interval=0 step=618 loss=1.15087
train_loss run=0 interval=0 step=619 loss=1.1929
train_loss run=0 interval=0 step=620 loss=1.15678
train_loss run=0 interval=0 step=621 loss=1.24363
train_loss run=0 interval=0 step=622 loss=1.22556
train_loss run=0 interval=0 step=623 loss=1.25335
train_loss run=0 interval=0 step=624 loss=1.16748
train_loss run=0 interval=0 step=625 loss=1.25968
train_loss run=0 interval=0 step=626 loss=1.22787
train_loss run=0 interval=0 step=627 loss=1.18481
train_loss run=0 interval=0 step=628 loss=1.24376
train_loss run=0 interval=0 step=629 loss=1.22556
train_loss run=0 interval=0 step=630 loss=1.28386
train_loss run=0 interval=0 step=631 loss=1.22269
train_loss run=0 interval=0 step=632 loss=1.1305
train_loss run=0 interval=0 step=633 loss=1.16339
train_loss run=0 interval=0 step=634 loss=1.14569
train_loss run=0 interval=0 step=635 loss=1.14826
train_loss run=0 interval=0 step=636 loss=1.18342
train_loss run=0 interval=0 step=637 loss=1.1794
train_loss run=0 interval=0 step=638 loss=1.19376
train_loss run=0 interval=0 step=639 loss=1.21523
train_loss run=0 interval=0 step=640 loss=1.23741
interval_boundary_eval run=0 interval=0 step=640 total_steps=3200 tta_val_acc=0.8455
search run=0 interval=1 phase=baseline metric=tta_val_acc
main hparams: conv.initial_lr=0.04 conv.momentum=0.6 main=0.8742
search_path step=0 conv.initial_lr=0.04 conv.momentum=0.6 tta_val_acc=0.8742
search run=0 interval=1 phase=cooldown metric=tta_val_acc
main hparams: conv.initial_lr=0.04 conv.momentum=0.6
conv.initial_lr=0.0086 -> tta_val_acc=0.9224
conv.initial_lr=0.0052 -> tta_val_acc=0.9224
conv.initial_lr=0.0031 -> tta_val_acc=0.9208
conv.initial_lr=0.014 -> tta_val_acc=0.9187
search_path step=0 conv.initial_lr=0.0086 tta_val_acc=0.9224
search run=0 interval=1 phase=main metric=tta_val_acc
cooldown hparams: conv.initial_lr=0.0086
main hparams: conv.initial_lr=0.04 conv.momentum=0.6 best_cooldown=0.9224
main hparams: conv.initial_lr=0.024 conv.momentum=0.6 best_cooldown=0.9232
main hparams: conv.initial_lr=0.014 conv.momentum=0.6 best_cooldown=0.9231
main hparams: conv.initial_lr=0.024 conv.momentum=0.5 best_cooldown=0.925
main hparams: conv.initial_lr=0.024 conv.momentum=0.4 best_cooldown=0.9233
main hparams: conv.initial_lr=0.014 conv.momentum=0.5 best_cooldown=0.9226
main hparams: conv.initial_lr=0.04 conv.momentum=0.5 best_cooldown=0.9217
search_path step=0 conv.initial_lr=0.04 conv.momentum=0.6 tta_val_acc=0.9224
search_path step=1 conv.initial_lr=0.024 conv.momentum=0.6 tta_val_acc=0.9232
search_path step=2 conv.initial_lr=0.024 conv.momentum=0.5 tta_val_acc=0.925
search run=0 interval=1 phase=cooldown metric=tta_val_acc
main hparams: conv.initial_lr=0.024 conv.momentum=0.5
conv.initial_lr=0.0086 -> tta_val_acc=0.925
conv.initial_lr=0.0052 -> tta_val_acc=0.9266
conv.initial_lr=0.0031 -> tta_val_acc=0.9259
conv.initial_lr=0.0087 -> tta_val_acc=0.9244
search_path step=0 conv.initial_lr=0.0086 tta_val_acc=0.925
search_path step=1 conv.initial_lr=0.0052 tta_val_acc=0.9266
search run=0 interval=1 phase=main metric=tta_val_acc
cooldown hparams: conv.initial_lr=0.0052
main hparams: conv.initial_lr=0.024 conv.momentum=0.5 best_cooldown=0.9266
main hparams: conv.initial_lr=0.014 conv.momentum=0.5 best_cooldown=0.9251
main hparams: conv.initial_lr=0.04 conv.momentum=0.5 best_cooldown=0.9212
main hparams: conv.initial_lr=0.024 conv.momentum=0.4 best_cooldown=0.9245
main hparams: conv.initial_lr=0.024 conv.momentum=0.6 best_cooldown=0.9256
search_path step=0 conv.initial_lr=0.024 conv.momentum=0.5 tta_val_acc=0.9266
train_hparams run=0 interval=1 start_step=640 completed_steps=640 total_steps=3200 conv.initial_lr=0.024 conv.momentum=0.5
train_loss run=0 interval=1 step=641 loss=1.16102
train_loss run=0 interval=1 step=642 loss=1.18457
train_loss run=0 interval=1 step=643 loss=1.15618
train_loss run=0 interval=1 step=644 loss=1.20717
train_loss run=0 interval=1 step=645 loss=1.18506
train_loss run=0 interval=1 step=646 loss=1.17079
train_loss run=0 interval=1 step=647 loss=1.17467
train_loss run=0 interval=1 step=648 loss=1.20297
train_loss run=0 interval=1 step=649 loss=1.11402
train_loss run=0 interval=1 step=650 loss=1.09893
train_loss run=0 interval=1 step=651 loss=1.18234
train_loss run=0 interval=1 step=652 loss=1.13819
train_loss run=0 interval=1 step=653 loss=1.20846
train_loss run=0 interval=1 step=654 loss=1.178
train_loss run=0 interval=1 step=655 loss=1.22635
train_loss run=0 interval=1 step=656 loss=1.18419
train_loss run=0 interval=1 step=657 loss=1.12862
train_loss run=0 interval=1 step=658 loss=1.18399
train_loss run=0 interval=1 step=659 loss=1.11775
train_loss run=0 interval=1 step=660 loss=1.15447
train_loss run=0 interval=1 step=661 loss=1.07929
train_loss run=0 interval=1 step=662 loss=1.15474
train_loss run=0 interval=1 step=663 loss=1.12572
train_loss run=0 interval=1 step=664 loss=1.1936
train_loss run=0 interval=1 step=665 loss=1.10055
train_loss run=0 interval=1 step=666 loss=1.22903
train_loss run=0 interval=1 step=667 loss=1.22252
train_loss run=0 interval=1 step=668 loss=1.20934
train_loss run=0 interval=1 step=669 loss=1.21998
train_loss run=0 interval=1 step=670 loss=1.20358
train_loss run=0 interval=1 step=671 loss=1.1613
train_loss run=0 interval=1 step=672 loss=1.06073
train_loss run=0 interval=1 step=673 loss=1.13396
train_loss run=0 interval=1 step=674 loss=1.08696
train_loss run=0 interval=1 step=675 loss=1.18488
train_loss run=0 interval=1 step=676 loss=1.18261
train_loss run=0 interval=1 step=677 loss=1.12296
train_loss run=0 interval=1 step=678 loss=1.14194
train_loss run=0 interval=1 step=679 loss=1.12941
train_loss run=0 interval=1 step=680 loss=1.07885
train_loss run=0 interval=1 step=681 loss=1.12391
train_loss run=0 interval=1 step=682 loss=1.14088
train_loss run=0 interval=1 step=683 loss=1.14791
train_loss run=0 interval=1 step=684 loss=1.05604
train_loss run=0 interval=1 step=685 loss=1.14673
train_loss run=0 interval=1 step=686 loss=1.11965
train_loss run=0 interval=1 step=687 loss=1.1339
train_loss run=0 interval=1 step=688 loss=1.17539
train_loss run=0 interval=1 step=689 loss=1.14486
train_loss run=0 interval=1 step=690 loss=1.08285
train_loss run=0 interval=1 step=691 loss=1.14266
train_loss run=0 interval=1 step=692 loss=1.21992
train_loss run=0 interval=1 step=693 loss=1.14748
train_loss run=0 interval=1 step=694 loss=1.2275
train_loss run=0 interval=1 step=695 loss=1.12245
train_loss run=0 interval=1 step=696 loss=1.08626
train_loss run=0 interval=1 step=697 loss=1.25284
train_loss run=0 interval=1 step=698 loss=1.15042
train_loss run=0 interval=1 step=699 loss=1.11391
train_loss run=0 interval=1 step=700 loss=1.10038
train_loss run=0 interval=1 step=701 loss=1.23121
train_loss run=0 interval=1 step=702 loss=1.10025
train_loss run=0 interval=1 step=703 loss=1.21816
train_loss run=0 interval=1 step=704 loss=1.13245
train_loss run=0 interval=1 step=705 loss=1.12901
train_loss run=0 interval=1 step=706 loss=1.15658
train_loss run=0 interval=1 step=707 loss=1.16278
train_loss run=0 interval=1 step=708 loss=1.17362
train_loss run=0 interval=1 step=709 loss=1.09057
train_loss run=0 interval=1 step=710 loss=1.11285
train_loss run=0 interval=1 step=711 loss=1.15756
train_loss run=0 interval=1 step=712 loss=1.1736
train_loss run=0 interval=1 step=713 loss=1.12344
train_loss run=0 interval=1 step=714 loss=1.1124
train_loss run=0 interval=1 step=715 loss=1.15412
train_loss run=0 interval=1 step=716 loss=1.1477
train_loss run=0 interval=1 step=717 loss=1.13462
train_loss run=0 interval=1 step=718 loss=1.13748
train_loss run=0 interval=1 step=719 loss=1.08591
train_loss run=0 interval=1 step=720 loss=1.08699
train_loss run=0 interval=1 step=721 loss=1.152
train_loss run=0 interval=1 step=722 loss=1.17403
train_loss run=0 interval=1 step=723 loss=1.10815
train_loss run=0 interval=1 step=724 loss=1.07749
train_loss run=0 interval=1 step=725 loss=1.13269
train_loss run=0 interval=1 step=726 loss=1.18644
train_loss run=0 interval=1 step=727 loss=1.2275
train_loss run=0 interval=1 step=728 loss=1.15046
train_loss run=0 interval=1 step=729 loss=1.15306
train_loss run=0 interval=1 step=730 loss=1.1736
train_loss run=0 interval=1 step=731 loss=1.16785
train_loss run=0 interval=1 step=732 loss=1.14742
train_loss run=0 interval=1 step=733 loss=1.17537
train_loss run=0 interval=1 step=734 loss=1.10863
train_loss run=0 interval=1 step=735 loss=1.11335
train_loss run=0 interval=1 step=736 loss=1.06558
train_loss run=0 interval=1 step=737 loss=1.24743
train_loss run=0 interval=1 step=738 loss=1.1546
train_loss run=0 interval=1 step=739 loss=1.08858
train_loss run=0 interval=1 step=740 loss=1.07558
train_loss run=0 interval=1 step=741 loss=1.09141
train_loss run=0 interval=1 step=742 loss=1.14042
train_loss run=0 interval=1 step=743 loss=1.132
train_loss run=0 interval=1 step=744 loss=1.19096
train_loss run=0 interval=1 step=745 loss=1.18667
train_loss run=0 interval=1 step=746 loss=1.15918
train_loss run=0 interval=1 step=747 loss=1.14993
train_loss run=0 interval=1 step=748 loss=1.10386
train_loss run=0 interval=1 step=749 loss=1.14273
train_loss run=0 interval=1 step=750 loss=1.03727
train_loss run=0 interval=1 step=751 loss=1.17506
train_loss run=0 interval=1 step=752 loss=1.15375
train_loss run=0 interval=1 step=753 loss=1.09595
train_loss run=0 interval=1 step=754 loss=1.14263
train_loss run=0 interval=1 step=755 loss=1.04793
train_loss run=0 interval=1 step=756 loss=1.09484
train_loss run=0 interval=1 step=757 loss=1.14279
train_loss run=0 interval=1 step=758 loss=1.18392
train_loss run=0 interval=1 step=759 loss=1.14563
train_loss run=0 interval=1 step=760 loss=1.08549
train_loss run=0 interval=1 step=761 loss=1.14485
train_loss run=0 interval=1 step=762 loss=1.1591
train_loss run=0 interval=1 step=763 loss=1.18247
train_loss run=0 interval=1 step=764 loss=1.25817
train_loss run=0 interval=1 step=765 loss=1.14725
train_loss run=0 interval=1 step=766 loss=1.13861
train_loss run=0 interval=1 step=767 loss=1.06347
train_loss run=0 interval=1 step=768 loss=1.10084
train_loss run=0 interval=1 step=769 loss=1.17228
train_loss run=0 interval=1 step=770 loss=1.17773
train_loss run=0 interval=1 step=771 loss=1.13849
train_loss run=0 interval=1 step=772 loss=1.12319
train_loss run=0 interval=1 step=773 loss=1.23418
train_loss run=0 interval=1 step=774 loss=1.14027
train_loss run=0 interval=1 step=775 loss=1.09323
train_loss run=0 interval=1 step=776 loss=1.113
train_loss run=0 interval=1 step=777 loss=1.20478
train_loss run=0 interval=1 step=778 loss=1.09177
train_loss run=0 interval=1 step=779 loss=1.10112
train_loss run=0 interval=1 step=780 loss=1.0699
train_loss run=0 interval=1 step=781 loss=1.12629
train_loss run=0 interval=1 step=782 loss=1.11621
train_loss run=0 interval=1 step=783 loss=1.12805
train_loss run=0 interval=1 step=784 loss=1.12325
train_loss run=0 interval=1 step=785 loss=1.12678
train_loss run=0 interval=1 step=786 loss=1.15203
train_loss run=0 interval=1 step=787 loss=1.14485
train_loss run=0 interval=1 step=788 loss=1.15036
train_loss run=0 interval=1 step=789 loss=1.07381
train_loss run=0 interval=1 step=790 loss=1.08328
train_loss run=0 interval=1 step=791 loss=1.05331
train_loss run=0 interval=1 step=792 loss=1.17648
train_loss run=0 interval=1 step=793 loss=1.22121
train_loss run=0 interval=1 step=794 loss=1.11413
train_loss run=0 interval=1 step=795 loss=1.16195
train_loss run=0 interval=1 step=796 loss=1.13328
train_loss run=0 interval=1 step=797 loss=1.19435
train_loss run=0 interval=1 step=798 loss=1.13379
train_loss run=0 interval=1 step=799 loss=1.20143
train_loss run=0 interval=1 step=800 loss=1.11338
train_loss run=0 interval=1 step=801 loss=1.08723
train_loss run=0 interval=1 step=802 loss=1.05859
train_loss run=0 interval=1 step=803 loss=1.05774
train_loss run=0 interval=1 step=804 loss=1.10314
train_loss run=0 interval=1 step=805 loss=1.10878
train_loss run=0 interval=1 step=806 loss=1.19727
train_loss run=0 interval=1 step=807 loss=1.13589
train_loss run=0 interval=1 step=808 loss=1.16588
train_loss run=0 interval=1 step=809 loss=1.08195
train_loss run=0 interval=1 step=810 loss=1.11241
train_loss run=0 interval=1 step=811 loss=1.04251
train_loss run=0 interval=1 step=812 loss=1.11971
train_loss run=0 interval=1 step=813 loss=1.113
train_loss run=0 interval=1 step=814 loss=1.10219
train_loss run=0 interval=1 step=815 loss=1.11763
train_loss run=0 interval=1 step=816 loss=1.10553
train_loss run=0 interval=1 step=817 loss=1.18592
train_loss run=0 interval=1 step=818 loss=1.12676
train_loss run=0 interval=1 step=819 loss=1.157
train_loss run=0 interval=1 step=820 loss=1.10023
train_loss run=0 interval=1 step=821 loss=1.17757
train_loss run=0 interval=1 step=822 loss=1.07392
train_loss run=0 interval=1 step=823 loss=1.107
train_loss run=0 interval=1 step=824 loss=1.04461
train_loss run=0 interval=1 step=825 loss=1.08974
train_loss run=0 interval=1 step=826 loss=1.13741
train_loss run=0 interval=1 step=827 loss=1.08014
train_loss run=0 interval=1 step=828 loss=1.12322
train_loss run=0 interval=1 step=829 loss=1.09773
train_loss run=0 interval=1 step=830 loss=1.06965
train_loss run=0 interval=1 step=831 loss=1.10699
train_loss run=0 interval=1 step=832 loss=1.08307
train_loss run=0 interval=1 step=833 loss=1.09331
train_loss run=0 interval=1 step=834 loss=1.16198
train_loss run=0 interval=1 step=835 loss=1.13552
train_loss run=0 interval=1 step=836 loss=1.11455
train_loss run=0 interval=1 step=837 loss=1.1059
train_loss run=0 interval=1 step=838 loss=1.0759
train_loss run=0 interval=1 step=839 loss=1.0784
train_loss run=0 interval=1 step=840 loss=1.07768
train_loss run=0 interval=1 step=841 loss=1.14689
train_loss run=0 interval=1 step=842 loss=1.11774
train_loss run=0 interval=1 step=843 loss=1.04061
train_loss run=0 interval=1 step=844 loss=1.08149
train_loss run=0 interval=1 step=845 loss=1.15261
train_loss run=0 interval=1 step=846 loss=1.12054
train_loss run=0 interval=1 step=847 loss=1.128
train_loss run=0 interval=1 step=848 loss=1.12449
train_loss run=0 interval=1 step=849 loss=1.09816
train_loss run=0 interval=1 step=850 loss=1.15121
train_loss run=0 interval=1 step=851 loss=1.07597
train_loss run=0 interval=1 step=852 loss=1.10932
train_loss run=0 interval=1 step=853 loss=1.11104
train_loss run=0 interval=1 step=854 loss=1.13386
train_loss run=0 interval=1 step=855 loss=1.18121
train_loss run=0 interval=1 step=856 loss=1.10139
train_loss run=0 interval=1 step=857 loss=1.07103
train_loss run=0 interval=1 step=858 loss=1.08201
train_loss run=0 interval=1 step=859 loss=1.0663
train_loss run=0 interval=1 step=860 loss=1.16841
train_loss run=0 interval=1 step=861 loss=1.07266
train_loss run=0 interval=1 step=862 loss=1.06907
train_loss run=0 interval=1 step=863 loss=1.08175
train_loss run=0 interval=1 step=864 loss=1.0432
train_loss run=0 interval=1 step=865 loss=1.07397
train_loss run=0 interval=1 step=866 loss=1.06435
train_loss run=0 interval=1 step=867 loss=1.07967
train_loss run=0 interval=1 step=868 loss=1.04673
train_loss run=0 interval=1 step=869 loss=1.12433
train_loss run=0 interval=1 step=870 loss=1.12269
train_loss run=0 interval=1 step=871 loss=1.07817
train_loss run=0 interval=1 step=872 loss=1.0816
train_loss run=0 interval=1 step=873 loss=1.0724
train_loss run=0 interval=1 step=874 loss=1.09018
train_loss run=0 interval=1 step=875 loss=1.02578
train_loss run=0 interval=1 step=876 loss=1.08196
train_loss run=0 interval=1 step=877 loss=1.05826
train_loss run=0 interval=1 step=878 loss=1.18662
train_loss run=0 interval=1 step=879 loss=1.14498
train_loss run=0 interval=1 step=880 loss=1.15801
train_loss run=0 interval=1 step=881 loss=1.20662
train_loss run=0 interval=1 step=882 loss=1.11417
train_loss run=0 interval=1 step=883 loss=1.11416
train_loss run=0 interval=1 step=884 loss=1.14717
train_loss run=0 interval=1 step=885 loss=1.11101
train_loss run=0 interval=1 step=886 loss=1.10786
train_loss run=0 interval=1 step=887 loss=1.15913
train_loss run=0 interval=1 step=888 loss=1.0787
train_loss run=0 interval=1 step=889 loss=1.0797
train_loss run=0 interval=1 step=890 loss=1.09716
train_loss run=0 interval=1 step=891 loss=1.12516
train_loss run=0 interval=1 step=892 loss=1.10177
train_loss run=0 interval=1 step=893 loss=1.16013
train_loss run=0 interval=1 step=894 loss=1.09507
train_loss run=0 interval=1 step=895 loss=1.0366
train_loss run=0 interval=1 step=896 loss=1.12223
train_loss run=0 interval=1 step=897 loss=1.08371
train_loss run=0 interval=1 step=898 loss=1.11613
train_loss run=0 interval=1 step=899 loss=1.04577
train_loss run=0 interval=1 step=900 loss=1.10462
train_loss run=0 interval=1 step=901 loss=1.07937
train_loss run=0 interval=1 step=902 loss=1.11961
train_loss run=0 interval=1 step=903 loss=1.08231
train_loss run=0 interval=1 step=904 loss=1.12079
train_loss run=0 interval=1 step=905 loss=1.03399
train_loss run=0 interval=1 step=906 loss=1.08342
train_loss run=0 interval=1 step=907 loss=1.15885
train_loss run=0 interval=1 step=908 loss=1.11632
train_loss run=0 interval=1 step=909 loss=1.11476
train_loss run=0 interval=1 step=910 loss=1.04902
train_loss run=0 interval=1 step=911 loss=1.09179
train_loss run=0 interval=1 step=912 loss=1.11441
train_loss run=0 interval=1 step=913 loss=1.16418
train_loss run=0 interval=1 step=914 loss=1.16061
train_loss run=0 interval=1 step=915 loss=1.07914
train_loss run=0 interval=1 step=916 loss=1.09516
train_loss run=0 interval=1 step=917 loss=1.11329
train_loss run=0 interval=1 step=918 loss=1.05075
train_loss run=0 interval=1 step=919 loss=1.09048
train_loss run=0 interval=1 step=920 loss=1.14556
train_loss run=0 interval=1 step=921 loss=1.10025
train_loss run=0 interval=1 step=922 loss=1.12255
train_loss run=0 interval=1 step=923 loss=1.12678
train_loss run=0 interval=1 step=924 loss=1.03656
train_loss run=0 interval=1 step=925 loss=1.1041
train_loss run=0 interval=1 step=926 loss=1.12478
train_loss run=0 interval=1 step=927 loss=1.14074
train_loss run=0 interval=1 step=928 loss=1.13442
train_loss run=0 interval=1 step=929 loss=1.05482
train_loss run=0 interval=1 step=930 loss=1.10379
train_loss run=0 interval=1 step=931 loss=1.12106
train_loss run=0 interval=1 step=932 loss=1.09111
train_loss run=0 interval=1 step=933 loss=1.1314
train_loss run=0 interval=1 step=934 loss=1.06007
train_loss run=0 interval=1 step=935 loss=1.0718
train_loss run=0 interval=1 step=936 loss=1.07062
train_loss run=0 interval=1 step=937 loss=1.11681
train_loss run=0 interval=1 step=938 loss=1.08684
train_loss run=0 interval=1 step=939 loss=1.04634
train_loss run=0 interval=1 step=940 loss=1.11679
train_loss run=0 interval=1 step=941 loss=1.12098
train_loss run=0 interval=1 step=942 loss=1.12328
train_loss run=0 interval=1 step=943 loss=1.15802
train_loss run=0 interval=1 step=944 loss=1.12886
train_loss run=0 interval=1 step=945 loss=1.24948
train_loss run=0 interval=1 step=946 loss=1.13097
train_loss run=0 interval=1 step=947 loss=1.0735
train_loss run=0 interval=1 step=948 loss=1.06745
train_loss run=0 interval=1 step=949 loss=1.06087
train_loss run=0 interval=1 step=950 loss=1.06337
train_loss run=0 interval=1 step=951 loss=1.06595
train_loss run=0 interval=1 step=952 loss=1.11084
train_loss run=0 interval=1 step=953 loss=1.19997
train_loss run=0 interval=1 step=954 loss=1.1053
train_loss run=0 interval=1 step=955 loss=1.0783
train_loss run=0 interval=1 step=956 loss=1.14698
train_loss run=0 interval=1 step=957 loss=1.10262
train_loss run=0 interval=1 step=958 loss=1.08365
train_loss run=0 interval=1 step=959 loss=1.05152
train_loss run=0 interval=1 step=960 loss=1.05924
train_loss run=0 interval=1 step=961 loss=1.05031
train_loss run=0 interval=1 step=962 loss=1.1069
train_loss run=0 interval=1 step=963 loss=1.1182
train_loss run=0 interval=1 step=964 loss=1.11624
train_loss run=0 interval=1 step=965 loss=1.11205
train_loss run=0 interval=1 step=966 loss=1.09284
train_loss run=0 interval=1 step=967 loss=1.0904
train_loss run=0 interval=1 step=968 loss=1.12889
train_loss run=0 interval=1 step=969 loss=1.05532
train_loss run=0 interval=1 step=970 loss=1.10805
train_loss run=0 interval=1 step=971 loss=1.11901
train_loss run=0 interval=1 step=972 loss=1.10288
train_loss run=0 interval=1 step=973 loss=1.08372
train_loss run=0 interval=1 step=974 loss=1.03013
train_loss run=0 interval=1 step=975 loss=1.10607
train_loss run=0 interval=1 step=976 loss=1.11972
train_loss run=0 interval=1 step=977 loss=1.12626
train_loss run=0 interval=1 step=978 loss=1.0417
train_loss run=0 interval=1 step=979 loss=1.04568
train_loss run=0 interval=1 step=980 loss=1.11443
train_loss run=0 interval=1 step=981 loss=1.11904
train_loss run=0 interval=1 step=982 loss=1.08233
train_loss run=0 interval=1 step=983 loss=1.1979
train_loss run=0 interval=1 step=984 loss=1.13944
train_loss run=0 interval=1 step=985 loss=1.08508
train_loss run=0 interval=1 step=986 loss=1.09837
train_loss run=0 interval=1 step=987 loss=1.0893
train_loss run=0 interval=1 step=988 loss=1.13109
train_loss run=0 interval=1 step=989 loss=1.16503
train_loss run=0 interval=1 step=990 loss=1.11445
train_loss run=0 interval=1 step=991 loss=1.07675
train_loss run=0 interval=1 step=992 loss=1.0642
train_loss run=0 interval=1 step=993 loss=1.09436
train_loss run=0 interval=1 step=994 loss=1.11018
train_loss run=0 interval=1 step=995 loss=1.08412
train_loss run=0 interval=1 step=996 loss=1.09871
train_loss run=0 interval=1 step=997 loss=1.05854
train_loss run=0 interval=1 step=998 loss=1.09558
train_loss run=0 interval=1 step=999 loss=1.05758
train_loss run=0 interval=1 step=1000 loss=1.09352
train_loss run=0 interval=1 step=1001 loss=1.05801
train_loss run=0 interval=1 step=1002 loss=1.10723
train_loss run=0 interval=1 step=1003 loss=1.0786
train_loss run=0 interval=1 step=1004 loss=1.0989
train_loss run=0 interval=1 step=1005 loss=1.14862
train_loss run=0 interval=1 step=1006 loss=1.10092
train_loss run=0 interval=1 step=1007 loss=1.07737
train_loss run=0 interval=1 step=1008 loss=1.10442
train_loss run=0 interval=1 step=1009 loss=1.0458
train_loss run=0 interval=1 step=1010 loss=1.1025
train_loss run=0 interval=1 step=1011 loss=1.08653
train_loss run=0 interval=1 step=1012 loss=1.06138
train_loss run=0 interval=1 step=1013 loss=1.11399
train_loss run=0 interval=1 step=1014 loss=1.10421
train_loss run=0 interval=1 step=1015 loss=1.07615
train_loss run=0 interval=1 step=1016 loss=1.07061
train_loss run=0 interval=1 step=1017 loss=1.15556
train_loss run=0 interval=1 step=1018 loss=1.03767
train_loss run=0 interval=1 step=1019 loss=1.11341
train_loss run=0 interval=1 step=1020 loss=1.08528
train_loss run=0 interval=1 step=1021 loss=1.14933
train_loss run=0 interval=1 step=1022 loss=1.1302
train_loss run=0 interval=1 step=1023 loss=1.03891
train_loss run=0 interval=1 step=1024 loss=1.05727
train_loss run=0 interval=1 step=1025 loss=1.13475
train_loss run=0 interval=1 step=1026 loss=1.06422
train_loss run=0 interval=1 step=1027 loss=1.09895
train_loss run=0 interval=1 step=1028 loss=1.05736
train_loss run=0 interval=1 step=1029 loss=1.0798
train_loss run=0 interval=1 step=1030 loss=1.10719
train_loss run=0 interval=1 step=1031 loss=1.03928
train_loss run=0 interval=1 step=1032 loss=1.09405
train_loss run=0 interval=1 step=1033 loss=1.0478
train_loss run=0 interval=1 step=1034 loss=1.09012
train_loss run=0 interval=1 step=1035 loss=1.07995
train_loss run=0 interval=1 step=1036 loss=1.13796
train_loss run=0 interval=1 step=1037 loss=1.14034
train_loss run=0 interval=1 step=1038 loss=1.05279
train_loss run=0 interval=1 step=1039 loss=1.07
train_loss run=0 interval=1 step=1040 loss=1.1332
train_loss run=0 interval=1 step=1041 loss=1.09426
train_loss run=0 interval=1 step=1042 loss=1.08661
train_loss run=0 interval=1 step=1043 loss=1.09687
train_loss run=0 interval=1 step=1044 loss=1.04994
train_loss run=0 interval=1 step=1045 loss=1.13271
train_loss run=0 interval=1 step=1046 loss=1.11194
train_loss run=0 interval=1 step=1047 loss=1.09467
train_loss run=0 interval=1 step=1048 loss=1.06541
train_loss run=0 interval=1 step=1049 loss=1.19212
train_loss run=0 interval=1 step=1050 loss=1.12812
train_loss run=0 interval=1 step=1051 loss=1.12652
train_loss run=0 interval=1 step=1052 loss=1.12505
train_loss run=0 interval=1 step=1053 loss=1.095
train_loss run=0 interval=1 step=1054 loss=1.10355
train_loss run=0 interval=1 step=1055 loss=1.0409
train_loss run=0 interval=1 step=1056 loss=1.08121
train_loss run=0 interval=1 step=1057 loss=1.08072
train_loss run=0 interval=1 step=1058 loss=1.11411
train_loss run=0 interval=1 step=1059 loss=1.11816
train_loss run=0 interval=1 step=1060 loss=1.15651
train_loss run=0 interval=1 step=1061 loss=1.06146
train_loss run=0 interval=1 step=1062 loss=1.01545
train_loss run=0 interval=1 step=1063 loss=1.11136
train_loss run=0 interval=1 step=1064 loss=1.13863
train_loss run=0 interval=1 step=1065 loss=1.13519
train_loss run=0 interval=1 step=1066 loss=1.0801
train_loss run=0 interval=1 step=1067 loss=1.14929
train_loss run=0 interval=1 step=1068 loss=1.0827
train_loss run=0 interval=1 step=1069 loss=1.12704
train_loss run=0 interval=1 step=1070 loss=1.14441
train_loss run=0 interval=1 step=1071 loss=1.04699
train_loss run=0 interval=1 step=1072 loss=1.04641
train_loss run=0 interval=1 step=1073 loss=1.15122
train_loss run=0 interval=1 step=1074 loss=1.14052
train_loss run=0 interval=1 step=1075 loss=1.07898
train_loss run=0 interval=1 step=1076 loss=1.05264
train_loss run=0 interval=1 step=1077 loss=1.06552
train_loss run=0 interval=1 step=1078 loss=1.08515
train_loss run=0 interval=1 step=1079 loss=1.14465
train_loss run=0 interval=1 step=1080 loss=1.07796
train_loss run=0 interval=1 step=1081 loss=1.11848
train_loss run=0 interval=1 step=1082 loss=1.12409
train_loss run=0 interval=1 step=1083 loss=1.12171
train_loss run=0 interval=1 step=1084 loss=1.13657
train_loss run=0 interval=1 step=1085 loss=1.05021
train_loss run=0 interval=1 step=1086 loss=1.07661
train_loss run=0 interval=1 step=1087 loss=1.07384
train_loss run=0 interval=1 step=1088 loss=1.06467
train_loss run=0 interval=1 step=1089 loss=1.06602
train_loss run=0 interval=1 step=1090 loss=1.08241
train_loss run=0 interval=1 step=1091 loss=1.14041
train_loss run=0 interval=1 step=1092 loss=1.07684
train_loss run=0 interval=1 step=1093 loss=1.10215
train_loss run=0 interval=1 step=1094 loss=1.10868
train_loss run=0 interval=1 step=1095 loss=1.06895
train_loss run=0 interval=1 step=1096 loss=1.17214
train_loss run=0 interval=1 step=1097 loss=1.12751
train_loss run=0 interval=1 step=1098 loss=1.14169
train_loss run=0 interval=1 step=1099 loss=1.03172
train_loss run=0 interval=1 step=1100 loss=1.11775
train_loss run=0 interval=1 step=1101 loss=1.08854
train_loss run=0 interval=1 step=1102 loss=1.09148
train_loss run=0 interval=1 step=1103 loss=1.06901
train_loss run=0 interval=1 step=1104 loss=1.10073
train_loss run=0 interval=1 step=1105 loss=1.0262
train_loss run=0 interval=1 step=1106 loss=1.14432
train_loss run=0 interval=1 step=1107 loss=1.09511
train_loss run=0 interval=1 step=1108 loss=1.13442
train_loss run=0 interval=1 step=1109 loss=1.11697
train_loss run=0 interval=1 step=1110 loss=1.03945
train_loss run=0 interval=1 step=1111 loss=1.05158
train_loss run=0 interval=1 step=1112 loss=1.12684
train_loss run=0 interval=1 step=1113 loss=1.18831
train_loss run=0 interval=1 step=1114 loss=1.0616
train_loss run=0 interval=1 step=1115 loss=1.06266
train_loss run=0 interval=1 step=1116 loss=1.08346
train_loss run=0 interval=1 step=1117 loss=1.03696
train_loss run=0 interval=1 step=1118 loss=1.09052
train_loss run=0 interval=1 step=1119 loss=1.09573
train_loss run=0 interval=1 step=1120 loss=1.06382
train_loss run=0 interval=1 step=1121 loss=1.07244
train_loss run=0 interval=1 step=1122 loss=1.14375
train_loss run=0 interval=1 step=1123 loss=1.05514
train_loss run=0 interval=1 step=1124 loss=1.12788
train_loss run=0 interval=1 step=1125 loss=1.0653
train_loss run=0 interval=1 step=1126 loss=1.06678
train_loss run=0 interval=1 step=1127 loss=1.05307
train_loss run=0 interval=1 step=1128 loss=1.08656
train_loss run=0 interval=1 step=1129 loss=1.04111
train_loss run=0 interval=1 step=1130 loss=1.07439
train_loss run=0 interval=1 step=1131 loss=1.05228
train_loss run=0 interval=1 step=1132 loss=1.0771
train_loss run=0 interval=1 step=1133 loss=1.1278
train_loss run=0 interval=1 step=1134 loss=1.21702
train_loss run=0 interval=1 step=1135 loss=1.07298
train_loss run=0 interval=1 step=1136 loss=1.08623
train_loss run=0 interval=1 step=1137 loss=1.10845
train_loss run=0 interval=1 step=1138 loss=1.11774
train_loss run=0 interval=1 step=1139 loss=1.04643
train_loss run=0 interval=1 step=1140 loss=1.08564
train_loss run=0 interval=1 step=1141 loss=1.13183
train_loss run=0 interval=1 step=1142 loss=1.07892
train_loss run=0 interval=1 step=1143 loss=1.11394
train_loss run=0 interval=1 step=1144 loss=1.11221
train_loss run=0 interval=1 step=1145 loss=1.09538
train_loss run=0 interval=1 step=1146 loss=1.0844
train_loss run=0 interval=1 step=1147 loss=1.09521
train_loss run=0 interval=1 step=1148 loss=1.03635
train_loss run=0 interval=1 step=1149 loss=1.04582
train_loss run=0 interval=1 step=1150 loss=1.07623
train_loss run=0 interval=1 step=1151 loss=1.09205
train_loss run=0 interval=1 step=1152 loss=1.02946
train_loss run=0 interval=1 step=1153 loss=1.08013
train_loss run=0 interval=1 step=1154 loss=1.16424
train_loss run=0 interval=1 step=1155 loss=1.07196
train_loss run=0 interval=1 step=1156 loss=1.0765
train_loss run=0 interval=1 step=1157 loss=1.0636
train_loss run=0 interval=1 step=1158 loss=1.21302
train_loss run=0 interval=1 step=1159 loss=1.16615
train_loss run=0 interval=1 step=1160 loss=1.17076
train_loss run=0 interval=1 step=1161 loss=1.08656
train_loss run=0 interval=1 step=1162 loss=1.12861
train_loss run=0 interval=1 step=1163 loss=1.02893
train_loss run=0 interval=1 step=1164 loss=1.1292
train_loss run=0 interval=1 step=1165 loss=1.13048
train_loss run=0 interval=1 step=1166 loss=1.02785
train_loss run=0 interval=1 step=1167 loss=1.10644
train_loss run=0 interval=1 step=1168 loss=1.06576
train_loss run=0 interval=1 step=1169 loss=1.16188
train_loss run=0 interval=1 step=1170 loss=1.15719
train_loss run=0 interval=1 step=1171 loss=1.13629
train_loss run=0 interval=1 step=1172 loss=1.10135
train_loss run=0 interval=1 step=1173 loss=1.05818
train_loss run=0 interval=1 step=1174 loss=1.06393
train_loss run=0 interval=1 step=1175 loss=1.0806
train_loss run=0 interval=1 step=1176 loss=1.04645
train_loss run=0 interval=1 step=1177 loss=1.08937
train_loss run=0 interval=1 step=1178 loss=1.12289
train_loss run=0 interval=1 step=1179 loss=1.04217
train_loss run=0 interval=1 step=1180 loss=1.09479
train_loss run=0 interval=1 step=1181 loss=1.10569
train_loss run=0 interval=1 step=1182 loss=1.12189
train_loss run=0 interval=1 step=1183 loss=1.0497
train_loss run=0 interval=1 step=1184 loss=1.05056
train_loss run=0 interval=1 step=1185 loss=1.10434
train_loss run=0 interval=1 step=1186 loss=1.04947
train_loss run=0 interval=1 step=1187 loss=1.09886
train_loss run=0 interval=1 step=1188 loss=1.07456
train_loss run=0 interval=1 step=1189 loss=1.10917
train_loss run=0 interval=1 step=1190 loss=1.15396
train_loss run=0 interval=1 step=1191 loss=1.14478
train_loss run=0 interval=1 step=1192 loss=1.06083
train_loss run=0 interval=1 step=1193 loss=1.11528
train_loss run=0 interval=1 step=1194 loss=1.13255
train_loss run=0 interval=1 step=1195 loss=1.1077
train_loss run=0 interval=1 step=1196 loss=1.02466
train_loss run=0 interval=1 step=1197 loss=1.08208
train_loss run=0 interval=1 step=1198 loss=1.12545
train_loss run=0 interval=1 step=1199 loss=1.10307
train_loss run=0 interval=1 step=1200 loss=1.09093
train_loss run=0 interval=1 step=1201 loss=1.03444
train_loss run=0 interval=1 step=1202 loss=1.04114
train_loss run=0 interval=1 step=1203 loss=1.11619
train_loss run=0 interval=1 step=1204 loss=1.01891
train_loss run=0 interval=1 step=1205 loss=1.00471
train_loss run=0 interval=1 step=1206 loss=1.11576
train_loss run=0 interval=1 step=1207 loss=1.02422
train_loss run=0 interval=1 step=1208 loss=1.09004
train_loss run=0 interval=1 step=1209 loss=1.0276
train_loss run=0 interval=1 step=1210 loss=1.06919
train_loss run=0 interval=1 step=1211 loss=1.05552
train_loss run=0 interval=1 step=1212 loss=1.06455
train_loss run=0 interval=1 step=1213 loss=1.0883
train_loss run=0 interval=1 step=1214 loss=1.01185
train_loss run=0 interval=1 step=1215 loss=1.05331
train_loss run=0 interval=1 step=1216 loss=1.11298
train_loss run=0 interval=1 step=1217 loss=1.03718
train_loss run=0 interval=1 step=1218 loss=1.0748
train_loss run=0 interval=1 step=1219 loss=1.07157
train_loss run=0 interval=1 step=1220 loss=1.06579
train_loss run=0 interval=1 step=1221 loss=1.04434
train_loss run=0 interval=1 step=1222 loss=1.07424
train_loss run=0 interval=1 step=1223 loss=1.09083
train_loss run=0 interval=1 step=1224 loss=1.08351
train_loss run=0 interval=1 step=1225 loss=1.0482
train_loss run=0 interval=1 step=1226 loss=1.04646
train_loss run=0 interval=1 step=1227 loss=1.08234
train_loss run=0 interval=1 step=1228 loss=1.08242
train_loss run=0 interval=1 step=1229 loss=1.03647
train_loss run=0 interval=1 step=1230 loss=1.0598
train_loss run=0 interval=1 step=1231 loss=1.04249
train_loss run=0 interval=1 step=1232 loss=1.04892
train_loss run=0 interval=1 step=1233 loss=1.0424
train_loss run=0 interval=1 step=1234 loss=1.09356
train_loss run=0 interval=1 step=1235 loss=1.11731
train_loss run=0 interval=1 step=1236 loss=0.999056
train_loss run=0 interval=1 step=1237 loss=1.07816
train_loss run=0 interval=1 step=1238 loss=1.01283
train_loss run=0 interval=1 step=1239 loss=1.04435
train_loss run=0 interval=1 step=1240 loss=1.05861
train_loss run=0 interval=1 step=1241 loss=1.05905
train_loss run=0 interval=1 step=1242 loss=1.02506
train_loss run=0 interval=1 step=1243 loss=1.14618
train_loss run=0 interval=1 step=1244 loss=0.974656
train_loss run=0 interval=1 step=1245 loss=1.05534
train_loss run=0 interval=1 step=1246 loss=1.06759
train_loss run=0 interval=1 step=1247 loss=1.05943
train_loss run=0 interval=1 step=1248 loss=1.0679
train_loss run=0 interval=1 step=1249 loss=1.08482
train_loss run=0 interval=1 step=1250 loss=1.05484
train_loss run=0 interval=1 step=1251 loss=0.997484
train_loss run=0 interval=1 step=1252 loss=1.03818
train_loss run=0 interval=1 step=1253 loss=1.11839
train_loss run=0 interval=1 step=1254 loss=1.0617
train_loss run=0 interval=1 step=1255 loss=1.00024
train_loss run=0 interval=1 step=1256 loss=1.0852
train_loss run=0 interval=1 step=1257 loss=1.03917
train_loss run=0 interval=1 step=1258 loss=1.0658
train_loss run=0 interval=1 step=1259 loss=1.08479
train_loss run=0 interval=1 step=1260 loss=1.07533
train_loss run=0 interval=1 step=1261 loss=0.999221
train_loss run=0 interval=1 step=1262 loss=1.03679
train_loss run=0 interval=1 step=1263 loss=1.07351
train_loss run=0 interval=1 step=1264 loss=1.09461
train_loss run=0 interval=1 step=1265 loss=1.05291
train_loss run=0 interval=1 step=1266 loss=1.02475
train_loss run=0 interval=1 step=1267 loss=1.04034
train_loss run=0 interval=1 step=1268 loss=1.03807
train_loss run=0 interval=1 step=1269 loss=1.07874
train_loss run=0 interval=1 step=1270 loss=1.09324
train_loss run=0 interval=1 step=1271 loss=0.985577
train_loss run=0 interval=1 step=1272 loss=1.1002
train_loss run=0 interval=1 step=1273 loss=1.07326
train_loss run=0 interval=1 step=1274 loss=1.02456
train_loss run=0 interval=1 step=1275 loss=1.00897
train_loss run=0 interval=1 step=1276 loss=1.00653
train_loss run=0 interval=1 step=1277 loss=1.06761
train_loss run=0 interval=1 step=1278 loss=1.06292
train_loss run=0 interval=1 step=1279 loss=1.04688
train_loss run=0 interval=1 step=1280 loss=0.992831
interval_boundary_eval run=0 interval=1 step=1280 total_steps=3200 tta_val_acc=0.9048
search run=0 interval=2 phase=baseline metric=tta_val_acc
main hparams: conv.initial_lr=0.024 conv.momentum=0.5 main=0.9069
search_path step=0 conv.initial_lr=0.024 conv.momentum=0.5 tta_val_acc=0.9069
search run=0 interval=2 phase=cooldown metric=tta_val_acc
main hparams: conv.initial_lr=0.024 conv.momentum=0.5
conv.initial_lr=0.0052 -> tta_val_acc=0.9335
conv.initial_lr=0.0031 -> tta_val_acc=0.9326
conv.initial_lr=0.0087 -> tta_val_acc=0.9315
search_path step=0 conv.initial_lr=0.0052 tta_val_acc=0.9335
search run=0 interval=2 phase=main metric=tta_val_acc
cooldown hparams: conv.initial_lr=0.0052
main hparams: conv.initial_lr=0.024 conv.momentum=0.5 best_cooldown=0.9335
main hparams: conv.initial_lr=0.014 conv.momentum=0.5 best_cooldown=0.9327
main hparams: conv.initial_lr=0.04 conv.momentum=0.5 best_cooldown=0.9269
main hparams: conv.initial_lr=0.024 conv.momentum=0.4 best_cooldown=0.9312
main hparams: conv.initial_lr=0.024 conv.momentum=0.6 best_cooldown=0.9292
search_path step=0 conv.initial_lr=0.024 conv.momentum=0.5 tta_val_acc=0.9335
train_hparams run=0 interval=2 start_step=1280 completed_steps=640 total_steps=3200 conv.initial_lr=0.024 conv.momentum=0.5
train_loss run=0 interval=2 step=1281 loss=1.02634
train_loss run=0 interval=2 step=1282 loss=1.09448
train_loss run=0 interval=2 step=1283 loss=1.05922
train_loss run=0 interval=2 step=1284 loss=1.02966
train_loss run=0 interval=2 step=1285 loss=1.0024
train_loss run=0 interval=2 step=1286 loss=1.12383
train_loss run=0 interval=2 step=1287 loss=1.05715
train_loss run=0 interval=2 step=1288 loss=1.04721
train_loss run=0 interval=2 step=1289 loss=1.11445
train_loss run=0 interval=2 step=1290 loss=1.05763
train_loss run=0 interval=2 step=1291 loss=1.12736
train_loss run=0 interval=2 step=1292 loss=1.04127
train_loss run=0 interval=2 step=1293 loss=0.989611
train_loss run=0 interval=2 step=1294 loss=1.03832
train_loss run=0 interval=2 step=1295 loss=1.02156
train_loss run=0 interval=2 step=1296 loss=1.02917
train_loss run=0 interval=2 step=1297 loss=1.06541
train_loss run=0 interval=2 step=1298 loss=1.03829
train_loss run=0 interval=2 step=1299 loss=1.04714
train_loss run=0 interval=2 step=1300 loss=1.0859
train_loss run=0 interval=2 step=1301 loss=1.07036
train_loss run=0 interval=2 step=1302 loss=1.09488
train_loss run=0 interval=2 step=1303 loss=1.0422
train_loss run=0 interval=2 step=1304 loss=1.09232
train_loss run=0 interval=2 step=1305 loss=1.02299
train_loss run=0 interval=2 step=1306 loss=1.0583
train_loss run=0 interval=2 step=1307 loss=1.18036
train_loss run=0 interval=2 step=1308 loss=1.07502
train_loss run=0 interval=2 step=1309 loss=1.04338
train_loss run=0 interval=2 step=1310 loss=1.02209
train_loss run=0 interval=2 step=1311 loss=1.06126
train_loss run=0 interval=2 step=1312 loss=1.04024
train_loss run=0 interval=2 step=1313 loss=1.09562
train_loss run=0 interval=2 step=1314 loss=1.14295
train_loss run=0 interval=2 step=1315 loss=1.08133
train_loss run=0 interval=2 step=1316 loss=1.01604
train_loss run=0 interval=2 step=1317 loss=1.03241
train_loss run=0 interval=2 step=1318 loss=1.00489
train_loss run=0 interval=2 step=1319 loss=1.04887
train_loss run=0 interval=2 step=1320 loss=1.08226
train_loss run=0 interval=2 step=1321 loss=1.11289
train_loss run=0 interval=2 step=1322 loss=1.06099
train_loss run=0 interval=2 step=1323 loss=1.02885
train_loss run=0 interval=2 step=1324 loss=1.03842
train_loss run=0 interval=2 step=1325 loss=1.05191
train_loss run=0 interval=2 step=1326 loss=1.1247
train_loss run=0 interval=2 step=1327 loss=1.10869
train_loss run=0 interval=2 step=1328 loss=1.03978
train_loss run=0 interval=2 step=1329 loss=1.11059
train_loss run=0 interval=2 step=1330 loss=1.06769
train_loss run=0 interval=2 step=1331 loss=1.08621
train_loss run=0 interval=2 step=1332 loss=1.10169
train_loss run=0 interval=2 step=1333 loss=1.07071
train_loss run=0 interval=2 step=1334 loss=1.06207
train_loss run=0 interval=2 step=1335 loss=1.08365
train_loss run=0 interval=2 step=1336 loss=1.01599
train_loss run=0 interval=2 step=1337 loss=1.06203
train_loss run=0 interval=2 step=1338 loss=1.09373
train_loss run=0 interval=2 step=1339 loss=1.04246
train_loss run=0 interval=2 step=1340 loss=1.02056
train_loss run=0 interval=2 step=1341 loss=1.08358
train_loss run=0 interval=2 step=1342 loss=1.07798
train_loss run=0 interval=2 step=1343 loss=1.07294
train_loss run=0 interval=2 step=1344 loss=1.03534
train_loss run=0 interval=2 step=1345 loss=1.09684
train_loss run=0 interval=2 step=1346 loss=1.04378
train_loss run=0 interval=2 step=1347 loss=1.08118
train_loss run=0 interval=2 step=1348 loss=1.08215
train_loss run=0 interval=2 step=1349 loss=1.13037
train_loss run=0 interval=2 step=1350 loss=1.11089
train_loss run=0 interval=2 step=1351 loss=1.05201
train_loss run=0 interval=2 step=1352 loss=1.10156
train_loss run=0 interval=2 step=1353 loss=1.13114
train_loss run=0 interval=2 step=1354 loss=1.06333
train_loss run=0 interval=2 step=1355 loss=1.08152
train_loss run=0 interval=2 step=1356 loss=1.06719
train_loss run=0 interval=2 step=1357 loss=1.0678
train_loss run=0 interval=2 step=1358 loss=1.08536
train_loss run=0 interval=2 step=1359 loss=1.05245
train_loss run=0 interval=2 step=1360 loss=1.03686
train_loss run=0 interval=2 step=1361 loss=1.0913
train_loss run=0 interval=2 step=1362 loss=1.07393
train_loss run=0 interval=2 step=1363 loss=1.10483
train_loss run=0 interval=2 step=1364 loss=1.04163
train_loss run=0 interval=2 step=1365 loss=0.967324
train_loss run=0 interval=2 step=1366 loss=1.08001
train_loss run=0 interval=2 step=1367 loss=1.01157
train_loss run=0 interval=2 step=1368 loss=1.0461
train_loss run=0 interval=2 step=1369 loss=1.0576
train_loss run=0 interval=2 step=1370 loss=1.04721
train_loss run=0 interval=2 step=1371 loss=1.08695
train_loss run=0 interval=2 step=1372 loss=1.06307
train_loss run=0 interval=2 step=1373 loss=1.02458
train_loss run=0 interval=2 step=1374 loss=1.06371
train_loss run=0 interval=2 step=1375 loss=1.04199
train_loss run=0 interval=2 step=1376 loss=1.03015
train_loss run=0 interval=2 step=1377 loss=1.05904
train_loss run=0 interval=2 step=1378 loss=1.1061
train_loss run=0 interval=2 step=1379 loss=1.06562
train_loss run=0 interval=2 step=1380 loss=1.14063
train_loss run=0 interval=2 step=1381 loss=1.01397
train_loss run=0 interval=2 step=1382 loss=1.12605
train_loss run=0 interval=2 step=1383 loss=0.995449
train_loss run=0 interval=2 step=1384 loss=1.03213
train_loss run=0 interval=2 step=1385 loss=1.036
train_loss run=0 interval=2 step=1386 loss=1.058
train_loss run=0 interval=2 step=1387 loss=1.04853
train_loss run=0 interval=2 step=1388 loss=1.13515
train_loss run=0 interval=2 step=1389 loss=1.04576
train_loss run=0 interval=2 step=1390 loss=1.04765
train_loss run=0 interval=2 step=1391 loss=1.02931
train_loss run=0 interval=2 step=1392 loss=1.06323
train_loss run=0 interval=2 step=1393 loss=1.07586
train_loss run=0 interval=2 step=1394 loss=1.10712
train_loss run=0 interval=2 step=1395 loss=1.09523
train_loss run=0 interval=2 step=1396 loss=1.03033
train_loss run=0 interval=2 step=1397 loss=1.08177
train_loss run=0 interval=2 step=1398 loss=1.03202
train_loss run=0 interval=2 step=1399 loss=1.05912
train_loss run=0 interval=2 step=1400 loss=1.11376
train_loss run=0 interval=2 step=1401 loss=1.03162
train_loss run=0 interval=2 step=1402 loss=1.0633
train_loss run=0 interval=2 step=1403 loss=1.06344
train_loss run=0 interval=2 step=1404 loss=1.08274
train_loss run=0 interval=2 step=1405 loss=1.05689
train_loss run=0 interval=2 step=1406 loss=1.08662
train_loss run=0 interval=2 step=1407 loss=1.05244
train_loss run=0 interval=2 step=1408 loss=1.10553
train_loss run=0 interval=2 step=1409 loss=1.07936
train_loss run=0 interval=2 step=1410 loss=1.00665
train_loss run=0 interval=2 step=1411 loss=1.09415
train_loss run=0 interval=2 step=1412 loss=1.05197
train_loss run=0 interval=2 step=1413 loss=1.0259
train_loss run=0 interval=2 step=1414 loss=1.03676
train_loss run=0 interval=2 step=1415 loss=1.05615
train_loss run=0 interval=2 step=1416 loss=1.05358
train_loss run=0 interval=2 step=1417 loss=1.03935
train_loss run=0 interval=2 step=1418 loss=1.08235
train_loss run=0 interval=2 step=1419 loss=1.03057
train_loss run=0 interval=2 step=1420 loss=1.01067
train_loss run=0 interval=2 step=1421 loss=1.09907
train_loss run=0 interval=2 step=1422 loss=1.06646
train_loss run=0 interval=2 step=1423 loss=1.05429
train_loss run=0 interval=2 step=1424 loss=1.03768
train_loss run=0 interval=2 step=1425 loss=1.05552
train_loss run=0 interval=2 step=1426 loss=1.08682
train_loss run=0 interval=2 step=1427 loss=1.09832
train_loss run=0 interval=2 step=1428 loss=0.979721
train_loss run=0 interval=2 step=1429 loss=1.07933
train_loss run=0 interval=2 step=1430 loss=1.10849
train_loss run=0 interval=2 step=1431 loss=1.02728
train_loss run=0 interval=2 step=1432 loss=1.08321
train_loss run=0 interval=2 step=1433 loss=1.09964
train_loss run=0 interval=2 step=1434 loss=1.0596
train_loss run=0 interval=2 step=1435 loss=1.08964
train_loss run=0 interval=2 step=1436 loss=1.05914
train_loss run=0 interval=2 step=1437 loss=1.06523
train_loss run=0 interval=2 step=1438 loss=1.04978
train_loss run=0 interval=2 step=1439 loss=1.10702
train_loss run=0 interval=2 step=1440 loss=1.07534
train_loss run=0 interval=2 step=1441 loss=1.06054
train_loss run=0 interval=2 step=1442 loss=1.08582
train_loss run=0 interval=2 step=1443 loss=1.03349
train_loss run=0 interval=2 step=1444 loss=1.09746
train_loss run=0 interval=2 step=1445 loss=1.02392
train_loss run=0 interval=2 step=1446 loss=1.01226
train_loss run=0 interval=2 step=1447 loss=1.07619
train_loss run=0 interval=2 step=1448 loss=1.02807
train_loss run=0 interval=2 step=1449 loss=1.07713
train_loss run=0 interval=2 step=1450 loss=1.0689
train_loss run=0 interval=2 step=1451 loss=1.0478
train_loss run=0 interval=2 step=1452 loss=1.11057
train_loss run=0 interval=2 step=1453 loss=1.05846
train_loss run=0 interval=2 step=1454 loss=1.07958
train_loss run=0 interval=2 step=1455 loss=1.06964
train_loss run=0 interval=2 step=1456 loss=1.01148
train_loss run=0 interval=2 step=1457 loss=1.05201
train_loss run=0 interval=2 step=1458 loss=1.10132
train_loss run=0 interval=2 step=1459 loss=1.08911
train_loss run=0 interval=2 step=1460 loss=1.07031
train_loss run=0 interval=2 step=1461 loss=1.03031
train_loss run=0 interval=2 step=1462 loss=1.0778
train_loss run=0 interval=2 step=1463 loss=1.04489
train_loss run=0 interval=2 step=1464 loss=1.04356
train_loss run=0 interval=2 step=1465 loss=1.04826
train_loss run=0 interval=2 step=1466 loss=1.06971
train_loss run=0 interval=2 step=1467 loss=1.06606
train_loss run=0 interval=2 step=1468 loss=1.0116
train_loss run=0 interval=2 step=1469 loss=1.03696
train_loss run=0 interval=2 step=1470 loss=1.07855
train_loss run=0 interval=2 step=1471 loss=1.0421
train_loss run=0 interval=2 step=1472 loss=1.02215
train_loss run=0 interval=2 step=1473 loss=1.03874
train_loss run=0 interval=2 step=1474 loss=1.03442
train_loss run=0 interval=2 step=1475 loss=1.14004
train_loss run=0 interval=2 step=1476 loss=1.0994
train_loss run=0 interval=2 step=1477 loss=1.04986
train_loss run=0 interval=2 step=1478 loss=1.0441
train_loss run=0 interval=2 step=1479 loss=1.08786
train_loss run=0 interval=2 step=1480 loss=1.12551
train_loss run=0 interval=2 step=1481 loss=1.07477
train_loss run=0 interval=2 step=1482 loss=1.0529
train_loss run=0 interval=2 step=1483 loss=1.06318
train_loss run=0 interval=2 step=1484 loss=1.04988
train_loss run=0 interval=2 step=1485 loss=1.02996
train_loss run=0 interval=2 step=1486 loss=1.10156
train_loss run=0 interval=2 step=1487 loss=1.03337
train_loss run=0 interval=2 step=1488 loss=1.02423
train_loss run=0 interval=2 step=1489 loss=1.04444
train_loss run=0 interval=2 step=1490 loss=1.09691
train_loss run=0 interval=2 step=1491 loss=1.047
train_loss run=0 interval=2 step=1492 loss=1.06555
train_loss run=0 interval=2 step=1493 loss=1.18183
train_loss run=0 interval=2 step=1494 loss=1.03816
train_loss run=0 interval=2 step=1495 loss=1.07603
train_loss run=0 interval=2 step=1496 loss=1.0111
train_loss run=0 interval=2 step=1497 loss=0.995785
train_loss run=0 interval=2 step=1498 loss=1.05639
train_loss run=0 interval=2 step=1499 loss=1.18956
train_loss run=0 interval=2 step=1500 loss=1.06001
train_loss run=0 interval=2 step=1501 loss=1.07436
train_loss run=0 interval=2 step=1502 loss=1.08698
train_loss run=0 interval=2 step=1503 loss=1.1203
train_loss run=0 interval=2 step=1504 loss=1.02938
train_loss run=0 interval=2 step=1505 loss=1.12562
train_loss run=0 interval=2 step=1506 loss=1.06229
train_loss run=0 interval=2 step=1507 loss=1.03147
train_loss run=0 interval=2 step=1508 loss=1.08418
train_loss run=0 interval=2 step=1509 loss=1.0709
train_loss run=0 interval=2 step=1510 loss=1.05739
train_loss run=0 interval=2 step=1511 loss=1.08607
train_loss run=0 interval=2 step=1512 loss=1.17798
train_loss run=0 interval=2 step=1513 loss=1.05042
train_loss run=0 interval=2 step=1514 loss=1.08438
train_loss run=0 interval=2 step=1515 loss=1.11173
train_loss run=0 interval=2 step=1516 loss=1.14469
train_loss run=0 interval=2 step=1517 loss=1.05589
train_loss run=0 interval=2 step=1518 loss=1.09711
train_loss run=0 interval=2 step=1519 loss=1.01042
train_loss run=0 interval=2 step=1520 loss=1.05123
train_loss run=0 interval=2 step=1521 loss=1.08431
train_loss run=0 interval=2 step=1522 loss=1.04746
train_loss run=0 interval=2 step=1523 loss=1.08193
train_loss run=0 interval=2 step=1524 loss=1.05918
train_loss run=0 interval=2 step=1525 loss=1.07393
train_loss run=0 interval=2 step=1526 loss=1.06467
train_loss run=0 interval=2 step=1527 loss=1.03499
train_loss run=0 interval=2 step=1528 loss=1.06015
train_loss run=0 interval=2 step=1529 loss=1.10125
train_loss run=0 interval=2 step=1530 loss=1.07647
train_loss run=0 interval=2 step=1531 loss=1.05017
train_loss run=0 interval=2 step=1532 loss=1.04038
train_loss run=0 interval=2 step=1533 loss=1.03187
train_loss run=0 interval=2 step=1534 loss=1.09416
train_loss run=0 interval=2 step=1535 loss=1.06047
train_loss run=0 interval=2 step=1536 loss=1.0883
train_loss run=0 interval=2 step=1537 loss=1.081
train_loss run=0 interval=2 step=1538 loss=1.052
train_loss run=0 interval=2 step=1539 loss=1.07332
train_loss run=0 interval=2 step=1540 loss=1.04047
train_loss run=0 interval=2 step=1541 loss=1.08813
train_loss run=0 interval=2 step=1542 loss=1.02236
train_loss run=0 interval=2 step=1543 loss=1.05727
train_loss run=0 interval=2 step=1544 loss=1.05968
train_loss run=0 interval=2 step=1545 loss=1.04872
train_loss run=0 interval=2 step=1546 loss=1.03973
train_loss run=0 interval=2 step=1547 loss=1.00754
train_loss run=0 interval=2 step=1548 loss=1.02445
train_loss run=0 interval=2 step=1549 loss=1.04097
train_loss run=0 interval=2 step=1550 loss=1.06072
train_loss run=0 interval=2 step=1551 loss=1.07024
train_loss run=0 interval=2 step=1552 loss=1.10768
train_loss run=0 interval=2 step=1553 loss=1.02324
train_loss run=0 interval=2 step=1554 loss=1.0869
train_loss run=0 interval=2 step=1555 loss=1.09541
train_loss run=0 interval=2 step=1556 loss=1.08596
train_loss run=0 interval=2 step=1557 loss=1.05806
train_loss run=0 interval=2 step=1558 loss=1.09539
train_loss run=0 interval=2 step=1559 loss=1.0591
train_loss run=0 interval=2 step=1560 loss=1.03976
train_loss run=0 interval=2 step=1561 loss=1.03275
train_loss run=0 interval=2 step=1562 loss=1.05558
train_loss run=0 interval=2 step=1563 loss=1.09249
train_loss run=0 interval=2 step=1564 loss=1.12903
train_loss run=0 interval=2 step=1565 loss=1.04324
train_loss run=0 interval=2 step=1566 loss=1.05599
train_loss run=0 interval=2 step=1567 loss=1.07759
train_loss run=0 interval=2 step=1568 loss=1.01993
train_loss run=0 interval=2 step=1569 loss=1.11181
train_loss run=0 interval=2 step=1570 loss=1.09315
train_loss run=0 interval=2 step=1571 loss=1.07841
train_loss run=0 interval=2 step=1572 loss=1.11432
train_loss run=0 interval=2 step=1573 loss=1.03894
train_loss run=0 interval=2 step=1574 loss=1.05133
train_loss run=0 interval=2 step=1575 loss=1.09853
train_loss run=0 interval=2 step=1576 loss=1.0926
train_loss run=0 interval=2 step=1577 loss=1.03979
train_loss run=0 interval=2 step=1578 loss=1.10367
train_loss run=0 interval=2 step=1579 loss=1.03765
train_loss run=0 interval=2 step=1580 loss=1.07075
train_loss run=0 interval=2 step=1581 loss=1.07132
train_loss run=0 interval=2 step=1582 loss=1.07249
train_loss run=0 interval=2 step=1583 loss=1.06319
train_loss run=0 interval=2 step=1584 loss=1.08909
train_loss run=0 interval=2 step=1585 loss=1.06104
train_loss run=0 interval=2 step=1586 loss=1.05396
train_loss run=0 interval=2 step=1587 loss=0.995843
train_loss run=0 interval=2 step=1588 loss=1.04148
train_loss run=0 interval=2 step=1589 loss=1.11308
train_loss run=0 interval=2 step=1590 loss=1.01595
train_loss run=0 interval=2 step=1591 loss=1.09864
train_loss run=0 interval=2 step=1592 loss=1.11452
train_loss run=0 interval=2 step=1593 loss=1.16709
train_loss run=0 interval=2 step=1594 loss=1.03787
train_loss run=0 interval=2 step=1595 loss=1.05858
train_loss run=0 interval=2 step=1596 loss=1.121
train_loss run=0 interval=2 step=1597 loss=1.08957
train_loss run=0 interval=2 step=1598 loss=1.03031
train_loss run=0 interval=2 step=1599 loss=1.05713
train_loss run=0 interval=2 step=1600 loss=1.01103
train_loss run=0 interval=2 step=1601 loss=1.04581
train_loss run=0 interval=2 step=1602 loss=1.09168
train_loss run=0 interval=2 step=1603 loss=1.03181
train_loss run=0 interval=2 step=1604 loss=1.02527
train_loss run=0 interval=2 step=1605 loss=1.03405
train_loss run=0 interval=2 step=1606 loss=1.0705
train_loss run=0 interval=2 step=1607 loss=0.996528
train_loss run=0 interval=2 step=1608 loss=1.08809
train_loss run=0 interval=2 step=1609 loss=1.04335
train_loss run=0 interval=2 step=1610 loss=1.08671
train_loss run=0 interval=2 step=1611 loss=0.998613
train_loss run=0 interval=2 step=1612 loss=1.03579
train_loss run=0 interval=2 step=1613 loss=1.03855
train_loss run=0 interval=2 step=1614 loss=1.04575
train_loss run=0 interval=2 step=1615 loss=1.06093
train_loss run=0 interval=2 step=1616 loss=1.0309
train_loss run=0 interval=2 step=1617 loss=1.00237
train_loss run=0 interval=2 step=1618 loss=1.00823
train_loss run=0 interval=2 step=1619 loss=1.00035
train_loss run=0 interval=2 step=1620 loss=1.0379
train_loss run=0 interval=2 step=1621 loss=1.09475
train_loss run=0 interval=2 step=1622 loss=1.05256
train_loss run=0 interval=2 step=1623 loss=1.019
train_loss run=0 interval=2 step=1624 loss=1.0987
train_loss run=0 interval=2 step=1625 loss=0.973746
train_loss run=0 interval=2 step=1626 loss=1.04224
train_loss run=0 interval=2 step=1627 loss=1.08537
train_loss run=0 interval=2 step=1628 loss=1.06946
train_loss run=0 interval=2 step=1629 loss=1.04606
train_loss run=0 interval=2 step=1630 loss=1.04898
train_loss run=0 interval=2 step=1631 loss=1.19419
train_loss run=0 interval=2 step=1632 loss=1.01028
train_loss run=0 interval=2 step=1633 loss=1.00237
train_loss run=0 interval=2 step=1634 loss=1.04713
train_loss run=0 interval=2 step=1635 loss=1.04729
train_loss run=0 interval=2 step=1636 loss=1.00394
train_loss run=0 interval=2 step=1637 loss=1.07319
train_loss run=0 interval=2 step=1638 loss=1.1069
train_loss run=0 interval=2 step=1639 loss=1.0135
train_loss run=0 interval=2 step=1640 loss=0.998884
train_loss run=0 interval=2 step=1641 loss=1.0567
train_loss run=0 interval=2 step=1642 loss=1.03367
train_loss run=0 interval=2 step=1643 loss=1.08036
train_loss run=0 interval=2 step=1644 loss=1.01209
train_loss run=0 interval=2 step=1645 loss=1.00359
train_loss run=0 interval=2 step=1646 loss=1.06127
train_loss run=0 interval=2 step=1647 loss=1.0246
train_loss run=0 interval=2 step=1648 loss=1.06954
train_loss run=0 interval=2 step=1649 loss=1.01302
train_loss run=0 interval=2 step=1650 loss=1.04254
train_loss run=0 interval=2 step=1651 loss=1.04262
train_loss run=0 interval=2 step=1652 loss=1.0434
train_loss run=0 interval=2 step=1653 loss=1.07284
train_loss run=0 interval=2 step=1654 loss=1.01319
train_loss run=0 interval=2 step=1655 loss=1.07272
train_loss run=0 interval=2 step=1656 loss=1.03517
train_loss run=0 interval=2 step=1657 loss=1.06892
train_loss run=0 interval=2 step=1658 loss=1.07119
train_loss run=0 interval=2 step=1659 loss=1.05135
train_loss run=0 interval=2 step=1660 loss=1.05033
train_loss run=0 interval=2 step=1661 loss=1.00986
train_loss run=0 interval=2 step=1662 loss=1.04927
train_loss run=0 interval=2 step=1663 loss=1.01341
train_loss run=0 interval=2 step=1664 loss=1.06377
train_loss run=0 interval=2 step=1665 loss=0.957287
train_loss run=0 interval=2 step=1666 loss=1.01949
train_loss run=0 interval=2 step=1667 loss=0.999369
train_loss run=0 interval=2 step=1668 loss=0.991822
train_loss run=0 interval=2 step=1669 loss=1.12504
train_loss run=0 interval=2 step=1670 loss=1.05625
train_loss run=0 interval=2 step=1671 loss=1.03383
train_loss run=0 interval=2 step=1672 loss=1.01014
train_loss run=0 interval=2 step=1673 loss=1.02775
train_loss run=0 interval=2 step=1674 loss=1.04499
train_loss run=0 interval=2 step=1675 loss=1.04283
train_loss run=0 interval=2 step=1676 loss=1.01301
train_loss run=0 interval=2 step=1677 loss=1.01057
train_loss run=0 interval=2 step=1678 loss=1.09257
train_loss run=0 interval=2 step=1679 loss=1.06909
train_loss run=0 interval=2 step=1680 loss=1.00945
train_loss run=0 interval=2 step=1681 loss=1.06224
train_loss run=0 interval=2 step=1682 loss=1.05963
train_loss run=0 interval=2 step=1683 loss=1.0801
train_loss run=0 interval=2 step=1684 loss=1.0618
train_loss run=0 interval=2 step=1685 loss=1.15
train_loss run=0 interval=2 step=1686 loss=1.0347
train_loss run=0 interval=2 step=1687 loss=1.06375
train_loss run=0 interval=2 step=1688 loss=1.01246
train_loss run=0 interval=2 step=1689 loss=1.01594
train_loss run=0 interval=2 step=1690 loss=1.09248
train_loss run=0 interval=2 step=1691 loss=1.01612
train_loss run=0 interval=2 step=1692 loss=1.07186
train_loss run=0 interval=2 step=1693 loss=1.02001
train_loss run=0 interval=2 step=1694 loss=1.13938
train_loss run=0 interval=2 step=1695 loss=1.06133
train_loss run=0 interval=2 step=1696 loss=1.09423
train_loss run=0 interval=2 step=1697 loss=1.05176
train_loss run=0 interval=2 step=1698 loss=1.08723
train_loss run=0 interval=2 step=1699 loss=1.04283
train_loss run=0 interval=2 step=1700 loss=1.02849
train_loss run=0 interval=2 step=1701 loss=0.984763
train_loss run=0 interval=2 step=1702 loss=1.03038
train_loss run=0 interval=2 step=1703 loss=1.06682
train_loss run=0 interval=2 step=1704 loss=1.02586
train_loss run=0 interval=2 step=1705 loss=1.02802
train_loss run=0 interval=2 step=1706 loss=1.03301
train_loss run=0 interval=2 step=1707 loss=1.02833
train_loss run=0 interval=2 step=1708 loss=0.988863
train_loss run=0 interval=2 step=1709 loss=1.02589
train_loss run=0 interval=2 step=1710 loss=1.09068
train_loss run=0 interval=2 step=1711 loss=1.03875
train_loss run=0 interval=2 step=1712 loss=1.04193
train_loss run=0 interval=2 step=1713 loss=1.02387
train_loss run=0 interval=2 step=1714 loss=0.9636
train_loss run=0 interval=2 step=1715 loss=1.06068
train_loss run=0 interval=2 step=1716 loss=1.06447
train_loss run=0 interval=2 step=1717 loss=1.02681
train_loss run=0 interval=2 step=1718 loss=1.04804
train_loss run=0 interval=2 step=1719 loss=1.03454
train_loss run=0 interval=2 step=1720 loss=1.01813
train_loss run=0 interval=2 step=1721 loss=1.14445
train_loss run=0 interval=2 step=1722 loss=0.99244
train_loss run=0 interval=2 step=1723 loss=1.12443
train_loss run=0 interval=2 step=1724 loss=1.05192
train_loss run=0 interval=2 step=1725 loss=1.04221
train_loss run=0 interval=2 step=1726 loss=1.02183
train_loss run=0 interval=2 step=1727 loss=1.04192
train_loss run=0 interval=2 step=1728 loss=1.03045
train_loss run=0 interval=2 step=1729 loss=1.01618
train_loss run=0 interval=2 step=1730 loss=1.04436
train_loss run=0 interval=2 step=1731 loss=1.03401
train_loss run=0 interval=2 step=1732 loss=1.08115
train_loss run=0 interval=2 step=1733 loss=1.02865
train_loss run=0 interval=2 step=1734 loss=1.02255
train_loss run=0 interval=2 step=1735 loss=1.08505
train_loss run=0 interval=2 step=1736 loss=1.06696
train_loss run=0 interval=2 step=1737 loss=1.06924
train_loss run=0 interval=2 step=1738 loss=1.03916
train_loss run=0 interval=2 step=1739 loss=1.01184
train_loss run=0 interval=2 step=1740 loss=1.0827
train_loss run=0 interval=2 step=1741 loss=1.067
train_loss run=0 interval=2 step=1742 loss=1.05687
train_loss run=0 interval=2 step=1743 loss=1.05072
train_loss run=0 interval=2 step=1744 loss=1.06457
train_loss run=0 interval=2 step=1745 loss=1.06192
train_loss run=0 interval=2 step=1746 loss=1.11865
train_loss run=0 interval=2 step=1747 loss=1.04463
train_loss run=0 interval=2 step=1748 loss=1.019
train_loss run=0 interval=2 step=1749 loss=1.02399
train_loss run=0 interval=2 step=1750 loss=1.16609
train_loss run=0 interval=2 step=1751 loss=1.04415
train_loss run=0 interval=2 step=1752 loss=1.04823
train_loss run=0 interval=2 step=1753 loss=1.0254
train_loss run=0 interval=2 step=1754 loss=1.12909
train_loss run=0 interval=2 step=1755 loss=1.00161
train_loss run=0 interval=2 step=1756 loss=1.04637
train_loss run=0 interval=2 step=1757 loss=1.05663
train_loss run=0 interval=2 step=1758 loss=1.04862
train_loss run=0 interval=2 step=1759 loss=1.00057
train_loss run=0 interval=2 step=1760 loss=1.03193
train_loss run=0 interval=2 step=1761 loss=1.05428
train_loss run=0 interval=2 step=1762 loss=1.02467
train_loss run=0 interval=2 step=1763 loss=1.05873
train_loss run=0 interval=2 step=1764 loss=1.04812
train_loss run=0 interval=2 step=1765 loss=1.02148
train_loss run=0 interval=2 step=1766 loss=1.03743
train_loss run=0 interval=2 step=1767 loss=1.0846
train_loss run=0 interval=2 step=1768 loss=1.02169
train_loss run=0 interval=2 step=1769 loss=1.06807
train_loss run=0 interval=2 step=1770 loss=1.03889
train_loss run=0 interval=2 step=1771 loss=1.0245
train_loss run=0 interval=2 step=1772 loss=1.02589
train_loss run=0 interval=2 step=1773 loss=1.05712
train_loss run=0 interval=2 step=1774 loss=0.993527
train_loss run=0 interval=2 step=1775 loss=1.06639
train_loss run=0 interval=2 step=1776 loss=1.09705
train_loss run=0 interval=2 step=1777 loss=1.00898
train_loss run=0 interval=2 step=1778 loss=1.02287
train_loss run=0 interval=2 step=1779 loss=1.06191
train_loss run=0 interval=2 step=1780 loss=1.02689
train_loss run=0 interval=2 step=1781 loss=1.04013
train_loss run=0 interval=2 step=1782 loss=1.05666
train_loss run=0 interval=2 step=1783 loss=1.03793
train_loss run=0 interval=2 step=1784 loss=0.998455
train_loss run=0 interval=2 step=1785 loss=1.05976
train_loss run=0 interval=2 step=1786 loss=1.05383
train_loss run=0 interval=2 step=1787 loss=1.03084
train_loss run=0 interval=2 step=1788 loss=1.0216
train_loss run=0 interval=2 step=1789 loss=1.04355
train_loss run=0 interval=2 step=1790 loss=1.01141
train_loss run=0 interval=2 step=1791 loss=1.10313
train_loss run=0 interval=2 step=1792 loss=1.04057
train_loss run=0 interval=2 step=1793 loss=1.07815
train_loss run=0 interval=2 step=1794 loss=1.00563
train_loss run=0 interval=2 step=1795 loss=1.05823
train_loss run=0 interval=2 step=1796 loss=0.999891
train_loss run=0 interval=2 step=1797 loss=1.04899
train_loss run=0 interval=2 step=1798 loss=1.00631
train_loss run=0 interval=2 step=1799 loss=1.02646
train_loss run=0 interval=2 step=1800 loss=1.0464
train_loss run=0 interval=2 step=1801 loss=1.08572
train_loss run=0 interval=2 step=1802 loss=1.12192
train_loss run=0 interval=2 step=1803 loss=1.07786
train_loss run=0 interval=2 step=1804 loss=1.09563
train_loss run=0 interval=2 step=1805 loss=1.04934
train_loss run=0 interval=2 step=1806 loss=1.13275
train_loss run=0 interval=2 step=1807 loss=1.04608
train_loss run=0 interval=2 step=1808 loss=1.01635
train_loss run=0 interval=2 step=1809 loss=1.0121
train_loss run=0 interval=2 step=1810 loss=1.07596
train_loss run=0 interval=2 step=1811 loss=1.11189
train_loss run=0 interval=2 step=1812 loss=1.04228
train_loss run=0 interval=2 step=1813 loss=1.00634
train_loss run=0 interval=2 step=1814 loss=1.0253
train_loss run=0 interval=2 step=1815 loss=1.13488
train_loss run=0 interval=2 step=1816 loss=1.05293
train_loss run=0 interval=2 step=1817 loss=1.02875
train_loss run=0 interval=2 step=1818 loss=1.048
train_loss run=0 interval=2 step=1819 loss=1.10772
train_loss run=0 interval=2 step=1820 loss=1.04067
train_loss run=0 interval=2 step=1821 loss=1.02775
train_loss run=0 interval=2 step=1822 loss=1.0786
train_loss run=0 interval=2 step=1823 loss=1.09863
train_loss run=0 interval=2 step=1824 loss=1.02913
train_loss run=0 interval=2 step=1825 loss=1.04651
train_loss run=0 interval=2 step=1826 loss=0.999858
train_loss run=0 interval=2 step=1827 loss=1.08001
train_loss run=0 interval=2 step=1828 loss=0.977597
train_loss run=0 interval=2 step=1829 loss=0.964732
train_loss run=0 interval=2 step=1830 loss=1.10011
train_loss run=0 interval=2 step=1831 loss=1.00689
train_loss run=0 interval=2 step=1832 loss=1.02417
train_loss run=0 interval=2 step=1833 loss=1.08549
train_loss run=0 interval=2 step=1834 loss=1.03664
train_loss run=0 interval=2 step=1835 loss=1.05642
train_loss run=0 interval=2 step=1836 loss=1.0512
train_loss run=0 interval=2 step=1837 loss=1.01453
train_loss run=0 interval=2 step=1838 loss=1.01603
train_loss run=0 interval=2 step=1839 loss=1.03833
train_loss run=0 interval=2 step=1840 loss=1.11643
train_loss run=0 interval=2 step=1841 loss=1.00319
train_loss run=0 interval=2 step=1842 loss=1.03362
train_loss run=0 interval=2 step=1843 loss=1.00762
train_loss run=0 interval=2 step=1844 loss=1.00466
train_loss run=0 interval=2 step=1845 loss=1.083
train_loss run=0 interval=2 step=1846 loss=1.10411
train_loss run=0 interval=2 step=1847 loss=1.08361
train_loss run=0 interval=2 step=1848 loss=1.06521
train_loss run=0 interval=2 step=1849 loss=1.05878
train_loss run=0 interval=2 step=1850 loss=1.0299
train_loss run=0 interval=2 step=1851 loss=1.1292
train_loss run=0 interval=2 step=1852 loss=1.09104
train_loss run=0 interval=2 step=1853 loss=1.11464
train_loss run=0 interval=2 step=1854 loss=1.03715
train_loss run=0 interval=2 step=1855 loss=1.02583
train_loss run=0 interval=2 step=1856 loss=1.04586
train_loss run=0 interval=2 step=1857 loss=1.03529
train_loss run=0 interval=2 step=1858 loss=1.05465
train_loss run=0 interval=2 step=1859 loss=1.05403
train_loss run=0 interval=2 step=1860 loss=1.04568
train_loss run=0 interval=2 step=1861 loss=1.03033
train_loss run=0 interval=2 step=1862 loss=1.02516
train_loss run=0 interval=2 step=1863 loss=1.0398
train_loss run=0 interval=2 step=1864 loss=1.01434
train_loss run=0 interval=2 step=1865 loss=1.07656
train_loss run=0 interval=2 step=1866 loss=1.02585
train_loss run=0 interval=2 step=1867 loss=1.05191
train_loss run=0 interval=2 step=1868 loss=1.06219
train_loss run=0 interval=2 step=1869 loss=1.06561
train_loss run=0 interval=2 step=1870 loss=1.04301
train_loss run=0 interval=2 step=1871 loss=1.03287
train_loss run=0 interval=2 step=1872 loss=1.05721
train_loss run=0 interval=2 step=1873 loss=1.03193
train_loss run=0 interval=2 step=1874 loss=0.975798
train_loss run=0 interval=2 step=1875 loss=1.01469
train_loss run=0 interval=2 step=1876 loss=1.0514
train_loss run=0 interval=2 step=1877 loss=1.02733
train_loss run=0 interval=2 step=1878 loss=1.08966
train_loss run=0 interval=2 step=1879 loss=1.02524
train_loss run=0 interval=2 step=1880 loss=1.05112
train_loss run=0 interval=2 step=1881 loss=1.02072
train_loss run=0 interval=2 step=1882 loss=1.02265
train_loss run=0 interval=2 step=1883 loss=1.00875
train_loss run=0 interval=2 step=1884 loss=0.986515
train_loss run=0 interval=2 step=1885 loss=1.06031
train_loss run=0 interval=2 step=1886 loss=1.09025
train_loss run=0 interval=2 step=1887 loss=1.02249
train_loss run=0 interval=2 step=1888 loss=1.01453
train_loss run=0 interval=2 step=1889 loss=1.07233
train_loss run=0 interval=2 step=1890 loss=1.08124
train_loss run=0 interval=2 step=1891 loss=1.03159
train_loss run=0 interval=2 step=1892 loss=1.04099
train_loss run=0 interval=2 step=1893 loss=1.10569
train_loss run=0 interval=2 step=1894 loss=1.10032
train_loss run=0 interval=2 step=1895 loss=1.04903
train_loss run=0 interval=2 step=1896 loss=1.01051
train_loss run=0 interval=2 step=1897 loss=1.00438
train_loss run=0 interval=2 step=1898 loss=1.05025
train_loss run=0 interval=2 step=1899 loss=1.08174
train_loss run=0 interval=2 step=1900 loss=1.0475
train_loss run=0 interval=2 step=1901 loss=1.11128
train_loss run=0 interval=2 step=1902 loss=1.03967
train_loss run=0 interval=2 step=1903 loss=1.0514
train_loss run=0 interval=2 step=1904 loss=1.01947
train_loss run=0 interval=2 step=1905 loss=1.03224
train_loss run=0 interval=2 step=1906 loss=1.03344
train_loss run=0 interval=2 step=1907 loss=0.985777
train_loss run=0 interval=2 step=1908 loss=1.04507
train_loss run=0 interval=2 step=1909 loss=1.04742
train_loss run=0 interval=2 step=1910 loss=1.04574
train_loss run=0 interval=2 step=1911 loss=1.0144
train_loss run=0 interval=2 step=1912 loss=1.03565
train_loss run=0 interval=2 step=1913 loss=1.06784
train_loss run=0 interval=2 step=1914 loss=1.05826
train_loss run=0 interval=2 step=1915 loss=1.04652
train_loss run=0 interval=2 step=1916 loss=0.985255
train_loss run=0 interval=2 step=1917 loss=1.03947
train_loss run=0 interval=2 step=1918 loss=1.01688
train_loss run=0 interval=2 step=1919 loss=1.08134
train_loss run=0 interval=2 step=1920 loss=1.05623
interval_boundary_eval run=0 interval=2 step=1920 total_steps=3200 tta_val_acc=0.9069
search run=0 interval=3 phase=baseline metric=tta_val_acc
main hparams: conv.initial_lr=0.024 conv.momentum=0.5 main=0.9153
search_path step=0 conv.initial_lr=0.024 conv.momentum=0.5 tta_val_acc=0.9153
search run=0 interval=3 phase=cooldown metric=tta_val_acc
main hparams: conv.initial_lr=0.024 conv.momentum=0.5
conv.initial_lr=0.0052 -> tta_val_acc=0.9354
conv.initial_lr=0.0031 -> tta_val_acc=0.9351
conv.initial_lr=0.0087 -> tta_val_acc=0.935
search_path step=0 conv.initial_lr=0.0052 tta_val_acc=0.9354
search run=0 interval=3 phase=main metric=tta_val_acc
cooldown hparams: conv.initial_lr=0.0052
main hparams: conv.initial_lr=0.024 conv.momentum=0.5 best_cooldown=0.9354
main hparams: conv.initial_lr=0.014 conv.momentum=0.5 best_cooldown=0.9368
main hparams: conv.initial_lr=0.0086 conv.momentum=0.5 best_cooldown=0.9353
main hparams: conv.initial_lr=0.014 conv.momentum=0.4 best_cooldown=0.9349
main hparams: conv.initial_lr=0.014 conv.momentum=0.6 best_cooldown=0.9342
main hparams: conv.initial_lr=0.0084 conv.momentum=0.5 best_cooldown=0.9358
main hparams: conv.initial_lr=0.023 conv.momentum=0.5 best_cooldown=0.9343
search_path step=0 conv.initial_lr=0.024 conv.momentum=0.5 tta_val_acc=0.9354
search_path step=1 conv.initial_lr=0.014 conv.momentum=0.5 tta_val_acc=0.9368
search run=0 interval=3 phase=cooldown metric=tta_val_acc
main hparams: conv.initial_lr=0.014 conv.momentum=0.5
conv.initial_lr=0.0052 -> tta_val_acc=0.9368
conv.initial_lr=0.0031 -> tta_val_acc=0.9365
conv.initial_lr=0.0087 -> tta_val_acc=0.9347
search_path step=0 conv.initial_lr=0.0052 tta_val_acc=0.9368
train_hparams run=0 interval=3 start_step=1920 completed_steps=640 total_steps=3200 conv.initial_lr=0.014 conv.momentum=0.5
train_loss run=0 interval=3 step=1921 loss=1.10265
train_loss run=0 interval=3 step=1922 loss=1.05961
train_loss run=0 interval=3 step=1923 loss=1.07923
train_loss run=0 interval=3 step=1924 loss=1.03429
train_loss run=0 interval=3 step=1925 loss=1.0624
train_loss run=0 interval=3 step=1926 loss=1.00197
train_loss run=0 interval=3 step=1927 loss=1.03165
train_loss run=0 interval=3 step=1928 loss=1.05462
train_loss run=0 interval=3 step=1929 loss=1.03667
train_loss run=0 interval=3 step=1930 loss=1.06521
train_loss run=0 interval=3 step=1931 loss=1.05303
train_loss run=0 interval=3 step=1932 loss=1.01692
train_loss run=0 interval=3 step=1933 loss=1.03253
train_loss run=0 interval=3 step=1934 loss=1.08575
train_loss run=0 interval=3 step=1935 loss=1.06755
train_loss run=0 interval=3 step=1936 loss=1.06086
train_loss run=0 interval=3 step=1937 loss=1.08522
train_loss run=0 interval=3 step=1938 loss=1.04877
train_loss run=0 interval=3 step=1939 loss=1.01647
train_loss run=0 interval=3 step=1940 loss=1.074
train_loss run=0 interval=3 step=1941 loss=1.01782
train_loss run=0 interval=3 step=1942 loss=0.977829
train_loss run=0 interval=3 step=1943 loss=1.01285
train_loss run=0 interval=3 step=1944 loss=1.02126
train_loss run=0 interval=3 step=1945 loss=1.03777
train_loss run=0 interval=3 step=1946 loss=1.03379
train_loss run=0 interval=3 step=1947 loss=1.00715
train_loss run=0 interval=3 step=1948 loss=1.04089
train_loss run=0 interval=3 step=1949 loss=1.10487
train_loss run=0 interval=3 step=1950 loss=1.09125
train_loss run=0 interval=3 step=1951 loss=1.08263
train_loss run=0 interval=3 step=1952 loss=1.03989
train_loss run=0 interval=3 step=1953 loss=1.05955
train_loss run=0 interval=3 step=1954 loss=0.999499
train_loss run=0 interval=3 step=1955 loss=1.0317
train_loss run=0 interval=3 step=1956 loss=1.03678
train_loss run=0 interval=3 step=1957 loss=1.01969
train_loss run=0 interval=3 step=1958 loss=1.06374
train_loss run=0 interval=3 step=1959 loss=1.02132
train_loss run=0 interval=3 step=1960 loss=1.02833
train_loss run=0 interval=3 step=1961 loss=1.04739
train_loss run=0 interval=3 step=1962 loss=1.01896
train_loss run=0 interval=3 step=1963 loss=0.971971
train_loss run=0 interval=3 step=1964 loss=1.00641
train_loss run=0 interval=3 step=1965 loss=1.02161
train_loss run=0 interval=3 step=1966 loss=1.00949
train_loss run=0 interval=3 step=1967 loss=1.02222
train_loss run=0 interval=3 step=1968 loss=1.03822
train_loss run=0 interval=3 step=1969 loss=1.00971
train_loss run=0 interval=3 step=1970 loss=1.03346
train_loss run=0 interval=3 step=1971 loss=1.10678
train_loss run=0 interval=3 step=1972 loss=1.11691
train_loss run=0 interval=3 step=1973 loss=1.04648
train_loss run=0 interval=3 step=1974 loss=1.02186
train_loss run=0 interval=3 step=1975 loss=1.04217
train_loss run=0 interval=3 step=1976 loss=1.00945
train_loss run=0 interval=3 step=1977 loss=1.01473
train_loss run=0 interval=3 step=1978 loss=1.12285
train_loss run=0 interval=3 step=1979 loss=1.08163
train_loss run=0 interval=3 step=1980 loss=1.04534
train_loss run=0 interval=3 step=1981 loss=1.0116
train_loss run=0 interval=3 step=1982 loss=1.07287
train_loss run=0 interval=3 step=1983 loss=1.10079
train_loss run=0 interval=3 step=1984 loss=1.09585
train_loss run=0 interval=3 step=1985 loss=1.02014
train_loss run=0 interval=3 step=1986 loss=0.982747
train_loss run=0 interval=3 step=1987 loss=1.02637
train_loss run=0 interval=3 step=1988 loss=1.00476
train_loss run=0 interval=3 step=1989 loss=1.0014
train_loss run=0 interval=3 step=1990 loss=0.979171
train_loss run=0 interval=3 step=1991 loss=1.02356
train_loss run=0 interval=3 step=1992 loss=0.966217
train_loss run=0 interval=3 step=1993 loss=0.985727
train_loss run=0 interval=3 step=1994 loss=1.04289
train_loss run=0 interval=3 step=1995 loss=1.0204
train_loss run=0 interval=3 step=1996 loss=1.01516
train_loss run=0 interval=3 step=1997 loss=1.08433
train_loss run=0 interval=3 step=1998 loss=1.03172
train_loss run=0 interval=3 step=1999 loss=1.02751
train_loss run=0 interval=3 step=2000 loss=0.988334
train_loss run=0 interval=3 step=2001 loss=1.02414
train_loss run=0 interval=3 step=2002 loss=1.02118
train_loss run=0 interval=3 step=2003 loss=0.96087
train_loss run=0 interval=3 step=2004 loss=0.978092
train_loss run=0 interval=3 step=2005 loss=1.04269
train_loss run=0 interval=3 step=2006 loss=1.0346
train_loss run=0 interval=3 step=2007 loss=1.01479
train_loss run=0 interval=3 step=2008 loss=1.02904
train_loss run=0 interval=3 step=2009 loss=0.962282
train_loss run=0 interval=3 step=2010 loss=1.01524
train_loss run=0 interval=3 step=2011 loss=1.00928
train_loss run=0 interval=3 step=2012 loss=1.01707
train_loss run=0 interval=3 step=2013 loss=1.06117
train_loss run=0 interval=3 step=2014 loss=0.989853
train_loss run=0 interval=3 step=2015 loss=1.05595
train_loss run=0 interval=3 step=2016 loss=0.969164
train_loss run=0 interval=3 step=2017 loss=1.01675
train_loss run=0 interval=3 step=2018 loss=0.991115
train_loss run=0 interval=3 step=2019 loss=1.01206
train_loss run=0 interval=3 step=2020 loss=1.01047
train_loss run=0 interval=3 step=2021 loss=1.02891
train_loss run=0 interval=3 step=2022 loss=1.00495
train_loss run=0 interval=3 step=2023 loss=1.00117
train_loss run=0 interval=3 step=2024 loss=0.966031
train_loss run=0 interval=3 step=2025 loss=1.02775
train_loss run=0 interval=3 step=2026 loss=0.99239
train_loss run=0 interval=3 step=2027 loss=1.00667
train_loss run=0 interval=3 step=2028 loss=0.977472
train_loss run=0 interval=3 step=2029 loss=1.01486
train_loss run=0 interval=3 step=2030 loss=0.970107
train_loss run=0 interval=3 step=2031 loss=0.995449
train_loss run=0 interval=3 step=2032 loss=0.964115
train_loss run=0 interval=3 step=2033 loss=0.968304
train_loss run=0 interval=3 step=2034 loss=0.935871
train_loss run=0 interval=3 step=2035 loss=1.02554
train_loss run=0 interval=3 step=2036 loss=1.00569
train_loss run=0 interval=3 step=2037 loss=1.01441
train_loss run=0 interval=3 step=2038 loss=1.01863
train_loss run=0 interval=3 step=2039 loss=0.95593
train_loss run=0 interval=3 step=2040 loss=1.01466
train_loss run=0 interval=3 step=2041 loss=0.977494
train_loss run=0 interval=3 step=2042 loss=0.997422
train_loss run=0 interval=3 step=2043 loss=1.01541
train_loss run=0 interval=3 step=2044 loss=0.98365
train_loss run=0 interval=3 step=2045 loss=1.01055
train_loss run=0 interval=3 step=2046 loss=1.04072
train_loss run=0 interval=3 step=2047 loss=1.03968
train_loss run=0 interval=3 step=2048 loss=1.01606
train_loss run=0 interval=3 step=2049 loss=0.993323
train_loss run=0 interval=3 step=2050 loss=1.06033
train_loss run=0 interval=3 step=2051 loss=1.07127
train_loss run=0 interval=3 step=2052 loss=0.991487
train_loss run=0 interval=3 step=2053 loss=1.0608
train_loss run=0 interval=3 step=2054 loss=0.947398
train_loss run=0 interval=3 step=2055 loss=1.00272
train_loss run=0 interval=3 step=2056 loss=0.999168
train_loss run=0 interval=3 step=2057 loss=1.04516
train_loss run=0 interval=3 step=2058 loss=1.01674
train_loss run=0 interval=3 step=2059 loss=1.02441
train_loss run=0 interval=3 step=2060 loss=1.0352
train_loss run=0 interval=3 step=2061 loss=0.974005
train_loss run=0 interval=3 step=2062 loss=0.989546
train_loss run=0 interval=3 step=2063 loss=0.988832
train_loss run=0 interval=3 step=2064 loss=0.995557
train_loss run=0 interval=3 step=2065 loss=1.00549
train_loss run=0 interval=3 step=2066 loss=1.03941
train_loss run=0 interval=3 step=2067 loss=0.998417
train_loss run=0 interval=3 step=2068 loss=1.03779
train_loss run=0 interval=3 step=2069 loss=0.975466
train_loss run=0 interval=3 step=2070 loss=0.985927
train_loss run=0 interval=3 step=2071 loss=1.01255
train_loss run=0 interval=3 step=2072 loss=0.969193
train_loss run=0 interval=3 step=2073 loss=0.993753
train_loss run=0 interval=3 step=2074 loss=0.989035
train_loss run=0 interval=3 step=2075 loss=0.974297
train_loss run=0 interval=3 step=2076 loss=1.02722
train_loss run=0 interval=3 step=2077 loss=0.959766
train_loss run=0 interval=3 step=2078 loss=1.00693
train_loss run=0 interval=3 step=2079 loss=0.975264
train_loss run=0 interval=3 step=2080 loss=1.00743
train_loss run=0 interval=3 step=2081 loss=1.00842
train_loss run=0 interval=3 step=2082 loss=1.00543
train_loss run=0 interval=3 step=2083 loss=1.04965
train_loss run=0 interval=3 step=2084 loss=0.988969
train_loss run=0 interval=3 step=2085 loss=0.964374
train_loss run=0 interval=3 step=2086 loss=1.03404
train_loss run=0 interval=3 step=2087 loss=0.978194
train_loss run=0 interval=3 step=2088 loss=0.993641
train_loss run=0 interval=3 step=2089 loss=1.0272
train_loss run=0 interval=3 step=2090 loss=1.03061
train_loss run=0 interval=3 step=2091 loss=1.03707
train_loss run=0 interval=3 step=2092 loss=0.98358
train_loss run=0 interval=3 step=2093 loss=0.990398
train_loss run=0 interval=3 step=2094 loss=0.998033
train_loss run=0 interval=3 step=2095 loss=0.976034
train_loss run=0 interval=3 step=2096 loss=0.990471
train_loss run=0 interval=3 step=2097 loss=0.969028
train_loss run=0 interval=3 step=2098 loss=1.0202
train_loss run=0 interval=3 step=2099 loss=0.982766
train_loss run=0 interval=3 step=2100 loss=0.977288
train_loss run=0 interval=3 step=2101 loss=0.990248
train_loss run=0 interval=3 step=2102 loss=0.980146
train_loss run=0 interval=3 step=2103 loss=1.00794
train_loss run=0 interval=3 step=2104 loss=1.02926
train_loss run=0 interval=3 step=2105 loss=1.01781
train_loss run=0 interval=3 step=2106 loss=1.05608
train_loss run=0 interval=3 step=2107 loss=1.01059
train_loss run=0 interval=3 step=2108 loss=0.990882
train_loss run=0 interval=3 step=2109 loss=1.05093
train_loss run=0 interval=3 step=2110 loss=0.980679
train_loss run=0 interval=3 step=2111 loss=0.976986
train_loss run=0 interval=3 step=2112 loss=1.0091
train_loss run=0 interval=3 step=2113 loss=0.957162
train_loss run=0 interval=3 step=2114 loss=0.985468
train_loss run=0 interval=3 step=2115 loss=1.00256
train_loss run=0 interval=3 step=2116 loss=0.983306
train_loss run=0 interval=3 step=2117 loss=0.977433
train_loss run=0 interval=3 step=2118 loss=1.01013
train_loss run=0 interval=3 step=2119 loss=0.963812
train_loss run=0 interval=3 step=2120 loss=1.01419
train_loss run=0 interval=3 step=2121 loss=1.0702
train_loss run=0 interval=3 step=2122 loss=0.9995
train_loss run=0 interval=3 step=2123 loss=1.02261
train_loss run=0 interval=3 step=2124 loss=0.999509
train_loss run=0 interval=3 step=2125 loss=1.01082
train_loss run=0 interval=3 step=2126 loss=1.03511
train_loss run=0 interval=3 step=2127 loss=1.01384
train_loss run=0 interval=3 step=2128 loss=1.0325
train_loss run=0 interval=3 step=2129 loss=1.01383
train_loss run=0 interval=3 step=2130 loss=0.956593
train_loss run=0 interval=3 step=2131 loss=0.993737
train_loss run=0 interval=3 step=2132 loss=0.949255
train_loss run=0 interval=3 step=2133 loss=1.00495
train_loss run=0 interval=3 step=2134 loss=0.996066
train_loss run=0 interval=3 step=2135 loss=0.957007
train_loss run=0 interval=3 step=2136 loss=1.00683
train_loss run=0 interval=3 step=2137 loss=0.938287
train_loss run=0 interval=3 step=2138 loss=0.965519
train_loss run=0 interval=3 step=2139 loss=0.999848
train_loss run=0 interval=3 step=2140 loss=0.977342
train_loss run=0 interval=3 step=2141 loss=1.05535
train_loss run=0 interval=3 step=2142 loss=0.987944
train_loss run=0 interval=3 step=2143 loss=1.01573
train_loss run=0 interval=3 step=2144 loss=0.989208
train_loss run=0 interval=3 step=2145 loss=0.986347
train_loss run=0 interval=3 step=2146 loss=1.03556
train_loss run=0 interval=3 step=2147 loss=0.971535
train_loss run=0 interval=3 step=2148 loss=1.00116
train_loss run=0 interval=3 step=2149 loss=1.00763
train_loss run=0 interval=3 step=2150 loss=0.972184
train_loss run=0 interval=3 step=2151 loss=0.986054
train_loss run=0 interval=3 step=2152 loss=1.00442
train_loss run=0 interval=3 step=2153 loss=0.98136
train_loss run=0 interval=3 step=2154 loss=0.968805
train_loss run=0 interval=3 step=2155 loss=0.999316
train_loss run=0 interval=3 step=2156 loss=0.998412
train_loss run=0 interval=3 step=2157 loss=1.00576
train_loss run=0 interval=3 step=2158 loss=0.988753
train_loss run=0 interval=3 step=2159 loss=0.978217
train_loss run=0 interval=3 step=2160 loss=1.03207
train_loss run=0 interval=3 step=2161 loss=0.98099
train_loss run=0 interval=3 step=2162 loss=1.01581
train_loss run=0 interval=3 step=2163 loss=1.0624
train_loss run=0 interval=3 step=2164 loss=1.00933
train_loss run=0 interval=3 step=2165 loss=1.04403
train_loss run=0 interval=3 step=2166 loss=1.04511
train_loss run=0 interval=3 step=2167 loss=0.954907
train_loss run=0 interval=3 step=2168 loss=0.965413
train_loss run=0 interval=3 step=2169 loss=1.01939
train_loss run=0 interval=3 step=2170 loss=1.08585
train_loss run=0 interval=3 step=2171 loss=0.982343
train_loss run=0 interval=3 step=2172 loss=0.974548
train_loss run=0 interval=3 step=2173 loss=1.02856
train_loss run=0 interval=3 step=2174 loss=1.0079
train_loss run=0 interval=3 step=2175 loss=0.99531
train_loss run=0 interval=3 step=2176 loss=1.0353
train_loss run=0 interval=3 step=2177 loss=1.04545
train_loss run=0 interval=3 step=2178 loss=1.02187
train_loss run=0 interval=3 step=2179 loss=1.00951
train_loss run=0 interval=3 step=2180 loss=1.00197
train_loss run=0 interval=3 step=2181 loss=1.00346
train_loss run=0 interval=3 step=2182 loss=0.953201
train_loss run=0 interval=3 step=2183 loss=1.00898
train_loss run=0 interval=3 step=2184 loss=0.969906
train_loss run=0 interval=3 step=2185 loss=1.0168
train_loss run=0 interval=3 step=2186 loss=0.997777
train_loss run=0 interval=3 step=2187 loss=0.962401
train_loss run=0 interval=3 step=2188 loss=0.990758
train_loss run=0 interval=3 step=2189 loss=1.01576
train_loss run=0 interval=3 step=2190 loss=1.0035
train_loss run=0 interval=3 step=2191 loss=1.01219
train_loss run=0 interval=3 step=2192 loss=0.978256
train_loss run=0 interval=3 step=2193 loss=0.974587
train_loss run=0 interval=3 step=2194 loss=0.976174
train_loss run=0 interval=3 step=2195 loss=0.989161
train_loss run=0 interval=3 step=2196 loss=0.950408
train_loss run=0 interval=3 step=2197 loss=1.00125
train_loss run=0 interval=3 step=2198 loss=0.9986
train_loss run=0 interval=3 step=2199 loss=0.96305
train_loss run=0 interval=3 step=2200 loss=1.00632
train_loss run=0 interval=3 step=2201 loss=0.937038
train_loss run=0 interval=3 step=2202 loss=0.994117
train_loss run=0 interval=3 step=2203 loss=0.963407
train_loss run=0 interval=3 step=2204 loss=1.00802
train_loss run=0 interval=3 step=2205 loss=0.976861
train_loss run=0 interval=3 step=2206 loss=0.996203
train_loss run=0 interval=3 step=2207 loss=0.981969
train_loss run=0 interval=3 step=2208 loss=0.972937
train_loss run=0 interval=3 step=2209 loss=1.02958
train_loss run=0 interval=3 step=2210 loss=1.02687
train_loss run=0 interval=3 step=2211 loss=0.970193
train_loss run=0 interval=3 step=2212 loss=0.956492
train_loss run=0 interval=3 step=2213 loss=0.997562
train_loss run=0 interval=3 step=2214 loss=0.966287
train_loss run=0 interval=3 step=2215 loss=0.990467
train_loss run=0 interval=3 step=2216 loss=0.982643
train_loss run=0 interval=3 step=2217 loss=0.976295
train_loss run=0 interval=3 step=2218 loss=1.00917
train_loss run=0 interval=3 step=2219 loss=0.979598
train_loss run=0 interval=3 step=2220 loss=1.03955
train_loss run=0 interval=3 step=2221 loss=0.990269
train_loss run=0 interval=3 step=2222 loss=1.01005
train_loss run=0 interval=3 step=2223 loss=0.974493
train_loss run=0 interval=3 step=2224 loss=0.965367
train_loss run=0 interval=3 step=2225 loss=1.00241
train_loss run=0 interval=3 step=2226 loss=0.981617
train_loss run=0 interval=3 step=2227 loss=0.992278
train_loss run=0 interval=3 step=2228 loss=1.00879
train_loss run=0 interval=3 step=2229 loss=0.953009
train_loss run=0 interval=3 step=2230 loss=1.02364
train_loss run=0 interval=3 step=2231 loss=0.981304
train_loss run=0 interval=3 step=2232 loss=0.961167
train_loss run=0 interval=3 step=2233 loss=0.993604
train_loss run=0 interval=3 step=2234 loss=0.974975
train_loss run=0 interval=3 step=2235 loss=0.998345
train_loss run=0 interval=3 step=2236 loss=1.04345
train_loss run=0 interval=3 step=2237 loss=0.981572
train_loss run=0 interval=3 step=2238 loss=0.998577
train_loss run=0 interval=3 step=2239 loss=1.01808
train_loss run=0 interval=3 step=2240 loss=0.949787
train_loss run=0 interval=3 step=2241 loss=1.02749
train_loss run=0 interval=3 step=2242 loss=1.00065
train_loss run=0 interval=3 step=2243 loss=1.00525
train_loss run=0 interval=3 step=2244 loss=0.991381
train_loss run=0 interval=3 step=2245 loss=0.99099
train_loss run=0 interval=3 step=2246 loss=0.996477
train_loss run=0 interval=3 step=2247 loss=0.967541
train_loss run=0 interval=3 step=2248 loss=1.02694
train_loss run=0 interval=3 step=2249 loss=0.960281
train_loss run=0 interval=3 step=2250 loss=1.01775
train_loss run=0 interval=3 step=2251 loss=1.00424
train_loss run=0 interval=3 step=2252 loss=1.00966
train_loss run=0 interval=3 step=2253 loss=0.964819
train_loss run=0 interval=3 step=2254 loss=0.9478
train_loss run=0 interval=3 step=2255 loss=0.993555
train_loss run=0 interval=3 step=2256 loss=0.967149
train_loss run=0 interval=3 step=2257 loss=1.04902
train_loss run=0 interval=3 step=2258 loss=1.03825
train_loss run=0 interval=3 step=2259 loss=0.97705
train_loss run=0 interval=3 step=2260 loss=0.965532
train_loss run=0 interval=3 step=2261 loss=1.03188
train_loss run=0 interval=3 step=2262 loss=1.00017
train_loss run=0 interval=3 step=2263 loss=0.983698
train_loss run=0 interval=3 step=2264 loss=0.984848
train_loss run=0 interval=3 step=2265 loss=0.977365
train_loss run=0 interval=3 step=2266 loss=0.990615
train_loss run=0 interval=3 step=2267 loss=0.980694
train_loss run=0 interval=3 step=2268 loss=1.02134
train_loss run=0 interval=3 step=2269 loss=0.988501
train_loss run=0 interval=3 step=2270 loss=0.988591
train_loss run=0 interval=3 step=2271 loss=1.06292
train_loss run=0 interval=3 step=2272 loss=1.04201
train_loss run=0 interval=3 step=2273 loss=1.02923
train_loss run=0 interval=3 step=2274 loss=1.00901
train_loss run=0 interval=3 step=2275 loss=1.03874
train_loss run=0 interval=3 step=2276 loss=1.03083
train_loss run=0 interval=3 step=2277 loss=0.963026
train_loss run=0 interval=3 step=2278 loss=1.01493
train_loss run=0 interval=3 step=2279 loss=0.988045
train_loss run=0 interval=3 step=2280 loss=1.05416
train_loss run=0 interval=3 step=2281 loss=0.950299
train_loss run=0 interval=3 step=2282 loss=1.03627
train_loss run=0 interval=3 step=2283 loss=0.970943
train_loss run=0 interval=3 step=2284 loss=1.0847
train_loss run=0 interval=3 step=2285 loss=1.0112
train_loss run=0 interval=3 step=2286 loss=1.02869
train_loss run=0 interval=3 step=2287 loss=0.977625
train_loss run=0 interval=3 step=2288 loss=0.966271
train_loss run=0 interval=3 step=2289 loss=0.965252
train_loss run=0 interval=3 step=2290 loss=0.993769
train_loss run=0 interval=3 step=2291 loss=1.03113
train_loss run=0 interval=3 step=2292 loss=1.02196
train_loss run=0 interval=3 step=2293 loss=1.02467
train_loss run=0 interval=3 step=2294 loss=0.968446
train_loss run=0 interval=3 step=2295 loss=0.967264
train_loss run=0 interval=3 step=2296 loss=1.02119
train_loss run=0 interval=3 step=2297 loss=0.972481
train_loss run=0 interval=3 step=2298 loss=0.978712
train_loss run=0 interval=3 step=2299 loss=0.973935
train_loss run=0 interval=3 step=2300 loss=0.989282
train_loss run=0 interval=3 step=2301 loss=1.01599
train_loss run=0 interval=3 step=2302 loss=1.03903
train_loss run=0 interval=3 step=2303 loss=0.995838
train_loss run=0 interval=3 step=2304 loss=0.983248
train_loss run=0 interval=3 step=2305 loss=1.04352
train_loss run=0 interval=3 step=2306 loss=1.02521
train_loss run=0 interval=3 step=2307 loss=1.01693
train_loss run=0 interval=3 step=2308 loss=0.974569
train_loss run=0 interval=3 step=2309 loss=0.955124
train_loss run=0 interval=3 step=2310 loss=0.992466
train_loss run=0 interval=3 step=2311 loss=0.951163
train_loss run=0 interval=3 step=2312 loss=0.99917
train_loss run=0 interval=3 step=2313 loss=1.07268
train_loss run=0 interval=3 step=2314 loss=1.00067
train_loss run=0 interval=3 step=2315 loss=1.0116
train_loss run=0 interval=3 step=2316 loss=1.0522
train_loss run=0 interval=3 step=2317 loss=1.00157
train_loss run=0 interval=3 step=2318 loss=0.993008
train_loss run=0 interval=3 step=2319 loss=1.01514
train_loss run=0 interval=3 step=2320 loss=1.06248
train_loss run=0 interval=3 step=2321 loss=0.982216
train_loss run=0 interval=3 step=2322 loss=0.99854
train_loss run=0 interval=3 step=2323 loss=0.998308
train_loss run=0 interval=3 step=2324 loss=0.975271
train_loss run=0 interval=3 step=2325 loss=0.997719
train_loss run=0 interval=3 step=2326 loss=1.01329
train_loss run=0 interval=3 step=2327 loss=0.993779
train_loss run=0 interval=3 step=2328 loss=0.980853
train_loss run=0 interval=3 step=2329 loss=1.07719
train_loss run=0 interval=3 step=2330 loss=1.04368
train_loss run=0 interval=3 step=2331 loss=1.01018
train_loss run=0 interval=3 step=2332 loss=1.00593
train_loss run=0 interval=3 step=2333 loss=1.04935
train_loss run=0 interval=3 step=2334 loss=0.985707
train_loss run=0 interval=3 step=2335 loss=0.978422
train_loss run=0 interval=3 step=2336 loss=0.955288
train_loss run=0 interval=3 step=2337 loss=0.970596
train_loss run=0 interval=3 step=2338 loss=0.965241
train_loss run=0 interval=3 step=2339 loss=0.994866
train_loss run=0 interval=3 step=2340 loss=0.986037
train_loss run=0 interval=3 step=2341 loss=0.970603
train_loss run=0 interval=3 step=2342 loss=1.00273
train_loss run=0 interval=3 step=2343 loss=0.97211
train_loss run=0 interval=3 step=2344 loss=1.02875
train_loss run=0 interval=3 step=2345 loss=1.01688
train_loss run=0 interval=3 step=2346 loss=0.951016
train_loss run=0 interval=3 step=2347 loss=0.995687
train_loss run=0 interval=3 step=2348 loss=1.00322
train_loss run=0 interval=3 step=2349 loss=0.987276
train_loss run=0 interval=3 step=2350 loss=1.03641
train_loss run=0 interval=3 step=2351 loss=0.978606
train_loss run=0 interval=3 step=2352 loss=1.03757
train_loss run=0 interval=3 step=2353 loss=0.957523
train_loss run=0 interval=3 step=2354 loss=0.95681
train_loss run=0 interval=3 step=2355 loss=0.965633
train_loss run=0 interval=3 step=2356 loss=1.05201
train_loss run=0 interval=3 step=2357 loss=0.967741
train_loss run=0 interval=3 step=2358 loss=1.01694
train_loss run=0 interval=3 step=2359 loss=1.02297
train_loss run=0 interval=3 step=2360 loss=0.988403
train_loss run=0 interval=3 step=2361 loss=0.968052
train_loss run=0 interval=3 step=2362 loss=1.00383
train_loss run=0 interval=3 step=2363 loss=0.993195
train_loss run=0 interval=3 step=2364 loss=0.979149
train_loss run=0 interval=3 step=2365 loss=0.962409
train_loss run=0 interval=3 step=2366 loss=0.976539
train_loss run=0 interval=3 step=2367 loss=0.973779
train_loss run=0 interval=3 step=2368 loss=0.998376
train_loss run=0 interval=3 step=2369 loss=1.03077
train_loss run=0 interval=3 step=2370 loss=0.987425
train_loss run=0 interval=3 step=2371 loss=0.978517
train_loss run=0 interval=3 step=2372 loss=1.01264
train_loss run=0 interval=3 step=2373 loss=0.990891
train_loss run=0 interval=3 step=2374 loss=0.96417
train_loss run=0 interval=3 step=2375 loss=1.00091
train_loss run=0 interval=3 step=2376 loss=1.03168
train_loss run=0 interval=3 step=2377 loss=1.01384
train_loss run=0 interval=3 step=2378 loss=0.991953
train_loss run=0 interval=3 step=2379 loss=1.00864
train_loss run=0 interval=3 step=2380 loss=0.990665
train_loss run=0 interval=3 step=2381 loss=0.947896
train_loss run=0 interval=3 step=2382 loss=1.01772
train_loss run=0 interval=3 step=2383 loss=1.03569
train_loss run=0 interval=3 step=2384 loss=1.02528
train_loss run=0 interval=3 step=2385 loss=0.960715
train_loss run=0 interval=3 step=2386 loss=0.995254
train_loss run=0 interval=3 step=2387 loss=1.03038
train_loss run=0 interval=3 step=2388 loss=1.00425
train_loss run=0 interval=3 step=2389 loss=1.00504
train_loss run=0 interval=3 step=2390 loss=0.967358
train_loss run=0 interval=3 step=2391 loss=0.976433
train_loss run=0 interval=3 step=2392 loss=1.0111
train_loss run=0 interval=3 step=2393 loss=1.00739
train_loss run=0 interval=3 step=2394 loss=0.997194
train_loss run=0 interval=3 step=2395 loss=1.02159
train_loss run=0 interval=3 step=2396 loss=0.932701
train_loss run=0 interval=3 step=2397 loss=1.00726
train_loss run=0 interval=3 step=2398 loss=0.975221
train_loss run=0 interval=3 step=2399 loss=0.982592
train_loss run=0 interval=3 step=2400 loss=1.09506
train_loss run=0 interval=3 step=2401 loss=0.959307
train_loss run=0 interval=3 step=2402 loss=0.982772
train_loss run=0 interval=3 step=2403 loss=0.966332
train_loss run=0 interval=3 step=2404 loss=0.968606
train_loss run=0 interval=3 step=2405 loss=0.963801
train_loss run=0 interval=3 step=2406 loss=0.992729
train_loss run=0 interval=3 step=2407 loss=0.961399
train_loss run=0 interval=3 step=2408 loss=1.01212
train_loss run=0 interval=3 step=2409 loss=0.97337
train_loss run=0 interval=3 step=2410 loss=0.95838
train_loss run=0 interval=3 step=2411 loss=1.0095
train_loss run=0 interval=3 step=2412 loss=0.957998
train_loss run=0 interval=3 step=2413 loss=0.994324
train_loss run=0 interval=3 step=2414 loss=0.965657
train_loss run=0 interval=3 step=2415 loss=0.982032
train_loss run=0 interval=3 step=2416 loss=1.0147
train_loss run=0 interval=3 step=2417 loss=0.982672
train_loss run=0 interval=3 step=2418 loss=1.00864
train_loss run=0 interval=3 step=2419 loss=0.977262
train_loss run=0 interval=3 step=2420 loss=1.02013
train_loss run=0 interval=3 step=2421 loss=0.959674
train_loss run=0 interval=3 step=2422 loss=0.985007
train_loss run=0 interval=3 step=2423 loss=1.00522
train_loss run=0 interval=3 step=2424 loss=0.969634
train_loss run=0 interval=3 step=2425 loss=0.929291
train_loss run=0 interval=3 step=2426 loss=0.948717
train_loss run=0 interval=3 step=2427 loss=0.999383
train_loss run=0 interval=3 step=2428 loss=0.99922
train_loss run=0 interval=3 step=2429 loss=0.950414
train_loss run=0 interval=3 step=2430 loss=0.966897
train_loss run=0 interval=3 step=2431 loss=0.97247
train_loss run=0 interval=3 step=2432 loss=0.955146
train_loss run=0 interval=3 step=2433 loss=1.00757
train_loss run=0 interval=3 step=2434 loss=0.949598
train_loss run=0 interval=3 step=2435 loss=0.983536
train_loss run=0 interval=3 step=2436 loss=0.983284
train_loss run=0 interval=3 step=2437 loss=0.92395
train_loss run=0 interval=3 step=2438 loss=0.985113
train_loss run=0 interval=3 step=2439 loss=0.925009
train_loss run=0 interval=3 step=2440 loss=0.965187
train_loss run=0 interval=3 step=2441 loss=1.01067
train_loss run=0 interval=3 step=2442 loss=0.949246
train_loss run=0 interval=3 step=2443 loss=0.96639
train_loss run=0 interval=3 step=2444 loss=0.966268
train_loss run=0 interval=3 step=2445 loss=1.01255
train_loss run=0 interval=3 step=2446 loss=1.02738
train_loss run=0 interval=3 step=2447 loss=0.995478
train_loss run=0 interval=3 step=2448 loss=0.983018
train_loss run=0 interval=3 step=2449 loss=0.995247
train_loss run=0 interval=3 step=2450 loss=0.966722
train_loss run=0 interval=3 step=2451 loss=0.982316
train_loss run=0 interval=3 step=2452 loss=0.94604
train_loss run=0 interval=3 step=2453 loss=0.953031
train_loss run=0 interval=3 step=2454 loss=0.949482
train_loss run=0 interval=3 step=2455 loss=0.968472
train_loss run=0 interval=3 step=2456 loss=0.969328
train_loss run=0 interval=3 step=2457 loss=0.924266
train_loss run=0 interval=3 step=2458 loss=1.0041
train_loss run=0 interval=3 step=2459 loss=0.931331
train_loss run=0 interval=3 step=2460 loss=0.999938
train_loss run=0 interval=3 step=2461 loss=0.950815
train_loss run=0 interval=3 step=2462 loss=0.977324
train_loss run=0 interval=3 step=2463 loss=1.01149
train_loss run=0 interval=3 step=2464 loss=0.991163
train_loss run=0 interval=3 step=2465 loss=0.998285
train_loss run=0 interval=3 step=2466 loss=0.981767
train_loss run=0 interval=3 step=2467 loss=0.972987
train_loss run=0 interval=3 step=2468 loss=0.995103
train_loss run=0 interval=3 step=2469 loss=0.972667
train_loss run=0 interval=3 step=2470 loss=1.00632
train_loss run=0 interval=3 step=2471 loss=0.968301
train_loss run=0 interval=3 step=2472 loss=0.957407
train_loss run=0 interval=3 step=2473 loss=1.0362
train_loss run=0 interval=3 step=2474 loss=0.954883
train_loss run=0 interval=3 step=2475 loss=1.00345
train_loss run=0 interval=3 step=2476 loss=0.986149
train_loss run=0 interval=3 step=2477 loss=0.981687
train_loss run=0 interval=3 step=2478 loss=0.97623
train_loss run=0 interval=3 step=2479 loss=0.950128
train_loss run=0 interval=3 step=2480 loss=0.994529
train_loss run=0 interval=3 step=2481 loss=0.943044
train_loss run=0 interval=3 step=2482 loss=0.982429
train_loss run=0 interval=3 step=2483 loss=0.984569
train_loss run=0 interval=3 step=2484 loss=0.977401
train_loss run=0 interval=3 step=2485 loss=1.04119
train_loss run=0 interval=3 step=2486 loss=0.930014
train_loss run=0 interval=3 step=2487 loss=0.982524
train_loss run=0 interval=3 step=2488 loss=0.992296
train_loss run=0 interval=3 step=2489 loss=0.952302
train_loss run=0 interval=3 step=2490 loss=0.979187
train_loss run=0 interval=3 step=2491 loss=0.934162
train_loss run=0 interval=3 step=2492 loss=0.988677
train_loss run=0 interval=3 step=2493 loss=0.950385
train_loss run=0 interval=3 step=2494 loss=0.984232
train_loss run=0 interval=3 step=2495 loss=0.958963
train_loss run=0 interval=3 step=2496 loss=1.00583
train_loss run=0 interval=3 step=2497 loss=0.985526
train_loss run=0 interval=3 step=2498 loss=1.00712
train_loss run=0 interval=3 step=2499 loss=0.970816
train_loss run=0 interval=3 step=2500 loss=0.985208
train_loss run=0 interval=3 step=2501 loss=0.968156
train_loss run=0 interval=3 step=2502 loss=0.995165
train_loss run=0 interval=3 step=2503 loss=0.967166
train_loss run=0 interval=3 step=2504 loss=0.952808
train_loss run=0 interval=3 step=2505 loss=0.94401
train_loss run=0 interval=3 step=2506 loss=1.0048
train_loss run=0 interval=3 step=2507 loss=0.952073
train_loss run=0 interval=3 step=2508 loss=0.980725
train_loss run=0 interval=3 step=2509 loss=0.982494
train_loss run=0 interval=3 step=2510 loss=0.929989
train_loss run=0 interval=3 step=2511 loss=0.978375
train_loss run=0 interval=3 step=2512 loss=0.953358
train_loss run=0 interval=3 step=2513 loss=0.987715
train_loss run=0 interval=3 step=2514 loss=1.05224
train_loss run=0 interval=3 step=2515 loss=0.99892
train_loss run=0 interval=3 step=2516 loss=0.932023
train_loss run=0 interval=3 step=2517 loss=0.947482
train_loss run=0 interval=3 step=2518 loss=0.999844
train_loss run=0 interval=3 step=2519 loss=0.960496
train_loss run=0 interval=3 step=2520 loss=0.947103
train_loss run=0 interval=3 step=2521 loss=0.964338
train_loss run=0 interval=3 step=2522 loss=0.984758
train_loss run=0 interval=3 step=2523 loss=0.946424
train_loss run=0 interval=3 step=2524 loss=0.950522
train_loss run=0 interval=3 step=2525 loss=0.940158
train_loss run=0 interval=3 step=2526 loss=0.947078
train_loss run=0 interval=3 step=2527 loss=0.997194
train_loss run=0 interval=3 step=2528 loss=0.950797
train_loss run=0 interval=3 step=2529 loss=0.98525
train_loss run=0 interval=3 step=2530 loss=1.00235
train_loss run=0 interval=3 step=2531 loss=0.988098
train_loss run=0 interval=3 step=2532 loss=0.975681
train_loss run=0 interval=3 step=2533 loss=0.951644
train_loss run=0 interval=3 step=2534 loss=0.968117
train_loss run=0 interval=3 step=2535 loss=0.990105
train_loss run=0 interval=3 step=2536 loss=0.958169
train_loss run=0 interval=3 step=2537 loss=1.02538
train_loss run=0 interval=3 step=2538 loss=1.02536
train_loss run=0 interval=3 step=2539 loss=0.958668
train_loss run=0 interval=3 step=2540 loss=0.973519
train_loss run=0 interval=3 step=2541 loss=0.991579
train_loss run=0 interval=3 step=2542 loss=0.959112
train_loss run=0 interval=3 step=2543 loss=1.02135
train_loss run=0 interval=3 step=2544 loss=0.977673
train_loss run=0 interval=3 step=2545 loss=0.939604
train_loss run=0 interval=3 step=2546 loss=0.92533
train_loss run=0 interval=3 step=2547 loss=0.941193
train_loss run=0 interval=3 step=2548 loss=0.92866
train_loss run=0 interval=3 step=2549 loss=0.994749
train_loss run=0 interval=3 step=2550 loss=0.935106
train_loss run=0 interval=3 step=2551 loss=0.976872
train_loss run=0 interval=3 step=2552 loss=0.972313
train_loss run=0 interval=3 step=2553 loss=0.94824
train_loss run=0 interval=3 step=2554 loss=0.940343
train_loss run=0 interval=3 step=2555 loss=0.994963
train_loss run=0 interval=3 step=2556 loss=0.976685
train_loss run=0 interval=3 step=2557 loss=1.05035
train_loss run=0 interval=3 step=2558 loss=0.976049
train_loss run=0 interval=3 step=2559 loss=0.97223
train_loss run=0 interval=3 step=2560 loss=0.938152
interval_boundary_eval run=0 interval=3 step=2560 total_steps=3200 tta_val_acc=0.9275
search run=0 interval=4 phase=main metric=tta_val_acc
main hparams: conv.initial_lr=0.014 conv.momentum=0.5 main=0.9308
main hparams: conv.initial_lr=0.0084 conv.momentum=0.5 main=0.9356
main hparams: conv.initial_lr=0.005 conv.momentum=0.5 main=0.9368
main hparams: conv.initial_lr=0.003 conv.momentum=0.5 main=0.9366
main hparams: conv.initial_lr=0.005 conv.momentum=0.4 main=0.9364
main hparams: conv.initial_lr=0.005 conv.momentum=0.6 main=0.9364
main hparams: conv.initial_lr=0.0083 conv.momentum=0.5 main=0.9359
search_path step=0 conv.initial_lr=0.014 conv.momentum=0.5 tta_val_acc=0.9308
search_path step=1 conv.initial_lr=0.005 conv.momentum=0.5 tta_val_acc=0.9368
train_hparams run=0 interval=4 start_step=2560 completed_steps=640 total_steps=3200 conv.initial_lr=0.005 conv.momentum=0.5
train_loss run=0 interval=4 step=2561 loss=0.957181
train_loss run=0 interval=4 step=2562 loss=0.951751
train_loss run=0 interval=4 step=2563 loss=0.966797
train_loss run=0 interval=4 step=2564 loss=0.93117
train_loss run=0 interval=4 step=2565 loss=0.938733
train_loss run=0 interval=4 step=2566 loss=0.931051
train_loss run=0 interval=4 step=2567 loss=0.980274
train_loss run=0 interval=4 step=2568 loss=0.960565
train_loss run=0 interval=4 step=2569 loss=0.969032
train_loss run=0 interval=4 step=2570 loss=0.961895
train_loss run=0 interval=4 step=2571 loss=0.965383
train_loss run=0 interval=4 step=2572 loss=0.992831
train_loss run=0 interval=4 step=2573 loss=0.948335
train_loss run=0 interval=4 step=2574 loss=0.939498
train_loss run=0 interval=4 step=2575 loss=0.991762
train_loss run=0 interval=4 step=2576 loss=0.946775
train_loss run=0 interval=4 step=2577 loss=0.959704
train_loss run=0 interval=4 step=2578 loss=0.981451
train_loss run=0 interval=4 step=2579 loss=0.961881
train_loss run=0 interval=4 step=2580 loss=0.976647
train_loss run=0 interval=4 step=2581 loss=0.951825
train_loss run=0 interval=4 step=2582 loss=0.941206
train_loss run=0 interval=4 step=2583 loss=0.978236
train_loss run=0 interval=4 step=2584 loss=0.967622
train_loss run=0 interval=4 step=2585 loss=0.960849
train_loss run=0 interval=4 step=2586 loss=0.99033
train_loss run=0 interval=4 step=2587 loss=0.993853
train_loss run=0 interval=4 step=2588 loss=0.969963
train_loss run=0 interval=4 step=2589 loss=0.988219
train_loss run=0 interval=4 step=2590 loss=0.988472
train_loss run=0 interval=4 step=2591 loss=0.975798
train_loss run=0 interval=4 step=2592 loss=0.981934
train_loss run=0 interval=4 step=2593 loss=0.97207
train_loss run=0 interval=4 step=2594 loss=0.978117
train_loss run=0 interval=4 step=2595 loss=1.02142
train_loss run=0 interval=4 step=2596 loss=0.99086
train_loss run=0 interval=4 step=2597 loss=0.939069
train_loss run=0 interval=4 step=2598 loss=0.97924
train_loss run=0 interval=4 step=2599 loss=0.937361
train_loss run=0 interval=4 step=2600 loss=0.995687
train_loss run=0 interval=4 step=2601 loss=0.951025
train_loss run=0 interval=4 step=2602 loss=1.01569
train_loss run=0 interval=4 step=2603 loss=0.95684
train_loss run=0 interval=4 step=2604 loss=0.936228
train_loss run=0 interval=4 step=2605 loss=0.98566
train_loss run=0 interval=4 step=2606 loss=0.952456
train_loss run=0 interval=4 step=2607 loss=0.98096
train_loss run=0 interval=4 step=2608 loss=0.973325
train_loss run=0 interval=4 step=2609 loss=0.940609
train_loss run=0 interval=4 step=2610 loss=0.998181
train_loss run=0 interval=4 step=2611 loss=0.954948
train_loss run=0 interval=4 step=2612 loss=0.975345
train_loss run=0 interval=4 step=2613 loss=0.936426
train_loss run=0 interval=4 step=2614 loss=0.993683
train_loss run=0 interval=4 step=2615 loss=0.992053
train_loss run=0 interval=4 step=2616 loss=0.949443
train_loss run=0 interval=4 step=2617 loss=0.944634
train_loss run=0 interval=4 step=2618 loss=0.969776
train_loss run=0 interval=4 step=2619 loss=0.97111
train_loss run=0 interval=4 step=2620 loss=1.00038
train_loss run=0 interval=4 step=2621 loss=0.92982
train_loss run=0 interval=4 step=2622 loss=0.990676
train_loss run=0 interval=4 step=2623 loss=0.965112
train_loss run=0 interval=4 step=2624 loss=0.957989
train_loss run=0 interval=4 step=2625 loss=0.991679
train_loss run=0 interval=4 step=2626 loss=0.984841
train_loss run=0 interval=4 step=2627 loss=0.990743
train_loss run=0 interval=4 step=2628 loss=0.960588
train_loss run=0 interval=4 step=2629 loss=0.941561
train_loss run=0 interval=4 step=2630 loss=0.987756
train_loss run=0 interval=4 step=2631 loss=0.964546
train_loss run=0 interval=4 step=2632 loss=0.957153
train_loss run=0 interval=4 step=2633 loss=0.951336
train_loss run=0 interval=4 step=2634 loss=0.991571
train_loss run=0 interval=4 step=2635 loss=1.01075
train_loss run=0 interval=4 step=2636 loss=0.956207
train_loss run=0 interval=4 step=2637 loss=0.973637
train_loss run=0 interval=4 step=2638 loss=0.960576
train_loss run=0 interval=4 step=2639 loss=0.953534
train_loss run=0 interval=4 step=2640 loss=0.961886
train_loss run=0 interval=4 step=2641 loss=0.933913
train_loss run=0 interval=4 step=2642 loss=1.03735
train_loss run=0 interval=4 step=2643 loss=0.984271
train_loss run=0 interval=4 step=2644 loss=0.968403
train_loss run=0 interval=4 step=2645 loss=0.959424
train_loss run=0 interval=4 step=2646 loss=0.976912
train_loss run=0 interval=4 step=2647 loss=0.967743
train_loss run=0 interval=4 step=2648 loss=0.932923
train_loss run=0 interval=4 step=2649 loss=0.97159
train_loss run=0 interval=4 step=2650 loss=0.936232
train_loss run=0 interval=4 step=2651 loss=0.935052
train_loss run=0 interval=4 step=2652 loss=0.959136
train_loss run=0 interval=4 step=2653 loss=0.932555
train_loss run=0 interval=4 step=2654 loss=0.991486
train_loss run=0 interval=4 step=2655 loss=0.945302
train_loss run=0 interval=4 step=2656 loss=0.967672
train_loss run=0 interval=4 step=2657 loss=0.929831
train_loss run=0 interval=4 step=2658 loss=0.994884
train_loss run=0 interval=4 step=2659 loss=0.952214
train_loss run=0 interval=4 step=2660 loss=0.98628
train_loss run=0 interval=4 step=2661 loss=0.931715
train_loss run=0 interval=4 step=2662 loss=0.965204
train_loss run=0 interval=4 step=2663 loss=0.978
train_loss run=0 interval=4 step=2664 loss=0.973001
train_loss run=0 interval=4 step=2665 loss=0.972642
train_loss run=0 interval=4 step=2666 loss=0.981151
train_loss run=0 interval=4 step=2667 loss=0.949381
train_loss run=0 interval=4 step=2668 loss=1.00625
train_loss run=0 interval=4 step=2669 loss=0.939458
train_loss run=0 interval=4 step=2670 loss=0.961639
train_loss run=0 interval=4 step=2671 loss=0.95676
train_loss run=0 interval=4 step=2672 loss=0.961235
train_loss run=0 interval=4 step=2673 loss=0.974319
train_loss run=0 interval=4 step=2674 loss=0.974372
train_loss run=0 interval=4 step=2675 loss=0.932599
train_loss run=0 interval=4 step=2676 loss=0.938434
train_loss run=0 interval=4 step=2677 loss=0.980001
train_loss run=0 interval=4 step=2678 loss=0.984387
train_loss run=0 interval=4 step=2679 loss=1.0121
train_loss run=0 interval=4 step=2680 loss=1.00356
train_loss run=0 interval=4 step=2681 loss=0.935997
train_loss run=0 interval=4 step=2682 loss=0.992339
train_loss run=0 interval=4 step=2683 loss=0.971684
train_loss run=0 interval=4 step=2684 loss=0.970376
train_loss run=0 interval=4 step=2685 loss=0.961677
train_loss run=0 interval=4 step=2686 loss=0.975677
train_loss run=0 interval=4 step=2687 loss=0.966322
train_loss run=0 interval=4 step=2688 loss=0.959931
train_loss run=0 interval=4 step=2689 loss=0.94086
train_loss run=0 interval=4 step=2690 loss=0.955468
train_loss run=0 interval=4 step=2691 loss=0.998687
train_loss run=0 interval=4 step=2692 loss=0.944623
train_loss run=0 interval=4 step=2693 loss=0.98373
train_loss run=0 interval=4 step=2694 loss=0.981154
train_loss run=0 interval=4 step=2695 loss=0.947865
train_loss run=0 interval=4 step=2696 loss=0.965884
train_loss run=0 interval=4 step=2697 loss=0.950284
train_loss run=0 interval=4 step=2698 loss=0.962005
train_loss run=0 interval=4 step=2699 loss=0.97911
train_loss run=0 interval=4 step=2700 loss=0.954548
train_loss run=0 interval=4 step=2701 loss=0.94912
train_loss run=0 interval=4 step=2702 loss=0.947107
train_loss run=0 interval=4 step=2703 loss=0.942661
train_loss run=0 interval=4 step=2704 loss=0.952305
train_loss run=0 interval=4 step=2705 loss=0.956436
train_loss run=0 interval=4 step=2706 loss=0.961022
train_loss run=0 interval=4 step=2707 loss=0.978795
train_loss run=0 interval=4 step=2708 loss=0.924534
train_loss run=0 interval=4 step=2709 loss=0.949428
train_loss run=0 interval=4 step=2710 loss=0.919894
train_loss run=0 interval=4 step=2711 loss=0.930205
train_loss run=0 interval=4 step=2712 loss=0.985111
train_loss run=0 interval=4 step=2713 loss=0.918725
train_loss run=0 interval=4 step=2714 loss=0.985986
train_loss run=0 interval=4 step=2715 loss=0.945966
train_loss run=0 interval=4 step=2716 loss=0.970084
train_loss run=0 interval=4 step=2717 loss=0.967003
train_loss run=0 interval=4 step=2718 loss=0.941235
train_loss run=0 interval=4 step=2719 loss=0.981043
train_loss run=0 interval=4 step=2720 loss=0.927
train_loss run=0 interval=4 step=2721 loss=0.954641
train_loss run=0 interval=4 step=2722 loss=1.00608
train_loss run=0 interval=4 step=2723 loss=0.94754
train_loss run=0 interval=4 step=2724 loss=0.929622
train_loss run=0 interval=4 step=2725 loss=1
train_loss run=0 interval=4 step=2726 loss=0.938366
train_loss run=0 interval=4 step=2727 loss=0.961674
train_loss run=0 interval=4 step=2728 loss=0.95061
train_loss run=0 interval=4 step=2729 loss=0.985673
train_loss run=0 interval=4 step=2730 loss=0.985804
train_loss run=0 interval=4 step=2731 loss=0.936186
train_loss run=0 interval=4 step=2732 loss=0.921623
train_loss run=0 interval=4 step=2733 loss=0.959622
train_loss run=0 interval=4 step=2734 loss=0.98106
train_loss run=0 interval=4 step=2735 loss=0.949272
train_loss run=0 interval=4 step=2736 loss=0.925363
train_loss run=0 interval=4 step=2737 loss=0.928088
train_loss run=0 interval=4 step=2738 loss=0.964906
train_loss run=0 interval=4 step=2739 loss=0.988756
train_loss run=0 interval=4 step=2740 loss=0.968073
train_loss run=0 interval=4 step=2741 loss=0.939052
train_loss run=0 interval=4 step=2742 loss=0.944243
train_loss run=0 interval=4 step=2743 loss=0.955176
train_loss run=0 interval=4 step=2744 loss=0.968886
train_loss run=0 interval=4 step=2745 loss=0.98531
train_loss run=0 interval=4 step=2746 loss=0.981498
train_loss run=0 interval=4 step=2747 loss=0.974417
train_loss run=0 interval=4 step=2748 loss=0.953536
train_loss run=0 interval=4 step=2749 loss=0.98813
train_loss run=0 interval=4 step=2750 loss=0.950192
train_loss run=0 interval=4 step=2751 loss=0.966468
train_loss run=0 interval=4 step=2752 loss=0.956269
train_loss run=0 interval=4 step=2753 loss=0.975132
train_loss run=0 interval=4 step=2754 loss=0.957049
train_loss run=0 interval=4 step=2755 loss=1.02983
train_loss run=0 interval=4 step=2756 loss=0.94818
train_loss run=0 interval=4 step=2757 loss=0.945745
train_loss run=0 interval=4 step=2758 loss=0.938063
train_loss run=0 interval=4 step=2759 loss=1.007
train_loss run=0 interval=4 step=2760 loss=0.988334
train_loss run=0 interval=4 step=2761 loss=0.914658
train_loss run=0 interval=4 step=2762 loss=0.950807
train_loss run=0 interval=4 step=2763 loss=0.931687
train_loss run=0 interval=4 step=2764 loss=0.958576
train_loss run=0 interval=4 step=2765 loss=0.994034
train_loss run=0 interval=4 step=2766 loss=0.925946
train_loss run=0 interval=4 step=2767 loss=0.965556
train_loss run=0 interval=4 step=2768 loss=0.969662
train_loss run=0 interval=4 step=2769 loss=0.998379
train_loss run=0 interval=4 step=2770 loss=0.996566
train_loss run=0 interval=4 step=2771 loss=0.934215
train_loss run=0 interval=4 step=2772 loss=0.942309
train_loss run=0 interval=4 step=2773 loss=0.919715
train_loss run=0 interval=4 step=2774 loss=0.998577
train_loss run=0 interval=4 step=2775 loss=0.975383
train_loss run=0 interval=4 step=2776 loss=0.978902
train_loss run=0 interval=4 step=2777 loss=0.953733
train_loss run=0 interval=4 step=2778 loss=0.958299
train_loss run=0 interval=4 step=2779 loss=0.923929
train_loss run=0 interval=4 step=2780 loss=0.94221
train_loss run=0 interval=4 step=2781 loss=0.996736
train_loss run=0 interval=4 step=2782 loss=0.967157
train_loss run=0 interval=4 step=2783 loss=0.964924
train_loss run=0 interval=4 step=2784 loss=1.00346
train_loss run=0 interval=4 step=2785 loss=0.955551
train_loss run=0 interval=4 step=2786 loss=0.97609
train_loss run=0 interval=4 step=2787 loss=0.953179
train_loss run=0 interval=4 step=2788 loss=0.953223
train_loss run=0 interval=4 step=2789 loss=0.930784
train_loss run=0 interval=4 step=2790 loss=0.953501
train_loss run=0 interval=4 step=2791 loss=0.936523
train_loss run=0 interval=4 step=2792 loss=0.959786
train_loss run=0 interval=4 step=2793 loss=0.913377
train_loss run=0 interval=4 step=2794 loss=0.941326
train_loss run=0 interval=4 step=2795 loss=0.913643
train_loss run=0 interval=4 step=2796 loss=0.971008
train_loss run=0 interval=4 step=2797 loss=0.950198
train_loss run=0 interval=4 step=2798 loss=0.931312
train_loss run=0 interval=4 step=2799 loss=0.919577
train_loss run=0 interval=4 step=2800 loss=0.958577
train_loss run=0 interval=4 step=2801 loss=0.926568
train_loss run=0 interval=4 step=2802 loss=0.916855
train_loss run=0 interval=4 step=2803 loss=0.925491
train_loss run=0 interval=4 step=2804 loss=0.950204
train_loss run=0 interval=4 step=2805 loss=0.951816
train_loss run=0 interval=4 step=2806 loss=0.934368
train_loss run=0 interval=4 step=2807 loss=0.93534
train_loss run=0 interval=4 step=2808 loss=0.959131
train_loss run=0 interval=4 step=2809 loss=0.959271
train_loss run=0 interval=4 step=2810 loss=0.960707
train_loss run=0 interval=4 step=2811 loss=0.935203
train_loss run=0 interval=4 step=2812 loss=0.925544
train_loss run=0 interval=4 step=2813 loss=0.9339
train_loss run=0 interval=4 step=2814 loss=0.931064
train_loss run=0 interval=4 step=2815 loss=0.902389
train_loss run=0 interval=4 step=2816 loss=0.9427
train_loss run=0 interval=4 step=2817 loss=0.9366
train_loss run=0 interval=4 step=2818 loss=0.919298
train_loss run=0 interval=4 step=2819 loss=0.915529
train_loss run=0 interval=4 step=2820 loss=0.93694
train_loss run=0 interval=4 step=2821 loss=0.927636
train_loss run=0 interval=4 step=2822 loss=0.918837
train_loss run=0 interval=4 step=2823 loss=0.950783
train_loss run=0 interval=4 step=2824 loss=0.91194
train_loss run=0 interval=4 step=2825 loss=0.935294
train_loss run=0 interval=4 step=2826 loss=0.922827
train_loss run=0 interval=4 step=2827 loss=0.981978
train_loss run=0 interval=4 step=2828 loss=0.930764
train_loss run=0 interval=4 step=2829 loss=0.937694
train_loss run=0 interval=4 step=2830 loss=0.959574
train_loss run=0 interval=4 step=2831 loss=0.931411
train_loss run=0 interval=4 step=2832 loss=0.938938
train_loss run=0 interval=4 step=2833 loss=0.943922
train_loss run=0 interval=4 step=2834 loss=0.962737
train_loss run=0 interval=4 step=2835 loss=0.921945
train_loss run=0 interval=4 step=2836 loss=0.933815
train_loss run=0 interval=4 step=2837 loss=0.919764
train_loss run=0 interval=4 step=2838 loss=0.937464
train_loss run=0 interval=4 step=2839 loss=0.964703
train_loss run=0 interval=4 step=2840 loss=0.979194
train_loss run=0 interval=4 step=2841 loss=0.927672
train_loss run=0 interval=4 step=2842 loss=0.925498
train_loss run=0 interval=4 step=2843 loss=0.928569
train_loss run=0 interval=4 step=2844 loss=0.973863
train_loss run=0 interval=4 step=2845 loss=0.92586
train_loss run=0 interval=4 step=2846 loss=0.921251
train_loss run=0 interval=4 step=2847 loss=0.91281
train_loss run=0 interval=4 step=2848 loss=0.934271
train_loss run=0 interval=4 step=2849 loss=0.932656
train_loss run=0 interval=4 step=2850 loss=0.90491
train_loss run=0 interval=4 step=2851 loss=0.945447
train_loss run=0 interval=4 step=2852 loss=0.948494
train_loss run=0 interval=4 step=2853 loss=0.938359
train_loss run=0 interval=4 step=2854 loss=1.00515
train_loss run=0 interval=4 step=2855 loss=0.927092
train_loss run=0 interval=4 step=2856 loss=0.928226
train_loss run=0 interval=4 step=2857 loss=0.943918
train_loss run=0 interval=4 step=2858 loss=0.941806
train_loss run=0 interval=4 step=2859 loss=0.934182
train_loss run=0 interval=4 step=2860 loss=0.919716
train_loss run=0 interval=4 step=2861 loss=0.942857
train_loss run=0 interval=4 step=2862 loss=0.928804
train_loss run=0 interval=4 step=2863 loss=0.980196
train_loss run=0 interval=4 step=2864 loss=0.913195
train_loss run=0 interval=4 step=2865 loss=0.943878
train_loss run=0 interval=4 step=2866 loss=0.962665
train_loss run=0 interval=4 step=2867 loss=0.922069
train_loss run=0 interval=4 step=2868 loss=0.955157
train_loss run=0 interval=4 step=2869 loss=0.957409
train_loss run=0 interval=4 step=2870 loss=0.971708
train_loss run=0 interval=4 step=2871 loss=0.953634
train_loss run=0 interval=4 step=2872 loss=0.938258
train_loss run=0 interval=4 step=2873 loss=0.923997
train_loss run=0 interval=4 step=2874 loss=0.93965
train_loss run=0 interval=4 step=2875 loss=0.947447
train_loss run=0 interval=4 step=2876 loss=0.927824
train_loss run=0 interval=4 step=2877 loss=0.925903
train_loss run=0 interval=4 step=2878 loss=0.906782
train_loss run=0 interval=4 step=2879 loss=0.927311
train_loss run=0 interval=4 step=2880 loss=0.921095
train_loss run=0 interval=4 step=2881 loss=0.935837
train_loss run=0 interval=4 step=2882 loss=0.930723
train_loss run=0 interval=4 step=2883 loss=0.957872
train_loss run=0 interval=4 step=2884 loss=0.933066
train_loss run=0 interval=4 step=2885 loss=0.939693
train_loss run=0 interval=4 step=2886 loss=0.915553
train_loss run=0 interval=4 step=2887 loss=0.955785
train_loss run=0 interval=4 step=2888 loss=0.936088
train_loss run=0 interval=4 step=2889 loss=0.955319
train_loss run=0 interval=4 step=2890 loss=0.918736
train_loss run=0 interval=4 step=2891 loss=0.94614
train_loss run=0 interval=4 step=2892 loss=0.937535
train_loss run=0 interval=4 step=2893 loss=0.967167
train_loss run=0 interval=4 step=2894 loss=0.927474
train_loss run=0 interval=4 step=2895 loss=0.93637
train_loss run=0 interval=4 step=2896 loss=0.932512
train_loss run=0 interval=4 step=2897 loss=0.938308
train_loss run=0 interval=4 step=2898 loss=0.934809
train_loss run=0 interval=4 step=2899 loss=0.931559
train_loss run=0 interval=4 step=2900 loss=0.926625
train_loss run=0 interval=4 step=2901 loss=0.953995
train_loss run=0 interval=4 step=2902 loss=0.959475
train_loss run=0 interval=4 step=2903 loss=0.943661
train_loss run=0 interval=4 step=2904 loss=0.91614
train_loss run=0 interval=4 step=2905 loss=0.94235
train_loss run=0 interval=4 step=2906 loss=0.916825
train_loss run=0 interval=4 step=2907 loss=0.951664
train_loss run=0 interval=4 step=2908 loss=0.922101
train_loss run=0 interval=4 step=2909 loss=0.931414
train_loss run=0 interval=4 step=2910 loss=0.957764
train_loss run=0 interval=4 step=2911 loss=0.941069
train_loss run=0 interval=4 step=2912 loss=0.936723
train_loss run=0 interval=4 step=2913 loss=0.924782
train_loss run=0 interval=4 step=2914 loss=0.907865
train_loss run=0 interval=4 step=2915 loss=0.924738
train_loss run=0 interval=4 step=2916 loss=0.941121
train_loss run=0 interval=4 step=2917 loss=0.954079
train_loss run=0 interval=4 step=2918 loss=0.933568
train_loss run=0 interval=4 step=2919 loss=0.948952
train_loss run=0 interval=4 step=2920 loss=0.935193
train_loss run=0 interval=4 step=2921 loss=0.942468
train_loss run=0 interval=4 step=2922 loss=0.941196
train_loss run=0 interval=4 step=2923 loss=0.946595
train_loss run=0 interval=4 step=2924 loss=0.912112
train_loss run=0 interval=4 step=2925 loss=0.905091
train_loss run=0 interval=4 step=2926 loss=0.933192
train_loss run=0 interval=4 step=2927 loss=0.970261
train_loss run=0 interval=4 step=2928 loss=0.947262
train_loss run=0 interval=4 step=2929 loss=0.917361
train_loss run=0 interval=4 step=2930 loss=0.961758
train_loss run=0 interval=4 step=2931 loss=0.925625
train_loss run=0 interval=4 step=2932 loss=0.943606
train_loss run=0 interval=4 step=2933 loss=0.946215
train_loss run=0 interval=4 step=2934 loss=0.91832
train_loss run=0 interval=4 step=2935 loss=0.941748
train_loss run=0 interval=4 step=2936 loss=0.942182
train_loss run=0 interval=4 step=2937 loss=0.950198
train_loss run=0 interval=4 step=2938 loss=0.929008
train_loss run=0 interval=4 step=2939 loss=0.933154
train_loss run=0 interval=4 step=2940 loss=0.924644
train_loss run=0 interval=4 step=2941 loss=0.94235
train_loss run=0 interval=4 step=2942 loss=0.924873
train_loss run=0 interval=4 step=2943 loss=0.942133
train_loss run=0 interval=4 step=2944 loss=0.938793
train_loss run=0 interval=4 step=2945 loss=0.920048
train_loss run=0 interval=4 step=2946 loss=0.949889
train_loss run=0 interval=4 step=2947 loss=0.932274
train_loss run=0 interval=4 step=2948 loss=0.921939
train_loss run=0 interval=4 step=2949 loss=0.924061
train_loss run=0 interval=4 step=2950 loss=0.949543
train_loss run=0 interval=4 step=2951 loss=0.929196
train_loss run=0 interval=4 step=2952 loss=0.924383
train_loss run=0 interval=4 step=2953 loss=0.917119
train_loss run=0 interval=4 step=2954 loss=0.933057
train_loss run=0 interval=4 step=2955 loss=0.945953
train_loss run=0 interval=4 step=2956 loss=0.92069
train_loss run=0 interval=4 step=2957 loss=0.951378
train_loss run=0 interval=4 step=2958 loss=0.943387
train_loss run=0 interval=4 step=2959 loss=0.911425
train_loss run=0 interval=4 step=2960 loss=0.933908
train_loss run=0 interval=4 step=2961 loss=0.923292
train_loss run=0 interval=4 step=2962 loss=0.962468
train_loss run=0 interval=4 step=2963 loss=0.925355
train_loss run=0 interval=4 step=2964 loss=0.915627
train_loss run=0 interval=4 step=2965 loss=0.9239
train_loss run=0 interval=4 step=2966 loss=0.919971
train_loss run=0 interval=4 step=2967 loss=0.938577
train_loss run=0 interval=4 step=2968 loss=0.933533
train_loss run=0 interval=4 step=2969 loss=0.932533
train_loss run=0 interval=4 step=2970 loss=0.933666
train_loss run=0 interval=4 step=2971 loss=0.926118
train_loss run=0 interval=4 step=2972 loss=0.949256
train_loss run=0 interval=4 step=2973 loss=0.937968
train_loss run=0 interval=4 step=2974 loss=0.935899
train_loss run=0 interval=4 step=2975 loss=0.989578
train_loss run=0 interval=4 step=2976 loss=0.965427
train_loss run=0 interval=4 step=2977 loss=0.935817
train_loss run=0 interval=4 step=2978 loss=0.935613
train_loss run=0 interval=4 step=2979 loss=0.967004
train_loss run=0 interval=4 step=2980 loss=0.904253
train_loss run=0 interval=4 step=2981 loss=0.963088
train_loss run=0 interval=4 step=2982 loss=0.94455
train_loss run=0 interval=4 step=2983 loss=0.913034
train_loss run=0 interval=4 step=2984 loss=0.933013
train_loss run=0 interval=4 step=2985 loss=0.932085
train_loss run=0 interval=4 step=2986 loss=0.944027
train_loss run=0 interval=4 step=2987 loss=0.960872
train_loss run=0 interval=4 step=2988 loss=0.944951
train_loss run=0 interval=4 step=2989 loss=0.940773
train_loss run=0 interval=4 step=2990 loss=0.948061
train_loss run=0 interval=4 step=2991 loss=0.932088
train_loss run=0 interval=4 step=2992 loss=0.936455
train_loss run=0 interval=4 step=2993 loss=0.92123
train_loss run=0 interval=4 step=2994 loss=0.925568
train_loss run=0 interval=4 step=2995 loss=0.924433
train_loss run=0 interval=4 step=2996 loss=0.954058
train_loss run=0 interval=4 step=2997 loss=0.944759
train_loss run=0 interval=4 step=2998 loss=0.958201
train_loss run=0 interval=4 step=2999 loss=0.919012
train_loss run=0 interval=4 step=3000 loss=0.947158
train_loss run=0 interval=4 step=3001 loss=0.943852
train_loss run=0 interval=4 step=3002 loss=0.924288
train_loss run=0 interval=4 step=3003 loss=0.947876
train_loss run=0 interval=4 step=3004 loss=0.916713
train_loss run=0 interval=4 step=3005 loss=0.906766
train_loss run=0 interval=4 step=3006 loss=0.977472
train_loss run=0 interval=4 step=3007 loss=0.91934
train_loss run=0 interval=4 step=3008 loss=0.934666
train_loss run=0 interval=4 step=3009 loss=0.940622
train_loss run=0 interval=4 step=3010 loss=0.911205
train_loss run=0 interval=4 step=3011 loss=0.919509
train_loss run=0 interval=4 step=3012 loss=0.972949
train_loss run=0 interval=4 step=3013 loss=0.959157
train_loss run=0 interval=4 step=3014 loss=0.917687
train_loss run=0 interval=4 step=3015 loss=0.925978
train_loss run=0 interval=4 step=3016 loss=0.948828
train_loss run=0 interval=4 step=3017 loss=0.945626
train_loss run=0 interval=4 step=3018 loss=0.922319
train_loss run=0 interval=4 step=3019 loss=0.924505
train_loss run=0 interval=4 step=3020 loss=0.935449
train_loss run=0 interval=4 step=3021 loss=0.96387
train_loss run=0 interval=4 step=3022 loss=0.953173
train_loss run=0 interval=4 step=3023 loss=0.945942
train_loss run=0 interval=4 step=3024 loss=0.941906
train_loss run=0 interval=4 step=3025 loss=0.914495
train_loss run=0 interval=4 step=3026 loss=0.957413
train_loss run=0 interval=4 step=3027 loss=0.946102
train_loss run=0 interval=4 step=3028 loss=0.950187
train_loss run=0 interval=4 step=3029 loss=0.926702
train_loss run=0 interval=4 step=3030 loss=0.931215
train_loss run=0 interval=4 step=3031 loss=0.957611
train_loss run=0 interval=4 step=3032 loss=0.915233
train_loss run=0 interval=4 step=3033 loss=0.924118
train_loss run=0 interval=4 step=3034 loss=0.94371
train_loss run=0 interval=4 step=3035 loss=0.933988
train_loss run=0 interval=4 step=3036 loss=0.929847
train_loss run=0 interval=4 step=3037 loss=0.92488
train_loss run=0 interval=4 step=3038 loss=0.904986
train_loss run=0 interval=4 step=3039 loss=0.921446
train_loss run=0 interval=4 step=3040 loss=0.949198
train_loss run=0 interval=4 step=3041 loss=0.971975
train_loss run=0 interval=4 step=3042 loss=0.94251
train_loss run=0 interval=4 step=3043 loss=0.940084
train_loss run=0 interval=4 step=3044 loss=0.924749
train_loss run=0 interval=4 step=3045 loss=0.935676
train_loss run=0 interval=4 step=3046 loss=0.914411
train_loss run=0 interval=4 step=3047 loss=0.953134
train_loss run=0 interval=4 step=3048 loss=0.912836
train_loss run=0 interval=4 step=3049 loss=0.931196
train_loss run=0 interval=4 step=3050 loss=0.939404
train_loss run=0 interval=4 step=3051 loss=0.905678
train_loss run=0 interval=4 step=3052 loss=0.936062
train_loss run=0 interval=4 step=3053 loss=0.978083
train_loss run=0 interval=4 step=3054 loss=0.966831
train_loss run=0 interval=4 step=3055 loss=0.955664
train_loss run=0 interval=4 step=3056 loss=0.929892
train_loss run=0 interval=4 step=3057 loss=0.98833
train_loss run=0 interval=4 step=3058 loss=0.92841
train_loss run=0 interval=4 step=3059 loss=0.967076
train_loss run=0 interval=4 step=3060 loss=0.91645
train_loss run=0 interval=4 step=3061 loss=0.950234
train_loss run=0 interval=4 step=3062 loss=0.960209
train_loss run=0 interval=4 step=3063 loss=0.914002
train_loss run=0 interval=4 step=3064 loss=0.93522
train_loss run=0 interval=4 step=3065 loss=0.962275
train_loss run=0 interval=4 step=3066 loss=0.90785
train_loss run=0 interval=4 step=3067 loss=0.906893
train_loss run=0 interval=4 step=3068 loss=0.929505
train_loss run=0 interval=4 step=3069 loss=0.900313
train_loss run=0 interval=4 step=3070 loss=0.910848
train_loss run=0 interval=4 step=3071 loss=0.942278
train_loss run=0 interval=4 step=3072 loss=0.941456
train_loss run=0 interval=4 step=3073 loss=0.982822
train_loss run=0 interval=4 step=3074 loss=0.928706
train_loss run=0 interval=4 step=3075 loss=0.929509
train_loss run=0 interval=4 step=3076 loss=0.912885
train_loss run=0 interval=4 step=3077 loss=0.914328
train_loss run=0 interval=4 step=3078 loss=0.989395
train_loss run=0 interval=4 step=3079 loss=0.921721
train_loss run=0 interval=4 step=3080 loss=0.940696
train_loss run=0 interval=4 step=3081 loss=0.909768
train_loss run=0 interval=4 step=3082 loss=0.944112
train_loss run=0 interval=4 step=3083 loss=0.936065
train_loss run=0 interval=4 step=3084 loss=0.920787
train_loss run=0 interval=4 step=3085 loss=0.941996
train_loss run=0 interval=4 step=3086 loss=0.959728
train_loss run=0 interval=4 step=3087 loss=0.918056
train_loss run=0 interval=4 step=3088 loss=0.925116
train_loss run=0 interval=4 step=3089 loss=0.961201
train_loss run=0 interval=4 step=3090 loss=0.927894
train_loss run=0 interval=4 step=3091 loss=0.924392
train_loss run=0 interval=4 step=3092 loss=0.916809
train_loss run=0 interval=4 step=3093 loss=0.937564
train_loss run=0 interval=4 step=3094 loss=0.931715
train_loss run=0 interval=4 step=3095 loss=0.927521
train_loss run=0 interval=4 step=3096 loss=0.97279
train_loss run=0 interval=4 step=3097 loss=0.953006
train_loss run=0 interval=4 step=3098 loss=0.921858
train_loss run=0 interval=4 step=3099 loss=0.962252
train_loss run=0 interval=4 step=3100 loss=0.930242
train_loss run=0 interval=4 step=3101 loss=0.942187
train_loss run=0 interval=4 step=3102 loss=0.919876
train_loss run=0 interval=4 step=3103 loss=0.922199
train_loss run=0 interval=4 step=3104 loss=0.975293
train_loss run=0 interval=4 step=3105 loss=0.915083
train_loss run=0 interval=4 step=3106 loss=0.951106
train_loss run=0 interval=4 step=3107 loss=0.948195
train_loss run=0 interval=4 step=3108 loss=0.948223
train_loss run=0 interval=4 step=3109 loss=0.957325
train_loss run=0 interval=4 step=3110 loss=0.939434
train_loss run=0 interval=4 step=3111 loss=0.973596
train_loss run=0 interval=4 step=3112 loss=0.931109
train_loss run=0 interval=4 step=3113 loss=0.971358
train_loss run=0 interval=4 step=3114 loss=0.931026
train_loss run=0 interval=4 step=3115 loss=0.929213
train_loss run=0 interval=4 step=3116 loss=0.953659
train_loss run=0 interval=4 step=3117 loss=0.931594
train_loss run=0 interval=4 step=3118 loss=0.897339
train_loss run=0 interval=4 step=3119 loss=0.948437
train_loss run=0 interval=4 step=3120 loss=0.95076
train_loss run=0 interval=4 step=3121 loss=0.9488
train_loss run=0 interval=4 step=3122 loss=0.945226
train_loss run=0 interval=4 step=3123 loss=0.937502
train_loss run=0 interval=4 step=3124 loss=0.969698
train_loss run=0 interval=4 step=3125 loss=0.922876
train_loss run=0 interval=4 step=3126 loss=0.91646
train_loss run=0 interval=4 step=3127 loss=0.913568
train_loss run=0 interval=4 step=3128 loss=0.982742
train_loss run=0 interval=4 step=3129 loss=0.897688
train_loss run=0 interval=4 step=3130 loss=0.963567
train_loss run=0 interval=4 step=3131 loss=0.933828
train_loss run=0 interval=4 step=3132 loss=0.918444
train_loss run=0 interval=4 step=3133 loss=0.953238
train_loss run=0 interval=4 step=3134 loss=0.961825
train_loss run=0 interval=4 step=3135 loss=0.92131
train_loss run=0 interval=4 step=3136 loss=0.928533
train_loss run=0 interval=4 step=3137 loss=0.942438
train_loss run=0 interval=4 step=3138 loss=0.936047
train_loss run=0 interval=4 step=3139 loss=0.937123
train_loss run=0 interval=4 step=3140 loss=0.936153
train_loss run=0 interval=4 step=3141 loss=0.921609
train_loss run=0 interval=4 step=3142 loss=0.948301
train_loss run=0 interval=4 step=3143 loss=0.986929
train_loss run=0 interval=4 step=3144 loss=0.931308
train_loss run=0 interval=4 step=3145 loss=0.94621
train_loss run=0 interval=4 step=3146 loss=0.942067
train_loss run=0 interval=4 step=3147 loss=0.977855
train_loss run=0 interval=4 step=3148 loss=0.904689
train_loss run=0 interval=4 step=3149 loss=0.938856
train_loss run=0 interval=4 step=3150 loss=0.918033
train_loss run=0 interval=4 step=3151 loss=0.934391
train_loss run=0 interval=4 step=3152 loss=0.942128
train_loss run=0 interval=4 step=3153 loss=0.953274
train_loss run=0 interval=4 step=3154 loss=0.939312
train_loss run=0 interval=4 step=3155 loss=0.918167
train_loss run=0 interval=4 step=3156 loss=0.913806
train_loss run=0 interval=4 step=3157 loss=0.941124
train_loss run=0 interval=4 step=3158 loss=0.937135
train_loss run=0 interval=4 step=3159 loss=0.908911
train_loss run=0 interval=4 step=3160 loss=0.916213
train_loss run=0 interval=4 step=3161 loss=0.93656
train_loss run=0 interval=4 step=3162 loss=0.916066
train_loss run=0 interval=4 step=3163 loss=0.960421
train_loss run=0 interval=4 step=3164 loss=0.935319
train_loss run=0 interval=4 step=3165 loss=0.923901
train_loss run=0 interval=4 step=3166 loss=0.969704
train_loss run=0 interval=4 step=3167 loss=0.913954
train_loss run=0 interval=4 step=3168 loss=0.945262
train_loss run=0 interval=4 step=3169 loss=0.924224
train_loss run=0 interval=4 step=3170 loss=0.924514
train_loss run=0 interval=4 step=3171 loss=0.955419
train_loss run=0 interval=4 step=3172 loss=0.925462
train_loss run=0 interval=4 step=3173 loss=0.913276
train_loss run=0 interval=4 step=3174 loss=0.905789
train_loss run=0 interval=4 step=3175 loss=0.932298
train_loss run=0 interval=4 step=3176 loss=0.942117
train_loss run=0 interval=4 step=3177 loss=0.915621
train_loss run=0 interval=4 step=3178 loss=0.94457
train_loss run=0 interval=4 step=3179 loss=0.94704
train_loss run=0 interval=4 step=3180 loss=0.953756
train_loss run=0 interval=4 step=3181 loss=0.912764
train_loss run=0 interval=4 step=3182 loss=0.936106
train_loss run=0 interval=4 step=3183 loss=0.914895
train_loss run=0 interval=4 step=3184 loss=0.931449
train_loss run=0 interval=4 step=3185 loss=0.911112
train_loss run=0 interval=4 step=3186 loss=0.915476
train_loss run=0 interval=4 step=3187 loss=0.92224
train_loss run=0 interval=4 step=3188 loss=0.920169
train_loss run=0 interval=4 step=3189 loss=0.954959
train_loss run=0 interval=4 step=3190 loss=0.966521
train_loss run=0 interval=4 step=3191 loss=0.906063
train_loss run=0 interval=4 step=3192 loss=0.938163
train_loss run=0 interval=4 step=3193 loss=0.93768
train_loss run=0 interval=4 step=3194 loss=0.961648
train_loss run=0 interval=4 step=3195 loss=0.933645
train_loss run=0 interval=4 step=3196 loss=0.913284
train_loss run=0 interval=4 step=3197 loss=0.924625
train_loss run=0 interval=4 step=3198 loss=0.953366
train_loss run=0 interval=4 step=3199 loss=0.96195
train_loss run=0 interval=4 step=3200 loss=0.927491
interval_boundary_eval run=0 interval=4 step=3200 total_steps=3200 tta_val_acc=0.9368
val_acc=0.9242 tta_val_acc=0.9368 seconds=787.1750
base_config run=1
{
  "batch_size": 125,
  "num_epochs": 8,
  "overfit": false,
  "hparam_tuning": {
    "algorithm": "interval",
    "interval_steps": 640,
    "cooldown_steps": 160,
    "parameters": {"conv.initial_lr": null, "conv.momentum": [0.0, 0.1, 0.2, 0.3, 0.4, 0.5, 0.6, 0.7, 0.8, 0.9, 0.95, 0.99]},
    "max_side_steps": 20,
    "lr_factor": 0.6,
    "initial_dropoff_margin": 0.02,
    "metric": "tta_val_acc"
  },
  "param_groups": {
    "whiten_weight": {"algorithm": "sgd", "lr_scheduler": {"type": "constant", "initial_lr": 0.0}, "momentum": 0.85, "nesterov": true},
    "norm_weight": {"algorithm": "sgd", "lr_scheduler": {"type": "constant", "initial_lr": 0.0}, "momentum": 0.85, "nesterov": true},
    "whiten_bias": {"algorithm": "sgd", "lr_scheduler": {"type": "linear", "initial_lr": 6.5, "decay_epochs": 3}, "momentum": 0.85, "nesterov": true},
    "norm_bias": {"algorithm": "sgd", "lr_scheduler": {"type": "linear", "initial_lr": 6.5, "decay_epochs": 8}, "momentum": 0.85, "nesterov": true},
    "head": {"algorithm": "sgd", "lr_scheduler": {"type": "linear", "initial_lr": 84, "decay_epochs": 8}, "momentum": 0.85, "nesterov": true},
    "conv": {"algorithm": "muon", "lr_scheduler": {"type": "linear", "initial_lr": 0.04, "decay_epochs": 8}, "momentum": 0.6, "nesterov": true}
  }
}
search run=1 interval=0 phase=main metric=tta_val_acc
main hparams: conv.initial_lr=0.04 conv.momentum=0.6 main=0.8455
main hparams: conv.initial_lr=0.067 conv.momentum=0.6 main=0.8216
main hparams: conv.initial_lr=0.024 conv.momentum=0.6 main=0.8595
main hparams: conv.initial_lr=0.014 conv.momentum=0.6 main=0.8567
main hparams: conv.initial_lr=0.0086 conv.momentum=0.6 main=0.8314
main hparams: conv.initial_lr=0.04 conv.momentum=0.5 main=0.8579
main hparams: conv.initial_lr=0.04 conv.momentum=0.4 main=0.8578
search_path step=0 conv.initial_lr=0.04 conv.momentum=0.6 tta_val_acc=0.8455
search_path step=1 conv.initial_lr=0.04 conv.momentum=0.5 tta_val_acc=0.8579
search run=1 interval=0 phase=cooldown metric=tta_val_acc
main hparams: conv.initial_lr=0.04 conv.momentum=0.5
conv.initial_lr=0.04 -> tta_val_acc=0.8526
conv.initial_lr=0.024 -> tta_val_acc=0.8861
conv.initial_lr=0.014 -> tta_val_acc=0.8947
conv.initial_lr=0.0086 -> tta_val_acc=0.8925
conv.initial_lr=0.0084 -> tta_val_acc=0.893
conv.initial_lr=0.023 -> tta_val_acc=0.8879
search_path step=0 conv.initial_lr=0.04 tta_val_acc=0.8526
search_path step=1 conv.initial_lr=0.014 tta_val_acc=0.8947
search run=1 interval=0 phase=main metric=tta_val_acc
cooldown hparams: conv.initial_lr=0.014
main hparams: conv.initial_lr=0.04 conv.momentum=0.5 best_cooldown=0.8947
main hparams: conv.initial_lr=0.024 conv.momentum=0.5 best_cooldown=0.884
main hparams: conv.initial_lr=0.067 conv.momentum=0.5 best_cooldown=0.8881
main hparams: conv.initial_lr=0.04 conv.momentum=0.4 best_cooldown=0.8935
main hparams: conv.initial_lr=0.04 conv.momentum=0.6 best_cooldown=0.896
main hparams: conv.initial_lr=0.04 conv.momentum=0.7 best_cooldown=0.8882
main hparams: conv.initial_lr=0.024 conv.momentum=0.6 best_cooldown=0.8851
main hparams: conv.initial_lr=0.067 conv.momentum=0.6 best_cooldown=0.8886
search_path step=0 conv.initial_lr=0.04 conv.momentum=0.5 tta_val_acc=0.8947
search_path step=1 conv.initial_lr=0.04 conv.momentum=0.6 tta_val_acc=0.896
search run=1 interval=0 phase=cooldown metric=tta_val_acc
main hparams: conv.initial_lr=0.04 conv.momentum=0.6
conv.initial_lr=0.014 -> tta_val_acc=0.896
conv.initial_lr=0.0084 -> tta_val_acc=0.8955
conv.initial_lr=0.023 -> tta_val_acc=0.886
search_path step=0 conv.initial_lr=0.014 tta_val_acc=0.896
train_hparams run=1 interval=0 start_step=0 completed_steps=640 total_steps=3200 conv.initial_lr=0.04 conv.momentum=0.6
train_loss run=1 interval=0 step=1 loss=2.29908
train_loss run=1 interval=0 step=2 loss=2.29443
train_loss run=1 interval=0 step=3 loss=2.27519
train_loss run=1 interval=0 step=4 loss=2.26561
train_loss run=1 interval=0 step=5 loss=2.22169
train_loss run=1 interval=0 step=6 loss=2.21185
train_loss run=1 interval=0 step=7 loss=2.1937
train_loss run=1 interval=0 step=8 loss=2.14168
train_loss run=1 interval=0 step=9 loss=2.12169
train_loss run=1 interval=0 step=10 loss=2.09317
train_loss run=1 interval=0 step=11 loss=2.10691
train_loss run=1 interval=0 step=12 loss=2.06133
train_loss run=1 interval=0 step=13 loss=2.02639
train_loss run=1 interval=0 step=14 loss=2.07627
train_loss run=1 interval=0 step=15 loss=2.05005
train_loss run=1 interval=0 step=16 loss=1.99314
train_loss run=1 interval=0 step=17 loss=1.99563
train_loss run=1 interval=0 step=18 loss=1.89953
train_loss run=1 interval=0 step=19 loss=1.95598
train_loss run=1 interval=0 step=20 loss=1.92785
train_loss run=1 interval=0 step=21 loss=1.93647
train_loss run=1 interval=0 step=22 loss=1.91294
train_loss run=1 interval=0 step=23 loss=1.89384
train_loss run=1 interval=0 step=24 loss=1.85379
train_loss run=1 interval=0 step=25 loss=1.87471
train_loss run=1 interval=0 step=26 loss=1.80308
train_loss run=1 interval=0 step=27 loss=1.82756
train_loss run=1 interval=0 step=28 loss=1.73796
train_loss run=1 interval=0 step=29 loss=1.80898
train_loss run=1 interval=0 step=30 loss=1.80755
train_loss run=1 interval=0 step=31 loss=1.79266
train_loss run=1 interval=0 step=32 loss=1.7605
train_loss run=1 interval=0 step=33 loss=1.76792
train_loss run=1 interval=0 step=34 loss=1.73139
train_loss run=1 interval=0 step=35 loss=1.72376
train_loss run=1 interval=0 step=36 loss=1.65944
train_loss run=1 interval=0 step=37 loss=1.72875
train_loss run=1 interval=0 step=38 loss=1.62987
train_loss run=1 interval=0 step=39 loss=1.64504
train_loss run=1 interval=0 step=40 loss=1.65555
train_loss run=1 interval=0 step=41 loss=1.75009
train_loss run=1 interval=0 step=42 loss=1.70008
train_loss run=1 interval=0 step=43 loss=1.75491
train_loss run=1 interval=0 step=44 loss=1.72123
train_loss run=1 interval=0 step=45 loss=1.72821
train_loss run=1 interval=0 step=46 loss=1.62595
train_loss run=1 interval=0 step=47 loss=1.64263
train_loss run=1 interval=0 step=48 loss=1.58332
train_loss run=1 interval=0 step=49 loss=1.58931
train_loss run=1 interval=0 step=50 loss=1.56068
train_loss run=1 interval=0 step=51 loss=1.68206
train_loss run=1 interval=0 step=52 loss=1.58707
train_loss run=1 interval=0 step=53 loss=1.60084
train_loss run=1 interval=0 step=54 loss=1.64327
train_loss run=1 interval=0 step=55 loss=1.60077
train_loss run=1 interval=0 step=56 loss=1.66779
train_loss run=1 interval=0 step=57 loss=1.47938
train_loss run=1 interval=0 step=58 loss=1.56221
train_loss run=1 interval=0 step=59 loss=1.48937
train_loss run=1 interval=0 step=60 loss=1.52581
train_loss run=1 interval=0 step=61 loss=1.54121
train_loss run=1 interval=0 step=62 loss=1.58313
train_loss run=1 interval=0 step=63 loss=1.60214
train_loss run=1 interval=0 step=64 loss=1.55457
train_loss run=1 interval=0 step=65 loss=1.45007
train_loss run=1 interval=0 step=66 loss=1.55257
train_loss run=1 interval=0 step=67 loss=1.50471
train_loss run=1 interval=0 step=68 loss=1.51773
train_loss run=1 interval=0 step=69 loss=1.61363
train_loss run=1 interval=0 step=70 loss=1.51804
train_loss run=1 interval=0 step=71 loss=1.4515
train_loss run=1 interval=0 step=72 loss=1.59506
train_loss run=1 interval=0 step=73 loss=1.49826
train_loss run=1 interval=0 step=74 loss=1.5377
train_loss run=1 interval=0 step=75 loss=1.59388
train_loss run=1 interval=0 step=76 loss=1.63038
train_loss run=1 interval=0 step=77 loss=1.49398
train_loss run=1 interval=0 step=78 loss=1.42385
train_loss run=1 interval=0 step=79 loss=1.47118
train_loss run=1 interval=0 step=80 loss=1.48977
train_loss run=1 interval=0 step=81 loss=1.44053
train_loss run=1 interval=0 step=82 loss=1.51083
train_loss run=1 interval=0 step=83 loss=1.44387
train_loss run=1 interval=0 step=84 loss=1.48967
train_loss run=1 interval=0 step=85 loss=1.52294
train_loss run=1 interval=0 step=86 loss=1.46795
train_loss run=1 interval=0 step=87 loss=1.51529
train_loss run=1 interval=0 step=88 loss=1.51808
train_loss run=1 interval=0 step=89 loss=1.40462
train_loss run=1 interval=0 step=90 loss=1.47331
train_loss run=1 interval=0 step=91 loss=1.48336
train_loss run=1 interval=0 step=92 loss=1.35927
train_loss run=1 interval=0 step=93 loss=1.54255
train_loss run=1 interval=0 step=94 loss=1.37105
train_loss run=1 interval=0 step=95 loss=1.54228
train_loss run=1 interval=0 step=96 loss=1.61878
train_loss run=1 interval=0 step=97 loss=1.36287
train_loss run=1 interval=0 step=98 loss=1.40394
train_loss run=1 interval=0 step=99 loss=1.49413
train_loss run=1 interval=0 step=100 loss=1.50078
train_loss run=1 interval=0 step=101 loss=1.39299
train_loss run=1 interval=0 step=102 loss=1.47085
train_loss run=1 interval=0 step=103 loss=1.45965
train_loss run=1 interval=0 step=104 loss=1.44563
train_loss run=1 interval=0 step=105 loss=1.42414
train_loss run=1 interval=0 step=106 loss=1.44668
train_loss run=1 interval=0 step=107 loss=1.47388
train_loss run=1 interval=0 step=108 loss=1.42606
train_loss run=1 interval=0 step=109 loss=1.4148
train_loss run=1 interval=0 step=110 loss=1.44182
train_loss run=1 interval=0 step=111 loss=1.47749
train_loss run=1 interval=0 step=112 loss=1.43234
train_loss run=1 interval=0 step=113 loss=1.33759
train_loss run=1 interval=0 step=114 loss=1.37292
train_loss run=1 interval=0 step=115 loss=1.40375
train_loss run=1 interval=0 step=116 loss=1.39352
train_loss run=1 interval=0 step=117 loss=1.36508
train_loss run=1 interval=0 step=118 loss=1.35219
train_loss run=1 interval=0 step=119 loss=1.3373
train_loss run=1 interval=0 step=120 loss=1.41603
train_loss run=1 interval=0 step=121 loss=1.40165
train_loss run=1 interval=0 step=122 loss=1.41385
train_loss run=1 interval=0 step=123 loss=1.3939
train_loss run=1 interval=0 step=124 loss=1.34562
train_loss run=1 interval=0 step=125 loss=1.31548
train_loss run=1 interval=0 step=126 loss=1.48042
train_loss run=1 interval=0 step=127 loss=1.46672
train_loss run=1 interval=0 step=128 loss=1.41336
train_loss run=1 interval=0 step=129 loss=1.42534
train_loss run=1 interval=0 step=130 loss=1.43154
train_loss run=1 interval=0 step=131 loss=1.28246
train_loss run=1 interval=0 step=132 loss=1.42104
train_loss run=1 interval=0 step=133 loss=1.39535
train_loss run=1 interval=0 step=134 loss=1.3804
train_loss run=1 interval=0 step=135 loss=1.40232
train_loss run=1 interval=0 step=136 loss=1.31891
train_loss run=1 interval=0 step=137 loss=1.29456
train_loss run=1 interval=0 step=138 loss=1.36884
train_loss run=1 interval=0 step=139 loss=1.37223
train_loss run=1 interval=0 step=140 loss=1.36696
train_loss run=1 interval=0 step=141 loss=1.32476
train_loss run=1 interval=0 step=142 loss=1.37409
train_loss run=1 interval=0 step=143 loss=1.41481
train_loss run=1 interval=0 step=144 loss=1.38737
train_loss run=1 interval=0 step=145 loss=1.31739
train_loss run=1 interval=0 step=146 loss=1.32506
train_loss run=1 interval=0 step=147 loss=1.35398
train_loss run=1 interval=0 step=148 loss=1.32008
train_loss run=1 interval=0 step=149 loss=1.2646
train_loss run=1 interval=0 step=150 loss=1.40077
train_loss run=1 interval=0 step=151 loss=1.29055
train_loss run=1 interval=0 step=152 loss=1.24697
train_loss run=1 interval=0 step=153 loss=1.43827
train_loss run=1 interval=0 step=154 loss=1.47415
train_loss run=1 interval=0 step=155 loss=1.3048
train_loss run=1 interval=0 step=156 loss=1.39036
train_loss run=1 interval=0 step=157 loss=1.33891
train_loss run=1 interval=0 step=158 loss=1.28947
train_loss run=1 interval=0 step=159 loss=1.3299
train_loss run=1 interval=0 step=160 loss=1.39937
train_loss run=1 interval=0 step=161 loss=1.39052
train_loss run=1 interval=0 step=162 loss=1.26714
train_loss run=1 interval=0 step=163 loss=1.32632
train_loss run=1 interval=0 step=164 loss=1.40304
train_loss run=1 interval=0 step=165 loss=1.33506
train_loss run=1 interval=0 step=166 loss=1.33189
train_loss run=1 interval=0 step=167 loss=1.34856
train_loss run=1 interval=0 step=168 loss=1.32715
train_loss run=1 interval=0 step=169 loss=1.30907
train_loss run=1 interval=0 step=170 loss=1.31272
train_loss run=1 interval=0 step=171 loss=1.37049
train_loss run=1 interval=0 step=172 loss=1.36446
train_loss run=1 interval=0 step=173 loss=1.33171
train_loss run=1 interval=0 step=174 loss=1.35922
train_loss run=1 interval=0 step=175 loss=1.34903
train_loss run=1 interval=0 step=176 loss=1.3528
train_loss run=1 interval=0 step=177 loss=1.34128
train_loss run=1 interval=0 step=178 loss=1.30163
train_loss run=1 interval=0 step=179 loss=1.34298
train_loss run=1 interval=0 step=180 loss=1.35595
train_loss run=1 interval=0 step=181 loss=1.30649
train_loss run=1 interval=0 step=182 loss=1.32421
train_loss run=1 interval=0 step=183 loss=1.25886
train_loss run=1 interval=0 step=184 loss=1.35804
train_loss run=1 interval=0 step=185 loss=1.34045
train_loss run=1 interval=0 step=186 loss=1.32873
train_loss run=1 interval=0 step=187 loss=1.3303
train_loss run=1 interval=0 step=188 loss=1.39969
train_loss run=1 interval=0 step=189 loss=1.34171
train_loss run=1 interval=0 step=190 loss=1.26583
train_loss run=1 interval=0 step=191 loss=1.33232
train_loss run=1 interval=0 step=192 loss=1.34758
train_loss run=1 interval=0 step=193 loss=1.3222
train_loss run=1 interval=0 step=194 loss=1.32505
train_loss run=1 interval=0 step=195 loss=1.27012
train_loss run=1 interval=0 step=196 loss=1.31513
train_loss run=1 interval=0 step=197 loss=1.30693
train_loss run=1 interval=0 step=198 loss=1.32756
train_loss run=1 interval=0 step=199 loss=1.33471
train_loss run=1 interval=0 step=200 loss=1.39458
train_loss run=1 interval=0 step=201 loss=1.34544
train_loss run=1 interval=0 step=202 loss=1.25593
train_loss run=1 interval=0 step=203 loss=1.34682
train_loss run=1 interval=0 step=204 loss=1.27692
train_loss run=1 interval=0 step=205 loss=1.3453
train_loss run=1 interval=0 step=206 loss=1.33716
train_loss run=1 interval=0 step=207 loss=1.27255
train_loss run=1 interval=0 step=208 loss=1.29946
train_loss run=1 interval=0 step=209 loss=1.29203
train_loss run=1 interval=0 step=210 loss=1.25767
train_loss run=1 interval=0 step=211 loss=1.34035
train_loss run=1 interval=0 step=212 loss=1.28485
train_loss run=1 interval=0 step=213 loss=1.31756
train_loss run=1 interval=0 step=214 loss=1.43047
train_loss run=1 interval=0 step=215 loss=1.3247
train_loss run=1 interval=0 step=216 loss=1.36799
train_loss run=1 interval=0 step=217 loss=1.29094
train_loss run=1 interval=0 step=218 loss=1.31071
train_loss run=1 interval=0 step=219 loss=1.24063
train_loss run=1 interval=0 step=220 loss=1.25327
train_loss run=1 interval=0 step=221 loss=1.24705
train_loss run=1 interval=0 step=222 loss=1.28212
train_loss run=1 interval=0 step=223 loss=1.31687
train_loss run=1 interval=0 step=224 loss=1.3258
train_loss run=1 interval=0 step=225 loss=1.25956
train_loss run=1 interval=0 step=226 loss=1.31235
train_loss run=1 interval=0 step=227 loss=1.25481
train_loss run=1 interval=0 step=228 loss=1.18278
train_loss run=1 interval=0 step=229 loss=1.29418
train_loss run=1 interval=0 step=230 loss=1.29654
train_loss run=1 interval=0 step=231 loss=1.3072
train_loss run=1 interval=0 step=232 loss=1.30984
train_loss run=1 interval=0 step=233 loss=1.27848
train_loss run=1 interval=0 step=234 loss=1.28828
train_loss run=1 interval=0 step=235 loss=1.33477
train_loss run=1 interval=0 step=236 loss=1.29034
train_loss run=1 interval=0 step=237 loss=1.33847
train_loss run=1 interval=0 step=238 loss=1.36232
train_loss run=1 interval=0 step=239 loss=1.31125
train_loss run=1 interval=0 step=240 loss=1.29073
train_loss run=1 interval=0 step=241 loss=1.26883
train_loss run=1 interval=0 step=242 loss=1.31922
train_loss run=1 interval=0 step=243 loss=1.35205
train_loss run=1 interval=0 step=244 loss=1.2984
train_loss run=1 interval=0 step=245 loss=1.2744
train_loss run=1 interval=0 step=246 loss=1.32656
train_loss run=1 interval=0 step=247 loss=1.30608
train_loss run=1 interval=0 step=248 loss=1.31185
train_loss run=1 interval=0 step=249 loss=1.25549
train_loss run=1 interval=0 step=250 loss=1.25198
train_loss run=1 interval=0 step=251 loss=1.28381
train_loss run=1 interval=0 step=252 loss=1.28741
train_loss run=1 interval=0 step=253 loss=1.26754
train_loss run=1 interval=0 step=254 loss=1.35178
train_loss run=1 interval=0 step=255 loss=1.28495
train_loss run=1 interval=0 step=256 loss=1.23904
train_loss run=1 interval=0 step=257 loss=1.30099
train_loss run=1 interval=0 step=258 loss=1.23298
train_loss run=1 interval=0 step=259 loss=1.29571
train_loss run=1 interval=0 step=260 loss=1.28887
train_loss run=1 interval=0 step=261 loss=1.24176
train_loss run=1 interval=0 step=262 loss=1.42669
train_loss run=1 interval=0 step=263 loss=1.31224
train_loss run=1 interval=0 step=264 loss=1.26739
train_loss run=1 interval=0 step=265 loss=1.24629
train_loss run=1 interval=0 step=266 loss=1.34617
train_loss run=1 interval=0 step=267 loss=1.32416
train_loss run=1 interval=0 step=268 loss=1.34013
train_loss run=1 interval=0 step=269 loss=1.29116
train_loss run=1 interval=0 step=270 loss=1.29337
train_loss run=1 interval=0 step=271 loss=1.26
train_loss run=1 interval=0 step=272 loss=1.26608
train_loss run=1 interval=0 step=273 loss=1.27088
train_loss run=1 interval=0 step=274 loss=1.23534
train_loss run=1 interval=0 step=275 loss=1.22407
train_loss run=1 interval=0 step=276 loss=1.27954
train_loss run=1 interval=0 step=277 loss=1.2383
train_loss run=1 interval=0 step=278 loss=1.24959
train_loss run=1 interval=0 step=279 loss=1.24441
train_loss run=1 interval=0 step=280 loss=1.24706
train_loss run=1 interval=0 step=281 loss=1.24077
train_loss run=1 interval=0 step=282 loss=1.2642
train_loss run=1 interval=0 step=283 loss=1.17942
train_loss run=1 interval=0 step=284 loss=1.29991
train_loss run=1 interval=0 step=285 loss=1.27055
train_loss run=1 interval=0 step=286 loss=1.29155
train_loss run=1 interval=0 step=287 loss=1.2829
train_loss run=1 interval=0 step=288 loss=1.2445
train_loss run=1 interval=0 step=289 loss=1.31169
train_loss run=1 interval=0 step=290 loss=1.28692
train_loss run=1 interval=0 step=291 loss=1.30766
train_loss run=1 interval=0 step=292 loss=1.19472
train_loss run=1 interval=0 step=293 loss=1.33537
train_loss run=1 interval=0 step=294 loss=1.28401
train_loss run=1 interval=0 step=295 loss=1.28096
train_loss run=1 interval=0 step=296 loss=1.29468
train_loss run=1 interval=0 step=297 loss=1.20669
train_loss run=1 interval=0 step=298 loss=1.22106
train_loss run=1 interval=0 step=299 loss=1.24704
train_loss run=1 interval=0 step=300 loss=1.30321
train_loss run=1 interval=0 step=301 loss=1.21375
train_loss run=1 interval=0 step=302 loss=1.24887
train_loss run=1 interval=0 step=303 loss=1.23875
train_loss run=1 interval=0 step=304 loss=1.26105
train_loss run=1 interval=0 step=305 loss=1.22818
train_loss run=1 interval=0 step=306 loss=1.23811
train_loss run=1 interval=0 step=307 loss=1.25439
train_loss run=1 interval=0 step=308 loss=1.29005
train_loss run=1 interval=0 step=309 loss=1.25087
train_loss run=1 interval=0 step=310 loss=1.31154
train_loss run=1 interval=0 step=311 loss=1.21112
train_loss run=1 interval=0 step=312 loss=1.23521
train_loss run=1 interval=0 step=313 loss=1.25068
train_loss run=1 interval=0 step=314 loss=1.19695
train_loss run=1 interval=0 step=315 loss=1.20021
train_loss run=1 interval=0 step=316 loss=1.28402
train_loss run=1 interval=0 step=317 loss=1.22662
train_loss run=1 interval=0 step=318 loss=1.23667
train_loss run=1 interval=0 step=319 loss=1.25796
train_loss run=1 interval=0 step=320 loss=1.22321
train_loss run=1 interval=0 step=321 loss=1.35728
train_loss run=1 interval=0 step=322 loss=1.2861
train_loss run=1 interval=0 step=323 loss=1.28921
train_loss run=1 interval=0 step=324 loss=1.20291
train_loss run=1 interval=0 step=325 loss=1.26023
train_loss run=1 interval=0 step=326 loss=1.30789
train_loss run=1 interval=0 step=327 loss=1.24259
train_loss run=1 interval=0 step=328 loss=1.30665
train_loss run=1 interval=0 step=329 loss=1.24397
train_loss run=1 interval=0 step=330 loss=1.29387
train_loss run=1 interval=0 step=331 loss=1.21489
train_loss run=1 interval=0 step=332 loss=1.29179
train_loss run=1 interval=0 step=333 loss=1.24786
train_loss run=1 interval=0 step=334 loss=1.25241
train_loss run=1 interval=0 step=335 loss=1.26292
train_loss run=1 interval=0 step=336 loss=1.31498
train_loss run=1 interval=0 step=337 loss=1.22468
train_loss run=1 interval=0 step=338 loss=1.25165
train_loss run=1 interval=0 step=339 loss=1.2072
train_loss run=1 interval=0 step=340 loss=1.26678
train_loss run=1 interval=0 step=341 loss=1.27443
train_loss run=1 interval=0 step=342 loss=1.22987
train_loss run=1 interval=0 step=343 loss=1.26175
train_loss run=1 interval=0 step=344 loss=1.2792
train_loss run=1 interval=0 step=345 loss=1.18621
train_loss run=1 interval=0 step=346 loss=1.28152
train_loss run=1 interval=0 step=347 loss=1.21613
train_loss run=1 interval=0 step=348 loss=1.26274
train_loss run=1 interval=0 step=349 loss=1.25786
train_loss run=1 interval=0 step=350 loss=1.26148
train_loss run=1 interval=0 step=351 loss=1.20246
train_loss run=1 interval=0 step=352 loss=1.27736
train_loss run=1 interval=0 step=353 loss=1.16911
train_loss run=1 interval=0 step=354 loss=1.20091
train_loss run=1 interval=0 step=355 loss=1.26659
train_loss run=1 interval=0 step=356 loss=1.19235
train_loss run=1 interval=0 step=357 loss=1.20297
train_loss run=1 interval=0 step=358 loss=1.23006
train_loss run=1 interval=0 step=359 loss=1.19688
train_loss run=1 interval=0 step=360 loss=1.25088
train_loss run=1 interval=0 step=361 loss=1.26432
train_loss run=1 interval=0 step=362 loss=1.1943
train_loss run=1 interval=0 step=363 loss=1.24512
train_loss run=1 interval=0 step=364 loss=1.24598
train_loss run=1 interval=0 step=365 loss=1.2075
train_loss run=1 interval=0 step=366 loss=1.30614
train_loss run=1 interval=0 step=367 loss=1.1634
train_loss run=1 interval=0 step=368 loss=1.2489
train_loss run=1 interval=0 step=369 loss=1.26318
train_loss run=1 interval=0 step=370 loss=1.30753
train_loss run=1 interval=0 step=371 loss=1.2255
train_loss run=1 interval=0 step=372 loss=1.17057
train_loss run=1 interval=0 step=373 loss=1.21861
train_loss run=1 interval=0 step=374 loss=1.19537
train_loss run=1 interval=0 step=375 loss=1.16138
train_loss run=1 interval=0 step=376 loss=1.18725
train_loss run=1 interval=0 step=377 loss=1.18953
train_loss run=1 interval=0 step=378 loss=1.2829
train_loss run=1 interval=0 step=379 loss=1.2724
train_loss run=1 interval=0 step=380 loss=1.21245
train_loss run=1 interval=0 step=381 loss=1.17649
train_loss run=1 interval=0 step=382 loss=1.22534
train_loss run=1 interval=0 step=383 loss=1.24366
train_loss run=1 interval=0 step=384 loss=1.16021
train_loss run=1 interval=0 step=385 loss=1.31679
train_loss run=1 interval=0 step=386 loss=1.17694
train_loss run=1 interval=0 step=387 loss=1.24033
train_loss run=1 interval=0 step=388 loss=1.16625
train_loss run=1 interval=0 step=389 loss=1.26915
train_loss run=1 interval=0 step=390 loss=1.2244
train_loss run=1 interval=0 step=391 loss=1.16615
train_loss run=1 interval=0 step=392 loss=1.2594
train_loss run=1 interval=0 step=393 loss=1.2403
train_loss run=1 interval=0 step=394 loss=1.19659
train_loss run=1 interval=0 step=395 loss=1.29945
train_loss run=1 interval=0 step=396 loss=1.27281
train_loss run=1 interval=0 step=397 loss=1.26412
train_loss run=1 interval=0 step=398 loss=1.22085
train_loss run=1 interval=0 step=399 loss=1.24057
train_loss run=1 interval=0 step=400 loss=1.23247
train_loss run=1 interval=0 step=401 loss=1.25224
train_loss run=1 interval=0 step=402 loss=1.19899
train_loss run=1 interval=0 step=403 loss=1.23636
train_loss run=1 interval=0 step=404 loss=1.23977
train_loss run=1 interval=0 step=405 loss=1.30311
train_loss run=1 interval=0 step=406 loss=1.26992
train_loss run=1 interval=0 step=407 loss=1.29596
train_loss run=1 interval=0 step=408 loss=1.21246
train_loss run=1 interval=0 step=409 loss=1.23025
train_loss run=1 interval=0 step=410 loss=1.22281
train_loss run=1 interval=0 step=411 loss=1.1875
train_loss run=1 interval=0 step=412 loss=1.28235
train_loss run=1 interval=0 step=413 loss=1.18185
train_loss run=1 interval=0 step=414 loss=1.21753
train_loss run=1 interval=0 step=415 loss=1.25131
train_loss run=1 interval=0 step=416 loss=1.25948
train_loss run=1 interval=0 step=417 loss=1.26665
train_loss run=1 interval=0 step=418 loss=1.30329
train_loss run=1 interval=0 step=419 loss=1.20946
train_loss run=1 interval=0 step=420 loss=1.24166
train_loss run=1 interval=0 step=421 loss=1.24646
train_loss run=1 interval=0 step=422 loss=1.19842
train_loss run=1 interval=0 step=423 loss=1.25008
train_loss run=1 interval=0 step=424 loss=1.267
train_loss run=1 interval=0 step=425 loss=1.26092
train_loss run=1 interval=0 step=426 loss=1.25822
train_loss run=1 interval=0 step=427 loss=1.20716
train_loss run=1 interval=0 step=428 loss=1.20579
train_loss run=1 interval=0 step=429 loss=1.16344
train_loss run=1 interval=0 step=430 loss=1.18565
train_loss run=1 interval=0 step=431 loss=1.19074
train_loss run=1 interval=0 step=432 loss=1.18906
train_loss run=1 interval=0 step=433 loss=1.19699
train_loss run=1 interval=0 step=434 loss=1.30372
train_loss run=1 interval=0 step=435 loss=1.18645
train_loss run=1 interval=0 step=436 loss=1.23176
train_loss run=1 interval=0 step=437 loss=1.17606
train_loss run=1 interval=0 step=438 loss=1.28898
train_loss run=1 interval=0 step=439 loss=1.1979
train_loss run=1 interval=0 step=440 loss=1.22351
train_loss run=1 interval=0 step=441 loss=1.23311
train_loss run=1 interval=0 step=442 loss=1.28677
train_loss run=1 interval=0 step=443 loss=1.27152
train_loss run=1 interval=0 step=444 loss=1.26349
train_loss run=1 interval=0 step=445 loss=1.23084
train_loss run=1 interval=0 step=446 loss=1.19583
train_loss run=1 interval=0 step=447 loss=1.18731
train_loss run=1 interval=0 step=448 loss=1.15016
train_loss run=1 interval=0 step=449 loss=1.24553
train_loss run=1 interval=0 step=450 loss=1.19837
train_loss run=1 interval=0 step=451 loss=1.2394
train_loss run=1 interval=0 step=452 loss=1.19648
train_loss run=1 interval=0 step=453 loss=1.25187
train_loss run=1 interval=0 step=454 loss=1.24215
train_loss run=1 interval=0 step=455 loss=1.2907
train_loss run=1 interval=0 step=456 loss=1.22924
train_loss run=1 interval=0 step=457 loss=1.1442
train_loss run=1 interval=0 step=458 loss=1.1967
train_loss run=1 interval=0 step=459 loss=1.208
train_loss run=1 interval=0 step=460 loss=1.19754
train_loss run=1 interval=0 step=461 loss=1.23275
train_loss run=1 interval=0 step=462 loss=1.25871
train_loss run=1 interval=0 step=463 loss=1.19925
train_loss run=1 interval=0 step=464 loss=1.19334
train_loss run=1 interval=0 step=465 loss=1.23338
train_loss run=1 interval=0 step=466 loss=1.15812
train_loss run=1 interval=0 step=467 loss=1.24
train_loss run=1 interval=0 step=468 loss=1.2314
train_loss run=1 interval=0 step=469 loss=1.24366
train_loss run=1 interval=0 step=470 loss=1.13925
train_loss run=1 interval=0 step=471 loss=1.14404
train_loss run=1 interval=0 step=472 loss=1.17098
train_loss run=1 interval=0 step=473 loss=1.16249
train_loss run=1 interval=0 step=474 loss=1.22728
train_loss run=1 interval=0 step=475 loss=1.20391
train_loss run=1 interval=0 step=476 loss=1.20457
train_loss run=1 interval=0 step=477 loss=1.14867
train_loss run=1 interval=0 step=478 loss=1.19176
train_loss run=1 interval=0 step=479 loss=1.17678
train_loss run=1 interval=0 step=480 loss=1.20834
train_loss run=1 interval=0 step=481 loss=1.24605
train_loss run=1 interval=0 step=482 loss=1.2274
train_loss run=1 interval=0 step=483 loss=1.18256
train_loss run=1 interval=0 step=484 loss=1.16922
train_loss run=1 interval=0 step=485 loss=1.17423
train_loss run=1 interval=0 step=486 loss=1.17196
train_loss run=1 interval=0 step=487 loss=1.21352
train_loss run=1 interval=0 step=488 loss=1.20889
train_loss run=1 interval=0 step=489 loss=1.25237
train_loss run=1 interval=0 step=490 loss=1.37144
train_loss run=1 interval=0 step=491 loss=1.15772
train_loss run=1 interval=0 step=492 loss=1.21978
train_loss run=1 interval=0 step=493 loss=1.23939
train_loss run=1 interval=0 step=494 loss=1.198
train_loss run=1 interval=0 step=495 loss=1.26492
train_loss run=1 interval=0 step=496 loss=1.19812
train_loss run=1 interval=0 step=497 loss=1.13871
train_loss run=1 interval=0 step=498 loss=1.16406
train_loss run=1 interval=0 step=499 loss=1.20101
train_loss run=1 interval=0 step=500 loss=1.17822
train_loss run=1 interval=0 step=501 loss=1.20389
train_loss run=1 interval=0 step=502 loss=1.14061
train_loss run=1 interval=0 step=503 loss=1.15085
train_loss run=1 interval=0 step=504 loss=1.20071
train_loss run=1 interval=0 step=505 loss=1.30714
train_loss run=1 interval=0 step=506 loss=1.17344
train_loss run=1 interval=0 step=507 loss=1.23679
train_loss run=1 interval=0 step=508 loss=1.16286
train_loss run=1 interval=0 step=509 loss=1.15088
train_loss run=1 interval=0 step=510 loss=1.23135
train_loss run=1 interval=0 step=511 loss=1.23664
train_loss run=1 interval=0 step=512 loss=1.20038
train_loss run=1 interval=0 step=513 loss=1.30251
train_loss run=1 interval=0 step=514 loss=1.25191
train_loss run=1 interval=0 step=515 loss=1.23125
train_loss run=1 interval=0 step=516 loss=1.19402
train_loss run=1 interval=0 step=517 loss=1.15244
train_loss run=1 interval=0 step=518 loss=1.14504
train_loss run=1 interval=0 step=519 loss=1.21608
train_loss run=1 interval=0 step=520 loss=1.17532
train_loss run=1 interval=0 step=521 loss=1.18693
train_loss run=1 interval=0 step=522 loss=1.21898
train_loss run=1 interval=0 step=523 loss=1.1625
train_loss run=1 interval=0 step=524 loss=1.24059
train_loss run=1 interval=0 step=525 loss=1.24196
train_loss run=1 interval=0 step=526 loss=1.26189
train_loss run=1 interval=0 step=527 loss=1.17915
train_loss run=1 interval=0 step=528 loss=1.18652
train_loss run=1 interval=0 step=529 loss=1.17634
train_loss run=1 interval=0 step=530 loss=1.23753
train_loss run=1 interval=0 step=531 loss=1.16204
train_loss run=1 interval=0 step=532 loss=1.19837
train_loss run=1 interval=0 step=533 loss=1.21759
train_loss run=1 interval=0 step=534 loss=1.26639
train_loss run=1 interval=0 step=535 loss=1.12839
train_loss run=1 interval=0 step=536 loss=1.26889
train_loss run=1 interval=0 step=537 loss=1.21838
train_loss run=1 interval=0 step=538 loss=1.17458
train_loss run=1 interval=0 step=539 loss=1.16859
train_loss run=1 interval=0 step=540 loss=1.19645
train_loss run=1 interval=0 step=541 loss=1.22101
train_loss run=1 interval=0 step=542 loss=1.12788
train_loss run=1 interval=0 step=543 loss=1.15662
train_loss run=1 interval=0 step=544 loss=1.10111
train_loss run=1 interval=0 step=545 loss=1.18074
train_loss run=1 interval=0 step=546 loss=1.18784
train_loss run=1 interval=0 step=547 loss=1.14654
train_loss run=1 interval=0 step=548 loss=1.22226
train_loss run=1 interval=0 step=549 loss=1.28516
train_loss run=1 interval=0 step=550 loss=1.25134
train_loss run=1 interval=0 step=551 loss=1.23989
train_loss run=1 interval=0 step=552 loss=1.21226
train_loss run=1 interval=0 step=553 loss=1.17897
train_loss run=1 interval=0 step=554 loss=1.16047
train_loss run=1 interval=0 step=555 loss=1.24678
train_loss run=1 interval=0 step=556 loss=1.20976
train_loss run=1 interval=0 step=557 loss=1.2105
train_loss run=1 interval=0 step=558 loss=1.27271
train_loss run=1 interval=0 step=559 loss=1.14687
train_loss run=1 interval=0 step=560 loss=1.23339
train_loss run=1 interval=0 step=561 loss=1.11553
train_loss run=1 interval=0 step=562 loss=1.29661
train_loss run=1 interval=0 step=563 loss=1.1494
train_loss run=1 interval=0 step=564 loss=1.16621
train_loss run=1 interval=0 step=565 loss=1.21855
train_loss run=1 interval=0 step=566 loss=1.26172
train_loss run=1 interval=0 step=567 loss=1.19991
train_loss run=1 interval=0 step=568 loss=1.18016
train_loss run=1 interval=0 step=569 loss=1.17505
train_loss run=1 interval=0 step=570 loss=1.15865
train_loss run=1 interval=0 step=571 loss=1.28399
train_loss run=1 interval=0 step=572 loss=1.25987
train_loss run=1 interval=0 step=573 loss=1.22941
train_loss run=1 interval=0 step=574 loss=1.18966
train_loss run=1 interval=0 step=575 loss=1.20785
train_loss run=1 interval=0 step=576 loss=1.2565
train_loss run=1 interval=0 step=577 loss=1.21709
train_loss run=1 interval=0 step=578 loss=1.1808
train_loss run=1 interval=0 step=579 loss=1.24093
train_loss run=1 interval=0 step=580 loss=1.19747
train_loss run=1 interval=0 step=581 loss=1.18804
train_loss run=1 interval=0 step=582 loss=1.22285
train_loss run=1 interval=0 step=583 loss=1.20501
train_loss run=1 interval=0 step=584 loss=1.17978
train_loss run=1 interval=0 step=585 loss=1.17211
train_loss run=1 interval=0 step=586 loss=1.21938
train_loss run=1 interval=0 step=587 loss=1.1129
train_loss run=1 interval=0 step=588 loss=1.20902
train_loss run=1 interval=0 step=589 loss=1.15126
train_loss run=1 interval=0 step=590 loss=1.18117
train_loss run=1 interval=0 step=591 loss=1.18075
train_loss run=1 interval=0 step=592 loss=1.14634
train_loss run=1 interval=0 step=593 loss=1.18933
train_loss run=1 interval=0 step=594 loss=1.22793
train_loss run=1 interval=0 step=595 loss=1.16872
train_loss run=1 interval=0 step=596 loss=1.16883
train_loss run=1 interval=0 step=597 loss=1.17999
train_loss run=1 interval=0 step=598 loss=1.17067
train_loss run=1 interval=0 step=599 loss=1.1937
train_loss run=1 interval=0 step=600 loss=1.25682
train_loss run=1 interval=0 step=601 loss=1.14871
train_loss run=1 interval=0 step=602 loss=1.265
train_loss run=1 interval=0 step=603 loss=1.23516
train_loss run=1 interval=0 step=604 loss=1.18517
train_loss run=1 interval=0 step=605 loss=1.17906
train_loss run=1 interval=0 step=606 loss=1.19508
train_loss run=1 interval=0 step=607 loss=1.16256
train_loss run=1 interval=0 step=608 loss=1.19604
train_loss run=1 interval=0 step=609 loss=1.24268
train_loss run=1 interval=0 step=610 loss=1.13019
train_loss run=1 interval=0 step=611 loss=1.15219
train_loss run=1 interval=0 step=612 loss=1.16175
train_loss run=1 interval=0 step=613 loss=1.26746
train_loss run=1 interval=0 step=614 loss=1.15842
train_loss run=1 interval=0 step=615 loss=1.11645
train_loss run=1 interval=0 step=616 loss=1.17162
train_loss run=1 interval=0 step=617 loss=1.13912
train_loss run=1 interval=0 step=618 loss=1.15087
train_loss run=1 interval=0 step=619 loss=1.1929
train_loss run=1 interval=0 step=620 loss=1.15678
train_loss run=1 interval=0 step=621 loss=1.24363
train_loss run=1 interval=0 step=622 loss=1.22556
train_loss run=1 interval=0 step=623 loss=1.25335
train_loss run=1 interval=0 step=624 loss=1.16748
train_loss run=1 interval=0 step=625 loss=1.25968
train_loss run=1 interval=0 step=626 loss=1.22787
train_loss run=1 interval=0 step=627 loss=1.18481
train_loss run=1 interval=0 step=628 loss=1.24376
train_loss run=1 interval=0 step=629 loss=1.22556
train_loss run=1 interval=0 step=630 loss=1.28386
train_loss run=1 interval=0 step=631 loss=1.22269
train_loss run=1 interval=0 step=632 loss=1.1305
train_loss run=1 interval=0 step=633 loss=1.16339
train_loss run=1 interval=0 step=634 loss=1.14569
train_loss run=1 interval=0 step=635 loss=1.14826
train_loss run=1 interval=0 step=636 loss=1.18342
train_loss run=1 interval=0 step=637 loss=1.1794
train_loss run=1 interval=0 step=638 loss=1.19376
train_loss run=1 interval=0 step=639 loss=1.21523
train_loss run=1 interval=0 step=640 loss=1.23741
interval_boundary_eval run=1 interval=0 step=640 total_steps=3200 tta_val_acc=0.8455
search run=1 interval=1 phase=baseline metric=tta_val_acc
main hparams: conv.initial_lr=0.04 conv.momentum=0.6 main=0.8742
search_path step=0 conv.initial_lr=0.04 conv.momentum=0.6 tta_val_acc=0.8742
search run=1 interval=1 phase=cooldown metric=tta_val_acc
main hparams: conv.initial_lr=0.04 conv.momentum=0.6
conv.initial_lr=0.014 -> tta_val_acc=0.9114
conv.initial_lr=0.0084 -> tta_val_acc=0.9139
conv.initial_lr=0.005 -> tta_val_acc=0.9117
search_path step=0 conv.initial_lr=0.014 tta_val_acc=0.9114
search_path step=1 conv.initial_lr=0.0084 tta_val_acc=0.9139
search run=1 interval=1 phase=main metric=tta_val_acc
cooldown hparams: conv.initial_lr=0.0084
main hparams: conv.initial_lr=0.04 conv.momentum=0.6 best_cooldown=0.9139
main hparams: conv.initial_lr=0.024 conv.momentum=0.6 best_cooldown=0.9187
main hparams: conv.initial_lr=0.014 conv.momentum=0.6 best_cooldown=0.9204
main hparams: conv.initial_lr=0.0086 conv.momentum=0.6 best_cooldown=0.9172
main hparams: conv.initial_lr=0.014 conv.momentum=0.5 best_cooldown=0.9195
main hparams: conv.initial_lr=0.014 conv.momentum=0.7 best_cooldown=0.9179
main hparams: conv.initial_lr=0.0084 conv.momentum=0.6 best_cooldown=0.9179
main hparams: conv.initial_lr=0.023 conv.momentum=0.6 best_cooldown=0.9182
search_path step=0 conv.initial_lr=0.04 conv.momentum=0.6 tta_val_acc=0.9139
search_path step=1 conv.initial_lr=0.014 conv.momentum=0.6 tta_val_acc=0.9204
search run=1 interval=1 phase=cooldown metric=tta_val_acc
main hparams: conv.initial_lr=0.014 conv.momentum=0.6
conv.initial_lr=0.0084 -> tta_val_acc=0.9204
conv.initial_lr=0.005 -> tta_val_acc=0.9221
conv.initial_lr=0.003 -> tta_val_acc=0.9216
conv.initial_lr=0.0083 -> tta_val_acc=0.9202
search_path step=0 conv.initial_lr=0.0084 tta_val_acc=0.9204
search_path step=1 conv.initial_lr=0.005 tta_val_acc=0.9221
search run=1 interval=1 phase=main metric=tta_val_acc
cooldown hparams: conv.initial_lr=0.005
main hparams: conv.initial_lr=0.014 conv.momentum=0.6 best_cooldown=0.9221
main hparams: conv.initial_lr=0.0084 conv.momentum=0.6 best_cooldown=0.9204
main hparams: conv.initial_lr=0.023 conv.momentum=0.6 best_cooldown=0.9185
main hparams: conv.initial_lr=0.014 conv.momentum=0.5 best_cooldown=0.9212
main hparams: conv.initial_lr=0.014 conv.momentum=0.7 best_cooldown=0.9223
main hparams: conv.initial_lr=0.014 conv.momentum=0.8 best_cooldown=0.9221
main hparams: conv.initial_lr=0.0084 conv.momentum=0.7 best_cooldown=0.9209
main hparams: conv.initial_lr=0.023 conv.momentum=0.7 best_cooldown=0.9162
search_path step=0 conv.initial_lr=0.014 conv.momentum=0.6 tta_val_acc=0.9221
search_path step=1 conv.initial_lr=0.014 conv.momentum=0.7 tta_val_acc=0.9223
search run=1 interval=1 phase=cooldown metric=tta_val_acc
main hparams: conv.initial_lr=0.014 conv.momentum=0.7
conv.initial_lr=0.005 -> tta_val_acc=0.9223
conv.initial_lr=0.003 -> tta_val_acc=0.9232
conv.initial_lr=0.0018 -> tta_val_acc=0.9228
search_path step=0 conv.initial_lr=0.005 tta_val_acc=0.9223
search_path step=1 conv.initial_lr=0.003 tta_val_acc=0.9232
search run=1 interval=1 phase=main metric=tta_val_acc
cooldown hparams: conv.initial_lr=0.003
main hparams: conv.initial_lr=0.014 conv.momentum=0.7 best_cooldown=0.9232
main hparams: conv.initial_lr=0.0084 conv.momentum=0.7 best_cooldown=0.9224
main hparams: conv.initial_lr=0.023 conv.momentum=0.7 best_cooldown=0.9141
main hparams: conv.initial_lr=0.014 conv.momentum=0.6 best_cooldown=0.9216
main hparams: conv.initial_lr=0.014 conv.momentum=0.8 best_cooldown=0.9239
main hparams: conv.initial_lr=0.014 conv.momentum=0.9 best_cooldown=0.9162
main hparams: conv.initial_lr=0.0084 conv.momentum=0.8 best_cooldown=0.9242
main hparams: conv.initial_lr=0.005 conv.momentum=0.8 best_cooldown=0.921
main hparams: conv.initial_lr=0.0084 conv.momentum=0.9 best_cooldown=0.9217
search_path step=0 conv.initial_lr=0.014 conv.momentum=0.7 tta_val_acc=0.9232
search_path step=1 conv.initial_lr=0.014 conv.momentum=0.8 tta_val_acc=0.9239
search_path step=2 conv.initial_lr=0.0084 conv.momentum=0.8 tta_val_acc=0.9242
search run=1 interval=1 phase=cooldown metric=tta_val_acc
main hparams: conv.initial_lr=0.0084 conv.momentum=0.8
conv.initial_lr=0.003 -> tta_val_acc=0.9242
conv.initial_lr=0.0018 -> tta_val_acc=0.925
conv.initial_lr=0.0011 -> tta_val_acc=0.925
conv.initial_lr=0.00065 -> tta_val_acc=0.9237
search_path step=0 conv.initial_lr=0.003 tta_val_acc=0.9242
search_path step=1 conv.initial_lr=0.0018 tta_val_acc=0.925
search run=1 interval=1 phase=main metric=tta_val_acc
cooldown hparams: conv.initial_lr=0.0018
main hparams: conv.initial_lr=0.0084 conv.momentum=0.8 best_cooldown=0.925
main hparams: conv.initial_lr=0.005 conv.momentum=0.8 best_cooldown=0.921
main hparams: conv.initial_lr=0.014 conv.momentum=0.8 best_cooldown=0.9237
main hparams: conv.initial_lr=0.0084 conv.momentum=0.7 best_cooldown=0.9229
main hparams: conv.initial_lr=0.0084 conv.momentum=0.9 best_cooldown=0.9212
search_path step=0 conv.initial_lr=0.0084 conv.momentum=0.8 tta_val_acc=0.925
train_hparams run=1 interval=1 start_step=640 completed_steps=640 total_steps=3200 conv.initial_lr=0.0084 conv.momentum=0.8
train_loss run=1 interval=1 step=641 loss=1.16102
train_loss run=1 interval=1 step=642 loss=1.18813
train_loss run=1 interval=1 step=643 loss=1.15767
train_loss run=1 interval=1 step=644 loss=1.20966
train_loss run=1 interval=1 step=645 loss=1.18402
train_loss run=1 interval=1 step=646 loss=1.17666
train_loss run=1 interval=1 step=647 loss=1.18255
train_loss run=1 interval=1 step=648 loss=1.20145
train_loss run=1 interval=1 step=649 loss=1.11618
train_loss run=1 interval=1 step=650 loss=1.08811
train_loss run=1 interval=1 step=651 loss=1.16993
train_loss run=1 interval=1 step=652 loss=1.14204
train_loss run=1 interval=1 step=653 loss=1.2106
train_loss run=1 interval=1 step=654 loss=1.18027
train_loss run=1 interval=1 step=655 loss=1.22506
train_loss run=1 interval=1 step=656 loss=1.16935
train_loss run=1 interval=1 step=657 loss=1.13362
train_loss run=1 interval=1 step=658 loss=1.18399
train_loss run=1 interval=1 step=659 loss=1.1133
train_loss run=1 interval=1 step=660 loss=1.14591
train_loss run=1 interval=1 step=661 loss=1.07884
train_loss run=1 interval=1 step=662 loss=1.15867
train_loss run=1 interval=1 step=663 loss=1.11204
train_loss run=1 interval=1 step=664 loss=1.18426
train_loss run=1 interval=1 step=665 loss=1.10853
train_loss run=1 interval=1 step=666 loss=1.2338
train_loss run=1 interval=1 step=667 loss=1.20504
train_loss run=1 interval=1 step=668 loss=1.19808
train_loss run=1 interval=1 step=669 loss=1.19706
train_loss run=1 interval=1 step=670 loss=1.20998
train_loss run=1 interval=1 step=671 loss=1.15419
train_loss run=1 interval=1 step=672 loss=1.0617
train_loss run=1 interval=1 step=673 loss=1.12229
train_loss run=1 interval=1 step=674 loss=1.08204
train_loss run=1 interval=1 step=675 loss=1.17053
train_loss run=1 interval=1 step=676 loss=1.16694
train_loss run=1 interval=1 step=677 loss=1.11784
train_loss run=1 interval=1 step=678 loss=1.14372
train_loss run=1 interval=1 step=679 loss=1.11609
train_loss run=1 interval=1 step=680 loss=1.07949
train_loss run=1 interval=1 step=681 loss=1.11299
train_loss run=1 interval=1 step=682 loss=1.13544
train_loss run=1 interval=1 step=683 loss=1.13705
train_loss run=1 interval=1 step=684 loss=1.05248
train_loss run=1 interval=1 step=685 loss=1.15261
train_loss run=1 interval=1 step=686 loss=1.12116
train_loss run=1 interval=1 step=687 loss=1.12149
train_loss run=1 interval=1 step=688 loss=1.18054
train_loss run=1 interval=1 step=689 loss=1.13406
train_loss run=1 interval=1 step=690 loss=1.07466
train_loss run=1 interval=1 step=691 loss=1.12579
train_loss run=1 interval=1 step=692 loss=1.21307
train_loss run=1 interval=1 step=693 loss=1.1353
train_loss run=1 interval=1 step=694 loss=1.20844
train_loss run=1 interval=1 step=695 loss=1.1262
train_loss run=1 interval=1 step=696 loss=1.0789
train_loss run=1 interval=1 step=697 loss=1.23012
train_loss run=1 interval=1 step=698 loss=1.14613
train_loss run=1 interval=1 step=699 loss=1.11018
train_loss run=1 interval=1 step=700 loss=1.10796
train_loss run=1 interval=1 step=701 loss=1.22373
train_loss run=1 interval=1 step=702 loss=1.10926
train_loss run=1 interval=1 step=703 loss=1.20387
train_loss run=1 interval=1 step=704 loss=1.11356
train_loss run=1 interval=1 step=705 loss=1.11653
train_loss run=1 interval=1 step=706 loss=1.13277
train_loss run=1 interval=1 step=707 loss=1.17223
train_loss run=1 interval=1 step=708 loss=1.15375
train_loss run=1 interval=1 step=709 loss=1.07743
train_loss run=1 interval=1 step=710 loss=1.11598
train_loss run=1 interval=1 step=711 loss=1.15494
train_loss run=1 interval=1 step=712 loss=1.15339
train_loss run=1 interval=1 step=713 loss=1.11605
train_loss run=1 interval=1 step=714 loss=1.09609
train_loss run=1 interval=1 step=715 loss=1.12256
train_loss run=1 interval=1 step=716 loss=1.14761
train_loss run=1 interval=1 step=717 loss=1.12712
train_loss run=1 interval=1 step=718 loss=1.12112
train_loss run=1 interval=1 step=719 loss=1.08602
train_loss run=1 interval=1 step=720 loss=1.10142
train_loss run=1 interval=1 step=721 loss=1.14859
train_loss run=1 interval=1 step=722 loss=1.14944
train_loss run=1 interval=1 step=723 loss=1.09072
train_loss run=1 interval=1 step=724 loss=1.0713
train_loss run=1 interval=1 step=725 loss=1.12019
train_loss run=1 interval=1 step=726 loss=1.16928
train_loss run=1 interval=1 step=727 loss=1.20322
train_loss run=1 interval=1 step=728 loss=1.14693
train_loss run=1 interval=1 step=729 loss=1.15084
train_loss run=1 interval=1 step=730 loss=1.14788
train_loss run=1 interval=1 step=731 loss=1.14698
train_loss run=1 interval=1 step=732 loss=1.14333
train_loss run=1 interval=1 step=733 loss=1.16861
train_loss run=1 interval=1 step=734 loss=1.10309
train_loss run=1 interval=1 step=735 loss=1.10457
train_loss run=1 interval=1 step=736 loss=1.05455
train_loss run=1 interval=1 step=737 loss=1.24298
train_loss run=1 interval=1 step=738 loss=1.1452
train_loss run=1 interval=1 step=739 loss=1.09704
train_loss run=1 interval=1 step=740 loss=1.05574
train_loss run=1 interval=1 step=741 loss=1.09415
train_loss run=1 interval=1 step=742 loss=1.1437
train_loss run=1 interval=1 step=743 loss=1.10888
train_loss run=1 interval=1 step=744 loss=1.18389
train_loss run=1 interval=1 step=745 loss=1.15951
train_loss run=1 interval=1 step=746 loss=1.14229
train_loss run=1 interval=1 step=747 loss=1.1396
train_loss run=1 interval=1 step=748 loss=1.10211
train_loss run=1 interval=1 step=749 loss=1.1305
train_loss run=1 interval=1 step=750 loss=1.02493
train_loss run=1 interval=1 step=751 loss=1.16027
train_loss run=1 interval=1 step=752 loss=1.16998
train_loss run=1 interval=1 step=753 loss=1.07531
train_loss run=1 interval=1 step=754 loss=1.13151
train_loss run=1 interval=1 step=755 loss=1.05304
train_loss run=1 interval=1 step=756 loss=1.09524
train_loss run=1 interval=1 step=757 loss=1.13438
train_loss run=1 interval=1 step=758 loss=1.16418
train_loss run=1 interval=1 step=759 loss=1.15821
train_loss run=1 interval=1 step=760 loss=1.07417
train_loss run=1 interval=1 step=761 loss=1.14865
train_loss run=1 interval=1 step=762 loss=1.13553
train_loss run=1 interval=1 step=763 loss=1.16931
train_loss run=1 interval=1 step=764 loss=1.25451
train_loss run=1 interval=1 step=765 loss=1.15815
train_loss run=1 interval=1 step=766 loss=1.12222
train_loss run=1 interval=1 step=767 loss=1.05638
train_loss run=1 interval=1 step=768 loss=1.09697
train_loss run=1 interval=1 step=769 loss=1.13737
train_loss run=1 interval=1 step=770 loss=1.14459
train_loss run=1 interval=1 step=771 loss=1.14016
train_loss run=1 interval=1 step=772 loss=1.12022
train_loss run=1 interval=1 step=773 loss=1.20343
train_loss run=1 interval=1 step=774 loss=1.1402
train_loss run=1 interval=1 step=775 loss=1.09297
train_loss run=1 interval=1 step=776 loss=1.12627
train_loss run=1 interval=1 step=777 loss=1.17183
train_loss run=1 interval=1 step=778 loss=1.07712
train_loss run=1 interval=1 step=779 loss=1.09617
train_loss run=1 interval=1 step=780 loss=1.07653
train_loss run=1 interval=1 step=781 loss=1.11297
train_loss run=1 interval=1 step=782 loss=1.09711
train_loss run=1 interval=1 step=783 loss=1.10961
train_loss run=1 interval=1 step=784 loss=1.12959
train_loss run=1 interval=1 step=785 loss=1.10319
train_loss run=1 interval=1 step=786 loss=1.1473
train_loss run=1 interval=1 step=787 loss=1.13798
train_loss run=1 interval=1 step=788 loss=1.14943
train_loss run=1 interval=1 step=789 loss=1.05723
train_loss run=1 interval=1 step=790 loss=1.07053
train_loss run=1 interval=1 step=791 loss=1.05384
train_loss run=1 interval=1 step=792 loss=1.1602
train_loss run=1 interval=1 step=793 loss=1.21279
train_loss run=1 interval=1 step=794 loss=1.10847
train_loss run=1 interval=1 step=795 loss=1.14657
train_loss run=1 interval=1 step=796 loss=1.12912
train_loss run=1 interval=1 step=797 loss=1.18788
train_loss run=1 interval=1 step=798 loss=1.13159
train_loss run=1 interval=1 step=799 loss=1.17865
train_loss run=1 interval=1 step=800 loss=1.099
train_loss run=1 interval=1 step=801 loss=1.0863
train_loss run=1 interval=1 step=802 loss=1.06123
train_loss run=1 interval=1 step=803 loss=1.03806
train_loss run=1 interval=1 step=804 loss=1.09234
train_loss run=1 interval=1 step=805 loss=1.08831
train_loss run=1 interval=1 step=806 loss=1.18443
train_loss run=1 interval=1 step=807 loss=1.12531
train_loss run=1 interval=1 step=808 loss=1.14616
train_loss run=1 interval=1 step=809 loss=1.06744
train_loss run=1 interval=1 step=810 loss=1.10131
train_loss run=1 interval=1 step=811 loss=1.02258
train_loss run=1 interval=1 step=812 loss=1.13703
train_loss run=1 interval=1 step=813 loss=1.11007
train_loss run=1 interval=1 step=814 loss=1.0872
train_loss run=1 interval=1 step=815 loss=1.0927
train_loss run=1 interval=1 step=816 loss=1.08396
train_loss run=1 interval=1 step=817 loss=1.19154
train_loss run=1 interval=1 step=818 loss=1.13094
train_loss run=1 interval=1 step=819 loss=1.14167
train_loss run=1 interval=1 step=820 loss=1.07075
train_loss run=1 interval=1 step=821 loss=1.1763
train_loss run=1 interval=1 step=822 loss=1.03933
train_loss run=1 interval=1 step=823 loss=1.10022
train_loss run=1 interval=1 step=824 loss=1.03579
train_loss run=1 interval=1 step=825 loss=1.09558
train_loss run=1 interval=1 step=826 loss=1.12728
train_loss run=1 interval=1 step=827 loss=1.05222
train_loss run=1 interval=1 step=828 loss=1.11044
train_loss run=1 interval=1 step=829 loss=1.07488
train_loss run=1 interval=1 step=830 loss=1.05982
train_loss run=1 interval=1 step=831 loss=1.10437
train_loss run=1 interval=1 step=832 loss=1.06827
train_loss run=1 interval=1 step=833 loss=1.09293
train_loss run=1 interval=1 step=834 loss=1.14628
train_loss run=1 interval=1 step=835 loss=1.1276
train_loss run=1 interval=1 step=836 loss=1.11236
train_loss run=1 interval=1 step=837 loss=1.10051
train_loss run=1 interval=1 step=838 loss=1.07068
train_loss run=1 interval=1 step=839 loss=1.0606
train_loss run=1 interval=1 step=840 loss=1.05504
train_loss run=1 interval=1 step=841 loss=1.14918
train_loss run=1 interval=1 step=842 loss=1.10273
train_loss run=1 interval=1 step=843 loss=1.04977
train_loss run=1 interval=1 step=844 loss=1.07187
train_loss run=1 interval=1 step=845 loss=1.15121
train_loss run=1 interval=1 step=846 loss=1.09537
train_loss run=1 interval=1 step=847 loss=1.11486
train_loss run=1 interval=1 step=848 loss=1.10234
train_loss run=1 interval=1 step=849 loss=1.07511
train_loss run=1 interval=1 step=850 loss=1.13138
train_loss run=1 interval=1 step=851 loss=1.06613
train_loss run=1 interval=1 step=852 loss=1.10174
train_loss run=1 interval=1 step=853 loss=1.08003
train_loss run=1 interval=1 step=854 loss=1.11406
train_loss run=1 interval=1 step=855 loss=1.13792
train_loss run=1 interval=1 step=856 loss=1.08158
train_loss run=1 interval=1 step=857 loss=1.07109
train_loss run=1 interval=1 step=858 loss=1.06777
train_loss run=1 interval=1 step=859 loss=1.05969
train_loss run=1 interval=1 step=860 loss=1.16718
train_loss run=1 interval=1 step=861 loss=1.07235
train_loss run=1 interval=1 step=862 loss=1.04711
train_loss run=1 interval=1 step=863 loss=1.0634
train_loss run=1 interval=1 step=864 loss=1.02429
train_loss run=1 interval=1 step=865 loss=1.04818
train_loss run=1 interval=1 step=866 loss=1.05147
train_loss run=1 interval=1 step=867 loss=1.06561
train_loss run=1 interval=1 step=868 loss=1.04616
train_loss run=1 interval=1 step=869 loss=1.10778
train_loss run=1 interval=1 step=870 loss=1.10825
train_loss run=1 interval=1 step=871 loss=1.07402
train_loss run=1 interval=1 step=872 loss=1.0727
train_loss run=1 interval=1 step=873 loss=1.05364
train_loss run=1 interval=1 step=874 loss=1.08955
train_loss run=1 interval=1 step=875 loss=1.01137
train_loss run=1 interval=1 step=876 loss=1.08278
train_loss run=1 interval=1 step=877 loss=1.05243
train_loss run=1 interval=1 step=878 loss=1.17591
train_loss run=1 interval=1 step=879 loss=1.11849
train_loss run=1 interval=1 step=880 loss=1.15238
train_loss run=1 interval=1 step=881 loss=1.17226
train_loss run=1 interval=1 step=882 loss=1.09932
train_loss run=1 interval=1 step=883 loss=1.09375
train_loss run=1 interval=1 step=884 loss=1.1279
train_loss run=1 interval=1 step=885 loss=1.09221
train_loss run=1 interval=1 step=886 loss=1.0841
train_loss run=1 interval=1 step=887 loss=1.13264
train_loss run=1 interval=1 step=888 loss=1.07765
train_loss run=1 interval=1 step=889 loss=1.07003
train_loss run=1 interval=1 step=890 loss=1.08783
train_loss run=1 interval=1 step=891 loss=1.12423
train_loss run=1 interval=1 step=892 loss=1.08948
train_loss run=1 interval=1 step=893 loss=1.14289
train_loss run=1 interval=1 step=894 loss=1.0879
train_loss run=1 interval=1 step=895 loss=1.00868
train_loss run=1 interval=1 step=896 loss=1.09837
train_loss run=1 interval=1 step=897 loss=1.07129
train_loss run=1 interval=1 step=898 loss=1.09836
train_loss run=1 interval=1 step=899 loss=1.03861
train_loss run=1 interval=1 step=900 loss=1.10299
train_loss run=1 interval=1 step=901 loss=1.07292
train_loss run=1 interval=1 step=902 loss=1.11388
train_loss run=1 interval=1 step=903 loss=1.09493
train_loss run=1 interval=1 step=904 loss=1.09693
train_loss run=1 interval=1 step=905 loss=1.02018
train_loss run=1 interval=1 step=906 loss=1.0722
train_loss run=1 interval=1 step=907 loss=1.14194
train_loss run=1 interval=1 step=908 loss=1.12441
train_loss run=1 interval=1 step=909 loss=1.08191
train_loss run=1 interval=1 step=910 loss=1.03423
train_loss run=1 interval=1 step=911 loss=1.08229
train_loss run=1 interval=1 step=912 loss=1.08799
train_loss run=1 interval=1 step=913 loss=1.14733
train_loss run=1 interval=1 step=914 loss=1.13806
train_loss run=1 interval=1 step=915 loss=1.08008
train_loss run=1 interval=1 step=916 loss=1.06078
train_loss run=1 interval=1 step=917 loss=1.09879
train_loss run=1 interval=1 step=918 loss=1.03512
train_loss run=1 interval=1 step=919 loss=1.06859
train_loss run=1 interval=1 step=920 loss=1.12462
train_loss run=1 interval=1 step=921 loss=1.0791
train_loss run=1 interval=1 step=922 loss=1.11093
train_loss run=1 interval=1 step=923 loss=1.10666
train_loss run=1 interval=1 step=924 loss=1.02582
train_loss run=1 interval=1 step=925 loss=1.10849
train_loss run=1 interval=1 step=926 loss=1.11001
train_loss run=1 interval=1 step=927 loss=1.13997
train_loss run=1 interval=1 step=928 loss=1.13177
train_loss run=1 interval=1 step=929 loss=1.04028
train_loss run=1 interval=1 step=930 loss=1.09977
train_loss run=1 interval=1 step=931 loss=1.10409
train_loss run=1 interval=1 step=932 loss=1.06627
train_loss run=1 interval=1 step=933 loss=1.11456
train_loss run=1 interval=1 step=934 loss=1.04857
train_loss run=1 interval=1 step=935 loss=1.0534
train_loss run=1 interval=1 step=936 loss=1.04764
train_loss run=1 interval=1 step=937 loss=1.07405
train_loss run=1 interval=1 step=938 loss=1.06712
train_loss run=1 interval=1 step=939 loss=1.03395
train_loss run=1 interval=1 step=940 loss=1.11213
train_loss run=1 interval=1 step=941 loss=1.09643
train_loss run=1 interval=1 step=942 loss=1.11418
train_loss run=1 interval=1 step=943 loss=1.13343
train_loss run=1 interval=1 step=944 loss=1.11014
train_loss run=1 interval=1 step=945 loss=1.21892
train_loss run=1 interval=1 step=946 loss=1.11647
train_loss run=1 interval=1 step=947 loss=1.04845
train_loss run=1 interval=1 step=948 loss=1.05888
train_loss run=1 interval=1 step=949 loss=1.06312
train_loss run=1 interval=1 step=950 loss=1.05095
train_loss run=1 interval=1 step=951 loss=1.03601
train_loss run=1 interval=1 step=952 loss=1.0865
train_loss run=1 interval=1 step=953 loss=1.15511
train_loss run=1 interval=1 step=954 loss=1.09331
train_loss run=1 interval=1 step=955 loss=1.05568
train_loss run=1 interval=1 step=956 loss=1.12647
train_loss run=1 interval=1 step=957 loss=1.09712
train_loss run=1 interval=1 step=958 loss=1.0618
train_loss run=1 interval=1 step=959 loss=1.05096
train_loss run=1 interval=1 step=960 loss=1.0387
train_loss run=1 interval=1 step=961 loss=1.01589
train_loss run=1 interval=1 step=962 loss=1.11546
train_loss run=1 interval=1 step=963 loss=1.12488
train_loss run=1 interval=1 step=964 loss=1.09966
train_loss run=1 interval=1 step=965 loss=1.10046
train_loss run=1 interval=1 step=966 loss=1.08002
train_loss run=1 interval=1 step=967 loss=1.06593
train_loss run=1 interval=1 step=968 loss=1.11065
train_loss run=1 interval=1 step=969 loss=1.03961
train_loss run=1 interval=1 step=970 loss=1.09141
train_loss run=1 interval=1 step=971 loss=1.1033
train_loss run=1 interval=1 step=972 loss=1.09035
train_loss run=1 interval=1 step=973 loss=1.10077
train_loss run=1 interval=1 step=974 loss=1.01935
train_loss run=1 interval=1 step=975 loss=1.08214
train_loss run=1 interval=1 step=976 loss=1.09253
train_loss run=1 interval=1 step=977 loss=1.09591
train_loss run=1 interval=1 step=978 loss=1.02971
train_loss run=1 interval=1 step=979 loss=1.01402
train_loss run=1 interval=1 step=980 loss=1.11308
train_loss run=1 interval=1 step=981 loss=1.1325
train_loss run=1 interval=1 step=982 loss=1.06801
train_loss run=1 interval=1 step=983 loss=1.15441
train_loss run=1 interval=1 step=984 loss=1.12075
train_loss run=1 interval=1 step=985 loss=1.0534
train_loss run=1 interval=1 step=986 loss=1.10239
train_loss run=1 interval=1 step=987 loss=1.08688
train_loss run=1 interval=1 step=988 loss=1.10699
train_loss run=1 interval=1 step=989 loss=1.16663
train_loss run=1 interval=1 step=990 loss=1.08606
train_loss run=1 interval=1 step=991 loss=1.06278
train_loss run=1 interval=1 step=992 loss=1.05092
train_loss run=1 interval=1 step=993 loss=1.08974
train_loss run=1 interval=1 step=994 loss=1.11218
train_loss run=1 interval=1 step=995 loss=1.06376
train_loss run=1 interval=1 step=996 loss=1.07095
train_loss run=1 interval=1 step=997 loss=1.0314
train_loss run=1 interval=1 step=998 loss=1.08471
train_loss run=1 interval=1 step=999 loss=1.02588
train_loss run=1 interval=1 step=1000 loss=1.09943
train_loss run=1 interval=1 step=1001 loss=1.06211
train_loss run=1 interval=1 step=1002 loss=1.10502
train_loss run=1 interval=1 step=1003 loss=1.05494
train_loss run=1 interval=1 step=1004 loss=1.0714
train_loss run=1 interval=1 step=1005 loss=1.12758
train_loss run=1 interval=1 step=1006 loss=1.08876
train_loss run=1 interval=1 step=1007 loss=1.05856
train_loss run=1 interval=1 step=1008 loss=1.09612
train_loss run=1 interval=1 step=1009 loss=1.0399
train_loss run=1 interval=1 step=1010 loss=1.09983
train_loss run=1 interval=1 step=1011 loss=1.06789
train_loss run=1 interval=1 step=1012 loss=1.05036
train_loss run=1 interval=1 step=1013 loss=1.07349
train_loss run=1 interval=1 step=1014 loss=1.07454
train_loss run=1 interval=1 step=1015 loss=1.05731
train_loss run=1 interval=1 step=1016 loss=1.04372
train_loss run=1 interval=1 step=1017 loss=1.12397
train_loss run=1 interval=1 step=1018 loss=1.03414
train_loss run=1 interval=1 step=1019 loss=1.10285
train_loss run=1 interval=1 step=1020 loss=1.04469
train_loss run=1 interval=1 step=1021 loss=1.1228
train_loss run=1 interval=1 step=1022 loss=1.11804
train_loss run=1 interval=1 step=1023 loss=1.02674
train_loss run=1 interval=1 step=1024 loss=1.04025
train_loss run=1 interval=1 step=1025 loss=1.1136
train_loss run=1 interval=1 step=1026 loss=1.03543
train_loss run=1 interval=1 step=1027 loss=1.08831
train_loss run=1 interval=1 step=1028 loss=1.04461
train_loss run=1 interval=1 step=1029 loss=1.05712
train_loss run=1 interval=1 step=1030 loss=1.09207
train_loss run=1 interval=1 step=1031 loss=1.04146
train_loss run=1 interval=1 step=1032 loss=1.08012
train_loss run=1 interval=1 step=1033 loss=1.03361
train_loss run=1 interval=1 step=1034 loss=1.08317
train_loss run=1 interval=1 step=1035 loss=1.08355
train_loss run=1 interval=1 step=1036 loss=1.1126
train_loss run=1 interval=1 step=1037 loss=1.11558
train_loss run=1 interval=1 step=1038 loss=1.05298
train_loss run=1 interval=1 step=1039 loss=1.07019
train_loss run=1 interval=1 step=1040 loss=1.12577
train_loss run=1 interval=1 step=1041 loss=1.07708
train_loss run=1 interval=1 step=1042 loss=1.04569
train_loss run=1 interval=1 step=1043 loss=1.09464
train_loss run=1 interval=1 step=1044 loss=1.04046
train_loss run=1 interval=1 step=1045 loss=1.12713
train_loss run=1 interval=1 step=1046 loss=1.09558
train_loss run=1 interval=1 step=1047 loss=1.07806
train_loss run=1 interval=1 step=1048 loss=1.04724
train_loss run=1 interval=1 step=1049 loss=1.14547
train_loss run=1 interval=1 step=1050 loss=1.12431
train_loss run=1 interval=1 step=1051 loss=1.09628
train_loss run=1 interval=1 step=1052 loss=1.094
train_loss run=1 interval=1 step=1053 loss=1.08774
train_loss run=1 interval=1 step=1054 loss=1.09714
train_loss run=1 interval=1 step=1055 loss=1.04065
train_loss run=1 interval=1 step=1056 loss=1.08003
train_loss run=1 interval=1 step=1057 loss=1.06276
train_loss run=1 interval=1 step=1058 loss=1.07778
train_loss run=1 interval=1 step=1059 loss=1.11038
train_loss run=1 interval=1 step=1060 loss=1.12272
train_loss run=1 interval=1 step=1061 loss=1.0506
train_loss run=1 interval=1 step=1062 loss=1.00121
train_loss run=1 interval=1 step=1063 loss=1.07215
train_loss run=1 interval=1 step=1064 loss=1.12152
train_loss run=1 interval=1 step=1065 loss=1.11667
train_loss run=1 interval=1 step=1066 loss=1.05938
train_loss run=1 interval=1 step=1067 loss=1.11466
train_loss run=1 interval=1 step=1068 loss=1.06504
train_loss run=1 interval=1 step=1069 loss=1.08994
train_loss run=1 interval=1 step=1070 loss=1.11927
train_loss run=1 interval=1 step=1071 loss=1.039
train_loss run=1 interval=1 step=1072 loss=1.0276
train_loss run=1 interval=1 step=1073 loss=1.12259
train_loss run=1 interval=1 step=1074 loss=1.12744
train_loss run=1 interval=1 step=1075 loss=1.05281
train_loss run=1 interval=1 step=1076 loss=1.06663
train_loss run=1 interval=1 step=1077 loss=1.05266
train_loss run=1 interval=1 step=1078 loss=1.06998
train_loss run=1 interval=1 step=1079 loss=1.09663
train_loss run=1 interval=1 step=1080 loss=1.04862
train_loss run=1 interval=1 step=1081 loss=1.11093
train_loss run=1 interval=1 step=1082 loss=1.10834
train_loss run=1 interval=1 step=1083 loss=1.08767
train_loss run=1 interval=1 step=1084 loss=1.10109
train_loss run=1 interval=1 step=1085 loss=1.01713
train_loss run=1 interval=1 step=1086 loss=1.0579
train_loss run=1 interval=1 step=1087 loss=1.06896
train_loss run=1 interval=1 step=1088 loss=1.04258
train_loss run=1 interval=1 step=1089 loss=1.07613
train_loss run=1 interval=1 step=1090 loss=1.06022
train_loss run=1 interval=1 step=1091 loss=1.13395
train_loss run=1 interval=1 step=1092 loss=1.07943
train_loss run=1 interval=1 step=1093 loss=1.08115
train_loss run=1 interval=1 step=1094 loss=1.1003
train_loss run=1 interval=1 step=1095 loss=1.05447
train_loss run=1 interval=1 step=1096 loss=1.13919
train_loss run=1 interval=1 step=1097 loss=1.10073
train_loss run=1 interval=1 step=1098 loss=1.12982
train_loss run=1 interval=1 step=1099 loss=1.04069
train_loss run=1 interval=1 step=1100 loss=1.10401
train_loss run=1 interval=1 step=1101 loss=1.08696
train_loss run=1 interval=1 step=1102 loss=1.07083
train_loss run=1 interval=1 step=1103 loss=1.06578
train_loss run=1 interval=1 step=1104 loss=1.09645
train_loss run=1 interval=1 step=1105 loss=1.01969
train_loss run=1 interval=1 step=1106 loss=1.11671
train_loss run=1 interval=1 step=1107 loss=1.07938
train_loss run=1 interval=1 step=1108 loss=1.13272
train_loss run=1 interval=1 step=1109 loss=1.09807
train_loss run=1 interval=1 step=1110 loss=1.04238
train_loss run=1 interval=1 step=1111 loss=1.02864
train_loss run=1 interval=1 step=1112 loss=1.09415
train_loss run=1 interval=1 step=1113 loss=1.13552
train_loss run=1 interval=1 step=1114 loss=1.04034
train_loss run=1 interval=1 step=1115 loss=1.06353
train_loss run=1 interval=1 step=1116 loss=1.0685
train_loss run=1 interval=1 step=1117 loss=1.04508
train_loss run=1 interval=1 step=1118 loss=1.06747
train_loss run=1 interval=1 step=1119 loss=1.07404
train_loss run=1 interval=1 step=1120 loss=1.07294
train_loss run=1 interval=1 step=1121 loss=1.05577
train_loss run=1 interval=1 step=1122 loss=1.12502
train_loss run=1 interval=1 step=1123 loss=1.02377
train_loss run=1 interval=1 step=1124 loss=1.10228
train_loss run=1 interval=1 step=1125 loss=1.06977
train_loss run=1 interval=1 step=1126 loss=1.04677
train_loss run=1 interval=1 step=1127 loss=1.04266
train_loss run=1 interval=1 step=1128 loss=1.06732
train_loss run=1 interval=1 step=1129 loss=1.03592
train_loss run=1 interval=1 step=1130 loss=1.07184
train_loss run=1 interval=1 step=1131 loss=1.0494
train_loss run=1 interval=1 step=1132 loss=1.05445
train_loss run=1 interval=1 step=1133 loss=1.12025
train_loss run=1 interval=1 step=1134 loss=1.15885
train_loss run=1 interval=1 step=1135 loss=1.057
train_loss run=1 interval=1 step=1136 loss=1.08492
train_loss run=1 interval=1 step=1137 loss=1.0869
train_loss run=1 interval=1 step=1138 loss=1.10056
train_loss run=1 interval=1 step=1139 loss=1.03489
train_loss run=1 interval=1 step=1140 loss=1.08311
train_loss run=1 interval=1 step=1141 loss=1.11792
train_loss run=1 interval=1 step=1142 loss=1.08804
train_loss run=1 interval=1 step=1143 loss=1.09823
train_loss run=1 interval=1 step=1144 loss=1.09905
train_loss run=1 interval=1 step=1145 loss=1.0618
train_loss run=1 interval=1 step=1146 loss=1.06256
train_loss run=1 interval=1 step=1147 loss=1.07908
train_loss run=1 interval=1 step=1148 loss=1.0268
train_loss run=1 interval=1 step=1149 loss=1.03184
train_loss run=1 interval=1 step=1150 loss=1.04171
train_loss run=1 interval=1 step=1151 loss=1.06728
train_loss run=1 interval=1 step=1152 loss=1.03061
train_loss run=1 interval=1 step=1153 loss=1.0577
train_loss run=1 interval=1 step=1154 loss=1.14551
train_loss run=1 interval=1 step=1155 loss=1.06393
train_loss run=1 interval=1 step=1156 loss=1.05352
train_loss run=1 interval=1 step=1157 loss=1.04156
train_loss run=1 interval=1 step=1158 loss=1.16933
train_loss run=1 interval=1 step=1159 loss=1.13505
train_loss run=1 interval=1 step=1160 loss=1.13564
train_loss run=1 interval=1 step=1161 loss=1.06698
train_loss run=1 interval=1 step=1162 loss=1.09502
train_loss run=1 interval=1 step=1163 loss=1.01599
train_loss run=1 interval=1 step=1164 loss=1.11194
train_loss run=1 interval=1 step=1165 loss=1.09938
train_loss run=1 interval=1 step=1166 loss=1.01911
train_loss run=1 interval=1 step=1167 loss=1.10633
train_loss run=1 interval=1 step=1168 loss=1.04789
train_loss run=1 interval=1 step=1169 loss=1.13825
train_loss run=1 interval=1 step=1170 loss=1.12239
train_loss run=1 interval=1 step=1171 loss=1.13529
train_loss run=1 interval=1 step=1172 loss=1.10529
train_loss run=1 interval=1 step=1173 loss=1.06505
train_loss run=1 interval=1 step=1174 loss=1.03889
train_loss run=1 interval=1 step=1175 loss=1.07949
train_loss run=1 interval=1 step=1176 loss=1.03215
train_loss run=1 interval=1 step=1177 loss=1.08296
train_loss run=1 interval=1 step=1178 loss=1.10161
train_loss run=1 interval=1 step=1179 loss=1.01931
train_loss run=1 interval=1 step=1180 loss=1.04352
train_loss run=1 interval=1 step=1181 loss=1.08464
train_loss run=1 interval=1 step=1182 loss=1.09553
train_loss run=1 interval=1 step=1183 loss=1.01487
train_loss run=1 interval=1 step=1184 loss=1.04846
train_loss run=1 interval=1 step=1185 loss=1.09978
train_loss run=1 interval=1 step=1186 loss=1.03018
train_loss run=1 interval=1 step=1187 loss=1.08952
train_loss run=1 interval=1 step=1188 loss=1.07295
train_loss run=1 interval=1 step=1189 loss=1.07823
train_loss run=1 interval=1 step=1190 loss=1.11099
train_loss run=1 interval=1 step=1191 loss=1.11895
train_loss run=1 interval=1 step=1192 loss=1.07167
train_loss run=1 interval=1 step=1193 loss=1.11248
train_loss run=1 interval=1 step=1194 loss=1.1215
train_loss run=1 interval=1 step=1195 loss=1.07769
train_loss run=1 interval=1 step=1196 loss=1.01765
train_loss run=1 interval=1 step=1197 loss=1.04113
train_loss run=1 interval=1 step=1198 loss=1.10925
train_loss run=1 interval=1 step=1199 loss=1.085
train_loss run=1 interval=1 step=1200 loss=1.05679
train_loss run=1 interval=1 step=1201 loss=1.01844
train_loss run=1 interval=1 step=1202 loss=1.0184
train_loss run=1 interval=1 step=1203 loss=1.08763
train_loss run=1 interval=1 step=1204 loss=0.990192
train_loss run=1 interval=1 step=1205 loss=0.988033
train_loss run=1 interval=1 step=1206 loss=1.0967
train_loss run=1 interval=1 step=1207 loss=1.00928
train_loss run=1 interval=1 step=1208 loss=1.05252
train_loss run=1 interval=1 step=1209 loss=1.00513
train_loss run=1 interval=1 step=1210 loss=1.03624
train_loss run=1 interval=1 step=1211 loss=1.02432
train_loss run=1 interval=1 step=1212 loss=1.0692
train_loss run=1 interval=1 step=1213 loss=1.05927
train_loss run=1 interval=1 step=1214 loss=1.00935
train_loss run=1 interval=1 step=1215 loss=1.02878
train_loss run=1 interval=1 step=1216 loss=1.07392
train_loss run=1 interval=1 step=1217 loss=1.01061
train_loss run=1 interval=1 step=1218 loss=1.03334
train_loss run=1 interval=1 step=1219 loss=1.03921
train_loss run=1 interval=1 step=1220 loss=1.04354
train_loss run=1 interval=1 step=1221 loss=1.04887
train_loss run=1 interval=1 step=1222 loss=1.02066
train_loss run=1 interval=1 step=1223 loss=1.07178
train_loss run=1 interval=1 step=1224 loss=1.05814
train_loss run=1 interval=1 step=1225 loss=1.02649
train_loss run=1 interval=1 step=1226 loss=1.02995
train_loss run=1 interval=1 step=1227 loss=1.0554
train_loss run=1 interval=1 step=1228 loss=1.06438
train_loss run=1 interval=1 step=1229 loss=1.01926
train_loss run=1 interval=1 step=1230 loss=1.02171
train_loss run=1 interval=1 step=1231 loss=1.01893
train_loss run=1 interval=1 step=1232 loss=1.04295
train_loss run=1 interval=1 step=1233 loss=1.01918
train_loss run=1 interval=1 step=1234 loss=1.05027
train_loss run=1 interval=1 step=1235 loss=1.08305
train_loss run=1 interval=1 step=1236 loss=0.984738
train_loss run=1 interval=1 step=1237 loss=1.04705
train_loss run=1 interval=1 step=1238 loss=1.00576
train_loss run=1 interval=1 step=1239 loss=1.00728
train_loss run=1 interval=1 step=1240 loss=1.02915
train_loss run=1 interval=1 step=1241 loss=1.04588
train_loss run=1 interval=1 step=1242 loss=1.00188
train_loss run=1 interval=1 step=1243 loss=1.1111
train_loss run=1 interval=1 step=1244 loss=0.954427
train_loss run=1 interval=1 step=1245 loss=1.03403
train_loss run=1 interval=1 step=1246 loss=1.04277
train_loss run=1 interval=1 step=1247 loss=1.02654
train_loss run=1 interval=1 step=1248 loss=1.04327
train_loss run=1 interval=1 step=1249 loss=1.04176
train_loss run=1 interval=1 step=1250 loss=1.04167
train_loss run=1 interval=1 step=1251 loss=0.983854
train_loss run=1 interval=1 step=1252 loss=1.00984
train_loss run=1 interval=1 step=1253 loss=1.07862
train_loss run=1 interval=1 step=1254 loss=1.03605
train_loss run=1 interval=1 step=1255 loss=0.994337
train_loss run=1 interval=1 step=1256 loss=1.07692
train_loss run=1 interval=1 step=1257 loss=1.01653
train_loss run=1 interval=1 step=1258 loss=1.05495
train_loss run=1 interval=1 step=1259 loss=1.05072
train_loss run=1 interval=1 step=1260 loss=1.04801
train_loss run=1 interval=1 step=1261 loss=0.988582
train_loss run=1 interval=1 step=1262 loss=1.02963
train_loss run=1 interval=1 step=1263 loss=1.0468
train_loss run=1 interval=1 step=1264 loss=1.04051
train_loss run=1 interval=1 step=1265 loss=1.03124
train_loss run=1 interval=1 step=1266 loss=0.993498
train_loss run=1 interval=1 step=1267 loss=1.00478
train_loss run=1 interval=1 step=1268 loss=1.01769
train_loss run=1 interval=1 step=1269 loss=1.04111
train_loss run=1 interval=1 step=1270 loss=1.03901
train_loss run=1 interval=1 step=1271 loss=0.968948
train_loss run=1 interval=1 step=1272 loss=1.04887
train_loss run=1 interval=1 step=1273 loss=1.08437
train_loss run=1 interval=1 step=1274 loss=0.993743
train_loss run=1 interval=1 step=1275 loss=0.995899
train_loss run=1 interval=1 step=1276 loss=1.00472
train_loss run=1 interval=1 step=1277 loss=1.03936
train_loss run=1 interval=1 step=1278 loss=1.04286
train_loss run=1 interval=1 step=1279 loss=1.01578
train_loss run=1 interval=1 step=1280 loss=0.996954
interval_boundary_eval run=1 interval=1 step=1280 total_steps=3200 tta_val_acc=0.9133
search run=1 interval=2 phase=baseline metric=tta_val_acc
main hparams: conv.initial_lr=0.0084 conv.momentum=0.8 main=0.9178
search_path step=0 conv.initial_lr=0.0084 conv.momentum=0.8 tta_val_acc=0.9178
search run=1 interval=2 phase=cooldown metric=tta_val_acc
main hparams: conv.initial_lr=0.0084 conv.momentum=0.8
conv.initial_lr=0.0018 -> tta_val_acc=0.9295
conv.initial_lr=0.0011 -> tta_val_acc=0.9288
conv.initial_lr=0.003 -> tta_val_acc=0.9308
conv.initial_lr=0.005 -> tta_val_acc=0.9301
search_path step=0 conv.initial_lr=0.0018 tta_val_acc=0.9295
search_path step=1 conv.initial_lr=0.003 tta_val_acc=0.9308
search run=1 interval=2 phase=main metric=tta_val_acc
cooldown hparams: conv.initial_lr=0.003
main hparams: conv.initial_lr=0.0084 conv.momentum=0.8 best_cooldown=0.9308
main hparams: conv.initial_lr=0.005 conv.momentum=0.8 best_cooldown=0.9315
main hparams: conv.initial_lr=0.003 conv.momentum=0.8 best_cooldown=0.9301
main hparams: conv.initial_lr=0.005 conv.momentum=0.7 best_cooldown=0.9317
main hparams: conv.initial_lr=0.005 conv.momentum=0.6 best_cooldown=0.9316
main hparams: conv.initial_lr=0.003 conv.momentum=0.7 best_cooldown=0.9303
main hparams: conv.initial_lr=0.0083 conv.momentum=0.7 best_cooldown=0.9301
search_path step=0 conv.initial_lr=0.0084 conv.momentum=0.8 tta_val_acc=0.9308
search_path step=1 conv.initial_lr=0.005 conv.momentum=0.8 tta_val_acc=0.9315
search_path step=2 conv.initial_lr=0.005 conv.momentum=0.7 tta_val_acc=0.9317
search run=1 interval=2 phase=cooldown metric=tta_val_acc
main hparams: conv.initial_lr=0.005 conv.momentum=0.7
conv.initial_lr=0.003 -> tta_val_acc=0.9317
conv.initial_lr=0.0018 -> tta_val_acc=0.9323
conv.initial_lr=0.0011 -> tta_val_acc=0.9321
search_path step=0 conv.initial_lr=0.003 tta_val_acc=0.9317
search_path step=1 conv.initial_lr=0.0018 tta_val_acc=0.9323
search run=1 interval=2 phase=main metric=tta_val_acc
cooldown hparams: conv.initial_lr=0.0018
main hparams: conv.initial_lr=0.005 conv.momentum=0.7 best_cooldown=0.9323
main hparams: conv.initial_lr=0.003 conv.momentum=0.7 best_cooldown=0.9313
main hparams: conv.initial_lr=0.0083 conv.momentum=0.7 best_cooldown=0.9304
main hparams: conv.initial_lr=0.005 conv.momentum=0.6 best_cooldown=0.9324
main hparams: conv.initial_lr=0.005 conv.momentum=0.5 best_cooldown=0.932
main hparams: conv.initial_lr=0.003 conv.momentum=0.6 best_cooldown=0.9311
main hparams: conv.initial_lr=0.0083 conv.momentum=0.6 best_cooldown=0.9312
search_path step=0 conv.initial_lr=0.005 conv.momentum=0.7 tta_val_acc=0.9323
search_path step=1 conv.initial_lr=0.005 conv.momentum=0.6 tta_val_acc=0.9324
search run=1 interval=2 phase=cooldown metric=tta_val_acc
main hparams: conv.initial_lr=0.005 conv.momentum=0.6
conv.initial_lr=0.0018 -> tta_val_acc=0.9324
conv.initial_lr=0.0011 -> tta_val_acc=0.9323
conv.initial_lr=0.003 -> tta_val_acc=0.9316
search_path step=0 conv.initial_lr=0.0018 tta_val_acc=0.9324
train_hparams run=1 interval=2 start_step=1280 completed_steps=640 total_steps=3200 conv.initial_lr=0.005 conv.momentum=0.6
train_loss run=1 interval=2 step=1281 loss=1.01658
train_loss run=1 interval=2 step=1282 loss=1.0585
train_loss run=1 interval=2 step=1283 loss=1.04798
train_loss run=1 interval=2 step=1284 loss=1.01127
train_loss run=1 interval=2 step=1285 loss=1.0052
train_loss run=1 interval=2 step=1286 loss=1.05186
train_loss run=1 interval=2 step=1287 loss=1.02358
train_loss run=1 interval=2 step=1288 loss=1.01514
train_loss run=1 interval=2 step=1289 loss=1.06581
train_loss run=1 interval=2 step=1290 loss=1.01679
train_loss run=1 interval=2 step=1291 loss=1.0837
train_loss run=1 interval=2 step=1292 loss=1.02058
train_loss run=1 interval=2 step=1293 loss=0.974148
train_loss run=1 interval=2 step=1294 loss=1.00368
train_loss run=1 interval=2 step=1295 loss=1.01977
train_loss run=1 interval=2 step=1296 loss=1.01423
train_loss run=1 interval=2 step=1297 loss=1.02333
train_loss run=1 interval=2 step=1298 loss=1.02885
train_loss run=1 interval=2 step=1299 loss=1.01278
train_loss run=1 interval=2 step=1300 loss=1.04404
train_loss run=1 interval=2 step=1301 loss=1.05241
train_loss run=1 interval=2 step=1302 loss=1.05967
train_loss run=1 interval=2 step=1303 loss=1.04094
train_loss run=1 interval=2 step=1304 loss=1.04507
train_loss run=1 interval=2 step=1305 loss=1.00344
train_loss run=1 interval=2 step=1306 loss=1.04135
train_loss run=1 interval=2 step=1307 loss=1.13339
train_loss run=1 interval=2 step=1308 loss=1.00286
train_loss run=1 interval=2 step=1309 loss=1.01878
train_loss run=1 interval=2 step=1310 loss=1.00843
train_loss run=1 interval=2 step=1311 loss=1.01745
train_loss run=1 interval=2 step=1312 loss=0.995136
train_loss run=1 interval=2 step=1313 loss=1.03022
train_loss run=1 interval=2 step=1314 loss=1.10313
train_loss run=1 interval=2 step=1315 loss=1.02619
train_loss run=1 interval=2 step=1316 loss=0.99792
train_loss run=1 interval=2 step=1317 loss=1.00874
train_loss run=1 interval=2 step=1318 loss=0.990656
train_loss run=1 interval=2 step=1319 loss=1.0029
train_loss run=1 interval=2 step=1320 loss=1.05027
train_loss run=1 interval=2 step=1321 loss=1.05812
train_loss run=1 interval=2 step=1322 loss=1.04537
train_loss run=1 interval=2 step=1323 loss=1.00397
train_loss run=1 interval=2 step=1324 loss=1.00549
train_loss run=1 interval=2 step=1325 loss=1.02048
train_loss run=1 interval=2 step=1326 loss=1.06337
train_loss run=1 interval=2 step=1327 loss=1.08046
train_loss run=1 interval=2 step=1328 loss=1.01181
train_loss run=1 interval=2 step=1329 loss=1.0717
train_loss run=1 interval=2 step=1330 loss=1.01656
train_loss run=1 interval=2 step=1331 loss=1.05823
train_loss run=1 interval=2 step=1332 loss=1.05044
train_loss run=1 interval=2 step=1333 loss=1.03164
train_loss run=1 interval=2 step=1334 loss=1.00895
train_loss run=1 interval=2 step=1335 loss=1.04299
train_loss run=1 interval=2 step=1336 loss=0.985162
train_loss run=1 interval=2 step=1337 loss=1.03964
train_loss run=1 interval=2 step=1338 loss=1.02816
train_loss run=1 interval=2 step=1339 loss=1.01019
train_loss run=1 interval=2 step=1340 loss=1.0033
train_loss run=1 interval=2 step=1341 loss=1.02168
train_loss run=1 interval=2 step=1342 loss=1.04112
train_loss run=1 interval=2 step=1343 loss=1.01917
train_loss run=1 interval=2 step=1344 loss=1.02398
train_loss run=1 interval=2 step=1345 loss=1.04625
train_loss run=1 interval=2 step=1346 loss=1.00415
train_loss run=1 interval=2 step=1347 loss=1.03446
train_loss run=1 interval=2 step=1348 loss=1.02538
train_loss run=1 interval=2 step=1349 loss=1.06385
train_loss run=1 interval=2 step=1350 loss=1.03749
train_loss run=1 interval=2 step=1351 loss=1.02347
train_loss run=1 interval=2 step=1352 loss=1.04006
train_loss run=1 interval=2 step=1353 loss=1.07889
train_loss run=1 interval=2 step=1354 loss=1.03255
train_loss run=1 interval=2 step=1355 loss=1.05624
train_loss run=1 interval=2 step=1356 loss=1.02336
train_loss run=1 interval=2 step=1357 loss=1.04193
train_loss run=1 interval=2 step=1358 loss=1.03707
train_loss run=1 interval=2 step=1359 loss=1.01893
train_loss run=1 interval=2 step=1360 loss=1.01109
train_loss run=1 interval=2 step=1361 loss=1.0422
train_loss run=1 interval=2 step=1362 loss=1.02907
train_loss run=1 interval=2 step=1363 loss=1.05175
train_loss run=1 interval=2 step=1364 loss=0.995843
train_loss run=1 interval=2 step=1365 loss=0.972121
train_loss run=1 interval=2 step=1366 loss=1.02267
train_loss run=1 interval=2 step=1367 loss=0.972379
train_loss run=1 interval=2 step=1368 loss=0.999569
train_loss run=1 interval=2 step=1369 loss=1.01571
train_loss run=1 interval=2 step=1370 loss=0.995659
train_loss run=1 interval=2 step=1371 loss=1.02551
train_loss run=1 interval=2 step=1372 loss=1.01547
train_loss run=1 interval=2 step=1373 loss=0.99751
train_loss run=1 interval=2 step=1374 loss=1.00487
train_loss run=1 interval=2 step=1375 loss=0.999265
train_loss run=1 interval=2 step=1376 loss=1.01733
train_loss run=1 interval=2 step=1377 loss=1.02384
train_loss run=1 interval=2 step=1378 loss=1.06552
train_loss run=1 interval=2 step=1379 loss=1.00208
train_loss run=1 interval=2 step=1380 loss=1.03074
train_loss run=1 interval=2 step=1381 loss=0.982231
train_loss run=1 interval=2 step=1382 loss=1.09687
train_loss run=1 interval=2 step=1383 loss=0.966241
train_loss run=1 interval=2 step=1384 loss=0.987858
train_loss run=1 interval=2 step=1385 loss=1.01297
train_loss run=1 interval=2 step=1386 loss=1.03117
train_loss run=1 interval=2 step=1387 loss=0.989341
train_loss run=1 interval=2 step=1388 loss=1.09977
train_loss run=1 interval=2 step=1389 loss=1.03479
train_loss run=1 interval=2 step=1390 loss=1.01828
train_loss run=1 interval=2 step=1391 loss=0.967464
train_loss run=1 interval=2 step=1392 loss=1.00215
train_loss run=1 interval=2 step=1393 loss=1.01879
train_loss run=1 interval=2 step=1394 loss=1.03289
train_loss run=1 interval=2 step=1395 loss=1.05282
train_loss run=1 interval=2 step=1396 loss=0.985152
train_loss run=1 interval=2 step=1397 loss=1.04489
train_loss run=1 interval=2 step=1398 loss=0.981086
train_loss run=1 interval=2 step=1399 loss=1.02057
train_loss run=1 interval=2 step=1400 loss=1.08099
train_loss run=1 interval=2 step=1401 loss=0.998705
train_loss run=1 interval=2 step=1402 loss=1.00068
train_loss run=1 interval=2 step=1403 loss=1.0139
train_loss run=1 interval=2 step=1404 loss=1.00892
train_loss run=1 interval=2 step=1405 loss=1.0257
train_loss run=1 interval=2 step=1406 loss=1.0486
train_loss run=1 interval=2 step=1407 loss=1.02177
train_loss run=1 interval=2 step=1408 loss=1.0516
train_loss run=1 interval=2 step=1409 loss=1.02963
train_loss run=1 interval=2 step=1410 loss=0.98287
train_loss run=1 interval=2 step=1411 loss=1.02885
train_loss run=1 interval=2 step=1412 loss=1.02883
train_loss run=1 interval=2 step=1413 loss=0.985025
train_loss run=1 interval=2 step=1414 loss=1.01203
train_loss run=1 interval=2 step=1415 loss=1.0193
train_loss run=1 interval=2 step=1416 loss=0.980948
train_loss run=1 interval=2 step=1417 loss=0.99332
train_loss run=1 interval=2 step=1418 loss=1.01755
train_loss run=1 interval=2 step=1419 loss=0.997879
train_loss run=1 interval=2 step=1420 loss=0.984188
train_loss run=1 interval=2 step=1421 loss=1.03819
train_loss run=1 interval=2 step=1422 loss=1.01921
train_loss run=1 interval=2 step=1423 loss=1.00925
train_loss run=1 interval=2 step=1424 loss=1.00789
train_loss run=1 interval=2 step=1425 loss=1.02654
train_loss run=1 interval=2 step=1426 loss=1.05189
train_loss run=1 interval=2 step=1427 loss=1.0522
train_loss run=1 interval=2 step=1428 loss=0.945408
train_loss run=1 interval=2 step=1429 loss=1.01782
train_loss run=1 interval=2 step=1430 loss=1.03247
train_loss run=1 interval=2 step=1431 loss=0.971611
train_loss run=1 interval=2 step=1432 loss=1.04394
train_loss run=1 interval=2 step=1433 loss=1.04759
train_loss run=1 interval=2 step=1434 loss=1.0168
train_loss run=1 interval=2 step=1435 loss=1.03024
train_loss run=1 interval=2 step=1436 loss=1.03933
train_loss run=1 interval=2 step=1437 loss=1.03663
train_loss run=1 interval=2 step=1438 loss=1.02296
train_loss run=1 interval=2 step=1439 loss=1.0336
train_loss run=1 interval=2 step=1440 loss=1.00384
train_loss run=1 interval=2 step=1441 loss=1.02652
train_loss run=1 interval=2 step=1442 loss=1.03278
train_loss run=1 interval=2 step=1443 loss=0.988012
train_loss run=1 interval=2 step=1444 loss=1.04425
train_loss run=1 interval=2 step=1445 loss=0.978553
train_loss run=1 interval=2 step=1446 loss=1.00259
train_loss run=1 interval=2 step=1447 loss=1.04425
train_loss run=1 interval=2 step=1448 loss=0.980379
train_loss run=1 interval=2 step=1449 loss=1.01855
train_loss run=1 interval=2 step=1450 loss=1.01748
train_loss run=1 interval=2 step=1451 loss=0.997711
train_loss run=1 interval=2 step=1452 loss=1.06124
train_loss run=1 interval=2 step=1453 loss=0.985287
train_loss run=1 interval=2 step=1454 loss=1.00406
train_loss run=1 interval=2 step=1455 loss=1.02034
train_loss run=1 interval=2 step=1456 loss=0.976648
train_loss run=1 interval=2 step=1457 loss=0.989824
train_loss run=1 interval=2 step=1458 loss=1.03396
train_loss run=1 interval=2 step=1459 loss=1.0685
train_loss run=1 interval=2 step=1460 loss=1.05419
train_loss run=1 interval=2 step=1461 loss=1.00262
train_loss run=1 interval=2 step=1462 loss=1.01735
train_loss run=1 interval=2 step=1463 loss=1.01701
train_loss run=1 interval=2 step=1464 loss=1.00979
train_loss run=1 interval=2 step=1465 loss=0.996596
train_loss run=1 interval=2 step=1466 loss=1.00553
train_loss run=1 interval=2 step=1467 loss=1.02683
train_loss run=1 interval=2 step=1468 loss=0.976221
train_loss run=1 interval=2 step=1469 loss=0.994397
train_loss run=1 interval=2 step=1470 loss=1.04382
train_loss run=1 interval=2 step=1471 loss=1.00256
train_loss run=1 interval=2 step=1472 loss=0.982319
train_loss run=1 interval=2 step=1473 loss=1.02983
train_loss run=1 interval=2 step=1474 loss=1.00305
train_loss run=1 interval=2 step=1475 loss=1.07976
train_loss run=1 interval=2 step=1476 loss=1.04975
train_loss run=1 interval=2 step=1477 loss=1.04235
train_loss run=1 interval=2 step=1478 loss=1.02145
train_loss run=1 interval=2 step=1479 loss=1.01109
train_loss run=1 interval=2 step=1480 loss=1.05407
train_loss run=1 interval=2 step=1481 loss=1.03354
train_loss run=1 interval=2 step=1482 loss=1.00472
train_loss run=1 interval=2 step=1483 loss=1.0386
train_loss run=1 interval=2 step=1484 loss=1.0391
train_loss run=1 interval=2 step=1485 loss=0.99772
train_loss run=1 interval=2 step=1486 loss=1.02703
train_loss run=1 interval=2 step=1487 loss=0.976838
train_loss run=1 interval=2 step=1488 loss=0.985454
train_loss run=1 interval=2 step=1489 loss=0.986197
train_loss run=1 interval=2 step=1490 loss=1.04346
train_loss run=1 interval=2 step=1491 loss=1.00175
train_loss run=1 interval=2 step=1492 loss=1.01503
train_loss run=1 interval=2 step=1493 loss=1.092
train_loss run=1 interval=2 step=1494 loss=1.01131
train_loss run=1 interval=2 step=1495 loss=1.01512
train_loss run=1 interval=2 step=1496 loss=0.976797
train_loss run=1 interval=2 step=1497 loss=0.943798
train_loss run=1 interval=2 step=1498 loss=1.00942
train_loss run=1 interval=2 step=1499 loss=1.10416
train_loss run=1 interval=2 step=1500 loss=1.02741
train_loss run=1 interval=2 step=1501 loss=1.01185
train_loss run=1 interval=2 step=1502 loss=1.01947
train_loss run=1 interval=2 step=1503 loss=1.04275
train_loss run=1 interval=2 step=1504 loss=1.0097
train_loss run=1 interval=2 step=1505 loss=1.06425
train_loss run=1 interval=2 step=1506 loss=1.00545
train_loss run=1 interval=2 step=1507 loss=1.00404
train_loss run=1 interval=2 step=1508 loss=1.03166
train_loss run=1 interval=2 step=1509 loss=1.01475
train_loss run=1 interval=2 step=1510 loss=0.992996
train_loss run=1 interval=2 step=1511 loss=1.02811
train_loss run=1 interval=2 step=1512 loss=1.08453
train_loss run=1 interval=2 step=1513 loss=1.01035
train_loss run=1 interval=2 step=1514 loss=1.02225
train_loss run=1 interval=2 step=1515 loss=1.04643
train_loss run=1 interval=2 step=1516 loss=1.07488
train_loss run=1 interval=2 step=1517 loss=1.02055
train_loss run=1 interval=2 step=1518 loss=1.05647
train_loss run=1 interval=2 step=1519 loss=0.968011
train_loss run=1 interval=2 step=1520 loss=1.00908
train_loss run=1 interval=2 step=1521 loss=1.06104
train_loss run=1 interval=2 step=1522 loss=0.995382
train_loss run=1 interval=2 step=1523 loss=1.03448
train_loss run=1 interval=2 step=1524 loss=1.04993
train_loss run=1 interval=2 step=1525 loss=1.03282
train_loss run=1 interval=2 step=1526 loss=1.00864
train_loss run=1 interval=2 step=1527 loss=0.988744
train_loss run=1 interval=2 step=1528 loss=1.024
train_loss run=1 interval=2 step=1529 loss=1.06216
train_loss run=1 interval=2 step=1530 loss=1.04368
train_loss run=1 interval=2 step=1531 loss=1.01957
train_loss run=1 interval=2 step=1532 loss=0.999366
train_loss run=1 interval=2 step=1533 loss=0.959586
train_loss run=1 interval=2 step=1534 loss=1.02554
train_loss run=1 interval=2 step=1535 loss=0.992434
train_loss run=1 interval=2 step=1536 loss=1.03429
train_loss run=1 interval=2 step=1537 loss=1.0284
train_loss run=1 interval=2 step=1538 loss=0.998657
train_loss run=1 interval=2 step=1539 loss=1.01796
train_loss run=1 interval=2 step=1540 loss=0.992671
train_loss run=1 interval=2 step=1541 loss=1.00796
train_loss run=1 interval=2 step=1542 loss=0.993561
train_loss run=1 interval=2 step=1543 loss=1.02704
train_loss run=1 interval=2 step=1544 loss=1.00916
train_loss run=1 interval=2 step=1545 loss=1.01278
train_loss run=1 interval=2 step=1546 loss=0.986785
train_loss run=1 interval=2 step=1547 loss=0.973661
train_loss run=1 interval=2 step=1548 loss=0.983478
train_loss run=1 interval=2 step=1549 loss=0.976259
train_loss run=1 interval=2 step=1550 loss=1.03075
train_loss run=1 interval=2 step=1551 loss=1.00621
train_loss run=1 interval=2 step=1552 loss=1.05799
train_loss run=1 interval=2 step=1553 loss=0.984815
train_loss run=1 interval=2 step=1554 loss=1.04011
train_loss run=1 interval=2 step=1555 loss=1.06271
train_loss run=1 interval=2 step=1556 loss=1.03033
train_loss run=1 interval=2 step=1557 loss=1.01836
train_loss run=1 interval=2 step=1558 loss=1.03095
train_loss run=1 interval=2 step=1559 loss=1.01816
train_loss run=1 interval=2 step=1560 loss=1.00475
train_loss run=1 interval=2 step=1561 loss=0.988369
train_loss run=1 interval=2 step=1562 loss=1.00745
train_loss run=1 interval=2 step=1563 loss=1.01809
train_loss run=1 interval=2 step=1564 loss=1.07267
train_loss run=1 interval=2 step=1565 loss=0.996918
train_loss run=1 interval=2 step=1566 loss=1.0196
train_loss run=1 interval=2 step=1567 loss=1.01745
train_loss run=1 interval=2 step=1568 loss=0.991805
train_loss run=1 interval=2 step=1569 loss=1.04191
train_loss run=1 interval=2 step=1570 loss=1.05912
train_loss run=1 interval=2 step=1571 loss=1.01315
train_loss run=1 interval=2 step=1572 loss=1.05191
train_loss run=1 interval=2 step=1573 loss=0.996989
train_loss run=1 interval=2 step=1574 loss=1.02264
train_loss run=1 interval=2 step=1575 loss=1.05914
train_loss run=1 interval=2 step=1576 loss=1.0581
train_loss run=1 interval=2 step=1577 loss=0.986699
train_loss run=1 interval=2 step=1578 loss=1.00372
train_loss run=1 interval=2 step=1579 loss=0.997928
train_loss run=1 interval=2 step=1580 loss=0.997182
train_loss run=1 interval=2 step=1581 loss=0.989571
train_loss run=1 interval=2 step=1582 loss=1.01958
train_loss run=1 interval=2 step=1583 loss=1.02892
train_loss run=1 interval=2 step=1584 loss=1.02511
train_loss run=1 interval=2 step=1585 loss=1.04198
train_loss run=1 interval=2 step=1586 loss=0.989834
train_loss run=1 interval=2 step=1587 loss=0.954473
train_loss run=1 interval=2 step=1588 loss=1.00305
train_loss run=1 interval=2 step=1589 loss=1.03192
train_loss run=1 interval=2 step=1590 loss=0.978162
train_loss run=1 interval=2 step=1591 loss=1.0561
train_loss run=1 interval=2 step=1592 loss=1.08281
train_loss run=1 interval=2 step=1593 loss=1.08167
train_loss run=1 interval=2 step=1594 loss=1.00519
train_loss run=1 interval=2 step=1595 loss=0.997227
train_loss run=1 interval=2 step=1596 loss=1.07529
train_loss run=1 interval=2 step=1597 loss=1.03946
train_loss run=1 interval=2 step=1598 loss=0.994502
train_loss run=1 interval=2 step=1599 loss=1.0035
train_loss run=1 interval=2 step=1600 loss=0.957866
train_loss run=1 interval=2 step=1601 loss=0.981084
train_loss run=1 interval=2 step=1602 loss=1.01932
train_loss run=1 interval=2 step=1603 loss=0.971751
train_loss run=1 interval=2 step=1604 loss=0.952949
train_loss run=1 interval=2 step=1605 loss=1.00741
train_loss run=1 interval=2 step=1606 loss=1.02619
train_loss run=1 interval=2 step=1607 loss=0.977656
train_loss run=1 interval=2 step=1608 loss=1.02608
train_loss run=1 interval=2 step=1609 loss=1.02242
train_loss run=1 interval=2 step=1610 loss=1.00645
train_loss run=1 interval=2 step=1611 loss=0.940335
train_loss run=1 interval=2 step=1612 loss=0.984045
train_loss run=1 interval=2 step=1613 loss=0.985294
train_loss run=1 interval=2 step=1614 loss=0.998431
train_loss run=1 interval=2 step=1615 loss=1.01611
train_loss run=1 interval=2 step=1616 loss=0.957545
train_loss run=1 interval=2 step=1617 loss=0.972926
train_loss run=1 interval=2 step=1618 loss=0.957751
train_loss run=1 interval=2 step=1619 loss=0.962054
train_loss run=1 interval=2 step=1620 loss=0.985014
train_loss run=1 interval=2 step=1621 loss=1.00156
train_loss run=1 interval=2 step=1622 loss=1.01141
train_loss run=1 interval=2 step=1623 loss=0.952949
train_loss run=1 interval=2 step=1624 loss=1.0294
train_loss run=1 interval=2 step=1625 loss=0.967452
train_loss run=1 interval=2 step=1626 loss=0.980017
train_loss run=1 interval=2 step=1627 loss=0.998942
train_loss run=1 interval=2 step=1628 loss=1.03626
train_loss run=1 interval=2 step=1629 loss=0.994166
train_loss run=1 interval=2 step=1630 loss=0.971798
train_loss run=1 interval=2 step=1631 loss=1.08533
train_loss run=1 interval=2 step=1632 loss=0.973448
train_loss run=1 interval=2 step=1633 loss=0.971382
train_loss run=1 interval=2 step=1634 loss=0.979502
train_loss run=1 interval=2 step=1635 loss=0.998287
train_loss run=1 interval=2 step=1636 loss=0.956003
train_loss run=1 interval=2 step=1637 loss=1.00721
train_loss run=1 interval=2 step=1638 loss=1.02677
train_loss run=1 interval=2 step=1639 loss=0.957248
train_loss run=1 interval=2 step=1640 loss=0.940692
train_loss run=1 interval=2 step=1641 loss=1.00122
train_loss run=1 interval=2 step=1642 loss=0.981658
train_loss run=1 interval=2 step=1643 loss=1.03181
train_loss run=1 interval=2 step=1644 loss=0.969288
train_loss run=1 interval=2 step=1645 loss=0.980241
train_loss run=1 interval=2 step=1646 loss=1.01158
train_loss run=1 interval=2 step=1647 loss=0.983244
train_loss run=1 interval=2 step=1648 loss=0.990036
train_loss run=1 interval=2 step=1649 loss=0.967234
train_loss run=1 interval=2 step=1650 loss=0.99392
train_loss run=1 interval=2 step=1651 loss=0.993157
train_loss run=1 interval=2 step=1652 loss=0.976626
train_loss run=1 interval=2 step=1653 loss=1.03871
train_loss run=1 interval=2 step=1654 loss=0.958636
train_loss run=1 interval=2 step=1655 loss=1.0268
train_loss run=1 interval=2 step=1656 loss=1.00068
train_loss run=1 interval=2 step=1657 loss=0.99189
train_loss run=1 interval=2 step=1658 loss=1.04094
train_loss run=1 interval=2 step=1659 loss=0.982158
train_loss run=1 interval=2 step=1660 loss=0.982181
train_loss run=1 interval=2 step=1661 loss=0.974055
train_loss run=1 interval=2 step=1662 loss=1.00414
train_loss run=1 interval=2 step=1663 loss=0.975801
train_loss run=1 interval=2 step=1664 loss=0.972514
train_loss run=1 interval=2 step=1665 loss=0.933998
train_loss run=1 interval=2 step=1666 loss=0.975878
train_loss run=1 interval=2 step=1667 loss=0.985991
train_loss run=1 interval=2 step=1668 loss=0.960562
train_loss run=1 interval=2 step=1669 loss=1.01204
train_loss run=1 interval=2 step=1670 loss=1.00964
train_loss run=1 interval=2 step=1671 loss=0.974685
train_loss run=1 interval=2 step=1672 loss=0.97917
train_loss run=1 interval=2 step=1673 loss=0.974918
train_loss run=1 interval=2 step=1674 loss=1.00626
train_loss run=1 interval=2 step=1675 loss=0.989993
train_loss run=1 interval=2 step=1676 loss=0.953416
train_loss run=1 interval=2 step=1677 loss=0.96654
train_loss run=1 interval=2 step=1678 loss=1.02939
train_loss run=1 interval=2 step=1679 loss=1.00991
train_loss run=1 interval=2 step=1680 loss=0.99233
train_loss run=1 interval=2 step=1681 loss=0.999961
train_loss run=1 interval=2 step=1682 loss=1.01007
train_loss run=1 interval=2 step=1683 loss=1.03475
train_loss run=1 interval=2 step=1684 loss=0.998867
train_loss run=1 interval=2 step=1685 loss=1.04481
train_loss run=1 interval=2 step=1686 loss=0.995299
train_loss run=1 interval=2 step=1687 loss=0.997853
train_loss run=1 interval=2 step=1688 loss=0.958407
train_loss run=1 interval=2 step=1689 loss=0.966123
train_loss run=1 interval=2 step=1690 loss=1.03452
train_loss run=1 interval=2 step=1691 loss=0.977603
train_loss run=1 interval=2 step=1692 loss=1.00123
train_loss run=1 interval=2 step=1693 loss=0.990375
train_loss run=1 interval=2 step=1694 loss=1.05165
train_loss run=1 interval=2 step=1695 loss=0.995512
train_loss run=1 interval=2 step=1696 loss=1.02278
train_loss run=1 interval=2 step=1697 loss=0.996936
train_loss run=1 interval=2 step=1698 loss=1.01355
train_loss run=1 interval=2 step=1699 loss=0.995705
train_loss run=1 interval=2 step=1700 loss=0.998788
train_loss run=1 interval=2 step=1701 loss=0.959999
train_loss run=1 interval=2 step=1702 loss=0.995708
train_loss run=1 interval=2 step=1703 loss=1.02454
train_loss run=1 interval=2 step=1704 loss=0.990572
train_loss run=1 interval=2 step=1705 loss=0.982036
train_loss run=1 interval=2 step=1706 loss=0.969516
train_loss run=1 interval=2 step=1707 loss=0.992539
train_loss run=1 interval=2 step=1708 loss=0.940255
train_loss run=1 interval=2 step=1709 loss=0.974004
train_loss run=1 interval=2 step=1710 loss=1.01893
train_loss run=1 interval=2 step=1711 loss=0.992943
train_loss run=1 interval=2 step=1712 loss=0.993736
train_loss run=1 interval=2 step=1713 loss=0.954883
train_loss run=1 interval=2 step=1714 loss=0.948625
train_loss run=1 interval=2 step=1715 loss=1.00043
train_loss run=1 interval=2 step=1716 loss=0.984462
train_loss run=1 interval=2 step=1717 loss=0.970804
train_loss run=1 interval=2 step=1718 loss=0.976254
train_loss run=1 interval=2 step=1719 loss=0.991994
train_loss run=1 interval=2 step=1720 loss=0.963985
train_loss run=1 interval=2 step=1721 loss=1.0505
train_loss run=1 interval=2 step=1722 loss=0.957717
train_loss run=1 interval=2 step=1723 loss=1.03053
train_loss run=1 interval=2 step=1724 loss=0.995807
train_loss run=1 interval=2 step=1725 loss=0.98424
train_loss run=1 interval=2 step=1726 loss=0.974864
train_loss run=1 interval=2 step=1727 loss=0.984889
train_loss run=1 interval=2 step=1728 loss=0.971813
train_loss run=1 interval=2 step=1729 loss=0.993759
train_loss run=1 interval=2 step=1730 loss=0.992464
train_loss run=1 interval=2 step=1731 loss=0.982752
train_loss run=1 interval=2 step=1732 loss=0.990341
train_loss run=1 interval=2 step=1733 loss=0.979236
train_loss run=1 interval=2 step=1734 loss=0.982538
train_loss run=1 interval=2 step=1735 loss=1.02885
train_loss run=1 interval=2 step=1736 loss=1.00745
train_loss run=1 interval=2 step=1737 loss=0.994763
train_loss run=1 interval=2 step=1738 loss=0.986412
train_loss run=1 interval=2 step=1739 loss=0.972584
train_loss run=1 interval=2 step=1740 loss=1.01945
train_loss run=1 interval=2 step=1741 loss=1.00158
train_loss run=1 interval=2 step=1742 loss=0.994375
train_loss run=1 interval=2 step=1743 loss=0.98785
train_loss run=1 interval=2 step=1744 loss=1.01478
train_loss run=1 interval=2 step=1745 loss=0.965115
train_loss run=1 interval=2 step=1746 loss=1.02709
train_loss run=1 interval=2 step=1747 loss=1.00242
train_loss run=1 interval=2 step=1748 loss=0.962892
train_loss run=1 interval=2 step=1749 loss=0.977894
train_loss run=1 interval=2 step=1750 loss=1.06938
train_loss run=1 interval=2 step=1751 loss=0.994421
train_loss run=1 interval=2 step=1752 loss=1.0099
train_loss run=1 interval=2 step=1753 loss=0.967812
train_loss run=1 interval=2 step=1754 loss=1.05347
train_loss run=1 interval=2 step=1755 loss=0.960655
train_loss run=1 interval=2 step=1756 loss=0.979841
train_loss run=1 interval=2 step=1757 loss=1.0142
train_loss run=1 interval=2 step=1758 loss=0.976004
train_loss run=1 interval=2 step=1759 loss=0.97611
train_loss run=1 interval=2 step=1760 loss=0.976199
train_loss run=1 interval=2 step=1761 loss=0.984812
train_loss run=1 interval=2 step=1762 loss=0.996586
train_loss run=1 interval=2 step=1763 loss=0.987817
train_loss run=1 interval=2 step=1764 loss=0.989103
train_loss run=1 interval=2 step=1765 loss=0.977667
train_loss run=1 interval=2 step=1766 loss=0.967671
train_loss run=1 interval=2 step=1767 loss=0.994519
train_loss run=1 interval=2 step=1768 loss=0.983779
train_loss run=1 interval=2 step=1769 loss=1.02619
train_loss run=1 interval=2 step=1770 loss=0.974124
train_loss run=1 interval=2 step=1771 loss=0.980189
train_loss run=1 interval=2 step=1772 loss=0.965079
train_loss run=1 interval=2 step=1773 loss=0.996515
train_loss run=1 interval=2 step=1774 loss=0.969118
train_loss run=1 interval=2 step=1775 loss=0.993018
train_loss run=1 interval=2 step=1776 loss=1.03317
train_loss run=1 interval=2 step=1777 loss=0.960003
train_loss run=1 interval=2 step=1778 loss=0.968737
train_loss run=1 interval=2 step=1779 loss=0.996319
train_loss run=1 interval=2 step=1780 loss=0.964913
train_loss run=1 interval=2 step=1781 loss=0.991819
train_loss run=1 interval=2 step=1782 loss=0.965006
train_loss run=1 interval=2 step=1783 loss=0.997043
train_loss run=1 interval=2 step=1784 loss=0.962177
train_loss run=1 interval=2 step=1785 loss=0.98663
train_loss run=1 interval=2 step=1786 loss=0.98648
train_loss run=1 interval=2 step=1787 loss=1.01226
train_loss run=1 interval=2 step=1788 loss=0.975759
train_loss run=1 interval=2 step=1789 loss=0.978332
train_loss run=1 interval=2 step=1790 loss=0.970229
train_loss run=1 interval=2 step=1791 loss=1.02369
train_loss run=1 interval=2 step=1792 loss=0.997703
train_loss run=1 interval=2 step=1793 loss=0.984615
train_loss run=1 interval=2 step=1794 loss=0.961767
train_loss run=1 interval=2 step=1795 loss=0.997367
train_loss run=1 interval=2 step=1796 loss=0.966851
train_loss run=1 interval=2 step=1797 loss=1.00202
train_loss run=1 interval=2 step=1798 loss=0.957216
train_loss run=1 interval=2 step=1799 loss=0.995115
train_loss run=1 interval=2 step=1800 loss=0.972882
train_loss run=1 interval=2 step=1801 loss=1.00123
train_loss run=1 interval=2 step=1802 loss=1.05292
train_loss run=1 interval=2 step=1803 loss=1.00968
train_loss run=1 interval=2 step=1804 loss=1.01799
train_loss run=1 interval=2 step=1805 loss=0.975835
train_loss run=1 interval=2 step=1806 loss=1.05037
train_loss run=1 interval=2 step=1807 loss=0.97596
train_loss run=1 interval=2 step=1808 loss=0.958238
train_loss run=1 interval=2 step=1809 loss=0.96303
train_loss run=1 interval=2 step=1810 loss=0.999784
train_loss run=1 interval=2 step=1811 loss=1.00874
train_loss run=1 interval=2 step=1812 loss=0.958805
train_loss run=1 interval=2 step=1813 loss=0.955841
train_loss run=1 interval=2 step=1814 loss=0.981341
train_loss run=1 interval=2 step=1815 loss=1.05989
train_loss run=1 interval=2 step=1816 loss=0.992517
train_loss run=1 interval=2 step=1817 loss=0.969055
train_loss run=1 interval=2 step=1818 loss=0.964185
train_loss run=1 interval=2 step=1819 loss=1.00535
train_loss run=1 interval=2 step=1820 loss=0.980799
train_loss run=1 interval=2 step=1821 loss=0.975524
train_loss run=1 interval=2 step=1822 loss=0.996182
train_loss run=1 interval=2 step=1823 loss=0.979001
train_loss run=1 interval=2 step=1824 loss=0.985046
train_loss run=1 interval=2 step=1825 loss=0.99224
train_loss run=1 interval=2 step=1826 loss=0.968305
train_loss run=1 interval=2 step=1827 loss=0.997401
train_loss run=1 interval=2 step=1828 loss=0.938756
train_loss run=1 interval=2 step=1829 loss=0.936879
train_loss run=1 interval=2 step=1830 loss=0.990749
train_loss run=1 interval=2 step=1831 loss=0.965779
train_loss run=1 interval=2 step=1832 loss=0.997495
train_loss run=1 interval=2 step=1833 loss=1.02436
train_loss run=1 interval=2 step=1834 loss=0.964375
train_loss run=1 interval=2 step=1835 loss=1.00315
train_loss run=1 interval=2 step=1836 loss=1.00614
train_loss run=1 interval=2 step=1837 loss=0.962486
train_loss run=1 interval=2 step=1838 loss=0.981443
train_loss run=1 interval=2 step=1839 loss=0.955116
train_loss run=1 interval=2 step=1840 loss=1.0171
train_loss run=1 interval=2 step=1841 loss=0.933908
train_loss run=1 interval=2 step=1842 loss=0.992969
train_loss run=1 interval=2 step=1843 loss=0.974278
train_loss run=1 interval=2 step=1844 loss=0.940433
train_loss run=1 interval=2 step=1845 loss=1.01572
train_loss run=1 interval=2 step=1846 loss=1.05061
train_loss run=1 interval=2 step=1847 loss=0.982927
train_loss run=1 interval=2 step=1848 loss=1.01326
train_loss run=1 interval=2 step=1849 loss=0.985772
train_loss run=1 interval=2 step=1850 loss=0.978904
train_loss run=1 interval=2 step=1851 loss=1.0144
train_loss run=1 interval=2 step=1852 loss=1.00936
train_loss run=1 interval=2 step=1853 loss=1.03703
train_loss run=1 interval=2 step=1854 loss=0.978267
train_loss run=1 interval=2 step=1855 loss=0.969856
train_loss run=1 interval=2 step=1856 loss=1.0122
train_loss run=1 interval=2 step=1857 loss=0.984749
train_loss run=1 interval=2 step=1858 loss=0.986739
train_loss run=1 interval=2 step=1859 loss=0.978193
train_loss run=1 interval=2 step=1860 loss=0.988534
train_loss run=1 interval=2 step=1861 loss=1.03049
train_loss run=1 interval=2 step=1862 loss=1.00137
train_loss run=1 interval=2 step=1863 loss=0.987381
train_loss run=1 interval=2 step=1864 loss=0.961236
train_loss run=1 interval=2 step=1865 loss=1.02811
train_loss run=1 interval=2 step=1866 loss=0.970208
train_loss run=1 interval=2 step=1867 loss=0.970399
train_loss run=1 interval=2 step=1868 loss=1.0054
train_loss run=1 interval=2 step=1869 loss=0.993156
train_loss run=1 interval=2 step=1870 loss=0.992938
train_loss run=1 interval=2 step=1871 loss=0.977148
train_loss run=1 interval=2 step=1872 loss=1.00908
train_loss run=1 interval=2 step=1873 loss=0.98812
train_loss run=1 interval=2 step=1874 loss=0.953734
train_loss run=1 interval=2 step=1875 loss=0.958851
train_loss run=1 interval=2 step=1876 loss=0.959457
train_loss run=1 interval=2 step=1877 loss=0.988478
train_loss run=1 interval=2 step=1878 loss=1.01639
train_loss run=1 interval=2 step=1879 loss=0.979772
train_loss run=1 interval=2 step=1880 loss=0.993953
train_loss run=1 interval=2 step=1881 loss=0.963481
train_loss run=1 interval=2 step=1882 loss=0.971945
train_loss run=1 interval=2 step=1883 loss=0.946604
train_loss run=1 interval=2 step=1884 loss=0.955729
train_loss run=1 interval=2 step=1885 loss=0.98912
train_loss run=1 interval=2 step=1886 loss=1.01248
train_loss run=1 interval=2 step=1887 loss=0.956822
train_loss run=1 interval=2 step=1888 loss=0.965358
train_loss run=1 interval=2 step=1889 loss=0.959922
train_loss run=1 interval=2 step=1890 loss=0.996147
train_loss run=1 interval=2 step=1891 loss=0.961012
train_loss run=1 interval=2 step=1892 loss=0.986004
train_loss run=1 interval=2 step=1893 loss=1.0197
train_loss run=1 interval=2 step=1894 loss=1.01706
train_loss run=1 interval=2 step=1895 loss=1.01393
train_loss run=1 interval=2 step=1896 loss=0.963191
train_loss run=1 interval=2 step=1897 loss=0.955235
train_loss run=1 interval=2 step=1898 loss=1.0125
train_loss run=1 interval=2 step=1899 loss=1.0001
train_loss run=1 interval=2 step=1900 loss=0.981257
train_loss run=1 interval=2 step=1901 loss=1.02155
train_loss run=1 interval=2 step=1902 loss=0.992051
train_loss run=1 interval=2 step=1903 loss=0.965208
train_loss run=1 interval=2 step=1904 loss=0.997729
train_loss run=1 interval=2 step=1905 loss=0.963508
train_loss run=1 interval=2 step=1906 loss=1.01355
train_loss run=1 interval=2 step=1907 loss=0.96443
train_loss run=1 interval=2 step=1908 loss=0.981576
train_loss run=1 interval=2 step=1909 loss=0.983963
train_loss run=1 interval=2 step=1910 loss=0.976473
train_loss run=1 interval=2 step=1911 loss=0.953208
train_loss run=1 interval=2 step=1912 loss=0.975699
train_loss run=1 interval=2 step=1913 loss=0.974824
train_loss run=1 interval=2 step=1914 loss=1.00282
train_loss run=1 interval=2 step=1915 loss=0.984025
train_loss run=1 interval=2 step=1916 loss=0.961992
train_loss run=1 interval=2 step=1917 loss=0.974167
train_loss run=1 interval=2 step=1918 loss=0.968307
train_loss run=1 interval=2 step=1919 loss=0.999864
train_loss run=1 interval=2 step=1920 loss=0.998554
interval_boundary_eval run=1 interval=2 step=1920 total_steps=3200 tta_val_acc=0.9278
search run=1 interval=3 phase=baseline metric=tta_val_acc
main hparams: conv.initial_lr=0.005 conv.momentum=0.6 main=0.9303
search_path step=0 conv.initial_lr=0.005 conv.momentum=0.6 tta_val_acc=0.9303
search run=1 interval=3 phase=cooldown metric=tta_val_acc
main hparams: conv.initial_lr=0.005 conv.momentum=0.6
conv.initial_lr=0.0018 -> tta_val_acc=0.9319
conv.initial_lr=0.0011 -> tta_val_acc=0.931
conv.initial_lr=0.003 -> tta_val_acc=0.9322
conv.initial_lr=0.005 -> tta_val_acc=0.9319
search_path step=0 conv.initial_lr=0.0018 tta_val_acc=0.9319
search_path step=1 conv.initial_lr=0.003 tta_val_acc=0.9322
search run=1 interval=3 phase=main metric=tta_val_acc
cooldown hparams: conv.initial_lr=0.003
main hparams: conv.initial_lr=0.005 conv.momentum=0.6 best_cooldown=0.9322
main hparams: conv.initial_lr=0.003 conv.momentum=0.6 best_cooldown=0.9329
main hparams: conv.initial_lr=0.0018 conv.momentum=0.6 best_cooldown=0.9328
main hparams: conv.initial_lr=0.003 conv.momentum=0.5 best_cooldown=0.932
main hparams: conv.initial_lr=0.003 conv.momentum=0.7 best_cooldown=0.9323
search_path step=0 conv.initial_lr=0.005 conv.momentum=0.6 tta_val_acc=0.9322
search_path step=1 conv.initial_lr=0.003 conv.momentum=0.6 tta_val_acc=0.9329
search run=1 interval=3 phase=cooldown metric=tta_val_acc
main hparams: conv.initial_lr=0.003 conv.momentum=0.6
conv.initial_lr=0.003 -> tta_val_acc=0.9329
conv.initial_lr=0.0018 -> tta_val_acc=0.9326
conv.initial_lr=0.005 -> tta_val_acc=0.933
conv.initial_lr=0.0083 -> tta_val_acc=0.9285
search_path step=0 conv.initial_lr=0.003 tta_val_acc=0.9329
search_path step=1 conv.initial_lr=0.005 tta_val_acc=0.933
search run=1 interval=3 phase=main metric=tta_val_acc
cooldown hparams: conv.initial_lr=0.005
main hparams: conv.initial_lr=0.003 conv.momentum=0.6 best_cooldown=0.933
main hparams: conv.initial_lr=0.0018 conv.momentum=0.6 best_cooldown=0.9325
main hparams: conv.initial_lr=0.005 conv.momentum=0.6 best_cooldown=0.9319
main hparams: conv.initial_lr=0.003 conv.momentum=0.5 best_cooldown=0.9329
main hparams: conv.initial_lr=0.003 conv.momentum=0.7 best_cooldown=0.9308
search_path step=0 conv.initial_lr=0.003 conv.momentum=0.6 tta_val_acc=0.933
train_hparams run=1 interval=3 start_step=1920 completed_steps=640 total_steps=3200 conv.initial_lr=0.003 conv.momentum=0.6
train_loss run=1 interval=3 step=1921 loss=1.01556
train_loss run=1 interval=3 step=1922 loss=0.97793
train_loss run=1 interval=3 step=1923 loss=1.00369
train_loss run=1 interval=3 step=1924 loss=0.962559
train_loss run=1 interval=3 step=1925 loss=0.980957
train_loss run=1 interval=3 step=1926 loss=0.948074
train_loss run=1 interval=3 step=1927 loss=0.999281
train_loss run=1 interval=3 step=1928 loss=0.975946
train_loss run=1 interval=3 step=1929 loss=0.948537
train_loss run=1 interval=3 step=1930 loss=0.988273
train_loss run=1 interval=3 step=1931 loss=0.977015
train_loss run=1 interval=3 step=1932 loss=0.959247
train_loss run=1 interval=3 step=1933 loss=0.975484
train_loss run=1 interval=3 step=1934 loss=1.00828
train_loss run=1 interval=3 step=1935 loss=1.00164
train_loss run=1 interval=3 step=1936 loss=0.998887
train_loss run=1 interval=3 step=1937 loss=1.02567
train_loss run=1 interval=3 step=1938 loss=0.971633
train_loss run=1 interval=3 step=1939 loss=0.980139
train_loss run=1 interval=3 step=1940 loss=1.00806
train_loss run=1 interval=3 step=1941 loss=0.974471
train_loss run=1 interval=3 step=1942 loss=0.937471
train_loss run=1 interval=3 step=1943 loss=0.947272
train_loss run=1 interval=3 step=1944 loss=0.982246
train_loss run=1 interval=3 step=1945 loss=0.972771
train_loss run=1 interval=3 step=1946 loss=0.960187
train_loss run=1 interval=3 step=1947 loss=0.966648
train_loss run=1 interval=3 step=1948 loss=0.989393
train_loss run=1 interval=3 step=1949 loss=1.042
train_loss run=1 interval=3 step=1950 loss=1.04952
train_loss run=1 interval=3 step=1951 loss=1.01584
train_loss run=1 interval=3 step=1952 loss=0.99073
train_loss run=1 interval=3 step=1953 loss=0.991927
train_loss run=1 interval=3 step=1954 loss=0.957921
train_loss run=1 interval=3 step=1955 loss=0.979476
train_loss run=1 interval=3 step=1956 loss=1.00448
train_loss run=1 interval=3 step=1957 loss=0.958742
train_loss run=1 interval=3 step=1958 loss=1.00702
train_loss run=1 interval=3 step=1959 loss=0.967275
train_loss run=1 interval=3 step=1960 loss=0.983913
train_loss run=1 interval=3 step=1961 loss=0.968476
train_loss run=1 interval=3 step=1962 loss=0.971957
train_loss run=1 interval=3 step=1963 loss=0.960501
train_loss run=1 interval=3 step=1964 loss=0.976586
train_loss run=1 interval=3 step=1965 loss=0.985671
train_loss run=1 interval=3 step=1966 loss=0.96988
train_loss run=1 interval=3 step=1967 loss=0.95331
train_loss run=1 interval=3 step=1968 loss=0.991283
train_loss run=1 interval=3 step=1969 loss=0.980621
train_loss run=1 interval=3 step=1970 loss=0.988028
train_loss run=1 interval=3 step=1971 loss=1.0341
train_loss run=1 interval=3 step=1972 loss=1.04488
train_loss run=1 interval=3 step=1973 loss=0.989295
train_loss run=1 interval=3 step=1974 loss=0.98159
train_loss run=1 interval=3 step=1975 loss=1.01087
train_loss run=1 interval=3 step=1976 loss=0.97206
train_loss run=1 interval=3 step=1977 loss=0.977694
train_loss run=1 interval=3 step=1978 loss=1.03393
train_loss run=1 interval=3 step=1979 loss=1.01761
train_loss run=1 interval=3 step=1980 loss=0.972557
train_loss run=1 interval=3 step=1981 loss=0.98245
train_loss run=1 interval=3 step=1982 loss=1.03044
train_loss run=1 interval=3 step=1983 loss=1.03028
train_loss run=1 interval=3 step=1984 loss=1.02378
train_loss run=1 interval=3 step=1985 loss=0.983746
train_loss run=1 interval=3 step=1986 loss=0.953226
train_loss run=1 interval=3 step=1987 loss=0.974944
train_loss run=1 interval=3 step=1988 loss=0.965351
train_loss run=1 interval=3 step=1989 loss=0.953324
train_loss run=1 interval=3 step=1990 loss=0.941101
train_loss run=1 interval=3 step=1991 loss=0.977329
train_loss run=1 interval=3 step=1992 loss=0.936702
train_loss run=1 interval=3 step=1993 loss=0.940866
train_loss run=1 interval=3 step=1994 loss=0.997334
train_loss run=1 interval=3 step=1995 loss=0.98145
train_loss run=1 interval=3 step=1996 loss=0.965947
train_loss run=1 interval=3 step=1997 loss=1.01767
train_loss run=1 interval=3 step=1998 loss=0.975289
train_loss run=1 interval=3 step=1999 loss=0.974467
train_loss run=1 interval=3 step=2000 loss=0.954609
train_loss run=1 interval=3 step=2001 loss=0.982217
train_loss run=1 interval=3 step=2002 loss=0.955885
train_loss run=1 interval=3 step=2003 loss=0.93521
train_loss run=1 interval=3 step=2004 loss=0.928446
train_loss run=1 interval=3 step=2005 loss=0.999327
train_loss run=1 interval=3 step=2006 loss=0.989476
train_loss run=1 interval=3 step=2007 loss=0.983661
train_loss run=1 interval=3 step=2008 loss=0.991092
train_loss run=1 interval=3 step=2009 loss=0.94037
train_loss run=1 interval=3 step=2010 loss=1.00592
train_loss run=1 interval=3 step=2011 loss=0.956191
train_loss run=1 interval=3 step=2012 loss=0.989775
train_loss run=1 interval=3 step=2013 loss=0.992872
train_loss run=1 interval=3 step=2014 loss=0.962948
train_loss run=1 interval=3 step=2015 loss=1.01442
train_loss run=1 interval=3 step=2016 loss=0.937908
train_loss run=1 interval=3 step=2017 loss=0.977002
train_loss run=1 interval=3 step=2018 loss=0.946132
train_loss run=1 interval=3 step=2019 loss=0.956195
train_loss run=1 interval=3 step=2020 loss=0.961591
train_loss run=1 interval=3 step=2021 loss=1.00373
train_loss run=1 interval=3 step=2022 loss=0.97144
train_loss run=1 interval=3 step=2023 loss=0.953946
train_loss run=1 interval=3 step=2024 loss=0.927246
train_loss run=1 interval=3 step=2025 loss=0.980889
train_loss run=1 interval=3 step=2026 loss=0.952634
train_loss run=1 interval=3 step=2027 loss=0.974654
train_loss run=1 interval=3 step=2028 loss=0.951419
train_loss run=1 interval=3 step=2029 loss=0.975974
train_loss run=1 interval=3 step=2030 loss=0.960667
train_loss run=1 interval=3 step=2031 loss=0.981848
train_loss run=1 interval=3 step=2032 loss=0.945997
train_loss run=1 interval=3 step=2033 loss=0.948059
train_loss run=1 interval=3 step=2034 loss=0.927579
train_loss run=1 interval=3 step=2035 loss=0.970448
train_loss run=1 interval=3 step=2036 loss=0.968176
train_loss run=1 interval=3 step=2037 loss=0.965513
train_loss run=1 interval=3 step=2038 loss=0.974077
train_loss run=1 interval=3 step=2039 loss=0.935118
train_loss run=1 interval=3 step=2040 loss=1.00172
train_loss run=1 interval=3 step=2041 loss=0.960351
train_loss run=1 interval=3 step=2042 loss=0.998109
train_loss run=1 interval=3 step=2043 loss=1.01689
train_loss run=1 interval=3 step=2044 loss=0.969197
train_loss run=1 interval=3 step=2045 loss=0.958474
train_loss run=1 interval=3 step=2046 loss=1.00565
train_loss run=1 interval=3 step=2047 loss=0.993909
train_loss run=1 interval=3 step=2048 loss=0.960643
train_loss run=1 interval=3 step=2049 loss=0.956681
train_loss run=1 interval=3 step=2050 loss=1.03236
train_loss run=1 interval=3 step=2051 loss=1.00289
train_loss run=1 interval=3 step=2052 loss=0.961979
train_loss run=1 interval=3 step=2053 loss=1.03518
train_loss run=1 interval=3 step=2054 loss=0.938493
train_loss run=1 interval=3 step=2055 loss=0.969561
train_loss run=1 interval=3 step=2056 loss=0.959943
train_loss run=1 interval=3 step=2057 loss=0.991369
train_loss run=1 interval=3 step=2058 loss=0.968803
train_loss run=1 interval=3 step=2059 loss=0.965543
train_loss run=1 interval=3 step=2060 loss=0.992519
train_loss run=1 interval=3 step=2061 loss=0.940149
train_loss run=1 interval=3 step=2062 loss=0.94937
train_loss run=1 interval=3 step=2063 loss=0.961876
train_loss run=1 interval=3 step=2064 loss=0.963456
train_loss run=1 interval=3 step=2065 loss=0.958443
train_loss run=1 interval=3 step=2066 loss=0.99252
train_loss run=1 interval=3 step=2067 loss=0.96074
train_loss run=1 interval=3 step=2068 loss=0.9982
train_loss run=1 interval=3 step=2069 loss=0.959848
train_loss run=1 interval=3 step=2070 loss=0.950001
train_loss run=1 interval=3 step=2071 loss=0.969056
train_loss run=1 interval=3 step=2072 loss=0.958789
train_loss run=1 interval=3 step=2073 loss=0.957059
train_loss run=1 interval=3 step=2074 loss=0.958075
train_loss run=1 interval=3 step=2075 loss=0.955469
train_loss run=1 interval=3 step=2076 loss=0.984676
train_loss run=1 interval=3 step=2077 loss=0.9481
train_loss run=1 interval=3 step=2078 loss=0.970714
train_loss run=1 interval=3 step=2079 loss=0.963033
train_loss run=1 interval=3 step=2080 loss=0.978355
train_loss run=1 interval=3 step=2081 loss=0.98479
train_loss run=1 interval=3 step=2082 loss=0.965643
train_loss run=1 interval=3 step=2083 loss=1.01343
train_loss run=1 interval=3 step=2084 loss=0.972488
train_loss run=1 interval=3 step=2085 loss=0.950611
train_loss run=1 interval=3 step=2086 loss=1.00969
train_loss run=1 interval=3 step=2087 loss=0.954489
train_loss run=1 interval=3 step=2088 loss=0.946546
train_loss run=1 interval=3 step=2089 loss=0.993531
train_loss run=1 interval=3 step=2090 loss=0.973217
train_loss run=1 interval=3 step=2091 loss=0.989904
train_loss run=1 interval=3 step=2092 loss=0.962665
train_loss run=1 interval=3 step=2093 loss=0.957895
train_loss run=1 interval=3 step=2094 loss=0.96233
train_loss run=1 interval=3 step=2095 loss=0.956756
train_loss run=1 interval=3 step=2096 loss=0.958559
train_loss run=1 interval=3 step=2097 loss=0.939015
train_loss run=1 interval=3 step=2098 loss=0.974592
train_loss run=1 interval=3 step=2099 loss=0.966032
train_loss run=1 interval=3 step=2100 loss=0.963464
train_loss run=1 interval=3 step=2101 loss=0.957519
train_loss run=1 interval=3 step=2102 loss=0.957951
train_loss run=1 interval=3 step=2103 loss=0.967029
train_loss run=1 interval=3 step=2104 loss=0.97819
train_loss run=1 interval=3 step=2105 loss=0.971987
train_loss run=1 interval=3 step=2106 loss=1.0103
train_loss run=1 interval=3 step=2107 loss=0.956703
train_loss run=1 interval=3 step=2108 loss=0.973998
train_loss run=1 interval=3 step=2109 loss=1.00733
train_loss run=1 interval=3 step=2110 loss=0.962908
train_loss run=1 interval=3 step=2111 loss=0.949091
train_loss run=1 interval=3 step=2112 loss=0.954428
train_loss run=1 interval=3 step=2113 loss=0.939154
train_loss run=1 interval=3 step=2114 loss=0.952482
train_loss run=1 interval=3 step=2115 loss=0.960755
train_loss run=1 interval=3 step=2116 loss=0.937816
train_loss run=1 interval=3 step=2117 loss=0.953181
train_loss run=1 interval=3 step=2118 loss=0.989344
train_loss run=1 interval=3 step=2119 loss=0.949373
train_loss run=1 interval=3 step=2120 loss=0.99604
train_loss run=1 interval=3 step=2121 loss=1.02249
train_loss run=1 interval=3 step=2122 loss=0.954425
train_loss run=1 interval=3 step=2123 loss=0.983855
train_loss run=1 interval=3 step=2124 loss=0.971992
train_loss run=1 interval=3 step=2125 loss=0.955207
train_loss run=1 interval=3 step=2126 loss=0.997419
train_loss run=1 interval=3 step=2127 loss=0.970226
train_loss run=1 interval=3 step=2128 loss=0.983178
train_loss run=1 interval=3 step=2129 loss=0.977162
train_loss run=1 interval=3 step=2130 loss=0.949927
train_loss run=1 interval=3 step=2131 loss=0.959553
train_loss run=1 interval=3 step=2132 loss=0.938709
train_loss run=1 interval=3 step=2133 loss=0.951701
train_loss run=1 interval=3 step=2134 loss=0.967105
train_loss run=1 interval=3 step=2135 loss=0.927114
train_loss run=1 interval=3 step=2136 loss=0.956253
train_loss run=1 interval=3 step=2137 loss=0.929666
train_loss run=1 interval=3 step=2138 loss=0.945395
train_loss run=1 interval=3 step=2139 loss=0.956547
train_loss run=1 interval=3 step=2140 loss=0.966272
train_loss run=1 interval=3 step=2141 loss=0.969486
train_loss run=1 interval=3 step=2142 loss=0.971918
train_loss run=1 interval=3 step=2143 loss=0.979107
train_loss run=1 interval=3 step=2144 loss=0.962236
train_loss run=1 interval=3 step=2145 loss=0.960159
train_loss run=1 interval=3 step=2146 loss=1.02421
train_loss run=1 interval=3 step=2147 loss=0.947973
train_loss run=1 interval=3 step=2148 loss=0.982917
train_loss run=1 interval=3 step=2149 loss=0.956919
train_loss run=1 interval=3 step=2150 loss=0.947647
train_loss run=1 interval=3 step=2151 loss=0.95321
train_loss run=1 interval=3 step=2152 loss=0.966456
train_loss run=1 interval=3 step=2153 loss=0.969863
train_loss run=1 interval=3 step=2154 loss=0.964534
train_loss run=1 interval=3 step=2155 loss=0.960405
train_loss run=1 interval=3 step=2156 loss=0.984103
train_loss run=1 interval=3 step=2157 loss=0.962846
train_loss run=1 interval=3 step=2158 loss=0.961224
train_loss run=1 interval=3 step=2159 loss=0.930234
train_loss run=1 interval=3 step=2160 loss=0.964544
train_loss run=1 interval=3 step=2161 loss=0.96524
train_loss run=1 interval=3 step=2162 loss=0.976694
train_loss run=1 interval=3 step=2163 loss=1.01236
train_loss run=1 interval=3 step=2164 loss=0.96529
train_loss run=1 interval=3 step=2165 loss=0.975127
train_loss run=1 interval=3 step=2166 loss=0.992256
train_loss run=1 interval=3 step=2167 loss=0.935755
train_loss run=1 interval=3 step=2168 loss=0.938637
train_loss run=1 interval=3 step=2169 loss=0.988473
train_loss run=1 interval=3 step=2170 loss=1.00197
train_loss run=1 interval=3 step=2171 loss=0.95087
train_loss run=1 interval=3 step=2172 loss=0.930211
train_loss run=1 interval=3 step=2173 loss=0.987109
train_loss run=1 interval=3 step=2174 loss=0.964455
train_loss run=1 interval=3 step=2175 loss=0.962389
train_loss run=1 interval=3 step=2176 loss=0.991486
train_loss run=1 interval=3 step=2177 loss=0.997699
train_loss run=1 interval=3 step=2178 loss=0.989022
train_loss run=1 interval=3 step=2179 loss=0.981409
train_loss run=1 interval=3 step=2180 loss=0.975633
train_loss run=1 interval=3 step=2181 loss=0.958744
train_loss run=1 interval=3 step=2182 loss=0.937902
train_loss run=1 interval=3 step=2183 loss=0.985253
train_loss run=1 interval=3 step=2184 loss=0.950021
train_loss run=1 interval=3 step=2185 loss=0.990361
train_loss run=1 interval=3 step=2186 loss=0.981195
train_loss run=1 interval=3 step=2187 loss=0.935338
train_loss run=1 interval=3 step=2188 loss=0.964136
train_loss run=1 interval=3 step=2189 loss=0.973955
train_loss run=1 interval=3 step=2190 loss=0.969865
train_loss run=1 interval=3 step=2191 loss=0.955263
train_loss run=1 interval=3 step=2192 loss=0.95378
train_loss run=1 interval=3 step=2193 loss=0.965176
train_loss run=1 interval=3 step=2194 loss=0.962523
train_loss run=1 interval=3 step=2195 loss=0.98111
train_loss run=1 interval=3 step=2196 loss=0.943954
train_loss run=1 interval=3 step=2197 loss=0.964847
train_loss run=1 interval=3 step=2198 loss=0.970132
train_loss run=1 interval=3 step=2199 loss=0.930791
train_loss run=1 interval=3 step=2200 loss=0.970802
train_loss run=1 interval=3 step=2201 loss=0.924887
train_loss run=1 interval=3 step=2202 loss=0.959698
train_loss run=1 interval=3 step=2203 loss=0.932174
train_loss run=1 interval=3 step=2204 loss=0.963061
train_loss run=1 interval=3 step=2205 loss=0.952047
train_loss run=1 interval=3 step=2206 loss=0.96168
train_loss run=1 interval=3 step=2207 loss=0.986533
train_loss run=1 interval=3 step=2208 loss=0.957851
train_loss run=1 interval=3 step=2209 loss=1.00269
train_loss run=1 interval=3 step=2210 loss=0.987302
train_loss run=1 interval=3 step=2211 loss=0.959267
train_loss run=1 interval=3 step=2212 loss=0.930554
train_loss run=1 interval=3 step=2213 loss=0.952992
train_loss run=1 interval=3 step=2214 loss=0.952381
train_loss run=1 interval=3 step=2215 loss=0.955618
train_loss run=1 interval=3 step=2216 loss=0.934204
train_loss run=1 interval=3 step=2217 loss=0.955792
train_loss run=1 interval=3 step=2218 loss=0.969272
train_loss run=1 interval=3 step=2219 loss=0.951782
train_loss run=1 interval=3 step=2220 loss=1.00179
train_loss run=1 interval=3 step=2221 loss=0.966124
train_loss run=1 interval=3 step=2222 loss=0.979046
train_loss run=1 interval=3 step=2223 loss=0.958264
train_loss run=1 interval=3 step=2224 loss=0.958323
train_loss run=1 interval=3 step=2225 loss=0.989034
train_loss run=1 interval=3 step=2226 loss=0.955792
train_loss run=1 interval=3 step=2227 loss=0.983241
train_loss run=1 interval=3 step=2228 loss=0.957316
train_loss run=1 interval=3 step=2229 loss=0.95332
train_loss run=1 interval=3 step=2230 loss=0.974552
train_loss run=1 interval=3 step=2231 loss=0.944321
train_loss run=1 interval=3 step=2232 loss=0.960883
train_loss run=1 interval=3 step=2233 loss=0.948655
train_loss run=1 interval=3 step=2234 loss=0.957081
train_loss run=1 interval=3 step=2235 loss=0.969898
train_loss run=1 interval=3 step=2236 loss=0.989125
train_loss run=1 interval=3 step=2237 loss=0.942449
train_loss run=1 interval=3 step=2238 loss=0.995378
train_loss run=1 interval=3 step=2239 loss=0.991978
train_loss run=1 interval=3 step=2240 loss=0.941221
train_loss run=1 interval=3 step=2241 loss=0.968315
train_loss run=1 interval=3 step=2242 loss=1.00145
train_loss run=1 interval=3 step=2243 loss=0.997053
train_loss run=1 interval=3 step=2244 loss=0.965325
train_loss run=1 interval=3 step=2245 loss=0.976756
train_loss run=1 interval=3 step=2246 loss=0.958338
train_loss run=1 interval=3 step=2247 loss=0.9432
train_loss run=1 interval=3 step=2248 loss=0.999661
train_loss run=1 interval=3 step=2249 loss=0.936466
train_loss run=1 interval=3 step=2250 loss=0.970572
train_loss run=1 interval=3 step=2251 loss=0.982834
train_loss run=1 interval=3 step=2252 loss=0.978114
train_loss run=1 interval=3 step=2253 loss=0.942703
train_loss run=1 interval=3 step=2254 loss=0.925563
train_loss run=1 interval=3 step=2255 loss=0.945363
train_loss run=1 interval=3 step=2256 loss=0.936982
train_loss run=1 interval=3 step=2257 loss=1.01105
train_loss run=1 interval=3 step=2258 loss=1.01992
train_loss run=1 interval=3 step=2259 loss=0.966293
train_loss run=1 interval=3 step=2260 loss=0.958743
train_loss run=1 interval=3 step=2261 loss=0.985767
train_loss run=1 interval=3 step=2262 loss=1.00168
train_loss run=1 interval=3 step=2263 loss=0.956766
train_loss run=1 interval=3 step=2264 loss=0.958711
train_loss run=1 interval=3 step=2265 loss=0.955938
train_loss run=1 interval=3 step=2266 loss=0.938011
train_loss run=1 interval=3 step=2267 loss=0.968374
train_loss run=1 interval=3 step=2268 loss=0.972673
train_loss run=1 interval=3 step=2269 loss=0.961941
train_loss run=1 interval=3 step=2270 loss=0.947832
train_loss run=1 interval=3 step=2271 loss=1.00994
train_loss run=1 interval=3 step=2272 loss=0.987487
train_loss run=1 interval=3 step=2273 loss=1.00765
train_loss run=1 interval=3 step=2274 loss=0.995308
train_loss run=1 interval=3 step=2275 loss=1.00451
train_loss run=1 interval=3 step=2276 loss=0.99139
train_loss run=1 interval=3 step=2277 loss=0.951338
train_loss run=1 interval=3 step=2278 loss=0.969962
train_loss run=1 interval=3 step=2279 loss=0.965792
train_loss run=1 interval=3 step=2280 loss=0.985594
train_loss run=1 interval=3 step=2281 loss=0.92818
train_loss run=1 interval=3 step=2282 loss=0.97214
train_loss run=1 interval=3 step=2283 loss=0.941138
train_loss run=1 interval=3 step=2284 loss=1.04223
train_loss run=1 interval=3 step=2285 loss=0.973863
train_loss run=1 interval=3 step=2286 loss=0.991137
train_loss run=1 interval=3 step=2287 loss=0.962521
train_loss run=1 interval=3 step=2288 loss=0.932277
train_loss run=1 interval=3 step=2289 loss=0.925517
train_loss run=1 interval=3 step=2290 loss=0.969907
train_loss run=1 interval=3 step=2291 loss=0.986058
train_loss run=1 interval=3 step=2292 loss=0.969656
train_loss run=1 interval=3 step=2293 loss=1.00345
train_loss run=1 interval=3 step=2294 loss=0.954302
train_loss run=1 interval=3 step=2295 loss=0.95427
train_loss run=1 interval=3 step=2296 loss=0.971838
train_loss run=1 interval=3 step=2297 loss=0.921758
train_loss run=1 interval=3 step=2298 loss=0.942575
train_loss run=1 interval=3 step=2299 loss=0.946347
train_loss run=1 interval=3 step=2300 loss=0.941945
train_loss run=1 interval=3 step=2301 loss=0.984825
train_loss run=1 interval=3 step=2302 loss=0.966962
train_loss run=1 interval=3 step=2303 loss=0.953381
train_loss run=1 interval=3 step=2304 loss=0.938662
train_loss run=1 interval=3 step=2305 loss=0.984169
train_loss run=1 interval=3 step=2306 loss=0.979059
train_loss run=1 interval=3 step=2307 loss=0.983387
train_loss run=1 interval=3 step=2308 loss=0.955399
train_loss run=1 interval=3 step=2309 loss=0.932823
train_loss run=1 interval=3 step=2310 loss=0.961116
train_loss run=1 interval=3 step=2311 loss=0.936336
train_loss run=1 interval=3 step=2312 loss=0.990428
train_loss run=1 interval=3 step=2313 loss=1.01591
train_loss run=1 interval=3 step=2314 loss=0.979582
train_loss run=1 interval=3 step=2315 loss=0.989254
train_loss run=1 interval=3 step=2316 loss=0.997458
train_loss run=1 interval=3 step=2317 loss=0.977456
train_loss run=1 interval=3 step=2318 loss=0.961225
train_loss run=1 interval=3 step=2319 loss=0.980524
train_loss run=1 interval=3 step=2320 loss=0.990306
train_loss run=1 interval=3 step=2321 loss=0.952966
train_loss run=1 interval=3 step=2322 loss=0.97143
train_loss run=1 interval=3 step=2323 loss=0.977394
train_loss run=1 interval=3 step=2324 loss=0.937828
train_loss run=1 interval=3 step=2325 loss=0.997132
train_loss run=1 interval=3 step=2326 loss=0.968927
train_loss run=1 interval=3 step=2327 loss=0.963592
train_loss run=1 interval=3 step=2328 loss=0.957541
train_loss run=1 interval=3 step=2329 loss=1.01983
train_loss run=1 interval=3 step=2330 loss=0.978991
train_loss run=1 interval=3 step=2331 loss=1.00212
train_loss run=1 interval=3 step=2332 loss=0.971918
train_loss run=1 interval=3 step=2333 loss=1.02465
train_loss run=1 interval=3 step=2334 loss=0.954383
train_loss run=1 interval=3 step=2335 loss=0.946788
train_loss run=1 interval=3 step=2336 loss=0.946156
train_loss run=1 interval=3 step=2337 loss=0.95644
train_loss run=1 interval=3 step=2338 loss=0.946683
train_loss run=1 interval=3 step=2339 loss=0.978016
train_loss run=1 interval=3 step=2340 loss=0.960838
train_loss run=1 interval=3 step=2341 loss=0.964134
train_loss run=1 interval=3 step=2342 loss=0.962255
train_loss run=1 interval=3 step=2343 loss=0.961316
train_loss run=1 interval=3 step=2344 loss=0.988957
train_loss run=1 interval=3 step=2345 loss=0.972389
train_loss run=1 interval=3 step=2346 loss=0.953834
train_loss run=1 interval=3 step=2347 loss=0.952935
train_loss run=1 interval=3 step=2348 loss=0.958955
train_loss run=1 interval=3 step=2349 loss=0.956455
train_loss run=1 interval=3 step=2350 loss=0.980295
train_loss run=1 interval=3 step=2351 loss=0.984645
train_loss run=1 interval=3 step=2352 loss=0.974119
train_loss run=1 interval=3 step=2353 loss=0.915626
train_loss run=1 interval=3 step=2354 loss=0.949184
train_loss run=1 interval=3 step=2355 loss=0.937156
train_loss run=1 interval=3 step=2356 loss=1.0235
train_loss run=1 interval=3 step=2357 loss=0.931377
train_loss run=1 interval=3 step=2358 loss=0.979812
train_loss run=1 interval=3 step=2359 loss=0.985445
train_loss run=1 interval=3 step=2360 loss=0.961572
train_loss run=1 interval=3 step=2361 loss=0.936638
train_loss run=1 interval=3 step=2362 loss=0.998013
train_loss run=1 interval=3 step=2363 loss=0.965124
train_loss run=1 interval=3 step=2364 loss=0.966424
train_loss run=1 interval=3 step=2365 loss=0.946144
train_loss run=1 interval=3 step=2366 loss=0.938836
train_loss run=1 interval=3 step=2367 loss=0.958498
train_loss run=1 interval=3 step=2368 loss=0.988317
train_loss run=1 interval=3 step=2369 loss=0.983165
train_loss run=1 interval=3 step=2370 loss=0.947508
train_loss run=1 interval=3 step=2371 loss=0.962312
train_loss run=1 interval=3 step=2372 loss=1.02103
train_loss run=1 interval=3 step=2373 loss=0.950864
train_loss run=1 interval=3 step=2374 loss=0.940526
train_loss run=1 interval=3 step=2375 loss=0.963207
train_loss run=1 interval=3 step=2376 loss=1.0033
train_loss run=1 interval=3 step=2377 loss=0.975918
train_loss run=1 interval=3 step=2378 loss=0.955221
train_loss run=1 interval=3 step=2379 loss=0.976409
train_loss run=1 interval=3 step=2380 loss=0.980442
train_loss run=1 interval=3 step=2381 loss=0.940186
train_loss run=1 interval=3 step=2382 loss=0.979387
train_loss run=1 interval=3 step=2383 loss=0.989294
train_loss run=1 interval=3 step=2384 loss=0.981069
train_loss run=1 interval=3 step=2385 loss=0.946923
train_loss run=1 interval=3 step=2386 loss=0.97196
train_loss run=1 interval=3 step=2387 loss=0.972791
train_loss run=1 interval=3 step=2388 loss=0.966956
train_loss run=1 interval=3 step=2389 loss=0.971263
train_loss run=1 interval=3 step=2390 loss=0.931212
train_loss run=1 interval=3 step=2391 loss=0.945205
train_loss run=1 interval=3 step=2392 loss=0.967842
train_loss run=1 interval=3 step=2393 loss=0.996108
train_loss run=1 interval=3 step=2394 loss=0.957539
train_loss run=1 interval=3 step=2395 loss=0.99079
train_loss run=1 interval=3 step=2396 loss=0.940354
train_loss run=1 interval=3 step=2397 loss=0.974395
train_loss run=1 interval=3 step=2398 loss=0.963597
train_loss run=1 interval=3 step=2399 loss=0.961352
train_loss run=1 interval=3 step=2400 loss=0.998926
train_loss run=1 interval=3 step=2401 loss=0.943623
train_loss run=1 interval=3 step=2402 loss=0.964392
train_loss run=1 interval=3 step=2403 loss=0.953531
train_loss run=1 interval=3 step=2404 loss=0.964252
train_loss run=1 interval=3 step=2405 loss=0.945197
train_loss run=1 interval=3 step=2406 loss=0.968955
train_loss run=1 interval=3 step=2407 loss=0.925941
train_loss run=1 interval=3 step=2408 loss=0.991883
train_loss run=1 interval=3 step=2409 loss=0.928384
train_loss run=1 interval=3 step=2410 loss=0.943299
train_loss run=1 interval=3 step=2411 loss=0.982153
train_loss run=1 interval=3 step=2412 loss=0.935483
train_loss run=1 interval=3 step=2413 loss=0.958208
train_loss run=1 interval=3 step=2414 loss=0.955214
train_loss run=1 interval=3 step=2415 loss=0.95659
train_loss run=1 interval=3 step=2416 loss=0.984335
train_loss run=1 interval=3 step=2417 loss=0.962431
train_loss run=1 interval=3 step=2418 loss=0.974459
train_loss run=1 interval=3 step=2419 loss=0.942707
train_loss run=1 interval=3 step=2420 loss=0.967823
train_loss run=1 interval=3 step=2421 loss=0.934027
train_loss run=1 interval=3 step=2422 loss=0.981878
train_loss run=1 interval=3 step=2423 loss=0.982142
train_loss run=1 interval=3 step=2424 loss=0.945955
train_loss run=1 interval=3 step=2425 loss=0.919237
train_loss run=1 interval=3 step=2426 loss=0.919374
train_loss run=1 interval=3 step=2427 loss=0.966761
train_loss run=1 interval=3 step=2428 loss=0.97115
train_loss run=1 interval=3 step=2429 loss=0.928256
train_loss run=1 interval=3 step=2430 loss=0.951107
train_loss run=1 interval=3 step=2431 loss=0.947836
train_loss run=1 interval=3 step=2432 loss=0.949943
train_loss run=1 interval=3 step=2433 loss=0.995139
train_loss run=1 interval=3 step=2434 loss=0.931392
train_loss run=1 interval=3 step=2435 loss=0.955392
train_loss run=1 interval=3 step=2436 loss=0.967961
train_loss run=1 interval=3 step=2437 loss=0.908397
train_loss run=1 interval=3 step=2438 loss=0.989554
train_loss run=1 interval=3 step=2439 loss=0.927037
train_loss run=1 interval=3 step=2440 loss=0.940906
train_loss run=1 interval=3 step=2441 loss=0.958877
train_loss run=1 interval=3 step=2442 loss=0.935847
train_loss run=1 interval=3 step=2443 loss=0.951223
train_loss run=1 interval=3 step=2444 loss=0.958197
train_loss run=1 interval=3 step=2445 loss=0.96932
train_loss run=1 interval=3 step=2446 loss=1.01802
train_loss run=1 interval=3 step=2447 loss=0.970838
train_loss run=1 interval=3 step=2448 loss=0.93322
train_loss run=1 interval=3 step=2449 loss=0.975173
train_loss run=1 interval=3 step=2450 loss=0.93881
train_loss run=1 interval=3 step=2451 loss=0.948345
train_loss run=1 interval=3 step=2452 loss=0.938215
train_loss run=1 interval=3 step=2453 loss=0.92677
train_loss run=1 interval=3 step=2454 loss=0.934031
train_loss run=1 interval=3 step=2455 loss=0.962147
train_loss run=1 interval=3 step=2456 loss=0.950618
train_loss run=1 interval=3 step=2457 loss=0.913755
train_loss run=1 interval=3 step=2458 loss=0.947495
train_loss run=1 interval=3 step=2459 loss=0.928241
train_loss run=1 interval=3 step=2460 loss=0.990077
train_loss run=1 interval=3 step=2461 loss=0.947536
train_loss run=1 interval=3 step=2462 loss=0.952792
train_loss run=1 interval=3 step=2463 loss=0.972992
train_loss run=1 interval=3 step=2464 loss=0.96191
train_loss run=1 interval=3 step=2465 loss=0.954485
train_loss run=1 interval=3 step=2466 loss=0.954589
train_loss run=1 interval=3 step=2467 loss=0.964628
train_loss run=1 interval=3 step=2468 loss=0.969871
train_loss run=1 interval=3 step=2469 loss=0.956933
train_loss run=1 interval=3 step=2470 loss=0.961019
train_loss run=1 interval=3 step=2471 loss=0.95518
train_loss run=1 interval=3 step=2472 loss=0.946775
train_loss run=1 interval=3 step=2473 loss=0.983513
train_loss run=1 interval=3 step=2474 loss=0.931237
train_loss run=1 interval=3 step=2475 loss=0.984147
train_loss run=1 interval=3 step=2476 loss=0.962271
train_loss run=1 interval=3 step=2477 loss=0.974087
train_loss run=1 interval=3 step=2478 loss=0.943242
train_loss run=1 interval=3 step=2479 loss=0.921003
train_loss run=1 interval=3 step=2480 loss=0.957237
train_loss run=1 interval=3 step=2481 loss=0.931984
train_loss run=1 interval=3 step=2482 loss=0.955103
train_loss run=1 interval=3 step=2483 loss=0.939537
train_loss run=1 interval=3 step=2484 loss=0.944807
train_loss run=1 interval=3 step=2485 loss=0.997015
train_loss run=1 interval=3 step=2486 loss=0.925765
train_loss run=1 interval=3 step=2487 loss=0.975341
train_loss run=1 interval=3 step=2488 loss=0.972679
train_loss run=1 interval=3 step=2489 loss=0.942157
train_loss run=1 interval=3 step=2490 loss=0.946855
train_loss run=1 interval=3 step=2491 loss=0.916932
train_loss run=1 interval=3 step=2492 loss=0.97732
train_loss run=1 interval=3 step=2493 loss=0.928502
train_loss run=1 interval=3 step=2494 loss=0.973532
train_loss run=1 interval=3 step=2495 loss=0.952221
train_loss run=1 interval=3 step=2496 loss=0.967883
train_loss run=1 interval=3 step=2497 loss=0.951594
train_loss run=1 interval=3 step=2498 loss=0.958112
train_loss run=1 interval=3 step=2499 loss=0.935856
train_loss run=1 interval=3 step=2500 loss=0.935477
train_loss run=1 interval=3 step=2501 loss=0.949762
train_loss run=1 interval=3 step=2502 loss=0.973688
train_loss run=1 interval=3 step=2503 loss=0.939781
train_loss run=1 interval=3 step=2504 loss=0.942881
train_loss run=1 interval=3 step=2505 loss=0.928787
train_loss run=1 interval=3 step=2506 loss=0.960268
train_loss run=1 interval=3 step=2507 loss=0.933663
train_loss run=1 interval=3 step=2508 loss=0.966846
train_loss run=1 interval=3 step=2509 loss=0.945468
train_loss run=1 interval=3 step=2510 loss=0.944971
train_loss run=1 interval=3 step=2511 loss=0.945827
train_loss run=1 interval=3 step=2512 loss=0.941386
train_loss run=1 interval=3 step=2513 loss=0.92868
train_loss run=1 interval=3 step=2514 loss=1.0363
train_loss run=1 interval=3 step=2515 loss=0.964732
train_loss run=1 interval=3 step=2516 loss=0.92701
train_loss run=1 interval=3 step=2517 loss=0.936175
train_loss run=1 interval=3 step=2518 loss=0.962597
train_loss run=1 interval=3 step=2519 loss=0.939712
train_loss run=1 interval=3 step=2520 loss=0.93782
train_loss run=1 interval=3 step=2521 loss=0.961872
train_loss run=1 interval=3 step=2522 loss=0.960036
train_loss run=1 interval=3 step=2523 loss=0.930488
train_loss run=1 interval=3 step=2524 loss=0.957538
train_loss run=1 interval=3 step=2525 loss=0.925733
train_loss run=1 interval=3 step=2526 loss=0.939301
train_loss run=1 interval=3 step=2527 loss=0.96574
train_loss run=1 interval=3 step=2528 loss=0.93232
train_loss run=1 interval=3 step=2529 loss=0.9409
train_loss run=1 interval=3 step=2530 loss=0.97912
train_loss run=1 interval=3 step=2531 loss=0.951735
train_loss run=1 interval=3 step=2532 loss=0.948876
train_loss run=1 interval=3 step=2533 loss=0.929991
train_loss run=1 interval=3 step=2534 loss=0.954236
train_loss run=1 interval=3 step=2535 loss=0.967974
train_loss run=1 interval=3 step=2536 loss=0.947094
train_loss run=1 interval=3 step=2537 loss=0.967542
train_loss run=1 interval=3 step=2538 loss=0.993594
train_loss run=1 interval=3 step=2539 loss=0.959897
train_loss run=1 interval=3 step=2540 loss=0.936692
train_loss run=1 interval=3 step=2541 loss=0.969188
train_loss run=1 interval=3 step=2542 loss=0.943132
train_loss run=1 interval=3 step=2543 loss=0.986509
train_loss run=1 interval=3 step=2544 loss=0.968359
train_loss run=1 interval=3 step=2545 loss=0.933612
train_loss run=1 interval=3 step=2546 loss=0.92936
train_loss run=1 interval=3 step=2547 loss=0.921349
train_loss run=1 interval=3 step=2548 loss=0.9392
train_loss run=1 interval=3 step=2549 loss=0.954068
train_loss run=1 interval=3 step=2550 loss=0.925284
train_loss run=1 interval=3 step=2551 loss=0.949545
train_loss run=1 interval=3 step=2552 loss=0.96406
train_loss run=1 interval=3 step=2553 loss=0.93061
train_loss run=1 interval=3 step=2554 loss=0.932999
train_loss run=1 interval=3 step=2555 loss=0.964727
train_loss run=1 interval=3 step=2556 loss=0.956863
train_loss run=1 interval=3 step=2557 loss=0.991904
train_loss run=1 interval=3 step=2558 loss=0.945488
train_loss run=1 interval=3 step=2559 loss=0.953109
train_loss run=1 interval=3 step=2560 loss=0.924483
interval_boundary_eval run=1 interval=3 step=2560 total_steps=3200 tta_val_acc=0.9333
search run=1 interval=4 phase=main metric=tta_val_acc
main hparams: conv.initial_lr=0.003 conv.momentum=0.6 main=0.9357
main hparams: conv.initial_lr=0.0018 conv.momentum=0.6 main=0.9358
main hparams: conv.initial_lr=0.0011 conv.momentum=0.6 main=0.9358
main hparams: conv.initial_lr=0.00065 conv.momentum=0.6 main=0.9352
main hparams: conv.initial_lr=0.0018 conv.momentum=0.5 main=0.9352
main hparams: conv.initial_lr=0.0018 conv.momentum=0.7 main=0.9359
main hparams: conv.initial_lr=0.0018 conv.momentum=0.8 main=0.9353
main hparams: conv.initial_lr=0.0011 conv.momentum=0.7 main=0.9356
main hparams: conv.initial_lr=0.003 conv.momentum=0.7 main=0.9348
search_path step=0 conv.initial_lr=0.003 conv.momentum=0.6 tta_val_acc=0.9357
search_path step=1 conv.initial_lr=0.0018 conv.momentum=0.6 tta_val_acc=0.9358
search_path step=2 conv.initial_lr=0.0018 conv.momentum=0.7 tta_val_acc=0.9359
train_hparams run=1 interval=4 start_step=2560 completed_steps=640 total_steps=3200 conv.initial_lr=0.0018 conv.momentum=0.7
train_loss run=1 interval=4 step=2561 loss=0.954367
train_loss run=1 interval=4 step=2562 loss=0.941579
train_loss run=1 interval=4 step=2563 loss=0.946889
train_loss run=1 interval=4 step=2564 loss=0.940171
train_loss run=1 interval=4 step=2565 loss=0.934087
train_loss run=1 interval=4 step=2566 loss=0.928749
train_loss run=1 interval=4 step=2567 loss=0.962275
train_loss run=1 interval=4 step=2568 loss=0.923538
train_loss run=1 interval=4 step=2569 loss=0.94043
train_loss run=1 interval=4 step=2570 loss=0.969635
train_loss run=1 interval=4 step=2571 loss=0.945297
train_loss run=1 interval=4 step=2572 loss=0.941408
train_loss run=1 interval=4 step=2573 loss=0.933604
train_loss run=1 interval=4 step=2574 loss=0.924438
train_loss run=1 interval=4 step=2575 loss=0.961225
train_loss run=1 interval=4 step=2576 loss=0.937022
train_loss run=1 interval=4 step=2577 loss=0.946128
train_loss run=1 interval=4 step=2578 loss=0.952089
train_loss run=1 interval=4 step=2579 loss=0.938882
train_loss run=1 interval=4 step=2580 loss=0.965349
train_loss run=1 interval=4 step=2581 loss=0.949565
train_loss run=1 interval=4 step=2582 loss=0.934473
train_loss run=1 interval=4 step=2583 loss=0.93431
train_loss run=1 interval=4 step=2584 loss=0.95266
train_loss run=1 interval=4 step=2585 loss=0.941522
train_loss run=1 interval=4 step=2586 loss=0.978815
train_loss run=1 interval=4 step=2587 loss=0.960198
train_loss run=1 interval=4 step=2588 loss=0.941019
train_loss run=1 interval=4 step=2589 loss=0.973886
train_loss run=1 interval=4 step=2590 loss=0.985143
train_loss run=1 interval=4 step=2591 loss=0.958231
train_loss run=1 interval=4 step=2592 loss=0.961516
train_loss run=1 interval=4 step=2593 loss=0.955386
train_loss run=1 interval=4 step=2594 loss=0.945579
train_loss run=1 interval=4 step=2595 loss=0.997919
train_loss run=1 interval=4 step=2596 loss=0.957217
train_loss run=1 interval=4 step=2597 loss=0.935857
train_loss run=1 interval=4 step=2598 loss=0.965642
train_loss run=1 interval=4 step=2599 loss=0.930877
train_loss run=1 interval=4 step=2600 loss=0.961482
train_loss run=1 interval=4 step=2601 loss=0.936767
train_loss run=1 interval=4 step=2602 loss=0.974426
train_loss run=1 interval=4 step=2603 loss=0.939373
train_loss run=1 interval=4 step=2604 loss=0.918472
train_loss run=1 interval=4 step=2605 loss=0.948537
train_loss run=1 interval=4 step=2606 loss=0.939072
train_loss run=1 interval=4 step=2607 loss=0.968777
train_loss run=1 interval=4 step=2608 loss=0.943717
train_loss run=1 interval=4 step=2609 loss=0.922765
train_loss run=1 interval=4 step=2610 loss=0.977994
train_loss run=1 interval=4 step=2611 loss=0.932117
train_loss run=1 interval=4 step=2612 loss=0.949404
train_loss run=1 interval=4 step=2613 loss=0.932824
train_loss run=1 interval=4 step=2614 loss=0.957385
train_loss run=1 interval=4 step=2615 loss=0.952531
train_loss run=1 interval=4 step=2616 loss=0.958807
train_loss run=1 interval=4 step=2617 loss=0.934779
train_loss run=1 interval=4 step=2618 loss=0.954779
train_loss run=1 interval=4 step=2619 loss=0.949716
train_loss run=1 interval=4 step=2620 loss=0.961147
train_loss run=1 interval=4 step=2621 loss=0.924371
train_loss run=1 interval=4 step=2622 loss=0.958436
train_loss run=1 interval=4 step=2623 loss=0.938763
train_loss run=1 interval=4 step=2624 loss=0.93219
train_loss run=1 interval=4 step=2625 loss=0.953161
train_loss run=1 interval=4 step=2626 loss=0.962906
train_loss run=1 interval=4 step=2627 loss=0.983355
train_loss run=1 interval=4 step=2628 loss=0.950559
train_loss run=1 interval=4 step=2629 loss=0.929651
train_loss run=1 interval=4 step=2630 loss=0.981304
train_loss run=1 interval=4 step=2631 loss=0.951352
train_loss run=1 interval=4 step=2632 loss=0.948291
train_loss run=1 interval=4 step=2633 loss=0.953417
train_loss run=1 interval=4 step=2634 loss=0.971451
train_loss run=1 interval=4 step=2635 loss=0.982882
train_loss run=1 interval=4 step=2636 loss=0.962103
train_loss run=1 interval=4 step=2637 loss=0.948914
train_loss run=1 interval=4 step=2638 loss=0.946611
train_loss run=1 interval=4 step=2639 loss=0.94272
train_loss run=1 interval=4 step=2640 loss=0.952172
train_loss run=1 interval=4 step=2641 loss=0.924162
train_loss run=1 interval=4 step=2642 loss=1.02533
train_loss run=1 interval=4 step=2643 loss=0.953063
train_loss run=1 interval=4 step=2644 loss=0.973641
train_loss run=1 interval=4 step=2645 loss=0.935432
train_loss run=1 interval=4 step=2646 loss=0.961145
train_loss run=1 interval=4 step=2647 loss=0.958797
train_loss run=1 interval=4 step=2648 loss=0.941477
train_loss run=1 interval=4 step=2649 loss=0.964886
train_loss run=1 interval=4 step=2650 loss=0.925888
train_loss run=1 interval=4 step=2651 loss=0.935217
train_loss run=1 interval=4 step=2652 loss=0.943298
train_loss run=1 interval=4 step=2653 loss=0.92203
train_loss run=1 interval=4 step=2654 loss=0.965893
train_loss run=1 interval=4 step=2655 loss=0.946023
train_loss run=1 interval=4 step=2656 loss=0.953394
train_loss run=1 interval=4 step=2657 loss=0.937562
train_loss run=1 interval=4 step=2658 loss=0.964902
train_loss run=1 interval=4 step=2659 loss=0.93709
train_loss run=1 interval=4 step=2660 loss=0.968388
train_loss run=1 interval=4 step=2661 loss=0.925091
train_loss run=1 interval=4 step=2662 loss=0.973325
train_loss run=1 interval=4 step=2663 loss=0.972597
train_loss run=1 interval=4 step=2664 loss=0.967926
train_loss run=1 interval=4 step=2665 loss=0.950817
train_loss run=1 interval=4 step=2666 loss=0.957241
train_loss run=1 interval=4 step=2667 loss=0.934328
train_loss run=1 interval=4 step=2668 loss=0.974861
train_loss run=1 interval=4 step=2669 loss=0.94468
train_loss run=1 interval=4 step=2670 loss=0.959171
train_loss run=1 interval=4 step=2671 loss=0.938876
train_loss run=1 interval=4 step=2672 loss=0.973947
train_loss run=1 interval=4 step=2673 loss=0.955002
train_loss run=1 interval=4 step=2674 loss=0.956574
train_loss run=1 interval=4 step=2675 loss=0.945481
train_loss run=1 interval=4 step=2676 loss=0.938626
train_loss run=1 interval=4 step=2677 loss=0.969485
train_loss run=1 interval=4 step=2678 loss=0.980904
train_loss run=1 interval=4 step=2679 loss=0.980033
train_loss run=1 interval=4 step=2680 loss=0.954075
train_loss run=1 interval=4 step=2681 loss=0.931684
train_loss run=1 interval=4 step=2682 loss=0.958617
train_loss run=1 interval=4 step=2683 loss=0.966378
train_loss run=1 interval=4 step=2684 loss=0.959589
train_loss run=1 interval=4 step=2685 loss=0.955294
train_loss run=1 interval=4 step=2686 loss=0.959305
train_loss run=1 interval=4 step=2687 loss=0.959407
train_loss run=1 interval=4 step=2688 loss=0.960874
train_loss run=1 interval=4 step=2689 loss=0.937707
train_loss run=1 interval=4 step=2690 loss=0.938591
train_loss run=1 interval=4 step=2691 loss=0.976879
train_loss run=1 interval=4 step=2692 loss=0.937719
train_loss run=1 interval=4 step=2693 loss=0.949374
train_loss run=1 interval=4 step=2694 loss=0.955373
train_loss run=1 interval=4 step=2695 loss=0.946279
train_loss run=1 interval=4 step=2696 loss=0.958143
train_loss run=1 interval=4 step=2697 loss=0.944174
train_loss run=1 interval=4 step=2698 loss=0.967843
train_loss run=1 interval=4 step=2699 loss=0.943871
train_loss run=1 interval=4 step=2700 loss=0.943646
train_loss run=1 interval=4 step=2701 loss=0.94103
train_loss run=1 interval=4 step=2702 loss=0.941891
train_loss run=1 interval=4 step=2703 loss=0.925146
train_loss run=1 interval=4 step=2704 loss=0.957864
train_loss run=1 interval=4 step=2705 loss=0.967603
train_loss run=1 interval=4 step=2706 loss=0.957253
train_loss run=1 interval=4 step=2707 loss=0.961806
train_loss run=1 interval=4 step=2708 loss=0.933921
train_loss run=1 interval=4 step=2709 loss=0.952278
train_loss run=1 interval=4 step=2710 loss=0.926806
train_loss run=1 interval=4 step=2711 loss=0.914457
train_loss run=1 interval=4 step=2712 loss=0.97298
train_loss run=1 interval=4 step=2713 loss=0.925143
train_loss run=1 interval=4 step=2714 loss=0.969374
train_loss run=1 interval=4 step=2715 loss=0.923474
train_loss run=1 interval=4 step=2716 loss=0.961471
train_loss run=1 interval=4 step=2717 loss=0.935013
train_loss run=1 interval=4 step=2718 loss=0.925464
train_loss run=1 interval=4 step=2719 loss=0.97343
train_loss run=1 interval=4 step=2720 loss=0.926782
train_loss run=1 interval=4 step=2721 loss=0.966749
train_loss run=1 interval=4 step=2722 loss=0.979136
train_loss run=1 interval=4 step=2723 loss=0.948975
train_loss run=1 interval=4 step=2724 loss=0.914115
train_loss run=1 interval=4 step=2725 loss=0.986041
train_loss run=1 interval=4 step=2726 loss=0.954944
train_loss run=1 interval=4 step=2727 loss=0.959882
train_loss run=1 interval=4 step=2728 loss=0.938884
train_loss run=1 interval=4 step=2729 loss=0.961382
train_loss run=1 interval=4 step=2730 loss=0.991408
train_loss run=1 interval=4 step=2731 loss=0.945858
train_loss run=1 interval=4 step=2732 loss=0.926587
train_loss run=1 interval=4 step=2733 loss=0.95558
train_loss run=1 interval=4 step=2734 loss=0.971683
train_loss run=1 interval=4 step=2735 loss=0.942622
train_loss run=1 interval=4 step=2736 loss=0.937599
train_loss run=1 interval=4 step=2737 loss=0.925237
train_loss run=1 interval=4 step=2738 loss=0.938553
train_loss run=1 interval=4 step=2739 loss=0.951572
train_loss run=1 interval=4 step=2740 loss=0.979415
train_loss run=1 interval=4 step=2741 loss=0.932264
train_loss run=1 interval=4 step=2742 loss=0.939683
train_loss run=1 interval=4 step=2743 loss=0.952538
train_loss run=1 interval=4 step=2744 loss=0.95869
train_loss run=1 interval=4 step=2745 loss=0.966729
train_loss run=1 interval=4 step=2746 loss=0.982999
train_loss run=1 interval=4 step=2747 loss=0.961354
train_loss run=1 interval=4 step=2748 loss=0.950666
train_loss run=1 interval=4 step=2749 loss=0.971158
train_loss run=1 interval=4 step=2750 loss=0.933006
train_loss run=1 interval=4 step=2751 loss=0.940188
train_loss run=1 interval=4 step=2752 loss=0.941338
train_loss run=1 interval=4 step=2753 loss=0.955551
train_loss run=1 interval=4 step=2754 loss=0.946105
train_loss run=1 interval=4 step=2755 loss=0.997448
train_loss run=1 interval=4 step=2756 loss=0.941038
train_loss run=1 interval=4 step=2757 loss=0.94024
train_loss run=1 interval=4 step=2758 loss=0.931277
train_loss run=1 interval=4 step=2759 loss=0.971346
train_loss run=1 interval=4 step=2760 loss=0.97157
train_loss run=1 interval=4 step=2761 loss=0.908638
train_loss run=1 interval=4 step=2762 loss=0.951652
train_loss run=1 interval=4 step=2763 loss=0.930385
train_loss run=1 interval=4 step=2764 loss=0.945675
train_loss run=1 interval=4 step=2765 loss=0.984512
train_loss run=1 interval=4 step=2766 loss=0.918071
train_loss run=1 interval=4 step=2767 loss=0.963989
train_loss run=1 interval=4 step=2768 loss=0.977773
train_loss run=1 interval=4 step=2769 loss=0.979858
train_loss run=1 interval=4 step=2770 loss=0.961109
train_loss run=1 interval=4 step=2771 loss=0.926638
train_loss run=1 interval=4 step=2772 loss=0.942967
train_loss run=1 interval=4 step=2773 loss=0.923618
train_loss run=1 interval=4 step=2774 loss=0.955691
train_loss run=1 interval=4 step=2775 loss=0.965219
train_loss run=1 interval=4 step=2776 loss=0.948103
train_loss run=1 interval=4 step=2777 loss=0.939431
train_loss run=1 interval=4 step=2778 loss=0.953084
train_loss run=1 interval=4 step=2779 loss=0.917936
train_loss run=1 interval=4 step=2780 loss=0.928011
train_loss run=1 interval=4 step=2781 loss=0.965456
train_loss run=1 interval=4 step=2782 loss=0.946846
train_loss run=1 interval=4 step=2783 loss=0.952428
train_loss run=1 interval=4 step=2784 loss=1.0079
train_loss run=1 interval=4 step=2785 loss=0.942192
train_loss run=1 interval=4 step=2786 loss=0.963075
train_loss run=1 interval=4 step=2787 loss=0.956592
train_loss run=1 interval=4 step=2788 loss=0.934378
train_loss run=1 interval=4 step=2789 loss=0.92725
train_loss run=1 interval=4 step=2790 loss=0.945117
train_loss run=1 interval=4 step=2791 loss=0.938339
train_loss run=1 interval=4 step=2792 loss=0.940646
train_loss run=1 interval=4 step=2793 loss=0.910431
train_loss run=1 interval=4 step=2794 loss=0.93128
train_loss run=1 interval=4 step=2795 loss=0.918364
train_loss run=1 interval=4 step=2796 loss=0.941087
train_loss run=1 interval=4 step=2797 loss=0.94147
train_loss run=1 interval=4 step=2798 loss=0.92684
train_loss run=1 interval=4 step=2799 loss=0.922244
train_loss run=1 interval=4 step=2800 loss=0.95145
train_loss run=1 interval=4 step=2801 loss=0.93427
train_loss run=1 interval=4 step=2802 loss=0.926173
train_loss run=1 interval=4 step=2803 loss=0.922429
train_loss run=1 interval=4 step=2804 loss=0.958782
train_loss run=1 interval=4 step=2805 loss=0.940659
train_loss run=1 interval=4 step=2806 loss=0.927064
train_loss run=1 interval=4 step=2807 loss=0.933225
train_loss run=1 interval=4 step=2808 loss=0.981394
train_loss run=1 interval=4 step=2809 loss=0.946842
train_loss run=1 interval=4 step=2810 loss=0.954088
train_loss run=1 interval=4 step=2811 loss=0.952504
train_loss run=1 interval=4 step=2812 loss=0.923005
train_loss run=1 interval=4 step=2813 loss=0.934498
train_loss run=1 interval=4 step=2814 loss=0.934297
train_loss run=1 interval=4 step=2815 loss=0.915385
train_loss run=1 interval=4 step=2816 loss=0.92103
train_loss run=1 interval=4 step=2817 loss=0.970424
train_loss run=1 interval=4 step=2818 loss=0.938174
train_loss run=1 interval=4 step=2819 loss=0.929721
train_loss run=1 interval=4 step=2820 loss=0.94377
train_loss run=1 interval=4 step=2821 loss=0.942466
train_loss run=1 interval=4 step=2822 loss=0.935207
train_loss run=1 interval=4 step=2823 loss=0.945008
train_loss run=1 interval=4 step=2824 loss=0.936731
train_loss run=1 interval=4 step=2825 loss=0.92838
train_loss run=1 interval=4 step=2826 loss=0.94094
train_loss run=1 interval=4 step=2827 loss=0.989498
train_loss run=1 interval=4 step=2828 loss=0.932981
train_loss run=1 interval=4 step=2829 loss=0.927576
train_loss run=1 interval=4 step=2830 loss=0.959525
train_loss run=1 interval=4 step=2831 loss=0.934943
train_loss run=1 interval=4 step=2832 loss=0.955223
train_loss run=1 interval=4 step=2833 loss=0.960727
train_loss run=1 interval=4 step=2834 loss=0.945507
train_loss run=1 interval=4 step=2835 loss=0.925245
train_loss run=1 interval=4 step=2836 loss=0.935997
train_loss run=1 interval=4 step=2837 loss=0.925615
train_loss run=1 interval=4 step=2838 loss=0.945738
train_loss run=1 interval=4 step=2839 loss=0.964754
train_loss run=1 interval=4 step=2840 loss=0.98591
train_loss run=1 interval=4 step=2841 loss=0.951335
train_loss run=1 interval=4 step=2842 loss=0.933798
train_loss run=1 interval=4 step=2843 loss=0.938225
train_loss run=1 interval=4 step=2844 loss=0.9658
train_loss run=1 interval=4 step=2845 loss=0.945738
train_loss run=1 interval=4 step=2846 loss=0.924165
train_loss run=1 interval=4 step=2847 loss=0.941235
train_loss run=1 interval=4 step=2848 loss=0.956567
train_loss run=1 interval=4 step=2849 loss=0.927431
train_loss run=1 interval=4 step=2850 loss=0.91098
train_loss run=1 interval=4 step=2851 loss=0.947757
train_loss run=1 interval=4 step=2852 loss=0.943928
train_loss run=1 interval=4 step=2853 loss=0.941802
train_loss run=1 interval=4 step=2854 loss=0.962333
train_loss run=1 interval=4 step=2855 loss=0.923297
train_loss run=1 interval=4 step=2856 loss=0.92895
train_loss run=1 interval=4 step=2857 loss=0.95266
train_loss run=1 interval=4 step=2858 loss=0.949092
train_loss run=1 interval=4 step=2859 loss=0.943669
train_loss run=1 interval=4 step=2860 loss=0.937498
train_loss run=1 interval=4 step=2861 loss=0.946496
train_loss run=1 interval=4 step=2862 loss=0.951199
train_loss run=1 interval=4 step=2863 loss=0.975083
train_loss run=1 interval=4 step=2864 loss=0.91109
train_loss run=1 interval=4 step=2865 loss=0.939858
train_loss run=1 interval=4 step=2866 loss=0.961359
train_loss run=1 interval=4 step=2867 loss=0.931966
train_loss run=1 interval=4 step=2868 loss=0.948871
train_loss run=1 interval=4 step=2869 loss=0.969146
train_loss run=1 interval=4 step=2870 loss=0.985834
train_loss run=1 interval=4 step=2871 loss=0.955942
train_loss run=1 interval=4 step=2872 loss=0.953896
train_loss run=1 interval=4 step=2873 loss=0.913814
train_loss run=1 interval=4 step=2874 loss=0.931695
train_loss run=1 interval=4 step=2875 loss=0.959937
train_loss run=1 interval=4 step=2876 loss=0.938112
train_loss run=1 interval=4 step=2877 loss=0.935304
train_loss run=1 interval=4 step=2878 loss=0.928689
train_loss run=1 interval=4 step=2879 loss=0.945809
train_loss run=1 interval=4 step=2880 loss=0.933275
train_loss run=1 interval=4 step=2881 loss=0.943375
train_loss run=1 interval=4 step=2882 loss=0.940909
train_loss run=1 interval=4 step=2883 loss=0.973123
train_loss run=1 interval=4 step=2884 loss=0.940942
train_loss run=1 interval=4 step=2885 loss=0.947806
train_loss run=1 interval=4 step=2886 loss=0.937061
train_loss run=1 interval=4 step=2887 loss=0.959812
train_loss run=1 interval=4 step=2888 loss=0.959352
train_loss run=1 interval=4 step=2889 loss=0.969025
train_loss run=1 interval=4 step=2890 loss=0.929026
train_loss run=1 interval=4 step=2891 loss=0.926612
train_loss run=1 interval=4 step=2892 loss=0.935493
train_loss run=1 interval=4 step=2893 loss=0.95026
train_loss run=1 interval=4 step=2894 loss=0.933612
train_loss run=1 interval=4 step=2895 loss=0.941175
train_loss run=1 interval=4 step=2896 loss=0.933345
train_loss run=1 interval=4 step=2897 loss=0.939419
train_loss run=1 interval=4 step=2898 loss=0.946202
train_loss run=1 interval=4 step=2899 loss=0.939407
train_loss run=1 interval=4 step=2900 loss=0.924331
train_loss run=1 interval=4 step=2901 loss=0.962468
train_loss run=1 interval=4 step=2902 loss=0.964458
train_loss run=1 interval=4 step=2903 loss=0.954385
train_loss run=1 interval=4 step=2904 loss=0.927548
train_loss run=1 interval=4 step=2905 loss=0.940218
train_loss run=1 interval=4 step=2906 loss=0.917001
train_loss run=1 interval=4 step=2907 loss=0.977923
train_loss run=1 interval=4 step=2908 loss=0.944674
train_loss run=1 interval=4 step=2909 loss=0.926838
train_loss run=1 interval=4 step=2910 loss=0.947523
train_loss run=1 interval=4 step=2911 loss=0.958715
train_loss run=1 interval=4 step=2912 loss=0.957669
train_loss run=1 interval=4 step=2913 loss=0.937335
train_loss run=1 interval=4 step=2914 loss=0.922565
train_loss run=1 interval=4 step=2915 loss=0.935395
train_loss run=1 interval=4 step=2916 loss=0.959699
train_loss run=1 interval=4 step=2917 loss=0.981812
train_loss run=1 interval=4 step=2918 loss=0.940561
train_loss run=1 interval=4 step=2919 loss=0.958
train_loss run=1 interval=4 step=2920 loss=0.958415
train_loss run=1 interval=4 step=2921 loss=0.937165
train_loss run=1 interval=4 step=2922 loss=0.953251
train_loss run=1 interval=4 step=2923 loss=0.941327
train_loss run=1 interval=4 step=2924 loss=0.913728
train_loss run=1 interval=4 step=2925 loss=0.932953
train_loss run=1 interval=4 step=2926 loss=0.924982
train_loss run=1 interval=4 step=2927 loss=0.963851
train_loss run=1 interval=4 step=2928 loss=0.947586
train_loss run=1 interval=4 step=2929 loss=0.912987
train_loss run=1 interval=4 step=2930 loss=0.95587
train_loss run=1 interval=4 step=2931 loss=0.9287
train_loss run=1 interval=4 step=2932 loss=0.955849
train_loss run=1 interval=4 step=2933 loss=0.974939
train_loss run=1 interval=4 step=2934 loss=0.92723
train_loss run=1 interval=4 step=2935 loss=0.962558
train_loss run=1 interval=4 step=2936 loss=0.948969
train_loss run=1 interval=4 step=2937 loss=0.940661
train_loss run=1 interval=4 step=2938 loss=0.943861
train_loss run=1 interval=4 step=2939 loss=0.938805
train_loss run=1 interval=4 step=2940 loss=0.928538
train_loss run=1 interval=4 step=2941 loss=0.954378
train_loss run=1 interval=4 step=2942 loss=0.934736
train_loss run=1 interval=4 step=2943 loss=0.95235
train_loss run=1 interval=4 step=2944 loss=0.939292
train_loss run=1 interval=4 step=2945 loss=0.922309
train_loss run=1 interval=4 step=2946 loss=0.958975
train_loss run=1 interval=4 step=2947 loss=0.942744
train_loss run=1 interval=4 step=2948 loss=0.947871
train_loss run=1 interval=4 step=2949 loss=0.926184
train_loss run=1 interval=4 step=2950 loss=0.966038
train_loss run=1 interval=4 step=2951 loss=0.946114
train_loss run=1 interval=4 step=2952 loss=0.923244
train_loss run=1 interval=4 step=2953 loss=0.923346
train_loss run=1 interval=4 step=2954 loss=0.946594
train_loss run=1 interval=4 step=2955 loss=0.987241
train_loss run=1 interval=4 step=2956 loss=0.923319
train_loss run=1 interval=4 step=2957 loss=0.939354
train_loss run=1 interval=4 step=2958 loss=0.94783
train_loss run=1 interval=4 step=2959 loss=0.920313
train_loss run=1 interval=4 step=2960 loss=0.937588
train_loss run=1 interval=4 step=2961 loss=0.938954
train_loss run=1 interval=4 step=2962 loss=0.964751
train_loss run=1 interval=4 step=2963 loss=0.955572
train_loss run=1 interval=4 step=2964 loss=0.92834
train_loss run=1 interval=4 step=2965 loss=0.93462
train_loss run=1 interval=4 step=2966 loss=0.91993
train_loss run=1 interval=4 step=2967 loss=0.955051
train_loss run=1 interval=4 step=2968 loss=0.92725
train_loss run=1 interval=4 step=2969 loss=0.954963
train_loss run=1 interval=4 step=2970 loss=0.942987
train_loss run=1 interval=4 step=2971 loss=0.931221
train_loss run=1 interval=4 step=2972 loss=0.945084
train_loss run=1 interval=4 step=2973 loss=0.952456
train_loss run=1 interval=4 step=2974 loss=0.921042
train_loss run=1 interval=4 step=2975 loss=0.995817
train_loss run=1 interval=4 step=2976 loss=0.955609
train_loss run=1 interval=4 step=2977 loss=0.941559
train_loss run=1 interval=4 step=2978 loss=0.955979
train_loss run=1 interval=4 step=2979 loss=0.968614
train_loss run=1 interval=4 step=2980 loss=0.911798
train_loss run=1 interval=4 step=2981 loss=0.947652
train_loss run=1 interval=4 step=2982 loss=0.962467
train_loss run=1 interval=4 step=2983 loss=0.943669
train_loss run=1 interval=4 step=2984 loss=0.947729
train_loss run=1 interval=4 step=2985 loss=0.942392
train_loss run=1 interval=4 step=2986 loss=0.953047
train_loss run=1 interval=4 step=2987 loss=0.999934
train_loss run=1 interval=4 step=2988 loss=0.955899
train_loss run=1 interval=4 step=2989 loss=0.93946
train_loss run=1 interval=4 step=2990 loss=0.940452
train_loss run=1 interval=4 step=2991 loss=0.942335
train_loss run=1 interval=4 step=2992 loss=0.935727
train_loss run=1 interval=4 step=2993 loss=0.95937
train_loss run=1 interval=4 step=2994 loss=0.965562
train_loss run=1 interval=4 step=2995 loss=0.919369
train_loss run=1 interval=4 step=2996 loss=0.961264
train_loss run=1 interval=4 step=2997 loss=0.946071
train_loss run=1 interval=4 step=2998 loss=0.965835
train_loss run=1 interval=4 step=2999 loss=0.931967
train_loss run=1 interval=4 step=3000 loss=0.961924
train_loss run=1 interval=4 step=3001 loss=0.939606
train_loss run=1 interval=4 step=3002 loss=0.936739
train_loss run=1 interval=4 step=3003 loss=0.95285
train_loss run=1 interval=4 step=3004 loss=0.937409
train_loss run=1 interval=4 step=3005 loss=0.916761
train_loss run=1 interval=4 step=3006 loss=0.984399
train_loss run=1 interval=4 step=3007 loss=0.932325
train_loss run=1 interval=4 step=3008 loss=0.947828
train_loss run=1 interval=4 step=3009 loss=0.944227
train_loss run=1 interval=4 step=3010 loss=0.914847
train_loss run=1 interval=4 step=3011 loss=0.929249
train_loss run=1 interval=4 step=3012 loss=0.984864
train_loss run=1 interval=4 step=3013 loss=0.954288
train_loss run=1 interval=4 step=3014 loss=0.924103
train_loss run=1 interval=4 step=3015 loss=0.947635
train_loss run=1 interval=4 step=3016 loss=0.953917
train_loss run=1 interval=4 step=3017 loss=0.944231
train_loss run=1 interval=4 step=3018 loss=0.928582
train_loss run=1 interval=4 step=3019 loss=0.932056
train_loss run=1 interval=4 step=3020 loss=0.949636
train_loss run=1 interval=4 step=3021 loss=0.96414
train_loss run=1 interval=4 step=3022 loss=0.939371
train_loss run=1 interval=4 step=3023 loss=0.961031
train_loss run=1 interval=4 step=3024 loss=0.954131
train_loss run=1 interval=4 step=3025 loss=0.919744
train_loss run=1 interval=4 step=3026 loss=0.9983
train_loss run=1 interval=4 step=3027 loss=0.963412
train_loss run=1 interval=4 step=3028 loss=0.935846
train_loss run=1 interval=4 step=3029 loss=0.934371
train_loss run=1 interval=4 step=3030 loss=0.935447
train_loss run=1 interval=4 step=3031 loss=0.960873
train_loss run=1 interval=4 step=3032 loss=0.930054
train_loss run=1 interval=4 step=3033 loss=0.943085
train_loss run=1 interval=4 step=3034 loss=0.953241
train_loss run=1 interval=4 step=3035 loss=0.954674
train_loss run=1 interval=4 step=3036 loss=0.941303
train_loss run=1 interval=4 step=3037 loss=0.933979
train_loss run=1 interval=4 step=3038 loss=0.919981
train_loss run=1 interval=4 step=3039 loss=0.928288
train_loss run=1 interval=4 step=3040 loss=0.955338
train_loss run=1 interval=4 step=3041 loss=0.973654
train_loss run=1 interval=4 step=3042 loss=0.963208
train_loss run=1 interval=4 step=3043 loss=0.942334
train_loss run=1 interval=4 step=3044 loss=0.943023
train_loss run=1 interval=4 step=3045 loss=0.958414
train_loss run=1 interval=4 step=3046 loss=0.927606
train_loss run=1 interval=4 step=3047 loss=0.961453
train_loss run=1 interval=4 step=3048 loss=0.926715
train_loss run=1 interval=4 step=3049 loss=0.951393
train_loss run=1 interval=4 step=3050 loss=0.939182
train_loss run=1 interval=4 step=3051 loss=0.903592
train_loss run=1 interval=4 step=3052 loss=0.968508
train_loss run=1 interval=4 step=3053 loss=0.972596
train_loss run=1 interval=4 step=3054 loss=0.947962
train_loss run=1 interval=4 step=3055 loss=0.971395
train_loss run=1 interval=4 step=3056 loss=0.934481
train_loss run=1 interval=4 step=3057 loss=0.983073
train_loss run=1 interval=4 step=3058 loss=0.929446
train_loss run=1 interval=4 step=3059 loss=0.982474
train_loss run=1 interval=4 step=3060 loss=0.926134
train_loss run=1 interval=4 step=3061 loss=0.945542
train_loss run=1 interval=4 step=3062 loss=0.976801
train_loss run=1 interval=4 step=3063 loss=0.918723
train_loss run=1 interval=4 step=3064 loss=0.950632
train_loss run=1 interval=4 step=3065 loss=0.969208
train_loss run=1 interval=4 step=3066 loss=0.912845
train_loss run=1 interval=4 step=3067 loss=0.911337
train_loss run=1 interval=4 step=3068 loss=0.950335
train_loss run=1 interval=4 step=3069 loss=0.909264
train_loss run=1 interval=4 step=3070 loss=0.909146
train_loss run=1 interval=4 step=3071 loss=0.961045
train_loss run=1 interval=4 step=3072 loss=0.961594
train_loss run=1 interval=4 step=3073 loss=0.961206
train_loss run=1 interval=4 step=3074 loss=0.944394
train_loss run=1 interval=4 step=3075 loss=0.925003
train_loss run=1 interval=4 step=3076 loss=0.94474
train_loss run=1 interval=4 step=3077 loss=0.934501
train_loss run=1 interval=4 step=3078 loss=0.990305
train_loss run=1 interval=4 step=3079 loss=0.947164
train_loss run=1 interval=4 step=3080 loss=0.936021
train_loss run=1 interval=4 step=3081 loss=0.925094
train_loss run=1 interval=4 step=3082 loss=0.931214
train_loss run=1 interval=4 step=3083 loss=0.958796
train_loss run=1 interval=4 step=3084 loss=0.954019
train_loss run=1 interval=4 step=3085 loss=0.931715
train_loss run=1 interval=4 step=3086 loss=0.964861
train_loss run=1 interval=4 step=3087 loss=0.929861
train_loss run=1 interval=4 step=3088 loss=0.926791
train_loss run=1 interval=4 step=3089 loss=0.946044
train_loss run=1 interval=4 step=3090 loss=0.920935
train_loss run=1 interval=4 step=3091 loss=0.935776
train_loss run=1 interval=4 step=3092 loss=0.950363
train_loss run=1 interval=4 step=3093 loss=0.938834
train_loss run=1 interval=4 step=3094 loss=0.936065
train_loss run=1 interval=4 step=3095 loss=0.937039
train_loss run=1 interval=4 step=3096 loss=0.964089
train_loss run=1 interval=4 step=3097 loss=0.966779
train_loss run=1 interval=4 step=3098 loss=0.928455
train_loss run=1 interval=4 step=3099 loss=0.963134
train_loss run=1 interval=4 step=3100 loss=0.954831
train_loss run=1 interval=4 step=3101 loss=0.947488
train_loss run=1 interval=4 step=3102 loss=0.913955
train_loss run=1 interval=4 step=3103 loss=0.947354
train_loss run=1 interval=4 step=3104 loss=0.954336
train_loss run=1 interval=4 step=3105 loss=0.934062
train_loss run=1 interval=4 step=3106 loss=0.952076
train_loss run=1 interval=4 step=3107 loss=0.945013
train_loss run=1 interval=4 step=3108 loss=0.945521
train_loss run=1 interval=4 step=3109 loss=0.974507
train_loss run=1 interval=4 step=3110 loss=0.950868
train_loss run=1 interval=4 step=3111 loss=0.954509
train_loss run=1 interval=4 step=3112 loss=0.952274
train_loss run=1 interval=4 step=3113 loss=0.970106
train_loss run=1 interval=4 step=3114 loss=0.942901
train_loss run=1 interval=4 step=3115 loss=0.948112
train_loss run=1 interval=4 step=3116 loss=0.962359
train_loss run=1 interval=4 step=3117 loss=0.934137
train_loss run=1 interval=4 step=3118 loss=0.899053
train_loss run=1 interval=4 step=3119 loss=0.948677
train_loss run=1 interval=4 step=3120 loss=0.98306
train_loss run=1 interval=4 step=3121 loss=0.954012
train_loss run=1 interval=4 step=3122 loss=0.962067
train_loss run=1 interval=4 step=3123 loss=0.945376
train_loss run=1 interval=4 step=3124 loss=0.961481
train_loss run=1 interval=4 step=3125 loss=0.941362
train_loss run=1 interval=4 step=3126 loss=0.927969
train_loss run=1 interval=4 step=3127 loss=0.923818
train_loss run=1 interval=4 step=3128 loss=0.976355
train_loss run=1 interval=4 step=3129 loss=0.909255
train_loss run=1 interval=4 step=3130 loss=0.953368
train_loss run=1 interval=4 step=3131 loss=0.968161
train_loss run=1 interval=4 step=3132 loss=0.917601
train_loss run=1 interval=4 step=3133 loss=0.960412
train_loss run=1 interval=4 step=3134 loss=0.970745
train_loss run=1 interval=4 step=3135 loss=0.922783
train_loss run=1 interval=4 step=3136 loss=0.930362
train_loss run=1 interval=4 step=3137 loss=0.960733
train_loss run=1 interval=4 step=3138 loss=0.941164
train_loss run=1 interval=4 step=3139 loss=0.945201
train_loss run=1 interval=4 step=3140 loss=0.946224
train_loss run=1 interval=4 step=3141 loss=0.921264
train_loss run=1 interval=4 step=3142 loss=0.973335
train_loss run=1 interval=4 step=3143 loss=0.987034
train_loss run=1 interval=4 step=3144 loss=0.93799
train_loss run=1 interval=4 step=3145 loss=0.966115
train_loss run=1 interval=4 step=3146 loss=0.954096
train_loss run=1 interval=4 step=3147 loss=1.01134
train_loss run=1 interval=4 step=3148 loss=0.922568
train_loss run=1 interval=4 step=3149 loss=0.930112
train_loss run=1 interval=4 step=3150 loss=0.943026
train_loss run=1 interval=4 step=3151 loss=0.948073
train_loss run=1 interval=4 step=3152 loss=0.951186
train_loss run=1 interval=4 step=3153 loss=0.947013
train_loss run=1 interval=4 step=3154 loss=0.956349
train_loss run=1 interval=4 step=3155 loss=0.954644
train_loss run=1 interval=4 step=3156 loss=0.915286
train_loss run=1 interval=4 step=3157 loss=0.926213
train_loss run=1 interval=4 step=3158 loss=0.964188
train_loss run=1 interval=4 step=3159 loss=0.911571
train_loss run=1 interval=4 step=3160 loss=0.912227
train_loss run=1 interval=4 step=3161 loss=0.943184
train_loss run=1 interval=4 step=3162 loss=0.931144
train_loss run=1 interval=4 step=3163 loss=0.972419
train_loss run=1 interval=4 step=3164 loss=0.942205
train_loss run=1 interval=4 step=3165 loss=0.94249
train_loss run=1 interval=4 step=3166 loss=0.963621
train_loss run=1 interval=4 step=3167 loss=0.924847
train_loss run=1 interval=4 step=3168 loss=0.961488
train_loss run=1 interval=4 step=3169 loss=0.935915
train_loss run=1 interval=4 step=3170 loss=0.930247
train_loss run=1 interval=4 step=3171 loss=0.958297
train_loss run=1 interval=4 step=3172 loss=0.933311
train_loss run=1 interval=4 step=3173 loss=0.922141
train_loss run=1 interval=4 step=3174 loss=0.909332
train_loss run=1 interval=4 step=3175 loss=0.948345
train_loss run=1 interval=4 step=3176 loss=0.944587
train_loss run=1 interval=4 step=3177 loss=0.930682
train_loss run=1 interval=4 step=3178 loss=0.954646
train_loss run=1 interval=4 step=3179 loss=0.953719
train_loss run=1 interval=4 step=3180 loss=0.973869
train_loss run=1 interval=4 step=3181 loss=0.936017
train_loss run=1 interval=4 step=3182 loss=0.927377
train_loss run=1 interval=4 step=3183 loss=0.924266
train_loss run=1 interval=4 step=3184 loss=0.938646
train_loss run=1 interval=4 step=3185 loss=0.912619
train_loss run=1 interval=4 step=3186 loss=0.939842
train_loss run=1 interval=4 step=3187 loss=0.916305
train_loss run=1 interval=4 step=3188 loss=0.937442
train_loss run=1 interval=4 step=3189 loss=0.955818
train_loss run=1 interval=4 step=3190 loss=0.965192
train_loss run=1 interval=4 step=3191 loss=0.920826
train_loss run=1 interval=4 step=3192 loss=0.937215
train_loss run=1 interval=4 step=3193 loss=0.93704
train_loss run=1 interval=4 step=3194 loss=0.969233
train_loss run=1 interval=4 step=3195 loss=0.946911
train_loss run=1 interval=4 step=3196 loss=0.908146
train_loss run=1 interval=4 step=3197 loss=0.94593
train_loss run=1 interval=4 step=3198 loss=0.936116
train_loss run=1 interval=4 step=3199 loss=0.978482
train_loss run=1 interval=4 step=3200 loss=0.924183
interval_boundary_eval run=1 interval=4 step=3200 total_steps=3200 tta_val_acc=0.9359
val_acc=0.9243 tta_val_acc=0.9359 seconds=774.2609
base_config run=2
{
  "batch_size": 125,
  "num_epochs": 8,
  "overfit": false,
  "hparam_tuning": {
    "algorithm": "interval",
    "interval_steps": 160,
    "cooldown_steps": 160,
    "parameters": {"conv.initial_lr": null, "conv.momentum": [0.0, 0.1, 0.2, 0.3, 0.4, 0.5, 0.6, 0.7, 0.8, 0.9, 0.95, 0.99]},
    "max_side_steps": 20,
    "lr_factor": 0.6,
    "initial_dropoff_margin": 0.02,
    "metric": "tta_val_acc"
  },
  "param_groups": {
    "whiten_weight": {"algorithm": "sgd", "lr_scheduler": {"type": "constant", "initial_lr": 0.0}, "momentum": 0.85, "nesterov": true},
    "norm_weight": {"algorithm": "sgd", "lr_scheduler": {"type": "constant", "initial_lr": 0.0}, "momentum": 0.85, "nesterov": true},
    "whiten_bias": {"algorithm": "sgd", "lr_scheduler": {"type": "linear", "initial_lr": 6.5, "decay_epochs": 3}, "momentum": 0.85, "nesterov": true},
    "norm_bias": {"algorithm": "sgd", "lr_scheduler": {"type": "linear", "initial_lr": 6.5, "decay_epochs": 8}, "momentum": 0.85, "nesterov": true},
    "head": {"algorithm": "sgd", "lr_scheduler": {"type": "linear", "initial_lr": 84, "decay_epochs": 8}, "momentum": 0.85, "nesterov": true},
    "conv": {"algorithm": "muon", "lr_scheduler": {"type": "linear", "initial_lr": 0.04, "decay_epochs": 8}, "momentum": 0.6, "nesterov": true}
  }
}
search run=2 interval=0 phase=main metric=tta_val_acc
main hparams: conv.initial_lr=0.04 conv.momentum=0.6 main=0.7705
main hparams: conv.initial_lr=0.067 conv.momentum=0.6 main=0.7669
main hparams: conv.initial_lr=0.11 conv.momentum=0.6 main=0.7261
main hparams: conv.initial_lr=0.024 conv.momentum=0.6 main=0.7454
main hparams: conv.initial_lr=0.067 conv.momentum=0.5 main=0.7668
main hparams: conv.initial_lr=0.067 conv.momentum=0.7 main=0.7525
search_path step=0 conv.initial_lr=0.04 conv.momentum=0.6 tta_val_acc=0.7705
search_path step=1 conv.initial_lr=0.067 conv.momentum=0.6 tta_val_acc=0.7669
search run=2 interval=0 phase=cooldown metric=tta_val_acc
main hparams: conv.initial_lr=0.067 conv.momentum=0.6
conv.initial_lr=0.067 -> tta_val_acc=0.8066
conv.initial_lr=0.04 -> tta_val_acc=0.8334
conv.initial_lr=0.024 -> tta_val_acc=0.8516
conv.initial_lr=0.014 -> tta_val_acc=0.8527
conv.initial_lr=0.0087 -> tta_val_acc=0.8487
conv.initial_lr=0.0084 -> tta_val_acc=0.8471
conv.initial_lr=0.023 -> tta_val_acc=0.8528
conv.initial_lr=0.039 -> tta_val_acc=0.8408
conv.initial_lr=0.038 -> tta_val_acc=0.8365
search_path step=0 conv.initial_lr=0.067 tta_val_acc=0.8066
search_path step=1 conv.initial_lr=0.014 tta_val_acc=0.8527
search_path step=2 conv.initial_lr=0.023 tta_val_acc=0.8528
search run=2 interval=0 phase=main metric=tta_val_acc
cooldown hparams: conv.initial_lr=0.023
main hparams: conv.initial_lr=0.067 conv.momentum=0.6 best_cooldown=0.8528
main hparams: conv.initial_lr=0.04 conv.momentum=0.6 best_cooldown=0.841
main hparams: conv.initial_lr=0.11 conv.momentum=0.6 best_cooldown=0.8492
main hparams: conv.initial_lr=0.067 conv.momentum=0.5 best_cooldown=0.8438
main hparams: conv.initial_lr=0.067 conv.momentum=0.7 best_cooldown=0.8459
search_path step=0 conv.initial_lr=0.067 conv.momentum=0.6 tta_val_acc=0.8528
train_hparams run=2 interval=0 start_step=0 completed_steps=160 total_steps=3200 conv.initial_lr=0.067 conv.momentum=0.6
train_loss run=2 interval=0 step=1 loss=2.29908
train_loss run=2 interval=0 step=2 loss=2.28656
train_loss run=2 interval=0 step=3 loss=2.26029
train_loss run=2 interval=0 step=4 loss=2.2457
train_loss run=2 interval=0 step=5 loss=2.18933
train_loss run=2 interval=0 step=6 loss=2.17599
train_loss run=2 interval=0 step=7 loss=2.16116
train_loss run=2 interval=0 step=8 loss=2.09848
train_loss run=2 interval=0 step=9 loss=2.06387
train_loss run=2 interval=0 step=10 loss=2.03698
train_loss run=2 interval=0 step=11 loss=2.05737
train_loss run=2 interval=0 step=12 loss=2.00421
train_loss run=2 interval=0 step=13 loss=1.96477
train_loss run=2 interval=0 step=14 loss=2.01204
train_loss run=2 interval=0 step=15 loss=1.97145
train_loss run=2 interval=0 step=16 loss=1.94531
train_loss run=2 interval=0 step=17 loss=1.92975
train_loss run=2 interval=0 step=18 loss=1.8215
train_loss run=2 interval=0 step=19 loss=1.89583
train_loss run=2 interval=0 step=20 loss=1.84839
train_loss run=2 interval=0 step=21 loss=1.87457
train_loss run=2 interval=0 step=22 loss=1.84541
train_loss run=2 interval=0 step=23 loss=1.80245
train_loss run=2 interval=0 step=24 loss=1.8054
train_loss run=2 interval=0 step=25 loss=1.79281
train_loss run=2 interval=0 step=26 loss=1.74198
train_loss run=2 interval=0 step=27 loss=1.75027
train_loss run=2 interval=0 step=28 loss=1.68775
train_loss run=2 interval=0 step=29 loss=1.73537
train_loss run=2 interval=0 step=30 loss=1.74586
train_loss run=2 interval=0 step=31 loss=1.75348
train_loss run=2 interval=0 step=32 loss=1.70282
train_loss run=2 interval=0 step=33 loss=1.74383
train_loss run=2 interval=0 step=34 loss=1.68335
train_loss run=2 interval=0 step=35 loss=1.69103
train_loss run=2 interval=0 step=36 loss=1.5983
train_loss run=2 interval=0 step=37 loss=1.65084
train_loss run=2 interval=0 step=38 loss=1.59398
train_loss run=2 interval=0 step=39 loss=1.5922
train_loss run=2 interval=0 step=40 loss=1.59296
train_loss run=2 interval=0 step=41 loss=1.69169
train_loss run=2 interval=0 step=42 loss=1.68359
train_loss run=2 interval=0 step=43 loss=1.71041
train_loss run=2 interval=0 step=44 loss=1.66017
train_loss run=2 interval=0 step=45 loss=1.64176
train_loss run=2 interval=0 step=46 loss=1.56477
train_loss run=2 interval=0 step=47 loss=1.58978
train_loss run=2 interval=0 step=48 loss=1.52924
train_loss run=2 interval=0 step=49 loss=1.5354
train_loss run=2 interval=0 step=50 loss=1.52258
train_loss run=2 interval=0 step=51 loss=1.63706
train_loss run=2 interval=0 step=52 loss=1.51613
train_loss run=2 interval=0 step=53 loss=1.51841
train_loss run=2 interval=0 step=54 loss=1.60178
train_loss run=2 interval=0 step=55 loss=1.53957
train_loss run=2 interval=0 step=56 loss=1.61218
train_loss run=2 interval=0 step=57 loss=1.43771
train_loss run=2 interval=0 step=58 loss=1.53512
train_loss run=2 interval=0 step=59 loss=1.4326
train_loss run=2 interval=0 step=60 loss=1.5044
train_loss run=2 interval=0 step=61 loss=1.4952
train_loss run=2 interval=0 step=62 loss=1.54761
train_loss run=2 interval=0 step=63 loss=1.54881
train_loss run=2 interval=0 step=64 loss=1.53063
train_loss run=2 interval=0 step=65 loss=1.4223
train_loss run=2 interval=0 step=66 loss=1.48394
train_loss run=2 interval=0 step=67 loss=1.46057
train_loss run=2 interval=0 step=68 loss=1.46351
train_loss run=2 interval=0 step=69 loss=1.60076
train_loss run=2 interval=0 step=70 loss=1.50139
train_loss run=2 interval=0 step=71 loss=1.40842
train_loss run=2 interval=0 step=72 loss=1.55866
train_loss run=2 interval=0 step=73 loss=1.46411
train_loss run=2 interval=0 step=74 loss=1.5119
train_loss run=2 interval=0 step=75 loss=1.54662
train_loss run=2 interval=0 step=76 loss=1.58916
train_loss run=2 interval=0 step=77 loss=1.43877
train_loss run=2 interval=0 step=78 loss=1.40468
train_loss run=2 interval=0 step=79 loss=1.44464
train_loss run=2 interval=0 step=80 loss=1.4854
train_loss run=2 interval=0 step=81 loss=1.44781
train_loss run=2 interval=0 step=82 loss=1.48814
train_loss run=2 interval=0 step=83 loss=1.39385
train_loss run=2 interval=0 step=84 loss=1.45564
train_loss run=2 interval=0 step=85 loss=1.52925
train_loss run=2 interval=0 step=86 loss=1.4609
train_loss run=2 interval=0 step=87 loss=1.48301
train_loss run=2 interval=0 step=88 loss=1.46665
train_loss run=2 interval=0 step=89 loss=1.41385
train_loss run=2 interval=0 step=90 loss=1.43499
train_loss run=2 interval=0 step=91 loss=1.51371
train_loss run=2 interval=0 step=92 loss=1.33984
train_loss run=2 interval=0 step=93 loss=1.51719
train_loss run=2 interval=0 step=94 loss=1.34038
train_loss run=2 interval=0 step=95 loss=1.4972
train_loss run=2 interval=0 step=96 loss=1.58639
train_loss run=2 interval=0 step=97 loss=1.3273
train_loss run=2 interval=0 step=98 loss=1.39687
train_loss run=2 interval=0 step=99 loss=1.50427
train_loss run=2 interval=0 step=100 loss=1.47071
train_loss run=2 interval=0 step=101 loss=1.36034
train_loss run=2 interval=0 step=102 loss=1.4531
train_loss run=2 interval=0 step=103 loss=1.44732
train_loss run=2 interval=0 step=104 loss=1.44834
train_loss run=2 interval=0 step=105 loss=1.37646
train_loss run=2 interval=0 step=106 loss=1.41323
train_loss run=2 interval=0 step=107 loss=1.4821
train_loss run=2 interval=0 step=108 loss=1.42168
train_loss run=2 interval=0 step=109 loss=1.40832
train_loss run=2 interval=0 step=110 loss=1.37014
train_loss run=2 interval=0 step=111 loss=1.47713
train_loss run=2 interval=0 step=112 loss=1.37736
train_loss run=2 interval=0 step=113 loss=1.32572
train_loss run=2 interval=0 step=114 loss=1.33713
train_loss run=2 interval=0 step=115 loss=1.35929
train_loss run=2 interval=0 step=116 loss=1.43103
train_loss run=2 interval=0 step=117 loss=1.3359
train_loss run=2 interval=0 step=118 loss=1.368
train_loss run=2 interval=0 step=119 loss=1.31972
train_loss run=2 interval=0 step=120 loss=1.38703
train_loss run=2 interval=0 step=121 loss=1.35802
train_loss run=2 interval=0 step=122 loss=1.40737
train_loss run=2 interval=0 step=123 loss=1.37964
train_loss run=2 interval=0 step=124 loss=1.31354
train_loss run=2 interval=0 step=125 loss=1.31945
train_loss run=2 interval=0 step=126 loss=1.50249
train_loss run=2 interval=0 step=127 loss=1.44628
train_loss run=2 interval=0 step=128 loss=1.40539
train_loss run=2 interval=0 step=129 loss=1.42903
train_loss run=2 interval=0 step=130 loss=1.40139
train_loss run=2 interval=0 step=131 loss=1.26549
train_loss run=2 interval=0 step=132 loss=1.39547
train_loss run=2 interval=0 step=133 loss=1.38682
train_loss run=2 interval=0 step=134 loss=1.38031
train_loss run=2 interval=0 step=135 loss=1.37099
train_loss run=2 interval=0 step=136 loss=1.32859
train_loss run=2 interval=0 step=137 loss=1.28359
train_loss run=2 interval=0 step=138 loss=1.33313
train_loss run=2 interval=0 step=139 loss=1.3797
train_loss run=2 interval=0 step=140 loss=1.3878
train_loss run=2 interval=0 step=141 loss=1.3089
train_loss run=2 interval=0 step=142 loss=1.37629
train_loss run=2 interval=0 step=143 loss=1.40978
train_loss run=2 interval=0 step=144 loss=1.36779
train_loss run=2 interval=0 step=145 loss=1.28762
train_loss run=2 interval=0 step=146 loss=1.34346
train_loss run=2 interval=0 step=147 loss=1.34509
train_loss run=2 interval=0 step=148 loss=1.30116
train_loss run=2 interval=0 step=149 loss=1.27559
train_loss run=2 interval=0 step=150 loss=1.4319
train_loss run=2 interval=0 step=151 loss=1.29902
train_loss run=2 interval=0 step=152 loss=1.24058
train_loss run=2 interval=0 step=153 loss=1.39004
train_loss run=2 interval=0 step=154 loss=1.4665
train_loss run=2 interval=0 step=155 loss=1.29246
train_loss run=2 interval=0 step=156 loss=1.40291
train_loss run=2 interval=0 step=157 loss=1.37268
train_loss run=2 interval=0 step=158 loss=1.2781
train_loss run=2 interval=0 step=159 loss=1.36296
train_loss run=2 interval=0 step=160 loss=1.36779
interval_boundary_eval run=2 interval=0 step=160 total_steps=3200 tta_val_acc=0.7669
search run=2 interval=1 phase=baseline metric=tta_val_acc
main hparams: conv.initial_lr=0.067 conv.momentum=0.6 main=0.8066
search_path step=0 conv.initial_lr=0.067 conv.momentum=0.6 tta_val_acc=0.8066
search run=2 interval=1 phase=cooldown metric=tta_val_acc
main hparams: conv.initial_lr=0.067 conv.momentum=0.6
conv.initial_lr=0.023 -> tta_val_acc=0.8592
conv.initial_lr=0.014 -> tta_val_acc=0.8657
conv.initial_lr=0.0083 -> tta_val_acc=0.8676
conv.initial_lr=0.005 -> tta_val_acc=0.8623
search_path step=0 conv.initial_lr=0.023 tta_val_acc=0.8592
search_path step=1 conv.initial_lr=0.0083 tta_val_acc=0.8676
search run=2 interval=1 phase=main metric=tta_val_acc
cooldown hparams: conv.initial_lr=0.0083
main hparams: conv.initial_lr=0.067 conv.momentum=0.6 best_cooldown=0.8676
main hparams: conv.initial_lr=0.04 conv.momentum=0.6 best_cooldown=0.8735
main hparams: conv.initial_lr=0.024 conv.momentum=0.6 best_cooldown=0.8648
main hparams: conv.initial_lr=0.04 conv.momentum=0.5 best_cooldown=0.869
main hparams: conv.initial_lr=0.04 conv.momentum=0.7 best_cooldown=0.8727
search_path step=0 conv.initial_lr=0.067 conv.momentum=0.6 tta_val_acc=0.8676
search_path step=1 conv.initial_lr=0.04 conv.momentum=0.6 tta_val_acc=0.8735
search run=2 interval=1 phase=cooldown metric=tta_val_acc
main hparams: conv.initial_lr=0.04 conv.momentum=0.6
conv.initial_lr=0.0083 -> tta_val_acc=0.8735
conv.initial_lr=0.005 -> tta_val_acc=0.8731
conv.initial_lr=0.014 -> tta_val_acc=0.8681
search_path step=0 conv.initial_lr=0.0083 tta_val_acc=0.8735
train_hparams run=2 interval=1 start_step=160 completed_steps=160 total_steps=3200 conv.initial_lr=0.04 conv.momentum=0.6
train_loss run=2 interval=1 step=161 loss=1.39329
train_loss run=2 interval=1 step=162 loss=1.26678
train_loss run=2 interval=1 step=163 loss=1.30747
train_loss run=2 interval=1 step=164 loss=1.38024
train_loss run=2 interval=1 step=165 loss=1.31904
train_loss run=2 interval=1 step=166 loss=1.39445
train_loss run=2 interval=1 step=167 loss=1.3016
train_loss run=2 interval=1 step=168 loss=1.32919
train_loss run=2 interval=1 step=169 loss=1.31112
train_loss run=2 interval=1 step=170 loss=1.25307
train_loss run=2 interval=1 step=171 loss=1.32257
train_loss run=2 interval=1 step=172 loss=1.32139
train_loss run=2 interval=1 step=173 loss=1.33415
train_loss run=2 interval=1 step=174 loss=1.35118
train_loss run=2 interval=1 step=175 loss=1.33594
train_loss run=2 interval=1 step=176 loss=1.30778
train_loss run=2 interval=1 step=177 loss=1.32422
train_loss run=2 interval=1 step=178 loss=1.26372
train_loss run=2 interval=1 step=179 loss=1.31136
train_loss run=2 interval=1 step=180 loss=1.30345
train_loss run=2 interval=1 step=181 loss=1.30384
train_loss run=2 interval=1 step=182 loss=1.3319
train_loss run=2 interval=1 step=183 loss=1.2621
train_loss run=2 interval=1 step=184 loss=1.27826
train_loss run=2 interval=1 step=185 loss=1.31992
train_loss run=2 interval=1 step=186 loss=1.29846
train_loss run=2 interval=1 step=187 loss=1.26716
train_loss run=2 interval=1 step=188 loss=1.3729
train_loss run=2 interval=1 step=189 loss=1.29889
train_loss run=2 interval=1 step=190 loss=1.23093
train_loss run=2 interval=1 step=191 loss=1.31778
train_loss run=2 interval=1 step=192 loss=1.31082
train_loss run=2 interval=1 step=193 loss=1.30196
train_loss run=2 interval=1 step=194 loss=1.27132
train_loss run=2 interval=1 step=195 loss=1.24587
train_loss run=2 interval=1 step=196 loss=1.24238
train_loss run=2 interval=1 step=197 loss=1.24359
train_loss run=2 interval=1 step=198 loss=1.29377
train_loss run=2 interval=1 step=199 loss=1.26996
train_loss run=2 interval=1 step=200 loss=1.35929
train_loss run=2 interval=1 step=201 loss=1.30026
train_loss run=2 interval=1 step=202 loss=1.20101
train_loss run=2 interval=1 step=203 loss=1.34209
train_loss run=2 interval=1 step=204 loss=1.25244
train_loss run=2 interval=1 step=205 loss=1.31011
train_loss run=2 interval=1 step=206 loss=1.32903
train_loss run=2 interval=1 step=207 loss=1.23797
train_loss run=2 interval=1 step=208 loss=1.28894
train_loss run=2 interval=1 step=209 loss=1.26508
train_loss run=2 interval=1 step=210 loss=1.21401
train_loss run=2 interval=1 step=211 loss=1.30773
train_loss run=2 interval=1 step=212 loss=1.32041
train_loss run=2 interval=1 step=213 loss=1.24689
train_loss run=2 interval=1 step=214 loss=1.36667
train_loss run=2 interval=1 step=215 loss=1.28817
train_loss run=2 interval=1 step=216 loss=1.35143
train_loss run=2 interval=1 step=217 loss=1.25741
train_loss run=2 interval=1 step=218 loss=1.30602
train_loss run=2 interval=1 step=219 loss=1.27299
train_loss run=2 interval=1 step=220 loss=1.23448
train_loss run=2 interval=1 step=221 loss=1.23888
train_loss run=2 interval=1 step=222 loss=1.26571
train_loss run=2 interval=1 step=223 loss=1.2913
train_loss run=2 interval=1 step=224 loss=1.26532
train_loss run=2 interval=1 step=225 loss=1.22846
train_loss run=2 interval=1 step=226 loss=1.29426
train_loss run=2 interval=1 step=227 loss=1.23666
train_loss run=2 interval=1 step=228 loss=1.19414
train_loss run=2 interval=1 step=229 loss=1.27037
train_loss run=2 interval=1 step=230 loss=1.23718
train_loss run=2 interval=1 step=231 loss=1.2304
train_loss run=2 interval=1 step=232 loss=1.31517
train_loss run=2 interval=1 step=233 loss=1.25557
train_loss run=2 interval=1 step=234 loss=1.2541
train_loss run=2 interval=1 step=235 loss=1.33965
train_loss run=2 interval=1 step=236 loss=1.27144
train_loss run=2 interval=1 step=237 loss=1.28734
train_loss run=2 interval=1 step=238 loss=1.33981
train_loss run=2 interval=1 step=239 loss=1.27167
train_loss run=2 interval=1 step=240 loss=1.23074
train_loss run=2 interval=1 step=241 loss=1.28337
train_loss run=2 interval=1 step=242 loss=1.26711
train_loss run=2 interval=1 step=243 loss=1.30387
train_loss run=2 interval=1 step=244 loss=1.28329
train_loss run=2 interval=1 step=245 loss=1.23271
train_loss run=2 interval=1 step=246 loss=1.30652
train_loss run=2 interval=1 step=247 loss=1.24797
train_loss run=2 interval=1 step=248 loss=1.26582
train_loss run=2 interval=1 step=249 loss=1.19923
train_loss run=2 interval=1 step=250 loss=1.21667
train_loss run=2 interval=1 step=251 loss=1.25858
train_loss run=2 interval=1 step=252 loss=1.28048
train_loss run=2 interval=1 step=253 loss=1.26218
train_loss run=2 interval=1 step=254 loss=1.30705
train_loss run=2 interval=1 step=255 loss=1.24837
train_loss run=2 interval=1 step=256 loss=1.21575
train_loss run=2 interval=1 step=257 loss=1.25804
train_loss run=2 interval=1 step=258 loss=1.20926
train_loss run=2 interval=1 step=259 loss=1.26423
train_loss run=2 interval=1 step=260 loss=1.23
train_loss run=2 interval=1 step=261 loss=1.25813
train_loss run=2 interval=1 step=262 loss=1.37845
train_loss run=2 interval=1 step=263 loss=1.27533
train_loss run=2 interval=1 step=264 loss=1.22118
train_loss run=2 interval=1 step=265 loss=1.19688
train_loss run=2 interval=1 step=266 loss=1.33431
train_loss run=2 interval=1 step=267 loss=1.27661
train_loss run=2 interval=1 step=268 loss=1.27029
train_loss run=2 interval=1 step=269 loss=1.26074
train_loss run=2 interval=1 step=270 loss=1.28782
train_loss run=2 interval=1 step=271 loss=1.22632
train_loss run=2 interval=1 step=272 loss=1.23367
train_loss run=2 interval=1 step=273 loss=1.2492
train_loss run=2 interval=1 step=274 loss=1.21954
train_loss run=2 interval=1 step=275 loss=1.19289
train_loss run=2 interval=1 step=276 loss=1.23398
train_loss run=2 interval=1 step=277 loss=1.21604
train_loss run=2 interval=1 step=278 loss=1.21608
train_loss run=2 interval=1 step=279 loss=1.23674
train_loss run=2 interval=1 step=280 loss=1.22172
train_loss run=2 interval=1 step=281 loss=1.24055
train_loss run=2 interval=1 step=282 loss=1.22523
train_loss run=2 interval=1 step=283 loss=1.18469
train_loss run=2 interval=1 step=284 loss=1.25298
train_loss run=2 interval=1 step=285 loss=1.24094
train_loss run=2 interval=1 step=286 loss=1.27783
train_loss run=2 interval=1 step=287 loss=1.2816
train_loss run=2 interval=1 step=288 loss=1.23725
train_loss run=2 interval=1 step=289 loss=1.30098
train_loss run=2 interval=1 step=290 loss=1.24501
train_loss run=2 interval=1 step=291 loss=1.29202
train_loss run=2 interval=1 step=292 loss=1.18751
train_loss run=2 interval=1 step=293 loss=1.28499
train_loss run=2 interval=1 step=294 loss=1.2552
train_loss run=2 interval=1 step=295 loss=1.29819
train_loss run=2 interval=1 step=296 loss=1.30076
train_loss run=2 interval=1 step=297 loss=1.17761
train_loss run=2 interval=1 step=298 loss=1.19869
train_loss run=2 interval=1 step=299 loss=1.18485
train_loss run=2 interval=1 step=300 loss=1.29028
train_loss run=2 interval=1 step=301 loss=1.17121
train_loss run=2 interval=1 step=302 loss=1.255
train_loss run=2 interval=1 step=303 loss=1.21558
train_loss run=2 interval=1 step=304 loss=1.23776
train_loss run=2 interval=1 step=305 loss=1.19687
train_loss run=2 interval=1 step=306 loss=1.24476
train_loss run=2 interval=1 step=307 loss=1.28717
train_loss run=2 interval=1 step=308 loss=1.26964
train_loss run=2 interval=1 step=309 loss=1.23045
train_loss run=2 interval=1 step=310 loss=1.29533
train_loss run=2 interval=1 step=311 loss=1.20407
train_loss run=2 interval=1 step=312 loss=1.2402
train_loss run=2 interval=1 step=313 loss=1.23385
train_loss run=2 interval=1 step=314 loss=1.15107
train_loss run=2 interval=1 step=315 loss=1.20315
train_loss run=2 interval=1 step=316 loss=1.27955
train_loss run=2 interval=1 step=317 loss=1.2322
train_loss run=2 interval=1 step=318 loss=1.21789
train_loss run=2 interval=1 step=319 loss=1.2108
train_loss run=2 interval=1 step=320 loss=1.21906
interval_boundary_eval run=2 interval=1 step=320 total_steps=3200 tta_val_acc=0.8334
search run=2 interval=2 phase=baseline metric=tta_val_acc
main hparams: conv.initial_lr=0.04 conv.momentum=0.6 main=0.8322
search_path step=0 conv.initial_lr=0.04 conv.momentum=0.6 tta_val_acc=0.8322
search run=2 interval=2 phase=cooldown metric=tta_val_acc
main hparams: conv.initial_lr=0.04 conv.momentum=0.6
conv.initial_lr=0.0083 -> tta_val_acc=0.8744
conv.initial_lr=0.005 -> tta_val_acc=0.8722
conv.initial_lr=0.014 -> tta_val_acc=0.8786
conv.initial_lr=0.023 -> tta_val_acc=0.8732
conv.initial_lr=0.0084 -> tta_val_acc=0.875
search_path step=0 conv.initial_lr=0.0083 tta_val_acc=0.8744
search_path step=1 conv.initial_lr=0.014 tta_val_acc=0.8786
search run=2 interval=2 phase=main metric=tta_val_acc
cooldown hparams: conv.initial_lr=0.014
main hparams: conv.initial_lr=0.04 conv.momentum=0.6 best_cooldown=0.8786
main hparams: conv.initial_lr=0.024 conv.momentum=0.6 best_cooldown=0.8673
main hparams: conv.initial_lr=0.067 conv.momentum=0.6 best_cooldown=0.8705
main hparams: conv.initial_lr=0.04 conv.momentum=0.5 best_cooldown=0.873
main hparams: conv.initial_lr=0.04 conv.momentum=0.7 best_cooldown=0.8757
search_path step=0 conv.initial_lr=0.04 conv.momentum=0.6 tta_val_acc=0.8786
train_hparams run=2 interval=2 start_step=320 completed_steps=160 total_steps=3200 conv.initial_lr=0.04 conv.momentum=0.6
train_loss run=2 interval=2 step=321 loss=1.32346
train_loss run=2 interval=2 step=322 loss=1.24682
train_loss run=2 interval=2 step=323 loss=1.25307
train_loss run=2 interval=2 step=324 loss=1.18353
train_loss run=2 interval=2 step=325 loss=1.24172
train_loss run=2 interval=2 step=326 loss=1.23486
train_loss run=2 interval=2 step=327 loss=1.20005
train_loss run=2 interval=2 step=328 loss=1.27921
train_loss run=2 interval=2 step=329 loss=1.21323
train_loss run=2 interval=2 step=330 loss=1.27043
train_loss run=2 interval=2 step=331 loss=1.18037
train_loss run=2 interval=2 step=332 loss=1.25208
train_loss run=2 interval=2 step=333 loss=1.20836
train_loss run=2 interval=2 step=334 loss=1.22943
train_loss run=2 interval=2 step=335 loss=1.24435
train_loss run=2 interval=2 step=336 loss=1.25735
train_loss run=2 interval=2 step=337 loss=1.22169
train_loss run=2 interval=2 step=338 loss=1.22535
train_loss run=2 interval=2 step=339 loss=1.21392
train_loss run=2 interval=2 step=340 loss=1.22887
train_loss run=2 interval=2 step=341 loss=1.24913
train_loss run=2 interval=2 step=342 loss=1.20067
train_loss run=2 interval=2 step=343 loss=1.23632
train_loss run=2 interval=2 step=344 loss=1.22141
train_loss run=2 interval=2 step=345 loss=1.17606
train_loss run=2 interval=2 step=346 loss=1.24014
train_loss run=2 interval=2 step=347 loss=1.22705
train_loss run=2 interval=2 step=348 loss=1.27813
train_loss run=2 interval=2 step=349 loss=1.20463
train_loss run=2 interval=2 step=350 loss=1.22234
train_loss run=2 interval=2 step=351 loss=1.17659
train_loss run=2 interval=2 step=352 loss=1.20541
train_loss run=2 interval=2 step=353 loss=1.14622
train_loss run=2 interval=2 step=354 loss=1.21772
train_loss run=2 interval=2 step=355 loss=1.22526
train_loss run=2 interval=2 step=356 loss=1.17769
train_loss run=2 interval=2 step=357 loss=1.18009
train_loss run=2 interval=2 step=358 loss=1.21306
train_loss run=2 interval=2 step=359 loss=1.16388
train_loss run=2 interval=2 step=360 loss=1.23783
train_loss run=2 interval=2 step=361 loss=1.29163
train_loss run=2 interval=2 step=362 loss=1.18174
train_loss run=2 interval=2 step=363 loss=1.20179
train_loss run=2 interval=2 step=364 loss=1.23082
train_loss run=2 interval=2 step=365 loss=1.20341
train_loss run=2 interval=2 step=366 loss=1.24902
train_loss run=2 interval=2 step=367 loss=1.19688
train_loss run=2 interval=2 step=368 loss=1.24059
train_loss run=2 interval=2 step=369 loss=1.2321
train_loss run=2 interval=2 step=370 loss=1.23339
train_loss run=2 interval=2 step=371 loss=1.20701
train_loss run=2 interval=2 step=372 loss=1.16831
train_loss run=2 interval=2 step=373 loss=1.19001
train_loss run=2 interval=2 step=374 loss=1.21477
train_loss run=2 interval=2 step=375 loss=1.14972
train_loss run=2 interval=2 step=376 loss=1.1414
train_loss run=2 interval=2 step=377 loss=1.13974
train_loss run=2 interval=2 step=378 loss=1.24765
train_loss run=2 interval=2 step=379 loss=1.25582
train_loss run=2 interval=2 step=380 loss=1.20269
train_loss run=2 interval=2 step=381 loss=1.17357
train_loss run=2 interval=2 step=382 loss=1.23668
train_loss run=2 interval=2 step=383 loss=1.21034
train_loss run=2 interval=2 step=384 loss=1.13681
train_loss run=2 interval=2 step=385 loss=1.32548
train_loss run=2 interval=2 step=386 loss=1.15219
train_loss run=2 interval=2 step=387 loss=1.23884
train_loss run=2 interval=2 step=388 loss=1.15914
train_loss run=2 interval=2 step=389 loss=1.24732
train_loss run=2 interval=2 step=390 loss=1.18116
train_loss run=2 interval=2 step=391 loss=1.16985
train_loss run=2 interval=2 step=392 loss=1.20492
train_loss run=2 interval=2 step=393 loss=1.20004
train_loss run=2 interval=2 step=394 loss=1.16987
train_loss run=2 interval=2 step=395 loss=1.29175
train_loss run=2 interval=2 step=396 loss=1.27735
train_loss run=2 interval=2 step=397 loss=1.23683
train_loss run=2 interval=2 step=398 loss=1.17327
train_loss run=2 interval=2 step=399 loss=1.22783
train_loss run=2 interval=2 step=400 loss=1.19395
train_loss run=2 interval=2 step=401 loss=1.24939
train_loss run=2 interval=2 step=402 loss=1.19831
train_loss run=2 interval=2 step=403 loss=1.18272
train_loss run=2 interval=2 step=404 loss=1.20607
train_loss run=2 interval=2 step=405 loss=1.28802
train_loss run=2 interval=2 step=406 loss=1.24336
train_loss run=2 interval=2 step=407 loss=1.27227
train_loss run=2 interval=2 step=408 loss=1.18716
train_loss run=2 interval=2 step=409 loss=1.19681
train_loss run=2 interval=2 step=410 loss=1.19242
train_loss run=2 interval=2 step=411 loss=1.19718
train_loss run=2 interval=2 step=412 loss=1.26551
train_loss run=2 interval=2 step=413 loss=1.17726
train_loss run=2 interval=2 step=414 loss=1.16636
train_loss run=2 interval=2 step=415 loss=1.244
train_loss run=2 interval=2 step=416 loss=1.24471
train_loss run=2 interval=2 step=417 loss=1.22543
train_loss run=2 interval=2 step=418 loss=1.24578
train_loss run=2 interval=2 step=419 loss=1.17604
train_loss run=2 interval=2 step=420 loss=1.22077
train_loss run=2 interval=2 step=421 loss=1.2262
train_loss run=2 interval=2 step=422 loss=1.16207
train_loss run=2 interval=2 step=423 loss=1.24747
train_loss run=2 interval=2 step=424 loss=1.20035
train_loss run=2 interval=2 step=425 loss=1.2645
train_loss run=2 interval=2 step=426 loss=1.23413
train_loss run=2 interval=2 step=427 loss=1.16317
train_loss run=2 interval=2 step=428 loss=1.26918
train_loss run=2 interval=2 step=429 loss=1.11521
train_loss run=2 interval=2 step=430 loss=1.15124
train_loss run=2 interval=2 step=431 loss=1.14905
train_loss run=2 interval=2 step=432 loss=1.16582
train_loss run=2 interval=2 step=433 loss=1.16813
train_loss run=2 interval=2 step=434 loss=1.25734
train_loss run=2 interval=2 step=435 loss=1.17552
train_loss run=2 interval=2 step=436 loss=1.20108
train_loss run=2 interval=2 step=437 loss=1.15931
train_loss run=2 interval=2 step=438 loss=1.276
train_loss run=2 interval=2 step=439 loss=1.21424
train_loss run=2 interval=2 step=440 loss=1.23681
train_loss run=2 interval=2 step=441 loss=1.20609
train_loss run=2 interval=2 step=442 loss=1.29519
train_loss run=2 interval=2 step=443 loss=1.25332
train_loss run=2 interval=2 step=444 loss=1.25109
train_loss run=2 interval=2 step=445 loss=1.23418
train_loss run=2 interval=2 step=446 loss=1.16746
train_loss run=2 interval=2 step=447 loss=1.17711
train_loss run=2 interval=2 step=448 loss=1.15037
train_loss run=2 interval=2 step=449 loss=1.18672
train_loss run=2 interval=2 step=450 loss=1.20053
train_loss run=2 interval=2 step=451 loss=1.21617
train_loss run=2 interval=2 step=452 loss=1.19643
train_loss run=2 interval=2 step=453 loss=1.24707
train_loss run=2 interval=2 step=454 loss=1.22322
train_loss run=2 interval=2 step=455 loss=1.26611
train_loss run=2 interval=2 step=456 loss=1.24112
train_loss run=2 interval=2 step=457 loss=1.12985
train_loss run=2 interval=2 step=458 loss=1.194
train_loss run=2 interval=2 step=459 loss=1.21888
train_loss run=2 interval=2 step=460 loss=1.19601
train_loss run=2 interval=2 step=461 loss=1.20037
train_loss run=2 interval=2 step=462 loss=1.22178
train_loss run=2 interval=2 step=463 loss=1.17399
train_loss run=2 interval=2 step=464 loss=1.20347
train_loss run=2 interval=2 step=465 loss=1.16694
train_loss run=2 interval=2 step=466 loss=1.18535
train_loss run=2 interval=2 step=467 loss=1.20963
train_loss run=2 interval=2 step=468 loss=1.19886
train_loss run=2 interval=2 step=469 loss=1.2024
train_loss run=2 interval=2 step=470 loss=1.09641
train_loss run=2 interval=2 step=471 loss=1.17939
train_loss run=2 interval=2 step=472 loss=1.15312
train_loss run=2 interval=2 step=473 loss=1.11645
train_loss run=2 interval=2 step=474 loss=1.20787
train_loss run=2 interval=2 step=475 loss=1.15722
train_loss run=2 interval=2 step=476 loss=1.19189
train_loss run=2 interval=2 step=477 loss=1.16219
train_loss run=2 interval=2 step=478 loss=1.19814
train_loss run=2 interval=2 step=479 loss=1.10986
train_loss run=2 interval=2 step=480 loss=1.19225
interval_boundary_eval run=2 interval=2 step=480 total_steps=3200 tta_val_acc=0.8322
search run=2 interval=3 phase=baseline metric=tta_val_acc
main hparams: conv.initial_lr=0.04 conv.momentum=0.6 main=0.8517
search_path step=0 conv.initial_lr=0.04 conv.momentum=0.6 tta_val_acc=0.8517
search run=2 interval=3 phase=cooldown metric=tta_val_acc
main hparams: conv.initial_lr=0.04 conv.momentum=0.6
conv.initial_lr=0.014 -> tta_val_acc=0.8924
conv.initial_lr=0.0084 -> tta_val_acc=0.8943
conv.initial_lr=0.005 -> tta_val_acc=0.8921
search_path step=0 conv.initial_lr=0.014 tta_val_acc=0.8924
search_path step=1 conv.initial_lr=0.0084 tta_val_acc=0.8943
search run=2 interval=3 phase=main metric=tta_val_acc
cooldown hparams: conv.initial_lr=0.0084
main hparams: conv.initial_lr=0.04 conv.momentum=0.6 best_cooldown=0.8943
main hparams: conv.initial_lr=0.024 conv.momentum=0.6 best_cooldown=0.9005
main hparams: conv.initial_lr=0.014 conv.momentum=0.6 best_cooldown=0.9007
main hparams: conv.initial_lr=0.0086 conv.momentum=0.6 best_cooldown=0.8985
main hparams: conv.initial_lr=0.014 conv.momentum=0.5 best_cooldown=0.8993
main hparams: conv.initial_lr=0.014 conv.momentum=0.7 best_cooldown=0.8999
main hparams: conv.initial_lr=0.0084 conv.momentum=0.6 best_cooldown=0.8997
main hparams: conv.initial_lr=0.023 conv.momentum=0.6 best_cooldown=0.9026
main hparams: conv.initial_lr=0.039 conv.momentum=0.6 best_cooldown=0.897
main hparams: conv.initial_lr=0.023 conv.momentum=0.5 best_cooldown=0.9003
main hparams: conv.initial_lr=0.023 conv.momentum=0.7 best_cooldown=0.8998
main hparams: conv.initial_lr=0.038 conv.momentum=0.6 best_cooldown=0.8949
search_path step=0 conv.initial_lr=0.04 conv.momentum=0.6 tta_val_acc=0.8943
search_path step=1 conv.initial_lr=0.014 conv.momentum=0.6 tta_val_acc=0.9007
search_path step=2 conv.initial_lr=0.023 conv.momentum=0.6 tta_val_acc=0.9026
search run=2 interval=3 phase=cooldown metric=tta_val_acc
main hparams: conv.initial_lr=0.023 conv.momentum=0.6
conv.initial_lr=0.0084 -> tta_val_acc=0.9026
conv.initial_lr=0.005 -> tta_val_acc=0.9016
conv.initial_lr=0.014 -> tta_val_acc=0.8987
search_path step=0 conv.initial_lr=0.0084 tta_val_acc=0.9026
train_hparams run=2 interval=3 start_step=480 completed_steps=160 total_steps=3200 conv.initial_lr=0.023 conv.momentum=0.6
train_loss run=2 interval=3 step=481 loss=1.22223
train_loss run=2 interval=3 step=482 loss=1.21403
train_loss run=2 interval=3 step=483 loss=1.1859
train_loss run=2 interval=3 step=484 loss=1.13794
train_loss run=2 interval=3 step=485 loss=1.14014
train_loss run=2 interval=3 step=486 loss=1.14743
train_loss run=2 interval=3 step=487 loss=1.20244
train_loss run=2 interval=3 step=488 loss=1.17736
train_loss run=2 interval=3 step=489 loss=1.1965
train_loss run=2 interval=3 step=490 loss=1.31195
train_loss run=2 interval=3 step=491 loss=1.14477
train_loss run=2 interval=3 step=492 loss=1.20031
train_loss run=2 interval=3 step=493 loss=1.18987
train_loss run=2 interval=3 step=494 loss=1.16462
train_loss run=2 interval=3 step=495 loss=1.21739
train_loss run=2 interval=3 step=496 loss=1.18184
train_loss run=2 interval=3 step=497 loss=1.0845
train_loss run=2 interval=3 step=498 loss=1.13171
train_loss run=2 interval=3 step=499 loss=1.17932
train_loss run=2 interval=3 step=500 loss=1.16539
train_loss run=2 interval=3 step=501 loss=1.19015
train_loss run=2 interval=3 step=502 loss=1.07763
train_loss run=2 interval=3 step=503 loss=1.13991
train_loss run=2 interval=3 step=504 loss=1.12205
train_loss run=2 interval=3 step=505 loss=1.28669
train_loss run=2 interval=3 step=506 loss=1.12322
train_loss run=2 interval=3 step=507 loss=1.16653
train_loss run=2 interval=3 step=508 loss=1.14191
train_loss run=2 interval=3 step=509 loss=1.10008
train_loss run=2 interval=3 step=510 loss=1.14458
train_loss run=2 interval=3 step=511 loss=1.19428
train_loss run=2 interval=3 step=512 loss=1.1594
train_loss run=2 interval=3 step=513 loss=1.25891
train_loss run=2 interval=3 step=514 loss=1.1657
train_loss run=2 interval=3 step=515 loss=1.20348
train_loss run=2 interval=3 step=516 loss=1.14813
train_loss run=2 interval=3 step=517 loss=1.1203
train_loss run=2 interval=3 step=518 loss=1.10428
train_loss run=2 interval=3 step=519 loss=1.14097
train_loss run=2 interval=3 step=520 loss=1.14189
train_loss run=2 interval=3 step=521 loss=1.14155
train_loss run=2 interval=3 step=522 loss=1.17275
train_loss run=2 interval=3 step=523 loss=1.15394
train_loss run=2 interval=3 step=524 loss=1.23937
train_loss run=2 interval=3 step=525 loss=1.18542
train_loss run=2 interval=3 step=526 loss=1.18938
train_loss run=2 interval=3 step=527 loss=1.11539
train_loss run=2 interval=3 step=528 loss=1.18506
train_loss run=2 interval=3 step=529 loss=1.11567
train_loss run=2 interval=3 step=530 loss=1.20682
train_loss run=2 interval=3 step=531 loss=1.1308
train_loss run=2 interval=3 step=532 loss=1.12082
train_loss run=2 interval=3 step=533 loss=1.1696
train_loss run=2 interval=3 step=534 loss=1.22553
train_loss run=2 interval=3 step=535 loss=1.09771
train_loss run=2 interval=3 step=536 loss=1.21232
train_loss run=2 interval=3 step=537 loss=1.19569
train_loss run=2 interval=3 step=538 loss=1.14846
train_loss run=2 interval=3 step=539 loss=1.13662
train_loss run=2 interval=3 step=540 loss=1.18181
train_loss run=2 interval=3 step=541 loss=1.16064
train_loss run=2 interval=3 step=542 loss=1.10449
train_loss run=2 interval=3 step=543 loss=1.11145
train_loss run=2 interval=3 step=544 loss=1.05925
train_loss run=2 interval=3 step=545 loss=1.10918
train_loss run=2 interval=3 step=546 loss=1.15974
train_loss run=2 interval=3 step=547 loss=1.13842
train_loss run=2 interval=3 step=548 loss=1.16791
train_loss run=2 interval=3 step=549 loss=1.26154
train_loss run=2 interval=3 step=550 loss=1.18727
train_loss run=2 interval=3 step=551 loss=1.19379
train_loss run=2 interval=3 step=552 loss=1.14386
train_loss run=2 interval=3 step=553 loss=1.1308
train_loss run=2 interval=3 step=554 loss=1.1092
train_loss run=2 interval=3 step=555 loss=1.17589
train_loss run=2 interval=3 step=556 loss=1.16088
train_loss run=2 interval=3 step=557 loss=1.13787
train_loss run=2 interval=3 step=558 loss=1.24177
train_loss run=2 interval=3 step=559 loss=1.14297
train_loss run=2 interval=3 step=560 loss=1.1795
train_loss run=2 interval=3 step=561 loss=1.11569
train_loss run=2 interval=3 step=562 loss=1.22488
train_loss run=2 interval=3 step=563 loss=1.11948
train_loss run=2 interval=3 step=564 loss=1.15049
train_loss run=2 interval=3 step=565 loss=1.17744
train_loss run=2 interval=3 step=566 loss=1.17305
train_loss run=2 interval=3 step=567 loss=1.13422
train_loss run=2 interval=3 step=568 loss=1.15331
train_loss run=2 interval=3 step=569 loss=1.10744
train_loss run=2 interval=3 step=570 loss=1.1106
train_loss run=2 interval=3 step=571 loss=1.23156
train_loss run=2 interval=3 step=572 loss=1.24228
train_loss run=2 interval=3 step=573 loss=1.20327
train_loss run=2 interval=3 step=574 loss=1.1334
train_loss run=2 interval=3 step=575 loss=1.18339
train_loss run=2 interval=3 step=576 loss=1.1823
train_loss run=2 interval=3 step=577 loss=1.1396
train_loss run=2 interval=3 step=578 loss=1.13691
train_loss run=2 interval=3 step=579 loss=1.20401
train_loss run=2 interval=3 step=580 loss=1.18753
train_loss run=2 interval=3 step=581 loss=1.14229
train_loss run=2 interval=3 step=582 loss=1.1907
train_loss run=2 interval=3 step=583 loss=1.19221
train_loss run=2 interval=3 step=584 loss=1.11274
train_loss run=2 interval=3 step=585 loss=1.11003
train_loss run=2 interval=3 step=586 loss=1.1565
train_loss run=2 interval=3 step=587 loss=1.08218
train_loss run=2 interval=3 step=588 loss=1.12195
train_loss run=2 interval=3 step=589 loss=1.12019
train_loss run=2 interval=3 step=590 loss=1.15289
train_loss run=2 interval=3 step=591 loss=1.18405
train_loss run=2 interval=3 step=592 loss=1.10838
train_loss run=2 interval=3 step=593 loss=1.10545
train_loss run=2 interval=3 step=594 loss=1.17286
train_loss run=2 interval=3 step=595 loss=1.16579
train_loss run=2 interval=3 step=596 loss=1.15228
train_loss run=2 interval=3 step=597 loss=1.13983
train_loss run=2 interval=3 step=598 loss=1.09689
train_loss run=2 interval=3 step=599 loss=1.1507
train_loss run=2 interval=3 step=600 loss=1.17825
train_loss run=2 interval=3 step=601 loss=1.11471
train_loss run=2 interval=3 step=602 loss=1.178
train_loss run=2 interval=3 step=603 loss=1.14266
train_loss run=2 interval=3 step=604 loss=1.1425
train_loss run=2 interval=3 step=605 loss=1.14066
train_loss run=2 interval=3 step=606 loss=1.15518
train_loss run=2 interval=3 step=607 loss=1.09662
train_loss run=2 interval=3 step=608 loss=1.17178
train_loss run=2 interval=3 step=609 loss=1.18615
train_loss run=2 interval=3 step=610 loss=1.0933
train_loss run=2 interval=3 step=611 loss=1.13742
train_loss run=2 interval=3 step=612 loss=1.08719
train_loss run=2 interval=3 step=613 loss=1.21789
train_loss run=2 interval=3 step=614 loss=1.13215
train_loss run=2 interval=3 step=615 loss=1.08435
train_loss run=2 interval=3 step=616 loss=1.1678
train_loss run=2 interval=3 step=617 loss=1.11906
train_loss run=2 interval=3 step=618 loss=1.10634
train_loss run=2 interval=3 step=619 loss=1.15764
train_loss run=2 interval=3 step=620 loss=1.15351
train_loss run=2 interval=3 step=621 loss=1.17393
train_loss run=2 interval=3 step=622 loss=1.17801
train_loss run=2 interval=3 step=623 loss=1.20292
train_loss run=2 interval=3 step=624 loss=1.17671
train_loss run=2 interval=3 step=625 loss=1.20297
train_loss run=2 interval=3 step=626 loss=1.16116
train_loss run=2 interval=3 step=627 loss=1.17029
train_loss run=2 interval=3 step=628 loss=1.19971
train_loss run=2 interval=3 step=629 loss=1.16698
train_loss run=2 interval=3 step=630 loss=1.24883
train_loss run=2 interval=3 step=631 loss=1.14921
train_loss run=2 interval=3 step=632 loss=1.08274
train_loss run=2 interval=3 step=633 loss=1.11452
train_loss run=2 interval=3 step=634 loss=1.12722
train_loss run=2 interval=3 step=635 loss=1.10891
train_loss run=2 interval=3 step=636 loss=1.13129
train_loss run=2 interval=3 step=637 loss=1.13701
train_loss run=2 interval=3 step=638 loss=1.12734
train_loss run=2 interval=3 step=639 loss=1.14712
train_loss run=2 interval=3 step=640 loss=1.17577
interval_boundary_eval run=2 interval=3 step=640 total_steps=3200 tta_val_acc=0.8732
search run=2 interval=4 phase=baseline metric=tta_val_acc
main hparams: conv.initial_lr=0.023 conv.momentum=0.6 main=0.8902
search_path step=0 conv.initial_lr=0.023 conv.momentum=0.6 tta_val_acc=0.8902
search run=2 interval=4 phase=cooldown metric=tta_val_acc
main hparams: conv.initial_lr=0.023 conv.momentum=0.6
conv.initial_lr=0.0084 -> tta_val_acc=0.9054
conv.initial_lr=0.005 -> tta_val_acc=0.9053
conv.initial_lr=0.014 -> tta_val_acc=0.9022
search_path step=0 conv.initial_lr=0.0084 tta_val_acc=0.9054
search run=2 interval=4 phase=main metric=tta_val_acc
cooldown hparams: conv.initial_lr=0.0084
main hparams: conv.initial_lr=0.023 conv.momentum=0.6 best_cooldown=0.9054
main hparams: conv.initial_lr=0.014 conv.momentum=0.6 best_cooldown=0.9072
main hparams: conv.initial_lr=0.0083 conv.momentum=0.6 best_cooldown=0.9053
main hparams: conv.initial_lr=0.014 conv.momentum=0.5 best_cooldown=0.9074
main hparams: conv.initial_lr=0.014 conv.momentum=0.4 best_cooldown=0.9075
main hparams: conv.initial_lr=0.014 conv.momentum=0.3 best_cooldown=0.9072
main hparams: conv.initial_lr=0.0084 conv.momentum=0.4 best_cooldown=0.9042
main hparams: conv.initial_lr=0.023 conv.momentum=0.4 best_cooldown=0.908
main hparams: conv.initial_lr=0.039 conv.momentum=0.4 best_cooldown=0.9039
main hparams: conv.initial_lr=0.023 conv.momentum=0.3 best_cooldown=0.9072
main hparams: conv.initial_lr=0.023 conv.momentum=0.5 best_cooldown=0.9066
main hparams: conv.initial_lr=0.038 conv.momentum=0.4 best_cooldown=0.9047
search_path step=0 conv.initial_lr=0.023 conv.momentum=0.6 tta_val_acc=0.9054
search_path step=1 conv.initial_lr=0.014 conv.momentum=0.6 tta_val_acc=0.9072
search_path step=2 conv.initial_lr=0.014 conv.momentum=0.4 tta_val_acc=0.9075
search_path step=3 conv.initial_lr=0.023 conv.momentum=0.4 tta_val_acc=0.908
search run=2 interval=4 phase=cooldown metric=tta_val_acc
main hparams: conv.initial_lr=0.023 conv.momentum=0.4
conv.initial_lr=0.0084 -> tta_val_acc=0.908
conv.initial_lr=0.005 -> tta_val_acc=0.9069
conv.initial_lr=0.014 -> tta_val_acc=0.9052
search_path step=0 conv.initial_lr=0.0084 tta_val_acc=0.908
train_hparams run=2 interval=4 start_step=640 completed_steps=160 total_steps=3200 conv.initial_lr=0.023 conv.momentum=0.4
train_loss run=2 interval=4 step=641 loss=1.09556
train_loss run=2 interval=4 step=642 loss=1.11729
train_loss run=2 interval=4 step=643 loss=1.10228
train_loss run=2 interval=4 step=644 loss=1.14792
train_loss run=2 interval=4 step=645 loss=1.12387
train_loss run=2 interval=4 step=646 loss=1.11936
train_loss run=2 interval=4 step=647 loss=1.15943
train_loss run=2 interval=4 step=648 loss=1.12527
train_loss run=2 interval=4 step=649 loss=1.06986
train_loss run=2 interval=4 step=650 loss=1.07115
train_loss run=2 interval=4 step=651 loss=1.11604
train_loss run=2 interval=4 step=652 loss=1.10502
train_loss run=2 interval=4 step=653 loss=1.15384
train_loss run=2 interval=4 step=654 loss=1.1392
train_loss run=2 interval=4 step=655 loss=1.21838
train_loss run=2 interval=4 step=656 loss=1.11851
train_loss run=2 interval=4 step=657 loss=1.09587
train_loss run=2 interval=4 step=658 loss=1.18019
train_loss run=2 interval=4 step=659 loss=1.08384
train_loss run=2 interval=4 step=660 loss=1.1065
train_loss run=2 interval=4 step=661 loss=1.0625
train_loss run=2 interval=4 step=662 loss=1.13139
train_loss run=2 interval=4 step=663 loss=1.11217
train_loss run=2 interval=4 step=664 loss=1.1679
train_loss run=2 interval=4 step=665 loss=1.0894
train_loss run=2 interval=4 step=666 loss=1.15014
train_loss run=2 interval=4 step=667 loss=1.16359
train_loss run=2 interval=4 step=668 loss=1.16941
train_loss run=2 interval=4 step=669 loss=1.20451
train_loss run=2 interval=4 step=670 loss=1.16934
train_loss run=2 interval=4 step=671 loss=1.14224
train_loss run=2 interval=4 step=672 loss=1.05361
train_loss run=2 interval=4 step=673 loss=1.07924
train_loss run=2 interval=4 step=674 loss=1.05291
train_loss run=2 interval=4 step=675 loss=1.11062
train_loss run=2 interval=4 step=676 loss=1.13288
train_loss run=2 interval=4 step=677 loss=1.0884
train_loss run=2 interval=4 step=678 loss=1.11258
train_loss run=2 interval=4 step=679 loss=1.05847
train_loss run=2 interval=4 step=680 loss=1.05952
train_loss run=2 interval=4 step=681 loss=1.11662
train_loss run=2 interval=4 step=682 loss=1.09737
train_loss run=2 interval=4 step=683 loss=1.11327
train_loss run=2 interval=4 step=684 loss=1.04842
train_loss run=2 interval=4 step=685 loss=1.152
train_loss run=2 interval=4 step=686 loss=1.09017
train_loss run=2 interval=4 step=687 loss=1.12833
train_loss run=2 interval=4 step=688 loss=1.1576
train_loss run=2 interval=4 step=689 loss=1.1155
train_loss run=2 interval=4 step=690 loss=1.08205
train_loss run=2 interval=4 step=691 loss=1.11027
train_loss run=2 interval=4 step=692 loss=1.15551
train_loss run=2 interval=4 step=693 loss=1.13493
train_loss run=2 interval=4 step=694 loss=1.19597
train_loss run=2 interval=4 step=695 loss=1.09955
train_loss run=2 interval=4 step=696 loss=1.0875
train_loss run=2 interval=4 step=697 loss=1.19813
train_loss run=2 interval=4 step=698 loss=1.14595
train_loss run=2 interval=4 step=699 loss=1.0969
train_loss run=2 interval=4 step=700 loss=1.0763
train_loss run=2 interval=4 step=701 loss=1.17572
train_loss run=2 interval=4 step=702 loss=1.08571
train_loss run=2 interval=4 step=703 loss=1.18879
train_loss run=2 interval=4 step=704 loss=1.10023
train_loss run=2 interval=4 step=705 loss=1.09054
train_loss run=2 interval=4 step=706 loss=1.09579
train_loss run=2 interval=4 step=707 loss=1.15097
train_loss run=2 interval=4 step=708 loss=1.1168
train_loss run=2 interval=4 step=709 loss=1.06452
train_loss run=2 interval=4 step=710 loss=1.08898
train_loss run=2 interval=4 step=711 loss=1.14845
train_loss run=2 interval=4 step=712 loss=1.15209
train_loss run=2 interval=4 step=713 loss=1.10801
train_loss run=2 interval=4 step=714 loss=1.09163
train_loss run=2 interval=4 step=715 loss=1.14227
train_loss run=2 interval=4 step=716 loss=1.10975
train_loss run=2 interval=4 step=717 loss=1.09891
train_loss run=2 interval=4 step=718 loss=1.1247
train_loss run=2 interval=4 step=719 loss=1.07599
train_loss run=2 interval=4 step=720 loss=1.0755
train_loss run=2 interval=4 step=721 loss=1.12452
train_loss run=2 interval=4 step=722 loss=1.11701
train_loss run=2 interval=4 step=723 loss=1.10636
train_loss run=2 interval=4 step=724 loss=1.03893
train_loss run=2 interval=4 step=725 loss=1.1128
train_loss run=2 interval=4 step=726 loss=1.1776
train_loss run=2 interval=4 step=727 loss=1.16612
train_loss run=2 interval=4 step=728 loss=1.11229
train_loss run=2 interval=4 step=729 loss=1.15299
train_loss run=2 interval=4 step=730 loss=1.14743
train_loss run=2 interval=4 step=731 loss=1.13018
train_loss run=2 interval=4 step=732 loss=1.14201
train_loss run=2 interval=4 step=733 loss=1.18975
train_loss run=2 interval=4 step=734 loss=1.13356
train_loss run=2 interval=4 step=735 loss=1.09238
train_loss run=2 interval=4 step=736 loss=1.04414
train_loss run=2 interval=4 step=737 loss=1.22825
train_loss run=2 interval=4 step=738 loss=1.16047
train_loss run=2 interval=4 step=739 loss=1.0718
train_loss run=2 interval=4 step=740 loss=1.0922
train_loss run=2 interval=4 step=741 loss=1.05501
train_loss run=2 interval=4 step=742 loss=1.12898
train_loss run=2 interval=4 step=743 loss=1.12657
train_loss run=2 interval=4 step=744 loss=1.15367
train_loss run=2 interval=4 step=745 loss=1.12646
train_loss run=2 interval=4 step=746 loss=1.16812
train_loss run=2 interval=4 step=747 loss=1.10963
train_loss run=2 interval=4 step=748 loss=1.1245
train_loss run=2 interval=4 step=749 loss=1.11949
train_loss run=2 interval=4 step=750 loss=1.04431
train_loss run=2 interval=4 step=751 loss=1.15951
train_loss run=2 interval=4 step=752 loss=1.12313
train_loss run=2 interval=4 step=753 loss=1.08172
train_loss run=2 interval=4 step=754 loss=1.1275
train_loss run=2 interval=4 step=755 loss=1.04387
train_loss run=2 interval=4 step=756 loss=1.10182
train_loss run=2 interval=4 step=757 loss=1.12682
train_loss run=2 interval=4 step=758 loss=1.1536
train_loss run=2 interval=4 step=759 loss=1.10869
train_loss run=2 interval=4 step=760 loss=1.08513
train_loss run=2 interval=4 step=761 loss=1.10968
train_loss run=2 interval=4 step=762 loss=1.1426
train_loss run=2 interval=4 step=763 loss=1.15974
train_loss run=2 interval=4 step=764 loss=1.23344
train_loss run=2 interval=4 step=765 loss=1.11998
train_loss run=2 interval=4 step=766 loss=1.13484
train_loss run=2 interval=4 step=767 loss=1.05035
train_loss run=2 interval=4 step=768 loss=1.11545
train_loss run=2 interval=4 step=769 loss=1.13543
train_loss run=2 interval=4 step=770 loss=1.14759
train_loss run=2 interval=4 step=771 loss=1.10044
train_loss run=2 interval=4 step=772 loss=1.06414
train_loss run=2 interval=4 step=773 loss=1.16515
train_loss run=2 interval=4 step=774 loss=1.14688
train_loss run=2 interval=4 step=775 loss=1.07211
train_loss run=2 interval=4 step=776 loss=1.08857
train_loss run=2 interval=4 step=777 loss=1.20353
train_loss run=2 interval=4 step=778 loss=1.07309
train_loss run=2 interval=4 step=779 loss=1.09403
train_loss run=2 interval=4 step=780 loss=1.07455
train_loss run=2 interval=4 step=781 loss=1.12049
train_loss run=2 interval=4 step=782 loss=1.09784
train_loss run=2 interval=4 step=783 loss=1.10381
train_loss run=2 interval=4 step=784 loss=1.13618
train_loss run=2 interval=4 step=785 loss=1.07744
train_loss run=2 interval=4 step=786 loss=1.15808
train_loss run=2 interval=4 step=787 loss=1.08453
train_loss run=2 interval=4 step=788 loss=1.10415
train_loss run=2 interval=4 step=789 loss=1.05455
train_loss run=2 interval=4 step=790 loss=1.03878
train_loss run=2 interval=4 step=791 loss=1.04799
train_loss run=2 interval=4 step=792 loss=1.16314
train_loss run=2 interval=4 step=793 loss=1.1902
train_loss run=2 interval=4 step=794 loss=1.11875
train_loss run=2 interval=4 step=795 loss=1.15298
train_loss run=2 interval=4 step=796 loss=1.12119
train_loss run=2 interval=4 step=797 loss=1.20976
train_loss run=2 interval=4 step=798 loss=1.10189
train_loss run=2 interval=4 step=799 loss=1.18188
train_loss run=2 interval=4 step=800 loss=1.09601
interval_boundary_eval run=2 interval=4 step=800 total_steps=3200 tta_val_acc=0.893
search run=2 interval=5 phase=baseline metric=tta_val_acc
main hparams: conv.initial_lr=0.023 conv.momentum=0.4 main=0.8991
search_path step=0 conv.initial_lr=0.023 conv.momentum=0.4 tta_val_acc=0.8991
search run=2 interval=5 phase=cooldown metric=tta_val_acc
main hparams: conv.initial_lr=0.023 conv.momentum=0.4
conv.initial_lr=0.0084 -> tta_val_acc=0.9085
conv.initial_lr=0.005 -> tta_val_acc=0.9094
conv.initial_lr=0.003 -> tta_val_acc=0.9086
conv.initial_lr=0.0083 -> tta_val_acc=0.9085
search_path step=0 conv.initial_lr=0.0084 tta_val_acc=0.9085
search_path step=1 conv.initial_lr=0.005 tta_val_acc=0.9094
search run=2 interval=5 phase=main metric=tta_val_acc
cooldown hparams: conv.initial_lr=0.005
main hparams: conv.initial_lr=0.023 conv.momentum=0.4 best_cooldown=0.9094
main hparams: conv.initial_lr=0.014 conv.momentum=0.4 best_cooldown=0.9092
main hparams: conv.initial_lr=0.038 conv.momentum=0.4 best_cooldown=0.9068
main hparams: conv.initial_lr=0.023 conv.momentum=0.3 best_cooldown=0.9101
main hparams: conv.initial_lr=0.023 conv.momentum=0.2 best_cooldown=0.9095
main hparams: conv.initial_lr=0.014 conv.momentum=0.3 best_cooldown=0.9095
main hparams: conv.initial_lr=0.038 conv.momentum=0.3 best_cooldown=0.9084
search_path step=0 conv.initial_lr=0.023 conv.momentum=0.4 tta_val_acc=0.9094
search_path step=1 conv.initial_lr=0.023 conv.momentum=0.3 tta_val_acc=0.9101
search run=2 interval=5 phase=cooldown metric=tta_val_acc
main hparams: conv.initial_lr=0.023 conv.momentum=0.3
conv.initial_lr=0.005 -> tta_val_acc=0.9101
conv.initial_lr=0.003 -> tta_val_acc=0.9096
conv.initial_lr=0.0083 -> tta_val_acc=0.9094
search_path step=0 conv.initial_lr=0.005 tta_val_acc=0.9101
train_hparams run=2 interval=5 start_step=800 completed_steps=160 total_steps=3200 conv.initial_lr=0.023 conv.momentum=0.3
train_loss run=2 interval=5 step=801 loss=1.06548
train_loss run=2 interval=5 step=802 loss=1.02441
train_loss run=2 interval=5 step=803 loss=1.00945
train_loss run=2 interval=5 step=804 loss=1.04521
train_loss run=2 interval=5 step=805 loss=1.08726
train_loss run=2 interval=5 step=806 loss=1.13451
train_loss run=2 interval=5 step=807 loss=1.08619
train_loss run=2 interval=5 step=808 loss=1.12769
train_loss run=2 interval=5 step=809 loss=1.05466
train_loss run=2 interval=5 step=810 loss=1.06359
train_loss run=2 interval=5 step=811 loss=1.01232
train_loss run=2 interval=5 step=812 loss=1.10781
train_loss run=2 interval=5 step=813 loss=1.06141
train_loss run=2 interval=5 step=814 loss=1.09886
train_loss run=2 interval=5 step=815 loss=1.07279
train_loss run=2 interval=5 step=816 loss=1.08579
train_loss run=2 interval=5 step=817 loss=1.16446
train_loss run=2 interval=5 step=818 loss=1.09522
train_loss run=2 interval=5 step=819 loss=1.1143
train_loss run=2 interval=5 step=820 loss=1.09538
train_loss run=2 interval=5 step=821 loss=1.14073
train_loss run=2 interval=5 step=822 loss=1.04797
train_loss run=2 interval=5 step=823 loss=1.11218
train_loss run=2 interval=5 step=824 loss=1.02328
train_loss run=2 interval=5 step=825 loss=1.07611
train_loss run=2 interval=5 step=826 loss=1.08153
train_loss run=2 interval=5 step=827 loss=1.05809
train_loss run=2 interval=5 step=828 loss=1.09332
train_loss run=2 interval=5 step=829 loss=1.0354
train_loss run=2 interval=5 step=830 loss=1.07234
train_loss run=2 interval=5 step=831 loss=1.08991
train_loss run=2 interval=5 step=832 loss=1.044
train_loss run=2 interval=5 step=833 loss=1.09694
train_loss run=2 interval=5 step=834 loss=1.11838
train_loss run=2 interval=5 step=835 loss=1.10871
train_loss run=2 interval=5 step=836 loss=1.0687
train_loss run=2 interval=5 step=837 loss=1.09498
train_loss run=2 interval=5 step=838 loss=1.06718
train_loss run=2 interval=5 step=839 loss=1.05192
train_loss run=2 interval=5 step=840 loss=1.04571
train_loss run=2 interval=5 step=841 loss=1.11214
train_loss run=2 interval=5 step=842 loss=1.07707
train_loss run=2 interval=5 step=843 loss=1.0471
train_loss run=2 interval=5 step=844 loss=1.05173
train_loss run=2 interval=5 step=845 loss=1.13636
train_loss run=2 interval=5 step=846 loss=1.07495
train_loss run=2 interval=5 step=847 loss=1.09378
train_loss run=2 interval=5 step=848 loss=1.06916
train_loss run=2 interval=5 step=849 loss=1.09765
train_loss run=2 interval=5 step=850 loss=1.11101
train_loss run=2 interval=5 step=851 loss=1.03382
train_loss run=2 interval=5 step=852 loss=1.09927
train_loss run=2 interval=5 step=853 loss=1.07856
train_loss run=2 interval=5 step=854 loss=1.09504
train_loss run=2 interval=5 step=855 loss=1.12182
train_loss run=2 interval=5 step=856 loss=1.06089
train_loss run=2 interval=5 step=857 loss=1.07233
train_loss run=2 interval=5 step=858 loss=1.06127
train_loss run=2 interval=5 step=859 loss=1.05623
train_loss run=2 interval=5 step=860 loss=1.13753
train_loss run=2 interval=5 step=861 loss=1.07311
train_loss run=2 interval=5 step=862 loss=1.07594
train_loss run=2 interval=5 step=863 loss=1.06364
train_loss run=2 interval=5 step=864 loss=1.02391
train_loss run=2 interval=5 step=865 loss=1.06353
train_loss run=2 interval=5 step=866 loss=1.03392
train_loss run=2 interval=5 step=867 loss=1.05388
train_loss run=2 interval=5 step=868 loss=1.06101
train_loss run=2 interval=5 step=869 loss=1.11229
train_loss run=2 interval=5 step=870 loss=1.10958
train_loss run=2 interval=5 step=871 loss=1.0971
train_loss run=2 interval=5 step=872 loss=1.08558
train_loss run=2 interval=5 step=873 loss=1.0436
train_loss run=2 interval=5 step=874 loss=1.09249
train_loss run=2 interval=5 step=875 loss=0.998701
train_loss run=2 interval=5 step=876 loss=1.06024
train_loss run=2 interval=5 step=877 loss=1.08264
train_loss run=2 interval=5 step=878 loss=1.16117
train_loss run=2 interval=5 step=879 loss=1.11069
train_loss run=2 interval=5 step=880 loss=1.10911
train_loss run=2 interval=5 step=881 loss=1.13003
train_loss run=2 interval=5 step=882 loss=1.10911
train_loss run=2 interval=5 step=883 loss=1.07492
train_loss run=2 interval=5 step=884 loss=1.11625
train_loss run=2 interval=5 step=885 loss=1.08772
train_loss run=2 interval=5 step=886 loss=1.09431
train_loss run=2 interval=5 step=887 loss=1.13146
train_loss run=2 interval=5 step=888 loss=1.06045
train_loss run=2 interval=5 step=889 loss=1.06558
train_loss run=2 interval=5 step=890 loss=1.08316
train_loss run=2 interval=5 step=891 loss=1.11574
train_loss run=2 interval=5 step=892 loss=1.06898
train_loss run=2 interval=5 step=893 loss=1.13491
train_loss run=2 interval=5 step=894 loss=1.05418
train_loss run=2 interval=5 step=895 loss=0.992186
train_loss run=2 interval=5 step=896 loss=1.10941
train_loss run=2 interval=5 step=897 loss=1.0968
train_loss run=2 interval=5 step=898 loss=1.0754
train_loss run=2 interval=5 step=899 loss=1.02643
train_loss run=2 interval=5 step=900 loss=1.09278
train_loss run=2 interval=5 step=901 loss=1.03279
train_loss run=2 interval=5 step=902 loss=1.07967
train_loss run=2 interval=5 step=903 loss=1.06245
train_loss run=2 interval=5 step=904 loss=1.11298
train_loss run=2 interval=5 step=905 loss=1.04291
train_loss run=2 interval=5 step=906 loss=1.06085
train_loss run=2 interval=5 step=907 loss=1.13351
train_loss run=2 interval=5 step=908 loss=1.10901
train_loss run=2 interval=5 step=909 loss=1.11223
train_loss run=2 interval=5 step=910 loss=1.04111
train_loss run=2 interval=5 step=911 loss=1.09158
train_loss run=2 interval=5 step=912 loss=1.08213
train_loss run=2 interval=5 step=913 loss=1.12198
train_loss run=2 interval=5 step=914 loss=1.09243
train_loss run=2 interval=5 step=915 loss=1.06992
train_loss run=2 interval=5 step=916 loss=1.0278
train_loss run=2 interval=5 step=917 loss=1.07863
train_loss run=2 interval=5 step=918 loss=1.02217
train_loss run=2 interval=5 step=919 loss=1.05728
train_loss run=2 interval=5 step=920 loss=1.08546
train_loss run=2 interval=5 step=921 loss=1.06368
train_loss run=2 interval=5 step=922 loss=1.08975
train_loss run=2 interval=5 step=923 loss=1.10546
train_loss run=2 interval=5 step=924 loss=1.01333
train_loss run=2 interval=5 step=925 loss=1.08825
train_loss run=2 interval=5 step=926 loss=1.10765
train_loss run=2 interval=5 step=927 loss=1.09669
train_loss run=2 interval=5 step=928 loss=1.13065
train_loss run=2 interval=5 step=929 loss=1.05055
train_loss run=2 interval=5 step=930 loss=1.06875
train_loss run=2 interval=5 step=931 loss=1.10063
train_loss run=2 interval=5 step=932 loss=1.06136
train_loss run=2 interval=5 step=933 loss=1.10164
train_loss run=2 interval=5 step=934 loss=1.00422
train_loss run=2 interval=5 step=935 loss=1.03731
train_loss run=2 interval=5 step=936 loss=1.06892
train_loss run=2 interval=5 step=937 loss=1.10729
train_loss run=2 interval=5 step=938 loss=1.05871
train_loss run=2 interval=5 step=939 loss=1.04067
train_loss run=2 interval=5 step=940 loss=1.11662
train_loss run=2 interval=5 step=941 loss=1.09534
train_loss run=2 interval=5 step=942 loss=1.11516
train_loss run=2 interval=5 step=943 loss=1.09552
train_loss run=2 interval=5 step=944 loss=1.10097
train_loss run=2 interval=5 step=945 loss=1.18974
train_loss run=2 interval=5 step=946 loss=1.0777
train_loss run=2 interval=5 step=947 loss=1.04841
train_loss run=2 interval=5 step=948 loss=1.01666
train_loss run=2 interval=5 step=949 loss=1.0408
train_loss run=2 interval=5 step=950 loss=1.02621
train_loss run=2 interval=5 step=951 loss=1.06184
train_loss run=2 interval=5 step=952 loss=1.0638
train_loss run=2 interval=5 step=953 loss=1.09721
train_loss run=2 interval=5 step=954 loss=1.13526
train_loss run=2 interval=5 step=955 loss=1.04566
train_loss run=2 interval=5 step=956 loss=1.13536
train_loss run=2 interval=5 step=957 loss=1.07596
train_loss run=2 interval=5 step=958 loss=1.0815
train_loss run=2 interval=5 step=959 loss=1.03075
train_loss run=2 interval=5 step=960 loss=1.05337
interval_boundary_eval run=2 interval=5 step=960 total_steps=3200 tta_val_acc=0.8988
search run=2 interval=6 phase=baseline metric=tta_val_acc
main hparams: conv.initial_lr=0.023 conv.momentum=0.3 main=0.901
search_path step=0 conv.initial_lr=0.023 conv.momentum=0.3 tta_val_acc=0.901
search run=2 interval=6 phase=cooldown metric=tta_val_acc
main hparams: conv.initial_lr=0.023 conv.momentum=0.3
conv.initial_lr=0.005 -> tta_val_acc=0.9108
conv.initial_lr=0.003 -> tta_val_acc=0.9091
conv.initial_lr=0.0083 -> tta_val_acc=0.9126
conv.initial_lr=0.014 -> tta_val_acc=0.9116
search_path step=0 conv.initial_lr=0.005 tta_val_acc=0.9108
search_path step=1 conv.initial_lr=0.0083 tta_val_acc=0.9126
search run=2 interval=6 phase=main metric=tta_val_acc
cooldown hparams: conv.initial_lr=0.0083
main hparams: conv.initial_lr=0.023 conv.momentum=0.3 best_cooldown=0.9126
main hparams: conv.initial_lr=0.014 conv.momentum=0.3 best_cooldown=0.9157
main hparams: conv.initial_lr=0.0083 conv.momentum=0.3 best_cooldown=0.9151
main hparams: conv.initial_lr=0.014 conv.momentum=0.2 best_cooldown=0.916
main hparams: conv.initial_lr=0.014 conv.momentum=0.1 best_cooldown=0.9149
main hparams: conv.initial_lr=0.0084 conv.momentum=0.2 best_cooldown=0.9147
main hparams: conv.initial_lr=0.023 conv.momentum=0.2 best_cooldown=0.9141
search_path step=0 conv.initial_lr=0.023 conv.momentum=0.3 tta_val_acc=0.9126
search_path step=1 conv.initial_lr=0.014 conv.momentum=0.3 tta_val_acc=0.9157
search_path step=2 conv.initial_lr=0.014 conv.momentum=0.2 tta_val_acc=0.916
search run=2 interval=6 phase=cooldown metric=tta_val_acc
main hparams: conv.initial_lr=0.014 conv.momentum=0.2
conv.initial_lr=0.0083 -> tta_val_acc=0.916
conv.initial_lr=0.005 -> tta_val_acc=0.9149
conv.initial_lr=0.014 -> tta_val_acc=0.9137
search_path step=0 conv.initial_lr=0.0083 tta_val_acc=0.916
train_hparams run=2 interval=6 start_step=960 completed_steps=160 total_steps=3200 conv.initial_lr=0.014 conv.momentum=0.2
train_loss run=2 interval=6 step=961 loss=1.02842
train_loss run=2 interval=6 step=962 loss=1.11415
train_loss run=2 interval=6 step=963 loss=1.1171
train_loss run=2 interval=6 step=964 loss=1.09039
train_loss run=2 interval=6 step=965 loss=1.06284
train_loss run=2 interval=6 step=966 loss=1.04928
train_loss run=2 interval=6 step=967 loss=1.05065
train_loss run=2 interval=6 step=968 loss=1.12874
train_loss run=2 interval=6 step=969 loss=1.0261
train_loss run=2 interval=6 step=970 loss=1.10307
train_loss run=2 interval=6 step=971 loss=1.08772
train_loss run=2 interval=6 step=972 loss=1.0616
train_loss run=2 interval=6 step=973 loss=1.089
train_loss run=2 interval=6 step=974 loss=1.00658
train_loss run=2 interval=6 step=975 loss=1.09105
train_loss run=2 interval=6 step=976 loss=1.04704
train_loss run=2 interval=6 step=977 loss=1.07056
train_loss run=2 interval=6 step=978 loss=1.04767
train_loss run=2 interval=6 step=979 loss=1.00172
train_loss run=2 interval=6 step=980 loss=1.07425
train_loss run=2 interval=6 step=981 loss=1.0918
train_loss run=2 interval=6 step=982 loss=1.06437
train_loss run=2 interval=6 step=983 loss=1.12956
train_loss run=2 interval=6 step=984 loss=1.07588
train_loss run=2 interval=6 step=985 loss=1.05457
train_loss run=2 interval=6 step=986 loss=1.06788
train_loss run=2 interval=6 step=987 loss=1.09026
train_loss run=2 interval=6 step=988 loss=1.09954
train_loss run=2 interval=6 step=989 loss=1.15696
train_loss run=2 interval=6 step=990 loss=1.09395
train_loss run=2 interval=6 step=991 loss=1.07795
train_loss run=2 interval=6 step=992 loss=1.03421
train_loss run=2 interval=6 step=993 loss=1.08718
train_loss run=2 interval=6 step=994 loss=1.06692
train_loss run=2 interval=6 step=995 loss=1.03609
train_loss run=2 interval=6 step=996 loss=1.04982
train_loss run=2 interval=6 step=997 loss=1.03943
train_loss run=2 interval=6 step=998 loss=1.0708
train_loss run=2 interval=6 step=999 loss=1.02197
train_loss run=2 interval=6 step=1000 loss=1.12345
train_loss run=2 interval=6 step=1001 loss=1.07338
train_loss run=2 interval=6 step=1002 loss=1.11099
train_loss run=2 interval=6 step=1003 loss=1.02542
train_loss run=2 interval=6 step=1004 loss=1.08391
train_loss run=2 interval=6 step=1005 loss=1.13272
train_loss run=2 interval=6 step=1006 loss=1.10035
train_loss run=2 interval=6 step=1007 loss=1.07836
train_loss run=2 interval=6 step=1008 loss=1.05184
train_loss run=2 interval=6 step=1009 loss=1.02544
train_loss run=2 interval=6 step=1010 loss=1.10448
train_loss run=2 interval=6 step=1011 loss=1.08554
train_loss run=2 interval=6 step=1012 loss=1.05132
train_loss run=2 interval=6 step=1013 loss=1.04624
train_loss run=2 interval=6 step=1014 loss=1.08125
train_loss run=2 interval=6 step=1015 loss=1.04052
train_loss run=2 interval=6 step=1016 loss=1.04298
train_loss run=2 interval=6 step=1017 loss=1.09209
train_loss run=2 interval=6 step=1018 loss=1.02756
train_loss run=2 interval=6 step=1019 loss=1.09388
train_loss run=2 interval=6 step=1020 loss=1.03746
train_loss run=2 interval=6 step=1021 loss=1.12425
train_loss run=2 interval=6 step=1022 loss=1.09716
train_loss run=2 interval=6 step=1023 loss=1.03901
train_loss run=2 interval=6 step=1024 loss=1.0317
train_loss run=2 interval=6 step=1025 loss=1.09644
train_loss run=2 interval=6 step=1026 loss=1.0396
train_loss run=2 interval=6 step=1027 loss=1.0643
train_loss run=2 interval=6 step=1028 loss=1.0259
train_loss run=2 interval=6 step=1029 loss=1.05898
train_loss run=2 interval=6 step=1030 loss=1.05073
train_loss run=2 interval=6 step=1031 loss=1.02482
train_loss run=2 interval=6 step=1032 loss=1.06602
train_loss run=2 interval=6 step=1033 loss=1.03481
train_loss run=2 interval=6 step=1034 loss=1.05193
train_loss run=2 interval=6 step=1035 loss=1.07229
train_loss run=2 interval=6 step=1036 loss=1.08953
train_loss run=2 interval=6 step=1037 loss=1.09727
train_loss run=2 interval=6 step=1038 loss=1.01135
train_loss run=2 interval=6 step=1039 loss=1.01936
train_loss run=2 interval=6 step=1040 loss=1.10956
train_loss run=2 interval=6 step=1041 loss=1.03343
train_loss run=2 interval=6 step=1042 loss=1.03135
train_loss run=2 interval=6 step=1043 loss=1.10995
train_loss run=2 interval=6 step=1044 loss=1.04317
train_loss run=2 interval=6 step=1045 loss=1.09663
train_loss run=2 interval=6 step=1046 loss=1.07738
train_loss run=2 interval=6 step=1047 loss=1.03668
train_loss run=2 interval=6 step=1048 loss=1.03025
train_loss run=2 interval=6 step=1049 loss=1.15238
train_loss run=2 interval=6 step=1050 loss=1.13521
train_loss run=2 interval=6 step=1051 loss=1.06058
train_loss run=2 interval=6 step=1052 loss=1.06242
train_loss run=2 interval=6 step=1053 loss=1.07037
train_loss run=2 interval=6 step=1054 loss=1.04965
train_loss run=2 interval=6 step=1055 loss=1.04666
train_loss run=2 interval=6 step=1056 loss=1.13574
train_loss run=2 interval=6 step=1057 loss=1.05815
train_loss run=2 interval=6 step=1058 loss=1.06139
train_loss run=2 interval=6 step=1059 loss=1.09116
train_loss run=2 interval=6 step=1060 loss=1.10011
train_loss run=2 interval=6 step=1061 loss=1.02809
train_loss run=2 interval=6 step=1062 loss=0.999866
train_loss run=2 interval=6 step=1063 loss=1.05886
train_loss run=2 interval=6 step=1064 loss=1.12096
train_loss run=2 interval=6 step=1065 loss=1.10906
train_loss run=2 interval=6 step=1066 loss=1.02899
train_loss run=2 interval=6 step=1067 loss=1.12324
train_loss run=2 interval=6 step=1068 loss=1.08845
train_loss run=2 interval=6 step=1069 loss=1.09735
train_loss run=2 interval=6 step=1070 loss=1.12297
train_loss run=2 interval=6 step=1071 loss=1.02524
train_loss run=2 interval=6 step=1072 loss=1.02406
train_loss run=2 interval=6 step=1073 loss=1.0973
train_loss run=2 interval=6 step=1074 loss=1.07537
train_loss run=2 interval=6 step=1075 loss=1.03215
train_loss run=2 interval=6 step=1076 loss=1.04452
train_loss run=2 interval=6 step=1077 loss=1.04297
train_loss run=2 interval=6 step=1078 loss=1.05834
train_loss run=2 interval=6 step=1079 loss=1.05438
train_loss run=2 interval=6 step=1080 loss=1.03602
train_loss run=2 interval=6 step=1081 loss=1.07987
train_loss run=2 interval=6 step=1082 loss=1.07188
train_loss run=2 interval=6 step=1083 loss=1.1015
train_loss run=2 interval=6 step=1084 loss=1.05339
train_loss run=2 interval=6 step=1085 loss=0.995174
train_loss run=2 interval=6 step=1086 loss=1.05255
train_loss run=2 interval=6 step=1087 loss=1.02457
train_loss run=2 interval=6 step=1088 loss=1.03896
train_loss run=2 interval=6 step=1089 loss=1.05015
train_loss run=2 interval=6 step=1090 loss=1.03986
train_loss run=2 interval=6 step=1091 loss=1.13481
train_loss run=2 interval=6 step=1092 loss=1.07991
train_loss run=2 interval=6 step=1093 loss=1.06427
train_loss run=2 interval=6 step=1094 loss=1.06551
train_loss run=2 interval=6 step=1095 loss=1.03141
train_loss run=2 interval=6 step=1096 loss=1.12539
train_loss run=2 interval=6 step=1097 loss=1.06336
train_loss run=2 interval=6 step=1098 loss=1.06775
train_loss run=2 interval=6 step=1099 loss=1.00602
train_loss run=2 interval=6 step=1100 loss=1.06403
train_loss run=2 interval=6 step=1101 loss=1.07985
train_loss run=2 interval=6 step=1102 loss=1.05178
train_loss run=2 interval=6 step=1103 loss=1.03902
train_loss run=2 interval=6 step=1104 loss=1.05688
train_loss run=2 interval=6 step=1105 loss=1.0134
train_loss run=2 interval=6 step=1106 loss=1.09794
train_loss run=2 interval=6 step=1107 loss=1.05741
train_loss run=2 interval=6 step=1108 loss=1.08458
train_loss run=2 interval=6 step=1109 loss=1.06638
train_loss run=2 interval=6 step=1110 loss=1.04274
train_loss run=2 interval=6 step=1111 loss=1.01923
train_loss run=2 interval=6 step=1112 loss=1.08293
train_loss run=2 interval=6 step=1113 loss=1.11862
train_loss run=2 interval=6 step=1114 loss=1.00107
train_loss run=2 interval=6 step=1115 loss=1.07401
train_loss run=2 interval=6 step=1116 loss=1.11078
train_loss run=2 interval=6 step=1117 loss=1.0202
train_loss run=2 interval=6 step=1118 loss=1.0703
train_loss run=2 interval=6 step=1119 loss=1.07358
train_loss run=2 interval=6 step=1120 loss=1.07682
interval_boundary_eval run=2 interval=6 step=1120 total_steps=3200 tta_val_acc=0.9071
search run=2 interval=7 phase=baseline metric=tta_val_acc
main hparams: conv.initial_lr=0.014 conv.momentum=0.2 main=0.9137
search_path step=0 conv.initial_lr=0.014 conv.momentum=0.2 tta_val_acc=0.9137
search run=2 interval=7 phase=cooldown metric=tta_val_acc
main hparams: conv.initial_lr=0.014 conv.momentum=0.2
conv.initial_lr=0.0083 -> tta_val_acc=0.9214
conv.initial_lr=0.005 -> tta_val_acc=0.9229
conv.initial_lr=0.003 -> tta_val_acc=0.9225
search_path step=0 conv.initial_lr=0.0083 tta_val_acc=0.9214
search_path step=1 conv.initial_lr=0.005 tta_val_acc=0.9229
search run=2 interval=7 phase=main metric=tta_val_acc
cooldown hparams: conv.initial_lr=0.005
main hparams: conv.initial_lr=0.014 conv.momentum=0.2 best_cooldown=0.9229
main hparams: conv.initial_lr=0.0084 conv.momentum=0.2 best_cooldown=0.9216
main hparams: conv.initial_lr=0.023 conv.momentum=0.2 best_cooldown=0.9203
main hparams: conv.initial_lr=0.014 conv.momentum=0.1 best_cooldown=0.9229
main hparams: conv.initial_lr=0.014 conv.momentum=0 best_cooldown=0.9222
main hparams: conv.initial_lr=0.014 conv.momentum=0.3 best_cooldown=0.9224
search_path step=0 conv.initial_lr=0.014 conv.momentum=0.2 tta_val_acc=0.9229
train_hparams run=2 interval=7 start_step=1120 completed_steps=160 total_steps=3200 conv.initial_lr=0.014 conv.momentum=0.2
train_loss run=2 interval=7 step=1121 loss=1.05658
train_loss run=2 interval=7 step=1122 loss=1.11381
train_loss run=2 interval=7 step=1123 loss=1.03444
train_loss run=2 interval=7 step=1124 loss=1.07852
train_loss run=2 interval=7 step=1125 loss=1.01673
train_loss run=2 interval=7 step=1126 loss=1.08616
train_loss run=2 interval=7 step=1127 loss=1.03021
train_loss run=2 interval=7 step=1128 loss=1.05636
train_loss run=2 interval=7 step=1129 loss=1.0103
train_loss run=2 interval=7 step=1130 loss=1.03269
train_loss run=2 interval=7 step=1131 loss=1.03921
train_loss run=2 interval=7 step=1132 loss=1.06305
train_loss run=2 interval=7 step=1133 loss=1.11481
train_loss run=2 interval=7 step=1134 loss=1.1521
train_loss run=2 interval=7 step=1135 loss=1.03459
train_loss run=2 interval=7 step=1136 loss=1.08799
train_loss run=2 interval=7 step=1137 loss=1.0649
train_loss run=2 interval=7 step=1138 loss=1.1045
train_loss run=2 interval=7 step=1139 loss=1.03242
train_loss run=2 interval=7 step=1140 loss=1.03561
train_loss run=2 interval=7 step=1141 loss=1.09179
train_loss run=2 interval=7 step=1142 loss=1.05895
train_loss run=2 interval=7 step=1143 loss=1.09691
train_loss run=2 interval=7 step=1144 loss=1.10325
train_loss run=2 interval=7 step=1145 loss=1.02168
train_loss run=2 interval=7 step=1146 loss=1.02618
train_loss run=2 interval=7 step=1147 loss=1.0743
train_loss run=2 interval=7 step=1148 loss=0.999431
train_loss run=2 interval=7 step=1149 loss=1.04442
train_loss run=2 interval=7 step=1150 loss=1.03329
train_loss run=2 interval=7 step=1151 loss=1.05205
train_loss run=2 interval=7 step=1152 loss=1.01036
train_loss run=2 interval=7 step=1153 loss=1.02366
train_loss run=2 interval=7 step=1154 loss=1.10215
train_loss run=2 interval=7 step=1155 loss=1.03733
train_loss run=2 interval=7 step=1156 loss=1.04261
train_loss run=2 interval=7 step=1157 loss=1.0142
train_loss run=2 interval=7 step=1158 loss=1.16953
train_loss run=2 interval=7 step=1159 loss=1.10799
train_loss run=2 interval=7 step=1160 loss=1.11286
train_loss run=2 interval=7 step=1161 loss=1.06671
train_loss run=2 interval=7 step=1162 loss=1.08307
train_loss run=2 interval=7 step=1163 loss=1.00126
train_loss run=2 interval=7 step=1164 loss=1.05336
train_loss run=2 interval=7 step=1165 loss=1.05445
train_loss run=2 interval=7 step=1166 loss=1.03021
train_loss run=2 interval=7 step=1167 loss=1.08474
train_loss run=2 interval=7 step=1168 loss=1.02552
train_loss run=2 interval=7 step=1169 loss=1.08915
train_loss run=2 interval=7 step=1170 loss=1.09351
train_loss run=2 interval=7 step=1171 loss=1.10889
train_loss run=2 interval=7 step=1172 loss=1.1056
train_loss run=2 interval=7 step=1173 loss=1.02497
train_loss run=2 interval=7 step=1174 loss=1.03463
train_loss run=2 interval=7 step=1175 loss=1.06212
train_loss run=2 interval=7 step=1176 loss=1.02715
train_loss run=2 interval=7 step=1177 loss=1.051
train_loss run=2 interval=7 step=1178 loss=1.0686
train_loss run=2 interval=7 step=1179 loss=0.992278
train_loss run=2 interval=7 step=1180 loss=1.03844
train_loss run=2 interval=7 step=1181 loss=1.06671
train_loss run=2 interval=7 step=1182 loss=1.05492
train_loss run=2 interval=7 step=1183 loss=1.031
train_loss run=2 interval=7 step=1184 loss=1.02038
train_loss run=2 interval=7 step=1185 loss=1.07769
train_loss run=2 interval=7 step=1186 loss=1.05111
train_loss run=2 interval=7 step=1187 loss=1.08824
train_loss run=2 interval=7 step=1188 loss=1.04497
train_loss run=2 interval=7 step=1189 loss=1.07181
train_loss run=2 interval=7 step=1190 loss=1.0949
train_loss run=2 interval=7 step=1191 loss=1.12798
train_loss run=2 interval=7 step=1192 loss=1.05647
train_loss run=2 interval=7 step=1193 loss=1.07437
train_loss run=2 interval=7 step=1194 loss=1.07989
train_loss run=2 interval=7 step=1195 loss=1.07358
train_loss run=2 interval=7 step=1196 loss=1.00533
train_loss run=2 interval=7 step=1197 loss=1.04864
train_loss run=2 interval=7 step=1198 loss=1.10947
train_loss run=2 interval=7 step=1199 loss=1.04373
train_loss run=2 interval=7 step=1200 loss=1.03181
train_loss run=2 interval=7 step=1201 loss=1.00227
train_loss run=2 interval=7 step=1202 loss=1.00695
train_loss run=2 interval=7 step=1203 loss=1.07208
train_loss run=2 interval=7 step=1204 loss=1.01034
train_loss run=2 interval=7 step=1205 loss=0.960525
train_loss run=2 interval=7 step=1206 loss=1.08714
train_loss run=2 interval=7 step=1207 loss=1.01943
train_loss run=2 interval=7 step=1208 loss=1.04587
train_loss run=2 interval=7 step=1209 loss=0.992593
train_loss run=2 interval=7 step=1210 loss=1.04476
train_loss run=2 interval=7 step=1211 loss=1.01556
train_loss run=2 interval=7 step=1212 loss=1.04578
train_loss run=2 interval=7 step=1213 loss=1.05692
train_loss run=2 interval=7 step=1214 loss=1.0224
train_loss run=2 interval=7 step=1215 loss=1.00169
train_loss run=2 interval=7 step=1216 loss=1.07167
train_loss run=2 interval=7 step=1217 loss=1.01374
train_loss run=2 interval=7 step=1218 loss=1.03709
train_loss run=2 interval=7 step=1219 loss=1.00195
train_loss run=2 interval=7 step=1220 loss=1.01565
train_loss run=2 interval=7 step=1221 loss=1.04838
train_loss run=2 interval=7 step=1222 loss=1.03026
train_loss run=2 interval=7 step=1223 loss=1.05419
train_loss run=2 interval=7 step=1224 loss=1.0396
train_loss run=2 interval=7 step=1225 loss=1.00779
train_loss run=2 interval=7 step=1226 loss=1.04806
train_loss run=2 interval=7 step=1227 loss=1.01979
train_loss run=2 interval=7 step=1228 loss=1.02765
train_loss run=2 interval=7 step=1229 loss=1.01131
train_loss run=2 interval=7 step=1230 loss=0.995243
train_loss run=2 interval=7 step=1231 loss=0.997254
train_loss run=2 interval=7 step=1232 loss=1.01761
train_loss run=2 interval=7 step=1233 loss=1.01936
train_loss run=2 interval=7 step=1234 loss=1.00066
train_loss run=2 interval=7 step=1235 loss=1.05956
train_loss run=2 interval=7 step=1236 loss=0.974671
train_loss run=2 interval=7 step=1237 loss=1.01662
train_loss run=2 interval=7 step=1238 loss=0.975901
train_loss run=2 interval=7 step=1239 loss=0.980277
train_loss run=2 interval=7 step=1240 loss=1.0409
train_loss run=2 interval=7 step=1241 loss=1.03637
train_loss run=2 interval=7 step=1242 loss=0.993639
train_loss run=2 interval=7 step=1243 loss=1.09583
train_loss run=2 interval=7 step=1244 loss=0.956126
train_loss run=2 interval=7 step=1245 loss=1.0228
train_loss run=2 interval=7 step=1246 loss=0.999707
train_loss run=2 interval=7 step=1247 loss=1.01546
train_loss run=2 interval=7 step=1248 loss=1.01942
train_loss run=2 interval=7 step=1249 loss=1.02574
train_loss run=2 interval=7 step=1250 loss=1.00315
train_loss run=2 interval=7 step=1251 loss=0.969471
train_loss run=2 interval=7 step=1252 loss=1.01165
train_loss run=2 interval=7 step=1253 loss=1.07103
train_loss run=2 interval=7 step=1254 loss=1.01003
train_loss run=2 interval=7 step=1255 loss=0.991665
train_loss run=2 interval=7 step=1256 loss=1.06127
train_loss run=2 interval=7 step=1257 loss=1.00696
train_loss run=2 interval=7 step=1258 loss=1.01624
train_loss run=2 interval=7 step=1259 loss=1.04158
train_loss run=2 interval=7 step=1260 loss=1.08325
train_loss run=2 interval=7 step=1261 loss=0.964834
train_loss run=2 interval=7 step=1262 loss=1.01533
train_loss run=2 interval=7 step=1263 loss=1.02077
train_loss run=2 interval=7 step=1264 loss=1.03107
train_loss run=2 interval=7 step=1265 loss=1.01988
train_loss run=2 interval=7 step=1266 loss=0.994138
train_loss run=2 interval=7 step=1267 loss=1.00131
train_loss run=2 interval=7 step=1268 loss=1.00823
train_loss run=2 interval=7 step=1269 loss=0.994883
train_loss run=2 interval=7 step=1270 loss=1.01086
train_loss run=2 interval=7 step=1271 loss=0.962623
train_loss run=2 interval=7 step=1272 loss=1.0474
train_loss run=2 interval=7 step=1273 loss=1.03951
train_loss run=2 interval=7 step=1274 loss=0.987648
train_loss run=2 interval=7 step=1275 loss=0.979588
train_loss run=2 interval=7 step=1276 loss=1.0046
train_loss run=2 interval=7 step=1277 loss=1.01342
train_loss run=2 interval=7 step=1278 loss=1.03587
train_loss run=2 interval=7 step=1279 loss=1.01115
train_loss run=2 interval=7 step=1280 loss=0.97039
interval_boundary_eval run=2 interval=7 step=1280 total_steps=3200 tta_val_acc=0.9137
search run=2 interval=8 phase=baseline metric=tta_val_acc
main hparams: conv.initial_lr=0.014 conv.momentum=0.2 main=0.9188
search_path step=0 conv.initial_lr=0.014 conv.momentum=0.2 tta_val_acc=0.9188
search run=2 interval=8 phase=cooldown metric=tta_val_acc
main hparams: conv.initial_lr=0.014 conv.momentum=0.2
conv.initial_lr=0.005 -> tta_val_acc=0.9188
conv.initial_lr=0.003 -> tta_val_acc=0.9188
conv.initial_lr=0.0018 -> tta_val_acc=0.9191
conv.initial_lr=0.0011 -> tta_val_acc=0.9188
search_path step=0 conv.initial_lr=0.005 tta_val_acc=0.9188
search_path step=1 conv.initial_lr=0.0018 tta_val_acc=0.9191
search run=2 interval=8 phase=main metric=tta_val_acc
cooldown hparams: conv.initial_lr=0.0018
main hparams: conv.initial_lr=0.014 conv.momentum=0.2 best_cooldown=0.9191
main hparams: conv.initial_lr=0.0084 conv.momentum=0.2 best_cooldown=0.921
main hparams: conv.initial_lr=0.005 conv.momentum=0.2 best_cooldown=0.9205
main hparams: conv.initial_lr=0.0084 conv.momentum=0.1 best_cooldown=0.9207
main hparams: conv.initial_lr=0.0084 conv.momentum=0.3 best_cooldown=0.921
main hparams: conv.initial_lr=0.0084 conv.momentum=0.4 best_cooldown=0.9213
main hparams: conv.initial_lr=0.0084 conv.momentum=0.5 best_cooldown=0.9219
main hparams: conv.initial_lr=0.0084 conv.momentum=0.6 best_cooldown=0.9212
main hparams: conv.initial_lr=0.005 conv.momentum=0.5 best_cooldown=0.9218
main hparams: conv.initial_lr=0.014 conv.momentum=0.5 best_cooldown=0.92
search_path step=0 conv.initial_lr=0.014 conv.momentum=0.2 tta_val_acc=0.9191
search_path step=1 conv.initial_lr=0.0084 conv.momentum=0.2 tta_val_acc=0.921
search_path step=2 conv.initial_lr=0.0084 conv.momentum=0.5 tta_val_acc=0.9219
search run=2 interval=8 phase=cooldown metric=tta_val_acc
main hparams: conv.initial_lr=0.0084 conv.momentum=0.5
conv.initial_lr=0.0018 -> tta_val_acc=0.9219
conv.initial_lr=0.0011 -> tta_val_acc=0.9219
conv.initial_lr=0.00065 -> tta_val_acc=0.9213
conv.initial_lr=0.003 -> tta_val_acc=0.9211
search_path step=0 conv.initial_lr=0.0018 tta_val_acc=0.9219
train_hparams run=2 interval=8 start_step=1280 completed_steps=160 total_steps=3200 conv.initial_lr=0.0084 conv.momentum=0.5
train_loss run=2 interval=8 step=1281 loss=1.00297
train_loss run=2 interval=8 step=1282 loss=1.03969
train_loss run=2 interval=8 step=1283 loss=1.02648
train_loss run=2 interval=8 step=1284 loss=0.993387
train_loss run=2 interval=8 step=1285 loss=0.9908
train_loss run=2 interval=8 step=1286 loss=1.05188
train_loss run=2 interval=8 step=1287 loss=1.01429
train_loss run=2 interval=8 step=1288 loss=1.01044
train_loss run=2 interval=8 step=1289 loss=1.06923
train_loss run=2 interval=8 step=1290 loss=1.01879
train_loss run=2 interval=8 step=1291 loss=1.0275
train_loss run=2 interval=8 step=1292 loss=1.02794
train_loss run=2 interval=8 step=1293 loss=0.970905
train_loss run=2 interval=8 step=1294 loss=1.00276
train_loss run=2 interval=8 step=1295 loss=1.03175
train_loss run=2 interval=8 step=1296 loss=1.003
train_loss run=2 interval=8 step=1297 loss=1.02441
train_loss run=2 interval=8 step=1298 loss=1.00132
train_loss run=2 interval=8 step=1299 loss=1.0059
train_loss run=2 interval=8 step=1300 loss=1.05921
train_loss run=2 interval=8 step=1301 loss=1.0288
train_loss run=2 interval=8 step=1302 loss=1.06304
train_loss run=2 interval=8 step=1303 loss=1.0249
train_loss run=2 interval=8 step=1304 loss=1.01583
train_loss run=2 interval=8 step=1305 loss=0.979301
train_loss run=2 interval=8 step=1306 loss=1.03716
train_loss run=2 interval=8 step=1307 loss=1.0823
train_loss run=2 interval=8 step=1308 loss=1.03169
train_loss run=2 interval=8 step=1309 loss=0.985059
train_loss run=2 interval=8 step=1310 loss=0.99337
train_loss run=2 interval=8 step=1311 loss=0.990282
train_loss run=2 interval=8 step=1312 loss=0.965485
train_loss run=2 interval=8 step=1313 loss=1.02314
train_loss run=2 interval=8 step=1314 loss=1.08637
train_loss run=2 interval=8 step=1315 loss=1.02459
train_loss run=2 interval=8 step=1316 loss=0.97538
train_loss run=2 interval=8 step=1317 loss=1.00251
train_loss run=2 interval=8 step=1318 loss=0.952534
train_loss run=2 interval=8 step=1319 loss=1.01916
train_loss run=2 interval=8 step=1320 loss=1.03767
train_loss run=2 interval=8 step=1321 loss=1.046
train_loss run=2 interval=8 step=1322 loss=1.04276
train_loss run=2 interval=8 step=1323 loss=1.01215
train_loss run=2 interval=8 step=1324 loss=1.00993
train_loss run=2 interval=8 step=1325 loss=1.027
train_loss run=2 interval=8 step=1326 loss=1.06129
train_loss run=2 interval=8 step=1327 loss=1.05042
train_loss run=2 interval=8 step=1328 loss=1.01339
train_loss run=2 interval=8 step=1329 loss=1.04872
train_loss run=2 interval=8 step=1330 loss=1.00383
train_loss run=2 interval=8 step=1331 loss=1.05064
train_loss run=2 interval=8 step=1332 loss=1.0192
train_loss run=2 interval=8 step=1333 loss=1.01124
train_loss run=2 interval=8 step=1334 loss=0.992505
train_loss run=2 interval=8 step=1335 loss=1.05868
train_loss run=2 interval=8 step=1336 loss=0.9597
train_loss run=2 interval=8 step=1337 loss=1.01127
train_loss run=2 interval=8 step=1338 loss=1.01419
train_loss run=2 interval=8 step=1339 loss=0.990333
train_loss run=2 interval=8 step=1340 loss=0.994539
train_loss run=2 interval=8 step=1341 loss=1.01966
train_loss run=2 interval=8 step=1342 loss=1.03208
train_loss run=2 interval=8 step=1343 loss=1.00698
train_loss run=2 interval=8 step=1344 loss=0.996999
train_loss run=2 interval=8 step=1345 loss=1.01005
train_loss run=2 interval=8 step=1346 loss=0.990012
train_loss run=2 interval=8 step=1347 loss=1.05978
train_loss run=2 interval=8 step=1348 loss=1.04145
train_loss run=2 interval=8 step=1349 loss=1.04601
train_loss run=2 interval=8 step=1350 loss=1.01721
train_loss run=2 interval=8 step=1351 loss=1.03158
train_loss run=2 interval=8 step=1352 loss=1.02303
train_loss run=2 interval=8 step=1353 loss=1.06096
train_loss run=2 interval=8 step=1354 loss=1.02593
train_loss run=2 interval=8 step=1355 loss=1.01614
train_loss run=2 interval=8 step=1356 loss=1.00009
train_loss run=2 interval=8 step=1357 loss=1.02711
train_loss run=2 interval=8 step=1358 loss=1.05874
train_loss run=2 interval=8 step=1359 loss=1.01318
train_loss run=2 interval=8 step=1360 loss=1.03385
train_loss run=2 interval=8 step=1361 loss=1.05044
train_loss run=2 interval=8 step=1362 loss=1.01553
train_loss run=2 interval=8 step=1363 loss=1.01978
train_loss run=2 interval=8 step=1364 loss=1.02842
train_loss run=2 interval=8 step=1365 loss=0.970269
train_loss run=2 interval=8 step=1366 loss=1.00281
train_loss run=2 interval=8 step=1367 loss=0.965289
train_loss run=2 interval=8 step=1368 loss=1.00305
train_loss run=2 interval=8 step=1369 loss=1.00366
train_loss run=2 interval=8 step=1370 loss=0.994102
train_loss run=2 interval=8 step=1371 loss=1.02063
train_loss run=2 interval=8 step=1372 loss=1.03488
train_loss run=2 interval=8 step=1373 loss=0.987187
train_loss run=2 interval=8 step=1374 loss=1.00028
train_loss run=2 interval=8 step=1375 loss=0.987677
train_loss run=2 interval=8 step=1376 loss=1.02226
train_loss run=2 interval=8 step=1377 loss=0.998657
train_loss run=2 interval=8 step=1378 loss=1.04176
train_loss run=2 interval=8 step=1379 loss=0.98743
train_loss run=2 interval=8 step=1380 loss=1.04041
train_loss run=2 interval=8 step=1381 loss=0.995482
train_loss run=2 interval=8 step=1382 loss=1.07998
train_loss run=2 interval=8 step=1383 loss=0.983619
train_loss run=2 interval=8 step=1384 loss=0.984925
train_loss run=2 interval=8 step=1385 loss=0.993668
train_loss run=2 interval=8 step=1386 loss=1.04123
train_loss run=2 interval=8 step=1387 loss=1.00717
train_loss run=2 interval=8 step=1388 loss=1.12449
train_loss run=2 interval=8 step=1389 loss=1.01684
train_loss run=2 interval=8 step=1390 loss=1.00948
train_loss run=2 interval=8 step=1391 loss=0.957273
train_loss run=2 interval=8 step=1392 loss=1.0007
train_loss run=2 interval=8 step=1393 loss=1.02064
train_loss run=2 interval=8 step=1394 loss=1.00173
train_loss run=2 interval=8 step=1395 loss=1.05354
train_loss run=2 interval=8 step=1396 loss=0.98246
train_loss run=2 interval=8 step=1397 loss=1.00677
train_loss run=2 interval=8 step=1398 loss=0.983542
train_loss run=2 interval=8 step=1399 loss=1.00781
train_loss run=2 interval=8 step=1400 loss=1.08079
train_loss run=2 interval=8 step=1401 loss=1.01113
train_loss run=2 interval=8 step=1402 loss=0.993474
train_loss run=2 interval=8 step=1403 loss=1.02287
train_loss run=2 interval=8 step=1404 loss=1.02798
train_loss run=2 interval=8 step=1405 loss=1.00827
train_loss run=2 interval=8 step=1406 loss=1.01918
train_loss run=2 interval=8 step=1407 loss=1.01931
train_loss run=2 interval=8 step=1408 loss=1.04487
train_loss run=2 interval=8 step=1409 loss=0.996883
train_loss run=2 interval=8 step=1410 loss=0.953521
train_loss run=2 interval=8 step=1411 loss=1.00825
train_loss run=2 interval=8 step=1412 loss=0.990378
train_loss run=2 interval=8 step=1413 loss=0.984166
train_loss run=2 interval=8 step=1414 loss=1.02251
train_loss run=2 interval=8 step=1415 loss=1.01705
train_loss run=2 interval=8 step=1416 loss=0.98395
train_loss run=2 interval=8 step=1417 loss=0.969265
train_loss run=2 interval=8 step=1418 loss=1.01243
train_loss run=2 interval=8 step=1419 loss=1.00983
train_loss run=2 interval=8 step=1420 loss=0.97815
train_loss run=2 interval=8 step=1421 loss=1.04944
train_loss run=2 interval=8 step=1422 loss=1.00011
train_loss run=2 interval=8 step=1423 loss=0.98425
train_loss run=2 interval=8 step=1424 loss=1.00308
train_loss run=2 interval=8 step=1425 loss=1.02342
train_loss run=2 interval=8 step=1426 loss=1.03504
train_loss run=2 interval=8 step=1427 loss=1.04008
train_loss run=2 interval=8 step=1428 loss=0.968193
train_loss run=2 interval=8 step=1429 loss=1.02047
train_loss run=2 interval=8 step=1430 loss=1.0542
train_loss run=2 interval=8 step=1431 loss=0.988259
train_loss run=2 interval=8 step=1432 loss=1.04202
train_loss run=2 interval=8 step=1433 loss=1.03224
train_loss run=2 interval=8 step=1434 loss=1.0096
train_loss run=2 interval=8 step=1435 loss=1.01626
train_loss run=2 interval=8 step=1436 loss=0.999725
train_loss run=2 interval=8 step=1437 loss=1.02553
train_loss run=2 interval=8 step=1438 loss=1.01816
train_loss run=2 interval=8 step=1439 loss=1.00433
train_loss run=2 interval=8 step=1440 loss=1.00856
interval_boundary_eval run=2 interval=8 step=1440 total_steps=3200 tta_val_acc=0.9206
search run=2 interval=9 phase=baseline metric=tta_val_acc
main hparams: conv.initial_lr=0.0084 conv.momentum=0.5 main=0.9166
search_path step=0 conv.initial_lr=0.0084 conv.momentum=0.5 tta_val_acc=0.9166
search run=2 interval=9 phase=cooldown metric=tta_val_acc
main hparams: conv.initial_lr=0.0084 conv.momentum=0.5
conv.initial_lr=0.0018 -> tta_val_acc=0.9238
conv.initial_lr=0.0011 -> tta_val_acc=0.9236
conv.initial_lr=0.003 -> tta_val_acc=0.9237
search_path step=0 conv.initial_lr=0.0018 tta_val_acc=0.9238
search run=2 interval=9 phase=main metric=tta_val_acc
cooldown hparams: conv.initial_lr=0.0018
main hparams: conv.initial_lr=0.0084 conv.momentum=0.5 best_cooldown=0.9238
main hparams: conv.initial_lr=0.005 conv.momentum=0.5 best_cooldown=0.9242
main hparams: conv.initial_lr=0.003 conv.momentum=0.5 best_cooldown=0.9242
main hparams: conv.initial_lr=0.0018 conv.momentum=0.5 best_cooldown=0.9226
main hparams: conv.initial_lr=0.005 conv.momentum=0.4 best_cooldown=0.9246
main hparams: conv.initial_lr=0.005 conv.momentum=0.3 best_cooldown=0.9246
main hparams: conv.initial_lr=0.005 conv.momentum=0.2 best_cooldown=0.9242
main hparams: conv.initial_lr=0.003 conv.momentum=0.4 best_cooldown=0.9237
main hparams: conv.initial_lr=0.0083 conv.momentum=0.4 best_cooldown=0.9241
search_path step=0 conv.initial_lr=0.0084 conv.momentum=0.5 tta_val_acc=0.9238
search_path step=1 conv.initial_lr=0.005 conv.momentum=0.5 tta_val_acc=0.9242
search_path step=2 conv.initial_lr=0.005 conv.momentum=0.4 tta_val_acc=0.9246
search run=2 interval=9 phase=cooldown metric=tta_val_acc
main hparams: conv.initial_lr=0.005 conv.momentum=0.4
conv.initial_lr=0.0018 -> tta_val_acc=0.9246
conv.initial_lr=0.0011 -> tta_val_acc=0.9242
conv.initial_lr=0.003 -> tta_val_acc=0.924
search_path step=0 conv.initial_lr=0.0018 tta_val_acc=0.9246
train_hparams run=2 interval=9 start_step=1440 completed_steps=160 total_steps=3200 conv.initial_lr=0.005 conv.momentum=0.4
train_loss run=2 interval=9 step=1441 loss=1.01511
train_loss run=2 interval=9 step=1442 loss=1.03269
train_loss run=2 interval=9 step=1443 loss=0.999401
train_loss run=2 interval=9 step=1444 loss=1.04165
train_loss run=2 interval=9 step=1445 loss=0.962237
train_loss run=2 interval=9 step=1446 loss=0.981404
train_loss run=2 interval=9 step=1447 loss=1.04358
train_loss run=2 interval=9 step=1448 loss=0.982255
train_loss run=2 interval=9 step=1449 loss=1.00009
train_loss run=2 interval=9 step=1450 loss=1.00961
train_loss run=2 interval=9 step=1451 loss=0.986789
train_loss run=2 interval=9 step=1452 loss=1.07034
train_loss run=2 interval=9 step=1453 loss=1.0262
train_loss run=2 interval=9 step=1454 loss=0.98759
train_loss run=2 interval=9 step=1455 loss=1.01573
train_loss run=2 interval=9 step=1456 loss=0.956985
train_loss run=2 interval=9 step=1457 loss=0.995002
train_loss run=2 interval=9 step=1458 loss=1.01579
train_loss run=2 interval=9 step=1459 loss=1.05704
train_loss run=2 interval=9 step=1460 loss=1.01802
train_loss run=2 interval=9 step=1461 loss=0.987262
train_loss run=2 interval=9 step=1462 loss=1.01596
train_loss run=2 interval=9 step=1463 loss=1.01717
train_loss run=2 interval=9 step=1464 loss=1.00194
train_loss run=2 interval=9 step=1465 loss=1.0126
train_loss run=2 interval=9 step=1466 loss=0.993718
train_loss run=2 interval=9 step=1467 loss=0.996002
train_loss run=2 interval=9 step=1468 loss=0.963841
train_loss run=2 interval=9 step=1469 loss=0.97568
train_loss run=2 interval=9 step=1470 loss=1.02013
train_loss run=2 interval=9 step=1471 loss=1.00529
train_loss run=2 interval=9 step=1472 loss=0.990608
train_loss run=2 interval=9 step=1473 loss=0.996347
train_loss run=2 interval=9 step=1474 loss=0.984857
train_loss run=2 interval=9 step=1475 loss=1.03636
train_loss run=2 interval=9 step=1476 loss=1.02342
train_loss run=2 interval=9 step=1477 loss=1.02544
train_loss run=2 interval=9 step=1478 loss=0.999225
train_loss run=2 interval=9 step=1479 loss=1.01072
train_loss run=2 interval=9 step=1480 loss=1.00685
train_loss run=2 interval=9 step=1481 loss=1.04449
train_loss run=2 interval=9 step=1482 loss=0.999537
train_loss run=2 interval=9 step=1483 loss=1.01794
train_loss run=2 interval=9 step=1484 loss=0.99931
train_loss run=2 interval=9 step=1485 loss=0.987962
train_loss run=2 interval=9 step=1486 loss=1.02354
train_loss run=2 interval=9 step=1487 loss=0.989452
train_loss run=2 interval=9 step=1488 loss=0.982641
train_loss run=2 interval=9 step=1489 loss=0.992317
train_loss run=2 interval=9 step=1490 loss=1.04331
train_loss run=2 interval=9 step=1491 loss=1.00906
train_loss run=2 interval=9 step=1492 loss=1.00615
train_loss run=2 interval=9 step=1493 loss=1.07235
train_loss run=2 interval=9 step=1494 loss=0.991307
train_loss run=2 interval=9 step=1495 loss=1.02071
train_loss run=2 interval=9 step=1496 loss=0.97051
train_loss run=2 interval=9 step=1497 loss=0.959171
train_loss run=2 interval=9 step=1498 loss=1.01852
train_loss run=2 interval=9 step=1499 loss=1.06878
train_loss run=2 interval=9 step=1500 loss=1.02522
train_loss run=2 interval=9 step=1501 loss=1.00304
train_loss run=2 interval=9 step=1502 loss=1.00813
train_loss run=2 interval=9 step=1503 loss=1.02684
train_loss run=2 interval=9 step=1504 loss=1.00836
train_loss run=2 interval=9 step=1505 loss=1.06127
train_loss run=2 interval=9 step=1506 loss=1.00606
train_loss run=2 interval=9 step=1507 loss=1.0076
train_loss run=2 interval=9 step=1508 loss=1.03334
train_loss run=2 interval=9 step=1509 loss=0.987922
train_loss run=2 interval=9 step=1510 loss=0.967266
train_loss run=2 interval=9 step=1511 loss=1.04641
train_loss run=2 interval=9 step=1512 loss=1.08223
train_loss run=2 interval=9 step=1513 loss=1.00133
train_loss run=2 interval=9 step=1514 loss=1.0515
train_loss run=2 interval=9 step=1515 loss=1.02477
train_loss run=2 interval=9 step=1516 loss=1.07285
train_loss run=2 interval=9 step=1517 loss=0.999451
train_loss run=2 interval=9 step=1518 loss=1.02434
train_loss run=2 interval=9 step=1519 loss=0.985401
train_loss run=2 interval=9 step=1520 loss=0.980967
train_loss run=2 interval=9 step=1521 loss=1.01733
train_loss run=2 interval=9 step=1522 loss=0.975679
train_loss run=2 interval=9 step=1523 loss=1.01103
train_loss run=2 interval=9 step=1524 loss=1.0101
train_loss run=2 interval=9 step=1525 loss=0.993038
train_loss run=2 interval=9 step=1526 loss=0.988028
train_loss run=2 interval=9 step=1527 loss=0.950973
train_loss run=2 interval=9 step=1528 loss=1.01514
train_loss run=2 interval=9 step=1529 loss=1.05197
train_loss run=2 interval=9 step=1530 loss=1.02808
train_loss run=2 interval=9 step=1531 loss=1.02427
train_loss run=2 interval=9 step=1532 loss=0.97179
train_loss run=2 interval=9 step=1533 loss=0.978136
train_loss run=2 interval=9 step=1534 loss=1.03269
train_loss run=2 interval=9 step=1535 loss=1.00827
train_loss run=2 interval=9 step=1536 loss=1.01572
train_loss run=2 interval=9 step=1537 loss=1.00412
train_loss run=2 interval=9 step=1538 loss=1.01384
train_loss run=2 interval=9 step=1539 loss=1.02578
train_loss run=2 interval=9 step=1540 loss=0.97058
train_loss run=2 interval=9 step=1541 loss=1.01209
train_loss run=2 interval=9 step=1542 loss=0.994799
train_loss run=2 interval=9 step=1543 loss=1.0408
train_loss run=2 interval=9 step=1544 loss=1.0078
train_loss run=2 interval=9 step=1545 loss=1.0198
train_loss run=2 interval=9 step=1546 loss=1.01818
train_loss run=2 interval=9 step=1547 loss=0.989661
train_loss run=2 interval=9 step=1548 loss=0.985278
train_loss run=2 interval=9 step=1549 loss=1.00288
train_loss run=2 interval=9 step=1550 loss=1.04249
train_loss run=2 interval=9 step=1551 loss=0.997788
train_loss run=2 interval=9 step=1552 loss=1.0508
train_loss run=2 interval=9 step=1553 loss=0.968597
train_loss run=2 interval=9 step=1554 loss=1.03802
train_loss run=2 interval=9 step=1555 loss=1.0058
train_loss run=2 interval=9 step=1556 loss=1.03056
train_loss run=2 interval=9 step=1557 loss=1.0019
train_loss run=2 interval=9 step=1558 loss=1.022
train_loss run=2 interval=9 step=1559 loss=1.00676
train_loss run=2 interval=9 step=1560 loss=0.979798
train_loss run=2 interval=9 step=1561 loss=0.989336
train_loss run=2 interval=9 step=1562 loss=0.998091
train_loss run=2 interval=9 step=1563 loss=1.00898
train_loss run=2 interval=9 step=1564 loss=1.07346
train_loss run=2 interval=9 step=1565 loss=0.998977
train_loss run=2 interval=9 step=1566 loss=1.03427
train_loss run=2 interval=9 step=1567 loss=1.00919
train_loss run=2 interval=9 step=1568 loss=0.975661
train_loss run=2 interval=9 step=1569 loss=1.02876
train_loss run=2 interval=9 step=1570 loss=1.05868
train_loss run=2 interval=9 step=1571 loss=1.01684
train_loss run=2 interval=9 step=1572 loss=1.0393
train_loss run=2 interval=9 step=1573 loss=1.00588
train_loss run=2 interval=9 step=1574 loss=1.00597
train_loss run=2 interval=9 step=1575 loss=1.04345
train_loss run=2 interval=9 step=1576 loss=1.00017
train_loss run=2 interval=9 step=1577 loss=0.971149
train_loss run=2 interval=9 step=1578 loss=0.985878
train_loss run=2 interval=9 step=1579 loss=0.974868
train_loss run=2 interval=9 step=1580 loss=0.99425
train_loss run=2 interval=9 step=1581 loss=0.991292
train_loss run=2 interval=9 step=1582 loss=1.01003
train_loss run=2 interval=9 step=1583 loss=1.00999
train_loss run=2 interval=9 step=1584 loss=1.02616
train_loss run=2 interval=9 step=1585 loss=1.00549
train_loss run=2 interval=9 step=1586 loss=0.993103
train_loss run=2 interval=9 step=1587 loss=0.961162
train_loss run=2 interval=9 step=1588 loss=0.997334
train_loss run=2 interval=9 step=1589 loss=1.00718
train_loss run=2 interval=9 step=1590 loss=1.00048
train_loss run=2 interval=9 step=1591 loss=1.0513
train_loss run=2 interval=9 step=1592 loss=1.04924
train_loss run=2 interval=9 step=1593 loss=1.07245
train_loss run=2 interval=9 step=1594 loss=0.978235
train_loss run=2 interval=9 step=1595 loss=0.983848
train_loss run=2 interval=9 step=1596 loss=1.05759
train_loss run=2 interval=9 step=1597 loss=1.00448
train_loss run=2 interval=9 step=1598 loss=1.00868
train_loss run=2 interval=9 step=1599 loss=1.00769
train_loss run=2 interval=9 step=1600 loss=0.945131
interval_boundary_eval run=2 interval=9 step=1600 total_steps=3200 tta_val_acc=0.9197
search run=2 interval=10 phase=baseline metric=tta_val_acc
main hparams: conv.initial_lr=0.005 conv.momentum=0.4 main=0.9232
search_path step=0 conv.initial_lr=0.005 conv.momentum=0.4 tta_val_acc=0.9232
search run=2 interval=10 phase=cooldown metric=tta_val_acc
main hparams: conv.initial_lr=0.005 conv.momentum=0.4
conv.initial_lr=0.0018 -> tta_val_acc=0.9261
conv.initial_lr=0.0011 -> tta_val_acc=0.9255
conv.initial_lr=0.003 -> tta_val_acc=0.9253
search_path step=0 conv.initial_lr=0.0018 tta_val_acc=0.9261
search run=2 interval=10 phase=main metric=tta_val_acc
cooldown hparams: conv.initial_lr=0.0018
main hparams: conv.initial_lr=0.005 conv.momentum=0.4 best_cooldown=0.9261
main hparams: conv.initial_lr=0.003 conv.momentum=0.4 best_cooldown=0.9257
main hparams: conv.initial_lr=0.0083 conv.momentum=0.4 best_cooldown=0.9249
main hparams: conv.initial_lr=0.005 conv.momentum=0.3 best_cooldown=0.9257
main hparams: conv.initial_lr=0.005 conv.momentum=0.5 best_cooldown=0.926
search_path step=0 conv.initial_lr=0.005 conv.momentum=0.4 tta_val_acc=0.9261
train_hparams run=2 interval=10 start_step=1600 completed_steps=160 total_steps=3200 conv.initial_lr=0.005 conv.momentum=0.4
train_loss run=2 interval=10 step=1601 loss=0.996646
train_loss run=2 interval=10 step=1602 loss=1.02154
train_loss run=2 interval=10 step=1603 loss=0.96922
train_loss run=2 interval=10 step=1604 loss=0.968083
train_loss run=2 interval=10 step=1605 loss=0.989036
train_loss run=2 interval=10 step=1606 loss=1.00107
train_loss run=2 interval=10 step=1607 loss=0.973043
train_loss run=2 interval=10 step=1608 loss=1.03776
train_loss run=2 interval=10 step=1609 loss=1.01461
train_loss run=2 interval=10 step=1610 loss=1.00822
train_loss run=2 interval=10 step=1611 loss=0.935509
train_loss run=2 interval=10 step=1612 loss=0.9909
train_loss run=2 interval=10 step=1613 loss=0.986686
train_loss run=2 interval=10 step=1614 loss=0.963125
train_loss run=2 interval=10 step=1615 loss=0.989358
train_loss run=2 interval=10 step=1616 loss=0.961682
train_loss run=2 interval=10 step=1617 loss=0.951885
train_loss run=2 interval=10 step=1618 loss=0.953853
train_loss run=2 interval=10 step=1619 loss=0.976782
train_loss run=2 interval=10 step=1620 loss=0.964196
train_loss run=2 interval=10 step=1621 loss=0.997114
train_loss run=2 interval=10 step=1622 loss=0.989527
train_loss run=2 interval=10 step=1623 loss=0.944992
train_loss run=2 interval=10 step=1624 loss=1.03051
train_loss run=2 interval=10 step=1625 loss=0.942511
train_loss run=2 interval=10 step=1626 loss=0.988933
train_loss run=2 interval=10 step=1627 loss=0.99389
train_loss run=2 interval=10 step=1628 loss=1.00312
train_loss run=2 interval=10 step=1629 loss=0.997321
train_loss run=2 interval=10 step=1630 loss=0.998687
train_loss run=2 interval=10 step=1631 loss=1.06313
train_loss run=2 interval=10 step=1632 loss=0.987146
train_loss run=2 interval=10 step=1633 loss=0.973438
train_loss run=2 interval=10 step=1634 loss=0.973466
train_loss run=2 interval=10 step=1635 loss=0.98802
train_loss run=2 interval=10 step=1636 loss=0.939077
train_loss run=2 interval=10 step=1637 loss=1.00785
train_loss run=2 interval=10 step=1638 loss=1.02326
train_loss run=2 interval=10 step=1639 loss=0.974737
train_loss run=2 interval=10 step=1640 loss=0.965474
train_loss run=2 interval=10 step=1641 loss=1.00372
train_loss run=2 interval=10 step=1642 loss=0.969245
train_loss run=2 interval=10 step=1643 loss=0.994896
train_loss run=2 interval=10 step=1644 loss=0.970693
train_loss run=2 interval=10 step=1645 loss=0.979451
train_loss run=2 interval=10 step=1646 loss=1.00496
train_loss run=2 interval=10 step=1647 loss=0.982345
train_loss run=2 interval=10 step=1648 loss=0.975448
train_loss run=2 interval=10 step=1649 loss=0.965133
train_loss run=2 interval=10 step=1650 loss=0.998382
train_loss run=2 interval=10 step=1651 loss=0.999603
train_loss run=2 interval=10 step=1652 loss=0.975843
train_loss run=2 interval=10 step=1653 loss=1.0149
train_loss run=2 interval=10 step=1654 loss=0.973173
train_loss run=2 interval=10 step=1655 loss=0.991804
train_loss run=2 interval=10 step=1656 loss=0.992804
train_loss run=2 interval=10 step=1657 loss=0.977053
train_loss run=2 interval=10 step=1658 loss=1.03544
train_loss run=2 interval=10 step=1659 loss=0.993286
train_loss run=2 interval=10 step=1660 loss=0.99487
train_loss run=2 interval=10 step=1661 loss=0.965977
train_loss run=2 interval=10 step=1662 loss=0.993052
train_loss run=2 interval=10 step=1663 loss=0.947822
train_loss run=2 interval=10 step=1664 loss=0.967987
train_loss run=2 interval=10 step=1665 loss=0.934097
train_loss run=2 interval=10 step=1666 loss=0.9815
train_loss run=2 interval=10 step=1667 loss=0.981721
train_loss run=2 interval=10 step=1668 loss=0.965219
train_loss run=2 interval=10 step=1669 loss=1.02293
train_loss run=2 interval=10 step=1670 loss=1.02025
train_loss run=2 interval=10 step=1671 loss=0.97666
train_loss run=2 interval=10 step=1672 loss=0.987669
train_loss run=2 interval=10 step=1673 loss=0.997479
train_loss run=2 interval=10 step=1674 loss=0.981847
train_loss run=2 interval=10 step=1675 loss=0.990697
train_loss run=2 interval=10 step=1676 loss=0.966716
train_loss run=2 interval=10 step=1677 loss=0.968756
train_loss run=2 interval=10 step=1678 loss=1.00701
train_loss run=2 interval=10 step=1679 loss=1.02258
train_loss run=2 interval=10 step=1680 loss=0.962585
train_loss run=2 interval=10 step=1681 loss=0.978628
train_loss run=2 interval=10 step=1682 loss=0.987941
train_loss run=2 interval=10 step=1683 loss=1.02325
train_loss run=2 interval=10 step=1684 loss=1.00346
train_loss run=2 interval=10 step=1685 loss=1.04485
train_loss run=2 interval=10 step=1686 loss=1.00526
train_loss run=2 interval=10 step=1687 loss=1.01407
train_loss run=2 interval=10 step=1688 loss=0.946053
train_loss run=2 interval=10 step=1689 loss=0.96568
train_loss run=2 interval=10 step=1690 loss=1.06304
train_loss run=2 interval=10 step=1691 loss=0.976556
train_loss run=2 interval=10 step=1692 loss=0.986279
train_loss run=2 interval=10 step=1693 loss=0.982944
train_loss run=2 interval=10 step=1694 loss=1.06673
train_loss run=2 interval=10 step=1695 loss=0.988354
train_loss run=2 interval=10 step=1696 loss=0.978734
train_loss run=2 interval=10 step=1697 loss=1.00439
train_loss run=2 interval=10 step=1698 loss=1.03683
train_loss run=2 interval=10 step=1699 loss=0.975733
train_loss run=2 interval=10 step=1700 loss=0.981316
train_loss run=2 interval=10 step=1701 loss=0.999572
train_loss run=2 interval=10 step=1702 loss=0.971063
train_loss run=2 interval=10 step=1703 loss=1.00526
train_loss run=2 interval=10 step=1704 loss=0.994355
train_loss run=2 interval=10 step=1705 loss=0.983224
train_loss run=2 interval=10 step=1706 loss=0.98291
train_loss run=2 interval=10 step=1707 loss=0.979151
train_loss run=2 interval=10 step=1708 loss=0.932811
train_loss run=2 interval=10 step=1709 loss=0.96061
train_loss run=2 interval=10 step=1710 loss=0.998047
train_loss run=2 interval=10 step=1711 loss=0.97335
train_loss run=2 interval=10 step=1712 loss=1.0153
train_loss run=2 interval=10 step=1713 loss=0.96031
train_loss run=2 interval=10 step=1714 loss=0.926071
train_loss run=2 interval=10 step=1715 loss=0.994597
train_loss run=2 interval=10 step=1716 loss=1.01555
train_loss run=2 interval=10 step=1717 loss=0.991121
train_loss run=2 interval=10 step=1718 loss=0.973979
train_loss run=2 interval=10 step=1719 loss=0.989593
train_loss run=2 interval=10 step=1720 loss=0.950181
train_loss run=2 interval=10 step=1721 loss=1.07463
train_loss run=2 interval=10 step=1722 loss=0.947444
train_loss run=2 interval=10 step=1723 loss=1.06701
train_loss run=2 interval=10 step=1724 loss=0.984522
train_loss run=2 interval=10 step=1725 loss=0.988315
train_loss run=2 interval=10 step=1726 loss=0.978976
train_loss run=2 interval=10 step=1727 loss=1.00108
train_loss run=2 interval=10 step=1728 loss=0.962176
train_loss run=2 interval=10 step=1729 loss=0.98549
train_loss run=2 interval=10 step=1730 loss=0.968714
train_loss run=2 interval=10 step=1731 loss=0.972431
train_loss run=2 interval=10 step=1732 loss=1.0182
train_loss run=2 interval=10 step=1733 loss=0.976805
train_loss run=2 interval=10 step=1734 loss=1.00941
train_loss run=2 interval=10 step=1735 loss=1.01032
train_loss run=2 interval=10 step=1736 loss=0.993956
train_loss run=2 interval=10 step=1737 loss=1.00508
train_loss run=2 interval=10 step=1738 loss=0.991883
train_loss run=2 interval=10 step=1739 loss=0.976711
train_loss run=2 interval=10 step=1740 loss=1.02098
train_loss run=2 interval=10 step=1741 loss=0.992743
train_loss run=2 interval=10 step=1742 loss=0.979026
train_loss run=2 interval=10 step=1743 loss=0.983368
train_loss run=2 interval=10 step=1744 loss=0.980721
train_loss run=2 interval=10 step=1745 loss=0.994226
train_loss run=2 interval=10 step=1746 loss=0.999932
train_loss run=2 interval=10 step=1747 loss=0.99811
train_loss run=2 interval=10 step=1748 loss=0.950454
train_loss run=2 interval=10 step=1749 loss=0.98444
train_loss run=2 interval=10 step=1750 loss=1.07196
train_loss run=2 interval=10 step=1751 loss=0.976412
train_loss run=2 interval=10 step=1752 loss=1.0054
train_loss run=2 interval=10 step=1753 loss=0.958062
train_loss run=2 interval=10 step=1754 loss=1.01527
train_loss run=2 interval=10 step=1755 loss=0.973317
train_loss run=2 interval=10 step=1756 loss=0.97983
train_loss run=2 interval=10 step=1757 loss=0.965019
train_loss run=2 interval=10 step=1758 loss=0.96677
train_loss run=2 interval=10 step=1759 loss=0.969807
train_loss run=2 interval=10 step=1760 loss=0.977998
interval_boundary_eval run=2 interval=10 step=1760 total_steps=3200 tta_val_acc=0.9232
search run=2 interval=11 phase=baseline metric=tta_val_acc
main hparams: conv.initial_lr=0.005 conv.momentum=0.4 main=0.9243
search_path step=0 conv.initial_lr=0.005 conv.momentum=0.4 tta_val_acc=0.9243
search run=2 interval=11 phase=cooldown metric=tta_val_acc
main hparams: conv.initial_lr=0.005 conv.momentum=0.4
conv.initial_lr=0.0018 -> tta_val_acc=0.9256
conv.initial_lr=0.0011 -> tta_val_acc=0.926
conv.initial_lr=0.00065 -> tta_val_acc=0.9262
conv.initial_lr=0.00039 -> tta_val_acc=0.9264
conv.initial_lr=0.00023 -> tta_val_acc=0.9261
search_path step=0 conv.initial_lr=0.0018 tta_val_acc=0.9256
search_path step=1 conv.initial_lr=0.00039 tta_val_acc=0.9264
search run=2 interval=11 phase=main metric=tta_val_acc
cooldown hparams: conv.initial_lr=0.00039
main hparams: conv.initial_lr=0.005 conv.momentum=0.4 best_cooldown=0.9264
main hparams: conv.initial_lr=0.003 conv.momentum=0.4 best_cooldown=0.9255
main hparams: conv.initial_lr=0.0083 conv.momentum=0.4 best_cooldown=0.9262
main hparams: conv.initial_lr=0.005 conv.momentum=0.3 best_cooldown=0.9261
main hparams: conv.initial_lr=0.005 conv.momentum=0.5 best_cooldown=0.9265
main hparams: conv.initial_lr=0.005 conv.momentum=0.6 best_cooldown=0.9263
main hparams: conv.initial_lr=0.003 conv.momentum=0.5 best_cooldown=0.9255
main hparams: conv.initial_lr=0.0083 conv.momentum=0.5 best_cooldown=0.9262
search_path step=0 conv.initial_lr=0.005 conv.momentum=0.4 tta_val_acc=0.9264
search_path step=1 conv.initial_lr=0.005 conv.momentum=0.5 tta_val_acc=0.9265
search run=2 interval=11 phase=cooldown metric=tta_val_acc
main hparams: conv.initial_lr=0.005 conv.momentum=0.5
conv.initial_lr=0.00039 -> tta_val_acc=0.9265
conv.initial_lr=0.00023 -> tta_val_acc=0.9263
conv.initial_lr=0.00065 -> tta_val_acc=0.9267
conv.initial_lr=0.0011 -> tta_val_acc=0.9264
search_path step=0 conv.initial_lr=0.00039 tta_val_acc=0.9265
search_path step=1 conv.initial_lr=0.00065 tta_val_acc=0.9267
search run=2 interval=11 phase=main metric=tta_val_acc
cooldown hparams: conv.initial_lr=0.00065
main hparams: conv.initial_lr=0.005 conv.momentum=0.5 best_cooldown=0.9267
main hparams: conv.initial_lr=0.003 conv.momentum=0.5 best_cooldown=0.9258
main hparams: conv.initial_lr=0.0083 conv.momentum=0.5 best_cooldown=0.9262
main hparams: conv.initial_lr=0.005 conv.momentum=0.4 best_cooldown=0.9262
main hparams: conv.initial_lr=0.005 conv.momentum=0.6 best_cooldown=0.926
search_path step=0 conv.initial_lr=0.005 conv.momentum=0.5 tta_val_acc=0.9267
train_hparams run=2 interval=11 start_step=1760 completed_steps=160 total_steps=3200 conv.initial_lr=0.005 conv.momentum=0.5
train_loss run=2 interval=11 step=1761 loss=0.996374
train_loss run=2 interval=11 step=1762 loss=1.02265
train_loss run=2 interval=11 step=1763 loss=1.0304
train_loss run=2 interval=11 step=1764 loss=0.996806
train_loss run=2 interval=11 step=1765 loss=0.96872
train_loss run=2 interval=11 step=1766 loss=0.95356
train_loss run=2 interval=11 step=1767 loss=0.994452
train_loss run=2 interval=11 step=1768 loss=0.964893
train_loss run=2 interval=11 step=1769 loss=1.01191
train_loss run=2 interval=11 step=1770 loss=0.970761
train_loss run=2 interval=11 step=1771 loss=0.993014
train_loss run=2 interval=11 step=1772 loss=0.975617
train_loss run=2 interval=11 step=1773 loss=0.979464
train_loss run=2 interval=11 step=1774 loss=0.968159
train_loss run=2 interval=11 step=1775 loss=1.00244
train_loss run=2 interval=11 step=1776 loss=1.0589
train_loss run=2 interval=11 step=1777 loss=0.966097
train_loss run=2 interval=11 step=1778 loss=0.969863
train_loss run=2 interval=11 step=1779 loss=0.97932
train_loss run=2 interval=11 step=1780 loss=0.96418
train_loss run=2 interval=11 step=1781 loss=0.985483
train_loss run=2 interval=11 step=1782 loss=0.95492
train_loss run=2 interval=11 step=1783 loss=0.982572
train_loss run=2 interval=11 step=1784 loss=0.989685
train_loss run=2 interval=11 step=1785 loss=0.994471
train_loss run=2 interval=11 step=1786 loss=1.01023
train_loss run=2 interval=11 step=1787 loss=0.986958
train_loss run=2 interval=11 step=1788 loss=0.952321
train_loss run=2 interval=11 step=1789 loss=0.967088
train_loss run=2 interval=11 step=1790 loss=0.927938
train_loss run=2 interval=11 step=1791 loss=1.01365
train_loss run=2 interval=11 step=1792 loss=0.977252
train_loss run=2 interval=11 step=1793 loss=0.979639
train_loss run=2 interval=11 step=1794 loss=0.974514
train_loss run=2 interval=11 step=1795 loss=0.977918
train_loss run=2 interval=11 step=1796 loss=0.963233
train_loss run=2 interval=11 step=1797 loss=0.978004
train_loss run=2 interval=11 step=1798 loss=0.972058
train_loss run=2 interval=11 step=1799 loss=0.994294
train_loss run=2 interval=11 step=1800 loss=0.977942
train_loss run=2 interval=11 step=1801 loss=1.01693
train_loss run=2 interval=11 step=1802 loss=1.0038
train_loss run=2 interval=11 step=1803 loss=1.01468
train_loss run=2 interval=11 step=1804 loss=1.00235
train_loss run=2 interval=11 step=1805 loss=0.977962
train_loss run=2 interval=11 step=1806 loss=1.04877
train_loss run=2 interval=11 step=1807 loss=0.96899
train_loss run=2 interval=11 step=1808 loss=0.942757
train_loss run=2 interval=11 step=1809 loss=0.982216
train_loss run=2 interval=11 step=1810 loss=0.981693
train_loss run=2 interval=11 step=1811 loss=1.02503
train_loss run=2 interval=11 step=1812 loss=0.965593
train_loss run=2 interval=11 step=1813 loss=0.967896
train_loss run=2 interval=11 step=1814 loss=0.961276
train_loss run=2 interval=11 step=1815 loss=1.01182
train_loss run=2 interval=11 step=1816 loss=1.00163
train_loss run=2 interval=11 step=1817 loss=0.955203
train_loss run=2 interval=11 step=1818 loss=0.984028
train_loss run=2 interval=11 step=1819 loss=1.00512
train_loss run=2 interval=11 step=1820 loss=0.999976
train_loss run=2 interval=11 step=1821 loss=0.967066
train_loss run=2 interval=11 step=1822 loss=0.97022
train_loss run=2 interval=11 step=1823 loss=1.00901
train_loss run=2 interval=11 step=1824 loss=1.00669
train_loss run=2 interval=11 step=1825 loss=0.974028
train_loss run=2 interval=11 step=1826 loss=0.964531
train_loss run=2 interval=11 step=1827 loss=0.991553
train_loss run=2 interval=11 step=1828 loss=0.954872
train_loss run=2 interval=11 step=1829 loss=0.936481
train_loss run=2 interval=11 step=1830 loss=0.990339
train_loss run=2 interval=11 step=1831 loss=0.963677
train_loss run=2 interval=11 step=1832 loss=0.979263
train_loss run=2 interval=11 step=1833 loss=1.00168
train_loss run=2 interval=11 step=1834 loss=0.974426
train_loss run=2 interval=11 step=1835 loss=1.00212
train_loss run=2 interval=11 step=1836 loss=0.99994
train_loss run=2 interval=11 step=1837 loss=0.98762
train_loss run=2 interval=11 step=1838 loss=0.990997
train_loss run=2 interval=11 step=1839 loss=0.93536
train_loss run=2 interval=11 step=1840 loss=1.02432
train_loss run=2 interval=11 step=1841 loss=0.948269
train_loss run=2 interval=11 step=1842 loss=0.988285
train_loss run=2 interval=11 step=1843 loss=0.954719
train_loss run=2 interval=11 step=1844 loss=0.943047
train_loss run=2 interval=11 step=1845 loss=1.00251
train_loss run=2 interval=11 step=1846 loss=1.03839
train_loss run=2 interval=11 step=1847 loss=0.98737
train_loss run=2 interval=11 step=1848 loss=1.00266
train_loss run=2 interval=11 step=1849 loss=0.997681
train_loss run=2 interval=11 step=1850 loss=0.961223
train_loss run=2 interval=11 step=1851 loss=1.02078
train_loss run=2 interval=11 step=1852 loss=1.03339
train_loss run=2 interval=11 step=1853 loss=1.03578
train_loss run=2 interval=11 step=1854 loss=0.969041
train_loss run=2 interval=11 step=1855 loss=0.951755
train_loss run=2 interval=11 step=1856 loss=0.992253
train_loss run=2 interval=11 step=1857 loss=0.98068
train_loss run=2 interval=11 step=1858 loss=0.998898
train_loss run=2 interval=11 step=1859 loss=1.00003
train_loss run=2 interval=11 step=1860 loss=0.966253
train_loss run=2 interval=11 step=1861 loss=0.979258
train_loss run=2 interval=11 step=1862 loss=0.991247
train_loss run=2 interval=11 step=1863 loss=0.970163
train_loss run=2 interval=11 step=1864 loss=0.960703
train_loss run=2 interval=11 step=1865 loss=1.03115
train_loss run=2 interval=11 step=1866 loss=0.961776
train_loss run=2 interval=11 step=1867 loss=0.989819
train_loss run=2 interval=11 step=1868 loss=1.00586
train_loss run=2 interval=11 step=1869 loss=1.00294
train_loss run=2 interval=11 step=1870 loss=0.986349
train_loss run=2 interval=11 step=1871 loss=0.974272
train_loss run=2 interval=11 step=1872 loss=1.00717
train_loss run=2 interval=11 step=1873 loss=0.981642
train_loss run=2 interval=11 step=1874 loss=0.958395
train_loss run=2 interval=11 step=1875 loss=0.932083
train_loss run=2 interval=11 step=1876 loss=0.945504
train_loss run=2 interval=11 step=1877 loss=0.987518
train_loss run=2 interval=11 step=1878 loss=0.999451
train_loss run=2 interval=11 step=1879 loss=0.962778
train_loss run=2 interval=11 step=1880 loss=1.01763
train_loss run=2 interval=11 step=1881 loss=0.939751
train_loss run=2 interval=11 step=1882 loss=0.978614
train_loss run=2 interval=11 step=1883 loss=0.970267
train_loss run=2 interval=11 step=1884 loss=0.950777
train_loss run=2 interval=11 step=1885 loss=0.994076
train_loss run=2 interval=11 step=1886 loss=1.00096
train_loss run=2 interval=11 step=1887 loss=0.945336
train_loss run=2 interval=11 step=1888 loss=0.968896
train_loss run=2 interval=11 step=1889 loss=0.960434
train_loss run=2 interval=11 step=1890 loss=0.994632
train_loss run=2 interval=11 step=1891 loss=0.946202
train_loss run=2 interval=11 step=1892 loss=0.958824
train_loss run=2 interval=11 step=1893 loss=1.01922
train_loss run=2 interval=11 step=1894 loss=1.04282
train_loss run=2 interval=11 step=1895 loss=1.00952
train_loss run=2 interval=11 step=1896 loss=0.961291
train_loss run=2 interval=11 step=1897 loss=0.955378
train_loss run=2 interval=11 step=1898 loss=1.02591
train_loss run=2 interval=11 step=1899 loss=1.02209
train_loss run=2 interval=11 step=1900 loss=0.997398
train_loss run=2 interval=11 step=1901 loss=1.04332
train_loss run=2 interval=11 step=1902 loss=0.970822
train_loss run=2 interval=11 step=1903 loss=0.953938
train_loss run=2 interval=11 step=1904 loss=0.98581
train_loss run=2 interval=11 step=1905 loss=0.962158
train_loss run=2 interval=11 step=1906 loss=1.00333
train_loss run=2 interval=11 step=1907 loss=0.948187
train_loss run=2 interval=11 step=1908 loss=0.969519
train_loss run=2 interval=11 step=1909 loss=1.02247
train_loss run=2 interval=11 step=1910 loss=0.968207
train_loss run=2 interval=11 step=1911 loss=0.955642
train_loss run=2 interval=11 step=1912 loss=0.953311
train_loss run=2 interval=11 step=1913 loss=0.991181
train_loss run=2 interval=11 step=1914 loss=0.986236
train_loss run=2 interval=11 step=1915 loss=0.972848
train_loss run=2 interval=11 step=1916 loss=0.955417
train_loss run=2 interval=11 step=1917 loss=0.984403
train_loss run=2 interval=11 step=1918 loss=0.971548
train_loss run=2 interval=11 step=1919 loss=1.01823
train_loss run=2 interval=11 step=1920 loss=0.97389
interval_boundary_eval run=2 interval=11 step=1920 total_steps=3200 tta_val_acc=0.9246
search run=2 interval=12 phase=baseline metric=tta_val_acc
main hparams: conv.initial_lr=0.005 conv.momentum=0.5 main=0.9259
search_path step=0 conv.initial_lr=0.005 conv.momentum=0.5 tta_val_acc=0.9259
search run=2 interval=12 phase=cooldown metric=tta_val_acc
main hparams: conv.initial_lr=0.005 conv.momentum=0.5
conv.initial_lr=0.00065 -> tta_val_acc=0.9266
conv.initial_lr=0.00039 -> tta_val_acc=0.9258
conv.initial_lr=0.0011 -> tta_val_acc=0.9271
conv.initial_lr=0.0018 -> tta_val_acc=0.9267
conv.initial_lr=0.00066 -> tta_val_acc=0.9265
search_path step=0 conv.initial_lr=0.00065 tta_val_acc=0.9266
search_path step=1 conv.initial_lr=0.0011 tta_val_acc=0.9271
search run=2 interval=12 phase=main metric=tta_val_acc
cooldown hparams: conv.initial_lr=0.0011
main hparams: conv.initial_lr=0.005 conv.momentum=0.5 best_cooldown=0.9271
main hparams: conv.initial_lr=0.003 conv.momentum=0.5 best_cooldown=0.9269
main hparams: conv.initial_lr=0.0083 conv.momentum=0.5 best_cooldown=0.9263
main hparams: conv.initial_lr=0.005 conv.momentum=0.4 best_cooldown=0.9271
main hparams: conv.initial_lr=0.005 conv.momentum=0.3 best_cooldown=0.9269
main hparams: conv.initial_lr=0.005 conv.momentum=0.6 best_cooldown=0.9269
search_path step=0 conv.initial_lr=0.005 conv.momentum=0.5 tta_val_acc=0.9271
train_hparams run=2 interval=12 start_step=1920 completed_steps=160 total_steps=3200 conv.initial_lr=0.005 conv.momentum=0.5
train_loss run=2 interval=12 step=1921 loss=0.994693
train_loss run=2 interval=12 step=1922 loss=0.988858
train_loss run=2 interval=12 step=1923 loss=0.992175
train_loss run=2 interval=12 step=1924 loss=0.981492
train_loss run=2 interval=12 step=1925 loss=0.965299
train_loss run=2 interval=12 step=1926 loss=0.943891
train_loss run=2 interval=12 step=1927 loss=0.982097
train_loss run=2 interval=12 step=1928 loss=0.964503
train_loss run=2 interval=12 step=1929 loss=0.953479
train_loss run=2 interval=12 step=1930 loss=0.987759
train_loss run=2 interval=12 step=1931 loss=0.965349
train_loss run=2 interval=12 step=1932 loss=0.963889
train_loss run=2 interval=12 step=1933 loss=0.962359
train_loss run=2 interval=12 step=1934 loss=0.989819
train_loss run=2 interval=12 step=1935 loss=0.979645
train_loss run=2 interval=12 step=1936 loss=0.990395
train_loss run=2 interval=12 step=1937 loss=1.02289
train_loss run=2 interval=12 step=1938 loss=0.991273
train_loss run=2 interval=12 step=1939 loss=0.987114
train_loss run=2 interval=12 step=1940 loss=1.0374
train_loss run=2 interval=12 step=1941 loss=0.979278
train_loss run=2 interval=12 step=1942 loss=0.939324
train_loss run=2 interval=12 step=1943 loss=0.973536
train_loss run=2 interval=12 step=1944 loss=0.9664
train_loss run=2 interval=12 step=1945 loss=0.973432
train_loss run=2 interval=12 step=1946 loss=0.946061
train_loss run=2 interval=12 step=1947 loss=0.961932
train_loss run=2 interval=12 step=1948 loss=0.963363
train_loss run=2 interval=12 step=1949 loss=1.07723
train_loss run=2 interval=12 step=1950 loss=1.01418
train_loss run=2 interval=12 step=1951 loss=1.00108
train_loss run=2 interval=12 step=1952 loss=0.992567
train_loss run=2 interval=12 step=1953 loss=0.997545
train_loss run=2 interval=12 step=1954 loss=0.97357
train_loss run=2 interval=12 step=1955 loss=0.950937
train_loss run=2 interval=12 step=1956 loss=1.0141
train_loss run=2 interval=12 step=1957 loss=0.990791
train_loss run=2 interval=12 step=1958 loss=0.999621
train_loss run=2 interval=12 step=1959 loss=0.941197
train_loss run=2 interval=12 step=1960 loss=0.985139
train_loss run=2 interval=12 step=1961 loss=0.947121
train_loss run=2 interval=12 step=1962 loss=0.967282
train_loss run=2 interval=12 step=1963 loss=0.963488
train_loss run=2 interval=12 step=1964 loss=0.978204
train_loss run=2 interval=12 step=1965 loss=0.998047
train_loss run=2 interval=12 step=1966 loss=0.979123
train_loss run=2 interval=12 step=1967 loss=0.95298
train_loss run=2 interval=12 step=1968 loss=0.995937
train_loss run=2 interval=12 step=1969 loss=0.988654
train_loss run=2 interval=12 step=1970 loss=1.00638
train_loss run=2 interval=12 step=1971 loss=1.02961
train_loss run=2 interval=12 step=1972 loss=1.06375
train_loss run=2 interval=12 step=1973 loss=0.963291
train_loss run=2 interval=12 step=1974 loss=1.00279
train_loss run=2 interval=12 step=1975 loss=1.0108
train_loss run=2 interval=12 step=1976 loss=0.983792
train_loss run=2 interval=12 step=1977 loss=0.947361
train_loss run=2 interval=12 step=1978 loss=1.04725
train_loss run=2 interval=12 step=1979 loss=1.03388
train_loss run=2 interval=12 step=1980 loss=0.961884
train_loss run=2 interval=12 step=1981 loss=0.970379
train_loss run=2 interval=12 step=1982 loss=1.04311
train_loss run=2 interval=12 step=1983 loss=1.01355
train_loss run=2 interval=12 step=1984 loss=1.05754
train_loss run=2 interval=12 step=1985 loss=0.97406
train_loss run=2 interval=12 step=1986 loss=0.932668
train_loss run=2 interval=12 step=1987 loss=0.948621
train_loss run=2 interval=12 step=1988 loss=0.969783
train_loss run=2 interval=12 step=1989 loss=0.939602
train_loss run=2 interval=12 step=1990 loss=0.931297
train_loss run=2 interval=12 step=1991 loss=0.9591
train_loss run=2 interval=12 step=1992 loss=0.952835
train_loss run=2 interval=12 step=1993 loss=0.953388
train_loss run=2 interval=12 step=1994 loss=0.986703
train_loss run=2 interval=12 step=1995 loss=0.957052
train_loss run=2 interval=12 step=1996 loss=0.940975
train_loss run=2 interval=12 step=1997 loss=1.04072
train_loss run=2 interval=12 step=1998 loss=0.963384
train_loss run=2 interval=12 step=1999 loss=0.961649
train_loss run=2 interval=12 step=2000 loss=0.95703
train_loss run=2 interval=12 step=2001 loss=0.981463
train_loss run=2 interval=12 step=2002 loss=0.978888
train_loss run=2 interval=12 step=2003 loss=0.924771
train_loss run=2 interval=12 step=2004 loss=0.93182
train_loss run=2 interval=12 step=2005 loss=0.996956
train_loss run=2 interval=12 step=2006 loss=0.973412
train_loss run=2 interval=12 step=2007 loss=0.947552
train_loss run=2 interval=12 step=2008 loss=0.999939
train_loss run=2 interval=12 step=2009 loss=0.931078
train_loss run=2 interval=12 step=2010 loss=0.973374
train_loss run=2 interval=12 step=2011 loss=0.942604
train_loss run=2 interval=12 step=2012 loss=0.972823
train_loss run=2 interval=12 step=2013 loss=1.01605
train_loss run=2 interval=12 step=2014 loss=0.959269
train_loss run=2 interval=12 step=2015 loss=1.00602
train_loss run=2 interval=12 step=2016 loss=0.954447
train_loss run=2 interval=12 step=2017 loss=0.986078
train_loss run=2 interval=12 step=2018 loss=0.972234
train_loss run=2 interval=12 step=2019 loss=0.971781
train_loss run=2 interval=12 step=2020 loss=0.946477
train_loss run=2 interval=12 step=2021 loss=0.994333
train_loss run=2 interval=12 step=2022 loss=0.969117
train_loss run=2 interval=12 step=2023 loss=0.940534
train_loss run=2 interval=12 step=2024 loss=0.925593
train_loss run=2 interval=12 step=2025 loss=0.978775
train_loss run=2 interval=12 step=2026 loss=0.970504
train_loss run=2 interval=12 step=2027 loss=0.970561
train_loss run=2 interval=12 step=2028 loss=0.944029
train_loss run=2 interval=12 step=2029 loss=0.981477
train_loss run=2 interval=12 step=2030 loss=0.936955
train_loss run=2 interval=12 step=2031 loss=0.96464
train_loss run=2 interval=12 step=2032 loss=0.921162
train_loss run=2 interval=12 step=2033 loss=0.957069
train_loss run=2 interval=12 step=2034 loss=0.911683
train_loss run=2 interval=12 step=2035 loss=0.981854
train_loss run=2 interval=12 step=2036 loss=0.966739
train_loss run=2 interval=12 step=2037 loss=0.954076
train_loss run=2 interval=12 step=2038 loss=0.971488
train_loss run=2 interval=12 step=2039 loss=0.93968
train_loss run=2 interval=12 step=2040 loss=0.973846
train_loss run=2 interval=12 step=2041 loss=0.948302
train_loss run=2 interval=12 step=2042 loss=0.953493
train_loss run=2 interval=12 step=2043 loss=0.991913
train_loss run=2 interval=12 step=2044 loss=0.969934
train_loss run=2 interval=12 step=2045 loss=0.97786
train_loss run=2 interval=12 step=2046 loss=0.982468
train_loss run=2 interval=12 step=2047 loss=0.994604
train_loss run=2 interval=12 step=2048 loss=0.975136
train_loss run=2 interval=12 step=2049 loss=0.967593
train_loss run=2 interval=12 step=2050 loss=1.04126
train_loss run=2 interval=12 step=2051 loss=1.01386
train_loss run=2 interval=12 step=2052 loss=0.958245
train_loss run=2 interval=12 step=2053 loss=1.00565
train_loss run=2 interval=12 step=2054 loss=0.920764
train_loss run=2 interval=12 step=2055 loss=0.953419
train_loss run=2 interval=12 step=2056 loss=0.948478
train_loss run=2 interval=12 step=2057 loss=0.984942
train_loss run=2 interval=12 step=2058 loss=0.940705
train_loss run=2 interval=12 step=2059 loss=0.97203
train_loss run=2 interval=12 step=2060 loss=1.00685
train_loss run=2 interval=12 step=2061 loss=0.934813
train_loss run=2 interval=12 step=2062 loss=0.945697
train_loss run=2 interval=12 step=2063 loss=0.962346
train_loss run=2 interval=12 step=2064 loss=0.960192
train_loss run=2 interval=12 step=2065 loss=0.978936
train_loss run=2 interval=12 step=2066 loss=0.985253
train_loss run=2 interval=12 step=2067 loss=0.95474
train_loss run=2 interval=12 step=2068 loss=0.97343
train_loss run=2 interval=12 step=2069 loss=0.958817
train_loss run=2 interval=12 step=2070 loss=0.963315
train_loss run=2 interval=12 step=2071 loss=0.969171
train_loss run=2 interval=12 step=2072 loss=0.937981
train_loss run=2 interval=12 step=2073 loss=0.956418
train_loss run=2 interval=12 step=2074 loss=0.988116
train_loss run=2 interval=12 step=2075 loss=0.948917
train_loss run=2 interval=12 step=2076 loss=0.974234
train_loss run=2 interval=12 step=2077 loss=0.961742
train_loss run=2 interval=12 step=2078 loss=0.977674
train_loss run=2 interval=12 step=2079 loss=0.95338
train_loss run=2 interval=12 step=2080 loss=0.988932
interval_boundary_eval run=2 interval=12 step=2080 total_steps=3200 tta_val_acc=0.9259
search run=2 interval=13 phase=baseline metric=tta_val_acc
main hparams: conv.initial_lr=0.005 conv.momentum=0.5 main=0.9274
search_path step=0 conv.initial_lr=0.005 conv.momentum=0.5 tta_val_acc=0.9274
search run=2 interval=13 phase=cooldown metric=tta_val_acc
main hparams: conv.initial_lr=0.005 conv.momentum=0.5
conv.initial_lr=0.0011 -> tta_val_acc=0.9273
conv.initial_lr=0.00066 -> tta_val_acc=0.9265
conv.initial_lr=0.0018 -> tta_val_acc=0.9287
conv.initial_lr=0.0031 -> tta_val_acc=0.9284
conv.initial_lr=0.003 -> tta_val_acc=0.9281
search_path step=0 conv.initial_lr=0.0011 tta_val_acc=0.9273
search_path step=1 conv.initial_lr=0.0018 tta_val_acc=0.9287
search run=2 interval=13 phase=main metric=tta_val_acc
cooldown hparams: conv.initial_lr=0.0018
main hparams: conv.initial_lr=0.005 conv.momentum=0.5 best_cooldown=0.9287
main hparams: conv.initial_lr=0.003 conv.momentum=0.5 best_cooldown=0.9283
main hparams: conv.initial_lr=0.0083 conv.momentum=0.5 best_cooldown=0.9279
main hparams: conv.initial_lr=0.005 conv.momentum=0.4 best_cooldown=0.9279
main hparams: conv.initial_lr=0.005 conv.momentum=0.6 best_cooldown=0.9281
search_path step=0 conv.initial_lr=0.005 conv.momentum=0.5 tta_val_acc=0.9287
train_hparams run=2 interval=13 start_step=2080 completed_steps=160 total_steps=3200 conv.initial_lr=0.005 conv.momentum=0.5
train_loss run=2 interval=13 step=2081 loss=0.999249
train_loss run=2 interval=13 step=2082 loss=0.942744
train_loss run=2 interval=13 step=2083 loss=1.00962
train_loss run=2 interval=13 step=2084 loss=0.94601
train_loss run=2 interval=13 step=2085 loss=0.963727
train_loss run=2 interval=13 step=2086 loss=0.985147
train_loss run=2 interval=13 step=2087 loss=0.96616
train_loss run=2 interval=13 step=2088 loss=0.945764
train_loss run=2 interval=13 step=2089 loss=0.982201
train_loss run=2 interval=13 step=2090 loss=0.969276
train_loss run=2 interval=13 step=2091 loss=0.984053
train_loss run=2 interval=13 step=2092 loss=0.960193
train_loss run=2 interval=13 step=2093 loss=0.974316
train_loss run=2 interval=13 step=2094 loss=0.971886
train_loss run=2 interval=13 step=2095 loss=0.936296
train_loss run=2 interval=13 step=2096 loss=0.970385
train_loss run=2 interval=13 step=2097 loss=0.92034
train_loss run=2 interval=13 step=2098 loss=0.999551
train_loss run=2 interval=13 step=2099 loss=0.957874
train_loss run=2 interval=13 step=2100 loss=0.959946
train_loss run=2 interval=13 step=2101 loss=0.953732
train_loss run=2 interval=13 step=2102 loss=0.959355
train_loss run=2 interval=13 step=2103 loss=0.962793
train_loss run=2 interval=13 step=2104 loss=0.981389
train_loss run=2 interval=13 step=2105 loss=0.996867
train_loss run=2 interval=13 step=2106 loss=1.02071
train_loss run=2 interval=13 step=2107 loss=0.967005
train_loss run=2 interval=13 step=2108 loss=0.991579
train_loss run=2 interval=13 step=2109 loss=0.987545
train_loss run=2 interval=13 step=2110 loss=0.970229
train_loss run=2 interval=13 step=2111 loss=0.978585
train_loss run=2 interval=13 step=2112 loss=0.939341
train_loss run=2 interval=13 step=2113 loss=0.952306
train_loss run=2 interval=13 step=2114 loss=0.946652
train_loss run=2 interval=13 step=2115 loss=0.968856
train_loss run=2 interval=13 step=2116 loss=0.925083
train_loss run=2 interval=13 step=2117 loss=0.960024
train_loss run=2 interval=13 step=2118 loss=1.00056
train_loss run=2 interval=13 step=2119 loss=0.916291
train_loss run=2 interval=13 step=2120 loss=1.00796
train_loss run=2 interval=13 step=2121 loss=1.0001
train_loss run=2 interval=13 step=2122 loss=0.976408
train_loss run=2 interval=13 step=2123 loss=0.986429
train_loss run=2 interval=13 step=2124 loss=0.960403
train_loss run=2 interval=13 step=2125 loss=1.0031
train_loss run=2 interval=13 step=2126 loss=0.96794
train_loss run=2 interval=13 step=2127 loss=0.947654
train_loss run=2 interval=13 step=2128 loss=0.964838
train_loss run=2 interval=13 step=2129 loss=0.967534
train_loss run=2 interval=13 step=2130 loss=0.96029
train_loss run=2 interval=13 step=2131 loss=0.970114
train_loss run=2 interval=13 step=2132 loss=0.933182
train_loss run=2 interval=13 step=2133 loss=0.973909
train_loss run=2 interval=13 step=2134 loss=0.971643
train_loss run=2 interval=13 step=2135 loss=0.928927
train_loss run=2 interval=13 step=2136 loss=0.958118
train_loss run=2 interval=13 step=2137 loss=0.924188
train_loss run=2 interval=13 step=2138 loss=0.962068
train_loss run=2 interval=13 step=2139 loss=0.949587
train_loss run=2 interval=13 step=2140 loss=0.960917
train_loss run=2 interval=13 step=2141 loss=0.945446
train_loss run=2 interval=13 step=2142 loss=0.990264
train_loss run=2 interval=13 step=2143 loss=0.97961
train_loss run=2 interval=13 step=2144 loss=0.955463
train_loss run=2 interval=13 step=2145 loss=0.972973
train_loss run=2 interval=13 step=2146 loss=0.995967
train_loss run=2 interval=13 step=2147 loss=0.953996
train_loss run=2 interval=13 step=2148 loss=0.989216
train_loss run=2 interval=13 step=2149 loss=0.952199
train_loss run=2 interval=13 step=2150 loss=0.937226
train_loss run=2 interval=13 step=2151 loss=0.950665
train_loss run=2 interval=13 step=2152 loss=0.965133
train_loss run=2 interval=13 step=2153 loss=0.973715
train_loss run=2 interval=13 step=2154 loss=0.951421
train_loss run=2 interval=13 step=2155 loss=0.966322
train_loss run=2 interval=13 step=2156 loss=0.9684
train_loss run=2 interval=13 step=2157 loss=0.963612
train_loss run=2 interval=13 step=2158 loss=0.965163
train_loss run=2 interval=13 step=2159 loss=0.935672
train_loss run=2 interval=13 step=2160 loss=0.940833
train_loss run=2 interval=13 step=2161 loss=0.959908
train_loss run=2 interval=13 step=2162 loss=0.97504
train_loss run=2 interval=13 step=2163 loss=1.01457
train_loss run=2 interval=13 step=2164 loss=0.947397
train_loss run=2 interval=13 step=2165 loss=0.978405
train_loss run=2 interval=13 step=2166 loss=0.961161
train_loss run=2 interval=13 step=2167 loss=0.914142
train_loss run=2 interval=13 step=2168 loss=0.935175
train_loss run=2 interval=13 step=2169 loss=0.977713
train_loss run=2 interval=13 step=2170 loss=0.977268
train_loss run=2 interval=13 step=2171 loss=0.949968
train_loss run=2 interval=13 step=2172 loss=0.935421
train_loss run=2 interval=13 step=2173 loss=0.981261
train_loss run=2 interval=13 step=2174 loss=0.953532
train_loss run=2 interval=13 step=2175 loss=0.955614
train_loss run=2 interval=13 step=2176 loss=0.998067
train_loss run=2 interval=13 step=2177 loss=0.974686
train_loss run=2 interval=13 step=2178 loss=0.997373
train_loss run=2 interval=13 step=2179 loss=0.988411
train_loss run=2 interval=13 step=2180 loss=0.982123
train_loss run=2 interval=13 step=2181 loss=0.976567
train_loss run=2 interval=13 step=2182 loss=0.948277
train_loss run=2 interval=13 step=2183 loss=0.953135
train_loss run=2 interval=13 step=2184 loss=0.937518
train_loss run=2 interval=13 step=2185 loss=0.998862
train_loss run=2 interval=13 step=2186 loss=1.00169
train_loss run=2 interval=13 step=2187 loss=0.931122
train_loss run=2 interval=13 step=2188 loss=0.98026
train_loss run=2 interval=13 step=2189 loss=0.977694
train_loss run=2 interval=13 step=2190 loss=0.983206
train_loss run=2 interval=13 step=2191 loss=0.966934
train_loss run=2 interval=13 step=2192 loss=0.953436
train_loss run=2 interval=13 step=2193 loss=0.938796
train_loss run=2 interval=13 step=2194 loss=0.944861
train_loss run=2 interval=13 step=2195 loss=0.978873
train_loss run=2 interval=13 step=2196 loss=0.945987
train_loss run=2 interval=13 step=2197 loss=0.965823
train_loss run=2 interval=13 step=2198 loss=0.976565
train_loss run=2 interval=13 step=2199 loss=0.940383
train_loss run=2 interval=13 step=2200 loss=1.00099
train_loss run=2 interval=13 step=2201 loss=0.931791
train_loss run=2 interval=13 step=2202 loss=0.978126
train_loss run=2 interval=13 step=2203 loss=0.928655
train_loss run=2 interval=13 step=2204 loss=0.951192
train_loss run=2 interval=13 step=2205 loss=0.95923
train_loss run=2 interval=13 step=2206 loss=0.961197
train_loss run=2 interval=13 step=2207 loss=0.965099
train_loss run=2 interval=13 step=2208 loss=0.963799
train_loss run=2 interval=13 step=2209 loss=0.95844
train_loss run=2 interval=13 step=2210 loss=0.985041
train_loss run=2 interval=13 step=2211 loss=0.961744
train_loss run=2 interval=13 step=2212 loss=0.939043
train_loss run=2 interval=13 step=2213 loss=0.968859
train_loss run=2 interval=13 step=2214 loss=0.936162
train_loss run=2 interval=13 step=2215 loss=0.987135
train_loss run=2 interval=13 step=2216 loss=0.929558
train_loss run=2 interval=13 step=2217 loss=0.961217
train_loss run=2 interval=13 step=2218 loss=0.970343
train_loss run=2 interval=13 step=2219 loss=0.941391
train_loss run=2 interval=13 step=2220 loss=1.00332
train_loss run=2 interval=13 step=2221 loss=0.952049
train_loss run=2 interval=13 step=2222 loss=0.976993
train_loss run=2 interval=13 step=2223 loss=0.949452
train_loss run=2 interval=13 step=2224 loss=0.951592
train_loss run=2 interval=13 step=2225 loss=0.981452
train_loss run=2 interval=13 step=2226 loss=0.951542
train_loss run=2 interval=13 step=2227 loss=1.00382
train_loss run=2 interval=13 step=2228 loss=0.94701
train_loss run=2 interval=13 step=2229 loss=0.950412
train_loss run=2 interval=13 step=2230 loss=0.968491
train_loss run=2 interval=13 step=2231 loss=0.960059
train_loss run=2 interval=13 step=2232 loss=0.972753
train_loss run=2 interval=13 step=2233 loss=0.95541
train_loss run=2 interval=13 step=2234 loss=0.968065
train_loss run=2 interval=13 step=2235 loss=0.94713
train_loss run=2 interval=13 step=2236 loss=0.963864
train_loss run=2 interval=13 step=2237 loss=0.956149
train_loss run=2 interval=13 step=2238 loss=0.962279
train_loss run=2 interval=13 step=2239 loss=1.01762
train_loss run=2 interval=13 step=2240 loss=0.943183
interval_boundary_eval run=2 interval=13 step=2240 total_steps=3200 tta_val_acc=0.9274
search run=2 interval=14 phase=baseline metric=tta_val_acc
main hparams: conv.initial_lr=0.005 conv.momentum=0.5 main=0.9273
search_path step=0 conv.initial_lr=0.005 conv.momentum=0.5 tta_val_acc=0.9273
search run=2 interval=14 phase=cooldown metric=tta_val_acc
main hparams: conv.initial_lr=0.005 conv.momentum=0.5
conv.initial_lr=0.0018 -> tta_val_acc=0.9309
conv.initial_lr=0.0011 -> tta_val_acc=0.9316
conv.initial_lr=0.00065 -> tta_val_acc=0.9314
conv.initial_lr=0.00066 -> tta_val_acc=0.9314
search_path step=0 conv.initial_lr=0.0018 tta_val_acc=0.9309
search_path step=1 conv.initial_lr=0.0011 tta_val_acc=0.9316
search run=2 interval=14 phase=main metric=tta_val_acc
cooldown hparams: conv.initial_lr=0.0011
main hparams: conv.initial_lr=0.005 conv.momentum=0.5 best_cooldown=0.9316
main hparams: conv.initial_lr=0.003 conv.momentum=0.5 best_cooldown=0.9313
main hparams: conv.initial_lr=0.0083 conv.momentum=0.5 best_cooldown=0.9299
main hparams: conv.initial_lr=0.005 conv.momentum=0.4 best_cooldown=0.9316
main hparams: conv.initial_lr=0.005 conv.momentum=0.3 best_cooldown=0.9312
main hparams: conv.initial_lr=0.005 conv.momentum=0.6 best_cooldown=0.9309
search_path step=0 conv.initial_lr=0.005 conv.momentum=0.5 tta_val_acc=0.9316
train_hparams run=2 interval=14 start_step=2240 completed_steps=160 total_steps=3200 conv.initial_lr=0.005 conv.momentum=0.5
train_loss run=2 interval=14 step=2241 loss=0.979462
train_loss run=2 interval=14 step=2242 loss=0.988033
train_loss run=2 interval=14 step=2243 loss=0.97246
train_loss run=2 interval=14 step=2244 loss=0.959619
train_loss run=2 interval=14 step=2245 loss=0.963958
train_loss run=2 interval=14 step=2246 loss=0.963427
train_loss run=2 interval=14 step=2247 loss=0.92754
train_loss run=2 interval=14 step=2248 loss=0.986727
train_loss run=2 interval=14 step=2249 loss=0.923406
train_loss run=2 interval=14 step=2250 loss=0.968806
train_loss run=2 interval=14 step=2251 loss=0.973716
train_loss run=2 interval=14 step=2252 loss=0.965898
train_loss run=2 interval=14 step=2253 loss=0.935956
train_loss run=2 interval=14 step=2254 loss=0.92732
train_loss run=2 interval=14 step=2255 loss=0.927045
train_loss run=2 interval=14 step=2256 loss=0.950109
train_loss run=2 interval=14 step=2257 loss=1.01512
train_loss run=2 interval=14 step=2258 loss=1.01282
train_loss run=2 interval=14 step=2259 loss=0.937473
train_loss run=2 interval=14 step=2260 loss=0.954419
train_loss run=2 interval=14 step=2261 loss=0.959493
train_loss run=2 interval=14 step=2262 loss=0.969944
train_loss run=2 interval=14 step=2263 loss=0.954267
train_loss run=2 interval=14 step=2264 loss=0.951876
train_loss run=2 interval=14 step=2265 loss=0.946456
train_loss run=2 interval=14 step=2266 loss=0.916153
train_loss run=2 interval=14 step=2267 loss=0.953021
train_loss run=2 interval=14 step=2268 loss=0.982339
train_loss run=2 interval=14 step=2269 loss=0.942957
train_loss run=2 interval=14 step=2270 loss=0.955825
train_loss run=2 interval=14 step=2271 loss=0.999264
train_loss run=2 interval=14 step=2272 loss=1.01026
train_loss run=2 interval=14 step=2273 loss=0.982157
train_loss run=2 interval=14 step=2274 loss=0.968215
train_loss run=2 interval=14 step=2275 loss=1.01897
train_loss run=2 interval=14 step=2276 loss=0.989735
train_loss run=2 interval=14 step=2277 loss=0.937415
train_loss run=2 interval=14 step=2278 loss=0.955598
train_loss run=2 interval=14 step=2279 loss=0.958134
train_loss run=2 interval=14 step=2280 loss=0.966332
train_loss run=2 interval=14 step=2281 loss=0.956156
train_loss run=2 interval=14 step=2282 loss=0.97186
train_loss run=2 interval=14 step=2283 loss=0.939339
train_loss run=2 interval=14 step=2284 loss=1.02958
train_loss run=2 interval=14 step=2285 loss=0.986275
train_loss run=2 interval=14 step=2286 loss=0.978407
train_loss run=2 interval=14 step=2287 loss=0.942717
train_loss run=2 interval=14 step=2288 loss=0.9443
train_loss run=2 interval=14 step=2289 loss=0.937403
train_loss run=2 interval=14 step=2290 loss=0.969202
train_loss run=2 interval=14 step=2291 loss=0.992691
train_loss run=2 interval=14 step=2292 loss=0.979034
train_loss run=2 interval=14 step=2293 loss=1.02919
train_loss run=2 interval=14 step=2294 loss=0.970347
train_loss run=2 interval=14 step=2295 loss=0.962124
train_loss run=2 interval=14 step=2296 loss=0.981808
train_loss run=2 interval=14 step=2297 loss=0.935699
train_loss run=2 interval=14 step=2298 loss=0.952985
train_loss run=2 interval=14 step=2299 loss=0.959922
train_loss run=2 interval=14 step=2300 loss=0.93239
train_loss run=2 interval=14 step=2301 loss=0.986992
train_loss run=2 interval=14 step=2302 loss=0.974134
train_loss run=2 interval=14 step=2303 loss=0.93668
train_loss run=2 interval=14 step=2304 loss=0.924933
train_loss run=2 interval=14 step=2305 loss=0.984615
train_loss run=2 interval=14 step=2306 loss=0.966973
train_loss run=2 interval=14 step=2307 loss=0.97308
train_loss run=2 interval=14 step=2308 loss=0.936621
train_loss run=2 interval=14 step=2309 loss=0.941333
train_loss run=2 interval=14 step=2310 loss=0.950047
train_loss run=2 interval=14 step=2311 loss=0.93278
train_loss run=2 interval=14 step=2312 loss=0.987581
train_loss run=2 interval=14 step=2313 loss=1.01581
train_loss run=2 interval=14 step=2314 loss=0.983337
train_loss run=2 interval=14 step=2315 loss=1.00641
train_loss run=2 interval=14 step=2316 loss=0.97643
train_loss run=2 interval=14 step=2317 loss=0.97417
train_loss run=2 interval=14 step=2318 loss=0.988569
train_loss run=2 interval=14 step=2319 loss=0.984474
train_loss run=2 interval=14 step=2320 loss=1.00774
train_loss run=2 interval=14 step=2321 loss=0.960066
train_loss run=2 interval=14 step=2322 loss=1.01054
train_loss run=2 interval=14 step=2323 loss=0.949728
train_loss run=2 interval=14 step=2324 loss=0.948108
train_loss run=2 interval=14 step=2325 loss=0.989269
train_loss run=2 interval=14 step=2326 loss=0.970601
train_loss run=2 interval=14 step=2327 loss=0.946039
train_loss run=2 interval=14 step=2328 loss=0.934225
train_loss run=2 interval=14 step=2329 loss=1.00037
train_loss run=2 interval=14 step=2330 loss=0.989695
train_loss run=2 interval=14 step=2331 loss=1.00322
train_loss run=2 interval=14 step=2332 loss=0.968522
train_loss run=2 interval=14 step=2333 loss=0.991212
train_loss run=2 interval=14 step=2334 loss=0.976857
train_loss run=2 interval=14 step=2335 loss=0.965358
train_loss run=2 interval=14 step=2336 loss=0.958216
train_loss run=2 interval=14 step=2337 loss=0.955205
train_loss run=2 interval=14 step=2338 loss=0.940086
train_loss run=2 interval=14 step=2339 loss=0.953906
train_loss run=2 interval=14 step=2340 loss=0.985762
train_loss run=2 interval=14 step=2341 loss=0.95251
train_loss run=2 interval=14 step=2342 loss=0.951444
train_loss run=2 interval=14 step=2343 loss=0.982694
train_loss run=2 interval=14 step=2344 loss=0.959639
train_loss run=2 interval=14 step=2345 loss=0.985766
train_loss run=2 interval=14 step=2346 loss=0.957553
train_loss run=2 interval=14 step=2347 loss=0.960449
train_loss run=2 interval=14 step=2348 loss=0.953902
train_loss run=2 interval=14 step=2349 loss=0.965982
train_loss run=2 interval=14 step=2350 loss=0.976156
train_loss run=2 interval=14 step=2351 loss=0.950212
train_loss run=2 interval=14 step=2352 loss=0.956873
train_loss run=2 interval=14 step=2353 loss=0.913962
train_loss run=2 interval=14 step=2354 loss=0.943348
train_loss run=2 interval=14 step=2355 loss=0.939225
train_loss run=2 interval=14 step=2356 loss=1.01827
train_loss run=2 interval=14 step=2357 loss=0.93289
train_loss run=2 interval=14 step=2358 loss=0.975427
train_loss run=2 interval=14 step=2359 loss=1.0089
train_loss run=2 interval=14 step=2360 loss=0.963354
train_loss run=2 interval=14 step=2361 loss=0.946483
train_loss run=2 interval=14 step=2362 loss=0.971541
train_loss run=2 interval=14 step=2363 loss=0.969586
train_loss run=2 interval=14 step=2364 loss=0.95062
train_loss run=2 interval=14 step=2365 loss=0.947948
train_loss run=2 interval=14 step=2366 loss=0.955469
train_loss run=2 interval=14 step=2367 loss=0.954101
train_loss run=2 interval=14 step=2368 loss=0.953417
train_loss run=2 interval=14 step=2369 loss=0.986791
train_loss run=2 interval=14 step=2370 loss=0.951434
train_loss run=2 interval=14 step=2371 loss=0.956339
train_loss run=2 interval=14 step=2372 loss=0.988478
train_loss run=2 interval=14 step=2373 loss=0.951336
train_loss run=2 interval=14 step=2374 loss=0.943112
train_loss run=2 interval=14 step=2375 loss=0.971244
train_loss run=2 interval=14 step=2376 loss=0.972094
train_loss run=2 interval=14 step=2377 loss=0.988614
train_loss run=2 interval=14 step=2378 loss=0.93478
train_loss run=2 interval=14 step=2379 loss=0.980118
train_loss run=2 interval=14 step=2380 loss=0.953003
train_loss run=2 interval=14 step=2381 loss=0.935394
train_loss run=2 interval=14 step=2382 loss=0.967084
train_loss run=2 interval=14 step=2383 loss=0.991402
train_loss run=2 interval=14 step=2384 loss=0.968507
train_loss run=2 interval=14 step=2385 loss=0.953673
train_loss run=2 interval=14 step=2386 loss=0.979863
train_loss run=2 interval=14 step=2387 loss=0.982631
train_loss run=2 interval=14 step=2388 loss=0.95504
train_loss run=2 interval=14 step=2389 loss=0.974699
train_loss run=2 interval=14 step=2390 loss=0.931239
train_loss run=2 interval=14 step=2391 loss=0.943308
train_loss run=2 interval=14 step=2392 loss=0.961089
train_loss run=2 interval=14 step=2393 loss=0.984537
train_loss run=2 interval=14 step=2394 loss=0.954358
train_loss run=2 interval=14 step=2395 loss=0.989554
train_loss run=2 interval=14 step=2396 loss=0.923317
train_loss run=2 interval=14 step=2397 loss=1.00227
train_loss run=2 interval=14 step=2398 loss=0.946771
train_loss run=2 interval=14 step=2399 loss=0.963836
train_loss run=2 interval=14 step=2400 loss=1.03902
interval_boundary_eval run=2 interval=14 step=2400 total_steps=3200 tta_val_acc=0.9273
search run=2 interval=15 phase=baseline metric=tta_val_acc
main hparams: conv.initial_lr=0.005 conv.momentum=0.5 main=0.9284
search_path step=0 conv.initial_lr=0.005 conv.momentum=0.5 tta_val_acc=0.9284
search run=2 interval=15 phase=cooldown metric=tta_val_acc
main hparams: conv.initial_lr=0.005 conv.momentum=0.5
conv.initial_lr=0.0011 -> tta_val_acc=0.9312
conv.initial_lr=0.00066 -> tta_val_acc=0.931
conv.initial_lr=0.0018 -> tta_val_acc=0.9317
conv.initial_lr=0.0031 -> tta_val_acc=0.9306
conv.initial_lr=0.003 -> tta_val_acc=0.9308
search_path step=0 conv.initial_lr=0.0011 tta_val_acc=0.9312
search_path step=1 conv.initial_lr=0.0018 tta_val_acc=0.9317
search run=2 interval=15 phase=main metric=tta_val_acc
cooldown hparams: conv.initial_lr=0.0018
main hparams: conv.initial_lr=0.005 conv.momentum=0.5 best_cooldown=0.9317
main hparams: conv.initial_lr=0.003 conv.momentum=0.5 best_cooldown=0.9315
main hparams: conv.initial_lr=0.0083 conv.momentum=0.5 best_cooldown=0.9307
main hparams: conv.initial_lr=0.005 conv.momentum=0.4 best_cooldown=0.9312
main hparams: conv.initial_lr=0.005 conv.momentum=0.6 best_cooldown=0.9316
search_path step=0 conv.initial_lr=0.005 conv.momentum=0.5 tta_val_acc=0.9317
train_hparams run=2 interval=15 start_step=2400 completed_steps=160 total_steps=3200 conv.initial_lr=0.005 conv.momentum=0.5
train_loss run=2 interval=15 step=2401 loss=0.927961
train_loss run=2 interval=15 step=2402 loss=0.967215
train_loss run=2 interval=15 step=2403 loss=0.952694
train_loss run=2 interval=15 step=2404 loss=0.974397
train_loss run=2 interval=15 step=2405 loss=0.953505
train_loss run=2 interval=15 step=2406 loss=0.955431
train_loss run=2 interval=15 step=2407 loss=0.956246
train_loss run=2 interval=15 step=2408 loss=0.982888
train_loss run=2 interval=15 step=2409 loss=0.939319
train_loss run=2 interval=15 step=2410 loss=0.964051
train_loss run=2 interval=15 step=2411 loss=0.989879
train_loss run=2 interval=15 step=2412 loss=0.947108
train_loss run=2 interval=15 step=2413 loss=0.951865
train_loss run=2 interval=15 step=2414 loss=0.969644
train_loss run=2 interval=15 step=2415 loss=0.94933
train_loss run=2 interval=15 step=2416 loss=1.02076
train_loss run=2 interval=15 step=2417 loss=0.964566
train_loss run=2 interval=15 step=2418 loss=0.992822
train_loss run=2 interval=15 step=2419 loss=0.958534
train_loss run=2 interval=15 step=2420 loss=0.95811
train_loss run=2 interval=15 step=2421 loss=0.922658
train_loss run=2 interval=15 step=2422 loss=0.975242
train_loss run=2 interval=15 step=2423 loss=1.00084
train_loss run=2 interval=15 step=2424 loss=0.946575
train_loss run=2 interval=15 step=2425 loss=0.920885
train_loss run=2 interval=15 step=2426 loss=0.926058
train_loss run=2 interval=15 step=2427 loss=0.950912
train_loss run=2 interval=15 step=2428 loss=0.979887
train_loss run=2 interval=15 step=2429 loss=0.944766
train_loss run=2 interval=15 step=2430 loss=0.969819
train_loss run=2 interval=15 step=2431 loss=0.973649
train_loss run=2 interval=15 step=2432 loss=0.941056
train_loss run=2 interval=15 step=2433 loss=0.993012
train_loss run=2 interval=15 step=2434 loss=0.943966
train_loss run=2 interval=15 step=2435 loss=0.947073
train_loss run=2 interval=15 step=2436 loss=0.972658
train_loss run=2 interval=15 step=2437 loss=0.934266
train_loss run=2 interval=15 step=2438 loss=0.992296
train_loss run=2 interval=15 step=2439 loss=0.9165
train_loss run=2 interval=15 step=2440 loss=0.954509
train_loss run=2 interval=15 step=2441 loss=0.995922
train_loss run=2 interval=15 step=2442 loss=0.943841
train_loss run=2 interval=15 step=2443 loss=0.951885
train_loss run=2 interval=15 step=2444 loss=0.947826
train_loss run=2 interval=15 step=2445 loss=0.969725
train_loss run=2 interval=15 step=2446 loss=0.995441
train_loss run=2 interval=15 step=2447 loss=0.982823
train_loss run=2 interval=15 step=2448 loss=0.947046
train_loss run=2 interval=15 step=2449 loss=0.961749
train_loss run=2 interval=15 step=2450 loss=0.941898
train_loss run=2 interval=15 step=2451 loss=0.956658
train_loss run=2 interval=15 step=2452 loss=0.932632
train_loss run=2 interval=15 step=2453 loss=0.941418
train_loss run=2 interval=15 step=2454 loss=0.938111
train_loss run=2 interval=15 step=2455 loss=0.973178
train_loss run=2 interval=15 step=2456 loss=0.970851
train_loss run=2 interval=15 step=2457 loss=0.914405
train_loss run=2 interval=15 step=2458 loss=0.969069
train_loss run=2 interval=15 step=2459 loss=0.942742
train_loss run=2 interval=15 step=2460 loss=1.00229
train_loss run=2 interval=15 step=2461 loss=0.929238
train_loss run=2 interval=15 step=2462 loss=0.961908
train_loss run=2 interval=15 step=2463 loss=0.98215
train_loss run=2 interval=15 step=2464 loss=0.986269
train_loss run=2 interval=15 step=2465 loss=0.949061
train_loss run=2 interval=15 step=2466 loss=0.961253
train_loss run=2 interval=15 step=2467 loss=0.956404
train_loss run=2 interval=15 step=2468 loss=0.964277
train_loss run=2 interval=15 step=2469 loss=0.964468
train_loss run=2 interval=15 step=2470 loss=0.970484
train_loss run=2 interval=15 step=2471 loss=0.97388
train_loss run=2 interval=15 step=2472 loss=0.940961
train_loss run=2 interval=15 step=2473 loss=0.975766
train_loss run=2 interval=15 step=2474 loss=0.940597
train_loss run=2 interval=15 step=2475 loss=0.980626
train_loss run=2 interval=15 step=2476 loss=0.944908
train_loss run=2 interval=15 step=2477 loss=0.960475
train_loss run=2 interval=15 step=2478 loss=0.952822
train_loss run=2 interval=15 step=2479 loss=0.93862
train_loss run=2 interval=15 step=2480 loss=0.948847
train_loss run=2 interval=15 step=2481 loss=0.93344
train_loss run=2 interval=15 step=2482 loss=0.938207
train_loss run=2 interval=15 step=2483 loss=0.938164
train_loss run=2 interval=15 step=2484 loss=0.945263
train_loss run=2 interval=15 step=2485 loss=1.00318
train_loss run=2 interval=15 step=2486 loss=0.922769
train_loss run=2 interval=15 step=2487 loss=0.969108
train_loss run=2 interval=15 step=2488 loss=0.996331
train_loss run=2 interval=15 step=2489 loss=0.945613
train_loss run=2 interval=15 step=2490 loss=0.953999
train_loss run=2 interval=15 step=2491 loss=0.933558
train_loss run=2 interval=15 step=2492 loss=0.989135
train_loss run=2 interval=15 step=2493 loss=0.95188
train_loss run=2 interval=15 step=2494 loss=0.959461
train_loss run=2 interval=15 step=2495 loss=0.949338
train_loss run=2 interval=15 step=2496 loss=0.960465
train_loss run=2 interval=15 step=2497 loss=0.959771
train_loss run=2 interval=15 step=2498 loss=0.949366
train_loss run=2 interval=15 step=2499 loss=0.940837
train_loss run=2 interval=15 step=2500 loss=0.935439
train_loss run=2 interval=15 step=2501 loss=0.949712
train_loss run=2 interval=15 step=2502 loss=0.959503
train_loss run=2 interval=15 step=2503 loss=0.935091
train_loss run=2 interval=15 step=2504 loss=0.966025
train_loss run=2 interval=15 step=2505 loss=0.936116
train_loss run=2 interval=15 step=2506 loss=0.96725
train_loss run=2 interval=15 step=2507 loss=0.946835
train_loss run=2 interval=15 step=2508 loss=0.923471
train_loss run=2 interval=15 step=2509 loss=0.956586
train_loss run=2 interval=15 step=2510 loss=0.930263
train_loss run=2 interval=15 step=2511 loss=0.980439
train_loss run=2 interval=15 step=2512 loss=0.936185
train_loss run=2 interval=15 step=2513 loss=0.949295
train_loss run=2 interval=15 step=2514 loss=1.03723
train_loss run=2 interval=15 step=2515 loss=0.985105
train_loss run=2 interval=15 step=2516 loss=0.94289
train_loss run=2 interval=15 step=2517 loss=0.935568
train_loss run=2 interval=15 step=2518 loss=0.966177
train_loss run=2 interval=15 step=2519 loss=0.937948
train_loss run=2 interval=15 step=2520 loss=0.953148
train_loss run=2 interval=15 step=2521 loss=0.955012
train_loss run=2 interval=15 step=2522 loss=0.951045
train_loss run=2 interval=15 step=2523 loss=0.925095
train_loss run=2 interval=15 step=2524 loss=0.955677
train_loss run=2 interval=15 step=2525 loss=0.926318
train_loss run=2 interval=15 step=2526 loss=0.945144
train_loss run=2 interval=15 step=2527 loss=0.97601
train_loss run=2 interval=15 step=2528 loss=0.944044
train_loss run=2 interval=15 step=2529 loss=0.960048
train_loss run=2 interval=15 step=2530 loss=0.984046
train_loss run=2 interval=15 step=2531 loss=0.969751
train_loss run=2 interval=15 step=2532 loss=0.952586
train_loss run=2 interval=15 step=2533 loss=0.936302
train_loss run=2 interval=15 step=2534 loss=0.957407
train_loss run=2 interval=15 step=2535 loss=0.968047
train_loss run=2 interval=15 step=2536 loss=0.954237
train_loss run=2 interval=15 step=2537 loss=0.989782
train_loss run=2 interval=15 step=2538 loss=1.00674
train_loss run=2 interval=15 step=2539 loss=0.946657
train_loss run=2 interval=15 step=2540 loss=0.942705
train_loss run=2 interval=15 step=2541 loss=0.974606
train_loss run=2 interval=15 step=2542 loss=0.980376
train_loss run=2 interval=15 step=2543 loss=0.976697
train_loss run=2 interval=15 step=2544 loss=0.958362
train_loss run=2 interval=15 step=2545 loss=0.952715
train_loss run=2 interval=15 step=2546 loss=0.919142
train_loss run=2 interval=15 step=2547 loss=0.909532
train_loss run=2 interval=15 step=2548 loss=0.936946
train_loss run=2 interval=15 step=2549 loss=0.969339
train_loss run=2 interval=15 step=2550 loss=0.929905
train_loss run=2 interval=15 step=2551 loss=0.951067
train_loss run=2 interval=15 step=2552 loss=0.972459
train_loss run=2 interval=15 step=2553 loss=0.952872
train_loss run=2 interval=15 step=2554 loss=0.946843
train_loss run=2 interval=15 step=2555 loss=0.974511
train_loss run=2 interval=15 step=2556 loss=0.967504
train_loss run=2 interval=15 step=2557 loss=1.01042
train_loss run=2 interval=15 step=2558 loss=0.939564
train_loss run=2 interval=15 step=2559 loss=0.95362
train_loss run=2 interval=15 step=2560 loss=0.933873
interval_boundary_eval run=2 interval=15 step=2560 total_steps=3200 tta_val_acc=0.9284
search run=2 interval=16 phase=baseline metric=tta_val_acc
main hparams: conv.initial_lr=0.005 conv.momentum=0.5 main=0.9295
search_path step=0 conv.initial_lr=0.005 conv.momentum=0.5 tta_val_acc=0.9295
search run=2 interval=16 phase=cooldown metric=tta_val_acc
main hparams: conv.initial_lr=0.005 conv.momentum=0.5
conv.initial_lr=0.0018 -> tta_val_acc=0.9305
conv.initial_lr=0.0011 -> tta_val_acc=0.9302
conv.initial_lr=0.003 -> tta_val_acc=0.9299
search_path step=0 conv.initial_lr=0.0018 tta_val_acc=0.9305
search run=2 interval=16 phase=main metric=tta_val_acc
cooldown hparams: conv.initial_lr=0.0018
main hparams: conv.initial_lr=0.005 conv.momentum=0.5 best_cooldown=0.9305
main hparams: conv.initial_lr=0.003 conv.momentum=0.5 best_cooldown=0.9306
main hparams: conv.initial_lr=0.0018 conv.momentum=0.5 best_cooldown=0.9307
main hparams: conv.initial_lr=0.0011 conv.momentum=0.5 best_cooldown=0.9306
main hparams: conv.initial_lr=0.0018 conv.momentum=0.4 best_cooldown=0.9308
main hparams: conv.initial_lr=0.0018 conv.momentum=0.3 best_cooldown=0.9306
main hparams: conv.initial_lr=0.0011 conv.momentum=0.4 best_cooldown=0.9302
main hparams: conv.initial_lr=0.003 conv.momentum=0.4 best_cooldown=0.9308
main hparams: conv.initial_lr=0.005 conv.momentum=0.4 best_cooldown=0.9299
search_path step=0 conv.initial_lr=0.005 conv.momentum=0.5 tta_val_acc=0.9305
search_path step=1 conv.initial_lr=0.0018 conv.momentum=0.5 tta_val_acc=0.9307
search_path step=2 conv.initial_lr=0.0018 conv.momentum=0.4 tta_val_acc=0.9308
search run=2 interval=16 phase=cooldown metric=tta_val_acc
main hparams: conv.initial_lr=0.0018 conv.momentum=0.4
conv.initial_lr=0.0018 -> tta_val_acc=0.9308
conv.initial_lr=0.0011 -> tta_val_acc=0.9305
conv.initial_lr=0.003 -> tta_val_acc=0.9303
search_path step=0 conv.initial_lr=0.0018 tta_val_acc=0.9308
train_hparams run=2 interval=16 start_step=2560 completed_steps=160 total_steps=3200 conv.initial_lr=0.0018 conv.momentum=0.4
train_loss run=2 interval=16 step=2561 loss=0.955676
train_loss run=2 interval=16 step=2562 loss=0.951314
train_loss run=2 interval=16 step=2563 loss=0.934636
train_loss run=2 interval=16 step=2564 loss=0.971986
train_loss run=2 interval=16 step=2565 loss=0.949496
train_loss run=2 interval=16 step=2566 loss=0.926545
train_loss run=2 interval=16 step=2567 loss=0.95579
train_loss run=2 interval=16 step=2568 loss=0.947042
train_loss run=2 interval=16 step=2569 loss=0.973438
train_loss run=2 interval=16 step=2570 loss=0.947256
train_loss run=2 interval=16 step=2571 loss=0.947346
train_loss run=2 interval=16 step=2572 loss=0.961412
train_loss run=2 interval=16 step=2573 loss=0.936558
train_loss run=2 interval=16 step=2574 loss=0.92993
train_loss run=2 interval=16 step=2575 loss=0.970995
train_loss run=2 interval=16 step=2576 loss=0.933679
train_loss run=2 interval=16 step=2577 loss=0.950325
train_loss run=2 interval=16 step=2578 loss=0.977371
train_loss run=2 interval=16 step=2579 loss=0.950793
train_loss run=2 interval=16 step=2580 loss=0.955123
train_loss run=2 interval=16 step=2581 loss=0.936651
train_loss run=2 interval=16 step=2582 loss=0.927007
train_loss run=2 interval=16 step=2583 loss=0.948533
train_loss run=2 interval=16 step=2584 loss=0.961242
train_loss run=2 interval=16 step=2585 loss=0.961292
train_loss run=2 interval=16 step=2586 loss=0.979178
train_loss run=2 interval=16 step=2587 loss=0.946307
train_loss run=2 interval=16 step=2588 loss=0.938645
train_loss run=2 interval=16 step=2589 loss=0.976579
train_loss run=2 interval=16 step=2590 loss=0.988017
train_loss run=2 interval=16 step=2591 loss=0.951242
train_loss run=2 interval=16 step=2592 loss=0.950001
train_loss run=2 interval=16 step=2593 loss=0.951202
train_loss run=2 interval=16 step=2594 loss=0.940054
train_loss run=2 interval=16 step=2595 loss=1.02147
train_loss run=2 interval=16 step=2596 loss=0.960455
train_loss run=2 interval=16 step=2597 loss=0.943048
train_loss run=2 interval=16 step=2598 loss=0.953702
train_loss run=2 interval=16 step=2599 loss=0.923766
train_loss run=2 interval=16 step=2600 loss=0.954822
train_loss run=2 interval=16 step=2601 loss=0.922376
train_loss run=2 interval=16 step=2602 loss=0.978201
train_loss run=2 interval=16 step=2603 loss=0.934032
train_loss run=2 interval=16 step=2604 loss=0.922127
train_loss run=2 interval=16 step=2605 loss=0.964515
train_loss run=2 interval=16 step=2606 loss=0.951686
train_loss run=2 interval=16 step=2607 loss=0.953438
train_loss run=2 interval=16 step=2608 loss=0.94412
train_loss run=2 interval=16 step=2609 loss=0.934386
train_loss run=2 interval=16 step=2610 loss=0.97326
train_loss run=2 interval=16 step=2611 loss=0.927304
train_loss run=2 interval=16 step=2612 loss=0.942858
train_loss run=2 interval=16 step=2613 loss=0.970324
train_loss run=2 interval=16 step=2614 loss=0.943626
train_loss run=2 interval=16 step=2615 loss=0.936404
train_loss run=2 interval=16 step=2616 loss=0.95414
train_loss run=2 interval=16 step=2617 loss=0.932084
train_loss run=2 interval=16 step=2618 loss=0.951987
train_loss run=2 interval=16 step=2619 loss=0.968804
train_loss run=2 interval=16 step=2620 loss=0.985106
train_loss run=2 interval=16 step=2621 loss=0.931295
train_loss run=2 interval=16 step=2622 loss=0.975294
train_loss run=2 interval=16 step=2623 loss=0.922648
train_loss run=2 interval=16 step=2624 loss=0.940039
train_loss run=2 interval=16 step=2625 loss=0.950561
train_loss run=2 interval=16 step=2626 loss=0.967749
train_loss run=2 interval=16 step=2627 loss=0.966223
train_loss run=2 interval=16 step=2628 loss=0.961805
train_loss run=2 interval=16 step=2629 loss=0.937814
train_loss run=2 interval=16 step=2630 loss=0.997196
train_loss run=2 interval=16 step=2631 loss=0.99281
train_loss run=2 interval=16 step=2632 loss=0.929346
train_loss run=2 interval=16 step=2633 loss=0.931814
train_loss run=2 interval=16 step=2634 loss=0.986782
train_loss run=2 interval=16 step=2635 loss=0.979333
train_loss run=2 interval=16 step=2636 loss=0.956479
train_loss run=2 interval=16 step=2637 loss=0.949381
train_loss run=2 interval=16 step=2638 loss=0.949461
train_loss run=2 interval=16 step=2639 loss=0.975531
train_loss run=2 interval=16 step=2640 loss=0.955279
train_loss run=2 interval=16 step=2641 loss=0.935851
train_loss run=2 interval=16 step=2642 loss=1.00482
train_loss run=2 interval=16 step=2643 loss=0.956095
train_loss run=2 interval=16 step=2644 loss=0.969383
train_loss run=2 interval=16 step=2645 loss=0.949206
train_loss run=2 interval=16 step=2646 loss=0.955987
train_loss run=2 interval=16 step=2647 loss=0.947164
train_loss run=2 interval=16 step=2648 loss=0.931722
train_loss run=2 interval=16 step=2649 loss=0.979503
train_loss run=2 interval=16 step=2650 loss=0.926816
train_loss run=2 interval=16 step=2651 loss=0.91807
train_loss run=2 interval=16 step=2652 loss=0.967314
train_loss run=2 interval=16 step=2653 loss=0.943774
train_loss run=2 interval=16 step=2654 loss=0.959542
train_loss run=2 interval=16 step=2655 loss=0.913702
train_loss run=2 interval=16 step=2656 loss=0.967483
train_loss run=2 interval=16 step=2657 loss=0.939405
train_loss run=2 interval=16 step=2658 loss=0.96402
train_loss run=2 interval=16 step=2659 loss=0.95491
train_loss run=2 interval=16 step=2660 loss=0.96248
train_loss run=2 interval=16 step=2661 loss=0.919465
train_loss run=2 interval=16 step=2662 loss=0.961715
train_loss run=2 interval=16 step=2663 loss=0.954608
train_loss run=2 interval=16 step=2664 loss=0.970398
train_loss run=2 interval=16 step=2665 loss=0.94059
train_loss run=2 interval=16 step=2666 loss=0.961844
train_loss run=2 interval=16 step=2667 loss=0.924062
train_loss run=2 interval=16 step=2668 loss=1.01492
train_loss run=2 interval=16 step=2669 loss=0.940673
train_loss run=2 interval=16 step=2670 loss=0.943063
train_loss run=2 interval=16 step=2671 loss=0.97641
train_loss run=2 interval=16 step=2672 loss=0.927176
train_loss run=2 interval=16 step=2673 loss=0.963142
train_loss run=2 interval=16 step=2674 loss=0.955858
train_loss run=2 interval=16 step=2675 loss=0.941165
train_loss run=2 interval=16 step=2676 loss=0.933458
train_loss run=2 interval=16 step=2677 loss=0.95523
train_loss run=2 interval=16 step=2678 loss=0.952909
train_loss run=2 interval=16 step=2679 loss=0.994734
train_loss run=2 interval=16 step=2680 loss=0.968523
train_loss run=2 interval=16 step=2681 loss=0.931596
train_loss run=2 interval=16 step=2682 loss=0.948507
train_loss run=2 interval=16 step=2683 loss=0.959743
train_loss run=2 interval=16 step=2684 loss=0.992481
train_loss run=2 interval=16 step=2685 loss=0.967747
train_loss run=2 interval=16 step=2686 loss=0.932192
train_loss run=2 interval=16 step=2687 loss=0.96412
train_loss run=2 interval=16 step=2688 loss=0.944109
train_loss run=2 interval=16 step=2689 loss=0.947405
train_loss run=2 interval=16 step=2690 loss=0.950638
train_loss run=2 interval=16 step=2691 loss=1.00455
train_loss run=2 interval=16 step=2692 loss=0.926725
train_loss run=2 interval=16 step=2693 loss=0.955248
train_loss run=2 interval=16 step=2694 loss=0.942343
train_loss run=2 interval=16 step=2695 loss=0.954057
train_loss run=2 interval=16 step=2696 loss=0.952373
train_loss run=2 interval=16 step=2697 loss=0.941716
train_loss run=2 interval=16 step=2698 loss=0.963579
train_loss run=2 interval=16 step=2699 loss=0.954666
train_loss run=2 interval=16 step=2700 loss=0.942536
train_loss run=2 interval=16 step=2701 loss=0.950199
train_loss run=2 interval=16 step=2702 loss=0.974047
train_loss run=2 interval=16 step=2703 loss=0.925337
train_loss run=2 interval=16 step=2704 loss=0.964096
train_loss run=2 interval=16 step=2705 loss=0.954665
train_loss run=2 interval=16 step=2706 loss=0.947806
train_loss run=2 interval=16 step=2707 loss=0.948114
train_loss run=2 interval=16 step=2708 loss=0.924042
train_loss run=2 interval=16 step=2709 loss=0.958349
train_loss run=2 interval=16 step=2710 loss=0.939606
train_loss run=2 interval=16 step=2711 loss=0.91414
train_loss run=2 interval=16 step=2712 loss=0.968274
train_loss run=2 interval=16 step=2713 loss=0.915169
train_loss run=2 interval=16 step=2714 loss=1.00506
train_loss run=2 interval=16 step=2715 loss=0.923805
train_loss run=2 interval=16 step=2716 loss=0.955037
train_loss run=2 interval=16 step=2717 loss=0.930891
train_loss run=2 interval=16 step=2718 loss=0.932861
train_loss run=2 interval=16 step=2719 loss=0.964486
train_loss run=2 interval=16 step=2720 loss=0.939487
interval_boundary_eval run=2 interval=16 step=2720 total_steps=3200 tta_val_acc=0.9315
search run=2 interval=17 phase=baseline metric=tta_val_acc
main hparams: conv.initial_lr=0.0018 conv.momentum=0.4 main=0.9308
search_path step=0 conv.initial_lr=0.0018 conv.momentum=0.4 tta_val_acc=0.9308
search run=2 interval=17 phase=cooldown metric=tta_val_acc
main hparams: conv.initial_lr=0.0018 conv.momentum=0.4
conv.initial_lr=0.0018 -> tta_val_acc=0.9317
conv.initial_lr=0.0011 -> tta_val_acc=0.9322
conv.initial_lr=0.00065 -> tta_val_acc=0.9316
conv.initial_lr=0.00066 -> tta_val_acc=0.9316
search_path step=0 conv.initial_lr=0.0018 tta_val_acc=0.9317
search_path step=1 conv.initial_lr=0.0011 tta_val_acc=0.9322
search run=2 interval=17 phase=main metric=tta_val_acc
cooldown hparams: conv.initial_lr=0.0011
main hparams: conv.initial_lr=0.0018 conv.momentum=0.4 best_cooldown=0.9322
main hparams: conv.initial_lr=0.0011 conv.momentum=0.4 best_cooldown=0.9319
main hparams: conv.initial_lr=0.003 conv.momentum=0.4 best_cooldown=0.9323
main hparams: conv.initial_lr=0.005 conv.momentum=0.4 best_cooldown=0.9312
main hparams: conv.initial_lr=0.003 conv.momentum=0.3 best_cooldown=0.9322
main hparams: conv.initial_lr=0.003 conv.momentum=0.5 best_cooldown=0.9323
main hparams: conv.initial_lr=0.003 conv.momentum=0.6 best_cooldown=0.9321
search_path step=0 conv.initial_lr=0.0018 conv.momentum=0.4 tta_val_acc=0.9322
search_path step=1 conv.initial_lr=0.003 conv.momentum=0.4 tta_val_acc=0.9323
search run=2 interval=17 phase=cooldown metric=tta_val_acc
main hparams: conv.initial_lr=0.003 conv.momentum=0.4
conv.initial_lr=0.0011 -> tta_val_acc=0.9323
conv.initial_lr=0.00066 -> tta_val_acc=0.9318
conv.initial_lr=0.0018 -> tta_val_acc=0.9323
conv.initial_lr=0.0031 -> tta_val_acc=0.9312
search_path step=0 conv.initial_lr=0.0011 tta_val_acc=0.9323
train_hparams run=2 interval=17 start_step=2720 completed_steps=160 total_steps=3200 conv.initial_lr=0.003 conv.momentum=0.4
train_loss run=2 interval=17 step=2721 loss=0.966592
train_loss run=2 interval=17 step=2722 loss=0.956091
train_loss run=2 interval=17 step=2723 loss=0.935888
train_loss run=2 interval=17 step=2724 loss=0.921357
train_loss run=2 interval=17 step=2725 loss=0.990612
train_loss run=2 interval=17 step=2726 loss=0.945681
train_loss run=2 interval=17 step=2727 loss=0.979236
train_loss run=2 interval=17 step=2728 loss=0.955247
train_loss run=2 interval=17 step=2729 loss=0.972577
train_loss run=2 interval=17 step=2730 loss=0.973726
train_loss run=2 interval=17 step=2731 loss=0.945887
train_loss run=2 interval=17 step=2732 loss=0.926649
train_loss run=2 interval=17 step=2733 loss=0.934515
train_loss run=2 interval=17 step=2734 loss=0.964366
train_loss run=2 interval=17 step=2735 loss=0.934924
train_loss run=2 interval=17 step=2736 loss=0.942588
train_loss run=2 interval=17 step=2737 loss=0.923882
train_loss run=2 interval=17 step=2738 loss=0.951649
train_loss run=2 interval=17 step=2739 loss=0.965983
train_loss run=2 interval=17 step=2740 loss=0.987957
train_loss run=2 interval=17 step=2741 loss=0.932609
train_loss run=2 interval=17 step=2742 loss=0.931958
train_loss run=2 interval=17 step=2743 loss=0.958993
train_loss run=2 interval=17 step=2744 loss=0.995927
train_loss run=2 interval=17 step=2745 loss=0.97892
train_loss run=2 interval=17 step=2746 loss=0.994836
train_loss run=2 interval=17 step=2747 loss=0.979797
train_loss run=2 interval=17 step=2748 loss=0.967437
train_loss run=2 interval=17 step=2749 loss=0.971933
train_loss run=2 interval=17 step=2750 loss=0.926025
train_loss run=2 interval=17 step=2751 loss=0.94031
train_loss run=2 interval=17 step=2752 loss=0.939995
train_loss run=2 interval=17 step=2753 loss=0.973869
train_loss run=2 interval=17 step=2754 loss=0.95959
train_loss run=2 interval=17 step=2755 loss=0.996593
train_loss run=2 interval=17 step=2756 loss=0.930324
train_loss run=2 interval=17 step=2757 loss=0.932701
train_loss run=2 interval=17 step=2758 loss=0.934933
train_loss run=2 interval=17 step=2759 loss=0.98763
train_loss run=2 interval=17 step=2760 loss=0.986696
train_loss run=2 interval=17 step=2761 loss=0.908533
train_loss run=2 interval=17 step=2762 loss=0.954474
train_loss run=2 interval=17 step=2763 loss=0.911594
train_loss run=2 interval=17 step=2764 loss=0.951492
train_loss run=2 interval=17 step=2765 loss=0.972207
train_loss run=2 interval=17 step=2766 loss=0.933074
train_loss run=2 interval=17 step=2767 loss=0.983438
train_loss run=2 interval=17 step=2768 loss=0.973257
train_loss run=2 interval=17 step=2769 loss=1.0117
train_loss run=2 interval=17 step=2770 loss=0.968742
train_loss run=2 interval=17 step=2771 loss=0.930051
train_loss run=2 interval=17 step=2772 loss=0.945077
train_loss run=2 interval=17 step=2773 loss=0.90481
train_loss run=2 interval=17 step=2774 loss=0.951545
train_loss run=2 interval=17 step=2775 loss=0.968189
train_loss run=2 interval=17 step=2776 loss=0.959859
train_loss run=2 interval=17 step=2777 loss=0.9363
train_loss run=2 interval=17 step=2778 loss=0.949368
train_loss run=2 interval=17 step=2779 loss=0.923276
train_loss run=2 interval=17 step=2780 loss=0.928545
train_loss run=2 interval=17 step=2781 loss=0.971696
train_loss run=2 interval=17 step=2782 loss=0.963386
train_loss run=2 interval=17 step=2783 loss=0.952982
train_loss run=2 interval=17 step=2784 loss=0.993686
train_loss run=2 interval=17 step=2785 loss=0.945736
train_loss run=2 interval=17 step=2786 loss=0.942699
train_loss run=2 interval=17 step=2787 loss=0.95616
train_loss run=2 interval=17 step=2788 loss=0.941774
train_loss run=2 interval=17 step=2789 loss=0.941057
train_loss run=2 interval=17 step=2790 loss=0.951005
train_loss run=2 interval=17 step=2791 loss=0.928658
train_loss run=2 interval=17 step=2792 loss=0.928953
train_loss run=2 interval=17 step=2793 loss=0.901206
train_loss run=2 interval=17 step=2794 loss=0.947518
train_loss run=2 interval=17 step=2795 loss=0.913241
train_loss run=2 interval=17 step=2796 loss=0.95662
train_loss run=2 interval=17 step=2797 loss=0.970128
train_loss run=2 interval=17 step=2798 loss=0.935684
train_loss run=2 interval=17 step=2799 loss=0.911949
train_loss run=2 interval=17 step=2800 loss=0.958784
train_loss run=2 interval=17 step=2801 loss=0.921838
train_loss run=2 interval=17 step=2802 loss=0.925988
train_loss run=2 interval=17 step=2803 loss=0.922857
train_loss run=2 interval=17 step=2804 loss=0.940982
train_loss run=2 interval=17 step=2805 loss=0.931312
train_loss run=2 interval=17 step=2806 loss=0.932927
train_loss run=2 interval=17 step=2807 loss=0.936202
train_loss run=2 interval=17 step=2808 loss=0.958815
train_loss run=2 interval=17 step=2809 loss=0.934817
train_loss run=2 interval=17 step=2810 loss=0.936153
train_loss run=2 interval=17 step=2811 loss=0.941229
train_loss run=2 interval=17 step=2812 loss=0.94733
train_loss run=2 interval=17 step=2813 loss=0.929568
train_loss run=2 interval=17 step=2814 loss=0.925882
train_loss run=2 interval=17 step=2815 loss=0.917114
train_loss run=2 interval=17 step=2816 loss=0.92774
train_loss run=2 interval=17 step=2817 loss=0.927853
train_loss run=2 interval=17 step=2818 loss=0.922618
train_loss run=2 interval=17 step=2819 loss=0.942176
train_loss run=2 interval=17 step=2820 loss=0.938054
train_loss run=2 interval=17 step=2821 loss=0.956067
train_loss run=2 interval=17 step=2822 loss=0.917119
train_loss run=2 interval=17 step=2823 loss=0.929857
train_loss run=2 interval=17 step=2824 loss=0.930398
train_loss run=2 interval=17 step=2825 loss=0.938163
train_loss run=2 interval=17 step=2826 loss=0.926717
train_loss run=2 interval=17 step=2827 loss=0.971679
train_loss run=2 interval=17 step=2828 loss=0.939726
train_loss run=2 interval=17 step=2829 loss=0.93183
train_loss run=2 interval=17 step=2830 loss=0.952903
train_loss run=2 interval=17 step=2831 loss=0.910153
train_loss run=2 interval=17 step=2832 loss=0.944715
train_loss run=2 interval=17 step=2833 loss=0.928961
train_loss run=2 interval=17 step=2834 loss=0.952263
train_loss run=2 interval=17 step=2835 loss=0.918389
train_loss run=2 interval=17 step=2836 loss=0.932428
train_loss run=2 interval=17 step=2837 loss=0.931942
train_loss run=2 interval=17 step=2838 loss=0.934936
train_loss run=2 interval=17 step=2839 loss=0.948948
train_loss run=2 interval=17 step=2840 loss=0.960165
train_loss run=2 interval=17 step=2841 loss=0.95596
train_loss run=2 interval=17 step=2842 loss=0.935077
train_loss run=2 interval=17 step=2843 loss=0.920254
train_loss run=2 interval=17 step=2844 loss=0.943971
train_loss run=2 interval=17 step=2845 loss=0.935271
train_loss run=2 interval=17 step=2846 loss=0.919555
train_loss run=2 interval=17 step=2847 loss=0.906074
train_loss run=2 interval=17 step=2848 loss=0.93979
train_loss run=2 interval=17 step=2849 loss=0.910904
train_loss run=2 interval=17 step=2850 loss=0.906659
train_loss run=2 interval=17 step=2851 loss=0.954906
train_loss run=2 interval=17 step=2852 loss=0.94589
train_loss run=2 interval=17 step=2853 loss=0.925618
train_loss run=2 interval=17 step=2854 loss=0.978993
train_loss run=2 interval=17 step=2855 loss=0.923965
train_loss run=2 interval=17 step=2856 loss=0.928904
train_loss run=2 interval=17 step=2857 loss=0.950972
train_loss run=2 interval=17 step=2858 loss=0.943361
train_loss run=2 interval=17 step=2859 loss=0.956351
train_loss run=2 interval=17 step=2860 loss=0.939043
train_loss run=2 interval=17 step=2861 loss=0.930773
train_loss run=2 interval=17 step=2862 loss=0.946885
train_loss run=2 interval=17 step=2863 loss=0.958578
train_loss run=2 interval=17 step=2864 loss=0.920645
train_loss run=2 interval=17 step=2865 loss=0.940946
train_loss run=2 interval=17 step=2866 loss=0.950947
train_loss run=2 interval=17 step=2867 loss=0.920154
train_loss run=2 interval=17 step=2868 loss=0.925043
train_loss run=2 interval=17 step=2869 loss=0.942847
train_loss run=2 interval=17 step=2870 loss=0.978899
train_loss run=2 interval=17 step=2871 loss=0.948157
train_loss run=2 interval=17 step=2872 loss=0.929807
train_loss run=2 interval=17 step=2873 loss=0.914197
train_loss run=2 interval=17 step=2874 loss=0.929753
train_loss run=2 interval=17 step=2875 loss=0.957019
train_loss run=2 interval=17 step=2876 loss=0.938217
train_loss run=2 interval=17 step=2877 loss=0.928395
train_loss run=2 interval=17 step=2878 loss=0.92292
train_loss run=2 interval=17 step=2879 loss=0.940264
train_loss run=2 interval=17 step=2880 loss=0.922794
interval_boundary_eval run=2 interval=17 step=2880 total_steps=3200 tta_val_acc=0.9303
search run=2 interval=18 phase=baseline metric=tta_val_acc
main hparams: conv.initial_lr=0.003 conv.momentum=0.4 main=0.9312
search_path step=0 conv.initial_lr=0.003 conv.momentum=0.4 tta_val_acc=0.9312
search run=2 interval=18 phase=cooldown metric=tta_val_acc
main hparams: conv.initial_lr=0.003 conv.momentum=0.4
conv.initial_lr=0.0011 -> tta_val_acc=0.933
conv.initial_lr=0.00066 -> tta_val_acc=0.9321
conv.initial_lr=0.0018 -> tta_val_acc=0.9336
conv.initial_lr=0.0031 -> tta_val_acc=0.9334
conv.initial_lr=0.003 -> tta_val_acc=0.9334
search_path step=0 conv.initial_lr=0.0011 tta_val_acc=0.933
search_path step=1 conv.initial_lr=0.0018 tta_val_acc=0.9336
search run=2 interval=18 phase=main metric=tta_val_acc
cooldown hparams: conv.initial_lr=0.0018
main hparams: conv.initial_lr=0.003 conv.momentum=0.4 best_cooldown=0.9336
main hparams: conv.initial_lr=0.0018 conv.momentum=0.4 best_cooldown=0.933
main hparams: conv.initial_lr=0.005 conv.momentum=0.4 best_cooldown=0.9337
main hparams: conv.initial_lr=0.0083 conv.momentum=0.4 best_cooldown=0.9337
main hparams: conv.initial_lr=0.014 conv.momentum=0.4 best_cooldown=0.9314
main hparams: conv.initial_lr=0.005 conv.momentum=0.3 best_cooldown=0.9338
main hparams: conv.initial_lr=0.005 conv.momentum=0.2 best_cooldown=0.9336
main hparams: conv.initial_lr=0.003 conv.momentum=0.3 best_cooldown=0.9333
main hparams: conv.initial_lr=0.0083 conv.momentum=0.3 best_cooldown=0.9333
search_path step=0 conv.initial_lr=0.003 conv.momentum=0.4 tta_val_acc=0.9336
search_path step=1 conv.initial_lr=0.005 conv.momentum=0.4 tta_val_acc=0.9337
search_path step=2 conv.initial_lr=0.005 conv.momentum=0.3 tta_val_acc=0.9338
search run=2 interval=18 phase=cooldown metric=tta_val_acc
main hparams: conv.initial_lr=0.005 conv.momentum=0.3
conv.initial_lr=0.0018 -> tta_val_acc=0.9338
conv.initial_lr=0.0011 -> tta_val_acc=0.9332
conv.initial_lr=0.003 -> tta_val_acc=0.9338
conv.initial_lr=0.005 -> tta_val_acc=0.933
search_path step=0 conv.initial_lr=0.0018 tta_val_acc=0.9338
train_hparams run=2 interval=18 start_step=2880 completed_steps=160 total_steps=3200 conv.initial_lr=0.005 conv.momentum=0.3
train_loss run=2 interval=18 step=2881 loss=0.926118
train_loss run=2 interval=18 step=2882 loss=0.944455
train_loss run=2 interval=18 step=2883 loss=0.979744
train_loss run=2 interval=18 step=2884 loss=0.932392
train_loss run=2 interval=18 step=2885 loss=0.94731
train_loss run=2 interval=18 step=2886 loss=0.943551
train_loss run=2 interval=18 step=2887 loss=0.927008
train_loss run=2 interval=18 step=2888 loss=0.947325
train_loss run=2 interval=18 step=2889 loss=0.955059
train_loss run=2 interval=18 step=2890 loss=0.93071
train_loss run=2 interval=18 step=2891 loss=0.915432
train_loss run=2 interval=18 step=2892 loss=0.919219
train_loss run=2 interval=18 step=2893 loss=0.940381
train_loss run=2 interval=18 step=2894 loss=0.923776
train_loss run=2 interval=18 step=2895 loss=0.945913
train_loss run=2 interval=18 step=2896 loss=0.934057
train_loss run=2 interval=18 step=2897 loss=0.948699
train_loss run=2 interval=18 step=2898 loss=0.921904
train_loss run=2 interval=18 step=2899 loss=0.925869
train_loss run=2 interval=18 step=2900 loss=0.903729
train_loss run=2 interval=18 step=2901 loss=0.963136
train_loss run=2 interval=18 step=2902 loss=0.966959
train_loss run=2 interval=18 step=2903 loss=0.948218
train_loss run=2 interval=18 step=2904 loss=0.92464
train_loss run=2 interval=18 step=2905 loss=0.906838
train_loss run=2 interval=18 step=2906 loss=0.91706
train_loss run=2 interval=18 step=2907 loss=0.952017
train_loss run=2 interval=18 step=2908 loss=0.930139
train_loss run=2 interval=18 step=2909 loss=0.934414
train_loss run=2 interval=18 step=2910 loss=0.939925
train_loss run=2 interval=18 step=2911 loss=0.936859
train_loss run=2 interval=18 step=2912 loss=0.939434
train_loss run=2 interval=18 step=2913 loss=0.930895
train_loss run=2 interval=18 step=2914 loss=0.914805
train_loss run=2 interval=18 step=2915 loss=0.93496
train_loss run=2 interval=18 step=2916 loss=0.937766
train_loss run=2 interval=18 step=2917 loss=0.96456
train_loss run=2 interval=18 step=2918 loss=0.913027
train_loss run=2 interval=18 step=2919 loss=0.936701
train_loss run=2 interval=18 step=2920 loss=0.96306
train_loss run=2 interval=18 step=2921 loss=0.951931
train_loss run=2 interval=18 step=2922 loss=0.942323
train_loss run=2 interval=18 step=2923 loss=0.948897
train_loss run=2 interval=18 step=2924 loss=0.907636
train_loss run=2 interval=18 step=2925 loss=0.920163
train_loss run=2 interval=18 step=2926 loss=0.936203
train_loss run=2 interval=18 step=2927 loss=0.950694
train_loss run=2 interval=18 step=2928 loss=0.954141
train_loss run=2 interval=18 step=2929 loss=0.902912
train_loss run=2 interval=18 step=2930 loss=0.961908
train_loss run=2 interval=18 step=2931 loss=0.929227
train_loss run=2 interval=18 step=2932 loss=0.965128
train_loss run=2 interval=18 step=2933 loss=0.961106
train_loss run=2 interval=18 step=2934 loss=0.929882
train_loss run=2 interval=18 step=2935 loss=0.955177
train_loss run=2 interval=18 step=2936 loss=0.931049
train_loss run=2 interval=18 step=2937 loss=0.926741
train_loss run=2 interval=18 step=2938 loss=0.935328
train_loss run=2 interval=18 step=2939 loss=0.944475
train_loss run=2 interval=18 step=2940 loss=0.935303
train_loss run=2 interval=18 step=2941 loss=0.969142
train_loss run=2 interval=18 step=2942 loss=0.921585
train_loss run=2 interval=18 step=2943 loss=0.959036
train_loss run=2 interval=18 step=2944 loss=0.921623
train_loss run=2 interval=18 step=2945 loss=0.929665
train_loss run=2 interval=18 step=2946 loss=0.965414
train_loss run=2 interval=18 step=2947 loss=0.934585
train_loss run=2 interval=18 step=2948 loss=0.931672
train_loss run=2 interval=18 step=2949 loss=0.92963
train_loss run=2 interval=18 step=2950 loss=0.932915
train_loss run=2 interval=18 step=2951 loss=0.916179
train_loss run=2 interval=18 step=2952 loss=0.92305
train_loss run=2 interval=18 step=2953 loss=0.925645
train_loss run=2 interval=18 step=2954 loss=0.92703
train_loss run=2 interval=18 step=2955 loss=0.979971
train_loss run=2 interval=18 step=2956 loss=0.931503
train_loss run=2 interval=18 step=2957 loss=0.935119
train_loss run=2 interval=18 step=2958 loss=0.929676
train_loss run=2 interval=18 step=2959 loss=0.928786
train_loss run=2 interval=18 step=2960 loss=0.942544
train_loss run=2 interval=18 step=2961 loss=0.931303
train_loss run=2 interval=18 step=2962 loss=0.948811
train_loss run=2 interval=18 step=2963 loss=0.95126
train_loss run=2 interval=18 step=2964 loss=0.920862
train_loss run=2 interval=18 step=2965 loss=0.926791
train_loss run=2 interval=18 step=2966 loss=0.928877
train_loss run=2 interval=18 step=2967 loss=0.955997
train_loss run=2 interval=18 step=2968 loss=0.93463
train_loss run=2 interval=18 step=2969 loss=0.951418
train_loss run=2 interval=18 step=2970 loss=0.93293
train_loss run=2 interval=18 step=2971 loss=0.925677
train_loss run=2 interval=18 step=2972 loss=0.940489
train_loss run=2 interval=18 step=2973 loss=0.930859
train_loss run=2 interval=18 step=2974 loss=0.918403
train_loss run=2 interval=18 step=2975 loss=0.96804
train_loss run=2 interval=18 step=2976 loss=0.937081
train_loss run=2 interval=18 step=2977 loss=0.945892
train_loss run=2 interval=18 step=2978 loss=0.953154
train_loss run=2 interval=18 step=2979 loss=0.969327
train_loss run=2 interval=18 step=2980 loss=0.912835
train_loss run=2 interval=18 step=2981 loss=0.953205
train_loss run=2 interval=18 step=2982 loss=0.94078
train_loss run=2 interval=18 step=2983 loss=0.908317
train_loss run=2 interval=18 step=2984 loss=0.939746
train_loss run=2 interval=18 step=2985 loss=0.929682
train_loss run=2 interval=18 step=2986 loss=0.951321
train_loss run=2 interval=18 step=2987 loss=0.971644
train_loss run=2 interval=18 step=2988 loss=0.949486
train_loss run=2 interval=18 step=2989 loss=0.928936
train_loss run=2 interval=18 step=2990 loss=0.933281
train_loss run=2 interval=18 step=2991 loss=0.946754
train_loss run=2 interval=18 step=2992 loss=0.927142
train_loss run=2 interval=18 step=2993 loss=0.955412
train_loss run=2 interval=18 step=2994 loss=0.941152
train_loss run=2 interval=18 step=2995 loss=0.911839
train_loss run=2 interval=18 step=2996 loss=0.949273
train_loss run=2 interval=18 step=2997 loss=0.96377
train_loss run=2 interval=18 step=2998 loss=0.959043
train_loss run=2 interval=18 step=2999 loss=0.919066
train_loss run=2 interval=18 step=3000 loss=0.936867
train_loss run=2 interval=18 step=3001 loss=0.943342
train_loss run=2 interval=18 step=3002 loss=0.923635
train_loss run=2 interval=18 step=3003 loss=0.947449
train_loss run=2 interval=18 step=3004 loss=0.922889
train_loss run=2 interval=18 step=3005 loss=0.907091
train_loss run=2 interval=18 step=3006 loss=1.00038
train_loss run=2 interval=18 step=3007 loss=0.928264
train_loss run=2 interval=18 step=3008 loss=0.928739
train_loss run=2 interval=18 step=3009 loss=0.92837
train_loss run=2 interval=18 step=3010 loss=0.922839
train_loss run=2 interval=18 step=3011 loss=0.917422
train_loss run=2 interval=18 step=3012 loss=0.96576
train_loss run=2 interval=18 step=3013 loss=0.952573
train_loss run=2 interval=18 step=3014 loss=0.93573
train_loss run=2 interval=18 step=3015 loss=0.952004
train_loss run=2 interval=18 step=3016 loss=0.949679
train_loss run=2 interval=18 step=3017 loss=0.954292
train_loss run=2 interval=18 step=3018 loss=0.934251
train_loss run=2 interval=18 step=3019 loss=0.926797
train_loss run=2 interval=18 step=3020 loss=0.948319
train_loss run=2 interval=18 step=3021 loss=0.961793
train_loss run=2 interval=18 step=3022 loss=0.939775
train_loss run=2 interval=18 step=3023 loss=0.942705
train_loss run=2 interval=18 step=3024 loss=0.958345
train_loss run=2 interval=18 step=3025 loss=0.920653
train_loss run=2 interval=18 step=3026 loss=0.990776
train_loss run=2 interval=18 step=3027 loss=0.969016
train_loss run=2 interval=18 step=3028 loss=0.960429
train_loss run=2 interval=18 step=3029 loss=0.931542
train_loss run=2 interval=18 step=3030 loss=0.922726
train_loss run=2 interval=18 step=3031 loss=0.928189
train_loss run=2 interval=18 step=3032 loss=0.941817
train_loss run=2 interval=18 step=3033 loss=0.924
train_loss run=2 interval=18 step=3034 loss=0.941891
train_loss run=2 interval=18 step=3035 loss=0.926972
train_loss run=2 interval=18 step=3036 loss=0.924756
train_loss run=2 interval=18 step=3037 loss=0.92415
train_loss run=2 interval=18 step=3038 loss=0.907815
train_loss run=2 interval=18 step=3039 loss=0.936908
train_loss run=2 interval=18 step=3040 loss=0.947306
interval_boundary_eval run=2 interval=18 step=3040 total_steps=3200 tta_val_acc=0.9316
search run=2 interval=19 phase=main metric=tta_val_acc
main hparams: conv.initial_lr=0.005 conv.momentum=0.3 main=0.933
main hparams: conv.initial_lr=0.003 conv.momentum=0.3 main=0.9338
main hparams: conv.initial_lr=0.0018 conv.momentum=0.3 main=0.9338
main hparams: conv.initial_lr=0.0011 conv.momentum=0.3 main=0.9332
main hparams: conv.initial_lr=0.003 conv.momentum=0.2 main=0.9338
main hparams: conv.initial_lr=0.003 conv.momentum=0.1 main=0.9339
main hparams: conv.initial_lr=0.003 conv.momentum=0 main=0.9337
main hparams: conv.initial_lr=0.0018 conv.momentum=0.1 main=0.9338
main hparams: conv.initial_lr=0.005 conv.momentum=0.1 main=0.9331
search_path step=0 conv.initial_lr=0.005 conv.momentum=0.3 tta_val_acc=0.933
search_path step=1 conv.initial_lr=0.003 conv.momentum=0.3 tta_val_acc=0.9338
search_path step=2 conv.initial_lr=0.003 conv.momentum=0.1 tta_val_acc=0.9339
train_hparams run=2 interval=19 start_step=3040 completed_steps=160 total_steps=3200 conv.initial_lr=0.003 conv.momentum=0.1
train_loss run=2 interval=19 step=3041 loss=0.968797
train_loss run=2 interval=19 step=3042 loss=0.92848
train_loss run=2 interval=19 step=3043 loss=0.93464
train_loss run=2 interval=19 step=3044 loss=0.934311
train_loss run=2 interval=19 step=3045 loss=0.916317
train_loss run=2 interval=19 step=3046 loss=0.947513
train_loss run=2 interval=19 step=3047 loss=0.965698
train_loss run=2 interval=19 step=3048 loss=0.908879
train_loss run=2 interval=19 step=3049 loss=0.943248
train_loss run=2 interval=19 step=3050 loss=0.935405
train_loss run=2 interval=19 step=3051 loss=0.912696
train_loss run=2 interval=19 step=3052 loss=0.941614
train_loss run=2 interval=19 step=3053 loss=0.973073
train_loss run=2 interval=19 step=3054 loss=0.956158
train_loss run=2 interval=19 step=3055 loss=0.959284
train_loss run=2 interval=19 step=3056 loss=0.930866
train_loss run=2 interval=19 step=3057 loss=0.96669
train_loss run=2 interval=19 step=3058 loss=0.935914
train_loss run=2 interval=19 step=3059 loss=0.959292
train_loss run=2 interval=19 step=3060 loss=0.931684
train_loss run=2 interval=19 step=3061 loss=0.929286
train_loss run=2 interval=19 step=3062 loss=0.945342
train_loss run=2 interval=19 step=3063 loss=0.924936
train_loss run=2 interval=19 step=3064 loss=0.941338
train_loss run=2 interval=19 step=3065 loss=0.951788
train_loss run=2 interval=19 step=3066 loss=0.898323
train_loss run=2 interval=19 step=3067 loss=0.923153
train_loss run=2 interval=19 step=3068 loss=0.928462
train_loss run=2 interval=19 step=3069 loss=0.92909
train_loss run=2 interval=19 step=3070 loss=0.909926
train_loss run=2 interval=19 step=3071 loss=0.931466
train_loss run=2 interval=19 step=3072 loss=0.947983
train_loss run=2 interval=19 step=3073 loss=0.970584
train_loss run=2 interval=19 step=3074 loss=0.936109
train_loss run=2 interval=19 step=3075 loss=0.906181
train_loss run=2 interval=19 step=3076 loss=0.925701
train_loss run=2 interval=19 step=3077 loss=0.933298
train_loss run=2 interval=19 step=3078 loss=0.977409
train_loss run=2 interval=19 step=3079 loss=0.93563
train_loss run=2 interval=19 step=3080 loss=0.945557
train_loss run=2 interval=19 step=3081 loss=0.942258
train_loss run=2 interval=19 step=3082 loss=0.927407
train_loss run=2 interval=19 step=3083 loss=0.934872
train_loss run=2 interval=19 step=3084 loss=0.946873
train_loss run=2 interval=19 step=3085 loss=0.935909
train_loss run=2 interval=19 step=3086 loss=0.92351
train_loss run=2 interval=19 step=3087 loss=0.930102
train_loss run=2 interval=19 step=3088 loss=0.912336
train_loss run=2 interval=19 step=3089 loss=0.946643
train_loss run=2 interval=19 step=3090 loss=0.91972
train_loss run=2 interval=19 step=3091 loss=0.936988
train_loss run=2 interval=19 step=3092 loss=0.938007
train_loss run=2 interval=19 step=3093 loss=0.953011
train_loss run=2 interval=19 step=3094 loss=0.919603
train_loss run=2 interval=19 step=3095 loss=0.92088
train_loss run=2 interval=19 step=3096 loss=0.947304
train_loss run=2 interval=19 step=3097 loss=0.954255
train_loss run=2 interval=19 step=3098 loss=0.927632
train_loss run=2 interval=19 step=3099 loss=0.95709
train_loss run=2 interval=19 step=3100 loss=0.941783
train_loss run=2 interval=19 step=3101 loss=0.970449
train_loss run=2 interval=19 step=3102 loss=0.923012
train_loss run=2 interval=19 step=3103 loss=0.95596
train_loss run=2 interval=19 step=3104 loss=0.956361
train_loss run=2 interval=19 step=3105 loss=0.917301
train_loss run=2 interval=19 step=3106 loss=0.923557
train_loss run=2 interval=19 step=3107 loss=0.951992
train_loss run=2 interval=19 step=3108 loss=0.952313
train_loss run=2 interval=19 step=3109 loss=0.964695
train_loss run=2 interval=19 step=3110 loss=0.928316
train_loss run=2 interval=19 step=3111 loss=0.943707
train_loss run=2 interval=19 step=3112 loss=0.934788
train_loss run=2 interval=19 step=3113 loss=0.967423
train_loss run=2 interval=19 step=3114 loss=0.938395
train_loss run=2 interval=19 step=3115 loss=0.915663
train_loss run=2 interval=19 step=3116 loss=0.935542
train_loss run=2 interval=19 step=3117 loss=0.928756
train_loss run=2 interval=19 step=3118 loss=0.907463
train_loss run=2 interval=19 step=3119 loss=0.916055
train_loss run=2 interval=19 step=3120 loss=0.929968
train_loss run=2 interval=19 step=3121 loss=0.939512
train_loss run=2 interval=19 step=3122 loss=0.941395
train_loss run=2 interval=19 step=3123 loss=0.957826
train_loss run=2 interval=19 step=3124 loss=0.961154
train_loss run=2 interval=19 step=3125 loss=0.932318
train_loss run=2 interval=19 step=3126 loss=0.93447
train_loss run=2 interval=19 step=3127 loss=0.925322
train_loss run=2 interval=19 step=3128 loss=1.00073
train_loss run=2 interval=19 step=3129 loss=0.902091
train_loss run=2 interval=19 step=3130 loss=0.945226
train_loss run=2 interval=19 step=3131 loss=0.933846
train_loss run=2 interval=19 step=3132 loss=0.905471
train_loss run=2 interval=19 step=3133 loss=0.931747
train_loss run=2 interval=19 step=3134 loss=0.964124
train_loss run=2 interval=19 step=3135 loss=0.91609
train_loss run=2 interval=19 step=3136 loss=0.934677
train_loss run=2 interval=19 step=3137 loss=0.927501
train_loss run=2 interval=19 step=3138 loss=0.944893
train_loss run=2 interval=19 step=3139 loss=0.961919
train_loss run=2 interval=19 step=3140 loss=0.936258
train_loss run=2 interval=19 step=3141 loss=0.916377
train_loss run=2 interval=19 step=3142 loss=0.962974
train_loss run=2 interval=19 step=3143 loss=1.00127
train_loss run=2 interval=19 step=3144 loss=0.923902
train_loss run=2 interval=19 step=3145 loss=0.936971
train_loss run=2 interval=19 step=3146 loss=0.919868
train_loss run=2 interval=19 step=3147 loss=1.00171
train_loss run=2 interval=19 step=3148 loss=0.915541
train_loss run=2 interval=19 step=3149 loss=0.924173
train_loss run=2 interval=19 step=3150 loss=0.931844
train_loss run=2 interval=19 step=3151 loss=0.946448
train_loss run=2 interval=19 step=3152 loss=0.94284
train_loss run=2 interval=19 step=3153 loss=0.956402
train_loss run=2 interval=19 step=3154 loss=0.933601
train_loss run=2 interval=19 step=3155 loss=0.949173
train_loss run=2 interval=19 step=3156 loss=0.926745
train_loss run=2 interval=19 step=3157 loss=0.941055
train_loss run=2 interval=19 step=3158 loss=0.988224
train_loss run=2 interval=19 step=3159 loss=0.904743
train_loss run=2 interval=19 step=3160 loss=0.922311
train_loss run=2 interval=19 step=3161 loss=0.967538
train_loss run=2 interval=19 step=3162 loss=0.93371
train_loss run=2 interval=19 step=3163 loss=0.956239
train_loss run=2 interval=19 step=3164 loss=0.938664
train_loss run=2 interval=19 step=3165 loss=0.933575
train_loss run=2 interval=19 step=3166 loss=0.958282
train_loss run=2 interval=19 step=3167 loss=0.910411
train_loss run=2 interval=19 step=3168 loss=0.965412
train_loss run=2 interval=19 step=3169 loss=0.925786
train_loss run=2 interval=19 step=3170 loss=0.937002
train_loss run=2 interval=19 step=3171 loss=0.931581
train_loss run=2 interval=19 step=3172 loss=0.90843
train_loss run=2 interval=19 step=3173 loss=0.921126
train_loss run=2 interval=19 step=3174 loss=0.917726
train_loss run=2 interval=19 step=3175 loss=0.929093
train_loss run=2 interval=19 step=3176 loss=0.956318
train_loss run=2 interval=19 step=3177 loss=0.92638
train_loss run=2 interval=19 step=3178 loss=0.950631
train_loss run=2 interval=19 step=3179 loss=0.938368
train_loss run=2 interval=19 step=3180 loss=0.941175
train_loss run=2 interval=19 step=3181 loss=0.915899
train_loss run=2 interval=19 step=3182 loss=0.919323
train_loss run=2 interval=19 step=3183 loss=0.913283
train_loss run=2 interval=19 step=3184 loss=0.939307
train_loss run=2 interval=19 step=3185 loss=0.904166
train_loss run=2 interval=19 step=3186 loss=0.948464
train_loss run=2 interval=19 step=3187 loss=0.928119
train_loss run=2 interval=19 step=3188 loss=0.94184
train_loss run=2 interval=19 step=3189 loss=0.955444
train_loss run=2 interval=19 step=3190 loss=0.993691
train_loss run=2 interval=19 step=3191 loss=0.930211
train_loss run=2 interval=19 step=3192 loss=0.925397
train_loss run=2 interval=19 step=3193 loss=0.939998
train_loss run=2 interval=19 step=3194 loss=0.945739
train_loss run=2 interval=19 step=3195 loss=0.928457
train_loss run=2 interval=19 step=3196 loss=0.914301
train_loss run=2 interval=19 step=3197 loss=0.935007
train_loss run=2 interval=19 step=3198 loss=0.939449
train_loss run=2 interval=19 step=3199 loss=0.95181
train_loss run=2 interval=19 step=3200 loss=0.934094
interval_boundary_eval run=2 interval=19 step=3200 total_steps=3200 tta_val_acc=0.9339
val_acc=0.9213 tta_val_acc=0.9339 seconds=696.1166
base_config run=3
{
  "batch_size": 500,
  "num_epochs": 8,
  "overfit": false,
  "hparam_tuning": {
    "algorithm": "interval",
    "interval_steps": 160,
    "cooldown_steps": 160,
    "parameters": {"conv.initial_lr": null, "conv.momentum": [0.0, 0.1, 0.2, 0.3, 0.4, 0.5, 0.6, 0.7, 0.8, 0.9, 0.95, 0.99]},
    "max_side_steps": 20,
    "lr_factor": 0.6,
    "initial_dropoff_margin": 0.02,
    "metric": "tta_val_acc"
  },
  "param_groups": {
    "whiten_weight": {"algorithm": "sgd", "lr_scheduler": {"type": "constant", "initial_lr": 0.0}, "momentum": 0.85, "nesterov": true},
    "norm_weight": {"algorithm": "sgd", "lr_scheduler": {"type": "constant", "initial_lr": 0.0}, "momentum": 0.85, "nesterov": true},
    "whiten_bias": {"algorithm": "sgd", "lr_scheduler": {"type": "linear", "initial_lr": 26, "decay_epochs": 3}, "momentum": 0.85, "nesterov": true},
    "norm_bias": {"algorithm": "sgd", "lr_scheduler": {"type": "linear", "initial_lr": 26, "decay_epochs": 8}, "momentum": 0.85, "nesterov": true},
    "head": {"algorithm": "sgd", "lr_scheduler": {"type": "linear", "initial_lr": 340, "decay_epochs": 8}, "momentum": 0.85, "nesterov": true},
    "conv": {"algorithm": "muon", "lr_scheduler": {"type": "linear", "initial_lr": 0.079, "decay_epochs": 8}, "momentum": 0.6, "nesterov": true}
  }
}
search run=3 interval=0 phase=main metric=tta_val_acc
main hparams: conv.initial_lr=0.079 conv.momentum=0.6 main=0.8128
main hparams: conv.initial_lr=0.13 conv.momentum=0.6 main=0.7849
main hparams: conv.initial_lr=0.047 conv.momentum=0.6 main=0.8284
main hparams: conv.initial_lr=0.028 conv.momentum=0.6 main=0.8469
main hparams: conv.initial_lr=0.017 conv.momentum=0.6 main=0.82
main hparams: conv.initial_lr=0.047 conv.momentum=0.5 main=0.8428
main hparams: conv.initial_lr=0.047 conv.momentum=0.4 main=0.8188
search_path step=0 conv.initial_lr=0.079 conv.momentum=0.6 tta_val_acc=0.8128
search_path step=1 conv.initial_lr=0.047 conv.momentum=0.6 tta_val_acc=0.8284
search_path step=2 conv.initial_lr=0.047 conv.momentum=0.5 tta_val_acc=0.8428
search run=3 interval=0 phase=cooldown metric=tta_val_acc
main hparams: conv.initial_lr=0.047 conv.momentum=0.5
conv.initial_lr=0.047 -> tta_val_acc=0.8748
conv.initial_lr=0.028 -> tta_val_acc=0.888
conv.initial_lr=0.017 -> tta_val_acc=0.8968
conv.initial_lr=0.01 -> tta_val_acc=0.898
conv.initial_lr=0.0061 -> tta_val_acc=0.8931
conv.initial_lr=0.006 -> tta_val_acc=0.8933
search_path step=0 conv.initial_lr=0.047 tta_val_acc=0.8748
search_path step=1 conv.initial_lr=0.01 tta_val_acc=0.898
search run=3 interval=0 phase=main metric=tta_val_acc
cooldown hparams: conv.initial_lr=0.01
main hparams: conv.initial_lr=0.047 conv.momentum=0.5 best_cooldown=0.898
main hparams: conv.initial_lr=0.028 conv.momentum=0.5 best_cooldown=0.8928
main hparams: conv.initial_lr=0.078 conv.momentum=0.5 best_cooldown=0.9048
main hparams: conv.initial_lr=0.13 conv.momentum=0.5 best_cooldown=0.9019
main hparams: conv.initial_lr=0.078 conv.momentum=0.4 best_cooldown=0.9046
main hparams: conv.initial_lr=0.078 conv.momentum=0.6 best_cooldown=0.9089
main hparams: conv.initial_lr=0.078 conv.momentum=0.7 best_cooldown=0.9125
main hparams: conv.initial_lr=0.078 conv.momentum=0.8 best_cooldown=0.9075
main hparams: conv.initial_lr=0.047 conv.momentum=0.7 best_cooldown=0.9079
main hparams: conv.initial_lr=0.13 conv.momentum=0.7 best_cooldown=0.9015
search_path step=0 conv.initial_lr=0.047 conv.momentum=0.5 tta_val_acc=0.898
search_path step=1 conv.initial_lr=0.078 conv.momentum=0.5 tta_val_acc=0.9048
search_path step=2 conv.initial_lr=0.078 conv.momentum=0.7 tta_val_acc=0.9125
search run=3 interval=0 phase=cooldown metric=tta_val_acc
main hparams: conv.initial_lr=0.078 conv.momentum=0.7
conv.initial_lr=0.01 -> tta_val_acc=0.9125
conv.initial_lr=0.006 -> tta_val_acc=0.9052
conv.initial_lr=0.017 -> tta_val_acc=0.9145
conv.initial_lr=0.028 -> tta_val_acc=0.9061
search_path step=0 conv.initial_lr=0.01 tta_val_acc=0.9125
search_path step=1 conv.initial_lr=0.017 tta_val_acc=0.9145
search run=3 interval=0 phase=main metric=tta_val_acc
cooldown hparams: conv.initial_lr=0.017
main hparams: conv.initial_lr=0.078 conv.momentum=0.7 best_cooldown=0.9145
main hparams: conv.initial_lr=0.047 conv.momentum=0.7 best_cooldown=0.9059
main hparams: conv.initial_lr=0.13 conv.momentum=0.7 best_cooldown=0.9027
main hparams: conv.initial_lr=0.078 conv.momentum=0.6 best_cooldown=0.9108
main hparams: conv.initial_lr=0.078 conv.momentum=0.8 best_cooldown=0.9038
search_path step=0 conv.initial_lr=0.078 conv.momentum=0.7 tta_val_acc=0.9145
train_hparams run=3 interval=0 start_step=0 completed_steps=160 total_steps=800 conv.initial_lr=0.078 conv.momentum=0.7
train_loss run=3 interval=0 step=1 loss=2.30936
train_loss run=3 interval=0 step=2 loss=2.25307
train_loss run=3 interval=0 step=3 loss=2.19755
train_loss run=3 interval=0 step=4 loss=2.15815
train_loss run=3 interval=0 step=5 loss=2.12777
train_loss run=3 interval=0 step=6 loss=2.07259
train_loss run=3 interval=0 step=7 loss=1.98697
train_loss run=3 interval=0 step=8 loss=1.93944
train_loss run=3 interval=0 step=9 loss=1.89519
train_loss run=3 interval=0 step=10 loss=1.86488
train_loss run=3 interval=0 step=11 loss=1.8655
train_loss run=3 interval=0 step=12 loss=1.76045
train_loss run=3 interval=0 step=13 loss=1.73108
train_loss run=3 interval=0 step=14 loss=1.72536
train_loss run=3 interval=0 step=15 loss=1.6272
train_loss run=3 interval=0 step=16 loss=1.66853
train_loss run=3 interval=0 step=17 loss=1.56401
train_loss run=3 interval=0 step=18 loss=1.61049
train_loss run=3 interval=0 step=19 loss=1.62463
train_loss run=3 interval=0 step=20 loss=1.53865
train_loss run=3 interval=0 step=21 loss=1.57583
train_loss run=3 interval=0 step=22 loss=1.53935
train_loss run=3 interval=0 step=23 loss=1.49792
train_loss run=3 interval=0 step=24 loss=1.6043
train_loss run=3 interval=0 step=25 loss=1.47516
train_loss run=3 interval=0 step=26 loss=1.50533
train_loss run=3 interval=0 step=27 loss=1.48265
train_loss run=3 interval=0 step=28 loss=1.45811
train_loss run=3 interval=0 step=29 loss=1.43735
train_loss run=3 interval=0 step=30 loss=1.42567
train_loss run=3 interval=0 step=31 loss=1.44128
train_loss run=3 interval=0 step=32 loss=1.43577
train_loss run=3 interval=0 step=33 loss=1.43177
train_loss run=3 interval=0 step=34 loss=1.40235
train_loss run=3 interval=0 step=35 loss=1.37316
train_loss run=3 interval=0 step=36 loss=1.40852
train_loss run=3 interval=0 step=37 loss=1.35875
train_loss run=3 interval=0 step=38 loss=1.37559
train_loss run=3 interval=0 step=39 loss=1.39711
train_loss run=3 interval=0 step=40 loss=1.36753
train_loss run=3 interval=0 step=41 loss=1.37559
train_loss run=3 interval=0 step=42 loss=1.37285
train_loss run=3 interval=0 step=43 loss=1.36018
train_loss run=3 interval=0 step=44 loss=1.38857
train_loss run=3 interval=0 step=45 loss=1.36404
train_loss run=3 interval=0 step=46 loss=1.3405
train_loss run=3 interval=0 step=47 loss=1.38116
train_loss run=3 interval=0 step=48 loss=1.36074
train_loss run=3 interval=0 step=49 loss=1.32829
train_loss run=3 interval=0 step=50 loss=1.3411
train_loss run=3 interval=0 step=51 loss=1.35367
train_loss run=3 interval=0 step=52 loss=1.3187
train_loss run=3 interval=0 step=53 loss=1.30417
train_loss run=3 interval=0 step=54 loss=1.36154
train_loss run=3 interval=0 step=55 loss=1.29959
train_loss run=3 interval=0 step=56 loss=1.31442
train_loss run=3 interval=0 step=57 loss=1.27229
train_loss run=3 interval=0 step=58 loss=1.32911
train_loss run=3 interval=0 step=59 loss=1.32374
train_loss run=3 interval=0 step=60 loss=1.33441
train_loss run=3 interval=0 step=61 loss=1.32089
train_loss run=3 interval=0 step=62 loss=1.31881
train_loss run=3 interval=0 step=63 loss=1.26145
train_loss run=3 interval=0 step=64 loss=1.30759
train_loss run=3 interval=0 step=65 loss=1.28422
train_loss run=3 interval=0 step=66 loss=1.30913
train_loss run=3 interval=0 step=67 loss=1.3129
train_loss run=3 interval=0 step=68 loss=1.28202
train_loss run=3 interval=0 step=69 loss=1.27122
train_loss run=3 interval=0 step=70 loss=1.26525
train_loss run=3 interval=0 step=71 loss=1.26123
train_loss run=3 interval=0 step=72 loss=1.28652
train_loss run=3 interval=0 step=73 loss=1.27783
train_loss run=3 interval=0 step=74 loss=1.31423
train_loss run=3 interval=0 step=75 loss=1.25818
train_loss run=3 interval=0 step=76 loss=1.25456
train_loss run=3 interval=0 step=77 loss=1.26929
train_loss run=3 interval=0 step=78 loss=1.26955
train_loss run=3 interval=0 step=79 loss=1.25864
train_loss run=3 interval=0 step=80 loss=1.25542
train_loss run=3 interval=0 step=81 loss=1.28914
train_loss run=3 interval=0 step=82 loss=1.26018
train_loss run=3 interval=0 step=83 loss=1.27691
train_loss run=3 interval=0 step=84 loss=1.27386
train_loss run=3 interval=0 step=85 loss=1.2416
train_loss run=3 interval=0 step=86 loss=1.26455
train_loss run=3 interval=0 step=87 loss=1.25269
train_loss run=3 interval=0 step=88 loss=1.25078
train_loss run=3 interval=0 step=89 loss=1.24117
train_loss run=3 interval=0 step=90 loss=1.22475
train_loss run=3 interval=0 step=91 loss=1.24308
train_loss run=3 interval=0 step=92 loss=1.25241
train_loss run=3 interval=0 step=93 loss=1.22803
train_loss run=3 interval=0 step=94 loss=1.19316
train_loss run=3 interval=0 step=95 loss=1.26845
train_loss run=3 interval=0 step=96 loss=1.20049
train_loss run=3 interval=0 step=97 loss=1.22919
train_loss run=3 interval=0 step=98 loss=1.22292
train_loss run=3 interval=0 step=99 loss=1.26632
train_loss run=3 interval=0 step=100 loss=1.23339
train_loss run=3 interval=0 step=101 loss=1.22554
train_loss run=3 interval=0 step=102 loss=1.25566
train_loss run=3 interval=0 step=103 loss=1.24287
train_loss run=3 interval=0 step=104 loss=1.24138
train_loss run=3 interval=0 step=105 loss=1.26121
train_loss run=3 interval=0 step=106 loss=1.22499
train_loss run=3 interval=0 step=107 loss=1.23443
train_loss run=3 interval=0 step=108 loss=1.2115
train_loss run=3 interval=0 step=109 loss=1.20593
train_loss run=3 interval=0 step=110 loss=1.22848
train_loss run=3 interval=0 step=111 loss=1.26336
train_loss run=3 interval=0 step=112 loss=1.19983
train_loss run=3 interval=0 step=113 loss=1.21134
train_loss run=3 interval=0 step=114 loss=1.27075
train_loss run=3 interval=0 step=115 loss=1.23757
train_loss run=3 interval=0 step=116 loss=1.23135
train_loss run=3 interval=0 step=117 loss=1.20025
train_loss run=3 interval=0 step=118 loss=1.19187
train_loss run=3 interval=0 step=119 loss=1.19157
train_loss run=3 interval=0 step=120 loss=1.18502
train_loss run=3 interval=0 step=121 loss=1.20535
train_loss run=3 interval=0 step=122 loss=1.249
train_loss run=3 interval=0 step=123 loss=1.24
train_loss run=3 interval=0 step=124 loss=1.23306
train_loss run=3 interval=0 step=125 loss=1.18472
train_loss run=3 interval=0 step=126 loss=1.19381
train_loss run=3 interval=0 step=127 loss=1.21136
train_loss run=3 interval=0 step=128 loss=1.18994
train_loss run=3 interval=0 step=129 loss=1.23489
train_loss run=3 interval=0 step=130 loss=1.16639
train_loss run=3 interval=0 step=131 loss=1.20204
train_loss run=3 interval=0 step=132 loss=1.22362
train_loss run=3 interval=0 step=133 loss=1.19927
train_loss run=3 interval=0 step=134 loss=1.22955
train_loss run=3 interval=0 step=135 loss=1.21325
train_loss run=3 interval=0 step=136 loss=1.18782
train_loss run=3 interval=0 step=137 loss=1.19639
train_loss run=3 interval=0 step=138 loss=1.25691
train_loss run=3 interval=0 step=139 loss=1.18089
train_loss run=3 interval=0 step=140 loss=1.24498
train_loss run=3 interval=0 step=141 loss=1.20385
train_loss run=3 interval=0 step=142 loss=1.19664
train_loss run=3 interval=0 step=143 loss=1.21974
train_loss run=3 interval=0 step=144 loss=1.21195
train_loss run=3 interval=0 step=145 loss=1.21312
train_loss run=3 interval=0 step=146 loss=1.22342
train_loss run=3 interval=0 step=147 loss=1.19789
train_loss run=3 interval=0 step=148 loss=1.19089
train_loss run=3 interval=0 step=149 loss=1.17558
train_loss run=3 interval=0 step=150 loss=1.22776
train_loss run=3 interval=0 step=151 loss=1.2004
train_loss run=3 interval=0 step=152 loss=1.19804
train_loss run=3 interval=0 step=153 loss=1.19155
train_loss run=3 interval=0 step=154 loss=1.18333
train_loss run=3 interval=0 step=155 loss=1.19612
train_loss run=3 interval=0 step=156 loss=1.22666
train_loss run=3 interval=0 step=157 loss=1.25088
train_loss run=3 interval=0 step=158 loss=1.2141
train_loss run=3 interval=0 step=159 loss=1.19416
train_loss run=3 interval=0 step=160 loss=1.23726
interval_boundary_eval run=3 interval=0 step=160 total_steps=800 tta_val_acc=0.8038
search run=3 interval=1 phase=baseline metric=tta_val_acc
main hparams: conv.initial_lr=0.078 conv.momentum=0.7 main=0.8581
search_path step=0 conv.initial_lr=0.078 conv.momentum=0.7 tta_val_acc=0.8581
search run=3 interval=1 phase=cooldown metric=tta_val_acc
main hparams: conv.initial_lr=0.078 conv.momentum=0.7
conv.initial_lr=0.017 -> tta_val_acc=0.9211
conv.initial_lr=0.01 -> tta_val_acc=0.9234
conv.initial_lr=0.0061 -> tta_val_acc=0.9209
conv.initial_lr=0.006 -> tta_val_acc=0.9208
search_path step=0 conv.initial_lr=0.017 tta_val_acc=0.9211
search_path step=1 conv.initial_lr=0.01 tta_val_acc=0.9234
search run=3 interval=1 phase=main metric=tta_val_acc
cooldown hparams: conv.initial_lr=0.01
main hparams: conv.initial_lr=0.078 conv.momentum=0.7 best_cooldown=0.9234
main hparams: conv.initial_lr=0.047 conv.momentum=0.7 best_cooldown=0.9288
main hparams: conv.initial_lr=0.028 conv.momentum=0.7 best_cooldown=0.9239
main hparams: conv.initial_lr=0.047 conv.momentum=0.6 best_cooldown=0.9266
main hparams: conv.initial_lr=0.047 conv.momentum=0.8 best_cooldown=0.9232
search_path step=0 conv.initial_lr=0.078 conv.momentum=0.7 tta_val_acc=0.9234
search_path step=1 conv.initial_lr=0.047 conv.momentum=0.7 tta_val_acc=0.9288
search run=3 interval=1 phase=cooldown metric=tta_val_acc
main hparams: conv.initial_lr=0.047 conv.momentum=0.7
conv.initial_lr=0.01 -> tta_val_acc=0.9288
conv.initial_lr=0.006 -> tta_val_acc=0.9281
conv.initial_lr=0.017 -> tta_val_acc=0.925
search_path step=0 conv.initial_lr=0.01 tta_val_acc=0.9288
train_hparams run=3 interval=1 start_step=160 completed_steps=160 total_steps=800 conv.initial_lr=0.047 conv.momentum=0.7
train_loss run=3 interval=1 step=161 loss=1.1975
train_loss run=3 interval=1 step=162 loss=1.16836
train_loss run=3 interval=1 step=163 loss=1.14007
train_loss run=3 interval=1 step=164 loss=1.2003
train_loss run=3 interval=1 step=165 loss=1.16357
train_loss run=3 interval=1 step=166 loss=1.15393
train_loss run=3 interval=1 step=167 loss=1.2015
train_loss run=3 interval=1 step=168 loss=1.1843
train_loss run=3 interval=1 step=169 loss=1.1533
train_loss run=3 interval=1 step=170 loss=1.12306
train_loss run=3 interval=1 step=171 loss=1.13014
train_loss run=3 interval=1 step=172 loss=1.15401
train_loss run=3 interval=1 step=173 loss=1.14857
train_loss run=3 interval=1 step=174 loss=1.15363
train_loss run=3 interval=1 step=175 loss=1.17458
train_loss run=3 interval=1 step=176 loss=1.14923
train_loss run=3 interval=1 step=177 loss=1.16236
train_loss run=3 interval=1 step=178 loss=1.13601
train_loss run=3 interval=1 step=179 loss=1.12102
train_loss run=3 interval=1 step=180 loss=1.13941
train_loss run=3 interval=1 step=181 loss=1.12078
train_loss run=3 interval=1 step=182 loss=1.15228
train_loss run=3 interval=1 step=183 loss=1.15293
train_loss run=3 interval=1 step=184 loss=1.13997
train_loss run=3 interval=1 step=185 loss=1.16651
train_loss run=3 interval=1 step=186 loss=1.14897
train_loss run=3 interval=1 step=187 loss=1.17181
train_loss run=3 interval=1 step=188 loss=1.12925
train_loss run=3 interval=1 step=189 loss=1.09706
train_loss run=3 interval=1 step=190 loss=1.14819
train_loss run=3 interval=1 step=191 loss=1.18048
train_loss run=3 interval=1 step=192 loss=1.13453
train_loss run=3 interval=1 step=193 loss=1.15733
train_loss run=3 interval=1 step=194 loss=1.16049
train_loss run=3 interval=1 step=195 loss=1.13464
train_loss run=3 interval=1 step=196 loss=1.12908
train_loss run=3 interval=1 step=197 loss=1.15782
train_loss run=3 interval=1 step=198 loss=1.10505
train_loss run=3 interval=1 step=199 loss=1.16498
train_loss run=3 interval=1 step=200 loss=1.1734
train_loss run=3 interval=1 step=201 loss=1.09113
train_loss run=3 interval=1 step=202 loss=1.14999
train_loss run=3 interval=1 step=203 loss=1.10728
train_loss run=3 interval=1 step=204 loss=1.11186
train_loss run=3 interval=1 step=205 loss=1.15282
train_loss run=3 interval=1 step=206 loss=1.11116
train_loss run=3 interval=1 step=207 loss=1.11372
train_loss run=3 interval=1 step=208 loss=1.10293
train_loss run=3 interval=1 step=209 loss=1.14061
train_loss run=3 interval=1 step=210 loss=1.09785
train_loss run=3 interval=1 step=211 loss=1.10698
train_loss run=3 interval=1 step=212 loss=1.12797
train_loss run=3 interval=1 step=213 loss=1.131
train_loss run=3 interval=1 step=214 loss=1.12649
train_loss run=3 interval=1 step=215 loss=1.11934
train_loss run=3 interval=1 step=216 loss=1.0814
train_loss run=3 interval=1 step=217 loss=1.07386
train_loss run=3 interval=1 step=218 loss=1.10851
train_loss run=3 interval=1 step=219 loss=1.07732
train_loss run=3 interval=1 step=220 loss=1.14146
train_loss run=3 interval=1 step=221 loss=1.13818
train_loss run=3 interval=1 step=222 loss=1.1089
train_loss run=3 interval=1 step=223 loss=1.11696
train_loss run=3 interval=1 step=224 loss=1.10265
train_loss run=3 interval=1 step=225 loss=1.11348
train_loss run=3 interval=1 step=226 loss=1.10527
train_loss run=3 interval=1 step=227 loss=1.10799
train_loss run=3 interval=1 step=228 loss=1.12285
train_loss run=3 interval=1 step=229 loss=1.1041
train_loss run=3 interval=1 step=230 loss=1.08682
train_loss run=3 interval=1 step=231 loss=1.09968
train_loss run=3 interval=1 step=232 loss=1.14442
train_loss run=3 interval=1 step=233 loss=1.09441
train_loss run=3 interval=1 step=234 loss=1.08983
train_loss run=3 interval=1 step=235 loss=1.11285
train_loss run=3 interval=1 step=236 loss=1.13625
train_loss run=3 interval=1 step=237 loss=1.13088
train_loss run=3 interval=1 step=238 loss=1.08259
train_loss run=3 interval=1 step=239 loss=1.1452
train_loss run=3 interval=1 step=240 loss=1.09501
train_loss run=3 interval=1 step=241 loss=1.10982
train_loss run=3 interval=1 step=242 loss=1.11159
train_loss run=3 interval=1 step=243 loss=1.11329
train_loss run=3 interval=1 step=244 loss=1.07902
train_loss run=3 interval=1 step=245 loss=1.0929
train_loss run=3 interval=1 step=246 loss=1.12874
train_loss run=3 interval=1 step=247 loss=1.13445
train_loss run=3 interval=1 step=248 loss=1.12214
train_loss run=3 interval=1 step=249 loss=1.10021
train_loss run=3 interval=1 step=250 loss=1.1008
train_loss run=3 interval=1 step=251 loss=1.10549
train_loss run=3 interval=1 step=252 loss=1.1335
train_loss run=3 interval=1 step=253 loss=1.0917
train_loss run=3 interval=1 step=254 loss=1.11143
train_loss run=3 interval=1 step=255 loss=1.10503
train_loss run=3 interval=1 step=256 loss=1.09478
train_loss run=3 interval=1 step=257 loss=1.11144
train_loss run=3 interval=1 step=258 loss=1.09921
train_loss run=3 interval=1 step=259 loss=1.11773
train_loss run=3 interval=1 step=260 loss=1.12436
train_loss run=3 interval=1 step=261 loss=1.11575
train_loss run=3 interval=1 step=262 loss=1.10696
train_loss run=3 interval=1 step=263 loss=1.17053
train_loss run=3 interval=1 step=264 loss=1.12996
train_loss run=3 interval=1 step=265 loss=1.10781
train_loss run=3 interval=1 step=266 loss=1.09871
train_loss run=3 interval=1 step=267 loss=1.12448
train_loss run=3 interval=1 step=268 loss=1.11815
train_loss run=3 interval=1 step=269 loss=1.10405
train_loss run=3 interval=1 step=270 loss=1.09721
train_loss run=3 interval=1 step=271 loss=1.13751
train_loss run=3 interval=1 step=272 loss=1.08738
train_loss run=3 interval=1 step=273 loss=1.1099
train_loss run=3 interval=1 step=274 loss=1.11142
train_loss run=3 interval=1 step=275 loss=1.11696
train_loss run=3 interval=1 step=276 loss=1.11153
train_loss run=3 interval=1 step=277 loss=1.10588
train_loss run=3 interval=1 step=278 loss=1.10502
train_loss run=3 interval=1 step=279 loss=1.09587
train_loss run=3 interval=1 step=280 loss=1.10529
train_loss run=3 interval=1 step=281 loss=1.13463
train_loss run=3 interval=1 step=282 loss=1.08044
train_loss run=3 interval=1 step=283 loss=1.10058
train_loss run=3 interval=1 step=284 loss=1.15202
train_loss run=3 interval=1 step=285 loss=1.08157
train_loss run=3 interval=1 step=286 loss=1.12413
train_loss run=3 interval=1 step=287 loss=1.08444
train_loss run=3 interval=1 step=288 loss=1.08104
train_loss run=3 interval=1 step=289 loss=1.09742
train_loss run=3 interval=1 step=290 loss=1.13563
train_loss run=3 interval=1 step=291 loss=1.09371
train_loss run=3 interval=1 step=292 loss=1.10088
train_loss run=3 interval=1 step=293 loss=1.15377
train_loss run=3 interval=1 step=294 loss=1.06405
train_loss run=3 interval=1 step=295 loss=1.07471
train_loss run=3 interval=1 step=296 loss=1.08665
train_loss run=3 interval=1 step=297 loss=1.10907
train_loss run=3 interval=1 step=298 loss=1.12901
train_loss run=3 interval=1 step=299 loss=1.11687
train_loss run=3 interval=1 step=300 loss=1.10867
train_loss run=3 interval=1 step=301 loss=1.07646
train_loss run=3 interval=1 step=302 loss=1.06791
train_loss run=3 interval=1 step=303 loss=1.08148
train_loss run=3 interval=1 step=304 loss=1.0817
train_loss run=3 interval=1 step=305 loss=1.0835
train_loss run=3 interval=1 step=306 loss=1.09905
train_loss run=3 interval=1 step=307 loss=1.09432
train_loss run=3 interval=1 step=308 loss=1.07278
train_loss run=3 interval=1 step=309 loss=1.06603
train_loss run=3 interval=1 step=310 loss=1.08138
train_loss run=3 interval=1 step=311 loss=1.05793
train_loss run=3 interval=1 step=312 loss=1.07078
train_loss run=3 interval=1 step=313 loss=1.0567
train_loss run=3 interval=1 step=314 loss=1.08871
train_loss run=3 interval=1 step=315 loss=1.09006
train_loss run=3 interval=1 step=316 loss=1.06465
train_loss run=3 interval=1 step=317 loss=1.05099
train_loss run=3 interval=1 step=318 loss=1.06254
train_loss run=3 interval=1 step=319 loss=1.04667
train_loss run=3 interval=1 step=320 loss=1.07443
interval_boundary_eval run=3 interval=1 step=320 total_steps=800 tta_val_acc=0.878
search run=3 interval=2 phase=baseline metric=tta_val_acc
main hparams: conv.initial_lr=0.047 conv.momentum=0.7 main=0.8901
search_path step=0 conv.initial_lr=0.047 conv.momentum=0.7 tta_val_acc=0.8901
search run=3 interval=2 phase=cooldown metric=tta_val_acc
main hparams: conv.initial_lr=0.047 conv.momentum=0.7
conv.initial_lr=0.01 -> tta_val_acc=0.9277
conv.initial_lr=0.006 -> tta_val_acc=0.9284
conv.initial_lr=0.0036 -> tta_val_acc=0.9281
search_path step=0 conv.initial_lr=0.01 tta_val_acc=0.9277
search_path step=1 conv.initial_lr=0.006 tta_val_acc=0.9284
search run=3 interval=2 phase=main metric=tta_val_acc
cooldown hparams: conv.initial_lr=0.006
main hparams: conv.initial_lr=0.047 conv.momentum=0.7 best_cooldown=0.9284
main hparams: conv.initial_lr=0.028 conv.momentum=0.7 best_cooldown=0.934
main hparams: conv.initial_lr=0.017 conv.momentum=0.7 best_cooldown=0.9334
main hparams: conv.initial_lr=0.028 conv.momentum=0.6 best_cooldown=0.9337
main hparams: conv.initial_lr=0.028 conv.momentum=0.8 best_cooldown=0.9331
search_path step=0 conv.initial_lr=0.047 conv.momentum=0.7 tta_val_acc=0.9284
search_path step=1 conv.initial_lr=0.028 conv.momentum=0.7 tta_val_acc=0.934
search run=3 interval=2 phase=cooldown metric=tta_val_acc
main hparams: conv.initial_lr=0.028 conv.momentum=0.7
conv.initial_lr=0.006 -> tta_val_acc=0.934
conv.initial_lr=0.0036 -> tta_val_acc=0.9342
conv.initial_lr=0.0022 -> tta_val_acc=0.9338
search_path step=0 conv.initial_lr=0.006 tta_val_acc=0.934
search_path step=1 conv.initial_lr=0.0036 tta_val_acc=0.9342
search run=3 interval=2 phase=main metric=tta_val_acc
cooldown hparams: conv.initial_lr=0.0036
main hparams: conv.initial_lr=0.028 conv.momentum=0.7 best_cooldown=0.9342
main hparams: conv.initial_lr=0.017 conv.momentum=0.7 best_cooldown=0.9334
main hparams: conv.initial_lr=0.047 conv.momentum=0.7 best_cooldown=0.9281
main hparams: conv.initial_lr=0.028 conv.momentum=0.6 best_cooldown=0.9345
main hparams: conv.initial_lr=0.028 conv.momentum=0.5 best_cooldown=0.9321
main hparams: conv.initial_lr=0.017 conv.momentum=0.6 best_cooldown=0.9326
main hparams: conv.initial_lr=0.047 conv.momentum=0.6 best_cooldown=0.9293
search_path step=0 conv.initial_lr=0.028 conv.momentum=0.7 tta_val_acc=0.9342
search_path step=1 conv.initial_lr=0.028 conv.momentum=0.6 tta_val_acc=0.9345
search run=3 interval=2 phase=cooldown metric=tta_val_acc
main hparams: conv.initial_lr=0.028 conv.momentum=0.6
conv.initial_lr=0.0036 -> tta_val_acc=0.9345
conv.initial_lr=0.0022 -> tta_val_acc=0.9343
conv.initial_lr=0.006 -> tta_val_acc=0.9337
search_path step=0 conv.initial_lr=0.0036 tta_val_acc=0.9345
train_hparams run=3 interval=2 start_step=320 completed_steps=160 total_steps=800 conv.initial_lr=0.028 conv.momentum=0.6
train_loss run=3 interval=2 step=321 loss=1.07622
train_loss run=3 interval=2 step=322 loss=1.05986
train_loss run=3 interval=2 step=323 loss=1.08358
train_loss run=3 interval=2 step=324 loss=1.05302
train_loss run=3 interval=2 step=325 loss=1.06288
train_loss run=3 interval=2 step=326 loss=1.0823
train_loss run=3 interval=2 step=327 loss=1.06426
train_loss run=3 interval=2 step=328 loss=1.04395
train_loss run=3 interval=2 step=329 loss=1.06847
train_loss run=3 interval=2 step=330 loss=1.03403
train_loss run=3 interval=2 step=331 loss=1.06958
train_loss run=3 interval=2 step=332 loss=1.10026
train_loss run=3 interval=2 step=333 loss=1.07379
train_loss run=3 interval=2 step=334 loss=1.0561
train_loss run=3 interval=2 step=335 loss=1.05431
train_loss run=3 interval=2 step=336 loss=1.04881
train_loss run=3 interval=2 step=337 loss=1.06588
train_loss run=3 interval=2 step=338 loss=1.07599
train_loss run=3 interval=2 step=339 loss=1.07347
train_loss run=3 interval=2 step=340 loss=1.06409
train_loss run=3 interval=2 step=341 loss=1.05651
train_loss run=3 interval=2 step=342 loss=1.03112
train_loss run=3 interval=2 step=343 loss=1.05266
train_loss run=3 interval=2 step=344 loss=1.02484
train_loss run=3 interval=2 step=345 loss=1.07104
train_loss run=3 interval=2 step=346 loss=1.02714
train_loss run=3 interval=2 step=347 loss=1.06494
train_loss run=3 interval=2 step=348 loss=1.0337
train_loss run=3 interval=2 step=349 loss=1.05326
train_loss run=3 interval=2 step=350 loss=1.05901
train_loss run=3 interval=2 step=351 loss=1.04426
train_loss run=3 interval=2 step=352 loss=1.05525
train_loss run=3 interval=2 step=353 loss=1.02684
train_loss run=3 interval=2 step=354 loss=1.01767
train_loss run=3 interval=2 step=355 loss=1.02787
train_loss run=3 interval=2 step=356 loss=1.03663
train_loss run=3 interval=2 step=357 loss=1.03366
train_loss run=3 interval=2 step=358 loss=1.05603
train_loss run=3 interval=2 step=359 loss=1.038
train_loss run=3 interval=2 step=360 loss=1.04089
train_loss run=3 interval=2 step=361 loss=1.03604
train_loss run=3 interval=2 step=362 loss=1.01749
train_loss run=3 interval=2 step=363 loss=1.03577
train_loss run=3 interval=2 step=364 loss=1.02828
train_loss run=3 interval=2 step=365 loss=1.06235
train_loss run=3 interval=2 step=366 loss=1.03195
train_loss run=3 interval=2 step=367 loss=1.03987
train_loss run=3 interval=2 step=368 loss=1.03445
train_loss run=3 interval=2 step=369 loss=1.04351
train_loss run=3 interval=2 step=370 loss=1.04462
train_loss run=3 interval=2 step=371 loss=1.052
train_loss run=3 interval=2 step=372 loss=1.02747
train_loss run=3 interval=2 step=373 loss=1.043
train_loss run=3 interval=2 step=374 loss=1.04376
train_loss run=3 interval=2 step=375 loss=1.04693
train_loss run=3 interval=2 step=376 loss=1.04787
train_loss run=3 interval=2 step=377 loss=1.05061
train_loss run=3 interval=2 step=378 loss=1.05423
train_loss run=3 interval=2 step=379 loss=1.04725
train_loss run=3 interval=2 step=380 loss=1.04612
train_loss run=3 interval=2 step=381 loss=1.05159
train_loss run=3 interval=2 step=382 loss=1.00838
train_loss run=3 interval=2 step=383 loss=1.05957
train_loss run=3 interval=2 step=384 loss=1.03606
train_loss run=3 interval=2 step=385 loss=1.03721
train_loss run=3 interval=2 step=386 loss=1.04408
train_loss run=3 interval=2 step=387 loss=1.01942
train_loss run=3 interval=2 step=388 loss=1.06163
train_loss run=3 interval=2 step=389 loss=1.05448
train_loss run=3 interval=2 step=390 loss=1.05358
train_loss run=3 interval=2 step=391 loss=1.04436
train_loss run=3 interval=2 step=392 loss=1.03157
train_loss run=3 interval=2 step=393 loss=1.07684
train_loss run=3 interval=2 step=394 loss=1.05739
train_loss run=3 interval=2 step=395 loss=1.01731
train_loss run=3 interval=2 step=396 loss=1.03933
train_loss run=3 interval=2 step=397 loss=1.04943
train_loss run=3 interval=2 step=398 loss=1.06311
train_loss run=3 interval=2 step=399 loss=1.05403
train_loss run=3 interval=2 step=400 loss=1.02243
train_loss run=3 interval=2 step=401 loss=0.999432
train_loss run=3 interval=2 step=402 loss=1.01695
train_loss run=3 interval=2 step=403 loss=1.01038
train_loss run=3 interval=2 step=404 loss=1.00396
train_loss run=3 interval=2 step=405 loss=0.986643
train_loss run=3 interval=2 step=406 loss=1.0164
train_loss run=3 interval=2 step=407 loss=0.99727
train_loss run=3 interval=2 step=408 loss=1.02372
train_loss run=3 interval=2 step=409 loss=0.977894
train_loss run=3 interval=2 step=410 loss=1.00958
train_loss run=3 interval=2 step=411 loss=1.01889
train_loss run=3 interval=2 step=412 loss=1.00635
train_loss run=3 interval=2 step=413 loss=1.00459
train_loss run=3 interval=2 step=414 loss=1.02302
train_loss run=3 interval=2 step=415 loss=1.02469
train_loss run=3 interval=2 step=416 loss=0.992405
train_loss run=3 interval=2 step=417 loss=0.973578
train_loss run=3 interval=2 step=418 loss=1.01137
train_loss run=3 interval=2 step=419 loss=1.00011
train_loss run=3 interval=2 step=420 loss=1.01261
train_loss run=3 interval=2 step=421 loss=1.02729
train_loss run=3 interval=2 step=422 loss=1.01797
train_loss run=3 interval=2 step=423 loss=1.00344
train_loss run=3 interval=2 step=424 loss=1.01757
train_loss run=3 interval=2 step=425 loss=1.01117
train_loss run=3 interval=2 step=426 loss=0.994099
train_loss run=3 interval=2 step=427 loss=1.00213
train_loss run=3 interval=2 step=428 loss=0.992327
train_loss run=3 interval=2 step=429 loss=0.992286
train_loss run=3 interval=2 step=430 loss=0.990203
train_loss run=3 interval=2 step=431 loss=1.0272
train_loss run=3 interval=2 step=432 loss=1.00079
train_loss run=3 interval=2 step=433 loss=0.98743
train_loss run=3 interval=2 step=434 loss=1.00768
train_loss run=3 interval=2 step=435 loss=1.02593
train_loss run=3 interval=2 step=436 loss=1.00786
train_loss run=3 interval=2 step=437 loss=0.998936
train_loss run=3 interval=2 step=438 loss=1.01681
train_loss run=3 interval=2 step=439 loss=1.00483
train_loss run=3 interval=2 step=440 loss=1.00836
train_loss run=3 interval=2 step=441 loss=1.00661
train_loss run=3 interval=2 step=442 loss=1.00274
train_loss run=3 interval=2 step=443 loss=1.0103
train_loss run=3 interval=2 step=444 loss=1.00875
train_loss run=3 interval=2 step=445 loss=0.975757
train_loss run=3 interval=2 step=446 loss=0.999132
train_loss run=3 interval=2 step=447 loss=1.01663
train_loss run=3 interval=2 step=448 loss=0.99554
train_loss run=3 interval=2 step=449 loss=0.998294
train_loss run=3 interval=2 step=450 loss=1.01066
train_loss run=3 interval=2 step=451 loss=1.04351
train_loss run=3 interval=2 step=452 loss=1.02053
train_loss run=3 interval=2 step=453 loss=1.01024
train_loss run=3 interval=2 step=454 loss=1.01611
train_loss run=3 interval=2 step=455 loss=1.00236
train_loss run=3 interval=2 step=456 loss=1.01157
train_loss run=3 interval=2 step=457 loss=0.987141
train_loss run=3 interval=2 step=458 loss=0.989164
train_loss run=3 interval=2 step=459 loss=1.0315
train_loss run=3 interval=2 step=460 loss=1.00636
train_loss run=3 interval=2 step=461 loss=0.990591
train_loss run=3 interval=2 step=462 loss=1.02941
train_loss run=3 interval=2 step=463 loss=1.01474
train_loss run=3 interval=2 step=464 loss=1.02375
train_loss run=3 interval=2 step=465 loss=1.00511
train_loss run=3 interval=2 step=466 loss=0.999983
train_loss run=3 interval=2 step=467 loss=1.01587
train_loss run=3 interval=2 step=468 loss=1.01626
train_loss run=3 interval=2 step=469 loss=0.988356
train_loss run=3 interval=2 step=470 loss=1.01327
train_loss run=3 interval=2 step=471 loss=0.968834
train_loss run=3 interval=2 step=472 loss=1.0035
train_loss run=3 interval=2 step=473 loss=1.00603
train_loss run=3 interval=2 step=474 loss=1.02354
train_loss run=3 interval=2 step=475 loss=1.00492
train_loss run=3 interval=2 step=476 loss=1.02291
train_loss run=3 interval=2 step=477 loss=0.988818
train_loss run=3 interval=2 step=478 loss=0.988431
train_loss run=3 interval=2 step=479 loss=0.991542
train_loss run=3 interval=2 step=480 loss=0.995962
interval_boundary_eval run=3 interval=2 step=480 total_steps=800 tta_val_acc=0.9183
search run=3 interval=3 phase=baseline metric=tta_val_acc
main hparams: conv.initial_lr=0.028 conv.momentum=0.6 main=0.9226
search_path step=0 conv.initial_lr=0.028 conv.momentum=0.6 tta_val_acc=0.9226
search run=3 interval=3 phase=cooldown metric=tta_val_acc
main hparams: conv.initial_lr=0.028 conv.momentum=0.6
conv.initial_lr=0.0036 -> tta_val_acc=0.9348
conv.initial_lr=0.0022 -> tta_val_acc=0.9351
conv.initial_lr=0.0013 -> tta_val_acc=0.9342
conv.initial_lr=0.0037 -> tta_val_acc=0.9349
search_path step=0 conv.initial_lr=0.0036 tta_val_acc=0.9348
search_path step=1 conv.initial_lr=0.0022 tta_val_acc=0.9351
search run=3 interval=3 phase=main metric=tta_val_acc
cooldown hparams: conv.initial_lr=0.0022
main hparams: conv.initial_lr=0.028 conv.momentum=0.6 best_cooldown=0.9351
main hparams: conv.initial_lr=0.017 conv.momentum=0.6 best_cooldown=0.9381
main hparams: conv.initial_lr=0.01 conv.momentum=0.6 best_cooldown=0.9377
main hparams: conv.initial_lr=0.017 conv.momentum=0.5 best_cooldown=0.9376
main hparams: conv.initial_lr=0.017 conv.momentum=0.7 best_cooldown=0.936
search_path step=0 conv.initial_lr=0.028 conv.momentum=0.6 tta_val_acc=0.9351
search_path step=1 conv.initial_lr=0.017 conv.momentum=0.6 tta_val_acc=0.9381
search run=3 interval=3 phase=cooldown metric=tta_val_acc
main hparams: conv.initial_lr=0.017 conv.momentum=0.6
conv.initial_lr=0.0022 -> tta_val_acc=0.9381
conv.initial_lr=0.0013 -> tta_val_acc=0.9373
conv.initial_lr=0.0037 -> tta_val_acc=0.9382
conv.initial_lr=0.0061 -> tta_val_acc=0.9384
conv.initial_lr=0.01 -> tta_val_acc=0.9372
search_path step=0 conv.initial_lr=0.0022 tta_val_acc=0.9381
search_path step=1 conv.initial_lr=0.0061 tta_val_acc=0.9384
search run=3 interval=3 phase=main metric=tta_val_acc
cooldown hparams: conv.initial_lr=0.0061
main hparams: conv.initial_lr=0.017 conv.momentum=0.6 best_cooldown=0.9384
main hparams: conv.initial_lr=0.01 conv.momentum=0.6 best_cooldown=0.9393
main hparams: conv.initial_lr=0.0061 conv.momentum=0.6 best_cooldown=0.9376
main hparams: conv.initial_lr=0.01 conv.momentum=0.5 best_cooldown=0.9386
main hparams: conv.initial_lr=0.01 conv.momentum=0.7 best_cooldown=0.9395
main hparams: conv.initial_lr=0.01 conv.momentum=0.8 best_cooldown=0.9382
main hparams: conv.initial_lr=0.006 conv.momentum=0.7 best_cooldown=0.9381
main hparams: conv.initial_lr=0.017 conv.momentum=0.7 best_cooldown=0.938
search_path step=0 conv.initial_lr=0.017 conv.momentum=0.6 tta_val_acc=0.9384
search_path step=1 conv.initial_lr=0.01 conv.momentum=0.6 tta_val_acc=0.9393
search_path step=2 conv.initial_lr=0.01 conv.momentum=0.7 tta_val_acc=0.9395
search run=3 interval=3 phase=cooldown metric=tta_val_acc
main hparams: conv.initial_lr=0.01 conv.momentum=0.7
conv.initial_lr=0.0061 -> tta_val_acc=0.9395
conv.initial_lr=0.0037 -> tta_val_acc=0.9392
conv.initial_lr=0.01 -> tta_val_acc=0.9371
search_path step=0 conv.initial_lr=0.0061 tta_val_acc=0.9395
train_hparams run=3 interval=3 start_step=480 completed_steps=160 total_steps=800 conv.initial_lr=0.01 conv.momentum=0.7
train_loss run=3 interval=3 step=481 loss=1.00902
train_loss run=3 interval=3 step=482 loss=0.980339
train_loss run=3 interval=3 step=483 loss=1.0001
train_loss run=3 interval=3 step=484 loss=1.00028
train_loss run=3 interval=3 step=485 loss=1.00928
train_loss run=3 interval=3 step=486 loss=0.974491
train_loss run=3 interval=3 step=487 loss=0.993049
train_loss run=3 interval=3 step=488 loss=1.01488
train_loss run=3 interval=3 step=489 loss=1.01189
train_loss run=3 interval=3 step=490 loss=0.981017
train_loss run=3 interval=3 step=491 loss=0.972326
train_loss run=3 interval=3 step=492 loss=1.0016
train_loss run=3 interval=3 step=493 loss=1.03883
train_loss run=3 interval=3 step=494 loss=0.981738
train_loss run=3 interval=3 step=495 loss=1.02098
train_loss run=3 interval=3 step=496 loss=1.01492
train_loss run=3 interval=3 step=497 loss=0.977618
train_loss run=3 interval=3 step=498 loss=0.963341
train_loss run=3 interval=3 step=499 loss=0.990881
train_loss run=3 interval=3 step=500 loss=1.00676
train_loss run=3 interval=3 step=501 loss=0.961451
train_loss run=3 interval=3 step=502 loss=0.984297
train_loss run=3 interval=3 step=503 loss=0.960639
train_loss run=3 interval=3 step=504 loss=0.985168
train_loss run=3 interval=3 step=505 loss=0.960479
train_loss run=3 interval=3 step=506 loss=0.96518
train_loss run=3 interval=3 step=507 loss=0.96642
train_loss run=3 interval=3 step=508 loss=0.953715
train_loss run=3 interval=3 step=509 loss=0.951339
train_loss run=3 interval=3 step=510 loss=0.970062
train_loss run=3 interval=3 step=511 loss=0.971286
train_loss run=3 interval=3 step=512 loss=0.968375
train_loss run=3 interval=3 step=513 loss=0.98302
train_loss run=3 interval=3 step=514 loss=0.960888
train_loss run=3 interval=3 step=515 loss=0.973852
train_loss run=3 interval=3 step=516 loss=0.964658
train_loss run=3 interval=3 step=517 loss=0.970113
train_loss run=3 interval=3 step=518 loss=0.959295
train_loss run=3 interval=3 step=519 loss=0.969857
train_loss run=3 interval=3 step=520 loss=0.946761
train_loss run=3 interval=3 step=521 loss=0.978425
train_loss run=3 interval=3 step=522 loss=0.960001
train_loss run=3 interval=3 step=523 loss=0.969563
train_loss run=3 interval=3 step=524 loss=0.963659
train_loss run=3 interval=3 step=525 loss=0.963274
train_loss run=3 interval=3 step=526 loss=0.965327
train_loss run=3 interval=3 step=527 loss=0.981128
train_loss run=3 interval=3 step=528 loss=0.972694
train_loss run=3 interval=3 step=529 loss=0.944987
train_loss run=3 interval=3 step=530 loss=0.955508
train_loss run=3 interval=3 step=531 loss=0.96965
train_loss run=3 interval=3 step=532 loss=0.965964
train_loss run=3 interval=3 step=533 loss=0.957013
train_loss run=3 interval=3 step=534 loss=0.949837
train_loss run=3 interval=3 step=535 loss=0.956857
train_loss run=3 interval=3 step=536 loss=0.955571
train_loss run=3 interval=3 step=537 loss=0.966941
train_loss run=3 interval=3 step=538 loss=0.965428
train_loss run=3 interval=3 step=539 loss=0.975131
train_loss run=3 interval=3 step=540 loss=0.955699
train_loss run=3 interval=3 step=541 loss=0.972441
train_loss run=3 interval=3 step=542 loss=0.959543
train_loss run=3 interval=3 step=543 loss=0.958269
train_loss run=3 interval=3 step=544 loss=0.977859
train_loss run=3 interval=3 step=545 loss=0.978498
train_loss run=3 interval=3 step=546 loss=0.95336
train_loss run=3 interval=3 step=547 loss=0.950658
train_loss run=3 interval=3 step=548 loss=0.967305
train_loss run=3 interval=3 step=549 loss=0.949427
train_loss run=3 interval=3 step=550 loss=0.957951
train_loss run=3 interval=3 step=551 loss=0.952794
train_loss run=3 interval=3 step=552 loss=0.955854
train_loss run=3 interval=3 step=553 loss=0.955758
train_loss run=3 interval=3 step=554 loss=0.951368
train_loss run=3 interval=3 step=555 loss=0.963536
train_loss run=3 interval=3 step=556 loss=0.951179
train_loss run=3 interval=3 step=557 loss=0.967831
train_loss run=3 interval=3 step=558 loss=0.941916
train_loss run=3 interval=3 step=559 loss=0.961996
train_loss run=3 interval=3 step=560 loss=0.950338
train_loss run=3 interval=3 step=561 loss=0.967788
train_loss run=3 interval=3 step=562 loss=0.960307
train_loss run=3 interval=3 step=563 loss=0.957244
train_loss run=3 interval=3 step=564 loss=0.945806
train_loss run=3 interval=3 step=565 loss=0.96794
train_loss run=3 interval=3 step=566 loss=0.963611
train_loss run=3 interval=3 step=567 loss=0.957233
train_loss run=3 interval=3 step=568 loss=0.962796
train_loss run=3 interval=3 step=569 loss=0.974068
train_loss run=3 interval=3 step=570 loss=0.952504
train_loss run=3 interval=3 step=571 loss=0.950973
train_loss run=3 interval=3 step=572 loss=0.971281
train_loss run=3 interval=3 step=573 loss=0.957545
train_loss run=3 interval=3 step=574 loss=0.972839
train_loss run=3 interval=3 step=575 loss=0.945558
train_loss run=3 interval=3 step=576 loss=0.953907
train_loss run=3 interval=3 step=577 loss=0.964003
train_loss run=3 interval=3 step=578 loss=0.951643
train_loss run=3 interval=3 step=579 loss=0.976776
train_loss run=3 interval=3 step=580 loss=0.971254
train_loss run=3 interval=3 step=581 loss=0.961648
train_loss run=3 interval=3 step=582 loss=0.963671
train_loss run=3 interval=3 step=583 loss=0.968937
train_loss run=3 interval=3 step=584 loss=0.962227
train_loss run=3 interval=3 step=585 loss=0.957097
train_loss run=3 interval=3 step=586 loss=0.952933
train_loss run=3 interval=3 step=587 loss=0.964059
train_loss run=3 interval=3 step=588 loss=0.965577
train_loss run=3 interval=3 step=589 loss=0.962452
train_loss run=3 interval=3 step=590 loss=0.950161
train_loss run=3 interval=3 step=591 loss=0.952338
train_loss run=3 interval=3 step=592 loss=0.94427
train_loss run=3 interval=3 step=593 loss=0.969807
train_loss run=3 interval=3 step=594 loss=0.961555
train_loss run=3 interval=3 step=595 loss=0.963557
train_loss run=3 interval=3 step=596 loss=0.958366
train_loss run=3 interval=3 step=597 loss=0.962064
train_loss run=3 interval=3 step=598 loss=0.949148
train_loss run=3 interval=3 step=599 loss=0.961857
train_loss run=3 interval=3 step=600 loss=0.978217
train_loss run=3 interval=3 step=601 loss=0.933492
train_loss run=3 interval=3 step=602 loss=0.942678
train_loss run=3 interval=3 step=603 loss=0.939674
train_loss run=3 interval=3 step=604 loss=0.952237
train_loss run=3 interval=3 step=605 loss=0.953634
train_loss run=3 interval=3 step=606 loss=0.946066
train_loss run=3 interval=3 step=607 loss=0.930714
train_loss run=3 interval=3 step=608 loss=0.929295
train_loss run=3 interval=3 step=609 loss=0.933212
train_loss run=3 interval=3 step=610 loss=0.925064
train_loss run=3 interval=3 step=611 loss=0.929402
train_loss run=3 interval=3 step=612 loss=0.951525
train_loss run=3 interval=3 step=613 loss=0.922809
train_loss run=3 interval=3 step=614 loss=0.917612
train_loss run=3 interval=3 step=615 loss=0.930331
train_loss run=3 interval=3 step=616 loss=0.939416
train_loss run=3 interval=3 step=617 loss=0.937271
train_loss run=3 interval=3 step=618 loss=0.946946
train_loss run=3 interval=3 step=619 loss=0.948087
train_loss run=3 interval=3 step=620 loss=0.938211
train_loss run=3 interval=3 step=621 loss=0.931146
train_loss run=3 interval=3 step=622 loss=0.94994
train_loss run=3 interval=3 step=623 loss=0.940053
train_loss run=3 interval=3 step=624 loss=0.937859
train_loss run=3 interval=3 step=625 loss=0.922407
train_loss run=3 interval=3 step=626 loss=0.935299
train_loss run=3 interval=3 step=627 loss=0.934398
train_loss run=3 interval=3 step=628 loss=0.92403
train_loss run=3 interval=3 step=629 loss=0.959291
train_loss run=3 interval=3 step=630 loss=0.927952
train_loss run=3 interval=3 step=631 loss=0.923672
train_loss run=3 interval=3 step=632 loss=0.932346
train_loss run=3 interval=3 step=633 loss=0.937517
train_loss run=3 interval=3 step=634 loss=0.936846
train_loss run=3 interval=3 step=635 loss=0.942703
train_loss run=3 interval=3 step=636 loss=0.943691
train_loss run=3 interval=3 step=637 loss=0.9162
train_loss run=3 interval=3 step=638 loss=0.932201
train_loss run=3 interval=3 step=639 loss=0.935806
train_loss run=3 interval=3 step=640 loss=0.948322
interval_boundary_eval run=3 interval=3 step=640 total_steps=800 tta_val_acc=0.9328
search run=3 interval=4 phase=main metric=tta_val_acc
main hparams: conv.initial_lr=0.01 conv.momentum=0.7 main=0.9371
main hparams: conv.initial_lr=0.006 conv.momentum=0.7 main=0.9392
main hparams: conv.initial_lr=0.0036 conv.momentum=0.7 main=0.9392
main hparams: conv.initial_lr=0.0022 conv.momentum=0.7 main=0.9375
main hparams: conv.initial_lr=0.006 conv.momentum=0.6 main=0.9391
main hparams: conv.initial_lr=0.006 conv.momentum=0.8 main=0.9393
main hparams: conv.initial_lr=0.006 conv.momentum=0.9 main=0.9374
main hparams: conv.initial_lr=0.0036 conv.momentum=0.8 main=0.939
main hparams: conv.initial_lr=0.01 conv.momentum=0.8 main=0.9353
search_path step=0 conv.initial_lr=0.01 conv.momentum=0.7 tta_val_acc=0.9371
search_path step=1 conv.initial_lr=0.006 conv.momentum=0.7 tta_val_acc=0.9392
search_path step=2 conv.initial_lr=0.006 conv.momentum=0.8 tta_val_acc=0.9393
train_hparams run=3 interval=4 start_step=640 completed_steps=160 total_steps=800 conv.initial_lr=0.006 conv.momentum=0.8
train_loss run=3 interval=4 step=641 loss=0.924046
train_loss run=3 interval=4 step=642 loss=0.920917
train_loss run=3 interval=4 step=643 loss=0.933319
train_loss run=3 interval=4 step=644 loss=0.915209
train_loss run=3 interval=4 step=645 loss=0.936636
train_loss run=3 interval=4 step=646 loss=0.927592
train_loss run=3 interval=4 step=647 loss=0.940391
train_loss run=3 interval=4 step=648 loss=0.942189
train_loss run=3 interval=4 step=649 loss=0.935714
train_loss run=3 interval=4 step=650 loss=0.925757
train_loss run=3 interval=4 step=651 loss=0.924575
train_loss run=3 interval=4 step=652 loss=0.934348
train_loss run=3 interval=4 step=653 loss=0.9206
train_loss run=3 interval=4 step=654 loss=0.925948
train_loss run=3 interval=4 step=655 loss=0.935609
train_loss run=3 interval=4 step=656 loss=0.930373
train_loss run=3 interval=4 step=657 loss=0.936335
train_loss run=3 interval=4 step=658 loss=0.937379
train_loss run=3 interval=4 step=659 loss=0.934969
train_loss run=3 interval=4 step=660 loss=0.933839
train_loss run=3 interval=4 step=661 loss=0.938265
train_loss run=3 interval=4 step=662 loss=0.922369
train_loss run=3 interval=4 step=663 loss=0.929611
train_loss run=3 interval=4 step=664 loss=0.919702
train_loss run=3 interval=4 step=665 loss=0.919283
train_loss run=3 interval=4 step=666 loss=0.941234
train_loss run=3 interval=4 step=667 loss=0.928465
train_loss run=3 interval=4 step=668 loss=0.934381
train_loss run=3 interval=4 step=669 loss=0.930717
train_loss run=3 interval=4 step=670 loss=0.954247
train_loss run=3 interval=4 step=671 loss=0.936094
train_loss run=3 interval=4 step=672 loss=0.93911
train_loss run=3 interval=4 step=673 loss=0.936804
train_loss run=3 interval=4 step=674 loss=0.941867
train_loss run=3 interval=4 step=675 loss=0.932869
train_loss run=3 interval=4 step=676 loss=0.931277
train_loss run=3 interval=4 step=677 loss=0.922861
train_loss run=3 interval=4 step=678 loss=0.92656
train_loss run=3 interval=4 step=679 loss=0.929618
train_loss run=3 interval=4 step=680 loss=0.939615
train_loss run=3 interval=4 step=681 loss=0.936664
train_loss run=3 interval=4 step=682 loss=0.951384
train_loss run=3 interval=4 step=683 loss=0.92988
train_loss run=3 interval=4 step=684 loss=0.94208
train_loss run=3 interval=4 step=685 loss=0.936591
train_loss run=3 interval=4 step=686 loss=0.939968
train_loss run=3 interval=4 step=687 loss=0.94185
train_loss run=3 interval=4 step=688 loss=0.938501
train_loss run=3 interval=4 step=689 loss=0.942864
train_loss run=3 interval=4 step=690 loss=0.942436
train_loss run=3 interval=4 step=691 loss=0.917412
train_loss run=3 interval=4 step=692 loss=0.931458
train_loss run=3 interval=4 step=693 loss=0.937884
train_loss run=3 interval=4 step=694 loss=0.931233
train_loss run=3 interval=4 step=695 loss=0.927484
train_loss run=3 interval=4 step=696 loss=0.962424
train_loss run=3 interval=4 step=697 loss=0.929218
train_loss run=3 interval=4 step=698 loss=0.93507
train_loss run=3 interval=4 step=699 loss=0.917635
train_loss run=3 interval=4 step=700 loss=0.929295
train_loss run=3 interval=4 step=701 loss=0.912723
train_loss run=3 interval=4 step=702 loss=0.92329
train_loss run=3 interval=4 step=703 loss=0.93412
train_loss run=3 interval=4 step=704 loss=0.916501
train_loss run=3 interval=4 step=705 loss=0.932822
train_loss run=3 interval=4 step=706 loss=0.919606
train_loss run=3 interval=4 step=707 loss=0.930834
train_loss run=3 interval=4 step=708 loss=0.921103
train_loss run=3 interval=4 step=709 loss=0.931954
train_loss run=3 interval=4 step=710 loss=0.932062
train_loss run=3 interval=4 step=711 loss=0.927759
train_loss run=3 interval=4 step=712 loss=0.918805
train_loss run=3 interval=4 step=713 loss=0.920812
train_loss run=3 interval=4 step=714 loss=0.920807
train_loss run=3 interval=4 step=715 loss=0.921362
train_loss run=3 interval=4 step=716 loss=0.923444
train_loss run=3 interval=4 step=717 loss=0.919183
train_loss run=3 interval=4 step=718 loss=0.942402
train_loss run=3 interval=4 step=719 loss=0.916928
train_loss run=3 interval=4 step=720 loss=0.921613
train_loss run=3 interval=4 step=721 loss=0.923908
train_loss run=3 interval=4 step=722 loss=0.936527
train_loss run=3 interval=4 step=723 loss=0.926751
train_loss run=3 interval=4 step=724 loss=0.935323
train_loss run=3 interval=4 step=725 loss=0.922277
train_loss run=3 interval=4 step=726 loss=0.936185
train_loss run=3 interval=4 step=727 loss=0.921589
train_loss run=3 interval=4 step=728 loss=0.920027
train_loss run=3 interval=4 step=729 loss=0.926923
train_loss run=3 interval=4 step=730 loss=0.934866
train_loss run=3 interval=4 step=731 loss=0.926611
train_loss run=3 interval=4 step=732 loss=0.92375
train_loss run=3 interval=4 step=733 loss=0.926412
train_loss run=3 interval=4 step=734 loss=0.935175
train_loss run=3 interval=4 step=735 loss=0.917472
train_loss run=3 interval=4 step=736 loss=0.933222
train_loss run=3 interval=4 step=737 loss=0.936352
train_loss run=3 interval=4 step=738 loss=0.915436
train_loss run=3 interval=4 step=739 loss=0.926644
train_loss run=3 interval=4 step=740 loss=0.923913
train_loss run=3 interval=4 step=741 loss=0.930722
train_loss run=3 interval=4 step=742 loss=0.917701
train_loss run=3 interval=4 step=743 loss=0.917386
train_loss run=3 interval=4 step=744 loss=0.933413
train_loss run=3 interval=4 step=745 loss=0.928418
train_loss run=3 interval=4 step=746 loss=0.932539
train_loss run=3 interval=4 step=747 loss=0.934981
train_loss run=3 interval=4 step=748 loss=0.921647
train_loss run=3 interval=4 step=749 loss=0.922159
train_loss run=3 interval=4 step=750 loss=0.927169
train_loss run=3 interval=4 step=751 loss=0.923734
train_loss run=3 interval=4 step=752 loss=0.920627
train_loss run=3 interval=4 step=753 loss=0.930129
train_loss run=3 interval=4 step=754 loss=0.92338
train_loss run=3 interval=4 step=755 loss=0.933789
train_loss run=3 interval=4 step=756 loss=0.929235
train_loss run=3 interval=4 step=757 loss=0.937073
train_loss run=3 interval=4 step=758 loss=0.922626
train_loss run=3 interval=4 step=759 loss=0.917348
train_loss run=3 interval=4 step=760 loss=0.919037
train_loss run=3 interval=4 step=761 loss=0.927257
train_loss run=3 interval=4 step=762 loss=0.916234
train_loss run=3 interval=4 step=763 loss=0.920245
train_loss run=3 interval=4 step=764 loss=0.9399
train_loss run=3 interval=4 step=765 loss=0.934838
train_loss run=3 interval=4 step=766 loss=0.929498
train_loss run=3 interval=4 step=767 loss=0.911442
train_loss run=3 interval=4 step=768 loss=0.918877
train_loss run=3 interval=4 step=769 loss=0.921596
train_loss run=3 interval=4 step=770 loss=0.945068
train_loss run=3 interval=4 step=771 loss=0.933119
train_loss run=3 interval=4 step=772 loss=0.917618
train_loss run=3 interval=4 step=773 loss=0.922817
train_loss run=3 interval=4 step=774 loss=0.923917
train_loss run=3 interval=4 step=775 loss=0.934668
train_loss run=3 interval=4 step=776 loss=0.919442
train_loss run=3 interval=4 step=777 loss=0.925414
train_loss run=3 interval=4 step=778 loss=0.930306
train_loss run=3 interval=4 step=779 loss=0.933255
train_loss run=3 interval=4 step=780 loss=0.922664
train_loss run=3 interval=4 step=781 loss=0.929359
train_loss run=3 interval=4 step=782 loss=0.92901
train_loss run=3 interval=4 step=783 loss=0.9239
train_loss run=3 interval=4 step=784 loss=0.921948
train_loss run=3 interval=4 step=785 loss=0.927271
train_loss run=3 interval=4 step=786 loss=0.932916
train_loss run=3 interval=4 step=787 loss=0.934434
train_loss run=3 interval=4 step=788 loss=0.919906
train_loss run=3 interval=4 step=789 loss=0.933771
train_loss run=3 interval=4 step=790 loss=0.911931
train_loss run=3 interval=4 step=791 loss=0.930255
train_loss run=3 interval=4 step=792 loss=0.929504
train_loss run=3 interval=4 step=793 loss=0.926237
train_loss run=3 interval=4 step=794 loss=0.916306
train_loss run=3 interval=4 step=795 loss=0.933688
train_loss run=3 interval=4 step=796 loss=0.91715
train_loss run=3 interval=4 step=797 loss=0.912155
train_loss run=3 interval=4 step=798 loss=0.931066
train_loss run=3 interval=4 step=799 loss=0.923532
train_loss run=3 interval=4 step=800 loss=0.933131
interval_boundary_eval run=3 interval=4 step=800 total_steps=800 tta_val_acc=0.9393
val_acc=0.9294 tta_val_acc=0.9393 seconds=372.8871
base_config run=4
{
  "batch_size": 500,
  "num_epochs": 8,
  "overfit": false,
  "hparam_tuning": {
    "algorithm": "interval",
    "interval_steps": 160,
    "cooldown_steps": 40,
    "parameters": {"conv.initial_lr": null, "conv.momentum": [0.0, 0.1, 0.2, 0.3, 0.4, 0.5, 0.6, 0.7, 0.8, 0.9, 0.95, 0.99]},
    "max_side_steps": 20,
    "lr_factor": 0.6,
    "initial_dropoff_margin": 0.02,
    "metric": "tta_val_acc"
  },
  "param_groups": {
    "whiten_weight": {"algorithm": "sgd", "lr_scheduler": {"type": "constant", "initial_lr": 0.0}, "momentum": 0.85, "nesterov": true},
    "norm_weight": {"algorithm": "sgd", "lr_scheduler": {"type": "constant", "initial_lr": 0.0}, "momentum": 0.85, "nesterov": true},
    "whiten_bias": {"algorithm": "sgd", "lr_scheduler": {"type": "linear", "initial_lr": 26, "decay_epochs": 3}, "momentum": 0.85, "nesterov": true},
    "norm_bias": {"algorithm": "sgd", "lr_scheduler": {"type": "linear", "initial_lr": 26, "decay_epochs": 8}, "momentum": 0.85, "nesterov": true},
    "head": {"algorithm": "sgd", "lr_scheduler": {"type": "linear", "initial_lr": 340, "decay_epochs": 8}, "momentum": 0.85, "nesterov": true},
    "conv": {"algorithm": "muon", "lr_scheduler": {"type": "linear", "initial_lr": 0.079, "decay_epochs": 8}, "momentum": 0.6, "nesterov": true}
  }
}
search run=4 interval=0 phase=main metric=tta_val_acc
main hparams: conv.initial_lr=0.079 conv.momentum=0.6 main=0.8128
main hparams: conv.initial_lr=0.13 conv.momentum=0.6 main=0.7849
main hparams: conv.initial_lr=0.047 conv.momentum=0.6 main=0.8284
main hparams: conv.initial_lr=0.028 conv.momentum=0.6 main=0.8469
main hparams: conv.initial_lr=0.017 conv.momentum=0.6 main=0.82
main hparams: conv.initial_lr=0.047 conv.momentum=0.5 main=0.8428
main hparams: conv.initial_lr=0.047 conv.momentum=0.4 main=0.8188
search_path step=0 conv.initial_lr=0.079 conv.momentum=0.6 tta_val_acc=0.8128
search_path step=1 conv.initial_lr=0.047 conv.momentum=0.6 tta_val_acc=0.8284
search_path step=2 conv.initial_lr=0.047 conv.momentum=0.5 tta_val_acc=0.8428
search run=4 interval=0 phase=cooldown metric=tta_val_acc
main hparams: conv.initial_lr=0.047 conv.momentum=0.5
conv.initial_lr=0.047 -> tta_val_acc=0.8602
conv.initial_lr=0.028 -> tta_val_acc=0.8666
conv.initial_lr=0.017 -> tta_val_acc=0.8723
conv.initial_lr=0.01 -> tta_val_acc=0.8802
conv.initial_lr=0.0061 -> tta_val_acc=0.8807
conv.initial_lr=0.0037 -> tta_val_acc=0.8798
search_path step=0 conv.initial_lr=0.047 tta_val_acc=0.8602
search_path step=1 conv.initial_lr=0.0061 tta_val_acc=0.8807
search run=4 interval=0 phase=main metric=tta_val_acc
cooldown hparams: conv.initial_lr=0.0061
main hparams: conv.initial_lr=0.047 conv.momentum=0.5 best_cooldown=0.8807
main hparams: conv.initial_lr=0.028 conv.momentum=0.5 best_cooldown=0.8595
main hparams: conv.initial_lr=0.078 conv.momentum=0.5 best_cooldown=0.8853
main hparams: conv.initial_lr=0.13 conv.momentum=0.5 best_cooldown=0.881
main hparams: conv.initial_lr=0.078 conv.momentum=0.4 best_cooldown=0.8862
main hparams: conv.initial_lr=0.078 conv.momentum=0.3 best_cooldown=0.8833
main hparams: conv.initial_lr=0.047 conv.momentum=0.4 best_cooldown=0.8753
main hparams: conv.initial_lr=0.13 conv.momentum=0.4 best_cooldown=0.8832
search_path step=0 conv.initial_lr=0.047 conv.momentum=0.5 tta_val_acc=0.8807
search_path step=1 conv.initial_lr=0.078 conv.momentum=0.5 tta_val_acc=0.8853
search_path step=2 conv.initial_lr=0.078 conv.momentum=0.4 tta_val_acc=0.8862
search run=4 interval=0 phase=cooldown metric=tta_val_acc
main hparams: conv.initial_lr=0.078 conv.momentum=0.4
conv.initial_lr=0.0061 -> tta_val_acc=0.8862
conv.initial_lr=0.0037 -> tta_val_acc=0.8827
conv.initial_lr=0.01 -> tta_val_acc=0.8862
conv.initial_lr=0.017 -> tta_val_acc=0.8855
search_path step=0 conv.initial_lr=0.0061 tta_val_acc=0.8862
train_hparams run=4 interval=0 start_step=0 completed_steps=160 total_steps=800 conv.initial_lr=0.078 conv.momentum=0.4
train_loss run=4 interval=0 step=1 loss=2.30936
train_loss run=4 interval=0 step=2 loss=2.25308
train_loss run=4 interval=0 step=3 loss=2.19802
train_loss run=4 interval=0 step=4 loss=2.15828
train_loss run=4 interval=0 step=5 loss=2.12847
train_loss run=4 interval=0 step=6 loss=2.07356
train_loss run=4 interval=0 step=7 loss=1.98983
train_loss run=4 interval=0 step=8 loss=1.94823
train_loss run=4 interval=0 step=9 loss=1.90654
train_loss run=4 interval=0 step=10 loss=1.89092
train_loss run=4 interval=0 step=11 loss=1.88319
train_loss run=4 interval=0 step=12 loss=1.78513
train_loss run=4 interval=0 step=13 loss=1.76105
train_loss run=4 interval=0 step=14 loss=1.76721
train_loss run=4 interval=0 step=15 loss=1.65364
train_loss run=4 interval=0 step=16 loss=1.69526
train_loss run=4 interval=0 step=17 loss=1.6052
train_loss run=4 interval=0 step=18 loss=1.65292
train_loss run=4 interval=0 step=19 loss=1.67824
train_loss run=4 interval=0 step=20 loss=1.56423
train_loss run=4 interval=0 step=21 loss=1.58886
train_loss run=4 interval=0 step=22 loss=1.60002
train_loss run=4 interval=0 step=23 loss=1.55295
train_loss run=4 interval=0 step=24 loss=1.64224
train_loss run=4 interval=0 step=25 loss=1.51004
train_loss run=4 interval=0 step=26 loss=1.5672
train_loss run=4 interval=0 step=27 loss=1.50928
train_loss run=4 interval=0 step=28 loss=1.48248
train_loss run=4 interval=0 step=29 loss=1.48906
train_loss run=4 interval=0 step=30 loss=1.47012
train_loss run=4 interval=0 step=31 loss=1.48665
train_loss run=4 interval=0 step=32 loss=1.48346
train_loss run=4 interval=0 step=33 loss=1.44928
train_loss run=4 interval=0 step=34 loss=1.4439
train_loss run=4 interval=0 step=35 loss=1.42328
train_loss run=4 interval=0 step=36 loss=1.44488
train_loss run=4 interval=0 step=37 loss=1.40354
train_loss run=4 interval=0 step=38 loss=1.39535
train_loss run=4 interval=0 step=39 loss=1.43119
train_loss run=4 interval=0 step=40 loss=1.42846
train_loss run=4 interval=0 step=41 loss=1.38609
train_loss run=4 interval=0 step=42 loss=1.39459
train_loss run=4 interval=0 step=43 loss=1.41081
train_loss run=4 interval=0 step=44 loss=1.41671
train_loss run=4 interval=0 step=45 loss=1.38423
train_loss run=4 interval=0 step=46 loss=1.39795
train_loss run=4 interval=0 step=47 loss=1.39646
train_loss run=4 interval=0 step=48 loss=1.38205
train_loss run=4 interval=0 step=49 loss=1.35682
train_loss run=4 interval=0 step=50 loss=1.36371
train_loss run=4 interval=0 step=51 loss=1.34906
train_loss run=4 interval=0 step=52 loss=1.36314
train_loss run=4 interval=0 step=53 loss=1.33785
train_loss run=4 interval=0 step=54 loss=1.39756
train_loss run=4 interval=0 step=55 loss=1.33401
train_loss run=4 interval=0 step=56 loss=1.32935
train_loss run=4 interval=0 step=57 loss=1.30171
train_loss run=4 interval=0 step=58 loss=1.3437
train_loss run=4 interval=0 step=59 loss=1.34035
train_loss run=4 interval=0 step=60 loss=1.36904
train_loss run=4 interval=0 step=61 loss=1.35101
train_loss run=4 interval=0 step=62 loss=1.33726
train_loss run=4 interval=0 step=63 loss=1.29354
train_loss run=4 interval=0 step=64 loss=1.3128
train_loss run=4 interval=0 step=65 loss=1.32375
train_loss run=4 interval=0 step=66 loss=1.33559
train_loss run=4 interval=0 step=67 loss=1.34385
train_loss run=4 interval=0 step=68 loss=1.29573
train_loss run=4 interval=0 step=69 loss=1.27851
train_loss run=4 interval=0 step=70 loss=1.28969
train_loss run=4 interval=0 step=71 loss=1.28608
train_loss run=4 interval=0 step=72 loss=1.29066
train_loss run=4 interval=0 step=73 loss=1.29718
train_loss run=4 interval=0 step=74 loss=1.3258
train_loss run=4 interval=0 step=75 loss=1.28621
train_loss run=4 interval=0 step=76 loss=1.26932
train_loss run=4 interval=0 step=77 loss=1.29537
train_loss run=4 interval=0 step=78 loss=1.29708
train_loss run=4 interval=0 step=79 loss=1.26397
train_loss run=4 interval=0 step=80 loss=1.26881
train_loss run=4 interval=0 step=81 loss=1.2971
train_loss run=4 interval=0 step=82 loss=1.27768
train_loss run=4 interval=0 step=83 loss=1.27723
train_loss run=4 interval=0 step=84 loss=1.2829
train_loss run=4 interval=0 step=85 loss=1.26371
train_loss run=4 interval=0 step=86 loss=1.27188
train_loss run=4 interval=0 step=87 loss=1.26127
train_loss run=4 interval=0 step=88 loss=1.28284
train_loss run=4 interval=0 step=89 loss=1.24833
train_loss run=4 interval=0 step=90 loss=1.23377
train_loss run=4 interval=0 step=91 loss=1.26774
train_loss run=4 interval=0 step=92 loss=1.25588
train_loss run=4 interval=0 step=93 loss=1.24744
train_loss run=4 interval=0 step=94 loss=1.21281
train_loss run=4 interval=0 step=95 loss=1.25815
train_loss run=4 interval=0 step=96 loss=1.2187
train_loss run=4 interval=0 step=97 loss=1.23336
train_loss run=4 interval=0 step=98 loss=1.23752
train_loss run=4 interval=0 step=99 loss=1.27763
train_loss run=4 interval=0 step=100 loss=1.23451
train_loss run=4 interval=0 step=101 loss=1.23706
train_loss run=4 interval=0 step=102 loss=1.27131
train_loss run=4 interval=0 step=103 loss=1.24037
train_loss run=4 interval=0 step=104 loss=1.24827
train_loss run=4 interval=0 step=105 loss=1.28989
train_loss run=4 interval=0 step=106 loss=1.23287
train_loss run=4 interval=0 step=107 loss=1.24491
train_loss run=4 interval=0 step=108 loss=1.20257
train_loss run=4 interval=0 step=109 loss=1.22939
train_loss run=4 interval=0 step=110 loss=1.23873
train_loss run=4 interval=0 step=111 loss=1.26589
train_loss run=4 interval=0 step=112 loss=1.22245
train_loss run=4 interval=0 step=113 loss=1.22064
train_loss run=4 interval=0 step=114 loss=1.26524
train_loss run=4 interval=0 step=115 loss=1.21188
train_loss run=4 interval=0 step=116 loss=1.23802
train_loss run=4 interval=0 step=117 loss=1.22148
train_loss run=4 interval=0 step=118 loss=1.20213
train_loss run=4 interval=0 step=119 loss=1.19736
train_loss run=4 interval=0 step=120 loss=1.20427
train_loss run=4 interval=0 step=121 loss=1.21832
train_loss run=4 interval=0 step=122 loss=1.20539
train_loss run=4 interval=0 step=123 loss=1.26976
train_loss run=4 interval=0 step=124 loss=1.22253
train_loss run=4 interval=0 step=125 loss=1.21103
train_loss run=4 interval=0 step=126 loss=1.20104
train_loss run=4 interval=0 step=127 loss=1.21876
train_loss run=4 interval=0 step=128 loss=1.20236
train_loss run=4 interval=0 step=129 loss=1.23284
train_loss run=4 interval=0 step=130 loss=1.16735
train_loss run=4 interval=0 step=131 loss=1.20531
train_loss run=4 interval=0 step=132 loss=1.21827
train_loss run=4 interval=0 step=133 loss=1.21444
train_loss run=4 interval=0 step=134 loss=1.22235
train_loss run=4 interval=0 step=135 loss=1.21415
train_loss run=4 interval=0 step=136 loss=1.17755
train_loss run=4 interval=0 step=137 loss=1.18425
train_loss run=4 interval=0 step=138 loss=1.24292
train_loss run=4 interval=0 step=139 loss=1.19882
train_loss run=4 interval=0 step=140 loss=1.25958
train_loss run=4 interval=0 step=141 loss=1.19486
train_loss run=4 interval=0 step=142 loss=1.19874
train_loss run=4 interval=0 step=143 loss=1.21981
train_loss run=4 interval=0 step=144 loss=1.19383
train_loss run=4 interval=0 step=145 loss=1.22353
train_loss run=4 interval=0 step=146 loss=1.20921
train_loss run=4 interval=0 step=147 loss=1.19373
train_loss run=4 interval=0 step=148 loss=1.18882
train_loss run=4 interval=0 step=149 loss=1.17368
train_loss run=4 interval=0 step=150 loss=1.2112
train_loss run=4 interval=0 step=151 loss=1.19772
train_loss run=4 interval=0 step=152 loss=1.18538
train_loss run=4 interval=0 step=153 loss=1.16935
train_loss run=4 interval=0 step=154 loss=1.17859
train_loss run=4 interval=0 step=155 loss=1.18779
train_loss run=4 interval=0 step=156 loss=1.21886
train_loss run=4 interval=0 step=157 loss=1.22738
train_loss run=4 interval=0 step=158 loss=1.21659
train_loss run=4 interval=0 step=159 loss=1.18874
train_loss run=4 interval=0 step=160 loss=1.21619
interval_boundary_eval run=4 interval=0 step=160 total_steps=800 tta_val_acc=0.8349
search run=4 interval=1 phase=baseline metric=tta_val_acc
main hparams: conv.initial_lr=0.078 conv.momentum=0.4 main=0.8862
search_path step=0 conv.initial_lr=0.078 conv.momentum=0.4 tta_val_acc=0.8862
search run=4 interval=1 phase=cooldown metric=tta_val_acc
main hparams: conv.initial_lr=0.078 conv.momentum=0.4
conv.initial_lr=0.0061 -> tta_val_acc=0.9123
conv.initial_lr=0.0037 -> tta_val_acc=0.909
conv.initial_lr=0.01 -> tta_val_acc=0.9153
conv.initial_lr=0.017 -> tta_val_acc=0.9145
conv.initial_lr=0.006 -> tta_val_acc=0.9119
search_path step=0 conv.initial_lr=0.0061 tta_val_acc=0.9123
search_path step=1 conv.initial_lr=0.01 tta_val_acc=0.9153
search run=4 interval=1 phase=main metric=tta_val_acc
cooldown hparams: conv.initial_lr=0.01
main hparams: conv.initial_lr=0.078 conv.momentum=0.4 best_cooldown=0.9153
main hparams: conv.initial_lr=0.047 conv.momentum=0.4 best_cooldown=0.9194
main hparams: conv.initial_lr=0.028 conv.momentum=0.4 best_cooldown=0.9179
main hparams: conv.initial_lr=0.047 conv.momentum=0.3 best_cooldown=0.9188
main hparams: conv.initial_lr=0.047 conv.momentum=0.5 best_cooldown=0.9185
search_path step=0 conv.initial_lr=0.078 conv.momentum=0.4 tta_val_acc=0.9153
search_path step=1 conv.initial_lr=0.047 conv.momentum=0.4 tta_val_acc=0.9194
search run=4 interval=1 phase=cooldown metric=tta_val_acc
main hparams: conv.initial_lr=0.047 conv.momentum=0.4
conv.initial_lr=0.01 -> tta_val_acc=0.9194
conv.initial_lr=0.006 -> tta_val_acc=0.9183
conv.initial_lr=0.017 -> tta_val_acc=0.919
search_path step=0 conv.initial_lr=0.01 tta_val_acc=0.9194
train_hparams run=4 interval=1 start_step=160 completed_steps=160 total_steps=800 conv.initial_lr=0.047 conv.momentum=0.4
train_loss run=4 interval=1 step=161 loss=1.18152
train_loss run=4 interval=1 step=162 loss=1.17166
train_loss run=4 interval=1 step=163 loss=1.13522
train_loss run=4 interval=1 step=164 loss=1.18789
train_loss run=4 interval=1 step=165 loss=1.1541
train_loss run=4 interval=1 step=166 loss=1.14388
train_loss run=4 interval=1 step=167 loss=1.19154
train_loss run=4 interval=1 step=168 loss=1.18041
train_loss run=4 interval=1 step=169 loss=1.14165
train_loss run=4 interval=1 step=170 loss=1.13104
train_loss run=4 interval=1 step=171 loss=1.14052
train_loss run=4 interval=1 step=172 loss=1.14972
train_loss run=4 interval=1 step=173 loss=1.14111
train_loss run=4 interval=1 step=174 loss=1.15444
train_loss run=4 interval=1 step=175 loss=1.17618
train_loss run=4 interval=1 step=176 loss=1.16667
train_loss run=4 interval=1 step=177 loss=1.14193
train_loss run=4 interval=1 step=178 loss=1.14238
train_loss run=4 interval=1 step=179 loss=1.1268
train_loss run=4 interval=1 step=180 loss=1.11917
train_loss run=4 interval=1 step=181 loss=1.12613
train_loss run=4 interval=1 step=182 loss=1.1742
train_loss run=4 interval=1 step=183 loss=1.15128
train_loss run=4 interval=1 step=184 loss=1.11853
train_loss run=4 interval=1 step=185 loss=1.14485
train_loss run=4 interval=1 step=186 loss=1.15587
train_loss run=4 interval=1 step=187 loss=1.14456
train_loss run=4 interval=1 step=188 loss=1.13719
train_loss run=4 interval=1 step=189 loss=1.11337
train_loss run=4 interval=1 step=190 loss=1.14432
train_loss run=4 interval=1 step=191 loss=1.17418
train_loss run=4 interval=1 step=192 loss=1.13001
train_loss run=4 interval=1 step=193 loss=1.15243
train_loss run=4 interval=1 step=194 loss=1.14971
train_loss run=4 interval=1 step=195 loss=1.13796
train_loss run=4 interval=1 step=196 loss=1.12275
train_loss run=4 interval=1 step=197 loss=1.1483
train_loss run=4 interval=1 step=198 loss=1.09814
train_loss run=4 interval=1 step=199 loss=1.17355
train_loss run=4 interval=1 step=200 loss=1.16894
train_loss run=4 interval=1 step=201 loss=1.0792
train_loss run=4 interval=1 step=202 loss=1.16422
train_loss run=4 interval=1 step=203 loss=1.09506
train_loss run=4 interval=1 step=204 loss=1.09556
train_loss run=4 interval=1 step=205 loss=1.14368
train_loss run=4 interval=1 step=206 loss=1.10224
train_loss run=4 interval=1 step=207 loss=1.11403
train_loss run=4 interval=1 step=208 loss=1.08664
train_loss run=4 interval=1 step=209 loss=1.12651
train_loss run=4 interval=1 step=210 loss=1.09427
train_loss run=4 interval=1 step=211 loss=1.09305
train_loss run=4 interval=1 step=212 loss=1.12868
train_loss run=4 interval=1 step=213 loss=1.12692
train_loss run=4 interval=1 step=214 loss=1.12531
train_loss run=4 interval=1 step=215 loss=1.09694
train_loss run=4 interval=1 step=216 loss=1.06744
train_loss run=4 interval=1 step=217 loss=1.07938
train_loss run=4 interval=1 step=218 loss=1.09855
train_loss run=4 interval=1 step=219 loss=1.07452
train_loss run=4 interval=1 step=220 loss=1.13715
train_loss run=4 interval=1 step=221 loss=1.14034
train_loss run=4 interval=1 step=222 loss=1.1264
train_loss run=4 interval=1 step=223 loss=1.10623
train_loss run=4 interval=1 step=224 loss=1.11129
train_loss run=4 interval=1 step=225 loss=1.10938
train_loss run=4 interval=1 step=226 loss=1.09286
train_loss run=4 interval=1 step=227 loss=1.11632
train_loss run=4 interval=1 step=228 loss=1.10345
train_loss run=4 interval=1 step=229 loss=1.09188
train_loss run=4 interval=1 step=230 loss=1.08898
train_loss run=4 interval=1 step=231 loss=1.09288
train_loss run=4 interval=1 step=232 loss=1.12448
train_loss run=4 interval=1 step=233 loss=1.08923
train_loss run=4 interval=1 step=234 loss=1.1
train_loss run=4 interval=1 step=235 loss=1.08678
train_loss run=4 interval=1 step=236 loss=1.12744
train_loss run=4 interval=1 step=237 loss=1.11059
train_loss run=4 interval=1 step=238 loss=1.07745
train_loss run=4 interval=1 step=239 loss=1.11972
train_loss run=4 interval=1 step=240 loss=1.07919
train_loss run=4 interval=1 step=241 loss=1.08331
train_loss run=4 interval=1 step=242 loss=1.0929
train_loss run=4 interval=1 step=243 loss=1.10732
train_loss run=4 interval=1 step=244 loss=1.0802
train_loss run=4 interval=1 step=245 loss=1.08004
train_loss run=4 interval=1 step=246 loss=1.11666
train_loss run=4 interval=1 step=247 loss=1.10083
train_loss run=4 interval=1 step=248 loss=1.11577
train_loss run=4 interval=1 step=249 loss=1.08766
train_loss run=4 interval=1 step=250 loss=1.09415
train_loss run=4 interval=1 step=251 loss=1.08423
train_loss run=4 interval=1 step=252 loss=1.11963
train_loss run=4 interval=1 step=253 loss=1.08411
train_loss run=4 interval=1 step=254 loss=1.08449
train_loss run=4 interval=1 step=255 loss=1.09499
train_loss run=4 interval=1 step=256 loss=1.08883
train_loss run=4 interval=1 step=257 loss=1.09833
train_loss run=4 interval=1 step=258 loss=1.10549
train_loss run=4 interval=1 step=259 loss=1.10676
train_loss run=4 interval=1 step=260 loss=1.09708
train_loss run=4 interval=1 step=261 loss=1.09269
train_loss run=4 interval=1 step=262 loss=1.10399
train_loss run=4 interval=1 step=263 loss=1.13375
train_loss run=4 interval=1 step=264 loss=1.09676
train_loss run=4 interval=1 step=265 loss=1.11033
train_loss run=4 interval=1 step=266 loss=1.08211
train_loss run=4 interval=1 step=267 loss=1.11849
train_loss run=4 interval=1 step=268 loss=1.10682
train_loss run=4 interval=1 step=269 loss=1.10009
train_loss run=4 interval=1 step=270 loss=1.08805
train_loss run=4 interval=1 step=271 loss=1.12129
train_loss run=4 interval=1 step=272 loss=1.07567
train_loss run=4 interval=1 step=273 loss=1.10131
train_loss run=4 interval=1 step=274 loss=1.10292
train_loss run=4 interval=1 step=275 loss=1.11287
train_loss run=4 interval=1 step=276 loss=1.09382
train_loss run=4 interval=1 step=277 loss=1.10422
train_loss run=4 interval=1 step=278 loss=1.09012
train_loss run=4 interval=1 step=279 loss=1.08795
train_loss run=4 interval=1 step=280 loss=1.09087
train_loss run=4 interval=1 step=281 loss=1.10042
train_loss run=4 interval=1 step=282 loss=1.07831
train_loss run=4 interval=1 step=283 loss=1.08754
train_loss run=4 interval=1 step=284 loss=1.1348
train_loss run=4 interval=1 step=285 loss=1.09036
train_loss run=4 interval=1 step=286 loss=1.11395
train_loss run=4 interval=1 step=287 loss=1.0619
train_loss run=4 interval=1 step=288 loss=1.06022
train_loss run=4 interval=1 step=289 loss=1.08369
train_loss run=4 interval=1 step=290 loss=1.14634
train_loss run=4 interval=1 step=291 loss=1.08139
train_loss run=4 interval=1 step=292 loss=1.08352
train_loss run=4 interval=1 step=293 loss=1.13516
train_loss run=4 interval=1 step=294 loss=1.05341
train_loss run=4 interval=1 step=295 loss=1.07946
train_loss run=4 interval=1 step=296 loss=1.06737
train_loss run=4 interval=1 step=297 loss=1.10167
train_loss run=4 interval=1 step=298 loss=1.09825
train_loss run=4 interval=1 step=299 loss=1.1004
train_loss run=4 interval=1 step=300 loss=1.09405
train_loss run=4 interval=1 step=301 loss=1.0549
train_loss run=4 interval=1 step=302 loss=1.06083
train_loss run=4 interval=1 step=303 loss=1.07966
train_loss run=4 interval=1 step=304 loss=1.07249
train_loss run=4 interval=1 step=305 loss=1.06302
train_loss run=4 interval=1 step=306 loss=1.0824
train_loss run=4 interval=1 step=307 loss=1.08521
train_loss run=4 interval=1 step=308 loss=1.03858
train_loss run=4 interval=1 step=309 loss=1.05359
train_loss run=4 interval=1 step=310 loss=1.06774
train_loss run=4 interval=1 step=311 loss=1.04119
train_loss run=4 interval=1 step=312 loss=1.06264
train_loss run=4 interval=1 step=313 loss=1.0511
train_loss run=4 interval=1 step=314 loss=1.06326
train_loss run=4 interval=1 step=315 loss=1.05718
train_loss run=4 interval=1 step=316 loss=1.0407
train_loss run=4 interval=1 step=317 loss=1.03435
train_loss run=4 interval=1 step=318 loss=1.05838
train_loss run=4 interval=1 step=319 loss=1.03939
train_loss run=4 interval=1 step=320 loss=1.06185
interval_boundary_eval run=4 interval=1 step=320 total_steps=800 tta_val_acc=0.8989
search run=4 interval=2 phase=baseline metric=tta_val_acc
main hparams: conv.initial_lr=0.047 conv.momentum=0.4 main=0.8919
search_path step=0 conv.initial_lr=0.047 conv.momentum=0.4 tta_val_acc=0.8919
search run=4 interval=2 phase=cooldown metric=tta_val_acc
main hparams: conv.initial_lr=0.047 conv.momentum=0.4
conv.initial_lr=0.01 -> tta_val_acc=0.9255
conv.initial_lr=0.006 -> tta_val_acc=0.9243
conv.initial_lr=0.017 -> tta_val_acc=0.924
search_path step=0 conv.initial_lr=0.01 tta_val_acc=0.9255
search run=4 interval=2 phase=main metric=tta_val_acc
cooldown hparams: conv.initial_lr=0.01
main hparams: conv.initial_lr=0.047 conv.momentum=0.4 best_cooldown=0.9255
main hparams: conv.initial_lr=0.028 conv.momentum=0.4 best_cooldown=0.9285
main hparams: conv.initial_lr=0.017 conv.momentum=0.4 best_cooldown=0.9266
main hparams: conv.initial_lr=0.028 conv.momentum=0.3 best_cooldown=0.9282
main hparams: conv.initial_lr=0.028 conv.momentum=0.5 best_cooldown=0.9265
search_path step=0 conv.initial_lr=0.047 conv.momentum=0.4 tta_val_acc=0.9255
search_path step=1 conv.initial_lr=0.028 conv.momentum=0.4 tta_val_acc=0.9285
search run=4 interval=2 phase=cooldown metric=tta_val_acc
main hparams: conv.initial_lr=0.028 conv.momentum=0.4
conv.initial_lr=0.01 -> tta_val_acc=0.9285
conv.initial_lr=0.006 -> tta_val_acc=0.9295
conv.initial_lr=0.0036 -> tta_val_acc=0.9278
search_path step=0 conv.initial_lr=0.01 tta_val_acc=0.9285
search_path step=1 conv.initial_lr=0.006 tta_val_acc=0.9295
search run=4 interval=2 phase=main metric=tta_val_acc
cooldown hparams: conv.initial_lr=0.006
main hparams: conv.initial_lr=0.028 conv.momentum=0.4 best_cooldown=0.9295
main hparams: conv.initial_lr=0.017 conv.momentum=0.4 best_cooldown=0.927
main hparams: conv.initial_lr=0.047 conv.momentum=0.4 best_cooldown=0.9243
main hparams: conv.initial_lr=0.028 conv.momentum=0.3 best_cooldown=0.929
main hparams: conv.initial_lr=0.028 conv.momentum=0.5 best_cooldown=0.9278
search_path step=0 conv.initial_lr=0.028 conv.momentum=0.4 tta_val_acc=0.9295
train_hparams run=4 interval=2 start_step=320 completed_steps=160 total_steps=800 conv.initial_lr=0.028 conv.momentum=0.4
train_loss run=4 interval=2 step=321 loss=1.05157
train_loss run=4 interval=2 step=322 loss=1.04831
train_loss run=4 interval=2 step=323 loss=1.05579
train_loss run=4 interval=2 step=324 loss=1.0252
train_loss run=4 interval=2 step=325 loss=1.05497
train_loss run=4 interval=2 step=326 loss=1.06885
train_loss run=4 interval=2 step=327 loss=1.06073
train_loss run=4 interval=2 step=328 loss=1.03544
train_loss run=4 interval=2 step=329 loss=1.07373
train_loss run=4 interval=2 step=330 loss=1.03062
train_loss run=4 interval=2 step=331 loss=1.0678
train_loss run=4 interval=2 step=332 loss=1.07185
train_loss run=4 interval=2 step=333 loss=1.05852
train_loss run=4 interval=2 step=334 loss=1.0462
train_loss run=4 interval=2 step=335 loss=1.03272
train_loss run=4 interval=2 step=336 loss=1.04018
train_loss run=4 interval=2 step=337 loss=1.03154
train_loss run=4 interval=2 step=338 loss=1.07021
train_loss run=4 interval=2 step=339 loss=1.06366
train_loss run=4 interval=2 step=340 loss=1.04816
train_loss run=4 interval=2 step=341 loss=1.04595
train_loss run=4 interval=2 step=342 loss=1.01435
train_loss run=4 interval=2 step=343 loss=1.05076
train_loss run=4 interval=2 step=344 loss=1.01826
train_loss run=4 interval=2 step=345 loss=1.05867
train_loss run=4 interval=2 step=346 loss=1.02826
train_loss run=4 interval=2 step=347 loss=1.04137
train_loss run=4 interval=2 step=348 loss=1.04267
train_loss run=4 interval=2 step=349 loss=1.0443
train_loss run=4 interval=2 step=350 loss=1.03416
train_loss run=4 interval=2 step=351 loss=1.02938
train_loss run=4 interval=2 step=352 loss=1.05084
train_loss run=4 interval=2 step=353 loss=1.02674
train_loss run=4 interval=2 step=354 loss=1.02736
train_loss run=4 interval=2 step=355 loss=1.01215
train_loss run=4 interval=2 step=356 loss=1.03252
train_loss run=4 interval=2 step=357 loss=1.03603
train_loss run=4 interval=2 step=358 loss=1.04089
train_loss run=4 interval=2 step=359 loss=1.0366
train_loss run=4 interval=2 step=360 loss=1.03444
train_loss run=4 interval=2 step=361 loss=1.04531
train_loss run=4 interval=2 step=362 loss=1.01364
train_loss run=4 interval=2 step=363 loss=1.03609
train_loss run=4 interval=2 step=364 loss=1.02022
train_loss run=4 interval=2 step=365 loss=1.06288
train_loss run=4 interval=2 step=366 loss=1.02509
train_loss run=4 interval=2 step=367 loss=1.04401
train_loss run=4 interval=2 step=368 loss=1.0304
train_loss run=4 interval=2 step=369 loss=1.04586
train_loss run=4 interval=2 step=370 loss=1.04818
train_loss run=4 interval=2 step=371 loss=1.05275
train_loss run=4 interval=2 step=372 loss=1.01572
train_loss run=4 interval=2 step=373 loss=1.04481
train_loss run=4 interval=2 step=374 loss=1.05333
train_loss run=4 interval=2 step=375 loss=1.04656
train_loss run=4 interval=2 step=376 loss=1.03833
train_loss run=4 interval=2 step=377 loss=1.045
train_loss run=4 interval=2 step=378 loss=1.05844
train_loss run=4 interval=2 step=379 loss=1.05394
train_loss run=4 interval=2 step=380 loss=1.03561
train_loss run=4 interval=2 step=381 loss=1.05416
train_loss run=4 interval=2 step=382 loss=1.00708
train_loss run=4 interval=2 step=383 loss=1.0499
train_loss run=4 interval=2 step=384 loss=1.02168
train_loss run=4 interval=2 step=385 loss=1.02428
train_loss run=4 interval=2 step=386 loss=1.0423
train_loss run=4 interval=2 step=387 loss=1.02793
train_loss run=4 interval=2 step=388 loss=1.04429
train_loss run=4 interval=2 step=389 loss=1.03899
train_loss run=4 interval=2 step=390 loss=1.05153
train_loss run=4 interval=2 step=391 loss=1.04569
train_loss run=4 interval=2 step=392 loss=1.02487
train_loss run=4 interval=2 step=393 loss=1.06904
train_loss run=4 interval=2 step=394 loss=1.04872
train_loss run=4 interval=2 step=395 loss=1.01715
train_loss run=4 interval=2 step=396 loss=1.04329
train_loss run=4 interval=2 step=397 loss=1.03309
train_loss run=4 interval=2 step=398 loss=1.04421
train_loss run=4 interval=2 step=399 loss=1.05481
train_loss run=4 interval=2 step=400 loss=1.01867
train_loss run=4 interval=2 step=401 loss=0.999576
train_loss run=4 interval=2 step=402 loss=1.02411
train_loss run=4 interval=2 step=403 loss=1.01007
train_loss run=4 interval=2 step=404 loss=1.00567
train_loss run=4 interval=2 step=405 loss=0.981167
train_loss run=4 interval=2 step=406 loss=1.02306
train_loss run=4 interval=2 step=407 loss=1.00294
train_loss run=4 interval=2 step=408 loss=1.02143
train_loss run=4 interval=2 step=409 loss=0.990032
train_loss run=4 interval=2 step=410 loss=1.0181
train_loss run=4 interval=2 step=411 loss=1.00342
train_loss run=4 interval=2 step=412 loss=0.995319
train_loss run=4 interval=2 step=413 loss=1.00232
train_loss run=4 interval=2 step=414 loss=1.03401
train_loss run=4 interval=2 step=415 loss=1.02341
train_loss run=4 interval=2 step=416 loss=0.992275
train_loss run=4 interval=2 step=417 loss=0.991015
train_loss run=4 interval=2 step=418 loss=0.988752
train_loss run=4 interval=2 step=419 loss=1.00174
train_loss run=4 interval=2 step=420 loss=1.00262
train_loss run=4 interval=2 step=421 loss=1.01681
train_loss run=4 interval=2 step=422 loss=1.02207
train_loss run=4 interval=2 step=423 loss=1.00741
train_loss run=4 interval=2 step=424 loss=1.03
train_loss run=4 interval=2 step=425 loss=1.00692
train_loss run=4 interval=2 step=426 loss=1.00241
train_loss run=4 interval=2 step=427 loss=0.99763
train_loss run=4 interval=2 step=428 loss=1.00593
train_loss run=4 interval=2 step=429 loss=0.990456
train_loss run=4 interval=2 step=430 loss=0.980993
train_loss run=4 interval=2 step=431 loss=1.03328
train_loss run=4 interval=2 step=432 loss=0.982027
train_loss run=4 interval=2 step=433 loss=0.984975
train_loss run=4 interval=2 step=434 loss=1.01179
train_loss run=4 interval=2 step=435 loss=1.01678
train_loss run=4 interval=2 step=436 loss=1.00646
train_loss run=4 interval=2 step=437 loss=1.00324
train_loss run=4 interval=2 step=438 loss=1.02307
train_loss run=4 interval=2 step=439 loss=1.0029
train_loss run=4 interval=2 step=440 loss=1.00372
train_loss run=4 interval=2 step=441 loss=1.00337
train_loss run=4 interval=2 step=442 loss=1.014
train_loss run=4 interval=2 step=443 loss=1.0133
train_loss run=4 interval=2 step=444 loss=1.01232
train_loss run=4 interval=2 step=445 loss=0.994571
train_loss run=4 interval=2 step=446 loss=0.989655
train_loss run=4 interval=2 step=447 loss=1.01113
train_loss run=4 interval=2 step=448 loss=0.996912
train_loss run=4 interval=2 step=449 loss=0.986952
train_loss run=4 interval=2 step=450 loss=1.00439
train_loss run=4 interval=2 step=451 loss=1.04219
train_loss run=4 interval=2 step=452 loss=0.99898
train_loss run=4 interval=2 step=453 loss=0.99599
train_loss run=4 interval=2 step=454 loss=1.00585
train_loss run=4 interval=2 step=455 loss=0.992834
train_loss run=4 interval=2 step=456 loss=0.998454
train_loss run=4 interval=2 step=457 loss=0.988323
train_loss run=4 interval=2 step=458 loss=0.992509
train_loss run=4 interval=2 step=459 loss=1.00551
train_loss run=4 interval=2 step=460 loss=1.00225
train_loss run=4 interval=2 step=461 loss=0.979862
train_loss run=4 interval=2 step=462 loss=1.02211
train_loss run=4 interval=2 step=463 loss=1.02652
train_loss run=4 interval=2 step=464 loss=1.01131
train_loss run=4 interval=2 step=465 loss=1.00401
train_loss run=4 interval=2 step=466 loss=0.996891
train_loss run=4 interval=2 step=467 loss=1.01746
train_loss run=4 interval=2 step=468 loss=1.02569
train_loss run=4 interval=2 step=469 loss=0.963929
train_loss run=4 interval=2 step=470 loss=1.0091
train_loss run=4 interval=2 step=471 loss=0.979894
train_loss run=4 interval=2 step=472 loss=1.00454
train_loss run=4 interval=2 step=473 loss=0.999656
train_loss run=4 interval=2 step=474 loss=1.02483
train_loss run=4 interval=2 step=475 loss=0.996267
train_loss run=4 interval=2 step=476 loss=1.01809
train_loss run=4 interval=2 step=477 loss=0.997896
train_loss run=4 interval=2 step=478 loss=0.997305
train_loss run=4 interval=2 step=479 loss=0.989616
train_loss run=4 interval=2 step=480 loss=0.988542
interval_boundary_eval run=4 interval=2 step=480 total_steps=800 tta_val_acc=0.9119
search run=4 interval=3 phase=baseline metric=tta_val_acc
main hparams: conv.initial_lr=0.028 conv.momentum=0.4 main=0.9203
search_path step=0 conv.initial_lr=0.028 conv.momentum=0.4 tta_val_acc=0.9203
search run=4 interval=3 phase=cooldown metric=tta_val_acc
main hparams: conv.initial_lr=0.028 conv.momentum=0.4
conv.initial_lr=0.006 -> tta_val_acc=0.9324
conv.initial_lr=0.0036 -> tta_val_acc=0.9331
conv.initial_lr=0.0022 -> tta_val_acc=0.933
search_path step=0 conv.initial_lr=0.006 tta_val_acc=0.9324
search_path step=1 conv.initial_lr=0.0036 tta_val_acc=0.9331
search run=4 interval=3 phase=main metric=tta_val_acc
cooldown hparams: conv.initial_lr=0.0036
main hparams: conv.initial_lr=0.028 conv.momentum=0.4 best_cooldown=0.9331
main hparams: conv.initial_lr=0.017 conv.momentum=0.4 best_cooldown=0.934
main hparams: conv.initial_lr=0.01 conv.momentum=0.4 best_cooldown=0.9336
main hparams: conv.initial_lr=0.017 conv.momentum=0.3 best_cooldown=0.9336
main hparams: conv.initial_lr=0.017 conv.momentum=0.5 best_cooldown=0.9343
main hparams: conv.initial_lr=0.017 conv.momentum=0.6 best_cooldown=0.9332
main hparams: conv.initial_lr=0.01 conv.momentum=0.5 best_cooldown=0.9336
main hparams: conv.initial_lr=0.028 conv.momentum=0.5 best_cooldown=0.9316
search_path step=0 conv.initial_lr=0.028 conv.momentum=0.4 tta_val_acc=0.9331
search_path step=1 conv.initial_lr=0.017 conv.momentum=0.4 tta_val_acc=0.934
search_path step=2 conv.initial_lr=0.017 conv.momentum=0.5 tta_val_acc=0.9343
search run=4 interval=3 phase=cooldown metric=tta_val_acc
main hparams: conv.initial_lr=0.017 conv.momentum=0.5
conv.initial_lr=0.0036 -> tta_val_acc=0.9343
conv.initial_lr=0.0022 -> tta_val_acc=0.9337
conv.initial_lr=0.006 -> tta_val_acc=0.9342
search_path step=0 conv.initial_lr=0.0036 tta_val_acc=0.9343
train_hparams run=4 interval=3 start_step=480 completed_steps=160 total_steps=800 conv.initial_lr=0.017 conv.momentum=0.5
train_loss run=4 interval=3 step=481 loss=1.02648
train_loss run=4 interval=3 step=482 loss=0.987238
train_loss run=4 interval=3 step=483 loss=0.979967
train_loss run=4 interval=3 step=484 loss=1.01016
train_loss run=4 interval=3 step=485 loss=1.01081
train_loss run=4 interval=3 step=486 loss=0.981922
train_loss run=4 interval=3 step=487 loss=0.991035
train_loss run=4 interval=3 step=488 loss=1.02331
train_loss run=4 interval=3 step=489 loss=1.00809
train_loss run=4 interval=3 step=490 loss=1.00232
train_loss run=4 interval=3 step=491 loss=0.975263
train_loss run=4 interval=3 step=492 loss=1.00255
train_loss run=4 interval=3 step=493 loss=1.03572
train_loss run=4 interval=3 step=494 loss=0.994756
train_loss run=4 interval=3 step=495 loss=1.02865
train_loss run=4 interval=3 step=496 loss=1.01539
train_loss run=4 interval=3 step=497 loss=0.990124
train_loss run=4 interval=3 step=498 loss=0.96355
train_loss run=4 interval=3 step=499 loss=0.986709
train_loss run=4 interval=3 step=500 loss=1.0107
train_loss run=4 interval=3 step=501 loss=0.96352
train_loss run=4 interval=3 step=502 loss=0.99754
train_loss run=4 interval=3 step=503 loss=0.976899
train_loss run=4 interval=3 step=504 loss=0.989911
train_loss run=4 interval=3 step=505 loss=0.975103
train_loss run=4 interval=3 step=506 loss=0.962461
train_loss run=4 interval=3 step=507 loss=0.974837
train_loss run=4 interval=3 step=508 loss=0.968683
train_loss run=4 interval=3 step=509 loss=0.958006
train_loss run=4 interval=3 step=510 loss=0.974066
train_loss run=4 interval=3 step=511 loss=0.973266
train_loss run=4 interval=3 step=512 loss=0.987547
train_loss run=4 interval=3 step=513 loss=0.989026
train_loss run=4 interval=3 step=514 loss=0.980344
train_loss run=4 interval=3 step=515 loss=0.970502
train_loss run=4 interval=3 step=516 loss=0.960692
train_loss run=4 interval=3 step=517 loss=0.981363
train_loss run=4 interval=3 step=518 loss=0.961321
train_loss run=4 interval=3 step=519 loss=0.96895
train_loss run=4 interval=3 step=520 loss=0.970679
train_loss run=4 interval=3 step=521 loss=0.98584
train_loss run=4 interval=3 step=522 loss=0.963524
train_loss run=4 interval=3 step=523 loss=0.983633
train_loss run=4 interval=3 step=524 loss=0.972068
train_loss run=4 interval=3 step=525 loss=0.974638
train_loss run=4 interval=3 step=526 loss=0.974164
train_loss run=4 interval=3 step=527 loss=0.989339
train_loss run=4 interval=3 step=528 loss=0.969481
train_loss run=4 interval=3 step=529 loss=0.95553
train_loss run=4 interval=3 step=530 loss=0.97185
train_loss run=4 interval=3 step=531 loss=0.973526
train_loss run=4 interval=3 step=532 loss=0.967755
train_loss run=4 interval=3 step=533 loss=0.964766
train_loss run=4 interval=3 step=534 loss=0.976874
train_loss run=4 interval=3 step=535 loss=0.959285
train_loss run=4 interval=3 step=536 loss=0.97342
train_loss run=4 interval=3 step=537 loss=0.986321
train_loss run=4 interval=3 step=538 loss=0.96801
train_loss run=4 interval=3 step=539 loss=0.974546
train_loss run=4 interval=3 step=540 loss=0.958536
train_loss run=4 interval=3 step=541 loss=0.984325
train_loss run=4 interval=3 step=542 loss=0.978575
train_loss run=4 interval=3 step=543 loss=0.979488
train_loss run=4 interval=3 step=544 loss=0.991242
train_loss run=4 interval=3 step=545 loss=0.993214
train_loss run=4 interval=3 step=546 loss=0.960183
train_loss run=4 interval=3 step=547 loss=0.973365
train_loss run=4 interval=3 step=548 loss=0.985757
train_loss run=4 interval=3 step=549 loss=0.961983
train_loss run=4 interval=3 step=550 loss=0.982375
train_loss run=4 interval=3 step=551 loss=0.958875
train_loss run=4 interval=3 step=552 loss=0.959908
train_loss run=4 interval=3 step=553 loss=0.969711
train_loss run=4 interval=3 step=554 loss=0.964665
train_loss run=4 interval=3 step=555 loss=0.968669
train_loss run=4 interval=3 step=556 loss=0.97094
train_loss run=4 interval=3 step=557 loss=0.977751
train_loss run=4 interval=3 step=558 loss=0.964075
train_loss run=4 interval=3 step=559 loss=0.963933
train_loss run=4 interval=3 step=560 loss=0.971644
train_loss run=4 interval=3 step=561 loss=0.977428
train_loss run=4 interval=3 step=562 loss=0.959577
train_loss run=4 interval=3 step=563 loss=0.97119
train_loss run=4 interval=3 step=564 loss=0.949927
train_loss run=4 interval=3 step=565 loss=0.979227
train_loss run=4 interval=3 step=566 loss=0.97687
train_loss run=4 interval=3 step=567 loss=0.969396
train_loss run=4 interval=3 step=568 loss=0.975364
train_loss run=4 interval=3 step=569 loss=1.00219
train_loss run=4 interval=3 step=570 loss=0.96336
train_loss run=4 interval=3 step=571 loss=0.963505
train_loss run=4 interval=3 step=572 loss=0.965741
train_loss run=4 interval=3 step=573 loss=0.965618
train_loss run=4 interval=3 step=574 loss=0.984932
train_loss run=4 interval=3 step=575 loss=0.959811
train_loss run=4 interval=3 step=576 loss=0.973164
train_loss run=4 interval=3 step=577 loss=0.982009
train_loss run=4 interval=3 step=578 loss=0.952818
train_loss run=4 interval=3 step=579 loss=0.987332
train_loss run=4 interval=3 step=580 loss=0.988855
train_loss run=4 interval=3 step=581 loss=0.973162
train_loss run=4 interval=3 step=582 loss=0.97419
train_loss run=4 interval=3 step=583 loss=0.98128
train_loss run=4 interval=3 step=584 loss=0.96879
train_loss run=4 interval=3 step=585 loss=0.962509
train_loss run=4 interval=3 step=586 loss=0.973824
train_loss run=4 interval=3 step=587 loss=0.969575
train_loss run=4 interval=3 step=588 loss=0.969862
train_loss run=4 interval=3 step=589 loss=0.972073
train_loss run=4 interval=3 step=590 loss=0.966568
train_loss run=4 interval=3 step=591 loss=0.960404
train_loss run=4 interval=3 step=592 loss=0.960415
train_loss run=4 interval=3 step=593 loss=0.967013
train_loss run=4 interval=3 step=594 loss=0.967576
train_loss run=4 interval=3 step=595 loss=0.958738
train_loss run=4 interval=3 step=596 loss=0.982862
train_loss run=4 interval=3 step=597 loss=0.977752
train_loss run=4 interval=3 step=598 loss=0.958545
train_loss run=4 interval=3 step=599 loss=0.962469
train_loss run=4 interval=3 step=600 loss=0.990845
train_loss run=4 interval=3 step=601 loss=0.951948
train_loss run=4 interval=3 step=602 loss=0.951919
train_loss run=4 interval=3 step=603 loss=0.958052
train_loss run=4 interval=3 step=604 loss=0.965153
train_loss run=4 interval=3 step=605 loss=0.966356
train_loss run=4 interval=3 step=606 loss=0.951425
train_loss run=4 interval=3 step=607 loss=0.946325
train_loss run=4 interval=3 step=608 loss=0.947331
train_loss run=4 interval=3 step=609 loss=0.955214
train_loss run=4 interval=3 step=610 loss=0.939186
train_loss run=4 interval=3 step=611 loss=0.959097
train_loss run=4 interval=3 step=612 loss=0.965302
train_loss run=4 interval=3 step=613 loss=0.946427
train_loss run=4 interval=3 step=614 loss=0.941194
train_loss run=4 interval=3 step=615 loss=0.950753
train_loss run=4 interval=3 step=616 loss=0.949003
train_loss run=4 interval=3 step=617 loss=0.95761
train_loss run=4 interval=3 step=618 loss=0.953027
train_loss run=4 interval=3 step=619 loss=0.962863
train_loss run=4 interval=3 step=620 loss=0.9526
train_loss run=4 interval=3 step=621 loss=0.949435
train_loss run=4 interval=3 step=622 loss=0.966581
train_loss run=4 interval=3 step=623 loss=0.947721
train_loss run=4 interval=3 step=624 loss=0.94937
train_loss run=4 interval=3 step=625 loss=0.93759
train_loss run=4 interval=3 step=626 loss=0.953444
train_loss run=4 interval=3 step=627 loss=0.946964
train_loss run=4 interval=3 step=628 loss=0.954438
train_loss run=4 interval=3 step=629 loss=0.962707
train_loss run=4 interval=3 step=630 loss=0.950714
train_loss run=4 interval=3 step=631 loss=0.940658
train_loss run=4 interval=3 step=632 loss=0.943446
train_loss run=4 interval=3 step=633 loss=0.954616
train_loss run=4 interval=3 step=634 loss=0.947678
train_loss run=4 interval=3 step=635 loss=0.958164
train_loss run=4 interval=3 step=636 loss=0.959882
train_loss run=4 interval=3 step=637 loss=0.932286
train_loss run=4 interval=3 step=638 loss=0.952139
train_loss run=4 interval=3 step=639 loss=0.942558
train_loss run=4 interval=3 step=640 loss=0.960239
interval_boundary_eval run=4 interval=3 step=640 total_steps=800 tta_val_acc=0.9283
search run=4 interval=4 phase=main metric=tta_val_acc
main hparams: conv.initial_lr=0.017 conv.momentum=0.5 main=0.9288
main hparams: conv.initial_lr=0.01 conv.momentum=0.5 main=0.9317
main hparams: conv.initial_lr=0.0061 conv.momentum=0.5 main=0.9324
main hparams: conv.initial_lr=0.0037 conv.momentum=0.5 main=0.9337
main hparams: conv.initial_lr=0.0022 conv.momentum=0.5 main=0.9342
main hparams: conv.initial_lr=0.0013 conv.momentum=0.5 main=0.9336
main hparams: conv.initial_lr=0.0022 conv.momentum=0.4 main=0.934
main hparams: conv.initial_lr=0.0022 conv.momentum=0.6 main=0.9344
main hparams: conv.initial_lr=0.0022 conv.momentum=0.7 main=0.9345
main hparams: conv.initial_lr=0.0022 conv.momentum=0.8 main=0.9342
main hparams: conv.initial_lr=0.0013 conv.momentum=0.7 main=0.9341
main hparams: conv.initial_lr=0.0037 conv.momentum=0.7 main=0.9331
search_path step=0 conv.initial_lr=0.017 conv.momentum=0.5 tta_val_acc=0.9288
search_path step=1 conv.initial_lr=0.0022 conv.momentum=0.5 tta_val_acc=0.9342
search_path step=2 conv.initial_lr=0.0022 conv.momentum=0.7 tta_val_acc=0.9345
train_hparams run=4 interval=4 start_step=640 completed_steps=160 total_steps=800 conv.initial_lr=0.0022 conv.momentum=0.7
train_loss run=4 interval=4 step=641 loss=0.939616
train_loss run=4 interval=4 step=642 loss=0.945722
train_loss run=4 interval=4 step=643 loss=0.953704
train_loss run=4 interval=4 step=644 loss=0.937717
train_loss run=4 interval=4 step=645 loss=0.946099
train_loss run=4 interval=4 step=646 loss=0.944835
train_loss run=4 interval=4 step=647 loss=0.951999
train_loss run=4 interval=4 step=648 loss=0.957329
train_loss run=4 interval=4 step=649 loss=0.949881
train_loss run=4 interval=4 step=650 loss=0.938734
train_loss run=4 interval=4 step=651 loss=0.941016
train_loss run=4 interval=4 step=652 loss=0.949635
train_loss run=4 interval=4 step=653 loss=0.946093
train_loss run=4 interval=4 step=654 loss=0.942458
train_loss run=4 interval=4 step=655 loss=0.945706
train_loss run=4 interval=4 step=656 loss=0.941611
train_loss run=4 interval=4 step=657 loss=0.949405
train_loss run=4 interval=4 step=658 loss=0.943475
train_loss run=4 interval=4 step=659 loss=0.955043
train_loss run=4 interval=4 step=660 loss=0.930732
train_loss run=4 interval=4 step=661 loss=0.95314
train_loss run=4 interval=4 step=662 loss=0.931178
train_loss run=4 interval=4 step=663 loss=0.940342
train_loss run=4 interval=4 step=664 loss=0.941135
train_loss run=4 interval=4 step=665 loss=0.938931
train_loss run=4 interval=4 step=666 loss=0.956064
train_loss run=4 interval=4 step=667 loss=0.954669
train_loss run=4 interval=4 step=668 loss=0.942222
train_loss run=4 interval=4 step=669 loss=0.941009
train_loss run=4 interval=4 step=670 loss=0.97088
train_loss run=4 interval=4 step=671 loss=0.954137
train_loss run=4 interval=4 step=672 loss=0.944905
train_loss run=4 interval=4 step=673 loss=0.94852
train_loss run=4 interval=4 step=674 loss=0.951238
train_loss run=4 interval=4 step=675 loss=0.944049
train_loss run=4 interval=4 step=676 loss=0.937549
train_loss run=4 interval=4 step=677 loss=0.941238
train_loss run=4 interval=4 step=678 loss=0.926465
train_loss run=4 interval=4 step=679 loss=0.946847
train_loss run=4 interval=4 step=680 loss=0.937989
train_loss run=4 interval=4 step=681 loss=0.942323
train_loss run=4 interval=4 step=682 loss=0.962473
train_loss run=4 interval=4 step=683 loss=0.950161
train_loss run=4 interval=4 step=684 loss=0.941901
train_loss run=4 interval=4 step=685 loss=0.941591
train_loss run=4 interval=4 step=686 loss=0.94653
train_loss run=4 interval=4 step=687 loss=0.952058
train_loss run=4 interval=4 step=688 loss=0.944833
train_loss run=4 interval=4 step=689 loss=0.938339
train_loss run=4 interval=4 step=690 loss=0.961041
train_loss run=4 interval=4 step=691 loss=0.930204
train_loss run=4 interval=4 step=692 loss=0.942459
train_loss run=4 interval=4 step=693 loss=0.951536
train_loss run=4 interval=4 step=694 loss=0.935714
train_loss run=4 interval=4 step=695 loss=0.938276
train_loss run=4 interval=4 step=696 loss=0.963158
train_loss run=4 interval=4 step=697 loss=0.928982
train_loss run=4 interval=4 step=698 loss=0.942376
train_loss run=4 interval=4 step=699 loss=0.925859
train_loss run=4 interval=4 step=700 loss=0.934208
train_loss run=4 interval=4 step=701 loss=0.922612
train_loss run=4 interval=4 step=702 loss=0.93099
train_loss run=4 interval=4 step=703 loss=0.932937
train_loss run=4 interval=4 step=704 loss=0.921637
train_loss run=4 interval=4 step=705 loss=0.935266
train_loss run=4 interval=4 step=706 loss=0.928685
train_loss run=4 interval=4 step=707 loss=0.927138
train_loss run=4 interval=4 step=708 loss=0.923715
train_loss run=4 interval=4 step=709 loss=0.926009
train_loss run=4 interval=4 step=710 loss=0.936412
train_loss run=4 interval=4 step=711 loss=0.930854
train_loss run=4 interval=4 step=712 loss=0.922884
train_loss run=4 interval=4 step=713 loss=0.919674
train_loss run=4 interval=4 step=714 loss=0.927912
train_loss run=4 interval=4 step=715 loss=0.922085
train_loss run=4 interval=4 step=716 loss=0.923035
train_loss run=4 interval=4 step=717 loss=0.921365
train_loss run=4 interval=4 step=718 loss=0.929633
train_loss run=4 interval=4 step=719 loss=0.92114
train_loss run=4 interval=4 step=720 loss=0.921079
train_loss run=4 interval=4 step=721 loss=0.920466
train_loss run=4 interval=4 step=722 loss=0.931558
train_loss run=4 interval=4 step=723 loss=0.928214
train_loss run=4 interval=4 step=724 loss=0.928308
train_loss run=4 interval=4 step=725 loss=0.914567
train_loss run=4 interval=4 step=726 loss=0.937291
train_loss run=4 interval=4 step=727 loss=0.926547
train_loss run=4 interval=4 step=728 loss=0.927449
train_loss run=4 interval=4 step=729 loss=0.926085
train_loss run=4 interval=4 step=730 loss=0.933426
train_loss run=4 interval=4 step=731 loss=0.923037
train_loss run=4 interval=4 step=732 loss=0.921353
train_loss run=4 interval=4 step=733 loss=0.924086
train_loss run=4 interval=4 step=734 loss=0.92952
train_loss run=4 interval=4 step=735 loss=0.925597
train_loss run=4 interval=4 step=736 loss=0.939609
train_loss run=4 interval=4 step=737 loss=0.937419
train_loss run=4 interval=4 step=738 loss=0.91777
train_loss run=4 interval=4 step=739 loss=0.926533
train_loss run=4 interval=4 step=740 loss=0.931918
train_loss run=4 interval=4 step=741 loss=0.930025
train_loss run=4 interval=4 step=742 loss=0.924513
train_loss run=4 interval=4 step=743 loss=0.932956
train_loss run=4 interval=4 step=744 loss=0.937308
train_loss run=4 interval=4 step=745 loss=0.928005
train_loss run=4 interval=4 step=746 loss=0.935273
train_loss run=4 interval=4 step=747 loss=0.928189
train_loss run=4 interval=4 step=748 loss=0.925296
train_loss run=4 interval=4 step=749 loss=0.925898
train_loss run=4 interval=4 step=750 loss=0.92499
train_loss run=4 interval=4 step=751 loss=0.922308
train_loss run=4 interval=4 step=752 loss=0.928076
train_loss run=4 interval=4 step=753 loss=0.930502
train_loss run=4 interval=4 step=754 loss=0.920416
train_loss run=4 interval=4 step=755 loss=0.933788
train_loss run=4 interval=4 step=756 loss=0.935248
train_loss run=4 interval=4 step=757 loss=0.935321
train_loss run=4 interval=4 step=758 loss=0.929157
train_loss run=4 interval=4 step=759 loss=0.918995
train_loss run=4 interval=4 step=760 loss=0.925926
train_loss run=4 interval=4 step=761 loss=0.927637
train_loss run=4 interval=4 step=762 loss=0.926871
train_loss run=4 interval=4 step=763 loss=0.922403
train_loss run=4 interval=4 step=764 loss=0.932261
train_loss run=4 interval=4 step=765 loss=0.94136
train_loss run=4 interval=4 step=766 loss=0.920048
train_loss run=4 interval=4 step=767 loss=0.923225
train_loss run=4 interval=4 step=768 loss=0.918518
train_loss run=4 interval=4 step=769 loss=0.92936
train_loss run=4 interval=4 step=770 loss=0.939635
train_loss run=4 interval=4 step=771 loss=0.925678
train_loss run=4 interval=4 step=772 loss=0.927605
train_loss run=4 interval=4 step=773 loss=0.928218
train_loss run=4 interval=4 step=774 loss=0.920021
train_loss run=4 interval=4 step=775 loss=0.927253
train_loss run=4 interval=4 step=776 loss=0.928165
train_loss run=4 interval=4 step=777 loss=0.923868
train_loss run=4 interval=4 step=778 loss=0.932931
train_loss run=4 interval=4 step=779 loss=0.921585
train_loss run=4 interval=4 step=780 loss=0.919729
train_loss run=4 interval=4 step=781 loss=0.926814
train_loss run=4 interval=4 step=782 loss=0.923958
train_loss run=4 interval=4 step=783 loss=0.922197
train_loss run=4 interval=4 step=784 loss=0.92428
train_loss run=4 interval=4 step=785 loss=0.935323
train_loss run=4 interval=4 step=786 loss=0.930052
train_loss run=4 interval=4 step=787 loss=0.935895
train_loss run=4 interval=4 step=788 loss=0.913456
train_loss run=4 interval=4 step=789 loss=0.932687
train_loss run=4 interval=4 step=790 loss=0.91551
train_loss run=4 interval=4 step=791 loss=0.933145
train_loss run=4 interval=4 step=792 loss=0.930447
train_loss run=4 interval=4 step=793 loss=0.923515
train_loss run=4 interval=4 step=794 loss=0.915155
train_loss run=4 interval=4 step=795 loss=0.926689
train_loss run=4 interval=4 step=796 loss=0.909009
train_loss run=4 interval=4 step=797 loss=0.916754
train_loss run=4 interval=4 step=798 loss=0.927547
train_loss run=4 interval=4 step=799 loss=0.930098
train_loss run=4 interval=4 step=800 loss=0.934903
interval_boundary_eval run=4 interval=4 step=800 total_steps=800 tta_val_acc=0.9345
val_acc=0.9258 tta_val_acc=0.9345 seconds=186.5822
base_config run=5
{
  "batch_size": 500,
  "num_epochs": 8,
  "overfit": false,
  "hparam_tuning": {
    "algorithm": "interval",
    "interval_steps": 40,
    "cooldown_steps": 40,
    "parameters": {"conv.initial_lr": null, "conv.momentum": [0.0, 0.1, 0.2, 0.3, 0.4, 0.5, 0.6, 0.7, 0.8, 0.9, 0.95, 0.99]},
    "max_side_steps": 20,
    "lr_factor": 0.6,
    "initial_dropoff_margin": 0.02,
    "metric": "tta_val_acc"
  },
  "param_groups": {
    "whiten_weight": {"algorithm": "sgd", "lr_scheduler": {"type": "constant", "initial_lr": 0.0}, "momentum": 0.85, "nesterov": true},
    "norm_weight": {"algorithm": "sgd", "lr_scheduler": {"type": "constant", "initial_lr": 0.0}, "momentum": 0.85, "nesterov": true},
    "whiten_bias": {"algorithm": "sgd", "lr_scheduler": {"type": "linear", "initial_lr": 26, "decay_epochs": 3}, "momentum": 0.85, "nesterov": true},
    "norm_bias": {"algorithm": "sgd", "lr_scheduler": {"type": "linear", "initial_lr": 26, "decay_epochs": 8}, "momentum": 0.85, "nesterov": true},
    "head": {"algorithm": "sgd", "lr_scheduler": {"type": "linear", "initial_lr": 340, "decay_epochs": 8}, "momentum": 0.85, "nesterov": true},
    "conv": {"algorithm": "muon", "lr_scheduler": {"type": "linear", "initial_lr": 0.079, "decay_epochs": 8}, "momentum": 0.6, "nesterov": true}
  }
}
search run=5 interval=0 phase=main metric=tta_val_acc
main hparams: conv.initial_lr=0.079 conv.momentum=0.6 main=0.6928
main hparams: conv.initial_lr=0.13 conv.momentum=0.6 main=0.6612
main hparams: conv.initial_lr=0.047 conv.momentum=0.6 main=0.6631
main hparams: conv.initial_lr=0.079 conv.momentum=0.5 main=0.6513
main hparams: conv.initial_lr=0.079 conv.momentum=0.7 main=0.7132
main hparams: conv.initial_lr=0.079 conv.momentum=0.8 main=0.7555
main hparams: conv.initial_lr=0.079 conv.momentum=0.9 main=0.7069
search_path step=0 conv.initial_lr=0.079 conv.momentum=0.6 tta_val_acc=0.6928
search_path step=1 conv.initial_lr=0.079 conv.momentum=0.8 tta_val_acc=0.7555
search run=5 interval=0 phase=cooldown metric=tta_val_acc
main hparams: conv.initial_lr=0.079 conv.momentum=0.8
conv.initial_lr=0.079 -> tta_val_acc=0.7853
conv.initial_lr=0.047 -> tta_val_acc=0.8181
conv.initial_lr=0.028 -> tta_val_acc=0.8144
conv.initial_lr=0.078 -> tta_val_acc=0.7883
search_path step=0 conv.initial_lr=0.079 tta_val_acc=0.7853
search_path step=1 conv.initial_lr=0.047 tta_val_acc=0.8181
search run=5 interval=0 phase=main metric=tta_val_acc
cooldown hparams: conv.initial_lr=0.047
main hparams: conv.initial_lr=0.079 conv.momentum=0.8 best_cooldown=0.8181
main hparams: conv.initial_lr=0.047 conv.momentum=0.8 best_cooldown=0.8128
main hparams: conv.initial_lr=0.13 conv.momentum=0.8 best_cooldown=0.7892
main hparams: conv.initial_lr=0.079 conv.momentum=0.7 best_cooldown=0.7868
main hparams: conv.initial_lr=0.079 conv.momentum=0.9 best_cooldown=0.8111
search_path step=0 conv.initial_lr=0.079 conv.momentum=0.8 tta_val_acc=0.8181
train_hparams run=5 interval=0 start_step=0 completed_steps=40 total_steps=800 conv.initial_lr=0.079 conv.momentum=0.8
train_loss run=5 interval=0 step=1 loss=2.30936
train_loss run=5 interval=0 step=2 loss=2.25277
train_loss run=5 interval=0 step=3 loss=2.19694
train_loss run=5 interval=0 step=4 loss=2.15811
train_loss run=5 interval=0 step=5 loss=2.12656
train_loss run=5 interval=0 step=6 loss=2.0733
train_loss run=5 interval=0 step=7 loss=1.98545
train_loss run=5 interval=0 step=8 loss=1.94345
train_loss run=5 interval=0 step=9 loss=1.89368
train_loss run=5 interval=0 step=10 loss=1.85951
train_loss run=5 interval=0 step=11 loss=1.85918
train_loss run=5 interval=0 step=12 loss=1.75808
train_loss run=5 interval=0 step=13 loss=1.73343
train_loss run=5 interval=0 step=14 loss=1.71952
train_loss run=5 interval=0 step=15 loss=1.62105
train_loss run=5 interval=0 step=16 loss=1.66864
train_loss run=5 interval=0 step=17 loss=1.55649
train_loss run=5 interval=0 step=18 loss=1.61268
train_loss run=5 interval=0 step=19 loss=1.62248
train_loss run=5 interval=0 step=20 loss=1.52594
train_loss run=5 interval=0 step=21 loss=1.56207
train_loss run=5 interval=0 step=22 loss=1.53962
train_loss run=5 interval=0 step=23 loss=1.49672
train_loss run=5 interval=0 step=24 loss=1.58906
train_loss run=5 interval=0 step=25 loss=1.47362
train_loss run=5 interval=0 step=26 loss=1.50487
train_loss run=5 interval=0 step=27 loss=1.4603
train_loss run=5 interval=0 step=28 loss=1.45081
train_loss run=5 interval=0 step=29 loss=1.42333
train_loss run=5 interval=0 step=30 loss=1.40893
train_loss run=5 interval=0 step=31 loss=1.43503
train_loss run=5 interval=0 step=32 loss=1.43941
train_loss run=5 interval=0 step=33 loss=1.43064
train_loss run=5 interval=0 step=34 loss=1.39725
train_loss run=5 interval=0 step=35 loss=1.36761
train_loss run=5 interval=0 step=36 loss=1.39356
train_loss run=5 interval=0 step=37 loss=1.33382
train_loss run=5 interval=0 step=38 loss=1.35998
train_loss run=5 interval=0 step=39 loss=1.39158
train_loss run=5 interval=0 step=40 loss=1.37542
interval_boundary_eval run=5 interval=0 step=40 total_steps=800 tta_val_acc=0.7555
search run=5 interval=1 phase=baseline metric=tta_val_acc
main hparams: conv.initial_lr=0.079 conv.momentum=0.8 main=0.7853
search_path step=0 conv.initial_lr=0.079 conv.momentum=0.8 tta_val_acc=0.7853
search run=5 interval=1 phase=cooldown metric=tta_val_acc
main hparams: conv.initial_lr=0.079 conv.momentum=0.8
conv.initial_lr=0.047 -> tta_val_acc=0.8403
conv.initial_lr=0.028 -> tta_val_acc=0.8601
conv.initial_lr=0.017 -> tta_val_acc=0.8646
conv.initial_lr=0.01 -> tta_val_acc=0.8623
search_path step=0 conv.initial_lr=0.047 tta_val_acc=0.8403
search_path step=1 conv.initial_lr=0.017 tta_val_acc=0.8646
search run=5 interval=1 phase=main metric=tta_val_acc
cooldown hparams: conv.initial_lr=0.017
main hparams: conv.initial_lr=0.079 conv.momentum=0.8 best_cooldown=0.8646
main hparams: conv.initial_lr=0.047 conv.momentum=0.8 best_cooldown=0.8618
main hparams: conv.initial_lr=0.13 conv.momentum=0.8 best_cooldown=0.8478
main hparams: conv.initial_lr=0.079 conv.momentum=0.7 best_cooldown=0.8511
main hparams: conv.initial_lr=0.079 conv.momentum=0.9 best_cooldown=0.8569
search_path step=0 conv.initial_lr=0.079 conv.momentum=0.8 tta_val_acc=0.8646
train_hparams run=5 interval=1 start_step=40 completed_steps=40 total_steps=800 conv.initial_lr=0.079 conv.momentum=0.8
train_loss run=5 interval=1 step=41 loss=1.37309
train_loss run=5 interval=1 step=42 loss=1.36553
train_loss run=5 interval=1 step=43 loss=1.35496
train_loss run=5 interval=1 step=44 loss=1.37952
train_loss run=5 interval=1 step=45 loss=1.35079
train_loss run=5 interval=1 step=46 loss=1.33914
train_loss run=5 interval=1 step=47 loss=1.35633
train_loss run=5 interval=1 step=48 loss=1.34503
train_loss run=5 interval=1 step=49 loss=1.32974
train_loss run=5 interval=1 step=50 loss=1.3327
train_loss run=5 interval=1 step=51 loss=1.3426
train_loss run=5 interval=1 step=52 loss=1.32527
train_loss run=5 interval=1 step=53 loss=1.31285
train_loss run=5 interval=1 step=54 loss=1.36734
train_loss run=5 interval=1 step=55 loss=1.29947
train_loss run=5 interval=1 step=56 loss=1.31059
train_loss run=5 interval=1 step=57 loss=1.27996
train_loss run=5 interval=1 step=58 loss=1.32976
train_loss run=5 interval=1 step=59 loss=1.31973
train_loss run=5 interval=1 step=60 loss=1.34865
train_loss run=5 interval=1 step=61 loss=1.3345
train_loss run=5 interval=1 step=62 loss=1.31182
train_loss run=5 interval=1 step=63 loss=1.27612
train_loss run=5 interval=1 step=64 loss=1.30698
train_loss run=5 interval=1 step=65 loss=1.28317
train_loss run=5 interval=1 step=66 loss=1.29802
train_loss run=5 interval=1 step=67 loss=1.31013
train_loss run=5 interval=1 step=68 loss=1.28194
train_loss run=5 interval=1 step=69 loss=1.27283
train_loss run=5 interval=1 step=70 loss=1.27125
train_loss run=5 interval=1 step=71 loss=1.26883
train_loss run=5 interval=1 step=72 loss=1.28761
train_loss run=5 interval=1 step=73 loss=1.26776
train_loss run=5 interval=1 step=74 loss=1.31247
train_loss run=5 interval=1 step=75 loss=1.26317
train_loss run=5 interval=1 step=76 loss=1.25788
train_loss run=5 interval=1 step=77 loss=1.27458
train_loss run=5 interval=1 step=78 loss=1.28211
train_loss run=5 interval=1 step=79 loss=1.2696
train_loss run=5 interval=1 step=80 loss=1.25636
interval_boundary_eval run=5 interval=1 step=80 total_steps=800 tta_val_acc=0.7853
search run=5 interval=2 phase=baseline metric=tta_val_acc
main hparams: conv.initial_lr=0.079 conv.momentum=0.8 main=0.8157
search_path step=0 conv.initial_lr=0.079 conv.momentum=0.8 tta_val_acc=0.8157
search run=5 interval=2 phase=cooldown metric=tta_val_acc
main hparams: conv.initial_lr=0.079 conv.momentum=0.8
conv.initial_lr=0.017 -> tta_val_acc=0.8636
conv.initial_lr=0.01 -> tta_val_acc=0.8631
conv.initial_lr=0.028 -> tta_val_acc=0.8595
search_path step=0 conv.initial_lr=0.017 tta_val_acc=0.8636
search run=5 interval=2 phase=main metric=tta_val_acc
cooldown hparams: conv.initial_lr=0.017
main hparams: conv.initial_lr=0.079 conv.momentum=0.8 best_cooldown=0.8636
main hparams: conv.initial_lr=0.047 conv.momentum=0.8 best_cooldown=0.8736
main hparams: conv.initial_lr=0.028 conv.momentum=0.8 best_cooldown=0.8681
main hparams: conv.initial_lr=0.047 conv.momentum=0.7 best_cooldown=0.8712
main hparams: conv.initial_lr=0.047 conv.momentum=0.9 best_cooldown=0.8776
main hparams: conv.initial_lr=0.047 conv.momentum=0.95 best_cooldown=0.8475
main hparams: conv.initial_lr=0.028 conv.momentum=0.9 best_cooldown=0.8675
main hparams: conv.initial_lr=0.078 conv.momentum=0.9 best_cooldown=0.8473
search_path step=0 conv.initial_lr=0.079 conv.momentum=0.8 tta_val_acc=0.8636
search_path step=1 conv.initial_lr=0.047 conv.momentum=0.8 tta_val_acc=0.8736
search_path step=2 conv.initial_lr=0.047 conv.momentum=0.9 tta_val_acc=0.8776
search run=5 interval=2 phase=cooldown metric=tta_val_acc
main hparams: conv.initial_lr=0.047 conv.momentum=0.9
conv.initial_lr=0.017 -> tta_val_acc=0.8776
conv.initial_lr=0.01 -> tta_val_acc=0.8778
conv.initial_lr=0.0061 -> tta_val_acc=0.8735
conv.initial_lr=0.006 -> tta_val_acc=0.8732
search_path step=0 conv.initial_lr=0.017 tta_val_acc=0.8776
search_path step=1 conv.initial_lr=0.01 tta_val_acc=0.8778
search run=5 interval=2 phase=main metric=tta_val_acc
cooldown hparams: conv.initial_lr=0.01
main hparams: conv.initial_lr=0.047 conv.momentum=0.9 best_cooldown=0.8778
main hparams: conv.initial_lr=0.028 conv.momentum=0.9 best_cooldown=0.8764
main hparams: conv.initial_lr=0.078 conv.momentum=0.9 best_cooldown=0.8452
main hparams: conv.initial_lr=0.047 conv.momentum=0.8 best_cooldown=0.876
main hparams: conv.initial_lr=0.047 conv.momentum=0.95 best_cooldown=0.8624
search_path step=0 conv.initial_lr=0.047 conv.momentum=0.9 tta_val_acc=0.8778
train_hparams run=5 interval=2 start_step=80 completed_steps=40 total_steps=800 conv.initial_lr=0.047 conv.momentum=0.9
train_loss run=5 interval=2 step=81 loss=1.27745
train_loss run=5 interval=2 step=82 loss=1.27601
train_loss run=5 interval=2 step=83 loss=1.26909
train_loss run=5 interval=2 step=84 loss=1.25318
train_loss run=5 interval=2 step=85 loss=1.2256
train_loss run=5 interval=2 step=86 loss=1.25339
train_loss run=5 interval=2 step=87 loss=1.24448
train_loss run=5 interval=2 step=88 loss=1.25431
train_loss run=5 interval=2 step=89 loss=1.22711
train_loss run=5 interval=2 step=90 loss=1.20353
train_loss run=5 interval=2 step=91 loss=1.26581
train_loss run=5 interval=2 step=92 loss=1.23918
train_loss run=5 interval=2 step=93 loss=1.23286
train_loss run=5 interval=2 step=94 loss=1.18956
train_loss run=5 interval=2 step=95 loss=1.21597
train_loss run=5 interval=2 step=96 loss=1.18738
train_loss run=5 interval=2 step=97 loss=1.22898
train_loss run=5 interval=2 step=98 loss=1.20272
train_loss run=5 interval=2 step=99 loss=1.2477
train_loss run=5 interval=2 step=100 loss=1.23413
train_loss run=5 interval=2 step=101 loss=1.23134
train_loss run=5 interval=2 step=102 loss=1.24137
train_loss run=5 interval=2 step=103 loss=1.24805
train_loss run=5 interval=2 step=104 loss=1.21573
train_loss run=5 interval=2 step=105 loss=1.24937
train_loss run=5 interval=2 step=106 loss=1.20097
train_loss run=5 interval=2 step=107 loss=1.22534
train_loss run=5 interval=2 step=108 loss=1.19753
train_loss run=5 interval=2 step=109 loss=1.22131
train_loss run=5 interval=2 step=110 loss=1.22248
train_loss run=5 interval=2 step=111 loss=1.25134
train_loss run=5 interval=2 step=112 loss=1.20374
train_loss run=5 interval=2 step=113 loss=1.19521
train_loss run=5 interval=2 step=114 loss=1.25508
train_loss run=5 interval=2 step=115 loss=1.19156
train_loss run=5 interval=2 step=116 loss=1.21661
train_loss run=5 interval=2 step=117 loss=1.20127
train_loss run=5 interval=2 step=118 loss=1.19366
train_loss run=5 interval=2 step=119 loss=1.18255
train_loss run=5 interval=2 step=120 loss=1.20329
interval_boundary_eval run=5 interval=2 step=120 total_steps=800 tta_val_acc=0.8289
search run=5 interval=3 phase=baseline metric=tta_val_acc
main hparams: conv.initial_lr=0.047 conv.momentum=0.9 main=0.8393
search_path step=0 conv.initial_lr=0.047 conv.momentum=0.9 tta_val_acc=0.8393
search run=5 interval=3 phase=cooldown metric=tta_val_acc
main hparams: conv.initial_lr=0.047 conv.momentum=0.9
conv.initial_lr=0.01 -> tta_val_acc=0.8858
conv.initial_lr=0.006 -> tta_val_acc=0.8812
conv.initial_lr=0.017 -> tta_val_acc=0.8774
search_path step=0 conv.initial_lr=0.01 tta_val_acc=0.8858
search run=5 interval=3 phase=main metric=tta_val_acc
cooldown hparams: conv.initial_lr=0.01
main hparams: conv.initial_lr=0.047 conv.momentum=0.9 best_cooldown=0.8858
main hparams: conv.initial_lr=0.028 conv.momentum=0.9 best_cooldown=0.8835
main hparams: conv.initial_lr=0.078 conv.momentum=0.9 best_cooldown=0.8669
main hparams: conv.initial_lr=0.047 conv.momentum=0.8 best_cooldown=0.88
main hparams: conv.initial_lr=0.047 conv.momentum=0.95 best_cooldown=0.8733
search_path step=0 conv.initial_lr=0.047 conv.momentum=0.9 tta_val_acc=0.8858
train_hparams run=5 interval=3 start_step=120 completed_steps=40 total_steps=800 conv.initial_lr=0.047 conv.momentum=0.9
train_loss run=5 interval=3 step=121 loss=1.21069
train_loss run=5 interval=3 step=122 loss=1.21195
train_loss run=5 interval=3 step=123 loss=1.21668
train_loss run=5 interval=3 step=124 loss=1.22579
train_loss run=5 interval=3 step=125 loss=1.18145
train_loss run=5 interval=3 step=126 loss=1.16837
train_loss run=5 interval=3 step=127 loss=1.20719
train_loss run=5 interval=3 step=128 loss=1.19735
train_loss run=5 interval=3 step=129 loss=1.24454
train_loss run=5 interval=3 step=130 loss=1.15504
train_loss run=5 interval=3 step=131 loss=1.2058
train_loss run=5 interval=3 step=132 loss=1.21843
train_loss run=5 interval=3 step=133 loss=1.20198
train_loss run=5 interval=3 step=134 loss=1.23618
train_loss run=5 interval=3 step=135 loss=1.20357
train_loss run=5 interval=3 step=136 loss=1.17367
train_loss run=5 interval=3 step=137 loss=1.17417
train_loss run=5 interval=3 step=138 loss=1.21603
train_loss run=5 interval=3 step=139 loss=1.20356
train_loss run=5 interval=3 step=140 loss=1.22527
train_loss run=5 interval=3 step=141 loss=1.20766
train_loss run=5 interval=3 step=142 loss=1.19719
train_loss run=5 interval=3 step=143 loss=1.20201
train_loss run=5 interval=3 step=144 loss=1.23102
train_loss run=5 interval=3 step=145 loss=1.22716
train_loss run=5 interval=3 step=146 loss=1.22871
train_loss run=5 interval=3 step=147 loss=1.18401
train_loss run=5 interval=3 step=148 loss=1.17183
train_loss run=5 interval=3 step=149 loss=1.17047
train_loss run=5 interval=3 step=150 loss=1.23389
train_loss run=5 interval=3 step=151 loss=1.22621
train_loss run=5 interval=3 step=152 loss=1.19774
train_loss run=5 interval=3 step=153 loss=1.19504
train_loss run=5 interval=3 step=154 loss=1.19031
train_loss run=5 interval=3 step=155 loss=1.20177
train_loss run=5 interval=3 step=156 loss=1.23592
train_loss run=5 interval=3 step=157 loss=1.22475
train_loss run=5 interval=3 step=158 loss=1.22938
train_loss run=5 interval=3 step=159 loss=1.17372
train_loss run=5 interval=3 step=160 loss=1.22611
interval_boundary_eval run=5 interval=3 step=160 total_steps=800 tta_val_acc=0.8393
search run=5 interval=4 phase=baseline metric=tta_val_acc
main hparams: conv.initial_lr=0.047 conv.momentum=0.9 main=0.8211
search_path step=0 conv.initial_lr=0.047 conv.momentum=0.9 tta_val_acc=0.8211
search run=5 interval=4 phase=cooldown metric=tta_val_acc
main hparams: conv.initial_lr=0.047 conv.momentum=0.9
conv.initial_lr=0.01 -> tta_val_acc=0.8907
conv.initial_lr=0.006 -> tta_val_acc=0.8906
conv.initial_lr=0.017 -> tta_val_acc=0.8836
search_path step=0 conv.initial_lr=0.01 tta_val_acc=0.8907
search run=5 interval=4 phase=main metric=tta_val_acc
cooldown hparams: conv.initial_lr=0.01
main hparams: conv.initial_lr=0.047 conv.momentum=0.9 best_cooldown=0.8907
main hparams: conv.initial_lr=0.028 conv.momentum=0.9 best_cooldown=0.9007
main hparams: conv.initial_lr=0.017 conv.momentum=0.9 best_cooldown=0.8975
main hparams: conv.initial_lr=0.028 conv.momentum=0.8 best_cooldown=0.9009
main hparams: conv.initial_lr=0.028 conv.momentum=0.7 best_cooldown=0.9005
main hparams: conv.initial_lr=0.017 conv.momentum=0.8 best_cooldown=0.8989
main hparams: conv.initial_lr=0.047 conv.momentum=0.8 best_cooldown=0.8992
search_path step=0 conv.initial_lr=0.047 conv.momentum=0.9 tta_val_acc=0.8907
search_path step=1 conv.initial_lr=0.028 conv.momentum=0.9 tta_val_acc=0.9007
search_path step=2 conv.initial_lr=0.028 conv.momentum=0.8 tta_val_acc=0.9009
search run=5 interval=4 phase=cooldown metric=tta_val_acc
main hparams: conv.initial_lr=0.028 conv.momentum=0.8
conv.initial_lr=0.01 -> tta_val_acc=0.9009
conv.initial_lr=0.006 -> tta_val_acc=0.9028
conv.initial_lr=0.0036 -> tta_val_acc=0.9021
search_path step=0 conv.initial_lr=0.01 tta_val_acc=0.9009
search_path step=1 conv.initial_lr=0.006 tta_val_acc=0.9028
search run=5 interval=4 phase=main metric=tta_val_acc
cooldown hparams: conv.initial_lr=0.006
main hparams: conv.initial_lr=0.028 conv.momentum=0.8 best_cooldown=0.9028
main hparams: conv.initial_lr=0.017 conv.momentum=0.8 best_cooldown=0.8993
main hparams: conv.initial_lr=0.047 conv.momentum=0.8 best_cooldown=0.8976
main hparams: conv.initial_lr=0.028 conv.momentum=0.7 best_cooldown=0.901
main hparams: conv.initial_lr=0.028 conv.momentum=0.9 best_cooldown=0.9022
search_path step=0 conv.initial_lr=0.028 conv.momentum=0.8 tta_val_acc=0.9028
train_hparams run=5 interval=4 start_step=160 completed_steps=40 total_steps=800 conv.initial_lr=0.028 conv.momentum=0.8
train_loss run=5 interval=4 step=161 loss=1.18394
train_loss run=5 interval=4 step=162 loss=1.17919
train_loss run=5 interval=4 step=163 loss=1.15014
train_loss run=5 interval=4 step=164 loss=1.2185
train_loss run=5 interval=4 step=165 loss=1.16664
train_loss run=5 interval=4 step=166 loss=1.15457
train_loss run=5 interval=4 step=167 loss=1.20735
train_loss run=5 interval=4 step=168 loss=1.1775
train_loss run=5 interval=4 step=169 loss=1.13898
train_loss run=5 interval=4 step=170 loss=1.14612
train_loss run=5 interval=4 step=171 loss=1.13196
train_loss run=5 interval=4 step=172 loss=1.16786
train_loss run=5 interval=4 step=173 loss=1.13776
train_loss run=5 interval=4 step=174 loss=1.15886
train_loss run=5 interval=4 step=175 loss=1.17398
train_loss run=5 interval=4 step=176 loss=1.16498
train_loss run=5 interval=4 step=177 loss=1.15682
train_loss run=5 interval=4 step=178 loss=1.14132
train_loss run=5 interval=4 step=179 loss=1.14524
train_loss run=5 interval=4 step=180 loss=1.126
train_loss run=5 interval=4 step=181 loss=1.12697
train_loss run=5 interval=4 step=182 loss=1.18233
train_loss run=5 interval=4 step=183 loss=1.15212
train_loss run=5 interval=4 step=184 loss=1.14545
train_loss run=5 interval=4 step=185 loss=1.14258
train_loss run=5 interval=4 step=186 loss=1.14125
train_loss run=5 interval=4 step=187 loss=1.15423
train_loss run=5 interval=4 step=188 loss=1.12853
train_loss run=5 interval=4 step=189 loss=1.12237
train_loss run=5 interval=4 step=190 loss=1.13089
train_loss run=5 interval=4 step=191 loss=1.17297
train_loss run=5 interval=4 step=192 loss=1.13825
train_loss run=5 interval=4 step=193 loss=1.15551
train_loss run=5 interval=4 step=194 loss=1.16861
train_loss run=5 interval=4 step=195 loss=1.1149
train_loss run=5 interval=4 step=196 loss=1.12247
train_loss run=5 interval=4 step=197 loss=1.14063
train_loss run=5 interval=4 step=198 loss=1.08824
train_loss run=5 interval=4 step=199 loss=1.16017
train_loss run=5 interval=4 step=200 loss=1.15296
interval_boundary_eval run=5 interval=4 step=200 total_steps=800 tta_val_acc=0.8762
search run=5 interval=5 phase=baseline metric=tta_val_acc
main hparams: conv.initial_lr=0.028 conv.momentum=0.8 main=0.8899
search_path step=0 conv.initial_lr=0.028 conv.momentum=0.8 tta_val_acc=0.8899
search run=5 interval=5 phase=cooldown metric=tta_val_acc
main hparams: conv.initial_lr=0.028 conv.momentum=0.8
conv.initial_lr=0.006 -> tta_val_acc=0.908
conv.initial_lr=0.0036 -> tta_val_acc=0.907
conv.initial_lr=0.01 -> tta_val_acc=0.9066
search_path step=0 conv.initial_lr=0.006 tta_val_acc=0.908
search run=5 interval=5 phase=main metric=tta_val_acc
cooldown hparams: conv.initial_lr=0.006
main hparams: conv.initial_lr=0.028 conv.momentum=0.8 best_cooldown=0.908
main hparams: conv.initial_lr=0.017 conv.momentum=0.8 best_cooldown=0.91
main hparams: conv.initial_lr=0.01 conv.momentum=0.8 best_cooldown=0.9087
main hparams: conv.initial_lr=0.017 conv.momentum=0.7 best_cooldown=0.9091
main hparams: conv.initial_lr=0.017 conv.momentum=0.9 best_cooldown=0.9104
main hparams: conv.initial_lr=0.017 conv.momentum=0.95 best_cooldown=0.9078
main hparams: conv.initial_lr=0.01 conv.momentum=0.9 best_cooldown=0.9121
main hparams: conv.initial_lr=0.0061 conv.momentum=0.9 best_cooldown=0.909
main hparams: conv.initial_lr=0.01 conv.momentum=0.95 best_cooldown=0.9108
main hparams: conv.initial_lr=0.006 conv.momentum=0.9 best_cooldown=0.9095
search_path step=0 conv.initial_lr=0.028 conv.momentum=0.8 tta_val_acc=0.908
search_path step=1 conv.initial_lr=0.017 conv.momentum=0.8 tta_val_acc=0.91
search_path step=2 conv.initial_lr=0.017 conv.momentum=0.9 tta_val_acc=0.9104
search_path step=3 conv.initial_lr=0.01 conv.momentum=0.9 tta_val_acc=0.9121
search run=5 interval=5 phase=cooldown metric=tta_val_acc
main hparams: conv.initial_lr=0.01 conv.momentum=0.9
conv.initial_lr=0.006 -> tta_val_acc=0.9121
conv.initial_lr=0.0036 -> tta_val_acc=0.911
conv.initial_lr=0.01 -> tta_val_acc=0.9078
search_path step=0 conv.initial_lr=0.006 tta_val_acc=0.9121
train_hparams run=5 interval=5 start_step=200 completed_steps=40 total_steps=800 conv.initial_lr=0.01 conv.momentum=0.9
train_loss run=5 interval=5 step=201 loss=1.08247
train_loss run=5 interval=5 step=202 loss=1.13392
train_loss run=5 interval=5 step=203 loss=1.09365
train_loss run=5 interval=5 step=204 loss=1.09053
train_loss run=5 interval=5 step=205 loss=1.14146
train_loss run=5 interval=5 step=206 loss=1.10297
train_loss run=5 interval=5 step=207 loss=1.10026
train_loss run=5 interval=5 step=208 loss=1.07439
train_loss run=5 interval=5 step=209 loss=1.12885
train_loss run=5 interval=5 step=210 loss=1.07172
train_loss run=5 interval=5 step=211 loss=1.07959
train_loss run=5 interval=5 step=212 loss=1.11034
train_loss run=5 interval=5 step=213 loss=1.11523
train_loss run=5 interval=5 step=214 loss=1.101
train_loss run=5 interval=5 step=215 loss=1.09968
train_loss run=5 interval=5 step=216 loss=1.06927
train_loss run=5 interval=5 step=217 loss=1.05036
train_loss run=5 interval=5 step=218 loss=1.09902
train_loss run=5 interval=5 step=219 loss=1.07176
train_loss run=5 interval=5 step=220 loss=1.12302
train_loss run=5 interval=5 step=221 loss=1.1212
train_loss run=5 interval=5 step=222 loss=1.09308
train_loss run=5 interval=5 step=223 loss=1.1062
train_loss run=5 interval=5 step=224 loss=1.08619
train_loss run=5 interval=5 step=225 loss=1.09581
train_loss run=5 interval=5 step=226 loss=1.06148
train_loss run=5 interval=5 step=227 loss=1.07571
train_loss run=5 interval=5 step=228 loss=1.08035
train_loss run=5 interval=5 step=229 loss=1.08207
train_loss run=5 interval=5 step=230 loss=1.06214
train_loss run=5 interval=5 step=231 loss=1.09166
train_loss run=5 interval=5 step=232 loss=1.12676
train_loss run=5 interval=5 step=233 loss=1.07764
train_loss run=5 interval=5 step=234 loss=1.05901
train_loss run=5 interval=5 step=235 loss=1.08129
train_loss run=5 interval=5 step=236 loss=1.105
train_loss run=5 interval=5 step=237 loss=1.10896
train_loss run=5 interval=5 step=238 loss=1.05158
train_loss run=5 interval=5 step=239 loss=1.09515
train_loss run=5 interval=5 step=240 loss=1.07424
interval_boundary_eval run=5 interval=5 step=240 total_steps=800 tta_val_acc=0.9001
search run=5 interval=6 phase=baseline metric=tta_val_acc
main hparams: conv.initial_lr=0.01 conv.momentum=0.9 main=0.9078
search_path step=0 conv.initial_lr=0.01 conv.momentum=0.9 tta_val_acc=0.9078
search run=5 interval=6 phase=cooldown metric=tta_val_acc
main hparams: conv.initial_lr=0.01 conv.momentum=0.9
conv.initial_lr=0.006 -> tta_val_acc=0.9165
conv.initial_lr=0.0036 -> tta_val_acc=0.9174
conv.initial_lr=0.0022 -> tta_val_acc=0.9183
conv.initial_lr=0.0013 -> tta_val_acc=0.9172
conv.initial_lr=0.0037 -> tta_val_acc=0.9175
search_path step=0 conv.initial_lr=0.006 tta_val_acc=0.9165
search_path step=1 conv.initial_lr=0.0022 tta_val_acc=0.9183
search run=5 interval=6 phase=main metric=tta_val_acc
cooldown hparams: conv.initial_lr=0.0022
main hparams: conv.initial_lr=0.01 conv.momentum=0.9 best_cooldown=0.9183
main hparams: conv.initial_lr=0.006 conv.momentum=0.9 best_cooldown=0.9182
main hparams: conv.initial_lr=0.017 conv.momentum=0.9 best_cooldown=0.9136
main hparams: conv.initial_lr=0.01 conv.momentum=0.8 best_cooldown=0.9187
main hparams: conv.initial_lr=0.01 conv.momentum=0.7 best_cooldown=0.9177
main hparams: conv.initial_lr=0.006 conv.momentum=0.8 best_cooldown=0.9176
main hparams: conv.initial_lr=0.017 conv.momentum=0.8 best_cooldown=0.9155
search_path step=0 conv.initial_lr=0.01 conv.momentum=0.9 tta_val_acc=0.9183
search_path step=1 conv.initial_lr=0.01 conv.momentum=0.8 tta_val_acc=0.9187
search run=5 interval=6 phase=cooldown metric=tta_val_acc
main hparams: conv.initial_lr=0.01 conv.momentum=0.8
conv.initial_lr=0.0022 -> tta_val_acc=0.9187
conv.initial_lr=0.0013 -> tta_val_acc=0.918
conv.initial_lr=0.0037 -> tta_val_acc=0.9183
search_path step=0 conv.initial_lr=0.0022 tta_val_acc=0.9187
train_hparams run=5 interval=6 start_step=240 completed_steps=40 total_steps=800 conv.initial_lr=0.01 conv.momentum=0.8
train_loss run=5 interval=6 step=241 loss=1.07133
train_loss run=5 interval=6 step=242 loss=1.08704
train_loss run=5 interval=6 step=243 loss=1.08282
train_loss run=5 interval=6 step=244 loss=1.04927
train_loss run=5 interval=6 step=245 loss=1.04251
train_loss run=5 interval=6 step=246 loss=1.10598
train_loss run=5 interval=6 step=247 loss=1.09193
train_loss run=5 interval=6 step=248 loss=1.0838
train_loss run=5 interval=6 step=249 loss=1.07253
train_loss run=5 interval=6 step=250 loss=1.08749
train_loss run=5 interval=6 step=251 loss=1.05828
train_loss run=5 interval=6 step=252 loss=1.09265
train_loss run=5 interval=6 step=253 loss=1.07693
train_loss run=5 interval=6 step=254 loss=1.05976
train_loss run=5 interval=6 step=255 loss=1.05967
train_loss run=5 interval=6 step=256 loss=1.06375
train_loss run=5 interval=6 step=257 loss=1.06176
train_loss run=5 interval=6 step=258 loss=1.06038
train_loss run=5 interval=6 step=259 loss=1.08842
train_loss run=5 interval=6 step=260 loss=1.0684
train_loss run=5 interval=6 step=261 loss=1.0654
train_loss run=5 interval=6 step=262 loss=1.07041
train_loss run=5 interval=6 step=263 loss=1.12148
train_loss run=5 interval=6 step=264 loss=1.07805
train_loss run=5 interval=6 step=265 loss=1.08487
train_loss run=5 interval=6 step=266 loss=1.05834
train_loss run=5 interval=6 step=267 loss=1.09761
train_loss run=5 interval=6 step=268 loss=1.06373
train_loss run=5 interval=6 step=269 loss=1.07959
train_loss run=5 interval=6 step=270 loss=1.06559
train_loss run=5 interval=6 step=271 loss=1.0835
train_loss run=5 interval=6 step=272 loss=1.05033
train_loss run=5 interval=6 step=273 loss=1.09751
train_loss run=5 interval=6 step=274 loss=1.07928
train_loss run=5 interval=6 step=275 loss=1.06601
train_loss run=5 interval=6 step=276 loss=1.07394
train_loss run=5 interval=6 step=277 loss=1.07619
train_loss run=5 interval=6 step=278 loss=1.06149
train_loss run=5 interval=6 step=279 loss=1.08046
train_loss run=5 interval=6 step=280 loss=1.05318
interval_boundary_eval run=5 interval=6 step=280 total_steps=800 tta_val_acc=0.9097
search run=5 interval=7 phase=baseline metric=tta_val_acc
main hparams: conv.initial_lr=0.01 conv.momentum=0.8 main=0.9166
search_path step=0 conv.initial_lr=0.01 conv.momentum=0.8 tta_val_acc=0.9166
search run=5 interval=7 phase=cooldown metric=tta_val_acc
main hparams: conv.initial_lr=0.01 conv.momentum=0.8
conv.initial_lr=0.0022 -> tta_val_acc=0.9213
conv.initial_lr=0.0013 -> tta_val_acc=0.9215
conv.initial_lr=0.00079 -> tta_val_acc=0.9213
conv.initial_lr=0.00078 -> tta_val_acc=0.9213
search_path step=0 conv.initial_lr=0.0022 tta_val_acc=0.9213
search_path step=1 conv.initial_lr=0.0013 tta_val_acc=0.9215
search run=5 interval=7 phase=main metric=tta_val_acc
cooldown hparams: conv.initial_lr=0.0013
main hparams: conv.initial_lr=0.01 conv.momentum=0.8 best_cooldown=0.9215
main hparams: conv.initial_lr=0.006 conv.momentum=0.8 best_cooldown=0.9221
main hparams: conv.initial_lr=0.0036 conv.momentum=0.8 best_cooldown=0.9195
main hparams: conv.initial_lr=0.006 conv.momentum=0.7 best_cooldown=0.9211
main hparams: conv.initial_lr=0.006 conv.momentum=0.9 best_cooldown=0.9214
search_path step=0 conv.initial_lr=0.01 conv.momentum=0.8 tta_val_acc=0.9215
search_path step=1 conv.initial_lr=0.006 conv.momentum=0.8 tta_val_acc=0.9221
search run=5 interval=7 phase=cooldown metric=tta_val_acc
main hparams: conv.initial_lr=0.006 conv.momentum=0.8
conv.initial_lr=0.0013 -> tta_val_acc=0.9221
conv.initial_lr=0.00078 -> tta_val_acc=0.9219
conv.initial_lr=0.0022 -> tta_val_acc=0.9215
search_path step=0 conv.initial_lr=0.0013 tta_val_acc=0.9221
train_hparams run=5 interval=7 start_step=280 completed_steps=40 total_steps=800 conv.initial_lr=0.006 conv.momentum=0.8
train_loss run=5 interval=7 step=281 loss=1.06361
train_loss run=5 interval=7 step=282 loss=1.04684
train_loss run=5 interval=7 step=283 loss=1.05475
train_loss run=5 interval=7 step=284 loss=1.09613
train_loss run=5 interval=7 step=285 loss=1.07076
train_loss run=5 interval=7 step=286 loss=1.09242
train_loss run=5 interval=7 step=287 loss=1.05944
train_loss run=5 interval=7 step=288 loss=1.03592
train_loss run=5 interval=7 step=289 loss=1.06725
train_loss run=5 interval=7 step=290 loss=1.11245
train_loss run=5 interval=7 step=291 loss=1.06582
train_loss run=5 interval=7 step=292 loss=1.04501
train_loss run=5 interval=7 step=293 loss=1.08209
train_loss run=5 interval=7 step=294 loss=1.02578
train_loss run=5 interval=7 step=295 loss=1.03452
train_loss run=5 interval=7 step=296 loss=1.04678
train_loss run=5 interval=7 step=297 loss=1.06284
train_loss run=5 interval=7 step=298 loss=1.06738
train_loss run=5 interval=7 step=299 loss=1.0669
train_loss run=5 interval=7 step=300 loss=1.05967
train_loss run=5 interval=7 step=301 loss=1.01947
train_loss run=5 interval=7 step=302 loss=1.01729
train_loss run=5 interval=7 step=303 loss=1.02002
train_loss run=5 interval=7 step=304 loss=1.01952
train_loss run=5 interval=7 step=305 loss=1.03188
train_loss run=5 interval=7 step=306 loss=1.02988
train_loss run=5 interval=7 step=307 loss=1.02098
train_loss run=5 interval=7 step=308 loss=1.00774
train_loss run=5 interval=7 step=309 loss=1.01472
train_loss run=5 interval=7 step=310 loss=1.0074
train_loss run=5 interval=7 step=311 loss=1.00184
train_loss run=5 interval=7 step=312 loss=1.01696
train_loss run=5 interval=7 step=313 loss=0.996584
train_loss run=5 interval=7 step=314 loss=1.02309
train_loss run=5 interval=7 step=315 loss=1.01773
train_loss run=5 interval=7 step=316 loss=0.997254
train_loss run=5 interval=7 step=317 loss=0.987556
train_loss run=5 interval=7 step=318 loss=1.01765
train_loss run=5 interval=7 step=319 loss=0.984294
train_loss run=5 interval=7 step=320 loss=1.00925
interval_boundary_eval run=5 interval=7 step=320 total_steps=800 tta_val_acc=0.9166
search run=5 interval=8 phase=baseline metric=tta_val_acc
main hparams: conv.initial_lr=0.006 conv.momentum=0.8 main=0.9213
search_path step=0 conv.initial_lr=0.006 conv.momentum=0.8 tta_val_acc=0.9213
search run=5 interval=8 phase=cooldown metric=tta_val_acc
main hparams: conv.initial_lr=0.006 conv.momentum=0.8
conv.initial_lr=0.0013 -> tta_val_acc=0.9225
conv.initial_lr=0.00078 -> tta_val_acc=0.9224
conv.initial_lr=0.0022 -> tta_val_acc=0.9227
conv.initial_lr=0.0036 -> tta_val_acc=0.9214
conv.initial_lr=0.0037 -> tta_val_acc=0.9211
search_path step=0 conv.initial_lr=0.0013 tta_val_acc=0.9225
search_path step=1 conv.initial_lr=0.0022 tta_val_acc=0.9227
search run=5 interval=8 phase=main metric=tta_val_acc
cooldown hparams: conv.initial_lr=0.0022
main hparams: conv.initial_lr=0.006 conv.momentum=0.8 best_cooldown=0.9227
main hparams: conv.initial_lr=0.0036 conv.momentum=0.8 best_cooldown=0.9211
main hparams: conv.initial_lr=0.01 conv.momentum=0.8 best_cooldown=0.9214
main hparams: conv.initial_lr=0.006 conv.momentum=0.7 best_cooldown=0.9212
main hparams: conv.initial_lr=0.006 conv.momentum=0.9 best_cooldown=0.9221
search_path step=0 conv.initial_lr=0.006 conv.momentum=0.8 tta_val_acc=0.9227
train_hparams run=5 interval=8 start_step=320 completed_steps=40 total_steps=800 conv.initial_lr=0.006 conv.momentum=0.8
train_loss run=5 interval=8 step=321 loss=1.00212
train_loss run=5 interval=8 step=322 loss=1.00809
train_loss run=5 interval=8 step=323 loss=1.0238
train_loss run=5 interval=8 step=324 loss=0.993469
train_loss run=5 interval=8 step=325 loss=1.00363
train_loss run=5 interval=8 step=326 loss=1.02087
train_loss run=5 interval=8 step=327 loss=1.01985
train_loss run=5 interval=8 step=328 loss=0.991573
train_loss run=5 interval=8 step=329 loss=1.01554
train_loss run=5 interval=8 step=330 loss=0.984942
train_loss run=5 interval=8 step=331 loss=1.01679
train_loss run=5 interval=8 step=332 loss=1.03382
train_loss run=5 interval=8 step=333 loss=1.01686
train_loss run=5 interval=8 step=334 loss=1.00206
train_loss run=5 interval=8 step=335 loss=0.996002
train_loss run=5 interval=8 step=336 loss=0.999208
train_loss run=5 interval=8 step=337 loss=1.0057
train_loss run=5 interval=8 step=338 loss=1.02599
train_loss run=5 interval=8 step=339 loss=1.0184
train_loss run=5 interval=8 step=340 loss=1.01503
train_loss run=5 interval=8 step=341 loss=1.02613
train_loss run=5 interval=8 step=342 loss=0.992723
train_loss run=5 interval=8 step=343 loss=1.00189
train_loss run=5 interval=8 step=344 loss=1.00086
train_loss run=5 interval=8 step=345 loss=1.01467
train_loss run=5 interval=8 step=346 loss=1.0002
train_loss run=5 interval=8 step=347 loss=1.01852
train_loss run=5 interval=8 step=348 loss=0.989597
train_loss run=5 interval=8 step=349 loss=1.00377
train_loss run=5 interval=8 step=350 loss=1.00371
train_loss run=5 interval=8 step=351 loss=0.999
train_loss run=5 interval=8 step=352 loss=1.01933
train_loss run=5 interval=8 step=353 loss=1.00524
train_loss run=5 interval=8 step=354 loss=0.988945
train_loss run=5 interval=8 step=355 loss=0.978735
train_loss run=5 interval=8 step=356 loss=0.997439
train_loss run=5 interval=8 step=357 loss=1.00742
train_loss run=5 interval=8 step=358 loss=1.01018
train_loss run=5 interval=8 step=359 loss=1.00577
train_loss run=5 interval=8 step=360 loss=1.00347
interval_boundary_eval run=5 interval=8 step=360 total_steps=800 tta_val_acc=0.9213
search run=5 interval=9 phase=baseline metric=tta_val_acc
main hparams: conv.initial_lr=0.006 conv.momentum=0.8 main=0.9194
search_path step=0 conv.initial_lr=0.006 conv.momentum=0.8 tta_val_acc=0.9194
search run=5 interval=9 phase=cooldown metric=tta_val_acc
main hparams: conv.initial_lr=0.006 conv.momentum=0.8
conv.initial_lr=0.0022 -> tta_val_acc=0.9245
conv.initial_lr=0.0013 -> tta_val_acc=0.9241
conv.initial_lr=0.0037 -> tta_val_acc=0.9248
conv.initial_lr=0.0061 -> tta_val_acc=0.9244
conv.initial_lr=0.0062 -> tta_val_acc=0.9246
search_path step=0 conv.initial_lr=0.0022 tta_val_acc=0.9245
search_path step=1 conv.initial_lr=0.0037 tta_val_acc=0.9248
search run=5 interval=9 phase=main metric=tta_val_acc
cooldown hparams: conv.initial_lr=0.0037
main hparams: conv.initial_lr=0.006 conv.momentum=0.8 best_cooldown=0.9248
main hparams: conv.initial_lr=0.0036 conv.momentum=0.8 best_cooldown=0.9237
main hparams: conv.initial_lr=0.01 conv.momentum=0.8 best_cooldown=0.926
main hparams: conv.initial_lr=0.017 conv.momentum=0.8 best_cooldown=0.9244
main hparams: conv.initial_lr=0.01 conv.momentum=0.7 best_cooldown=0.9261
main hparams: conv.initial_lr=0.01 conv.momentum=0.6 best_cooldown=0.9248
main hparams: conv.initial_lr=0.006 conv.momentum=0.7 best_cooldown=0.9243
main hparams: conv.initial_lr=0.017 conv.momentum=0.7 best_cooldown=0.9245
search_path step=0 conv.initial_lr=0.006 conv.momentum=0.8 tta_val_acc=0.9248
search_path step=1 conv.initial_lr=0.01 conv.momentum=0.8 tta_val_acc=0.926
search_path step=2 conv.initial_lr=0.01 conv.momentum=0.7 tta_val_acc=0.9261
search run=5 interval=9 phase=cooldown metric=tta_val_acc
main hparams: conv.initial_lr=0.01 conv.momentum=0.7
conv.initial_lr=0.0037 -> tta_val_acc=0.9261
conv.initial_lr=0.0022 -> tta_val_acc=0.926
conv.initial_lr=0.0062 -> tta_val_acc=0.9256
search_path step=0 conv.initial_lr=0.0037 tta_val_acc=0.9261
train_hparams run=5 interval=9 start_step=360 completed_steps=40 total_steps=800 conv.initial_lr=0.01 conv.momentum=0.7
train_loss run=5 interval=9 step=361 loss=1.01097
train_loss run=5 interval=9 step=362 loss=0.980994
train_loss run=5 interval=9 step=363 loss=1.00551
train_loss run=5 interval=9 step=364 loss=0.984584
train_loss run=5 interval=9 step=365 loss=1.02295
train_loss run=5 interval=9 step=366 loss=1.00158
train_loss run=5 interval=9 step=367 loss=1.00311
train_loss run=5 interval=9 step=368 loss=0.999042
train_loss run=5 interval=9 step=369 loss=1.01183
train_loss run=5 interval=9 step=370 loss=1.00411
train_loss run=5 interval=9 step=371 loss=1.01598
train_loss run=5 interval=9 step=372 loss=0.986498
train_loss run=5 interval=9 step=373 loss=1.00784
train_loss run=5 interval=9 step=374 loss=1.01785
train_loss run=5 interval=9 step=375 loss=1.02945
train_loss run=5 interval=9 step=376 loss=1.004
train_loss run=5 interval=9 step=377 loss=1.01738
train_loss run=5 interval=9 step=378 loss=1.02051
train_loss run=5 interval=9 step=379 loss=1.02825
train_loss run=5 interval=9 step=380 loss=1.00798
train_loss run=5 interval=9 step=381 loss=1.00666
train_loss run=5 interval=9 step=382 loss=0.976587
train_loss run=5 interval=9 step=383 loss=1.02018
train_loss run=5 interval=9 step=384 loss=1.00632
train_loss run=5 interval=9 step=385 loss=0.994314
train_loss run=5 interval=9 step=386 loss=1.00386
train_loss run=5 interval=9 step=387 loss=0.986916
train_loss run=5 interval=9 step=388 loss=1.01598
train_loss run=5 interval=9 step=389 loss=1.0182
train_loss run=5 interval=9 step=390 loss=0.998054
train_loss run=5 interval=9 step=391 loss=1.01058
train_loss run=5 interval=9 step=392 loss=0.996785
train_loss run=5 interval=9 step=393 loss=1.03569
train_loss run=5 interval=9 step=394 loss=1.01641
train_loss run=5 interval=9 step=395 loss=0.977298
train_loss run=5 interval=9 step=396 loss=1.00839
train_loss run=5 interval=9 step=397 loss=1.01261
train_loss run=5 interval=9 step=398 loss=1.02324
train_loss run=5 interval=9 step=399 loss=1.01316
train_loss run=5 interval=9 step=400 loss=0.993269
interval_boundary_eval run=5 interval=9 step=400 total_steps=800 tta_val_acc=0.9209
search run=5 interval=10 phase=baseline metric=tta_val_acc
main hparams: conv.initial_lr=0.01 conv.momentum=0.7 main=0.9237
search_path step=0 conv.initial_lr=0.01 conv.momentum=0.7 tta_val_acc=0.9237
search run=5 interval=10 phase=cooldown metric=tta_val_acc
main hparams: conv.initial_lr=0.01 conv.momentum=0.7
conv.initial_lr=0.0037 -> tta_val_acc=0.9255
conv.initial_lr=0.0022 -> tta_val_acc=0.9241
conv.initial_lr=0.0062 -> tta_val_acc=0.9259
conv.initial_lr=0.01 -> tta_val_acc=0.9238
search_path step=0 conv.initial_lr=0.0037 tta_val_acc=0.9255
search_path step=1 conv.initial_lr=0.0062 tta_val_acc=0.9259
search run=5 interval=10 phase=main metric=tta_val_acc
cooldown hparams: conv.initial_lr=0.0062
main hparams: conv.initial_lr=0.01 conv.momentum=0.7 best_cooldown=0.9259
main hparams: conv.initial_lr=0.006 conv.momentum=0.7 best_cooldown=0.9254
main hparams: conv.initial_lr=0.017 conv.momentum=0.7 best_cooldown=0.9244
main hparams: conv.initial_lr=0.01 conv.momentum=0.6 best_cooldown=0.9256
main hparams: conv.initial_lr=0.01 conv.momentum=0.8 best_cooldown=0.9256
search_path step=0 conv.initial_lr=0.01 conv.momentum=0.7 tta_val_acc=0.9259
train_hparams run=5 interval=10 start_step=400 completed_steps=40 total_steps=800 conv.initial_lr=0.01 conv.momentum=0.7
train_loss run=5 interval=10 step=401 loss=1.00388
train_loss run=5 interval=10 step=402 loss=1.00716
train_loss run=5 interval=10 step=403 loss=0.997054
train_loss run=5 interval=10 step=404 loss=0.99085
train_loss run=5 interval=10 step=405 loss=0.977159
train_loss run=5 interval=10 step=406 loss=1.00917
train_loss run=5 interval=10 step=407 loss=0.988748
train_loss run=5 interval=10 step=408 loss=1.01649
train_loss run=5 interval=10 step=409 loss=0.99159
train_loss run=5 interval=10 step=410 loss=0.998986
train_loss run=5 interval=10 step=411 loss=1.00699
train_loss run=5 interval=10 step=412 loss=0.997768
train_loss run=5 interval=10 step=413 loss=0.988122
train_loss run=5 interval=10 step=414 loss=1.01122
train_loss run=5 interval=10 step=415 loss=1.03325
train_loss run=5 interval=10 step=416 loss=0.97962
train_loss run=5 interval=10 step=417 loss=0.971883
train_loss run=5 interval=10 step=418 loss=0.998004
train_loss run=5 interval=10 step=419 loss=0.99086
train_loss run=5 interval=10 step=420 loss=1.00451
train_loss run=5 interval=10 step=421 loss=1.01044
train_loss run=5 interval=10 step=422 loss=1.01979
train_loss run=5 interval=10 step=423 loss=1.00002
train_loss run=5 interval=10 step=424 loss=1.01882
train_loss run=5 interval=10 step=425 loss=1.00276
train_loss run=5 interval=10 step=426 loss=0.999156
train_loss run=5 interval=10 step=427 loss=0.978007
train_loss run=5 interval=10 step=428 loss=1.00647
train_loss run=5 interval=10 step=429 loss=0.980063
train_loss run=5 interval=10 step=430 loss=0.980675
train_loss run=5 interval=10 step=431 loss=1.01075
train_loss run=5 interval=10 step=432 loss=0.990951
train_loss run=5 interval=10 step=433 loss=0.979434
train_loss run=5 interval=10 step=434 loss=1.00978
train_loss run=5 interval=10 step=435 loss=1.01522
train_loss run=5 interval=10 step=436 loss=1.00426
train_loss run=5 interval=10 step=437 loss=0.998711
train_loss run=5 interval=10 step=438 loss=1.01203
train_loss run=5 interval=10 step=439 loss=0.992733
train_loss run=5 interval=10 step=440 loss=1.00105
interval_boundary_eval run=5 interval=10 step=440 total_steps=800 tta_val_acc=0.9237
search run=5 interval=11 phase=baseline metric=tta_val_acc
main hparams: conv.initial_lr=0.01 conv.momentum=0.7 main=0.9238
search_path step=0 conv.initial_lr=0.01 conv.momentum=0.7 tta_val_acc=0.9238
search run=5 interval=11 phase=cooldown metric=tta_val_acc
main hparams: conv.initial_lr=0.01 conv.momentum=0.7
conv.initial_lr=0.0062 -> tta_val_acc=0.9267
conv.initial_lr=0.0037 -> tta_val_acc=0.9278
conv.initial_lr=0.0022 -> tta_val_acc=0.9283
conv.initial_lr=0.0013 -> tta_val_acc=0.9283
conv.initial_lr=0.0008 -> tta_val_acc=0.9282
conv.initial_lr=0.00079 -> tta_val_acc=0.9282
search_path step=0 conv.initial_lr=0.0062 tta_val_acc=0.9267
search_path step=1 conv.initial_lr=0.0022 tta_val_acc=0.9283
search run=5 interval=11 phase=main metric=tta_val_acc
cooldown hparams: conv.initial_lr=0.0022
main hparams: conv.initial_lr=0.01 conv.momentum=0.7 best_cooldown=0.9283
main hparams: conv.initial_lr=0.006 conv.momentum=0.7 best_cooldown=0.9274
main hparams: conv.initial_lr=0.017 conv.momentum=0.7 best_cooldown=0.9276
main hparams: conv.initial_lr=0.01 conv.momentum=0.6 best_cooldown=0.9283
main hparams: conv.initial_lr=0.01 conv.momentum=0.5 best_cooldown=0.928
main hparams: conv.initial_lr=0.01 conv.momentum=0.8 best_cooldown=0.9273
search_path step=0 conv.initial_lr=0.01 conv.momentum=0.7 tta_val_acc=0.9283
train_hparams run=5 interval=11 start_step=440 completed_steps=40 total_steps=800 conv.initial_lr=0.01 conv.momentum=0.7
train_loss run=5 interval=11 step=441 loss=1.00315
train_loss run=5 interval=11 step=442 loss=0.995645
train_loss run=5 interval=11 step=443 loss=0.986214
train_loss run=5 interval=11 step=444 loss=1.01112
train_loss run=5 interval=11 step=445 loss=0.973399
train_loss run=5 interval=11 step=446 loss=0.986891
train_loss run=5 interval=11 step=447 loss=1.00927
train_loss run=5 interval=11 step=448 loss=0.995353
train_loss run=5 interval=11 step=449 loss=0.986733
train_loss run=5 interval=11 step=450 loss=1.02412
train_loss run=5 interval=11 step=451 loss=1.02787
train_loss run=5 interval=11 step=452 loss=0.998802
train_loss run=5 interval=11 step=453 loss=0.999637
train_loss run=5 interval=11 step=454 loss=1.01866
train_loss run=5 interval=11 step=455 loss=0.994851
train_loss run=5 interval=11 step=456 loss=1.00049
train_loss run=5 interval=11 step=457 loss=0.986982
train_loss run=5 interval=11 step=458 loss=0.980806
train_loss run=5 interval=11 step=459 loss=1.00922
train_loss run=5 interval=11 step=460 loss=0.998276
train_loss run=5 interval=11 step=461 loss=0.969392
train_loss run=5 interval=11 step=462 loss=1.02465
train_loss run=5 interval=11 step=463 loss=1.00032
train_loss run=5 interval=11 step=464 loss=0.991593
train_loss run=5 interval=11 step=465 loss=1.00117
train_loss run=5 interval=11 step=466 loss=0.989338
train_loss run=5 interval=11 step=467 loss=0.997218
train_loss run=5 interval=11 step=468 loss=1.01234
train_loss run=5 interval=11 step=469 loss=0.978127
train_loss run=5 interval=11 step=470 loss=0.999232
train_loss run=5 interval=11 step=471 loss=0.961944
train_loss run=5 interval=11 step=472 loss=0.997857
train_loss run=5 interval=11 step=473 loss=0.987168
train_loss run=5 interval=11 step=474 loss=1.01212
train_loss run=5 interval=11 step=475 loss=1.00154
train_loss run=5 interval=11 step=476 loss=0.99725
train_loss run=5 interval=11 step=477 loss=0.980463
train_loss run=5 interval=11 step=478 loss=0.977206
train_loss run=5 interval=11 step=479 loss=0.982184
train_loss run=5 interval=11 step=480 loss=0.993144
interval_boundary_eval run=5 interval=11 step=480 total_steps=800 tta_val_acc=0.9238
search run=5 interval=12 phase=baseline metric=tta_val_acc
main hparams: conv.initial_lr=0.01 conv.momentum=0.7 main=0.9255
search_path step=0 conv.initial_lr=0.01 conv.momentum=0.7 tta_val_acc=0.9255
search run=5 interval=12 phase=cooldown metric=tta_val_acc
main hparams: conv.initial_lr=0.01 conv.momentum=0.7
conv.initial_lr=0.0022 -> tta_val_acc=0.9282
conv.initial_lr=0.0013 -> tta_val_acc=0.9287
conv.initial_lr=0.00079 -> tta_val_acc=0.9274
conv.initial_lr=0.00078 -> tta_val_acc=0.9271
search_path step=0 conv.initial_lr=0.0022 tta_val_acc=0.9282
search_path step=1 conv.initial_lr=0.0013 tta_val_acc=0.9287
search run=5 interval=12 phase=main metric=tta_val_acc
cooldown hparams: conv.initial_lr=0.0013
main hparams: conv.initial_lr=0.01 conv.momentum=0.7 best_cooldown=0.9287
main hparams: conv.initial_lr=0.006 conv.momentum=0.7 best_cooldown=0.9301
main hparams: conv.initial_lr=0.0036 conv.momentum=0.7 best_cooldown=0.9299
main hparams: conv.initial_lr=0.006 conv.momentum=0.6 best_cooldown=0.9298
main hparams: conv.initial_lr=0.006 conv.momentum=0.8 best_cooldown=0.9296
search_path step=0 conv.initial_lr=0.01 conv.momentum=0.7 tta_val_acc=0.9287
search_path step=1 conv.initial_lr=0.006 conv.momentum=0.7 tta_val_acc=0.9301
search run=5 interval=12 phase=cooldown metric=tta_val_acc
main hparams: conv.initial_lr=0.006 conv.momentum=0.7
conv.initial_lr=0.0013 -> tta_val_acc=0.9301
conv.initial_lr=0.00078 -> tta_val_acc=0.9296
conv.initial_lr=0.0022 -> tta_val_acc=0.9299
search_path step=0 conv.initial_lr=0.0013 tta_val_acc=0.9301
train_hparams run=5 interval=12 start_step=480 completed_steps=40 total_steps=800 conv.initial_lr=0.006 conv.momentum=0.7
train_loss run=5 interval=12 step=481 loss=0.999944
train_loss run=5 interval=12 step=482 loss=0.979915
train_loss run=5 interval=12 step=483 loss=0.981587
train_loss run=5 interval=12 step=484 loss=1.00298
train_loss run=5 interval=12 step=485 loss=0.999637
train_loss run=5 interval=12 step=486 loss=0.978198
train_loss run=5 interval=12 step=487 loss=0.984357
train_loss run=5 interval=12 step=488 loss=1.02712
train_loss run=5 interval=12 step=489 loss=0.999581
train_loss run=5 interval=12 step=490 loss=0.983584
train_loss run=5 interval=12 step=491 loss=0.969605
train_loss run=5 interval=12 step=492 loss=0.987962
train_loss run=5 interval=12 step=493 loss=1.01967
train_loss run=5 interval=12 step=494 loss=0.983981
train_loss run=5 interval=12 step=495 loss=1.00383
train_loss run=5 interval=12 step=496 loss=1.01422
train_loss run=5 interval=12 step=497 loss=0.979316
train_loss run=5 interval=12 step=498 loss=0.957943
train_loss run=5 interval=12 step=499 loss=0.980302
train_loss run=5 interval=12 step=500 loss=1.0015
train_loss run=5 interval=12 step=501 loss=0.94705
train_loss run=5 interval=12 step=502 loss=0.97704
train_loss run=5 interval=12 step=503 loss=0.953591
train_loss run=5 interval=12 step=504 loss=0.969445
train_loss run=5 interval=12 step=505 loss=0.957955
train_loss run=5 interval=12 step=506 loss=0.968122
train_loss run=5 interval=12 step=507 loss=0.957203
train_loss run=5 interval=12 step=508 loss=0.953366
train_loss run=5 interval=12 step=509 loss=0.956089
train_loss run=5 interval=12 step=510 loss=0.955472
train_loss run=5 interval=12 step=511 loss=0.971467
train_loss run=5 interval=12 step=512 loss=0.977818
train_loss run=5 interval=12 step=513 loss=0.980381
train_loss run=5 interval=12 step=514 loss=0.963088
train_loss run=5 interval=12 step=515 loss=0.962915
train_loss run=5 interval=12 step=516 loss=0.95908
train_loss run=5 interval=12 step=517 loss=0.968998
train_loss run=5 interval=12 step=518 loss=0.949982
train_loss run=5 interval=12 step=519 loss=0.961748
train_loss run=5 interval=12 step=520 loss=0.959137
interval_boundary_eval run=5 interval=12 step=520 total_steps=800 tta_val_acc=0.9272
search run=5 interval=13 phase=baseline metric=tta_val_acc
main hparams: conv.initial_lr=0.006 conv.momentum=0.7 main=0.928
search_path step=0 conv.initial_lr=0.006 conv.momentum=0.7 tta_val_acc=0.928
search run=5 interval=13 phase=cooldown metric=tta_val_acc
main hparams: conv.initial_lr=0.006 conv.momentum=0.7
conv.initial_lr=0.0013 -> tta_val_acc=0.9293
conv.initial_lr=0.00078 -> tta_val_acc=0.9287
conv.initial_lr=0.0022 -> tta_val_acc=0.93
conv.initial_lr=0.0036 -> tta_val_acc=0.9304
conv.initial_lr=0.006 -> tta_val_acc=0.9304
conv.initial_lr=0.01 -> tta_val_acc=0.9287
search_path step=0 conv.initial_lr=0.0013 tta_val_acc=0.9293
search_path step=1 conv.initial_lr=0.0036 tta_val_acc=0.9304
search run=5 interval=13 phase=main metric=tta_val_acc
cooldown hparams: conv.initial_lr=0.0036
main hparams: conv.initial_lr=0.006 conv.momentum=0.7 best_cooldown=0.9304
main hparams: conv.initial_lr=0.0036 conv.momentum=0.7 best_cooldown=0.9312
main hparams: conv.initial_lr=0.0022 conv.momentum=0.7 best_cooldown=0.9318
main hparams: conv.initial_lr=0.0013 conv.momentum=0.7 best_cooldown=0.9312
main hparams: conv.initial_lr=0.0022 conv.momentum=0.6 best_cooldown=0.9313
main hparams: conv.initial_lr=0.0022 conv.momentum=0.8 best_cooldown=0.9312
main hparams: conv.initial_lr=0.0037 conv.momentum=0.7 best_cooldown=0.9312
search_path step=0 conv.initial_lr=0.006 conv.momentum=0.7 tta_val_acc=0.9304
search_path step=1 conv.initial_lr=0.0022 conv.momentum=0.7 tta_val_acc=0.9318
search run=5 interval=13 phase=cooldown metric=tta_val_acc
main hparams: conv.initial_lr=0.0022 conv.momentum=0.7
conv.initial_lr=0.0036 -> tta_val_acc=0.9318
conv.initial_lr=0.0022 -> tta_val_acc=0.9306
conv.initial_lr=0.006 -> tta_val_acc=0.9315
search_path step=0 conv.initial_lr=0.0036 tta_val_acc=0.9318
train_hparams run=5 interval=13 start_step=520 completed_steps=40 total_steps=800 conv.initial_lr=0.0022 conv.momentum=0.7
train_loss run=5 interval=13 step=521 loss=0.973417
train_loss run=5 interval=13 step=522 loss=0.962453
train_loss run=5 interval=13 step=523 loss=0.98768
train_loss run=5 interval=13 step=524 loss=0.967951
train_loss run=5 interval=13 step=525 loss=0.945173
train_loss run=5 interval=13 step=526 loss=0.953358
train_loss run=5 interval=13 step=527 loss=0.981904
train_loss run=5 interval=13 step=528 loss=0.961806
train_loss run=5 interval=13 step=529 loss=0.954641
train_loss run=5 interval=13 step=530 loss=0.959046
train_loss run=5 interval=13 step=531 loss=0.9873
train_loss run=5 interval=13 step=532 loss=0.968212
train_loss run=5 interval=13 step=533 loss=0.950308
train_loss run=5 interval=13 step=534 loss=0.949181
train_loss run=5 interval=13 step=535 loss=0.949894
train_loss run=5 interval=13 step=536 loss=0.959961
train_loss run=5 interval=13 step=537 loss=0.956982
train_loss run=5 interval=13 step=538 loss=0.959513
train_loss run=5 interval=13 step=539 loss=0.96005
train_loss run=5 interval=13 step=540 loss=0.949556
train_loss run=5 interval=13 step=541 loss=0.965774
train_loss run=5 interval=13 step=542 loss=0.959254
train_loss run=5 interval=13 step=543 loss=0.970813
train_loss run=5 interval=13 step=544 loss=0.96629
train_loss run=5 interval=13 step=545 loss=0.968585
train_loss run=5 interval=13 step=546 loss=0.961175
train_loss run=5 interval=13 step=547 loss=0.953897
train_loss run=5 interval=13 step=548 loss=0.960734
train_loss run=5 interval=13 step=549 loss=0.948128
train_loss run=5 interval=13 step=550 loss=0.969338
train_loss run=5 interval=13 step=551 loss=0.9411
train_loss run=5 interval=13 step=552 loss=0.950136
train_loss run=5 interval=13 step=553 loss=0.960424
train_loss run=5 interval=13 step=554 loss=0.947038
train_loss run=5 interval=13 step=555 loss=0.961145
train_loss run=5 interval=13 step=556 loss=0.9525
train_loss run=5 interval=13 step=557 loss=0.965397
train_loss run=5 interval=13 step=558 loss=0.944906
train_loss run=5 interval=13 step=559 loss=0.955684
train_loss run=5 interval=13 step=560 loss=0.95919
interval_boundary_eval run=5 interval=13 step=560 total_steps=800 tta_val_acc=0.9299
search run=5 interval=14 phase=baseline metric=tta_val_acc
main hparams: conv.initial_lr=0.0022 conv.momentum=0.7 main=0.9306
search_path step=0 conv.initial_lr=0.0022 conv.momentum=0.7 tta_val_acc=0.9306
search run=5 interval=14 phase=cooldown metric=tta_val_acc
main hparams: conv.initial_lr=0.0022 conv.momentum=0.7
conv.initial_lr=0.0036 -> tta_val_acc=0.9308
conv.initial_lr=0.0022 -> tta_val_acc=0.9317
conv.initial_lr=0.0013 -> tta_val_acc=0.9319
conv.initial_lr=0.00078 -> tta_val_acc=0.9321
conv.initial_lr=0.00047 -> tta_val_acc=0.932
search_path step=0 conv.initial_lr=0.0036 tta_val_acc=0.9308
search_path step=1 conv.initial_lr=0.00078 tta_val_acc=0.9321
search run=5 interval=14 phase=main metric=tta_val_acc
cooldown hparams: conv.initial_lr=0.00078
main hparams: conv.initial_lr=0.0022 conv.momentum=0.7 best_cooldown=0.9321
main hparams: conv.initial_lr=0.0013 conv.momentum=0.7 best_cooldown=0.9316
main hparams: conv.initial_lr=0.0037 conv.momentum=0.7 best_cooldown=0.933
main hparams: conv.initial_lr=0.0061 conv.momentum=0.7 best_cooldown=0.9326
main hparams: conv.initial_lr=0.0037 conv.momentum=0.6 best_cooldown=0.9333
main hparams: conv.initial_lr=0.0037 conv.momentum=0.5 best_cooldown=0.9328
main hparams: conv.initial_lr=0.0022 conv.momentum=0.6 best_cooldown=0.9319
main hparams: conv.initial_lr=0.0062 conv.momentum=0.6 best_cooldown=0.933
search_path step=0 conv.initial_lr=0.0022 conv.momentum=0.7 tta_val_acc=0.9321
search_path step=1 conv.initial_lr=0.0037 conv.momentum=0.7 tta_val_acc=0.933
search_path step=2 conv.initial_lr=0.0037 conv.momentum=0.6 tta_val_acc=0.9333
search run=5 interval=14 phase=cooldown metric=tta_val_acc
main hparams: conv.initial_lr=0.0037 conv.momentum=0.6
conv.initial_lr=0.00078 -> tta_val_acc=0.9333
conv.initial_lr=0.00047 -> tta_val_acc=0.933
conv.initial_lr=0.0013 -> tta_val_acc=0.9329
search_path step=0 conv.initial_lr=0.00078 tta_val_acc=0.9333
train_hparams run=5 interval=14 start_step=560 completed_steps=40 total_steps=800 conv.initial_lr=0.0037 conv.momentum=0.6
train_loss run=5 interval=14 step=561 loss=0.973021
train_loss run=5 interval=14 step=562 loss=0.956174
train_loss run=5 interval=14 step=563 loss=0.964661
train_loss run=5 interval=14 step=564 loss=0.936564
train_loss run=5 interval=14 step=565 loss=0.968166
train_loss run=5 interval=14 step=566 loss=0.977274
train_loss run=5 interval=14 step=567 loss=0.954875
train_loss run=5 interval=14 step=568 loss=0.966522
train_loss run=5 interval=14 step=569 loss=0.979706
train_loss run=5 interval=14 step=570 loss=0.952242
train_loss run=5 interval=14 step=571 loss=0.959594
train_loss run=5 interval=14 step=572 loss=0.960139
train_loss run=5 interval=14 step=573 loss=0.955628
train_loss run=5 interval=14 step=574 loss=0.961727
train_loss run=5 interval=14 step=575 loss=0.941106
train_loss run=5 interval=14 step=576 loss=0.952539
train_loss run=5 interval=14 step=577 loss=0.962329
train_loss run=5 interval=14 step=578 loss=0.955513
train_loss run=5 interval=14 step=579 loss=0.981659
train_loss run=5 interval=14 step=580 loss=0.970674
train_loss run=5 interval=14 step=581 loss=0.95827
train_loss run=5 interval=14 step=582 loss=0.959955
train_loss run=5 interval=14 step=583 loss=0.976078
train_loss run=5 interval=14 step=584 loss=0.958883
train_loss run=5 interval=14 step=585 loss=0.964024
train_loss run=5 interval=14 step=586 loss=0.96018
train_loss run=5 interval=14 step=587 loss=0.951168
train_loss run=5 interval=14 step=588 loss=0.958462
train_loss run=5 interval=14 step=589 loss=0.951767
train_loss run=5 interval=14 step=590 loss=0.952187
train_loss run=5 interval=14 step=591 loss=0.958179
train_loss run=5 interval=14 step=592 loss=0.946514
train_loss run=5 interval=14 step=593 loss=0.96248
train_loss run=5 interval=14 step=594 loss=0.957368
train_loss run=5 interval=14 step=595 loss=0.954226
train_loss run=5 interval=14 step=596 loss=0.959346
train_loss run=5 interval=14 step=597 loss=0.966005
train_loss run=5 interval=14 step=598 loss=0.946715
train_loss run=5 interval=14 step=599 loss=0.967094
train_loss run=5 interval=14 step=600 loss=0.98153
interval_boundary_eval run=5 interval=14 step=600 total_steps=800 tta_val_acc=0.9314
search run=5 interval=15 phase=baseline metric=tta_val_acc
main hparams: conv.initial_lr=0.0037 conv.momentum=0.6 main=0.9318
search_path step=0 conv.initial_lr=0.0037 conv.momentum=0.6 tta_val_acc=0.9318
search run=5 interval=15 phase=cooldown metric=tta_val_acc
main hparams: conv.initial_lr=0.0037 conv.momentum=0.6
conv.initial_lr=0.00078 -> tta_val_acc=0.9323
conv.initial_lr=0.00047 -> tta_val_acc=0.9327
conv.initial_lr=0.00028 -> tta_val_acc=0.9327
conv.initial_lr=0.00017 -> tta_val_acc=0.9327
conv.initial_lr=0.0001 -> tta_val_acc=0.9327
search_path step=0 conv.initial_lr=0.00078 tta_val_acc=0.9323
search_path step=1 conv.initial_lr=0.00047 tta_val_acc=0.9327
search run=5 interval=15 phase=main metric=tta_val_acc
cooldown hparams: conv.initial_lr=0.00047
main hparams: conv.initial_lr=0.0037 conv.momentum=0.6 best_cooldown=0.9327
main hparams: conv.initial_lr=0.0022 conv.momentum=0.6 best_cooldown=0.932
main hparams: conv.initial_lr=0.0062 conv.momentum=0.6 best_cooldown=0.9333
main hparams: conv.initial_lr=0.01 conv.momentum=0.6 best_cooldown=0.9322
main hparams: conv.initial_lr=0.0062 conv.momentum=0.5 best_cooldown=0.9334
main hparams: conv.initial_lr=0.0062 conv.momentum=0.4 best_cooldown=0.9332
main hparams: conv.initial_lr=0.0037 conv.momentum=0.5 best_cooldown=0.9322
main hparams: conv.initial_lr=0.01 conv.momentum=0.5 best_cooldown=0.9327
search_path step=0 conv.initial_lr=0.0037 conv.momentum=0.6 tta_val_acc=0.9327
search_path step=1 conv.initial_lr=0.0062 conv.momentum=0.6 tta_val_acc=0.9333
search_path step=2 conv.initial_lr=0.0062 conv.momentum=0.5 tta_val_acc=0.9334
search run=5 interval=15 phase=cooldown metric=tta_val_acc
main hparams: conv.initial_lr=0.0062 conv.momentum=0.5
conv.initial_lr=0.00047 -> tta_val_acc=0.9334
conv.initial_lr=0.00028 -> tta_val_acc=0.9337
conv.initial_lr=0.00017 -> tta_val_acc=0.9334
search_path step=0 conv.initial_lr=0.00047 tta_val_acc=0.9334
search_path step=1 conv.initial_lr=0.00028 tta_val_acc=0.9337
search run=5 interval=15 phase=main metric=tta_val_acc
cooldown hparams: conv.initial_lr=0.00028
main hparams: conv.initial_lr=0.0062 conv.momentum=0.5 best_cooldown=0.9337
main hparams: conv.initial_lr=0.0037 conv.momentum=0.5 best_cooldown=0.9323
main hparams: conv.initial_lr=0.01 conv.momentum=0.5 best_cooldown=0.9325
main hparams: conv.initial_lr=0.0062 conv.momentum=0.4 best_cooldown=0.9334
main hparams: conv.initial_lr=0.0062 conv.momentum=0.6 best_cooldown=0.9332
search_path step=0 conv.initial_lr=0.0062 conv.momentum=0.5 tta_val_acc=0.9337
train_hparams run=5 interval=15 start_step=600 completed_steps=40 total_steps=800 conv.initial_lr=0.0062 conv.momentum=0.5
train_loss run=5 interval=15 step=601 loss=0.955483
train_loss run=5 interval=15 step=602 loss=0.946179
train_loss run=5 interval=15 step=603 loss=0.945106
train_loss run=5 interval=15 step=604 loss=0.968175
train_loss run=5 interval=15 step=605 loss=0.967678
train_loss run=5 interval=15 step=606 loss=0.953711
train_loss run=5 interval=15 step=607 loss=0.941832
train_loss run=5 interval=15 step=608 loss=0.939656
train_loss run=5 interval=15 step=609 loss=0.954682
train_loss run=5 interval=15 step=610 loss=0.939903
train_loss run=5 interval=15 step=611 loss=0.95185
train_loss run=5 interval=15 step=612 loss=0.975288
train_loss run=5 interval=15 step=613 loss=0.937244
train_loss run=5 interval=15 step=614 loss=0.935481
train_loss run=5 interval=15 step=615 loss=0.953372
train_loss run=5 interval=15 step=616 loss=0.955853
train_loss run=5 interval=15 step=617 loss=0.950976
train_loss run=5 interval=15 step=618 loss=0.95237
train_loss run=5 interval=15 step=619 loss=0.961748
train_loss run=5 interval=15 step=620 loss=0.948818
train_loss run=5 interval=15 step=621 loss=0.947173
train_loss run=5 interval=15 step=622 loss=0.969426
train_loss run=5 interval=15 step=623 loss=0.953887
train_loss run=5 interval=15 step=624 loss=0.95473
train_loss run=5 interval=15 step=625 loss=0.94866
train_loss run=5 interval=15 step=626 loss=0.960535
train_loss run=5 interval=15 step=627 loss=0.947621
train_loss run=5 interval=15 step=628 loss=0.942429
train_loss run=5 interval=15 step=629 loss=0.968935
train_loss run=5 interval=15 step=630 loss=0.950681
train_loss run=5 interval=15 step=631 loss=0.941011
train_loss run=5 interval=15 step=632 loss=0.943323
train_loss run=5 interval=15 step=633 loss=0.965535
train_loss run=5 interval=15 step=634 loss=0.945544
train_loss run=5 interval=15 step=635 loss=0.963403
train_loss run=5 interval=15 step=636 loss=0.958958
train_loss run=5 interval=15 step=637 loss=0.924245
train_loss run=5 interval=15 step=638 loss=0.955696
train_loss run=5 interval=15 step=639 loss=0.945325
train_loss run=5 interval=15 step=640 loss=0.957186
interval_boundary_eval run=5 interval=15 step=640 total_steps=800 tta_val_acc=0.93
search run=5 interval=16 phase=baseline metric=tta_val_acc
main hparams: conv.initial_lr=0.0062 conv.momentum=0.5 main=0.9313
search_path step=0 conv.initial_lr=0.0062 conv.momentum=0.5 tta_val_acc=0.9313
search run=5 interval=16 phase=cooldown metric=tta_val_acc
main hparams: conv.initial_lr=0.0062 conv.momentum=0.5
conv.initial_lr=0.00028 -> tta_val_acc=0.9332
conv.initial_lr=0.00017 -> tta_val_acc=0.9334
conv.initial_lr=0.0001 -> tta_val_acc=0.9333
search_path step=0 conv.initial_lr=0.00028 tta_val_acc=0.9332
search_path step=1 conv.initial_lr=0.00017 tta_val_acc=0.9334
search run=5 interval=16 phase=main metric=tta_val_acc
cooldown hparams: conv.initial_lr=0.00017
main hparams: conv.initial_lr=0.0062 conv.momentum=0.5 best_cooldown=0.9334
main hparams: conv.initial_lr=0.0037 conv.momentum=0.5 best_cooldown=0.9333
main hparams: conv.initial_lr=0.01 conv.momentum=0.5 best_cooldown=0.9326
main hparams: conv.initial_lr=0.0062 conv.momentum=0.4 best_cooldown=0.9335
main hparams: conv.initial_lr=0.0062 conv.momentum=0.3 best_cooldown=0.9333
main hparams: conv.initial_lr=0.0037 conv.momentum=0.4 best_cooldown=0.9333
main hparams: conv.initial_lr=0.01 conv.momentum=0.4 best_cooldown=0.9326
search_path step=0 conv.initial_lr=0.0062 conv.momentum=0.5 tta_val_acc=0.9334
search_path step=1 conv.initial_lr=0.0062 conv.momentum=0.4 tta_val_acc=0.9335
search run=5 interval=16 phase=cooldown metric=tta_val_acc
main hparams: conv.initial_lr=0.0062 conv.momentum=0.4
conv.initial_lr=0.00017 -> tta_val_acc=0.9335
conv.initial_lr=0.0001 -> tta_val_acc=0.9334
conv.initial_lr=0.00028 -> tta_val_acc=0.9334
search_path step=0 conv.initial_lr=0.00017 tta_val_acc=0.9335
train_hparams run=5 interval=16 start_step=640 completed_steps=40 total_steps=800 conv.initial_lr=0.0062 conv.momentum=0.4
train_loss run=5 interval=16 step=641 loss=0.938135
train_loss run=5 interval=16 step=642 loss=0.935231
train_loss run=5 interval=16 step=643 loss=0.955466
train_loss run=5 interval=16 step=644 loss=0.941487
train_loss run=5 interval=16 step=645 loss=0.952711
train_loss run=5 interval=16 step=646 loss=0.941779
train_loss run=5 interval=16 step=647 loss=0.949958
train_loss run=5 interval=16 step=648 loss=0.959663
train_loss run=5 interval=16 step=649 loss=0.95915
train_loss run=5 interval=16 step=650 loss=0.942101
train_loss run=5 interval=16 step=651 loss=0.931791
train_loss run=5 interval=16 step=652 loss=0.94741
train_loss run=5 interval=16 step=653 loss=0.93512
train_loss run=5 interval=16 step=654 loss=0.94757
train_loss run=5 interval=16 step=655 loss=0.944991
train_loss run=5 interval=16 step=656 loss=0.937112
train_loss run=5 interval=16 step=657 loss=0.959676
train_loss run=5 interval=16 step=658 loss=0.951922
train_loss run=5 interval=16 step=659 loss=0.9537
train_loss run=5 interval=16 step=660 loss=0.940654
train_loss run=5 interval=16 step=661 loss=0.952077
train_loss run=5 interval=16 step=662 loss=0.940769
train_loss run=5 interval=16 step=663 loss=0.94463
train_loss run=5 interval=16 step=664 loss=0.955087
train_loss run=5 interval=16 step=665 loss=0.942738
train_loss run=5 interval=16 step=666 loss=0.951002
train_loss run=5 interval=16 step=667 loss=0.954669
train_loss run=5 interval=16 step=668 loss=0.943609
train_loss run=5 interval=16 step=669 loss=0.938879
train_loss run=5 interval=16 step=670 loss=0.97371
train_loss run=5 interval=16 step=671 loss=0.953454
train_loss run=5 interval=16 step=672 loss=0.954241
train_loss run=5 interval=16 step=673 loss=0.953016
train_loss run=5 interval=16 step=674 loss=0.964705
train_loss run=5 interval=16 step=675 loss=0.946027
train_loss run=5 interval=16 step=676 loss=0.94338
train_loss run=5 interval=16 step=677 loss=0.947173
train_loss run=5 interval=16 step=678 loss=0.935994
train_loss run=5 interval=16 step=679 loss=0.945001
train_loss run=5 interval=16 step=680 loss=0.943523
interval_boundary_eval run=5 interval=16 step=680 total_steps=800 tta_val_acc=0.9316
search run=5 interval=17 phase=baseline metric=tta_val_acc
main hparams: conv.initial_lr=0.0062 conv.momentum=0.4 main=0.9319
search_path step=0 conv.initial_lr=0.0062 conv.momentum=0.4 tta_val_acc=0.9319
search run=5 interval=17 phase=cooldown metric=tta_val_acc
main hparams: conv.initial_lr=0.0062 conv.momentum=0.4
conv.initial_lr=0.00017 -> tta_val_acc=0.9316
conv.initial_lr=0.0001 -> tta_val_acc=0.9317
conv.initial_lr=6.1e-05 -> tta_val_acc=0.9319
conv.initial_lr=3.7e-05 -> tta_val_acc=0.932
conv.initial_lr=2.2e-05 -> tta_val_acc=0.9319
conv.initial_lr=6.2e-05 -> tta_val_acc=0.9319
search_path step=0 conv.initial_lr=0.00017 tta_val_acc=0.9316
search_path step=1 conv.initial_lr=3.7e-05 tta_val_acc=0.932
search run=5 interval=17 phase=main metric=tta_val_acc
cooldown hparams: conv.initial_lr=3.7e-05
main hparams: conv.initial_lr=0.0062 conv.momentum=0.4 best_cooldown=0.932
main hparams: conv.initial_lr=0.0037 conv.momentum=0.4 best_cooldown=0.9324
main hparams: conv.initial_lr=0.0022 conv.momentum=0.4 best_cooldown=0.9325
main hparams: conv.initial_lr=0.0013 conv.momentum=0.4 best_cooldown=0.9324
main hparams: conv.initial_lr=0.0022 conv.momentum=0.3 best_cooldown=0.9327
main hparams: conv.initial_lr=0.0022 conv.momentum=0.2 best_cooldown=0.9328
main hparams: conv.initial_lr=0.0022 conv.momentum=0.1 best_cooldown=0.9327
main hparams: conv.initial_lr=0.0013 conv.momentum=0.2 best_cooldown=0.9322
main hparams: conv.initial_lr=0.0037 conv.momentum=0.2 best_cooldown=0.9326
search_path step=0 conv.initial_lr=0.0062 conv.momentum=0.4 tta_val_acc=0.932
search_path step=1 conv.initial_lr=0.0022 conv.momentum=0.4 tta_val_acc=0.9325
search_path step=2 conv.initial_lr=0.0022 conv.momentum=0.2 tta_val_acc=0.9328
search run=5 interval=17 phase=cooldown metric=tta_val_acc
main hparams: conv.initial_lr=0.0022 conv.momentum=0.2
conv.initial_lr=3.7e-05 -> tta_val_acc=0.9328
conv.initial_lr=2.2e-05 -> tta_val_acc=0.9328
conv.initial_lr=1.3e-05 -> tta_val_acc=0.9329
conv.initial_lr=8e-06 -> tta_val_acc=0.9328
conv.initial_lr=7.8e-06 -> tta_val_acc=0.9328
search_path step=0 conv.initial_lr=3.7e-05 tta_val_acc=0.9328
search_path step=1 conv.initial_lr=1.3e-05 tta_val_acc=0.9329
search run=5 interval=17 phase=main metric=tta_val_acc
cooldown hparams: conv.initial_lr=1.3e-05
main hparams: conv.initial_lr=0.0022 conv.momentum=0.2 best_cooldown=0.9329
main hparams: conv.initial_lr=0.0013 conv.momentum=0.2 best_cooldown=0.9322
main hparams: conv.initial_lr=0.0037 conv.momentum=0.2 best_cooldown=0.9326
main hparams: conv.initial_lr=0.0022 conv.momentum=0.1 best_cooldown=0.9327
main hparams: conv.initial_lr=0.0022 conv.momentum=0.3 best_cooldown=0.9327
search_path step=0 conv.initial_lr=0.0022 conv.momentum=0.2 tta_val_acc=0.9329
train_hparams run=5 interval=17 start_step=680 completed_steps=40 total_steps=800 conv.initial_lr=0.0022 conv.momentum=0.2
train_loss run=5 interval=17 step=681 loss=0.958415
train_loss run=5 interval=17 step=682 loss=0.965547
train_loss run=5 interval=17 step=683 loss=0.951183
train_loss run=5 interval=17 step=684 loss=0.942062
train_loss run=5 interval=17 step=685 loss=0.948146
train_loss run=5 interval=17 step=686 loss=0.946255
train_loss run=5 interval=17 step=687 loss=0.95419
train_loss run=5 interval=17 step=688 loss=0.945256
train_loss run=5 interval=17 step=689 loss=0.949458
train_loss run=5 interval=17 step=690 loss=0.966739
train_loss run=5 interval=17 step=691 loss=0.932201
train_loss run=5 interval=17 step=692 loss=0.943563
train_loss run=5 interval=17 step=693 loss=0.956592
train_loss run=5 interval=17 step=694 loss=0.956507
train_loss run=5 interval=17 step=695 loss=0.94691
train_loss run=5 interval=17 step=696 loss=0.97128
train_loss run=5 interval=17 step=697 loss=0.939991
train_loss run=5 interval=17 step=698 loss=0.940928
train_loss run=5 interval=17 step=699 loss=0.92433
train_loss run=5 interval=17 step=700 loss=0.948163
train_loss run=5 interval=17 step=701 loss=0.940393
train_loss run=5 interval=17 step=702 loss=0.932846
train_loss run=5 interval=17 step=703 loss=0.950939
train_loss run=5 interval=17 step=704 loss=0.929753
train_loss run=5 interval=17 step=705 loss=0.941751
train_loss run=5 interval=17 step=706 loss=0.931781
train_loss run=5 interval=17 step=707 loss=0.94729
train_loss run=5 interval=17 step=708 loss=0.930704
train_loss run=5 interval=17 step=709 loss=0.931296
train_loss run=5 interval=17 step=710 loss=0.954489
train_loss run=5 interval=17 step=711 loss=0.943988
train_loss run=5 interval=17 step=712 loss=0.929819
train_loss run=5 interval=17 step=713 loss=0.926356
train_loss run=5 interval=17 step=714 loss=0.941815
train_loss run=5 interval=17 step=715 loss=0.937633
train_loss run=5 interval=17 step=716 loss=0.954963
train_loss run=5 interval=17 step=717 loss=0.928807
train_loss run=5 interval=17 step=718 loss=0.957298
train_loss run=5 interval=17 step=719 loss=0.928288
train_loss run=5 interval=17 step=720 loss=0.932732
interval_boundary_eval run=5 interval=17 step=720 total_steps=800 tta_val_acc=0.9323
search run=5 interval=18 phase=baseline metric=tta_val_acc
main hparams: conv.initial_lr=0.0022 conv.momentum=0.2 main=0.9327
search_path step=0 conv.initial_lr=0.0022 conv.momentum=0.2 tta_val_acc=0.9327
search run=5 interval=18 phase=cooldown metric=tta_val_acc
main hparams: conv.initial_lr=0.0022 conv.momentum=0.2
conv.initial_lr=1.3e-05 -> tta_val_acc=0.9333
conv.initial_lr=7.8e-06 -> tta_val_acc=0.9333
conv.initial_lr=4.7e-06 -> tta_val_acc=0.9333
conv.initial_lr=2.8e-06 -> tta_val_acc=0.9333
conv.initial_lr=2.2e-05 -> tta_val_acc=0.9333
conv.initial_lr=3.6e-05 -> tta_val_acc=0.9333
conv.initial_lr=6e-05 -> tta_val_acc=0.9333
conv.initial_lr=0.0001 -> tta_val_acc=0.9333
conv.initial_lr=0.00017 -> tta_val_acc=0.9335
conv.initial_lr=0.00028 -> tta_val_acc=0.9338
conv.initial_lr=0.00046 -> tta_val_acc=0.9338
conv.initial_lr=0.00077 -> tta_val_acc=0.9336
conv.initial_lr=0.00047 -> tta_val_acc=0.9338
conv.initial_lr=0.00078 -> tta_val_acc=0.9335
search_path step=0 conv.initial_lr=1.3e-05 tta_val_acc=0.9333
search_path step=1 conv.initial_lr=0.00028 tta_val_acc=0.9338
search run=5 interval=18 phase=main metric=tta_val_acc
cooldown hparams: conv.initial_lr=0.00028
main hparams: conv.initial_lr=0.0022 conv.momentum=0.2 best_cooldown=0.9338
main hparams: conv.initial_lr=0.0013 conv.momentum=0.2 best_cooldown=0.9335
main hparams: conv.initial_lr=0.0037 conv.momentum=0.2 best_cooldown=0.9334
main hparams: conv.initial_lr=0.0022 conv.momentum=0.1 best_cooldown=0.9339
main hparams: conv.initial_lr=0.0022 conv.momentum=0 best_cooldown=0.9339
main hparams: conv.initial_lr=0.0013 conv.momentum=0.1 best_cooldown=0.9335
main hparams: conv.initial_lr=0.0037 conv.momentum=0.1 best_cooldown=0.9335
search_path step=0 conv.initial_lr=0.0022 conv.momentum=0.2 tta_val_acc=0.9338
search_path step=1 conv.initial_lr=0.0022 conv.momentum=0.1 tta_val_acc=0.9339
search run=5 interval=18 phase=cooldown metric=tta_val_acc
main hparams: conv.initial_lr=0.0022 conv.momentum=0.1
conv.initial_lr=0.00028 -> tta_val_acc=0.9339
conv.initial_lr=0.00017 -> tta_val_acc=0.9334
conv.initial_lr=0.00047 -> tta_val_acc=0.9337
search_path step=0 conv.initial_lr=0.00028 tta_val_acc=0.9339
train_hparams run=5 interval=18 start_step=720 completed_steps=40 total_steps=800 conv.initial_lr=0.0022 conv.momentum=0.1
train_loss run=5 interval=18 step=721 loss=0.934208
train_loss run=5 interval=18 step=722 loss=0.951276
train_loss run=5 interval=18 step=723 loss=0.947737
train_loss run=5 interval=18 step=724 loss=0.937018
train_loss run=5 interval=18 step=725 loss=0.938026
train_loss run=5 interval=18 step=726 loss=0.952311
train_loss run=5 interval=18 step=727 loss=0.927114
train_loss run=5 interval=18 step=728 loss=0.941051
train_loss run=5 interval=18 step=729 loss=0.935118
train_loss run=5 interval=18 step=730 loss=0.947736
train_loss run=5 interval=18 step=731 loss=0.934494
train_loss run=5 interval=18 step=732 loss=0.934791
train_loss run=5 interval=18 step=733 loss=0.947868
train_loss run=5 interval=18 step=734 loss=0.942397
train_loss run=5 interval=18 step=735 loss=0.938344
train_loss run=5 interval=18 step=736 loss=0.949396
train_loss run=5 interval=18 step=737 loss=0.953542
train_loss run=5 interval=18 step=738 loss=0.939137
train_loss run=5 interval=18 step=739 loss=0.937055
train_loss run=5 interval=18 step=740 loss=0.929813
train_loss run=5 interval=18 step=741 loss=0.941343
train_loss run=5 interval=18 step=742 loss=0.932678
train_loss run=5 interval=18 step=743 loss=0.934868
train_loss run=5 interval=18 step=744 loss=0.957982
train_loss run=5 interval=18 step=745 loss=0.945637
train_loss run=5 interval=18 step=746 loss=0.949496
train_loss run=5 interval=18 step=747 loss=0.957278
train_loss run=5 interval=18 step=748 loss=0.941843
train_loss run=5 interval=18 step=749 loss=0.939606
train_loss run=5 interval=18 step=750 loss=0.934482
train_loss run=5 interval=18 step=751 loss=0.936826
train_loss run=5 interval=18 step=752 loss=0.943368
train_loss run=5 interval=18 step=753 loss=0.934982
train_loss run=5 interval=18 step=754 loss=0.937816
train_loss run=5 interval=18 step=755 loss=0.935524
train_loss run=5 interval=18 step=756 loss=0.947029
train_loss run=5 interval=18 step=757 loss=0.947424
train_loss run=5 interval=18 step=758 loss=0.934699
train_loss run=5 interval=18 step=759 loss=0.93332
train_loss run=5 interval=18 step=760 loss=0.936546
interval_boundary_eval run=5 interval=18 step=760 total_steps=800 tta_val_acc=0.9325
search run=5 interval=19 phase=main metric=tta_val_acc
main hparams: conv.initial_lr=0.0022 conv.momentum=0.1 main=0.9341
main hparams: conv.initial_lr=0.0013 conv.momentum=0.1 main=0.9335
main hparams: conv.initial_lr=0.0037 conv.momentum=0.1 main=0.9346
main hparams: conv.initial_lr=0.0061 conv.momentum=0.1 main=0.9343
main hparams: conv.initial_lr=0.0037 conv.momentum=0 main=0.9346
main hparams: conv.initial_lr=0.0037 conv.momentum=0.2 main=0.9346
main hparams: conv.initial_lr=0.0037 conv.momentum=0.3 main=0.9344
main hparams: conv.initial_lr=0.0062 conv.momentum=0.1 main=0.9344
search_path step=0 conv.initial_lr=0.0022 conv.momentum=0.1 tta_val_acc=0.9341
search_path step=1 conv.initial_lr=0.0037 conv.momentum=0.1 tta_val_acc=0.9346
train_hparams run=5 interval=19 start_step=760 completed_steps=40 total_steps=800 conv.initial_lr=0.0037 conv.momentum=0.1
train_loss run=5 interval=19 step=761 loss=0.941952
train_loss run=5 interval=19 step=762 loss=0.938002
train_loss run=5 interval=19 step=763 loss=0.937032
train_loss run=5 interval=19 step=764 loss=0.961055
train_loss run=5 interval=19 step=765 loss=0.947671
train_loss run=5 interval=19 step=766 loss=0.944027
train_loss run=5 interval=19 step=767 loss=0.924114
train_loss run=5 interval=19 step=768 loss=0.92939
train_loss run=5 interval=19 step=769 loss=0.940829
train_loss run=5 interval=19 step=770 loss=0.959741
train_loss run=5 interval=19 step=771 loss=0.941536
train_loss run=5 interval=19 step=772 loss=0.926504
train_loss run=5 interval=19 step=773 loss=0.938045
train_loss run=5 interval=19 step=774 loss=0.929459
train_loss run=5 interval=19 step=775 loss=0.953655
train_loss run=5 interval=19 step=776 loss=0.93648
train_loss run=5 interval=19 step=777 loss=0.938655
train_loss run=5 interval=19 step=778 loss=0.943614
train_loss run=5 interval=19 step=779 loss=0.946965
train_loss run=5 interval=19 step=780 loss=0.936288
train_loss run=5 interval=19 step=781 loss=0.949533
train_loss run=5 interval=19 step=782 loss=0.942899
train_loss run=5 interval=19 step=783 loss=0.923665
train_loss run=5 interval=19 step=784 loss=0.932985
train_loss run=5 interval=19 step=785 loss=0.953161
train_loss run=5 interval=19 step=786 loss=0.946483
train_loss run=5 interval=19 step=787 loss=0.952677
train_loss run=5 interval=19 step=788 loss=0.932041
train_loss run=5 interval=19 step=789 loss=0.941378
train_loss run=5 interval=19 step=790 loss=0.925215
train_loss run=5 interval=19 step=791 loss=0.945263
train_loss run=5 interval=19 step=792 loss=0.937762
train_loss run=5 interval=19 step=793 loss=0.938295
train_loss run=5 interval=19 step=794 loss=0.925879
train_loss run=5 interval=19 step=795 loss=0.949679
train_loss run=5 interval=19 step=796 loss=0.929464
train_loss run=5 interval=19 step=797 loss=0.925243
train_loss run=5 interval=19 step=798 loss=0.9491
train_loss run=5 interval=19 step=799 loss=0.947983
train_loss run=5 interval=19 step=800 loss=0.944082
interval_boundary_eval run=5 interval=19 step=800 total_steps=800 tta_val_acc=0.9346
val_acc=0.9228 tta_val_acc=0.9346 seconds=294.9652
