cifar_search_simple run=0 batch_size=2000 train_epochs=8 n_steps=40 m_steps=40 search_hparams=muon_lr,muon_momentum,whiten_bias_lr,bn_bias_lr,head_lr cooldown_search_hparams=muon_lr,whiten_bias_lr,bn_bias_lr,head_lr muon_nesterov=False full_grid_search=False search_cooldown_of_main=True initial_muon_lr=1 initial_muon_momentum=0.6 initial_muon_momentum_index=6 initial_whiten_bias_lr=1 initial_bn_bias_lr=1 initial_head_lr=1
main hparams: muon_lr=1 muon_momentum=0.6 whiten_bias_lr=1 bn_bias_lr=1 head_lr=1 main=0.5097
main hparams: muon_lr=0.13 muon_momentum=0.6 whiten_bias_lr=1 bn_bias_lr=1 head_lr=1 main=0.8207
main hparams: muon_lr=0.017 muon_momentum=0.6 whiten_bias_lr=1 bn_bias_lr=1 head_lr=1 main=0.6601
main hparams: muon_lr=0.13 muon_momentum=0.2 whiten_bias_lr=1 bn_bias_lr=1 head_lr=1 main=0.7772
main hparams: muon_lr=0.13 muon_momentum=0.95 whiten_bias_lr=1 bn_bias_lr=1 head_lr=1 main=0.7997
main hparams: muon_lr=0.13 muon_momentum=0.6 whiten_bias_lr=0.13 bn_bias_lr=1 head_lr=1 main=0.792
main hparams: muon_lr=0.13 muon_momentum=0.6 whiten_bias_lr=7.7 bn_bias_lr=1 head_lr=1 main=0.8178
main hparams: muon_lr=0.13 muon_momentum=0.6 whiten_bias_lr=1 bn_bias_lr=0.13 head_lr=1 main=0.804
main hparams: muon_lr=0.13 muon_momentum=0.6 whiten_bias_lr=1 bn_bias_lr=7.7 head_lr=1 main=0.7986
main hparams: muon_lr=0.13 muon_momentum=0.6 whiten_bias_lr=1 bn_bias_lr=1 head_lr=0.13 main=0.8051
main hparams: muon_lr=0.13 muon_momentum=0.6 whiten_bias_lr=1 bn_bias_lr=1 head_lr=7.7 main=0.8005
main hparams: muon_lr=0.047 muon_momentum=0.6 whiten_bias_lr=1 bn_bias_lr=1 head_lr=1 main=0.7865
main hparams: muon_lr=0.36 muon_momentum=0.6 whiten_bias_lr=1 bn_bias_lr=1 head_lr=1 main=0.6875
main hparams: muon_lr=0.13 muon_momentum=0.4 whiten_bias_lr=1 bn_bias_lr=1 head_lr=1 main=0.7996
main hparams: muon_lr=0.13 muon_momentum=0.8 whiten_bias_lr=1 bn_bias_lr=1 head_lr=1 main=0.8139
main hparams: muon_lr=0.13 muon_momentum=0.6 whiten_bias_lr=0.36 bn_bias_lr=1 head_lr=1 main=0.8026
main hparams: muon_lr=0.13 muon_momentum=0.6 whiten_bias_lr=2.8 bn_bias_lr=1 head_lr=1 main=0.8102
main hparams: muon_lr=0.13 muon_momentum=0.6 whiten_bias_lr=1 bn_bias_lr=0.36 head_lr=1 main=0.7972
main hparams: muon_lr=0.13 muon_momentum=0.6 whiten_bias_lr=1 bn_bias_lr=2.8 head_lr=1 main=0.8095
main hparams: muon_lr=0.13 muon_momentum=0.6 whiten_bias_lr=1 bn_bias_lr=1 head_lr=0.36 main=0.7993
main hparams: muon_lr=0.13 muon_momentum=0.6 whiten_bias_lr=1 bn_bias_lr=1 head_lr=2.8 main=0.8099
main hparams: muon_lr=0.078 muon_momentum=0.6 whiten_bias_lr=1 bn_bias_lr=1 head_lr=1 main=0.8071
main hparams: muon_lr=0.22 muon_momentum=0.6 whiten_bias_lr=1 bn_bias_lr=1 head_lr=1 main=0.7931
main hparams: muon_lr=0.13 muon_momentum=0.5 whiten_bias_lr=1 bn_bias_lr=1 head_lr=1 main=0.8068
main hparams: muon_lr=0.13 muon_momentum=0.7 whiten_bias_lr=1 bn_bias_lr=1 head_lr=1 main=0.8052
main hparams: muon_lr=0.13 muon_momentum=0.6 whiten_bias_lr=0.6 bn_bias_lr=1 head_lr=1 main=0.8006
main hparams: muon_lr=0.13 muon_momentum=0.6 whiten_bias_lr=1.7 bn_bias_lr=1 head_lr=1 main=0.8026
main hparams: muon_lr=0.13 muon_momentum=0.6 whiten_bias_lr=1 bn_bias_lr=0.6 head_lr=1 main=0.8081
main hparams: muon_lr=0.13 muon_momentum=0.6 whiten_bias_lr=1 bn_bias_lr=1.7 head_lr=1 main=0.805
main hparams: muon_lr=0.13 muon_momentum=0.6 whiten_bias_lr=1 bn_bias_lr=1 head_lr=0.6 main=0.805
main hparams: muon_lr=0.13 muon_momentum=0.6 whiten_bias_lr=1 bn_bias_lr=1 head_lr=1.7 main=0.813
search_path step=0 muon_lr=1 muon_momentum=0.6 whiten_bias_lr=1 bn_bias_lr=1 head_lr=1 tta_val_acc=0.5097
search_path step=1 muon_lr=0.13 muon_momentum=0.6 whiten_bias_lr=1 bn_bias_lr=1 head_lr=1 tta_val_acc=0.8207
main hparams: muon_lr=0.13 muon_momentum=0.6 whiten_bias_lr=1 bn_bias_lr=1 head_lr=1 main=0.8207, best_cooldown=0.895
muon_lr=0.13 muon_momentum=0.6 whiten_bias_lr=1 bn_bias_lr=1 head_lr=1 -> tta_val_acc=0.8438
muon_lr=0.078 muon_momentum=0.6 whiten_bias_lr=1 bn_bias_lr=1 head_lr=1 -> tta_val_acc=0.8613
muon_lr=0.047 muon_momentum=0.6 whiten_bias_lr=1 bn_bias_lr=1 head_lr=1 -> tta_val_acc=0.8736
muon_lr=0.028 muon_momentum=0.6 whiten_bias_lr=1 bn_bias_lr=1 head_lr=1 -> tta_val_acc=0.8786
muon_lr=0.017 muon_momentum=0.6 whiten_bias_lr=1 bn_bias_lr=1 head_lr=1 -> tta_val_acc=0.8741
muon_lr=0.028 muon_momentum=0.6 whiten_bias_lr=0.6 bn_bias_lr=1 head_lr=1 -> tta_val_acc=0.8792
muon_lr=0.028 muon_momentum=0.6 whiten_bias_lr=0.36 bn_bias_lr=1 head_lr=1 -> tta_val_acc=0.8788
muon_lr=0.028 muon_momentum=0.6 whiten_bias_lr=0.6 bn_bias_lr=0.6 head_lr=1 -> tta_val_acc=0.8784
muon_lr=0.028 muon_momentum=0.6 whiten_bias_lr=0.6 bn_bias_lr=1.7 head_lr=1 -> tta_val_acc=0.8788
muon_lr=0.028 muon_momentum=0.6 whiten_bias_lr=0.6 bn_bias_lr=1 head_lr=0.6 -> tta_val_acc=0.8788
muon_lr=0.028 muon_momentum=0.6 whiten_bias_lr=0.6 bn_bias_lr=1 head_lr=1.7 -> tta_val_acc=0.8796
muon_lr=0.028 muon_momentum=0.6 whiten_bias_lr=0.6 bn_bias_lr=1 head_lr=2.8 -> tta_val_acc=0.8806
muon_lr=0.028 muon_momentum=0.6 whiten_bias_lr=0.6 bn_bias_lr=1 head_lr=4.6 -> tta_val_acc=0.8823
muon_lr=0.028 muon_momentum=0.6 whiten_bias_lr=0.6 bn_bias_lr=1 head_lr=7.7 -> tta_val_acc=0.8851
muon_lr=0.028 muon_momentum=0.6 whiten_bias_lr=0.6 bn_bias_lr=1 head_lr=13 -> tta_val_acc=0.887
muon_lr=0.028 muon_momentum=0.6 whiten_bias_lr=0.6 bn_bias_lr=1 head_lr=21 -> tta_val_acc=0.8891
muon_lr=0.028 muon_momentum=0.6 whiten_bias_lr=0.6 bn_bias_lr=1 head_lr=36 -> tta_val_acc=0.8907
muon_lr=0.028 muon_momentum=0.6 whiten_bias_lr=0.6 bn_bias_lr=1 head_lr=60 -> tta_val_acc=0.8918
muon_lr=0.028 muon_momentum=0.6 whiten_bias_lr=0.6 bn_bias_lr=1 head_lr=99 -> tta_val_acc=0.8936
muon_lr=0.028 muon_momentum=0.6 whiten_bias_lr=0.6 bn_bias_lr=1 head_lr=170 -> tta_val_acc=0.894
muon_lr=0.028 muon_momentum=0.6 whiten_bias_lr=0.6 bn_bias_lr=1 head_lr=280 -> tta_val_acc=0.8947
muon_lr=0.028 muon_momentum=0.6 whiten_bias_lr=0.6 bn_bias_lr=1 head_lr=460 -> tta_val_acc=0.895
muon_lr=0.028 muon_momentum=0.6 whiten_bias_lr=0.6 bn_bias_lr=1 head_lr=770 -> tta_val_acc=0.8935
muon_lr=0.017 muon_momentum=0.6 whiten_bias_lr=0.6 bn_bias_lr=1 head_lr=460 -> tta_val_acc=0.8853
muon_lr=0.047 muon_momentum=0.6 whiten_bias_lr=0.6 bn_bias_lr=1 head_lr=460 -> tta_val_acc=0.895
muon_lr=0.078 muon_momentum=0.6 whiten_bias_lr=0.6 bn_bias_lr=1 head_lr=460 -> tta_val_acc=0.8769
muon_lr=0.028 muon_momentum=0.6 whiten_bias_lr=0.36 bn_bias_lr=1 head_lr=460 -> tta_val_acc=0.8941
muon_lr=0.028 muon_momentum=0.6 whiten_bias_lr=1 bn_bias_lr=1 head_lr=460 -> tta_val_acc=0.894
muon_lr=0.028 muon_momentum=0.6 whiten_bias_lr=0.6 bn_bias_lr=0.6 head_lr=460 -> tta_val_acc=0.8946
muon_lr=0.028 muon_momentum=0.6 whiten_bias_lr=0.6 bn_bias_lr=1.7 head_lr=460 -> tta_val_acc=0.8941
search_path step=0 muon_lr=0.13 muon_momentum=0.6 whiten_bias_lr=1 bn_bias_lr=1 head_lr=1 tta_val_acc=0.8438
search_path step=1 muon_lr=0.028 muon_momentum=0.6 whiten_bias_lr=1 bn_bias_lr=1 head_lr=1 tta_val_acc=0.8786
search_path step=2 muon_lr=0.028 muon_momentum=0.6 whiten_bias_lr=0.6 bn_bias_lr=1 head_lr=1 tta_val_acc=0.8792
search_path step=3 muon_lr=0.028 muon_momentum=0.6 whiten_bias_lr=0.6 bn_bias_lr=1 head_lr=460 tta_val_acc=0.895
main hparams: muon_lr=0.13 muon_momentum=0.6 whiten_bias_lr=1 bn_bias_lr=1 head_lr=1 main=0.8207, best_cooldown=0.895
main hparams: muon_lr=0.078 muon_momentum=0.6 whiten_bias_lr=1 bn_bias_lr=1 head_lr=1 main=0.8071, best_cooldown=0.881
muon_lr=0.028 muon_momentum=0.6 whiten_bias_lr=0.6 bn_bias_lr=1 head_lr=460 -> tta_val_acc=0.881
muon_lr=0.017 muon_momentum=0.6 whiten_bias_lr=0.6 bn_bias_lr=1 head_lr=460 -> tta_val_acc=0.8761
muon_lr=0.047 muon_momentum=0.6 whiten_bias_lr=0.6 bn_bias_lr=1 head_lr=460 -> tta_val_acc=0.8788
search_path step=0 muon_lr=0.028 muon_momentum=0.6 whiten_bias_lr=0.6 bn_bias_lr=1 head_lr=460 tta_val_acc=0.881
main hparams: muon_lr=0.22 muon_momentum=0.6 whiten_bias_lr=1 bn_bias_lr=1 head_lr=1 main=0.7931, best_cooldown=0.8954
muon_lr=0.028 muon_momentum=0.6 whiten_bias_lr=0.6 bn_bias_lr=1 head_lr=460 -> tta_val_acc=0.8924
muon_lr=0.017 muon_momentum=0.6 whiten_bias_lr=0.6 bn_bias_lr=1 head_lr=460 -> tta_val_acc=0.8826
muon_lr=0.047 muon_momentum=0.6 whiten_bias_lr=0.6 bn_bias_lr=1 head_lr=460 -> tta_val_acc=0.8954
muon_lr=0.078 muon_momentum=0.6 whiten_bias_lr=0.6 bn_bias_lr=1 head_lr=460 -> tta_val_acc=0.8804
search_path step=0 muon_lr=0.028 muon_momentum=0.6 whiten_bias_lr=0.6 bn_bias_lr=1 head_lr=460 tta_val_acc=0.8924
search_path step=1 muon_lr=0.047 muon_momentum=0.6 whiten_bias_lr=0.6 bn_bias_lr=1 head_lr=460 tta_val_acc=0.8954
main hparams: muon_lr=0.36 muon_momentum=0.6 whiten_bias_lr=1 bn_bias_lr=1 head_lr=1 main=0.6875, best_cooldown=0.8898
muon_lr=0.047 muon_momentum=0.6 whiten_bias_lr=0.6 bn_bias_lr=1 head_lr=460 -> tta_val_acc=0.8898
muon_lr=0.028 muon_momentum=0.6 whiten_bias_lr=0.6 bn_bias_lr=1 head_lr=460 -> tta_val_acc=0.8789
muon_lr=0.078 muon_momentum=0.6 whiten_bias_lr=0.6 bn_bias_lr=1 head_lr=460 -> tta_val_acc=0.8814
search_path step=0 muon_lr=0.047 muon_momentum=0.6 whiten_bias_lr=0.6 bn_bias_lr=1 head_lr=460 tta_val_acc=0.8898
main hparams: muon_lr=0.22 muon_momentum=0.5 whiten_bias_lr=1 bn_bias_lr=1 head_lr=1 main=0.7883, best_cooldown=0.8919
muon_lr=0.047 muon_momentum=0.5 whiten_bias_lr=0.6 bn_bias_lr=1 head_lr=460 -> tta_val_acc=0.8919
muon_lr=0.028 muon_momentum=0.5 whiten_bias_lr=0.6 bn_bias_lr=1 head_lr=460 -> tta_val_acc=0.8883
muon_lr=0.078 muon_momentum=0.5 whiten_bias_lr=0.6 bn_bias_lr=1 head_lr=460 -> tta_val_acc=0.8843
search_path step=0 muon_lr=0.047 muon_momentum=0.5 whiten_bias_lr=0.6 bn_bias_lr=1 head_lr=460 tta_val_acc=0.8919
main hparams: muon_lr=0.22 muon_momentum=0.7 whiten_bias_lr=1 bn_bias_lr=1 head_lr=1 main=0.7734, best_cooldown=0.8928
muon_lr=0.047 muon_momentum=0.7 whiten_bias_lr=0.6 bn_bias_lr=1 head_lr=460 -> tta_val_acc=0.8928
muon_lr=0.028 muon_momentum=0.7 whiten_bias_lr=0.6 bn_bias_lr=1 head_lr=460 -> tta_val_acc=0.8915
muon_lr=0.078 muon_momentum=0.7 whiten_bias_lr=0.6 bn_bias_lr=1 head_lr=460 -> tta_val_acc=0.8808
search_path step=0 muon_lr=0.047 muon_momentum=0.7 whiten_bias_lr=0.6 bn_bias_lr=1 head_lr=460 tta_val_acc=0.8928
main hparams: muon_lr=0.22 muon_momentum=0.6 whiten_bias_lr=0.6 bn_bias_lr=1 head_lr=1 main=0.7715, best_cooldown=0.8952
muon_lr=0.047 muon_momentum=0.6 whiten_bias_lr=0.6 bn_bias_lr=1 head_lr=460 -> tta_val_acc=0.8949
muon_lr=0.047 muon_momentum=0.6 whiten_bias_lr=0.36 bn_bias_lr=1 head_lr=460 -> tta_val_acc=0.8946
muon_lr=0.047 muon_momentum=0.6 whiten_bias_lr=1 bn_bias_lr=1 head_lr=460 -> tta_val_acc=0.8952
muon_lr=0.047 muon_momentum=0.6 whiten_bias_lr=1.7 bn_bias_lr=1 head_lr=460 -> tta_val_acc=0.8935
search_path step=0 muon_lr=0.047 muon_momentum=0.6 whiten_bias_lr=0.6 bn_bias_lr=1 head_lr=460 tta_val_acc=0.8949
search_path step=1 muon_lr=0.047 muon_momentum=0.6 whiten_bias_lr=1 bn_bias_lr=1 head_lr=460 tta_val_acc=0.8952
main hparams: muon_lr=0.22 muon_momentum=0.6 whiten_bias_lr=1.7 bn_bias_lr=1 head_lr=1 main=0.7603, best_cooldown=0.8955
muon_lr=0.047 muon_momentum=0.6 whiten_bias_lr=0.6 bn_bias_lr=1 head_lr=460 -> tta_val_acc=0.8954
muon_lr=0.047 muon_momentum=0.6 whiten_bias_lr=0.36 bn_bias_lr=1 head_lr=460 -> tta_val_acc=0.8955
muon_lr=0.047 muon_momentum=0.6 whiten_bias_lr=0.22 bn_bias_lr=1 head_lr=460 -> tta_val_acc=0.8953
search_path step=0 muon_lr=0.047 muon_momentum=0.6 whiten_bias_lr=0.6 bn_bias_lr=1 head_lr=460 tta_val_acc=0.8954
search_path step=1 muon_lr=0.047 muon_momentum=0.6 whiten_bias_lr=0.36 bn_bias_lr=1 head_lr=460 tta_val_acc=0.8955
main hparams: muon_lr=0.22 muon_momentum=0.6 whiten_bias_lr=2.8 bn_bias_lr=1 head_lr=1 main=0.7618, best_cooldown=0.8959
muon_lr=0.047 muon_momentum=0.6 whiten_bias_lr=0.36 bn_bias_lr=1 head_lr=460 -> tta_val_acc=0.8946
muon_lr=0.047 muon_momentum=0.6 whiten_bias_lr=0.22 bn_bias_lr=1 head_lr=460 -> tta_val_acc=0.8959
muon_lr=0.047 muon_momentum=0.6 whiten_bias_lr=0.13 bn_bias_lr=1 head_lr=460 -> tta_val_acc=0.8957
search_path step=0 muon_lr=0.047 muon_momentum=0.6 whiten_bias_lr=0.36 bn_bias_lr=1 head_lr=460 tta_val_acc=0.8946
search_path step=1 muon_lr=0.047 muon_momentum=0.6 whiten_bias_lr=0.22 bn_bias_lr=1 head_lr=460 tta_val_acc=0.8959
main hparams: muon_lr=0.22 muon_momentum=0.6 whiten_bias_lr=4.6 bn_bias_lr=1 head_lr=1 main=0.7786, best_cooldown=0.897
muon_lr=0.047 muon_momentum=0.6 whiten_bias_lr=0.22 bn_bias_lr=1 head_lr=460 -> tta_val_acc=0.8965
muon_lr=0.047 muon_momentum=0.6 whiten_bias_lr=0.13 bn_bias_lr=1 head_lr=460 -> tta_val_acc=0.8967
muon_lr=0.047 muon_momentum=0.6 whiten_bias_lr=0.078 bn_bias_lr=1 head_lr=460 -> tta_val_acc=0.897
muon_lr=0.047 muon_momentum=0.6 whiten_bias_lr=0.047 bn_bias_lr=1 head_lr=460 -> tta_val_acc=0.8962
search_path step=0 muon_lr=0.047 muon_momentum=0.6 whiten_bias_lr=0.22 bn_bias_lr=1 head_lr=460 tta_val_acc=0.8965
search_path step=1 muon_lr=0.047 muon_momentum=0.6 whiten_bias_lr=0.078 bn_bias_lr=1 head_lr=460 tta_val_acc=0.897
main hparams: muon_lr=0.22 muon_momentum=0.6 whiten_bias_lr=7.7 bn_bias_lr=1 head_lr=1 main=0.7508, best_cooldown=0.896
muon_lr=0.047 muon_momentum=0.6 whiten_bias_lr=0.078 bn_bias_lr=1 head_lr=460 -> tta_val_acc=0.896
muon_lr=0.047 muon_momentum=0.6 whiten_bias_lr=0.047 bn_bias_lr=1 head_lr=460 -> tta_val_acc=0.8957
muon_lr=0.047 muon_momentum=0.6 whiten_bias_lr=0.13 bn_bias_lr=1 head_lr=460 -> tta_val_acc=0.8956
search_path step=0 muon_lr=0.047 muon_momentum=0.6 whiten_bias_lr=0.078 bn_bias_lr=1 head_lr=460 tta_val_acc=0.896
main hparams: muon_lr=0.22 muon_momentum=0.6 whiten_bias_lr=4.6 bn_bias_lr=0.6 head_lr=1 main=0.776, best_cooldown=0.897
muon_lr=0.047 muon_momentum=0.6 whiten_bias_lr=0.078 bn_bias_lr=1 head_lr=460 -> tta_val_acc=0.897
muon_lr=0.047 muon_momentum=0.6 whiten_bias_lr=0.078 bn_bias_lr=0.6 head_lr=460 -> tta_val_acc=0.8964
muon_lr=0.047 muon_momentum=0.6 whiten_bias_lr=0.078 bn_bias_lr=1.7 head_lr=460 -> tta_val_acc=0.896
search_path step=0 muon_lr=0.047 muon_momentum=0.6 whiten_bias_lr=0.078 bn_bias_lr=1 head_lr=460 tta_val_acc=0.897
main hparams: muon_lr=0.22 muon_momentum=0.6 whiten_bias_lr=4.6 bn_bias_lr=0.36 head_lr=1 main=0.7838, best_cooldown=0.896
muon_lr=0.047 muon_momentum=0.6 whiten_bias_lr=0.078 bn_bias_lr=1 head_lr=460 -> tta_val_acc=0.8939
muon_lr=0.047 muon_momentum=0.6 whiten_bias_lr=0.078 bn_bias_lr=0.6 head_lr=460 -> tta_val_acc=0.8938
muon_lr=0.047 muon_momentum=0.6 whiten_bias_lr=0.078 bn_bias_lr=1.7 head_lr=460 -> tta_val_acc=0.8943
muon_lr=0.047 muon_momentum=0.6 whiten_bias_lr=0.078 bn_bias_lr=2.8 head_lr=460 -> tta_val_acc=0.8946
muon_lr=0.047 muon_momentum=0.6 whiten_bias_lr=0.078 bn_bias_lr=4.6 head_lr=460 -> tta_val_acc=0.896
muon_lr=0.047 muon_momentum=0.6 whiten_bias_lr=0.078 bn_bias_lr=7.7 head_lr=460 -> tta_val_acc=0.8952
search_path step=0 muon_lr=0.047 muon_momentum=0.6 whiten_bias_lr=0.078 bn_bias_lr=1 head_lr=460 tta_val_acc=0.8939
search_path step=1 muon_lr=0.047 muon_momentum=0.6 whiten_bias_lr=0.078 bn_bias_lr=4.6 head_lr=460 tta_val_acc=0.896
main hparams: muon_lr=0.22 muon_momentum=0.6 whiten_bias_lr=4.6 bn_bias_lr=1.7 head_lr=1 main=0.7824, best_cooldown=0.8961
muon_lr=0.047 muon_momentum=0.6 whiten_bias_lr=0.078 bn_bias_lr=1 head_lr=460 -> tta_val_acc=0.8961
muon_lr=0.047 muon_momentum=0.6 whiten_bias_lr=0.078 bn_bias_lr=0.6 head_lr=460 -> tta_val_acc=0.8949
muon_lr=0.047 muon_momentum=0.6 whiten_bias_lr=0.078 bn_bias_lr=1.7 head_lr=460 -> tta_val_acc=0.8955
search_path step=0 muon_lr=0.047 muon_momentum=0.6 whiten_bias_lr=0.078 bn_bias_lr=1 head_lr=460 tta_val_acc=0.8961
main hparams: muon_lr=0.22 muon_momentum=0.6 whiten_bias_lr=4.6 bn_bias_lr=1 head_lr=0.6 main=0.7891, best_cooldown=0.8955
muon_lr=0.047 muon_momentum=0.6 whiten_bias_lr=0.078 bn_bias_lr=1 head_lr=460 -> tta_val_acc=0.8935
muon_lr=0.047 muon_momentum=0.6 whiten_bias_lr=0.078 bn_bias_lr=1 head_lr=280 -> tta_val_acc=0.8948
muon_lr=0.047 muon_momentum=0.6 whiten_bias_lr=0.078 bn_bias_lr=1 head_lr=170 -> tta_val_acc=0.8955
muon_lr=0.047 muon_momentum=0.6 whiten_bias_lr=0.078 bn_bias_lr=1 head_lr=99 -> tta_val_acc=0.8955
muon_lr=0.047 muon_momentum=0.6 whiten_bias_lr=0.078 bn_bias_lr=1 head_lr=60 -> tta_val_acc=0.8944
search_path step=0 muon_lr=0.047 muon_momentum=0.6 whiten_bias_lr=0.078 bn_bias_lr=1 head_lr=460 tta_val_acc=0.8935
search_path step=1 muon_lr=0.047 muon_momentum=0.6 whiten_bias_lr=0.078 bn_bias_lr=1 head_lr=99 tta_val_acc=0.8955
main hparams: muon_lr=0.22 muon_momentum=0.6 whiten_bias_lr=4.6 bn_bias_lr=1 head_lr=1.7 main=0.7687, best_cooldown=0.8957
muon_lr=0.047 muon_momentum=0.6 whiten_bias_lr=0.078 bn_bias_lr=1 head_lr=460 -> tta_val_acc=0.8957
muon_lr=0.047 muon_momentum=0.6 whiten_bias_lr=0.078 bn_bias_lr=1 head_lr=280 -> tta_val_acc=0.8952
muon_lr=0.047 muon_momentum=0.6 whiten_bias_lr=0.078 bn_bias_lr=1 head_lr=770 -> tta_val_acc=0.8951
search_path step=0 muon_lr=0.047 muon_momentum=0.6 whiten_bias_lr=0.078 bn_bias_lr=1 head_lr=460 tta_val_acc=0.8957
main hparams: muon_lr=0.13 muon_momentum=0.6 whiten_bias_lr=4.6 bn_bias_lr=1 head_lr=1 main=0.8245, best_cooldown=0.8936
muon_lr=0.047 muon_momentum=0.6 whiten_bias_lr=0.078 bn_bias_lr=1 head_lr=460 -> tta_val_acc=0.8919
muon_lr=0.028 muon_momentum=0.6 whiten_bias_lr=0.078 bn_bias_lr=1 head_lr=460 -> tta_val_acc=0.8936
muon_lr=0.017 muon_momentum=0.6 whiten_bias_lr=0.078 bn_bias_lr=1 head_lr=460 -> tta_val_acc=0.8845
search_path step=0 muon_lr=0.047 muon_momentum=0.6 whiten_bias_lr=0.078 bn_bias_lr=1 head_lr=460 tta_val_acc=0.8919
search_path step=1 muon_lr=0.028 muon_momentum=0.6 whiten_bias_lr=0.078 bn_bias_lr=1 head_lr=460 tta_val_acc=0.8936
main hparams: muon_lr=0.36 muon_momentum=0.6 whiten_bias_lr=4.6 bn_bias_lr=1 head_lr=1 main=0.7153, best_cooldown=0.8883
muon_lr=0.047 muon_momentum=0.6 whiten_bias_lr=0.078 bn_bias_lr=1 head_lr=460 -> tta_val_acc=0.8883
muon_lr=0.028 muon_momentum=0.6 whiten_bias_lr=0.078 bn_bias_lr=1 head_lr=460 -> tta_val_acc=0.8798
muon_lr=0.078 muon_momentum=0.6 whiten_bias_lr=0.078 bn_bias_lr=1 head_lr=460 -> tta_val_acc=0.8803
search_path step=0 muon_lr=0.047 muon_momentum=0.6 whiten_bias_lr=0.078 bn_bias_lr=1 head_lr=460 tta_val_acc=0.8883
main hparams: muon_lr=0.22 muon_momentum=0.5 whiten_bias_lr=4.6 bn_bias_lr=1 head_lr=1 main=0.7711, best_cooldown=0.8948
muon_lr=0.047 muon_momentum=0.5 whiten_bias_lr=0.078 bn_bias_lr=1 head_lr=460 -> tta_val_acc=0.8948
muon_lr=0.028 muon_momentum=0.5 whiten_bias_lr=0.078 bn_bias_lr=1 head_lr=460 -> tta_val_acc=0.8925
muon_lr=0.078 muon_momentum=0.5 whiten_bias_lr=0.078 bn_bias_lr=1 head_lr=460 -> tta_val_acc=0.8863
search_path step=0 muon_lr=0.047 muon_momentum=0.5 whiten_bias_lr=0.078 bn_bias_lr=1 head_lr=460 tta_val_acc=0.8948
main hparams: muon_lr=0.22 muon_momentum=0.7 whiten_bias_lr=4.6 bn_bias_lr=1 head_lr=1 main=0.7698, best_cooldown=0.8962
muon_lr=0.047 muon_momentum=0.7 whiten_bias_lr=0.078 bn_bias_lr=1 head_lr=460 -> tta_val_acc=0.8943
muon_lr=0.028 muon_momentum=0.7 whiten_bias_lr=0.078 bn_bias_lr=1 head_lr=460 -> tta_val_acc=0.8962
muon_lr=0.017 muon_momentum=0.7 whiten_bias_lr=0.078 bn_bias_lr=1 head_lr=460 -> tta_val_acc=0.8831
search_path step=0 muon_lr=0.047 muon_momentum=0.7 whiten_bias_lr=0.078 bn_bias_lr=1 head_lr=460 tta_val_acc=0.8943
search_path step=1 muon_lr=0.028 muon_momentum=0.7 whiten_bias_lr=0.078 bn_bias_lr=1 head_lr=460 tta_val_acc=0.8962
search_path step=0 muon_lr=0.13 muon_momentum=0.6 whiten_bias_lr=1 bn_bias_lr=1 head_lr=1 tta_val_acc=0.895
search_path step=1 muon_lr=0.22 muon_momentum=0.6 whiten_bias_lr=1 bn_bias_lr=1 head_lr=1 tta_val_acc=0.8954
search_path step=2 muon_lr=0.22 muon_momentum=0.6 whiten_bias_lr=4.6 bn_bias_lr=1 head_lr=1 tta_val_acc=0.897
main hparams: muon_lr=0.22 muon_momentum=0.6 whiten_bias_lr=4.6 bn_bias_lr=1 head_lr=1 main=0.7786, best_cooldown=0.8981
muon_lr=0.047 muon_momentum=0.6 whiten_bias_lr=0.078 bn_bias_lr=1 head_lr=460 -> tta_val_acc=0.897
muon_lr=0.028 muon_momentum=0.6 whiten_bias_lr=0.078 bn_bias_lr=1 head_lr=460 -> tta_val_acc=0.8937
muon_lr=0.078 muon_momentum=0.6 whiten_bias_lr=0.078 bn_bias_lr=1 head_lr=460 -> tta_val_acc=0.8821
muon_lr=0.047 muon_momentum=0.6 whiten_bias_lr=0.047 bn_bias_lr=1 head_lr=460 -> tta_val_acc=0.8962
muon_lr=0.047 muon_momentum=0.6 whiten_bias_lr=0.13 bn_bias_lr=1 head_lr=460 -> tta_val_acc=0.8967
muon_lr=0.047 muon_momentum=0.6 whiten_bias_lr=0.078 bn_bias_lr=0.6 head_lr=460 -> tta_val_acc=0.8958
muon_lr=0.047 muon_momentum=0.6 whiten_bias_lr=0.078 bn_bias_lr=1.7 head_lr=460 -> tta_val_acc=0.8981
muon_lr=0.047 muon_momentum=0.6 whiten_bias_lr=0.078 bn_bias_lr=2.8 head_lr=460 -> tta_val_acc=0.8977
muon_lr=0.047 muon_momentum=0.6 whiten_bias_lr=0.078 bn_bias_lr=1.7 head_lr=280 -> tta_val_acc=0.897
muon_lr=0.047 muon_momentum=0.6 whiten_bias_lr=0.078 bn_bias_lr=1.7 head_lr=770 -> tta_val_acc=0.8965
muon_lr=0.028 muon_momentum=0.6 whiten_bias_lr=0.078 bn_bias_lr=1.7 head_lr=460 -> tta_val_acc=0.894
muon_lr=0.078 muon_momentum=0.6 whiten_bias_lr=0.078 bn_bias_lr=1.7 head_lr=460 -> tta_val_acc=0.8825
muon_lr=0.047 muon_momentum=0.6 whiten_bias_lr=0.047 bn_bias_lr=1.7 head_lr=460 -> tta_val_acc=0.8964
muon_lr=0.047 muon_momentum=0.6 whiten_bias_lr=0.13 bn_bias_lr=1.7 head_lr=460 -> tta_val_acc=0.8966
search_path step=0 muon_lr=0.047 muon_momentum=0.6 whiten_bias_lr=0.078 bn_bias_lr=1 head_lr=460 tta_val_acc=0.897
search_path step=1 muon_lr=0.047 muon_momentum=0.6 whiten_bias_lr=0.078 bn_bias_lr=1.7 head_lr=460 tta_val_acc=0.8981
main hparams: muon_lr=0.22 muon_momentum=0.6 whiten_bias_lr=4.6 bn_bias_lr=1 head_lr=1 main=0.7786, best_cooldown=0.8981
main hparams: muon_lr=0.13 muon_momentum=0.6 whiten_bias_lr=4.6 bn_bias_lr=1 head_lr=1 main=0.8245, best_cooldown=0.8939
muon_lr=0.047 muon_momentum=0.6 whiten_bias_lr=0.078 bn_bias_lr=1.7 head_lr=460 -> tta_val_acc=0.893
muon_lr=0.028 muon_momentum=0.6 whiten_bias_lr=0.078 bn_bias_lr=1.7 head_lr=460 -> tta_val_acc=0.8939
muon_lr=0.017 muon_momentum=0.6 whiten_bias_lr=0.078 bn_bias_lr=1.7 head_lr=460 -> tta_val_acc=0.8846
search_path step=0 muon_lr=0.047 muon_momentum=0.6 whiten_bias_lr=0.078 bn_bias_lr=1.7 head_lr=460 tta_val_acc=0.893
search_path step=1 muon_lr=0.028 muon_momentum=0.6 whiten_bias_lr=0.078 bn_bias_lr=1.7 head_lr=460 tta_val_acc=0.8939
main hparams: muon_lr=0.36 muon_momentum=0.6 whiten_bias_lr=4.6 bn_bias_lr=1 head_lr=1 main=0.7153, best_cooldown=0.888
muon_lr=0.047 muon_momentum=0.6 whiten_bias_lr=0.078 bn_bias_lr=1.7 head_lr=460 -> tta_val_acc=0.888
muon_lr=0.028 muon_momentum=0.6 whiten_bias_lr=0.078 bn_bias_lr=1.7 head_lr=460 -> tta_val_acc=0.8803
muon_lr=0.078 muon_momentum=0.6 whiten_bias_lr=0.078 bn_bias_lr=1.7 head_lr=460 -> tta_val_acc=0.8815
search_path step=0 muon_lr=0.047 muon_momentum=0.6 whiten_bias_lr=0.078 bn_bias_lr=1.7 head_lr=460 tta_val_acc=0.888
main hparams: muon_lr=0.22 muon_momentum=0.5 whiten_bias_lr=4.6 bn_bias_lr=1 head_lr=1 main=0.7711, best_cooldown=0.8948
muon_lr=0.047 muon_momentum=0.5 whiten_bias_lr=0.078 bn_bias_lr=1.7 head_lr=460 -> tta_val_acc=0.8948
muon_lr=0.028 muon_momentum=0.5 whiten_bias_lr=0.078 bn_bias_lr=1.7 head_lr=460 -> tta_val_acc=0.893
muon_lr=0.078 muon_momentum=0.5 whiten_bias_lr=0.078 bn_bias_lr=1.7 head_lr=460 -> tta_val_acc=0.8847
search_path step=0 muon_lr=0.047 muon_momentum=0.5 whiten_bias_lr=0.078 bn_bias_lr=1.7 head_lr=460 tta_val_acc=0.8948
main hparams: muon_lr=0.22 muon_momentum=0.7 whiten_bias_lr=4.6 bn_bias_lr=1 head_lr=1 main=0.7698, best_cooldown=0.8957
muon_lr=0.047 muon_momentum=0.7 whiten_bias_lr=0.078 bn_bias_lr=1.7 head_lr=460 -> tta_val_acc=0.8949
muon_lr=0.028 muon_momentum=0.7 whiten_bias_lr=0.078 bn_bias_lr=1.7 head_lr=460 -> tta_val_acc=0.8957
muon_lr=0.017 muon_momentum=0.7 whiten_bias_lr=0.078 bn_bias_lr=1.7 head_lr=460 -> tta_val_acc=0.8833
search_path step=0 muon_lr=0.047 muon_momentum=0.7 whiten_bias_lr=0.078 bn_bias_lr=1.7 head_lr=460 tta_val_acc=0.8949
search_path step=1 muon_lr=0.028 muon_momentum=0.7 whiten_bias_lr=0.078 bn_bias_lr=1.7 head_lr=460 tta_val_acc=0.8957
main hparams: muon_lr=0.22 muon_momentum=0.6 whiten_bias_lr=2.8 bn_bias_lr=1 head_lr=1 main=0.7618, best_cooldown=0.8957
muon_lr=0.047 muon_momentum=0.6 whiten_bias_lr=0.078 bn_bias_lr=1.7 head_lr=460 -> tta_val_acc=0.8949
muon_lr=0.047 muon_momentum=0.6 whiten_bias_lr=0.047 bn_bias_lr=1.7 head_lr=460 -> tta_val_acc=0.8957
muon_lr=0.047 muon_momentum=0.6 whiten_bias_lr=0.028 bn_bias_lr=1.7 head_lr=460 -> tta_val_acc=0.8947
search_path step=0 muon_lr=0.047 muon_momentum=0.6 whiten_bias_lr=0.078 bn_bias_lr=1.7 head_lr=460 tta_val_acc=0.8949
search_path step=1 muon_lr=0.047 muon_momentum=0.6 whiten_bias_lr=0.047 bn_bias_lr=1.7 head_lr=460 tta_val_acc=0.8957
main hparams: muon_lr=0.22 muon_momentum=0.6 whiten_bias_lr=7.7 bn_bias_lr=1 head_lr=1 main=0.7508, best_cooldown=0.8958
muon_lr=0.047 muon_momentum=0.6 whiten_bias_lr=0.078 bn_bias_lr=1.7 head_lr=460 -> tta_val_acc=0.8948
muon_lr=0.047 muon_momentum=0.6 whiten_bias_lr=0.047 bn_bias_lr=1.7 head_lr=460 -> tta_val_acc=0.8956
muon_lr=0.047 muon_momentum=0.6 whiten_bias_lr=0.028 bn_bias_lr=1.7 head_lr=460 -> tta_val_acc=0.8958
muon_lr=0.047 muon_momentum=0.6 whiten_bias_lr=0.017 bn_bias_lr=1.7 head_lr=460 -> tta_val_acc=0.8958
muon_lr=0.047 muon_momentum=0.6 whiten_bias_lr=0.01 bn_bias_lr=1.7 head_lr=460 -> tta_val_acc=0.8956
search_path step=0 muon_lr=0.047 muon_momentum=0.6 whiten_bias_lr=0.078 bn_bias_lr=1.7 head_lr=460 tta_val_acc=0.8948
search_path step=1 muon_lr=0.047 muon_momentum=0.6 whiten_bias_lr=0.028 bn_bias_lr=1.7 head_lr=460 tta_val_acc=0.8958
main hparams: muon_lr=0.22 muon_momentum=0.6 whiten_bias_lr=4.6 bn_bias_lr=0.6 head_lr=1 main=0.776, best_cooldown=0.897
muon_lr=0.047 muon_momentum=0.6 whiten_bias_lr=0.078 bn_bias_lr=1.7 head_lr=460 -> tta_val_acc=0.896
muon_lr=0.047 muon_momentum=0.6 whiten_bias_lr=0.078 bn_bias_lr=1 head_lr=460 -> tta_val_acc=0.897
muon_lr=0.047 muon_momentum=0.6 whiten_bias_lr=0.078 bn_bias_lr=0.6 head_lr=460 -> tta_val_acc=0.8964
search_path step=0 muon_lr=0.047 muon_momentum=0.6 whiten_bias_lr=0.078 bn_bias_lr=1.7 head_lr=460 tta_val_acc=0.896
search_path step=1 muon_lr=0.047 muon_momentum=0.6 whiten_bias_lr=0.078 bn_bias_lr=1 head_lr=460 tta_val_acc=0.897
main hparams: muon_lr=0.22 muon_momentum=0.6 whiten_bias_lr=4.6 bn_bias_lr=1.7 head_lr=1 main=0.7824, best_cooldown=0.8961
muon_lr=0.047 muon_momentum=0.6 whiten_bias_lr=0.078 bn_bias_lr=1.7 head_lr=460 -> tta_val_acc=0.8955
muon_lr=0.047 muon_momentum=0.6 whiten_bias_lr=0.078 bn_bias_lr=1 head_lr=460 -> tta_val_acc=0.8961
muon_lr=0.047 muon_momentum=0.6 whiten_bias_lr=0.078 bn_bias_lr=0.6 head_lr=460 -> tta_val_acc=0.8949
search_path step=0 muon_lr=0.047 muon_momentum=0.6 whiten_bias_lr=0.078 bn_bias_lr=1.7 head_lr=460 tta_val_acc=0.8955
search_path step=1 muon_lr=0.047 muon_momentum=0.6 whiten_bias_lr=0.078 bn_bias_lr=1 head_lr=460 tta_val_acc=0.8961
main hparams: muon_lr=0.22 muon_momentum=0.6 whiten_bias_lr=4.6 bn_bias_lr=1 head_lr=0.6 main=0.7891, best_cooldown=0.8953
muon_lr=0.047 muon_momentum=0.6 whiten_bias_lr=0.078 bn_bias_lr=1.7 head_lr=460 -> tta_val_acc=0.894
muon_lr=0.047 muon_momentum=0.6 whiten_bias_lr=0.078 bn_bias_lr=1.7 head_lr=280 -> tta_val_acc=0.8948
muon_lr=0.047 muon_momentum=0.6 whiten_bias_lr=0.078 bn_bias_lr=1.7 head_lr=170 -> tta_val_acc=0.8953
muon_lr=0.047 muon_momentum=0.6 whiten_bias_lr=0.078 bn_bias_lr=1.7 head_lr=99 -> tta_val_acc=0.8952
search_path step=0 muon_lr=0.047 muon_momentum=0.6 whiten_bias_lr=0.078 bn_bias_lr=1.7 head_lr=460 tta_val_acc=0.894
search_path step=1 muon_lr=0.047 muon_momentum=0.6 whiten_bias_lr=0.078 bn_bias_lr=1.7 head_lr=170 tta_val_acc=0.8953
main hparams: muon_lr=0.22 muon_momentum=0.6 whiten_bias_lr=4.6 bn_bias_lr=1 head_lr=1.7 main=0.7687, best_cooldown=0.8973
muon_lr=0.047 muon_momentum=0.6 whiten_bias_lr=0.078 bn_bias_lr=1.7 head_lr=460 -> tta_val_acc=0.8973
muon_lr=0.047 muon_momentum=0.6 whiten_bias_lr=0.078 bn_bias_lr=1.7 head_lr=280 -> tta_val_acc=0.8961
muon_lr=0.047 muon_momentum=0.6 whiten_bias_lr=0.078 bn_bias_lr=1.7 head_lr=770 -> tta_val_acc=0.8959
search_path step=0 muon_lr=0.047 muon_momentum=0.6 whiten_bias_lr=0.078 bn_bias_lr=1.7 head_lr=460 tta_val_acc=0.8973
search_path step=0 muon_lr=0.22 muon_momentum=0.6 whiten_bias_lr=4.6 bn_bias_lr=1 head_lr=1 tta_val_acc=0.8981
train_hparams run=0 interval=0 start_step=0 completed_steps=40 total_steps=200 muon_lr=0.22 muon_momentum=0.6 whiten_bias_lr=4.6 bn_bias_lr=1 head_lr=1 muon_nesterov=False
train_loss run=0 interval=0 step=1 loss=2.31009
train_loss run=0 interval=0 step=2 loss=2.22782
train_loss run=0 interval=0 step=3 loss=2.16344
train_loss run=0 interval=0 step=4 loss=2.11121
train_loss run=0 interval=0 step=5 loss=2.05933
train_loss run=0 interval=0 step=6 loss=2.01042
train_loss run=0 interval=0 step=7 loss=1.97577
train_loss run=0 interval=0 step=8 loss=1.94551
train_loss run=0 interval=0 step=9 loss=1.89538
train_loss run=0 interval=0 step=10 loss=1.87652
train_loss run=0 interval=0 step=11 loss=1.85683
train_loss run=0 interval=0 step=12 loss=1.8315
train_loss run=0 interval=0 step=13 loss=1.80236
train_loss run=0 interval=0 step=14 loss=1.77835
train_loss run=0 interval=0 step=15 loss=1.78051
train_loss run=0 interval=0 step=16 loss=1.73969
train_loss run=0 interval=0 step=17 loss=1.73178
train_loss run=0 interval=0 step=18 loss=1.7034
train_loss run=0 interval=0 step=19 loss=1.67051
train_loss run=0 interval=0 step=20 loss=1.64177
train_loss run=0 interval=0 step=21 loss=1.66384
train_loss run=0 interval=0 step=22 loss=1.64855
train_loss run=0 interval=0 step=23 loss=1.63314
train_loss run=0 interval=0 step=24 loss=1.63985
train_loss run=0 interval=0 step=25 loss=1.63195
train_loss run=0 interval=0 step=26 loss=1.60796
train_loss run=0 interval=0 step=27 loss=1.59802
train_loss run=0 interval=0 step=28 loss=1.6024
train_loss run=0 interval=0 step=29 loss=1.59858
train_loss run=0 interval=0 step=30 loss=1.56739
train_loss run=0 interval=0 step=31 loss=1.56102
train_loss run=0 interval=0 step=32 loss=1.54888
train_loss run=0 interval=0 step=33 loss=1.57956
train_loss run=0 interval=0 step=34 loss=1.54891
train_loss run=0 interval=0 step=35 loss=1.55173
train_loss run=0 interval=0 step=36 loss=1.55843
train_loss run=0 interval=0 step=37 loss=1.53187
train_loss run=0 interval=0 step=38 loss=1.53971
train_loss run=0 interval=0 step=39 loss=1.54043
train_loss run=0 interval=0 step=40 loss=1.55731
interval_boundary_eval run=0 interval=0 step=40 total_steps=200 tta_val_acc=0.7786
main hparams: muon_lr=0.22 muon_momentum=0.6 whiten_bias_lr=4.6 bn_bias_lr=1 head_lr=1 main=0.8008, best_cooldown=0.9066
muon_lr=0.047 muon_momentum=0.6 whiten_bias_lr=0.078 bn_bias_lr=1.7 head_lr=460 -> tta_val_acc=0.9051
muon_lr=0.028 muon_momentum=0.6 whiten_bias_lr=0.078 bn_bias_lr=1.7 head_lr=460 -> tta_val_acc=0.903
muon_lr=0.078 muon_momentum=0.6 whiten_bias_lr=0.078 bn_bias_lr=1.7 head_lr=460 -> tta_val_acc=0.8945
muon_lr=0.047 muon_momentum=0.6 whiten_bias_lr=0.047 bn_bias_lr=1.7 head_lr=460 -> tta_val_acc=0.9049
muon_lr=0.047 muon_momentum=0.6 whiten_bias_lr=0.13 bn_bias_lr=1.7 head_lr=460 -> tta_val_acc=0.9051
muon_lr=0.047 muon_momentum=0.6 whiten_bias_lr=0.22 bn_bias_lr=1.7 head_lr=460 -> tta_val_acc=0.9047
muon_lr=0.047 muon_momentum=0.6 whiten_bias_lr=0.078 bn_bias_lr=1 head_lr=460 -> tta_val_acc=0.9048
muon_lr=0.047 muon_momentum=0.6 whiten_bias_lr=0.078 bn_bias_lr=2.8 head_lr=460 -> tta_val_acc=0.9046
muon_lr=0.047 muon_momentum=0.6 whiten_bias_lr=0.078 bn_bias_lr=1.7 head_lr=280 -> tta_val_acc=0.9061
muon_lr=0.047 muon_momentum=0.6 whiten_bias_lr=0.078 bn_bias_lr=1.7 head_lr=170 -> tta_val_acc=0.9057
muon_lr=0.028 muon_momentum=0.6 whiten_bias_lr=0.078 bn_bias_lr=1.7 head_lr=280 -> tta_val_acc=0.9028
muon_lr=0.078 muon_momentum=0.6 whiten_bias_lr=0.078 bn_bias_lr=1.7 head_lr=280 -> tta_val_acc=0.8986
muon_lr=0.047 muon_momentum=0.6 whiten_bias_lr=0.047 bn_bias_lr=1.7 head_lr=280 -> tta_val_acc=0.9061
muon_lr=0.047 muon_momentum=0.6 whiten_bias_lr=0.028 bn_bias_lr=1.7 head_lr=280 -> tta_val_acc=0.9057
muon_lr=0.047 muon_momentum=0.6 whiten_bias_lr=0.13 bn_bias_lr=1.7 head_lr=280 -> tta_val_acc=0.9066
muon_lr=0.047 muon_momentum=0.6 whiten_bias_lr=0.22 bn_bias_lr=1.7 head_lr=280 -> tta_val_acc=0.9054
muon_lr=0.047 muon_momentum=0.6 whiten_bias_lr=0.13 bn_bias_lr=1 head_lr=280 -> tta_val_acc=0.9056
muon_lr=0.047 muon_momentum=0.6 whiten_bias_lr=0.13 bn_bias_lr=2.8 head_lr=280 -> tta_val_acc=0.9062
muon_lr=0.047 muon_momentum=0.6 whiten_bias_lr=0.13 bn_bias_lr=1.7 head_lr=170 -> tta_val_acc=0.9057
muon_lr=0.028 muon_momentum=0.6 whiten_bias_lr=0.13 bn_bias_lr=1.7 head_lr=280 -> tta_val_acc=0.9033
muon_lr=0.078 muon_momentum=0.6 whiten_bias_lr=0.13 bn_bias_lr=1.7 head_lr=280 -> tta_val_acc=0.8978
search_path step=0 muon_lr=0.047 muon_momentum=0.6 whiten_bias_lr=0.078 bn_bias_lr=1.7 head_lr=460 tta_val_acc=0.9051
search_path step=1 muon_lr=0.047 muon_momentum=0.6 whiten_bias_lr=0.078 bn_bias_lr=1.7 head_lr=280 tta_val_acc=0.9061
search_path step=2 muon_lr=0.047 muon_momentum=0.6 whiten_bias_lr=0.13 bn_bias_lr=1.7 head_lr=280 tta_val_acc=0.9066
main hparams: muon_lr=0.22 muon_momentum=0.6 whiten_bias_lr=4.6 bn_bias_lr=1 head_lr=1 main=0.8008, best_cooldown=0.9066
main hparams: muon_lr=0.13 muon_momentum=0.6 whiten_bias_lr=4.6 bn_bias_lr=1 head_lr=1 main=0.8429, best_cooldown=0.9111
muon_lr=0.047 muon_momentum=0.6 whiten_bias_lr=0.13 bn_bias_lr=1.7 head_lr=280 -> tta_val_acc=0.9071
muon_lr=0.028 muon_momentum=0.6 whiten_bias_lr=0.13 bn_bias_lr=1.7 head_lr=280 -> tta_val_acc=0.9111
muon_lr=0.017 muon_momentum=0.6 whiten_bias_lr=0.13 bn_bias_lr=1.7 head_lr=280 -> tta_val_acc=0.9105
search_path step=0 muon_lr=0.047 muon_momentum=0.6 whiten_bias_lr=0.13 bn_bias_lr=1.7 head_lr=280 tta_val_acc=0.9071
search_path step=1 muon_lr=0.028 muon_momentum=0.6 whiten_bias_lr=0.13 bn_bias_lr=1.7 head_lr=280 tta_val_acc=0.9111
main hparams: muon_lr=0.078 muon_momentum=0.6 whiten_bias_lr=4.6 bn_bias_lr=1 head_lr=1 main=0.8677, best_cooldown=0.9167
muon_lr=0.028 muon_momentum=0.6 whiten_bias_lr=0.13 bn_bias_lr=1.7 head_lr=280 -> tta_val_acc=0.9151
muon_lr=0.017 muon_momentum=0.6 whiten_bias_lr=0.13 bn_bias_lr=1.7 head_lr=280 -> tta_val_acc=0.9167
muon_lr=0.01 muon_momentum=0.6 whiten_bias_lr=0.13 bn_bias_lr=1.7 head_lr=280 -> tta_val_acc=0.9131
search_path step=0 muon_lr=0.028 muon_momentum=0.6 whiten_bias_lr=0.13 bn_bias_lr=1.7 head_lr=280 tta_val_acc=0.9151
search_path step=1 muon_lr=0.017 muon_momentum=0.6 whiten_bias_lr=0.13 bn_bias_lr=1.7 head_lr=280 tta_val_acc=0.9167
main hparams: muon_lr=0.047 muon_momentum=0.6 whiten_bias_lr=4.6 bn_bias_lr=1 head_lr=1 main=0.8818, best_cooldown=0.9118
muon_lr=0.017 muon_momentum=0.6 whiten_bias_lr=0.13 bn_bias_lr=1.7 head_lr=280 -> tta_val_acc=0.9118
muon_lr=0.01 muon_momentum=0.6 whiten_bias_lr=0.13 bn_bias_lr=1.7 head_lr=280 -> tta_val_acc=0.9102
muon_lr=0.028 muon_momentum=0.6 whiten_bias_lr=0.13 bn_bias_lr=1.7 head_lr=280 -> tta_val_acc=0.9097
search_path step=0 muon_lr=0.017 muon_momentum=0.6 whiten_bias_lr=0.13 bn_bias_lr=1.7 head_lr=280 tta_val_acc=0.9118
main hparams: muon_lr=0.078 muon_momentum=0.5 whiten_bias_lr=4.6 bn_bias_lr=1 head_lr=1 main=0.869, best_cooldown=0.9141
muon_lr=0.017 muon_momentum=0.5 whiten_bias_lr=0.13 bn_bias_lr=1.7 head_lr=280 -> tta_val_acc=0.9141
muon_lr=0.01 muon_momentum=0.5 whiten_bias_lr=0.13 bn_bias_lr=1.7 head_lr=280 -> tta_val_acc=0.9115
muon_lr=0.028 muon_momentum=0.5 whiten_bias_lr=0.13 bn_bias_lr=1.7 head_lr=280 -> tta_val_acc=0.9129
search_path step=0 muon_lr=0.017 muon_momentum=0.5 whiten_bias_lr=0.13 bn_bias_lr=1.7 head_lr=280 tta_val_acc=0.9141
main hparams: muon_lr=0.078 muon_momentum=0.7 whiten_bias_lr=4.6 bn_bias_lr=1 head_lr=1 main=0.8692, best_cooldown=0.918
muon_lr=0.017 muon_momentum=0.7 whiten_bias_lr=0.13 bn_bias_lr=1.7 head_lr=280 -> tta_val_acc=0.918
muon_lr=0.01 muon_momentum=0.7 whiten_bias_lr=0.13 bn_bias_lr=1.7 head_lr=280 -> tta_val_acc=0.9128
muon_lr=0.028 muon_momentum=0.7 whiten_bias_lr=0.13 bn_bias_lr=1.7 head_lr=280 -> tta_val_acc=0.9147
search_path step=0 muon_lr=0.017 muon_momentum=0.7 whiten_bias_lr=0.13 bn_bias_lr=1.7 head_lr=280 tta_val_acc=0.918
main hparams: muon_lr=0.078 muon_momentum=0.8 whiten_bias_lr=4.6 bn_bias_lr=1 head_lr=1 main=0.8647, best_cooldown=0.9133
muon_lr=0.017 muon_momentum=0.8 whiten_bias_lr=0.13 bn_bias_lr=1.7 head_lr=280 -> tta_val_acc=0.9133
muon_lr=0.01 muon_momentum=0.8 whiten_bias_lr=0.13 bn_bias_lr=1.7 head_lr=280 -> tta_val_acc=0.9119
muon_lr=0.028 muon_momentum=0.8 whiten_bias_lr=0.13 bn_bias_lr=1.7 head_lr=280 -> tta_val_acc=0.9105
search_path step=0 muon_lr=0.017 muon_momentum=0.8 whiten_bias_lr=0.13 bn_bias_lr=1.7 head_lr=280 tta_val_acc=0.9133
main hparams: muon_lr=0.078 muon_momentum=0.7 whiten_bias_lr=2.8 bn_bias_lr=1 head_lr=1 main=0.8682, best_cooldown=0.9177
muon_lr=0.017 muon_momentum=0.7 whiten_bias_lr=0.13 bn_bias_lr=1.7 head_lr=280 -> tta_val_acc=0.9174
muon_lr=0.017 muon_momentum=0.7 whiten_bias_lr=0.078 bn_bias_lr=1.7 head_lr=280 -> tta_val_acc=0.9177
muon_lr=0.017 muon_momentum=0.7 whiten_bias_lr=0.047 bn_bias_lr=1.7 head_lr=280 -> tta_val_acc=0.9174
search_path step=0 muon_lr=0.017 muon_momentum=0.7 whiten_bias_lr=0.13 bn_bias_lr=1.7 head_lr=280 tta_val_acc=0.9174
search_path step=1 muon_lr=0.017 muon_momentum=0.7 whiten_bias_lr=0.078 bn_bias_lr=1.7 head_lr=280 tta_val_acc=0.9177
main hparams: muon_lr=0.078 muon_momentum=0.7 whiten_bias_lr=7.7 bn_bias_lr=1 head_lr=1 main=0.8692, best_cooldown=0.9171
muon_lr=0.017 muon_momentum=0.7 whiten_bias_lr=0.13 bn_bias_lr=1.7 head_lr=280 -> tta_val_acc=0.9171
muon_lr=0.017 muon_momentum=0.7 whiten_bias_lr=0.078 bn_bias_lr=1.7 head_lr=280 -> tta_val_acc=0.9167
muon_lr=0.017 muon_momentum=0.7 whiten_bias_lr=0.22 bn_bias_lr=1.7 head_lr=280 -> tta_val_acc=0.917
search_path step=0 muon_lr=0.017 muon_momentum=0.7 whiten_bias_lr=0.13 bn_bias_lr=1.7 head_lr=280 tta_val_acc=0.9171
main hparams: muon_lr=0.078 muon_momentum=0.7 whiten_bias_lr=4.6 bn_bias_lr=0.6 head_lr=1 main=0.8683, best_cooldown=0.9174
muon_lr=0.017 muon_momentum=0.7 whiten_bias_lr=0.13 bn_bias_lr=1.7 head_lr=280 -> tta_val_acc=0.9173
muon_lr=0.017 muon_momentum=0.7 whiten_bias_lr=0.13 bn_bias_lr=1 head_lr=280 -> tta_val_acc=0.9174
muon_lr=0.017 muon_momentum=0.7 whiten_bias_lr=0.13 bn_bias_lr=0.6 head_lr=280 -> tta_val_acc=0.9172
search_path step=0 muon_lr=0.017 muon_momentum=0.7 whiten_bias_lr=0.13 bn_bias_lr=1.7 head_lr=280 tta_val_acc=0.9173
search_path step=1 muon_lr=0.017 muon_momentum=0.7 whiten_bias_lr=0.13 bn_bias_lr=1 head_lr=280 tta_val_acc=0.9174
main hparams: muon_lr=0.078 muon_momentum=0.7 whiten_bias_lr=4.6 bn_bias_lr=1.7 head_lr=1 main=0.8685, best_cooldown=0.9175
muon_lr=0.017 muon_momentum=0.7 whiten_bias_lr=0.13 bn_bias_lr=1.7 head_lr=280 -> tta_val_acc=0.9166
muon_lr=0.017 muon_momentum=0.7 whiten_bias_lr=0.13 bn_bias_lr=1 head_lr=280 -> tta_val_acc=0.9175
muon_lr=0.017 muon_momentum=0.7 whiten_bias_lr=0.13 bn_bias_lr=0.6 head_lr=280 -> tta_val_acc=0.9171
search_path step=0 muon_lr=0.017 muon_momentum=0.7 whiten_bias_lr=0.13 bn_bias_lr=1.7 head_lr=280 tta_val_acc=0.9166
search_path step=1 muon_lr=0.017 muon_momentum=0.7 whiten_bias_lr=0.13 bn_bias_lr=1 head_lr=280 tta_val_acc=0.9175
main hparams: muon_lr=0.078 muon_momentum=0.7 whiten_bias_lr=4.6 bn_bias_lr=1 head_lr=0.6 main=0.8676, best_cooldown=0.9185
muon_lr=0.017 muon_momentum=0.7 whiten_bias_lr=0.13 bn_bias_lr=1.7 head_lr=280 -> tta_val_acc=0.9185
muon_lr=0.017 muon_momentum=0.7 whiten_bias_lr=0.13 bn_bias_lr=1.7 head_lr=170 -> tta_val_acc=0.918
muon_lr=0.017 muon_momentum=0.7 whiten_bias_lr=0.13 bn_bias_lr=1.7 head_lr=460 -> tta_val_acc=0.9174
search_path step=0 muon_lr=0.017 muon_momentum=0.7 whiten_bias_lr=0.13 bn_bias_lr=1.7 head_lr=280 tta_val_acc=0.9185
main hparams: muon_lr=0.078 muon_momentum=0.7 whiten_bias_lr=4.6 bn_bias_lr=1 head_lr=0.36 main=0.868, best_cooldown=0.9167
muon_lr=0.017 muon_momentum=0.7 whiten_bias_lr=0.13 bn_bias_lr=1.7 head_lr=280 -> tta_val_acc=0.9162
muon_lr=0.017 muon_momentum=0.7 whiten_bias_lr=0.13 bn_bias_lr=1.7 head_lr=170 -> tta_val_acc=0.9165
muon_lr=0.017 muon_momentum=0.7 whiten_bias_lr=0.13 bn_bias_lr=1.7 head_lr=99 -> tta_val_acc=0.9167
muon_lr=0.017 muon_momentum=0.7 whiten_bias_lr=0.13 bn_bias_lr=1.7 head_lr=60 -> tta_val_acc=0.9164
search_path step=0 muon_lr=0.017 muon_momentum=0.7 whiten_bias_lr=0.13 bn_bias_lr=1.7 head_lr=280 tta_val_acc=0.9162
search_path step=1 muon_lr=0.017 muon_momentum=0.7 whiten_bias_lr=0.13 bn_bias_lr=1.7 head_lr=99 tta_val_acc=0.9167
main hparams: muon_lr=0.047 muon_momentum=0.7 whiten_bias_lr=4.6 bn_bias_lr=1 head_lr=0.6 main=0.8832, best_cooldown=0.9149
muon_lr=0.017 muon_momentum=0.7 whiten_bias_lr=0.13 bn_bias_lr=1.7 head_lr=280 -> tta_val_acc=0.9149
muon_lr=0.01 muon_momentum=0.7 whiten_bias_lr=0.13 bn_bias_lr=1.7 head_lr=280 -> tta_val_acc=0.9115
muon_lr=0.028 muon_momentum=0.7 whiten_bias_lr=0.13 bn_bias_lr=1.7 head_lr=280 -> tta_val_acc=0.9096
search_path step=0 muon_lr=0.017 muon_momentum=0.7 whiten_bias_lr=0.13 bn_bias_lr=1.7 head_lr=280 tta_val_acc=0.9149
main hparams: muon_lr=0.13 muon_momentum=0.7 whiten_bias_lr=4.6 bn_bias_lr=1 head_lr=0.6 main=0.8416, best_cooldown=0.9116
muon_lr=0.017 muon_momentum=0.7 whiten_bias_lr=0.13 bn_bias_lr=1.7 head_lr=280 -> tta_val_acc=0.9105
muon_lr=0.01 muon_momentum=0.7 whiten_bias_lr=0.13 bn_bias_lr=1.7 head_lr=280 -> tta_val_acc=0.9055
muon_lr=0.028 muon_momentum=0.7 whiten_bias_lr=0.13 bn_bias_lr=1.7 head_lr=280 -> tta_val_acc=0.9116
muon_lr=0.047 muon_momentum=0.7 whiten_bias_lr=0.13 bn_bias_lr=1.7 head_lr=280 -> tta_val_acc=0.9089
search_path step=0 muon_lr=0.017 muon_momentum=0.7 whiten_bias_lr=0.13 bn_bias_lr=1.7 head_lr=280 tta_val_acc=0.9105
search_path step=1 muon_lr=0.028 muon_momentum=0.7 whiten_bias_lr=0.13 bn_bias_lr=1.7 head_lr=280 tta_val_acc=0.9116
main hparams: muon_lr=0.078 muon_momentum=0.6 whiten_bias_lr=4.6 bn_bias_lr=1 head_lr=0.6 main=0.8681, best_cooldown=0.9158
muon_lr=0.017 muon_momentum=0.6 whiten_bias_lr=0.13 bn_bias_lr=1.7 head_lr=280 -> tta_val_acc=0.9158
muon_lr=0.01 muon_momentum=0.6 whiten_bias_lr=0.13 bn_bias_lr=1.7 head_lr=280 -> tta_val_acc=0.9146
muon_lr=0.028 muon_momentum=0.6 whiten_bias_lr=0.13 bn_bias_lr=1.7 head_lr=280 -> tta_val_acc=0.9143
search_path step=0 muon_lr=0.017 muon_momentum=0.6 whiten_bias_lr=0.13 bn_bias_lr=1.7 head_lr=280 tta_val_acc=0.9158
main hparams: muon_lr=0.078 muon_momentum=0.8 whiten_bias_lr=4.6 bn_bias_lr=1 head_lr=0.6 main=0.8641, best_cooldown=0.9133
muon_lr=0.017 muon_momentum=0.8 whiten_bias_lr=0.13 bn_bias_lr=1.7 head_lr=280 -> tta_val_acc=0.9133
muon_lr=0.01 muon_momentum=0.8 whiten_bias_lr=0.13 bn_bias_lr=1.7 head_lr=280 -> tta_val_acc=0.9098
muon_lr=0.028 muon_momentum=0.8 whiten_bias_lr=0.13 bn_bias_lr=1.7 head_lr=280 -> tta_val_acc=0.9091
search_path step=0 muon_lr=0.017 muon_momentum=0.8 whiten_bias_lr=0.13 bn_bias_lr=1.7 head_lr=280 tta_val_acc=0.9133
main hparams: muon_lr=0.078 muon_momentum=0.7 whiten_bias_lr=2.8 bn_bias_lr=1 head_lr=0.6 main=0.8681, best_cooldown=0.9182
muon_lr=0.017 muon_momentum=0.7 whiten_bias_lr=0.13 bn_bias_lr=1.7 head_lr=280 -> tta_val_acc=0.918
muon_lr=0.017 muon_momentum=0.7 whiten_bias_lr=0.078 bn_bias_lr=1.7 head_lr=280 -> tta_val_acc=0.9182
muon_lr=0.017 muon_momentum=0.7 whiten_bias_lr=0.047 bn_bias_lr=1.7 head_lr=280 -> tta_val_acc=0.9175
search_path step=0 muon_lr=0.017 muon_momentum=0.7 whiten_bias_lr=0.13 bn_bias_lr=1.7 head_lr=280 tta_val_acc=0.918
search_path step=1 muon_lr=0.017 muon_momentum=0.7 whiten_bias_lr=0.078 bn_bias_lr=1.7 head_lr=280 tta_val_acc=0.9182
main hparams: muon_lr=0.078 muon_momentum=0.7 whiten_bias_lr=7.7 bn_bias_lr=1 head_lr=0.6 main=0.8682, best_cooldown=0.9177
muon_lr=0.017 muon_momentum=0.7 whiten_bias_lr=0.13 bn_bias_lr=1.7 head_lr=280 -> tta_val_acc=0.9177
muon_lr=0.017 muon_momentum=0.7 whiten_bias_lr=0.078 bn_bias_lr=1.7 head_lr=280 -> tta_val_acc=0.9175
muon_lr=0.017 muon_momentum=0.7 whiten_bias_lr=0.22 bn_bias_lr=1.7 head_lr=280 -> tta_val_acc=0.9175
search_path step=0 muon_lr=0.017 muon_momentum=0.7 whiten_bias_lr=0.13 bn_bias_lr=1.7 head_lr=280 tta_val_acc=0.9177
main hparams: muon_lr=0.078 muon_momentum=0.7 whiten_bias_lr=4.6 bn_bias_lr=0.6 head_lr=0.6 main=0.867, best_cooldown=0.9172
muon_lr=0.017 muon_momentum=0.7 whiten_bias_lr=0.13 bn_bias_lr=1.7 head_lr=280 -> tta_val_acc=0.9161
muon_lr=0.017 muon_momentum=0.7 whiten_bias_lr=0.13 bn_bias_lr=1 head_lr=280 -> tta_val_acc=0.9161
muon_lr=0.017 muon_momentum=0.7 whiten_bias_lr=0.13 bn_bias_lr=0.6 head_lr=280 -> tta_val_acc=0.9153
muon_lr=0.017 muon_momentum=0.7 whiten_bias_lr=0.13 bn_bias_lr=2.8 head_lr=280 -> tta_val_acc=0.9172
muon_lr=0.017 muon_momentum=0.7 whiten_bias_lr=0.13 bn_bias_lr=4.6 head_lr=280 -> tta_val_acc=0.9163
search_path step=0 muon_lr=0.017 muon_momentum=0.7 whiten_bias_lr=0.13 bn_bias_lr=1.7 head_lr=280 tta_val_acc=0.9161
search_path step=1 muon_lr=0.017 muon_momentum=0.7 whiten_bias_lr=0.13 bn_bias_lr=2.8 head_lr=280 tta_val_acc=0.9172
main hparams: muon_lr=0.078 muon_momentum=0.7 whiten_bias_lr=4.6 bn_bias_lr=1.7 head_lr=0.6 main=0.8688, best_cooldown=0.9167
muon_lr=0.017 muon_momentum=0.7 whiten_bias_lr=0.13 bn_bias_lr=1.7 head_lr=280 -> tta_val_acc=0.9163
muon_lr=0.017 muon_momentum=0.7 whiten_bias_lr=0.13 bn_bias_lr=1 head_lr=280 -> tta_val_acc=0.9157
muon_lr=0.017 muon_momentum=0.7 whiten_bias_lr=0.13 bn_bias_lr=2.8 head_lr=280 -> tta_val_acc=0.9167
muon_lr=0.017 muon_momentum=0.7 whiten_bias_lr=0.13 bn_bias_lr=4.6 head_lr=280 -> tta_val_acc=0.9166
search_path step=0 muon_lr=0.017 muon_momentum=0.7 whiten_bias_lr=0.13 bn_bias_lr=1.7 head_lr=280 tta_val_acc=0.9163
search_path step=1 muon_lr=0.017 muon_momentum=0.7 whiten_bias_lr=0.13 bn_bias_lr=2.8 head_lr=280 tta_val_acc=0.9167
main hparams: muon_lr=0.078 muon_momentum=0.7 whiten_bias_lr=4.6 bn_bias_lr=1 head_lr=1 main=0.8692, best_cooldown=0.9174
muon_lr=0.017 muon_momentum=0.7 whiten_bias_lr=0.13 bn_bias_lr=1.7 head_lr=280 -> tta_val_acc=0.918
muon_lr=0.01 muon_momentum=0.7 whiten_bias_lr=0.13 bn_bias_lr=1.7 head_lr=280 -> tta_val_acc=0.9128
muon_lr=0.028 muon_momentum=0.7 whiten_bias_lr=0.13 bn_bias_lr=1.7 head_lr=280 -> tta_val_acc=0.9147
muon_lr=0.017 muon_momentum=0.7 whiten_bias_lr=0.13 bn_bias_lr=1.7 head_lr=170 -> tta_val_acc=0.9171
muon_lr=0.017 muon_momentum=0.7 whiten_bias_lr=0.13 bn_bias_lr=1.7 head_lr=99 -> tta_val_acc=0.9174
muon_lr=0.017 muon_momentum=0.7 whiten_bias_lr=0.13 bn_bias_lr=1.7 head_lr=60 -> tta_val_acc=0.9174
muon_lr=0.017 muon_momentum=0.7 whiten_bias_lr=0.13 bn_bias_lr=1.7 head_lr=36 -> tta_val_acc=0.9167
search_path step=0 muon_lr=0.028 muon_momentum=0.7 whiten_bias_lr=0.13 bn_bias_lr=1.7 head_lr=280 tta_val_acc=0.9147
search_path step=1 muon_lr=0.017 muon_momentum=0.7 whiten_bias_lr=0.13 bn_bias_lr=1.7 head_lr=60 tta_val_acc=0.9174
search_path step=0 muon_lr=0.22 muon_momentum=0.6 whiten_bias_lr=4.6 bn_bias_lr=1 head_lr=1 tta_val_acc=0.9066
search_path step=1 muon_lr=0.078 muon_momentum=0.6 whiten_bias_lr=4.6 bn_bias_lr=1 head_lr=1 tta_val_acc=0.9167
search_path step=2 muon_lr=0.078 muon_momentum=0.7 whiten_bias_lr=4.6 bn_bias_lr=1 head_lr=1 tta_val_acc=0.9174
search_path step=3 muon_lr=0.078 muon_momentum=0.7 whiten_bias_lr=4.6 bn_bias_lr=1 head_lr=0.6 tta_val_acc=0.9185
main hparams: muon_lr=0.078 muon_momentum=0.7 whiten_bias_lr=4.6 bn_bias_lr=1 head_lr=0.6 main=0.8676, best_cooldown=0.9185
muon_lr=0.017 muon_momentum=0.7 whiten_bias_lr=0.13 bn_bias_lr=1.7 head_lr=280 -> tta_val_acc=0.9185
muon_lr=0.01 muon_momentum=0.7 whiten_bias_lr=0.13 bn_bias_lr=1.7 head_lr=280 -> tta_val_acc=0.9141
muon_lr=0.028 muon_momentum=0.7 whiten_bias_lr=0.13 bn_bias_lr=1.7 head_lr=280 -> tta_val_acc=0.9148
muon_lr=0.017 muon_momentum=0.7 whiten_bias_lr=0.078 bn_bias_lr=1.7 head_lr=280 -> tta_val_acc=0.918
muon_lr=0.017 muon_momentum=0.7 whiten_bias_lr=0.22 bn_bias_lr=1.7 head_lr=280 -> tta_val_acc=0.9184
muon_lr=0.017 muon_momentum=0.7 whiten_bias_lr=0.13 bn_bias_lr=1 head_lr=280 -> tta_val_acc=0.9179
muon_lr=0.017 muon_momentum=0.7 whiten_bias_lr=0.13 bn_bias_lr=2.8 head_lr=280 -> tta_val_acc=0.9182
muon_lr=0.017 muon_momentum=0.7 whiten_bias_lr=0.13 bn_bias_lr=1.7 head_lr=170 -> tta_val_acc=0.918
muon_lr=0.017 muon_momentum=0.7 whiten_bias_lr=0.13 bn_bias_lr=1.7 head_lr=460 -> tta_val_acc=0.9174
search_path step=0 muon_lr=0.017 muon_momentum=0.7 whiten_bias_lr=0.13 bn_bias_lr=1.7 head_lr=280 tta_val_acc=0.9185
train_hparams run=0 interval=1 start_step=40 completed_steps=40 total_steps=200 muon_lr=0.078 muon_momentum=0.7 whiten_bias_lr=4.6 bn_bias_lr=1 head_lr=0.6 muon_nesterov=False
train_loss run=0 interval=1 step=41 loss=1.55246
train_loss run=0 interval=1 step=42 loss=1.49208
train_loss run=0 interval=1 step=43 loss=1.44255
train_loss run=0 interval=1 step=44 loss=1.44648
train_loss run=0 interval=1 step=45 loss=1.42872
train_loss run=0 interval=1 step=46 loss=1.42851
train_loss run=0 interval=1 step=47 loss=1.40873
train_loss run=0 interval=1 step=48 loss=1.40803
train_loss run=0 interval=1 step=49 loss=1.3985
train_loss run=0 interval=1 step=50 loss=1.39906
train_loss run=0 interval=1 step=51 loss=1.38261
train_loss run=0 interval=1 step=52 loss=1.39022
train_loss run=0 interval=1 step=53 loss=1.37623
train_loss run=0 interval=1 step=54 loss=1.37147
train_loss run=0 interval=1 step=55 loss=1.37416
train_loss run=0 interval=1 step=56 loss=1.37742
train_loss run=0 interval=1 step=57 loss=1.36385
train_loss run=0 interval=1 step=58 loss=1.36365
train_loss run=0 interval=1 step=59 loss=1.35283
train_loss run=0 interval=1 step=60 loss=1.35962
train_loss run=0 interval=1 step=61 loss=1.34775
train_loss run=0 interval=1 step=62 loss=1.35335
train_loss run=0 interval=1 step=63 loss=1.33865
train_loss run=0 interval=1 step=64 loss=1.34606
train_loss run=0 interval=1 step=65 loss=1.342
train_loss run=0 interval=1 step=66 loss=1.3493
train_loss run=0 interval=1 step=67 loss=1.33601
train_loss run=0 interval=1 step=68 loss=1.33516
train_loss run=0 interval=1 step=69 loss=1.34219
train_loss run=0 interval=1 step=70 loss=1.34044
train_loss run=0 interval=1 step=71 loss=1.338
train_loss run=0 interval=1 step=72 loss=1.33031
train_loss run=0 interval=1 step=73 loss=1.33942
train_loss run=0 interval=1 step=74 loss=1.33027
train_loss run=0 interval=1 step=75 loss=1.34657
train_loss run=0 interval=1 step=76 loss=1.30378
train_loss run=0 interval=1 step=77 loss=1.32522
train_loss run=0 interval=1 step=78 loss=1.312
train_loss run=0 interval=1 step=79 loss=1.30513
train_loss run=0 interval=1 step=80 loss=1.30059
interval_boundary_eval run=0 interval=1 step=80 total_steps=200 tta_val_acc=0.8676
main hparams: muon_lr=0.078 muon_momentum=0.7 whiten_bias_lr=4.6 bn_bias_lr=1 head_lr=0.6 main=0.8801, best_cooldown=0.9195
muon_lr=0.017 muon_momentum=0.7 whiten_bias_lr=0.13 bn_bias_lr=1.7 head_lr=280 -> tta_val_acc=0.9177
muon_lr=0.01 muon_momentum=0.7 whiten_bias_lr=0.13 bn_bias_lr=1.7 head_lr=280 -> tta_val_acc=0.9188
muon_lr=0.006 muon_momentum=0.7 whiten_bias_lr=0.13 bn_bias_lr=1.7 head_lr=280 -> tta_val_acc=0.917
muon_lr=0.01 muon_momentum=0.7 whiten_bias_lr=0.078 bn_bias_lr=1.7 head_lr=280 -> tta_val_acc=0.919
muon_lr=0.01 muon_momentum=0.7 whiten_bias_lr=0.047 bn_bias_lr=1.7 head_lr=280 -> tta_val_acc=0.9191
muon_lr=0.01 muon_momentum=0.7 whiten_bias_lr=0.028 bn_bias_lr=1.7 head_lr=280 -> tta_val_acc=0.9188
muon_lr=0.01 muon_momentum=0.7 whiten_bias_lr=0.047 bn_bias_lr=1 head_lr=280 -> tta_val_acc=0.919
muon_lr=0.01 muon_momentum=0.7 whiten_bias_lr=0.047 bn_bias_lr=2.8 head_lr=280 -> tta_val_acc=0.9191
muon_lr=0.01 muon_momentum=0.7 whiten_bias_lr=0.047 bn_bias_lr=4.6 head_lr=280 -> tta_val_acc=0.9195
muon_lr=0.01 muon_momentum=0.7 whiten_bias_lr=0.047 bn_bias_lr=7.7 head_lr=280 -> tta_val_acc=0.9192
muon_lr=0.01 muon_momentum=0.7 whiten_bias_lr=0.047 bn_bias_lr=4.6 head_lr=170 -> tta_val_acc=0.919
muon_lr=0.01 muon_momentum=0.7 whiten_bias_lr=0.047 bn_bias_lr=4.6 head_lr=460 -> tta_val_acc=0.9187
muon_lr=0.006 muon_momentum=0.7 whiten_bias_lr=0.047 bn_bias_lr=4.6 head_lr=280 -> tta_val_acc=0.9176
muon_lr=0.017 muon_momentum=0.7 whiten_bias_lr=0.047 bn_bias_lr=4.6 head_lr=280 -> tta_val_acc=0.9177
muon_lr=0.01 muon_momentum=0.7 whiten_bias_lr=0.028 bn_bias_lr=4.6 head_lr=280 -> tta_val_acc=0.9195
muon_lr=0.01 muon_momentum=0.7 whiten_bias_lr=0.017 bn_bias_lr=4.6 head_lr=280 -> tta_val_acc=0.9193
muon_lr=0.01 muon_momentum=0.7 whiten_bias_lr=0.078 bn_bias_lr=4.6 head_lr=280 -> tta_val_acc=0.9193
search_path step=0 muon_lr=0.017 muon_momentum=0.7 whiten_bias_lr=0.13 bn_bias_lr=1.7 head_lr=280 tta_val_acc=0.9177
search_path step=1 muon_lr=0.01 muon_momentum=0.7 whiten_bias_lr=0.13 bn_bias_lr=1.7 head_lr=280 tta_val_acc=0.9188
search_path step=2 muon_lr=0.01 muon_momentum=0.7 whiten_bias_lr=0.047 bn_bias_lr=1.7 head_lr=280 tta_val_acc=0.9191
search_path step=3 muon_lr=0.01 muon_momentum=0.7 whiten_bias_lr=0.047 bn_bias_lr=4.6 head_lr=280 tta_val_acc=0.9195
main hparams: muon_lr=0.078 muon_momentum=0.7 whiten_bias_lr=4.6 bn_bias_lr=1 head_lr=0.6 main=0.8801, best_cooldown=0.9195
main hparams: muon_lr=0.047 muon_momentum=0.7 whiten_bias_lr=4.6 bn_bias_lr=1 head_lr=0.6 main=0.8997, best_cooldown=0.9215
muon_lr=0.01 muon_momentum=0.7 whiten_bias_lr=0.047 bn_bias_lr=4.6 head_lr=280 -> tta_val_acc=0.9213
muon_lr=0.006 muon_momentum=0.7 whiten_bias_lr=0.047 bn_bias_lr=4.6 head_lr=280 -> tta_val_acc=0.9215
muon_lr=0.0036 muon_momentum=0.7 whiten_bias_lr=0.047 bn_bias_lr=4.6 head_lr=280 -> tta_val_acc=0.9189
search_path step=0 muon_lr=0.01 muon_momentum=0.7 whiten_bias_lr=0.047 bn_bias_lr=4.6 head_lr=280 tta_val_acc=0.9213
search_path step=1 muon_lr=0.006 muon_momentum=0.7 whiten_bias_lr=0.047 bn_bias_lr=4.6 head_lr=280 tta_val_acc=0.9215
main hparams: muon_lr=0.028 muon_momentum=0.7 whiten_bias_lr=4.6 bn_bias_lr=1 head_lr=0.6 main=0.9057, best_cooldown=0.9199
muon_lr=0.006 muon_momentum=0.7 whiten_bias_lr=0.047 bn_bias_lr=4.6 head_lr=280 -> tta_val_acc=0.9199
muon_lr=0.0036 muon_momentum=0.7 whiten_bias_lr=0.047 bn_bias_lr=4.6 head_lr=280 -> tta_val_acc=0.9191
muon_lr=0.01 muon_momentum=0.7 whiten_bias_lr=0.047 bn_bias_lr=4.6 head_lr=280 -> tta_val_acc=0.9196
search_path step=0 muon_lr=0.006 muon_momentum=0.7 whiten_bias_lr=0.047 bn_bias_lr=4.6 head_lr=280 tta_val_acc=0.9199
main hparams: muon_lr=0.047 muon_momentum=0.6 whiten_bias_lr=4.6 bn_bias_lr=1 head_lr=0.6 main=0.9007, best_cooldown=0.9211
muon_lr=0.006 muon_momentum=0.6 whiten_bias_lr=0.047 bn_bias_lr=4.6 head_lr=280 -> tta_val_acc=0.9211
muon_lr=0.0036 muon_momentum=0.6 whiten_bias_lr=0.047 bn_bias_lr=4.6 head_lr=280 -> tta_val_acc=0.9185
muon_lr=0.01 muon_momentum=0.6 whiten_bias_lr=0.047 bn_bias_lr=4.6 head_lr=280 -> tta_val_acc=0.9209
search_path step=0 muon_lr=0.006 muon_momentum=0.6 whiten_bias_lr=0.047 bn_bias_lr=4.6 head_lr=280 tta_val_acc=0.9211
main hparams: muon_lr=0.047 muon_momentum=0.8 whiten_bias_lr=4.6 bn_bias_lr=1 head_lr=0.6 main=0.8979, best_cooldown=0.9235
muon_lr=0.006 muon_momentum=0.8 whiten_bias_lr=0.047 bn_bias_lr=4.6 head_lr=280 -> tta_val_acc=0.9223
muon_lr=0.0036 muon_momentum=0.8 whiten_bias_lr=0.047 bn_bias_lr=4.6 head_lr=280 -> tta_val_acc=0.9197
muon_lr=0.01 muon_momentum=0.8 whiten_bias_lr=0.047 bn_bias_lr=4.6 head_lr=280 -> tta_val_acc=0.9235
muon_lr=0.017 muon_momentum=0.8 whiten_bias_lr=0.047 bn_bias_lr=4.6 head_lr=280 -> tta_val_acc=0.9182
search_path step=0 muon_lr=0.006 muon_momentum=0.8 whiten_bias_lr=0.047 bn_bias_lr=4.6 head_lr=280 tta_val_acc=0.9223
search_path step=1 muon_lr=0.01 muon_momentum=0.8 whiten_bias_lr=0.047 bn_bias_lr=4.6 head_lr=280 tta_val_acc=0.9235
main hparams: muon_lr=0.047 muon_momentum=0.9 whiten_bias_lr=4.6 bn_bias_lr=1 head_lr=0.6 main=0.8892, best_cooldown=0.9201
muon_lr=0.01 muon_momentum=0.9 whiten_bias_lr=0.047 bn_bias_lr=4.6 head_lr=280 -> tta_val_acc=0.9201
muon_lr=0.006 muon_momentum=0.9 whiten_bias_lr=0.047 bn_bias_lr=4.6 head_lr=280 -> tta_val_acc=0.9174
muon_lr=0.017 muon_momentum=0.9 whiten_bias_lr=0.047 bn_bias_lr=4.6 head_lr=280 -> tta_val_acc=0.9164
search_path step=0 muon_lr=0.01 muon_momentum=0.9 whiten_bias_lr=0.047 bn_bias_lr=4.6 head_lr=280 tta_val_acc=0.9201
main hparams: muon_lr=0.047 muon_momentum=0.8 whiten_bias_lr=2.8 bn_bias_lr=1 head_lr=0.6 main=0.8966, best_cooldown=0.9218
muon_lr=0.01 muon_momentum=0.8 whiten_bias_lr=0.047 bn_bias_lr=4.6 head_lr=280 -> tta_val_acc=0.9218
muon_lr=0.01 muon_momentum=0.8 whiten_bias_lr=0.028 bn_bias_lr=4.6 head_lr=280 -> tta_val_acc=0.9217
muon_lr=0.01 muon_momentum=0.8 whiten_bias_lr=0.078 bn_bias_lr=4.6 head_lr=280 -> tta_val_acc=0.9217
search_path step=0 muon_lr=0.01 muon_momentum=0.8 whiten_bias_lr=0.047 bn_bias_lr=4.6 head_lr=280 tta_val_acc=0.9218
main hparams: muon_lr=0.047 muon_momentum=0.8 whiten_bias_lr=7.7 bn_bias_lr=1 head_lr=0.6 main=0.8965, best_cooldown=0.9238
muon_lr=0.01 muon_momentum=0.8 whiten_bias_lr=0.047 bn_bias_lr=4.6 head_lr=280 -> tta_val_acc=0.9235
muon_lr=0.01 muon_momentum=0.8 whiten_bias_lr=0.028 bn_bias_lr=4.6 head_lr=280 -> tta_val_acc=0.9234
muon_lr=0.01 muon_momentum=0.8 whiten_bias_lr=0.078 bn_bias_lr=4.6 head_lr=280 -> tta_val_acc=0.9238
muon_lr=0.01 muon_momentum=0.8 whiten_bias_lr=0.13 bn_bias_lr=4.6 head_lr=280 -> tta_val_acc=0.9234
search_path step=0 muon_lr=0.01 muon_momentum=0.8 whiten_bias_lr=0.047 bn_bias_lr=4.6 head_lr=280 tta_val_acc=0.9235
search_path step=1 muon_lr=0.01 muon_momentum=0.8 whiten_bias_lr=0.078 bn_bias_lr=4.6 head_lr=280 tta_val_acc=0.9238
main hparams: muon_lr=0.047 muon_momentum=0.8 whiten_bias_lr=13 bn_bias_lr=1 head_lr=0.6 main=0.8965, best_cooldown=0.9232
muon_lr=0.01 muon_momentum=0.8 whiten_bias_lr=0.078 bn_bias_lr=4.6 head_lr=280 -> tta_val_acc=0.9231
muon_lr=0.01 muon_momentum=0.8 whiten_bias_lr=0.047 bn_bias_lr=4.6 head_lr=280 -> tta_val_acc=0.9232
muon_lr=0.01 muon_momentum=0.8 whiten_bias_lr=0.028 bn_bias_lr=4.6 head_lr=280 -> tta_val_acc=0.9227
search_path step=0 muon_lr=0.01 muon_momentum=0.8 whiten_bias_lr=0.078 bn_bias_lr=4.6 head_lr=280 tta_val_acc=0.9231
search_path step=1 muon_lr=0.01 muon_momentum=0.8 whiten_bias_lr=0.047 bn_bias_lr=4.6 head_lr=280 tta_val_acc=0.9232
main hparams: muon_lr=0.047 muon_momentum=0.8 whiten_bias_lr=7.7 bn_bias_lr=0.6 head_lr=0.6 main=0.8984, best_cooldown=0.9233
muon_lr=0.01 muon_momentum=0.8 whiten_bias_lr=0.078 bn_bias_lr=4.6 head_lr=280 -> tta_val_acc=0.9233
muon_lr=0.01 muon_momentum=0.8 whiten_bias_lr=0.078 bn_bias_lr=2.8 head_lr=280 -> tta_val_acc=0.9229
muon_lr=0.01 muon_momentum=0.8 whiten_bias_lr=0.078 bn_bias_lr=7.7 head_lr=280 -> tta_val_acc=0.9232
search_path step=0 muon_lr=0.01 muon_momentum=0.8 whiten_bias_lr=0.078 bn_bias_lr=4.6 head_lr=280 tta_val_acc=0.9233
main hparams: muon_lr=0.047 muon_momentum=0.8 whiten_bias_lr=7.7 bn_bias_lr=1.7 head_lr=0.6 main=0.8973, best_cooldown=0.923
muon_lr=0.01 muon_momentum=0.8 whiten_bias_lr=0.078 bn_bias_lr=4.6 head_lr=280 -> tta_val_acc=0.923
muon_lr=0.01 muon_momentum=0.8 whiten_bias_lr=0.078 bn_bias_lr=2.8 head_lr=280 -> tta_val_acc=0.9228
muon_lr=0.01 muon_momentum=0.8 whiten_bias_lr=0.078 bn_bias_lr=7.7 head_lr=280 -> tta_val_acc=0.9221
search_path step=0 muon_lr=0.01 muon_momentum=0.8 whiten_bias_lr=0.078 bn_bias_lr=4.6 head_lr=280 tta_val_acc=0.923
main hparams: muon_lr=0.047 muon_momentum=0.8 whiten_bias_lr=7.7 bn_bias_lr=1 head_lr=0.36 main=0.8974, best_cooldown=0.9237
muon_lr=0.01 muon_momentum=0.8 whiten_bias_lr=0.078 bn_bias_lr=4.6 head_lr=280 -> tta_val_acc=0.9231
muon_lr=0.01 muon_momentum=0.8 whiten_bias_lr=0.078 bn_bias_lr=4.6 head_lr=170 -> tta_val_acc=0.9231
muon_lr=0.01 muon_momentum=0.8 whiten_bias_lr=0.078 bn_bias_lr=4.6 head_lr=99 -> tta_val_acc=0.9237
muon_lr=0.01 muon_momentum=0.8 whiten_bias_lr=0.078 bn_bias_lr=4.6 head_lr=60 -> tta_val_acc=0.9236
search_path step=0 muon_lr=0.01 muon_momentum=0.8 whiten_bias_lr=0.078 bn_bias_lr=4.6 head_lr=280 tta_val_acc=0.9231
search_path step=1 muon_lr=0.01 muon_momentum=0.8 whiten_bias_lr=0.078 bn_bias_lr=4.6 head_lr=99 tta_val_acc=0.9237
main hparams: muon_lr=0.047 muon_momentum=0.8 whiten_bias_lr=7.7 bn_bias_lr=1 head_lr=1 main=0.8982, best_cooldown=0.9235
muon_lr=0.01 muon_momentum=0.8 whiten_bias_lr=0.078 bn_bias_lr=4.6 head_lr=280 -> tta_val_acc=0.923
muon_lr=0.01 muon_momentum=0.8 whiten_bias_lr=0.078 bn_bias_lr=4.6 head_lr=170 -> tta_val_acc=0.9235
muon_lr=0.01 muon_momentum=0.8 whiten_bias_lr=0.078 bn_bias_lr=4.6 head_lr=99 -> tta_val_acc=0.9235
muon_lr=0.01 muon_momentum=0.8 whiten_bias_lr=0.078 bn_bias_lr=4.6 head_lr=60 -> tta_val_acc=0.9232
search_path step=0 muon_lr=0.01 muon_momentum=0.8 whiten_bias_lr=0.078 bn_bias_lr=4.6 head_lr=280 tta_val_acc=0.923
search_path step=1 muon_lr=0.01 muon_momentum=0.8 whiten_bias_lr=0.078 bn_bias_lr=4.6 head_lr=99 tta_val_acc=0.9235
main hparams: muon_lr=0.028 muon_momentum=0.8 whiten_bias_lr=7.7 bn_bias_lr=1 head_lr=0.6 main=0.9059, best_cooldown=0.9223
muon_lr=0.01 muon_momentum=0.8 whiten_bias_lr=0.078 bn_bias_lr=4.6 head_lr=280 -> tta_val_acc=0.9215
muon_lr=0.006 muon_momentum=0.8 whiten_bias_lr=0.078 bn_bias_lr=4.6 head_lr=280 -> tta_val_acc=0.9223
muon_lr=0.0036 muon_momentum=0.8 whiten_bias_lr=0.078 bn_bias_lr=4.6 head_lr=280 -> tta_val_acc=0.9213
search_path step=0 muon_lr=0.01 muon_momentum=0.8 whiten_bias_lr=0.078 bn_bias_lr=4.6 head_lr=280 tta_val_acc=0.9215
search_path step=1 muon_lr=0.006 muon_momentum=0.8 whiten_bias_lr=0.078 bn_bias_lr=4.6 head_lr=280 tta_val_acc=0.9223
main hparams: muon_lr=0.078 muon_momentum=0.8 whiten_bias_lr=7.7 bn_bias_lr=1 head_lr=0.6 main=0.88, best_cooldown=0.9186
muon_lr=0.01 muon_momentum=0.8 whiten_bias_lr=0.078 bn_bias_lr=4.6 head_lr=280 -> tta_val_acc=0.9185
muon_lr=0.006 muon_momentum=0.8 whiten_bias_lr=0.078 bn_bias_lr=4.6 head_lr=280 -> tta_val_acc=0.9145
muon_lr=0.017 muon_momentum=0.8 whiten_bias_lr=0.078 bn_bias_lr=4.6 head_lr=280 -> tta_val_acc=0.9186
muon_lr=0.028 muon_momentum=0.8 whiten_bias_lr=0.078 bn_bias_lr=4.6 head_lr=280 -> tta_val_acc=0.9124
search_path step=0 muon_lr=0.01 muon_momentum=0.8 whiten_bias_lr=0.078 bn_bias_lr=4.6 head_lr=280 tta_val_acc=0.9185
search_path step=1 muon_lr=0.017 muon_momentum=0.8 whiten_bias_lr=0.078 bn_bias_lr=4.6 head_lr=280 tta_val_acc=0.9186
main hparams: muon_lr=0.047 muon_momentum=0.7 whiten_bias_lr=7.7 bn_bias_lr=1 head_lr=0.6 main=0.8992, best_cooldown=0.9212
muon_lr=0.01 muon_momentum=0.7 whiten_bias_lr=0.078 bn_bias_lr=4.6 head_lr=280 -> tta_val_acc=0.9202
muon_lr=0.006 muon_momentum=0.7 whiten_bias_lr=0.078 bn_bias_lr=4.6 head_lr=280 -> tta_val_acc=0.9212
muon_lr=0.0036 muon_momentum=0.7 whiten_bias_lr=0.078 bn_bias_lr=4.6 head_lr=280 -> tta_val_acc=0.9193
search_path step=0 muon_lr=0.01 muon_momentum=0.7 whiten_bias_lr=0.078 bn_bias_lr=4.6 head_lr=280 tta_val_acc=0.9202
search_path step=1 muon_lr=0.006 muon_momentum=0.7 whiten_bias_lr=0.078 bn_bias_lr=4.6 head_lr=280 tta_val_acc=0.9212
main hparams: muon_lr=0.047 muon_momentum=0.9 whiten_bias_lr=7.7 bn_bias_lr=1 head_lr=0.6 main=0.8884, best_cooldown=0.9203
muon_lr=0.01 muon_momentum=0.9 whiten_bias_lr=0.078 bn_bias_lr=4.6 head_lr=280 -> tta_val_acc=0.9203
muon_lr=0.006 muon_momentum=0.9 whiten_bias_lr=0.078 bn_bias_lr=4.6 head_lr=280 -> tta_val_acc=0.918
muon_lr=0.017 muon_momentum=0.9 whiten_bias_lr=0.078 bn_bias_lr=4.6 head_lr=280 -> tta_val_acc=0.9175
search_path step=0 muon_lr=0.01 muon_momentum=0.9 whiten_bias_lr=0.078 bn_bias_lr=4.6 head_lr=280 tta_val_acc=0.9203
main hparams: muon_lr=0.047 muon_momentum=0.8 whiten_bias_lr=4.6 bn_bias_lr=1 head_lr=0.6 main=0.8979, best_cooldown=0.9237
muon_lr=0.006 muon_momentum=0.8 whiten_bias_lr=0.047 bn_bias_lr=4.6 head_lr=280 -> tta_val_acc=0.9223
muon_lr=0.0036 muon_momentum=0.8 whiten_bias_lr=0.047 bn_bias_lr=4.6 head_lr=280 -> tta_val_acc=0.9197
muon_lr=0.01 muon_momentum=0.8 whiten_bias_lr=0.047 bn_bias_lr=4.6 head_lr=280 -> tta_val_acc=0.9235
muon_lr=0.017 muon_momentum=0.8 whiten_bias_lr=0.047 bn_bias_lr=4.6 head_lr=280 -> tta_val_acc=0.9182
muon_lr=0.01 muon_momentum=0.8 whiten_bias_lr=0.078 bn_bias_lr=4.6 head_lr=280 -> tta_val_acc=0.9237
muon_lr=0.01 muon_momentum=0.8 whiten_bias_lr=0.13 bn_bias_lr=4.6 head_lr=280 -> tta_val_acc=0.9237
muon_lr=0.01 muon_momentum=0.8 whiten_bias_lr=0.22 bn_bias_lr=4.6 head_lr=280 -> tta_val_acc=0.9237
muon_lr=0.01 muon_momentum=0.8 whiten_bias_lr=0.36 bn_bias_lr=4.6 head_lr=280 -> tta_val_acc=0.9236
search_path step=0 muon_lr=0.01 muon_momentum=0.8 whiten_bias_lr=0.078 bn_bias_lr=4.6 head_lr=280 tta_val_acc=0.9237
search_path step=0 muon_lr=0.078 muon_momentum=0.7 whiten_bias_lr=4.6 bn_bias_lr=1 head_lr=0.6 tta_val_acc=0.9195
search_path step=1 muon_lr=0.047 muon_momentum=0.7 whiten_bias_lr=4.6 bn_bias_lr=1 head_lr=0.6 tta_val_acc=0.9215
search_path step=2 muon_lr=0.047 muon_momentum=0.8 whiten_bias_lr=4.6 bn_bias_lr=1 head_lr=0.6 tta_val_acc=0.9237
search_path step=3 muon_lr=0.047 muon_momentum=0.8 whiten_bias_lr=7.7 bn_bias_lr=1 head_lr=0.6 tta_val_acc=0.9238
main hparams: muon_lr=0.047 muon_momentum=0.8 whiten_bias_lr=7.7 bn_bias_lr=1 head_lr=0.6 main=0.8965, best_cooldown=0.9238
muon_lr=0.01 muon_momentum=0.8 whiten_bias_lr=0.078 bn_bias_lr=4.6 head_lr=280 -> tta_val_acc=0.9238
muon_lr=0.006 muon_momentum=0.8 whiten_bias_lr=0.078 bn_bias_lr=4.6 head_lr=280 -> tta_val_acc=0.9221
muon_lr=0.017 muon_momentum=0.8 whiten_bias_lr=0.078 bn_bias_lr=4.6 head_lr=280 -> tta_val_acc=0.9184
muon_lr=0.01 muon_momentum=0.8 whiten_bias_lr=0.047 bn_bias_lr=4.6 head_lr=280 -> tta_val_acc=0.9235
muon_lr=0.01 muon_momentum=0.8 whiten_bias_lr=0.13 bn_bias_lr=4.6 head_lr=280 -> tta_val_acc=0.9234
muon_lr=0.01 muon_momentum=0.8 whiten_bias_lr=0.078 bn_bias_lr=2.8 head_lr=280 -> tta_val_acc=0.9236
muon_lr=0.01 muon_momentum=0.8 whiten_bias_lr=0.078 bn_bias_lr=7.7 head_lr=280 -> tta_val_acc=0.9229
muon_lr=0.01 muon_momentum=0.8 whiten_bias_lr=0.078 bn_bias_lr=4.6 head_lr=170 -> tta_val_acc=0.9237
muon_lr=0.01 muon_momentum=0.8 whiten_bias_lr=0.078 bn_bias_lr=4.6 head_lr=460 -> tta_val_acc=0.922
search_path step=0 muon_lr=0.01 muon_momentum=0.8 whiten_bias_lr=0.078 bn_bias_lr=4.6 head_lr=280 tta_val_acc=0.9238
train_hparams run=0 interval=2 start_step=80 completed_steps=40 total_steps=200 muon_lr=0.047 muon_momentum=0.8 whiten_bias_lr=7.7 bn_bias_lr=1 head_lr=0.6 muon_nesterov=False
train_loss run=0 interval=2 step=81 loss=1.30448
train_loss run=0 interval=2 step=82 loss=1.29194
train_loss run=0 interval=2 step=83 loss=1.28863
train_loss run=0 interval=2 step=84 loss=1.28784
train_loss run=0 interval=2 step=85 loss=1.28789
train_loss run=0 interval=2 step=86 loss=1.2794
train_loss run=0 interval=2 step=87 loss=1.28549
train_loss run=0 interval=2 step=88 loss=1.27951
train_loss run=0 interval=2 step=89 loss=1.26167
train_loss run=0 interval=2 step=90 loss=1.27791
train_loss run=0 interval=2 step=91 loss=1.26178
train_loss run=0 interval=2 step=92 loss=1.27383
train_loss run=0 interval=2 step=93 loss=1.26939
train_loss run=0 interval=2 step=94 loss=1.28018
train_loss run=0 interval=2 step=95 loss=1.27376
train_loss run=0 interval=2 step=96 loss=1.26503
train_loss run=0 interval=2 step=97 loss=1.26418
train_loss run=0 interval=2 step=98 loss=1.26622
train_loss run=0 interval=2 step=99 loss=1.26548
train_loss run=0 interval=2 step=100 loss=1.26958
train_loss run=0 interval=2 step=101 loss=1.23402
train_loss run=0 interval=2 step=102 loss=1.24772
train_loss run=0 interval=2 step=103 loss=1.2394
train_loss run=0 interval=2 step=104 loss=1.2499
train_loss run=0 interval=2 step=105 loss=1.23334
train_loss run=0 interval=2 step=106 loss=1.24958
train_loss run=0 interval=2 step=107 loss=1.24148
train_loss run=0 interval=2 step=108 loss=1.24225
train_loss run=0 interval=2 step=109 loss=1.23717
train_loss run=0 interval=2 step=110 loss=1.24063
train_loss run=0 interval=2 step=111 loss=1.24136
train_loss run=0 interval=2 step=112 loss=1.22758
train_loss run=0 interval=2 step=113 loss=1.24989
train_loss run=0 interval=2 step=114 loss=1.23091
train_loss run=0 interval=2 step=115 loss=1.23078
train_loss run=0 interval=2 step=116 loss=1.23569
train_loss run=0 interval=2 step=117 loss=1.23311
train_loss run=0 interval=2 step=118 loss=1.22376
train_loss run=0 interval=2 step=119 loss=1.23188
train_loss run=0 interval=2 step=120 loss=1.21846
interval_boundary_eval run=0 interval=2 step=120 total_steps=200 tta_val_acc=0.8965
main hparams: muon_lr=0.047 muon_momentum=0.8 whiten_bias_lr=7.7 bn_bias_lr=1 head_lr=0.6 main=0.904, best_cooldown=0.9256
muon_lr=0.01 muon_momentum=0.8 whiten_bias_lr=0.078 bn_bias_lr=4.6 head_lr=280 -> tta_val_acc=0.9244
muon_lr=0.006 muon_momentum=0.8 whiten_bias_lr=0.078 bn_bias_lr=4.6 head_lr=280 -> tta_val_acc=0.9237
muon_lr=0.017 muon_momentum=0.8 whiten_bias_lr=0.078 bn_bias_lr=4.6 head_lr=280 -> tta_val_acc=0.9222
muon_lr=0.01 muon_momentum=0.8 whiten_bias_lr=0.047 bn_bias_lr=4.6 head_lr=280 -> tta_val_acc=0.9242
muon_lr=0.01 muon_momentum=0.8 whiten_bias_lr=0.13 bn_bias_lr=4.6 head_lr=280 -> tta_val_acc=0.9241
muon_lr=0.01 muon_momentum=0.8 whiten_bias_lr=0.078 bn_bias_lr=2.8 head_lr=280 -> tta_val_acc=0.9239
muon_lr=0.01 muon_momentum=0.8 whiten_bias_lr=0.078 bn_bias_lr=7.7 head_lr=280 -> tta_val_acc=0.9242
muon_lr=0.01 muon_momentum=0.8 whiten_bias_lr=0.078 bn_bias_lr=4.6 head_lr=170 -> tta_val_acc=0.9241
muon_lr=0.01 muon_momentum=0.8 whiten_bias_lr=0.078 bn_bias_lr=4.6 head_lr=460 -> tta_val_acc=0.9245
muon_lr=0.01 muon_momentum=0.8 whiten_bias_lr=0.078 bn_bias_lr=4.6 head_lr=770 -> tta_val_acc=0.9242
muon_lr=0.006 muon_momentum=0.8 whiten_bias_lr=0.078 bn_bias_lr=4.6 head_lr=460 -> tta_val_acc=0.924
muon_lr=0.017 muon_momentum=0.8 whiten_bias_lr=0.078 bn_bias_lr=4.6 head_lr=460 -> tta_val_acc=0.9232
muon_lr=0.01 muon_momentum=0.8 whiten_bias_lr=0.047 bn_bias_lr=4.6 head_lr=460 -> tta_val_acc=0.925
muon_lr=0.01 muon_momentum=0.8 whiten_bias_lr=0.028 bn_bias_lr=4.6 head_lr=460 -> tta_val_acc=0.9245
muon_lr=0.01 muon_momentum=0.8 whiten_bias_lr=0.047 bn_bias_lr=2.8 head_lr=460 -> tta_val_acc=0.9256
muon_lr=0.01 muon_momentum=0.8 whiten_bias_lr=0.047 bn_bias_lr=1.7 head_lr=460 -> tta_val_acc=0.9242
muon_lr=0.01 muon_momentum=0.8 whiten_bias_lr=0.047 bn_bias_lr=2.8 head_lr=280 -> tta_val_acc=0.9241
muon_lr=0.01 muon_momentum=0.8 whiten_bias_lr=0.047 bn_bias_lr=2.8 head_lr=770 -> tta_val_acc=0.9241
muon_lr=0.006 muon_momentum=0.8 whiten_bias_lr=0.047 bn_bias_lr=2.8 head_lr=460 -> tta_val_acc=0.9236
muon_lr=0.017 muon_momentum=0.8 whiten_bias_lr=0.047 bn_bias_lr=2.8 head_lr=460 -> tta_val_acc=0.9225
muon_lr=0.01 muon_momentum=0.8 whiten_bias_lr=0.028 bn_bias_lr=2.8 head_lr=460 -> tta_val_acc=0.9254
muon_lr=0.01 muon_momentum=0.8 whiten_bias_lr=0.078 bn_bias_lr=2.8 head_lr=460 -> tta_val_acc=0.9253
search_path step=0 muon_lr=0.01 muon_momentum=0.8 whiten_bias_lr=0.078 bn_bias_lr=4.6 head_lr=280 tta_val_acc=0.9244
search_path step=1 muon_lr=0.01 muon_momentum=0.8 whiten_bias_lr=0.078 bn_bias_lr=4.6 head_lr=460 tta_val_acc=0.9245
search_path step=2 muon_lr=0.01 muon_momentum=0.8 whiten_bias_lr=0.047 bn_bias_lr=4.6 head_lr=460 tta_val_acc=0.925
search_path step=3 muon_lr=0.01 muon_momentum=0.8 whiten_bias_lr=0.047 bn_bias_lr=2.8 head_lr=460 tta_val_acc=0.9256
main hparams: muon_lr=0.047 muon_momentum=0.8 whiten_bias_lr=7.7 bn_bias_lr=1 head_lr=0.6 main=0.904, best_cooldown=0.9256
main hparams: muon_lr=0.028 muon_momentum=0.8 whiten_bias_lr=7.7 bn_bias_lr=1 head_lr=0.6 main=0.9083, best_cooldown=0.9259
muon_lr=0.01 muon_momentum=0.8 whiten_bias_lr=0.047 bn_bias_lr=2.8 head_lr=460 -> tta_val_acc=0.9259
muon_lr=0.006 muon_momentum=0.8 whiten_bias_lr=0.047 bn_bias_lr=2.8 head_lr=460 -> tta_val_acc=0.9258
muon_lr=0.017 muon_momentum=0.8 whiten_bias_lr=0.047 bn_bias_lr=2.8 head_lr=460 -> tta_val_acc=0.9236
search_path step=0 muon_lr=0.01 muon_momentum=0.8 whiten_bias_lr=0.047 bn_bias_lr=2.8 head_lr=460 tta_val_acc=0.9259
main hparams: muon_lr=0.017 muon_momentum=0.8 whiten_bias_lr=7.7 bn_bias_lr=1 head_lr=0.6 main=0.9156, best_cooldown=0.9258
muon_lr=0.01 muon_momentum=0.8 whiten_bias_lr=0.047 bn_bias_lr=2.8 head_lr=460 -> tta_val_acc=0.9258
muon_lr=0.006 muon_momentum=0.8 whiten_bias_lr=0.047 bn_bias_lr=2.8 head_lr=460 -> tta_val_acc=0.9257
muon_lr=0.017 muon_momentum=0.8 whiten_bias_lr=0.047 bn_bias_lr=2.8 head_lr=460 -> tta_val_acc=0.9232
search_path step=0 muon_lr=0.01 muon_momentum=0.8 whiten_bias_lr=0.047 bn_bias_lr=2.8 head_lr=460 tta_val_acc=0.9258
main hparams: muon_lr=0.028 muon_momentum=0.7 whiten_bias_lr=7.7 bn_bias_lr=1 head_lr=0.6 main=0.9121, best_cooldown=0.9262
muon_lr=0.01 muon_momentum=0.7 whiten_bias_lr=0.047 bn_bias_lr=2.8 head_lr=460 -> tta_val_acc=0.9262
muon_lr=0.006 muon_momentum=0.7 whiten_bias_lr=0.047 bn_bias_lr=2.8 head_lr=460 -> tta_val_acc=0.9261
muon_lr=0.017 muon_momentum=0.7 whiten_bias_lr=0.047 bn_bias_lr=2.8 head_lr=460 -> tta_val_acc=0.9255
search_path step=0 muon_lr=0.01 muon_momentum=0.7 whiten_bias_lr=0.047 bn_bias_lr=2.8 head_lr=460 tta_val_acc=0.9262
main hparams: muon_lr=0.028 muon_momentum=0.6 whiten_bias_lr=7.7 bn_bias_lr=1 head_lr=0.6 main=0.914, best_cooldown=0.9257
muon_lr=0.01 muon_momentum=0.6 whiten_bias_lr=0.047 bn_bias_lr=2.8 head_lr=460 -> tta_val_acc=0.9257
muon_lr=0.006 muon_momentum=0.6 whiten_bias_lr=0.047 bn_bias_lr=2.8 head_lr=460 -> tta_val_acc=0.9246
muon_lr=0.017 muon_momentum=0.6 whiten_bias_lr=0.047 bn_bias_lr=2.8 head_lr=460 -> tta_val_acc=0.925
search_path step=0 muon_lr=0.01 muon_momentum=0.6 whiten_bias_lr=0.047 bn_bias_lr=2.8 head_lr=460 tta_val_acc=0.9257
main hparams: muon_lr=0.028 muon_momentum=0.7 whiten_bias_lr=4.6 bn_bias_lr=1 head_lr=0.6 main=0.9127, best_cooldown=0.9271
muon_lr=0.01 muon_momentum=0.7 whiten_bias_lr=0.047 bn_bias_lr=2.8 head_lr=460 -> tta_val_acc=0.9267
muon_lr=0.01 muon_momentum=0.7 whiten_bias_lr=0.028 bn_bias_lr=2.8 head_lr=460 -> tta_val_acc=0.9271
muon_lr=0.01 muon_momentum=0.7 whiten_bias_lr=0.017 bn_bias_lr=2.8 head_lr=460 -> tta_val_acc=0.9266
search_path step=0 muon_lr=0.01 muon_momentum=0.7 whiten_bias_lr=0.047 bn_bias_lr=2.8 head_lr=460 tta_val_acc=0.9267
search_path step=1 muon_lr=0.01 muon_momentum=0.7 whiten_bias_lr=0.028 bn_bias_lr=2.8 head_lr=460 tta_val_acc=0.9271
main hparams: muon_lr=0.028 muon_momentum=0.7 whiten_bias_lr=2.8 bn_bias_lr=1 head_lr=0.6 main=0.9124, best_cooldown=0.9264
muon_lr=0.01 muon_momentum=0.7 whiten_bias_lr=0.028 bn_bias_lr=2.8 head_lr=460 -> tta_val_acc=0.9261
muon_lr=0.01 muon_momentum=0.7 whiten_bias_lr=0.017 bn_bias_lr=2.8 head_lr=460 -> tta_val_acc=0.9264
muon_lr=0.01 muon_momentum=0.7 whiten_bias_lr=0.01 bn_bias_lr=2.8 head_lr=460 -> tta_val_acc=0.9262
search_path step=0 muon_lr=0.01 muon_momentum=0.7 whiten_bias_lr=0.028 bn_bias_lr=2.8 head_lr=460 tta_val_acc=0.9261
search_path step=1 muon_lr=0.01 muon_momentum=0.7 whiten_bias_lr=0.017 bn_bias_lr=2.8 head_lr=460 tta_val_acc=0.9264
main hparams: muon_lr=0.028 muon_momentum=0.7 whiten_bias_lr=4.6 bn_bias_lr=0.6 head_lr=0.6 main=0.9127, best_cooldown=0.9267
muon_lr=0.01 muon_momentum=0.7 whiten_bias_lr=0.028 bn_bias_lr=2.8 head_lr=460 -> tta_val_acc=0.9257
muon_lr=0.01 muon_momentum=0.7 whiten_bias_lr=0.028 bn_bias_lr=1.7 head_lr=460 -> tta_val_acc=0.926
muon_lr=0.01 muon_momentum=0.7 whiten_bias_lr=0.028 bn_bias_lr=1 head_lr=460 -> tta_val_acc=0.9263
muon_lr=0.01 muon_momentum=0.7 whiten_bias_lr=0.028 bn_bias_lr=0.6 head_lr=460 -> tta_val_acc=0.9263
muon_lr=0.01 muon_momentum=0.7 whiten_bias_lr=0.028 bn_bias_lr=0.36 head_lr=460 -> tta_val_acc=0.9267
muon_lr=0.01 muon_momentum=0.7 whiten_bias_lr=0.028 bn_bias_lr=0.22 head_lr=460 -> tta_val_acc=0.9267
muon_lr=0.01 muon_momentum=0.7 whiten_bias_lr=0.028 bn_bias_lr=0.13 head_lr=460 -> tta_val_acc=0.9266
search_path step=0 muon_lr=0.01 muon_momentum=0.7 whiten_bias_lr=0.028 bn_bias_lr=2.8 head_lr=460 tta_val_acc=0.9257
search_path step=1 muon_lr=0.01 muon_momentum=0.7 whiten_bias_lr=0.028 bn_bias_lr=0.36 head_lr=460 tta_val_acc=0.9267
main hparams: muon_lr=0.028 muon_momentum=0.7 whiten_bias_lr=4.6 bn_bias_lr=1.7 head_lr=0.6 main=0.9131, best_cooldown=0.9272
muon_lr=0.01 muon_momentum=0.7 whiten_bias_lr=0.028 bn_bias_lr=2.8 head_lr=460 -> tta_val_acc=0.9269
muon_lr=0.01 muon_momentum=0.7 whiten_bias_lr=0.028 bn_bias_lr=1.7 head_lr=460 -> tta_val_acc=0.9272
muon_lr=0.01 muon_momentum=0.7 whiten_bias_lr=0.028 bn_bias_lr=1 head_lr=460 -> tta_val_acc=0.927
search_path step=0 muon_lr=0.01 muon_momentum=0.7 whiten_bias_lr=0.028 bn_bias_lr=2.8 head_lr=460 tta_val_acc=0.9269
search_path step=1 muon_lr=0.01 muon_momentum=0.7 whiten_bias_lr=0.028 bn_bias_lr=1.7 head_lr=460 tta_val_acc=0.9272
main hparams: muon_lr=0.028 muon_momentum=0.7 whiten_bias_lr=4.6 bn_bias_lr=2.8 head_lr=0.6 main=0.9126, best_cooldown=0.9271
muon_lr=0.01 muon_momentum=0.7 whiten_bias_lr=0.028 bn_bias_lr=1.7 head_lr=460 -> tta_val_acc=0.926
muon_lr=0.01 muon_momentum=0.7 whiten_bias_lr=0.028 bn_bias_lr=1 head_lr=460 -> tta_val_acc=0.9271
muon_lr=0.01 muon_momentum=0.7 whiten_bias_lr=0.028 bn_bias_lr=0.6 head_lr=460 -> tta_val_acc=0.9269
search_path step=0 muon_lr=0.01 muon_momentum=0.7 whiten_bias_lr=0.028 bn_bias_lr=1.7 head_lr=460 tta_val_acc=0.926
search_path step=1 muon_lr=0.01 muon_momentum=0.7 whiten_bias_lr=0.028 bn_bias_lr=1 head_lr=460 tta_val_acc=0.9271
main hparams: muon_lr=0.028 muon_momentum=0.7 whiten_bias_lr=4.6 bn_bias_lr=1.7 head_lr=0.36 main=0.9128, best_cooldown=0.9267
muon_lr=0.01 muon_momentum=0.7 whiten_bias_lr=0.028 bn_bias_lr=1.7 head_lr=460 -> tta_val_acc=0.9267
muon_lr=0.01 muon_momentum=0.7 whiten_bias_lr=0.028 bn_bias_lr=1.7 head_lr=280 -> tta_val_acc=0.9265
muon_lr=0.01 muon_momentum=0.7 whiten_bias_lr=0.028 bn_bias_lr=1.7 head_lr=770 -> tta_val_acc=0.9267
muon_lr=0.01 muon_momentum=0.7 whiten_bias_lr=0.028 bn_bias_lr=1.7 head_lr=1300 -> tta_val_acc=0.9266
search_path step=0 muon_lr=0.01 muon_momentum=0.7 whiten_bias_lr=0.028 bn_bias_lr=1.7 head_lr=460 tta_val_acc=0.9267
main hparams: muon_lr=0.028 muon_momentum=0.7 whiten_bias_lr=4.6 bn_bias_lr=1.7 head_lr=1 main=0.9123, best_cooldown=0.9274
muon_lr=0.01 muon_momentum=0.7 whiten_bias_lr=0.028 bn_bias_lr=1.7 head_lr=460 -> tta_val_acc=0.9267
muon_lr=0.01 muon_momentum=0.7 whiten_bias_lr=0.028 bn_bias_lr=1.7 head_lr=280 -> tta_val_acc=0.9274
muon_lr=0.01 muon_momentum=0.7 whiten_bias_lr=0.028 bn_bias_lr=1.7 head_lr=170 -> tta_val_acc=0.9266
search_path step=0 muon_lr=0.01 muon_momentum=0.7 whiten_bias_lr=0.028 bn_bias_lr=1.7 head_lr=460 tta_val_acc=0.9267
search_path step=1 muon_lr=0.01 muon_momentum=0.7 whiten_bias_lr=0.028 bn_bias_lr=1.7 head_lr=280 tta_val_acc=0.9274
main hparams: muon_lr=0.028 muon_momentum=0.7 whiten_bias_lr=4.6 bn_bias_lr=1.7 head_lr=1.7 main=0.9128, best_cooldown=0.9273
muon_lr=0.01 muon_momentum=0.7 whiten_bias_lr=0.028 bn_bias_lr=1.7 head_lr=280 -> tta_val_acc=0.9267
muon_lr=0.01 muon_momentum=0.7 whiten_bias_lr=0.028 bn_bias_lr=1.7 head_lr=170 -> tta_val_acc=0.9273
muon_lr=0.01 muon_momentum=0.7 whiten_bias_lr=0.028 bn_bias_lr=1.7 head_lr=99 -> tta_val_acc=0.9269
search_path step=0 muon_lr=0.01 muon_momentum=0.7 whiten_bias_lr=0.028 bn_bias_lr=1.7 head_lr=280 tta_val_acc=0.9267
search_path step=1 muon_lr=0.01 muon_momentum=0.7 whiten_bias_lr=0.028 bn_bias_lr=1.7 head_lr=170 tta_val_acc=0.9273
main hparams: muon_lr=0.017 muon_momentum=0.7 whiten_bias_lr=4.6 bn_bias_lr=1.7 head_lr=1 main=0.9152, best_cooldown=0.925
muon_lr=0.01 muon_momentum=0.7 whiten_bias_lr=0.028 bn_bias_lr=1.7 head_lr=280 -> tta_val_acc=0.925
muon_lr=0.006 muon_momentum=0.7 whiten_bias_lr=0.028 bn_bias_lr=1.7 head_lr=280 -> tta_val_acc=0.9248
muon_lr=0.017 muon_momentum=0.7 whiten_bias_lr=0.028 bn_bias_lr=1.7 head_lr=280 -> tta_val_acc=0.924
search_path step=0 muon_lr=0.01 muon_momentum=0.7 whiten_bias_lr=0.028 bn_bias_lr=1.7 head_lr=280 tta_val_acc=0.925
main hparams: muon_lr=0.047 muon_momentum=0.7 whiten_bias_lr=4.6 bn_bias_lr=1.7 head_lr=1 main=0.9083, best_cooldown=0.9273
muon_lr=0.01 muon_momentum=0.7 whiten_bias_lr=0.028 bn_bias_lr=1.7 head_lr=280 -> tta_val_acc=0.9273
muon_lr=0.006 muon_momentum=0.7 whiten_bias_lr=0.028 bn_bias_lr=1.7 head_lr=280 -> tta_val_acc=0.9258
muon_lr=0.017 muon_momentum=0.7 whiten_bias_lr=0.028 bn_bias_lr=1.7 head_lr=280 -> tta_val_acc=0.9245
search_path step=0 muon_lr=0.01 muon_momentum=0.7 whiten_bias_lr=0.028 bn_bias_lr=1.7 head_lr=280 tta_val_acc=0.9273
main hparams: muon_lr=0.028 muon_momentum=0.6 whiten_bias_lr=4.6 bn_bias_lr=1.7 head_lr=1 main=0.9139, best_cooldown=0.9267
muon_lr=0.01 muon_momentum=0.6 whiten_bias_lr=0.028 bn_bias_lr=1.7 head_lr=280 -> tta_val_acc=0.9266
muon_lr=0.006 muon_momentum=0.6 whiten_bias_lr=0.028 bn_bias_lr=1.7 head_lr=280 -> tta_val_acc=0.9267
muon_lr=0.0036 muon_momentum=0.6 whiten_bias_lr=0.028 bn_bias_lr=1.7 head_lr=280 -> tta_val_acc=0.9245
search_path step=0 muon_lr=0.01 muon_momentum=0.6 whiten_bias_lr=0.028 bn_bias_lr=1.7 head_lr=280 tta_val_acc=0.9266
search_path step=1 muon_lr=0.006 muon_momentum=0.6 whiten_bias_lr=0.028 bn_bias_lr=1.7 head_lr=280 tta_val_acc=0.9267
main hparams: muon_lr=0.028 muon_momentum=0.8 whiten_bias_lr=4.6 bn_bias_lr=1.7 head_lr=1 main=0.9097, best_cooldown=0.9267
muon_lr=0.01 muon_momentum=0.8 whiten_bias_lr=0.028 bn_bias_lr=1.7 head_lr=280 -> tta_val_acc=0.9267
muon_lr=0.006 muon_momentum=0.8 whiten_bias_lr=0.028 bn_bias_lr=1.7 head_lr=280 -> tta_val_acc=0.9265
muon_lr=0.017 muon_momentum=0.8 whiten_bias_lr=0.028 bn_bias_lr=1.7 head_lr=280 -> tta_val_acc=0.9234
search_path step=0 muon_lr=0.01 muon_momentum=0.8 whiten_bias_lr=0.028 bn_bias_lr=1.7 head_lr=280 tta_val_acc=0.9267
main hparams: muon_lr=0.028 muon_momentum=0.7 whiten_bias_lr=2.8 bn_bias_lr=1.7 head_lr=1 main=0.9121, best_cooldown=0.9265
muon_lr=0.01 muon_momentum=0.7 whiten_bias_lr=0.028 bn_bias_lr=1.7 head_lr=280 -> tta_val_acc=0.9261
muon_lr=0.01 muon_momentum=0.7 whiten_bias_lr=0.017 bn_bias_lr=1.7 head_lr=280 -> tta_val_acc=0.9263
muon_lr=0.01 muon_momentum=0.7 whiten_bias_lr=0.01 bn_bias_lr=1.7 head_lr=280 -> tta_val_acc=0.9264
muon_lr=0.01 muon_momentum=0.7 whiten_bias_lr=0.006 bn_bias_lr=1.7 head_lr=280 -> tta_val_acc=0.9265
muon_lr=0.01 muon_momentum=0.7 whiten_bias_lr=0.0036 bn_bias_lr=1.7 head_lr=280 -> tta_val_acc=0.9264
search_path step=0 muon_lr=0.01 muon_momentum=0.7 whiten_bias_lr=0.028 bn_bias_lr=1.7 head_lr=280 tta_val_acc=0.9261
search_path step=1 muon_lr=0.01 muon_momentum=0.7 whiten_bias_lr=0.006 bn_bias_lr=1.7 head_lr=280 tta_val_acc=0.9265
main hparams: muon_lr=0.028 muon_momentum=0.7 whiten_bias_lr=7.7 bn_bias_lr=1.7 head_lr=1 main=0.9127, best_cooldown=0.9268
muon_lr=0.01 muon_momentum=0.7 whiten_bias_lr=0.028 bn_bias_lr=1.7 head_lr=280 -> tta_val_acc=0.9266
muon_lr=0.01 muon_momentum=0.7 whiten_bias_lr=0.017 bn_bias_lr=1.7 head_lr=280 -> tta_val_acc=0.9266
muon_lr=0.01 muon_momentum=0.7 whiten_bias_lr=0.01 bn_bias_lr=1.7 head_lr=280 -> tta_val_acc=0.9267
muon_lr=0.01 muon_momentum=0.7 whiten_bias_lr=0.006 bn_bias_lr=1.7 head_lr=280 -> tta_val_acc=0.9268
muon_lr=0.01 muon_momentum=0.7 whiten_bias_lr=0.0036 bn_bias_lr=1.7 head_lr=280 -> tta_val_acc=0.9264
search_path step=0 muon_lr=0.01 muon_momentum=0.7 whiten_bias_lr=0.028 bn_bias_lr=1.7 head_lr=280 tta_val_acc=0.9266
search_path step=1 muon_lr=0.01 muon_momentum=0.7 whiten_bias_lr=0.006 bn_bias_lr=1.7 head_lr=280 tta_val_acc=0.9268
main hparams: muon_lr=0.028 muon_momentum=0.7 whiten_bias_lr=4.6 bn_bias_lr=1 head_lr=1 main=0.9118, best_cooldown=0.9266
muon_lr=0.01 muon_momentum=0.7 whiten_bias_lr=0.028 bn_bias_lr=1.7 head_lr=280 -> tta_val_acc=0.9259
muon_lr=0.01 muon_momentum=0.7 whiten_bias_lr=0.028 bn_bias_lr=1 head_lr=280 -> tta_val_acc=0.9264
muon_lr=0.01 muon_momentum=0.7 whiten_bias_lr=0.028 bn_bias_lr=0.6 head_lr=280 -> tta_val_acc=0.9266
muon_lr=0.01 muon_momentum=0.7 whiten_bias_lr=0.028 bn_bias_lr=0.36 head_lr=280 -> tta_val_acc=0.9263
search_path step=0 muon_lr=0.01 muon_momentum=0.7 whiten_bias_lr=0.028 bn_bias_lr=1.7 head_lr=280 tta_val_acc=0.9259
search_path step=1 muon_lr=0.01 muon_momentum=0.7 whiten_bias_lr=0.028 bn_bias_lr=0.6 head_lr=280 tta_val_acc=0.9266
main hparams: muon_lr=0.028 muon_momentum=0.7 whiten_bias_lr=4.6 bn_bias_lr=2.8 head_lr=1 main=0.9133, best_cooldown=0.9275
muon_lr=0.01 muon_momentum=0.7 whiten_bias_lr=0.028 bn_bias_lr=1.7 head_lr=280 -> tta_val_acc=0.9274
muon_lr=0.01 muon_momentum=0.7 whiten_bias_lr=0.028 bn_bias_lr=1 head_lr=280 -> tta_val_acc=0.9275
muon_lr=0.01 muon_momentum=0.7 whiten_bias_lr=0.028 bn_bias_lr=0.6 head_lr=280 -> tta_val_acc=0.9272
search_path step=0 muon_lr=0.01 muon_momentum=0.7 whiten_bias_lr=0.028 bn_bias_lr=1.7 head_lr=280 tta_val_acc=0.9274
search_path step=1 muon_lr=0.01 muon_momentum=0.7 whiten_bias_lr=0.028 bn_bias_lr=1 head_lr=280 tta_val_acc=0.9275
main hparams: muon_lr=0.028 muon_momentum=0.7 whiten_bias_lr=4.6 bn_bias_lr=4.6 head_lr=1 main=0.9124, best_cooldown=0.9274
muon_lr=0.01 muon_momentum=0.7 whiten_bias_lr=0.028 bn_bias_lr=1 head_lr=280 -> tta_val_acc=0.9274
muon_lr=0.01 muon_momentum=0.7 whiten_bias_lr=0.028 bn_bias_lr=0.6 head_lr=280 -> tta_val_acc=0.9267
muon_lr=0.01 muon_momentum=0.7 whiten_bias_lr=0.028 bn_bias_lr=1.7 head_lr=280 -> tta_val_acc=0.9273
search_path step=0 muon_lr=0.01 muon_momentum=0.7 whiten_bias_lr=0.028 bn_bias_lr=1 head_lr=280 tta_val_acc=0.9274
main hparams: muon_lr=0.028 muon_momentum=0.7 whiten_bias_lr=4.6 bn_bias_lr=2.8 head_lr=0.6 main=0.9126, best_cooldown=0.9271
muon_lr=0.01 muon_momentum=0.7 whiten_bias_lr=0.028 bn_bias_lr=1.7 head_lr=460 -> tta_val_acc=0.926
muon_lr=0.01 muon_momentum=0.7 whiten_bias_lr=0.028 bn_bias_lr=1 head_lr=460 -> tta_val_acc=0.9271
muon_lr=0.01 muon_momentum=0.7 whiten_bias_lr=0.028 bn_bias_lr=0.6 head_lr=460 -> tta_val_acc=0.9269
muon_lr=0.01 muon_momentum=0.7 whiten_bias_lr=0.028 bn_bias_lr=1 head_lr=280 -> tta_val_acc=0.9267
muon_lr=0.01 muon_momentum=0.7 whiten_bias_lr=0.028 bn_bias_lr=1 head_lr=170 -> tta_val_acc=0.9271
muon_lr=0.01 muon_momentum=0.7 whiten_bias_lr=0.028 bn_bias_lr=1 head_lr=99 -> tta_val_acc=0.9268
search_path step=0 muon_lr=0.01 muon_momentum=0.7 whiten_bias_lr=0.028 bn_bias_lr=1 head_lr=280 tta_val_acc=0.9267
search_path step=1 muon_lr=0.01 muon_momentum=0.7 whiten_bias_lr=0.028 bn_bias_lr=1 head_lr=170 tta_val_acc=0.9271
main hparams: muon_lr=0.028 muon_momentum=0.7 whiten_bias_lr=4.6 bn_bias_lr=2.8 head_lr=1.7 main=0.9125, best_cooldown=0.9273
muon_lr=0.01 muon_momentum=0.7 whiten_bias_lr=0.028 bn_bias_lr=1 head_lr=280 -> tta_val_acc=0.9271
muon_lr=0.01 muon_momentum=0.7 whiten_bias_lr=0.028 bn_bias_lr=1 head_lr=170 -> tta_val_acc=0.9267
muon_lr=0.01 muon_momentum=0.7 whiten_bias_lr=0.028 bn_bias_lr=1 head_lr=460 -> tta_val_acc=0.9273
muon_lr=0.01 muon_momentum=0.7 whiten_bias_lr=0.028 bn_bias_lr=1 head_lr=770 -> tta_val_acc=0.9267
search_path step=0 muon_lr=0.01 muon_momentum=0.7 whiten_bias_lr=0.028 bn_bias_lr=1 head_lr=280 tta_val_acc=0.9271
search_path step=1 muon_lr=0.01 muon_momentum=0.7 whiten_bias_lr=0.028 bn_bias_lr=1 head_lr=460 tta_val_acc=0.9273
main hparams: muon_lr=0.017 muon_momentum=0.7 whiten_bias_lr=4.6 bn_bias_lr=2.8 head_lr=1 main=0.9148, best_cooldown=0.9258
muon_lr=0.01 muon_momentum=0.7 whiten_bias_lr=0.028 bn_bias_lr=1 head_lr=280 -> tta_val_acc=0.9246
muon_lr=0.006 muon_momentum=0.7 whiten_bias_lr=0.028 bn_bias_lr=1 head_lr=280 -> tta_val_acc=0.9256
muon_lr=0.0036 muon_momentum=0.7 whiten_bias_lr=0.028 bn_bias_lr=1 head_lr=280 -> tta_val_acc=0.9258
muon_lr=0.0022 muon_momentum=0.7 whiten_bias_lr=0.028 bn_bias_lr=1 head_lr=280 -> tta_val_acc=0.9246
search_path step=0 muon_lr=0.01 muon_momentum=0.7 whiten_bias_lr=0.028 bn_bias_lr=1 head_lr=280 tta_val_acc=0.9246
search_path step=1 muon_lr=0.0036 muon_momentum=0.7 whiten_bias_lr=0.028 bn_bias_lr=1 head_lr=280 tta_val_acc=0.9258
main hparams: muon_lr=0.047 muon_momentum=0.7 whiten_bias_lr=4.6 bn_bias_lr=2.8 head_lr=1 main=0.9082, best_cooldown=0.9265
muon_lr=0.01 muon_momentum=0.7 whiten_bias_lr=0.028 bn_bias_lr=1 head_lr=280 -> tta_val_acc=0.9265
muon_lr=0.006 muon_momentum=0.7 whiten_bias_lr=0.028 bn_bias_lr=1 head_lr=280 -> tta_val_acc=0.926
muon_lr=0.017 muon_momentum=0.7 whiten_bias_lr=0.028 bn_bias_lr=1 head_lr=280 -> tta_val_acc=0.9234
search_path step=0 muon_lr=0.01 muon_momentum=0.7 whiten_bias_lr=0.028 bn_bias_lr=1 head_lr=280 tta_val_acc=0.9265
main hparams: muon_lr=0.028 muon_momentum=0.6 whiten_bias_lr=4.6 bn_bias_lr=2.8 head_lr=1 main=0.9142, best_cooldown=0.9264
muon_lr=0.01 muon_momentum=0.6 whiten_bias_lr=0.028 bn_bias_lr=1 head_lr=280 -> tta_val_acc=0.926
muon_lr=0.006 muon_momentum=0.6 whiten_bias_lr=0.028 bn_bias_lr=1 head_lr=280 -> tta_val_acc=0.926
muon_lr=0.0036 muon_momentum=0.6 whiten_bias_lr=0.028 bn_bias_lr=1 head_lr=280 -> tta_val_acc=0.9253
muon_lr=0.017 muon_momentum=0.6 whiten_bias_lr=0.028 bn_bias_lr=1 head_lr=280 -> tta_val_acc=0.9264
muon_lr=0.028 muon_momentum=0.6 whiten_bias_lr=0.028 bn_bias_lr=1 head_lr=280 -> tta_val_acc=0.9212
search_path step=0 muon_lr=0.01 muon_momentum=0.6 whiten_bias_lr=0.028 bn_bias_lr=1 head_lr=280 tta_val_acc=0.926
search_path step=1 muon_lr=0.017 muon_momentum=0.6 whiten_bias_lr=0.028 bn_bias_lr=1 head_lr=280 tta_val_acc=0.9264
main hparams: muon_lr=0.028 muon_momentum=0.8 whiten_bias_lr=4.6 bn_bias_lr=2.8 head_lr=1 main=0.9094, best_cooldown=0.9263
muon_lr=0.01 muon_momentum=0.8 whiten_bias_lr=0.028 bn_bias_lr=1 head_lr=280 -> tta_val_acc=0.9263
muon_lr=0.006 muon_momentum=0.8 whiten_bias_lr=0.028 bn_bias_lr=1 head_lr=280 -> tta_val_acc=0.9262
muon_lr=0.017 muon_momentum=0.8 whiten_bias_lr=0.028 bn_bias_lr=1 head_lr=280 -> tta_val_acc=0.9231
search_path step=0 muon_lr=0.01 muon_momentum=0.8 whiten_bias_lr=0.028 bn_bias_lr=1 head_lr=280 tta_val_acc=0.9263
main hparams: muon_lr=0.028 muon_momentum=0.7 whiten_bias_lr=2.8 bn_bias_lr=2.8 head_lr=1 main=0.9125, best_cooldown=0.927
muon_lr=0.01 muon_momentum=0.7 whiten_bias_lr=0.028 bn_bias_lr=1 head_lr=280 -> tta_val_acc=0.9269
muon_lr=0.01 muon_momentum=0.7 whiten_bias_lr=0.017 bn_bias_lr=1 head_lr=280 -> tta_val_acc=0.927
muon_lr=0.01 muon_momentum=0.7 whiten_bias_lr=0.01 bn_bias_lr=1 head_lr=280 -> tta_val_acc=0.927
muon_lr=0.01 muon_momentum=0.7 whiten_bias_lr=0.006 bn_bias_lr=1 head_lr=280 -> tta_val_acc=0.9269
search_path step=0 muon_lr=0.01 muon_momentum=0.7 whiten_bias_lr=0.028 bn_bias_lr=1 head_lr=280 tta_val_acc=0.9269
search_path step=1 muon_lr=0.01 muon_momentum=0.7 whiten_bias_lr=0.017 bn_bias_lr=1 head_lr=280 tta_val_acc=0.927
main hparams: muon_lr=0.028 muon_momentum=0.7 whiten_bias_lr=7.7 bn_bias_lr=2.8 head_lr=1 main=0.9126, best_cooldown=0.927
muon_lr=0.01 muon_momentum=0.7 whiten_bias_lr=0.028 bn_bias_lr=1 head_lr=280 -> tta_val_acc=0.927
muon_lr=0.01 muon_momentum=0.7 whiten_bias_lr=0.017 bn_bias_lr=1 head_lr=280 -> tta_val_acc=0.9267
muon_lr=0.01 muon_momentum=0.7 whiten_bias_lr=0.047 bn_bias_lr=1 head_lr=280 -> tta_val_acc=0.9267
search_path step=0 muon_lr=0.01 muon_momentum=0.7 whiten_bias_lr=0.028 bn_bias_lr=1 head_lr=280 tta_val_acc=0.927
main hparams: muon_lr=0.028 muon_momentum=0.7 whiten_bias_lr=4.6 bn_bias_lr=1.7 head_lr=1 main=0.9123, best_cooldown=0.9275
muon_lr=0.01 muon_momentum=0.7 whiten_bias_lr=0.028 bn_bias_lr=1.7 head_lr=460 -> tta_val_acc=0.9267
muon_lr=0.01 muon_momentum=0.7 whiten_bias_lr=0.028 bn_bias_lr=1.7 head_lr=280 -> tta_val_acc=0.9274
muon_lr=0.01 muon_momentum=0.7 whiten_bias_lr=0.028 bn_bias_lr=1.7 head_lr=170 -> tta_val_acc=0.9266
muon_lr=0.01 muon_momentum=0.7 whiten_bias_lr=0.028 bn_bias_lr=1 head_lr=280 -> tta_val_acc=0.9275
muon_lr=0.01 muon_momentum=0.7 whiten_bias_lr=0.028 bn_bias_lr=0.6 head_lr=280 -> tta_val_acc=0.9273
search_path step=0 muon_lr=0.01 muon_momentum=0.7 whiten_bias_lr=0.028 bn_bias_lr=1 head_lr=280 tta_val_acc=0.9275
search_path step=0 muon_lr=0.047 muon_momentum=0.8 whiten_bias_lr=7.7 bn_bias_lr=1 head_lr=0.6 tta_val_acc=0.9256
search_path step=1 muon_lr=0.028 muon_momentum=0.8 whiten_bias_lr=7.7 bn_bias_lr=1 head_lr=0.6 tta_val_acc=0.9259
search_path step=2 muon_lr=0.028 muon_momentum=0.7 whiten_bias_lr=7.7 bn_bias_lr=1 head_lr=0.6 tta_val_acc=0.9262
search_path step=3 muon_lr=0.028 muon_momentum=0.7 whiten_bias_lr=4.6 bn_bias_lr=1 head_lr=0.6 tta_val_acc=0.9271
search_path step=4 muon_lr=0.028 muon_momentum=0.7 whiten_bias_lr=4.6 bn_bias_lr=1.7 head_lr=0.6 tta_val_acc=0.9272
search_path step=5 muon_lr=0.028 muon_momentum=0.7 whiten_bias_lr=4.6 bn_bias_lr=1.7 head_lr=1 tta_val_acc=0.9275
search_path step=6 muon_lr=0.028 muon_momentum=0.7 whiten_bias_lr=4.6 bn_bias_lr=2.8 head_lr=1 tta_val_acc=0.9275
main hparams: muon_lr=0.028 muon_momentum=0.7 whiten_bias_lr=4.6 bn_bias_lr=2.8 head_lr=1 main=0.9133, best_cooldown=0.9275
muon_lr=0.01 muon_momentum=0.7 whiten_bias_lr=0.028 bn_bias_lr=1 head_lr=280 -> tta_val_acc=0.9275
muon_lr=0.006 muon_momentum=0.7 whiten_bias_lr=0.028 bn_bias_lr=1 head_lr=280 -> tta_val_acc=0.9266
muon_lr=0.017 muon_momentum=0.7 whiten_bias_lr=0.028 bn_bias_lr=1 head_lr=280 -> tta_val_acc=0.9253
muon_lr=0.01 muon_momentum=0.7 whiten_bias_lr=0.017 bn_bias_lr=1 head_lr=280 -> tta_val_acc=0.9273
muon_lr=0.01 muon_momentum=0.7 whiten_bias_lr=0.047 bn_bias_lr=1 head_lr=280 -> tta_val_acc=0.9274
muon_lr=0.01 muon_momentum=0.7 whiten_bias_lr=0.028 bn_bias_lr=0.6 head_lr=280 -> tta_val_acc=0.9272
muon_lr=0.01 muon_momentum=0.7 whiten_bias_lr=0.028 bn_bias_lr=1.7 head_lr=280 -> tta_val_acc=0.9274
muon_lr=0.01 muon_momentum=0.7 whiten_bias_lr=0.028 bn_bias_lr=1 head_lr=170 -> tta_val_acc=0.9269
muon_lr=0.01 muon_momentum=0.7 whiten_bias_lr=0.028 bn_bias_lr=1 head_lr=460 -> tta_val_acc=0.9269
search_path step=0 muon_lr=0.01 muon_momentum=0.7 whiten_bias_lr=0.028 bn_bias_lr=1 head_lr=280 tta_val_acc=0.9275
train_hparams run=0 interval=3 start_step=120 completed_steps=40 total_steps=200 muon_lr=0.028 muon_momentum=0.7 whiten_bias_lr=4.6 bn_bias_lr=2.8 head_lr=1 muon_nesterov=False
train_loss run=0 interval=3 step=121 loss=1.22578
train_loss run=0 interval=3 step=122 loss=1.21985
train_loss run=0 interval=3 step=123 loss=1.21359
train_loss run=0 interval=3 step=124 loss=1.22699
train_loss run=0 interval=3 step=125 loss=1.19771
train_loss run=0 interval=3 step=126 loss=1.18361
train_loss run=0 interval=3 step=127 loss=1.17723
train_loss run=0 interval=3 step=128 loss=1.18143
train_loss run=0 interval=3 step=129 loss=1.18097
train_loss run=0 interval=3 step=130 loss=1.1733
train_loss run=0 interval=3 step=131 loss=1.18353
train_loss run=0 interval=3 step=132 loss=1.17389
train_loss run=0 interval=3 step=133 loss=1.1799
train_loss run=0 interval=3 step=134 loss=1.15696
train_loss run=0 interval=3 step=135 loss=1.16737
train_loss run=0 interval=3 step=136 loss=1.17234
train_loss run=0 interval=3 step=137 loss=1.16511
train_loss run=0 interval=3 step=138 loss=1.14533
train_loss run=0 interval=3 step=139 loss=1.15741
train_loss run=0 interval=3 step=140 loss=1.15338
train_loss run=0 interval=3 step=141 loss=1.15755
train_loss run=0 interval=3 step=142 loss=1.15627
train_loss run=0 interval=3 step=143 loss=1.15878
train_loss run=0 interval=3 step=144 loss=1.14642
train_loss run=0 interval=3 step=145 loss=1.16759
train_loss run=0 interval=3 step=146 loss=1.15111
train_loss run=0 interval=3 step=147 loss=1.14642
train_loss run=0 interval=3 step=148 loss=1.14113
train_loss run=0 interval=3 step=149 loss=1.14225
train_loss run=0 interval=3 step=150 loss=1.14293
train_loss run=0 interval=3 step=151 loss=1.13133
train_loss run=0 interval=3 step=152 loss=1.12666
train_loss run=0 interval=3 step=153 loss=1.12741
train_loss run=0 interval=3 step=154 loss=1.11449
train_loss run=0 interval=3 step=155 loss=1.13546
train_loss run=0 interval=3 step=156 loss=1.12313
train_loss run=0 interval=3 step=157 loss=1.11749
train_loss run=0 interval=3 step=158 loss=1.12012
train_loss run=0 interval=3 step=159 loss=1.13479
train_loss run=0 interval=3 step=160 loss=1.11486
interval_boundary_eval run=0 interval=3 step=160 total_steps=200 tta_val_acc=0.9133
main hparams: muon_lr=0.028 muon_momentum=0.7 whiten_bias_lr=4.6 bn_bias_lr=2.8 head_lr=1 main=0.9175
main hparams: muon_lr=0.0036 muon_momentum=0.7 whiten_bias_lr=4.6 bn_bias_lr=2.8 head_lr=1 main=0.9242
main hparams: muon_lr=0.00047 muon_momentum=0.7 whiten_bias_lr=4.6 bn_bias_lr=2.8 head_lr=1 main=0.9203
main hparams: muon_lr=0.0036 muon_momentum=0.3 whiten_bias_lr=4.6 bn_bias_lr=2.8 head_lr=1 main=0.9232
main hparams: muon_lr=0.0036 muon_momentum=0.99 whiten_bias_lr=4.6 bn_bias_lr=2.8 head_lr=1 main=0.9227
main hparams: muon_lr=0.0036 muon_momentum=0.7 whiten_bias_lr=0.6 bn_bias_lr=2.8 head_lr=1 main=0.9242
main hparams: muon_lr=0.0036 muon_momentum=0.7 whiten_bias_lr=0.078 bn_bias_lr=2.8 head_lr=1 main=0.9247
main hparams: muon_lr=0.0036 muon_momentum=0.7 whiten_bias_lr=0.01 bn_bias_lr=2.8 head_lr=1 main=0.9247
main hparams: muon_lr=0.0036 muon_momentum=0.7 whiten_bias_lr=0.0013 bn_bias_lr=2.8 head_lr=1 main=0.9246
main hparams: muon_lr=0.0036 muon_momentum=0.7 whiten_bias_lr=0.078 bn_bias_lr=0.36 head_lr=1 main=0.9241
main hparams: muon_lr=0.0036 muon_momentum=0.7 whiten_bias_lr=0.078 bn_bias_lr=21 head_lr=1 main=0.9221
main hparams: muon_lr=0.0036 muon_momentum=0.7 whiten_bias_lr=0.078 bn_bias_lr=2.8 head_lr=0.13 main=0.9243
main hparams: muon_lr=0.0036 muon_momentum=0.7 whiten_bias_lr=0.078 bn_bias_lr=2.8 head_lr=7.7 main=0.9251
main hparams: muon_lr=0.0036 muon_momentum=0.7 whiten_bias_lr=0.078 bn_bias_lr=2.8 head_lr=60 main=0.9262
main hparams: muon_lr=0.0036 muon_momentum=0.7 whiten_bias_lr=0.078 bn_bias_lr=2.8 head_lr=460 main=0.926
main hparams: muon_lr=0.00047 muon_momentum=0.7 whiten_bias_lr=0.078 bn_bias_lr=2.8 head_lr=60 main=0.9209
main hparams: muon_lr=0.028 muon_momentum=0.7 whiten_bias_lr=0.078 bn_bias_lr=2.8 head_lr=60 main=0.9173
main hparams: muon_lr=0.0036 muon_momentum=0.3 whiten_bias_lr=0.078 bn_bias_lr=2.8 head_lr=60 main=0.9259
main hparams: muon_lr=0.0036 muon_momentum=0.99 whiten_bias_lr=0.078 bn_bias_lr=2.8 head_lr=60 main=0.9244
main hparams: muon_lr=0.0036 muon_momentum=0.7 whiten_bias_lr=0.01 bn_bias_lr=2.8 head_lr=60 main=0.9266
main hparams: muon_lr=0.0036 muon_momentum=0.7 whiten_bias_lr=0.0013 bn_bias_lr=2.8 head_lr=60 main=0.9264
main hparams: muon_lr=0.0036 muon_momentum=0.7 whiten_bias_lr=0.01 bn_bias_lr=0.36 head_lr=60 main=0.9255
main hparams: muon_lr=0.0036 muon_momentum=0.7 whiten_bias_lr=0.01 bn_bias_lr=21 head_lr=60 main=0.9243
main hparams: muon_lr=0.0036 muon_momentum=0.7 whiten_bias_lr=0.01 bn_bias_lr=2.8 head_lr=7.7 main=0.9251
main hparams: muon_lr=0.0036 muon_momentum=0.7 whiten_bias_lr=0.01 bn_bias_lr=2.8 head_lr=460 main=0.926
main hparams: muon_lr=0.00047 muon_momentum=0.7 whiten_bias_lr=0.01 bn_bias_lr=2.8 head_lr=60 main=0.9212
main hparams: muon_lr=0.028 muon_momentum=0.7 whiten_bias_lr=0.01 bn_bias_lr=2.8 head_lr=60 main=0.9191
main hparams: muon_lr=0.0036 muon_momentum=0.3 whiten_bias_lr=0.01 bn_bias_lr=2.8 head_lr=60 main=0.9258
main hparams: muon_lr=0.0036 muon_momentum=0.99 whiten_bias_lr=0.01 bn_bias_lr=2.8 head_lr=60 main=0.9245
main hparams: muon_lr=0.0013 muon_momentum=0.7 whiten_bias_lr=0.01 bn_bias_lr=2.8 head_lr=60 main=0.9247
main hparams: muon_lr=0.01 muon_momentum=0.7 whiten_bias_lr=0.01 bn_bias_lr=2.8 head_lr=60 main=0.9264
main hparams: muon_lr=0.0036 muon_momentum=0.5 whiten_bias_lr=0.01 bn_bias_lr=2.8 head_lr=60 main=0.9259
main hparams: muon_lr=0.0036 muon_momentum=0.9 whiten_bias_lr=0.01 bn_bias_lr=2.8 head_lr=60 main=0.9277
main hparams: muon_lr=0.0036 muon_momentum=0.9 whiten_bias_lr=0.0036 bn_bias_lr=2.8 head_lr=60 main=0.9277
main hparams: muon_lr=0.0036 muon_momentum=0.9 whiten_bias_lr=0.0013 bn_bias_lr=2.8 head_lr=60 main=0.9277
main hparams: muon_lr=0.0036 muon_momentum=0.9 whiten_bias_lr=0.00047 bn_bias_lr=2.8 head_lr=60 main=0.9277
main hparams: muon_lr=0.0036 muon_momentum=0.9 whiten_bias_lr=0.028 bn_bias_lr=2.8 head_lr=60 main=0.9278
main hparams: muon_lr=0.0036 muon_momentum=0.9 whiten_bias_lr=0.078 bn_bias_lr=2.8 head_lr=60 main=0.9277
main hparams: muon_lr=0.0036 muon_momentum=0.9 whiten_bias_lr=0.028 bn_bias_lr=1 head_lr=60 main=0.9274
main hparams: muon_lr=0.0036 muon_momentum=0.9 whiten_bias_lr=0.028 bn_bias_lr=7.7 head_lr=60 main=0.9271
main hparams: muon_lr=0.0036 muon_momentum=0.9 whiten_bias_lr=0.028 bn_bias_lr=2.8 head_lr=21 main=0.9262
main hparams: muon_lr=0.0036 muon_momentum=0.9 whiten_bias_lr=0.028 bn_bias_lr=2.8 head_lr=170 main=0.9273
main hparams: muon_lr=0.0013 muon_momentum=0.9 whiten_bias_lr=0.028 bn_bias_lr=2.8 head_lr=60 main=0.9253
main hparams: muon_lr=0.01 muon_momentum=0.9 whiten_bias_lr=0.028 bn_bias_lr=2.8 head_lr=60 main=0.9259
main hparams: muon_lr=0.0036 muon_momentum=0.7 whiten_bias_lr=0.028 bn_bias_lr=2.8 head_lr=60 main=0.9264
main hparams: muon_lr=0.0036 muon_momentum=0.99 whiten_bias_lr=0.028 bn_bias_lr=2.8 head_lr=60 main=0.9242
main hparams: muon_lr=0.0022 muon_momentum=0.9 whiten_bias_lr=0.028 bn_bias_lr=2.8 head_lr=60 main=0.9262
main hparams: muon_lr=0.006 muon_momentum=0.9 whiten_bias_lr=0.028 bn_bias_lr=2.8 head_lr=60 main=0.9266
main hparams: muon_lr=0.0036 muon_momentum=0.8 whiten_bias_lr=0.028 bn_bias_lr=2.8 head_lr=60 main=0.927
main hparams: muon_lr=0.0036 muon_momentum=0.95 whiten_bias_lr=0.028 bn_bias_lr=2.8 head_lr=60 main=0.9268
main hparams: muon_lr=0.0036 muon_momentum=0.9 whiten_bias_lr=0.017 bn_bias_lr=2.8 head_lr=60 main=0.9279
main hparams: muon_lr=0.0036 muon_momentum=0.9 whiten_bias_lr=0.017 bn_bias_lr=1.7 head_lr=60 main=0.9276
main hparams: muon_lr=0.0036 muon_momentum=0.9 whiten_bias_lr=0.017 bn_bias_lr=4.6 head_lr=60 main=0.9278
main hparams: muon_lr=0.0036 muon_momentum=0.9 whiten_bias_lr=0.017 bn_bias_lr=2.8 head_lr=36 main=0.9276
main hparams: muon_lr=0.0036 muon_momentum=0.9 whiten_bias_lr=0.017 bn_bias_lr=2.8 head_lr=99 main=0.9279
main hparams: muon_lr=0.0036 muon_momentum=0.9 whiten_bias_lr=0.017 bn_bias_lr=2.8 head_lr=170 main=0.9271
main hparams: muon_lr=0.0022 muon_momentum=0.9 whiten_bias_lr=0.017 bn_bias_lr=2.8 head_lr=60 main=0.9262
main hparams: muon_lr=0.006 muon_momentum=0.9 whiten_bias_lr=0.017 bn_bias_lr=2.8 head_lr=60 main=0.9266
main hparams: muon_lr=0.0036 muon_momentum=0.8 whiten_bias_lr=0.017 bn_bias_lr=2.8 head_lr=60 main=0.927
main hparams: muon_lr=0.0036 muon_momentum=0.95 whiten_bias_lr=0.017 bn_bias_lr=2.8 head_lr=60 main=0.9269
search_path step=0 muon_lr=0.028 muon_momentum=0.7 whiten_bias_lr=4.6 bn_bias_lr=2.8 head_lr=1 tta_val_acc=0.9175
search_path step=1 muon_lr=0.0036 muon_momentum=0.7 whiten_bias_lr=4.6 bn_bias_lr=2.8 head_lr=1 tta_val_acc=0.9242
search_path step=2 muon_lr=0.0036 muon_momentum=0.7 whiten_bias_lr=0.078 bn_bias_lr=2.8 head_lr=1 tta_val_acc=0.9247
search_path step=3 muon_lr=0.0036 muon_momentum=0.7 whiten_bias_lr=0.078 bn_bias_lr=2.8 head_lr=60 tta_val_acc=0.9262
search_path step=4 muon_lr=0.0036 muon_momentum=0.7 whiten_bias_lr=0.01 bn_bias_lr=2.8 head_lr=60 tta_val_acc=0.9266
search_path step=5 muon_lr=0.0036 muon_momentum=0.9 whiten_bias_lr=0.01 bn_bias_lr=2.8 head_lr=60 tta_val_acc=0.9277
search_path step=6 muon_lr=0.0036 muon_momentum=0.9 whiten_bias_lr=0.028 bn_bias_lr=2.8 head_lr=60 tta_val_acc=0.9278
search_path step=7 muon_lr=0.0036 muon_momentum=0.9 whiten_bias_lr=0.017 bn_bias_lr=2.8 head_lr=60 tta_val_acc=0.9279
train_hparams run=0 interval=4 start_step=160 completed_steps=40 total_steps=200 muon_lr=0.0036 muon_momentum=0.9 whiten_bias_lr=0.017 bn_bias_lr=2.8 head_lr=60 muon_nesterov=False
train_loss run=0 interval=4 step=161 loss=1.10686
train_loss run=0 interval=4 step=162 loss=1.07318
train_loss run=0 interval=4 step=163 loss=1.03818
train_loss run=0 interval=4 step=164 loss=1.02154
train_loss run=0 interval=4 step=165 loss=1.01489
train_loss run=0 interval=4 step=166 loss=1.00704
train_loss run=0 interval=4 step=167 loss=1.00235
train_loss run=0 interval=4 step=168 loss=0.995697
train_loss run=0 interval=4 step=169 loss=1.00037
train_loss run=0 interval=4 step=170 loss=0.987784
train_loss run=0 interval=4 step=171 loss=1.00278
train_loss run=0 interval=4 step=172 loss=1.00059
train_loss run=0 interval=4 step=173 loss=1.00333
train_loss run=0 interval=4 step=174 loss=1.00104
train_loss run=0 interval=4 step=175 loss=0.983123
train_loss run=0 interval=4 step=176 loss=0.969412
train_loss run=0 interval=4 step=177 loss=0.969649
train_loss run=0 interval=4 step=178 loss=0.976926
train_loss run=0 interval=4 step=179 loss=0.971503
train_loss run=0 interval=4 step=180 loss=0.969795
train_loss run=0 interval=4 step=181 loss=0.96653
train_loss run=0 interval=4 step=182 loss=0.968483
train_loss run=0 interval=4 step=183 loss=0.960787
train_loss run=0 interval=4 step=184 loss=0.965002
train_loss run=0 interval=4 step=185 loss=0.962196
train_loss run=0 interval=4 step=186 loss=0.962479
train_loss run=0 interval=4 step=187 loss=0.965653
train_loss run=0 interval=4 step=188 loss=0.957437
train_loss run=0 interval=4 step=189 loss=0.958556
train_loss run=0 interval=4 step=190 loss=0.962828
train_loss run=0 interval=4 step=191 loss=0.968067
train_loss run=0 interval=4 step=192 loss=0.954657
train_loss run=0 interval=4 step=193 loss=0.959785
train_loss run=0 interval=4 step=194 loss=0.961391
train_loss run=0 interval=4 step=195 loss=0.96419
train_loss run=0 interval=4 step=196 loss=0.965045
train_loss run=0 interval=4 step=197 loss=0.965482
train_loss run=0 interval=4 step=198 loss=0.961051
train_loss run=0 interval=4 step=199 loss=0.950118
train_loss run=0 interval=4 step=200 loss=0.955668
Batch size:              2000
Train epochs:            8
Train steps:             200
N steps:                 40
M cooldown steps:        40
Search hparams:          muon_lr,muon_momentum,whiten_bias_lr,bn_bias_lr,head_lr
Cooldown hparams:        muon_lr,whiten_bias_lr,bn_bias_lr,head_lr
Muon nesterov:           False
Full grid search:        False
Search cooldown of main: True
Val acc:             0.9142
TTA val acc:         0.9279
Run seconds:         1504.720
