cifar_reproducibility run=0 seed=0 seed_group=same_seed batch_size=2000 muon_lr=0.2
step=1/200 epoch=0 loss=2.3101 head_lr=1340 muon_lr=0.2
step=2/200 epoch=0 loss=2.3055 head_lr=1333.3 muon_lr=0.2
step=3/200 epoch=0 loss=2.3241 head_lr=1326.6 muon_lr=0.2
step=4/200 epoch=0 loss=2.0688 head_lr=1319.9 muon_lr=0.2
step=5/200 epoch=0 loss=1.9834 head_lr=1313.2 muon_lr=0.2
step=6/200 epoch=0 loss=1.9526 head_lr=1306.5 muon_lr=0.2
step=7/200 epoch=0 loss=1.8825 head_lr=1299.8 muon_lr=0.2
step=8/200 epoch=0 loss=1.8043 head_lr=1293.1 muon_lr=0.2
step=9/200 epoch=0 loss=1.7039 head_lr=1286.4 muon_lr=0.2
step=10/200 epoch=0 loss=1.7312 head_lr=1279.7 muon_lr=0.2
step=11/200 epoch=0 loss=1.7369 head_lr=1273 muon_lr=0.2
step=12/200 epoch=0 loss=1.6574 head_lr=1266.3 muon_lr=0.2
step=13/200 epoch=0 loss=1.5929 head_lr=1259.6 muon_lr=0.2
step=14/200 epoch=0 loss=1.5996 head_lr=1252.9 muon_lr=0.2
step=15/200 epoch=0 loss=1.5994 head_lr=1246.2 muon_lr=0.2
step=16/200 epoch=0 loss=1.5717 head_lr=1239.5 muon_lr=0.2
step=17/200 epoch=0 loss=1.5403 head_lr=1232.8 muon_lr=0.2
step=18/200 epoch=0 loss=1.5113 head_lr=1226.1 muon_lr=0.2
step=19/200 epoch=0 loss=1.4920 head_lr=1219.4 muon_lr=0.2
step=20/200 epoch=0 loss=1.4933 head_lr=1212.7 muon_lr=0.2
step=21/200 epoch=0 loss=1.4545 head_lr=1206 muon_lr=0.2
step=22/200 epoch=0 loss=1.4526 head_lr=1199.3 muon_lr=0.2
step=23/200 epoch=0 loss=1.4020 head_lr=1192.6 muon_lr=0.2
step=24/200 epoch=0 loss=1.4088 head_lr=1185.9 muon_lr=0.2
step=25/200 epoch=0 loss=1.4142 head_lr=1179.2 muon_lr=0.2
eval run=0 epoch=0 val_acc=0.5848 time_seconds=2.1511
step=26/200 epoch=1 loss=1.3938 head_lr=1172.5 muon_lr=0.2
step=27/200 epoch=1 loss=1.3658 head_lr=1165.8 muon_lr=0.2
step=28/200 epoch=1 loss=1.3822 head_lr=1159.1 muon_lr=0.2
step=29/200 epoch=1 loss=1.3834 head_lr=1152.4 muon_lr=0.2
step=30/200 epoch=1 loss=1.3295 head_lr=1145.7 muon_lr=0.2
step=31/200 epoch=1 loss=1.3178 head_lr=1139 muon_lr=0.2
step=32/200 epoch=1 loss=1.3235 head_lr=1132.3 muon_lr=0.2
step=33/200 epoch=1 loss=1.3565 head_lr=1125.6 muon_lr=0.2
step=34/200 epoch=1 loss=1.3218 head_lr=1118.9 muon_lr=0.2
step=35/200 epoch=1 loss=1.3118 head_lr=1112.2 muon_lr=0.2
step=36/200 epoch=1 loss=1.3293 head_lr=1105.5 muon_lr=0.2
step=37/200 epoch=1 loss=1.3283 head_lr=1098.8 muon_lr=0.2
step=38/200 epoch=1 loss=1.3264 head_lr=1092.1 muon_lr=0.2
step=39/200 epoch=1 loss=1.2945 head_lr=1085.4 muon_lr=0.2
step=40/200 epoch=1 loss=1.2865 head_lr=1078.7 muon_lr=0.2
step=41/200 epoch=1 loss=1.2881 head_lr=1072 muon_lr=0.2
step=42/200 epoch=1 loss=1.3062 head_lr=1065.3 muon_lr=0.2
step=43/200 epoch=1 loss=1.2814 head_lr=1058.6 muon_lr=0.2
step=44/200 epoch=1 loss=1.3102 head_lr=1051.9 muon_lr=0.2
step=45/200 epoch=1 loss=1.2917 head_lr=1045.2 muon_lr=0.2
step=46/200 epoch=1 loss=1.3058 head_lr=1038.5 muon_lr=0.2
step=47/200 epoch=1 loss=1.2774 head_lr=1031.8 muon_lr=0.2
step=48/200 epoch=1 loss=1.3142 head_lr=1025.1 muon_lr=0.2
step=49/200 epoch=1 loss=1.2846 head_lr=1018.4 muon_lr=0.2
step=50/200 epoch=1 loss=1.2844 head_lr=1011.7 muon_lr=0.2
eval epoch=1 val_acc=0.7711 time_seconds=3.4409
step=51/200 epoch=2 loss=1.2320 head_lr=1005 muon_lr=0.2
step=52/200 epoch=2 loss=1.2498 head_lr=998.3 muon_lr=0.2
step=53/200 epoch=2 loss=1.2696 head_lr=991.6 muon_lr=0.2
step=54/200 epoch=2 loss=1.2563 head_lr=984.9 muon_lr=0.2
step=55/200 epoch=2 loss=1.2597 head_lr=978.2 muon_lr=0.2
step=56/200 epoch=2 loss=1.2758 head_lr=971.5 muon_lr=0.2
step=57/200 epoch=2 loss=1.2524 head_lr=964.8 muon_lr=0.2
step=58/200 epoch=2 loss=1.2754 head_lr=958.1 muon_lr=0.2
step=59/200 epoch=2 loss=1.2205 head_lr=951.4 muon_lr=0.2
step=60/200 epoch=2 loss=1.2206 head_lr=944.7 muon_lr=0.2
step=61/200 epoch=2 loss=1.2149 head_lr=938 muon_lr=0.2
step=62/200 epoch=2 loss=1.2586 head_lr=931.3 muon_lr=0.2
step=63/200 epoch=2 loss=1.2514 head_lr=924.6 muon_lr=0.2
step=64/200 epoch=2 loss=1.2309 head_lr=917.9 muon_lr=0.2
step=65/200 epoch=2 loss=1.2270 head_lr=911.2 muon_lr=0.2
step=66/200 epoch=2 loss=1.2686 head_lr=904.5 muon_lr=0.2
step=67/200 epoch=2 loss=1.2706 head_lr=897.8 muon_lr=0.2
step=68/200 epoch=2 loss=1.2376 head_lr=891.1 muon_lr=0.2
step=69/200 epoch=2 loss=1.2772 head_lr=884.4 muon_lr=0.2
step=70/200 epoch=2 loss=1.2540 head_lr=877.7 muon_lr=0.2
step=71/200 epoch=2 loss=1.2599 head_lr=871 muon_lr=0.2
step=72/200 epoch=2 loss=1.2107 head_lr=864.3 muon_lr=0.2
step=73/200 epoch=2 loss=1.2236 head_lr=857.6 muon_lr=0.2
step=74/200 epoch=2 loss=1.2582 head_lr=850.9 muon_lr=0.2
step=75/200 epoch=2 loss=1.2675 head_lr=844.2 muon_lr=0.2
eval epoch=2 val_acc=0.6216 time_seconds=4.7340
step=76/200 epoch=3 loss=1.2043 head_lr=837.5 muon_lr=0.2
step=77/200 epoch=3 loss=1.2165 head_lr=830.8 muon_lr=0.2
step=78/200 epoch=3 loss=1.2095 head_lr=824.1 muon_lr=0.2
step=79/200 epoch=3 loss=1.2380 head_lr=817.4 muon_lr=0.2
step=80/200 epoch=3 loss=1.2107 head_lr=810.7 muon_lr=0.2
step=81/200 epoch=3 loss=1.2377 head_lr=804 muon_lr=0.2
step=82/200 epoch=3 loss=1.2420 head_lr=797.3 muon_lr=0.2
step=83/200 epoch=3 loss=1.2492 head_lr=790.6 muon_lr=0.2
step=84/200 epoch=3 loss=1.2052 head_lr=783.9 muon_lr=0.2
step=85/200 epoch=3 loss=1.2559 head_lr=777.2 muon_lr=0.2
step=86/200 epoch=3 loss=1.2186 head_lr=770.5 muon_lr=0.2
step=87/200 epoch=3 loss=1.2241 head_lr=763.8 muon_lr=0.2
step=88/200 epoch=3 loss=1.2317 head_lr=757.1 muon_lr=0.2
step=89/200 epoch=3 loss=1.2171 head_lr=750.4 muon_lr=0.2
step=90/200 epoch=3 loss=1.2317 head_lr=743.7 muon_lr=0.2
step=91/200 epoch=3 loss=1.2106 head_lr=737 muon_lr=0.2
step=92/200 epoch=3 loss=1.2265 head_lr=730.3 muon_lr=0.2
step=93/200 epoch=3 loss=1.2121 head_lr=723.6 muon_lr=0.2
step=94/200 epoch=3 loss=1.2332 head_lr=716.9 muon_lr=0.2
step=95/200 epoch=3 loss=1.2420 head_lr=710.2 muon_lr=0.2
step=96/200 epoch=3 loss=1.2310 head_lr=703.5 muon_lr=0.2
step=97/200 epoch=3 loss=1.2343 head_lr=696.8 muon_lr=0.2
step=98/200 epoch=3 loss=1.2061 head_lr=690.1 muon_lr=0.2
step=99/200 epoch=3 loss=1.2226 head_lr=683.4 muon_lr=0.2
step=100/200 epoch=3 loss=1.2340 head_lr=676.7 muon_lr=0.2
eval epoch=3 val_acc=0.5442 time_seconds=5.9362
step=101/200 epoch=4 loss=1.2242 head_lr=670 muon_lr=0.2
step=102/200 epoch=4 loss=1.2093 head_lr=663.3 muon_lr=0.2
step=103/200 epoch=4 loss=1.2097 head_lr=656.6 muon_lr=0.2
step=104/200 epoch=4 loss=1.2124 head_lr=649.9 muon_lr=0.2
step=105/200 epoch=4 loss=1.2093 head_lr=643.2 muon_lr=0.2
step=106/200 epoch=4 loss=1.2281 head_lr=636.5 muon_lr=0.2
step=107/200 epoch=4 loss=1.2006 head_lr=629.8 muon_lr=0.2
step=108/200 epoch=4 loss=1.2012 head_lr=623.1 muon_lr=0.2
step=109/200 epoch=4 loss=1.2507 head_lr=616.4 muon_lr=0.2
step=110/200 epoch=4 loss=1.2310 head_lr=609.7 muon_lr=0.2
step=111/200 epoch=4 loss=1.2225 head_lr=603 muon_lr=0.2
step=112/200 epoch=4 loss=1.2146 head_lr=596.3 muon_lr=0.2
step=113/200 epoch=4 loss=1.2310 head_lr=589.6 muon_lr=0.2
step=114/200 epoch=4 loss=1.1998 head_lr=582.9 muon_lr=0.2
step=115/200 epoch=4 loss=1.1766 head_lr=576.2 muon_lr=0.2
step=116/200 epoch=4 loss=1.2184 head_lr=569.5 muon_lr=0.2
step=117/200 epoch=4 loss=1.2131 head_lr=562.8 muon_lr=0.2
step=118/200 epoch=4 loss=1.2175 head_lr=556.1 muon_lr=0.2
step=119/200 epoch=4 loss=1.2111 head_lr=549.4 muon_lr=0.2
step=120/200 epoch=4 loss=1.1782 head_lr=542.7 muon_lr=0.2
step=121/200 epoch=4 loss=1.2145 head_lr=536 muon_lr=0.2
step=122/200 epoch=4 loss=1.2262 head_lr=529.3 muon_lr=0.2
step=123/200 epoch=4 loss=1.1902 head_lr=522.6 muon_lr=0.2
step=124/200 epoch=4 loss=1.2505 head_lr=515.9 muon_lr=0.2
step=125/200 epoch=4 loss=1.2199 head_lr=509.2 muon_lr=0.2
eval epoch=4 val_acc=0.7811 time_seconds=7.1365
step=126/200 epoch=5 loss=1.2057 head_lr=502.5 muon_lr=0.2
step=127/200 epoch=5 loss=1.1954 head_lr=495.8 muon_lr=0.2
step=128/200 epoch=5 loss=1.2043 head_lr=489.1 muon_lr=0.2
step=129/200 epoch=5 loss=1.2034 head_lr=482.4 muon_lr=0.2
step=130/200 epoch=5 loss=1.1942 head_lr=475.7 muon_lr=0.2
step=131/200 epoch=5 loss=1.2090 head_lr=469 muon_lr=0.2
step=132/200 epoch=5 loss=1.2111 head_lr=462.3 muon_lr=0.2
step=133/200 epoch=5 loss=1.2342 head_lr=455.6 muon_lr=0.2
step=134/200 epoch=5 loss=1.1835 head_lr=448.9 muon_lr=0.2
step=135/200 epoch=5 loss=1.1967 head_lr=442.2 muon_lr=0.2
step=136/200 epoch=5 loss=1.2091 head_lr=435.5 muon_lr=0.2
step=137/200 epoch=5 loss=1.2044 head_lr=428.8 muon_lr=0.2
step=138/200 epoch=5 loss=1.1770 head_lr=422.1 muon_lr=0.2
step=139/200 epoch=5 loss=1.1706 head_lr=415.4 muon_lr=0.2
step=140/200 epoch=5 loss=1.2009 head_lr=408.7 muon_lr=0.2
step=141/200 epoch=5 loss=1.2002 head_lr=402 muon_lr=0.2
step=142/200 epoch=5 loss=1.2174 head_lr=395.3 muon_lr=0.2
step=143/200 epoch=5 loss=1.1874 head_lr=388.6 muon_lr=0.2
step=144/200 epoch=5 loss=1.2009 head_lr=381.9 muon_lr=0.2
step=145/200 epoch=5 loss=1.2581 head_lr=375.2 muon_lr=0.2
step=146/200 epoch=5 loss=1.2062 head_lr=368.5 muon_lr=0.2
step=147/200 epoch=5 loss=1.1952 head_lr=361.8 muon_lr=0.2
step=148/200 epoch=5 loss=1.1931 head_lr=355.1 muon_lr=0.2
step=149/200 epoch=5 loss=1.1930 head_lr=348.4 muon_lr=0.2
step=150/200 epoch=5 loss=1.2166 head_lr=341.7 muon_lr=0.2
eval epoch=5 val_acc=0.7352 time_seconds=8.3380
step=151/200 epoch=6 loss=1.2130 head_lr=335 muon_lr=0.2
step=152/200 epoch=6 loss=1.1807 head_lr=328.3 muon_lr=0.2
step=153/200 epoch=6 loss=1.1720 head_lr=321.6 muon_lr=0.2
step=154/200 epoch=6 loss=1.1679 head_lr=314.9 muon_lr=0.2
step=155/200 epoch=6 loss=1.2136 head_lr=308.2 muon_lr=0.2
step=156/200 epoch=6 loss=1.2143 head_lr=301.5 muon_lr=0.2
step=157/200 epoch=6 loss=1.1989 head_lr=294.8 muon_lr=0.2
step=158/200 epoch=6 loss=1.1653 head_lr=288.1 muon_lr=0.2
step=159/200 epoch=6 loss=1.2072 head_lr=281.4 muon_lr=0.2
step=160/200 epoch=6 loss=1.1904 head_lr=274.7 muon_lr=0.2
step=161/200 epoch=6 loss=1.1739 head_lr=268 muon_lr=0.2
step=162/200 epoch=6 loss=1.2108 head_lr=261.3 muon_lr=0.2
step=163/200 epoch=6 loss=1.2024 head_lr=254.6 muon_lr=0.2
step=164/200 epoch=6 loss=1.1947 head_lr=247.9 muon_lr=0.2
step=165/200 epoch=6 loss=1.1949 head_lr=241.2 muon_lr=0.2
step=166/200 epoch=6 loss=1.2018 head_lr=234.5 muon_lr=0.2
step=167/200 epoch=6 loss=1.2017 head_lr=227.8 muon_lr=0.2
step=168/200 epoch=6 loss=1.2020 head_lr=221.1 muon_lr=0.2
step=169/200 epoch=6 loss=1.1846 head_lr=214.4 muon_lr=0.2
step=170/200 epoch=6 loss=1.1850 head_lr=207.7 muon_lr=0.2
step=171/200 epoch=6 loss=1.2266 head_lr=201 muon_lr=0.2
step=172/200 epoch=6 loss=1.1944 head_lr=194.3 muon_lr=0.2
step=173/200 epoch=6 loss=1.2230 head_lr=187.6 muon_lr=0.2
step=174/200 epoch=6 loss=1.2096 head_lr=180.9 muon_lr=0.2
step=175/200 epoch=6 loss=1.1702 head_lr=174.2 muon_lr=0.2
eval epoch=6 val_acc=0.7686 time_seconds=9.5393
step=176/200 epoch=7 loss=1.1735 head_lr=167.5 muon_lr=0.2
step=177/200 epoch=7 loss=1.1852 head_lr=160.8 muon_lr=0.2
step=178/200 epoch=7 loss=1.1887 head_lr=154.1 muon_lr=0.2
step=179/200 epoch=7 loss=1.1777 head_lr=147.4 muon_lr=0.2
step=180/200 epoch=7 loss=1.1664 head_lr=140.7 muon_lr=0.2
step=181/200 epoch=7 loss=1.1999 head_lr=134 muon_lr=0.2
step=182/200 epoch=7 loss=1.2130 head_lr=127.3 muon_lr=0.2
step=183/200 epoch=7 loss=1.1875 head_lr=120.6 muon_lr=0.2
step=184/200 epoch=7 loss=1.1905 head_lr=113.9 muon_lr=0.2
step=185/200 epoch=7 loss=1.1955 head_lr=107.2 muon_lr=0.2
step=186/200 epoch=7 loss=1.1926 head_lr=100.5 muon_lr=0.2
step=187/200 epoch=7 loss=1.2169 head_lr=93.8 muon_lr=0.2
step=188/200 epoch=7 loss=1.1820 head_lr=87.1 muon_lr=0.2
step=189/200 epoch=7 loss=1.1894 head_lr=80.4 muon_lr=0.2
step=190/200 epoch=7 loss=1.1593 head_lr=73.7 muon_lr=0.2
step=191/200 epoch=7 loss=1.2025 head_lr=67 muon_lr=0.2
step=192/200 epoch=7 loss=1.1785 head_lr=60.3 muon_lr=0.2
step=193/200 epoch=7 loss=1.1891 head_lr=53.6 muon_lr=0.2
step=194/200 epoch=7 loss=1.2023 head_lr=46.9 muon_lr=0.2
step=195/200 epoch=7 loss=1.1982 head_lr=40.2 muon_lr=0.2
step=196/200 epoch=7 loss=1.2076 head_lr=33.5 muon_lr=0.2
step=197/200 epoch=7 loss=1.1789 head_lr=26.8 muon_lr=0.2
step=198/200 epoch=7 loss=1.1820 head_lr=20.1 muon_lr=0.2
step=199/200 epoch=7 loss=1.1540 head_lr=13.4 muon_lr=0.2
step=200/200 epoch=7 loss=1.1970 head_lr=6.7 muon_lr=0.2
eval epoch=7 val_acc=0.7812 time_seconds=10.7428
eval epoch=final 25batch_train_loss=1.2219 val_acc=0.7812 tta_val_acc=0.8173 time_seconds=11.3546
Run:                0
Seed:               0
Seed group:         same_seed
Batch size:         2000
Muon lr:            0.2
SGD lr mult:        1
25batch train loss: 1.2219
Val acc:            0.7812
TTA val:            0.8173
cifar_reproducibility run=1 seed=0 seed_group=same_seed batch_size=2000 muon_lr=0.2
step=1/200 epoch=0 loss=2.3101 head_lr=1340 muon_lr=0.2
step=2/200 epoch=0 loss=2.3055 head_lr=1333.3 muon_lr=0.2
step=3/200 epoch=0 loss=2.3241 head_lr=1326.6 muon_lr=0.2
step=4/200 epoch=0 loss=2.0688 head_lr=1319.9 muon_lr=0.2
step=5/200 epoch=0 loss=1.9834 head_lr=1313.2 muon_lr=0.2
step=6/200 epoch=0 loss=1.9526 head_lr=1306.5 muon_lr=0.2
step=7/200 epoch=0 loss=1.8825 head_lr=1299.8 muon_lr=0.2
step=8/200 epoch=0 loss=1.8043 head_lr=1293.1 muon_lr=0.2
step=9/200 epoch=0 loss=1.7039 head_lr=1286.4 muon_lr=0.2
step=10/200 epoch=0 loss=1.7312 head_lr=1279.7 muon_lr=0.2
step=11/200 epoch=0 loss=1.7369 head_lr=1273 muon_lr=0.2
step=12/200 epoch=0 loss=1.6574 head_lr=1266.3 muon_lr=0.2
step=13/200 epoch=0 loss=1.5929 head_lr=1259.6 muon_lr=0.2
step=14/200 epoch=0 loss=1.5996 head_lr=1252.9 muon_lr=0.2
step=15/200 epoch=0 loss=1.5994 head_lr=1246.2 muon_lr=0.2
step=16/200 epoch=0 loss=1.5717 head_lr=1239.5 muon_lr=0.2
step=17/200 epoch=0 loss=1.5403 head_lr=1232.8 muon_lr=0.2
step=18/200 epoch=0 loss=1.5113 head_lr=1226.1 muon_lr=0.2
step=19/200 epoch=0 loss=1.4920 head_lr=1219.4 muon_lr=0.2
step=20/200 epoch=0 loss=1.4933 head_lr=1212.7 muon_lr=0.2
step=21/200 epoch=0 loss=1.4545 head_lr=1206 muon_lr=0.2
step=22/200 epoch=0 loss=1.4526 head_lr=1199.3 muon_lr=0.2
step=23/200 epoch=0 loss=1.4020 head_lr=1192.6 muon_lr=0.2
step=24/200 epoch=0 loss=1.4088 head_lr=1185.9 muon_lr=0.2
step=25/200 epoch=0 loss=1.4142 head_lr=1179.2 muon_lr=0.2
eval run=1 epoch=0 val_acc=0.5848 time_seconds=1.2952
step=26/200 epoch=1 loss=1.3938 head_lr=1172.5 muon_lr=0.2
step=27/200 epoch=1 loss=1.3658 head_lr=1165.8 muon_lr=0.2
step=28/200 epoch=1 loss=1.3822 head_lr=1159.1 muon_lr=0.2
step=29/200 epoch=1 loss=1.3834 head_lr=1152.4 muon_lr=0.2
step=30/200 epoch=1 loss=1.3295 head_lr=1145.7 muon_lr=0.2
step=31/200 epoch=1 loss=1.3178 head_lr=1139 muon_lr=0.2
step=32/200 epoch=1 loss=1.3235 head_lr=1132.3 muon_lr=0.2
step=33/200 epoch=1 loss=1.3565 head_lr=1125.6 muon_lr=0.2
step=34/200 epoch=1 loss=1.3218 head_lr=1118.9 muon_lr=0.2
step=35/200 epoch=1 loss=1.3118 head_lr=1112.2 muon_lr=0.2
step=36/200 epoch=1 loss=1.3293 head_lr=1105.5 muon_lr=0.2
step=37/200 epoch=1 loss=1.3283 head_lr=1098.8 muon_lr=0.2
step=38/200 epoch=1 loss=1.3264 head_lr=1092.1 muon_lr=0.2
step=39/200 epoch=1 loss=1.2945 head_lr=1085.4 muon_lr=0.2
step=40/200 epoch=1 loss=1.2865 head_lr=1078.7 muon_lr=0.2
step=41/200 epoch=1 loss=1.2881 head_lr=1072 muon_lr=0.2
step=42/200 epoch=1 loss=1.3062 head_lr=1065.3 muon_lr=0.2
step=43/200 epoch=1 loss=1.2814 head_lr=1058.6 muon_lr=0.2
step=44/200 epoch=1 loss=1.3102 head_lr=1051.9 muon_lr=0.2
step=45/200 epoch=1 loss=1.2917 head_lr=1045.2 muon_lr=0.2
step=46/200 epoch=1 loss=1.3058 head_lr=1038.5 muon_lr=0.2
step=47/200 epoch=1 loss=1.2774 head_lr=1031.8 muon_lr=0.2
step=48/200 epoch=1 loss=1.3142 head_lr=1025.1 muon_lr=0.2
step=49/200 epoch=1 loss=1.2846 head_lr=1018.4 muon_lr=0.2
step=50/200 epoch=1 loss=1.2844 head_lr=1011.7 muon_lr=0.2
eval epoch=1 val_acc=0.7711 time_seconds=2.5860
step=51/200 epoch=2 loss=1.2320 head_lr=1005 muon_lr=0.2
step=52/200 epoch=2 loss=1.2498 head_lr=998.3 muon_lr=0.2
step=53/200 epoch=2 loss=1.2696 head_lr=991.6 muon_lr=0.2
step=54/200 epoch=2 loss=1.2563 head_lr=984.9 muon_lr=0.2
step=55/200 epoch=2 loss=1.2597 head_lr=978.2 muon_lr=0.2
step=56/200 epoch=2 loss=1.2758 head_lr=971.5 muon_lr=0.2
step=57/200 epoch=2 loss=1.2524 head_lr=964.8 muon_lr=0.2
step=58/200 epoch=2 loss=1.2754 head_lr=958.1 muon_lr=0.2
step=59/200 epoch=2 loss=1.2205 head_lr=951.4 muon_lr=0.2
step=60/200 epoch=2 loss=1.2206 head_lr=944.7 muon_lr=0.2
step=61/200 epoch=2 loss=1.2149 head_lr=938 muon_lr=0.2
step=62/200 epoch=2 loss=1.2586 head_lr=931.3 muon_lr=0.2
step=63/200 epoch=2 loss=1.2514 head_lr=924.6 muon_lr=0.2
step=64/200 epoch=2 loss=1.2309 head_lr=917.9 muon_lr=0.2
step=65/200 epoch=2 loss=1.2270 head_lr=911.2 muon_lr=0.2
step=66/200 epoch=2 loss=1.2686 head_lr=904.5 muon_lr=0.2
step=67/200 epoch=2 loss=1.2706 head_lr=897.8 muon_lr=0.2
step=68/200 epoch=2 loss=1.2376 head_lr=891.1 muon_lr=0.2
step=69/200 epoch=2 loss=1.2772 head_lr=884.4 muon_lr=0.2
step=70/200 epoch=2 loss=1.2540 head_lr=877.7 muon_lr=0.2
step=71/200 epoch=2 loss=1.2599 head_lr=871 muon_lr=0.2
step=72/200 epoch=2 loss=1.2107 head_lr=864.3 muon_lr=0.2
step=73/200 epoch=2 loss=1.2236 head_lr=857.6 muon_lr=0.2
step=74/200 epoch=2 loss=1.2582 head_lr=850.9 muon_lr=0.2
step=75/200 epoch=2 loss=1.2675 head_lr=844.2 muon_lr=0.2
eval epoch=2 val_acc=0.6216 time_seconds=3.8773
step=76/200 epoch=3 loss=1.2043 head_lr=837.5 muon_lr=0.2
step=77/200 epoch=3 loss=1.2165 head_lr=830.8 muon_lr=0.2
step=78/200 epoch=3 loss=1.2095 head_lr=824.1 muon_lr=0.2
step=79/200 epoch=3 loss=1.2380 head_lr=817.4 muon_lr=0.2
step=80/200 epoch=3 loss=1.2107 head_lr=810.7 muon_lr=0.2
step=81/200 epoch=3 loss=1.2377 head_lr=804 muon_lr=0.2
step=82/200 epoch=3 loss=1.2420 head_lr=797.3 muon_lr=0.2
step=83/200 epoch=3 loss=1.2492 head_lr=790.6 muon_lr=0.2
step=84/200 epoch=3 loss=1.2052 head_lr=783.9 muon_lr=0.2
step=85/200 epoch=3 loss=1.2559 head_lr=777.2 muon_lr=0.2
step=86/200 epoch=3 loss=1.2186 head_lr=770.5 muon_lr=0.2
step=87/200 epoch=3 loss=1.2241 head_lr=763.8 muon_lr=0.2
step=88/200 epoch=3 loss=1.2317 head_lr=757.1 muon_lr=0.2
step=89/200 epoch=3 loss=1.2171 head_lr=750.4 muon_lr=0.2
step=90/200 epoch=3 loss=1.2317 head_lr=743.7 muon_lr=0.2
step=91/200 epoch=3 loss=1.2106 head_lr=737 muon_lr=0.2
step=92/200 epoch=3 loss=1.2265 head_lr=730.3 muon_lr=0.2
step=93/200 epoch=3 loss=1.2121 head_lr=723.6 muon_lr=0.2
step=94/200 epoch=3 loss=1.2332 head_lr=716.9 muon_lr=0.2
step=95/200 epoch=3 loss=1.2420 head_lr=710.2 muon_lr=0.2
step=96/200 epoch=3 loss=1.2310 head_lr=703.5 muon_lr=0.2
step=97/200 epoch=3 loss=1.2343 head_lr=696.8 muon_lr=0.2
step=98/200 epoch=3 loss=1.2061 head_lr=690.1 muon_lr=0.2
step=99/200 epoch=3 loss=1.2226 head_lr=683.4 muon_lr=0.2
step=100/200 epoch=3 loss=1.2340 head_lr=676.7 muon_lr=0.2
eval epoch=3 val_acc=0.5442 time_seconds=5.0814
step=101/200 epoch=4 loss=1.2242 head_lr=670 muon_lr=0.2
step=102/200 epoch=4 loss=1.2093 head_lr=663.3 muon_lr=0.2
step=103/200 epoch=4 loss=1.2097 head_lr=656.6 muon_lr=0.2
step=104/200 epoch=4 loss=1.2124 head_lr=649.9 muon_lr=0.2
step=105/200 epoch=4 loss=1.2093 head_lr=643.2 muon_lr=0.2
step=106/200 epoch=4 loss=1.2281 head_lr=636.5 muon_lr=0.2
step=107/200 epoch=4 loss=1.2006 head_lr=629.8 muon_lr=0.2
step=108/200 epoch=4 loss=1.2012 head_lr=623.1 muon_lr=0.2
step=109/200 epoch=4 loss=1.2507 head_lr=616.4 muon_lr=0.2
step=110/200 epoch=4 loss=1.2310 head_lr=609.7 muon_lr=0.2
step=111/200 epoch=4 loss=1.2225 head_lr=603 muon_lr=0.2
step=112/200 epoch=4 loss=1.2146 head_lr=596.3 muon_lr=0.2
step=113/200 epoch=4 loss=1.2310 head_lr=589.6 muon_lr=0.2
step=114/200 epoch=4 loss=1.1998 head_lr=582.9 muon_lr=0.2
step=115/200 epoch=4 loss=1.1766 head_lr=576.2 muon_lr=0.2
step=116/200 epoch=4 loss=1.2184 head_lr=569.5 muon_lr=0.2
step=117/200 epoch=4 loss=1.2131 head_lr=562.8 muon_lr=0.2
step=118/200 epoch=4 loss=1.2175 head_lr=556.1 muon_lr=0.2
step=119/200 epoch=4 loss=1.2111 head_lr=549.4 muon_lr=0.2
step=120/200 epoch=4 loss=1.1782 head_lr=542.7 muon_lr=0.2
step=121/200 epoch=4 loss=1.2145 head_lr=536 muon_lr=0.2
step=122/200 epoch=4 loss=1.2262 head_lr=529.3 muon_lr=0.2
step=123/200 epoch=4 loss=1.1902 head_lr=522.6 muon_lr=0.2
step=124/200 epoch=4 loss=1.2505 head_lr=515.9 muon_lr=0.2
step=125/200 epoch=4 loss=1.2199 head_lr=509.2 muon_lr=0.2
eval epoch=4 val_acc=0.7811 time_seconds=6.2856
step=126/200 epoch=5 loss=1.2057 head_lr=502.5 muon_lr=0.2
step=127/200 epoch=5 loss=1.1954 head_lr=495.8 muon_lr=0.2
step=128/200 epoch=5 loss=1.2043 head_lr=489.1 muon_lr=0.2
step=129/200 epoch=5 loss=1.2034 head_lr=482.4 muon_lr=0.2
step=130/200 epoch=5 loss=1.1942 head_lr=475.7 muon_lr=0.2
step=131/200 epoch=5 loss=1.2090 head_lr=469 muon_lr=0.2
step=132/200 epoch=5 loss=1.2111 head_lr=462.3 muon_lr=0.2
step=133/200 epoch=5 loss=1.2342 head_lr=455.6 muon_lr=0.2
step=134/200 epoch=5 loss=1.1835 head_lr=448.9 muon_lr=0.2
step=135/200 epoch=5 loss=1.1967 head_lr=442.2 muon_lr=0.2
step=136/200 epoch=5 loss=1.2091 head_lr=435.5 muon_lr=0.2
step=137/200 epoch=5 loss=1.2044 head_lr=428.8 muon_lr=0.2
step=138/200 epoch=5 loss=1.1770 head_lr=422.1 muon_lr=0.2
step=139/200 epoch=5 loss=1.1706 head_lr=415.4 muon_lr=0.2
step=140/200 epoch=5 loss=1.2009 head_lr=408.7 muon_lr=0.2
step=141/200 epoch=5 loss=1.2002 head_lr=402 muon_lr=0.2
step=142/200 epoch=5 loss=1.2174 head_lr=395.3 muon_lr=0.2
step=143/200 epoch=5 loss=1.1874 head_lr=388.6 muon_lr=0.2
step=144/200 epoch=5 loss=1.2009 head_lr=381.9 muon_lr=0.2
step=145/200 epoch=5 loss=1.2581 head_lr=375.2 muon_lr=0.2
step=146/200 epoch=5 loss=1.2062 head_lr=368.5 muon_lr=0.2
step=147/200 epoch=5 loss=1.1952 head_lr=361.8 muon_lr=0.2
step=148/200 epoch=5 loss=1.1931 head_lr=355.1 muon_lr=0.2
step=149/200 epoch=5 loss=1.1930 head_lr=348.4 muon_lr=0.2
step=150/200 epoch=5 loss=1.2166 head_lr=341.7 muon_lr=0.2
eval epoch=5 val_acc=0.7352 time_seconds=7.4898
step=151/200 epoch=6 loss=1.2130 head_lr=335 muon_lr=0.2
step=152/200 epoch=6 loss=1.1807 head_lr=328.3 muon_lr=0.2
step=153/200 epoch=6 loss=1.1720 head_lr=321.6 muon_lr=0.2
step=154/200 epoch=6 loss=1.1679 head_lr=314.9 muon_lr=0.2
step=155/200 epoch=6 loss=1.2136 head_lr=308.2 muon_lr=0.2
step=156/200 epoch=6 loss=1.2143 head_lr=301.5 muon_lr=0.2
step=157/200 epoch=6 loss=1.1989 head_lr=294.8 muon_lr=0.2
step=158/200 epoch=6 loss=1.1653 head_lr=288.1 muon_lr=0.2
step=159/200 epoch=6 loss=1.2072 head_lr=281.4 muon_lr=0.2
step=160/200 epoch=6 loss=1.1904 head_lr=274.7 muon_lr=0.2
step=161/200 epoch=6 loss=1.1739 head_lr=268 muon_lr=0.2
step=162/200 epoch=6 loss=1.2108 head_lr=261.3 muon_lr=0.2
step=163/200 epoch=6 loss=1.2024 head_lr=254.6 muon_lr=0.2
step=164/200 epoch=6 loss=1.1947 head_lr=247.9 muon_lr=0.2
step=165/200 epoch=6 loss=1.1949 head_lr=241.2 muon_lr=0.2
step=166/200 epoch=6 loss=1.2018 head_lr=234.5 muon_lr=0.2
step=167/200 epoch=6 loss=1.2017 head_lr=227.8 muon_lr=0.2
step=168/200 epoch=6 loss=1.2020 head_lr=221.1 muon_lr=0.2
step=169/200 epoch=6 loss=1.1846 head_lr=214.4 muon_lr=0.2
step=170/200 epoch=6 loss=1.1850 head_lr=207.7 muon_lr=0.2
step=171/200 epoch=6 loss=1.2266 head_lr=201 muon_lr=0.2
step=172/200 epoch=6 loss=1.1944 head_lr=194.3 muon_lr=0.2
step=173/200 epoch=6 loss=1.2230 head_lr=187.6 muon_lr=0.2
step=174/200 epoch=6 loss=1.2096 head_lr=180.9 muon_lr=0.2
step=175/200 epoch=6 loss=1.1702 head_lr=174.2 muon_lr=0.2
eval epoch=6 val_acc=0.7686 time_seconds=8.6941
step=176/200 epoch=7 loss=1.1735 head_lr=167.5 muon_lr=0.2
step=177/200 epoch=7 loss=1.1852 head_lr=160.8 muon_lr=0.2
step=178/200 epoch=7 loss=1.1887 head_lr=154.1 muon_lr=0.2
step=179/200 epoch=7 loss=1.1777 head_lr=147.4 muon_lr=0.2
step=180/200 epoch=7 loss=1.1664 head_lr=140.7 muon_lr=0.2
step=181/200 epoch=7 loss=1.1999 head_lr=134 muon_lr=0.2
step=182/200 epoch=7 loss=1.2130 head_lr=127.3 muon_lr=0.2
step=183/200 epoch=7 loss=1.1875 head_lr=120.6 muon_lr=0.2
step=184/200 epoch=7 loss=1.1905 head_lr=113.9 muon_lr=0.2
step=185/200 epoch=7 loss=1.1955 head_lr=107.2 muon_lr=0.2
step=186/200 epoch=7 loss=1.1926 head_lr=100.5 muon_lr=0.2
step=187/200 epoch=7 loss=1.2169 head_lr=93.8 muon_lr=0.2
step=188/200 epoch=7 loss=1.1820 head_lr=87.1 muon_lr=0.2
step=189/200 epoch=7 loss=1.1894 head_lr=80.4 muon_lr=0.2
step=190/200 epoch=7 loss=1.1593 head_lr=73.7 muon_lr=0.2
step=191/200 epoch=7 loss=1.2025 head_lr=67 muon_lr=0.2
step=192/200 epoch=7 loss=1.1785 head_lr=60.3 muon_lr=0.2
step=193/200 epoch=7 loss=1.1891 head_lr=53.6 muon_lr=0.2
step=194/200 epoch=7 loss=1.2023 head_lr=46.9 muon_lr=0.2
step=195/200 epoch=7 loss=1.1982 head_lr=40.2 muon_lr=0.2
step=196/200 epoch=7 loss=1.2076 head_lr=33.5 muon_lr=0.2
step=197/200 epoch=7 loss=1.1789 head_lr=26.8 muon_lr=0.2
step=198/200 epoch=7 loss=1.1820 head_lr=20.1 muon_lr=0.2
step=199/200 epoch=7 loss=1.1540 head_lr=13.4 muon_lr=0.2
step=200/200 epoch=7 loss=1.1970 head_lr=6.7 muon_lr=0.2
eval epoch=7 val_acc=0.7812 time_seconds=9.8995
eval epoch=final 25batch_train_loss=1.2219 val_acc=0.7812 tta_val_acc=0.8173 time_seconds=10.5130
Run:                1
Seed:               0
Seed group:         same_seed
Batch size:         2000
Muon lr:            0.2
SGD lr mult:        1
25batch train loss: 1.2219
Val acc:            0.7812
TTA val:            0.8173
cifar_reproducibility run=2 seed=0 seed_group=same_seed batch_size=2000 muon_lr=0.2
step=1/200 epoch=0 loss=2.3101 head_lr=1340 muon_lr=0.2
step=2/200 epoch=0 loss=2.3055 head_lr=1333.3 muon_lr=0.2
step=3/200 epoch=0 loss=2.3241 head_lr=1326.6 muon_lr=0.2
step=4/200 epoch=0 loss=2.0688 head_lr=1319.9 muon_lr=0.2
step=5/200 epoch=0 loss=1.9834 head_lr=1313.2 muon_lr=0.2
step=6/200 epoch=0 loss=1.9526 head_lr=1306.5 muon_lr=0.2
step=7/200 epoch=0 loss=1.8825 head_lr=1299.8 muon_lr=0.2
step=8/200 epoch=0 loss=1.8043 head_lr=1293.1 muon_lr=0.2
step=9/200 epoch=0 loss=1.7039 head_lr=1286.4 muon_lr=0.2
step=10/200 epoch=0 loss=1.7312 head_lr=1279.7 muon_lr=0.2
step=11/200 epoch=0 loss=1.7369 head_lr=1273 muon_lr=0.2
step=12/200 epoch=0 loss=1.6574 head_lr=1266.3 muon_lr=0.2
step=13/200 epoch=0 loss=1.5929 head_lr=1259.6 muon_lr=0.2
step=14/200 epoch=0 loss=1.5996 head_lr=1252.9 muon_lr=0.2
step=15/200 epoch=0 loss=1.5994 head_lr=1246.2 muon_lr=0.2
step=16/200 epoch=0 loss=1.5717 head_lr=1239.5 muon_lr=0.2
step=17/200 epoch=0 loss=1.5403 head_lr=1232.8 muon_lr=0.2
step=18/200 epoch=0 loss=1.5113 head_lr=1226.1 muon_lr=0.2
step=19/200 epoch=0 loss=1.4920 head_lr=1219.4 muon_lr=0.2
step=20/200 epoch=0 loss=1.4933 head_lr=1212.7 muon_lr=0.2
step=21/200 epoch=0 loss=1.4545 head_lr=1206 muon_lr=0.2
step=22/200 epoch=0 loss=1.4526 head_lr=1199.3 muon_lr=0.2
step=23/200 epoch=0 loss=1.4020 head_lr=1192.6 muon_lr=0.2
step=24/200 epoch=0 loss=1.4088 head_lr=1185.9 muon_lr=0.2
step=25/200 epoch=0 loss=1.4142 head_lr=1179.2 muon_lr=0.2
eval run=2 epoch=0 val_acc=0.5848 time_seconds=1.2977
step=26/200 epoch=1 loss=1.3938 head_lr=1172.5 muon_lr=0.2
step=27/200 epoch=1 loss=1.3658 head_lr=1165.8 muon_lr=0.2
step=28/200 epoch=1 loss=1.3822 head_lr=1159.1 muon_lr=0.2
step=29/200 epoch=1 loss=1.3834 head_lr=1152.4 muon_lr=0.2
step=30/200 epoch=1 loss=1.3295 head_lr=1145.7 muon_lr=0.2
step=31/200 epoch=1 loss=1.3178 head_lr=1139 muon_lr=0.2
step=32/200 epoch=1 loss=1.3235 head_lr=1132.3 muon_lr=0.2
step=33/200 epoch=1 loss=1.3565 head_lr=1125.6 muon_lr=0.2
step=34/200 epoch=1 loss=1.3218 head_lr=1118.9 muon_lr=0.2
step=35/200 epoch=1 loss=1.3118 head_lr=1112.2 muon_lr=0.2
step=36/200 epoch=1 loss=1.3293 head_lr=1105.5 muon_lr=0.2
step=37/200 epoch=1 loss=1.3283 head_lr=1098.8 muon_lr=0.2
step=38/200 epoch=1 loss=1.3264 head_lr=1092.1 muon_lr=0.2
step=39/200 epoch=1 loss=1.2945 head_lr=1085.4 muon_lr=0.2
step=40/200 epoch=1 loss=1.2865 head_lr=1078.7 muon_lr=0.2
step=41/200 epoch=1 loss=1.2881 head_lr=1072 muon_lr=0.2
step=42/200 epoch=1 loss=1.3062 head_lr=1065.3 muon_lr=0.2
step=43/200 epoch=1 loss=1.2814 head_lr=1058.6 muon_lr=0.2
step=44/200 epoch=1 loss=1.3102 head_lr=1051.9 muon_lr=0.2
step=45/200 epoch=1 loss=1.2917 head_lr=1045.2 muon_lr=0.2
step=46/200 epoch=1 loss=1.3058 head_lr=1038.5 muon_lr=0.2
step=47/200 epoch=1 loss=1.2774 head_lr=1031.8 muon_lr=0.2
step=48/200 epoch=1 loss=1.3142 head_lr=1025.1 muon_lr=0.2
step=49/200 epoch=1 loss=1.2846 head_lr=1018.4 muon_lr=0.2
step=50/200 epoch=1 loss=1.2844 head_lr=1011.7 muon_lr=0.2
eval epoch=1 val_acc=0.7711 time_seconds=2.5916
step=51/200 epoch=2 loss=1.2320 head_lr=1005 muon_lr=0.2
step=52/200 epoch=2 loss=1.2498 head_lr=998.3 muon_lr=0.2
step=53/200 epoch=2 loss=1.2696 head_lr=991.6 muon_lr=0.2
step=54/200 epoch=2 loss=1.2563 head_lr=984.9 muon_lr=0.2
step=55/200 epoch=2 loss=1.2597 head_lr=978.2 muon_lr=0.2
step=56/200 epoch=2 loss=1.2758 head_lr=971.5 muon_lr=0.2
step=57/200 epoch=2 loss=1.2524 head_lr=964.8 muon_lr=0.2
step=58/200 epoch=2 loss=1.2754 head_lr=958.1 muon_lr=0.2
step=59/200 epoch=2 loss=1.2205 head_lr=951.4 muon_lr=0.2
step=60/200 epoch=2 loss=1.2206 head_lr=944.7 muon_lr=0.2
step=61/200 epoch=2 loss=1.2149 head_lr=938 muon_lr=0.2
step=62/200 epoch=2 loss=1.2586 head_lr=931.3 muon_lr=0.2
step=63/200 epoch=2 loss=1.2514 head_lr=924.6 muon_lr=0.2
step=64/200 epoch=2 loss=1.2309 head_lr=917.9 muon_lr=0.2
step=65/200 epoch=2 loss=1.2270 head_lr=911.2 muon_lr=0.2
step=66/200 epoch=2 loss=1.2686 head_lr=904.5 muon_lr=0.2
step=67/200 epoch=2 loss=1.2706 head_lr=897.8 muon_lr=0.2
step=68/200 epoch=2 loss=1.2376 head_lr=891.1 muon_lr=0.2
step=69/200 epoch=2 loss=1.2772 head_lr=884.4 muon_lr=0.2
step=70/200 epoch=2 loss=1.2540 head_lr=877.7 muon_lr=0.2
step=71/200 epoch=2 loss=1.2599 head_lr=871 muon_lr=0.2
step=72/200 epoch=2 loss=1.2107 head_lr=864.3 muon_lr=0.2
step=73/200 epoch=2 loss=1.2236 head_lr=857.6 muon_lr=0.2
step=74/200 epoch=2 loss=1.2582 head_lr=850.9 muon_lr=0.2
step=75/200 epoch=2 loss=1.2675 head_lr=844.2 muon_lr=0.2
eval epoch=2 val_acc=0.6216 time_seconds=3.8846
step=76/200 epoch=3 loss=1.2043 head_lr=837.5 muon_lr=0.2
step=77/200 epoch=3 loss=1.2165 head_lr=830.8 muon_lr=0.2
step=78/200 epoch=3 loss=1.2095 head_lr=824.1 muon_lr=0.2
step=79/200 epoch=3 loss=1.2380 head_lr=817.4 muon_lr=0.2
step=80/200 epoch=3 loss=1.2107 head_lr=810.7 muon_lr=0.2
step=81/200 epoch=3 loss=1.2377 head_lr=804 muon_lr=0.2
step=82/200 epoch=3 loss=1.2420 head_lr=797.3 muon_lr=0.2
step=83/200 epoch=3 loss=1.2492 head_lr=790.6 muon_lr=0.2
step=84/200 epoch=3 loss=1.2052 head_lr=783.9 muon_lr=0.2
step=85/200 epoch=3 loss=1.2559 head_lr=777.2 muon_lr=0.2
step=86/200 epoch=3 loss=1.2186 head_lr=770.5 muon_lr=0.2
step=87/200 epoch=3 loss=1.2241 head_lr=763.8 muon_lr=0.2
step=88/200 epoch=3 loss=1.2317 head_lr=757.1 muon_lr=0.2
step=89/200 epoch=3 loss=1.2171 head_lr=750.4 muon_lr=0.2
step=90/200 epoch=3 loss=1.2317 head_lr=743.7 muon_lr=0.2
step=91/200 epoch=3 loss=1.2106 head_lr=737 muon_lr=0.2
step=92/200 epoch=3 loss=1.2265 head_lr=730.3 muon_lr=0.2
step=93/200 epoch=3 loss=1.2121 head_lr=723.6 muon_lr=0.2
step=94/200 epoch=3 loss=1.2332 head_lr=716.9 muon_lr=0.2
step=95/200 epoch=3 loss=1.2420 head_lr=710.2 muon_lr=0.2
step=96/200 epoch=3 loss=1.2310 head_lr=703.5 muon_lr=0.2
step=97/200 epoch=3 loss=1.2343 head_lr=696.8 muon_lr=0.2
step=98/200 epoch=3 loss=1.2061 head_lr=690.1 muon_lr=0.2
step=99/200 epoch=3 loss=1.2226 head_lr=683.4 muon_lr=0.2
step=100/200 epoch=3 loss=1.2340 head_lr=676.7 muon_lr=0.2
eval epoch=3 val_acc=0.5442 time_seconds=5.0905
step=101/200 epoch=4 loss=1.2242 head_lr=670 muon_lr=0.2
step=102/200 epoch=4 loss=1.2093 head_lr=663.3 muon_lr=0.2
step=103/200 epoch=4 loss=1.2097 head_lr=656.6 muon_lr=0.2
step=104/200 epoch=4 loss=1.2124 head_lr=649.9 muon_lr=0.2
step=105/200 epoch=4 loss=1.2093 head_lr=643.2 muon_lr=0.2
step=106/200 epoch=4 loss=1.2281 head_lr=636.5 muon_lr=0.2
step=107/200 epoch=4 loss=1.2006 head_lr=629.8 muon_lr=0.2
step=108/200 epoch=4 loss=1.2012 head_lr=623.1 muon_lr=0.2
step=109/200 epoch=4 loss=1.2507 head_lr=616.4 muon_lr=0.2
step=110/200 epoch=4 loss=1.2310 head_lr=609.7 muon_lr=0.2
step=111/200 epoch=4 loss=1.2225 head_lr=603 muon_lr=0.2
step=112/200 epoch=4 loss=1.2146 head_lr=596.3 muon_lr=0.2
step=113/200 epoch=4 loss=1.2310 head_lr=589.6 muon_lr=0.2
step=114/200 epoch=4 loss=1.1998 head_lr=582.9 muon_lr=0.2
step=115/200 epoch=4 loss=1.1766 head_lr=576.2 muon_lr=0.2
step=116/200 epoch=4 loss=1.2184 head_lr=569.5 muon_lr=0.2
step=117/200 epoch=4 loss=1.2131 head_lr=562.8 muon_lr=0.2
step=118/200 epoch=4 loss=1.2175 head_lr=556.1 muon_lr=0.2
step=119/200 epoch=4 loss=1.2111 head_lr=549.4 muon_lr=0.2
step=120/200 epoch=4 loss=1.1782 head_lr=542.7 muon_lr=0.2
step=121/200 epoch=4 loss=1.2145 head_lr=536 muon_lr=0.2
step=122/200 epoch=4 loss=1.2262 head_lr=529.3 muon_lr=0.2
step=123/200 epoch=4 loss=1.1902 head_lr=522.6 muon_lr=0.2
step=124/200 epoch=4 loss=1.2505 head_lr=515.9 muon_lr=0.2
step=125/200 epoch=4 loss=1.2199 head_lr=509.2 muon_lr=0.2
eval epoch=4 val_acc=0.7811 time_seconds=6.2956
step=126/200 epoch=5 loss=1.2057 head_lr=502.5 muon_lr=0.2
step=127/200 epoch=5 loss=1.1954 head_lr=495.8 muon_lr=0.2
step=128/200 epoch=5 loss=1.2043 head_lr=489.1 muon_lr=0.2
step=129/200 epoch=5 loss=1.2034 head_lr=482.4 muon_lr=0.2
step=130/200 epoch=5 loss=1.1942 head_lr=475.7 muon_lr=0.2
step=131/200 epoch=5 loss=1.2090 head_lr=469 muon_lr=0.2
step=132/200 epoch=5 loss=1.2111 head_lr=462.3 muon_lr=0.2
step=133/200 epoch=5 loss=1.2342 head_lr=455.6 muon_lr=0.2
step=134/200 epoch=5 loss=1.1835 head_lr=448.9 muon_lr=0.2
step=135/200 epoch=5 loss=1.1967 head_lr=442.2 muon_lr=0.2
step=136/200 epoch=5 loss=1.2091 head_lr=435.5 muon_lr=0.2
step=137/200 epoch=5 loss=1.2044 head_lr=428.8 muon_lr=0.2
step=138/200 epoch=5 loss=1.1770 head_lr=422.1 muon_lr=0.2
step=139/200 epoch=5 loss=1.1706 head_lr=415.4 muon_lr=0.2
step=140/200 epoch=5 loss=1.2009 head_lr=408.7 muon_lr=0.2
step=141/200 epoch=5 loss=1.2002 head_lr=402 muon_lr=0.2
step=142/200 epoch=5 loss=1.2174 head_lr=395.3 muon_lr=0.2
step=143/200 epoch=5 loss=1.1874 head_lr=388.6 muon_lr=0.2
step=144/200 epoch=5 loss=1.2009 head_lr=381.9 muon_lr=0.2
step=145/200 epoch=5 loss=1.2581 head_lr=375.2 muon_lr=0.2
step=146/200 epoch=5 loss=1.2062 head_lr=368.5 muon_lr=0.2
step=147/200 epoch=5 loss=1.1952 head_lr=361.8 muon_lr=0.2
step=148/200 epoch=5 loss=1.1931 head_lr=355.1 muon_lr=0.2
step=149/200 epoch=5 loss=1.1930 head_lr=348.4 muon_lr=0.2
step=150/200 epoch=5 loss=1.2166 head_lr=341.7 muon_lr=0.2
eval epoch=5 val_acc=0.7352 time_seconds=7.5006
step=151/200 epoch=6 loss=1.2130 head_lr=335 muon_lr=0.2
step=152/200 epoch=6 loss=1.1807 head_lr=328.3 muon_lr=0.2
step=153/200 epoch=6 loss=1.1720 head_lr=321.6 muon_lr=0.2
step=154/200 epoch=6 loss=1.1679 head_lr=314.9 muon_lr=0.2
step=155/200 epoch=6 loss=1.2136 head_lr=308.2 muon_lr=0.2
step=156/200 epoch=6 loss=1.2143 head_lr=301.5 muon_lr=0.2
step=157/200 epoch=6 loss=1.1989 head_lr=294.8 muon_lr=0.2
step=158/200 epoch=6 loss=1.1653 head_lr=288.1 muon_lr=0.2
step=159/200 epoch=6 loss=1.2072 head_lr=281.4 muon_lr=0.2
step=160/200 epoch=6 loss=1.1904 head_lr=274.7 muon_lr=0.2
step=161/200 epoch=6 loss=1.1739 head_lr=268 muon_lr=0.2
step=162/200 epoch=6 loss=1.2108 head_lr=261.3 muon_lr=0.2
step=163/200 epoch=6 loss=1.2024 head_lr=254.6 muon_lr=0.2
step=164/200 epoch=6 loss=1.1947 head_lr=247.9 muon_lr=0.2
step=165/200 epoch=6 loss=1.1949 head_lr=241.2 muon_lr=0.2
step=166/200 epoch=6 loss=1.2018 head_lr=234.5 muon_lr=0.2
step=167/200 epoch=6 loss=1.2017 head_lr=227.8 muon_lr=0.2
step=168/200 epoch=6 loss=1.2020 head_lr=221.1 muon_lr=0.2
step=169/200 epoch=6 loss=1.1846 head_lr=214.4 muon_lr=0.2
step=170/200 epoch=6 loss=1.1850 head_lr=207.7 muon_lr=0.2
step=171/200 epoch=6 loss=1.2266 head_lr=201 muon_lr=0.2
step=172/200 epoch=6 loss=1.1944 head_lr=194.3 muon_lr=0.2
step=173/200 epoch=6 loss=1.2230 head_lr=187.6 muon_lr=0.2
step=174/200 epoch=6 loss=1.2096 head_lr=180.9 muon_lr=0.2
step=175/200 epoch=6 loss=1.1702 head_lr=174.2 muon_lr=0.2
eval epoch=6 val_acc=0.7686 time_seconds=8.7060
step=176/200 epoch=7 loss=1.1735 head_lr=167.5 muon_lr=0.2
step=177/200 epoch=7 loss=1.1852 head_lr=160.8 muon_lr=0.2
step=178/200 epoch=7 loss=1.1887 head_lr=154.1 muon_lr=0.2
step=179/200 epoch=7 loss=1.1777 head_lr=147.4 muon_lr=0.2
step=180/200 epoch=7 loss=1.1664 head_lr=140.7 muon_lr=0.2
step=181/200 epoch=7 loss=1.1999 head_lr=134 muon_lr=0.2
step=182/200 epoch=7 loss=1.2130 head_lr=127.3 muon_lr=0.2
step=183/200 epoch=7 loss=1.1875 head_lr=120.6 muon_lr=0.2
step=184/200 epoch=7 loss=1.1905 head_lr=113.9 muon_lr=0.2
step=185/200 epoch=7 loss=1.1955 head_lr=107.2 muon_lr=0.2
step=186/200 epoch=7 loss=1.1926 head_lr=100.5 muon_lr=0.2
step=187/200 epoch=7 loss=1.2169 head_lr=93.8 muon_lr=0.2
step=188/200 epoch=7 loss=1.1820 head_lr=87.1 muon_lr=0.2
step=189/200 epoch=7 loss=1.1894 head_lr=80.4 muon_lr=0.2
step=190/200 epoch=7 loss=1.1593 head_lr=73.7 muon_lr=0.2
step=191/200 epoch=7 loss=1.2025 head_lr=67 muon_lr=0.2
step=192/200 epoch=7 loss=1.1785 head_lr=60.3 muon_lr=0.2
step=193/200 epoch=7 loss=1.1891 head_lr=53.6 muon_lr=0.2
step=194/200 epoch=7 loss=1.2023 head_lr=46.9 muon_lr=0.2
step=195/200 epoch=7 loss=1.1982 head_lr=40.2 muon_lr=0.2
step=196/200 epoch=7 loss=1.2076 head_lr=33.5 muon_lr=0.2
step=197/200 epoch=7 loss=1.1789 head_lr=26.8 muon_lr=0.2
step=198/200 epoch=7 loss=1.1820 head_lr=20.1 muon_lr=0.2
step=199/200 epoch=7 loss=1.1540 head_lr=13.4 muon_lr=0.2
step=200/200 epoch=7 loss=1.1970 head_lr=6.7 muon_lr=0.2
eval epoch=7 val_acc=0.7812 time_seconds=9.9115
eval epoch=final 25batch_train_loss=1.2219 val_acc=0.7812 tta_val_acc=0.8173 time_seconds=10.5245
Run:                2
Seed:               0
Seed group:         same_seed
Batch size:         2000
Muon lr:            0.2
SGD lr mult:        1
25batch train loss: 1.2219
Val acc:            0.7812
TTA val:            0.8173
cifar_reproducibility run=3 seed=0 seed_group=same_seed batch_size=2000 muon_lr=0.2
step=1/200 epoch=0 loss=2.3101 head_lr=1340 muon_lr=0.2
step=2/200 epoch=0 loss=2.3055 head_lr=1333.3 muon_lr=0.2
step=3/200 epoch=0 loss=2.3241 head_lr=1326.6 muon_lr=0.2
step=4/200 epoch=0 loss=2.0688 head_lr=1319.9 muon_lr=0.2
step=5/200 epoch=0 loss=1.9834 head_lr=1313.2 muon_lr=0.2
step=6/200 epoch=0 loss=1.9526 head_lr=1306.5 muon_lr=0.2
step=7/200 epoch=0 loss=1.8825 head_lr=1299.8 muon_lr=0.2
step=8/200 epoch=0 loss=1.8043 head_lr=1293.1 muon_lr=0.2
step=9/200 epoch=0 loss=1.7039 head_lr=1286.4 muon_lr=0.2
step=10/200 epoch=0 loss=1.7312 head_lr=1279.7 muon_lr=0.2
step=11/200 epoch=0 loss=1.7369 head_lr=1273 muon_lr=0.2
step=12/200 epoch=0 loss=1.6574 head_lr=1266.3 muon_lr=0.2
step=13/200 epoch=0 loss=1.5929 head_lr=1259.6 muon_lr=0.2
step=14/200 epoch=0 loss=1.5996 head_lr=1252.9 muon_lr=0.2
step=15/200 epoch=0 loss=1.5994 head_lr=1246.2 muon_lr=0.2
step=16/200 epoch=0 loss=1.5717 head_lr=1239.5 muon_lr=0.2
step=17/200 epoch=0 loss=1.5403 head_lr=1232.8 muon_lr=0.2
step=18/200 epoch=0 loss=1.5113 head_lr=1226.1 muon_lr=0.2
step=19/200 epoch=0 loss=1.4920 head_lr=1219.4 muon_lr=0.2
step=20/200 epoch=0 loss=1.4933 head_lr=1212.7 muon_lr=0.2
step=21/200 epoch=0 loss=1.4545 head_lr=1206 muon_lr=0.2
step=22/200 epoch=0 loss=1.4526 head_lr=1199.3 muon_lr=0.2
step=23/200 epoch=0 loss=1.4020 head_lr=1192.6 muon_lr=0.2
step=24/200 epoch=0 loss=1.4088 head_lr=1185.9 muon_lr=0.2
step=25/200 epoch=0 loss=1.4142 head_lr=1179.2 muon_lr=0.2
eval run=3 epoch=0 val_acc=0.5848 time_seconds=1.2981
step=26/200 epoch=1 loss=1.3938 head_lr=1172.5 muon_lr=0.2
step=27/200 epoch=1 loss=1.3658 head_lr=1165.8 muon_lr=0.2
step=28/200 epoch=1 loss=1.3822 head_lr=1159.1 muon_lr=0.2
step=29/200 epoch=1 loss=1.3834 head_lr=1152.4 muon_lr=0.2
step=30/200 epoch=1 loss=1.3295 head_lr=1145.7 muon_lr=0.2
step=31/200 epoch=1 loss=1.3178 head_lr=1139 muon_lr=0.2
step=32/200 epoch=1 loss=1.3235 head_lr=1132.3 muon_lr=0.2
step=33/200 epoch=1 loss=1.3565 head_lr=1125.6 muon_lr=0.2
step=34/200 epoch=1 loss=1.3218 head_lr=1118.9 muon_lr=0.2
step=35/200 epoch=1 loss=1.3118 head_lr=1112.2 muon_lr=0.2
step=36/200 epoch=1 loss=1.3293 head_lr=1105.5 muon_lr=0.2
step=37/200 epoch=1 loss=1.3283 head_lr=1098.8 muon_lr=0.2
step=38/200 epoch=1 loss=1.3264 head_lr=1092.1 muon_lr=0.2
step=39/200 epoch=1 loss=1.2945 head_lr=1085.4 muon_lr=0.2
step=40/200 epoch=1 loss=1.2865 head_lr=1078.7 muon_lr=0.2
step=41/200 epoch=1 loss=1.2881 head_lr=1072 muon_lr=0.2
step=42/200 epoch=1 loss=1.3062 head_lr=1065.3 muon_lr=0.2
step=43/200 epoch=1 loss=1.2814 head_lr=1058.6 muon_lr=0.2
step=44/200 epoch=1 loss=1.3102 head_lr=1051.9 muon_lr=0.2
step=45/200 epoch=1 loss=1.2917 head_lr=1045.2 muon_lr=0.2
step=46/200 epoch=1 loss=1.3058 head_lr=1038.5 muon_lr=0.2
step=47/200 epoch=1 loss=1.2774 head_lr=1031.8 muon_lr=0.2
step=48/200 epoch=1 loss=1.3142 head_lr=1025.1 muon_lr=0.2
step=49/200 epoch=1 loss=1.2846 head_lr=1018.4 muon_lr=0.2
step=50/200 epoch=1 loss=1.2844 head_lr=1011.7 muon_lr=0.2
eval epoch=1 val_acc=0.7711 time_seconds=2.5921
step=51/200 epoch=2 loss=1.2320 head_lr=1005 muon_lr=0.2
step=52/200 epoch=2 loss=1.2498 head_lr=998.3 muon_lr=0.2
step=53/200 epoch=2 loss=1.2696 head_lr=991.6 muon_lr=0.2
step=54/200 epoch=2 loss=1.2563 head_lr=984.9 muon_lr=0.2
step=55/200 epoch=2 loss=1.2597 head_lr=978.2 muon_lr=0.2
step=56/200 epoch=2 loss=1.2758 head_lr=971.5 muon_lr=0.2
step=57/200 epoch=2 loss=1.2524 head_lr=964.8 muon_lr=0.2
step=58/200 epoch=2 loss=1.2754 head_lr=958.1 muon_lr=0.2
step=59/200 epoch=2 loss=1.2205 head_lr=951.4 muon_lr=0.2
step=60/200 epoch=2 loss=1.2206 head_lr=944.7 muon_lr=0.2
step=61/200 epoch=2 loss=1.2149 head_lr=938 muon_lr=0.2
step=62/200 epoch=2 loss=1.2586 head_lr=931.3 muon_lr=0.2
step=63/200 epoch=2 loss=1.2514 head_lr=924.6 muon_lr=0.2
step=64/200 epoch=2 loss=1.2309 head_lr=917.9 muon_lr=0.2
step=65/200 epoch=2 loss=1.2270 head_lr=911.2 muon_lr=0.2
step=66/200 epoch=2 loss=1.2686 head_lr=904.5 muon_lr=0.2
step=67/200 epoch=2 loss=1.2706 head_lr=897.8 muon_lr=0.2
step=68/200 epoch=2 loss=1.2376 head_lr=891.1 muon_lr=0.2
step=69/200 epoch=2 loss=1.2772 head_lr=884.4 muon_lr=0.2
step=70/200 epoch=2 loss=1.2540 head_lr=877.7 muon_lr=0.2
step=71/200 epoch=2 loss=1.2599 head_lr=871 muon_lr=0.2
step=72/200 epoch=2 loss=1.2107 head_lr=864.3 muon_lr=0.2
step=73/200 epoch=2 loss=1.2236 head_lr=857.6 muon_lr=0.2
step=74/200 epoch=2 loss=1.2582 head_lr=850.9 muon_lr=0.2
step=75/200 epoch=2 loss=1.2675 head_lr=844.2 muon_lr=0.2
eval epoch=2 val_acc=0.6216 time_seconds=3.8874
step=76/200 epoch=3 loss=1.2043 head_lr=837.5 muon_lr=0.2
step=77/200 epoch=3 loss=1.2165 head_lr=830.8 muon_lr=0.2
step=78/200 epoch=3 loss=1.2095 head_lr=824.1 muon_lr=0.2
step=79/200 epoch=3 loss=1.2380 head_lr=817.4 muon_lr=0.2
step=80/200 epoch=3 loss=1.2107 head_lr=810.7 muon_lr=0.2
step=81/200 epoch=3 loss=1.2377 head_lr=804 muon_lr=0.2
step=82/200 epoch=3 loss=1.2420 head_lr=797.3 muon_lr=0.2
step=83/200 epoch=3 loss=1.2492 head_lr=790.6 muon_lr=0.2
step=84/200 epoch=3 loss=1.2052 head_lr=783.9 muon_lr=0.2
step=85/200 epoch=3 loss=1.2559 head_lr=777.2 muon_lr=0.2
step=86/200 epoch=3 loss=1.2186 head_lr=770.5 muon_lr=0.2
step=87/200 epoch=3 loss=1.2241 head_lr=763.8 muon_lr=0.2
step=88/200 epoch=3 loss=1.2317 head_lr=757.1 muon_lr=0.2
step=89/200 epoch=3 loss=1.2171 head_lr=750.4 muon_lr=0.2
step=90/200 epoch=3 loss=1.2317 head_lr=743.7 muon_lr=0.2
step=91/200 epoch=3 loss=1.2106 head_lr=737 muon_lr=0.2
step=92/200 epoch=3 loss=1.2265 head_lr=730.3 muon_lr=0.2
step=93/200 epoch=3 loss=1.2121 head_lr=723.6 muon_lr=0.2
step=94/200 epoch=3 loss=1.2332 head_lr=716.9 muon_lr=0.2
step=95/200 epoch=3 loss=1.2420 head_lr=710.2 muon_lr=0.2
step=96/200 epoch=3 loss=1.2310 head_lr=703.5 muon_lr=0.2
step=97/200 epoch=3 loss=1.2343 head_lr=696.8 muon_lr=0.2
step=98/200 epoch=3 loss=1.2061 head_lr=690.1 muon_lr=0.2
step=99/200 epoch=3 loss=1.2226 head_lr=683.4 muon_lr=0.2
step=100/200 epoch=3 loss=1.2340 head_lr=676.7 muon_lr=0.2
eval epoch=3 val_acc=0.5442 time_seconds=5.0934
step=101/200 epoch=4 loss=1.2242 head_lr=670 muon_lr=0.2
step=102/200 epoch=4 loss=1.2093 head_lr=663.3 muon_lr=0.2
step=103/200 epoch=4 loss=1.2097 head_lr=656.6 muon_lr=0.2
step=104/200 epoch=4 loss=1.2124 head_lr=649.9 muon_lr=0.2
step=105/200 epoch=4 loss=1.2093 head_lr=643.2 muon_lr=0.2
step=106/200 epoch=4 loss=1.2281 head_lr=636.5 muon_lr=0.2
step=107/200 epoch=4 loss=1.2006 head_lr=629.8 muon_lr=0.2
step=108/200 epoch=4 loss=1.2012 head_lr=623.1 muon_lr=0.2
step=109/200 epoch=4 loss=1.2507 head_lr=616.4 muon_lr=0.2
step=110/200 epoch=4 loss=1.2310 head_lr=609.7 muon_lr=0.2
step=111/200 epoch=4 loss=1.2225 head_lr=603 muon_lr=0.2
step=112/200 epoch=4 loss=1.2146 head_lr=596.3 muon_lr=0.2
step=113/200 epoch=4 loss=1.2310 head_lr=589.6 muon_lr=0.2
step=114/200 epoch=4 loss=1.1998 head_lr=582.9 muon_lr=0.2
step=115/200 epoch=4 loss=1.1766 head_lr=576.2 muon_lr=0.2
step=116/200 epoch=4 loss=1.2184 head_lr=569.5 muon_lr=0.2
step=117/200 epoch=4 loss=1.2131 head_lr=562.8 muon_lr=0.2
step=118/200 epoch=4 loss=1.2175 head_lr=556.1 muon_lr=0.2
step=119/200 epoch=4 loss=1.2111 head_lr=549.4 muon_lr=0.2
step=120/200 epoch=4 loss=1.1782 head_lr=542.7 muon_lr=0.2
step=121/200 epoch=4 loss=1.2145 head_lr=536 muon_lr=0.2
step=122/200 epoch=4 loss=1.2262 head_lr=529.3 muon_lr=0.2
step=123/200 epoch=4 loss=1.1902 head_lr=522.6 muon_lr=0.2
step=124/200 epoch=4 loss=1.2505 head_lr=515.9 muon_lr=0.2
step=125/200 epoch=4 loss=1.2199 head_lr=509.2 muon_lr=0.2
eval epoch=4 val_acc=0.7811 time_seconds=6.2977
step=126/200 epoch=5 loss=1.2057 head_lr=502.5 muon_lr=0.2
step=127/200 epoch=5 loss=1.1954 head_lr=495.8 muon_lr=0.2
step=128/200 epoch=5 loss=1.2043 head_lr=489.1 muon_lr=0.2
step=129/200 epoch=5 loss=1.2034 head_lr=482.4 muon_lr=0.2
step=130/200 epoch=5 loss=1.1942 head_lr=475.7 muon_lr=0.2
step=131/200 epoch=5 loss=1.2090 head_lr=469 muon_lr=0.2
step=132/200 epoch=5 loss=1.2111 head_lr=462.3 muon_lr=0.2
step=133/200 epoch=5 loss=1.2342 head_lr=455.6 muon_lr=0.2
step=134/200 epoch=5 loss=1.1835 head_lr=448.9 muon_lr=0.2
step=135/200 epoch=5 loss=1.1967 head_lr=442.2 muon_lr=0.2
step=136/200 epoch=5 loss=1.2091 head_lr=435.5 muon_lr=0.2
step=137/200 epoch=5 loss=1.2044 head_lr=428.8 muon_lr=0.2
step=138/200 epoch=5 loss=1.1770 head_lr=422.1 muon_lr=0.2
step=139/200 epoch=5 loss=1.1706 head_lr=415.4 muon_lr=0.2
step=140/200 epoch=5 loss=1.2009 head_lr=408.7 muon_lr=0.2
step=141/200 epoch=5 loss=1.2002 head_lr=402 muon_lr=0.2
step=142/200 epoch=5 loss=1.2174 head_lr=395.3 muon_lr=0.2
step=143/200 epoch=5 loss=1.1874 head_lr=388.6 muon_lr=0.2
step=144/200 epoch=5 loss=1.2009 head_lr=381.9 muon_lr=0.2
step=145/200 epoch=5 loss=1.2581 head_lr=375.2 muon_lr=0.2
step=146/200 epoch=5 loss=1.2062 head_lr=368.5 muon_lr=0.2
step=147/200 epoch=5 loss=1.1952 head_lr=361.8 muon_lr=0.2
step=148/200 epoch=5 loss=1.1931 head_lr=355.1 muon_lr=0.2
step=149/200 epoch=5 loss=1.1930 head_lr=348.4 muon_lr=0.2
step=150/200 epoch=5 loss=1.2166 head_lr=341.7 muon_lr=0.2
eval epoch=5 val_acc=0.7352 time_seconds=7.5033
step=151/200 epoch=6 loss=1.2130 head_lr=335 muon_lr=0.2
step=152/200 epoch=6 loss=1.1807 head_lr=328.3 muon_lr=0.2
step=153/200 epoch=6 loss=1.1720 head_lr=321.6 muon_lr=0.2
step=154/200 epoch=6 loss=1.1679 head_lr=314.9 muon_lr=0.2
step=155/200 epoch=6 loss=1.2136 head_lr=308.2 muon_lr=0.2
step=156/200 epoch=6 loss=1.2143 head_lr=301.5 muon_lr=0.2
step=157/200 epoch=6 loss=1.1989 head_lr=294.8 muon_lr=0.2
step=158/200 epoch=6 loss=1.1653 head_lr=288.1 muon_lr=0.2
step=159/200 epoch=6 loss=1.2072 head_lr=281.4 muon_lr=0.2
step=160/200 epoch=6 loss=1.1904 head_lr=274.7 muon_lr=0.2
step=161/200 epoch=6 loss=1.1739 head_lr=268 muon_lr=0.2
step=162/200 epoch=6 loss=1.2108 head_lr=261.3 muon_lr=0.2
step=163/200 epoch=6 loss=1.2024 head_lr=254.6 muon_lr=0.2
step=164/200 epoch=6 loss=1.1947 head_lr=247.9 muon_lr=0.2
step=165/200 epoch=6 loss=1.1949 head_lr=241.2 muon_lr=0.2
step=166/200 epoch=6 loss=1.2018 head_lr=234.5 muon_lr=0.2
step=167/200 epoch=6 loss=1.2017 head_lr=227.8 muon_lr=0.2
step=168/200 epoch=6 loss=1.2020 head_lr=221.1 muon_lr=0.2
step=169/200 epoch=6 loss=1.1846 head_lr=214.4 muon_lr=0.2
step=170/200 epoch=6 loss=1.1850 head_lr=207.7 muon_lr=0.2
step=171/200 epoch=6 loss=1.2266 head_lr=201 muon_lr=0.2
step=172/200 epoch=6 loss=1.1944 head_lr=194.3 muon_lr=0.2
step=173/200 epoch=6 loss=1.2230 head_lr=187.6 muon_lr=0.2
step=174/200 epoch=6 loss=1.2096 head_lr=180.9 muon_lr=0.2
step=175/200 epoch=6 loss=1.1702 head_lr=174.2 muon_lr=0.2
eval epoch=6 val_acc=0.7686 time_seconds=8.7089
step=176/200 epoch=7 loss=1.1735 head_lr=167.5 muon_lr=0.2
step=177/200 epoch=7 loss=1.1852 head_lr=160.8 muon_lr=0.2
step=178/200 epoch=7 loss=1.1887 head_lr=154.1 muon_lr=0.2
step=179/200 epoch=7 loss=1.1777 head_lr=147.4 muon_lr=0.2
step=180/200 epoch=7 loss=1.1664 head_lr=140.7 muon_lr=0.2
step=181/200 epoch=7 loss=1.1999 head_lr=134 muon_lr=0.2
step=182/200 epoch=7 loss=1.2130 head_lr=127.3 muon_lr=0.2
step=183/200 epoch=7 loss=1.1875 head_lr=120.6 muon_lr=0.2
step=184/200 epoch=7 loss=1.1905 head_lr=113.9 muon_lr=0.2
step=185/200 epoch=7 loss=1.1955 head_lr=107.2 muon_lr=0.2
step=186/200 epoch=7 loss=1.1926 head_lr=100.5 muon_lr=0.2
step=187/200 epoch=7 loss=1.2169 head_lr=93.8 muon_lr=0.2
step=188/200 epoch=7 loss=1.1820 head_lr=87.1 muon_lr=0.2
step=189/200 epoch=7 loss=1.1894 head_lr=80.4 muon_lr=0.2
step=190/200 epoch=7 loss=1.1593 head_lr=73.7 muon_lr=0.2
step=191/200 epoch=7 loss=1.2025 head_lr=67 muon_lr=0.2
step=192/200 epoch=7 loss=1.1785 head_lr=60.3 muon_lr=0.2
step=193/200 epoch=7 loss=1.1891 head_lr=53.6 muon_lr=0.2
step=194/200 epoch=7 loss=1.2023 head_lr=46.9 muon_lr=0.2
step=195/200 epoch=7 loss=1.1982 head_lr=40.2 muon_lr=0.2
step=196/200 epoch=7 loss=1.2076 head_lr=33.5 muon_lr=0.2
step=197/200 epoch=7 loss=1.1789 head_lr=26.8 muon_lr=0.2
step=198/200 epoch=7 loss=1.1820 head_lr=20.1 muon_lr=0.2
step=199/200 epoch=7 loss=1.1540 head_lr=13.4 muon_lr=0.2
step=200/200 epoch=7 loss=1.1970 head_lr=6.7 muon_lr=0.2
eval epoch=7 val_acc=0.7812 time_seconds=9.9158
eval epoch=final 25batch_train_loss=1.2219 val_acc=0.7812 tta_val_acc=0.8173 time_seconds=10.5290
Run:                3
Seed:               0
Seed group:         same_seed
Batch size:         2000
Muon lr:            0.2
SGD lr mult:        1
25batch train loss: 1.2219
Val acc:            0.7812
TTA val:            0.8173
cifar_reproducibility run=4 seed=0 seed_group=same_seed batch_size=2000 muon_lr=0.2
step=1/200 epoch=0 loss=2.3101 head_lr=1340 muon_lr=0.2
step=2/200 epoch=0 loss=2.3055 head_lr=1333.3 muon_lr=0.2
step=3/200 epoch=0 loss=2.3241 head_lr=1326.6 muon_lr=0.2
step=4/200 epoch=0 loss=2.0688 head_lr=1319.9 muon_lr=0.2
step=5/200 epoch=0 loss=1.9834 head_lr=1313.2 muon_lr=0.2
step=6/200 epoch=0 loss=1.9526 head_lr=1306.5 muon_lr=0.2
step=7/200 epoch=0 loss=1.8825 head_lr=1299.8 muon_lr=0.2
step=8/200 epoch=0 loss=1.8043 head_lr=1293.1 muon_lr=0.2
step=9/200 epoch=0 loss=1.7039 head_lr=1286.4 muon_lr=0.2
step=10/200 epoch=0 loss=1.7312 head_lr=1279.7 muon_lr=0.2
step=11/200 epoch=0 loss=1.7369 head_lr=1273 muon_lr=0.2
step=12/200 epoch=0 loss=1.6574 head_lr=1266.3 muon_lr=0.2
step=13/200 epoch=0 loss=1.5929 head_lr=1259.6 muon_lr=0.2
step=14/200 epoch=0 loss=1.5996 head_lr=1252.9 muon_lr=0.2
step=15/200 epoch=0 loss=1.5994 head_lr=1246.2 muon_lr=0.2
step=16/200 epoch=0 loss=1.5717 head_lr=1239.5 muon_lr=0.2
step=17/200 epoch=0 loss=1.5403 head_lr=1232.8 muon_lr=0.2
step=18/200 epoch=0 loss=1.5113 head_lr=1226.1 muon_lr=0.2
step=19/200 epoch=0 loss=1.4920 head_lr=1219.4 muon_lr=0.2
step=20/200 epoch=0 loss=1.4933 head_lr=1212.7 muon_lr=0.2
step=21/200 epoch=0 loss=1.4545 head_lr=1206 muon_lr=0.2
step=22/200 epoch=0 loss=1.4526 head_lr=1199.3 muon_lr=0.2
step=23/200 epoch=0 loss=1.4020 head_lr=1192.6 muon_lr=0.2
step=24/200 epoch=0 loss=1.4088 head_lr=1185.9 muon_lr=0.2
step=25/200 epoch=0 loss=1.4142 head_lr=1179.2 muon_lr=0.2
eval run=4 epoch=0 val_acc=0.5848 time_seconds=1.2983
step=26/200 epoch=1 loss=1.3938 head_lr=1172.5 muon_lr=0.2
step=27/200 epoch=1 loss=1.3658 head_lr=1165.8 muon_lr=0.2
step=28/200 epoch=1 loss=1.3822 head_lr=1159.1 muon_lr=0.2
step=29/200 epoch=1 loss=1.3834 head_lr=1152.4 muon_lr=0.2
step=30/200 epoch=1 loss=1.3295 head_lr=1145.7 muon_lr=0.2
step=31/200 epoch=1 loss=1.3178 head_lr=1139 muon_lr=0.2
step=32/200 epoch=1 loss=1.3235 head_lr=1132.3 muon_lr=0.2
step=33/200 epoch=1 loss=1.3565 head_lr=1125.6 muon_lr=0.2
step=34/200 epoch=1 loss=1.3218 head_lr=1118.9 muon_lr=0.2
step=35/200 epoch=1 loss=1.3118 head_lr=1112.2 muon_lr=0.2
step=36/200 epoch=1 loss=1.3293 head_lr=1105.5 muon_lr=0.2
step=37/200 epoch=1 loss=1.3283 head_lr=1098.8 muon_lr=0.2
step=38/200 epoch=1 loss=1.3264 head_lr=1092.1 muon_lr=0.2
step=39/200 epoch=1 loss=1.2945 head_lr=1085.4 muon_lr=0.2
step=40/200 epoch=1 loss=1.2865 head_lr=1078.7 muon_lr=0.2
step=41/200 epoch=1 loss=1.2881 head_lr=1072 muon_lr=0.2
step=42/200 epoch=1 loss=1.3062 head_lr=1065.3 muon_lr=0.2
step=43/200 epoch=1 loss=1.2814 head_lr=1058.6 muon_lr=0.2
step=44/200 epoch=1 loss=1.3102 head_lr=1051.9 muon_lr=0.2
step=45/200 epoch=1 loss=1.2917 head_lr=1045.2 muon_lr=0.2
step=46/200 epoch=1 loss=1.3058 head_lr=1038.5 muon_lr=0.2
step=47/200 epoch=1 loss=1.2774 head_lr=1031.8 muon_lr=0.2
step=48/200 epoch=1 loss=1.3142 head_lr=1025.1 muon_lr=0.2
step=49/200 epoch=1 loss=1.2846 head_lr=1018.4 muon_lr=0.2
step=50/200 epoch=1 loss=1.2844 head_lr=1011.7 muon_lr=0.2
eval epoch=1 val_acc=0.7711 time_seconds=2.5939
step=51/200 epoch=2 loss=1.2320 head_lr=1005 muon_lr=0.2
step=52/200 epoch=2 loss=1.2498 head_lr=998.3 muon_lr=0.2
step=53/200 epoch=2 loss=1.2696 head_lr=991.6 muon_lr=0.2
step=54/200 epoch=2 loss=1.2563 head_lr=984.9 muon_lr=0.2
step=55/200 epoch=2 loss=1.2597 head_lr=978.2 muon_lr=0.2
step=56/200 epoch=2 loss=1.2758 head_lr=971.5 muon_lr=0.2
step=57/200 epoch=2 loss=1.2524 head_lr=964.8 muon_lr=0.2
step=58/200 epoch=2 loss=1.2754 head_lr=958.1 muon_lr=0.2
step=59/200 epoch=2 loss=1.2205 head_lr=951.4 muon_lr=0.2
step=60/200 epoch=2 loss=1.2206 head_lr=944.7 muon_lr=0.2
step=61/200 epoch=2 loss=1.2149 head_lr=938 muon_lr=0.2
step=62/200 epoch=2 loss=1.2586 head_lr=931.3 muon_lr=0.2
step=63/200 epoch=2 loss=1.2514 head_lr=924.6 muon_lr=0.2
step=64/200 epoch=2 loss=1.2309 head_lr=917.9 muon_lr=0.2
step=65/200 epoch=2 loss=1.2270 head_lr=911.2 muon_lr=0.2
step=66/200 epoch=2 loss=1.2686 head_lr=904.5 muon_lr=0.2
step=67/200 epoch=2 loss=1.2706 head_lr=897.8 muon_lr=0.2
step=68/200 epoch=2 loss=1.2376 head_lr=891.1 muon_lr=0.2
step=69/200 epoch=2 loss=1.2772 head_lr=884.4 muon_lr=0.2
step=70/200 epoch=2 loss=1.2540 head_lr=877.7 muon_lr=0.2
step=71/200 epoch=2 loss=1.2599 head_lr=871 muon_lr=0.2
step=72/200 epoch=2 loss=1.2107 head_lr=864.3 muon_lr=0.2
step=73/200 epoch=2 loss=1.2236 head_lr=857.6 muon_lr=0.2
step=74/200 epoch=2 loss=1.2582 head_lr=850.9 muon_lr=0.2
step=75/200 epoch=2 loss=1.2675 head_lr=844.2 muon_lr=0.2
eval epoch=2 val_acc=0.6216 time_seconds=3.8883
step=76/200 epoch=3 loss=1.2043 head_lr=837.5 muon_lr=0.2
step=77/200 epoch=3 loss=1.2165 head_lr=830.8 muon_lr=0.2
step=78/200 epoch=3 loss=1.2095 head_lr=824.1 muon_lr=0.2
step=79/200 epoch=3 loss=1.2380 head_lr=817.4 muon_lr=0.2
step=80/200 epoch=3 loss=1.2107 head_lr=810.7 muon_lr=0.2
step=81/200 epoch=3 loss=1.2377 head_lr=804 muon_lr=0.2
step=82/200 epoch=3 loss=1.2420 head_lr=797.3 muon_lr=0.2
step=83/200 epoch=3 loss=1.2492 head_lr=790.6 muon_lr=0.2
step=84/200 epoch=3 loss=1.2052 head_lr=783.9 muon_lr=0.2
step=85/200 epoch=3 loss=1.2559 head_lr=777.2 muon_lr=0.2
step=86/200 epoch=3 loss=1.2186 head_lr=770.5 muon_lr=0.2
step=87/200 epoch=3 loss=1.2241 head_lr=763.8 muon_lr=0.2
step=88/200 epoch=3 loss=1.2317 head_lr=757.1 muon_lr=0.2
step=89/200 epoch=3 loss=1.2171 head_lr=750.4 muon_lr=0.2
step=90/200 epoch=3 loss=1.2317 head_lr=743.7 muon_lr=0.2
step=91/200 epoch=3 loss=1.2106 head_lr=737 muon_lr=0.2
step=92/200 epoch=3 loss=1.2265 head_lr=730.3 muon_lr=0.2
step=93/200 epoch=3 loss=1.2121 head_lr=723.6 muon_lr=0.2
step=94/200 epoch=3 loss=1.2332 head_lr=716.9 muon_lr=0.2
step=95/200 epoch=3 loss=1.2420 head_lr=710.2 muon_lr=0.2
step=96/200 epoch=3 loss=1.2310 head_lr=703.5 muon_lr=0.2
step=97/200 epoch=3 loss=1.2343 head_lr=696.8 muon_lr=0.2
step=98/200 epoch=3 loss=1.2061 head_lr=690.1 muon_lr=0.2
step=99/200 epoch=3 loss=1.2226 head_lr=683.4 muon_lr=0.2
step=100/200 epoch=3 loss=1.2340 head_lr=676.7 muon_lr=0.2
eval epoch=3 val_acc=0.5442 time_seconds=5.0960
step=101/200 epoch=4 loss=1.2242 head_lr=670 muon_lr=0.2
step=102/200 epoch=4 loss=1.2093 head_lr=663.3 muon_lr=0.2
step=103/200 epoch=4 loss=1.2097 head_lr=656.6 muon_lr=0.2
step=104/200 epoch=4 loss=1.2124 head_lr=649.9 muon_lr=0.2
step=105/200 epoch=4 loss=1.2093 head_lr=643.2 muon_lr=0.2
step=106/200 epoch=4 loss=1.2281 head_lr=636.5 muon_lr=0.2
step=107/200 epoch=4 loss=1.2006 head_lr=629.8 muon_lr=0.2
step=108/200 epoch=4 loss=1.2012 head_lr=623.1 muon_lr=0.2
step=109/200 epoch=4 loss=1.2507 head_lr=616.4 muon_lr=0.2
step=110/200 epoch=4 loss=1.2310 head_lr=609.7 muon_lr=0.2
step=111/200 epoch=4 loss=1.2225 head_lr=603 muon_lr=0.2
step=112/200 epoch=4 loss=1.2146 head_lr=596.3 muon_lr=0.2
step=113/200 epoch=4 loss=1.2310 head_lr=589.6 muon_lr=0.2
step=114/200 epoch=4 loss=1.1998 head_lr=582.9 muon_lr=0.2
step=115/200 epoch=4 loss=1.1766 head_lr=576.2 muon_lr=0.2
step=116/200 epoch=4 loss=1.2184 head_lr=569.5 muon_lr=0.2
step=117/200 epoch=4 loss=1.2131 head_lr=562.8 muon_lr=0.2
step=118/200 epoch=4 loss=1.2175 head_lr=556.1 muon_lr=0.2
step=119/200 epoch=4 loss=1.2111 head_lr=549.4 muon_lr=0.2
step=120/200 epoch=4 loss=1.1782 head_lr=542.7 muon_lr=0.2
step=121/200 epoch=4 loss=1.2145 head_lr=536 muon_lr=0.2
step=122/200 epoch=4 loss=1.2262 head_lr=529.3 muon_lr=0.2
step=123/200 epoch=4 loss=1.1902 head_lr=522.6 muon_lr=0.2
step=124/200 epoch=4 loss=1.2505 head_lr=515.9 muon_lr=0.2
step=125/200 epoch=4 loss=1.2199 head_lr=509.2 muon_lr=0.2
eval epoch=4 val_acc=0.7811 time_seconds=6.3004
step=126/200 epoch=5 loss=1.2057 head_lr=502.5 muon_lr=0.2
step=127/200 epoch=5 loss=1.1954 head_lr=495.8 muon_lr=0.2
step=128/200 epoch=5 loss=1.2043 head_lr=489.1 muon_lr=0.2
step=129/200 epoch=5 loss=1.2034 head_lr=482.4 muon_lr=0.2
step=130/200 epoch=5 loss=1.1942 head_lr=475.7 muon_lr=0.2
step=131/200 epoch=5 loss=1.2090 head_lr=469 muon_lr=0.2
step=132/200 epoch=5 loss=1.2111 head_lr=462.3 muon_lr=0.2
step=133/200 epoch=5 loss=1.2342 head_lr=455.6 muon_lr=0.2
step=134/200 epoch=5 loss=1.1835 head_lr=448.9 muon_lr=0.2
step=135/200 epoch=5 loss=1.1967 head_lr=442.2 muon_lr=0.2
step=136/200 epoch=5 loss=1.2091 head_lr=435.5 muon_lr=0.2
step=137/200 epoch=5 loss=1.2044 head_lr=428.8 muon_lr=0.2
step=138/200 epoch=5 loss=1.1770 head_lr=422.1 muon_lr=0.2
step=139/200 epoch=5 loss=1.1706 head_lr=415.4 muon_lr=0.2
step=140/200 epoch=5 loss=1.2009 head_lr=408.7 muon_lr=0.2
step=141/200 epoch=5 loss=1.2002 head_lr=402 muon_lr=0.2
step=142/200 epoch=5 loss=1.2174 head_lr=395.3 muon_lr=0.2
step=143/200 epoch=5 loss=1.1874 head_lr=388.6 muon_lr=0.2
step=144/200 epoch=5 loss=1.2009 head_lr=381.9 muon_lr=0.2
step=145/200 epoch=5 loss=1.2581 head_lr=375.2 muon_lr=0.2
step=146/200 epoch=5 loss=1.2062 head_lr=368.5 muon_lr=0.2
step=147/200 epoch=5 loss=1.1952 head_lr=361.8 muon_lr=0.2
step=148/200 epoch=5 loss=1.1931 head_lr=355.1 muon_lr=0.2
step=149/200 epoch=5 loss=1.1930 head_lr=348.4 muon_lr=0.2
step=150/200 epoch=5 loss=1.2166 head_lr=341.7 muon_lr=0.2
eval epoch=5 val_acc=0.7352 time_seconds=7.5052
step=151/200 epoch=6 loss=1.2130 head_lr=335 muon_lr=0.2
step=152/200 epoch=6 loss=1.1807 head_lr=328.3 muon_lr=0.2
step=153/200 epoch=6 loss=1.1720 head_lr=321.6 muon_lr=0.2
step=154/200 epoch=6 loss=1.1679 head_lr=314.9 muon_lr=0.2
step=155/200 epoch=6 loss=1.2136 head_lr=308.2 muon_lr=0.2
step=156/200 epoch=6 loss=1.2143 head_lr=301.5 muon_lr=0.2
step=157/200 epoch=6 loss=1.1989 head_lr=294.8 muon_lr=0.2
step=158/200 epoch=6 loss=1.1653 head_lr=288.1 muon_lr=0.2
step=159/200 epoch=6 loss=1.2072 head_lr=281.4 muon_lr=0.2
step=160/200 epoch=6 loss=1.1904 head_lr=274.7 muon_lr=0.2
step=161/200 epoch=6 loss=1.1739 head_lr=268 muon_lr=0.2
step=162/200 epoch=6 loss=1.2108 head_lr=261.3 muon_lr=0.2
step=163/200 epoch=6 loss=1.2024 head_lr=254.6 muon_lr=0.2
step=164/200 epoch=6 loss=1.1947 head_lr=247.9 muon_lr=0.2
step=165/200 epoch=6 loss=1.1949 head_lr=241.2 muon_lr=0.2
step=166/200 epoch=6 loss=1.2018 head_lr=234.5 muon_lr=0.2
step=167/200 epoch=6 loss=1.2017 head_lr=227.8 muon_lr=0.2
step=168/200 epoch=6 loss=1.2020 head_lr=221.1 muon_lr=0.2
step=169/200 epoch=6 loss=1.1846 head_lr=214.4 muon_lr=0.2
step=170/200 epoch=6 loss=1.1850 head_lr=207.7 muon_lr=0.2
step=171/200 epoch=6 loss=1.2266 head_lr=201 muon_lr=0.2
step=172/200 epoch=6 loss=1.1944 head_lr=194.3 muon_lr=0.2
step=173/200 epoch=6 loss=1.2230 head_lr=187.6 muon_lr=0.2
step=174/200 epoch=6 loss=1.2096 head_lr=180.9 muon_lr=0.2
step=175/200 epoch=6 loss=1.1702 head_lr=174.2 muon_lr=0.2
eval epoch=6 val_acc=0.7686 time_seconds=8.7105
step=176/200 epoch=7 loss=1.1735 head_lr=167.5 muon_lr=0.2
step=177/200 epoch=7 loss=1.1852 head_lr=160.8 muon_lr=0.2
step=178/200 epoch=7 loss=1.1887 head_lr=154.1 muon_lr=0.2
step=179/200 epoch=7 loss=1.1777 head_lr=147.4 muon_lr=0.2
step=180/200 epoch=7 loss=1.1664 head_lr=140.7 muon_lr=0.2
step=181/200 epoch=7 loss=1.1999 head_lr=134 muon_lr=0.2
step=182/200 epoch=7 loss=1.2130 head_lr=127.3 muon_lr=0.2
step=183/200 epoch=7 loss=1.1875 head_lr=120.6 muon_lr=0.2
step=184/200 epoch=7 loss=1.1905 head_lr=113.9 muon_lr=0.2
step=185/200 epoch=7 loss=1.1955 head_lr=107.2 muon_lr=0.2
step=186/200 epoch=7 loss=1.1926 head_lr=100.5 muon_lr=0.2
step=187/200 epoch=7 loss=1.2169 head_lr=93.8 muon_lr=0.2
step=188/200 epoch=7 loss=1.1820 head_lr=87.1 muon_lr=0.2
step=189/200 epoch=7 loss=1.1894 head_lr=80.4 muon_lr=0.2
step=190/200 epoch=7 loss=1.1593 head_lr=73.7 muon_lr=0.2
step=191/200 epoch=7 loss=1.2025 head_lr=67 muon_lr=0.2
step=192/200 epoch=7 loss=1.1785 head_lr=60.3 muon_lr=0.2
step=193/200 epoch=7 loss=1.1891 head_lr=53.6 muon_lr=0.2
step=194/200 epoch=7 loss=1.2023 head_lr=46.9 muon_lr=0.2
step=195/200 epoch=7 loss=1.1982 head_lr=40.2 muon_lr=0.2
step=196/200 epoch=7 loss=1.2076 head_lr=33.5 muon_lr=0.2
step=197/200 epoch=7 loss=1.1789 head_lr=26.8 muon_lr=0.2
step=198/200 epoch=7 loss=1.1820 head_lr=20.1 muon_lr=0.2
step=199/200 epoch=7 loss=1.1540 head_lr=13.4 muon_lr=0.2
step=200/200 epoch=7 loss=1.1970 head_lr=6.7 muon_lr=0.2
eval epoch=7 val_acc=0.7812 time_seconds=9.9168
eval epoch=final 25batch_train_loss=1.2219 val_acc=0.7812 tta_val_acc=0.8173 time_seconds=10.5293
Run:                4
Seed:               0
Seed group:         same_seed
Batch size:         2000
Muon lr:            0.2
SGD lr mult:        1
25batch train loss: 1.2219
Val acc:            0.7812
TTA val:            0.8173
cifar_reproducibility run=5 seed=0 seed_group=same_seed batch_size=2000 muon_lr=0.2
step=1/200 epoch=0 loss=2.3101 head_lr=1340 muon_lr=0.2
step=2/200 epoch=0 loss=2.3055 head_lr=1333.3 muon_lr=0.2
step=3/200 epoch=0 loss=2.3241 head_lr=1326.6 muon_lr=0.2
step=4/200 epoch=0 loss=2.0688 head_lr=1319.9 muon_lr=0.2
step=5/200 epoch=0 loss=1.9834 head_lr=1313.2 muon_lr=0.2
step=6/200 epoch=0 loss=1.9526 head_lr=1306.5 muon_lr=0.2
step=7/200 epoch=0 loss=1.8825 head_lr=1299.8 muon_lr=0.2
step=8/200 epoch=0 loss=1.8043 head_lr=1293.1 muon_lr=0.2
step=9/200 epoch=0 loss=1.7039 head_lr=1286.4 muon_lr=0.2
step=10/200 epoch=0 loss=1.7312 head_lr=1279.7 muon_lr=0.2
step=11/200 epoch=0 loss=1.7369 head_lr=1273 muon_lr=0.2
step=12/200 epoch=0 loss=1.6574 head_lr=1266.3 muon_lr=0.2
step=13/200 epoch=0 loss=1.5929 head_lr=1259.6 muon_lr=0.2
step=14/200 epoch=0 loss=1.5996 head_lr=1252.9 muon_lr=0.2
step=15/200 epoch=0 loss=1.5994 head_lr=1246.2 muon_lr=0.2
step=16/200 epoch=0 loss=1.5717 head_lr=1239.5 muon_lr=0.2
step=17/200 epoch=0 loss=1.5403 head_lr=1232.8 muon_lr=0.2
step=18/200 epoch=0 loss=1.5113 head_lr=1226.1 muon_lr=0.2
step=19/200 epoch=0 loss=1.4920 head_lr=1219.4 muon_lr=0.2
step=20/200 epoch=0 loss=1.4933 head_lr=1212.7 muon_lr=0.2
step=21/200 epoch=0 loss=1.4545 head_lr=1206 muon_lr=0.2
step=22/200 epoch=0 loss=1.4526 head_lr=1199.3 muon_lr=0.2
step=23/200 epoch=0 loss=1.4020 head_lr=1192.6 muon_lr=0.2
step=24/200 epoch=0 loss=1.4088 head_lr=1185.9 muon_lr=0.2
step=25/200 epoch=0 loss=1.4142 head_lr=1179.2 muon_lr=0.2
eval run=5 epoch=0 val_acc=0.5848 time_seconds=1.2961
step=26/200 epoch=1 loss=1.3938 head_lr=1172.5 muon_lr=0.2
step=27/200 epoch=1 loss=1.3658 head_lr=1165.8 muon_lr=0.2
step=28/200 epoch=1 loss=1.3822 head_lr=1159.1 muon_lr=0.2
step=29/200 epoch=1 loss=1.3834 head_lr=1152.4 muon_lr=0.2
step=30/200 epoch=1 loss=1.3295 head_lr=1145.7 muon_lr=0.2
step=31/200 epoch=1 loss=1.3178 head_lr=1139 muon_lr=0.2
step=32/200 epoch=1 loss=1.3235 head_lr=1132.3 muon_lr=0.2
step=33/200 epoch=1 loss=1.3565 head_lr=1125.6 muon_lr=0.2
step=34/200 epoch=1 loss=1.3218 head_lr=1118.9 muon_lr=0.2
step=35/200 epoch=1 loss=1.3118 head_lr=1112.2 muon_lr=0.2
step=36/200 epoch=1 loss=1.3293 head_lr=1105.5 muon_lr=0.2
step=37/200 epoch=1 loss=1.3283 head_lr=1098.8 muon_lr=0.2
step=38/200 epoch=1 loss=1.3264 head_lr=1092.1 muon_lr=0.2
step=39/200 epoch=1 loss=1.2945 head_lr=1085.4 muon_lr=0.2
step=40/200 epoch=1 loss=1.2865 head_lr=1078.7 muon_lr=0.2
step=41/200 epoch=1 loss=1.2881 head_lr=1072 muon_lr=0.2
step=42/200 epoch=1 loss=1.3062 head_lr=1065.3 muon_lr=0.2
step=43/200 epoch=1 loss=1.2814 head_lr=1058.6 muon_lr=0.2
step=44/200 epoch=1 loss=1.3102 head_lr=1051.9 muon_lr=0.2
step=45/200 epoch=1 loss=1.2917 head_lr=1045.2 muon_lr=0.2
step=46/200 epoch=1 loss=1.3058 head_lr=1038.5 muon_lr=0.2
step=47/200 epoch=1 loss=1.2774 head_lr=1031.8 muon_lr=0.2
step=48/200 epoch=1 loss=1.3142 head_lr=1025.1 muon_lr=0.2
step=49/200 epoch=1 loss=1.2846 head_lr=1018.4 muon_lr=0.2
step=50/200 epoch=1 loss=1.2844 head_lr=1011.7 muon_lr=0.2
eval epoch=1 val_acc=0.7711 time_seconds=2.5913
step=51/200 epoch=2 loss=1.2320 head_lr=1005 muon_lr=0.2
step=52/200 epoch=2 loss=1.2498 head_lr=998.3 muon_lr=0.2
step=53/200 epoch=2 loss=1.2696 head_lr=991.6 muon_lr=0.2
step=54/200 epoch=2 loss=1.2563 head_lr=984.9 muon_lr=0.2
step=55/200 epoch=2 loss=1.2597 head_lr=978.2 muon_lr=0.2
step=56/200 epoch=2 loss=1.2758 head_lr=971.5 muon_lr=0.2
step=57/200 epoch=2 loss=1.2524 head_lr=964.8 muon_lr=0.2
step=58/200 epoch=2 loss=1.2754 head_lr=958.1 muon_lr=0.2
step=59/200 epoch=2 loss=1.2205 head_lr=951.4 muon_lr=0.2
step=60/200 epoch=2 loss=1.2206 head_lr=944.7 muon_lr=0.2
step=61/200 epoch=2 loss=1.2149 head_lr=938 muon_lr=0.2
step=62/200 epoch=2 loss=1.2586 head_lr=931.3 muon_lr=0.2
step=63/200 epoch=2 loss=1.2514 head_lr=924.6 muon_lr=0.2
step=64/200 epoch=2 loss=1.2309 head_lr=917.9 muon_lr=0.2
step=65/200 epoch=2 loss=1.2270 head_lr=911.2 muon_lr=0.2
step=66/200 epoch=2 loss=1.2686 head_lr=904.5 muon_lr=0.2
step=67/200 epoch=2 loss=1.2706 head_lr=897.8 muon_lr=0.2
step=68/200 epoch=2 loss=1.2376 head_lr=891.1 muon_lr=0.2
step=69/200 epoch=2 loss=1.2772 head_lr=884.4 muon_lr=0.2
step=70/200 epoch=2 loss=1.2540 head_lr=877.7 muon_lr=0.2
step=71/200 epoch=2 loss=1.2599 head_lr=871 muon_lr=0.2
step=72/200 epoch=2 loss=1.2107 head_lr=864.3 muon_lr=0.2
step=73/200 epoch=2 loss=1.2236 head_lr=857.6 muon_lr=0.2
step=74/200 epoch=2 loss=1.2582 head_lr=850.9 muon_lr=0.2
step=75/200 epoch=2 loss=1.2675 head_lr=844.2 muon_lr=0.2
eval epoch=2 val_acc=0.6216 time_seconds=3.8858
step=76/200 epoch=3 loss=1.2043 head_lr=837.5 muon_lr=0.2
step=77/200 epoch=3 loss=1.2165 head_lr=830.8 muon_lr=0.2
step=78/200 epoch=3 loss=1.2095 head_lr=824.1 muon_lr=0.2
step=79/200 epoch=3 loss=1.2380 head_lr=817.4 muon_lr=0.2
step=80/200 epoch=3 loss=1.2107 head_lr=810.7 muon_lr=0.2
step=81/200 epoch=3 loss=1.2377 head_lr=804 muon_lr=0.2
step=82/200 epoch=3 loss=1.2420 head_lr=797.3 muon_lr=0.2
step=83/200 epoch=3 loss=1.2492 head_lr=790.6 muon_lr=0.2
step=84/200 epoch=3 loss=1.2052 head_lr=783.9 muon_lr=0.2
step=85/200 epoch=3 loss=1.2559 head_lr=777.2 muon_lr=0.2
step=86/200 epoch=3 loss=1.2186 head_lr=770.5 muon_lr=0.2
step=87/200 epoch=3 loss=1.2241 head_lr=763.8 muon_lr=0.2
step=88/200 epoch=3 loss=1.2317 head_lr=757.1 muon_lr=0.2
step=89/200 epoch=3 loss=1.2171 head_lr=750.4 muon_lr=0.2
step=90/200 epoch=3 loss=1.2317 head_lr=743.7 muon_lr=0.2
step=91/200 epoch=3 loss=1.2106 head_lr=737 muon_lr=0.2
step=92/200 epoch=3 loss=1.2265 head_lr=730.3 muon_lr=0.2
step=93/200 epoch=3 loss=1.2121 head_lr=723.6 muon_lr=0.2
step=94/200 epoch=3 loss=1.2332 head_lr=716.9 muon_lr=0.2
step=95/200 epoch=3 loss=1.2420 head_lr=710.2 muon_lr=0.2
step=96/200 epoch=3 loss=1.2310 head_lr=703.5 muon_lr=0.2
step=97/200 epoch=3 loss=1.2343 head_lr=696.8 muon_lr=0.2
step=98/200 epoch=3 loss=1.2061 head_lr=690.1 muon_lr=0.2
step=99/200 epoch=3 loss=1.2226 head_lr=683.4 muon_lr=0.2
step=100/200 epoch=3 loss=1.2340 head_lr=676.7 muon_lr=0.2
eval epoch=3 val_acc=0.5442 time_seconds=5.0936
step=101/200 epoch=4 loss=1.2242 head_lr=670 muon_lr=0.2
step=102/200 epoch=4 loss=1.2093 head_lr=663.3 muon_lr=0.2
step=103/200 epoch=4 loss=1.2097 head_lr=656.6 muon_lr=0.2
step=104/200 epoch=4 loss=1.2124 head_lr=649.9 muon_lr=0.2
step=105/200 epoch=4 loss=1.2093 head_lr=643.2 muon_lr=0.2
step=106/200 epoch=4 loss=1.2281 head_lr=636.5 muon_lr=0.2
step=107/200 epoch=4 loss=1.2006 head_lr=629.8 muon_lr=0.2
step=108/200 epoch=4 loss=1.2012 head_lr=623.1 muon_lr=0.2
step=109/200 epoch=4 loss=1.2507 head_lr=616.4 muon_lr=0.2
step=110/200 epoch=4 loss=1.2310 head_lr=609.7 muon_lr=0.2
step=111/200 epoch=4 loss=1.2225 head_lr=603 muon_lr=0.2
step=112/200 epoch=4 loss=1.2146 head_lr=596.3 muon_lr=0.2
step=113/200 epoch=4 loss=1.2310 head_lr=589.6 muon_lr=0.2
step=114/200 epoch=4 loss=1.1998 head_lr=582.9 muon_lr=0.2
step=115/200 epoch=4 loss=1.1766 head_lr=576.2 muon_lr=0.2
step=116/200 epoch=4 loss=1.2184 head_lr=569.5 muon_lr=0.2
step=117/200 epoch=4 loss=1.2131 head_lr=562.8 muon_lr=0.2
step=118/200 epoch=4 loss=1.2175 head_lr=556.1 muon_lr=0.2
step=119/200 epoch=4 loss=1.2111 head_lr=549.4 muon_lr=0.2
step=120/200 epoch=4 loss=1.1782 head_lr=542.7 muon_lr=0.2
step=121/200 epoch=4 loss=1.2145 head_lr=536 muon_lr=0.2
step=122/200 epoch=4 loss=1.2262 head_lr=529.3 muon_lr=0.2
step=123/200 epoch=4 loss=1.1902 head_lr=522.6 muon_lr=0.2
step=124/200 epoch=4 loss=1.2505 head_lr=515.9 muon_lr=0.2
step=125/200 epoch=4 loss=1.2199 head_lr=509.2 muon_lr=0.2
eval epoch=4 val_acc=0.7811 time_seconds=6.2992
step=126/200 epoch=5 loss=1.2057 head_lr=502.5 muon_lr=0.2
step=127/200 epoch=5 loss=1.1954 head_lr=495.8 muon_lr=0.2
step=128/200 epoch=5 loss=1.2043 head_lr=489.1 muon_lr=0.2
step=129/200 epoch=5 loss=1.2034 head_lr=482.4 muon_lr=0.2
step=130/200 epoch=5 loss=1.1942 head_lr=475.7 muon_lr=0.2
step=131/200 epoch=5 loss=1.2090 head_lr=469 muon_lr=0.2
step=132/200 epoch=5 loss=1.2111 head_lr=462.3 muon_lr=0.2
step=133/200 epoch=5 loss=1.2342 head_lr=455.6 muon_lr=0.2
step=134/200 epoch=5 loss=1.1835 head_lr=448.9 muon_lr=0.2
step=135/200 epoch=5 loss=1.1967 head_lr=442.2 muon_lr=0.2
step=136/200 epoch=5 loss=1.2091 head_lr=435.5 muon_lr=0.2
step=137/200 epoch=5 loss=1.2044 head_lr=428.8 muon_lr=0.2
step=138/200 epoch=5 loss=1.1770 head_lr=422.1 muon_lr=0.2
step=139/200 epoch=5 loss=1.1706 head_lr=415.4 muon_lr=0.2
step=140/200 epoch=5 loss=1.2009 head_lr=408.7 muon_lr=0.2
step=141/200 epoch=5 loss=1.2002 head_lr=402 muon_lr=0.2
step=142/200 epoch=5 loss=1.2174 head_lr=395.3 muon_lr=0.2
step=143/200 epoch=5 loss=1.1874 head_lr=388.6 muon_lr=0.2
step=144/200 epoch=5 loss=1.2009 head_lr=381.9 muon_lr=0.2
step=145/200 epoch=5 loss=1.2581 head_lr=375.2 muon_lr=0.2
step=146/200 epoch=5 loss=1.2062 head_lr=368.5 muon_lr=0.2
step=147/200 epoch=5 loss=1.1952 head_lr=361.8 muon_lr=0.2
step=148/200 epoch=5 loss=1.1931 head_lr=355.1 muon_lr=0.2
step=149/200 epoch=5 loss=1.1930 head_lr=348.4 muon_lr=0.2
step=150/200 epoch=5 loss=1.2166 head_lr=341.7 muon_lr=0.2
eval epoch=5 val_acc=0.7352 time_seconds=7.5067
step=151/200 epoch=6 loss=1.2130 head_lr=335 muon_lr=0.2
step=152/200 epoch=6 loss=1.1807 head_lr=328.3 muon_lr=0.2
step=153/200 epoch=6 loss=1.1720 head_lr=321.6 muon_lr=0.2
step=154/200 epoch=6 loss=1.1679 head_lr=314.9 muon_lr=0.2
step=155/200 epoch=6 loss=1.2136 head_lr=308.2 muon_lr=0.2
step=156/200 epoch=6 loss=1.2143 head_lr=301.5 muon_lr=0.2
step=157/200 epoch=6 loss=1.1989 head_lr=294.8 muon_lr=0.2
step=158/200 epoch=6 loss=1.1653 head_lr=288.1 muon_lr=0.2
step=159/200 epoch=6 loss=1.2072 head_lr=281.4 muon_lr=0.2
step=160/200 epoch=6 loss=1.1904 head_lr=274.7 muon_lr=0.2
step=161/200 epoch=6 loss=1.1739 head_lr=268 muon_lr=0.2
step=162/200 epoch=6 loss=1.2108 head_lr=261.3 muon_lr=0.2
step=163/200 epoch=6 loss=1.2024 head_lr=254.6 muon_lr=0.2
step=164/200 epoch=6 loss=1.1947 head_lr=247.9 muon_lr=0.2
step=165/200 epoch=6 loss=1.1949 head_lr=241.2 muon_lr=0.2
step=166/200 epoch=6 loss=1.2018 head_lr=234.5 muon_lr=0.2
step=167/200 epoch=6 loss=1.2017 head_lr=227.8 muon_lr=0.2
step=168/200 epoch=6 loss=1.2020 head_lr=221.1 muon_lr=0.2
step=169/200 epoch=6 loss=1.1846 head_lr=214.4 muon_lr=0.2
step=170/200 epoch=6 loss=1.1850 head_lr=207.7 muon_lr=0.2
step=171/200 epoch=6 loss=1.2266 head_lr=201 muon_lr=0.2
step=172/200 epoch=6 loss=1.1944 head_lr=194.3 muon_lr=0.2
step=173/200 epoch=6 loss=1.2230 head_lr=187.6 muon_lr=0.2
step=174/200 epoch=6 loss=1.2096 head_lr=180.9 muon_lr=0.2
step=175/200 epoch=6 loss=1.1702 head_lr=174.2 muon_lr=0.2
eval epoch=6 val_acc=0.7686 time_seconds=8.7118
step=176/200 epoch=7 loss=1.1735 head_lr=167.5 muon_lr=0.2
step=177/200 epoch=7 loss=1.1852 head_lr=160.8 muon_lr=0.2
step=178/200 epoch=7 loss=1.1887 head_lr=154.1 muon_lr=0.2
step=179/200 epoch=7 loss=1.1777 head_lr=147.4 muon_lr=0.2
step=180/200 epoch=7 loss=1.1664 head_lr=140.7 muon_lr=0.2
step=181/200 epoch=7 loss=1.1999 head_lr=134 muon_lr=0.2
step=182/200 epoch=7 loss=1.2130 head_lr=127.3 muon_lr=0.2
step=183/200 epoch=7 loss=1.1875 head_lr=120.6 muon_lr=0.2
step=184/200 epoch=7 loss=1.1905 head_lr=113.9 muon_lr=0.2
step=185/200 epoch=7 loss=1.1955 head_lr=107.2 muon_lr=0.2
step=186/200 epoch=7 loss=1.1926 head_lr=100.5 muon_lr=0.2
step=187/200 epoch=7 loss=1.2169 head_lr=93.8 muon_lr=0.2
step=188/200 epoch=7 loss=1.1820 head_lr=87.1 muon_lr=0.2
step=189/200 epoch=7 loss=1.1894 head_lr=80.4 muon_lr=0.2
step=190/200 epoch=7 loss=1.1593 head_lr=73.7 muon_lr=0.2
step=191/200 epoch=7 loss=1.2025 head_lr=67 muon_lr=0.2
step=192/200 epoch=7 loss=1.1785 head_lr=60.3 muon_lr=0.2
step=193/200 epoch=7 loss=1.1891 head_lr=53.6 muon_lr=0.2
step=194/200 epoch=7 loss=1.2023 head_lr=46.9 muon_lr=0.2
step=195/200 epoch=7 loss=1.1982 head_lr=40.2 muon_lr=0.2
step=196/200 epoch=7 loss=1.2076 head_lr=33.5 muon_lr=0.2
step=197/200 epoch=7 loss=1.1789 head_lr=26.8 muon_lr=0.2
step=198/200 epoch=7 loss=1.1820 head_lr=20.1 muon_lr=0.2
step=199/200 epoch=7 loss=1.1540 head_lr=13.4 muon_lr=0.2
step=200/200 epoch=7 loss=1.1970 head_lr=6.7 muon_lr=0.2
eval epoch=7 val_acc=0.7812 time_seconds=9.9183
eval epoch=final 25batch_train_loss=1.2219 val_acc=0.7812 tta_val_acc=0.8173 time_seconds=10.5328
Run:                5
Seed:               0
Seed group:         same_seed
Batch size:         2000
Muon lr:            0.2
SGD lr mult:        1
25batch train loss: 1.2219
Val acc:            0.7812
TTA val:            0.8173
cifar_reproducibility run=6 seed=0 seed_group=same_seed batch_size=2000 muon_lr=0.2
step=1/200 epoch=0 loss=2.3101 head_lr=1340 muon_lr=0.2
step=2/200 epoch=0 loss=2.3055 head_lr=1333.3 muon_lr=0.2
step=3/200 epoch=0 loss=2.3241 head_lr=1326.6 muon_lr=0.2
step=4/200 epoch=0 loss=2.0688 head_lr=1319.9 muon_lr=0.2
step=5/200 epoch=0 loss=1.9834 head_lr=1313.2 muon_lr=0.2
step=6/200 epoch=0 loss=1.9526 head_lr=1306.5 muon_lr=0.2
step=7/200 epoch=0 loss=1.8825 head_lr=1299.8 muon_lr=0.2
step=8/200 epoch=0 loss=1.8043 head_lr=1293.1 muon_lr=0.2
step=9/200 epoch=0 loss=1.7039 head_lr=1286.4 muon_lr=0.2
step=10/200 epoch=0 loss=1.7312 head_lr=1279.7 muon_lr=0.2
step=11/200 epoch=0 loss=1.7369 head_lr=1273 muon_lr=0.2
step=12/200 epoch=0 loss=1.6574 head_lr=1266.3 muon_lr=0.2
step=13/200 epoch=0 loss=1.5929 head_lr=1259.6 muon_lr=0.2
step=14/200 epoch=0 loss=1.5996 head_lr=1252.9 muon_lr=0.2
step=15/200 epoch=0 loss=1.5994 head_lr=1246.2 muon_lr=0.2
step=16/200 epoch=0 loss=1.5717 head_lr=1239.5 muon_lr=0.2
step=17/200 epoch=0 loss=1.5403 head_lr=1232.8 muon_lr=0.2
step=18/200 epoch=0 loss=1.5113 head_lr=1226.1 muon_lr=0.2
step=19/200 epoch=0 loss=1.4920 head_lr=1219.4 muon_lr=0.2
step=20/200 epoch=0 loss=1.4933 head_lr=1212.7 muon_lr=0.2
step=21/200 epoch=0 loss=1.4545 head_lr=1206 muon_lr=0.2
step=22/200 epoch=0 loss=1.4526 head_lr=1199.3 muon_lr=0.2
step=23/200 epoch=0 loss=1.4020 head_lr=1192.6 muon_lr=0.2
step=24/200 epoch=0 loss=1.4088 head_lr=1185.9 muon_lr=0.2
step=25/200 epoch=0 loss=1.4142 head_lr=1179.2 muon_lr=0.2
eval run=6 epoch=0 val_acc=0.5848 time_seconds=1.2983
step=26/200 epoch=1 loss=1.3938 head_lr=1172.5 muon_lr=0.2
step=27/200 epoch=1 loss=1.3658 head_lr=1165.8 muon_lr=0.2
step=28/200 epoch=1 loss=1.3822 head_lr=1159.1 muon_lr=0.2
step=29/200 epoch=1 loss=1.3834 head_lr=1152.4 muon_lr=0.2
step=30/200 epoch=1 loss=1.3295 head_lr=1145.7 muon_lr=0.2
step=31/200 epoch=1 loss=1.3178 head_lr=1139 muon_lr=0.2
step=32/200 epoch=1 loss=1.3235 head_lr=1132.3 muon_lr=0.2
step=33/200 epoch=1 loss=1.3565 head_lr=1125.6 muon_lr=0.2
step=34/200 epoch=1 loss=1.3218 head_lr=1118.9 muon_lr=0.2
step=35/200 epoch=1 loss=1.3118 head_lr=1112.2 muon_lr=0.2
step=36/200 epoch=1 loss=1.3293 head_lr=1105.5 muon_lr=0.2
step=37/200 epoch=1 loss=1.3283 head_lr=1098.8 muon_lr=0.2
step=38/200 epoch=1 loss=1.3264 head_lr=1092.1 muon_lr=0.2
step=39/200 epoch=1 loss=1.2945 head_lr=1085.4 muon_lr=0.2
step=40/200 epoch=1 loss=1.2865 head_lr=1078.7 muon_lr=0.2
step=41/200 epoch=1 loss=1.2881 head_lr=1072 muon_lr=0.2
step=42/200 epoch=1 loss=1.3062 head_lr=1065.3 muon_lr=0.2
step=43/200 epoch=1 loss=1.2814 head_lr=1058.6 muon_lr=0.2
step=44/200 epoch=1 loss=1.3102 head_lr=1051.9 muon_lr=0.2
step=45/200 epoch=1 loss=1.2917 head_lr=1045.2 muon_lr=0.2
step=46/200 epoch=1 loss=1.3058 head_lr=1038.5 muon_lr=0.2
step=47/200 epoch=1 loss=1.2774 head_lr=1031.8 muon_lr=0.2
step=48/200 epoch=1 loss=1.3142 head_lr=1025.1 muon_lr=0.2
step=49/200 epoch=1 loss=1.2846 head_lr=1018.4 muon_lr=0.2
step=50/200 epoch=1 loss=1.2844 head_lr=1011.7 muon_lr=0.2
eval epoch=1 val_acc=0.7711 time_seconds=2.5935
step=51/200 epoch=2 loss=1.2320 head_lr=1005 muon_lr=0.2
step=52/200 epoch=2 loss=1.2498 head_lr=998.3 muon_lr=0.2
step=53/200 epoch=2 loss=1.2696 head_lr=991.6 muon_lr=0.2
step=54/200 epoch=2 loss=1.2563 head_lr=984.9 muon_lr=0.2
step=55/200 epoch=2 loss=1.2597 head_lr=978.2 muon_lr=0.2
step=56/200 epoch=2 loss=1.2758 head_lr=971.5 muon_lr=0.2
step=57/200 epoch=2 loss=1.2524 head_lr=964.8 muon_lr=0.2
step=58/200 epoch=2 loss=1.2754 head_lr=958.1 muon_lr=0.2
step=59/200 epoch=2 loss=1.2205 head_lr=951.4 muon_lr=0.2
step=60/200 epoch=2 loss=1.2206 head_lr=944.7 muon_lr=0.2
step=61/200 epoch=2 loss=1.2149 head_lr=938 muon_lr=0.2
step=62/200 epoch=2 loss=1.2586 head_lr=931.3 muon_lr=0.2
step=63/200 epoch=2 loss=1.2514 head_lr=924.6 muon_lr=0.2
step=64/200 epoch=2 loss=1.2309 head_lr=917.9 muon_lr=0.2
step=65/200 epoch=2 loss=1.2270 head_lr=911.2 muon_lr=0.2
step=66/200 epoch=2 loss=1.2686 head_lr=904.5 muon_lr=0.2
step=67/200 epoch=2 loss=1.2706 head_lr=897.8 muon_lr=0.2
step=68/200 epoch=2 loss=1.2376 head_lr=891.1 muon_lr=0.2
step=69/200 epoch=2 loss=1.2772 head_lr=884.4 muon_lr=0.2
step=70/200 epoch=2 loss=1.2540 head_lr=877.7 muon_lr=0.2
step=71/200 epoch=2 loss=1.2599 head_lr=871 muon_lr=0.2
step=72/200 epoch=2 loss=1.2107 head_lr=864.3 muon_lr=0.2
step=73/200 epoch=2 loss=1.2236 head_lr=857.6 muon_lr=0.2
step=74/200 epoch=2 loss=1.2582 head_lr=850.9 muon_lr=0.2
step=75/200 epoch=2 loss=1.2675 head_lr=844.2 muon_lr=0.2
eval epoch=2 val_acc=0.6216 time_seconds=3.8884
step=76/200 epoch=3 loss=1.2043 head_lr=837.5 muon_lr=0.2
step=77/200 epoch=3 loss=1.2165 head_lr=830.8 muon_lr=0.2
step=78/200 epoch=3 loss=1.2095 head_lr=824.1 muon_lr=0.2
step=79/200 epoch=3 loss=1.2380 head_lr=817.4 muon_lr=0.2
step=80/200 epoch=3 loss=1.2107 head_lr=810.7 muon_lr=0.2
step=81/200 epoch=3 loss=1.2377 head_lr=804 muon_lr=0.2
step=82/200 epoch=3 loss=1.2420 head_lr=797.3 muon_lr=0.2
step=83/200 epoch=3 loss=1.2492 head_lr=790.6 muon_lr=0.2
step=84/200 epoch=3 loss=1.2052 head_lr=783.9 muon_lr=0.2
step=85/200 epoch=3 loss=1.2559 head_lr=777.2 muon_lr=0.2
step=86/200 epoch=3 loss=1.2186 head_lr=770.5 muon_lr=0.2
step=87/200 epoch=3 loss=1.2241 head_lr=763.8 muon_lr=0.2
step=88/200 epoch=3 loss=1.2317 head_lr=757.1 muon_lr=0.2
step=89/200 epoch=3 loss=1.2171 head_lr=750.4 muon_lr=0.2
step=90/200 epoch=3 loss=1.2317 head_lr=743.7 muon_lr=0.2
step=91/200 epoch=3 loss=1.2106 head_lr=737 muon_lr=0.2
step=92/200 epoch=3 loss=1.2265 head_lr=730.3 muon_lr=0.2
step=93/200 epoch=3 loss=1.2121 head_lr=723.6 muon_lr=0.2
step=94/200 epoch=3 loss=1.2332 head_lr=716.9 muon_lr=0.2
step=95/200 epoch=3 loss=1.2420 head_lr=710.2 muon_lr=0.2
step=96/200 epoch=3 loss=1.2310 head_lr=703.5 muon_lr=0.2
step=97/200 epoch=3 loss=1.2343 head_lr=696.8 muon_lr=0.2
step=98/200 epoch=3 loss=1.2061 head_lr=690.1 muon_lr=0.2
step=99/200 epoch=3 loss=1.2226 head_lr=683.4 muon_lr=0.2
step=100/200 epoch=3 loss=1.2340 head_lr=676.7 muon_lr=0.2
eval epoch=3 val_acc=0.5442 time_seconds=5.0945
step=101/200 epoch=4 loss=1.2242 head_lr=670 muon_lr=0.2
step=102/200 epoch=4 loss=1.2093 head_lr=663.3 muon_lr=0.2
step=103/200 epoch=4 loss=1.2097 head_lr=656.6 muon_lr=0.2
step=104/200 epoch=4 loss=1.2124 head_lr=649.9 muon_lr=0.2
step=105/200 epoch=4 loss=1.2093 head_lr=643.2 muon_lr=0.2
step=106/200 epoch=4 loss=1.2281 head_lr=636.5 muon_lr=0.2
step=107/200 epoch=4 loss=1.2006 head_lr=629.8 muon_lr=0.2
step=108/200 epoch=4 loss=1.2012 head_lr=623.1 muon_lr=0.2
step=109/200 epoch=4 loss=1.2507 head_lr=616.4 muon_lr=0.2
step=110/200 epoch=4 loss=1.2310 head_lr=609.7 muon_lr=0.2
step=111/200 epoch=4 loss=1.2225 head_lr=603 muon_lr=0.2
step=112/200 epoch=4 loss=1.2146 head_lr=596.3 muon_lr=0.2
step=113/200 epoch=4 loss=1.2310 head_lr=589.6 muon_lr=0.2
step=114/200 epoch=4 loss=1.1998 head_lr=582.9 muon_lr=0.2
step=115/200 epoch=4 loss=1.1766 head_lr=576.2 muon_lr=0.2
step=116/200 epoch=4 loss=1.2184 head_lr=569.5 muon_lr=0.2
step=117/200 epoch=4 loss=1.2131 head_lr=562.8 muon_lr=0.2
step=118/200 epoch=4 loss=1.2175 head_lr=556.1 muon_lr=0.2
step=119/200 epoch=4 loss=1.2111 head_lr=549.4 muon_lr=0.2
step=120/200 epoch=4 loss=1.1782 head_lr=542.7 muon_lr=0.2
step=121/200 epoch=4 loss=1.2145 head_lr=536 muon_lr=0.2
step=122/200 epoch=4 loss=1.2262 head_lr=529.3 muon_lr=0.2
step=123/200 epoch=4 loss=1.1902 head_lr=522.6 muon_lr=0.2
step=124/200 epoch=4 loss=1.2505 head_lr=515.9 muon_lr=0.2
step=125/200 epoch=4 loss=1.2199 head_lr=509.2 muon_lr=0.2
eval epoch=4 val_acc=0.7811 time_seconds=6.2998
step=126/200 epoch=5 loss=1.2057 head_lr=502.5 muon_lr=0.2
step=127/200 epoch=5 loss=1.1954 head_lr=495.8 muon_lr=0.2
step=128/200 epoch=5 loss=1.2043 head_lr=489.1 muon_lr=0.2
step=129/200 epoch=5 loss=1.2034 head_lr=482.4 muon_lr=0.2
step=130/200 epoch=5 loss=1.1942 head_lr=475.7 muon_lr=0.2
step=131/200 epoch=5 loss=1.2090 head_lr=469 muon_lr=0.2
step=132/200 epoch=5 loss=1.2111 head_lr=462.3 muon_lr=0.2
step=133/200 epoch=5 loss=1.2342 head_lr=455.6 muon_lr=0.2
step=134/200 epoch=5 loss=1.1835 head_lr=448.9 muon_lr=0.2
step=135/200 epoch=5 loss=1.1967 head_lr=442.2 muon_lr=0.2
step=136/200 epoch=5 loss=1.2091 head_lr=435.5 muon_lr=0.2
step=137/200 epoch=5 loss=1.2044 head_lr=428.8 muon_lr=0.2
step=138/200 epoch=5 loss=1.1770 head_lr=422.1 muon_lr=0.2
step=139/200 epoch=5 loss=1.1706 head_lr=415.4 muon_lr=0.2
step=140/200 epoch=5 loss=1.2009 head_lr=408.7 muon_lr=0.2
step=141/200 epoch=5 loss=1.2002 head_lr=402 muon_lr=0.2
step=142/200 epoch=5 loss=1.2174 head_lr=395.3 muon_lr=0.2
step=143/200 epoch=5 loss=1.1874 head_lr=388.6 muon_lr=0.2
step=144/200 epoch=5 loss=1.2009 head_lr=381.9 muon_lr=0.2
step=145/200 epoch=5 loss=1.2581 head_lr=375.2 muon_lr=0.2
step=146/200 epoch=5 loss=1.2062 head_lr=368.5 muon_lr=0.2
step=147/200 epoch=5 loss=1.1952 head_lr=361.8 muon_lr=0.2
step=148/200 epoch=5 loss=1.1931 head_lr=355.1 muon_lr=0.2
step=149/200 epoch=5 loss=1.1930 head_lr=348.4 muon_lr=0.2
step=150/200 epoch=5 loss=1.2166 head_lr=341.7 muon_lr=0.2
eval epoch=5 val_acc=0.7352 time_seconds=7.5063
step=151/200 epoch=6 loss=1.2130 head_lr=335 muon_lr=0.2
step=152/200 epoch=6 loss=1.1807 head_lr=328.3 muon_lr=0.2
step=153/200 epoch=6 loss=1.1720 head_lr=321.6 muon_lr=0.2
step=154/200 epoch=6 loss=1.1679 head_lr=314.9 muon_lr=0.2
step=155/200 epoch=6 loss=1.2136 head_lr=308.2 muon_lr=0.2
step=156/200 epoch=6 loss=1.2143 head_lr=301.5 muon_lr=0.2
step=157/200 epoch=6 loss=1.1989 head_lr=294.8 muon_lr=0.2
step=158/200 epoch=6 loss=1.1653 head_lr=288.1 muon_lr=0.2
step=159/200 epoch=6 loss=1.2072 head_lr=281.4 muon_lr=0.2
step=160/200 epoch=6 loss=1.1904 head_lr=274.7 muon_lr=0.2
step=161/200 epoch=6 loss=1.1739 head_lr=268 muon_lr=0.2
step=162/200 epoch=6 loss=1.2108 head_lr=261.3 muon_lr=0.2
step=163/200 epoch=6 loss=1.2024 head_lr=254.6 muon_lr=0.2
step=164/200 epoch=6 loss=1.1947 head_lr=247.9 muon_lr=0.2
step=165/200 epoch=6 loss=1.1949 head_lr=241.2 muon_lr=0.2
step=166/200 epoch=6 loss=1.2018 head_lr=234.5 muon_lr=0.2
step=167/200 epoch=6 loss=1.2017 head_lr=227.8 muon_lr=0.2
step=168/200 epoch=6 loss=1.2020 head_lr=221.1 muon_lr=0.2
step=169/200 epoch=6 loss=1.1846 head_lr=214.4 muon_lr=0.2
step=170/200 epoch=6 loss=1.1850 head_lr=207.7 muon_lr=0.2
step=171/200 epoch=6 loss=1.2266 head_lr=201 muon_lr=0.2
step=172/200 epoch=6 loss=1.1944 head_lr=194.3 muon_lr=0.2
step=173/200 epoch=6 loss=1.2230 head_lr=187.6 muon_lr=0.2
step=174/200 epoch=6 loss=1.2096 head_lr=180.9 muon_lr=0.2
step=175/200 epoch=6 loss=1.1702 head_lr=174.2 muon_lr=0.2
eval epoch=6 val_acc=0.7686 time_seconds=8.7111
step=176/200 epoch=7 loss=1.1735 head_lr=167.5 muon_lr=0.2
step=177/200 epoch=7 loss=1.1852 head_lr=160.8 muon_lr=0.2
step=178/200 epoch=7 loss=1.1887 head_lr=154.1 muon_lr=0.2
step=179/200 epoch=7 loss=1.1777 head_lr=147.4 muon_lr=0.2
step=180/200 epoch=7 loss=1.1664 head_lr=140.7 muon_lr=0.2
step=181/200 epoch=7 loss=1.1999 head_lr=134 muon_lr=0.2
step=182/200 epoch=7 loss=1.2130 head_lr=127.3 muon_lr=0.2
step=183/200 epoch=7 loss=1.1875 head_lr=120.6 muon_lr=0.2
step=184/200 epoch=7 loss=1.1905 head_lr=113.9 muon_lr=0.2
step=185/200 epoch=7 loss=1.1955 head_lr=107.2 muon_lr=0.2
step=186/200 epoch=7 loss=1.1926 head_lr=100.5 muon_lr=0.2
step=187/200 epoch=7 loss=1.2169 head_lr=93.8 muon_lr=0.2
step=188/200 epoch=7 loss=1.1820 head_lr=87.1 muon_lr=0.2
step=189/200 epoch=7 loss=1.1894 head_lr=80.4 muon_lr=0.2
step=190/200 epoch=7 loss=1.1593 head_lr=73.7 muon_lr=0.2
step=191/200 epoch=7 loss=1.2025 head_lr=67 muon_lr=0.2
step=192/200 epoch=7 loss=1.1785 head_lr=60.3 muon_lr=0.2
step=193/200 epoch=7 loss=1.1891 head_lr=53.6 muon_lr=0.2
step=194/200 epoch=7 loss=1.2023 head_lr=46.9 muon_lr=0.2
step=195/200 epoch=7 loss=1.1982 head_lr=40.2 muon_lr=0.2
step=196/200 epoch=7 loss=1.2076 head_lr=33.5 muon_lr=0.2
step=197/200 epoch=7 loss=1.1789 head_lr=26.8 muon_lr=0.2
step=198/200 epoch=7 loss=1.1820 head_lr=20.1 muon_lr=0.2
step=199/200 epoch=7 loss=1.1540 head_lr=13.4 muon_lr=0.2
step=200/200 epoch=7 loss=1.1970 head_lr=6.7 muon_lr=0.2
eval epoch=7 val_acc=0.7812 time_seconds=9.9180
eval epoch=final 25batch_train_loss=1.2219 val_acc=0.7812 tta_val_acc=0.8173 time_seconds=10.5310
Run:                6
Seed:               0
Seed group:         same_seed
Batch size:         2000
Muon lr:            0.2
SGD lr mult:        1
25batch train loss: 1.2219
Val acc:            0.7812
TTA val:            0.8173
cifar_reproducibility run=7 seed=0 seed_group=same_seed batch_size=2000 muon_lr=0.2
step=1/200 epoch=0 loss=2.3101 head_lr=1340 muon_lr=0.2
step=2/200 epoch=0 loss=2.3055 head_lr=1333.3 muon_lr=0.2
step=3/200 epoch=0 loss=2.3241 head_lr=1326.6 muon_lr=0.2
step=4/200 epoch=0 loss=2.0688 head_lr=1319.9 muon_lr=0.2
step=5/200 epoch=0 loss=1.9834 head_lr=1313.2 muon_lr=0.2
step=6/200 epoch=0 loss=1.9526 head_lr=1306.5 muon_lr=0.2
step=7/200 epoch=0 loss=1.8825 head_lr=1299.8 muon_lr=0.2
step=8/200 epoch=0 loss=1.8043 head_lr=1293.1 muon_lr=0.2
step=9/200 epoch=0 loss=1.7039 head_lr=1286.4 muon_lr=0.2
step=10/200 epoch=0 loss=1.7312 head_lr=1279.7 muon_lr=0.2
step=11/200 epoch=0 loss=1.7369 head_lr=1273 muon_lr=0.2
step=12/200 epoch=0 loss=1.6574 head_lr=1266.3 muon_lr=0.2
step=13/200 epoch=0 loss=1.5929 head_lr=1259.6 muon_lr=0.2
step=14/200 epoch=0 loss=1.5996 head_lr=1252.9 muon_lr=0.2
step=15/200 epoch=0 loss=1.5994 head_lr=1246.2 muon_lr=0.2
step=16/200 epoch=0 loss=1.5717 head_lr=1239.5 muon_lr=0.2
step=17/200 epoch=0 loss=1.5403 head_lr=1232.8 muon_lr=0.2
step=18/200 epoch=0 loss=1.5113 head_lr=1226.1 muon_lr=0.2
step=19/200 epoch=0 loss=1.4920 head_lr=1219.4 muon_lr=0.2
step=20/200 epoch=0 loss=1.4933 head_lr=1212.7 muon_lr=0.2
step=21/200 epoch=0 loss=1.4545 head_lr=1206 muon_lr=0.2
step=22/200 epoch=0 loss=1.4526 head_lr=1199.3 muon_lr=0.2
step=23/200 epoch=0 loss=1.4020 head_lr=1192.6 muon_lr=0.2
step=24/200 epoch=0 loss=1.4088 head_lr=1185.9 muon_lr=0.2
step=25/200 epoch=0 loss=1.4142 head_lr=1179.2 muon_lr=0.2
eval run=7 epoch=0 val_acc=0.5848 time_seconds=1.2970
step=26/200 epoch=1 loss=1.3938 head_lr=1172.5 muon_lr=0.2
step=27/200 epoch=1 loss=1.3658 head_lr=1165.8 muon_lr=0.2
step=28/200 epoch=1 loss=1.3822 head_lr=1159.1 muon_lr=0.2
step=29/200 epoch=1 loss=1.3834 head_lr=1152.4 muon_lr=0.2
step=30/200 epoch=1 loss=1.3295 head_lr=1145.7 muon_lr=0.2
step=31/200 epoch=1 loss=1.3178 head_lr=1139 muon_lr=0.2
step=32/200 epoch=1 loss=1.3235 head_lr=1132.3 muon_lr=0.2
step=33/200 epoch=1 loss=1.3565 head_lr=1125.6 muon_lr=0.2
step=34/200 epoch=1 loss=1.3218 head_lr=1118.9 muon_lr=0.2
step=35/200 epoch=1 loss=1.3118 head_lr=1112.2 muon_lr=0.2
step=36/200 epoch=1 loss=1.3293 head_lr=1105.5 muon_lr=0.2
step=37/200 epoch=1 loss=1.3283 head_lr=1098.8 muon_lr=0.2
step=38/200 epoch=1 loss=1.3264 head_lr=1092.1 muon_lr=0.2
step=39/200 epoch=1 loss=1.2945 head_lr=1085.4 muon_lr=0.2
step=40/200 epoch=1 loss=1.2865 head_lr=1078.7 muon_lr=0.2
step=41/200 epoch=1 loss=1.2881 head_lr=1072 muon_lr=0.2
step=42/200 epoch=1 loss=1.3062 head_lr=1065.3 muon_lr=0.2
step=43/200 epoch=1 loss=1.2814 head_lr=1058.6 muon_lr=0.2
step=44/200 epoch=1 loss=1.3102 head_lr=1051.9 muon_lr=0.2
step=45/200 epoch=1 loss=1.2917 head_lr=1045.2 muon_lr=0.2
step=46/200 epoch=1 loss=1.3058 head_lr=1038.5 muon_lr=0.2
step=47/200 epoch=1 loss=1.2774 head_lr=1031.8 muon_lr=0.2
step=48/200 epoch=1 loss=1.3142 head_lr=1025.1 muon_lr=0.2
step=49/200 epoch=1 loss=1.2846 head_lr=1018.4 muon_lr=0.2
step=50/200 epoch=1 loss=1.2844 head_lr=1011.7 muon_lr=0.2
eval epoch=1 val_acc=0.7711 time_seconds=2.5929
step=51/200 epoch=2 loss=1.2320 head_lr=1005 muon_lr=0.2
step=52/200 epoch=2 loss=1.2498 head_lr=998.3 muon_lr=0.2
step=53/200 epoch=2 loss=1.2696 head_lr=991.6 muon_lr=0.2
step=54/200 epoch=2 loss=1.2563 head_lr=984.9 muon_lr=0.2
step=55/200 epoch=2 loss=1.2597 head_lr=978.2 muon_lr=0.2
step=56/200 epoch=2 loss=1.2758 head_lr=971.5 muon_lr=0.2
step=57/200 epoch=2 loss=1.2524 head_lr=964.8 muon_lr=0.2
step=58/200 epoch=2 loss=1.2754 head_lr=958.1 muon_lr=0.2
step=59/200 epoch=2 loss=1.2205 head_lr=951.4 muon_lr=0.2
step=60/200 epoch=2 loss=1.2206 head_lr=944.7 muon_lr=0.2
step=61/200 epoch=2 loss=1.2149 head_lr=938 muon_lr=0.2
step=62/200 epoch=2 loss=1.2586 head_lr=931.3 muon_lr=0.2
step=63/200 epoch=2 loss=1.2514 head_lr=924.6 muon_lr=0.2
step=64/200 epoch=2 loss=1.2309 head_lr=917.9 muon_lr=0.2
step=65/200 epoch=2 loss=1.2270 head_lr=911.2 muon_lr=0.2
step=66/200 epoch=2 loss=1.2686 head_lr=904.5 muon_lr=0.2
step=67/200 epoch=2 loss=1.2706 head_lr=897.8 muon_lr=0.2
step=68/200 epoch=2 loss=1.2376 head_lr=891.1 muon_lr=0.2
step=69/200 epoch=2 loss=1.2772 head_lr=884.4 muon_lr=0.2
step=70/200 epoch=2 loss=1.2540 head_lr=877.7 muon_lr=0.2
step=71/200 epoch=2 loss=1.2599 head_lr=871 muon_lr=0.2
step=72/200 epoch=2 loss=1.2107 head_lr=864.3 muon_lr=0.2
step=73/200 epoch=2 loss=1.2236 head_lr=857.6 muon_lr=0.2
step=74/200 epoch=2 loss=1.2582 head_lr=850.9 muon_lr=0.2
step=75/200 epoch=2 loss=1.2675 head_lr=844.2 muon_lr=0.2
eval epoch=2 val_acc=0.6216 time_seconds=3.8872
step=76/200 epoch=3 loss=1.2043 head_lr=837.5 muon_lr=0.2
step=77/200 epoch=3 loss=1.2165 head_lr=830.8 muon_lr=0.2
step=78/200 epoch=3 loss=1.2095 head_lr=824.1 muon_lr=0.2
step=79/200 epoch=3 loss=1.2380 head_lr=817.4 muon_lr=0.2
step=80/200 epoch=3 loss=1.2107 head_lr=810.7 muon_lr=0.2
step=81/200 epoch=3 loss=1.2377 head_lr=804 muon_lr=0.2
step=82/200 epoch=3 loss=1.2420 head_lr=797.3 muon_lr=0.2
step=83/200 epoch=3 loss=1.2492 head_lr=790.6 muon_lr=0.2
step=84/200 epoch=3 loss=1.2052 head_lr=783.9 muon_lr=0.2
step=85/200 epoch=3 loss=1.2559 head_lr=777.2 muon_lr=0.2
step=86/200 epoch=3 loss=1.2186 head_lr=770.5 muon_lr=0.2
step=87/200 epoch=3 loss=1.2241 head_lr=763.8 muon_lr=0.2
step=88/200 epoch=3 loss=1.2317 head_lr=757.1 muon_lr=0.2
step=89/200 epoch=3 loss=1.2171 head_lr=750.4 muon_lr=0.2
step=90/200 epoch=3 loss=1.2317 head_lr=743.7 muon_lr=0.2
step=91/200 epoch=3 loss=1.2106 head_lr=737 muon_lr=0.2
step=92/200 epoch=3 loss=1.2265 head_lr=730.3 muon_lr=0.2
step=93/200 epoch=3 loss=1.2121 head_lr=723.6 muon_lr=0.2
step=94/200 epoch=3 loss=1.2332 head_lr=716.9 muon_lr=0.2
step=95/200 epoch=3 loss=1.2420 head_lr=710.2 muon_lr=0.2
step=96/200 epoch=3 loss=1.2310 head_lr=703.5 muon_lr=0.2
step=97/200 epoch=3 loss=1.2343 head_lr=696.8 muon_lr=0.2
step=98/200 epoch=3 loss=1.2061 head_lr=690.1 muon_lr=0.2
step=99/200 epoch=3 loss=1.2226 head_lr=683.4 muon_lr=0.2
step=100/200 epoch=3 loss=1.2340 head_lr=676.7 muon_lr=0.2
eval epoch=3 val_acc=0.5442 time_seconds=5.0928
step=101/200 epoch=4 loss=1.2242 head_lr=670 muon_lr=0.2
step=102/200 epoch=4 loss=1.2093 head_lr=663.3 muon_lr=0.2
step=103/200 epoch=4 loss=1.2097 head_lr=656.6 muon_lr=0.2
step=104/200 epoch=4 loss=1.2124 head_lr=649.9 muon_lr=0.2
step=105/200 epoch=4 loss=1.2093 head_lr=643.2 muon_lr=0.2
step=106/200 epoch=4 loss=1.2281 head_lr=636.5 muon_lr=0.2
step=107/200 epoch=4 loss=1.2006 head_lr=629.8 muon_lr=0.2
step=108/200 epoch=4 loss=1.2012 head_lr=623.1 muon_lr=0.2
step=109/200 epoch=4 loss=1.2507 head_lr=616.4 muon_lr=0.2
step=110/200 epoch=4 loss=1.2310 head_lr=609.7 muon_lr=0.2
step=111/200 epoch=4 loss=1.2225 head_lr=603 muon_lr=0.2
step=112/200 epoch=4 loss=1.2146 head_lr=596.3 muon_lr=0.2
step=113/200 epoch=4 loss=1.2310 head_lr=589.6 muon_lr=0.2
step=114/200 epoch=4 loss=1.1998 head_lr=582.9 muon_lr=0.2
step=115/200 epoch=4 loss=1.1766 head_lr=576.2 muon_lr=0.2
step=116/200 epoch=4 loss=1.2184 head_lr=569.5 muon_lr=0.2
step=117/200 epoch=4 loss=1.2131 head_lr=562.8 muon_lr=0.2
step=118/200 epoch=4 loss=1.2175 head_lr=556.1 muon_lr=0.2
step=119/200 epoch=4 loss=1.2111 head_lr=549.4 muon_lr=0.2
step=120/200 epoch=4 loss=1.1782 head_lr=542.7 muon_lr=0.2
step=121/200 epoch=4 loss=1.2145 head_lr=536 muon_lr=0.2
step=122/200 epoch=4 loss=1.2262 head_lr=529.3 muon_lr=0.2
step=123/200 epoch=4 loss=1.1902 head_lr=522.6 muon_lr=0.2
step=124/200 epoch=4 loss=1.2505 head_lr=515.9 muon_lr=0.2
step=125/200 epoch=4 loss=1.2199 head_lr=509.2 muon_lr=0.2
eval epoch=4 val_acc=0.7811 time_seconds=6.2983
step=126/200 epoch=5 loss=1.2057 head_lr=502.5 muon_lr=0.2
step=127/200 epoch=5 loss=1.1954 head_lr=495.8 muon_lr=0.2
step=128/200 epoch=5 loss=1.2043 head_lr=489.1 muon_lr=0.2
step=129/200 epoch=5 loss=1.2034 head_lr=482.4 muon_lr=0.2
step=130/200 epoch=5 loss=1.1942 head_lr=475.7 muon_lr=0.2
step=131/200 epoch=5 loss=1.2090 head_lr=469 muon_lr=0.2
step=132/200 epoch=5 loss=1.2111 head_lr=462.3 muon_lr=0.2
step=133/200 epoch=5 loss=1.2342 head_lr=455.6 muon_lr=0.2
step=134/200 epoch=5 loss=1.1835 head_lr=448.9 muon_lr=0.2
step=135/200 epoch=5 loss=1.1967 head_lr=442.2 muon_lr=0.2
step=136/200 epoch=5 loss=1.2091 head_lr=435.5 muon_lr=0.2
step=137/200 epoch=5 loss=1.2044 head_lr=428.8 muon_lr=0.2
step=138/200 epoch=5 loss=1.1770 head_lr=422.1 muon_lr=0.2
step=139/200 epoch=5 loss=1.1706 head_lr=415.4 muon_lr=0.2
step=140/200 epoch=5 loss=1.2009 head_lr=408.7 muon_lr=0.2
step=141/200 epoch=5 loss=1.2002 head_lr=402 muon_lr=0.2
step=142/200 epoch=5 loss=1.2174 head_lr=395.3 muon_lr=0.2
step=143/200 epoch=5 loss=1.1874 head_lr=388.6 muon_lr=0.2
step=144/200 epoch=5 loss=1.2009 head_lr=381.9 muon_lr=0.2
step=145/200 epoch=5 loss=1.2581 head_lr=375.2 muon_lr=0.2
step=146/200 epoch=5 loss=1.2062 head_lr=368.5 muon_lr=0.2
step=147/200 epoch=5 loss=1.1952 head_lr=361.8 muon_lr=0.2
step=148/200 epoch=5 loss=1.1931 head_lr=355.1 muon_lr=0.2
step=149/200 epoch=5 loss=1.1930 head_lr=348.4 muon_lr=0.2
step=150/200 epoch=5 loss=1.2166 head_lr=341.7 muon_lr=0.2
eval epoch=5 val_acc=0.7352 time_seconds=7.5050
step=151/200 epoch=6 loss=1.2130 head_lr=335 muon_lr=0.2
step=152/200 epoch=6 loss=1.1807 head_lr=328.3 muon_lr=0.2
step=153/200 epoch=6 loss=1.1720 head_lr=321.6 muon_lr=0.2
step=154/200 epoch=6 loss=1.1679 head_lr=314.9 muon_lr=0.2
step=155/200 epoch=6 loss=1.2136 head_lr=308.2 muon_lr=0.2
step=156/200 epoch=6 loss=1.2143 head_lr=301.5 muon_lr=0.2
step=157/200 epoch=6 loss=1.1989 head_lr=294.8 muon_lr=0.2
step=158/200 epoch=6 loss=1.1653 head_lr=288.1 muon_lr=0.2
step=159/200 epoch=6 loss=1.2072 head_lr=281.4 muon_lr=0.2
step=160/200 epoch=6 loss=1.1904 head_lr=274.7 muon_lr=0.2
step=161/200 epoch=6 loss=1.1739 head_lr=268 muon_lr=0.2
step=162/200 epoch=6 loss=1.2108 head_lr=261.3 muon_lr=0.2
step=163/200 epoch=6 loss=1.2024 head_lr=254.6 muon_lr=0.2
step=164/200 epoch=6 loss=1.1947 head_lr=247.9 muon_lr=0.2
step=165/200 epoch=6 loss=1.1949 head_lr=241.2 muon_lr=0.2
step=166/200 epoch=6 loss=1.2018 head_lr=234.5 muon_lr=0.2
step=167/200 epoch=6 loss=1.2017 head_lr=227.8 muon_lr=0.2
step=168/200 epoch=6 loss=1.2020 head_lr=221.1 muon_lr=0.2
step=169/200 epoch=6 loss=1.1846 head_lr=214.4 muon_lr=0.2
step=170/200 epoch=6 loss=1.1850 head_lr=207.7 muon_lr=0.2
step=171/200 epoch=6 loss=1.2266 head_lr=201 muon_lr=0.2
step=172/200 epoch=6 loss=1.1944 head_lr=194.3 muon_lr=0.2
step=173/200 epoch=6 loss=1.2230 head_lr=187.6 muon_lr=0.2
step=174/200 epoch=6 loss=1.2096 head_lr=180.9 muon_lr=0.2
step=175/200 epoch=6 loss=1.1702 head_lr=174.2 muon_lr=0.2
eval epoch=6 val_acc=0.7686 time_seconds=8.7110
step=176/200 epoch=7 loss=1.1735 head_lr=167.5 muon_lr=0.2
step=177/200 epoch=7 loss=1.1852 head_lr=160.8 muon_lr=0.2
step=178/200 epoch=7 loss=1.1887 head_lr=154.1 muon_lr=0.2
step=179/200 epoch=7 loss=1.1777 head_lr=147.4 muon_lr=0.2
step=180/200 epoch=7 loss=1.1664 head_lr=140.7 muon_lr=0.2
step=181/200 epoch=7 loss=1.1999 head_lr=134 muon_lr=0.2
step=182/200 epoch=7 loss=1.2130 head_lr=127.3 muon_lr=0.2
step=183/200 epoch=7 loss=1.1875 head_lr=120.6 muon_lr=0.2
step=184/200 epoch=7 loss=1.1905 head_lr=113.9 muon_lr=0.2
step=185/200 epoch=7 loss=1.1955 head_lr=107.2 muon_lr=0.2
step=186/200 epoch=7 loss=1.1926 head_lr=100.5 muon_lr=0.2
step=187/200 epoch=7 loss=1.2169 head_lr=93.8 muon_lr=0.2
step=188/200 epoch=7 loss=1.1820 head_lr=87.1 muon_lr=0.2
step=189/200 epoch=7 loss=1.1894 head_lr=80.4 muon_lr=0.2
step=190/200 epoch=7 loss=1.1593 head_lr=73.7 muon_lr=0.2
step=191/200 epoch=7 loss=1.2025 head_lr=67 muon_lr=0.2
step=192/200 epoch=7 loss=1.1785 head_lr=60.3 muon_lr=0.2
step=193/200 epoch=7 loss=1.1891 head_lr=53.6 muon_lr=0.2
step=194/200 epoch=7 loss=1.2023 head_lr=46.9 muon_lr=0.2
step=195/200 epoch=7 loss=1.1982 head_lr=40.2 muon_lr=0.2
step=196/200 epoch=7 loss=1.2076 head_lr=33.5 muon_lr=0.2
step=197/200 epoch=7 loss=1.1789 head_lr=26.8 muon_lr=0.2
step=198/200 epoch=7 loss=1.1820 head_lr=20.1 muon_lr=0.2
step=199/200 epoch=7 loss=1.1540 head_lr=13.4 muon_lr=0.2
step=200/200 epoch=7 loss=1.1970 head_lr=6.7 muon_lr=0.2
eval epoch=7 val_acc=0.7812 time_seconds=9.9174
eval epoch=final 25batch_train_loss=1.2219 val_acc=0.7812 tta_val_acc=0.8173 time_seconds=10.5293
Run:                7
Seed:               0
Seed group:         same_seed
Batch size:         2000
Muon lr:            0.2
SGD lr mult:        1
25batch train loss: 1.2219
Val acc:            0.7812
TTA val:            0.8173
cifar_reproducibility run=8 seed=0 seed_group=same_seed batch_size=2000 muon_lr=0.2
step=1/200 epoch=0 loss=2.3101 head_lr=1340 muon_lr=0.2
step=2/200 epoch=0 loss=2.3055 head_lr=1333.3 muon_lr=0.2
step=3/200 epoch=0 loss=2.3241 head_lr=1326.6 muon_lr=0.2
step=4/200 epoch=0 loss=2.0688 head_lr=1319.9 muon_lr=0.2
step=5/200 epoch=0 loss=1.9834 head_lr=1313.2 muon_lr=0.2
step=6/200 epoch=0 loss=1.9526 head_lr=1306.5 muon_lr=0.2
step=7/200 epoch=0 loss=1.8825 head_lr=1299.8 muon_lr=0.2
step=8/200 epoch=0 loss=1.8043 head_lr=1293.1 muon_lr=0.2
step=9/200 epoch=0 loss=1.7039 head_lr=1286.4 muon_lr=0.2
step=10/200 epoch=0 loss=1.7312 head_lr=1279.7 muon_lr=0.2
step=11/200 epoch=0 loss=1.7369 head_lr=1273 muon_lr=0.2
step=12/200 epoch=0 loss=1.6574 head_lr=1266.3 muon_lr=0.2
step=13/200 epoch=0 loss=1.5929 head_lr=1259.6 muon_lr=0.2
step=14/200 epoch=0 loss=1.5996 head_lr=1252.9 muon_lr=0.2
step=15/200 epoch=0 loss=1.5994 head_lr=1246.2 muon_lr=0.2
step=16/200 epoch=0 loss=1.5717 head_lr=1239.5 muon_lr=0.2
step=17/200 epoch=0 loss=1.5403 head_lr=1232.8 muon_lr=0.2
step=18/200 epoch=0 loss=1.5113 head_lr=1226.1 muon_lr=0.2
step=19/200 epoch=0 loss=1.4920 head_lr=1219.4 muon_lr=0.2
step=20/200 epoch=0 loss=1.4933 head_lr=1212.7 muon_lr=0.2
step=21/200 epoch=0 loss=1.4545 head_lr=1206 muon_lr=0.2
step=22/200 epoch=0 loss=1.4526 head_lr=1199.3 muon_lr=0.2
step=23/200 epoch=0 loss=1.4020 head_lr=1192.6 muon_lr=0.2
step=24/200 epoch=0 loss=1.4088 head_lr=1185.9 muon_lr=0.2
step=25/200 epoch=0 loss=1.4142 head_lr=1179.2 muon_lr=0.2
eval run=8 epoch=0 val_acc=0.5848 time_seconds=1.2973
step=26/200 epoch=1 loss=1.3938 head_lr=1172.5 muon_lr=0.2
step=27/200 epoch=1 loss=1.3658 head_lr=1165.8 muon_lr=0.2
step=28/200 epoch=1 loss=1.3822 head_lr=1159.1 muon_lr=0.2
step=29/200 epoch=1 loss=1.3834 head_lr=1152.4 muon_lr=0.2
step=30/200 epoch=1 loss=1.3295 head_lr=1145.7 muon_lr=0.2
step=31/200 epoch=1 loss=1.3178 head_lr=1139 muon_lr=0.2
step=32/200 epoch=1 loss=1.3235 head_lr=1132.3 muon_lr=0.2
step=33/200 epoch=1 loss=1.3565 head_lr=1125.6 muon_lr=0.2
step=34/200 epoch=1 loss=1.3218 head_lr=1118.9 muon_lr=0.2
step=35/200 epoch=1 loss=1.3118 head_lr=1112.2 muon_lr=0.2
step=36/200 epoch=1 loss=1.3293 head_lr=1105.5 muon_lr=0.2
step=37/200 epoch=1 loss=1.3283 head_lr=1098.8 muon_lr=0.2
step=38/200 epoch=1 loss=1.3264 head_lr=1092.1 muon_lr=0.2
step=39/200 epoch=1 loss=1.2945 head_lr=1085.4 muon_lr=0.2
step=40/200 epoch=1 loss=1.2865 head_lr=1078.7 muon_lr=0.2
step=41/200 epoch=1 loss=1.2881 head_lr=1072 muon_lr=0.2
step=42/200 epoch=1 loss=1.3062 head_lr=1065.3 muon_lr=0.2
step=43/200 epoch=1 loss=1.2814 head_lr=1058.6 muon_lr=0.2
step=44/200 epoch=1 loss=1.3102 head_lr=1051.9 muon_lr=0.2
step=45/200 epoch=1 loss=1.2917 head_lr=1045.2 muon_lr=0.2
step=46/200 epoch=1 loss=1.3058 head_lr=1038.5 muon_lr=0.2
step=47/200 epoch=1 loss=1.2774 head_lr=1031.8 muon_lr=0.2
step=48/200 epoch=1 loss=1.3142 head_lr=1025.1 muon_lr=0.2
step=49/200 epoch=1 loss=1.2846 head_lr=1018.4 muon_lr=0.2
step=50/200 epoch=1 loss=1.2844 head_lr=1011.7 muon_lr=0.2
eval epoch=1 val_acc=0.7711 time_seconds=2.5920
step=51/200 epoch=2 loss=1.2320 head_lr=1005 muon_lr=0.2
step=52/200 epoch=2 loss=1.2498 head_lr=998.3 muon_lr=0.2
step=53/200 epoch=2 loss=1.2696 head_lr=991.6 muon_lr=0.2
step=54/200 epoch=2 loss=1.2563 head_lr=984.9 muon_lr=0.2
step=55/200 epoch=2 loss=1.2597 head_lr=978.2 muon_lr=0.2
step=56/200 epoch=2 loss=1.2758 head_lr=971.5 muon_lr=0.2
step=57/200 epoch=2 loss=1.2524 head_lr=964.8 muon_lr=0.2
step=58/200 epoch=2 loss=1.2754 head_lr=958.1 muon_lr=0.2
step=59/200 epoch=2 loss=1.2205 head_lr=951.4 muon_lr=0.2
step=60/200 epoch=2 loss=1.2206 head_lr=944.7 muon_lr=0.2
step=61/200 epoch=2 loss=1.2149 head_lr=938 muon_lr=0.2
step=62/200 epoch=2 loss=1.2586 head_lr=931.3 muon_lr=0.2
step=63/200 epoch=2 loss=1.2514 head_lr=924.6 muon_lr=0.2
step=64/200 epoch=2 loss=1.2309 head_lr=917.9 muon_lr=0.2
step=65/200 epoch=2 loss=1.2270 head_lr=911.2 muon_lr=0.2
step=66/200 epoch=2 loss=1.2686 head_lr=904.5 muon_lr=0.2
step=67/200 epoch=2 loss=1.2706 head_lr=897.8 muon_lr=0.2
step=68/200 epoch=2 loss=1.2376 head_lr=891.1 muon_lr=0.2
step=69/200 epoch=2 loss=1.2772 head_lr=884.4 muon_lr=0.2
step=70/200 epoch=2 loss=1.2540 head_lr=877.7 muon_lr=0.2
step=71/200 epoch=2 loss=1.2599 head_lr=871 muon_lr=0.2
step=72/200 epoch=2 loss=1.2107 head_lr=864.3 muon_lr=0.2
step=73/200 epoch=2 loss=1.2236 head_lr=857.6 muon_lr=0.2
step=74/200 epoch=2 loss=1.2582 head_lr=850.9 muon_lr=0.2
step=75/200 epoch=2 loss=1.2675 head_lr=844.2 muon_lr=0.2
eval epoch=2 val_acc=0.6216 time_seconds=3.8868
step=76/200 epoch=3 loss=1.2043 head_lr=837.5 muon_lr=0.2
step=77/200 epoch=3 loss=1.2165 head_lr=830.8 muon_lr=0.2
step=78/200 epoch=3 loss=1.2095 head_lr=824.1 muon_lr=0.2
step=79/200 epoch=3 loss=1.2380 head_lr=817.4 muon_lr=0.2
step=80/200 epoch=3 loss=1.2107 head_lr=810.7 muon_lr=0.2
step=81/200 epoch=3 loss=1.2377 head_lr=804 muon_lr=0.2
step=82/200 epoch=3 loss=1.2420 head_lr=797.3 muon_lr=0.2
step=83/200 epoch=3 loss=1.2492 head_lr=790.6 muon_lr=0.2
step=84/200 epoch=3 loss=1.2052 head_lr=783.9 muon_lr=0.2
step=85/200 epoch=3 loss=1.2559 head_lr=777.2 muon_lr=0.2
step=86/200 epoch=3 loss=1.2186 head_lr=770.5 muon_lr=0.2
step=87/200 epoch=3 loss=1.2241 head_lr=763.8 muon_lr=0.2
step=88/200 epoch=3 loss=1.2317 head_lr=757.1 muon_lr=0.2
step=89/200 epoch=3 loss=1.2171 head_lr=750.4 muon_lr=0.2
step=90/200 epoch=3 loss=1.2317 head_lr=743.7 muon_lr=0.2
step=91/200 epoch=3 loss=1.2106 head_lr=737 muon_lr=0.2
step=92/200 epoch=3 loss=1.2265 head_lr=730.3 muon_lr=0.2
step=93/200 epoch=3 loss=1.2121 head_lr=723.6 muon_lr=0.2
step=94/200 epoch=3 loss=1.2332 head_lr=716.9 muon_lr=0.2
step=95/200 epoch=3 loss=1.2420 head_lr=710.2 muon_lr=0.2
step=96/200 epoch=3 loss=1.2310 head_lr=703.5 muon_lr=0.2
step=97/200 epoch=3 loss=1.2343 head_lr=696.8 muon_lr=0.2
step=98/200 epoch=3 loss=1.2061 head_lr=690.1 muon_lr=0.2
step=99/200 epoch=3 loss=1.2226 head_lr=683.4 muon_lr=0.2
step=100/200 epoch=3 loss=1.2340 head_lr=676.7 muon_lr=0.2
eval epoch=3 val_acc=0.5442 time_seconds=5.0935
step=101/200 epoch=4 loss=1.2242 head_lr=670 muon_lr=0.2
step=102/200 epoch=4 loss=1.2093 head_lr=663.3 muon_lr=0.2
step=103/200 epoch=4 loss=1.2097 head_lr=656.6 muon_lr=0.2
step=104/200 epoch=4 loss=1.2124 head_lr=649.9 muon_lr=0.2
step=105/200 epoch=4 loss=1.2093 head_lr=643.2 muon_lr=0.2
step=106/200 epoch=4 loss=1.2281 head_lr=636.5 muon_lr=0.2
step=107/200 epoch=4 loss=1.2006 head_lr=629.8 muon_lr=0.2
step=108/200 epoch=4 loss=1.2012 head_lr=623.1 muon_lr=0.2
step=109/200 epoch=4 loss=1.2507 head_lr=616.4 muon_lr=0.2
step=110/200 epoch=4 loss=1.2310 head_lr=609.7 muon_lr=0.2
step=111/200 epoch=4 loss=1.2225 head_lr=603 muon_lr=0.2
step=112/200 epoch=4 loss=1.2146 head_lr=596.3 muon_lr=0.2
step=113/200 epoch=4 loss=1.2310 head_lr=589.6 muon_lr=0.2
step=114/200 epoch=4 loss=1.1998 head_lr=582.9 muon_lr=0.2
step=115/200 epoch=4 loss=1.1766 head_lr=576.2 muon_lr=0.2
step=116/200 epoch=4 loss=1.2184 head_lr=569.5 muon_lr=0.2
step=117/200 epoch=4 loss=1.2131 head_lr=562.8 muon_lr=0.2
step=118/200 epoch=4 loss=1.2175 head_lr=556.1 muon_lr=0.2
step=119/200 epoch=4 loss=1.2111 head_lr=549.4 muon_lr=0.2
step=120/200 epoch=4 loss=1.1782 head_lr=542.7 muon_lr=0.2
step=121/200 epoch=4 loss=1.2145 head_lr=536 muon_lr=0.2
step=122/200 epoch=4 loss=1.2262 head_lr=529.3 muon_lr=0.2
step=123/200 epoch=4 loss=1.1902 head_lr=522.6 muon_lr=0.2
step=124/200 epoch=4 loss=1.2505 head_lr=515.9 muon_lr=0.2
step=125/200 epoch=4 loss=1.2199 head_lr=509.2 muon_lr=0.2
eval epoch=4 val_acc=0.7811 time_seconds=6.3002
step=126/200 epoch=5 loss=1.2057 head_lr=502.5 muon_lr=0.2
step=127/200 epoch=5 loss=1.1954 head_lr=495.8 muon_lr=0.2
step=128/200 epoch=5 loss=1.2043 head_lr=489.1 muon_lr=0.2
step=129/200 epoch=5 loss=1.2034 head_lr=482.4 muon_lr=0.2
step=130/200 epoch=5 loss=1.1942 head_lr=475.7 muon_lr=0.2
step=131/200 epoch=5 loss=1.2090 head_lr=469 muon_lr=0.2
step=132/200 epoch=5 loss=1.2111 head_lr=462.3 muon_lr=0.2
step=133/200 epoch=5 loss=1.2342 head_lr=455.6 muon_lr=0.2
step=134/200 epoch=5 loss=1.1835 head_lr=448.9 muon_lr=0.2
step=135/200 epoch=5 loss=1.1967 head_lr=442.2 muon_lr=0.2
step=136/200 epoch=5 loss=1.2091 head_lr=435.5 muon_lr=0.2
step=137/200 epoch=5 loss=1.2044 head_lr=428.8 muon_lr=0.2
step=138/200 epoch=5 loss=1.1770 head_lr=422.1 muon_lr=0.2
step=139/200 epoch=5 loss=1.1706 head_lr=415.4 muon_lr=0.2
step=140/200 epoch=5 loss=1.2009 head_lr=408.7 muon_lr=0.2
step=141/200 epoch=5 loss=1.2002 head_lr=402 muon_lr=0.2
step=142/200 epoch=5 loss=1.2174 head_lr=395.3 muon_lr=0.2
step=143/200 epoch=5 loss=1.1874 head_lr=388.6 muon_lr=0.2
step=144/200 epoch=5 loss=1.2009 head_lr=381.9 muon_lr=0.2
step=145/200 epoch=5 loss=1.2581 head_lr=375.2 muon_lr=0.2
step=146/200 epoch=5 loss=1.2062 head_lr=368.5 muon_lr=0.2
step=147/200 epoch=5 loss=1.1952 head_lr=361.8 muon_lr=0.2
step=148/200 epoch=5 loss=1.1931 head_lr=355.1 muon_lr=0.2
step=149/200 epoch=5 loss=1.1930 head_lr=348.4 muon_lr=0.2
step=150/200 epoch=5 loss=1.2166 head_lr=341.7 muon_lr=0.2
eval epoch=5 val_acc=0.7352 time_seconds=7.5062
step=151/200 epoch=6 loss=1.2130 head_lr=335 muon_lr=0.2
step=152/200 epoch=6 loss=1.1807 head_lr=328.3 muon_lr=0.2
step=153/200 epoch=6 loss=1.1720 head_lr=321.6 muon_lr=0.2
step=154/200 epoch=6 loss=1.1679 head_lr=314.9 muon_lr=0.2
step=155/200 epoch=6 loss=1.2136 head_lr=308.2 muon_lr=0.2
step=156/200 epoch=6 loss=1.2143 head_lr=301.5 muon_lr=0.2
step=157/200 epoch=6 loss=1.1989 head_lr=294.8 muon_lr=0.2
step=158/200 epoch=6 loss=1.1653 head_lr=288.1 muon_lr=0.2
step=159/200 epoch=6 loss=1.2072 head_lr=281.4 muon_lr=0.2
step=160/200 epoch=6 loss=1.1904 head_lr=274.7 muon_lr=0.2
step=161/200 epoch=6 loss=1.1739 head_lr=268 muon_lr=0.2
step=162/200 epoch=6 loss=1.2108 head_lr=261.3 muon_lr=0.2
step=163/200 epoch=6 loss=1.2024 head_lr=254.6 muon_lr=0.2
step=164/200 epoch=6 loss=1.1947 head_lr=247.9 muon_lr=0.2
step=165/200 epoch=6 loss=1.1949 head_lr=241.2 muon_lr=0.2
step=166/200 epoch=6 loss=1.2018 head_lr=234.5 muon_lr=0.2
step=167/200 epoch=6 loss=1.2017 head_lr=227.8 muon_lr=0.2
step=168/200 epoch=6 loss=1.2020 head_lr=221.1 muon_lr=0.2
step=169/200 epoch=6 loss=1.1846 head_lr=214.4 muon_lr=0.2
step=170/200 epoch=6 loss=1.1850 head_lr=207.7 muon_lr=0.2
step=171/200 epoch=6 loss=1.2266 head_lr=201 muon_lr=0.2
step=172/200 epoch=6 loss=1.1944 head_lr=194.3 muon_lr=0.2
step=173/200 epoch=6 loss=1.2230 head_lr=187.6 muon_lr=0.2
step=174/200 epoch=6 loss=1.2096 head_lr=180.9 muon_lr=0.2
step=175/200 epoch=6 loss=1.1702 head_lr=174.2 muon_lr=0.2
eval epoch=6 val_acc=0.7686 time_seconds=8.7110
step=176/200 epoch=7 loss=1.1735 head_lr=167.5 muon_lr=0.2
step=177/200 epoch=7 loss=1.1852 head_lr=160.8 muon_lr=0.2
step=178/200 epoch=7 loss=1.1887 head_lr=154.1 muon_lr=0.2
step=179/200 epoch=7 loss=1.1777 head_lr=147.4 muon_lr=0.2
step=180/200 epoch=7 loss=1.1664 head_lr=140.7 muon_lr=0.2
step=181/200 epoch=7 loss=1.1999 head_lr=134 muon_lr=0.2
step=182/200 epoch=7 loss=1.2130 head_lr=127.3 muon_lr=0.2
step=183/200 epoch=7 loss=1.1875 head_lr=120.6 muon_lr=0.2
step=184/200 epoch=7 loss=1.1905 head_lr=113.9 muon_lr=0.2
step=185/200 epoch=7 loss=1.1955 head_lr=107.2 muon_lr=0.2
step=186/200 epoch=7 loss=1.1926 head_lr=100.5 muon_lr=0.2
step=187/200 epoch=7 loss=1.2169 head_lr=93.8 muon_lr=0.2
step=188/200 epoch=7 loss=1.1820 head_lr=87.1 muon_lr=0.2
step=189/200 epoch=7 loss=1.1894 head_lr=80.4 muon_lr=0.2
step=190/200 epoch=7 loss=1.1593 head_lr=73.7 muon_lr=0.2
step=191/200 epoch=7 loss=1.2025 head_lr=67 muon_lr=0.2
step=192/200 epoch=7 loss=1.1785 head_lr=60.3 muon_lr=0.2
step=193/200 epoch=7 loss=1.1891 head_lr=53.6 muon_lr=0.2
step=194/200 epoch=7 loss=1.2023 head_lr=46.9 muon_lr=0.2
step=195/200 epoch=7 loss=1.1982 head_lr=40.2 muon_lr=0.2
step=196/200 epoch=7 loss=1.2076 head_lr=33.5 muon_lr=0.2
step=197/200 epoch=7 loss=1.1789 head_lr=26.8 muon_lr=0.2
step=198/200 epoch=7 loss=1.1820 head_lr=20.1 muon_lr=0.2
step=199/200 epoch=7 loss=1.1540 head_lr=13.4 muon_lr=0.2
step=200/200 epoch=7 loss=1.1970 head_lr=6.7 muon_lr=0.2
eval epoch=7 val_acc=0.7812 time_seconds=9.9170
eval epoch=final 25batch_train_loss=1.2219 val_acc=0.7812 tta_val_acc=0.8173 time_seconds=10.5304
Run:                8
Seed:               0
Seed group:         same_seed
Batch size:         2000
Muon lr:            0.2
SGD lr mult:        1
25batch train loss: 1.2219
Val acc:            0.7812
TTA val:            0.8173
cifar_reproducibility run=9 seed=0 seed_group=same_seed batch_size=2000 muon_lr=0.2
step=1/200 epoch=0 loss=2.3101 head_lr=1340 muon_lr=0.2
step=2/200 epoch=0 loss=2.3055 head_lr=1333.3 muon_lr=0.2
step=3/200 epoch=0 loss=2.3241 head_lr=1326.6 muon_lr=0.2
step=4/200 epoch=0 loss=2.0688 head_lr=1319.9 muon_lr=0.2
step=5/200 epoch=0 loss=1.9834 head_lr=1313.2 muon_lr=0.2
step=6/200 epoch=0 loss=1.9526 head_lr=1306.5 muon_lr=0.2
step=7/200 epoch=0 loss=1.8825 head_lr=1299.8 muon_lr=0.2
step=8/200 epoch=0 loss=1.8043 head_lr=1293.1 muon_lr=0.2
step=9/200 epoch=0 loss=1.7039 head_lr=1286.4 muon_lr=0.2
step=10/200 epoch=0 loss=1.7312 head_lr=1279.7 muon_lr=0.2
step=11/200 epoch=0 loss=1.7369 head_lr=1273 muon_lr=0.2
step=12/200 epoch=0 loss=1.6574 head_lr=1266.3 muon_lr=0.2
step=13/200 epoch=0 loss=1.5929 head_lr=1259.6 muon_lr=0.2
step=14/200 epoch=0 loss=1.5996 head_lr=1252.9 muon_lr=0.2
step=15/200 epoch=0 loss=1.5994 head_lr=1246.2 muon_lr=0.2
step=16/200 epoch=0 loss=1.5717 head_lr=1239.5 muon_lr=0.2
step=17/200 epoch=0 loss=1.5403 head_lr=1232.8 muon_lr=0.2
step=18/200 epoch=0 loss=1.5113 head_lr=1226.1 muon_lr=0.2
step=19/200 epoch=0 loss=1.4920 head_lr=1219.4 muon_lr=0.2
step=20/200 epoch=0 loss=1.4933 head_lr=1212.7 muon_lr=0.2
step=21/200 epoch=0 loss=1.4545 head_lr=1206 muon_lr=0.2
step=22/200 epoch=0 loss=1.4526 head_lr=1199.3 muon_lr=0.2
step=23/200 epoch=0 loss=1.4020 head_lr=1192.6 muon_lr=0.2
step=24/200 epoch=0 loss=1.4088 head_lr=1185.9 muon_lr=0.2
step=25/200 epoch=0 loss=1.4142 head_lr=1179.2 muon_lr=0.2
eval run=9 epoch=0 val_acc=0.5848 time_seconds=1.2965
step=26/200 epoch=1 loss=1.3938 head_lr=1172.5 muon_lr=0.2
step=27/200 epoch=1 loss=1.3658 head_lr=1165.8 muon_lr=0.2
step=28/200 epoch=1 loss=1.3822 head_lr=1159.1 muon_lr=0.2
step=29/200 epoch=1 loss=1.3834 head_lr=1152.4 muon_lr=0.2
step=30/200 epoch=1 loss=1.3295 head_lr=1145.7 muon_lr=0.2
step=31/200 epoch=1 loss=1.3178 head_lr=1139 muon_lr=0.2
step=32/200 epoch=1 loss=1.3235 head_lr=1132.3 muon_lr=0.2
step=33/200 epoch=1 loss=1.3565 head_lr=1125.6 muon_lr=0.2
step=34/200 epoch=1 loss=1.3218 head_lr=1118.9 muon_lr=0.2
step=35/200 epoch=1 loss=1.3118 head_lr=1112.2 muon_lr=0.2
step=36/200 epoch=1 loss=1.3293 head_lr=1105.5 muon_lr=0.2
step=37/200 epoch=1 loss=1.3283 head_lr=1098.8 muon_lr=0.2
step=38/200 epoch=1 loss=1.3264 head_lr=1092.1 muon_lr=0.2
step=39/200 epoch=1 loss=1.2945 head_lr=1085.4 muon_lr=0.2
step=40/200 epoch=1 loss=1.2865 head_lr=1078.7 muon_lr=0.2
step=41/200 epoch=1 loss=1.2881 head_lr=1072 muon_lr=0.2
step=42/200 epoch=1 loss=1.3062 head_lr=1065.3 muon_lr=0.2
step=43/200 epoch=1 loss=1.2814 head_lr=1058.6 muon_lr=0.2
step=44/200 epoch=1 loss=1.3102 head_lr=1051.9 muon_lr=0.2
step=45/200 epoch=1 loss=1.2917 head_lr=1045.2 muon_lr=0.2
step=46/200 epoch=1 loss=1.3058 head_lr=1038.5 muon_lr=0.2
step=47/200 epoch=1 loss=1.2774 head_lr=1031.8 muon_lr=0.2
step=48/200 epoch=1 loss=1.3142 head_lr=1025.1 muon_lr=0.2
step=49/200 epoch=1 loss=1.2846 head_lr=1018.4 muon_lr=0.2
step=50/200 epoch=1 loss=1.2844 head_lr=1011.7 muon_lr=0.2
eval epoch=1 val_acc=0.7711 time_seconds=2.5922
step=51/200 epoch=2 loss=1.2320 head_lr=1005 muon_lr=0.2
step=52/200 epoch=2 loss=1.2498 head_lr=998.3 muon_lr=0.2
step=53/200 epoch=2 loss=1.2696 head_lr=991.6 muon_lr=0.2
step=54/200 epoch=2 loss=1.2563 head_lr=984.9 muon_lr=0.2
step=55/200 epoch=2 loss=1.2597 head_lr=978.2 muon_lr=0.2
step=56/200 epoch=2 loss=1.2758 head_lr=971.5 muon_lr=0.2
step=57/200 epoch=2 loss=1.2524 head_lr=964.8 muon_lr=0.2
step=58/200 epoch=2 loss=1.2754 head_lr=958.1 muon_lr=0.2
step=59/200 epoch=2 loss=1.2205 head_lr=951.4 muon_lr=0.2
step=60/200 epoch=2 loss=1.2206 head_lr=944.7 muon_lr=0.2
step=61/200 epoch=2 loss=1.2149 head_lr=938 muon_lr=0.2
step=62/200 epoch=2 loss=1.2586 head_lr=931.3 muon_lr=0.2
step=63/200 epoch=2 loss=1.2514 head_lr=924.6 muon_lr=0.2
step=64/200 epoch=2 loss=1.2309 head_lr=917.9 muon_lr=0.2
step=65/200 epoch=2 loss=1.2270 head_lr=911.2 muon_lr=0.2
step=66/200 epoch=2 loss=1.2686 head_lr=904.5 muon_lr=0.2
step=67/200 epoch=2 loss=1.2706 head_lr=897.8 muon_lr=0.2
step=68/200 epoch=2 loss=1.2376 head_lr=891.1 muon_lr=0.2
step=69/200 epoch=2 loss=1.2772 head_lr=884.4 muon_lr=0.2
step=70/200 epoch=2 loss=1.2540 head_lr=877.7 muon_lr=0.2
step=71/200 epoch=2 loss=1.2599 head_lr=871 muon_lr=0.2
step=72/200 epoch=2 loss=1.2107 head_lr=864.3 muon_lr=0.2
step=73/200 epoch=2 loss=1.2236 head_lr=857.6 muon_lr=0.2
step=74/200 epoch=2 loss=1.2582 head_lr=850.9 muon_lr=0.2
step=75/200 epoch=2 loss=1.2675 head_lr=844.2 muon_lr=0.2
eval epoch=2 val_acc=0.6216 time_seconds=3.8865
step=76/200 epoch=3 loss=1.2043 head_lr=837.5 muon_lr=0.2
step=77/200 epoch=3 loss=1.2165 head_lr=830.8 muon_lr=0.2
step=78/200 epoch=3 loss=1.2095 head_lr=824.1 muon_lr=0.2
step=79/200 epoch=3 loss=1.2380 head_lr=817.4 muon_lr=0.2
step=80/200 epoch=3 loss=1.2107 head_lr=810.7 muon_lr=0.2
step=81/200 epoch=3 loss=1.2377 head_lr=804 muon_lr=0.2
step=82/200 epoch=3 loss=1.2420 head_lr=797.3 muon_lr=0.2
step=83/200 epoch=3 loss=1.2492 head_lr=790.6 muon_lr=0.2
step=84/200 epoch=3 loss=1.2052 head_lr=783.9 muon_lr=0.2
step=85/200 epoch=3 loss=1.2559 head_lr=777.2 muon_lr=0.2
step=86/200 epoch=3 loss=1.2186 head_lr=770.5 muon_lr=0.2
step=87/200 epoch=3 loss=1.2241 head_lr=763.8 muon_lr=0.2
step=88/200 epoch=3 loss=1.2317 head_lr=757.1 muon_lr=0.2
step=89/200 epoch=3 loss=1.2171 head_lr=750.4 muon_lr=0.2
step=90/200 epoch=3 loss=1.2317 head_lr=743.7 muon_lr=0.2
step=91/200 epoch=3 loss=1.2106 head_lr=737 muon_lr=0.2
step=92/200 epoch=3 loss=1.2265 head_lr=730.3 muon_lr=0.2
step=93/200 epoch=3 loss=1.2121 head_lr=723.6 muon_lr=0.2
step=94/200 epoch=3 loss=1.2332 head_lr=716.9 muon_lr=0.2
step=95/200 epoch=3 loss=1.2420 head_lr=710.2 muon_lr=0.2
step=96/200 epoch=3 loss=1.2310 head_lr=703.5 muon_lr=0.2
step=97/200 epoch=3 loss=1.2343 head_lr=696.8 muon_lr=0.2
step=98/200 epoch=3 loss=1.2061 head_lr=690.1 muon_lr=0.2
step=99/200 epoch=3 loss=1.2226 head_lr=683.4 muon_lr=0.2
step=100/200 epoch=3 loss=1.2340 head_lr=676.7 muon_lr=0.2
eval epoch=3 val_acc=0.5442 time_seconds=5.0934
step=101/200 epoch=4 loss=1.2242 head_lr=670 muon_lr=0.2
step=102/200 epoch=4 loss=1.2093 head_lr=663.3 muon_lr=0.2
step=103/200 epoch=4 loss=1.2097 head_lr=656.6 muon_lr=0.2
step=104/200 epoch=4 loss=1.2124 head_lr=649.9 muon_lr=0.2
step=105/200 epoch=4 loss=1.2093 head_lr=643.2 muon_lr=0.2
step=106/200 epoch=4 loss=1.2281 head_lr=636.5 muon_lr=0.2
step=107/200 epoch=4 loss=1.2006 head_lr=629.8 muon_lr=0.2
step=108/200 epoch=4 loss=1.2012 head_lr=623.1 muon_lr=0.2
step=109/200 epoch=4 loss=1.2507 head_lr=616.4 muon_lr=0.2
step=110/200 epoch=4 loss=1.2310 head_lr=609.7 muon_lr=0.2
step=111/200 epoch=4 loss=1.2225 head_lr=603 muon_lr=0.2
step=112/200 epoch=4 loss=1.2146 head_lr=596.3 muon_lr=0.2
step=113/200 epoch=4 loss=1.2310 head_lr=589.6 muon_lr=0.2
step=114/200 epoch=4 loss=1.1998 head_lr=582.9 muon_lr=0.2
step=115/200 epoch=4 loss=1.1766 head_lr=576.2 muon_lr=0.2
step=116/200 epoch=4 loss=1.2184 head_lr=569.5 muon_lr=0.2
step=117/200 epoch=4 loss=1.2131 head_lr=562.8 muon_lr=0.2
step=118/200 epoch=4 loss=1.2175 head_lr=556.1 muon_lr=0.2
step=119/200 epoch=4 loss=1.2111 head_lr=549.4 muon_lr=0.2
step=120/200 epoch=4 loss=1.1782 head_lr=542.7 muon_lr=0.2
step=121/200 epoch=4 loss=1.2145 head_lr=536 muon_lr=0.2
step=122/200 epoch=4 loss=1.2262 head_lr=529.3 muon_lr=0.2
step=123/200 epoch=4 loss=1.1902 head_lr=522.6 muon_lr=0.2
step=124/200 epoch=4 loss=1.2505 head_lr=515.9 muon_lr=0.2
step=125/200 epoch=4 loss=1.2199 head_lr=509.2 muon_lr=0.2
eval epoch=4 val_acc=0.7811 time_seconds=6.2971
step=126/200 epoch=5 loss=1.2057 head_lr=502.5 muon_lr=0.2
step=127/200 epoch=5 loss=1.1954 head_lr=495.8 muon_lr=0.2
step=128/200 epoch=5 loss=1.2043 head_lr=489.1 muon_lr=0.2
step=129/200 epoch=5 loss=1.2034 head_lr=482.4 muon_lr=0.2
step=130/200 epoch=5 loss=1.1942 head_lr=475.7 muon_lr=0.2
step=131/200 epoch=5 loss=1.2090 head_lr=469 muon_lr=0.2
step=132/200 epoch=5 loss=1.2111 head_lr=462.3 muon_lr=0.2
step=133/200 epoch=5 loss=1.2342 head_lr=455.6 muon_lr=0.2
step=134/200 epoch=5 loss=1.1835 head_lr=448.9 muon_lr=0.2
step=135/200 epoch=5 loss=1.1967 head_lr=442.2 muon_lr=0.2
step=136/200 epoch=5 loss=1.2091 head_lr=435.5 muon_lr=0.2
step=137/200 epoch=5 loss=1.2044 head_lr=428.8 muon_lr=0.2
step=138/200 epoch=5 loss=1.1770 head_lr=422.1 muon_lr=0.2
step=139/200 epoch=5 loss=1.1706 head_lr=415.4 muon_lr=0.2
step=140/200 epoch=5 loss=1.2009 head_lr=408.7 muon_lr=0.2
step=141/200 epoch=5 loss=1.2002 head_lr=402 muon_lr=0.2
step=142/200 epoch=5 loss=1.2174 head_lr=395.3 muon_lr=0.2
step=143/200 epoch=5 loss=1.1874 head_lr=388.6 muon_lr=0.2
step=144/200 epoch=5 loss=1.2009 head_lr=381.9 muon_lr=0.2
step=145/200 epoch=5 loss=1.2581 head_lr=375.2 muon_lr=0.2
step=146/200 epoch=5 loss=1.2062 head_lr=368.5 muon_lr=0.2
step=147/200 epoch=5 loss=1.1952 head_lr=361.8 muon_lr=0.2
step=148/200 epoch=5 loss=1.1931 head_lr=355.1 muon_lr=0.2
step=149/200 epoch=5 loss=1.1930 head_lr=348.4 muon_lr=0.2
step=150/200 epoch=5 loss=1.2166 head_lr=341.7 muon_lr=0.2
eval epoch=5 val_acc=0.7352 time_seconds=7.5034
step=151/200 epoch=6 loss=1.2130 head_lr=335 muon_lr=0.2
step=152/200 epoch=6 loss=1.1807 head_lr=328.3 muon_lr=0.2
step=153/200 epoch=6 loss=1.1720 head_lr=321.6 muon_lr=0.2
step=154/200 epoch=6 loss=1.1679 head_lr=314.9 muon_lr=0.2
step=155/200 epoch=6 loss=1.2136 head_lr=308.2 muon_lr=0.2
step=156/200 epoch=6 loss=1.2143 head_lr=301.5 muon_lr=0.2
step=157/200 epoch=6 loss=1.1989 head_lr=294.8 muon_lr=0.2
step=158/200 epoch=6 loss=1.1653 head_lr=288.1 muon_lr=0.2
step=159/200 epoch=6 loss=1.2072 head_lr=281.4 muon_lr=0.2
step=160/200 epoch=6 loss=1.1904 head_lr=274.7 muon_lr=0.2
step=161/200 epoch=6 loss=1.1739 head_lr=268 muon_lr=0.2
step=162/200 epoch=6 loss=1.2108 head_lr=261.3 muon_lr=0.2
step=163/200 epoch=6 loss=1.2024 head_lr=254.6 muon_lr=0.2
step=164/200 epoch=6 loss=1.1947 head_lr=247.9 muon_lr=0.2
step=165/200 epoch=6 loss=1.1949 head_lr=241.2 muon_lr=0.2
step=166/200 epoch=6 loss=1.2018 head_lr=234.5 muon_lr=0.2
step=167/200 epoch=6 loss=1.2017 head_lr=227.8 muon_lr=0.2
step=168/200 epoch=6 loss=1.2020 head_lr=221.1 muon_lr=0.2
step=169/200 epoch=6 loss=1.1846 head_lr=214.4 muon_lr=0.2
step=170/200 epoch=6 loss=1.1850 head_lr=207.7 muon_lr=0.2
step=171/200 epoch=6 loss=1.2266 head_lr=201 muon_lr=0.2
step=172/200 epoch=6 loss=1.1944 head_lr=194.3 muon_lr=0.2
step=173/200 epoch=6 loss=1.2230 head_lr=187.6 muon_lr=0.2
step=174/200 epoch=6 loss=1.2096 head_lr=180.9 muon_lr=0.2
step=175/200 epoch=6 loss=1.1702 head_lr=174.2 muon_lr=0.2
eval epoch=6 val_acc=0.7686 time_seconds=8.7077
step=176/200 epoch=7 loss=1.1735 head_lr=167.5 muon_lr=0.2
step=177/200 epoch=7 loss=1.1852 head_lr=160.8 muon_lr=0.2
step=178/200 epoch=7 loss=1.1887 head_lr=154.1 muon_lr=0.2
step=179/200 epoch=7 loss=1.1777 head_lr=147.4 muon_lr=0.2
step=180/200 epoch=7 loss=1.1664 head_lr=140.7 muon_lr=0.2
step=181/200 epoch=7 loss=1.1999 head_lr=134 muon_lr=0.2
step=182/200 epoch=7 loss=1.2130 head_lr=127.3 muon_lr=0.2
step=183/200 epoch=7 loss=1.1875 head_lr=120.6 muon_lr=0.2
step=184/200 epoch=7 loss=1.1905 head_lr=113.9 muon_lr=0.2
step=185/200 epoch=7 loss=1.1955 head_lr=107.2 muon_lr=0.2
step=186/200 epoch=7 loss=1.1926 head_lr=100.5 muon_lr=0.2
step=187/200 epoch=7 loss=1.2169 head_lr=93.8 muon_lr=0.2
step=188/200 epoch=7 loss=1.1820 head_lr=87.1 muon_lr=0.2
step=189/200 epoch=7 loss=1.1894 head_lr=80.4 muon_lr=0.2
step=190/200 epoch=7 loss=1.1593 head_lr=73.7 muon_lr=0.2
step=191/200 epoch=7 loss=1.2025 head_lr=67 muon_lr=0.2
step=192/200 epoch=7 loss=1.1785 head_lr=60.3 muon_lr=0.2
step=193/200 epoch=7 loss=1.1891 head_lr=53.6 muon_lr=0.2
step=194/200 epoch=7 loss=1.2023 head_lr=46.9 muon_lr=0.2
step=195/200 epoch=7 loss=1.1982 head_lr=40.2 muon_lr=0.2
step=196/200 epoch=7 loss=1.2076 head_lr=33.5 muon_lr=0.2
step=197/200 epoch=7 loss=1.1789 head_lr=26.8 muon_lr=0.2
step=198/200 epoch=7 loss=1.1820 head_lr=20.1 muon_lr=0.2
step=199/200 epoch=7 loss=1.1540 head_lr=13.4 muon_lr=0.2
step=200/200 epoch=7 loss=1.1970 head_lr=6.7 muon_lr=0.2
eval epoch=7 val_acc=0.7812 time_seconds=9.9138
eval epoch=final 25batch_train_loss=1.2219 val_acc=0.7812 tta_val_acc=0.8173 time_seconds=10.5273
Run:                9
Seed:               0
Seed group:         same_seed
Batch size:         2000
Muon lr:            0.2
SGD lr mult:        1
25batch train loss: 1.2219
Val acc:            0.7812
TTA val:            0.8173
cifar_reproducibility run=10 seed=1 seed_group=different_seed batch_size=2000 muon_lr=0.2
step=1/200 epoch=0 loss=2.3051 head_lr=1340 muon_lr=0.2
step=2/200 epoch=0 loss=2.3026 head_lr=1333.3 muon_lr=0.2
step=3/200 epoch=0 loss=2.2755 head_lr=1326.6 muon_lr=0.2
step=4/200 epoch=0 loss=2.0885 head_lr=1319.9 muon_lr=0.2
step=5/200 epoch=0 loss=1.9726 head_lr=1313.2 muon_lr=0.2
step=6/200 epoch=0 loss=1.9677 head_lr=1306.5 muon_lr=0.2
step=7/200 epoch=0 loss=1.8839 head_lr=1299.8 muon_lr=0.2
step=8/200 epoch=0 loss=1.7338 head_lr=1293.1 muon_lr=0.2
step=9/200 epoch=0 loss=1.7019 head_lr=1286.4 muon_lr=0.2
step=10/200 epoch=0 loss=1.7280 head_lr=1279.7 muon_lr=0.2
step=11/200 epoch=0 loss=1.7351 head_lr=1273 muon_lr=0.2
step=12/200 epoch=0 loss=1.6438 head_lr=1266.3 muon_lr=0.2
step=13/200 epoch=0 loss=1.6766 head_lr=1259.6 muon_lr=0.2
step=14/200 epoch=0 loss=1.6257 head_lr=1252.9 muon_lr=0.2
step=15/200 epoch=0 loss=1.5914 head_lr=1246.2 muon_lr=0.2
step=16/200 epoch=0 loss=1.5843 head_lr=1239.5 muon_lr=0.2
step=17/200 epoch=0 loss=1.5520 head_lr=1232.8 muon_lr=0.2
step=18/200 epoch=0 loss=1.5054 head_lr=1226.1 muon_lr=0.2
step=19/200 epoch=0 loss=1.4547 head_lr=1219.4 muon_lr=0.2
step=20/200 epoch=0 loss=1.4787 head_lr=1212.7 muon_lr=0.2
step=21/200 epoch=0 loss=1.4669 head_lr=1206 muon_lr=0.2
step=22/200 epoch=0 loss=1.3921 head_lr=1199.3 muon_lr=0.2
step=23/200 epoch=0 loss=1.4362 head_lr=1192.6 muon_lr=0.2
step=24/200 epoch=0 loss=1.4055 head_lr=1185.9 muon_lr=0.2
step=25/200 epoch=0 loss=1.4166 head_lr=1179.2 muon_lr=0.2
eval run=10 epoch=0 val_acc=0.6043 time_seconds=1.2971
step=26/200 epoch=1 loss=1.3861 head_lr=1172.5 muon_lr=0.2
step=27/200 epoch=1 loss=1.3830 head_lr=1165.8 muon_lr=0.2
step=28/200 epoch=1 loss=1.3521 head_lr=1159.1 muon_lr=0.2
step=29/200 epoch=1 loss=1.3628 head_lr=1152.4 muon_lr=0.2
step=30/200 epoch=1 loss=1.3624 head_lr=1145.7 muon_lr=0.2
step=31/200 epoch=1 loss=1.3479 head_lr=1139 muon_lr=0.2
step=32/200 epoch=1 loss=1.3415 head_lr=1132.3 muon_lr=0.2
step=33/200 epoch=1 loss=1.3351 head_lr=1125.6 muon_lr=0.2
step=34/200 epoch=1 loss=1.3357 head_lr=1118.9 muon_lr=0.2
step=35/200 epoch=1 loss=1.3134 head_lr=1112.2 muon_lr=0.2
step=36/200 epoch=1 loss=1.3184 head_lr=1105.5 muon_lr=0.2
step=37/200 epoch=1 loss=1.3190 head_lr=1098.8 muon_lr=0.2
step=38/200 epoch=1 loss=1.3062 head_lr=1092.1 muon_lr=0.2
step=39/200 epoch=1 loss=1.2862 head_lr=1085.4 muon_lr=0.2
step=40/200 epoch=1 loss=1.3182 head_lr=1078.7 muon_lr=0.2
step=41/200 epoch=1 loss=1.3039 head_lr=1072 muon_lr=0.2
step=42/200 epoch=1 loss=1.2955 head_lr=1065.3 muon_lr=0.2
step=43/200 epoch=1 loss=1.2809 head_lr=1058.6 muon_lr=0.2
step=44/200 epoch=1 loss=1.3150 head_lr=1051.9 muon_lr=0.2
step=45/200 epoch=1 loss=1.3038 head_lr=1045.2 muon_lr=0.2
step=46/200 epoch=1 loss=1.2703 head_lr=1038.5 muon_lr=0.2
step=47/200 epoch=1 loss=1.2667 head_lr=1031.8 muon_lr=0.2
step=48/200 epoch=1 loss=1.2506 head_lr=1025.1 muon_lr=0.2
step=49/200 epoch=1 loss=1.2470 head_lr=1018.4 muon_lr=0.2
step=50/200 epoch=1 loss=1.2697 head_lr=1011.7 muon_lr=0.2
eval epoch=1 val_acc=0.6330 time_seconds=2.5915
step=51/200 epoch=2 loss=1.2417 head_lr=1005 muon_lr=0.2
step=52/200 epoch=2 loss=1.2529 head_lr=998.3 muon_lr=0.2
step=53/200 epoch=2 loss=1.2429 head_lr=991.6 muon_lr=0.2
step=54/200 epoch=2 loss=1.2869 head_lr=984.9 muon_lr=0.2
step=55/200 epoch=2 loss=1.2692 head_lr=978.2 muon_lr=0.2
step=56/200 epoch=2 loss=1.2401 head_lr=971.5 muon_lr=0.2
step=57/200 epoch=2 loss=1.2416 head_lr=964.8 muon_lr=0.2
step=58/200 epoch=2 loss=1.2571 head_lr=958.1 muon_lr=0.2
step=59/200 epoch=2 loss=1.2698 head_lr=951.4 muon_lr=0.2
step=60/200 epoch=2 loss=1.2502 head_lr=944.7 muon_lr=0.2
step=61/200 epoch=2 loss=1.2232 head_lr=938 muon_lr=0.2
step=62/200 epoch=2 loss=1.2820 head_lr=931.3 muon_lr=0.2
step=63/200 epoch=2 loss=1.2712 head_lr=924.6 muon_lr=0.2
step=64/200 epoch=2 loss=1.2194 head_lr=917.9 muon_lr=0.2
step=65/200 epoch=2 loss=1.2436 head_lr=911.2 muon_lr=0.2
step=66/200 epoch=2 loss=1.2586 head_lr=904.5 muon_lr=0.2
step=67/200 epoch=2 loss=1.2403 head_lr=897.8 muon_lr=0.2
step=68/200 epoch=2 loss=1.2312 head_lr=891.1 muon_lr=0.2
step=69/200 epoch=2 loss=1.2488 head_lr=884.4 muon_lr=0.2
step=70/200 epoch=2 loss=1.2407 head_lr=877.7 muon_lr=0.2
step=71/200 epoch=2 loss=1.2253 head_lr=871 muon_lr=0.2
step=72/200 epoch=2 loss=1.2434 head_lr=864.3 muon_lr=0.2
step=73/200 epoch=2 loss=1.2156 head_lr=857.6 muon_lr=0.2
step=74/200 epoch=2 loss=1.2657 head_lr=850.9 muon_lr=0.2
step=75/200 epoch=2 loss=1.2501 head_lr=844.2 muon_lr=0.2
eval epoch=2 val_acc=0.7185 time_seconds=3.8857
step=76/200 epoch=3 loss=1.2408 head_lr=837.5 muon_lr=0.2
step=77/200 epoch=3 loss=1.2205 head_lr=830.8 muon_lr=0.2
step=78/200 epoch=3 loss=1.2182 head_lr=824.1 muon_lr=0.2
step=79/200 epoch=3 loss=1.2163 head_lr=817.4 muon_lr=0.2
step=80/200 epoch=3 loss=1.2277 head_lr=810.7 muon_lr=0.2
step=81/200 epoch=3 loss=1.2130 head_lr=804 muon_lr=0.2
step=82/200 epoch=3 loss=1.2267 head_lr=797.3 muon_lr=0.2
step=83/200 epoch=3 loss=1.2201 head_lr=790.6 muon_lr=0.2
step=84/200 epoch=3 loss=1.2118 head_lr=783.9 muon_lr=0.2
step=85/200 epoch=3 loss=1.2283 head_lr=777.2 muon_lr=0.2
step=86/200 epoch=3 loss=1.2343 head_lr=770.5 muon_lr=0.2
step=87/200 epoch=3 loss=1.2374 head_lr=763.8 muon_lr=0.2
step=88/200 epoch=3 loss=1.2264 head_lr=757.1 muon_lr=0.2
step=89/200 epoch=3 loss=1.2540 head_lr=750.4 muon_lr=0.2
step=90/200 epoch=3 loss=1.2019 head_lr=743.7 muon_lr=0.2
step=91/200 epoch=3 loss=1.2248 head_lr=737 muon_lr=0.2
step=92/200 epoch=3 loss=1.2248 head_lr=730.3 muon_lr=0.2
step=93/200 epoch=3 loss=1.2162 head_lr=723.6 muon_lr=0.2
step=94/200 epoch=3 loss=1.2519 head_lr=716.9 muon_lr=0.2
step=95/200 epoch=3 loss=1.2200 head_lr=710.2 muon_lr=0.2
step=96/200 epoch=3 loss=1.2377 head_lr=703.5 muon_lr=0.2
step=97/200 epoch=3 loss=1.2238 head_lr=696.8 muon_lr=0.2
step=98/200 epoch=3 loss=1.2118 head_lr=690.1 muon_lr=0.2
step=99/200 epoch=3 loss=1.1903 head_lr=683.4 muon_lr=0.2
step=100/200 epoch=3 loss=1.1970 head_lr=676.7 muon_lr=0.2
eval epoch=3 val_acc=0.7077 time_seconds=5.0922
step=101/200 epoch=4 loss=1.2085 head_lr=670 muon_lr=0.2
step=102/200 epoch=4 loss=1.1812 head_lr=663.3 muon_lr=0.2
step=103/200 epoch=4 loss=1.2130 head_lr=656.6 muon_lr=0.2
step=104/200 epoch=4 loss=1.2109 head_lr=649.9 muon_lr=0.2
step=105/200 epoch=4 loss=1.2198 head_lr=643.2 muon_lr=0.2
step=106/200 epoch=4 loss=1.2118 head_lr=636.5 muon_lr=0.2
step=107/200 epoch=4 loss=1.2357 head_lr=629.8 muon_lr=0.2
step=108/200 epoch=4 loss=1.1988 head_lr=623.1 muon_lr=0.2
step=109/200 epoch=4 loss=1.2163 head_lr=616.4 muon_lr=0.2
step=110/200 epoch=4 loss=1.1970 head_lr=609.7 muon_lr=0.2
step=111/200 epoch=4 loss=1.1790 head_lr=603 muon_lr=0.2
step=112/200 epoch=4 loss=1.2189 head_lr=596.3 muon_lr=0.2
step=113/200 epoch=4 loss=1.2140 head_lr=589.6 muon_lr=0.2
step=114/200 epoch=4 loss=1.1886 head_lr=582.9 muon_lr=0.2
step=115/200 epoch=4 loss=1.2115 head_lr=576.2 muon_lr=0.2
step=116/200 epoch=4 loss=1.2195 head_lr=569.5 muon_lr=0.2
step=117/200 epoch=4 loss=1.1993 head_lr=562.8 muon_lr=0.2
step=118/200 epoch=4 loss=1.2177 head_lr=556.1 muon_lr=0.2
step=119/200 epoch=4 loss=1.2023 head_lr=549.4 muon_lr=0.2
step=120/200 epoch=4 loss=1.2281 head_lr=542.7 muon_lr=0.2
step=121/200 epoch=4 loss=1.2301 head_lr=536 muon_lr=0.2
step=122/200 epoch=4 loss=1.1987 head_lr=529.3 muon_lr=0.2
step=123/200 epoch=4 loss=1.2279 head_lr=522.6 muon_lr=0.2
step=124/200 epoch=4 loss=1.2362 head_lr=515.9 muon_lr=0.2
step=125/200 epoch=4 loss=1.2242 head_lr=509.2 muon_lr=0.2
eval epoch=4 val_acc=0.5759 time_seconds=6.2979
step=126/200 epoch=5 loss=1.1810 head_lr=502.5 muon_lr=0.2
step=127/200 epoch=5 loss=1.1815 head_lr=495.8 muon_lr=0.2
step=128/200 epoch=5 loss=1.1954 head_lr=489.1 muon_lr=0.2
step=129/200 epoch=5 loss=1.2184 head_lr=482.4 muon_lr=0.2
step=130/200 epoch=5 loss=1.2082 head_lr=475.7 muon_lr=0.2
step=131/200 epoch=5 loss=1.1771 head_lr=469 muon_lr=0.2
step=132/200 epoch=5 loss=1.2287 head_lr=462.3 muon_lr=0.2
step=133/200 epoch=5 loss=1.1896 head_lr=455.6 muon_lr=0.2
step=134/200 epoch=5 loss=1.2398 head_lr=448.9 muon_lr=0.2
step=135/200 epoch=5 loss=1.1837 head_lr=442.2 muon_lr=0.2
step=136/200 epoch=5 loss=1.2051 head_lr=435.5 muon_lr=0.2
step=137/200 epoch=5 loss=1.2015 head_lr=428.8 muon_lr=0.2
step=138/200 epoch=5 loss=1.1881 head_lr=422.1 muon_lr=0.2
step=139/200 epoch=5 loss=1.1952 head_lr=415.4 muon_lr=0.2
step=140/200 epoch=5 loss=1.2123 head_lr=408.7 muon_lr=0.2
step=141/200 epoch=5 loss=1.1977 head_lr=402 muon_lr=0.2
step=142/200 epoch=5 loss=1.1882 head_lr=395.3 muon_lr=0.2
step=143/200 epoch=5 loss=1.2010 head_lr=388.6 muon_lr=0.2
step=144/200 epoch=5 loss=1.2208 head_lr=381.9 muon_lr=0.2
step=145/200 epoch=5 loss=1.1924 head_lr=375.2 muon_lr=0.2
step=146/200 epoch=5 loss=1.1928 head_lr=368.5 muon_lr=0.2
step=147/200 epoch=5 loss=1.2055 head_lr=361.8 muon_lr=0.2
step=148/200 epoch=5 loss=1.2096 head_lr=355.1 muon_lr=0.2
step=149/200 epoch=5 loss=1.1940 head_lr=348.4 muon_lr=0.2
step=150/200 epoch=5 loss=1.2196 head_lr=341.7 muon_lr=0.2
eval epoch=5 val_acc=0.8043 time_seconds=7.5043
step=151/200 epoch=6 loss=1.1925 head_lr=335 muon_lr=0.2
step=152/200 epoch=6 loss=1.1825 head_lr=328.3 muon_lr=0.2
step=153/200 epoch=6 loss=1.1844 head_lr=321.6 muon_lr=0.2
step=154/200 epoch=6 loss=1.2098 head_lr=314.9 muon_lr=0.2
step=155/200 epoch=6 loss=1.2198 head_lr=308.2 muon_lr=0.2
step=156/200 epoch=6 loss=1.1967 head_lr=301.5 muon_lr=0.2
step=157/200 epoch=6 loss=1.2037 head_lr=294.8 muon_lr=0.2
step=158/200 epoch=6 loss=1.1888 head_lr=288.1 muon_lr=0.2
step=159/200 epoch=6 loss=1.1874 head_lr=281.4 muon_lr=0.2
step=160/200 epoch=6 loss=1.1909 head_lr=274.7 muon_lr=0.2
step=161/200 epoch=6 loss=1.1870 head_lr=268 muon_lr=0.2
step=162/200 epoch=6 loss=1.1800 head_lr=261.3 muon_lr=0.2
step=163/200 epoch=6 loss=1.1808 head_lr=254.6 muon_lr=0.2
step=164/200 epoch=6 loss=1.1874 head_lr=247.9 muon_lr=0.2
step=165/200 epoch=6 loss=1.2073 head_lr=241.2 muon_lr=0.2
step=166/200 epoch=6 loss=1.2194 head_lr=234.5 muon_lr=0.2
step=167/200 epoch=6 loss=1.1828 head_lr=227.8 muon_lr=0.2
step=168/200 epoch=6 loss=1.1711 head_lr=221.1 muon_lr=0.2
step=169/200 epoch=6 loss=1.2061 head_lr=214.4 muon_lr=0.2
step=170/200 epoch=6 loss=1.2266 head_lr=207.7 muon_lr=0.2
step=171/200 epoch=6 loss=1.2035 head_lr=201 muon_lr=0.2
step=172/200 epoch=6 loss=1.1891 head_lr=194.3 muon_lr=0.2
step=173/200 epoch=6 loss=1.1968 head_lr=187.6 muon_lr=0.2
step=174/200 epoch=6 loss=1.1730 head_lr=180.9 muon_lr=0.2
step=175/200 epoch=6 loss=1.1651 head_lr=174.2 muon_lr=0.2
eval epoch=6 val_acc=0.6059 time_seconds=8.7120
step=176/200 epoch=7 loss=1.1973 head_lr=167.5 muon_lr=0.2
step=177/200 epoch=7 loss=1.1822 head_lr=160.8 muon_lr=0.2
step=178/200 epoch=7 loss=1.1621 head_lr=154.1 muon_lr=0.2
step=179/200 epoch=7 loss=1.1597 head_lr=147.4 muon_lr=0.2
step=180/200 epoch=7 loss=1.1643 head_lr=140.7 muon_lr=0.2
step=181/200 epoch=7 loss=1.1916 head_lr=134 muon_lr=0.2
step=182/200 epoch=7 loss=1.2008 head_lr=127.3 muon_lr=0.2
step=183/200 epoch=7 loss=1.1992 head_lr=120.6 muon_lr=0.2
step=184/200 epoch=7 loss=1.1825 head_lr=113.9 muon_lr=0.2
step=185/200 epoch=7 loss=1.1961 head_lr=107.2 muon_lr=0.2
step=186/200 epoch=7 loss=1.1729 head_lr=100.5 muon_lr=0.2
step=187/200 epoch=7 loss=1.2116 head_lr=93.8 muon_lr=0.2
step=188/200 epoch=7 loss=1.2144 head_lr=87.1 muon_lr=0.2
step=189/200 epoch=7 loss=1.1907 head_lr=80.4 muon_lr=0.2
step=190/200 epoch=7 loss=1.2074 head_lr=73.7 muon_lr=0.2
step=191/200 epoch=7 loss=1.2055 head_lr=67 muon_lr=0.2
step=192/200 epoch=7 loss=1.1775 head_lr=60.3 muon_lr=0.2
step=193/200 epoch=7 loss=1.2023 head_lr=53.6 muon_lr=0.2
step=194/200 epoch=7 loss=1.1751 head_lr=46.9 muon_lr=0.2
step=195/200 epoch=7 loss=1.2007 head_lr=40.2 muon_lr=0.2
step=196/200 epoch=7 loss=1.1988 head_lr=33.5 muon_lr=0.2
step=197/200 epoch=7 loss=1.1900 head_lr=26.8 muon_lr=0.2
step=198/200 epoch=7 loss=1.1739 head_lr=20.1 muon_lr=0.2
step=199/200 epoch=7 loss=1.1852 head_lr=13.4 muon_lr=0.2
step=200/200 epoch=7 loss=1.2053 head_lr=6.7 muon_lr=0.2
eval epoch=7 val_acc=0.8014 time_seconds=9.9217
eval epoch=final 25batch_train_loss=1.1903 val_acc=0.8014 tta_val_acc=0.8198 time_seconds=10.5336
Run:                10
Seed:               1
Seed group:         different_seed
Batch size:         2000
Muon lr:            0.2
SGD lr mult:        1
25batch train loss: 1.1903
Val acc:            0.8014
TTA val:            0.8198
cifar_reproducibility run=11 seed=2 seed_group=different_seed batch_size=2000 muon_lr=0.2
step=1/200 epoch=0 loss=2.3130 head_lr=1340 muon_lr=0.2
step=2/200 epoch=0 loss=2.2995 head_lr=1333.3 muon_lr=0.2
step=3/200 epoch=0 loss=2.2978 head_lr=1326.6 muon_lr=0.2
step=4/200 epoch=0 loss=2.0650 head_lr=1319.9 muon_lr=0.2
step=5/200 epoch=0 loss=1.9527 head_lr=1313.2 muon_lr=0.2
step=6/200 epoch=0 loss=1.9301 head_lr=1306.5 muon_lr=0.2
step=7/200 epoch=0 loss=1.8601 head_lr=1299.8 muon_lr=0.2
step=8/200 epoch=0 loss=1.8149 head_lr=1293.1 muon_lr=0.2
step=9/200 epoch=0 loss=1.7735 head_lr=1286.4 muon_lr=0.2
step=10/200 epoch=0 loss=1.7304 head_lr=1279.7 muon_lr=0.2
step=11/200 epoch=0 loss=1.6930 head_lr=1273 muon_lr=0.2
step=12/200 epoch=0 loss=1.6636 head_lr=1266.3 muon_lr=0.2
step=13/200 epoch=0 loss=1.6575 head_lr=1259.6 muon_lr=0.2
step=14/200 epoch=0 loss=1.5543 head_lr=1252.9 muon_lr=0.2
step=15/200 epoch=0 loss=1.5989 head_lr=1246.2 muon_lr=0.2
step=16/200 epoch=0 loss=1.5995 head_lr=1239.5 muon_lr=0.2
step=17/200 epoch=0 loss=1.5103 head_lr=1232.8 muon_lr=0.2
step=18/200 epoch=0 loss=1.5127 head_lr=1226.1 muon_lr=0.2
step=19/200 epoch=0 loss=1.4761 head_lr=1219.4 muon_lr=0.2
step=20/200 epoch=0 loss=1.4609 head_lr=1212.7 muon_lr=0.2
step=21/200 epoch=0 loss=1.4695 head_lr=1206 muon_lr=0.2
step=22/200 epoch=0 loss=1.4616 head_lr=1199.3 muon_lr=0.2
step=23/200 epoch=0 loss=1.4188 head_lr=1192.6 muon_lr=0.2
step=24/200 epoch=0 loss=1.4210 head_lr=1185.9 muon_lr=0.2
step=25/200 epoch=0 loss=1.3989 head_lr=1179.2 muon_lr=0.2
eval run=11 epoch=0 val_acc=0.6252 time_seconds=1.2959
step=26/200 epoch=1 loss=1.3712 head_lr=1172.5 muon_lr=0.2
step=27/200 epoch=1 loss=1.3805 head_lr=1165.8 muon_lr=0.2
step=28/200 epoch=1 loss=1.3525 head_lr=1159.1 muon_lr=0.2
step=29/200 epoch=1 loss=1.3459 head_lr=1152.4 muon_lr=0.2
step=30/200 epoch=1 loss=1.3693 head_lr=1145.7 muon_lr=0.2
step=31/200 epoch=1 loss=1.3265 head_lr=1139 muon_lr=0.2
step=32/200 epoch=1 loss=1.3349 head_lr=1132.3 muon_lr=0.2
step=33/200 epoch=1 loss=1.3417 head_lr=1125.6 muon_lr=0.2
step=34/200 epoch=1 loss=1.2854 head_lr=1118.9 muon_lr=0.2
step=35/200 epoch=1 loss=1.3186 head_lr=1112.2 muon_lr=0.2
step=36/200 epoch=1 loss=1.3092 head_lr=1105.5 muon_lr=0.2
step=37/200 epoch=1 loss=1.3049 head_lr=1098.8 muon_lr=0.2
step=38/200 epoch=1 loss=1.3063 head_lr=1092.1 muon_lr=0.2
step=39/200 epoch=1 loss=1.2987 head_lr=1085.4 muon_lr=0.2
step=40/200 epoch=1 loss=1.2996 head_lr=1078.7 muon_lr=0.2
step=41/200 epoch=1 loss=1.2749 head_lr=1072 muon_lr=0.2
step=42/200 epoch=1 loss=1.2568 head_lr=1065.3 muon_lr=0.2
step=43/200 epoch=1 loss=1.2854 head_lr=1058.6 muon_lr=0.2
step=44/200 epoch=1 loss=1.2829 head_lr=1051.9 muon_lr=0.2
step=45/200 epoch=1 loss=1.2990 head_lr=1045.2 muon_lr=0.2
step=46/200 epoch=1 loss=1.2955 head_lr=1038.5 muon_lr=0.2
step=47/200 epoch=1 loss=1.2961 head_lr=1031.8 muon_lr=0.2
step=48/200 epoch=1 loss=1.2511 head_lr=1025.1 muon_lr=0.2
step=49/200 epoch=1 loss=1.2592 head_lr=1018.4 muon_lr=0.2
step=50/200 epoch=1 loss=1.2469 head_lr=1011.7 muon_lr=0.2
eval epoch=1 val_acc=0.7084 time_seconds=2.5912
step=51/200 epoch=2 loss=1.2612 head_lr=1005 muon_lr=0.2
step=52/200 epoch=2 loss=1.2449 head_lr=998.3 muon_lr=0.2
step=53/200 epoch=2 loss=1.2558 head_lr=991.6 muon_lr=0.2
step=54/200 epoch=2 loss=1.2544 head_lr=984.9 muon_lr=0.2
step=55/200 epoch=2 loss=1.2500 head_lr=978.2 muon_lr=0.2
step=56/200 epoch=2 loss=1.2304 head_lr=971.5 muon_lr=0.2
step=57/200 epoch=2 loss=1.2509 head_lr=964.8 muon_lr=0.2
step=58/200 epoch=2 loss=1.2534 head_lr=958.1 muon_lr=0.2
step=59/200 epoch=2 loss=1.2692 head_lr=951.4 muon_lr=0.2
step=60/200 epoch=2 loss=1.2755 head_lr=944.7 muon_lr=0.2
step=61/200 epoch=2 loss=1.2699 head_lr=938 muon_lr=0.2
step=62/200 epoch=2 loss=1.2555 head_lr=931.3 muon_lr=0.2
step=63/200 epoch=2 loss=1.2370 head_lr=924.6 muon_lr=0.2
step=64/200 epoch=2 loss=1.2225 head_lr=917.9 muon_lr=0.2
step=65/200 epoch=2 loss=1.2380 head_lr=911.2 muon_lr=0.2
step=66/200 epoch=2 loss=1.2493 head_lr=904.5 muon_lr=0.2
step=67/200 epoch=2 loss=1.2665 head_lr=897.8 muon_lr=0.2
step=68/200 epoch=2 loss=1.2535 head_lr=891.1 muon_lr=0.2
step=69/200 epoch=2 loss=1.2383 head_lr=884.4 muon_lr=0.2
step=70/200 epoch=2 loss=1.2537 head_lr=877.7 muon_lr=0.2
step=71/200 epoch=2 loss=1.2323 head_lr=871 muon_lr=0.2
step=72/200 epoch=2 loss=1.2175 head_lr=864.3 muon_lr=0.2
step=73/200 epoch=2 loss=1.2320 head_lr=857.6 muon_lr=0.2
step=74/200 epoch=2 loss=1.2327 head_lr=850.9 muon_lr=0.2
step=75/200 epoch=2 loss=1.2184 head_lr=844.2 muon_lr=0.2
eval epoch=2 val_acc=0.7570 time_seconds=3.8853
step=76/200 epoch=3 loss=1.2217 head_lr=837.5 muon_lr=0.2
step=77/200 epoch=3 loss=1.2101 head_lr=830.8 muon_lr=0.2
step=78/200 epoch=3 loss=1.2576 head_lr=824.1 muon_lr=0.2
step=79/200 epoch=3 loss=1.1972 head_lr=817.4 muon_lr=0.2
step=80/200 epoch=3 loss=1.1986 head_lr=810.7 muon_lr=0.2
step=81/200 epoch=3 loss=1.2306 head_lr=804 muon_lr=0.2
step=82/200 epoch=3 loss=1.2318 head_lr=797.3 muon_lr=0.2
step=83/200 epoch=3 loss=1.2299 head_lr=790.6 muon_lr=0.2
step=84/200 epoch=3 loss=1.2133 head_lr=783.9 muon_lr=0.2
step=85/200 epoch=3 loss=1.2060 head_lr=777.2 muon_lr=0.2
step=86/200 epoch=3 loss=1.2173 head_lr=770.5 muon_lr=0.2
step=87/200 epoch=3 loss=1.1751 head_lr=763.8 muon_lr=0.2
step=88/200 epoch=3 loss=1.2145 head_lr=757.1 muon_lr=0.2
step=89/200 epoch=3 loss=1.2337 head_lr=750.4 muon_lr=0.2
step=90/200 epoch=3 loss=1.2120 head_lr=743.7 muon_lr=0.2
step=91/200 epoch=3 loss=1.2678 head_lr=737 muon_lr=0.2
step=92/200 epoch=3 loss=1.1985 head_lr=730.3 muon_lr=0.2
step=93/200 epoch=3 loss=1.2273 head_lr=723.6 muon_lr=0.2
step=94/200 epoch=3 loss=1.2238 head_lr=716.9 muon_lr=0.2
step=95/200 epoch=3 loss=1.2139 head_lr=710.2 muon_lr=0.2
step=96/200 epoch=3 loss=1.2462 head_lr=703.5 muon_lr=0.2
step=97/200 epoch=3 loss=1.1950 head_lr=696.8 muon_lr=0.2
step=98/200 epoch=3 loss=1.2247 head_lr=690.1 muon_lr=0.2
step=99/200 epoch=3 loss=1.2351 head_lr=683.4 muon_lr=0.2
step=100/200 epoch=3 loss=1.2343 head_lr=676.7 muon_lr=0.2
eval epoch=3 val_acc=0.7372 time_seconds=5.0916
step=101/200 epoch=4 loss=1.1848 head_lr=670 muon_lr=0.2
step=102/200 epoch=4 loss=1.1886 head_lr=663.3 muon_lr=0.2
step=103/200 epoch=4 loss=1.2200 head_lr=656.6 muon_lr=0.2
step=104/200 epoch=4 loss=1.2267 head_lr=649.9 muon_lr=0.2
step=105/200 epoch=4 loss=1.2338 head_lr=643.2 muon_lr=0.2
step=106/200 epoch=4 loss=1.2185 head_lr=636.5 muon_lr=0.2
step=107/200 epoch=4 loss=1.2031 head_lr=629.8 muon_lr=0.2
step=108/200 epoch=4 loss=1.1674 head_lr=623.1 muon_lr=0.2
step=109/200 epoch=4 loss=1.2024 head_lr=616.4 muon_lr=0.2
step=110/200 epoch=4 loss=1.2351 head_lr=609.7 muon_lr=0.2
step=111/200 epoch=4 loss=1.2145 head_lr=603 muon_lr=0.2
step=112/200 epoch=4 loss=1.1996 head_lr=596.3 muon_lr=0.2
step=113/200 epoch=4 loss=1.1958 head_lr=589.6 muon_lr=0.2
step=114/200 epoch=4 loss=1.2116 head_lr=582.9 muon_lr=0.2
step=115/200 epoch=4 loss=1.2193 head_lr=576.2 muon_lr=0.2
step=116/200 epoch=4 loss=1.1914 head_lr=569.5 muon_lr=0.2
step=117/200 epoch=4 loss=1.2288 head_lr=562.8 muon_lr=0.2
step=118/200 epoch=4 loss=1.2304 head_lr=556.1 muon_lr=0.2
step=119/200 epoch=4 loss=1.1993 head_lr=549.4 muon_lr=0.2
step=120/200 epoch=4 loss=1.2003 head_lr=542.7 muon_lr=0.2
step=121/200 epoch=4 loss=1.2044 head_lr=536 muon_lr=0.2
step=122/200 epoch=4 loss=1.2164 head_lr=529.3 muon_lr=0.2
step=123/200 epoch=4 loss=1.2146 head_lr=522.6 muon_lr=0.2
step=124/200 epoch=4 loss=1.1884 head_lr=515.9 muon_lr=0.2
step=125/200 epoch=4 loss=1.2089 head_lr=509.2 muon_lr=0.2
eval epoch=4 val_acc=0.7068 time_seconds=6.2970
step=126/200 epoch=5 loss=1.1925 head_lr=502.5 muon_lr=0.2
step=127/200 epoch=5 loss=1.2047 head_lr=495.8 muon_lr=0.2
step=128/200 epoch=5 loss=1.1889 head_lr=489.1 muon_lr=0.2
step=129/200 epoch=5 loss=1.1980 head_lr=482.4 muon_lr=0.2
step=130/200 epoch=5 loss=1.1880 head_lr=475.7 muon_lr=0.2
step=131/200 epoch=5 loss=1.1797 head_lr=469 muon_lr=0.2
step=132/200 epoch=5 loss=1.1897 head_lr=462.3 muon_lr=0.2
step=133/200 epoch=5 loss=1.1902 head_lr=455.6 muon_lr=0.2
step=134/200 epoch=5 loss=1.2133 head_lr=448.9 muon_lr=0.2
step=135/200 epoch=5 loss=1.1916 head_lr=442.2 muon_lr=0.2
step=136/200 epoch=5 loss=1.2074 head_lr=435.5 muon_lr=0.2
step=137/200 epoch=5 loss=1.1926 head_lr=428.8 muon_lr=0.2
step=138/200 epoch=5 loss=1.1932 head_lr=422.1 muon_lr=0.2
step=139/200 epoch=5 loss=1.1995 head_lr=415.4 muon_lr=0.2
step=140/200 epoch=5 loss=1.2135 head_lr=408.7 muon_lr=0.2
step=141/200 epoch=5 loss=1.1965 head_lr=402 muon_lr=0.2
step=142/200 epoch=5 loss=1.1905 head_lr=395.3 muon_lr=0.2
step=143/200 epoch=5 loss=1.1936 head_lr=388.6 muon_lr=0.2
step=144/200 epoch=5 loss=1.2318 head_lr=381.9 muon_lr=0.2
step=145/200 epoch=5 loss=1.2118 head_lr=375.2 muon_lr=0.2
step=146/200 epoch=5 loss=1.1926 head_lr=368.5 muon_lr=0.2
step=147/200 epoch=5 loss=1.2075 head_lr=361.8 muon_lr=0.2
step=148/200 epoch=5 loss=1.2289 head_lr=355.1 muon_lr=0.2
step=149/200 epoch=5 loss=1.1963 head_lr=348.4 muon_lr=0.2
step=150/200 epoch=5 loss=1.1867 head_lr=341.7 muon_lr=0.2
eval epoch=5 val_acc=0.7849 time_seconds=7.5026
step=151/200 epoch=6 loss=1.2262 head_lr=335 muon_lr=0.2
step=152/200 epoch=6 loss=1.1990 head_lr=328.3 muon_lr=0.2
step=153/200 epoch=6 loss=1.2169 head_lr=321.6 muon_lr=0.2
step=154/200 epoch=6 loss=1.2014 head_lr=314.9 muon_lr=0.2
step=155/200 epoch=6 loss=1.2175 head_lr=308.2 muon_lr=0.2
step=156/200 epoch=6 loss=1.2017 head_lr=301.5 muon_lr=0.2
step=157/200 epoch=6 loss=1.1916 head_lr=294.8 muon_lr=0.2
step=158/200 epoch=6 loss=1.1722 head_lr=288.1 muon_lr=0.2
step=159/200 epoch=6 loss=1.1925 head_lr=281.4 muon_lr=0.2
step=160/200 epoch=6 loss=1.1953 head_lr=274.7 muon_lr=0.2
step=161/200 epoch=6 loss=1.1765 head_lr=268 muon_lr=0.2
step=162/200 epoch=6 loss=1.1815 head_lr=261.3 muon_lr=0.2
step=163/200 epoch=6 loss=1.1868 head_lr=254.6 muon_lr=0.2
step=164/200 epoch=6 loss=1.1799 head_lr=247.9 muon_lr=0.2
step=165/200 epoch=6 loss=1.1750 head_lr=241.2 muon_lr=0.2
step=166/200 epoch=6 loss=1.1974 head_lr=234.5 muon_lr=0.2
step=167/200 epoch=6 loss=1.1803 head_lr=227.8 muon_lr=0.2
step=168/200 epoch=6 loss=1.1998 head_lr=221.1 muon_lr=0.2
step=169/200 epoch=6 loss=1.2158 head_lr=214.4 muon_lr=0.2
step=170/200 epoch=6 loss=1.2389 head_lr=207.7 muon_lr=0.2
step=171/200 epoch=6 loss=1.2198 head_lr=201 muon_lr=0.2
step=172/200 epoch=6 loss=1.1761 head_lr=194.3 muon_lr=0.2
step=173/200 epoch=6 loss=1.2061 head_lr=187.6 muon_lr=0.2
step=174/200 epoch=6 loss=1.1765 head_lr=180.9 muon_lr=0.2
step=175/200 epoch=6 loss=1.1623 head_lr=174.2 muon_lr=0.2
eval epoch=6 val_acc=0.7729 time_seconds=8.7100
step=176/200 epoch=7 loss=1.1666 head_lr=167.5 muon_lr=0.2
step=177/200 epoch=7 loss=1.1992 head_lr=160.8 muon_lr=0.2
step=178/200 epoch=7 loss=1.1644 head_lr=154.1 muon_lr=0.2
step=179/200 epoch=7 loss=1.1876 head_lr=147.4 muon_lr=0.2
step=180/200 epoch=7 loss=1.1847 head_lr=140.7 muon_lr=0.2
step=181/200 epoch=7 loss=1.1611 head_lr=134 muon_lr=0.2
step=182/200 epoch=7 loss=1.1861 head_lr=127.3 muon_lr=0.2
step=183/200 epoch=7 loss=1.1845 head_lr=120.6 muon_lr=0.2
step=184/200 epoch=7 loss=1.1825 head_lr=113.9 muon_lr=0.2
step=185/200 epoch=7 loss=1.2052 head_lr=107.2 muon_lr=0.2
step=186/200 epoch=7 loss=1.1977 head_lr=100.5 muon_lr=0.2
step=187/200 epoch=7 loss=1.1918 head_lr=93.8 muon_lr=0.2
step=188/200 epoch=7 loss=1.1748 head_lr=87.1 muon_lr=0.2
step=189/200 epoch=7 loss=1.1727 head_lr=80.4 muon_lr=0.2
step=190/200 epoch=7 loss=1.2189 head_lr=73.7 muon_lr=0.2
step=191/200 epoch=7 loss=1.1936 head_lr=67 muon_lr=0.2
step=192/200 epoch=7 loss=1.1840 head_lr=60.3 muon_lr=0.2
step=193/200 epoch=7 loss=1.1802 head_lr=53.6 muon_lr=0.2
step=194/200 epoch=7 loss=1.1830 head_lr=46.9 muon_lr=0.2
step=195/200 epoch=7 loss=1.1913 head_lr=40.2 muon_lr=0.2
step=196/200 epoch=7 loss=1.2145 head_lr=33.5 muon_lr=0.2
step=197/200 epoch=7 loss=1.1922 head_lr=26.8 muon_lr=0.2
step=198/200 epoch=7 loss=1.1885 head_lr=20.1 muon_lr=0.2
step=199/200 epoch=7 loss=1.1742 head_lr=13.4 muon_lr=0.2
step=200/200 epoch=7 loss=1.1836 head_lr=6.7 muon_lr=0.2
eval epoch=7 val_acc=0.7464 time_seconds=9.9166
eval epoch=final 25batch_train_loss=1.3000 val_acc=0.7464 tta_val_acc=0.7745 time_seconds=10.5296
Run:                11
Seed:               2
Seed group:         different_seed
Batch size:         2000
Muon lr:            0.2
SGD lr mult:        1
25batch train loss: 1.3000
Val acc:            0.7464
TTA val:            0.7745
cifar_reproducibility run=12 seed=3 seed_group=different_seed batch_size=2000 muon_lr=0.2
step=1/200 epoch=0 loss=2.3143 head_lr=1340 muon_lr=0.2
step=2/200 epoch=0 loss=2.2842 head_lr=1333.3 muon_lr=0.2
step=3/200 epoch=0 loss=2.3465 head_lr=1326.6 muon_lr=0.2
step=4/200 epoch=0 loss=2.1089 head_lr=1319.9 muon_lr=0.2
step=5/200 epoch=0 loss=2.0149 head_lr=1313.2 muon_lr=0.2
step=6/200 epoch=0 loss=1.9269 head_lr=1306.5 muon_lr=0.2
step=7/200 epoch=0 loss=1.8301 head_lr=1299.8 muon_lr=0.2
step=8/200 epoch=0 loss=1.8395 head_lr=1293.1 muon_lr=0.2
step=9/200 epoch=0 loss=1.7368 head_lr=1286.4 muon_lr=0.2
step=10/200 epoch=0 loss=1.7548 head_lr=1279.7 muon_lr=0.2
step=11/200 epoch=0 loss=1.7158 head_lr=1273 muon_lr=0.2
step=12/200 epoch=0 loss=1.7331 head_lr=1266.3 muon_lr=0.2
step=13/200 epoch=0 loss=1.6979 head_lr=1259.6 muon_lr=0.2
step=14/200 epoch=0 loss=1.6371 head_lr=1252.9 muon_lr=0.2
step=15/200 epoch=0 loss=1.5633 head_lr=1246.2 muon_lr=0.2
step=16/200 epoch=0 loss=1.5903 head_lr=1239.5 muon_lr=0.2
step=17/200 epoch=0 loss=1.5252 head_lr=1232.8 muon_lr=0.2
step=18/200 epoch=0 loss=1.4763 head_lr=1226.1 muon_lr=0.2
step=19/200 epoch=0 loss=1.4896 head_lr=1219.4 muon_lr=0.2
step=20/200 epoch=0 loss=1.4637 head_lr=1212.7 muon_lr=0.2
step=21/200 epoch=0 loss=1.4679 head_lr=1206 muon_lr=0.2
step=22/200 epoch=0 loss=1.4734 head_lr=1199.3 muon_lr=0.2
step=23/200 epoch=0 loss=1.3962 head_lr=1192.6 muon_lr=0.2
step=24/200 epoch=0 loss=1.4114 head_lr=1185.9 muon_lr=0.2
step=25/200 epoch=0 loss=1.4178 head_lr=1179.2 muon_lr=0.2
eval run=12 epoch=0 val_acc=0.6432 time_seconds=1.2976
step=26/200 epoch=1 loss=1.3734 head_lr=1172.5 muon_lr=0.2
step=27/200 epoch=1 loss=1.3695 head_lr=1165.8 muon_lr=0.2
step=28/200 epoch=1 loss=1.3923 head_lr=1159.1 muon_lr=0.2
step=29/200 epoch=1 loss=1.3558 head_lr=1152.4 muon_lr=0.2
step=30/200 epoch=1 loss=1.3676 head_lr=1145.7 muon_lr=0.2
step=31/200 epoch=1 loss=1.3506 head_lr=1139 muon_lr=0.2
step=32/200 epoch=1 loss=1.3328 head_lr=1132.3 muon_lr=0.2
step=33/200 epoch=1 loss=1.3189 head_lr=1125.6 muon_lr=0.2
step=34/200 epoch=1 loss=1.3229 head_lr=1118.9 muon_lr=0.2
step=35/200 epoch=1 loss=1.3304 head_lr=1112.2 muon_lr=0.2
step=36/200 epoch=1 loss=1.3103 head_lr=1105.5 muon_lr=0.2
step=37/200 epoch=1 loss=1.2913 head_lr=1098.8 muon_lr=0.2
step=38/200 epoch=1 loss=1.2885 head_lr=1092.1 muon_lr=0.2
step=39/200 epoch=1 loss=1.3143 head_lr=1085.4 muon_lr=0.2
step=40/200 epoch=1 loss=1.2854 head_lr=1078.7 muon_lr=0.2
step=41/200 epoch=1 loss=1.2983 head_lr=1072 muon_lr=0.2
step=42/200 epoch=1 loss=1.3038 head_lr=1065.3 muon_lr=0.2
step=43/200 epoch=1 loss=1.2576 head_lr=1058.6 muon_lr=0.2
step=44/200 epoch=1 loss=1.2921 head_lr=1051.9 muon_lr=0.2
step=45/200 epoch=1 loss=1.3159 head_lr=1045.2 muon_lr=0.2
step=46/200 epoch=1 loss=1.2743 head_lr=1038.5 muon_lr=0.2
step=47/200 epoch=1 loss=1.2645 head_lr=1031.8 muon_lr=0.2
step=48/200 epoch=1 loss=1.2634 head_lr=1025.1 muon_lr=0.2
step=49/200 epoch=1 loss=1.2457 head_lr=1018.4 muon_lr=0.2
step=50/200 epoch=1 loss=1.2722 head_lr=1011.7 muon_lr=0.2
eval epoch=1 val_acc=0.5860 time_seconds=2.5921
step=51/200 epoch=2 loss=1.2533 head_lr=1005 muon_lr=0.2
step=52/200 epoch=2 loss=1.2764 head_lr=998.3 muon_lr=0.2
step=53/200 epoch=2 loss=1.2516 head_lr=991.6 muon_lr=0.2
step=54/200 epoch=2 loss=1.2428 head_lr=984.9 muon_lr=0.2
step=55/200 epoch=2 loss=1.2518 head_lr=978.2 muon_lr=0.2
step=56/200 epoch=2 loss=1.2640 head_lr=971.5 muon_lr=0.2
step=57/200 epoch=2 loss=1.2741 head_lr=964.8 muon_lr=0.2
step=58/200 epoch=2 loss=1.2455 head_lr=958.1 muon_lr=0.2
step=59/200 epoch=2 loss=1.2687 head_lr=951.4 muon_lr=0.2
step=60/200 epoch=2 loss=1.2244 head_lr=944.7 muon_lr=0.2
step=61/200 epoch=2 loss=1.2494 head_lr=938 muon_lr=0.2
step=62/200 epoch=2 loss=1.2297 head_lr=931.3 muon_lr=0.2
step=63/200 epoch=2 loss=1.2547 head_lr=924.6 muon_lr=0.2
step=64/200 epoch=2 loss=1.2782 head_lr=917.9 muon_lr=0.2
step=65/200 epoch=2 loss=1.2414 head_lr=911.2 muon_lr=0.2
step=66/200 epoch=2 loss=1.2629 head_lr=904.5 muon_lr=0.2
step=67/200 epoch=2 loss=1.2534 head_lr=897.8 muon_lr=0.2
step=68/200 epoch=2 loss=1.2455 head_lr=891.1 muon_lr=0.2
step=69/200 epoch=2 loss=1.2558 head_lr=884.4 muon_lr=0.2
step=70/200 epoch=2 loss=1.2406 head_lr=877.7 muon_lr=0.2
step=71/200 epoch=2 loss=1.2373 head_lr=871 muon_lr=0.2
step=72/200 epoch=2 loss=1.2372 head_lr=864.3 muon_lr=0.2
step=73/200 epoch=2 loss=1.2111 head_lr=857.6 muon_lr=0.2
step=74/200 epoch=2 loss=1.2080 head_lr=850.9 muon_lr=0.2
step=75/200 epoch=2 loss=1.2452 head_lr=844.2 muon_lr=0.2
eval epoch=2 val_acc=0.6179 time_seconds=3.8895
step=76/200 epoch=3 loss=1.2489 head_lr=837.5 muon_lr=0.2
step=77/200 epoch=3 loss=1.2500 head_lr=830.8 muon_lr=0.2
step=78/200 epoch=3 loss=1.1860 head_lr=824.1 muon_lr=0.2
step=79/200 epoch=3 loss=1.2311 head_lr=817.4 muon_lr=0.2
step=80/200 epoch=3 loss=1.2244 head_lr=810.7 muon_lr=0.2
step=81/200 epoch=3 loss=1.2200 head_lr=804 muon_lr=0.2
step=82/200 epoch=3 loss=1.2180 head_lr=797.3 muon_lr=0.2
step=83/200 epoch=3 loss=1.2233 head_lr=790.6 muon_lr=0.2
step=84/200 epoch=3 loss=1.2414 head_lr=783.9 muon_lr=0.2
step=85/200 epoch=3 loss=1.2130 head_lr=777.2 muon_lr=0.2
step=86/200 epoch=3 loss=1.2400 head_lr=770.5 muon_lr=0.2
step=87/200 epoch=3 loss=1.2199 head_lr=763.8 muon_lr=0.2
step=88/200 epoch=3 loss=1.2287 head_lr=757.1 muon_lr=0.2
step=89/200 epoch=3 loss=1.2416 head_lr=750.4 muon_lr=0.2
step=90/200 epoch=3 loss=1.2548 head_lr=743.7 muon_lr=0.2
step=91/200 epoch=3 loss=1.2564 head_lr=737 muon_lr=0.2
step=92/200 epoch=3 loss=1.2172 head_lr=730.3 muon_lr=0.2
step=93/200 epoch=3 loss=1.2201 head_lr=723.6 muon_lr=0.2
step=94/200 epoch=3 loss=1.2364 head_lr=716.9 muon_lr=0.2
step=95/200 epoch=3 loss=1.2347 head_lr=710.2 muon_lr=0.2
step=96/200 epoch=3 loss=1.2554 head_lr=703.5 muon_lr=0.2
step=97/200 epoch=3 loss=1.2051 head_lr=696.8 muon_lr=0.2
step=98/200 epoch=3 loss=1.2003 head_lr=690.1 muon_lr=0.2
step=99/200 epoch=3 loss=1.2172 head_lr=683.4 muon_lr=0.2
step=100/200 epoch=3 loss=1.1967 head_lr=676.7 muon_lr=0.2
eval epoch=3 val_acc=0.5917 time_seconds=5.0963
step=101/200 epoch=4 loss=1.2010 head_lr=670 muon_lr=0.2
step=102/200 epoch=4 loss=1.2061 head_lr=663.3 muon_lr=0.2
step=103/200 epoch=4 loss=1.2223 head_lr=656.6 muon_lr=0.2
step=104/200 epoch=4 loss=1.1897 head_lr=649.9 muon_lr=0.2
step=105/200 epoch=4 loss=1.1692 head_lr=643.2 muon_lr=0.2
step=106/200 epoch=4 loss=1.2106 head_lr=636.5 muon_lr=0.2
step=107/200 epoch=4 loss=1.2219 head_lr=629.8 muon_lr=0.2
step=108/200 epoch=4 loss=1.2188 head_lr=623.1 muon_lr=0.2
step=109/200 epoch=4 loss=1.2208 head_lr=616.4 muon_lr=0.2
step=110/200 epoch=4 loss=1.2038 head_lr=609.7 muon_lr=0.2
step=111/200 epoch=4 loss=1.2013 head_lr=603 muon_lr=0.2
step=112/200 epoch=4 loss=1.2354 head_lr=596.3 muon_lr=0.2
step=113/200 epoch=4 loss=1.2205 head_lr=589.6 muon_lr=0.2
step=114/200 epoch=4 loss=1.2206 head_lr=582.9 muon_lr=0.2
step=115/200 epoch=4 loss=1.2073 head_lr=576.2 muon_lr=0.2
step=116/200 epoch=4 loss=1.2139 head_lr=569.5 muon_lr=0.2
step=117/200 epoch=4 loss=1.2252 head_lr=562.8 muon_lr=0.2
step=118/200 epoch=4 loss=1.2128 head_lr=556.1 muon_lr=0.2
step=119/200 epoch=4 loss=1.2253 head_lr=549.4 muon_lr=0.2
step=120/200 epoch=4 loss=1.2372 head_lr=542.7 muon_lr=0.2
step=121/200 epoch=4 loss=1.2427 head_lr=536 muon_lr=0.2
step=122/200 epoch=4 loss=1.2179 head_lr=529.3 muon_lr=0.2
step=123/200 epoch=4 loss=1.1812 head_lr=522.6 muon_lr=0.2
step=124/200 epoch=4 loss=1.2035 head_lr=515.9 muon_lr=0.2
step=125/200 epoch=4 loss=1.2270 head_lr=509.2 muon_lr=0.2
eval epoch=4 val_acc=0.6702 time_seconds=6.3008
step=126/200 epoch=5 loss=1.1806 head_lr=502.5 muon_lr=0.2
step=127/200 epoch=5 loss=1.1958 head_lr=495.8 muon_lr=0.2
step=128/200 epoch=5 loss=1.1834 head_lr=489.1 muon_lr=0.2
step=129/200 epoch=5 loss=1.2139 head_lr=482.4 muon_lr=0.2
step=130/200 epoch=5 loss=1.1779 head_lr=475.7 muon_lr=0.2
step=131/200 epoch=5 loss=1.1721 head_lr=469 muon_lr=0.2
step=132/200 epoch=5 loss=1.1987 head_lr=462.3 muon_lr=0.2
step=133/200 epoch=5 loss=1.1991 head_lr=455.6 muon_lr=0.2
step=134/200 epoch=5 loss=1.1897 head_lr=448.9 muon_lr=0.2
step=135/200 epoch=5 loss=1.1985 head_lr=442.2 muon_lr=0.2
step=136/200 epoch=5 loss=1.2167 head_lr=435.5 muon_lr=0.2
step=137/200 epoch=5 loss=1.2259 head_lr=428.8 muon_lr=0.2
step=138/200 epoch=5 loss=1.1965 head_lr=422.1 muon_lr=0.2
step=139/200 epoch=5 loss=1.1744 head_lr=415.4 muon_lr=0.2
step=140/200 epoch=5 loss=1.2217 head_lr=408.7 muon_lr=0.2
step=141/200 epoch=5 loss=1.2008 head_lr=402 muon_lr=0.2
step=142/200 epoch=5 loss=1.1776 head_lr=395.3 muon_lr=0.2
step=143/200 epoch=5 loss=1.2035 head_lr=388.6 muon_lr=0.2
step=144/200 epoch=5 loss=1.2382 head_lr=381.9 muon_lr=0.2
step=145/200 epoch=5 loss=1.2262 head_lr=375.2 muon_lr=0.2
step=146/200 epoch=5 loss=1.2229 head_lr=368.5 muon_lr=0.2
step=147/200 epoch=5 loss=1.2075 head_lr=361.8 muon_lr=0.2
step=148/200 epoch=5 loss=1.1848 head_lr=355.1 muon_lr=0.2
step=149/200 epoch=5 loss=1.1777 head_lr=348.4 muon_lr=0.2
step=150/200 epoch=5 loss=1.1974 head_lr=341.7 muon_lr=0.2
eval epoch=5 val_acc=0.7440 time_seconds=7.5083
step=151/200 epoch=6 loss=1.1981 head_lr=335 muon_lr=0.2
step=152/200 epoch=6 loss=1.2243 head_lr=328.3 muon_lr=0.2
step=153/200 epoch=6 loss=1.1839 head_lr=321.6 muon_lr=0.2
step=154/200 epoch=6 loss=1.1899 head_lr=314.9 muon_lr=0.2
step=155/200 epoch=6 loss=1.1989 head_lr=308.2 muon_lr=0.2
step=156/200 epoch=6 loss=1.1758 head_lr=301.5 muon_lr=0.2
step=157/200 epoch=6 loss=1.1694 head_lr=294.8 muon_lr=0.2
step=158/200 epoch=6 loss=1.2001 head_lr=288.1 muon_lr=0.2
step=159/200 epoch=6 loss=1.2047 head_lr=281.4 muon_lr=0.2
step=160/200 epoch=6 loss=1.1784 head_lr=274.7 muon_lr=0.2
step=161/200 epoch=6 loss=1.1845 head_lr=268 muon_lr=0.2
step=162/200 epoch=6 loss=1.1741 head_lr=261.3 muon_lr=0.2
step=163/200 epoch=6 loss=1.2158 head_lr=254.6 muon_lr=0.2
step=164/200 epoch=6 loss=1.1706 head_lr=247.9 muon_lr=0.2
step=165/200 epoch=6 loss=1.2037 head_lr=241.2 muon_lr=0.2
step=166/200 epoch=6 loss=1.1928 head_lr=234.5 muon_lr=0.2
step=167/200 epoch=6 loss=1.1663 head_lr=227.8 muon_lr=0.2
step=168/200 epoch=6 loss=1.1863 head_lr=221.1 muon_lr=0.2
step=169/200 epoch=6 loss=1.2008 head_lr=214.4 muon_lr=0.2
step=170/200 epoch=6 loss=1.2086 head_lr=207.7 muon_lr=0.2
step=171/200 epoch=6 loss=1.1803 head_lr=201 muon_lr=0.2
step=172/200 epoch=6 loss=1.1981 head_lr=194.3 muon_lr=0.2
step=173/200 epoch=6 loss=1.2049 head_lr=187.6 muon_lr=0.2
step=174/200 epoch=6 loss=1.2169 head_lr=180.9 muon_lr=0.2
step=175/200 epoch=6 loss=1.1964 head_lr=174.2 muon_lr=0.2
eval epoch=6 val_acc=0.7996 time_seconds=8.7139
step=176/200 epoch=7 loss=1.1859 head_lr=167.5 muon_lr=0.2
step=177/200 epoch=7 loss=1.1660 head_lr=160.8 muon_lr=0.2
step=178/200 epoch=7 loss=1.1822 head_lr=154.1 muon_lr=0.2
step=179/200 epoch=7 loss=1.2060 head_lr=147.4 muon_lr=0.2
step=180/200 epoch=7 loss=1.1846 head_lr=140.7 muon_lr=0.2
step=181/200 epoch=7 loss=1.1567 head_lr=134 muon_lr=0.2
step=182/200 epoch=7 loss=1.1817 head_lr=127.3 muon_lr=0.2
step=183/200 epoch=7 loss=1.1997 head_lr=120.6 muon_lr=0.2
step=184/200 epoch=7 loss=1.1744 head_lr=113.9 muon_lr=0.2
step=185/200 epoch=7 loss=1.1658 head_lr=107.2 muon_lr=0.2
step=186/200 epoch=7 loss=1.2103 head_lr=100.5 muon_lr=0.2
step=187/200 epoch=7 loss=1.2112 head_lr=93.8 muon_lr=0.2
step=188/200 epoch=7 loss=1.2188 head_lr=87.1 muon_lr=0.2
step=189/200 epoch=7 loss=1.1738 head_lr=80.4 muon_lr=0.2
step=190/200 epoch=7 loss=1.2045 head_lr=73.7 muon_lr=0.2
step=191/200 epoch=7 loss=1.1885 head_lr=67 muon_lr=0.2
step=192/200 epoch=7 loss=1.1545 head_lr=60.3 muon_lr=0.2
step=193/200 epoch=7 loss=1.1952 head_lr=53.6 muon_lr=0.2
step=194/200 epoch=7 loss=1.1822 head_lr=46.9 muon_lr=0.2
step=195/200 epoch=7 loss=1.1784 head_lr=40.2 muon_lr=0.2
step=196/200 epoch=7 loss=1.2207 head_lr=33.5 muon_lr=0.2
step=197/200 epoch=7 loss=1.1620 head_lr=26.8 muon_lr=0.2
step=198/200 epoch=7 loss=1.1751 head_lr=20.1 muon_lr=0.2
step=199/200 epoch=7 loss=1.1870 head_lr=13.4 muon_lr=0.2
step=200/200 epoch=7 loss=1.1891 head_lr=6.7 muon_lr=0.2
eval epoch=7 val_acc=0.7940 time_seconds=9.9197
eval epoch=final 25batch_train_loss=1.1961 val_acc=0.7940 tta_val_acc=0.8139 time_seconds=10.5321
Run:                12
Seed:               3
Seed group:         different_seed
Batch size:         2000
Muon lr:            0.2
SGD lr mult:        1
25batch train loss: 1.1961
Val acc:            0.7940
TTA val:            0.8139
cifar_reproducibility run=13 seed=4 seed_group=different_seed batch_size=2000 muon_lr=0.2
step=1/200 epoch=0 loss=2.3196 head_lr=1340 muon_lr=0.2
step=2/200 epoch=0 loss=2.2978 head_lr=1333.3 muon_lr=0.2
step=3/200 epoch=0 loss=2.2570 head_lr=1326.6 muon_lr=0.2
step=4/200 epoch=0 loss=2.0614 head_lr=1319.9 muon_lr=0.2
step=5/200 epoch=0 loss=1.9880 head_lr=1313.2 muon_lr=0.2
step=6/200 epoch=0 loss=1.9084 head_lr=1306.5 muon_lr=0.2
step=7/200 epoch=0 loss=1.8799 head_lr=1299.8 muon_lr=0.2
step=8/200 epoch=0 loss=1.8183 head_lr=1293.1 muon_lr=0.2
step=9/200 epoch=0 loss=1.7991 head_lr=1286.4 muon_lr=0.2
step=10/200 epoch=0 loss=1.7517 head_lr=1279.7 muon_lr=0.2
step=11/200 epoch=0 loss=1.6946 head_lr=1273 muon_lr=0.2
step=12/200 epoch=0 loss=1.6645 head_lr=1266.3 muon_lr=0.2
step=13/200 epoch=0 loss=1.6568 head_lr=1259.6 muon_lr=0.2
step=14/200 epoch=0 loss=1.5885 head_lr=1252.9 muon_lr=0.2
step=15/200 epoch=0 loss=1.5875 head_lr=1246.2 muon_lr=0.2
step=16/200 epoch=0 loss=1.5926 head_lr=1239.5 muon_lr=0.2
step=17/200 epoch=0 loss=1.5498 head_lr=1232.8 muon_lr=0.2
step=18/200 epoch=0 loss=1.4969 head_lr=1226.1 muon_lr=0.2
step=19/200 epoch=0 loss=1.5064 head_lr=1219.4 muon_lr=0.2
step=20/200 epoch=0 loss=1.4821 head_lr=1212.7 muon_lr=0.2
step=21/200 epoch=0 loss=1.4955 head_lr=1206 muon_lr=0.2
step=22/200 epoch=0 loss=1.4391 head_lr=1199.3 muon_lr=0.2
step=23/200 epoch=0 loss=1.4037 head_lr=1192.6 muon_lr=0.2
step=24/200 epoch=0 loss=1.4069 head_lr=1185.9 muon_lr=0.2
step=25/200 epoch=0 loss=1.4216 head_lr=1179.2 muon_lr=0.2
eval run=13 epoch=0 val_acc=0.7069 time_seconds=1.2976
step=26/200 epoch=1 loss=1.3682 head_lr=1172.5 muon_lr=0.2
step=27/200 epoch=1 loss=1.3752 head_lr=1165.8 muon_lr=0.2
step=28/200 epoch=1 loss=1.3975 head_lr=1159.1 muon_lr=0.2
step=29/200 epoch=1 loss=1.3651 head_lr=1152.4 muon_lr=0.2
step=30/200 epoch=1 loss=1.3653 head_lr=1145.7 muon_lr=0.2
step=31/200 epoch=1 loss=1.3373 head_lr=1139 muon_lr=0.2
step=32/200 epoch=1 loss=1.3582 head_lr=1132.3 muon_lr=0.2
step=33/200 epoch=1 loss=1.3654 head_lr=1125.6 muon_lr=0.2
step=34/200 epoch=1 loss=1.3138 head_lr=1118.9 muon_lr=0.2
step=35/200 epoch=1 loss=1.3318 head_lr=1112.2 muon_lr=0.2
step=36/200 epoch=1 loss=1.3297 head_lr=1105.5 muon_lr=0.2
step=37/200 epoch=1 loss=1.2892 head_lr=1098.8 muon_lr=0.2
step=38/200 epoch=1 loss=1.2996 head_lr=1092.1 muon_lr=0.2
step=39/200 epoch=1 loss=1.2966 head_lr=1085.4 muon_lr=0.2
step=40/200 epoch=1 loss=1.2943 head_lr=1078.7 muon_lr=0.2
step=41/200 epoch=1 loss=1.3008 head_lr=1072 muon_lr=0.2
step=42/200 epoch=1 loss=1.2653 head_lr=1065.3 muon_lr=0.2
step=43/200 epoch=1 loss=1.2827 head_lr=1058.6 muon_lr=0.2
step=44/200 epoch=1 loss=1.3034 head_lr=1051.9 muon_lr=0.2
step=45/200 epoch=1 loss=1.2832 head_lr=1045.2 muon_lr=0.2
step=46/200 epoch=1 loss=1.2719 head_lr=1038.5 muon_lr=0.2
step=47/200 epoch=1 loss=1.2690 head_lr=1031.8 muon_lr=0.2
step=48/200 epoch=1 loss=1.2935 head_lr=1025.1 muon_lr=0.2
step=49/200 epoch=1 loss=1.2873 head_lr=1018.4 muon_lr=0.2
step=50/200 epoch=1 loss=1.2622 head_lr=1011.7 muon_lr=0.2
eval epoch=1 val_acc=0.7291 time_seconds=2.5928
step=51/200 epoch=2 loss=1.2511 head_lr=1005 muon_lr=0.2
step=52/200 epoch=2 loss=1.2518 head_lr=998.3 muon_lr=0.2
step=53/200 epoch=2 loss=1.2698 head_lr=991.6 muon_lr=0.2
step=54/200 epoch=2 loss=1.2520 head_lr=984.9 muon_lr=0.2
step=55/200 epoch=2 loss=1.2433 head_lr=978.2 muon_lr=0.2
step=56/200 epoch=2 loss=1.2454 head_lr=971.5 muon_lr=0.2
step=57/200 epoch=2 loss=1.2537 head_lr=964.8 muon_lr=0.2
step=58/200 epoch=2 loss=1.2517 head_lr=958.1 muon_lr=0.2
step=59/200 epoch=2 loss=1.2330 head_lr=951.4 muon_lr=0.2
step=60/200 epoch=2 loss=1.2577 head_lr=944.7 muon_lr=0.2
step=61/200 epoch=2 loss=1.2615 head_lr=938 muon_lr=0.2
step=62/200 epoch=2 loss=1.2354 head_lr=931.3 muon_lr=0.2
step=63/200 epoch=2 loss=1.2508 head_lr=924.6 muon_lr=0.2
step=64/200 epoch=2 loss=1.2469 head_lr=917.9 muon_lr=0.2
step=65/200 epoch=2 loss=1.2312 head_lr=911.2 muon_lr=0.2
step=66/200 epoch=2 loss=1.2275 head_lr=904.5 muon_lr=0.2
step=67/200 epoch=2 loss=1.2363 head_lr=897.8 muon_lr=0.2
step=68/200 epoch=2 loss=1.2722 head_lr=891.1 muon_lr=0.2
step=69/200 epoch=2 loss=1.2462 head_lr=884.4 muon_lr=0.2
step=70/200 epoch=2 loss=1.2432 head_lr=877.7 muon_lr=0.2
step=71/200 epoch=2 loss=1.2399 head_lr=871 muon_lr=0.2
step=72/200 epoch=2 loss=1.2513 head_lr=864.3 muon_lr=0.2
step=73/200 epoch=2 loss=1.2345 head_lr=857.6 muon_lr=0.2
step=74/200 epoch=2 loss=1.2314 head_lr=850.9 muon_lr=0.2
step=75/200 epoch=2 loss=1.2402 head_lr=844.2 muon_lr=0.2
eval epoch=2 val_acc=0.6596 time_seconds=3.8882
step=76/200 epoch=3 loss=1.2176 head_lr=837.5 muon_lr=0.2
step=77/200 epoch=3 loss=1.2180 head_lr=830.8 muon_lr=0.2
step=78/200 epoch=3 loss=1.2494 head_lr=824.1 muon_lr=0.2
step=79/200 epoch=3 loss=1.2171 head_lr=817.4 muon_lr=0.2
step=80/200 epoch=3 loss=1.2244 head_lr=810.7 muon_lr=0.2
step=81/200 epoch=3 loss=1.2408 head_lr=804 muon_lr=0.2
step=82/200 epoch=3 loss=1.2365 head_lr=797.3 muon_lr=0.2
step=83/200 epoch=3 loss=1.2055 head_lr=790.6 muon_lr=0.2
step=84/200 epoch=3 loss=1.2167 head_lr=783.9 muon_lr=0.2
step=85/200 epoch=3 loss=1.2207 head_lr=777.2 muon_lr=0.2
step=86/200 epoch=3 loss=1.2257 head_lr=770.5 muon_lr=0.2
step=87/200 epoch=3 loss=1.2744 head_lr=763.8 muon_lr=0.2
step=88/200 epoch=3 loss=1.2325 head_lr=757.1 muon_lr=0.2
step=89/200 epoch=3 loss=1.2364 head_lr=750.4 muon_lr=0.2
step=90/200 epoch=3 loss=1.2031 head_lr=743.7 muon_lr=0.2
step=91/200 epoch=3 loss=1.2420 head_lr=737 muon_lr=0.2
step=92/200 epoch=3 loss=1.1962 head_lr=730.3 muon_lr=0.2
step=93/200 epoch=3 loss=1.1968 head_lr=723.6 muon_lr=0.2
step=94/200 epoch=3 loss=1.2301 head_lr=716.9 muon_lr=0.2
step=95/200 epoch=3 loss=1.1996 head_lr=710.2 muon_lr=0.2
step=96/200 epoch=3 loss=1.2080 head_lr=703.5 muon_lr=0.2
step=97/200 epoch=3 loss=1.2204 head_lr=696.8 muon_lr=0.2
step=98/200 epoch=3 loss=1.2329 head_lr=690.1 muon_lr=0.2
step=99/200 epoch=3 loss=1.2170 head_lr=683.4 muon_lr=0.2
step=100/200 epoch=3 loss=1.2407 head_lr=676.7 muon_lr=0.2
eval epoch=3 val_acc=0.6815 time_seconds=5.0948
step=101/200 epoch=4 loss=1.2112 head_lr=670 muon_lr=0.2
step=102/200 epoch=4 loss=1.1918 head_lr=663.3 muon_lr=0.2
step=103/200 epoch=4 loss=1.2110 head_lr=656.6 muon_lr=0.2
step=104/200 epoch=4 loss=1.2347 head_lr=649.9 muon_lr=0.2
step=105/200 epoch=4 loss=1.2170 head_lr=643.2 muon_lr=0.2
step=106/200 epoch=4 loss=1.1956 head_lr=636.5 muon_lr=0.2
step=107/200 epoch=4 loss=1.2076 head_lr=629.8 muon_lr=0.2
step=108/200 epoch=4 loss=1.2256 head_lr=623.1 muon_lr=0.2
step=109/200 epoch=4 loss=1.2178 head_lr=616.4 muon_lr=0.2
step=110/200 epoch=4 loss=1.2276 head_lr=609.7 muon_lr=0.2
step=111/200 epoch=4 loss=1.2074 head_lr=603 muon_lr=0.2
step=112/200 epoch=4 loss=1.2043 head_lr=596.3 muon_lr=0.2
step=113/200 epoch=4 loss=1.2175 head_lr=589.6 muon_lr=0.2
step=114/200 epoch=4 loss=1.2104 head_lr=582.9 muon_lr=0.2
step=115/200 epoch=4 loss=1.2440 head_lr=576.2 muon_lr=0.2
step=116/200 epoch=4 loss=1.1975 head_lr=569.5 muon_lr=0.2
step=117/200 epoch=4 loss=1.2252 head_lr=562.8 muon_lr=0.2
step=118/200 epoch=4 loss=1.2070 head_lr=556.1 muon_lr=0.2
step=119/200 epoch=4 loss=1.2120 head_lr=549.4 muon_lr=0.2
step=120/200 epoch=4 loss=1.2133 head_lr=542.7 muon_lr=0.2
step=121/200 epoch=4 loss=1.2445 head_lr=536 muon_lr=0.2
step=122/200 epoch=4 loss=1.2195 head_lr=529.3 muon_lr=0.2
step=123/200 epoch=4 loss=1.2000 head_lr=522.6 muon_lr=0.2
step=124/200 epoch=4 loss=1.1861 head_lr=515.9 muon_lr=0.2
step=125/200 epoch=4 loss=1.1871 head_lr=509.2 muon_lr=0.2
eval epoch=4 val_acc=0.7778 time_seconds=6.2995
step=126/200 epoch=5 loss=1.1837 head_lr=502.5 muon_lr=0.2
step=127/200 epoch=5 loss=1.1956 head_lr=495.8 muon_lr=0.2
step=128/200 epoch=5 loss=1.2295 head_lr=489.1 muon_lr=0.2
step=129/200 epoch=5 loss=1.2021 head_lr=482.4 muon_lr=0.2
step=130/200 epoch=5 loss=1.2167 head_lr=475.7 muon_lr=0.2
step=131/200 epoch=5 loss=1.1936 head_lr=469 muon_lr=0.2
step=132/200 epoch=5 loss=1.1879 head_lr=462.3 muon_lr=0.2
step=133/200 epoch=5 loss=1.1852 head_lr=455.6 muon_lr=0.2
step=134/200 epoch=5 loss=1.1963 head_lr=448.9 muon_lr=0.2
step=135/200 epoch=5 loss=1.2356 head_lr=442.2 muon_lr=0.2
step=136/200 epoch=5 loss=1.1979 head_lr=435.5 muon_lr=0.2
step=137/200 epoch=5 loss=1.1972 head_lr=428.8 muon_lr=0.2
step=138/200 epoch=5 loss=1.1976 head_lr=422.1 muon_lr=0.2
step=139/200 epoch=5 loss=1.2275 head_lr=415.4 muon_lr=0.2
step=140/200 epoch=5 loss=1.1998 head_lr=408.7 muon_lr=0.2
step=141/200 epoch=5 loss=1.1980 head_lr=402 muon_lr=0.2
step=142/200 epoch=5 loss=1.1914 head_lr=395.3 muon_lr=0.2
step=143/200 epoch=5 loss=1.1889 head_lr=388.6 muon_lr=0.2
step=144/200 epoch=5 loss=1.1893 head_lr=381.9 muon_lr=0.2
step=145/200 epoch=5 loss=1.2430 head_lr=375.2 muon_lr=0.2
step=146/200 epoch=5 loss=1.1990 head_lr=368.5 muon_lr=0.2
step=147/200 epoch=5 loss=1.1919 head_lr=361.8 muon_lr=0.2
step=148/200 epoch=5 loss=1.1910 head_lr=355.1 muon_lr=0.2
step=149/200 epoch=5 loss=1.1934 head_lr=348.4 muon_lr=0.2
step=150/200 epoch=5 loss=1.2144 head_lr=341.7 muon_lr=0.2
eval epoch=5 val_acc=0.7965 time_seconds=7.5047
step=151/200 epoch=6 loss=1.2054 head_lr=335 muon_lr=0.2
step=152/200 epoch=6 loss=1.1909 head_lr=328.3 muon_lr=0.2
step=153/200 epoch=6 loss=1.1823 head_lr=321.6 muon_lr=0.2
step=154/200 epoch=6 loss=1.1911 head_lr=314.9 muon_lr=0.2
step=155/200 epoch=6 loss=1.1708 head_lr=308.2 muon_lr=0.2
step=156/200 epoch=6 loss=1.1913 head_lr=301.5 muon_lr=0.2
step=157/200 epoch=6 loss=1.1906 head_lr=294.8 muon_lr=0.2
step=158/200 epoch=6 loss=1.1816 head_lr=288.1 muon_lr=0.2
step=159/200 epoch=6 loss=1.2219 head_lr=281.4 muon_lr=0.2
step=160/200 epoch=6 loss=1.1809 head_lr=274.7 muon_lr=0.2
step=161/200 epoch=6 loss=1.2068 head_lr=268 muon_lr=0.2
step=162/200 epoch=6 loss=1.2091 head_lr=261.3 muon_lr=0.2
step=163/200 epoch=6 loss=1.1821 head_lr=254.6 muon_lr=0.2
step=164/200 epoch=6 loss=1.1979 head_lr=247.9 muon_lr=0.2
step=165/200 epoch=6 loss=1.2161 head_lr=241.2 muon_lr=0.2
step=166/200 epoch=6 loss=1.1758 head_lr=234.5 muon_lr=0.2
step=167/200 epoch=6 loss=1.2000 head_lr=227.8 muon_lr=0.2
step=168/200 epoch=6 loss=1.1782 head_lr=221.1 muon_lr=0.2
step=169/200 epoch=6 loss=1.2040 head_lr=214.4 muon_lr=0.2
step=170/200 epoch=6 loss=1.1957 head_lr=207.7 muon_lr=0.2
step=171/200 epoch=6 loss=1.2042 head_lr=201 muon_lr=0.2
step=172/200 epoch=6 loss=1.2110 head_lr=194.3 muon_lr=0.2
step=173/200 epoch=6 loss=1.2086 head_lr=187.6 muon_lr=0.2
step=174/200 epoch=6 loss=1.1694 head_lr=180.9 muon_lr=0.2
step=175/200 epoch=6 loss=1.2024 head_lr=174.2 muon_lr=0.2
eval epoch=6 val_acc=0.7947 time_seconds=8.7113
step=176/200 epoch=7 loss=1.2013 head_lr=167.5 muon_lr=0.2
step=177/200 epoch=7 loss=1.2087 head_lr=160.8 muon_lr=0.2
step=178/200 epoch=7 loss=1.1937 head_lr=154.1 muon_lr=0.2
step=179/200 epoch=7 loss=1.1600 head_lr=147.4 muon_lr=0.2
step=180/200 epoch=7 loss=1.1866 head_lr=140.7 muon_lr=0.2
step=181/200 epoch=7 loss=1.2155 head_lr=134 muon_lr=0.2
step=182/200 epoch=7 loss=1.1936 head_lr=127.3 muon_lr=0.2
step=183/200 epoch=7 loss=1.1924 head_lr=120.6 muon_lr=0.2
step=184/200 epoch=7 loss=1.1776 head_lr=113.9 muon_lr=0.2
step=185/200 epoch=7 loss=1.1958 head_lr=107.2 muon_lr=0.2
step=186/200 epoch=7 loss=1.2170 head_lr=100.5 muon_lr=0.2
step=187/200 epoch=7 loss=1.2126 head_lr=93.8 muon_lr=0.2
step=188/200 epoch=7 loss=1.1829 head_lr=87.1 muon_lr=0.2
step=189/200 epoch=7 loss=1.2014 head_lr=80.4 muon_lr=0.2
step=190/200 epoch=7 loss=1.2070 head_lr=73.7 muon_lr=0.2
step=191/200 epoch=7 loss=1.1727 head_lr=67 muon_lr=0.2
step=192/200 epoch=7 loss=1.1924 head_lr=60.3 muon_lr=0.2
step=193/200 epoch=7 loss=1.1930 head_lr=53.6 muon_lr=0.2
step=194/200 epoch=7 loss=1.1701 head_lr=46.9 muon_lr=0.2
step=195/200 epoch=7 loss=1.1815 head_lr=40.2 muon_lr=0.2
step=196/200 epoch=7 loss=1.1950 head_lr=33.5 muon_lr=0.2
step=197/200 epoch=7 loss=1.1855 head_lr=26.8 muon_lr=0.2
step=198/200 epoch=7 loss=1.2145 head_lr=20.1 muon_lr=0.2
step=199/200 epoch=7 loss=1.1703 head_lr=13.4 muon_lr=0.2
step=200/200 epoch=7 loss=1.1859 head_lr=6.7 muon_lr=0.2
eval epoch=7 val_acc=0.7801 time_seconds=9.9175
eval epoch=final 25batch_train_loss=1.2218 val_acc=0.7801 tta_val_acc=0.8091 time_seconds=10.5311
Run:                13
Seed:               4
Seed group:         different_seed
Batch size:         2000
Muon lr:            0.2
SGD lr mult:        1
25batch train loss: 1.2218
Val acc:            0.7801
TTA val:            0.8091
cifar_reproducibility run=14 seed=5 seed_group=different_seed batch_size=2000 muon_lr=0.2
step=1/200 epoch=0 loss=2.2958 head_lr=1340 muon_lr=0.2
step=2/200 epoch=0 loss=2.2390 head_lr=1333.3 muon_lr=0.2
step=3/200 epoch=0 loss=2.2216 head_lr=1326.6 muon_lr=0.2
step=4/200 epoch=0 loss=2.0277 head_lr=1319.9 muon_lr=0.2
step=5/200 epoch=0 loss=1.9372 head_lr=1313.2 muon_lr=0.2
step=6/200 epoch=0 loss=1.8940 head_lr=1306.5 muon_lr=0.2
step=7/200 epoch=0 loss=1.8667 head_lr=1299.8 muon_lr=0.2
step=8/200 epoch=0 loss=1.8120 head_lr=1293.1 muon_lr=0.2
step=9/200 epoch=0 loss=1.7890 head_lr=1286.4 muon_lr=0.2
step=10/200 epoch=0 loss=1.7208 head_lr=1279.7 muon_lr=0.2
step=11/200 epoch=0 loss=1.7252 head_lr=1273 muon_lr=0.2
step=12/200 epoch=0 loss=1.7363 head_lr=1266.3 muon_lr=0.2
step=13/200 epoch=0 loss=1.6372 head_lr=1259.6 muon_lr=0.2
step=14/200 epoch=0 loss=1.5969 head_lr=1252.9 muon_lr=0.2
step=15/200 epoch=0 loss=1.5665 head_lr=1246.2 muon_lr=0.2
step=16/200 epoch=0 loss=1.5811 head_lr=1239.5 muon_lr=0.2
step=17/200 epoch=0 loss=1.5080 head_lr=1232.8 muon_lr=0.2
step=18/200 epoch=0 loss=1.4789 head_lr=1226.1 muon_lr=0.2
step=19/200 epoch=0 loss=1.4285 head_lr=1219.4 muon_lr=0.2
step=20/200 epoch=0 loss=1.4529 head_lr=1212.7 muon_lr=0.2
step=21/200 epoch=0 loss=1.4549 head_lr=1206 muon_lr=0.2
step=22/200 epoch=0 loss=1.3878 head_lr=1199.3 muon_lr=0.2
step=23/200 epoch=0 loss=1.4246 head_lr=1192.6 muon_lr=0.2
step=24/200 epoch=0 loss=1.3892 head_lr=1185.9 muon_lr=0.2
step=25/200 epoch=0 loss=1.3817 head_lr=1179.2 muon_lr=0.2
eval run=14 epoch=0 val_acc=0.6226 time_seconds=1.2973
step=26/200 epoch=1 loss=1.3439 head_lr=1172.5 muon_lr=0.2
step=27/200 epoch=1 loss=1.3980 head_lr=1165.8 muon_lr=0.2
step=28/200 epoch=1 loss=1.3638 head_lr=1159.1 muon_lr=0.2
step=29/200 epoch=1 loss=1.3675 head_lr=1152.4 muon_lr=0.2
step=30/200 epoch=1 loss=1.3412 head_lr=1145.7 muon_lr=0.2
step=31/200 epoch=1 loss=1.3481 head_lr=1139 muon_lr=0.2
step=32/200 epoch=1 loss=1.3622 head_lr=1132.3 muon_lr=0.2
step=33/200 epoch=1 loss=1.3307 head_lr=1125.6 muon_lr=0.2
step=34/200 epoch=1 loss=1.3154 head_lr=1118.9 muon_lr=0.2
step=35/200 epoch=1 loss=1.3109 head_lr=1112.2 muon_lr=0.2
step=36/200 epoch=1 loss=1.3053 head_lr=1105.5 muon_lr=0.2
step=37/200 epoch=1 loss=1.3012 head_lr=1098.8 muon_lr=0.2
step=38/200 epoch=1 loss=1.2925 head_lr=1092.1 muon_lr=0.2
step=39/200 epoch=1 loss=1.2882 head_lr=1085.4 muon_lr=0.2
step=40/200 epoch=1 loss=1.3128 head_lr=1078.7 muon_lr=0.2
step=41/200 epoch=1 loss=1.2774 head_lr=1072 muon_lr=0.2
step=42/200 epoch=1 loss=1.2631 head_lr=1065.3 muon_lr=0.2
step=43/200 epoch=1 loss=1.2713 head_lr=1058.6 muon_lr=0.2
step=44/200 epoch=1 loss=1.3122 head_lr=1051.9 muon_lr=0.2
step=45/200 epoch=1 loss=1.2730 head_lr=1045.2 muon_lr=0.2
step=46/200 epoch=1 loss=1.3112 head_lr=1038.5 muon_lr=0.2
step=47/200 epoch=1 loss=1.2812 head_lr=1031.8 muon_lr=0.2
step=48/200 epoch=1 loss=1.2700 head_lr=1025.1 muon_lr=0.2
step=49/200 epoch=1 loss=1.2569 head_lr=1018.4 muon_lr=0.2
step=50/200 epoch=1 loss=1.2744 head_lr=1011.7 muon_lr=0.2
eval epoch=1 val_acc=0.7272 time_seconds=2.5931
step=51/200 epoch=2 loss=1.2661 head_lr=1005 muon_lr=0.2
step=52/200 epoch=2 loss=1.2606 head_lr=998.3 muon_lr=0.2
step=53/200 epoch=2 loss=1.2605 head_lr=991.6 muon_lr=0.2
step=54/200 epoch=2 loss=1.2605 head_lr=984.9 muon_lr=0.2
step=55/200 epoch=2 loss=1.2504 head_lr=978.2 muon_lr=0.2
step=56/200 epoch=2 loss=1.2446 head_lr=971.5 muon_lr=0.2
step=57/200 epoch=2 loss=1.2387 head_lr=964.8 muon_lr=0.2
step=58/200 epoch=2 loss=1.2557 head_lr=958.1 muon_lr=0.2
step=59/200 epoch=2 loss=1.2586 head_lr=951.4 muon_lr=0.2
step=60/200 epoch=2 loss=1.2625 head_lr=944.7 muon_lr=0.2
step=61/200 epoch=2 loss=1.2548 head_lr=938 muon_lr=0.2
step=62/200 epoch=2 loss=1.2275 head_lr=931.3 muon_lr=0.2
step=63/200 epoch=2 loss=1.2370 head_lr=924.6 muon_lr=0.2
step=64/200 epoch=2 loss=1.2393 head_lr=917.9 muon_lr=0.2
step=65/200 epoch=2 loss=1.2402 head_lr=911.2 muon_lr=0.2
step=66/200 epoch=2 loss=1.2620 head_lr=904.5 muon_lr=0.2
step=67/200 epoch=2 loss=1.2552 head_lr=897.8 muon_lr=0.2
step=68/200 epoch=2 loss=1.2383 head_lr=891.1 muon_lr=0.2
step=69/200 epoch=2 loss=1.1992 head_lr=884.4 muon_lr=0.2
step=70/200 epoch=2 loss=1.2409 head_lr=877.7 muon_lr=0.2
step=71/200 epoch=2 loss=1.2413 head_lr=871 muon_lr=0.2
step=72/200 epoch=2 loss=1.2544 head_lr=864.3 muon_lr=0.2
step=73/200 epoch=2 loss=1.2414 head_lr=857.6 muon_lr=0.2
step=74/200 epoch=2 loss=1.2617 head_lr=850.9 muon_lr=0.2
step=75/200 epoch=2 loss=1.2230 head_lr=844.2 muon_lr=0.2
eval epoch=2 val_acc=0.6645 time_seconds=3.8885
step=76/200 epoch=3 loss=1.2288 head_lr=837.5 muon_lr=0.2
step=77/200 epoch=3 loss=1.2358 head_lr=830.8 muon_lr=0.2
step=78/200 epoch=3 loss=1.2367 head_lr=824.1 muon_lr=0.2
step=79/200 epoch=3 loss=1.2329 head_lr=817.4 muon_lr=0.2
step=80/200 epoch=3 loss=1.2176 head_lr=810.7 muon_lr=0.2
step=81/200 epoch=3 loss=1.2430 head_lr=804 muon_lr=0.2
step=82/200 epoch=3 loss=1.2175 head_lr=797.3 muon_lr=0.2
step=83/200 epoch=3 loss=1.2037 head_lr=790.6 muon_lr=0.2
step=84/200 epoch=3 loss=1.2207 head_lr=783.9 muon_lr=0.2
step=85/200 epoch=3 loss=1.2060 head_lr=777.2 muon_lr=0.2
step=86/200 epoch=3 loss=1.2495 head_lr=770.5 muon_lr=0.2
step=87/200 epoch=3 loss=1.2326 head_lr=763.8 muon_lr=0.2
step=88/200 epoch=3 loss=1.2072 head_lr=757.1 muon_lr=0.2
step=89/200 epoch=3 loss=1.1944 head_lr=750.4 muon_lr=0.2
step=90/200 epoch=3 loss=1.2350 head_lr=743.7 muon_lr=0.2
step=91/200 epoch=3 loss=1.2455 head_lr=737 muon_lr=0.2
step=92/200 epoch=3 loss=1.2101 head_lr=730.3 muon_lr=0.2
step=93/200 epoch=3 loss=1.2251 head_lr=723.6 muon_lr=0.2
step=94/200 epoch=3 loss=1.2381 head_lr=716.9 muon_lr=0.2
step=95/200 epoch=3 loss=1.2157 head_lr=710.2 muon_lr=0.2
step=96/200 epoch=3 loss=1.2335 head_lr=703.5 muon_lr=0.2
step=97/200 epoch=3 loss=1.2279 head_lr=696.8 muon_lr=0.2
step=98/200 epoch=3 loss=1.1972 head_lr=690.1 muon_lr=0.2
step=99/200 epoch=3 loss=1.2034 head_lr=683.4 muon_lr=0.2
step=100/200 epoch=3 loss=1.2162 head_lr=676.7 muon_lr=0.2
eval epoch=3 val_acc=0.7184 time_seconds=5.0943
step=101/200 epoch=4 loss=1.2008 head_lr=670 muon_lr=0.2
step=102/200 epoch=4 loss=1.2151 head_lr=663.3 muon_lr=0.2
step=103/200 epoch=4 loss=1.2115 head_lr=656.6 muon_lr=0.2
step=104/200 epoch=4 loss=1.2265 head_lr=649.9 muon_lr=0.2
step=105/200 epoch=4 loss=1.2041 head_lr=643.2 muon_lr=0.2
step=106/200 epoch=4 loss=1.2342 head_lr=636.5 muon_lr=0.2
step=107/200 epoch=4 loss=1.2515 head_lr=629.8 muon_lr=0.2
step=108/200 epoch=4 loss=1.2301 head_lr=623.1 muon_lr=0.2
step=109/200 epoch=4 loss=1.2097 head_lr=616.4 muon_lr=0.2
step=110/200 epoch=4 loss=1.2036 head_lr=609.7 muon_lr=0.2
step=111/200 epoch=4 loss=1.2218 head_lr=603 muon_lr=0.2
step=112/200 epoch=4 loss=1.2110 head_lr=596.3 muon_lr=0.2
step=113/200 epoch=4 loss=1.2092 head_lr=589.6 muon_lr=0.2
step=114/200 epoch=4 loss=1.1999 head_lr=582.9 muon_lr=0.2
step=115/200 epoch=4 loss=1.2041 head_lr=576.2 muon_lr=0.2
step=116/200 epoch=4 loss=1.1919 head_lr=569.5 muon_lr=0.2
step=117/200 epoch=4 loss=1.1835 head_lr=562.8 muon_lr=0.2
step=118/200 epoch=4 loss=1.1713 head_lr=556.1 muon_lr=0.2
step=119/200 epoch=4 loss=1.2120 head_lr=549.4 muon_lr=0.2
step=120/200 epoch=4 loss=1.2108 head_lr=542.7 muon_lr=0.2
step=121/200 epoch=4 loss=1.1991 head_lr=536 muon_lr=0.2
step=122/200 epoch=4 loss=1.2439 head_lr=529.3 muon_lr=0.2
step=123/200 epoch=4 loss=1.2029 head_lr=522.6 muon_lr=0.2
step=124/200 epoch=4 loss=1.2217 head_lr=515.9 muon_lr=0.2
step=125/200 epoch=4 loss=1.2092 head_lr=509.2 muon_lr=0.2
eval epoch=4 val_acc=0.7586 time_seconds=6.3007
step=126/200 epoch=5 loss=1.2016 head_lr=502.5 muon_lr=0.2
step=127/200 epoch=5 loss=1.2044 head_lr=495.8 muon_lr=0.2
step=128/200 epoch=5 loss=1.1951 head_lr=489.1 muon_lr=0.2
step=129/200 epoch=5 loss=1.2074 head_lr=482.4 muon_lr=0.2
step=130/200 epoch=5 loss=1.2112 head_lr=475.7 muon_lr=0.2
step=131/200 epoch=5 loss=1.1921 head_lr=469 muon_lr=0.2
step=132/200 epoch=5 loss=1.1849 head_lr=462.3 muon_lr=0.2
step=133/200 epoch=5 loss=1.1870 head_lr=455.6 muon_lr=0.2
step=134/200 epoch=5 loss=1.2034 head_lr=448.9 muon_lr=0.2
step=135/200 epoch=5 loss=1.2123 head_lr=442.2 muon_lr=0.2
step=136/200 epoch=5 loss=1.2014 head_lr=435.5 muon_lr=0.2
step=137/200 epoch=5 loss=1.2305 head_lr=428.8 muon_lr=0.2
step=138/200 epoch=5 loss=1.2027 head_lr=422.1 muon_lr=0.2
step=139/200 epoch=5 loss=1.2181 head_lr=415.4 muon_lr=0.2
step=140/200 epoch=5 loss=1.2279 head_lr=408.7 muon_lr=0.2
step=141/200 epoch=5 loss=1.2009 head_lr=402 muon_lr=0.2
step=142/200 epoch=5 loss=1.2015 head_lr=395.3 muon_lr=0.2
step=143/200 epoch=5 loss=1.1793 head_lr=388.6 muon_lr=0.2
step=144/200 epoch=5 loss=1.1945 head_lr=381.9 muon_lr=0.2
step=145/200 epoch=5 loss=1.2136 head_lr=375.2 muon_lr=0.2
step=146/200 epoch=5 loss=1.1959 head_lr=368.5 muon_lr=0.2
step=147/200 epoch=5 loss=1.1996 head_lr=361.8 muon_lr=0.2
step=148/200 epoch=5 loss=1.2039 head_lr=355.1 muon_lr=0.2
step=149/200 epoch=5 loss=1.1971 head_lr=348.4 muon_lr=0.2
step=150/200 epoch=5 loss=1.1842 head_lr=341.7 muon_lr=0.2
eval epoch=5 val_acc=0.7491 time_seconds=7.5069
step=151/200 epoch=6 loss=1.1818 head_lr=335 muon_lr=0.2
step=152/200 epoch=6 loss=1.1804 head_lr=328.3 muon_lr=0.2
step=153/200 epoch=6 loss=1.1740 head_lr=321.6 muon_lr=0.2
step=154/200 epoch=6 loss=1.1844 head_lr=314.9 muon_lr=0.2
step=155/200 epoch=6 loss=1.1836 head_lr=308.2 muon_lr=0.2
step=156/200 epoch=6 loss=1.1956 head_lr=301.5 muon_lr=0.2
step=157/200 epoch=6 loss=1.1800 head_lr=294.8 muon_lr=0.2
step=158/200 epoch=6 loss=1.1837 head_lr=288.1 muon_lr=0.2
step=159/200 epoch=6 loss=1.1790 head_lr=281.4 muon_lr=0.2
step=160/200 epoch=6 loss=1.1661 head_lr=274.7 muon_lr=0.2
step=161/200 epoch=6 loss=1.1848 head_lr=268 muon_lr=0.2
step=162/200 epoch=6 loss=1.2076 head_lr=261.3 muon_lr=0.2
step=163/200 epoch=6 loss=1.1884 head_lr=254.6 muon_lr=0.2
step=164/200 epoch=6 loss=1.2203 head_lr=247.9 muon_lr=0.2
step=165/200 epoch=6 loss=1.1749 head_lr=241.2 muon_lr=0.2
step=166/200 epoch=6 loss=1.1899 head_lr=234.5 muon_lr=0.2
step=167/200 epoch=6 loss=1.1855 head_lr=227.8 muon_lr=0.2
step=168/200 epoch=6 loss=1.2406 head_lr=221.1 muon_lr=0.2
step=169/200 epoch=6 loss=1.2135 head_lr=214.4 muon_lr=0.2
step=170/200 epoch=6 loss=1.1837 head_lr=207.7 muon_lr=0.2
step=171/200 epoch=6 loss=1.1985 head_lr=201 muon_lr=0.2
step=172/200 epoch=6 loss=1.1875 head_lr=194.3 muon_lr=0.2
step=173/200 epoch=6 loss=1.2070 head_lr=187.6 muon_lr=0.2
step=174/200 epoch=6 loss=1.2025 head_lr=180.9 muon_lr=0.2
step=175/200 epoch=6 loss=1.1988 head_lr=174.2 muon_lr=0.2
eval epoch=6 val_acc=0.7737 time_seconds=8.7125
step=176/200 epoch=7 loss=1.1717 head_lr=167.5 muon_lr=0.2
step=177/200 epoch=7 loss=1.1922 head_lr=160.8 muon_lr=0.2
step=178/200 epoch=7 loss=1.1943 head_lr=154.1 muon_lr=0.2
step=179/200 epoch=7 loss=1.1872 head_lr=147.4 muon_lr=0.2
step=180/200 epoch=7 loss=1.1844 head_lr=140.7 muon_lr=0.2
step=181/200 epoch=7 loss=1.1775 head_lr=134 muon_lr=0.2
step=182/200 epoch=7 loss=1.1734 head_lr=127.3 muon_lr=0.2
step=183/200 epoch=7 loss=1.1900 head_lr=120.6 muon_lr=0.2
step=184/200 epoch=7 loss=1.1794 head_lr=113.9 muon_lr=0.2
step=185/200 epoch=7 loss=1.2025 head_lr=107.2 muon_lr=0.2
step=186/200 epoch=7 loss=1.1757 head_lr=100.5 muon_lr=0.2
step=187/200 epoch=7 loss=1.2063 head_lr=93.8 muon_lr=0.2
step=188/200 epoch=7 loss=1.1921 head_lr=87.1 muon_lr=0.2
step=189/200 epoch=7 loss=1.1782 head_lr=80.4 muon_lr=0.2
step=190/200 epoch=7 loss=1.1800 head_lr=73.7 muon_lr=0.2
step=191/200 epoch=7 loss=1.2083 head_lr=67 muon_lr=0.2
step=192/200 epoch=7 loss=1.1713 head_lr=60.3 muon_lr=0.2
step=193/200 epoch=7 loss=1.1971 head_lr=53.6 muon_lr=0.2
step=194/200 epoch=7 loss=1.2097 head_lr=46.9 muon_lr=0.2
step=195/200 epoch=7 loss=1.1898 head_lr=40.2 muon_lr=0.2
step=196/200 epoch=7 loss=1.1770 head_lr=33.5 muon_lr=0.2
step=197/200 epoch=7 loss=1.1905 head_lr=26.8 muon_lr=0.2
step=198/200 epoch=7 loss=1.1989 head_lr=20.1 muon_lr=0.2
step=199/200 epoch=7 loss=1.1821 head_lr=13.4 muon_lr=0.2
step=200/200 epoch=7 loss=1.1801 head_lr=6.7 muon_lr=0.2
eval epoch=7 val_acc=0.7927 time_seconds=9.9192
eval epoch=final 25batch_train_loss=1.2019 val_acc=0.7927 tta_val_acc=0.8218 time_seconds=10.5328
Run:                14
Seed:               5
Seed group:         different_seed
Batch size:         2000
Muon lr:            0.2
SGD lr mult:        1
25batch train loss: 1.2019
Val acc:            0.7927
TTA val:            0.8218
cifar_reproducibility run=15 seed=6 seed_group=different_seed batch_size=2000 muon_lr=0.2
step=1/200 epoch=0 loss=2.3039 head_lr=1340 muon_lr=0.2
step=2/200 epoch=0 loss=2.2774 head_lr=1333.3 muon_lr=0.2
step=3/200 epoch=0 loss=2.2295 head_lr=1326.6 muon_lr=0.2
step=4/200 epoch=0 loss=2.0837 head_lr=1319.9 muon_lr=0.2
step=5/200 epoch=0 loss=1.9522 head_lr=1313.2 muon_lr=0.2
step=6/200 epoch=0 loss=1.8844 head_lr=1306.5 muon_lr=0.2
step=7/200 epoch=0 loss=1.8595 head_lr=1299.8 muon_lr=0.2
step=8/200 epoch=0 loss=1.7923 head_lr=1293.1 muon_lr=0.2
step=9/200 epoch=0 loss=1.7667 head_lr=1286.4 muon_lr=0.2
step=10/200 epoch=0 loss=1.8012 head_lr=1279.7 muon_lr=0.2
step=11/200 epoch=0 loss=1.7512 head_lr=1273 muon_lr=0.2
step=12/200 epoch=0 loss=1.6876 head_lr=1266.3 muon_lr=0.2
step=13/200 epoch=0 loss=1.5989 head_lr=1259.6 muon_lr=0.2
step=14/200 epoch=0 loss=1.5874 head_lr=1252.9 muon_lr=0.2
step=15/200 epoch=0 loss=1.5827 head_lr=1246.2 muon_lr=0.2
step=16/200 epoch=0 loss=1.5429 head_lr=1239.5 muon_lr=0.2
step=17/200 epoch=0 loss=1.5023 head_lr=1232.8 muon_lr=0.2
step=18/200 epoch=0 loss=1.5189 head_lr=1226.1 muon_lr=0.2
step=19/200 epoch=0 loss=1.4871 head_lr=1219.4 muon_lr=0.2
step=20/200 epoch=0 loss=1.4675 head_lr=1212.7 muon_lr=0.2
step=21/200 epoch=0 loss=1.4880 head_lr=1206 muon_lr=0.2
step=22/200 epoch=0 loss=1.4051 head_lr=1199.3 muon_lr=0.2
step=23/200 epoch=0 loss=1.4470 head_lr=1192.6 muon_lr=0.2
step=24/200 epoch=0 loss=1.4201 head_lr=1185.9 muon_lr=0.2
step=25/200 epoch=0 loss=1.3914 head_lr=1179.2 muon_lr=0.2
eval run=15 epoch=0 val_acc=0.7078 time_seconds=1.2990
step=26/200 epoch=1 loss=1.3484 head_lr=1172.5 muon_lr=0.2
step=27/200 epoch=1 loss=1.3552 head_lr=1165.8 muon_lr=0.2
step=28/200 epoch=1 loss=1.3603 head_lr=1159.1 muon_lr=0.2
step=29/200 epoch=1 loss=1.3446 head_lr=1152.4 muon_lr=0.2
step=30/200 epoch=1 loss=1.3564 head_lr=1145.7 muon_lr=0.2
step=31/200 epoch=1 loss=1.3576 head_lr=1139 muon_lr=0.2
step=32/200 epoch=1 loss=1.3293 head_lr=1132.3 muon_lr=0.2
step=33/200 epoch=1 loss=1.3219 head_lr=1125.6 muon_lr=0.2
step=34/200 epoch=1 loss=1.3251 head_lr=1118.9 muon_lr=0.2
step=35/200 epoch=1 loss=1.3414 head_lr=1112.2 muon_lr=0.2
step=36/200 epoch=1 loss=1.3568 head_lr=1105.5 muon_lr=0.2
step=37/200 epoch=1 loss=1.2974 head_lr=1098.8 muon_lr=0.2
step=38/200 epoch=1 loss=1.3055 head_lr=1092.1 muon_lr=0.2
step=39/200 epoch=1 loss=1.2910 head_lr=1085.4 muon_lr=0.2
step=40/200 epoch=1 loss=1.2792 head_lr=1078.7 muon_lr=0.2
step=41/200 epoch=1 loss=1.2900 head_lr=1072 muon_lr=0.2
step=42/200 epoch=1 loss=1.2882 head_lr=1065.3 muon_lr=0.2
step=43/200 epoch=1 loss=1.3152 head_lr=1058.6 muon_lr=0.2
step=44/200 epoch=1 loss=1.3231 head_lr=1051.9 muon_lr=0.2
step=45/200 epoch=1 loss=1.2957 head_lr=1045.2 muon_lr=0.2
step=46/200 epoch=1 loss=1.2827 head_lr=1038.5 muon_lr=0.2
step=47/200 epoch=1 loss=1.3000 head_lr=1031.8 muon_lr=0.2
step=48/200 epoch=1 loss=1.2784 head_lr=1025.1 muon_lr=0.2
step=49/200 epoch=1 loss=1.2568 head_lr=1018.4 muon_lr=0.2
step=50/200 epoch=1 loss=1.2648 head_lr=1011.7 muon_lr=0.2
eval epoch=1 val_acc=0.7352 time_seconds=2.5941
step=51/200 epoch=2 loss=1.2559 head_lr=1005 muon_lr=0.2
step=52/200 epoch=2 loss=1.2542 head_lr=998.3 muon_lr=0.2
step=53/200 epoch=2 loss=1.2453 head_lr=991.6 muon_lr=0.2
step=54/200 epoch=2 loss=1.2527 head_lr=984.9 muon_lr=0.2
step=55/200 epoch=2 loss=1.2514 head_lr=978.2 muon_lr=0.2
step=56/200 epoch=2 loss=1.2431 head_lr=971.5 muon_lr=0.2
step=57/200 epoch=2 loss=1.2384 head_lr=964.8 muon_lr=0.2
step=58/200 epoch=2 loss=1.2355 head_lr=958.1 muon_lr=0.2
step=59/200 epoch=2 loss=1.2579 head_lr=951.4 muon_lr=0.2
step=60/200 epoch=2 loss=1.2608 head_lr=944.7 muon_lr=0.2
step=61/200 epoch=2 loss=1.2568 head_lr=938 muon_lr=0.2
step=62/200 epoch=2 loss=1.2196 head_lr=931.3 muon_lr=0.2
step=63/200 epoch=2 loss=1.2289 head_lr=924.6 muon_lr=0.2
step=64/200 epoch=2 loss=1.2224 head_lr=917.9 muon_lr=0.2
step=65/200 epoch=2 loss=1.2643 head_lr=911.2 muon_lr=0.2
step=66/200 epoch=2 loss=1.2429 head_lr=904.5 muon_lr=0.2
step=67/200 epoch=2 loss=1.2519 head_lr=897.8 muon_lr=0.2
step=68/200 epoch=2 loss=1.2521 head_lr=891.1 muon_lr=0.2
step=69/200 epoch=2 loss=1.2286 head_lr=884.4 muon_lr=0.2
step=70/200 epoch=2 loss=1.2203 head_lr=877.7 muon_lr=0.2
step=71/200 epoch=2 loss=1.2283 head_lr=871 muon_lr=0.2
step=72/200 epoch=2 loss=1.2461 head_lr=864.3 muon_lr=0.2
step=73/200 epoch=2 loss=1.2444 head_lr=857.6 muon_lr=0.2
step=74/200 epoch=2 loss=1.2482 head_lr=850.9 muon_lr=0.2
step=75/200 epoch=2 loss=1.2614 head_lr=844.2 muon_lr=0.2
eval epoch=2 val_acc=0.7159 time_seconds=3.8895
step=76/200 epoch=3 loss=1.2392 head_lr=837.5 muon_lr=0.2
step=77/200 epoch=3 loss=1.2276 head_lr=830.8 muon_lr=0.2
step=78/200 epoch=3 loss=1.2139 head_lr=824.1 muon_lr=0.2
step=79/200 epoch=3 loss=1.2270 head_lr=817.4 muon_lr=0.2
step=80/200 epoch=3 loss=1.2224 head_lr=810.7 muon_lr=0.2
step=81/200 epoch=3 loss=1.2185 head_lr=804 muon_lr=0.2
step=82/200 epoch=3 loss=1.2168 head_lr=797.3 muon_lr=0.2
step=83/200 epoch=3 loss=1.2175 head_lr=790.6 muon_lr=0.2
step=84/200 epoch=3 loss=1.2143 head_lr=783.9 muon_lr=0.2
step=85/200 epoch=3 loss=1.2352 head_lr=777.2 muon_lr=0.2
step=86/200 epoch=3 loss=1.2588 head_lr=770.5 muon_lr=0.2
step=87/200 epoch=3 loss=1.2297 head_lr=763.8 muon_lr=0.2
step=88/200 epoch=3 loss=1.2144 head_lr=757.1 muon_lr=0.2
step=89/200 epoch=3 loss=1.2392 head_lr=750.4 muon_lr=0.2
step=90/200 epoch=3 loss=1.2090 head_lr=743.7 muon_lr=0.2
step=91/200 epoch=3 loss=1.2186 head_lr=737 muon_lr=0.2
step=92/200 epoch=3 loss=1.2096 head_lr=730.3 muon_lr=0.2
step=93/200 epoch=3 loss=1.2299 head_lr=723.6 muon_lr=0.2
step=94/200 epoch=3 loss=1.2096 head_lr=716.9 muon_lr=0.2
step=95/200 epoch=3 loss=1.2127 head_lr=710.2 muon_lr=0.2
step=96/200 epoch=3 loss=1.1995 head_lr=703.5 muon_lr=0.2
step=97/200 epoch=3 loss=1.2118 head_lr=696.8 muon_lr=0.2
step=98/200 epoch=3 loss=1.2047 head_lr=690.1 muon_lr=0.2
step=99/200 epoch=3 loss=1.2195 head_lr=683.4 muon_lr=0.2
step=100/200 epoch=3 loss=1.2051 head_lr=676.7 muon_lr=0.2
eval epoch=3 val_acc=0.7493 time_seconds=5.0965
step=101/200 epoch=4 loss=1.2209 head_lr=670 muon_lr=0.2
step=102/200 epoch=4 loss=1.2194 head_lr=663.3 muon_lr=0.2
step=103/200 epoch=4 loss=1.1994 head_lr=656.6 muon_lr=0.2
step=104/200 epoch=4 loss=1.1941 head_lr=649.9 muon_lr=0.2
step=105/200 epoch=4 loss=1.1977 head_lr=643.2 muon_lr=0.2
step=106/200 epoch=4 loss=1.2039 head_lr=636.5 muon_lr=0.2
step=107/200 epoch=4 loss=1.1947 head_lr=629.8 muon_lr=0.2
step=108/200 epoch=4 loss=1.2099 head_lr=623.1 muon_lr=0.2
step=109/200 epoch=4 loss=1.2104 head_lr=616.4 muon_lr=0.2
step=110/200 epoch=4 loss=1.2073 head_lr=609.7 muon_lr=0.2
step=111/200 epoch=4 loss=1.2030 head_lr=603 muon_lr=0.2
step=112/200 epoch=4 loss=1.2237 head_lr=596.3 muon_lr=0.2
step=113/200 epoch=4 loss=1.2120 head_lr=589.6 muon_lr=0.2
step=114/200 epoch=4 loss=1.2069 head_lr=582.9 muon_lr=0.2
step=115/200 epoch=4 loss=1.1998 head_lr=576.2 muon_lr=0.2
step=116/200 epoch=4 loss=1.2087 head_lr=569.5 muon_lr=0.2
step=117/200 epoch=4 loss=1.2309 head_lr=562.8 muon_lr=0.2
step=118/200 epoch=4 loss=1.2275 head_lr=556.1 muon_lr=0.2
step=119/200 epoch=4 loss=1.2200 head_lr=549.4 muon_lr=0.2
step=120/200 epoch=4 loss=1.1991 head_lr=542.7 muon_lr=0.2
step=121/200 epoch=4 loss=1.1989 head_lr=536 muon_lr=0.2
step=122/200 epoch=4 loss=1.1857 head_lr=529.3 muon_lr=0.2
step=123/200 epoch=4 loss=1.2130 head_lr=522.6 muon_lr=0.2
step=124/200 epoch=4 loss=1.2136 head_lr=515.9 muon_lr=0.2
step=125/200 epoch=4 loss=1.2039 head_lr=509.2 muon_lr=0.2
eval epoch=4 val_acc=0.8078 time_seconds=6.3025
step=126/200 epoch=5 loss=1.2166 head_lr=502.5 muon_lr=0.2
step=127/200 epoch=5 loss=1.1820 head_lr=495.8 muon_lr=0.2
step=128/200 epoch=5 loss=1.2414 head_lr=489.1 muon_lr=0.2
step=129/200 epoch=5 loss=1.1899 head_lr=482.4 muon_lr=0.2
step=130/200 epoch=5 loss=1.1922 head_lr=475.7 muon_lr=0.2
step=131/200 epoch=5 loss=1.1999 head_lr=469 muon_lr=0.2
step=132/200 epoch=5 loss=1.1855 head_lr=462.3 muon_lr=0.2
step=133/200 epoch=5 loss=1.2036 head_lr=455.6 muon_lr=0.2
step=134/200 epoch=5 loss=1.2084 head_lr=448.9 muon_lr=0.2
step=135/200 epoch=5 loss=1.2183 head_lr=442.2 muon_lr=0.2
step=136/200 epoch=5 loss=1.2118 head_lr=435.5 muon_lr=0.2
step=137/200 epoch=5 loss=1.1760 head_lr=428.8 muon_lr=0.2
step=138/200 epoch=5 loss=1.1768 head_lr=422.1 muon_lr=0.2
step=139/200 epoch=5 loss=1.1930 head_lr=415.4 muon_lr=0.2
step=140/200 epoch=5 loss=1.1928 head_lr=408.7 muon_lr=0.2
step=141/200 epoch=5 loss=1.2205 head_lr=402 muon_lr=0.2
step=142/200 epoch=5 loss=1.2232 head_lr=395.3 muon_lr=0.2
step=143/200 epoch=5 loss=1.2128 head_lr=388.6 muon_lr=0.2
step=144/200 epoch=5 loss=1.1921 head_lr=381.9 muon_lr=0.2
step=145/200 epoch=5 loss=1.1973 head_lr=375.2 muon_lr=0.2
step=146/200 epoch=5 loss=1.2243 head_lr=368.5 muon_lr=0.2
step=147/200 epoch=5 loss=1.1839 head_lr=361.8 muon_lr=0.2
step=148/200 epoch=5 loss=1.2080 head_lr=355.1 muon_lr=0.2
step=149/200 epoch=5 loss=1.2023 head_lr=348.4 muon_lr=0.2
step=150/200 epoch=5 loss=1.1787 head_lr=341.7 muon_lr=0.2
eval epoch=5 val_acc=0.7842 time_seconds=7.5069
step=151/200 epoch=6 loss=1.1716 head_lr=335 muon_lr=0.2
step=152/200 epoch=6 loss=1.1963 head_lr=328.3 muon_lr=0.2
step=153/200 epoch=6 loss=1.2115 head_lr=321.6 muon_lr=0.2
step=154/200 epoch=6 loss=1.2023 head_lr=314.9 muon_lr=0.2
step=155/200 epoch=6 loss=1.2057 head_lr=308.2 muon_lr=0.2
step=156/200 epoch=6 loss=1.1933 head_lr=301.5 muon_lr=0.2
step=157/200 epoch=6 loss=1.1687 head_lr=294.8 muon_lr=0.2
step=158/200 epoch=6 loss=1.1826 head_lr=288.1 muon_lr=0.2
step=159/200 epoch=6 loss=1.2093 head_lr=281.4 muon_lr=0.2
step=160/200 epoch=6 loss=1.1752 head_lr=274.7 muon_lr=0.2
step=161/200 epoch=6 loss=1.2192 head_lr=268 muon_lr=0.2
step=162/200 epoch=6 loss=1.1929 head_lr=261.3 muon_lr=0.2
step=163/200 epoch=6 loss=1.1883 head_lr=254.6 muon_lr=0.2
step=164/200 epoch=6 loss=1.1982 head_lr=247.9 muon_lr=0.2
step=165/200 epoch=6 loss=1.2021 head_lr=241.2 muon_lr=0.2
step=166/200 epoch=6 loss=1.1969 head_lr=234.5 muon_lr=0.2
step=167/200 epoch=6 loss=1.1834 head_lr=227.8 muon_lr=0.2
step=168/200 epoch=6 loss=1.1909 head_lr=221.1 muon_lr=0.2
step=169/200 epoch=6 loss=1.1886 head_lr=214.4 muon_lr=0.2
step=170/200 epoch=6 loss=1.2120 head_lr=207.7 muon_lr=0.2
step=171/200 epoch=6 loss=1.2160 head_lr=201 muon_lr=0.2
step=172/200 epoch=6 loss=1.1905 head_lr=194.3 muon_lr=0.2
step=173/200 epoch=6 loss=1.1843 head_lr=187.6 muon_lr=0.2
step=174/200 epoch=6 loss=1.1721 head_lr=180.9 muon_lr=0.2
step=175/200 epoch=6 loss=1.1913 head_lr=174.2 muon_lr=0.2
eval epoch=6 val_acc=0.7045 time_seconds=8.7129
step=176/200 epoch=7 loss=1.1951 head_lr=167.5 muon_lr=0.2
step=177/200 epoch=7 loss=1.1872 head_lr=160.8 muon_lr=0.2
step=178/200 epoch=7 loss=1.1514 head_lr=154.1 muon_lr=0.2
step=179/200 epoch=7 loss=1.1942 head_lr=147.4 muon_lr=0.2
step=180/200 epoch=7 loss=1.2109 head_lr=140.7 muon_lr=0.2
step=181/200 epoch=7 loss=1.1847 head_lr=134 muon_lr=0.2
step=182/200 epoch=7 loss=1.1806 head_lr=127.3 muon_lr=0.2
step=183/200 epoch=7 loss=1.1825 head_lr=120.6 muon_lr=0.2
step=184/200 epoch=7 loss=1.1657 head_lr=113.9 muon_lr=0.2
step=185/200 epoch=7 loss=1.1584 head_lr=107.2 muon_lr=0.2
step=186/200 epoch=7 loss=1.1726 head_lr=100.5 muon_lr=0.2
step=187/200 epoch=7 loss=1.2028 head_lr=93.8 muon_lr=0.2
step=188/200 epoch=7 loss=1.1708 head_lr=87.1 muon_lr=0.2
step=189/200 epoch=7 loss=1.2147 head_lr=80.4 muon_lr=0.2
step=190/200 epoch=7 loss=1.2068 head_lr=73.7 muon_lr=0.2
step=191/200 epoch=7 loss=1.2029 head_lr=67 muon_lr=0.2
step=192/200 epoch=7 loss=1.1706 head_lr=60.3 muon_lr=0.2
step=193/200 epoch=7 loss=1.1704 head_lr=53.6 muon_lr=0.2
step=194/200 epoch=7 loss=1.1729 head_lr=46.9 muon_lr=0.2
step=195/200 epoch=7 loss=1.1798 head_lr=40.2 muon_lr=0.2
step=196/200 epoch=7 loss=1.2219 head_lr=33.5 muon_lr=0.2
step=197/200 epoch=7 loss=1.1583 head_lr=26.8 muon_lr=0.2
step=198/200 epoch=7 loss=1.1882 head_lr=20.1 muon_lr=0.2
step=199/200 epoch=7 loss=1.1937 head_lr=13.4 muon_lr=0.2
step=200/200 epoch=7 loss=1.1830 head_lr=6.7 muon_lr=0.2
eval epoch=7 val_acc=0.8030 time_seconds=9.9188
eval epoch=final 25batch_train_loss=1.1981 val_acc=0.8030 tta_val_acc=0.8270 time_seconds=10.5316
Run:                15
Seed:               6
Seed group:         different_seed
Batch size:         2000
Muon lr:            0.2
SGD lr mult:        1
25batch train loss: 1.1981
Val acc:            0.8030
TTA val:            0.8270
cifar_reproducibility run=16 seed=7 seed_group=different_seed batch_size=2000 muon_lr=0.2
step=1/200 epoch=0 loss=2.3141 head_lr=1340 muon_lr=0.2
step=2/200 epoch=0 loss=2.3150 head_lr=1333.3 muon_lr=0.2
step=3/200 epoch=0 loss=2.2841 head_lr=1326.6 muon_lr=0.2
step=4/200 epoch=0 loss=2.1116 head_lr=1319.9 muon_lr=0.2
step=5/200 epoch=0 loss=2.0357 head_lr=1313.2 muon_lr=0.2
step=6/200 epoch=0 loss=1.9675 head_lr=1306.5 muon_lr=0.2
step=7/200 epoch=0 loss=1.8479 head_lr=1299.8 muon_lr=0.2
step=8/200 epoch=0 loss=1.7848 head_lr=1293.1 muon_lr=0.2
step=9/200 epoch=0 loss=1.7712 head_lr=1286.4 muon_lr=0.2
step=10/200 epoch=0 loss=1.7389 head_lr=1279.7 muon_lr=0.2
step=11/200 epoch=0 loss=1.6926 head_lr=1273 muon_lr=0.2
step=12/200 epoch=0 loss=1.6814 head_lr=1266.3 muon_lr=0.2
step=13/200 epoch=0 loss=1.6297 head_lr=1259.6 muon_lr=0.2
step=14/200 epoch=0 loss=1.6368 head_lr=1252.9 muon_lr=0.2
step=15/200 epoch=0 loss=1.5461 head_lr=1246.2 muon_lr=0.2
step=16/200 epoch=0 loss=1.6023 head_lr=1239.5 muon_lr=0.2
step=17/200 epoch=0 loss=1.5183 head_lr=1232.8 muon_lr=0.2
step=18/200 epoch=0 loss=1.5308 head_lr=1226.1 muon_lr=0.2
step=19/200 epoch=0 loss=1.5047 head_lr=1219.4 muon_lr=0.2
step=20/200 epoch=0 loss=1.4790 head_lr=1212.7 muon_lr=0.2
step=21/200 epoch=0 loss=1.4837 head_lr=1206 muon_lr=0.2
step=22/200 epoch=0 loss=1.4264 head_lr=1199.3 muon_lr=0.2
step=23/200 epoch=0 loss=1.4074 head_lr=1192.6 muon_lr=0.2
step=24/200 epoch=0 loss=1.3939 head_lr=1185.9 muon_lr=0.2
step=25/200 epoch=0 loss=1.4031 head_lr=1179.2 muon_lr=0.2
eval run=16 epoch=0 val_acc=0.4967 time_seconds=1.2966
step=26/200 epoch=1 loss=1.3874 head_lr=1172.5 muon_lr=0.2
step=27/200 epoch=1 loss=1.3807 head_lr=1165.8 muon_lr=0.2
step=28/200 epoch=1 loss=1.3709 head_lr=1159.1 muon_lr=0.2
step=29/200 epoch=1 loss=1.3753 head_lr=1152.4 muon_lr=0.2
step=30/200 epoch=1 loss=1.3252 head_lr=1145.7 muon_lr=0.2
step=31/200 epoch=1 loss=1.3521 head_lr=1139 muon_lr=0.2
step=32/200 epoch=1 loss=1.3358 head_lr=1132.3 muon_lr=0.2
step=33/200 epoch=1 loss=1.3294 head_lr=1125.6 muon_lr=0.2
step=34/200 epoch=1 loss=1.3349 head_lr=1118.9 muon_lr=0.2
step=35/200 epoch=1 loss=1.3230 head_lr=1112.2 muon_lr=0.2
step=36/200 epoch=1 loss=1.3090 head_lr=1105.5 muon_lr=0.2
step=37/200 epoch=1 loss=1.2950 head_lr=1098.8 muon_lr=0.2
step=38/200 epoch=1 loss=1.3093 head_lr=1092.1 muon_lr=0.2
step=39/200 epoch=1 loss=1.2786 head_lr=1085.4 muon_lr=0.2
step=40/200 epoch=1 loss=1.2986 head_lr=1078.7 muon_lr=0.2
step=41/200 epoch=1 loss=1.3058 head_lr=1072 muon_lr=0.2
step=42/200 epoch=1 loss=1.2926 head_lr=1065.3 muon_lr=0.2
step=43/200 epoch=1 loss=1.2840 head_lr=1058.6 muon_lr=0.2
step=44/200 epoch=1 loss=1.2919 head_lr=1051.9 muon_lr=0.2
step=45/200 epoch=1 loss=1.3027 head_lr=1045.2 muon_lr=0.2
step=46/200 epoch=1 loss=1.3046 head_lr=1038.5 muon_lr=0.2
step=47/200 epoch=1 loss=1.2976 head_lr=1031.8 muon_lr=0.2
step=48/200 epoch=1 loss=1.2674 head_lr=1025.1 muon_lr=0.2
step=49/200 epoch=1 loss=1.2679 head_lr=1018.4 muon_lr=0.2
step=50/200 epoch=1 loss=1.2576 head_lr=1011.7 muon_lr=0.2
eval epoch=1 val_acc=0.6956 time_seconds=2.5896
step=51/200 epoch=2 loss=1.2787 head_lr=1005 muon_lr=0.2
step=52/200 epoch=2 loss=1.2865 head_lr=998.3 muon_lr=0.2
step=53/200 epoch=2 loss=1.2781 head_lr=991.6 muon_lr=0.2
step=54/200 epoch=2 loss=1.2503 head_lr=984.9 muon_lr=0.2
step=55/200 epoch=2 loss=1.2558 head_lr=978.2 muon_lr=0.2
step=56/200 epoch=2 loss=1.2577 head_lr=971.5 muon_lr=0.2
step=57/200 epoch=2 loss=1.2742 head_lr=964.8 muon_lr=0.2
step=58/200 epoch=2 loss=1.2526 head_lr=958.1 muon_lr=0.2
step=59/200 epoch=2 loss=1.2355 head_lr=951.4 muon_lr=0.2
step=60/200 epoch=2 loss=1.2468 head_lr=944.7 muon_lr=0.2
step=61/200 epoch=2 loss=1.2767 head_lr=938 muon_lr=0.2
step=62/200 epoch=2 loss=1.2476 head_lr=931.3 muon_lr=0.2
step=63/200 epoch=2 loss=1.2468 head_lr=924.6 muon_lr=0.2
step=64/200 epoch=2 loss=1.2299 head_lr=917.9 muon_lr=0.2
step=65/200 epoch=2 loss=1.2435 head_lr=911.2 muon_lr=0.2
step=66/200 epoch=2 loss=1.2354 head_lr=904.5 muon_lr=0.2
step=67/200 epoch=2 loss=1.2833 head_lr=897.8 muon_lr=0.2
step=68/200 epoch=2 loss=1.2566 head_lr=891.1 muon_lr=0.2
step=69/200 epoch=2 loss=1.2317 head_lr=884.4 muon_lr=0.2
step=70/200 epoch=2 loss=1.2304 head_lr=877.7 muon_lr=0.2
step=71/200 epoch=2 loss=1.2725 head_lr=871 muon_lr=0.2
step=72/200 epoch=2 loss=1.2636 head_lr=864.3 muon_lr=0.2
step=73/200 epoch=2 loss=1.2532 head_lr=857.6 muon_lr=0.2
step=74/200 epoch=2 loss=1.2350 head_lr=850.9 muon_lr=0.2
step=75/200 epoch=2 loss=1.2428 head_lr=844.2 muon_lr=0.2
eval epoch=2 val_acc=0.6569 time_seconds=3.8840
step=76/200 epoch=3 loss=1.2278 head_lr=837.5 muon_lr=0.2
step=77/200 epoch=3 loss=1.2153 head_lr=830.8 muon_lr=0.2
step=78/200 epoch=3 loss=1.2173 head_lr=824.1 muon_lr=0.2
step=79/200 epoch=3 loss=1.2294 head_lr=817.4 muon_lr=0.2
step=80/200 epoch=3 loss=1.2411 head_lr=810.7 muon_lr=0.2
step=81/200 epoch=3 loss=1.2461 head_lr=804 muon_lr=0.2
step=82/200 epoch=3 loss=1.2083 head_lr=797.3 muon_lr=0.2
step=83/200 epoch=3 loss=1.2205 head_lr=790.6 muon_lr=0.2
step=84/200 epoch=3 loss=1.2330 head_lr=783.9 muon_lr=0.2
step=85/200 epoch=3 loss=1.2542 head_lr=777.2 muon_lr=0.2
step=86/200 epoch=3 loss=1.2170 head_lr=770.5 muon_lr=0.2
step=87/200 epoch=3 loss=1.2002 head_lr=763.8 muon_lr=0.2
step=88/200 epoch=3 loss=1.2138 head_lr=757.1 muon_lr=0.2
step=89/200 epoch=3 loss=1.2131 head_lr=750.4 muon_lr=0.2
step=90/200 epoch=3 loss=1.2251 head_lr=743.7 muon_lr=0.2
step=91/200 epoch=3 loss=1.2174 head_lr=737 muon_lr=0.2
step=92/200 epoch=3 loss=1.2400 head_lr=730.3 muon_lr=0.2
step=93/200 epoch=3 loss=1.2288 head_lr=723.6 muon_lr=0.2
step=94/200 epoch=3 loss=1.2055 head_lr=716.9 muon_lr=0.2
step=95/200 epoch=3 loss=1.2112 head_lr=710.2 muon_lr=0.2
step=96/200 epoch=3 loss=1.2177 head_lr=703.5 muon_lr=0.2
step=97/200 epoch=3 loss=1.2407 head_lr=696.8 muon_lr=0.2
step=98/200 epoch=3 loss=1.1921 head_lr=690.1 muon_lr=0.2
step=99/200 epoch=3 loss=1.2146 head_lr=683.4 muon_lr=0.2
step=100/200 epoch=3 loss=1.2171 head_lr=676.7 muon_lr=0.2
eval epoch=3 val_acc=0.7853 time_seconds=5.0909
step=101/200 epoch=4 loss=1.2256 head_lr=670 muon_lr=0.2
step=102/200 epoch=4 loss=1.2381 head_lr=663.3 muon_lr=0.2
step=103/200 epoch=4 loss=1.2010 head_lr=656.6 muon_lr=0.2
step=104/200 epoch=4 loss=1.1943 head_lr=649.9 muon_lr=0.2
step=105/200 epoch=4 loss=1.2061 head_lr=643.2 muon_lr=0.2
step=106/200 epoch=4 loss=1.2243 head_lr=636.5 muon_lr=0.2
step=107/200 epoch=4 loss=1.2336 head_lr=629.8 muon_lr=0.2
step=108/200 epoch=4 loss=1.1962 head_lr=623.1 muon_lr=0.2
step=109/200 epoch=4 loss=1.2039 head_lr=616.4 muon_lr=0.2
step=110/200 epoch=4 loss=1.2090 head_lr=609.7 muon_lr=0.2
step=111/200 epoch=4 loss=1.2615 head_lr=603 muon_lr=0.2
step=112/200 epoch=4 loss=1.2243 head_lr=596.3 muon_lr=0.2
step=113/200 epoch=4 loss=1.2125 head_lr=589.6 muon_lr=0.2
step=114/200 epoch=4 loss=1.1914 head_lr=582.9 muon_lr=0.2
step=115/200 epoch=4 loss=1.2142 head_lr=576.2 muon_lr=0.2
step=116/200 epoch=4 loss=1.2209 head_lr=569.5 muon_lr=0.2
step=117/200 epoch=4 loss=1.2384 head_lr=562.8 muon_lr=0.2
step=118/200 epoch=4 loss=1.2093 head_lr=556.1 muon_lr=0.2
step=119/200 epoch=4 loss=1.1793 head_lr=549.4 muon_lr=0.2
step=120/200 epoch=4 loss=1.1869 head_lr=542.7 muon_lr=0.2
step=121/200 epoch=4 loss=1.2023 head_lr=536 muon_lr=0.2
step=122/200 epoch=4 loss=1.2277 head_lr=529.3 muon_lr=0.2
step=123/200 epoch=4 loss=1.2089 head_lr=522.6 muon_lr=0.2
step=124/200 epoch=4 loss=1.2116 head_lr=515.9 muon_lr=0.2
step=125/200 epoch=4 loss=1.1977 head_lr=509.2 muon_lr=0.2
eval epoch=4 val_acc=0.7164 time_seconds=6.2952
step=126/200 epoch=5 loss=1.1815 head_lr=502.5 muon_lr=0.2
step=127/200 epoch=5 loss=1.1963 head_lr=495.8 muon_lr=0.2
step=128/200 epoch=5 loss=1.2087 head_lr=489.1 muon_lr=0.2
step=129/200 epoch=5 loss=1.2053 head_lr=482.4 muon_lr=0.2
step=130/200 epoch=5 loss=1.2126 head_lr=475.7 muon_lr=0.2
step=131/200 epoch=5 loss=1.2374 head_lr=469 muon_lr=0.2
step=132/200 epoch=5 loss=1.1928 head_lr=462.3 muon_lr=0.2
step=133/200 epoch=5 loss=1.1978 head_lr=455.6 muon_lr=0.2
step=134/200 epoch=5 loss=1.2183 head_lr=448.9 muon_lr=0.2
step=135/200 epoch=5 loss=1.1934 head_lr=442.2 muon_lr=0.2
step=136/200 epoch=5 loss=1.1930 head_lr=435.5 muon_lr=0.2
step=137/200 epoch=5 loss=1.2151 head_lr=428.8 muon_lr=0.2
step=138/200 epoch=5 loss=1.1992 head_lr=422.1 muon_lr=0.2
step=139/200 epoch=5 loss=1.1893 head_lr=415.4 muon_lr=0.2
step=140/200 epoch=5 loss=1.1932 head_lr=408.7 muon_lr=0.2
step=141/200 epoch=5 loss=1.2248 head_lr=402 muon_lr=0.2
step=142/200 epoch=5 loss=1.2041 head_lr=395.3 muon_lr=0.2
step=143/200 epoch=5 loss=1.2113 head_lr=388.6 muon_lr=0.2
step=144/200 epoch=5 loss=1.1858 head_lr=381.9 muon_lr=0.2
step=145/200 epoch=5 loss=1.2223 head_lr=375.2 muon_lr=0.2
step=146/200 epoch=5 loss=1.2052 head_lr=368.5 muon_lr=0.2
step=147/200 epoch=5 loss=1.2039 head_lr=361.8 muon_lr=0.2
step=148/200 epoch=5 loss=1.1961 head_lr=355.1 muon_lr=0.2
step=149/200 epoch=5 loss=1.1993 head_lr=348.4 muon_lr=0.2
step=150/200 epoch=5 loss=1.2112 head_lr=341.7 muon_lr=0.2
eval epoch=5 val_acc=0.7284 time_seconds=7.5024
step=151/200 epoch=6 loss=1.1889 head_lr=335 muon_lr=0.2
step=152/200 epoch=6 loss=1.1928 head_lr=328.3 muon_lr=0.2
step=153/200 epoch=6 loss=1.1919 head_lr=321.6 muon_lr=0.2
step=154/200 epoch=6 loss=1.2000 head_lr=314.9 muon_lr=0.2
step=155/200 epoch=6 loss=1.1810 head_lr=308.2 muon_lr=0.2
step=156/200 epoch=6 loss=1.1829 head_lr=301.5 muon_lr=0.2
step=157/200 epoch=6 loss=1.1915 head_lr=294.8 muon_lr=0.2
step=158/200 epoch=6 loss=1.1750 head_lr=288.1 muon_lr=0.2
step=159/200 epoch=6 loss=1.1722 head_lr=281.4 muon_lr=0.2
step=160/200 epoch=6 loss=1.1957 head_lr=274.7 muon_lr=0.2
step=161/200 epoch=6 loss=1.2090 head_lr=268 muon_lr=0.2
step=162/200 epoch=6 loss=1.2399 head_lr=261.3 muon_lr=0.2
step=163/200 epoch=6 loss=1.2105 head_lr=254.6 muon_lr=0.2
step=164/200 epoch=6 loss=1.2132 head_lr=247.9 muon_lr=0.2
step=165/200 epoch=6 loss=1.1961 head_lr=241.2 muon_lr=0.2
step=166/200 epoch=6 loss=1.1978 head_lr=234.5 muon_lr=0.2
step=167/200 epoch=6 loss=1.1894 head_lr=227.8 muon_lr=0.2
step=168/200 epoch=6 loss=1.1880 head_lr=221.1 muon_lr=0.2
step=169/200 epoch=6 loss=1.1972 head_lr=214.4 muon_lr=0.2
step=170/200 epoch=6 loss=1.1869 head_lr=207.7 muon_lr=0.2
step=171/200 epoch=6 loss=1.1873 head_lr=201 muon_lr=0.2
step=172/200 epoch=6 loss=1.1965 head_lr=194.3 muon_lr=0.2
step=173/200 epoch=6 loss=1.1864 head_lr=187.6 muon_lr=0.2
step=174/200 epoch=6 loss=1.1906 head_lr=180.9 muon_lr=0.2
step=175/200 epoch=6 loss=1.2239 head_lr=174.2 muon_lr=0.2
eval epoch=6 val_acc=0.7504 time_seconds=8.7079
step=176/200 epoch=7 loss=1.1810 head_lr=167.5 muon_lr=0.2
step=177/200 epoch=7 loss=1.1802 head_lr=160.8 muon_lr=0.2
step=178/200 epoch=7 loss=1.1783 head_lr=154.1 muon_lr=0.2
step=179/200 epoch=7 loss=1.1793 head_lr=147.4 muon_lr=0.2
step=180/200 epoch=7 loss=1.1506 head_lr=140.7 muon_lr=0.2
step=181/200 epoch=7 loss=1.1767 head_lr=134 muon_lr=0.2
step=182/200 epoch=7 loss=1.1873 head_lr=127.3 muon_lr=0.2
step=183/200 epoch=7 loss=1.1983 head_lr=120.6 muon_lr=0.2
step=184/200 epoch=7 loss=1.2196 head_lr=113.9 muon_lr=0.2
step=185/200 epoch=7 loss=1.1844 head_lr=107.2 muon_lr=0.2
step=186/200 epoch=7 loss=1.2032 head_lr=100.5 muon_lr=0.2
step=187/200 epoch=7 loss=1.1774 head_lr=93.8 muon_lr=0.2
step=188/200 epoch=7 loss=1.1826 head_lr=87.1 muon_lr=0.2
step=189/200 epoch=7 loss=1.1874 head_lr=80.4 muon_lr=0.2
step=190/200 epoch=7 loss=1.1901 head_lr=73.7 muon_lr=0.2
step=191/200 epoch=7 loss=1.1679 head_lr=67 muon_lr=0.2
step=192/200 epoch=7 loss=1.1853 head_lr=60.3 muon_lr=0.2
step=193/200 epoch=7 loss=1.1922 head_lr=53.6 muon_lr=0.2
step=194/200 epoch=7 loss=1.1815 head_lr=46.9 muon_lr=0.2
step=195/200 epoch=7 loss=1.1936 head_lr=40.2 muon_lr=0.2
step=196/200 epoch=7 loss=1.1804 head_lr=33.5 muon_lr=0.2
step=197/200 epoch=7 loss=1.1882 head_lr=26.8 muon_lr=0.2
step=198/200 epoch=7 loss=1.1870 head_lr=20.1 muon_lr=0.2
step=199/200 epoch=7 loss=1.1876 head_lr=13.4 muon_lr=0.2
step=200/200 epoch=7 loss=1.1659 head_lr=6.7 muon_lr=0.2
eval epoch=7 val_acc=0.7886 time_seconds=9.9136
eval epoch=final 25batch_train_loss=1.2191 val_acc=0.7886 tta_val_acc=0.8056 time_seconds=10.5281
Run:                16
Seed:               7
Seed group:         different_seed
Batch size:         2000
Muon lr:            0.2
SGD lr mult:        1
25batch train loss: 1.2191
Val acc:            0.7886
TTA val:            0.8056
cifar_reproducibility run=17 seed=8 seed_group=different_seed batch_size=2000 muon_lr=0.2
step=1/200 epoch=0 loss=2.3173 head_lr=1340 muon_lr=0.2
step=2/200 epoch=0 loss=2.3049 head_lr=1333.3 muon_lr=0.2
step=3/200 epoch=0 loss=2.2754 head_lr=1326.6 muon_lr=0.2
step=4/200 epoch=0 loss=2.0857 head_lr=1319.9 muon_lr=0.2
step=5/200 epoch=0 loss=1.9705 head_lr=1313.2 muon_lr=0.2
step=6/200 epoch=0 loss=1.9279 head_lr=1306.5 muon_lr=0.2
step=7/200 epoch=0 loss=1.8538 head_lr=1299.8 muon_lr=0.2
step=8/200 epoch=0 loss=1.7854 head_lr=1293.1 muon_lr=0.2
step=9/200 epoch=0 loss=1.7589 head_lr=1286.4 muon_lr=0.2
step=10/200 epoch=0 loss=1.7371 head_lr=1279.7 muon_lr=0.2
step=11/200 epoch=0 loss=1.6850 head_lr=1273 muon_lr=0.2
step=12/200 epoch=0 loss=1.6503 head_lr=1266.3 muon_lr=0.2
step=13/200 epoch=0 loss=1.6285 head_lr=1259.6 muon_lr=0.2
step=14/200 epoch=0 loss=1.6381 head_lr=1252.9 muon_lr=0.2
step=15/200 epoch=0 loss=1.6202 head_lr=1246.2 muon_lr=0.2
step=16/200 epoch=0 loss=1.5749 head_lr=1239.5 muon_lr=0.2
step=17/200 epoch=0 loss=1.5273 head_lr=1232.8 muon_lr=0.2
step=18/200 epoch=0 loss=1.5066 head_lr=1226.1 muon_lr=0.2
step=19/200 epoch=0 loss=1.5174 head_lr=1219.4 muon_lr=0.2
step=20/200 epoch=0 loss=1.4727 head_lr=1212.7 muon_lr=0.2
step=21/200 epoch=0 loss=1.4595 head_lr=1206 muon_lr=0.2
step=22/200 epoch=0 loss=1.4414 head_lr=1199.3 muon_lr=0.2
step=23/200 epoch=0 loss=1.4279 head_lr=1192.6 muon_lr=0.2
step=24/200 epoch=0 loss=1.4402 head_lr=1185.9 muon_lr=0.2
step=25/200 epoch=0 loss=1.3871 head_lr=1179.2 muon_lr=0.2
eval run=17 epoch=0 val_acc=0.6103 time_seconds=1.2979
step=26/200 epoch=1 loss=1.3925 head_lr=1172.5 muon_lr=0.2
step=27/200 epoch=1 loss=1.3830 head_lr=1165.8 muon_lr=0.2
step=28/200 epoch=1 loss=1.3831 head_lr=1159.1 muon_lr=0.2
step=29/200 epoch=1 loss=1.3968 head_lr=1152.4 muon_lr=0.2
step=30/200 epoch=1 loss=1.3357 head_lr=1145.7 muon_lr=0.2
step=31/200 epoch=1 loss=1.3370 head_lr=1139 muon_lr=0.2
step=32/200 epoch=1 loss=1.3647 head_lr=1132.3 muon_lr=0.2
step=33/200 epoch=1 loss=1.2924 head_lr=1125.6 muon_lr=0.2
step=34/200 epoch=1 loss=1.3702 head_lr=1118.9 muon_lr=0.2
step=35/200 epoch=1 loss=1.3496 head_lr=1112.2 muon_lr=0.2
step=36/200 epoch=1 loss=1.3247 head_lr=1105.5 muon_lr=0.2
step=37/200 epoch=1 loss=1.3344 head_lr=1098.8 muon_lr=0.2
step=38/200 epoch=1 loss=1.3051 head_lr=1092.1 muon_lr=0.2
step=39/200 epoch=1 loss=1.3045 head_lr=1085.4 muon_lr=0.2
step=40/200 epoch=1 loss=1.3167 head_lr=1078.7 muon_lr=0.2
step=41/200 epoch=1 loss=1.3042 head_lr=1072 muon_lr=0.2
step=42/200 epoch=1 loss=1.3264 head_lr=1065.3 muon_lr=0.2
step=43/200 epoch=1 loss=1.2748 head_lr=1058.6 muon_lr=0.2
step=44/200 epoch=1 loss=1.2836 head_lr=1051.9 muon_lr=0.2
step=45/200 epoch=1 loss=1.2845 head_lr=1045.2 muon_lr=0.2
step=46/200 epoch=1 loss=1.2875 head_lr=1038.5 muon_lr=0.2
step=47/200 epoch=1 loss=1.2666 head_lr=1031.8 muon_lr=0.2
step=48/200 epoch=1 loss=1.2916 head_lr=1025.1 muon_lr=0.2
step=49/200 epoch=1 loss=1.2679 head_lr=1018.4 muon_lr=0.2
step=50/200 epoch=1 loss=1.2912 head_lr=1011.7 muon_lr=0.2
eval epoch=1 val_acc=0.5058 time_seconds=2.5934
step=51/200 epoch=2 loss=1.2847 head_lr=1005 muon_lr=0.2
step=52/200 epoch=2 loss=1.2705 head_lr=998.3 muon_lr=0.2
step=53/200 epoch=2 loss=1.2700 head_lr=991.6 muon_lr=0.2
step=54/200 epoch=2 loss=1.2393 head_lr=984.9 muon_lr=0.2
step=55/200 epoch=2 loss=1.2577 head_lr=978.2 muon_lr=0.2
step=56/200 epoch=2 loss=1.2417 head_lr=971.5 muon_lr=0.2
step=57/200 epoch=2 loss=1.2417 head_lr=964.8 muon_lr=0.2
step=58/200 epoch=2 loss=1.2685 head_lr=958.1 muon_lr=0.2
step=59/200 epoch=2 loss=1.2395 head_lr=951.4 muon_lr=0.2
step=60/200 epoch=2 loss=1.2397 head_lr=944.7 muon_lr=0.2
step=61/200 epoch=2 loss=1.2523 head_lr=938 muon_lr=0.2
step=62/200 epoch=2 loss=1.2358 head_lr=931.3 muon_lr=0.2
step=63/200 epoch=2 loss=1.2368 head_lr=924.6 muon_lr=0.2
step=64/200 epoch=2 loss=1.2504 head_lr=917.9 muon_lr=0.2
step=65/200 epoch=2 loss=1.2717 head_lr=911.2 muon_lr=0.2
step=66/200 epoch=2 loss=1.2489 head_lr=904.5 muon_lr=0.2
step=67/200 epoch=2 loss=1.2416 head_lr=897.8 muon_lr=0.2
step=68/200 epoch=2 loss=1.2442 head_lr=891.1 muon_lr=0.2
step=69/200 epoch=2 loss=1.2760 head_lr=884.4 muon_lr=0.2
step=70/200 epoch=2 loss=1.2336 head_lr=877.7 muon_lr=0.2
step=71/200 epoch=2 loss=1.2176 head_lr=871 muon_lr=0.2
step=72/200 epoch=2 loss=1.2789 head_lr=864.3 muon_lr=0.2
step=73/200 epoch=2 loss=1.2403 head_lr=857.6 muon_lr=0.2
step=74/200 epoch=2 loss=1.2473 head_lr=850.9 muon_lr=0.2
step=75/200 epoch=2 loss=1.2444 head_lr=844.2 muon_lr=0.2
eval epoch=2 val_acc=0.6991 time_seconds=3.8873
step=76/200 epoch=3 loss=1.2344 head_lr=837.5 muon_lr=0.2
step=77/200 epoch=3 loss=1.2192 head_lr=830.8 muon_lr=0.2
step=78/200 epoch=3 loss=1.2348 head_lr=824.1 muon_lr=0.2
step=79/200 epoch=3 loss=1.2492 head_lr=817.4 muon_lr=0.2
step=80/200 epoch=3 loss=1.2597 head_lr=810.7 muon_lr=0.2
step=81/200 epoch=3 loss=1.2237 head_lr=804 muon_lr=0.2
step=82/200 epoch=3 loss=1.2037 head_lr=797.3 muon_lr=0.2
step=83/200 epoch=3 loss=1.2188 head_lr=790.6 muon_lr=0.2
step=84/200 epoch=3 loss=1.2309 head_lr=783.9 muon_lr=0.2
step=85/200 epoch=3 loss=1.2265 head_lr=777.2 muon_lr=0.2
step=86/200 epoch=3 loss=1.2011 head_lr=770.5 muon_lr=0.2
step=87/200 epoch=3 loss=1.2253 head_lr=763.8 muon_lr=0.2
step=88/200 epoch=3 loss=1.2274 head_lr=757.1 muon_lr=0.2
step=89/200 epoch=3 loss=1.2157 head_lr=750.4 muon_lr=0.2
step=90/200 epoch=3 loss=1.2191 head_lr=743.7 muon_lr=0.2
step=91/200 epoch=3 loss=1.1992 head_lr=737 muon_lr=0.2
step=92/200 epoch=3 loss=1.2374 head_lr=730.3 muon_lr=0.2
step=93/200 epoch=3 loss=1.2568 head_lr=723.6 muon_lr=0.2
step=94/200 epoch=3 loss=1.1907 head_lr=716.9 muon_lr=0.2
step=95/200 epoch=3 loss=1.2033 head_lr=710.2 muon_lr=0.2
step=96/200 epoch=3 loss=1.2319 head_lr=703.5 muon_lr=0.2
step=97/200 epoch=3 loss=1.2140 head_lr=696.8 muon_lr=0.2
step=98/200 epoch=3 loss=1.2156 head_lr=690.1 muon_lr=0.2
step=99/200 epoch=3 loss=1.2041 head_lr=683.4 muon_lr=0.2
step=100/200 epoch=3 loss=1.2423 head_lr=676.7 muon_lr=0.2
eval epoch=3 val_acc=0.7481 time_seconds=5.0952
step=101/200 epoch=4 loss=1.2124 head_lr=670 muon_lr=0.2
step=102/200 epoch=4 loss=1.2450 head_lr=663.3 muon_lr=0.2
step=103/200 epoch=4 loss=1.2186 head_lr=656.6 muon_lr=0.2
step=104/200 epoch=4 loss=1.2300 head_lr=649.9 muon_lr=0.2
step=105/200 epoch=4 loss=1.1807 head_lr=643.2 muon_lr=0.2
step=106/200 epoch=4 loss=1.1950 head_lr=636.5 muon_lr=0.2
step=107/200 epoch=4 loss=1.2058 head_lr=629.8 muon_lr=0.2
step=108/200 epoch=4 loss=1.2123 head_lr=623.1 muon_lr=0.2
step=109/200 epoch=4 loss=1.2190 head_lr=616.4 muon_lr=0.2
step=110/200 epoch=4 loss=1.2031 head_lr=609.7 muon_lr=0.2
step=111/200 epoch=4 loss=1.2453 head_lr=603 muon_lr=0.2
step=112/200 epoch=4 loss=1.2277 head_lr=596.3 muon_lr=0.2
step=113/200 epoch=4 loss=1.2007 head_lr=589.6 muon_lr=0.2
step=114/200 epoch=4 loss=1.2012 head_lr=582.9 muon_lr=0.2
step=115/200 epoch=4 loss=1.2204 head_lr=576.2 muon_lr=0.2
step=116/200 epoch=4 loss=1.2208 head_lr=569.5 muon_lr=0.2
step=117/200 epoch=4 loss=1.2025 head_lr=562.8 muon_lr=0.2
step=118/200 epoch=4 loss=1.1888 head_lr=556.1 muon_lr=0.2
step=119/200 epoch=4 loss=1.2007 head_lr=549.4 muon_lr=0.2
step=120/200 epoch=4 loss=1.2411 head_lr=542.7 muon_lr=0.2
step=121/200 epoch=4 loss=1.2298 head_lr=536 muon_lr=0.2
step=122/200 epoch=4 loss=1.2333 head_lr=529.3 muon_lr=0.2
step=123/200 epoch=4 loss=1.2099 head_lr=522.6 muon_lr=0.2
step=124/200 epoch=4 loss=1.2153 head_lr=515.9 muon_lr=0.2
step=125/200 epoch=4 loss=1.1978 head_lr=509.2 muon_lr=0.2
eval epoch=4 val_acc=0.7634 time_seconds=6.2990
step=126/200 epoch=5 loss=1.1917 head_lr=502.5 muon_lr=0.2
step=127/200 epoch=5 loss=1.1967 head_lr=495.8 muon_lr=0.2
step=128/200 epoch=5 loss=1.2012 head_lr=489.1 muon_lr=0.2
step=129/200 epoch=5 loss=1.2018 head_lr=482.4 muon_lr=0.2
step=130/200 epoch=5 loss=1.2137 head_lr=475.7 muon_lr=0.2
step=131/200 epoch=5 loss=1.2147 head_lr=469 muon_lr=0.2
step=132/200 epoch=5 loss=1.1804 head_lr=462.3 muon_lr=0.2
step=133/200 epoch=5 loss=1.1843 head_lr=455.6 muon_lr=0.2
step=134/200 epoch=5 loss=1.2083 head_lr=448.9 muon_lr=0.2
step=135/200 epoch=5 loss=1.2095 head_lr=442.2 muon_lr=0.2
step=136/200 epoch=5 loss=1.1973 head_lr=435.5 muon_lr=0.2
step=137/200 epoch=5 loss=1.1806 head_lr=428.8 muon_lr=0.2
step=138/200 epoch=5 loss=1.1901 head_lr=422.1 muon_lr=0.2
step=139/200 epoch=5 loss=1.2117 head_lr=415.4 muon_lr=0.2
step=140/200 epoch=5 loss=1.1929 head_lr=408.7 muon_lr=0.2
step=141/200 epoch=5 loss=1.1835 head_lr=402 muon_lr=0.2
step=142/200 epoch=5 loss=1.1898 head_lr=395.3 muon_lr=0.2
step=143/200 epoch=5 loss=1.1813 head_lr=388.6 muon_lr=0.2
step=144/200 epoch=5 loss=1.2024 head_lr=381.9 muon_lr=0.2
step=145/200 epoch=5 loss=1.2428 head_lr=375.2 muon_lr=0.2
step=146/200 epoch=5 loss=1.2129 head_lr=368.5 muon_lr=0.2
step=147/200 epoch=5 loss=1.1982 head_lr=361.8 muon_lr=0.2
step=148/200 epoch=5 loss=1.2053 head_lr=355.1 muon_lr=0.2
step=149/200 epoch=5 loss=1.1909 head_lr=348.4 muon_lr=0.2
step=150/200 epoch=5 loss=1.2138 head_lr=341.7 muon_lr=0.2
eval epoch=5 val_acc=0.7527 time_seconds=7.5048
step=151/200 epoch=6 loss=1.2042 head_lr=335 muon_lr=0.2
step=152/200 epoch=6 loss=1.1851 head_lr=328.3 muon_lr=0.2
step=153/200 epoch=6 loss=1.1970 head_lr=321.6 muon_lr=0.2
step=154/200 epoch=6 loss=1.1851 head_lr=314.9 muon_lr=0.2
step=155/200 epoch=6 loss=1.1675 head_lr=308.2 muon_lr=0.2
step=156/200 epoch=6 loss=1.1976 head_lr=301.5 muon_lr=0.2
step=157/200 epoch=6 loss=1.2069 head_lr=294.8 muon_lr=0.2
step=158/200 epoch=6 loss=1.1897 head_lr=288.1 muon_lr=0.2
step=159/200 epoch=6 loss=1.2020 head_lr=281.4 muon_lr=0.2
step=160/200 epoch=6 loss=1.2217 head_lr=274.7 muon_lr=0.2
step=161/200 epoch=6 loss=1.1989 head_lr=268 muon_lr=0.2
step=162/200 epoch=6 loss=1.1837 head_lr=261.3 muon_lr=0.2
step=163/200 epoch=6 loss=1.1919 head_lr=254.6 muon_lr=0.2
step=164/200 epoch=6 loss=1.1845 head_lr=247.9 muon_lr=0.2
step=165/200 epoch=6 loss=1.1966 head_lr=241.2 muon_lr=0.2
step=166/200 epoch=6 loss=1.2239 head_lr=234.5 muon_lr=0.2
step=167/200 epoch=6 loss=1.1903 head_lr=227.8 muon_lr=0.2
step=168/200 epoch=6 loss=1.1767 head_lr=221.1 muon_lr=0.2
step=169/200 epoch=6 loss=1.1878 head_lr=214.4 muon_lr=0.2
step=170/200 epoch=6 loss=1.1798 head_lr=207.7 muon_lr=0.2
step=171/200 epoch=6 loss=1.1980 head_lr=201 muon_lr=0.2
step=172/200 epoch=6 loss=1.2081 head_lr=194.3 muon_lr=0.2
step=173/200 epoch=6 loss=1.1969 head_lr=187.6 muon_lr=0.2
step=174/200 epoch=6 loss=1.2044 head_lr=180.9 muon_lr=0.2
step=175/200 epoch=6 loss=1.2036 head_lr=174.2 muon_lr=0.2
eval epoch=6 val_acc=0.8046 time_seconds=8.7103
step=176/200 epoch=7 loss=1.2133 head_lr=167.5 muon_lr=0.2
step=177/200 epoch=7 loss=1.1784 head_lr=160.8 muon_lr=0.2
step=178/200 epoch=7 loss=1.1725 head_lr=154.1 muon_lr=0.2
step=179/200 epoch=7 loss=1.1996 head_lr=147.4 muon_lr=0.2
step=180/200 epoch=7 loss=1.1858 head_lr=140.7 muon_lr=0.2
step=181/200 epoch=7 loss=1.1750 head_lr=134 muon_lr=0.2
step=182/200 epoch=7 loss=1.1848 head_lr=127.3 muon_lr=0.2
step=183/200 epoch=7 loss=1.1923 head_lr=120.6 muon_lr=0.2
step=184/200 epoch=7 loss=1.1750 head_lr=113.9 muon_lr=0.2
step=185/200 epoch=7 loss=1.1907 head_lr=107.2 muon_lr=0.2
step=186/200 epoch=7 loss=1.1867 head_lr=100.5 muon_lr=0.2
step=187/200 epoch=7 loss=1.2021 head_lr=93.8 muon_lr=0.2
step=188/200 epoch=7 loss=1.1774 head_lr=87.1 muon_lr=0.2
step=189/200 epoch=7 loss=1.1968 head_lr=80.4 muon_lr=0.2
step=190/200 epoch=7 loss=1.1883 head_lr=73.7 muon_lr=0.2
step=191/200 epoch=7 loss=1.2056 head_lr=67 muon_lr=0.2
step=192/200 epoch=7 loss=1.1996 head_lr=60.3 muon_lr=0.2
step=193/200 epoch=7 loss=1.1796 head_lr=53.6 muon_lr=0.2
step=194/200 epoch=7 loss=1.1714 head_lr=46.9 muon_lr=0.2
step=195/200 epoch=7 loss=1.1902 head_lr=40.2 muon_lr=0.2
step=196/200 epoch=7 loss=1.1699 head_lr=33.5 muon_lr=0.2
step=197/200 epoch=7 loss=1.2211 head_lr=26.8 muon_lr=0.2
step=198/200 epoch=7 loss=1.2008 head_lr=20.1 muon_lr=0.2
step=199/200 epoch=7 loss=1.1749 head_lr=13.4 muon_lr=0.2
step=200/200 epoch=7 loss=1.2078 head_lr=6.7 muon_lr=0.2
eval epoch=7 val_acc=0.7585 time_seconds=9.9181
eval epoch=final 25batch_train_loss=1.2510 val_acc=0.7585 tta_val_acc=0.7806 time_seconds=10.5301
Run:                17
Seed:               8
Seed group:         different_seed
Batch size:         2000
Muon lr:            0.2
SGD lr mult:        1
25batch train loss: 1.2510
Val acc:            0.7585
TTA val:            0.7806
cifar_reproducibility run=18 seed=9 seed_group=different_seed batch_size=2000 muon_lr=0.2
step=1/200 epoch=0 loss=2.3179 head_lr=1340 muon_lr=0.2
step=2/200 epoch=0 loss=2.2961 head_lr=1333.3 muon_lr=0.2
step=3/200 epoch=0 loss=2.2701 head_lr=1326.6 muon_lr=0.2
step=4/200 epoch=0 loss=2.0770 head_lr=1319.9 muon_lr=0.2
step=5/200 epoch=0 loss=1.9395 head_lr=1313.2 muon_lr=0.2
step=6/200 epoch=0 loss=1.8737 head_lr=1306.5 muon_lr=0.2
step=7/200 epoch=0 loss=1.8930 head_lr=1299.8 muon_lr=0.2
step=8/200 epoch=0 loss=1.8138 head_lr=1293.1 muon_lr=0.2
step=9/200 epoch=0 loss=1.7688 head_lr=1286.4 muon_lr=0.2
step=10/200 epoch=0 loss=1.7611 head_lr=1279.7 muon_lr=0.2
step=11/200 epoch=0 loss=1.6886 head_lr=1273 muon_lr=0.2
step=12/200 epoch=0 loss=1.6557 head_lr=1266.3 muon_lr=0.2
step=13/200 epoch=0 loss=1.6289 head_lr=1259.6 muon_lr=0.2
step=14/200 epoch=0 loss=1.5497 head_lr=1252.9 muon_lr=0.2
step=15/200 epoch=0 loss=1.5727 head_lr=1246.2 muon_lr=0.2
step=16/200 epoch=0 loss=1.5839 head_lr=1239.5 muon_lr=0.2
step=17/200 epoch=0 loss=1.5370 head_lr=1232.8 muon_lr=0.2
step=18/200 epoch=0 loss=1.5008 head_lr=1226.1 muon_lr=0.2
step=19/200 epoch=0 loss=1.4829 head_lr=1219.4 muon_lr=0.2
step=20/200 epoch=0 loss=1.4431 head_lr=1212.7 muon_lr=0.2
step=21/200 epoch=0 loss=1.4540 head_lr=1206 muon_lr=0.2
step=22/200 epoch=0 loss=1.4503 head_lr=1199.3 muon_lr=0.2
step=23/200 epoch=0 loss=1.4067 head_lr=1192.6 muon_lr=0.2
step=24/200 epoch=0 loss=1.4094 head_lr=1185.9 muon_lr=0.2
step=25/200 epoch=0 loss=1.4166 head_lr=1179.2 muon_lr=0.2
eval run=18 epoch=0 val_acc=0.6016 time_seconds=1.2976
step=26/200 epoch=1 loss=1.3703 head_lr=1172.5 muon_lr=0.2
step=27/200 epoch=1 loss=1.3697 head_lr=1165.8 muon_lr=0.2
step=28/200 epoch=1 loss=1.3498 head_lr=1159.1 muon_lr=0.2
step=29/200 epoch=1 loss=1.3468 head_lr=1152.4 muon_lr=0.2
step=30/200 epoch=1 loss=1.3527 head_lr=1145.7 muon_lr=0.2
step=31/200 epoch=1 loss=1.3427 head_lr=1139 muon_lr=0.2
step=32/200 epoch=1 loss=1.3412 head_lr=1132.3 muon_lr=0.2
step=33/200 epoch=1 loss=1.3461 head_lr=1125.6 muon_lr=0.2
step=34/200 epoch=1 loss=1.3207 head_lr=1118.9 muon_lr=0.2
step=35/200 epoch=1 loss=1.3025 head_lr=1112.2 muon_lr=0.2
step=36/200 epoch=1 loss=1.3375 head_lr=1105.5 muon_lr=0.2
step=37/200 epoch=1 loss=1.2940 head_lr=1098.8 muon_lr=0.2
step=38/200 epoch=1 loss=1.3016 head_lr=1092.1 muon_lr=0.2
step=39/200 epoch=1 loss=1.2851 head_lr=1085.4 muon_lr=0.2
step=40/200 epoch=1 loss=1.2941 head_lr=1078.7 muon_lr=0.2
step=41/200 epoch=1 loss=1.3044 head_lr=1072 muon_lr=0.2
step=42/200 epoch=1 loss=1.3165 head_lr=1065.3 muon_lr=0.2
step=43/200 epoch=1 loss=1.2763 head_lr=1058.6 muon_lr=0.2
step=44/200 epoch=1 loss=1.2946 head_lr=1051.9 muon_lr=0.2
step=45/200 epoch=1 loss=1.2979 head_lr=1045.2 muon_lr=0.2
step=46/200 epoch=1 loss=1.2866 head_lr=1038.5 muon_lr=0.2
step=47/200 epoch=1 loss=1.3129 head_lr=1031.8 muon_lr=0.2
step=48/200 epoch=1 loss=1.2485 head_lr=1025.1 muon_lr=0.2
step=49/200 epoch=1 loss=1.2747 head_lr=1018.4 muon_lr=0.2
step=50/200 epoch=1 loss=1.2971 head_lr=1011.7 muon_lr=0.2
eval epoch=1 val_acc=0.6015 time_seconds=2.5924
step=51/200 epoch=2 loss=1.2621 head_lr=1005 muon_lr=0.2
step=52/200 epoch=2 loss=1.2656 head_lr=998.3 muon_lr=0.2
step=53/200 epoch=2 loss=1.2906 head_lr=991.6 muon_lr=0.2
step=54/200 epoch=2 loss=1.2392 head_lr=984.9 muon_lr=0.2
step=55/200 epoch=2 loss=1.2378 head_lr=978.2 muon_lr=0.2
step=56/200 epoch=2 loss=1.2656 head_lr=971.5 muon_lr=0.2
step=57/200 epoch=2 loss=1.2721 head_lr=964.8 muon_lr=0.2
step=58/200 epoch=2 loss=1.2588 head_lr=958.1 muon_lr=0.2
step=59/200 epoch=2 loss=1.2302 head_lr=951.4 muon_lr=0.2
step=60/200 epoch=2 loss=1.2615 head_lr=944.7 muon_lr=0.2
step=61/200 epoch=2 loss=1.2609 head_lr=938 muon_lr=0.2
step=62/200 epoch=2 loss=1.2585 head_lr=931.3 muon_lr=0.2
step=63/200 epoch=2 loss=1.2610 head_lr=924.6 muon_lr=0.2
step=64/200 epoch=2 loss=1.2720 head_lr=917.9 muon_lr=0.2
step=65/200 epoch=2 loss=1.2347 head_lr=911.2 muon_lr=0.2
step=66/200 epoch=2 loss=1.2240 head_lr=904.5 muon_lr=0.2
step=67/200 epoch=2 loss=1.2250 head_lr=897.8 muon_lr=0.2
step=68/200 epoch=2 loss=1.2304 head_lr=891.1 muon_lr=0.2
step=69/200 epoch=2 loss=1.2293 head_lr=884.4 muon_lr=0.2
step=70/200 epoch=2 loss=1.2490 head_lr=877.7 muon_lr=0.2
step=71/200 epoch=2 loss=1.2563 head_lr=871 muon_lr=0.2
step=72/200 epoch=2 loss=1.2816 head_lr=864.3 muon_lr=0.2
step=73/200 epoch=2 loss=1.2446 head_lr=857.6 muon_lr=0.2
step=74/200 epoch=2 loss=1.2540 head_lr=850.9 muon_lr=0.2
step=75/200 epoch=2 loss=1.2183 head_lr=844.2 muon_lr=0.2
eval epoch=2 val_acc=0.7338 time_seconds=3.8876
step=76/200 epoch=3 loss=1.2139 head_lr=837.5 muon_lr=0.2
step=77/200 epoch=3 loss=1.2290 head_lr=830.8 muon_lr=0.2
step=78/200 epoch=3 loss=1.2427 head_lr=824.1 muon_lr=0.2
step=79/200 epoch=3 loss=1.2293 head_lr=817.4 muon_lr=0.2
step=80/200 epoch=3 loss=1.2260 head_lr=810.7 muon_lr=0.2
step=81/200 epoch=3 loss=1.2214 head_lr=804 muon_lr=0.2
step=82/200 epoch=3 loss=1.2393 head_lr=797.3 muon_lr=0.2
step=83/200 epoch=3 loss=1.2124 head_lr=790.6 muon_lr=0.2
step=84/200 epoch=3 loss=1.2049 head_lr=783.9 muon_lr=0.2
step=85/200 epoch=3 loss=1.2282 head_lr=777.2 muon_lr=0.2
step=86/200 epoch=3 loss=1.2396 head_lr=770.5 muon_lr=0.2
step=87/200 epoch=3 loss=1.2141 head_lr=763.8 muon_lr=0.2
step=88/200 epoch=3 loss=1.2325 head_lr=757.1 muon_lr=0.2
step=89/200 epoch=3 loss=1.2495 head_lr=750.4 muon_lr=0.2
step=90/200 epoch=3 loss=1.2260 head_lr=743.7 muon_lr=0.2
step=91/200 epoch=3 loss=1.2175 head_lr=737 muon_lr=0.2
step=92/200 epoch=3 loss=1.2014 head_lr=730.3 muon_lr=0.2
step=93/200 epoch=3 loss=1.2037 head_lr=723.6 muon_lr=0.2
step=94/200 epoch=3 loss=1.2042 head_lr=716.9 muon_lr=0.2
step=95/200 epoch=3 loss=1.2282 head_lr=710.2 muon_lr=0.2
step=96/200 epoch=3 loss=1.2323 head_lr=703.5 muon_lr=0.2
step=97/200 epoch=3 loss=1.2142 head_lr=696.8 muon_lr=0.2
step=98/200 epoch=3 loss=1.2243 head_lr=690.1 muon_lr=0.2
step=99/200 epoch=3 loss=1.2146 head_lr=683.4 muon_lr=0.2
step=100/200 epoch=3 loss=1.2032 head_lr=676.7 muon_lr=0.2
eval epoch=3 val_acc=0.7636 time_seconds=5.0921
step=101/200 epoch=4 loss=1.2145 head_lr=670 muon_lr=0.2
step=102/200 epoch=4 loss=1.2213 head_lr=663.3 muon_lr=0.2
step=103/200 epoch=4 loss=1.2232 head_lr=656.6 muon_lr=0.2
step=104/200 epoch=4 loss=1.2168 head_lr=649.9 muon_lr=0.2
step=105/200 epoch=4 loss=1.2351 head_lr=643.2 muon_lr=0.2
step=106/200 epoch=4 loss=1.2259 head_lr=636.5 muon_lr=0.2
step=107/200 epoch=4 loss=1.2164 head_lr=629.8 muon_lr=0.2
step=108/200 epoch=4 loss=1.2055 head_lr=623.1 muon_lr=0.2
step=109/200 epoch=4 loss=1.1871 head_lr=616.4 muon_lr=0.2
step=110/200 epoch=4 loss=1.2420 head_lr=609.7 muon_lr=0.2
step=111/200 epoch=4 loss=1.1844 head_lr=603 muon_lr=0.2
step=112/200 epoch=4 loss=1.2074 head_lr=596.3 muon_lr=0.2
step=113/200 epoch=4 loss=1.2282 head_lr=589.6 muon_lr=0.2
step=114/200 epoch=4 loss=1.2127 head_lr=582.9 muon_lr=0.2
step=115/200 epoch=4 loss=1.2054 head_lr=576.2 muon_lr=0.2
step=116/200 epoch=4 loss=1.2378 head_lr=569.5 muon_lr=0.2
step=117/200 epoch=4 loss=1.2007 head_lr=562.8 muon_lr=0.2
step=118/200 epoch=4 loss=1.2050 head_lr=556.1 muon_lr=0.2
step=119/200 epoch=4 loss=1.2080 head_lr=549.4 muon_lr=0.2
step=120/200 epoch=4 loss=1.2286 head_lr=542.7 muon_lr=0.2
step=121/200 epoch=4 loss=1.2239 head_lr=536 muon_lr=0.2
step=122/200 epoch=4 loss=1.2116 head_lr=529.3 muon_lr=0.2
step=123/200 epoch=4 loss=1.2005 head_lr=522.6 muon_lr=0.2
step=124/200 epoch=4 loss=1.1820 head_lr=515.9 muon_lr=0.2
step=125/200 epoch=4 loss=1.2248 head_lr=509.2 muon_lr=0.2
eval epoch=4 val_acc=0.7502 time_seconds=6.2982
step=126/200 epoch=5 loss=1.1974 head_lr=502.5 muon_lr=0.2
step=127/200 epoch=5 loss=1.1845 head_lr=495.8 muon_lr=0.2
step=128/200 epoch=5 loss=1.1894 head_lr=489.1 muon_lr=0.2
step=129/200 epoch=5 loss=1.1931 head_lr=482.4 muon_lr=0.2
step=130/200 epoch=5 loss=1.2081 head_lr=475.7 muon_lr=0.2
step=131/200 epoch=5 loss=1.2088 head_lr=469 muon_lr=0.2
step=132/200 epoch=5 loss=1.1930 head_lr=462.3 muon_lr=0.2
step=133/200 epoch=5 loss=1.2142 head_lr=455.6 muon_lr=0.2
step=134/200 epoch=5 loss=1.2043 head_lr=448.9 muon_lr=0.2
step=135/200 epoch=5 loss=1.2007 head_lr=442.2 muon_lr=0.2
step=136/200 epoch=5 loss=1.1736 head_lr=435.5 muon_lr=0.2
step=137/200 epoch=5 loss=1.1947 head_lr=428.8 muon_lr=0.2
step=138/200 epoch=5 loss=1.1960 head_lr=422.1 muon_lr=0.2
step=139/200 epoch=5 loss=1.2045 head_lr=415.4 muon_lr=0.2
step=140/200 epoch=5 loss=1.1928 head_lr=408.7 muon_lr=0.2
step=141/200 epoch=5 loss=1.2522 head_lr=402 muon_lr=0.2
step=142/200 epoch=5 loss=1.1913 head_lr=395.3 muon_lr=0.2
step=143/200 epoch=5 loss=1.1797 head_lr=388.6 muon_lr=0.2
step=144/200 epoch=5 loss=1.2132 head_lr=381.9 muon_lr=0.2
step=145/200 epoch=5 loss=1.2188 head_lr=375.2 muon_lr=0.2
step=146/200 epoch=5 loss=1.2228 head_lr=368.5 muon_lr=0.2
step=147/200 epoch=5 loss=1.2055 head_lr=361.8 muon_lr=0.2
step=148/200 epoch=5 loss=1.2067 head_lr=355.1 muon_lr=0.2
step=149/200 epoch=5 loss=1.2046 head_lr=348.4 muon_lr=0.2
step=150/200 epoch=5 loss=1.2043 head_lr=341.7 muon_lr=0.2
eval epoch=5 val_acc=0.7946 time_seconds=7.5045
step=151/200 epoch=6 loss=1.1675 head_lr=335 muon_lr=0.2
step=152/200 epoch=6 loss=1.2071 head_lr=328.3 muon_lr=0.2
step=153/200 epoch=6 loss=1.2207 head_lr=321.6 muon_lr=0.2
step=154/200 epoch=6 loss=1.1867 head_lr=314.9 muon_lr=0.2
step=155/200 epoch=6 loss=1.1741 head_lr=308.2 muon_lr=0.2
step=156/200 epoch=6 loss=1.1774 head_lr=301.5 muon_lr=0.2
step=157/200 epoch=6 loss=1.1890 head_lr=294.8 muon_lr=0.2
step=158/200 epoch=6 loss=1.1896 head_lr=288.1 muon_lr=0.2
step=159/200 epoch=6 loss=1.1952 head_lr=281.4 muon_lr=0.2
step=160/200 epoch=6 loss=1.1749 head_lr=274.7 muon_lr=0.2
step=161/200 epoch=6 loss=1.2093 head_lr=268 muon_lr=0.2
step=162/200 epoch=6 loss=1.2158 head_lr=261.3 muon_lr=0.2
step=163/200 epoch=6 loss=1.1919 head_lr=254.6 muon_lr=0.2
step=164/200 epoch=6 loss=1.2164 head_lr=247.9 muon_lr=0.2
step=165/200 epoch=6 loss=1.2037 head_lr=241.2 muon_lr=0.2
step=166/200 epoch=6 loss=1.1834 head_lr=234.5 muon_lr=0.2
step=167/200 epoch=6 loss=1.1787 head_lr=227.8 muon_lr=0.2
step=168/200 epoch=6 loss=1.1790 head_lr=221.1 muon_lr=0.2
step=169/200 epoch=6 loss=1.1929 head_lr=214.4 muon_lr=0.2
step=170/200 epoch=6 loss=1.2114 head_lr=207.7 muon_lr=0.2
step=171/200 epoch=6 loss=1.1935 head_lr=201 muon_lr=0.2
step=172/200 epoch=6 loss=1.2056 head_lr=194.3 muon_lr=0.2
step=173/200 epoch=6 loss=1.1958 head_lr=187.6 muon_lr=0.2
step=174/200 epoch=6 loss=1.1821 head_lr=180.9 muon_lr=0.2
step=175/200 epoch=6 loss=1.2069 head_lr=174.2 muon_lr=0.2
eval epoch=6 val_acc=0.7290 time_seconds=8.7097
step=176/200 epoch=7 loss=1.1741 head_lr=167.5 muon_lr=0.2
step=177/200 epoch=7 loss=1.2051 head_lr=160.8 muon_lr=0.2
step=178/200 epoch=7 loss=1.1749 head_lr=154.1 muon_lr=0.2
step=179/200 epoch=7 loss=1.1921 head_lr=147.4 muon_lr=0.2
step=180/200 epoch=7 loss=1.1816 head_lr=140.7 muon_lr=0.2
step=181/200 epoch=7 loss=1.1693 head_lr=134 muon_lr=0.2
step=182/200 epoch=7 loss=1.1618 head_lr=127.3 muon_lr=0.2
step=183/200 epoch=7 loss=1.1602 head_lr=120.6 muon_lr=0.2
step=184/200 epoch=7 loss=1.1994 head_lr=113.9 muon_lr=0.2
step=185/200 epoch=7 loss=1.2076 head_lr=107.2 muon_lr=0.2
step=186/200 epoch=7 loss=1.1960 head_lr=100.5 muon_lr=0.2
step=187/200 epoch=7 loss=1.1996 head_lr=93.8 muon_lr=0.2
step=188/200 epoch=7 loss=1.1981 head_lr=87.1 muon_lr=0.2
step=189/200 epoch=7 loss=1.2038 head_lr=80.4 muon_lr=0.2
step=190/200 epoch=7 loss=1.1737 head_lr=73.7 muon_lr=0.2
step=191/200 epoch=7 loss=1.1875 head_lr=67 muon_lr=0.2
step=192/200 epoch=7 loss=1.1948 head_lr=60.3 muon_lr=0.2
step=193/200 epoch=7 loss=1.1689 head_lr=53.6 muon_lr=0.2
step=194/200 epoch=7 loss=1.1825 head_lr=46.9 muon_lr=0.2
step=195/200 epoch=7 loss=1.1945 head_lr=40.2 muon_lr=0.2
step=196/200 epoch=7 loss=1.1847 head_lr=33.5 muon_lr=0.2
step=197/200 epoch=7 loss=1.1692 head_lr=26.8 muon_lr=0.2
step=198/200 epoch=7 loss=1.1951 head_lr=20.1 muon_lr=0.2
step=199/200 epoch=7 loss=1.2005 head_lr=13.4 muon_lr=0.2
step=200/200 epoch=7 loss=1.1872 head_lr=6.7 muon_lr=0.2
eval epoch=7 val_acc=0.6719 time_seconds=9.9153
eval epoch=final 25batch_train_loss=1.3891 val_acc=0.6719 tta_val_acc=0.6904 time_seconds=10.5283
Run:                18
Seed:               9
Seed group:         different_seed
Batch size:         2000
Muon lr:            0.2
SGD lr mult:        1
25batch train loss: 1.3891
Val acc:            0.6719
TTA val:            0.6904
cifar_reproducibility run=19 seed=10 seed_group=different_seed batch_size=2000 muon_lr=0.2
step=1/200 epoch=0 loss=2.3046 head_lr=1340 muon_lr=0.2
step=2/200 epoch=0 loss=2.3273 head_lr=1333.3 muon_lr=0.2
step=3/200 epoch=0 loss=2.2542 head_lr=1326.6 muon_lr=0.2
step=4/200 epoch=0 loss=2.0438 head_lr=1319.9 muon_lr=0.2
step=5/200 epoch=0 loss=1.9283 head_lr=1313.2 muon_lr=0.2
step=6/200 epoch=0 loss=1.8418 head_lr=1306.5 muon_lr=0.2
step=7/200 epoch=0 loss=1.8421 head_lr=1299.8 muon_lr=0.2
step=8/200 epoch=0 loss=1.8196 head_lr=1293.1 muon_lr=0.2
step=9/200 epoch=0 loss=1.7278 head_lr=1286.4 muon_lr=0.2
step=10/200 epoch=0 loss=1.7651 head_lr=1279.7 muon_lr=0.2
step=11/200 epoch=0 loss=1.6869 head_lr=1273 muon_lr=0.2
step=12/200 epoch=0 loss=1.6681 head_lr=1266.3 muon_lr=0.2
step=13/200 epoch=0 loss=1.6659 head_lr=1259.6 muon_lr=0.2
step=14/200 epoch=0 loss=1.6196 head_lr=1252.9 muon_lr=0.2
step=15/200 epoch=0 loss=1.5529 head_lr=1246.2 muon_lr=0.2
step=16/200 epoch=0 loss=1.5454 head_lr=1239.5 muon_lr=0.2
step=17/200 epoch=0 loss=1.4952 head_lr=1232.8 muon_lr=0.2
step=18/200 epoch=0 loss=1.4818 head_lr=1226.1 muon_lr=0.2
step=19/200 epoch=0 loss=1.4941 head_lr=1219.4 muon_lr=0.2
step=20/200 epoch=0 loss=1.4646 head_lr=1212.7 muon_lr=0.2
step=21/200 epoch=0 loss=1.4054 head_lr=1206 muon_lr=0.2
step=22/200 epoch=0 loss=1.4336 head_lr=1199.3 muon_lr=0.2
step=23/200 epoch=0 loss=1.4421 head_lr=1192.6 muon_lr=0.2
step=24/200 epoch=0 loss=1.3655 head_lr=1185.9 muon_lr=0.2
step=25/200 epoch=0 loss=1.3800 head_lr=1179.2 muon_lr=0.2
eval run=19 epoch=0 val_acc=0.5422 time_seconds=1.2963
step=26/200 epoch=1 loss=1.3833 head_lr=1172.5 muon_lr=0.2
step=27/200 epoch=1 loss=1.3655 head_lr=1165.8 muon_lr=0.2
step=28/200 epoch=1 loss=1.3660 head_lr=1159.1 muon_lr=0.2
step=29/200 epoch=1 loss=1.3709 head_lr=1152.4 muon_lr=0.2
step=30/200 epoch=1 loss=1.3430 head_lr=1145.7 muon_lr=0.2
step=31/200 epoch=1 loss=1.3203 head_lr=1139 muon_lr=0.2
step=32/200 epoch=1 loss=1.3427 head_lr=1132.3 muon_lr=0.2
step=33/200 epoch=1 loss=1.3536 head_lr=1125.6 muon_lr=0.2
step=34/200 epoch=1 loss=1.3407 head_lr=1118.9 muon_lr=0.2
step=35/200 epoch=1 loss=1.3014 head_lr=1112.2 muon_lr=0.2
step=36/200 epoch=1 loss=1.3261 head_lr=1105.5 muon_lr=0.2
step=37/200 epoch=1 loss=1.3082 head_lr=1098.8 muon_lr=0.2
step=38/200 epoch=1 loss=1.3030 head_lr=1092.1 muon_lr=0.2
step=39/200 epoch=1 loss=1.3047 head_lr=1085.4 muon_lr=0.2
step=40/200 epoch=1 loss=1.3075 head_lr=1078.7 muon_lr=0.2
step=41/200 epoch=1 loss=1.2777 head_lr=1072 muon_lr=0.2
step=42/200 epoch=1 loss=1.2862 head_lr=1065.3 muon_lr=0.2
step=43/200 epoch=1 loss=1.3029 head_lr=1058.6 muon_lr=0.2
step=44/200 epoch=1 loss=1.2720 head_lr=1051.9 muon_lr=0.2
step=45/200 epoch=1 loss=1.3009 head_lr=1045.2 muon_lr=0.2
step=46/200 epoch=1 loss=1.2831 head_lr=1038.5 muon_lr=0.2
step=47/200 epoch=1 loss=1.2646 head_lr=1031.8 muon_lr=0.2
step=48/200 epoch=1 loss=1.2527 head_lr=1025.1 muon_lr=0.2
step=49/200 epoch=1 loss=1.2640 head_lr=1018.4 muon_lr=0.2
step=50/200 epoch=1 loss=1.2540 head_lr=1011.7 muon_lr=0.2
eval epoch=1 val_acc=0.6587 time_seconds=2.5921
step=51/200 epoch=2 loss=1.2767 head_lr=1005 muon_lr=0.2
step=52/200 epoch=2 loss=1.2551 head_lr=998.3 muon_lr=0.2
step=53/200 epoch=2 loss=1.2531 head_lr=991.6 muon_lr=0.2
step=54/200 epoch=2 loss=1.2665 head_lr=984.9 muon_lr=0.2
step=55/200 epoch=2 loss=1.2889 head_lr=978.2 muon_lr=0.2
step=56/200 epoch=2 loss=1.2464 head_lr=971.5 muon_lr=0.2
step=57/200 epoch=2 loss=1.2584 head_lr=964.8 muon_lr=0.2
step=58/200 epoch=2 loss=1.2525 head_lr=958.1 muon_lr=0.2
step=59/200 epoch=2 loss=1.2641 head_lr=951.4 muon_lr=0.2
step=60/200 epoch=2 loss=1.2406 head_lr=944.7 muon_lr=0.2
step=61/200 epoch=2 loss=1.2783 head_lr=938 muon_lr=0.2
step=62/200 epoch=2 loss=1.2467 head_lr=931.3 muon_lr=0.2
step=63/200 epoch=2 loss=1.2238 head_lr=924.6 muon_lr=0.2
step=64/200 epoch=2 loss=1.2243 head_lr=917.9 muon_lr=0.2
step=65/200 epoch=2 loss=1.2145 head_lr=911.2 muon_lr=0.2
step=66/200 epoch=2 loss=1.2588 head_lr=904.5 muon_lr=0.2
step=67/200 epoch=2 loss=1.2294 head_lr=897.8 muon_lr=0.2
step=68/200 epoch=2 loss=1.2310 head_lr=891.1 muon_lr=0.2
step=69/200 epoch=2 loss=1.2814 head_lr=884.4 muon_lr=0.2
step=70/200 epoch=2 loss=1.2763 head_lr=877.7 muon_lr=0.2
step=71/200 epoch=2 loss=1.2313 head_lr=871 muon_lr=0.2
step=72/200 epoch=2 loss=1.2141 head_lr=864.3 muon_lr=0.2
step=73/200 epoch=2 loss=1.2143 head_lr=857.6 muon_lr=0.2
step=74/200 epoch=2 loss=1.2349 head_lr=850.9 muon_lr=0.2
step=75/200 epoch=2 loss=1.2609 head_lr=844.2 muon_lr=0.2
eval epoch=2 val_acc=0.7096 time_seconds=3.8881
step=76/200 epoch=3 loss=1.2268 head_lr=837.5 muon_lr=0.2
step=77/200 epoch=3 loss=1.2218 head_lr=830.8 muon_lr=0.2
step=78/200 epoch=3 loss=1.2700 head_lr=824.1 muon_lr=0.2
step=79/200 epoch=3 loss=1.2340 head_lr=817.4 muon_lr=0.2
step=80/200 epoch=3 loss=1.1957 head_lr=810.7 muon_lr=0.2
step=81/200 epoch=3 loss=1.2338 head_lr=804 muon_lr=0.2
step=82/200 epoch=3 loss=1.2484 head_lr=797.3 muon_lr=0.2
step=83/200 epoch=3 loss=1.2266 head_lr=790.6 muon_lr=0.2
step=84/200 epoch=3 loss=1.2282 head_lr=783.9 muon_lr=0.2
step=85/200 epoch=3 loss=1.2173 head_lr=777.2 muon_lr=0.2
step=86/200 epoch=3 loss=1.2249 head_lr=770.5 muon_lr=0.2
step=87/200 epoch=3 loss=1.2166 head_lr=763.8 muon_lr=0.2
step=88/200 epoch=3 loss=1.1979 head_lr=757.1 muon_lr=0.2
step=89/200 epoch=3 loss=1.2132 head_lr=750.4 muon_lr=0.2
step=90/200 epoch=3 loss=1.2116 head_lr=743.7 muon_lr=0.2
step=91/200 epoch=3 loss=1.2284 head_lr=737 muon_lr=0.2
step=92/200 epoch=3 loss=1.2397 head_lr=730.3 muon_lr=0.2
step=93/200 epoch=3 loss=1.2266 head_lr=723.6 muon_lr=0.2
step=94/200 epoch=3 loss=1.2149 head_lr=716.9 muon_lr=0.2
step=95/200 epoch=3 loss=1.2066 head_lr=710.2 muon_lr=0.2
step=96/200 epoch=3 loss=1.2126 head_lr=703.5 muon_lr=0.2
step=97/200 epoch=3 loss=1.2352 head_lr=696.8 muon_lr=0.2
step=98/200 epoch=3 loss=1.2093 head_lr=690.1 muon_lr=0.2
step=99/200 epoch=3 loss=1.2470 head_lr=683.4 muon_lr=0.2
step=100/200 epoch=3 loss=1.2331 head_lr=676.7 muon_lr=0.2
eval epoch=3 val_acc=0.6878 time_seconds=5.0944
step=101/200 epoch=4 loss=1.2254 head_lr=670 muon_lr=0.2
step=102/200 epoch=4 loss=1.2163 head_lr=663.3 muon_lr=0.2
step=103/200 epoch=4 loss=1.2374 head_lr=656.6 muon_lr=0.2
step=104/200 epoch=4 loss=1.2042 head_lr=649.9 muon_lr=0.2
step=105/200 epoch=4 loss=1.1892 head_lr=643.2 muon_lr=0.2
step=106/200 epoch=4 loss=1.2127 head_lr=636.5 muon_lr=0.2
step=107/200 epoch=4 loss=1.1923 head_lr=629.8 muon_lr=0.2
step=108/200 epoch=4 loss=1.2046 head_lr=623.1 muon_lr=0.2
step=109/200 epoch=4 loss=1.2410 head_lr=616.4 muon_lr=0.2
step=110/200 epoch=4 loss=1.2207 head_lr=609.7 muon_lr=0.2
step=111/200 epoch=4 loss=1.2136 head_lr=603 muon_lr=0.2
step=112/200 epoch=4 loss=1.1827 head_lr=596.3 muon_lr=0.2
step=113/200 epoch=4 loss=1.1921 head_lr=589.6 muon_lr=0.2
step=114/200 epoch=4 loss=1.1713 head_lr=582.9 muon_lr=0.2
step=115/200 epoch=4 loss=1.1919 head_lr=576.2 muon_lr=0.2
step=116/200 epoch=4 loss=1.1914 head_lr=569.5 muon_lr=0.2
step=117/200 epoch=4 loss=1.2050 head_lr=562.8 muon_lr=0.2
step=118/200 epoch=4 loss=1.1976 head_lr=556.1 muon_lr=0.2
step=119/200 epoch=4 loss=1.2017 head_lr=549.4 muon_lr=0.2
step=120/200 epoch=4 loss=1.2113 head_lr=542.7 muon_lr=0.2
step=121/200 epoch=4 loss=1.2185 head_lr=536 muon_lr=0.2
step=122/200 epoch=4 loss=1.2127 head_lr=529.3 muon_lr=0.2
step=123/200 epoch=4 loss=1.1900 head_lr=522.6 muon_lr=0.2
step=124/200 epoch=4 loss=1.2112 head_lr=515.9 muon_lr=0.2
step=125/200 epoch=4 loss=1.2104 head_lr=509.2 muon_lr=0.2
eval epoch=4 val_acc=0.7241 time_seconds=6.2988
step=126/200 epoch=5 loss=1.2226 head_lr=502.5 muon_lr=0.2
step=127/200 epoch=5 loss=1.1998 head_lr=495.8 muon_lr=0.2
step=128/200 epoch=5 loss=1.2107 head_lr=489.1 muon_lr=0.2
step=129/200 epoch=5 loss=1.2015 head_lr=482.4 muon_lr=0.2
step=130/200 epoch=5 loss=1.2316 head_lr=475.7 muon_lr=0.2
step=131/200 epoch=5 loss=1.2008 head_lr=469 muon_lr=0.2
step=132/200 epoch=5 loss=1.2031 head_lr=462.3 muon_lr=0.2
step=133/200 epoch=5 loss=1.1928 head_lr=455.6 muon_lr=0.2
step=134/200 epoch=5 loss=1.2106 head_lr=448.9 muon_lr=0.2
step=135/200 epoch=5 loss=1.1998 head_lr=442.2 muon_lr=0.2
step=136/200 epoch=5 loss=1.1675 head_lr=435.5 muon_lr=0.2
step=137/200 epoch=5 loss=1.2320 head_lr=428.8 muon_lr=0.2
step=138/200 epoch=5 loss=1.2113 head_lr=422.1 muon_lr=0.2
step=139/200 epoch=5 loss=1.1710 head_lr=415.4 muon_lr=0.2
step=140/200 epoch=5 loss=1.1912 head_lr=408.7 muon_lr=0.2
step=141/200 epoch=5 loss=1.2054 head_lr=402 muon_lr=0.2
step=142/200 epoch=5 loss=1.2078 head_lr=395.3 muon_lr=0.2
step=143/200 epoch=5 loss=1.2132 head_lr=388.6 muon_lr=0.2
step=144/200 epoch=5 loss=1.1909 head_lr=381.9 muon_lr=0.2
step=145/200 epoch=5 loss=1.2064 head_lr=375.2 muon_lr=0.2
step=146/200 epoch=5 loss=1.1978 head_lr=368.5 muon_lr=0.2
step=147/200 epoch=5 loss=1.2454 head_lr=361.8 muon_lr=0.2
step=148/200 epoch=5 loss=1.1932 head_lr=355.1 muon_lr=0.2
step=149/200 epoch=5 loss=1.1612 head_lr=348.4 muon_lr=0.2
step=150/200 epoch=5 loss=1.1807 head_lr=341.7 muon_lr=0.2
eval epoch=5 val_acc=0.7215 time_seconds=7.5049
step=151/200 epoch=6 loss=1.1905 head_lr=335 muon_lr=0.2
step=152/200 epoch=6 loss=1.1618 head_lr=328.3 muon_lr=0.2
step=153/200 epoch=6 loss=1.1988 head_lr=321.6 muon_lr=0.2
step=154/200 epoch=6 loss=1.1967 head_lr=314.9 muon_lr=0.2
step=155/200 epoch=6 loss=1.1941 head_lr=308.2 muon_lr=0.2
step=156/200 epoch=6 loss=1.1868 head_lr=301.5 muon_lr=0.2
step=157/200 epoch=6 loss=1.2018 head_lr=294.8 muon_lr=0.2
step=158/200 epoch=6 loss=1.2125 head_lr=288.1 muon_lr=0.2
step=159/200 epoch=6 loss=1.1722 head_lr=281.4 muon_lr=0.2
step=160/200 epoch=6 loss=1.1962 head_lr=274.7 muon_lr=0.2
step=161/200 epoch=6 loss=1.1829 head_lr=268 muon_lr=0.2
step=162/200 epoch=6 loss=1.1805 head_lr=261.3 muon_lr=0.2
step=163/200 epoch=6 loss=1.1927 head_lr=254.6 muon_lr=0.2
step=164/200 epoch=6 loss=1.2052 head_lr=247.9 muon_lr=0.2
step=165/200 epoch=6 loss=1.1735 head_lr=241.2 muon_lr=0.2
step=166/200 epoch=6 loss=1.1935 head_lr=234.5 muon_lr=0.2
step=167/200 epoch=6 loss=1.2076 head_lr=227.8 muon_lr=0.2
step=168/200 epoch=6 loss=1.2055 head_lr=221.1 muon_lr=0.2
step=169/200 epoch=6 loss=1.2085 head_lr=214.4 muon_lr=0.2
step=170/200 epoch=6 loss=1.2302 head_lr=207.7 muon_lr=0.2
step=171/200 epoch=6 loss=1.1917 head_lr=201 muon_lr=0.2
step=172/200 epoch=6 loss=1.1860 head_lr=194.3 muon_lr=0.2
step=173/200 epoch=6 loss=1.1859 head_lr=187.6 muon_lr=0.2
step=174/200 epoch=6 loss=1.2074 head_lr=180.9 muon_lr=0.2
step=175/200 epoch=6 loss=1.1977 head_lr=174.2 muon_lr=0.2
eval epoch=6 val_acc=0.7076 time_seconds=8.7115
step=176/200 epoch=7 loss=1.1605 head_lr=167.5 muon_lr=0.2
step=177/200 epoch=7 loss=1.1796 head_lr=160.8 muon_lr=0.2
step=178/200 epoch=7 loss=1.1940 head_lr=154.1 muon_lr=0.2
step=179/200 epoch=7 loss=1.1714 head_lr=147.4 muon_lr=0.2
step=180/200 epoch=7 loss=1.1810 head_lr=140.7 muon_lr=0.2
step=181/200 epoch=7 loss=1.1903 head_lr=134 muon_lr=0.2
step=182/200 epoch=7 loss=1.1891 head_lr=127.3 muon_lr=0.2
step=183/200 epoch=7 loss=1.1873 head_lr=120.6 muon_lr=0.2
step=184/200 epoch=7 loss=1.1997 head_lr=113.9 muon_lr=0.2
step=185/200 epoch=7 loss=1.1929 head_lr=107.2 muon_lr=0.2
step=186/200 epoch=7 loss=1.1797 head_lr=100.5 muon_lr=0.2
step=187/200 epoch=7 loss=1.1695 head_lr=93.8 muon_lr=0.2
step=188/200 epoch=7 loss=1.1772 head_lr=87.1 muon_lr=0.2
step=189/200 epoch=7 loss=1.2487 head_lr=80.4 muon_lr=0.2
step=190/200 epoch=7 loss=1.1897 head_lr=73.7 muon_lr=0.2
step=191/200 epoch=7 loss=1.1838 head_lr=67 muon_lr=0.2
step=192/200 epoch=7 loss=1.1837 head_lr=60.3 muon_lr=0.2
step=193/200 epoch=7 loss=1.1763 head_lr=53.6 muon_lr=0.2
step=194/200 epoch=7 loss=1.2009 head_lr=46.9 muon_lr=0.2
step=195/200 epoch=7 loss=1.1864 head_lr=40.2 muon_lr=0.2
step=196/200 epoch=7 loss=1.1723 head_lr=33.5 muon_lr=0.2
step=197/200 epoch=7 loss=1.1869 head_lr=26.8 muon_lr=0.2
step=198/200 epoch=7 loss=1.1879 head_lr=20.1 muon_lr=0.2
step=199/200 epoch=7 loss=1.1895 head_lr=13.4 muon_lr=0.2
step=200/200 epoch=7 loss=1.1797 head_lr=6.7 muon_lr=0.2
eval epoch=7 val_acc=0.7358 time_seconds=9.9184
eval epoch=final 25batch_train_loss=1.3088 val_acc=0.7358 tta_val_acc=0.7513 time_seconds=10.5321
Run:                19
Seed:               10
Seed group:         different_seed
Batch size:         2000
Muon lr:            0.2
SGD lr mult:        1
25batch train loss: 1.3088
Val acc:            0.7358
TTA val:            0.7513
TTA val acc comparison over 20 runs:
  run=0 seed=0 seed_group=same_seed tta_val_acc=0.8173 val_acc=0.7812 train25_loss=1.2219
  run=1 seed=0 seed_group=same_seed tta_val_acc=0.8173 val_acc=0.7812 train25_loss=1.2219
  run=2 seed=0 seed_group=same_seed tta_val_acc=0.8173 val_acc=0.7812 train25_loss=1.2219
  run=3 seed=0 seed_group=same_seed tta_val_acc=0.8173 val_acc=0.7812 train25_loss=1.2219
  run=4 seed=0 seed_group=same_seed tta_val_acc=0.8173 val_acc=0.7812 train25_loss=1.2219
  run=5 seed=0 seed_group=same_seed tta_val_acc=0.8173 val_acc=0.7812 train25_loss=1.2219
  run=6 seed=0 seed_group=same_seed tta_val_acc=0.8173 val_acc=0.7812 train25_loss=1.2219
  run=7 seed=0 seed_group=same_seed tta_val_acc=0.8173 val_acc=0.7812 train25_loss=1.2219
  run=8 seed=0 seed_group=same_seed tta_val_acc=0.8173 val_acc=0.7812 train25_loss=1.2219
  run=9 seed=0 seed_group=same_seed tta_val_acc=0.8173 val_acc=0.7812 train25_loss=1.2219
  run=10 seed=1 seed_group=different_seed tta_val_acc=0.8198 val_acc=0.8014 train25_loss=1.1903
  run=11 seed=2 seed_group=different_seed tta_val_acc=0.7745 val_acc=0.7464 train25_loss=1.3000
  run=12 seed=3 seed_group=different_seed tta_val_acc=0.8139 val_acc=0.7940 train25_loss=1.1961
  run=13 seed=4 seed_group=different_seed tta_val_acc=0.8091 val_acc=0.7801 train25_loss=1.2218
  run=14 seed=5 seed_group=different_seed tta_val_acc=0.8218 val_acc=0.7927 train25_loss=1.2019
  run=15 seed=6 seed_group=different_seed tta_val_acc=0.8270 val_acc=0.8030 train25_loss=1.1981
  run=16 seed=7 seed_group=different_seed tta_val_acc=0.8056 val_acc=0.7886 train25_loss=1.2191
  run=17 seed=8 seed_group=different_seed tta_val_acc=0.7806 val_acc=0.7585 train25_loss=1.2510
  run=18 seed=9 seed_group=different_seed tta_val_acc=0.6904 val_acc=0.6719 train25_loss=1.3891
  run=19 seed=10 seed_group=different_seed tta_val_acc=0.7513 val_acc=0.7358 train25_loss=1.3088
TTA val acc overall mean:   0.8033
TTA val acc overall std:    0.0317
TTA val acc overall min:    0.6904
TTA val acc overall max:    0.8270
TTA val acc overall range:  0.1366
TTA val acc same_seed mean:   0.8173
TTA val acc same_seed std:    0.0000
TTA val acc same_seed min:    0.8173
TTA val acc same_seed max:    0.8173
TTA val acc same_seed range:  0.0000
TTA val acc different_seed mean:   0.7894
TTA val acc different_seed std:    0.0402
TTA val acc different_seed min:    0.6904
TTA val acc different_seed max:    0.8270
TTA val acc different_seed range:  0.1366
/workspace/neural_networks_optimization/autoresearch/automatic_lr4/logs/0870cd58-d21b-4054-a402-003e62d1e777/log.pt
