run,N,M,final_k_granularity,cooldown_final_k_granularity,search,interval,step,is_cooldown,cooldown_for_k,initial_muon_lr,best_k,best_muon_lr,interval_steps,cooldown_steps,interval_loss,final_loss,evaluated_lrs
0,1,0,1.0,1.0,run0_bs2000_N1_M0_G1_CG1_interval0_step0,0,0,False,,0.2,1.0,0.12,1,0,2.220125,2.220125,4
0,1,0,1.0,1.0,run0_bs2000_N1_M0_G1_CG1_interval1_step1,1,1,False,,0.12,0.0,0.2,1,0,2.223818,2.223818,4
0,1,0,1.0,1.0,run0_bs2000_N1_M0_G1_CG1_interval2_step2,2,2,False,,0.2,1.0,0.12,1,0,1.978225,1.978225,4
0,1,0,1.0,1.0,run0_bs2000_N1_M0_G1_CG1_interval3_step3,3,3,False,,0.12,1.0,0.12,1,0,1.732918,1.732918,3
0,1,0,1.0,1.0,run0_bs2000_N1_M0_G1_CG1_interval4_step4,4,4,False,,0.12,3.0,0.043,1,0,1.532634,1.532634,5
0,1,0,1.0,1.0,run0_bs2000_N1_M0_G1_CG1_interval5_step5,5,5,False,,0.043,2.0,0.072,1,0,1.34455,1.34455,4
0,1,0,1.0,1.0,run0_bs2000_N1_M0_G1_CG1_interval6_step6,6,6,False,,0.072,4.0,0.026,1,0,1.269017,1.269017,5
0,1,0,1.0,1.0,run0_bs2000_N1_M0_G1_CG1_interval7_step7,7,7,False,,0.026,3.0,0.043,1,0,1.126692,1.126692,4
0,1,0,1.0,1.0,run0_bs2000_N1_M0_G1_CG1_interval8_step8,8,8,False,,0.043,4.0,0.026,1,0,1.064713,1.064713,4
0,1,0,1.0,1.0,run0_bs2000_N1_M0_G1_CG1_interval9_step9,9,9,False,,0.026,4.0,0.026,1,0,1.010179,1.010179,3
0,1,0,1.0,1.0,run0_bs2000_N1_M0_G1_CG1_interval10_step10,10,10,False,,0.026,4.0,0.026,1,0,0.985403,0.985403,3
0,1,0,1.0,1.0,run0_bs2000_N1_M0_G1_CG1_interval11_step11,11,11,False,,0.026,4.0,0.026,1,0,0.951629,0.951629,3
0,1,0,1.0,1.0,run0_bs2000_N1_M0_G1_CG1_interval12_step12,12,12,False,,0.026,5.0,0.016,1,0,0.939462,0.939462,4
0,1,0,1.0,1.0,run0_bs2000_N1_M0_G1_CG1_interval13_step13,13,13,False,,0.016,5.0,0.016,1,0,0.91324,0.91324,3
0,1,0,1.0,1.0,run0_bs2000_N1_M0_G1_CG1_interval14_step14,14,14,False,,0.016,6.0,0.0093,1,0,0.902914,0.902914,4
0,1,0,1.0,1.0,run0_bs2000_N1_M0_G1_CG1_interval15_step15,15,15,False,,0.0093,5.0,0.016,1,0,0.894363,0.894363,4
0,1,0,1.0,1.0,run0_bs2000_N1_M0_G1_CG1_interval16_step16,16,16,False,,0.016,7.0,0.0056,1,0,0.887134,0.887134,5
0,1,0,1.0,1.0,run0_bs2000_N1_M0_G1_CG1_interval17_step17,17,17,False,,0.0056,7.0,0.0056,1,0,0.88389,0.88389,3
0,1,0,1.0,1.0,run0_bs2000_N1_M0_G1_CG1_interval18_step18,18,18,False,,0.0056,7.0,0.0056,1,0,0.881623,0.881623,3
0,1,0,1.0,1.0,run0_bs2000_N1_M0_G1_CG1_interval19_step19,19,19,False,,0.0056,8.0,0.0034,1,0,0.880854,0.880854,4
0,1,0,1.0,1.0,run0_bs2000_N1_M0_G1_CG1_interval20_step20,20,20,False,,0.0034,7.0,0.0056,1,0,0.877918,0.877918,4
0,1,0,1.0,1.0,run0_bs2000_N1_M0_G1_CG1_interval21_step21,21,21,False,,0.0056,9.0,0.002,1,0,0.877399,0.877399,5
0,1,0,1.0,1.0,run0_bs2000_N1_M0_G1_CG1_interval22_step22,22,22,False,,0.002,8.0,0.0034,1,0,0.875714,0.875714,4
0,1,0,1.0,1.0,run0_bs2000_N1_M0_G1_CG1_interval23_step23,23,23,False,,0.0034,9.0,0.002,1,0,0.875175,0.875175,4
0,1,0,1.0,1.0,run0_bs2000_N1_M0_G1_CG1_interval24_step24,24,24,False,,0.002,8.0,0.0034,1,0,0.874494,0.874494,4
0,1,0,1.0,1.0,run0_bs2000_N1_M0_G1_CG1_interval25_step25,25,25,False,,0.0034,10.0,0.0012,1,0,0.874104,0.874104,5
0,1,0,1.0,1.0,run0_bs2000_N1_M0_G1_CG1_interval26_step26,26,26,False,,0.0012,9.0,0.002,1,0,0.87345,0.87345,4
0,1,0,1.0,1.0,run0_bs2000_N1_M0_G1_CG1_interval27_step27,27,27,False,,0.002,8.0,0.0034,1,0,0.872926,0.872926,4
0,1,0,1.0,1.0,run0_bs2000_N1_M0_G1_CG1_interval28_step28,28,28,False,,0.0034,10.0,0.0012,1,0,0.872471,0.872471,5
0,1,0,1.0,1.0,run0_bs2000_N1_M0_G1_CG1_interval29_step29,29,29,False,,0.0012,10.0,0.0012,1,0,0.872123,0.872123,3
0,1,0,1.0,1.0,run0_bs2000_N1_M0_G1_CG1_interval30_step30,30,30,False,,0.0012,9.0,0.002,1,0,0.87166,0.87166,4
0,1,0,1.0,1.0,run0_bs2000_N1_M0_G1_CG1_interval31_step31,31,31,False,,0.002,10.0,0.0012,1,0,0.871466,0.871466,4
0,1,0,1.0,1.0,run0_bs2000_N1_M0_G1_CG1_interval32_step32,32,32,False,,0.0012,9.0,0.002,1,0,0.871091,0.871091,4
0,1,0,1.0,1.0,run0_bs2000_N1_M0_G1_CG1_interval33_step33,33,33,False,,0.002,11.0,0.00073,1,0,0.870953,0.870953,5
0,1,0,1.0,1.0,run0_bs2000_N1_M0_G1_CG1_interval34_step34,34,34,False,,0.00073,10.0,0.0012,1,0,0.870692,0.870692,4
0,1,0,1.0,1.0,run0_bs2000_N1_M0_G1_CG1_interval35_step35,35,35,False,,0.0012,9.0,0.002,1,0,0.870458,0.870458,4
0,1,0,1.0,1.0,run0_bs2000_N1_M0_G1_CG1_interval36_step36,36,36,False,,0.002,11.0,0.00073,1,0,0.870246,0.870246,5
0,1,0,1.0,1.0,run0_bs2000_N1_M0_G1_CG1_interval37_step37,37,37,False,,0.00073,11.0,0.00073,1,0,0.870118,0.870118,3
0,1,0,1.0,1.0,run0_bs2000_N1_M0_G1_CG1_interval38_step38,38,38,False,,0.00073,10.0,0.0012,1,0,0.869912,0.869912,4
0,1,0,1.0,1.0,run0_bs2000_N1_M0_G1_CG1_interval39_step39,39,39,False,,0.0012,11.0,0.00073,1,0,0.869824,0.869824,4
0,1,0,1.0,1.0,run0_bs2000_N1_M0_G1_CG1_interval40_step40,40,40,False,,0.00073,10.0,0.0012,1,0,0.869644,0.869644,4
0,1,0,1.0,1.0,run0_bs2000_N1_M0_G1_CG1_interval41_step41,41,41,False,,0.0012,12.0,0.00044,1,0,0.869598,0.869598,5
0,1,0,1.0,1.0,run0_bs2000_N1_M0_G1_CG1_interval42_step42,42,42,False,,0.00044,11.0,0.00073,1,0,0.869435,0.869435,4
0,1,0,1.0,1.0,run0_bs2000_N1_M0_G1_CG1_interval43_step43,43,43,False,,0.00073,10.0,0.0012,1,0,0.869281,0.869281,4
0,1,0,1.0,1.0,run0_bs2000_N1_M0_G1_CG1_interval44_step44,44,44,False,,0.0012,11.0,0.00073,1,0,0.869203,0.869203,4
0,1,0,1.0,1.0,run0_bs2000_N1_M0_G1_CG1_interval45_step45,45,45,False,,0.00073,10.0,0.0012,1,0,0.869064,0.869064,4
0,1,0,1.0,1.0,run0_bs2000_N1_M0_G1_CG1_interval46_step46,46,46,False,,0.0012,12.0,0.00044,1,0,0.86903,0.86903,5
0,1,0,1.0,1.0,run0_bs2000_N1_M0_G1_CG1_interval47_step47,47,47,False,,0.00044,11.0,0.00073,1,0,0.868901,0.868901,4
0,1,0,1.0,1.0,run0_bs2000_N1_M0_G1_CG1_interval48_step48,48,48,False,,0.00073,10.0,0.0012,1,0,0.868812,0.868812,4
0,1,0,1.0,1.0,run0_bs2000_N1_M0_G1_CG1_interval49_step49,49,49,False,,0.0012,11.0,0.00073,1,0,0.868739,0.868739,4
1,1,0,1.0,0.25,run1_bs2000_N1_M0_G1_CG0p25_interval0_step0,0,0,False,,0.2,1.0,0.12,1,0,2.220125,2.220125,4
1,1,0,1.0,0.25,run1_bs2000_N1_M0_G1_CG0p25_interval1_step1,1,1,False,,0.12,0.0,0.2,1,0,2.223818,2.223818,4
1,1,0,1.0,0.25,run1_bs2000_N1_M0_G1_CG0p25_interval2_step2,2,2,False,,0.2,1.0,0.12,1,0,1.978225,1.978225,4
1,1,0,1.0,0.25,run1_bs2000_N1_M0_G1_CG0p25_interval3_step3,3,3,False,,0.12,1.0,0.12,1,0,1.732918,1.732918,3
1,1,0,1.0,0.25,run1_bs2000_N1_M0_G1_CG0p25_interval4_step4,4,4,False,,0.12,3.0,0.043,1,0,1.532634,1.532634,5
1,1,0,1.0,0.25,run1_bs2000_N1_M0_G1_CG0p25_interval5_step5,5,5,False,,0.043,2.0,0.072,1,0,1.34455,1.34455,4
1,1,0,1.0,0.25,run1_bs2000_N1_M0_G1_CG0p25_interval6_step6,6,6,False,,0.072,4.0,0.026,1,0,1.269017,1.269017,5
1,1,0,1.0,0.25,run1_bs2000_N1_M0_G1_CG0p25_interval7_step7,7,7,False,,0.026,3.0,0.043,1,0,1.126692,1.126692,4
1,1,0,1.0,0.25,run1_bs2000_N1_M0_G1_CG0p25_interval8_step8,8,8,False,,0.043,4.0,0.026,1,0,1.064713,1.064713,4
1,1,0,1.0,0.25,run1_bs2000_N1_M0_G1_CG0p25_interval9_step9,9,9,False,,0.026,4.0,0.026,1,0,1.010179,1.010179,3
1,1,0,1.0,0.25,run1_bs2000_N1_M0_G1_CG0p25_interval10_step10,10,10,False,,0.026,4.0,0.026,1,0,0.985403,0.985403,3
1,1,0,1.0,0.25,run1_bs2000_N1_M0_G1_CG0p25_interval11_step11,11,11,False,,0.026,4.0,0.026,1,0,0.951629,0.951629,3
1,1,0,1.0,0.25,run1_bs2000_N1_M0_G1_CG0p25_interval12_step12,12,12,False,,0.026,5.0,0.016,1,0,0.939462,0.939462,4
1,1,0,1.0,0.25,run1_bs2000_N1_M0_G1_CG0p25_interval13_step13,13,13,False,,0.016,5.0,0.016,1,0,0.91324,0.91324,3
1,1,0,1.0,0.25,run1_bs2000_N1_M0_G1_CG0p25_interval14_step14,14,14,False,,0.016,6.0,0.0093,1,0,0.902914,0.902914,4
1,1,0,1.0,0.25,run1_bs2000_N1_M0_G1_CG0p25_interval15_step15,15,15,False,,0.0093,5.0,0.016,1,0,0.894363,0.894363,4
1,1,0,1.0,0.25,run1_bs2000_N1_M0_G1_CG0p25_interval16_step16,16,16,False,,0.016,7.0,0.0056,1,0,0.887134,0.887134,5
1,1,0,1.0,0.25,run1_bs2000_N1_M0_G1_CG0p25_interval17_step17,17,17,False,,0.0056,7.0,0.0056,1,0,0.88389,0.88389,3
1,1,0,1.0,0.25,run1_bs2000_N1_M0_G1_CG0p25_interval18_step18,18,18,False,,0.0056,7.0,0.0056,1,0,0.881623,0.881623,3
1,1,0,1.0,0.25,run1_bs2000_N1_M0_G1_CG0p25_interval19_step19,19,19,False,,0.0056,8.0,0.0034,1,0,0.880854,0.880854,4
1,1,0,1.0,0.25,run1_bs2000_N1_M0_G1_CG0p25_interval20_step20,20,20,False,,0.0034,7.0,0.0056,1,0,0.877918,0.877918,4
1,1,0,1.0,0.25,run1_bs2000_N1_M0_G1_CG0p25_interval21_step21,21,21,False,,0.0056,9.0,0.002,1,0,0.877399,0.877399,5
1,1,0,1.0,0.25,run1_bs2000_N1_M0_G1_CG0p25_interval22_step22,22,22,False,,0.002,8.0,0.0034,1,0,0.875714,0.875714,4
1,1,0,1.0,0.25,run1_bs2000_N1_M0_G1_CG0p25_interval23_step23,23,23,False,,0.0034,9.0,0.002,1,0,0.875175,0.875175,4
1,1,0,1.0,0.25,run1_bs2000_N1_M0_G1_CG0p25_interval24_step24,24,24,False,,0.002,8.0,0.0034,1,0,0.874494,0.874494,4
1,1,0,1.0,0.25,run1_bs2000_N1_M0_G1_CG0p25_interval25_step25,25,25,False,,0.0034,10.0,0.0012,1,0,0.874104,0.874104,5
1,1,0,1.0,0.25,run1_bs2000_N1_M0_G1_CG0p25_interval26_step26,26,26,False,,0.0012,9.0,0.002,1,0,0.87345,0.87345,4
1,1,0,1.0,0.25,run1_bs2000_N1_M0_G1_CG0p25_interval27_step27,27,27,False,,0.002,8.0,0.0034,1,0,0.872926,0.872926,4
1,1,0,1.0,0.25,run1_bs2000_N1_M0_G1_CG0p25_interval28_step28,28,28,False,,0.0034,10.0,0.0012,1,0,0.872471,0.872471,5
1,1,0,1.0,0.25,run1_bs2000_N1_M0_G1_CG0p25_interval29_step29,29,29,False,,0.0012,10.0,0.0012,1,0,0.872123,0.872123,3
1,1,0,1.0,0.25,run1_bs2000_N1_M0_G1_CG0p25_interval30_step30,30,30,False,,0.0012,9.0,0.002,1,0,0.87166,0.87166,4
1,1,0,1.0,0.25,run1_bs2000_N1_M0_G1_CG0p25_interval31_step31,31,31,False,,0.002,10.0,0.0012,1,0,0.871466,0.871466,4
1,1,0,1.0,0.25,run1_bs2000_N1_M0_G1_CG0p25_interval32_step32,32,32,False,,0.0012,9.0,0.002,1,0,0.871091,0.871091,4
1,1,0,1.0,0.25,run1_bs2000_N1_M0_G1_CG0p25_interval33_step33,33,33,False,,0.002,11.0,0.00073,1,0,0.870953,0.870953,5
1,1,0,1.0,0.25,run1_bs2000_N1_M0_G1_CG0p25_interval34_step34,34,34,False,,0.00073,10.0,0.0012,1,0,0.870692,0.870692,4
1,1,0,1.0,0.25,run1_bs2000_N1_M0_G1_CG0p25_interval35_step35,35,35,False,,0.0012,9.0,0.002,1,0,0.870458,0.870458,4
1,1,0,1.0,0.25,run1_bs2000_N1_M0_G1_CG0p25_interval36_step36,36,36,False,,0.002,11.0,0.00073,1,0,0.870246,0.870246,5
1,1,0,1.0,0.25,run1_bs2000_N1_M0_G1_CG0p25_interval37_step37,37,37,False,,0.00073,11.0,0.00073,1,0,0.870118,0.870118,3
1,1,0,1.0,0.25,run1_bs2000_N1_M0_G1_CG0p25_interval38_step38,38,38,False,,0.00073,10.0,0.0012,1,0,0.869912,0.869912,4
1,1,0,1.0,0.25,run1_bs2000_N1_M0_G1_CG0p25_interval39_step39,39,39,False,,0.0012,11.0,0.00073,1,0,0.869824,0.869824,4
1,1,0,1.0,0.25,run1_bs2000_N1_M0_G1_CG0p25_interval40_step40,40,40,False,,0.00073,10.0,0.0012,1,0,0.869644,0.869644,4
1,1,0,1.0,0.25,run1_bs2000_N1_M0_G1_CG0p25_interval41_step41,41,41,False,,0.0012,12.0,0.00044,1,0,0.869598,0.869598,5
1,1,0,1.0,0.25,run1_bs2000_N1_M0_G1_CG0p25_interval42_step42,42,42,False,,0.00044,11.0,0.00073,1,0,0.869435,0.869435,4
1,1,0,1.0,0.25,run1_bs2000_N1_M0_G1_CG0p25_interval43_step43,43,43,False,,0.00073,10.0,0.0012,1,0,0.869281,0.869281,4
1,1,0,1.0,0.25,run1_bs2000_N1_M0_G1_CG0p25_interval44_step44,44,44,False,,0.0012,11.0,0.00073,1,0,0.869203,0.869203,4
1,1,0,1.0,0.25,run1_bs2000_N1_M0_G1_CG0p25_interval45_step45,45,45,False,,0.00073,10.0,0.0012,1,0,0.869064,0.869064,4
1,1,0,1.0,0.25,run1_bs2000_N1_M0_G1_CG0p25_interval46_step46,46,46,False,,0.0012,12.0,0.00044,1,0,0.86903,0.86903,5
1,1,0,1.0,0.25,run1_bs2000_N1_M0_G1_CG0p25_interval47_step47,47,47,False,,0.00044,11.0,0.00073,1,0,0.868901,0.868901,4
1,1,0,1.0,0.25,run1_bs2000_N1_M0_G1_CG0p25_interval48_step48,48,48,False,,0.00073,10.0,0.0012,1,0,0.868812,0.868812,4
1,1,0,1.0,0.25,run1_bs2000_N1_M0_G1_CG0p25_interval49_step49,49,49,False,,0.0012,11.0,0.00073,1,0,0.868739,0.868739,4
2,1,0,0.25,0.25,run2_bs2000_N1_M0_G0p25_CG0p25_interval0_step0,0,0,False,,0.2,1.0,0.12,1,0,2.220125,2.220125,8
2,1,0,0.25,0.25,run2_bs2000_N1_M0_G0p25_CG0p25_interval1_step1,1,1,False,,0.12,0.0,0.2,1,0,2.223818,2.223818,8
2,1,0,0.25,0.25,run2_bs2000_N1_M0_G0p25_CG0p25_interval2_step2,2,2,False,,0.2,1.0,0.12,1,0,1.978225,1.978225,8
2,1,0,0.25,0.25,run2_bs2000_N1_M0_G0p25_CG0p25_interval3_step3,3,3,False,,0.12,1.0,0.12,1,0,1.732918,1.732918,7
2,1,0,0.25,0.25,run2_bs2000_N1_M0_G0p25_CG0p25_interval4_step4,4,4,False,,0.12,3.0,0.043,1,0,1.532634,1.532634,9
2,1,0,0.25,0.25,run2_bs2000_N1_M0_G0p25_CG0p25_interval5_step5,5,5,False,,0.043,2.0,0.072,1,0,1.34455,1.34455,8
2,1,0,0.25,0.25,run2_bs2000_N1_M0_G0p25_CG0p25_interval6_step6,6,6,False,,0.072,4.0,0.026,1,0,1.269017,1.269017,9
2,1,0,0.25,0.25,run2_bs2000_N1_M0_G0p25_CG0p25_interval7_step7,7,7,False,,0.026,3.0,0.043,1,0,1.126692,1.126692,8
2,1,0,0.25,0.25,run2_bs2000_N1_M0_G0p25_CG0p25_interval8_step8,8,8,False,,0.043,4.0,0.026,1,0,1.064713,1.064713,8
2,1,0,0.25,0.25,run2_bs2000_N1_M0_G0p25_CG0p25_interval9_step9,9,9,False,,0.026,4.0,0.026,1,0,1.010179,1.010179,7
2,1,0,0.25,0.25,run2_bs2000_N1_M0_G0p25_CG0p25_interval10_step10,10,10,False,,0.026,4.0,0.026,1,0,0.985403,0.985403,7
2,1,0,0.25,0.25,run2_bs2000_N1_M0_G0p25_CG0p25_interval11_step11,11,11,False,,0.026,4.0,0.026,1,0,0.951629,0.951629,7
2,1,0,0.25,0.25,run2_bs2000_N1_M0_G0p25_CG0p25_interval12_step12,12,12,False,,0.026,5.0,0.016,1,0,0.939462,0.939462,8
2,1,0,0.25,0.25,run2_bs2000_N1_M0_G0p25_CG0p25_interval13_step13,13,13,False,,0.016,5.0,0.016,1,0,0.91324,0.91324,7
2,1,0,0.25,0.25,run2_bs2000_N1_M0_G0p25_CG0p25_interval14_step14,14,14,False,,0.016,6.0,0.0093,1,0,0.902914,0.902914,8
2,1,0,0.25,0.25,run2_bs2000_N1_M0_G0p25_CG0p25_interval15_step15,15,15,False,,0.0093,5.0,0.016,1,0,0.894363,0.894363,8
2,1,0,0.25,0.25,run2_bs2000_N1_M0_G0p25_CG0p25_interval16_step16,16,16,False,,0.016,7.0,0.0056,1,0,0.887134,0.887134,9
2,1,0,0.25,0.25,run2_bs2000_N1_M0_G0p25_CG0p25_interval17_step17,17,17,False,,0.0056,7.0,0.0056,1,0,0.88389,0.88389,7
2,1,0,0.25,0.25,run2_bs2000_N1_M0_G0p25_CG0p25_interval18_step18,18,18,False,,0.0056,7.0,0.0056,1,0,0.881623,0.881623,7
2,1,0,0.25,0.25,run2_bs2000_N1_M0_G0p25_CG0p25_interval19_step19,19,19,False,,0.0056,8.0,0.0034,1,0,0.880854,0.880854,8
2,1,0,0.25,0.25,run2_bs2000_N1_M0_G0p25_CG0p25_interval20_step20,20,20,False,,0.0034,7.0,0.0056,1,0,0.877918,0.877918,8
2,1,0,0.25,0.25,run2_bs2000_N1_M0_G0p25_CG0p25_interval21_step21,21,21,False,,0.0056,9.0,0.002,1,0,0.877399,0.877399,9
2,1,0,0.25,0.25,run2_bs2000_N1_M0_G0p25_CG0p25_interval22_step22,22,22,False,,0.002,8.0,0.0034,1,0,0.875714,0.875714,8
2,1,0,0.25,0.25,run2_bs2000_N1_M0_G0p25_CG0p25_interval23_step23,23,23,False,,0.0034,9.0,0.002,1,0,0.875175,0.875175,8
2,1,0,0.25,0.25,run2_bs2000_N1_M0_G0p25_CG0p25_interval24_step24,24,24,False,,0.002,8.0,0.0034,1,0,0.874494,0.874494,8
2,1,0,0.25,0.25,run2_bs2000_N1_M0_G0p25_CG0p25_interval25_step25,25,25,False,,0.0034,10.0,0.0012,1,0,0.874104,0.874104,9
2,1,0,0.25,0.25,run2_bs2000_N1_M0_G0p25_CG0p25_interval26_step26,26,26,False,,0.0012,9.0,0.002,1,0,0.87345,0.87345,8
2,1,0,0.25,0.25,run2_bs2000_N1_M0_G0p25_CG0p25_interval27_step27,27,27,False,,0.002,8.0,0.0034,1,0,0.872926,0.872926,8
2,1,0,0.25,0.25,run2_bs2000_N1_M0_G0p25_CG0p25_interval28_step28,28,28,False,,0.0034,10.0,0.0012,1,0,0.872471,0.872471,9
2,1,0,0.25,0.25,run2_bs2000_N1_M0_G0p25_CG0p25_interval29_step29,29,29,False,,0.0012,10.0,0.0012,1,0,0.872123,0.872123,7
2,1,0,0.25,0.25,run2_bs2000_N1_M0_G0p25_CG0p25_interval30_step30,30,30,False,,0.0012,9.0,0.002,1,0,0.87166,0.87166,8
2,1,0,0.25,0.25,run2_bs2000_N1_M0_G0p25_CG0p25_interval31_step31,31,31,False,,0.002,10.0,0.0012,1,0,0.871466,0.871466,8
2,1,0,0.25,0.25,run2_bs2000_N1_M0_G0p25_CG0p25_interval32_step32,32,32,False,,0.0012,9.0,0.002,1,0,0.871091,0.871091,8
2,1,0,0.25,0.25,run2_bs2000_N1_M0_G0p25_CG0p25_interval33_step33,33,33,False,,0.002,11.0,0.00073,1,0,0.870953,0.870953,9
2,1,0,0.25,0.25,run2_bs2000_N1_M0_G0p25_CG0p25_interval34_step34,34,34,False,,0.00073,10.0,0.0012,1,0,0.870692,0.870692,8
2,1,0,0.25,0.25,run2_bs2000_N1_M0_G0p25_CG0p25_interval35_step35,35,35,False,,0.0012,9.0,0.002,1,0,0.870458,0.870458,8
2,1,0,0.25,0.25,run2_bs2000_N1_M0_G0p25_CG0p25_interval36_step36,36,36,False,,0.002,11.0,0.00073,1,0,0.870246,0.870246,9
2,1,0,0.25,0.25,run2_bs2000_N1_M0_G0p25_CG0p25_interval37_step37,37,37,False,,0.00073,11.0,0.00073,1,0,0.870118,0.870118,7
2,1,0,0.25,0.25,run2_bs2000_N1_M0_G0p25_CG0p25_interval38_step38,38,38,False,,0.00073,10.0,0.0012,1,0,0.869912,0.869912,8
2,1,0,0.25,0.25,run2_bs2000_N1_M0_G0p25_CG0p25_interval39_step39,39,39,False,,0.0012,11.0,0.00073,1,0,0.869824,0.869824,8
2,1,0,0.25,0.25,run2_bs2000_N1_M0_G0p25_CG0p25_interval40_step40,40,40,False,,0.00073,10.0,0.0012,1,0,0.869644,0.869644,8
2,1,0,0.25,0.25,run2_bs2000_N1_M0_G0p25_CG0p25_interval41_step41,41,41,False,,0.0012,12.0,0.00044,1,0,0.869598,0.869598,9
2,1,0,0.25,0.25,run2_bs2000_N1_M0_G0p25_CG0p25_interval42_step42,42,42,False,,0.00044,11.0,0.00073,1,0,0.869435,0.869435,8
2,1,0,0.25,0.25,run2_bs2000_N1_M0_G0p25_CG0p25_interval43_step43,43,43,False,,0.00073,10.0,0.0012,1,0,0.869281,0.869281,8
2,1,0,0.25,0.25,run2_bs2000_N1_M0_G0p25_CG0p25_interval44_step44,44,44,False,,0.0012,11.0,0.00073,1,0,0.869203,0.869203,8
2,1,0,0.25,0.25,run2_bs2000_N1_M0_G0p25_CG0p25_interval45_step45,45,45,False,,0.00073,10.0,0.0012,1,0,0.869064,0.869064,8
2,1,0,0.25,0.25,run2_bs2000_N1_M0_G0p25_CG0p25_interval46_step46,46,46,False,,0.0012,12.0,0.00044,1,0,0.86903,0.86903,9
2,1,0,0.25,0.25,run2_bs2000_N1_M0_G0p25_CG0p25_interval47_step47,47,47,False,,0.00044,11.0,0.00073,1,0,0.868901,0.868901,8
2,1,0,0.25,0.25,run2_bs2000_N1_M0_G0p25_CG0p25_interval48_step48,48,48,False,,0.00073,10.0,0.0012,1,0,0.868812,0.868812,8
2,1,0,0.25,0.25,run2_bs2000_N1_M0_G0p25_CG0p25_interval49_step49,49,49,False,,0.0012,11.0,0.00073,1,0,0.868739,0.868739,8
3,1,1,1.0,1.0,run3_bs2000_N1_M1_G1_CG1_interval0_step0_cooldown_for_k-1,0,0,True,-1.0,0.2,-1.0,0.33,1,,2.222638,,4
3,1,1,1.0,1.0,run3_bs2000_N1_M1_G1_CG1_interval0_step0_cooldown_for_k0,0,0,True,0.0,0.2,-1.0,0.33,1,,2.224636,,4
3,1,1,1.0,1.0,run3_bs2000_N1_M1_G1_CG1_interval0_step0_cooldown_for_k1,0,0,True,1.0,0.2,-1.0,0.33,1,,2.24929,,4
3,1,1,1.0,1.0,run3_bs2000_N1_M1_G1_CG1_interval0_step0_cooldown_for_k-2,0,0,True,-2.0,0.2,-1.0,0.33,1,,2.252837,,4
3,1,1,1.0,1.0,run3_bs2000_N1_M1_G1_CG1_interval0_step0,0,0,False,,0.2,-1.0,0.33,1,1,2.251061,2.222638,4
3,1,1,1.0,1.0,run3_bs2000_N1_M1_G1_CG1_interval1_step1_cooldown_for_k-2,1,1,True,-2.0,0.33,11.0,0.00073,1,,2.049931,,15
3,1,1,1.0,1.0,run3_bs2000_N1_M1_G1_CG1_interval1_step1_cooldown_for_k-1,1,1,True,-1.0,0.33,16.0,5.6e-05,1,,2.03967,,20
3,1,1,1.0,1.0,run3_bs2000_N1_M1_G1_CG1_interval1_step1_cooldown_for_k0,1,1,True,0.0,0.33,2.0,0.072,1,,2.144625,,6
3,1,1,1.0,1.0,run3_bs2000_N1_M1_G1_CG1_interval1_step1,1,1,False,,0.33,-1.0,0.33,1,1,2.583069,2.03967,3
3,1,1,1.0,1.0,run3_bs2000_N1_M1_G1_CG1_interval2_step2_cooldown_for_k-2,2,2,True,-2.0,5.6e-05,52.0,5.8e-13,1,,2.002749,,39
3,1,1,1.0,1.0,run3_bs2000_N1_M1_G1_CG1_interval2_step2_cooldown_for_k-1,2,2,True,-1.0,5.6e-05,41.0,1.6e-10,1,,1.960751,,28
3,1,1,1.0,1.0,run3_bs2000_N1_M1_G1_CG1_interval2_step2_cooldown_for_k0,2,2,True,0.0,5.6e-05,34.0,5.7e-09,1,,1.928648,,21
3,1,1,1.0,1.0,run3_bs2000_N1_M1_G1_CG1_interval2_step2_cooldown_for_k1,2,2,True,1.0,5.6e-05,32.0,1.6e-08,1,,1.909885,,19
3,1,1,1.0,1.0,run3_bs2000_N1_M1_G1_CG1_interval2_step2_cooldown_for_k2,2,2,True,2.0,5.6e-05,30.0,4.4e-08,1,,1.908641,,17
3,1,1,1.0,1.0,run3_bs2000_N1_M1_G1_CG1_interval2_step2_cooldown_for_k3,2,2,True,3.0,5.6e-05,30.0,4.4e-08,1,,1.92089,,17
3,1,1,1.0,1.0,run3_bs2000_N1_M1_G1_CG1_interval2_step2,2,2,False,,0.33,2.0,0.072,1,1,2.023135,1.908641,6
3,1,1,1.0,1.0,run3_bs2000_N1_M1_G1_CG1_interval3_step3_cooldown_for_k1,3,3,True,1.0,4.4e-08,34.0,5.7e-09,1,,1.729599,,7
3,1,1,1.0,1.0,run3_bs2000_N1_M1_G1_CG1_interval3_step3_cooldown_for_k2,3,3,True,2.0,4.4e-08,35.0,3.4e-09,1,,1.742938,,8
3,1,1,1.0,1.0,run3_bs2000_N1_M1_G1_CG1_interval3_step3_cooldown_for_k3,3,3,True,3.0,4.4e-08,36.0,2.1e-09,1,,1.76901,,9
3,1,1,1.0,1.0,run3_bs2000_N1_M1_G1_CG1_interval3_step3_cooldown_for_k0,3,3,True,0.0,4.4e-08,34.0,5.7e-09,1,,1.754068,,7
3,1,1,1.0,1.0,run3_bs2000_N1_M1_G1_CG1_interval3_step3,3,3,False,,0.072,1.0,0.12,1,1,1.833902,1.729599,4
3,1,1,1.0,1.0,run3_bs2000_N1_M1_G1_CG1_interval4_step4_cooldown_for_k0,4,4,True,0.0,5.7e-09,35.0,3.4e-09,1,,1.728589,,4
3,1,1,1.0,1.0,run3_bs2000_N1_M1_G1_CG1_interval4_step4_cooldown_for_k1,4,4,True,1.0,5.7e-09,35.0,3.4e-09,1,,1.624082,,4
3,1,1,1.0,1.0,run3_bs2000_N1_M1_G1_CG1_interval4_step4_cooldown_for_k2,4,4,True,2.0,5.7e-09,35.0,3.4e-09,1,,1.596086,,4
3,1,1,1.0,1.0,run3_bs2000_N1_M1_G1_CG1_interval4_step4_cooldown_for_k3,4,4,True,3.0,5.7e-09,35.0,3.4e-09,1,,1.607351,,4
3,1,1,1.0,1.0,run3_bs2000_N1_M1_G1_CG1_interval4_step4,4,4,False,,0.12,2.0,0.072,1,1,1.707218,1.596086,4
3,1,1,1.0,1.0,run3_bs2000_N1_M1_G1_CG1_interval5_step5_cooldown_for_k1,5,5,True,1.0,3.4e-09,39.0,4.5e-10,1,,1.590068,,7
3,1,1,1.0,1.0,run3_bs2000_N1_M1_G1_CG1_interval5_step5_cooldown_for_k2,5,5,True,2.0,3.4e-09,39.0,4.5e-10,1,,1.527454,,7
3,1,1,1.0,1.0,run3_bs2000_N1_M1_G1_CG1_interval5_step5_cooldown_for_k3,5,5,True,3.0,3.4e-09,39.0,4.5e-10,1,,1.51794,,7
3,1,1,1.0,1.0,run3_bs2000_N1_M1_G1_CG1_interval5_step5_cooldown_for_k4,5,5,True,4.0,3.4e-09,39.0,4.5e-10,1,,1.531742,,7
3,1,1,1.0,1.0,run3_bs2000_N1_M1_G1_CG1_interval5_step5,5,5,False,,0.072,3.0,0.043,1,1,1.669912,1.51794,4
3,1,1,1.0,1.0,run3_bs2000_N1_M1_G1_CG1_interval6_step6_cooldown_for_k2,6,6,True,2.0,4.5e-10,42.0,9.6e-11,1,,1.469771,,6
3,1,1,1.0,1.0,run3_bs2000_N1_M1_G1_CG1_interval6_step6_cooldown_for_k3,6,6,True,3.0,4.5e-10,42.0,9.6e-11,1,,1.441998,,6
3,1,1,1.0,1.0,run3_bs2000_N1_M1_G1_CG1_interval6_step6_cooldown_for_k4,6,6,True,4.0,4.5e-10,42.0,9.6e-11,1,,1.444606,,6
3,1,1,1.0,1.0,run3_bs2000_N1_M1_G1_CG1_interval6_step6,6,6,False,,0.043,3.0,0.043,1,1,1.555879,1.441998,3
3,1,1,1.0,1.0,run3_bs2000_N1_M1_G1_CG1_interval7_step7_cooldown_for_k2,7,7,True,2.0,9.6e-11,45.0,2.1e-11,1,,1.399058,,6
3,1,1,1.0,1.0,run3_bs2000_N1_M1_G1_CG1_interval7_step7_cooldown_for_k3,7,7,True,3.0,9.6e-11,45.0,2.1e-11,1,,1.36623,,6
3,1,1,1.0,1.0,run3_bs2000_N1_M1_G1_CG1_interval7_step7_cooldown_for_k4,7,7,True,4.0,9.6e-11,45.0,2.1e-11,1,,1.37107,,6
3,1,1,1.0,1.0,run3_bs2000_N1_M1_G1_CG1_interval7_step7,7,7,False,,0.043,3.0,0.043,1,1,1.488297,1.36623,3
3,1,1,1.0,1.0,run3_bs2000_N1_M1_G1_CG1_interval8_step8_cooldown_for_k2,8,8,True,2.0,2.1e-11,48.0,4.5e-12,1,,1.34276,,6
3,1,1,1.0,1.0,run3_bs2000_N1_M1_G1_CG1_interval8_step8_cooldown_for_k3,8,8,True,3.0,2.1e-11,48.0,4.5e-12,1,,1.302846,,6
3,1,1,1.0,1.0,run3_bs2000_N1_M1_G1_CG1_interval8_step8_cooldown_for_k4,8,8,True,4.0,2.1e-11,48.0,4.5e-12,1,,1.307041,,6
3,1,1,1.0,1.0,run3_bs2000_N1_M1_G1_CG1_interval8_step8,8,8,False,,0.043,3.0,0.043,1,1,1.43287,1.302846,3
3,1,1,1.0,1.0,run3_bs2000_N1_M1_G1_CG1_interval9_step9_cooldown_for_k2,9,9,True,2.0,4.5e-12,51.0,9.7e-13,1,,1.300934,,6
3,1,1,1.0,1.0,run3_bs2000_N1_M1_G1_CG1_interval9_step9_cooldown_for_k3,9,9,True,3.0,4.5e-12,51.0,9.7e-13,1,,1.242547,,6
3,1,1,1.0,1.0,run3_bs2000_N1_M1_G1_CG1_interval9_step9_cooldown_for_k4,9,9,True,4.0,4.5e-12,52.0,5.8e-13,1,,1.242074,,7
3,1,1,1.0,1.0,run3_bs2000_N1_M1_G1_CG1_interval9_step9_cooldown_for_k5,9,9,True,5.0,4.5e-12,52.0,5.8e-13,1,,1.255044,,7
3,1,1,1.0,1.0,run3_bs2000_N1_M1_G1_CG1_interval9_step9,9,9,False,,0.043,4.0,0.026,1,1,1.362244,1.242074,4
3,1,1,1.0,1.0,run3_bs2000_N1_M1_G1_CG1_interval10_step10_cooldown_for_k3,10,10,True,3.0,5.8e-13,56.0,7.5e-14,1,,1.21629,,7
3,1,1,1.0,1.0,run3_bs2000_N1_M1_G1_CG1_interval10_step10_cooldown_for_k4,10,10,True,4.0,5.8e-13,56.0,7.5e-14,1,,1.204183,,7
3,1,1,1.0,1.0,run3_bs2000_N1_M1_G1_CG1_interval10_step10_cooldown_for_k5,10,10,True,5.0,5.8e-13,56.0,7.5e-14,1,,1.208443,,7
3,1,1,1.0,1.0,run3_bs2000_N1_M1_G1_CG1_interval10_step10,10,10,False,,0.026,4.0,0.026,1,1,1.317418,1.204183,3
3,1,1,1.0,1.0,run3_bs2000_N1_M1_G1_CG1_interval11_step11_cooldown_for_k3,11,11,True,3.0,7.5e-14,60.0,9.8e-15,1,,1.168074,,7
3,1,1,1.0,1.0,run3_bs2000_N1_M1_G1_CG1_interval11_step11_cooldown_for_k4,11,11,True,4.0,7.5e-14,60.0,9.8e-15,1,,1.1502,,7
3,1,1,1.0,1.0,run3_bs2000_N1_M1_G1_CG1_interval11_step11_cooldown_for_k5,11,11,True,5.0,7.5e-14,61.0,5.9e-15,1,,1.154305,,8
3,1,1,1.0,1.0,run3_bs2000_N1_M1_G1_CG1_interval11_step11,11,11,False,,0.026,4.0,0.026,1,1,1.245008,1.1502,3
3,1,1,1.0,1.0,run3_bs2000_N1_M1_G1_CG1_interval12_step12_cooldown_for_k3,12,12,True,3.0,9.8e-15,64.0,1.3e-15,1,,1.14581,,7
3,1,1,1.0,1.0,run3_bs2000_N1_M1_G1_CG1_interval12_step12_cooldown_for_k4,12,12,True,4.0,9.8e-15,64.0,1.3e-15,1,,1.118744,,7
3,1,1,1.0,1.0,run3_bs2000_N1_M1_G1_CG1_interval12_step12_cooldown_for_k5,12,12,True,5.0,9.8e-15,64.0,1.3e-15,1,,1.117314,,7
3,1,1,1.0,1.0,run3_bs2000_N1_M1_G1_CG1_interval12_step12_cooldown_for_k6,12,12,True,6.0,9.8e-15,64.0,1.3e-15,1,,1.122783,,7
3,1,1,1.0,1.0,run3_bs2000_N1_M1_G1_CG1_interval12_step12,12,12,False,,0.026,5.0,0.016,1,1,1.174873,1.117314,4
3,1,1,1.0,1.0,run3_bs2000_N1_M1_G1_CG1_interval13_step13_cooldown_for_k4,13,13,True,4.0,1.3e-15,68.0,1.6e-16,1,,1.070093,,7
3,1,1,1.0,1.0,run3_bs2000_N1_M1_G1_CG1_interval13_step13_cooldown_for_k5,13,13,True,5.0,1.3e-15,68.0,1.6e-16,1,,1.07499,,7
3,1,1,1.0,1.0,run3_bs2000_N1_M1_G1_CG1_interval13_step13_cooldown_for_k6,13,13,True,6.0,1.3e-15,69.0,9.9e-17,1,,1.083872,,8
3,1,1,1.0,1.0,run3_bs2000_N1_M1_G1_CG1_interval13_step13_cooldown_for_k3,13,13,True,3.0,1.3e-15,68.0,1.6e-16,1,,1.098728,,7
3,1,1,1.0,1.0,run3_bs2000_N1_M1_G1_CG1_interval13_step13,13,13,False,,0.016,4.0,0.026,1,1,1.126543,1.070093,4
3,1,1,1.0,1.0,run3_bs2000_N1_M1_G1_CG1_interval14_step14_cooldown_for_k3,14,14,True,3.0,1.6e-16,70.0,5.9e-17,1,,1.079257,,5
3,1,1,1.0,1.0,run3_bs2000_N1_M1_G1_CG1_interval14_step14_cooldown_for_k4,14,14,True,4.0,1.6e-16,71.0,3.5e-17,1,,1.044382,,6
3,1,1,1.0,1.0,run3_bs2000_N1_M1_G1_CG1_interval14_step14_cooldown_for_k5,14,14,True,5.0,1.6e-16,71.0,3.5e-17,1,,1.041284,,6
3,1,1,1.0,1.0,run3_bs2000_N1_M1_G1_CG1_interval14_step14_cooldown_for_k6,14,14,True,6.0,1.6e-16,71.0,3.5e-17,1,,1.04783,,6
3,1,1,1.0,1.0,run3_bs2000_N1_M1_G1_CG1_interval14_step14,14,14,False,,0.026,5.0,0.016,1,1,1.091815,1.041284,4
3,1,1,1.0,1.0,run3_bs2000_N1_M1_G1_CG1_interval15_step15_cooldown_for_k4,15,15,True,4.0,3.5e-17,74.0,7.7e-18,1,,1.015549,,6
3,1,1,1.0,1.0,run3_bs2000_N1_M1_G1_CG1_interval15_step15_cooldown_for_k5,15,15,True,5.0,3.5e-17,74.0,7.7e-18,1,,1.015501,,6
3,1,1,1.0,1.0,run3_bs2000_N1_M1_G1_CG1_interval15_step15_cooldown_for_k6,15,15,True,6.0,3.5e-17,74.0,7.7e-18,1,,1.022013,,6
3,1,1,1.0,1.0,run3_bs2000_N1_M1_G1_CG1_interval15_step15,15,15,False,,0.016,5.0,0.016,1,1,1.071939,1.015501,3
3,1,1,1.0,1.0,run3_bs2000_N1_M1_G1_CG1_interval16_step16_cooldown_for_k4,16,16,True,4.0,7.7e-18,77.0,1.7e-18,1,,0.99521,,6
3,1,1,1.0,1.0,run3_bs2000_N1_M1_G1_CG1_interval16_step16_cooldown_for_k5,16,16,True,5.0,7.7e-18,77.0,1.7e-18,1,,0.992246,,6
3,1,1,1.0,1.0,run3_bs2000_N1_M1_G1_CG1_interval16_step16_cooldown_for_k6,16,16,True,6.0,7.7e-18,77.0,1.7e-18,1,,0.9971,,6
3,1,1,1.0,1.0,run3_bs2000_N1_M1_G1_CG1_interval16_step16,16,16,False,,0.016,5.0,0.016,1,1,1.037974,0.992246,3
3,1,1,1.0,1.0,run3_bs2000_N1_M1_G1_CG1_interval17_step17_cooldown_for_k4,17,17,True,4.0,1.7e-18,80.0,3.6e-19,1,,0.975125,,6
3,1,1,1.0,1.0,run3_bs2000_N1_M1_G1_CG1_interval17_step17_cooldown_for_k5,17,17,True,5.0,1.7e-18,80.0,3.6e-19,1,,0.971025,,6
3,1,1,1.0,1.0,run3_bs2000_N1_M1_G1_CG1_interval17_step17_cooldown_for_k6,17,17,True,6.0,1.7e-18,81.0,2.1e-19,1,,0.974375,,7
3,1,1,1.0,1.0,run3_bs2000_N1_M1_G1_CG1_interval17_step17,17,17,False,,0.016,5.0,0.016,1,1,1.007022,0.971025,3
3,1,1,1.0,1.0,run3_bs2000_N1_M1_G1_CG1_interval18_step18_cooldown_for_k4,18,18,True,4.0,3.6e-19,84.0,4.6e-20,1,,0.967564,,7
3,1,1,1.0,1.0,run3_bs2000_N1_M1_G1_CG1_interval18_step18_cooldown_for_k5,18,18,True,5.0,3.6e-19,84.0,4.6e-20,1,,0.958538,,7
3,1,1,1.0,1.0,run3_bs2000_N1_M1_G1_CG1_interval18_step18_cooldown_for_k6,18,18,True,6.0,3.6e-19,84.0,4.6e-20,1,,0.959577,,7
3,1,1,1.0,1.0,run3_bs2000_N1_M1_G1_CG1_interval18_step18,18,18,False,,0.016,5.0,0.016,1,1,0.991864,0.958538,3
3,1,1,1.0,1.0,run3_bs2000_N1_M1_G1_CG1_interval19_step19_cooldown_for_k4,19,19,True,4.0,4.6e-20,86.0,1.7e-20,1,,0.966991,,5
3,1,1,1.0,1.0,run3_bs2000_N1_M1_G1_CG1_interval19_step19_cooldown_for_k5,19,19,True,5.0,4.6e-20,86.0,1.7e-20,1,,0.95146,,5
3,1,1,1.0,1.0,run3_bs2000_N1_M1_G1_CG1_interval19_step19_cooldown_for_k6,19,19,True,6.0,4.6e-20,87.0,1e-20,1,,0.947627,,6
3,1,1,1.0,1.0,run3_bs2000_N1_M1_G1_CG1_interval19_step19_cooldown_for_k7,19,19,True,7.0,4.6e-20,87.0,1e-20,1,,0.9491,,6
3,1,1,1.0,1.0,run3_bs2000_N1_M1_G1_CG1_interval19_step19,19,19,False,,0.016,6.0,0.0093,1,1,0.971758,0.947627,4
3,1,1,1.0,1.0,run3_bs2000_N1_M1_G1_CG1_interval20_step20_cooldown_for_k5,20,20,True,5.0,1e-20,89.0,3.6e-21,1,,0.944182,,5
3,1,1,1.0,1.0,run3_bs2000_N1_M1_G1_CG1_interval20_step20_cooldown_for_k6,20,20,True,6.0,1e-20,89.0,3.6e-21,1,,0.940056,,5
3,1,1,1.0,1.0,run3_bs2000_N1_M1_G1_CG1_interval20_step20_cooldown_for_k7,20,20,True,7.0,1e-20,89.0,3.6e-21,1,,0.940914,,5
3,1,1,1.0,1.0,run3_bs2000_N1_M1_G1_CG1_interval20_step20,20,20,False,,0.0093,6.0,0.0093,1,1,0.971569,0.940056,3
3,1,1,1.0,1.0,run3_bs2000_N1_M1_G1_CG1_interval21_step21_cooldown_for_k5,21,21,True,5.0,3.6e-21,91.0,1.3e-21,1,,0.93488,,5
3,1,1,1.0,1.0,run3_bs2000_N1_M1_G1_CG1_interval21_step21_cooldown_for_k6,21,21,True,6.0,3.6e-21,91.0,1.3e-21,1,,0.932744,,5
3,1,1,1.0,1.0,run3_bs2000_N1_M1_G1_CG1_interval21_step21_cooldown_for_k7,21,21,True,7.0,3.6e-21,91.0,1.3e-21,1,,0.934913,,5
3,1,1,1.0,1.0,run3_bs2000_N1_M1_G1_CG1_interval21_step21,21,21,False,,0.0093,6.0,0.0093,1,1,0.966213,0.932744,3
3,1,1,1.0,1.0,run3_bs2000_N1_M1_G1_CG1_interval22_step22_cooldown_for_k5,22,22,True,5.0,1.3e-21,94.0,2.8e-22,1,,0.92969,,6
3,1,1,1.0,1.0,run3_bs2000_N1_M1_G1_CG1_interval22_step22_cooldown_for_k6,22,22,True,6.0,1.3e-21,94.0,2.8e-22,1,,0.926449,,6
3,1,1,1.0,1.0,run3_bs2000_N1_M1_G1_CG1_interval22_step22_cooldown_for_k7,22,22,True,7.0,1.3e-21,94.0,2.8e-22,1,,0.928093,,6
3,1,1,1.0,1.0,run3_bs2000_N1_M1_G1_CG1_interval22_step22,22,22,False,,0.0093,6.0,0.0093,1,1,0.955454,0.926449,3
3,1,1,1.0,1.0,run3_bs2000_N1_M1_G1_CG1_interval23_step23_cooldown_for_k5,23,23,True,5.0,2.8e-22,96.0,1e-22,1,,0.923928,,5
3,1,1,1.0,1.0,run3_bs2000_N1_M1_G1_CG1_interval23_step23_cooldown_for_k6,23,23,True,6.0,2.8e-22,97.0,6e-23,1,,0.920392,,6
3,1,1,1.0,1.0,run3_bs2000_N1_M1_G1_CG1_interval23_step23_cooldown_for_k7,23,23,True,7.0,2.8e-22,97.0,6e-23,1,,0.920922,,6
3,1,1,1.0,1.0,run3_bs2000_N1_M1_G1_CG1_interval23_step23,23,23,False,,0.0093,6.0,0.0093,1,1,0.946246,0.920392,3
3,1,1,1.0,1.0,run3_bs2000_N1_M1_G1_CG1_interval24_step24_cooldown_for_k5,24,24,True,5.0,6e-23,100.0,1.3e-23,1,,0.922468,,6
3,1,1,1.0,1.0,run3_bs2000_N1_M1_G1_CG1_interval24_step24_cooldown_for_k6,24,24,True,6.0,6e-23,100.0,1.3e-23,1,,0.917549,,6
3,1,1,1.0,1.0,run3_bs2000_N1_M1_G1_CG1_interval24_step24_cooldown_for_k7,24,24,True,7.0,6e-23,100.0,1.3e-23,1,,0.917384,,6
3,1,1,1.0,1.0,run3_bs2000_N1_M1_G1_CG1_interval24_step24_cooldown_for_k8,24,24,True,8.0,6e-23,100.0,1.3e-23,1,,0.918446,,6
3,1,1,1.0,1.0,run3_bs2000_N1_M1_G1_CG1_interval24_step24,24,24,False,,0.0093,7.0,0.0056,1,1,0.940175,0.917384,4
3,1,1,1.0,1.0,run3_bs2000_N1_M1_G1_CG1_interval25_step25_cooldown_for_k6,25,25,True,6.0,1.3e-23,104.0,1.7e-24,1,,0.912107,,7
3,1,1,1.0,1.0,run3_bs2000_N1_M1_G1_CG1_interval25_step25_cooldown_for_k7,25,25,True,7.0,1.3e-23,105.0,1e-24,1,,0.912528,,8
3,1,1,1.0,1.0,run3_bs2000_N1_M1_G1_CG1_interval25_step25_cooldown_for_k8,25,25,True,8.0,1.3e-23,105.0,1e-24,1,,0.913572,,8
3,1,1,1.0,1.0,run3_bs2000_N1_M1_G1_CG1_interval25_step25_cooldown_for_k5,25,25,True,5.0,1.3e-23,103.0,2.8e-24,1,,0.920098,,6
3,1,1,1.0,1.0,run3_bs2000_N1_M1_G1_CG1_interval25_step25,25,25,False,,0.0056,6.0,0.0093,1,1,0.925534,0.912107,4
3,1,1,1.0,1.0,run3_bs2000_N1_M1_G1_CG1_interval26_step26_cooldown_for_k5,26,26,True,5.0,1.7e-24,107.0,3.7e-25,1,,0.913367,,6
3,1,1,1.0,1.0,run3_bs2000_N1_M1_G1_CG1_interval26_step26_cooldown_for_k6,26,26,True,6.0,1.7e-24,108.0,2.2e-25,1,,0.907163,,7
3,1,1,1.0,1.0,run3_bs2000_N1_M1_G1_CG1_interval26_step26_cooldown_for_k7,26,26,True,7.0,1.7e-24,108.0,2.2e-25,1,,0.90694,,7
3,1,1,1.0,1.0,run3_bs2000_N1_M1_G1_CG1_interval26_step26_cooldown_for_k8,26,26,True,8.0,1.7e-24,108.0,2.2e-25,1,,0.90785,,7
3,1,1,1.0,1.0,run3_bs2000_N1_M1_G1_CG1_interval26_step26,26,26,False,,0.0093,7.0,0.0056,1,1,0.916529,0.90694,4
3,1,1,1.0,1.0,run3_bs2000_N1_M1_G1_CG1_interval27_step27_cooldown_for_k6,27,27,True,6.0,2.2e-25,111.0,4.7e-26,1,,0.903954,,6
3,1,1,1.0,1.0,run3_bs2000_N1_M1_G1_CG1_interval27_step27_cooldown_for_k7,27,27,True,7.0,2.2e-25,111.0,4.7e-26,1,,0.902873,,6
3,1,1,1.0,1.0,run3_bs2000_N1_M1_G1_CG1_interval27_step27_cooldown_for_k8,27,27,True,8.0,2.2e-25,112.0,2.8e-26,1,,0.90317,,7
3,1,1,1.0,1.0,run3_bs2000_N1_M1_G1_CG1_interval27_step27,27,27,False,,0.0056,7.0,0.0056,1,1,0.912,0.902873,3
3,1,1,1.0,1.0,run3_bs2000_N1_M1_G1_CG1_interval28_step28_cooldown_for_k6,28,28,True,6.0,4.7e-26,115.0,6.1e-27,1,,0.900745,,7
3,1,1,1.0,1.0,run3_bs2000_N1_M1_G1_CG1_interval28_step28_cooldown_for_k7,28,28,True,7.0,4.7e-26,115.0,6.1e-27,1,,0.899585,,7
3,1,1,1.0,1.0,run3_bs2000_N1_M1_G1_CG1_interval28_step28_cooldown_for_k8,28,28,True,8.0,4.7e-26,116.0,3.7e-27,1,,0.899906,,8
3,1,1,1.0,1.0,run3_bs2000_N1_M1_G1_CG1_interval28_step28,28,28,False,,0.0056,7.0,0.0056,1,1,0.90721,0.899585,3
3,1,1,1.0,1.0,run3_bs2000_N1_M1_G1_CG1_interval29_step29_cooldown_for_k6,29,29,True,6.0,6.1e-27,118.0,1.3e-27,1,,0.898867,,6
3,1,1,1.0,1.0,run3_bs2000_N1_M1_G1_CG1_interval29_step29_cooldown_for_k7,29,29,True,7.0,6.1e-27,119.0,8e-28,1,,0.89694,,7
3,1,1,1.0,1.0,run3_bs2000_N1_M1_G1_CG1_interval29_step29_cooldown_for_k8,29,29,True,8.0,6.1e-27,120.0,4.8e-28,1,,0.896909,,8
3,1,1,1.0,1.0,run3_bs2000_N1_M1_G1_CG1_interval29_step29_cooldown_for_k9,29,29,True,9.0,6.1e-27,120.0,4.8e-28,1,,0.89726,,8
3,1,1,1.0,1.0,run3_bs2000_N1_M1_G1_CG1_interval29_step29,29,29,False,,0.0056,8.0,0.0034,1,1,0.901752,0.896909,4
3,1,1,1.0,1.0,run3_bs2000_N1_M1_G1_CG1_interval30_step30_cooldown_for_k7,30,30,True,7.0,4.8e-28,124.0,6.2e-29,1,,0.89453,,7
3,1,1,1.0,1.0,run3_bs2000_N1_M1_G1_CG1_interval30_step30_cooldown_for_k8,30,30,True,8.0,4.8e-28,124.0,6.2e-29,1,,0.894725,,7
3,1,1,1.0,1.0,run3_bs2000_N1_M1_G1_CG1_interval30_step30_cooldown_for_k9,30,30,True,9.0,4.8e-28,125.0,3.7e-29,1,,0.895186,,8
3,1,1,1.0,1.0,run3_bs2000_N1_M1_G1_CG1_interval30_step30_cooldown_for_k6,30,30,True,6.0,4.8e-28,123.0,1e-28,1,,0.896461,,6
3,1,1,1.0,1.0,run3_bs2000_N1_M1_G1_CG1_interval30_step30,30,30,False,,0.0034,7.0,0.0056,1,1,0.899873,0.89453,4
3,1,1,1.0,1.0,run3_bs2000_N1_M1_G1_CG1_interval31_step31_cooldown_for_k6,31,31,True,6.0,6.2e-29,126.0,2.2e-29,1,,0.895356,,5
3,1,1,1.0,1.0,run3_bs2000_N1_M1_G1_CG1_interval31_step31_cooldown_for_k7,31,31,True,7.0,6.2e-29,127.0,1.3e-29,1,,0.892755,,6
3,1,1,1.0,1.0,run3_bs2000_N1_M1_G1_CG1_interval31_step31_cooldown_for_k8,31,31,True,8.0,6.2e-29,128.0,8e-30,1,,0.892511,,7
3,1,1,1.0,1.0,run3_bs2000_N1_M1_G1_CG1_interval31_step31_cooldown_for_k9,31,31,True,9.0,6.2e-29,128.0,8e-30,1,,0.892804,,7
3,1,1,1.0,1.0,run3_bs2000_N1_M1_G1_CG1_interval31_step31,31,31,False,,0.0056,8.0,0.0034,1,1,0.896525,0.892511,4
3,1,1,1.0,1.0,run3_bs2000_N1_M1_G1_CG1_interval32_step32_cooldown_for_k7,32,32,True,7.0,8e-30,133.0,6.2e-31,1,,0.891915,,8
3,1,1,1.0,1.0,run3_bs2000_N1_M1_G1_CG1_interval32_step32_cooldown_for_k8,32,32,True,8.0,8e-30,133.0,6.2e-31,1,,0.891491,,8
3,1,1,1.0,1.0,run3_bs2000_N1_M1_G1_CG1_interval32_step32_cooldown_for_k9,32,32,True,9.0,8e-30,133.0,6.2e-31,1,,0.891593,,8
3,1,1,1.0,1.0,run3_bs2000_N1_M1_G1_CG1_interval32_step32,32,32,False,,0.0034,8.0,0.0034,1,1,0.895546,0.891491,3
3,1,1,1.0,1.0,run3_bs2000_N1_M1_G1_CG1_interval33_step33_cooldown_for_k7,33,33,True,7.0,6.2e-31,136.0,1.3e-31,1,,0.889852,,6
3,1,1,1.0,1.0,run3_bs2000_N1_M1_G1_CG1_interval33_step33_cooldown_for_k8,33,33,True,8.0,6.2e-31,137.0,8.1e-32,1,,0.889557,,7
3,1,1,1.0,1.0,run3_bs2000_N1_M1_G1_CG1_interval33_step33_cooldown_for_k9,33,33,True,9.0,6.2e-31,137.0,8.1e-32,1,,0.889806,,7
3,1,1,1.0,1.0,run3_bs2000_N1_M1_G1_CG1_interval33_step33,33,33,False,,0.0034,8.0,0.0034,1,1,0.893054,0.889557,3
3,1,1,1.0,1.0,run3_bs2000_N1_M1_G1_CG1_interval34_step34_cooldown_for_k7,34,34,True,7.0,8.1e-32,141.0,1e-32,1,,0.8891,,7
3,1,1,1.0,1.0,run3_bs2000_N1_M1_G1_CG1_interval34_step34_cooldown_for_k8,34,34,True,8.0,8.1e-32,142.0,6.3e-33,1,,0.888573,,8
3,1,1,1.0,1.0,run3_bs2000_N1_M1_G1_CG1_interval34_step34_cooldown_for_k9,34,34,True,9.0,8.1e-32,142.0,6.3e-33,1,,0.888619,,8
3,1,1,1.0,1.0,run3_bs2000_N1_M1_G1_CG1_interval34_step34,34,34,False,,0.0034,8.0,0.0034,1,1,0.892119,0.888573,3
3,1,1,1.0,1.0,run3_bs2000_N1_M1_G1_CG1_interval35_step35_cooldown_for_k7,35,35,True,7.0,6.3e-33,144.0,2.3e-33,1,,0.888016,,5
3,1,1,1.0,1.0,run3_bs2000_N1_M1_G1_CG1_interval35_step35_cooldown_for_k8,35,35,True,8.0,6.3e-33,145.0,1.4e-33,1,,0.887367,,6
3,1,1,1.0,1.0,run3_bs2000_N1_M1_G1_CG1_interval35_step35_cooldown_for_k9,35,35,True,9.0,6.3e-33,146.0,8.1e-34,1,,0.887436,,7
3,1,1,1.0,1.0,run3_bs2000_N1_M1_G1_CG1_interval35_step35,35,35,False,,0.0034,8.0,0.0034,1,1,0.891103,0.887367,3
3,1,1,1.0,1.0,run3_bs2000_N1_M1_G1_CG1_interval36_step36_cooldown_for_k7,36,36,True,7.0,1.4e-33,150.0,1.1e-34,1,,0.887556,,8
3,1,1,1.0,1.0,run3_bs2000_N1_M1_G1_CG1_interval36_step36_cooldown_for_k8,36,36,True,8.0,1.4e-33,150.0,1.1e-34,1,,0.886775,,8
3,1,1,1.0,1.0,run3_bs2000_N1_M1_G1_CG1_interval36_step36_cooldown_for_k9,36,36,True,9.0,1.4e-33,150.0,1.1e-34,1,,0.886712,,8
3,1,1,1.0,1.0,run3_bs2000_N1_M1_G1_CG1_interval36_step36_cooldown_for_k10,36,36,True,10.0,1.4e-33,150.0,1.1e-34,1,,0.886845,,8
3,1,1,1.0,1.0,run3_bs2000_N1_M1_G1_CG1_interval36_step36,36,36,False,,0.0034,9.0,0.002,1,1,0.889757,0.886712,4
3,1,1,1.0,1.0,run3_bs2000_N1_M1_G1_CG1_interval37_step37_cooldown_for_k8,37,37,True,8.0,1.1e-34,154.0,1.4e-35,1,,0.885846,,7
3,1,1,1.0,1.0,run3_bs2000_N1_M1_G1_CG1_interval37_step37_cooldown_for_k9,37,37,True,9.0,1.1e-34,154.0,1.4e-35,1,,0.885845,,7
3,1,1,1.0,1.0,run3_bs2000_N1_M1_G1_CG1_interval37_step37_cooldown_for_k10,37,37,True,10.0,1.1e-34,155.0,8.2e-36,1,,0.885956,,8
3,1,1,1.0,1.0,run3_bs2000_N1_M1_G1_CG1_interval37_step37,37,37,False,,0.002,9.0,0.002,1,1,0.887594,0.885845,3
3,1,1,1.0,1.0,run3_bs2000_N1_M1_G1_CG1_interval38_step38_cooldown_for_k8,38,38,True,8.0,1.4e-35,158.0,1.8e-36,1,,0.884909,,7
3,1,1,1.0,1.0,run3_bs2000_N1_M1_G1_CG1_interval38_step38_cooldown_for_k9,38,38,True,9.0,1.4e-35,158.0,1.8e-36,1,,0.885007,,7
3,1,1,1.0,1.0,run3_bs2000_N1_M1_G1_CG1_interval38_step38_cooldown_for_k10,38,38,True,10.0,1.4e-35,159.0,1.1e-36,1,,0.885187,,8
3,1,1,1.0,1.0,run3_bs2000_N1_M1_G1_CG1_interval38_step38_cooldown_for_k7,38,38,True,7.0,1.4e-35,158.0,1.8e-36,1,,0.885579,,7
3,1,1,1.0,1.0,run3_bs2000_N1_M1_G1_CG1_interval38_step38,38,38,False,,0.002,8.0,0.0034,1,1,0.887041,0.884909,4
3,1,1,1.0,1.0,run3_bs2000_N1_M1_G1_CG1_interval39_step39_cooldown_for_k7,39,39,True,7.0,1.8e-36,160.0,6.4e-37,1,,0.884816,,5
3,1,1,1.0,1.0,run3_bs2000_N1_M1_G1_CG1_interval39_step39_cooldown_for_k8,39,39,True,8.0,1.8e-36,161.0,3.8e-37,1,,0.884043,,6
3,1,1,1.0,1.0,run3_bs2000_N1_M1_G1_CG1_interval39_step39_cooldown_for_k9,39,39,True,9.0,1.8e-36,162.0,2.3e-37,1,,0.884033,,7
3,1,1,1.0,1.0,run3_bs2000_N1_M1_G1_CG1_interval39_step39_cooldown_for_k10,39,39,True,10.0,1.8e-36,162.0,2.3e-37,1,,0.884175,,7
3,1,1,1.0,1.0,run3_bs2000_N1_M1_G1_CG1_interval39_step39,39,39,False,,0.0034,9.0,0.002,1,1,0.885849,0.884033,4
3,1,1,1.0,1.0,run3_bs2000_N1_M1_G1_CG1_interval40_step40_cooldown_for_k8,40,40,True,8.0,2.3e-37,167.0,1.8e-38,1,,0.88366,,8
3,1,1,1.0,1.0,run3_bs2000_N1_M1_G1_CG1_interval40_step40_cooldown_for_k9,40,40,True,9.0,2.3e-37,167.0,1.8e-38,1,,0.883555,,8
3,1,1,1.0,1.0,run3_bs2000_N1_M1_G1_CG1_interval40_step40_cooldown_for_k10,40,40,True,10.0,2.3e-37,167.0,1.8e-38,1,,0.883623,,8
3,1,1,1.0,1.0,run3_bs2000_N1_M1_G1_CG1_interval40_step40,40,40,False,,0.002,9.0,0.002,1,1,0.885545,0.883555,3
3,1,1,1.0,1.0,run3_bs2000_N1_M1_G1_CG1_interval41_step41_cooldown_for_k8,41,41,True,8.0,1.8e-38,170.0,3.9e-39,1,,0.882952,,6
3,1,1,1.0,1.0,run3_bs2000_N1_M1_G1_CG1_interval41_step41_cooldown_for_k9,41,41,True,9.0,1.8e-38,171.0,2.3e-39,1,,0.882878,,7
3,1,1,1.0,1.0,run3_bs2000_N1_M1_G1_CG1_interval41_step41_cooldown_for_k10,41,41,True,10.0,1.8e-38,171.0,2.3e-39,1,,0.882976,,7
3,1,1,1.0,1.0,run3_bs2000_N1_M1_G1_CG1_interval41_step41,41,41,False,,0.002,9.0,0.002,1,1,0.884446,0.882878,3
3,1,1,1.0,1.0,run3_bs2000_N1_M1_G1_CG1_interval42_step42_cooldown_for_k8,42,42,True,8.0,2.3e-39,175.0,3e-40,1,,0.88256,,7
3,1,1,1.0,1.0,run3_bs2000_N1_M1_G1_CG1_interval42_step42_cooldown_for_k9,42,42,True,9.0,2.3e-39,176.0,1.8e-40,1,,0.882409,,8
3,1,1,1.0,1.0,run3_bs2000_N1_M1_G1_CG1_interval42_step42_cooldown_for_k10,42,42,True,10.0,2.3e-39,176.0,1.8e-40,1,,0.882468,,8
3,1,1,1.0,1.0,run3_bs2000_N1_M1_G1_CG1_interval42_step42,42,42,False,,0.002,9.0,0.002,1,1,0.884164,0.882409,3
3,1,1,1.0,1.0,run3_bs2000_N1_M1_G1_CG1_interval43_step43_cooldown_for_k8,43,43,True,8.0,1.8e-40,179.0,3.9e-41,1,,0.881994,,6
3,1,1,1.0,1.0,run3_bs2000_N1_M1_G1_CG1_interval43_step43_cooldown_for_k9,43,43,True,9.0,1.8e-40,179.0,3.9e-41,1,,0.881853,,6
3,1,1,1.0,1.0,run3_bs2000_N1_M1_G1_CG1_interval43_step43_cooldown_for_k10,43,43,True,10.0,1.8e-40,180.0,2.3e-41,1,,0.881914,,7
3,1,1,1.0,1.0,run3_bs2000_N1_M1_G1_CG1_interval43_step43,43,43,False,,0.002,9.0,0.002,1,1,0.88339,0.881853,3
3,1,1,1.0,1.0,run3_bs2000_N1_M1_G1_CG1_interval44_step44_cooldown_for_k8,44,44,True,8.0,3.9e-41,183.0,5e-42,1,,0.881595,,7
3,1,1,1.0,1.0,run3_bs2000_N1_M1_G1_CG1_interval44_step44_cooldown_for_k9,44,44,True,9.0,3.9e-41,184.0,3e-42,1,,0.881415,,8
3,1,1,1.0,1.0,run3_bs2000_N1_M1_G1_CG1_interval44_step44_cooldown_for_k10,44,44,True,10.0,3.9e-41,184.0,3e-42,1,,0.881463,,8
3,1,1,1.0,1.0,run3_bs2000_N1_M1_G1_CG1_interval44_step44,44,44,False,,0.002,9.0,0.002,1,1,0.882879,0.881415,3
3,1,1,1.0,1.0,run3_bs2000_N1_M1_G1_CG1_interval45_step45_cooldown_for_k8,45,45,True,8.0,3e-42,187.0,6.5e-43,1,,0.881103,,6
3,1,1,1.0,1.0,run3_bs2000_N1_M1_G1_CG1_interval45_step45_cooldown_for_k9,45,45,True,9.0,3e-42,187.0,6.5e-43,1,,0.880919,,6
3,1,1,1.0,1.0,run3_bs2000_N1_M1_G1_CG1_interval45_step45_cooldown_for_k10,45,45,True,10.0,3e-42,188.0,3.9e-43,1,,0.880965,,7
3,1,1,1.0,1.0,run3_bs2000_N1_M1_G1_CG1_interval45_step45,45,45,False,,0.002,9.0,0.002,1,1,0.882315,0.880919,3
3,1,1,1.0,1.0,run3_bs2000_N1_M1_G1_CG1_interval46_step46_cooldown_for_k8,46,46,True,8.0,6.5e-43,191.0,8.5e-44,1,,0.880727,,7
3,1,1,1.0,1.0,run3_bs2000_N1_M1_G1_CG1_interval46_step46_cooldown_for_k9,46,46,True,9.0,6.5e-43,192.0,5.1e-44,1,,0.880515,,8
3,1,1,1.0,1.0,run3_bs2000_N1_M1_G1_CG1_interval46_step46_cooldown_for_k10,46,46,True,10.0,6.5e-43,192.0,5.1e-44,1,,0.880553,,8
3,1,1,1.0,1.0,run3_bs2000_N1_M1_G1_CG1_interval46_step46,46,46,False,,0.002,9.0,0.002,1,1,0.881921,0.880515,3
3,1,1,1.0,1.0,run3_bs2000_N1_M1_G1_CG1_interval47_step47_cooldown_for_k8,47,47,True,8.0,5.1e-44,194.0,1.8e-44,1,,0.880305,,5
3,1,1,1.0,1.0,run3_bs2000_N1_M1_G1_CG1_interval47_step47_cooldown_for_k9,47,47,True,9.0,5.1e-44,195.0,1.1e-44,1,,0.880079,,6
3,1,1,1.0,1.0,run3_bs2000_N1_M1_G1_CG1_interval47_step47_cooldown_for_k10,47,47,True,10.0,5.1e-44,196.0,6.6e-45,1,,0.880108,,7
3,1,1,1.0,1.0,run3_bs2000_N1_M1_G1_CG1_interval47_step47,47,47,False,,0.002,9.0,0.002,1,1,0.881452,0.880079,3
3,1,1,1.0,1.0,run3_bs2000_N1_M1_G1_CG1_interval48_step48_cooldown_for_k8,48,48,True,8.0,1.1e-44,200.0,8.5e-46,1,,0.879953,,8
3,1,1,1.0,1.0,run3_bs2000_N1_M1_G1_CG1_interval48_step48_cooldown_for_k9,48,48,True,9.0,1.1e-44,200.0,8.5e-46,1,,0.879716,,8
3,1,1,1.0,1.0,run3_bs2000_N1_M1_G1_CG1_interval48_step48_cooldown_for_k10,48,48,True,10.0,1.1e-44,200.0,8.5e-46,1,,0.879742,,8
3,1,1,1.0,1.0,run3_bs2000_N1_M1_G1_CG1_interval48_step48,48,48,False,,0.002,9.0,0.002,1,1,0.881113,0.879716,3
3,1,1,1.0,1.0,run3_bs2000_N1_M1_G1_CG1_interval49_step49,49,49,False,,0.002,11.0,0.00073,1,0,0.880209,0.880209,5
4,1,1,1.0,0.25,run4_bs2000_N1_M1_G1_CG0p25_interval0_step0_cooldown_for_k-1,0,0,True,-1.0,0.2,-1.0,0.33,1,,2.222638,,8
4,1,1,1.0,0.25,run4_bs2000_N1_M1_G1_CG0p25_interval0_step0_cooldown_for_k0,0,0,True,0.0,0.2,-1.0,0.33,1,,2.224636,,8
4,1,1,1.0,0.25,run4_bs2000_N1_M1_G1_CG0p25_interval0_step0_cooldown_for_k1,0,0,True,1.0,0.2,-1.0,0.33,1,,2.24929,,8
4,1,1,1.0,0.25,run4_bs2000_N1_M1_G1_CG0p25_interval0_step0_cooldown_for_k-2,0,0,True,-2.0,0.2,-1.0,0.33,1,,2.252837,,8
4,1,1,1.0,0.25,run4_bs2000_N1_M1_G1_CG0p25_interval0_step0,0,0,False,,0.2,-1.0,0.33,1,1,2.251061,2.222638,4
4,1,1,1.0,0.25,run4_bs2000_N1_M1_G1_CG0p25_interval1_step1_cooldown_for_k-2,1,1,True,-2.0,0.33,-0.25,0.23,1,,2.097663,,8
4,1,1,1.0,0.25,run4_bs2000_N1_M1_G1_CG0p25_interval1_step1_cooldown_for_k-1,1,1,True,-1.0,0.33,0.75,0.14,1,,2.115668,,8
4,1,1,1.0,0.25,run4_bs2000_N1_M1_G1_CG0p25_interval1_step1_cooldown_for_k0,1,1,True,0.0,0.33,0.75,0.14,1,,2.150883,,8
4,1,1,1.0,0.25,run4_bs2000_N1_M1_G1_CG0p25_interval1_step1_cooldown_for_k-3,1,1,True,-3.0,0.33,-0.75,0.29,1,,2.133393,,8
4,1,1,1.0,0.25,run4_bs2000_N1_M1_G1_CG0p25_interval1_step1,1,1,False,,0.33,-2.0,0.56,1,1,2.717392,2.097663,4
4,1,1,1.0,0.25,run4_bs2000_N1_M1_G1_CG0p25_interval2_step2_cooldown_for_k-3,2,2,True,-3.0,0.23,0.5,0.15,1,,2.000108,,8
4,1,1,1.0,0.25,run4_bs2000_N1_M1_G1_CG0p25_interval2_step2_cooldown_for_k-2,2,2,True,-2.0,0.23,0.5,0.15,1,,1.958483,,8
4,1,1,1.0,0.25,run4_bs2000_N1_M1_G1_CG0p25_interval2_step2_cooldown_for_k-1,2,2,True,-1.0,0.23,1.0,0.12,1,,1.92569,,8
4,1,1,1.0,0.25,run4_bs2000_N1_M1_G1_CG0p25_interval2_step2_cooldown_for_k0,2,2,True,0.0,0.23,1.0,0.12,1,,1.902438,,8
4,1,1,1.0,0.25,run4_bs2000_N1_M1_G1_CG0p25_interval2_step2_cooldown_for_k1,2,2,True,1.0,0.23,1.0,0.12,1,,1.897581,,9
4,1,1,1.0,0.25,run4_bs2000_N1_M1_G1_CG0p25_interval2_step2_cooldown_for_k2,2,2,True,2.0,0.23,1.5,0.093,1,,1.916365,,9
4,1,1,1.0,0.25,run4_bs2000_N1_M1_G1_CG0p25_interval2_step2,2,2,False,,0.56,1.0,0.12,1,1,2.089308,1.897581,6
4,1,1,1.0,0.25,run4_bs2000_N1_M1_G1_CG0p25_interval3_step3_cooldown_for_k0,3,3,True,0.0,0.12,2.25,0.063,1,,1.738227,,8
4,1,1,1.0,0.25,run4_bs2000_N1_M1_G1_CG0p25_interval3_step3_cooldown_for_k1,3,3,True,1.0,0.12,2.25,0.063,1,,1.741232,,8
4,1,1,1.0,0.25,run4_bs2000_N1_M1_G1_CG0p25_interval3_step3_cooldown_for_k2,3,3,True,2.0,0.12,1.75,0.082,1,,1.757074,,8
4,1,1,1.0,0.25,run4_bs2000_N1_M1_G1_CG0p25_interval3_step3_cooldown_for_k-1,3,3,True,-1.0,0.12,1.25,0.11,1,,1.775357,,7
4,1,1,1.0,0.25,run4_bs2000_N1_M1_G1_CG0p25_interval3_step3,3,3,False,,0.12,0.0,0.2,1,1,1.9124,1.738227,4
4,1,1,1.0,0.25,run4_bs2000_N1_M1_G1_CG0p25_interval4_step4_cooldown_for_k-1,4,4,True,-1.0,0.063,0.25,0.18,1,,1.745971,,9
4,1,1,1.0,0.25,run4_bs2000_N1_M1_G1_CG0p25_interval4_step4_cooldown_for_k0,4,4,True,0.0,0.063,1.25,0.11,1,,1.641856,,8
4,1,1,1.0,0.25,run4_bs2000_N1_M1_G1_CG0p25_interval4_step4_cooldown_for_k1,4,4,True,1.0,0.063,2.25,0.063,1,,1.604964,,7
4,1,1,1.0,0.25,run4_bs2000_N1_M1_G1_CG0p25_interval4_step4_cooldown_for_k2,4,4,True,2.0,0.063,2.25,0.063,1,,1.605044,,7
4,1,1,1.0,0.25,run4_bs2000_N1_M1_G1_CG0p25_interval4_step4,4,4,False,,0.2,1.0,0.12,1,1,1.772668,1.604964,4
4,1,1,1.0,0.25,run4_bs2000_N1_M1_G1_CG0p25_interval5_step5_cooldown_for_k0,5,5,True,0.0,0.063,1.25,0.11,1,,1.596404,,8
4,1,1,1.0,0.25,run4_bs2000_N1_M1_G1_CG0p25_interval5_step5_cooldown_for_k1,5,5,True,1.0,0.063,2.25,0.063,1,,1.505748,,7
4,1,1,1.0,0.25,run4_bs2000_N1_M1_G1_CG0p25_interval5_step5_cooldown_for_k2,5,5,True,2.0,0.063,2.25,0.063,1,,1.49002,,7
4,1,1,1.0,0.25,run4_bs2000_N1_M1_G1_CG0p25_interval5_step5_cooldown_for_k3,5,5,True,3.0,0.063,2.25,0.063,1,,1.509691,,7
4,1,1,1.0,0.25,run4_bs2000_N1_M1_G1_CG0p25_interval5_step5,5,5,False,,0.12,2.0,0.072,1,1,1.650681,1.49002,4
4,1,1,1.0,0.25,run4_bs2000_N1_M1_G1_CG0p25_interval6_step6_cooldown_for_k1,6,6,True,1.0,0.063,2.25,0.063,1,,1.419472,,7
4,1,1,1.0,0.25,run4_bs2000_N1_M1_G1_CG0p25_interval6_step6_cooldown_for_k2,6,6,True,2.0,0.063,2.25,0.063,1,,1.40721,,7
4,1,1,1.0,0.25,run4_bs2000_N1_M1_G1_CG0p25_interval6_step6_cooldown_for_k3,6,6,True,3.0,0.063,3.25,0.038,1,,1.430554,,8
4,1,1,1.0,0.25,run4_bs2000_N1_M1_G1_CG0p25_interval6_step6,6,6,False,,0.072,2.0,0.072,1,1,1.604478,1.40721,3
4,1,1,1.0,0.25,run4_bs2000_N1_M1_G1_CG0p25_interval7_step7_cooldown_for_k1,7,7,True,1.0,0.063,2.25,0.063,1,,1.40545,,7
4,1,1,1.0,0.25,run4_bs2000_N1_M1_G1_CG0p25_interval7_step7_cooldown_for_k2,7,7,True,2.0,0.063,3.25,0.038,1,,1.374336,,8
4,1,1,1.0,0.25,run4_bs2000_N1_M1_G1_CG0p25_interval7_step7_cooldown_for_k3,7,7,True,3.0,0.063,3.25,0.038,1,,1.38599,,8
4,1,1,1.0,0.25,run4_bs2000_N1_M1_G1_CG0p25_interval7_step7,7,7,False,,0.072,2.0,0.072,1,1,1.617465,1.374336,3
4,1,1,1.0,0.25,run4_bs2000_N1_M1_G1_CG0p25_interval8_step8_cooldown_for_k1,8,8,True,1.0,0.038,6.75,0.0064,1,,1.527678,,11
4,1,1,1.0,0.25,run4_bs2000_N1_M1_G1_CG0p25_interval8_step8_cooldown_for_k2,8,8,True,2.0,0.038,6.75,0.0064,1,,1.433393,,11
4,1,1,1.0,0.25,run4_bs2000_N1_M1_G1_CG0p25_interval8_step8_cooldown_for_k3,8,8,True,3.0,0.038,7.25,0.0049,1,,1.414007,,11
4,1,1,1.0,0.25,run4_bs2000_N1_M1_G1_CG0p25_interval8_step8_cooldown_for_k4,8,8,True,4.0,0.038,7.25,0.0049,1,,1.421566,,11
4,1,1,1.0,0.25,run4_bs2000_N1_M1_G1_CG0p25_interval8_step8,8,8,False,,0.072,3.0,0.043,1,1,1.631953,1.414007,4
4,1,1,1.0,0.25,run4_bs2000_N1_M1_G1_CG0p25_interval9_step9_cooldown_for_k2,9,9,True,2.0,0.0049,16.25,5e-05,1,,1.419267,,16
4,1,1,1.0,0.25,run4_bs2000_N1_M1_G1_CG0p25_interval9_step9_cooldown_for_k3,9,9,True,3.0,0.0049,16.25,5e-05,1,,1.378912,,16
4,1,1,1.0,0.25,run4_bs2000_N1_M1_G1_CG0p25_interval9_step9_cooldown_for_k4,9,9,True,4.0,0.0049,16.25,5e-05,1,,1.372888,,16
4,1,1,1.0,0.25,run4_bs2000_N1_M1_G1_CG0p25_interval9_step9_cooldown_for_k5,9,9,True,5.0,0.0049,16.25,5e-05,1,,1.376987,,16
4,1,1,1.0,0.25,run4_bs2000_N1_M1_G1_CG0p25_interval9_step9,9,9,False,,0.043,4.0,0.026,1,1,1.502868,1.372888,4
4,1,1,1.0,0.25,run4_bs2000_N1_M1_G1_CG0p25_interval10_step10_cooldown_for_k3,10,10,True,3.0,5e-05,29.25,6.5e-08,1,,1.302312,,20
4,1,1,1.0,0.25,run4_bs2000_N1_M1_G1_CG0p25_interval10_step10_cooldown_for_k4,10,10,True,4.0,5e-05,28.25,1.1e-07,1,,1.298608,,19
4,1,1,1.0,0.25,run4_bs2000_N1_M1_G1_CG0p25_interval10_step10_cooldown_for_k5,10,10,True,5.0,5e-05,28.25,1.1e-07,1,,1.302838,,19
4,1,1,1.0,0.25,run4_bs2000_N1_M1_G1_CG0p25_interval10_step10,10,10,False,,0.026,4.0,0.026,1,1,1.397027,1.298608,3
4,1,1,1.0,0.25,run4_bs2000_N1_M1_G1_CG0p25_interval11_step11_cooldown_for_k3,11,11,True,3.0,1.1e-07,34.25,5e-09,1,,1.234262,,13
4,1,1,1.0,0.25,run4_bs2000_N1_M1_G1_CG0p25_interval11_step11_cooldown_for_k4,11,11,True,4.0,1.1e-07,34.25,5e-09,1,,1.237398,,13
4,1,1,1.0,0.25,run4_bs2000_N1_M1_G1_CG0p25_interval11_step11_cooldown_for_k5,11,11,True,5.0,1.1e-07,35.25,3e-09,1,,1.247049,,14
4,1,1,1.0,0.25,run4_bs2000_N1_M1_G1_CG0p25_interval11_step11_cooldown_for_k2,11,11,True,2.0,1.1e-07,34.25,5e-09,1,,1.272374,,13
4,1,1,1.0,0.25,run4_bs2000_N1_M1_G1_CG0p25_interval11_step11,11,11,False,,0.026,3.0,0.043,1,1,1.32725,1.234262,4
4,1,1,1.0,0.25,run4_bs2000_N1_M1_G1_CG0p25_interval12_step12_cooldown_for_k2,12,12,True,2.0,5e-09,38.25,6.5e-10,1,,1.27003,,11
4,1,1,1.0,0.25,run4_bs2000_N1_M1_G1_CG0p25_interval12_step12_cooldown_for_k3,12,12,True,3.0,5e-09,38.25,6.5e-10,1,,1.210331,,11
4,1,1,1.0,0.25,run4_bs2000_N1_M1_G1_CG0p25_interval12_step12_cooldown_for_k4,12,12,True,4.0,5e-09,38.25,6.5e-10,1,,1.199007,,11
4,1,1,1.0,0.25,run4_bs2000_N1_M1_G1_CG0p25_interval12_step12_cooldown_for_k5,12,12,True,5.0,5e-09,38.25,6.5e-10,1,,1.202071,,11
4,1,1,1.0,0.25,run4_bs2000_N1_M1_G1_CG0p25_interval12_step12,12,12,False,,0.043,4.0,0.026,1,1,1.266089,1.199007,4
4,1,1,1.0,0.25,run4_bs2000_N1_M1_G1_CG0p25_interval13_step13_cooldown_for_k3,13,13,True,3.0,6.5e-10,43.25,5.1e-11,1,,1.17346,,12
4,1,1,1.0,0.25,run4_bs2000_N1_M1_G1_CG0p25_interval13_step13_cooldown_for_k4,13,13,True,4.0,6.5e-10,43.25,5.1e-11,1,,1.163991,,12
4,1,1,1.0,0.25,run4_bs2000_N1_M1_G1_CG0p25_interval13_step13_cooldown_for_k5,13,13,True,5.0,6.5e-10,43.25,5.1e-11,1,,1.16766,,12
4,1,1,1.0,0.25,run4_bs2000_N1_M1_G1_CG0p25_interval13_step13,13,13,False,,0.026,4.0,0.026,1,1,1.248016,1.163991,3
4,1,1,1.0,0.25,run4_bs2000_N1_M1_G1_CG0p25_interval14_step14_cooldown_for_k3,14,14,True,3.0,5.1e-11,47.25,6.6e-12,1,,1.14282,,11
4,1,1,1.0,0.25,run4_bs2000_N1_M1_G1_CG0p25_interval14_step14_cooldown_for_k4,14,14,True,4.0,5.1e-11,47.25,6.6e-12,1,,1.132164,,11
4,1,1,1.0,0.25,run4_bs2000_N1_M1_G1_CG0p25_interval14_step14_cooldown_for_k5,14,14,True,5.0,5.1e-11,47.25,6.6e-12,1,,1.135695,,11
4,1,1,1.0,0.25,run4_bs2000_N1_M1_G1_CG0p25_interval14_step14,14,14,False,,0.026,4.0,0.026,1,1,1.211877,1.132164,3
4,1,1,1.0,0.25,run4_bs2000_N1_M1_G1_CG0p25_interval15_step15_cooldown_for_k3,15,15,True,3.0,6.6e-12,51.25,8.5e-13,1,,1.128531,,11
4,1,1,1.0,0.25,run4_bs2000_N1_M1_G1_CG0p25_interval15_step15_cooldown_for_k4,15,15,True,4.0,6.6e-12,51.25,8.5e-13,1,,1.108911,,11
4,1,1,1.0,0.25,run4_bs2000_N1_M1_G1_CG0p25_interval15_step15_cooldown_for_k5,15,15,True,5.0,6.6e-12,51.25,8.5e-13,1,,1.107976,,11
4,1,1,1.0,0.25,run4_bs2000_N1_M1_G1_CG0p25_interval15_step15_cooldown_for_k6,15,15,True,6.0,6.6e-12,51.25,8.5e-13,1,,1.111689,,11
4,1,1,1.0,0.25,run4_bs2000_N1_M1_G1_CG0p25_interval15_step15,15,15,False,,0.026,5.0,0.016,1,1,1.195873,1.107976,4
4,1,1,1.0,0.25,run4_bs2000_N1_M1_G1_CG0p25_interval16_step16_cooldown_for_k4,16,16,True,4.0,8.5e-13,56.25,6.6e-14,1,,1.083423,,12
4,1,1,1.0,0.25,run4_bs2000_N1_M1_G1_CG0p25_interval16_step16_cooldown_for_k5,16,16,True,5.0,8.5e-13,57.25,4e-14,1,,1.081283,,13
4,1,1,1.0,0.25,run4_bs2000_N1_M1_G1_CG0p25_interval16_step16_cooldown_for_k6,16,16,True,6.0,8.5e-13,57.25,4e-14,1,,1.08349,,13
4,1,1,1.0,0.25,run4_bs2000_N1_M1_G1_CG0p25_interval16_step16,16,16,False,,0.016,5.0,0.016,1,1,1.17842,1.081283,3
4,1,1,1.0,0.25,run4_bs2000_N1_M1_G1_CG0p25_interval17_step17_cooldown_for_k4,17,17,True,4.0,4e-14,62.25,3.1e-15,1,,1.070258,,12
4,1,1,1.0,0.25,run4_bs2000_N1_M1_G1_CG0p25_interval17_step17_cooldown_for_k5,17,17,True,5.0,4e-14,62.25,3.1e-15,1,,1.065849,,12
4,1,1,1.0,0.25,run4_bs2000_N1_M1_G1_CG0p25_interval17_step17_cooldown_for_k6,17,17,True,6.0,4e-14,62.25,3.1e-15,1,,1.067304,,12
4,1,1,1.0,0.25,run4_bs2000_N1_M1_G1_CG0p25_interval17_step17,17,17,False,,0.016,5.0,0.016,1,1,1.142265,1.065849,3
4,1,1,1.0,0.25,run4_bs2000_N1_M1_G1_CG0p25_interval18_step18_cooldown_for_k4,18,18,True,4.0,3.1e-15,68.25,1.4e-16,1,,1.054548,,13
4,1,1,1.0,0.25,run4_bs2000_N1_M1_G1_CG0p25_interval18_step18_cooldown_for_k5,18,18,True,5.0,3.1e-15,68.25,1.4e-16,1,,1.051726,,13
4,1,1,1.0,0.25,run4_bs2000_N1_M1_G1_CG0p25_interval18_step18_cooldown_for_k6,18,18,True,6.0,3.1e-15,68.25,1.4e-16,1,,1.054939,,13
4,1,1,1.0,0.25,run4_bs2000_N1_M1_G1_CG0p25_interval18_step18,18,18,False,,0.016,5.0,0.016,1,1,1.126349,1.051726,3
4,1,1,1.0,0.25,run4_bs2000_N1_M1_G1_CG0p25_interval19_step19_cooldown_for_k4,19,19,True,4.0,1.4e-16,74.25,6.7e-18,1,,1.026845,,13
4,1,1,1.0,0.25,run4_bs2000_N1_M1_G1_CG0p25_interval19_step19_cooldown_for_k5,19,19,True,5.0,1.4e-16,74.25,6.7e-18,1,,1.023692,,13
4,1,1,1.0,0.25,run4_bs2000_N1_M1_G1_CG0p25_interval19_step19_cooldown_for_k6,19,19,True,6.0,1.4e-16,74.25,6.7e-18,1,,1.025723,,13
4,1,1,1.0,0.25,run4_bs2000_N1_M1_G1_CG0p25_interval19_step19,19,19,False,,0.016,5.0,0.016,1,1,1.086649,1.023692,3
4,1,1,1.0,0.25,run4_bs2000_N1_M1_G1_CG0p25_interval20_step20_cooldown_for_k4,20,20,True,4.0,6.7e-18,78.25,8.7e-19,1,,1.01072,,11
4,1,1,1.0,0.25,run4_bs2000_N1_M1_G1_CG0p25_interval20_step20_cooldown_for_k5,20,20,True,5.0,6.7e-18,79.25,5.2e-19,1,,1.00737,,12
4,1,1,1.0,0.25,run4_bs2000_N1_M1_G1_CG0p25_interval20_step20_cooldown_for_k6,20,20,True,6.0,6.7e-18,79.25,5.2e-19,1,,1.009936,,12
4,1,1,1.0,0.25,run4_bs2000_N1_M1_G1_CG0p25_interval20_step20,20,20,False,,0.016,5.0,0.016,1,1,1.056,1.00737,3
4,1,1,1.0,0.25,run4_bs2000_N1_M1_G1_CG0p25_interval21_step21_cooldown_for_k4,21,21,True,4.0,5.2e-19,85.25,2.4e-20,1,,0.992913,,13
4,1,1,1.0,0.25,run4_bs2000_N1_M1_G1_CG0p25_interval21_step21_cooldown_for_k5,21,21,True,5.0,5.2e-19,85.25,2.4e-20,1,,0.988808,,13
4,1,1,1.0,0.25,run4_bs2000_N1_M1_G1_CG0p25_interval21_step21_cooldown_for_k6,21,21,True,6.0,5.2e-19,85.25,2.4e-20,1,,0.991032,,13
4,1,1,1.0,0.25,run4_bs2000_N1_M1_G1_CG0p25_interval21_step21,21,21,False,,0.016,5.0,0.016,1,1,1.046973,0.988808,3
4,1,1,1.0,0.25,run4_bs2000_N1_M1_G1_CG0p25_interval22_step22_cooldown_for_k4,22,22,True,4.0,2.4e-20,90.25,1.9e-21,1,,0.975225,,12
4,1,1,1.0,0.25,run4_bs2000_N1_M1_G1_CG0p25_interval22_step22_cooldown_for_k5,22,22,True,5.0,2.4e-20,90.25,1.9e-21,1,,0.969754,,12
4,1,1,1.0,0.25,run4_bs2000_N1_M1_G1_CG0p25_interval22_step22_cooldown_for_k6,22,22,True,6.0,2.4e-20,91.25,1.1e-21,1,,0.971131,,13
4,1,1,1.0,0.25,run4_bs2000_N1_M1_G1_CG0p25_interval22_step22,22,22,False,,0.016,5.0,0.016,1,1,1.021837,0.969754,3
4,1,1,1.0,0.25,run4_bs2000_N1_M1_G1_CG0p25_interval23_step23_cooldown_for_k4,23,23,True,4.0,1.9e-21,95.25,1.5e-22,1,,0.970565,,12
4,1,1,1.0,0.25,run4_bs2000_N1_M1_G1_CG0p25_interval23_step23_cooldown_for_k5,23,23,True,5.0,1.9e-21,95.25,1.5e-22,1,,0.961484,,12
4,1,1,1.0,0.25,run4_bs2000_N1_M1_G1_CG0p25_interval23_step23_cooldown_for_k6,23,23,True,6.0,1.9e-21,96.25,8.9e-23,1,,0.960539,,13
4,1,1,1.0,0.25,run4_bs2000_N1_M1_G1_CG0p25_interval23_step23_cooldown_for_k7,23,23,True,7.0,1.9e-21,96.25,8.9e-23,1,,0.961739,,13
4,1,1,1.0,0.25,run4_bs2000_N1_M1_G1_CG0p25_interval23_step23,23,23,False,,0.016,6.0,0.0093,1,1,0.998118,0.960539,4
4,1,1,1.0,0.25,run4_bs2000_N1_M1_G1_CG0p25_interval24_step24_cooldown_for_k5,24,24,True,5.0,8.9e-23,101.25,6.9e-24,1,,0.952497,,12
4,1,1,1.0,0.25,run4_bs2000_N1_M1_G1_CG0p25_interval24_step24_cooldown_for_k6,24,24,True,6.0,8.9e-23,102.25,4.1e-24,1,,0.952032,,13
4,1,1,1.0,0.25,run4_bs2000_N1_M1_G1_CG0p25_interval24_step24_cooldown_for_k7,24,24,True,7.0,8.9e-23,102.25,4.1e-24,1,,0.953115,,13
4,1,1,1.0,0.25,run4_bs2000_N1_M1_G1_CG0p25_interval24_step24,24,24,False,,0.0093,6.0,0.0093,1,1,0.983593,0.952032,3
4,1,1,1.0,0.25,run4_bs2000_N1_M1_G1_CG0p25_interval25_step25_cooldown_for_k5,25,25,True,5.0,4.1e-24,107.25,3.2e-25,1,,0.944584,,12
4,1,1,1.0,0.25,run4_bs2000_N1_M1_G1_CG0p25_interval25_step25_cooldown_for_k6,25,25,True,6.0,4.1e-24,107.25,3.2e-25,1,,0.943244,,12
4,1,1,1.0,0.25,run4_bs2000_N1_M1_G1_CG0p25_interval25_step25_cooldown_for_k7,25,25,True,7.0,4.1e-24,107.25,3.2e-25,1,,0.944196,,12
4,1,1,1.0,0.25,run4_bs2000_N1_M1_G1_CG0p25_interval25_step25,25,25,False,,0.0093,6.0,0.0093,1,1,0.974126,0.943244,3
4,1,1,1.0,0.25,run4_bs2000_N1_M1_G1_CG0p25_interval26_step26_cooldown_for_k5,26,26,True,5.0,3.2e-25,112.25,2.5e-26,1,,0.936985,,12
4,1,1,1.0,0.25,run4_bs2000_N1_M1_G1_CG0p25_interval26_step26_cooldown_for_k6,26,26,True,6.0,3.2e-25,112.25,2.5e-26,1,,0.935972,,12
4,1,1,1.0,0.25,run4_bs2000_N1_M1_G1_CG0p25_interval26_step26_cooldown_for_k7,26,26,True,7.0,3.2e-25,113.25,1.5e-26,1,,0.93689,,13
4,1,1,1.0,0.25,run4_bs2000_N1_M1_G1_CG0p25_interval26_step26,26,26,False,,0.0093,6.0,0.0093,1,1,0.967741,0.935972,3
4,1,1,1.0,0.25,run4_bs2000_N1_M1_G1_CG0p25_interval27_step27_cooldown_for_k5,27,27,True,5.0,2.5e-26,117.25,1.9e-27,1,,0.933853,,12
4,1,1,1.0,0.25,run4_bs2000_N1_M1_G1_CG0p25_interval27_step27_cooldown_for_k6,27,27,True,6.0,2.5e-26,118.25,1.2e-27,1,,0.931105,,13
4,1,1,1.0,0.25,run4_bs2000_N1_M1_G1_CG0p25_interval27_step27_cooldown_for_k7,27,27,True,7.0,2.5e-26,118.25,1.2e-27,1,,0.931287,,13
4,1,1,1.0,0.25,run4_bs2000_N1_M1_G1_CG0p25_interval27_step27,27,27,False,,0.0093,6.0,0.0093,1,1,0.957161,0.931105,3
4,1,1,1.0,0.25,run4_bs2000_N1_M1_G1_CG0p25_interval28_step28_cooldown_for_k5,28,28,True,5.0,1.2e-27,123.25,9.1e-29,1,,0.922631,,12
4,1,1,1.0,0.25,run4_bs2000_N1_M1_G1_CG0p25_interval28_step28_cooldown_for_k6,28,28,True,6.0,1.2e-27,124.25,5.4e-29,1,,0.921258,,13
4,1,1,1.0,0.25,run4_bs2000_N1_M1_G1_CG0p25_interval28_step28_cooldown_for_k7,28,28,True,7.0,1.2e-27,125.25,3.3e-29,1,,0.922249,,14
4,1,1,1.0,0.25,run4_bs2000_N1_M1_G1_CG0p25_interval28_step28,28,28,False,,0.0093,6.0,0.0093,1,1,0.947021,0.921258,3
4,1,1,1.0,0.25,run4_bs2000_N1_M1_G1_CG0p25_interval29_step29_cooldown_for_k5,29,29,True,5.0,5.4e-29,129.25,4.2e-30,1,,0.919482,,12
4,1,1,1.0,0.25,run4_bs2000_N1_M1_G1_CG0p25_interval29_step29_cooldown_for_k6,29,29,True,6.0,5.4e-29,130.25,2.5e-30,1,,0.916458,,13
4,1,1,1.0,0.25,run4_bs2000_N1_M1_G1_CG0p25_interval29_step29_cooldown_for_k7,29,29,True,7.0,5.4e-29,130.25,2.5e-30,1,,0.916522,,13
4,1,1,1.0,0.25,run4_bs2000_N1_M1_G1_CG0p25_interval29_step29,29,29,False,,0.0093,6.0,0.0093,1,1,0.936526,0.916458,3
4,1,1,1.0,0.25,run4_bs2000_N1_M1_G1_CG0p25_interval30_step30_cooldown_for_k5,30,30,True,5.0,2.5e-30,135.25,2e-31,1,,0.915248,,12
4,1,1,1.0,0.25,run4_bs2000_N1_M1_G1_CG0p25_interval30_step30_cooldown_for_k6,30,30,True,6.0,2.5e-30,136.25,1.2e-31,1,,0.911565,,13
4,1,1,1.0,0.25,run4_bs2000_N1_M1_G1_CG0p25_interval30_step30_cooldown_for_k7,30,30,True,7.0,2.5e-30,136.25,1.2e-31,1,,0.911578,,13
4,1,1,1.0,0.25,run4_bs2000_N1_M1_G1_CG0p25_interval30_step30,30,30,False,,0.0093,6.0,0.0093,1,1,0.931552,0.911565,3
4,1,1,1.0,0.25,run4_bs2000_N1_M1_G1_CG0p25_interval31_step31_cooldown_for_k5,31,31,True,5.0,1.2e-31,142.25,5.5e-33,1,,0.913059,,13
4,1,1,1.0,0.25,run4_bs2000_N1_M1_G1_CG0p25_interval31_step31_cooldown_for_k6,31,31,True,6.0,1.2e-31,143.25,3.3e-33,1,,0.908178,,14
4,1,1,1.0,0.25,run4_bs2000_N1_M1_G1_CG0p25_interval31_step31_cooldown_for_k7,31,31,True,7.0,1.2e-31,143.25,3.3e-33,1,,0.907536,,14
4,1,1,1.0,0.25,run4_bs2000_N1_M1_G1_CG0p25_interval31_step31_cooldown_for_k8,31,31,True,8.0,1.2e-31,143.25,3.3e-33,1,,0.907888,,14
4,1,1,1.0,0.25,run4_bs2000_N1_M1_G1_CG0p25_interval31_step31,31,31,False,,0.0093,7.0,0.0056,1,1,0.922834,0.907536,4
4,1,1,1.0,0.25,run4_bs2000_N1_M1_G1_CG0p25_interval32_step32_cooldown_for_k6,32,32,True,6.0,3.3e-33,149.25,1.5e-34,1,,0.903597,,13
4,1,1,1.0,0.25,run4_bs2000_N1_M1_G1_CG0p25_interval32_step32_cooldown_for_k7,32,32,True,7.0,3.3e-33,150.25,9.3e-35,1,,0.903442,,14
4,1,1,1.0,0.25,run4_bs2000_N1_M1_G1_CG0p25_interval32_step32_cooldown_for_k8,32,32,True,8.0,3.3e-33,151.25,5.6e-35,1,,0.903918,,15
4,1,1,1.0,0.25,run4_bs2000_N1_M1_G1_CG0p25_interval32_step32,32,32,False,,0.0056,7.0,0.0056,1,1,0.913709,0.903442,3
4,1,1,1.0,0.25,run4_bs2000_N1_M1_G1_CG0p25_interval33_step33_cooldown_for_k6,33,33,True,6.0,9.3e-35,157.25,2.6e-36,1,,0.9007,,14
4,1,1,1.0,0.25,run4_bs2000_N1_M1_G1_CG0p25_interval33_step33_cooldown_for_k7,33,33,True,7.0,9.3e-35,158.25,1.6e-36,1,,0.900291,,15
4,1,1,1.0,0.25,run4_bs2000_N1_M1_G1_CG0p25_interval33_step33_cooldown_for_k8,33,33,True,8.0,9.3e-35,158.25,1.6e-36,1,,0.900757,,15
4,1,1,1.0,0.25,run4_bs2000_N1_M1_G1_CG0p25_interval33_step33,33,33,False,,0.0056,7.0,0.0056,1,1,0.907704,0.900291,3
4,1,1,1.0,0.25,run4_bs2000_N1_M1_G1_CG0p25_interval34_step34_cooldown_for_k6,34,34,True,6.0,1.6e-36,163.25,1.2e-37,1,,0.898287,,12
4,1,1,1.0,0.25,run4_bs2000_N1_M1_G1_CG0p25_interval34_step34_cooldown_for_k7,34,34,True,7.0,1.6e-36,165.25,4.4e-38,1,,0.897567,,14
4,1,1,1.0,0.25,run4_bs2000_N1_M1_G1_CG0p25_interval34_step34_cooldown_for_k8,34,34,True,8.0,1.6e-36,165.25,4.4e-38,1,,0.897872,,14
4,1,1,1.0,0.25,run4_bs2000_N1_M1_G1_CG0p25_interval34_step34,34,34,False,,0.0056,7.0,0.0056,1,1,0.903844,0.897567,3
4,1,1,1.0,0.25,run4_bs2000_N1_M1_G1_CG0p25_interval35_step35_cooldown_for_k6,35,35,True,6.0,4.4e-38,172.25,1.2e-39,1,,0.89626,,14
4,1,1,1.0,0.25,run4_bs2000_N1_M1_G1_CG0p25_interval35_step35_cooldown_for_k7,35,35,True,7.0,4.4e-38,172.25,1.2e-39,1,,0.895232,,14
4,1,1,1.0,0.25,run4_bs2000_N1_M1_G1_CG0p25_interval35_step35_cooldown_for_k8,35,35,True,8.0,4.4e-38,173.25,7.3e-40,1,,0.895415,,15
4,1,1,1.0,0.25,run4_bs2000_N1_M1_G1_CG0p25_interval35_step35,35,35,False,,0.0056,7.0,0.0056,1,1,0.902019,0.895232,3
4,1,1,1.0,0.25,run4_bs2000_N1_M1_G1_CG0p25_interval36_step36_cooldown_for_k6,36,36,True,6.0,1.2e-39,177.25,9.5e-41,1,,0.894645,,12
4,1,1,1.0,0.25,run4_bs2000_N1_M1_G1_CG0p25_interval36_step36_cooldown_for_k7,36,36,True,7.0,1.2e-39,178.25,5.7e-41,1,,0.893312,,13
4,1,1,1.0,0.25,run4_bs2000_N1_M1_G1_CG0p25_interval36_step36_cooldown_for_k8,36,36,True,8.0,1.2e-39,179.25,3.4e-41,1,,0.893308,,14
4,1,1,1.0,0.25,run4_bs2000_N1_M1_G1_CG0p25_interval36_step36_cooldown_for_k9,36,36,True,9.0,1.2e-39,179.25,3.4e-41,1,,0.893599,,14
4,1,1,1.0,0.25,run4_bs2000_N1_M1_G1_CG0p25_interval36_step36,36,36,False,,0.0056,8.0,0.0034,1,1,0.897086,0.893308,4
4,1,1,1.0,0.25,run4_bs2000_N1_M1_G1_CG0p25_interval37_step37_cooldown_for_k7,37,37,True,7.0,3.4e-41,186.25,9.6e-43,1,,0.891591,,14
4,1,1,1.0,0.25,run4_bs2000_N1_M1_G1_CG0p25_interval37_step37_cooldown_for_k8,37,37,True,8.0,3.4e-41,186.25,9.6e-43,1,,0.891725,,14
4,1,1,1.0,0.25,run4_bs2000_N1_M1_G1_CG0p25_interval37_step37_cooldown_for_k9,37,37,True,9.0,3.4e-41,186.25,9.6e-43,1,,0.892045,,14
4,1,1,1.0,0.25,run4_bs2000_N1_M1_G1_CG0p25_interval37_step37_cooldown_for_k6,37,37,True,6.0,3.4e-41,185.25,1.6e-42,1,,0.892612,,13
4,1,1,1.0,0.25,run4_bs2000_N1_M1_G1_CG0p25_interval37_step37,37,37,False,,0.0034,7.0,0.0056,1,1,0.897354,0.891591,4
4,1,1,1.0,0.25,run4_bs2000_N1_M1_G1_CG0p25_interval38_step38_cooldown_for_k6,38,38,True,6.0,9.6e-43,190.25,1.2e-43,1,,0.891627,,11
4,1,1,1.0,0.25,run4_bs2000_N1_M1_G1_CG0p25_interval38_step38_cooldown_for_k7,38,38,True,7.0,9.6e-43,191.25,7.5e-44,1,,0.889941,,12
4,1,1,1.0,0.25,run4_bs2000_N1_M1_G1_CG0p25_interval38_step38_cooldown_for_k8,38,38,True,8.0,9.6e-43,192.25,4.5e-44,1,,0.889841,,13
4,1,1,1.0,0.25,run4_bs2000_N1_M1_G1_CG0p25_interval38_step38_cooldown_for_k9,38,38,True,9.0,9.6e-43,192.25,4.5e-44,1,,0.890109,,13
4,1,1,1.0,0.25,run4_bs2000_N1_M1_G1_CG0p25_interval38_step38,38,38,False,,0.0056,8.0,0.0034,1,1,0.89372,0.889841,4
4,1,1,1.0,0.25,run4_bs2000_N1_M1_G1_CG0p25_interval39_step39_cooldown_for_k7,39,39,True,7.0,4.5e-44,199.25,1.3e-45,1,,0.889139,,14
4,1,1,1.0,0.25,run4_bs2000_N1_M1_G1_CG0p25_interval39_step39_cooldown_for_k8,39,39,True,8.0,4.5e-44,199.25,1.3e-45,1,,0.888904,,14
4,1,1,1.0,0.25,run4_bs2000_N1_M1_G1_CG0p25_interval39_step39_cooldown_for_k9,39,39,True,9.0,4.5e-44,199.25,1.3e-45,1,,0.888998,,14
4,1,1,1.0,0.25,run4_bs2000_N1_M1_G1_CG0p25_interval39_step39,39,39,False,,0.0034,8.0,0.0034,1,1,0.893371,0.888904,3
4,1,1,1.0,0.25,run4_bs2000_N1_M1_G1_CG0p25_interval40_step40_cooldown_for_k7,40,40,True,7.0,1.3e-45,203.25,1.6e-46,1,,0.887809,,11
4,1,1,1.0,0.25,run4_bs2000_N1_M1_G1_CG0p25_interval40_step40_cooldown_for_k8,40,40,True,8.0,1.3e-45,204.25,9.7e-47,1,,0.887604,,12
4,1,1,1.0,0.25,run4_bs2000_N1_M1_G1_CG0p25_interval40_step40_cooldown_for_k9,40,40,True,9.0,1.3e-45,205.25,5.8e-47,1,,0.887793,,13
4,1,1,1.0,0.25,run4_bs2000_N1_M1_G1_CG0p25_interval40_step40,40,40,False,,0.0034,8.0,0.0034,1,1,0.891218,0.887604,3
4,1,1,1.0,0.25,run4_bs2000_N1_M1_G1_CG0p25_interval41_step41_cooldown_for_k7,41,41,True,7.0,9.7e-47,211.25,2.7e-48,1,,0.887277,,14
4,1,1,1.0,0.25,run4_bs2000_N1_M1_G1_CG0p25_interval41_step41_cooldown_for_k8,41,41,True,8.0,9.7e-47,211.25,2.7e-48,1,,0.886871,,14
4,1,1,1.0,0.25,run4_bs2000_N1_M1_G1_CG0p25_interval41_step41_cooldown_for_k9,41,41,True,9.0,9.7e-47,211.25,2.7e-48,1,,0.886902,,14
4,1,1,1.0,0.25,run4_bs2000_N1_M1_G1_CG0p25_interval41_step41,41,41,False,,0.0034,8.0,0.0034,1,1,0.891375,0.886871,3
4,1,1,1.0,0.25,run4_bs2000_N1_M1_G1_CG0p25_interval42_step42_cooldown_for_k7,42,42,True,7.0,2.7e-48,215.25,3.5e-49,1,,0.886232,,11
4,1,1,1.0,0.25,run4_bs2000_N1_M1_G1_CG0p25_interval42_step42_cooldown_for_k8,42,42,True,8.0,2.7e-48,216.25,2.1e-49,1,,0.885874,,12
4,1,1,1.0,0.25,run4_bs2000_N1_M1_G1_CG0p25_interval42_step42_cooldown_for_k9,42,42,True,9.0,2.7e-48,216.25,2.1e-49,1,,0.885957,,12
4,1,1,1.0,0.25,run4_bs2000_N1_M1_G1_CG0p25_interval42_step42,42,42,False,,0.0034,8.0,0.0034,1,1,0.889675,0.885874,3
4,1,1,1.0,0.25,run4_bs2000_N1_M1_G1_CG0p25_interval43_step43_cooldown_for_k7,43,43,True,7.0,2.1e-49,223.25,5.9e-51,1,,0.885775,,14
4,1,1,1.0,0.25,run4_bs2000_N1_M1_G1_CG0p25_interval43_step43_cooldown_for_k8,43,43,True,8.0,2.1e-49,223.25,5.9e-51,1,,0.885276,,14
4,1,1,1.0,0.25,run4_bs2000_N1_M1_G1_CG0p25_interval43_step43_cooldown_for_k9,43,43,True,9.0,2.1e-49,223.25,5.9e-51,1,,0.885256,,14
4,1,1,1.0,0.25,run4_bs2000_N1_M1_G1_CG0p25_interval43_step43_cooldown_for_k10,43,43,True,10.0,2.1e-49,223.25,5.9e-51,1,,0.885343,,14
4,1,1,1.0,0.25,run4_bs2000_N1_M1_G1_CG0p25_interval43_step43,43,43,False,,0.0034,9.0,0.002,1,1,0.889073,0.885256,4
4,1,1,1.0,0.25,run4_bs2000_N1_M1_G1_CG0p25_interval44_step44_cooldown_for_k8,44,44,True,8.0,5.9e-51,227.25,7.7e-52,1,,0.884697,,11
4,1,1,1.0,0.25,run4_bs2000_N1_M1_G1_CG0p25_interval44_step44_cooldown_for_k9,44,44,True,9.0,5.9e-51,228.25,4.6e-52,1,,0.884661,,12
4,1,1,1.0,0.25,run4_bs2000_N1_M1_G1_CG0p25_interval44_step44_cooldown_for_k10,44,44,True,10.0,5.9e-51,229.25,2.8e-52,1,,0.884732,,13
4,1,1,1.0,0.25,run4_bs2000_N1_M1_G1_CG0p25_interval44_step44,44,44,False,,0.002,9.0,0.002,1,1,0.887025,0.884661,3
4,1,1,1.0,0.25,run4_bs2000_N1_M1_G1_CG0p25_interval45_step45_cooldown_for_k8,45,45,True,8.0,4.6e-52,234.25,2.2e-53,1,,0.883921,,13
4,1,1,1.0,0.25,run4_bs2000_N1_M1_G1_CG0p25_interval45_step45_cooldown_for_k9,45,45,True,9.0,4.6e-52,234.25,2.2e-53,1,,0.884007,,13
4,1,1,1.0,0.25,run4_bs2000_N1_M1_G1_CG0p25_interval45_step45_cooldown_for_k10,45,45,True,10.0,4.6e-52,235.25,1.3e-53,1,,0.884141,,14
4,1,1,1.0,0.25,run4_bs2000_N1_M1_G1_CG0p25_interval45_step45_cooldown_for_k7,45,45,True,7.0,4.6e-52,234.25,2.2e-53,1,,0.884295,,13
4,1,1,1.0,0.25,run4_bs2000_N1_M1_G1_CG0p25_interval45_step45,45,45,False,,0.002,8.0,0.0034,1,1,0.887483,0.883921,4
4,1,1,1.0,0.25,run4_bs2000_N1_M1_G1_CG0p25_interval46_step46_cooldown_for_k7,46,46,True,7.0,2.2e-53,237.25,4.6e-54,1,,0.883724,,10
4,1,1,1.0,0.25,run4_bs2000_N1_M1_G1_CG0p25_interval46_step46_cooldown_for_k8,46,46,True,8.0,2.2e-53,238.25,2.8e-54,1,,0.883281,,11
4,1,1,1.0,0.25,run4_bs2000_N1_M1_G1_CG0p25_interval46_step46_cooldown_for_k9,46,46,True,9.0,2.2e-53,239.25,1.7e-54,1,,0.883282,,12
4,1,1,1.0,0.25,run4_bs2000_N1_M1_G1_CG0p25_interval46_step46,46,46,False,,0.0034,8.0,0.0034,1,1,0.886996,0.883281,3
4,1,1,1.0,0.25,run4_bs2000_N1_M1_G1_CG0p25_interval47_step47_cooldown_for_k7,47,47,True,7.0,2.8e-54,245.25,7.8e-56,1,,0.883349,,14
4,1,1,1.0,0.25,run4_bs2000_N1_M1_G1_CG0p25_interval47_step47_cooldown_for_k8,47,47,True,8.0,2.8e-54,245.25,7.8e-56,1,,0.88285,,14
4,1,1,1.0,0.25,run4_bs2000_N1_M1_G1_CG0p25_interval47_step47_cooldown_for_k9,47,47,True,9.0,2.8e-54,246.25,4.7e-56,1,,0.882809,,15
4,1,1,1.0,0.25,run4_bs2000_N1_M1_G1_CG0p25_interval47_step47_cooldown_for_k10,47,47,True,10.0,2.8e-54,246.25,4.7e-56,1,,0.882877,,15
4,1,1,1.0,0.25,run4_bs2000_N1_M1_G1_CG0p25_interval47_step47,47,47,False,,0.0034,9.0,0.002,1,1,0.886886,0.882809,4
4,1,1,1.0,0.25,run4_bs2000_N1_M1_G1_CG0p25_interval48_step48_cooldown_for_k8,48,48,True,8.0,4.7e-56,251.25,3.6e-57,1,,0.88249,,12
4,1,1,1.0,0.25,run4_bs2000_N1_M1_G1_CG0p25_interval48_step48_cooldown_for_k9,48,48,True,9.0,4.7e-56,251.25,3.6e-57,1,,0.882392,,12
4,1,1,1.0,0.25,run4_bs2000_N1_M1_G1_CG0p25_interval48_step48_cooldown_for_k10,48,48,True,10.0,4.7e-56,252.25,2.2e-57,1,,0.882401,,13
4,1,1,1.0,0.25,run4_bs2000_N1_M1_G1_CG0p25_interval48_step48,48,48,False,,0.002,9.0,0.002,1,1,0.884743,0.882392,3
4,1,1,1.0,0.25,run4_bs2000_N1_M1_G1_CG0p25_interval49_step49,49,49,False,,0.002,12.0,0.00044,1,0,0.883817,0.883817,6
5,1,1,0.25,0.25,run5_bs2000_N1_M1_G0p25_CG0p25_interval0_step0_cooldown_for_k-1,0,0,True,-1.0,0.2,-1.0,0.33,1,,2.222638,,8
5,1,1,0.25,0.25,run5_bs2000_N1_M1_G0p25_CG0p25_interval0_step0_cooldown_for_k0,0,0,True,0.0,0.2,-1.0,0.33,1,,2.224636,,8
5,1,1,0.25,0.25,run5_bs2000_N1_M1_G0p25_CG0p25_interval0_step0_cooldown_for_k1,0,0,True,1.0,0.2,-1.0,0.33,1,,2.24929,,8
5,1,1,0.25,0.25,run5_bs2000_N1_M1_G0p25_CG0p25_interval0_step0_cooldown_for_k-2,0,0,True,-2.0,0.2,-1.0,0.33,1,,2.252837,,8
5,1,1,0.25,0.25,run5_bs2000_N1_M1_G0p25_CG0p25_interval0_step0_cooldown_for_k-1.5,0,0,True,-1.5,0.2,-1.0,0.33,1,,2.233625,,8
5,1,1,0.25,0.25,run5_bs2000_N1_M1_G0p25_CG0p25_interval0_step0_cooldown_for_k-0.5,0,0,True,-0.5,0.2,-1.0,0.33,1,,2.221294,,8
5,1,1,0.25,0.25,run5_bs2000_N1_M1_G0p25_CG0p25_interval0_step0_cooldown_for_k-0.75,0,0,True,-0.75,0.2,-1.0,0.33,1,,2.221169,,8
5,1,1,0.25,0.25,run5_bs2000_N1_M1_G0p25_CG0p25_interval0_step0_cooldown_for_k-0.25,0,0,True,-0.25,0.2,-1.0,0.33,1,,2.222532,,8
5,1,1,0.25,0.25,run5_bs2000_N1_M1_G0p25_CG0p25_interval0_step0,0,0,False,,0.2,-0.75,0.29,1,1,2.243899,2.221169,8
5,1,1,0.25,0.25,run5_bs2000_N1_M1_G0p25_CG0p25_interval1_step1_cooldown_for_k-1.75,1,1,True,-1.75,0.33,0.75,0.14,1,,2.102462,,8
5,1,1,0.25,0.25,run5_bs2000_N1_M1_G0p25_CG0p25_interval1_step1_cooldown_for_k-0.75,1,1,True,-0.75,0.33,0.75,0.14,1,,2.111717,,9
5,1,1,0.25,0.25,run5_bs2000_N1_M1_G0p25_CG0p25_interval1_step1_cooldown_for_k0.25,1,1,True,0.25,0.33,0.75,0.14,1,,2.15137,,9
5,1,1,0.25,0.25,run5_bs2000_N1_M1_G0p25_CG0p25_interval1_step1_cooldown_for_k-2.75,1,1,True,-2.75,0.33,-0.25,0.23,1,,2.132496,,8
5,1,1,0.25,0.25,run5_bs2000_N1_M1_G0p25_CG0p25_interval1_step1_cooldown_for_k-2.25,1,1,True,-2.25,0.33,-0.25,0.23,1,,2.128881,,8
5,1,1,0.25,0.25,run5_bs2000_N1_M1_G0p25_CG0p25_interval1_step1_cooldown_for_k-1.25,1,1,True,-1.25,0.33,-0.25,0.23,1,,2.140694,,8
5,1,1,0.25,0.25,run5_bs2000_N1_M1_G0p25_CG0p25_interval1_step1_cooldown_for_k-2,1,1,True,-2.0,0.33,-0.25,0.23,1,,2.135152,,8
5,1,1,0.25,0.25,run5_bs2000_N1_M1_G0p25_CG0p25_interval1_step1_cooldown_for_k-1.5,1,1,True,-1.5,0.33,-0.25,0.23,1,,2.144046,,8
5,1,1,0.25,0.25,run5_bs2000_N1_M1_G0p25_CG0p25_interval1_step1,1,1,False,,0.29,-1.75,0.49,1,1,2.720315,2.102462,8
5,1,1,0.25,0.25,run5_bs2000_N1_M1_G0p25_CG0p25_interval2_step2_cooldown_for_k-2.75,2,2,True,-2.75,0.14,0.5,0.15,1,,1.991217,,7
5,1,1,0.25,0.25,run5_bs2000_N1_M1_G0p25_CG0p25_interval2_step2_cooldown_for_k-1.75,2,2,True,-1.75,0.14,1.0,0.12,1,,1.956754,,7
5,1,1,0.25,0.25,run5_bs2000_N1_M1_G0p25_CG0p25_interval2_step2_cooldown_for_k-0.75,2,2,True,-0.75,0.14,1.0,0.12,1,,1.913746,,8
5,1,1,0.25,0.25,run5_bs2000_N1_M1_G0p25_CG0p25_interval2_step2_cooldown_for_k0.25,2,2,True,0.25,0.14,1.0,0.12,1,,1.894263,,8
5,1,1,0.25,0.25,run5_bs2000_N1_M1_G0p25_CG0p25_interval2_step2_cooldown_for_k1.25,2,2,True,1.25,0.14,1.5,0.093,1,,1.894375,,8
5,1,1,0.25,0.25,run5_bs2000_N1_M1_G0p25_CG0p25_interval2_step2_cooldown_for_k-0.25,2,2,True,-0.25,0.14,1.0,0.12,1,,1.906756,,8
5,1,1,0.25,0.25,run5_bs2000_N1_M1_G0p25_CG0p25_interval2_step2_cooldown_for_k0.75,2,2,True,0.75,0.14,1.5,0.093,1,,1.896306,,8
5,1,1,0.25,0.25,run5_bs2000_N1_M1_G0p25_CG0p25_interval2_step2_cooldown_for_k0,2,2,True,0.0,0.14,1.0,0.12,1,,1.905035,,8
5,1,1,0.25,0.25,run5_bs2000_N1_M1_G0p25_CG0p25_interval2_step2_cooldown_for_k0.5,2,2,True,0.5,0.14,1.5,0.093,1,,1.900362,,8
5,1,1,0.25,0.25,run5_bs2000_N1_M1_G0p25_CG0p25_interval2_step2,2,2,False,,0.49,0.25,0.18,1,1,2.088498,1.894263,9
5,1,1,0.25,0.25,run5_bs2000_N1_M1_G0p25_CG0p25_interval3_step3_cooldown_for_k-0.75,3,3,True,-0.75,0.12,1.5,0.093,1,,1.76194,,7
5,1,1,0.25,0.25,run5_bs2000_N1_M1_G0p25_CG0p25_interval3_step3_cooldown_for_k0.25,3,3,True,0.25,0.12,1.5,0.093,1,,1.737764,,8
5,1,1,0.25,0.25,run5_bs2000_N1_M1_G0p25_CG0p25_interval3_step3_cooldown_for_k1.25,3,3,True,1.25,0.12,2.25,0.063,1,,1.745772,,8
5,1,1,0.25,0.25,run5_bs2000_N1_M1_G0p25_CG0p25_interval3_step3_cooldown_for_k-0.25,3,3,True,-0.25,0.12,1.5,0.093,1,,1.737872,,8
5,1,1,0.25,0.25,run5_bs2000_N1_M1_G0p25_CG0p25_interval3_step3_cooldown_for_k0.75,3,3,True,0.75,0.12,2.25,0.063,1,,1.73541,,8
5,1,1,0.25,0.25,run5_bs2000_N1_M1_G0p25_CG0p25_interval3_step3_cooldown_for_k0.5,3,3,True,0.5,0.12,2.25,0.063,1,,1.733204,,8
5,1,1,0.25,0.25,run5_bs2000_N1_M1_G0p25_CG0p25_interval3_step3_cooldown_for_k1,3,3,True,1.0,0.12,2.25,0.063,1,,1.739354,,8
5,1,1,0.25,0.25,run5_bs2000_N1_M1_G0p25_CG0p25_interval3_step3,3,3,False,,0.18,0.5,0.15,1,1,1.891147,1.733204,7
5,1,1,0.25,0.25,run5_bs2000_N1_M1_G0p25_CG0p25_interval4_step4_cooldown_for_k-0.5,4,4,True,-0.5,0.063,1.25,0.11,1,,1.662544,,8
5,1,1,0.25,0.25,run5_bs2000_N1_M1_G0p25_CG0p25_interval4_step4_cooldown_for_k0.5,4,4,True,0.5,0.063,2.25,0.063,1,,1.607095,,7
5,1,1,0.25,0.25,run5_bs2000_N1_M1_G0p25_CG0p25_interval4_step4_cooldown_for_k1.5,4,4,True,1.5,0.063,2.25,0.063,1,,1.59799,,7
5,1,1,0.25,0.25,run5_bs2000_N1_M1_G0p25_CG0p25_interval4_step4_cooldown_for_k2.5,4,4,True,2.5,0.063,2.25,0.063,1,,1.601801,,7
5,1,1,0.25,0.25,run5_bs2000_N1_M1_G0p25_CG0p25_interval4_step4_cooldown_for_k1,4,4,True,1.0,0.063,2.25,0.063,1,,1.601132,,7
5,1,1,0.25,0.25,run5_bs2000_N1_M1_G0p25_CG0p25_interval4_step4_cooldown_for_k2,4,4,True,2.0,0.063,2.25,0.063,1,,1.601876,,7
5,1,1,0.25,0.25,run5_bs2000_N1_M1_G0p25_CG0p25_interval4_step4_cooldown_for_k1.25,4,4,True,1.25,0.063,2.25,0.063,1,,1.601232,,7
5,1,1,0.25,0.25,run5_bs2000_N1_M1_G0p25_CG0p25_interval4_step4_cooldown_for_k1.75,4,4,True,1.75,0.063,2.25,0.063,1,,1.602171,,7
5,1,1,0.25,0.25,run5_bs2000_N1_M1_G0p25_CG0p25_interval4_step4,4,4,False,,0.15,1.5,0.093,1,1,1.748278,1.59799,8
5,1,1,0.25,0.25,run5_bs2000_N1_M1_G0p25_CG0p25_interval5_step5_cooldown_for_k0.5,5,5,True,0.5,0.063,2.25,0.063,1,,1.534364,,7
5,1,1,0.25,0.25,run5_bs2000_N1_M1_G0p25_CG0p25_interval5_step5_cooldown_for_k1.5,5,5,True,1.5,0.063,2.25,0.063,1,,1.490297,,7
5,1,1,0.25,0.25,run5_bs2000_N1_M1_G0p25_CG0p25_interval5_step5_cooldown_for_k2.5,5,5,True,2.5,0.063,2.25,0.063,1,,1.493259,,7
5,1,1,0.25,0.25,run5_bs2000_N1_M1_G0p25_CG0p25_interval5_step5_cooldown_for_k1,5,5,True,1.0,0.063,2.25,0.063,1,,1.512334,,7
5,1,1,0.25,0.25,run5_bs2000_N1_M1_G0p25_CG0p25_interval5_step5_cooldown_for_k2,5,5,True,2.0,0.063,2.25,0.063,1,,1.493994,,7
5,1,1,0.25,0.25,run5_bs2000_N1_M1_G0p25_CG0p25_interval5_step5_cooldown_for_k1.25,5,5,True,1.25,0.063,2.25,0.063,1,,1.509546,,7
5,1,1,0.25,0.25,run5_bs2000_N1_M1_G0p25_CG0p25_interval5_step5_cooldown_for_k1.75,5,5,True,1.75,0.063,2.25,0.063,1,,1.499342,,7
5,1,1,0.25,0.25,run5_bs2000_N1_M1_G0p25_CG0p25_interval5_step5,5,5,False,,0.093,1.5,0.093,1,1,1.682219,1.490297,7
5,1,1,0.25,0.25,run5_bs2000_N1_M1_G0p25_CG0p25_interval6_step6_cooldown_for_k0.5,6,6,True,0.5,0.063,2.25,0.063,1,,1.492394,,7
5,1,1,0.25,0.25,run5_bs2000_N1_M1_G0p25_CG0p25_interval6_step6_cooldown_for_k1.5,6,6,True,1.5,0.063,2.25,0.063,1,,1.435809,,7
5,1,1,0.25,0.25,run5_bs2000_N1_M1_G0p25_CG0p25_interval6_step6_cooldown_for_k2.5,6,6,True,2.5,0.063,3.25,0.038,1,,1.43394,,8
5,1,1,0.25,0.25,run5_bs2000_N1_M1_G0p25_CG0p25_interval6_step6_cooldown_for_k3.5,6,6,True,3.5,0.063,3.25,0.038,1,,1.452857,,8
5,1,1,0.25,0.25,run5_bs2000_N1_M1_G0p25_CG0p25_interval6_step6_cooldown_for_k2,6,6,True,2.0,0.063,3.25,0.038,1,,1.444845,,8
5,1,1,0.25,0.25,run5_bs2000_N1_M1_G0p25_CG0p25_interval6_step6_cooldown_for_k3,6,6,True,3.0,0.063,3.25,0.038,1,,1.452008,,8
5,1,1,0.25,0.25,run5_bs2000_N1_M1_G0p25_CG0p25_interval6_step6_cooldown_for_k2.25,6,6,True,2.25,0.063,3.25,0.038,1,,1.451096,,8
5,1,1,0.25,0.25,run5_bs2000_N1_M1_G0p25_CG0p25_interval6_step6_cooldown_for_k2.75,6,6,True,2.75,0.063,3.25,0.038,1,,1.455909,,8
5,1,1,0.25,0.25,run5_bs2000_N1_M1_G0p25_CG0p25_interval6_step6,6,6,False,,0.093,2.5,0.056,1,1,1.598159,1.43394,8
5,1,1,0.25,0.25,run5_bs2000_N1_M1_G0p25_CG0p25_interval7_step7_cooldown_for_k1.5,7,7,True,1.5,0.038,2.75,0.049,1,,1.391396,,7
5,1,1,0.25,0.25,run5_bs2000_N1_M1_G0p25_CG0p25_interval7_step7_cooldown_for_k2.5,7,7,True,2.5,0.038,3.75,0.029,1,,1.408023,,8
5,1,1,0.25,0.25,run5_bs2000_N1_M1_G0p25_CG0p25_interval7_step7_cooldown_for_k3.5,7,7,True,3.5,0.038,5.25,0.014,1,,1.42533,,9
5,1,1,0.25,0.25,run5_bs2000_N1_M1_G0p25_CG0p25_interval7_step7_cooldown_for_k0.5,7,7,True,0.5,0.038,3.75,0.029,1,,1.594207,,8
5,1,1,0.25,0.25,run5_bs2000_N1_M1_G0p25_CG0p25_interval7_step7_cooldown_for_k1,7,7,True,1.0,0.038,3.75,0.029,1,,1.516935,,8
5,1,1,0.25,0.25,run5_bs2000_N1_M1_G0p25_CG0p25_interval7_step7_cooldown_for_k2,7,7,True,2.0,0.038,3.75,0.029,1,,1.438893,,8
5,1,1,0.25,0.25,run5_bs2000_N1_M1_G0p25_CG0p25_interval7_step7_cooldown_for_k1.25,7,7,True,1.25,0.038,3.75,0.029,1,,1.506955,,8
5,1,1,0.25,0.25,run5_bs2000_N1_M1_G0p25_CG0p25_interval7_step7_cooldown_for_k1.75,7,7,True,1.75,0.038,3.75,0.029,1,,1.459765,,8
5,1,1,0.25,0.25,run5_bs2000_N1_M1_G0p25_CG0p25_interval7_step7,7,7,False,,0.056,1.5,0.093,1,1,1.732512,1.391396,8
5,1,1,0.25,0.25,run5_bs2000_N1_M1_G0p25_CG0p25_interval8_step8_cooldown_for_k0.5,8,8,True,0.5,0.049,4.0,0.026,1,,1.49768,,9
5,1,1,0.25,0.25,run5_bs2000_N1_M1_G0p25_CG0p25_interval8_step8_cooldown_for_k1.5,8,8,True,1.5,0.049,5.25,0.014,1,,1.411733,,10
5,1,1,0.25,0.25,run5_bs2000_N1_M1_G0p25_CG0p25_interval8_step8_cooldown_for_k2.5,8,8,True,2.5,0.049,6.75,0.0064,1,,1.404459,,11
5,1,1,0.25,0.25,run5_bs2000_N1_M1_G0p25_CG0p25_interval8_step8_cooldown_for_k3.5,8,8,True,3.5,0.049,5.25,0.014,1,,1.419552,,10
5,1,1,0.25,0.25,run5_bs2000_N1_M1_G0p25_CG0p25_interval8_step8_cooldown_for_k2,8,8,True,2.0,0.049,6.75,0.0064,1,,1.440738,,11
5,1,1,0.25,0.25,run5_bs2000_N1_M1_G0p25_CG0p25_interval8_step8_cooldown_for_k3,8,8,True,3.0,0.049,5.25,0.014,1,,1.437615,,10
5,1,1,0.25,0.25,run5_bs2000_N1_M1_G0p25_CG0p25_interval8_step8_cooldown_for_k2.25,8,8,True,2.25,0.049,6.75,0.0064,1,,1.454298,,11
5,1,1,0.25,0.25,run5_bs2000_N1_M1_G0p25_CG0p25_interval8_step8_cooldown_for_k2.75,8,8,True,2.75,0.049,6.75,0.0064,1,,1.456874,,11
5,1,1,0.25,0.25,run5_bs2000_N1_M1_G0p25_CG0p25_interval8_step8,8,8,False,,0.093,2.5,0.056,1,1,1.581081,1.404459,8
5,1,1,0.25,0.25,run5_bs2000_N1_M1_G0p25_CG0p25_interval9_step9_cooldown_for_k1.5,9,9,True,1.5,0.0064,16.75,3.8e-05,1,,1.454072,,17
5,1,1,0.25,0.25,run5_bs2000_N1_M1_G0p25_CG0p25_interval9_step9_cooldown_for_k2.5,9,9,True,2.5,0.0064,16.75,3.8e-05,1,,1.381121,,17
5,1,1,0.25,0.25,run5_bs2000_N1_M1_G0p25_CG0p25_interval9_step9_cooldown_for_k3.5,9,9,True,3.5,0.0064,17.75,2.3e-05,1,,1.36314,,18
5,1,1,0.25,0.25,run5_bs2000_N1_M1_G0p25_CG0p25_interval9_step9_cooldown_for_k4.5,9,9,True,4.5,0.0064,17.75,2.3e-05,1,,1.36461,,18
5,1,1,0.25,0.25,run5_bs2000_N1_M1_G0p25_CG0p25_interval9_step9_cooldown_for_k3,9,9,True,3.0,0.0064,16.75,3.8e-05,1,,1.382332,,17
5,1,1,0.25,0.25,run5_bs2000_N1_M1_G0p25_CG0p25_interval9_step9_cooldown_for_k4,9,9,True,4.0,0.0064,16.75,3.8e-05,1,,1.374329,,17
5,1,1,0.25,0.25,run5_bs2000_N1_M1_G0p25_CG0p25_interval9_step9_cooldown_for_k3.25,9,9,True,3.25,0.0064,16.75,3.8e-05,1,,1.385793,,17
5,1,1,0.25,0.25,run5_bs2000_N1_M1_G0p25_CG0p25_interval9_step9_cooldown_for_k3.75,9,9,True,3.75,0.0064,16.75,3.8e-05,1,,1.382426,,17
5,1,1,0.25,0.25,run5_bs2000_N1_M1_G0p25_CG0p25_interval9_step9,9,9,False,,0.056,3.5,0.033,1,1,1.493473,1.36314,8
5,1,1,0.25,0.25,run5_bs2000_N1_M1_G0p25_CG0p25_interval10_step10_cooldown_for_k2.5,10,10,True,2.5,2.3e-05,28.75,8.4e-08,1,,1.287883,,18
5,1,1,0.25,0.25,run5_bs2000_N1_M1_G0p25_CG0p25_interval10_step10_cooldown_for_k3.5,10,10,True,3.5,2.3e-05,28.75,8.4e-08,1,,1.271271,,18
5,1,1,0.25,0.25,run5_bs2000_N1_M1_G0p25_CG0p25_interval10_step10_cooldown_for_k4.5,10,10,True,4.5,2.3e-05,29.75,5e-08,1,,1.274692,,19
5,1,1,0.25,0.25,run5_bs2000_N1_M1_G0p25_CG0p25_interval10_step10_cooldown_for_k3,10,10,True,3.0,2.3e-05,28.75,8.4e-08,1,,1.276675,,18
5,1,1,0.25,0.25,run5_bs2000_N1_M1_G0p25_CG0p25_interval10_step10_cooldown_for_k4,10,10,True,4.0,2.3e-05,28.75,8.4e-08,1,,1.272991,,18
5,1,1,0.25,0.25,run5_bs2000_N1_M1_G0p25_CG0p25_interval10_step10_cooldown_for_k3.25,10,10,True,3.25,2.3e-05,28.75,8.4e-08,1,,1.274857,,18
5,1,1,0.25,0.25,run5_bs2000_N1_M1_G0p25_CG0p25_interval10_step10_cooldown_for_k3.75,10,10,True,3.75,2.3e-05,28.75,8.4e-08,1,,1.273187,,18
5,1,1,0.25,0.25,run5_bs2000_N1_M1_G0p25_CG0p25_interval10_step10,10,10,False,,0.033,3.5,0.033,1,1,1.370738,1.271271,7
5,1,1,0.25,0.25,run5_bs2000_N1_M1_G0p25_CG0p25_interval11_step11_cooldown_for_k2.5,11,11,True,2.5,8.4e-08,34.75,3.9e-09,1,,1.223929,,13
5,1,1,0.25,0.25,run5_bs2000_N1_M1_G0p25_CG0p25_interval11_step11_cooldown_for_k3.5,11,11,True,3.5,8.4e-08,35.75,2.3e-09,1,,1.205619,,14
5,1,1,0.25,0.25,run5_bs2000_N1_M1_G0p25_CG0p25_interval11_step11_cooldown_for_k4.5,11,11,True,4.5,8.4e-08,35.75,2.3e-09,1,,1.213379,,14
5,1,1,0.25,0.25,run5_bs2000_N1_M1_G0p25_CG0p25_interval11_step11_cooldown_for_k3,11,11,True,3.0,8.4e-08,34.75,3.9e-09,1,,1.209474,,13
5,1,1,0.25,0.25,run5_bs2000_N1_M1_G0p25_CG0p25_interval11_step11_cooldown_for_k4,11,11,True,4.0,8.4e-08,35.75,2.3e-09,1,,1.20871,,14
5,1,1,0.25,0.25,run5_bs2000_N1_M1_G0p25_CG0p25_interval11_step11_cooldown_for_k3.25,11,11,True,3.25,8.4e-08,35.75,2.3e-09,1,,1.207136,,14
5,1,1,0.25,0.25,run5_bs2000_N1_M1_G0p25_CG0p25_interval11_step11_cooldown_for_k3.75,11,11,True,3.75,8.4e-08,35.75,2.3e-09,1,,1.207426,,14
5,1,1,0.25,0.25,run5_bs2000_N1_M1_G0p25_CG0p25_interval11_step11,11,11,False,,0.033,3.5,0.033,1,1,1.27962,1.205619,7
5,1,1,0.25,0.25,run5_bs2000_N1_M1_G0p25_CG0p25_interval12_step12_cooldown_for_k2.5,12,12,True,2.5,2.3e-09,39.75,3e-10,1,,1.208815,,11
5,1,1,0.25,0.25,run5_bs2000_N1_M1_G0p25_CG0p25_interval12_step12_cooldown_for_k3.5,12,12,True,3.5,2.3e-09,40.75,1.8e-10,1,,1.173516,,12
5,1,1,0.25,0.25,run5_bs2000_N1_M1_G0p25_CG0p25_interval12_step12_cooldown_for_k4.5,12,12,True,4.5,2.3e-09,40.75,1.8e-10,1,,1.169605,,12
5,1,1,0.25,0.25,run5_bs2000_N1_M1_G0p25_CG0p25_interval12_step12_cooldown_for_k5.5,12,12,True,5.5,2.3e-09,41.75,1.1e-10,1,,1.17385,,13
5,1,1,0.25,0.25,run5_bs2000_N1_M1_G0p25_CG0p25_interval12_step12_cooldown_for_k4,12,12,True,4.0,2.3e-09,40.75,1.8e-10,1,,1.171548,,12
5,1,1,0.25,0.25,run5_bs2000_N1_M1_G0p25_CG0p25_interval12_step12_cooldown_for_k5,12,12,True,5.0,2.3e-09,40.75,1.8e-10,1,,1.172211,,12
5,1,1,0.25,0.25,run5_bs2000_N1_M1_G0p25_CG0p25_interval12_step12_cooldown_for_k4.25,12,12,True,4.25,2.3e-09,40.75,1.8e-10,1,,1.171697,,12
5,1,1,0.25,0.25,run5_bs2000_N1_M1_G0p25_CG0p25_interval12_step12_cooldown_for_k4.75,12,12,True,4.75,2.3e-09,40.75,1.8e-10,1,,1.172287,,12
5,1,1,0.25,0.25,run5_bs2000_N1_M1_G0p25_CG0p25_interval12_step12,12,12,False,,0.033,4.5,0.02,1,1,1.220803,1.169605,8
5,1,1,0.25,0.25,run5_bs2000_N1_M1_G0p25_CG0p25_interval13_step13_cooldown_for_k3.5,13,13,True,3.5,1.8e-10,43.75,3.9e-11,1,,1.13235,,10
5,1,1,0.25,0.25,run5_bs2000_N1_M1_G0p25_CG0p25_interval13_step13_cooldown_for_k4.5,13,13,True,4.5,1.8e-10,44.75,2.4e-11,1,,1.130871,,11
5,1,1,0.25,0.25,run5_bs2000_N1_M1_G0p25_CG0p25_interval13_step13_cooldown_for_k5.5,13,13,True,5.5,1.8e-10,44.75,2.4e-11,1,,1.136747,,11
5,1,1,0.25,0.25,run5_bs2000_N1_M1_G0p25_CG0p25_interval13_step13_cooldown_for_k4,13,13,True,4.0,1.8e-10,44.75,2.4e-11,1,,1.132185,,11
5,1,1,0.25,0.25,run5_bs2000_N1_M1_G0p25_CG0p25_interval13_step13_cooldown_for_k5,13,13,True,5.0,1.8e-10,44.75,2.4e-11,1,,1.134509,,11
5,1,1,0.25,0.25,run5_bs2000_N1_M1_G0p25_CG0p25_interval13_step13_cooldown_for_k4.25,13,13,True,4.25,1.8e-10,44.75,2.4e-11,1,,1.132993,,11
5,1,1,0.25,0.25,run5_bs2000_N1_M1_G0p25_CG0p25_interval13_step13_cooldown_for_k4.75,13,13,True,4.75,1.8e-10,44.75,2.4e-11,1,,1.134318,,11
5,1,1,0.25,0.25,run5_bs2000_N1_M1_G0p25_CG0p25_interval13_step13,13,13,False,,0.02,4.5,0.02,1,1,1.190657,1.130871,7
5,1,1,0.25,0.25,run5_bs2000_N1_M1_G0p25_CG0p25_interval14_step14_cooldown_for_k3.5,14,14,True,3.5,2.4e-11,47.75,5.1e-12,1,,1.110744,,10
5,1,1,0.25,0.25,run5_bs2000_N1_M1_G0p25_CG0p25_interval14_step14_cooldown_for_k4.5,14,14,True,4.5,2.4e-11,48.75,3.1e-12,1,,1.105065,,11
5,1,1,0.25,0.25,run5_bs2000_N1_M1_G0p25_CG0p25_interval14_step14_cooldown_for_k5.5,14,14,True,5.5,2.4e-11,48.75,3.1e-12,1,,1.109112,,11
5,1,1,0.25,0.25,run5_bs2000_N1_M1_G0p25_CG0p25_interval14_step14_cooldown_for_k4,14,14,True,4.0,2.4e-11,47.75,5.1e-12,1,,1.110604,,10
5,1,1,0.25,0.25,run5_bs2000_N1_M1_G0p25_CG0p25_interval14_step14_cooldown_for_k5,14,14,True,5.0,2.4e-11,48.75,3.1e-12,1,,1.109578,,11
5,1,1,0.25,0.25,run5_bs2000_N1_M1_G0p25_CG0p25_interval14_step14_cooldown_for_k4.25,14,14,True,4.25,2.4e-11,48.75,3.1e-12,1,,1.11147,,11
5,1,1,0.25,0.25,run5_bs2000_N1_M1_G0p25_CG0p25_interval14_step14_cooldown_for_k4.75,14,14,True,4.75,2.4e-11,48.75,3.1e-12,1,,1.111321,,11
5,1,1,0.25,0.25,run5_bs2000_N1_M1_G0p25_CG0p25_interval14_step14,14,14,False,,0.02,4.5,0.02,1,1,1.193225,1.105065,7
5,1,1,0.25,0.25,run5_bs2000_N1_M1_G0p25_CG0p25_interval15_step15_cooldown_for_k3.5,15,15,True,3.5,3.1e-12,52.75,4e-13,1,,1.104879,,11
5,1,1,0.25,0.25,run5_bs2000_N1_M1_G0p25_CG0p25_interval15_step15_cooldown_for_k4.5,15,15,True,4.5,3.1e-12,52.75,4e-13,1,,1.095485,,11
5,1,1,0.25,0.25,run5_bs2000_N1_M1_G0p25_CG0p25_interval15_step15_cooldown_for_k5.5,15,15,True,5.5,3.1e-12,52.75,4e-13,1,,1.09681,,11
5,1,1,0.25,0.25,run5_bs2000_N1_M1_G0p25_CG0p25_interval15_step15_cooldown_for_k4,15,15,True,4.0,3.1e-12,52.75,4e-13,1,,1.10498,,11
5,1,1,0.25,0.25,run5_bs2000_N1_M1_G0p25_CG0p25_interval15_step15_cooldown_for_k5,15,15,True,5.0,3.1e-12,52.75,4e-13,1,,1.10067,,11
5,1,1,0.25,0.25,run5_bs2000_N1_M1_G0p25_CG0p25_interval15_step15_cooldown_for_k4.25,15,15,True,4.25,3.1e-12,52.75,4e-13,1,,1.106213,,11
5,1,1,0.25,0.25,run5_bs2000_N1_M1_G0p25_CG0p25_interval15_step15_cooldown_for_k4.75,15,15,True,4.75,3.1e-12,52.75,4e-13,1,,1.104456,,11
5,1,1,0.25,0.25,run5_bs2000_N1_M1_G0p25_CG0p25_interval15_step15,15,15,False,,0.02,4.5,0.02,1,1,1.199839,1.095485,7
5,1,1,0.25,0.25,run5_bs2000_N1_M1_G0p25_CG0p25_interval16_step16_cooldown_for_k3.5,16,16,True,3.5,4e-13,58.75,1.9e-14,1,,1.09179,,13
5,1,1,0.25,0.25,run5_bs2000_N1_M1_G0p25_CG0p25_interval16_step16_cooldown_for_k4.5,16,16,True,4.5,4e-13,58.75,1.9e-14,1,,1.082186,,13
5,1,1,0.25,0.25,run5_bs2000_N1_M1_G0p25_CG0p25_interval16_step16_cooldown_for_k5.5,16,16,True,5.5,4e-13,58.75,1.9e-14,1,,1.084033,,13
5,1,1,0.25,0.25,run5_bs2000_N1_M1_G0p25_CG0p25_interval16_step16_cooldown_for_k4,16,16,True,4.0,4e-13,58.75,1.9e-14,1,,1.093957,,13
5,1,1,0.25,0.25,run5_bs2000_N1_M1_G0p25_CG0p25_interval16_step16_cooldown_for_k5,16,16,True,5.0,4e-13,58.75,1.9e-14,1,,1.08952,,13
5,1,1,0.25,0.25,run5_bs2000_N1_M1_G0p25_CG0p25_interval16_step16_cooldown_for_k4.25,16,16,True,4.25,4e-13,58.75,1.9e-14,1,,1.096408,,13
5,1,1,0.25,0.25,run5_bs2000_N1_M1_G0p25_CG0p25_interval16_step16_cooldown_for_k4.75,16,16,True,4.75,4e-13,58.75,1.9e-14,1,,1.094753,,13
5,1,1,0.25,0.25,run5_bs2000_N1_M1_G0p25_CG0p25_interval16_step16,16,16,False,,0.02,4.5,0.02,1,1,1.177131,1.082186,7
5,1,1,0.25,0.25,run5_bs2000_N1_M1_G0p25_CG0p25_interval17_step17_cooldown_for_k3.5,17,17,True,3.5,1.9e-14,64.75,8.6e-16,1,,1.068994,,13
5,1,1,0.25,0.25,run5_bs2000_N1_M1_G0p25_CG0p25_interval17_step17_cooldown_for_k4.5,17,17,True,4.5,1.9e-14,64.75,8.6e-16,1,,1.063239,,13
5,1,1,0.25,0.25,run5_bs2000_N1_M1_G0p25_CG0p25_interval17_step17_cooldown_for_k5.5,17,17,True,5.5,1.9e-14,64.75,8.6e-16,1,,1.06641,,13
5,1,1,0.25,0.25,run5_bs2000_N1_M1_G0p25_CG0p25_interval17_step17_cooldown_for_k4,17,17,True,4.0,1.9e-14,64.75,8.6e-16,1,,1.069576,,13
5,1,1,0.25,0.25,run5_bs2000_N1_M1_G0p25_CG0p25_interval17_step17_cooldown_for_k5,17,17,True,5.0,1.9e-14,64.75,8.6e-16,1,,1.068283,,13
5,1,1,0.25,0.25,run5_bs2000_N1_M1_G0p25_CG0p25_interval17_step17_cooldown_for_k4.25,17,17,True,4.25,1.9e-14,64.75,8.6e-16,1,,1.070985,,13
5,1,1,0.25,0.25,run5_bs2000_N1_M1_G0p25_CG0p25_interval17_step17_cooldown_for_k4.75,17,17,True,4.75,1.9e-14,64.75,8.6e-16,1,,1.070814,,13
5,1,1,0.25,0.25,run5_bs2000_N1_M1_G0p25_CG0p25_interval17_step17,17,17,False,,0.02,4.5,0.02,1,1,1.133325,1.063239,7
5,1,1,0.25,0.25,run5_bs2000_N1_M1_G0p25_CG0p25_interval18_step18_cooldown_for_k3.5,18,18,True,3.5,8.6e-16,71.75,2.4e-17,1,,1.039119,,14
5,1,1,0.25,0.25,run5_bs2000_N1_M1_G0p25_CG0p25_interval18_step18_cooldown_for_k4.5,18,18,True,4.5,8.6e-16,71.75,2.4e-17,1,,1.028295,,14
5,1,1,0.25,0.25,run5_bs2000_N1_M1_G0p25_CG0p25_interval18_step18_cooldown_for_k5.5,18,18,True,5.5,8.6e-16,71.75,2.4e-17,1,,1.028204,,14
5,1,1,0.25,0.25,run5_bs2000_N1_M1_G0p25_CG0p25_interval18_step18_cooldown_for_k6.5,18,18,True,6.5,8.6e-16,71.75,2.4e-17,1,,1.030731,,14
5,1,1,0.25,0.25,run5_bs2000_N1_M1_G0p25_CG0p25_interval18_step18_cooldown_for_k5,18,18,True,5.0,8.6e-16,71.75,2.4e-17,1,,1.028332,,14
5,1,1,0.25,0.25,run5_bs2000_N1_M1_G0p25_CG0p25_interval18_step18_cooldown_for_k6,18,18,True,6.0,8.6e-16,71.75,2.4e-17,1,,1.029948,,14
5,1,1,0.25,0.25,run5_bs2000_N1_M1_G0p25_CG0p25_interval18_step18_cooldown_for_k5.25,18,18,True,5.25,8.6e-16,71.75,2.4e-17,1,,1.028889,,14
5,1,1,0.25,0.25,run5_bs2000_N1_M1_G0p25_CG0p25_interval18_step18_cooldown_for_k5.75,18,18,True,5.75,8.6e-16,71.75,2.4e-17,1,,1.029739,,14
5,1,1,0.25,0.25,run5_bs2000_N1_M1_G0p25_CG0p25_interval18_step18,18,18,False,,0.02,5.5,0.012,1,1,1.089015,1.028204,8
5,1,1,0.25,0.25,run5_bs2000_N1_M1_G0p25_CG0p25_interval19_step19_cooldown_for_k4.5,19,19,True,4.5,2.4e-17,76.75,1.9e-18,1,,1.003363,,12
5,1,1,0.25,0.25,run5_bs2000_N1_M1_G0p25_CG0p25_interval19_step19_cooldown_for_k5.5,19,19,True,5.5,2.4e-17,76.75,1.9e-18,1,,1.005109,,12
5,1,1,0.25,0.25,run5_bs2000_N1_M1_G0p25_CG0p25_interval19_step19_cooldown_for_k6.5,19,19,True,6.5,2.4e-17,76.75,1.9e-18,1,,1.008779,,12
5,1,1,0.25,0.25,run5_bs2000_N1_M1_G0p25_CG0p25_interval19_step19_cooldown_for_k3.5,19,19,True,3.5,2.4e-17,75.75,3.1e-18,1,,1.014661,,11
5,1,1,0.25,0.25,run5_bs2000_N1_M1_G0p25_CG0p25_interval19_step19_cooldown_for_k4,19,19,True,4.0,2.4e-17,75.75,3.1e-18,1,,1.008351,,11
5,1,1,0.25,0.25,run5_bs2000_N1_M1_G0p25_CG0p25_interval19_step19_cooldown_for_k5,19,19,True,5.0,2.4e-17,76.75,1.9e-18,1,,1.005862,,12
5,1,1,0.25,0.25,run5_bs2000_N1_M1_G0p25_CG0p25_interval19_step19_cooldown_for_k4.25,19,19,True,4.25,2.4e-17,75.75,3.1e-18,1,,1.007547,,11
5,1,1,0.25,0.25,run5_bs2000_N1_M1_G0p25_CG0p25_interval19_step19_cooldown_for_k4.75,19,19,True,4.75,2.4e-17,75.75,3.1e-18,1,,1.00664,,11
5,1,1,0.25,0.25,run5_bs2000_N1_M1_G0p25_CG0p25_interval19_step19,19,19,False,,0.012,4.5,0.02,1,1,1.057698,1.003363,8
5,1,1,0.25,0.25,run5_bs2000_N1_M1_G0p25_CG0p25_interval20_step20_cooldown_for_k3.5,20,20,True,3.5,1.9e-18,81.75,1.5e-19,1,,1.00151,,12
5,1,1,0.25,0.25,run5_bs2000_N1_M1_G0p25_CG0p25_interval20_step20_cooldown_for_k4.5,20,20,True,4.5,1.9e-18,80.75,2.4e-19,1,,0.990156,,11
5,1,1,0.25,0.25,run5_bs2000_N1_M1_G0p25_CG0p25_interval20_step20_cooldown_for_k5.5,20,20,True,5.5,1.9e-18,80.75,2.4e-19,1,,0.989723,,11
5,1,1,0.25,0.25,run5_bs2000_N1_M1_G0p25_CG0p25_interval20_step20_cooldown_for_k6.5,20,20,True,6.5,1.9e-18,80.75,2.4e-19,1,,0.992795,,11
5,1,1,0.25,0.25,run5_bs2000_N1_M1_G0p25_CG0p25_interval20_step20_cooldown_for_k5,20,20,True,5.0,1.9e-18,80.75,2.4e-19,1,,0.991913,,11
5,1,1,0.25,0.25,run5_bs2000_N1_M1_G0p25_CG0p25_interval20_step20_cooldown_for_k6,20,20,True,6.0,1.9e-18,80.75,2.4e-19,1,,0.993209,,11
5,1,1,0.25,0.25,run5_bs2000_N1_M1_G0p25_CG0p25_interval20_step20_cooldown_for_k5.25,20,20,True,5.25,1.9e-18,80.75,2.4e-19,1,,0.993134,,11
5,1,1,0.25,0.25,run5_bs2000_N1_M1_G0p25_CG0p25_interval20_step20_cooldown_for_k5.75,20,20,True,5.75,1.9e-18,80.75,2.4e-19,1,,0.993857,,11
5,1,1,0.25,0.25,run5_bs2000_N1_M1_G0p25_CG0p25_interval20_step20,20,20,False,,0.02,5.5,0.012,1,1,1.035603,0.989723,8
5,1,1,0.25,0.25,run5_bs2000_N1_M1_G0p25_CG0p25_interval21_step21_cooldown_for_k4.5,21,21,True,4.5,2.4e-19,84.75,3.2e-20,1,,0.98099,,11
5,1,1,0.25,0.25,run5_bs2000_N1_M1_G0p25_CG0p25_interval21_step21_cooldown_for_k5.5,21,21,True,5.5,2.4e-19,84.75,3.2e-20,1,,0.978762,,11
5,1,1,0.25,0.25,run5_bs2000_N1_M1_G0p25_CG0p25_interval21_step21_cooldown_for_k6.5,21,21,True,6.5,2.4e-19,84.75,3.2e-20,1,,0.979868,,11
5,1,1,0.25,0.25,run5_bs2000_N1_M1_G0p25_CG0p25_interval21_step21_cooldown_for_k5,21,21,True,5.0,2.4e-19,84.75,3.2e-20,1,,0.98291,,11
5,1,1,0.25,0.25,run5_bs2000_N1_M1_G0p25_CG0p25_interval21_step21_cooldown_for_k6,21,21,True,6.0,2.4e-19,84.75,3.2e-20,1,,0.981738,,11
5,1,1,0.25,0.25,run5_bs2000_N1_M1_G0p25_CG0p25_interval21_step21_cooldown_for_k5.25,21,21,True,5.25,2.4e-19,84.75,3.2e-20,1,,0.983702,,11
5,1,1,0.25,0.25,run5_bs2000_N1_M1_G0p25_CG0p25_interval21_step21_cooldown_for_k5.75,21,21,True,5.75,2.4e-19,84.75,3.2e-20,1,,0.983487,,11
5,1,1,0.25,0.25,run5_bs2000_N1_M1_G0p25_CG0p25_interval21_step21,21,21,False,,0.012,5.5,0.012,1,1,1.027914,0.978762,7
5,1,1,0.25,0.25,run5_bs2000_N1_M1_G0p25_CG0p25_interval22_step22_cooldown_for_k4.5,22,22,True,4.5,3.2e-20,87.75,6.8e-21,1,,0.965543,,10
5,1,1,0.25,0.25,run5_bs2000_N1_M1_G0p25_CG0p25_interval22_step22_cooldown_for_k5.5,22,22,True,5.5,3.2e-20,88.75,4.1e-21,1,,0.964433,,11
5,1,1,0.25,0.25,run5_bs2000_N1_M1_G0p25_CG0p25_interval22_step22_cooldown_for_k6.5,22,22,True,6.5,3.2e-20,88.75,4.1e-21,1,,0.966244,,11
5,1,1,0.25,0.25,run5_bs2000_N1_M1_G0p25_CG0p25_interval22_step22_cooldown_for_k5,22,22,True,5.0,3.2e-20,87.75,6.8e-21,1,,0.968402,,10
5,1,1,0.25,0.25,run5_bs2000_N1_M1_G0p25_CG0p25_interval22_step22_cooldown_for_k6,22,22,True,6.0,3.2e-20,87.75,6.8e-21,1,,0.968568,,10
5,1,1,0.25,0.25,run5_bs2000_N1_M1_G0p25_CG0p25_interval22_step22_cooldown_for_k5.25,22,22,True,5.25,3.2e-20,87.75,6.8e-21,1,,0.970377,,10
5,1,1,0.25,0.25,run5_bs2000_N1_M1_G0p25_CG0p25_interval22_step22_cooldown_for_k5.75,22,22,True,5.75,3.2e-20,87.75,6.8e-21,1,,0.970765,,10
5,1,1,0.25,0.25,run5_bs2000_N1_M1_G0p25_CG0p25_interval22_step22,22,22,False,,0.012,5.5,0.012,1,1,1.020126,0.964433,7
5,1,1,0.25,0.25,run5_bs2000_N1_M1_G0p25_CG0p25_interval23_step23_cooldown_for_k4.5,23,23,True,4.5,4.1e-21,93.75,3.2e-22,1,,0.96287,,12
5,1,1,0.25,0.25,run5_bs2000_N1_M1_G0p25_CG0p25_interval23_step23_cooldown_for_k5.5,23,23,True,5.5,4.1e-21,93.75,3.2e-22,1,,0.960336,,12
5,1,1,0.25,0.25,run5_bs2000_N1_M1_G0p25_CG0p25_interval23_step23_cooldown_for_k6.5,23,23,True,6.5,4.1e-21,93.75,3.2e-22,1,,0.961602,,12
5,1,1,0.25,0.25,run5_bs2000_N1_M1_G0p25_CG0p25_interval23_step23_cooldown_for_k5,23,23,True,5.0,4.1e-21,93.75,3.2e-22,1,,0.967538,,12
5,1,1,0.25,0.25,run5_bs2000_N1_M1_G0p25_CG0p25_interval23_step23_cooldown_for_k6,23,23,True,6.0,4.1e-21,93.75,3.2e-22,1,,0.965763,,12
5,1,1,0.25,0.25,run5_bs2000_N1_M1_G0p25_CG0p25_interval23_step23_cooldown_for_k5.25,23,23,True,5.25,4.1e-21,93.75,3.2e-22,1,,0.970186,,12
5,1,1,0.25,0.25,run5_bs2000_N1_M1_G0p25_CG0p25_interval23_step23_cooldown_for_k5.75,23,23,True,5.75,4.1e-21,93.75,3.2e-22,1,,0.969909,,12
5,1,1,0.25,0.25,run5_bs2000_N1_M1_G0p25_CG0p25_interval23_step23,23,23,False,,0.012,5.5,0.012,1,1,1.020563,0.960336,7
5,1,1,0.25,0.25,run5_bs2000_N1_M1_G0p25_CG0p25_interval24_step24_cooldown_for_k4.5,24,24,True,4.5,3.2e-22,99.75,1.5e-23,1,,0.956738,,13
5,1,1,0.25,0.25,run5_bs2000_N1_M1_G0p25_CG0p25_interval24_step24_cooldown_for_k5.5,24,24,True,5.5,3.2e-22,99.75,1.5e-23,1,,0.952162,,13
5,1,1,0.25,0.25,run5_bs2000_N1_M1_G0p25_CG0p25_interval24_step24_cooldown_for_k6.5,24,24,True,6.5,3.2e-22,99.75,1.5e-23,1,,0.951805,,13
5,1,1,0.25,0.25,run5_bs2000_N1_M1_G0p25_CG0p25_interval24_step24_cooldown_for_k7.5,24,24,True,7.5,3.2e-22,99.75,1.5e-23,1,,0.952553,,13
5,1,1,0.25,0.25,run5_bs2000_N1_M1_G0p25_CG0p25_interval24_step24_cooldown_for_k6,24,24,True,6.0,3.2e-22,99.75,1.5e-23,1,,0.95249,,13
5,1,1,0.25,0.25,run5_bs2000_N1_M1_G0p25_CG0p25_interval24_step24_cooldown_for_k7,24,24,True,7.0,3.2e-22,99.75,1.5e-23,1,,0.952713,,13
5,1,1,0.25,0.25,run5_bs2000_N1_M1_G0p25_CG0p25_interval24_step24_cooldown_for_k6.25,24,24,True,6.25,3.2e-22,99.75,1.5e-23,1,,0.952851,,13
5,1,1,0.25,0.25,run5_bs2000_N1_M1_G0p25_CG0p25_interval24_step24_cooldown_for_k6.75,24,24,True,6.75,3.2e-22,99.75,1.5e-23,1,,0.953059,,13
5,1,1,0.25,0.25,run5_bs2000_N1_M1_G0p25_CG0p25_interval24_step24,24,24,False,,0.012,6.5,0.0072,1,1,0.991571,0.951805,8
5,1,1,0.25,0.25,run5_bs2000_N1_M1_G0p25_CG0p25_interval25_step25_cooldown_for_k5.5,25,25,True,5.5,1.5e-23,105.75,6.9e-25,1,,0.940064,,13
5,1,1,0.25,0.25,run5_bs2000_N1_M1_G0p25_CG0p25_interval25_step25_cooldown_for_k6.5,25,25,True,6.5,1.5e-23,105.75,6.9e-25,1,,0.939874,,13
5,1,1,0.25,0.25,run5_bs2000_N1_M1_G0p25_CG0p25_interval25_step25_cooldown_for_k7.5,25,25,True,7.5,1.5e-23,105.75,6.9e-25,1,,0.940669,,13
5,1,1,0.25,0.25,run5_bs2000_N1_M1_G0p25_CG0p25_interval25_step25_cooldown_for_k6,25,25,True,6.0,1.5e-23,105.75,6.9e-25,1,,0.940472,,13
5,1,1,0.25,0.25,run5_bs2000_N1_M1_G0p25_CG0p25_interval25_step25_cooldown_for_k7,25,25,True,7.0,1.5e-23,105.75,6.9e-25,1,,0.940814,,13
5,1,1,0.25,0.25,run5_bs2000_N1_M1_G0p25_CG0p25_interval25_step25_cooldown_for_k6.25,25,25,True,6.25,1.5e-23,105.75,6.9e-25,1,,0.94086,,13
5,1,1,0.25,0.25,run5_bs2000_N1_M1_G0p25_CG0p25_interval25_step25_cooldown_for_k6.75,25,25,True,6.75,1.5e-23,105.75,6.9e-25,1,,0.941067,,13
5,1,1,0.25,0.25,run5_bs2000_N1_M1_G0p25_CG0p25_interval25_step25,25,25,False,,0.0072,6.5,0.0072,1,1,0.96726,0.939874,7
5,1,1,0.25,0.25,run5_bs2000_N1_M1_G0p25_CG0p25_interval26_step26_cooldown_for_k5.5,26,26,True,5.5,6.9e-25,112.75,1.9e-26,1,,0.928828,,14
5,1,1,0.25,0.25,run5_bs2000_N1_M1_G0p25_CG0p25_interval26_step26_cooldown_for_k6.5,26,26,True,6.5,6.9e-25,112.75,1.9e-26,1,,0.929621,,14
5,1,1,0.25,0.25,run5_bs2000_N1_M1_G0p25_CG0p25_interval26_step26_cooldown_for_k7.5,26,26,True,7.5,6.9e-25,112.75,1.9e-26,1,,0.931023,,14
5,1,1,0.25,0.25,run5_bs2000_N1_M1_G0p25_CG0p25_interval26_step26_cooldown_for_k4.5,26,26,True,4.5,6.9e-25,111.75,3.2e-26,1,,0.932873,,13
5,1,1,0.25,0.25,run5_bs2000_N1_M1_G0p25_CG0p25_interval26_step26_cooldown_for_k5,26,26,True,5.0,6.9e-25,111.75,3.2e-26,1,,0.930775,,13
5,1,1,0.25,0.25,run5_bs2000_N1_M1_G0p25_CG0p25_interval26_step26_cooldown_for_k6,26,26,True,6.0,6.9e-25,112.75,1.9e-26,1,,0.929832,,14
5,1,1,0.25,0.25,run5_bs2000_N1_M1_G0p25_CG0p25_interval26_step26_cooldown_for_k5.25,26,26,True,5.25,6.9e-25,111.75,3.2e-26,1,,0.930393,,13
5,1,1,0.25,0.25,run5_bs2000_N1_M1_G0p25_CG0p25_interval26_step26_cooldown_for_k5.75,26,26,True,5.75,6.9e-25,112.75,1.9e-26,1,,0.930071,,14
5,1,1,0.25,0.25,run5_bs2000_N1_M1_G0p25_CG0p25_interval26_step26,26,26,False,,0.0072,5.5,0.012,1,1,0.954581,0.928828,8
5,1,1,0.25,0.25,run5_bs2000_N1_M1_G0p25_CG0p25_interval27_step27_cooldown_for_k4.5,27,27,True,4.5,1.9e-26,117.75,1.5e-27,1,,0.923181,,12
5,1,1,0.25,0.25,run5_bs2000_N1_M1_G0p25_CG0p25_interval27_step27_cooldown_for_k5.5,27,27,True,5.5,1.9e-26,118.75,9e-28,1,,0.918957,,13
5,1,1,0.25,0.25,run5_bs2000_N1_M1_G0p25_CG0p25_interval27_step27_cooldown_for_k6.5,27,27,True,6.5,1.9e-26,119.75,5.4e-28,1,,0.919601,,14
5,1,1,0.25,0.25,run5_bs2000_N1_M1_G0p25_CG0p25_interval27_step27_cooldown_for_k5,27,27,True,5.0,1.9e-26,117.75,1.5e-27,1,,0.920691,,12
5,1,1,0.25,0.25,run5_bs2000_N1_M1_G0p25_CG0p25_interval27_step27_cooldown_for_k6,27,27,True,6.0,1.9e-26,118.75,9e-28,1,,0.919268,,13
5,1,1,0.25,0.25,run5_bs2000_N1_M1_G0p25_CG0p25_interval27_step27_cooldown_for_k5.25,27,27,True,5.25,1.9e-26,118.75,9e-28,1,,0.919922,,13
5,1,1,0.25,0.25,run5_bs2000_N1_M1_G0p25_CG0p25_interval27_step27_cooldown_for_k5.75,27,27,True,5.75,1.9e-26,118.75,9e-28,1,,0.91928,,13
5,1,1,0.25,0.25,run5_bs2000_N1_M1_G0p25_CG0p25_interval27_step27,27,27,False,,0.012,5.5,0.012,1,1,0.940966,0.918957,7
5,1,1,0.25,0.25,run5_bs2000_N1_M1_G0p25_CG0p25_interval28_step28_cooldown_for_k4.5,28,28,True,4.5,9e-28,127.75,9.1e-30,1,,0.922895,,16
5,1,1,0.25,0.25,run5_bs2000_N1_M1_G0p25_CG0p25_interval28_step28_cooldown_for_k5.5,28,28,True,5.5,9e-28,129.75,3.3e-30,1,,0.915112,,18
5,1,1,0.25,0.25,run5_bs2000_N1_M1_G0p25_CG0p25_interval28_step28_cooldown_for_k6.5,28,28,True,6.5,9e-28,129.75,3.3e-30,1,,0.913971,,18
5,1,1,0.25,0.25,run5_bs2000_N1_M1_G0p25_CG0p25_interval28_step28_cooldown_for_k7.5,28,28,True,7.5,9e-28,128.75,5.5e-30,1,,0.914552,,17
5,1,1,0.25,0.25,run5_bs2000_N1_M1_G0p25_CG0p25_interval28_step28_cooldown_for_k6,28,28,True,6.0,9e-28,128.75,5.5e-30,1,,0.914537,,17
5,1,1,0.25,0.25,run5_bs2000_N1_M1_G0p25_CG0p25_interval28_step28_cooldown_for_k7,28,28,True,7.0,9e-28,128.75,5.5e-30,1,,0.914429,,17
5,1,1,0.25,0.25,run5_bs2000_N1_M1_G0p25_CG0p25_interval28_step28_cooldown_for_k6.25,28,28,True,6.25,9e-28,128.75,5.5e-30,1,,0.914535,,17
5,1,1,0.25,0.25,run5_bs2000_N1_M1_G0p25_CG0p25_interval28_step28_cooldown_for_k6.75,28,28,True,6.75,9e-28,128.75,5.5e-30,1,,0.914522,,17
5,1,1,0.25,0.25,run5_bs2000_N1_M1_G0p25_CG0p25_interval28_step28,28,28,False,,0.012,6.5,0.0072,1,1,0.927547,0.913971,8
5,1,1,0.25,0.25,run5_bs2000_N1_M1_G0p25_CG0p25_interval29_step29_cooldown_for_k5.5,29,29,True,5.5,3.3e-30,136.75,9.2e-32,1,,0.908663,,14
5,1,1,0.25,0.25,run5_bs2000_N1_M1_G0p25_CG0p25_interval29_step29_cooldown_for_k6.5,29,29,True,6.5,3.3e-30,137.75,5.5e-32,1,,0.908268,,15
5,1,1,0.25,0.25,run5_bs2000_N1_M1_G0p25_CG0p25_interval29_step29_cooldown_for_k7.5,29,29,True,7.5,3.3e-30,138.75,3.3e-32,1,,0.9091,,16
5,1,1,0.25,0.25,run5_bs2000_N1_M1_G0p25_CG0p25_interval29_step29_cooldown_for_k6,29,29,True,6.0,3.3e-30,137.75,5.5e-32,1,,0.908237,,15
5,1,1,0.25,0.25,run5_bs2000_N1_M1_G0p25_CG0p25_interval29_step29_cooldown_for_k7,29,29,True,7.0,3.3e-30,138.75,3.3e-32,1,,0.908668,,16
5,1,1,0.25,0.25,run5_bs2000_N1_M1_G0p25_CG0p25_interval29_step29_cooldown_for_k5.75,29,29,True,5.75,3.3e-30,136.75,9.2e-32,1,,0.908534,,14
5,1,1,0.25,0.25,run5_bs2000_N1_M1_G0p25_CG0p25_interval29_step29_cooldown_for_k6.25,29,29,True,6.25,3.3e-30,137.75,5.5e-32,1,,0.908265,,15
5,1,1,0.25,0.25,run5_bs2000_N1_M1_G0p25_CG0p25_interval29_step29,29,29,False,,0.0072,6.0,0.0093,1,1,0.918294,0.908237,7
5,1,1,0.25,0.25,run5_bs2000_N1_M1_G0p25_CG0p25_interval30_step30_cooldown_for_k5,30,30,True,5.0,5.5e-32,146.75,5.6e-34,1,,0.908088,,16
5,1,1,0.25,0.25,run5_bs2000_N1_M1_G0p25_CG0p25_interval30_step30_cooldown_for_k6,30,30,True,6.0,5.5e-32,146.75,5.6e-34,1,,0.903658,,16
5,1,1,0.25,0.25,run5_bs2000_N1_M1_G0p25_CG0p25_interval30_step30_cooldown_for_k7,30,30,True,7.0,5.5e-32,146.75,5.6e-34,1,,0.903625,,16
5,1,1,0.25,0.25,run5_bs2000_N1_M1_G0p25_CG0p25_interval30_step30_cooldown_for_k8,30,30,True,8.0,5.5e-32,146.75,5.6e-34,1,,0.904433,,16
5,1,1,0.25,0.25,run5_bs2000_N1_M1_G0p25_CG0p25_interval30_step30_cooldown_for_k6.5,30,30,True,6.5,5.5e-32,146.75,5.6e-34,1,,0.903531,,16
5,1,1,0.25,0.25,run5_bs2000_N1_M1_G0p25_CG0p25_interval30_step30_cooldown_for_k7.5,30,30,True,7.5,5.5e-32,146.75,5.6e-34,1,,0.904103,,16
5,1,1,0.25,0.25,run5_bs2000_N1_M1_G0p25_CG0p25_interval30_step30_cooldown_for_k6.25,30,30,True,6.25,5.5e-32,146.75,5.6e-34,1,,0.903674,,16
5,1,1,0.25,0.25,run5_bs2000_N1_M1_G0p25_CG0p25_interval30_step30_cooldown_for_k6.75,30,30,True,6.75,5.5e-32,146.75,5.6e-34,1,,0.903656,,16
5,1,1,0.25,0.25,run5_bs2000_N1_M1_G0p25_CG0p25_interval30_step30,30,30,False,,0.0093,6.5,0.0072,1,1,0.912304,0.903531,8
5,1,1,0.25,0.25,run5_bs2000_N1_M1_G0p25_CG0p25_interval31_step31_cooldown_for_k5.5,31,31,True,5.5,5.6e-34,151.75,4.3e-35,1,,0.902393,,12
5,1,1,0.25,0.25,run5_bs2000_N1_M1_G0p25_CG0p25_interval31_step31_cooldown_for_k6.5,31,31,True,6.5,5.6e-34,152.75,2.6e-35,1,,0.900403,,13
5,1,1,0.25,0.25,run5_bs2000_N1_M1_G0p25_CG0p25_interval31_step31_cooldown_for_k7.5,31,31,True,7.5,5.6e-34,152.75,2.6e-35,1,,0.900427,,13
5,1,1,0.25,0.25,run5_bs2000_N1_M1_G0p25_CG0p25_interval31_step31_cooldown_for_k6,31,31,True,6.0,5.6e-34,151.75,4.3e-35,1,,0.901085,,12
5,1,1,0.25,0.25,run5_bs2000_N1_M1_G0p25_CG0p25_interval31_step31_cooldown_for_k7,31,31,True,7.0,5.6e-34,152.75,2.6e-35,1,,0.900373,,13
5,1,1,0.25,0.25,run5_bs2000_N1_M1_G0p25_CG0p25_interval31_step31_cooldown_for_k6.75,31,31,True,6.75,5.6e-34,152.75,2.6e-35,1,,0.900441,,13
5,1,1,0.25,0.25,run5_bs2000_N1_M1_G0p25_CG0p25_interval31_step31_cooldown_for_k7.25,31,31,True,7.25,5.6e-34,152.75,2.6e-35,1,,0.900447,,13
5,1,1,0.25,0.25,run5_bs2000_N1_M1_G0p25_CG0p25_interval31_step31,31,31,False,,0.0072,7.0,0.0056,1,1,0.906604,0.900373,7
5,1,1,0.25,0.25,run5_bs2000_N1_M1_G0p25_CG0p25_interval32_step32_cooldown_for_k6,32,32,True,6.0,2.6e-35,158.75,1.2e-36,1,,0.898301,,13
5,1,1,0.25,0.25,run5_bs2000_N1_M1_G0p25_CG0p25_interval32_step32_cooldown_for_k7,32,32,True,7.0,2.6e-35,158.75,1.2e-36,1,,0.897462,,13
5,1,1,0.25,0.25,run5_bs2000_N1_M1_G0p25_CG0p25_interval32_step32_cooldown_for_k8,32,32,True,8.0,2.6e-35,158.75,1.2e-36,1,,0.897785,,13
5,1,1,0.25,0.25,run5_bs2000_N1_M1_G0p25_CG0p25_interval32_step32_cooldown_for_k6.5,32,32,True,6.5,2.6e-35,158.75,1.2e-36,1,,0.897795,,13
5,1,1,0.25,0.25,run5_bs2000_N1_M1_G0p25_CG0p25_interval32_step32_cooldown_for_k7.5,32,32,True,7.5,2.6e-35,158.75,1.2e-36,1,,0.897696,,13
5,1,1,0.25,0.25,run5_bs2000_N1_M1_G0p25_CG0p25_interval32_step32_cooldown_for_k6.75,32,32,True,6.75,2.6e-35,158.75,1.2e-36,1,,0.897745,,13
5,1,1,0.25,0.25,run5_bs2000_N1_M1_G0p25_CG0p25_interval32_step32_cooldown_for_k7.25,32,32,True,7.25,2.6e-35,158.75,1.2e-36,1,,0.897713,,13
5,1,1,0.25,0.25,run5_bs2000_N1_M1_G0p25_CG0p25_interval32_step32,32,32,False,,0.0056,7.0,0.0056,1,1,0.905161,0.897462,7
5,1,1,0.25,0.25,run5_bs2000_N1_M1_G0p25_CG0p25_interval33_step33_cooldown_for_k6,33,33,True,6.0,1.2e-36,163.75,9.4e-38,1,,0.89604,,12
5,1,1,0.25,0.25,run5_bs2000_N1_M1_G0p25_CG0p25_interval33_step33_cooldown_for_k7,33,33,True,7.0,1.2e-36,163.75,9.4e-38,1,,0.895057,,12
5,1,1,0.25,0.25,run5_bs2000_N1_M1_G0p25_CG0p25_interval33_step33_cooldown_for_k8,33,33,True,8.0,1.2e-36,163.75,9.4e-38,1,,0.895243,,12
5,1,1,0.25,0.25,run5_bs2000_N1_M1_G0p25_CG0p25_interval33_step33_cooldown_for_k6.5,33,33,True,6.5,1.2e-36,163.75,9.4e-38,1,,0.895427,,12
5,1,1,0.25,0.25,run5_bs2000_N1_M1_G0p25_CG0p25_interval33_step33_cooldown_for_k7.5,33,33,True,7.5,1.2e-36,163.75,9.4e-38,1,,0.895173,,12
5,1,1,0.25,0.25,run5_bs2000_N1_M1_G0p25_CG0p25_interval33_step33_cooldown_for_k6.75,33,33,True,6.75,1.2e-36,163.75,9.4e-38,1,,0.895322,,12
5,1,1,0.25,0.25,run5_bs2000_N1_M1_G0p25_CG0p25_interval33_step33_cooldown_for_k7.25,33,33,True,7.25,1.2e-36,163.75,9.4e-38,1,,0.895202,,12
5,1,1,0.25,0.25,run5_bs2000_N1_M1_G0p25_CG0p25_interval33_step33,33,33,False,,0.0056,7.0,0.0056,1,1,0.902977,0.895057,7
5,1,1,0.25,0.25,run5_bs2000_N1_M1_G0p25_CG0p25_interval34_step34_cooldown_for_k6,34,34,True,6.0,9.4e-38,167.75,1.2e-38,1,,0.895895,,11
5,1,1,0.25,0.25,run5_bs2000_N1_M1_G0p25_CG0p25_interval34_step34_cooldown_for_k7,34,34,True,7.0,9.4e-38,168.75,7.3e-39,1,,0.894077,,12
5,1,1,0.25,0.25,run5_bs2000_N1_M1_G0p25_CG0p25_interval34_step34_cooldown_for_k8,34,34,True,8.0,9.4e-38,168.75,7.3e-39,1,,0.893823,,12
5,1,1,0.25,0.25,run5_bs2000_N1_M1_G0p25_CG0p25_interval34_step34_cooldown_for_k9,34,34,True,9.0,9.4e-38,169.75,4.4e-39,1,,0.894009,,13
5,1,1,0.25,0.25,run5_bs2000_N1_M1_G0p25_CG0p25_interval34_step34_cooldown_for_k7.5,34,34,True,7.5,9.4e-38,168.75,7.3e-39,1,,0.894071,,12
5,1,1,0.25,0.25,run5_bs2000_N1_M1_G0p25_CG0p25_interval34_step34_cooldown_for_k8.5,34,34,True,8.5,9.4e-38,168.75,7.3e-39,1,,0.894045,,12
5,1,1,0.25,0.25,run5_bs2000_N1_M1_G0p25_CG0p25_interval34_step34_cooldown_for_k7.75,34,34,True,7.75,9.4e-38,168.75,7.3e-39,1,,0.894129,,12
5,1,1,0.25,0.25,run5_bs2000_N1_M1_G0p25_CG0p25_interval34_step34_cooldown_for_k8.25,34,34,True,8.25,9.4e-38,168.75,7.3e-39,1,,0.894134,,12
5,1,1,0.25,0.25,run5_bs2000_N1_M1_G0p25_CG0p25_interval34_step34,34,34,False,,0.0056,8.0,0.0034,1,1,0.900813,0.893823,8
5,1,1,0.25,0.25,run5_bs2000_N1_M1_G0p25_CG0p25_interval35_step35_cooldown_for_k7,35,35,True,7.0,7.3e-39,173.75,5.7e-40,1,,0.892596,,12
5,1,1,0.25,0.25,run5_bs2000_N1_M1_G0p25_CG0p25_interval35_step35_cooldown_for_k8,35,35,True,8.0,7.3e-39,174.75,3.4e-40,1,,0.892337,,13
5,1,1,0.25,0.25,run5_bs2000_N1_M1_G0p25_CG0p25_interval35_step35_cooldown_for_k9,35,35,True,9.0,7.3e-39,174.75,3.4e-40,1,,0.892415,,13
5,1,1,0.25,0.25,run5_bs2000_N1_M1_G0p25_CG0p25_interval35_step35_cooldown_for_k7.5,35,35,True,7.5,7.3e-39,173.75,5.7e-40,1,,0.892493,,12
5,1,1,0.25,0.25,run5_bs2000_N1_M1_G0p25_CG0p25_interval35_step35_cooldown_for_k8.5,35,35,True,8.5,7.3e-39,174.75,3.4e-40,1,,0.892453,,13
5,1,1,0.25,0.25,run5_bs2000_N1_M1_G0p25_CG0p25_interval35_step35_cooldown_for_k7.75,35,35,True,7.75,7.3e-39,173.75,5.7e-40,1,,0.892498,,12
5,1,1,0.25,0.25,run5_bs2000_N1_M1_G0p25_CG0p25_interval35_step35_cooldown_for_k8.25,35,35,True,8.25,7.3e-39,173.75,5.7e-40,1,,0.892489,,12
5,1,1,0.25,0.25,run5_bs2000_N1_M1_G0p25_CG0p25_interval35_step35,35,35,False,,0.0034,8.0,0.0034,1,1,0.899012,0.892337,7
5,1,1,0.25,0.25,run5_bs2000_N1_M1_G0p25_CG0p25_interval36_step36_cooldown_for_k7,36,36,True,7.0,3.4e-40,179.75,2.7e-41,1,,0.890585,,12
5,1,1,0.25,0.25,run5_bs2000_N1_M1_G0p25_CG0p25_interval36_step36_cooldown_for_k8,36,36,True,8.0,3.4e-40,179.75,2.7e-41,1,,0.890587,,12
5,1,1,0.25,0.25,run5_bs2000_N1_M1_G0p25_CG0p25_interval36_step36_cooldown_for_k9,36,36,True,9.0,3.4e-40,180.75,1.6e-41,1,,0.890842,,13
5,1,1,0.25,0.25,run5_bs2000_N1_M1_G0p25_CG0p25_interval36_step36_cooldown_for_k6,36,36,True,6.0,3.4e-40,178.75,4.4e-41,1,,0.892109,,11
5,1,1,0.25,0.25,run5_bs2000_N1_M1_G0p25_CG0p25_interval36_step36_cooldown_for_k6.5,36,36,True,6.5,3.4e-40,178.75,4.4e-41,1,,0.891117,,11
5,1,1,0.25,0.25,run5_bs2000_N1_M1_G0p25_CG0p25_interval36_step36_cooldown_for_k7.5,36,36,True,7.5,3.4e-40,179.75,2.7e-41,1,,0.890601,,12
5,1,1,0.25,0.25,run5_bs2000_N1_M1_G0p25_CG0p25_interval36_step36_cooldown_for_k6.75,36,36,True,6.75,3.4e-40,178.75,4.4e-41,1,,0.890948,,11
5,1,1,0.25,0.25,run5_bs2000_N1_M1_G0p25_CG0p25_interval36_step36_cooldown_for_k7.25,36,36,True,7.25,3.4e-40,179.75,2.7e-41,1,,0.890686,,12
5,1,1,0.25,0.25,run5_bs2000_N1_M1_G0p25_CG0p25_interval36_step36,36,36,False,,0.0034,7.0,0.0056,1,1,0.899296,0.890585,8
5,1,1,0.25,0.25,run5_bs2000_N1_M1_G0p25_CG0p25_interval37_step37_cooldown_for_k6,37,37,True,6.0,2.7e-41,184.75,2.1e-42,1,,0.891376,,12
5,1,1,0.25,0.25,run5_bs2000_N1_M1_G0p25_CG0p25_interval37_step37_cooldown_for_k7,37,37,True,7.0,2.7e-41,185.75,1.2e-42,1,,0.889513,,13
5,1,1,0.25,0.25,run5_bs2000_N1_M1_G0p25_CG0p25_interval37_step37_cooldown_for_k8,37,37,True,8.0,2.7e-41,185.75,1.2e-42,1,,0.889235,,13
5,1,1,0.25,0.25,run5_bs2000_N1_M1_G0p25_CG0p25_interval37_step37_cooldown_for_k9,37,37,True,9.0,2.7e-41,185.75,1.2e-42,1,,0.88939,,13
5,1,1,0.25,0.25,run5_bs2000_N1_M1_G0p25_CG0p25_interval37_step37_cooldown_for_k7.5,37,37,True,7.5,2.7e-41,185.75,1.2e-42,1,,0.88939,,13
5,1,1,0.25,0.25,run5_bs2000_N1_M1_G0p25_CG0p25_interval37_step37_cooldown_for_k8.5,37,37,True,8.5,2.7e-41,185.75,1.2e-42,1,,0.889365,,13
5,1,1,0.25,0.25,run5_bs2000_N1_M1_G0p25_CG0p25_interval37_step37_cooldown_for_k7.75,37,37,True,7.75,2.7e-41,185.75,1.2e-42,1,,0.8894,,13
5,1,1,0.25,0.25,run5_bs2000_N1_M1_G0p25_CG0p25_interval37_step37_cooldown_for_k8.25,37,37,True,8.25,2.7e-41,185.75,1.2e-42,1,,0.889398,,13
5,1,1,0.25,0.25,run5_bs2000_N1_M1_G0p25_CG0p25_interval37_step37,37,37,False,,0.0056,8.0,0.0034,1,1,0.897311,0.889235,8
5,1,1,0.25,0.25,run5_bs2000_N1_M1_G0p25_CG0p25_interval38_step38_cooldown_for_k7,38,38,True,7.0,1.2e-42,190.75,9.6e-44,1,,0.888884,,12
5,1,1,0.25,0.25,run5_bs2000_N1_M1_G0p25_CG0p25_interval38_step38_cooldown_for_k8,38,38,True,8.0,1.2e-42,191.75,5.8e-44,1,,0.888501,,13
5,1,1,0.25,0.25,run5_bs2000_N1_M1_G0p25_CG0p25_interval38_step38_cooldown_for_k9,38,38,True,9.0,1.2e-42,191.75,5.8e-44,1,,0.888485,,13
5,1,1,0.25,0.25,run5_bs2000_N1_M1_G0p25_CG0p25_interval38_step38_cooldown_for_k10,38,38,True,10.0,1.2e-42,191.75,5.8e-44,1,,0.888583,,13
5,1,1,0.25,0.25,run5_bs2000_N1_M1_G0p25_CG0p25_interval38_step38_cooldown_for_k8.5,38,38,True,8.5,1.2e-42,191.75,5.8e-44,1,,0.888543,,13
5,1,1,0.25,0.25,run5_bs2000_N1_M1_G0p25_CG0p25_interval38_step38_cooldown_for_k9.5,38,38,True,9.5,1.2e-42,191.75,5.8e-44,1,,0.888571,,13
5,1,1,0.25,0.25,run5_bs2000_N1_M1_G0p25_CG0p25_interval38_step38_cooldown_for_k8.75,38,38,True,8.75,1.2e-42,191.75,5.8e-44,1,,0.888576,,13
5,1,1,0.25,0.25,run5_bs2000_N1_M1_G0p25_CG0p25_interval38_step38_cooldown_for_k9.25,38,38,True,9.25,1.2e-42,191.75,5.8e-44,1,,0.888594,,13
5,1,1,0.25,0.25,run5_bs2000_N1_M1_G0p25_CG0p25_interval38_step38,38,38,False,,0.0034,9.0,0.002,1,1,0.893794,0.888485,8
5,1,1,0.25,0.25,run5_bs2000_N1_M1_G0p25_CG0p25_interval39_step39_cooldown_for_k8,39,39,True,8.0,5.8e-44,197.75,2.7e-45,1,,0.887577,,13
5,1,1,0.25,0.25,run5_bs2000_N1_M1_G0p25_CG0p25_interval39_step39_cooldown_for_k9,39,39,True,9.0,5.8e-44,198.75,1.6e-45,1,,0.887662,,14
5,1,1,0.25,0.25,run5_bs2000_N1_M1_G0p25_CG0p25_interval39_step39_cooldown_for_k10,39,39,True,10.0,5.8e-44,198.75,1.6e-45,1,,0.887794,,14
5,1,1,0.25,0.25,run5_bs2000_N1_M1_G0p25_CG0p25_interval39_step39_cooldown_for_k7,39,39,True,7.0,5.8e-44,197.75,2.7e-45,1,,0.887952,,13
5,1,1,0.25,0.25,run5_bs2000_N1_M1_G0p25_CG0p25_interval39_step39_cooldown_for_k7.5,39,39,True,7.5,5.8e-44,197.75,2.7e-45,1,,0.887705,,13
5,1,1,0.25,0.25,run5_bs2000_N1_M1_G0p25_CG0p25_interval39_step39_cooldown_for_k8.5,39,39,True,8.5,5.8e-44,197.75,2.7e-45,1,,0.887656,,13
5,1,1,0.25,0.25,run5_bs2000_N1_M1_G0p25_CG0p25_interval39_step39_cooldown_for_k7.75,39,39,True,7.75,5.8e-44,197.75,2.7e-45,1,,0.887684,,13
5,1,1,0.25,0.25,run5_bs2000_N1_M1_G0p25_CG0p25_interval39_step39_cooldown_for_k8.25,39,39,True,8.25,5.8e-44,197.75,2.7e-45,1,,0.887659,,13
5,1,1,0.25,0.25,run5_bs2000_N1_M1_G0p25_CG0p25_interval39_step39,39,39,False,,0.002,8.0,0.0034,1,1,0.892204,0.887577,8
5,1,1,0.25,0.25,run5_bs2000_N1_M1_G0p25_CG0p25_interval40_step40_cooldown_for_k7,40,40,True,7.0,2.7e-45,201.75,3.5e-46,1,,0.88689,,11
5,1,1,0.25,0.25,run5_bs2000_N1_M1_G0p25_CG0p25_interval40_step40_cooldown_for_k8,40,40,True,8.0,2.7e-45,202.75,2.1e-46,1,,0.886565,,12
5,1,1,0.25,0.25,run5_bs2000_N1_M1_G0p25_CG0p25_interval40_step40_cooldown_for_k9,40,40,True,9.0,2.7e-45,203.75,1.3e-46,1,,0.886653,,13
5,1,1,0.25,0.25,run5_bs2000_N1_M1_G0p25_CG0p25_interval40_step40_cooldown_for_k7.5,40,40,True,7.5,2.7e-45,202.75,2.1e-46,1,,0.886694,,12
5,1,1,0.25,0.25,run5_bs2000_N1_M1_G0p25_CG0p25_interval40_step40_cooldown_for_k8.5,40,40,True,8.5,2.7e-45,202.75,2.1e-46,1,,0.886634,,12
5,1,1,0.25,0.25,run5_bs2000_N1_M1_G0p25_CG0p25_interval40_step40_cooldown_for_k7.75,40,40,True,7.75,2.7e-45,202.75,2.1e-46,1,,0.886656,,12
5,1,1,0.25,0.25,run5_bs2000_N1_M1_G0p25_CG0p25_interval40_step40_cooldown_for_k8.25,40,40,True,8.25,2.7e-45,202.75,2.1e-46,1,,0.886632,,12
5,1,1,0.25,0.25,run5_bs2000_N1_M1_G0p25_CG0p25_interval40_step40,40,40,False,,0.0034,8.0,0.0034,1,1,0.890666,0.886565,7
5,1,1,0.25,0.25,run5_bs2000_N1_M1_G0p25_CG0p25_interval41_step41_cooldown_for_k7,41,41,True,7.0,2.1e-46,208.75,9.8e-48,1,,0.886174,,13
5,1,1,0.25,0.25,run5_bs2000_N1_M1_G0p25_CG0p25_interval41_step41_cooldown_for_k8,41,41,True,8.0,2.1e-46,208.75,9.8e-48,1,,0.885768,,13
5,1,1,0.25,0.25,run5_bs2000_N1_M1_G0p25_CG0p25_interval41_step41_cooldown_for_k9,41,41,True,9.0,2.1e-46,208.75,9.8e-48,1,,0.885807,,13
5,1,1,0.25,0.25,run5_bs2000_N1_M1_G0p25_CG0p25_interval41_step41_cooldown_for_k7.5,41,41,True,7.5,2.1e-46,208.75,9.8e-48,1,,0.885931,,13
5,1,1,0.25,0.25,run5_bs2000_N1_M1_G0p25_CG0p25_interval41_step41_cooldown_for_k8.5,41,41,True,8.5,2.1e-46,208.75,9.8e-48,1,,0.885794,,13
5,1,1,0.25,0.25,run5_bs2000_N1_M1_G0p25_CG0p25_interval41_step41_cooldown_for_k7.75,41,41,True,7.75,2.1e-46,208.75,9.8e-48,1,,0.885884,,13
5,1,1,0.25,0.25,run5_bs2000_N1_M1_G0p25_CG0p25_interval41_step41_cooldown_for_k8.25,41,41,True,8.25,2.1e-46,208.75,9.8e-48,1,,0.885825,,13
5,1,1,0.25,0.25,run5_bs2000_N1_M1_G0p25_CG0p25_interval41_step41,41,41,False,,0.0034,8.0,0.0034,1,1,0.890595,0.885768,7
5,1,1,0.25,0.25,run5_bs2000_N1_M1_G0p25_CG0p25_interval42_step42_cooldown_for_k7,42,42,True,7.0,9.8e-48,212.75,1.3e-48,1,,0.885484,,11
5,1,1,0.25,0.25,run5_bs2000_N1_M1_G0p25_CG0p25_interval42_step42_cooldown_for_k8,42,42,True,8.0,9.8e-48,213.75,7.6e-49,1,,0.885039,,12
5,1,1,0.25,0.25,run5_bs2000_N1_M1_G0p25_CG0p25_interval42_step42_cooldown_for_k9,42,42,True,9.0,9.8e-48,213.75,7.6e-49,1,,0.88504,,12
5,1,1,0.25,0.25,run5_bs2000_N1_M1_G0p25_CG0p25_interval42_step42_cooldown_for_k7.5,42,42,True,7.5,9.8e-48,212.75,1.3e-48,1,,0.885218,,11
5,1,1,0.25,0.25,run5_bs2000_N1_M1_G0p25_CG0p25_interval42_step42_cooldown_for_k8.5,42,42,True,8.5,9.8e-48,213.75,7.6e-49,1,,0.885039,,12
5,1,1,0.25,0.25,run5_bs2000_N1_M1_G0p25_CG0p25_interval42_step42_cooldown_for_k7.75,42,42,True,7.75,9.8e-48,212.75,1.3e-48,1,,0.885183,,11
5,1,1,0.25,0.25,run5_bs2000_N1_M1_G0p25_CG0p25_interval42_step42_cooldown_for_k8.25,42,42,True,8.25,9.8e-48,213.75,7.6e-49,1,,0.885089,,12
5,1,1,0.25,0.25,run5_bs2000_N1_M1_G0p25_CG0p25_interval42_step42,42,42,False,,0.0034,8.0,0.0034,1,1,0.889387,0.885039,7
5,1,1,0.25,0.25,run5_bs2000_N1_M1_G0p25_CG0p25_interval43_step43_cooldown_for_k7,43,43,True,7.0,7.6e-49,220.75,2.1e-50,1,,0.885014,,14
5,1,1,0.25,0.25,run5_bs2000_N1_M1_G0p25_CG0p25_interval43_step43_cooldown_for_k8,43,43,True,8.0,7.6e-49,220.75,2.1e-50,1,,0.884461,,14
5,1,1,0.25,0.25,run5_bs2000_N1_M1_G0p25_CG0p25_interval43_step43_cooldown_for_k9,43,43,True,9.0,7.6e-49,220.75,2.1e-50,1,,0.884406,,14
5,1,1,0.25,0.25,run5_bs2000_N1_M1_G0p25_CG0p25_interval43_step43_cooldown_for_k10,43,43,True,10.0,7.6e-49,220.75,2.1e-50,1,,0.884484,,14
5,1,1,0.25,0.25,run5_bs2000_N1_M1_G0p25_CG0p25_interval43_step43_cooldown_for_k8.5,43,43,True,8.5,7.6e-49,220.75,2.1e-50,1,,0.884458,,14
5,1,1,0.25,0.25,run5_bs2000_N1_M1_G0p25_CG0p25_interval43_step43_cooldown_for_k9.5,43,43,True,9.5,7.6e-49,220.75,2.1e-50,1,,0.884472,,14
5,1,1,0.25,0.25,run5_bs2000_N1_M1_G0p25_CG0p25_interval43_step43_cooldown_for_k8.75,43,43,True,8.75,7.6e-49,220.75,2.1e-50,1,,0.884478,,14
5,1,1,0.25,0.25,run5_bs2000_N1_M1_G0p25_CG0p25_interval43_step43_cooldown_for_k9.25,43,43,True,9.25,7.6e-49,220.75,2.1e-50,1,,0.884489,,14
5,1,1,0.25,0.25,run5_bs2000_N1_M1_G0p25_CG0p25_interval43_step43,43,43,False,,0.0034,9.0,0.002,1,1,0.888706,0.884406,8
5,1,1,0.25,0.25,run5_bs2000_N1_M1_G0p25_CG0p25_interval44_step44_cooldown_for_k8,44,44,True,8.0,2.1e-50,225.75,1.7e-51,1,,0.883981,,12
5,1,1,0.25,0.25,run5_bs2000_N1_M1_G0p25_CG0p25_interval44_step44_cooldown_for_k9,44,44,True,9.0,2.1e-50,225.75,1.7e-51,1,,0.883914,,12
5,1,1,0.25,0.25,run5_bs2000_N1_M1_G0p25_CG0p25_interval44_step44_cooldown_for_k10,44,44,True,10.0,2.1e-50,226.75,9.9e-52,1,,0.883944,,13
5,1,1,0.25,0.25,run5_bs2000_N1_M1_G0p25_CG0p25_interval44_step44_cooldown_for_k8.5,44,44,True,8.5,2.1e-50,225.75,1.7e-51,1,,0.883937,,12
5,1,1,0.25,0.25,run5_bs2000_N1_M1_G0p25_CG0p25_interval44_step44_cooldown_for_k9.5,44,44,True,9.5,2.1e-50,225.75,1.7e-51,1,,0.883948,,12
5,1,1,0.25,0.25,run5_bs2000_N1_M1_G0p25_CG0p25_interval44_step44_cooldown_for_k8.75,44,44,True,8.75,2.1e-50,225.75,1.7e-51,1,,0.88394,,12
5,1,1,0.25,0.25,run5_bs2000_N1_M1_G0p25_CG0p25_interval44_step44_cooldown_for_k9.25,44,44,True,9.25,2.1e-50,225.75,1.7e-51,1,,0.883943,,12
5,1,1,0.25,0.25,run5_bs2000_N1_M1_G0p25_CG0p25_interval44_step44,44,44,False,,0.002,9.0,0.002,1,1,0.886744,0.883914,7
5,1,1,0.25,0.25,run5_bs2000_N1_M1_G0p25_CG0p25_interval45_step45_cooldown_for_k8,45,45,True,8.0,1.7e-51,231.75,7.7e-53,1,,0.883299,,13
5,1,1,0.25,0.25,run5_bs2000_N1_M1_G0p25_CG0p25_interval45_step45_cooldown_for_k9,45,45,True,9.0,1.7e-51,232.75,4.6e-53,1,,0.883328,,14
5,1,1,0.25,0.25,run5_bs2000_N1_M1_G0p25_CG0p25_interval45_step45_cooldown_for_k10,45,45,True,10.0,1.7e-51,232.75,4.6e-53,1,,0.883432,,14
5,1,1,0.25,0.25,run5_bs2000_N1_M1_G0p25_CG0p25_interval45_step45_cooldown_for_k7,45,45,True,7.0,1.7e-51,231.75,7.7e-53,1,,0.883811,,13
5,1,1,0.25,0.25,run5_bs2000_N1_M1_G0p25_CG0p25_interval45_step45_cooldown_for_k7.5,45,45,True,7.5,1.7e-51,231.75,7.7e-53,1,,0.883482,,13
5,1,1,0.25,0.25,run5_bs2000_N1_M1_G0p25_CG0p25_interval45_step45_cooldown_for_k8.5,45,45,True,8.5,1.7e-51,231.75,7.7e-53,1,,0.88334,,13
5,1,1,0.25,0.25,run5_bs2000_N1_M1_G0p25_CG0p25_interval45_step45_cooldown_for_k7.75,45,45,True,7.75,1.7e-51,231.75,7.7e-53,1,,0.883426,,13
5,1,1,0.25,0.25,run5_bs2000_N1_M1_G0p25_CG0p25_interval45_step45_cooldown_for_k8.25,45,45,True,8.25,1.7e-51,231.75,7.7e-53,1,,0.883363,,13
5,1,1,0.25,0.25,run5_bs2000_N1_M1_G0p25_CG0p25_interval45_step45,45,45,False,,0.002,8.0,0.0034,1,1,0.887184,0.883299,8
5,1,1,0.25,0.25,run5_bs2000_N1_M1_G0p25_CG0p25_interval46_step46_cooldown_for_k7,46,46,True,7.0,7.7e-53,235.75,1e-53,1,,0.883238,,11
5,1,1,0.25,0.25,run5_bs2000_N1_M1_G0p25_CG0p25_interval46_step46_cooldown_for_k8,46,46,True,8.0,7.7e-53,236.75,6e-54,1,,0.882731,,12
5,1,1,0.25,0.25,run5_bs2000_N1_M1_G0p25_CG0p25_interval46_step46_cooldown_for_k9,46,46,True,9.0,7.7e-53,236.75,6e-54,1,,0.882682,,12
5,1,1,0.25,0.25,run5_bs2000_N1_M1_G0p25_CG0p25_interval46_step46_cooldown_for_k10,46,46,True,10.0,7.7e-53,237.75,3.6e-54,1,,0.882758,,13
5,1,1,0.25,0.25,run5_bs2000_N1_M1_G0p25_CG0p25_interval46_step46_cooldown_for_k8.5,46,46,True,8.5,7.7e-53,236.75,6e-54,1,,0.882689,,12
5,1,1,0.25,0.25,run5_bs2000_N1_M1_G0p25_CG0p25_interval46_step46_cooldown_for_k9.5,46,46,True,9.5,7.7e-53,236.75,6e-54,1,,0.882731,,12
5,1,1,0.25,0.25,run5_bs2000_N1_M1_G0p25_CG0p25_interval46_step46_cooldown_for_k8.75,46,46,True,8.75,7.7e-53,236.75,6e-54,1,,0.882696,,12
5,1,1,0.25,0.25,run5_bs2000_N1_M1_G0p25_CG0p25_interval46_step46_cooldown_for_k9.25,46,46,True,9.25,7.7e-53,236.75,6e-54,1,,0.882717,,12
5,1,1,0.25,0.25,run5_bs2000_N1_M1_G0p25_CG0p25_interval46_step46,46,46,False,,0.0034,9.0,0.002,1,1,0.885177,0.882682,8
5,1,1,0.25,0.25,run5_bs2000_N1_M1_G0p25_CG0p25_interval47_step47_cooldown_for_k8,47,47,True,8.0,6e-54,242.75,2.8e-55,1,,0.882315,,13
5,1,1,0.25,0.25,run5_bs2000_N1_M1_G0p25_CG0p25_interval47_step47_cooldown_for_k9,47,47,True,9.0,6e-54,243.75,1.7e-55,1,,0.882272,,14
5,1,1,0.25,0.25,run5_bs2000_N1_M1_G0p25_CG0p25_interval47_step47_cooldown_for_k10,47,47,True,10.0,6e-54,243.75,1.7e-55,1,,0.882326,,14
5,1,1,0.25,0.25,run5_bs2000_N1_M1_G0p25_CG0p25_interval47_step47_cooldown_for_k8.5,47,47,True,8.5,6e-54,243.75,1.7e-55,1,,0.882299,,14
5,1,1,0.25,0.25,run5_bs2000_N1_M1_G0p25_CG0p25_interval47_step47_cooldown_for_k9.5,47,47,True,9.5,6e-54,243.75,1.7e-55,1,,0.88231,,14
5,1,1,0.25,0.25,run5_bs2000_N1_M1_G0p25_CG0p25_interval47_step47_cooldown_for_k8.75,47,47,True,8.75,6e-54,243.75,1.7e-55,1,,0.882306,,14
5,1,1,0.25,0.25,run5_bs2000_N1_M1_G0p25_CG0p25_interval47_step47_cooldown_for_k9.25,47,47,True,9.25,6e-54,243.75,1.7e-55,1,,0.882314,,14
5,1,1,0.25,0.25,run5_bs2000_N1_M1_G0p25_CG0p25_interval47_step47,47,47,False,,0.002,9.0,0.002,1,1,0.884888,0.882272,7
5,1,1,0.25,0.25,run5_bs2000_N1_M1_G0p25_CG0p25_interval48_step48_cooldown_for_k8,48,48,True,8.0,1.7e-55,247.75,2.2e-56,1,,0.881804,,11
5,1,1,0.25,0.25,run5_bs2000_N1_M1_G0p25_CG0p25_interval48_step48_cooldown_for_k9,48,48,True,9.0,1.7e-55,248.75,1.3e-56,1,,0.881779,,12
5,1,1,0.25,0.25,run5_bs2000_N1_M1_G0p25_CG0p25_interval48_step48_cooldown_for_k10,48,48,True,10.0,1.7e-55,249.75,7.8e-57,1,,0.881859,,13
5,1,1,0.25,0.25,run5_bs2000_N1_M1_G0p25_CG0p25_interval48_step48_cooldown_for_k8.5,48,48,True,8.5,1.7e-55,247.75,2.2e-56,1,,0.881795,,11
5,1,1,0.25,0.25,run5_bs2000_N1_M1_G0p25_CG0p25_interval48_step48_cooldown_for_k9.5,48,48,True,9.5,1.7e-55,248.75,1.3e-56,1,,0.881817,,12
5,1,1,0.25,0.25,run5_bs2000_N1_M1_G0p25_CG0p25_interval48_step48_cooldown_for_k8.75,48,48,True,8.75,1.7e-55,248.75,1.3e-56,1,,0.881798,,12
5,1,1,0.25,0.25,run5_bs2000_N1_M1_G0p25_CG0p25_interval48_step48_cooldown_for_k9.25,48,48,True,9.25,1.7e-55,248.75,1.3e-56,1,,0.881808,,12
5,1,1,0.25,0.25,run5_bs2000_N1_M1_G0p25_CG0p25_interval48_step48,48,48,False,,0.002,9.0,0.002,1,1,0.883818,0.881779,7
5,1,1,0.25,0.25,run5_bs2000_N1_M1_G0p25_CG0p25_interval49_step49,49,49,False,,0.002,12.0,0.00044,1,0,0.883136,0.883136,10
6,1,2,1.0,1.0,run6_bs2000_N1_M2_G1_CG1_interval0_step0_cooldown_for_k-1,0,0,True,-1.0,0.2,0.0,0.2,2,,1.890356,,3
6,1,2,1.0,1.0,run6_bs2000_N1_M2_G1_CG1_interval0_step0_cooldown_for_k0,0,0,True,0.0,0.2,2.0,0.072,2,,1.880299,,5
6,1,2,1.0,1.0,run6_bs2000_N1_M2_G1_CG1_interval0_step0_cooldown_for_k1,0,0,True,1.0,0.2,2.0,0.072,2,,1.888975,,5
6,1,2,1.0,1.0,run6_bs2000_N1_M2_G1_CG1_interval0_step0,0,0,False,,0.2,0.0,0.2,1,2,2.227943,1.880299,3
6,1,2,1.0,1.0,run6_bs2000_N1_M2_G1_CG1_interval1_step1_cooldown_for_k-1,1,1,True,-1.0,0.072,2.0,0.072,2,,1.547165,,3
6,1,2,1.0,1.0,run6_bs2000_N1_M2_G1_CG1_interval1_step1_cooldown_for_k0,1,1,True,0.0,0.072,2.0,0.072,2,,1.583234,,3
6,1,2,1.0,1.0,run6_bs2000_N1_M2_G1_CG1_interval1_step1_cooldown_for_k1,1,1,True,1.0,0.072,3.0,0.043,2,,1.666115,,4
6,1,2,1.0,1.0,run6_bs2000_N1_M2_G1_CG1_interval1_step1_cooldown_for_k-2,1,1,True,-2.0,0.072,4.0,0.026,2,,1.879871,,5
6,1,2,1.0,1.0,run6_bs2000_N1_M2_G1_CG1_interval1_step1,1,1,False,,0.2,-1.0,0.33,1,2,2.099741,1.547165,4
6,1,2,1.0,1.0,run6_bs2000_N1_M2_G1_CG1_interval2_step2_cooldown_for_k-2,2,2,True,-2.0,0.072,2.0,0.072,2,,1.455431,,3
6,1,2,1.0,1.0,run6_bs2000_N1_M2_G1_CG1_interval2_step2_cooldown_for_k-1,2,2,True,-1.0,0.072,2.0,0.072,2,,1.389203,,3
6,1,2,1.0,1.0,run6_bs2000_N1_M2_G1_CG1_interval2_step2_cooldown_for_k0,2,2,True,0.0,0.072,2.0,0.072,2,,1.343902,,3
6,1,2,1.0,1.0,run6_bs2000_N1_M2_G1_CG1_interval2_step2_cooldown_for_k1,2,2,True,1.0,0.072,2.0,0.072,2,,1.345117,,3
6,1,2,1.0,1.0,run6_bs2000_N1_M2_G1_CG1_interval2_step2,2,2,False,,0.33,0.0,0.2,1,2,1.802763,1.343902,4
6,1,2,1.0,1.0,run6_bs2000_N1_M2_G1_CG1_interval3_step3_cooldown_for_k-1,3,3,True,-1.0,0.072,2.0,0.072,2,,1.302101,,3
6,1,2,1.0,1.0,run6_bs2000_N1_M2_G1_CG1_interval3_step3_cooldown_for_k0,3,3,True,0.0,0.072,2.0,0.072,2,,1.25444,,3
6,1,2,1.0,1.0,run6_bs2000_N1_M2_G1_CG1_interval3_step3_cooldown_for_k1,3,3,True,1.0,0.072,2.0,0.072,2,,1.229308,,3
6,1,2,1.0,1.0,run6_bs2000_N1_M2_G1_CG1_interval3_step3_cooldown_for_k2,3,3,True,2.0,0.072,2.0,0.072,2,,1.248092,,3
6,1,2,1.0,1.0,run6_bs2000_N1_M2_G1_CG1_interval3_step3,3,3,False,,0.2,1.0,0.12,1,2,1.650893,1.229308,4
6,1,2,1.0,1.0,run6_bs2000_N1_M2_G1_CG1_interval4_step4_cooldown_for_k0,4,4,True,0.0,0.072,2.0,0.072,2,,1.161827,,3
6,1,2,1.0,1.0,run6_bs2000_N1_M2_G1_CG1_interval4_step4_cooldown_for_k1,4,4,True,1.0,0.072,2.0,0.072,2,,1.180204,,3
6,1,2,1.0,1.0,run6_bs2000_N1_M2_G1_CG1_interval4_step4_cooldown_for_k2,4,4,True,2.0,0.072,2.0,0.072,2,,1.175069,,3
6,1,2,1.0,1.0,run6_bs2000_N1_M2_G1_CG1_interval4_step4_cooldown_for_k-1,4,4,True,-1.0,0.072,2.0,0.072,2,,1.464034,,3
6,1,2,1.0,1.0,run6_bs2000_N1_M2_G1_CG1_interval4_step4,4,4,False,,0.12,0.0,0.2,1,2,1.725927,1.161827,4
6,1,2,1.0,1.0,run6_bs2000_N1_M2_G1_CG1_interval5_step5_cooldown_for_k-1,5,5,True,-1.0,0.072,2.0,0.072,2,,1.193607,,3
6,1,2,1.0,1.0,run6_bs2000_N1_M2_G1_CG1_interval5_step5_cooldown_for_k0,5,5,True,0.0,0.072,2.0,0.072,2,,1.106592,,3
6,1,2,1.0,1.0,run6_bs2000_N1_M2_G1_CG1_interval5_step5_cooldown_for_k1,5,5,True,1.0,0.072,2.0,0.072,2,,1.101435,,3
6,1,2,1.0,1.0,run6_bs2000_N1_M2_G1_CG1_interval5_step5_cooldown_for_k2,5,5,True,2.0,0.072,3.0,0.043,2,,1.136902,,4
6,1,2,1.0,1.0,run6_bs2000_N1_M2_G1_CG1_interval5_step5,5,5,False,,0.2,1.0,0.12,1,2,1.545586,1.101435,4
6,1,2,1.0,1.0,run6_bs2000_N1_M2_G1_CG1_interval6_step6_cooldown_for_k0,6,6,True,0.0,0.072,2.0,0.072,2,,1.073071,,3
6,1,2,1.0,1.0,run6_bs2000_N1_M2_G1_CG1_interval6_step6_cooldown_for_k1,6,6,True,1.0,0.072,2.0,0.072,2,,1.045086,,3
6,1,2,1.0,1.0,run6_bs2000_N1_M2_G1_CG1_interval6_step6_cooldown_for_k2,6,6,True,2.0,0.072,2.0,0.072,2,,1.039064,,3
6,1,2,1.0,1.0,run6_bs2000_N1_M2_G1_CG1_interval6_step6_cooldown_for_k3,6,6,True,3.0,0.072,2.0,0.072,2,,1.075584,,3
6,1,2,1.0,1.0,run6_bs2000_N1_M2_G1_CG1_interval6_step6,6,6,False,,0.12,2.0,0.072,1,2,1.501367,1.039064,4
6,1,2,1.0,1.0,run6_bs2000_N1_M2_G1_CG1_interval7_step7_cooldown_for_k1,7,7,True,1.0,0.072,3.0,0.043,2,,0.998336,,4
6,1,2,1.0,1.0,run6_bs2000_N1_M2_G1_CG1_interval7_step7_cooldown_for_k2,7,7,True,2.0,0.072,3.0,0.043,2,,0.991883,,4
6,1,2,1.0,1.0,run6_bs2000_N1_M2_G1_CG1_interval7_step7_cooldown_for_k3,7,7,True,3.0,0.072,3.0,0.043,2,,1.004105,,4
6,1,2,1.0,1.0,run6_bs2000_N1_M2_G1_CG1_interval7_step7,7,7,False,,0.072,2.0,0.072,1,2,1.265991,0.991883,3
6,1,2,1.0,1.0,run6_bs2000_N1_M2_G1_CG1_interval8_step8_cooldown_for_k1,8,8,True,1.0,0.043,3.0,0.043,2,,0.973171,,3
6,1,2,1.0,1.0,run6_bs2000_N1_M2_G1_CG1_interval8_step8_cooldown_for_k2,8,8,True,2.0,0.043,3.0,0.043,2,,0.956934,,3
6,1,2,1.0,1.0,run6_bs2000_N1_M2_G1_CG1_interval8_step8_cooldown_for_k3,8,8,True,3.0,0.043,3.0,0.043,2,,0.959021,,3
6,1,2,1.0,1.0,run6_bs2000_N1_M2_G1_CG1_interval8_step8,8,8,False,,0.072,2.0,0.072,1,2,1.190352,0.956934,3
6,1,2,1.0,1.0,run6_bs2000_N1_M2_G1_CG1_interval9_step9_cooldown_for_k1,9,9,True,1.0,0.043,3.0,0.043,2,,0.9444,,3
6,1,2,1.0,1.0,run6_bs2000_N1_M2_G1_CG1_interval9_step9_cooldown_for_k2,9,9,True,2.0,0.043,3.0,0.043,2,,0.935647,,3
6,1,2,1.0,1.0,run6_bs2000_N1_M2_G1_CG1_interval9_step9_cooldown_for_k3,9,9,True,3.0,0.043,3.0,0.043,2,,0.928108,,3
6,1,2,1.0,1.0,run6_bs2000_N1_M2_G1_CG1_interval9_step9_cooldown_for_k4,9,9,True,4.0,0.043,4.0,0.026,2,,0.937253,,4
6,1,2,1.0,1.0,run6_bs2000_N1_M2_G1_CG1_interval9_step9,9,9,False,,0.072,3.0,0.043,1,2,1.085069,0.928108,4
6,1,2,1.0,1.0,run6_bs2000_N1_M2_G1_CG1_interval10_step10_cooldown_for_k2,10,10,True,2.0,0.043,4.0,0.026,2,,0.928787,,4
6,1,2,1.0,1.0,run6_bs2000_N1_M2_G1_CG1_interval10_step10_cooldown_for_k3,10,10,True,3.0,0.043,4.0,0.026,2,,0.915693,,4
6,1,2,1.0,1.0,run6_bs2000_N1_M2_G1_CG1_interval10_step10_cooldown_for_k4,10,10,True,4.0,0.043,4.0,0.026,2,,0.917066,,4
6,1,2,1.0,1.0,run6_bs2000_N1_M2_G1_CG1_interval10_step10,10,10,False,,0.043,3.0,0.043,1,2,1.005413,0.915693,3
6,1,2,1.0,1.0,run6_bs2000_N1_M2_G1_CG1_interval11_step11_cooldown_for_k2,11,11,True,2.0,0.026,4.0,0.026,2,,0.913613,,3
6,1,2,1.0,1.0,run6_bs2000_N1_M2_G1_CG1_interval11_step11_cooldown_for_k3,11,11,True,3.0,0.026,4.0,0.026,2,,0.905942,,3
6,1,2,1.0,1.0,run6_bs2000_N1_M2_G1_CG1_interval11_step11_cooldown_for_k4,11,11,True,4.0,0.026,4.0,0.026,2,,0.90187,,3
6,1,2,1.0,1.0,run6_bs2000_N1_M2_G1_CG1_interval11_step11_cooldown_for_k5,11,11,True,5.0,0.026,5.0,0.016,2,,0.905137,,4
6,1,2,1.0,1.0,run6_bs2000_N1_M2_G1_CG1_interval11_step11,11,11,False,,0.043,4.0,0.026,1,2,0.957338,0.90187,4
6,1,2,1.0,1.0,run6_bs2000_N1_M2_G1_CG1_interval12_step12_cooldown_for_k3,12,12,True,3.0,0.026,4.0,0.026,2,,0.904475,,3
6,1,2,1.0,1.0,run6_bs2000_N1_M2_G1_CG1_interval12_step12_cooldown_for_k4,12,12,True,4.0,0.026,5.0,0.016,2,,0.896872,,4
6,1,2,1.0,1.0,run6_bs2000_N1_M2_G1_CG1_interval12_step12_cooldown_for_k5,12,12,True,5.0,0.026,5.0,0.016,2,,0.897365,,4
6,1,2,1.0,1.0,run6_bs2000_N1_M2_G1_CG1_interval12_step12,12,12,False,,0.026,4.0,0.026,1,2,0.936659,0.896872,3
6,1,2,1.0,1.0,run6_bs2000_N1_M2_G1_CG1_interval13_step13_cooldown_for_k3,13,13,True,3.0,0.016,5.0,0.016,2,,0.898477,,3
6,1,2,1.0,1.0,run6_bs2000_N1_M2_G1_CG1_interval13_step13_cooldown_for_k4,13,13,True,4.0,0.016,5.0,0.016,2,,0.894864,,3
6,1,2,1.0,1.0,run6_bs2000_N1_M2_G1_CG1_interval13_step13_cooldown_for_k5,13,13,True,5.0,0.016,5.0,0.016,2,,0.890934,,3
6,1,2,1.0,1.0,run6_bs2000_N1_M2_G1_CG1_interval13_step13_cooldown_for_k6,13,13,True,6.0,0.016,5.0,0.016,2,,0.893724,,3
6,1,2,1.0,1.0,run6_bs2000_N1_M2_G1_CG1_interval13_step13,13,13,False,,0.026,5.0,0.016,1,2,0.922271,0.890934,4
6,1,2,1.0,1.0,run6_bs2000_N1_M2_G1_CG1_interval14_step14_cooldown_for_k4,14,14,True,4.0,0.016,5.0,0.016,2,,0.89015,,3
6,1,2,1.0,1.0,run6_bs2000_N1_M2_G1_CG1_interval14_step14_cooldown_for_k5,14,14,True,5.0,0.016,5.0,0.016,2,,0.889154,,3
6,1,2,1.0,1.0,run6_bs2000_N1_M2_G1_CG1_interval14_step14_cooldown_for_k6,14,14,True,6.0,0.016,6.0,0.0093,2,,0.888906,,4
6,1,2,1.0,1.0,run6_bs2000_N1_M2_G1_CG1_interval14_step14_cooldown_for_k7,14,14,True,7.0,0.016,6.0,0.0093,2,,0.889161,,4
6,1,2,1.0,1.0,run6_bs2000_N1_M2_G1_CG1_interval14_step14,14,14,False,,0.016,6.0,0.0093,1,2,0.906469,0.888906,4
6,1,2,1.0,1.0,run6_bs2000_N1_M2_G1_CG1_interval15_step15_cooldown_for_k5,15,15,True,5.0,0.0093,6.0,0.0093,2,,0.884515,,3
6,1,2,1.0,1.0,run6_bs2000_N1_M2_G1_CG1_interval15_step15_cooldown_for_k6,15,15,True,6.0,0.0093,6.0,0.0093,2,,0.885197,,3
6,1,2,1.0,1.0,run6_bs2000_N1_M2_G1_CG1_interval15_step15_cooldown_for_k7,15,15,True,7.0,0.0093,6.0,0.0093,2,,0.886248,,3
6,1,2,1.0,1.0,run6_bs2000_N1_M2_G1_CG1_interval15_step15_cooldown_for_k4,15,15,True,4.0,0.0093,5.0,0.016,2,,0.887838,,4
6,1,2,1.0,1.0,run6_bs2000_N1_M2_G1_CG1_interval15_step15,15,15,False,,0.0093,5.0,0.016,1,2,0.899769,0.884515,4
6,1,2,1.0,1.0,run6_bs2000_N1_M2_G1_CG1_interval16_step16_cooldown_for_k4,16,16,True,4.0,0.0093,6.0,0.0093,2,,0.888742,,3
6,1,2,1.0,1.0,run6_bs2000_N1_M2_G1_CG1_interval16_step16_cooldown_for_k5,16,16,True,5.0,0.0093,6.0,0.0093,2,,0.883817,,3
6,1,2,1.0,1.0,run6_bs2000_N1_M2_G1_CG1_interval16_step16_cooldown_for_k6,16,16,True,6.0,0.0093,6.0,0.0093,2,,0.883273,,3
6,1,2,1.0,1.0,run6_bs2000_N1_M2_G1_CG1_interval16_step16_cooldown_for_k7,16,16,True,7.0,0.0093,6.0,0.0093,2,,0.883477,,3
6,1,2,1.0,1.0,run6_bs2000_N1_M2_G1_CG1_interval16_step16,16,16,False,,0.016,6.0,0.0093,1,2,0.892571,0.883273,4
6,1,2,1.0,1.0,run6_bs2000_N1_M2_G1_CG1_interval17_step17_cooldown_for_k5,17,17,True,5.0,0.0093,7.0,0.0056,2,,0.883627,,4
6,1,2,1.0,1.0,run6_bs2000_N1_M2_G1_CG1_interval17_step17_cooldown_for_k6,17,17,True,6.0,0.0093,6.0,0.0093,2,,0.881541,,3
6,1,2,1.0,1.0,run6_bs2000_N1_M2_G1_CG1_interval17_step17_cooldown_for_k7,17,17,True,7.0,0.0093,7.0,0.0056,2,,0.88169,,4
6,1,2,1.0,1.0,run6_bs2000_N1_M2_G1_CG1_interval17_step17,17,17,False,,0.0093,6.0,0.0093,1,2,0.889828,0.881541,3
6,1,2,1.0,1.0,run6_bs2000_N1_M2_G1_CG1_interval18_step18_cooldown_for_k5,18,18,True,5.0,0.0093,6.0,0.0093,2,,0.88245,,3
6,1,2,1.0,1.0,run6_bs2000_N1_M2_G1_CG1_interval18_step18_cooldown_for_k6,18,18,True,6.0,0.0093,7.0,0.0056,2,,0.879525,,4
6,1,2,1.0,1.0,run6_bs2000_N1_M2_G1_CG1_interval18_step18_cooldown_for_k7,18,18,True,7.0,0.0093,7.0,0.0056,2,,0.880009,,4
6,1,2,1.0,1.0,run6_bs2000_N1_M2_G1_CG1_interval18_step18,18,18,False,,0.0093,6.0,0.0093,1,2,0.886235,0.879525,3
6,1,2,1.0,1.0,run6_bs2000_N1_M2_G1_CG1_interval19_step19_cooldown_for_k5,19,19,True,5.0,0.0056,7.0,0.0056,2,,0.880403,,3
6,1,2,1.0,1.0,run6_bs2000_N1_M2_G1_CG1_interval19_step19_cooldown_for_k6,19,19,True,6.0,0.0056,7.0,0.0056,2,,0.879308,,3
6,1,2,1.0,1.0,run6_bs2000_N1_M2_G1_CG1_interval19_step19_cooldown_for_k7,19,19,True,7.0,0.0056,7.0,0.0056,2,,0.878751,,3
6,1,2,1.0,1.0,run6_bs2000_N1_M2_G1_CG1_interval19_step19_cooldown_for_k8,19,19,True,8.0,0.0056,6.0,0.0093,2,,0.878989,,4
6,1,2,1.0,1.0,run6_bs2000_N1_M2_G1_CG1_interval19_step19,19,19,False,,0.0093,7.0,0.0056,1,2,0.883569,0.878751,4
6,1,2,1.0,1.0,run6_bs2000_N1_M2_G1_CG1_interval20_step20_cooldown_for_k6,20,20,True,6.0,0.0056,7.0,0.0056,2,,0.877382,,3
6,1,2,1.0,1.0,run6_bs2000_N1_M2_G1_CG1_interval20_step20_cooldown_for_k7,20,20,True,7.0,0.0056,7.0,0.0056,2,,0.877925,,3
6,1,2,1.0,1.0,run6_bs2000_N1_M2_G1_CG1_interval20_step20_cooldown_for_k8,20,20,True,8.0,0.0056,7.0,0.0056,2,,0.878261,,3
6,1,2,1.0,1.0,run6_bs2000_N1_M2_G1_CG1_interval20_step20_cooldown_for_k5,20,20,True,5.0,0.0056,7.0,0.0056,2,,0.88099,,3
6,1,2,1.0,1.0,run6_bs2000_N1_M2_G1_CG1_interval20_step20,20,20,False,,0.0056,6.0,0.0093,1,2,0.883525,0.877382,4
6,1,2,1.0,1.0,run6_bs2000_N1_M2_G1_CG1_interval21_step21_cooldown_for_k5,21,21,True,5.0,0.0056,7.0,0.0056,2,,0.878609,,3
6,1,2,1.0,1.0,run6_bs2000_N1_M2_G1_CG1_interval21_step21_cooldown_for_k6,21,21,True,6.0,0.0056,7.0,0.0056,2,,0.877013,,3
6,1,2,1.0,1.0,run6_bs2000_N1_M2_G1_CG1_interval21_step21_cooldown_for_k7,21,21,True,7.0,0.0056,7.0,0.0056,2,,0.876905,,3
6,1,2,1.0,1.0,run6_bs2000_N1_M2_G1_CG1_interval21_step21_cooldown_for_k8,21,21,True,8.0,0.0056,8.0,0.0034,2,,0.877036,,4
6,1,2,1.0,1.0,run6_bs2000_N1_M2_G1_CG1_interval21_step21,21,21,False,,0.0093,7.0,0.0056,1,2,0.880474,0.876905,4
6,1,2,1.0,1.0,run6_bs2000_N1_M2_G1_CG1_interval22_step22_cooldown_for_k6,22,22,True,6.0,0.0056,7.0,0.0056,2,,0.87666,,3
6,1,2,1.0,1.0,run6_bs2000_N1_M2_G1_CG1_interval22_step22_cooldown_for_k7,22,22,True,7.0,0.0056,7.0,0.0056,2,,0.876189,,3
6,1,2,1.0,1.0,run6_bs2000_N1_M2_G1_CG1_interval22_step22_cooldown_for_k8,22,22,True,8.0,0.0056,8.0,0.0034,2,,0.876196,,4
6,1,2,1.0,1.0,run6_bs2000_N1_M2_G1_CG1_interval22_step22,22,22,False,,0.0056,7.0,0.0056,1,2,0.879548,0.876189,3
6,1,2,1.0,1.0,run6_bs2000_N1_M2_G1_CG1_interval23_step23_cooldown_for_k6,23,23,True,6.0,0.0056,7.0,0.0056,2,,0.875629,,3
6,1,2,1.0,1.0,run6_bs2000_N1_M2_G1_CG1_interval23_step23_cooldown_for_k7,23,23,True,7.0,0.0056,8.0,0.0034,2,,0.875357,,4
6,1,2,1.0,1.0,run6_bs2000_N1_M2_G1_CG1_interval23_step23_cooldown_for_k8,23,23,True,8.0,0.0056,8.0,0.0034,2,,0.875549,,4
6,1,2,1.0,1.0,run6_bs2000_N1_M2_G1_CG1_interval23_step23,23,23,False,,0.0056,7.0,0.0056,1,2,0.878278,0.875357,3
6,1,2,1.0,1.0,run6_bs2000_N1_M2_G1_CG1_interval24_step24_cooldown_for_k6,24,24,True,6.0,0.0034,6.0,0.0093,2,,0.874894,,5
6,1,2,1.0,1.0,run6_bs2000_N1_M2_G1_CG1_interval24_step24_cooldown_for_k7,24,24,True,7.0,0.0034,8.0,0.0034,2,,0.875242,,3
6,1,2,1.0,1.0,run6_bs2000_N1_M2_G1_CG1_interval24_step24_cooldown_for_k8,24,24,True,8.0,0.0034,8.0,0.0034,2,,0.874907,,3
6,1,2,1.0,1.0,run6_bs2000_N1_M2_G1_CG1_interval24_step24_cooldown_for_k5,24,24,True,5.0,0.0034,7.0,0.0056,2,,0.875517,,4
6,1,2,1.0,1.0,run6_bs2000_N1_M2_G1_CG1_interval24_step24,24,24,False,,0.0056,6.0,0.0093,1,2,0.88172,0.874894,4
6,1,2,1.0,1.0,run6_bs2000_N1_M2_G1_CG1_interval25_step25_cooldown_for_k5,25,25,True,5.0,0.0093,8.0,0.0034,2,,0.875762,,5
6,1,2,1.0,1.0,run6_bs2000_N1_M2_G1_CG1_interval25_step25_cooldown_for_k6,25,25,True,6.0,0.0093,7.0,0.0056,2,,0.874234,,4
6,1,2,1.0,1.0,run6_bs2000_N1_M2_G1_CG1_interval25_step25_cooldown_for_k7,25,25,True,7.0,0.0093,8.0,0.0034,2,,0.874217,,5
6,1,2,1.0,1.0,run6_bs2000_N1_M2_G1_CG1_interval25_step25_cooldown_for_k8,25,25,True,8.0,0.0093,8.0,0.0034,2,,0.87434,,5
6,1,2,1.0,1.0,run6_bs2000_N1_M2_G1_CG1_interval25_step25,25,25,False,,0.0093,7.0,0.0056,1,2,0.876706,0.874217,4
6,1,2,1.0,1.0,run6_bs2000_N1_M2_G1_CG1_interval26_step26_cooldown_for_k6,26,26,True,6.0,0.0034,7.0,0.0056,2,,0.874059,,4
6,1,2,1.0,1.0,run6_bs2000_N1_M2_G1_CG1_interval26_step26_cooldown_for_k7,26,26,True,7.0,0.0034,8.0,0.0034,2,,0.874039,,3
6,1,2,1.0,1.0,run6_bs2000_N1_M2_G1_CG1_interval26_step26_cooldown_for_k8,26,26,True,8.0,0.0034,8.0,0.0034,2,,0.873612,,3
6,1,2,1.0,1.0,run6_bs2000_N1_M2_G1_CG1_interval26_step26_cooldown_for_k9,26,26,True,9.0,0.0034,8.0,0.0034,2,,0.873732,,3
6,1,2,1.0,1.0,run6_bs2000_N1_M2_G1_CG1_interval26_step26,26,26,False,,0.0056,8.0,0.0034,1,2,0.875779,0.873612,4
6,1,2,1.0,1.0,run6_bs2000_N1_M2_G1_CG1_interval27_step27_cooldown_for_k7,27,27,True,7.0,0.0034,8.0,0.0034,2,,0.87312,,3
6,1,2,1.0,1.0,run6_bs2000_N1_M2_G1_CG1_interval27_step27_cooldown_for_k8,27,27,True,8.0,0.0034,8.0,0.0034,2,,0.873456,,3
6,1,2,1.0,1.0,run6_bs2000_N1_M2_G1_CG1_interval27_step27_cooldown_for_k9,27,27,True,9.0,0.0034,7.0,0.0056,2,,0.873475,,4
6,1,2,1.0,1.0,run6_bs2000_N1_M2_G1_CG1_interval27_step27_cooldown_for_k6,27,27,True,6.0,0.0034,6.0,0.0093,2,,0.874033,,5
6,1,2,1.0,1.0,run6_bs2000_N1_M2_G1_CG1_interval27_step27,27,27,False,,0.0034,7.0,0.0056,1,2,0.8755,0.87312,4
6,1,2,1.0,1.0,run6_bs2000_N1_M2_G1_CG1_interval28_step28_cooldown_for_k6,28,28,True,6.0,0.0034,8.0,0.0034,2,,0.873966,,3
6,1,2,1.0,1.0,run6_bs2000_N1_M2_G1_CG1_interval28_step28_cooldown_for_k7,28,28,True,7.0,0.0034,8.0,0.0034,2,,0.873115,,3
6,1,2,1.0,1.0,run6_bs2000_N1_M2_G1_CG1_interval28_step28_cooldown_for_k8,28,28,True,8.0,0.0034,8.0,0.0034,2,,0.872973,,3
6,1,2,1.0,1.0,run6_bs2000_N1_M2_G1_CG1_interval28_step28_cooldown_for_k9,28,28,True,9.0,0.0034,7.0,0.0056,2,,0.872757,,4
6,1,2,1.0,1.0,run6_bs2000_N1_M2_G1_CG1_interval28_step28_cooldown_for_k10,28,28,True,10.0,0.0034,7.0,0.0056,2,,0.872922,,4
6,1,2,1.0,1.0,run6_bs2000_N1_M2_G1_CG1_interval28_step28,28,28,False,,0.0056,9.0,0.002,1,2,0.874233,0.872757,5
6,1,2,1.0,1.0,run6_bs2000_N1_M2_G1_CG1_interval29_step29_cooldown_for_k8,29,29,True,8.0,0.0056,9.0,0.002,2,,0.872448,,5
6,1,2,1.0,1.0,run6_bs2000_N1_M2_G1_CG1_interval29_step29_cooldown_for_k9,29,29,True,9.0,0.0056,8.0,0.0034,2,,0.872602,,4
6,1,2,1.0,1.0,run6_bs2000_N1_M2_G1_CG1_interval29_step29_cooldown_for_k10,29,29,True,10.0,0.0056,8.0,0.0034,2,,0.872765,,4
6,1,2,1.0,1.0,run6_bs2000_N1_M2_G1_CG1_interval29_step29_cooldown_for_k7,29,29,True,7.0,0.0056,8.0,0.0034,2,,0.87236,,4
6,1,2,1.0,1.0,run6_bs2000_N1_M2_G1_CG1_interval29_step29_cooldown_for_k6,29,29,True,6.0,0.0056,7.0,0.0056,2,,0.873199,,3
6,1,2,1.0,1.0,run6_bs2000_N1_M2_G1_CG1_interval29_step29,29,29,False,,0.002,7.0,0.0056,1,2,0.874464,0.87236,5
6,1,2,1.0,1.0,run6_bs2000_N1_M2_G1_CG1_interval30_step30_cooldown_for_k6,30,30,True,6.0,0.0034,6.0,0.0093,2,,0.873112,,5
6,1,2,1.0,1.0,run6_bs2000_N1_M2_G1_CG1_interval30_step30_cooldown_for_k7,30,30,True,7.0,0.0034,8.0,0.0034,2,,0.872229,,3
6,1,2,1.0,1.0,run6_bs2000_N1_M2_G1_CG1_interval30_step30_cooldown_for_k8,30,30,True,8.0,0.0034,8.0,0.0034,2,,0.872197,,3
6,1,2,1.0,1.0,run6_bs2000_N1_M2_G1_CG1_interval30_step30_cooldown_for_k9,30,30,True,9.0,0.0034,7.0,0.0056,2,,0.872017,,4
6,1,2,1.0,1.0,run6_bs2000_N1_M2_G1_CG1_interval30_step30_cooldown_for_k10,30,30,True,10.0,0.0034,7.0,0.0056,2,,0.872133,,4
6,1,2,1.0,1.0,run6_bs2000_N1_M2_G1_CG1_interval30_step30,30,30,False,,0.0056,9.0,0.002,1,2,0.873304,0.872017,5
6,1,2,1.0,1.0,run6_bs2000_N1_M2_G1_CG1_interval31_step31_cooldown_for_k8,31,31,True,8.0,0.0056,9.0,0.002,2,,0.871695,,5
6,1,2,1.0,1.0,run6_bs2000_N1_M2_G1_CG1_interval31_step31_cooldown_for_k9,31,31,True,9.0,0.0056,7.0,0.0056,2,,0.871869,,3
6,1,2,1.0,1.0,run6_bs2000_N1_M2_G1_CG1_interval31_step31_cooldown_for_k10,31,31,True,10.0,0.0056,9.0,0.002,2,,0.871901,,5
6,1,2,1.0,1.0,run6_bs2000_N1_M2_G1_CG1_interval31_step31_cooldown_for_k7,31,31,True,7.0,0.0056,8.0,0.0034,2,,0.872334,,4
6,1,2,1.0,1.0,run6_bs2000_N1_M2_G1_CG1_interval31_step31,31,31,False,,0.002,8.0,0.0034,1,2,0.872659,0.871695,4
6,1,2,1.0,1.0,run6_bs2000_N1_M2_G1_CG1_interval32_step32_cooldown_for_k7,32,32,True,7.0,0.002,8.0,0.0034,2,,0.871497,,4
6,1,2,1.0,1.0,run6_bs2000_N1_M2_G1_CG1_interval32_step32_cooldown_for_k8,32,32,True,8.0,0.002,9.0,0.002,2,,0.871435,,3
6,1,2,1.0,1.0,run6_bs2000_N1_M2_G1_CG1_interval32_step32_cooldown_for_k9,32,32,True,9.0,0.002,8.0,0.0034,2,,0.871335,,4
6,1,2,1.0,1.0,run6_bs2000_N1_M2_G1_CG1_interval32_step32_cooldown_for_k10,32,32,True,10.0,0.002,8.0,0.0034,2,,0.871426,,4
6,1,2,1.0,1.0,run6_bs2000_N1_M2_G1_CG1_interval32_step32,32,32,False,,0.0034,9.0,0.002,1,2,0.87218,0.871335,4
6,1,2,1.0,1.0,run6_bs2000_N1_M2_G1_CG1_interval33_step33_cooldown_for_k8,33,33,True,8.0,0.0034,9.0,0.002,2,,0.870964,,4
6,1,2,1.0,1.0,run6_bs2000_N1_M2_G1_CG1_interval33_step33_cooldown_for_k9,33,33,True,9.0,0.0034,8.0,0.0034,2,,0.87114,,3
6,1,2,1.0,1.0,run6_bs2000_N1_M2_G1_CG1_interval33_step33_cooldown_for_k10,33,33,True,10.0,0.0034,9.0,0.002,2,,0.871282,,4
6,1,2,1.0,1.0,run6_bs2000_N1_M2_G1_CG1_interval33_step33_cooldown_for_k7,33,33,True,7.0,0.0034,9.0,0.002,2,,0.871566,,4
6,1,2,1.0,1.0,run6_bs2000_N1_M2_G1_CG1_interval33_step33,33,33,False,,0.002,8.0,0.0034,1,2,0.871515,0.870964,4
6,1,2,1.0,1.0,run6_bs2000_N1_M2_G1_CG1_interval34_step34_cooldown_for_k7,34,34,True,7.0,0.002,8.0,0.0034,2,,0.870467,,4
6,1,2,1.0,1.0,run6_bs2000_N1_M2_G1_CG1_interval34_step34_cooldown_for_k8,34,34,True,8.0,0.002,9.0,0.002,2,,0.870556,,3
6,1,2,1.0,1.0,run6_bs2000_N1_M2_G1_CG1_interval34_step34_cooldown_for_k9,34,34,True,9.0,0.002,9.0,0.002,2,,0.870716,,3
6,1,2,1.0,1.0,run6_bs2000_N1_M2_G1_CG1_interval34_step34_cooldown_for_k6,34,34,True,6.0,0.002,8.0,0.0034,2,,0.870836,,4
6,1,2,1.0,1.0,run6_bs2000_N1_M2_G1_CG1_interval34_step34,34,34,False,,0.0034,7.0,0.0056,1,2,0.871553,0.870467,4
6,1,2,1.0,1.0,run6_bs2000_N1_M2_G1_CG1_interval35_step35_cooldown_for_k6,35,35,True,6.0,0.0034,9.0,0.002,2,,0.870682,,4
6,1,2,1.0,1.0,run6_bs2000_N1_M2_G1_CG1_interval35_step35_cooldown_for_k7,35,35,True,7.0,0.0034,8.0,0.0034,2,,0.87039,,3
6,1,2,1.0,1.0,run6_bs2000_N1_M2_G1_CG1_interval35_step35_cooldown_for_k8,35,35,True,8.0,0.0034,9.0,0.002,2,,0.870207,,4
6,1,2,1.0,1.0,run6_bs2000_N1_M2_G1_CG1_interval35_step35_cooldown_for_k9,35,35,True,9.0,0.0034,9.0,0.002,2,,0.870292,,4
6,1,2,1.0,1.0,run6_bs2000_N1_M2_G1_CG1_interval35_step35,35,35,False,,0.0056,8.0,0.0034,1,2,0.871047,0.870207,4
6,1,2,1.0,1.0,run6_bs2000_N1_M2_G1_CG1_interval36_step36_cooldown_for_k7,36,36,True,7.0,0.002,9.0,0.002,2,,0.87049,,3
6,1,2,1.0,1.0,run6_bs2000_N1_M2_G1_CG1_interval36_step36_cooldown_for_k8,36,36,True,8.0,0.002,9.0,0.002,2,,0.87024,,3
6,1,2,1.0,1.0,run6_bs2000_N1_M2_G1_CG1_interval36_step36_cooldown_for_k9,36,36,True,9.0,0.002,9.0,0.002,2,,0.870115,,3
6,1,2,1.0,1.0,run6_bs2000_N1_M2_G1_CG1_interval36_step36_cooldown_for_k10,36,36,True,10.0,0.002,8.0,0.0034,2,,0.870095,,4
6,1,2,1.0,1.0,run6_bs2000_N1_M2_G1_CG1_interval36_step36_cooldown_for_k11,36,36,True,11.0,0.002,8.0,0.0034,2,,0.870131,,4
6,1,2,1.0,1.0,run6_bs2000_N1_M2_G1_CG1_interval36_step36,36,36,False,,0.0034,10.0,0.0012,1,2,0.870599,0.870095,5
6,1,2,1.0,1.0,run6_bs2000_N1_M2_G1_CG1_interval37_step37_cooldown_for_k9,37,37,True,9.0,0.0034,9.0,0.002,2,,0.869918,,4
6,1,2,1.0,1.0,run6_bs2000_N1_M2_G1_CG1_interval37_step37_cooldown_for_k10,37,37,True,10.0,0.0034,9.0,0.002,2,,0.870026,,4
6,1,2,1.0,1.0,run6_bs2000_N1_M2_G1_CG1_interval37_step37_cooldown_for_k11,37,37,True,11.0,0.0034,9.0,0.002,2,,0.870024,,4
6,1,2,1.0,1.0,run6_bs2000_N1_M2_G1_CG1_interval37_step37_cooldown_for_k8,37,37,True,8.0,0.0034,9.0,0.002,2,,0.869986,,4
6,1,2,1.0,1.0,run6_bs2000_N1_M2_G1_CG1_interval37_step37,37,37,False,,0.0012,9.0,0.002,1,2,0.87026,0.869918,4
6,1,2,1.0,1.0,run6_bs2000_N1_M2_G1_CG1_interval38_step38_cooldown_for_k8,38,38,True,8.0,0.002,9.0,0.002,2,,0.869575,,3
6,1,2,1.0,1.0,run6_bs2000_N1_M2_G1_CG1_interval38_step38_cooldown_for_k9,38,38,True,9.0,0.002,9.0,0.002,2,,0.869746,,3
6,1,2,1.0,1.0,run6_bs2000_N1_M2_G1_CG1_interval38_step38_cooldown_for_k10,38,38,True,10.0,0.002,9.0,0.002,2,,0.869754,,3
6,1,2,1.0,1.0,run6_bs2000_N1_M2_G1_CG1_interval38_step38_cooldown_for_k7,38,38,True,7.0,0.002,9.0,0.002,2,,0.869833,,3
6,1,2,1.0,1.0,run6_bs2000_N1_M2_G1_CG1_interval38_step38,38,38,False,,0.002,8.0,0.0034,1,2,0.870232,0.869575,4
6,1,2,1.0,1.0,run6_bs2000_N1_M2_G1_CG1_interval39_step39_cooldown_for_k7,39,39,True,7.0,0.002,9.0,0.002,2,,0.869772,,3
6,1,2,1.0,1.0,run6_bs2000_N1_M2_G1_CG1_interval39_step39_cooldown_for_k8,39,39,True,8.0,0.002,9.0,0.002,2,,0.869536,,3
6,1,2,1.0,1.0,run6_bs2000_N1_M2_G1_CG1_interval39_step39_cooldown_for_k9,39,39,True,9.0,0.002,10.0,0.0012,2,,0.869529,,4
6,1,2,1.0,1.0,run6_bs2000_N1_M2_G1_CG1_interval39_step39_cooldown_for_k10,39,39,True,10.0,0.002,8.0,0.0034,2,,0.869493,,4
6,1,2,1.0,1.0,run6_bs2000_N1_M2_G1_CG1_interval39_step39_cooldown_for_k11,39,39,True,11.0,0.002,8.0,0.0034,2,,0.869562,,4
6,1,2,1.0,1.0,run6_bs2000_N1_M2_G1_CG1_interval39_step39,39,39,False,,0.0034,10.0,0.0012,1,2,0.869855,0.869493,5
6,1,2,1.0,1.0,run6_bs2000_N1_M2_G1_CG1_interval40_step40_cooldown_for_k9,40,40,True,9.0,0.0034,10.0,0.0012,2,,0.869365,,5
6,1,2,1.0,1.0,run6_bs2000_N1_M2_G1_CG1_interval40_step40_cooldown_for_k10,40,40,True,10.0,0.0034,10.0,0.0012,2,,0.869415,,5
6,1,2,1.0,1.0,run6_bs2000_N1_M2_G1_CG1_interval40_step40_cooldown_for_k11,40,40,True,11.0,0.0034,10.0,0.0012,2,,0.869455,,5
6,1,2,1.0,1.0,run6_bs2000_N1_M2_G1_CG1_interval40_step40_cooldown_for_k8,40,40,True,8.0,0.0034,9.0,0.002,2,,0.869318,,4
6,1,2,1.0,1.0,run6_bs2000_N1_M2_G1_CG1_interval40_step40_cooldown_for_k7,40,40,True,7.0,0.0034,8.0,0.0034,2,,0.86954,,3
6,1,2,1.0,1.0,run6_bs2000_N1_M2_G1_CG1_interval40_step40,40,40,False,,0.0012,8.0,0.0034,1,2,0.869935,0.869318,5
6,1,2,1.0,1.0,run6_bs2000_N1_M2_G1_CG1_interval41_step41_cooldown_for_k7,41,41,True,7.0,0.002,10.0,0.0012,2,,0.869632,,4
6,1,2,1.0,1.0,run6_bs2000_N1_M2_G1_CG1_interval41_step41_cooldown_for_k8,41,41,True,8.0,0.002,9.0,0.002,2,,0.869247,,3
6,1,2,1.0,1.0,run6_bs2000_N1_M2_G1_CG1_interval41_step41_cooldown_for_k9,41,41,True,9.0,0.002,10.0,0.0012,2,,0.869233,,4
6,1,2,1.0,1.0,run6_bs2000_N1_M2_G1_CG1_interval41_step41_cooldown_for_k10,41,41,True,10.0,0.002,8.0,0.0034,2,,0.869213,,4
6,1,2,1.0,1.0,run6_bs2000_N1_M2_G1_CG1_interval41_step41_cooldown_for_k11,41,41,True,11.0,0.002,8.0,0.0034,2,,0.869265,,4
6,1,2,1.0,1.0,run6_bs2000_N1_M2_G1_CG1_interval41_step41,41,41,False,,0.0034,10.0,0.0012,1,2,0.869561,0.869213,5
6,1,2,1.0,1.0,run6_bs2000_N1_M2_G1_CG1_interval42_step42_cooldown_for_k9,42,42,True,9.0,0.0034,10.0,0.0012,2,,0.869093,,5
6,1,2,1.0,1.0,run6_bs2000_N1_M2_G1_CG1_interval42_step42_cooldown_for_k10,42,42,True,10.0,0.0034,8.0,0.0034,2,,0.869087,,3
6,1,2,1.0,1.0,run6_bs2000_N1_M2_G1_CG1_interval42_step42_cooldown_for_k11,42,42,True,11.0,0.0034,10.0,0.0012,2,,0.869176,,5
6,1,2,1.0,1.0,run6_bs2000_N1_M2_G1_CG1_interval42_step42,42,42,False,,0.0012,10.0,0.0012,1,2,0.869356,0.869087,3
6,1,2,1.0,1.0,run6_bs2000_N1_M2_G1_CG1_interval43_step43_cooldown_for_k9,43,43,True,9.0,0.0034,8.0,0.0034,2,,0.868948,,3
6,1,2,1.0,1.0,run6_bs2000_N1_M2_G1_CG1_interval43_step43_cooldown_for_k10,43,43,True,10.0,0.0034,10.0,0.0012,2,,0.869014,,5
6,1,2,1.0,1.0,run6_bs2000_N1_M2_G1_CG1_interval43_step43_cooldown_for_k11,43,43,True,11.0,0.0034,9.0,0.002,2,,0.869053,,4
6,1,2,1.0,1.0,run6_bs2000_N1_M2_G1_CG1_interval43_step43_cooldown_for_k8,43,43,True,8.0,0.0034,9.0,0.002,2,,0.868904,,4
6,1,2,1.0,1.0,run6_bs2000_N1_M2_G1_CG1_interval43_step43_cooldown_for_k7,43,43,True,7.0,0.0034,8.0,0.0034,2,,0.869005,,3
6,1,2,1.0,1.0,run6_bs2000_N1_M2_G1_CG1_interval43_step43,43,43,False,,0.0012,8.0,0.0034,1,2,0.869464,0.868904,5
6,1,2,1.0,1.0,run6_bs2000_N1_M2_G1_CG1_interval44_step44_cooldown_for_k7,44,44,True,7.0,0.002,9.0,0.002,2,,0.869164,,3
6,1,2,1.0,1.0,run6_bs2000_N1_M2_G1_CG1_interval44_step44_cooldown_for_k8,44,44,True,8.0,0.002,9.0,0.002,2,,0.868993,,3
6,1,2,1.0,1.0,run6_bs2000_N1_M2_G1_CG1_interval44_step44_cooldown_for_k9,44,44,True,9.0,0.002,10.0,0.0012,2,,0.868837,,4
6,1,2,1.0,1.0,run6_bs2000_N1_M2_G1_CG1_interval44_step44_cooldown_for_k10,44,44,True,10.0,0.002,8.0,0.0034,2,,0.868831,,4
6,1,2,1.0,1.0,run6_bs2000_N1_M2_G1_CG1_interval44_step44_cooldown_for_k11,44,44,True,11.0,0.002,10.0,0.0012,2,,0.868855,,4
6,1,2,1.0,1.0,run6_bs2000_N1_M2_G1_CG1_interval44_step44,44,44,False,,0.0034,10.0,0.0012,1,2,0.869123,0.868831,5
6,1,2,1.0,1.0,run6_bs2000_N1_M2_G1_CG1_interval45_step45_cooldown_for_k9,45,45,True,9.0,0.0034,10.0,0.0012,2,,0.868801,,5
6,1,2,1.0,1.0,run6_bs2000_N1_M2_G1_CG1_interval45_step45_cooldown_for_k10,45,45,True,10.0,0.0034,10.0,0.0012,2,,0.868749,,5
6,1,2,1.0,1.0,run6_bs2000_N1_M2_G1_CG1_interval45_step45_cooldown_for_k11,45,45,True,11.0,0.0034,10.0,0.0012,2,,0.868781,,5
6,1,2,1.0,1.0,run6_bs2000_N1_M2_G1_CG1_interval45_step45,45,45,False,,0.0012,10.0,0.0012,1,2,0.868922,0.868749,3
6,1,2,1.0,1.0,run6_bs2000_N1_M2_G1_CG1_interval46_step46_cooldown_for_k9,46,46,True,9.0,0.0012,10.0,0.0012,2,,0.868612,,3
6,1,2,1.0,1.0,run6_bs2000_N1_M2_G1_CG1_interval46_step46_cooldown_for_k10,46,46,True,10.0,0.0012,10.0,0.0012,2,,0.868662,,3
6,1,2,1.0,1.0,run6_bs2000_N1_M2_G1_CG1_interval46_step46_cooldown_for_k11,46,46,True,11.0,0.0012,10.0,0.0012,2,,0.868669,,3
6,1,2,1.0,1.0,run6_bs2000_N1_M2_G1_CG1_interval46_step46_cooldown_for_k8,46,46,True,8.0,0.0012,9.0,0.002,2,,0.86858,,4
6,1,2,1.0,1.0,run6_bs2000_N1_M2_G1_CG1_interval46_step46_cooldown_for_k7,46,46,True,7.0,0.0012,10.0,0.0012,2,,0.868631,,3
6,1,2,1.0,1.0,run6_bs2000_N1_M2_G1_CG1_interval46_step46,46,46,False,,0.0012,8.0,0.0034,1,2,0.869077,0.86858,5
6,1,2,1.0,1.0,run6_bs2000_N1_M2_G1_CG1_interval47_step47_cooldown_for_k7,47,47,True,7.0,0.002,9.0,0.002,2,,0.868694,,3
6,1,2,1.0,1.0,run6_bs2000_N1_M2_G1_CG1_interval47_step47_cooldown_for_k8,47,47,True,8.0,0.002,9.0,0.002,2,,0.868554,,3
6,1,2,1.0,1.0,run6_bs2000_N1_M2_G1_CG1_interval47_step47_cooldown_for_k9,47,47,True,9.0,0.002,10.0,0.0012,2,,0.8685,,4
6,1,2,1.0,1.0,run6_bs2000_N1_M2_G1_CG1_interval47_step47_cooldown_for_k10,47,47,True,10.0,0.002,10.0,0.0012,2,,0.868509,,4
6,1,2,1.0,1.0,run6_bs2000_N1_M2_G1_CG1_interval47_step47,47,47,False,,0.0034,9.0,0.002,1,2,0.868745,0.8685,4
6,1,2,1.0,1.0,run6_bs2000_N1_M2_G1_CG1_interval48_step48,48,48,False,,0.002,12.0,0.00044,1,0,0.868625,0.868625,6
6,1,2,1.0,1.0,run6_bs2000_N1_M2_G1_CG1_interval49_step49,49,49,False,,0.00044,16.0,5.6e-05,1,0,0.868587,0.868587,7
7,1,2,1.0,0.25,run7_bs2000_N1_M2_G1_CG0p25_interval0_step0_cooldown_for_k-1,0,0,True,-1.0,0.2,0.5,0.15,2,,1.885671,,7
7,1,2,1.0,0.25,run7_bs2000_N1_M2_G1_CG0p25_interval0_step0_cooldown_for_k0,0,0,True,0.0,0.2,1.25,0.11,2,,1.831605,,9
7,1,2,1.0,0.25,run7_bs2000_N1_M2_G1_CG0p25_interval0_step0_cooldown_for_k1,0,0,True,1.0,0.2,1.25,0.11,2,,1.854905,,9
7,1,2,1.0,0.25,run7_bs2000_N1_M2_G1_CG0p25_interval0_step0,0,0,False,,0.2,0.0,0.2,1,2,2.227943,1.831605,3
7,1,2,1.0,0.25,run7_bs2000_N1_M2_G1_CG0p25_interval1_step1_cooldown_for_k-1,1,1,True,-1.0,0.11,1.25,0.11,2,,1.508335,,7
7,1,2,1.0,0.25,run7_bs2000_N1_M2_G1_CG0p25_interval1_step1_cooldown_for_k0,1,1,True,0.0,0.11,2.25,0.063,2,,1.554138,,8
7,1,2,1.0,0.25,run7_bs2000_N1_M2_G1_CG0p25_interval1_step1_cooldown_for_k1,1,1,True,1.0,0.11,2.25,0.063,2,,1.625958,,8
7,1,2,1.0,0.25,run7_bs2000_N1_M2_G1_CG0p25_interval1_step1_cooldown_for_k-2,1,1,True,-2.0,0.11,1.75,0.082,2,,1.780416,,8
7,1,2,1.0,0.25,run7_bs2000_N1_M2_G1_CG0p25_interval1_step1,1,1,False,,0.2,-1.0,0.33,1,2,2.078767,1.508335,4
7,1,2,1.0,0.25,run7_bs2000_N1_M2_G1_CG0p25_interval2_step2_cooldown_for_k-2,2,2,True,-2.0,0.11,1.25,0.11,2,,1.412892,,7
7,1,2,1.0,0.25,run7_bs2000_N1_M2_G1_CG0p25_interval2_step2_cooldown_for_k-1,2,2,True,-1.0,0.11,2.25,0.063,2,,1.359837,,8
7,1,2,1.0,0.25,run7_bs2000_N1_M2_G1_CG0p25_interval2_step2_cooldown_for_k0,2,2,True,0.0,0.11,2.25,0.063,2,,1.328913,,8
7,1,2,1.0,0.25,run7_bs2000_N1_M2_G1_CG0p25_interval2_step2_cooldown_for_k1,2,2,True,1.0,0.11,2.25,0.063,2,,1.323707,,8
7,1,2,1.0,0.25,run7_bs2000_N1_M2_G1_CG0p25_interval2_step2_cooldown_for_k2,2,2,True,2.0,0.11,2.75,0.049,2,,1.355622,,8
7,1,2,1.0,0.25,run7_bs2000_N1_M2_G1_CG0p25_interval2_step2,2,2,False,,0.33,1.0,0.12,1,2,1.770174,1.323707,5
7,1,2,1.0,0.25,run7_bs2000_N1_M2_G1_CG0p25_interval3_step3_cooldown_for_k0,3,3,True,0.0,0.063,2.25,0.063,2,,1.175409,,7
7,1,2,1.0,0.25,run7_bs2000_N1_M2_G1_CG0p25_interval3_step3_cooldown_for_k1,3,3,True,1.0,0.063,2.25,0.063,2,,1.183064,,7
7,1,2,1.0,0.25,run7_bs2000_N1_M2_G1_CG0p25_interval3_step3_cooldown_for_k2,3,3,True,2.0,0.063,2.25,0.063,2,,1.202205,,7
7,1,2,1.0,0.25,run7_bs2000_N1_M2_G1_CG0p25_interval3_step3_cooldown_for_k-1,3,3,True,-1.0,0.063,2.25,0.063,2,,1.411564,,7
7,1,2,1.0,0.25,run7_bs2000_N1_M2_G1_CG0p25_interval3_step3,3,3,False,,0.12,0.0,0.2,1,2,1.724282,1.175409,4
7,1,2,1.0,0.25,run7_bs2000_N1_M2_G1_CG0p25_interval4_step4_cooldown_for_k-1,4,4,True,-1.0,0.063,2.25,0.063,2,,1.249595,,7
7,1,2,1.0,0.25,run7_bs2000_N1_M2_G1_CG0p25_interval4_step4_cooldown_for_k0,4,4,True,0.0,0.063,2.25,0.063,2,,1.129472,,7
7,1,2,1.0,0.25,run7_bs2000_N1_M2_G1_CG0p25_interval4_step4_cooldown_for_k1,4,4,True,1.0,0.063,2.25,0.063,2,,1.095225,,7
7,1,2,1.0,0.25,run7_bs2000_N1_M2_G1_CG0p25_interval4_step4_cooldown_for_k2,4,4,True,2.0,0.063,2.25,0.063,2,,1.115885,,7
7,1,2,1.0,0.25,run7_bs2000_N1_M2_G1_CG0p25_interval4_step4,4,4,False,,0.2,1.0,0.12,1,2,1.54687,1.095225,4
7,1,2,1.0,0.25,run7_bs2000_N1_M2_G1_CG0p25_interval5_step5_cooldown_for_k0,5,5,True,0.0,0.063,2.25,0.063,2,,1.050947,,7
7,1,2,1.0,0.25,run7_bs2000_N1_M2_G1_CG0p25_interval5_step5_cooldown_for_k1,5,5,True,1.0,0.063,2.25,0.063,2,,1.046294,,7
7,1,2,1.0,0.25,run7_bs2000_N1_M2_G1_CG0p25_interval5_step5_cooldown_for_k2,5,5,True,2.0,0.063,2.25,0.063,2,,1.05075,,7
7,1,2,1.0,0.25,run7_bs2000_N1_M2_G1_CG0p25_interval5_step5,5,5,False,,0.12,1.0,0.12,1,2,1.512969,1.046294,3
7,1,2,1.0,0.25,run7_bs2000_N1_M2_G1_CG0p25_interval6_step6_cooldown_for_k0,6,6,True,0.0,0.063,2.25,0.063,2,,0.993281,,7
7,1,2,1.0,0.25,run7_bs2000_N1_M2_G1_CG0p25_interval6_step6_cooldown_for_k1,6,6,True,1.0,0.063,2.25,0.063,2,,0.982932,,7
7,1,2,1.0,0.25,run7_bs2000_N1_M2_G1_CG0p25_interval6_step6_cooldown_for_k2,6,6,True,2.0,0.063,3.25,0.038,2,,0.983139,,8
7,1,2,1.0,0.25,run7_bs2000_N1_M2_G1_CG0p25_interval6_step6,6,6,False,,0.12,1.0,0.12,1,2,1.313052,0.982932,3
7,1,2,1.0,0.25,run7_bs2000_N1_M2_G1_CG0p25_interval7_step7_cooldown_for_k0,7,7,True,0.0,0.063,2.25,0.063,2,,0.96537,,7
7,1,2,1.0,0.25,run7_bs2000_N1_M2_G1_CG0p25_interval7_step7_cooldown_for_k1,7,7,True,1.0,0.063,3.25,0.038,2,,0.960502,,8
7,1,2,1.0,0.25,run7_bs2000_N1_M2_G1_CG0p25_interval7_step7_cooldown_for_k2,7,7,True,2.0,0.063,3.25,0.038,2,,0.946901,,8
7,1,2,1.0,0.25,run7_bs2000_N1_M2_G1_CG0p25_interval7_step7_cooldown_for_k3,7,7,True,3.0,0.063,3.25,0.038,2,,0.950745,,8
7,1,2,1.0,0.25,run7_bs2000_N1_M2_G1_CG0p25_interval7_step7,7,7,False,,0.12,2.0,0.072,1,2,1.155064,0.946901,4
7,1,2,1.0,0.25,run7_bs2000_N1_M2_G1_CG0p25_interval8_step8_cooldown_for_k1,8,8,True,1.0,0.038,3.25,0.038,2,,0.940634,,7
7,1,2,1.0,0.25,run7_bs2000_N1_M2_G1_CG0p25_interval8_step8_cooldown_for_k2,8,8,True,2.0,0.038,3.25,0.038,2,,0.938057,,7
7,1,2,1.0,0.25,run7_bs2000_N1_M2_G1_CG0p25_interval8_step8_cooldown_for_k3,8,8,True,3.0,0.038,3.25,0.038,2,,0.924334,,7
7,1,2,1.0,0.25,run7_bs2000_N1_M2_G1_CG0p25_interval8_step8_cooldown_for_k4,8,8,True,4.0,0.038,4.25,0.023,2,,0.931496,,8
7,1,2,1.0,0.25,run7_bs2000_N1_M2_G1_CG0p25_interval8_step8,8,8,False,,0.072,3.0,0.043,1,2,1.086286,0.924334,4
7,1,2,1.0,0.25,run7_bs2000_N1_M2_G1_CG0p25_interval9_step9_cooldown_for_k2,9,9,True,2.0,0.038,4.25,0.023,2,,0.925764,,8
7,1,2,1.0,0.25,run7_bs2000_N1_M2_G1_CG0p25_interval9_step9_cooldown_for_k3,9,9,True,3.0,0.038,4.25,0.023,2,,0.913329,,8
7,1,2,1.0,0.25,run7_bs2000_N1_M2_G1_CG0p25_interval9_step9_cooldown_for_k4,9,9,True,4.0,0.038,4.25,0.023,2,,0.910143,,8
7,1,2,1.0,0.25,run7_bs2000_N1_M2_G1_CG0p25_interval9_step9_cooldown_for_k5,9,9,True,5.0,0.038,4.25,0.023,2,,0.912665,,8
7,1,2,1.0,0.25,run7_bs2000_N1_M2_G1_CG0p25_interval9_step9,9,9,False,,0.043,4.0,0.026,1,2,1.000207,0.910143,4
7,1,2,1.0,0.25,run7_bs2000_N1_M2_G1_CG0p25_interval10_step10_cooldown_for_k3,10,10,True,3.0,0.023,4.25,0.023,2,,0.903385,,7
7,1,2,1.0,0.25,run7_bs2000_N1_M2_G1_CG0p25_interval10_step10_cooldown_for_k4,10,10,True,4.0,0.023,4.25,0.023,2,,0.898536,,7
7,1,2,1.0,0.25,run7_bs2000_N1_M2_G1_CG0p25_interval10_step10_cooldown_for_k5,10,10,True,5.0,0.023,4.25,0.023,2,,0.898722,,7
7,1,2,1.0,0.25,run7_bs2000_N1_M2_G1_CG0p25_interval10_step10,10,10,False,,0.026,4.0,0.026,1,2,0.958313,0.898536,3
7,1,2,1.0,0.25,run7_bs2000_N1_M2_G1_CG0p25_interval11_step11_cooldown_for_k3,11,11,True,3.0,0.023,5.25,0.014,2,,0.901021,,8
7,1,2,1.0,0.25,run7_bs2000_N1_M2_G1_CG0p25_interval11_step11_cooldown_for_k4,11,11,True,4.0,0.023,5.25,0.014,2,,0.893391,,8
7,1,2,1.0,0.25,run7_bs2000_N1_M2_G1_CG0p25_interval11_step11_cooldown_for_k5,11,11,True,5.0,0.023,4.75,0.018,2,,0.893435,,7
7,1,2,1.0,0.25,run7_bs2000_N1_M2_G1_CG0p25_interval11_step11,11,11,False,,0.026,4.0,0.026,1,2,0.926447,0.893391,3
7,1,2,1.0,0.25,run7_bs2000_N1_M2_G1_CG0p25_interval12_step12_cooldown_for_k3,12,12,True,3.0,0.014,5.25,0.014,2,,0.891046,,7
7,1,2,1.0,0.25,run7_bs2000_N1_M2_G1_CG0p25_interval12_step12_cooldown_for_k4,12,12,True,4.0,0.014,5.25,0.014,2,,0.891057,,7
7,1,2,1.0,0.25,run7_bs2000_N1_M2_G1_CG0p25_interval12_step12_cooldown_for_k5,12,12,True,5.0,0.014,5.25,0.014,2,,0.887328,,7
7,1,2,1.0,0.25,run7_bs2000_N1_M2_G1_CG0p25_interval12_step12_cooldown_for_k6,12,12,True,6.0,0.014,6.25,0.0082,2,,0.889659,,8
7,1,2,1.0,0.25,run7_bs2000_N1_M2_G1_CG0p25_interval12_step12,12,12,False,,0.026,5.0,0.016,1,2,0.911119,0.887328,4
7,1,2,1.0,0.25,run7_bs2000_N1_M2_G1_CG0p25_interval13_step13_cooldown_for_k4,13,13,True,4.0,0.014,6.25,0.0082,2,,0.889474,,8
7,1,2,1.0,0.25,run7_bs2000_N1_M2_G1_CG0p25_interval13_step13_cooldown_for_k5,13,13,True,5.0,0.014,5.75,0.011,2,,0.885737,,8
7,1,2,1.0,0.25,run7_bs2000_N1_M2_G1_CG0p25_interval13_step13_cooldown_for_k6,13,13,True,6.0,0.014,6.25,0.0082,2,,0.885473,,8
7,1,2,1.0,0.25,run7_bs2000_N1_M2_G1_CG0p25_interval13_step13_cooldown_for_k7,13,13,True,7.0,0.014,6.25,0.0082,2,,0.885895,,8
7,1,2,1.0,0.25,run7_bs2000_N1_M2_G1_CG0p25_interval13_step13,13,13,False,,0.016,6.0,0.0093,1,2,0.898375,0.885473,4
7,1,2,1.0,0.25,run7_bs2000_N1_M2_G1_CG0p25_interval14_step14_cooldown_for_k5,14,14,True,5.0,0.0082,5.75,0.011,2,,0.882127,,7
7,1,2,1.0,0.25,run7_bs2000_N1_M2_G1_CG0p25_interval14_step14_cooldown_for_k6,14,14,True,6.0,0.0082,6.25,0.0082,2,,0.882381,,7
7,1,2,1.0,0.25,run7_bs2000_N1_M2_G1_CG0p25_interval14_step14_cooldown_for_k7,14,14,True,7.0,0.0082,6.25,0.0082,2,,0.883477,,7
7,1,2,1.0,0.25,run7_bs2000_N1_M2_G1_CG0p25_interval14_step14_cooldown_for_k4,14,14,True,4.0,0.0082,5.25,0.014,2,,0.889375,,8
7,1,2,1.0,0.25,run7_bs2000_N1_M2_G1_CG0p25_interval14_step14,14,14,False,,0.0093,5.0,0.016,1,2,0.896535,0.882127,4
7,1,2,1.0,0.25,run7_bs2000_N1_M2_G1_CG0p25_interval15_step15_cooldown_for_k4,15,15,True,4.0,0.011,6.75,0.0064,2,,0.887823,,8
7,1,2,1.0,0.25,run7_bs2000_N1_M2_G1_CG0p25_interval15_step15_cooldown_for_k5,15,15,True,5.0,0.011,5.5,0.012,2,,0.881363,,7
7,1,2,1.0,0.25,run7_bs2000_N1_M2_G1_CG0p25_interval15_step15_cooldown_for_k6,15,15,True,6.0,0.011,6.75,0.0064,2,,0.880415,,8
7,1,2,1.0,0.25,run7_bs2000_N1_M2_G1_CG0p25_interval15_step15_cooldown_for_k7,15,15,True,7.0,0.011,6.75,0.0064,2,,0.880774,,8
7,1,2,1.0,0.25,run7_bs2000_N1_M2_G1_CG0p25_interval15_step15,15,15,False,,0.016,6.0,0.0093,1,2,0.89015,0.880415,4
7,1,2,1.0,0.25,run7_bs2000_N1_M2_G1_CG0p25_interval16_step16_cooldown_for_k5,16,16,True,5.0,0.0064,6.75,0.0064,2,,0.882281,,7
7,1,2,1.0,0.25,run7_bs2000_N1_M2_G1_CG0p25_interval16_step16_cooldown_for_k6,16,16,True,6.0,0.0064,6.25,0.0082,2,,0.879043,,7
7,1,2,1.0,0.25,run7_bs2000_N1_M2_G1_CG0p25_interval16_step16_cooldown_for_k7,16,16,True,7.0,0.0064,6.75,0.0064,2,,0.879133,,7
7,1,2,1.0,0.25,run7_bs2000_N1_M2_G1_CG0p25_interval16_step16,16,16,False,,0.0093,6.0,0.0093,1,2,0.888928,0.879043,3
7,1,2,1.0,0.25,run7_bs2000_N1_M2_G1_CG0p25_interval17_step17_cooldown_for_k5,17,17,True,5.0,0.0082,7.25,0.0049,2,,0.881122,,8
7,1,2,1.0,0.25,run7_bs2000_N1_M2_G1_CG0p25_interval17_step17_cooldown_for_k6,17,17,True,6.0,0.0082,6.75,0.0064,2,,0.877926,,7
7,1,2,1.0,0.25,run7_bs2000_N1_M2_G1_CG0p25_interval17_step17_cooldown_for_k7,17,17,True,7.0,0.0082,7.25,0.0049,2,,0.878348,,8
7,1,2,1.0,0.25,run7_bs2000_N1_M2_G1_CG0p25_interval17_step17,17,17,False,,0.0093,6.0,0.0093,1,2,0.885635,0.877926,3
7,1,2,1.0,0.25,run7_bs2000_N1_M2_G1_CG0p25_interval18_step18_cooldown_for_k5,18,18,True,5.0,0.0064,6.75,0.0064,2,,0.880259,,7
7,1,2,1.0,0.25,run7_bs2000_N1_M2_G1_CG0p25_interval18_step18_cooldown_for_k6,18,18,True,6.0,0.0064,6.5,0.0072,2,,0.877161,,7
7,1,2,1.0,0.25,run7_bs2000_N1_M2_G1_CG0p25_interval18_step18_cooldown_for_k7,18,18,True,7.0,0.0064,7.25,0.0049,2,,0.877314,,7
7,1,2,1.0,0.25,run7_bs2000_N1_M2_G1_CG0p25_interval18_step18,18,18,False,,0.0093,6.0,0.0093,1,2,0.88463,0.877161,3
7,1,2,1.0,0.25,run7_bs2000_N1_M2_G1_CG0p25_interval19_step19_cooldown_for_k5,19,19,True,5.0,0.0072,7.5,0.0043,2,,0.878821,,8
7,1,2,1.0,0.25,run7_bs2000_N1_M2_G1_CG0p25_interval19_step19_cooldown_for_k6,19,19,True,6.0,0.0072,6.75,0.0064,2,,0.876252,,7
7,1,2,1.0,0.25,run7_bs2000_N1_M2_G1_CG0p25_interval19_step19_cooldown_for_k7,19,19,True,7.0,0.0072,7.5,0.0043,2,,0.876474,,8
7,1,2,1.0,0.25,run7_bs2000_N1_M2_G1_CG0p25_interval19_step19,19,19,False,,0.0093,6.0,0.0093,1,2,0.882754,0.876252,3
7,1,2,1.0,0.25,run7_bs2000_N1_M2_G1_CG0p25_interval20_step20_cooldown_for_k5,20,20,True,5.0,0.0064,7.75,0.0038,2,,0.878537,,8
7,1,2,1.0,0.25,run7_bs2000_N1_M2_G1_CG0p25_interval20_step20_cooldown_for_k6,20,20,True,6.0,0.0064,6.5,0.0072,2,,0.875571,,7
7,1,2,1.0,0.25,run7_bs2000_N1_M2_G1_CG0p25_interval20_step20_cooldown_for_k7,20,20,True,7.0,0.0064,7.75,0.0038,2,,0.875696,,8
7,1,2,1.0,0.25,run7_bs2000_N1_M2_G1_CG0p25_interval20_step20,20,20,False,,0.0093,6.0,0.0093,1,2,0.88184,0.875571,3
7,1,2,1.0,0.25,run7_bs2000_N1_M2_G1_CG0p25_interval21_step21_cooldown_for_k5,21,21,True,5.0,0.0072,7.5,0.0043,2,,0.877216,,8
7,1,2,1.0,0.25,run7_bs2000_N1_M2_G1_CG0p25_interval21_step21_cooldown_for_k6,21,21,True,6.0,0.0072,6.75,0.0064,2,,0.87481,,7
7,1,2,1.0,0.25,run7_bs2000_N1_M2_G1_CG0p25_interval21_step21_cooldown_for_k7,21,21,True,7.0,0.0072,7.5,0.0043,2,,0.874981,,8
7,1,2,1.0,0.25,run7_bs2000_N1_M2_G1_CG0p25_interval21_step21,21,21,False,,0.0093,6.0,0.0093,1,2,0.880951,0.87481,3
7,1,2,1.0,0.25,run7_bs2000_N1_M2_G1_CG0p25_interval22_step22_cooldown_for_k5,22,22,True,5.0,0.0064,7.75,0.0038,2,,0.87709,,8
7,1,2,1.0,0.25,run7_bs2000_N1_M2_G1_CG0p25_interval22_step22_cooldown_for_k6,22,22,True,6.0,0.0064,6.75,0.0064,2,,0.874351,,7
7,1,2,1.0,0.25,run7_bs2000_N1_M2_G1_CG0p25_interval22_step22_cooldown_for_k7,22,22,True,7.0,0.0064,7.75,0.0038,2,,0.874373,,8
7,1,2,1.0,0.25,run7_bs2000_N1_M2_G1_CG0p25_interval22_step22,22,22,False,,0.0093,6.0,0.0093,1,2,0.879886,0.874351,3
7,1,2,1.0,0.25,run7_bs2000_N1_M2_G1_CG0p25_interval23_step23_cooldown_for_k5,23,23,True,5.0,0.0064,7.75,0.0038,2,,0.875878,,8
7,1,2,1.0,0.25,run7_bs2000_N1_M2_G1_CG0p25_interval23_step23_cooldown_for_k6,23,23,True,6.0,0.0064,6.75,0.0064,2,,0.874073,,7
7,1,2,1.0,0.25,run7_bs2000_N1_M2_G1_CG0p25_interval23_step23_cooldown_for_k7,23,23,True,7.0,0.0064,7.75,0.0038,2,,0.873835,,8
7,1,2,1.0,0.25,run7_bs2000_N1_M2_G1_CG0p25_interval23_step23_cooldown_for_k8,23,23,True,8.0,0.0064,7.75,0.0038,2,,0.873992,,8
7,1,2,1.0,0.25,run7_bs2000_N1_M2_G1_CG0p25_interval23_step23,23,23,False,,0.0093,7.0,0.0056,1,2,0.87677,0.873835,4
7,1,2,1.0,0.25,run7_bs2000_N1_M2_G1_CG0p25_interval24_step24_cooldown_for_k6,24,24,True,6.0,0.0038,6.5,0.0072,2,,0.873184,,8
7,1,2,1.0,0.25,run7_bs2000_N1_M2_G1_CG0p25_interval24_step24_cooldown_for_k7,24,24,True,7.0,0.0038,7.5,0.0043,2,,0.87329,,7
7,1,2,1.0,0.25,run7_bs2000_N1_M2_G1_CG0p25_interval24_step24_cooldown_for_k8,24,24,True,8.0,0.0038,7.75,0.0038,2,,0.873473,,7
7,1,2,1.0,0.25,run7_bs2000_N1_M2_G1_CG0p25_interval24_step24_cooldown_for_k5,24,24,True,5.0,0.0038,6.75,0.0064,2,,0.874316,,8
7,1,2,1.0,0.25,run7_bs2000_N1_M2_G1_CG0p25_interval24_step24,24,24,False,,0.0056,6.0,0.0093,1,2,0.879522,0.873184,4
7,1,2,1.0,0.25,run7_bs2000_N1_M2_G1_CG0p25_interval25_step25_cooldown_for_k5,25,25,True,5.0,0.0072,7.5,0.0043,2,,0.874637,,8
7,1,2,1.0,0.25,run7_bs2000_N1_M2_G1_CG0p25_interval25_step25_cooldown_for_k6,25,25,True,6.0,0.0072,8.5,0.0026,2,,0.87392,,9
7,1,2,1.0,0.25,run7_bs2000_N1_M2_G1_CG0p25_interval25_step25_cooldown_for_k7,25,25,True,7.0,0.0072,8.0,0.0034,2,,0.87289,,8
7,1,2,1.0,0.25,run7_bs2000_N1_M2_G1_CG0p25_interval25_step25_cooldown_for_k8,25,25,True,8.0,0.0072,8.25,0.003,2,,0.873004,,9
7,1,2,1.0,0.25,run7_bs2000_N1_M2_G1_CG0p25_interval25_step25,25,25,False,,0.0093,7.0,0.0056,1,2,0.875412,0.87289,4
7,1,2,1.0,0.25,run7_bs2000_N1_M2_G1_CG0p25_interval26_step26_cooldown_for_k6,26,26,True,6.0,0.0034,8.0,0.0034,2,,0.873397,,7
7,1,2,1.0,0.25,run7_bs2000_N1_M2_G1_CG0p25_interval26_step26_cooldown_for_k7,26,26,True,7.0,0.0034,7.5,0.0043,2,,0.872361,,8
7,1,2,1.0,0.25,run7_bs2000_N1_M2_G1_CG0p25_interval26_step26_cooldown_for_k8,26,26,True,8.0,0.0034,8.0,0.0034,2,,0.872457,,7
7,1,2,1.0,0.25,run7_bs2000_N1_M2_G1_CG0p25_interval26_step26,26,26,False,,0.0056,7.0,0.0056,1,2,0.875593,0.872361,3
7,1,2,1.0,0.25,run7_bs2000_N1_M2_G1_CG0p25_interval27_step27_cooldown_for_k6,27,27,True,6.0,0.0043,8.5,0.0026,2,,0.872937,,8
7,1,2,1.0,0.25,run7_bs2000_N1_M2_G1_CG0p25_interval27_step27_cooldown_for_k7,27,27,True,7.0,0.0043,8.0,0.0034,2,,0.872039,,7
7,1,2,1.0,0.25,run7_bs2000_N1_M2_G1_CG0p25_interval27_step27_cooldown_for_k8,27,27,True,8.0,0.0043,6.5,0.0072,2,,0.872129,,8
7,1,2,1.0,0.25,run7_bs2000_N1_M2_G1_CG0p25_interval27_step27,27,27,False,,0.0056,7.0,0.0056,1,2,0.874328,0.872039,3
7,1,2,1.0,0.25,run7_bs2000_N1_M2_G1_CG0p25_interval28_step28_cooldown_for_k6,28,28,True,6.0,0.0034,8.0,0.0034,2,,0.872718,,7
7,1,2,1.0,0.25,run7_bs2000_N1_M2_G1_CG0p25_interval28_step28_cooldown_for_k7,28,28,True,7.0,0.0034,7.25,0.0049,2,,0.87186,,7
7,1,2,1.0,0.25,run7_bs2000_N1_M2_G1_CG0p25_interval28_step28_cooldown_for_k8,28,28,True,8.0,0.0034,8.0,0.0034,2,,0.871832,,7
7,1,2,1.0,0.25,run7_bs2000_N1_M2_G1_CG0p25_interval28_step28_cooldown_for_k9,28,28,True,9.0,0.0034,7.0,0.0056,2,,0.87187,,8
7,1,2,1.0,0.25,run7_bs2000_N1_M2_G1_CG0p25_interval28_step28,28,28,False,,0.0056,8.0,0.0034,1,2,0.873325,0.871832,4
7,1,2,1.0,0.25,run7_bs2000_N1_M2_G1_CG0p25_interval29_step29_cooldown_for_k7,29,29,True,7.0,0.0034,7.75,0.0038,2,,0.871334,,7
7,1,2,1.0,0.25,run7_bs2000_N1_M2_G1_CG0p25_interval29_step29_cooldown_for_k8,29,29,True,8.0,0.0034,8.5,0.0026,2,,0.871587,,8
7,1,2,1.0,0.25,run7_bs2000_N1_M2_G1_CG0p25_interval29_step29_cooldown_for_k9,29,29,True,9.0,0.0034,9.0,0.002,2,,0.871686,,8
7,1,2,1.0,0.25,run7_bs2000_N1_M2_G1_CG0p25_interval29_step29_cooldown_for_k6,29,29,True,6.0,0.0034,8.0,0.0034,2,,0.872421,,7
7,1,2,1.0,0.25,run7_bs2000_N1_M2_G1_CG0p25_interval29_step29,29,29,False,,0.0034,7.0,0.0056,1,2,0.873544,0.871334,4
7,1,2,1.0,0.25,run7_bs2000_N1_M2_G1_CG0p25_interval30_step30_cooldown_for_k6,30,30,True,6.0,0.0038,8.75,0.0023,2,,0.872173,,8
7,1,2,1.0,0.25,run7_bs2000_N1_M2_G1_CG0p25_interval30_step30_cooldown_for_k7,30,30,True,7.0,0.0038,7.75,0.0038,2,,0.87104,,7
7,1,2,1.0,0.25,run7_bs2000_N1_M2_G1_CG0p25_interval30_step30_cooldown_for_k8,30,30,True,8.0,0.0038,8.75,0.0023,2,,0.871221,,8
7,1,2,1.0,0.25,run7_bs2000_N1_M2_G1_CG0p25_interval30_step30,30,30,False,,0.0056,7.0,0.0056,1,2,0.87327,0.87104,3
7,1,2,1.0,0.25,run7_bs2000_N1_M2_G1_CG0p25_interval31_step31_cooldown_for_k6,31,31,True,6.0,0.0038,8.75,0.0023,2,,0.871677,,8
7,1,2,1.0,0.25,run7_bs2000_N1_M2_G1_CG0p25_interval31_step31_cooldown_for_k7,31,31,True,7.0,0.0038,7.75,0.0038,2,,0.870951,,7
7,1,2,1.0,0.25,run7_bs2000_N1_M2_G1_CG0p25_interval31_step31_cooldown_for_k8,31,31,True,8.0,0.0038,8.75,0.0023,2,,0.871011,,8
7,1,2,1.0,0.25,run7_bs2000_N1_M2_G1_CG0p25_interval31_step31,31,31,False,,0.0056,7.0,0.0056,1,2,0.87315,0.870951,3
7,1,2,1.0,0.25,run7_bs2000_N1_M2_G1_CG0p25_interval32_step32_cooldown_for_k6,32,32,True,6.0,0.0038,8.75,0.0023,2,,0.87171,,8
7,1,2,1.0,0.25,run7_bs2000_N1_M2_G1_CG0p25_interval32_step32_cooldown_for_k7,32,32,True,7.0,0.0038,7.75,0.0038,2,,0.870672,,7
7,1,2,1.0,0.25,run7_bs2000_N1_M2_G1_CG0p25_interval32_step32_cooldown_for_k8,32,32,True,8.0,0.0038,8.75,0.0023,2,,0.870791,,8
7,1,2,1.0,0.25,run7_bs2000_N1_M2_G1_CG0p25_interval32_step32,32,32,False,,0.0056,7.0,0.0056,1,2,0.872886,0.870672,3
7,1,2,1.0,0.25,run7_bs2000_N1_M2_G1_CG0p25_interval33_step33_cooldown_for_k6,33,33,True,6.0,0.0038,8.75,0.0023,2,,0.871288,,8
7,1,2,1.0,0.25,run7_bs2000_N1_M2_G1_CG0p25_interval33_step33_cooldown_for_k7,33,33,True,7.0,0.0038,7.75,0.0038,2,,0.870613,,7
7,1,2,1.0,0.25,run7_bs2000_N1_M2_G1_CG0p25_interval33_step33_cooldown_for_k8,33,33,True,8.0,0.0038,8.75,0.0023,2,,0.870625,,8
7,1,2,1.0,0.25,run7_bs2000_N1_M2_G1_CG0p25_interval33_step33,33,33,False,,0.0056,7.0,0.0056,1,2,0.872696,0.870613,3
7,1,2,1.0,0.25,run7_bs2000_N1_M2_G1_CG0p25_interval34_step34_cooldown_for_k6,34,34,True,6.0,0.0038,8.75,0.0023,2,,0.871317,,8
7,1,2,1.0,0.25,run7_bs2000_N1_M2_G1_CG0p25_interval34_step34_cooldown_for_k7,34,34,True,7.0,0.0038,7.75,0.0038,2,,0.870369,,7
7,1,2,1.0,0.25,run7_bs2000_N1_M2_G1_CG0p25_interval34_step34_cooldown_for_k8,34,34,True,8.0,0.0038,8.75,0.0023,2,,0.870441,,8
7,1,2,1.0,0.25,run7_bs2000_N1_M2_G1_CG0p25_interval34_step34,34,34,False,,0.0056,7.0,0.0056,1,2,0.872502,0.870369,3
7,1,2,1.0,0.25,run7_bs2000_N1_M2_G1_CG0p25_interval35_step35_cooldown_for_k6,35,35,True,6.0,0.0038,8.75,0.0023,2,,0.87094,,8
7,1,2,1.0,0.25,run7_bs2000_N1_M2_G1_CG0p25_interval35_step35_cooldown_for_k7,35,35,True,7.0,0.0038,8.0,0.0034,2,,0.87033,,7
7,1,2,1.0,0.25,run7_bs2000_N1_M2_G1_CG0p25_interval35_step35_cooldown_for_k8,35,35,True,8.0,0.0038,8.75,0.0023,2,,0.870298,,8
7,1,2,1.0,0.25,run7_bs2000_N1_M2_G1_CG0p25_interval35_step35_cooldown_for_k9,35,35,True,9.0,0.0038,9.25,0.0018,2,,0.870306,,8
7,1,2,1.0,0.25,run7_bs2000_N1_M2_G1_CG0p25_interval35_step35,35,35,False,,0.0056,8.0,0.0034,1,2,0.871221,0.870298,4
7,1,2,1.0,0.25,run7_bs2000_N1_M2_G1_CG0p25_interval36_step36_cooldown_for_k7,36,36,True,7.0,0.0023,9.75,0.0014,2,,0.870503,,8
7,1,2,1.0,0.25,run7_bs2000_N1_M2_G1_CG0p25_interval36_step36_cooldown_for_k8,36,36,True,8.0,0.0023,8.5,0.0026,2,,0.870082,,7
7,1,2,1.0,0.25,run7_bs2000_N1_M2_G1_CG0p25_interval36_step36_cooldown_for_k9,36,36,True,9.0,0.0023,9.25,0.0018,2,,0.870164,,7
7,1,2,1.0,0.25,run7_bs2000_N1_M2_G1_CG0p25_interval36_step36,36,36,False,,0.0034,8.0,0.0034,1,2,0.871259,0.870082,3
7,1,2,1.0,0.25,run7_bs2000_N1_M2_G1_CG0p25_interval37_step37_cooldown_for_k7,37,37,True,7.0,0.0026,9.5,0.0016,2,,0.870299,,8
7,1,2,1.0,0.25,run7_bs2000_N1_M2_G1_CG0p25_interval37_step37_cooldown_for_k8,37,37,True,8.0,0.0026,9.0,0.002,2,,0.869947,,7
7,1,2,1.0,0.25,run7_bs2000_N1_M2_G1_CG0p25_interval37_step37_cooldown_for_k9,37,37,True,9.0,0.0026,7.5,0.0043,2,,0.869933,,8
7,1,2,1.0,0.25,run7_bs2000_N1_M2_G1_CG0p25_interval37_step37_cooldown_for_k10,37,37,True,10.0,0.0026,7.5,0.0043,2,,0.87005,,8
7,1,2,1.0,0.25,run7_bs2000_N1_M2_G1_CG0p25_interval37_step37,37,37,False,,0.0034,9.0,0.002,1,2,0.870552,0.869933,4
7,1,2,1.0,0.25,run7_bs2000_N1_M2_G1_CG0p25_interval38_step38_cooldown_for_k8,38,38,True,8.0,0.0043,9.25,0.0018,2,,0.869687,,9
7,1,2,1.0,0.25,run7_bs2000_N1_M2_G1_CG0p25_interval38_step38_cooldown_for_k9,38,38,True,9.0,0.0043,9.5,0.0016,2,,0.869815,,9
7,1,2,1.0,0.25,run7_bs2000_N1_M2_G1_CG0p25_interval38_step38_cooldown_for_k10,38,38,True,10.0,0.0043,9.5,0.0016,2,,0.869878,,9
7,1,2,1.0,0.25,run7_bs2000_N1_M2_G1_CG0p25_interval38_step38_cooldown_for_k7,38,38,True,7.0,0.0043,7.25,0.0049,2,,0.87018,,7
7,1,2,1.0,0.25,run7_bs2000_N1_M2_G1_CG0p25_interval38_step38,38,38,False,,0.002,8.0,0.0034,1,2,0.870263,0.869687,4
7,1,2,1.0,0.25,run7_bs2000_N1_M2_G1_CG0p25_interval39_step39_cooldown_for_k7,39,39,True,7.0,0.0018,9.25,0.0018,2,,0.86981,,7
7,1,2,1.0,0.25,run7_bs2000_N1_M2_G1_CG0p25_interval39_step39_cooldown_for_k8,39,39,True,8.0,0.0018,8.5,0.0026,2,,0.869534,,7
7,1,2,1.0,0.25,run7_bs2000_N1_M2_G1_CG0p25_interval39_step39_cooldown_for_k9,39,39,True,9.0,0.0018,9.25,0.0018,2,,0.869589,,7
7,1,2,1.0,0.25,run7_bs2000_N1_M2_G1_CG0p25_interval39_step39,39,39,False,,0.0034,8.0,0.0034,1,2,0.870405,0.869534,3
7,1,2,1.0,0.25,run7_bs2000_N1_M2_G1_CG0p25_interval40_step40_cooldown_for_k7,40,40,True,7.0,0.0026,7.25,0.0049,2,,0.869733,,8
7,1,2,1.0,0.25,run7_bs2000_N1_M2_G1_CG0p25_interval40_step40_cooldown_for_k8,40,40,True,8.0,0.0026,8.5,0.0026,2,,0.869378,,7
7,1,2,1.0,0.25,run7_bs2000_N1_M2_G1_CG0p25_interval40_step40_cooldown_for_k9,40,40,True,9.0,0.0026,9.5,0.0016,2,,0.869447,,8
7,1,2,1.0,0.25,run7_bs2000_N1_M2_G1_CG0p25_interval40_step40,40,40,False,,0.0034,8.0,0.0034,1,2,0.870337,0.869378,3
7,1,2,1.0,0.25,run7_bs2000_N1_M2_G1_CG0p25_interval41_step41_cooldown_for_k7,41,41,True,7.0,0.0026,9.5,0.0016,2,,0.869658,,8
7,1,2,1.0,0.25,run7_bs2000_N1_M2_G1_CG0p25_interval41_step41_cooldown_for_k8,41,41,True,8.0,0.0026,8.75,0.0023,2,,0.869291,,7
7,1,2,1.0,0.25,run7_bs2000_N1_M2_G1_CG0p25_interval41_step41_cooldown_for_k9,41,41,True,9.0,0.0026,9.5,0.0016,2,,0.86936,,8
7,1,2,1.0,0.25,run7_bs2000_N1_M2_G1_CG0p25_interval41_step41,41,41,False,,0.0034,8.0,0.0034,1,2,0.870176,0.869291,3
7,1,2,1.0,0.25,run7_bs2000_N1_M2_G1_CG0p25_interval42_step42_cooldown_for_k7,42,42,True,7.0,0.0023,9.75,0.0014,2,,0.869645,,8
7,1,2,1.0,0.25,run7_bs2000_N1_M2_G1_CG0p25_interval42_step42_cooldown_for_k8,42,42,True,8.0,0.0023,8.5,0.0026,2,,0.869217,,7
7,1,2,1.0,0.25,run7_bs2000_N1_M2_G1_CG0p25_interval42_step42_cooldown_for_k9,42,42,True,9.0,0.0023,9.75,0.0014,2,,0.869251,,8
7,1,2,1.0,0.25,run7_bs2000_N1_M2_G1_CG0p25_interval42_step42,42,42,False,,0.0034,8.0,0.0034,1,2,0.870162,0.869217,3
7,1,2,1.0,0.25,run7_bs2000_N1_M2_G1_CG0p25_interval43_step43_cooldown_for_k7,43,43,True,7.0,0.0026,9.5,0.0016,2,,0.869488,,8
7,1,2,1.0,0.25,run7_bs2000_N1_M2_G1_CG0p25_interval43_step43_cooldown_for_k8,43,43,True,8.0,0.0026,8.75,0.0023,2,,0.869113,,7
7,1,2,1.0,0.25,run7_bs2000_N1_M2_G1_CG0p25_interval43_step43_cooldown_for_k9,43,43,True,9.0,0.0026,9.5,0.0016,2,,0.869178,,8
7,1,2,1.0,0.25,run7_bs2000_N1_M2_G1_CG0p25_interval43_step43,43,43,False,,0.0034,8.0,0.0034,1,2,0.870013,0.869113,3
7,1,2,1.0,0.25,run7_bs2000_N1_M2_G1_CG0p25_interval44_step44_cooldown_for_k7,44,44,True,7.0,0.0023,9.75,0.0014,2,,0.869477,,8
7,1,2,1.0,0.25,run7_bs2000_N1_M2_G1_CG0p25_interval44_step44_cooldown_for_k8,44,44,True,8.0,0.0023,8.5,0.0026,2,,0.869061,,7
7,1,2,1.0,0.25,run7_bs2000_N1_M2_G1_CG0p25_interval44_step44_cooldown_for_k9,44,44,True,9.0,0.0023,9.75,0.0014,2,,0.869078,,8
7,1,2,1.0,0.25,run7_bs2000_N1_M2_G1_CG0p25_interval44_step44,44,44,False,,0.0034,8.0,0.0034,1,2,0.869981,0.869061,3
7,1,2,1.0,0.25,run7_bs2000_N1_M2_G1_CG0p25_interval45_step45_cooldown_for_k7,45,45,True,7.0,0.0026,9.5,0.0016,2,,0.869331,,8
7,1,2,1.0,0.25,run7_bs2000_N1_M2_G1_CG0p25_interval45_step45_cooldown_for_k8,45,45,True,8.0,0.0026,8.75,0.0023,2,,0.868956,,7
7,1,2,1.0,0.25,run7_bs2000_N1_M2_G1_CG0p25_interval45_step45_cooldown_for_k9,45,45,True,9.0,0.0026,9.5,0.0016,2,,0.869022,,8
7,1,2,1.0,0.25,run7_bs2000_N1_M2_G1_CG0p25_interval45_step45,45,45,False,,0.0034,8.0,0.0034,1,2,0.869846,0.868956,3
7,1,2,1.0,0.25,run7_bs2000_N1_M2_G1_CG0p25_interval46_step46_cooldown_for_k7,46,46,True,7.0,0.0023,9.75,0.0014,2,,0.869322,,8
7,1,2,1.0,0.25,run7_bs2000_N1_M2_G1_CG0p25_interval46_step46_cooldown_for_k8,46,46,True,8.0,0.0023,8.5,0.0026,2,,0.868924,,7
7,1,2,1.0,0.25,run7_bs2000_N1_M2_G1_CG0p25_interval46_step46_cooldown_for_k9,46,46,True,9.0,0.0023,9.75,0.0014,2,,0.868925,,8
7,1,2,1.0,0.25,run7_bs2000_N1_M2_G1_CG0p25_interval46_step46,46,46,False,,0.0034,8.0,0.0034,1,2,0.869811,0.868924,3
7,1,2,1.0,0.25,run7_bs2000_N1_M2_G1_CG0p25_interval47_step47_cooldown_for_k7,47,47,True,7.0,0.0026,9.5,0.0016,2,,0.869186,,8
7,1,2,1.0,0.25,run7_bs2000_N1_M2_G1_CG0p25_interval47_step47_cooldown_for_k8,47,47,True,8.0,0.0026,8.75,0.0023,2,,0.86882,,7
7,1,2,1.0,0.25,run7_bs2000_N1_M2_G1_CG0p25_interval47_step47_cooldown_for_k9,47,47,True,9.0,0.0026,9.5,0.0016,2,,0.868884,,8
7,1,2,1.0,0.25,run7_bs2000_N1_M2_G1_CG0p25_interval47_step47,47,47,False,,0.0034,8.0,0.0034,1,2,0.869691,0.86882,3
7,1,2,1.0,0.25,run7_bs2000_N1_M2_G1_CG0p25_interval48_step48,48,48,False,,0.0034,10.0,0.0012,1,0,0.869117,0.869117,5
7,1,2,1.0,0.25,run7_bs2000_N1_M2_G1_CG0p25_interval49_step49,49,49,False,,0.0012,15.0,9.4e-05,1,0,0.86897,0.86897,8
8,1,2,0.25,0.25,run8_bs2000_N1_M2_G0p25_CG0p25_interval0_step0_cooldown_for_k-1,0,0,True,-1.0,0.2,0.5,0.15,2,,1.885671,,7
8,1,2,0.25,0.25,run8_bs2000_N1_M2_G0p25_CG0p25_interval0_step0_cooldown_for_k0,0,0,True,0.0,0.2,1.25,0.11,2,,1.831605,,9
8,1,2,0.25,0.25,run8_bs2000_N1_M2_G0p25_CG0p25_interval0_step0_cooldown_for_k1,0,0,True,1.0,0.2,1.25,0.11,2,,1.854905,,9
8,1,2,0.25,0.25,run8_bs2000_N1_M2_G0p25_CG0p25_interval0_step0_cooldown_for_k-0.5,0,0,True,-0.5,0.2,0.5,0.15,2,,1.876028,,7
8,1,2,0.25,0.25,run8_bs2000_N1_M2_G0p25_CG0p25_interval0_step0_cooldown_for_k0.5,0,0,True,0.5,0.2,1.25,0.11,2,,1.839951,,9
8,1,2,0.25,0.25,run8_bs2000_N1_M2_G0p25_CG0p25_interval0_step0_cooldown_for_k-0.25,0,0,True,-0.25,0.2,1.25,0.11,2,,1.837796,,9
8,1,2,0.25,0.25,run8_bs2000_N1_M2_G0p25_CG0p25_interval0_step0_cooldown_for_k0.25,0,0,True,0.25,0.2,1.25,0.11,2,,1.833381,,9
8,1,2,0.25,0.25,run8_bs2000_N1_M2_G0p25_CG0p25_interval0_step0,0,0,False,,0.2,0.0,0.2,1,2,2.227943,1.831605,7
8,1,2,0.25,0.25,run8_bs2000_N1_M2_G0p25_CG0p25_interval1_step1_cooldown_for_k-1,1,1,True,-1.0,0.11,1.25,0.11,2,,1.508335,,7
8,1,2,0.25,0.25,run8_bs2000_N1_M2_G0p25_CG0p25_interval1_step1_cooldown_for_k0,1,1,True,0.0,0.11,2.25,0.063,2,,1.554138,,8
8,1,2,0.25,0.25,run8_bs2000_N1_M2_G0p25_CG0p25_interval1_step1_cooldown_for_k1,1,1,True,1.0,0.11,2.25,0.063,2,,1.625958,,8
8,1,2,0.25,0.25,run8_bs2000_N1_M2_G0p25_CG0p25_interval1_step1_cooldown_for_k-2,1,1,True,-2.0,0.11,1.75,0.082,2,,1.780416,,8
8,1,2,0.25,0.25,run8_bs2000_N1_M2_G0p25_CG0p25_interval1_step1_cooldown_for_k-1.5,1,1,True,-1.5,0.11,2.75,0.049,2,,1.848092,,9
8,1,2,0.25,0.25,run8_bs2000_N1_M2_G0p25_CG0p25_interval1_step1_cooldown_for_k-0.5,1,1,True,-0.5,0.11,2.75,0.049,2,,1.820595,,9
8,1,2,0.25,0.25,run8_bs2000_N1_M2_G0p25_CG0p25_interval1_step1_cooldown_for_k-1.25,1,1,True,-1.25,0.11,4.25,0.023,2,,1.913594,,10
8,1,2,0.25,0.25,run8_bs2000_N1_M2_G0p25_CG0p25_interval1_step1_cooldown_for_k-0.75,1,1,True,-0.75,0.11,3.75,0.029,2,,1.898726,,10
8,1,2,0.25,0.25,run8_bs2000_N1_M2_G0p25_CG0p25_interval1_step1,1,1,False,,0.2,-1.0,0.33,1,2,2.078767,1.508335,8
8,1,2,0.25,0.25,run8_bs2000_N1_M2_G0p25_CG0p25_interval2_step2_cooldown_for_k-2,2,2,True,-2.0,0.11,1.25,0.11,2,,1.412892,,7
8,1,2,0.25,0.25,run8_bs2000_N1_M2_G0p25_CG0p25_interval2_step2_cooldown_for_k-1,2,2,True,-1.0,0.11,2.25,0.063,2,,1.359837,,8
8,1,2,0.25,0.25,run8_bs2000_N1_M2_G0p25_CG0p25_interval2_step2_cooldown_for_k0,2,2,True,0.0,0.11,2.25,0.063,2,,1.328913,,8
8,1,2,0.25,0.25,run8_bs2000_N1_M2_G0p25_CG0p25_interval2_step2_cooldown_for_k1,2,2,True,1.0,0.11,2.25,0.063,2,,1.323707,,8
8,1,2,0.25,0.25,run8_bs2000_N1_M2_G0p25_CG0p25_interval2_step2_cooldown_for_k2,2,2,True,2.0,0.11,2.75,0.049,2,,1.355622,,8
8,1,2,0.25,0.25,run8_bs2000_N1_M2_G0p25_CG0p25_interval2_step2_cooldown_for_k0.5,2,2,True,0.5,0.11,2.25,0.063,2,,1.364677,,8
8,1,2,0.25,0.25,run8_bs2000_N1_M2_G0p25_CG0p25_interval2_step2_cooldown_for_k1.5,2,2,True,1.5,0.11,2.25,0.063,2,,1.387126,,8
8,1,2,0.25,0.25,run8_bs2000_N1_M2_G0p25_CG0p25_interval2_step2_cooldown_for_k0.75,2,2,True,0.75,0.11,1.25,0.11,2,,1.390771,,7
8,1,2,0.25,0.25,run8_bs2000_N1_M2_G0p25_CG0p25_interval2_step2_cooldown_for_k1.25,2,2,True,1.25,0.11,2.25,0.063,2,,1.406286,,8
8,1,2,0.25,0.25,run8_bs2000_N1_M2_G0p25_CG0p25_interval2_step2,2,2,False,,0.33,1.0,0.12,1,2,1.770174,1.323707,9
8,1,2,0.25,0.25,run8_bs2000_N1_M2_G0p25_CG0p25_interval3_step3_cooldown_for_k0,3,3,True,0.0,0.063,2.25,0.063,2,,1.175409,,7
8,1,2,0.25,0.25,run8_bs2000_N1_M2_G0p25_CG0p25_interval3_step3_cooldown_for_k1,3,3,True,1.0,0.063,2.25,0.063,2,,1.183064,,7
8,1,2,0.25,0.25,run8_bs2000_N1_M2_G0p25_CG0p25_interval3_step3_cooldown_for_k2,3,3,True,2.0,0.063,2.25,0.063,2,,1.202205,,7
8,1,2,0.25,0.25,run8_bs2000_N1_M2_G0p25_CG0p25_interval3_step3_cooldown_for_k-1,3,3,True,-1.0,0.063,2.25,0.063,2,,1.411564,,7
8,1,2,0.25,0.25,run8_bs2000_N1_M2_G0p25_CG0p25_interval3_step3_cooldown_for_k-0.5,3,3,True,-0.5,0.063,2.25,0.063,2,,1.344316,,7
8,1,2,0.25,0.25,run8_bs2000_N1_M2_G0p25_CG0p25_interval3_step3_cooldown_for_k0.5,3,3,True,0.5,0.063,2.25,0.063,2,,1.247174,,7
8,1,2,0.25,0.25,run8_bs2000_N1_M2_G0p25_CG0p25_interval3_step3_cooldown_for_k-0.25,3,3,True,-0.25,0.063,2.25,0.063,2,,1.337778,,7
8,1,2,0.25,0.25,run8_bs2000_N1_M2_G0p25_CG0p25_interval3_step3_cooldown_for_k0.25,3,3,True,0.25,0.063,2.25,0.063,2,,1.289578,,7
8,1,2,0.25,0.25,run8_bs2000_N1_M2_G0p25_CG0p25_interval3_step3,3,3,False,,0.12,0.0,0.2,1,2,1.724282,1.175409,8
8,1,2,0.25,0.25,run8_bs2000_N1_M2_G0p25_CG0p25_interval4_step4_cooldown_for_k-1,4,4,True,-1.0,0.063,2.25,0.063,2,,1.249595,,7
8,1,2,0.25,0.25,run8_bs2000_N1_M2_G0p25_CG0p25_interval4_step4_cooldown_for_k0,4,4,True,0.0,0.063,2.25,0.063,2,,1.129472,,7
8,1,2,0.25,0.25,run8_bs2000_N1_M2_G0p25_CG0p25_interval4_step4_cooldown_for_k1,4,4,True,1.0,0.063,2.25,0.063,2,,1.095225,,7
8,1,2,0.25,0.25,run8_bs2000_N1_M2_G0p25_CG0p25_interval4_step4_cooldown_for_k2,4,4,True,2.0,0.063,2.25,0.063,2,,1.115885,,7
8,1,2,0.25,0.25,run8_bs2000_N1_M2_G0p25_CG0p25_interval4_step4_cooldown_for_k0.5,4,4,True,0.5,0.063,2.25,0.063,2,,1.181759,,7
8,1,2,0.25,0.25,run8_bs2000_N1_M2_G0p25_CG0p25_interval4_step4_cooldown_for_k1.5,4,4,True,1.5,0.063,2.25,0.063,2,,1.171576,,7
8,1,2,0.25,0.25,run8_bs2000_N1_M2_G0p25_CG0p25_interval4_step4_cooldown_for_k0.75,4,4,True,0.75,0.063,2.25,0.063,2,,1.229989,,7
8,1,2,0.25,0.25,run8_bs2000_N1_M2_G0p25_CG0p25_interval4_step4_cooldown_for_k1.25,4,4,True,1.25,0.063,2.25,0.063,2,,1.232536,,7
8,1,2,0.25,0.25,run8_bs2000_N1_M2_G0p25_CG0p25_interval4_step4,4,4,False,,0.2,1.0,0.12,1,2,1.54687,1.095225,8
8,1,2,0.25,0.25,run8_bs2000_N1_M2_G0p25_CG0p25_interval5_step5_cooldown_for_k0,5,5,True,0.0,0.063,2.25,0.063,2,,1.050947,,7
8,1,2,0.25,0.25,run8_bs2000_N1_M2_G0p25_CG0p25_interval5_step5_cooldown_for_k1,5,5,True,1.0,0.063,2.25,0.063,2,,1.046294,,7
8,1,2,0.25,0.25,run8_bs2000_N1_M2_G0p25_CG0p25_interval5_step5_cooldown_for_k2,5,5,True,2.0,0.063,2.25,0.063,2,,1.05075,,7
8,1,2,0.25,0.25,run8_bs2000_N1_M2_G0p25_CG0p25_interval5_step5_cooldown_for_k0.5,5,5,True,0.5,0.063,2.25,0.063,2,,1.11618,,7
8,1,2,0.25,0.25,run8_bs2000_N1_M2_G0p25_CG0p25_interval5_step5_cooldown_for_k1.5,5,5,True,1.5,0.063,2.25,0.063,2,,1.097043,,7
8,1,2,0.25,0.25,run8_bs2000_N1_M2_G0p25_CG0p25_interval5_step5_cooldown_for_k0.75,5,5,True,0.75,0.063,2.25,0.063,2,,1.156211,,7
8,1,2,0.25,0.25,run8_bs2000_N1_M2_G0p25_CG0p25_interval5_step5_cooldown_for_k1.25,5,5,True,1.25,0.063,2.25,0.063,2,,1.149309,,7
8,1,2,0.25,0.25,run8_bs2000_N1_M2_G0p25_CG0p25_interval5_step5,5,5,False,,0.12,1.0,0.12,1,2,1.512969,1.046294,7
8,1,2,0.25,0.25,run8_bs2000_N1_M2_G0p25_CG0p25_interval6_step6_cooldown_for_k0,6,6,True,0.0,0.063,2.25,0.063,2,,0.993281,,7
8,1,2,0.25,0.25,run8_bs2000_N1_M2_G0p25_CG0p25_interval6_step6_cooldown_for_k1,6,6,True,1.0,0.063,2.25,0.063,2,,0.982932,,7
8,1,2,0.25,0.25,run8_bs2000_N1_M2_G0p25_CG0p25_interval6_step6_cooldown_for_k2,6,6,True,2.0,0.063,3.25,0.038,2,,0.983139,,8
8,1,2,0.25,0.25,run8_bs2000_N1_M2_G0p25_CG0p25_interval6_step6_cooldown_for_k0.5,6,6,True,0.5,0.063,2.25,0.063,2,,1.014914,,7
8,1,2,0.25,0.25,run8_bs2000_N1_M2_G0p25_CG0p25_interval6_step6_cooldown_for_k1.5,6,6,True,1.5,0.063,3.25,0.038,2,,1.01336,,8
8,1,2,0.25,0.25,run8_bs2000_N1_M2_G0p25_CG0p25_interval6_step6_cooldown_for_k0.75,6,6,True,0.75,0.063,2.25,0.063,2,,1.037276,,7
8,1,2,0.25,0.25,run8_bs2000_N1_M2_G0p25_CG0p25_interval6_step6_cooldown_for_k1.25,6,6,True,1.25,0.063,2.25,0.063,2,,1.037872,,7
8,1,2,0.25,0.25,run8_bs2000_N1_M2_G0p25_CG0p25_interval6_step6,6,6,False,,0.12,1.0,0.12,1,2,1.313052,0.982932,7
8,1,2,0.25,0.25,run8_bs2000_N1_M2_G0p25_CG0p25_interval7_step7_cooldown_for_k0,7,7,True,0.0,0.063,2.25,0.063,2,,0.96537,,7
8,1,2,0.25,0.25,run8_bs2000_N1_M2_G0p25_CG0p25_interval7_step7_cooldown_for_k1,7,7,True,1.0,0.063,3.25,0.038,2,,0.960502,,8
8,1,2,0.25,0.25,run8_bs2000_N1_M2_G0p25_CG0p25_interval7_step7_cooldown_for_k2,7,7,True,2.0,0.063,3.25,0.038,2,,0.946901,,8
8,1,2,0.25,0.25,run8_bs2000_N1_M2_G0p25_CG0p25_interval7_step7_cooldown_for_k3,7,7,True,3.0,0.063,3.25,0.038,2,,0.950745,,8
8,1,2,0.25,0.25,run8_bs2000_N1_M2_G0p25_CG0p25_interval7_step7_cooldown_for_k1.5,7,7,True,1.5,0.063,2.25,0.063,2,,0.970655,,7
8,1,2,0.25,0.25,run8_bs2000_N1_M2_G0p25_CG0p25_interval7_step7_cooldown_for_k2.5,7,7,True,2.5,0.063,3.25,0.038,2,,0.965793,,8
8,1,2,0.25,0.25,run8_bs2000_N1_M2_G0p25_CG0p25_interval7_step7_cooldown_for_k1.75,7,7,True,1.75,0.063,2.25,0.063,2,,0.9777,,7
8,1,2,0.25,0.25,run8_bs2000_N1_M2_G0p25_CG0p25_interval7_step7_cooldown_for_k2.25,7,7,True,2.25,0.063,2.25,0.063,2,,0.983001,,7
8,1,2,0.25,0.25,run8_bs2000_N1_M2_G0p25_CG0p25_interval7_step7,7,7,False,,0.12,2.0,0.072,1,2,1.155064,0.946901,8
8,1,2,0.25,0.25,run8_bs2000_N1_M2_G0p25_CG0p25_interval8_step8_cooldown_for_k1,8,8,True,1.0,0.038,3.25,0.038,2,,0.940634,,7
8,1,2,0.25,0.25,run8_bs2000_N1_M2_G0p25_CG0p25_interval8_step8_cooldown_for_k2,8,8,True,2.0,0.038,3.25,0.038,2,,0.938057,,7
8,1,2,0.25,0.25,run8_bs2000_N1_M2_G0p25_CG0p25_interval8_step8_cooldown_for_k3,8,8,True,3.0,0.038,3.25,0.038,2,,0.924334,,7
8,1,2,0.25,0.25,run8_bs2000_N1_M2_G0p25_CG0p25_interval8_step8_cooldown_for_k4,8,8,True,4.0,0.038,4.25,0.023,2,,0.931496,,8
8,1,2,0.25,0.25,run8_bs2000_N1_M2_G0p25_CG0p25_interval8_step8_cooldown_for_k2.5,8,8,True,2.5,0.038,3.25,0.038,2,,0.946768,,7
8,1,2,0.25,0.25,run8_bs2000_N1_M2_G0p25_CG0p25_interval8_step8_cooldown_for_k3.5,8,8,True,3.5,0.038,3.25,0.038,2,,0.934828,,7
8,1,2,0.25,0.25,run8_bs2000_N1_M2_G0p25_CG0p25_interval8_step8_cooldown_for_k2.75,8,8,True,2.75,0.038,3.25,0.038,2,,0.951179,,7
8,1,2,0.25,0.25,run8_bs2000_N1_M2_G0p25_CG0p25_interval8_step8_cooldown_for_k3.25,8,8,True,3.25,0.038,3.25,0.038,2,,0.945425,,7
8,1,2,0.25,0.25,run8_bs2000_N1_M2_G0p25_CG0p25_interval8_step8,8,8,False,,0.072,3.0,0.043,1,2,1.086286,0.924334,8
8,1,2,0.25,0.25,run8_bs2000_N1_M2_G0p25_CG0p25_interval9_step9_cooldown_for_k2,9,9,True,2.0,0.038,4.25,0.023,2,,0.925764,,8
8,1,2,0.25,0.25,run8_bs2000_N1_M2_G0p25_CG0p25_interval9_step9_cooldown_for_k3,9,9,True,3.0,0.038,4.25,0.023,2,,0.913329,,8
8,1,2,0.25,0.25,run8_bs2000_N1_M2_G0p25_CG0p25_interval9_step9_cooldown_for_k4,9,9,True,4.0,0.038,4.25,0.023,2,,0.910143,,8
8,1,2,0.25,0.25,run8_bs2000_N1_M2_G0p25_CG0p25_interval9_step9_cooldown_for_k5,9,9,True,5.0,0.038,4.25,0.023,2,,0.912665,,8
8,1,2,0.25,0.25,run8_bs2000_N1_M2_G0p25_CG0p25_interval9_step9_cooldown_for_k3.5,9,9,True,3.5,0.038,3.25,0.038,2,,0.921803,,7
8,1,2,0.25,0.25,run8_bs2000_N1_M2_G0p25_CG0p25_interval9_step9_cooldown_for_k4.5,9,9,True,4.5,0.038,4.25,0.023,2,,0.920605,,8
8,1,2,0.25,0.25,run8_bs2000_N1_M2_G0p25_CG0p25_interval9_step9_cooldown_for_k3.75,9,9,True,3.75,0.038,3.25,0.038,2,,0.925032,,7
8,1,2,0.25,0.25,run8_bs2000_N1_M2_G0p25_CG0p25_interval9_step9_cooldown_for_k4.25,9,9,True,4.25,0.038,3.25,0.038,2,,0.926125,,7
8,1,2,0.25,0.25,run8_bs2000_N1_M2_G0p25_CG0p25_interval9_step9,9,9,False,,0.043,4.0,0.026,1,2,1.000207,0.910143,8
8,1,2,0.25,0.25,run8_bs2000_N1_M2_G0p25_CG0p25_interval10_step10_cooldown_for_k3,10,10,True,3.0,0.023,4.25,0.023,2,,0.903385,,7
8,1,2,0.25,0.25,run8_bs2000_N1_M2_G0p25_CG0p25_interval10_step10_cooldown_for_k4,10,10,True,4.0,0.023,4.25,0.023,2,,0.898536,,7
8,1,2,0.25,0.25,run8_bs2000_N1_M2_G0p25_CG0p25_interval10_step10_cooldown_for_k5,10,10,True,5.0,0.023,4.25,0.023,2,,0.898722,,7
8,1,2,0.25,0.25,run8_bs2000_N1_M2_G0p25_CG0p25_interval10_step10_cooldown_for_k3.5,10,10,True,3.5,0.023,4.25,0.023,2,,0.907612,,7
8,1,2,0.25,0.25,run8_bs2000_N1_M2_G0p25_CG0p25_interval10_step10_cooldown_for_k4.5,10,10,True,4.5,0.023,4.25,0.023,2,,0.90399,,7
8,1,2,0.25,0.25,run8_bs2000_N1_M2_G0p25_CG0p25_interval10_step10_cooldown_for_k3.75,10,10,True,3.75,0.023,4.25,0.023,2,,0.909291,,7
8,1,2,0.25,0.25,run8_bs2000_N1_M2_G0p25_CG0p25_interval10_step10_cooldown_for_k4.25,10,10,True,4.25,0.023,4.25,0.023,2,,0.908716,,7
8,1,2,0.25,0.25,run8_bs2000_N1_M2_G0p25_CG0p25_interval10_step10,10,10,False,,0.026,4.0,0.026,1,2,0.958313,0.898536,7
8,1,2,0.25,0.25,run8_bs2000_N1_M2_G0p25_CG0p25_interval11_step11_cooldown_for_k3,11,11,True,3.0,0.023,5.25,0.014,2,,0.901021,,8
8,1,2,0.25,0.25,run8_bs2000_N1_M2_G0p25_CG0p25_interval11_step11_cooldown_for_k4,11,11,True,4.0,0.023,5.25,0.014,2,,0.893391,,8
8,1,2,0.25,0.25,run8_bs2000_N1_M2_G0p25_CG0p25_interval11_step11_cooldown_for_k5,11,11,True,5.0,0.023,4.75,0.018,2,,0.893435,,7
8,1,2,0.25,0.25,run8_bs2000_N1_M2_G0p25_CG0p25_interval11_step11_cooldown_for_k3.5,11,11,True,3.5,0.023,4.25,0.023,2,,0.900239,,7
8,1,2,0.25,0.25,run8_bs2000_N1_M2_G0p25_CG0p25_interval11_step11_cooldown_for_k4.5,11,11,True,4.5,0.023,5.25,0.014,2,,0.895984,,8
8,1,2,0.25,0.25,run8_bs2000_N1_M2_G0p25_CG0p25_interval11_step11_cooldown_for_k3.75,11,11,True,3.75,0.023,4.25,0.023,2,,0.89987,,7
8,1,2,0.25,0.25,run8_bs2000_N1_M2_G0p25_CG0p25_interval11_step11_cooldown_for_k4.25,11,11,True,4.25,0.023,4.25,0.023,2,,0.898782,,7
8,1,2,0.25,0.25,run8_bs2000_N1_M2_G0p25_CG0p25_interval11_step11,11,11,False,,0.026,4.0,0.026,1,2,0.926447,0.893391,7
8,1,2,0.25,0.25,run8_bs2000_N1_M2_G0p25_CG0p25_interval12_step12_cooldown_for_k3,12,12,True,3.0,0.014,5.25,0.014,2,,0.891046,,7
8,1,2,0.25,0.25,run8_bs2000_N1_M2_G0p25_CG0p25_interval12_step12_cooldown_for_k4,12,12,True,4.0,0.014,5.25,0.014,2,,0.891057,,7
8,1,2,0.25,0.25,run8_bs2000_N1_M2_G0p25_CG0p25_interval12_step12_cooldown_for_k5,12,12,True,5.0,0.014,5.25,0.014,2,,0.887328,,7
8,1,2,0.25,0.25,run8_bs2000_N1_M2_G0p25_CG0p25_interval12_step12_cooldown_for_k6,12,12,True,6.0,0.014,6.25,0.0082,2,,0.889659,,8
8,1,2,0.25,0.25,run8_bs2000_N1_M2_G0p25_CG0p25_interval12_step12_cooldown_for_k4.5,12,12,True,4.5,0.014,5.25,0.014,2,,0.890259,,7
8,1,2,0.25,0.25,run8_bs2000_N1_M2_G0p25_CG0p25_interval12_step12_cooldown_for_k5.5,12,12,True,5.5,0.014,5.25,0.014,2,,0.888814,,7
8,1,2,0.25,0.25,run8_bs2000_N1_M2_G0p25_CG0p25_interval12_step12_cooldown_for_k4.75,12,12,True,4.75,0.014,5.25,0.014,2,,0.890388,,7
8,1,2,0.25,0.25,run8_bs2000_N1_M2_G0p25_CG0p25_interval12_step12_cooldown_for_k5.25,12,12,True,5.25,0.014,5.25,0.014,2,,0.889585,,7
8,1,2,0.25,0.25,run8_bs2000_N1_M2_G0p25_CG0p25_interval12_step12,12,12,False,,0.026,5.0,0.016,1,2,0.911119,0.887328,8
8,1,2,0.25,0.25,run8_bs2000_N1_M2_G0p25_CG0p25_interval13_step13_cooldown_for_k4,13,13,True,4.0,0.014,6.25,0.0082,2,,0.889474,,8
8,1,2,0.25,0.25,run8_bs2000_N1_M2_G0p25_CG0p25_interval13_step13_cooldown_for_k5,13,13,True,5.0,0.014,5.75,0.011,2,,0.885737,,8
8,1,2,0.25,0.25,run8_bs2000_N1_M2_G0p25_CG0p25_interval13_step13_cooldown_for_k6,13,13,True,6.0,0.014,6.25,0.0082,2,,0.885473,,8
8,1,2,0.25,0.25,run8_bs2000_N1_M2_G0p25_CG0p25_interval13_step13_cooldown_for_k7,13,13,True,7.0,0.014,6.25,0.0082,2,,0.885895,,8
8,1,2,0.25,0.25,run8_bs2000_N1_M2_G0p25_CG0p25_interval13_step13_cooldown_for_k5.5,13,13,True,5.5,0.014,6.25,0.0082,2,,0.886277,,8
8,1,2,0.25,0.25,run8_bs2000_N1_M2_G0p25_CG0p25_interval13_step13_cooldown_for_k6.5,13,13,True,6.5,0.014,6.25,0.0082,2,,0.886324,,8
8,1,2,0.25,0.25,run8_bs2000_N1_M2_G0p25_CG0p25_interval13_step13_cooldown_for_k5.75,13,13,True,5.75,0.014,6.25,0.0082,2,,0.886852,,8
8,1,2,0.25,0.25,run8_bs2000_N1_M2_G0p25_CG0p25_interval13_step13_cooldown_for_k6.25,13,13,True,6.25,0.014,6.25,0.0082,2,,0.886617,,8
8,1,2,0.25,0.25,run8_bs2000_N1_M2_G0p25_CG0p25_interval13_step13,13,13,False,,0.016,6.0,0.0093,1,2,0.898375,0.885473,8
8,1,2,0.25,0.25,run8_bs2000_N1_M2_G0p25_CG0p25_interval14_step14_cooldown_for_k5,14,14,True,5.0,0.0082,5.75,0.011,2,,0.882127,,7
8,1,2,0.25,0.25,run8_bs2000_N1_M2_G0p25_CG0p25_interval14_step14_cooldown_for_k6,14,14,True,6.0,0.0082,6.25,0.0082,2,,0.882381,,7
8,1,2,0.25,0.25,run8_bs2000_N1_M2_G0p25_CG0p25_interval14_step14_cooldown_for_k7,14,14,True,7.0,0.0082,6.25,0.0082,2,,0.883477,,7
8,1,2,0.25,0.25,run8_bs2000_N1_M2_G0p25_CG0p25_interval14_step14_cooldown_for_k4,14,14,True,4.0,0.0082,5.25,0.014,2,,0.889375,,8
8,1,2,0.25,0.25,run8_bs2000_N1_M2_G0p25_CG0p25_interval14_step14_cooldown_for_k4.5,14,14,True,4.5,0.0082,5.25,0.014,2,,0.887363,,8
8,1,2,0.25,0.25,run8_bs2000_N1_M2_G0p25_CG0p25_interval14_step14_cooldown_for_k5.5,14,14,True,5.5,0.0082,5.75,0.011,2,,0.884168,,7
8,1,2,0.25,0.25,run8_bs2000_N1_M2_G0p25_CG0p25_interval14_step14_cooldown_for_k4.75,14,14,True,4.75,0.0082,5.25,0.014,2,,0.886624,,8
8,1,2,0.25,0.25,run8_bs2000_N1_M2_G0p25_CG0p25_interval14_step14_cooldown_for_k5.25,14,14,True,5.25,0.0082,5.25,0.014,2,,0.885199,,8
8,1,2,0.25,0.25,run8_bs2000_N1_M2_G0p25_CG0p25_interval14_step14,14,14,False,,0.0093,5.0,0.016,1,2,0.896535,0.882127,8
8,1,2,0.25,0.25,run8_bs2000_N1_M2_G0p25_CG0p25_interval15_step15_cooldown_for_k4,15,15,True,4.0,0.011,6.75,0.0064,2,,0.887823,,8
8,1,2,0.25,0.25,run8_bs2000_N1_M2_G0p25_CG0p25_interval15_step15_cooldown_for_k5,15,15,True,5.0,0.011,5.5,0.012,2,,0.881363,,7
8,1,2,0.25,0.25,run8_bs2000_N1_M2_G0p25_CG0p25_interval15_step15_cooldown_for_k6,15,15,True,6.0,0.011,6.75,0.0064,2,,0.880415,,8
8,1,2,0.25,0.25,run8_bs2000_N1_M2_G0p25_CG0p25_interval15_step15_cooldown_for_k7,15,15,True,7.0,0.011,6.75,0.0064,2,,0.880774,,8
8,1,2,0.25,0.25,run8_bs2000_N1_M2_G0p25_CG0p25_interval15_step15_cooldown_for_k5.5,15,15,True,5.5,0.011,6.0,0.0093,2,,0.881481,,7
8,1,2,0.25,0.25,run8_bs2000_N1_M2_G0p25_CG0p25_interval15_step15_cooldown_for_k6.5,15,15,True,6.5,0.011,6.75,0.0064,2,,0.881134,,8
8,1,2,0.25,0.25,run8_bs2000_N1_M2_G0p25_CG0p25_interval15_step15_cooldown_for_k5.75,15,15,True,5.75,0.011,5.75,0.011,2,,0.881821,,7
8,1,2,0.25,0.25,run8_bs2000_N1_M2_G0p25_CG0p25_interval15_step15_cooldown_for_k6.25,15,15,True,6.25,0.011,6.25,0.0082,2,,0.881628,,7
8,1,2,0.25,0.25,run8_bs2000_N1_M2_G0p25_CG0p25_interval15_step15,15,15,False,,0.016,6.0,0.0093,1,2,0.89015,0.880415,8
8,1,2,0.25,0.25,run8_bs2000_N1_M2_G0p25_CG0p25_interval16_step16_cooldown_for_k5,16,16,True,5.0,0.0064,6.75,0.0064,2,,0.882281,,7
8,1,2,0.25,0.25,run8_bs2000_N1_M2_G0p25_CG0p25_interval16_step16_cooldown_for_k6,16,16,True,6.0,0.0064,6.25,0.0082,2,,0.879043,,7
8,1,2,0.25,0.25,run8_bs2000_N1_M2_G0p25_CG0p25_interval16_step16_cooldown_for_k7,16,16,True,7.0,0.0064,6.75,0.0064,2,,0.879133,,7
8,1,2,0.25,0.25,run8_bs2000_N1_M2_G0p25_CG0p25_interval16_step16_cooldown_for_k5.5,16,16,True,5.5,0.0064,5.5,0.012,2,,0.880792,,8
8,1,2,0.25,0.25,run8_bs2000_N1_M2_G0p25_CG0p25_interval16_step16_cooldown_for_k6.5,16,16,True,6.5,0.0064,6.25,0.0082,2,,0.880033,,7
8,1,2,0.25,0.25,run8_bs2000_N1_M2_G0p25_CG0p25_interval16_step16_cooldown_for_k5.75,16,16,True,5.75,0.0064,5.5,0.012,2,,0.881556,,8
8,1,2,0.25,0.25,run8_bs2000_N1_M2_G0p25_CG0p25_interval16_step16_cooldown_for_k6.25,16,16,True,6.25,0.0064,6.75,0.0064,2,,0.881772,,7
8,1,2,0.25,0.25,run8_bs2000_N1_M2_G0p25_CG0p25_interval16_step16,16,16,False,,0.0093,6.0,0.0093,1,2,0.888928,0.879043,7
8,1,2,0.25,0.25,run8_bs2000_N1_M2_G0p25_CG0p25_interval17_step17_cooldown_for_k5,17,17,True,5.0,0.0082,7.25,0.0049,2,,0.881122,,8
8,1,2,0.25,0.25,run8_bs2000_N1_M2_G0p25_CG0p25_interval17_step17_cooldown_for_k6,17,17,True,6.0,0.0082,6.75,0.0064,2,,0.877926,,7
8,1,2,0.25,0.25,run8_bs2000_N1_M2_G0p25_CG0p25_interval17_step17_cooldown_for_k7,17,17,True,7.0,0.0082,7.25,0.0049,2,,0.878348,,8
8,1,2,0.25,0.25,run8_bs2000_N1_M2_G0p25_CG0p25_interval17_step17_cooldown_for_k5.5,17,17,True,5.5,0.0082,5.75,0.011,2,,0.87899,,7
8,1,2,0.25,0.25,run8_bs2000_N1_M2_G0p25_CG0p25_interval17_step17_cooldown_for_k6.5,17,17,True,6.5,0.0082,6.75,0.0064,2,,0.878616,,7
8,1,2,0.25,0.25,run8_bs2000_N1_M2_G0p25_CG0p25_interval17_step17_cooldown_for_k5.75,17,17,True,5.75,0.0082,5.75,0.011,2,,0.87945,,7
8,1,2,0.25,0.25,run8_bs2000_N1_M2_G0p25_CG0p25_interval17_step17_cooldown_for_k6.25,17,17,True,6.25,0.0082,6.25,0.0082,2,,0.879032,,7
8,1,2,0.25,0.25,run8_bs2000_N1_M2_G0p25_CG0p25_interval17_step17,17,17,False,,0.0093,6.0,0.0093,1,2,0.885635,0.877926,7
8,1,2,0.25,0.25,run8_bs2000_N1_M2_G0p25_CG0p25_interval18_step18_cooldown_for_k5,18,18,True,5.0,0.0064,6.75,0.0064,2,,0.880259,,7
8,1,2,0.25,0.25,run8_bs2000_N1_M2_G0p25_CG0p25_interval18_step18_cooldown_for_k6,18,18,True,6.0,0.0064,6.5,0.0072,2,,0.877161,,7
8,1,2,0.25,0.25,run8_bs2000_N1_M2_G0p25_CG0p25_interval18_step18_cooldown_for_k7,18,18,True,7.0,0.0064,7.25,0.0049,2,,0.877314,,7
8,1,2,0.25,0.25,run8_bs2000_N1_M2_G0p25_CG0p25_interval18_step18_cooldown_for_k5.5,18,18,True,5.5,0.0064,6.75,0.0064,2,,0.880154,,7
8,1,2,0.25,0.25,run8_bs2000_N1_M2_G0p25_CG0p25_interval18_step18_cooldown_for_k6.5,18,18,True,6.5,0.0064,6.75,0.0064,2,,0.877495,,7
8,1,2,0.25,0.25,run8_bs2000_N1_M2_G0p25_CG0p25_interval18_step18_cooldown_for_k5.75,18,18,True,5.75,0.0064,6.75,0.0064,2,,0.880056,,7
8,1,2,0.25,0.25,run8_bs2000_N1_M2_G0p25_CG0p25_interval18_step18_cooldown_for_k6.25,18,18,True,6.25,0.0064,6.25,0.0082,2,,0.878358,,7
8,1,2,0.25,0.25,run8_bs2000_N1_M2_G0p25_CG0p25_interval18_step18,18,18,False,,0.0093,6.0,0.0093,1,2,0.88463,0.877161,7
8,1,2,0.25,0.25,run8_bs2000_N1_M2_G0p25_CG0p25_interval19_step19_cooldown_for_k5,19,19,True,5.0,0.0072,7.5,0.0043,2,,0.878821,,8
8,1,2,0.25,0.25,run8_bs2000_N1_M2_G0p25_CG0p25_interval19_step19_cooldown_for_k6,19,19,True,6.0,0.0072,6.75,0.0064,2,,0.876252,,7
8,1,2,0.25,0.25,run8_bs2000_N1_M2_G0p25_CG0p25_interval19_step19_cooldown_for_k7,19,19,True,7.0,0.0072,7.5,0.0043,2,,0.876474,,8
8,1,2,0.25,0.25,run8_bs2000_N1_M2_G0p25_CG0p25_interval19_step19_cooldown_for_k5.5,19,19,True,5.5,0.0072,7.5,0.0043,2,,0.87917,,8
8,1,2,0.25,0.25,run8_bs2000_N1_M2_G0p25_CG0p25_interval19_step19_cooldown_for_k6.5,19,19,True,6.5,0.0072,7.0,0.0056,2,,0.876691,,7
8,1,2,0.25,0.25,run8_bs2000_N1_M2_G0p25_CG0p25_interval19_step19_cooldown_for_k5.75,19,19,True,5.75,0.0072,7.5,0.0043,2,,0.879412,,8
8,1,2,0.25,0.25,run8_bs2000_N1_M2_G0p25_CG0p25_interval19_step19_cooldown_for_k6.25,19,19,True,6.25,0.0072,6.5,0.0072,2,,0.877358,,7
8,1,2,0.25,0.25,run8_bs2000_N1_M2_G0p25_CG0p25_interval19_step19,19,19,False,,0.0093,6.0,0.0093,1,2,0.882754,0.876252,7
8,1,2,0.25,0.25,run8_bs2000_N1_M2_G0p25_CG0p25_interval20_step20_cooldown_for_k5,20,20,True,5.0,0.0064,7.75,0.0038,2,,0.878537,,8
8,1,2,0.25,0.25,run8_bs2000_N1_M2_G0p25_CG0p25_interval20_step20_cooldown_for_k6,20,20,True,6.0,0.0064,6.5,0.0072,2,,0.875571,,7
8,1,2,0.25,0.25,run8_bs2000_N1_M2_G0p25_CG0p25_interval20_step20_cooldown_for_k7,20,20,True,7.0,0.0064,7.75,0.0038,2,,0.875696,,8
8,1,2,0.25,0.25,run8_bs2000_N1_M2_G0p25_CG0p25_interval20_step20_cooldown_for_k5.5,20,20,True,5.5,0.0064,7.75,0.0038,2,,0.878169,,8
8,1,2,0.25,0.25,run8_bs2000_N1_M2_G0p25_CG0p25_interval20_step20_cooldown_for_k6.5,20,20,True,6.5,0.0064,6.75,0.0064,2,,0.875828,,7
8,1,2,0.25,0.25,run8_bs2000_N1_M2_G0p25_CG0p25_interval20_step20_cooldown_for_k5.75,20,20,True,5.75,0.0064,7.75,0.0038,2,,0.878249,,8
8,1,2,0.25,0.25,run8_bs2000_N1_M2_G0p25_CG0p25_interval20_step20_cooldown_for_k6.25,20,20,True,6.25,0.0064,6.5,0.0072,2,,0.876336,,7
8,1,2,0.25,0.25,run8_bs2000_N1_M2_G0p25_CG0p25_interval20_step20,20,20,False,,0.0093,6.0,0.0093,1,2,0.88184,0.875571,7
8,1,2,0.25,0.25,run8_bs2000_N1_M2_G0p25_CG0p25_interval21_step21_cooldown_for_k5,21,21,True,5.0,0.0072,7.5,0.0043,2,,0.877216,,8
8,1,2,0.25,0.25,run8_bs2000_N1_M2_G0p25_CG0p25_interval21_step21_cooldown_for_k6,21,21,True,6.0,0.0072,6.75,0.0064,2,,0.87481,,7
8,1,2,0.25,0.25,run8_bs2000_N1_M2_G0p25_CG0p25_interval21_step21_cooldown_for_k7,21,21,True,7.0,0.0072,7.5,0.0043,2,,0.874981,,8
8,1,2,0.25,0.25,run8_bs2000_N1_M2_G0p25_CG0p25_interval21_step21_cooldown_for_k5.5,21,21,True,5.5,0.0072,7.5,0.0043,2,,0.877284,,8
8,1,2,0.25,0.25,run8_bs2000_N1_M2_G0p25_CG0p25_interval21_step21_cooldown_for_k6.5,21,21,True,6.5,0.0072,7.0,0.0056,2,,0.875158,,7
8,1,2,0.25,0.25,run8_bs2000_N1_M2_G0p25_CG0p25_interval21_step21_cooldown_for_k5.75,21,21,True,5.75,0.0072,7.5,0.0043,2,,0.877438,,8
8,1,2,0.25,0.25,run8_bs2000_N1_M2_G0p25_CG0p25_interval21_step21_cooldown_for_k6.25,21,21,True,6.25,0.0072,6.75,0.0064,2,,0.875569,,7
8,1,2,0.25,0.25,run8_bs2000_N1_M2_G0p25_CG0p25_interval21_step21,21,21,False,,0.0093,6.0,0.0093,1,2,0.880951,0.87481,7
8,1,2,0.25,0.25,run8_bs2000_N1_M2_G0p25_CG0p25_interval22_step22_cooldown_for_k5,22,22,True,5.0,0.0064,7.75,0.0038,2,,0.87709,,8
8,1,2,0.25,0.25,run8_bs2000_N1_M2_G0p25_CG0p25_interval22_step22_cooldown_for_k6,22,22,True,6.0,0.0064,6.75,0.0064,2,,0.874351,,7
8,1,2,0.25,0.25,run8_bs2000_N1_M2_G0p25_CG0p25_interval22_step22_cooldown_for_k7,22,22,True,7.0,0.0064,7.75,0.0038,2,,0.874373,,8
8,1,2,0.25,0.25,run8_bs2000_N1_M2_G0p25_CG0p25_interval22_step22_cooldown_for_k5.5,22,22,True,5.5,0.0064,7.75,0.0038,2,,0.876552,,8
8,1,2,0.25,0.25,run8_bs2000_N1_M2_G0p25_CG0p25_interval22_step22_cooldown_for_k6.5,22,22,True,6.5,0.0064,7.0,0.0056,2,,0.874658,,7
8,1,2,0.25,0.25,run8_bs2000_N1_M2_G0p25_CG0p25_interval22_step22_cooldown_for_k5.75,22,22,True,5.75,0.0064,7.75,0.0038,2,,0.876599,,8
8,1,2,0.25,0.25,run8_bs2000_N1_M2_G0p25_CG0p25_interval22_step22_cooldown_for_k6.25,22,22,True,6.25,0.0064,6.5,0.0072,2,,0.875019,,7
8,1,2,0.25,0.25,run8_bs2000_N1_M2_G0p25_CG0p25_interval22_step22,22,22,False,,0.0093,6.0,0.0093,1,2,0.879886,0.874351,7
8,1,2,0.25,0.25,run8_bs2000_N1_M2_G0p25_CG0p25_interval23_step23_cooldown_for_k5,23,23,True,5.0,0.0064,7.75,0.0038,2,,0.875878,,8
8,1,2,0.25,0.25,run8_bs2000_N1_M2_G0p25_CG0p25_interval23_step23_cooldown_for_k6,23,23,True,6.0,0.0064,6.75,0.0064,2,,0.874073,,7
8,1,2,0.25,0.25,run8_bs2000_N1_M2_G0p25_CG0p25_interval23_step23_cooldown_for_k7,23,23,True,7.0,0.0064,7.75,0.0038,2,,0.873835,,8
8,1,2,0.25,0.25,run8_bs2000_N1_M2_G0p25_CG0p25_interval23_step23_cooldown_for_k8,23,23,True,8.0,0.0064,7.75,0.0038,2,,0.873992,,8
8,1,2,0.25,0.25,run8_bs2000_N1_M2_G0p25_CG0p25_interval23_step23_cooldown_for_k6.5,23,23,True,6.5,0.0064,7.0,0.0056,2,,0.87411,,7
8,1,2,0.25,0.25,run8_bs2000_N1_M2_G0p25_CG0p25_interval23_step23_cooldown_for_k7.5,23,23,True,7.5,0.0064,7.75,0.0038,2,,0.87403,,8
8,1,2,0.25,0.25,run8_bs2000_N1_M2_G0p25_CG0p25_interval23_step23_cooldown_for_k6.75,23,23,True,6.75,0.0064,7.25,0.0049,2,,0.874202,,7
8,1,2,0.25,0.25,run8_bs2000_N1_M2_G0p25_CG0p25_interval23_step23_cooldown_for_k7.25,23,23,True,7.25,0.0064,7.25,0.0049,2,,0.874245,,7
8,1,2,0.25,0.25,run8_bs2000_N1_M2_G0p25_CG0p25_interval23_step23,23,23,False,,0.0093,7.0,0.0056,1,2,0.87677,0.873835,8
8,1,2,0.25,0.25,run8_bs2000_N1_M2_G0p25_CG0p25_interval24_step24_cooldown_for_k6,24,24,True,6.0,0.0038,6.5,0.0072,2,,0.873184,,8
8,1,2,0.25,0.25,run8_bs2000_N1_M2_G0p25_CG0p25_interval24_step24_cooldown_for_k7,24,24,True,7.0,0.0038,7.5,0.0043,2,,0.87329,,7
8,1,2,0.25,0.25,run8_bs2000_N1_M2_G0p25_CG0p25_interval24_step24_cooldown_for_k8,24,24,True,8.0,0.0038,7.75,0.0038,2,,0.873473,,7
8,1,2,0.25,0.25,run8_bs2000_N1_M2_G0p25_CG0p25_interval24_step24_cooldown_for_k5,24,24,True,5.0,0.0038,6.75,0.0064,2,,0.874316,,8
8,1,2,0.25,0.25,run8_bs2000_N1_M2_G0p25_CG0p25_interval24_step24_cooldown_for_k5.5,24,24,True,5.5,0.0038,6.75,0.0064,2,,0.874837,,8
8,1,2,0.25,0.25,run8_bs2000_N1_M2_G0p25_CG0p25_interval24_step24_cooldown_for_k6.5,24,24,True,6.5,0.0038,6.5,0.0072,2,,0.873883,,8
8,1,2,0.25,0.25,run8_bs2000_N1_M2_G0p25_CG0p25_interval24_step24_cooldown_for_k5.75,24,24,True,5.75,0.0038,6.75,0.0064,2,,0.874861,,8
8,1,2,0.25,0.25,run8_bs2000_N1_M2_G0p25_CG0p25_interval24_step24_cooldown_for_k6.25,24,24,True,6.25,0.0038,7.75,0.0038,2,,0.874612,,7
8,1,2,0.25,0.25,run8_bs2000_N1_M2_G0p25_CG0p25_interval24_step24,24,24,False,,0.0056,6.0,0.0093,1,2,0.879522,0.873184,8
8,1,2,0.25,0.25,run8_bs2000_N1_M2_G0p25_CG0p25_interval25_step25_cooldown_for_k5,25,25,True,5.0,0.0072,7.5,0.0043,2,,0.874637,,8
8,1,2,0.25,0.25,run8_bs2000_N1_M2_G0p25_CG0p25_interval25_step25_cooldown_for_k6,25,25,True,6.0,0.0072,8.5,0.0026,2,,0.87392,,9
8,1,2,0.25,0.25,run8_bs2000_N1_M2_G0p25_CG0p25_interval25_step25_cooldown_for_k7,25,25,True,7.0,0.0072,8.0,0.0034,2,,0.87289,,8
8,1,2,0.25,0.25,run8_bs2000_N1_M2_G0p25_CG0p25_interval25_step25_cooldown_for_k8,25,25,True,8.0,0.0072,8.25,0.003,2,,0.873004,,9
8,1,2,0.25,0.25,run8_bs2000_N1_M2_G0p25_CG0p25_interval25_step25_cooldown_for_k6.5,25,25,True,6.5,0.0072,7.25,0.0049,2,,0.87319,,8
8,1,2,0.25,0.25,run8_bs2000_N1_M2_G0p25_CG0p25_interval25_step25_cooldown_for_k7.5,25,25,True,7.5,0.0072,7.5,0.0043,2,,0.873005,,8
8,1,2,0.25,0.25,run8_bs2000_N1_M2_G0p25_CG0p25_interval25_step25_cooldown_for_k6.75,25,25,True,6.75,0.0072,7.25,0.0049,2,,0.873382,,8
8,1,2,0.25,0.25,run8_bs2000_N1_M2_G0p25_CG0p25_interval25_step25_cooldown_for_k7.25,25,25,True,7.25,0.0072,7.5,0.0043,2,,0.873226,,8
8,1,2,0.25,0.25,run8_bs2000_N1_M2_G0p25_CG0p25_interval25_step25,25,25,False,,0.0093,7.0,0.0056,1,2,0.875412,0.87289,8
8,1,2,0.25,0.25,run8_bs2000_N1_M2_G0p25_CG0p25_interval26_step26_cooldown_for_k6,26,26,True,6.0,0.0034,8.0,0.0034,2,,0.873397,,7
8,1,2,0.25,0.25,run8_bs2000_N1_M2_G0p25_CG0p25_interval26_step26_cooldown_for_k7,26,26,True,7.0,0.0034,7.5,0.0043,2,,0.872361,,8
8,1,2,0.25,0.25,run8_bs2000_N1_M2_G0p25_CG0p25_interval26_step26_cooldown_for_k8,26,26,True,8.0,0.0034,8.0,0.0034,2,,0.872457,,7
8,1,2,0.25,0.25,run8_bs2000_N1_M2_G0p25_CG0p25_interval26_step26_cooldown_for_k6.5,26,26,True,6.5,0.0034,6.75,0.0064,2,,0.872834,,8
8,1,2,0.25,0.25,run8_bs2000_N1_M2_G0p25_CG0p25_interval26_step26_cooldown_for_k7.5,26,26,True,7.5,0.0034,8.0,0.0034,2,,0.872991,,7
8,1,2,0.25,0.25,run8_bs2000_N1_M2_G0p25_CG0p25_interval26_step26_cooldown_for_k6.75,26,26,True,6.75,0.0034,6.75,0.0064,2,,0.873093,,8
8,1,2,0.25,0.25,run8_bs2000_N1_M2_G0p25_CG0p25_interval26_step26_cooldown_for_k7.25,26,26,True,7.25,0.0034,8.0,0.0034,2,,0.873191,,7
8,1,2,0.25,0.25,run8_bs2000_N1_M2_G0p25_CG0p25_interval26_step26,26,26,False,,0.0056,7.0,0.0056,1,2,0.875593,0.872361,7
8,1,2,0.25,0.25,run8_bs2000_N1_M2_G0p25_CG0p25_interval27_step27_cooldown_for_k6,27,27,True,6.0,0.0043,8.5,0.0026,2,,0.872937,,8
8,1,2,0.25,0.25,run8_bs2000_N1_M2_G0p25_CG0p25_interval27_step27_cooldown_for_k7,27,27,True,7.0,0.0043,8.0,0.0034,2,,0.872039,,7
8,1,2,0.25,0.25,run8_bs2000_N1_M2_G0p25_CG0p25_interval27_step27_cooldown_for_k8,27,27,True,8.0,0.0043,6.5,0.0072,2,,0.872129,,8
8,1,2,0.25,0.25,run8_bs2000_N1_M2_G0p25_CG0p25_interval27_step27_cooldown_for_k6.5,27,27,True,6.5,0.0043,7.25,0.0049,2,,0.872186,,7
8,1,2,0.25,0.25,run8_bs2000_N1_M2_G0p25_CG0p25_interval27_step27_cooldown_for_k7.5,27,27,True,7.5,0.0043,8.0,0.0034,2,,0.872276,,7
8,1,2,0.25,0.25,run8_bs2000_N1_M2_G0p25_CG0p25_interval27_step27_cooldown_for_k6.75,27,27,True,6.75,0.0043,7.25,0.0049,2,,0.872358,,7
8,1,2,0.25,0.25,run8_bs2000_N1_M2_G0p25_CG0p25_interval27_step27_cooldown_for_k7.25,27,27,True,7.25,0.0043,7.5,0.0043,2,,0.87239,,7
8,1,2,0.25,0.25,run8_bs2000_N1_M2_G0p25_CG0p25_interval27_step27,27,27,False,,0.0056,7.0,0.0056,1,2,0.874328,0.872039,7
8,1,2,0.25,0.25,run8_bs2000_N1_M2_G0p25_CG0p25_interval28_step28_cooldown_for_k6,28,28,True,6.0,0.0034,8.0,0.0034,2,,0.872718,,7
8,1,2,0.25,0.25,run8_bs2000_N1_M2_G0p25_CG0p25_interval28_step28_cooldown_for_k7,28,28,True,7.0,0.0034,7.25,0.0049,2,,0.87186,,7
8,1,2,0.25,0.25,run8_bs2000_N1_M2_G0p25_CG0p25_interval28_step28_cooldown_for_k8,28,28,True,8.0,0.0034,8.0,0.0034,2,,0.871832,,7
8,1,2,0.25,0.25,run8_bs2000_N1_M2_G0p25_CG0p25_interval28_step28_cooldown_for_k9,28,28,True,9.0,0.0034,7.0,0.0056,2,,0.87187,,8
8,1,2,0.25,0.25,run8_bs2000_N1_M2_G0p25_CG0p25_interval28_step28_cooldown_for_k7.5,28,28,True,7.5,0.0034,7.75,0.0038,2,,0.871956,,7
8,1,2,0.25,0.25,run8_bs2000_N1_M2_G0p25_CG0p25_interval28_step28_cooldown_for_k8.5,28,28,True,8.5,0.0034,8.0,0.0034,2,,0.871935,,7
8,1,2,0.25,0.25,run8_bs2000_N1_M2_G0p25_CG0p25_interval28_step28_cooldown_for_k7.75,28,28,True,7.75,0.0034,8.0,0.0034,2,,0.872036,,7
8,1,2,0.25,0.25,run8_bs2000_N1_M2_G0p25_CG0p25_interval28_step28_cooldown_for_k8.25,28,28,True,8.25,0.0034,8.0,0.0034,2,,0.871946,,7
8,1,2,0.25,0.25,run8_bs2000_N1_M2_G0p25_CG0p25_interval28_step28,28,28,False,,0.0056,8.0,0.0034,1,2,0.873325,0.871832,8
8,1,2,0.25,0.25,run8_bs2000_N1_M2_G0p25_CG0p25_interval29_step29_cooldown_for_k7,29,29,True,7.0,0.0034,7.75,0.0038,2,,0.871334,,7
8,1,2,0.25,0.25,run8_bs2000_N1_M2_G0p25_CG0p25_interval29_step29_cooldown_for_k8,29,29,True,8.0,0.0034,8.5,0.0026,2,,0.871587,,8
8,1,2,0.25,0.25,run8_bs2000_N1_M2_G0p25_CG0p25_interval29_step29_cooldown_for_k9,29,29,True,9.0,0.0034,9.0,0.002,2,,0.871686,,8
8,1,2,0.25,0.25,run8_bs2000_N1_M2_G0p25_CG0p25_interval29_step29_cooldown_for_k6,29,29,True,6.0,0.0034,8.0,0.0034,2,,0.872421,,7
8,1,2,0.25,0.25,run8_bs2000_N1_M2_G0p25_CG0p25_interval29_step29_cooldown_for_k6.5,29,29,True,6.5,0.0034,6.75,0.0064,2,,0.872017,,8
8,1,2,0.25,0.25,run8_bs2000_N1_M2_G0p25_CG0p25_interval29_step29_cooldown_for_k7.5,29,29,True,7.5,0.0034,7.75,0.0038,2,,0.871689,,7
8,1,2,0.25,0.25,run8_bs2000_N1_M2_G0p25_CG0p25_interval29_step29_cooldown_for_k6.75,29,29,True,6.75,0.0034,7.25,0.0049,2,,0.871954,,8
8,1,2,0.25,0.25,run8_bs2000_N1_M2_G0p25_CG0p25_interval29_step29_cooldown_for_k7.25,29,29,True,7.25,0.0034,7.75,0.0038,2,,0.871746,,7
8,1,2,0.25,0.25,run8_bs2000_N1_M2_G0p25_CG0p25_interval29_step29,29,29,False,,0.0034,7.0,0.0056,1,2,0.873544,0.871334,8
8,1,2,0.25,0.25,run8_bs2000_N1_M2_G0p25_CG0p25_interval30_step30_cooldown_for_k6,30,30,True,6.0,0.0038,8.75,0.0023,2,,0.872173,,8
8,1,2,0.25,0.25,run8_bs2000_N1_M2_G0p25_CG0p25_interval30_step30_cooldown_for_k7,30,30,True,7.0,0.0038,7.75,0.0038,2,,0.87104,,7
8,1,2,0.25,0.25,run8_bs2000_N1_M2_G0p25_CG0p25_interval30_step30_cooldown_for_k8,30,30,True,8.0,0.0038,8.75,0.0023,2,,0.871221,,8
8,1,2,0.25,0.25,run8_bs2000_N1_M2_G0p25_CG0p25_interval30_step30_cooldown_for_k6.5,30,30,True,6.5,0.0038,8.75,0.0023,2,,0.872082,,8
8,1,2,0.25,0.25,run8_bs2000_N1_M2_G0p25_CG0p25_interval30_step30_cooldown_for_k7.5,30,30,True,7.5,0.0038,8.25,0.003,2,,0.87124,,7
8,1,2,0.25,0.25,run8_bs2000_N1_M2_G0p25_CG0p25_interval30_step30_cooldown_for_k6.75,30,30,True,6.75,0.0038,8.75,0.0023,2,,0.872073,,8
8,1,2,0.25,0.25,run8_bs2000_N1_M2_G0p25_CG0p25_interval30_step30_cooldown_for_k7.25,30,30,True,7.25,0.0038,7.75,0.0038,2,,0.8713,,7
8,1,2,0.25,0.25,run8_bs2000_N1_M2_G0p25_CG0p25_interval30_step30,30,30,False,,0.0056,7.0,0.0056,1,2,0.87327,0.87104,7
8,1,2,0.25,0.25,run8_bs2000_N1_M2_G0p25_CG0p25_interval31_step31_cooldown_for_k6,31,31,True,6.0,0.0038,8.75,0.0023,2,,0.871677,,8
8,1,2,0.25,0.25,run8_bs2000_N1_M2_G0p25_CG0p25_interval31_step31_cooldown_for_k7,31,31,True,7.0,0.0038,7.75,0.0038,2,,0.870951,,7
8,1,2,0.25,0.25,run8_bs2000_N1_M2_G0p25_CG0p25_interval31_step31_cooldown_for_k8,31,31,True,8.0,0.0038,8.75,0.0023,2,,0.871011,,8
8,1,2,0.25,0.25,run8_bs2000_N1_M2_G0p25_CG0p25_interval31_step31_cooldown_for_k6.5,31,31,True,6.5,0.0038,8.75,0.0023,2,,0.871705,,8
8,1,2,0.25,0.25,run8_bs2000_N1_M2_G0p25_CG0p25_interval31_step31_cooldown_for_k7.5,31,31,True,7.5,0.0038,8.25,0.003,2,,0.871065,,7
8,1,2,0.25,0.25,run8_bs2000_N1_M2_G0p25_CG0p25_interval31_step31_cooldown_for_k6.75,31,31,True,6.75,0.0038,8.75,0.0023,2,,0.871745,,8
8,1,2,0.25,0.25,run8_bs2000_N1_M2_G0p25_CG0p25_interval31_step31_cooldown_for_k7.25,31,31,True,7.25,0.0038,7.5,0.0043,2,,0.871258,,7
8,1,2,0.25,0.25,run8_bs2000_N1_M2_G0p25_CG0p25_interval31_step31,31,31,False,,0.0056,7.0,0.0056,1,2,0.87315,0.870951,7
8,1,2,0.25,0.25,run8_bs2000_N1_M2_G0p25_CG0p25_interval32_step32_cooldown_for_k6,32,32,True,6.0,0.0038,8.75,0.0023,2,,0.87171,,8
8,1,2,0.25,0.25,run8_bs2000_N1_M2_G0p25_CG0p25_interval32_step32_cooldown_for_k7,32,32,True,7.0,0.0038,7.75,0.0038,2,,0.870672,,7
8,1,2,0.25,0.25,run8_bs2000_N1_M2_G0p25_CG0p25_interval32_step32_cooldown_for_k8,32,32,True,8.0,0.0038,8.75,0.0023,2,,0.870791,,8
8,1,2,0.25,0.25,run8_bs2000_N1_M2_G0p25_CG0p25_interval32_step32_cooldown_for_k6.5,32,32,True,6.5,0.0038,8.75,0.0023,2,,0.871593,,8
8,1,2,0.25,0.25,run8_bs2000_N1_M2_G0p25_CG0p25_interval32_step32_cooldown_for_k7.5,32,32,True,7.5,0.0038,8.25,0.003,2,,0.870835,,7
8,1,2,0.25,0.25,run8_bs2000_N1_M2_G0p25_CG0p25_interval32_step32_cooldown_for_k6.75,32,32,True,6.75,0.0038,8.75,0.0023,2,,0.871593,,8
8,1,2,0.25,0.25,run8_bs2000_N1_M2_G0p25_CG0p25_interval32_step32_cooldown_for_k7.25,32,32,True,7.25,0.0038,7.75,0.0038,2,,0.871023,,7
8,1,2,0.25,0.25,run8_bs2000_N1_M2_G0p25_CG0p25_interval32_step32,32,32,False,,0.0056,7.0,0.0056,1,2,0.872886,0.870672,7
8,1,2,0.25,0.25,run8_bs2000_N1_M2_G0p25_CG0p25_interval33_step33_cooldown_for_k6,33,33,True,6.0,0.0038,8.75,0.0023,2,,0.871288,,8
8,1,2,0.25,0.25,run8_bs2000_N1_M2_G0p25_CG0p25_interval33_step33_cooldown_for_k7,33,33,True,7.0,0.0038,7.75,0.0038,2,,0.870613,,7
8,1,2,0.25,0.25,run8_bs2000_N1_M2_G0p25_CG0p25_interval33_step33_cooldown_for_k8,33,33,True,8.0,0.0038,8.75,0.0023,2,,0.870625,,8
8,1,2,0.25,0.25,run8_bs2000_N1_M2_G0p25_CG0p25_interval33_step33_cooldown_for_k6.5,33,33,True,6.5,0.0038,8.75,0.0023,2,,0.871279,,8
8,1,2,0.25,0.25,run8_bs2000_N1_M2_G0p25_CG0p25_interval33_step33_cooldown_for_k7.5,33,33,True,7.5,0.0038,8.25,0.003,2,,0.870686,,7
8,1,2,0.25,0.25,run8_bs2000_N1_M2_G0p25_CG0p25_interval33_step33_cooldown_for_k6.75,33,33,True,6.75,0.0038,8.75,0.0023,2,,0.871319,,8
8,1,2,0.25,0.25,run8_bs2000_N1_M2_G0p25_CG0p25_interval33_step33_cooldown_for_k7.25,33,33,True,7.25,0.0038,8.0,0.0034,2,,0.870914,,7
8,1,2,0.25,0.25,run8_bs2000_N1_M2_G0p25_CG0p25_interval33_step33,33,33,False,,0.0056,7.0,0.0056,1,2,0.872696,0.870613,7
8,1,2,0.25,0.25,run8_bs2000_N1_M2_G0p25_CG0p25_interval34_step34_cooldown_for_k6,34,34,True,6.0,0.0038,8.75,0.0023,2,,0.871317,,8
8,1,2,0.25,0.25,run8_bs2000_N1_M2_G0p25_CG0p25_interval34_step34_cooldown_for_k7,34,34,True,7.0,0.0038,7.75,0.0038,2,,0.870369,,7
8,1,2,0.25,0.25,run8_bs2000_N1_M2_G0p25_CG0p25_interval34_step34_cooldown_for_k8,34,34,True,8.0,0.0038,8.75,0.0023,2,,0.870441,,8
8,1,2,0.25,0.25,run8_bs2000_N1_M2_G0p25_CG0p25_interval34_step34_cooldown_for_k6.5,34,34,True,6.5,0.0038,8.75,0.0023,2,,0.871181,,8
8,1,2,0.25,0.25,run8_bs2000_N1_M2_G0p25_CG0p25_interval34_step34_cooldown_for_k7.5,34,34,True,7.5,0.0038,8.25,0.003,2,,0.870477,,7
8,1,2,0.25,0.25,run8_bs2000_N1_M2_G0p25_CG0p25_interval34_step34_cooldown_for_k6.75,34,34,True,6.75,0.0038,8.75,0.0023,2,,0.871182,,8
8,1,2,0.25,0.25,run8_bs2000_N1_M2_G0p25_CG0p25_interval34_step34_cooldown_for_k7.25,34,34,True,7.25,0.0038,7.75,0.0038,2,,0.870695,,7
8,1,2,0.25,0.25,run8_bs2000_N1_M2_G0p25_CG0p25_interval34_step34,34,34,False,,0.0056,7.0,0.0056,1,2,0.872502,0.870369,7
8,1,2,0.25,0.25,run8_bs2000_N1_M2_G0p25_CG0p25_interval35_step35_cooldown_for_k6,35,35,True,6.0,0.0038,8.75,0.0023,2,,0.87094,,8
8,1,2,0.25,0.25,run8_bs2000_N1_M2_G0p25_CG0p25_interval35_step35_cooldown_for_k7,35,35,True,7.0,0.0038,8.0,0.0034,2,,0.87033,,7
8,1,2,0.25,0.25,run8_bs2000_N1_M2_G0p25_CG0p25_interval35_step35_cooldown_for_k8,35,35,True,8.0,0.0038,8.75,0.0023,2,,0.870298,,8
8,1,2,0.25,0.25,run8_bs2000_N1_M2_G0p25_CG0p25_interval35_step35_cooldown_for_k9,35,35,True,9.0,0.0038,9.25,0.0018,2,,0.870306,,8
8,1,2,0.25,0.25,run8_bs2000_N1_M2_G0p25_CG0p25_interval35_step35_cooldown_for_k7.5,35,35,True,7.5,0.0038,8.25,0.003,2,,0.870352,,7
8,1,2,0.25,0.25,run8_bs2000_N1_M2_G0p25_CG0p25_interval35_step35_cooldown_for_k8.5,35,35,True,8.5,0.0038,8.75,0.0023,2,,0.87036,,8
8,1,2,0.25,0.25,run8_bs2000_N1_M2_G0p25_CG0p25_interval35_step35_cooldown_for_k7.75,35,35,True,7.75,0.0038,8.25,0.003,2,,0.870437,,7
8,1,2,0.25,0.25,run8_bs2000_N1_M2_G0p25_CG0p25_interval35_step35_cooldown_for_k8.25,35,35,True,8.25,0.0038,8.75,0.0023,2,,0.87047,,8
8,1,2,0.25,0.25,run8_bs2000_N1_M2_G0p25_CG0p25_interval35_step35,35,35,False,,0.0056,8.0,0.0034,1,2,0.871221,0.870298,8
8,1,2,0.25,0.25,run8_bs2000_N1_M2_G0p25_CG0p25_interval36_step36_cooldown_for_k7,36,36,True,7.0,0.0023,9.75,0.0014,2,,0.870503,,8
8,1,2,0.25,0.25,run8_bs2000_N1_M2_G0p25_CG0p25_interval36_step36_cooldown_for_k8,36,36,True,8.0,0.0023,8.5,0.0026,2,,0.870082,,7
8,1,2,0.25,0.25,run8_bs2000_N1_M2_G0p25_CG0p25_interval36_step36_cooldown_for_k9,36,36,True,9.0,0.0023,9.25,0.0018,2,,0.870164,,7
8,1,2,0.25,0.25,run8_bs2000_N1_M2_G0p25_CG0p25_interval36_step36_cooldown_for_k7.5,36,36,True,7.5,0.0023,8.0,0.0034,2,,0.870284,,8
8,1,2,0.25,0.25,run8_bs2000_N1_M2_G0p25_CG0p25_interval36_step36_cooldown_for_k8.5,36,36,True,8.5,0.0023,8.75,0.0023,2,,0.870203,,7
8,1,2,0.25,0.25,run8_bs2000_N1_M2_G0p25_CG0p25_interval36_step36_cooldown_for_k7.75,36,36,True,7.75,0.0023,8.0,0.0034,2,,0.870224,,8
8,1,2,0.25,0.25,run8_bs2000_N1_M2_G0p25_CG0p25_interval36_step36_cooldown_for_k8.25,36,36,True,8.25,0.0023,8.5,0.0026,2,,0.870258,,7
8,1,2,0.25,0.25,run8_bs2000_N1_M2_G0p25_CG0p25_interval36_step36,36,36,False,,0.0034,8.0,0.0034,1,2,0.871259,0.870082,7
8,1,2,0.25,0.25,run8_bs2000_N1_M2_G0p25_CG0p25_interval37_step37_cooldown_for_k7,37,37,True,7.0,0.0026,9.5,0.0016,2,,0.870299,,8
8,1,2,0.25,0.25,run8_bs2000_N1_M2_G0p25_CG0p25_interval37_step37_cooldown_for_k8,37,37,True,8.0,0.0026,9.0,0.002,2,,0.869947,,7
8,1,2,0.25,0.25,run8_bs2000_N1_M2_G0p25_CG0p25_interval37_step37_cooldown_for_k9,37,37,True,9.0,0.0026,7.5,0.0043,2,,0.869933,,8
8,1,2,0.25,0.25,run8_bs2000_N1_M2_G0p25_CG0p25_interval37_step37_cooldown_for_k10,37,37,True,10.0,0.0026,7.5,0.0043,2,,0.87005,,8
8,1,2,0.25,0.25,run8_bs2000_N1_M2_G0p25_CG0p25_interval37_step37_cooldown_for_k8.5,37,37,True,8.5,0.0026,9.0,0.002,2,,0.870074,,8
8,1,2,0.25,0.25,run8_bs2000_N1_M2_G0p25_CG0p25_interval37_step37_cooldown_for_k9.5,37,37,True,9.5,0.0026,7.5,0.0043,2,,0.870041,,8
8,1,2,0.25,0.25,run8_bs2000_N1_M2_G0p25_CG0p25_interval37_step37_cooldown_for_k8.75,37,37,True,8.75,0.0026,9.0,0.002,2,,0.870116,,8
8,1,2,0.25,0.25,run8_bs2000_N1_M2_G0p25_CG0p25_interval37_step37_cooldown_for_k9.25,37,37,True,9.25,0.0026,9.5,0.0016,2,,0.870097,,8
8,1,2,0.25,0.25,run8_bs2000_N1_M2_G0p25_CG0p25_interval37_step37,37,37,False,,0.0034,9.0,0.002,1,2,0.870552,0.869933,8
8,1,2,0.25,0.25,run8_bs2000_N1_M2_G0p25_CG0p25_interval38_step38_cooldown_for_k8,38,38,True,8.0,0.0043,9.25,0.0018,2,,0.869687,,9
8,1,2,0.25,0.25,run8_bs2000_N1_M2_G0p25_CG0p25_interval38_step38_cooldown_for_k9,38,38,True,9.0,0.0043,9.5,0.0016,2,,0.869815,,9
8,1,2,0.25,0.25,run8_bs2000_N1_M2_G0p25_CG0p25_interval38_step38_cooldown_for_k10,38,38,True,10.0,0.0043,9.5,0.0016,2,,0.869878,,9
8,1,2,0.25,0.25,run8_bs2000_N1_M2_G0p25_CG0p25_interval38_step38_cooldown_for_k7,38,38,True,7.0,0.0043,7.25,0.0049,2,,0.87018,,7
8,1,2,0.25,0.25,run8_bs2000_N1_M2_G0p25_CG0p25_interval38_step38_cooldown_for_k7.5,38,38,True,7.5,0.0043,8.0,0.0034,2,,0.869871,,7
8,1,2,0.25,0.25,run8_bs2000_N1_M2_G0p25_CG0p25_interval38_step38_cooldown_for_k8.5,38,38,True,8.5,0.0043,8.75,0.0023,2,,0.869863,,8
8,1,2,0.25,0.25,run8_bs2000_N1_M2_G0p25_CG0p25_interval38_step38_cooldown_for_k7.75,38,38,True,7.75,0.0043,9.5,0.0016,2,,0.870329,,9
8,1,2,0.25,0.25,run8_bs2000_N1_M2_G0p25_CG0p25_interval38_step38_cooldown_for_k8.25,38,38,True,8.25,0.0043,8.25,0.003,2,,0.869928,,8
8,1,2,0.25,0.25,run8_bs2000_N1_M2_G0p25_CG0p25_interval38_step38,38,38,False,,0.002,8.0,0.0034,1,2,0.870263,0.869687,8
8,1,2,0.25,0.25,run8_bs2000_N1_M2_G0p25_CG0p25_interval39_step39_cooldown_for_k7,39,39,True,7.0,0.0018,9.25,0.0018,2,,0.86981,,7
8,1,2,0.25,0.25,run8_bs2000_N1_M2_G0p25_CG0p25_interval39_step39_cooldown_for_k8,39,39,True,8.0,0.0018,8.5,0.0026,2,,0.869534,,7
8,1,2,0.25,0.25,run8_bs2000_N1_M2_G0p25_CG0p25_interval39_step39_cooldown_for_k9,39,39,True,9.0,0.0018,9.25,0.0018,2,,0.869589,,7
8,1,2,0.25,0.25,run8_bs2000_N1_M2_G0p25_CG0p25_interval39_step39_cooldown_for_k7.5,39,39,True,7.5,0.0018,8.0,0.0034,2,,0.869612,,8
8,1,2,0.25,0.25,run8_bs2000_N1_M2_G0p25_CG0p25_interval39_step39_cooldown_for_k8.5,39,39,True,8.5,0.0018,9.25,0.0018,2,,0.869574,,7
8,1,2,0.25,0.25,run8_bs2000_N1_M2_G0p25_CG0p25_interval39_step39_cooldown_for_k7.75,39,39,True,7.75,0.0018,8.0,0.0034,2,,0.869656,,8
8,1,2,0.25,0.25,run8_bs2000_N1_M2_G0p25_CG0p25_interval39_step39_cooldown_for_k8.25,39,39,True,8.25,0.0018,8.5,0.0026,2,,0.869601,,7
8,1,2,0.25,0.25,run8_bs2000_N1_M2_G0p25_CG0p25_interval39_step39,39,39,False,,0.0034,8.0,0.0034,1,2,0.870405,0.869534,7
8,1,2,0.25,0.25,run8_bs2000_N1_M2_G0p25_CG0p25_interval40_step40_cooldown_for_k7,40,40,True,7.0,0.0026,7.25,0.0049,2,,0.869733,,8
8,1,2,0.25,0.25,run8_bs2000_N1_M2_G0p25_CG0p25_interval40_step40_cooldown_for_k8,40,40,True,8.0,0.0026,8.5,0.0026,2,,0.869378,,7
8,1,2,0.25,0.25,run8_bs2000_N1_M2_G0p25_CG0p25_interval40_step40_cooldown_for_k9,40,40,True,9.0,0.0026,9.5,0.0016,2,,0.869447,,8
8,1,2,0.25,0.25,run8_bs2000_N1_M2_G0p25_CG0p25_interval40_step40_cooldown_for_k7.5,40,40,True,7.5,0.0026,9.5,0.0016,2,,0.869838,,8
8,1,2,0.25,0.25,run8_bs2000_N1_M2_G0p25_CG0p25_interval40_step40_cooldown_for_k8.5,40,40,True,8.5,0.0026,9.0,0.002,2,,0.86946,,7
8,1,2,0.25,0.25,run8_bs2000_N1_M2_G0p25_CG0p25_interval40_step40_cooldown_for_k7.75,40,40,True,7.75,0.0026,9.5,0.0016,2,,0.869842,,8
8,1,2,0.25,0.25,run8_bs2000_N1_M2_G0p25_CG0p25_interval40_step40_cooldown_for_k8.25,40,40,True,8.25,0.0026,8.5,0.0026,2,,0.869504,,7
8,1,2,0.25,0.25,run8_bs2000_N1_M2_G0p25_CG0p25_interval40_step40,40,40,False,,0.0034,8.0,0.0034,1,2,0.870337,0.869378,7
8,1,2,0.25,0.25,run8_bs2000_N1_M2_G0p25_CG0p25_interval41_step41_cooldown_for_k7,41,41,True,7.0,0.0026,9.5,0.0016,2,,0.869658,,8
8,1,2,0.25,0.25,run8_bs2000_N1_M2_G0p25_CG0p25_interval41_step41_cooldown_for_k8,41,41,True,8.0,0.0026,8.75,0.0023,2,,0.869291,,7
8,1,2,0.25,0.25,run8_bs2000_N1_M2_G0p25_CG0p25_interval41_step41_cooldown_for_k9,41,41,True,9.0,0.0026,9.5,0.0016,2,,0.86936,,8
8,1,2,0.25,0.25,run8_bs2000_N1_M2_G0p25_CG0p25_interval41_step41_cooldown_for_k7.5,41,41,True,7.5,0.0026,9.5,0.0016,2,,0.869725,,8
8,1,2,0.25,0.25,run8_bs2000_N1_M2_G0p25_CG0p25_interval41_step41_cooldown_for_k8.5,41,41,True,8.5,0.0026,9.0,0.002,2,,0.869367,,7
8,1,2,0.25,0.25,run8_bs2000_N1_M2_G0p25_CG0p25_interval41_step41_cooldown_for_k7.75,41,41,True,7.75,0.0026,8.25,0.003,2,,0.86939,,7
8,1,2,0.25,0.25,run8_bs2000_N1_M2_G0p25_CG0p25_interval41_step41_cooldown_for_k8.25,41,41,True,8.25,0.0026,8.75,0.0023,2,,0.869396,,7
8,1,2,0.25,0.25,run8_bs2000_N1_M2_G0p25_CG0p25_interval41_step41,41,41,False,,0.0034,8.0,0.0034,1,2,0.870176,0.869291,7
8,1,2,0.25,0.25,run8_bs2000_N1_M2_G0p25_CG0p25_interval42_step42_cooldown_for_k7,42,42,True,7.0,0.0023,9.75,0.0014,2,,0.869645,,8
8,1,2,0.25,0.25,run8_bs2000_N1_M2_G0p25_CG0p25_interval42_step42_cooldown_for_k8,42,42,True,8.0,0.0023,8.5,0.0026,2,,0.869217,,7
8,1,2,0.25,0.25,run8_bs2000_N1_M2_G0p25_CG0p25_interval42_step42_cooldown_for_k9,42,42,True,9.0,0.0023,9.75,0.0014,2,,0.869251,,8
8,1,2,0.25,0.25,run8_bs2000_N1_M2_G0p25_CG0p25_interval42_step42_cooldown_for_k7.5,42,42,True,7.5,0.0023,8.0,0.0034,2,,0.86931,,8
8,1,2,0.25,0.25,run8_bs2000_N1_M2_G0p25_CG0p25_interval42_step42_cooldown_for_k8.5,42,42,True,8.5,0.0023,8.75,0.0023,2,,0.869255,,7
8,1,2,0.25,0.25,run8_bs2000_N1_M2_G0p25_CG0p25_interval42_step42_cooldown_for_k7.75,42,42,True,7.75,0.0023,9.75,0.0014,2,,0.86961,,8
8,1,2,0.25,0.25,run8_bs2000_N1_M2_G0p25_CG0p25_interval42_step42_cooldown_for_k8.25,42,42,True,8.25,0.0023,8.5,0.0026,2,,0.869328,,7
8,1,2,0.25,0.25,run8_bs2000_N1_M2_G0p25_CG0p25_interval42_step42,42,42,False,,0.0034,8.0,0.0034,1,2,0.870162,0.869217,7
8,1,2,0.25,0.25,run8_bs2000_N1_M2_G0p25_CG0p25_interval43_step43_cooldown_for_k7,43,43,True,7.0,0.0026,9.5,0.0016,2,,0.869488,,8
8,1,2,0.25,0.25,run8_bs2000_N1_M2_G0p25_CG0p25_interval43_step43_cooldown_for_k8,43,43,True,8.0,0.0026,8.75,0.0023,2,,0.869113,,7
8,1,2,0.25,0.25,run8_bs2000_N1_M2_G0p25_CG0p25_interval43_step43_cooldown_for_k9,43,43,True,9.0,0.0026,9.5,0.0016,2,,0.869178,,8
8,1,2,0.25,0.25,run8_bs2000_N1_M2_G0p25_CG0p25_interval43_step43_cooldown_for_k7.5,43,43,True,7.5,0.0026,9.5,0.0016,2,,0.869539,,8
8,1,2,0.25,0.25,run8_bs2000_N1_M2_G0p25_CG0p25_interval43_step43_cooldown_for_k8.5,43,43,True,8.5,0.0026,9.0,0.002,2,,0.869191,,7
8,1,2,0.25,0.25,run8_bs2000_N1_M2_G0p25_CG0p25_interval43_step43_cooldown_for_k7.75,43,43,True,7.75,0.0026,9.5,0.0016,2,,0.869564,,8
8,1,2,0.25,0.25,run8_bs2000_N1_M2_G0p25_CG0p25_interval43_step43_cooldown_for_k8.25,43,43,True,8.25,0.0026,8.75,0.0023,2,,0.869222,,7
8,1,2,0.25,0.25,run8_bs2000_N1_M2_G0p25_CG0p25_interval43_step43,43,43,False,,0.0034,8.0,0.0034,1,2,0.870013,0.869113,7
8,1,2,0.25,0.25,run8_bs2000_N1_M2_G0p25_CG0p25_interval44_step44_cooldown_for_k7,44,44,True,7.0,0.0023,9.75,0.0014,2,,0.869477,,8
8,1,2,0.25,0.25,run8_bs2000_N1_M2_G0p25_CG0p25_interval44_step44_cooldown_for_k8,44,44,True,8.0,0.0023,8.5,0.0026,2,,0.869061,,7
8,1,2,0.25,0.25,run8_bs2000_N1_M2_G0p25_CG0p25_interval44_step44_cooldown_for_k9,44,44,True,9.0,0.0023,9.75,0.0014,2,,0.869078,,8
8,1,2,0.25,0.25,run8_bs2000_N1_M2_G0p25_CG0p25_interval44_step44_cooldown_for_k7.5,44,44,True,7.5,0.0023,9.75,0.0014,2,,0.869437,,8
8,1,2,0.25,0.25,run8_bs2000_N1_M2_G0p25_CG0p25_interval44_step44_cooldown_for_k8.5,44,44,True,8.5,0.0023,8.75,0.0023,2,,0.8691,,7
8,1,2,0.25,0.25,run8_bs2000_N1_M2_G0p25_CG0p25_interval44_step44_cooldown_for_k7.75,44,44,True,7.75,0.0023,9.75,0.0014,2,,0.869435,,8
8,1,2,0.25,0.25,run8_bs2000_N1_M2_G0p25_CG0p25_interval44_step44_cooldown_for_k8.25,44,44,True,8.25,0.0023,8.5,0.0026,2,,0.869167,,7
8,1,2,0.25,0.25,run8_bs2000_N1_M2_G0p25_CG0p25_interval44_step44,44,44,False,,0.0034,8.0,0.0034,1,2,0.869981,0.869061,7
8,1,2,0.25,0.25,run8_bs2000_N1_M2_G0p25_CG0p25_interval45_step45_cooldown_for_k7,45,45,True,7.0,0.0026,9.5,0.0016,2,,0.869331,,8
8,1,2,0.25,0.25,run8_bs2000_N1_M2_G0p25_CG0p25_interval45_step45_cooldown_for_k8,45,45,True,8.0,0.0026,8.75,0.0023,2,,0.868956,,7
8,1,2,0.25,0.25,run8_bs2000_N1_M2_G0p25_CG0p25_interval45_step45_cooldown_for_k9,45,45,True,9.0,0.0026,9.5,0.0016,2,,0.869022,,8
8,1,2,0.25,0.25,run8_bs2000_N1_M2_G0p25_CG0p25_interval45_step45_cooldown_for_k7.5,45,45,True,7.5,0.0026,9.5,0.0016,2,,0.869372,,8
8,1,2,0.25,0.25,run8_bs2000_N1_M2_G0p25_CG0p25_interval45_step45_cooldown_for_k8.5,45,45,True,8.5,0.0026,9.0,0.002,2,,0.869038,,7
8,1,2,0.25,0.25,run8_bs2000_N1_M2_G0p25_CG0p25_interval45_step45_cooldown_for_k7.75,45,45,True,7.75,0.0026,9.5,0.0016,2,,0.869395,,8
8,1,2,0.25,0.25,run8_bs2000_N1_M2_G0p25_CG0p25_interval45_step45_cooldown_for_k8.25,45,45,True,8.25,0.0026,8.75,0.0023,2,,0.869066,,7
8,1,2,0.25,0.25,run8_bs2000_N1_M2_G0p25_CG0p25_interval45_step45,45,45,False,,0.0034,8.0,0.0034,1,2,0.869846,0.868956,7
8,1,2,0.25,0.25,run8_bs2000_N1_M2_G0p25_CG0p25_interval46_step46_cooldown_for_k7,46,46,True,7.0,0.0023,9.75,0.0014,2,,0.869322,,8
8,1,2,0.25,0.25,run8_bs2000_N1_M2_G0p25_CG0p25_interval46_step46_cooldown_for_k8,46,46,True,8.0,0.0023,8.5,0.0026,2,,0.868924,,7
8,1,2,0.25,0.25,run8_bs2000_N1_M2_G0p25_CG0p25_interval46_step46_cooldown_for_k9,46,46,True,9.0,0.0023,9.75,0.0014,2,,0.868925,,8
8,1,2,0.25,0.25,run8_bs2000_N1_M2_G0p25_CG0p25_interval46_step46_cooldown_for_k7.5,46,46,True,7.5,0.0023,9.75,0.0014,2,,0.869277,,8
8,1,2,0.25,0.25,run8_bs2000_N1_M2_G0p25_CG0p25_interval46_step46_cooldown_for_k8.5,46,46,True,8.5,0.0023,8.75,0.0023,2,,0.868956,,7
8,1,2,0.25,0.25,run8_bs2000_N1_M2_G0p25_CG0p25_interval46_step46_cooldown_for_k7.75,46,46,True,7.75,0.0023,9.75,0.0014,2,,0.869275,,8
8,1,2,0.25,0.25,run8_bs2000_N1_M2_G0p25_CG0p25_interval46_step46_cooldown_for_k8.25,46,46,True,8.25,0.0023,8.5,0.0026,2,,0.869022,,7
8,1,2,0.25,0.25,run8_bs2000_N1_M2_G0p25_CG0p25_interval46_step46,46,46,False,,0.0034,8.0,0.0034,1,2,0.869811,0.868924,7
8,1,2,0.25,0.25,run8_bs2000_N1_M2_G0p25_CG0p25_interval47_step47_cooldown_for_k7,47,47,True,7.0,0.0026,9.5,0.0016,2,,0.869186,,8
8,1,2,0.25,0.25,run8_bs2000_N1_M2_G0p25_CG0p25_interval47_step47_cooldown_for_k8,47,47,True,8.0,0.0026,8.75,0.0023,2,,0.86882,,7
8,1,2,0.25,0.25,run8_bs2000_N1_M2_G0p25_CG0p25_interval47_step47_cooldown_for_k9,47,47,True,9.0,0.0026,9.5,0.0016,2,,0.868884,,8
8,1,2,0.25,0.25,run8_bs2000_N1_M2_G0p25_CG0p25_interval47_step47_cooldown_for_k7.5,47,47,True,7.5,0.0026,9.5,0.0016,2,,0.86922,,8
8,1,2,0.25,0.25,run8_bs2000_N1_M2_G0p25_CG0p25_interval47_step47_cooldown_for_k8.5,47,47,True,8.5,0.0026,9.0,0.002,2,,0.868909,,8
8,1,2,0.25,0.25,run8_bs2000_N1_M2_G0p25_CG0p25_interval47_step47_cooldown_for_k7.75,47,47,True,7.75,0.0026,10.5,0.00094,2,,0.869238,,9
8,1,2,0.25,0.25,run8_bs2000_N1_M2_G0p25_CG0p25_interval47_step47_cooldown_for_k8.25,47,47,True,8.25,0.0026,8.75,0.0023,2,,0.868928,,7
8,1,2,0.25,0.25,run8_bs2000_N1_M2_G0p25_CG0p25_interval47_step47,47,47,False,,0.0034,8.0,0.0034,1,2,0.869691,0.86882,7
8,1,2,0.25,0.25,run8_bs2000_N1_M2_G0p25_CG0p25_interval48_step48,48,48,False,,0.0034,10.0,0.0012,1,0,0.869117,0.869117,9
8,1,2,0.25,0.25,run8_bs2000_N1_M2_G0p25_CG0p25_interval49_step49,49,49,False,,0.0012,15.0,9.4e-05,1,0,0.86897,0.86897,12
9,2,0,1.0,1.0,run9_bs2000_N2_M0_G1_CG1_interval0_step0,0,0,False,,0.2,0.0,0.2,2,0,2.203367,2.203367,3
9,2,0,1.0,1.0,run9_bs2000_N2_M0_G1_CG1_interval1_step2,1,2,False,,0.2,2.0,0.072,2,0,1.638119,1.638119,5
9,2,0,1.0,1.0,run9_bs2000_N2_M0_G1_CG1_interval2_step4,2,4,False,,0.072,2.0,0.072,2,0,1.273889,1.273889,3
9,2,0,1.0,1.0,run9_bs2000_N2_M0_G1_CG1_interval3_step6,3,6,False,,0.072,3.0,0.043,2,0,1.031909,1.031909,4
9,2,0,1.0,1.0,run9_bs2000_N2_M0_G1_CG1_interval4_step8,4,8,False,,0.043,4.0,0.026,2,0,0.928899,0.928899,4
9,2,0,1.0,1.0,run9_bs2000_N2_M0_G1_CG1_interval5_step10,5,10,False,,0.026,6.0,0.0093,2,0,0.898021,0.898021,5
9,2,0,1.0,1.0,run9_bs2000_N2_M0_G1_CG1_interval6_step12,6,12,False,,0.0093,6.0,0.0093,2,0,0.886245,0.886245,3
9,2,0,1.0,1.0,run9_bs2000_N2_M0_G1_CG1_interval7_step14,7,14,False,,0.0093,7.0,0.0056,2,0,0.880277,0.880277,4
9,2,0,1.0,1.0,run9_bs2000_N2_M0_G1_CG1_interval8_step16,8,16,False,,0.0056,8.0,0.0034,2,0,0.876864,0.876864,4
9,2,0,1.0,1.0,run9_bs2000_N2_M0_G1_CG1_interval9_step18,9,18,False,,0.0034,8.0,0.0034,2,0,0.875067,0.875067,3
9,2,0,1.0,1.0,run9_bs2000_N2_M0_G1_CG1_interval10_step20,10,20,False,,0.0034,9.0,0.002,2,0,0.873357,0.873357,4
9,2,0,1.0,1.0,run9_bs2000_N2_M0_G1_CG1_interval11_step22,11,22,False,,0.002,9.0,0.002,2,0,0.87228,0.87228,3
9,2,0,1.0,1.0,run9_bs2000_N2_M0_G1_CG1_interval12_step24,12,24,False,,0.002,9.0,0.002,2,0,0.871445,0.871445,3
9,2,0,1.0,1.0,run9_bs2000_N2_M0_G1_CG1_interval13_step26,13,26,False,,0.002,9.0,0.002,2,0,0.870832,0.870832,3
9,2,0,1.0,1.0,run9_bs2000_N2_M0_G1_CG1_interval14_step28,14,28,False,,0.002,10.0,0.0012,2,0,0.870214,0.870214,4
9,2,0,1.0,1.0,run9_bs2000_N2_M0_G1_CG1_interval15_step30,15,30,False,,0.0012,10.0,0.0012,2,0,0.869812,0.869812,3
9,2,0,1.0,1.0,run9_bs2000_N2_M0_G1_CG1_interval16_step32,16,32,False,,0.0012,10.0,0.0012,2,0,0.869477,0.869477,3
9,2,0,1.0,1.0,run9_bs2000_N2_M0_G1_CG1_interval17_step34,17,34,False,,0.0012,10.0,0.0012,2,0,0.869194,0.869194,3
9,2,0,1.0,1.0,run9_bs2000_N2_M0_G1_CG1_interval18_step36,18,36,False,,0.0012,11.0,0.00073,2,0,0.868932,0.868932,4
9,2,0,1.0,1.0,run9_bs2000_N2_M0_G1_CG1_interval19_step38,19,38,False,,0.00073,11.0,0.00073,2,0,0.86874,0.86874,3
9,2,0,1.0,1.0,run9_bs2000_N2_M0_G1_CG1_interval20_step40,20,40,False,,0.00073,10.0,0.0012,2,0,0.868567,0.868567,4
9,2,0,1.0,1.0,run9_bs2000_N2_M0_G1_CG1_interval21_step42,21,42,False,,0.0012,11.0,0.00073,2,0,0.868361,0.868361,4
9,2,0,1.0,1.0,run9_bs2000_N2_M0_G1_CG1_interval22_step44,22,44,False,,0.00073,11.0,0.00073,2,0,0.868225,0.868225,3
9,2,0,1.0,1.0,run9_bs2000_N2_M0_G1_CG1_interval23_step46,23,46,False,,0.00073,11.0,0.00073,2,0,0.868106,0.868106,3
9,2,0,1.0,1.0,run9_bs2000_N2_M0_G1_CG1_interval24_step48,24,48,False,,0.00073,11.0,0.00073,2,0,0.867993,0.867993,3
10,2,0,1.0,0.25,run10_bs2000_N2_M0_G1_CG0p25_interval0_step0,0,0,False,,0.2,0.0,0.2,2,0,2.203367,2.203367,3
10,2,0,1.0,0.25,run10_bs2000_N2_M0_G1_CG0p25_interval1_step2,1,2,False,,0.2,2.0,0.072,2,0,1.638119,1.638119,5
10,2,0,1.0,0.25,run10_bs2000_N2_M0_G1_CG0p25_interval2_step4,2,4,False,,0.072,2.0,0.072,2,0,1.273889,1.273889,3
10,2,0,1.0,0.25,run10_bs2000_N2_M0_G1_CG0p25_interval3_step6,3,6,False,,0.072,3.0,0.043,2,0,1.031909,1.031909,4
10,2,0,1.0,0.25,run10_bs2000_N2_M0_G1_CG0p25_interval4_step8,4,8,False,,0.043,4.0,0.026,2,0,0.928899,0.928899,4
10,2,0,1.0,0.25,run10_bs2000_N2_M0_G1_CG0p25_interval5_step10,5,10,False,,0.026,6.0,0.0093,2,0,0.898021,0.898021,5
10,2,0,1.0,0.25,run10_bs2000_N2_M0_G1_CG0p25_interval6_step12,6,12,False,,0.0093,6.0,0.0093,2,0,0.886245,0.886245,3
10,2,0,1.0,0.25,run10_bs2000_N2_M0_G1_CG0p25_interval7_step14,7,14,False,,0.0093,7.0,0.0056,2,0,0.880277,0.880277,4
10,2,0,1.0,0.25,run10_bs2000_N2_M0_G1_CG0p25_interval8_step16,8,16,False,,0.0056,8.0,0.0034,2,0,0.876864,0.876864,4
10,2,0,1.0,0.25,run10_bs2000_N2_M0_G1_CG0p25_interval9_step18,9,18,False,,0.0034,8.0,0.0034,2,0,0.875067,0.875067,3
10,2,0,1.0,0.25,run10_bs2000_N2_M0_G1_CG0p25_interval10_step20,10,20,False,,0.0034,9.0,0.002,2,0,0.873357,0.873357,4
10,2,0,1.0,0.25,run10_bs2000_N2_M0_G1_CG0p25_interval11_step22,11,22,False,,0.002,9.0,0.002,2,0,0.87228,0.87228,3
10,2,0,1.0,0.25,run10_bs2000_N2_M0_G1_CG0p25_interval12_step24,12,24,False,,0.002,9.0,0.002,2,0,0.871445,0.871445,3
10,2,0,1.0,0.25,run10_bs2000_N2_M0_G1_CG0p25_interval13_step26,13,26,False,,0.002,9.0,0.002,2,0,0.870832,0.870832,3
10,2,0,1.0,0.25,run10_bs2000_N2_M0_G1_CG0p25_interval14_step28,14,28,False,,0.002,10.0,0.0012,2,0,0.870214,0.870214,4
10,2,0,1.0,0.25,run10_bs2000_N2_M0_G1_CG0p25_interval15_step30,15,30,False,,0.0012,10.0,0.0012,2,0,0.869812,0.869812,3
10,2,0,1.0,0.25,run10_bs2000_N2_M0_G1_CG0p25_interval16_step32,16,32,False,,0.0012,10.0,0.0012,2,0,0.869477,0.869477,3
10,2,0,1.0,0.25,run10_bs2000_N2_M0_G1_CG0p25_interval17_step34,17,34,False,,0.0012,10.0,0.0012,2,0,0.869194,0.869194,3
10,2,0,1.0,0.25,run10_bs2000_N2_M0_G1_CG0p25_interval18_step36,18,36,False,,0.0012,11.0,0.00073,2,0,0.868932,0.868932,4
10,2,0,1.0,0.25,run10_bs2000_N2_M0_G1_CG0p25_interval19_step38,19,38,False,,0.00073,11.0,0.00073,2,0,0.86874,0.86874,3
10,2,0,1.0,0.25,run10_bs2000_N2_M0_G1_CG0p25_interval20_step40,20,40,False,,0.00073,10.0,0.0012,2,0,0.868567,0.868567,4
10,2,0,1.0,0.25,run10_bs2000_N2_M0_G1_CG0p25_interval21_step42,21,42,False,,0.0012,11.0,0.00073,2,0,0.868361,0.868361,4
10,2,0,1.0,0.25,run10_bs2000_N2_M0_G1_CG0p25_interval22_step44,22,44,False,,0.00073,11.0,0.00073,2,0,0.868225,0.868225,3
10,2,0,1.0,0.25,run10_bs2000_N2_M0_G1_CG0p25_interval23_step46,23,46,False,,0.00073,11.0,0.00073,2,0,0.868106,0.868106,3
10,2,0,1.0,0.25,run10_bs2000_N2_M0_G1_CG0p25_interval24_step48,24,48,False,,0.00073,11.0,0.00073,2,0,0.867993,0.867993,3
11,2,0,0.25,0.25,run11_bs2000_N2_M0_G0p25_CG0p25_interval0_step0,0,0,False,,0.2,0.25,0.18,2,0,2.20053,2.20053,7
11,2,0,0.25,0.25,run11_bs2000_N2_M0_G0p25_CG0p25_interval1_step2,1,2,False,,0.18,2.0,0.072,2,0,1.57151,1.57151,9
11,2,0,0.25,0.25,run11_bs2000_N2_M0_G0p25_CG0p25_interval2_step4,2,4,False,,0.072,2.0,0.072,2,0,1.225564,1.225564,7
11,2,0,0.25,0.25,run11_bs2000_N2_M0_G0p25_CG0p25_interval3_step6,3,6,False,,0.072,3.5,0.033,2,0,1.003837,1.003837,8
11,2,0,0.25,0.25,run11_bs2000_N2_M0_G0p25_CG0p25_interval4_step8,4,8,False,,0.033,4.5,0.02,2,0,0.92238,0.92238,8
11,2,0,0.25,0.25,run11_bs2000_N2_M0_G0p25_CG0p25_interval5_step10,5,10,False,,0.02,6.0,0.0093,2,0,0.894994,0.894994,8
11,2,0,0.25,0.25,run11_bs2000_N2_M0_G0p25_CG0p25_interval6_step12,6,12,False,,0.0093,7.0,0.0056,2,0,0.886047,0.886047,8
11,2,0,0.25,0.25,run11_bs2000_N2_M0_G0p25_CG0p25_interval7_step14,7,14,False,,0.0056,8.0,0.0034,2,0,0.881124,0.881124,8
11,2,0,0.25,0.25,run11_bs2000_N2_M0_G0p25_CG0p25_interval8_step16,8,16,False,,0.0034,8.0,0.0034,2,0,0.878097,0.878097,7
11,2,0,0.25,0.25,run11_bs2000_N2_M0_G0p25_CG0p25_interval9_step18,9,18,False,,0.0034,9.0,0.002,2,0,0.876001,0.876001,8
11,2,0,0.25,0.25,run11_bs2000_N2_M0_G0p25_CG0p25_interval10_step20,10,20,False,,0.002,9.0,0.002,2,0,0.874532,0.874532,7
11,2,0,0.25,0.25,run11_bs2000_N2_M0_G0p25_CG0p25_interval11_step22,11,22,False,,0.002,9.0,0.002,2,0,0.873404,0.873404,7
11,2,0,0.25,0.25,run11_bs2000_N2_M0_G0p25_CG0p25_interval12_step24,12,24,False,,0.002,9.5,0.0016,2,0,0.872484,0.872484,7
11,2,0,0.25,0.25,run11_bs2000_N2_M0_G0p25_CG0p25_interval13_step26,13,26,False,,0.0016,9.5,0.0016,2,0,0.871787,0.871787,7
11,2,0,0.25,0.25,run11_bs2000_N2_M0_G0p25_CG0p25_interval14_step28,14,28,False,,0.0016,10.0,0.0012,2,0,0.871166,0.871166,7
11,2,0,0.25,0.25,run11_bs2000_N2_M0_G0p25_CG0p25_interval15_step30,15,30,False,,0.0012,10.0,0.0012,2,0,0.870684,0.870684,7
11,2,0,0.25,0.25,run11_bs2000_N2_M0_G0p25_CG0p25_interval16_step32,16,32,False,,0.0012,10.0,0.0012,2,0,0.870278,0.870278,7
11,2,0,0.25,0.25,run11_bs2000_N2_M0_G0p25_CG0p25_interval17_step34,17,34,False,,0.0012,10.5,0.00094,2,0,0.869903,0.869903,7
11,2,0,0.25,0.25,run11_bs2000_N2_M0_G0p25_CG0p25_interval18_step36,18,36,False,,0.00094,10.5,0.00094,2,0,0.869605,0.869605,7
11,2,0,0.25,0.25,run11_bs2000_N2_M0_G0p25_CG0p25_interval19_step38,19,38,False,,0.00094,10.5,0.00094,2,0,0.869347,0.869347,7
11,2,0,0.25,0.25,run11_bs2000_N2_M0_G0p25_CG0p25_interval20_step40,20,40,False,,0.00094,11.0,0.00073,2,0,0.869107,0.869107,7
11,2,0,0.25,0.25,run11_bs2000_N2_M0_G0p25_CG0p25_interval21_step42,21,42,False,,0.00073,11.0,0.00073,2,0,0.868915,0.868915,7
11,2,0,0.25,0.25,run11_bs2000_N2_M0_G0p25_CG0p25_interval22_step44,22,44,False,,0.00073,11.0,0.00073,2,0,0.868746,0.868746,7
11,2,0,0.25,0.25,run11_bs2000_N2_M0_G0p25_CG0p25_interval23_step46,23,46,False,,0.00073,11.5,0.00056,2,0,0.868591,0.868591,7
11,2,0,0.25,0.25,run11_bs2000_N2_M0_G0p25_CG0p25_interval24_step48,24,48,False,,0.00056,11.5,0.00056,2,0,0.868462,0.868462,7
12,2,1,1.0,1.0,run12_bs2000_N2_M1_G1_CG1_interval0_step0_cooldown_for_k-1,0,0,True,-1.0,0.2,0.0,0.2,1,,1.978827,,3
12,2,1,1.0,1.0,run12_bs2000_N2_M1_G1_CG1_interval0_step0_cooldown_for_k0,0,0,True,0.0,0.2,0.0,0.2,1,,1.96923,,3
12,2,1,1.0,1.0,run12_bs2000_N2_M1_G1_CG1_interval0_step0_cooldown_for_k1,0,0,True,1.0,0.2,0.0,0.2,1,,1.992906,,3
12,2,1,1.0,1.0,run12_bs2000_N2_M1_G1_CG1_interval0_step0,0,0,False,,0.2,0.0,0.2,2,1,2.203367,1.96923,3
12,2,1,1.0,1.0,run12_bs2000_N2_M1_G1_CG1_interval1_step2_cooldown_for_k-1,1,2,True,-1.0,0.2,2.0,0.072,1,,1.714617,,5
12,2,1,1.0,1.0,run12_bs2000_N2_M1_G1_CG1_interval1_step2_cooldown_for_k0,1,2,True,0.0,0.2,2.0,0.072,1,,1.63102,,5
12,2,1,1.0,1.0,run12_bs2000_N2_M1_G1_CG1_interval1_step2_cooldown_for_k1,1,2,True,1.0,0.2,3.0,0.043,1,,1.514191,,6
12,2,1,1.0,1.0,run12_bs2000_N2_M1_G1_CG1_interval1_step2_cooldown_for_k2,1,2,True,2.0,0.2,3.0,0.043,1,,1.570981,,6
12,2,1,1.0,1.0,run12_bs2000_N2_M1_G1_CG1_interval1_step2,1,2,False,,0.2,1.0,0.12,2,1,1.679763,1.514191,4
12,2,1,1.0,1.0,run12_bs2000_N2_M1_G1_CG1_interval2_step4_cooldown_for_k0,2,4,True,0.0,0.043,2.0,0.072,1,,1.344805,,4
12,2,1,1.0,1.0,run12_bs2000_N2_M1_G1_CG1_interval2_step4_cooldown_for_k1,2,4,True,1.0,0.043,3.0,0.043,1,,1.156952,,3
12,2,1,1.0,1.0,run12_bs2000_N2_M1_G1_CG1_interval2_step4_cooldown_for_k2,2,4,True,2.0,0.043,3.0,0.043,1,,1.172518,,3
12,2,1,1.0,1.0,run12_bs2000_N2_M1_G1_CG1_interval2_step4,2,4,False,,0.12,1.0,0.12,2,1,1.316592,1.156952,3
12,2,1,1.0,1.0,run12_bs2000_N2_M1_G1_CG1_interval3_step6_cooldown_for_k0,3,6,True,0.0,0.043,2.0,0.072,1,,1.167329,,4
12,2,1,1.0,1.0,run12_bs2000_N2_M1_G1_CG1_interval3_step6_cooldown_for_k1,3,6,True,1.0,0.043,3.0,0.043,1,,0.992651,,3
12,2,1,1.0,1.0,run12_bs2000_N2_M1_G1_CG1_interval3_step6_cooldown_for_k2,3,6,True,2.0,0.043,4.0,0.026,1,,0.992576,,4
12,2,1,1.0,1.0,run12_bs2000_N2_M1_G1_CG1_interval3_step6_cooldown_for_k3,3,6,True,3.0,0.043,4.0,0.026,1,,0.985069,,4
12,2,1,1.0,1.0,run12_bs2000_N2_M1_G1_CG1_interval3_step6_cooldown_for_k4,3,6,True,4.0,0.043,3.0,0.043,1,,0.980032,,3
12,2,1,1.0,1.0,run12_bs2000_N2_M1_G1_CG1_interval3_step6_cooldown_for_k5,3,6,True,5.0,0.043,3.0,0.043,1,,0.993818,,3
12,2,1,1.0,1.0,run12_bs2000_N2_M1_G1_CG1_interval3_step6,3,6,False,,0.12,4.0,0.026,2,1,1.05265,0.980032,6
12,2,1,1.0,1.0,run12_bs2000_N2_M1_G1_CG1_interval4_step8_cooldown_for_k3,4,8,True,3.0,0.043,4.0,0.026,1,,0.936971,,4
12,2,1,1.0,1.0,run12_bs2000_N2_M1_G1_CG1_interval4_step8_cooldown_for_k4,4,8,True,4.0,0.043,6.0,0.0093,1,,0.923129,,6
12,2,1,1.0,1.0,run12_bs2000_N2_M1_G1_CG1_interval4_step8_cooldown_for_k5,4,8,True,5.0,0.043,4.0,0.026,1,,0.930281,,4
12,2,1,1.0,1.0,run12_bs2000_N2_M1_G1_CG1_interval4_step8,4,8,False,,0.026,4.0,0.026,2,1,0.930609,0.923129,3
12,2,1,1.0,1.0,run12_bs2000_N2_M1_G1_CG1_interval5_step10_cooldown_for_k3,5,10,True,3.0,0.0093,5.0,0.016,1,,0.897038,,4
12,2,1,1.0,1.0,run12_bs2000_N2_M1_G1_CG1_interval5_step10_cooldown_for_k4,5,10,True,4.0,0.0093,6.0,0.0093,1,,0.892669,,3
12,2,1,1.0,1.0,run12_bs2000_N2_M1_G1_CG1_interval5_step10_cooldown_for_k5,5,10,True,5.0,0.0093,6.0,0.0093,1,,0.89724,,3
12,2,1,1.0,1.0,run12_bs2000_N2_M1_G1_CG1_interval5_step10,5,10,False,,0.026,4.0,0.026,2,1,0.912189,0.892669,3
12,2,1,1.0,1.0,run12_bs2000_N2_M1_G1_CG1_interval6_step12_cooldown_for_k3,6,12,True,3.0,0.0093,5.0,0.016,1,,0.895759,,4
12,2,1,1.0,1.0,run12_bs2000_N2_M1_G1_CG1_interval6_step12_cooldown_for_k4,6,12,True,4.0,0.0093,6.0,0.0093,1,,0.885499,,3
12,2,1,1.0,1.0,run12_bs2000_N2_M1_G1_CG1_interval6_step12_cooldown_for_k5,6,12,True,5.0,0.0093,7.0,0.0056,1,,0.884068,,4
12,2,1,1.0,1.0,run12_bs2000_N2_M1_G1_CG1_interval6_step12_cooldown_for_k6,6,12,True,6.0,0.0093,6.0,0.0093,1,,0.882907,,3
12,2,1,1.0,1.0,run12_bs2000_N2_M1_G1_CG1_interval6_step12_cooldown_for_k7,6,12,True,7.0,0.0093,6.0,0.0093,1,,0.885089,,3
12,2,1,1.0,1.0,run12_bs2000_N2_M1_G1_CG1_interval6_step12,6,12,False,,0.026,6.0,0.0093,2,1,0.891097,0.882907,5
12,2,1,1.0,1.0,run12_bs2000_N2_M1_G1_CG1_interval7_step14_cooldown_for_k5,7,14,True,5.0,0.0093,7.0,0.0056,1,,0.87914,,4
12,2,1,1.0,1.0,run12_bs2000_N2_M1_G1_CG1_interval7_step14_cooldown_for_k6,7,14,True,6.0,0.0093,8.0,0.0034,1,,0.877669,,5
12,2,1,1.0,1.0,run12_bs2000_N2_M1_G1_CG1_interval7_step14_cooldown_for_k7,7,14,True,7.0,0.0093,7.0,0.0056,1,,0.879378,,4
12,2,1,1.0,1.0,run12_bs2000_N2_M1_G1_CG1_interval7_step14,7,14,False,,0.0093,6.0,0.0093,2,1,0.87885,0.877669,3
12,2,1,1.0,1.0,run12_bs2000_N2_M1_G1_CG1_interval8_step16_cooldown_for_k5,8,16,True,5.0,0.0034,7.0,0.0056,1,,0.874523,,4
12,2,1,1.0,1.0,run12_bs2000_N2_M1_G1_CG1_interval8_step16_cooldown_for_k6,8,16,True,6.0,0.0034,7.0,0.0056,1,,0.874053,,4
12,2,1,1.0,1.0,run12_bs2000_N2_M1_G1_CG1_interval8_step16_cooldown_for_k7,8,16,True,7.0,0.0034,8.0,0.0034,1,,0.875145,,3
12,2,1,1.0,1.0,run12_bs2000_N2_M1_G1_CG1_interval8_step16,8,16,False,,0.0093,6.0,0.0093,2,1,0.87752,0.874053,3
12,2,1,1.0,1.0,run12_bs2000_N2_M1_G1_CG1_interval9_step18_cooldown_for_k5,9,18,True,5.0,0.0056,7.0,0.0056,1,,0.873376,,3
12,2,1,1.0,1.0,run12_bs2000_N2_M1_G1_CG1_interval9_step18_cooldown_for_k6,9,18,True,6.0,0.0056,8.0,0.0034,1,,0.873108,,4
12,2,1,1.0,1.0,run12_bs2000_N2_M1_G1_CG1_interval9_step18_cooldown_for_k7,9,18,True,7.0,0.0056,9.0,0.002,1,,0.872828,,5
12,2,1,1.0,1.0,run12_bs2000_N2_M1_G1_CG1_interval9_step18_cooldown_for_k8,9,18,True,8.0,0.0056,8.0,0.0034,1,,0.873066,,4
12,2,1,1.0,1.0,run12_bs2000_N2_M1_G1_CG1_interval9_step18,9,18,False,,0.0093,7.0,0.0056,2,1,0.873182,0.872828,4
12,2,1,1.0,1.0,run12_bs2000_N2_M1_G1_CG1_interval10_step20_cooldown_for_k6,10,20,True,6.0,0.002,8.0,0.0034,1,,0.87114,,4
12,2,1,1.0,1.0,run12_bs2000_N2_M1_G1_CG1_interval10_step20_cooldown_for_k7,10,20,True,7.0,0.002,8.0,0.0034,1,,0.870929,,4
12,2,1,1.0,1.0,run12_bs2000_N2_M1_G1_CG1_interval10_step20_cooldown_for_k8,10,20,True,8.0,0.002,9.0,0.002,1,,0.871325,,3
12,2,1,1.0,1.0,run12_bs2000_N2_M1_G1_CG1_interval10_step20,10,20,False,,0.0056,7.0,0.0056,2,1,0.872071,0.870929,3
12,2,1,1.0,1.0,run12_bs2000_N2_M1_G1_CG1_interval11_step22_cooldown_for_k6,11,22,True,6.0,0.0034,8.0,0.0034,1,,0.870569,,3
12,2,1,1.0,1.0,run12_bs2000_N2_M1_G1_CG1_interval11_step22_cooldown_for_k7,11,22,True,7.0,0.0034,9.0,0.002,1,,0.870464,,4
12,2,1,1.0,1.0,run12_bs2000_N2_M1_G1_CG1_interval11_step22_cooldown_for_k8,11,22,True,8.0,0.0034,10.0,0.0012,1,,0.870349,,5
12,2,1,1.0,1.0,run12_bs2000_N2_M1_G1_CG1_interval11_step22_cooldown_for_k9,11,22,True,9.0,0.0034,9.0,0.002,1,,0.870474,,4
12,2,1,1.0,1.0,run12_bs2000_N2_M1_G1_CG1_interval11_step22,11,22,False,,0.0056,8.0,0.0034,2,1,0.87058,0.870349,4
12,2,1,1.0,1.0,run12_bs2000_N2_M1_G1_CG1_interval12_step24_cooldown_for_k7,12,24,True,7.0,0.0012,9.0,0.002,1,,0.869589,,4
12,2,1,1.0,1.0,run12_bs2000_N2_M1_G1_CG1_interval12_step24_cooldown_for_k8,12,24,True,8.0,0.0012,9.0,0.002,1,,0.869545,,4
12,2,1,1.0,1.0,run12_bs2000_N2_M1_G1_CG1_interval12_step24_cooldown_for_k9,12,24,True,9.0,0.0012,9.0,0.002,1,,0.869653,,4
12,2,1,1.0,1.0,run12_bs2000_N2_M1_G1_CG1_interval12_step24,12,24,False,,0.0034,8.0,0.0034,2,1,0.870044,0.869545,3
12,2,1,1.0,1.0,run12_bs2000_N2_M1_G1_CG1_interval13_step26_cooldown_for_k7,13,26,True,7.0,0.002,9.0,0.002,1,,0.869284,,3
12,2,1,1.0,1.0,run12_bs2000_N2_M1_G1_CG1_interval13_step26_cooldown_for_k8,13,26,True,8.0,0.002,9.0,0.002,1,,0.869261,,3
12,2,1,1.0,1.0,run12_bs2000_N2_M1_G1_CG1_interval13_step26_cooldown_for_k9,13,26,True,9.0,0.002,10.0,0.0012,1,,0.869231,,4
12,2,1,1.0,1.0,run12_bs2000_N2_M1_G1_CG1_interval13_step26_cooldown_for_k10,13,26,True,10.0,0.002,10.0,0.0012,1,,0.869334,,4
12,2,1,1.0,1.0,run12_bs2000_N2_M1_G1_CG1_interval13_step26,13,26,False,,0.0034,9.0,0.002,2,1,0.869331,0.869231,4
12,2,1,1.0,1.0,run12_bs2000_N2_M1_G1_CG1_interval14_step28_cooldown_for_k8,14,28,True,8.0,0.0012,9.0,0.002,1,,0.86887,,4
12,2,1,1.0,1.0,run12_bs2000_N2_M1_G1_CG1_interval14_step28_cooldown_for_k9,14,28,True,9.0,0.0012,10.0,0.0012,1,,0.86883,,3
12,2,1,1.0,1.0,run12_bs2000_N2_M1_G1_CG1_interval14_step28_cooldown_for_k10,14,28,True,10.0,0.0012,10.0,0.0012,1,,0.868895,,3
12,2,1,1.0,1.0,run12_bs2000_N2_M1_G1_CG1_interval14_step28,14,28,False,,0.002,9.0,0.002,2,1,0.869033,0.86883,3
12,2,1,1.0,1.0,run12_bs2000_N2_M1_G1_CG1_interval15_step30_cooldown_for_k8,15,30,True,8.0,0.0012,10.0,0.0012,1,,0.868601,,3
12,2,1,1.0,1.0,run12_bs2000_N2_M1_G1_CG1_interval15_step30_cooldown_for_k9,15,30,True,9.0,0.0012,10.0,0.0012,1,,0.868578,,3
12,2,1,1.0,1.0,run12_bs2000_N2_M1_G1_CG1_interval15_step30_cooldown_for_k10,15,30,True,10.0,0.0012,10.0,0.0012,1,,0.868567,,3
12,2,1,1.0,1.0,run12_bs2000_N2_M1_G1_CG1_interval15_step30_cooldown_for_k11,15,30,True,11.0,0.0012,9.0,0.002,1,,0.868621,,4
12,2,1,1.0,1.0,run12_bs2000_N2_M1_G1_CG1_interval15_step30,15,30,False,,0.002,10.0,0.0012,2,1,0.868646,0.868567,4
12,2,1,1.0,1.0,run12_bs2000_N2_M1_G1_CG1_interval16_step32_cooldown_for_k9,16,32,True,9.0,0.0012,10.0,0.0012,1,,0.868365,,3
12,2,1,1.0,1.0,run12_bs2000_N2_M1_G1_CG1_interval16_step32_cooldown_for_k10,16,32,True,10.0,0.0012,10.0,0.0012,1,,0.868342,,3
12,2,1,1.0,1.0,run12_bs2000_N2_M1_G1_CG1_interval16_step32_cooldown_for_k11,16,32,True,11.0,0.0012,9.0,0.002,1,,0.868406,,4
12,2,1,1.0,1.0,run12_bs2000_N2_M1_G1_CG1_interval16_step32,16,32,False,,0.0012,10.0,0.0012,2,1,0.868407,0.868342,3
12,2,1,1.0,1.0,run12_bs2000_N2_M1_G1_CG1_interval17_step34_cooldown_for_k9,17,34,True,9.0,0.0012,11.0,0.00073,1,,0.868187,,4
12,2,1,1.0,1.0,run12_bs2000_N2_M1_G1_CG1_interval17_step34_cooldown_for_k10,17,34,True,10.0,0.0012,11.0,0.00073,1,,0.86815,,4
12,2,1,1.0,1.0,run12_bs2000_N2_M1_G1_CG1_interval17_step34_cooldown_for_k11,17,34,True,11.0,0.0012,10.0,0.0012,1,,0.868199,,3
12,2,1,1.0,1.0,run12_bs2000_N2_M1_G1_CG1_interval17_step34,17,34,False,,0.0012,10.0,0.0012,2,1,0.868211,0.86815,3
12,2,1,1.0,1.0,run12_bs2000_N2_M1_G1_CG1_interval18_step36_cooldown_for_k9,18,36,True,9.0,0.00073,10.0,0.0012,1,,0.867984,,4
12,2,1,1.0,1.0,run12_bs2000_N2_M1_G1_CG1_interval18_step36_cooldown_for_k10,18,36,True,10.0,0.00073,10.0,0.0012,1,,0.867978,,4
12,2,1,1.0,1.0,run12_bs2000_N2_M1_G1_CG1_interval18_step36_cooldown_for_k11,18,36,True,11.0,0.00073,10.0,0.0012,1,,0.867998,,4
12,2,1,1.0,1.0,run12_bs2000_N2_M1_G1_CG1_interval18_step36,18,36,False,,0.0012,10.0,0.0012,2,1,0.868046,0.867978,3
12,2,1,1.0,1.0,run12_bs2000_N2_M1_G1_CG1_interval19_step38_cooldown_for_k9,19,38,True,9.0,0.0012,11.0,0.00073,1,,0.867894,,4
12,2,1,1.0,1.0,run12_bs2000_N2_M1_G1_CG1_interval19_step38_cooldown_for_k10,19,38,True,10.0,0.0012,11.0,0.00073,1,,0.867864,,4
12,2,1,1.0,1.0,run12_bs2000_N2_M1_G1_CG1_interval19_step38_cooldown_for_k11,19,38,True,11.0,0.0012,11.0,0.00073,1,,0.867881,,4
12,2,1,1.0,1.0,run12_bs2000_N2_M1_G1_CG1_interval19_step38,19,38,False,,0.0012,10.0,0.0012,2,1,0.867908,0.867864,3
12,2,1,1.0,1.0,run12_bs2000_N2_M1_G1_CG1_interval20_step40_cooldown_for_k9,20,40,True,9.0,0.00073,10.0,0.0012,1,,0.86775,,4
12,2,1,1.0,1.0,run12_bs2000_N2_M1_G1_CG1_interval20_step40_cooldown_for_k10,20,40,True,10.0,0.00073,11.0,0.00073,1,,0.867734,,3
12,2,1,1.0,1.0,run12_bs2000_N2_M1_G1_CG1_interval20_step40_cooldown_for_k11,20,40,True,11.0,0.00073,11.0,0.00073,1,,0.867752,,3
12,2,1,1.0,1.0,run12_bs2000_N2_M1_G1_CG1_interval20_step40,20,40,False,,0.0012,10.0,0.0012,2,1,0.867791,0.867734,3
12,2,1,1.0,1.0,run12_bs2000_N2_M1_G1_CG1_interval21_step42_cooldown_for_k9,21,42,True,9.0,0.00073,11.0,0.00073,1,,0.867652,,3
12,2,1,1.0,1.0,run12_bs2000_N2_M1_G1_CG1_interval21_step42_cooldown_for_k10,21,42,True,10.0,0.00073,11.0,0.00073,1,,0.867635,,3
12,2,1,1.0,1.0,run12_bs2000_N2_M1_G1_CG1_interval21_step42_cooldown_for_k11,21,42,True,11.0,0.00073,12.0,0.00044,1,,0.867648,,4
12,2,1,1.0,1.0,run12_bs2000_N2_M1_G1_CG1_interval21_step42,21,42,False,,0.0012,10.0,0.0012,2,1,0.867692,0.867635,3
12,2,1,1.0,1.0,run12_bs2000_N2_M1_G1_CG1_interval22_step44_cooldown_for_k9,22,44,True,9.0,0.00073,11.0,0.00073,1,,0.867566,,3
12,2,1,1.0,1.0,run12_bs2000_N2_M1_G1_CG1_interval22_step44_cooldown_for_k10,22,44,True,10.0,0.00073,11.0,0.00073,1,,0.867553,,3
12,2,1,1.0,1.0,run12_bs2000_N2_M1_G1_CG1_interval22_step44_cooldown_for_k11,22,44,True,11.0,0.00073,12.0,0.00044,1,,0.867558,,4
12,2,1,1.0,1.0,run12_bs2000_N2_M1_G1_CG1_interval22_step44,22,44,False,,0.0012,10.0,0.0012,2,1,0.867605,0.867553,3
12,2,1,1.0,1.0,run12_bs2000_N2_M1_G1_CG1_interval23_step46_cooldown_for_k9,23,46,True,9.0,0.00073,11.0,0.00073,1,,0.867493,,3
12,2,1,1.0,1.0,run12_bs2000_N2_M1_G1_CG1_interval23_step46_cooldown_for_k10,23,46,True,10.0,0.00073,11.0,0.00073,1,,0.86748,,3
12,2,1,1.0,1.0,run12_bs2000_N2_M1_G1_CG1_interval23_step46_cooldown_for_k11,23,46,True,11.0,0.00073,12.0,0.00044,1,,0.867482,,4
12,2,1,1.0,1.0,run12_bs2000_N2_M1_G1_CG1_interval23_step46,23,46,False,,0.0012,10.0,0.0012,2,1,0.867532,0.86748,3
12,2,1,1.0,1.0,run12_bs2000_N2_M1_G1_CG1_interval24_step48,24,48,False,,0.0012,11.0,0.00073,2,0,0.86743,0.86743,4
13,2,1,1.0,0.25,run13_bs2000_N2_M1_G1_CG0p25_interval0_step0_cooldown_for_k-1,0,0,True,-1.0,0.2,0.0,0.2,1,,1.978827,,7
13,2,1,1.0,0.25,run13_bs2000_N2_M1_G1_CG0p25_interval0_step0_cooldown_for_k0,0,0,True,0.0,0.2,0.0,0.2,1,,1.96923,,7
13,2,1,1.0,0.25,run13_bs2000_N2_M1_G1_CG0p25_interval0_step0_cooldown_for_k1,0,0,True,1.0,0.2,0.0,0.2,1,,1.992906,,7
13,2,1,1.0,0.25,run13_bs2000_N2_M1_G1_CG0p25_interval0_step0,0,0,False,,0.2,0.0,0.2,2,1,2.203367,1.96923,3
13,2,1,1.0,0.25,run13_bs2000_N2_M1_G1_CG0p25_interval1_step2_cooldown_for_k-1,1,2,True,-1.0,0.2,2.0,0.072,1,,1.81041,,9
13,2,1,1.0,0.25,run13_bs2000_N2_M1_G1_CG0p25_interval1_step2_cooldown_for_k0,1,2,True,0.0,0.2,3.0,0.043,1,,1.622186,,10
13,2,1,1.0,0.25,run13_bs2000_N2_M1_G1_CG0p25_interval1_step2_cooldown_for_k1,1,2,True,1.0,0.2,3.0,0.043,1,,1.506376,,10
13,2,1,1.0,0.25,run13_bs2000_N2_M1_G1_CG0p25_interval1_step2_cooldown_for_k2,1,2,True,2.0,0.2,3.0,0.043,1,,1.539456,,10
13,2,1,1.0,0.25,run13_bs2000_N2_M1_G1_CG0p25_interval1_step2,1,2,False,,0.2,1.0,0.12,2,1,1.681655,1.506376,4
13,2,1,1.0,0.25,run13_bs2000_N2_M1_G1_CG0p25_interval2_step4_cooldown_for_k0,2,4,True,0.0,0.043,2.0,0.072,1,,1.394643,,8
13,2,1,1.0,0.25,run13_bs2000_N2_M1_G1_CG0p25_interval2_step4_cooldown_for_k1,2,4,True,1.0,0.043,3.0,0.043,1,,1.178931,,7
13,2,1,1.0,0.25,run13_bs2000_N2_M1_G1_CG0p25_interval2_step4_cooldown_for_k2,2,4,True,2.0,0.043,3.0,0.043,1,,1.187997,,7
13,2,1,1.0,0.25,run13_bs2000_N2_M1_G1_CG0p25_interval2_step4,2,4,False,,0.12,1.0,0.12,2,1,1.36713,1.178931,3
13,2,1,1.0,0.25,run13_bs2000_N2_M1_G1_CG0p25_interval3_step6_cooldown_for_k0,3,6,True,0.0,0.043,2.0,0.072,1,,1.338817,,8
13,2,1,1.0,0.25,run13_bs2000_N2_M1_G1_CG0p25_interval3_step6_cooldown_for_k1,3,6,True,1.0,0.043,3.0,0.043,1,,1.061903,,7
13,2,1,1.0,0.25,run13_bs2000_N2_M1_G1_CG0p25_interval3_step6_cooldown_for_k2,3,6,True,2.0,0.043,4.0,0.026,1,,1.014971,,8
13,2,1,1.0,0.25,run13_bs2000_N2_M1_G1_CG0p25_interval3_step6_cooldown_for_k3,3,6,True,3.0,0.043,4.0,0.026,1,,0.992262,,8
13,2,1,1.0,0.25,run13_bs2000_N2_M1_G1_CG0p25_interval3_step6_cooldown_for_k4,3,6,True,4.0,0.043,3.0,0.043,1,,0.994036,,7
13,2,1,1.0,0.25,run13_bs2000_N2_M1_G1_CG0p25_interval3_step6,3,6,False,,0.12,3.0,0.043,2,1,1.06016,0.992262,5
13,2,1,1.0,0.25,run13_bs2000_N2_M1_G1_CG0p25_interval4_step8_cooldown_for_k2,4,8,True,2.0,0.026,4.0,0.026,1,,0.932584,,7
13,2,1,1.0,0.25,run13_bs2000_N2_M1_G1_CG0p25_interval4_step8_cooldown_for_k3,4,8,True,3.0,0.026,6.0,0.0093,1,,0.915922,,9
13,2,1,1.0,0.25,run13_bs2000_N2_M1_G1_CG0p25_interval4_step8_cooldown_for_k4,4,8,True,4.0,0.026,5.0,0.016,1,,0.919857,,8
13,2,1,1.0,0.25,run13_bs2000_N2_M1_G1_CG0p25_interval4_step8,4,8,False,,0.043,3.0,0.043,2,1,0.94033,0.915922,3
13,2,1,1.0,0.25,run13_bs2000_N2_M1_G1_CG0p25_interval5_step10_cooldown_for_k2,5,10,True,2.0,0.0093,4.0,0.026,1,,0.911123,,9
13,2,1,1.0,0.25,run13_bs2000_N2_M1_G1_CG0p25_interval5_step10_cooldown_for_k3,5,10,True,3.0,0.0093,5.0,0.016,1,,0.895363,,8
13,2,1,1.0,0.25,run13_bs2000_N2_M1_G1_CG0p25_interval5_step10_cooldown_for_k4,5,10,True,4.0,0.0093,6.5,0.0072,1,,0.890492,,7
13,2,1,1.0,0.25,run13_bs2000_N2_M1_G1_CG0p25_interval5_step10_cooldown_for_k5,5,10,True,5.0,0.0093,5.0,0.016,1,,0.891482,,8
13,2,1,1.0,0.25,run13_bs2000_N2_M1_G1_CG0p25_interval5_step10,5,10,False,,0.043,4.0,0.026,2,1,0.899443,0.890492,4
13,2,1,1.0,0.25,run13_bs2000_N2_M1_G1_CG0p25_interval6_step12_cooldown_for_k3,6,12,True,3.0,0.0072,5.5,0.012,1,,0.887161,,8
13,2,1,1.0,0.25,run13_bs2000_N2_M1_G1_CG0p25_interval6_step12_cooldown_for_k4,6,12,True,4.0,0.0072,5.5,0.012,1,,0.880134,,8
13,2,1,1.0,0.25,run13_bs2000_N2_M1_G1_CG0p25_interval6_step12_cooldown_for_k5,6,12,True,5.0,0.0072,6.5,0.0072,1,,0.880493,,7
13,2,1,1.0,0.25,run13_bs2000_N2_M1_G1_CG0p25_interval6_step12,6,12,False,,0.026,4.0,0.026,2,1,0.897218,0.880134,3
13,2,1,1.0,0.25,run13_bs2000_N2_M1_G1_CG0p25_interval7_step14_cooldown_for_k3,7,14,True,3.0,0.012,5.0,0.016,1,,0.881738,,8
13,2,1,1.0,0.25,run13_bs2000_N2_M1_G1_CG0p25_interval7_step14_cooldown_for_k4,7,14,True,4.0,0.012,6.5,0.0072,1,,0.877767,,8
13,2,1,1.0,0.25,run13_bs2000_N2_M1_G1_CG0p25_interval7_step14_cooldown_for_k5,7,14,True,5.0,0.012,7.0,0.0056,1,,0.876474,,8
13,2,1,1.0,0.25,run13_bs2000_N2_M1_G1_CG0p25_interval7_step14_cooldown_for_k6,7,14,True,6.0,0.012,6.5,0.0072,1,,0.876698,,8
13,2,1,1.0,0.25,run13_bs2000_N2_M1_G1_CG0p25_interval7_step14,7,14,False,,0.026,5.0,0.016,2,1,0.880156,0.876474,4
13,2,1,1.0,0.25,run13_bs2000_N2_M1_G1_CG0p25_interval8_step16_cooldown_for_k4,8,16,True,4.0,0.0056,6.0,0.0093,1,,0.874173,,8
13,2,1,1.0,0.25,run13_bs2000_N2_M1_G1_CG0p25_interval8_step16_cooldown_for_k5,8,16,True,5.0,0.0056,7.0,0.0056,1,,0.872604,,7
13,2,1,1.0,0.25,run13_bs2000_N2_M1_G1_CG0p25_interval8_step16_cooldown_for_k6,8,16,True,6.0,0.0056,8.0,0.0034,1,,0.873199,,8
13,2,1,1.0,0.25,run13_bs2000_N2_M1_G1_CG0p25_interval8_step16,8,16,False,,0.016,5.0,0.016,2,1,0.877812,0.872604,3
13,2,1,1.0,0.25,run13_bs2000_N2_M1_G1_CG0p25_interval9_step18_cooldown_for_k4,9,18,True,4.0,0.0056,6.0,0.0093,1,,0.872688,,8
13,2,1,1.0,0.25,run13_bs2000_N2_M1_G1_CG0p25_interval9_step18_cooldown_for_k5,9,18,True,5.0,0.0056,7.0,0.0056,1,,0.871466,,7
13,2,1,1.0,0.25,run13_bs2000_N2_M1_G1_CG0p25_interval9_step18_cooldown_for_k6,9,18,True,6.0,0.0056,8.0,0.0034,1,,0.871288,,8
13,2,1,1.0,0.25,run13_bs2000_N2_M1_G1_CG0p25_interval9_step18_cooldown_for_k7,9,18,True,7.0,0.0056,7.0,0.0056,1,,0.871297,,7
13,2,1,1.0,0.25,run13_bs2000_N2_M1_G1_CG0p25_interval9_step18,9,18,False,,0.016,6.0,0.0093,2,1,0.872801,0.871288,4
13,2,1,1.0,0.25,run13_bs2000_N2_M1_G1_CG0p25_interval10_step20_cooldown_for_k5,10,20,True,5.0,0.0034,7.0,0.0056,1,,0.870144,,8
13,2,1,1.0,0.25,run13_bs2000_N2_M1_G1_CG0p25_interval10_step20_cooldown_for_k6,10,20,True,6.0,0.0034,8.0,0.0034,1,,0.869877,,7
13,2,1,1.0,0.25,run13_bs2000_N2_M1_G1_CG0p25_interval10_step20_cooldown_for_k7,10,20,True,7.0,0.0034,9.0,0.002,1,,0.869998,,8
13,2,1,1.0,0.25,run13_bs2000_N2_M1_G1_CG0p25_interval10_step20,10,20,False,,0.0093,6.0,0.0093,2,1,0.871742,0.869877,3
13,2,1,1.0,0.25,run13_bs2000_N2_M1_G1_CG0p25_interval11_step22_cooldown_for_k5,11,22,True,5.0,0.0034,8.0,0.0034,1,,0.869536,,7
13,2,1,1.0,0.25,run13_bs2000_N2_M1_G1_CG0p25_interval11_step22_cooldown_for_k6,11,22,True,6.0,0.0034,8.0,0.0034,1,,0.869292,,7
13,2,1,1.0,0.25,run13_bs2000_N2_M1_G1_CG0p25_interval11_step22_cooldown_for_k7,11,22,True,7.0,0.0034,9.0,0.002,1,,0.869252,,8
13,2,1,1.0,0.25,run13_bs2000_N2_M1_G1_CG0p25_interval11_step22_cooldown_for_k8,11,22,True,8.0,0.0034,8.0,0.0034,1,,0.869306,,7
13,2,1,1.0,0.25,run13_bs2000_N2_M1_G1_CG0p25_interval11_step22,11,22,False,,0.0093,7.0,0.0056,2,1,0.869731,0.869252,4
13,2,1,1.0,0.25,run13_bs2000_N2_M1_G1_CG0p25_interval12_step24_cooldown_for_k6,12,24,True,6.0,0.002,8.0,0.0034,1,,0.868719,,8
13,2,1,1.0,0.25,run13_bs2000_N2_M1_G1_CG0p25_interval12_step24_cooldown_for_k7,12,24,True,7.0,0.002,9.0,0.002,1,,0.86866,,7
13,2,1,1.0,0.25,run13_bs2000_N2_M1_G1_CG0p25_interval12_step24_cooldown_for_k8,12,24,True,8.0,0.002,9.0,0.002,1,,0.868701,,7
13,2,1,1.0,0.25,run13_bs2000_N2_M1_G1_CG0p25_interval12_step24,12,24,False,,0.0056,7.0,0.0056,2,1,0.869414,0.86866,3
13,2,1,1.0,0.25,run13_bs2000_N2_M1_G1_CG0p25_interval13_step26_cooldown_for_k6,13,26,True,6.0,0.002,9.0,0.002,1,,0.868422,,7
13,2,1,1.0,0.25,run13_bs2000_N2_M1_G1_CG0p25_interval13_step26_cooldown_for_k7,13,26,True,7.0,0.002,9.0,0.002,1,,0.868355,,7
13,2,1,1.0,0.25,run13_bs2000_N2_M1_G1_CG0p25_interval13_step26_cooldown_for_k8,13,26,True,8.0,0.002,10.0,0.0012,1,,0.868353,,8
13,2,1,1.0,0.25,run13_bs2000_N2_M1_G1_CG0p25_interval13_step26_cooldown_for_k9,13,26,True,9.0,0.002,9.0,0.002,1,,0.868412,,7
13,2,1,1.0,0.25,run13_bs2000_N2_M1_G1_CG0p25_interval13_step26,13,26,False,,0.0056,8.0,0.0034,2,1,0.86857,0.868353,4
13,2,1,1.0,0.25,run13_bs2000_N2_M1_G1_CG0p25_interval14_step28_cooldown_for_k7,14,28,True,7.0,0.0012,9.0,0.002,1,,0.86807,,8
13,2,1,1.0,0.25,run13_bs2000_N2_M1_G1_CG0p25_interval14_step28_cooldown_for_k8,14,28,True,8.0,0.0012,9.0,0.002,1,,0.868032,,8
13,2,1,1.0,0.25,run13_bs2000_N2_M1_G1_CG0p25_interval14_step28_cooldown_for_k9,14,28,True,9.0,0.0012,10.0,0.0012,1,,0.868065,,7
13,2,1,1.0,0.25,run13_bs2000_N2_M1_G1_CG0p25_interval14_step28,14,28,False,,0.0034,8.0,0.0034,2,1,0.868343,0.868032,3
13,2,1,1.0,0.25,run13_bs2000_N2_M1_G1_CG0p25_interval15_step30_cooldown_for_k7,15,30,True,7.0,0.002,10.0,0.0012,1,,0.867915,,8
13,2,1,1.0,0.25,run13_bs2000_N2_M1_G1_CG0p25_interval15_step30_cooldown_for_k8,15,30,True,8.0,0.002,10.0,0.0012,1,,0.867887,,8
13,2,1,1.0,0.25,run13_bs2000_N2_M1_G1_CG0p25_interval15_step30_cooldown_for_k9,15,30,True,9.0,0.002,11.0,0.00073,1,,0.867882,,9
13,2,1,1.0,0.25,run13_bs2000_N2_M1_G1_CG0p25_interval15_step30_cooldown_for_k10,15,30,True,10.0,0.002,10.0,0.0012,1,,0.867941,,8
13,2,1,1.0,0.25,run13_bs2000_N2_M1_G1_CG0p25_interval15_step30,15,30,False,,0.0034,9.0,0.002,2,1,0.867954,0.867882,4
13,2,1,1.0,0.25,run13_bs2000_N2_M1_G1_CG0p25_interval16_step32_cooldown_for_k8,16,32,True,8.0,0.00073,10.0,0.0012,1,,0.867702,,8
13,2,1,1.0,0.25,run13_bs2000_N2_M1_G1_CG0p25_interval16_step32_cooldown_for_k9,16,32,True,9.0,0.00073,10.0,0.0012,1,,0.867682,,8
13,2,1,1.0,0.25,run13_bs2000_N2_M1_G1_CG0p25_interval16_step32_cooldown_for_k10,16,32,True,10.0,0.00073,10.0,0.0012,1,,0.867724,,8
13,2,1,1.0,0.25,run13_bs2000_N2_M1_G1_CG0p25_interval16_step32,16,32,False,,0.002,9.0,0.002,2,1,0.867833,0.867682,3
13,2,1,1.0,0.25,run13_bs2000_N2_M1_G1_CG0p25_interval17_step34_cooldown_for_k8,17,34,True,8.0,0.0012,11.0,0.00073,1,,0.867613,,8
13,2,1,1.0,0.25,run13_bs2000_N2_M1_G1_CG0p25_interval17_step34_cooldown_for_k9,17,34,True,9.0,0.0012,11.0,0.00073,1,,0.8676,,8
13,2,1,1.0,0.25,run13_bs2000_N2_M1_G1_CG0p25_interval17_step34_cooldown_for_k10,17,34,True,10.0,0.0012,11.0,0.00073,1,,0.867597,,8
13,2,1,1.0,0.25,run13_bs2000_N2_M1_G1_CG0p25_interval17_step34_cooldown_for_k11,17,34,True,11.0,0.0012,11.0,0.00073,1,,0.86764,,8
13,2,1,1.0,0.25,run13_bs2000_N2_M1_G1_CG0p25_interval17_step34,17,34,False,,0.002,10.0,0.0012,2,1,0.867623,0.867597,4
13,2,1,1.0,0.25,run13_bs2000_N2_M1_G1_CG0p25_interval18_step36_cooldown_for_k9,18,36,True,9.0,0.00073,10.0,0.0012,1,,0.867489,,8
13,2,1,1.0,0.25,run13_bs2000_N2_M1_G1_CG0p25_interval18_step36_cooldown_for_k10,18,36,True,10.0,0.00073,11.0,0.00073,1,,0.867474,,7
13,2,1,1.0,0.25,run13_bs2000_N2_M1_G1_CG0p25_interval18_step36_cooldown_for_k11,18,36,True,11.0,0.00073,11.0,0.00073,1,,0.867517,,7
13,2,1,1.0,0.25,run13_bs2000_N2_M1_G1_CG0p25_interval18_step36,18,36,False,,0.0012,10.0,0.0012,2,1,0.867519,0.867474,3
13,2,1,1.0,0.25,run13_bs2000_N2_M1_G1_CG0p25_interval19_step38_cooldown_for_k9,19,38,True,9.0,0.00073,11.0,0.00073,1,,0.867405,,7
13,2,1,1.0,0.25,run13_bs2000_N2_M1_G1_CG0p25_interval19_step38_cooldown_for_k10,19,38,True,10.0,0.00073,11.0,0.00073,1,,0.8674,,7
13,2,1,1.0,0.25,run13_bs2000_N2_M1_G1_CG0p25_interval19_step38_cooldown_for_k11,19,38,True,11.0,0.00073,11.0,0.00073,1,,0.867413,,7
13,2,1,1.0,0.25,run13_bs2000_N2_M1_G1_CG0p25_interval19_step38,19,38,False,,0.0012,10.0,0.0012,2,1,0.867439,0.8674,3
13,2,1,1.0,0.25,run13_bs2000_N2_M1_G1_CG0p25_interval20_step40_cooldown_for_k9,20,40,True,9.0,0.00073,11.0,0.00073,1,,0.867341,,7
13,2,1,1.0,0.25,run13_bs2000_N2_M1_G1_CG0p25_interval20_step40_cooldown_for_k10,20,40,True,10.0,0.00073,11.0,0.00073,1,,0.867335,,7
13,2,1,1.0,0.25,run13_bs2000_N2_M1_G1_CG0p25_interval20_step40_cooldown_for_k11,20,40,True,11.0,0.00073,12.0,0.00044,1,,0.867345,,8
13,2,1,1.0,0.25,run13_bs2000_N2_M1_G1_CG0p25_interval20_step40,20,40,False,,0.0012,10.0,0.0012,2,1,0.867376,0.867335,3
13,2,1,1.0,0.25,run13_bs2000_N2_M1_G1_CG0p25_interval21_step42_cooldown_for_k9,21,42,True,9.0,0.00073,12.0,0.00044,1,,0.867289,,8
13,2,1,1.0,0.25,run13_bs2000_N2_M1_G1_CG0p25_interval21_step42_cooldown_for_k10,21,42,True,10.0,0.00073,11.0,0.00073,1,,0.867284,,7
13,2,1,1.0,0.25,run13_bs2000_N2_M1_G1_CG0p25_interval21_step42_cooldown_for_k11,21,42,True,11.0,0.00073,12.0,0.00044,1,,0.867289,,8
13,2,1,1.0,0.25,run13_bs2000_N2_M1_G1_CG0p25_interval21_step42,21,42,False,,0.0012,10.0,0.0012,2,1,0.867319,0.867284,3
13,2,1,1.0,0.25,run13_bs2000_N2_M1_G1_CG0p25_interval22_step44_cooldown_for_k9,22,44,True,9.0,0.00073,12.0,0.00044,1,,0.867243,,8
13,2,1,1.0,0.25,run13_bs2000_N2_M1_G1_CG0p25_interval22_step44_cooldown_for_k10,22,44,True,10.0,0.00073,11.0,0.00073,1,,0.867237,,7
13,2,1,1.0,0.25,run13_bs2000_N2_M1_G1_CG0p25_interval22_step44_cooldown_for_k11,22,44,True,11.0,0.00073,12.0,0.00044,1,,0.867242,,8
13,2,1,1.0,0.25,run13_bs2000_N2_M1_G1_CG0p25_interval22_step44,22,44,False,,0.0012,10.0,0.0012,2,1,0.867273,0.867237,3
13,2,1,1.0,0.25,run13_bs2000_N2_M1_G1_CG0p25_interval23_step46_cooldown_for_k9,23,46,True,9.0,0.00073,12.0,0.00044,1,,0.867204,,8
13,2,1,1.0,0.25,run13_bs2000_N2_M1_G1_CG0p25_interval23_step46_cooldown_for_k10,23,46,True,10.0,0.00073,12.0,0.00044,1,,0.867198,,8
13,2,1,1.0,0.25,run13_bs2000_N2_M1_G1_CG0p25_interval23_step46_cooldown_for_k11,23,46,True,11.0,0.00073,12.0,0.00044,1,,0.867201,,8
13,2,1,1.0,0.25,run13_bs2000_N2_M1_G1_CG0p25_interval23_step46,23,46,False,,0.0012,10.0,0.0012,2,1,0.867232,0.867198,3
13,2,1,1.0,0.25,run13_bs2000_N2_M1_G1_CG0p25_interval24_step48,24,48,False,,0.0012,11.0,0.00073,2,0,0.867179,0.867179,4
14,2,1,0.25,0.25,run14_bs2000_N2_M1_G0p25_CG0p25_interval0_step0_cooldown_for_k-1,0,0,True,-1.0,0.2,0.0,0.2,1,,1.978827,,7
14,2,1,0.25,0.25,run14_bs2000_N2_M1_G0p25_CG0p25_interval0_step0_cooldown_for_k0,0,0,True,0.0,0.2,0.0,0.2,1,,1.96923,,7
14,2,1,0.25,0.25,run14_bs2000_N2_M1_G0p25_CG0p25_interval0_step0_cooldown_for_k1,0,0,True,1.0,0.2,0.0,0.2,1,,1.992906,,7
14,2,1,0.25,0.25,run14_bs2000_N2_M1_G0p25_CG0p25_interval0_step0_cooldown_for_k-0.5,0,0,True,-0.5,0.2,0.0,0.2,1,,1.973829,,7
14,2,1,0.25,0.25,run14_bs2000_N2_M1_G0p25_CG0p25_interval0_step0_cooldown_for_k0.5,0,0,True,0.5,0.2,0.0,0.2,1,,1.978706,,7
14,2,1,0.25,0.25,run14_bs2000_N2_M1_G0p25_CG0p25_interval0_step0_cooldown_for_k-0.25,0,0,True,-0.25,0.2,0.0,0.2,1,,1.970519,,7
14,2,1,0.25,0.25,run14_bs2000_N2_M1_G0p25_CG0p25_interval0_step0_cooldown_for_k0.25,0,0,True,0.25,0.2,0.0,0.2,1,,1.970006,,7
14,2,1,0.25,0.25,run14_bs2000_N2_M1_G0p25_CG0p25_interval0_step0,0,0,False,,0.2,0.0,0.2,2,1,2.203367,1.96923,7
14,2,1,0.25,0.25,run14_bs2000_N2_M1_G0p25_CG0p25_interval1_step2_cooldown_for_k-1,1,2,True,-1.0,0.2,2.0,0.072,1,,1.81041,,9
14,2,1,0.25,0.25,run14_bs2000_N2_M1_G0p25_CG0p25_interval1_step2_cooldown_for_k0,1,2,True,0.0,0.2,3.0,0.043,1,,1.622186,,10
14,2,1,0.25,0.25,run14_bs2000_N2_M1_G0p25_CG0p25_interval1_step2_cooldown_for_k1,1,2,True,1.0,0.2,3.0,0.043,1,,1.506376,,10
14,2,1,0.25,0.25,run14_bs2000_N2_M1_G0p25_CG0p25_interval1_step2_cooldown_for_k2,1,2,True,2.0,0.2,3.0,0.043,1,,1.539456,,10
14,2,1,0.25,0.25,run14_bs2000_N2_M1_G0p25_CG0p25_interval1_step2_cooldown_for_k0.5,1,2,True,0.5,0.2,3.0,0.043,1,,1.505875,,10
14,2,1,0.25,0.25,run14_bs2000_N2_M1_G0p25_CG0p25_interval1_step2_cooldown_for_k1.5,1,2,True,1.5,0.2,3.0,0.043,1,,1.507055,,10
14,2,1,0.25,0.25,run14_bs2000_N2_M1_G0p25_CG0p25_interval1_step2_cooldown_for_k0.25,1,2,True,0.25,0.2,2.0,0.072,1,,1.505141,,9
14,2,1,0.25,0.25,run14_bs2000_N2_M1_G0p25_CG0p25_interval1_step2_cooldown_for_k0.75,1,2,True,0.75,0.2,2.0,0.072,1,,1.45221,,9
14,2,1,0.25,0.25,run14_bs2000_N2_M1_G0p25_CG0p25_interval1_step2,1,2,False,,0.2,0.75,0.14,2,1,1.692395,1.45221,8
14,2,1,0.25,0.25,run14_bs2000_N2_M1_G0p25_CG0p25_interval2_step4_cooldown_for_k-0.25,2,4,True,-0.25,0.072,2.0,0.072,1,,1.553646,,7
14,2,1,0.25,0.25,run14_bs2000_N2_M1_G0p25_CG0p25_interval2_step4_cooldown_for_k0.75,2,4,True,0.75,0.072,2.0,0.072,1,,1.286623,,7
14,2,1,0.25,0.25,run14_bs2000_N2_M1_G0p25_CG0p25_interval2_step4_cooldown_for_k1.75,2,4,True,1.75,0.072,4.0,0.026,1,,1.218591,,9
14,2,1,0.25,0.25,run14_bs2000_N2_M1_G0p25_CG0p25_interval2_step4_cooldown_for_k2.75,2,4,True,2.75,0.072,4.0,0.026,1,,1.162078,,9
14,2,1,0.25,0.25,run14_bs2000_N2_M1_G0p25_CG0p25_interval2_step4_cooldown_for_k3.75,2,4,True,3.75,0.072,3.0,0.043,1,,1.15224,,8
14,2,1,0.25,0.25,run14_bs2000_N2_M1_G0p25_CG0p25_interval2_step4_cooldown_for_k4.75,2,4,True,4.75,0.072,2.0,0.072,1,,1.175439,,7
14,2,1,0.25,0.25,run14_bs2000_N2_M1_G0p25_CG0p25_interval2_step4_cooldown_for_k3.25,2,4,True,3.25,0.072,3.0,0.043,1,,1.164473,,8
14,2,1,0.25,0.25,run14_bs2000_N2_M1_G0p25_CG0p25_interval2_step4_cooldown_for_k4.25,2,4,True,4.25,0.072,2.0,0.072,1,,1.156246,,7
14,2,1,0.25,0.25,run14_bs2000_N2_M1_G0p25_CG0p25_interval2_step4_cooldown_for_k3.5,2,4,True,3.5,0.072,3.0,0.043,1,,1.158684,,8
14,2,1,0.25,0.25,run14_bs2000_N2_M1_G0p25_CG0p25_interval2_step4_cooldown_for_k4,2,4,True,4.0,0.072,2.0,0.072,1,,1.156755,,7
14,2,1,0.25,0.25,run14_bs2000_N2_M1_G0p25_CG0p25_interval2_step4,2,4,False,,0.14,3.75,0.029,2,1,1.288057,1.15224,10
14,2,1,0.25,0.25,run14_bs2000_N2_M1_G0p25_CG0p25_interval3_step6_cooldown_for_k2.75,3,6,True,2.75,0.043,4.0,0.026,1,,1.084349,,8
14,2,1,0.25,0.25,run14_bs2000_N2_M1_G0p25_CG0p25_interval3_step6_cooldown_for_k3.75,3,6,True,3.75,0.043,5.0,0.016,1,,1.046731,,9
14,2,1,0.25,0.25,run14_bs2000_N2_M1_G0p25_CG0p25_interval3_step6_cooldown_for_k4.75,3,6,True,4.75,0.043,3.0,0.043,1,,1.032335,,7
14,2,1,0.25,0.25,run14_bs2000_N2_M1_G0p25_CG0p25_interval3_step6_cooldown_for_k5.75,3,6,True,5.75,0.043,3.0,0.043,1,,1.024279,,7
14,2,1,0.25,0.25,run14_bs2000_N2_M1_G0p25_CG0p25_interval3_step6_cooldown_for_k6.75,3,6,True,6.75,0.043,3.0,0.043,1,,1.050413,,7
14,2,1,0.25,0.25,run14_bs2000_N2_M1_G0p25_CG0p25_interval3_step6_cooldown_for_k5.25,3,6,True,5.25,0.043,3.0,0.043,1,,1.023268,,7
14,2,1,0.25,0.25,run14_bs2000_N2_M1_G0p25_CG0p25_interval3_step6_cooldown_for_k6.25,3,6,True,6.25,0.043,3.0,0.043,1,,1.0389,,7
14,2,1,0.25,0.25,run14_bs2000_N2_M1_G0p25_CG0p25_interval3_step6_cooldown_for_k5,3,6,True,5.0,0.043,3.0,0.043,1,,1.023224,,7
14,2,1,0.25,0.25,run14_bs2000_N2_M1_G0p25_CG0p25_interval3_step6_cooldown_for_k5.5,3,6,True,5.5,0.043,3.0,0.043,1,,1.024021,,7
14,2,1,0.25,0.25,run14_bs2000_N2_M1_G0p25_CG0p25_interval3_step6,3,6,False,,0.029,5.0,0.016,2,1,1.115287,1.023224,9
14,2,1,0.25,0.25,run14_bs2000_N2_M1_G0p25_CG0p25_interval4_step8_cooldown_for_k4,4,8,True,4.0,0.043,5.0,0.016,1,,1.070555,,9
14,2,1,0.25,0.25,run14_bs2000_N2_M1_G0p25_CG0p25_interval4_step8_cooldown_for_k5,4,8,True,5.0,0.043,4.0,0.026,1,,0.967231,,8
14,2,1,0.25,0.25,run14_bs2000_N2_M1_G0p25_CG0p25_interval4_step8_cooldown_for_k6,4,8,True,6.0,0.043,4.0,0.026,1,,0.989009,,8
14,2,1,0.25,0.25,run14_bs2000_N2_M1_G0p25_CG0p25_interval4_step8_cooldown_for_k4.5,4,8,True,4.5,0.043,6.0,0.0093,1,,1.023445,,10
14,2,1,0.25,0.25,run14_bs2000_N2_M1_G0p25_CG0p25_interval4_step8_cooldown_for_k5.5,4,8,True,5.5,0.043,4.0,0.026,1,,0.971447,,8
14,2,1,0.25,0.25,run14_bs2000_N2_M1_G0p25_CG0p25_interval4_step8_cooldown_for_k4.75,4,8,True,4.75,0.043,6.0,0.0093,1,,1.025868,,10
14,2,1,0.25,0.25,run14_bs2000_N2_M1_G0p25_CG0p25_interval4_step8_cooldown_for_k5.25,4,8,True,5.25,0.043,5.0,0.016,1,,0.984498,,9
14,2,1,0.25,0.25,run14_bs2000_N2_M1_G0p25_CG0p25_interval4_step8,4,8,False,,0.016,5.0,0.016,2,1,0.994505,0.967231,7
14,2,1,0.25,0.25,run14_bs2000_N2_M1_G0p25_CG0p25_interval5_step10_cooldown_for_k4,5,10,True,4.0,0.026,5.0,0.016,1,,0.978126,,8
14,2,1,0.25,0.25,run14_bs2000_N2_M1_G0p25_CG0p25_interval5_step10_cooldown_for_k5,5,10,True,5.0,0.026,7.0,0.0056,1,,0.939504,,10
14,2,1,0.25,0.25,run14_bs2000_N2_M1_G0p25_CG0p25_interval5_step10_cooldown_for_k6,5,10,True,6.0,0.026,6.0,0.0093,1,,0.947917,,9
14,2,1,0.25,0.25,run14_bs2000_N2_M1_G0p25_CG0p25_interval5_step10_cooldown_for_k4.5,5,10,True,4.5,0.026,6.0,0.0093,1,,0.957105,,9
14,2,1,0.25,0.25,run14_bs2000_N2_M1_G0p25_CG0p25_interval5_step10_cooldown_for_k5.5,5,10,True,5.5,0.026,7.0,0.0056,1,,0.939746,,10
14,2,1,0.25,0.25,run14_bs2000_N2_M1_G0p25_CG0p25_interval5_step10_cooldown_for_k4.75,5,10,True,4.75,0.026,6.0,0.0093,1,,0.966391,,9
14,2,1,0.25,0.25,run14_bs2000_N2_M1_G0p25_CG0p25_interval5_step10_cooldown_for_k5.25,5,10,True,5.25,0.026,7.0,0.0056,1,,0.941774,,10
14,2,1,0.25,0.25,run14_bs2000_N2_M1_G0p25_CG0p25_interval5_step10,5,10,False,,0.016,5.0,0.016,2,1,0.929045,0.939504,7
14,2,1,0.25,0.25,run14_bs2000_N2_M1_G0p25_CG0p25_interval6_step12_cooldown_for_k4,6,12,True,4.0,0.0056,6.0,0.0093,1,,0.904828,,8
14,2,1,0.25,0.25,run14_bs2000_N2_M1_G0p25_CG0p25_interval6_step12_cooldown_for_k5,6,12,True,5.0,0.0056,6.0,0.0093,1,,0.89729,,8
14,2,1,0.25,0.25,run14_bs2000_N2_M1_G0p25_CG0p25_interval6_step12_cooldown_for_k6,6,12,True,6.0,0.0056,6.0,0.0093,1,,0.900341,,8
14,2,1,0.25,0.25,run14_bs2000_N2_M1_G0p25_CG0p25_interval6_step12_cooldown_for_k4.5,6,12,True,4.5,0.0056,6.0,0.0093,1,,0.896592,,8
14,2,1,0.25,0.25,run14_bs2000_N2_M1_G0p25_CG0p25_interval6_step12_cooldown_for_k5.5,6,12,True,5.5,0.0056,6.0,0.0093,1,,0.897337,,8
14,2,1,0.25,0.25,run14_bs2000_N2_M1_G0p25_CG0p25_interval6_step12_cooldown_for_k4.25,6,12,True,4.25,0.0056,6.0,0.0093,1,,0.899588,,8
14,2,1,0.25,0.25,run14_bs2000_N2_M1_G0p25_CG0p25_interval6_step12_cooldown_for_k4.75,6,12,True,4.75,0.0056,6.0,0.0093,1,,0.896261,,8
14,2,1,0.25,0.25,run14_bs2000_N2_M1_G0p25_CG0p25_interval6_step12,6,12,False,,0.016,4.75,0.018,2,1,0.921976,0.896261,7
14,2,1,0.25,0.25,run14_bs2000_N2_M1_G0p25_CG0p25_interval7_step14_cooldown_for_k3.75,7,14,True,3.75,0.0093,5.0,0.016,1,,0.909696,,8
14,2,1,0.25,0.25,run14_bs2000_N2_M1_G0p25_CG0p25_interval7_step14_cooldown_for_k4.75,7,14,True,4.75,0.0093,7.0,0.0056,1,,0.894957,,8
14,2,1,0.25,0.25,run14_bs2000_N2_M1_G0p25_CG0p25_interval7_step14_cooldown_for_k5.75,7,14,True,5.75,0.0093,7.0,0.0056,1,,0.891043,,8
14,2,1,0.25,0.25,run14_bs2000_N2_M1_G0p25_CG0p25_interval7_step14_cooldown_for_k6.75,7,14,True,6.75,0.0093,7.0,0.0056,1,,0.889542,,8
14,2,1,0.25,0.25,run14_bs2000_N2_M1_G0p25_CG0p25_interval7_step14_cooldown_for_k7.75,7,14,True,7.75,0.0093,6.0,0.0093,1,,0.892803,,7
14,2,1,0.25,0.25,run14_bs2000_N2_M1_G0p25_CG0p25_interval7_step14_cooldown_for_k6.25,7,14,True,6.25,0.0093,7.0,0.0056,1,,0.88875,,8
14,2,1,0.25,0.25,run14_bs2000_N2_M1_G0p25_CG0p25_interval7_step14_cooldown_for_k7.25,7,14,True,7.25,0.0093,7.0,0.0056,1,,0.891597,,8
14,2,1,0.25,0.25,run14_bs2000_N2_M1_G0p25_CG0p25_interval7_step14_cooldown_for_k6,7,14,True,6.0,0.0093,7.0,0.0056,1,,0.888779,,8
14,2,1,0.25,0.25,run14_bs2000_N2_M1_G0p25_CG0p25_interval7_step14_cooldown_for_k6.5,7,14,True,6.5,0.0093,7.0,0.0056,1,,0.888537,,8
14,2,1,0.25,0.25,run14_bs2000_N2_M1_G0p25_CG0p25_interval7_step14,7,14,False,,0.018,6.5,0.0072,2,1,0.896095,0.888537,9
14,2,1,0.25,0.25,run14_bs2000_N2_M1_G0p25_CG0p25_interval8_step16_cooldown_for_k5.5,8,16,True,5.5,0.0056,8.0,0.0034,1,,0.883721,,8
14,2,1,0.25,0.25,run14_bs2000_N2_M1_G0p25_CG0p25_interval8_step16_cooldown_for_k6.5,8,16,True,6.5,0.0056,8.5,0.0026,1,,0.881775,,8
14,2,1,0.25,0.25,run14_bs2000_N2_M1_G0p25_CG0p25_interval8_step16_cooldown_for_k7.5,8,16,True,7.5,0.0056,8.0,0.0034,1,,0.882617,,8
14,2,1,0.25,0.25,run14_bs2000_N2_M1_G0p25_CG0p25_interval8_step16_cooldown_for_k6,8,16,True,6.0,0.0056,8.0,0.0034,1,,0.88236,,8
14,2,1,0.25,0.25,run14_bs2000_N2_M1_G0p25_CG0p25_interval8_step16_cooldown_for_k7,8,16,True,7.0,0.0056,8.0,0.0034,1,,0.882066,,8
14,2,1,0.25,0.25,run14_bs2000_N2_M1_G0p25_CG0p25_interval8_step16_cooldown_for_k6.25,8,16,True,6.25,0.0056,8.0,0.0034,1,,0.882266,,8
14,2,1,0.25,0.25,run14_bs2000_N2_M1_G0p25_CG0p25_interval8_step16_cooldown_for_k6.75,8,16,True,6.75,0.0056,9.0,0.002,1,,0.882087,,9
14,2,1,0.25,0.25,run14_bs2000_N2_M1_G0p25_CG0p25_interval8_step16,8,16,False,,0.0072,6.5,0.0072,2,1,0.883561,0.881775,7
14,2,1,0.25,0.25,run14_bs2000_N2_M1_G0p25_CG0p25_interval9_step18_cooldown_for_k5.5,9,18,True,5.5,0.0026,7.5,0.0043,1,,0.878061,,8
14,2,1,0.25,0.25,run14_bs2000_N2_M1_G0p25_CG0p25_interval9_step18_cooldown_for_k6.5,9,18,True,6.5,0.0026,8.5,0.0026,1,,0.877448,,7
14,2,1,0.25,0.25,run14_bs2000_N2_M1_G0p25_CG0p25_interval9_step18_cooldown_for_k7.5,9,18,True,7.5,0.0026,8.5,0.0026,1,,0.878341,,7
14,2,1,0.25,0.25,run14_bs2000_N2_M1_G0p25_CG0p25_interval9_step18_cooldown_for_k6,9,18,True,6.0,0.0026,7.5,0.0043,1,,0.877345,,8
14,2,1,0.25,0.25,run14_bs2000_N2_M1_G0p25_CG0p25_interval9_step18_cooldown_for_k7,9,18,True,7.0,0.0026,8.5,0.0026,1,,0.877557,,7
14,2,1,0.25,0.25,run14_bs2000_N2_M1_G0p25_CG0p25_interval9_step18_cooldown_for_k5.75,9,18,True,5.75,0.0026,7.5,0.0043,1,,0.877505,,8
14,2,1,0.25,0.25,run14_bs2000_N2_M1_G0p25_CG0p25_interval9_step18_cooldown_for_k6.25,9,18,True,6.25,0.0026,7.5,0.0043,1,,0.876793,,8
14,2,1,0.25,0.25,run14_bs2000_N2_M1_G0p25_CG0p25_interval9_step18,9,18,False,,0.0072,6.25,0.0082,2,1,0.88292,0.876793,7
14,2,1,0.25,0.25,run14_bs2000_N2_M1_G0p25_CG0p25_interval10_step20_cooldown_for_k5.25,10,20,True,5.25,0.0043,6.5,0.0072,1,,0.877875,,8
14,2,1,0.25,0.25,run14_bs2000_N2_M1_G0p25_CG0p25_interval10_step20_cooldown_for_k6.25,10,20,True,6.25,0.0043,8.5,0.0026,1,,0.876381,,8
14,2,1,0.25,0.25,run14_bs2000_N2_M1_G0p25_CG0p25_interval10_step20_cooldown_for_k7.25,10,20,True,7.25,0.0043,8.5,0.0026,1,,0.875808,,8
14,2,1,0.25,0.25,run14_bs2000_N2_M1_G0p25_CG0p25_interval10_step20_cooldown_for_k8.25,10,20,True,8.25,0.0043,8.5,0.0026,1,,0.875568,,8
14,2,1,0.25,0.25,run14_bs2000_N2_M1_G0p25_CG0p25_interval10_step20_cooldown_for_k9.25,10,20,True,9.25,0.0043,8.5,0.0026,1,,0.87625,,8
14,2,1,0.25,0.25,run14_bs2000_N2_M1_G0p25_CG0p25_interval10_step20_cooldown_for_k7.75,10,20,True,7.75,0.0043,8.5,0.0026,1,,0.875452,,8
14,2,1,0.25,0.25,run14_bs2000_N2_M1_G0p25_CG0p25_interval10_step20_cooldown_for_k8.75,10,20,True,8.75,0.0043,8.5,0.0026,1,,0.875984,,8
14,2,1,0.25,0.25,run14_bs2000_N2_M1_G0p25_CG0p25_interval10_step20_cooldown_for_k7.5,10,20,True,7.5,0.0043,7.5,0.0043,1,,0.875375,,7
14,2,1,0.25,0.25,run14_bs2000_N2_M1_G0p25_CG0p25_interval10_step20_cooldown_for_k8,10,20,True,8.0,0.0043,8.5,0.0026,1,,0.875438,,8
14,2,1,0.25,0.25,run14_bs2000_N2_M1_G0p25_CG0p25_interval10_step20,10,20,False,,0.0082,7.5,0.0043,2,1,0.87791,0.875375,9
14,2,1,0.25,0.25,run14_bs2000_N2_M1_G0p25_CG0p25_interval11_step22_cooldown_for_k6.5,11,22,True,6.5,0.0043,8.5,0.0026,1,,0.874749,,8
14,2,1,0.25,0.25,run14_bs2000_N2_M1_G0p25_CG0p25_interval11_step22_cooldown_for_k7.5,11,22,True,7.5,0.0043,9.5,0.0016,1,,0.873878,,9
14,2,1,0.25,0.25,run14_bs2000_N2_M1_G0p25_CG0p25_interval11_step22_cooldown_for_k8.5,11,22,True,8.5,0.0043,8.5,0.0026,1,,0.873964,,8
14,2,1,0.25,0.25,run14_bs2000_N2_M1_G0p25_CG0p25_interval11_step22_cooldown_for_k7,11,22,True,7.0,0.0043,8.5,0.0026,1,,0.87431,,8
14,2,1,0.25,0.25,run14_bs2000_N2_M1_G0p25_CG0p25_interval11_step22_cooldown_for_k8,11,22,True,8.0,0.0043,9.5,0.0016,1,,0.873805,,9
14,2,1,0.25,0.25,run14_bs2000_N2_M1_G0p25_CG0p25_interval11_step22_cooldown_for_k7.75,11,22,True,7.75,0.0043,9.5,0.0016,1,,0.873928,,9
14,2,1,0.25,0.25,run14_bs2000_N2_M1_G0p25_CG0p25_interval11_step22_cooldown_for_k8.25,11,22,True,8.25,0.0043,8.5,0.0026,1,,0.873847,,8
14,2,1,0.25,0.25,run14_bs2000_N2_M1_G0p25_CG0p25_interval11_step22,11,22,False,,0.0043,8.0,0.0034,2,1,0.874502,0.873805,7
14,2,1,0.25,0.25,run14_bs2000_N2_M1_G0p25_CG0p25_interval12_step24_cooldown_for_k7,12,24,True,7.0,0.0016,8.5,0.0026,1,,0.872773,,8
14,2,1,0.25,0.25,run14_bs2000_N2_M1_G0p25_CG0p25_interval12_step24_cooldown_for_k8,12,24,True,8.0,0.0016,9.5,0.0016,1,,0.872554,,7
14,2,1,0.25,0.25,run14_bs2000_N2_M1_G0p25_CG0p25_interval12_step24_cooldown_for_k9,12,24,True,9.0,0.0016,9.5,0.0016,1,,0.87282,,7
14,2,1,0.25,0.25,run14_bs2000_N2_M1_G0p25_CG0p25_interval12_step24_cooldown_for_k7.5,12,24,True,7.5,0.0016,8.5,0.0026,1,,0.872633,,8
14,2,1,0.25,0.25,run14_bs2000_N2_M1_G0p25_CG0p25_interval12_step24_cooldown_for_k8.5,12,24,True,8.5,0.0016,9.5,0.0016,1,,0.87267,,7
14,2,1,0.25,0.25,run14_bs2000_N2_M1_G0p25_CG0p25_interval12_step24_cooldown_for_k7.75,12,24,True,7.75,0.0016,8.5,0.0026,1,,0.872655,,8
14,2,1,0.25,0.25,run14_bs2000_N2_M1_G0p25_CG0p25_interval12_step24_cooldown_for_k8.25,12,24,True,8.25,0.0016,9.5,0.0016,1,,0.872643,,7
14,2,1,0.25,0.25,run14_bs2000_N2_M1_G0p25_CG0p25_interval12_step24,12,24,False,,0.0034,8.0,0.0034,2,1,0.873223,0.872554,7
14,2,1,0.25,0.25,run14_bs2000_N2_M1_G0p25_CG0p25_interval13_step26_cooldown_for_k7,13,26,True,7.0,0.0016,8.5,0.0026,1,,0.871834,,8
14,2,1,0.25,0.25,run14_bs2000_N2_M1_G0p25_CG0p25_interval13_step26_cooldown_for_k8,13,26,True,8.0,0.0016,9.5,0.0016,1,,0.871795,,7
14,2,1,0.25,0.25,run14_bs2000_N2_M1_G0p25_CG0p25_interval13_step26_cooldown_for_k9,13,26,True,9.0,0.0016,10.5,0.00094,1,,0.871853,,8
14,2,1,0.25,0.25,run14_bs2000_N2_M1_G0p25_CG0p25_interval13_step26_cooldown_for_k7.5,13,26,True,7.5,0.0016,8.5,0.0026,1,,0.871784,,8
14,2,1,0.25,0.25,run14_bs2000_N2_M1_G0p25_CG0p25_interval13_step26_cooldown_for_k8.5,13,26,True,8.5,0.0016,9.5,0.0016,1,,0.871804,,7
14,2,1,0.25,0.25,run14_bs2000_N2_M1_G0p25_CG0p25_interval13_step26_cooldown_for_k7.25,13,26,True,7.25,0.0016,8.5,0.0026,1,,0.871637,,8
14,2,1,0.25,0.25,run14_bs2000_N2_M1_G0p25_CG0p25_interval13_step26_cooldown_for_k7.75,13,26,True,7.75,0.0016,8.5,0.0026,1,,0.87164,,8
14,2,1,0.25,0.25,run14_bs2000_N2_M1_G0p25_CG0p25_interval13_step26,13,26,False,,0.0034,7.25,0.0049,2,1,0.873148,0.871637,7
14,2,1,0.25,0.25,run14_bs2000_N2_M1_G0p25_CG0p25_interval14_step28_cooldown_for_k6.25,14,28,True,6.25,0.0026,9.5,0.0016,1,,0.871379,,8
14,2,1,0.25,0.25,run14_bs2000_N2_M1_G0p25_CG0p25_interval14_step28_cooldown_for_k7.25,14,28,True,7.25,0.0026,9.5,0.0016,1,,0.871276,,8
14,2,1,0.25,0.25,run14_bs2000_N2_M1_G0p25_CG0p25_interval14_step28_cooldown_for_k8.25,14,28,True,8.25,0.0026,10.5,0.00094,1,,0.87131,,9
14,2,1,0.25,0.25,run14_bs2000_N2_M1_G0p25_CG0p25_interval14_step28_cooldown_for_k6.75,14,28,True,6.75,0.0026,8.5,0.0026,1,,0.871429,,7
14,2,1,0.25,0.25,run14_bs2000_N2_M1_G0p25_CG0p25_interval14_step28_cooldown_for_k7.75,14,28,True,7.75,0.0026,9.5,0.0016,1,,0.871401,,8
14,2,1,0.25,0.25,run14_bs2000_N2_M1_G0p25_CG0p25_interval14_step28_cooldown_for_k7,14,28,True,7.0,0.0026,8.5,0.0026,1,,0.871432,,7
14,2,1,0.25,0.25,run14_bs2000_N2_M1_G0p25_CG0p25_interval14_step28_cooldown_for_k7.5,14,28,True,7.5,0.0026,8.5,0.0026,1,,0.871436,,7
14,2,1,0.25,0.25,run14_bs2000_N2_M1_G0p25_CG0p25_interval14_step28,14,28,False,,0.0049,7.25,0.0049,2,1,0.871903,0.871276,7
14,2,1,0.25,0.25,run14_bs2000_N2_M1_G0p25_CG0p25_interval15_step30_cooldown_for_k6.25,15,30,True,6.25,0.0016,8.5,0.0026,1,,0.870446,,8
14,2,1,0.25,0.25,run14_bs2000_N2_M1_G0p25_CG0p25_interval15_step30_cooldown_for_k7.25,15,30,True,7.25,0.0016,8.5,0.0026,1,,0.870285,,8
14,2,1,0.25,0.25,run14_bs2000_N2_M1_G0p25_CG0p25_interval15_step30_cooldown_for_k8.25,15,30,True,8.25,0.0016,9.5,0.0016,1,,0.870517,,7
14,2,1,0.25,0.25,run14_bs2000_N2_M1_G0p25_CG0p25_interval15_step30_cooldown_for_k6.75,15,30,True,6.75,0.0016,8.5,0.0026,1,,0.870319,,8
14,2,1,0.25,0.25,run14_bs2000_N2_M1_G0p25_CG0p25_interval15_step30_cooldown_for_k7.75,15,30,True,7.75,0.0016,8.5,0.0026,1,,0.870332,,8
14,2,1,0.25,0.25,run14_bs2000_N2_M1_G0p25_CG0p25_interval15_step30_cooldown_for_k7,15,30,True,7.0,0.0016,8.5,0.0026,1,,0.870317,,8
14,2,1,0.25,0.25,run14_bs2000_N2_M1_G0p25_CG0p25_interval15_step30_cooldown_for_k7.5,15,30,True,7.5,0.0016,8.5,0.0026,1,,0.870314,,8
14,2,1,0.25,0.25,run14_bs2000_N2_M1_G0p25_CG0p25_interval15_step30,15,30,False,,0.0049,7.25,0.0049,2,1,0.871935,0.870285,7
14,2,1,0.25,0.25,run14_bs2000_N2_M1_G0p25_CG0p25_interval16_step32_cooldown_for_k6.25,16,32,True,6.25,0.0026,9.5,0.0016,1,,0.870267,,8
14,2,1,0.25,0.25,run14_bs2000_N2_M1_G0p25_CG0p25_interval16_step32_cooldown_for_k7.25,16,32,True,7.25,0.0026,9.5,0.0016,1,,0.870131,,8
14,2,1,0.25,0.25,run14_bs2000_N2_M1_G0p25_CG0p25_interval16_step32_cooldown_for_k8.25,16,32,True,8.25,0.0026,10.5,0.00094,1,,0.870075,,9
14,2,1,0.25,0.25,run14_bs2000_N2_M1_G0p25_CG0p25_interval16_step32_cooldown_for_k9.25,16,32,True,9.25,0.0026,9.5,0.0016,1,,0.869977,,8
14,2,1,0.25,0.25,run14_bs2000_N2_M1_G0p25_CG0p25_interval16_step32_cooldown_for_k10.25,16,32,True,10.25,0.0026,10.5,0.00094,1,,0.870243,,9
14,2,1,0.25,0.25,run14_bs2000_N2_M1_G0p25_CG0p25_interval16_step32_cooldown_for_k8.75,16,32,True,8.75,0.0026,9.5,0.0016,1,,0.869886,,8
14,2,1,0.25,0.25,run14_bs2000_N2_M1_G0p25_CG0p25_interval16_step32_cooldown_for_k9.75,16,32,True,9.75,0.0026,9.5,0.0016,1,,0.870162,,8
14,2,1,0.25,0.25,run14_bs2000_N2_M1_G0p25_CG0p25_interval16_step32_cooldown_for_k8.5,16,32,True,8.5,0.0026,9.5,0.0016,1,,0.86988,,8
14,2,1,0.25,0.25,run14_bs2000_N2_M1_G0p25_CG0p25_interval16_step32_cooldown_for_k9,16,32,True,9.0,0.0026,9.5,0.0016,1,,0.869927,,8
14,2,1,0.25,0.25,run14_bs2000_N2_M1_G0p25_CG0p25_interval16_step32,16,32,False,,0.0049,8.5,0.0026,2,1,0.870386,0.86988,9
14,2,1,0.25,0.25,run14_bs2000_N2_M1_G0p25_CG0p25_interval17_step34_cooldown_for_k7.5,17,34,True,7.5,0.0016,9.5,0.0016,1,,0.869589,,7
14,2,1,0.25,0.25,run14_bs2000_N2_M1_G0p25_CG0p25_interval17_step34_cooldown_for_k8.5,17,34,True,8.5,0.0016,10.5,0.00094,1,,0.869438,,8
14,2,1,0.25,0.25,run14_bs2000_N2_M1_G0p25_CG0p25_interval17_step34_cooldown_for_k9.5,17,34,True,9.5,0.0016,10.5,0.00094,1,,0.869445,,8
14,2,1,0.25,0.25,run14_bs2000_N2_M1_G0p25_CG0p25_interval17_step34_cooldown_for_k8,17,34,True,8.0,0.0016,9.5,0.0016,1,,0.869478,,7
14,2,1,0.25,0.25,run14_bs2000_N2_M1_G0p25_CG0p25_interval17_step34_cooldown_for_k9,17,34,True,9.0,0.0016,10.5,0.00094,1,,0.869428,,8
14,2,1,0.25,0.25,run14_bs2000_N2_M1_G0p25_CG0p25_interval17_step34_cooldown_for_k8.75,17,34,True,8.75,0.0016,10.5,0.00094,1,,0.869455,,8
14,2,1,0.25,0.25,run14_bs2000_N2_M1_G0p25_CG0p25_interval17_step34_cooldown_for_k9.25,17,34,True,9.25,0.0016,10.5,0.00094,1,,0.869442,,8
14,2,1,0.25,0.25,run14_bs2000_N2_M1_G0p25_CG0p25_interval17_step34,17,34,False,,0.0026,9.0,0.002,2,1,0.869611,0.869428,7
14,2,1,0.25,0.25,run14_bs2000_N2_M1_G0p25_CG0p25_interval18_step36_cooldown_for_k8,18,36,True,8.0,0.00094,10.5,0.00094,1,,0.86912,,7
14,2,1,0.25,0.25,run14_bs2000_N2_M1_G0p25_CG0p25_interval18_step36_cooldown_for_k9,18,36,True,9.0,0.00094,10.5,0.00094,1,,0.869041,,7
14,2,1,0.25,0.25,run14_bs2000_N2_M1_G0p25_CG0p25_interval18_step36_cooldown_for_k10,18,36,True,10.0,0.00094,11.5,0.00056,1,,0.869126,,8
14,2,1,0.25,0.25,run14_bs2000_N2_M1_G0p25_CG0p25_interval18_step36_cooldown_for_k8.5,18,36,True,8.5,0.00094,10.5,0.00094,1,,0.869068,,7
14,2,1,0.25,0.25,run14_bs2000_N2_M1_G0p25_CG0p25_interval18_step36_cooldown_for_k9.5,18,36,True,9.5,0.00094,10.5,0.00094,1,,0.869071,,7
14,2,1,0.25,0.25,run14_bs2000_N2_M1_G0p25_CG0p25_interval18_step36_cooldown_for_k8.75,18,36,True,8.75,0.00094,10.5,0.00094,1,,0.869068,,7
14,2,1,0.25,0.25,run14_bs2000_N2_M1_G0p25_CG0p25_interval18_step36_cooldown_for_k9.25,18,36,True,9.25,0.00094,10.5,0.00094,1,,0.869065,,7
14,2,1,0.25,0.25,run14_bs2000_N2_M1_G0p25_CG0p25_interval18_step36,18,36,False,,0.002,9.0,0.002,2,1,0.869308,0.869041,7
14,2,1,0.25,0.25,run14_bs2000_N2_M1_G0p25_CG0p25_interval19_step38_cooldown_for_k8,19,38,True,8.0,0.00094,10.5,0.00094,1,,0.868864,,7
14,2,1,0.25,0.25,run14_bs2000_N2_M1_G0p25_CG0p25_interval19_step38_cooldown_for_k9,19,38,True,9.0,0.00094,10.5,0.00094,1,,0.868804,,7
14,2,1,0.25,0.25,run14_bs2000_N2_M1_G0p25_CG0p25_interval19_step38_cooldown_for_k10,19,38,True,10.0,0.00094,11.5,0.00056,1,,0.868826,,8
14,2,1,0.25,0.25,run14_bs2000_N2_M1_G0p25_CG0p25_interval19_step38_cooldown_for_k8.5,19,38,True,8.5,0.00094,10.5,0.00094,1,,0.868808,,7
14,2,1,0.25,0.25,run14_bs2000_N2_M1_G0p25_CG0p25_interval19_step38_cooldown_for_k9.5,19,38,True,9.5,0.00094,10.5,0.00094,1,,0.868803,,7
14,2,1,0.25,0.25,run14_bs2000_N2_M1_G0p25_CG0p25_interval19_step38_cooldown_for_k9.25,19,38,True,9.25,0.00094,10.5,0.00094,1,,0.868813,,7
14,2,1,0.25,0.25,run14_bs2000_N2_M1_G0p25_CG0p25_interval19_step38_cooldown_for_k9.75,19,38,True,9.75,0.00094,11.5,0.00056,1,,0.868812,,8
14,2,1,0.25,0.25,run14_bs2000_N2_M1_G0p25_CG0p25_interval19_step38,19,38,False,,0.002,9.5,0.0016,2,1,0.86899,0.868803,7
14,2,1,0.25,0.25,run14_bs2000_N2_M1_G0p25_CG0p25_interval20_step40_cooldown_for_k8.5,20,40,True,8.5,0.00094,11.5,0.00056,1,,0.868669,,8
14,2,1,0.25,0.25,run14_bs2000_N2_M1_G0p25_CG0p25_interval20_step40_cooldown_for_k9.5,20,40,True,9.5,0.00094,11.5,0.00056,1,,0.868625,,8
14,2,1,0.25,0.25,run14_bs2000_N2_M1_G0p25_CG0p25_interval20_step40_cooldown_for_k10.5,20,40,True,10.5,0.00094,11.5,0.00056,1,,0.868628,,8
14,2,1,0.25,0.25,run14_bs2000_N2_M1_G0p25_CG0p25_interval20_step40_cooldown_for_k9,20,40,True,9.0,0.00094,10.5,0.00094,1,,0.868629,,7
14,2,1,0.25,0.25,run14_bs2000_N2_M1_G0p25_CG0p25_interval20_step40_cooldown_for_k10,20,40,True,10.0,0.00094,11.5,0.00056,1,,0.868619,,8
14,2,1,0.25,0.25,run14_bs2000_N2_M1_G0p25_CG0p25_interval20_step40_cooldown_for_k9.75,20,40,True,9.75,0.00094,11.5,0.00056,1,,0.868632,,8
14,2,1,0.25,0.25,run14_bs2000_N2_M1_G0p25_CG0p25_interval20_step40_cooldown_for_k10.25,20,40,True,10.25,0.00094,11.5,0.00056,1,,0.868623,,8
14,2,1,0.25,0.25,run14_bs2000_N2_M1_G0p25_CG0p25_interval20_step40,20,40,False,,0.0016,10.0,0.0012,2,1,0.868703,0.868619,7
14,2,1,0.25,0.25,run14_bs2000_N2_M1_G0p25_CG0p25_interval21_step42_cooldown_for_k9,21,42,True,9.0,0.00056,10.5,0.00094,1,,0.86843,,8
14,2,1,0.25,0.25,run14_bs2000_N2_M1_G0p25_CG0p25_interval21_step42_cooldown_for_k10,21,42,True,10.0,0.00056,10.5,0.00094,1,,0.868429,,8
14,2,1,0.25,0.25,run14_bs2000_N2_M1_G0p25_CG0p25_interval21_step42_cooldown_for_k11,21,42,True,11.0,0.00056,11.5,0.00056,1,,0.868454,,7
14,2,1,0.25,0.25,run14_bs2000_N2_M1_G0p25_CG0p25_interval21_step42_cooldown_for_k9.5,21,42,True,9.5,0.00056,10.5,0.00094,1,,0.868416,,8
14,2,1,0.25,0.25,run14_bs2000_N2_M1_G0p25_CG0p25_interval21_step42_cooldown_for_k10.5,21,42,True,10.5,0.00056,11.5,0.00056,1,,0.868436,,7
14,2,1,0.25,0.25,run14_bs2000_N2_M1_G0p25_CG0p25_interval21_step42_cooldown_for_k9.25,21,42,True,9.25,0.00056,10.5,0.00094,1,,0.868394,,8
14,2,1,0.25,0.25,run14_bs2000_N2_M1_G0p25_CG0p25_interval21_step42_cooldown_for_k9.75,21,42,True,9.75,0.00056,10.5,0.00094,1,,0.868392,,8
14,2,1,0.25,0.25,run14_bs2000_N2_M1_G0p25_CG0p25_interval21_step42,21,42,False,,0.0012,9.75,0.0014,2,1,0.868601,0.868392,7
14,2,1,0.25,0.25,run14_bs2000_N2_M1_G0p25_CG0p25_interval22_step44_cooldown_for_k8.75,22,44,True,8.75,0.00094,11.5,0.00056,1,,0.868323,,8
14,2,1,0.25,0.25,run14_bs2000_N2_M1_G0p25_CG0p25_interval22_step44_cooldown_for_k9.75,22,44,True,9.75,0.00094,11.5,0.00056,1,,0.868313,,8
14,2,1,0.25,0.25,run14_bs2000_N2_M1_G0p25_CG0p25_interval22_step44_cooldown_for_k10.75,22,44,True,10.75,0.00094,11.5,0.00056,1,,0.86829,,8
14,2,1,0.25,0.25,run14_bs2000_N2_M1_G0p25_CG0p25_interval22_step44_cooldown_for_k11.75,22,44,True,11.75,0.00094,11.5,0.00056,1,,0.86834,,8
14,2,1,0.25,0.25,run14_bs2000_N2_M1_G0p25_CG0p25_interval22_step44_cooldown_for_k10.25,22,44,True,10.25,0.00094,12.5,0.00034,1,,0.868309,,9
14,2,1,0.25,0.25,run14_bs2000_N2_M1_G0p25_CG0p25_interval22_step44_cooldown_for_k11.25,22,44,True,11.25,0.00094,11.5,0.00056,1,,0.868308,,8
14,2,1,0.25,0.25,run14_bs2000_N2_M1_G0p25_CG0p25_interval22_step44_cooldown_for_k10.5,22,44,True,10.5,0.00094,11.5,0.00056,1,,0.868289,,8
14,2,1,0.25,0.25,run14_bs2000_N2_M1_G0p25_CG0p25_interval22_step44_cooldown_for_k11,22,44,True,11.0,0.00094,11.5,0.00056,1,,0.868291,,8
14,2,1,0.25,0.25,run14_bs2000_N2_M1_G0p25_CG0p25_interval22_step44,22,44,False,,0.0014,10.5,0.00094,2,1,0.868316,0.868289,8
14,2,1,0.25,0.25,run14_bs2000_N2_M1_G0p25_CG0p25_interval23_step46_cooldown_for_k9.5,23,46,True,9.5,0.00056,10.5,0.00094,1,,0.868137,,8
14,2,1,0.25,0.25,run14_bs2000_N2_M1_G0p25_CG0p25_interval23_step46_cooldown_for_k10.5,23,46,True,10.5,0.00056,11.5,0.00056,1,,0.868123,,7
14,2,1,0.25,0.25,run14_bs2000_N2_M1_G0p25_CG0p25_interval23_step46_cooldown_for_k11.5,23,46,True,11.5,0.00056,11.5,0.00056,1,,0.868174,,7
14,2,1,0.25,0.25,run14_bs2000_N2_M1_G0p25_CG0p25_interval23_step46_cooldown_for_k10,23,46,True,10.0,0.00056,10.5,0.00094,1,,0.86813,,8
14,2,1,0.25,0.25,run14_bs2000_N2_M1_G0p25_CG0p25_interval23_step46_cooldown_for_k11,23,46,True,11.0,0.00056,11.5,0.00056,1,,0.868147,,7
14,2,1,0.25,0.25,run14_bs2000_N2_M1_G0p25_CG0p25_interval23_step46_cooldown_for_k10.25,23,46,True,10.25,0.00056,10.5,0.00094,1,,0.868135,,8
14,2,1,0.25,0.25,run14_bs2000_N2_M1_G0p25_CG0p25_interval23_step46_cooldown_for_k10.75,23,46,True,10.75,0.00056,11.5,0.00056,1,,0.868139,,7
14,2,1,0.25,0.25,run14_bs2000_N2_M1_G0p25_CG0p25_interval23_step46,23,46,False,,0.00094,10.5,0.00094,2,1,0.868183,0.868123,7
14,2,1,0.25,0.25,run14_bs2000_N2_M1_G0p25_CG0p25_interval24_step48,24,48,False,,0.00094,11.5,0.00056,2,0,0.86805,0.86805,8
15,2,2,1.0,1.0,run15_bs2000_N2_M2_G1_CG1_interval0_step0_cooldown_for_k-1,0,0,True,-1.0,0.2,2.0,0.072,2,,1.713692,,5
15,2,2,1.0,1.0,run15_bs2000_N2_M2_G1_CG1_interval0_step0_cooldown_for_k0,0,0,True,0.0,0.2,2.0,0.072,2,,1.638119,,5
15,2,2,1.0,1.0,run15_bs2000_N2_M2_G1_CG1_interval0_step0_cooldown_for_k1,0,0,True,1.0,0.2,2.0,0.072,2,,1.631049,,5
15,2,2,1.0,1.0,run15_bs2000_N2_M2_G1_CG1_interval0_step0_cooldown_for_k2,0,0,True,2.0,0.2,2.0,0.072,2,,1.663869,,5
15,2,2,1.0,1.0,run15_bs2000_N2_M2_G1_CG1_interval0_step0,0,0,False,,0.2,1.0,0.12,2,2,2.205666,1.631049,4
15,2,2,1.0,1.0,run15_bs2000_N2_M2_G1_CG1_interval1_step2_cooldown_for_k0,1,2,True,0.0,0.072,2.0,0.072,2,,1.212331,,3
15,2,2,1.0,1.0,run15_bs2000_N2_M2_G1_CG1_interval1_step2_cooldown_for_k1,1,2,True,1.0,0.072,2.0,0.072,2,,1.201774,,3
15,2,2,1.0,1.0,run15_bs2000_N2_M2_G1_CG1_interval1_step2_cooldown_for_k2,1,2,True,2.0,0.072,4.0,0.026,2,,1.201339,,5
15,2,2,1.0,1.0,run15_bs2000_N2_M2_G1_CG1_interval1_step2_cooldown_for_k3,1,2,True,3.0,0.072,4.0,0.026,2,,1.257215,,5
15,2,2,1.0,1.0,run15_bs2000_N2_M2_G1_CG1_interval1_step2,1,2,False,,0.12,2.0,0.072,2,2,1.565673,1.201339,4
15,2,2,1.0,1.0,run15_bs2000_N2_M2_G1_CG1_interval2_step4_cooldown_for_k1,2,4,True,1.0,0.026,3.0,0.043,2,,1.040269,,4
15,2,2,1.0,1.0,run15_bs2000_N2_M2_G1_CG1_interval2_step4_cooldown_for_k2,2,4,True,2.0,0.026,4.0,0.026,2,,0.988203,,3
15,2,2,1.0,1.0,run15_bs2000_N2_M2_G1_CG1_interval2_step4_cooldown_for_k3,2,4,True,3.0,0.026,4.0,0.026,2,,0.992908,,3
15,2,2,1.0,1.0,run15_bs2000_N2_M2_G1_CG1_interval2_step4,2,4,False,,0.072,2.0,0.072,2,2,1.219913,0.988203,3
15,2,2,1.0,1.0,run15_bs2000_N2_M2_G1_CG1_interval3_step6_cooldown_for_k1,3,6,True,1.0,0.026,3.0,0.043,2,,0.959939,,4
15,2,2,1.0,1.0,run15_bs2000_N2_M2_G1_CG1_interval3_step6_cooldown_for_k2,3,6,True,2.0,0.026,4.0,0.026,2,,0.921062,,3
15,2,2,1.0,1.0,run15_bs2000_N2_M2_G1_CG1_interval3_step6_cooldown_for_k3,3,6,True,3.0,0.026,5.0,0.016,2,,0.911186,,4
15,2,2,1.0,1.0,run15_bs2000_N2_M2_G1_CG1_interval3_step6_cooldown_for_k4,3,6,True,4.0,0.026,5.0,0.016,2,,0.920509,,4
15,2,2,1.0,1.0,run15_bs2000_N2_M2_G1_CG1_interval3_step6,3,6,False,,0.072,3.0,0.043,2,2,0.984097,0.911186,4
15,2,2,1.0,1.0,run15_bs2000_N2_M2_G1_CG1_interval4_step8_cooldown_for_k2,4,8,True,2.0,0.016,4.0,0.026,2,,0.902385,,4
15,2,2,1.0,1.0,run15_bs2000_N2_M2_G1_CG1_interval4_step8_cooldown_for_k3,4,8,True,3.0,0.016,4.0,0.026,2,,0.896317,,4
15,2,2,1.0,1.0,run15_bs2000_N2_M2_G1_CG1_interval4_step8_cooldown_for_k4,4,8,True,4.0,0.016,6.0,0.0093,2,,0.889442,,4
15,2,2,1.0,1.0,run15_bs2000_N2_M2_G1_CG1_interval4_step8_cooldown_for_k5,4,8,True,5.0,0.016,6.0,0.0093,2,,0.891247,,4
15,2,2,1.0,1.0,run15_bs2000_N2_M2_G1_CG1_interval4_step8,4,8,False,,0.043,4.0,0.026,2,2,0.915768,0.889442,4
15,2,2,1.0,1.0,run15_bs2000_N2_M2_G1_CG1_interval5_step10_cooldown_for_k3,5,10,True,3.0,0.0093,6.0,0.0093,2,,0.883656,,3
15,2,2,1.0,1.0,run15_bs2000_N2_M2_G1_CG1_interval5_step10_cooldown_for_k4,5,10,True,4.0,0.0093,6.0,0.0093,2,,0.882354,,3
15,2,2,1.0,1.0,run15_bs2000_N2_M2_G1_CG1_interval5_step10_cooldown_for_k5,5,10,True,5.0,0.0093,6.0,0.0093,2,,0.880198,,3
15,2,2,1.0,1.0,run15_bs2000_N2_M2_G1_CG1_interval5_step10_cooldown_for_k6,5,10,True,6.0,0.0093,7.0,0.0056,2,,0.881061,,4
15,2,2,1.0,1.0,run15_bs2000_N2_M2_G1_CG1_interval5_step10,5,10,False,,0.026,5.0,0.016,2,2,0.89167,0.880198,4
15,2,2,1.0,1.0,run15_bs2000_N2_M2_G1_CG1_interval6_step12_cooldown_for_k4,6,12,True,4.0,0.0093,7.0,0.0056,2,,0.878038,,4
15,2,2,1.0,1.0,run15_bs2000_N2_M2_G1_CG1_interval6_step12_cooldown_for_k5,6,12,True,5.0,0.0093,6.0,0.0093,2,,0.876297,,3
15,2,2,1.0,1.0,run15_bs2000_N2_M2_G1_CG1_interval6_step12_cooldown_for_k6,6,12,True,6.0,0.0093,7.0,0.0056,2,,0.875708,,4
15,2,2,1.0,1.0,run15_bs2000_N2_M2_G1_CG1_interval6_step12_cooldown_for_k7,6,12,True,7.0,0.0093,8.0,0.0034,2,,0.876625,,5
15,2,2,1.0,1.0,run15_bs2000_N2_M2_G1_CG1_interval6_step12,6,12,False,,0.016,6.0,0.0093,2,2,0.880508,0.875708,4
15,2,2,1.0,1.0,run15_bs2000_N2_M2_G1_CG1_interval7_step14_cooldown_for_k5,7,14,True,5.0,0.0056,7.0,0.0056,2,,0.87427,,3
15,2,2,1.0,1.0,run15_bs2000_N2_M2_G1_CG1_interval7_step14_cooldown_for_k6,7,14,True,6.0,0.0056,7.0,0.0056,2,,0.87308,,3
15,2,2,1.0,1.0,run15_bs2000_N2_M2_G1_CG1_interval7_step14_cooldown_for_k7,7,14,True,7.0,0.0056,8.0,0.0034,2,,0.873136,,4
15,2,2,1.0,1.0,run15_bs2000_N2_M2_G1_CG1_interval7_step14,7,14,False,,0.0093,6.0,0.0093,2,2,0.878657,0.87308,3
15,2,2,1.0,1.0,run15_bs2000_N2_M2_G1_CG1_interval8_step16_cooldown_for_k5,8,16,True,5.0,0.0056,8.0,0.0034,2,,0.872167,,4
15,2,2,1.0,1.0,run15_bs2000_N2_M2_G1_CG1_interval8_step16_cooldown_for_k6,8,16,True,6.0,0.0056,7.0,0.0056,2,,0.872104,,3
15,2,2,1.0,1.0,run15_bs2000_N2_M2_G1_CG1_interval8_step16_cooldown_for_k7,8,16,True,7.0,0.0056,8.0,0.0034,2,,0.871492,,4
15,2,2,1.0,1.0,run15_bs2000_N2_M2_G1_CG1_interval8_step16_cooldown_for_k8,8,16,True,8.0,0.0056,8.0,0.0034,2,,0.87184,,4
15,2,2,1.0,1.0,run15_bs2000_N2_M2_G1_CG1_interval8_step16,8,16,False,,0.0093,7.0,0.0056,2,2,0.873165,0.871492,4
15,2,2,1.0,1.0,run15_bs2000_N2_M2_G1_CG1_interval9_step18_cooldown_for_k6,9,18,True,6.0,0.0034,8.0,0.0034,2,,0.870797,,3
15,2,2,1.0,1.0,run15_bs2000_N2_M2_G1_CG1_interval9_step18_cooldown_for_k7,9,18,True,7.0,0.0034,8.0,0.0034,2,,0.870327,,3
15,2,2,1.0,1.0,run15_bs2000_N2_M2_G1_CG1_interval9_step18_cooldown_for_k8,9,18,True,8.0,0.0034,9.0,0.002,2,,0.870383,,4
15,2,2,1.0,1.0,run15_bs2000_N2_M2_G1_CG1_interval9_step18,9,18,False,,0.0056,7.0,0.0056,2,2,0.872374,0.870327,3
15,2,2,1.0,1.0,run15_bs2000_N2_M2_G1_CG1_interval10_step20_cooldown_for_k6,10,20,True,6.0,0.0034,8.0,0.0034,2,,0.869886,,3
15,2,2,1.0,1.0,run15_bs2000_N2_M2_G1_CG1_interval10_step20_cooldown_for_k7,10,20,True,7.0,0.0034,8.0,0.0034,2,,0.869566,,3
15,2,2,1.0,1.0,run15_bs2000_N2_M2_G1_CG1_interval10_step20_cooldown_for_k8,10,20,True,8.0,0.0034,9.0,0.002,2,,0.869465,,4
15,2,2,1.0,1.0,run15_bs2000_N2_M2_G1_CG1_interval10_step20_cooldown_for_k9,10,20,True,9.0,0.0034,9.0,0.002,2,,0.869806,,4
15,2,2,1.0,1.0,run15_bs2000_N2_M2_G1_CG1_interval10_step20,10,20,False,,0.0056,8.0,0.0034,2,2,0.870331,0.869465,4
15,2,2,1.0,1.0,run15_bs2000_N2_M2_G1_CG1_interval11_step22_cooldown_for_k7,11,22,True,7.0,0.002,9.0,0.002,2,,0.869106,,3
15,2,2,1.0,1.0,run15_bs2000_N2_M2_G1_CG1_interval11_step22_cooldown_for_k8,11,22,True,8.0,0.002,9.0,0.002,2,,0.868932,,3
15,2,2,1.0,1.0,run15_bs2000_N2_M2_G1_CG1_interval11_step22_cooldown_for_k9,11,22,True,9.0,0.002,9.0,0.002,2,,0.868997,,3
15,2,2,1.0,1.0,run15_bs2000_N2_M2_G1_CG1_interval11_step22,11,22,False,,0.0034,8.0,0.0034,2,2,0.869794,0.868932,3
15,2,2,1.0,1.0,run15_bs2000_N2_M2_G1_CG1_interval12_step24_cooldown_for_k7,12,24,True,7.0,0.002,9.0,0.002,2,,0.868579,,3
15,2,2,1.0,1.0,run15_bs2000_N2_M2_G1_CG1_interval12_step24_cooldown_for_k8,12,24,True,8.0,0.002,9.0,0.002,2,,0.868548,,3
15,2,2,1.0,1.0,run15_bs2000_N2_M2_G1_CG1_interval12_step24_cooldown_for_k9,12,24,True,9.0,0.002,9.0,0.002,2,,0.868616,,3
15,2,2,1.0,1.0,run15_bs2000_N2_M2_G1_CG1_interval12_step24,12,24,False,,0.0034,8.0,0.0034,2,2,0.869284,0.868548,3
15,2,2,1.0,1.0,run15_bs2000_N2_M2_G1_CG1_interval13_step26_cooldown_for_k7,13,26,True,7.0,0.002,9.0,0.002,2,,0.868345,,3
15,2,2,1.0,1.0,run15_bs2000_N2_M2_G1_CG1_interval13_step26_cooldown_for_k8,13,26,True,8.0,0.002,9.0,0.002,2,,0.868311,,3
15,2,2,1.0,1.0,run15_bs2000_N2_M2_G1_CG1_interval13_step26_cooldown_for_k9,13,26,True,9.0,0.002,10.0,0.0012,2,,0.868318,,4
15,2,2,1.0,1.0,run15_bs2000_N2_M2_G1_CG1_interval13_step26,13,26,False,,0.0034,8.0,0.0034,2,2,0.868979,0.868311,3
15,2,2,1.0,1.0,run15_bs2000_N2_M2_G1_CG1_interval14_step28_cooldown_for_k7,14,28,True,7.0,0.002,9.0,0.002,2,,0.868133,,3
15,2,2,1.0,1.0,run15_bs2000_N2_M2_G1_CG1_interval14_step28_cooldown_for_k8,14,28,True,8.0,0.002,9.0,0.002,2,,0.86811,,3
15,2,2,1.0,1.0,run15_bs2000_N2_M2_G1_CG1_interval14_step28_cooldown_for_k9,14,28,True,9.0,0.002,10.0,0.0012,2,,0.868077,,4
15,2,2,1.0,1.0,run15_bs2000_N2_M2_G1_CG1_interval14_step28_cooldown_for_k10,14,28,True,10.0,0.002,10.0,0.0012,2,,0.868168,,4
15,2,2,1.0,1.0,run15_bs2000_N2_M2_G1_CG1_interval14_step28,14,28,False,,0.0034,9.0,0.002,2,2,0.868337,0.868077,4
15,2,2,1.0,1.0,run15_bs2000_N2_M2_G1_CG1_interval15_step30_cooldown_for_k8,15,30,True,8.0,0.0012,10.0,0.0012,2,,0.867926,,3
15,2,2,1.0,1.0,run15_bs2000_N2_M2_G1_CG1_interval15_step30_cooldown_for_k9,15,30,True,9.0,0.0012,10.0,0.0012,2,,0.86788,,3
15,2,2,1.0,1.0,run15_bs2000_N2_M2_G1_CG1_interval15_step30_cooldown_for_k10,15,30,True,10.0,0.0012,11.0,0.00073,2,,0.867912,,4
15,2,2,1.0,1.0,run15_bs2000_N2_M2_G1_CG1_interval15_step30,15,30,False,,0.002,9.0,0.002,2,2,0.868242,0.86788,3
15,2,2,1.0,1.0,run15_bs2000_N2_M2_G1_CG1_interval16_step32_cooldown_for_k8,16,32,True,8.0,0.0012,10.0,0.0012,2,,0.867755,,3
15,2,2,1.0,1.0,run15_bs2000_N2_M2_G1_CG1_interval16_step32_cooldown_for_k9,16,32,True,9.0,0.0012,10.0,0.0012,2,,0.867723,,3
15,2,2,1.0,1.0,run15_bs2000_N2_M2_G1_CG1_interval16_step32_cooldown_for_k10,16,32,True,10.0,0.0012,11.0,0.00073,2,,0.867746,,4
15,2,2,1.0,1.0,run15_bs2000_N2_M2_G1_CG1_interval16_step32,16,32,False,,0.002,9.0,0.002,2,2,0.868027,0.867723,3
15,2,2,1.0,1.0,run15_bs2000_N2_M2_G1_CG1_interval17_step34_cooldown_for_k8,17,34,True,8.0,0.0012,10.0,0.0012,2,,0.867644,,3
15,2,2,1.0,1.0,run15_bs2000_N2_M2_G1_CG1_interval17_step34_cooldown_for_k9,17,34,True,9.0,0.0012,10.0,0.0012,2,,0.867611,,3
15,2,2,1.0,1.0,run15_bs2000_N2_M2_G1_CG1_interval17_step34_cooldown_for_k10,17,34,True,10.0,0.0012,11.0,0.00073,2,,0.867634,,4
15,2,2,1.0,1.0,run15_bs2000_N2_M2_G1_CG1_interval17_step34,17,34,False,,0.002,9.0,0.002,2,2,0.867925,0.867611,3
15,2,2,1.0,1.0,run15_bs2000_N2_M2_G1_CG1_interval18_step36_cooldown_for_k8,18,36,True,8.0,0.0012,10.0,0.0012,2,,0.86755,,3
15,2,2,1.0,1.0,run15_bs2000_N2_M2_G1_CG1_interval18_step36_cooldown_for_k9,18,36,True,9.0,0.0012,10.0,0.0012,2,,0.867526,,3
15,2,2,1.0,1.0,run15_bs2000_N2_M2_G1_CG1_interval18_step36_cooldown_for_k10,18,36,True,10.0,0.0012,11.0,0.00073,2,,0.867535,,4
15,2,2,1.0,1.0,run15_bs2000_N2_M2_G1_CG1_interval18_step36,18,36,False,,0.002,9.0,0.002,2,2,0.867809,0.867526,3
15,2,2,1.0,1.0,run15_bs2000_N2_M2_G1_CG1_interval19_step38_cooldown_for_k8,19,38,True,8.0,0.0012,10.0,0.0012,2,,0.867484,,3
15,2,2,1.0,1.0,run15_bs2000_N2_M2_G1_CG1_interval19_step38_cooldown_for_k9,19,38,True,9.0,0.0012,10.0,0.0012,2,,0.867447,,3
15,2,2,1.0,1.0,run15_bs2000_N2_M2_G1_CG1_interval19_step38_cooldown_for_k10,19,38,True,10.0,0.0012,12.0,0.00044,2,,0.867455,,5
15,2,2,1.0,1.0,run15_bs2000_N2_M2_G1_CG1_interval19_step38,19,38,False,,0.002,9.0,0.002,2,2,0.867732,0.867447,3
15,2,2,1.0,1.0,run15_bs2000_N2_M2_G1_CG1_interval20_step40_cooldown_for_k8,20,40,True,8.0,0.0012,10.0,0.0012,2,,0.86741,,3
15,2,2,1.0,1.0,run15_bs2000_N2_M2_G1_CG1_interval20_step40_cooldown_for_k9,20,40,True,9.0,0.0012,10.0,0.0012,2,,0.867385,,3
15,2,2,1.0,1.0,run15_bs2000_N2_M2_G1_CG1_interval20_step40_cooldown_for_k10,20,40,True,10.0,0.0012,12.0,0.00044,2,,0.867382,,5
15,2,2,1.0,1.0,run15_bs2000_N2_M2_G1_CG1_interval20_step40_cooldown_for_k11,20,40,True,11.0,0.0012,11.0,0.00073,2,,0.867419,,4
15,2,2,1.0,1.0,run15_bs2000_N2_M2_G1_CG1_interval20_step40,20,40,False,,0.002,10.0,0.0012,2,2,0.867452,0.867382,4
15,2,2,1.0,1.0,run15_bs2000_N2_M2_G1_CG1_interval21_step42_cooldown_for_k9,21,42,True,9.0,0.00044,11.0,0.00073,2,,0.867313,,4
15,2,2,1.0,1.0,run15_bs2000_N2_M2_G1_CG1_interval21_step42_cooldown_for_k10,21,42,True,10.0,0.00044,11.0,0.00073,2,,0.867305,,4
15,2,2,1.0,1.0,run15_bs2000_N2_M2_G1_CG1_interval21_step42_cooldown_for_k11,21,42,True,11.0,0.00044,12.0,0.00044,2,,0.867327,,3
15,2,2,1.0,1.0,run15_bs2000_N2_M2_G1_CG1_interval21_step42,21,42,False,,0.0012,10.0,0.0012,2,2,0.867444,0.867305,3
15,2,2,1.0,1.0,run15_bs2000_N2_M2_G1_CG1_interval22_step44_cooldown_for_k9,22,44,True,9.0,0.00073,11.0,0.00073,2,,0.867273,,3
15,2,2,1.0,1.0,run15_bs2000_N2_M2_G1_CG1_interval22_step44_cooldown_for_k10,22,44,True,10.0,0.00073,11.0,0.00073,2,,0.867256,,3
15,2,2,1.0,1.0,run15_bs2000_N2_M2_G1_CG1_interval22_step44_cooldown_for_k11,22,44,True,11.0,0.00073,12.0,0.00044,2,,0.867259,,4
15,2,2,1.0,1.0,run15_bs2000_N2_M2_G1_CG1_interval22_step44,22,44,False,,0.0012,10.0,0.0012,2,2,0.867368,0.867256,3
15,2,2,1.0,1.0,run15_bs2000_N2_M2_G1_CG1_interval23_step46_cooldown_for_k9,23,46,True,9.0,0.00073,11.0,0.00073,2,,0.867224,,3
15,2,2,1.0,1.0,run15_bs2000_N2_M2_G1_CG1_interval23_step46_cooldown_for_k10,23,46,True,10.0,0.00073,11.0,0.00073,2,,0.867219,,3
15,2,2,1.0,1.0,run15_bs2000_N2_M2_G1_CG1_interval23_step46_cooldown_for_k11,23,46,True,11.0,0.00073,12.0,0.00044,2,,0.867222,,4
15,2,2,1.0,1.0,run15_bs2000_N2_M2_G1_CG1_interval23_step46,23,46,False,,0.0012,10.0,0.0012,2,2,0.867331,0.867219,3
15,2,2,1.0,1.0,run15_bs2000_N2_M2_G1_CG1_interval24_step48,24,48,False,,0.0012,11.0,0.00073,2,0,0.867222,0.867222,4
16,2,2,1.0,0.25,run16_bs2000_N2_M2_G1_CG0p25_interval0_step0_cooldown_for_k-1,0,0,True,-1.0,0.2,1.75,0.082,2,,1.658855,,9
16,2,2,1.0,0.25,run16_bs2000_N2_M2_G1_CG0p25_interval0_step0_cooldown_for_k0,0,0,True,0.0,0.2,1.75,0.082,2,,1.580516,,9
16,2,2,1.0,0.25,run16_bs2000_N2_M2_G1_CG0p25_interval0_step0_cooldown_for_k1,0,0,True,1.0,0.2,2.25,0.063,2,,1.561156,,9
16,2,2,1.0,0.25,run16_bs2000_N2_M2_G1_CG0p25_interval0_step0_cooldown_for_k2,0,0,True,2.0,0.2,2.25,0.063,2,,1.60406,,9
16,2,2,1.0,0.25,run16_bs2000_N2_M2_G1_CG0p25_interval0_step0,0,0,False,,0.2,1.0,0.12,2,2,2.205666,1.561156,4
16,2,2,1.0,0.25,run16_bs2000_N2_M2_G1_CG0p25_interval1_step2_cooldown_for_k0,1,2,True,0.0,0.063,2.5,0.056,2,,1.225343,,7
16,2,2,1.0,0.25,run16_bs2000_N2_M2_G1_CG0p25_interval1_step2_cooldown_for_k1,1,2,True,1.0,0.063,2.5,0.056,2,,1.201386,,7
16,2,2,1.0,0.25,run16_bs2000_N2_M2_G1_CG0p25_interval1_step2_cooldown_for_k2,1,2,True,2.0,0.063,3.75,0.029,2,,1.193066,,8
16,2,2,1.0,0.25,run16_bs2000_N2_M2_G1_CG0p25_interval1_step2_cooldown_for_k3,1,2,True,3.0,0.063,2.25,0.063,2,,1.268238,,7
16,2,2,1.0,0.25,run16_bs2000_N2_M2_G1_CG0p25_interval1_step2,1,2,False,,0.12,2.0,0.072,2,2,1.57908,1.193066,4
16,2,2,1.0,0.25,run16_bs2000_N2_M2_G1_CG0p25_interval2_step4_cooldown_for_k1,2,4,True,1.0,0.029,3.75,0.029,2,,1.034471,,7
16,2,2,1.0,0.25,run16_bs2000_N2_M2_G1_CG0p25_interval2_step4_cooldown_for_k2,2,4,True,2.0,0.029,3.75,0.029,2,,0.993791,,7
16,2,2,1.0,0.25,run16_bs2000_N2_M2_G1_CG0p25_interval2_step4_cooldown_for_k3,2,4,True,3.0,0.029,3.75,0.029,2,,0.987865,,7
16,2,2,1.0,0.25,run16_bs2000_N2_M2_G1_CG0p25_interval2_step4_cooldown_for_k4,2,4,True,4.0,0.029,3.75,0.029,2,,0.992778,,7
16,2,2,1.0,0.25,run16_bs2000_N2_M2_G1_CG0p25_interval2_step4,2,4,False,,0.072,3.0,0.043,2,2,1.202646,0.987865,4
16,2,2,1.0,0.25,run16_bs2000_N2_M2_G1_CG0p25_interval3_step6_cooldown_for_k2,3,6,True,2.0,0.029,3.75,0.029,2,,0.937964,,7
16,2,2,1.0,0.25,run16_bs2000_N2_M2_G1_CG0p25_interval3_step6_cooldown_for_k3,3,6,True,3.0,0.029,4.75,0.018,2,,0.920177,,8
16,2,2,1.0,0.25,run16_bs2000_N2_M2_G1_CG0p25_interval3_step6_cooldown_for_k4,3,6,True,4.0,0.029,5.25,0.014,2,,0.927351,,8
16,2,2,1.0,0.25,run16_bs2000_N2_M2_G1_CG0p25_interval3_step6,3,6,False,,0.043,3.0,0.043,2,2,1.015064,0.920177,3
16,2,2,1.0,0.25,run16_bs2000_N2_M2_G1_CG0p25_interval4_step8_cooldown_for_k2,4,8,True,2.0,0.018,4.75,0.018,2,,0.912353,,7
16,2,2,1.0,0.25,run16_bs2000_N2_M2_G1_CG0p25_interval4_step8_cooldown_for_k3,4,8,True,3.0,0.018,4.75,0.018,2,,0.898429,,7
16,2,2,1.0,0.25,run16_bs2000_N2_M2_G1_CG0p25_interval4_step8_cooldown_for_k4,4,8,True,4.0,0.018,5.75,0.011,2,,0.893362,,8
16,2,2,1.0,0.25,run16_bs2000_N2_M2_G1_CG0p25_interval4_step8_cooldown_for_k5,4,8,True,5.0,0.018,5.75,0.011,2,,0.894058,,8
16,2,2,1.0,0.25,run16_bs2000_N2_M2_G1_CG0p25_interval4_step8,4,8,False,,0.043,4.0,0.026,2,2,0.928813,0.893362,4
16,2,2,1.0,0.25,run16_bs2000_N2_M2_G1_CG0p25_interval5_step10_cooldown_for_k3,5,10,True,3.0,0.011,5.75,0.011,2,,0.8938,,7
16,2,2,1.0,0.25,run16_bs2000_N2_M2_G1_CG0p25_interval5_step10_cooldown_for_k4,5,10,True,4.0,0.011,5.75,0.011,2,,0.888222,,7
16,2,2,1.0,0.25,run16_bs2000_N2_M2_G1_CG0p25_interval5_step10_cooldown_for_k5,5,10,True,5.0,0.011,6.75,0.0064,2,,0.882515,,8
16,2,2,1.0,0.25,run16_bs2000_N2_M2_G1_CG0p25_interval5_step10_cooldown_for_k6,5,10,True,6.0,0.011,6.75,0.0064,2,,0.884049,,8
16,2,2,1.0,0.25,run16_bs2000_N2_M2_G1_CG0p25_interval5_step10,5,10,False,,0.026,5.0,0.016,2,2,0.898744,0.882515,4
16,2,2,1.0,0.25,run16_bs2000_N2_M2_G1_CG0p25_interval6_step12_cooldown_for_k4,6,12,True,4.0,0.0064,6.75,0.0064,2,,0.88017,,7
16,2,2,1.0,0.25,run16_bs2000_N2_M2_G1_CG0p25_interval6_step12_cooldown_for_k5,6,12,True,5.0,0.0064,6.75,0.0064,2,,0.879037,,7
16,2,2,1.0,0.25,run16_bs2000_N2_M2_G1_CG0p25_interval6_step12_cooldown_for_k6,6,12,True,6.0,0.0064,7.75,0.0038,2,,0.877624,,8
16,2,2,1.0,0.25,run16_bs2000_N2_M2_G1_CG0p25_interval6_step12_cooldown_for_k7,6,12,True,7.0,0.0064,7.25,0.0049,2,,0.878084,,7
16,2,2,1.0,0.25,run16_bs2000_N2_M2_G1_CG0p25_interval6_step12,6,12,False,,0.016,6.0,0.0093,2,2,0.88368,0.877624,4
16,2,2,1.0,0.25,run16_bs2000_N2_M2_G1_CG0p25_interval7_step14_cooldown_for_k5,7,14,True,5.0,0.0038,6.75,0.0064,2,,0.875327,,8
16,2,2,1.0,0.25,run16_bs2000_N2_M2_G1_CG0p25_interval7_step14_cooldown_for_k6,7,14,True,6.0,0.0038,6.75,0.0064,2,,0.874549,,8
16,2,2,1.0,0.25,run16_bs2000_N2_M2_G1_CG0p25_interval7_step14_cooldown_for_k7,7,14,True,7.0,0.0038,7.75,0.0038,2,,0.874636,,7
16,2,2,1.0,0.25,run16_bs2000_N2_M2_G1_CG0p25_interval7_step14,7,14,False,,0.0093,6.0,0.0093,2,2,0.882016,0.874549,3
16,2,2,1.0,0.25,run16_bs2000_N2_M2_G1_CG0p25_interval8_step16_cooldown_for_k5,8,16,True,5.0,0.0064,6.75,0.0064,2,,0.873271,,7
16,2,2,1.0,0.25,run16_bs2000_N2_M2_G1_CG0p25_interval8_step16_cooldown_for_k6,8,16,True,6.0,0.0064,7.75,0.0038,2,,0.872545,,8
16,2,2,1.0,0.25,run16_bs2000_N2_M2_G1_CG0p25_interval8_step16_cooldown_for_k7,8,16,True,7.0,0.0064,8.0,0.0034,2,,0.872478,,9
16,2,2,1.0,0.25,run16_bs2000_N2_M2_G1_CG0p25_interval8_step16_cooldown_for_k8,8,16,True,8.0,0.0064,8.0,0.0034,2,,0.872936,,8
16,2,2,1.0,0.25,run16_bs2000_N2_M2_G1_CG0p25_interval8_step16,8,16,False,,0.0093,7.0,0.0056,2,2,0.874764,0.872478,4
16,2,2,1.0,0.25,run16_bs2000_N2_M2_G1_CG0p25_interval9_step18_cooldown_for_k6,9,18,True,6.0,0.0034,9.0,0.002,2,,0.871516,,8
16,2,2,1.0,0.25,run16_bs2000_N2_M2_G1_CG0p25_interval9_step18_cooldown_for_k7,9,18,True,7.0,0.0034,8.0,0.0034,2,,0.870798,,7
16,2,2,1.0,0.25,run16_bs2000_N2_M2_G1_CG0p25_interval9_step18_cooldown_for_k8,9,18,True,8.0,0.0034,9.0,0.002,2,,0.871224,,8
16,2,2,1.0,0.25,run16_bs2000_N2_M2_G1_CG0p25_interval9_step18,9,18,False,,0.0056,7.0,0.0056,2,2,0.872801,0.870798,3
16,2,2,1.0,0.25,run16_bs2000_N2_M2_G1_CG0p25_interval10_step20_cooldown_for_k6,10,20,True,6.0,0.0034,9.0,0.002,2,,0.87027,,8
16,2,2,1.0,0.25,run16_bs2000_N2_M2_G1_CG0p25_interval10_step20_cooldown_for_k7,10,20,True,7.0,0.0034,9.0,0.002,2,,0.870191,,8
16,2,2,1.0,0.25,run16_bs2000_N2_M2_G1_CG0p25_interval10_step20_cooldown_for_k8,10,20,True,8.0,0.0034,9.0,0.002,2,,0.869868,,8
16,2,2,1.0,0.25,run16_bs2000_N2_M2_G1_CG0p25_interval10_step20_cooldown_for_k9,10,20,True,9.0,0.0034,8.75,0.0023,2,,0.870173,,8
16,2,2,1.0,0.25,run16_bs2000_N2_M2_G1_CG0p25_interval10_step20,10,20,False,,0.0056,8.0,0.0034,2,2,0.870885,0.869868,4
16,2,2,1.0,0.25,run16_bs2000_N2_M2_G1_CG0p25_interval11_step22_cooldown_for_k7,11,22,True,7.0,0.002,9.0,0.002,2,,0.869408,,7
16,2,2,1.0,0.25,run16_bs2000_N2_M2_G1_CG0p25_interval11_step22_cooldown_for_k8,11,22,True,8.0,0.002,9.0,0.002,2,,0.869289,,7
16,2,2,1.0,0.25,run16_bs2000_N2_M2_G1_CG0p25_interval11_step22_cooldown_for_k9,11,22,True,9.0,0.002,9.0,0.002,2,,0.869386,,7
16,2,2,1.0,0.25,run16_bs2000_N2_M2_G1_CG0p25_interval11_step22,11,22,False,,0.0034,8.0,0.0034,2,2,0.870358,0.869289,3
16,2,2,1.0,0.25,run16_bs2000_N2_M2_G1_CG0p25_interval12_step24_cooldown_for_k7,12,24,True,7.0,0.002,9.0,0.002,2,,0.868927,,7
16,2,2,1.0,0.25,run16_bs2000_N2_M2_G1_CG0p25_interval12_step24_cooldown_for_k8,12,24,True,8.0,0.002,9.0,0.002,2,,0.868937,,7
16,2,2,1.0,0.25,run16_bs2000_N2_M2_G1_CG0p25_interval12_step24_cooldown_for_k9,12,24,True,9.0,0.002,10.0,0.0012,2,,0.868949,,8
16,2,2,1.0,0.25,run16_bs2000_N2_M2_G1_CG0p25_interval12_step24_cooldown_for_k6,12,24,True,6.0,0.002,9.0,0.002,2,,0.869124,,7
16,2,2,1.0,0.25,run16_bs2000_N2_M2_G1_CG0p25_interval12_step24,12,24,False,,0.0034,7.0,0.0056,2,2,0.869926,0.868927,4
16,2,2,1.0,0.25,run16_bs2000_N2_M2_G1_CG0p25_interval13_step26_cooldown_for_k6,13,26,True,6.0,0.002,9.0,0.002,2,,0.868809,,7
16,2,2,1.0,0.25,run16_bs2000_N2_M2_G1_CG0p25_interval13_step26_cooldown_for_k7,13,26,True,7.0,0.002,10.0,0.0012,2,,0.86887,,8
16,2,2,1.0,0.25,run16_bs2000_N2_M2_G1_CG0p25_interval13_step26_cooldown_for_k8,13,26,True,8.0,0.002,8.75,0.0023,2,,0.868621,,7
16,2,2,1.0,0.25,run16_bs2000_N2_M2_G1_CG0p25_interval13_step26_cooldown_for_k9,13,26,True,9.0,0.002,10.0,0.0012,2,,0.86859,,8
16,2,2,1.0,0.25,run16_bs2000_N2_M2_G1_CG0p25_interval13_step26_cooldown_for_k10,13,26,True,10.0,0.002,10.0,0.0012,2,,0.868741,,8
16,2,2,1.0,0.25,run16_bs2000_N2_M2_G1_CG0p25_interval13_step26,13,26,False,,0.0056,9.0,0.002,2,2,0.868934,0.86859,5
16,2,2,1.0,0.25,run16_bs2000_N2_M2_G1_CG0p25_interval14_step28_cooldown_for_k8,14,28,True,8.0,0.0012,9.25,0.0018,2,,0.868345,,7
16,2,2,1.0,0.25,run16_bs2000_N2_M2_G1_CG0p25_interval14_step28_cooldown_for_k9,14,28,True,9.0,0.0012,10.0,0.0012,2,,0.868292,,7
16,2,2,1.0,0.25,run16_bs2000_N2_M2_G1_CG0p25_interval14_step28_cooldown_for_k10,14,28,True,10.0,0.0012,10.75,0.00082,2,,0.868379,,8
16,2,2,1.0,0.25,run16_bs2000_N2_M2_G1_CG0p25_interval14_step28,14,28,False,,0.002,9.0,0.002,2,2,0.868723,0.868292,3
16,2,2,1.0,0.25,run16_bs2000_N2_M2_G1_CG0p25_interval15_step30_cooldown_for_k8,15,30,True,8.0,0.0012,10.0,0.0012,2,,0.868113,,7
16,2,2,1.0,0.25,run16_bs2000_N2_M2_G1_CG0p25_interval15_step30_cooldown_for_k9,15,30,True,9.0,0.0012,10.0,0.0012,2,,0.868088,,7
16,2,2,1.0,0.25,run16_bs2000_N2_M2_G1_CG0p25_interval15_step30_cooldown_for_k10,15,30,True,10.0,0.0012,10.5,0.00094,2,,0.868108,,7
16,2,2,1.0,0.25,run16_bs2000_N2_M2_G1_CG0p25_interval15_step30,15,30,False,,0.002,9.0,0.002,2,2,0.868454,0.868088,3
16,2,2,1.0,0.25,run16_bs2000_N2_M2_G1_CG0p25_interval16_step32_cooldown_for_k8,16,32,True,8.0,0.0012,10.0,0.0012,2,,0.867945,,7
16,2,2,1.0,0.25,run16_bs2000_N2_M2_G1_CG0p25_interval16_step32_cooldown_for_k9,16,32,True,9.0,0.0012,10.0,0.0012,2,,0.867923,,7
16,2,2,1.0,0.25,run16_bs2000_N2_M2_G1_CG0p25_interval16_step32_cooldown_for_k10,16,32,True,10.0,0.0012,11.0,0.00073,2,,0.86794,,8
16,2,2,1.0,0.25,run16_bs2000_N2_M2_G1_CG0p25_interval16_step32,16,32,False,,0.002,9.0,0.002,2,2,0.868318,0.867923,3
16,2,2,1.0,0.25,run16_bs2000_N2_M2_G1_CG0p25_interval17_step34_cooldown_for_k8,17,34,True,8.0,0.0012,10.0,0.0012,2,,0.86781,,7
16,2,2,1.0,0.25,run16_bs2000_N2_M2_G1_CG0p25_interval17_step34_cooldown_for_k9,17,34,True,9.0,0.0012,10.0,0.0012,2,,0.867803,,7
16,2,2,1.0,0.25,run16_bs2000_N2_M2_G1_CG0p25_interval17_step34_cooldown_for_k10,17,34,True,10.0,0.0012,11.25,0.00064,2,,0.867801,,8
16,2,2,1.0,0.25,run16_bs2000_N2_M2_G1_CG0p25_interval17_step34_cooldown_for_k11,17,34,True,11.0,0.0012,11.0,0.00073,2,,0.867857,,8
16,2,2,1.0,0.25,run16_bs2000_N2_M2_G1_CG0p25_interval17_step34,17,34,False,,0.002,10.0,0.0012,2,2,0.867928,0.867801,4
16,2,2,1.0,0.25,run16_bs2000_N2_M2_G1_CG0p25_interval18_step36_cooldown_for_k9,18,36,True,9.0,0.00064,10.5,0.00094,2,,0.867677,,8
16,2,2,1.0,0.25,run16_bs2000_N2_M2_G1_CG0p25_interval18_step36_cooldown_for_k10,18,36,True,10.0,0.00064,10.5,0.00094,2,,0.86767,,7
16,2,2,1.0,0.25,run16_bs2000_N2_M2_G1_CG0p25_interval18_step36_cooldown_for_k11,18,36,True,11.0,0.00064,11.25,0.00064,2,,0.867706,,7
16,2,2,1.0,0.25,run16_bs2000_N2_M2_G1_CG0p25_interval18_step36,18,36,False,,0.0012,10.0,0.0012,2,2,0.867855,0.86767,3
16,2,2,1.0,0.25,run16_bs2000_N2_M2_G1_CG0p25_interval19_step38_cooldown_for_k9,19,38,True,9.0,0.00094,10.75,0.00082,2,,0.86758,,7
16,2,2,1.0,0.25,run16_bs2000_N2_M2_G1_CG0p25_interval19_step38_cooldown_for_k10,19,38,True,10.0,0.00094,11.0,0.00073,2,,0.867578,,8
16,2,2,1.0,0.25,run16_bs2000_N2_M2_G1_CG0p25_interval19_step38_cooldown_for_k11,19,38,True,11.0,0.00094,11.25,0.00064,2,,0.867589,,8
16,2,2,1.0,0.25,run16_bs2000_N2_M2_G1_CG0p25_interval19_step38,19,38,False,,0.0012,10.0,0.0012,2,2,0.867721,0.867578,3
16,2,2,1.0,0.25,run16_bs2000_N2_M2_G1_CG0p25_interval20_step40_cooldown_for_k9,20,40,True,9.0,0.00073,11.0,0.00073,2,,0.867502,,7
16,2,2,1.0,0.25,run16_bs2000_N2_M2_G1_CG0p25_interval20_step40_cooldown_for_k10,20,40,True,10.0,0.00073,11.0,0.00073,2,,0.867495,,7
16,2,2,1.0,0.25,run16_bs2000_N2_M2_G1_CG0p25_interval20_step40_cooldown_for_k11,20,40,True,11.0,0.00073,12.0,0.00044,2,,0.867513,,8
16,2,2,1.0,0.25,run16_bs2000_N2_M2_G1_CG0p25_interval20_step40,20,40,False,,0.0012,10.0,0.0012,2,2,0.867658,0.867495,3
16,2,2,1.0,0.25,run16_bs2000_N2_M2_G1_CG0p25_interval21_step42_cooldown_for_k9,21,42,True,9.0,0.00073,11.0,0.00073,2,,0.867438,,7
16,2,2,1.0,0.25,run16_bs2000_N2_M2_G1_CG0p25_interval21_step42_cooldown_for_k10,21,42,True,10.0,0.00073,11.0,0.00073,2,,0.867436,,7
16,2,2,1.0,0.25,run16_bs2000_N2_M2_G1_CG0p25_interval21_step42_cooldown_for_k11,21,42,True,11.0,0.00073,11.0,0.00073,2,,0.867441,,7
16,2,2,1.0,0.25,run16_bs2000_N2_M2_G1_CG0p25_interval21_step42,21,42,False,,0.0012,10.0,0.0012,2,2,0.867576,0.867436,3
16,2,2,1.0,0.25,run16_bs2000_N2_M2_G1_CG0p25_interval22_step44_cooldown_for_k9,22,44,True,9.0,0.00073,11.0,0.00073,2,,0.867384,,7
16,2,2,1.0,0.25,run16_bs2000_N2_M2_G1_CG0p25_interval22_step44_cooldown_for_k10,22,44,True,10.0,0.00073,11.0,0.00073,2,,0.867379,,7
16,2,2,1.0,0.25,run16_bs2000_N2_M2_G1_CG0p25_interval22_step44_cooldown_for_k11,22,44,True,11.0,0.00073,12.0,0.00044,2,,0.867386,,8
16,2,2,1.0,0.25,run16_bs2000_N2_M2_G1_CG0p25_interval22_step44,22,44,False,,0.0012,10.0,0.0012,2,2,0.867526,0.867379,3
16,2,2,1.0,0.25,run16_bs2000_N2_M2_G1_CG0p25_interval23_step46_cooldown_for_k9,23,46,True,9.0,0.00073,11.0,0.00073,2,,0.867338,,7
16,2,2,1.0,0.25,run16_bs2000_N2_M2_G1_CG0p25_interval23_step46_cooldown_for_k10,23,46,True,10.0,0.00073,11.0,0.00073,2,,0.867336,,7
16,2,2,1.0,0.25,run16_bs2000_N2_M2_G1_CG0p25_interval23_step46_cooldown_for_k11,23,46,True,11.0,0.00073,12.25,0.00038,2,,0.867336,,8
16,2,2,1.0,0.25,run16_bs2000_N2_M2_G1_CG0p25_interval23_step46,23,46,False,,0.0012,10.0,0.0012,2,2,0.867468,0.867336,3
16,2,2,1.0,0.25,run16_bs2000_N2_M2_G1_CG0p25_interval24_step48,24,48,False,,0.0012,11.0,0.00073,2,0,0.867339,0.867339,4
17,2,2,0.25,0.25,run17_bs2000_N2_M2_G0p25_CG0p25_interval0_step0_cooldown_for_k-1,0,0,True,-1.0,0.2,1.75,0.082,2,,1.658855,,9
17,2,2,0.25,0.25,run17_bs2000_N2_M2_G0p25_CG0p25_interval0_step0_cooldown_for_k0,0,0,True,0.0,0.2,1.75,0.082,2,,1.580516,,9
17,2,2,0.25,0.25,run17_bs2000_N2_M2_G0p25_CG0p25_interval0_step0_cooldown_for_k1,0,0,True,1.0,0.2,2.25,0.063,2,,1.561156,,9
17,2,2,0.25,0.25,run17_bs2000_N2_M2_G0p25_CG0p25_interval0_step0_cooldown_for_k2,0,0,True,2.0,0.2,2.25,0.063,2,,1.60406,,9
17,2,2,0.25,0.25,run17_bs2000_N2_M2_G0p25_CG0p25_interval0_step0_cooldown_for_k0.5,0,0,True,0.5,0.2,1.75,0.082,2,,1.574781,,9
17,2,2,0.25,0.25,run17_bs2000_N2_M2_G0p25_CG0p25_interval0_step0_cooldown_for_k1.5,0,0,True,1.5,0.2,2.25,0.063,2,,1.583343,,10
17,2,2,0.25,0.25,run17_bs2000_N2_M2_G0p25_CG0p25_interval0_step0_cooldown_for_k0.75,0,0,True,0.75,0.2,2.25,0.063,2,,1.565648,,9
17,2,2,0.25,0.25,run17_bs2000_N2_M2_G0p25_CG0p25_interval0_step0_cooldown_for_k1.25,0,0,True,1.25,0.2,2.25,0.063,2,,1.571009,,10
17,2,2,0.25,0.25,run17_bs2000_N2_M2_G0p25_CG0p25_interval0_step0,0,0,False,,0.2,1.0,0.12,2,2,2.205666,1.561156,8
17,2,2,0.25,0.25,run17_bs2000_N2_M2_G0p25_CG0p25_interval1_step2_cooldown_for_k0,1,2,True,0.0,0.063,2.5,0.056,2,,1.225343,,7
17,2,2,0.25,0.25,run17_bs2000_N2_M2_G0p25_CG0p25_interval1_step2_cooldown_for_k1,1,2,True,1.0,0.063,2.5,0.056,2,,1.201386,,7
17,2,2,0.25,0.25,run17_bs2000_N2_M2_G0p25_CG0p25_interval1_step2_cooldown_for_k2,1,2,True,2.0,0.063,3.75,0.029,2,,1.193066,,8
17,2,2,0.25,0.25,run17_bs2000_N2_M2_G0p25_CG0p25_interval1_step2_cooldown_for_k3,1,2,True,3.0,0.063,2.25,0.063,2,,1.268238,,7
17,2,2,0.25,0.25,run17_bs2000_N2_M2_G0p25_CG0p25_interval1_step2_cooldown_for_k1.5,1,2,True,1.5,0.063,3.0,0.043,2,,1.171922,,7
17,2,2,0.25,0.25,run17_bs2000_N2_M2_G0p25_CG0p25_interval1_step2_cooldown_for_k2.5,1,2,True,2.5,0.063,2.25,0.063,2,,1.226578,,7
17,2,2,0.25,0.25,run17_bs2000_N2_M2_G0p25_CG0p25_interval1_step2_cooldown_for_k1.25,1,2,True,1.25,0.063,2.5,0.056,2,,1.16996,,7
17,2,2,0.25,0.25,run17_bs2000_N2_M2_G0p25_CG0p25_interval1_step2_cooldown_for_k1.75,1,2,True,1.75,0.063,2.25,0.063,2,,1.198119,,7
17,2,2,0.25,0.25,run17_bs2000_N2_M2_G0p25_CG0p25_interval1_step2,1,2,False,,0.12,1.25,0.11,2,2,1.657122,1.16996,8
17,2,2,0.25,0.25,run17_bs2000_N2_M2_G0p25_CG0p25_interval2_step4_cooldown_for_k0.25,2,4,True,0.25,0.056,2.5,0.056,2,,1.040753,,7
17,2,2,0.25,0.25,run17_bs2000_N2_M2_G0p25_CG0p25_interval2_step4_cooldown_for_k1.25,2,4,True,1.25,0.056,2.5,0.056,2,,1.011864,,7
17,2,2,0.25,0.25,run17_bs2000_N2_M2_G0p25_CG0p25_interval2_step4_cooldown_for_k2.25,2,4,True,2.25,0.056,3.5,0.033,2,,0.985323,,8
17,2,2,0.25,0.25,run17_bs2000_N2_M2_G0p25_CG0p25_interval2_step4_cooldown_for_k3.25,2,4,True,3.25,0.056,2.5,0.056,2,,1.020994,,7
17,2,2,0.25,0.25,run17_bs2000_N2_M2_G0p25_CG0p25_interval2_step4_cooldown_for_k1.75,2,4,True,1.75,0.056,2.5,0.056,2,,0.99933,,7
17,2,2,0.25,0.25,run17_bs2000_N2_M2_G0p25_CG0p25_interval2_step4_cooldown_for_k2.75,2,4,True,2.75,0.056,2.5,0.056,2,,1.003213,,7
17,2,2,0.25,0.25,run17_bs2000_N2_M2_G0p25_CG0p25_interval2_step4_cooldown_for_k2,2,4,True,2.0,0.056,3.5,0.033,2,,0.994732,,8
17,2,2,0.25,0.25,run17_bs2000_N2_M2_G0p25_CG0p25_interval2_step4_cooldown_for_k2.5,2,4,True,2.5,0.056,4.0,0.026,2,,0.989016,,8
17,2,2,0.25,0.25,run17_bs2000_N2_M2_G0p25_CG0p25_interval2_step4,2,4,False,,0.11,2.25,0.063,2,2,1.206323,0.985323,8
17,2,2,0.25,0.25,run17_bs2000_N2_M2_G0p25_CG0p25_interval3_step6_cooldown_for_k1.25,3,6,True,1.25,0.033,3.5,0.033,2,,0.934123,,7
17,2,2,0.25,0.25,run17_bs2000_N2_M2_G0p25_CG0p25_interval3_step6_cooldown_for_k2.25,3,6,True,2.25,0.033,4.5,0.02,2,,0.918628,,8
17,2,2,0.25,0.25,run17_bs2000_N2_M2_G0p25_CG0p25_interval3_step6_cooldown_for_k3.25,3,6,True,3.25,0.033,4.5,0.02,2,,0.910849,,8
17,2,2,0.25,0.25,run17_bs2000_N2_M2_G0p25_CG0p25_interval3_step6_cooldown_for_k4.25,3,6,True,4.25,0.033,5.0,0.016,2,,0.920887,,8
17,2,2,0.25,0.25,run17_bs2000_N2_M2_G0p25_CG0p25_interval3_step6_cooldown_for_k2.75,3,6,True,2.75,0.033,4.5,0.02,2,,0.918693,,8
17,2,2,0.25,0.25,run17_bs2000_N2_M2_G0p25_CG0p25_interval3_step6_cooldown_for_k3.75,3,6,True,3.75,0.033,5.25,0.014,2,,0.919373,,9
17,2,2,0.25,0.25,run17_bs2000_N2_M2_G0p25_CG0p25_interval3_step6_cooldown_for_k3,3,6,True,3.0,0.033,4.5,0.02,2,,0.914091,,8
17,2,2,0.25,0.25,run17_bs2000_N2_M2_G0p25_CG0p25_interval3_step6_cooldown_for_k3.5,3,6,True,3.5,0.033,5.0,0.016,2,,0.913865,,8
17,2,2,0.25,0.25,run17_bs2000_N2_M2_G0p25_CG0p25_interval3_step6,3,6,False,,0.063,3.25,0.038,2,2,0.989479,0.910849,8
17,2,2,0.25,0.25,run17_bs2000_N2_M2_G0p25_CG0p25_interval4_step8_cooldown_for_k2.25,4,8,True,2.25,0.02,5.5,0.012,2,,0.895686,,8
17,2,2,0.25,0.25,run17_bs2000_N2_M2_G0p25_CG0p25_interval4_step8_cooldown_for_k3.25,4,8,True,3.25,0.02,6.5,0.0072,2,,0.898578,,9
17,2,2,0.25,0.25,run17_bs2000_N2_M2_G0p25_CG0p25_interval4_step8_cooldown_for_k4.25,4,8,True,4.25,0.02,6.0,0.0093,2,,0.889603,,8
17,2,2,0.25,0.25,run17_bs2000_N2_M2_G0p25_CG0p25_interval4_step8_cooldown_for_k5.25,4,8,True,5.25,0.02,6.0,0.0093,2,,0.894085,,9
17,2,2,0.25,0.25,run17_bs2000_N2_M2_G0p25_CG0p25_interval4_step8_cooldown_for_k3.75,4,8,True,3.75,0.02,5.5,0.012,2,,0.892011,,8
17,2,2,0.25,0.25,run17_bs2000_N2_M2_G0p25_CG0p25_interval4_step8_cooldown_for_k4.75,4,8,True,4.75,0.02,6.5,0.0072,2,,0.891778,,9
17,2,2,0.25,0.25,run17_bs2000_N2_M2_G0p25_CG0p25_interval4_step8_cooldown_for_k4,4,8,True,4.0,0.02,5.5,0.012,2,,0.890422,,8
17,2,2,0.25,0.25,run17_bs2000_N2_M2_G0p25_CG0p25_interval4_step8_cooldown_for_k4.5,4,8,True,4.5,0.02,6.5,0.0072,2,,0.890766,,9
17,2,2,0.25,0.25,run17_bs2000_N2_M2_G0p25_CG0p25_interval4_step8,4,8,False,,0.038,4.25,0.023,2,2,0.91275,0.889603,8
17,2,2,0.25,0.25,run17_bs2000_N2_M2_G0p25_CG0p25_interval5_step10_cooldown_for_k3.25,5,10,True,3.25,0.0093,6.0,0.0093,2,,0.883423,,7
17,2,2,0.25,0.25,run17_bs2000_N2_M2_G0p25_CG0p25_interval5_step10_cooldown_for_k4.25,5,10,True,4.25,0.0093,6.0,0.0093,2,,0.882189,,7
17,2,2,0.25,0.25,run17_bs2000_N2_M2_G0p25_CG0p25_interval5_step10_cooldown_for_k5.25,5,10,True,5.25,0.0093,6.5,0.0072,2,,0.880525,,7
17,2,2,0.25,0.25,run17_bs2000_N2_M2_G0p25_CG0p25_interval5_step10_cooldown_for_k6.25,5,10,True,6.25,0.0093,6.5,0.0072,2,,0.88113,,7
17,2,2,0.25,0.25,run17_bs2000_N2_M2_G0p25_CG0p25_interval5_step10_cooldown_for_k4.75,5,10,True,4.75,0.0093,6.0,0.0093,2,,0.880486,,7
17,2,2,0.25,0.25,run17_bs2000_N2_M2_G0p25_CG0p25_interval5_step10_cooldown_for_k5.75,5,10,True,5.75,0.0093,7.0,0.0056,2,,0.881126,,8
17,2,2,0.25,0.25,run17_bs2000_N2_M2_G0p25_CG0p25_interval5_step10_cooldown_for_k4.5,5,10,True,4.5,0.0093,6.0,0.0093,2,,0.880662,,7
17,2,2,0.25,0.25,run17_bs2000_N2_M2_G0p25_CG0p25_interval5_step10_cooldown_for_k5,5,10,True,5.0,0.0093,6.0,0.0093,2,,0.880257,,7
17,2,2,0.25,0.25,run17_bs2000_N2_M2_G0p25_CG0p25_interval5_step10,5,10,False,,0.023,5.0,0.016,2,2,0.894433,0.880257,8
17,2,2,0.25,0.25,run17_bs2000_N2_M2_G0p25_CG0p25_interval6_step12_cooldown_for_k4,6,12,True,4.0,0.0093,7.0,0.0056,2,,0.878293,,8
17,2,2,0.25,0.25,run17_bs2000_N2_M2_G0p25_CG0p25_interval6_step12_cooldown_for_k5,6,12,True,5.0,0.0093,6.0,0.0093,2,,0.876305,,7
17,2,2,0.25,0.25,run17_bs2000_N2_M2_G0p25_CG0p25_interval6_step12_cooldown_for_k6,6,12,True,6.0,0.0093,7.5,0.0043,2,,0.876357,,9
17,2,2,0.25,0.25,run17_bs2000_N2_M2_G0p25_CG0p25_interval6_step12_cooldown_for_k4.5,6,12,True,4.5,0.0093,6.0,0.0093,2,,0.877738,,7
17,2,2,0.25,0.25,run17_bs2000_N2_M2_G0p25_CG0p25_interval6_step12_cooldown_for_k5.5,6,12,True,5.5,0.0093,7.0,0.0056,2,,0.875836,,8
17,2,2,0.25,0.25,run17_bs2000_N2_M2_G0p25_CG0p25_interval6_step12_cooldown_for_k5.25,6,12,True,5.25,0.0093,7.0,0.0056,2,,0.876674,,8
17,2,2,0.25,0.25,run17_bs2000_N2_M2_G0p25_CG0p25_interval6_step12_cooldown_for_k5.75,6,12,True,5.75,0.0093,7.0,0.0056,2,,0.876102,,8
17,2,2,0.25,0.25,run17_bs2000_N2_M2_G0p25_CG0p25_interval6_step12,6,12,False,,0.016,5.5,0.012,2,2,0.88302,0.875836,7
17,2,2,0.25,0.25,run17_bs2000_N2_M2_G0p25_CG0p25_interval7_step14_cooldown_for_k4.5,7,14,True,4.5,0.0056,7.0,0.0056,2,,0.875146,,7
17,2,2,0.25,0.25,run17_bs2000_N2_M2_G0p25_CG0p25_interval7_step14_cooldown_for_k5.5,7,14,True,5.5,0.0056,7.0,0.0056,2,,0.874296,,7
17,2,2,0.25,0.25,run17_bs2000_N2_M2_G0p25_CG0p25_interval7_step14_cooldown_for_k6.5,7,14,True,6.5,0.0056,8.0,0.0034,2,,0.873471,,8
17,2,2,0.25,0.25,run17_bs2000_N2_M2_G0p25_CG0p25_interval7_step14_cooldown_for_k7.5,7,14,True,7.5,0.0056,8.0,0.0034,2,,0.87406,,8
17,2,2,0.25,0.25,run17_bs2000_N2_M2_G0p25_CG0p25_interval7_step14_cooldown_for_k6,7,14,True,6.0,0.0056,7.25,0.0049,2,,0.873854,,8
17,2,2,0.25,0.25,run17_bs2000_N2_M2_G0p25_CG0p25_interval7_step14_cooldown_for_k7,7,14,True,7.0,0.0056,8.25,0.003,2,,0.873789,,8
17,2,2,0.25,0.25,run17_bs2000_N2_M2_G0p25_CG0p25_interval7_step14_cooldown_for_k6.25,7,14,True,6.25,0.0056,8.0,0.0034,2,,0.873582,,8
17,2,2,0.25,0.25,run17_bs2000_N2_M2_G0p25_CG0p25_interval7_step14_cooldown_for_k6.75,7,14,True,6.75,0.0056,8.25,0.003,2,,0.873727,,8
17,2,2,0.25,0.25,run17_bs2000_N2_M2_G0p25_CG0p25_interval7_step14,7,14,False,,0.012,6.5,0.0072,2,2,0.876751,0.873471,8
17,2,2,0.25,0.25,run17_bs2000_N2_M2_G0p25_CG0p25_interval8_step16_cooldown_for_k5.5,8,16,True,5.5,0.0034,7.0,0.0056,2,,0.872465,,8
17,2,2,0.25,0.25,run17_bs2000_N2_M2_G0p25_CG0p25_interval8_step16_cooldown_for_k6.5,8,16,True,6.5,0.0034,8.0,0.0034,2,,0.872199,,7
17,2,2,0.25,0.25,run17_bs2000_N2_M2_G0p25_CG0p25_interval8_step16_cooldown_for_k7.5,8,16,True,7.5,0.0034,8.75,0.0023,2,,0.872123,,8
17,2,2,0.25,0.25,run17_bs2000_N2_M2_G0p25_CG0p25_interval8_step16_cooldown_for_k8.5,8,16,True,8.5,0.0034,8.0,0.0034,2,,0.872347,,7
17,2,2,0.25,0.25,run17_bs2000_N2_M2_G0p25_CG0p25_interval8_step16_cooldown_for_k7,8,16,True,7.0,0.0034,8.25,0.003,2,,0.8721,,7
17,2,2,0.25,0.25,run17_bs2000_N2_M2_G0p25_CG0p25_interval8_step16_cooldown_for_k8,8,16,True,8.0,0.0034,8.0,0.0034,2,,0.871948,,7
17,2,2,0.25,0.25,run17_bs2000_N2_M2_G0p25_CG0p25_interval8_step16_cooldown_for_k7.75,8,16,True,7.75,0.0034,8.0,0.0034,2,,0.871939,,7
17,2,2,0.25,0.25,run17_bs2000_N2_M2_G0p25_CG0p25_interval8_step16_cooldown_for_k8.25,8,16,True,8.25,0.0034,8.0,0.0034,2,,0.872242,,7
17,2,2,0.25,0.25,run17_bs2000_N2_M2_G0p25_CG0p25_interval8_step16,8,16,False,,0.0072,7.75,0.0038,2,2,0.873574,0.871939,8
17,2,2,0.25,0.25,run17_bs2000_N2_M2_G0p25_CG0p25_interval9_step18_cooldown_for_k6.75,9,18,True,6.75,0.0034,7.75,0.0038,2,,0.870991,,7
17,2,2,0.25,0.25,run17_bs2000_N2_M2_G0p25_CG0p25_interval9_step18_cooldown_for_k7.75,9,18,True,7.75,0.0034,9.0,0.002,2,,0.870781,,8
17,2,2,0.25,0.25,run17_bs2000_N2_M2_G0p25_CG0p25_interval9_step18_cooldown_for_k8.75,9,18,True,8.75,0.0034,8.0,0.0034,2,,0.871024,,7
17,2,2,0.25,0.25,run17_bs2000_N2_M2_G0p25_CG0p25_interval9_step18_cooldown_for_k7.25,9,18,True,7.25,0.0034,8.25,0.003,2,,0.870955,,7
17,2,2,0.25,0.25,run17_bs2000_N2_M2_G0p25_CG0p25_interval9_step18_cooldown_for_k8.25,9,18,True,8.25,0.0034,9.0,0.002,2,,0.871081,,8
17,2,2,0.25,0.25,run17_bs2000_N2_M2_G0p25_CG0p25_interval9_step18_cooldown_for_k7.5,9,18,True,7.5,0.0034,8.25,0.003,2,,0.871023,,8
17,2,2,0.25,0.25,run17_bs2000_N2_M2_G0p25_CG0p25_interval9_step18_cooldown_for_k8,9,18,True,8.0,0.0034,9.0,0.002,2,,0.870972,,8
17,2,2,0.25,0.25,run17_bs2000_N2_M2_G0p25_CG0p25_interval9_step18,9,18,False,,0.0038,7.75,0.0038,2,2,0.871799,0.870781,7
17,2,2,0.25,0.25,run17_bs2000_N2_M2_G0p25_CG0p25_interval10_step20_cooldown_for_k6.75,10,20,True,6.75,0.002,9.0,0.002,2,,0.870243,,7
17,2,2,0.25,0.25,run17_bs2000_N2_M2_G0p25_CG0p25_interval10_step20_cooldown_for_k7.75,10,20,True,7.75,0.002,8.75,0.0023,2,,0.869924,,7
17,2,2,0.25,0.25,run17_bs2000_N2_M2_G0p25_CG0p25_interval10_step20_cooldown_for_k8.75,10,20,True,8.75,0.002,9.5,0.0016,2,,0.870148,,7
17,2,2,0.25,0.25,run17_bs2000_N2_M2_G0p25_CG0p25_interval10_step20_cooldown_for_k7.25,10,20,True,7.25,0.002,8.75,0.0023,2,,0.870054,,7
17,2,2,0.25,0.25,run17_bs2000_N2_M2_G0p25_CG0p25_interval10_step20_cooldown_for_k8.25,10,20,True,8.25,0.002,9.0,0.002,2,,0.869973,,7
17,2,2,0.25,0.25,run17_bs2000_N2_M2_G0p25_CG0p25_interval10_step20_cooldown_for_k7.5,10,20,True,7.5,0.002,8.75,0.0023,2,,0.870013,,7
17,2,2,0.25,0.25,run17_bs2000_N2_M2_G0p25_CG0p25_interval10_step20_cooldown_for_k8,10,20,True,8.0,0.002,9.0,0.002,2,,0.869966,,7
17,2,2,0.25,0.25,run17_bs2000_N2_M2_G0p25_CG0p25_interval10_step20,10,20,False,,0.0038,7.75,0.0038,2,2,0.871163,0.869924,7
17,2,2,0.25,0.25,run17_bs2000_N2_M2_G0p25_CG0p25_interval11_step22_cooldown_for_k6.75,11,22,True,6.75,0.0023,8.75,0.0023,2,,0.869531,,7
17,2,2,0.25,0.25,run17_bs2000_N2_M2_G0p25_CG0p25_interval11_step22_cooldown_for_k7.75,11,22,True,7.75,0.0023,8.75,0.0023,2,,0.869283,,7
17,2,2,0.25,0.25,run17_bs2000_N2_M2_G0p25_CG0p25_interval11_step22_cooldown_for_k8.75,11,22,True,8.75,0.0023,9.25,0.0018,2,,0.869342,,7
17,2,2,0.25,0.25,run17_bs2000_N2_M2_G0p25_CG0p25_interval11_step22_cooldown_for_k7.25,11,22,True,7.25,0.0023,8.75,0.0023,2,,0.869368,,7
17,2,2,0.25,0.25,run17_bs2000_N2_M2_G0p25_CG0p25_interval11_step22_cooldown_for_k8.25,11,22,True,8.25,0.0023,9.5,0.0016,2,,0.869309,,8
17,2,2,0.25,0.25,run17_bs2000_N2_M2_G0p25_CG0p25_interval11_step22_cooldown_for_k7.5,11,22,True,7.5,0.0023,8.75,0.0023,2,,0.869336,,7
17,2,2,0.25,0.25,run17_bs2000_N2_M2_G0p25_CG0p25_interval11_step22_cooldown_for_k8,11,22,True,8.0,0.0023,9.0,0.002,2,,0.869303,,7
17,2,2,0.25,0.25,run17_bs2000_N2_M2_G0p25_CG0p25_interval11_step22,11,22,False,,0.0038,7.75,0.0038,2,2,0.870378,0.869283,7
17,2,2,0.25,0.25,run17_bs2000_N2_M2_G0p25_CG0p25_interval12_step24_cooldown_for_k6.75,12,24,True,6.75,0.0023,8.75,0.0023,2,,0.869068,,7
17,2,2,0.25,0.25,run17_bs2000_N2_M2_G0p25_CG0p25_interval12_step24_cooldown_for_k7.75,12,24,True,7.75,0.0023,8.75,0.0023,2,,0.868869,,7
17,2,2,0.25,0.25,run17_bs2000_N2_M2_G0p25_CG0p25_interval12_step24_cooldown_for_k8.75,12,24,True,8.75,0.0023,10.25,0.0011,2,,0.868913,,8
17,2,2,0.25,0.25,run17_bs2000_N2_M2_G0p25_CG0p25_interval12_step24_cooldown_for_k7.25,12,24,True,7.25,0.0023,8.75,0.0023,2,,0.868959,,7
17,2,2,0.25,0.25,run17_bs2000_N2_M2_G0p25_CG0p25_interval12_step24_cooldown_for_k8.25,12,24,True,8.25,0.0023,9.0,0.002,2,,0.868885,,8
17,2,2,0.25,0.25,run17_bs2000_N2_M2_G0p25_CG0p25_interval12_step24_cooldown_for_k7.5,12,24,True,7.5,0.0023,8.75,0.0023,2,,0.868936,,7
17,2,2,0.25,0.25,run17_bs2000_N2_M2_G0p25_CG0p25_interval12_step24_cooldown_for_k8,12,24,True,8.0,0.0023,9.0,0.002,2,,0.868911,,7
17,2,2,0.25,0.25,run17_bs2000_N2_M2_G0p25_CG0p25_interval12_step24,12,24,False,,0.0038,7.75,0.0038,2,2,0.869944,0.868869,7
17,2,2,0.25,0.25,run17_bs2000_N2_M2_G0p25_CG0p25_interval13_step26_cooldown_for_k6.75,13,26,True,6.75,0.0023,8.75,0.0023,2,,0.868733,,7
17,2,2,0.25,0.25,run17_bs2000_N2_M2_G0p25_CG0p25_interval13_step26_cooldown_for_k7.75,13,26,True,7.75,0.0023,8.75,0.0023,2,,0.868583,,7
17,2,2,0.25,0.25,run17_bs2000_N2_M2_G0p25_CG0p25_interval13_step26_cooldown_for_k8.75,13,26,True,8.75,0.0023,10.25,0.0011,2,,0.868542,,8
17,2,2,0.25,0.25,run17_bs2000_N2_M2_G0p25_CG0p25_interval13_step26_cooldown_for_k9.75,13,26,True,9.75,0.0023,9.75,0.0014,2,,0.868696,,8
17,2,2,0.25,0.25,run17_bs2000_N2_M2_G0p25_CG0p25_interval13_step26_cooldown_for_k8.25,13,26,True,8.25,0.0023,9.75,0.0014,2,,0.868542,,8
17,2,2,0.25,0.25,run17_bs2000_N2_M2_G0p25_CG0p25_interval13_step26_cooldown_for_k9.25,13,26,True,9.25,0.0023,9.75,0.0014,2,,0.868604,,8
17,2,2,0.25,0.25,run17_bs2000_N2_M2_G0p25_CG0p25_interval13_step26_cooldown_for_k8,13,26,True,8.0,0.0023,9.5,0.0016,2,,0.868562,,8
17,2,2,0.25,0.25,run17_bs2000_N2_M2_G0p25_CG0p25_interval13_step26_cooldown_for_k8.5,13,26,True,8.5,0.0023,10.0,0.0012,2,,0.868548,,8
17,2,2,0.25,0.25,run17_bs2000_N2_M2_G0p25_CG0p25_interval13_step26,13,26,False,,0.0038,8.25,0.003,2,2,0.869068,0.868542,8
17,2,2,0.25,0.25,run17_bs2000_N2_M2_G0p25_CG0p25_interval14_step28_cooldown_for_k7.25,14,28,True,7.25,0.0014,9.75,0.0014,2,,0.868486,,7
17,2,2,0.25,0.25,run17_bs2000_N2_M2_G0p25_CG0p25_interval14_step28_cooldown_for_k8.25,14,28,True,8.25,0.0014,9.0,0.002,2,,0.868297,,8
17,2,2,0.25,0.25,run17_bs2000_N2_M2_G0p25_CG0p25_interval14_step28_cooldown_for_k9.25,14,28,True,9.25,0.0014,10.0,0.0012,2,,0.868316,,7
17,2,2,0.25,0.25,run17_bs2000_N2_M2_G0p25_CG0p25_interval14_step28_cooldown_for_k7.75,14,28,True,7.75,0.0014,9.75,0.0014,2,,0.868472,,7
17,2,2,0.25,0.25,run17_bs2000_N2_M2_G0p25_CG0p25_interval14_step28_cooldown_for_k8.75,14,28,True,8.75,0.0014,9.5,0.0016,2,,0.868299,,7
17,2,2,0.25,0.25,run17_bs2000_N2_M2_G0p25_CG0p25_interval14_step28_cooldown_for_k8,14,28,True,8.0,0.0014,9.75,0.0014,2,,0.868467,,7
17,2,2,0.25,0.25,run17_bs2000_N2_M2_G0p25_CG0p25_interval14_step28_cooldown_for_k8.5,14,28,True,8.5,0.0014,9.0,0.002,2,,0.868337,,7
17,2,2,0.25,0.25,run17_bs2000_N2_M2_G0p25_CG0p25_interval14_step28,14,28,False,,0.003,8.25,0.003,2,2,0.869144,0.868297,7
17,2,2,0.25,0.25,run17_bs2000_N2_M2_G0p25_CG0p25_interval15_step30_cooldown_for_k7.25,15,30,True,7.25,0.002,9.25,0.0018,2,,0.868165,,7
17,2,2,0.25,0.25,run17_bs2000_N2_M2_G0p25_CG0p25_interval15_step30_cooldown_for_k8.25,15,30,True,8.25,0.002,10.0,0.0012,2,,0.868191,,8
17,2,2,0.25,0.25,run17_bs2000_N2_M2_G0p25_CG0p25_interval15_step30_cooldown_for_k9.25,15,30,True,9.25,0.002,10.5,0.00094,2,,0.868051,,8
17,2,2,0.25,0.25,run17_bs2000_N2_M2_G0p25_CG0p25_interval15_step30_cooldown_for_k10.25,15,30,True,10.25,0.002,10.25,0.0011,2,,0.86816,,8
17,2,2,0.25,0.25,run17_bs2000_N2_M2_G0p25_CG0p25_interval15_step30_cooldown_for_k8.75,15,30,True,8.75,0.002,10.5,0.00094,2,,0.86806,,8
17,2,2,0.25,0.25,run17_bs2000_N2_M2_G0p25_CG0p25_interval15_step30_cooldown_for_k9.75,15,30,True,9.75,0.002,10.0,0.0012,2,,0.868127,,8
17,2,2,0.25,0.25,run17_bs2000_N2_M2_G0p25_CG0p25_interval15_step30_cooldown_for_k9,15,30,True,9.0,0.002,10.25,0.0011,2,,0.86806,,8
17,2,2,0.25,0.25,run17_bs2000_N2_M2_G0p25_CG0p25_interval15_step30_cooldown_for_k9.5,15,30,True,9.5,0.002,10.0,0.0012,2,,0.868115,,8
17,2,2,0.25,0.25,run17_bs2000_N2_M2_G0p25_CG0p25_interval15_step30,15,30,False,,0.003,9.25,0.0018,2,2,0.868294,0.868051,8
17,2,2,0.25,0.25,run17_bs2000_N2_M2_G0p25_CG0p25_interval16_step32_cooldown_for_k8.25,16,32,True,8.25,0.00094,10.5,0.00094,2,,0.867958,,7
17,2,2,0.25,0.25,run17_bs2000_N2_M2_G0p25_CG0p25_interval16_step32_cooldown_for_k9.25,16,32,True,9.25,0.00094,10.5,0.00094,2,,0.867907,,7
17,2,2,0.25,0.25,run17_bs2000_N2_M2_G0p25_CG0p25_interval16_step32_cooldown_for_k10.25,16,32,True,10.25,0.00094,11.0,0.00073,2,,0.867915,,7
17,2,2,0.25,0.25,run17_bs2000_N2_M2_G0p25_CG0p25_interval16_step32_cooldown_for_k8.75,16,32,True,8.75,0.00094,10.5,0.00094,2,,0.86794,,7
17,2,2,0.25,0.25,run17_bs2000_N2_M2_G0p25_CG0p25_interval16_step32_cooldown_for_k9.75,16,32,True,9.75,0.00094,10.5,0.00094,2,,0.867882,,7
17,2,2,0.25,0.25,run17_bs2000_N2_M2_G0p25_CG0p25_interval16_step32_cooldown_for_k9.5,16,32,True,9.5,0.00094,10.5,0.00094,2,,0.867885,,7
17,2,2,0.25,0.25,run17_bs2000_N2_M2_G0p25_CG0p25_interval16_step32_cooldown_for_k10,16,32,True,10.0,0.00094,11.0,0.00073,2,,0.867909,,7
17,2,2,0.25,0.25,run17_bs2000_N2_M2_G0p25_CG0p25_interval16_step32,16,32,False,,0.0018,9.75,0.0014,2,2,0.868091,0.867882,7
17,2,2,0.25,0.25,run17_bs2000_N2_M2_G0p25_CG0p25_interval17_step34_cooldown_for_k8.75,17,34,True,8.75,0.00094,10.5,0.00094,2,,0.867751,,7
17,2,2,0.25,0.25,run17_bs2000_N2_M2_G0p25_CG0p25_interval17_step34_cooldown_for_k9.75,17,34,True,9.75,0.00094,10.5,0.00094,2,,0.867755,,7
17,2,2,0.25,0.25,run17_bs2000_N2_M2_G0p25_CG0p25_interval17_step34_cooldown_for_k10.75,17,34,True,10.75,0.00094,10.5,0.00094,2,,0.867768,,7
17,2,2,0.25,0.25,run17_bs2000_N2_M2_G0p25_CG0p25_interval17_step34_cooldown_for_k7.75,17,34,True,7.75,0.00094,10.5,0.00094,2,,0.86781,,7
17,2,2,0.25,0.25,run17_bs2000_N2_M2_G0p25_CG0p25_interval17_step34_cooldown_for_k8.25,17,34,True,8.25,0.00094,10.5,0.00094,2,,0.867753,,7
17,2,2,0.25,0.25,run17_bs2000_N2_M2_G0p25_CG0p25_interval17_step34_cooldown_for_k9.25,17,34,True,9.25,0.00094,10.25,0.0011,2,,0.867754,,7
17,2,2,0.25,0.25,run17_bs2000_N2_M2_G0p25_CG0p25_interval17_step34_cooldown_for_k8.5,17,34,True,8.5,0.00094,11.5,0.00056,2,,0.867806,,8
17,2,2,0.25,0.25,run17_bs2000_N2_M2_G0p25_CG0p25_interval17_step34_cooldown_for_k9,17,34,True,9.0,0.00094,11.5,0.00056,2,,0.867801,,8
17,2,2,0.25,0.25,run17_bs2000_N2_M2_G0p25_CG0p25_interval17_step34,17,34,False,,0.0014,8.75,0.0023,2,2,0.86801,0.867751,8
17,2,2,0.25,0.25,run17_bs2000_N2_M2_G0p25_CG0p25_interval18_step36_cooldown_for_k7.75,18,36,True,7.75,0.00094,10.5,0.00094,2,,0.867705,,7
17,2,2,0.25,0.25,run17_bs2000_N2_M2_G0p25_CG0p25_interval18_step36_cooldown_for_k8.75,18,36,True,8.75,0.00094,11.5,0.00056,2,,0.867702,,8
17,2,2,0.25,0.25,run17_bs2000_N2_M2_G0p25_CG0p25_interval18_step36_cooldown_for_k9.75,18,36,True,9.75,0.00094,10.5,0.00094,2,,0.86764,,7
17,2,2,0.25,0.25,run17_bs2000_N2_M2_G0p25_CG0p25_interval18_step36_cooldown_for_k10.75,18,36,True,10.75,0.00094,11.0,0.00073,2,,0.867671,,8
17,2,2,0.25,0.25,run17_bs2000_N2_M2_G0p25_CG0p25_interval18_step36_cooldown_for_k9.25,18,36,True,9.25,0.00094,10.5,0.00094,2,,0.867662,,7
17,2,2,0.25,0.25,run17_bs2000_N2_M2_G0p25_CG0p25_interval18_step36_cooldown_for_k10.25,18,36,True,10.25,0.00094,11.5,0.00056,2,,0.86766,,8
17,2,2,0.25,0.25,run17_bs2000_N2_M2_G0p25_CG0p25_interval18_step36_cooldown_for_k9.5,18,36,True,9.5,0.00094,10.75,0.00082,2,,0.867658,,7
17,2,2,0.25,0.25,run17_bs2000_N2_M2_G0p25_CG0p25_interval18_step36_cooldown_for_k10,18,36,True,10.0,0.00094,11.0,0.00073,2,,0.867658,,8
17,2,2,0.25,0.25,run17_bs2000_N2_M2_G0p25_CG0p25_interval18_step36,18,36,False,,0.0023,9.75,0.0014,2,2,0.867863,0.86764,8
17,2,2,0.25,0.25,run17_bs2000_N2_M2_G0p25_CG0p25_interval19_step38_cooldown_for_k8.75,19,38,True,8.75,0.00094,10.5,0.00094,2,,0.86757,,7
17,2,2,0.25,0.25,run17_bs2000_N2_M2_G0p25_CG0p25_interval19_step38_cooldown_for_k9.75,19,38,True,9.75,0.00094,10.75,0.00082,2,,0.86757,,7
17,2,2,0.25,0.25,run17_bs2000_N2_M2_G0p25_CG0p25_interval19_step38_cooldown_for_k10.75,19,38,True,10.75,0.00094,11.25,0.00064,2,,0.867569,,8
17,2,2,0.25,0.25,run17_bs2000_N2_M2_G0p25_CG0p25_interval19_step38_cooldown_for_k11.75,19,38,True,11.75,0.00094,11.5,0.00056,2,,0.867617,,8
17,2,2,0.25,0.25,run17_bs2000_N2_M2_G0p25_CG0p25_interval19_step38_cooldown_for_k10.25,19,38,True,10.25,0.00094,11.5,0.00056,2,,0.867572,,8
17,2,2,0.25,0.25,run17_bs2000_N2_M2_G0p25_CG0p25_interval19_step38_cooldown_for_k11.25,19,38,True,11.25,0.00094,11.5,0.00056,2,,0.8676,,8
17,2,2,0.25,0.25,run17_bs2000_N2_M2_G0p25_CG0p25_interval19_step38_cooldown_for_k10.5,19,38,True,10.5,0.00094,11.25,0.00064,2,,0.867571,,8
17,2,2,0.25,0.25,run17_bs2000_N2_M2_G0p25_CG0p25_interval19_step38_cooldown_for_k11,19,38,True,11.0,0.00094,11.0,0.00073,2,,0.86759,,8
17,2,2,0.25,0.25,run17_bs2000_N2_M2_G0p25_CG0p25_interval19_step38,19,38,False,,0.0014,10.75,0.00082,2,2,0.867656,0.867569,8
17,2,2,0.25,0.25,run17_bs2000_N2_M2_G0p25_CG0p25_interval20_step40_cooldown_for_k9.75,20,40,True,9.75,0.00064,11.25,0.00064,2,,0.867473,,7
17,2,2,0.25,0.25,run17_bs2000_N2_M2_G0p25_CG0p25_interval20_step40_cooldown_for_k10.75,20,40,True,10.75,0.00064,11.25,0.00064,2,,0.867483,,7
17,2,2,0.25,0.25,run17_bs2000_N2_M2_G0p25_CG0p25_interval20_step40_cooldown_for_k11.75,20,40,True,11.75,0.00064,11.25,0.00064,2,,0.867501,,7
17,2,2,0.25,0.25,run17_bs2000_N2_M2_G0p25_CG0p25_interval20_step40_cooldown_for_k8.75,20,40,True,8.75,0.00064,12.25,0.00038,2,,0.867489,,8
17,2,2,0.25,0.25,run17_bs2000_N2_M2_G0p25_CG0p25_interval20_step40_cooldown_for_k9.25,20,40,True,9.25,0.00064,10.25,0.0011,2,,0.867458,,8
17,2,2,0.25,0.25,run17_bs2000_N2_M2_G0p25_CG0p25_interval20_step40_cooldown_for_k10.25,20,40,True,10.25,0.00064,11.25,0.00064,2,,0.867484,,7
17,2,2,0.25,0.25,run17_bs2000_N2_M2_G0p25_CG0p25_interval20_step40_cooldown_for_k9,20,40,True,9.0,0.00064,10.0,0.0012,2,,0.867469,,8
17,2,2,0.25,0.25,run17_bs2000_N2_M2_G0p25_CG0p25_interval20_step40_cooldown_for_k9.5,20,40,True,9.5,0.00064,12.25,0.00038,2,,0.867486,,8
17,2,2,0.25,0.25,run17_bs2000_N2_M2_G0p25_CG0p25_interval20_step40,20,40,False,,0.00082,9.25,0.0018,2,2,0.867715,0.867458,8
17,2,2,0.25,0.25,run17_bs2000_N2_M2_G0p25_CG0p25_interval21_step42_cooldown_for_k8.25,21,42,True,8.25,0.0011,10.25,0.0011,2,,0.867393,,7
17,2,2,0.25,0.25,run17_bs2000_N2_M2_G0p25_CG0p25_interval21_step42_cooldown_for_k9.25,21,42,True,9.25,0.0011,10.25,0.0011,2,,0.867388,,7
17,2,2,0.25,0.25,run17_bs2000_N2_M2_G0p25_CG0p25_interval21_step42_cooldown_for_k10.25,21,42,True,10.25,0.0011,11.25,0.00064,2,,0.867358,,8
17,2,2,0.25,0.25,run17_bs2000_N2_M2_G0p25_CG0p25_interval21_step42_cooldown_for_k11.25,21,42,True,11.25,0.0011,11.25,0.00064,2,,0.867385,,8
17,2,2,0.25,0.25,run17_bs2000_N2_M2_G0p25_CG0p25_interval21_step42_cooldown_for_k9.75,21,42,True,9.75,0.0011,11.25,0.00064,2,,0.867363,,8
17,2,2,0.25,0.25,run17_bs2000_N2_M2_G0p25_CG0p25_interval21_step42_cooldown_for_k10.75,21,42,True,10.75,0.0011,10.5,0.00094,2,,0.867385,,8
17,2,2,0.25,0.25,run17_bs2000_N2_M2_G0p25_CG0p25_interval21_step42_cooldown_for_k10,21,42,True,10.0,0.0011,11.25,0.00064,2,,0.86737,,8
17,2,2,0.25,0.25,run17_bs2000_N2_M2_G0p25_CG0p25_interval21_step42_cooldown_for_k10.5,21,42,True,10.5,0.0011,12.25,0.00038,2,,0.867395,,9
17,2,2,0.25,0.25,run17_bs2000_N2_M2_G0p25_CG0p25_interval21_step42,21,42,False,,0.0018,10.25,0.0011,2,2,0.867457,0.867358,8
17,2,2,0.25,0.25,run17_bs2000_N2_M2_G0p25_CG0p25_interval22_step44_cooldown_for_k9.25,22,44,True,9.25,0.00064,11.25,0.00064,2,,0.867325,,7
17,2,2,0.25,0.25,run17_bs2000_N2_M2_G0p25_CG0p25_interval22_step44_cooldown_for_k10.25,22,44,True,10.25,0.00064,11.25,0.00064,2,,0.867299,,7
17,2,2,0.25,0.25,run17_bs2000_N2_M2_G0p25_CG0p25_interval22_step44_cooldown_for_k11.25,22,44,True,11.25,0.00064,11.25,0.00064,2,,0.867299,,7
17,2,2,0.25,0.25,run17_bs2000_N2_M2_G0p25_CG0p25_interval22_step44_cooldown_for_k9.75,22,44,True,9.75,0.00064,11.25,0.00064,2,,0.867313,,7
17,2,2,0.25,0.25,run17_bs2000_N2_M2_G0p25_CG0p25_interval22_step44_cooldown_for_k10.75,22,44,True,10.75,0.00064,12.0,0.00044,2,,0.867304,,8
17,2,2,0.25,0.25,run17_bs2000_N2_M2_G0p25_CG0p25_interval22_step44_cooldown_for_k10,22,44,True,10.0,0.00064,11.25,0.00064,2,,0.867302,,7
17,2,2,0.25,0.25,run17_bs2000_N2_M2_G0p25_CG0p25_interval22_step44_cooldown_for_k10.5,22,44,True,10.5,0.00064,11.5,0.00056,2,,0.867301,,7
17,2,2,0.25,0.25,run17_bs2000_N2_M2_G0p25_CG0p25_interval22_step44,22,44,False,,0.0011,10.25,0.0011,2,2,0.867396,0.867299,7
17,2,2,0.25,0.25,run17_bs2000_N2_M2_G0p25_CG0p25_interval23_step46_cooldown_for_k9.25,23,46,True,9.25,0.00064,11.25,0.00064,2,,0.867263,,7
17,2,2,0.25,0.25,run17_bs2000_N2_M2_G0p25_CG0p25_interval23_step46_cooldown_for_k10.25,23,46,True,10.25,0.00064,11.25,0.00064,2,,0.867251,,7
17,2,2,0.25,0.25,run17_bs2000_N2_M2_G0p25_CG0p25_interval23_step46_cooldown_for_k11.25,23,46,True,11.25,0.00064,12.25,0.00038,2,,0.867256,,8
17,2,2,0.25,0.25,run17_bs2000_N2_M2_G0p25_CG0p25_interval23_step46_cooldown_for_k9.75,23,46,True,9.75,0.00064,11.25,0.00064,2,,0.867257,,7
17,2,2,0.25,0.25,run17_bs2000_N2_M2_G0p25_CG0p25_interval23_step46_cooldown_for_k10.75,23,46,True,10.75,0.00064,11.75,0.00049,2,,0.867253,,8
17,2,2,0.25,0.25,run17_bs2000_N2_M2_G0p25_CG0p25_interval23_step46_cooldown_for_k10,23,46,True,10.0,0.00064,11.25,0.00064,2,,0.867253,,7
17,2,2,0.25,0.25,run17_bs2000_N2_M2_G0p25_CG0p25_interval23_step46_cooldown_for_k10.5,23,46,True,10.5,0.00064,11.5,0.00056,2,,0.867253,,7
17,2,2,0.25,0.25,run17_bs2000_N2_M2_G0p25_CG0p25_interval23_step46,23,46,False,,0.0011,10.25,0.0011,2,2,0.867352,0.867251,7
17,2,2,0.25,0.25,run17_bs2000_N2_M2_G0p25_CG0p25_interval24_step48,24,48,False,,0.0011,11.25,0.00064,2,0,0.867251,0.867251,8
18,3,0,1.0,1.0,run18_bs2000_N3_M0_G1_CG1_interval0_step0,0,0,False,,0.2,1.0,0.12,3,0,1.95851,1.95851,4
18,3,0,1.0,1.0,run18_bs2000_N3_M0_G1_CG1_interval1_step3,1,3,False,,0.12,3.0,0.043,3,0,1.24579,1.24579,5
18,3,0,1.0,1.0,run18_bs2000_N3_M0_G1_CG1_interval2_step6,2,6,False,,0.043,3.0,0.043,3,0,0.987839,0.987839,3
18,3,0,1.0,1.0,run18_bs2000_N3_M0_G1_CG1_interval3_step9,3,9,False,,0.043,5.0,0.016,3,0,0.899321,0.899321,5
18,3,0,1.0,1.0,run18_bs2000_N3_M0_G1_CG1_interval4_step12,4,12,False,,0.016,7.0,0.0056,3,0,0.882754,0.882754,5
18,3,0,1.0,1.0,run18_bs2000_N3_M0_G1_CG1_interval5_step15,5,15,False,,0.0056,8.0,0.0034,3,0,0.877859,0.877859,4
18,3,0,1.0,1.0,run18_bs2000_N3_M0_G1_CG1_interval6_step18,6,18,False,,0.0034,9.0,0.002,3,0,0.875002,0.875002,4
18,3,0,1.0,1.0,run18_bs2000_N3_M0_G1_CG1_interval7_step21,7,21,False,,0.002,8.0,0.0034,3,0,0.87322,0.87322,4
18,3,0,1.0,1.0,run18_bs2000_N3_M0_G1_CG1_interval8_step24,8,24,False,,0.0034,9.0,0.002,3,0,0.871608,0.871608,4
18,3,0,1.0,1.0,run18_bs2000_N3_M0_G1_CG1_interval9_step27,9,27,False,,0.002,10.0,0.0012,3,0,0.870651,0.870651,4
18,3,0,1.0,1.0,run18_bs2000_N3_M0_G1_CG1_interval10_step30,10,30,False,,0.0012,10.0,0.0012,3,0,0.870053,0.870053,3
18,3,0,1.0,1.0,run18_bs2000_N3_M0_G1_CG1_interval11_step33,11,33,False,,0.0012,10.0,0.0012,3,0,0.869575,0.869575,3
18,3,0,1.0,1.0,run18_bs2000_N3_M0_G1_CG1_interval12_step36,12,36,False,,0.0012,11.0,0.00073,3,0,0.86917,0.86917,4
18,3,0,1.0,1.0,run18_bs2000_N3_M0_G1_CG1_interval13_step39,13,39,False,,0.00073,10.0,0.0012,3,0,0.868849,0.868849,4
18,3,0,1.0,1.0,run18_bs2000_N3_M0_G1_CG1_interval14_step42,14,42,False,,0.0012,11.0,0.00073,3,0,0.86854,0.86854,4
18,3,0,1.0,1.0,run18_bs2000_N3_M0_G1_CG1_interval15_step45,15,45,False,,0.00073,11.0,0.00073,3,0,0.868338,0.868338,3
18,3,0,1.0,1.0,run18_bs2000_N3_M0_G1_CG1_interval16_step48,16,48,False,,0.00073,12.0,0.00044,2,0,0.868215,0.868215,4
19,3,0,1.0,0.25,run19_bs2000_N3_M0_G1_CG0p25_interval0_step0,0,0,False,,0.2,1.0,0.12,3,0,1.95851,1.95851,4
19,3,0,1.0,0.25,run19_bs2000_N3_M0_G1_CG0p25_interval1_step3,1,3,False,,0.12,3.0,0.043,3,0,1.24579,1.24579,5
19,3,0,1.0,0.25,run19_bs2000_N3_M0_G1_CG0p25_interval2_step6,2,6,False,,0.043,3.0,0.043,3,0,0.987839,0.987839,3
19,3,0,1.0,0.25,run19_bs2000_N3_M0_G1_CG0p25_interval3_step9,3,9,False,,0.043,5.0,0.016,3,0,0.899321,0.899321,5
19,3,0,1.0,0.25,run19_bs2000_N3_M0_G1_CG0p25_interval4_step12,4,12,False,,0.016,7.0,0.0056,3,0,0.882754,0.882754,5
19,3,0,1.0,0.25,run19_bs2000_N3_M0_G1_CG0p25_interval5_step15,5,15,False,,0.0056,8.0,0.0034,3,0,0.877859,0.877859,4
19,3,0,1.0,0.25,run19_bs2000_N3_M0_G1_CG0p25_interval6_step18,6,18,False,,0.0034,9.0,0.002,3,0,0.875002,0.875002,4
19,3,0,1.0,0.25,run19_bs2000_N3_M0_G1_CG0p25_interval7_step21,7,21,False,,0.002,8.0,0.0034,3,0,0.87322,0.87322,4
19,3,0,1.0,0.25,run19_bs2000_N3_M0_G1_CG0p25_interval8_step24,8,24,False,,0.0034,9.0,0.002,3,0,0.871608,0.871608,4
19,3,0,1.0,0.25,run19_bs2000_N3_M0_G1_CG0p25_interval9_step27,9,27,False,,0.002,10.0,0.0012,3,0,0.870651,0.870651,4
19,3,0,1.0,0.25,run19_bs2000_N3_M0_G1_CG0p25_interval10_step30,10,30,False,,0.0012,10.0,0.0012,3,0,0.870053,0.870053,3
19,3,0,1.0,0.25,run19_bs2000_N3_M0_G1_CG0p25_interval11_step33,11,33,False,,0.0012,10.0,0.0012,3,0,0.869575,0.869575,3
19,3,0,1.0,0.25,run19_bs2000_N3_M0_G1_CG0p25_interval12_step36,12,36,False,,0.0012,11.0,0.00073,3,0,0.86917,0.86917,4
19,3,0,1.0,0.25,run19_bs2000_N3_M0_G1_CG0p25_interval13_step39,13,39,False,,0.00073,10.0,0.0012,3,0,0.868849,0.868849,4
19,3,0,1.0,0.25,run19_bs2000_N3_M0_G1_CG0p25_interval14_step42,14,42,False,,0.0012,11.0,0.00073,3,0,0.86854,0.86854,4
19,3,0,1.0,0.25,run19_bs2000_N3_M0_G1_CG0p25_interval15_step45,15,45,False,,0.00073,11.0,0.00073,3,0,0.868338,0.868338,3
19,3,0,1.0,0.25,run19_bs2000_N3_M0_G1_CG0p25_interval16_step48,16,48,False,,0.00073,12.0,0.00044,2,0,0.868215,0.868215,4
20,3,0,0.25,0.25,run20_bs2000_N3_M0_G0p25_CG0p25_interval0_step0,0,0,False,,0.2,0.75,0.14,3,0,1.958396,1.958396,8
20,3,0,0.25,0.25,run20_bs2000_N3_M0_G0p25_CG0p25_interval1_step3,1,3,False,,0.14,3.0,0.043,3,0,1.24214,1.24214,9
20,3,0,0.25,0.25,run20_bs2000_N3_M0_G0p25_CG0p25_interval2_step6,2,6,False,,0.043,4.0,0.026,3,0,0.996783,0.996783,8
20,3,0,0.25,0.25,run20_bs2000_N3_M0_G0p25_CG0p25_interval3_step9,3,9,False,,0.026,5.75,0.011,3,0,0.911645,0.911645,8
20,3,0,0.25,0.25,run20_bs2000_N3_M0_G0p25_CG0p25_interval4_step12,4,12,False,,0.011,6.75,0.0064,3,0,0.8912,0.8912,8
20,3,0,0.25,0.25,run20_bs2000_N3_M0_G0p25_CG0p25_interval5_step15,5,15,False,,0.0064,7.75,0.0038,3,0,0.883083,0.883083,8
20,3,0,0.25,0.25,run20_bs2000_N3_M0_G0p25_CG0p25_interval6_step18,6,18,False,,0.0038,8.25,0.003,3,0,0.878666,0.878666,7
20,3,0,0.25,0.25,run20_bs2000_N3_M0_G0p25_CG0p25_interval7_step21,7,21,False,,0.003,9.25,0.0018,3,0,0.876148,0.876148,8
20,3,0,0.25,0.25,run20_bs2000_N3_M0_G0p25_CG0p25_interval8_step24,8,24,False,,0.0018,9.25,0.0018,3,0,0.874436,0.874436,7
20,3,0,0.25,0.25,run20_bs2000_N3_M0_G0p25_CG0p25_interval9_step27,9,27,False,,0.0018,9.75,0.0014,3,0,0.873202,0.873202,7
20,3,0,0.25,0.25,run20_bs2000_N3_M0_G0p25_CG0p25_interval10_step30,10,30,False,,0.0014,9.75,0.0014,3,0,0.872235,0.872235,7
20,3,0,0.25,0.25,run20_bs2000_N3_M0_G0p25_CG0p25_interval11_step33,11,33,False,,0.0014,10.25,0.0011,3,0,0.871452,0.871452,8
20,3,0,0.25,0.25,run20_bs2000_N3_M0_G0p25_CG0p25_interval12_step36,12,36,False,,0.0011,10.5,0.00094,3,0,0.87084,0.87084,7
20,3,0,0.25,0.25,run20_bs2000_N3_M0_G0p25_CG0p25_interval13_step39,13,39,False,,0.00094,10.75,0.00082,3,0,0.870365,0.870365,7
20,3,0,0.25,0.25,run20_bs2000_N3_M0_G0p25_CG0p25_interval14_step42,14,42,False,,0.00082,10.75,0.00082,3,0,0.869968,0.869968,7
20,3,0,0.25,0.25,run20_bs2000_N3_M0_G0p25_CG0p25_interval15_step45,15,45,False,,0.00082,11.0,0.00073,3,0,0.869627,0.869627,7
20,3,0,0.25,0.25,run20_bs2000_N3_M0_G0p25_CG0p25_interval16_step48,16,48,False,,0.00073,11.5,0.00056,2,0,0.869415,0.869415,7
21,3,1,1.0,1.0,run21_bs2000_N3_M1_G1_CG1_interval0_step0_cooldown_for_k-1,0,0,True,-1.0,0.2,1.0,0.12,1,,1.799297,,4
21,3,1,1.0,1.0,run21_bs2000_N3_M1_G1_CG1_interval0_step0_cooldown_for_k0,0,0,True,0.0,0.2,1.0,0.12,1,,1.745448,,4
21,3,1,1.0,1.0,run21_bs2000_N3_M1_G1_CG1_interval0_step0_cooldown_for_k1,0,0,True,1.0,0.2,2.0,0.072,1,,1.765513,,5
21,3,1,1.0,1.0,run21_bs2000_N3_M1_G1_CG1_interval0_step0,0,0,False,,0.2,0.0,0.2,3,1,1.973272,1.745448,3
21,3,1,1.0,1.0,run21_bs2000_N3_M1_G1_CG1_interval1_step3_cooldown_for_k-1,1,3,True,-1.0,0.12,1.0,0.12,1,,1.479182,,3
21,3,1,1.0,1.0,run21_bs2000_N3_M1_G1_CG1_interval1_step3_cooldown_for_k0,1,3,True,0.0,0.12,2.0,0.072,1,,1.330328,,4
21,3,1,1.0,1.0,run21_bs2000_N3_M1_G1_CG1_interval1_step3_cooldown_for_k1,1,3,True,1.0,0.12,2.0,0.072,1,,1.226007,,4
21,3,1,1.0,1.0,run21_bs2000_N3_M1_G1_CG1_interval1_step3_cooldown_for_k2,1,3,True,2.0,0.12,4.0,0.026,1,,1.285828,,6
21,3,1,1.0,1.0,run21_bs2000_N3_M1_G1_CG1_interval1_step3,1,3,False,,0.2,1.0,0.12,3,1,1.375363,1.226007,4
21,3,1,1.0,1.0,run21_bs2000_N3_M1_G1_CG1_interval2_step6_cooldown_for_k0,2,6,True,0.0,0.072,1.0,0.12,1,,1.159796,,4
21,3,1,1.0,1.0,run21_bs2000_N3_M1_G1_CG1_interval2_step6_cooldown_for_k1,2,6,True,1.0,0.072,3.0,0.043,1,,0.986824,,4
21,3,1,1.0,1.0,run21_bs2000_N3_M1_G1_CG1_interval2_step6_cooldown_for_k2,2,6,True,2.0,0.072,3.0,0.043,1,,1.025763,,4
21,3,1,1.0,1.0,run21_bs2000_N3_M1_G1_CG1_interval2_step6,2,6,False,,0.12,1.0,0.12,3,1,1.098459,0.986824,3
21,3,1,1.0,1.0,run21_bs2000_N3_M1_G1_CG1_interval3_step9_cooldown_for_k0,3,9,True,0.0,0.043,2.0,0.072,1,,0.970063,,4
21,3,1,1.0,1.0,run21_bs2000_N3_M1_G1_CG1_interval3_step9_cooldown_for_k1,3,9,True,1.0,0.043,3.0,0.043,1,,0.924161,,3
21,3,1,1.0,1.0,run21_bs2000_N3_M1_G1_CG1_interval3_step9_cooldown_for_k2,3,9,True,2.0,0.043,3.0,0.043,1,,0.900984,,3
21,3,1,1.0,1.0,run21_bs2000_N3_M1_G1_CG1_interval3_step9_cooldown_for_k3,3,9,True,3.0,0.043,5.0,0.016,1,,0.901345,,5
21,3,1,1.0,1.0,run21_bs2000_N3_M1_G1_CG1_interval3_step9,3,9,False,,0.12,2.0,0.072,3,1,0.942971,0.900984,4
21,3,1,1.0,1.0,run21_bs2000_N3_M1_G1_CG1_interval4_step12_cooldown_for_k1,4,12,True,1.0,0.043,3.0,0.043,1,,0.908164,,3
21,3,1,1.0,1.0,run21_bs2000_N3_M1_G1_CG1_interval4_step12_cooldown_for_k2,4,12,True,2.0,0.043,4.0,0.026,1,,0.884123,,4
21,3,1,1.0,1.0,run21_bs2000_N3_M1_G1_CG1_interval4_step12_cooldown_for_k3,4,12,True,3.0,0.043,5.0,0.016,1,,0.883741,,5
21,3,1,1.0,1.0,run21_bs2000_N3_M1_G1_CG1_interval4_step12_cooldown_for_k4,4,12,True,4.0,0.043,6.0,0.0093,1,,0.877241,,6
21,3,1,1.0,1.0,run21_bs2000_N3_M1_G1_CG1_interval4_step12_cooldown_for_k5,4,12,True,5.0,0.043,6.0,0.0093,1,,0.87814,,6
21,3,1,1.0,1.0,run21_bs2000_N3_M1_G1_CG1_interval4_step12,4,12,False,,0.072,4.0,0.026,3,1,0.884953,0.877241,5
21,3,1,1.0,1.0,run21_bs2000_N3_M1_G1_CG1_interval5_step15_cooldown_for_k3,5,15,True,3.0,0.0093,5.0,0.016,1,,0.873433,,4
21,3,1,1.0,1.0,run21_bs2000_N3_M1_G1_CG1_interval5_step15_cooldown_for_k4,5,15,True,4.0,0.0093,6.0,0.0093,1,,0.871897,,3
21,3,1,1.0,1.0,run21_bs2000_N3_M1_G1_CG1_interval5_step15_cooldown_for_k5,5,15,True,5.0,0.0093,6.0,0.0093,1,,0.871721,,3
21,3,1,1.0,1.0,run21_bs2000_N3_M1_G1_CG1_interval5_step15_cooldown_for_k6,5,15,True,6.0,0.0093,8.0,0.0034,1,,0.872444,,5
21,3,1,1.0,1.0,run21_bs2000_N3_M1_G1_CG1_interval5_step15,5,15,False,,0.026,5.0,0.016,3,1,0.875557,0.871721,4
21,3,1,1.0,1.0,run21_bs2000_N3_M1_G1_CG1_interval6_step18_cooldown_for_k4,6,18,True,4.0,0.0093,5.0,0.016,1,,0.870083,,4
21,3,1,1.0,1.0,run21_bs2000_N3_M1_G1_CG1_interval6_step18_cooldown_for_k5,6,18,True,5.0,0.0093,6.0,0.0093,1,,0.869981,,3
21,3,1,1.0,1.0,run21_bs2000_N3_M1_G1_CG1_interval6_step18_cooldown_for_k6,6,18,True,6.0,0.0093,8.0,0.0034,1,,0.869649,,5
21,3,1,1.0,1.0,run21_bs2000_N3_M1_G1_CG1_interval6_step18_cooldown_for_k7,6,18,True,7.0,0.0093,9.0,0.002,1,,0.869923,,6
21,3,1,1.0,1.0,run21_bs2000_N3_M1_G1_CG1_interval6_step18,6,18,False,,0.016,6.0,0.0093,3,1,0.870266,0.869649,4
21,3,1,1.0,1.0,run21_bs2000_N3_M1_G1_CG1_interval7_step21_cooldown_for_k5,7,21,True,5.0,0.0034,7.0,0.0056,1,,0.868953,,4
21,3,1,1.0,1.0,run21_bs2000_N3_M1_G1_CG1_interval7_step21_cooldown_for_k6,7,21,True,6.0,0.0034,7.0,0.0056,1,,0.868534,,4
21,3,1,1.0,1.0,run21_bs2000_N3_M1_G1_CG1_interval7_step21_cooldown_for_k7,7,21,True,7.0,0.0034,8.0,0.0034,1,,0.868656,,3
21,3,1,1.0,1.0,run21_bs2000_N3_M1_G1_CG1_interval7_step21,7,21,False,,0.0093,6.0,0.0093,3,1,0.869967,0.868534,3
21,3,1,1.0,1.0,run21_bs2000_N3_M1_G1_CG1_interval8_step24_cooldown_for_k5,8,24,True,5.0,0.0056,6.0,0.0093,1,,0.868103,,4
21,3,1,1.0,1.0,run21_bs2000_N3_M1_G1_CG1_interval8_step24_cooldown_for_k6,8,24,True,6.0,0.0056,7.0,0.0056,1,,0.868186,,3
21,3,1,1.0,1.0,run21_bs2000_N3_M1_G1_CG1_interval8_step24_cooldown_for_k7,8,24,True,7.0,0.0056,9.0,0.002,1,,0.868051,,5
21,3,1,1.0,1.0,run21_bs2000_N3_M1_G1_CG1_interval8_step24_cooldown_for_k8,8,24,True,8.0,0.0056,10.0,0.0012,1,,0.868132,,6
21,3,1,1.0,1.0,run21_bs2000_N3_M1_G1_CG1_interval8_step24,8,24,False,,0.0093,7.0,0.0056,3,1,0.868298,0.868051,4
21,3,1,1.0,1.0,run21_bs2000_N3_M1_G1_CG1_interval9_step27_cooldown_for_k6,9,27,True,6.0,0.002,8.0,0.0034,1,,0.867798,,4
21,3,1,1.0,1.0,run21_bs2000_N3_M1_G1_CG1_interval9_step27_cooldown_for_k7,9,27,True,7.0,0.002,8.0,0.0034,1,,0.867594,,4
21,3,1,1.0,1.0,run21_bs2000_N3_M1_G1_CG1_interval9_step27_cooldown_for_k8,9,27,True,8.0,0.002,9.0,0.002,1,,0.867638,,3
21,3,1,1.0,1.0,run21_bs2000_N3_M1_G1_CG1_interval9_step27,9,27,False,,0.0056,7.0,0.0056,3,1,0.868195,0.867594,3
21,3,1,1.0,1.0,run21_bs2000_N3_M1_G1_CG1_interval10_step30_cooldown_for_k6,10,30,True,6.0,0.0034,7.0,0.0056,1,,0.867475,,4
21,3,1,1.0,1.0,run21_bs2000_N3_M1_G1_CG1_interval10_step30_cooldown_for_k7,10,30,True,7.0,0.0034,8.0,0.0034,1,,0.867506,,3
21,3,1,1.0,1.0,run21_bs2000_N3_M1_G1_CG1_interval10_step30_cooldown_for_k8,10,30,True,8.0,0.0034,10.0,0.0012,1,,0.86745,,5
21,3,1,1.0,1.0,run21_bs2000_N3_M1_G1_CG1_interval10_step30_cooldown_for_k9,10,30,True,9.0,0.0034,11.0,0.00073,1,,0.867466,,6
21,3,1,1.0,1.0,run21_bs2000_N3_M1_G1_CG1_interval10_step30,10,30,False,,0.0056,8.0,0.0034,3,1,0.867504,0.86745,4
21,3,1,1.0,1.0,run21_bs2000_N3_M1_G1_CG1_interval11_step33_cooldown_for_k7,11,33,True,7.0,0.0012,9.0,0.002,1,,0.867313,,4
21,3,1,1.0,1.0,run21_bs2000_N3_M1_G1_CG1_interval11_step33_cooldown_for_k8,11,33,True,8.0,0.0012,9.0,0.002,1,,0.867253,,4
21,3,1,1.0,1.0,run21_bs2000_N3_M1_G1_CG1_interval11_step33_cooldown_for_k9,11,33,True,9.0,0.0012,10.0,0.0012,1,,0.867286,,3
21,3,1,1.0,1.0,run21_bs2000_N3_M1_G1_CG1_interval11_step33,11,33,False,,0.0034,8.0,0.0034,3,1,0.867487,0.867253,3
21,3,1,1.0,1.0,run21_bs2000_N3_M1_G1_CG1_interval12_step36_cooldown_for_k7,12,36,True,7.0,0.002,8.0,0.0034,1,,0.867183,,4
21,3,1,1.0,1.0,run21_bs2000_N3_M1_G1_CG1_interval12_step36_cooldown_for_k8,12,36,True,8.0,0.002,9.0,0.002,1,,0.867199,,3
21,3,1,1.0,1.0,run21_bs2000_N3_M1_G1_CG1_interval12_step36_cooldown_for_k9,12,36,True,9.0,0.002,11.0,0.00073,1,,0.867176,,5
21,3,1,1.0,1.0,run21_bs2000_N3_M1_G1_CG1_interval12_step36_cooldown_for_k10,12,36,True,10.0,0.002,12.0,0.00044,1,,0.867201,,6
21,3,1,1.0,1.0,run21_bs2000_N3_M1_G1_CG1_interval12_step36,12,36,False,,0.0034,9.0,0.002,3,1,0.867199,0.867176,4
21,3,1,1.0,1.0,run21_bs2000_N3_M1_G1_CG1_interval13_step39_cooldown_for_k8,13,39,True,8.0,0.00073,10.0,0.0012,1,,0.867109,,4
21,3,1,1.0,1.0,run21_bs2000_N3_M1_G1_CG1_interval13_step39_cooldown_for_k9,13,39,True,9.0,0.00073,10.0,0.0012,1,,0.8671,,4
21,3,1,1.0,1.0,run21_bs2000_N3_M1_G1_CG1_interval13_step39_cooldown_for_k10,13,39,True,10.0,0.00073,11.0,0.00073,1,,0.867116,,3
21,3,1,1.0,1.0,run21_bs2000_N3_M1_G1_CG1_interval13_step39,13,39,False,,0.002,9.0,0.002,3,1,0.867167,0.8671,3
21,3,1,1.0,1.0,run21_bs2000_N3_M1_G1_CG1_interval14_step42_cooldown_for_k8,14,42,True,8.0,0.0012,9.0,0.002,1,,0.867059,,4
21,3,1,1.0,1.0,run21_bs2000_N3_M1_G1_CG1_interval14_step42_cooldown_for_k9,14,42,True,9.0,0.0012,10.0,0.0012,1,,0.867068,,3
21,3,1,1.0,1.0,run21_bs2000_N3_M1_G1_CG1_interval14_step42_cooldown_for_k10,14,42,True,10.0,0.0012,11.0,0.00073,1,,0.867067,,4
21,3,1,1.0,1.0,run21_bs2000_N3_M1_G1_CG1_interval14_step42_cooldown_for_k7,14,42,True,7.0,0.0012,9.0,0.002,1,,0.867131,,4
21,3,1,1.0,1.0,run21_bs2000_N3_M1_G1_CG1_interval14_step42,14,42,False,,0.002,8.0,0.0034,3,1,0.867367,0.867059,4
21,3,1,1.0,1.0,run21_bs2000_N3_M1_G1_CG1_interval15_step45_cooldown_for_k7,15,45,True,7.0,0.002,8.0,0.0034,1,,0.867051,,4
21,3,1,1.0,1.0,run21_bs2000_N3_M1_G1_CG1_interval15_step45_cooldown_for_k8,15,45,True,8.0,0.002,9.0,0.002,1,,0.86705,,3
21,3,1,1.0,1.0,run21_bs2000_N3_M1_G1_CG1_interval15_step45_cooldown_for_k9,15,45,True,9.0,0.002,12.0,0.00044,1,,0.867028,,6
21,3,1,1.0,1.0,run21_bs2000_N3_M1_G1_CG1_interval15_step45_cooldown_for_k10,15,45,True,10.0,0.002,12.0,0.00044,1,,0.867034,,6
21,3,1,1.0,1.0,run21_bs2000_N3_M1_G1_CG1_interval15_step45,15,45,False,,0.0034,9.0,0.002,3,1,0.867033,0.867028,4
21,3,1,1.0,1.0,run21_bs2000_N3_M1_G1_CG1_interval16_step48,16,48,False,,0.002,9.0,0.002,2,0,0.86701,0.86701,3
22,3,1,1.0,0.25,run22_bs2000_N3_M1_G1_CG0p25_interval0_step0_cooldown_for_k-1,0,0,True,-1.0,0.2,0.75,0.14,1,,1.795637,,8
22,3,1,1.0,0.25,run22_bs2000_N3_M1_G1_CG0p25_interval0_step0_cooldown_for_k0,0,0,True,0.0,0.2,1.0,0.12,1,,1.745448,,8
22,3,1,1.0,0.25,run22_bs2000_N3_M1_G1_CG0p25_interval0_step0_cooldown_for_k1,0,0,True,1.0,0.2,2.0,0.072,1,,1.765513,,9
22,3,1,1.0,0.25,run22_bs2000_N3_M1_G1_CG0p25_interval0_step0,0,0,False,,0.2,0.0,0.2,3,1,1.973272,1.745448,3
22,3,1,1.0,0.25,run22_bs2000_N3_M1_G1_CG0p25_interval1_step3_cooldown_for_k-1,1,3,True,-1.0,0.12,1.0,0.12,1,,1.479663,,7
22,3,1,1.0,0.25,run22_bs2000_N3_M1_G1_CG0p25_interval1_step3_cooldown_for_k0,1,3,True,0.0,0.12,2.0,0.072,1,,1.337117,,8
22,3,1,1.0,0.25,run22_bs2000_N3_M1_G1_CG0p25_interval1_step3_cooldown_for_k1,1,3,True,1.0,0.12,2.0,0.072,1,,1.233694,,8
22,3,1,1.0,0.25,run22_bs2000_N3_M1_G1_CG0p25_interval1_step3_cooldown_for_k2,1,3,True,2.0,0.12,3.0,0.043,1,,1.260444,,9
22,3,1,1.0,0.25,run22_bs2000_N3_M1_G1_CG0p25_interval1_step3,1,3,False,,0.2,1.0,0.12,3,1,1.3751,1.233694,4
22,3,1,1.0,0.25,run22_bs2000_N3_M1_G1_CG0p25_interval2_step6_cooldown_for_k0,2,6,True,0.0,0.072,1.0,0.12,1,,1.149371,,8
22,3,1,1.0,0.25,run22_bs2000_N3_M1_G1_CG0p25_interval2_step6_cooldown_for_k1,2,6,True,1.0,0.072,3.0,0.043,1,,1.011091,,8
22,3,1,1.0,0.25,run22_bs2000_N3_M1_G1_CG0p25_interval2_step6_cooldown_for_k2,2,6,True,2.0,0.072,3.0,0.043,1,,0.984995,,8
22,3,1,1.0,0.25,run22_bs2000_N3_M1_G1_CG0p25_interval2_step6_cooldown_for_k3,2,6,True,3.0,0.072,4.0,0.026,1,,0.985231,,9
22,3,1,1.0,0.25,run22_bs2000_N3_M1_G1_CG0p25_interval2_step6,2,6,False,,0.12,2.0,0.072,3,1,1.048289,0.984995,4
22,3,1,1.0,0.25,run22_bs2000_N3_M1_G1_CG0p25_interval3_step9_cooldown_for_k1,3,9,True,1.0,0.043,3.0,0.043,1,,0.942915,,7
22,3,1,1.0,0.25,run22_bs2000_N3_M1_G1_CG0p25_interval3_step9_cooldown_for_k2,3,9,True,2.0,0.043,4.0,0.026,1,,0.913095,,8
22,3,1,1.0,0.25,run22_bs2000_N3_M1_G1_CG0p25_interval3_step9_cooldown_for_k3,3,9,True,3.0,0.043,4.0,0.026,1,,0.900321,,8
22,3,1,1.0,0.25,run22_bs2000_N3_M1_G1_CG0p25_interval3_step9_cooldown_for_k4,3,9,True,4.0,0.043,6.0,0.0093,1,,0.892116,,10
22,3,1,1.0,0.25,run22_bs2000_N3_M1_G1_CG0p25_interval3_step9_cooldown_for_k5,3,9,True,5.0,0.043,5.0,0.016,1,,0.897261,,9
22,3,1,1.0,0.25,run22_bs2000_N3_M1_G1_CG0p25_interval3_step9,3,9,False,,0.072,4.0,0.026,3,1,0.896666,0.892116,5
22,3,1,1.0,0.25,run22_bs2000_N3_M1_G1_CG0p25_interval4_step12_cooldown_for_k3,4,12,True,3.0,0.0093,5.0,0.016,1,,0.880975,,8
22,3,1,1.0,0.25,run22_bs2000_N3_M1_G1_CG0p25_interval4_step12_cooldown_for_k4,4,12,True,4.0,0.0093,6.0,0.0093,1,,0.877087,,7
22,3,1,1.0,0.25,run22_bs2000_N3_M1_G1_CG0p25_interval4_step12_cooldown_for_k5,4,12,True,5.0,0.0093,7.0,0.0056,1,,0.878628,,8
22,3,1,1.0,0.25,run22_bs2000_N3_M1_G1_CG0p25_interval4_step12,4,12,False,,0.026,4.0,0.026,3,1,0.886942,0.877087,3
22,3,1,1.0,0.25,run22_bs2000_N3_M1_G1_CG0p25_interval5_step15_cooldown_for_k3,5,15,True,3.0,0.0093,5.0,0.016,1,,0.879179,,8
22,3,1,1.0,0.25,run22_bs2000_N3_M1_G1_CG0p25_interval5_step15_cooldown_for_k4,5,15,True,4.0,0.0093,5.0,0.016,1,,0.87286,,8
22,3,1,1.0,0.25,run22_bs2000_N3_M1_G1_CG0p25_interval5_step15_cooldown_for_k5,5,15,True,5.0,0.0093,6.0,0.0093,1,,0.872793,,7
22,3,1,1.0,0.25,run22_bs2000_N3_M1_G1_CG0p25_interval5_step15_cooldown_for_k6,5,15,True,6.0,0.0093,8.0,0.0034,1,,0.872824,,9
22,3,1,1.0,0.25,run22_bs2000_N3_M1_G1_CG0p25_interval5_step15,5,15,False,,0.026,5.0,0.016,3,1,0.878365,0.872793,4
22,3,1,1.0,0.25,run22_bs2000_N3_M1_G1_CG0p25_interval6_step18_cooldown_for_k4,6,18,True,4.0,0.0093,5.0,0.016,1,,0.871804,,8
22,3,1,1.0,0.25,run22_bs2000_N3_M1_G1_CG0p25_interval6_step18_cooldown_for_k5,6,18,True,5.0,0.0093,6.0,0.0093,1,,0.870619,,7
22,3,1,1.0,0.25,run22_bs2000_N3_M1_G1_CG0p25_interval6_step18_cooldown_for_k6,6,18,True,6.0,0.0093,8.0,0.0034,1,,0.870669,,9
22,3,1,1.0,0.25,run22_bs2000_N3_M1_G1_CG0p25_interval6_step18,6,18,False,,0.016,5.0,0.016,3,1,0.875996,0.870619,3
22,3,1,1.0,0.25,run22_bs2000_N3_M1_G1_CG0p25_interval7_step21_cooldown_for_k4,7,21,True,4.0,0.0093,6.0,0.0093,1,,0.870692,,7
22,3,1,1.0,0.25,run22_bs2000_N3_M1_G1_CG0p25_interval7_step21_cooldown_for_k5,7,21,True,5.0,0.0093,6.0,0.0093,1,,0.869803,,7
22,3,1,1.0,0.25,run22_bs2000_N3_M1_G1_CG0p25_interval7_step21_cooldown_for_k6,7,21,True,6.0,0.0093,8.0,0.0034,1,,0.869596,,9
22,3,1,1.0,0.25,run22_bs2000_N3_M1_G1_CG0p25_interval7_step21_cooldown_for_k7,7,21,True,7.0,0.0093,9.0,0.002,1,,0.8693,,10
22,3,1,1.0,0.25,run22_bs2000_N3_M1_G1_CG0p25_interval7_step21_cooldown_for_k8,7,21,True,8.0,0.0093,8.0,0.0034,1,,0.869692,,9
22,3,1,1.0,0.25,run22_bs2000_N3_M1_G1_CG0p25_interval7_step21,7,21,False,,0.016,7.0,0.0056,3,1,0.869515,0.8693,5
22,3,1,1.0,0.25,run22_bs2000_N3_M1_G1_CG0p25_interval8_step24_cooldown_for_k6,8,24,True,6.0,0.002,8.0,0.0034,1,,0.868512,,8
22,3,1,1.0,0.25,run22_bs2000_N3_M1_G1_CG0p25_interval8_step24_cooldown_for_k7,8,24,True,7.0,0.002,8.0,0.0034,1,,0.868449,,8
22,3,1,1.0,0.25,run22_bs2000_N3_M1_G1_CG0p25_interval8_step24_cooldown_for_k8,8,24,True,8.0,0.002,9.0,0.002,1,,0.868586,,7
22,3,1,1.0,0.25,run22_bs2000_N3_M1_G1_CG0p25_interval8_step24,8,24,False,,0.0056,7.0,0.0056,3,1,0.869118,0.868449,3
22,3,1,1.0,0.25,run22_bs2000_N3_M1_G1_CG0p25_interval9_step27_cooldown_for_k6,9,27,True,6.0,0.0034,7.0,0.0056,1,,0.868019,,8
22,3,1,1.0,0.25,run22_bs2000_N3_M1_G1_CG0p25_interval9_step27_cooldown_for_k7,9,27,True,7.0,0.0034,8.0,0.0034,1,,0.868078,,7
22,3,1,1.0,0.25,run22_bs2000_N3_M1_G1_CG0p25_interval9_step27_cooldown_for_k8,9,27,True,8.0,0.0034,9.0,0.002,1,,0.868052,,8
22,3,1,1.0,0.25,run22_bs2000_N3_M1_G1_CG0p25_interval9_step27_cooldown_for_k5,9,27,True,5.0,0.0034,7.0,0.0056,1,,0.868863,,8
22,3,1,1.0,0.25,run22_bs2000_N3_M1_G1_CG0p25_interval9_step27,9,27,False,,0.0056,6.0,0.0093,3,1,0.870833,0.868019,4
22,3,1,1.0,0.25,run22_bs2000_N3_M1_G1_CG0p25_interval10_step30_cooldown_for_k5,10,30,True,5.0,0.0056,6.0,0.0093,1,,0.868347,,8
22,3,1,1.0,0.25,run22_bs2000_N3_M1_G1_CG0p25_interval10_step30_cooldown_for_k6,10,30,True,6.0,0.0056,7.0,0.0056,1,,0.867978,,7
22,3,1,1.0,0.25,run22_bs2000_N3_M1_G1_CG0p25_interval10_step30_cooldown_for_k7,10,30,True,7.0,0.0056,10.0,0.0012,1,,0.867814,,10
22,3,1,1.0,0.25,run22_bs2000_N3_M1_G1_CG0p25_interval10_step30_cooldown_for_k8,10,30,True,8.0,0.0056,10.0,0.0012,1,,0.867768,,10
22,3,1,1.0,0.25,run22_bs2000_N3_M1_G1_CG0p25_interval10_step30_cooldown_for_k9,10,30,True,9.0,0.0056,10.0,0.0012,1,,0.867869,,10
22,3,1,1.0,0.25,run22_bs2000_N3_M1_G1_CG0p25_interval10_step30,10,30,False,,0.0093,8.0,0.0034,3,1,0.867869,0.867768,5
22,3,1,1.0,0.25,run22_bs2000_N3_M1_G1_CG0p25_interval11_step33_cooldown_for_k7,11,33,True,7.0,0.0012,9.0,0.002,1,,0.867585,,8
22,3,1,1.0,0.25,run22_bs2000_N3_M1_G1_CG0p25_interval11_step33_cooldown_for_k8,11,33,True,8.0,0.0012,9.0,0.002,1,,0.867482,,8
22,3,1,1.0,0.25,run22_bs2000_N3_M1_G1_CG0p25_interval11_step33_cooldown_for_k9,11,33,True,9.0,0.0012,10.0,0.0012,1,,0.867522,,7
22,3,1,1.0,0.25,run22_bs2000_N3_M1_G1_CG0p25_interval11_step33,11,33,False,,0.0034,8.0,0.0034,3,1,0.86779,0.867482,3
22,3,1,1.0,0.25,run22_bs2000_N3_M1_G1_CG0p25_interval12_step36_cooldown_for_k7,12,36,True,7.0,0.002,8.0,0.0034,1,,0.867358,,8
22,3,1,1.0,0.25,run22_bs2000_N3_M1_G1_CG0p25_interval12_step36_cooldown_for_k8,12,36,True,8.0,0.002,9.0,0.002,1,,0.867393,,7
22,3,1,1.0,0.25,run22_bs2000_N3_M1_G1_CG0p25_interval12_step36_cooldown_for_k9,12,36,True,9.0,0.002,11.0,0.00073,1,,0.867382,,9
22,3,1,1.0,0.25,run22_bs2000_N3_M1_G1_CG0p25_interval12_step36_cooldown_for_k6,12,36,True,6.0,0.002,8.0,0.0034,1,,0.86757,,8
22,3,1,1.0,0.25,run22_bs2000_N3_M1_G1_CG0p25_interval12_step36,12,36,False,,0.0034,7.0,0.0056,3,1,0.868623,0.867358,4
22,3,1,1.0,0.25,run22_bs2000_N3_M1_G1_CG0p25_interval13_step39_cooldown_for_k6,13,39,True,6.0,0.0034,7.0,0.0056,1,,0.867486,,8
22,3,1,1.0,0.25,run22_bs2000_N3_M1_G1_CG0p25_interval13_step39_cooldown_for_k7,13,39,True,7.0,0.0034,8.0,0.0034,1,,0.867381,,7
22,3,1,1.0,0.25,run22_bs2000_N3_M1_G1_CG0p25_interval13_step39_cooldown_for_k8,13,39,True,8.0,0.0034,11.0,0.00073,1,,0.867269,,10
22,3,1,1.0,0.25,run22_bs2000_N3_M1_G1_CG0p25_interval13_step39_cooldown_for_k9,13,39,True,9.0,0.0034,11.0,0.00073,1,,0.867271,,10
22,3,1,1.0,0.25,run22_bs2000_N3_M1_G1_CG0p25_interval13_step39,13,39,False,,0.0056,8.0,0.0034,3,1,0.867284,0.867269,4
22,3,1,1.0,0.25,run22_bs2000_N3_M1_G1_CG0p25_interval14_step42_cooldown_for_k7,14,42,True,7.0,0.00073,10.0,0.0012,1,,0.867519,,8
22,3,1,1.0,0.25,run22_bs2000_N3_M1_G1_CG0p25_interval14_step42_cooldown_for_k8,14,42,True,8.0,0.00073,10.0,0.0012,1,,0.867156,,8
22,3,1,1.0,0.25,run22_bs2000_N3_M1_G1_CG0p25_interval14_step42_cooldown_for_k9,14,42,True,9.0,0.00073,10.0,0.0012,1,,0.867162,,8
22,3,1,1.0,0.25,run22_bs2000_N3_M1_G1_CG0p25_interval14_step42,14,42,False,,0.0034,8.0,0.0034,3,1,0.867452,0.867156,3
22,3,1,1.0,0.25,run22_bs2000_N3_M1_G1_CG0p25_interval15_step45_cooldown_for_k7,15,45,True,7.0,0.0012,9.0,0.002,1,,0.867323,,8
22,3,1,1.0,0.25,run22_bs2000_N3_M1_G1_CG0p25_interval15_step45_cooldown_for_k8,15,45,True,8.0,0.0012,9.0,0.002,1,,0.867095,,8
22,3,1,1.0,0.25,run22_bs2000_N3_M1_G1_CG0p25_interval15_step45_cooldown_for_k9,15,45,True,9.0,0.0012,11.0,0.00073,1,,0.867094,,8
22,3,1,1.0,0.25,run22_bs2000_N3_M1_G1_CG0p25_interval15_step45_cooldown_for_k10,15,45,True,10.0,0.0012,13.0,0.00026,1,,0.867105,,10
22,3,1,1.0,0.25,run22_bs2000_N3_M1_G1_CG0p25_interval15_step45,15,45,False,,0.0034,9.0,0.002,3,1,0.867131,0.867094,4
22,3,1,1.0,0.25,run22_bs2000_N3_M1_G1_CG0p25_interval16_step48,16,48,False,,0.002,11.0,0.00073,2,0,0.867069,0.867069,5
23,3,1,0.25,0.25,run23_bs2000_N3_M1_G0p25_CG0p25_interval0_step0_cooldown_for_k-1,0,0,True,-1.0,0.2,0.75,0.14,1,,1.795637,,8
23,3,1,0.25,0.25,run23_bs2000_N3_M1_G0p25_CG0p25_interval0_step0_cooldown_for_k0,0,0,True,0.0,0.2,1.0,0.12,1,,1.745448,,8
23,3,1,0.25,0.25,run23_bs2000_N3_M1_G0p25_CG0p25_interval0_step0_cooldown_for_k1,0,0,True,1.0,0.2,2.0,0.072,1,,1.765513,,9
23,3,1,0.25,0.25,run23_bs2000_N3_M1_G0p25_CG0p25_interval0_step0_cooldown_for_k-0.5,0,0,True,-0.5,0.2,1.25,0.11,1,,1.76608,,8
23,3,1,0.25,0.25,run23_bs2000_N3_M1_G0p25_CG0p25_interval0_step0_cooldown_for_k0.5,0,0,True,0.5,0.2,2.0,0.072,1,,1.743655,,9
23,3,1,0.25,0.25,run23_bs2000_N3_M1_G0p25_CG0p25_interval0_step0_cooldown_for_k0.25,0,0,True,0.25,0.2,2.0,0.072,1,,1.738695,,9
23,3,1,0.25,0.25,run23_bs2000_N3_M1_G0p25_CG0p25_interval0_step0_cooldown_for_k0.75,0,0,True,0.75,0.2,2.0,0.072,1,,1.745225,,9
23,3,1,0.25,0.25,run23_bs2000_N3_M1_G0p25_CG0p25_interval0_step0,0,0,False,,0.2,0.25,0.18,3,1,1.966656,1.738695,7
23,3,1,0.25,0.25,run23_bs2000_N3_M1_G0p25_CG0p25_interval1_step3_cooldown_for_k-0.75,1,3,True,-0.75,0.072,2.0,0.072,1,,1.464117,,7
23,3,1,0.25,0.25,run23_bs2000_N3_M1_G0p25_CG0p25_interval1_step3_cooldown_for_k0.25,1,3,True,0.25,0.072,2.0,0.072,1,,1.283763,,7
23,3,1,0.25,0.25,run23_bs2000_N3_M1_G0p25_CG0p25_interval1_step3_cooldown_for_k1.25,1,3,True,1.25,0.072,2.0,0.072,1,,1.174309,,7
23,3,1,0.25,0.25,run23_bs2000_N3_M1_G0p25_CG0p25_interval1_step3_cooldown_for_k2.25,1,3,True,2.25,0.072,3.0,0.043,1,,1.219699,,8
23,3,1,0.25,0.25,run23_bs2000_N3_M1_G0p25_CG0p25_interval1_step3_cooldown_for_k0.75,1,3,True,0.75,0.072,2.0,0.072,1,,1.213738,,7
23,3,1,0.25,0.25,run23_bs2000_N3_M1_G0p25_CG0p25_interval1_step3_cooldown_for_k1.75,1,3,True,1.75,0.072,3.0,0.043,1,,1.208972,,8
23,3,1,0.25,0.25,run23_bs2000_N3_M1_G0p25_CG0p25_interval1_step3_cooldown_for_k1,1,3,True,1.0,0.072,2.0,0.072,1,,1.166171,,7
23,3,1,0.25,0.25,run23_bs2000_N3_M1_G0p25_CG0p25_interval1_step3_cooldown_for_k1.5,1,3,True,1.5,0.072,3.0,0.043,1,,1.209778,,8
23,3,1,0.25,0.25,run23_bs2000_N3_M1_G0p25_CG0p25_interval1_step3,1,3,False,,0.18,1.0,0.12,3,1,1.314197,1.166171,8
23,3,1,0.25,0.25,run23_bs2000_N3_M1_G0p25_CG0p25_interval2_step6_cooldown_for_k0,2,6,True,0.0,0.072,2.0,0.072,1,,1.197307,,7
23,3,1,0.25,0.25,run23_bs2000_N3_M1_G0p25_CG0p25_interval2_step6_cooldown_for_k1,2,6,True,1.0,0.072,2.0,0.072,1,,0.991709,,7
23,3,1,0.25,0.25,run23_bs2000_N3_M1_G0p25_CG0p25_interval2_step6_cooldown_for_k2,2,6,True,2.0,0.072,4.0,0.026,1,,0.946421,,9
23,3,1,0.25,0.25,run23_bs2000_N3_M1_G0p25_CG0p25_interval2_step6_cooldown_for_k3,2,6,True,3.0,0.072,5.0,0.016,1,,0.939563,,10
23,3,1,0.25,0.25,run23_bs2000_N3_M1_G0p25_CG0p25_interval2_step6_cooldown_for_k4,2,6,True,4.0,0.072,4.0,0.026,1,,0.927731,,9
23,3,1,0.25,0.25,run23_bs2000_N3_M1_G0p25_CG0p25_interval2_step6_cooldown_for_k5,2,6,True,5.0,0.072,4.0,0.026,1,,0.94829,,9
23,3,1,0.25,0.25,run23_bs2000_N3_M1_G0p25_CG0p25_interval2_step6_cooldown_for_k3.5,2,6,True,3.5,0.072,5.0,0.016,1,,0.944641,,10
23,3,1,0.25,0.25,run23_bs2000_N3_M1_G0p25_CG0p25_interval2_step6_cooldown_for_k4.5,2,6,True,4.5,0.072,4.0,0.026,1,,0.93445,,9
23,3,1,0.25,0.25,run23_bs2000_N3_M1_G0p25_CG0p25_interval2_step6_cooldown_for_k3.75,2,6,True,3.75,0.072,5.0,0.016,1,,0.938089,,10
23,3,1,0.25,0.25,run23_bs2000_N3_M1_G0p25_CG0p25_interval2_step6_cooldown_for_k4.25,2,6,True,4.25,0.072,4.0,0.026,1,,0.931253,,9
23,3,1,0.25,0.25,run23_bs2000_N3_M1_G0p25_CG0p25_interval2_step6,2,6,False,,0.12,4.0,0.026,3,1,0.960779,0.927731,10
23,3,1,0.25,0.25,run23_bs2000_N3_M1_G0p25_CG0p25_interval3_step9_cooldown_for_k3,3,9,True,3.0,0.026,4.0,0.026,1,,0.905723,,7
23,3,1,0.25,0.25,run23_bs2000_N3_M1_G0p25_CG0p25_interval3_step9_cooldown_for_k4,3,9,True,4.0,0.026,6.0,0.0093,1,,0.897659,,9
23,3,1,0.25,0.25,run23_bs2000_N3_M1_G0p25_CG0p25_interval3_step9_cooldown_for_k5,3,9,True,5.0,0.026,7.0,0.0056,1,,0.896012,,10
23,3,1,0.25,0.25,run23_bs2000_N3_M1_G0p25_CG0p25_interval3_step9_cooldown_for_k6,3,9,True,6.0,0.026,4.0,0.026,1,,0.892921,,7
23,3,1,0.25,0.25,run23_bs2000_N3_M1_G0p25_CG0p25_interval3_step9_cooldown_for_k7,3,9,True,7.0,0.026,4.0,0.026,1,,0.895634,,7
23,3,1,0.25,0.25,run23_bs2000_N3_M1_G0p25_CG0p25_interval3_step9_cooldown_for_k5.5,3,9,True,5.5,0.026,7.0,0.0056,1,,0.897107,,10
23,3,1,0.25,0.25,run23_bs2000_N3_M1_G0p25_CG0p25_interval3_step9_cooldown_for_k6.5,3,9,True,6.5,0.026,4.0,0.026,1,,0.892869,,7
23,3,1,0.25,0.25,run23_bs2000_N3_M1_G0p25_CG0p25_interval3_step9_cooldown_for_k6.25,3,9,True,6.25,0.026,4.0,0.026,1,,0.892786,,7
23,3,1,0.25,0.25,run23_bs2000_N3_M1_G0p25_CG0p25_interval3_step9_cooldown_for_k6.75,3,9,True,6.75,0.026,4.0,0.026,1,,0.894135,,7
23,3,1,0.25,0.25,run23_bs2000_N3_M1_G0p25_CG0p25_interval3_step9,3,9,False,,0.026,6.25,0.0082,3,1,0.908132,0.892786,9
23,3,1,0.25,0.25,run23_bs2000_N3_M1_G0p25_CG0p25_interval4_step12_cooldown_for_k5.25,4,12,True,5.25,0.026,7.0,0.0056,1,,0.889005,,10
23,3,1,0.25,0.25,run23_bs2000_N3_M1_G0p25_CG0p25_interval4_step12_cooldown_for_k6.25,4,12,True,6.25,0.026,8.0,0.0034,1,,0.888206,,11
23,3,1,0.25,0.25,run23_bs2000_N3_M1_G0p25_CG0p25_interval4_step12_cooldown_for_k7.25,4,12,True,7.25,0.026,7.0,0.0056,1,,0.888707,,10
23,3,1,0.25,0.25,run23_bs2000_N3_M1_G0p25_CG0p25_interval4_step12_cooldown_for_k5.75,4,12,True,5.75,0.026,8.0,0.0034,1,,0.887675,,11
23,3,1,0.25,0.25,run23_bs2000_N3_M1_G0p25_CG0p25_interval4_step12_cooldown_for_k6.75,4,12,True,6.75,0.026,8.0,0.0034,1,,0.888383,,11
23,3,1,0.25,0.25,run23_bs2000_N3_M1_G0p25_CG0p25_interval4_step12_cooldown_for_k5.5,4,12,True,5.5,0.026,7.0,0.0056,1,,0.888275,,10
23,3,1,0.25,0.25,run23_bs2000_N3_M1_G0p25_CG0p25_interval4_step12_cooldown_for_k6,4,12,True,6.0,0.026,8.0,0.0034,1,,0.888318,,11
23,3,1,0.25,0.25,run23_bs2000_N3_M1_G0p25_CG0p25_interval4_step12,4,12,False,,0.0082,5.75,0.011,3,1,0.889218,0.887675,7
23,3,1,0.25,0.25,run23_bs2000_N3_M1_G0p25_CG0p25_interval5_step15_cooldown_for_k4.75,5,15,True,4.75,0.0034,7.0,0.0056,1,,0.879189,,8
23,3,1,0.25,0.25,run23_bs2000_N3_M1_G0p25_CG0p25_interval5_step15_cooldown_for_k5.75,5,15,True,5.75,0.0034,7.0,0.0056,1,,0.877064,,8
23,3,1,0.25,0.25,run23_bs2000_N3_M1_G0p25_CG0p25_interval5_step15_cooldown_for_k6.75,5,15,True,6.75,0.0034,8.0,0.0034,1,,0.877773,,7
23,3,1,0.25,0.25,run23_bs2000_N3_M1_G0p25_CG0p25_interval5_step15_cooldown_for_k5.25,5,15,True,5.25,0.0034,7.0,0.0056,1,,0.877453,,8
23,3,1,0.25,0.25,run23_bs2000_N3_M1_G0p25_CG0p25_interval5_step15_cooldown_for_k6.25,5,15,True,6.25,0.0034,7.0,0.0056,1,,0.877132,,8
23,3,1,0.25,0.25,run23_bs2000_N3_M1_G0p25_CG0p25_interval5_step15_cooldown_for_k5.5,5,15,True,5.5,0.0034,7.0,0.0056,1,,0.877116,,8
23,3,1,0.25,0.25,run23_bs2000_N3_M1_G0p25_CG0p25_interval5_step15_cooldown_for_k6,5,15,True,6.0,0.0034,7.0,0.0056,1,,0.877015,,8
23,3,1,0.25,0.25,run23_bs2000_N3_M1_G0p25_CG0p25_interval5_step15,5,15,False,,0.011,6.0,0.0093,3,1,0.88304,0.877015,7
23,3,1,0.25,0.25,run23_bs2000_N3_M1_G0p25_CG0p25_interval6_step18_cooldown_for_k5,6,18,True,5.0,0.0056,6.0,0.0093,1,,0.875974,,8
23,3,1,0.25,0.25,run23_bs2000_N3_M1_G0p25_CG0p25_interval6_step18_cooldown_for_k6,6,18,True,6.0,0.0056,7.0,0.0056,1,,0.874672,,7
23,3,1,0.25,0.25,run23_bs2000_N3_M1_G0p25_CG0p25_interval6_step18_cooldown_for_k7,6,18,True,7.0,0.0056,9.0,0.002,1,,0.874588,,9
23,3,1,0.25,0.25,run23_bs2000_N3_M1_G0p25_CG0p25_interval6_step18_cooldown_for_k8,6,18,True,8.0,0.0056,9.0,0.002,1,,0.875227,,9
23,3,1,0.25,0.25,run23_bs2000_N3_M1_G0p25_CG0p25_interval6_step18_cooldown_for_k6.5,6,18,True,6.5,0.0056,8.0,0.0034,1,,0.875025,,8
23,3,1,0.25,0.25,run23_bs2000_N3_M1_G0p25_CG0p25_interval6_step18_cooldown_for_k7.5,6,18,True,7.5,0.0056,9.0,0.002,1,,0.875135,,9
23,3,1,0.25,0.25,run23_bs2000_N3_M1_G0p25_CG0p25_interval6_step18_cooldown_for_k6.75,6,18,True,6.75,0.0056,8.0,0.0034,1,,0.874589,,8
23,3,1,0.25,0.25,run23_bs2000_N3_M1_G0p25_CG0p25_interval6_step18_cooldown_for_k7.25,6,18,True,7.25,0.0056,9.0,0.002,1,,0.874904,,9
23,3,1,0.25,0.25,run23_bs2000_N3_M1_G0p25_CG0p25_interval6_step18,6,18,False,,0.0093,7.0,0.0056,3,1,0.875467,0.874588,8
23,3,1,0.25,0.25,run23_bs2000_N3_M1_G0p25_CG0p25_interval7_step21_cooldown_for_k6,7,21,True,6.0,0.002,8.0,0.0034,1,,0.871886,,8
23,3,1,0.25,0.25,run23_bs2000_N3_M1_G0p25_CG0p25_interval7_step21_cooldown_for_k7,7,21,True,7.0,0.002,8.0,0.0034,1,,0.872078,,8
23,3,1,0.25,0.25,run23_bs2000_N3_M1_G0p25_CG0p25_interval7_step21_cooldown_for_k8,7,21,True,8.0,0.002,9.0,0.002,1,,0.872381,,7
23,3,1,0.25,0.25,run23_bs2000_N3_M1_G0p25_CG0p25_interval7_step21_cooldown_for_k5,7,21,True,5.0,0.002,8.0,0.0034,1,,0.873273,,8
23,3,1,0.25,0.25,run23_bs2000_N3_M1_G0p25_CG0p25_interval7_step21_cooldown_for_k5.5,7,21,True,5.5,0.002,8.0,0.0034,1,,0.871968,,8
23,3,1,0.25,0.25,run23_bs2000_N3_M1_G0p25_CG0p25_interval7_step21_cooldown_for_k6.5,7,21,True,6.5,0.002,8.0,0.0034,1,,0.872106,,8
23,3,1,0.25,0.25,run23_bs2000_N3_M1_G0p25_CG0p25_interval7_step21_cooldown_for_k5.75,7,21,True,5.75,0.002,8.0,0.0034,1,,0.872081,,8
23,3,1,0.25,0.25,run23_bs2000_N3_M1_G0p25_CG0p25_interval7_step21_cooldown_for_k6.25,7,21,True,6.25,0.002,8.0,0.0034,1,,0.871969,,8
23,3,1,0.25,0.25,run23_bs2000_N3_M1_G0p25_CG0p25_interval7_step21,7,21,False,,0.0056,6.0,0.0093,3,1,0.875596,0.871886,8
23,3,1,0.25,0.25,run23_bs2000_N3_M1_G0p25_CG0p25_interval8_step24_cooldown_for_k5,8,24,True,5.0,0.0034,7.0,0.0056,1,,0.87276,,8
23,3,1,0.25,0.25,run23_bs2000_N3_M1_G0p25_CG0p25_interval8_step24_cooldown_for_k6,8,24,True,6.0,0.0034,7.0,0.0056,1,,0.870794,,8
23,3,1,0.25,0.25,run23_bs2000_N3_M1_G0p25_CG0p25_interval8_step24_cooldown_for_k7,8,24,True,7.0,0.0034,8.0,0.0034,1,,0.870629,,7
23,3,1,0.25,0.25,run23_bs2000_N3_M1_G0p25_CG0p25_interval8_step24_cooldown_for_k8,8,24,True,8.0,0.0034,9.0,0.002,1,,0.870805,,8
23,3,1,0.25,0.25,run23_bs2000_N3_M1_G0p25_CG0p25_interval8_step24_cooldown_for_k6.5,8,24,True,6.5,0.0034,8.0,0.0034,1,,0.870656,,7
23,3,1,0.25,0.25,run23_bs2000_N3_M1_G0p25_CG0p25_interval8_step24_cooldown_for_k7.5,8,24,True,7.5,0.0034,10.0,0.0012,1,,0.87063,,9
23,3,1,0.25,0.25,run23_bs2000_N3_M1_G0p25_CG0p25_interval8_step24_cooldown_for_k6.75,8,24,True,6.75,0.0034,8.0,0.0034,1,,0.870548,,7
23,3,1,0.25,0.25,run23_bs2000_N3_M1_G0p25_CG0p25_interval8_step24_cooldown_for_k7.25,8,24,True,7.25,0.0034,9.0,0.002,1,,0.870503,,8
23,3,1,0.25,0.25,run23_bs2000_N3_M1_G0p25_CG0p25_interval8_step24,8,24,False,,0.0093,7.25,0.0049,3,1,0.871475,0.870503,8
23,3,1,0.25,0.25,run23_bs2000_N3_M1_G0p25_CG0p25_interval9_step27_cooldown_for_k6.25,9,27,True,6.25,0.002,8.0,0.0034,1,,0.869669,,8
23,3,1,0.25,0.25,run23_bs2000_N3_M1_G0p25_CG0p25_interval9_step27_cooldown_for_k7.25,9,27,True,7.25,0.002,8.0,0.0034,1,,0.869621,,8
23,3,1,0.25,0.25,run23_bs2000_N3_M1_G0p25_CG0p25_interval9_step27_cooldown_for_k8.25,9,27,True,8.25,0.002,9.0,0.002,1,,0.869636,,7
23,3,1,0.25,0.25,run23_bs2000_N3_M1_G0p25_CG0p25_interval9_step27_cooldown_for_k6.75,9,27,True,6.75,0.002,8.0,0.0034,1,,0.869543,,8
23,3,1,0.25,0.25,run23_bs2000_N3_M1_G0p25_CG0p25_interval9_step27_cooldown_for_k7.75,9,27,True,7.75,0.002,9.0,0.002,1,,0.869631,,7
23,3,1,0.25,0.25,run23_bs2000_N3_M1_G0p25_CG0p25_interval9_step27_cooldown_for_k6.5,9,27,True,6.5,0.002,8.0,0.0034,1,,0.869555,,8
23,3,1,0.25,0.25,run23_bs2000_N3_M1_G0p25_CG0p25_interval9_step27_cooldown_for_k7,9,27,True,7.0,0.002,8.0,0.0034,1,,0.869599,,8
23,3,1,0.25,0.25,run23_bs2000_N3_M1_G0p25_CG0p25_interval9_step27,9,27,False,,0.0049,6.75,0.0064,3,1,0.871936,0.869543,7
23,3,1,0.25,0.25,run23_bs2000_N3_M1_G0p25_CG0p25_interval10_step30_cooldown_for_k5.75,10,30,True,5.75,0.0034,7.0,0.0056,1,,0.869799,,8
23,3,1,0.25,0.25,run23_bs2000_N3_M1_G0p25_CG0p25_interval10_step30_cooldown_for_k6.75,10,30,True,6.75,0.0034,8.0,0.0034,1,,0.869117,,7
23,3,1,0.25,0.25,run23_bs2000_N3_M1_G0p25_CG0p25_interval10_step30_cooldown_for_k7.75,10,30,True,7.75,0.0034,10.0,0.0012,1,,0.869032,,9
23,3,1,0.25,0.25,run23_bs2000_N3_M1_G0p25_CG0p25_interval10_step30_cooldown_for_k8.75,10,30,True,8.75,0.0034,8.0,0.0034,1,,0.869068,,7
23,3,1,0.25,0.25,run23_bs2000_N3_M1_G0p25_CG0p25_interval10_step30_cooldown_for_k7.25,10,30,True,7.25,0.0034,8.0,0.0034,1,,0.869006,,7
23,3,1,0.25,0.25,run23_bs2000_N3_M1_G0p25_CG0p25_interval10_step30_cooldown_for_k8.25,10,30,True,8.25,0.0034,9.0,0.002,1,,0.869041,,8
23,3,1,0.25,0.25,run23_bs2000_N3_M1_G0p25_CG0p25_interval10_step30_cooldown_for_k7,10,30,True,7.0,0.0034,8.0,0.0034,1,,0.869018,,7
23,3,1,0.25,0.25,run23_bs2000_N3_M1_G0p25_CG0p25_interval10_step30_cooldown_for_k7.5,10,30,True,7.5,0.0034,9.0,0.002,1,,0.868969,,8
23,3,1,0.25,0.25,run23_bs2000_N3_M1_G0p25_CG0p25_interval10_step30,10,30,False,,0.0064,7.5,0.0043,3,1,0.869887,0.868969,8
23,3,1,0.25,0.25,run23_bs2000_N3_M1_G0p25_CG0p25_interval11_step33_cooldown_for_k6.5,11,33,True,6.5,0.002,8.0,0.0034,1,,0.868658,,8
23,3,1,0.25,0.25,run23_bs2000_N3_M1_G0p25_CG0p25_interval11_step33_cooldown_for_k7.5,11,33,True,7.5,0.002,9.0,0.002,1,,0.868561,,7
23,3,1,0.25,0.25,run23_bs2000_N3_M1_G0p25_CG0p25_interval11_step33_cooldown_for_k8.5,11,33,True,8.5,0.002,10.0,0.0012,1,,0.868543,,8
23,3,1,0.25,0.25,run23_bs2000_N3_M1_G0p25_CG0p25_interval11_step33_cooldown_for_k9.5,11,33,True,9.5,0.002,10.0,0.0012,1,,0.86854,,8
23,3,1,0.25,0.25,run23_bs2000_N3_M1_G0p25_CG0p25_interval11_step33_cooldown_for_k10.5,11,33,True,10.5,0.002,10.0,0.0012,1,,0.868631,,8
23,3,1,0.25,0.25,run23_bs2000_N3_M1_G0p25_CG0p25_interval11_step33_cooldown_for_k9,11,33,True,9.0,0.002,10.0,0.0012,1,,0.868508,,8
23,3,1,0.25,0.25,run23_bs2000_N3_M1_G0p25_CG0p25_interval11_step33_cooldown_for_k10,11,33,True,10.0,0.002,10.0,0.0012,1,,0.868558,,8
23,3,1,0.25,0.25,run23_bs2000_N3_M1_G0p25_CG0p25_interval11_step33_cooldown_for_k8.75,11,33,True,8.75,0.002,11.0,0.00073,1,,0.86846,,9
23,3,1,0.25,0.25,run23_bs2000_N3_M1_G0p25_CG0p25_interval11_step33_cooldown_for_k9.25,11,33,True,9.25,0.002,11.0,0.00073,1,,0.868527,,9
23,3,1,0.25,0.25,run23_bs2000_N3_M1_G0p25_CG0p25_interval11_step33,11,33,False,,0.0043,8.75,0.0023,3,1,0.868538,0.86846,9
23,3,1,0.25,0.25,run23_bs2000_N3_M1_G0p25_CG0p25_interval12_step36_cooldown_for_k7.75,12,36,True,7.75,0.00073,10.0,0.0012,1,,0.868065,,8
23,3,1,0.25,0.25,run23_bs2000_N3_M1_G0p25_CG0p25_interval12_step36_cooldown_for_k8.75,12,36,True,8.75,0.00073,10.0,0.0012,1,,0.86808,,8
23,3,1,0.25,0.25,run23_bs2000_N3_M1_G0p25_CG0p25_interval12_step36_cooldown_for_k9.75,12,36,True,9.75,0.00073,10.0,0.0012,1,,0.868161,,8
23,3,1,0.25,0.25,run23_bs2000_N3_M1_G0p25_CG0p25_interval12_step36_cooldown_for_k6.75,12,36,True,6.75,0.00073,10.0,0.0012,1,,0.868502,,8
23,3,1,0.25,0.25,run23_bs2000_N3_M1_G0p25_CG0p25_interval12_step36_cooldown_for_k7.25,12,36,True,7.25,0.00073,10.0,0.0012,1,,0.868147,,8
23,3,1,0.25,0.25,run23_bs2000_N3_M1_G0p25_CG0p25_interval12_step36_cooldown_for_k8.25,12,36,True,8.25,0.00073,10.0,0.0012,1,,0.868089,,8
23,3,1,0.25,0.25,run23_bs2000_N3_M1_G0p25_CG0p25_interval12_step36_cooldown_for_k7.5,12,36,True,7.5,0.00073,10.0,0.0012,1,,0.86815,,8
23,3,1,0.25,0.25,run23_bs2000_N3_M1_G0p25_CG0p25_interval12_step36_cooldown_for_k8,12,36,True,8.0,0.00073,10.0,0.0012,1,,0.868077,,8
23,3,1,0.25,0.25,run23_bs2000_N3_M1_G0p25_CG0p25_interval12_step36,12,36,False,,0.0023,7.75,0.0038,3,1,0.868703,0.868065,8
23,3,1,0.25,0.25,run23_bs2000_N3_M1_G0p25_CG0p25_interval13_step39_cooldown_for_k6.75,13,39,True,6.75,0.0012,9.0,0.002,1,,0.86821,,8
23,3,1,0.25,0.25,run23_bs2000_N3_M1_G0p25_CG0p25_interval13_step39_cooldown_for_k7.75,13,39,True,7.75,0.0012,9.0,0.002,1,,0.867841,,8
23,3,1,0.25,0.25,run23_bs2000_N3_M1_G0p25_CG0p25_interval13_step39_cooldown_for_k8.75,13,39,True,8.75,0.0012,10.0,0.0012,1,,0.867847,,7
23,3,1,0.25,0.25,run23_bs2000_N3_M1_G0p25_CG0p25_interval13_step39_cooldown_for_k7.25,13,39,True,7.25,0.0012,9.0,0.002,1,,0.86792,,8
23,3,1,0.25,0.25,run23_bs2000_N3_M1_G0p25_CG0p25_interval13_step39_cooldown_for_k8.25,13,39,True,8.25,0.0012,9.0,0.002,1,,0.867841,,8
23,3,1,0.25,0.25,run23_bs2000_N3_M1_G0p25_CG0p25_interval13_step39_cooldown_for_k8,13,39,True,8.0,0.0012,9.0,0.002,1,,0.86783,,8
23,3,1,0.25,0.25,run23_bs2000_N3_M1_G0p25_CG0p25_interval13_step39_cooldown_for_k8.5,13,39,True,8.5,0.0012,9.0,0.002,1,,0.86785,,8
23,3,1,0.25,0.25,run23_bs2000_N3_M1_G0p25_CG0p25_interval13_step39,13,39,False,,0.0038,8.0,0.0034,3,1,0.868554,0.86783,7
23,3,1,0.25,0.25,run23_bs2000_N3_M1_G0p25_CG0p25_interval14_step42_cooldown_for_k7,14,42,True,7.0,0.002,8.0,0.0034,1,,0.86775,,8
23,3,1,0.25,0.25,run23_bs2000_N3_M1_G0p25_CG0p25_interval14_step42_cooldown_for_k8,14,42,True,8.0,0.002,9.0,0.002,1,,0.867805,,7
23,3,1,0.25,0.25,run23_bs2000_N3_M1_G0p25_CG0p25_interval14_step42_cooldown_for_k9,14,42,True,9.0,0.002,10.0,0.0012,1,,0.867735,,8
23,3,1,0.25,0.25,run23_bs2000_N3_M1_G0p25_CG0p25_interval14_step42_cooldown_for_k10,14,42,True,10.0,0.002,12.0,0.00044,1,,0.867724,,10
23,3,1,0.25,0.25,run23_bs2000_N3_M1_G0p25_CG0p25_interval14_step42_cooldown_for_k11,14,42,True,11.0,0.002,11.0,0.00073,1,,0.86774,,9
23,3,1,0.25,0.25,run23_bs2000_N3_M1_G0p25_CG0p25_interval14_step42_cooldown_for_k9.5,14,42,True,9.5,0.002,12.0,0.00044,1,,0.867718,,10
23,3,1,0.25,0.25,run23_bs2000_N3_M1_G0p25_CG0p25_interval14_step42_cooldown_for_k10.5,14,42,True,10.5,0.002,12.0,0.00044,1,,0.867712,,10
23,3,1,0.25,0.25,run23_bs2000_N3_M1_G0p25_CG0p25_interval14_step42_cooldown_for_k10.25,14,42,True,10.25,0.002,12.0,0.00044,1,,0.867727,,10
23,3,1,0.25,0.25,run23_bs2000_N3_M1_G0p25_CG0p25_interval14_step42_cooldown_for_k10.75,14,42,True,10.75,0.002,11.0,0.00073,1,,0.867718,,9
23,3,1,0.25,0.25,run23_bs2000_N3_M1_G0p25_CG0p25_interval14_step42,14,42,False,,0.0034,10.5,0.00094,3,1,0.867736,0.867712,9
23,3,1,0.25,0.25,run23_bs2000_N3_M1_G0p25_CG0p25_interval15_step45_cooldown_for_k9.5,15,45,True,9.5,0.00044,11.0,0.00073,1,,0.867537,,8
23,3,1,0.25,0.25,run23_bs2000_N3_M1_G0p25_CG0p25_interval15_step45_cooldown_for_k10.5,15,45,True,10.5,0.00044,11.0,0.00073,1,,0.867565,,8
23,3,1,0.25,0.25,run23_bs2000_N3_M1_G0p25_CG0p25_interval15_step45_cooldown_for_k11.5,15,45,True,11.5,0.00044,11.0,0.00073,1,,0.867589,,8
23,3,1,0.25,0.25,run23_bs2000_N3_M1_G0p25_CG0p25_interval15_step45_cooldown_for_k8.5,15,45,True,8.5,0.00044,11.0,0.00073,1,,0.867545,,8
23,3,1,0.25,0.25,run23_bs2000_N3_M1_G0p25_CG0p25_interval15_step45_cooldown_for_k9,15,45,True,9.0,0.00044,11.0,0.00073,1,,0.867535,,8
23,3,1,0.25,0.25,run23_bs2000_N3_M1_G0p25_CG0p25_interval15_step45_cooldown_for_k10,15,45,True,10.0,0.00044,11.0,0.00073,1,,0.867552,,8
23,3,1,0.25,0.25,run23_bs2000_N3_M1_G0p25_CG0p25_interval15_step45_cooldown_for_k8.75,15,45,True,8.75,0.00044,11.0,0.00073,1,,0.86754,,8
23,3,1,0.25,0.25,run23_bs2000_N3_M1_G0p25_CG0p25_interval15_step45_cooldown_for_k9.25,15,45,True,9.25,0.00044,11.0,0.00073,1,,0.867534,,8
23,3,1,0.25,0.25,run23_bs2000_N3_M1_G0p25_CG0p25_interval15_step45,15,45,False,,0.00094,9.25,0.0018,3,1,0.867699,0.867534,8
23,3,1,0.25,0.25,run23_bs2000_N3_M1_G0p25_CG0p25_interval16_step48,16,48,False,,0.0018,10.0,0.0012,2,0,0.867493,0.867493,8
24,3,2,1.0,1.0,run24_bs2000_N3_M2_G1_CG1_interval0_step0_cooldown_for_k-1,0,0,True,-1.0,0.2,2.0,0.072,2,,1.55975,,5
24,3,2,1.0,1.0,run24_bs2000_N3_M2_G1_CG1_interval0_step0_cooldown_for_k0,0,0,True,0.0,0.2,2.0,0.072,2,,1.449929,,5
24,3,2,1.0,1.0,run24_bs2000_N3_M2_G1_CG1_interval0_step0_cooldown_for_k1,0,0,True,1.0,0.2,3.0,0.043,2,,1.435373,,6
24,3,2,1.0,1.0,run24_bs2000_N3_M2_G1_CG1_interval0_step0_cooldown_for_k2,0,0,True,2.0,0.2,3.0,0.043,2,,1.464846,,6
24,3,2,1.0,1.0,run24_bs2000_N3_M2_G1_CG1_interval0_step0,0,0,False,,0.2,1.0,0.12,3,2,1.95851,1.435373,4
24,3,2,1.0,1.0,run24_bs2000_N3_M2_G1_CG1_interval1_step3_cooldown_for_k0,1,3,True,0.0,0.043,3.0,0.043,2,,1.159828,,3
24,3,2,1.0,1.0,run24_bs2000_N3_M2_G1_CG1_interval1_step3_cooldown_for_k1,1,3,True,1.0,0.043,3.0,0.043,2,,1.02133,,3
24,3,2,1.0,1.0,run24_bs2000_N3_M2_G1_CG1_interval1_step3_cooldown_for_k2,1,3,True,2.0,0.043,3.0,0.043,2,,0.993289,,3
24,3,2,1.0,1.0,run24_bs2000_N3_M2_G1_CG1_interval1_step3_cooldown_for_k3,1,3,True,3.0,0.043,3.0,0.043,2,,1.044162,,3
24,3,2,1.0,1.0,run24_bs2000_N3_M2_G1_CG1_interval1_step3,1,3,False,,0.12,2.0,0.072,3,2,1.246059,0.993289,4
24,3,2,1.0,1.0,run24_bs2000_N3_M2_G1_CG1_interval2_step6_cooldown_for_k1,2,6,True,1.0,0.043,3.0,0.043,2,,0.961017,,3
24,3,2,1.0,1.0,run24_bs2000_N3_M2_G1_CG1_interval2_step6_cooldown_for_k2,2,6,True,2.0,0.043,5.0,0.016,2,,0.923575,,5
24,3,2,1.0,1.0,run24_bs2000_N3_M2_G1_CG1_interval2_step6_cooldown_for_k3,2,6,True,3.0,0.043,4.0,0.026,2,,0.91146,,4
24,3,2,1.0,1.0,run24_bs2000_N3_M2_G1_CG1_interval2_step6_cooldown_for_k4,2,6,True,4.0,0.043,5.0,0.016,2,,0.904345,,5
24,3,2,1.0,1.0,run24_bs2000_N3_M2_G1_CG1_interval2_step6_cooldown_for_k5,2,6,True,5.0,0.043,5.0,0.016,2,,0.916909,,5
24,3,2,1.0,1.0,run24_bs2000_N3_M2_G1_CG1_interval2_step6,2,6,False,,0.072,4.0,0.026,3,2,0.95441,0.904345,5
24,3,2,1.0,1.0,run24_bs2000_N3_M2_G1_CG1_interval3_step9_cooldown_for_k3,3,9,True,3.0,0.016,6.0,0.0093,2,,0.896467,,4
24,3,2,1.0,1.0,run24_bs2000_N3_M2_G1_CG1_interval3_step9_cooldown_for_k4,3,9,True,4.0,0.016,6.0,0.0093,2,,0.886091,,4
24,3,2,1.0,1.0,run24_bs2000_N3_M2_G1_CG1_interval3_step9_cooldown_for_k5,3,9,True,5.0,0.016,6.0,0.0093,2,,0.883621,,4
24,3,2,1.0,1.0,run24_bs2000_N3_M2_G1_CG1_interval3_step9_cooldown_for_k6,3,9,True,6.0,0.016,7.0,0.0056,2,,0.887878,,5
24,3,2,1.0,1.0,run24_bs2000_N3_M2_G1_CG1_interval3_step9,3,9,False,,0.026,5.0,0.016,3,2,0.900846,0.883621,4
24,3,2,1.0,1.0,run24_bs2000_N3_M2_G1_CG1_interval4_step12_cooldown_for_k4,4,12,True,4.0,0.0093,7.0,0.0056,2,,0.88147,,4
24,3,2,1.0,1.0,run24_bs2000_N3_M2_G1_CG1_interval4_step12_cooldown_for_k5,4,12,True,5.0,0.0093,6.0,0.0093,2,,0.878071,,3
24,3,2,1.0,1.0,run24_bs2000_N3_M2_G1_CG1_interval4_step12_cooldown_for_k6,4,12,True,6.0,0.0093,7.0,0.0056,2,,0.876572,,4
24,3,2,1.0,1.0,run24_bs2000_N3_M2_G1_CG1_interval4_step12_cooldown_for_k7,4,12,True,7.0,0.0093,6.0,0.0093,2,,0.878835,,3
24,3,2,1.0,1.0,run24_bs2000_N3_M2_G1_CG1_interval4_step12,4,12,False,,0.016,6.0,0.0093,3,2,0.884417,0.876572,4
24,3,2,1.0,1.0,run24_bs2000_N3_M2_G1_CG1_interval5_step15_cooldown_for_k5,5,15,True,5.0,0.0056,6.0,0.0093,2,,0.874744,,4
24,3,2,1.0,1.0,run24_bs2000_N3_M2_G1_CG1_interval5_step15_cooldown_for_k6,5,15,True,6.0,0.0056,7.0,0.0056,2,,0.87368,,3
24,3,2,1.0,1.0,run24_bs2000_N3_M2_G1_CG1_interval5_step15_cooldown_for_k7,5,15,True,7.0,0.0056,8.0,0.0034,2,,0.873485,,4
24,3,2,1.0,1.0,run24_bs2000_N3_M2_G1_CG1_interval5_step15_cooldown_for_k8,5,15,True,8.0,0.0056,7.0,0.0056,2,,0.874512,,3
24,3,2,1.0,1.0,run24_bs2000_N3_M2_G1_CG1_interval5_step15,5,15,False,,0.0093,7.0,0.0056,3,2,0.876634,0.873485,4
24,3,2,1.0,1.0,run24_bs2000_N3_M2_G1_CG1_interval6_step18_cooldown_for_k6,6,18,True,6.0,0.0034,9.0,0.002,2,,0.872261,,4
24,3,2,1.0,1.0,run24_bs2000_N3_M2_G1_CG1_interval6_step18_cooldown_for_k7,6,18,True,7.0,0.0034,8.0,0.0034,2,,0.871529,,3
24,3,2,1.0,1.0,run24_bs2000_N3_M2_G1_CG1_interval6_step18_cooldown_for_k8,6,18,True,8.0,0.0034,9.0,0.002,2,,0.871699,,4
24,3,2,1.0,1.0,run24_bs2000_N3_M2_G1_CG1_interval6_step18,6,18,False,,0.0056,7.0,0.0056,3,2,0.874479,0.871529,3
24,3,2,1.0,1.0,run24_bs2000_N3_M2_G1_CG1_interval7_step21_cooldown_for_k6,7,21,True,6.0,0.0034,7.0,0.0056,2,,0.870456,,4
24,3,2,1.0,1.0,run24_bs2000_N3_M2_G1_CG1_interval7_step21_cooldown_for_k7,7,21,True,7.0,0.0034,8.0,0.0034,2,,0.870341,,3
24,3,2,1.0,1.0,run24_bs2000_N3_M2_G1_CG1_interval7_step21_cooldown_for_k8,7,21,True,8.0,0.0034,9.0,0.002,2,,0.870274,,4
24,3,2,1.0,1.0,run24_bs2000_N3_M2_G1_CG1_interval7_step21_cooldown_for_k9,7,21,True,9.0,0.0034,8.0,0.0034,2,,0.870742,,3
24,3,2,1.0,1.0,run24_bs2000_N3_M2_G1_CG1_interval7_step21,7,21,False,,0.0056,8.0,0.0034,3,2,0.871344,0.870274,4
24,3,2,1.0,1.0,run24_bs2000_N3_M2_G1_CG1_interval8_step24_cooldown_for_k7,8,24,True,7.0,0.002,8.0,0.0034,2,,0.869593,,4
24,3,2,1.0,1.0,run24_bs2000_N3_M2_G1_CG1_interval8_step24_cooldown_for_k8,8,24,True,8.0,0.002,9.0,0.002,2,,0.869457,,3
24,3,2,1.0,1.0,run24_bs2000_N3_M2_G1_CG1_interval8_step24_cooldown_for_k9,8,24,True,9.0,0.002,10.0,0.0012,2,,0.869577,,4
24,3,2,1.0,1.0,run24_bs2000_N3_M2_G1_CG1_interval8_step24,8,24,False,,0.0034,8.0,0.0034,3,2,0.870505,0.869457,3
24,3,2,1.0,1.0,run24_bs2000_N3_M2_G1_CG1_interval9_step27_cooldown_for_k7,9,27,True,7.0,0.002,10.0,0.0012,2,,0.869337,,4
24,3,2,1.0,1.0,run24_bs2000_N3_M2_G1_CG1_interval9_step27_cooldown_for_k8,9,27,True,8.0,0.002,9.0,0.002,2,,0.86896,,3
24,3,2,1.0,1.0,run24_bs2000_N3_M2_G1_CG1_interval9_step27_cooldown_for_k9,9,27,True,9.0,0.002,10.0,0.0012,2,,0.86893,,4
24,3,2,1.0,1.0,run24_bs2000_N3_M2_G1_CG1_interval9_step27_cooldown_for_k10,9,27,True,10.0,0.002,9.0,0.002,2,,0.869085,,3
24,3,2,1.0,1.0,run24_bs2000_N3_M2_G1_CG1_interval9_step27,9,27,False,,0.0034,9.0,0.002,3,2,0.869428,0.86893,4
24,3,2,1.0,1.0,run24_bs2000_N3_M2_G1_CG1_interval10_step30_cooldown_for_k8,10,30,True,8.0,0.0012,9.0,0.002,2,,0.868463,,4
24,3,2,1.0,1.0,run24_bs2000_N3_M2_G1_CG1_interval10_step30_cooldown_for_k9,10,30,True,9.0,0.0012,10.0,0.0012,2,,0.868516,,3
24,3,2,1.0,1.0,run24_bs2000_N3_M2_G1_CG1_interval10_step30_cooldown_for_k10,10,30,True,10.0,0.0012,10.0,0.0012,2,,0.868586,,3
24,3,2,1.0,1.0,run24_bs2000_N3_M2_G1_CG1_interval10_step30_cooldown_for_k7,10,30,True,7.0,0.0012,10.0,0.0012,2,,0.868867,,3
24,3,2,1.0,1.0,run24_bs2000_N3_M2_G1_CG1_interval10_step30,10,30,False,,0.002,8.0,0.0034,3,2,0.869456,0.868463,4
24,3,2,1.0,1.0,run24_bs2000_N3_M2_G1_CG1_interval11_step33_cooldown_for_k7,11,33,True,7.0,0.002,10.0,0.0012,2,,0.86854,,4
24,3,2,1.0,1.0,run24_bs2000_N3_M2_G1_CG1_interval11_step33_cooldown_for_k8,11,33,True,8.0,0.002,9.0,0.002,2,,0.868337,,3
24,3,2,1.0,1.0,run24_bs2000_N3_M2_G1_CG1_interval11_step33_cooldown_for_k9,11,33,True,9.0,0.002,10.0,0.0012,2,,0.868119,,4
24,3,2,1.0,1.0,run24_bs2000_N3_M2_G1_CG1_interval11_step33_cooldown_for_k10,11,33,True,10.0,0.002,11.0,0.00073,2,,0.868252,,5
24,3,2,1.0,1.0,run24_bs2000_N3_M2_G1_CG1_interval11_step33,11,33,False,,0.0034,9.0,0.002,3,2,0.868504,0.868119,4
24,3,2,1.0,1.0,run24_bs2000_N3_M2_G1_CG1_interval12_step36_cooldown_for_k8,12,36,True,8.0,0.0012,11.0,0.00073,2,,0.868074,,4
24,3,2,1.0,1.0,run24_bs2000_N3_M2_G1_CG1_interval12_step36_cooldown_for_k9,12,36,True,9.0,0.0012,10.0,0.0012,2,,0.867899,,3
24,3,2,1.0,1.0,run24_bs2000_N3_M2_G1_CG1_interval12_step36_cooldown_for_k10,12,36,True,10.0,0.0012,11.0,0.00073,2,,0.867918,,4
24,3,2,1.0,1.0,run24_bs2000_N3_M2_G1_CG1_interval12_step36,12,36,False,,0.002,9.0,0.002,3,2,0.868275,0.867899,3
24,3,2,1.0,1.0,run24_bs2000_N3_M2_G1_CG1_interval13_step39_cooldown_for_k8,13,39,True,8.0,0.0012,11.0,0.00073,2,,0.867885,,4
24,3,2,1.0,1.0,run24_bs2000_N3_M2_G1_CG1_interval13_step39_cooldown_for_k9,13,39,True,9.0,0.0012,10.0,0.0012,2,,0.867771,,3
24,3,2,1.0,1.0,run24_bs2000_N3_M2_G1_CG1_interval13_step39_cooldown_for_k10,13,39,True,10.0,0.0012,11.0,0.00073,2,,0.867733,,4
24,3,2,1.0,1.0,run24_bs2000_N3_M2_G1_CG1_interval13_step39_cooldown_for_k11,13,39,True,11.0,0.0012,11.0,0.00073,2,,0.867803,,4
24,3,2,1.0,1.0,run24_bs2000_N3_M2_G1_CG1_interval13_step39,13,39,False,,0.002,10.0,0.0012,3,2,0.867904,0.867733,4
24,3,2,1.0,1.0,run24_bs2000_N3_M2_G1_CG1_interval14_step42_cooldown_for_k9,14,42,True,9.0,0.00073,10.0,0.0012,2,,0.867613,,4
24,3,2,1.0,1.0,run24_bs2000_N3_M2_G1_CG1_interval14_step42_cooldown_for_k10,14,42,True,10.0,0.00073,11.0,0.00073,2,,0.867602,,3
24,3,2,1.0,1.0,run24_bs2000_N3_M2_G1_CG1_interval14_step42_cooldown_for_k11,14,42,True,11.0,0.00073,11.0,0.00073,2,,0.867621,,3
24,3,2,1.0,1.0,run24_bs2000_N3_M2_G1_CG1_interval14_step42,14,42,False,,0.0012,10.0,0.0012,3,2,0.867774,0.867602,3
24,3,2,1.0,1.0,run24_bs2000_N3_M2_G1_CG1_interval15_step45_cooldown_for_k9,15,45,True,9.0,0.00073,12.0,0.00044,2,,0.867566,,4
24,3,2,1.0,1.0,run24_bs2000_N3_M2_G1_CG1_interval15_step45_cooldown_for_k10,15,45,True,10.0,0.00073,11.0,0.00073,2,,0.867502,,3
24,3,2,1.0,1.0,run24_bs2000_N3_M2_G1_CG1_interval15_step45_cooldown_for_k11,15,45,True,11.0,0.00073,12.0,0.00044,2,,0.867509,,4
24,3,2,1.0,1.0,run24_bs2000_N3_M2_G1_CG1_interval15_step45,15,45,False,,0.0012,10.0,0.0012,3,2,0.867671,0.867502,3
24,3,2,1.0,1.0,run24_bs2000_N3_M2_G1_CG1_interval16_step48,16,48,False,,0.0012,11.0,0.00073,2,0,0.867498,0.867498,4
25,3,2,1.0,0.25,run25_bs2000_N3_M2_G1_CG0p25_interval0_step0_cooldown_for_k-1,0,0,True,-1.0,0.2,1.75,0.082,2,,1.51726,,9
25,3,2,1.0,0.25,run25_bs2000_N3_M2_G1_CG0p25_interval0_step0_cooldown_for_k0,0,0,True,0.0,0.2,1.5,0.093,2,,1.413044,,9
25,3,2,1.0,0.25,run25_bs2000_N3_M2_G1_CG0p25_interval0_step0_cooldown_for_k1,0,0,True,1.0,0.2,2.25,0.063,2,,1.374617,,10
25,3,2,1.0,0.25,run25_bs2000_N3_M2_G1_CG0p25_interval0_step0_cooldown_for_k2,0,0,True,2.0,0.2,2.75,0.049,2,,1.417309,,10
25,3,2,1.0,0.25,run25_bs2000_N3_M2_G1_CG0p25_interval0_step0,0,0,False,,0.2,1.0,0.12,3,2,1.95851,1.374617,4
25,3,2,1.0,0.25,run25_bs2000_N3_M2_G1_CG0p25_interval1_step3_cooldown_for_k0,1,3,True,0.0,0.063,2.25,0.063,2,,1.119847,,7
25,3,2,1.0,0.25,run25_bs2000_N3_M2_G1_CG0p25_interval1_step3_cooldown_for_k1,1,3,True,1.0,0.063,2.25,0.063,2,,1.026809,,7
25,3,2,1.0,0.25,run25_bs2000_N3_M2_G1_CG0p25_interval1_step3_cooldown_for_k2,1,3,True,2.0,0.063,3.25,0.038,2,,1.008218,,8
25,3,2,1.0,0.25,run25_bs2000_N3_M2_G1_CG0p25_interval1_step3_cooldown_for_k3,1,3,True,3.0,0.063,4.25,0.023,2,,1.03521,,9
25,3,2,1.0,0.25,run25_bs2000_N3_M2_G1_CG0p25_interval1_step3,1,3,False,,0.12,2.0,0.072,3,2,1.244581,1.008218,4
25,3,2,1.0,0.25,run25_bs2000_N3_M2_G1_CG0p25_interval2_step6_cooldown_for_k1,2,6,True,1.0,0.038,3.25,0.038,2,,0.953344,,7
25,3,2,1.0,0.25,run25_bs2000_N3_M2_G1_CG0p25_interval2_step6_cooldown_for_k2,2,6,True,2.0,0.038,4.25,0.023,2,,0.926008,,8
25,3,2,1.0,0.25,run25_bs2000_N3_M2_G1_CG0p25_interval2_step6_cooldown_for_k3,2,6,True,3.0,0.038,4.25,0.023,2,,0.911054,,8
25,3,2,1.0,0.25,run25_bs2000_N3_M2_G1_CG0p25_interval2_step6_cooldown_for_k4,2,6,True,4.0,0.038,5.25,0.014,2,,0.903715,,9
25,3,2,1.0,0.25,run25_bs2000_N3_M2_G1_CG0p25_interval2_step6_cooldown_for_k5,2,6,True,5.0,0.038,4.5,0.02,2,,0.914721,,9
25,3,2,1.0,0.25,run25_bs2000_N3_M2_G1_CG0p25_interval2_step6,2,6,False,,0.072,4.0,0.026,3,2,0.953229,0.903715,5
25,3,2,1.0,0.25,run25_bs2000_N3_M2_G1_CG0p25_interval3_step9_cooldown_for_k3,3,9,True,3.0,0.014,5.25,0.014,2,,0.89467,,7
25,3,2,1.0,0.25,run25_bs2000_N3_M2_G1_CG0p25_interval3_step9_cooldown_for_k4,3,9,True,4.0,0.014,5.25,0.014,2,,0.885722,,7
25,3,2,1.0,0.25,run25_bs2000_N3_M2_G1_CG0p25_interval3_step9_cooldown_for_k5,3,9,True,5.0,0.014,6.25,0.0082,2,,0.883699,,8
25,3,2,1.0,0.25,run25_bs2000_N3_M2_G1_CG0p25_interval3_step9_cooldown_for_k6,3,9,True,6.0,0.014,6.75,0.0064,2,,0.887791,,9
25,3,2,1.0,0.25,run25_bs2000_N3_M2_G1_CG0p25_interval3_step9,3,9,False,,0.026,5.0,0.016,3,2,0.901449,0.883699,4
25,3,2,1.0,0.25,run25_bs2000_N3_M2_G1_CG0p25_interval4_step12_cooldown_for_k4,4,12,True,4.0,0.0082,5.25,0.014,2,,0.882372,,8
25,3,2,1.0,0.25,run25_bs2000_N3_M2_G1_CG0p25_interval4_step12_cooldown_for_k5,4,12,True,5.0,0.0082,7.25,0.0049,2,,0.877865,,8
25,3,2,1.0,0.25,run25_bs2000_N3_M2_G1_CG0p25_interval4_step12_cooldown_for_k6,4,12,True,6.0,0.0082,7.25,0.0049,2,,0.876791,,8
25,3,2,1.0,0.25,run25_bs2000_N3_M2_G1_CG0p25_interval4_step12_cooldown_for_k7,4,12,True,7.0,0.0082,6.75,0.0064,2,,0.876899,,7
25,3,2,1.0,0.25,run25_bs2000_N3_M2_G1_CG0p25_interval4_step12,4,12,False,,0.016,6.0,0.0093,3,2,0.884107,0.876791,4
25,3,2,1.0,0.25,run25_bs2000_N3_M2_G1_CG0p25_interval5_step15_cooldown_for_k5,5,15,True,5.0,0.0049,5.75,0.011,2,,0.874657,,8
25,3,2,1.0,0.25,run25_bs2000_N3_M2_G1_CG0p25_interval5_step15_cooldown_for_k6,5,15,True,6.0,0.0049,7.25,0.0049,2,,0.873483,,7
25,3,2,1.0,0.25,run25_bs2000_N3_M2_G1_CG0p25_interval5_step15_cooldown_for_k7,5,15,True,7.0,0.0049,8.25,0.003,2,,0.873408,,8
25,3,2,1.0,0.25,run25_bs2000_N3_M2_G1_CG0p25_interval5_step15_cooldown_for_k8,5,15,True,8.0,0.0049,7.75,0.0038,2,,0.873464,,7
25,3,2,1.0,0.25,run25_bs2000_N3_M2_G1_CG0p25_interval5_step15,5,15,False,,0.0093,7.0,0.0056,3,2,0.876626,0.873408,4
25,3,2,1.0,0.25,run25_bs2000_N3_M2_G1_CG0p25_interval6_step18_cooldown_for_k6,6,18,True,6.0,0.003,8.25,0.003,2,,0.872098,,7
25,3,2,1.0,0.25,run25_bs2000_N3_M2_G1_CG0p25_interval6_step18_cooldown_for_k7,6,18,True,7.0,0.003,7.75,0.0038,2,,0.871628,,7
25,3,2,1.0,0.25,run25_bs2000_N3_M2_G1_CG0p25_interval6_step18_cooldown_for_k8,6,18,True,8.0,0.003,9.0,0.002,2,,0.871651,,8
25,3,2,1.0,0.25,run25_bs2000_N3_M2_G1_CG0p25_interval6_step18,6,18,False,,0.0056,7.0,0.0056,3,2,0.874432,0.871628,3
25,3,2,1.0,0.25,run25_bs2000_N3_M2_G1_CG0p25_interval7_step21_cooldown_for_k6,7,21,True,6.0,0.0038,7.0,0.0056,2,,0.870893,,8
25,3,2,1.0,0.25,run25_bs2000_N3_M2_G1_CG0p25_interval7_step21_cooldown_for_k7,7,21,True,7.0,0.0038,8.0,0.0034,2,,0.870412,,7
25,3,2,1.0,0.25,run25_bs2000_N3_M2_G1_CG0p25_interval7_step21_cooldown_for_k8,7,21,True,8.0,0.0038,9.0,0.002,2,,0.870275,,8
25,3,2,1.0,0.25,run25_bs2000_N3_M2_G1_CG0p25_interval7_step21_cooldown_for_k9,7,21,True,9.0,0.0038,8.25,0.003,2,,0.870379,,7
25,3,2,1.0,0.25,run25_bs2000_N3_M2_G1_CG0p25_interval7_step21,7,21,False,,0.0056,8.0,0.0034,3,2,0.871339,0.870275,4
25,3,2,1.0,0.25,run25_bs2000_N3_M2_G1_CG0p25_interval8_step24_cooldown_for_k7,8,24,True,7.0,0.002,7.75,0.0038,2,,0.869617,,8
25,3,2,1.0,0.25,run25_bs2000_N3_M2_G1_CG0p25_interval8_step24_cooldown_for_k8,8,24,True,8.0,0.002,9.0,0.002,2,,0.869433,,7
25,3,2,1.0,0.25,run25_bs2000_N3_M2_G1_CG0p25_interval8_step24_cooldown_for_k9,8,24,True,9.0,0.002,10.0,0.0012,2,,0.86956,,8
25,3,2,1.0,0.25,run25_bs2000_N3_M2_G1_CG0p25_interval8_step24,8,24,False,,0.0034,8.0,0.0034,3,2,0.870503,0.869433,3
25,3,2,1.0,0.25,run25_bs2000_N3_M2_G1_CG0p25_interval9_step27_cooldown_for_k7,9,27,True,7.0,0.002,10.0,0.0012,2,,0.869257,,8
25,3,2,1.0,0.25,run25_bs2000_N3_M2_G1_CG0p25_interval9_step27_cooldown_for_k8,9,27,True,8.0,0.002,8.75,0.0023,2,,0.868907,,7
25,3,2,1.0,0.25,run25_bs2000_N3_M2_G1_CG0p25_interval9_step27_cooldown_for_k9,9,27,True,9.0,0.002,10.0,0.0012,2,,0.868924,,8
25,3,2,1.0,0.25,run25_bs2000_N3_M2_G1_CG0p25_interval9_step27,9,27,False,,0.0034,8.0,0.0034,3,2,0.869944,0.868907,3
25,3,2,1.0,0.25,run25_bs2000_N3_M2_G1_CG0p25_interval10_step30_cooldown_for_k7,10,30,True,7.0,0.0023,7.5,0.0043,2,,0.86885,,8
25,3,2,1.0,0.25,run25_bs2000_N3_M2_G1_CG0p25_interval10_step30_cooldown_for_k8,10,30,True,8.0,0.0023,8.75,0.0023,2,,0.868575,,7
25,3,2,1.0,0.25,run25_bs2000_N3_M2_G1_CG0p25_interval10_step30_cooldown_for_k9,10,30,True,9.0,0.0023,10.0,0.0012,2,,0.868497,,9
25,3,2,1.0,0.25,run25_bs2000_N3_M2_G1_CG0p25_interval10_step30_cooldown_for_k10,10,30,True,10.0,0.0023,9.5,0.0016,2,,0.868577,,7
25,3,2,1.0,0.25,run25_bs2000_N3_M2_G1_CG0p25_interval10_step30,10,30,False,,0.0034,9.0,0.002,3,2,0.868826,0.868497,4
25,3,2,1.0,0.25,run25_bs2000_N3_M2_G1_CG0p25_interval11_step33_cooldown_for_k8,11,33,True,8.0,0.0012,8.75,0.0023,2,,0.868146,,8
25,3,2,1.0,0.25,run25_bs2000_N3_M2_G1_CG0p25_interval11_step33_cooldown_for_k9,11,33,True,9.0,0.0012,10.0,0.0012,2,,0.868157,,7
25,3,2,1.0,0.25,run25_bs2000_N3_M2_G1_CG0p25_interval11_step33_cooldown_for_k10,11,33,True,10.0,0.0012,11.0,0.00073,2,,0.868223,,8
25,3,2,1.0,0.25,run25_bs2000_N3_M2_G1_CG0p25_interval11_step33_cooldown_for_k7,11,33,True,7.0,0.0012,10.0,0.0012,2,,0.868569,,7
25,3,2,1.0,0.25,run25_bs2000_N3_M2_G1_CG0p25_interval11_step33,11,33,False,,0.002,8.0,0.0034,3,2,0.869066,0.868146,4
25,3,2,1.0,0.25,run25_bs2000_N3_M2_G1_CG0p25_interval12_step36_cooldown_for_k7,12,36,True,7.0,0.0023,9.75,0.0014,2,,0.868222,,8
25,3,2,1.0,0.25,run25_bs2000_N3_M2_G1_CG0p25_interval12_step36_cooldown_for_k8,12,36,True,8.0,0.0023,8.75,0.0023,2,,0.868025,,7
25,3,2,1.0,0.25,run25_bs2000_N3_M2_G1_CG0p25_interval12_step36_cooldown_for_k9,12,36,True,9.0,0.0023,10.0,0.0012,2,,0.867884,,9
25,3,2,1.0,0.25,run25_bs2000_N3_M2_G1_CG0p25_interval12_step36_cooldown_for_k10,12,36,True,10.0,0.0023,10.75,0.00082,2,,0.867941,,9
25,3,2,1.0,0.25,run25_bs2000_N3_M2_G1_CG0p25_interval12_step36,12,36,False,,0.0034,9.0,0.002,3,2,0.868148,0.867884,4
25,3,2,1.0,0.25,run25_bs2000_N3_M2_G1_CG0p25_interval13_step39_cooldown_for_k8,13,39,True,8.0,0.0012,11.0,0.00073,2,,0.867864,,8
25,3,2,1.0,0.25,run25_bs2000_N3_M2_G1_CG0p25_interval13_step39_cooldown_for_k9,13,39,True,9.0,0.0012,10.0,0.0012,2,,0.867685,,7
25,3,2,1.0,0.25,run25_bs2000_N3_M2_G1_CG0p25_interval13_step39_cooldown_for_k10,13,39,True,10.0,0.0012,11.0,0.00073,2,,0.867703,,8
25,3,2,1.0,0.25,run25_bs2000_N3_M2_G1_CG0p25_interval13_step39,13,39,False,,0.002,9.0,0.002,3,2,0.868043,0.867685,3
25,3,2,1.0,0.25,run25_bs2000_N3_M2_G1_CG0p25_interval14_step42_cooldown_for_k8,14,42,True,8.0,0.0012,11.0,0.00073,2,,0.867722,,8
25,3,2,1.0,0.25,run25_bs2000_N3_M2_G1_CG0p25_interval14_step42_cooldown_for_k9,14,42,True,9.0,0.0012,9.75,0.0014,2,,0.867586,,7
25,3,2,1.0,0.25,run25_bs2000_N3_M2_G1_CG0p25_interval14_step42_cooldown_for_k10,14,42,True,10.0,0.0012,11.0,0.00073,2,,0.867559,,8
25,3,2,1.0,0.25,run25_bs2000_N3_M2_G1_CG0p25_interval14_step42_cooldown_for_k11,14,42,True,11.0,0.0012,11.75,0.00049,2,,0.867615,,9
25,3,2,1.0,0.25,run25_bs2000_N3_M2_G1_CG0p25_interval14_step42,14,42,False,,0.002,10.0,0.0012,3,2,0.867694,0.867559,4
25,3,2,1.0,0.25,run25_bs2000_N3_M2_G1_CG0p25_interval15_step45_cooldown_for_k9,15,45,True,9.0,0.00073,9.75,0.0014,2,,0.867469,,8
25,3,2,1.0,0.25,run25_bs2000_N3_M2_G1_CG0p25_interval15_step45_cooldown_for_k10,15,45,True,10.0,0.00073,11.0,0.00073,2,,0.867454,,7
25,3,2,1.0,0.25,run25_bs2000_N3_M2_G1_CG0p25_interval15_step45_cooldown_for_k11,15,45,True,11.0,0.00073,11.5,0.00056,2,,0.867469,,8
25,3,2,1.0,0.25,run25_bs2000_N3_M2_G1_CG0p25_interval15_step45,15,45,False,,0.0012,10.0,0.0012,3,2,0.867605,0.867454,3
25,3,2,1.0,0.25,run25_bs2000_N3_M2_G1_CG0p25_interval16_step48,16,48,False,,0.0012,11.0,0.00073,2,0,0.867456,0.867456,4
26,3,2,0.25,0.25,run26_bs2000_N3_M2_G0p25_CG0p25_interval0_step0_cooldown_for_k-1,0,0,True,-1.0,0.2,1.75,0.082,2,,1.51726,,9
26,3,2,0.25,0.25,run26_bs2000_N3_M2_G0p25_CG0p25_interval0_step0_cooldown_for_k0,0,0,True,0.0,0.2,1.5,0.093,2,,1.413044,,9
26,3,2,0.25,0.25,run26_bs2000_N3_M2_G0p25_CG0p25_interval0_step0_cooldown_for_k1,0,0,True,1.0,0.2,2.25,0.063,2,,1.374617,,10
26,3,2,0.25,0.25,run26_bs2000_N3_M2_G0p25_CG0p25_interval0_step0_cooldown_for_k2,0,0,True,2.0,0.2,2.75,0.049,2,,1.417309,,10
26,3,2,0.25,0.25,run26_bs2000_N3_M2_G0p25_CG0p25_interval0_step0_cooldown_for_k0.5,0,0,True,0.5,0.2,1.5,0.093,2,,1.398944,,9
26,3,2,0.25,0.25,run26_bs2000_N3_M2_G0p25_CG0p25_interval0_step0_cooldown_for_k1.5,0,0,True,1.5,0.2,2.75,0.049,2,,1.380956,,10
26,3,2,0.25,0.25,run26_bs2000_N3_M2_G0p25_CG0p25_interval0_step0_cooldown_for_k0.75,0,0,True,0.75,0.2,2.25,0.063,2,,1.363416,,9
26,3,2,0.25,0.25,run26_bs2000_N3_M2_G0p25_CG0p25_interval0_step0_cooldown_for_k1.25,0,0,True,1.25,0.2,2.25,0.063,2,,1.37501,,10
26,3,2,0.25,0.25,run26_bs2000_N3_M2_G0p25_CG0p25_interval0_step0,0,0,False,,0.2,0.75,0.14,3,2,1.958396,1.363416,8
26,3,2,0.25,0.25,run26_bs2000_N3_M2_G0p25_CG0p25_interval1_step3_cooldown_for_k-0.25,1,3,True,-0.25,0.063,2.25,0.063,2,,1.149505,,7
26,3,2,0.25,0.25,run26_bs2000_N3_M2_G0p25_CG0p25_interval1_step3_cooldown_for_k0.75,1,3,True,0.75,0.063,2.25,0.063,2,,1.026885,,7
26,3,2,0.25,0.25,run26_bs2000_N3_M2_G0p25_CG0p25_interval1_step3_cooldown_for_k1.75,1,3,True,1.75,0.063,2.25,0.063,2,,1.004485,,7
26,3,2,0.25,0.25,run26_bs2000_N3_M2_G0p25_CG0p25_interval1_step3_cooldown_for_k2.75,1,3,True,2.75,0.063,3.75,0.029,2,,1.01542,,8
26,3,2,0.25,0.25,run26_bs2000_N3_M2_G0p25_CG0p25_interval1_step3_cooldown_for_k1.25,1,3,True,1.25,0.063,3.25,0.038,2,,0.998333,,8
26,3,2,0.25,0.25,run26_bs2000_N3_M2_G0p25_CG0p25_interval1_step3_cooldown_for_k2.25,1,3,True,2.25,0.063,3.75,0.029,2,,0.980285,,8
26,3,2,0.25,0.25,run26_bs2000_N3_M2_G0p25_CG0p25_interval1_step3_cooldown_for_k2,1,3,True,2.0,0.063,3.25,0.038,2,,1.002373,,8
26,3,2,0.25,0.25,run26_bs2000_N3_M2_G0p25_CG0p25_interval1_step3_cooldown_for_k2.5,1,3,True,2.5,0.063,4.25,0.023,2,,1.004363,,9
26,3,2,0.25,0.25,run26_bs2000_N3_M2_G0p25_CG0p25_interval1_step3,1,3,False,,0.14,2.25,0.063,3,2,1.197714,0.980285,8
26,3,2,0.25,0.25,run26_bs2000_N3_M2_G0p25_CG0p25_interval2_step6_cooldown_for_k1.25,2,6,True,1.25,0.029,3.75,0.029,2,,0.933611,,7
26,3,2,0.25,0.25,run26_bs2000_N3_M2_G0p25_CG0p25_interval2_step6_cooldown_for_k2.25,2,6,True,2.25,0.029,4.75,0.018,2,,0.907494,,8
26,3,2,0.25,0.25,run26_bs2000_N3_M2_G0p25_CG0p25_interval2_step6_cooldown_for_k3.25,2,6,True,3.25,0.029,4.75,0.018,2,,0.900367,,8
26,3,2,0.25,0.25,run26_bs2000_N3_M2_G0p25_CG0p25_interval2_step6_cooldown_for_k4.25,2,6,True,4.25,0.029,5.25,0.014,2,,0.907179,,9
26,3,2,0.25,0.25,run26_bs2000_N3_M2_G0p25_CG0p25_interval2_step6_cooldown_for_k2.75,2,6,True,2.75,0.029,4.75,0.018,2,,0.912453,,8
26,3,2,0.25,0.25,run26_bs2000_N3_M2_G0p25_CG0p25_interval2_step6_cooldown_for_k3.75,2,6,True,3.75,0.029,4.75,0.018,2,,0.903643,,8
26,3,2,0.25,0.25,run26_bs2000_N3_M2_G0p25_CG0p25_interval2_step6_cooldown_for_k3,2,6,True,3.0,0.029,4.75,0.018,2,,0.911157,,8
26,3,2,0.25,0.25,run26_bs2000_N3_M2_G0p25_CG0p25_interval2_step6_cooldown_for_k3.5,2,6,True,3.5,0.029,4.75,0.018,2,,0.901671,,8
26,3,2,0.25,0.25,run26_bs2000_N3_M2_G0p25_CG0p25_interval2_step6,2,6,False,,0.063,3.25,0.038,3,2,0.95359,0.900367,8
26,3,2,0.25,0.25,run26_bs2000_N3_M2_G0p25_CG0p25_interval3_step9_cooldown_for_k2.25,3,9,True,2.25,0.018,4.75,0.018,2,,0.897612,,7
26,3,2,0.25,0.25,run26_bs2000_N3_M2_G0p25_CG0p25_interval3_step9_cooldown_for_k3.25,3,9,True,3.25,0.018,5.75,0.011,2,,0.884873,,8
26,3,2,0.25,0.25,run26_bs2000_N3_M2_G0p25_CG0p25_interval3_step9_cooldown_for_k4.25,3,9,True,4.25,0.018,6.75,0.0064,2,,0.883438,,9
26,3,2,0.25,0.25,run26_bs2000_N3_M2_G0p25_CG0p25_interval3_step9_cooldown_for_k5.25,3,9,True,5.25,0.018,4.75,0.018,2,,0.885149,,7
26,3,2,0.25,0.25,run26_bs2000_N3_M2_G0p25_CG0p25_interval3_step9_cooldown_for_k3.75,3,9,True,3.75,0.018,6.75,0.0064,2,,0.884454,,9
26,3,2,0.25,0.25,run26_bs2000_N3_M2_G0p25_CG0p25_interval3_step9_cooldown_for_k4.75,3,9,True,4.75,0.018,5.75,0.011,2,,0.881859,,8
26,3,2,0.25,0.25,run26_bs2000_N3_M2_G0p25_CG0p25_interval3_step9_cooldown_for_k4.5,3,9,True,4.5,0.018,6.75,0.0064,2,,0.88357,,9
26,3,2,0.25,0.25,run26_bs2000_N3_M2_G0p25_CG0p25_interval3_step9_cooldown_for_k5,3,9,True,5.0,0.018,6.75,0.0064,2,,0.882144,,9
26,3,2,0.25,0.25,run26_bs2000_N3_M2_G0p25_CG0p25_interval3_step9,3,9,False,,0.038,4.75,0.018,3,2,0.896495,0.881859,8
26,3,2,0.25,0.25,run26_bs2000_N3_M2_G0p25_CG0p25_interval4_step12_cooldown_for_k3.75,4,12,True,3.75,0.011,6.75,0.0064,2,,0.880907,,8
26,3,2,0.25,0.25,run26_bs2000_N3_M2_G0p25_CG0p25_interval4_step12_cooldown_for_k4.75,4,12,True,4.75,0.011,5.75,0.011,2,,0.876317,,7
26,3,2,0.25,0.25,run26_bs2000_N3_M2_G0p25_CG0p25_interval4_step12_cooldown_for_k5.75,4,12,True,5.75,0.011,6.75,0.0064,2,,0.875252,,8
26,3,2,0.25,0.25,run26_bs2000_N3_M2_G0p25_CG0p25_interval4_step12_cooldown_for_k6.75,4,12,True,6.75,0.011,6.25,0.0082,2,,0.876389,,7
26,3,2,0.25,0.25,run26_bs2000_N3_M2_G0p25_CG0p25_interval4_step12_cooldown_for_k5.25,4,12,True,5.25,0.011,7.75,0.0038,2,,0.876869,,9
26,3,2,0.25,0.25,run26_bs2000_N3_M2_G0p25_CG0p25_interval4_step12_cooldown_for_k6.25,4,12,True,6.25,0.011,7.75,0.0038,2,,0.875203,,9
26,3,2,0.25,0.25,run26_bs2000_N3_M2_G0p25_CG0p25_interval4_step12_cooldown_for_k6,4,12,True,6.0,0.011,7.75,0.0038,2,,0.875637,,9
26,3,2,0.25,0.25,run26_bs2000_N3_M2_G0p25_CG0p25_interval4_step12_cooldown_for_k6.5,4,12,True,6.5,0.011,6.25,0.0082,2,,0.875413,,7
26,3,2,0.25,0.25,run26_bs2000_N3_M2_G0p25_CG0p25_interval4_step12,4,12,False,,0.018,6.25,0.0082,3,2,0.878907,0.875203,8
26,3,2,0.25,0.25,run26_bs2000_N3_M2_G0p25_CG0p25_interval5_step15_cooldown_for_k5.25,5,15,True,5.25,0.0038,7.75,0.0038,2,,0.873853,,7
26,3,2,0.25,0.25,run26_bs2000_N3_M2_G0p25_CG0p25_interval5_step15_cooldown_for_k6.25,5,15,True,6.25,0.0038,7.5,0.0043,2,,0.872345,,7
26,3,2,0.25,0.25,run26_bs2000_N3_M2_G0p25_CG0p25_interval5_step15_cooldown_for_k7.25,5,15,True,7.25,0.0038,8.0,0.0034,2,,0.872819,,8
26,3,2,0.25,0.25,run26_bs2000_N3_M2_G0p25_CG0p25_interval5_step15_cooldown_for_k5.75,5,15,True,5.75,0.0038,6.75,0.0064,2,,0.872387,,8
26,3,2,0.25,0.25,run26_bs2000_N3_M2_G0p25_CG0p25_interval5_step15_cooldown_for_k6.75,5,15,True,6.75,0.0038,7.75,0.0038,2,,0.872548,,7
26,3,2,0.25,0.25,run26_bs2000_N3_M2_G0p25_CG0p25_interval5_step15_cooldown_for_k6,5,15,True,6.0,0.0038,7.25,0.0049,2,,0.872297,,8
26,3,2,0.25,0.25,run26_bs2000_N3_M2_G0p25_CG0p25_interval5_step15_cooldown_for_k6.5,5,15,True,6.5,0.0038,7.75,0.0038,2,,0.872371,,7
26,3,2,0.25,0.25,run26_bs2000_N3_M2_G0p25_CG0p25_interval5_step15,5,15,False,,0.0082,6.0,0.0093,3,2,0.87733,0.872297,7
26,3,2,0.25,0.25,run26_bs2000_N3_M2_G0p25_CG0p25_interval6_step18_cooldown_for_k5,6,18,True,5.0,0.0049,8.25,0.003,2,,0.873475,,8
26,3,2,0.25,0.25,run26_bs2000_N3_M2_G0p25_CG0p25_interval6_step18_cooldown_for_k6,6,18,True,6.0,0.0049,8.25,0.003,2,,0.871664,,8
26,3,2,0.25,0.25,run26_bs2000_N3_M2_G0p25_CG0p25_interval6_step18_cooldown_for_k7,6,18,True,7.0,0.0049,7.5,0.0043,2,,0.870697,,8
26,3,2,0.25,0.25,run26_bs2000_N3_M2_G0p25_CG0p25_interval6_step18_cooldown_for_k8,6,18,True,8.0,0.0049,9.25,0.0018,2,,0.87114,,9
26,3,2,0.25,0.25,run26_bs2000_N3_M2_G0p25_CG0p25_interval6_step18_cooldown_for_k6.5,6,18,True,6.5,0.0049,7.25,0.0049,2,,0.871083,,7
26,3,2,0.25,0.25,run26_bs2000_N3_M2_G0p25_CG0p25_interval6_step18_cooldown_for_k7.5,6,18,True,7.5,0.0049,8.75,0.0023,2,,0.870892,,9
26,3,2,0.25,0.25,run26_bs2000_N3_M2_G0p25_CG0p25_interval6_step18_cooldown_for_k6.75,6,18,True,6.75,0.0049,7.5,0.0043,2,,0.870814,,7
26,3,2,0.25,0.25,run26_bs2000_N3_M2_G0p25_CG0p25_interval6_step18_cooldown_for_k7.25,6,18,True,7.25,0.0049,8.25,0.003,2,,0.870756,,8
26,3,2,0.25,0.25,run26_bs2000_N3_M2_G0p25_CG0p25_interval6_step18,6,18,False,,0.0093,7.0,0.0056,3,2,0.873366,0.870697,8
26,3,2,0.25,0.25,run26_bs2000_N3_M2_G0p25_CG0p25_interval7_step21_cooldown_for_k6,7,21,True,6.0,0.0043,8.5,0.0026,2,,0.870273,,8
26,3,2,0.25,0.25,run26_bs2000_N3_M2_G0p25_CG0p25_interval7_step21_cooldown_for_k7,7,21,True,7.0,0.0043,9.5,0.0016,2,,0.87006,,9
26,3,2,0.25,0.25,run26_bs2000_N3_M2_G0p25_CG0p25_interval7_step21_cooldown_for_k8,7,21,True,8.0,0.0043,9.5,0.0016,2,,0.86967,,9
26,3,2,0.25,0.25,run26_bs2000_N3_M2_G0p25_CG0p25_interval7_step21_cooldown_for_k9,7,21,True,9.0,0.0043,9.5,0.0016,2,,0.869905,,9
26,3,2,0.25,0.25,run26_bs2000_N3_M2_G0p25_CG0p25_interval7_step21_cooldown_for_k7.5,7,21,True,7.5,0.0043,8.25,0.003,2,,0.869557,,8
26,3,2,0.25,0.25,run26_bs2000_N3_M2_G0p25_CG0p25_interval7_step21_cooldown_for_k8.5,7,21,True,8.5,0.0043,9.5,0.0016,2,,0.86988,,9
26,3,2,0.25,0.25,run26_bs2000_N3_M2_G0p25_CG0p25_interval7_step21_cooldown_for_k7.25,7,21,True,7.25,0.0043,8.0,0.0034,2,,0.869671,,8
26,3,2,0.25,0.25,run26_bs2000_N3_M2_G0p25_CG0p25_interval7_step21_cooldown_for_k7.75,7,21,True,7.75,0.0043,8.75,0.0023,2,,0.869562,,8
26,3,2,0.25,0.25,run26_bs2000_N3_M2_G0p25_CG0p25_interval7_step21,7,21,False,,0.0056,7.5,0.0043,3,2,0.871293,0.869557,8
26,3,2,0.25,0.25,run26_bs2000_N3_M2_G0p25_CG0p25_interval8_step24_cooldown_for_k6.5,8,24,True,6.5,0.003,9.25,0.0018,2,,0.869345,,8
26,3,2,0.25,0.25,run26_bs2000_N3_M2_G0p25_CG0p25_interval8_step24_cooldown_for_k7.5,8,24,True,7.5,0.003,8.5,0.0026,2,,0.869032,,7
26,3,2,0.25,0.25,run26_bs2000_N3_M2_G0p25_CG0p25_interval8_step24_cooldown_for_k8.5,8,24,True,8.5,0.003,9.75,0.0014,2,,0.869001,,9
26,3,2,0.25,0.25,run26_bs2000_N3_M2_G0p25_CG0p25_interval8_step24_cooldown_for_k9.5,8,24,True,9.5,0.003,10.0,0.0012,2,,0.869124,,9
26,3,2,0.25,0.25,run26_bs2000_N3_M2_G0p25_CG0p25_interval8_step24_cooldown_for_k8,8,24,True,8.0,0.003,8.5,0.0026,2,,0.868898,,8
26,3,2,0.25,0.25,run26_bs2000_N3_M2_G0p25_CG0p25_interval8_step24_cooldown_for_k9,8,24,True,9.0,0.003,10.0,0.0012,2,,0.869108,,9
26,3,2,0.25,0.25,run26_bs2000_N3_M2_G0p25_CG0p25_interval8_step24_cooldown_for_k7.75,8,24,True,7.75,0.003,10.25,0.0011,2,,0.869156,,9
26,3,2,0.25,0.25,run26_bs2000_N3_M2_G0p25_CG0p25_interval8_step24_cooldown_for_k8.25,8,24,True,8.25,0.003,9.25,0.0018,2,,0.868881,,8
26,3,2,0.25,0.25,run26_bs2000_N3_M2_G0p25_CG0p25_interval8_step24,8,24,False,,0.0043,8.25,0.003,3,2,0.869569,0.868881,8
26,3,2,0.25,0.25,run26_bs2000_N3_M2_G0p25_CG0p25_interval9_step27_cooldown_for_k7.25,9,27,True,7.25,0.0018,8.25,0.003,2,,0.86852,,8
26,3,2,0.25,0.25,run26_bs2000_N3_M2_G0p25_CG0p25_interval9_step27_cooldown_for_k8.25,9,27,True,8.25,0.0018,9.25,0.0018,2,,0.868432,,7
26,3,2,0.25,0.25,run26_bs2000_N3_M2_G0p25_CG0p25_interval9_step27_cooldown_for_k9.25,9,27,True,9.25,0.0018,10.25,0.0011,2,,0.868496,,8
26,3,2,0.25,0.25,run26_bs2000_N3_M2_G0p25_CG0p25_interval9_step27_cooldown_for_k7.75,9,27,True,7.75,0.0018,10.25,0.0011,2,,0.868638,,8
26,3,2,0.25,0.25,run26_bs2000_N3_M2_G0p25_CG0p25_interval9_step27_cooldown_for_k8.75,9,27,True,8.75,0.0018,9.5,0.0016,2,,0.868485,,8
26,3,2,0.25,0.25,run26_bs2000_N3_M2_G0p25_CG0p25_interval9_step27_cooldown_for_k8,9,27,True,8.0,0.0018,9.0,0.002,2,,0.868496,,7
26,3,2,0.25,0.25,run26_bs2000_N3_M2_G0p25_CG0p25_interval9_step27_cooldown_for_k8.5,9,27,True,8.5,0.0018,9.5,0.0016,2,,0.868468,,7
26,3,2,0.25,0.25,run26_bs2000_N3_M2_G0p25_CG0p25_interval9_step27,9,27,False,,0.003,8.25,0.003,3,2,0.869133,0.868432,7
26,3,2,0.25,0.25,run26_bs2000_N3_M2_G0p25_CG0p25_interval10_step30_cooldown_for_k7.25,10,30,True,7.25,0.0018,10.25,0.0011,2,,0.86846,,8
26,3,2,0.25,0.25,run26_bs2000_N3_M2_G0p25_CG0p25_interval10_step30_cooldown_for_k8.25,10,30,True,8.25,0.0018,9.25,0.0018,2,,0.868154,,7
26,3,2,0.25,0.25,run26_bs2000_N3_M2_G0p25_CG0p25_interval10_step30_cooldown_for_k9.25,10,30,True,9.25,0.0018,10.25,0.0011,2,,0.868136,,8
26,3,2,0.25,0.25,run26_bs2000_N3_M2_G0p25_CG0p25_interval10_step30_cooldown_for_k10.25,10,30,True,10.25,0.0018,9.75,0.0014,2,,0.868163,,7
26,3,2,0.25,0.25,run26_bs2000_N3_M2_G0p25_CG0p25_interval10_step30_cooldown_for_k8.75,10,30,True,8.75,0.0018,9.5,0.0016,2,,0.868151,,8
26,3,2,0.25,0.25,run26_bs2000_N3_M2_G0p25_CG0p25_interval10_step30_cooldown_for_k9.75,10,30,True,9.75,0.0018,9.75,0.0014,2,,0.868174,,7
26,3,2,0.25,0.25,run26_bs2000_N3_M2_G0p25_CG0p25_interval10_step30_cooldown_for_k9,10,30,True,9.0,0.0018,9.75,0.0014,2,,0.868133,,8
26,3,2,0.25,0.25,run26_bs2000_N3_M2_G0p25_CG0p25_interval10_step30_cooldown_for_k9.5,10,30,True,9.5,0.0018,10.5,0.00094,2,,0.868159,,8
26,3,2,0.25,0.25,run26_bs2000_N3_M2_G0p25_CG0p25_interval10_step30,10,30,False,,0.003,9.0,0.002,3,2,0.86856,0.868133,8
26,3,2,0.25,0.25,run26_bs2000_N3_M2_G0p25_CG0p25_interval11_step33_cooldown_for_k8,11,33,True,8.0,0.0014,8.75,0.0023,2,,0.8679,,8
26,3,2,0.25,0.25,run26_bs2000_N3_M2_G0p25_CG0p25_interval11_step33_cooldown_for_k9,11,33,True,9.0,0.0014,10.0,0.0012,2,,0.867917,,7
26,3,2,0.25,0.25,run26_bs2000_N3_M2_G0p25_CG0p25_interval11_step33_cooldown_for_k10,11,33,True,10.0,0.0014,11.0,0.00073,2,,0.867926,,8
26,3,2,0.25,0.25,run26_bs2000_N3_M2_G0p25_CG0p25_interval11_step33_cooldown_for_k7,11,33,True,7.0,0.0014,9.75,0.0014,2,,0.868257,,7
26,3,2,0.25,0.25,run26_bs2000_N3_M2_G0p25_CG0p25_interval11_step33_cooldown_for_k7.5,11,33,True,7.5,0.0014,10.75,0.00082,2,,0.868118,,8
26,3,2,0.25,0.25,run26_bs2000_N3_M2_G0p25_CG0p25_interval11_step33_cooldown_for_k8.5,11,33,True,8.5,0.0014,9.5,0.0016,2,,0.867904,,7
26,3,2,0.25,0.25,run26_bs2000_N3_M2_G0p25_CG0p25_interval11_step33_cooldown_for_k7.75,11,33,True,7.75,0.0014,8.5,0.0026,2,,0.867941,,8
26,3,2,0.25,0.25,run26_bs2000_N3_M2_G0p25_CG0p25_interval11_step33_cooldown_for_k8.25,11,33,True,8.25,0.0014,10.75,0.00082,2,,0.868037,,8
26,3,2,0.25,0.25,run26_bs2000_N3_M2_G0p25_CG0p25_interval11_step33,11,33,False,,0.002,8.0,0.0034,3,2,0.868821,0.8679,8
26,3,2,0.25,0.25,run26_bs2000_N3_M2_G0p25_CG0p25_interval12_step36_cooldown_for_k7,12,36,True,7.0,0.0023,9.75,0.0014,2,,0.868061,,8
26,3,2,0.25,0.25,run26_bs2000_N3_M2_G0p25_CG0p25_interval12_step36_cooldown_for_k8,12,36,True,8.0,0.0023,9.0,0.002,2,,0.867799,,7
26,3,2,0.25,0.25,run26_bs2000_N3_M2_G0p25_CG0p25_interval12_step36_cooldown_for_k9,12,36,True,9.0,0.0023,8.75,0.0023,2,,0.867732,,7
26,3,2,0.25,0.25,run26_bs2000_N3_M2_G0p25_CG0p25_interval12_step36_cooldown_for_k10,12,36,True,10.0,0.0023,8.75,0.0023,2,,0.867759,,7
26,3,2,0.25,0.25,run26_bs2000_N3_M2_G0p25_CG0p25_interval12_step36_cooldown_for_k8.5,12,36,True,8.5,0.0023,10.75,0.00082,2,,0.867799,,9
26,3,2,0.25,0.25,run26_bs2000_N3_M2_G0p25_CG0p25_interval12_step36_cooldown_for_k9.5,12,36,True,9.5,0.0023,8.75,0.0023,2,,0.867762,,7
26,3,2,0.25,0.25,run26_bs2000_N3_M2_G0p25_CG0p25_interval12_step36_cooldown_for_k8.75,12,36,True,8.75,0.0023,9.5,0.0016,2,,0.867688,,8
26,3,2,0.25,0.25,run26_bs2000_N3_M2_G0p25_CG0p25_interval12_step36_cooldown_for_k9.25,12,36,True,9.25,0.0023,8.75,0.0023,2,,0.867734,,7
26,3,2,0.25,0.25,run26_bs2000_N3_M2_G0p25_CG0p25_interval12_step36,12,36,False,,0.0034,8.75,0.0023,3,2,0.868163,0.867688,8
26,3,2,0.25,0.25,run26_bs2000_N3_M2_G0p25_CG0p25_interval13_step39_cooldown_for_k7.75,13,39,True,7.75,0.0016,8.5,0.0026,2,,0.867704,,8
26,3,2,0.25,0.25,run26_bs2000_N3_M2_G0p25_CG0p25_interval13_step39_cooldown_for_k8.75,13,39,True,8.75,0.0016,9.75,0.0014,2,,0.867555,,7
26,3,2,0.25,0.25,run26_bs2000_N3_M2_G0p25_CG0p25_interval13_step39_cooldown_for_k9.75,13,39,True,9.75,0.0016,10.75,0.00082,2,,0.867523,,8
26,3,2,0.25,0.25,run26_bs2000_N3_M2_G0p25_CG0p25_interval13_step39_cooldown_for_k10.75,13,39,True,10.75,0.0016,11.5,0.00056,2,,0.867569,,9
26,3,2,0.25,0.25,run26_bs2000_N3_M2_G0p25_CG0p25_interval13_step39_cooldown_for_k9.25,13,39,True,9.25,0.0016,9.75,0.0014,2,,0.867535,,8
26,3,2,0.25,0.25,run26_bs2000_N3_M2_G0p25_CG0p25_interval13_step39_cooldown_for_k10.25,13,39,True,10.25,0.0016,11.5,0.00056,2,,0.867556,,9
26,3,2,0.25,0.25,run26_bs2000_N3_M2_G0p25_CG0p25_interval13_step39_cooldown_for_k9.5,13,39,True,9.5,0.0016,10.25,0.0011,2,,0.867521,,8
26,3,2,0.25,0.25,run26_bs2000_N3_M2_G0p25_CG0p25_interval13_step39_cooldown_for_k10,13,39,True,10.0,0.0016,11.5,0.00056,2,,0.867546,,9
26,3,2,0.25,0.25,run26_bs2000_N3_M2_G0p25_CG0p25_interval13_step39,13,39,False,,0.0023,9.5,0.0016,3,2,0.867759,0.867521,8
26,3,2,0.25,0.25,run26_bs2000_N3_M2_G0p25_CG0p25_interval14_step42_cooldown_for_k8.5,14,42,True,8.5,0.0011,9.25,0.0018,2,,0.867472,,8
26,3,2,0.25,0.25,run26_bs2000_N3_M2_G0p25_CG0p25_interval14_step42_cooldown_for_k9.5,14,42,True,9.5,0.0011,10.25,0.0011,2,,0.867424,,7
26,3,2,0.25,0.25,run26_bs2000_N3_M2_G0p25_CG0p25_interval14_step42_cooldown_for_k10.5,14,42,True,10.5,0.0011,11.75,0.00049,2,,0.867427,,8
26,3,2,0.25,0.25,run26_bs2000_N3_M2_G0p25_CG0p25_interval14_step42_cooldown_for_k9,14,42,True,9.0,0.0011,11.25,0.00064,2,,0.86748,,8
26,3,2,0.25,0.25,run26_bs2000_N3_M2_G0p25_CG0p25_interval14_step42_cooldown_for_k10,14,42,True,10.0,0.0011,10.5,0.00094,2,,0.867417,,8
26,3,2,0.25,0.25,run26_bs2000_N3_M2_G0p25_CG0p25_interval14_step42_cooldown_for_k9.75,14,42,True,9.75,0.0011,10.5,0.00094,2,,0.867418,,7
26,3,2,0.25,0.25,run26_bs2000_N3_M2_G0p25_CG0p25_interval14_step42_cooldown_for_k10.25,14,42,True,10.25,0.0011,11.25,0.00064,2,,0.86742,,8
26,3,2,0.25,0.25,run26_bs2000_N3_M2_G0p25_CG0p25_interval14_step42,14,42,False,,0.0016,10.0,0.0012,3,2,0.86758,0.867417,7
26,3,2,0.25,0.25,run26_bs2000_N3_M2_G0p25_CG0p25_interval15_step45_cooldown_for_k9,15,45,True,9.0,0.00094,11.5,0.00056,2,,0.867396,,8
26,3,2,0.25,0.25,run26_bs2000_N3_M2_G0p25_CG0p25_interval15_step45_cooldown_for_k10,15,45,True,10.0,0.00094,10.75,0.00082,2,,0.867338,,7
26,3,2,0.25,0.25,run26_bs2000_N3_M2_G0p25_CG0p25_interval15_step45_cooldown_for_k11,15,45,True,11.0,0.00094,12.0,0.00044,2,,0.867345,,8
26,3,2,0.25,0.25,run26_bs2000_N3_M2_G0p25_CG0p25_interval15_step45_cooldown_for_k9.5,15,45,True,9.5,0.00094,10.25,0.0011,2,,0.867342,,7
26,3,2,0.25,0.25,run26_bs2000_N3_M2_G0p25_CG0p25_interval15_step45_cooldown_for_k10.5,15,45,True,10.5,0.00094,11.0,0.00073,2,,0.867337,,8
26,3,2,0.25,0.25,run26_bs2000_N3_M2_G0p25_CG0p25_interval15_step45_cooldown_for_k10.25,15,45,True,10.25,0.00094,10.75,0.00082,2,,0.867339,,8
26,3,2,0.25,0.25,run26_bs2000_N3_M2_G0p25_CG0p25_interval15_step45_cooldown_for_k10.75,15,45,True,10.75,0.00094,11.5,0.00056,2,,0.867335,,8
26,3,2,0.25,0.25,run26_bs2000_N3_M2_G0p25_CG0p25_interval15_step45,15,45,False,,0.0012,10.75,0.00082,3,2,0.867406,0.867335,7
26,3,2,0.25,0.25,run26_bs2000_N3_M2_G0p25_CG0p25_interval16_step48,16,48,False,,0.00082,11.75,0.00049,2,0,0.867335,0.867335,8
27,4,0,1.0,1.0,run27_bs2000_N4_M0_G1_CG1_interval0_step0,0,0,False,,0.2,1.0,0.12,4,0,1.76666,1.76666,4
27,4,0,1.0,1.0,run27_bs2000_N4_M0_G1_CG1_interval1_step4,1,4,False,,0.12,3.0,0.043,4,0,1.05945,1.05945,5
27,4,0,1.0,1.0,run27_bs2000_N4_M0_G1_CG1_interval2_step8,2,8,False,,0.043,5.0,0.016,4,0,0.907655,0.907655,5
27,4,0,1.0,1.0,run27_bs2000_N4_M0_G1_CG1_interval3_step12,3,12,False,,0.016,7.0,0.0056,4,0,0.882586,0.882586,5
27,4,0,1.0,1.0,run27_bs2000_N4_M0_G1_CG1_interval4_step16,4,16,False,,0.0056,8.0,0.0034,4,0,0.876463,0.876463,4
27,4,0,1.0,1.0,run27_bs2000_N4_M0_G1_CG1_interval5_step20,5,20,False,,0.0034,8.0,0.0034,4,0,0.873385,0.873385,3
27,4,0,1.0,1.0,run27_bs2000_N4_M0_G1_CG1_interval6_step24,6,24,False,,0.0034,9.0,0.002,4,0,0.871258,0.871258,4
27,4,0,1.0,1.0,run27_bs2000_N4_M0_G1_CG1_interval7_step28,7,28,False,,0.002,9.0,0.002,4,0,0.870157,0.870157,3
27,4,0,1.0,1.0,run27_bs2000_N4_M0_G1_CG1_interval8_step32,8,32,False,,0.002,10.0,0.0012,4,0,0.869321,0.869321,4
27,4,0,1.0,1.0,run27_bs2000_N4_M0_G1_CG1_interval9_step36,9,36,False,,0.0012,10.0,0.0012,4,0,0.868813,0.868813,3
27,4,0,1.0,1.0,run27_bs2000_N4_M0_G1_CG1_interval10_step40,10,40,False,,0.0012,11.0,0.00073,4,0,0.868422,0.868422,4
27,4,0,1.0,1.0,run27_bs2000_N4_M0_G1_CG1_interval11_step44,11,44,False,,0.00073,11.0,0.00073,4,0,0.868154,0.868154,3
27,4,0,1.0,1.0,run27_bs2000_N4_M0_G1_CG1_interval12_step48,12,48,False,,0.00073,11.0,0.00073,2,0,0.868042,0.868042,3
28,4,0,1.0,0.25,run28_bs2000_N4_M0_G1_CG0p25_interval0_step0,0,0,False,,0.2,1.0,0.12,4,0,1.76666,1.76666,4
28,4,0,1.0,0.25,run28_bs2000_N4_M0_G1_CG0p25_interval1_step4,1,4,False,,0.12,3.0,0.043,4,0,1.05945,1.05945,5
28,4,0,1.0,0.25,run28_bs2000_N4_M0_G1_CG0p25_interval2_step8,2,8,False,,0.043,5.0,0.016,4,0,0.907655,0.907655,5
28,4,0,1.0,0.25,run28_bs2000_N4_M0_G1_CG0p25_interval3_step12,3,12,False,,0.016,7.0,0.0056,4,0,0.882586,0.882586,5
28,4,0,1.0,0.25,run28_bs2000_N4_M0_G1_CG0p25_interval4_step16,4,16,False,,0.0056,8.0,0.0034,4,0,0.876463,0.876463,4
28,4,0,1.0,0.25,run28_bs2000_N4_M0_G1_CG0p25_interval5_step20,5,20,False,,0.0034,8.0,0.0034,4,0,0.873385,0.873385,3
28,4,0,1.0,0.25,run28_bs2000_N4_M0_G1_CG0p25_interval6_step24,6,24,False,,0.0034,9.0,0.002,4,0,0.871258,0.871258,4
28,4,0,1.0,0.25,run28_bs2000_N4_M0_G1_CG0p25_interval7_step28,7,28,False,,0.002,9.0,0.002,4,0,0.870157,0.870157,3
28,4,0,1.0,0.25,run28_bs2000_N4_M0_G1_CG0p25_interval8_step32,8,32,False,,0.002,10.0,0.0012,4,0,0.869321,0.869321,4
28,4,0,1.0,0.25,run28_bs2000_N4_M0_G1_CG0p25_interval9_step36,9,36,False,,0.0012,10.0,0.0012,4,0,0.868813,0.868813,3
28,4,0,1.0,0.25,run28_bs2000_N4_M0_G1_CG0p25_interval10_step40,10,40,False,,0.0012,11.0,0.00073,4,0,0.868422,0.868422,4
28,4,0,1.0,0.25,run28_bs2000_N4_M0_G1_CG0p25_interval11_step44,11,44,False,,0.00073,11.0,0.00073,4,0,0.868154,0.868154,3
28,4,0,1.0,0.25,run28_bs2000_N4_M0_G1_CG0p25_interval12_step48,12,48,False,,0.00073,11.0,0.00073,2,0,0.868042,0.868042,3
29,4,0,0.25,0.25,run29_bs2000_N4_M0_G0p25_CG0p25_interval0_step0,0,0,False,,0.2,1.25,0.11,4,0,1.761651,1.761651,8
29,4,0,0.25,0.25,run29_bs2000_N4_M0_G0p25_CG0p25_interval1_step4,1,4,False,,0.11,3.75,0.029,4,0,1.050744,1.050744,9
29,4,0,0.25,0.25,run29_bs2000_N4_M0_G0p25_CG0p25_interval2_step8,2,8,False,,0.029,5.75,0.011,4,0,0.915168,0.915168,9
29,4,0,0.25,0.25,run29_bs2000_N4_M0_G0p25_CG0p25_interval3_step12,3,12,False,,0.011,7.25,0.0049,4,0,0.888792,0.888792,8
29,4,0,0.25,0.25,run29_bs2000_N4_M0_G0p25_CG0p25_interval4_step16,4,16,False,,0.0049,7.25,0.0049,4,0,0.880392,0.880392,7
29,4,0,0.25,0.25,run29_bs2000_N4_M0_G0p25_CG0p25_interval5_step20,5,20,False,,0.0049,8.0,0.0034,4,0,0.87549,0.87549,8
29,4,0,0.25,0.25,run29_bs2000_N4_M0_G0p25_CG0p25_interval6_step24,6,24,False,,0.0034,9.5,0.0016,4,0,0.872966,0.872966,8
29,4,0,0.25,0.25,run29_bs2000_N4_M0_G0p25_CG0p25_interval7_step28,7,28,False,,0.0016,10.0,0.0012,4,0,0.871675,0.871675,7
29,4,0,0.25,0.25,run29_bs2000_N4_M0_G0p25_CG0p25_interval8_step32,8,32,False,,0.0012,10.0,0.0012,4,0,0.870775,0.870775,7
29,4,0,0.25,0.25,run29_bs2000_N4_M0_G0p25_CG0p25_interval9_step36,9,36,False,,0.0012,11.0,0.00073,4,0,0.870084,0.870084,8
29,4,0,0.25,0.25,run29_bs2000_N4_M0_G0p25_CG0p25_interval10_step40,10,40,False,,0.00073,11.0,0.00073,4,0,0.869595,0.869595,7
29,4,0,0.25,0.25,run29_bs2000_N4_M0_G0p25_CG0p25_interval11_step44,11,44,False,,0.00073,11.0,0.00073,4,0,0.869193,0.869193,7
29,4,0,0.25,0.25,run29_bs2000_N4_M0_G0p25_CG0p25_interval12_step48,12,48,False,,0.00073,12.0,0.00044,2,0,0.869011,0.869011,8
30,4,1,1.0,1.0,run30_bs2000_N4_M1_G1_CG1_interval0_step0_cooldown_for_k-1,0,0,True,-1.0,0.2,2.0,0.072,1,,1.688118,,5
30,4,1,1.0,1.0,run30_bs2000_N4_M1_G1_CG1_interval0_step0_cooldown_for_k0,0,0,True,0.0,0.2,2.0,0.072,1,,1.5824,,5
30,4,1,1.0,1.0,run30_bs2000_N4_M1_G1_CG1_interval0_step0_cooldown_for_k1,0,0,True,1.0,0.2,3.0,0.043,1,,1.548395,,6
30,4,1,1.0,1.0,run30_bs2000_N4_M1_G1_CG1_interval0_step0_cooldown_for_k2,0,0,True,2.0,0.2,3.0,0.043,1,,1.691906,,6
30,4,1,1.0,1.0,run30_bs2000_N4_M1_G1_CG1_interval0_step0,0,0,False,,0.2,1.0,0.12,4,1,1.76666,1.548395,4
30,4,1,1.0,1.0,run30_bs2000_N4_M1_G1_CG1_interval1_step4_cooldown_for_k0,1,4,True,0.0,0.043,2.0,0.072,1,,1.17505,,4
30,4,1,1.0,1.0,run30_bs2000_N4_M1_G1_CG1_interval1_step4_cooldown_for_k1,1,4,True,1.0,0.043,2.0,0.072,1,,1.046899,,4
30,4,1,1.0,1.0,run30_bs2000_N4_M1_G1_CG1_interval1_step4_cooldown_for_k2,1,4,True,2.0,0.043,3.0,0.043,1,,1.018164,,3
30,4,1,1.0,1.0,run30_bs2000_N4_M1_G1_CG1_interval1_step4_cooldown_for_k3,1,4,True,3.0,0.043,4.0,0.026,1,,1.048418,,4
30,4,1,1.0,1.0,run30_bs2000_N4_M1_G1_CG1_interval1_step4,1,4,False,,0.12,2.0,0.072,4,1,1.079144,1.018164,4
30,4,1,1.0,1.0,run30_bs2000_N4_M1_G1_CG1_interval2_step8_cooldown_for_k1,2,8,True,1.0,0.043,3.0,0.043,1,,0.963167,,3
30,4,1,1.0,1.0,run30_bs2000_N4_M1_G1_CG1_interval2_step8_cooldown_for_k2,2,8,True,2.0,0.043,4.0,0.026,1,,0.912246,,4
30,4,1,1.0,1.0,run30_bs2000_N4_M1_G1_CG1_interval2_step8_cooldown_for_k3,2,8,True,3.0,0.043,5.0,0.016,1,,0.90699,,5
30,4,1,1.0,1.0,run30_bs2000_N4_M1_G1_CG1_interval2_step8_cooldown_for_k4,2,8,True,4.0,0.043,6.0,0.0093,1,,0.902705,,6
30,4,1,1.0,1.0,run30_bs2000_N4_M1_G1_CG1_interval2_step8_cooldown_for_k5,2,8,True,5.0,0.043,7.0,0.0056,1,,0.902875,,7
30,4,1,1.0,1.0,run30_bs2000_N4_M1_G1_CG1_interval2_step8,2,8,False,,0.072,4.0,0.026,4,1,0.909855,0.902705,5
30,4,1,1.0,1.0,run30_bs2000_N4_M1_G1_CG1_interval3_step12_cooldown_for_k3,3,12,True,3.0,0.0093,5.0,0.016,1,,0.888941,,4
30,4,1,1.0,1.0,run30_bs2000_N4_M1_G1_CG1_interval3_step12_cooldown_for_k4,3,12,True,4.0,0.0093,6.0,0.0093,1,,0.876356,,3
30,4,1,1.0,1.0,run30_bs2000_N4_M1_G1_CG1_interval3_step12_cooldown_for_k5,3,12,True,5.0,0.0093,7.0,0.0056,1,,0.876328,,4
30,4,1,1.0,1.0,run30_bs2000_N4_M1_G1_CG1_interval3_step12_cooldown_for_k6,3,12,True,6.0,0.0093,8.0,0.0034,1,,0.876388,,5
30,4,1,1.0,1.0,run30_bs2000_N4_M1_G1_CG1_interval3_step12,3,12,False,,0.026,5.0,0.016,4,1,0.880393,0.876328,4
30,4,1,1.0,1.0,run30_bs2000_N4_M1_G1_CG1_interval4_step16_cooldown_for_k4,4,16,True,4.0,0.0056,6.0,0.0093,1,,0.874064,,4
30,4,1,1.0,1.0,run30_bs2000_N4_M1_G1_CG1_interval4_step16_cooldown_for_k5,4,16,True,5.0,0.0056,7.0,0.0056,1,,0.871517,,3
30,4,1,1.0,1.0,run30_bs2000_N4_M1_G1_CG1_interval4_step16_cooldown_for_k6,4,16,True,6.0,0.0056,8.0,0.0034,1,,0.871434,,4
30,4,1,1.0,1.0,run30_bs2000_N4_M1_G1_CG1_interval4_step16_cooldown_for_k7,4,16,True,7.0,0.0056,8.0,0.0034,1,,0.871473,,4
30,4,1,1.0,1.0,run30_bs2000_N4_M1_G1_CG1_interval4_step16,4,16,False,,0.016,6.0,0.0093,4,1,0.873059,0.871434,4
30,4,1,1.0,1.0,run30_bs2000_N4_M1_G1_CG1_interval5_step20_cooldown_for_k5,5,20,True,5.0,0.0034,7.0,0.0056,1,,0.869952,,4
30,4,1,1.0,1.0,run30_bs2000_N4_M1_G1_CG1_interval5_step20_cooldown_for_k6,5,20,True,6.0,0.0034,8.0,0.0034,1,,0.869434,,3
30,4,1,1.0,1.0,run30_bs2000_N4_M1_G1_CG1_interval5_step20_cooldown_for_k7,5,20,True,7.0,0.0034,8.0,0.0034,1,,0.869483,,3
30,4,1,1.0,1.0,run30_bs2000_N4_M1_G1_CG1_interval5_step20,5,20,False,,0.0093,6.0,0.0093,4,1,0.870997,0.869434,3
30,4,1,1.0,1.0,run30_bs2000_N4_M1_G1_CG1_interval6_step24_cooldown_for_k5,6,24,True,5.0,0.0034,7.0,0.0056,1,,0.869004,,4
30,4,1,1.0,1.0,run30_bs2000_N4_M1_G1_CG1_interval6_step24_cooldown_for_k6,6,24,True,6.0,0.0034,8.0,0.0034,1,,0.868515,,3
30,4,1,1.0,1.0,run30_bs2000_N4_M1_G1_CG1_interval6_step24_cooldown_for_k7,6,24,True,7.0,0.0034,8.0,0.0034,1,,0.86856,,3
30,4,1,1.0,1.0,run30_bs2000_N4_M1_G1_CG1_interval6_step24,6,24,False,,0.0093,6.0,0.0093,4,1,0.870051,0.868515,3
30,4,1,1.0,1.0,run30_bs2000_N4_M1_G1_CG1_interval7_step28_cooldown_for_k5,7,28,True,5.0,0.0034,7.0,0.0056,1,,0.868574,,4
30,4,1,1.0,1.0,run30_bs2000_N4_M1_G1_CG1_interval7_step28_cooldown_for_k6,7,28,True,6.0,0.0034,8.0,0.0034,1,,0.867941,,3
30,4,1,1.0,1.0,run30_bs2000_N4_M1_G1_CG1_interval7_step28_cooldown_for_k7,7,28,True,7.0,0.0034,8.0,0.0034,1,,0.86802,,3
30,4,1,1.0,1.0,run30_bs2000_N4_M1_G1_CG1_interval7_step28,7,28,False,,0.0093,6.0,0.0093,4,1,0.869422,0.867941,3
30,4,1,1.0,1.0,run30_bs2000_N4_M1_G1_CG1_interval8_step32_cooldown_for_k5,8,32,True,5.0,0.0034,7.0,0.0056,1,,0.868374,,4
30,4,1,1.0,1.0,run30_bs2000_N4_M1_G1_CG1_interval8_step32_cooldown_for_k6,8,32,True,6.0,0.0034,8.0,0.0034,1,,0.867724,,3
30,4,1,1.0,1.0,run30_bs2000_N4_M1_G1_CG1_interval8_step32_cooldown_for_k7,8,32,True,7.0,0.0034,8.0,0.0034,1,,0.867697,,3
30,4,1,1.0,1.0,run30_bs2000_N4_M1_G1_CG1_interval8_step32_cooldown_for_k8,8,32,True,8.0,0.0034,9.0,0.002,1,,0.86749,,4
30,4,1,1.0,1.0,run30_bs2000_N4_M1_G1_CG1_interval8_step32_cooldown_for_k9,8,32,True,9.0,0.0034,11.0,0.00073,1,,0.867576,,6
30,4,1,1.0,1.0,run30_bs2000_N4_M1_G1_CG1_interval8_step32,8,32,False,,0.0093,8.0,0.0034,4,1,0.867838,0.86749,5
30,4,1,1.0,1.0,run30_bs2000_N4_M1_G1_CG1_interval9_step36_cooldown_for_k7,9,36,True,7.0,0.002,9.0,0.002,1,,0.867348,,3
30,4,1,1.0,1.0,run30_bs2000_N4_M1_G1_CG1_interval9_step36_cooldown_for_k8,9,36,True,8.0,0.002,10.0,0.0012,1,,0.867295,,4
30,4,1,1.0,1.0,run30_bs2000_N4_M1_G1_CG1_interval9_step36_cooldown_for_k9,9,36,True,9.0,0.002,10.0,0.0012,1,,0.867297,,4
30,4,1,1.0,1.0,run30_bs2000_N4_M1_G1_CG1_interval9_step36,9,36,False,,0.0034,8.0,0.0034,4,1,0.867578,0.867295,3
30,4,1,1.0,1.0,run30_bs2000_N4_M1_G1_CG1_interval10_step40_cooldown_for_k7,10,40,True,7.0,0.0012,9.0,0.002,1,,0.867174,,4
30,4,1,1.0,1.0,run30_bs2000_N4_M1_G1_CG1_interval10_step40_cooldown_for_k8,10,40,True,8.0,0.0012,9.0,0.002,1,,0.867174,,4
30,4,1,1.0,1.0,run30_bs2000_N4_M1_G1_CG1_interval10_step40_cooldown_for_k9,10,40,True,9.0,0.0012,10.0,0.0012,1,,0.867184,,3
30,4,1,1.0,1.0,run30_bs2000_N4_M1_G1_CG1_interval10_step40,10,40,False,,0.0034,8.0,0.0034,4,1,0.867454,0.867174,3
30,4,1,1.0,1.0,run30_bs2000_N4_M1_G1_CG1_interval11_step44_cooldown_for_k7,11,44,True,7.0,0.002,9.0,0.002,1,,0.867156,,3
30,4,1,1.0,1.0,run30_bs2000_N4_M1_G1_CG1_interval11_step44_cooldown_for_k8,11,44,True,8.0,0.002,10.0,0.0012,1,,0.867112,,4
30,4,1,1.0,1.0,run30_bs2000_N4_M1_G1_CG1_interval11_step44_cooldown_for_k9,11,44,True,9.0,0.002,11.0,0.00073,1,,0.867135,,5
30,4,1,1.0,1.0,run30_bs2000_N4_M1_G1_CG1_interval11_step44,11,44,False,,0.0034,8.0,0.0034,4,1,0.86737,0.867112,3
30,4,1,1.0,1.0,run30_bs2000_N4_M1_G1_CG1_interval12_step48,12,48,False,,0.0034,11.0,0.00073,2,0,0.867098,0.867098,6
31,4,1,1.0,0.25,run31_bs2000_N4_M1_G1_CG0p25_interval0_step0_cooldown_for_k-1,0,0,True,-1.0,0.2,2.0,0.072,1,,1.688118,,9
31,4,1,1.0,0.25,run31_bs2000_N4_M1_G1_CG0p25_interval0_step0_cooldown_for_k0,0,0,True,0.0,0.2,2.0,0.072,1,,1.5824,,9
31,4,1,1.0,0.25,run31_bs2000_N4_M1_G1_CG0p25_interval0_step0_cooldown_for_k1,0,0,True,1.0,0.2,3.0,0.043,1,,1.548395,,10
31,4,1,1.0,0.25,run31_bs2000_N4_M1_G1_CG0p25_interval0_step0_cooldown_for_k2,0,0,True,2.0,0.2,3.0,0.043,1,,1.691906,,10
31,4,1,1.0,0.25,run31_bs2000_N4_M1_G1_CG0p25_interval0_step0,0,0,False,,0.2,1.0,0.12,4,1,1.76666,1.548395,4
31,4,1,1.0,0.25,run31_bs2000_N4_M1_G1_CG0p25_interval1_step4_cooldown_for_k0,1,4,True,0.0,0.043,2.0,0.072,1,,1.180836,,8
31,4,1,1.0,0.25,run31_bs2000_N4_M1_G1_CG0p25_interval1_step4_cooldown_for_k1,1,4,True,1.0,0.043,2.0,0.072,1,,1.041033,,8
31,4,1,1.0,0.25,run31_bs2000_N4_M1_G1_CG0p25_interval1_step4_cooldown_for_k2,1,4,True,2.0,0.043,3.0,0.043,1,,1.026947,,7
31,4,1,1.0,0.25,run31_bs2000_N4_M1_G1_CG0p25_interval1_step4_cooldown_for_k3,1,4,True,3.0,0.043,4.0,0.026,1,,1.037553,,8
31,4,1,1.0,0.25,run31_bs2000_N4_M1_G1_CG0p25_interval1_step4,1,4,False,,0.12,2.0,0.072,4,1,1.081638,1.026947,4
31,4,1,1.0,0.25,run31_bs2000_N4_M1_G1_CG0p25_interval2_step8_cooldown_for_k1,2,8,True,1.0,0.043,3.0,0.043,1,,0.947871,,7
31,4,1,1.0,0.25,run31_bs2000_N4_M1_G1_CG0p25_interval2_step8_cooldown_for_k2,2,8,True,2.0,0.043,4.0,0.026,1,,0.909476,,8
31,4,1,1.0,0.25,run31_bs2000_N4_M1_G1_CG0p25_interval2_step8_cooldown_for_k3,2,8,True,3.0,0.043,5.0,0.016,1,,0.903452,,9
31,4,1,1.0,0.25,run31_bs2000_N4_M1_G1_CG0p25_interval2_step8_cooldown_for_k4,2,8,True,4.0,0.043,6.0,0.0093,1,,0.903225,,10
31,4,1,1.0,0.25,run31_bs2000_N4_M1_G1_CG0p25_interval2_step8_cooldown_for_k5,2,8,True,5.0,0.043,7.0,0.0056,1,,0.900665,,11
31,4,1,1.0,0.25,run31_bs2000_N4_M1_G1_CG0p25_interval2_step8_cooldown_for_k6,2,8,True,6.0,0.043,4.0,0.026,1,,0.901489,,8
31,4,1,1.0,0.25,run31_bs2000_N4_M1_G1_CG0p25_interval2_step8,2,8,False,,0.072,5.0,0.016,4,1,0.900845,0.900665,6
31,4,1,1.0,0.25,run31_bs2000_N4_M1_G1_CG0p25_interval3_step12_cooldown_for_k4,3,12,True,4.0,0.0056,6.0,0.0093,1,,0.880899,,8
31,4,1,1.0,0.25,run31_bs2000_N4_M1_G1_CG0p25_interval3_step12_cooldown_for_k5,3,12,True,5.0,0.0056,6.0,0.0093,1,,0.87719,,8
31,4,1,1.0,0.25,run31_bs2000_N4_M1_G1_CG0p25_interval3_step12_cooldown_for_k6,3,12,True,6.0,0.0056,7.0,0.0056,1,,0.87936,,7
31,4,1,1.0,0.25,run31_bs2000_N4_M1_G1_CG0p25_interval3_step12,3,12,False,,0.016,5.0,0.016,4,1,0.885317,0.87719,3
31,4,1,1.0,0.25,run31_bs2000_N4_M1_G1_CG0p25_interval4_step16_cooldown_for_k4,4,16,True,4.0,0.0093,6.0,0.0093,1,,0.874667,,7
31,4,1,1.0,0.25,run31_bs2000_N4_M1_G1_CG0p25_interval4_step16_cooldown_for_k5,4,16,True,5.0,0.0093,7.0,0.0056,1,,0.873186,,8
31,4,1,1.0,0.25,run31_bs2000_N4_M1_G1_CG0p25_interval4_step16_cooldown_for_k6,4,16,True,6.0,0.0093,8.0,0.0034,1,,0.873247,,9
31,4,1,1.0,0.25,run31_bs2000_N4_M1_G1_CG0p25_interval4_step16,4,16,False,,0.016,5.0,0.016,4,1,0.877079,0.873186,3
31,4,1,1.0,0.25,run31_bs2000_N4_M1_G1_CG0p25_interval5_step20_cooldown_for_k4,5,20,True,4.0,0.0056,6.0,0.0093,1,,0.873163,,8
31,4,1,1.0,0.25,run31_bs2000_N4_M1_G1_CG0p25_interval5_step20_cooldown_for_k5,5,20,True,5.0,0.0056,7.0,0.0056,1,,0.869935,,7
31,4,1,1.0,0.25,run31_bs2000_N4_M1_G1_CG0p25_interval5_step20_cooldown_for_k6,5,20,True,6.0,0.0056,8.0,0.0034,1,,0.870281,,8
31,4,1,1.0,0.25,run31_bs2000_N4_M1_G1_CG0p25_interval5_step20,5,20,False,,0.016,5.0,0.016,4,1,0.87398,0.869935,3
31,4,1,1.0,0.25,run31_bs2000_N4_M1_G1_CG0p25_interval6_step24_cooldown_for_k4,6,24,True,4.0,0.0056,6.0,0.0093,1,,0.871243,,8
31,4,1,1.0,0.25,run31_bs2000_N4_M1_G1_CG0p25_interval6_step24_cooldown_for_k5,6,24,True,5.0,0.0056,7.0,0.0056,1,,0.869002,,7
31,4,1,1.0,0.25,run31_bs2000_N4_M1_G1_CG0p25_interval6_step24_cooldown_for_k6,6,24,True,6.0,0.0056,7.0,0.0056,1,,0.869052,,7
31,4,1,1.0,0.25,run31_bs2000_N4_M1_G1_CG0p25_interval6_step24,6,24,False,,0.016,5.0,0.016,4,1,0.873094,0.869002,3
31,4,1,1.0,0.25,run31_bs2000_N4_M1_G1_CG0p25_interval7_step28_cooldown_for_k4,7,28,True,4.0,0.0056,6.0,0.0093,1,,0.870061,,8
31,4,1,1.0,0.25,run31_bs2000_N4_M1_G1_CG0p25_interval7_step28_cooldown_for_k5,7,28,True,5.0,0.0056,7.0,0.0056,1,,0.868757,,7
31,4,1,1.0,0.25,run31_bs2000_N4_M1_G1_CG0p25_interval7_step28_cooldown_for_k6,7,28,True,6.0,0.0056,7.0,0.0056,1,,0.868758,,7
31,4,1,1.0,0.25,run31_bs2000_N4_M1_G1_CG0p25_interval7_step28,7,28,False,,0.016,5.0,0.016,4,1,0.872057,0.868757,3
31,4,1,1.0,0.25,run31_bs2000_N4_M1_G1_CG0p25_interval8_step32_cooldown_for_k4,8,32,True,4.0,0.0056,6.5,0.0072,1,,0.869358,,7
31,4,1,1.0,0.25,run31_bs2000_N4_M1_G1_CG0p25_interval8_step32_cooldown_for_k5,8,32,True,5.0,0.0056,7.0,0.0056,1,,0.868287,,7
31,4,1,1.0,0.25,run31_bs2000_N4_M1_G1_CG0p25_interval8_step32_cooldown_for_k6,8,32,True,6.0,0.0056,7.0,0.0056,1,,0.868189,,7
31,4,1,1.0,0.25,run31_bs2000_N4_M1_G1_CG0p25_interval8_step32_cooldown_for_k7,8,32,True,7.0,0.0056,8.0,0.0034,1,,0.867717,,8
31,4,1,1.0,0.25,run31_bs2000_N4_M1_G1_CG0p25_interval8_step32_cooldown_for_k8,8,32,True,8.0,0.0056,10.0,0.0012,1,,0.867913,,10
31,4,1,1.0,0.25,run31_bs2000_N4_M1_G1_CG0p25_interval8_step32,8,32,False,,0.016,7.0,0.0056,4,1,0.868524,0.867717,5
31,4,1,1.0,0.25,run31_bs2000_N4_M1_G1_CG0p25_interval9_step36_cooldown_for_k6,9,36,True,6.0,0.0034,8.0,0.0034,1,,0.867519,,7
31,4,1,1.0,0.25,run31_bs2000_N4_M1_G1_CG0p25_interval9_step36_cooldown_for_k7,9,36,True,7.0,0.0034,9.0,0.002,1,,0.867495,,8
31,4,1,1.0,0.25,run31_bs2000_N4_M1_G1_CG0p25_interval9_step36_cooldown_for_k8,9,36,True,8.0,0.0034,9.0,0.002,1,,0.867423,,8
31,4,1,1.0,0.25,run31_bs2000_N4_M1_G1_CG0p25_interval9_step36_cooldown_for_k9,9,36,True,9.0,0.0034,10.0,0.0012,1,,0.867349,,9
31,4,1,1.0,0.25,run31_bs2000_N4_M1_G1_CG0p25_interval9_step36_cooldown_for_k10,9,36,True,10.0,0.0034,11.0,0.00073,1,,0.867366,,10
31,4,1,1.0,0.25,run31_bs2000_N4_M1_G1_CG0p25_interval9_step36,9,36,False,,0.0056,9.0,0.002,4,1,0.867451,0.867349,5
31,4,1,1.0,0.25,run31_bs2000_N4_M1_G1_CG0p25_interval10_step40_cooldown_for_k8,10,40,True,8.0,0.0012,10.0,0.0012,1,,0.867191,,7
31,4,1,1.0,0.25,run31_bs2000_N4_M1_G1_CG0p25_interval10_step40_cooldown_for_k9,10,40,True,9.0,0.0012,10.0,0.0012,1,,0.867185,,7
31,4,1,1.0,0.25,run31_bs2000_N4_M1_G1_CG0p25_interval10_step40_cooldown_for_k10,10,40,True,10.0,0.0012,11.0,0.00073,1,,0.867181,,8
31,4,1,1.0,0.25,run31_bs2000_N4_M1_G1_CG0p25_interval10_step40_cooldown_for_k11,10,40,True,11.0,0.0012,11.0,0.00073,1,,0.867205,,8
31,4,1,1.0,0.25,run31_bs2000_N4_M1_G1_CG0p25_interval10_step40,10,40,False,,0.002,10.0,0.0012,4,1,0.867213,0.867181,4
31,4,1,1.0,0.25,run31_bs2000_N4_M1_G1_CG0p25_interval11_step44_cooldown_for_k9,11,44,True,9.0,0.00073,10.0,0.0012,1,,0.867096,,8
31,4,1,1.0,0.25,run31_bs2000_N4_M1_G1_CG0p25_interval11_step44_cooldown_for_k10,11,44,True,10.0,0.00073,11.0,0.00073,1,,0.867096,,7
31,4,1,1.0,0.25,run31_bs2000_N4_M1_G1_CG0p25_interval11_step44_cooldown_for_k11,11,44,True,11.0,0.00073,12.0,0.00044,1,,0.867108,,8
31,4,1,1.0,0.25,run31_bs2000_N4_M1_G1_CG0p25_interval11_step44,11,44,False,,0.0012,10.0,0.0012,4,1,0.867129,0.867096,3
31,4,1,1.0,0.25,run31_bs2000_N4_M1_G1_CG0p25_interval12_step48,12,48,False,,0.0012,11.0,0.00073,2,0,0.867075,0.867075,4
32,4,1,0.25,0.25,run32_bs2000_N4_M1_G0p25_CG0p25_interval0_step0_cooldown_for_k-1,0,0,True,-1.0,0.2,2.0,0.072,1,,1.688118,,9
32,4,1,0.25,0.25,run32_bs2000_N4_M1_G0p25_CG0p25_interval0_step0_cooldown_for_k0,0,0,True,0.0,0.2,2.0,0.072,1,,1.5824,,9
32,4,1,0.25,0.25,run32_bs2000_N4_M1_G0p25_CG0p25_interval0_step0_cooldown_for_k1,0,0,True,1.0,0.2,3.0,0.043,1,,1.548395,,10
32,4,1,0.25,0.25,run32_bs2000_N4_M1_G0p25_CG0p25_interval0_step0_cooldown_for_k2,0,0,True,2.0,0.2,3.0,0.043,1,,1.691906,,10
32,4,1,0.25,0.25,run32_bs2000_N4_M1_G0p25_CG0p25_interval0_step0_cooldown_for_k0.5,0,0,True,0.5,0.2,3.0,0.043,1,,1.548271,,10
32,4,1,0.25,0.25,run32_bs2000_N4_M1_G0p25_CG0p25_interval0_step0_cooldown_for_k1.5,0,0,True,1.5,0.2,3.0,0.043,1,,1.594238,,10
32,4,1,0.25,0.25,run32_bs2000_N4_M1_G0p25_CG0p25_interval0_step0_cooldown_for_k0.25,0,0,True,0.25,0.2,2.0,0.072,1,,1.566619,,9
32,4,1,0.25,0.25,run32_bs2000_N4_M1_G0p25_CG0p25_interval0_step0_cooldown_for_k0.75,0,0,True,0.75,0.2,3.0,0.043,1,,1.544331,,10
32,4,1,0.25,0.25,run32_bs2000_N4_M1_G0p25_CG0p25_interval0_step0,0,0,False,,0.2,0.75,0.14,4,1,1.771737,1.544331,8
32,4,1,0.25,0.25,run32_bs2000_N4_M1_G0p25_CG0p25_interval1_step4_cooldown_for_k-0.25,1,4,True,-0.25,0.043,2.0,0.072,1,,1.23147,,8
32,4,1,0.25,0.25,run32_bs2000_N4_M1_G0p25_CG0p25_interval1_step4_cooldown_for_k0.75,1,4,True,0.75,0.043,2.0,0.072,1,,1.047764,,8
32,4,1,0.25,0.25,run32_bs2000_N4_M1_G0p25_CG0p25_interval1_step4_cooldown_for_k1.75,1,4,True,1.75,0.043,3.0,0.043,1,,1.026533,,7
32,4,1,0.25,0.25,run32_bs2000_N4_M1_G0p25_CG0p25_interval1_step4_cooldown_for_k2.75,1,4,True,2.75,0.043,4.0,0.026,1,,1.010562,,8
32,4,1,0.25,0.25,run32_bs2000_N4_M1_G0p25_CG0p25_interval1_step4_cooldown_for_k3.75,1,4,True,3.75,0.043,4.0,0.026,1,,1.096929,,8
32,4,1,0.25,0.25,run32_bs2000_N4_M1_G0p25_CG0p25_interval1_step4_cooldown_for_k2.25,1,4,True,2.25,0.043,3.0,0.043,1,,1.000087,,7
32,4,1,0.25,0.25,run32_bs2000_N4_M1_G0p25_CG0p25_interval1_step4_cooldown_for_k3.25,1,4,True,3.25,0.043,5.0,0.016,1,,1.030491,,9
32,4,1,0.25,0.25,run32_bs2000_N4_M1_G0p25_CG0p25_interval1_step4_cooldown_for_k2,1,4,True,2.0,0.043,3.0,0.043,1,,1.013619,,7
32,4,1,0.25,0.25,run32_bs2000_N4_M1_G0p25_CG0p25_interval1_step4_cooldown_for_k2.5,1,4,True,2.5,0.043,3.0,0.043,1,,0.994364,,7
32,4,1,0.25,0.25,run32_bs2000_N4_M1_G0p25_CG0p25_interval1_step4,1,4,False,,0.14,2.5,0.056,4,1,1.037668,0.994364,9
32,4,1,0.25,0.25,run32_bs2000_N4_M1_G0p25_CG0p25_interval2_step8_cooldown_for_k1.5,2,8,True,1.5,0.043,3.0,0.043,1,,0.947532,,7
32,4,1,0.25,0.25,run32_bs2000_N4_M1_G0p25_CG0p25_interval2_step8_cooldown_for_k2.5,2,8,True,2.5,0.043,5.0,0.016,1,,0.900271,,9
32,4,1,0.25,0.25,run32_bs2000_N4_M1_G0p25_CG0p25_interval2_step8_cooldown_for_k3.5,2,8,True,3.5,0.043,6.0,0.0093,1,,0.905631,,10
32,4,1,0.25,0.25,run32_bs2000_N4_M1_G0p25_CG0p25_interval2_step8_cooldown_for_k2,2,8,True,2.0,0.043,3.0,0.043,1,,0.917433,,7
32,4,1,0.25,0.25,run32_bs2000_N4_M1_G0p25_CG0p25_interval2_step8_cooldown_for_k3,2,8,True,3.0,0.043,5.0,0.016,1,,0.89772,,9
32,4,1,0.25,0.25,run32_bs2000_N4_M1_G0p25_CG0p25_interval2_step8_cooldown_for_k2.75,2,8,True,2.75,0.043,4.0,0.026,1,,0.906218,,8
32,4,1,0.25,0.25,run32_bs2000_N4_M1_G0p25_CG0p25_interval2_step8_cooldown_for_k3.25,2,8,True,3.25,0.043,5.0,0.016,1,,0.899843,,9
32,4,1,0.25,0.25,run32_bs2000_N4_M1_G0p25_CG0p25_interval2_step8,2,8,False,,0.056,3.0,0.043,4,1,0.913199,0.89772,7
32,4,1,0.25,0.25,run32_bs2000_N4_M1_G0p25_CG0p25_interval3_step12_cooldown_for_k2,3,12,True,2.0,0.016,4.0,0.026,1,,0.89676,,8
32,4,1,0.25,0.25,run32_bs2000_N4_M1_G0p25_CG0p25_interval3_step12_cooldown_for_k3,3,12,True,3.0,0.016,5.0,0.016,1,,0.879778,,7
32,4,1,0.25,0.25,run32_bs2000_N4_M1_G0p25_CG0p25_interval3_step12_cooldown_for_k4,3,12,True,4.0,0.016,6.0,0.0093,1,,0.876768,,8
32,4,1,0.25,0.25,run32_bs2000_N4_M1_G0p25_CG0p25_interval3_step12_cooldown_for_k5,3,12,True,5.0,0.016,7.0,0.0056,1,,0.875273,,9
32,4,1,0.25,0.25,run32_bs2000_N4_M1_G0p25_CG0p25_interval3_step12_cooldown_for_k6,3,12,True,6.0,0.016,8.0,0.0034,1,,0.875199,,10
32,4,1,0.25,0.25,run32_bs2000_N4_M1_G0p25_CG0p25_interval3_step12_cooldown_for_k7,3,12,True,7.0,0.016,7.0,0.0056,1,,0.876919,,9
32,4,1,0.25,0.25,run32_bs2000_N4_M1_G0p25_CG0p25_interval3_step12_cooldown_for_k5.5,3,12,True,5.5,0.016,7.0,0.0056,1,,0.87632,,9
32,4,1,0.25,0.25,run32_bs2000_N4_M1_G0p25_CG0p25_interval3_step12_cooldown_for_k6.5,3,12,True,6.5,0.016,7.0,0.0056,1,,0.875971,,9
32,4,1,0.25,0.25,run32_bs2000_N4_M1_G0p25_CG0p25_interval3_step12_cooldown_for_k5.75,3,12,True,5.75,0.016,7.0,0.0056,1,,0.875904,,9
32,4,1,0.25,0.25,run32_bs2000_N4_M1_G0p25_CG0p25_interval3_step12_cooldown_for_k6.25,3,12,True,6.25,0.016,8.0,0.0034,1,,0.875491,,10
32,4,1,0.25,0.25,run32_bs2000_N4_M1_G0p25_CG0p25_interval3_step12,3,12,False,,0.043,6.0,0.0093,4,1,0.87655,0.875199,10
32,4,1,0.25,0.25,run32_bs2000_N4_M1_G0p25_CG0p25_interval4_step16_cooldown_for_k5,4,16,True,5.0,0.0034,7.0,0.0056,1,,0.871436,,8
32,4,1,0.25,0.25,run32_bs2000_N4_M1_G0p25_CG0p25_interval4_step16_cooldown_for_k6,4,16,True,6.0,0.0034,7.0,0.0056,1,,0.870908,,8
32,4,1,0.25,0.25,run32_bs2000_N4_M1_G0p25_CG0p25_interval4_step16_cooldown_for_k7,4,16,True,7.0,0.0034,8.0,0.0034,1,,0.871564,,7
32,4,1,0.25,0.25,run32_bs2000_N4_M1_G0p25_CG0p25_interval4_step16_cooldown_for_k5.5,4,16,True,5.5,0.0034,7.0,0.0056,1,,0.870776,,8
32,4,1,0.25,0.25,run32_bs2000_N4_M1_G0p25_CG0p25_interval4_step16_cooldown_for_k6.5,4,16,True,6.5,0.0034,8.0,0.0034,1,,0.8711,,7
32,4,1,0.25,0.25,run32_bs2000_N4_M1_G0p25_CG0p25_interval4_step16_cooldown_for_k5.25,4,16,True,5.25,0.0034,7.0,0.0056,1,,0.871003,,8
32,4,1,0.25,0.25,run32_bs2000_N4_M1_G0p25_CG0p25_interval4_step16_cooldown_for_k5.75,4,16,True,5.75,0.0034,7.0,0.0056,1,,0.870662,,8
32,4,1,0.25,0.25,run32_bs2000_N4_M1_G0p25_CG0p25_interval4_step16,4,16,False,,0.0093,5.75,0.011,4,1,0.874322,0.870662,7
32,4,1,0.25,0.25,run32_bs2000_N4_M1_G0p25_CG0p25_interval5_step20_cooldown_for_k4.75,5,20,True,4.75,0.0056,6.5,0.0072,1,,0.869892,,7
32,4,1,0.25,0.25,run32_bs2000_N4_M1_G0p25_CG0p25_interval5_step20_cooldown_for_k5.75,5,20,True,5.75,0.0056,7.0,0.0056,1,,0.870067,,7
32,4,1,0.25,0.25,run32_bs2000_N4_M1_G0p25_CG0p25_interval5_step20_cooldown_for_k6.75,5,20,True,6.75,0.0056,8.0,0.0034,1,,0.869628,,8
32,4,1,0.25,0.25,run32_bs2000_N4_M1_G0p25_CG0p25_interval5_step20_cooldown_for_k7.75,5,20,True,7.75,0.0056,9.0,0.002,1,,0.869504,,9
32,4,1,0.25,0.25,run32_bs2000_N4_M1_G0p25_CG0p25_interval5_step20_cooldown_for_k8.75,5,20,True,8.75,0.0056,8.0,0.0034,1,,0.869512,,8
32,4,1,0.25,0.25,run32_bs2000_N4_M1_G0p25_CG0p25_interval5_step20_cooldown_for_k7.25,5,20,True,7.25,0.0056,9.0,0.002,1,,0.869351,,9
32,4,1,0.25,0.25,run32_bs2000_N4_M1_G0p25_CG0p25_interval5_step20_cooldown_for_k8.25,5,20,True,8.25,0.0056,10.0,0.0012,1,,0.869471,,10
32,4,1,0.25,0.25,run32_bs2000_N4_M1_G0p25_CG0p25_interval5_step20_cooldown_for_k7,5,20,True,7.0,0.0056,9.0,0.002,1,,0.869429,,9
32,4,1,0.25,0.25,run32_bs2000_N4_M1_G0p25_CG0p25_interval5_step20_cooldown_for_k7.5,5,20,True,7.5,0.0056,9.0,0.002,1,,0.86942,,9
32,4,1,0.25,0.25,run32_bs2000_N4_M1_G0p25_CG0p25_interval5_step20,5,20,False,,0.011,7.25,0.0049,4,1,0.869827,0.869351,9
32,4,1,0.25,0.25,run32_bs2000_N4_M1_G0p25_CG0p25_interval6_step24_cooldown_for_k6.25,6,24,True,6.25,0.002,8.0,0.0034,1,,0.86829,,8
32,4,1,0.25,0.25,run32_bs2000_N4_M1_G0p25_CG0p25_interval6_step24_cooldown_for_k7.25,6,24,True,7.25,0.002,9.0,0.002,1,,0.868306,,7
32,4,1,0.25,0.25,run32_bs2000_N4_M1_G0p25_CG0p25_interval6_step24_cooldown_for_k8.25,6,24,True,8.25,0.002,10.0,0.0012,1,,0.868421,,8
32,4,1,0.25,0.25,run32_bs2000_N4_M1_G0p25_CG0p25_interval6_step24_cooldown_for_k5.25,6,24,True,5.25,0.002,8.0,0.0034,1,,0.868594,,8
32,4,1,0.25,0.25,run32_bs2000_N4_M1_G0p25_CG0p25_interval6_step24_cooldown_for_k5.75,6,24,True,5.75,0.002,8.0,0.0034,1,,0.868305,,8
32,4,1,0.25,0.25,run32_bs2000_N4_M1_G0p25_CG0p25_interval6_step24_cooldown_for_k6.75,6,24,True,6.75,0.002,8.0,0.0034,1,,0.868349,,8
32,4,1,0.25,0.25,run32_bs2000_N4_M1_G0p25_CG0p25_interval6_step24_cooldown_for_k6,6,24,True,6.0,0.002,8.0,0.0034,1,,0.868265,,8
32,4,1,0.25,0.25,run32_bs2000_N4_M1_G0p25_CG0p25_interval6_step24_cooldown_for_k6.5,6,24,True,6.5,0.002,8.0,0.0034,1,,0.86826,,8
32,4,1,0.25,0.25,run32_bs2000_N4_M1_G0p25_CG0p25_interval6_step24,6,24,False,,0.0049,6.5,0.0072,4,1,0.869782,0.86826,8
32,4,1,0.25,0.25,run32_bs2000_N4_M1_G0p25_CG0p25_interval7_step28_cooldown_for_k5.5,7,28,True,5.5,0.0034,7.0,0.0056,1,,0.868228,,8
32,4,1,0.25,0.25,run32_bs2000_N4_M1_G0p25_CG0p25_interval7_step28_cooldown_for_k6.5,7,28,True,6.5,0.0034,9.0,0.002,1,,0.868013,,8
32,4,1,0.25,0.25,run32_bs2000_N4_M1_G0p25_CG0p25_interval7_step28_cooldown_for_k7.5,7,28,True,7.5,0.0034,9.0,0.002,1,,0.867973,,8
32,4,1,0.25,0.25,run32_bs2000_N4_M1_G0p25_CG0p25_interval7_step28_cooldown_for_k8.5,7,28,True,8.5,0.0034,10.0,0.0012,1,,0.86788,,9
32,4,1,0.25,0.25,run32_bs2000_N4_M1_G0p25_CG0p25_interval7_step28_cooldown_for_k9.5,7,28,True,9.5,0.0034,10.0,0.0012,1,,0.867909,,9
32,4,1,0.25,0.25,run32_bs2000_N4_M1_G0p25_CG0p25_interval7_step28_cooldown_for_k8,7,28,True,8.0,0.0034,9.0,0.002,1,,0.867876,,8
32,4,1,0.25,0.25,run32_bs2000_N4_M1_G0p25_CG0p25_interval7_step28_cooldown_for_k9,7,28,True,9.0,0.0034,10.0,0.0012,1,,0.86791,,9
32,4,1,0.25,0.25,run32_bs2000_N4_M1_G0p25_CG0p25_interval7_step28_cooldown_for_k7.75,7,28,True,7.75,0.0034,9.0,0.002,1,,0.867959,,8
32,4,1,0.25,0.25,run32_bs2000_N4_M1_G0p25_CG0p25_interval7_step28_cooldown_for_k8.25,7,28,True,8.25,0.0034,10.0,0.0012,1,,0.867844,,9
32,4,1,0.25,0.25,run32_bs2000_N4_M1_G0p25_CG0p25_interval7_step28,7,28,False,,0.0072,8.25,0.003,4,1,0.867979,0.867844,9
32,4,1,0.25,0.25,run32_bs2000_N4_M1_G0p25_CG0p25_interval8_step32_cooldown_for_k7.25,8,32,True,7.25,0.0012,9.0,0.002,1,,0.867469,,8
32,4,1,0.25,0.25,run32_bs2000_N4_M1_G0p25_CG0p25_interval8_step32_cooldown_for_k8.25,8,32,True,8.25,0.0012,10.0,0.0012,1,,0.867501,,7
32,4,1,0.25,0.25,run32_bs2000_N4_M1_G0p25_CG0p25_interval8_step32_cooldown_for_k9.25,8,32,True,9.25,0.0012,10.0,0.0012,1,,0.867534,,7
32,4,1,0.25,0.25,run32_bs2000_N4_M1_G0p25_CG0p25_interval8_step32_cooldown_for_k6.25,8,32,True,6.25,0.0012,9.0,0.002,1,,0.867693,,8
32,4,1,0.25,0.25,run32_bs2000_N4_M1_G0p25_CG0p25_interval8_step32_cooldown_for_k6.75,8,32,True,6.75,0.0012,9.0,0.002,1,,0.867454,,8
32,4,1,0.25,0.25,run32_bs2000_N4_M1_G0p25_CG0p25_interval8_step32_cooldown_for_k7.75,8,32,True,7.75,0.0012,9.0,0.002,1,,0.867501,,8
32,4,1,0.25,0.25,run32_bs2000_N4_M1_G0p25_CG0p25_interval8_step32_cooldown_for_k6.5,8,32,True,6.5,0.0012,9.0,0.002,1,,0.867594,,8
32,4,1,0.25,0.25,run32_bs2000_N4_M1_G0p25_CG0p25_interval8_step32_cooldown_for_k7,8,32,True,7.0,0.0012,9.0,0.002,1,,0.86746,,8
32,4,1,0.25,0.25,run32_bs2000_N4_M1_G0p25_CG0p25_interval8_step32,8,32,False,,0.003,6.75,0.0064,4,1,0.868329,0.867454,8
32,4,1,0.25,0.25,run32_bs2000_N4_M1_G0p25_CG0p25_interval9_step36_cooldown_for_k5.75,9,36,True,5.75,0.002,8.0,0.0034,1,,0.867691,,8
32,4,1,0.25,0.25,run32_bs2000_N4_M1_G0p25_CG0p25_interval9_step36_cooldown_for_k6.75,9,36,True,6.75,0.002,9.0,0.002,1,,0.867427,,7
32,4,1,0.25,0.25,run32_bs2000_N4_M1_G0p25_CG0p25_interval9_step36_cooldown_for_k7.75,9,36,True,7.75,0.002,9.0,0.002,1,,0.867394,,7
32,4,1,0.25,0.25,run32_bs2000_N4_M1_G0p25_CG0p25_interval9_step36_cooldown_for_k8.75,9,36,True,8.75,0.002,10.0,0.0012,1,,0.8673,,8
32,4,1,0.25,0.25,run32_bs2000_N4_M1_G0p25_CG0p25_interval9_step36_cooldown_for_k9.75,9,36,True,9.75,0.002,11.0,0.00073,1,,0.86736,,9
32,4,1,0.25,0.25,run32_bs2000_N4_M1_G0p25_CG0p25_interval9_step36_cooldown_for_k8.25,9,36,True,8.25,0.002,10.0,0.0012,1,,0.867399,,8
32,4,1,0.25,0.25,run32_bs2000_N4_M1_G0p25_CG0p25_interval9_step36_cooldown_for_k9.25,9,36,True,9.25,0.002,10.0,0.0012,1,,0.867331,,8
32,4,1,0.25,0.25,run32_bs2000_N4_M1_G0p25_CG0p25_interval9_step36_cooldown_for_k8.5,9,36,True,8.5,0.002,10.0,0.0012,1,,0.86734,,8
32,4,1,0.25,0.25,run32_bs2000_N4_M1_G0p25_CG0p25_interval9_step36_cooldown_for_k9,9,36,True,9.0,0.002,10.0,0.0012,1,,0.867299,,8
32,4,1,0.25,0.25,run32_bs2000_N4_M1_G0p25_CG0p25_interval9_step36,9,36,False,,0.0064,9.0,0.002,4,1,0.867412,0.867299,9
32,4,1,0.25,0.25,run32_bs2000_N4_M1_G0p25_CG0p25_interval10_step40_cooldown_for_k8,10,40,True,8.0,0.0012,10.0,0.0012,1,,0.867227,,7
32,4,1,0.25,0.25,run32_bs2000_N4_M1_G0p25_CG0p25_interval10_step40_cooldown_for_k9,10,40,True,9.0,0.0012,11.0,0.00073,1,,0.867172,,8
32,4,1,0.25,0.25,run32_bs2000_N4_M1_G0p25_CG0p25_interval10_step40_cooldown_for_k10,10,40,True,10.0,0.0012,11.0,0.00073,1,,0.867196,,8
32,4,1,0.25,0.25,run32_bs2000_N4_M1_G0p25_CG0p25_interval10_step40_cooldown_for_k8.5,10,40,True,8.5,0.0012,10.0,0.0012,1,,0.867212,,7
32,4,1,0.25,0.25,run32_bs2000_N4_M1_G0p25_CG0p25_interval10_step40_cooldown_for_k9.5,10,40,True,9.5,0.0012,11.0,0.00073,1,,0.867196,,8
32,4,1,0.25,0.25,run32_bs2000_N4_M1_G0p25_CG0p25_interval10_step40_cooldown_for_k8.75,10,40,True,8.75,0.0012,10.0,0.0012,1,,0.867212,,7
32,4,1,0.25,0.25,run32_bs2000_N4_M1_G0p25_CG0p25_interval10_step40_cooldown_for_k9.25,10,40,True,9.25,0.0012,11.0,0.00073,1,,0.867205,,8
32,4,1,0.25,0.25,run32_bs2000_N4_M1_G0p25_CG0p25_interval10_step40,10,40,False,,0.002,9.0,0.002,4,1,0.867254,0.867172,7
32,4,1,0.25,0.25,run32_bs2000_N4_M1_G0p25_CG0p25_interval11_step44_cooldown_for_k8,11,44,True,8.0,0.00073,10.0,0.0012,1,,0.867089,,8
32,4,1,0.25,0.25,run32_bs2000_N4_M1_G0p25_CG0p25_interval11_step44_cooldown_for_k9,11,44,True,9.0,0.00073,11.0,0.00073,1,,0.867101,,7
32,4,1,0.25,0.25,run32_bs2000_N4_M1_G0p25_CG0p25_interval11_step44_cooldown_for_k10,11,44,True,10.0,0.00073,12.0,0.00044,1,,0.86711,,8
32,4,1,0.25,0.25,run32_bs2000_N4_M1_G0p25_CG0p25_interval11_step44_cooldown_for_k7,11,44,True,7.0,0.00073,10.0,0.0012,1,,0.867194,,8
32,4,1,0.25,0.25,run32_bs2000_N4_M1_G0p25_CG0p25_interval11_step44_cooldown_for_k7.5,11,44,True,7.5,0.00073,10.0,0.0012,1,,0.867106,,8
32,4,1,0.25,0.25,run32_bs2000_N4_M1_G0p25_CG0p25_interval11_step44_cooldown_for_k8.5,11,44,True,8.5,0.00073,10.0,0.0012,1,,0.867108,,8
32,4,1,0.25,0.25,run32_bs2000_N4_M1_G0p25_CG0p25_interval11_step44_cooldown_for_k7.75,11,44,True,7.75,0.00073,10.0,0.0012,1,,0.86711,,8
32,4,1,0.25,0.25,run32_bs2000_N4_M1_G0p25_CG0p25_interval11_step44_cooldown_for_k8.25,11,44,True,8.25,0.00073,10.0,0.0012,1,,0.867097,,8
32,4,1,0.25,0.25,run32_bs2000_N4_M1_G0p25_CG0p25_interval11_step44,11,44,False,,0.002,8.0,0.0034,4,1,0.867275,0.867089,8
32,4,1,0.25,0.25,run32_bs2000_N4_M1_G0p25_CG0p25_interval12_step48,12,48,False,,0.0034,10.0,0.0012,2,0,0.8671,0.8671,9
33,4,2,1.0,1.0,run33_bs2000_N4_M2_G1_CG1_interval0_step0_cooldown_for_k-1,0,0,True,-1.0,0.2,2.0,0.072,2,,1.459011,,5
33,4,2,1.0,1.0,run33_bs2000_N4_M2_G1_CG1_interval0_step0_cooldown_for_k0,0,0,True,0.0,0.2,2.0,0.072,2,,1.314619,,5
33,4,2,1.0,1.0,run33_bs2000_N4_M2_G1_CG1_interval0_step0_cooldown_for_k1,0,0,True,1.0,0.2,3.0,0.043,2,,1.273481,,6
33,4,2,1.0,1.0,run33_bs2000_N4_M2_G1_CG1_interval0_step0_cooldown_for_k2,0,0,True,2.0,0.2,4.0,0.026,2,,1.339937,,7
33,4,2,1.0,1.0,run33_bs2000_N4_M2_G1_CG1_interval0_step0,0,0,False,,0.2,1.0,0.12,4,2,1.76666,1.273481,4
33,4,2,1.0,1.0,run33_bs2000_N4_M2_G1_CG1_interval1_step4_cooldown_for_k0,1,4,True,0.0,0.043,3.0,0.043,2,,1.039325,,3
33,4,2,1.0,1.0,run33_bs2000_N4_M2_G1_CG1_interval1_step4_cooldown_for_k1,1,4,True,1.0,0.043,3.0,0.043,2,,0.958201,,3
33,4,2,1.0,1.0,run33_bs2000_N4_M2_G1_CG1_interval1_step4_cooldown_for_k2,1,4,True,2.0,0.043,4.0,0.026,2,,0.941148,,4
33,4,2,1.0,1.0,run33_bs2000_N4_M2_G1_CG1_interval1_step4_cooldown_for_k3,1,4,True,3.0,0.043,4.0,0.026,2,,0.940873,,4
33,4,2,1.0,1.0,run33_bs2000_N4_M2_G1_CG1_interval1_step4_cooldown_for_k4,1,4,True,4.0,0.043,5.0,0.016,2,,0.965454,,5
33,4,2,1.0,1.0,run33_bs2000_N4_M2_G1_CG1_interval1_step4,1,4,False,,0.12,3.0,0.043,4,2,1.06814,0.940873,5
33,4,2,1.0,1.0,run33_bs2000_N4_M2_G1_CG1_interval2_step8_cooldown_for_k2,2,8,True,2.0,0.026,5.0,0.016,2,,0.911444,,4
33,4,2,1.0,1.0,run33_bs2000_N4_M2_G1_CG1_interval2_step8_cooldown_for_k3,2,8,True,3.0,0.026,5.0,0.016,2,,0.898943,,4
33,4,2,1.0,1.0,run33_bs2000_N4_M2_G1_CG1_interval2_step8_cooldown_for_k4,2,8,True,4.0,0.026,6.0,0.0093,2,,0.892082,,5
33,4,2,1.0,1.0,run33_bs2000_N4_M2_G1_CG1_interval2_step8_cooldown_for_k5,2,8,True,5.0,0.026,6.0,0.0093,2,,0.887587,,5
33,4,2,1.0,1.0,run33_bs2000_N4_M2_G1_CG1_interval2_step8_cooldown_for_k6,2,8,True,6.0,0.026,6.0,0.0093,2,,0.893931,,5
33,4,2,1.0,1.0,run33_bs2000_N4_M2_G1_CG1_interval2_step8,2,8,False,,0.043,5.0,0.016,4,2,0.906225,0.887587,5
33,4,2,1.0,1.0,run33_bs2000_N4_M2_G1_CG1_interval3_step12_cooldown_for_k4,3,12,True,4.0,0.0093,7.0,0.0056,2,,0.879774,,4
33,4,2,1.0,1.0,run33_bs2000_N4_M2_G1_CG1_interval3_step12_cooldown_for_k5,3,12,True,5.0,0.0093,8.0,0.0034,2,,0.878016,,5
33,4,2,1.0,1.0,run33_bs2000_N4_M2_G1_CG1_interval3_step12_cooldown_for_k6,3,12,True,6.0,0.0093,7.0,0.0056,2,,0.876733,,4
33,4,2,1.0,1.0,run33_bs2000_N4_M2_G1_CG1_interval3_step12_cooldown_for_k7,3,12,True,7.0,0.0093,8.0,0.0034,2,,0.878188,,5
33,4,2,1.0,1.0,run33_bs2000_N4_M2_G1_CG1_interval3_step12,3,12,False,,0.016,6.0,0.0093,4,2,0.883276,0.876733,4
33,4,2,1.0,1.0,run33_bs2000_N4_M2_G1_CG1_interval4_step16_cooldown_for_k5,4,16,True,5.0,0.0056,8.0,0.0034,2,,0.87422,,4
33,4,2,1.0,1.0,run33_bs2000_N4_M2_G1_CG1_interval4_step16_cooldown_for_k6,4,16,True,6.0,0.0056,7.0,0.0056,2,,0.873271,,3
33,4,2,1.0,1.0,run33_bs2000_N4_M2_G1_CG1_interval4_step16_cooldown_for_k7,4,16,True,7.0,0.0056,8.0,0.0034,2,,0.872809,,4
33,4,2,1.0,1.0,run33_bs2000_N4_M2_G1_CG1_interval4_step16_cooldown_for_k8,4,16,True,8.0,0.0056,9.0,0.002,2,,0.873523,,5
33,4,2,1.0,1.0,run33_bs2000_N4_M2_G1_CG1_interval4_step16,4,16,False,,0.0093,7.0,0.0056,4,2,0.875199,0.872809,4
33,4,2,1.0,1.0,run33_bs2000_N4_M2_G1_CG1_interval5_step20_cooldown_for_k6,5,20,True,6.0,0.0034,9.0,0.002,2,,0.871278,,4
33,4,2,1.0,1.0,run33_bs2000_N4_M2_G1_CG1_interval5_step20_cooldown_for_k7,5,20,True,7.0,0.0034,8.0,0.0034,2,,0.870773,,3
33,4,2,1.0,1.0,run33_bs2000_N4_M2_G1_CG1_interval5_step20_cooldown_for_k8,5,20,True,8.0,0.0034,9.0,0.002,2,,0.870717,,4
33,4,2,1.0,1.0,run33_bs2000_N4_M2_G1_CG1_interval5_step20_cooldown_for_k9,5,20,True,9.0,0.0034,9.0,0.002,2,,0.871137,,4
33,4,2,1.0,1.0,run33_bs2000_N4_M2_G1_CG1_interval5_step20,5,20,False,,0.0056,8.0,0.0034,4,2,0.871872,0.870717,4
33,4,2,1.0,1.0,run33_bs2000_N4_M2_G1_CG1_interval6_step24_cooldown_for_k7,6,24,True,7.0,0.002,9.0,0.002,2,,0.869784,,3
33,4,2,1.0,1.0,run33_bs2000_N4_M2_G1_CG1_interval6_step24_cooldown_for_k8,6,24,True,8.0,0.002,9.0,0.002,2,,0.869509,,3
33,4,2,1.0,1.0,run33_bs2000_N4_M2_G1_CG1_interval6_step24_cooldown_for_k9,6,24,True,9.0,0.002,10.0,0.0012,2,,0.869722,,4
33,4,2,1.0,1.0,run33_bs2000_N4_M2_G1_CG1_interval6_step24,6,24,False,,0.0034,8.0,0.0034,4,2,0.870524,0.869509,3
33,4,2,1.0,1.0,run33_bs2000_N4_M2_G1_CG1_interval7_step28_cooldown_for_k7,7,28,True,7.0,0.002,9.0,0.002,2,,0.868982,,3
33,4,2,1.0,1.0,run33_bs2000_N4_M2_G1_CG1_interval7_step28_cooldown_for_k8,7,28,True,8.0,0.002,9.0,0.002,2,,0.86881,,3
33,4,2,1.0,1.0,run33_bs2000_N4_M2_G1_CG1_interval7_step28_cooldown_for_k9,7,28,True,9.0,0.002,10.0,0.0012,2,,0.86883,,4
33,4,2,1.0,1.0,run33_bs2000_N4_M2_G1_CG1_interval7_step28,7,28,False,,0.0034,8.0,0.0034,4,2,0.86966,0.86881,3
33,4,2,1.0,1.0,run33_bs2000_N4_M2_G1_CG1_interval8_step32_cooldown_for_k7,8,32,True,7.0,0.002,9.0,0.002,2,,0.868517,,3
33,4,2,1.0,1.0,run33_bs2000_N4_M2_G1_CG1_interval8_step32_cooldown_for_k8,8,32,True,8.0,0.002,9.0,0.002,2,,0.868333,,3
33,4,2,1.0,1.0,run33_bs2000_N4_M2_G1_CG1_interval8_step32_cooldown_for_k9,8,32,True,9.0,0.002,10.0,0.0012,2,,0.868306,,4
33,4,2,1.0,1.0,run33_bs2000_N4_M2_G1_CG1_interval8_step32_cooldown_for_k10,8,32,True,10.0,0.002,9.0,0.002,2,,0.868369,,3
33,4,2,1.0,1.0,run33_bs2000_N4_M2_G1_CG1_interval8_step32,8,32,False,,0.0034,9.0,0.002,4,2,0.868635,0.868306,4
33,4,2,1.0,1.0,run33_bs2000_N4_M2_G1_CG1_interval9_step36_cooldown_for_k8,9,36,True,8.0,0.0012,10.0,0.0012,2,,0.868068,,3
33,4,2,1.0,1.0,run33_bs2000_N4_M2_G1_CG1_interval9_step36_cooldown_for_k9,9,36,True,9.0,0.0012,10.0,0.0012,2,,0.867931,,3
33,4,2,1.0,1.0,run33_bs2000_N4_M2_G1_CG1_interval9_step36_cooldown_for_k10,9,36,True,10.0,0.0012,11.0,0.00073,2,,0.867986,,4
33,4,2,1.0,1.0,run33_bs2000_N4_M2_G1_CG1_interval9_step36,9,36,False,,0.002,9.0,0.002,4,2,0.868309,0.867931,3
33,4,2,1.0,1.0,run33_bs2000_N4_M2_G1_CG1_interval10_step40_cooldown_for_k8,10,40,True,8.0,0.0012,10.0,0.0012,2,,0.867796,,3
33,4,2,1.0,1.0,run33_bs2000_N4_M2_G1_CG1_interval10_step40_cooldown_for_k9,10,40,True,9.0,0.0012,10.0,0.0012,2,,0.86772,,3
33,4,2,1.0,1.0,run33_bs2000_N4_M2_G1_CG1_interval10_step40_cooldown_for_k10,10,40,True,10.0,0.0012,11.0,0.00073,2,,0.867721,,4
33,4,2,1.0,1.0,run33_bs2000_N4_M2_G1_CG1_interval10_step40,10,40,False,,0.002,9.0,0.002,4,2,0.868026,0.86772,3
33,4,2,1.0,1.0,run33_bs2000_N4_M2_G1_CG1_interval11_step44_cooldown_for_k8,11,44,True,8.0,0.0012,10.0,0.0012,2,,0.867652,,3
33,4,2,1.0,1.0,run33_bs2000_N4_M2_G1_CG1_interval11_step44_cooldown_for_k9,11,44,True,9.0,0.0012,10.0,0.0012,2,,0.867553,,3
33,4,2,1.0,1.0,run33_bs2000_N4_M2_G1_CG1_interval11_step44_cooldown_for_k10,11,44,True,10.0,0.0012,11.0,0.00073,2,,0.867545,,4
33,4,2,1.0,1.0,run33_bs2000_N4_M2_G1_CG1_interval11_step44_cooldown_for_k11,11,44,True,11.0,0.0012,10.0,0.0012,2,,0.867569,,3
33,4,2,1.0,1.0,run33_bs2000_N4_M2_G1_CG1_interval11_step44,11,44,False,,0.002,10.0,0.0012,4,2,0.867652,0.867545,4
33,4,2,1.0,1.0,run33_bs2000_N4_M2_G1_CG1_interval12_step48,12,48,False,,0.0012,11.0,0.00073,2,0,0.867545,0.867545,4
34,4,2,1.0,0.25,run34_bs2000_N4_M2_G1_CG0p25_interval0_step0_cooldown_for_k-1,0,0,True,-1.0,0.2,1.75,0.082,2,,1.4274,,9
34,4,2,1.0,0.25,run34_bs2000_N4_M2_G1_CG0p25_interval0_step0_cooldown_for_k0,0,0,True,0.0,0.2,2.5,0.056,2,,1.29831,,9
34,4,2,1.0,0.25,run34_bs2000_N4_M2_G1_CG0p25_interval0_step0_cooldown_for_k1,0,0,True,1.0,0.2,2.75,0.049,2,,1.220979,,10
34,4,2,1.0,0.25,run34_bs2000_N4_M2_G1_CG0p25_interval0_step0_cooldown_for_k2,0,0,True,2.0,0.2,3.75,0.029,2,,1.302699,,11
34,4,2,1.0,0.25,run34_bs2000_N4_M2_G1_CG0p25_interval0_step0,0,0,False,,0.2,1.0,0.12,4,2,1.76666,1.220979,4
34,4,2,1.0,0.25,run34_bs2000_N4_M2_G1_CG0p25_interval1_step4_cooldown_for_k0,1,4,True,0.0,0.049,2.25,0.063,2,,1.030874,,7
34,4,2,1.0,0.25,run34_bs2000_N4_M2_G1_CG0p25_interval1_step4_cooldown_for_k1,1,4,True,1.0,0.049,2.75,0.049,2,,0.954392,,7
34,4,2,1.0,0.25,run34_bs2000_N4_M2_G1_CG0p25_interval1_step4_cooldown_for_k2,1,4,True,2.0,0.049,3.75,0.029,2,,0.936227,,8
34,4,2,1.0,0.25,run34_bs2000_N4_M2_G1_CG0p25_interval1_step4_cooldown_for_k3,1,4,True,3.0,0.049,4.25,0.023,2,,0.938736,,8
34,4,2,1.0,0.25,run34_bs2000_N4_M2_G1_CG0p25_interval1_step4,1,4,False,,0.12,2.0,0.072,4,2,1.077653,0.936227,4
34,4,2,1.0,0.25,run34_bs2000_N4_M2_G1_CG0p25_interval2_step8_cooldown_for_k1,2,8,True,1.0,0.029,3.75,0.029,2,,0.906629,,7
34,4,2,1.0,0.25,run34_bs2000_N4_M2_G1_CG0p25_interval2_step8_cooldown_for_k2,2,8,True,2.0,0.029,4.75,0.018,2,,0.88783,,8
34,4,2,1.0,0.25,run34_bs2000_N4_M2_G1_CG0p25_interval2_step8_cooldown_for_k3,2,8,True,3.0,0.029,5.75,0.011,2,,0.885811,,9
34,4,2,1.0,0.25,run34_bs2000_N4_M2_G1_CG0p25_interval2_step8_cooldown_for_k4,2,8,True,4.0,0.029,4.75,0.018,2,,0.88526,,8
34,4,2,1.0,0.25,run34_bs2000_N4_M2_G1_CG0p25_interval2_step8_cooldown_for_k5,2,8,True,5.0,0.029,6.25,0.0082,2,,0.883508,,9
34,4,2,1.0,0.25,run34_bs2000_N4_M2_G1_CG0p25_interval2_step8_cooldown_for_k6,2,8,True,6.0,0.029,5.75,0.011,2,,0.889798,,9
34,4,2,1.0,0.25,run34_bs2000_N4_M2_G1_CG0p25_interval2_step8,2,8,False,,0.072,5.0,0.016,4,2,0.897614,0.883508,6
34,4,2,1.0,0.25,run34_bs2000_N4_M2_G1_CG0p25_interval3_step12_cooldown_for_k4,3,12,True,4.0,0.0082,6.25,0.0082,2,,0.876041,,7
34,4,2,1.0,0.25,run34_bs2000_N4_M2_G1_CG0p25_interval3_step12_cooldown_for_k5,3,12,True,5.0,0.0082,7.25,0.0049,2,,0.875961,,8
34,4,2,1.0,0.25,run34_bs2000_N4_M2_G1_CG0p25_interval3_step12_cooldown_for_k6,3,12,True,6.0,0.0082,7.0,0.0056,2,,0.875288,,8
34,4,2,1.0,0.25,run34_bs2000_N4_M2_G1_CG0p25_interval3_step12_cooldown_for_k7,3,12,True,7.0,0.0082,7.75,0.0038,2,,0.876801,,9
34,4,2,1.0,0.25,run34_bs2000_N4_M2_G1_CG0p25_interval3_step12,3,12,False,,0.016,6.0,0.0093,4,2,0.882061,0.875288,4
34,4,2,1.0,0.25,run34_bs2000_N4_M2_G1_CG0p25_interval4_step16_cooldown_for_k5,4,16,True,5.0,0.0056,8.0,0.0034,2,,0.872946,,8
34,4,2,1.0,0.25,run34_bs2000_N4_M2_G1_CG0p25_interval4_step16_cooldown_for_k6,4,16,True,6.0,0.0056,6.75,0.0064,2,,0.871933,,7
34,4,2,1.0,0.25,run34_bs2000_N4_M2_G1_CG0p25_interval4_step16_cooldown_for_k7,4,16,True,7.0,0.0056,8.0,0.0034,2,,0.871775,,8
34,4,2,1.0,0.25,run34_bs2000_N4_M2_G1_CG0p25_interval4_step16_cooldown_for_k8,4,16,True,8.0,0.0056,8.25,0.003,2,,0.872833,,9
34,4,2,1.0,0.25,run34_bs2000_N4_M2_G1_CG0p25_interval4_step16,4,16,False,,0.0093,7.0,0.0056,4,2,0.874007,0.871775,4
34,4,2,1.0,0.25,run34_bs2000_N4_M2_G1_CG0p25_interval5_step20_cooldown_for_k6,5,20,True,6.0,0.0034,9.0,0.002,2,,0.870664,,8
34,4,2,1.0,0.25,run34_bs2000_N4_M2_G1_CG0p25_interval5_step20_cooldown_for_k7,5,20,True,7.0,0.0034,8.25,0.003,2,,0.869914,,7
34,4,2,1.0,0.25,run34_bs2000_N4_M2_G1_CG0p25_interval5_step20_cooldown_for_k8,5,20,True,8.0,0.0034,9.0,0.002,2,,0.870094,,8
34,4,2,1.0,0.25,run34_bs2000_N4_M2_G1_CG0p25_interval5_step20,5,20,False,,0.0056,7.0,0.0056,4,2,0.871624,0.869914,3
34,4,2,1.0,0.25,run34_bs2000_N4_M2_G1_CG0p25_interval6_step24_cooldown_for_k6,6,24,True,6.0,0.003,9.25,0.0018,2,,0.869504,,8
34,4,2,1.0,0.25,run34_bs2000_N4_M2_G1_CG0p25_interval6_step24_cooldown_for_k7,6,24,True,7.0,0.003,8.25,0.003,2,,0.868884,,7
34,4,2,1.0,0.25,run34_bs2000_N4_M2_G1_CG0p25_interval6_step24_cooldown_for_k8,6,24,True,8.0,0.003,9.25,0.0018,2,,0.868893,,8
34,4,2,1.0,0.25,run34_bs2000_N4_M2_G1_CG0p25_interval6_step24,6,24,False,,0.0056,7.0,0.0056,4,2,0.870341,0.868884,3
34,4,2,1.0,0.25,run34_bs2000_N4_M2_G1_CG0p25_interval7_step28_cooldown_for_k6,7,28,True,6.0,0.003,9.25,0.0018,2,,0.868579,,8
34,4,2,1.0,0.25,run34_bs2000_N4_M2_G1_CG0p25_interval7_step28_cooldown_for_k7,7,28,True,7.0,0.003,8.25,0.003,2,,0.868304,,7
34,4,2,1.0,0.25,run34_bs2000_N4_M2_G1_CG0p25_interval7_step28_cooldown_for_k8,7,28,True,8.0,0.003,9.25,0.0018,2,,0.868239,,8
34,4,2,1.0,0.25,run34_bs2000_N4_M2_G1_CG0p25_interval7_step28_cooldown_for_k9,7,28,True,9.0,0.003,9.75,0.0014,2,,0.868327,,9
34,4,2,1.0,0.25,run34_bs2000_N4_M2_G1_CG0p25_interval7_step28,7,28,False,,0.0056,8.0,0.0034,4,2,0.868793,0.868239,4
34,4,2,1.0,0.25,run34_bs2000_N4_M2_G1_CG0p25_interval8_step32_cooldown_for_k7,8,32,True,7.0,0.0018,10.25,0.0011,2,,0.868026,,8
34,4,2,1.0,0.25,run34_bs2000_N4_M2_G1_CG0p25_interval8_step32_cooldown_for_k8,8,32,True,8.0,0.0018,9.0,0.002,2,,0.867841,,7
34,4,2,1.0,0.25,run34_bs2000_N4_M2_G1_CG0p25_interval8_step32_cooldown_for_k9,8,32,True,9.0,0.0018,10.25,0.0011,2,,0.867867,,8
34,4,2,1.0,0.25,run34_bs2000_N4_M2_G1_CG0p25_interval8_step32,8,32,False,,0.0034,8.0,0.0034,4,2,0.868443,0.867841,3
34,4,2,1.0,0.25,run34_bs2000_N4_M2_G1_CG0p25_interval9_step36_cooldown_for_k7,9,36,True,7.0,0.002,10.0,0.0012,2,,0.867725,,8
34,4,2,1.0,0.25,run34_bs2000_N4_M2_G1_CG0p25_interval9_step36_cooldown_for_k8,9,36,True,8.0,0.002,9.0,0.002,2,,0.867638,,7
34,4,2,1.0,0.25,run34_bs2000_N4_M2_G1_CG0p25_interval9_step36_cooldown_for_k9,9,36,True,9.0,0.002,10.25,0.0011,2,,0.867567,,9
34,4,2,1.0,0.25,run34_bs2000_N4_M2_G1_CG0p25_interval9_step36_cooldown_for_k10,9,36,True,10.0,0.002,11.0,0.00073,2,,0.867628,,9
34,4,2,1.0,0.25,run34_bs2000_N4_M2_G1_CG0p25_interval9_step36,9,36,False,,0.0034,9.0,0.002,4,2,0.867764,0.867567,4
34,4,2,1.0,0.25,run34_bs2000_N4_M2_G1_CG0p25_interval10_step40_cooldown_for_k8,10,40,True,8.0,0.0011,10.25,0.0011,2,,0.867471,,7
34,4,2,1.0,0.25,run34_bs2000_N4_M2_G1_CG0p25_interval10_step40_cooldown_for_k9,10,40,True,9.0,0.0011,10.25,0.0011,2,,0.867381,,7
34,4,2,1.0,0.25,run34_bs2000_N4_M2_G1_CG0p25_interval10_step40_cooldown_for_k10,10,40,True,10.0,0.0011,11.25,0.00064,2,,0.867411,,8
34,4,2,1.0,0.25,run34_bs2000_N4_M2_G1_CG0p25_interval10_step40,10,40,False,,0.002,9.0,0.002,4,2,0.867622,0.867381,3
34,4,2,1.0,0.25,run34_bs2000_N4_M2_G1_CG0p25_interval11_step44_cooldown_for_k8,11,44,True,8.0,0.0011,11.25,0.00064,2,,0.867342,,8
34,4,2,1.0,0.25,run34_bs2000_N4_M2_G1_CG0p25_interval11_step44_cooldown_for_k9,11,44,True,9.0,0.0011,10.25,0.0011,2,,0.867267,,7
34,4,2,1.0,0.25,run34_bs2000_N4_M2_G1_CG0p25_interval11_step44_cooldown_for_k10,11,44,True,10.0,0.0011,11.25,0.00064,2,,0.867273,,8
34,4,2,1.0,0.25,run34_bs2000_N4_M2_G1_CG0p25_interval11_step44,11,44,False,,0.002,9.0,0.002,4,2,0.867478,0.867267,3
34,4,2,1.0,0.25,run34_bs2000_N4_M2_G1_CG0p25_interval12_step48,12,48,False,,0.002,10.0,0.0012,2,0,0.867306,0.867306,4
35,4,2,0.25,0.25,run35_bs2000_N4_M2_G0p25_CG0p25_interval0_step0_cooldown_for_k-1,0,0,True,-1.0,0.2,1.75,0.082,2,,1.4274,,9
35,4,2,0.25,0.25,run35_bs2000_N4_M2_G0p25_CG0p25_interval0_step0_cooldown_for_k0,0,0,True,0.0,0.2,2.5,0.056,2,,1.29831,,9
35,4,2,0.25,0.25,run35_bs2000_N4_M2_G0p25_CG0p25_interval0_step0_cooldown_for_k1,0,0,True,1.0,0.2,2.75,0.049,2,,1.220979,,10
35,4,2,0.25,0.25,run35_bs2000_N4_M2_G0p25_CG0p25_interval0_step0_cooldown_for_k2,0,0,True,2.0,0.2,3.75,0.029,2,,1.302699,,11
35,4,2,0.25,0.25,run35_bs2000_N4_M2_G0p25_CG0p25_interval0_step0_cooldown_for_k0.5,0,0,True,0.5,0.2,2.5,0.056,2,,1.243033,,9
35,4,2,0.25,0.25,run35_bs2000_N4_M2_G0p25_CG0p25_interval0_step0_cooldown_for_k1.5,0,0,True,1.5,0.2,2.75,0.049,2,,1.215906,,10
35,4,2,0.25,0.25,run35_bs2000_N4_M2_G0p25_CG0p25_interval0_step0_cooldown_for_k1.25,0,0,True,1.25,0.2,2.75,0.049,2,,1.210856,,10
35,4,2,0.25,0.25,run35_bs2000_N4_M2_G0p25_CG0p25_interval0_step0_cooldown_for_k1.75,0,0,True,1.75,0.2,3.5,0.033,2,,1.275938,,10
35,4,2,0.25,0.25,run35_bs2000_N4_M2_G0p25_CG0p25_interval0_step0,0,0,False,,0.2,1.25,0.11,4,2,1.761651,1.210856,8
35,4,2,0.25,0.25,run35_bs2000_N4_M2_G0p25_CG0p25_interval1_step4_cooldown_for_k0.25,1,4,True,0.25,0.049,2.75,0.049,2,,0.9952,,7
35,4,2,0.25,0.25,run35_bs2000_N4_M2_G0p25_CG0p25_interval1_step4_cooldown_for_k1.25,1,4,True,1.25,0.049,2.75,0.049,2,,0.951306,,7
35,4,2,0.25,0.25,run35_bs2000_N4_M2_G0p25_CG0p25_interval1_step4_cooldown_for_k2.25,1,4,True,2.25,0.049,3.75,0.029,2,,0.946465,,8
35,4,2,0.25,0.25,run35_bs2000_N4_M2_G0p25_CG0p25_interval1_step4_cooldown_for_k3.25,1,4,True,3.25,0.049,4.25,0.023,2,,0.94273,,8
35,4,2,0.25,0.25,run35_bs2000_N4_M2_G0p25_CG0p25_interval1_step4_cooldown_for_k4.25,1,4,True,4.25,0.049,4.75,0.018,2,,0.967487,,9
35,4,2,0.25,0.25,run35_bs2000_N4_M2_G0p25_CG0p25_interval1_step4_cooldown_for_k2.75,1,4,True,2.75,0.049,4.75,0.018,2,,0.948996,,9
35,4,2,0.25,0.25,run35_bs2000_N4_M2_G0p25_CG0p25_interval1_step4_cooldown_for_k3.75,1,4,True,3.75,0.049,4.75,0.018,2,,0.940748,,9
35,4,2,0.25,0.25,run35_bs2000_N4_M2_G0p25_CG0p25_interval1_step4_cooldown_for_k3.5,1,4,True,3.5,0.049,4.75,0.018,2,,0.971842,,9
35,4,2,0.25,0.25,run35_bs2000_N4_M2_G0p25_CG0p25_interval1_step4_cooldown_for_k4,1,4,True,4.0,0.049,4.75,0.018,2,,0.958643,,9
35,4,2,0.25,0.25,run35_bs2000_N4_M2_G0p25_CG0p25_interval1_step4,1,4,False,,0.11,3.75,0.029,4,2,1.044093,0.940748,9
35,4,2,0.25,0.25,run35_bs2000_N4_M2_G0p25_CG0p25_interval2_step8_cooldown_for_k2.75,2,8,True,2.75,0.018,5.75,0.011,2,,0.899841,,8
35,4,2,0.25,0.25,run35_bs2000_N4_M2_G0p25_CG0p25_interval2_step8_cooldown_for_k3.75,2,8,True,3.75,0.018,6.75,0.0064,2,,0.893304,,9
35,4,2,0.25,0.25,run35_bs2000_N4_M2_G0p25_CG0p25_interval2_step8_cooldown_for_k4.75,2,8,True,4.75,0.018,5.75,0.011,2,,0.890185,,8
35,4,2,0.25,0.25,run35_bs2000_N4_M2_G0p25_CG0p25_interval2_step8_cooldown_for_k5.75,2,8,True,5.75,0.018,6.75,0.0064,2,,0.894974,,9
35,4,2,0.25,0.25,run35_bs2000_N4_M2_G0p25_CG0p25_interval2_step8_cooldown_for_k4.25,2,8,True,4.25,0.018,5.25,0.014,2,,0.891878,,8
35,4,2,0.25,0.25,run35_bs2000_N4_M2_G0p25_CG0p25_interval2_step8_cooldown_for_k5.25,2,8,True,5.25,0.018,6.75,0.0064,2,,0.89107,,9
35,4,2,0.25,0.25,run35_bs2000_N4_M2_G0p25_CG0p25_interval2_step8_cooldown_for_k4.5,2,8,True,4.5,0.018,5.5,0.012,2,,0.890874,,8
35,4,2,0.25,0.25,run35_bs2000_N4_M2_G0p25_CG0p25_interval2_step8_cooldown_for_k5,2,8,True,5.0,0.018,6.0,0.0093,2,,0.890526,,8
35,4,2,0.25,0.25,run35_bs2000_N4_M2_G0p25_CG0p25_interval2_step8,2,8,False,,0.029,4.75,0.018,4,2,0.917,0.890185,8
35,4,2,0.25,0.25,run35_bs2000_N4_M2_G0p25_CG0p25_interval3_step12_cooldown_for_k3.75,3,12,True,3.75,0.011,6.75,0.0064,2,,0.884759,,8
35,4,2,0.25,0.25,run35_bs2000_N4_M2_G0p25_CG0p25_interval3_step12_cooldown_for_k4.75,3,12,True,4.75,0.011,7.75,0.0038,2,,0.879902,,9
35,4,2,0.25,0.25,run35_bs2000_N4_M2_G0p25_CG0p25_interval3_step12_cooldown_for_k5.75,3,12,True,5.75,0.011,6.75,0.0064,2,,0.878635,,8
35,4,2,0.25,0.25,run35_bs2000_N4_M2_G0p25_CG0p25_interval3_step12_cooldown_for_k6.75,3,12,True,6.75,0.011,7.75,0.0038,2,,0.87955,,9
35,4,2,0.25,0.25,run35_bs2000_N4_M2_G0p25_CG0p25_interval3_step12_cooldown_for_k5.25,3,12,True,5.25,0.011,7.75,0.0038,2,,0.879335,,9
35,4,2,0.25,0.25,run35_bs2000_N4_M2_G0p25_CG0p25_interval3_step12_cooldown_for_k6.25,3,12,True,6.25,0.011,7.75,0.0038,2,,0.878445,,9
35,4,2,0.25,0.25,run35_bs2000_N4_M2_G0p25_CG0p25_interval3_step12_cooldown_for_k6,3,12,True,6.0,0.011,7.75,0.0038,2,,0.878809,,9
35,4,2,0.25,0.25,run35_bs2000_N4_M2_G0p25_CG0p25_interval3_step12_cooldown_for_k6.5,3,12,True,6.5,0.011,7.75,0.0038,2,,0.878975,,9
35,4,2,0.25,0.25,run35_bs2000_N4_M2_G0p25_CG0p25_interval3_step12,3,12,False,,0.018,6.25,0.0082,4,2,0.884772,0.878445,8
35,4,2,0.25,0.25,run35_bs2000_N4_M2_G0p25_CG0p25_interval4_step16_cooldown_for_k5.25,4,16,True,5.25,0.0038,6.75,0.0064,2,,0.874529,,8
35,4,2,0.25,0.25,run35_bs2000_N4_M2_G0p25_CG0p25_interval4_step16_cooldown_for_k6.25,4,16,True,6.25,0.0038,7.75,0.0038,2,,0.873639,,7
35,4,2,0.25,0.25,run35_bs2000_N4_M2_G0p25_CG0p25_interval4_step16_cooldown_for_k7.25,4,16,True,7.25,0.0038,8.75,0.0023,2,,0.874009,,8
35,4,2,0.25,0.25,run35_bs2000_N4_M2_G0p25_CG0p25_interval4_step16_cooldown_for_k5.75,4,16,True,5.75,0.0038,7.75,0.0038,2,,0.874511,,7
35,4,2,0.25,0.25,run35_bs2000_N4_M2_G0p25_CG0p25_interval4_step16_cooldown_for_k6.75,4,16,True,6.75,0.0038,8.0,0.0034,2,,0.873742,,7
35,4,2,0.25,0.25,run35_bs2000_N4_M2_G0p25_CG0p25_interval4_step16_cooldown_for_k6,4,16,True,6.0,0.0038,7.75,0.0038,2,,0.874079,,7
35,4,2,0.25,0.25,run35_bs2000_N4_M2_G0p25_CG0p25_interval4_step16_cooldown_for_k6.5,4,16,True,6.5,0.0038,7.75,0.0038,2,,0.87361,,7
35,4,2,0.25,0.25,run35_bs2000_N4_M2_G0p25_CG0p25_interval4_step16,4,16,False,,0.0082,6.5,0.0072,4,2,0.877828,0.87361,7
35,4,2,0.25,0.25,run35_bs2000_N4_M2_G0p25_CG0p25_interval5_step20_cooldown_for_k5.5,5,20,True,5.5,0.0038,7.75,0.0038,2,,0.872654,,7
35,4,2,0.25,0.25,run35_bs2000_N4_M2_G0p25_CG0p25_interval5_step20_cooldown_for_k6.5,5,20,True,6.5,0.0038,7.75,0.0038,2,,0.871383,,7
35,4,2,0.25,0.25,run35_bs2000_N4_M2_G0p25_CG0p25_interval5_step20_cooldown_for_k7.5,5,20,True,7.5,0.0038,8.75,0.0023,2,,0.871332,,8
35,4,2,0.25,0.25,run35_bs2000_N4_M2_G0p25_CG0p25_interval5_step20_cooldown_for_k8.5,5,20,True,8.5,0.0038,9.25,0.0018,2,,0.871608,,9
35,4,2,0.25,0.25,run35_bs2000_N4_M2_G0p25_CG0p25_interval5_step20_cooldown_for_k7,5,20,True,7.0,0.0038,8.75,0.0023,2,,0.871661,,8
35,4,2,0.25,0.25,run35_bs2000_N4_M2_G0p25_CG0p25_interval5_step20_cooldown_for_k8,5,20,True,8.0,0.0038,9.25,0.0018,2,,0.871329,,8
35,4,2,0.25,0.25,run35_bs2000_N4_M2_G0p25_CG0p25_interval5_step20_cooldown_for_k7.75,5,20,True,7.75,0.0038,9.0,0.002,2,,0.87134,,8
35,4,2,0.25,0.25,run35_bs2000_N4_M2_G0p25_CG0p25_interval5_step20_cooldown_for_k8.25,5,20,True,8.25,0.0038,9.25,0.0018,2,,0.87141,,8
35,4,2,0.25,0.25,run35_bs2000_N4_M2_G0p25_CG0p25_interval5_step20,5,20,False,,0.0072,8.0,0.0034,4,2,0.87271,0.871329,8
35,4,2,0.25,0.25,run35_bs2000_N4_M2_G0p25_CG0p25_interval6_step24_cooldown_for_k7,6,24,True,7.0,0.0018,9.25,0.0018,2,,0.870362,,7
35,4,2,0.25,0.25,run35_bs2000_N4_M2_G0p25_CG0p25_interval6_step24_cooldown_for_k8,6,24,True,8.0,0.0018,9.25,0.0018,2,,0.869941,,7
35,4,2,0.25,0.25,run35_bs2000_N4_M2_G0p25_CG0p25_interval6_step24_cooldown_for_k9,6,24,True,9.0,0.0018,10.25,0.0011,2,,0.870175,,8
35,4,2,0.25,0.25,run35_bs2000_N4_M2_G0p25_CG0p25_interval6_step24_cooldown_for_k7.5,6,24,True,7.5,0.0018,8.5,0.0026,2,,0.870114,,7
35,4,2,0.25,0.25,run35_bs2000_N4_M2_G0p25_CG0p25_interval6_step24_cooldown_for_k8.5,6,24,True,8.5,0.0018,9.75,0.0014,2,,0.870055,,7
35,4,2,0.25,0.25,run35_bs2000_N4_M2_G0p25_CG0p25_interval6_step24_cooldown_for_k7.75,6,24,True,7.75,0.0018,9.25,0.0018,2,,0.87007,,7
35,4,2,0.25,0.25,run35_bs2000_N4_M2_G0p25_CG0p25_interval6_step24_cooldown_for_k8.25,6,24,True,8.25,0.0018,9.5,0.0016,2,,0.870045,,7
35,4,2,0.25,0.25,run35_bs2000_N4_M2_G0p25_CG0p25_interval6_step24,6,24,False,,0.0034,8.0,0.0034,4,2,0.871143,0.869941,7
35,4,2,0.25,0.25,run35_bs2000_N4_M2_G0p25_CG0p25_interval7_step28_cooldown_for_k7,7,28,True,7.0,0.0018,9.25,0.0018,2,,0.86944,,7
35,4,2,0.25,0.25,run35_bs2000_N4_M2_G0p25_CG0p25_interval7_step28_cooldown_for_k8,7,28,True,8.0,0.0018,9.25,0.0018,2,,0.869155,,7
35,4,2,0.25,0.25,run35_bs2000_N4_M2_G0p25_CG0p25_interval7_step28_cooldown_for_k9,7,28,True,9.0,0.0018,10.25,0.0011,2,,0.869213,,8
35,4,2,0.25,0.25,run35_bs2000_N4_M2_G0p25_CG0p25_interval7_step28_cooldown_for_k7.5,7,28,True,7.5,0.0018,8.5,0.0026,2,,0.869307,,7
35,4,2,0.25,0.25,run35_bs2000_N4_M2_G0p25_CG0p25_interval7_step28_cooldown_for_k8.5,7,28,True,8.5,0.0018,9.5,0.0016,2,,0.869191,,8
35,4,2,0.25,0.25,run35_bs2000_N4_M2_G0p25_CG0p25_interval7_step28_cooldown_for_k7.75,7,28,True,7.75,0.0018,9.25,0.0018,2,,0.86923,,7
35,4,2,0.25,0.25,run35_bs2000_N4_M2_G0p25_CG0p25_interval7_step28_cooldown_for_k8.25,7,28,True,8.25,0.0018,9.5,0.0016,2,,0.869172,,7
35,4,2,0.25,0.25,run35_bs2000_N4_M2_G0p25_CG0p25_interval7_step28,7,28,False,,0.0034,8.0,0.0034,4,2,0.870167,0.869155,7
35,4,2,0.25,0.25,run35_bs2000_N4_M2_G0p25_CG0p25_interval8_step32_cooldown_for_k7,8,32,True,7.0,0.0018,10.25,0.0011,2,,0.868906,,8
35,4,2,0.25,0.25,run35_bs2000_N4_M2_G0p25_CG0p25_interval8_step32_cooldown_for_k8,8,32,True,8.0,0.0018,9.25,0.0018,2,,0.868617,,7
35,4,2,0.25,0.25,run35_bs2000_N4_M2_G0p25_CG0p25_interval8_step32_cooldown_for_k9,8,32,True,9.0,0.0018,10.25,0.0011,2,,0.868593,,8
35,4,2,0.25,0.25,run35_bs2000_N4_M2_G0p25_CG0p25_interval8_step32_cooldown_for_k10,8,32,True,10.0,0.0018,10.75,0.00082,2,,0.868696,,9
35,4,2,0.25,0.25,run35_bs2000_N4_M2_G0p25_CG0p25_interval8_step32_cooldown_for_k8.5,8,32,True,8.5,0.0018,9.75,0.0014,2,,0.868631,,8
35,4,2,0.25,0.25,run35_bs2000_N4_M2_G0p25_CG0p25_interval8_step32_cooldown_for_k9.5,8,32,True,9.5,0.0018,10.5,0.00094,2,,0.868588,,8
35,4,2,0.25,0.25,run35_bs2000_N4_M2_G0p25_CG0p25_interval8_step32_cooldown_for_k9.25,8,32,True,9.25,0.0018,10.5,0.00094,2,,0.868597,,8
35,4,2,0.25,0.25,run35_bs2000_N4_M2_G0p25_CG0p25_interval8_step32_cooldown_for_k9.75,8,32,True,9.75,0.0018,10.75,0.00082,2,,0.868629,,8
35,4,2,0.25,0.25,run35_bs2000_N4_M2_G0p25_CG0p25_interval8_step32,8,32,False,,0.0034,9.5,0.0016,4,2,0.868915,0.868588,8
35,4,2,0.25,0.25,run35_bs2000_N4_M2_G0p25_CG0p25_interval9_step36_cooldown_for_k8.5,9,36,True,8.5,0.00094,10.5,0.00094,2,,0.868256,,7
35,4,2,0.25,0.25,run35_bs2000_N4_M2_G0p25_CG0p25_interval9_step36_cooldown_for_k9.5,9,36,True,9.5,0.00094,10.5,0.00094,2,,0.868176,,7
35,4,2,0.25,0.25,run35_bs2000_N4_M2_G0p25_CG0p25_interval9_step36_cooldown_for_k10.5,9,36,True,10.5,0.00094,11.5,0.00056,2,,0.868258,,8
35,4,2,0.25,0.25,run35_bs2000_N4_M2_G0p25_CG0p25_interval9_step36_cooldown_for_k9,9,36,True,9.0,0.00094,10.25,0.0011,2,,0.868197,,7
35,4,2,0.25,0.25,run35_bs2000_N4_M2_G0p25_CG0p25_interval9_step36_cooldown_for_k10,9,36,True,10.0,0.00094,10.75,0.00082,2,,0.868226,,8
35,4,2,0.25,0.25,run35_bs2000_N4_M2_G0p25_CG0p25_interval9_step36_cooldown_for_k9.25,9,36,True,9.25,0.00094,10.5,0.00094,2,,0.868194,,7
35,4,2,0.25,0.25,run35_bs2000_N4_M2_G0p25_CG0p25_interval9_step36_cooldown_for_k9.75,9,36,True,9.75,0.00094,10.75,0.00082,2,,0.868213,,7
35,4,2,0.25,0.25,run35_bs2000_N4_M2_G0p25_CG0p25_interval9_step36,9,36,False,,0.0016,9.5,0.0016,4,2,0.868492,0.868176,7
35,4,2,0.25,0.25,run35_bs2000_N4_M2_G0p25_CG0p25_interval10_step40_cooldown_for_k8.5,10,40,True,8.5,0.00094,10.5,0.00094,2,,0.867967,,7
35,4,2,0.25,0.25,run35_bs2000_N4_M2_G0p25_CG0p25_interval10_step40_cooldown_for_k9.5,10,40,True,9.5,0.00094,10.5,0.00094,2,,0.8679,,7
35,4,2,0.25,0.25,run35_bs2000_N4_M2_G0p25_CG0p25_interval10_step40_cooldown_for_k10.5,10,40,True,10.5,0.00094,11.5,0.00056,2,,0.867937,,8
35,4,2,0.25,0.25,run35_bs2000_N4_M2_G0p25_CG0p25_interval10_step40_cooldown_for_k9,10,40,True,9.0,0.00094,10.5,0.00094,2,,0.867927,,7
35,4,2,0.25,0.25,run35_bs2000_N4_M2_G0p25_CG0p25_interval10_step40_cooldown_for_k10,10,40,True,10.0,0.00094,11.0,0.00073,2,,0.867927,,8
35,4,2,0.25,0.25,run35_bs2000_N4_M2_G0p25_CG0p25_interval10_step40_cooldown_for_k9.25,10,40,True,9.25,0.00094,10.5,0.00094,2,,0.867914,,7
35,4,2,0.25,0.25,run35_bs2000_N4_M2_G0p25_CG0p25_interval10_step40_cooldown_for_k9.75,10,40,True,9.75,0.00094,10.75,0.00082,2,,0.867921,,7
35,4,2,0.25,0.25,run35_bs2000_N4_M2_G0p25_CG0p25_interval10_step40,10,40,False,,0.0016,9.5,0.0016,4,2,0.868188,0.8679,7
35,4,2,0.25,0.25,run35_bs2000_N4_M2_G0p25_CG0p25_interval11_step44_cooldown_for_k8.5,11,44,True,8.5,0.00094,10.5,0.00094,2,,0.867759,,7
35,4,2,0.25,0.25,run35_bs2000_N4_M2_G0p25_CG0p25_interval11_step44_cooldown_for_k9.5,11,44,True,9.5,0.00094,10.5,0.00094,2,,0.867702,,7
35,4,2,0.25,0.25,run35_bs2000_N4_M2_G0p25_CG0p25_interval11_step44_cooldown_for_k10.5,11,44,True,10.5,0.00094,11.5,0.00056,2,,0.867717,,8
35,4,2,0.25,0.25,run35_bs2000_N4_M2_G0p25_CG0p25_interval11_step44_cooldown_for_k9,11,44,True,9.0,0.00094,10.5,0.00094,2,,0.867724,,7
35,4,2,0.25,0.25,run35_bs2000_N4_M2_G0p25_CG0p25_interval11_step44_cooldown_for_k10,11,44,True,10.0,0.00094,11.0,0.00073,2,,0.867713,,8
35,4,2,0.25,0.25,run35_bs2000_N4_M2_G0p25_CG0p25_interval11_step44_cooldown_for_k9.25,11,44,True,9.25,0.00094,10.5,0.00094,2,,0.867716,,7
35,4,2,0.25,0.25,run35_bs2000_N4_M2_G0p25_CG0p25_interval11_step44_cooldown_for_k9.75,11,44,True,9.75,0.00094,10.75,0.00082,2,,0.86772,,8
35,4,2,0.25,0.25,run35_bs2000_N4_M2_G0p25_CG0p25_interval11_step44,11,44,False,,0.0016,9.5,0.0016,4,2,0.867967,0.867702,7
35,4,2,0.25,0.25,run35_bs2000_N4_M2_G0p25_CG0p25_interval12_step48,12,48,False,,0.0016,10.5,0.00094,2,0,0.86771,0.86771,8
36,5,0,1.0,1.0,run36_bs2000_N5_M0_G1_CG1_interval0_step0,0,0,False,,0.2,2.0,0.072,5,0,1.614156,1.614156,5
36,5,0,1.0,1.0,run36_bs2000_N5_M0_G1_CG1_interval1_step5,1,5,False,,0.072,4.0,0.026,5,0,1.000158,1.000158,5
36,5,0,1.0,1.0,run36_bs2000_N5_M0_G1_CG1_interval2_step10,2,10,False,,0.026,6.0,0.0093,5,0,0.894757,0.894757,5
36,5,0,1.0,1.0,run36_bs2000_N5_M0_G1_CG1_interval3_step15,3,15,False,,0.0093,8.0,0.0034,5,0,0.878331,0.878331,5
36,5,0,1.0,1.0,run36_bs2000_N5_M0_G1_CG1_interval4_step20,4,20,False,,0.0034,9.0,0.002,5,0,0.874144,0.874144,4
36,5,0,1.0,1.0,run36_bs2000_N5_M0_G1_CG1_interval5_step25,5,25,False,,0.002,9.0,0.002,5,0,0.871954,0.871954,3
36,5,0,1.0,1.0,run36_bs2000_N5_M0_G1_CG1_interval6_step30,6,30,False,,0.002,10.0,0.0012,5,0,0.870526,0.870526,4
36,5,0,1.0,1.0,run36_bs2000_N5_M0_G1_CG1_interval7_step35,7,35,False,,0.0012,10.0,0.0012,5,0,0.869695,0.869695,3
36,5,0,1.0,1.0,run36_bs2000_N5_M0_G1_CG1_interval8_step40,8,40,False,,0.0012,11.0,0.00073,5,0,0.869064,0.869064,4
36,5,0,1.0,1.0,run36_bs2000_N5_M0_G1_CG1_interval9_step45,9,45,False,,0.00073,11.0,0.00073,5,0,0.868668,0.868668,3
37,5,0,1.0,0.25,run37_bs2000_N5_M0_G1_CG0p25_interval0_step0,0,0,False,,0.2,2.0,0.072,5,0,1.614156,1.614156,5
37,5,0,1.0,0.25,run37_bs2000_N5_M0_G1_CG0p25_interval1_step5,1,5,False,,0.072,4.0,0.026,5,0,1.000158,1.000158,5
37,5,0,1.0,0.25,run37_bs2000_N5_M0_G1_CG0p25_interval2_step10,2,10,False,,0.026,6.0,0.0093,5,0,0.894757,0.894757,5
37,5,0,1.0,0.25,run37_bs2000_N5_M0_G1_CG0p25_interval3_step15,3,15,False,,0.0093,8.0,0.0034,5,0,0.878331,0.878331,5
37,5,0,1.0,0.25,run37_bs2000_N5_M0_G1_CG0p25_interval4_step20,4,20,False,,0.0034,9.0,0.002,5,0,0.874144,0.874144,4
37,5,0,1.0,0.25,run37_bs2000_N5_M0_G1_CG0p25_interval5_step25,5,25,False,,0.002,9.0,0.002,5,0,0.871954,0.871954,3
37,5,0,1.0,0.25,run37_bs2000_N5_M0_G1_CG0p25_interval6_step30,6,30,False,,0.002,10.0,0.0012,5,0,0.870526,0.870526,4
37,5,0,1.0,0.25,run37_bs2000_N5_M0_G1_CG0p25_interval7_step35,7,35,False,,0.0012,10.0,0.0012,5,0,0.869695,0.869695,3
37,5,0,1.0,0.25,run37_bs2000_N5_M0_G1_CG0p25_interval8_step40,8,40,False,,0.0012,11.0,0.00073,5,0,0.869064,0.869064,4
37,5,0,1.0,0.25,run37_bs2000_N5_M0_G1_CG0p25_interval9_step45,9,45,False,,0.00073,11.0,0.00073,5,0,0.868668,0.868668,3
38,5,0,0.25,0.25,run38_bs2000_N5_M0_G0p25_CG0p25_interval0_step0,0,0,False,,0.2,1.5,0.093,5,0,1.589854,1.589854,9
38,5,0,0.25,0.25,run38_bs2000_N5_M0_G0p25_CG0p25_interval1_step5,1,5,False,,0.093,4.0,0.026,5,0,0.964687,0.964687,9
38,5,0,0.25,0.25,run38_bs2000_N5_M0_G0p25_CG0p25_interval2_step10,2,10,False,,0.026,6.75,0.0064,5,0,0.888925,0.888925,9
38,5,0,0.25,0.25,run38_bs2000_N5_M0_G0p25_CG0p25_interval3_step15,3,15,False,,0.0064,7.75,0.0038,5,0,0.879143,0.879143,8
38,5,0,0.25,0.25,run38_bs2000_N5_M0_G0p25_CG0p25_interval4_step20,4,20,False,,0.0038,9.25,0.0018,5,0,0.874546,0.874546,8
38,5,0,0.25,0.25,run38_bs2000_N5_M0_G0p25_CG0p25_interval5_step25,5,25,False,,0.0018,9.0,0.002,5,0,0.872363,0.872363,7
38,5,0,0.25,0.25,run38_bs2000_N5_M0_G0p25_CG0p25_interval6_step30,6,30,False,,0.002,9.75,0.0014,5,0,0.870894,0.870894,8
38,5,0,0.25,0.25,run38_bs2000_N5_M0_G0p25_CG0p25_interval7_step35,7,35,False,,0.0014,10.25,0.0011,5,0,0.869952,0.869952,8
38,5,0,0.25,0.25,run38_bs2000_N5_M0_G0p25_CG0p25_interval8_step40,8,40,False,,0.0011,10.75,0.00082,5,0,0.869322,0.869322,7
38,5,0,0.25,0.25,run38_bs2000_N5_M0_G0p25_CG0p25_interval9_step45,9,45,False,,0.00082,11.0,0.00073,5,0,0.868872,0.868872,7
39,5,1,1.0,1.0,run39_bs2000_N5_M1_G1_CG1_interval0_step0_cooldown_for_k-1,0,0,True,-1.0,0.2,1.0,0.12,1,,1.620978,,4
39,5,1,1.0,1.0,run39_bs2000_N5_M1_G1_CG1_interval0_step0_cooldown_for_k0,0,0,True,0.0,0.2,2.0,0.072,1,,1.470205,,5
39,5,1,1.0,1.0,run39_bs2000_N5_M1_G1_CG1_interval0_step0_cooldown_for_k1,0,0,True,1.0,0.2,3.0,0.043,1,,1.391881,,6
39,5,1,1.0,1.0,run39_bs2000_N5_M1_G1_CG1_interval0_step0_cooldown_for_k2,0,0,True,2.0,0.2,3.0,0.043,1,,1.539804,,6
39,5,1,1.0,1.0,run39_bs2000_N5_M1_G1_CG1_interval0_step0,0,0,False,,0.2,1.0,0.12,5,1,1.621182,1.391881,4
39,5,1,1.0,1.0,run39_bs2000_N5_M1_G1_CG1_interval1_step5_cooldown_for_k0,1,5,True,0.0,0.043,2.0,0.072,1,,1.085441,,4
39,5,1,1.0,1.0,run39_bs2000_N5_M1_G1_CG1_interval1_step5_cooldown_for_k1,1,5,True,1.0,0.043,3.0,0.043,1,,0.955035,,3
39,5,1,1.0,1.0,run39_bs2000_N5_M1_G1_CG1_interval1_step5_cooldown_for_k2,1,5,True,2.0,0.043,3.0,0.043,1,,0.96414,,3
39,5,1,1.0,1.0,run39_bs2000_N5_M1_G1_CG1_interval1_step5,1,5,False,,0.12,1.0,0.12,5,1,1.060312,0.955035,3
39,5,1,1.0,1.0,run39_bs2000_N5_M1_G1_CG1_interval2_step10_cooldown_for_k0,2,10,True,0.0,0.043,2.0,0.072,1,,0.936656,,4
39,5,1,1.0,1.0,run39_bs2000_N5_M1_G1_CG1_interval2_step10_cooldown_for_k1,2,10,True,1.0,0.043,3.0,0.043,1,,0.907979,,3
39,5,1,1.0,1.0,run39_bs2000_N5_M1_G1_CG1_interval2_step10_cooldown_for_k2,2,10,True,2.0,0.043,4.0,0.026,1,,0.890545,,4
39,5,1,1.0,1.0,run39_bs2000_N5_M1_G1_CG1_interval2_step10_cooldown_for_k3,2,10,True,3.0,0.043,4.0,0.026,1,,0.880035,,4
39,5,1,1.0,1.0,run39_bs2000_N5_M1_G1_CG1_interval2_step10_cooldown_for_k4,2,10,True,4.0,0.043,6.0,0.0093,1,,0.884782,,6
39,5,1,1.0,1.0,run39_bs2000_N5_M1_G1_CG1_interval2_step10,2,10,False,,0.12,3.0,0.043,5,1,0.900119,0.880035,5
39,5,1,1.0,1.0,run39_bs2000_N5_M1_G1_CG1_interval3_step15_cooldown_for_k2,3,15,True,2.0,0.026,4.0,0.026,1,,0.884434,,3
39,5,1,1.0,1.0,run39_bs2000_N5_M1_G1_CG1_interval3_step15_cooldown_for_k3,3,15,True,3.0,0.026,5.0,0.016,1,,0.87544,,4
39,5,1,1.0,1.0,run39_bs2000_N5_M1_G1_CG1_interval3_step15_cooldown_for_k4,3,15,True,4.0,0.026,6.0,0.0093,1,,0.873203,,5
39,5,1,1.0,1.0,run39_bs2000_N5_M1_G1_CG1_interval3_step15_cooldown_for_k5,3,15,True,5.0,0.026,7.0,0.0056,1,,0.871023,,6
39,5,1,1.0,1.0,run39_bs2000_N5_M1_G1_CG1_interval3_step15_cooldown_for_k6,3,15,True,6.0,0.026,8.0,0.0034,1,,0.871053,,7
39,5,1,1.0,1.0,run39_bs2000_N5_M1_G1_CG1_interval3_step15,3,15,False,,0.043,5.0,0.016,5,1,0.872555,0.871023,5
39,5,1,1.0,1.0,run39_bs2000_N5_M1_G1_CG1_interval4_step20_cooldown_for_k4,4,20,True,4.0,0.0056,6.0,0.0093,1,,0.869292,,4
39,5,1,1.0,1.0,run39_bs2000_N5_M1_G1_CG1_interval4_step20_cooldown_for_k5,4,20,True,5.0,0.0056,6.0,0.0093,1,,0.868484,,4
39,5,1,1.0,1.0,run39_bs2000_N5_M1_G1_CG1_interval4_step20_cooldown_for_k6,4,20,True,6.0,0.0056,7.0,0.0056,1,,0.868609,,3
39,5,1,1.0,1.0,run39_bs2000_N5_M1_G1_CG1_interval4_step20,4,20,False,,0.016,5.0,0.016,5,1,0.871872,0.868484,3
39,5,1,1.0,1.0,run39_bs2000_N5_M1_G1_CG1_interval5_step25_cooldown_for_k4,5,25,True,4.0,0.0093,5.0,0.016,1,,0.868867,,4
39,5,1,1.0,1.0,run39_bs2000_N5_M1_G1_CG1_interval5_step25_cooldown_for_k5,5,25,True,5.0,0.0093,6.0,0.0093,1,,0.868301,,3
39,5,1,1.0,1.0,run39_bs2000_N5_M1_G1_CG1_interval5_step25_cooldown_for_k6,5,25,True,6.0,0.0093,8.0,0.0034,1,,0.868152,,5
39,5,1,1.0,1.0,run39_bs2000_N5_M1_G1_CG1_interval5_step25_cooldown_for_k7,5,25,True,7.0,0.0093,9.0,0.002,1,,0.867835,,6
39,5,1,1.0,1.0,run39_bs2000_N5_M1_G1_CG1_interval5_step25_cooldown_for_k8,5,25,True,8.0,0.0093,10.0,0.0012,1,,0.867694,,7
39,5,1,1.0,1.0,run39_bs2000_N5_M1_G1_CG1_interval5_step25_cooldown_for_k9,5,25,True,9.0,0.0093,9.0,0.002,1,,0.867825,,6
39,5,1,1.0,1.0,run39_bs2000_N5_M1_G1_CG1_interval5_step25,5,25,False,,0.016,8.0,0.0034,5,1,0.86778,0.867694,6
39,5,1,1.0,1.0,run39_bs2000_N5_M1_G1_CG1_interval6_step30_cooldown_for_k7,6,30,True,7.0,0.0012,9.0,0.002,1,,0.867312,,4
39,5,1,1.0,1.0,run39_bs2000_N5_M1_G1_CG1_interval6_step30_cooldown_for_k8,6,30,True,8.0,0.0012,9.0,0.002,1,,0.867304,,4
39,5,1,1.0,1.0,run39_bs2000_N5_M1_G1_CG1_interval6_step30_cooldown_for_k9,6,30,True,9.0,0.0012,10.0,0.0012,1,,0.867329,,3
39,5,1,1.0,1.0,run39_bs2000_N5_M1_G1_CG1_interval6_step30,6,30,False,,0.0034,8.0,0.0034,5,1,0.867503,0.867304,3
39,5,1,1.0,1.0,run39_bs2000_N5_M1_G1_CG1_interval7_step35_cooldown_for_k7,7,35,True,7.0,0.002,8.0,0.0034,1,,0.867188,,4
39,5,1,1.0,1.0,run39_bs2000_N5_M1_G1_CG1_interval7_step35_cooldown_for_k8,7,35,True,8.0,0.002,9.0,0.002,1,,0.867204,,3
39,5,1,1.0,1.0,run39_bs2000_N5_M1_G1_CG1_interval7_step35_cooldown_for_k9,7,35,True,9.0,0.002,10.0,0.0012,1,,0.867178,,4
39,5,1,1.0,1.0,run39_bs2000_N5_M1_G1_CG1_interval7_step35_cooldown_for_k10,7,35,True,10.0,0.002,11.0,0.00073,1,,0.867191,,5
39,5,1,1.0,1.0,run39_bs2000_N5_M1_G1_CG1_interval7_step35,7,35,False,,0.0034,9.0,0.002,5,1,0.867205,0.867178,4
39,5,1,1.0,1.0,run39_bs2000_N5_M1_G1_CG1_interval8_step40_cooldown_for_k8,8,40,True,8.0,0.0012,9.0,0.002,1,,0.86706,,4
39,5,1,1.0,1.0,run39_bs2000_N5_M1_G1_CG1_interval8_step40_cooldown_for_k9,8,40,True,9.0,0.0012,10.0,0.0012,1,,0.867077,,3
39,5,1,1.0,1.0,run39_bs2000_N5_M1_G1_CG1_interval8_step40_cooldown_for_k10,8,40,True,10.0,0.0012,11.0,0.00073,1,,0.867072,,4
39,5,1,1.0,1.0,run39_bs2000_N5_M1_G1_CG1_interval8_step40_cooldown_for_k7,8,40,True,7.0,0.0012,9.0,0.002,1,,0.867077,,4
39,5,1,1.0,1.0,run39_bs2000_N5_M1_G1_CG1_interval8_step40,8,40,False,,0.002,8.0,0.0034,5,1,0.867267,0.86706,4
39,5,1,1.0,1.0,run39_bs2000_N5_M1_G1_CG1_interval9_step45,9,45,False,,0.0034,11.0,0.00073,5,0,0.867015,0.867015,6
40,5,1,1.0,0.25,run40_bs2000_N5_M1_G1_CG0p25_interval0_step0_cooldown_for_k-1,0,0,True,-1.0,0.2,1.0,0.12,1,,1.620978,,8
40,5,1,1.0,0.25,run40_bs2000_N5_M1_G1_CG0p25_interval0_step0_cooldown_for_k0,0,0,True,0.0,0.2,2.0,0.072,1,,1.470205,,9
40,5,1,1.0,0.25,run40_bs2000_N5_M1_G1_CG0p25_interval0_step0_cooldown_for_k1,0,0,True,1.0,0.2,3.0,0.043,1,,1.391881,,10
40,5,1,1.0,0.25,run40_bs2000_N5_M1_G1_CG0p25_interval0_step0_cooldown_for_k2,0,0,True,2.0,0.2,3.0,0.043,1,,1.539804,,10
40,5,1,1.0,0.25,run40_bs2000_N5_M1_G1_CG0p25_interval0_step0,0,0,False,,0.2,1.0,0.12,5,1,1.621182,1.391881,4
40,5,1,1.0,0.25,run40_bs2000_N5_M1_G1_CG0p25_interval1_step5_cooldown_for_k0,1,5,True,0.0,0.043,2.0,0.072,1,,1.0885,,8
40,5,1,1.0,0.25,run40_bs2000_N5_M1_G1_CG0p25_interval1_step5_cooldown_for_k1,1,5,True,1.0,0.043,3.0,0.043,1,,0.962011,,7
40,5,1,1.0,0.25,run40_bs2000_N5_M1_G1_CG0p25_interval1_step5_cooldown_for_k2,1,5,True,2.0,0.043,3.0,0.043,1,,0.956393,,7
40,5,1,1.0,0.25,run40_bs2000_N5_M1_G1_CG0p25_interval1_step5_cooldown_for_k3,1,5,True,3.0,0.043,4.0,0.026,1,,0.970496,,8
40,5,1,1.0,0.25,run40_bs2000_N5_M1_G1_CG0p25_interval1_step5,1,5,False,,0.12,2.0,0.072,5,1,1.002068,0.956393,4
40,5,1,1.0,0.25,run40_bs2000_N5_M1_G1_CG0p25_interval2_step10_cooldown_for_k1,2,10,True,1.0,0.043,3.0,0.043,1,,0.914863,,7
40,5,1,1.0,0.25,run40_bs2000_N5_M1_G1_CG0p25_interval2_step10_cooldown_for_k2,2,10,True,2.0,0.043,4.0,0.026,1,,0.893949,,8
40,5,1,1.0,0.25,run40_bs2000_N5_M1_G1_CG0p25_interval2_step10_cooldown_for_k3,2,10,True,3.0,0.043,4.0,0.026,1,,0.886688,,8
40,5,1,1.0,0.25,run40_bs2000_N5_M1_G1_CG0p25_interval2_step10_cooldown_for_k4,2,10,True,4.0,0.043,6.0,0.0093,1,,0.882464,,10
40,5,1,1.0,0.25,run40_bs2000_N5_M1_G1_CG0p25_interval2_step10_cooldown_for_k5,2,10,True,5.0,0.043,7.0,0.0056,1,,0.883913,,11
40,5,1,1.0,0.25,run40_bs2000_N5_M1_G1_CG0p25_interval2_step10,2,10,False,,0.072,4.0,0.026,5,1,0.889779,0.882464,5
40,5,1,1.0,0.25,run40_bs2000_N5_M1_G1_CG0p25_interval3_step15_cooldown_for_k3,3,15,True,3.0,0.0093,5.0,0.016,1,,0.876003,,8
40,5,1,1.0,0.25,run40_bs2000_N5_M1_G1_CG0p25_interval3_step15_cooldown_for_k4,3,15,True,4.0,0.0093,5.0,0.016,1,,0.871578,,8
40,5,1,1.0,0.25,run40_bs2000_N5_M1_G1_CG0p25_interval3_step15_cooldown_for_k5,3,15,True,5.0,0.0093,6.0,0.0093,1,,0.871018,,7
40,5,1,1.0,0.25,run40_bs2000_N5_M1_G1_CG0p25_interval3_step15_cooldown_for_k6,3,15,True,6.0,0.0093,8.0,0.0034,1,,0.87094,,9
40,5,1,1.0,0.25,run40_bs2000_N5_M1_G1_CG0p25_interval3_step15_cooldown_for_k7,3,15,True,7.0,0.0093,9.0,0.002,1,,0.871367,,10
40,5,1,1.0,0.25,run40_bs2000_N5_M1_G1_CG0p25_interval3_step15,3,15,False,,0.026,6.0,0.0093,5,1,0.872398,0.87094,5
40,5,1,1.0,0.25,run40_bs2000_N5_M1_G1_CG0p25_interval4_step20_cooldown_for_k5,4,20,True,5.0,0.0034,7.0,0.0056,1,,0.868887,,8
40,5,1,1.0,0.25,run40_bs2000_N5_M1_G1_CG0p25_interval4_step20_cooldown_for_k6,4,20,True,6.0,0.0034,7.0,0.0056,1,,0.868796,,8
40,5,1,1.0,0.25,run40_bs2000_N5_M1_G1_CG0p25_interval4_step20_cooldown_for_k7,4,20,True,7.0,0.0034,8.0,0.0034,1,,0.868844,,7
40,5,1,1.0,0.25,run40_bs2000_N5_M1_G1_CG0p25_interval4_step20,4,20,False,,0.0093,6.0,0.0093,5,1,0.870723,0.868796,3
40,5,1,1.0,0.25,run40_bs2000_N5_M1_G1_CG0p25_interval5_step25_cooldown_for_k5,5,25,True,5.0,0.0056,6.0,0.0093,1,,0.868569,,8
40,5,1,1.0,0.25,run40_bs2000_N5_M1_G1_CG0p25_interval5_step25_cooldown_for_k6,5,25,True,6.0,0.0056,7.0,0.0056,1,,0.868224,,7
40,5,1,1.0,0.25,run40_bs2000_N5_M1_G1_CG0p25_interval5_step25_cooldown_for_k7,5,25,True,7.0,0.0056,9.0,0.002,1,,0.868041,,9
40,5,1,1.0,0.25,run40_bs2000_N5_M1_G1_CG0p25_interval5_step25_cooldown_for_k8,5,25,True,8.0,0.0056,10.0,0.0012,1,,0.868061,,10
40,5,1,1.0,0.25,run40_bs2000_N5_M1_G1_CG0p25_interval5_step25,5,25,False,,0.0093,7.0,0.0056,5,1,0.868655,0.868041,4
40,5,1,1.0,0.25,run40_bs2000_N5_M1_G1_CG0p25_interval6_step30_cooldown_for_k6,6,30,True,6.0,0.002,8.0,0.0034,1,,0.867624,,8
40,5,1,1.0,0.25,run40_bs2000_N5_M1_G1_CG0p25_interval6_step30_cooldown_for_k7,6,30,True,7.0,0.002,8.0,0.0034,1,,0.867478,,8
40,5,1,1.0,0.25,run40_bs2000_N5_M1_G1_CG0p25_interval6_step30_cooldown_for_k8,6,30,True,8.0,0.002,9.0,0.002,1,,0.867453,,7
40,5,1,1.0,0.25,run40_bs2000_N5_M1_G1_CG0p25_interval6_step30_cooldown_for_k9,6,30,True,9.0,0.002,11.0,0.00073,1,,0.867512,,9
40,5,1,1.0,0.25,run40_bs2000_N5_M1_G1_CG0p25_interval6_step30,6,30,False,,0.0056,8.0,0.0034,5,1,0.867674,0.867453,4
40,5,1,1.0,0.25,run40_bs2000_N5_M1_G1_CG0p25_interval7_step35_cooldown_for_k7,7,35,True,7.0,0.002,8.0,0.0034,1,,0.867268,,8
40,5,1,1.0,0.25,run40_bs2000_N5_M1_G1_CG0p25_interval7_step35_cooldown_for_k8,7,35,True,8.0,0.002,9.0,0.002,1,,0.867294,,7
40,5,1,1.0,0.25,run40_bs2000_N5_M1_G1_CG0p25_interval7_step35_cooldown_for_k9,7,35,True,9.0,0.002,10.0,0.0012,1,,0.867265,,8
40,5,1,1.0,0.25,run40_bs2000_N5_M1_G1_CG0p25_interval7_step35_cooldown_for_k10,7,35,True,10.0,0.002,12.0,0.00044,1,,0.86726,,10
40,5,1,1.0,0.25,run40_bs2000_N5_M1_G1_CG0p25_interval7_step35_cooldown_for_k11,7,35,True,11.0,0.002,11.0,0.00073,1,,0.867274,,9
40,5,1,1.0,0.25,run40_bs2000_N5_M1_G1_CG0p25_interval7_step35,7,35,False,,0.0034,10.0,0.0012,5,1,0.867277,0.86726,5
40,5,1,1.0,0.25,run40_bs2000_N5_M1_G1_CG0p25_interval8_step40_cooldown_for_k9,8,40,True,9.0,0.00044,11.0,0.00073,1,,0.867113,,8
40,5,1,1.0,0.25,run40_bs2000_N5_M1_G1_CG0p25_interval8_step40_cooldown_for_k10,8,40,True,10.0,0.00044,11.0,0.00073,1,,0.867133,,8
40,5,1,1.0,0.25,run40_bs2000_N5_M1_G1_CG0p25_interval8_step40_cooldown_for_k11,8,40,True,11.0,0.00044,11.0,0.00073,1,,0.867146,,8
40,5,1,1.0,0.25,run40_bs2000_N5_M1_G1_CG0p25_interval8_step40_cooldown_for_k8,8,40,True,8.0,0.00044,11.0,0.00073,1,,0.867163,,8
40,5,1,1.0,0.25,run40_bs2000_N5_M1_G1_CG0p25_interval8_step40,8,40,False,,0.0012,9.0,0.002,5,1,0.867217,0.867113,4
40,5,1,1.0,0.25,run40_bs2000_N5_M1_G1_CG0p25_interval9_step45,9,45,False,,0.002,11.0,0.00073,5,0,0.867072,0.867072,5
41,5,1,0.25,0.25,run41_bs2000_N5_M1_G0p25_CG0p25_interval0_step0_cooldown_for_k-1,0,0,True,-1.0,0.2,1.0,0.12,1,,1.620978,,8
41,5,1,0.25,0.25,run41_bs2000_N5_M1_G0p25_CG0p25_interval0_step0_cooldown_for_k0,0,0,True,0.0,0.2,2.0,0.072,1,,1.470205,,9
41,5,1,0.25,0.25,run41_bs2000_N5_M1_G0p25_CG0p25_interval0_step0_cooldown_for_k1,0,0,True,1.0,0.2,3.0,0.043,1,,1.391881,,10
41,5,1,0.25,0.25,run41_bs2000_N5_M1_G0p25_CG0p25_interval0_step0_cooldown_for_k2,0,0,True,2.0,0.2,3.0,0.043,1,,1.539804,,10
41,5,1,0.25,0.25,run41_bs2000_N5_M1_G0p25_CG0p25_interval0_step0_cooldown_for_k0.5,0,0,True,0.5,0.2,3.0,0.043,1,,1.412391,,10
41,5,1,0.25,0.25,run41_bs2000_N5_M1_G0p25_CG0p25_interval0_step0_cooldown_for_k1.5,0,0,True,1.5,0.2,3.0,0.043,1,,1.410012,,10
41,5,1,0.25,0.25,run41_bs2000_N5_M1_G0p25_CG0p25_interval0_step0_cooldown_for_k0.75,0,0,True,0.75,0.2,3.0,0.043,1,,1.40734,,10
41,5,1,0.25,0.25,run41_bs2000_N5_M1_G0p25_CG0p25_interval0_step0_cooldown_for_k1.25,0,0,True,1.25,0.2,3.0,0.043,1,,1.39453,,10
41,5,1,0.25,0.25,run41_bs2000_N5_M1_G0p25_CG0p25_interval0_step0,0,0,False,,0.2,1.0,0.12,5,1,1.621182,1.391881,8
41,5,1,0.25,0.25,run41_bs2000_N5_M1_G0p25_CG0p25_interval1_step5_cooldown_for_k0,1,5,True,0.0,0.043,2.0,0.072,1,,1.0885,,8
41,5,1,0.25,0.25,run41_bs2000_N5_M1_G0p25_CG0p25_interval1_step5_cooldown_for_k1,1,5,True,1.0,0.043,3.0,0.043,1,,0.962011,,7
41,5,1,0.25,0.25,run41_bs2000_N5_M1_G0p25_CG0p25_interval1_step5_cooldown_for_k2,1,5,True,2.0,0.043,3.0,0.043,1,,0.956393,,7
41,5,1,0.25,0.25,run41_bs2000_N5_M1_G0p25_CG0p25_interval1_step5_cooldown_for_k3,1,5,True,3.0,0.043,4.0,0.026,1,,0.970496,,8
41,5,1,0.25,0.25,run41_bs2000_N5_M1_G0p25_CG0p25_interval1_step5_cooldown_for_k1.5,1,5,True,1.5,0.043,3.0,0.043,1,,0.968278,,7
41,5,1,0.25,0.25,run41_bs2000_N5_M1_G0p25_CG0p25_interval1_step5_cooldown_for_k2.5,1,5,True,2.5,0.043,4.0,0.026,1,,0.932876,,8
41,5,1,0.25,0.25,run41_bs2000_N5_M1_G0p25_CG0p25_interval1_step5_cooldown_for_k2.25,1,5,True,2.25,0.043,4.0,0.026,1,,0.952919,,8
41,5,1,0.25,0.25,run41_bs2000_N5_M1_G0p25_CG0p25_interval1_step5_cooldown_for_k2.75,1,5,True,2.75,0.043,4.0,0.026,1,,0.956992,,8
41,5,1,0.25,0.25,run41_bs2000_N5_M1_G0p25_CG0p25_interval1_step5,1,5,False,,0.12,2.5,0.056,5,1,0.973892,0.932876,8
41,5,1,0.25,0.25,run41_bs2000_N5_M1_G0p25_CG0p25_interval2_step10_cooldown_for_k1.5,2,10,True,1.5,0.026,3.0,0.043,1,,0.915626,,8
41,5,1,0.25,0.25,run41_bs2000_N5_M1_G0p25_CG0p25_interval2_step10_cooldown_for_k2.5,2,10,True,2.5,0.026,4.0,0.026,1,,0.891273,,7
41,5,1,0.25,0.25,run41_bs2000_N5_M1_G0p25_CG0p25_interval2_step10_cooldown_for_k3.5,2,10,True,3.5,0.026,5.0,0.016,1,,0.882719,,8
41,5,1,0.25,0.25,run41_bs2000_N5_M1_G0p25_CG0p25_interval2_step10_cooldown_for_k4.5,2,10,True,4.5,0.026,6.0,0.0093,1,,0.879321,,9
41,5,1,0.25,0.25,run41_bs2000_N5_M1_G0p25_CG0p25_interval2_step10_cooldown_for_k5.5,2,10,True,5.5,0.026,8.0,0.0034,1,,0.881505,,11
41,5,1,0.25,0.25,run41_bs2000_N5_M1_G0p25_CG0p25_interval2_step10_cooldown_for_k4,2,10,True,4.0,0.026,6.0,0.0093,1,,0.880502,,9
41,5,1,0.25,0.25,run41_bs2000_N5_M1_G0p25_CG0p25_interval2_step10_cooldown_for_k5,2,10,True,5.0,0.026,6.0,0.0093,1,,0.883808,,9
41,5,1,0.25,0.25,run41_bs2000_N5_M1_G0p25_CG0p25_interval2_step10_cooldown_for_k4.25,2,10,True,4.25,0.026,6.0,0.0093,1,,0.880034,,9
41,5,1,0.25,0.25,run41_bs2000_N5_M1_G0p25_CG0p25_interval2_step10_cooldown_for_k4.75,2,10,True,4.75,0.026,6.0,0.0093,1,,0.881052,,9
41,5,1,0.25,0.25,run41_bs2000_N5_M1_G0p25_CG0p25_interval2_step10,2,10,False,,0.056,4.5,0.02,5,1,0.887824,0.879321,9
41,5,1,0.25,0.25,run41_bs2000_N5_M1_G0p25_CG0p25_interval3_step15_cooldown_for_k3.5,3,15,True,3.5,0.0093,5.0,0.016,1,,0.874439,,8
41,5,1,0.25,0.25,run41_bs2000_N5_M1_G0p25_CG0p25_interval3_step15_cooldown_for_k4.5,3,15,True,4.5,0.0093,6.0,0.0093,1,,0.871846,,7
41,5,1,0.25,0.25,run41_bs2000_N5_M1_G0p25_CG0p25_interval3_step15_cooldown_for_k5.5,3,15,True,5.5,0.0093,7.0,0.0056,1,,0.872159,,8
41,5,1,0.25,0.25,run41_bs2000_N5_M1_G0p25_CG0p25_interval3_step15_cooldown_for_k4,3,15,True,4.0,0.0093,5.0,0.016,1,,0.873939,,8
41,5,1,0.25,0.25,run41_bs2000_N5_M1_G0p25_CG0p25_interval3_step15_cooldown_for_k5,3,15,True,5.0,0.0093,6.0,0.0093,1,,0.871791,,7
41,5,1,0.25,0.25,run41_bs2000_N5_M1_G0p25_CG0p25_interval3_step15_cooldown_for_k4.75,3,15,True,4.75,0.0093,6.0,0.0093,1,,0.871903,,7
41,5,1,0.25,0.25,run41_bs2000_N5_M1_G0p25_CG0p25_interval3_step15_cooldown_for_k5.25,3,15,True,5.25,0.0093,7.0,0.0056,1,,0.872111,,8
41,5,1,0.25,0.25,run41_bs2000_N5_M1_G0p25_CG0p25_interval3_step15,3,15,False,,0.02,5.0,0.016,5,1,0.876805,0.871791,7
41,5,1,0.25,0.25,run41_bs2000_N5_M1_G0p25_CG0p25_interval4_step20_cooldown_for_k4,4,20,True,4.0,0.0093,6.0,0.0093,1,,0.871446,,7
41,5,1,0.25,0.25,run41_bs2000_N5_M1_G0p25_CG0p25_interval4_step20_cooldown_for_k5,4,20,True,5.0,0.0093,6.0,0.0093,1,,0.869963,,7
41,5,1,0.25,0.25,run41_bs2000_N5_M1_G0p25_CG0p25_interval4_step20_cooldown_for_k6,4,20,True,6.0,0.0093,7.0,0.0056,1,,0.86977,,8
41,5,1,0.25,0.25,run41_bs2000_N5_M1_G0p25_CG0p25_interval4_step20_cooldown_for_k7,4,20,True,7.0,0.0093,9.0,0.002,1,,0.869151,,10
41,5,1,0.25,0.25,run41_bs2000_N5_M1_G0p25_CG0p25_interval4_step20_cooldown_for_k8,4,20,True,8.0,0.0093,10.0,0.0012,1,,0.869171,,11
41,5,1,0.25,0.25,run41_bs2000_N5_M1_G0p25_CG0p25_interval4_step20_cooldown_for_k6.5,4,20,True,6.5,0.0093,8.0,0.0034,1,,0.868903,,9
41,5,1,0.25,0.25,run41_bs2000_N5_M1_G0p25_CG0p25_interval4_step20_cooldown_for_k7.5,4,20,True,7.5,0.0093,9.0,0.002,1,,0.869198,,10
41,5,1,0.25,0.25,run41_bs2000_N5_M1_G0p25_CG0p25_interval4_step20_cooldown_for_k6.25,4,20,True,6.25,0.0093,8.0,0.0034,1,,0.868966,,9
41,5,1,0.25,0.25,run41_bs2000_N5_M1_G0p25_CG0p25_interval4_step20_cooldown_for_k6.75,4,20,True,6.75,0.0093,9.0,0.002,1,,0.869211,,10
41,5,1,0.25,0.25,run41_bs2000_N5_M1_G0p25_CG0p25_interval4_step20,4,20,False,,0.016,6.5,0.0072,5,1,0.870032,0.868903,9
41,5,1,0.25,0.25,run41_bs2000_N5_M1_G0p25_CG0p25_interval5_step25_cooldown_for_k5.5,5,25,True,5.5,0.0034,7.0,0.0056,1,,0.868046,,8
41,5,1,0.25,0.25,run41_bs2000_N5_M1_G0p25_CG0p25_interval5_step25_cooldown_for_k6.5,5,25,True,6.5,0.0034,8.0,0.0034,1,,0.868155,,7
41,5,1,0.25,0.25,run41_bs2000_N5_M1_G0p25_CG0p25_interval5_step25_cooldown_for_k7.5,5,25,True,7.5,0.0034,9.0,0.002,1,,0.868117,,8
41,5,1,0.25,0.25,run41_bs2000_N5_M1_G0p25_CG0p25_interval5_step25_cooldown_for_k4.5,5,25,True,4.5,0.0034,7.0,0.0056,1,,0.869544,,8
41,5,1,0.25,0.25,run41_bs2000_N5_M1_G0p25_CG0p25_interval5_step25_cooldown_for_k5,5,25,True,5.0,0.0034,7.0,0.0056,1,,0.868427,,8
41,5,1,0.25,0.25,run41_bs2000_N5_M1_G0p25_CG0p25_interval5_step25_cooldown_for_k6,5,25,True,6.0,0.0034,7.0,0.0056,1,,0.868208,,8
41,5,1,0.25,0.25,run41_bs2000_N5_M1_G0p25_CG0p25_interval5_step25_cooldown_for_k5.25,5,25,True,5.25,0.0034,7.0,0.0056,1,,0.868173,,8
41,5,1,0.25,0.25,run41_bs2000_N5_M1_G0p25_CG0p25_interval5_step25_cooldown_for_k5.75,5,25,True,5.75,0.0034,7.0,0.0056,1,,0.868112,,8
41,5,1,0.25,0.25,run41_bs2000_N5_M1_G0p25_CG0p25_interval5_step25,5,25,False,,0.0072,5.5,0.012,5,1,0.871983,0.868046,8
41,5,1,0.25,0.25,run41_bs2000_N5_M1_G0p25_CG0p25_interval6_step30_cooldown_for_k4.5,6,30,True,4.5,0.0056,6.0,0.0093,1,,0.868506,,8
41,5,1,0.25,0.25,run41_bs2000_N5_M1_G0p25_CG0p25_interval6_step30_cooldown_for_k5.5,6,30,True,5.5,0.0056,7.0,0.0056,1,,0.868155,,7
41,5,1,0.25,0.25,run41_bs2000_N5_M1_G0p25_CG0p25_interval6_step30_cooldown_for_k6.5,6,30,True,6.5,0.0056,8.0,0.0034,1,,0.867871,,8
41,5,1,0.25,0.25,run41_bs2000_N5_M1_G0p25_CG0p25_interval6_step30_cooldown_for_k7.5,6,30,True,7.5,0.0056,10.0,0.0012,1,,0.867739,,10
41,5,1,0.25,0.25,run41_bs2000_N5_M1_G0p25_CG0p25_interval6_step30_cooldown_for_k8.5,6,30,True,8.5,0.0056,10.0,0.0012,1,,0.867516,,10
41,5,1,0.25,0.25,run41_bs2000_N5_M1_G0p25_CG0p25_interval6_step30_cooldown_for_k9.5,6,30,True,9.5,0.0056,10.0,0.0012,1,,0.867607,,10
41,5,1,0.25,0.25,run41_bs2000_N5_M1_G0p25_CG0p25_interval6_step30_cooldown_for_k8,6,30,True,8.0,0.0056,10.0,0.0012,1,,0.867624,,10
41,5,1,0.25,0.25,run41_bs2000_N5_M1_G0p25_CG0p25_interval6_step30_cooldown_for_k9,6,30,True,9.0,0.0056,10.0,0.0012,1,,0.867569,,10
41,5,1,0.25,0.25,run41_bs2000_N5_M1_G0p25_CG0p25_interval6_step30_cooldown_for_k8.25,6,30,True,8.25,0.0056,10.0,0.0012,1,,0.867545,,10
41,5,1,0.25,0.25,run41_bs2000_N5_M1_G0p25_CG0p25_interval6_step30_cooldown_for_k8.75,6,30,True,8.75,0.0056,10.0,0.0012,1,,0.867532,,10
41,5,1,0.25,0.25,run41_bs2000_N5_M1_G0p25_CG0p25_interval6_step30,6,30,False,,0.012,8.5,0.0026,5,1,0.867665,0.867516,10
41,5,1,0.25,0.25,run41_bs2000_N5_M1_G0p25_CG0p25_interval7_step35_cooldown_for_k7.5,7,35,True,7.5,0.0012,9.0,0.002,1,,0.867269,,8
41,5,1,0.25,0.25,run41_bs2000_N5_M1_G0p25_CG0p25_interval7_step35_cooldown_for_k8.5,7,35,True,8.5,0.0012,10.0,0.0012,1,,0.867284,,7
41,5,1,0.25,0.25,run41_bs2000_N5_M1_G0p25_CG0p25_interval7_step35_cooldown_for_k9.5,7,35,True,9.5,0.0012,11.0,0.00073,1,,0.86727,,8
41,5,1,0.25,0.25,run41_bs2000_N5_M1_G0p25_CG0p25_interval7_step35_cooldown_for_k6.5,7,35,True,6.5,0.0012,9.0,0.002,1,,0.867471,,8
41,5,1,0.25,0.25,run41_bs2000_N5_M1_G0p25_CG0p25_interval7_step35_cooldown_for_k7,7,35,True,7.0,0.0012,9.0,0.002,1,,0.867298,,8
41,5,1,0.25,0.25,run41_bs2000_N5_M1_G0p25_CG0p25_interval7_step35_cooldown_for_k8,7,35,True,8.0,0.0012,9.0,0.002,1,,0.867276,,8
41,5,1,0.25,0.25,run41_bs2000_N5_M1_G0p25_CG0p25_interval7_step35_cooldown_for_k7.25,7,35,True,7.25,0.0012,9.0,0.002,1,,0.867278,,8
41,5,1,0.25,0.25,run41_bs2000_N5_M1_G0p25_CG0p25_interval7_step35_cooldown_for_k7.75,7,35,True,7.75,0.0012,9.0,0.002,1,,0.867264,,8
41,5,1,0.25,0.25,run41_bs2000_N5_M1_G0p25_CG0p25_interval7_step35,7,35,False,,0.0026,7.75,0.0038,5,1,0.867687,0.867264,8
41,5,1,0.25,0.25,run41_bs2000_N5_M1_G0p25_CG0p25_interval8_step40_cooldown_for_k6.75,8,40,True,6.75,0.002,8.0,0.0034,1,,0.867231,,8
41,5,1,0.25,0.25,run41_bs2000_N5_M1_G0p25_CG0p25_interval8_step40_cooldown_for_k7.75,8,40,True,7.75,0.002,9.0,0.002,1,,0.867213,,7
41,5,1,0.25,0.25,run41_bs2000_N5_M1_G0p25_CG0p25_interval8_step40_cooldown_for_k8.75,8,40,True,8.75,0.002,10.0,0.0012,1,,0.867198,,8
41,5,1,0.25,0.25,run41_bs2000_N5_M1_G0p25_CG0p25_interval8_step40_cooldown_for_k9.75,8,40,True,9.75,0.002,12.0,0.00044,1,,0.867179,,10
41,5,1,0.25,0.25,run41_bs2000_N5_M1_G0p25_CG0p25_interval8_step40_cooldown_for_k10.75,8,40,True,10.75,0.002,12.0,0.00044,1,,0.867165,,10
41,5,1,0.25,0.25,run41_bs2000_N5_M1_G0p25_CG0p25_interval8_step40_cooldown_for_k11.75,8,40,True,11.75,0.002,11.0,0.00073,1,,0.867199,,9
41,5,1,0.25,0.25,run41_bs2000_N5_M1_G0p25_CG0p25_interval8_step40_cooldown_for_k10.25,8,40,True,10.25,0.002,12.0,0.00044,1,,0.867179,,10
41,5,1,0.25,0.25,run41_bs2000_N5_M1_G0p25_CG0p25_interval8_step40_cooldown_for_k11.25,8,40,True,11.25,0.002,11.0,0.00073,1,,0.867174,,9
41,5,1,0.25,0.25,run41_bs2000_N5_M1_G0p25_CG0p25_interval8_step40_cooldown_for_k10.5,8,40,True,10.5,0.002,12.0,0.00044,1,,0.867158,,10
41,5,1,0.25,0.25,run41_bs2000_N5_M1_G0p25_CG0p25_interval8_step40_cooldown_for_k11,8,40,True,11.0,0.002,12.0,0.00044,1,,0.867171,,10
41,5,1,0.25,0.25,run41_bs2000_N5_M1_G0p25_CG0p25_interval8_step40,8,40,False,,0.0038,10.5,0.00094,5,1,0.867171,0.867158,10
41,5,1,0.25,0.25,run41_bs2000_N5_M1_G0p25_CG0p25_interval9_step45,9,45,False,,0.00094,11.0,0.00073,5,0,0.867095,0.867095,8
42,5,2,1.0,1.0,run42_bs2000_N5_M2_G1_CG1_interval0_step0_cooldown_for_k-1,0,0,True,-1.0,0.2,2.0,0.072,2,,1.436786,,5
42,5,2,1.0,1.0,run42_bs2000_N5_M2_G1_CG1_interval0_step0_cooldown_for_k0,0,0,True,0.0,0.2,2.0,0.072,2,,1.251518,,5
42,5,2,1.0,1.0,run42_bs2000_N5_M2_G1_CG1_interval0_step0_cooldown_for_k1,0,0,True,1.0,0.2,3.0,0.043,2,,1.1631,,6
42,5,2,1.0,1.0,run42_bs2000_N5_M2_G1_CG1_interval0_step0_cooldown_for_k2,0,0,True,2.0,0.2,3.0,0.043,2,,1.201294,,6
42,5,2,1.0,1.0,run42_bs2000_N5_M2_G1_CG1_interval0_step0,0,0,False,,0.2,1.0,0.12,5,2,1.621182,1.1631,4
42,5,2,1.0,1.0,run42_bs2000_N5_M2_G1_CG1_interval1_step5_cooldown_for_k0,1,5,True,0.0,0.043,2.0,0.072,2,,0.973054,,4
42,5,2,1.0,1.0,run42_bs2000_N5_M2_G1_CG1_interval1_step5_cooldown_for_k1,1,5,True,1.0,0.043,4.0,0.026,2,,0.9206,,4
42,5,2,1.0,1.0,run42_bs2000_N5_M2_G1_CG1_interval1_step5_cooldown_for_k2,1,5,True,2.0,0.043,5.0,0.016,2,,0.912604,,5
42,5,2,1.0,1.0,run42_bs2000_N5_M2_G1_CG1_interval1_step5_cooldown_for_k3,1,5,True,3.0,0.043,5.0,0.016,2,,0.90646,,5
42,5,2,1.0,1.0,run42_bs2000_N5_M2_G1_CG1_interval1_step5_cooldown_for_k4,1,5,True,4.0,0.043,5.0,0.016,2,,0.915059,,5
42,5,2,1.0,1.0,run42_bs2000_N5_M2_G1_CG1_interval1_step5,1,5,False,,0.12,3.0,0.043,5,2,0.957273,0.90646,5
42,5,2,1.0,1.0,run42_bs2000_N5_M2_G1_CG1_interval2_step10_cooldown_for_k2,2,10,True,2.0,0.016,5.0,0.016,2,,0.888504,,3
42,5,2,1.0,1.0,run42_bs2000_N5_M2_G1_CG1_interval2_step10_cooldown_for_k3,2,10,True,3.0,0.016,6.0,0.0093,2,,0.878657,,4
42,5,2,1.0,1.0,run42_bs2000_N5_M2_G1_CG1_interval2_step10_cooldown_for_k4,2,10,True,4.0,0.016,7.0,0.0056,2,,0.878044,,5
42,5,2,1.0,1.0,run42_bs2000_N5_M2_G1_CG1_interval2_step10_cooldown_for_k5,2,10,True,5.0,0.016,6.0,0.0093,2,,0.876998,,4
42,5,2,1.0,1.0,run42_bs2000_N5_M2_G1_CG1_interval2_step10_cooldown_for_k6,2,10,True,6.0,0.016,7.0,0.0056,2,,0.878541,,5
42,5,2,1.0,1.0,run42_bs2000_N5_M2_G1_CG1_interval2_step10,2,10,False,,0.043,5.0,0.016,5,2,0.887736,0.876998,5
42,5,2,1.0,1.0,run42_bs2000_N5_M2_G1_CG1_interval3_step15_cooldown_for_k4,3,15,True,4.0,0.0093,7.0,0.0056,2,,0.873081,,4
42,5,2,1.0,1.0,run42_bs2000_N5_M2_G1_CG1_interval3_step15_cooldown_for_k5,3,15,True,5.0,0.0093,8.0,0.0034,2,,0.87188,,5
42,5,2,1.0,1.0,run42_bs2000_N5_M2_G1_CG1_interval3_step15_cooldown_for_k6,3,15,True,6.0,0.0093,7.0,0.0056,2,,0.87106,,4
42,5,2,1.0,1.0,run42_bs2000_N5_M2_G1_CG1_interval3_step15_cooldown_for_k7,3,15,True,7.0,0.0093,6.0,0.0093,2,,0.872216,,3
42,5,2,1.0,1.0,run42_bs2000_N5_M2_G1_CG1_interval3_step15,3,15,False,,0.016,6.0,0.0093,5,2,0.875358,0.87106,4
42,5,2,1.0,1.0,run42_bs2000_N5_M2_G1_CG1_interval4_step20_cooldown_for_k5,4,20,True,5.0,0.0056,8.0,0.0034,2,,0.869716,,4
42,5,2,1.0,1.0,run42_bs2000_N5_M2_G1_CG1_interval4_step20_cooldown_for_k6,4,20,True,6.0,0.0056,7.0,0.0056,2,,0.869889,,3
42,5,2,1.0,1.0,run42_bs2000_N5_M2_G1_CG1_interval4_step20_cooldown_for_k7,4,20,True,7.0,0.0056,8.0,0.0034,2,,0.869233,,4
42,5,2,1.0,1.0,run42_bs2000_N5_M2_G1_CG1_interval4_step20_cooldown_for_k8,4,20,True,8.0,0.0056,7.0,0.0056,2,,0.869662,,3
42,5,2,1.0,1.0,run42_bs2000_N5_M2_G1_CG1_interval4_step20,4,20,False,,0.0093,7.0,0.0056,5,2,0.870564,0.869233,4
42,5,2,1.0,1.0,run42_bs2000_N5_M2_G1_CG1_interval5_step25_cooldown_for_k6,5,25,True,6.0,0.0034,9.0,0.002,2,,0.868559,,4
42,5,2,1.0,1.0,run42_bs2000_N5_M2_G1_CG1_interval5_step25_cooldown_for_k7,5,25,True,7.0,0.0034,8.0,0.0034,2,,0.868385,,3
42,5,2,1.0,1.0,run42_bs2000_N5_M2_G1_CG1_interval5_step25_cooldown_for_k8,5,25,True,8.0,0.0034,9.0,0.002,2,,0.868186,,4
42,5,2,1.0,1.0,run42_bs2000_N5_M2_G1_CG1_interval5_step25_cooldown_for_k9,5,25,True,9.0,0.0034,10.0,0.0012,2,,0.868402,,5
42,5,2,1.0,1.0,run42_bs2000_N5_M2_G1_CG1_interval5_step25,5,25,False,,0.0056,8.0,0.0034,5,2,0.86888,0.868186,4
42,5,2,1.0,1.0,run42_bs2000_N5_M2_G1_CG1_interval6_step30_cooldown_for_k7,6,30,True,7.0,0.002,10.0,0.0012,2,,0.867943,,4
42,5,2,1.0,1.0,run42_bs2000_N5_M2_G1_CG1_interval6_step30_cooldown_for_k8,6,30,True,8.0,0.002,9.0,0.002,2,,0.867765,,3
42,5,2,1.0,1.0,run42_bs2000_N5_M2_G1_CG1_interval6_step30_cooldown_for_k9,6,30,True,9.0,0.002,10.0,0.0012,2,,0.867752,,4
42,5,2,1.0,1.0,run42_bs2000_N5_M2_G1_CG1_interval6_step30_cooldown_for_k10,6,30,True,10.0,0.002,9.0,0.002,2,,0.867871,,3
42,5,2,1.0,1.0,run42_bs2000_N5_M2_G1_CG1_interval6_step30,6,30,False,,0.0034,9.0,0.002,5,2,0.867999,0.867752,4
42,5,2,1.0,1.0,run42_bs2000_N5_M2_G1_CG1_interval7_step35_cooldown_for_k8,7,35,True,8.0,0.0012,9.0,0.002,2,,0.867516,,4
42,5,2,1.0,1.0,run42_bs2000_N5_M2_G1_CG1_interval7_step35_cooldown_for_k9,7,35,True,9.0,0.0012,10.0,0.0012,2,,0.867489,,3
42,5,2,1.0,1.0,run42_bs2000_N5_M2_G1_CG1_interval7_step35_cooldown_for_k10,7,35,True,10.0,0.0012,11.0,0.00073,2,,0.867507,,4
42,5,2,1.0,1.0,run42_bs2000_N5_M2_G1_CG1_interval7_step35,7,35,False,,0.002,9.0,0.002,5,2,0.867725,0.867489,3
42,5,2,1.0,1.0,run42_bs2000_N5_M2_G1_CG1_interval8_step40_cooldown_for_k8,8,40,True,8.0,0.0012,11.0,0.00073,2,,0.867394,,4
42,5,2,1.0,1.0,run42_bs2000_N5_M2_G1_CG1_interval8_step40_cooldown_for_k9,8,40,True,9.0,0.0012,10.0,0.0012,2,,0.867331,,3
42,5,2,1.0,1.0,run42_bs2000_N5_M2_G1_CG1_interval8_step40_cooldown_for_k10,8,40,True,10.0,0.0012,11.0,0.00073,2,,0.86732,,4
42,5,2,1.0,1.0,run42_bs2000_N5_M2_G1_CG1_interval8_step40_cooldown_for_k11,8,40,True,11.0,0.0012,10.0,0.0012,2,,0.867344,,3
42,5,2,1.0,1.0,run42_bs2000_N5_M2_G1_CG1_interval8_step40,8,40,False,,0.002,10.0,0.0012,5,2,0.867417,0.86732,4
42,5,2,1.0,1.0,run42_bs2000_N5_M2_G1_CG1_interval9_step45,9,45,False,,0.0012,11.0,0.00073,5,0,0.867266,0.867266,4
43,5,2,1.0,0.25,run43_bs2000_N5_M2_G1_CG0p25_interval0_step0_cooldown_for_k-1,0,0,True,-1.0,0.2,1.75,0.082,2,,1.419923,,9
43,5,2,1.0,0.25,run43_bs2000_N5_M2_G1_CG0p25_interval0_step0_cooldown_for_k0,0,0,True,0.0,0.2,1.75,0.082,2,,1.230057,,9
43,5,2,1.0,0.25,run43_bs2000_N5_M2_G1_CG0p25_interval0_step0_cooldown_for_k1,0,0,True,1.0,0.2,2.75,0.049,2,,1.156305,,10
43,5,2,1.0,0.25,run43_bs2000_N5_M2_G1_CG0p25_interval0_step0_cooldown_for_k2,0,0,True,2.0,0.2,3.5,0.033,2,,1.184513,,10
43,5,2,1.0,0.25,run43_bs2000_N5_M2_G1_CG0p25_interval0_step0,0,0,False,,0.2,1.0,0.12,5,2,1.621182,1.156305,4
43,5,2,1.0,0.25,run43_bs2000_N5_M2_G1_CG0p25_interval1_step5_cooldown_for_k0,1,5,True,0.0,0.049,2.75,0.049,2,,0.974229,,7
43,5,2,1.0,0.25,run43_bs2000_N5_M2_G1_CG0p25_interval1_step5_cooldown_for_k1,1,5,True,1.0,0.049,3.75,0.029,2,,0.918322,,8
43,5,2,1.0,0.25,run43_bs2000_N5_M2_G1_CG0p25_interval1_step5_cooldown_for_k2,1,5,True,2.0,0.049,4.75,0.018,2,,0.913622,,9
43,5,2,1.0,0.25,run43_bs2000_N5_M2_G1_CG0p25_interval1_step5_cooldown_for_k3,1,5,True,3.0,0.049,5.75,0.011,2,,0.905616,,10
43,5,2,1.0,0.25,run43_bs2000_N5_M2_G1_CG0p25_interval1_step5_cooldown_for_k4,1,5,True,4.0,0.049,4.75,0.018,2,,0.914799,,9
43,5,2,1.0,0.25,run43_bs2000_N5_M2_G1_CG0p25_interval1_step5,1,5,False,,0.12,3.0,0.043,5,2,0.955201,0.905616,5
43,5,2,1.0,0.25,run43_bs2000_N5_M2_G1_CG0p25_interval2_step10_cooldown_for_k2,2,10,True,2.0,0.011,4.75,0.018,2,,0.888273,,8
43,5,2,1.0,0.25,run43_bs2000_N5_M2_G1_CG0p25_interval2_step10_cooldown_for_k3,2,10,True,3.0,0.011,5.75,0.011,2,,0.877809,,7
43,5,2,1.0,0.25,run43_bs2000_N5_M2_G1_CG0p25_interval2_step10_cooldown_for_k4,2,10,True,4.0,0.011,6.75,0.0064,2,,0.878145,,8
43,5,2,1.0,0.25,run43_bs2000_N5_M2_G1_CG0p25_interval2_step10,2,10,False,,0.043,3.0,0.043,5,2,0.912621,0.877809,3
43,5,2,1.0,0.25,run43_bs2000_N5_M2_G1_CG0p25_interval3_step15_cooldown_for_k2,3,15,True,2.0,0.011,4.75,0.018,2,,0.87905,,8
43,5,2,1.0,0.25,run43_bs2000_N5_M2_G1_CG0p25_interval3_step15_cooldown_for_k3,3,15,True,3.0,0.011,5.75,0.011,2,,0.87272,,7
43,5,2,1.0,0.25,run43_bs2000_N5_M2_G1_CG0p25_interval3_step15_cooldown_for_k4,3,15,True,4.0,0.011,6.75,0.0064,2,,0.87116,,8
43,5,2,1.0,0.25,run43_bs2000_N5_M2_G1_CG0p25_interval3_step15_cooldown_for_k5,3,15,True,5.0,0.011,7.75,0.0038,2,,0.870757,,9
43,5,2,1.0,0.25,run43_bs2000_N5_M2_G1_CG0p25_interval3_step15_cooldown_for_k6,3,15,True,6.0,0.011,6.75,0.0064,2,,0.870587,,8
43,5,2,1.0,0.25,run43_bs2000_N5_M2_G1_CG0p25_interval3_step15_cooldown_for_k7,3,15,True,7.0,0.011,7.0,0.0056,2,,0.871461,,9
43,5,2,1.0,0.25,run43_bs2000_N5_M2_G1_CG0p25_interval3_step15,3,15,False,,0.043,6.0,0.0093,5,2,0.873586,0.870587,6
43,5,2,1.0,0.25,run43_bs2000_N5_M2_G1_CG0p25_interval4_step20_cooldown_for_k5,4,20,True,5.0,0.0064,7.75,0.0038,2,,0.869195,,8
43,5,2,1.0,0.25,run43_bs2000_N5_M2_G1_CG0p25_interval4_step20_cooldown_for_k6,4,20,True,6.0,0.0064,8.75,0.0023,2,,0.868893,,9
43,5,2,1.0,0.25,run43_bs2000_N5_M2_G1_CG0p25_interval4_step20_cooldown_for_k7,4,20,True,7.0,0.0064,8.0,0.0034,2,,0.868548,,8
43,5,2,1.0,0.25,run43_bs2000_N5_M2_G1_CG0p25_interval4_step20_cooldown_for_k8,4,20,True,8.0,0.0064,8.75,0.0023,2,,0.868867,,9
43,5,2,1.0,0.25,run43_bs2000_N5_M2_G1_CG0p25_interval4_step20,4,20,False,,0.0093,7.0,0.0056,5,2,0.869627,0.868548,4
43,5,2,1.0,0.25,run43_bs2000_N5_M2_G1_CG0p25_interval5_step25_cooldown_for_k6,5,25,True,6.0,0.0034,9.0,0.002,2,,0.868054,,8
43,5,2,1.0,0.25,run43_bs2000_N5_M2_G1_CG0p25_interval5_step25_cooldown_for_k7,5,25,True,7.0,0.0034,8.0,0.0034,2,,0.867924,,7
43,5,2,1.0,0.25,run43_bs2000_N5_M2_G1_CG0p25_interval5_step25_cooldown_for_k8,5,25,True,8.0,0.0034,9.0,0.002,2,,0.867827,,8
43,5,2,1.0,0.25,run43_bs2000_N5_M2_G1_CG0p25_interval5_step25_cooldown_for_k9,5,25,True,9.0,0.0034,9.75,0.0014,2,,0.868005,,9
43,5,2,1.0,0.25,run43_bs2000_N5_M2_G1_CG0p25_interval5_step25,5,25,False,,0.0056,8.0,0.0034,5,2,0.868277,0.867827,4
43,5,2,1.0,0.25,run43_bs2000_N5_M2_G1_CG0p25_interval6_step30_cooldown_for_k7,6,30,True,7.0,0.002,10.0,0.0012,2,,0.867598,,8
43,5,2,1.0,0.25,run43_bs2000_N5_M2_G1_CG0p25_interval6_step30_cooldown_for_k8,6,30,True,8.0,0.002,9.0,0.002,2,,0.867478,,7
43,5,2,1.0,0.25,run43_bs2000_N5_M2_G1_CG0p25_interval6_step30_cooldown_for_k9,6,30,True,9.0,0.002,10.0,0.0012,2,,0.867485,,8
43,5,2,1.0,0.25,run43_bs2000_N5_M2_G1_CG0p25_interval6_step30,6,30,False,,0.0034,8.0,0.0034,5,2,0.867892,0.867478,3
43,5,2,1.0,0.25,run43_bs2000_N5_M2_G1_CG0p25_interval7_step35_cooldown_for_k7,7,35,True,7.0,0.002,10.0,0.0012,2,,0.8674,,8
43,5,2,1.0,0.25,run43_bs2000_N5_M2_G1_CG0p25_interval7_step35_cooldown_for_k8,7,35,True,8.0,0.002,9.0,0.002,2,,0.867303,,7
43,5,2,1.0,0.25,run43_bs2000_N5_M2_G1_CG0p25_interval7_step35_cooldown_for_k9,7,35,True,9.0,0.002,10.0,0.0012,2,,0.867271,,8
43,5,2,1.0,0.25,run43_bs2000_N5_M2_G1_CG0p25_interval7_step35_cooldown_for_k10,7,35,True,10.0,0.002,11.0,0.00073,2,,0.867326,,9
43,5,2,1.0,0.25,run43_bs2000_N5_M2_G1_CG0p25_interval7_step35,7,35,False,,0.0034,9.0,0.002,5,2,0.867424,0.867271,4
43,5,2,1.0,0.25,run43_bs2000_N5_M2_G1_CG0p25_interval8_step40_cooldown_for_k8,8,40,True,8.0,0.0012,11.0,0.00073,2,,0.867198,,8
43,5,2,1.0,0.25,run43_bs2000_N5_M2_G1_CG0p25_interval8_step40_cooldown_for_k9,8,40,True,9.0,0.0012,10.0,0.0012,2,,0.867162,,7
43,5,2,1.0,0.25,run43_bs2000_N5_M2_G1_CG0p25_interval8_step40_cooldown_for_k10,8,40,True,10.0,0.0012,11.0,0.00073,2,,0.867157,,8
43,5,2,1.0,0.25,run43_bs2000_N5_M2_G1_CG0p25_interval8_step40_cooldown_for_k11,8,40,True,11.0,0.0012,10.0,0.0012,2,,0.867159,,7
43,5,2,1.0,0.25,run43_bs2000_N5_M2_G1_CG0p25_interval8_step40,8,40,False,,0.002,10.0,0.0012,5,2,0.867224,0.867157,4
43,5,2,1.0,0.25,run43_bs2000_N5_M2_G1_CG0p25_interval9_step45,9,45,False,,0.0012,11.0,0.00073,5,0,0.867122,0.867122,4
44,5,2,0.25,0.25,run44_bs2000_N5_M2_G0p25_CG0p25_interval0_step0_cooldown_for_k-1,0,0,True,-1.0,0.2,1.75,0.082,2,,1.419923,,9
44,5,2,0.25,0.25,run44_bs2000_N5_M2_G0p25_CG0p25_interval0_step0_cooldown_for_k0,0,0,True,0.0,0.2,1.75,0.082,2,,1.230057,,9
44,5,2,0.25,0.25,run44_bs2000_N5_M2_G0p25_CG0p25_interval0_step0_cooldown_for_k1,0,0,True,1.0,0.2,2.75,0.049,2,,1.156305,,10
44,5,2,0.25,0.25,run44_bs2000_N5_M2_G0p25_CG0p25_interval0_step0_cooldown_for_k2,0,0,True,2.0,0.2,3.5,0.033,2,,1.184513,,10
44,5,2,0.25,0.25,run44_bs2000_N5_M2_G0p25_CG0p25_interval0_step0_cooldown_for_k0.5,0,0,True,0.5,0.2,2.5,0.056,2,,1.157769,,9
44,5,2,0.25,0.25,run44_bs2000_N5_M2_G0p25_CG0p25_interval0_step0_cooldown_for_k1.5,0,0,True,1.5,0.2,3.25,0.038,2,,1.155764,,10
44,5,2,0.25,0.25,run44_bs2000_N5_M2_G0p25_CG0p25_interval0_step0_cooldown_for_k1.25,0,0,True,1.25,0.2,2.75,0.049,2,,1.147283,,10
44,5,2,0.25,0.25,run44_bs2000_N5_M2_G0p25_CG0p25_interval0_step0_cooldown_for_k1.75,0,0,True,1.75,0.2,3.5,0.033,2,,1.169824,,10
44,5,2,0.25,0.25,run44_bs2000_N5_M2_G0p25_CG0p25_interval0_step0,0,0,False,,0.2,1.25,0.11,5,2,1.606741,1.147283,8
44,5,2,0.25,0.25,run44_bs2000_N5_M2_G0p25_CG0p25_interval1_step5_cooldown_for_k0.25,1,5,True,0.25,0.049,2.75,0.049,2,,0.957437,,7
44,5,2,0.25,0.25,run44_bs2000_N5_M2_G0p25_CG0p25_interval1_step5_cooldown_for_k1.25,1,5,True,1.25,0.049,3.75,0.029,2,,0.913222,,8
44,5,2,0.25,0.25,run44_bs2000_N5_M2_G0p25_CG0p25_interval1_step5_cooldown_for_k2.25,1,5,True,2.25,0.049,4.75,0.018,2,,0.913585,,9
44,5,2,0.25,0.25,run44_bs2000_N5_M2_G0p25_CG0p25_interval1_step5_cooldown_for_k0.75,1,5,True,0.75,0.049,3.75,0.029,2,,0.931536,,8
44,5,2,0.25,0.25,run44_bs2000_N5_M2_G0p25_CG0p25_interval1_step5_cooldown_for_k1.75,1,5,True,1.75,0.049,4.75,0.018,2,,0.912889,,9
44,5,2,0.25,0.25,run44_bs2000_N5_M2_G0p25_CG0p25_interval1_step5_cooldown_for_k1.5,1,5,True,1.5,0.049,4.75,0.018,2,,0.908459,,9
44,5,2,0.25,0.25,run44_bs2000_N5_M2_G0p25_CG0p25_interval1_step5_cooldown_for_k2,1,5,True,2.0,0.049,4.75,0.018,2,,0.913775,,9
44,5,2,0.25,0.25,run44_bs2000_N5_M2_G0p25_CG0p25_interval1_step5,1,5,False,,0.11,1.5,0.093,5,2,1.007252,0.908459,7
44,5,2,0.25,0.25,run44_bs2000_N5_M2_G0p25_CG0p25_interval2_step10_cooldown_for_k0.5,2,10,True,0.5,0.018,3.75,0.029,2,,0.896645,,8
44,5,2,0.25,0.25,run44_bs2000_N5_M2_G0p25_CG0p25_interval2_step10_cooldown_for_k1.5,2,10,True,1.5,0.018,3.75,0.029,2,,0.881304,,8
44,5,2,0.25,0.25,run44_bs2000_N5_M2_G0p25_CG0p25_interval2_step10_cooldown_for_k2.5,2,10,True,2.5,0.018,4.75,0.018,2,,0.877262,,7
44,5,2,0.25,0.25,run44_bs2000_N5_M2_G0p25_CG0p25_interval2_step10_cooldown_for_k3.5,2,10,True,3.5,0.018,6.75,0.0064,2,,0.87574,,9
44,5,2,0.25,0.25,run44_bs2000_N5_M2_G0p25_CG0p25_interval2_step10_cooldown_for_k4.5,2,10,True,4.5,0.018,6.75,0.0064,2,,0.876079,,9
44,5,2,0.25,0.25,run44_bs2000_N5_M2_G0p25_CG0p25_interval2_step10_cooldown_for_k3,2,10,True,3.0,0.018,5.75,0.011,2,,0.876006,,8
44,5,2,0.25,0.25,run44_bs2000_N5_M2_G0p25_CG0p25_interval2_step10_cooldown_for_k4,2,10,True,4.0,0.018,6.75,0.0064,2,,0.875677,,9
44,5,2,0.25,0.25,run44_bs2000_N5_M2_G0p25_CG0p25_interval2_step10_cooldown_for_k3.75,2,10,True,3.75,0.018,4.75,0.018,2,,0.876975,,7
44,5,2,0.25,0.25,run44_bs2000_N5_M2_G0p25_CG0p25_interval2_step10_cooldown_for_k4.25,2,10,True,4.25,0.018,6.75,0.0064,2,,0.875868,,9
44,5,2,0.25,0.25,run44_bs2000_N5_M2_G0p25_CG0p25_interval2_step10,2,10,False,,0.093,4.0,0.026,5,2,0.888911,0.875677,9
44,5,2,0.25,0.25,run44_bs2000_N5_M2_G0p25_CG0p25_interval3_step15_cooldown_for_k3,3,15,True,3.0,0.0064,5.75,0.011,2,,0.872952,,8
44,5,2,0.25,0.25,run44_bs2000_N5_M2_G0p25_CG0p25_interval3_step15_cooldown_for_k4,3,15,True,4.0,0.0064,6.75,0.0064,2,,0.870568,,7
44,5,2,0.25,0.25,run44_bs2000_N5_M2_G0p25_CG0p25_interval3_step15_cooldown_for_k5,3,15,True,5.0,0.0064,7.75,0.0038,2,,0.870066,,8
44,5,2,0.25,0.25,run44_bs2000_N5_M2_G0p25_CG0p25_interval3_step15_cooldown_for_k6,3,15,True,6.0,0.0064,7.75,0.0038,2,,0.869962,,8
44,5,2,0.25,0.25,run44_bs2000_N5_M2_G0p25_CG0p25_interval3_step15_cooldown_for_k7,3,15,True,7.0,0.0064,8.25,0.003,2,,0.870023,,8
44,5,2,0.25,0.25,run44_bs2000_N5_M2_G0p25_CG0p25_interval3_step15_cooldown_for_k5.5,3,15,True,5.5,0.0064,6.75,0.0064,2,,0.86975,,7
44,5,2,0.25,0.25,run44_bs2000_N5_M2_G0p25_CG0p25_interval3_step15_cooldown_for_k6.5,3,15,True,6.5,0.0064,7.75,0.0038,2,,0.869701,,8
44,5,2,0.25,0.25,run44_bs2000_N5_M2_G0p25_CG0p25_interval3_step15_cooldown_for_k6.25,3,15,True,6.25,0.0064,7.5,0.0043,2,,0.869708,,8
44,5,2,0.25,0.25,run44_bs2000_N5_M2_G0p25_CG0p25_interval3_step15_cooldown_for_k6.75,3,15,True,6.75,0.0064,7.75,0.0038,2,,0.869708,,8
44,5,2,0.25,0.25,run44_bs2000_N5_M2_G0p25_CG0p25_interval3_step15,3,15,False,,0.026,6.5,0.0072,5,2,0.871498,0.869701,9
44,5,2,0.25,0.25,run44_bs2000_N5_M2_G0p25_CG0p25_interval4_step20_cooldown_for_k5.5,4,20,True,5.5,0.0038,8.75,0.0023,2,,0.868584,,8
44,5,2,0.25,0.25,run44_bs2000_N5_M2_G0p25_CG0p25_interval4_step20_cooldown_for_k6.5,4,20,True,6.5,0.0038,7.75,0.0038,2,,0.868491,,7
44,5,2,0.25,0.25,run44_bs2000_N5_M2_G0p25_CG0p25_interval4_step20_cooldown_for_k7.5,4,20,True,7.5,0.0038,8.5,0.0026,2,,0.868379,,8
44,5,2,0.25,0.25,run44_bs2000_N5_M2_G0p25_CG0p25_interval4_step20_cooldown_for_k8.5,4,20,True,8.5,0.0038,7.75,0.0038,2,,0.86869,,7
44,5,2,0.25,0.25,run44_bs2000_N5_M2_G0p25_CG0p25_interval4_step20_cooldown_for_k7,4,20,True,7.0,0.0038,8.0,0.0034,2,,0.868409,,7
44,5,2,0.25,0.25,run44_bs2000_N5_M2_G0p25_CG0p25_interval4_step20_cooldown_for_k8,4,20,True,8.0,0.0038,8.75,0.0023,2,,0.86853,,8
44,5,2,0.25,0.25,run44_bs2000_N5_M2_G0p25_CG0p25_interval4_step20_cooldown_for_k7.25,4,20,True,7.25,0.0038,8.0,0.0034,2,,0.8684,,8
44,5,2,0.25,0.25,run44_bs2000_N5_M2_G0p25_CG0p25_interval4_step20_cooldown_for_k7.75,4,20,True,7.75,0.0038,8.75,0.0023,2,,0.868437,,8
44,5,2,0.25,0.25,run44_bs2000_N5_M2_G0p25_CG0p25_interval4_step20,4,20,False,,0.0072,7.5,0.0043,5,2,0.869136,0.868379,8
44,5,2,0.25,0.25,run44_bs2000_N5_M2_G0p25_CG0p25_interval5_step25_cooldown_for_k6.5,5,25,True,6.5,0.0026,9.5,0.0016,2,,0.867911,,8
44,5,2,0.25,0.25,run44_bs2000_N5_M2_G0p25_CG0p25_interval5_step25_cooldown_for_k7.5,5,25,True,7.5,0.0026,8.5,0.0026,2,,0.867779,,7
44,5,2,0.25,0.25,run44_bs2000_N5_M2_G0p25_CG0p25_interval5_step25_cooldown_for_k8.5,5,25,True,8.5,0.0026,9.5,0.0016,2,,0.867777,,8
44,5,2,0.25,0.25,run44_bs2000_N5_M2_G0p25_CG0p25_interval5_step25_cooldown_for_k9.5,5,25,True,9.5,0.0026,8.5,0.0026,2,,0.867842,,7
44,5,2,0.25,0.25,run44_bs2000_N5_M2_G0p25_CG0p25_interval5_step25_cooldown_for_k8,5,25,True,8.0,0.0026,8.75,0.0023,2,,0.867773,,8
44,5,2,0.25,0.25,run44_bs2000_N5_M2_G0p25_CG0p25_interval5_step25_cooldown_for_k9,5,25,True,9.0,0.0026,9.75,0.0014,2,,0.867869,,8
44,5,2,0.25,0.25,run44_bs2000_N5_M2_G0p25_CG0p25_interval5_step25_cooldown_for_k7.75,5,25,True,7.75,0.0026,8.75,0.0023,2,,0.867772,,7
44,5,2,0.25,0.25,run44_bs2000_N5_M2_G0p25_CG0p25_interval5_step25_cooldown_for_k8.25,5,25,True,8.25,0.0026,9.0,0.002,2,,0.867768,,8
44,5,2,0.25,0.25,run44_bs2000_N5_M2_G0p25_CG0p25_interval5_step25,5,25,False,,0.0043,8.25,0.003,5,2,0.868157,0.867768,8
44,5,2,0.25,0.25,run44_bs2000_N5_M2_G0p25_CG0p25_interval6_step30_cooldown_for_k7.25,6,30,True,7.25,0.002,10.0,0.0012,2,,0.867512,,8
44,5,2,0.25,0.25,run44_bs2000_N5_M2_G0p25_CG0p25_interval6_step30_cooldown_for_k8.25,6,30,True,8.25,0.002,9.25,0.0018,2,,0.867453,,7
44,5,2,0.25,0.25,run44_bs2000_N5_M2_G0p25_CG0p25_interval6_step30_cooldown_for_k9.25,6,30,True,9.25,0.002,10.25,0.0011,2,,0.867452,,8
44,5,2,0.25,0.25,run44_bs2000_N5_M2_G0p25_CG0p25_interval6_step30_cooldown_for_k10.25,6,30,True,10.25,0.002,9.5,0.0016,2,,0.867517,,7
44,5,2,0.25,0.25,run44_bs2000_N5_M2_G0p25_CG0p25_interval6_step30_cooldown_for_k8.75,6,30,True,8.75,0.002,9.5,0.0016,2,,0.867445,,8
44,5,2,0.25,0.25,run44_bs2000_N5_M2_G0p25_CG0p25_interval6_step30_cooldown_for_k9.75,6,30,True,9.75,0.002,10.5,0.00094,2,,0.867504,,8
44,5,2,0.25,0.25,run44_bs2000_N5_M2_G0p25_CG0p25_interval6_step30_cooldown_for_k8.5,6,30,True,8.5,0.002,9.25,0.0018,2,,0.867449,,8
44,5,2,0.25,0.25,run44_bs2000_N5_M2_G0p25_CG0p25_interval6_step30_cooldown_for_k9,6,30,True,9.0,0.002,10.0,0.0012,2,,0.867437,,8
44,5,2,0.25,0.25,run44_bs2000_N5_M2_G0p25_CG0p25_interval6_step30,6,30,False,,0.003,9.0,0.002,5,2,0.867633,0.867437,8
44,5,2,0.25,0.25,run44_bs2000_N5_M2_G0p25_CG0p25_interval7_step35_cooldown_for_k8,7,35,True,8.0,0.0012,9.0,0.002,2,,0.867281,,8
44,5,2,0.25,0.25,run44_bs2000_N5_M2_G0p25_CG0p25_interval7_step35_cooldown_for_k9,7,35,True,9.0,0.0012,10.0,0.0012,2,,0.867265,,7
44,5,2,0.25,0.25,run44_bs2000_N5_M2_G0p25_CG0p25_interval7_step35_cooldown_for_k10,7,35,True,10.0,0.0012,11.0,0.00073,2,,0.867274,,8
44,5,2,0.25,0.25,run44_bs2000_N5_M2_G0p25_CG0p25_interval7_step35_cooldown_for_k8.5,7,35,True,8.5,0.0012,11.0,0.00073,2,,0.867306,,8
44,5,2,0.25,0.25,run44_bs2000_N5_M2_G0p25_CG0p25_interval7_step35_cooldown_for_k9.5,7,35,True,9.5,0.0012,10.25,0.0011,2,,0.867271,,8
44,5,2,0.25,0.25,run44_bs2000_N5_M2_G0p25_CG0p25_interval7_step35_cooldown_for_k8.75,7,35,True,8.75,0.0012,9.75,0.0014,2,,0.867261,,7
44,5,2,0.25,0.25,run44_bs2000_N5_M2_G0p25_CG0p25_interval7_step35_cooldown_for_k9.25,7,35,True,9.25,0.0012,10.25,0.0011,2,,0.867266,,7
44,5,2,0.25,0.25,run44_bs2000_N5_M2_G0p25_CG0p25_interval7_step35,7,35,False,,0.002,8.75,0.0023,5,2,0.867451,0.867261,7
44,5,2,0.25,0.25,run44_bs2000_N5_M2_G0p25_CG0p25_interval8_step40_cooldown_for_k7.75,8,40,True,7.75,0.0014,10.75,0.00082,2,,0.867201,,8
44,5,2,0.25,0.25,run44_bs2000_N5_M2_G0p25_CG0p25_interval8_step40_cooldown_for_k8.75,8,40,True,8.75,0.0014,9.75,0.0014,2,,0.867146,,7
44,5,2,0.25,0.25,run44_bs2000_N5_M2_G0p25_CG0p25_interval8_step40_cooldown_for_k9.75,8,40,True,9.75,0.0014,10.75,0.00082,2,,0.867136,,8
44,5,2,0.25,0.25,run44_bs2000_N5_M2_G0p25_CG0p25_interval8_step40_cooldown_for_k10.75,8,40,True,10.75,0.0014,9.75,0.0014,2,,0.867173,,7
44,5,2,0.25,0.25,run44_bs2000_N5_M2_G0p25_CG0p25_interval8_step40_cooldown_for_k9.25,8,40,True,9.25,0.0014,11.75,0.00049,2,,0.867172,,9
44,5,2,0.25,0.25,run44_bs2000_N5_M2_G0p25_CG0p25_interval8_step40_cooldown_for_k10.25,8,40,True,10.25,0.0014,11.0,0.00073,2,,0.867151,,8
44,5,2,0.25,0.25,run44_bs2000_N5_M2_G0p25_CG0p25_interval8_step40_cooldown_for_k9.5,8,40,True,9.5,0.0014,10.25,0.0011,2,,0.867144,,8
44,5,2,0.25,0.25,run44_bs2000_N5_M2_G0p25_CG0p25_interval8_step40_cooldown_for_k10,8,40,True,10.0,0.0014,11.0,0.00073,2,,0.867146,,8
44,5,2,0.25,0.25,run44_bs2000_N5_M2_G0p25_CG0p25_interval8_step40,8,40,False,,0.0023,9.75,0.0014,5,2,0.867225,0.867136,8
44,5,2,0.25,0.25,run44_bs2000_N5_M2_G0p25_CG0p25_interval9_step45,9,45,False,,0.0014,11.0,0.00073,5,0,0.867107,0.867107,8
