cifar_search_simple run=0 batch_size=125 train_epochs=8 n_steps=640 m_steps=640 search_hparams=muon_lr,muon_momentum,bias_lr,head_lr cooldown_search_hparams=muon_lr,bias_lr,head_lr muon_nesterov=False initial_muon_lr=1 initial_muon_momentum=0.6 initial_muon_momentum_index=6 initial_bias_lr=6.5 initial_head_lr=83.75
main hparams: muon_lr=1 muon_momentum=0.6 bias_lr=8.1 head_lr=100 main=0.3205, best_cooldown=0.3241
muon_lr=1 muon_momentum=0.6 bias_lr=8.1 head_lr=100 -> tta_val_acc=0.3241
muon_lr=0.6 muon_momentum=0.6 bias_lr=8.1 head_lr=100 -> tta_val_acc=0.3129
muon_lr=1.7 muon_momentum=0.6 bias_lr=8.1 head_lr=100 -> tta_val_acc=0.2613
muon_lr=1 muon_momentum=0.6 bias_lr=4.9 head_lr=100 -> tta_val_acc=0.2741
muon_lr=1 muon_momentum=0.6 bias_lr=13 head_lr=100 -> tta_val_acc=0.1713
muon_lr=1 muon_momentum=0.6 bias_lr=8.1 head_lr=63 -> tta_val_acc=0.306
muon_lr=1 muon_momentum=0.6 bias_lr=8.1 head_lr=170 -> tta_val_acc=0.2554
search_path step=0 muon_lr=1 muon_momentum=0.6 bias_lr=8.1 head_lr=100 tta_val_acc=0.3241
main hparams: muon_lr=0.6 muon_momentum=0.6 bias_lr=8.1 head_lr=100 main=0.4137, best_cooldown=0.8612
muon_lr=1 muon_momentum=0.6 bias_lr=8.1 head_lr=100 -> tta_val_acc=0.3026
muon_lr=0.6 muon_momentum=0.6 bias_lr=8.1 head_lr=100 -> tta_val_acc=0.376
muon_lr=0.36 muon_momentum=0.6 bias_lr=8.1 head_lr=100 -> tta_val_acc=0.3972
muon_lr=0.22 muon_momentum=0.6 bias_lr=8.1 head_lr=100 -> tta_val_acc=0.5607
muon_lr=0.13 muon_momentum=0.6 bias_lr=8.1 head_lr=100 -> tta_val_acc=0.6954
muon_lr=0.078 muon_momentum=0.6 bias_lr=8.1 head_lr=100 -> tta_val_acc=0.7702
muon_lr=0.047 muon_momentum=0.6 bias_lr=8.1 head_lr=100 -> tta_val_acc=0.8346
muon_lr=0.028 muon_momentum=0.6 bias_lr=8.1 head_lr=100 -> tta_val_acc=0.8522
muon_lr=0.017 muon_momentum=0.6 bias_lr=8.1 head_lr=100 -> tta_val_acc=0.8612
muon_lr=0.01 muon_momentum=0.6 bias_lr=8.1 head_lr=100 -> tta_val_acc=0.8472
search_path step=0 muon_lr=1 muon_momentum=0.6 bias_lr=8.1 head_lr=100 tta_val_acc=0.3026
search_path step=1 muon_lr=0.017 muon_momentum=0.6 bias_lr=8.1 head_lr=100 tta_val_acc=0.8612
main hparams: muon_lr=0.36 muon_momentum=0.6 bias_lr=8.1 head_lr=100 main=0.4848, best_cooldown=0.868
muon_lr=1 muon_momentum=0.6 bias_lr=8.1 head_lr=100 -> tta_val_acc=0.2744
muon_lr=0.6 muon_momentum=0.6 bias_lr=8.1 head_lr=100 -> tta_val_acc=0.3615
muon_lr=0.36 muon_momentum=0.6 bias_lr=8.1 head_lr=100 -> tta_val_acc=0.4891
muon_lr=0.22 muon_momentum=0.6 bias_lr=8.1 head_lr=100 -> tta_val_acc=0.5769
muon_lr=0.13 muon_momentum=0.6 bias_lr=8.1 head_lr=100 -> tta_val_acc=0.7009
muon_lr=0.078 muon_momentum=0.6 bias_lr=8.1 head_lr=100 -> tta_val_acc=0.7806
muon_lr=0.047 muon_momentum=0.6 bias_lr=8.1 head_lr=100 -> tta_val_acc=0.8375
muon_lr=0.028 muon_momentum=0.6 bias_lr=8.1 head_lr=100 -> tta_val_acc=0.8619
muon_lr=0.017 muon_momentum=0.6 bias_lr=8.1 head_lr=100 -> tta_val_acc=0.868
muon_lr=0.01 muon_momentum=0.6 bias_lr=8.1 head_lr=100 -> tta_val_acc=0.8502
search_path step=0 muon_lr=1 muon_momentum=0.6 bias_lr=8.1 head_lr=100 tta_val_acc=0.2744
search_path step=1 muon_lr=0.017 muon_momentum=0.6 bias_lr=8.1 head_lr=100 tta_val_acc=0.868
main hparams: muon_lr=0.22 muon_momentum=0.6 bias_lr=8.1 head_lr=100 main=0.5772, best_cooldown=0.8738
muon_lr=1 muon_momentum=0.6 bias_lr=8.1 head_lr=100 -> tta_val_acc=0.2965
muon_lr=0.6 muon_momentum=0.6 bias_lr=8.1 head_lr=100 -> tta_val_acc=0.4051
muon_lr=0.36 muon_momentum=0.6 bias_lr=8.1 head_lr=100 -> tta_val_acc=0.4257
muon_lr=0.22 muon_momentum=0.6 bias_lr=8.1 head_lr=100 -> tta_val_acc=0.5596
muon_lr=0.13 muon_momentum=0.6 bias_lr=8.1 head_lr=100 -> tta_val_acc=0.6977
muon_lr=0.078 muon_momentum=0.6 bias_lr=8.1 head_lr=100 -> tta_val_acc=0.7746
muon_lr=0.047 muon_momentum=0.6 bias_lr=8.1 head_lr=100 -> tta_val_acc=0.8394
muon_lr=0.028 muon_momentum=0.6 bias_lr=8.1 head_lr=100 -> tta_val_acc=0.8658
muon_lr=0.017 muon_momentum=0.6 bias_lr=8.1 head_lr=100 -> tta_val_acc=0.8738
muon_lr=0.01 muon_momentum=0.6 bias_lr=8.1 head_lr=100 -> tta_val_acc=0.8664
search_path step=0 muon_lr=1 muon_momentum=0.6 bias_lr=8.1 head_lr=100 tta_val_acc=0.2965
search_path step=1 muon_lr=0.017 muon_momentum=0.6 bias_lr=8.1 head_lr=100 tta_val_acc=0.8738
main hparams: muon_lr=0.13 muon_momentum=0.6 bias_lr=8.1 head_lr=100 main=0.6885, best_cooldown=0.8823
muon_lr=1 muon_momentum=0.6 bias_lr=8.1 head_lr=100 -> tta_val_acc=0.3209
muon_lr=0.6 muon_momentum=0.6 bias_lr=8.1 head_lr=100 -> tta_val_acc=0.3662
muon_lr=0.36 muon_momentum=0.6 bias_lr=8.1 head_lr=100 -> tta_val_acc=0.4369
muon_lr=0.22 muon_momentum=0.6 bias_lr=8.1 head_lr=100 -> tta_val_acc=0.564
muon_lr=0.13 muon_momentum=0.6 bias_lr=8.1 head_lr=100 -> tta_val_acc=0.6948
muon_lr=0.078 muon_momentum=0.6 bias_lr=8.1 head_lr=100 -> tta_val_acc=0.7763
muon_lr=0.047 muon_momentum=0.6 bias_lr=8.1 head_lr=100 -> tta_val_acc=0.8415
muon_lr=0.028 muon_momentum=0.6 bias_lr=8.1 head_lr=100 -> tta_val_acc=0.8714
muon_lr=0.017 muon_momentum=0.6 bias_lr=8.1 head_lr=100 -> tta_val_acc=0.8817
muon_lr=0.01 muon_momentum=0.6 bias_lr=8.1 head_lr=100 -> tta_val_acc=0.8823
muon_lr=0.006 muon_momentum=0.6 bias_lr=8.1 head_lr=100 -> tta_val_acc=0.8717
search_path step=0 muon_lr=1 muon_momentum=0.6 bias_lr=8.1 head_lr=100 tta_val_acc=0.3209
search_path step=1 muon_lr=0.01 muon_momentum=0.6 bias_lr=8.1 head_lr=100 tta_val_acc=0.8823
main hparams: muon_lr=0.078 muon_momentum=0.6 bias_lr=8.1 head_lr=100 main=0.7738, best_cooldown=0.8969
muon_lr=1 muon_momentum=0.6 bias_lr=8.1 head_lr=100 -> tta_val_acc=0.3175
muon_lr=0.6 muon_momentum=0.6 bias_lr=8.1 head_lr=100 -> tta_val_acc=0.4228
muon_lr=0.36 muon_momentum=0.6 bias_lr=8.1 head_lr=100 -> tta_val_acc=0.43
muon_lr=0.22 muon_momentum=0.6 bias_lr=8.1 head_lr=100 -> tta_val_acc=0.5771
muon_lr=0.13 muon_momentum=0.6 bias_lr=8.1 head_lr=100 -> tta_val_acc=0.6816
muon_lr=0.078 muon_momentum=0.6 bias_lr=8.1 head_lr=100 -> tta_val_acc=0.7814
muon_lr=0.047 muon_momentum=0.6 bias_lr=8.1 head_lr=100 -> tta_val_acc=0.8379
muon_lr=0.028 muon_momentum=0.6 bias_lr=8.1 head_lr=100 -> tta_val_acc=0.8795
muon_lr=0.017 muon_momentum=0.6 bias_lr=8.1 head_lr=100 -> tta_val_acc=0.8969
muon_lr=0.01 muon_momentum=0.6 bias_lr=8.1 head_lr=100 -> tta_val_acc=0.8964
search_path step=0 muon_lr=1 muon_momentum=0.6 bias_lr=8.1 head_lr=100 tta_val_acc=0.3175
search_path step=1 muon_lr=0.017 muon_momentum=0.6 bias_lr=8.1 head_lr=100 tta_val_acc=0.8969
main hparams: muon_lr=0.047 muon_momentum=0.6 bias_lr=8.1 head_lr=100 main=0.8297, best_cooldown=0.9053
muon_lr=1 muon_momentum=0.6 bias_lr=8.1 head_lr=100 -> tta_val_acc=0.2285
muon_lr=0.6 muon_momentum=0.6 bias_lr=8.1 head_lr=100 -> tta_val_acc=0.277
muon_lr=0.36 muon_momentum=0.6 bias_lr=8.1 head_lr=100 -> tta_val_acc=0.378
muon_lr=0.22 muon_momentum=0.6 bias_lr=8.1 head_lr=100 -> tta_val_acc=0.5696
muon_lr=0.13 muon_momentum=0.6 bias_lr=8.1 head_lr=100 -> tta_val_acc=0.7047
muon_lr=0.078 muon_momentum=0.6 bias_lr=8.1 head_lr=100 -> tta_val_acc=0.7808
muon_lr=0.047 muon_momentum=0.6 bias_lr=8.1 head_lr=100 -> tta_val_acc=0.8387
muon_lr=0.028 muon_momentum=0.6 bias_lr=8.1 head_lr=100 -> tta_val_acc=0.8802
muon_lr=0.017 muon_momentum=0.6 bias_lr=8.1 head_lr=100 -> tta_val_acc=0.896
muon_lr=0.01 muon_momentum=0.6 bias_lr=8.1 head_lr=100 -> tta_val_acc=0.9052
muon_lr=0.006 muon_momentum=0.6 bias_lr=8.1 head_lr=100 -> tta_val_acc=0.9053
muon_lr=0.0036 muon_momentum=0.6 bias_lr=8.1 head_lr=100 -> tta_val_acc=0.9007
search_path step=0 muon_lr=1 muon_momentum=0.6 bias_lr=8.1 head_lr=100 tta_val_acc=0.2285
search_path step=1 muon_lr=0.006 muon_momentum=0.6 bias_lr=8.1 head_lr=100 tta_val_acc=0.9053
main hparams: muon_lr=0.028 muon_momentum=0.6 bias_lr=8.1 head_lr=100 main=0.857, best_cooldown=0.9107
muon_lr=1 muon_momentum=0.6 bias_lr=8.1 head_lr=100 -> tta_val_acc=0.3349
muon_lr=0.6 muon_momentum=0.6 bias_lr=8.1 head_lr=100 -> tta_val_acc=0.3362
muon_lr=0.36 muon_momentum=0.6 bias_lr=8.1 head_lr=100 -> tta_val_acc=0.4251
muon_lr=0.22 muon_momentum=0.6 bias_lr=8.1 head_lr=100 -> tta_val_acc=0.5515
muon_lr=0.13 muon_momentum=0.6 bias_lr=8.1 head_lr=100 -> tta_val_acc=0.6986
muon_lr=0.078 muon_momentum=0.6 bias_lr=8.1 head_lr=100 -> tta_val_acc=0.7781
muon_lr=0.047 muon_momentum=0.6 bias_lr=8.1 head_lr=100 -> tta_val_acc=0.8434
muon_lr=0.028 muon_momentum=0.6 bias_lr=8.1 head_lr=100 -> tta_val_acc=0.8795
muon_lr=0.017 muon_momentum=0.6 bias_lr=8.1 head_lr=100 -> tta_val_acc=0.8967
muon_lr=0.01 muon_momentum=0.6 bias_lr=8.1 head_lr=100 -> tta_val_acc=0.9085
muon_lr=0.006 muon_momentum=0.6 bias_lr=8.1 head_lr=100 -> tta_val_acc=0.9107
muon_lr=0.0036 muon_momentum=0.6 bias_lr=8.1 head_lr=100 -> tta_val_acc=0.9076
search_path step=0 muon_lr=1 muon_momentum=0.6 bias_lr=8.1 head_lr=100 tta_val_acc=0.3349
search_path step=1 muon_lr=0.006 muon_momentum=0.6 bias_lr=8.1 head_lr=100 tta_val_acc=0.9107
main hparams: muon_lr=0.017 muon_momentum=0.6 bias_lr=8.1 head_lr=100 main=0.865, best_cooldown=0.315
muon_lr=1 muon_momentum=0.6 bias_lr=8.1 head_lr=100 -> tta_val_acc=0.315
muon_lr=0.6 muon_momentum=0.6 bias_lr=8.1 head_lr=100 -> tta_val_acc=0.2404
muon_lr=1.7 muon_momentum=0.6 bias_lr=8.1 head_lr=100 -> tta_val_acc=0.2967
search_path step=0 muon_lr=1 muon_momentum=0.6 bias_lr=8.1 head_lr=100 tta_val_acc=0.315
main hparams: muon_lr=0.028 muon_momentum=0.6 bias_lr=8.1 head_lr=100 main=0.857, best_cooldown=0.9173
muon_lr=1 muon_momentum=0.6 bias_lr=8.1 head_lr=100 -> tta_val_acc=0.3349
muon_lr=0.6 muon_momentum=0.6 bias_lr=8.1 head_lr=100 -> tta_val_acc=0.3362
muon_lr=0.36 muon_momentum=0.6 bias_lr=8.1 head_lr=100 -> tta_val_acc=0.4251
muon_lr=0.22 muon_momentum=0.6 bias_lr=8.1 head_lr=100 -> tta_val_acc=0.5515
muon_lr=0.13 muon_momentum=0.6 bias_lr=8.1 head_lr=100 -> tta_val_acc=0.6986
muon_lr=0.078 muon_momentum=0.6 bias_lr=8.1 head_lr=100 -> tta_val_acc=0.7781
muon_lr=0.047 muon_momentum=0.6 bias_lr=8.1 head_lr=100 -> tta_val_acc=0.8434
muon_lr=0.028 muon_momentum=0.6 bias_lr=8.1 head_lr=100 -> tta_val_acc=0.8795
muon_lr=0.017 muon_momentum=0.6 bias_lr=8.1 head_lr=100 -> tta_val_acc=0.8967
muon_lr=0.01 muon_momentum=0.6 bias_lr=8.1 head_lr=100 -> tta_val_acc=0.9085
muon_lr=0.006 muon_momentum=0.6 bias_lr=8.1 head_lr=100 -> tta_val_acc=0.9107
muon_lr=0.0036 muon_momentum=0.6 bias_lr=8.1 head_lr=100 -> tta_val_acc=0.9076
muon_lr=0.006 muon_momentum=0.6 bias_lr=4.9 head_lr=100 -> tta_val_acc=0.9128
muon_lr=0.006 muon_momentum=0.6 bias_lr=2.9 head_lr=100 -> tta_val_acc=0.9132
muon_lr=0.006 muon_momentum=0.6 bias_lr=1.7 head_lr=100 -> tta_val_acc=0.9141
muon_lr=0.006 muon_momentum=0.6 bias_lr=1 head_lr=100 -> tta_val_acc=0.9147
muon_lr=0.006 muon_momentum=0.6 bias_lr=0.63 head_lr=100 -> tta_val_acc=0.9163
muon_lr=0.006 muon_momentum=0.6 bias_lr=0.38 head_lr=100 -> tta_val_acc=0.9167
muon_lr=0.006 muon_momentum=0.6 bias_lr=0.23 head_lr=100 -> tta_val_acc=0.9171
muon_lr=0.006 muon_momentum=0.6 bias_lr=0.14 head_lr=100 -> tta_val_acc=0.9164
muon_lr=0.0036 muon_momentum=0.6 bias_lr=0.23 head_lr=100 -> tta_val_acc=0.9136
muon_lr=0.01 muon_momentum=0.6 bias_lr=0.23 head_lr=100 -> tta_val_acc=0.9147
muon_lr=0.006 muon_momentum=0.6 bias_lr=0.23 head_lr=63 -> tta_val_acc=0.9173
muon_lr=0.006 muon_momentum=0.6 bias_lr=0.23 head_lr=38 -> tta_val_acc=0.9165
muon_lr=0.0036 muon_momentum=0.6 bias_lr=0.23 head_lr=63 -> tta_val_acc=0.9127
muon_lr=0.01 muon_momentum=0.6 bias_lr=0.23 head_lr=63 -> tta_val_acc=0.9135
muon_lr=0.006 muon_momentum=0.6 bias_lr=0.14 head_lr=63 -> tta_val_acc=0.9162
muon_lr=0.006 muon_momentum=0.6 bias_lr=0.38 head_lr=63 -> tta_val_acc=0.9156
muon_lr=0.006 muon_momentum=0.6 bias_lr=0.23 head_lr=170 -> tta_val_acc=0.9155
search_path step=0 muon_lr=0.006 muon_momentum=0.6 bias_lr=8.1 head_lr=100 tta_val_acc=0.9107
search_path step=1 muon_lr=0.006 muon_momentum=0.6 bias_lr=0.23 head_lr=100 tta_val_acc=0.9171
search_path step=2 muon_lr=0.006 muon_momentum=0.6 bias_lr=0.23 head_lr=63 tta_val_acc=0.9173
main hparams: muon_lr=0.028 muon_momentum=0.5 bias_lr=8.1 head_lr=100 main=0.8658, best_cooldown=0.9158
muon_lr=0.006 muon_momentum=0.5 bias_lr=0.23 head_lr=63 -> tta_val_acc=0.9158
muon_lr=0.0036 muon_momentum=0.5 bias_lr=0.23 head_lr=63 -> tta_val_acc=0.9128
muon_lr=0.01 muon_momentum=0.5 bias_lr=0.23 head_lr=63 -> tta_val_acc=0.9135
search_path step=0 muon_lr=0.006 muon_momentum=0.5 bias_lr=0.23 head_lr=63 tta_val_acc=0.9158
main hparams: muon_lr=0.028 muon_momentum=0.7 bias_lr=8.1 head_lr=100 main=0.8492, best_cooldown=0.9195
muon_lr=0.006 muon_momentum=0.7 bias_lr=0.23 head_lr=63 -> tta_val_acc=0.9195
muon_lr=0.0036 muon_momentum=0.7 bias_lr=0.23 head_lr=63 -> tta_val_acc=0.9143
muon_lr=0.01 muon_momentum=0.7 bias_lr=0.23 head_lr=63 -> tta_val_acc=0.9165
search_path step=0 muon_lr=0.006 muon_momentum=0.7 bias_lr=0.23 head_lr=63 tta_val_acc=0.9195
main hparams: muon_lr=0.028 muon_momentum=0.8 bias_lr=8.1 head_lr=100 main=0.8435, best_cooldown=0.9171
muon_lr=0.006 muon_momentum=0.8 bias_lr=0.23 head_lr=63 -> tta_val_acc=0.9171
muon_lr=0.0036 muon_momentum=0.8 bias_lr=0.23 head_lr=63 -> tta_val_acc=0.9146
muon_lr=0.01 muon_momentum=0.8 bias_lr=0.23 head_lr=63 -> tta_val_acc=0.9101
search_path step=0 muon_lr=0.006 muon_momentum=0.8 bias_lr=0.23 head_lr=63 tta_val_acc=0.9171
main hparams: muon_lr=0.028 muon_momentum=0.7 bias_lr=8.1 head_lr=100 main=0.8492, best_cooldown=0.9202
muon_lr=0.006 muon_momentum=0.7 bias_lr=0.23 head_lr=63 -> tta_val_acc=0.9195
muon_lr=0.0036 muon_momentum=0.7 bias_lr=0.23 head_lr=63 -> tta_val_acc=0.9143
muon_lr=0.01 muon_momentum=0.7 bias_lr=0.23 head_lr=63 -> tta_val_acc=0.9165
muon_lr=0.006 muon_momentum=0.7 bias_lr=0.14 head_lr=63 -> tta_val_acc=0.9191
muon_lr=0.006 muon_momentum=0.7 bias_lr=0.081 head_lr=63 -> tta_val_acc=0.9181
muon_lr=0.006 muon_momentum=0.7 bias_lr=0.38 head_lr=63 -> tta_val_acc=0.9183
muon_lr=0.006 muon_momentum=0.7 bias_lr=0.23 head_lr=38 -> tta_val_acc=0.9198
muon_lr=0.006 muon_momentum=0.7 bias_lr=0.23 head_lr=23 -> tta_val_acc=0.9193
muon_lr=0.0036 muon_momentum=0.7 bias_lr=0.23 head_lr=38 -> tta_val_acc=0.9144
muon_lr=0.01 muon_momentum=0.7 bias_lr=0.23 head_lr=38 -> tta_val_acc=0.9151
muon_lr=0.006 muon_momentum=0.7 bias_lr=0.14 head_lr=38 -> tta_val_acc=0.9202
muon_lr=0.006 muon_momentum=0.7 bias_lr=0.081 head_lr=38 -> tta_val_acc=0.919
muon_lr=0.0036 muon_momentum=0.7 bias_lr=0.14 head_lr=38 -> tta_val_acc=0.914
muon_lr=0.01 muon_momentum=0.7 bias_lr=0.14 head_lr=38 -> tta_val_acc=0.9157
muon_lr=0.006 muon_momentum=0.7 bias_lr=0.38 head_lr=38 -> tta_val_acc=0.9194
muon_lr=0.006 muon_momentum=0.7 bias_lr=0.14 head_lr=23 -> tta_val_acc=0.9198
muon_lr=0.006 muon_momentum=0.7 bias_lr=0.14 head_lr=14 -> tta_val_acc=0.92
muon_lr=0.006 muon_momentum=0.7 bias_lr=0.14 head_lr=8.1 -> tta_val_acc=0.9189
search_path step=0 muon_lr=0.006 muon_momentum=0.7 bias_lr=0.23 head_lr=63 tta_val_acc=0.9195
search_path step=1 muon_lr=0.006 muon_momentum=0.7 bias_lr=0.23 head_lr=38 tta_val_acc=0.9198
search_path step=2 muon_lr=0.006 muon_momentum=0.7 bias_lr=0.14 head_lr=38 tta_val_acc=0.9202
main hparams: muon_lr=0.017 muon_momentum=0.7 bias_lr=8.1 head_lr=100 main=0.8639, best_cooldown=0.9101
muon_lr=0.006 muon_momentum=0.7 bias_lr=0.14 head_lr=38 -> tta_val_acc=0.9101
muon_lr=0.0036 muon_momentum=0.7 bias_lr=0.14 head_lr=38 -> tta_val_acc=0.908
muon_lr=0.01 muon_momentum=0.7 bias_lr=0.14 head_lr=38 -> tta_val_acc=0.9071
search_path step=0 muon_lr=0.006 muon_momentum=0.7 bias_lr=0.14 head_lr=38 tta_val_acc=0.9101
main hparams: muon_lr=0.047 muon_momentum=0.7 bias_lr=8.1 head_lr=100 main=0.8142, best_cooldown=0.9099
muon_lr=0.006 muon_momentum=0.7 bias_lr=0.14 head_lr=38 -> tta_val_acc=0.9094
muon_lr=0.0036 muon_momentum=0.7 bias_lr=0.14 head_lr=38 -> tta_val_acc=0.9035
muon_lr=0.01 muon_momentum=0.7 bias_lr=0.14 head_lr=38 -> tta_val_acc=0.9099
muon_lr=0.017 muon_momentum=0.7 bias_lr=0.14 head_lr=38 -> tta_val_acc=0.9002
search_path step=0 muon_lr=0.006 muon_momentum=0.7 bias_lr=0.14 head_lr=38 tta_val_acc=0.9094
search_path step=1 muon_lr=0.01 muon_momentum=0.7 bias_lr=0.14 head_lr=38 tta_val_acc=0.9099
main hparams: muon_lr=0.028 muon_momentum=0.7 bias_lr=4.9 head_lr=100 main=0.8551, best_cooldown=0.9156
muon_lr=0.006 muon_momentum=0.7 bias_lr=0.14 head_lr=38 -> tta_val_acc=0.9154
muon_lr=0.006 muon_momentum=0.7 bias_lr=0.081 head_lr=38 -> tta_val_acc=0.9152
muon_lr=0.006 muon_momentum=0.7 bias_lr=0.049 head_lr=38 -> tta_val_acc=0.9156
muon_lr=0.006 muon_momentum=0.7 bias_lr=0.029 head_lr=38 -> tta_val_acc=0.915
muon_lr=0.006 muon_momentum=0.7 bias_lr=0.23 head_lr=38 -> tta_val_acc=0.9147
search_path step=0 muon_lr=0.006 muon_momentum=0.7 bias_lr=0.14 head_lr=38 tta_val_acc=0.9154
search_path step=1 muon_lr=0.006 muon_momentum=0.7 bias_lr=0.049 head_lr=38 tta_val_acc=0.9156
main hparams: muon_lr=0.028 muon_momentum=0.7 bias_lr=13 head_lr=100 main=0.8528, best_cooldown=0.9192
muon_lr=0.006 muon_momentum=0.7 bias_lr=0.14 head_lr=38 -> tta_val_acc=0.9181
muon_lr=0.006 muon_momentum=0.7 bias_lr=0.081 head_lr=38 -> tta_val_acc=0.9191
muon_lr=0.006 muon_momentum=0.7 bias_lr=0.049 head_lr=38 -> tta_val_acc=0.9192
muon_lr=0.006 muon_momentum=0.7 bias_lr=0.029 head_lr=38 -> tta_val_acc=0.9185
search_path step=0 muon_lr=0.006 muon_momentum=0.7 bias_lr=0.14 head_lr=38 tta_val_acc=0.9181
search_path step=1 muon_lr=0.006 muon_momentum=0.7 bias_lr=0.049 head_lr=38 tta_val_acc=0.9192
main hparams: muon_lr=0.028 muon_momentum=0.7 bias_lr=8.1 head_lr=63 main=0.859, best_cooldown=0.9179
muon_lr=0.006 muon_momentum=0.7 bias_lr=0.14 head_lr=38 -> tta_val_acc=0.9162
muon_lr=0.006 muon_momentum=0.7 bias_lr=0.14 head_lr=23 -> tta_val_acc=0.9166
muon_lr=0.006 muon_momentum=0.7 bias_lr=0.14 head_lr=14 -> tta_val_acc=0.9158
muon_lr=0.006 muon_momentum=0.7 bias_lr=0.14 head_lr=63 -> tta_val_acc=0.9176
muon_lr=0.006 muon_momentum=0.7 bias_lr=0.14 head_lr=100 -> tta_val_acc=0.9179
muon_lr=0.006 muon_momentum=0.7 bias_lr=0.14 head_lr=170 -> tta_val_acc=0.9175
muon_lr=0.006 muon_momentum=0.7 bias_lr=0.14 head_lr=290 -> tta_val_acc=0.9176
muon_lr=0.006 muon_momentum=0.7 bias_lr=0.14 head_lr=480 -> tta_val_acc=0.9167
search_path step=0 muon_lr=0.006 muon_momentum=0.7 bias_lr=0.14 head_lr=38 tta_val_acc=0.9162
search_path step=1 muon_lr=0.006 muon_momentum=0.7 bias_lr=0.14 head_lr=23 tta_val_acc=0.9166
search_path step=2 muon_lr=0.006 muon_momentum=0.7 bias_lr=0.14 head_lr=100 tta_val_acc=0.9179
main hparams: muon_lr=0.028 muon_momentum=0.7 bias_lr=8.1 head_lr=170 main=0.8562, best_cooldown=0.9162
muon_lr=0.006 muon_momentum=0.7 bias_lr=0.14 head_lr=38 -> tta_val_acc=0.9151
muon_lr=0.006 muon_momentum=0.7 bias_lr=0.14 head_lr=23 -> tta_val_acc=0.9159
muon_lr=0.006 muon_momentum=0.7 bias_lr=0.14 head_lr=14 -> tta_val_acc=0.9162
muon_lr=0.006 muon_momentum=0.7 bias_lr=0.14 head_lr=8.1 -> tta_val_acc=0.9159
muon_lr=0.006 muon_momentum=0.7 bias_lr=0.14 head_lr=4.9 -> tta_val_acc=0.9157
search_path step=0 muon_lr=0.006 muon_momentum=0.7 bias_lr=0.14 head_lr=38 tta_val_acc=0.9151
search_path step=1 muon_lr=0.006 muon_momentum=0.7 bias_lr=0.14 head_lr=14 tta_val_acc=0.9162
search_path step=0 muon_lr=1 muon_momentum=0.6 bias_lr=8.1 head_lr=100 tta_val_acc=0.3241
search_path step=1 muon_lr=0.028 muon_momentum=0.6 bias_lr=8.1 head_lr=100 tta_val_acc=0.9173
search_path step=2 muon_lr=0.028 muon_momentum=0.7 bias_lr=8.1 head_lr=100 tta_val_acc=0.9202
train_hparams run=0 interval=0 start_step=0 completed_steps=640 total_steps=3200 muon_lr=0.028 muon_momentum=0.7 bias_lr=8.1 head_lr=100 muon_nesterov=False
train_loss run=0 interval=0 step=1 loss=2.30481
train_loss run=0 interval=0 step=2 loss=2.30607
train_loss run=0 interval=0 step=3 loss=2.28737
train_loss run=0 interval=0 step=4 loss=2.27655
train_loss run=0 interval=0 step=5 loss=2.22806
train_loss run=0 interval=0 step=6 loss=2.22631
train_loss run=0 interval=0 step=7 loss=2.19912
train_loss run=0 interval=0 step=8 loss=2.15951
train_loss run=0 interval=0 step=9 loss=2.14766
train_loss run=0 interval=0 step=10 loss=2.12654
train_loss run=0 interval=0 step=11 loss=2.13402
train_loss run=0 interval=0 step=12 loss=2.08404
train_loss run=0 interval=0 step=13 loss=2.06376
train_loss run=0 interval=0 step=14 loss=2.10142
train_loss run=0 interval=0 step=15 loss=2.0714
train_loss run=0 interval=0 step=16 loss=2.01419
train_loss run=0 interval=0 step=17 loss=2.02219
train_loss run=0 interval=0 step=18 loss=1.94233
train_loss run=0 interval=0 step=19 loss=1.99176
train_loss run=0 interval=0 step=20 loss=1.95706
train_loss run=0 interval=0 step=21 loss=1.96235
train_loss run=0 interval=0 step=22 loss=1.92719
train_loss run=0 interval=0 step=23 loss=1.9073
train_loss run=0 interval=0 step=24 loss=1.85976
train_loss run=0 interval=0 step=25 loss=1.91738
train_loss run=0 interval=0 step=26 loss=1.79277
train_loss run=0 interval=0 step=27 loss=1.86738
train_loss run=0 interval=0 step=28 loss=1.7694
train_loss run=0 interval=0 step=29 loss=1.83347
train_loss run=0 interval=0 step=30 loss=1.81016
train_loss run=0 interval=0 step=31 loss=1.81449
train_loss run=0 interval=0 step=32 loss=1.78527
train_loss run=0 interval=0 step=33 loss=1.75046
train_loss run=0 interval=0 step=34 loss=1.75361
train_loss run=0 interval=0 step=35 loss=1.73628
train_loss run=0 interval=0 step=36 loss=1.66395
train_loss run=0 interval=0 step=37 loss=1.75451
train_loss run=0 interval=0 step=38 loss=1.64986
train_loss run=0 interval=0 step=39 loss=1.67829
train_loss run=0 interval=0 step=40 loss=1.68835
train_loss run=0 interval=0 step=41 loss=1.74384
train_loss run=0 interval=0 step=42 loss=1.73789
train_loss run=0 interval=0 step=43 loss=1.7519
train_loss run=0 interval=0 step=44 loss=1.74397
train_loss run=0 interval=0 step=45 loss=1.74781
train_loss run=0 interval=0 step=46 loss=1.60153
train_loss run=0 interval=0 step=47 loss=1.65353
train_loss run=0 interval=0 step=48 loss=1.58737
train_loss run=0 interval=0 step=49 loss=1.62252
train_loss run=0 interval=0 step=50 loss=1.5898
train_loss run=0 interval=0 step=51 loss=1.70413
train_loss run=0 interval=0 step=52 loss=1.61917
train_loss run=0 interval=0 step=53 loss=1.59831
train_loss run=0 interval=0 step=54 loss=1.6847
train_loss run=0 interval=0 step=55 loss=1.60931
train_loss run=0 interval=0 step=56 loss=1.68652
train_loss run=0 interval=0 step=57 loss=1.53355
train_loss run=0 interval=0 step=58 loss=1.56011
train_loss run=0 interval=0 step=59 loss=1.49101
train_loss run=0 interval=0 step=60 loss=1.55853
train_loss run=0 interval=0 step=61 loss=1.54748
train_loss run=0 interval=0 step=62 loss=1.59067
train_loss run=0 interval=0 step=63 loss=1.64522
train_loss run=0 interval=0 step=64 loss=1.55631
train_loss run=0 interval=0 step=65 loss=1.45689
train_loss run=0 interval=0 step=66 loss=1.54845
train_loss run=0 interval=0 step=67 loss=1.51713
train_loss run=0 interval=0 step=68 loss=1.50439
train_loss run=0 interval=0 step=69 loss=1.63947
train_loss run=0 interval=0 step=70 loss=1.53736
train_loss run=0 interval=0 step=71 loss=1.45821
train_loss run=0 interval=0 step=72 loss=1.57561
train_loss run=0 interval=0 step=73 loss=1.49453
train_loss run=0 interval=0 step=74 loss=1.55003
train_loss run=0 interval=0 step=75 loss=1.61844
train_loss run=0 interval=0 step=76 loss=1.60516
train_loss run=0 interval=0 step=77 loss=1.51768
train_loss run=0 interval=0 step=78 loss=1.44245
train_loss run=0 interval=0 step=79 loss=1.46686
train_loss run=0 interval=0 step=80 loss=1.53527
train_loss run=0 interval=0 step=81 loss=1.47471
train_loss run=0 interval=0 step=82 loss=1.49439
train_loss run=0 interval=0 step=83 loss=1.46458
train_loss run=0 interval=0 step=84 loss=1.53822
train_loss run=0 interval=0 step=85 loss=1.51772
train_loss run=0 interval=0 step=86 loss=1.49615
train_loss run=0 interval=0 step=87 loss=1.52764
train_loss run=0 interval=0 step=88 loss=1.50406
train_loss run=0 interval=0 step=89 loss=1.45719
train_loss run=0 interval=0 step=90 loss=1.49637
train_loss run=0 interval=0 step=91 loss=1.5005
train_loss run=0 interval=0 step=92 loss=1.37219
train_loss run=0 interval=0 step=93 loss=1.55734
train_loss run=0 interval=0 step=94 loss=1.42792
train_loss run=0 interval=0 step=95 loss=1.57239
train_loss run=0 interval=0 step=96 loss=1.64901
train_loss run=0 interval=0 step=97 loss=1.35264
train_loss run=0 interval=0 step=98 loss=1.41297
train_loss run=0 interval=0 step=99 loss=1.5345
train_loss run=0 interval=0 step=100 loss=1.51158
train_loss run=0 interval=0 step=101 loss=1.43157
train_loss run=0 interval=0 step=102 loss=1.49652
train_loss run=0 interval=0 step=103 loss=1.52806
train_loss run=0 interval=0 step=104 loss=1.49032
train_loss run=0 interval=0 step=105 loss=1.4584
train_loss run=0 interval=0 step=106 loss=1.46495
train_loss run=0 interval=0 step=107 loss=1.47065
train_loss run=0 interval=0 step=108 loss=1.41723
train_loss run=0 interval=0 step=109 loss=1.43697
train_loss run=0 interval=0 step=110 loss=1.42632
train_loss run=0 interval=0 step=111 loss=1.49175
train_loss run=0 interval=0 step=112 loss=1.45654
train_loss run=0 interval=0 step=113 loss=1.32006
train_loss run=0 interval=0 step=114 loss=1.38218
train_loss run=0 interval=0 step=115 loss=1.38846
train_loss run=0 interval=0 step=116 loss=1.42546
train_loss run=0 interval=0 step=117 loss=1.39272
train_loss run=0 interval=0 step=118 loss=1.40739
train_loss run=0 interval=0 step=119 loss=1.38233
train_loss run=0 interval=0 step=120 loss=1.41084
train_loss run=0 interval=0 step=121 loss=1.39031
train_loss run=0 interval=0 step=122 loss=1.44238
train_loss run=0 interval=0 step=123 loss=1.39658
train_loss run=0 interval=0 step=124 loss=1.36696
train_loss run=0 interval=0 step=125 loss=1.36648
train_loss run=0 interval=0 step=126 loss=1.48057
train_loss run=0 interval=0 step=127 loss=1.46529
train_loss run=0 interval=0 step=128 loss=1.44209
train_loss run=0 interval=0 step=129 loss=1.46368
train_loss run=0 interval=0 step=130 loss=1.46342
train_loss run=0 interval=0 step=131 loss=1.31983
train_loss run=0 interval=0 step=132 loss=1.42869
train_loss run=0 interval=0 step=133 loss=1.37339
train_loss run=0 interval=0 step=134 loss=1.37502
train_loss run=0 interval=0 step=135 loss=1.40901
train_loss run=0 interval=0 step=136 loss=1.36681
train_loss run=0 interval=0 step=137 loss=1.32115
train_loss run=0 interval=0 step=138 loss=1.39251
train_loss run=0 interval=0 step=139 loss=1.39278
train_loss run=0 interval=0 step=140 loss=1.36766
train_loss run=0 interval=0 step=141 loss=1.33074
train_loss run=0 interval=0 step=142 loss=1.36531
train_loss run=0 interval=0 step=143 loss=1.39201
train_loss run=0 interval=0 step=144 loss=1.39894
train_loss run=0 interval=0 step=145 loss=1.326
train_loss run=0 interval=0 step=146 loss=1.38767
train_loss run=0 interval=0 step=147 loss=1.41783
train_loss run=0 interval=0 step=148 loss=1.32599
train_loss run=0 interval=0 step=149 loss=1.29519
train_loss run=0 interval=0 step=150 loss=1.41456
train_loss run=0 interval=0 step=151 loss=1.33532
train_loss run=0 interval=0 step=152 loss=1.26731
train_loss run=0 interval=0 step=153 loss=1.42396
train_loss run=0 interval=0 step=154 loss=1.45841
train_loss run=0 interval=0 step=155 loss=1.32265
train_loss run=0 interval=0 step=156 loss=1.36637
train_loss run=0 interval=0 step=157 loss=1.41181
train_loss run=0 interval=0 step=158 loss=1.32544
train_loss run=0 interval=0 step=159 loss=1.35514
train_loss run=0 interval=0 step=160 loss=1.40221
train_loss run=0 interval=0 step=161 loss=1.41292
train_loss run=0 interval=0 step=162 loss=1.3234
train_loss run=0 interval=0 step=163 loss=1.40175
train_loss run=0 interval=0 step=164 loss=1.421
train_loss run=0 interval=0 step=165 loss=1.3497
train_loss run=0 interval=0 step=166 loss=1.39062
train_loss run=0 interval=0 step=167 loss=1.33196
train_loss run=0 interval=0 step=168 loss=1.34153
train_loss run=0 interval=0 step=169 loss=1.37131
train_loss run=0 interval=0 step=170 loss=1.30415
train_loss run=0 interval=0 step=171 loss=1.38986
train_loss run=0 interval=0 step=172 loss=1.38509
train_loss run=0 interval=0 step=173 loss=1.31071
train_loss run=0 interval=0 step=174 loss=1.38902
train_loss run=0 interval=0 step=175 loss=1.34787
train_loss run=0 interval=0 step=176 loss=1.36482
train_loss run=0 interval=0 step=177 loss=1.36202
train_loss run=0 interval=0 step=178 loss=1.30518
train_loss run=0 interval=0 step=179 loss=1.36568
train_loss run=0 interval=0 step=180 loss=1.36291
train_loss run=0 interval=0 step=181 loss=1.32571
train_loss run=0 interval=0 step=182 loss=1.34357
train_loss run=0 interval=0 step=183 loss=1.31162
train_loss run=0 interval=0 step=184 loss=1.34229
train_loss run=0 interval=0 step=185 loss=1.36601
train_loss run=0 interval=0 step=186 loss=1.3577
train_loss run=0 interval=0 step=187 loss=1.33432
train_loss run=0 interval=0 step=188 loss=1.3978
train_loss run=0 interval=0 step=189 loss=1.34208
train_loss run=0 interval=0 step=190 loss=1.3024
train_loss run=0 interval=0 step=191 loss=1.33769
train_loss run=0 interval=0 step=192 loss=1.35495
train_loss run=0 interval=0 step=193 loss=1.3376
train_loss run=0 interval=0 step=194 loss=1.33001
train_loss run=0 interval=0 step=195 loss=1.2842
train_loss run=0 interval=0 step=196 loss=1.29797
train_loss run=0 interval=0 step=197 loss=1.29164
train_loss run=0 interval=0 step=198 loss=1.34161
train_loss run=0 interval=0 step=199 loss=1.32126
train_loss run=0 interval=0 step=200 loss=1.4045
train_loss run=0 interval=0 step=201 loss=1.413
train_loss run=0 interval=0 step=202 loss=1.26224
train_loss run=0 interval=0 step=203 loss=1.36475
train_loss run=0 interval=0 step=204 loss=1.29715
train_loss run=0 interval=0 step=205 loss=1.36809
train_loss run=0 interval=0 step=206 loss=1.36349
train_loss run=0 interval=0 step=207 loss=1.26766
train_loss run=0 interval=0 step=208 loss=1.31877
train_loss run=0 interval=0 step=209 loss=1.32748
train_loss run=0 interval=0 step=210 loss=1.2787
train_loss run=0 interval=0 step=211 loss=1.37367
train_loss run=0 interval=0 step=212 loss=1.30745
train_loss run=0 interval=0 step=213 loss=1.34162
train_loss run=0 interval=0 step=214 loss=1.42372
train_loss run=0 interval=0 step=215 loss=1.31495
train_loss run=0 interval=0 step=216 loss=1.4111
train_loss run=0 interval=0 step=217 loss=1.30143
train_loss run=0 interval=0 step=218 loss=1.33212
train_loss run=0 interval=0 step=219 loss=1.27308
train_loss run=0 interval=0 step=220 loss=1.2988
train_loss run=0 interval=0 step=221 loss=1.2633
train_loss run=0 interval=0 step=222 loss=1.32352
train_loss run=0 interval=0 step=223 loss=1.33293
train_loss run=0 interval=0 step=224 loss=1.33346
train_loss run=0 interval=0 step=225 loss=1.24885
train_loss run=0 interval=0 step=226 loss=1.32072
train_loss run=0 interval=0 step=227 loss=1.26453
train_loss run=0 interval=0 step=228 loss=1.21785
train_loss run=0 interval=0 step=229 loss=1.30722
train_loss run=0 interval=0 step=230 loss=1.34993
train_loss run=0 interval=0 step=231 loss=1.28086
train_loss run=0 interval=0 step=232 loss=1.38743
train_loss run=0 interval=0 step=233 loss=1.2825
train_loss run=0 interval=0 step=234 loss=1.29614
train_loss run=0 interval=0 step=235 loss=1.32953
train_loss run=0 interval=0 step=236 loss=1.26843
train_loss run=0 interval=0 step=237 loss=1.30039
train_loss run=0 interval=0 step=238 loss=1.3899
train_loss run=0 interval=0 step=239 loss=1.3164
train_loss run=0 interval=0 step=240 loss=1.33677
train_loss run=0 interval=0 step=241 loss=1.27284
train_loss run=0 interval=0 step=242 loss=1.3025
train_loss run=0 interval=0 step=243 loss=1.36102
train_loss run=0 interval=0 step=244 loss=1.30176
train_loss run=0 interval=0 step=245 loss=1.301
train_loss run=0 interval=0 step=246 loss=1.35643
train_loss run=0 interval=0 step=247 loss=1.3006
train_loss run=0 interval=0 step=248 loss=1.31698
train_loss run=0 interval=0 step=249 loss=1.2596
train_loss run=0 interval=0 step=250 loss=1.29048
train_loss run=0 interval=0 step=251 loss=1.25248
train_loss run=0 interval=0 step=252 loss=1.29302
train_loss run=0 interval=0 step=253 loss=1.3012
train_loss run=0 interval=0 step=254 loss=1.33315
train_loss run=0 interval=0 step=255 loss=1.28729
train_loss run=0 interval=0 step=256 loss=1.25435
train_loss run=0 interval=0 step=257 loss=1.32949
train_loss run=0 interval=0 step=258 loss=1.23148
train_loss run=0 interval=0 step=259 loss=1.30128
train_loss run=0 interval=0 step=260 loss=1.25749
train_loss run=0 interval=0 step=261 loss=1.25788
train_loss run=0 interval=0 step=262 loss=1.39379
train_loss run=0 interval=0 step=263 loss=1.34083
train_loss run=0 interval=0 step=264 loss=1.27012
train_loss run=0 interval=0 step=265 loss=1.22392
train_loss run=0 interval=0 step=266 loss=1.3698
train_loss run=0 interval=0 step=267 loss=1.34455
train_loss run=0 interval=0 step=268 loss=1.32232
train_loss run=0 interval=0 step=269 loss=1.33239
train_loss run=0 interval=0 step=270 loss=1.27027
train_loss run=0 interval=0 step=271 loss=1.26852
train_loss run=0 interval=0 step=272 loss=1.2579
train_loss run=0 interval=0 step=273 loss=1.27984
train_loss run=0 interval=0 step=274 loss=1.21294
train_loss run=0 interval=0 step=275 loss=1.25274
train_loss run=0 interval=0 step=276 loss=1.27411
train_loss run=0 interval=0 step=277 loss=1.24933
train_loss run=0 interval=0 step=278 loss=1.25293
train_loss run=0 interval=0 step=279 loss=1.27109
train_loss run=0 interval=0 step=280 loss=1.30386
train_loss run=0 interval=0 step=281 loss=1.26355
train_loss run=0 interval=0 step=282 loss=1.29114
train_loss run=0 interval=0 step=283 loss=1.20805
train_loss run=0 interval=0 step=284 loss=1.29467
train_loss run=0 interval=0 step=285 loss=1.28452
train_loss run=0 interval=0 step=286 loss=1.29103
train_loss run=0 interval=0 step=287 loss=1.32529
train_loss run=0 interval=0 step=288 loss=1.27787
train_loss run=0 interval=0 step=289 loss=1.32984
train_loss run=0 interval=0 step=290 loss=1.28724
train_loss run=0 interval=0 step=291 loss=1.33283
train_loss run=0 interval=0 step=292 loss=1.2272
train_loss run=0 interval=0 step=293 loss=1.28992
train_loss run=0 interval=0 step=294 loss=1.28577
train_loss run=0 interval=0 step=295 loss=1.33192
train_loss run=0 interval=0 step=296 loss=1.30546
train_loss run=0 interval=0 step=297 loss=1.20922
train_loss run=0 interval=0 step=298 loss=1.26339
train_loss run=0 interval=0 step=299 loss=1.2038
train_loss run=0 interval=0 step=300 loss=1.34741
train_loss run=0 interval=0 step=301 loss=1.21147
train_loss run=0 interval=0 step=302 loss=1.30307
train_loss run=0 interval=0 step=303 loss=1.30237
train_loss run=0 interval=0 step=304 loss=1.29314
train_loss run=0 interval=0 step=305 loss=1.25212
train_loss run=0 interval=0 step=306 loss=1.25315
train_loss run=0 interval=0 step=307 loss=1.29185
train_loss run=0 interval=0 step=308 loss=1.3412
train_loss run=0 interval=0 step=309 loss=1.28196
train_loss run=0 interval=0 step=310 loss=1.3773
train_loss run=0 interval=0 step=311 loss=1.20956
train_loss run=0 interval=0 step=312 loss=1.24427
train_loss run=0 interval=0 step=313 loss=1.25732
train_loss run=0 interval=0 step=314 loss=1.21171
train_loss run=0 interval=0 step=315 loss=1.23675
train_loss run=0 interval=0 step=316 loss=1.32503
train_loss run=0 interval=0 step=317 loss=1.27397
train_loss run=0 interval=0 step=318 loss=1.25218
train_loss run=0 interval=0 step=319 loss=1.24182
train_loss run=0 interval=0 step=320 loss=1.25169
train_loss run=0 interval=0 step=321 loss=1.35958
train_loss run=0 interval=0 step=322 loss=1.2809
train_loss run=0 interval=0 step=323 loss=1.27696
train_loss run=0 interval=0 step=324 loss=1.20399
train_loss run=0 interval=0 step=325 loss=1.24519
train_loss run=0 interval=0 step=326 loss=1.27384
train_loss run=0 interval=0 step=327 loss=1.23354
train_loss run=0 interval=0 step=328 loss=1.30251
train_loss run=0 interval=0 step=329 loss=1.29221
train_loss run=0 interval=0 step=330 loss=1.32441
train_loss run=0 interval=0 step=331 loss=1.22748
train_loss run=0 interval=0 step=332 loss=1.35963
train_loss run=0 interval=0 step=333 loss=1.24033
train_loss run=0 interval=0 step=334 loss=1.27905
train_loss run=0 interval=0 step=335 loss=1.27321
train_loss run=0 interval=0 step=336 loss=1.32889
train_loss run=0 interval=0 step=337 loss=1.22638
train_loss run=0 interval=0 step=338 loss=1.25352
train_loss run=0 interval=0 step=339 loss=1.22194
train_loss run=0 interval=0 step=340 loss=1.27344
train_loss run=0 interval=0 step=341 loss=1.24773
train_loss run=0 interval=0 step=342 loss=1.26536
train_loss run=0 interval=0 step=343 loss=1.24993
train_loss run=0 interval=0 step=344 loss=1.2711
train_loss run=0 interval=0 step=345 loss=1.2159
train_loss run=0 interval=0 step=346 loss=1.24898
train_loss run=0 interval=0 step=347 loss=1.21515
train_loss run=0 interval=0 step=348 loss=1.27338
train_loss run=0 interval=0 step=349 loss=1.29048
train_loss run=0 interval=0 step=350 loss=1.31466
train_loss run=0 interval=0 step=351 loss=1.22094
train_loss run=0 interval=0 step=352 loss=1.26683
train_loss run=0 interval=0 step=353 loss=1.16406
train_loss run=0 interval=0 step=354 loss=1.20264
train_loss run=0 interval=0 step=355 loss=1.31181
train_loss run=0 interval=0 step=356 loss=1.22709
train_loss run=0 interval=0 step=357 loss=1.2129
train_loss run=0 interval=0 step=358 loss=1.2608
train_loss run=0 interval=0 step=359 loss=1.21887
train_loss run=0 interval=0 step=360 loss=1.29725
train_loss run=0 interval=0 step=361 loss=1.32189
train_loss run=0 interval=0 step=362 loss=1.2092
train_loss run=0 interval=0 step=363 loss=1.25833
train_loss run=0 interval=0 step=364 loss=1.2991
train_loss run=0 interval=0 step=365 loss=1.23246
train_loss run=0 interval=0 step=366 loss=1.32328
train_loss run=0 interval=0 step=367 loss=1.20479
train_loss run=0 interval=0 step=368 loss=1.28667
train_loss run=0 interval=0 step=369 loss=1.26951
train_loss run=0 interval=0 step=370 loss=1.30667
train_loss run=0 interval=0 step=371 loss=1.23317
train_loss run=0 interval=0 step=372 loss=1.18425
train_loss run=0 interval=0 step=373 loss=1.25662
train_loss run=0 interval=0 step=374 loss=1.24618
train_loss run=0 interval=0 step=375 loss=1.19866
train_loss run=0 interval=0 step=376 loss=1.16797
train_loss run=0 interval=0 step=377 loss=1.19788
train_loss run=0 interval=0 step=378 loss=1.29608
train_loss run=0 interval=0 step=379 loss=1.33875
train_loss run=0 interval=0 step=380 loss=1.25101
train_loss run=0 interval=0 step=381 loss=1.1994
train_loss run=0 interval=0 step=382 loss=1.25103
train_loss run=0 interval=0 step=383 loss=1.27212
train_loss run=0 interval=0 step=384 loss=1.19265
train_loss run=0 interval=0 step=385 loss=1.33903
train_loss run=0 interval=0 step=386 loss=1.2203
train_loss run=0 interval=0 step=387 loss=1.2807
train_loss run=0 interval=0 step=388 loss=1.17529
train_loss run=0 interval=0 step=389 loss=1.232
train_loss run=0 interval=0 step=390 loss=1.23461
train_loss run=0 interval=0 step=391 loss=1.18925
train_loss run=0 interval=0 step=392 loss=1.24823
train_loss run=0 interval=0 step=393 loss=1.24494
train_loss run=0 interval=0 step=394 loss=1.19111
train_loss run=0 interval=0 step=395 loss=1.29736
train_loss run=0 interval=0 step=396 loss=1.28079
train_loss run=0 interval=0 step=397 loss=1.30499
train_loss run=0 interval=0 step=398 loss=1.23791
train_loss run=0 interval=0 step=399 loss=1.28513
train_loss run=0 interval=0 step=400 loss=1.25273
train_loss run=0 interval=0 step=401 loss=1.24727
train_loss run=0 interval=0 step=402 loss=1.21277
train_loss run=0 interval=0 step=403 loss=1.22263
train_loss run=0 interval=0 step=404 loss=1.29246
train_loss run=0 interval=0 step=405 loss=1.31721
train_loss run=0 interval=0 step=406 loss=1.26757
train_loss run=0 interval=0 step=407 loss=1.28376
train_loss run=0 interval=0 step=408 loss=1.19701
train_loss run=0 interval=0 step=409 loss=1.2253
train_loss run=0 interval=0 step=410 loss=1.21165
train_loss run=0 interval=0 step=411 loss=1.21802
train_loss run=0 interval=0 step=412 loss=1.27352
train_loss run=0 interval=0 step=413 loss=1.23205
train_loss run=0 interval=0 step=414 loss=1.25174
train_loss run=0 interval=0 step=415 loss=1.27387
train_loss run=0 interval=0 step=416 loss=1.29888
train_loss run=0 interval=0 step=417 loss=1.28106
train_loss run=0 interval=0 step=418 loss=1.31447
train_loss run=0 interval=0 step=419 loss=1.19302
train_loss run=0 interval=0 step=420 loss=1.28697
train_loss run=0 interval=0 step=421 loss=1.24671
train_loss run=0 interval=0 step=422 loss=1.24132
train_loss run=0 interval=0 step=423 loss=1.24303
train_loss run=0 interval=0 step=424 loss=1.24427
train_loss run=0 interval=0 step=425 loss=1.27687
train_loss run=0 interval=0 step=426 loss=1.27036
train_loss run=0 interval=0 step=427 loss=1.23343
train_loss run=0 interval=0 step=428 loss=1.28343
train_loss run=0 interval=0 step=429 loss=1.15844
train_loss run=0 interval=0 step=430 loss=1.20941
train_loss run=0 interval=0 step=431 loss=1.1925
train_loss run=0 interval=0 step=432 loss=1.24171
train_loss run=0 interval=0 step=433 loss=1.20605
train_loss run=0 interval=0 step=434 loss=1.32428
train_loss run=0 interval=0 step=435 loss=1.17882
train_loss run=0 interval=0 step=436 loss=1.23241
train_loss run=0 interval=0 step=437 loss=1.17793
train_loss run=0 interval=0 step=438 loss=1.3115
train_loss run=0 interval=0 step=439 loss=1.23315
train_loss run=0 interval=0 step=440 loss=1.20641
train_loss run=0 interval=0 step=441 loss=1.19286
train_loss run=0 interval=0 step=442 loss=1.29122
train_loss run=0 interval=0 step=443 loss=1.28097
train_loss run=0 interval=0 step=444 loss=1.26811
train_loss run=0 interval=0 step=445 loss=1.22465
train_loss run=0 interval=0 step=446 loss=1.21143
train_loss run=0 interval=0 step=447 loss=1.19679
train_loss run=0 interval=0 step=448 loss=1.13592
train_loss run=0 interval=0 step=449 loss=1.22286
train_loss run=0 interval=0 step=450 loss=1.21711
train_loss run=0 interval=0 step=451 loss=1.27622
train_loss run=0 interval=0 step=452 loss=1.23018
train_loss run=0 interval=0 step=453 loss=1.26628
train_loss run=0 interval=0 step=454 loss=1.27275
train_loss run=0 interval=0 step=455 loss=1.24878
train_loss run=0 interval=0 step=456 loss=1.29163
train_loss run=0 interval=0 step=457 loss=1.16664
train_loss run=0 interval=0 step=458 loss=1.22159
train_loss run=0 interval=0 step=459 loss=1.24045
train_loss run=0 interval=0 step=460 loss=1.19832
train_loss run=0 interval=0 step=461 loss=1.26432
train_loss run=0 interval=0 step=462 loss=1.25458
train_loss run=0 interval=0 step=463 loss=1.22149
train_loss run=0 interval=0 step=464 loss=1.21878
train_loss run=0 interval=0 step=465 loss=1.17963
train_loss run=0 interval=0 step=466 loss=1.19362
train_loss run=0 interval=0 step=467 loss=1.23683
train_loss run=0 interval=0 step=468 loss=1.25965
train_loss run=0 interval=0 step=469 loss=1.23665
train_loss run=0 interval=0 step=470 loss=1.14189
train_loss run=0 interval=0 step=471 loss=1.19484
train_loss run=0 interval=0 step=472 loss=1.18027
train_loss run=0 interval=0 step=473 loss=1.15513
train_loss run=0 interval=0 step=474 loss=1.22956
train_loss run=0 interval=0 step=475 loss=1.20526
train_loss run=0 interval=0 step=476 loss=1.19165
train_loss run=0 interval=0 step=477 loss=1.19456
train_loss run=0 interval=0 step=478 loss=1.22718
train_loss run=0 interval=0 step=479 loss=1.17006
train_loss run=0 interval=0 step=480 loss=1.21684
train_loss run=0 interval=0 step=481 loss=1.27697
train_loss run=0 interval=0 step=482 loss=1.19871
train_loss run=0 interval=0 step=483 loss=1.20646
train_loss run=0 interval=0 step=484 loss=1.1762
train_loss run=0 interval=0 step=485 loss=1.2032
train_loss run=0 interval=0 step=486 loss=1.18895
train_loss run=0 interval=0 step=487 loss=1.27276
train_loss run=0 interval=0 step=488 loss=1.20744
train_loss run=0 interval=0 step=489 loss=1.24322
train_loss run=0 interval=0 step=490 loss=1.36871
train_loss run=0 interval=0 step=491 loss=1.1577
train_loss run=0 interval=0 step=492 loss=1.25678
train_loss run=0 interval=0 step=493 loss=1.26785
train_loss run=0 interval=0 step=494 loss=1.19908
train_loss run=0 interval=0 step=495 loss=1.25635
train_loss run=0 interval=0 step=496 loss=1.20997
train_loss run=0 interval=0 step=497 loss=1.1652
train_loss run=0 interval=0 step=498 loss=1.21928
train_loss run=0 interval=0 step=499 loss=1.24957
train_loss run=0 interval=0 step=500 loss=1.23147
train_loss run=0 interval=0 step=501 loss=1.28286
train_loss run=0 interval=0 step=502 loss=1.15823
train_loss run=0 interval=0 step=503 loss=1.13488
train_loss run=0 interval=0 step=504 loss=1.19101
train_loss run=0 interval=0 step=505 loss=1.32638
train_loss run=0 interval=0 step=506 loss=1.18567
train_loss run=0 interval=0 step=507 loss=1.28747
train_loss run=0 interval=0 step=508 loss=1.17978
train_loss run=0 interval=0 step=509 loss=1.1864
train_loss run=0 interval=0 step=510 loss=1.21028
train_loss run=0 interval=0 step=511 loss=1.24422
train_loss run=0 interval=0 step=512 loss=1.20526
train_loss run=0 interval=0 step=513 loss=1.34316
train_loss run=0 interval=0 step=514 loss=1.21675
train_loss run=0 interval=0 step=515 loss=1.21161
train_loss run=0 interval=0 step=516 loss=1.21292
train_loss run=0 interval=0 step=517 loss=1.18026
train_loss run=0 interval=0 step=518 loss=1.14541
train_loss run=0 interval=0 step=519 loss=1.21648
train_loss run=0 interval=0 step=520 loss=1.16275
train_loss run=0 interval=0 step=521 loss=1.21726
train_loss run=0 interval=0 step=522 loss=1.25954
train_loss run=0 interval=0 step=523 loss=1.18472
train_loss run=0 interval=0 step=524 loss=1.27715
train_loss run=0 interval=0 step=525 loss=1.23518
train_loss run=0 interval=0 step=526 loss=1.27486
train_loss run=0 interval=0 step=527 loss=1.19487
train_loss run=0 interval=0 step=528 loss=1.23739
train_loss run=0 interval=0 step=529 loss=1.19329
train_loss run=0 interval=0 step=530 loss=1.28399
train_loss run=0 interval=0 step=531 loss=1.17397
train_loss run=0 interval=0 step=532 loss=1.19924
train_loss run=0 interval=0 step=533 loss=1.23259
train_loss run=0 interval=0 step=534 loss=1.29854
train_loss run=0 interval=0 step=535 loss=1.14054
train_loss run=0 interval=0 step=536 loss=1.27387
train_loss run=0 interval=0 step=537 loss=1.224
train_loss run=0 interval=0 step=538 loss=1.22058
train_loss run=0 interval=0 step=539 loss=1.19595
train_loss run=0 interval=0 step=540 loss=1.18813
train_loss run=0 interval=0 step=541 loss=1.27488
train_loss run=0 interval=0 step=542 loss=1.18056
train_loss run=0 interval=0 step=543 loss=1.16154
train_loss run=0 interval=0 step=544 loss=1.10117
train_loss run=0 interval=0 step=545 loss=1.17579
train_loss run=0 interval=0 step=546 loss=1.2156
train_loss run=0 interval=0 step=547 loss=1.20582
train_loss run=0 interval=0 step=548 loss=1.21421
train_loss run=0 interval=0 step=549 loss=1.2904
train_loss run=0 interval=0 step=550 loss=1.28493
train_loss run=0 interval=0 step=551 loss=1.28373
train_loss run=0 interval=0 step=552 loss=1.21485
train_loss run=0 interval=0 step=553 loss=1.17966
train_loss run=0 interval=0 step=554 loss=1.16899
train_loss run=0 interval=0 step=555 loss=1.24212
train_loss run=0 interval=0 step=556 loss=1.21092
train_loss run=0 interval=0 step=557 loss=1.22683
train_loss run=0 interval=0 step=558 loss=1.27886
train_loss run=0 interval=0 step=559 loss=1.1915
train_loss run=0 interval=0 step=560 loss=1.22618
train_loss run=0 interval=0 step=561 loss=1.15277
train_loss run=0 interval=0 step=562 loss=1.25328
train_loss run=0 interval=0 step=563 loss=1.18975
train_loss run=0 interval=0 step=564 loss=1.17587
train_loss run=0 interval=0 step=565 loss=1.23527
train_loss run=0 interval=0 step=566 loss=1.25377
train_loss run=0 interval=0 step=567 loss=1.21777
train_loss run=0 interval=0 step=568 loss=1.20613
train_loss run=0 interval=0 step=569 loss=1.21036
train_loss run=0 interval=0 step=570 loss=1.18378
train_loss run=0 interval=0 step=571 loss=1.28196
train_loss run=0 interval=0 step=572 loss=1.29538
train_loss run=0 interval=0 step=573 loss=1.28252
train_loss run=0 interval=0 step=574 loss=1.19669
train_loss run=0 interval=0 step=575 loss=1.21665
train_loss run=0 interval=0 step=576 loss=1.29764
train_loss run=0 interval=0 step=577 loss=1.22744
train_loss run=0 interval=0 step=578 loss=1.18336
train_loss run=0 interval=0 step=579 loss=1.25308
train_loss run=0 interval=0 step=580 loss=1.2188
train_loss run=0 interval=0 step=581 loss=1.21329
train_loss run=0 interval=0 step=582 loss=1.23895
train_loss run=0 interval=0 step=583 loss=1.2241
train_loss run=0 interval=0 step=584 loss=1.17879
train_loss run=0 interval=0 step=585 loss=1.15819
train_loss run=0 interval=0 step=586 loss=1.22241
train_loss run=0 interval=0 step=587 loss=1.12704
train_loss run=0 interval=0 step=588 loss=1.22235
train_loss run=0 interval=0 step=589 loss=1.16476
train_loss run=0 interval=0 step=590 loss=1.21862
train_loss run=0 interval=0 step=591 loss=1.22294
train_loss run=0 interval=0 step=592 loss=1.16394
train_loss run=0 interval=0 step=593 loss=1.18608
train_loss run=0 interval=0 step=594 loss=1.2176
train_loss run=0 interval=0 step=595 loss=1.15216
train_loss run=0 interval=0 step=596 loss=1.2075
train_loss run=0 interval=0 step=597 loss=1.22598
train_loss run=0 interval=0 step=598 loss=1.18058
train_loss run=0 interval=0 step=599 loss=1.22779
train_loss run=0 interval=0 step=600 loss=1.30453
train_loss run=0 interval=0 step=601 loss=1.16917
train_loss run=0 interval=0 step=602 loss=1.27877
train_loss run=0 interval=0 step=603 loss=1.21515
train_loss run=0 interval=0 step=604 loss=1.21032
train_loss run=0 interval=0 step=605 loss=1.19598
train_loss run=0 interval=0 step=606 loss=1.23329
train_loss run=0 interval=0 step=607 loss=1.19411
train_loss run=0 interval=0 step=608 loss=1.18832
train_loss run=0 interval=0 step=609 loss=1.22361
train_loss run=0 interval=0 step=610 loss=1.12986
train_loss run=0 interval=0 step=611 loss=1.17143
train_loss run=0 interval=0 step=612 loss=1.20877
train_loss run=0 interval=0 step=613 loss=1.2935
train_loss run=0 interval=0 step=614 loss=1.12211
train_loss run=0 interval=0 step=615 loss=1.12925
train_loss run=0 interval=0 step=616 loss=1.22573
train_loss run=0 interval=0 step=617 loss=1.1686
train_loss run=0 interval=0 step=618 loss=1.17598
train_loss run=0 interval=0 step=619 loss=1.20757
train_loss run=0 interval=0 step=620 loss=1.23103
train_loss run=0 interval=0 step=621 loss=1.23847
train_loss run=0 interval=0 step=622 loss=1.24234
train_loss run=0 interval=0 step=623 loss=1.25717
train_loss run=0 interval=0 step=624 loss=1.25294
train_loss run=0 interval=0 step=625 loss=1.28673
train_loss run=0 interval=0 step=626 loss=1.24688
train_loss run=0 interval=0 step=627 loss=1.23377
train_loss run=0 interval=0 step=628 loss=1.2427
train_loss run=0 interval=0 step=629 loss=1.25099
train_loss run=0 interval=0 step=630 loss=1.29922
train_loss run=0 interval=0 step=631 loss=1.23073
train_loss run=0 interval=0 step=632 loss=1.18469
train_loss run=0 interval=0 step=633 loss=1.18633
train_loss run=0 interval=0 step=634 loss=1.16564
train_loss run=0 interval=0 step=635 loss=1.16925
train_loss run=0 interval=0 step=636 loss=1.17014
train_loss run=0 interval=0 step=637 loss=1.19679
train_loss run=0 interval=0 step=638 loss=1.2503
train_loss run=0 interval=0 step=639 loss=1.20823
train_loss run=0 interval=0 step=640 loss=1.26892
interval_boundary_eval run=0 interval=0 step=640 total_steps=3200 tta_val_acc=0.8492
main hparams: muon_lr=0.028 muon_momentum=0.7 bias_lr=8.1 head_lr=100 main=0.8676, best_cooldown=0.9242
muon_lr=0.006 muon_momentum=0.7 bias_lr=0.14 head_lr=38 -> tta_val_acc=0.9231
muon_lr=0.0036 muon_momentum=0.7 bias_lr=0.14 head_lr=38 -> tta_val_acc=0.9227
muon_lr=0.0022 muon_momentum=0.7 bias_lr=0.14 head_lr=38 -> tta_val_acc=0.919
muon_lr=0.01 muon_momentum=0.7 bias_lr=0.14 head_lr=38 -> tta_val_acc=0.9198
muon_lr=0.006 muon_momentum=0.7 bias_lr=0.081 head_lr=38 -> tta_val_acc=0.9234
muon_lr=0.006 muon_momentum=0.7 bias_lr=0.049 head_lr=38 -> tta_val_acc=0.9242
muon_lr=0.006 muon_momentum=0.7 bias_lr=0.029 head_lr=38 -> tta_val_acc=0.9233
muon_lr=0.0036 muon_momentum=0.7 bias_lr=0.049 head_lr=38 -> tta_val_acc=0.923
muon_lr=0.01 muon_momentum=0.7 bias_lr=0.049 head_lr=38 -> tta_val_acc=0.9202
muon_lr=0.006 muon_momentum=0.7 bias_lr=0.049 head_lr=23 -> tta_val_acc=0.9235
muon_lr=0.006 muon_momentum=0.7 bias_lr=0.049 head_lr=63 -> tta_val_acc=0.9238
muon_lr=0.006 muon_momentum=0.7 bias_lr=0.049 head_lr=100 -> tta_val_acc=0.924
muon_lr=0.006 muon_momentum=0.7 bias_lr=0.049 head_lr=170 -> tta_val_acc=0.9227
search_path step=0 muon_lr=0.006 muon_momentum=0.7 bias_lr=0.14 head_lr=38 tta_val_acc=0.9231
search_path step=1 muon_lr=0.006 muon_momentum=0.7 bias_lr=0.049 head_lr=38 tta_val_acc=0.9242
main hparams: muon_lr=0.017 muon_momentum=0.7 bias_lr=8.1 head_lr=100 main=0.8974, best_cooldown=0.929
muon_lr=0.006 muon_momentum=0.7 bias_lr=0.049 head_lr=38 -> tta_val_acc=0.9263
muon_lr=0.0036 muon_momentum=0.7 bias_lr=0.049 head_lr=38 -> tta_val_acc=0.929
muon_lr=0.0022 muon_momentum=0.7 bias_lr=0.049 head_lr=38 -> tta_val_acc=0.9284
search_path step=0 muon_lr=0.006 muon_momentum=0.7 bias_lr=0.049 head_lr=38 tta_val_acc=0.9263
search_path step=1 muon_lr=0.0036 muon_momentum=0.7 bias_lr=0.049 head_lr=38 tta_val_acc=0.929
main hparams: muon_lr=0.01 muon_momentum=0.7 bias_lr=8.1 head_lr=100 main=0.9103, best_cooldown=0.929
muon_lr=0.006 muon_momentum=0.7 bias_lr=0.049 head_lr=38 -> tta_val_acc=0.9275
muon_lr=0.0036 muon_momentum=0.7 bias_lr=0.049 head_lr=38 -> tta_val_acc=0.929
muon_lr=0.0022 muon_momentum=0.7 bias_lr=0.049 head_lr=38 -> tta_val_acc=0.929
muon_lr=0.0013 muon_momentum=0.7 bias_lr=0.049 head_lr=38 -> tta_val_acc=0.9279
search_path step=0 muon_lr=0.006 muon_momentum=0.7 bias_lr=0.049 head_lr=38 tta_val_acc=0.9275
search_path step=1 muon_lr=0.0036 muon_momentum=0.7 bias_lr=0.049 head_lr=38 tta_val_acc=0.929
main hparams: muon_lr=0.006 muon_momentum=0.7 bias_lr=8.1 head_lr=100 main=0.9117, best_cooldown=0.927
muon_lr=0.006 muon_momentum=0.7 bias_lr=0.049 head_lr=38 -> tta_val_acc=0.9238
muon_lr=0.0036 muon_momentum=0.7 bias_lr=0.049 head_lr=38 -> tta_val_acc=0.927
muon_lr=0.0022 muon_momentum=0.7 bias_lr=0.049 head_lr=38 -> tta_val_acc=0.9264
search_path step=0 muon_lr=0.006 muon_momentum=0.7 bias_lr=0.049 head_lr=38 tta_val_acc=0.9238
search_path step=1 muon_lr=0.0036 muon_momentum=0.7 bias_lr=0.049 head_lr=38 tta_val_acc=0.927
main hparams: muon_lr=0.017 muon_momentum=0.7 bias_lr=8.1 head_lr=100 main=0.8974, best_cooldown=0.9293
muon_lr=0.006 muon_momentum=0.7 bias_lr=0.049 head_lr=38 -> tta_val_acc=0.9263
muon_lr=0.0036 muon_momentum=0.7 bias_lr=0.049 head_lr=38 -> tta_val_acc=0.929
muon_lr=0.0022 muon_momentum=0.7 bias_lr=0.049 head_lr=38 -> tta_val_acc=0.9284
muon_lr=0.0036 muon_momentum=0.7 bias_lr=0.029 head_lr=38 -> tta_val_acc=0.929
muon_lr=0.0036 muon_momentum=0.7 bias_lr=0.018 head_lr=38 -> tta_val_acc=0.929
muon_lr=0.0036 muon_momentum=0.7 bias_lr=0.011 head_lr=38 -> tta_val_acc=0.9287
muon_lr=0.0036 muon_momentum=0.7 bias_lr=0.081 head_lr=38 -> tta_val_acc=0.9293
muon_lr=0.0036 muon_momentum=0.7 bias_lr=0.14 head_lr=38 -> tta_val_acc=0.9284
muon_lr=0.0022 muon_momentum=0.7 bias_lr=0.081 head_lr=38 -> tta_val_acc=0.9282
muon_lr=0.006 muon_momentum=0.7 bias_lr=0.081 head_lr=38 -> tta_val_acc=0.9275
muon_lr=0.0036 muon_momentum=0.7 bias_lr=0.081 head_lr=23 -> tta_val_acc=0.9288
muon_lr=0.0036 muon_momentum=0.7 bias_lr=0.081 head_lr=14 -> tta_val_acc=0.9284
muon_lr=0.0036 muon_momentum=0.7 bias_lr=0.081 head_lr=63 -> tta_val_acc=0.9286
search_path step=0 muon_lr=0.0036 muon_momentum=0.7 bias_lr=0.049 head_lr=38 tta_val_acc=0.929
search_path step=1 muon_lr=0.0036 muon_momentum=0.7 bias_lr=0.081 head_lr=38 tta_val_acc=0.9293
main hparams: muon_lr=0.017 muon_momentum=0.6 bias_lr=8.1 head_lr=100 main=0.9015, best_cooldown=0.9305
muon_lr=0.0036 muon_momentum=0.6 bias_lr=0.081 head_lr=38 -> tta_val_acc=0.9287
muon_lr=0.0022 muon_momentum=0.6 bias_lr=0.081 head_lr=38 -> tta_val_acc=0.9267
muon_lr=0.006 muon_momentum=0.6 bias_lr=0.081 head_lr=38 -> tta_val_acc=0.9305
muon_lr=0.01 muon_momentum=0.6 bias_lr=0.081 head_lr=38 -> tta_val_acc=0.9253
search_path step=0 muon_lr=0.0036 muon_momentum=0.6 bias_lr=0.081 head_lr=38 tta_val_acc=0.9287
search_path step=1 muon_lr=0.006 muon_momentum=0.6 bias_lr=0.081 head_lr=38 tta_val_acc=0.9305
main hparams: muon_lr=0.017 muon_momentum=0.5 bias_lr=8.1 head_lr=100 main=0.9038, best_cooldown=0.9296
muon_lr=0.0036 muon_momentum=0.5 bias_lr=0.081 head_lr=38 -> tta_val_acc=0.9296
muon_lr=0.0022 muon_momentum=0.5 bias_lr=0.081 head_lr=38 -> tta_val_acc=0.9284
muon_lr=0.006 muon_momentum=0.5 bias_lr=0.081 head_lr=38 -> tta_val_acc=0.9277
search_path step=0 muon_lr=0.0036 muon_momentum=0.5 bias_lr=0.081 head_lr=38 tta_val_acc=0.9296
main hparams: muon_lr=0.017 muon_momentum=0.6 bias_lr=8.1 head_lr=100 main=0.9015, best_cooldown=0.9308
muon_lr=0.0036 muon_momentum=0.6 bias_lr=0.081 head_lr=38 -> tta_val_acc=0.9287
muon_lr=0.0022 muon_momentum=0.6 bias_lr=0.081 head_lr=38 -> tta_val_acc=0.9267
muon_lr=0.006 muon_momentum=0.6 bias_lr=0.081 head_lr=38 -> tta_val_acc=0.9305
muon_lr=0.01 muon_momentum=0.6 bias_lr=0.081 head_lr=38 -> tta_val_acc=0.9253
muon_lr=0.006 muon_momentum=0.6 bias_lr=0.049 head_lr=38 -> tta_val_acc=0.93
muon_lr=0.006 muon_momentum=0.6 bias_lr=0.14 head_lr=38 -> tta_val_acc=0.9301
muon_lr=0.006 muon_momentum=0.6 bias_lr=0.23 head_lr=38 -> tta_val_acc=0.93
muon_lr=0.006 muon_momentum=0.6 bias_lr=0.081 head_lr=23 -> tta_val_acc=0.9299
muon_lr=0.006 muon_momentum=0.6 bias_lr=0.081 head_lr=63 -> tta_val_acc=0.9308
muon_lr=0.006 muon_momentum=0.6 bias_lr=0.081 head_lr=100 -> tta_val_acc=0.9301
muon_lr=0.0036 muon_momentum=0.6 bias_lr=0.081 head_lr=63 -> tta_val_acc=0.9288
muon_lr=0.01 muon_momentum=0.6 bias_lr=0.081 head_lr=63 -> tta_val_acc=0.9255
muon_lr=0.006 muon_momentum=0.6 bias_lr=0.049 head_lr=63 -> tta_val_acc=0.9305
muon_lr=0.006 muon_momentum=0.6 bias_lr=0.029 head_lr=63 -> tta_val_acc=0.9298
muon_lr=0.006 muon_momentum=0.6 bias_lr=0.14 head_lr=63 -> tta_val_acc=0.9299
search_path step=0 muon_lr=0.006 muon_momentum=0.6 bias_lr=0.081 head_lr=38 tta_val_acc=0.9305
search_path step=1 muon_lr=0.006 muon_momentum=0.6 bias_lr=0.081 head_lr=63 tta_val_acc=0.9308
main hparams: muon_lr=0.01 muon_momentum=0.6 bias_lr=8.1 head_lr=100 main=0.9117, best_cooldown=0.9284
muon_lr=0.006 muon_momentum=0.6 bias_lr=0.081 head_lr=63 -> tta_val_acc=0.9284
muon_lr=0.0036 muon_momentum=0.6 bias_lr=0.081 head_lr=63 -> tta_val_acc=0.9279
muon_lr=0.01 muon_momentum=0.6 bias_lr=0.081 head_lr=63 -> tta_val_acc=0.922
search_path step=0 muon_lr=0.006 muon_momentum=0.6 bias_lr=0.081 head_lr=63 tta_val_acc=0.9284
main hparams: muon_lr=0.028 muon_momentum=0.6 bias_lr=8.1 head_lr=100 main=0.8798, best_cooldown=0.9248
muon_lr=0.006 muon_momentum=0.6 bias_lr=0.081 head_lr=63 -> tta_val_acc=0.9234
muon_lr=0.0036 muon_momentum=0.6 bias_lr=0.081 head_lr=63 -> tta_val_acc=0.9248
muon_lr=0.0022 muon_momentum=0.6 bias_lr=0.081 head_lr=63 -> tta_val_acc=0.9229
search_path step=0 muon_lr=0.006 muon_momentum=0.6 bias_lr=0.081 head_lr=63 tta_val_acc=0.9234
search_path step=1 muon_lr=0.0036 muon_momentum=0.6 bias_lr=0.081 head_lr=63 tta_val_acc=0.9248
main hparams: muon_lr=0.017 muon_momentum=0.6 bias_lr=4.9 head_lr=100 main=0.9051, best_cooldown=0.9301
muon_lr=0.006 muon_momentum=0.6 bias_lr=0.081 head_lr=63 -> tta_val_acc=0.9292
muon_lr=0.006 muon_momentum=0.6 bias_lr=0.049 head_lr=63 -> tta_val_acc=0.9296
muon_lr=0.006 muon_momentum=0.6 bias_lr=0.029 head_lr=63 -> tta_val_acc=0.9298
muon_lr=0.006 muon_momentum=0.6 bias_lr=0.018 head_lr=63 -> tta_val_acc=0.9301
muon_lr=0.006 muon_momentum=0.6 bias_lr=0.011 head_lr=63 -> tta_val_acc=0.9293
search_path step=0 muon_lr=0.006 muon_momentum=0.6 bias_lr=0.081 head_lr=63 tta_val_acc=0.9292
search_path step=1 muon_lr=0.006 muon_momentum=0.6 bias_lr=0.018 head_lr=63 tta_val_acc=0.9301
main hparams: muon_lr=0.017 muon_momentum=0.6 bias_lr=13 head_lr=100 main=0.8977, best_cooldown=0.9281
muon_lr=0.006 muon_momentum=0.6 bias_lr=0.081 head_lr=63 -> tta_val_acc=0.9269
muon_lr=0.006 muon_momentum=0.6 bias_lr=0.049 head_lr=63 -> tta_val_acc=0.926
muon_lr=0.006 muon_momentum=0.6 bias_lr=0.14 head_lr=63 -> tta_val_acc=0.9267
muon_lr=0.006 muon_momentum=0.6 bias_lr=0.23 head_lr=63 -> tta_val_acc=0.9271
muon_lr=0.006 muon_momentum=0.6 bias_lr=0.38 head_lr=63 -> tta_val_acc=0.9275
muon_lr=0.006 muon_momentum=0.6 bias_lr=0.63 head_lr=63 -> tta_val_acc=0.9274
muon_lr=0.006 muon_momentum=0.6 bias_lr=1 head_lr=63 -> tta_val_acc=0.9281
muon_lr=0.006 muon_momentum=0.6 bias_lr=1.7 head_lr=63 -> tta_val_acc=0.9272
search_path step=0 muon_lr=0.006 muon_momentum=0.6 bias_lr=0.081 head_lr=63 tta_val_acc=0.9269
search_path step=1 muon_lr=0.006 muon_momentum=0.6 bias_lr=1 head_lr=63 tta_val_acc=0.9281
main hparams: muon_lr=0.017 muon_momentum=0.6 bias_lr=8.1 head_lr=63 main=0.901, best_cooldown=0.9292
muon_lr=0.006 muon_momentum=0.6 bias_lr=0.081 head_lr=63 -> tta_val_acc=0.9292
muon_lr=0.006 muon_momentum=0.6 bias_lr=0.081 head_lr=38 -> tta_val_acc=0.9283
muon_lr=0.006 muon_momentum=0.6 bias_lr=0.081 head_lr=100 -> tta_val_acc=0.929
muon_lr=0.006 muon_momentum=0.6 bias_lr=0.081 head_lr=170 -> tta_val_acc=0.9275
search_path step=0 muon_lr=0.006 muon_momentum=0.6 bias_lr=0.081 head_lr=63 tta_val_acc=0.9292
main hparams: muon_lr=0.017 muon_momentum=0.6 bias_lr=8.1 head_lr=170 main=0.9017, best_cooldown=0.929
muon_lr=0.006 muon_momentum=0.6 bias_lr=0.081 head_lr=63 -> tta_val_acc=0.9282
muon_lr=0.006 muon_momentum=0.6 bias_lr=0.081 head_lr=38 -> tta_val_acc=0.9285
muon_lr=0.006 muon_momentum=0.6 bias_lr=0.081 head_lr=23 -> tta_val_acc=0.9284
muon_lr=0.006 muon_momentum=0.6 bias_lr=0.081 head_lr=14 -> tta_val_acc=0.9284
muon_lr=0.006 muon_momentum=0.6 bias_lr=0.081 head_lr=8.1 -> tta_val_acc=0.9282
muon_lr=0.006 muon_momentum=0.6 bias_lr=0.081 head_lr=100 -> tta_val_acc=0.929
muon_lr=0.006 muon_momentum=0.6 bias_lr=0.081 head_lr=170 -> tta_val_acc=0.9289
muon_lr=0.006 muon_momentum=0.6 bias_lr=0.081 head_lr=290 -> tta_val_acc=0.9284
search_path step=0 muon_lr=0.006 muon_momentum=0.6 bias_lr=0.081 head_lr=63 tta_val_acc=0.9282
search_path step=1 muon_lr=0.006 muon_momentum=0.6 bias_lr=0.081 head_lr=38 tta_val_acc=0.9285
search_path step=2 muon_lr=0.006 muon_momentum=0.6 bias_lr=0.081 head_lr=100 tta_val_acc=0.929
search_path step=0 muon_lr=0.028 muon_momentum=0.7 bias_lr=8.1 head_lr=100 tta_val_acc=0.9242
search_path step=1 muon_lr=0.017 muon_momentum=0.7 bias_lr=8.1 head_lr=100 tta_val_acc=0.9293
search_path step=2 muon_lr=0.017 muon_momentum=0.6 bias_lr=8.1 head_lr=100 tta_val_acc=0.9308
train_hparams run=0 interval=1 start_step=640 completed_steps=640 total_steps=3200 muon_lr=0.017 muon_momentum=0.6 bias_lr=8.1 head_lr=100 muon_nesterov=False
train_loss run=0 interval=1 step=641 loss=1.16054
train_loss run=0 interval=1 step=642 loss=1.18621
train_loss run=0 interval=1 step=643 loss=1.18768
train_loss run=0 interval=1 step=644 loss=1.18663
train_loss run=0 interval=1 step=645 loss=1.16012
train_loss run=0 interval=1 step=646 loss=1.18438
train_loss run=0 interval=1 step=647 loss=1.18995
train_loss run=0 interval=1 step=648 loss=1.19176
train_loss run=0 interval=1 step=649 loss=1.15751
train_loss run=0 interval=1 step=650 loss=1.12887
train_loss run=0 interval=1 step=651 loss=1.1881
train_loss run=0 interval=1 step=652 loss=1.16373
train_loss run=0 interval=1 step=653 loss=1.18747
train_loss run=0 interval=1 step=654 loss=1.13267
train_loss run=0 interval=1 step=655 loss=1.23793
train_loss run=0 interval=1 step=656 loss=1.17836
train_loss run=0 interval=1 step=657 loss=1.16164
train_loss run=0 interval=1 step=658 loss=1.19372
train_loss run=0 interval=1 step=659 loss=1.12847
train_loss run=0 interval=1 step=660 loss=1.16145
train_loss run=0 interval=1 step=661 loss=1.10016
train_loss run=0 interval=1 step=662 loss=1.18861
train_loss run=0 interval=1 step=663 loss=1.17168
train_loss run=0 interval=1 step=664 loss=1.20279
train_loss run=0 interval=1 step=665 loss=1.1198
train_loss run=0 interval=1 step=666 loss=1.19813
train_loss run=0 interval=1 step=667 loss=1.2062
train_loss run=0 interval=1 step=668 loss=1.20942
train_loss run=0 interval=1 step=669 loss=1.26835
train_loss run=0 interval=1 step=670 loss=1.19007
train_loss run=0 interval=1 step=671 loss=1.16184
train_loss run=0 interval=1 step=672 loss=1.11847
train_loss run=0 interval=1 step=673 loss=1.12901
train_loss run=0 interval=1 step=674 loss=1.09808
train_loss run=0 interval=1 step=675 loss=1.17995
train_loss run=0 interval=1 step=676 loss=1.19124
train_loss run=0 interval=1 step=677 loss=1.14636
train_loss run=0 interval=1 step=678 loss=1.1603
train_loss run=0 interval=1 step=679 loss=1.13998
train_loss run=0 interval=1 step=680 loss=1.10795
train_loss run=0 interval=1 step=681 loss=1.15334
train_loss run=0 interval=1 step=682 loss=1.16053
train_loss run=0 interval=1 step=683 loss=1.16776
train_loss run=0 interval=1 step=684 loss=1.06861
train_loss run=0 interval=1 step=685 loss=1.15814
train_loss run=0 interval=1 step=686 loss=1.13416
train_loss run=0 interval=1 step=687 loss=1.14864
train_loss run=0 interval=1 step=688 loss=1.16293
train_loss run=0 interval=1 step=689 loss=1.13965
train_loss run=0 interval=1 step=690 loss=1.12976
train_loss run=0 interval=1 step=691 loss=1.13416
train_loss run=0 interval=1 step=692 loss=1.22501
train_loss run=0 interval=1 step=693 loss=1.16928
train_loss run=0 interval=1 step=694 loss=1.25578
train_loss run=0 interval=1 step=695 loss=1.12128
train_loss run=0 interval=1 step=696 loss=1.11367
train_loss run=0 interval=1 step=697 loss=1.23595
train_loss run=0 interval=1 step=698 loss=1.17011
train_loss run=0 interval=1 step=699 loss=1.1247
train_loss run=0 interval=1 step=700 loss=1.11511
train_loss run=0 interval=1 step=701 loss=1.24435
train_loss run=0 interval=1 step=702 loss=1.12575
train_loss run=0 interval=1 step=703 loss=1.24528
train_loss run=0 interval=1 step=704 loss=1.139
train_loss run=0 interval=1 step=705 loss=1.16221
train_loss run=0 interval=1 step=706 loss=1.15504
train_loss run=0 interval=1 step=707 loss=1.18393
train_loss run=0 interval=1 step=708 loss=1.13927
train_loss run=0 interval=1 step=709 loss=1.12115
train_loss run=0 interval=1 step=710 loss=1.12221
train_loss run=0 interval=1 step=711 loss=1.20297
train_loss run=0 interval=1 step=712 loss=1.20027
train_loss run=0 interval=1 step=713 loss=1.12778
train_loss run=0 interval=1 step=714 loss=1.11059
train_loss run=0 interval=1 step=715 loss=1.20187
train_loss run=0 interval=1 step=716 loss=1.13862
train_loss run=0 interval=1 step=717 loss=1.12225
train_loss run=0 interval=1 step=718 loss=1.13733
train_loss run=0 interval=1 step=719 loss=1.10684
train_loss run=0 interval=1 step=720 loss=1.09805
train_loss run=0 interval=1 step=721 loss=1.19706
train_loss run=0 interval=1 step=722 loss=1.16993
train_loss run=0 interval=1 step=723 loss=1.12503
train_loss run=0 interval=1 step=724 loss=1.10111
train_loss run=0 interval=1 step=725 loss=1.16825
train_loss run=0 interval=1 step=726 loss=1.19886
train_loss run=0 interval=1 step=727 loss=1.21764
train_loss run=0 interval=1 step=728 loss=1.16988
train_loss run=0 interval=1 step=729 loss=1.15553
train_loss run=0 interval=1 step=730 loss=1.19585
train_loss run=0 interval=1 step=731 loss=1.15106
train_loss run=0 interval=1 step=732 loss=1.1427
train_loss run=0 interval=1 step=733 loss=1.25246
train_loss run=0 interval=1 step=734 loss=1.13794
train_loss run=0 interval=1 step=735 loss=1.13655
train_loss run=0 interval=1 step=736 loss=1.08852
train_loss run=0 interval=1 step=737 loss=1.25778
train_loss run=0 interval=1 step=738 loss=1.18415
train_loss run=0 interval=1 step=739 loss=1.11075
train_loss run=0 interval=1 step=740 loss=1.09387
train_loss run=0 interval=1 step=741 loss=1.09012
train_loss run=0 interval=1 step=742 loss=1.16095
train_loss run=0 interval=1 step=743 loss=1.14195
train_loss run=0 interval=1 step=744 loss=1.19803
train_loss run=0 interval=1 step=745 loss=1.16217
train_loss run=0 interval=1 step=746 loss=1.15903
train_loss run=0 interval=1 step=747 loss=1.14828
train_loss run=0 interval=1 step=748 loss=1.14496
train_loss run=0 interval=1 step=749 loss=1.14097
train_loss run=0 interval=1 step=750 loss=1.05531
train_loss run=0 interval=1 step=751 loss=1.20065
train_loss run=0 interval=1 step=752 loss=1.1615
train_loss run=0 interval=1 step=753 loss=1.13902
train_loss run=0 interval=1 step=754 loss=1.17037
train_loss run=0 interval=1 step=755 loss=1.06437
train_loss run=0 interval=1 step=756 loss=1.1088
train_loss run=0 interval=1 step=757 loss=1.16914
train_loss run=0 interval=1 step=758 loss=1.19309
train_loss run=0 interval=1 step=759 loss=1.14755
train_loss run=0 interval=1 step=760 loss=1.11286
train_loss run=0 interval=1 step=761 loss=1.16222
train_loss run=0 interval=1 step=762 loss=1.15068
train_loss run=0 interval=1 step=763 loss=1.16981
train_loss run=0 interval=1 step=764 loss=1.24264
train_loss run=0 interval=1 step=765 loss=1.17353
train_loss run=0 interval=1 step=766 loss=1.15268
train_loss run=0 interval=1 step=767 loss=1.08662
train_loss run=0 interval=1 step=768 loss=1.11555
train_loss run=0 interval=1 step=769 loss=1.15731
train_loss run=0 interval=1 step=770 loss=1.19349
train_loss run=0 interval=1 step=771 loss=1.14549
train_loss run=0 interval=1 step=772 loss=1.15258
train_loss run=0 interval=1 step=773 loss=1.21824
train_loss run=0 interval=1 step=774 loss=1.15811
train_loss run=0 interval=1 step=775 loss=1.1134
train_loss run=0 interval=1 step=776 loss=1.10734
train_loss run=0 interval=1 step=777 loss=1.25564
train_loss run=0 interval=1 step=778 loss=1.1134
train_loss run=0 interval=1 step=779 loss=1.12796
train_loss run=0 interval=1 step=780 loss=1.08339
train_loss run=0 interval=1 step=781 loss=1.14347
train_loss run=0 interval=1 step=782 loss=1.12984
train_loss run=0 interval=1 step=783 loss=1.14097
train_loss run=0 interval=1 step=784 loss=1.15104
train_loss run=0 interval=1 step=785 loss=1.13116
train_loss run=0 interval=1 step=786 loss=1.19501
train_loss run=0 interval=1 step=787 loss=1.14198
train_loss run=0 interval=1 step=788 loss=1.1349
train_loss run=0 interval=1 step=789 loss=1.08653
train_loss run=0 interval=1 step=790 loss=1.10813
train_loss run=0 interval=1 step=791 loss=1.0784
train_loss run=0 interval=1 step=792 loss=1.16963
train_loss run=0 interval=1 step=793 loss=1.23884
train_loss run=0 interval=1 step=794 loss=1.1313
train_loss run=0 interval=1 step=795 loss=1.17234
train_loss run=0 interval=1 step=796 loss=1.14631
train_loss run=0 interval=1 step=797 loss=1.20879
train_loss run=0 interval=1 step=798 loss=1.15424
train_loss run=0 interval=1 step=799 loss=1.19166
train_loss run=0 interval=1 step=800 loss=1.10917
train_loss run=0 interval=1 step=801 loss=1.09585
train_loss run=0 interval=1 step=802 loss=1.11079
train_loss run=0 interval=1 step=803 loss=1.06886
train_loss run=0 interval=1 step=804 loss=1.12793
train_loss run=0 interval=1 step=805 loss=1.11441
train_loss run=0 interval=1 step=806 loss=1.13664
train_loss run=0 interval=1 step=807 loss=1.13512
train_loss run=0 interval=1 step=808 loss=1.19298
train_loss run=0 interval=1 step=809 loss=1.10699
train_loss run=0 interval=1 step=810 loss=1.112
train_loss run=0 interval=1 step=811 loss=1.05203
train_loss run=0 interval=1 step=812 loss=1.16014
train_loss run=0 interval=1 step=813 loss=1.10079
train_loss run=0 interval=1 step=814 loss=1.14577
train_loss run=0 interval=1 step=815 loss=1.10175
train_loss run=0 interval=1 step=816 loss=1.08109
train_loss run=0 interval=1 step=817 loss=1.16538
train_loss run=0 interval=1 step=818 loss=1.12098
train_loss run=0 interval=1 step=819 loss=1.17322
train_loss run=0 interval=1 step=820 loss=1.10635
train_loss run=0 interval=1 step=821 loss=1.20167
train_loss run=0 interval=1 step=822 loss=1.09636
train_loss run=0 interval=1 step=823 loss=1.15293
train_loss run=0 interval=1 step=824 loss=1.0775
train_loss run=0 interval=1 step=825 loss=1.13749
train_loss run=0 interval=1 step=826 loss=1.12498
train_loss run=0 interval=1 step=827 loss=1.08943
train_loss run=0 interval=1 step=828 loss=1.11331
train_loss run=0 interval=1 step=829 loss=1.10515
train_loss run=0 interval=1 step=830 loss=1.11583
train_loss run=0 interval=1 step=831 loss=1.12077
train_loss run=0 interval=1 step=832 loss=1.09469
train_loss run=0 interval=1 step=833 loss=1.11644
train_loss run=0 interval=1 step=834 loss=1.17433
train_loss run=0 interval=1 step=835 loss=1.16032
train_loss run=0 interval=1 step=836 loss=1.14714
train_loss run=0 interval=1 step=837 loss=1.13466
train_loss run=0 interval=1 step=838 loss=1.10302
train_loss run=0 interval=1 step=839 loss=1.12038
train_loss run=0 interval=1 step=840 loss=1.10924
train_loss run=0 interval=1 step=841 loss=1.14562
train_loss run=0 interval=1 step=842 loss=1.14136
train_loss run=0 interval=1 step=843 loss=1.06319
train_loss run=0 interval=1 step=844 loss=1.11562
train_loss run=0 interval=1 step=845 loss=1.18087
train_loss run=0 interval=1 step=846 loss=1.12884
train_loss run=0 interval=1 step=847 loss=1.12668
train_loss run=0 interval=1 step=848 loss=1.09035
train_loss run=0 interval=1 step=849 loss=1.11272
train_loss run=0 interval=1 step=850 loss=1.15819
train_loss run=0 interval=1 step=851 loss=1.06122
train_loss run=0 interval=1 step=852 loss=1.16095
train_loss run=0 interval=1 step=853 loss=1.15765
train_loss run=0 interval=1 step=854 loss=1.1488
train_loss run=0 interval=1 step=855 loss=1.18852
train_loss run=0 interval=1 step=856 loss=1.15769
train_loss run=0 interval=1 step=857 loss=1.1267
train_loss run=0 interval=1 step=858 loss=1.09251
train_loss run=0 interval=1 step=859 loss=1.08027
train_loss run=0 interval=1 step=860 loss=1.2001
train_loss run=0 interval=1 step=861 loss=1.10037
train_loss run=0 interval=1 step=862 loss=1.09103
train_loss run=0 interval=1 step=863 loss=1.09999
train_loss run=0 interval=1 step=864 loss=1.06523
train_loss run=0 interval=1 step=865 loss=1.07789
train_loss run=0 interval=1 step=866 loss=1.0814
train_loss run=0 interval=1 step=867 loss=1.09332
train_loss run=0 interval=1 step=868 loss=1.07831
train_loss run=0 interval=1 step=869 loss=1.106
train_loss run=0 interval=1 step=870 loss=1.14847
train_loss run=0 interval=1 step=871 loss=1.12897
train_loss run=0 interval=1 step=872 loss=1.07843
train_loss run=0 interval=1 step=873 loss=1.08803
train_loss run=0 interval=1 step=874 loss=1.11764
train_loss run=0 interval=1 step=875 loss=1.03239
train_loss run=0 interval=1 step=876 loss=1.08861
train_loss run=0 interval=1 step=877 loss=1.08946
train_loss run=0 interval=1 step=878 loss=1.21069
train_loss run=0 interval=1 step=879 loss=1.16315
train_loss run=0 interval=1 step=880 loss=1.14294
train_loss run=0 interval=1 step=881 loss=1.18161
train_loss run=0 interval=1 step=882 loss=1.15497
train_loss run=0 interval=1 step=883 loss=1.10533
train_loss run=0 interval=1 step=884 loss=1.14042
train_loss run=0 interval=1 step=885 loss=1.11382
train_loss run=0 interval=1 step=886 loss=1.10736
train_loss run=0 interval=1 step=887 loss=1.16653
train_loss run=0 interval=1 step=888 loss=1.09143
train_loss run=0 interval=1 step=889 loss=1.09514
train_loss run=0 interval=1 step=890 loss=1.12116
train_loss run=0 interval=1 step=891 loss=1.15388
train_loss run=0 interval=1 step=892 loss=1.1389
train_loss run=0 interval=1 step=893 loss=1.15909
train_loss run=0 interval=1 step=894 loss=1.11155
train_loss run=0 interval=1 step=895 loss=1.04877
train_loss run=0 interval=1 step=896 loss=1.16553
train_loss run=0 interval=1 step=897 loss=1.12522
train_loss run=0 interval=1 step=898 loss=1.12726
train_loss run=0 interval=1 step=899 loss=1.08359
train_loss run=0 interval=1 step=900 loss=1.12866
train_loss run=0 interval=1 step=901 loss=1.076
train_loss run=0 interval=1 step=902 loss=1.13678
train_loss run=0 interval=1 step=903 loss=1.06921
train_loss run=0 interval=1 step=904 loss=1.12797
train_loss run=0 interval=1 step=905 loss=1.0566
train_loss run=0 interval=1 step=906 loss=1.09556
train_loss run=0 interval=1 step=907 loss=1.11364
train_loss run=0 interval=1 step=908 loss=1.14198
train_loss run=0 interval=1 step=909 loss=1.11371
train_loss run=0 interval=1 step=910 loss=1.07064
train_loss run=0 interval=1 step=911 loss=1.10449
train_loss run=0 interval=1 step=912 loss=1.12856
train_loss run=0 interval=1 step=913 loss=1.14256
train_loss run=0 interval=1 step=914 loss=1.15524
train_loss run=0 interval=1 step=915 loss=1.10239
train_loss run=0 interval=1 step=916 loss=1.08405
train_loss run=0 interval=1 step=917 loss=1.11957
train_loss run=0 interval=1 step=918 loss=1.04538
train_loss run=0 interval=1 step=919 loss=1.16075
train_loss run=0 interval=1 step=920 loss=1.13743
train_loss run=0 interval=1 step=921 loss=1.10833
train_loss run=0 interval=1 step=922 loss=1.13572
train_loss run=0 interval=1 step=923 loss=1.1444
train_loss run=0 interval=1 step=924 loss=1.06751
train_loss run=0 interval=1 step=925 loss=1.09443
train_loss run=0 interval=1 step=926 loss=1.15706
train_loss run=0 interval=1 step=927 loss=1.18422
train_loss run=0 interval=1 step=928 loss=1.15246
train_loss run=0 interval=1 step=929 loss=1.08886
train_loss run=0 interval=1 step=930 loss=1.09539
train_loss run=0 interval=1 step=931 loss=1.10804
train_loss run=0 interval=1 step=932 loss=1.10613
train_loss run=0 interval=1 step=933 loss=1.16214
train_loss run=0 interval=1 step=934 loss=1.06908
train_loss run=0 interval=1 step=935 loss=1.05652
train_loss run=0 interval=1 step=936 loss=1.08659
train_loss run=0 interval=1 step=937 loss=1.14129
train_loss run=0 interval=1 step=938 loss=1.09466
train_loss run=0 interval=1 step=939 loss=1.09689
train_loss run=0 interval=1 step=940 loss=1.12499
train_loss run=0 interval=1 step=941 loss=1.13552
train_loss run=0 interval=1 step=942 loss=1.13284
train_loss run=0 interval=1 step=943 loss=1.16788
train_loss run=0 interval=1 step=944 loss=1.17473
train_loss run=0 interval=1 step=945 loss=1.23977
train_loss run=0 interval=1 step=946 loss=1.13735
train_loss run=0 interval=1 step=947 loss=1.09058
train_loss run=0 interval=1 step=948 loss=1.08912
train_loss run=0 interval=1 step=949 loss=1.10606
train_loss run=0 interval=1 step=950 loss=1.07726
train_loss run=0 interval=1 step=951 loss=1.06463
train_loss run=0 interval=1 step=952 loss=1.13328
train_loss run=0 interval=1 step=953 loss=1.15903
train_loss run=0 interval=1 step=954 loss=1.14737
train_loss run=0 interval=1 step=955 loss=1.07416
train_loss run=0 interval=1 step=956 loss=1.12587
train_loss run=0 interval=1 step=957 loss=1.12544
train_loss run=0 interval=1 step=958 loss=1.10544
train_loss run=0 interval=1 step=959 loss=1.04356
train_loss run=0 interval=1 step=960 loss=1.05619
train_loss run=0 interval=1 step=961 loss=1.06879
train_loss run=0 interval=1 step=962 loss=1.13582
train_loss run=0 interval=1 step=963 loss=1.12199
train_loss run=0 interval=1 step=964 loss=1.13352
train_loss run=0 interval=1 step=965 loss=1.09592
train_loss run=0 interval=1 step=966 loss=1.07024
train_loss run=0 interval=1 step=967 loss=1.06137
train_loss run=0 interval=1 step=968 loss=1.15901
train_loss run=0 interval=1 step=969 loss=1.07726
train_loss run=0 interval=1 step=970 loss=1.11355
train_loss run=0 interval=1 step=971 loss=1.12815
train_loss run=0 interval=1 step=972 loss=1.11155
train_loss run=0 interval=1 step=973 loss=1.12476
train_loss run=0 interval=1 step=974 loss=1.05212
train_loss run=0 interval=1 step=975 loss=1.10786
train_loss run=0 interval=1 step=976 loss=1.14264
train_loss run=0 interval=1 step=977 loss=1.12937
train_loss run=0 interval=1 step=978 loss=1.07009
train_loss run=0 interval=1 step=979 loss=1.02536
train_loss run=0 interval=1 step=980 loss=1.13437
train_loss run=0 interval=1 step=981 loss=1.14428
train_loss run=0 interval=1 step=982 loss=1.13221
train_loss run=0 interval=1 step=983 loss=1.16501
train_loss run=0 interval=1 step=984 loss=1.15112
train_loss run=0 interval=1 step=985 loss=1.12467
train_loss run=0 interval=1 step=986 loss=1.10117
train_loss run=0 interval=1 step=987 loss=1.12644
train_loss run=0 interval=1 step=988 loss=1.1504
train_loss run=0 interval=1 step=989 loss=1.18454
train_loss run=0 interval=1 step=990 loss=1.12403
train_loss run=0 interval=1 step=991 loss=1.12574
train_loss run=0 interval=1 step=992 loss=1.07299
train_loss run=0 interval=1 step=993 loss=1.1214
train_loss run=0 interval=1 step=994 loss=1.13656
train_loss run=0 interval=1 step=995 loss=1.07847
train_loss run=0 interval=1 step=996 loss=1.12391
train_loss run=0 interval=1 step=997 loss=1.07963
train_loss run=0 interval=1 step=998 loss=1.1117
train_loss run=0 interval=1 step=999 loss=1.07433
train_loss run=0 interval=1 step=1000 loss=1.16064
train_loss run=0 interval=1 step=1001 loss=1.08045
train_loss run=0 interval=1 step=1002 loss=1.17223
train_loss run=0 interval=1 step=1003 loss=1.06935
train_loss run=0 interval=1 step=1004 loss=1.11564
train_loss run=0 interval=1 step=1005 loss=1.15855
train_loss run=0 interval=1 step=1006 loss=1.12429
train_loss run=0 interval=1 step=1007 loss=1.12909
train_loss run=0 interval=1 step=1008 loss=1.09718
train_loss run=0 interval=1 step=1009 loss=1.06614
train_loss run=0 interval=1 step=1010 loss=1.12322
train_loss run=0 interval=1 step=1011 loss=1.1483
train_loss run=0 interval=1 step=1012 loss=1.06146
train_loss run=0 interval=1 step=1013 loss=1.12135
train_loss run=0 interval=1 step=1014 loss=1.11237
train_loss run=0 interval=1 step=1015 loss=1.11666
train_loss run=0 interval=1 step=1016 loss=1.08388
train_loss run=0 interval=1 step=1017 loss=1.15387
train_loss run=0 interval=1 step=1018 loss=1.07135
train_loss run=0 interval=1 step=1019 loss=1.13275
train_loss run=0 interval=1 step=1020 loss=1.07272
train_loss run=0 interval=1 step=1021 loss=1.17193
train_loss run=0 interval=1 step=1022 loss=1.15704
train_loss run=0 interval=1 step=1023 loss=1.07772
train_loss run=0 interval=1 step=1024 loss=1.06317
train_loss run=0 interval=1 step=1025 loss=1.10247
train_loss run=0 interval=1 step=1026 loss=1.08154
train_loss run=0 interval=1 step=1027 loss=1.16277
train_loss run=0 interval=1 step=1028 loss=1.08665
train_loss run=0 interval=1 step=1029 loss=1.07508
train_loss run=0 interval=1 step=1030 loss=1.12218
train_loss run=0 interval=1 step=1031 loss=1.06442
train_loss run=0 interval=1 step=1032 loss=1.0977
train_loss run=0 interval=1 step=1033 loss=1.06749
train_loss run=0 interval=1 step=1034 loss=1.11257
train_loss run=0 interval=1 step=1035 loss=1.14378
train_loss run=0 interval=1 step=1036 loss=1.16084
train_loss run=0 interval=1 step=1037 loss=1.13473
train_loss run=0 interval=1 step=1038 loss=1.05967
train_loss run=0 interval=1 step=1039 loss=1.07849
train_loss run=0 interval=1 step=1040 loss=1.13531
train_loss run=0 interval=1 step=1041 loss=1.08665
train_loss run=0 interval=1 step=1042 loss=1.13357
train_loss run=0 interval=1 step=1043 loss=1.11062
train_loss run=0 interval=1 step=1044 loss=1.07144
train_loss run=0 interval=1 step=1045 loss=1.17295
train_loss run=0 interval=1 step=1046 loss=1.12532
train_loss run=0 interval=1 step=1047 loss=1.09161
train_loss run=0 interval=1 step=1048 loss=1.09215
train_loss run=0 interval=1 step=1049 loss=1.21196
train_loss run=0 interval=1 step=1050 loss=1.16242
train_loss run=0 interval=1 step=1051 loss=1.11198
train_loss run=0 interval=1 step=1052 loss=1.12069
train_loss run=0 interval=1 step=1053 loss=1.09999
train_loss run=0 interval=1 step=1054 loss=1.1353
train_loss run=0 interval=1 step=1055 loss=1.09322
train_loss run=0 interval=1 step=1056 loss=1.13405
train_loss run=0 interval=1 step=1057 loss=1.07009
train_loss run=0 interval=1 step=1058 loss=1.11825
train_loss run=0 interval=1 step=1059 loss=1.1398
train_loss run=0 interval=1 step=1060 loss=1.14677
train_loss run=0 interval=1 step=1061 loss=1.08875
train_loss run=0 interval=1 step=1062 loss=1.03532
train_loss run=0 interval=1 step=1063 loss=1.13683
train_loss run=0 interval=1 step=1064 loss=1.14676
train_loss run=0 interval=1 step=1065 loss=1.14965
train_loss run=0 interval=1 step=1066 loss=1.09517
train_loss run=0 interval=1 step=1067 loss=1.1638
train_loss run=0 interval=1 step=1068 loss=1.1183
train_loss run=0 interval=1 step=1069 loss=1.15343
train_loss run=0 interval=1 step=1070 loss=1.12654
train_loss run=0 interval=1 step=1071 loss=1.09144
train_loss run=0 interval=1 step=1072 loss=1.06185
train_loss run=0 interval=1 step=1073 loss=1.15231
train_loss run=0 interval=1 step=1074 loss=1.11918
train_loss run=0 interval=1 step=1075 loss=1.08756
train_loss run=0 interval=1 step=1076 loss=1.04959
train_loss run=0 interval=1 step=1077 loss=1.10128
train_loss run=0 interval=1 step=1078 loss=1.0995
train_loss run=0 interval=1 step=1079 loss=1.18276
train_loss run=0 interval=1 step=1080 loss=1.08116
train_loss run=0 interval=1 step=1081 loss=1.16318
train_loss run=0 interval=1 step=1082 loss=1.12832
train_loss run=0 interval=1 step=1083 loss=1.11172
train_loss run=0 interval=1 step=1084 loss=1.13325
train_loss run=0 interval=1 step=1085 loss=1.06478
train_loss run=0 interval=1 step=1086 loss=1.10828
train_loss run=0 interval=1 step=1087 loss=1.08792
train_loss run=0 interval=1 step=1088 loss=1.11559
train_loss run=0 interval=1 step=1089 loss=1.08526
train_loss run=0 interval=1 step=1090 loss=1.07168
train_loss run=0 interval=1 step=1091 loss=1.15112
train_loss run=0 interval=1 step=1092 loss=1.12512
train_loss run=0 interval=1 step=1093 loss=1.11427
train_loss run=0 interval=1 step=1094 loss=1.11174
train_loss run=0 interval=1 step=1095 loss=1.0305
train_loss run=0 interval=1 step=1096 loss=1.20545
train_loss run=0 interval=1 step=1097 loss=1.16531
train_loss run=0 interval=1 step=1098 loss=1.17714
train_loss run=0 interval=1 step=1099 loss=1.06681
train_loss run=0 interval=1 step=1100 loss=1.12645
train_loss run=0 interval=1 step=1101 loss=1.13644
train_loss run=0 interval=1 step=1102 loss=1.11941
train_loss run=0 interval=1 step=1103 loss=1.06265
train_loss run=0 interval=1 step=1104 loss=1.10993
train_loss run=0 interval=1 step=1105 loss=1.04899
train_loss run=0 interval=1 step=1106 loss=1.16186
train_loss run=0 interval=1 step=1107 loss=1.13986
train_loss run=0 interval=1 step=1108 loss=1.14233
train_loss run=0 interval=1 step=1109 loss=1.11839
train_loss run=0 interval=1 step=1110 loss=1.05362
train_loss run=0 interval=1 step=1111 loss=1.06593
train_loss run=0 interval=1 step=1112 loss=1.14014
train_loss run=0 interval=1 step=1113 loss=1.19591
train_loss run=0 interval=1 step=1114 loss=1.0879
train_loss run=0 interval=1 step=1115 loss=1.0975
train_loss run=0 interval=1 step=1116 loss=1.08315
train_loss run=0 interval=1 step=1117 loss=1.05023
train_loss run=0 interval=1 step=1118 loss=1.08687
train_loss run=0 interval=1 step=1119 loss=1.11389
train_loss run=0 interval=1 step=1120 loss=1.11471
train_loss run=0 interval=1 step=1121 loss=1.11165
train_loss run=0 interval=1 step=1122 loss=1.1051
train_loss run=0 interval=1 step=1123 loss=1.08781
train_loss run=0 interval=1 step=1124 loss=1.12952
train_loss run=0 interval=1 step=1125 loss=1.10354
train_loss run=0 interval=1 step=1126 loss=1.13277
train_loss run=0 interval=1 step=1127 loss=1.08098
train_loss run=0 interval=1 step=1128 loss=1.11655
train_loss run=0 interval=1 step=1129 loss=1.07056
train_loss run=0 interval=1 step=1130 loss=1.08864
train_loss run=0 interval=1 step=1131 loss=1.0873
train_loss run=0 interval=1 step=1132 loss=1.10923
train_loss run=0 interval=1 step=1133 loss=1.14389
train_loss run=0 interval=1 step=1134 loss=1.25924
train_loss run=0 interval=1 step=1135 loss=1.09553
train_loss run=0 interval=1 step=1136 loss=1.13195
train_loss run=0 interval=1 step=1137 loss=1.15392
train_loss run=0 interval=1 step=1138 loss=1.14033
train_loss run=0 interval=1 step=1139 loss=1.05091
train_loss run=0 interval=1 step=1140 loss=1.06143
train_loss run=0 interval=1 step=1141 loss=1.11161
train_loss run=0 interval=1 step=1142 loss=1.15459
train_loss run=0 interval=1 step=1143 loss=1.13454
train_loss run=0 interval=1 step=1144 loss=1.12115
train_loss run=0 interval=1 step=1145 loss=1.09387
train_loss run=0 interval=1 step=1146 loss=1.09964
train_loss run=0 interval=1 step=1147 loss=1.12275
train_loss run=0 interval=1 step=1148 loss=1.02317
train_loss run=0 interval=1 step=1149 loss=1.07949
train_loss run=0 interval=1 step=1150 loss=1.12701
train_loss run=0 interval=1 step=1151 loss=1.1068
train_loss run=0 interval=1 step=1152 loss=1.07447
train_loss run=0 interval=1 step=1153 loss=1.0812
train_loss run=0 interval=1 step=1154 loss=1.17267
train_loss run=0 interval=1 step=1155 loss=1.07255
train_loss run=0 interval=1 step=1156 loss=1.10147
train_loss run=0 interval=1 step=1157 loss=1.09312
train_loss run=0 interval=1 step=1158 loss=1.19429
train_loss run=0 interval=1 step=1159 loss=1.16552
train_loss run=0 interval=1 step=1160 loss=1.17441
train_loss run=0 interval=1 step=1161 loss=1.11422
train_loss run=0 interval=1 step=1162 loss=1.12906
train_loss run=0 interval=1 step=1163 loss=1.06006
train_loss run=0 interval=1 step=1164 loss=1.13161
train_loss run=0 interval=1 step=1165 loss=1.13337
train_loss run=0 interval=1 step=1166 loss=1.07595
train_loss run=0 interval=1 step=1167 loss=1.15148
train_loss run=0 interval=1 step=1168 loss=1.0766
train_loss run=0 interval=1 step=1169 loss=1.18121
train_loss run=0 interval=1 step=1170 loss=1.19859
train_loss run=0 interval=1 step=1171 loss=1.13716
train_loss run=0 interval=1 step=1172 loss=1.14495
train_loss run=0 interval=1 step=1173 loss=1.09394
train_loss run=0 interval=1 step=1174 loss=1.0711
train_loss run=0 interval=1 step=1175 loss=1.11647
train_loss run=0 interval=1 step=1176 loss=1.05714
train_loss run=0 interval=1 step=1177 loss=1.12669
train_loss run=0 interval=1 step=1178 loss=1.12095
train_loss run=0 interval=1 step=1179 loss=1.03977
train_loss run=0 interval=1 step=1180 loss=1.07553
train_loss run=0 interval=1 step=1181 loss=1.10059
train_loss run=0 interval=1 step=1182 loss=1.1211
train_loss run=0 interval=1 step=1183 loss=1.05889
train_loss run=0 interval=1 step=1184 loss=1.08331
train_loss run=0 interval=1 step=1185 loss=1.17746
train_loss run=0 interval=1 step=1186 loss=1.09491
train_loss run=0 interval=1 step=1187 loss=1.1274
train_loss run=0 interval=1 step=1188 loss=1.08491
train_loss run=0 interval=1 step=1189 loss=1.10409
train_loss run=0 interval=1 step=1190 loss=1.15309
train_loss run=0 interval=1 step=1191 loss=1.17505
train_loss run=0 interval=1 step=1192 loss=1.11927
train_loss run=0 interval=1 step=1193 loss=1.13588
train_loss run=0 interval=1 step=1194 loss=1.10091
train_loss run=0 interval=1 step=1195 loss=1.16894
train_loss run=0 interval=1 step=1196 loss=1.06321
train_loss run=0 interval=1 step=1197 loss=1.10835
train_loss run=0 interval=1 step=1198 loss=1.15193
train_loss run=0 interval=1 step=1199 loss=1.11129
train_loss run=0 interval=1 step=1200 loss=1.10075
train_loss run=0 interval=1 step=1201 loss=1.04733
train_loss run=0 interval=1 step=1202 loss=1.0668
train_loss run=0 interval=1 step=1203 loss=1.12286
train_loss run=0 interval=1 step=1204 loss=1.06522
train_loss run=0 interval=1 step=1205 loss=1.00043
train_loss run=0 interval=1 step=1206 loss=1.1632
train_loss run=0 interval=1 step=1207 loss=1.06221
train_loss run=0 interval=1 step=1208 loss=1.06678
train_loss run=0 interval=1 step=1209 loss=1.0097
train_loss run=0 interval=1 step=1210 loss=1.0922
train_loss run=0 interval=1 step=1211 loss=1.05046
train_loss run=0 interval=1 step=1212 loss=1.13743
train_loss run=0 interval=1 step=1213 loss=1.104
train_loss run=0 interval=1 step=1214 loss=1.05754
train_loss run=0 interval=1 step=1215 loss=1.03586
train_loss run=0 interval=1 step=1216 loss=1.10687
train_loss run=0 interval=1 step=1217 loss=1.06575
train_loss run=0 interval=1 step=1218 loss=1.10935
train_loss run=0 interval=1 step=1219 loss=1.07132
train_loss run=0 interval=1 step=1220 loss=1.10938
train_loss run=0 interval=1 step=1221 loss=1.06873
train_loss run=0 interval=1 step=1222 loss=1.12485
train_loss run=0 interval=1 step=1223 loss=1.14258
train_loss run=0 interval=1 step=1224 loss=1.08709
train_loss run=0 interval=1 step=1225 loss=1.06143
train_loss run=0 interval=1 step=1226 loss=1.06576
train_loss run=0 interval=1 step=1227 loss=1.10462
train_loss run=0 interval=1 step=1228 loss=1.10043
train_loss run=0 interval=1 step=1229 loss=1.05426
train_loss run=0 interval=1 step=1230 loss=1.07161
train_loss run=0 interval=1 step=1231 loss=1.07284
train_loss run=0 interval=1 step=1232 loss=1.0606
train_loss run=0 interval=1 step=1233 loss=1.06549
train_loss run=0 interval=1 step=1234 loss=1.06809
train_loss run=0 interval=1 step=1235 loss=1.15054
train_loss run=0 interval=1 step=1236 loss=1.02085
train_loss run=0 interval=1 step=1237 loss=1.09574
train_loss run=0 interval=1 step=1238 loss=1.03145
train_loss run=0 interval=1 step=1239 loss=1.07938
train_loss run=0 interval=1 step=1240 loss=1.09656
train_loss run=0 interval=1 step=1241 loss=1.08092
train_loss run=0 interval=1 step=1242 loss=1.00338
train_loss run=0 interval=1 step=1243 loss=1.16212
train_loss run=0 interval=1 step=1244 loss=1.02568
train_loss run=0 interval=1 step=1245 loss=1.08527
train_loss run=0 interval=1 step=1246 loss=1.0611
train_loss run=0 interval=1 step=1247 loss=1.04119
train_loss run=0 interval=1 step=1248 loss=1.0623
train_loss run=0 interval=1 step=1249 loss=1.09498
train_loss run=0 interval=1 step=1250 loss=1.03709
train_loss run=0 interval=1 step=1251 loss=1.04349
train_loss run=0 interval=1 step=1252 loss=1.05407
train_loss run=0 interval=1 step=1253 loss=1.11343
train_loss run=0 interval=1 step=1254 loss=1.04302
train_loss run=0 interval=1 step=1255 loss=1.01855
train_loss run=0 interval=1 step=1256 loss=1.10397
train_loss run=0 interval=1 step=1257 loss=1.06305
train_loss run=0 interval=1 step=1258 loss=1.04971
train_loss run=0 interval=1 step=1259 loss=1.12564
train_loss run=0 interval=1 step=1260 loss=1.08717
train_loss run=0 interval=1 step=1261 loss=1.018
train_loss run=0 interval=1 step=1262 loss=1.10051
train_loss run=0 interval=1 step=1263 loss=1.07421
train_loss run=0 interval=1 step=1264 loss=1.07688
train_loss run=0 interval=1 step=1265 loss=1.06051
train_loss run=0 interval=1 step=1266 loss=1.00887
train_loss run=0 interval=1 step=1267 loss=1.05205
train_loss run=0 interval=1 step=1268 loss=1.05441
train_loss run=0 interval=1 step=1269 loss=1.04223
train_loss run=0 interval=1 step=1270 loss=1.09209
train_loss run=0 interval=1 step=1271 loss=1.00411
train_loss run=0 interval=1 step=1272 loss=1.10938
train_loss run=0 interval=1 step=1273 loss=1.10809
train_loss run=0 interval=1 step=1274 loss=1.0528
train_loss run=0 interval=1 step=1275 loss=1.03563
train_loss run=0 interval=1 step=1276 loss=1.06682
train_loss run=0 interval=1 step=1277 loss=1.12884
train_loss run=0 interval=1 step=1278 loss=1.09405
train_loss run=0 interval=1 step=1279 loss=1.05648
train_loss run=0 interval=1 step=1280 loss=1.02762
interval_boundary_eval run=0 interval=1 step=1280 total_steps=3200 tta_val_acc=0.9015
main hparams: muon_lr=0.017 muon_momentum=0.6 bias_lr=8.1 head_lr=100 main=0.9074, best_cooldown=0.9313
muon_lr=0.006 muon_momentum=0.6 bias_lr=0.081 head_lr=63 -> tta_val_acc=0.9294
muon_lr=0.0036 muon_momentum=0.6 bias_lr=0.081 head_lr=63 -> tta_val_acc=0.9311
muon_lr=0.0022 muon_momentum=0.6 bias_lr=0.081 head_lr=63 -> tta_val_acc=0.9308
muon_lr=0.0013 muon_momentum=0.6 bias_lr=0.081 head_lr=63 -> tta_val_acc=0.9292
muon_lr=0.0036 muon_momentum=0.6 bias_lr=0.049 head_lr=63 -> tta_val_acc=0.9313
muon_lr=0.0036 muon_momentum=0.6 bias_lr=0.029 head_lr=63 -> tta_val_acc=0.9308
muon_lr=0.0022 muon_momentum=0.6 bias_lr=0.049 head_lr=63 -> tta_val_acc=0.9308
muon_lr=0.006 muon_momentum=0.6 bias_lr=0.049 head_lr=63 -> tta_val_acc=0.9304
muon_lr=0.0036 muon_momentum=0.6 bias_lr=0.14 head_lr=63 -> tta_val_acc=0.9311
muon_lr=0.0036 muon_momentum=0.6 bias_lr=0.23 head_lr=63 -> tta_val_acc=0.9312
muon_lr=0.0036 muon_momentum=0.6 bias_lr=0.38 head_lr=63 -> tta_val_acc=0.9312
muon_lr=0.0036 muon_momentum=0.6 bias_lr=0.63 head_lr=63 -> tta_val_acc=0.9303
muon_lr=0.0036 muon_momentum=0.6 bias_lr=0.049 head_lr=38 -> tta_val_acc=0.9308
muon_lr=0.0036 muon_momentum=0.6 bias_lr=0.049 head_lr=100 -> tta_val_acc=0.9307
search_path step=0 muon_lr=0.006 muon_momentum=0.6 bias_lr=0.081 head_lr=63 tta_val_acc=0.9294
search_path step=1 muon_lr=0.0036 muon_momentum=0.6 bias_lr=0.081 head_lr=63 tta_val_acc=0.9311
search_path step=2 muon_lr=0.0036 muon_momentum=0.6 bias_lr=0.049 head_lr=63 tta_val_acc=0.9313
main hparams: muon_lr=0.01 muon_momentum=0.6 bias_lr=8.1 head_lr=100 main=0.919, best_cooldown=0.9325
muon_lr=0.0036 muon_momentum=0.6 bias_lr=0.049 head_lr=63 -> tta_val_acc=0.9321
muon_lr=0.0022 muon_momentum=0.6 bias_lr=0.049 head_lr=63 -> tta_val_acc=0.9325
muon_lr=0.0013 muon_momentum=0.6 bias_lr=0.049 head_lr=63 -> tta_val_acc=0.932
muon_lr=0.006 muon_momentum=0.6 bias_lr=0.049 head_lr=63 -> tta_val_acc=0.932
search_path step=0 muon_lr=0.0036 muon_momentum=0.6 bias_lr=0.049 head_lr=63 tta_val_acc=0.9321
search_path step=1 muon_lr=0.0022 muon_momentum=0.6 bias_lr=0.049 head_lr=63 tta_val_acc=0.9325
main hparams: muon_lr=0.006 muon_momentum=0.6 bias_lr=8.1 head_lr=100 main=0.9237, best_cooldown=0.9333
muon_lr=0.0036 muon_momentum=0.6 bias_lr=0.049 head_lr=63 -> tta_val_acc=0.9317
muon_lr=0.0022 muon_momentum=0.6 bias_lr=0.049 head_lr=63 -> tta_val_acc=0.9333
muon_lr=0.0013 muon_momentum=0.6 bias_lr=0.049 head_lr=63 -> tta_val_acc=0.9323
search_path step=0 muon_lr=0.0036 muon_momentum=0.6 bias_lr=0.049 head_lr=63 tta_val_acc=0.9317
search_path step=1 muon_lr=0.0022 muon_momentum=0.6 bias_lr=0.049 head_lr=63 tta_val_acc=0.9333
main hparams: muon_lr=0.0036 muon_momentum=0.6 bias_lr=8.1 head_lr=100 main=0.9254, best_cooldown=0.9324
muon_lr=0.0036 muon_momentum=0.6 bias_lr=0.049 head_lr=63 -> tta_val_acc=0.9324
muon_lr=0.0022 muon_momentum=0.6 bias_lr=0.049 head_lr=63 -> tta_val_acc=0.9323
muon_lr=0.0013 muon_momentum=0.6 bias_lr=0.049 head_lr=63 -> tta_val_acc=0.9319
muon_lr=0.006 muon_momentum=0.6 bias_lr=0.049 head_lr=63 -> tta_val_acc=0.9309
search_path step=0 muon_lr=0.0036 muon_momentum=0.6 bias_lr=0.049 head_lr=63 tta_val_acc=0.9324
main hparams: muon_lr=0.006 muon_momentum=0.6 bias_lr=8.1 head_lr=100 main=0.9237, best_cooldown=0.9333
muon_lr=0.0036 muon_momentum=0.6 bias_lr=0.049 head_lr=63 -> tta_val_acc=0.9317
muon_lr=0.0022 muon_momentum=0.6 bias_lr=0.049 head_lr=63 -> tta_val_acc=0.9333
muon_lr=0.0013 muon_momentum=0.6 bias_lr=0.049 head_lr=63 -> tta_val_acc=0.9323
muon_lr=0.0022 muon_momentum=0.6 bias_lr=0.029 head_lr=63 -> tta_val_acc=0.933
muon_lr=0.0022 muon_momentum=0.6 bias_lr=0.018 head_lr=63 -> tta_val_acc=0.9332
muon_lr=0.0022 muon_momentum=0.6 bias_lr=0.011 head_lr=63 -> tta_val_acc=0.933
muon_lr=0.0022 muon_momentum=0.6 bias_lr=0.081 head_lr=63 -> tta_val_acc=0.9331
muon_lr=0.0022 muon_momentum=0.6 bias_lr=0.14 head_lr=63 -> tta_val_acc=0.9322
muon_lr=0.0022 muon_momentum=0.6 bias_lr=0.049 head_lr=38 -> tta_val_acc=0.9331
muon_lr=0.0022 muon_momentum=0.6 bias_lr=0.049 head_lr=23 -> tta_val_acc=0.9329
muon_lr=0.0022 muon_momentum=0.6 bias_lr=0.049 head_lr=14 -> tta_val_acc=0.9328
muon_lr=0.0022 muon_momentum=0.6 bias_lr=0.049 head_lr=100 -> tta_val_acc=0.9328
muon_lr=0.0022 muon_momentum=0.6 bias_lr=0.049 head_lr=170 -> tta_val_acc=0.9326
search_path step=0 muon_lr=0.0022 muon_momentum=0.6 bias_lr=0.049 head_lr=63 tta_val_acc=0.9333
main hparams: muon_lr=0.006 muon_momentum=0.5 bias_lr=8.1 head_lr=100 main=0.9253, best_cooldown=0.9333
muon_lr=0.0022 muon_momentum=0.5 bias_lr=0.049 head_lr=63 -> tta_val_acc=0.9333
muon_lr=0.0013 muon_momentum=0.5 bias_lr=0.049 head_lr=63 -> tta_val_acc=0.9325
muon_lr=0.0036 muon_momentum=0.5 bias_lr=0.049 head_lr=63 -> tta_val_acc=0.9332
muon_lr=0.006 muon_momentum=0.5 bias_lr=0.049 head_lr=63 -> tta_val_acc=0.9316
search_path step=0 muon_lr=0.0022 muon_momentum=0.5 bias_lr=0.049 head_lr=63 tta_val_acc=0.9333
main hparams: muon_lr=0.006 muon_momentum=0.4 bias_lr=8.1 head_lr=100 main=0.9255, best_cooldown=0.9328
muon_lr=0.0022 muon_momentum=0.4 bias_lr=0.049 head_lr=63 -> tta_val_acc=0.932
muon_lr=0.0013 muon_momentum=0.4 bias_lr=0.049 head_lr=63 -> tta_val_acc=0.932
muon_lr=0.00078 muon_momentum=0.4 bias_lr=0.049 head_lr=63 -> tta_val_acc=0.9323
muon_lr=0.00047 muon_momentum=0.4 bias_lr=0.049 head_lr=63 -> tta_val_acc=0.9316
muon_lr=0.0036 muon_momentum=0.4 bias_lr=0.049 head_lr=63 -> tta_val_acc=0.9328
muon_lr=0.006 muon_momentum=0.4 bias_lr=0.049 head_lr=63 -> tta_val_acc=0.9316
search_path step=0 muon_lr=0.0022 muon_momentum=0.4 bias_lr=0.049 head_lr=63 tta_val_acc=0.932
search_path step=1 muon_lr=0.00078 muon_momentum=0.4 bias_lr=0.049 head_lr=63 tta_val_acc=0.9323
search_path step=2 muon_lr=0.0036 muon_momentum=0.4 bias_lr=0.049 head_lr=63 tta_val_acc=0.9328
main hparams: muon_lr=0.006 muon_momentum=0.3 bias_lr=8.1 head_lr=100 main=0.9256, best_cooldown=0.9325
muon_lr=0.0022 muon_momentum=0.3 bias_lr=0.049 head_lr=63 -> tta_val_acc=0.9323
muon_lr=0.0013 muon_momentum=0.3 bias_lr=0.049 head_lr=63 -> tta_val_acc=0.9325
muon_lr=0.00078 muon_momentum=0.3 bias_lr=0.049 head_lr=63 -> tta_val_acc=0.9319
muon_lr=0.0036 muon_momentum=0.3 bias_lr=0.049 head_lr=63 -> tta_val_acc=0.9323
muon_lr=0.006 muon_momentum=0.3 bias_lr=0.049 head_lr=63 -> tta_val_acc=0.9317
search_path step=0 muon_lr=0.0022 muon_momentum=0.3 bias_lr=0.049 head_lr=63 tta_val_acc=0.9323
search_path step=1 muon_lr=0.0013 muon_momentum=0.3 bias_lr=0.049 head_lr=63 tta_val_acc=0.9325
main hparams: muon_lr=0.006 muon_momentum=0.7 bias_lr=8.1 head_lr=100 main=0.9239, best_cooldown=0.9333
muon_lr=0.0022 muon_momentum=0.7 bias_lr=0.049 head_lr=63 -> tta_val_acc=0.9321
muon_lr=0.0013 muon_momentum=0.7 bias_lr=0.049 head_lr=63 -> tta_val_acc=0.9331
muon_lr=0.00078 muon_momentum=0.7 bias_lr=0.049 head_lr=63 -> tta_val_acc=0.9333
muon_lr=0.00047 muon_momentum=0.7 bias_lr=0.049 head_lr=63 -> tta_val_acc=0.9326
search_path step=0 muon_lr=0.0022 muon_momentum=0.7 bias_lr=0.049 head_lr=63 tta_val_acc=0.9321
search_path step=1 muon_lr=0.00078 muon_momentum=0.7 bias_lr=0.049 head_lr=63 tta_val_acc=0.9333
main hparams: muon_lr=0.006 muon_momentum=0.8 bias_lr=8.1 head_lr=100 main=0.9212, best_cooldown=0.9332
muon_lr=0.0022 muon_momentum=0.8 bias_lr=0.049 head_lr=63 -> tta_val_acc=0.9332
muon_lr=0.0013 muon_momentum=0.8 bias_lr=0.049 head_lr=63 -> tta_val_acc=0.9326
muon_lr=0.0036 muon_momentum=0.8 bias_lr=0.049 head_lr=63 -> tta_val_acc=0.9309
search_path step=0 muon_lr=0.0022 muon_momentum=0.8 bias_lr=0.049 head_lr=63 tta_val_acc=0.9332
main hparams: muon_lr=0.006 muon_momentum=0.9 bias_lr=8.1 head_lr=100 main=0.917, best_cooldown=0.9328
muon_lr=0.0022 muon_momentum=0.9 bias_lr=0.049 head_lr=63 -> tta_val_acc=0.9321
muon_lr=0.0013 muon_momentum=0.9 bias_lr=0.049 head_lr=63 -> tta_val_acc=0.9328
muon_lr=0.00078 muon_momentum=0.9 bias_lr=0.049 head_lr=63 -> tta_val_acc=0.9328
muon_lr=0.00047 muon_momentum=0.9 bias_lr=0.049 head_lr=63 -> tta_val_acc=0.9313
search_path step=0 muon_lr=0.0022 muon_momentum=0.9 bias_lr=0.049 head_lr=63 tta_val_acc=0.9321
search_path step=1 muon_lr=0.0013 muon_momentum=0.9 bias_lr=0.049 head_lr=63 tta_val_acc=0.9328
main hparams: muon_lr=0.006 muon_momentum=0.95 bias_lr=8.1 head_lr=100 main=0.9044, best_cooldown=0.9323
muon_lr=0.0022 muon_momentum=0.95 bias_lr=0.049 head_lr=63 -> tta_val_acc=0.9318
muon_lr=0.0013 muon_momentum=0.95 bias_lr=0.049 head_lr=63 -> tta_val_acc=0.9323
muon_lr=0.00078 muon_momentum=0.95 bias_lr=0.049 head_lr=63 -> tta_val_acc=0.9308
search_path step=0 muon_lr=0.0022 muon_momentum=0.95 bias_lr=0.049 head_lr=63 tta_val_acc=0.9318
search_path step=1 muon_lr=0.0013 muon_momentum=0.95 bias_lr=0.049 head_lr=63 tta_val_acc=0.9323
main hparams: muon_lr=0.006 muon_momentum=0.6 bias_lr=4.9 head_lr=100 main=0.9279, best_cooldown=0.9334
muon_lr=0.0022 muon_momentum=0.6 bias_lr=0.049 head_lr=63 -> tta_val_acc=0.933
muon_lr=0.0022 muon_momentum=0.6 bias_lr=0.029 head_lr=63 -> tta_val_acc=0.9328
muon_lr=0.0022 muon_momentum=0.6 bias_lr=0.018 head_lr=63 -> tta_val_acc=0.9325
muon_lr=0.0022 muon_momentum=0.6 bias_lr=0.011 head_lr=63 -> tta_val_acc=0.933
muon_lr=0.0022 muon_momentum=0.6 bias_lr=0.081 head_lr=63 -> tta_val_acc=0.9327
muon_lr=0.0022 muon_momentum=0.6 bias_lr=0.14 head_lr=63 -> tta_val_acc=0.9334
muon_lr=0.0022 muon_momentum=0.6 bias_lr=0.23 head_lr=63 -> tta_val_acc=0.9325
search_path step=0 muon_lr=0.0022 muon_momentum=0.6 bias_lr=0.049 head_lr=63 tta_val_acc=0.933
search_path step=1 muon_lr=0.0022 muon_momentum=0.6 bias_lr=0.14 head_lr=63 tta_val_acc=0.9334
main hparams: muon_lr=0.006 muon_momentum=0.6 bias_lr=2.9 head_lr=100 main=0.9292, best_cooldown=0.9337
muon_lr=0.0022 muon_momentum=0.6 bias_lr=0.049 head_lr=63 -> tta_val_acc=0.9335
muon_lr=0.0022 muon_momentum=0.6 bias_lr=0.029 head_lr=63 -> tta_val_acc=0.9337
muon_lr=0.0022 muon_momentum=0.6 bias_lr=0.018 head_lr=63 -> tta_val_acc=0.9334
muon_lr=0.0022 muon_momentum=0.6 bias_lr=0.011 head_lr=63 -> tta_val_acc=0.9333
muon_lr=0.0022 muon_momentum=0.6 bias_lr=0.0063 head_lr=63 -> tta_val_acc=0.9335
muon_lr=0.0022 muon_momentum=0.6 bias_lr=0.081 head_lr=63 -> tta_val_acc=0.9336
muon_lr=0.0022 muon_momentum=0.6 bias_lr=0.14 head_lr=63 -> tta_val_acc=0.9335
muon_lr=0.0022 muon_momentum=0.6 bias_lr=0.23 head_lr=63 -> tta_val_acc=0.9332
muon_lr=0.0022 muon_momentum=0.6 bias_lr=0.38 head_lr=63 -> tta_val_acc=0.9329
search_path step=0 muon_lr=0.0022 muon_momentum=0.6 bias_lr=0.049 head_lr=63 tta_val_acc=0.9335
search_path step=1 muon_lr=0.0022 muon_momentum=0.6 bias_lr=0.029 head_lr=63 tta_val_acc=0.9337
main hparams: muon_lr=0.006 muon_momentum=0.6 bias_lr=1.7 head_lr=100 main=0.9291, best_cooldown=0.9334
muon_lr=0.0022 muon_momentum=0.6 bias_lr=0.049 head_lr=63 -> tta_val_acc=0.9329
muon_lr=0.0022 muon_momentum=0.6 bias_lr=0.029 head_lr=63 -> tta_val_acc=0.9329
muon_lr=0.0022 muon_momentum=0.6 bias_lr=0.018 head_lr=63 -> tta_val_acc=0.9332
muon_lr=0.0022 muon_momentum=0.6 bias_lr=0.011 head_lr=63 -> tta_val_acc=0.9327
muon_lr=0.0022 muon_momentum=0.6 bias_lr=0.081 head_lr=63 -> tta_val_acc=0.9334
muon_lr=0.0022 muon_momentum=0.6 bias_lr=0.14 head_lr=63 -> tta_val_acc=0.9333
muon_lr=0.0022 muon_momentum=0.6 bias_lr=0.23 head_lr=63 -> tta_val_acc=0.9327
search_path step=0 muon_lr=0.0022 muon_momentum=0.6 bias_lr=0.049 head_lr=63 tta_val_acc=0.9329
search_path step=1 muon_lr=0.0022 muon_momentum=0.6 bias_lr=0.018 head_lr=63 tta_val_acc=0.9332
search_path step=2 muon_lr=0.0022 muon_momentum=0.6 bias_lr=0.081 head_lr=63 tta_val_acc=0.9334
main hparams: muon_lr=0.006 muon_momentum=0.6 bias_lr=1 head_lr=100 main=0.931, best_cooldown=0.9327
muon_lr=0.0022 muon_momentum=0.6 bias_lr=0.049 head_lr=63 -> tta_val_acc=0.9323
muon_lr=0.0022 muon_momentum=0.6 bias_lr=0.029 head_lr=63 -> tta_val_acc=0.9322
muon_lr=0.0022 muon_momentum=0.6 bias_lr=0.018 head_lr=63 -> tta_val_acc=0.9327
muon_lr=0.0022 muon_momentum=0.6 bias_lr=0.011 head_lr=63 -> tta_val_acc=0.9325
muon_lr=0.0022 muon_momentum=0.6 bias_lr=0.0063 head_lr=63 -> tta_val_acc=0.9325
muon_lr=0.0022 muon_momentum=0.6 bias_lr=0.0038 head_lr=63 -> tta_val_acc=0.9322
search_path step=0 muon_lr=0.0022 muon_momentum=0.6 bias_lr=0.049 head_lr=63 tta_val_acc=0.9323
search_path step=1 muon_lr=0.0022 muon_momentum=0.6 bias_lr=0.018 head_lr=63 tta_val_acc=0.9327
main hparams: muon_lr=0.006 muon_momentum=0.6 bias_lr=2.9 head_lr=100 main=0.9292, best_cooldown=0.9337
muon_lr=0.0022 muon_momentum=0.6 bias_lr=0.049 head_lr=63 -> tta_val_acc=0.9335
muon_lr=0.0022 muon_momentum=0.6 bias_lr=0.029 head_lr=63 -> tta_val_acc=0.9337
muon_lr=0.0022 muon_momentum=0.6 bias_lr=0.018 head_lr=63 -> tta_val_acc=0.9334
muon_lr=0.0022 muon_momentum=0.6 bias_lr=0.011 head_lr=63 -> tta_val_acc=0.9333
muon_lr=0.0022 muon_momentum=0.6 bias_lr=0.0063 head_lr=63 -> tta_val_acc=0.9335
muon_lr=0.0022 muon_momentum=0.6 bias_lr=0.081 head_lr=63 -> tta_val_acc=0.9336
muon_lr=0.0022 muon_momentum=0.6 bias_lr=0.14 head_lr=63 -> tta_val_acc=0.9335
muon_lr=0.0022 muon_momentum=0.6 bias_lr=0.23 head_lr=63 -> tta_val_acc=0.9332
muon_lr=0.0022 muon_momentum=0.6 bias_lr=0.38 head_lr=63 -> tta_val_acc=0.9329
muon_lr=0.0013 muon_momentum=0.6 bias_lr=0.029 head_lr=63 -> tta_val_acc=0.9329
muon_lr=0.0036 muon_momentum=0.6 bias_lr=0.029 head_lr=63 -> tta_val_acc=0.9323
muon_lr=0.0022 muon_momentum=0.6 bias_lr=0.029 head_lr=38 -> tta_val_acc=0.9335
muon_lr=0.0022 muon_momentum=0.6 bias_lr=0.029 head_lr=23 -> tta_val_acc=0.9334
muon_lr=0.0022 muon_momentum=0.6 bias_lr=0.029 head_lr=14 -> tta_val_acc=0.9335
muon_lr=0.0022 muon_momentum=0.6 bias_lr=0.029 head_lr=100 -> tta_val_acc=0.9333
muon_lr=0.0022 muon_momentum=0.6 bias_lr=0.029 head_lr=170 -> tta_val_acc=0.9331
search_path step=0 muon_lr=0.0022 muon_momentum=0.6 bias_lr=0.029 head_lr=63 tta_val_acc=0.9337
main hparams: muon_lr=0.0036 muon_momentum=0.6 bias_lr=2.9 head_lr=100 main=0.9291, best_cooldown=0.9327
muon_lr=0.0022 muon_momentum=0.6 bias_lr=0.029 head_lr=63 -> tta_val_acc=0.9314
muon_lr=0.0013 muon_momentum=0.6 bias_lr=0.029 head_lr=63 -> tta_val_acc=0.9327
muon_lr=0.00078 muon_momentum=0.6 bias_lr=0.029 head_lr=63 -> tta_val_acc=0.9327
muon_lr=0.00047 muon_momentum=0.6 bias_lr=0.029 head_lr=63 -> tta_val_acc=0.9311
search_path step=0 muon_lr=0.0022 muon_momentum=0.6 bias_lr=0.029 head_lr=63 tta_val_acc=0.9314
search_path step=1 muon_lr=0.0013 muon_momentum=0.6 bias_lr=0.029 head_lr=63 tta_val_acc=0.9327
main hparams: muon_lr=0.01 muon_momentum=0.6 bias_lr=2.9 head_lr=100 main=0.9235, best_cooldown=0.9341
muon_lr=0.0022 muon_momentum=0.6 bias_lr=0.029 head_lr=63 -> tta_val_acc=0.9338
muon_lr=0.0013 muon_momentum=0.6 bias_lr=0.029 head_lr=63 -> tta_val_acc=0.9341
muon_lr=0.00078 muon_momentum=0.6 bias_lr=0.029 head_lr=63 -> tta_val_acc=0.933
muon_lr=0.0036 muon_momentum=0.6 bias_lr=0.029 head_lr=63 -> tta_val_acc=0.9329
search_path step=0 muon_lr=0.0022 muon_momentum=0.6 bias_lr=0.029 head_lr=63 tta_val_acc=0.9338
search_path step=1 muon_lr=0.0013 muon_momentum=0.6 bias_lr=0.029 head_lr=63 tta_val_acc=0.9341
main hparams: muon_lr=0.017 muon_momentum=0.6 bias_lr=2.9 head_lr=100 main=0.9086, best_cooldown=0.932
muon_lr=0.0022 muon_momentum=0.6 bias_lr=0.029 head_lr=63 -> tta_val_acc=0.9317
muon_lr=0.0013 muon_momentum=0.6 bias_lr=0.029 head_lr=63 -> tta_val_acc=0.9293
muon_lr=0.0036 muon_momentum=0.6 bias_lr=0.029 head_lr=63 -> tta_val_acc=0.932
muon_lr=0.006 muon_momentum=0.6 bias_lr=0.029 head_lr=63 -> tta_val_acc=0.9308
search_path step=0 muon_lr=0.0022 muon_momentum=0.6 bias_lr=0.029 head_lr=63 tta_val_acc=0.9317
search_path step=1 muon_lr=0.0036 muon_momentum=0.6 bias_lr=0.029 head_lr=63 tta_val_acc=0.932
main hparams: muon_lr=0.01 muon_momentum=0.6 bias_lr=2.9 head_lr=100 main=0.9235, best_cooldown=0.9341
muon_lr=0.0022 muon_momentum=0.6 bias_lr=0.029 head_lr=63 -> tta_val_acc=0.9338
muon_lr=0.0013 muon_momentum=0.6 bias_lr=0.029 head_lr=63 -> tta_val_acc=0.9341
muon_lr=0.00078 muon_momentum=0.6 bias_lr=0.029 head_lr=63 -> tta_val_acc=0.933
muon_lr=0.0036 muon_momentum=0.6 bias_lr=0.029 head_lr=63 -> tta_val_acc=0.9329
muon_lr=0.0013 muon_momentum=0.6 bias_lr=0.018 head_lr=63 -> tta_val_acc=0.934
muon_lr=0.0013 muon_momentum=0.6 bias_lr=0.011 head_lr=63 -> tta_val_acc=0.9338
muon_lr=0.0013 muon_momentum=0.6 bias_lr=0.0063 head_lr=63 -> tta_val_acc=0.9338
muon_lr=0.0013 muon_momentum=0.6 bias_lr=0.049 head_lr=63 -> tta_val_acc=0.9341
muon_lr=0.0013 muon_momentum=0.6 bias_lr=0.081 head_lr=63 -> tta_val_acc=0.9341
muon_lr=0.0013 muon_momentum=0.6 bias_lr=0.14 head_lr=63 -> tta_val_acc=0.934
muon_lr=0.0013 muon_momentum=0.6 bias_lr=0.23 head_lr=63 -> tta_val_acc=0.9337
muon_lr=0.0013 muon_momentum=0.6 bias_lr=0.38 head_lr=63 -> tta_val_acc=0.9334
muon_lr=0.0013 muon_momentum=0.6 bias_lr=0.029 head_lr=38 -> tta_val_acc=0.9341
muon_lr=0.0013 muon_momentum=0.6 bias_lr=0.029 head_lr=23 -> tta_val_acc=0.9337
muon_lr=0.0013 muon_momentum=0.6 bias_lr=0.029 head_lr=14 -> tta_val_acc=0.9341
muon_lr=0.0013 muon_momentum=0.6 bias_lr=0.029 head_lr=100 -> tta_val_acc=0.9337
muon_lr=0.0013 muon_momentum=0.6 bias_lr=0.029 head_lr=170 -> tta_val_acc=0.9332
search_path step=0 muon_lr=0.0013 muon_momentum=0.6 bias_lr=0.029 head_lr=63 tta_val_acc=0.9341
main hparams: muon_lr=0.01 muon_momentum=0.5 bias_lr=2.9 head_lr=100 main=0.9268, best_cooldown=0.9339
muon_lr=0.0013 muon_momentum=0.5 bias_lr=0.029 head_lr=63 -> tta_val_acc=0.9335
muon_lr=0.00078 muon_momentum=0.5 bias_lr=0.029 head_lr=63 -> tta_val_acc=0.933
muon_lr=0.0022 muon_momentum=0.5 bias_lr=0.029 head_lr=63 -> tta_val_acc=0.9339
muon_lr=0.0036 muon_momentum=0.5 bias_lr=0.029 head_lr=63 -> tta_val_acc=0.9333
search_path step=0 muon_lr=0.0013 muon_momentum=0.5 bias_lr=0.029 head_lr=63 tta_val_acc=0.9335
search_path step=1 muon_lr=0.0022 muon_momentum=0.5 bias_lr=0.029 head_lr=63 tta_val_acc=0.9339
main hparams: muon_lr=0.01 muon_momentum=0.4 bias_lr=2.9 head_lr=100 main=0.9277, best_cooldown=0.9329
muon_lr=0.0013 muon_momentum=0.4 bias_lr=0.029 head_lr=63 -> tta_val_acc=0.932
muon_lr=0.00078 muon_momentum=0.4 bias_lr=0.029 head_lr=63 -> tta_val_acc=0.9319
muon_lr=0.00047 muon_momentum=0.4 bias_lr=0.029 head_lr=63 -> tta_val_acc=0.9315
muon_lr=0.0022 muon_momentum=0.4 bias_lr=0.029 head_lr=63 -> tta_val_acc=0.9329
muon_lr=0.0036 muon_momentum=0.4 bias_lr=0.029 head_lr=63 -> tta_val_acc=0.9315
search_path step=0 muon_lr=0.0013 muon_momentum=0.4 bias_lr=0.029 head_lr=63 tta_val_acc=0.932
search_path step=1 muon_lr=0.0022 muon_momentum=0.4 bias_lr=0.029 head_lr=63 tta_val_acc=0.9329
main hparams: muon_lr=0.01 muon_momentum=0.7 bias_lr=2.9 head_lr=100 main=0.9222, best_cooldown=0.9346
muon_lr=0.0013 muon_momentum=0.7 bias_lr=0.029 head_lr=63 -> tta_val_acc=0.9342
muon_lr=0.00078 muon_momentum=0.7 bias_lr=0.029 head_lr=63 -> tta_val_acc=0.9324
muon_lr=0.0022 muon_momentum=0.7 bias_lr=0.029 head_lr=63 -> tta_val_acc=0.9346
muon_lr=0.0036 muon_momentum=0.7 bias_lr=0.029 head_lr=63 -> tta_val_acc=0.9334
search_path step=0 muon_lr=0.0013 muon_momentum=0.7 bias_lr=0.029 head_lr=63 tta_val_acc=0.9342
search_path step=1 muon_lr=0.0022 muon_momentum=0.7 bias_lr=0.029 head_lr=63 tta_val_acc=0.9346
main hparams: muon_lr=0.01 muon_momentum=0.8 bias_lr=2.9 head_lr=100 main=0.9131, best_cooldown=0.9336
muon_lr=0.0013 muon_momentum=0.8 bias_lr=0.029 head_lr=63 -> tta_val_acc=0.9328
muon_lr=0.00078 muon_momentum=0.8 bias_lr=0.029 head_lr=63 -> tta_val_acc=0.9303
muon_lr=0.0022 muon_momentum=0.8 bias_lr=0.029 head_lr=63 -> tta_val_acc=0.9336
muon_lr=0.0036 muon_momentum=0.8 bias_lr=0.029 head_lr=63 -> tta_val_acc=0.9322
search_path step=0 muon_lr=0.0013 muon_momentum=0.8 bias_lr=0.029 head_lr=63 tta_val_acc=0.9328
search_path step=1 muon_lr=0.0022 muon_momentum=0.8 bias_lr=0.029 head_lr=63 tta_val_acc=0.9336
main hparams: muon_lr=0.01 muon_momentum=0.7 bias_lr=2.9 head_lr=100 main=0.9222, best_cooldown=0.9346
muon_lr=0.0013 muon_momentum=0.7 bias_lr=0.029 head_lr=63 -> tta_val_acc=0.9342
muon_lr=0.00078 muon_momentum=0.7 bias_lr=0.029 head_lr=63 -> tta_val_acc=0.9324
muon_lr=0.0022 muon_momentum=0.7 bias_lr=0.029 head_lr=63 -> tta_val_acc=0.9346
muon_lr=0.0036 muon_momentum=0.7 bias_lr=0.029 head_lr=63 -> tta_val_acc=0.9334
muon_lr=0.0022 muon_momentum=0.7 bias_lr=0.018 head_lr=63 -> tta_val_acc=0.9344
muon_lr=0.0022 muon_momentum=0.7 bias_lr=0.011 head_lr=63 -> tta_val_acc=0.9342
muon_lr=0.0022 muon_momentum=0.7 bias_lr=0.0063 head_lr=63 -> tta_val_acc=0.9344
muon_lr=0.0022 muon_momentum=0.7 bias_lr=0.049 head_lr=63 -> tta_val_acc=0.9344
muon_lr=0.0022 muon_momentum=0.7 bias_lr=0.081 head_lr=63 -> tta_val_acc=0.9343
muon_lr=0.0022 muon_momentum=0.7 bias_lr=0.14 head_lr=63 -> tta_val_acc=0.9341
muon_lr=0.0022 muon_momentum=0.7 bias_lr=0.029 head_lr=38 -> tta_val_acc=0.9343
muon_lr=0.0022 muon_momentum=0.7 bias_lr=0.029 head_lr=23 -> tta_val_acc=0.9339
muon_lr=0.0022 muon_momentum=0.7 bias_lr=0.029 head_lr=100 -> tta_val_acc=0.9346
muon_lr=0.0022 muon_momentum=0.7 bias_lr=0.029 head_lr=170 -> tta_val_acc=0.9342
muon_lr=0.0022 muon_momentum=0.7 bias_lr=0.029 head_lr=290 -> tta_val_acc=0.9341
search_path step=0 muon_lr=0.0022 muon_momentum=0.7 bias_lr=0.029 head_lr=63 tta_val_acc=0.9346
main hparams: muon_lr=0.006 muon_momentum=0.7 bias_lr=2.9 head_lr=100 main=0.9279, best_cooldown=0.9335
muon_lr=0.0022 muon_momentum=0.7 bias_lr=0.029 head_lr=63 -> tta_val_acc=0.9322
muon_lr=0.0013 muon_momentum=0.7 bias_lr=0.029 head_lr=63 -> tta_val_acc=0.9335
muon_lr=0.00078 muon_momentum=0.7 bias_lr=0.029 head_lr=63 -> tta_val_acc=0.9334
muon_lr=0.00047 muon_momentum=0.7 bias_lr=0.029 head_lr=63 -> tta_val_acc=0.9335
muon_lr=0.00028 muon_momentum=0.7 bias_lr=0.029 head_lr=63 -> tta_val_acc=0.9325
search_path step=0 muon_lr=0.0022 muon_momentum=0.7 bias_lr=0.029 head_lr=63 tta_val_acc=0.9322
search_path step=1 muon_lr=0.0013 muon_momentum=0.7 bias_lr=0.029 head_lr=63 tta_val_acc=0.9335
main hparams: muon_lr=0.017 muon_momentum=0.7 bias_lr=2.9 head_lr=100 main=0.9014, best_cooldown=0.9336
muon_lr=0.0022 muon_momentum=0.7 bias_lr=0.029 head_lr=63 -> tta_val_acc=0.9323
muon_lr=0.0013 muon_momentum=0.7 bias_lr=0.029 head_lr=63 -> tta_val_acc=0.9303
muon_lr=0.0036 muon_momentum=0.7 bias_lr=0.029 head_lr=63 -> tta_val_acc=0.9336
muon_lr=0.006 muon_momentum=0.7 bias_lr=0.029 head_lr=63 -> tta_val_acc=0.9315
search_path step=0 muon_lr=0.0022 muon_momentum=0.7 bias_lr=0.029 head_lr=63 tta_val_acc=0.9323
search_path step=1 muon_lr=0.0036 muon_momentum=0.7 bias_lr=0.029 head_lr=63 tta_val_acc=0.9336
main hparams: muon_lr=0.01 muon_momentum=0.7 bias_lr=1.7 head_lr=100 main=0.9217, best_cooldown=0.9334
muon_lr=0.0022 muon_momentum=0.7 bias_lr=0.029 head_lr=63 -> tta_val_acc=0.9331
muon_lr=0.0022 muon_momentum=0.7 bias_lr=0.018 head_lr=63 -> tta_val_acc=0.9331
muon_lr=0.0022 muon_momentum=0.7 bias_lr=0.011 head_lr=63 -> tta_val_acc=0.933
muon_lr=0.0022 muon_momentum=0.7 bias_lr=0.0063 head_lr=63 -> tta_val_acc=0.9328
muon_lr=0.0022 muon_momentum=0.7 bias_lr=0.049 head_lr=63 -> tta_val_acc=0.9334
muon_lr=0.0022 muon_momentum=0.7 bias_lr=0.081 head_lr=63 -> tta_val_acc=0.9332
muon_lr=0.0022 muon_momentum=0.7 bias_lr=0.14 head_lr=63 -> tta_val_acc=0.9328
search_path step=0 muon_lr=0.0022 muon_momentum=0.7 bias_lr=0.029 head_lr=63 tta_val_acc=0.9331
search_path step=1 muon_lr=0.0022 muon_momentum=0.7 bias_lr=0.049 head_lr=63 tta_val_acc=0.9334
main hparams: muon_lr=0.01 muon_momentum=0.7 bias_lr=4.9 head_lr=100 main=0.9217, best_cooldown=0.9337
muon_lr=0.0022 muon_momentum=0.7 bias_lr=0.029 head_lr=63 -> tta_val_acc=0.9333
muon_lr=0.0022 muon_momentum=0.7 bias_lr=0.018 head_lr=63 -> tta_val_acc=0.9337
muon_lr=0.0022 muon_momentum=0.7 bias_lr=0.011 head_lr=63 -> tta_val_acc=0.9333
muon_lr=0.0022 muon_momentum=0.7 bias_lr=0.0063 head_lr=63 -> tta_val_acc=0.9337
muon_lr=0.0022 muon_momentum=0.7 bias_lr=0.0038 head_lr=63 -> tta_val_acc=0.9336
muon_lr=0.0022 muon_momentum=0.7 bias_lr=0.049 head_lr=63 -> tta_val_acc=0.9331
search_path step=0 muon_lr=0.0022 muon_momentum=0.7 bias_lr=0.029 head_lr=63 tta_val_acc=0.9333
search_path step=1 muon_lr=0.0022 muon_momentum=0.7 bias_lr=0.018 head_lr=63 tta_val_acc=0.9337
main hparams: muon_lr=0.01 muon_momentum=0.7 bias_lr=2.9 head_lr=63 main=0.9203, best_cooldown=0.9344
muon_lr=0.0022 muon_momentum=0.7 bias_lr=0.029 head_lr=63 -> tta_val_acc=0.9341
muon_lr=0.0022 muon_momentum=0.7 bias_lr=0.029 head_lr=38 -> tta_val_acc=0.9337
muon_lr=0.0022 muon_momentum=0.7 bias_lr=0.029 head_lr=23 -> tta_val_acc=0.9338
muon_lr=0.0022 muon_momentum=0.7 bias_lr=0.029 head_lr=14 -> tta_val_acc=0.9332
muon_lr=0.0022 muon_momentum=0.7 bias_lr=0.029 head_lr=100 -> tta_val_acc=0.9341
muon_lr=0.0022 muon_momentum=0.7 bias_lr=0.029 head_lr=170 -> tta_val_acc=0.9339
muon_lr=0.0022 muon_momentum=0.7 bias_lr=0.029 head_lr=290 -> tta_val_acc=0.9344
muon_lr=0.0022 muon_momentum=0.7 bias_lr=0.029 head_lr=480 -> tta_val_acc=0.9341
muon_lr=0.0022 muon_momentum=0.7 bias_lr=0.029 head_lr=800 -> tta_val_acc=0.9342
muon_lr=0.0022 muon_momentum=0.7 bias_lr=0.029 head_lr=1300 -> tta_val_acc=0.9344
muon_lr=0.0022 muon_momentum=0.7 bias_lr=0.029 head_lr=2200 -> tta_val_acc=0.9322
search_path step=0 muon_lr=0.0022 muon_momentum=0.7 bias_lr=0.029 head_lr=63 tta_val_acc=0.9341
search_path step=1 muon_lr=0.0022 muon_momentum=0.7 bias_lr=0.029 head_lr=1300 tta_val_acc=0.9344
main hparams: muon_lr=0.01 muon_momentum=0.7 bias_lr=2.9 head_lr=38 main=0.9211, best_cooldown=0.9351
muon_lr=0.0022 muon_momentum=0.7 bias_lr=0.029 head_lr=63 -> tta_val_acc=0.9342
muon_lr=0.0022 muon_momentum=0.7 bias_lr=0.029 head_lr=38 -> tta_val_acc=0.9339
muon_lr=0.0022 muon_momentum=0.7 bias_lr=0.029 head_lr=23 -> tta_val_acc=0.9339
muon_lr=0.0022 muon_momentum=0.7 bias_lr=0.029 head_lr=14 -> tta_val_acc=0.9336
muon_lr=0.0022 muon_momentum=0.7 bias_lr=0.029 head_lr=100 -> tta_val_acc=0.9342
muon_lr=0.0022 muon_momentum=0.7 bias_lr=0.029 head_lr=170 -> tta_val_acc=0.9342
muon_lr=0.0022 muon_momentum=0.7 bias_lr=0.029 head_lr=290 -> tta_val_acc=0.9348
muon_lr=0.0022 muon_momentum=0.7 bias_lr=0.029 head_lr=480 -> tta_val_acc=0.9349
muon_lr=0.0022 muon_momentum=0.7 bias_lr=0.029 head_lr=800 -> tta_val_acc=0.9351
muon_lr=0.0022 muon_momentum=0.7 bias_lr=0.029 head_lr=1300 -> tta_val_acc=0.9329
search_path step=0 muon_lr=0.0022 muon_momentum=0.7 bias_lr=0.029 head_lr=63 tta_val_acc=0.9342
search_path step=1 muon_lr=0.0022 muon_momentum=0.7 bias_lr=0.029 head_lr=800 tta_val_acc=0.9351
main hparams: muon_lr=0.01 muon_momentum=0.7 bias_lr=2.9 head_lr=23 main=0.922, best_cooldown=0.9341
muon_lr=0.0022 muon_momentum=0.7 bias_lr=0.029 head_lr=63 -> tta_val_acc=0.9333
muon_lr=0.0022 muon_momentum=0.7 bias_lr=0.029 head_lr=38 -> tta_val_acc=0.9337
muon_lr=0.0022 muon_momentum=0.7 bias_lr=0.029 head_lr=23 -> tta_val_acc=0.9339
muon_lr=0.0022 muon_momentum=0.7 bias_lr=0.029 head_lr=14 -> tta_val_acc=0.9336
muon_lr=0.0022 muon_momentum=0.7 bias_lr=0.029 head_lr=8.1 -> tta_val_acc=0.9341
muon_lr=0.0022 muon_momentum=0.7 bias_lr=0.029 head_lr=4.9 -> tta_val_acc=0.9337
muon_lr=0.0022 muon_momentum=0.7 bias_lr=0.029 head_lr=2.9 -> tta_val_acc=0.9338
muon_lr=0.0022 muon_momentum=0.7 bias_lr=0.029 head_lr=1.8 -> tta_val_acc=0.9338
search_path step=0 muon_lr=0.0022 muon_momentum=0.7 bias_lr=0.029 head_lr=63 tta_val_acc=0.9333
search_path step=1 muon_lr=0.0022 muon_momentum=0.7 bias_lr=0.029 head_lr=8.1 tta_val_acc=0.9341
main hparams: muon_lr=0.01 muon_momentum=0.7 bias_lr=2.9 head_lr=38 main=0.9211, best_cooldown=0.9356
muon_lr=0.0022 muon_momentum=0.7 bias_lr=0.029 head_lr=63 -> tta_val_acc=0.9342
muon_lr=0.0022 muon_momentum=0.7 bias_lr=0.029 head_lr=38 -> tta_val_acc=0.9339
muon_lr=0.0022 muon_momentum=0.7 bias_lr=0.029 head_lr=23 -> tta_val_acc=0.9339
muon_lr=0.0022 muon_momentum=0.7 bias_lr=0.029 head_lr=14 -> tta_val_acc=0.9336
muon_lr=0.0022 muon_momentum=0.7 bias_lr=0.029 head_lr=100 -> tta_val_acc=0.9342
muon_lr=0.0022 muon_momentum=0.7 bias_lr=0.029 head_lr=170 -> tta_val_acc=0.9342
muon_lr=0.0022 muon_momentum=0.7 bias_lr=0.029 head_lr=290 -> tta_val_acc=0.9348
muon_lr=0.0022 muon_momentum=0.7 bias_lr=0.029 head_lr=480 -> tta_val_acc=0.9349
muon_lr=0.0022 muon_momentum=0.7 bias_lr=0.029 head_lr=800 -> tta_val_acc=0.9351
muon_lr=0.0022 muon_momentum=0.7 bias_lr=0.029 head_lr=1300 -> tta_val_acc=0.9329
muon_lr=0.0013 muon_momentum=0.7 bias_lr=0.029 head_lr=800 -> tta_val_acc=0.935
muon_lr=0.00078 muon_momentum=0.7 bias_lr=0.029 head_lr=800 -> tta_val_acc=0.9324
muon_lr=0.0036 muon_momentum=0.7 bias_lr=0.029 head_lr=800 -> tta_val_acc=0.9329
muon_lr=0.0022 muon_momentum=0.7 bias_lr=0.018 head_lr=800 -> tta_val_acc=0.9354
muon_lr=0.0022 muon_momentum=0.7 bias_lr=0.011 head_lr=800 -> tta_val_acc=0.9354
muon_lr=0.0022 muon_momentum=0.7 bias_lr=0.0063 head_lr=800 -> tta_val_acc=0.9354
muon_lr=0.0022 muon_momentum=0.7 bias_lr=0.0038 head_lr=800 -> tta_val_acc=0.9351
muon_lr=0.0013 muon_momentum=0.7 bias_lr=0.018 head_lr=800 -> tta_val_acc=0.9348
muon_lr=0.0036 muon_momentum=0.7 bias_lr=0.018 head_lr=800 -> tta_val_acc=0.9328
muon_lr=0.0022 muon_momentum=0.7 bias_lr=0.049 head_lr=800 -> tta_val_acc=0.9356
muon_lr=0.0022 muon_momentum=0.7 bias_lr=0.081 head_lr=800 -> tta_val_acc=0.9349
muon_lr=0.0013 muon_momentum=0.7 bias_lr=0.049 head_lr=800 -> tta_val_acc=0.9348
muon_lr=0.0036 muon_momentum=0.7 bias_lr=0.049 head_lr=800 -> tta_val_acc=0.933
muon_lr=0.0022 muon_momentum=0.7 bias_lr=0.049 head_lr=480 -> tta_val_acc=0.9349
muon_lr=0.0022 muon_momentum=0.7 bias_lr=0.049 head_lr=1300 -> tta_val_acc=0.933
search_path step=0 muon_lr=0.0022 muon_momentum=0.7 bias_lr=0.029 head_lr=800 tta_val_acc=0.9351
search_path step=1 muon_lr=0.0022 muon_momentum=0.7 bias_lr=0.018 head_lr=800 tta_val_acc=0.9354
search_path step=2 muon_lr=0.0022 muon_momentum=0.7 bias_lr=0.049 head_lr=800 tta_val_acc=0.9356
main hparams: muon_lr=0.006 muon_momentum=0.7 bias_lr=2.9 head_lr=38 main=0.9286, best_cooldown=0.9334
muon_lr=0.0022 muon_momentum=0.7 bias_lr=0.049 head_lr=800 -> tta_val_acc=0.9317
muon_lr=0.0013 muon_momentum=0.7 bias_lr=0.049 head_lr=800 -> tta_val_acc=0.933
muon_lr=0.00078 muon_momentum=0.7 bias_lr=0.049 head_lr=800 -> tta_val_acc=0.9334
muon_lr=0.00047 muon_momentum=0.7 bias_lr=0.049 head_lr=800 -> tta_val_acc=0.9324
search_path step=0 muon_lr=0.0022 muon_momentum=0.7 bias_lr=0.049 head_lr=800 tta_val_acc=0.9317
search_path step=1 muon_lr=0.00078 muon_momentum=0.7 bias_lr=0.049 head_lr=800 tta_val_acc=0.9334
main hparams: muon_lr=0.017 muon_momentum=0.7 bias_lr=2.9 head_lr=38 main=0.9022, best_cooldown=0.9319
muon_lr=0.0022 muon_momentum=0.7 bias_lr=0.049 head_lr=800 -> tta_val_acc=0.9313
muon_lr=0.0013 muon_momentum=0.7 bias_lr=0.049 head_lr=800 -> tta_val_acc=0.9287
muon_lr=0.0036 muon_momentum=0.7 bias_lr=0.049 head_lr=800 -> tta_val_acc=0.9319
muon_lr=0.006 muon_momentum=0.7 bias_lr=0.049 head_lr=800 -> tta_val_acc=0.9294
search_path step=0 muon_lr=0.0022 muon_momentum=0.7 bias_lr=0.049 head_lr=800 tta_val_acc=0.9313
search_path step=1 muon_lr=0.0036 muon_momentum=0.7 bias_lr=0.049 head_lr=800 tta_val_acc=0.9319
main hparams: muon_lr=0.01 muon_momentum=0.6 bias_lr=2.9 head_lr=38 main=0.9244, best_cooldown=0.9333
muon_lr=0.0022 muon_momentum=0.6 bias_lr=0.049 head_lr=800 -> tta_val_acc=0.9333
muon_lr=0.0013 muon_momentum=0.6 bias_lr=0.049 head_lr=800 -> tta_val_acc=0.9331
muon_lr=0.00078 muon_momentum=0.6 bias_lr=0.049 head_lr=800 -> tta_val_acc=0.9327
muon_lr=0.0036 muon_momentum=0.6 bias_lr=0.049 head_lr=800 -> tta_val_acc=0.9325
search_path step=0 muon_lr=0.0022 muon_momentum=0.6 bias_lr=0.049 head_lr=800 tta_val_acc=0.9333
main hparams: muon_lr=0.01 muon_momentum=0.8 bias_lr=2.9 head_lr=38 main=0.9168, best_cooldown=0.9321
muon_lr=0.0022 muon_momentum=0.8 bias_lr=0.049 head_lr=800 -> tta_val_acc=0.9321
muon_lr=0.0013 muon_momentum=0.8 bias_lr=0.049 head_lr=800 -> tta_val_acc=0.9312
muon_lr=0.0036 muon_momentum=0.8 bias_lr=0.049 head_lr=800 -> tta_val_acc=0.9317
muon_lr=0.006 muon_momentum=0.8 bias_lr=0.049 head_lr=800 -> tta_val_acc=0.9309
search_path step=0 muon_lr=0.0022 muon_momentum=0.8 bias_lr=0.049 head_lr=800 tta_val_acc=0.9321
main hparams: muon_lr=0.01 muon_momentum=0.7 bias_lr=1.7 head_lr=38 main=0.9223, best_cooldown=0.9346
muon_lr=0.0022 muon_momentum=0.7 bias_lr=0.049 head_lr=800 -> tta_val_acc=0.9339
muon_lr=0.0022 muon_momentum=0.7 bias_lr=0.029 head_lr=800 -> tta_val_acc=0.934
muon_lr=0.0022 muon_momentum=0.7 bias_lr=0.018 head_lr=800 -> tta_val_acc=0.934
muon_lr=0.0022 muon_momentum=0.7 bias_lr=0.011 head_lr=800 -> tta_val_acc=0.9341
muon_lr=0.0022 muon_momentum=0.7 bias_lr=0.0063 head_lr=800 -> tta_val_acc=0.9346
muon_lr=0.0022 muon_momentum=0.7 bias_lr=0.0038 head_lr=800 -> tta_val_acc=0.9344
muon_lr=0.0022 muon_momentum=0.7 bias_lr=0.0023 head_lr=800 -> tta_val_acc=0.9341
search_path step=0 muon_lr=0.0022 muon_momentum=0.7 bias_lr=0.049 head_lr=800 tta_val_acc=0.9339
search_path step=1 muon_lr=0.0022 muon_momentum=0.7 bias_lr=0.0063 head_lr=800 tta_val_acc=0.9346
main hparams: muon_lr=0.01 muon_momentum=0.7 bias_lr=4.9 head_lr=38 main=0.9218, best_cooldown=0.9346
muon_lr=0.0022 muon_momentum=0.7 bias_lr=0.049 head_lr=800 -> tta_val_acc=0.9342
muon_lr=0.0022 muon_momentum=0.7 bias_lr=0.029 head_lr=800 -> tta_val_acc=0.9343
muon_lr=0.0022 muon_momentum=0.7 bias_lr=0.018 head_lr=800 -> tta_val_acc=0.9341
muon_lr=0.0022 muon_momentum=0.7 bias_lr=0.011 head_lr=800 -> tta_val_acc=0.9344
muon_lr=0.0022 muon_momentum=0.7 bias_lr=0.0063 head_lr=800 -> tta_val_acc=0.934
muon_lr=0.0022 muon_momentum=0.7 bias_lr=0.0038 head_lr=800 -> tta_val_acc=0.9339
muon_lr=0.0022 muon_momentum=0.7 bias_lr=0.0023 head_lr=800 -> tta_val_acc=0.9342
muon_lr=0.0022 muon_momentum=0.7 bias_lr=0.081 head_lr=800 -> tta_val_acc=0.9339
muon_lr=0.0022 muon_momentum=0.7 bias_lr=0.14 head_lr=800 -> tta_val_acc=0.9341
muon_lr=0.0022 muon_momentum=0.7 bias_lr=0.23 head_lr=800 -> tta_val_acc=0.9346
muon_lr=0.0022 muon_momentum=0.7 bias_lr=0.38 head_lr=800 -> tta_val_acc=0.9337
search_path step=0 muon_lr=0.0022 muon_momentum=0.7 bias_lr=0.049 head_lr=800 tta_val_acc=0.9342
search_path step=1 muon_lr=0.0022 muon_momentum=0.7 bias_lr=0.011 head_lr=800 tta_val_acc=0.9344
search_path step=2 muon_lr=0.0022 muon_momentum=0.7 bias_lr=0.23 head_lr=800 tta_val_acc=0.9346
search_path step=0 muon_lr=0.017 muon_momentum=0.6 bias_lr=8.1 head_lr=100 tta_val_acc=0.9313
search_path step=1 muon_lr=0.006 muon_momentum=0.6 bias_lr=8.1 head_lr=100 tta_val_acc=0.9333
search_path step=2 muon_lr=0.006 muon_momentum=0.6 bias_lr=2.9 head_lr=100 tta_val_acc=0.9337
search_path step=3 muon_lr=0.01 muon_momentum=0.6 bias_lr=2.9 head_lr=100 tta_val_acc=0.9341
search_path step=4 muon_lr=0.01 muon_momentum=0.7 bias_lr=2.9 head_lr=100 tta_val_acc=0.9346
search_path step=5 muon_lr=0.01 muon_momentum=0.7 bias_lr=2.9 head_lr=38 tta_val_acc=0.9356
train_hparams run=0 interval=2 start_step=1280 completed_steps=640 total_steps=3200 muon_lr=0.01 muon_momentum=0.7 bias_lr=2.9 head_lr=38 muon_nesterov=False
train_loss run=0 interval=2 step=1281 loss=1.04599
train_loss run=0 interval=2 step=1282 loss=1.11266
train_loss run=0 interval=2 step=1283 loss=1.09179
train_loss run=0 interval=2 step=1284 loss=1.07441
train_loss run=0 interval=2 step=1285 loss=1.0176
train_loss run=0 interval=2 step=1286 loss=1.12239
train_loss run=0 interval=2 step=1287 loss=1.05764
train_loss run=0 interval=2 step=1288 loss=1.06617
train_loss run=0 interval=2 step=1289 loss=1.11428
train_loss run=0 interval=2 step=1290 loss=1.05986
train_loss run=0 interval=2 step=1291 loss=1.08178
train_loss run=0 interval=2 step=1292 loss=1.06142
train_loss run=0 interval=2 step=1293 loss=1.01314
train_loss run=0 interval=2 step=1294 loss=1.05256
train_loss run=0 interval=2 step=1295 loss=1.06735
train_loss run=0 interval=2 step=1296 loss=1.06028
train_loss run=0 interval=2 step=1297 loss=1.05133
train_loss run=0 interval=2 step=1298 loss=1.05143
train_loss run=0 interval=2 step=1299 loss=1.04533
train_loss run=0 interval=2 step=1300 loss=1.10818
train_loss run=0 interval=2 step=1301 loss=1.06649
train_loss run=0 interval=2 step=1302 loss=1.10741
train_loss run=0 interval=2 step=1303 loss=1.06672
train_loss run=0 interval=2 step=1304 loss=1.07888
train_loss run=0 interval=2 step=1305 loss=1.03579
train_loss run=0 interval=2 step=1306 loss=1.05911
train_loss run=0 interval=2 step=1307 loss=1.12794
train_loss run=0 interval=2 step=1308 loss=1.0503
train_loss run=0 interval=2 step=1309 loss=1.02288
train_loss run=0 interval=2 step=1310 loss=1.0007
train_loss run=0 interval=2 step=1311 loss=1.05887
train_loss run=0 interval=2 step=1312 loss=1.03199
train_loss run=0 interval=2 step=1313 loss=1.06632
train_loss run=0 interval=2 step=1314 loss=1.14289
train_loss run=0 interval=2 step=1315 loss=1.05757
train_loss run=0 interval=2 step=1316 loss=0.999109
train_loss run=0 interval=2 step=1317 loss=1.03021
train_loss run=0 interval=2 step=1318 loss=1.00391
train_loss run=0 interval=2 step=1319 loss=1.04364
train_loss run=0 interval=2 step=1320 loss=1.08352
train_loss run=0 interval=2 step=1321 loss=1.09105
train_loss run=0 interval=2 step=1322 loss=1.064
train_loss run=0 interval=2 step=1323 loss=1.02104
train_loss run=0 interval=2 step=1324 loss=1.05609
train_loss run=0 interval=2 step=1325 loss=1.07251
train_loss run=0 interval=2 step=1326 loss=1.11515
train_loss run=0 interval=2 step=1327 loss=1.10155
train_loss run=0 interval=2 step=1328 loss=1.0177
train_loss run=0 interval=2 step=1329 loss=1.07903
train_loss run=0 interval=2 step=1330 loss=1.03234
train_loss run=0 interval=2 step=1331 loss=1.06525
train_loss run=0 interval=2 step=1332 loss=1.07175
train_loss run=0 interval=2 step=1333 loss=1.05884
train_loss run=0 interval=2 step=1334 loss=1.05638
train_loss run=0 interval=2 step=1335 loss=1.11249
train_loss run=0 interval=2 step=1336 loss=1.0154
train_loss run=0 interval=2 step=1337 loss=1.07709
train_loss run=0 interval=2 step=1338 loss=1.07264
train_loss run=0 interval=2 step=1339 loss=1.02118
train_loss run=0 interval=2 step=1340 loss=1.04584
train_loss run=0 interval=2 step=1341 loss=1.07025
train_loss run=0 interval=2 step=1342 loss=1.04768
train_loss run=0 interval=2 step=1343 loss=1.04508
train_loss run=0 interval=2 step=1344 loss=1.06503
train_loss run=0 interval=2 step=1345 loss=1.04873
train_loss run=0 interval=2 step=1346 loss=1.03893
train_loss run=0 interval=2 step=1347 loss=1.0803
train_loss run=0 interval=2 step=1348 loss=1.0594
train_loss run=0 interval=2 step=1349 loss=1.08281
train_loss run=0 interval=2 step=1350 loss=1.08824
train_loss run=0 interval=2 step=1351 loss=1.06458
train_loss run=0 interval=2 step=1352 loss=1.07265
train_loss run=0 interval=2 step=1353 loss=1.12172
train_loss run=0 interval=2 step=1354 loss=1.02455
train_loss run=0 interval=2 step=1355 loss=1.08313
train_loss run=0 interval=2 step=1356 loss=1.06593
train_loss run=0 interval=2 step=1357 loss=1.08813
train_loss run=0 interval=2 step=1358 loss=1.11303
train_loss run=0 interval=2 step=1359 loss=1.03816
train_loss run=0 interval=2 step=1360 loss=1.09505
train_loss run=0 interval=2 step=1361 loss=1.05949
train_loss run=0 interval=2 step=1362 loss=1.03706
train_loss run=0 interval=2 step=1363 loss=1.09524
train_loss run=0 interval=2 step=1364 loss=1.07165
train_loss run=0 interval=2 step=1365 loss=1.0007
train_loss run=0 interval=2 step=1366 loss=1.05607
train_loss run=0 interval=2 step=1367 loss=1.00291
train_loss run=0 interval=2 step=1368 loss=1.0324
train_loss run=0 interval=2 step=1369 loss=1.05276
train_loss run=0 interval=2 step=1370 loss=1.02493
train_loss run=0 interval=2 step=1371 loss=1.06526
train_loss run=0 interval=2 step=1372 loss=1.06227
train_loss run=0 interval=2 step=1373 loss=1.0112
train_loss run=0 interval=2 step=1374 loss=1.03402
train_loss run=0 interval=2 step=1375 loss=1.02589
train_loss run=0 interval=2 step=1376 loss=1.03273
train_loss run=0 interval=2 step=1377 loss=1.04509
train_loss run=0 interval=2 step=1378 loss=1.0762
train_loss run=0 interval=2 step=1379 loss=1.0603
train_loss run=0 interval=2 step=1380 loss=1.15277
train_loss run=0 interval=2 step=1381 loss=1.00365
train_loss run=0 interval=2 step=1382 loss=1.13173
train_loss run=0 interval=2 step=1383 loss=0.992893
train_loss run=0 interval=2 step=1384 loss=1.03081
train_loss run=0 interval=2 step=1385 loss=1.05762
train_loss run=0 interval=2 step=1386 loss=1.06172
train_loss run=0 interval=2 step=1387 loss=1.06219
train_loss run=0 interval=2 step=1388 loss=1.10646
train_loss run=0 interval=2 step=1389 loss=1.07102
train_loss run=0 interval=2 step=1390 loss=1.04771
train_loss run=0 interval=2 step=1391 loss=0.979626
train_loss run=0 interval=2 step=1392 loss=1.04668
train_loss run=0 interval=2 step=1393 loss=1.07277
train_loss run=0 interval=2 step=1394 loss=1.07676
train_loss run=0 interval=2 step=1395 loss=1.07586
train_loss run=0 interval=2 step=1396 loss=1.02162
train_loss run=0 interval=2 step=1397 loss=1.03357
train_loss run=0 interval=2 step=1398 loss=1.01515
train_loss run=0 interval=2 step=1399 loss=1.05079
train_loss run=0 interval=2 step=1400 loss=1.13978
train_loss run=0 interval=2 step=1401 loss=1.07472
train_loss run=0 interval=2 step=1402 loss=1.0118
train_loss run=0 interval=2 step=1403 loss=1.05693
train_loss run=0 interval=2 step=1404 loss=1.0864
train_loss run=0 interval=2 step=1405 loss=1.07921
train_loss run=0 interval=2 step=1406 loss=1.05508
train_loss run=0 interval=2 step=1407 loss=1.06403
train_loss run=0 interval=2 step=1408 loss=1.05033
train_loss run=0 interval=2 step=1409 loss=1.06378
train_loss run=0 interval=2 step=1410 loss=1.00565
train_loss run=0 interval=2 step=1411 loss=1.07674
train_loss run=0 interval=2 step=1412 loss=1.03651
train_loss run=0 interval=2 step=1413 loss=0.996537
train_loss run=0 interval=2 step=1414 loss=1.04665
train_loss run=0 interval=2 step=1415 loss=1.05067
train_loss run=0 interval=2 step=1416 loss=1.03711
train_loss run=0 interval=2 step=1417 loss=1.00929
train_loss run=0 interval=2 step=1418 loss=1.07117
train_loss run=0 interval=2 step=1419 loss=1.0015
train_loss run=0 interval=2 step=1420 loss=1.01345
train_loss run=0 interval=2 step=1421 loss=1.09578
train_loss run=0 interval=2 step=1422 loss=1.0464
train_loss run=0 interval=2 step=1423 loss=1.04037
train_loss run=0 interval=2 step=1424 loss=1.03453
train_loss run=0 interval=2 step=1425 loss=1.0447
train_loss run=0 interval=2 step=1426 loss=1.06889
train_loss run=0 interval=2 step=1427 loss=1.07156
train_loss run=0 interval=2 step=1428 loss=0.977429
train_loss run=0 interval=2 step=1429 loss=1.04479
train_loss run=0 interval=2 step=1430 loss=1.08581
train_loss run=0 interval=2 step=1431 loss=1.01944
train_loss run=0 interval=2 step=1432 loss=1.10136
train_loss run=0 interval=2 step=1433 loss=1.06957
train_loss run=0 interval=2 step=1434 loss=1.0401
train_loss run=0 interval=2 step=1435 loss=1.07263
train_loss run=0 interval=2 step=1436 loss=1.03528
train_loss run=0 interval=2 step=1437 loss=1.0661
train_loss run=0 interval=2 step=1438 loss=1.06935
train_loss run=0 interval=2 step=1439 loss=1.02063
train_loss run=0 interval=2 step=1440 loss=1.0657
train_loss run=0 interval=2 step=1441 loss=1.03407
train_loss run=0 interval=2 step=1442 loss=1.06277
train_loss run=0 interval=2 step=1443 loss=1.00142
train_loss run=0 interval=2 step=1444 loss=1.13079
train_loss run=0 interval=2 step=1445 loss=1.04883
train_loss run=0 interval=2 step=1446 loss=1.00536
train_loss run=0 interval=2 step=1447 loss=1.07311
train_loss run=0 interval=2 step=1448 loss=1.00493
train_loss run=0 interval=2 step=1449 loss=1.03152
train_loss run=0 interval=2 step=1450 loss=1.03372
train_loss run=0 interval=2 step=1451 loss=1.02117
train_loss run=0 interval=2 step=1452 loss=1.10429
train_loss run=0 interval=2 step=1453 loss=1.04527
train_loss run=0 interval=2 step=1454 loss=1.0115
train_loss run=0 interval=2 step=1455 loss=1.07799
train_loss run=0 interval=2 step=1456 loss=0.962781
train_loss run=0 interval=2 step=1457 loss=1.02113
train_loss run=0 interval=2 step=1458 loss=1.0306
train_loss run=0 interval=2 step=1459 loss=1.06604
train_loss run=0 interval=2 step=1460 loss=1.09302
train_loss run=0 interval=2 step=1461 loss=1.00158
train_loss run=0 interval=2 step=1462 loss=1.03421
train_loss run=0 interval=2 step=1463 loss=1.03965
train_loss run=0 interval=2 step=1464 loss=1.04168
train_loss run=0 interval=2 step=1465 loss=1.04925
train_loss run=0 interval=2 step=1466 loss=1.02072
train_loss run=0 interval=2 step=1467 loss=1.04049
train_loss run=0 interval=2 step=1468 loss=0.999395
train_loss run=0 interval=2 step=1469 loss=1.04763
train_loss run=0 interval=2 step=1470 loss=1.07324
train_loss run=0 interval=2 step=1471 loss=1.03519
train_loss run=0 interval=2 step=1472 loss=1.02622
train_loss run=0 interval=2 step=1473 loss=1.00665
train_loss run=0 interval=2 step=1474 loss=1.04213
train_loss run=0 interval=2 step=1475 loss=1.09988
train_loss run=0 interval=2 step=1476 loss=1.07673
train_loss run=0 interval=2 step=1477 loss=1.06337
train_loss run=0 interval=2 step=1478 loss=1.03673
train_loss run=0 interval=2 step=1479 loss=1.07713
train_loss run=0 interval=2 step=1480 loss=1.07074
train_loss run=0 interval=2 step=1481 loss=1.07519
train_loss run=0 interval=2 step=1482 loss=1.02033
train_loss run=0 interval=2 step=1483 loss=1.04123
train_loss run=0 interval=2 step=1484 loss=1.04106
train_loss run=0 interval=2 step=1485 loss=1.00758
train_loss run=0 interval=2 step=1486 loss=1.06894
train_loss run=0 interval=2 step=1487 loss=1.03289
train_loss run=0 interval=2 step=1488 loss=1.02869
train_loss run=0 interval=2 step=1489 loss=1.02386
train_loss run=0 interval=2 step=1490 loss=1.08786
train_loss run=0 interval=2 step=1491 loss=1.0278
train_loss run=0 interval=2 step=1492 loss=1.06953
train_loss run=0 interval=2 step=1493 loss=1.15569
train_loss run=0 interval=2 step=1494 loss=1.03323
train_loss run=0 interval=2 step=1495 loss=1.04618
train_loss run=0 interval=2 step=1496 loss=1.01384
train_loss run=0 interval=2 step=1497 loss=0.986261
train_loss run=0 interval=2 step=1498 loss=1.03326
train_loss run=0 interval=2 step=1499 loss=1.1324
train_loss run=0 interval=2 step=1500 loss=1.03569
train_loss run=0 interval=2 step=1501 loss=1.05559
train_loss run=0 interval=2 step=1502 loss=1.03953
train_loss run=0 interval=2 step=1503 loss=1.05499
train_loss run=0 interval=2 step=1504 loss=1.05426
train_loss run=0 interval=2 step=1505 loss=1.09353
train_loss run=0 interval=2 step=1506 loss=1.01837
train_loss run=0 interval=2 step=1507 loss=1.02092
train_loss run=0 interval=2 step=1508 loss=1.07789
train_loss run=0 interval=2 step=1509 loss=1.03564
train_loss run=0 interval=2 step=1510 loss=1.02494
train_loss run=0 interval=2 step=1511 loss=1.04504
train_loss run=0 interval=2 step=1512 loss=1.13778
train_loss run=0 interval=2 step=1513 loss=1.03484
train_loss run=0 interval=2 step=1514 loss=1.08097
train_loss run=0 interval=2 step=1515 loss=1.07129
train_loss run=0 interval=2 step=1516 loss=1.10073
train_loss run=0 interval=2 step=1517 loss=1.03679
train_loss run=0 interval=2 step=1518 loss=1.08268
train_loss run=0 interval=2 step=1519 loss=1.01544
train_loss run=0 interval=2 step=1520 loss=1.02772
train_loss run=0 interval=2 step=1521 loss=1.04962
train_loss run=0 interval=2 step=1522 loss=1.02626
train_loss run=0 interval=2 step=1523 loss=1.02731
train_loss run=0 interval=2 step=1524 loss=1.06404
train_loss run=0 interval=2 step=1525 loss=1.0567
train_loss run=0 interval=2 step=1526 loss=1.01715
train_loss run=0 interval=2 step=1527 loss=0.998502
train_loss run=0 interval=2 step=1528 loss=1.03303
train_loss run=0 interval=2 step=1529 loss=1.08179
train_loss run=0 interval=2 step=1530 loss=1.06674
train_loss run=0 interval=2 step=1531 loss=1.07725
train_loss run=0 interval=2 step=1532 loss=1.01453
train_loss run=0 interval=2 step=1533 loss=1.01044
train_loss run=0 interval=2 step=1534 loss=1.06157
train_loss run=0 interval=2 step=1535 loss=1.04927
train_loss run=0 interval=2 step=1536 loss=1.05812
train_loss run=0 interval=2 step=1537 loss=1.06257
train_loss run=0 interval=2 step=1538 loss=1.04794
train_loss run=0 interval=2 step=1539 loss=1.07069
train_loss run=0 interval=2 step=1540 loss=0.992375
train_loss run=0 interval=2 step=1541 loss=1.06683
train_loss run=0 interval=2 step=1542 loss=0.998227
train_loss run=0 interval=2 step=1543 loss=1.04823
train_loss run=0 interval=2 step=1544 loss=1.04901
train_loss run=0 interval=2 step=1545 loss=1.03149
train_loss run=0 interval=2 step=1546 loss=1.04043
train_loss run=0 interval=2 step=1547 loss=0.988313
train_loss run=0 interval=2 step=1548 loss=1.00441
train_loss run=0 interval=2 step=1549 loss=1.04505
train_loss run=0 interval=2 step=1550 loss=1.09382
train_loss run=0 interval=2 step=1551 loss=1.0276
train_loss run=0 interval=2 step=1552 loss=1.08736
train_loss run=0 interval=2 step=1553 loss=0.994367
train_loss run=0 interval=2 step=1554 loss=1.06671
train_loss run=0 interval=2 step=1555 loss=1.07496
train_loss run=0 interval=2 step=1556 loss=1.07396
train_loss run=0 interval=2 step=1557 loss=1.07724
train_loss run=0 interval=2 step=1558 loss=1.0635
train_loss run=0 interval=2 step=1559 loss=1.0405
train_loss run=0 interval=2 step=1560 loss=1.04466
train_loss run=0 interval=2 step=1561 loss=1.01426
train_loss run=0 interval=2 step=1562 loss=1.06034
train_loss run=0 interval=2 step=1563 loss=1.0427
train_loss run=0 interval=2 step=1564 loss=1.11115
train_loss run=0 interval=2 step=1565 loss=1.03328
train_loss run=0 interval=2 step=1566 loss=1.0752
train_loss run=0 interval=2 step=1567 loss=1.04394
train_loss run=0 interval=2 step=1568 loss=0.995466
train_loss run=0 interval=2 step=1569 loss=1.09319
train_loss run=0 interval=2 step=1570 loss=1.09054
train_loss run=0 interval=2 step=1571 loss=1.04093
train_loss run=0 interval=2 step=1572 loss=1.07898
train_loss run=0 interval=2 step=1573 loss=1.03103
train_loss run=0 interval=2 step=1574 loss=1.0502
train_loss run=0 interval=2 step=1575 loss=1.11084
train_loss run=0 interval=2 step=1576 loss=1.08131
train_loss run=0 interval=2 step=1577 loss=1.01579
train_loss run=0 interval=2 step=1578 loss=1.05561
train_loss run=0 interval=2 step=1579 loss=1.01456
train_loss run=0 interval=2 step=1580 loss=1.0425
train_loss run=0 interval=2 step=1581 loss=1.02714
train_loss run=0 interval=2 step=1582 loss=1.06211
train_loss run=0 interval=2 step=1583 loss=1.02574
train_loss run=0 interval=2 step=1584 loss=1.03924
train_loss run=0 interval=2 step=1585 loss=1.05994
train_loss run=0 interval=2 step=1586 loss=1.05278
train_loss run=0 interval=2 step=1587 loss=1.01282
train_loss run=0 interval=2 step=1588 loss=1.06085
train_loss run=0 interval=2 step=1589 loss=1.07445
train_loss run=0 interval=2 step=1590 loss=0.992918
train_loss run=0 interval=2 step=1591 loss=1.0762
train_loss run=0 interval=2 step=1592 loss=1.10985
train_loss run=0 interval=2 step=1593 loss=1.12801
train_loss run=0 interval=2 step=1594 loss=1.0028
train_loss run=0 interval=2 step=1595 loss=1.04324
train_loss run=0 interval=2 step=1596 loss=1.12937
train_loss run=0 interval=2 step=1597 loss=1.03114
train_loss run=0 interval=2 step=1598 loss=1.05131
train_loss run=0 interval=2 step=1599 loss=1.04424
train_loss run=0 interval=2 step=1600 loss=1.00128
train_loss run=0 interval=2 step=1601 loss=1.03029
train_loss run=0 interval=2 step=1602 loss=1.07003
train_loss run=0 interval=2 step=1603 loss=0.997951
train_loss run=0 interval=2 step=1604 loss=1.02743
train_loss run=0 interval=2 step=1605 loss=1.00685
train_loss run=0 interval=2 step=1606 loss=1.04344
train_loss run=0 interval=2 step=1607 loss=0.99387
train_loss run=0 interval=2 step=1608 loss=1.04995
train_loss run=0 interval=2 step=1609 loss=1.03009
train_loss run=0 interval=2 step=1610 loss=1.04411
train_loss run=0 interval=2 step=1611 loss=0.977637
train_loss run=0 interval=2 step=1612 loss=1.01851
train_loss run=0 interval=2 step=1613 loss=1.0334
train_loss run=0 interval=2 step=1614 loss=1.01642
train_loss run=0 interval=2 step=1615 loss=1.04129
train_loss run=0 interval=2 step=1616 loss=1.00092
train_loss run=0 interval=2 step=1617 loss=1.0012
train_loss run=0 interval=2 step=1618 loss=0.992253
train_loss run=0 interval=2 step=1619 loss=1.017
train_loss run=0 interval=2 step=1620 loss=1.01078
train_loss run=0 interval=2 step=1621 loss=1.07204
train_loss run=0 interval=2 step=1622 loss=1.05298
train_loss run=0 interval=2 step=1623 loss=0.986776
train_loss run=0 interval=2 step=1624 loss=1.07894
train_loss run=0 interval=2 step=1625 loss=1.01592
train_loss run=0 interval=2 step=1626 loss=1.01618
train_loss run=0 interval=2 step=1627 loss=1.00547
train_loss run=0 interval=2 step=1628 loss=1.03867
train_loss run=0 interval=2 step=1629 loss=1.03486
train_loss run=0 interval=2 step=1630 loss=1.03215
train_loss run=0 interval=2 step=1631 loss=1.08203
train_loss run=0 interval=2 step=1632 loss=1.01178
train_loss run=0 interval=2 step=1633 loss=1.01741
train_loss run=0 interval=2 step=1634 loss=0.997612
train_loss run=0 interval=2 step=1635 loss=1.0299
train_loss run=0 interval=2 step=1636 loss=0.984888
train_loss run=0 interval=2 step=1637 loss=1.05606
train_loss run=0 interval=2 step=1638 loss=1.07285
train_loss run=0 interval=2 step=1639 loss=0.999188
train_loss run=0 interval=2 step=1640 loss=0.975875
train_loss run=0 interval=2 step=1641 loss=1.05166
train_loss run=0 interval=2 step=1642 loss=0.998095
train_loss run=0 interval=2 step=1643 loss=1.03129
train_loss run=0 interval=2 step=1644 loss=0.983346
train_loss run=0 interval=2 step=1645 loss=0.996177
train_loss run=0 interval=2 step=1646 loss=1.04124
train_loss run=0 interval=2 step=1647 loss=1.00734
train_loss run=0 interval=2 step=1648 loss=1.04872
train_loss run=0 interval=2 step=1649 loss=1.00809
train_loss run=0 interval=2 step=1650 loss=1.05132
train_loss run=0 interval=2 step=1651 loss=1.03524
train_loss run=0 interval=2 step=1652 loss=1.02937
train_loss run=0 interval=2 step=1653 loss=1.07074
train_loss run=0 interval=2 step=1654 loss=1.01295
train_loss run=0 interval=2 step=1655 loss=1.05757
train_loss run=0 interval=2 step=1656 loss=1.05366
train_loss run=0 interval=2 step=1657 loss=1.05366
train_loss run=0 interval=2 step=1658 loss=1.05684
train_loss run=0 interval=2 step=1659 loss=1.05472
train_loss run=0 interval=2 step=1660 loss=0.997846
train_loss run=0 interval=2 step=1661 loss=1.00927
train_loss run=0 interval=2 step=1662 loss=1.01394
train_loss run=0 interval=2 step=1663 loss=0.999078
train_loss run=0 interval=2 step=1664 loss=1.00453
train_loss run=0 interval=2 step=1665 loss=0.981015
train_loss run=0 interval=2 step=1666 loss=1.01606
train_loss run=0 interval=2 step=1667 loss=1.02756
train_loss run=0 interval=2 step=1668 loss=0.985006
train_loss run=0 interval=2 step=1669 loss=1.02899
train_loss run=0 interval=2 step=1670 loss=1.05604
train_loss run=0 interval=2 step=1671 loss=1.01542
train_loss run=0 interval=2 step=1672 loss=0.99792
train_loss run=0 interval=2 step=1673 loss=1.01638
train_loss run=0 interval=2 step=1674 loss=1.01262
train_loss run=0 interval=2 step=1675 loss=1.02337
train_loss run=0 interval=2 step=1676 loss=0.989262
train_loss run=0 interval=2 step=1677 loss=1.01174
train_loss run=0 interval=2 step=1678 loss=1.02015
train_loss run=0 interval=2 step=1679 loss=1.03102
train_loss run=0 interval=2 step=1680 loss=0.98751
train_loss run=0 interval=2 step=1681 loss=1.03186
train_loss run=0 interval=2 step=1682 loss=1.04982
train_loss run=0 interval=2 step=1683 loss=1.0427
train_loss run=0 interval=2 step=1684 loss=1.04822
train_loss run=0 interval=2 step=1685 loss=1.08959
train_loss run=0 interval=2 step=1686 loss=1.04273
train_loss run=0 interval=2 step=1687 loss=1.04848
train_loss run=0 interval=2 step=1688 loss=0.998201
train_loss run=0 interval=2 step=1689 loss=1.02451
train_loss run=0 interval=2 step=1690 loss=1.09647
train_loss run=0 interval=2 step=1691 loss=1.01697
train_loss run=0 interval=2 step=1692 loss=1.01068
train_loss run=0 interval=2 step=1693 loss=1.00737
train_loss run=0 interval=2 step=1694 loss=1.07958
train_loss run=0 interval=2 step=1695 loss=0.989229
train_loss run=0 interval=2 step=1696 loss=1.07917
train_loss run=0 interval=2 step=1697 loss=1.01853
train_loss run=0 interval=2 step=1698 loss=1.04193
train_loss run=0 interval=2 step=1699 loss=1.0188
train_loss run=0 interval=2 step=1700 loss=1.0303
train_loss run=0 interval=2 step=1701 loss=1.01695
train_loss run=0 interval=2 step=1702 loss=1.0247
train_loss run=0 interval=2 step=1703 loss=1.04072
train_loss run=0 interval=2 step=1704 loss=1.02359
train_loss run=0 interval=2 step=1705 loss=1.04176
train_loss run=0 interval=2 step=1706 loss=1.00033
train_loss run=0 interval=2 step=1707 loss=1.02943
train_loss run=0 interval=2 step=1708 loss=0.977357
train_loss run=0 interval=2 step=1709 loss=0.989664
train_loss run=0 interval=2 step=1710 loss=1.02996
train_loss run=0 interval=2 step=1711 loss=1.02322
train_loss run=0 interval=2 step=1712 loss=1.03157
train_loss run=0 interval=2 step=1713 loss=1.00589
train_loss run=0 interval=2 step=1714 loss=0.960275
train_loss run=0 interval=2 step=1715 loss=1.04091
train_loss run=0 interval=2 step=1716 loss=1.04742
train_loss run=0 interval=2 step=1717 loss=1.0158
train_loss run=0 interval=2 step=1718 loss=1.03103
train_loss run=0 interval=2 step=1719 loss=1.05645
train_loss run=0 interval=2 step=1720 loss=0.996632
train_loss run=0 interval=2 step=1721 loss=1.12186
train_loss run=0 interval=2 step=1722 loss=0.998567
train_loss run=0 interval=2 step=1723 loss=1.10777
train_loss run=0 interval=2 step=1724 loss=1.00867
train_loss run=0 interval=2 step=1725 loss=1.00977
train_loss run=0 interval=2 step=1726 loss=1.02332
train_loss run=0 interval=2 step=1727 loss=1.03858
train_loss run=0 interval=2 step=1728 loss=0.993298
train_loss run=0 interval=2 step=1729 loss=1.01195
train_loss run=0 interval=2 step=1730 loss=1.00186
train_loss run=0 interval=2 step=1731 loss=0.978418
train_loss run=0 interval=2 step=1732 loss=1.01777
train_loss run=0 interval=2 step=1733 loss=1.0342
train_loss run=0 interval=2 step=1734 loss=1.02559
train_loss run=0 interval=2 step=1735 loss=1.07907
train_loss run=0 interval=2 step=1736 loss=1.03499
train_loss run=0 interval=2 step=1737 loss=1.04661
train_loss run=0 interval=2 step=1738 loss=1.01045
train_loss run=0 interval=2 step=1739 loss=1.00894
train_loss run=0 interval=2 step=1740 loss=1.06748
train_loss run=0 interval=2 step=1741 loss=1.03499
train_loss run=0 interval=2 step=1742 loss=1.02628
train_loss run=0 interval=2 step=1743 loss=1.01071
train_loss run=0 interval=2 step=1744 loss=1.00917
train_loss run=0 interval=2 step=1745 loss=1.01169
train_loss run=0 interval=2 step=1746 loss=1.05883
train_loss run=0 interval=2 step=1747 loss=1.041
train_loss run=0 interval=2 step=1748 loss=0.978808
train_loss run=0 interval=2 step=1749 loss=1.04459
train_loss run=0 interval=2 step=1750 loss=1.12306
train_loss run=0 interval=2 step=1751 loss=1.01757
train_loss run=0 interval=2 step=1752 loss=1.0241
train_loss run=0 interval=2 step=1753 loss=1.00889
train_loss run=0 interval=2 step=1754 loss=1.07584
train_loss run=0 interval=2 step=1755 loss=1.01067
train_loss run=0 interval=2 step=1756 loss=1.00863
train_loss run=0 interval=2 step=1757 loss=1.01595
train_loss run=0 interval=2 step=1758 loss=0.997867
train_loss run=0 interval=2 step=1759 loss=1.01221
train_loss run=0 interval=2 step=1760 loss=1.01166
train_loss run=0 interval=2 step=1761 loss=1.02169
train_loss run=0 interval=2 step=1762 loss=1.03105
train_loss run=0 interval=2 step=1763 loss=1.0276
train_loss run=0 interval=2 step=1764 loss=1.00344
train_loss run=0 interval=2 step=1765 loss=0.989723
train_loss run=0 interval=2 step=1766 loss=1.00383
train_loss run=0 interval=2 step=1767 loss=1.04499
train_loss run=0 interval=2 step=1768 loss=1.02041
train_loss run=0 interval=2 step=1769 loss=1.03408
train_loss run=0 interval=2 step=1770 loss=1.0172
train_loss run=0 interval=2 step=1771 loss=0.991721
train_loss run=0 interval=2 step=1772 loss=1.03306
train_loss run=0 interval=2 step=1773 loss=1.0168
train_loss run=0 interval=2 step=1774 loss=0.999942
train_loss run=0 interval=2 step=1775 loss=1.04532
train_loss run=0 interval=2 step=1776 loss=1.07671
train_loss run=0 interval=2 step=1777 loss=0.974191
train_loss run=0 interval=2 step=1778 loss=1.0269
train_loss run=0 interval=2 step=1779 loss=1.05423
train_loss run=0 interval=2 step=1780 loss=0.9989
train_loss run=0 interval=2 step=1781 loss=1.02774
train_loss run=0 interval=2 step=1782 loss=0.995553
train_loss run=0 interval=2 step=1783 loss=1.01931
train_loss run=0 interval=2 step=1784 loss=1.00243
train_loss run=0 interval=2 step=1785 loss=1.02484
train_loss run=0 interval=2 step=1786 loss=1.03675
train_loss run=0 interval=2 step=1787 loss=1.01378
train_loss run=0 interval=2 step=1788 loss=1.00576
train_loss run=0 interval=2 step=1789 loss=1.00276
train_loss run=0 interval=2 step=1790 loss=0.987561
train_loss run=0 interval=2 step=1791 loss=1.05305
train_loss run=0 interval=2 step=1792 loss=1.0211
train_loss run=0 interval=2 step=1793 loss=1.04284
train_loss run=0 interval=2 step=1794 loss=0.968336
train_loss run=0 interval=2 step=1795 loss=1.00589
train_loss run=0 interval=2 step=1796 loss=0.98987
train_loss run=0 interval=2 step=1797 loss=1.03813
train_loss run=0 interval=2 step=1798 loss=1.01582
train_loss run=0 interval=2 step=1799 loss=1.02459
train_loss run=0 interval=2 step=1800 loss=1.00334
train_loss run=0 interval=2 step=1801 loss=1.08289
train_loss run=0 interval=2 step=1802 loss=1.1065
train_loss run=0 interval=2 step=1803 loss=1.04414
train_loss run=0 interval=2 step=1804 loss=1.08399
train_loss run=0 interval=2 step=1805 loss=1.01047
train_loss run=0 interval=2 step=1806 loss=1.11059
train_loss run=0 interval=2 step=1807 loss=1.00281
train_loss run=0 interval=2 step=1808 loss=0.972787
train_loss run=0 interval=2 step=1809 loss=1.01937
train_loss run=0 interval=2 step=1810 loss=1.05305
train_loss run=0 interval=2 step=1811 loss=1.06712
train_loss run=0 interval=2 step=1812 loss=1.00052
train_loss run=0 interval=2 step=1813 loss=1.01245
train_loss run=0 interval=2 step=1814 loss=1.00185
train_loss run=0 interval=2 step=1815 loss=1.0596
train_loss run=0 interval=2 step=1816 loss=1.03696
train_loss run=0 interval=2 step=1817 loss=0.986024
train_loss run=0 interval=2 step=1818 loss=1.00751
train_loss run=0 interval=2 step=1819 loss=1.02316
train_loss run=0 interval=2 step=1820 loss=1.02748
train_loss run=0 interval=2 step=1821 loss=1.02767
train_loss run=0 interval=2 step=1822 loss=1.04568
train_loss run=0 interval=2 step=1823 loss=1.02355
train_loss run=0 interval=2 step=1824 loss=1.02432
train_loss run=0 interval=2 step=1825 loss=1.0143
train_loss run=0 interval=2 step=1826 loss=1.00618
train_loss run=0 interval=2 step=1827 loss=1.01107
train_loss run=0 interval=2 step=1828 loss=1.00089
train_loss run=0 interval=2 step=1829 loss=0.953905
train_loss run=0 interval=2 step=1830 loss=1.00815
train_loss run=0 interval=2 step=1831 loss=0.985256
train_loss run=0 interval=2 step=1832 loss=0.98845
train_loss run=0 interval=2 step=1833 loss=1.07357
train_loss run=0 interval=2 step=1834 loss=0.997546
train_loss run=0 interval=2 step=1835 loss=1.0316
train_loss run=0 interval=2 step=1836 loss=1.06268
train_loss run=0 interval=2 step=1837 loss=1.00959
train_loss run=0 interval=2 step=1838 loss=1.01876
train_loss run=0 interval=2 step=1839 loss=0.98204
train_loss run=0 interval=2 step=1840 loss=1.03894
train_loss run=0 interval=2 step=1841 loss=0.976882
train_loss run=0 interval=2 step=1842 loss=1.02023
train_loss run=0 interval=2 step=1843 loss=1.00961
train_loss run=0 interval=2 step=1844 loss=1.00027
train_loss run=0 interval=2 step=1845 loss=1.03384
train_loss run=0 interval=2 step=1846 loss=1.0689
train_loss run=0 interval=2 step=1847 loss=1.03384
train_loss run=0 interval=2 step=1848 loss=1.08774
train_loss run=0 interval=2 step=1849 loss=1.03329
train_loss run=0 interval=2 step=1850 loss=0.991338
train_loss run=0 interval=2 step=1851 loss=1.05603
train_loss run=0 interval=2 step=1852 loss=1.06483
train_loss run=0 interval=2 step=1853 loss=1.09194
train_loss run=0 interval=2 step=1854 loss=0.995822
train_loss run=0 interval=2 step=1855 loss=0.993714
train_loss run=0 interval=2 step=1856 loss=1.01476
train_loss run=0 interval=2 step=1857 loss=1.01521
train_loss run=0 interval=2 step=1858 loss=1.03115
train_loss run=0 interval=2 step=1859 loss=1.04821
train_loss run=0 interval=2 step=1860 loss=1.00712
train_loss run=0 interval=2 step=1861 loss=1.02294
train_loss run=0 interval=2 step=1862 loss=1.01597
train_loss run=0 interval=2 step=1863 loss=1.00349
train_loss run=0 interval=2 step=1864 loss=0.998145
train_loss run=0 interval=2 step=1865 loss=1.05976
train_loss run=0 interval=2 step=1866 loss=1.00997
train_loss run=0 interval=2 step=1867 loss=1.0049
train_loss run=0 interval=2 step=1868 loss=1.05352
train_loss run=0 interval=2 step=1869 loss=1.05745
train_loss run=0 interval=2 step=1870 loss=1.00697
train_loss run=0 interval=2 step=1871 loss=1.00456
train_loss run=0 interval=2 step=1872 loss=1.07123
train_loss run=0 interval=2 step=1873 loss=0.994748
train_loss run=0 interval=2 step=1874 loss=0.980947
train_loss run=0 interval=2 step=1875 loss=1.01012
train_loss run=0 interval=2 step=1876 loss=0.974389
train_loss run=0 interval=2 step=1877 loss=1.0349
train_loss run=0 interval=2 step=1878 loss=1.04569
train_loss run=0 interval=2 step=1879 loss=1.02915
train_loss run=0 interval=2 step=1880 loss=1.07723
train_loss run=0 interval=2 step=1881 loss=0.988943
train_loss run=0 interval=2 step=1882 loss=1.02533
train_loss run=0 interval=2 step=1883 loss=0.984151
train_loss run=0 interval=2 step=1884 loss=0.998272
train_loss run=0 interval=2 step=1885 loss=1.04118
train_loss run=0 interval=2 step=1886 loss=1.04252
train_loss run=0 interval=2 step=1887 loss=0.977243
train_loss run=0 interval=2 step=1888 loss=1.00145
train_loss run=0 interval=2 step=1889 loss=1.01168
train_loss run=0 interval=2 step=1890 loss=1.05165
train_loss run=0 interval=2 step=1891 loss=1.00737
train_loss run=0 interval=2 step=1892 loss=1.02681
train_loss run=0 interval=2 step=1893 loss=1.08317
train_loss run=0 interval=2 step=1894 loss=1.07596
train_loss run=0 interval=2 step=1895 loss=1.04874
train_loss run=0 interval=2 step=1896 loss=0.982821
train_loss run=0 interval=2 step=1897 loss=0.994932
train_loss run=0 interval=2 step=1898 loss=1.02357
train_loss run=0 interval=2 step=1899 loss=1.05774
train_loss run=0 interval=2 step=1900 loss=1.06293
train_loss run=0 interval=2 step=1901 loss=1.05657
train_loss run=0 interval=2 step=1902 loss=1.02767
train_loss run=0 interval=2 step=1903 loss=1.01316
train_loss run=0 interval=2 step=1904 loss=1.05179
train_loss run=0 interval=2 step=1905 loss=1.0093
train_loss run=0 interval=2 step=1906 loss=1.04408
train_loss run=0 interval=2 step=1907 loss=0.981741
train_loss run=0 interval=2 step=1908 loss=0.997181
train_loss run=0 interval=2 step=1909 loss=1.04849
train_loss run=0 interval=2 step=1910 loss=1.00208
train_loss run=0 interval=2 step=1911 loss=0.974125
train_loss run=0 interval=2 step=1912 loss=0.998963
train_loss run=0 interval=2 step=1913 loss=1.0458
train_loss run=0 interval=2 step=1914 loss=1.05917
train_loss run=0 interval=2 step=1915 loss=0.99948
train_loss run=0 interval=2 step=1916 loss=0.984674
train_loss run=0 interval=2 step=1917 loss=1.0191
train_loss run=0 interval=2 step=1918 loss=1.01383
train_loss run=0 interval=2 step=1919 loss=1.05194
train_loss run=0 interval=2 step=1920 loss=1.02765
interval_boundary_eval run=0 interval=2 step=1920 total_steps=3200 tta_val_acc=0.9211
main hparams: muon_lr=0.01 muon_momentum=0.7 bias_lr=2.9 head_lr=38 main=0.9256, best_cooldown=0.9382
muon_lr=0.0022 muon_momentum=0.7 bias_lr=0.049 head_lr=800 -> tta_val_acc=0.9375
muon_lr=0.0013 muon_momentum=0.7 bias_lr=0.049 head_lr=800 -> tta_val_acc=0.9367
muon_lr=0.0036 muon_momentum=0.7 bias_lr=0.049 head_lr=800 -> tta_val_acc=0.9363
muon_lr=0.0022 muon_momentum=0.7 bias_lr=0.029 head_lr=800 -> tta_val_acc=0.9376
muon_lr=0.0022 muon_momentum=0.7 bias_lr=0.018 head_lr=800 -> tta_val_acc=0.9376
muon_lr=0.0022 muon_momentum=0.7 bias_lr=0.011 head_lr=800 -> tta_val_acc=0.9377
muon_lr=0.0022 muon_momentum=0.7 bias_lr=0.0063 head_lr=800 -> tta_val_acc=0.9373
muon_lr=0.0022 muon_momentum=0.7 bias_lr=0.0038 head_lr=800 -> tta_val_acc=0.9377
muon_lr=0.0022 muon_momentum=0.7 bias_lr=0.0023 head_lr=800 -> tta_val_acc=0.9376
muon_lr=0.0013 muon_momentum=0.7 bias_lr=0.011 head_lr=800 -> tta_val_acc=0.9367
muon_lr=0.0036 muon_momentum=0.7 bias_lr=0.011 head_lr=800 -> tta_val_acc=0.9363
muon_lr=0.0022 muon_momentum=0.7 bias_lr=0.081 head_lr=800 -> tta_val_acc=0.9375
muon_lr=0.0022 muon_momentum=0.7 bias_lr=0.14 head_lr=800 -> tta_val_acc=0.9375
muon_lr=0.0022 muon_momentum=0.7 bias_lr=0.23 head_lr=800 -> tta_val_acc=0.9374
muon_lr=0.0022 muon_momentum=0.7 bias_lr=0.38 head_lr=800 -> tta_val_acc=0.9371
muon_lr=0.0022 muon_momentum=0.7 bias_lr=0.011 head_lr=480 -> tta_val_acc=0.938
muon_lr=0.0022 muon_momentum=0.7 bias_lr=0.011 head_lr=290 -> tta_val_acc=0.9374
muon_lr=0.0013 muon_momentum=0.7 bias_lr=0.011 head_lr=480 -> tta_val_acc=0.9374
muon_lr=0.0036 muon_momentum=0.7 bias_lr=0.011 head_lr=480 -> tta_val_acc=0.9367
muon_lr=0.0022 muon_momentum=0.7 bias_lr=0.0063 head_lr=480 -> tta_val_acc=0.9377
muon_lr=0.0022 muon_momentum=0.7 bias_lr=0.0038 head_lr=480 -> tta_val_acc=0.9382
muon_lr=0.0022 muon_momentum=0.7 bias_lr=0.0023 head_lr=480 -> tta_val_acc=0.938
muon_lr=0.0022 muon_momentum=0.7 bias_lr=0.0014 head_lr=480 -> tta_val_acc=0.9377
muon_lr=0.0013 muon_momentum=0.7 bias_lr=0.0038 head_lr=480 -> tta_val_acc=0.9375
muon_lr=0.0036 muon_momentum=0.7 bias_lr=0.0038 head_lr=480 -> tta_val_acc=0.9368
muon_lr=0.0022 muon_momentum=0.7 bias_lr=0.0038 head_lr=290 -> tta_val_acc=0.9376
search_path step=0 muon_lr=0.0022 muon_momentum=0.7 bias_lr=0.049 head_lr=800 tta_val_acc=0.9375
search_path step=1 muon_lr=0.0022 muon_momentum=0.7 bias_lr=0.011 head_lr=800 tta_val_acc=0.9377
search_path step=2 muon_lr=0.0022 muon_momentum=0.7 bias_lr=0.011 head_lr=480 tta_val_acc=0.938
search_path step=3 muon_lr=0.0022 muon_momentum=0.7 bias_lr=0.0038 head_lr=480 tta_val_acc=0.9382
main hparams: muon_lr=0.006 muon_momentum=0.7 bias_lr=2.9 head_lr=38 main=0.931, best_cooldown=0.9365
muon_lr=0.0022 muon_momentum=0.7 bias_lr=0.0038 head_lr=480 -> tta_val_acc=0.9365
muon_lr=0.0013 muon_momentum=0.7 bias_lr=0.0038 head_lr=480 -> tta_val_acc=0.9365
muon_lr=0.00078 muon_momentum=0.7 bias_lr=0.0038 head_lr=480 -> tta_val_acc=0.935
muon_lr=0.0036 muon_momentum=0.7 bias_lr=0.0038 head_lr=480 -> tta_val_acc=0.935
search_path step=0 muon_lr=0.0022 muon_momentum=0.7 bias_lr=0.0038 head_lr=480 tta_val_acc=0.9365
main hparams: muon_lr=0.017 muon_momentum=0.7 bias_lr=2.9 head_lr=38 main=0.9096, best_cooldown=0.9369
muon_lr=0.0022 muon_momentum=0.7 bias_lr=0.0038 head_lr=480 -> tta_val_acc=0.9354
muon_lr=0.0013 muon_momentum=0.7 bias_lr=0.0038 head_lr=480 -> tta_val_acc=0.9331
muon_lr=0.0036 muon_momentum=0.7 bias_lr=0.0038 head_lr=480 -> tta_val_acc=0.9368
muon_lr=0.006 muon_momentum=0.7 bias_lr=0.0038 head_lr=480 -> tta_val_acc=0.9369
muon_lr=0.01 muon_momentum=0.7 bias_lr=0.0038 head_lr=480 -> tta_val_acc=0.9298
search_path step=0 muon_lr=0.0022 muon_momentum=0.7 bias_lr=0.0038 head_lr=480 tta_val_acc=0.9354
search_path step=1 muon_lr=0.006 muon_momentum=0.7 bias_lr=0.0038 head_lr=480 tta_val_acc=0.9369
main hparams: muon_lr=0.01 muon_momentum=0.6 bias_lr=2.9 head_lr=38 main=0.9265, best_cooldown=0.9371
muon_lr=0.0022 muon_momentum=0.6 bias_lr=0.0038 head_lr=480 -> tta_val_acc=0.9371
muon_lr=0.0013 muon_momentum=0.6 bias_lr=0.0038 head_lr=480 -> tta_val_acc=0.9358
muon_lr=0.0036 muon_momentum=0.6 bias_lr=0.0038 head_lr=480 -> tta_val_acc=0.9362
search_path step=0 muon_lr=0.0022 muon_momentum=0.6 bias_lr=0.0038 head_lr=480 tta_val_acc=0.9371
main hparams: muon_lr=0.01 muon_momentum=0.8 bias_lr=2.9 head_lr=38 main=0.9233, best_cooldown=0.9363
muon_lr=0.0022 muon_momentum=0.8 bias_lr=0.0038 head_lr=480 -> tta_val_acc=0.9359
muon_lr=0.0013 muon_momentum=0.8 bias_lr=0.0038 head_lr=480 -> tta_val_acc=0.9363
muon_lr=0.00078 muon_momentum=0.8 bias_lr=0.0038 head_lr=480 -> tta_val_acc=0.9343
muon_lr=0.0036 muon_momentum=0.8 bias_lr=0.0038 head_lr=480 -> tta_val_acc=0.9337
search_path step=0 muon_lr=0.0022 muon_momentum=0.8 bias_lr=0.0038 head_lr=480 tta_val_acc=0.9359
search_path step=1 muon_lr=0.0013 muon_momentum=0.8 bias_lr=0.0038 head_lr=480 tta_val_acc=0.9363
main hparams: muon_lr=0.01 muon_momentum=0.7 bias_lr=1.7 head_lr=38 main=0.9254, best_cooldown=0.9362
muon_lr=0.0022 muon_momentum=0.7 bias_lr=0.0038 head_lr=480 -> tta_val_acc=0.936
muon_lr=0.0022 muon_momentum=0.7 bias_lr=0.0023 head_lr=480 -> tta_val_acc=0.9362
muon_lr=0.0022 muon_momentum=0.7 bias_lr=0.0014 head_lr=480 -> tta_val_acc=0.9359
muon_lr=0.0022 muon_momentum=0.7 bias_lr=0.00082 head_lr=480 -> tta_val_acc=0.936
muon_lr=0.0022 muon_momentum=0.7 bias_lr=0.00049 head_lr=480 -> tta_val_acc=0.936
muon_lr=0.0022 muon_momentum=0.7 bias_lr=0.0063 head_lr=480 -> tta_val_acc=0.9362
muon_lr=0.0022 muon_momentum=0.7 bias_lr=0.011 head_lr=480 -> tta_val_acc=0.9362
muon_lr=0.0022 muon_momentum=0.7 bias_lr=0.018 head_lr=480 -> tta_val_acc=0.9358
muon_lr=0.0022 muon_momentum=0.7 bias_lr=0.029 head_lr=480 -> tta_val_acc=0.9355
search_path step=0 muon_lr=0.0022 muon_momentum=0.7 bias_lr=0.0038 head_lr=480 tta_val_acc=0.936
search_path step=1 muon_lr=0.0022 muon_momentum=0.7 bias_lr=0.0023 head_lr=480 tta_val_acc=0.9362
main hparams: muon_lr=0.01 muon_momentum=0.7 bias_lr=4.9 head_lr=38 main=0.9236, best_cooldown=0.9378
muon_lr=0.0022 muon_momentum=0.7 bias_lr=0.0038 head_lr=480 -> tta_val_acc=0.9371
muon_lr=0.0022 muon_momentum=0.7 bias_lr=0.0023 head_lr=480 -> tta_val_acc=0.9374
muon_lr=0.0022 muon_momentum=0.7 bias_lr=0.0014 head_lr=480 -> tta_val_acc=0.9374
muon_lr=0.0022 muon_momentum=0.7 bias_lr=0.00082 head_lr=480 -> tta_val_acc=0.9372
muon_lr=0.0022 muon_momentum=0.7 bias_lr=0.00049 head_lr=480 -> tta_val_acc=0.9372
muon_lr=0.0022 muon_momentum=0.7 bias_lr=0.0063 head_lr=480 -> tta_val_acc=0.9372
muon_lr=0.0022 muon_momentum=0.7 bias_lr=0.011 head_lr=480 -> tta_val_acc=0.9372
muon_lr=0.0022 muon_momentum=0.7 bias_lr=0.018 head_lr=480 -> tta_val_acc=0.9371
muon_lr=0.0022 muon_momentum=0.7 bias_lr=0.029 head_lr=480 -> tta_val_acc=0.9372
muon_lr=0.0022 muon_momentum=0.7 bias_lr=0.049 head_lr=480 -> tta_val_acc=0.9373
muon_lr=0.0022 muon_momentum=0.7 bias_lr=0.081 head_lr=480 -> tta_val_acc=0.9374
muon_lr=0.0022 muon_momentum=0.7 bias_lr=0.14 head_lr=480 -> tta_val_acc=0.9374
muon_lr=0.0022 muon_momentum=0.7 bias_lr=0.23 head_lr=480 -> tta_val_acc=0.9375
muon_lr=0.0022 muon_momentum=0.7 bias_lr=0.38 head_lr=480 -> tta_val_acc=0.9378
muon_lr=0.0022 muon_momentum=0.7 bias_lr=0.63 head_lr=480 -> tta_val_acc=0.9378
muon_lr=0.0022 muon_momentum=0.7 bias_lr=1 head_lr=480 -> tta_val_acc=0.9374
muon_lr=0.0022 muon_momentum=0.7 bias_lr=1.7 head_lr=480 -> tta_val_acc=0.9378
muon_lr=0.0022 muon_momentum=0.7 bias_lr=2.9 head_lr=480 -> tta_val_acc=0.9367
search_path step=0 muon_lr=0.0022 muon_momentum=0.7 bias_lr=0.0038 head_lr=480 tta_val_acc=0.9371
search_path step=1 muon_lr=0.0022 muon_momentum=0.7 bias_lr=0.0023 head_lr=480 tta_val_acc=0.9374
search_path step=2 muon_lr=0.0022 muon_momentum=0.7 bias_lr=1.7 head_lr=480 tta_val_acc=0.9378
main hparams: muon_lr=0.01 muon_momentum=0.7 bias_lr=8.1 head_lr=38 main=0.9199, best_cooldown=0.9382
muon_lr=0.0022 muon_momentum=0.7 bias_lr=0.0038 head_lr=480 -> tta_val_acc=0.9369
muon_lr=0.0022 muon_momentum=0.7 bias_lr=0.0023 head_lr=480 -> tta_val_acc=0.9366
muon_lr=0.0022 muon_momentum=0.7 bias_lr=0.0014 head_lr=480 -> tta_val_acc=0.9367
muon_lr=0.0022 muon_momentum=0.7 bias_lr=0.00082 head_lr=480 -> tta_val_acc=0.9365
muon_lr=0.0022 muon_momentum=0.7 bias_lr=0.0063 head_lr=480 -> tta_val_acc=0.9366
muon_lr=0.0022 muon_momentum=0.7 bias_lr=0.011 head_lr=480 -> tta_val_acc=0.9366
muon_lr=0.0022 muon_momentum=0.7 bias_lr=0.018 head_lr=480 -> tta_val_acc=0.9368
muon_lr=0.0022 muon_momentum=0.7 bias_lr=0.029 head_lr=480 -> tta_val_acc=0.9365
muon_lr=0.0022 muon_momentum=0.7 bias_lr=0.049 head_lr=480 -> tta_val_acc=0.9368
muon_lr=0.0022 muon_momentum=0.7 bias_lr=0.081 head_lr=480 -> tta_val_acc=0.9368
muon_lr=0.0022 muon_momentum=0.7 bias_lr=0.14 head_lr=480 -> tta_val_acc=0.9371
muon_lr=0.0022 muon_momentum=0.7 bias_lr=0.23 head_lr=480 -> tta_val_acc=0.9379
muon_lr=0.0022 muon_momentum=0.7 bias_lr=0.38 head_lr=480 -> tta_val_acc=0.9382
muon_lr=0.0022 muon_momentum=0.7 bias_lr=0.63 head_lr=480 -> tta_val_acc=0.9378
muon_lr=0.0022 muon_momentum=0.7 bias_lr=1 head_lr=480 -> tta_val_acc=0.9373
search_path step=0 muon_lr=0.0022 muon_momentum=0.7 bias_lr=0.0038 head_lr=480 tta_val_acc=0.9369
search_path step=1 muon_lr=0.0022 muon_momentum=0.7 bias_lr=0.38 head_lr=480 tta_val_acc=0.9382
main hparams: muon_lr=0.01 muon_momentum=0.7 bias_lr=13 head_lr=38 main=0.9193, best_cooldown=0.9384
muon_lr=0.0022 muon_momentum=0.7 bias_lr=0.0038 head_lr=480 -> tta_val_acc=0.9371
muon_lr=0.0022 muon_momentum=0.7 bias_lr=0.0023 head_lr=480 -> tta_val_acc=0.9373
muon_lr=0.0022 muon_momentum=0.7 bias_lr=0.0014 head_lr=480 -> tta_val_acc=0.9376
muon_lr=0.0022 muon_momentum=0.7 bias_lr=0.00082 head_lr=480 -> tta_val_acc=0.9371
muon_lr=0.0022 muon_momentum=0.7 bias_lr=0.00049 head_lr=480 -> tta_val_acc=0.9367
muon_lr=0.0022 muon_momentum=0.7 bias_lr=0.0063 head_lr=480 -> tta_val_acc=0.9373
muon_lr=0.0022 muon_momentum=0.7 bias_lr=0.011 head_lr=480 -> tta_val_acc=0.9375
muon_lr=0.0022 muon_momentum=0.7 bias_lr=0.018 head_lr=480 -> tta_val_acc=0.9374
muon_lr=0.0022 muon_momentum=0.7 bias_lr=0.029 head_lr=480 -> tta_val_acc=0.9373
muon_lr=0.0022 muon_momentum=0.7 bias_lr=0.049 head_lr=480 -> tta_val_acc=0.9375
muon_lr=0.0022 muon_momentum=0.7 bias_lr=0.081 head_lr=480 -> tta_val_acc=0.9374
muon_lr=0.0022 muon_momentum=0.7 bias_lr=0.14 head_lr=480 -> tta_val_acc=0.9378
muon_lr=0.0022 muon_momentum=0.7 bias_lr=0.23 head_lr=480 -> tta_val_acc=0.9377
muon_lr=0.0022 muon_momentum=0.7 bias_lr=0.38 head_lr=480 -> tta_val_acc=0.9378
muon_lr=0.0022 muon_momentum=0.7 bias_lr=0.63 head_lr=480 -> tta_val_acc=0.9379
muon_lr=0.0022 muon_momentum=0.7 bias_lr=1 head_lr=480 -> tta_val_acc=0.9384
muon_lr=0.0022 muon_momentum=0.7 bias_lr=1.7 head_lr=480 -> tta_val_acc=0.9376
search_path step=0 muon_lr=0.0022 muon_momentum=0.7 bias_lr=0.0038 head_lr=480 tta_val_acc=0.9371
search_path step=1 muon_lr=0.0022 muon_momentum=0.7 bias_lr=0.0014 head_lr=480 tta_val_acc=0.9376
search_path step=2 muon_lr=0.0022 muon_momentum=0.7 bias_lr=1 head_lr=480 tta_val_acc=0.9384
main hparams: muon_lr=0.01 muon_momentum=0.7 bias_lr=22 head_lr=38 main=0.916, best_cooldown=0.9376
muon_lr=0.0022 muon_momentum=0.7 bias_lr=0.0038 head_lr=480 -> tta_val_acc=0.9356
muon_lr=0.0022 muon_momentum=0.7 bias_lr=0.0023 head_lr=480 -> tta_val_acc=0.9355
muon_lr=0.0022 muon_momentum=0.7 bias_lr=0.0014 head_lr=480 -> tta_val_acc=0.9358
muon_lr=0.0022 muon_momentum=0.7 bias_lr=0.00082 head_lr=480 -> tta_val_acc=0.9356
muon_lr=0.0022 muon_momentum=0.7 bias_lr=0.00049 head_lr=480 -> tta_val_acc=0.9356
muon_lr=0.0022 muon_momentum=0.7 bias_lr=0.0003 head_lr=480 -> tta_val_acc=0.9356
muon_lr=0.0022 muon_momentum=0.7 bias_lr=0.0063 head_lr=480 -> tta_val_acc=0.9357
muon_lr=0.0022 muon_momentum=0.7 bias_lr=0.011 head_lr=480 -> tta_val_acc=0.9355
muon_lr=0.0022 muon_momentum=0.7 bias_lr=0.018 head_lr=480 -> tta_val_acc=0.9356
muon_lr=0.0022 muon_momentum=0.7 bias_lr=0.029 head_lr=480 -> tta_val_acc=0.9357
muon_lr=0.0022 muon_momentum=0.7 bias_lr=0.049 head_lr=480 -> tta_val_acc=0.9357
muon_lr=0.0022 muon_momentum=0.7 bias_lr=0.081 head_lr=480 -> tta_val_acc=0.9353
muon_lr=0.0022 muon_momentum=0.7 bias_lr=0.14 head_lr=480 -> tta_val_acc=0.9364
muon_lr=0.0022 muon_momentum=0.7 bias_lr=0.23 head_lr=480 -> tta_val_acc=0.9364
muon_lr=0.0022 muon_momentum=0.7 bias_lr=0.38 head_lr=480 -> tta_val_acc=0.9374
muon_lr=0.0022 muon_momentum=0.7 bias_lr=0.63 head_lr=480 -> tta_val_acc=0.9372
muon_lr=0.0022 muon_momentum=0.7 bias_lr=1 head_lr=480 -> tta_val_acc=0.9374
muon_lr=0.0022 muon_momentum=0.7 bias_lr=1.7 head_lr=480 -> tta_val_acc=0.9376
muon_lr=0.0022 muon_momentum=0.7 bias_lr=2.9 head_lr=480 -> tta_val_acc=0.9358
search_path step=0 muon_lr=0.0022 muon_momentum=0.7 bias_lr=0.0038 head_lr=480 tta_val_acc=0.9356
search_path step=1 muon_lr=0.0022 muon_momentum=0.7 bias_lr=0.0014 head_lr=480 tta_val_acc=0.9358
search_path step=2 muon_lr=0.0022 muon_momentum=0.7 bias_lr=1.7 head_lr=480 tta_val_acc=0.9376
main hparams: muon_lr=0.01 muon_momentum=0.7 bias_lr=13 head_lr=38 main=0.9193, best_cooldown=0.9388
muon_lr=0.0022 muon_momentum=0.7 bias_lr=0.0038 head_lr=480 -> tta_val_acc=0.9371
muon_lr=0.0022 muon_momentum=0.7 bias_lr=0.0023 head_lr=480 -> tta_val_acc=0.9373
muon_lr=0.0022 muon_momentum=0.7 bias_lr=0.0014 head_lr=480 -> tta_val_acc=0.9376
muon_lr=0.0022 muon_momentum=0.7 bias_lr=0.00082 head_lr=480 -> tta_val_acc=0.9371
muon_lr=0.0022 muon_momentum=0.7 bias_lr=0.00049 head_lr=480 -> tta_val_acc=0.9367
muon_lr=0.0022 muon_momentum=0.7 bias_lr=0.0063 head_lr=480 -> tta_val_acc=0.9373
muon_lr=0.0022 muon_momentum=0.7 bias_lr=0.011 head_lr=480 -> tta_val_acc=0.9375
muon_lr=0.0022 muon_momentum=0.7 bias_lr=0.018 head_lr=480 -> tta_val_acc=0.9374
muon_lr=0.0022 muon_momentum=0.7 bias_lr=0.029 head_lr=480 -> tta_val_acc=0.9373
muon_lr=0.0022 muon_momentum=0.7 bias_lr=0.049 head_lr=480 -> tta_val_acc=0.9375
muon_lr=0.0022 muon_momentum=0.7 bias_lr=0.081 head_lr=480 -> tta_val_acc=0.9374
muon_lr=0.0022 muon_momentum=0.7 bias_lr=0.14 head_lr=480 -> tta_val_acc=0.9378
muon_lr=0.0022 muon_momentum=0.7 bias_lr=0.23 head_lr=480 -> tta_val_acc=0.9377
muon_lr=0.0022 muon_momentum=0.7 bias_lr=0.38 head_lr=480 -> tta_val_acc=0.9378
muon_lr=0.0022 muon_momentum=0.7 bias_lr=0.63 head_lr=480 -> tta_val_acc=0.9379
muon_lr=0.0022 muon_momentum=0.7 bias_lr=1 head_lr=480 -> tta_val_acc=0.9384
muon_lr=0.0022 muon_momentum=0.7 bias_lr=1.7 head_lr=480 -> tta_val_acc=0.9376
muon_lr=0.0013 muon_momentum=0.7 bias_lr=1 head_lr=480 -> tta_val_acc=0.9372
muon_lr=0.0036 muon_momentum=0.7 bias_lr=1 head_lr=480 -> tta_val_acc=0.9357
muon_lr=0.0022 muon_momentum=0.7 bias_lr=1 head_lr=290 -> tta_val_acc=0.9382
muon_lr=0.0022 muon_momentum=0.7 bias_lr=1 head_lr=170 -> tta_val_acc=0.9388
muon_lr=0.0022 muon_momentum=0.7 bias_lr=1 head_lr=100 -> tta_val_acc=0.9384
muon_lr=0.0022 muon_momentum=0.7 bias_lr=1 head_lr=63 -> tta_val_acc=0.9381
muon_lr=0.0013 muon_momentum=0.7 bias_lr=1 head_lr=170 -> tta_val_acc=0.9384
muon_lr=0.00078 muon_momentum=0.7 bias_lr=1 head_lr=170 -> tta_val_acc=0.9371
muon_lr=0.0036 muon_momentum=0.7 bias_lr=1 head_lr=170 -> tta_val_acc=0.9364
muon_lr=0.0022 muon_momentum=0.7 bias_lr=0.63 head_lr=170 -> tta_val_acc=0.9382
muon_lr=0.0022 muon_momentum=0.7 bias_lr=1.7 head_lr=170 -> tta_val_acc=0.9386
muon_lr=0.0022 muon_momentum=0.7 bias_lr=2.9 head_lr=170 -> tta_val_acc=0.9374
search_path step=0 muon_lr=0.0022 muon_momentum=0.7 bias_lr=1 head_lr=480 tta_val_acc=0.9384
search_path step=1 muon_lr=0.0022 muon_momentum=0.7 bias_lr=1 head_lr=170 tta_val_acc=0.9388
main hparams: muon_lr=0.006 muon_momentum=0.7 bias_lr=13 head_lr=38 main=0.9237, best_cooldown=0.9386
muon_lr=0.0022 muon_momentum=0.7 bias_lr=1 head_lr=170 -> tta_val_acc=0.9386
muon_lr=0.0013 muon_momentum=0.7 bias_lr=1 head_lr=170 -> tta_val_acc=0.9371
muon_lr=0.0036 muon_momentum=0.7 bias_lr=1 head_lr=170 -> tta_val_acc=0.9363
search_path step=0 muon_lr=0.0022 muon_momentum=0.7 bias_lr=1 head_lr=170 tta_val_acc=0.9386
main hparams: muon_lr=0.0036 muon_momentum=0.7 bias_lr=13 head_lr=38 main=0.9276, best_cooldown=0.9374
muon_lr=0.0022 muon_momentum=0.7 bias_lr=1 head_lr=170 -> tta_val_acc=0.9374
muon_lr=0.0013 muon_momentum=0.7 bias_lr=1 head_lr=170 -> tta_val_acc=0.9365
muon_lr=0.0036 muon_momentum=0.7 bias_lr=1 head_lr=170 -> tta_val_acc=0.9354
search_path step=0 muon_lr=0.0022 muon_momentum=0.7 bias_lr=1 head_lr=170 tta_val_acc=0.9374
main hparams: muon_lr=0.017 muon_momentum=0.7 bias_lr=13 head_lr=38 main=0.9024, best_cooldown=0.9356
muon_lr=0.0022 muon_momentum=0.7 bias_lr=1 head_lr=170 -> tta_val_acc=0.9342
muon_lr=0.0013 muon_momentum=0.7 bias_lr=1 head_lr=170 -> tta_val_acc=0.9322
muon_lr=0.0036 muon_momentum=0.7 bias_lr=1 head_lr=170 -> tta_val_acc=0.9352
muon_lr=0.006 muon_momentum=0.7 bias_lr=1 head_lr=170 -> tta_val_acc=0.9356
muon_lr=0.01 muon_momentum=0.7 bias_lr=1 head_lr=170 -> tta_val_acc=0.9255
search_path step=0 muon_lr=0.0022 muon_momentum=0.7 bias_lr=1 head_lr=170 tta_val_acc=0.9342
search_path step=1 muon_lr=0.006 muon_momentum=0.7 bias_lr=1 head_lr=170 tta_val_acc=0.9356
main hparams: muon_lr=0.01 muon_momentum=0.6 bias_lr=13 head_lr=38 main=0.9242, best_cooldown=0.9373
muon_lr=0.0022 muon_momentum=0.6 bias_lr=1 head_lr=170 -> tta_val_acc=0.9371
muon_lr=0.0013 muon_momentum=0.6 bias_lr=1 head_lr=170 -> tta_val_acc=0.9358
muon_lr=0.0036 muon_momentum=0.6 bias_lr=1 head_lr=170 -> tta_val_acc=0.9373
muon_lr=0.006 muon_momentum=0.6 bias_lr=1 head_lr=170 -> tta_val_acc=0.9358
search_path step=0 muon_lr=0.0022 muon_momentum=0.6 bias_lr=1 head_lr=170 tta_val_acc=0.9371
search_path step=1 muon_lr=0.0036 muon_momentum=0.6 bias_lr=1 head_lr=170 tta_val_acc=0.9373
main hparams: muon_lr=0.01 muon_momentum=0.8 bias_lr=13 head_lr=38 main=0.9131, best_cooldown=0.9372
muon_lr=0.0022 muon_momentum=0.8 bias_lr=1 head_lr=170 -> tta_val_acc=0.9372
muon_lr=0.0013 muon_momentum=0.8 bias_lr=1 head_lr=170 -> tta_val_acc=0.9366
muon_lr=0.0036 muon_momentum=0.8 bias_lr=1 head_lr=170 -> tta_val_acc=0.9368
muon_lr=0.006 muon_momentum=0.8 bias_lr=1 head_lr=170 -> tta_val_acc=0.9345
search_path step=0 muon_lr=0.0022 muon_momentum=0.8 bias_lr=1 head_lr=170 tta_val_acc=0.9372
main hparams: muon_lr=0.01 muon_momentum=0.7 bias_lr=13 head_lr=23 main=0.9195, best_cooldown=0.9387
muon_lr=0.0022 muon_momentum=0.7 bias_lr=1 head_lr=170 -> tta_val_acc=0.938
muon_lr=0.0022 muon_momentum=0.7 bias_lr=1 head_lr=100 -> tta_val_acc=0.9387
muon_lr=0.0022 muon_momentum=0.7 bias_lr=1 head_lr=63 -> tta_val_acc=0.9381
search_path step=0 muon_lr=0.0022 muon_momentum=0.7 bias_lr=1 head_lr=170 tta_val_acc=0.938
search_path step=1 muon_lr=0.0022 muon_momentum=0.7 bias_lr=1 head_lr=100 tta_val_acc=0.9387
main hparams: muon_lr=0.01 muon_momentum=0.7 bias_lr=13 head_lr=14 main=0.9218, best_cooldown=0.9382
muon_lr=0.0022 muon_momentum=0.7 bias_lr=1 head_lr=170 -> tta_val_acc=0.9377
muon_lr=0.0022 muon_momentum=0.7 bias_lr=1 head_lr=100 -> tta_val_acc=0.9382
muon_lr=0.0022 muon_momentum=0.7 bias_lr=1 head_lr=63 -> tta_val_acc=0.9381
muon_lr=0.0022 muon_momentum=0.7 bias_lr=1 head_lr=38 -> tta_val_acc=0.9379
muon_lr=0.0022 muon_momentum=0.7 bias_lr=1 head_lr=23 -> tta_val_acc=0.9379
search_path step=0 muon_lr=0.0022 muon_momentum=0.7 bias_lr=1 head_lr=170 tta_val_acc=0.9377
search_path step=1 muon_lr=0.0022 muon_momentum=0.7 bias_lr=1 head_lr=100 tta_val_acc=0.9382
main hparams: muon_lr=0.01 muon_momentum=0.7 bias_lr=13 head_lr=63 main=0.9204, best_cooldown=0.9371
muon_lr=0.0022 muon_momentum=0.7 bias_lr=1 head_lr=170 -> tta_val_acc=0.9364
muon_lr=0.0022 muon_momentum=0.7 bias_lr=1 head_lr=100 -> tta_val_acc=0.9371
muon_lr=0.0022 muon_momentum=0.7 bias_lr=1 head_lr=63 -> tta_val_acc=0.9369
muon_lr=0.0022 muon_momentum=0.7 bias_lr=1 head_lr=38 -> tta_val_acc=0.9363
search_path step=0 muon_lr=0.0022 muon_momentum=0.7 bias_lr=1 head_lr=170 tta_val_acc=0.9364
search_path step=1 muon_lr=0.0022 muon_momentum=0.7 bias_lr=1 head_lr=100 tta_val_acc=0.9371
search_path step=0 muon_lr=0.01 muon_momentum=0.7 bias_lr=2.9 head_lr=38 tta_val_acc=0.9382
search_path step=1 muon_lr=0.01 muon_momentum=0.7 bias_lr=13 head_lr=38 tta_val_acc=0.9388
train_hparams run=0 interval=3 start_step=1920 completed_steps=640 total_steps=3200 muon_lr=0.01 muon_momentum=0.7 bias_lr=13 head_lr=38 muon_nesterov=False
train_loss run=0 interval=3 step=1921 loss=1.03193
train_loss run=0 interval=3 step=1922 loss=1.04991
train_loss run=0 interval=3 step=1923 loss=1.00404
train_loss run=0 interval=3 step=1924 loss=0.997551
train_loss run=0 interval=3 step=1925 loss=1.02648
train_loss run=0 interval=3 step=1926 loss=0.979285
train_loss run=0 interval=3 step=1927 loss=1.02176
train_loss run=0 interval=3 step=1928 loss=1.00728
train_loss run=0 interval=3 step=1929 loss=1.0435
train_loss run=0 interval=3 step=1930 loss=1.04093
train_loss run=0 interval=3 step=1931 loss=1.0359
train_loss run=0 interval=3 step=1932 loss=1.0193
train_loss run=0 interval=3 step=1933 loss=1.03542
train_loss run=0 interval=3 step=1934 loss=1.08169
train_loss run=0 interval=3 step=1935 loss=1.03917
train_loss run=0 interval=3 step=1936 loss=1.06088
train_loss run=0 interval=3 step=1937 loss=1.07275
train_loss run=0 interval=3 step=1938 loss=1.05711
train_loss run=0 interval=3 step=1939 loss=1.01629
train_loss run=0 interval=3 step=1940 loss=1.10575
train_loss run=0 interval=3 step=1941 loss=1.01518
train_loss run=0 interval=3 step=1942 loss=0.997394
train_loss run=0 interval=3 step=1943 loss=1.03178
train_loss run=0 interval=3 step=1944 loss=0.999503
train_loss run=0 interval=3 step=1945 loss=1.00227
train_loss run=0 interval=3 step=1946 loss=1.01008
train_loss run=0 interval=3 step=1947 loss=1.01217
train_loss run=0 interval=3 step=1948 loss=1.0633
train_loss run=0 interval=3 step=1949 loss=1.11842
train_loss run=0 interval=3 step=1950 loss=1.09866
train_loss run=0 interval=3 step=1951 loss=1.10829
train_loss run=0 interval=3 step=1952 loss=1.01482
train_loss run=0 interval=3 step=1953 loss=1.05457
train_loss run=0 interval=3 step=1954 loss=0.989366
train_loss run=0 interval=3 step=1955 loss=1.04266
train_loss run=0 interval=3 step=1956 loss=1.11487
train_loss run=0 interval=3 step=1957 loss=1.02586
train_loss run=0 interval=3 step=1958 loss=1.05429
train_loss run=0 interval=3 step=1959 loss=1.02441
train_loss run=0 interval=3 step=1960 loss=1.06228
train_loss run=0 interval=3 step=1961 loss=1.0487
train_loss run=0 interval=3 step=1962 loss=1.05558
train_loss run=0 interval=3 step=1963 loss=0.997922
train_loss run=0 interval=3 step=1964 loss=1.0173
train_loss run=0 interval=3 step=1965 loss=1.02503
train_loss run=0 interval=3 step=1966 loss=1.07626
train_loss run=0 interval=3 step=1967 loss=1.06578
train_loss run=0 interval=3 step=1968 loss=1.02916
train_loss run=0 interval=3 step=1969 loss=1.02487
train_loss run=0 interval=3 step=1970 loss=1.06778
train_loss run=0 interval=3 step=1971 loss=1.11351
train_loss run=0 interval=3 step=1972 loss=1.1354
train_loss run=0 interval=3 step=1973 loss=1.04855
train_loss run=0 interval=3 step=1974 loss=1.0558
train_loss run=0 interval=3 step=1975 loss=1.04364
train_loss run=0 interval=3 step=1976 loss=1.0239
train_loss run=0 interval=3 step=1977 loss=1.05834
train_loss run=0 interval=3 step=1978 loss=1.14228
train_loss run=0 interval=3 step=1979 loss=1.09252
train_loss run=0 interval=3 step=1980 loss=1.03387
train_loss run=0 interval=3 step=1981 loss=1.04214
train_loss run=0 interval=3 step=1982 loss=1.10105
train_loss run=0 interval=3 step=1983 loss=1.09681
train_loss run=0 interval=3 step=1984 loss=1.09105
train_loss run=0 interval=3 step=1985 loss=1.08352
train_loss run=0 interval=3 step=1986 loss=1.00517
train_loss run=0 interval=3 step=1987 loss=1.06272
train_loss run=0 interval=3 step=1988 loss=1.02772
train_loss run=0 interval=3 step=1989 loss=1.00974
train_loss run=0 interval=3 step=1990 loss=1.0218
train_loss run=0 interval=3 step=1991 loss=1.04643
train_loss run=0 interval=3 step=1992 loss=0.989097
train_loss run=0 interval=3 step=1993 loss=1.01396
train_loss run=0 interval=3 step=1994 loss=1.03749
train_loss run=0 interval=3 step=1995 loss=1.05138
train_loss run=0 interval=3 step=1996 loss=1.01934
train_loss run=0 interval=3 step=1997 loss=1.09551
train_loss run=0 interval=3 step=1998 loss=1.07412
train_loss run=0 interval=3 step=1999 loss=1.0408
train_loss run=0 interval=3 step=2000 loss=0.994251
train_loss run=0 interval=3 step=2001 loss=1.0147
train_loss run=0 interval=3 step=2002 loss=1.05171
train_loss run=0 interval=3 step=2003 loss=0.982094
train_loss run=0 interval=3 step=2004 loss=0.986057
train_loss run=0 interval=3 step=2005 loss=1.02086
train_loss run=0 interval=3 step=2006 loss=1.03243
train_loss run=0 interval=3 step=2007 loss=1.05017
train_loss run=0 interval=3 step=2008 loss=1.05466
train_loss run=0 interval=3 step=2009 loss=0.970375
train_loss run=0 interval=3 step=2010 loss=1.03466
train_loss run=0 interval=3 step=2011 loss=1.00065
train_loss run=0 interval=3 step=2012 loss=0.996996
train_loss run=0 interval=3 step=2013 loss=1.08538
train_loss run=0 interval=3 step=2014 loss=1.02767
train_loss run=0 interval=3 step=2015 loss=1.06332
train_loss run=0 interval=3 step=2016 loss=0.968837
train_loss run=0 interval=3 step=2017 loss=1.0401
train_loss run=0 interval=3 step=2018 loss=1.024
train_loss run=0 interval=3 step=2019 loss=1.03322
train_loss run=0 interval=3 step=2020 loss=1.01247
train_loss run=0 interval=3 step=2021 loss=1.05865
train_loss run=0 interval=3 step=2022 loss=1.05597
train_loss run=0 interval=3 step=2023 loss=0.978485
train_loss run=0 interval=3 step=2024 loss=0.971053
train_loss run=0 interval=3 step=2025 loss=1.02298
train_loss run=0 interval=3 step=2026 loss=1.03219
train_loss run=0 interval=3 step=2027 loss=1.00613
train_loss run=0 interval=3 step=2028 loss=1.00908
train_loss run=0 interval=3 step=2029 loss=1.01385
train_loss run=0 interval=3 step=2030 loss=0.99801
train_loss run=0 interval=3 step=2031 loss=1.02692
train_loss run=0 interval=3 step=2032 loss=0.964764
train_loss run=0 interval=3 step=2033 loss=0.982237
train_loss run=0 interval=3 step=2034 loss=0.955442
train_loss run=0 interval=3 step=2035 loss=1.06527
train_loss run=0 interval=3 step=2036 loss=1.02791
train_loss run=0 interval=3 step=2037 loss=1.00879
train_loss run=0 interval=3 step=2038 loss=1.07561
train_loss run=0 interval=3 step=2039 loss=0.974507
train_loss run=0 interval=3 step=2040 loss=1.03087
train_loss run=0 interval=3 step=2041 loss=0.984823
train_loss run=0 interval=3 step=2042 loss=0.981701
train_loss run=0 interval=3 step=2043 loss=1.06247
train_loss run=0 interval=3 step=2044 loss=1.01533
train_loss run=0 interval=3 step=2045 loss=1.04632
train_loss run=0 interval=3 step=2046 loss=1.05571
train_loss run=0 interval=3 step=2047 loss=1.04982
train_loss run=0 interval=3 step=2048 loss=1.03765
train_loss run=0 interval=3 step=2049 loss=0.967953
train_loss run=0 interval=3 step=2050 loss=1.13594
train_loss run=0 interval=3 step=2051 loss=1.08711
train_loss run=0 interval=3 step=2052 loss=1.0071
train_loss run=0 interval=3 step=2053 loss=1.05484
train_loss run=0 interval=3 step=2054 loss=0.966811
train_loss run=0 interval=3 step=2055 loss=1.02998
train_loss run=0 interval=3 step=2056 loss=1.03103
train_loss run=0 interval=3 step=2057 loss=1.01127
train_loss run=0 interval=3 step=2058 loss=1.02208
train_loss run=0 interval=3 step=2059 loss=1.01635
train_loss run=0 interval=3 step=2060 loss=1.07624
train_loss run=0 interval=3 step=2061 loss=0.975172
train_loss run=0 interval=3 step=2062 loss=1.01362
train_loss run=0 interval=3 step=2063 loss=1.02353
train_loss run=0 interval=3 step=2064 loss=1.01607
train_loss run=0 interval=3 step=2065 loss=1.01321
train_loss run=0 interval=3 step=2066 loss=1.02615
train_loss run=0 interval=3 step=2067 loss=1.03916
train_loss run=0 interval=3 step=2068 loss=1.03364
train_loss run=0 interval=3 step=2069 loss=0.983007
train_loss run=0 interval=3 step=2070 loss=0.987809
train_loss run=0 interval=3 step=2071 loss=1.01451
train_loss run=0 interval=3 step=2072 loss=1.02505
train_loss run=0 interval=3 step=2073 loss=1.00941
train_loss run=0 interval=3 step=2074 loss=1.03403
train_loss run=0 interval=3 step=2075 loss=0.981773
train_loss run=0 interval=3 step=2076 loss=1.03531
train_loss run=0 interval=3 step=2077 loss=1.01707
train_loss run=0 interval=3 step=2078 loss=1.01874
train_loss run=0 interval=3 step=2079 loss=0.989641
train_loss run=0 interval=3 step=2080 loss=1.03721
train_loss run=0 interval=3 step=2081 loss=1.06376
train_loss run=0 interval=3 step=2082 loss=1.01185
train_loss run=0 interval=3 step=2083 loss=1.0493
train_loss run=0 interval=3 step=2084 loss=0.997333
train_loss run=0 interval=3 step=2085 loss=0.994259
train_loss run=0 interval=3 step=2086 loss=1.0604
train_loss run=0 interval=3 step=2087 loss=0.993327
train_loss run=0 interval=3 step=2088 loss=1.00544
train_loss run=0 interval=3 step=2089 loss=1.05182
train_loss run=0 interval=3 step=2090 loss=1.0437
train_loss run=0 interval=3 step=2091 loss=1.03262
train_loss run=0 interval=3 step=2092 loss=1.01166
train_loss run=0 interval=3 step=2093 loss=1.04071
train_loss run=0 interval=3 step=2094 loss=0.990551
train_loss run=0 interval=3 step=2095 loss=0.978623
train_loss run=0 interval=3 step=2096 loss=1.04231
train_loss run=0 interval=3 step=2097 loss=0.972268
train_loss run=0 interval=3 step=2098 loss=1.07376
train_loss run=0 interval=3 step=2099 loss=1.01795
train_loss run=0 interval=3 step=2100 loss=1.03905
train_loss run=0 interval=3 step=2101 loss=0.989599
train_loss run=0 interval=3 step=2102 loss=1.01355
train_loss run=0 interval=3 step=2103 loss=1.01359
train_loss run=0 interval=3 step=2104 loss=1.0075
train_loss run=0 interval=3 step=2105 loss=0.991592
train_loss run=0 interval=3 step=2106 loss=1.07254
train_loss run=0 interval=3 step=2107 loss=1.02283
train_loss run=0 interval=3 step=2108 loss=1.0278
train_loss run=0 interval=3 step=2109 loss=1.06976
train_loss run=0 interval=3 step=2110 loss=0.991355
train_loss run=0 interval=3 step=2111 loss=1.01397
train_loss run=0 interval=3 step=2112 loss=0.99298
train_loss run=0 interval=3 step=2113 loss=0.988227
train_loss run=0 interval=3 step=2114 loss=1.00645
train_loss run=0 interval=3 step=2115 loss=1.02902
train_loss run=0 interval=3 step=2116 loss=0.993768
train_loss run=0 interval=3 step=2117 loss=0.993089
train_loss run=0 interval=3 step=2118 loss=1.04759
train_loss run=0 interval=3 step=2119 loss=1.00527
train_loss run=0 interval=3 step=2120 loss=1.05735
train_loss run=0 interval=3 step=2121 loss=1.07446
train_loss run=0 interval=3 step=2122 loss=1.01629
train_loss run=0 interval=3 step=2123 loss=0.992791
train_loss run=0 interval=3 step=2124 loss=1.03573
train_loss run=0 interval=3 step=2125 loss=1.02572
train_loss run=0 interval=3 step=2126 loss=0.991664
train_loss run=0 interval=3 step=2127 loss=0.995309
train_loss run=0 interval=3 step=2128 loss=1.03086
train_loss run=0 interval=3 step=2129 loss=1.02107
train_loss run=0 interval=3 step=2130 loss=0.968252
train_loss run=0 interval=3 step=2131 loss=0.981487
train_loss run=0 interval=3 step=2132 loss=0.972132
train_loss run=0 interval=3 step=2133 loss=1.04344
train_loss run=0 interval=3 step=2134 loss=1.07085
train_loss run=0 interval=3 step=2135 loss=0.976024
train_loss run=0 interval=3 step=2136 loss=1.02813
train_loss run=0 interval=3 step=2137 loss=0.961636
train_loss run=0 interval=3 step=2138 loss=1.00263
train_loss run=0 interval=3 step=2139 loss=1.0445
train_loss run=0 interval=3 step=2140 loss=1.01994
train_loss run=0 interval=3 step=2141 loss=0.995026
train_loss run=0 interval=3 step=2142 loss=1.02746
train_loss run=0 interval=3 step=2143 loss=1.05584
train_loss run=0 interval=3 step=2144 loss=1.03901
train_loss run=0 interval=3 step=2145 loss=1.02185
train_loss run=0 interval=3 step=2146 loss=1.03389
train_loss run=0 interval=3 step=2147 loss=0.998227
train_loss run=0 interval=3 step=2148 loss=0.998544
train_loss run=0 interval=3 step=2149 loss=1.0651
train_loss run=0 interval=3 step=2150 loss=1.0013
train_loss run=0 interval=3 step=2151 loss=1.02981
train_loss run=0 interval=3 step=2152 loss=1.04777
train_loss run=0 interval=3 step=2153 loss=1.03126
train_loss run=0 interval=3 step=2154 loss=1.01438
train_loss run=0 interval=3 step=2155 loss=1.01323
train_loss run=0 interval=3 step=2156 loss=1.00043
train_loss run=0 interval=3 step=2157 loss=1.02295
train_loss run=0 interval=3 step=2158 loss=1.0001
train_loss run=0 interval=3 step=2159 loss=0.989962
train_loss run=0 interval=3 step=2160 loss=1.02271
train_loss run=0 interval=3 step=2161 loss=1.00614
train_loss run=0 interval=3 step=2162 loss=1.03597
train_loss run=0 interval=3 step=2163 loss=1.09811
train_loss run=0 interval=3 step=2164 loss=0.998895
train_loss run=0 interval=3 step=2165 loss=1.06746
train_loss run=0 interval=3 step=2166 loss=1.01459
train_loss run=0 interval=3 step=2167 loss=0.991341
train_loss run=0 interval=3 step=2168 loss=0.976477
train_loss run=0 interval=3 step=2169 loss=1.00123
train_loss run=0 interval=3 step=2170 loss=1.11523
train_loss run=0 interval=3 step=2171 loss=0.981662
train_loss run=0 interval=3 step=2172 loss=1.01308
train_loss run=0 interval=3 step=2173 loss=1.09822
train_loss run=0 interval=3 step=2174 loss=1.02372
train_loss run=0 interval=3 step=2175 loss=1.01717
train_loss run=0 interval=3 step=2176 loss=1.09269
train_loss run=0 interval=3 step=2177 loss=1.03289
train_loss run=0 interval=3 step=2178 loss=1.01237
train_loss run=0 interval=3 step=2179 loss=1.04274
train_loss run=0 interval=3 step=2180 loss=1.09732
train_loss run=0 interval=3 step=2181 loss=1.02999
train_loss run=0 interval=3 step=2182 loss=0.989415
train_loss run=0 interval=3 step=2183 loss=1.03948
train_loss run=0 interval=3 step=2184 loss=0.988306
train_loss run=0 interval=3 step=2185 loss=1.05889
train_loss run=0 interval=3 step=2186 loss=1.0393
train_loss run=0 interval=3 step=2187 loss=1.01914
train_loss run=0 interval=3 step=2188 loss=1.01735
train_loss run=0 interval=3 step=2189 loss=1.04871
train_loss run=0 interval=3 step=2190 loss=1.04889
train_loss run=0 interval=3 step=2191 loss=1.03441
train_loss run=0 interval=3 step=2192 loss=1.02237
train_loss run=0 interval=3 step=2193 loss=1.01558
train_loss run=0 interval=3 step=2194 loss=1.01857
train_loss run=0 interval=3 step=2195 loss=1.00204
train_loss run=0 interval=3 step=2196 loss=1.02084
train_loss run=0 interval=3 step=2197 loss=1.06564
train_loss run=0 interval=3 step=2198 loss=1.06234
train_loss run=0 interval=3 step=2199 loss=0.9816
train_loss run=0 interval=3 step=2200 loss=1.04645
train_loss run=0 interval=3 step=2201 loss=0.999921
train_loss run=0 interval=3 step=2202 loss=1.02098
train_loss run=0 interval=3 step=2203 loss=0.995328
train_loss run=0 interval=3 step=2204 loss=1.00343
train_loss run=0 interval=3 step=2205 loss=0.996529
train_loss run=0 interval=3 step=2206 loss=1.05302
train_loss run=0 interval=3 step=2207 loss=1.00103
train_loss run=0 interval=3 step=2208 loss=1.01801
train_loss run=0 interval=3 step=2209 loss=1.04382
train_loss run=0 interval=3 step=2210 loss=1.09202
train_loss run=0 interval=3 step=2211 loss=1.04949
train_loss run=0 interval=3 step=2212 loss=0.982733
train_loss run=0 interval=3 step=2213 loss=0.996841
train_loss run=0 interval=3 step=2214 loss=0.972328
train_loss run=0 interval=3 step=2215 loss=1.04751
train_loss run=0 interval=3 step=2216 loss=1.01023
train_loss run=0 interval=3 step=2217 loss=1.01935
train_loss run=0 interval=3 step=2218 loss=1.01916
train_loss run=0 interval=3 step=2219 loss=0.98201
train_loss run=0 interval=3 step=2220 loss=1.06385
train_loss run=0 interval=3 step=2221 loss=1.02612
train_loss run=0 interval=3 step=2222 loss=1.04702
train_loss run=0 interval=3 step=2223 loss=0.980472
train_loss run=0 interval=3 step=2224 loss=1.01936
train_loss run=0 interval=3 step=2225 loss=1.00454
train_loss run=0 interval=3 step=2226 loss=1.00813
train_loss run=0 interval=3 step=2227 loss=1.03477
train_loss run=0 interval=3 step=2228 loss=1.02976
train_loss run=0 interval=3 step=2229 loss=1.02759
train_loss run=0 interval=3 step=2230 loss=1.05674
train_loss run=0 interval=3 step=2231 loss=0.994458
train_loss run=0 interval=3 step=2232 loss=1.02861
train_loss run=0 interval=3 step=2233 loss=1.0111
train_loss run=0 interval=3 step=2234 loss=1.02379
train_loss run=0 interval=3 step=2235 loss=1.025
train_loss run=0 interval=3 step=2236 loss=1.04934
train_loss run=0 interval=3 step=2237 loss=1.0107
train_loss run=0 interval=3 step=2238 loss=1.01536
train_loss run=0 interval=3 step=2239 loss=1.05833
train_loss run=0 interval=3 step=2240 loss=0.983554
train_loss run=0 interval=3 step=2241 loss=1.07237
train_loss run=0 interval=3 step=2242 loss=1.04443
train_loss run=0 interval=3 step=2243 loss=1.02316
train_loss run=0 interval=3 step=2244 loss=0.988402
train_loss run=0 interval=3 step=2245 loss=0.981994
train_loss run=0 interval=3 step=2246 loss=1.01888
train_loss run=0 interval=3 step=2247 loss=0.995157
train_loss run=0 interval=3 step=2248 loss=1.01492
train_loss run=0 interval=3 step=2249 loss=0.97426
train_loss run=0 interval=3 step=2250 loss=1.02872
train_loss run=0 interval=3 step=2251 loss=1.01795
train_loss run=0 interval=3 step=2252 loss=1.02904
train_loss run=0 interval=3 step=2253 loss=1.00935
train_loss run=0 interval=3 step=2254 loss=1.00067
train_loss run=0 interval=3 step=2255 loss=0.988351
train_loss run=0 interval=3 step=2256 loss=1.02704
train_loss run=0 interval=3 step=2257 loss=1.05797
train_loss run=0 interval=3 step=2258 loss=1.09921
train_loss run=0 interval=3 step=2259 loss=1.01481
train_loss run=0 interval=3 step=2260 loss=1.00876
train_loss run=0 interval=3 step=2261 loss=1.02538
train_loss run=0 interval=3 step=2262 loss=1.00396
train_loss run=0 interval=3 step=2263 loss=1.02709
train_loss run=0 interval=3 step=2264 loss=0.99822
train_loss run=0 interval=3 step=2265 loss=0.993493
train_loss run=0 interval=3 step=2266 loss=0.993742
train_loss run=0 interval=3 step=2267 loss=1.02486
train_loss run=0 interval=3 step=2268 loss=1.06213
train_loss run=0 interval=3 step=2269 loss=1.00348
train_loss run=0 interval=3 step=2270 loss=0.998492
train_loss run=0 interval=3 step=2271 loss=1.07406
train_loss run=0 interval=3 step=2272 loss=1.04526
train_loss run=0 interval=3 step=2273 loss=1.08234
train_loss run=0 interval=3 step=2274 loss=1.03051
train_loss run=0 interval=3 step=2275 loss=1.07201
train_loss run=0 interval=3 step=2276 loss=1.02543
train_loss run=0 interval=3 step=2277 loss=0.959372
train_loss run=0 interval=3 step=2278 loss=1.01218
train_loss run=0 interval=3 step=2279 loss=1.02028
train_loss run=0 interval=3 step=2280 loss=1.04043
train_loss run=0 interval=3 step=2281 loss=0.981427
train_loss run=0 interval=3 step=2282 loss=1.04263
train_loss run=0 interval=3 step=2283 loss=1.01497
train_loss run=0 interval=3 step=2284 loss=1.09887
train_loss run=0 interval=3 step=2285 loss=1.03535
train_loss run=0 interval=3 step=2286 loss=1.0598
train_loss run=0 interval=3 step=2287 loss=0.987593
train_loss run=0 interval=3 step=2288 loss=1.01331
train_loss run=0 interval=3 step=2289 loss=0.95972
train_loss run=0 interval=3 step=2290 loss=1.003
train_loss run=0 interval=3 step=2291 loss=1.08047
train_loss run=0 interval=3 step=2292 loss=1.03891
train_loss run=0 interval=3 step=2293 loss=1.08425
train_loss run=0 interval=3 step=2294 loss=0.999354
train_loss run=0 interval=3 step=2295 loss=1.03477
train_loss run=0 interval=3 step=2296 loss=1.02764
train_loss run=0 interval=3 step=2297 loss=1.00759
train_loss run=0 interval=3 step=2298 loss=0.99971
train_loss run=0 interval=3 step=2299 loss=0.991971
train_loss run=0 interval=3 step=2300 loss=0.996843
train_loss run=0 interval=3 step=2301 loss=1.01059
train_loss run=0 interval=3 step=2302 loss=1.01546
train_loss run=0 interval=3 step=2303 loss=1.0141
train_loss run=0 interval=3 step=2304 loss=0.978676
train_loss run=0 interval=3 step=2305 loss=1.09229
train_loss run=0 interval=3 step=2306 loss=1.0275
train_loss run=0 interval=3 step=2307 loss=1.02149
train_loss run=0 interval=3 step=2308 loss=1.02554
train_loss run=0 interval=3 step=2309 loss=0.985448
train_loss run=0 interval=3 step=2310 loss=0.997226
train_loss run=0 interval=3 step=2311 loss=0.995573
train_loss run=0 interval=3 step=2312 loss=1.023
train_loss run=0 interval=3 step=2313 loss=1.18227
train_loss run=0 interval=3 step=2314 loss=1.03953
train_loss run=0 interval=3 step=2315 loss=1.03048
train_loss run=0 interval=3 step=2316 loss=1.04766
train_loss run=0 interval=3 step=2317 loss=1.03155
train_loss run=0 interval=3 step=2318 loss=0.997878
train_loss run=0 interval=3 step=2319 loss=1.0328
train_loss run=0 interval=3 step=2320 loss=1.05223
train_loss run=0 interval=3 step=2321 loss=0.991747
train_loss run=0 interval=3 step=2322 loss=1.02153
train_loss run=0 interval=3 step=2323 loss=1.00928
train_loss run=0 interval=3 step=2324 loss=1.02021
train_loss run=0 interval=3 step=2325 loss=1.05488
train_loss run=0 interval=3 step=2326 loss=1.02412
train_loss run=0 interval=3 step=2327 loss=1.01242
train_loss run=0 interval=3 step=2328 loss=0.984541
train_loss run=0 interval=3 step=2329 loss=1.11741
train_loss run=0 interval=3 step=2330 loss=1.04672
train_loss run=0 interval=3 step=2331 loss=1.06541
train_loss run=0 interval=3 step=2332 loss=1.0232
train_loss run=0 interval=3 step=2333 loss=1.02659
train_loss run=0 interval=3 step=2334 loss=1.03324
train_loss run=0 interval=3 step=2335 loss=1.00262
train_loss run=0 interval=3 step=2336 loss=1.0065
train_loss run=0 interval=3 step=2337 loss=1.02762
train_loss run=0 interval=3 step=2338 loss=1.0043
train_loss run=0 interval=3 step=2339 loss=1.02533
train_loss run=0 interval=3 step=2340 loss=1.03378
train_loss run=0 interval=3 step=2341 loss=1.02445
train_loss run=0 interval=3 step=2342 loss=1.05079
train_loss run=0 interval=3 step=2343 loss=1.01854
train_loss run=0 interval=3 step=2344 loss=1.02124
train_loss run=0 interval=3 step=2345 loss=1.11462
train_loss run=0 interval=3 step=2346 loss=0.980753
train_loss run=0 interval=3 step=2347 loss=1.00537
train_loss run=0 interval=3 step=2348 loss=1.03152
train_loss run=0 interval=3 step=2349 loss=1.0471
train_loss run=0 interval=3 step=2350 loss=1.04835
train_loss run=0 interval=3 step=2351 loss=1.01775
train_loss run=0 interval=3 step=2352 loss=1.0537
train_loss run=0 interval=3 step=2353 loss=0.977565
train_loss run=0 interval=3 step=2354 loss=0.997425
train_loss run=0 interval=3 step=2355 loss=0.989971
train_loss run=0 interval=3 step=2356 loss=1.07057
train_loss run=0 interval=3 step=2357 loss=0.975345
train_loss run=0 interval=3 step=2358 loss=1.05098
train_loss run=0 interval=3 step=2359 loss=1.08668
train_loss run=0 interval=3 step=2360 loss=1.00816
train_loss run=0 interval=3 step=2361 loss=1.0175
train_loss run=0 interval=3 step=2362 loss=1.0365
train_loss run=0 interval=3 step=2363 loss=1.01161
train_loss run=0 interval=3 step=2364 loss=0.989308
train_loss run=0 interval=3 step=2365 loss=0.977032
train_loss run=0 interval=3 step=2366 loss=1.02921
train_loss run=0 interval=3 step=2367 loss=1.01758
train_loss run=0 interval=3 step=2368 loss=1.02492
train_loss run=0 interval=3 step=2369 loss=1.06385
train_loss run=0 interval=3 step=2370 loss=1.00705
train_loss run=0 interval=3 step=2371 loss=1.01625
train_loss run=0 interval=3 step=2372 loss=1.03157
train_loss run=0 interval=3 step=2373 loss=1.04433
train_loss run=0 interval=3 step=2374 loss=1.01277
train_loss run=0 interval=3 step=2375 loss=1.0322
train_loss run=0 interval=3 step=2376 loss=1.03553
train_loss run=0 interval=3 step=2377 loss=1.02307
train_loss run=0 interval=3 step=2378 loss=0.985976
train_loss run=0 interval=3 step=2379 loss=1.07973
train_loss run=0 interval=3 step=2380 loss=1.07421
train_loss run=0 interval=3 step=2381 loss=0.992262
train_loss run=0 interval=3 step=2382 loss=1.05201
train_loss run=0 interval=3 step=2383 loss=1.06882
train_loss run=0 interval=3 step=2384 loss=1.04813
train_loss run=0 interval=3 step=2385 loss=1.03329
train_loss run=0 interval=3 step=2386 loss=1.07507
train_loss run=0 interval=3 step=2387 loss=1.04771
train_loss run=0 interval=3 step=2388 loss=1.04297
train_loss run=0 interval=3 step=2389 loss=1.06519
train_loss run=0 interval=3 step=2390 loss=0.968561
train_loss run=0 interval=3 step=2391 loss=1.03435
train_loss run=0 interval=3 step=2392 loss=1.05569
train_loss run=0 interval=3 step=2393 loss=1.00979
train_loss run=0 interval=3 step=2394 loss=1.02383
train_loss run=0 interval=3 step=2395 loss=1.03948
train_loss run=0 interval=3 step=2396 loss=0.963544
train_loss run=0 interval=3 step=2397 loss=1.0616
train_loss run=0 interval=3 step=2398 loss=0.99615
train_loss run=0 interval=3 step=2399 loss=1.00475
train_loss run=0 interval=3 step=2400 loss=1.07778
train_loss run=0 interval=3 step=2401 loss=0.995548
train_loss run=0 interval=3 step=2402 loss=1.01957
train_loss run=0 interval=3 step=2403 loss=1.01838
train_loss run=0 interval=3 step=2404 loss=0.990916
train_loss run=0 interval=3 step=2405 loss=1.03025
train_loss run=0 interval=3 step=2406 loss=0.991792
train_loss run=0 interval=3 step=2407 loss=1.01844
train_loss run=0 interval=3 step=2408 loss=1.05172
train_loss run=0 interval=3 step=2409 loss=1.00577
train_loss run=0 interval=3 step=2410 loss=0.990587
train_loss run=0 interval=3 step=2411 loss=1.06297
train_loss run=0 interval=3 step=2412 loss=0.981569
train_loss run=0 interval=3 step=2413 loss=1.00208
train_loss run=0 interval=3 step=2414 loss=1.0118
train_loss run=0 interval=3 step=2415 loss=1.00187
train_loss run=0 interval=3 step=2416 loss=1.08269
train_loss run=0 interval=3 step=2417 loss=0.997417
train_loss run=0 interval=3 step=2418 loss=1.03683
train_loss run=0 interval=3 step=2419 loss=1.01762
train_loss run=0 interval=3 step=2420 loss=0.996169
train_loss run=0 interval=3 step=2421 loss=1.0111
train_loss run=0 interval=3 step=2422 loss=1.01269
train_loss run=0 interval=3 step=2423 loss=1.04962
train_loss run=0 interval=3 step=2424 loss=1.01024
train_loss run=0 interval=3 step=2425 loss=0.968996
train_loss run=0 interval=3 step=2426 loss=0.975782
train_loss run=0 interval=3 step=2427 loss=0.993299
train_loss run=0 interval=3 step=2428 loss=1.04774
train_loss run=0 interval=3 step=2429 loss=0.972979
train_loss run=0 interval=3 step=2430 loss=0.984664
train_loss run=0 interval=3 step=2431 loss=1.04552
train_loss run=0 interval=3 step=2432 loss=1.0241
train_loss run=0 interval=3 step=2433 loss=1.0581
train_loss run=0 interval=3 step=2434 loss=0.99892
train_loss run=0 interval=3 step=2435 loss=0.983935
train_loss run=0 interval=3 step=2436 loss=1.01469
train_loss run=0 interval=3 step=2437 loss=0.971179
train_loss run=0 interval=3 step=2438 loss=1.03585
train_loss run=0 interval=3 step=2439 loss=0.978584
train_loss run=0 interval=3 step=2440 loss=0.98496
train_loss run=0 interval=3 step=2441 loss=1.05223
train_loss run=0 interval=3 step=2442 loss=0.982755
train_loss run=0 interval=3 step=2443 loss=0.998785
train_loss run=0 interval=3 step=2444 loss=1.01312
train_loss run=0 interval=3 step=2445 loss=1.06669
train_loss run=0 interval=3 step=2446 loss=1.03956
train_loss run=0 interval=3 step=2447 loss=0.997686
train_loss run=0 interval=3 step=2448 loss=0.999532
train_loss run=0 interval=3 step=2449 loss=0.992749
train_loss run=0 interval=3 step=2450 loss=0.97609
train_loss run=0 interval=3 step=2451 loss=0.99482
train_loss run=0 interval=3 step=2452 loss=0.993958
train_loss run=0 interval=3 step=2453 loss=0.957027
train_loss run=0 interval=3 step=2454 loss=1.00101
train_loss run=0 interval=3 step=2455 loss=0.990724
train_loss run=0 interval=3 step=2456 loss=1.01036
train_loss run=0 interval=3 step=2457 loss=0.957891
train_loss run=0 interval=3 step=2458 loss=1.00655
train_loss run=0 interval=3 step=2459 loss=0.974232
train_loss run=0 interval=3 step=2460 loss=1.0267
train_loss run=0 interval=3 step=2461 loss=0.965799
train_loss run=0 interval=3 step=2462 loss=1.01147
train_loss run=0 interval=3 step=2463 loss=1.01973
train_loss run=0 interval=3 step=2464 loss=1.02529
train_loss run=0 interval=3 step=2465 loss=1.02883
train_loss run=0 interval=3 step=2466 loss=1.04766
train_loss run=0 interval=3 step=2467 loss=1.03957
train_loss run=0 interval=3 step=2468 loss=1.02895
train_loss run=0 interval=3 step=2469 loss=0.977856
train_loss run=0 interval=3 step=2470 loss=0.983767
train_loss run=0 interval=3 step=2471 loss=1.00676
train_loss run=0 interval=3 step=2472 loss=1.00975
train_loss run=0 interval=3 step=2473 loss=1.0334
train_loss run=0 interval=3 step=2474 loss=1.01099
train_loss run=0 interval=3 step=2475 loss=1.04696
train_loss run=0 interval=3 step=2476 loss=1.00714
train_loss run=0 interval=3 step=2477 loss=1.00878
train_loss run=0 interval=3 step=2478 loss=1.00833
train_loss run=0 interval=3 step=2479 loss=1.01266
train_loss run=0 interval=3 step=2480 loss=1.04664
train_loss run=0 interval=3 step=2481 loss=1.01986
train_loss run=0 interval=3 step=2482 loss=1.01101
train_loss run=0 interval=3 step=2483 loss=0.984383
train_loss run=0 interval=3 step=2484 loss=0.998908
train_loss run=0 interval=3 step=2485 loss=1.06122
train_loss run=0 interval=3 step=2486 loss=0.961676
train_loss run=0 interval=3 step=2487 loss=1.03707
train_loss run=0 interval=3 step=2488 loss=1.03563
train_loss run=0 interval=3 step=2489 loss=1.01824
train_loss run=0 interval=3 step=2490 loss=0.997422
train_loss run=0 interval=3 step=2491 loss=0.985111
train_loss run=0 interval=3 step=2492 loss=1.05011
train_loss run=0 interval=3 step=2493 loss=1.02019
train_loss run=0 interval=3 step=2494 loss=0.999271
train_loss run=0 interval=3 step=2495 loss=0.967901
train_loss run=0 interval=3 step=2496 loss=1.04338
train_loss run=0 interval=3 step=2497 loss=1.0232
train_loss run=0 interval=3 step=2498 loss=0.994157
train_loss run=0 interval=3 step=2499 loss=0.979633
train_loss run=0 interval=3 step=2500 loss=0.998663
train_loss run=0 interval=3 step=2501 loss=1.0459
train_loss run=0 interval=3 step=2502 loss=1.02278
train_loss run=0 interval=3 step=2503 loss=0.987294
train_loss run=0 interval=3 step=2504 loss=1.01597
train_loss run=0 interval=3 step=2505 loss=0.975123
train_loss run=0 interval=3 step=2506 loss=1.04024
train_loss run=0 interval=3 step=2507 loss=1.03124
train_loss run=0 interval=3 step=2508 loss=1.0386
train_loss run=0 interval=3 step=2509 loss=1.01239
train_loss run=0 interval=3 step=2510 loss=1.00774
train_loss run=0 interval=3 step=2511 loss=1.03643
train_loss run=0 interval=3 step=2512 loss=0.987914
train_loss run=0 interval=3 step=2513 loss=0.977638
train_loss run=0 interval=3 step=2514 loss=1.08456
train_loss run=0 interval=3 step=2515 loss=1.08972
train_loss run=0 interval=3 step=2516 loss=0.983729
train_loss run=0 interval=3 step=2517 loss=0.992855
train_loss run=0 interval=3 step=2518 loss=1.0412
train_loss run=0 interval=3 step=2519 loss=0.986309
train_loss run=0 interval=3 step=2520 loss=0.99503
train_loss run=0 interval=3 step=2521 loss=1.01794
train_loss run=0 interval=3 step=2522 loss=1.00202
train_loss run=0 interval=3 step=2523 loss=0.985147
train_loss run=0 interval=3 step=2524 loss=0.981989
train_loss run=0 interval=3 step=2525 loss=0.960531
train_loss run=0 interval=3 step=2526 loss=0.969228
train_loss run=0 interval=3 step=2527 loss=1.01827
train_loss run=0 interval=3 step=2528 loss=1.01235
train_loss run=0 interval=3 step=2529 loss=1.04677
train_loss run=0 interval=3 step=2530 loss=1.01781
train_loss run=0 interval=3 step=2531 loss=1.01356
train_loss run=0 interval=3 step=2532 loss=1.04861
train_loss run=0 interval=3 step=2533 loss=0.989156
train_loss run=0 interval=3 step=2534 loss=0.994823
train_loss run=0 interval=3 step=2535 loss=1.03173
train_loss run=0 interval=3 step=2536 loss=1.03532
train_loss run=0 interval=3 step=2537 loss=1.04438
train_loss run=0 interval=3 step=2538 loss=1.05304
train_loss run=0 interval=3 step=2539 loss=0.974425
train_loss run=0 interval=3 step=2540 loss=1.01097
train_loss run=0 interval=3 step=2541 loss=1.02204
train_loss run=0 interval=3 step=2542 loss=1.00612
train_loss run=0 interval=3 step=2543 loss=1.03788
train_loss run=0 interval=3 step=2544 loss=1.02716
train_loss run=0 interval=3 step=2545 loss=1.01152
train_loss run=0 interval=3 step=2546 loss=0.944907
train_loss run=0 interval=3 step=2547 loss=0.96058
train_loss run=0 interval=3 step=2548 loss=0.981037
train_loss run=0 interval=3 step=2549 loss=1.0662
train_loss run=0 interval=3 step=2550 loss=0.986582
train_loss run=0 interval=3 step=2551 loss=1.00592
train_loss run=0 interval=3 step=2552 loss=0.995816
train_loss run=0 interval=3 step=2553 loss=1.01188
train_loss run=0 interval=3 step=2554 loss=1.0067
train_loss run=0 interval=3 step=2555 loss=1.07071
train_loss run=0 interval=3 step=2556 loss=1.00923
train_loss run=0 interval=3 step=2557 loss=1.0989
train_loss run=0 interval=3 step=2558 loss=0.987734
train_loss run=0 interval=3 step=2559 loss=1.06254
train_loss run=0 interval=3 step=2560 loss=0.974414
interval_boundary_eval run=0 interval=3 step=2560 total_steps=3200 tta_val_acc=0.9193
main hparams: muon_lr=0.01 muon_momentum=0.7 bias_lr=13 head_lr=38 main=0.9185
main hparams: muon_lr=0.006 muon_momentum=0.7 bias_lr=13 head_lr=38 main=0.9268
main hparams: muon_lr=0.0036 muon_momentum=0.7 bias_lr=13 head_lr=38 main=0.9291
main hparams: muon_lr=0.0022 muon_momentum=0.7 bias_lr=13 head_lr=38 main=0.9297
main hparams: muon_lr=0.0013 muon_momentum=0.7 bias_lr=13 head_lr=38 main=0.9305
main hparams: muon_lr=0.00078 muon_momentum=0.7 bias_lr=13 head_lr=38 main=0.9313
main hparams: muon_lr=0.00047 muon_momentum=0.7 bias_lr=13 head_lr=38 main=0.9298
main hparams: muon_lr=0.00078 muon_momentum=0.6 bias_lr=13 head_lr=38 main=0.9307
main hparams: muon_lr=0.00078 muon_momentum=0.8 bias_lr=13 head_lr=38 main=0.9308
main hparams: muon_lr=0.00078 muon_momentum=0.7 bias_lr=8.1 head_lr=38 main=0.9318
main hparams: muon_lr=0.00078 muon_momentum=0.7 bias_lr=4.9 head_lr=38 main=0.9343
main hparams: muon_lr=0.00078 muon_momentum=0.7 bias_lr=2.9 head_lr=38 main=0.9354
main hparams: muon_lr=0.00078 muon_momentum=0.7 bias_lr=1.7 head_lr=38 main=0.9355
main hparams: muon_lr=0.00078 muon_momentum=0.7 bias_lr=1 head_lr=38 main=0.9368
main hparams: muon_lr=0.00078 muon_momentum=0.7 bias_lr=0.63 head_lr=38 main=0.9363
main hparams: muon_lr=0.00047 muon_momentum=0.7 bias_lr=1 head_lr=38 main=0.9349
main hparams: muon_lr=0.0013 muon_momentum=0.7 bias_lr=1 head_lr=38 main=0.9376
main hparams: muon_lr=0.0022 muon_momentum=0.7 bias_lr=1 head_lr=38 main=0.9384
main hparams: muon_lr=0.0036 muon_momentum=0.7 bias_lr=1 head_lr=38 main=0.9365
main hparams: muon_lr=0.0022 muon_momentum=0.6 bias_lr=1 head_lr=38 main=0.9387
main hparams: muon_lr=0.0022 muon_momentum=0.5 bias_lr=1 head_lr=38 main=0.9381
main hparams: muon_lr=0.0013 muon_momentum=0.6 bias_lr=1 head_lr=38 main=0.9364
main hparams: muon_lr=0.0036 muon_momentum=0.6 bias_lr=1 head_lr=38 main=0.9378
main hparams: muon_lr=0.0022 muon_momentum=0.8 bias_lr=1 head_lr=38 main=0.9375
main hparams: muon_lr=0.0022 muon_momentum=0.6 bias_lr=0.63 head_lr=38 main=0.938
main hparams: muon_lr=0.0022 muon_momentum=0.6 bias_lr=1.7 head_lr=38 main=0.9379
main hparams: muon_lr=0.0022 muon_momentum=0.6 bias_lr=1 head_lr=23 main=0.9383
main hparams: muon_lr=0.0022 muon_momentum=0.6 bias_lr=1 head_lr=14 main=0.9385
main hparams: muon_lr=0.0022 muon_momentum=0.6 bias_lr=1 head_lr=8.1 main=0.9386
main hparams: muon_lr=0.0022 muon_momentum=0.6 bias_lr=1 head_lr=63 main=0.9391
main hparams: muon_lr=0.0022 muon_momentum=0.6 bias_lr=1 head_lr=100 main=0.9388
main hparams: muon_lr=0.0022 muon_momentum=0.6 bias_lr=1 head_lr=170 main=0.9389
main hparams: muon_lr=0.0022 muon_momentum=0.6 bias_lr=1 head_lr=290 main=0.9378
main hparams: muon_lr=0.0013 muon_momentum=0.6 bias_lr=1 head_lr=63 main=0.9368
main hparams: muon_lr=0.0036 muon_momentum=0.6 bias_lr=1 head_lr=63 main=0.938
main hparams: muon_lr=0.0022 muon_momentum=0.5 bias_lr=1 head_lr=63 main=0.9384
main hparams: muon_lr=0.0022 muon_momentum=0.7 bias_lr=1 head_lr=63 main=0.9381
main hparams: muon_lr=0.0022 muon_momentum=0.6 bias_lr=0.63 head_lr=63 main=0.9378
main hparams: muon_lr=0.0022 muon_momentum=0.6 bias_lr=1.7 head_lr=63 main=0.9381
search_path step=0 muon_lr=0.01 muon_momentum=0.7 bias_lr=13 head_lr=38 tta_val_acc=0.9185
search_path step=1 muon_lr=0.00078 muon_momentum=0.7 bias_lr=13 head_lr=38 tta_val_acc=0.9313
search_path step=2 muon_lr=0.00078 muon_momentum=0.7 bias_lr=1 head_lr=38 tta_val_acc=0.9368
search_path step=3 muon_lr=0.0022 muon_momentum=0.7 bias_lr=1 head_lr=38 tta_val_acc=0.9384
search_path step=4 muon_lr=0.0022 muon_momentum=0.6 bias_lr=1 head_lr=38 tta_val_acc=0.9387
search_path step=5 muon_lr=0.0022 muon_momentum=0.6 bias_lr=1 head_lr=63 tta_val_acc=0.9391
train_hparams run=0 interval=4 start_step=2560 completed_steps=640 total_steps=3200 muon_lr=0.0022 muon_momentum=0.6 bias_lr=1 head_lr=63 muon_nesterov=False
train_loss run=0 interval=4 step=2561 loss=1.00689
train_loss run=0 interval=4 step=2562 loss=0.99439
train_loss run=0 interval=4 step=2563 loss=0.98411
train_loss run=0 interval=4 step=2564 loss=0.998128
train_loss run=0 interval=4 step=2565 loss=0.967677
train_loss run=0 interval=4 step=2566 loss=0.963389
train_loss run=0 interval=4 step=2567 loss=1.00194
train_loss run=0 interval=4 step=2568 loss=0.9814
train_loss run=0 interval=4 step=2569 loss=1.0432
train_loss run=0 interval=4 step=2570 loss=1.03022
train_loss run=0 interval=4 step=2571 loss=0.980875
train_loss run=0 interval=4 step=2572 loss=1.01492
train_loss run=0 interval=4 step=2573 loss=0.985913
train_loss run=0 interval=4 step=2574 loss=0.960529
train_loss run=0 interval=4 step=2575 loss=1.00012
train_loss run=0 interval=4 step=2576 loss=0.975964
train_loss run=0 interval=4 step=2577 loss=0.991166
train_loss run=0 interval=4 step=2578 loss=1.02172
train_loss run=0 interval=4 step=2579 loss=0.972039
train_loss run=0 interval=4 step=2580 loss=0.968723
train_loss run=0 interval=4 step=2581 loss=0.987268
train_loss run=0 interval=4 step=2582 loss=0.982034
train_loss run=0 interval=4 step=2583 loss=0.983016
train_loss run=0 interval=4 step=2584 loss=0.977849
train_loss run=0 interval=4 step=2585 loss=1.02182
train_loss run=0 interval=4 step=2586 loss=1.01335
train_loss run=0 interval=4 step=2587 loss=1.00066
train_loss run=0 interval=4 step=2588 loss=0.983844
train_loss run=0 interval=4 step=2589 loss=1.015
train_loss run=0 interval=4 step=2590 loss=1.00999
train_loss run=0 interval=4 step=2591 loss=1.02309
train_loss run=0 interval=4 step=2592 loss=0.986639
train_loss run=0 interval=4 step=2593 loss=0.982234
train_loss run=0 interval=4 step=2594 loss=0.992374
train_loss run=0 interval=4 step=2595 loss=1.0369
train_loss run=0 interval=4 step=2596 loss=1.02293
train_loss run=0 interval=4 step=2597 loss=0.974184
train_loss run=0 interval=4 step=2598 loss=0.986131
train_loss run=0 interval=4 step=2599 loss=0.947411
train_loss run=0 interval=4 step=2600 loss=0.972928
train_loss run=0 interval=4 step=2601 loss=0.982044
train_loss run=0 interval=4 step=2602 loss=1.07422
train_loss run=0 interval=4 step=2603 loss=0.985263
train_loss run=0 interval=4 step=2604 loss=0.953928
train_loss run=0 interval=4 step=2605 loss=0.977643
train_loss run=0 interval=4 step=2606 loss=1.01332
train_loss run=0 interval=4 step=2607 loss=0.986847
train_loss run=0 interval=4 step=2608 loss=0.987391
train_loss run=0 interval=4 step=2609 loss=0.954362
train_loss run=0 interval=4 step=2610 loss=0.99377
train_loss run=0 interval=4 step=2611 loss=0.937448
train_loss run=0 interval=4 step=2612 loss=0.995434
train_loss run=0 interval=4 step=2613 loss=0.97043
train_loss run=0 interval=4 step=2614 loss=1.02056
train_loss run=0 interval=4 step=2615 loss=0.98737
train_loss run=0 interval=4 step=2616 loss=1.0075
train_loss run=0 interval=4 step=2617 loss=0.956847
train_loss run=0 interval=4 step=2618 loss=0.956288
train_loss run=0 interval=4 step=2619 loss=1.00308
train_loss run=0 interval=4 step=2620 loss=1.01882
train_loss run=0 interval=4 step=2621 loss=0.953121
train_loss run=0 interval=4 step=2622 loss=0.995741
train_loss run=0 interval=4 step=2623 loss=1.00199
train_loss run=0 interval=4 step=2624 loss=0.964321
train_loss run=0 interval=4 step=2625 loss=0.996014
train_loss run=0 interval=4 step=2626 loss=0.995131
train_loss run=0 interval=4 step=2627 loss=0.995142
train_loss run=0 interval=4 step=2628 loss=0.995669
train_loss run=0 interval=4 step=2629 loss=0.950734
train_loss run=0 interval=4 step=2630 loss=1.01688
train_loss run=0 interval=4 step=2631 loss=1.01934
train_loss run=0 interval=4 step=2632 loss=0.974113
train_loss run=0 interval=4 step=2633 loss=0.946103
train_loss run=0 interval=4 step=2634 loss=1.01065
train_loss run=0 interval=4 step=2635 loss=1.02027
train_loss run=0 interval=4 step=2636 loss=0.994866
train_loss run=0 interval=4 step=2637 loss=0.980357
train_loss run=0 interval=4 step=2638 loss=0.97057
train_loss run=0 interval=4 step=2639 loss=0.993659
train_loss run=0 interval=4 step=2640 loss=0.975073
train_loss run=0 interval=4 step=2641 loss=0.956914
train_loss run=0 interval=4 step=2642 loss=1.06677
train_loss run=0 interval=4 step=2643 loss=0.971072
train_loss run=0 interval=4 step=2644 loss=1.01498
train_loss run=0 interval=4 step=2645 loss=0.950447
train_loss run=0 interval=4 step=2646 loss=0.972404
train_loss run=0 interval=4 step=2647 loss=0.968962
train_loss run=0 interval=4 step=2648 loss=0.953696
train_loss run=0 interval=4 step=2649 loss=1.05209
train_loss run=0 interval=4 step=2650 loss=0.957947
train_loss run=0 interval=4 step=2651 loss=0.94472
train_loss run=0 interval=4 step=2652 loss=0.965538
train_loss run=0 interval=4 step=2653 loss=0.961391
train_loss run=0 interval=4 step=2654 loss=0.977151
train_loss run=0 interval=4 step=2655 loss=0.936805
train_loss run=0 interval=4 step=2656 loss=0.975565
train_loss run=0 interval=4 step=2657 loss=0.968409
train_loss run=0 interval=4 step=2658 loss=0.978644
train_loss run=0 interval=4 step=2659 loss=0.96741
train_loss run=0 interval=4 step=2660 loss=0.996989
train_loss run=0 interval=4 step=2661 loss=0.954467
train_loss run=0 interval=4 step=2662 loss=1.01323
train_loss run=0 interval=4 step=2663 loss=1.00567
train_loss run=0 interval=4 step=2664 loss=0.99283
train_loss run=0 interval=4 step=2665 loss=0.975682
train_loss run=0 interval=4 step=2666 loss=0.991044
train_loss run=0 interval=4 step=2667 loss=0.952304
train_loss run=0 interval=4 step=2668 loss=1.02985
train_loss run=0 interval=4 step=2669 loss=0.966606
train_loss run=0 interval=4 step=2670 loss=0.974272
train_loss run=0 interval=4 step=2671 loss=0.975479
train_loss run=0 interval=4 step=2672 loss=0.970801
train_loss run=0 interval=4 step=2673 loss=0.985066
train_loss run=0 interval=4 step=2674 loss=0.984168
train_loss run=0 interval=4 step=2675 loss=0.940925
train_loss run=0 interval=4 step=2676 loss=0.965726
train_loss run=0 interval=4 step=2677 loss=0.994413
train_loss run=0 interval=4 step=2678 loss=0.997614
train_loss run=0 interval=4 step=2679 loss=1.07079
train_loss run=0 interval=4 step=2680 loss=0.984614
train_loss run=0 interval=4 step=2681 loss=0.950785
train_loss run=0 interval=4 step=2682 loss=0.996207
train_loss run=0 interval=4 step=2683 loss=0.990176
train_loss run=0 interval=4 step=2684 loss=0.99985
train_loss run=0 interval=4 step=2685 loss=0.980987
train_loss run=0 interval=4 step=2686 loss=0.982662
train_loss run=0 interval=4 step=2687 loss=0.974519
train_loss run=0 interval=4 step=2688 loss=0.983477
train_loss run=0 interval=4 step=2689 loss=0.959221
train_loss run=0 interval=4 step=2690 loss=0.983755
train_loss run=0 interval=4 step=2691 loss=0.984227
train_loss run=0 interval=4 step=2692 loss=0.959908
train_loss run=0 interval=4 step=2693 loss=0.988524
train_loss run=0 interval=4 step=2694 loss=0.99461
train_loss run=0 interval=4 step=2695 loss=0.961508
train_loss run=0 interval=4 step=2696 loss=1.02027
train_loss run=0 interval=4 step=2697 loss=0.990409
train_loss run=0 interval=4 step=2698 loss=0.993926
train_loss run=0 interval=4 step=2699 loss=0.971353
train_loss run=0 interval=4 step=2700 loss=0.981276
train_loss run=0 interval=4 step=2701 loss=0.967841
train_loss run=0 interval=4 step=2702 loss=0.983324
train_loss run=0 interval=4 step=2703 loss=0.962002
train_loss run=0 interval=4 step=2704 loss=0.973964
train_loss run=0 interval=4 step=2705 loss=0.976609
train_loss run=0 interval=4 step=2706 loss=0.988354
train_loss run=0 interval=4 step=2707 loss=0.985736
train_loss run=0 interval=4 step=2708 loss=0.961196
train_loss run=0 interval=4 step=2709 loss=0.975902
train_loss run=0 interval=4 step=2710 loss=0.962057
train_loss run=0 interval=4 step=2711 loss=0.945101
train_loss run=0 interval=4 step=2712 loss=0.987448
train_loss run=0 interval=4 step=2713 loss=0.939401
train_loss run=0 interval=4 step=2714 loss=1.00339
train_loss run=0 interval=4 step=2715 loss=0.96462
train_loss run=0 interval=4 step=2716 loss=1.00619
train_loss run=0 interval=4 step=2717 loss=0.953057
train_loss run=0 interval=4 step=2718 loss=0.983386
train_loss run=0 interval=4 step=2719 loss=1.0171
train_loss run=0 interval=4 step=2720 loss=0.945436
train_loss run=0 interval=4 step=2721 loss=0.998321
train_loss run=0 interval=4 step=2722 loss=1.02135
train_loss run=0 interval=4 step=2723 loss=0.97574
train_loss run=0 interval=4 step=2724 loss=0.9502
train_loss run=0 interval=4 step=2725 loss=1.03965
train_loss run=0 interval=4 step=2726 loss=0.97076
train_loss run=0 interval=4 step=2727 loss=1.01206
train_loss run=0 interval=4 step=2728 loss=0.96591
train_loss run=0 interval=4 step=2729 loss=0.998961
train_loss run=0 interval=4 step=2730 loss=1.00063
train_loss run=0 interval=4 step=2731 loss=0.971172
train_loss run=0 interval=4 step=2732 loss=0.94487
train_loss run=0 interval=4 step=2733 loss=0.952747
train_loss run=0 interval=4 step=2734 loss=0.992413
train_loss run=0 interval=4 step=2735 loss=0.958319
train_loss run=0 interval=4 step=2736 loss=0.950868
train_loss run=0 interval=4 step=2737 loss=0.961625
train_loss run=0 interval=4 step=2738 loss=0.955266
train_loss run=0 interval=4 step=2739 loss=1.00391
train_loss run=0 interval=4 step=2740 loss=1.00942
train_loss run=0 interval=4 step=2741 loss=0.972359
train_loss run=0 interval=4 step=2742 loss=0.958625
train_loss run=0 interval=4 step=2743 loss=0.980512
train_loss run=0 interval=4 step=2744 loss=0.982607
train_loss run=0 interval=4 step=2745 loss=0.978228
train_loss run=0 interval=4 step=2746 loss=1.0213
train_loss run=0 interval=4 step=2747 loss=0.970599
train_loss run=0 interval=4 step=2748 loss=0.960437
train_loss run=0 interval=4 step=2749 loss=1.00482
train_loss run=0 interval=4 step=2750 loss=0.950034
train_loss run=0 interval=4 step=2751 loss=0.978014
train_loss run=0 interval=4 step=2752 loss=0.983623
train_loss run=0 interval=4 step=2753 loss=0.994144
train_loss run=0 interval=4 step=2754 loss=0.994944
train_loss run=0 interval=4 step=2755 loss=1.00063
train_loss run=0 interval=4 step=2756 loss=0.966704
train_loss run=0 interval=4 step=2757 loss=0.982043
train_loss run=0 interval=4 step=2758 loss=0.964148
train_loss run=0 interval=4 step=2759 loss=1.04393
train_loss run=0 interval=4 step=2760 loss=0.979122
train_loss run=0 interval=4 step=2761 loss=0.9165
train_loss run=0 interval=4 step=2762 loss=0.978349
train_loss run=0 interval=4 step=2763 loss=0.93802
train_loss run=0 interval=4 step=2764 loss=0.968057
train_loss run=0 interval=4 step=2765 loss=0.992491
train_loss run=0 interval=4 step=2766 loss=0.937989
train_loss run=0 interval=4 step=2767 loss=0.972662
train_loss run=0 interval=4 step=2768 loss=0.988694
train_loss run=0 interval=4 step=2769 loss=1.01078
train_loss run=0 interval=4 step=2770 loss=0.995026
train_loss run=0 interval=4 step=2771 loss=0.955613
train_loss run=0 interval=4 step=2772 loss=0.957067
train_loss run=0 interval=4 step=2773 loss=0.949478
train_loss run=0 interval=4 step=2774 loss=0.97507
train_loss run=0 interval=4 step=2775 loss=0.978161
train_loss run=0 interval=4 step=2776 loss=0.99552
train_loss run=0 interval=4 step=2777 loss=0.978812
train_loss run=0 interval=4 step=2778 loss=0.980053
train_loss run=0 interval=4 step=2779 loss=0.95337
train_loss run=0 interval=4 step=2780 loss=0.956878
train_loss run=0 interval=4 step=2781 loss=1.0143
train_loss run=0 interval=4 step=2782 loss=0.967601
train_loss run=0 interval=4 step=2783 loss=0.979622
train_loss run=0 interval=4 step=2784 loss=1.0485
train_loss run=0 interval=4 step=2785 loss=0.963555
train_loss run=0 interval=4 step=2786 loss=0.964407
train_loss run=0 interval=4 step=2787 loss=0.950835
train_loss run=0 interval=4 step=2788 loss=0.971814
train_loss run=0 interval=4 step=2789 loss=0.955338
train_loss run=0 interval=4 step=2790 loss=0.979267
train_loss run=0 interval=4 step=2791 loss=0.94016
train_loss run=0 interval=4 step=2792 loss=0.93992
train_loss run=0 interval=4 step=2793 loss=0.911322
train_loss run=0 interval=4 step=2794 loss=0.951138
train_loss run=0 interval=4 step=2795 loss=0.948045
train_loss run=0 interval=4 step=2796 loss=0.979451
train_loss run=0 interval=4 step=2797 loss=0.976354
train_loss run=0 interval=4 step=2798 loss=0.952927
train_loss run=0 interval=4 step=2799 loss=0.927535
train_loss run=0 interval=4 step=2800 loss=0.976799
train_loss run=0 interval=4 step=2801 loss=0.927443
train_loss run=0 interval=4 step=2802 loss=0.933241
train_loss run=0 interval=4 step=2803 loss=0.91116
train_loss run=0 interval=4 step=2804 loss=0.947693
train_loss run=0 interval=4 step=2805 loss=0.94444
train_loss run=0 interval=4 step=2806 loss=0.921919
train_loss run=0 interval=4 step=2807 loss=0.958254
train_loss run=0 interval=4 step=2808 loss=0.961863
train_loss run=0 interval=4 step=2809 loss=0.944686
train_loss run=0 interval=4 step=2810 loss=0.981865
train_loss run=0 interval=4 step=2811 loss=0.938683
train_loss run=0 interval=4 step=2812 loss=0.949055
train_loss run=0 interval=4 step=2813 loss=0.935024
train_loss run=0 interval=4 step=2814 loss=0.949757
train_loss run=0 interval=4 step=2815 loss=0.931646
train_loss run=0 interval=4 step=2816 loss=0.938663
train_loss run=0 interval=4 step=2817 loss=0.972032
train_loss run=0 interval=4 step=2818 loss=0.947718
train_loss run=0 interval=4 step=2819 loss=0.937139
train_loss run=0 interval=4 step=2820 loss=0.937293
train_loss run=0 interval=4 step=2821 loss=0.928385
train_loss run=0 interval=4 step=2822 loss=0.927663
train_loss run=0 interval=4 step=2823 loss=0.97565
train_loss run=0 interval=4 step=2824 loss=0.939755
train_loss run=0 interval=4 step=2825 loss=0.944426
train_loss run=0 interval=4 step=2826 loss=0.938939
train_loss run=0 interval=4 step=2827 loss=0.982909
train_loss run=0 interval=4 step=2828 loss=0.936273
train_loss run=0 interval=4 step=2829 loss=0.964171
train_loss run=0 interval=4 step=2830 loss=0.953878
train_loss run=0 interval=4 step=2831 loss=0.92643
train_loss run=0 interval=4 step=2832 loss=0.938968
train_loss run=0 interval=4 step=2833 loss=0.95145
train_loss run=0 interval=4 step=2834 loss=0.951129
train_loss run=0 interval=4 step=2835 loss=0.935272
train_loss run=0 interval=4 step=2836 loss=0.961354
train_loss run=0 interval=4 step=2837 loss=0.957166
train_loss run=0 interval=4 step=2838 loss=0.930073
train_loss run=0 interval=4 step=2839 loss=0.96294
train_loss run=0 interval=4 step=2840 loss=0.981252
train_loss run=0 interval=4 step=2841 loss=0.958129
train_loss run=0 interval=4 step=2842 loss=0.930707
train_loss run=0 interval=4 step=2843 loss=0.935391
train_loss run=0 interval=4 step=2844 loss=0.964661
train_loss run=0 interval=4 step=2845 loss=0.977831
train_loss run=0 interval=4 step=2846 loss=0.933595
train_loss run=0 interval=4 step=2847 loss=0.923022
train_loss run=0 interval=4 step=2848 loss=0.942492
train_loss run=0 interval=4 step=2849 loss=0.929468
train_loss run=0 interval=4 step=2850 loss=0.914078
train_loss run=0 interval=4 step=2851 loss=0.945595
train_loss run=0 interval=4 step=2852 loss=0.962456
train_loss run=0 interval=4 step=2853 loss=0.934694
train_loss run=0 interval=4 step=2854 loss=0.963623
train_loss run=0 interval=4 step=2855 loss=0.925357
train_loss run=0 interval=4 step=2856 loss=0.932953
train_loss run=0 interval=4 step=2857 loss=0.951888
train_loss run=0 interval=4 step=2858 loss=0.937772
train_loss run=0 interval=4 step=2859 loss=0.943958
train_loss run=0 interval=4 step=2860 loss=0.938662
train_loss run=0 interval=4 step=2861 loss=0.969584
train_loss run=0 interval=4 step=2862 loss=0.947225
train_loss run=0 interval=4 step=2863 loss=0.97117
train_loss run=0 interval=4 step=2864 loss=0.928331
train_loss run=0 interval=4 step=2865 loss=0.945051
train_loss run=0 interval=4 step=2866 loss=0.973489
train_loss run=0 interval=4 step=2867 loss=0.913083
train_loss run=0 interval=4 step=2868 loss=0.927586
train_loss run=0 interval=4 step=2869 loss=0.949172
train_loss run=0 interval=4 step=2870 loss=0.960106
train_loss run=0 interval=4 step=2871 loss=0.948308
train_loss run=0 interval=4 step=2872 loss=0.923862
train_loss run=0 interval=4 step=2873 loss=0.918735
train_loss run=0 interval=4 step=2874 loss=0.9333
train_loss run=0 interval=4 step=2875 loss=0.992846
train_loss run=0 interval=4 step=2876 loss=0.93804
train_loss run=0 interval=4 step=2877 loss=0.953799
train_loss run=0 interval=4 step=2878 loss=0.927887
train_loss run=0 interval=4 step=2879 loss=0.959479
train_loss run=0 interval=4 step=2880 loss=0.937249
train_loss run=0 interval=4 step=2881 loss=0.923868
train_loss run=0 interval=4 step=2882 loss=0.928087
train_loss run=0 interval=4 step=2883 loss=0.971159
train_loss run=0 interval=4 step=2884 loss=0.924447
train_loss run=0 interval=4 step=2885 loss=0.934223
train_loss run=0 interval=4 step=2886 loss=0.931455
train_loss run=0 interval=4 step=2887 loss=0.936496
train_loss run=0 interval=4 step=2888 loss=0.967727
train_loss run=0 interval=4 step=2889 loss=0.947435
train_loss run=0 interval=4 step=2890 loss=0.950091
train_loss run=0 interval=4 step=2891 loss=0.932397
train_loss run=0 interval=4 step=2892 loss=0.936828
train_loss run=0 interval=4 step=2893 loss=0.958328
train_loss run=0 interval=4 step=2894 loss=0.923195
train_loss run=0 interval=4 step=2895 loss=0.96759
train_loss run=0 interval=4 step=2896 loss=0.930625
train_loss run=0 interval=4 step=2897 loss=0.935572
train_loss run=0 interval=4 step=2898 loss=0.957495
train_loss run=0 interval=4 step=2899 loss=0.941134
train_loss run=0 interval=4 step=2900 loss=0.92939
train_loss run=0 interval=4 step=2901 loss=0.96678
train_loss run=0 interval=4 step=2902 loss=0.953941
train_loss run=0 interval=4 step=2903 loss=0.96622
train_loss run=0 interval=4 step=2904 loss=0.9443
train_loss run=0 interval=4 step=2905 loss=0.928919
train_loss run=0 interval=4 step=2906 loss=0.912039
train_loss run=0 interval=4 step=2907 loss=0.964512
train_loss run=0 interval=4 step=2908 loss=0.93299
train_loss run=0 interval=4 step=2909 loss=0.942846
train_loss run=0 interval=4 step=2910 loss=0.957581
train_loss run=0 interval=4 step=2911 loss=0.973225
train_loss run=0 interval=4 step=2912 loss=0.940303
train_loss run=0 interval=4 step=2913 loss=0.937052
train_loss run=0 interval=4 step=2914 loss=0.92602
train_loss run=0 interval=4 step=2915 loss=0.946376
train_loss run=0 interval=4 step=2916 loss=0.971481
train_loss run=0 interval=4 step=2917 loss=0.979681
train_loss run=0 interval=4 step=2918 loss=0.917481
train_loss run=0 interval=4 step=2919 loss=0.952329
train_loss run=0 interval=4 step=2920 loss=0.940751
train_loss run=0 interval=4 step=2921 loss=0.955601
train_loss run=0 interval=4 step=2922 loss=0.956369
train_loss run=0 interval=4 step=2923 loss=0.935943
train_loss run=0 interval=4 step=2924 loss=0.922968
train_loss run=0 interval=4 step=2925 loss=0.904259
train_loss run=0 interval=4 step=2926 loss=0.933835
train_loss run=0 interval=4 step=2927 loss=0.977226
train_loss run=0 interval=4 step=2928 loss=0.93615
train_loss run=0 interval=4 step=2929 loss=0.910182
train_loss run=0 interval=4 step=2930 loss=0.982053
train_loss run=0 interval=4 step=2931 loss=0.929131
train_loss run=0 interval=4 step=2932 loss=0.975171
train_loss run=0 interval=4 step=2933 loss=0.953853
train_loss run=0 interval=4 step=2934 loss=0.930039
train_loss run=0 interval=4 step=2935 loss=0.954322
train_loss run=0 interval=4 step=2936 loss=0.949368
train_loss run=0 interval=4 step=2937 loss=0.932329
train_loss run=0 interval=4 step=2938 loss=0.940728
train_loss run=0 interval=4 step=2939 loss=0.946152
train_loss run=0 interval=4 step=2940 loss=0.943177
train_loss run=0 interval=4 step=2941 loss=0.939306
train_loss run=0 interval=4 step=2942 loss=0.947968
train_loss run=0 interval=4 step=2943 loss=0.959861
train_loss run=0 interval=4 step=2944 loss=0.930656
train_loss run=0 interval=4 step=2945 loss=0.913846
train_loss run=0 interval=4 step=2946 loss=0.962968
train_loss run=0 interval=4 step=2947 loss=0.933452
train_loss run=0 interval=4 step=2948 loss=0.933198
train_loss run=0 interval=4 step=2949 loss=0.919088
train_loss run=0 interval=4 step=2950 loss=0.931921
train_loss run=0 interval=4 step=2951 loss=0.922507
train_loss run=0 interval=4 step=2952 loss=0.935686
train_loss run=0 interval=4 step=2953 loss=0.916232
train_loss run=0 interval=4 step=2954 loss=0.927849
train_loss run=0 interval=4 step=2955 loss=0.988754
train_loss run=0 interval=4 step=2956 loss=0.927672
train_loss run=0 interval=4 step=2957 loss=0.960786
train_loss run=0 interval=4 step=2958 loss=0.952554
train_loss run=0 interval=4 step=2959 loss=0.91459
train_loss run=0 interval=4 step=2960 loss=0.945716
train_loss run=0 interval=4 step=2961 loss=0.930287
train_loss run=0 interval=4 step=2962 loss=0.989215
train_loss run=0 interval=4 step=2963 loss=0.973461
train_loss run=0 interval=4 step=2964 loss=0.916371
train_loss run=0 interval=4 step=2965 loss=0.923065
train_loss run=0 interval=4 step=2966 loss=0.926981
train_loss run=0 interval=4 step=2967 loss=0.964094
train_loss run=0 interval=4 step=2968 loss=0.93914
train_loss run=0 interval=4 step=2969 loss=0.954642
train_loss run=0 interval=4 step=2970 loss=0.924646
train_loss run=0 interval=4 step=2971 loss=0.954142
train_loss run=0 interval=4 step=2972 loss=0.962437
train_loss run=0 interval=4 step=2973 loss=0.936664
train_loss run=0 interval=4 step=2974 loss=0.950849
train_loss run=0 interval=4 step=2975 loss=0.989509
train_loss run=0 interval=4 step=2976 loss=0.962635
train_loss run=0 interval=4 step=2977 loss=0.951802
train_loss run=0 interval=4 step=2978 loss=0.945242
train_loss run=0 interval=4 step=2979 loss=0.959896
train_loss run=0 interval=4 step=2980 loss=0.912099
train_loss run=0 interval=4 step=2981 loss=0.957694
train_loss run=0 interval=4 step=2982 loss=0.976566
train_loss run=0 interval=4 step=2983 loss=0.927516
train_loss run=0 interval=4 step=2984 loss=0.944237
train_loss run=0 interval=4 step=2985 loss=0.928417
train_loss run=0 interval=4 step=2986 loss=0.954894
train_loss run=0 interval=4 step=2987 loss=0.971499
train_loss run=0 interval=4 step=2988 loss=0.963604
train_loss run=0 interval=4 step=2989 loss=0.942336
train_loss run=0 interval=4 step=2990 loss=0.941422
train_loss run=0 interval=4 step=2991 loss=0.946534
train_loss run=0 interval=4 step=2992 loss=0.943779
train_loss run=0 interval=4 step=2993 loss=0.948329
train_loss run=0 interval=4 step=2994 loss=0.927198
train_loss run=0 interval=4 step=2995 loss=0.931863
train_loss run=0 interval=4 step=2996 loss=0.960301
train_loss run=0 interval=4 step=2997 loss=0.944644
train_loss run=0 interval=4 step=2998 loss=0.965665
train_loss run=0 interval=4 step=2999 loss=0.925667
train_loss run=0 interval=4 step=3000 loss=0.955175
train_loss run=0 interval=4 step=3001 loss=0.934337
train_loss run=0 interval=4 step=3002 loss=0.936469
train_loss run=0 interval=4 step=3003 loss=0.939642
train_loss run=0 interval=4 step=3004 loss=0.939457
train_loss run=0 interval=4 step=3005 loss=0.912268
train_loss run=0 interval=4 step=3006 loss=0.995613
train_loss run=0 interval=4 step=3007 loss=0.927298
train_loss run=0 interval=4 step=3008 loss=0.940695
train_loss run=0 interval=4 step=3009 loss=0.945408
train_loss run=0 interval=4 step=3010 loss=0.923292
train_loss run=0 interval=4 step=3011 loss=0.919553
train_loss run=0 interval=4 step=3012 loss=0.969371
train_loss run=0 interval=4 step=3013 loss=0.972991
train_loss run=0 interval=4 step=3014 loss=0.921247
train_loss run=0 interval=4 step=3015 loss=0.934185
train_loss run=0 interval=4 step=3016 loss=0.934829
train_loss run=0 interval=4 step=3017 loss=0.955799
train_loss run=0 interval=4 step=3018 loss=0.915287
train_loss run=0 interval=4 step=3019 loss=0.939093
train_loss run=0 interval=4 step=3020 loss=0.953042
train_loss run=0 interval=4 step=3021 loss=0.981676
train_loss run=0 interval=4 step=3022 loss=0.95049
train_loss run=0 interval=4 step=3023 loss=0.943278
train_loss run=0 interval=4 step=3024 loss=0.960338
train_loss run=0 interval=4 step=3025 loss=0.908857
train_loss run=0 interval=4 step=3026 loss=0.964805
train_loss run=0 interval=4 step=3027 loss=0.962638
train_loss run=0 interval=4 step=3028 loss=0.928995
train_loss run=0 interval=4 step=3029 loss=0.945985
train_loss run=0 interval=4 step=3030 loss=0.932578
train_loss run=0 interval=4 step=3031 loss=0.960248
train_loss run=0 interval=4 step=3032 loss=0.921466
train_loss run=0 interval=4 step=3033 loss=0.940695
train_loss run=0 interval=4 step=3034 loss=0.948331
train_loss run=0 interval=4 step=3035 loss=0.932919
train_loss run=0 interval=4 step=3036 loss=0.930684
train_loss run=0 interval=4 step=3037 loss=0.930465
train_loss run=0 interval=4 step=3038 loss=0.915413
train_loss run=0 interval=4 step=3039 loss=0.921728
train_loss run=0 interval=4 step=3040 loss=0.94441
train_loss run=0 interval=4 step=3041 loss=0.985847
train_loss run=0 interval=4 step=3042 loss=0.942467
train_loss run=0 interval=4 step=3043 loss=0.949121
train_loss run=0 interval=4 step=3044 loss=0.928509
train_loss run=0 interval=4 step=3045 loss=0.928532
train_loss run=0 interval=4 step=3046 loss=0.928492
train_loss run=0 interval=4 step=3047 loss=0.968481
train_loss run=0 interval=4 step=3048 loss=0.918089
train_loss run=0 interval=4 step=3049 loss=0.939701
train_loss run=0 interval=4 step=3050 loss=0.936578
train_loss run=0 interval=4 step=3051 loss=0.903007
train_loss run=0 interval=4 step=3052 loss=0.955198
train_loss run=0 interval=4 step=3053 loss=0.974117
train_loss run=0 interval=4 step=3054 loss=0.945522
train_loss run=0 interval=4 step=3055 loss=0.946599
train_loss run=0 interval=4 step=3056 loss=0.950532
train_loss run=0 interval=4 step=3057 loss=0.989015
train_loss run=0 interval=4 step=3058 loss=0.934462
train_loss run=0 interval=4 step=3059 loss=0.974074
train_loss run=0 interval=4 step=3060 loss=0.929437
train_loss run=0 interval=4 step=3061 loss=0.939707
train_loss run=0 interval=4 step=3062 loss=0.944939
train_loss run=0 interval=4 step=3063 loss=0.927208
train_loss run=0 interval=4 step=3064 loss=0.945105
train_loss run=0 interval=4 step=3065 loss=0.961134
train_loss run=0 interval=4 step=3066 loss=0.90765
train_loss run=0 interval=4 step=3067 loss=0.921045
train_loss run=0 interval=4 step=3068 loss=0.919011
train_loss run=0 interval=4 step=3069 loss=0.908868
train_loss run=0 interval=4 step=3070 loss=0.916199
train_loss run=0 interval=4 step=3071 loss=0.93491
train_loss run=0 interval=4 step=3072 loss=0.959368
train_loss run=0 interval=4 step=3073 loss=0.968811
train_loss run=0 interval=4 step=3074 loss=0.930672
train_loss run=0 interval=4 step=3075 loss=0.90768
train_loss run=0 interval=4 step=3076 loss=0.935146
train_loss run=0 interval=4 step=3077 loss=0.93893
train_loss run=0 interval=4 step=3078 loss=1.00225
train_loss run=0 interval=4 step=3079 loss=0.943411
train_loss run=0 interval=4 step=3080 loss=0.954787
train_loss run=0 interval=4 step=3081 loss=0.917423
train_loss run=0 interval=4 step=3082 loss=0.923744
train_loss run=0 interval=4 step=3083 loss=0.949218
train_loss run=0 interval=4 step=3084 loss=0.94318
train_loss run=0 interval=4 step=3085 loss=0.916631
train_loss run=0 interval=4 step=3086 loss=0.952638
train_loss run=0 interval=4 step=3087 loss=0.921027
train_loss run=0 interval=4 step=3088 loss=0.913484
train_loss run=0 interval=4 step=3089 loss=0.953224
train_loss run=0 interval=4 step=3090 loss=0.932631
train_loss run=0 interval=4 step=3091 loss=0.941141
train_loss run=0 interval=4 step=3092 loss=0.922052
train_loss run=0 interval=4 step=3093 loss=0.95626
train_loss run=0 interval=4 step=3094 loss=0.922536
train_loss run=0 interval=4 step=3095 loss=0.905373
train_loss run=0 interval=4 step=3096 loss=0.955122
train_loss run=0 interval=4 step=3097 loss=0.960865
train_loss run=0 interval=4 step=3098 loss=0.927308
train_loss run=0 interval=4 step=3099 loss=0.947809
train_loss run=0 interval=4 step=3100 loss=0.943554
train_loss run=0 interval=4 step=3101 loss=0.945383
train_loss run=0 interval=4 step=3102 loss=0.918902
train_loss run=0 interval=4 step=3103 loss=0.937569
train_loss run=0 interval=4 step=3104 loss=0.966761
train_loss run=0 interval=4 step=3105 loss=0.924734
train_loss run=0 interval=4 step=3106 loss=0.951215
train_loss run=0 interval=4 step=3107 loss=0.957309
train_loss run=0 interval=4 step=3108 loss=0.927411
train_loss run=0 interval=4 step=3109 loss=0.958544
train_loss run=0 interval=4 step=3110 loss=0.946136
train_loss run=0 interval=4 step=3111 loss=0.954795
train_loss run=0 interval=4 step=3112 loss=0.957467
train_loss run=0 interval=4 step=3113 loss=0.959354
train_loss run=0 interval=4 step=3114 loss=0.917661
train_loss run=0 interval=4 step=3115 loss=0.930785
train_loss run=0 interval=4 step=3116 loss=0.959405
train_loss run=0 interval=4 step=3117 loss=0.932918
train_loss run=0 interval=4 step=3118 loss=0.915235
train_loss run=0 interval=4 step=3119 loss=0.940556
train_loss run=0 interval=4 step=3120 loss=0.957363
train_loss run=0 interval=4 step=3121 loss=0.944412
train_loss run=0 interval=4 step=3122 loss=0.936071
train_loss run=0 interval=4 step=3123 loss=0.952308
train_loss run=0 interval=4 step=3124 loss=0.970528
train_loss run=0 interval=4 step=3125 loss=0.930164
train_loss run=0 interval=4 step=3126 loss=0.947659
train_loss run=0 interval=4 step=3127 loss=0.93398
train_loss run=0 interval=4 step=3128 loss=0.973974
train_loss run=0 interval=4 step=3129 loss=0.914849
train_loss run=0 interval=4 step=3130 loss=0.943791
train_loss run=0 interval=4 step=3131 loss=0.969255
train_loss run=0 interval=4 step=3132 loss=0.909069
train_loss run=0 interval=4 step=3133 loss=0.935694
train_loss run=0 interval=4 step=3134 loss=0.989234
train_loss run=0 interval=4 step=3135 loss=0.926103
train_loss run=0 interval=4 step=3136 loss=0.939238
train_loss run=0 interval=4 step=3137 loss=0.93377
train_loss run=0 interval=4 step=3138 loss=0.964725
train_loss run=0 interval=4 step=3139 loss=0.945112
train_loss run=0 interval=4 step=3140 loss=0.948239
train_loss run=0 interval=4 step=3141 loss=0.904775
train_loss run=0 interval=4 step=3142 loss=0.943956
train_loss run=0 interval=4 step=3143 loss=0.982251
train_loss run=0 interval=4 step=3144 loss=0.91931
train_loss run=0 interval=4 step=3145 loss=0.96497
train_loss run=0 interval=4 step=3146 loss=0.937813
train_loss run=0 interval=4 step=3147 loss=0.998106
train_loss run=0 interval=4 step=3148 loss=0.908596
train_loss run=0 interval=4 step=3149 loss=0.921535
train_loss run=0 interval=4 step=3150 loss=0.943605
train_loss run=0 interval=4 step=3151 loss=0.942092
train_loss run=0 interval=4 step=3152 loss=0.947229
train_loss run=0 interval=4 step=3153 loss=0.994583
train_loss run=0 interval=4 step=3154 loss=0.972275
train_loss run=0 interval=4 step=3155 loss=0.937918
train_loss run=0 interval=4 step=3156 loss=0.935387
train_loss run=0 interval=4 step=3157 loss=0.921924
train_loss run=0 interval=4 step=3158 loss=0.949105
train_loss run=0 interval=4 step=3159 loss=0.911306
train_loss run=0 interval=4 step=3160 loss=0.908251
train_loss run=0 interval=4 step=3161 loss=0.939612
train_loss run=0 interval=4 step=3162 loss=0.940338
train_loss run=0 interval=4 step=3163 loss=0.966781
train_loss run=0 interval=4 step=3164 loss=0.966525
train_loss run=0 interval=4 step=3165 loss=0.941345
train_loss run=0 interval=4 step=3166 loss=0.940003
train_loss run=0 interval=4 step=3167 loss=0.911657
train_loss run=0 interval=4 step=3168 loss=0.966147
train_loss run=0 interval=4 step=3169 loss=0.930218
train_loss run=0 interval=4 step=3170 loss=0.946223
train_loss run=0 interval=4 step=3171 loss=0.923578
train_loss run=0 interval=4 step=3172 loss=0.929874
train_loss run=0 interval=4 step=3173 loss=0.915619
train_loss run=0 interval=4 step=3174 loss=0.921928
train_loss run=0 interval=4 step=3175 loss=0.950105
train_loss run=0 interval=4 step=3176 loss=0.949171
train_loss run=0 interval=4 step=3177 loss=0.929059
train_loss run=0 interval=4 step=3178 loss=0.951262
train_loss run=0 interval=4 step=3179 loss=0.942007
train_loss run=0 interval=4 step=3180 loss=0.95537
train_loss run=0 interval=4 step=3181 loss=0.925661
train_loss run=0 interval=4 step=3182 loss=0.935031
train_loss run=0 interval=4 step=3183 loss=0.915969
train_loss run=0 interval=4 step=3184 loss=0.93435
train_loss run=0 interval=4 step=3185 loss=0.907373
train_loss run=0 interval=4 step=3186 loss=0.917337
train_loss run=0 interval=4 step=3187 loss=0.923258
train_loss run=0 interval=4 step=3188 loss=0.915821
train_loss run=0 interval=4 step=3189 loss=0.969594
train_loss run=0 interval=4 step=3190 loss=0.948609
train_loss run=0 interval=4 step=3191 loss=0.922785
train_loss run=0 interval=4 step=3192 loss=0.917404
train_loss run=0 interval=4 step=3193 loss=0.941209
train_loss run=0 interval=4 step=3194 loss=0.977783
train_loss run=0 interval=4 step=3195 loss=0.922539
train_loss run=0 interval=4 step=3196 loss=0.92455
train_loss run=0 interval=4 step=3197 loss=0.930301
train_loss run=0 interval=4 step=3198 loss=0.929026
train_loss run=0 interval=4 step=3199 loss=0.9526
train_loss run=0 interval=4 step=3200 loss=0.960585
Batch size:          125
Train epochs:        8
Train steps:         3200
N steps:             640
M cooldown steps:    640
Search hparams:      muon_lr,muon_momentum,bias_lr,head_lr
Cooldown hparams:    muon_lr,bias_lr,head_lr
Muon nesterov:       False
Val acc:             0.9285
TTA val acc:         0.9391
Run seconds:         3944.192
