cifar_search_simple run=0 batch_size=2000 train_epochs=8 n_steps=40 m_steps=40 search_hparams=muon_lr,muon_momentum,bias_lr,head_lr cooldown_search_hparams=muon_lr,bias_lr,head_lr muon_nesterov=False initial_muon_lr=0.2 initial_muon_momentum=0.6 initial_muon_momentum_index=6 initial_bias_lr=104 initial_head_lr=1340
main hparams: muon_lr=0.2 muon_momentum=0.6 bias_lr=100 head_lr=1300 main=0.7934, best_cooldown=0.9118
muon_lr=0.2 muon_momentum=0.6 bias_lr=100 head_lr=1300 -> tta_val_acc=0.8284
muon_lr=0.12 muon_momentum=0.6 bias_lr=100 head_lr=1300 -> tta_val_acc=0.8588
muon_lr=0.072 muon_momentum=0.6 bias_lr=100 head_lr=1300 -> tta_val_acc=0.8904
muon_lr=0.043 muon_momentum=0.6 bias_lr=100 head_lr=1300 -> tta_val_acc=0.9019
muon_lr=0.026 muon_momentum=0.6 bias_lr=100 head_lr=1300 -> tta_val_acc=0.9011
muon_lr=0.016 muon_momentum=0.6 bias_lr=100 head_lr=1300 -> tta_val_acc=0.8934
muon_lr=0.043 muon_momentum=0.6 bias_lr=34 head_lr=1300 -> tta_val_acc=0.9092
muon_lr=0.043 muon_momentum=0.6 bias_lr=11 head_lr=1300 -> tta_val_acc=0.91
muon_lr=0.043 muon_momentum=0.6 bias_lr=3.7 head_lr=1300 -> tta_val_acc=0.9116
muon_lr=0.043 muon_momentum=0.6 bias_lr=1.2 head_lr=1300 -> tta_val_acc=0.9118
muon_lr=0.043 muon_momentum=0.6 bias_lr=0.41 head_lr=1300 -> tta_val_acc=0.9109
muon_lr=0.043 muon_momentum=0.6 bias_lr=0.13 head_lr=1300 -> tta_val_acc=0.9103
muon_lr=0.026 muon_momentum=0.6 bias_lr=1.2 head_lr=1300 -> tta_val_acc=0.9038
muon_lr=0.072 muon_momentum=0.6 bias_lr=1.2 head_lr=1300 -> tta_val_acc=0.9021
muon_lr=0.043 muon_momentum=0.6 bias_lr=1.2 head_lr=440 -> tta_val_acc=0.9103
muon_lr=0.043 muon_momentum=0.6 bias_lr=1.2 head_lr=4100 -> tta_val_acc=0.9096
search_path step=0 muon_lr=0.2 muon_momentum=0.6 bias_lr=100 head_lr=1300 tta_val_acc=0.8284
search_path step=1 muon_lr=0.043 muon_momentum=0.6 bias_lr=100 head_lr=1300 tta_val_acc=0.9019
search_path step=2 muon_lr=0.043 muon_momentum=0.6 bias_lr=1.2 head_lr=1300 tta_val_acc=0.9118
main hparams: muon_lr=0.12 muon_momentum=0.6 bias_lr=100 head_lr=1300 main=0.8372, best_cooldown=0.909
muon_lr=0.043 muon_momentum=0.6 bias_lr=1.2 head_lr=1300 -> tta_val_acc=0.9084
muon_lr=0.026 muon_momentum=0.6 bias_lr=1.2 head_lr=1300 -> tta_val_acc=0.909
muon_lr=0.016 muon_momentum=0.6 bias_lr=1.2 head_lr=1300 -> tta_val_acc=0.9016
muon_lr=0.072 muon_momentum=0.6 bias_lr=1.2 head_lr=1300 -> tta_val_acc=0.8988
search_path step=0 muon_lr=0.043 muon_momentum=0.6 bias_lr=1.2 head_lr=1300 tta_val_acc=0.9084
search_path step=1 muon_lr=0.026 muon_momentum=0.6 bias_lr=1.2 head_lr=1300 tta_val_acc=0.909
main hparams: muon_lr=0.33 muon_momentum=0.6 bias_lr=100 head_lr=1300 main=0.7215, best_cooldown=0.8982
muon_lr=0.043 muon_momentum=0.6 bias_lr=1.2 head_lr=1300 -> tta_val_acc=0.8982
muon_lr=0.026 muon_momentum=0.6 bias_lr=1.2 head_lr=1300 -> tta_val_acc=0.8902
muon_lr=0.072 muon_momentum=0.6 bias_lr=1.2 head_lr=1300 -> tta_val_acc=0.8925
search_path step=0 muon_lr=0.043 muon_momentum=0.6 bias_lr=1.2 head_lr=1300 tta_val_acc=0.8982
main hparams: muon_lr=0.2 muon_momentum=0.5 bias_lr=100 head_lr=1300 main=0.7931, best_cooldown=0.907
muon_lr=0.043 muon_momentum=0.5 bias_lr=1.2 head_lr=1300 -> tta_val_acc=0.907
muon_lr=0.026 muon_momentum=0.5 bias_lr=1.2 head_lr=1300 -> tta_val_acc=0.9029
muon_lr=0.072 muon_momentum=0.5 bias_lr=1.2 head_lr=1300 -> tta_val_acc=0.9022
search_path step=0 muon_lr=0.043 muon_momentum=0.5 bias_lr=1.2 head_lr=1300 tta_val_acc=0.907
main hparams: muon_lr=0.2 muon_momentum=0.7 bias_lr=100 head_lr=1300 main=0.8141, best_cooldown=0.9046
muon_lr=0.043 muon_momentum=0.7 bias_lr=1.2 head_lr=1300 -> tta_val_acc=0.9046
muon_lr=0.026 muon_momentum=0.7 bias_lr=1.2 head_lr=1300 -> tta_val_acc=0.9026
muon_lr=0.072 muon_momentum=0.7 bias_lr=1.2 head_lr=1300 -> tta_val_acc=0.8964
search_path step=0 muon_lr=0.043 muon_momentum=0.7 bias_lr=1.2 head_lr=1300 tta_val_acc=0.9046
main hparams: muon_lr=0.2 muon_momentum=0.6 bias_lr=34 head_lr=1300 main=0.8134, best_cooldown=0.9096
muon_lr=0.043 muon_momentum=0.6 bias_lr=1.2 head_lr=1300 -> tta_val_acc=0.9092
muon_lr=0.043 muon_momentum=0.6 bias_lr=0.41 head_lr=1300 -> tta_val_acc=0.9096
muon_lr=0.043 muon_momentum=0.6 bias_lr=0.13 head_lr=1300 -> tta_val_acc=0.9096
muon_lr=0.043 muon_momentum=0.6 bias_lr=0.044 head_lr=1300 -> tta_val_acc=0.9089
muon_lr=0.043 muon_momentum=0.6 bias_lr=0.015 head_lr=1300 -> tta_val_acc=0.9078
muon_lr=0.043 muon_momentum=0.6 bias_lr=3.7 head_lr=1300 -> tta_val_acc=0.9084
search_path step=0 muon_lr=0.043 muon_momentum=0.6 bias_lr=1.2 head_lr=1300 tta_val_acc=0.9092
search_path step=1 muon_lr=0.043 muon_momentum=0.6 bias_lr=0.41 head_lr=1300 tta_val_acc=0.9096
main hparams: muon_lr=0.2 muon_momentum=0.6 bias_lr=320 head_lr=1300 main=0.7735, best_cooldown=0.9017
muon_lr=0.043 muon_momentum=0.6 bias_lr=1.2 head_lr=1300 -> tta_val_acc=0.8995
muon_lr=0.043 muon_momentum=0.6 bias_lr=0.41 head_lr=1300 -> tta_val_acc=0.9003
muon_lr=0.043 muon_momentum=0.6 bias_lr=0.13 head_lr=1300 -> tta_val_acc=0.9005
muon_lr=0.043 muon_momentum=0.6 bias_lr=0.044 head_lr=1300 -> tta_val_acc=0.9017
muon_lr=0.043 muon_momentum=0.6 bias_lr=0.015 head_lr=1300 -> tta_val_acc=0.8997
search_path step=0 muon_lr=0.043 muon_momentum=0.6 bias_lr=1.2 head_lr=1300 tta_val_acc=0.8995
search_path step=1 muon_lr=0.043 muon_momentum=0.6 bias_lr=0.044 head_lr=1300 tta_val_acc=0.9017
main hparams: muon_lr=0.2 muon_momentum=0.6 bias_lr=100 head_lr=440 main=0.7936, best_cooldown=0.9095
muon_lr=0.043 muon_momentum=0.6 bias_lr=1.2 head_lr=1300 -> tta_val_acc=0.9077
muon_lr=0.043 muon_momentum=0.6 bias_lr=1.2 head_lr=440 -> tta_val_acc=0.9089
muon_lr=0.043 muon_momentum=0.6 bias_lr=1.2 head_lr=150 -> tta_val_acc=0.9095
muon_lr=0.043 muon_momentum=0.6 bias_lr=1.2 head_lr=48 -> tta_val_acc=0.9083
search_path step=0 muon_lr=0.043 muon_momentum=0.6 bias_lr=1.2 head_lr=1300 tta_val_acc=0.9077
search_path step=1 muon_lr=0.043 muon_momentum=0.6 bias_lr=1.2 head_lr=150 tta_val_acc=0.9095
main hparams: muon_lr=0.2 muon_momentum=0.6 bias_lr=100 head_lr=4100 main=0.736, best_cooldown=0.8894
muon_lr=0.043 muon_momentum=0.6 bias_lr=1.2 head_lr=1300 -> tta_val_acc=0.8887
muon_lr=0.043 muon_momentum=0.6 bias_lr=1.2 head_lr=440 -> tta_val_acc=0.8885
muon_lr=0.043 muon_momentum=0.6 bias_lr=1.2 head_lr=150 -> tta_val_acc=0.8888
muon_lr=0.043 muon_momentum=0.6 bias_lr=1.2 head_lr=48 -> tta_val_acc=0.8891
muon_lr=0.043 muon_momentum=0.6 bias_lr=1.2 head_lr=16 -> tta_val_acc=0.8888
muon_lr=0.043 muon_momentum=0.6 bias_lr=1.2 head_lr=5.2 -> tta_val_acc=0.8889
muon_lr=0.043 muon_momentum=0.6 bias_lr=1.2 head_lr=1.7 -> tta_val_acc=0.8883
muon_lr=0.043 muon_momentum=0.6 bias_lr=1.2 head_lr=0.57 -> tta_val_acc=0.8888
muon_lr=0.043 muon_momentum=0.6 bias_lr=1.2 head_lr=0.19 -> tta_val_acc=0.8889
muon_lr=0.043 muon_momentum=0.6 bias_lr=1.2 head_lr=0.062 -> tta_val_acc=0.8889
muon_lr=0.043 muon_momentum=0.6 bias_lr=1.2 head_lr=0.021 -> tta_val_acc=0.8887
muon_lr=0.043 muon_momentum=0.6 bias_lr=1.2 head_lr=4100 -> tta_val_acc=0.8894
muon_lr=0.043 muon_momentum=0.6 bias_lr=1.2 head_lr=12000 -> tta_val_acc=0.8869
search_path step=0 muon_lr=0.043 muon_momentum=0.6 bias_lr=1.2 head_lr=1300 tta_val_acc=0.8887
search_path step=1 muon_lr=0.043 muon_momentum=0.6 bias_lr=1.2 head_lr=48 tta_val_acc=0.8891
search_path step=2 muon_lr=0.043 muon_momentum=0.6 bias_lr=1.2 head_lr=4100 tta_val_acc=0.8894
search_path step=0 muon_lr=0.2 muon_momentum=0.6 bias_lr=100 head_lr=1300 tta_val_acc=0.9118
train_hparams run=0 interval=0 start_step=0 completed_steps=40 total_steps=200 muon_lr=0.2 muon_momentum=0.6 bias_lr=100 head_lr=1300 muon_nesterov=False
train_loss run=0 interval=0 step=1 loss=2.31009
train_loss run=0 interval=0 step=2 loss=2.29957
train_loss run=0 interval=0 step=3 loss=2.30985
train_loss run=0 interval=0 step=4 loss=2.0672
train_loss run=0 interval=0 step=5 loss=1.96715
train_loss run=0 interval=0 step=6 loss=1.8985
train_loss run=0 interval=0 step=7 loss=1.84716
train_loss run=0 interval=0 step=8 loss=1.80925
train_loss run=0 interval=0 step=9 loss=1.71225
train_loss run=0 interval=0 step=10 loss=1.68943
train_loss run=0 interval=0 step=11 loss=1.69543
train_loss run=0 interval=0 step=12 loss=1.62135
train_loss run=0 interval=0 step=13 loss=1.57575
train_loss run=0 interval=0 step=14 loss=1.63019
train_loss run=0 interval=0 step=15 loss=1.60346
train_loss run=0 interval=0 step=16 loss=1.56391
train_loss run=0 interval=0 step=17 loss=1.56339
train_loss run=0 interval=0 step=18 loss=1.49547
train_loss run=0 interval=0 step=19 loss=1.48269
train_loss run=0 interval=0 step=20 loss=1.47652
train_loss run=0 interval=0 step=21 loss=1.46179
train_loss run=0 interval=0 step=22 loss=1.41366
train_loss run=0 interval=0 step=23 loss=1.39673
train_loss run=0 interval=0 step=24 loss=1.36177
train_loss run=0 interval=0 step=25 loss=1.40895
train_loss run=0 interval=0 step=26 loss=1.42988
train_loss run=0 interval=0 step=27 loss=1.3634
train_loss run=0 interval=0 step=28 loss=1.35857
train_loss run=0 interval=0 step=29 loss=1.39529
train_loss run=0 interval=0 step=30 loss=1.38813
train_loss run=0 interval=0 step=31 loss=1.34672
train_loss run=0 interval=0 step=32 loss=1.34639
train_loss run=0 interval=0 step=33 loss=1.37215
train_loss run=0 interval=0 step=34 loss=1.31338
train_loss run=0 interval=0 step=35 loss=1.34201
train_loss run=0 interval=0 step=36 loss=1.33869
train_loss run=0 interval=0 step=37 loss=1.30775
train_loss run=0 interval=0 step=38 loss=1.32166
train_loss run=0 interval=0 step=39 loss=1.31078
train_loss run=0 interval=0 step=40 loss=1.30994
interval_boundary_eval run=0 interval=0 step=40 total_steps=200 tta_val_acc=0.7934
main hparams: muon_lr=0.2 muon_momentum=0.6 bias_lr=100 head_lr=1300 main=0.8284, best_cooldown=0.9196
muon_lr=0.043 muon_momentum=0.6 bias_lr=1.2 head_lr=1300 -> tta_val_acc=0.9172
muon_lr=0.026 muon_momentum=0.6 bias_lr=1.2 head_lr=1300 -> tta_val_acc=0.9173
muon_lr=0.016 muon_momentum=0.6 bias_lr=1.2 head_lr=1300 -> tta_val_acc=0.9123
muon_lr=0.072 muon_momentum=0.6 bias_lr=1.2 head_lr=1300 -> tta_val_acc=0.9086
muon_lr=0.026 muon_momentum=0.6 bias_lr=0.41 head_lr=1300 -> tta_val_acc=0.9172
muon_lr=0.026 muon_momentum=0.6 bias_lr=0.13 head_lr=1300 -> tta_val_acc=0.9171
muon_lr=0.026 muon_momentum=0.6 bias_lr=0.044 head_lr=1300 -> tta_val_acc=0.9177
muon_lr=0.026 muon_momentum=0.6 bias_lr=0.015 head_lr=1300 -> tta_val_acc=0.9167
muon_lr=0.026 muon_momentum=0.6 bias_lr=0.0048 head_lr=1300 -> tta_val_acc=0.9172
muon_lr=0.026 muon_momentum=0.6 bias_lr=0.0016 head_lr=1300 -> tta_val_acc=0.9172
muon_lr=0.026 muon_momentum=0.6 bias_lr=0.00053 head_lr=1300 -> tta_val_acc=0.9169
muon_lr=0.026 muon_momentum=0.6 bias_lr=0.00017 head_lr=1300 -> tta_val_acc=0.917
muon_lr=0.026 muon_momentum=0.6 bias_lr=5.7e-05 head_lr=1300 -> tta_val_acc=0.9169
muon_lr=0.026 muon_momentum=0.6 bias_lr=1.9e-05 head_lr=1300 -> tta_val_acc=0.916
muon_lr=0.016 muon_momentum=0.6 bias_lr=0.044 head_lr=1300 -> tta_val_acc=0.9118
muon_lr=0.043 muon_momentum=0.6 bias_lr=0.044 head_lr=1300 -> tta_val_acc=0.9172
muon_lr=0.072 muon_momentum=0.6 bias_lr=0.044 head_lr=1300 -> tta_val_acc=0.909
muon_lr=0.026 muon_momentum=0.6 bias_lr=3.7 head_lr=1300 -> tta_val_acc=0.9167
muon_lr=0.026 muon_momentum=0.6 bias_lr=11 head_lr=1300 -> tta_val_acc=0.9177
muon_lr=0.026 muon_momentum=0.6 bias_lr=34 head_lr=1300 -> tta_val_acc=0.9184
muon_lr=0.026 muon_momentum=0.6 bias_lr=100 head_lr=1300 -> tta_val_acc=0.917
muon_lr=0.016 muon_momentum=0.6 bias_lr=34 head_lr=1300 -> tta_val_acc=0.9125
muon_lr=0.043 muon_momentum=0.6 bias_lr=34 head_lr=1300 -> tta_val_acc=0.9182
muon_lr=0.072 muon_momentum=0.6 bias_lr=34 head_lr=1300 -> tta_val_acc=0.9065
muon_lr=0.026 muon_momentum=0.6 bias_lr=34 head_lr=440 -> tta_val_acc=0.9186
muon_lr=0.026 muon_momentum=0.6 bias_lr=34 head_lr=150 -> tta_val_acc=0.9182
muon_lr=0.026 muon_momentum=0.6 bias_lr=34 head_lr=48 -> tta_val_acc=0.9177
muon_lr=0.026 muon_momentum=0.6 bias_lr=34 head_lr=16 -> tta_val_acc=0.9183
muon_lr=0.026 muon_momentum=0.6 bias_lr=34 head_lr=5.2 -> tta_val_acc=0.9181
muon_lr=0.026 muon_momentum=0.6 bias_lr=34 head_lr=1.7 -> tta_val_acc=0.9178
muon_lr=0.026 muon_momentum=0.6 bias_lr=34 head_lr=0.57 -> tta_val_acc=0.918
muon_lr=0.026 muon_momentum=0.6 bias_lr=34 head_lr=0.19 -> tta_val_acc=0.9178
muon_lr=0.016 muon_momentum=0.6 bias_lr=34 head_lr=440 -> tta_val_acc=0.913
muon_lr=0.043 muon_momentum=0.6 bias_lr=34 head_lr=440 -> tta_val_acc=0.9196
muon_lr=0.072 muon_momentum=0.6 bias_lr=34 head_lr=440 -> tta_val_acc=0.9101
muon_lr=0.043 muon_momentum=0.6 bias_lr=11 head_lr=440 -> tta_val_acc=0.9185
muon_lr=0.043 muon_momentum=0.6 bias_lr=100 head_lr=440 -> tta_val_acc=0.918
muon_lr=0.043 muon_momentum=0.6 bias_lr=34 head_lr=150 -> tta_val_acc=0.9188
muon_lr=0.043 muon_momentum=0.6 bias_lr=34 head_lr=48 -> tta_val_acc=0.9182
search_path step=0 muon_lr=0.043 muon_momentum=0.6 bias_lr=1.2 head_lr=1300 tta_val_acc=0.9172
search_path step=1 muon_lr=0.026 muon_momentum=0.6 bias_lr=1.2 head_lr=1300 tta_val_acc=0.9173
search_path step=2 muon_lr=0.026 muon_momentum=0.6 bias_lr=0.044 head_lr=1300 tta_val_acc=0.9177
search_path step=3 muon_lr=0.026 muon_momentum=0.6 bias_lr=34 head_lr=1300 tta_val_acc=0.9184
search_path step=4 muon_lr=0.026 muon_momentum=0.6 bias_lr=34 head_lr=440 tta_val_acc=0.9186
search_path step=5 muon_lr=0.043 muon_momentum=0.6 bias_lr=34 head_lr=440 tta_val_acc=0.9196
main hparams: muon_lr=0.12 muon_momentum=0.6 bias_lr=100 head_lr=1300 main=0.8588, best_cooldown=0.9247
muon_lr=0.043 muon_momentum=0.6 bias_lr=34 head_lr=440 -> tta_val_acc=0.9214
muon_lr=0.026 muon_momentum=0.6 bias_lr=34 head_lr=440 -> tta_val_acc=0.9247
muon_lr=0.016 muon_momentum=0.6 bias_lr=34 head_lr=440 -> tta_val_acc=0.9242
muon_lr=0.0093 muon_momentum=0.6 bias_lr=34 head_lr=440 -> tta_val_acc=0.9199
search_path step=0 muon_lr=0.043 muon_momentum=0.6 bias_lr=34 head_lr=440 tta_val_acc=0.9214
search_path step=1 muon_lr=0.026 muon_momentum=0.6 bias_lr=34 head_lr=440 tta_val_acc=0.9247
main hparams: muon_lr=0.072 muon_momentum=0.6 bias_lr=100 head_lr=1300 main=0.8904, best_cooldown=0.9248
muon_lr=0.043 muon_momentum=0.6 bias_lr=34 head_lr=440 -> tta_val_acc=0.9207
muon_lr=0.026 muon_momentum=0.6 bias_lr=34 head_lr=440 -> tta_val_acc=0.9248
muon_lr=0.016 muon_momentum=0.6 bias_lr=34 head_lr=440 -> tta_val_acc=0.9244
muon_lr=0.0093 muon_momentum=0.6 bias_lr=34 head_lr=440 -> tta_val_acc=0.9228
search_path step=0 muon_lr=0.043 muon_momentum=0.6 bias_lr=34 head_lr=440 tta_val_acc=0.9207
search_path step=1 muon_lr=0.026 muon_momentum=0.6 bias_lr=34 head_lr=440 tta_val_acc=0.9248
main hparams: muon_lr=0.043 muon_momentum=0.6 bias_lr=100 head_lr=1300 main=0.9019, best_cooldown=0.9218
muon_lr=0.043 muon_momentum=0.6 bias_lr=34 head_lr=440 -> tta_val_acc=0.9189
muon_lr=0.026 muon_momentum=0.6 bias_lr=34 head_lr=440 -> tta_val_acc=0.9215
muon_lr=0.016 muon_momentum=0.6 bias_lr=34 head_lr=440 -> tta_val_acc=0.9218
muon_lr=0.0093 muon_momentum=0.6 bias_lr=34 head_lr=440 -> tta_val_acc=0.9202
search_path step=0 muon_lr=0.043 muon_momentum=0.6 bias_lr=34 head_lr=440 tta_val_acc=0.9189
search_path step=1 muon_lr=0.016 muon_momentum=0.6 bias_lr=34 head_lr=440 tta_val_acc=0.9218
main hparams: muon_lr=0.072 muon_momentum=0.6 bias_lr=100 head_lr=1300 main=0.8904, best_cooldown=0.9255
muon_lr=0.043 muon_momentum=0.6 bias_lr=34 head_lr=440 -> tta_val_acc=0.9207
muon_lr=0.026 muon_momentum=0.6 bias_lr=34 head_lr=440 -> tta_val_acc=0.9248
muon_lr=0.016 muon_momentum=0.6 bias_lr=34 head_lr=440 -> tta_val_acc=0.9244
muon_lr=0.0093 muon_momentum=0.6 bias_lr=34 head_lr=440 -> tta_val_acc=0.9228
muon_lr=0.026 muon_momentum=0.6 bias_lr=11 head_lr=440 -> tta_val_acc=0.9241
muon_lr=0.026 muon_momentum=0.6 bias_lr=3.7 head_lr=440 -> tta_val_acc=0.924
muon_lr=0.026 muon_momentum=0.6 bias_lr=1.2 head_lr=440 -> tta_val_acc=0.925
muon_lr=0.026 muon_momentum=0.6 bias_lr=0.41 head_lr=440 -> tta_val_acc=0.9241
muon_lr=0.026 muon_momentum=0.6 bias_lr=0.13 head_lr=440 -> tta_val_acc=0.9246
muon_lr=0.026 muon_momentum=0.6 bias_lr=0.044 head_lr=440 -> tta_val_acc=0.9246
muon_lr=0.026 muon_momentum=0.6 bias_lr=0.015 head_lr=440 -> tta_val_acc=0.9251
muon_lr=0.026 muon_momentum=0.6 bias_lr=0.0048 head_lr=440 -> tta_val_acc=0.9247
muon_lr=0.026 muon_momentum=0.6 bias_lr=0.0016 head_lr=440 -> tta_val_acc=0.9248
muon_lr=0.026 muon_momentum=0.6 bias_lr=0.00053 head_lr=440 -> tta_val_acc=0.9246
muon_lr=0.026 muon_momentum=0.6 bias_lr=0.00017 head_lr=440 -> tta_val_acc=0.9242
muon_lr=0.026 muon_momentum=0.6 bias_lr=5.7e-05 head_lr=440 -> tta_val_acc=0.9241
muon_lr=0.026 muon_momentum=0.6 bias_lr=1.9e-05 head_lr=440 -> tta_val_acc=0.925
muon_lr=0.026 muon_momentum=0.6 bias_lr=6.2e-06 head_lr=440 -> tta_val_acc=0.9243
muon_lr=0.016 muon_momentum=0.6 bias_lr=0.015 head_lr=440 -> tta_val_acc=0.9251
muon_lr=0.0093 muon_momentum=0.6 bias_lr=0.015 head_lr=440 -> tta_val_acc=0.9238
muon_lr=0.043 muon_momentum=0.6 bias_lr=0.015 head_lr=440 -> tta_val_acc=0.9215
muon_lr=0.026 muon_momentum=0.6 bias_lr=0.015 head_lr=150 -> tta_val_acc=0.9248
muon_lr=0.026 muon_momentum=0.6 bias_lr=0.015 head_lr=48 -> tta_val_acc=0.9243
muon_lr=0.026 muon_momentum=0.6 bias_lr=0.015 head_lr=16 -> tta_val_acc=0.9248
muon_lr=0.026 muon_momentum=0.6 bias_lr=0.015 head_lr=5.2 -> tta_val_acc=0.925
muon_lr=0.026 muon_momentum=0.6 bias_lr=0.015 head_lr=1.7 -> tta_val_acc=0.9252
muon_lr=0.026 muon_momentum=0.6 bias_lr=0.015 head_lr=0.57 -> tta_val_acc=0.9241
muon_lr=0.016 muon_momentum=0.6 bias_lr=0.015 head_lr=1.7 -> tta_val_acc=0.9251
muon_lr=0.0093 muon_momentum=0.6 bias_lr=0.015 head_lr=1.7 -> tta_val_acc=0.9229
muon_lr=0.043 muon_momentum=0.6 bias_lr=0.015 head_lr=1.7 -> tta_val_acc=0.921
muon_lr=0.026 muon_momentum=0.6 bias_lr=0.0048 head_lr=1.7 -> tta_val_acc=0.9249
muon_lr=0.026 muon_momentum=0.6 bias_lr=0.0016 head_lr=1.7 -> tta_val_acc=0.9251
muon_lr=0.026 muon_momentum=0.6 bias_lr=0.00053 head_lr=1.7 -> tta_val_acc=0.9249
muon_lr=0.026 muon_momentum=0.6 bias_lr=0.00017 head_lr=1.7 -> tta_val_acc=0.9245
muon_lr=0.026 muon_momentum=0.6 bias_lr=5.7e-05 head_lr=1.7 -> tta_val_acc=0.9249
muon_lr=0.026 muon_momentum=0.6 bias_lr=1.9e-05 head_lr=1.7 -> tta_val_acc=0.9248
muon_lr=0.026 muon_momentum=0.6 bias_lr=6.2e-06 head_lr=1.7 -> tta_val_acc=0.9248
muon_lr=0.026 muon_momentum=0.6 bias_lr=0.044 head_lr=1.7 -> tta_val_acc=0.9248
muon_lr=0.026 muon_momentum=0.6 bias_lr=0.13 head_lr=1.7 -> tta_val_acc=0.9252
muon_lr=0.026 muon_momentum=0.6 bias_lr=0.41 head_lr=1.7 -> tta_val_acc=0.9255
muon_lr=0.026 muon_momentum=0.6 bias_lr=1.2 head_lr=1.7 -> tta_val_acc=0.9251
muon_lr=0.026 muon_momentum=0.6 bias_lr=3.7 head_lr=1.7 -> tta_val_acc=0.9248
muon_lr=0.026 muon_momentum=0.6 bias_lr=11 head_lr=1.7 -> tta_val_acc=0.9243
muon_lr=0.016 muon_momentum=0.6 bias_lr=0.41 head_lr=1.7 -> tta_val_acc=0.9252
muon_lr=0.0093 muon_momentum=0.6 bias_lr=0.41 head_lr=1.7 -> tta_val_acc=0.9233
muon_lr=0.043 muon_momentum=0.6 bias_lr=0.41 head_lr=1.7 -> tta_val_acc=0.9222
muon_lr=0.026 muon_momentum=0.6 bias_lr=0.41 head_lr=0.57 -> tta_val_acc=0.9245
muon_lr=0.026 muon_momentum=0.6 bias_lr=0.41 head_lr=0.19 -> tta_val_acc=0.925
muon_lr=0.026 muon_momentum=0.6 bias_lr=0.41 head_lr=0.062 -> tta_val_acc=0.9248
muon_lr=0.026 muon_momentum=0.6 bias_lr=0.41 head_lr=0.021 -> tta_val_acc=0.9247
muon_lr=0.026 muon_momentum=0.6 bias_lr=0.41 head_lr=0.0068 -> tta_val_acc=0.9248
muon_lr=0.026 muon_momentum=0.6 bias_lr=0.41 head_lr=0.0022 -> tta_val_acc=0.9246
muon_lr=0.026 muon_momentum=0.6 bias_lr=0.41 head_lr=0.00074 -> tta_val_acc=0.9242
muon_lr=0.026 muon_momentum=0.6 bias_lr=0.41 head_lr=5.2 -> tta_val_acc=0.9247
muon_lr=0.026 muon_momentum=0.6 bias_lr=0.41 head_lr=16 -> tta_val_acc=0.9249
muon_lr=0.026 muon_momentum=0.6 bias_lr=0.41 head_lr=48 -> tta_val_acc=0.9244
search_path step=0 muon_lr=0.026 muon_momentum=0.6 bias_lr=34 head_lr=440 tta_val_acc=0.9248
search_path step=1 muon_lr=0.026 muon_momentum=0.6 bias_lr=0.015 head_lr=440 tta_val_acc=0.9251
search_path step=2 muon_lr=0.026 muon_momentum=0.6 bias_lr=0.015 head_lr=1.7 tta_val_acc=0.9252
search_path step=3 muon_lr=0.026 muon_momentum=0.6 bias_lr=0.41 head_lr=1.7 tta_val_acc=0.9255
main hparams: muon_lr=0.072 muon_momentum=0.5 bias_lr=100 head_lr=1300 main=0.8902, best_cooldown=0.9246
muon_lr=0.026 muon_momentum=0.5 bias_lr=0.41 head_lr=1.7 -> tta_val_acc=0.9246
muon_lr=0.016 muon_momentum=0.5 bias_lr=0.41 head_lr=1.7 -> tta_val_acc=0.924
muon_lr=0.0093 muon_momentum=0.5 bias_lr=0.41 head_lr=1.7 -> tta_val_acc=0.9222
muon_lr=0.043 muon_momentum=0.5 bias_lr=0.41 head_lr=1.7 -> tta_val_acc=0.924
muon_lr=0.072 muon_momentum=0.5 bias_lr=0.41 head_lr=1.7 -> tta_val_acc=0.9116
search_path step=0 muon_lr=0.026 muon_momentum=0.5 bias_lr=0.41 head_lr=1.7 tta_val_acc=0.9246
main hparams: muon_lr=0.072 muon_momentum=0.4 bias_lr=100 head_lr=1300 main=0.8933, best_cooldown=0.9243
muon_lr=0.026 muon_momentum=0.4 bias_lr=0.41 head_lr=1.7 -> tta_val_acc=0.9243
muon_lr=0.016 muon_momentum=0.4 bias_lr=0.41 head_lr=1.7 -> tta_val_acc=0.9235
muon_lr=0.0093 muon_momentum=0.4 bias_lr=0.41 head_lr=1.7 -> tta_val_acc=0.9216
muon_lr=0.043 muon_momentum=0.4 bias_lr=0.41 head_lr=1.7 -> tta_val_acc=0.9232
search_path step=0 muon_lr=0.026 muon_momentum=0.4 bias_lr=0.41 head_lr=1.7 tta_val_acc=0.9243
main hparams: muon_lr=0.072 muon_momentum=0.7 bias_lr=100 head_lr=1300 main=0.8882, best_cooldown=0.9253
muon_lr=0.026 muon_momentum=0.7 bias_lr=0.41 head_lr=1.7 -> tta_val_acc=0.9246
muon_lr=0.016 muon_momentum=0.7 bias_lr=0.41 head_lr=1.7 -> tta_val_acc=0.9253
muon_lr=0.0093 muon_momentum=0.7 bias_lr=0.41 head_lr=1.7 -> tta_val_acc=0.923
muon_lr=0.043 muon_momentum=0.7 bias_lr=0.41 head_lr=1.7 -> tta_val_acc=0.9209
search_path step=0 muon_lr=0.026 muon_momentum=0.7 bias_lr=0.41 head_lr=1.7 tta_val_acc=0.9246
search_path step=1 muon_lr=0.016 muon_momentum=0.7 bias_lr=0.41 head_lr=1.7 tta_val_acc=0.9253
main hparams: muon_lr=0.072 muon_momentum=0.8 bias_lr=100 head_lr=1300 main=0.882, best_cooldown=0.9233
muon_lr=0.026 muon_momentum=0.8 bias_lr=0.41 head_lr=1.7 -> tta_val_acc=0.9207
muon_lr=0.016 muon_momentum=0.8 bias_lr=0.41 head_lr=1.7 -> tta_val_acc=0.9233
muon_lr=0.0093 muon_momentum=0.8 bias_lr=0.41 head_lr=1.7 -> tta_val_acc=0.9199
search_path step=0 muon_lr=0.026 muon_momentum=0.8 bias_lr=0.41 head_lr=1.7 tta_val_acc=0.9207
search_path step=1 muon_lr=0.016 muon_momentum=0.8 bias_lr=0.41 head_lr=1.7 tta_val_acc=0.9233
main hparams: muon_lr=0.072 muon_momentum=0.6 bias_lr=34 head_lr=1300 main=0.9004, best_cooldown=0.926
muon_lr=0.026 muon_momentum=0.6 bias_lr=0.41 head_lr=1.7 -> tta_val_acc=0.926
muon_lr=0.026 muon_momentum=0.6 bias_lr=0.13 head_lr=1.7 -> tta_val_acc=0.9252
muon_lr=0.026 muon_momentum=0.6 bias_lr=0.044 head_lr=1.7 -> tta_val_acc=0.9255
muon_lr=0.026 muon_momentum=0.6 bias_lr=0.015 head_lr=1.7 -> tta_val_acc=0.9259
muon_lr=0.026 muon_momentum=0.6 bias_lr=0.0048 head_lr=1.7 -> tta_val_acc=0.9257
muon_lr=0.026 muon_momentum=0.6 bias_lr=0.0016 head_lr=1.7 -> tta_val_acc=0.9255
muon_lr=0.026 muon_momentum=0.6 bias_lr=0.00053 head_lr=1.7 -> tta_val_acc=0.9256
muon_lr=0.026 muon_momentum=0.6 bias_lr=0.00017 head_lr=1.7 -> tta_val_acc=0.9255
muon_lr=0.026 muon_momentum=0.6 bias_lr=1.2 head_lr=1.7 -> tta_val_acc=0.9255
muon_lr=0.026 muon_momentum=0.6 bias_lr=3.7 head_lr=1.7 -> tta_val_acc=0.9254
muon_lr=0.026 muon_momentum=0.6 bias_lr=11 head_lr=1.7 -> tta_val_acc=0.9252
muon_lr=0.026 muon_momentum=0.6 bias_lr=34 head_lr=1.7 -> tta_val_acc=0.9252
muon_lr=0.026 muon_momentum=0.6 bias_lr=100 head_lr=1.7 -> tta_val_acc=0.9253
muon_lr=0.026 muon_momentum=0.6 bias_lr=320 head_lr=1.7 -> tta_val_acc=0.9021
search_path step=0 muon_lr=0.026 muon_momentum=0.6 bias_lr=0.41 head_lr=1.7 tta_val_acc=0.926
main hparams: muon_lr=0.072 muon_momentum=0.6 bias_lr=11 head_lr=1300 main=0.9011, best_cooldown=0.9272
muon_lr=0.026 muon_momentum=0.6 bias_lr=0.41 head_lr=1.7 -> tta_val_acc=0.9268
muon_lr=0.026 muon_momentum=0.6 bias_lr=0.13 head_lr=1.7 -> tta_val_acc=0.9262
muon_lr=0.026 muon_momentum=0.6 bias_lr=0.044 head_lr=1.7 -> tta_val_acc=0.9265
muon_lr=0.026 muon_momentum=0.6 bias_lr=0.015 head_lr=1.7 -> tta_val_acc=0.9268
muon_lr=0.026 muon_momentum=0.6 bias_lr=0.0048 head_lr=1.7 -> tta_val_acc=0.9265
muon_lr=0.026 muon_momentum=0.6 bias_lr=0.0016 head_lr=1.7 -> tta_val_acc=0.9269
muon_lr=0.026 muon_momentum=0.6 bias_lr=0.00053 head_lr=1.7 -> tta_val_acc=0.9262
muon_lr=0.026 muon_momentum=0.6 bias_lr=0.00017 head_lr=1.7 -> tta_val_acc=0.9263
muon_lr=0.026 muon_momentum=0.6 bias_lr=5.7e-05 head_lr=1.7 -> tta_val_acc=0.9266
muon_lr=0.026 muon_momentum=0.6 bias_lr=1.9e-05 head_lr=1.7 -> tta_val_acc=0.9262
muon_lr=0.026 muon_momentum=0.6 bias_lr=6.2e-06 head_lr=1.7 -> tta_val_acc=0.9265
muon_lr=0.026 muon_momentum=0.6 bias_lr=2.1e-06 head_lr=1.7 -> tta_val_acc=0.9269
muon_lr=0.026 muon_momentum=0.6 bias_lr=6.8e-07 head_lr=1.7 -> tta_val_acc=0.9267
muon_lr=0.026 muon_momentum=0.6 bias_lr=1.2 head_lr=1.7 -> tta_val_acc=0.9264
muon_lr=0.026 muon_momentum=0.6 bias_lr=3.7 head_lr=1.7 -> tta_val_acc=0.9272
muon_lr=0.026 muon_momentum=0.6 bias_lr=11 head_lr=1.7 -> tta_val_acc=0.9263
muon_lr=0.026 muon_momentum=0.6 bias_lr=34 head_lr=1.7 -> tta_val_acc=0.9266
muon_lr=0.026 muon_momentum=0.6 bias_lr=100 head_lr=1.7 -> tta_val_acc=0.9253
search_path step=0 muon_lr=0.026 muon_momentum=0.6 bias_lr=0.41 head_lr=1.7 tta_val_acc=0.9268
search_path step=1 muon_lr=0.026 muon_momentum=0.6 bias_lr=0.0016 head_lr=1.7 tta_val_acc=0.9269
search_path step=2 muon_lr=0.026 muon_momentum=0.6 bias_lr=3.7 head_lr=1.7 tta_val_acc=0.9272
main hparams: muon_lr=0.072 muon_momentum=0.6 bias_lr=3.7 head_lr=1300 main=0.9013, best_cooldown=0.927
muon_lr=0.026 muon_momentum=0.6 bias_lr=0.41 head_lr=1.7 -> tta_val_acc=0.9263
muon_lr=0.026 muon_momentum=0.6 bias_lr=0.13 head_lr=1.7 -> tta_val_acc=0.9261
muon_lr=0.026 muon_momentum=0.6 bias_lr=0.044 head_lr=1.7 -> tta_val_acc=0.9259
muon_lr=0.026 muon_momentum=0.6 bias_lr=0.015 head_lr=1.7 -> tta_val_acc=0.9266
muon_lr=0.026 muon_momentum=0.6 bias_lr=0.0048 head_lr=1.7 -> tta_val_acc=0.9261
muon_lr=0.026 muon_momentum=0.6 bias_lr=0.0016 head_lr=1.7 -> tta_val_acc=0.9259
muon_lr=0.026 muon_momentum=0.6 bias_lr=0.00053 head_lr=1.7 -> tta_val_acc=0.9269
muon_lr=0.026 muon_momentum=0.6 bias_lr=0.00017 head_lr=1.7 -> tta_val_acc=0.926
muon_lr=0.026 muon_momentum=0.6 bias_lr=5.7e-05 head_lr=1.7 -> tta_val_acc=0.9266
muon_lr=0.026 muon_momentum=0.6 bias_lr=1.9e-05 head_lr=1.7 -> tta_val_acc=0.9264
muon_lr=0.026 muon_momentum=0.6 bias_lr=6.2e-06 head_lr=1.7 -> tta_val_acc=0.9263
muon_lr=0.026 muon_momentum=0.6 bias_lr=2.1e-06 head_lr=1.7 -> tta_val_acc=0.927
muon_lr=0.026 muon_momentum=0.6 bias_lr=6.8e-07 head_lr=1.7 -> tta_val_acc=0.9254
search_path step=0 muon_lr=0.026 muon_momentum=0.6 bias_lr=0.41 head_lr=1.7 tta_val_acc=0.9263
search_path step=1 muon_lr=0.026 muon_momentum=0.6 bias_lr=2.1e-06 head_lr=1.7 tta_val_acc=0.927
main hparams: muon_lr=0.072 muon_momentum=0.6 bias_lr=1.2 head_lr=1300 main=0.9021, best_cooldown=0.9276
muon_lr=0.026 muon_momentum=0.6 bias_lr=0.41 head_lr=1.7 -> tta_val_acc=0.9273
muon_lr=0.026 muon_momentum=0.6 bias_lr=0.13 head_lr=1.7 -> tta_val_acc=0.9267
muon_lr=0.026 muon_momentum=0.6 bias_lr=0.044 head_lr=1.7 -> tta_val_acc=0.9265
muon_lr=0.026 muon_momentum=0.6 bias_lr=0.015 head_lr=1.7 -> tta_val_acc=0.9264
muon_lr=0.026 muon_momentum=0.6 bias_lr=0.0048 head_lr=1.7 -> tta_val_acc=0.9271
muon_lr=0.026 muon_momentum=0.6 bias_lr=0.0016 head_lr=1.7 -> tta_val_acc=0.9265
muon_lr=0.026 muon_momentum=0.6 bias_lr=0.00053 head_lr=1.7 -> tta_val_acc=0.9264
muon_lr=0.026 muon_momentum=0.6 bias_lr=0.00017 head_lr=1.7 -> tta_val_acc=0.9264
muon_lr=0.026 muon_momentum=0.6 bias_lr=1.2 head_lr=1.7 -> tta_val_acc=0.9273
muon_lr=0.026 muon_momentum=0.6 bias_lr=3.7 head_lr=1.7 -> tta_val_acc=0.9273
muon_lr=0.026 muon_momentum=0.6 bias_lr=11 head_lr=1.7 -> tta_val_acc=0.9276
muon_lr=0.026 muon_momentum=0.6 bias_lr=34 head_lr=1.7 -> tta_val_acc=0.9266
muon_lr=0.026 muon_momentum=0.6 bias_lr=100 head_lr=1.7 -> tta_val_acc=0.9243
search_path step=0 muon_lr=0.026 muon_momentum=0.6 bias_lr=0.41 head_lr=1.7 tta_val_acc=0.9273
search_path step=1 muon_lr=0.026 muon_momentum=0.6 bias_lr=11 head_lr=1.7 tta_val_acc=0.9276
main hparams: muon_lr=0.072 muon_momentum=0.6 bias_lr=0.41 head_lr=1300 main=0.9011, best_cooldown=0.9273
muon_lr=0.026 muon_momentum=0.6 bias_lr=0.41 head_lr=1.7 -> tta_val_acc=0.9264
muon_lr=0.026 muon_momentum=0.6 bias_lr=0.13 head_lr=1.7 -> tta_val_acc=0.9262
muon_lr=0.026 muon_momentum=0.6 bias_lr=0.044 head_lr=1.7 -> tta_val_acc=0.9273
muon_lr=0.026 muon_momentum=0.6 bias_lr=0.015 head_lr=1.7 -> tta_val_acc=0.9264
muon_lr=0.026 muon_momentum=0.6 bias_lr=0.0048 head_lr=1.7 -> tta_val_acc=0.9262
search_path step=0 muon_lr=0.026 muon_momentum=0.6 bias_lr=0.41 head_lr=1.7 tta_val_acc=0.9264
search_path step=1 muon_lr=0.026 muon_momentum=0.6 bias_lr=0.044 head_lr=1.7 tta_val_acc=0.9273
main hparams: muon_lr=0.072 muon_momentum=0.6 bias_lr=0.13 head_lr=1300 main=0.9016, best_cooldown=0.9267
muon_lr=0.026 muon_momentum=0.6 bias_lr=0.41 head_lr=1.7 -> tta_val_acc=0.9267
muon_lr=0.026 muon_momentum=0.6 bias_lr=0.13 head_lr=1.7 -> tta_val_acc=0.9262
muon_lr=0.026 muon_momentum=0.6 bias_lr=0.044 head_lr=1.7 -> tta_val_acc=0.9267
muon_lr=0.026 muon_momentum=0.6 bias_lr=0.015 head_lr=1.7 -> tta_val_acc=0.9263
muon_lr=0.026 muon_momentum=0.6 bias_lr=0.0048 head_lr=1.7 -> tta_val_acc=0.926
muon_lr=0.026 muon_momentum=0.6 bias_lr=0.0016 head_lr=1.7 -> tta_val_acc=0.9263
muon_lr=0.026 muon_momentum=0.6 bias_lr=0.00053 head_lr=1.7 -> tta_val_acc=0.9262
muon_lr=0.026 muon_momentum=0.6 bias_lr=0.00017 head_lr=1.7 -> tta_val_acc=0.9261
muon_lr=0.026 muon_momentum=0.6 bias_lr=1.2 head_lr=1.7 -> tta_val_acc=0.9264
muon_lr=0.026 muon_momentum=0.6 bias_lr=3.7 head_lr=1.7 -> tta_val_acc=0.9256
search_path step=0 muon_lr=0.026 muon_momentum=0.6 bias_lr=0.41 head_lr=1.7 tta_val_acc=0.9267
main hparams: muon_lr=0.072 muon_momentum=0.6 bias_lr=0.044 head_lr=1300 main=0.901, best_cooldown=0.9283
muon_lr=0.026 muon_momentum=0.6 bias_lr=0.41 head_lr=1.7 -> tta_val_acc=0.9269
muon_lr=0.026 muon_momentum=0.6 bias_lr=0.13 head_lr=1.7 -> tta_val_acc=0.9268
muon_lr=0.026 muon_momentum=0.6 bias_lr=0.044 head_lr=1.7 -> tta_val_acc=0.9271
muon_lr=0.026 muon_momentum=0.6 bias_lr=0.015 head_lr=1.7 -> tta_val_acc=0.9268
muon_lr=0.026 muon_momentum=0.6 bias_lr=0.0048 head_lr=1.7 -> tta_val_acc=0.927
muon_lr=0.026 muon_momentum=0.6 bias_lr=0.0016 head_lr=1.7 -> tta_val_acc=0.9274
muon_lr=0.026 muon_momentum=0.6 bias_lr=0.00053 head_lr=1.7 -> tta_val_acc=0.9271
muon_lr=0.026 muon_momentum=0.6 bias_lr=0.00017 head_lr=1.7 -> tta_val_acc=0.9272
muon_lr=0.026 muon_momentum=0.6 bias_lr=5.7e-05 head_lr=1.7 -> tta_val_acc=0.9275
muon_lr=0.026 muon_momentum=0.6 bias_lr=1.9e-05 head_lr=1.7 -> tta_val_acc=0.9266
muon_lr=0.026 muon_momentum=0.6 bias_lr=6.2e-06 head_lr=1.7 -> tta_val_acc=0.9267
muon_lr=0.026 muon_momentum=0.6 bias_lr=2.1e-06 head_lr=1.7 -> tta_val_acc=0.9267
muon_lr=0.026 muon_momentum=0.6 bias_lr=6.8e-07 head_lr=1.7 -> tta_val_acc=0.9269
muon_lr=0.026 muon_momentum=0.6 bias_lr=2.2e-07 head_lr=1.7 -> tta_val_acc=0.9265
muon_lr=0.026 muon_momentum=0.6 bias_lr=7.4e-08 head_lr=1.7 -> tta_val_acc=0.9267
muon_lr=0.026 muon_momentum=0.6 bias_lr=2.4e-08 head_lr=1.7 -> tta_val_acc=0.9266
muon_lr=0.026 muon_momentum=0.6 bias_lr=1.2 head_lr=1.7 -> tta_val_acc=0.9274
muon_lr=0.026 muon_momentum=0.6 bias_lr=3.7 head_lr=1.7 -> tta_val_acc=0.9277
muon_lr=0.026 muon_momentum=0.6 bias_lr=11 head_lr=1.7 -> tta_val_acc=0.928
muon_lr=0.026 muon_momentum=0.6 bias_lr=34 head_lr=1.7 -> tta_val_acc=0.9283
muon_lr=0.026 muon_momentum=0.6 bias_lr=100 head_lr=1.7 -> tta_val_acc=0.9255
search_path step=0 muon_lr=0.026 muon_momentum=0.6 bias_lr=0.41 head_lr=1.7 tta_val_acc=0.9269
search_path step=1 muon_lr=0.026 muon_momentum=0.6 bias_lr=5.7e-05 head_lr=1.7 tta_val_acc=0.9275
search_path step=2 muon_lr=0.026 muon_momentum=0.6 bias_lr=34 head_lr=1.7 tta_val_acc=0.9283
main hparams: muon_lr=0.072 muon_momentum=0.6 bias_lr=0.015 head_lr=1300 main=0.9005, best_cooldown=0.9265
muon_lr=0.026 muon_momentum=0.6 bias_lr=0.41 head_lr=1.7 -> tta_val_acc=0.926
muon_lr=0.026 muon_momentum=0.6 bias_lr=0.13 head_lr=1.7 -> tta_val_acc=0.9253
muon_lr=0.026 muon_momentum=0.6 bias_lr=0.044 head_lr=1.7 -> tta_val_acc=0.9265
muon_lr=0.026 muon_momentum=0.6 bias_lr=0.015 head_lr=1.7 -> tta_val_acc=0.9259
muon_lr=0.026 muon_momentum=0.6 bias_lr=0.0048 head_lr=1.7 -> tta_val_acc=0.9259
muon_lr=0.026 muon_momentum=0.6 bias_lr=0.0016 head_lr=1.7 -> tta_val_acc=0.9261
muon_lr=0.026 muon_momentum=0.6 bias_lr=0.00053 head_lr=1.7 -> tta_val_acc=0.9258
muon_lr=0.026 muon_momentum=0.6 bias_lr=0.00017 head_lr=1.7 -> tta_val_acc=0.9255
muon_lr=0.026 muon_momentum=0.6 bias_lr=5.7e-05 head_lr=1.7 -> tta_val_acc=0.9258
muon_lr=0.026 muon_momentum=0.6 bias_lr=1.9e-05 head_lr=1.7 -> tta_val_acc=0.925
search_path step=0 muon_lr=0.026 muon_momentum=0.6 bias_lr=0.41 head_lr=1.7 tta_val_acc=0.926
search_path step=1 muon_lr=0.026 muon_momentum=0.6 bias_lr=0.044 head_lr=1.7 tta_val_acc=0.9265
main hparams: muon_lr=0.072 muon_momentum=0.6 bias_lr=0.044 head_lr=1300 main=0.901, best_cooldown=0.9285
muon_lr=0.026 muon_momentum=0.6 bias_lr=0.41 head_lr=1.7 -> tta_val_acc=0.9269
muon_lr=0.026 muon_momentum=0.6 bias_lr=0.13 head_lr=1.7 -> tta_val_acc=0.9268
muon_lr=0.026 muon_momentum=0.6 bias_lr=0.044 head_lr=1.7 -> tta_val_acc=0.9271
muon_lr=0.026 muon_momentum=0.6 bias_lr=0.015 head_lr=1.7 -> tta_val_acc=0.9268
muon_lr=0.026 muon_momentum=0.6 bias_lr=0.0048 head_lr=1.7 -> tta_val_acc=0.927
muon_lr=0.026 muon_momentum=0.6 bias_lr=0.0016 head_lr=1.7 -> tta_val_acc=0.9274
muon_lr=0.026 muon_momentum=0.6 bias_lr=0.00053 head_lr=1.7 -> tta_val_acc=0.9271
muon_lr=0.026 muon_momentum=0.6 bias_lr=0.00017 head_lr=1.7 -> tta_val_acc=0.9272
muon_lr=0.026 muon_momentum=0.6 bias_lr=5.7e-05 head_lr=1.7 -> tta_val_acc=0.9275
muon_lr=0.026 muon_momentum=0.6 bias_lr=1.9e-05 head_lr=1.7 -> tta_val_acc=0.9266
muon_lr=0.026 muon_momentum=0.6 bias_lr=6.2e-06 head_lr=1.7 -> tta_val_acc=0.9267
muon_lr=0.026 muon_momentum=0.6 bias_lr=2.1e-06 head_lr=1.7 -> tta_val_acc=0.9267
muon_lr=0.026 muon_momentum=0.6 bias_lr=6.8e-07 head_lr=1.7 -> tta_val_acc=0.9269
muon_lr=0.026 muon_momentum=0.6 bias_lr=2.2e-07 head_lr=1.7 -> tta_val_acc=0.9265
muon_lr=0.026 muon_momentum=0.6 bias_lr=7.4e-08 head_lr=1.7 -> tta_val_acc=0.9267
muon_lr=0.026 muon_momentum=0.6 bias_lr=2.4e-08 head_lr=1.7 -> tta_val_acc=0.9266
muon_lr=0.026 muon_momentum=0.6 bias_lr=1.2 head_lr=1.7 -> tta_val_acc=0.9274
muon_lr=0.026 muon_momentum=0.6 bias_lr=3.7 head_lr=1.7 -> tta_val_acc=0.9277
muon_lr=0.026 muon_momentum=0.6 bias_lr=11 head_lr=1.7 -> tta_val_acc=0.928
muon_lr=0.026 muon_momentum=0.6 bias_lr=34 head_lr=1.7 -> tta_val_acc=0.9283
muon_lr=0.026 muon_momentum=0.6 bias_lr=100 head_lr=1.7 -> tta_val_acc=0.9255
muon_lr=0.016 muon_momentum=0.6 bias_lr=34 head_lr=1.7 -> tta_val_acc=0.9262
muon_lr=0.043 muon_momentum=0.6 bias_lr=34 head_lr=1.7 -> tta_val_acc=0.9218
muon_lr=0.026 muon_momentum=0.6 bias_lr=34 head_lr=0.57 -> tta_val_acc=0.9283
muon_lr=0.026 muon_momentum=0.6 bias_lr=34 head_lr=0.19 -> tta_val_acc=0.9274
muon_lr=0.026 muon_momentum=0.6 bias_lr=34 head_lr=0.062 -> tta_val_acc=0.9272
muon_lr=0.026 muon_momentum=0.6 bias_lr=34 head_lr=5.2 -> tta_val_acc=0.9281
muon_lr=0.026 muon_momentum=0.6 bias_lr=34 head_lr=16 -> tta_val_acc=0.9283
muon_lr=0.026 muon_momentum=0.6 bias_lr=34 head_lr=48 -> tta_val_acc=0.9277
muon_lr=0.026 muon_momentum=0.6 bias_lr=34 head_lr=150 -> tta_val_acc=0.9281
muon_lr=0.026 muon_momentum=0.6 bias_lr=34 head_lr=440 -> tta_val_acc=0.9277
muon_lr=0.026 muon_momentum=0.6 bias_lr=34 head_lr=1300 -> tta_val_acc=0.928
muon_lr=0.026 muon_momentum=0.6 bias_lr=34 head_lr=4100 -> tta_val_acc=0.9285
muon_lr=0.026 muon_momentum=0.6 bias_lr=34 head_lr=12000 -> tta_val_acc=0.9267
muon_lr=0.016 muon_momentum=0.6 bias_lr=34 head_lr=4100 -> tta_val_acc=0.9267
muon_lr=0.043 muon_momentum=0.6 bias_lr=34 head_lr=4100 -> tta_val_acc=0.9209
muon_lr=0.026 muon_momentum=0.6 bias_lr=11 head_lr=4100 -> tta_val_acc=0.9281
muon_lr=0.026 muon_momentum=0.6 bias_lr=3.7 head_lr=4100 -> tta_val_acc=0.9277
muon_lr=0.026 muon_momentum=0.6 bias_lr=1.2 head_lr=4100 -> tta_val_acc=0.9266
muon_lr=0.026 muon_momentum=0.6 bias_lr=100 head_lr=4100 -> tta_val_acc=0.9236
search_path step=0 muon_lr=0.026 muon_momentum=0.6 bias_lr=34 head_lr=1.7 tta_val_acc=0.9283
search_path step=1 muon_lr=0.026 muon_momentum=0.6 bias_lr=34 head_lr=4100 tta_val_acc=0.9285
main hparams: muon_lr=0.043 muon_momentum=0.6 bias_lr=0.044 head_lr=1300 main=0.9093, best_cooldown=0.9228
muon_lr=0.026 muon_momentum=0.6 bias_lr=34 head_lr=4100 -> tta_val_acc=0.9228
muon_lr=0.016 muon_momentum=0.6 bias_lr=34 head_lr=4100 -> tta_val_acc=0.9217
muon_lr=0.043 muon_momentum=0.6 bias_lr=34 head_lr=4100 -> tta_val_acc=0.9193
search_path step=0 muon_lr=0.026 muon_momentum=0.6 bias_lr=34 head_lr=4100 tta_val_acc=0.9228
main hparams: muon_lr=0.12 muon_momentum=0.6 bias_lr=0.044 head_lr=1300 main=0.879, best_cooldown=0.9253
muon_lr=0.026 muon_momentum=0.6 bias_lr=34 head_lr=4100 -> tta_val_acc=0.9246
muon_lr=0.016 muon_momentum=0.6 bias_lr=34 head_lr=4100 -> tta_val_acc=0.9253
muon_lr=0.0093 muon_momentum=0.6 bias_lr=34 head_lr=4100 -> tta_val_acc=0.9214
muon_lr=0.043 muon_momentum=0.6 bias_lr=34 head_lr=4100 -> tta_val_acc=0.922
search_path step=0 muon_lr=0.026 muon_momentum=0.6 bias_lr=34 head_lr=4100 tta_val_acc=0.9246
search_path step=1 muon_lr=0.016 muon_momentum=0.6 bias_lr=34 head_lr=4100 tta_val_acc=0.9253
main hparams: muon_lr=0.072 muon_momentum=0.5 bias_lr=0.044 head_lr=1300 main=0.9033, best_cooldown=0.9273
muon_lr=0.026 muon_momentum=0.5 bias_lr=34 head_lr=4100 -> tta_val_acc=0.9273
muon_lr=0.016 muon_momentum=0.5 bias_lr=34 head_lr=4100 -> tta_val_acc=0.9254
muon_lr=0.043 muon_momentum=0.5 bias_lr=34 head_lr=4100 -> tta_val_acc=0.9254
search_path step=0 muon_lr=0.026 muon_momentum=0.5 bias_lr=34 head_lr=4100 tta_val_acc=0.9273
main hparams: muon_lr=0.072 muon_momentum=0.7 bias_lr=0.044 head_lr=1300 main=0.8998, best_cooldown=0.9269
muon_lr=0.026 muon_momentum=0.7 bias_lr=34 head_lr=4100 -> tta_val_acc=0.9238
muon_lr=0.016 muon_momentum=0.7 bias_lr=34 head_lr=4100 -> tta_val_acc=0.9269
muon_lr=0.0093 muon_momentum=0.7 bias_lr=34 head_lr=4100 -> tta_val_acc=0.9264
muon_lr=0.0056 muon_momentum=0.7 bias_lr=34 head_lr=4100 -> tta_val_acc=0.9253
search_path step=0 muon_lr=0.026 muon_momentum=0.7 bias_lr=34 head_lr=4100 tta_val_acc=0.9238
search_path step=1 muon_lr=0.016 muon_momentum=0.7 bias_lr=34 head_lr=4100 tta_val_acc=0.9269
main hparams: muon_lr=0.072 muon_momentum=0.6 bias_lr=0.044 head_lr=440 main=0.9014, best_cooldown=0.9257
muon_lr=0.026 muon_momentum=0.6 bias_lr=34 head_lr=4100 -> tta_val_acc=0.9257
muon_lr=0.026 muon_momentum=0.6 bias_lr=34 head_lr=1300 -> tta_val_acc=0.9254
muon_lr=0.026 muon_momentum=0.6 bias_lr=34 head_lr=440 -> tta_val_acc=0.9252
muon_lr=0.026 muon_momentum=0.6 bias_lr=34 head_lr=150 -> tta_val_acc=0.9252
muon_lr=0.026 muon_momentum=0.6 bias_lr=34 head_lr=48 -> tta_val_acc=0.9249
muon_lr=0.026 muon_momentum=0.6 bias_lr=34 head_lr=16 -> tta_val_acc=0.9252
muon_lr=0.026 muon_momentum=0.6 bias_lr=34 head_lr=5.2 -> tta_val_acc=0.9249
muon_lr=0.026 muon_momentum=0.6 bias_lr=34 head_lr=1.7 -> tta_val_acc=0.9252
muon_lr=0.026 muon_momentum=0.6 bias_lr=34 head_lr=12000 -> tta_val_acc=0.9248
muon_lr=0.026 muon_momentum=0.6 bias_lr=34 head_lr=37000 -> tta_val_acc=0.3019
search_path step=0 muon_lr=0.026 muon_momentum=0.6 bias_lr=34 head_lr=4100 tta_val_acc=0.9257
main hparams: muon_lr=0.072 muon_momentum=0.6 bias_lr=0.044 head_lr=4100 main=0.9031, best_cooldown=0.9261
muon_lr=0.026 muon_momentum=0.6 bias_lr=34 head_lr=4100 -> tta_val_acc=0.9251
muon_lr=0.026 muon_momentum=0.6 bias_lr=34 head_lr=1300 -> tta_val_acc=0.9256
muon_lr=0.026 muon_momentum=0.6 bias_lr=34 head_lr=440 -> tta_val_acc=0.9254
muon_lr=0.026 muon_momentum=0.6 bias_lr=34 head_lr=150 -> tta_val_acc=0.9246
muon_lr=0.026 muon_momentum=0.6 bias_lr=34 head_lr=48 -> tta_val_acc=0.9251
muon_lr=0.026 muon_momentum=0.6 bias_lr=34 head_lr=16 -> tta_val_acc=0.9255
muon_lr=0.026 muon_momentum=0.6 bias_lr=34 head_lr=5.2 -> tta_val_acc=0.9257
muon_lr=0.026 muon_momentum=0.6 bias_lr=34 head_lr=1.7 -> tta_val_acc=0.9261
muon_lr=0.026 muon_momentum=0.6 bias_lr=34 head_lr=0.57 -> tta_val_acc=0.9253
muon_lr=0.026 muon_momentum=0.6 bias_lr=34 head_lr=0.19 -> tta_val_acc=0.925
search_path step=0 muon_lr=0.026 muon_momentum=0.6 bias_lr=34 head_lr=4100 tta_val_acc=0.9251
search_path step=1 muon_lr=0.026 muon_momentum=0.6 bias_lr=34 head_lr=1.7 tta_val_acc=0.9261
search_path step=0 muon_lr=0.2 muon_momentum=0.6 bias_lr=100 head_lr=1300 tta_val_acc=0.9196
search_path step=1 muon_lr=0.072 muon_momentum=0.6 bias_lr=100 head_lr=1300 tta_val_acc=0.9255
search_path step=2 muon_lr=0.072 muon_momentum=0.6 bias_lr=0.044 head_lr=1300 tta_val_acc=0.9285
train_hparams run=0 interval=1 start_step=40 completed_steps=40 total_steps=200 muon_lr=0.072 muon_momentum=0.6 bias_lr=0.044 head_lr=1300 muon_nesterov=False
train_loss run=0 interval=1 step=41 loss=1.33186
train_loss run=0 interval=1 step=42 loss=1.25329
train_loss run=0 interval=1 step=43 loss=1.20912
train_loss run=0 interval=1 step=44 loss=1.21272
train_loss run=0 interval=1 step=45 loss=1.19561
train_loss run=0 interval=1 step=46 loss=1.19695
train_loss run=0 interval=1 step=47 loss=1.1776
train_loss run=0 interval=1 step=48 loss=1.18604
train_loss run=0 interval=1 step=49 loss=1.17762
train_loss run=0 interval=1 step=50 loss=1.18699
train_loss run=0 interval=1 step=51 loss=1.14471
train_loss run=0 interval=1 step=52 loss=1.15536
train_loss run=0 interval=1 step=53 loss=1.14782
train_loss run=0 interval=1 step=54 loss=1.14168
train_loss run=0 interval=1 step=55 loss=1.13623
train_loss run=0 interval=1 step=56 loss=1.15131
train_loss run=0 interval=1 step=57 loss=1.12369
train_loss run=0 interval=1 step=58 loss=1.13205
train_loss run=0 interval=1 step=59 loss=1.12794
train_loss run=0 interval=1 step=60 loss=1.13523
train_loss run=0 interval=1 step=61 loss=1.11623
train_loss run=0 interval=1 step=62 loss=1.13352
train_loss run=0 interval=1 step=63 loss=1.1207
train_loss run=0 interval=1 step=64 loss=1.1234
train_loss run=0 interval=1 step=65 loss=1.11728
train_loss run=0 interval=1 step=66 loss=1.12801
train_loss run=0 interval=1 step=67 loss=1.12061
train_loss run=0 interval=1 step=68 loss=1.12841
train_loss run=0 interval=1 step=69 loss=1.13303
train_loss run=0 interval=1 step=70 loss=1.12103
train_loss run=0 interval=1 step=71 loss=1.12649
train_loss run=0 interval=1 step=72 loss=1.10699
train_loss run=0 interval=1 step=73 loss=1.13509
train_loss run=0 interval=1 step=74 loss=1.10131
train_loss run=0 interval=1 step=75 loss=1.12984
train_loss run=0 interval=1 step=76 loss=1.08159
train_loss run=0 interval=1 step=77 loss=1.09178
train_loss run=0 interval=1 step=78 loss=1.08493
train_loss run=0 interval=1 step=79 loss=1.09047
train_loss run=0 interval=1 step=80 loss=1.0757
interval_boundary_eval run=0 interval=1 step=80 total_steps=200 tta_val_acc=0.901
main hparams: muon_lr=0.072 muon_momentum=0.6 bias_lr=0.044 head_lr=1300 main=0.9093, best_cooldown=0.9324
muon_lr=0.026 muon_momentum=0.6 bias_lr=34 head_lr=4100 -> tta_val_acc=0.9306
muon_lr=0.016 muon_momentum=0.6 bias_lr=34 head_lr=4100 -> tta_val_acc=0.9324
muon_lr=0.0093 muon_momentum=0.6 bias_lr=34 head_lr=4100 -> tta_val_acc=0.9304
muon_lr=0.016 muon_momentum=0.6 bias_lr=11 head_lr=4100 -> tta_val_acc=0.9321
muon_lr=0.016 muon_momentum=0.6 bias_lr=3.7 head_lr=4100 -> tta_val_acc=0.9319
muon_lr=0.016 muon_momentum=0.6 bias_lr=1.2 head_lr=4100 -> tta_val_acc=0.9321
muon_lr=0.016 muon_momentum=0.6 bias_lr=0.41 head_lr=4100 -> tta_val_acc=0.9322
muon_lr=0.016 muon_momentum=0.6 bias_lr=0.13 head_lr=4100 -> tta_val_acc=0.9319
muon_lr=0.016 muon_momentum=0.6 bias_lr=0.044 head_lr=4100 -> tta_val_acc=0.9318
muon_lr=0.016 muon_momentum=0.6 bias_lr=0.015 head_lr=4100 -> tta_val_acc=0.9321
muon_lr=0.016 muon_momentum=0.6 bias_lr=100 head_lr=4100 -> tta_val_acc=0.9315
muon_lr=0.016 muon_momentum=0.6 bias_lr=320 head_lr=4100 -> tta_val_acc=0.0598
muon_lr=0.016 muon_momentum=0.6 bias_lr=34 head_lr=1300 -> tta_val_acc=0.9323
muon_lr=0.016 muon_momentum=0.6 bias_lr=34 head_lr=440 -> tta_val_acc=0.9321
muon_lr=0.016 muon_momentum=0.6 bias_lr=34 head_lr=150 -> tta_val_acc=0.9317
muon_lr=0.016 muon_momentum=0.6 bias_lr=34 head_lr=48 -> tta_val_acc=0.9313
muon_lr=0.016 muon_momentum=0.6 bias_lr=34 head_lr=12000 -> tta_val_acc=0.9283
search_path step=0 muon_lr=0.026 muon_momentum=0.6 bias_lr=34 head_lr=4100 tta_val_acc=0.9306
search_path step=1 muon_lr=0.016 muon_momentum=0.6 bias_lr=34 head_lr=4100 tta_val_acc=0.9324
main hparams: muon_lr=0.043 muon_momentum=0.6 bias_lr=0.044 head_lr=1300 main=0.9217, best_cooldown=0.9322
muon_lr=0.016 muon_momentum=0.6 bias_lr=34 head_lr=4100 -> tta_val_acc=0.9322
muon_lr=0.0093 muon_momentum=0.6 bias_lr=34 head_lr=4100 -> tta_val_acc=0.9314
muon_lr=0.0056 muon_momentum=0.6 bias_lr=34 head_lr=4100 -> tta_val_acc=0.9305
muon_lr=0.026 muon_momentum=0.6 bias_lr=34 head_lr=4100 -> tta_val_acc=0.9283
search_path step=0 muon_lr=0.016 muon_momentum=0.6 bias_lr=34 head_lr=4100 tta_val_acc=0.9322
main hparams: muon_lr=0.026 muon_momentum=0.6 bias_lr=0.044 head_lr=1300 main=0.9271, best_cooldown=0.9315
muon_lr=0.016 muon_momentum=0.6 bias_lr=34 head_lr=4100 -> tta_val_acc=0.9315
muon_lr=0.0093 muon_momentum=0.6 bias_lr=34 head_lr=4100 -> tta_val_acc=0.9312
muon_lr=0.0056 muon_momentum=0.6 bias_lr=34 head_lr=4100 -> tta_val_acc=0.9303
muon_lr=0.026 muon_momentum=0.6 bias_lr=34 head_lr=4100 -> tta_val_acc=0.9275
search_path step=0 muon_lr=0.016 muon_momentum=0.6 bias_lr=34 head_lr=4100 tta_val_acc=0.9315
main hparams: muon_lr=0.016 muon_momentum=0.6 bias_lr=0.044 head_lr=1300 main=0.9271, best_cooldown=0.9297
muon_lr=0.016 muon_momentum=0.6 bias_lr=34 head_lr=4100 -> tta_val_acc=0.9297
muon_lr=0.0093 muon_momentum=0.6 bias_lr=34 head_lr=4100 -> tta_val_acc=0.9289
muon_lr=0.0056 muon_momentum=0.6 bias_lr=34 head_lr=4100 -> tta_val_acc=0.9292
muon_lr=0.0034 muon_momentum=0.6 bias_lr=34 head_lr=4100 -> tta_val_acc=0.9284
muon_lr=0.026 muon_momentum=0.6 bias_lr=34 head_lr=4100 -> tta_val_acc=0.9275
search_path step=0 muon_lr=0.016 muon_momentum=0.6 bias_lr=34 head_lr=4100 tta_val_acc=0.9297
main hparams: muon_lr=0.12 muon_momentum=0.6 bias_lr=0.044 head_lr=1300 main=0.8864, best_cooldown=0.9279
muon_lr=0.016 muon_momentum=0.6 bias_lr=34 head_lr=4100 -> tta_val_acc=0.9277
muon_lr=0.0093 muon_momentum=0.6 bias_lr=34 head_lr=4100 -> tta_val_acc=0.9241
muon_lr=0.026 muon_momentum=0.6 bias_lr=34 head_lr=4100 -> tta_val_acc=0.9279
muon_lr=0.043 muon_momentum=0.6 bias_lr=34 head_lr=4100 -> tta_val_acc=0.9228
search_path step=0 muon_lr=0.016 muon_momentum=0.6 bias_lr=34 head_lr=4100 tta_val_acc=0.9277
search_path step=1 muon_lr=0.026 muon_momentum=0.6 bias_lr=34 head_lr=4100 tta_val_acc=0.9279
main hparams: muon_lr=0.072 muon_momentum=0.5 bias_lr=0.044 head_lr=1300 main=0.9111, best_cooldown=0.9322
muon_lr=0.016 muon_momentum=0.5 bias_lr=34 head_lr=4100 -> tta_val_acc=0.9322
muon_lr=0.0093 muon_momentum=0.5 bias_lr=34 head_lr=4100 -> tta_val_acc=0.931
muon_lr=0.026 muon_momentum=0.5 bias_lr=34 head_lr=4100 -> tta_val_acc=0.9321
muon_lr=0.043 muon_momentum=0.5 bias_lr=34 head_lr=4100 -> tta_val_acc=0.9277
search_path step=0 muon_lr=0.016 muon_momentum=0.5 bias_lr=34 head_lr=4100 tta_val_acc=0.9322
main hparams: muon_lr=0.072 muon_momentum=0.4 bias_lr=0.044 head_lr=1300 main=0.9134, best_cooldown=0.9323
muon_lr=0.016 muon_momentum=0.4 bias_lr=34 head_lr=4100 -> tta_val_acc=0.9323
muon_lr=0.0093 muon_momentum=0.4 bias_lr=34 head_lr=4100 -> tta_val_acc=0.9313
muon_lr=0.0056 muon_momentum=0.4 bias_lr=34 head_lr=4100 -> tta_val_acc=0.9301
muon_lr=0.026 muon_momentum=0.4 bias_lr=34 head_lr=4100 -> tta_val_acc=0.9315
muon_lr=0.043 muon_momentum=0.4 bias_lr=34 head_lr=4100 -> tta_val_acc=0.9264
search_path step=0 muon_lr=0.016 muon_momentum=0.4 bias_lr=34 head_lr=4100 tta_val_acc=0.9323
main hparams: muon_lr=0.072 muon_momentum=0.3 bias_lr=0.044 head_lr=1300 main=0.9159, best_cooldown=0.9316
muon_lr=0.016 muon_momentum=0.3 bias_lr=34 head_lr=4100 -> tta_val_acc=0.9312
muon_lr=0.0093 muon_momentum=0.3 bias_lr=34 head_lr=4100 -> tta_val_acc=0.9316
muon_lr=0.0056 muon_momentum=0.3 bias_lr=34 head_lr=4100 -> tta_val_acc=0.9302
muon_lr=0.026 muon_momentum=0.3 bias_lr=34 head_lr=4100 -> tta_val_acc=0.9301
search_path step=0 muon_lr=0.016 muon_momentum=0.3 bias_lr=34 head_lr=4100 tta_val_acc=0.9312
search_path step=1 muon_lr=0.0093 muon_momentum=0.3 bias_lr=34 head_lr=4100 tta_val_acc=0.9316
main hparams: muon_lr=0.072 muon_momentum=0.2 bias_lr=0.044 head_lr=1300 main=0.9162, best_cooldown=0.9317
muon_lr=0.016 muon_momentum=0.2 bias_lr=34 head_lr=4100 -> tta_val_acc=0.9317
muon_lr=0.0093 muon_momentum=0.2 bias_lr=34 head_lr=4100 -> tta_val_acc=0.9308
muon_lr=0.0056 muon_momentum=0.2 bias_lr=34 head_lr=4100 -> tta_val_acc=0.9299
muon_lr=0.026 muon_momentum=0.2 bias_lr=34 head_lr=4100 -> tta_val_acc=0.93
search_path step=0 muon_lr=0.016 muon_momentum=0.2 bias_lr=34 head_lr=4100 tta_val_acc=0.9317
main hparams: muon_lr=0.072 muon_momentum=0.1 bias_lr=0.044 head_lr=1300 main=0.917, best_cooldown=0.9328
muon_lr=0.016 muon_momentum=0.1 bias_lr=34 head_lr=4100 -> tta_val_acc=0.9328
muon_lr=0.0093 muon_momentum=0.1 bias_lr=34 head_lr=4100 -> tta_val_acc=0.9328
muon_lr=0.0056 muon_momentum=0.1 bias_lr=34 head_lr=4100 -> tta_val_acc=0.9316
muon_lr=0.026 muon_momentum=0.1 bias_lr=34 head_lr=4100 -> tta_val_acc=0.9305
search_path step=0 muon_lr=0.016 muon_momentum=0.1 bias_lr=34 head_lr=4100 tta_val_acc=0.9328
main hparams: muon_lr=0.072 muon_momentum=0 bias_lr=0.044 head_lr=1300 main=0.917, best_cooldown=0.9327
muon_lr=0.016 muon_momentum=0 bias_lr=34 head_lr=4100 -> tta_val_acc=0.9327
muon_lr=0.0093 muon_momentum=0 bias_lr=34 head_lr=4100 -> tta_val_acc=0.9315
muon_lr=0.026 muon_momentum=0 bias_lr=34 head_lr=4100 -> tta_val_acc=0.9309
search_path step=0 muon_lr=0.016 muon_momentum=0 bias_lr=34 head_lr=4100 tta_val_acc=0.9327
main hparams: muon_lr=0.072 muon_momentum=0.1 bias_lr=0.044 head_lr=1300 main=0.917, best_cooldown=0.9338
muon_lr=0.016 muon_momentum=0.1 bias_lr=34 head_lr=4100 -> tta_val_acc=0.9328
muon_lr=0.0093 muon_momentum=0.1 bias_lr=34 head_lr=4100 -> tta_val_acc=0.9328
muon_lr=0.0056 muon_momentum=0.1 bias_lr=34 head_lr=4100 -> tta_val_acc=0.9316
muon_lr=0.026 muon_momentum=0.1 bias_lr=34 head_lr=4100 -> tta_val_acc=0.9305
muon_lr=0.016 muon_momentum=0.1 bias_lr=11 head_lr=4100 -> tta_val_acc=0.933
muon_lr=0.016 muon_momentum=0.1 bias_lr=3.7 head_lr=4100 -> tta_val_acc=0.9332
muon_lr=0.016 muon_momentum=0.1 bias_lr=1.2 head_lr=4100 -> tta_val_acc=0.9338
muon_lr=0.016 muon_momentum=0.1 bias_lr=0.41 head_lr=4100 -> tta_val_acc=0.933
muon_lr=0.016 muon_momentum=0.1 bias_lr=0.13 head_lr=4100 -> tta_val_acc=0.9332
muon_lr=0.016 muon_momentum=0.1 bias_lr=0.044 head_lr=4100 -> tta_val_acc=0.9332
muon_lr=0.016 muon_momentum=0.1 bias_lr=0.015 head_lr=4100 -> tta_val_acc=0.9334
muon_lr=0.016 muon_momentum=0.1 bias_lr=0.0048 head_lr=4100 -> tta_val_acc=0.933
muon_lr=0.016 muon_momentum=0.1 bias_lr=0.0016 head_lr=4100 -> tta_val_acc=0.9331
muon_lr=0.016 muon_momentum=0.1 bias_lr=0.00053 head_lr=4100 -> tta_val_acc=0.9332
muon_lr=0.0093 muon_momentum=0.1 bias_lr=1.2 head_lr=4100 -> tta_val_acc=0.9335
muon_lr=0.0056 muon_momentum=0.1 bias_lr=1.2 head_lr=4100 -> tta_val_acc=0.9318
muon_lr=0.026 muon_momentum=0.1 bias_lr=1.2 head_lr=4100 -> tta_val_acc=0.9323
muon_lr=0.016 muon_momentum=0.1 bias_lr=100 head_lr=4100 -> tta_val_acc=0.9292
muon_lr=0.016 muon_momentum=0.1 bias_lr=1.2 head_lr=1300 -> tta_val_acc=0.9332
muon_lr=0.016 muon_momentum=0.1 bias_lr=1.2 head_lr=440 -> tta_val_acc=0.9336
muon_lr=0.016 muon_momentum=0.1 bias_lr=1.2 head_lr=150 -> tta_val_acc=0.9332
muon_lr=0.016 muon_momentum=0.1 bias_lr=1.2 head_lr=48 -> tta_val_acc=0.9332
muon_lr=0.016 muon_momentum=0.1 bias_lr=1.2 head_lr=16 -> tta_val_acc=0.9331
muon_lr=0.016 muon_momentum=0.1 bias_lr=1.2 head_lr=5.2 -> tta_val_acc=0.933
muon_lr=0.016 muon_momentum=0.1 bias_lr=1.2 head_lr=1.7 -> tta_val_acc=0.933
muon_lr=0.016 muon_momentum=0.1 bias_lr=1.2 head_lr=12000 -> tta_val_acc=0.9285
search_path step=0 muon_lr=0.016 muon_momentum=0.1 bias_lr=34 head_lr=4100 tta_val_acc=0.9328
search_path step=1 muon_lr=0.016 muon_momentum=0.1 bias_lr=1.2 head_lr=4100 tta_val_acc=0.9338
main hparams: muon_lr=0.043 muon_momentum=0.1 bias_lr=0.044 head_lr=1300 main=0.9257, best_cooldown=0.9323
muon_lr=0.016 muon_momentum=0.1 bias_lr=1.2 head_lr=4100 -> tta_val_acc=0.9323
muon_lr=0.0093 muon_momentum=0.1 bias_lr=1.2 head_lr=4100 -> tta_val_acc=0.9315
muon_lr=0.0056 muon_momentum=0.1 bias_lr=1.2 head_lr=4100 -> tta_val_acc=0.9317
muon_lr=0.0034 muon_momentum=0.1 bias_lr=1.2 head_lr=4100 -> tta_val_acc=0.93
muon_lr=0.026 muon_momentum=0.1 bias_lr=1.2 head_lr=4100 -> tta_val_acc=0.9319
muon_lr=0.043 muon_momentum=0.1 bias_lr=1.2 head_lr=4100 -> tta_val_acc=0.9291
search_path step=0 muon_lr=0.016 muon_momentum=0.1 bias_lr=1.2 head_lr=4100 tta_val_acc=0.9323
main hparams: muon_lr=0.12 muon_momentum=0.1 bias_lr=0.044 head_lr=1300 main=0.894, best_cooldown=0.9334
muon_lr=0.016 muon_momentum=0.1 bias_lr=1.2 head_lr=4100 -> tta_val_acc=0.9319
muon_lr=0.0093 muon_momentum=0.1 bias_lr=1.2 head_lr=4100 -> tta_val_acc=0.9303
muon_lr=0.026 muon_momentum=0.1 bias_lr=1.2 head_lr=4100 -> tta_val_acc=0.9334
muon_lr=0.043 muon_momentum=0.1 bias_lr=1.2 head_lr=4100 -> tta_val_acc=0.9306
search_path step=0 muon_lr=0.016 muon_momentum=0.1 bias_lr=1.2 head_lr=4100 tta_val_acc=0.9319
search_path step=1 muon_lr=0.026 muon_momentum=0.1 bias_lr=1.2 head_lr=4100 tta_val_acc=0.9334
main hparams: muon_lr=0.2 muon_momentum=0.1 bias_lr=0.044 head_lr=1300 main=0.8513, best_cooldown=0.9271
muon_lr=0.016 muon_momentum=0.1 bias_lr=1.2 head_lr=4100 -> tta_val_acc=0.9225
muon_lr=0.0093 muon_momentum=0.1 bias_lr=1.2 head_lr=4100 -> tta_val_acc=0.9192
muon_lr=0.026 muon_momentum=0.1 bias_lr=1.2 head_lr=4100 -> tta_val_acc=0.9271
muon_lr=0.043 muon_momentum=0.1 bias_lr=1.2 head_lr=4100 -> tta_val_acc=0.927
muon_lr=0.072 muon_momentum=0.1 bias_lr=1.2 head_lr=4100 -> tta_val_acc=0.9228
search_path step=0 muon_lr=0.016 muon_momentum=0.1 bias_lr=1.2 head_lr=4100 tta_val_acc=0.9225
search_path step=1 muon_lr=0.026 muon_momentum=0.1 bias_lr=1.2 head_lr=4100 tta_val_acc=0.9271
main hparams: muon_lr=0.072 muon_momentum=0.1 bias_lr=0.015 head_lr=1300 main=0.9197, best_cooldown=0.9337
muon_lr=0.016 muon_momentum=0.1 bias_lr=1.2 head_lr=4100 -> tta_val_acc=0.9335
muon_lr=0.016 muon_momentum=0.1 bias_lr=0.41 head_lr=4100 -> tta_val_acc=0.9337
muon_lr=0.016 muon_momentum=0.1 bias_lr=0.13 head_lr=4100 -> tta_val_acc=0.9337
muon_lr=0.016 muon_momentum=0.1 bias_lr=0.044 head_lr=4100 -> tta_val_acc=0.9335
muon_lr=0.016 muon_momentum=0.1 bias_lr=0.015 head_lr=4100 -> tta_val_acc=0.9333
muon_lr=0.016 muon_momentum=0.1 bias_lr=0.0048 head_lr=4100 -> tta_val_acc=0.9335
muon_lr=0.016 muon_momentum=0.1 bias_lr=0.0016 head_lr=4100 -> tta_val_acc=0.9334
muon_lr=0.016 muon_momentum=0.1 bias_lr=0.00053 head_lr=4100 -> tta_val_acc=0.9337
muon_lr=0.016 muon_momentum=0.1 bias_lr=0.00017 head_lr=4100 -> tta_val_acc=0.9332
muon_lr=0.016 muon_momentum=0.1 bias_lr=3.7 head_lr=4100 -> tta_val_acc=0.9337
muon_lr=0.016 muon_momentum=0.1 bias_lr=11 head_lr=4100 -> tta_val_acc=0.9335
muon_lr=0.016 muon_momentum=0.1 bias_lr=34 head_lr=4100 -> tta_val_acc=0.9327
muon_lr=0.016 muon_momentum=0.1 bias_lr=100 head_lr=4100 -> tta_val_acc=0.9293
search_path step=0 muon_lr=0.016 muon_momentum=0.1 bias_lr=1.2 head_lr=4100 tta_val_acc=0.9335
search_path step=1 muon_lr=0.016 muon_momentum=0.1 bias_lr=0.41 head_lr=4100 tta_val_acc=0.9337
main hparams: muon_lr=0.072 muon_momentum=0.1 bias_lr=0.0048 head_lr=1300 main=0.919, best_cooldown=0.9339
muon_lr=0.016 muon_momentum=0.1 bias_lr=1.2 head_lr=4100 -> tta_val_acc=0.9339
muon_lr=0.016 muon_momentum=0.1 bias_lr=0.41 head_lr=4100 -> tta_val_acc=0.9338
muon_lr=0.016 muon_momentum=0.1 bias_lr=0.13 head_lr=4100 -> tta_val_acc=0.9334
muon_lr=0.016 muon_momentum=0.1 bias_lr=0.044 head_lr=4100 -> tta_val_acc=0.9332
muon_lr=0.016 muon_momentum=0.1 bias_lr=0.015 head_lr=4100 -> tta_val_acc=0.9337
muon_lr=0.016 muon_momentum=0.1 bias_lr=0.0048 head_lr=4100 -> tta_val_acc=0.9335
muon_lr=0.016 muon_momentum=0.1 bias_lr=0.0016 head_lr=4100 -> tta_val_acc=0.9334
muon_lr=0.016 muon_momentum=0.1 bias_lr=0.00053 head_lr=4100 -> tta_val_acc=0.9335
muon_lr=0.016 muon_momentum=0.1 bias_lr=3.7 head_lr=4100 -> tta_val_acc=0.9339
muon_lr=0.016 muon_momentum=0.1 bias_lr=11 head_lr=4100 -> tta_val_acc=0.933
muon_lr=0.016 muon_momentum=0.1 bias_lr=34 head_lr=4100 -> tta_val_acc=0.9325
search_path step=0 muon_lr=0.016 muon_momentum=0.1 bias_lr=1.2 head_lr=4100 tta_val_acc=0.9339
main hparams: muon_lr=0.072 muon_momentum=0.1 bias_lr=0.0016 head_lr=1300 main=0.9176, best_cooldown=0.9346
muon_lr=0.016 muon_momentum=0.1 bias_lr=1.2 head_lr=4100 -> tta_val_acc=0.9346
muon_lr=0.016 muon_momentum=0.1 bias_lr=0.41 head_lr=4100 -> tta_val_acc=0.9344
muon_lr=0.016 muon_momentum=0.1 bias_lr=0.13 head_lr=4100 -> tta_val_acc=0.9337
muon_lr=0.016 muon_momentum=0.1 bias_lr=0.044 head_lr=4100 -> tta_val_acc=0.9338
muon_lr=0.016 muon_momentum=0.1 bias_lr=0.015 head_lr=4100 -> tta_val_acc=0.9342
muon_lr=0.016 muon_momentum=0.1 bias_lr=0.0048 head_lr=4100 -> tta_val_acc=0.9341
muon_lr=0.016 muon_momentum=0.1 bias_lr=0.0016 head_lr=4100 -> tta_val_acc=0.9341
muon_lr=0.016 muon_momentum=0.1 bias_lr=0.00053 head_lr=4100 -> tta_val_acc=0.934
muon_lr=0.016 muon_momentum=0.1 bias_lr=3.7 head_lr=4100 -> tta_val_acc=0.9345
muon_lr=0.016 muon_momentum=0.1 bias_lr=11 head_lr=4100 -> tta_val_acc=0.934
muon_lr=0.016 muon_momentum=0.1 bias_lr=34 head_lr=4100 -> tta_val_acc=0.9328
search_path step=0 muon_lr=0.016 muon_momentum=0.1 bias_lr=1.2 head_lr=4100 tta_val_acc=0.9346
main hparams: muon_lr=0.072 muon_momentum=0.1 bias_lr=0.00053 head_lr=1300 main=0.9182, best_cooldown=0.933
muon_lr=0.016 muon_momentum=0.1 bias_lr=1.2 head_lr=4100 -> tta_val_acc=0.9325
muon_lr=0.016 muon_momentum=0.1 bias_lr=0.41 head_lr=4100 -> tta_val_acc=0.9327
muon_lr=0.016 muon_momentum=0.1 bias_lr=0.13 head_lr=4100 -> tta_val_acc=0.9323
muon_lr=0.016 muon_momentum=0.1 bias_lr=0.044 head_lr=4100 -> tta_val_acc=0.9325
muon_lr=0.016 muon_momentum=0.1 bias_lr=0.015 head_lr=4100 -> tta_val_acc=0.9323
muon_lr=0.016 muon_momentum=0.1 bias_lr=0.0048 head_lr=4100 -> tta_val_acc=0.9326
muon_lr=0.016 muon_momentum=0.1 bias_lr=0.0016 head_lr=4100 -> tta_val_acc=0.9323
muon_lr=0.016 muon_momentum=0.1 bias_lr=0.00053 head_lr=4100 -> tta_val_acc=0.9322
muon_lr=0.016 muon_momentum=0.1 bias_lr=0.00017 head_lr=4100 -> tta_val_acc=0.9325
muon_lr=0.016 muon_momentum=0.1 bias_lr=3.7 head_lr=4100 -> tta_val_acc=0.933
muon_lr=0.016 muon_momentum=0.1 bias_lr=11 head_lr=4100 -> tta_val_acc=0.9327
muon_lr=0.016 muon_momentum=0.1 bias_lr=34 head_lr=4100 -> tta_val_acc=0.9328
muon_lr=0.016 muon_momentum=0.1 bias_lr=100 head_lr=4100 -> tta_val_acc=0.9303
search_path step=0 muon_lr=0.016 muon_momentum=0.1 bias_lr=1.2 head_lr=4100 tta_val_acc=0.9325
search_path step=1 muon_lr=0.016 muon_momentum=0.1 bias_lr=0.41 head_lr=4100 tta_val_acc=0.9327
search_path step=2 muon_lr=0.016 muon_momentum=0.1 bias_lr=3.7 head_lr=4100 tta_val_acc=0.933
main hparams: muon_lr=0.072 muon_momentum=0.1 bias_lr=0.0016 head_lr=1300 main=0.9176, best_cooldown=0.9346
muon_lr=0.016 muon_momentum=0.1 bias_lr=1.2 head_lr=4100 -> tta_val_acc=0.9346
muon_lr=0.016 muon_momentum=0.1 bias_lr=0.41 head_lr=4100 -> tta_val_acc=0.9344
muon_lr=0.016 muon_momentum=0.1 bias_lr=0.13 head_lr=4100 -> tta_val_acc=0.9337
muon_lr=0.016 muon_momentum=0.1 bias_lr=0.044 head_lr=4100 -> tta_val_acc=0.9338
muon_lr=0.016 muon_momentum=0.1 bias_lr=0.015 head_lr=4100 -> tta_val_acc=0.9342
muon_lr=0.016 muon_momentum=0.1 bias_lr=0.0048 head_lr=4100 -> tta_val_acc=0.9341
muon_lr=0.016 muon_momentum=0.1 bias_lr=0.0016 head_lr=4100 -> tta_val_acc=0.9341
muon_lr=0.016 muon_momentum=0.1 bias_lr=0.00053 head_lr=4100 -> tta_val_acc=0.934
muon_lr=0.016 muon_momentum=0.1 bias_lr=3.7 head_lr=4100 -> tta_val_acc=0.9345
muon_lr=0.016 muon_momentum=0.1 bias_lr=11 head_lr=4100 -> tta_val_acc=0.934
muon_lr=0.016 muon_momentum=0.1 bias_lr=34 head_lr=4100 -> tta_val_acc=0.9328
muon_lr=0.0093 muon_momentum=0.1 bias_lr=1.2 head_lr=4100 -> tta_val_acc=0.9342
muon_lr=0.0056 muon_momentum=0.1 bias_lr=1.2 head_lr=4100 -> tta_val_acc=0.9333
muon_lr=0.026 muon_momentum=0.1 bias_lr=1.2 head_lr=4100 -> tta_val_acc=0.931
muon_lr=0.016 muon_momentum=0.1 bias_lr=1.2 head_lr=1300 -> tta_val_acc=0.9338
muon_lr=0.016 muon_momentum=0.1 bias_lr=1.2 head_lr=440 -> tta_val_acc=0.9336
muon_lr=0.016 muon_momentum=0.1 bias_lr=1.2 head_lr=12000 -> tta_val_acc=0.9297
search_path step=0 muon_lr=0.016 muon_momentum=0.1 bias_lr=1.2 head_lr=4100 tta_val_acc=0.9346
main hparams: muon_lr=0.043 muon_momentum=0.1 bias_lr=0.0016 head_lr=1300 main=0.9253, best_cooldown=0.9327
muon_lr=0.016 muon_momentum=0.1 bias_lr=1.2 head_lr=4100 -> tta_val_acc=0.9322
muon_lr=0.0093 muon_momentum=0.1 bias_lr=1.2 head_lr=4100 -> tta_val_acc=0.9317
muon_lr=0.0056 muon_momentum=0.1 bias_lr=1.2 head_lr=4100 -> tta_val_acc=0.932
muon_lr=0.0034 muon_momentum=0.1 bias_lr=1.2 head_lr=4100 -> tta_val_acc=0.9313
muon_lr=0.002 muon_momentum=0.1 bias_lr=1.2 head_lr=4100 -> tta_val_acc=0.9299
muon_lr=0.026 muon_momentum=0.1 bias_lr=1.2 head_lr=4100 -> tta_val_acc=0.9327
muon_lr=0.043 muon_momentum=0.1 bias_lr=1.2 head_lr=4100 -> tta_val_acc=0.9291
search_path step=0 muon_lr=0.016 muon_momentum=0.1 bias_lr=1.2 head_lr=4100 tta_val_acc=0.9322
search_path step=1 muon_lr=0.026 muon_momentum=0.1 bias_lr=1.2 head_lr=4100 tta_val_acc=0.9327
main hparams: muon_lr=0.12 muon_momentum=0.1 bias_lr=0.0016 head_lr=1300 main=0.8931, best_cooldown=0.9329
muon_lr=0.016 muon_momentum=0.1 bias_lr=1.2 head_lr=4100 -> tta_val_acc=0.9325
muon_lr=0.0093 muon_momentum=0.1 bias_lr=1.2 head_lr=4100 -> tta_val_acc=0.9306
muon_lr=0.026 muon_momentum=0.1 bias_lr=1.2 head_lr=4100 -> tta_val_acc=0.9329
muon_lr=0.043 muon_momentum=0.1 bias_lr=1.2 head_lr=4100 -> tta_val_acc=0.9306
search_path step=0 muon_lr=0.016 muon_momentum=0.1 bias_lr=1.2 head_lr=4100 tta_val_acc=0.9325
search_path step=1 muon_lr=0.026 muon_momentum=0.1 bias_lr=1.2 head_lr=4100 tta_val_acc=0.9329
main hparams: muon_lr=0.072 muon_momentum=0 bias_lr=0.0016 head_lr=1300 main=0.9165, best_cooldown=0.9331
muon_lr=0.016 muon_momentum=0 bias_lr=1.2 head_lr=4100 -> tta_val_acc=0.9319
muon_lr=0.0093 muon_momentum=0 bias_lr=1.2 head_lr=4100 -> tta_val_acc=0.9331
muon_lr=0.0056 muon_momentum=0 bias_lr=1.2 head_lr=4100 -> tta_val_acc=0.9315
search_path step=0 muon_lr=0.016 muon_momentum=0 bias_lr=1.2 head_lr=4100 tta_val_acc=0.9319
search_path step=1 muon_lr=0.0093 muon_momentum=0 bias_lr=1.2 head_lr=4100 tta_val_acc=0.9331
main hparams: muon_lr=0.072 muon_momentum=0.2 bias_lr=0.0016 head_lr=1300 main=0.9171, best_cooldown=0.9331
muon_lr=0.016 muon_momentum=0.2 bias_lr=1.2 head_lr=4100 -> tta_val_acc=0.9331
muon_lr=0.0093 muon_momentum=0.2 bias_lr=1.2 head_lr=4100 -> tta_val_acc=0.9326
muon_lr=0.0056 muon_momentum=0.2 bias_lr=1.2 head_lr=4100 -> tta_val_acc=0.9316
muon_lr=0.026 muon_momentum=0.2 bias_lr=1.2 head_lr=4100 -> tta_val_acc=0.9312
search_path step=0 muon_lr=0.016 muon_momentum=0.2 bias_lr=1.2 head_lr=4100 tta_val_acc=0.9331
main hparams: muon_lr=0.072 muon_momentum=0.1 bias_lr=0.13 head_lr=1300 main=0.9195, best_cooldown=0.9326
muon_lr=0.016 muon_momentum=0.1 bias_lr=1.2 head_lr=4100 -> tta_val_acc=0.9326
muon_lr=0.016 muon_momentum=0.1 bias_lr=0.41 head_lr=4100 -> tta_val_acc=0.9324
muon_lr=0.016 muon_momentum=0.1 bias_lr=0.13 head_lr=4100 -> tta_val_acc=0.9325
muon_lr=0.016 muon_momentum=0.1 bias_lr=0.044 head_lr=4100 -> tta_val_acc=0.9323
muon_lr=0.016 muon_momentum=0.1 bias_lr=0.015 head_lr=4100 -> tta_val_acc=0.9323
muon_lr=0.016 muon_momentum=0.1 bias_lr=0.0048 head_lr=4100 -> tta_val_acc=0.9322
muon_lr=0.016 muon_momentum=0.1 bias_lr=0.0016 head_lr=4100 -> tta_val_acc=0.9323
muon_lr=0.016 muon_momentum=0.1 bias_lr=0.00053 head_lr=4100 -> tta_val_acc=0.9324
muon_lr=0.016 muon_momentum=0.1 bias_lr=3.7 head_lr=4100 -> tta_val_acc=0.9325
muon_lr=0.016 muon_momentum=0.1 bias_lr=11 head_lr=4100 -> tta_val_acc=0.9324
muon_lr=0.016 muon_momentum=0.1 bias_lr=34 head_lr=4100 -> tta_val_acc=0.9318
muon_lr=0.016 muon_momentum=0.1 bias_lr=100 head_lr=4100 -> tta_val_acc=0.9283
search_path step=0 muon_lr=0.016 muon_momentum=0.1 bias_lr=1.2 head_lr=4100 tta_val_acc=0.9326
main hparams: muon_lr=0.072 muon_momentum=0.1 bias_lr=0.0016 head_lr=440 main=0.9179, best_cooldown=0.9332
muon_lr=0.016 muon_momentum=0.1 bias_lr=1.2 head_lr=4100 -> tta_val_acc=0.9332
muon_lr=0.016 muon_momentum=0.1 bias_lr=1.2 head_lr=1300 -> tta_val_acc=0.933
muon_lr=0.016 muon_momentum=0.1 bias_lr=1.2 head_lr=440 -> tta_val_acc=0.9326
muon_lr=0.016 muon_momentum=0.1 bias_lr=1.2 head_lr=150 -> tta_val_acc=0.9324
muon_lr=0.016 muon_momentum=0.1 bias_lr=1.2 head_lr=48 -> tta_val_acc=0.9321
muon_lr=0.016 muon_momentum=0.1 bias_lr=1.2 head_lr=12000 -> tta_val_acc=0.9293
search_path step=0 muon_lr=0.016 muon_momentum=0.1 bias_lr=1.2 head_lr=4100 tta_val_acc=0.9332
main hparams: muon_lr=0.072 muon_momentum=0.1 bias_lr=0.0016 head_lr=4100 main=0.9172, best_cooldown=0.9341
muon_lr=0.016 muon_momentum=0.1 bias_lr=1.2 head_lr=4100 -> tta_val_acc=0.9329
muon_lr=0.016 muon_momentum=0.1 bias_lr=1.2 head_lr=1300 -> tta_val_acc=0.934
muon_lr=0.016 muon_momentum=0.1 bias_lr=1.2 head_lr=440 -> tta_val_acc=0.9335
muon_lr=0.016 muon_momentum=0.1 bias_lr=1.2 head_lr=150 -> tta_val_acc=0.9335
muon_lr=0.016 muon_momentum=0.1 bias_lr=1.2 head_lr=48 -> tta_val_acc=0.9338
muon_lr=0.016 muon_momentum=0.1 bias_lr=1.2 head_lr=16 -> tta_val_acc=0.9339
muon_lr=0.016 muon_momentum=0.1 bias_lr=1.2 head_lr=5.2 -> tta_val_acc=0.9341
muon_lr=0.016 muon_momentum=0.1 bias_lr=1.2 head_lr=1.7 -> tta_val_acc=0.9337
muon_lr=0.016 muon_momentum=0.1 bias_lr=1.2 head_lr=0.57 -> tta_val_acc=0.9336
muon_lr=0.016 muon_momentum=0.1 bias_lr=1.2 head_lr=0.19 -> tta_val_acc=0.9339
muon_lr=0.016 muon_momentum=0.1 bias_lr=1.2 head_lr=0.062 -> tta_val_acc=0.9339
muon_lr=0.016 muon_momentum=0.1 bias_lr=1.2 head_lr=0.021 -> tta_val_acc=0.9338
muon_lr=0.016 muon_momentum=0.1 bias_lr=1.2 head_lr=0.0068 -> tta_val_acc=0.934
muon_lr=0.016 muon_momentum=0.1 bias_lr=1.2 head_lr=0.0022 -> tta_val_acc=0.9341
search_path step=0 muon_lr=0.016 muon_momentum=0.1 bias_lr=1.2 head_lr=4100 tta_val_acc=0.9329
search_path step=1 muon_lr=0.016 muon_momentum=0.1 bias_lr=1.2 head_lr=5.2 tta_val_acc=0.9341
main hparams: muon_lr=0.072 muon_momentum=0.1 bias_lr=0.0016 head_lr=12000 main=0.9095, best_cooldown=0.9321
muon_lr=0.016 muon_momentum=0.1 bias_lr=1.2 head_lr=4100 -> tta_val_acc=0.9321
muon_lr=0.016 muon_momentum=0.1 bias_lr=1.2 head_lr=1300 -> tta_val_acc=0.9318
muon_lr=0.016 muon_momentum=0.1 bias_lr=1.2 head_lr=440 -> tta_val_acc=0.9312
muon_lr=0.016 muon_momentum=0.1 bias_lr=1.2 head_lr=150 -> tta_val_acc=0.9319
muon_lr=0.016 muon_momentum=0.1 bias_lr=1.2 head_lr=48 -> tta_val_acc=0.9318
muon_lr=0.016 muon_momentum=0.1 bias_lr=1.2 head_lr=16 -> tta_val_acc=0.9315
muon_lr=0.016 muon_momentum=0.1 bias_lr=1.2 head_lr=5.2 -> tta_val_acc=0.9314
muon_lr=0.016 muon_momentum=0.1 bias_lr=1.2 head_lr=1.7 -> tta_val_acc=0.9315
muon_lr=0.016 muon_momentum=0.1 bias_lr=1.2 head_lr=12000 -> tta_val_acc=0.9308
search_path step=0 muon_lr=0.016 muon_momentum=0.1 bias_lr=1.2 head_lr=4100 tta_val_acc=0.9321
search_path step=0 muon_lr=0.072 muon_momentum=0.6 bias_lr=0.044 head_lr=1300 tta_val_acc=0.9324
search_path step=1 muon_lr=0.072 muon_momentum=0.1 bias_lr=0.044 head_lr=1300 tta_val_acc=0.9338
search_path step=2 muon_lr=0.072 muon_momentum=0.1 bias_lr=0.0016 head_lr=1300 tta_val_acc=0.9346
train_hparams run=0 interval=2 start_step=80 completed_steps=40 total_steps=200 muon_lr=0.072 muon_momentum=0.1 bias_lr=0.0016 head_lr=1300 muon_nesterov=False
train_loss run=0 interval=2 step=81 loss=1.08452
train_loss run=0 interval=2 step=82 loss=1.08581
train_loss run=0 interval=2 step=83 loss=1.08286
train_loss run=0 interval=2 step=84 loss=1.0781
train_loss run=0 interval=2 step=85 loss=1.08651
train_loss run=0 interval=2 step=86 loss=1.06183
train_loss run=0 interval=2 step=87 loss=1.06777
train_loss run=0 interval=2 step=88 loss=1.0758
train_loss run=0 interval=2 step=89 loss=1.05616
train_loss run=0 interval=2 step=90 loss=1.06778
train_loss run=0 interval=2 step=91 loss=1.06024
train_loss run=0 interval=2 step=92 loss=1.06958
train_loss run=0 interval=2 step=93 loss=1.06539
train_loss run=0 interval=2 step=94 loss=1.06641
train_loss run=0 interval=2 step=95 loss=1.07365
train_loss run=0 interval=2 step=96 loss=1.06229
train_loss run=0 interval=2 step=97 loss=1.06202
train_loss run=0 interval=2 step=98 loss=1.05989
train_loss run=0 interval=2 step=99 loss=1.07186
train_loss run=0 interval=2 step=100 loss=1.07132
train_loss run=0 interval=2 step=101 loss=1.03517
train_loss run=0 interval=2 step=102 loss=1.03208
train_loss run=0 interval=2 step=103 loss=1.03046
train_loss run=0 interval=2 step=104 loss=1.05029
train_loss run=0 interval=2 step=105 loss=1.0268
train_loss run=0 interval=2 step=106 loss=1.03946
train_loss run=0 interval=2 step=107 loss=1.03105
train_loss run=0 interval=2 step=108 loss=1.03776
train_loss run=0 interval=2 step=109 loss=1.04441
train_loss run=0 interval=2 step=110 loss=1.03359
train_loss run=0 interval=2 step=111 loss=1.0386
train_loss run=0 interval=2 step=112 loss=1.02467
train_loss run=0 interval=2 step=113 loss=1.05361
train_loss run=0 interval=2 step=114 loss=1.03213
train_loss run=0 interval=2 step=115 loss=1.02699
train_loss run=0 interval=2 step=116 loss=1.03468
train_loss run=0 interval=2 step=117 loss=1.02861
train_loss run=0 interval=2 step=118 loss=1.02698
train_loss run=0 interval=2 step=119 loss=1.03429
train_loss run=0 interval=2 step=120 loss=1.02887
interval_boundary_eval run=0 interval=2 step=120 total_steps=200 tta_val_acc=0.9176
main hparams: muon_lr=0.072 muon_momentum=0.1 bias_lr=0.0016 head_lr=1300 main=0.9196, best_cooldown=0.9363
muon_lr=0.016 muon_momentum=0.1 bias_lr=1.2 head_lr=4100 -> tta_val_acc=0.9355
muon_lr=0.0093 muon_momentum=0.1 bias_lr=1.2 head_lr=4100 -> tta_val_acc=0.9352
muon_lr=0.0056 muon_momentum=0.1 bias_lr=1.2 head_lr=4100 -> tta_val_acc=0.9339
muon_lr=0.026 muon_momentum=0.1 bias_lr=1.2 head_lr=4100 -> tta_val_acc=0.9344
muon_lr=0.016 muon_momentum=0.1 bias_lr=0.41 head_lr=4100 -> tta_val_acc=0.9355
muon_lr=0.016 muon_momentum=0.1 bias_lr=0.13 head_lr=4100 -> tta_val_acc=0.9354
muon_lr=0.016 muon_momentum=0.1 bias_lr=0.044 head_lr=4100 -> tta_val_acc=0.9355
muon_lr=0.016 muon_momentum=0.1 bias_lr=0.015 head_lr=4100 -> tta_val_acc=0.9354
muon_lr=0.016 muon_momentum=0.1 bias_lr=0.0048 head_lr=4100 -> tta_val_acc=0.9355
muon_lr=0.016 muon_momentum=0.1 bias_lr=0.0016 head_lr=4100 -> tta_val_acc=0.9352
muon_lr=0.016 muon_momentum=0.1 bias_lr=0.00053 head_lr=4100 -> tta_val_acc=0.9353
muon_lr=0.016 muon_momentum=0.1 bias_lr=3.7 head_lr=4100 -> tta_val_acc=0.9363
muon_lr=0.016 muon_momentum=0.1 bias_lr=11 head_lr=4100 -> tta_val_acc=0.9362
muon_lr=0.016 muon_momentum=0.1 bias_lr=34 head_lr=4100 -> tta_val_acc=0.936
muon_lr=0.016 muon_momentum=0.1 bias_lr=100 head_lr=4100 -> tta_val_acc=0.9345
muon_lr=0.0093 muon_momentum=0.1 bias_lr=3.7 head_lr=4100 -> tta_val_acc=0.9355
muon_lr=0.0056 muon_momentum=0.1 bias_lr=3.7 head_lr=4100 -> tta_val_acc=0.9342
muon_lr=0.026 muon_momentum=0.1 bias_lr=3.7 head_lr=4100 -> tta_val_acc=0.9349
muon_lr=0.016 muon_momentum=0.1 bias_lr=3.7 head_lr=1300 -> tta_val_acc=0.9361
muon_lr=0.016 muon_momentum=0.1 bias_lr=3.7 head_lr=440 -> tta_val_acc=0.9355
muon_lr=0.016 muon_momentum=0.1 bias_lr=3.7 head_lr=150 -> tta_val_acc=0.9357
muon_lr=0.016 muon_momentum=0.1 bias_lr=3.7 head_lr=48 -> tta_val_acc=0.9358
muon_lr=0.016 muon_momentum=0.1 bias_lr=3.7 head_lr=16 -> tta_val_acc=0.9358
muon_lr=0.016 muon_momentum=0.1 bias_lr=3.7 head_lr=5.2 -> tta_val_acc=0.9354
muon_lr=0.016 muon_momentum=0.1 bias_lr=3.7 head_lr=1.7 -> tta_val_acc=0.9355
muon_lr=0.016 muon_momentum=0.1 bias_lr=3.7 head_lr=12000 -> tta_val_acc=0.9335
search_path step=0 muon_lr=0.016 muon_momentum=0.1 bias_lr=1.2 head_lr=4100 tta_val_acc=0.9355
search_path step=1 muon_lr=0.016 muon_momentum=0.1 bias_lr=3.7 head_lr=4100 tta_val_acc=0.9363
main hparams: muon_lr=0.043 muon_momentum=0.1 bias_lr=0.0016 head_lr=1300 main=0.9284, best_cooldown=0.9363
muon_lr=0.016 muon_momentum=0.1 bias_lr=3.7 head_lr=4100 -> tta_val_acc=0.9363
muon_lr=0.0093 muon_momentum=0.1 bias_lr=3.7 head_lr=4100 -> tta_val_acc=0.9362
muon_lr=0.0056 muon_momentum=0.1 bias_lr=3.7 head_lr=4100 -> tta_val_acc=0.9356
muon_lr=0.0034 muon_momentum=0.1 bias_lr=3.7 head_lr=4100 -> tta_val_acc=0.9352
muon_lr=0.026 muon_momentum=0.1 bias_lr=3.7 head_lr=4100 -> tta_val_acc=0.9348
search_path step=0 muon_lr=0.016 muon_momentum=0.1 bias_lr=3.7 head_lr=4100 tta_val_acc=0.9363
main hparams: muon_lr=0.026 muon_momentum=0.1 bias_lr=0.0016 head_lr=1300 main=0.9323, best_cooldown=0.9376
muon_lr=0.016 muon_momentum=0.1 bias_lr=3.7 head_lr=4100 -> tta_val_acc=0.9367
muon_lr=0.0093 muon_momentum=0.1 bias_lr=3.7 head_lr=4100 -> tta_val_acc=0.9376
muon_lr=0.0056 muon_momentum=0.1 bias_lr=3.7 head_lr=4100 -> tta_val_acc=0.937
muon_lr=0.0034 muon_momentum=0.1 bias_lr=3.7 head_lr=4100 -> tta_val_acc=0.936
muon_lr=0.026 muon_momentum=0.1 bias_lr=3.7 head_lr=4100 -> tta_val_acc=0.9342
search_path step=0 muon_lr=0.016 muon_momentum=0.1 bias_lr=3.7 head_lr=4100 tta_val_acc=0.9367
search_path step=1 muon_lr=0.0093 muon_momentum=0.1 bias_lr=3.7 head_lr=4100 tta_val_acc=0.9376
main hparams: muon_lr=0.016 muon_momentum=0.1 bias_lr=0.0016 head_lr=1300 main=0.9338, best_cooldown=0.9366
muon_lr=0.016 muon_momentum=0.1 bias_lr=3.7 head_lr=4100 -> tta_val_acc=0.9366
muon_lr=0.0093 muon_momentum=0.1 bias_lr=3.7 head_lr=4100 -> tta_val_acc=0.9366
muon_lr=0.0056 muon_momentum=0.1 bias_lr=3.7 head_lr=4100 -> tta_val_acc=0.9365
muon_lr=0.0034 muon_momentum=0.1 bias_lr=3.7 head_lr=4100 -> tta_val_acc=0.9359
muon_lr=0.002 muon_momentum=0.1 bias_lr=3.7 head_lr=4100 -> tta_val_acc=0.9358
muon_lr=0.0012 muon_momentum=0.1 bias_lr=3.7 head_lr=4100 -> tta_val_acc=0.9359
muon_lr=0.00073 muon_momentum=0.1 bias_lr=3.7 head_lr=4100 -> tta_val_acc=0.9358
muon_lr=0.00044 muon_momentum=0.1 bias_lr=3.7 head_lr=4100 -> tta_val_acc=0.9358
muon_lr=0.026 muon_momentum=0.1 bias_lr=3.7 head_lr=4100 -> tta_val_acc=0.9356
muon_lr=0.043 muon_momentum=0.1 bias_lr=3.7 head_lr=4100 -> tta_val_acc=0.9303
search_path step=0 muon_lr=0.016 muon_momentum=0.1 bias_lr=3.7 head_lr=4100 tta_val_acc=0.9366
main hparams: muon_lr=0.0093 muon_momentum=0.1 bias_lr=0.0016 head_lr=1300 main=0.9341, best_cooldown=0.9361
muon_lr=0.016 muon_momentum=0.1 bias_lr=3.7 head_lr=4100 -> tta_val_acc=0.9361
muon_lr=0.0093 muon_momentum=0.1 bias_lr=3.7 head_lr=4100 -> tta_val_acc=0.9358
muon_lr=0.0056 muon_momentum=0.1 bias_lr=3.7 head_lr=4100 -> tta_val_acc=0.936
muon_lr=0.0034 muon_momentum=0.1 bias_lr=3.7 head_lr=4100 -> tta_val_acc=0.9352
muon_lr=0.002 muon_momentum=0.1 bias_lr=3.7 head_lr=4100 -> tta_val_acc=0.9352
muon_lr=0.0012 muon_momentum=0.1 bias_lr=3.7 head_lr=4100 -> tta_val_acc=0.9345
muon_lr=0.026 muon_momentum=0.1 bias_lr=3.7 head_lr=4100 -> tta_val_acc=0.9344
search_path step=0 muon_lr=0.016 muon_momentum=0.1 bias_lr=3.7 head_lr=4100 tta_val_acc=0.9361
main hparams: muon_lr=0.026 muon_momentum=0.1 bias_lr=0.0016 head_lr=1300 main=0.9323, best_cooldown=0.9376
muon_lr=0.016 muon_momentum=0.1 bias_lr=3.7 head_lr=4100 -> tta_val_acc=0.9367
muon_lr=0.0093 muon_momentum=0.1 bias_lr=3.7 head_lr=4100 -> tta_val_acc=0.9376
muon_lr=0.0056 muon_momentum=0.1 bias_lr=3.7 head_lr=4100 -> tta_val_acc=0.937
muon_lr=0.0034 muon_momentum=0.1 bias_lr=3.7 head_lr=4100 -> tta_val_acc=0.936
muon_lr=0.026 muon_momentum=0.1 bias_lr=3.7 head_lr=4100 -> tta_val_acc=0.9342
muon_lr=0.0093 muon_momentum=0.1 bias_lr=1.2 head_lr=4100 -> tta_val_acc=0.9375
muon_lr=0.0093 muon_momentum=0.1 bias_lr=0.41 head_lr=4100 -> tta_val_acc=0.9376
muon_lr=0.0093 muon_momentum=0.1 bias_lr=0.13 head_lr=4100 -> tta_val_acc=0.9375
muon_lr=0.0093 muon_momentum=0.1 bias_lr=0.044 head_lr=4100 -> tta_val_acc=0.9374
muon_lr=0.0093 muon_momentum=0.1 bias_lr=0.015 head_lr=4100 -> tta_val_acc=0.9374
muon_lr=0.0093 muon_momentum=0.1 bias_lr=0.0048 head_lr=4100 -> tta_val_acc=0.9373
muon_lr=0.0093 muon_momentum=0.1 bias_lr=0.0016 head_lr=4100 -> tta_val_acc=0.9373
muon_lr=0.0093 muon_momentum=0.1 bias_lr=11 head_lr=4100 -> tta_val_acc=0.937
muon_lr=0.0093 muon_momentum=0.1 bias_lr=34 head_lr=4100 -> tta_val_acc=0.9364
muon_lr=0.0093 muon_momentum=0.1 bias_lr=3.7 head_lr=1300 -> tta_val_acc=0.9368
muon_lr=0.0093 muon_momentum=0.1 bias_lr=3.7 head_lr=440 -> tta_val_acc=0.9367
muon_lr=0.0093 muon_momentum=0.1 bias_lr=3.7 head_lr=150 -> tta_val_acc=0.9368
muon_lr=0.0093 muon_momentum=0.1 bias_lr=3.7 head_lr=48 -> tta_val_acc=0.9369
muon_lr=0.0093 muon_momentum=0.1 bias_lr=3.7 head_lr=16 -> tta_val_acc=0.9369
muon_lr=0.0093 muon_momentum=0.1 bias_lr=3.7 head_lr=5.2 -> tta_val_acc=0.937
muon_lr=0.0093 muon_momentum=0.1 bias_lr=3.7 head_lr=1.7 -> tta_val_acc=0.937
muon_lr=0.0093 muon_momentum=0.1 bias_lr=3.7 head_lr=12000 -> tta_val_acc=0.9356
search_path step=0 muon_lr=0.0093 muon_momentum=0.1 bias_lr=3.7 head_lr=4100 tta_val_acc=0.9376
main hparams: muon_lr=0.026 muon_momentum=0 bias_lr=0.0016 head_lr=1300 main=0.9327, best_cooldown=0.9373
muon_lr=0.0093 muon_momentum=0 bias_lr=3.7 head_lr=4100 -> tta_val_acc=0.9373
muon_lr=0.0056 muon_momentum=0 bias_lr=3.7 head_lr=4100 -> tta_val_acc=0.9363
muon_lr=0.0034 muon_momentum=0 bias_lr=3.7 head_lr=4100 -> tta_val_acc=0.9361
muon_lr=0.016 muon_momentum=0 bias_lr=3.7 head_lr=4100 -> tta_val_acc=0.937
muon_lr=0.026 muon_momentum=0 bias_lr=3.7 head_lr=4100 -> tta_val_acc=0.9346
search_path step=0 muon_lr=0.0093 muon_momentum=0 bias_lr=3.7 head_lr=4100 tta_val_acc=0.9373
main hparams: muon_lr=0.026 muon_momentum=0.2 bias_lr=0.0016 head_lr=1300 main=0.9315, best_cooldown=0.9377
muon_lr=0.0093 muon_momentum=0.2 bias_lr=3.7 head_lr=4100 -> tta_val_acc=0.9377
muon_lr=0.0056 muon_momentum=0.2 bias_lr=3.7 head_lr=4100 -> tta_val_acc=0.9367
muon_lr=0.0034 muon_momentum=0.2 bias_lr=3.7 head_lr=4100 -> tta_val_acc=0.9357
muon_lr=0.016 muon_momentum=0.2 bias_lr=3.7 head_lr=4100 -> tta_val_acc=0.9368
muon_lr=0.026 muon_momentum=0.2 bias_lr=3.7 head_lr=4100 -> tta_val_acc=0.934
search_path step=0 muon_lr=0.0093 muon_momentum=0.2 bias_lr=3.7 head_lr=4100 tta_val_acc=0.9377
main hparams: muon_lr=0.026 muon_momentum=0.3 bias_lr=0.0016 head_lr=1300 main=0.9315, best_cooldown=0.9369
muon_lr=0.0093 muon_momentum=0.3 bias_lr=3.7 head_lr=4100 -> tta_val_acc=0.9369
muon_lr=0.0056 muon_momentum=0.3 bias_lr=3.7 head_lr=4100 -> tta_val_acc=0.9362
muon_lr=0.0034 muon_momentum=0.3 bias_lr=3.7 head_lr=4100 -> tta_val_acc=0.9362
muon_lr=0.002 muon_momentum=0.3 bias_lr=3.7 head_lr=4100 -> tta_val_acc=0.9353
muon_lr=0.016 muon_momentum=0.3 bias_lr=3.7 head_lr=4100 -> tta_val_acc=0.936
muon_lr=0.026 muon_momentum=0.3 bias_lr=3.7 head_lr=4100 -> tta_val_acc=0.9335
search_path step=0 muon_lr=0.0093 muon_momentum=0.3 bias_lr=3.7 head_lr=4100 tta_val_acc=0.9369
main hparams: muon_lr=0.026 muon_momentum=0.4 bias_lr=0.0016 head_lr=1300 main=0.9319, best_cooldown=0.937
muon_lr=0.0093 muon_momentum=0.4 bias_lr=3.7 head_lr=4100 -> tta_val_acc=0.9366
muon_lr=0.0056 muon_momentum=0.4 bias_lr=3.7 head_lr=4100 -> tta_val_acc=0.9368
muon_lr=0.0034 muon_momentum=0.4 bias_lr=3.7 head_lr=4100 -> tta_val_acc=0.937
muon_lr=0.002 muon_momentum=0.4 bias_lr=3.7 head_lr=4100 -> tta_val_acc=0.9363
muon_lr=0.0012 muon_momentum=0.4 bias_lr=3.7 head_lr=4100 -> tta_val_acc=0.9356
muon_lr=0.016 muon_momentum=0.4 bias_lr=3.7 head_lr=4100 -> tta_val_acc=0.9356
search_path step=0 muon_lr=0.0093 muon_momentum=0.4 bias_lr=3.7 head_lr=4100 tta_val_acc=0.9366
search_path step=1 muon_lr=0.0034 muon_momentum=0.4 bias_lr=3.7 head_lr=4100 tta_val_acc=0.937
main hparams: muon_lr=0.026 muon_momentum=0.5 bias_lr=0.0016 head_lr=1300 main=0.9313, best_cooldown=0.9374
muon_lr=0.0093 muon_momentum=0.5 bias_lr=3.7 head_lr=4100 -> tta_val_acc=0.9367
muon_lr=0.0056 muon_momentum=0.5 bias_lr=3.7 head_lr=4100 -> tta_val_acc=0.9374
muon_lr=0.0034 muon_momentum=0.5 bias_lr=3.7 head_lr=4100 -> tta_val_acc=0.9367
muon_lr=0.002 muon_momentum=0.5 bias_lr=3.7 head_lr=4100 -> tta_val_acc=0.9361
muon_lr=0.016 muon_momentum=0.5 bias_lr=3.7 head_lr=4100 -> tta_val_acc=0.9352
search_path step=0 muon_lr=0.0093 muon_momentum=0.5 bias_lr=3.7 head_lr=4100 tta_val_acc=0.9367
search_path step=1 muon_lr=0.0056 muon_momentum=0.5 bias_lr=3.7 head_lr=4100 tta_val_acc=0.9374
main hparams: muon_lr=0.026 muon_momentum=0.6 bias_lr=0.0016 head_lr=1300 main=0.9314, best_cooldown=0.9373
muon_lr=0.0093 muon_momentum=0.6 bias_lr=3.7 head_lr=4100 -> tta_val_acc=0.9362
muon_lr=0.0056 muon_momentum=0.6 bias_lr=3.7 head_lr=4100 -> tta_val_acc=0.9366
muon_lr=0.0034 muon_momentum=0.6 bias_lr=3.7 head_lr=4100 -> tta_val_acc=0.9373
muon_lr=0.002 muon_momentum=0.6 bias_lr=3.7 head_lr=4100 -> tta_val_acc=0.9366
muon_lr=0.0012 muon_momentum=0.6 bias_lr=3.7 head_lr=4100 -> tta_val_acc=0.9357
search_path step=0 muon_lr=0.0093 muon_momentum=0.6 bias_lr=3.7 head_lr=4100 tta_val_acc=0.9362
search_path step=1 muon_lr=0.0034 muon_momentum=0.6 bias_lr=3.7 head_lr=4100 tta_val_acc=0.9373
main hparams: muon_lr=0.026 muon_momentum=0.7 bias_lr=0.0016 head_lr=1300 main=0.9313, best_cooldown=0.9368
muon_lr=0.0093 muon_momentum=0.7 bias_lr=3.7 head_lr=4100 -> tta_val_acc=0.9362
muon_lr=0.0056 muon_momentum=0.7 bias_lr=3.7 head_lr=4100 -> tta_val_acc=0.9368
muon_lr=0.0034 muon_momentum=0.7 bias_lr=3.7 head_lr=4100 -> tta_val_acc=0.9367
muon_lr=0.002 muon_momentum=0.7 bias_lr=3.7 head_lr=4100 -> tta_val_acc=0.9355
muon_lr=0.016 muon_momentum=0.7 bias_lr=3.7 head_lr=4100 -> tta_val_acc=0.9329
search_path step=0 muon_lr=0.0093 muon_momentum=0.7 bias_lr=3.7 head_lr=4100 tta_val_acc=0.9362
search_path step=1 muon_lr=0.0056 muon_momentum=0.7 bias_lr=3.7 head_lr=4100 tta_val_acc=0.9368
main hparams: muon_lr=0.026 muon_momentum=0.8 bias_lr=0.0016 head_lr=1300 main=0.9287, best_cooldown=0.9371
muon_lr=0.0093 muon_momentum=0.8 bias_lr=3.7 head_lr=4100 -> tta_val_acc=0.9359
muon_lr=0.0056 muon_momentum=0.8 bias_lr=3.7 head_lr=4100 -> tta_val_acc=0.9371
muon_lr=0.0034 muon_momentum=0.8 bias_lr=3.7 head_lr=4100 -> tta_val_acc=0.9358
search_path step=0 muon_lr=0.0093 muon_momentum=0.8 bias_lr=3.7 head_lr=4100 tta_val_acc=0.9359
search_path step=1 muon_lr=0.0056 muon_momentum=0.8 bias_lr=3.7 head_lr=4100 tta_val_acc=0.9371
main hparams: muon_lr=0.026 muon_momentum=0.9 bias_lr=0.0016 head_lr=1300 main=0.9229, best_cooldown=0.9367
muon_lr=0.0093 muon_momentum=0.9 bias_lr=3.7 head_lr=4100 -> tta_val_acc=0.9367
muon_lr=0.0056 muon_momentum=0.9 bias_lr=3.7 head_lr=4100 -> tta_val_acc=0.9357
muon_lr=0.0034 muon_momentum=0.9 bias_lr=3.7 head_lr=4100 -> tta_val_acc=0.9337
muon_lr=0.016 muon_momentum=0.9 bias_lr=3.7 head_lr=4100 -> tta_val_acc=0.9328
search_path step=0 muon_lr=0.0093 muon_momentum=0.9 bias_lr=3.7 head_lr=4100 tta_val_acc=0.9367
main hparams: muon_lr=0.026 muon_momentum=0.95 bias_lr=0.0016 head_lr=1300 main=0.9172, best_cooldown=0.9335
muon_lr=0.0093 muon_momentum=0.95 bias_lr=3.7 head_lr=4100 -> tta_val_acc=0.9335
muon_lr=0.0056 muon_momentum=0.95 bias_lr=3.7 head_lr=4100 -> tta_val_acc=0.9322
muon_lr=0.016 muon_momentum=0.95 bias_lr=3.7 head_lr=4100 -> tta_val_acc=0.9319
search_path step=0 muon_lr=0.0093 muon_momentum=0.95 bias_lr=3.7 head_lr=4100 tta_val_acc=0.9335
main hparams: muon_lr=0.026 muon_momentum=0.2 bias_lr=0.0016 head_lr=1300 main=0.9315, best_cooldown=0.9377
muon_lr=0.0093 muon_momentum=0.2 bias_lr=3.7 head_lr=4100 -> tta_val_acc=0.9377
muon_lr=0.0056 muon_momentum=0.2 bias_lr=3.7 head_lr=4100 -> tta_val_acc=0.9367
muon_lr=0.0034 muon_momentum=0.2 bias_lr=3.7 head_lr=4100 -> tta_val_acc=0.9357
muon_lr=0.016 muon_momentum=0.2 bias_lr=3.7 head_lr=4100 -> tta_val_acc=0.9368
muon_lr=0.026 muon_momentum=0.2 bias_lr=3.7 head_lr=4100 -> tta_val_acc=0.934
muon_lr=0.0093 muon_momentum=0.2 bias_lr=1.2 head_lr=4100 -> tta_val_acc=0.9376
muon_lr=0.0093 muon_momentum=0.2 bias_lr=0.41 head_lr=4100 -> tta_val_acc=0.9377
muon_lr=0.0093 muon_momentum=0.2 bias_lr=0.13 head_lr=4100 -> tta_val_acc=0.9376
muon_lr=0.0093 muon_momentum=0.2 bias_lr=0.044 head_lr=4100 -> tta_val_acc=0.9376
muon_lr=0.0093 muon_momentum=0.2 bias_lr=0.015 head_lr=4100 -> tta_val_acc=0.9375
muon_lr=0.0093 muon_momentum=0.2 bias_lr=0.0048 head_lr=4100 -> tta_val_acc=0.9376
muon_lr=0.0093 muon_momentum=0.2 bias_lr=0.0016 head_lr=4100 -> tta_val_acc=0.9376
muon_lr=0.0093 muon_momentum=0.2 bias_lr=11 head_lr=4100 -> tta_val_acc=0.9376
muon_lr=0.0093 muon_momentum=0.2 bias_lr=34 head_lr=4100 -> tta_val_acc=0.9358
muon_lr=0.0093 muon_momentum=0.2 bias_lr=3.7 head_lr=1300 -> tta_val_acc=0.9369
muon_lr=0.0093 muon_momentum=0.2 bias_lr=3.7 head_lr=440 -> tta_val_acc=0.9369
muon_lr=0.0093 muon_momentum=0.2 bias_lr=3.7 head_lr=150 -> tta_val_acc=0.937
muon_lr=0.0093 muon_momentum=0.2 bias_lr=3.7 head_lr=48 -> tta_val_acc=0.9368
muon_lr=0.0093 muon_momentum=0.2 bias_lr=3.7 head_lr=16 -> tta_val_acc=0.9368
muon_lr=0.0093 muon_momentum=0.2 bias_lr=3.7 head_lr=5.2 -> tta_val_acc=0.9371
muon_lr=0.0093 muon_momentum=0.2 bias_lr=3.7 head_lr=1.7 -> tta_val_acc=0.9371
muon_lr=0.0093 muon_momentum=0.2 bias_lr=3.7 head_lr=12000 -> tta_val_acc=0.9352
search_path step=0 muon_lr=0.0093 muon_momentum=0.2 bias_lr=3.7 head_lr=4100 tta_val_acc=0.9377
main hparams: muon_lr=0.016 muon_momentum=0.2 bias_lr=0.0016 head_lr=1300 main=0.9334, best_cooldown=0.9371
muon_lr=0.0093 muon_momentum=0.2 bias_lr=3.7 head_lr=4100 -> tta_val_acc=0.9371
muon_lr=0.0056 muon_momentum=0.2 bias_lr=3.7 head_lr=4100 -> tta_val_acc=0.9366
muon_lr=0.0034 muon_momentum=0.2 bias_lr=3.7 head_lr=4100 -> tta_val_acc=0.9362
muon_lr=0.002 muon_momentum=0.2 bias_lr=3.7 head_lr=4100 -> tta_val_acc=0.9358
muon_lr=0.016 muon_momentum=0.2 bias_lr=3.7 head_lr=4100 -> tta_val_acc=0.9362
muon_lr=0.026 muon_momentum=0.2 bias_lr=3.7 head_lr=4100 -> tta_val_acc=0.9344
search_path step=0 muon_lr=0.0093 muon_momentum=0.2 bias_lr=3.7 head_lr=4100 tta_val_acc=0.9371
main hparams: muon_lr=0.0093 muon_momentum=0.2 bias_lr=0.0016 head_lr=1300 main=0.9341, best_cooldown=0.9365
muon_lr=0.0093 muon_momentum=0.2 bias_lr=3.7 head_lr=4100 -> tta_val_acc=0.9365
muon_lr=0.0056 muon_momentum=0.2 bias_lr=3.7 head_lr=4100 -> tta_val_acc=0.9365
muon_lr=0.0034 muon_momentum=0.2 bias_lr=3.7 head_lr=4100 -> tta_val_acc=0.9356
muon_lr=0.002 muon_momentum=0.2 bias_lr=3.7 head_lr=4100 -> tta_val_acc=0.9356
muon_lr=0.0012 muon_momentum=0.2 bias_lr=3.7 head_lr=4100 -> tta_val_acc=0.935
muon_lr=0.016 muon_momentum=0.2 bias_lr=3.7 head_lr=4100 -> tta_val_acc=0.936
muon_lr=0.026 muon_momentum=0.2 bias_lr=3.7 head_lr=4100 -> tta_val_acc=0.9344
search_path step=0 muon_lr=0.0093 muon_momentum=0.2 bias_lr=3.7 head_lr=4100 tta_val_acc=0.9365
main hparams: muon_lr=0.043 muon_momentum=0.2 bias_lr=0.0016 head_lr=1300 main=0.9281, best_cooldown=0.9356
muon_lr=0.0093 muon_momentum=0.2 bias_lr=3.7 head_lr=4100 -> tta_val_acc=0.935
muon_lr=0.0056 muon_momentum=0.2 bias_lr=3.7 head_lr=4100 -> tta_val_acc=0.9355
muon_lr=0.0034 muon_momentum=0.2 bias_lr=3.7 head_lr=4100 -> tta_val_acc=0.9351
muon_lr=0.002 muon_momentum=0.2 bias_lr=3.7 head_lr=4100 -> tta_val_acc=0.9354
muon_lr=0.0012 muon_momentum=0.2 bias_lr=3.7 head_lr=4100 -> tta_val_acc=0.9356
muon_lr=0.00073 muon_momentum=0.2 bias_lr=3.7 head_lr=4100 -> tta_val_acc=0.9352
muon_lr=0.00044 muon_momentum=0.2 bias_lr=3.7 head_lr=4100 -> tta_val_acc=0.934
muon_lr=0.016 muon_momentum=0.2 bias_lr=3.7 head_lr=4100 -> tta_val_acc=0.9352
muon_lr=0.026 muon_momentum=0.2 bias_lr=3.7 head_lr=4100 -> tta_val_acc=0.9325
search_path step=0 muon_lr=0.0093 muon_momentum=0.2 bias_lr=3.7 head_lr=4100 tta_val_acc=0.935
search_path step=1 muon_lr=0.0012 muon_momentum=0.2 bias_lr=3.7 head_lr=4100 tta_val_acc=0.9356
main hparams: muon_lr=0.026 muon_momentum=0.2 bias_lr=0.00053 head_lr=1300 main=0.9315, best_cooldown=0.9374
muon_lr=0.0093 muon_momentum=0.2 bias_lr=3.7 head_lr=4100 -> tta_val_acc=0.9372
muon_lr=0.0093 muon_momentum=0.2 bias_lr=1.2 head_lr=4100 -> tta_val_acc=0.937
muon_lr=0.0093 muon_momentum=0.2 bias_lr=0.41 head_lr=4100 -> tta_val_acc=0.9374
muon_lr=0.0093 muon_momentum=0.2 bias_lr=0.13 head_lr=4100 -> tta_val_acc=0.9372
muon_lr=0.0093 muon_momentum=0.2 bias_lr=0.044 head_lr=4100 -> tta_val_acc=0.9371
muon_lr=0.0093 muon_momentum=0.2 bias_lr=0.015 head_lr=4100 -> tta_val_acc=0.9373
muon_lr=0.0093 muon_momentum=0.2 bias_lr=0.0048 head_lr=4100 -> tta_val_acc=0.9373
muon_lr=0.0093 muon_momentum=0.2 bias_lr=0.0016 head_lr=4100 -> tta_val_acc=0.9374
muon_lr=0.0093 muon_momentum=0.2 bias_lr=0.00053 head_lr=4100 -> tta_val_acc=0.9373
muon_lr=0.0093 muon_momentum=0.2 bias_lr=0.00017 head_lr=4100 -> tta_val_acc=0.9372
muon_lr=0.0093 muon_momentum=0.2 bias_lr=11 head_lr=4100 -> tta_val_acc=0.9373
muon_lr=0.0093 muon_momentum=0.2 bias_lr=34 head_lr=4100 -> tta_val_acc=0.9362
search_path step=0 muon_lr=0.0093 muon_momentum=0.2 bias_lr=3.7 head_lr=4100 tta_val_acc=0.9372
search_path step=1 muon_lr=0.0093 muon_momentum=0.2 bias_lr=0.41 head_lr=4100 tta_val_acc=0.9374
main hparams: muon_lr=0.026 muon_momentum=0.2 bias_lr=0.00017 head_lr=1300 main=0.9315, best_cooldown=0.9381
muon_lr=0.0093 muon_momentum=0.2 bias_lr=3.7 head_lr=4100 -> tta_val_acc=0.9381
muon_lr=0.0093 muon_momentum=0.2 bias_lr=1.2 head_lr=4100 -> tta_val_acc=0.9375
muon_lr=0.0093 muon_momentum=0.2 bias_lr=0.41 head_lr=4100 -> tta_val_acc=0.9372
muon_lr=0.0093 muon_momentum=0.2 bias_lr=0.13 head_lr=4100 -> tta_val_acc=0.937
muon_lr=0.0093 muon_momentum=0.2 bias_lr=11 head_lr=4100 -> tta_val_acc=0.9377
muon_lr=0.0093 muon_momentum=0.2 bias_lr=34 head_lr=4100 -> tta_val_acc=0.936
search_path step=0 muon_lr=0.0093 muon_momentum=0.2 bias_lr=3.7 head_lr=4100 tta_val_acc=0.9381
main hparams: muon_lr=0.026 muon_momentum=0.2 bias_lr=5.7e-05 head_lr=1300 main=0.9311, best_cooldown=0.9376
muon_lr=0.0093 muon_momentum=0.2 bias_lr=3.7 head_lr=4100 -> tta_val_acc=0.937
muon_lr=0.0093 muon_momentum=0.2 bias_lr=1.2 head_lr=4100 -> tta_val_acc=0.9373
muon_lr=0.0093 muon_momentum=0.2 bias_lr=0.41 head_lr=4100 -> tta_val_acc=0.9371
muon_lr=0.0093 muon_momentum=0.2 bias_lr=0.13 head_lr=4100 -> tta_val_acc=0.9374
muon_lr=0.0093 muon_momentum=0.2 bias_lr=0.044 head_lr=4100 -> tta_val_acc=0.9374
muon_lr=0.0093 muon_momentum=0.2 bias_lr=0.015 head_lr=4100 -> tta_val_acc=0.9371
muon_lr=0.0093 muon_momentum=0.2 bias_lr=0.0048 head_lr=4100 -> tta_val_acc=0.9376
muon_lr=0.0093 muon_momentum=0.2 bias_lr=0.0016 head_lr=4100 -> tta_val_acc=0.9371
muon_lr=0.0093 muon_momentum=0.2 bias_lr=0.00053 head_lr=4100 -> tta_val_acc=0.9374
muon_lr=0.0093 muon_momentum=0.2 bias_lr=0.00017 head_lr=4100 -> tta_val_acc=0.9374
muon_lr=0.0093 muon_momentum=0.2 bias_lr=5.7e-05 head_lr=4100 -> tta_val_acc=0.9372
muon_lr=0.0093 muon_momentum=0.2 bias_lr=1.9e-05 head_lr=4100 -> tta_val_acc=0.9371
muon_lr=0.0093 muon_momentum=0.2 bias_lr=6.2e-06 head_lr=4100 -> tta_val_acc=0.9374
muon_lr=0.0093 muon_momentum=0.2 bias_lr=2.1e-06 head_lr=4100 -> tta_val_acc=0.9373
muon_lr=0.0093 muon_momentum=0.2 bias_lr=11 head_lr=4100 -> tta_val_acc=0.9375
muon_lr=0.0093 muon_momentum=0.2 bias_lr=34 head_lr=4100 -> tta_val_acc=0.936
search_path step=0 muon_lr=0.0093 muon_momentum=0.2 bias_lr=3.7 head_lr=4100 tta_val_acc=0.937
search_path step=1 muon_lr=0.0093 muon_momentum=0.2 bias_lr=0.0048 head_lr=4100 tta_val_acc=0.9376
main hparams: muon_lr=0.026 muon_momentum=0.2 bias_lr=1.9e-05 head_lr=1300 main=0.9315, best_cooldown=0.9377
muon_lr=0.0093 muon_momentum=0.2 bias_lr=3.7 head_lr=4100 -> tta_val_acc=0.9376
muon_lr=0.0093 muon_momentum=0.2 bias_lr=1.2 head_lr=4100 -> tta_val_acc=0.9372
muon_lr=0.0093 muon_momentum=0.2 bias_lr=0.41 head_lr=4100 -> tta_val_acc=0.9371
muon_lr=0.0093 muon_momentum=0.2 bias_lr=0.13 head_lr=4100 -> tta_val_acc=0.9369
muon_lr=0.0093 muon_momentum=0.2 bias_lr=0.044 head_lr=4100 -> tta_val_acc=0.9371
muon_lr=0.0093 muon_momentum=0.2 bias_lr=0.015 head_lr=4100 -> tta_val_acc=0.9372
muon_lr=0.0093 muon_momentum=0.2 bias_lr=0.0048 head_lr=4100 -> tta_val_acc=0.937
muon_lr=0.0093 muon_momentum=0.2 bias_lr=0.0016 head_lr=4100 -> tta_val_acc=0.9371
muon_lr=0.0093 muon_momentum=0.2 bias_lr=11 head_lr=4100 -> tta_val_acc=0.9377
muon_lr=0.0093 muon_momentum=0.2 bias_lr=34 head_lr=4100 -> tta_val_acc=0.936
search_path step=0 muon_lr=0.0093 muon_momentum=0.2 bias_lr=3.7 head_lr=4100 tta_val_acc=0.9376
search_path step=1 muon_lr=0.0093 muon_momentum=0.2 bias_lr=11 head_lr=4100 tta_val_acc=0.9377
main hparams: muon_lr=0.026 muon_momentum=0.2 bias_lr=6.2e-06 head_lr=1300 main=0.9315, best_cooldown=0.9377
muon_lr=0.0093 muon_momentum=0.2 bias_lr=3.7 head_lr=4100 -> tta_val_acc=0.9374
muon_lr=0.0093 muon_momentum=0.2 bias_lr=1.2 head_lr=4100 -> tta_val_acc=0.9373
muon_lr=0.0093 muon_momentum=0.2 bias_lr=0.41 head_lr=4100 -> tta_val_acc=0.9371
muon_lr=0.0093 muon_momentum=0.2 bias_lr=0.13 head_lr=4100 -> tta_val_acc=0.9373
muon_lr=0.0093 muon_momentum=0.2 bias_lr=0.044 head_lr=4100 -> tta_val_acc=0.9371
muon_lr=0.0093 muon_momentum=0.2 bias_lr=0.015 head_lr=4100 -> tta_val_acc=0.9373
muon_lr=0.0093 muon_momentum=0.2 bias_lr=0.0048 head_lr=4100 -> tta_val_acc=0.9372
muon_lr=0.0093 muon_momentum=0.2 bias_lr=0.0016 head_lr=4100 -> tta_val_acc=0.9372
muon_lr=0.0093 muon_momentum=0.2 bias_lr=11 head_lr=4100 -> tta_val_acc=0.9377
muon_lr=0.0093 muon_momentum=0.2 bias_lr=34 head_lr=4100 -> tta_val_acc=0.936
search_path step=0 muon_lr=0.0093 muon_momentum=0.2 bias_lr=3.7 head_lr=4100 tta_val_acc=0.9374
search_path step=1 muon_lr=0.0093 muon_momentum=0.2 bias_lr=11 head_lr=4100 tta_val_acc=0.9377
main hparams: muon_lr=0.026 muon_momentum=0.2 bias_lr=2.1e-06 head_lr=1300 main=0.9313, best_cooldown=0.9376
muon_lr=0.0093 muon_momentum=0.2 bias_lr=3.7 head_lr=4100 -> tta_val_acc=0.9374
muon_lr=0.0093 muon_momentum=0.2 bias_lr=1.2 head_lr=4100 -> tta_val_acc=0.9371
muon_lr=0.0093 muon_momentum=0.2 bias_lr=0.41 head_lr=4100 -> tta_val_acc=0.9373
muon_lr=0.0093 muon_momentum=0.2 bias_lr=0.13 head_lr=4100 -> tta_val_acc=0.9372
muon_lr=0.0093 muon_momentum=0.2 bias_lr=0.044 head_lr=4100 -> tta_val_acc=0.9373
muon_lr=0.0093 muon_momentum=0.2 bias_lr=0.015 head_lr=4100 -> tta_val_acc=0.9376
muon_lr=0.0093 muon_momentum=0.2 bias_lr=0.0048 head_lr=4100 -> tta_val_acc=0.9374
muon_lr=0.0093 muon_momentum=0.2 bias_lr=0.0016 head_lr=4100 -> tta_val_acc=0.9371
muon_lr=0.0093 muon_momentum=0.2 bias_lr=0.00053 head_lr=4100 -> tta_val_acc=0.9373
muon_lr=0.0093 muon_momentum=0.2 bias_lr=0.00017 head_lr=4100 -> tta_val_acc=0.9373
muon_lr=0.0093 muon_momentum=0.2 bias_lr=5.7e-05 head_lr=4100 -> tta_val_acc=0.9372
muon_lr=0.0093 muon_momentum=0.2 bias_lr=1.9e-05 head_lr=4100 -> tta_val_acc=0.9374
muon_lr=0.0093 muon_momentum=0.2 bias_lr=6.2e-06 head_lr=4100 -> tta_val_acc=0.9376
muon_lr=0.0093 muon_momentum=0.2 bias_lr=11 head_lr=4100 -> tta_val_acc=0.9373
muon_lr=0.0093 muon_momentum=0.2 bias_lr=34 head_lr=4100 -> tta_val_acc=0.936
search_path step=0 muon_lr=0.0093 muon_momentum=0.2 bias_lr=3.7 head_lr=4100 tta_val_acc=0.9374
search_path step=1 muon_lr=0.0093 muon_momentum=0.2 bias_lr=0.015 head_lr=4100 tta_val_acc=0.9376
main hparams: muon_lr=0.026 muon_momentum=0.2 bias_lr=6.8e-07 head_lr=1300 main=0.9312, best_cooldown=0.9377
muon_lr=0.0093 muon_momentum=0.2 bias_lr=3.7 head_lr=4100 -> tta_val_acc=0.9374
muon_lr=0.0093 muon_momentum=0.2 bias_lr=1.2 head_lr=4100 -> tta_val_acc=0.9377
muon_lr=0.0093 muon_momentum=0.2 bias_lr=0.41 head_lr=4100 -> tta_val_acc=0.9375
muon_lr=0.0093 muon_momentum=0.2 bias_lr=0.13 head_lr=4100 -> tta_val_acc=0.9376
muon_lr=0.0093 muon_momentum=0.2 bias_lr=0.044 head_lr=4100 -> tta_val_acc=0.9374
muon_lr=0.0093 muon_momentum=0.2 bias_lr=0.015 head_lr=4100 -> tta_val_acc=0.9374
muon_lr=0.0093 muon_momentum=0.2 bias_lr=0.0048 head_lr=4100 -> tta_val_acc=0.9373
muon_lr=0.0093 muon_momentum=0.2 bias_lr=0.0016 head_lr=4100 -> tta_val_acc=0.9374
muon_lr=0.0093 muon_momentum=0.2 bias_lr=0.00053 head_lr=4100 -> tta_val_acc=0.9374
muon_lr=0.0093 muon_momentum=0.2 bias_lr=11 head_lr=4100 -> tta_val_acc=0.9374
muon_lr=0.0093 muon_momentum=0.2 bias_lr=34 head_lr=4100 -> tta_val_acc=0.9357
search_path step=0 muon_lr=0.0093 muon_momentum=0.2 bias_lr=3.7 head_lr=4100 tta_val_acc=0.9374
search_path step=1 muon_lr=0.0093 muon_momentum=0.2 bias_lr=1.2 head_lr=4100 tta_val_acc=0.9377
main hparams: muon_lr=0.026 muon_momentum=0.2 bias_lr=2.2e-07 head_lr=1300 main=0.9313, best_cooldown=0.9373
muon_lr=0.0093 muon_momentum=0.2 bias_lr=3.7 head_lr=4100 -> tta_val_acc=0.9371
muon_lr=0.0093 muon_momentum=0.2 bias_lr=1.2 head_lr=4100 -> tta_val_acc=0.937
muon_lr=0.0093 muon_momentum=0.2 bias_lr=0.41 head_lr=4100 -> tta_val_acc=0.9373
muon_lr=0.0093 muon_momentum=0.2 bias_lr=0.13 head_lr=4100 -> tta_val_acc=0.9371
muon_lr=0.0093 muon_momentum=0.2 bias_lr=0.044 head_lr=4100 -> tta_val_acc=0.9371
muon_lr=0.0093 muon_momentum=0.2 bias_lr=0.015 head_lr=4100 -> tta_val_acc=0.9372
muon_lr=0.0093 muon_momentum=0.2 bias_lr=0.0048 head_lr=4100 -> tta_val_acc=0.937
muon_lr=0.0093 muon_momentum=0.2 bias_lr=0.0016 head_lr=4100 -> tta_val_acc=0.9371
muon_lr=0.0093 muon_momentum=0.2 bias_lr=0.00053 head_lr=4100 -> tta_val_acc=0.9368
muon_lr=0.0093 muon_momentum=0.2 bias_lr=0.00017 head_lr=4100 -> tta_val_acc=0.9373
muon_lr=0.0093 muon_momentum=0.2 bias_lr=11 head_lr=4100 -> tta_val_acc=0.9368
muon_lr=0.0093 muon_momentum=0.2 bias_lr=34 head_lr=4100 -> tta_val_acc=0.9355
search_path step=0 muon_lr=0.0093 muon_momentum=0.2 bias_lr=3.7 head_lr=4100 tta_val_acc=0.9371
search_path step=1 muon_lr=0.0093 muon_momentum=0.2 bias_lr=0.41 head_lr=4100 tta_val_acc=0.9373
main hparams: muon_lr=0.026 muon_momentum=0.2 bias_lr=7.4e-08 head_lr=1300 main=0.9314, best_cooldown=0.9381
muon_lr=0.0093 muon_momentum=0.2 bias_lr=3.7 head_lr=4100 -> tta_val_acc=0.9376
muon_lr=0.0093 muon_momentum=0.2 bias_lr=1.2 head_lr=4100 -> tta_val_acc=0.9376
muon_lr=0.0093 muon_momentum=0.2 bias_lr=0.41 head_lr=4100 -> tta_val_acc=0.9376
muon_lr=0.0093 muon_momentum=0.2 bias_lr=0.13 head_lr=4100 -> tta_val_acc=0.9379
muon_lr=0.0093 muon_momentum=0.2 bias_lr=0.044 head_lr=4100 -> tta_val_acc=0.9374
muon_lr=0.0093 muon_momentum=0.2 bias_lr=0.015 head_lr=4100 -> tta_val_acc=0.9381
muon_lr=0.0093 muon_momentum=0.2 bias_lr=0.0048 head_lr=4100 -> tta_val_acc=0.9377
muon_lr=0.0093 muon_momentum=0.2 bias_lr=0.0016 head_lr=4100 -> tta_val_acc=0.9377
muon_lr=0.0093 muon_momentum=0.2 bias_lr=0.00053 head_lr=4100 -> tta_val_acc=0.9379
muon_lr=0.0093 muon_momentum=0.2 bias_lr=0.00017 head_lr=4100 -> tta_val_acc=0.9377
muon_lr=0.0093 muon_momentum=0.2 bias_lr=5.7e-05 head_lr=4100 -> tta_val_acc=0.9377
muon_lr=0.0093 muon_momentum=0.2 bias_lr=1.9e-05 head_lr=4100 -> tta_val_acc=0.9375
muon_lr=0.0093 muon_momentum=0.2 bias_lr=6.2e-06 head_lr=4100 -> tta_val_acc=0.9375
muon_lr=0.0093 muon_momentum=0.2 bias_lr=11 head_lr=4100 -> tta_val_acc=0.9372
muon_lr=0.0093 muon_momentum=0.2 bias_lr=34 head_lr=4100 -> tta_val_acc=0.9363
search_path step=0 muon_lr=0.0093 muon_momentum=0.2 bias_lr=3.7 head_lr=4100 tta_val_acc=0.9376
search_path step=1 muon_lr=0.0093 muon_momentum=0.2 bias_lr=0.015 head_lr=4100 tta_val_acc=0.9381
main hparams: muon_lr=0.026 muon_momentum=0.2 bias_lr=0.00017 head_lr=1300 main=0.9315, best_cooldown=0.9381
muon_lr=0.0093 muon_momentum=0.2 bias_lr=3.7 head_lr=4100 -> tta_val_acc=0.9381
muon_lr=0.0093 muon_momentum=0.2 bias_lr=1.2 head_lr=4100 -> tta_val_acc=0.9375
muon_lr=0.0093 muon_momentum=0.2 bias_lr=0.41 head_lr=4100 -> tta_val_acc=0.9372
muon_lr=0.0093 muon_momentum=0.2 bias_lr=0.13 head_lr=4100 -> tta_val_acc=0.937
muon_lr=0.0093 muon_momentum=0.2 bias_lr=11 head_lr=4100 -> tta_val_acc=0.9377
muon_lr=0.0093 muon_momentum=0.2 bias_lr=34 head_lr=4100 -> tta_val_acc=0.936
muon_lr=0.0056 muon_momentum=0.2 bias_lr=3.7 head_lr=4100 -> tta_val_acc=0.9367
muon_lr=0.016 muon_momentum=0.2 bias_lr=3.7 head_lr=4100 -> tta_val_acc=0.9362
muon_lr=0.0093 muon_momentum=0.2 bias_lr=3.7 head_lr=1300 -> tta_val_acc=0.9369
muon_lr=0.0093 muon_momentum=0.2 bias_lr=3.7 head_lr=12000 -> tta_val_acc=0.935
search_path step=0 muon_lr=0.0093 muon_momentum=0.2 bias_lr=3.7 head_lr=4100 tta_val_acc=0.9381
main hparams: muon_lr=0.016 muon_momentum=0.2 bias_lr=0.00017 head_lr=1300 main=0.9334, best_cooldown=0.9371
muon_lr=0.0093 muon_momentum=0.2 bias_lr=3.7 head_lr=4100 -> tta_val_acc=0.9371
muon_lr=0.0056 muon_momentum=0.2 bias_lr=3.7 head_lr=4100 -> tta_val_acc=0.9366
muon_lr=0.0034 muon_momentum=0.2 bias_lr=3.7 head_lr=4100 -> tta_val_acc=0.936
muon_lr=0.016 muon_momentum=0.2 bias_lr=3.7 head_lr=4100 -> tta_val_acc=0.9359
search_path step=0 muon_lr=0.0093 muon_momentum=0.2 bias_lr=3.7 head_lr=4100 tta_val_acc=0.9371
main hparams: muon_lr=0.0093 muon_momentum=0.2 bias_lr=0.00017 head_lr=1300 main=0.934, best_cooldown=0.9367
muon_lr=0.0093 muon_momentum=0.2 bias_lr=3.7 head_lr=4100 -> tta_val_acc=0.9367
muon_lr=0.0056 muon_momentum=0.2 bias_lr=3.7 head_lr=4100 -> tta_val_acc=0.9365
muon_lr=0.0034 muon_momentum=0.2 bias_lr=3.7 head_lr=4100 -> tta_val_acc=0.9356
muon_lr=0.016 muon_momentum=0.2 bias_lr=3.7 head_lr=4100 -> tta_val_acc=0.9363
muon_lr=0.026 muon_momentum=0.2 bias_lr=3.7 head_lr=4100 -> tta_val_acc=0.9339
search_path step=0 muon_lr=0.0093 muon_momentum=0.2 bias_lr=3.7 head_lr=4100 tta_val_acc=0.9367
main hparams: muon_lr=0.043 muon_momentum=0.2 bias_lr=0.00017 head_lr=1300 main=0.9275, best_cooldown=0.9358
muon_lr=0.0093 muon_momentum=0.2 bias_lr=3.7 head_lr=4100 -> tta_val_acc=0.9354
muon_lr=0.0056 muon_momentum=0.2 bias_lr=3.7 head_lr=4100 -> tta_val_acc=0.9358
muon_lr=0.0034 muon_momentum=0.2 bias_lr=3.7 head_lr=4100 -> tta_val_acc=0.9348
muon_lr=0.002 muon_momentum=0.2 bias_lr=3.7 head_lr=4100 -> tta_val_acc=0.9351
muon_lr=0.0012 muon_momentum=0.2 bias_lr=3.7 head_lr=4100 -> tta_val_acc=0.9351
muon_lr=0.00073 muon_momentum=0.2 bias_lr=3.7 head_lr=4100 -> tta_val_acc=0.9343
muon_lr=0.016 muon_momentum=0.2 bias_lr=3.7 head_lr=4100 -> tta_val_acc=0.9357
muon_lr=0.026 muon_momentum=0.2 bias_lr=3.7 head_lr=4100 -> tta_val_acc=0.934
search_path step=0 muon_lr=0.0093 muon_momentum=0.2 bias_lr=3.7 head_lr=4100 tta_val_acc=0.9354
search_path step=1 muon_lr=0.0056 muon_momentum=0.2 bias_lr=3.7 head_lr=4100 tta_val_acc=0.9358
main hparams: muon_lr=0.026 muon_momentum=0.1 bias_lr=0.00017 head_lr=1300 main=0.9323, best_cooldown=0.9376
muon_lr=0.0093 muon_momentum=0.1 bias_lr=3.7 head_lr=4100 -> tta_val_acc=0.9376
muon_lr=0.0056 muon_momentum=0.1 bias_lr=3.7 head_lr=4100 -> tta_val_acc=0.9366
muon_lr=0.0034 muon_momentum=0.1 bias_lr=3.7 head_lr=4100 -> tta_val_acc=0.9359
muon_lr=0.016 muon_momentum=0.1 bias_lr=3.7 head_lr=4100 -> tta_val_acc=0.9372
muon_lr=0.026 muon_momentum=0.1 bias_lr=3.7 head_lr=4100 -> tta_val_acc=0.9342
search_path step=0 muon_lr=0.0093 muon_momentum=0.1 bias_lr=3.7 head_lr=4100 tta_val_acc=0.9376
main hparams: muon_lr=0.026 muon_momentum=0 bias_lr=0.00017 head_lr=1300 main=0.9322, best_cooldown=0.9373
muon_lr=0.0093 muon_momentum=0 bias_lr=3.7 head_lr=4100 -> tta_val_acc=0.9373
muon_lr=0.0056 muon_momentum=0 bias_lr=3.7 head_lr=4100 -> tta_val_acc=0.9361
muon_lr=0.016 muon_momentum=0 bias_lr=3.7 head_lr=4100 -> tta_val_acc=0.9373
muon_lr=0.026 muon_momentum=0 bias_lr=3.7 head_lr=4100 -> tta_val_acc=0.9349
search_path step=0 muon_lr=0.0093 muon_momentum=0 bias_lr=3.7 head_lr=4100 tta_val_acc=0.9373
main hparams: muon_lr=0.026 muon_momentum=0.3 bias_lr=0.00017 head_lr=1300 main=0.9321, best_cooldown=0.937
muon_lr=0.0093 muon_momentum=0.3 bias_lr=3.7 head_lr=4100 -> tta_val_acc=0.937
muon_lr=0.0056 muon_momentum=0.3 bias_lr=3.7 head_lr=4100 -> tta_val_acc=0.9369
muon_lr=0.0034 muon_momentum=0.3 bias_lr=3.7 head_lr=4100 -> tta_val_acc=0.9357
muon_lr=0.016 muon_momentum=0.3 bias_lr=3.7 head_lr=4100 -> tta_val_acc=0.9364
muon_lr=0.026 muon_momentum=0.3 bias_lr=3.7 head_lr=4100 -> tta_val_acc=0.9331
search_path step=0 muon_lr=0.0093 muon_momentum=0.3 bias_lr=3.7 head_lr=4100 tta_val_acc=0.937
main hparams: muon_lr=0.026 muon_momentum=0.2 bias_lr=0.0048 head_lr=1300 main=0.9312, best_cooldown=0.9377
muon_lr=0.0093 muon_momentum=0.2 bias_lr=3.7 head_lr=4100 -> tta_val_acc=0.9377
muon_lr=0.0093 muon_momentum=0.2 bias_lr=1.2 head_lr=4100 -> tta_val_acc=0.9377
muon_lr=0.0093 muon_momentum=0.2 bias_lr=0.41 head_lr=4100 -> tta_val_acc=0.9376
muon_lr=0.0093 muon_momentum=0.2 bias_lr=0.13 head_lr=4100 -> tta_val_acc=0.9376
muon_lr=0.0093 muon_momentum=0.2 bias_lr=0.044 head_lr=4100 -> tta_val_acc=0.9377
muon_lr=0.0093 muon_momentum=0.2 bias_lr=0.015 head_lr=4100 -> tta_val_acc=0.9376
muon_lr=0.0093 muon_momentum=0.2 bias_lr=0.0048 head_lr=4100 -> tta_val_acc=0.9375
muon_lr=0.0093 muon_momentum=0.2 bias_lr=0.0016 head_lr=4100 -> tta_val_acc=0.9377
muon_lr=0.0093 muon_momentum=0.2 bias_lr=11 head_lr=4100 -> tta_val_acc=0.9372
muon_lr=0.0093 muon_momentum=0.2 bias_lr=34 head_lr=4100 -> tta_val_acc=0.9359
search_path step=0 muon_lr=0.0093 muon_momentum=0.2 bias_lr=3.7 head_lr=4100 tta_val_acc=0.9377
main hparams: muon_lr=0.026 muon_momentum=0.2 bias_lr=0.015 head_lr=1300 main=0.9314, best_cooldown=0.9376
muon_lr=0.0093 muon_momentum=0.2 bias_lr=3.7 head_lr=4100 -> tta_val_acc=0.9372
muon_lr=0.0093 muon_momentum=0.2 bias_lr=1.2 head_lr=4100 -> tta_val_acc=0.9376
muon_lr=0.0093 muon_momentum=0.2 bias_lr=0.41 head_lr=4100 -> tta_val_acc=0.9375
muon_lr=0.0093 muon_momentum=0.2 bias_lr=0.13 head_lr=4100 -> tta_val_acc=0.9374
muon_lr=0.0093 muon_momentum=0.2 bias_lr=0.044 head_lr=4100 -> tta_val_acc=0.9375
muon_lr=0.0093 muon_momentum=0.2 bias_lr=0.015 head_lr=4100 -> tta_val_acc=0.9374
muon_lr=0.0093 muon_momentum=0.2 bias_lr=0.0048 head_lr=4100 -> tta_val_acc=0.9374
muon_lr=0.0093 muon_momentum=0.2 bias_lr=0.0016 head_lr=4100 -> tta_val_acc=0.9376
muon_lr=0.0093 muon_momentum=0.2 bias_lr=0.00053 head_lr=4100 -> tta_val_acc=0.9376
muon_lr=0.0093 muon_momentum=0.2 bias_lr=11 head_lr=4100 -> tta_val_acc=0.9376
muon_lr=0.0093 muon_momentum=0.2 bias_lr=34 head_lr=4100 -> tta_val_acc=0.9355
search_path step=0 muon_lr=0.0093 muon_momentum=0.2 bias_lr=3.7 head_lr=4100 tta_val_acc=0.9372
search_path step=1 muon_lr=0.0093 muon_momentum=0.2 bias_lr=1.2 head_lr=4100 tta_val_acc=0.9376
main hparams: muon_lr=0.026 muon_momentum=0.2 bias_lr=0.044 head_lr=1300 main=0.9316, best_cooldown=0.938
muon_lr=0.0093 muon_momentum=0.2 bias_lr=3.7 head_lr=4100 -> tta_val_acc=0.938
muon_lr=0.0093 muon_momentum=0.2 bias_lr=1.2 head_lr=4100 -> tta_val_acc=0.9377
muon_lr=0.0093 muon_momentum=0.2 bias_lr=0.41 head_lr=4100 -> tta_val_acc=0.9377
muon_lr=0.0093 muon_momentum=0.2 bias_lr=0.13 head_lr=4100 -> tta_val_acc=0.9377
muon_lr=0.0093 muon_momentum=0.2 bias_lr=0.044 head_lr=4100 -> tta_val_acc=0.9377
muon_lr=0.0093 muon_momentum=0.2 bias_lr=0.015 head_lr=4100 -> tta_val_acc=0.9374
muon_lr=0.0093 muon_momentum=0.2 bias_lr=0.0048 head_lr=4100 -> tta_val_acc=0.9373
muon_lr=0.0093 muon_momentum=0.2 bias_lr=0.0016 head_lr=4100 -> tta_val_acc=0.9375
muon_lr=0.0093 muon_momentum=0.2 bias_lr=11 head_lr=4100 -> tta_val_acc=0.9373
muon_lr=0.0093 muon_momentum=0.2 bias_lr=34 head_lr=4100 -> tta_val_acc=0.9354
search_path step=0 muon_lr=0.0093 muon_momentum=0.2 bias_lr=3.7 head_lr=4100 tta_val_acc=0.938
main hparams: muon_lr=0.026 muon_momentum=0.2 bias_lr=0.13 head_lr=1300 main=0.9315, best_cooldown=0.9373
muon_lr=0.0093 muon_momentum=0.2 bias_lr=3.7 head_lr=4100 -> tta_val_acc=0.9373
muon_lr=0.0093 muon_momentum=0.2 bias_lr=1.2 head_lr=4100 -> tta_val_acc=0.9373
muon_lr=0.0093 muon_momentum=0.2 bias_lr=0.41 head_lr=4100 -> tta_val_acc=0.9372
muon_lr=0.0093 muon_momentum=0.2 bias_lr=0.13 head_lr=4100 -> tta_val_acc=0.9373
muon_lr=0.0093 muon_momentum=0.2 bias_lr=0.044 head_lr=4100 -> tta_val_acc=0.9371
muon_lr=0.0093 muon_momentum=0.2 bias_lr=0.015 head_lr=4100 -> tta_val_acc=0.937
muon_lr=0.0093 muon_momentum=0.2 bias_lr=0.0048 head_lr=4100 -> tta_val_acc=0.937
muon_lr=0.0093 muon_momentum=0.2 bias_lr=0.0016 head_lr=4100 -> tta_val_acc=0.9372
muon_lr=0.0093 muon_momentum=0.2 bias_lr=11 head_lr=4100 -> tta_val_acc=0.9372
muon_lr=0.0093 muon_momentum=0.2 bias_lr=34 head_lr=4100 -> tta_val_acc=0.9357
search_path step=0 muon_lr=0.0093 muon_momentum=0.2 bias_lr=3.7 head_lr=4100 tta_val_acc=0.9373
main hparams: muon_lr=0.026 muon_momentum=0.2 bias_lr=0.41 head_lr=1300 main=0.9313, best_cooldown=0.9378
muon_lr=0.0093 muon_momentum=0.2 bias_lr=3.7 head_lr=4100 -> tta_val_acc=0.9374
muon_lr=0.0093 muon_momentum=0.2 bias_lr=1.2 head_lr=4100 -> tta_val_acc=0.9374
muon_lr=0.0093 muon_momentum=0.2 bias_lr=0.41 head_lr=4100 -> tta_val_acc=0.9374
muon_lr=0.0093 muon_momentum=0.2 bias_lr=0.13 head_lr=4100 -> tta_val_acc=0.9375
muon_lr=0.0093 muon_momentum=0.2 bias_lr=0.044 head_lr=4100 -> tta_val_acc=0.9375
muon_lr=0.0093 muon_momentum=0.2 bias_lr=0.015 head_lr=4100 -> tta_val_acc=0.9378
muon_lr=0.0093 muon_momentum=0.2 bias_lr=0.0048 head_lr=4100 -> tta_val_acc=0.9375
muon_lr=0.0093 muon_momentum=0.2 bias_lr=0.0016 head_lr=4100 -> tta_val_acc=0.9373
muon_lr=0.0093 muon_momentum=0.2 bias_lr=0.00053 head_lr=4100 -> tta_val_acc=0.9373
muon_lr=0.0093 muon_momentum=0.2 bias_lr=0.00017 head_lr=4100 -> tta_val_acc=0.9375
muon_lr=0.0093 muon_momentum=0.2 bias_lr=5.7e-05 head_lr=4100 -> tta_val_acc=0.9374
muon_lr=0.0093 muon_momentum=0.2 bias_lr=1.9e-05 head_lr=4100 -> tta_val_acc=0.9374
muon_lr=0.0093 muon_momentum=0.2 bias_lr=6.2e-06 head_lr=4100 -> tta_val_acc=0.9375
muon_lr=0.0093 muon_momentum=0.2 bias_lr=11 head_lr=4100 -> tta_val_acc=0.9374
muon_lr=0.0093 muon_momentum=0.2 bias_lr=34 head_lr=4100 -> tta_val_acc=0.9353
search_path step=0 muon_lr=0.0093 muon_momentum=0.2 bias_lr=3.7 head_lr=4100 tta_val_acc=0.9374
search_path step=1 muon_lr=0.0093 muon_momentum=0.2 bias_lr=0.015 head_lr=4100 tta_val_acc=0.9378
main hparams: muon_lr=0.026 muon_momentum=0.2 bias_lr=1.2 head_lr=1300 main=0.9317, best_cooldown=0.9373
muon_lr=0.0093 muon_momentum=0.2 bias_lr=3.7 head_lr=4100 -> tta_val_acc=0.9373
muon_lr=0.0093 muon_momentum=0.2 bias_lr=1.2 head_lr=4100 -> tta_val_acc=0.9373
muon_lr=0.0093 muon_momentum=0.2 bias_lr=0.41 head_lr=4100 -> tta_val_acc=0.9372
muon_lr=0.0093 muon_momentum=0.2 bias_lr=0.13 head_lr=4100 -> tta_val_acc=0.9372
muon_lr=0.0093 muon_momentum=0.2 bias_lr=0.044 head_lr=4100 -> tta_val_acc=0.937
muon_lr=0.0093 muon_momentum=0.2 bias_lr=0.015 head_lr=4100 -> tta_val_acc=0.9371
muon_lr=0.0093 muon_momentum=0.2 bias_lr=0.0048 head_lr=4100 -> tta_val_acc=0.9369
muon_lr=0.0093 muon_momentum=0.2 bias_lr=0.0016 head_lr=4100 -> tta_val_acc=0.9372
muon_lr=0.0093 muon_momentum=0.2 bias_lr=11 head_lr=4100 -> tta_val_acc=0.9369
muon_lr=0.0093 muon_momentum=0.2 bias_lr=34 head_lr=4100 -> tta_val_acc=0.9352
search_path step=0 muon_lr=0.0093 muon_momentum=0.2 bias_lr=3.7 head_lr=4100 tta_val_acc=0.9373
main hparams: muon_lr=0.026 muon_momentum=0.2 bias_lr=3.7 head_lr=1300 main=0.9316, best_cooldown=0.9375
muon_lr=0.0093 muon_momentum=0.2 bias_lr=3.7 head_lr=4100 -> tta_val_acc=0.9375
muon_lr=0.0093 muon_momentum=0.2 bias_lr=1.2 head_lr=4100 -> tta_val_acc=0.9375
muon_lr=0.0093 muon_momentum=0.2 bias_lr=0.41 head_lr=4100 -> tta_val_acc=0.9375
muon_lr=0.0093 muon_momentum=0.2 bias_lr=0.13 head_lr=4100 -> tta_val_acc=0.9375
muon_lr=0.0093 muon_momentum=0.2 bias_lr=0.044 head_lr=4100 -> tta_val_acc=0.9375
muon_lr=0.0093 muon_momentum=0.2 bias_lr=0.015 head_lr=4100 -> tta_val_acc=0.9374
muon_lr=0.0093 muon_momentum=0.2 bias_lr=0.0048 head_lr=4100 -> tta_val_acc=0.9374
muon_lr=0.0093 muon_momentum=0.2 bias_lr=0.0016 head_lr=4100 -> tta_val_acc=0.9374
muon_lr=0.0093 muon_momentum=0.2 bias_lr=11 head_lr=4100 -> tta_val_acc=0.9366
muon_lr=0.0093 muon_momentum=0.2 bias_lr=34 head_lr=4100 -> tta_val_acc=0.9361
search_path step=0 muon_lr=0.0093 muon_momentum=0.2 bias_lr=3.7 head_lr=4100 tta_val_acc=0.9375
main hparams: muon_lr=0.026 muon_momentum=0.2 bias_lr=11 head_lr=1300 main=0.9319, best_cooldown=0.9375
muon_lr=0.0093 muon_momentum=0.2 bias_lr=3.7 head_lr=4100 -> tta_val_acc=0.9374
muon_lr=0.0093 muon_momentum=0.2 bias_lr=1.2 head_lr=4100 -> tta_val_acc=0.9374
muon_lr=0.0093 muon_momentum=0.2 bias_lr=0.41 head_lr=4100 -> tta_val_acc=0.9373
muon_lr=0.0093 muon_momentum=0.2 bias_lr=0.13 head_lr=4100 -> tta_val_acc=0.9374
muon_lr=0.0093 muon_momentum=0.2 bias_lr=0.044 head_lr=4100 -> tta_val_acc=0.9375
muon_lr=0.0093 muon_momentum=0.2 bias_lr=0.015 head_lr=4100 -> tta_val_acc=0.9374
muon_lr=0.0093 muon_momentum=0.2 bias_lr=0.0048 head_lr=4100 -> tta_val_acc=0.9373
muon_lr=0.0093 muon_momentum=0.2 bias_lr=0.0016 head_lr=4100 -> tta_val_acc=0.9375
muon_lr=0.0093 muon_momentum=0.2 bias_lr=0.00053 head_lr=4100 -> tta_val_acc=0.9373
muon_lr=0.0093 muon_momentum=0.2 bias_lr=0.00017 head_lr=4100 -> tta_val_acc=0.9373
muon_lr=0.0093 muon_momentum=0.2 bias_lr=5.7e-05 head_lr=4100 -> tta_val_acc=0.9374
muon_lr=0.0093 muon_momentum=0.2 bias_lr=1.9e-05 head_lr=4100 -> tta_val_acc=0.9374
muon_lr=0.0093 muon_momentum=0.2 bias_lr=11 head_lr=4100 -> tta_val_acc=0.9367
muon_lr=0.0093 muon_momentum=0.2 bias_lr=34 head_lr=4100 -> tta_val_acc=0.9369
muon_lr=0.0093 muon_momentum=0.2 bias_lr=100 head_lr=4100 -> tta_val_acc=0.9334
search_path step=0 muon_lr=0.0093 muon_momentum=0.2 bias_lr=3.7 head_lr=4100 tta_val_acc=0.9374
search_path step=1 muon_lr=0.0093 muon_momentum=0.2 bias_lr=0.044 head_lr=4100 tta_val_acc=0.9375
main hparams: muon_lr=0.026 muon_momentum=0.2 bias_lr=34 head_lr=1300 main=0.9326, best_cooldown=0.9375
muon_lr=0.0093 muon_momentum=0.2 bias_lr=3.7 head_lr=4100 -> tta_val_acc=0.9375
muon_lr=0.0093 muon_momentum=0.2 bias_lr=1.2 head_lr=4100 -> tta_val_acc=0.937
muon_lr=0.0093 muon_momentum=0.2 bias_lr=0.41 head_lr=4100 -> tta_val_acc=0.937
muon_lr=0.0093 muon_momentum=0.2 bias_lr=0.13 head_lr=4100 -> tta_val_acc=0.9369
muon_lr=0.0093 muon_momentum=0.2 bias_lr=0.044 head_lr=4100 -> tta_val_acc=0.9371
muon_lr=0.0093 muon_momentum=0.2 bias_lr=0.015 head_lr=4100 -> tta_val_acc=0.9367
muon_lr=0.0093 muon_momentum=0.2 bias_lr=0.0048 head_lr=4100 -> tta_val_acc=0.9369
muon_lr=0.0093 muon_momentum=0.2 bias_lr=0.0016 head_lr=4100 -> tta_val_acc=0.937
muon_lr=0.0093 muon_momentum=0.2 bias_lr=11 head_lr=4100 -> tta_val_acc=0.937
muon_lr=0.0093 muon_momentum=0.2 bias_lr=34 head_lr=4100 -> tta_val_acc=0.9371
muon_lr=0.0093 muon_momentum=0.2 bias_lr=100 head_lr=4100 -> tta_val_acc=0.9333
search_path step=0 muon_lr=0.0093 muon_momentum=0.2 bias_lr=3.7 head_lr=4100 tta_val_acc=0.9375
main hparams: muon_lr=0.026 muon_momentum=0.2 bias_lr=100 head_lr=1300 main=0.9297, best_cooldown=0.9363
muon_lr=0.0093 muon_momentum=0.2 bias_lr=3.7 head_lr=4100 -> tta_val_acc=0.9362
muon_lr=0.0093 muon_momentum=0.2 bias_lr=1.2 head_lr=4100 -> tta_val_acc=0.9358
muon_lr=0.0093 muon_momentum=0.2 bias_lr=0.41 head_lr=4100 -> tta_val_acc=0.9354
muon_lr=0.0093 muon_momentum=0.2 bias_lr=0.13 head_lr=4100 -> tta_val_acc=0.9356
muon_lr=0.0093 muon_momentum=0.2 bias_lr=0.044 head_lr=4100 -> tta_val_acc=0.9357
muon_lr=0.0093 muon_momentum=0.2 bias_lr=0.015 head_lr=4100 -> tta_val_acc=0.9357
muon_lr=0.0093 muon_momentum=0.2 bias_lr=0.0048 head_lr=4100 -> tta_val_acc=0.9356
muon_lr=0.0093 muon_momentum=0.2 bias_lr=0.0016 head_lr=4100 -> tta_val_acc=0.9355
muon_lr=0.0093 muon_momentum=0.2 bias_lr=11 head_lr=4100 -> tta_val_acc=0.9362
muon_lr=0.0093 muon_momentum=0.2 bias_lr=34 head_lr=4100 -> tta_val_acc=0.9363
muon_lr=0.0093 muon_momentum=0.2 bias_lr=100 head_lr=4100 -> tta_val_acc=0.9347
search_path step=0 muon_lr=0.0093 muon_momentum=0.2 bias_lr=3.7 head_lr=4100 tta_val_acc=0.9362
search_path step=1 muon_lr=0.0093 muon_momentum=0.2 bias_lr=34 head_lr=4100 tta_val_acc=0.9363
main hparams: muon_lr=0.026 muon_momentum=0.2 bias_lr=0.00017 head_lr=440 main=0.9316, best_cooldown=0.9378
muon_lr=0.0093 muon_momentum=0.2 bias_lr=3.7 head_lr=4100 -> tta_val_acc=0.9378
muon_lr=0.0093 muon_momentum=0.2 bias_lr=3.7 head_lr=1300 -> tta_val_acc=0.9367
muon_lr=0.0093 muon_momentum=0.2 bias_lr=3.7 head_lr=12000 -> tta_val_acc=0.9352
search_path step=0 muon_lr=0.0093 muon_momentum=0.2 bias_lr=3.7 head_lr=4100 tta_val_acc=0.9378
main hparams: muon_lr=0.026 muon_momentum=0.2 bias_lr=0.00017 head_lr=150 main=0.9315, best_cooldown=0.9375
muon_lr=0.0093 muon_momentum=0.2 bias_lr=3.7 head_lr=4100 -> tta_val_acc=0.9375
muon_lr=0.0093 muon_momentum=0.2 bias_lr=3.7 head_lr=1300 -> tta_val_acc=0.9365
muon_lr=0.0093 muon_momentum=0.2 bias_lr=3.7 head_lr=12000 -> tta_val_acc=0.935
search_path step=0 muon_lr=0.0093 muon_momentum=0.2 bias_lr=3.7 head_lr=4100 tta_val_acc=0.9375
main hparams: muon_lr=0.026 muon_momentum=0.2 bias_lr=0.00017 head_lr=48 main=0.9314, best_cooldown=0.9371
muon_lr=0.0093 muon_momentum=0.2 bias_lr=3.7 head_lr=4100 -> tta_val_acc=0.9371
muon_lr=0.0093 muon_momentum=0.2 bias_lr=3.7 head_lr=1300 -> tta_val_acc=0.9367
muon_lr=0.0093 muon_momentum=0.2 bias_lr=3.7 head_lr=440 -> tta_val_acc=0.9363
muon_lr=0.0093 muon_momentum=0.2 bias_lr=3.7 head_lr=150 -> tta_val_acc=0.9359
muon_lr=0.0093 muon_momentum=0.2 bias_lr=3.7 head_lr=12000 -> tta_val_acc=0.9352
search_path step=0 muon_lr=0.0093 muon_momentum=0.2 bias_lr=3.7 head_lr=4100 tta_val_acc=0.9371
main hparams: muon_lr=0.026 muon_momentum=0.2 bias_lr=0.00017 head_lr=16 main=0.9307, best_cooldown=0.9373
muon_lr=0.0093 muon_momentum=0.2 bias_lr=3.7 head_lr=4100 -> tta_val_acc=0.9373
muon_lr=0.0093 muon_momentum=0.2 bias_lr=3.7 head_lr=1300 -> tta_val_acc=0.9365
muon_lr=0.0093 muon_momentum=0.2 bias_lr=3.7 head_lr=440 -> tta_val_acc=0.9359
muon_lr=0.0093 muon_momentum=0.2 bias_lr=3.7 head_lr=12000 -> tta_val_acc=0.9355
search_path step=0 muon_lr=0.0093 muon_momentum=0.2 bias_lr=3.7 head_lr=4100 tta_val_acc=0.9373
main hparams: muon_lr=0.026 muon_momentum=0.2 bias_lr=0.00017 head_lr=5.2 main=0.9313, best_cooldown=0.9371
muon_lr=0.0093 muon_momentum=0.2 bias_lr=3.7 head_lr=4100 -> tta_val_acc=0.9371
muon_lr=0.0093 muon_momentum=0.2 bias_lr=3.7 head_lr=1300 -> tta_val_acc=0.9367
muon_lr=0.0093 muon_momentum=0.2 bias_lr=3.7 head_lr=440 -> tta_val_acc=0.9364
muon_lr=0.0093 muon_momentum=0.2 bias_lr=3.7 head_lr=150 -> tta_val_acc=0.9361
muon_lr=0.0093 muon_momentum=0.2 bias_lr=3.7 head_lr=48 -> tta_val_acc=0.9362
muon_lr=0.0093 muon_momentum=0.2 bias_lr=3.7 head_lr=16 -> tta_val_acc=0.9361
muon_lr=0.0093 muon_momentum=0.2 bias_lr=3.7 head_lr=5.2 -> tta_val_acc=0.9361
muon_lr=0.0093 muon_momentum=0.2 bias_lr=3.7 head_lr=1.7 -> tta_val_acc=0.936
muon_lr=0.0093 muon_momentum=0.2 bias_lr=3.7 head_lr=12000 -> tta_val_acc=0.935
search_path step=0 muon_lr=0.0093 muon_momentum=0.2 bias_lr=3.7 head_lr=4100 tta_val_acc=0.9371
main hparams: muon_lr=0.026 muon_momentum=0.2 bias_lr=0.00017 head_lr=1.7 main=0.931, best_cooldown=0.9374
muon_lr=0.0093 muon_momentum=0.2 bias_lr=3.7 head_lr=4100 -> tta_val_acc=0.9374
muon_lr=0.0093 muon_momentum=0.2 bias_lr=3.7 head_lr=1300 -> tta_val_acc=0.9365
muon_lr=0.0093 muon_momentum=0.2 bias_lr=3.7 head_lr=440 -> tta_val_acc=0.9363
muon_lr=0.0093 muon_momentum=0.2 bias_lr=3.7 head_lr=12000 -> tta_val_acc=0.9353
search_path step=0 muon_lr=0.0093 muon_momentum=0.2 bias_lr=3.7 head_lr=4100 tta_val_acc=0.9374
main hparams: muon_lr=0.026 muon_momentum=0.2 bias_lr=0.00017 head_lr=0.57 main=0.9316, best_cooldown=0.9375
muon_lr=0.0093 muon_momentum=0.2 bias_lr=3.7 head_lr=4100 -> tta_val_acc=0.9375
muon_lr=0.0093 muon_momentum=0.2 bias_lr=3.7 head_lr=1300 -> tta_val_acc=0.9366
muon_lr=0.0093 muon_momentum=0.2 bias_lr=3.7 head_lr=440 -> tta_val_acc=0.9364
muon_lr=0.0093 muon_momentum=0.2 bias_lr=3.7 head_lr=12000 -> tta_val_acc=0.9355
search_path step=0 muon_lr=0.0093 muon_momentum=0.2 bias_lr=3.7 head_lr=4100 tta_val_acc=0.9375
main hparams: muon_lr=0.026 muon_momentum=0.2 bias_lr=0.00017 head_lr=4100 main=0.9311, best_cooldown=0.9373
muon_lr=0.0093 muon_momentum=0.2 bias_lr=3.7 head_lr=4100 -> tta_val_acc=0.9372
muon_lr=0.0093 muon_momentum=0.2 bias_lr=3.7 head_lr=1300 -> tta_val_acc=0.9373
muon_lr=0.0093 muon_momentum=0.2 bias_lr=3.7 head_lr=440 -> tta_val_acc=0.937
muon_lr=0.0093 muon_momentum=0.2 bias_lr=3.7 head_lr=150 -> tta_val_acc=0.9366
muon_lr=0.0093 muon_momentum=0.2 bias_lr=3.7 head_lr=48 -> tta_val_acc=0.9368
muon_lr=0.0093 muon_momentum=0.2 bias_lr=3.7 head_lr=16 -> tta_val_acc=0.9368
muon_lr=0.0093 muon_momentum=0.2 bias_lr=3.7 head_lr=5.2 -> tta_val_acc=0.9368
muon_lr=0.0093 muon_momentum=0.2 bias_lr=3.7 head_lr=1.7 -> tta_val_acc=0.9368
muon_lr=0.0093 muon_momentum=0.2 bias_lr=3.7 head_lr=0.57 -> tta_val_acc=0.9367
muon_lr=0.0093 muon_momentum=0.2 bias_lr=3.7 head_lr=12000 -> tta_val_acc=0.9356
search_path step=0 muon_lr=0.0093 muon_momentum=0.2 bias_lr=3.7 head_lr=4100 tta_val_acc=0.9372
search_path step=1 muon_lr=0.0093 muon_momentum=0.2 bias_lr=3.7 head_lr=1300 tta_val_acc=0.9373
main hparams: muon_lr=0.026 muon_momentum=0.2 bias_lr=0.00017 head_lr=12000 main=0.927, best_cooldown=0.9368
muon_lr=0.0093 muon_momentum=0.2 bias_lr=3.7 head_lr=4100 -> tta_val_acc=0.9365
muon_lr=0.0093 muon_momentum=0.2 bias_lr=3.7 head_lr=1300 -> tta_val_acc=0.9366
muon_lr=0.0093 muon_momentum=0.2 bias_lr=3.7 head_lr=440 -> tta_val_acc=0.9368
muon_lr=0.0093 muon_momentum=0.2 bias_lr=3.7 head_lr=150 -> tta_val_acc=0.9367
muon_lr=0.0093 muon_momentum=0.2 bias_lr=3.7 head_lr=48 -> tta_val_acc=0.9364
muon_lr=0.0093 muon_momentum=0.2 bias_lr=3.7 head_lr=16 -> tta_val_acc=0.9362
muon_lr=0.0093 muon_momentum=0.2 bias_lr=3.7 head_lr=5.2 -> tta_val_acc=0.9364
muon_lr=0.0093 muon_momentum=0.2 bias_lr=3.7 head_lr=1.7 -> tta_val_acc=0.9363
muon_lr=0.0093 muon_momentum=0.2 bias_lr=3.7 head_lr=0.57 -> tta_val_acc=0.9363
muon_lr=0.0093 muon_momentum=0.2 bias_lr=3.7 head_lr=0.19 -> tta_val_acc=0.9365
muon_lr=0.0093 muon_momentum=0.2 bias_lr=3.7 head_lr=12000 -> tta_val_acc=0.936
muon_lr=0.0093 muon_momentum=0.2 bias_lr=3.7 head_lr=37000 -> tta_val_acc=0.921
search_path step=0 muon_lr=0.0093 muon_momentum=0.2 bias_lr=3.7 head_lr=4100 tta_val_acc=0.9365
search_path step=1 muon_lr=0.0093 muon_momentum=0.2 bias_lr=3.7 head_lr=440 tta_val_acc=0.9368
search_path step=0 muon_lr=0.072 muon_momentum=0.1 bias_lr=0.0016 head_lr=1300 tta_val_acc=0.9363
search_path step=1 muon_lr=0.026 muon_momentum=0.1 bias_lr=0.0016 head_lr=1300 tta_val_acc=0.9376
search_path step=2 muon_lr=0.026 muon_momentum=0.2 bias_lr=0.0016 head_lr=1300 tta_val_acc=0.9377
search_path step=3 muon_lr=0.026 muon_momentum=0.2 bias_lr=0.00017 head_lr=1300 tta_val_acc=0.9381
train_hparams run=0 interval=3 start_step=120 completed_steps=40 total_steps=200 muon_lr=0.026 muon_momentum=0.2 bias_lr=0.00017 head_lr=1300 muon_nesterov=False
train_loss run=0 interval=3 step=121 loss=1.03586
train_loss run=0 interval=3 step=122 loss=1.01717
train_loss run=0 interval=3 step=123 loss=1.00298
train_loss run=0 interval=3 step=124 loss=1.03227
train_loss run=0 interval=3 step=125 loss=0.994984
train_loss run=0 interval=3 step=126 loss=0.993792
train_loss run=0 interval=3 step=127 loss=0.980705
train_loss run=0 interval=3 step=128 loss=0.989637
train_loss run=0 interval=3 step=129 loss=0.990694
train_loss run=0 interval=3 step=130 loss=0.981734
train_loss run=0 interval=3 step=131 loss=0.994587
train_loss run=0 interval=3 step=132 loss=0.987951
train_loss run=0 interval=3 step=133 loss=0.990003
train_loss run=0 interval=3 step=134 loss=0.971614
train_loss run=0 interval=3 step=135 loss=0.985731
train_loss run=0 interval=3 step=136 loss=0.989837
train_loss run=0 interval=3 step=137 loss=0.980417
train_loss run=0 interval=3 step=138 loss=0.972803
train_loss run=0 interval=3 step=139 loss=0.977041
train_loss run=0 interval=3 step=140 loss=0.976677
train_loss run=0 interval=3 step=141 loss=0.978383
train_loss run=0 interval=3 step=142 loss=0.985698
train_loss run=0 interval=3 step=143 loss=0.986458
train_loss run=0 interval=3 step=144 loss=0.977463
train_loss run=0 interval=3 step=145 loss=0.991758
train_loss run=0 interval=3 step=146 loss=0.982017
train_loss run=0 interval=3 step=147 loss=0.976214
train_loss run=0 interval=3 step=148 loss=0.977883
train_loss run=0 interval=3 step=149 loss=0.977317
train_loss run=0 interval=3 step=150 loss=0.977789
train_loss run=0 interval=3 step=151 loss=0.958738
train_loss run=0 interval=3 step=152 loss=0.952209
train_loss run=0 interval=3 step=153 loss=0.958189
train_loss run=0 interval=3 step=154 loss=0.950019
train_loss run=0 interval=3 step=155 loss=0.962289
train_loss run=0 interval=3 step=156 loss=0.9526
train_loss run=0 interval=3 step=157 loss=0.948892
train_loss run=0 interval=3 step=158 loss=0.95853
train_loss run=0 interval=3 step=159 loss=0.961064
train_loss run=0 interval=3 step=160 loss=0.944305
interval_boundary_eval run=0 interval=3 step=160 total_steps=200 tta_val_acc=0.9315
main hparams: muon_lr=0.026 muon_momentum=0.2 bias_lr=0.00017 head_lr=1300 main=0.934
main hparams: muon_lr=0.016 muon_momentum=0.2 bias_lr=0.00017 head_lr=1300 main=0.9359
main hparams: muon_lr=0.0093 muon_momentum=0.2 bias_lr=0.00017 head_lr=1300 main=0.9366
main hparams: muon_lr=0.0056 muon_momentum=0.2 bias_lr=0.00017 head_lr=1300 main=0.9366
main hparams: muon_lr=0.0034 muon_momentum=0.2 bias_lr=0.00017 head_lr=1300 main=0.9362
main hparams: muon_lr=0.002 muon_momentum=0.2 bias_lr=0.00017 head_lr=1300 main=0.9359
main hparams: muon_lr=0.0012 muon_momentum=0.2 bias_lr=0.00017 head_lr=1300 main=0.9353
main hparams: muon_lr=0.0093 muon_momentum=0.1 bias_lr=0.00017 head_lr=1300 main=0.9367
main hparams: muon_lr=0.0093 muon_momentum=0 bias_lr=0.00017 head_lr=1300 main=0.9369
main hparams: muon_lr=0.0056 muon_momentum=0 bias_lr=0.00017 head_lr=1300 main=0.9366
main hparams: muon_lr=0.0034 muon_momentum=0 bias_lr=0.00017 head_lr=1300 main=0.9362
main hparams: muon_lr=0.002 muon_momentum=0 bias_lr=0.00017 head_lr=1300 main=0.9358
main hparams: muon_lr=0.016 muon_momentum=0 bias_lr=0.00017 head_lr=1300 main=0.937
main hparams: muon_lr=0.026 muon_momentum=0 bias_lr=0.00017 head_lr=1300 main=0.9353
main hparams: muon_lr=0.016 muon_momentum=0.1 bias_lr=0.00017 head_lr=1300 main=0.9366
main hparams: muon_lr=0.016 muon_momentum=0 bias_lr=5.7e-05 head_lr=1300 main=0.937
main hparams: muon_lr=0.016 muon_momentum=0 bias_lr=1.9e-05 head_lr=1300 main=0.9367
main hparams: muon_lr=0.016 muon_momentum=0 bias_lr=6.2e-06 head_lr=1300 main=0.9368
main hparams: muon_lr=0.016 muon_momentum=0 bias_lr=2.1e-06 head_lr=1300 main=0.9368
main hparams: muon_lr=0.016 muon_momentum=0 bias_lr=6.8e-07 head_lr=1300 main=0.9367
main hparams: muon_lr=0.016 muon_momentum=0 bias_lr=2.2e-07 head_lr=1300 main=0.9367
main hparams: muon_lr=0.016 muon_momentum=0 bias_lr=7.4e-08 head_lr=1300 main=0.9367
main hparams: muon_lr=0.016 muon_momentum=0 bias_lr=0.00053 head_lr=1300 main=0.937
main hparams: muon_lr=0.016 muon_momentum=0 bias_lr=0.0016 head_lr=1300 main=0.9367
main hparams: muon_lr=0.016 muon_momentum=0 bias_lr=0.0048 head_lr=1300 main=0.9369
main hparams: muon_lr=0.016 muon_momentum=0 bias_lr=0.015 head_lr=1300 main=0.9369
main hparams: muon_lr=0.016 muon_momentum=0 bias_lr=0.044 head_lr=1300 main=0.9368
main hparams: muon_lr=0.016 muon_momentum=0 bias_lr=0.13 head_lr=1300 main=0.9367
main hparams: muon_lr=0.016 muon_momentum=0 bias_lr=0.41 head_lr=1300 main=0.9368
main hparams: muon_lr=0.016 muon_momentum=0 bias_lr=1.2 head_lr=1300 main=0.937
main hparams: muon_lr=0.016 muon_momentum=0 bias_lr=3.7 head_lr=1300 main=0.937
main hparams: muon_lr=0.016 muon_momentum=0 bias_lr=11 head_lr=1300 main=0.9366
main hparams: muon_lr=0.016 muon_momentum=0 bias_lr=34 head_lr=1300 main=0.9357
main hparams: muon_lr=0.016 muon_momentum=0 bias_lr=0.00017 head_lr=440 main=0.9365
main hparams: muon_lr=0.016 muon_momentum=0 bias_lr=0.00017 head_lr=150 main=0.9363
main hparams: muon_lr=0.016 muon_momentum=0 bias_lr=0.00017 head_lr=48 main=0.9363
main hparams: muon_lr=0.016 muon_momentum=0 bias_lr=0.00017 head_lr=16 main=0.9364
main hparams: muon_lr=0.016 muon_momentum=0 bias_lr=0.00017 head_lr=5.2 main=0.9362
main hparams: muon_lr=0.016 muon_momentum=0 bias_lr=0.00017 head_lr=1.7 main=0.9364
main hparams: muon_lr=0.016 muon_momentum=0 bias_lr=0.00017 head_lr=0.57 main=0.9364
main hparams: muon_lr=0.016 muon_momentum=0 bias_lr=0.00017 head_lr=4100 main=0.9371
main hparams: muon_lr=0.016 muon_momentum=0 bias_lr=0.00017 head_lr=12000 main=0.9324
main hparams: muon_lr=0.0093 muon_momentum=0 bias_lr=0.00017 head_lr=4100 main=0.9374
main hparams: muon_lr=0.0056 muon_momentum=0 bias_lr=0.00017 head_lr=4100 main=0.9362
main hparams: muon_lr=0.026 muon_momentum=0 bias_lr=0.00017 head_lr=4100 main=0.9347
main hparams: muon_lr=0.0093 muon_momentum=0.1 bias_lr=0.00017 head_lr=4100 main=0.9371
main hparams: muon_lr=0.0093 muon_momentum=0.2 bias_lr=0.00017 head_lr=4100 main=0.9369
main hparams: muon_lr=0.0093 muon_momentum=0.3 bias_lr=0.00017 head_lr=4100 main=0.9369
main hparams: muon_lr=0.0093 muon_momentum=0.4 bias_lr=0.00017 head_lr=4100 main=0.9366
main hparams: muon_lr=0.0093 muon_momentum=0.5 bias_lr=0.00017 head_lr=4100 main=0.9364
main hparams: muon_lr=0.0093 muon_momentum=0.6 bias_lr=0.00017 head_lr=4100 main=0.9364
main hparams: muon_lr=0.0093 muon_momentum=0.7 bias_lr=0.00017 head_lr=4100 main=0.9363
main hparams: muon_lr=0.0093 muon_momentum=0 bias_lr=5.7e-05 head_lr=4100 main=0.9373
main hparams: muon_lr=0.0093 muon_momentum=0 bias_lr=1.9e-05 head_lr=4100 main=0.9373
main hparams: muon_lr=0.0093 muon_momentum=0 bias_lr=6.2e-06 head_lr=4100 main=0.9373
main hparams: muon_lr=0.0093 muon_momentum=0 bias_lr=2.1e-06 head_lr=4100 main=0.9375
main hparams: muon_lr=0.0093 muon_momentum=0 bias_lr=6.8e-07 head_lr=4100 main=0.9375
main hparams: muon_lr=0.0093 muon_momentum=0 bias_lr=2.2e-07 head_lr=4100 main=0.9373
main hparams: muon_lr=0.0093 muon_momentum=0 bias_lr=7.4e-08 head_lr=4100 main=0.9374
main hparams: muon_lr=0.0093 muon_momentum=0 bias_lr=2.4e-08 head_lr=4100 main=0.9375
main hparams: muon_lr=0.0093 muon_momentum=0 bias_lr=8.1e-09 head_lr=4100 main=0.9375
main hparams: muon_lr=0.0093 muon_momentum=0 bias_lr=2.7e-09 head_lr=4100 main=0.9373
main hparams: muon_lr=0.0093 muon_momentum=0 bias_lr=8.8e-10 head_lr=4100 main=0.9373
main hparams: muon_lr=0.0056 muon_momentum=0 bias_lr=2.1e-06 head_lr=4100 main=0.9362
main hparams: muon_lr=0.016 muon_momentum=0 bias_lr=2.1e-06 head_lr=4100 main=0.9373
main hparams: muon_lr=0.026 muon_momentum=0 bias_lr=2.1e-06 head_lr=4100 main=0.9354
main hparams: muon_lr=0.0093 muon_momentum=0.1 bias_lr=2.1e-06 head_lr=4100 main=0.9373
main hparams: muon_lr=0.0093 muon_momentum=0.2 bias_lr=2.1e-06 head_lr=4100 main=0.9369
main hparams: muon_lr=0.0093 muon_momentum=0.3 bias_lr=2.1e-06 head_lr=4100 main=0.9366
main hparams: muon_lr=0.0093 muon_momentum=0.4 bias_lr=2.1e-06 head_lr=4100 main=0.9366
main hparams: muon_lr=0.0093 muon_momentum=0.5 bias_lr=2.1e-06 head_lr=4100 main=0.9362
main hparams: muon_lr=0.0093 muon_momentum=0 bias_lr=0.00053 head_lr=4100 main=0.9372
main hparams: muon_lr=0.0093 muon_momentum=0 bias_lr=0.0016 head_lr=4100 main=0.9374
main hparams: muon_lr=0.0093 muon_momentum=0 bias_lr=0.0048 head_lr=4100 main=0.9373
main hparams: muon_lr=0.0093 muon_momentum=0 bias_lr=0.015 head_lr=4100 main=0.9374
main hparams: muon_lr=0.0093 muon_momentum=0 bias_lr=0.044 head_lr=4100 main=0.9373
main hparams: muon_lr=0.0093 muon_momentum=0 bias_lr=0.13 head_lr=4100 main=0.9373
main hparams: muon_lr=0.0093 muon_momentum=0 bias_lr=0.41 head_lr=4100 main=0.9375
main hparams: muon_lr=0.0093 muon_momentum=0 bias_lr=1.2 head_lr=4100 main=0.9376
main hparams: muon_lr=0.0093 muon_momentum=0 bias_lr=3.7 head_lr=4100 main=0.9373
main hparams: muon_lr=0.0093 muon_momentum=0 bias_lr=11 head_lr=4100 main=0.9374
main hparams: muon_lr=0.0093 muon_momentum=0 bias_lr=34 head_lr=4100 main=0.9357
main hparams: muon_lr=0.0056 muon_momentum=0 bias_lr=1.2 head_lr=4100 main=0.9361
main hparams: muon_lr=0.016 muon_momentum=0 bias_lr=1.2 head_lr=4100 main=0.9373
main hparams: muon_lr=0.026 muon_momentum=0 bias_lr=1.2 head_lr=4100 main=0.9348
main hparams: muon_lr=0.0093 muon_momentum=0.1 bias_lr=1.2 head_lr=4100 main=0.9373
main hparams: muon_lr=0.0093 muon_momentum=0.2 bias_lr=1.2 head_lr=4100 main=0.9375
main hparams: muon_lr=0.0093 muon_momentum=0.3 bias_lr=1.2 head_lr=4100 main=0.937
main hparams: muon_lr=0.0093 muon_momentum=0.4 bias_lr=1.2 head_lr=4100 main=0.9367
main hparams: muon_lr=0.0093 muon_momentum=0.5 bias_lr=1.2 head_lr=4100 main=0.9365
main hparams: muon_lr=0.0093 muon_momentum=0 bias_lr=1.2 head_lr=1300 main=0.9373
main hparams: muon_lr=0.0093 muon_momentum=0 bias_lr=1.2 head_lr=440 main=0.9371
main hparams: muon_lr=0.0093 muon_momentum=0 bias_lr=1.2 head_lr=150 main=0.9373
main hparams: muon_lr=0.0093 muon_momentum=0 bias_lr=1.2 head_lr=48 main=0.9372
main hparams: muon_lr=0.0093 muon_momentum=0 bias_lr=1.2 head_lr=16 main=0.9373
main hparams: muon_lr=0.0093 muon_momentum=0 bias_lr=1.2 head_lr=5.2 main=0.9373
main hparams: muon_lr=0.0093 muon_momentum=0 bias_lr=1.2 head_lr=1.7 main=0.9372
main hparams: muon_lr=0.0093 muon_momentum=0 bias_lr=1.2 head_lr=12000 main=0.9358
search_path step=0 muon_lr=0.026 muon_momentum=0.2 bias_lr=0.00017 head_lr=1300 tta_val_acc=0.934
search_path step=1 muon_lr=0.0093 muon_momentum=0.2 bias_lr=0.00017 head_lr=1300 tta_val_acc=0.9366
search_path step=2 muon_lr=0.0093 muon_momentum=0 bias_lr=0.00017 head_lr=1300 tta_val_acc=0.9369
search_path step=3 muon_lr=0.016 muon_momentum=0 bias_lr=0.00017 head_lr=1300 tta_val_acc=0.937
search_path step=4 muon_lr=0.016 muon_momentum=0 bias_lr=0.00017 head_lr=4100 tta_val_acc=0.9371
search_path step=5 muon_lr=0.0093 muon_momentum=0 bias_lr=0.00017 head_lr=4100 tta_val_acc=0.9374
search_path step=6 muon_lr=0.0093 muon_momentum=0 bias_lr=2.1e-06 head_lr=4100 tta_val_acc=0.9375
search_path step=7 muon_lr=0.0093 muon_momentum=0 bias_lr=1.2 head_lr=4100 tta_val_acc=0.9376
train_hparams run=0 interval=4 start_step=160 completed_steps=40 total_steps=200 muon_lr=0.0093 muon_momentum=0 bias_lr=1.2 head_lr=4100 muon_nesterov=False
train_loss run=0 interval=4 step=161 loss=0.947197
train_loss run=0 interval=4 step=162 loss=0.954982
train_loss run=0 interval=4 step=163 loss=0.948039
train_loss run=0 interval=4 step=164 loss=0.946192
train_loss run=0 interval=4 step=165 loss=0.954406
train_loss run=0 interval=4 step=166 loss=0.950306
train_loss run=0 interval=4 step=167 loss=0.954079
train_loss run=0 interval=4 step=168 loss=0.955434
train_loss run=0 interval=4 step=169 loss=0.952202
train_loss run=0 interval=4 step=170 loss=0.941051
train_loss run=0 interval=4 step=171 loss=0.949882
train_loss run=0 interval=4 step=172 loss=0.953296
train_loss run=0 interval=4 step=173 loss=0.951896
train_loss run=0 interval=4 step=174 loss=0.952244
train_loss run=0 interval=4 step=175 loss=0.937073
train_loss run=0 interval=4 step=176 loss=0.938465
train_loss run=0 interval=4 step=177 loss=0.939291
train_loss run=0 interval=4 step=178 loss=0.945466
train_loss run=0 interval=4 step=179 loss=0.942044
train_loss run=0 interval=4 step=180 loss=0.938432
train_loss run=0 interval=4 step=181 loss=0.937935
train_loss run=0 interval=4 step=182 loss=0.941787
train_loss run=0 interval=4 step=183 loss=0.938317
train_loss run=0 interval=4 step=184 loss=0.942536
train_loss run=0 interval=4 step=185 loss=0.93651
train_loss run=0 interval=4 step=186 loss=0.942248
train_loss run=0 interval=4 step=187 loss=0.948608
train_loss run=0 interval=4 step=188 loss=0.941993
train_loss run=0 interval=4 step=189 loss=0.941411
train_loss run=0 interval=4 step=190 loss=0.938571
train_loss run=0 interval=4 step=191 loss=0.939923
train_loss run=0 interval=4 step=192 loss=0.93384
train_loss run=0 interval=4 step=193 loss=0.941582
train_loss run=0 interval=4 step=194 loss=0.942366
train_loss run=0 interval=4 step=195 loss=0.937972
train_loss run=0 interval=4 step=196 loss=0.941662
train_loss run=0 interval=4 step=197 loss=0.940354
train_loss run=0 interval=4 step=198 loss=0.940352
train_loss run=0 interval=4 step=199 loss=0.933848
train_loss run=0 interval=4 step=200 loss=0.938985
Batch size:          2000
Train epochs:        8
Train steps:         200
N steps:             40
M cooldown steps:    40
Search hparams:      muon_lr,muon_momentum,bias_lr,head_lr
Cooldown hparams:    muon_lr,bias_lr,head_lr
Muon nesterov:       False
Val acc:             0.9267
TTA val acc:         0.9376
Run seconds:         2789.806
