{
  "depth": 8,
  "description": "ramp_03",
  "device_batch_size": 64,
  "grad_accum_steps": 1,
  "hparams": {
    "aspect_ratio": 64,
    "depth": 8,
    "embedding_lr": 0.8999999999999999,
    "embedding_wd": 0.001,
    "final_lr_frac": 0.05,
    "head_dim": 128,
    "init_scale": 1.0,
    "lm_head_wd": 0.01,
    "matrix_lr": 0.06,
    "muon_momentum_warmup_steps": 300,
    "rope_base": 10000,
    "scalar_lr": 0.75,
    "total_batch_size": 131072,
    "unembedding_lr": 0.006,
    "value_embedding_wd": 0.003,
    "warmdown_ratio": 0.7,
    "warmup_ratio": 0.0,
    "weight_decay": 0.1,
    "window_sizes": [
      128,
      128,
      256,
      256,
      512,
      512,
      1024,
      1024
    ],
    "x0_init": 0.1
  },
  "mfu_percent": 11.882194324892387,
  "model_config": {
    "init_scale": 1.0,
    "n_embd": 512,
    "n_head": 4,
    "n_kv_head": 4,
    "n_layer": 8,
    "rope_base": 10000,
    "sequence_len": 2048,
    "vocab_size": 8192,
    "window_sizes": [
      128,
      128,
      256,
      256,
      512,
      512,
      1024,
      1024
    ],
    "x0_init": 0.1
  },
  "num_params_M": 50.332176,
  "num_steps": 1358,
  "peak_vram_mb": 22652.44873046875,
  "total_seconds": 360.92268466949463,
  "total_tokens_M": 177.995776,
  "training_seconds": 300.1849684715271,
  "val_bpb": 1.0395387281135196
}
